tourney_id,tourney_name,surface,draw_size,tourney_level,indoor,tourney_date,match_num,winner_id,winner_seed,winner_entry,winner_name,winner_hand,winner_ht,winner_ioc,winner_age,winner_rank,winner_rank_points,loser_id,loser_seed,loser_entry,loser_name,loser_hand,loser_ht,loser_ioc,loser_age,loser_rank,loser_rank_points,score,best_of,round,minutes,w_ace,w_df,w_svpt,w_1stIn,w_1stWon,w_2ndWon,w_SvGms,w_bpSaved,w_bpFaced,l_ace,l_df,l_svpt,l_1stIn,l_1stWon,l_2ndWon,l_SvGms,l_bpSaved,l_bpFaced
2023-9900,United Cup,Hard,18,A,O,20230102,1,GH92,,,Borna Gojo,R,196.0,CRO,24.846,144.0,381.0,CE77,,,Federico Coria,R,180.0,ARG,30.817,75.0,695.0,7-6(5) 6-4,3,RR,97.0,6.0,3.0,66.0,47.0,37.0,10.0,11.0,0.0,0.0,0.0,0.0,81.0,50.0,37.0,15.0,11.0,3.0,4.0
2023-9900,United Cup,Hard,18,A,O,20230102,2,CG80,8.0,,Borna Coric,R,188.0,CRO,26.133,26.0,1685.0,C0AU,17.0,,Francisco Cerundolo,R,185.0,ARG,24.389,30.0,1395.0,7-5 6-4,3,RR,128.0,4.0,2.0,81.0,51.0,37.0,12.0,11.0,8.0,10.0,2.0,1.0,70.0,50.0,31.0,8.0,11.0,5.0,9.0
2023-9900,United Cup,Hard,18,A,O,20230102,3,ME82,,,Adrian Mannarino,L,180.0,FRA,34.511,46.0,946.0,CE77,,,Federico Coria,R,180.0,ARG,30.817,75.0,695.0,6-1 6-0,3,RR,62.0,6.0,0.0,44.0,30.0,23.0,7.0,7.0,2.0,3.0,2.0,2.0,56.0,37.0,16.0,5.0,6.0,4.0,10.0
2023-9900,United Cup,Hard,18,A,O,20230102,4,RC91,6.0,,Arthur Rinderknech,R,196.0,FRA,27.447,44.0,952.0,C0AU,17.0,,Francisco Cerundolo,R,185.0,ARG,24.389,30.0,1395.0,6-4 6-2,3,RR,,2.0,1.0,64.0,43.0,30.0,11.0,9.0,0.0,0.0,1.0,3.0,57.0,37.0,22.0,10.0,9.0,4.0,7.0
2023-9900,United Cup,Hard,18,A,O,20230102,5,GH92,,,Borna Gojo,R,196.0,CRO,24.846,144.0,381.0,ME82,,,Adrian Mannarino,L,180.0,FRA,34.511,46.0,946.0,7-6(5) 3-6 7-6(5),3,RR,170.0,14.0,4.0,110.0,72.0,57.0,17.0,16.0,1.0,4.0,9.0,1.0,104.0,63.0,51.0,21.0,17.0,3.0,5.0
2023-9900,United Cup,Hard,18,A,O,20230102,6,CG80,8.0,,Borna Coric,R,188.0,CRO,26.133,26.0,1685.0,RC91,6.0,,Arthur Rinderknech,R,196.0,FRA,27.447,44.0,952.0,7-6(1) 7-6(2),3,RR,113.0,10.0,1.0,65.0,43.0,40.0,15.0,12.0,1.0,2.0,8.0,3.0,81.0,51.0,36.0,17.0,12.0,2.0,3.0
2023-9900,United Cup,Hard,18,A,O,20230102,7,MW75,,,Felipe Meligeni Alves,R,185.0,BRA,24.868,166.0,343.0,DC76,,,Viktor Durasovic,R,185.0,NOR,25.791,343.0,143.0,6-3 6-3,3,RR,87.0,5.0,0.0,59.0,41.0,31.0,11.0,9.0,1.0,1.0,11.0,5.0,73.0,41.0,28.0,11.0,9.0,3.0,6.0
2023-9900,United Cup,Hard,18,A,O,20230102,8,RH16,18.0,,Casper Ruud,R,183.0,NOR,24.03,3.0,5820.0,MJ08,11.0,,Thiago Monteiro,L,183.0,BRA,28.591,71.0,738.0,6-3 6-2,3,RR,71.0,8.0,1.0,49.0,36.0,24.0,8.0,9.0,2.0,4.0,2.0,5.0,41.0,27.0,16.0,3.0,8.0,1.0,6.0
2023-9900,United Cup,Hard,18,A,O,20230102,9,M0EJ,,,Lorenzo Musetti,R,185.0,ITA,20.835,23.0,1865.0,DC76,,,Viktor Durasovic,R,185.0,NOR,25.791,343.0,143.0,7-6(7) 6-3,3,RR,108.0,7.0,1.0,69.0,42.0,35.0,16.0,11.0,1.0,2.0,6.0,3.0,81.0,45.0,28.0,19.0,10.0,8.0,10.0
2023-9900,United Cup,Hard,18,A,O,20230102,10,BK40,5.0,,Matteo Berrettini,R,196.0,ITA,26.724,16.0,2375.0,RH16,18.0,,Casper Ruud,R,183.0,NOR,24.03,3.0,5820.0,6-4 6-4,3,RR,86.0,10.0,2.0,60.0,40.0,35.0,9.0,10.0,2.0,2.0,4.0,0.0,52.0,41.0,31.0,4.0,10.0,0.0,2.0
2023-9900,United Cup,Hard,18,A,O,20230102,11,M0EJ,,,Lorenzo Musetti,R,185.0,ITA,20.835,23.0,1865.0,MW75,,,Felipe Meligeni Alves,R,185.0,BRA,24.868,166.0,343.0,6-3 6-4,3,RR,,9.0,1.0,55.0,31.0,22.0,15.0,10.0,1.0,3.0,1.0,2.0,50.0,33.0,19.0,8.0,9.0,0.0,4.0
2023-9900,United Cup,Hard,18,A,O,20230102,12,BK40,5.0,,Matteo Berrettini,R,196.0,ITA,26.724,16.0,2375.0,MJ08,11.0,,Thiago Monteiro,L,183.0,BRA,28.591,71.0,738.0,6-4 7-6(7),3,RR,115.0,15.0,1.0,64.0,43.0,38.0,14.0,11.0,0.0,0.0,4.0,2.0,72.0,43.0,31.0,20.0,11.0,1.0,2.0
2023-9900,United Cup,Hard,18,A,O,20230102,13,KB95,,,Jason Kubler,R,178.0,AUS,29.624,107.0,538.0,E687,,,Daniel Evans,R,175.0,GBR,32.613,27.0,1585.0,6-3 7-6(3),3,RR,110.0,11.0,1.0,67.0,42.0,30.0,15.0,11.0,2.0,4.0,3.0,2.0,64.0,36.0,26.0,13.0,10.0,1.0,4.0
2023-9900,United Cup,Hard,18,A,O,20230102,14,N771,15.0,,Cameron Norrie,L,188.0,GBR,27.362,14.0,2445.0,DH58,7.0,,Alex de Minaur,R,183.0,AUS,23.874,24.0,1790.0,6-3 6-3,3,RR,,4.0,1.0,56.0,30.0,26.0,14.0,9.0,4.0,4.0,3.0,1.0,55.0,28.0,19.0,14.0,9.0,6.0,9.0
2023-9900,United Cup,Hard,18,A,O,20230102,15,E687,,,Daniel Evans,R,175.0,GBR,32.613,27.0,1585.0,R772,,,Albert Ramos-Vinolas,L,188.0,ESP,34.96,39.0,1075.0,6-3 1-6 6-3,3,RR,139.0,5.0,1.0,73.0,41.0,32.0,15.0,13.0,2.0,5.0,3.0,3.0,82.0,49.0,32.0,14.0,12.0,4.0,7.0
2023-9900,United Cup,Hard,18,A,O,20230102,16,N771,15.0,,Cameron Norrie,L,188.0,GBR,27.362,14.0,2445.0,N409,4.0,,Rafael Nadal,L,185.0,ESP,36.583,2.0,6020.0,3-6 6-3 6-4,3,RR,164.0,6.0,2.0,88.0,57.0,42.0,18.0,14.0,5.0,6.0,10.0,4.0,95.0,55.0,40.0,21.0,14.0,9.0,11.0
2023-9900,United Cup,Hard,18,A,O,20230102,17,KB95,,,Jason Kubler,R,178.0,AUS,29.624,107.0,538.0,R772,,,Albert Ramos-Vinolas,L,188.0,ESP,34.96,39.0,1075.0,6-3 4-6 6-3,3,RR,129.0,10.0,2.0,78.0,50.0,41.0,14.0,14.0,1.0,3.0,4.0,2.0,82.0,46.0,33.0,19.0,14.0,1.0,5.0
2023-9900,United Cup,Hard,18,A,O,20230102,18,DH58,7.0,,Alex de Minaur,R,183.0,AUS,23.874,24.0,1790.0,N409,4.0,,Rafael Nadal,L,185.0,ESP,36.583,2.0,6020.0,3-6 6-1 7-5,3,RR,162.0,3.0,6.0,100.0,62.0,39.0,19.0,14.0,8.0,12.0,2.0,4.0,92.0,56.0,34.0,16.0,14.0,7.0,13.0
2023-9900,United Cup,Hard,18,A,O,20230102,19,O449,,,Oscar Otte,R,193.0,GER,29.465,76.0,691.0,S0GD,,,Dalibor Svrcina,R,178.0,CZE,20.252,222.0,249.0,7-6(1) 6-2,3,RR,109.0,7.0,2.0,67.0,35.0,23.0,15.0,10.0,6.0,10.0,0.0,2.0,73.0,46.0,24.0,10.0,10.0,1.0,7.0
2023-9900,United Cup,Hard,18,A,O,20230102,20,L0BV,14.0,,Jiri Lehecka,R,185.0,CZE,21.15,81.0,646.0,Z355,10.0,,Alexander Zverev,R,198.0,GER,25.703,12.0,2700.0,6-4 6-2,3,RR,92.0,5.0,3.0,67.0,47.0,36.0,8.0,9.0,6.0,7.0,1.0,8.0,56.0,34.0,22.0,8.0,9.0,4.0,8.0
2023-9900,United Cup,Hard,18,A,O,20230102,21,TD51,,,Frances Tiafoe,R,188.0,USA,24.95,19.0,2000.0,M0FH,,,Tomas Machac,R,183.0,CZE,22.22,97.0,580.0,6-3 2-4 RET,3,RR,80.0,4.0,1.0,55.0,36.0,24.0,10.0,8.0,2.0,4.0,6.0,5.0,59.0,37.0,27.0,6.0,7.0,3.0,5.0
2023-9900,United Cup,Hard,18,A,O,20230102,22,FB98,3.0,,Taylor Fritz,R,196.0,USA,25.18,9.0,3355.0,L0BV,14.0,,Jiri Lehecka,R,185.0,CZE,21.15,81.0,646.0,6-3 6-4,3,RR,,5.0,3.0,68.0,41.0,32.0,14.0,10.0,2.0,2.0,4.0,1.0,48.0,31.0,24.0,8.0,9.0,1.0,3.0
2023-9900,United Cup,Hard,18,A,O,20230102,23,TD51,,,Frances Tiafoe,R,188.0,USA,24.95,19.0,2000.0,O449,,,Oscar Otte,R,193.0,GER,29.465,76.0,691.0,7-5 6-4,3,RR,75.0,9.0,3.0,56.0,30.0,29.0,16.0,11.0,0.0,0.0,10.0,0.0,58.0,30.0,23.0,18.0,11.0,0.0,2.0
2023-9900,United Cup,Hard,18,A,O,20230102,24,FB98,3.0,,Taylor Fritz,R,196.0,USA,25.18,9.0,3355.0,Z355,10.0,,Alexander Zverev,R,198.0,GER,25.703,12.0,2700.0,6-1 6-4,3,RR,64.0,8.0,4.0,45.0,27.0,26.0,11.0,9.0,1.0,1.0,3.0,5.0,60.0,48.0,31.0,3.0,8.0,3.0,6.0
2023-9900,United Cup,Hard,18,A,O,20230102,25,HH06,,,Marc-Andrea Huesler,L,196.0,SUI,26.524,56.0,818.0,S0GR,,,Timofey Skatov,R,173.0,KAZ,21.947,142.0,387.0,4-6 6-3 6-3,3,RR,,6.0,1.0,99.0,67.0,48.0,16.0,14.0,6.0,7.0,4.0,2.0,88.0,61.0,41.0,13.0,14.0,4.0,7.0
2023-9900,United Cup,Hard,18,A,O,20230102,26,W367,9.0,,Stan Wawrinka,R,183.0,SUI,37.766,148.0,377.0,BK92,13.0,,Alexander Bublik,R,196.0,KAZ,25.544,37.0,1130.0,6-3 7-6(3),3,RR,90.0,10.0,0.0,63.0,34.0,29.0,19.0,11.0,0.0,0.0,7.0,2.0,59.0,42.0,33.0,8.0,10.0,3.0,4.0
2023-9900,United Cup,Hard,18,A,O,20230102,27,S0GR,,,Timofey Skatov,R,173.0,KAZ,21.947,142.0,387.0,M0E1,,,Daniel Michalski,R,180.0,POL,22.976,260.0,204.0,7-6(7) 6-2,3,RR,131.0,3.0,1.0,78.0,55.0,44.0,11.0,10.0,5.0,5.0,2.0,2.0,93.0,62.0,41.0,14.0,10.0,8.0,10.0
2023-9900,United Cup,Hard,18,A,O,20230102,28,HB71,2.0,,Hubert Hurkacz,R,196.0,POL,25.889,10.0,2905.0,BK92,13.0,,Alexander Bublik,R,196.0,KAZ,25.544,37.0,1130.0,7-6(8) 4-6 6-3,3,RR,129.0,18.0,4.0,94.0,58.0,52.0,20.0,16.0,3.0,4.0,15.0,8.0,104.0,62.0,50.0,23.0,15.0,3.0,4.0
2023-9900,United Cup,Hard,18,A,O,20230102,29,HH06,,,Marc-Andrea Huesler,L,196.0,SUI,26.524,56.0,818.0,M0E1,,,Daniel Michalski,R,180.0,POL,22.976,260.0,204.0,6-3 6-2,3,RR,72.0,3.0,1.0,52.0,31.0,27.0,11.0,9.0,0.0,0.0,0.0,2.0,46.0,34.0,20.0,5.0,8.0,0.0,3.0
2023-9900,United Cup,Hard,18,A,O,20230102,30,HB71,2.0,,Hubert Hurkacz,R,196.0,POL,25.889,10.0,2905.0,W367,9.0,,Stan Wawrinka,R,183.0,SUI,37.766,148.0,377.0,7-6(5) 6-4,3,RR,99.0,11.0,0.0,62.0,32.0,25.0,23.0,11.0,1.0,2.0,9.0,3.0,67.0,33.0,26.0,21.0,11.0,1.0,3.0
2023-9900,United Cup,Hard,18,A,O,20230102,31,KC33,,,Dimitar Kuzmanov,R,183.0,BUL,29.432,196.0,282.0,BU13,,,Zizou Bergs,R,185.0,BEL,23.584,129.0,435.0,6-2 6-0,3,RR,87.0,2.0,0.0,48.0,33.0,21.0,12.0,7.0,3.0,3.0,4.0,4.0,56.0,31.0,13.0,11.0,7.0,2.0,7.0
2023-9900,United Cup,Hard,18,A,O,20230102,32,D875,16.0,,Grigor Dimitrov,R,191.0,BUL,31.633,28.0,1460.0,GB88,12.0,,David Goffin,R,180.0,BEL,32.071,53.0,870.0,6-4 7-5,3,RR,102.0,10.0,7.0,72.0,48.0,38.0,9.0,11.0,6.0,8.0,2.0,2.0,64.0,33.0,22.0,16.0,11.0,3.0,7.0
2023-9900,United Cup,Hard,18,A,O,20230102,33,KC33,,,Dimitar Kuzmanov,R,183.0,BUL,29.432,196.0,282.0,PM13,,,Michail Pervolarakis,R,193.0,GRE,26.574,506.0,70.0,6-1 6-1,3,RR,67.0,2.0,2.0,36.0,20.0,18.0,11.0,7.0,1.0,1.0,2.0,5.0,48.0,26.0,14.0,6.0,7.0,3.0,8.0
2023-9900,United Cup,Hard,18,A,O,20230102,34,TE51,1.0,,Stefanos Tsitsipas,R,193.0,GRE,24.392,4.0,5550.0,D875,16.0,,Grigor Dimitrov,R,191.0,BUL,31.633,28.0,1460.0,4-6 6-2 7-6(4),3,RR,,12.0,1.0,95.0,72.0,56.0,12.0,15.0,8.0,9.0,11.0,2.0,87.0,55.0,44.0,19.0,15.0,6.0,8.0
2023-9900,United Cup,Hard,18,A,O,20230102,35,S0KT,,,Stefanos Sakellaridis,R,198.0,GRE,18.303,803.0,23.0,BU13,,,Zizou Bergs,R,185.0,BEL,23.584,129.0,435.0,5-7 6-1 6-3,3,RR,133.0,8.0,1.0,86.0,50.0,37.0,21.0,14.0,4.0,5.0,1.0,5.0,86.0,52.0,33.0,16.0,14.0,3.0,7.0
2023-9900,United Cup,Hard,18,A,O,20230102,36,TE51,1.0,,Stefanos Tsitsipas,R,193.0,GRE,24.392,4.0,5550.0,GB88,12.0,,David Goffin,R,180.0,BEL,32.071,53.0,870.0,6-3 6-2,3,RR,78.0,12.0,1.0,61.0,39.0,27.0,12.0,9.0,4.0,5.0,2.0,1.0,49.0,33.0,22.0,4.0,8.0,2.0,6.0
2023-9900,United Cup,Hard,18,A,O,20230102,37,TD51,,,Frances Tiafoe,R,188.0,USA,24.95,19.0,2000.0,E687,,,Daniel Evans,R,175.0,GBR,32.613,27.0,1585.0,3-6 7-5 6-3,3,RR,132.0,10.0,1.0,87.0,46.0,32.0,24.0,15.0,7.0,10.0,9.0,3.0,82.0,46.0,35.0,17.0,15.0,5.0,9.0
2023-9900,United Cup,Hard,18,A,O,20230102,38,N771,15.0,,Cameron Norrie,L,188.0,GBR,27.362,14.0,2445.0,FB98,3.0,,Taylor Fritz,R,196.0,USA,25.18,9.0,3355.0,6-4 5-7 6-4,3,RR,136.0,7.0,0.0,91.0,69.0,53.0,9.0,16.0,5.0,8.0,16.0,2.0,95.0,58.0,39.0,21.0,16.0,4.0,8.0
2023-9900,United Cup,Hard,18,A,O,20230102,39,M0EJ,,,Lorenzo Musetti,R,185.0,ITA,20.835,23.0,1865.0,M0E1,,,Daniel Michalski,R,180.0,POL,22.976,260.0,204.0,6-1 6-1,3,RR,57.0,8.0,0.0,31.0,18.0,17.0,11.0,7.0,0.0,0.0,1.0,1.0,40.0,28.0,12.0,5.0,7.0,4.0,9.0
2023-9900,United Cup,Hard,18,A,O,20230102,40,BK40,5.0,,Matteo Berrettini,R,196.0,ITA,26.724,16.0,2375.0,HB71,2.0,,Hubert Hurkacz,R,196.0,POL,25.889,10.0,2905.0,6-4 3-6 6-3,3,RR,116.0,11.0,1.0,77.0,49.0,37.0,18.0,14.0,2.0,4.0,12.0,1.0,79.0,49.0,36.0,16.0,14.0,1.0,4.0
2023-9900,United Cup,Hard,18,A,O,20230102,41,GH92,,,Borna Gojo,R,196.0,CRO,24.846,144.0,381.0,S0KT,,,Stefanos Sakellaridis,R,198.0,GRE,18.303,803.0,23.0,6-4 6-2,3,RR,89.0,4.0,1.0,50.0,30.0,27.0,11.0,9.0,1.0,1.0,4.0,1.0,78.0,50.0,30.0,12.0,9.0,6.0,9.0
2023-9900,United Cup,Hard,18,A,O,20230102,42,TE51,1.0,,Stefanos Tsitsipas,R,193.0,GRE,24.392,4.0,5550.0,CG80,8.0,,Borna Coric,R,188.0,CRO,26.133,26.0,1685.0,6-0 6-7(4) 7-5,3,RR,151.0,20.0,1.0,94.0,60.0,45.0,20.0,15.0,5.0,6.0,7.0,2.0,88.0,59.0,44.0,10.0,15.0,2.0,7.0
2023-9900,United Cup,Hard,18,A,O,20230102,43,M0EJ,,,Lorenzo Musetti,R,185.0,ITA,20.835,23.0,1865.0,S0KT,,,Stefanos Sakellaridis,R,198.0,GRE,18.303,803.0,23.0,6-1 6-1,3,SF,62.0,2.0,1.0,41.0,25.0,18.0,12.0,7.0,1.0,1.0,2.0,1.0,43.0,26.0,15.0,5.0,7.0,4.0,9.0
2023-9900,United Cup,Hard,18,A,O,20230102,44,TE51,1.0,,Stefanos Tsitsipas,R,193.0,GRE,24.392,4.0,5550.0,BK40,5.0,,Matteo Berrettini,R,196.0,ITA,26.724,16.0,2375.0,4-6 7-6(2) 6-4,3,SF,155.0,9.0,1.0,98.0,52.0,43.0,28.0,16.0,1.0,2.0,7.0,2.0,89.0,58.0,48.0,18.0,16.0,1.0,2.0
2023-9900,United Cup,Hard,18,A,O,20230102,45,TD51,,,Frances Tiafoe,R,188.0,USA,24.95,19.0,2000.0,Z09D,,,Kacper Zuk,R,183.0,POL,23.948,245.0,220.0,6-3 6-3,3,SF,79.0,5.0,4.0,61.0,37.0,31.0,11.0,9.0,5.0,5.0,3.0,3.0,68.0,41.0,26.0,12.0,9.0,6.0,9.0
2023-9900,United Cup,Hard,18,A,O,20230102,46,FB98,3.0,,Taylor Fritz,R,196.0,USA,25.18,9.0,3355.0,HB71,2.0,,Hubert Hurkacz,R,196.0,POL,25.889,10.0,2905.0,7-6(5) 7-6(5),3,SF,104.0,11.0,0.0,80.0,50.0,44.0,19.0,12.0,4.0,4.0,17.0,1.0,82.0,62.0,51.0,7.0,12.0,2.0,2.0
2023-9900,United Cup,Hard,18,A,O,20230102,47,TD51,,,Frances Tiafoe,R,188.0,USA,24.95,19.0,2000.0,M0EJ,,,Lorenzo Musetti,R,185.0,ITA,20.835,23.0,1865.0,6-2 RET,3,F,34.0,3.0,1.0,27.0,19.0,15.0,3.0,4.0,3.0,3.0,0.0,0.0,21.0,12.0,8.0,3.0,4.0,1.0,3.0
2023-9900,United Cup,Hard,18,A,O,20230102,48,FB98,3.0,,Taylor Fritz,R,196.0,USA,25.18,9.0,3355.0,BK40,5.0,,Matteo Berrettini,R,196.0,ITA,26.724,16.0,2375.0,7-6(4) 7-6(6),3,F,135.0,15.0,2.0,85.0,52.0,45.0,16.0,12.0,0.0,0.0,7.0,2.0,97.0,62.0,47.0,15.0,12.0,9.0,9.0
2023-2843,Adelaide-1,Hard,32,250,O,20230102,1,P09Z,,Q,Alexei Popyrin,R,196.0,AUS,23.411,120.0,469.0,AG37,2.0,,Felix Auger-Aliassime,R,193.0,CAN,22.401,6.0,4195.0,6-4 7-6(5),3,R32,114.0,11.0,2.0,67.0,45.0,35.0,13.0,11.0,1.0,2.0,7.0,2.0,66.0,45.0,33.0,11.0,11.0,2.0,4.0
2023-2843,Adelaide-1,Hard,32,250,O,20230102,2,GC88,,,Marcos Giron,R,180.0,USA,29.443,61.0,776.0,G628,,,Richard Gasquet,R,183.0,FRA,36.542,68.0,740.0,7-6(5) 6-7(6) 7-5,3,R32,177.0,13.0,2.0,110.0,76.0,59.0,23.0,18.0,2.0,3.0,10.0,4.0,139.0,74.0,51.0,38.0,18.0,10.0,12.0
2023-2843,Adelaide-1,Hard,32,250,O,20230102,3,MK66,,,Mackenzie McDonald,R,178.0,USA,27.715,63.0,775.0,GE33,,,Daniel Elahi Galan,R,191.0,COL,26.541,67.0,741.0,6-3 RET,3,R32,40.0,4.0,1.0,20.0,14.0,14.0,2.0,4.0,0.0,0.0,2.0,1.0,39.0,25.0,16.0,6.0,5.0,0.0,2.0
2023-2843,Adelaide-1,Hard,32,250,O,20230102,4,N732,,,Yoshihito Nishioka,L,170.0,JPN,27.266,36.0,1134.0,R0DG,5.0,,Holger Rune,R,188.0,DEN,19.68,11.0,2888.0,2-6 6-4 6-4,3,R32,125.0,0.0,8.0,86.0,54.0,36.0,16.0,14.0,5.0,9.0,14.0,8.0,95.0,57.0,40.0,16.0,14.0,7.0,11.0
2023-2843,Adelaide-1,Hard,32,250,O,20230102,5,BD06,,,Roberto Bautista Agut,R,183.0,ESP,34.719,21.0,1940.0,RE44,4.0,,Andrey Rublev,R,188.0,RUS,25.202,8.0,3930.0,4-6 6-3 6-4,3,R32,109.0,8.0,1.0,79.0,54.0,40.0,17.0,15.0,2.0,4.0,15.0,6.0,81.0,52.0,40.0,11.0,14.0,2.0,5.0
2023-2843,Adelaide-1,Hard,32,250,O,20230102,6,K0AH,,,Sebastian Korda,R,196.0,USA,22.494,33.0,1175.0,MC10,,,Andy Murray,R,191.0,GBR,35.636,49.0,920.0,7-6(3) 6-3,3,R32,116.0,12.0,1.0,64.0,39.0,34.0,14.0,11.0,4.0,5.0,3.0,2.0,69.0,36.0,27.0,14.0,10.0,3.0,5.0
2023-2843,Adelaide-1,Hard,32,250,O,20230102,7,KD46,,WC,Thanasi Kokkinakis,R,193.0,AUS,26.73,93.0,592.0,C0BC,,,Maxime Cressy,R,201.0,USA,25.654,34.0,1163.0,7-6(4) 7-6(7),3,R32,131.0,21.0,0.0,72.0,52.0,45.0,13.0,12.0,3.0,4.0,20.0,8.0,82.0,50.0,38.0,19.0,12.0,5.0,6.0
2023-2843,Adelaide-1,Hard,32,250,O,20230102,8,S0AG,6.0,,Jannik Sinner,R,191.0,ITA,21.38,15.0,2410.0,E831,,PR,Kyle Edmund,R,188.0,GBR,27.984,582.0,52.0,6-3 6-2,3,R32,65.0,5.0,1.0,41.0,25.0,23.0,13.0,9.0,0.0,0.0,1.0,2.0,48.0,21.0,15.0,11.0,8.0,1.0,4.0
2023-2843,Adelaide-1,Hard,32,250,O,20230102,9,KE29,8.0,,Karen Khachanov,R,198.0,RUS,26.617,20.0,1990.0,CG04,,,Pedro Cachin,R,185.0,ARG,27.726,57.0,813.0,6-2 6-4,3,R32,85.0,6.0,3.0,61.0,34.0,30.0,12.0,9.0,6.0,7.0,3.0,2.0,57.0,40.0,24.0,6.0,9.0,8.0,12.0
2023-2843,Adelaide-1,Hard,32,250,O,20230102,10,D0CO,,,Jack Draper,L,193.0,GBR,21.029,42.0,990.0,KF17,,Q,Soonwoo Kwon,R,180.0,KOR,25.084,83.0,630.0,6-2 6-1,3,R32,68.0,8.0,2.0,35.0,18.0,16.0,13.0,7.0,3.0,3.0,2.0,3.0,52.0,24.0,12.0,10.0,8.0,7.0,12.0
2023-2843,Adelaide-1,Hard,32,250,O,20230102,11,KI95,,,Miomir Kecmanovic,R,183.0,SRB,23.34,29.0,1420.0,O483,,WC,Christopher O'Connell,R,183.0,AUS,28.583,78.0,652.0,6-4 6-4,3,R32,94.0,4.0,4.0,74.0,42.0,24.0,23.0,10.0,5.0,6.0,9.0,2.0,55.0,31.0,23.0,9.0,10.0,2.0,5.0
2023-2843,Adelaide-1,Hard,32,250,O,20230102,12,MM58,3.0,,Daniil Medvedev,R,198.0,RUS,26.891,7.0,4065.0,SU87,,,Lorenzo Sonego,R,191.0,ITA,27.647,45.0,950.0,7-6(6) 2-1 RET,3,R32,102.0,5.0,2.0,70.0,45.0,30.0,15.0,8.0,9.0,10.0,1.0,1.0,57.0,32.0,25.0,11.0,7.0,3.0,4.0
2023-2843,Adelaide-1,Hard,32,250,O,20230102,13,SU55,7.0,,Denis Shapovalov,L,185.0,CAN,23.718,18.0,2075.0,H0BH,,Q,Rinky Hijikata,R,178.0,AUS,21.856,164.0,344.0,2-6 6-4 6-3,3,R32,120.0,7.0,9.0,77.0,42.0,30.0,18.0,13.0,5.0,8.0,2.0,5.0,93.0,58.0,43.0,12.0,14.0,8.0,12.0
2023-2843,Adelaide-1,Hard,32,250,O,20230102,14,SX50,,Q,Roman Safiullin,R,185.0,RUS,25.405,88.0,606.0,Y268,,,Mikael Ymer,R,185.0,SWE,24.315,69.0,739.0,6-4 6-2,3,R32,94.0,4.0,3.0,65.0,40.0,31.0,13.0,9.0,5.0,5.0,2.0,3.0,61.0,36.0,20.0,13.0,9.0,5.0,8.0
2023-2843,Adelaide-1,Hard,32,250,O,20230102,15,HB64,,,Quentin Halys,R,191.0,FRA,26.185,64.0,767.0,TC61,,WC,Jordan Thompson,R,183.0,AUS,28.704,84.0,626.0,6-3 6-4,3,R32,76.0,14.0,2.0,47.0,30.0,27.0,13.0,10.0,0.0,0.0,5.0,4.0,65.0,38.0,26.0,12.0,9.0,3.0,5.0
2023-2843,Adelaide-1,Hard,32,250,O,20230102,16,D643,1.0,,Novak Djokovic,R,188.0,SRB,35.617,5.0,4820.0,LB66,,,Constant Lestienne,R,180.0,FRA,30.612,65.0,760.0,6-3 6-2,3,R32,74.0,4.0,2.0,47.0,29.0,25.0,13.0,9.0,1.0,1.0,3.0,1.0,56.0,39.0,22.0,10.0,8.0,5.0,8.0
2023-2843,Adelaide-1,Hard,32,250,O,20230102,17,P09Z,,Q,Alexei Popyrin,R,196.0,AUS,23.411,120.0,469.0,GC88,,,Marcos Giron,R,180.0,USA,29.443,61.0,776.0,4-6 6-4 6-3,3,R16,112.0,16.0,1.0,83.0,58.0,49.0,13.0,15.0,2.0,3.0,4.0,0.0,79.0,61.0,43.0,11.0,14.0,1.0,3.0
2023-2843,Adelaide-1,Hard,32,250,O,20230102,18,N732,,,Yoshihito Nishioka,L,170.0,JPN,27.266,36.0,1134.0,MK66,,,Mackenzie McDonald,R,178.0,USA,27.715,63.0,775.0,6-4 6-3,3,R16,95.0,0.0,2.0,72.0,49.0,29.0,17.0,9.0,4.0,4.0,3.0,2.0,57.0,36.0,26.0,8.0,10.0,1.0,4.0
2023-2843,Adelaide-1,Hard,32,250,O,20230102,19,K0AH,,,Sebastian Korda,R,196.0,USA,22.494,33.0,1175.0,BD06,,,Roberto Bautista Agut,R,183.0,ESP,34.719,21.0,1940.0,6-4 6-4,3,R16,73.0,12.0,0.0,57.0,41.0,33.0,10.0,10.0,2.0,2.0,5.0,3.0,47.0,26.0,20.0,12.0,10.0,0.0,2.0
2023-2843,Adelaide-1,Hard,32,250,O,20230102,20,S0AG,6.0,,Jannik Sinner,R,191.0,ITA,21.38,15.0,2410.0,KD46,,WC,Thanasi Kokkinakis,R,193.0,AUS,26.73,93.0,592.0,7-6(2) 6-4,3,R16,122.0,5.0,2.0,78.0,58.0,40.0,12.0,11.0,6.0,7.0,9.0,3.0,72.0,45.0,33.0,13.0,11.0,1.0,3.0
2023-2843,Adelaide-1,Hard,32,250,O,20230102,21,KE29,8.0,,Karen Khachanov,R,198.0,RUS,26.617,20.0,1990.0,D0CO,,,Jack Draper,L,193.0,GBR,21.029,42.0,990.0,6-4 6-2,3,R16,91.0,7.0,1.0,53.0,39.0,32.0,9.0,9.0,1.0,1.0,6.0,3.0,67.0,36.0,20.0,17.0,9.0,6.0,9.0
2023-2843,Adelaide-1,Hard,32,250,O,20230102,22,MM58,3.0,,Daniil Medvedev,R,198.0,RUS,26.891,7.0,4065.0,KI95,,,Miomir Kecmanovic,R,183.0,SRB,23.34,29.0,1420.0,6-0 6-3,3,R16,67.0,7.0,3.0,51.0,38.0,29.0,7.0,8.0,1.0,1.0,0.0,0.0,42.0,31.0,13.0,6.0,7.0,3.0,7.0
2023-2843,Adelaide-1,Hard,32,250,O,20230102,23,SU55,7.0,,Denis Shapovalov,L,185.0,CAN,23.718,18.0,2075.0,SX50,,Q,Roman Safiullin,R,185.0,RUS,25.405,88.0,606.0,6-4 6-3,3,R16,81.0,7.0,2.0,44.0,25.0,21.0,13.0,9.0,0.0,1.0,3.0,3.0,70.0,45.0,29.0,11.0,10.0,7.0,11.0
2023-2843,Adelaide-1,Hard,32,250,O,20230102,24,D643,1.0,,Novak Djokovic,R,188.0,SRB,35.617,5.0,4820.0,HB64,,,Quentin Halys,R,191.0,FRA,26.185,64.0,767.0,7-6(3) 7-6(5),3,R16,115.0,10.0,4.0,76.0,50.0,44.0,14.0,12.0,0.0,1.0,11.0,2.0,82.0,48.0,39.0,16.0,12.0,4.0,5.0
2023-2843,Adelaide-1,Hard,32,250,O,20230102,25,N732,,,Yoshihito Nishioka,L,170.0,JPN,27.266,36.0,1134.0,P09Z,,Q,Alexei Popyrin,R,196.0,AUS,23.411,120.0,469.0,7-6(4) 6-7(8) 6-2,3,QF,166.0,2.0,1.0,106.0,75.0,57.0,19.0,16.0,2.0,4.0,27.0,4.0,103.0,68.0,56.0,12.0,16.0,6.0,10.0
2023-2843,Adelaide-1,Hard,32,250,O,20230102,26,K0AH,,,Sebastian Korda,R,196.0,USA,22.494,33.0,1175.0,S0AG,6.0,,Jannik Sinner,R,191.0,ITA,21.38,15.0,2410.0,7-5 6-1,3,QF,86.0,5.0,1.0,52.0,30.0,25.0,12.0,9.0,3.0,4.0,8.0,3.0,53.0,34.0,23.0,6.0,10.0,4.0,9.0
2023-2843,Adelaide-1,Hard,32,250,O,20230102,27,MM58,3.0,,Daniil Medvedev,R,198.0,RUS,26.891,7.0,4065.0,KE29,8.0,,Karen Khachanov,R,198.0,RUS,26.617,20.0,1990.0,6-3 6-3,3,QF,77.0,6.0,5.0,51.0,33.0,29.0,7.0,9.0,2.0,3.0,1.0,2.0,60.0,42.0,25.0,6.0,9.0,3.0,7.0
2023-2843,Adelaide-1,Hard,32,250,O,20230102,28,D643,1.0,,Novak Djokovic,R,188.0,SRB,35.617,5.0,4820.0,SU55,7.0,,Denis Shapovalov,L,185.0,CAN,23.718,18.0,2075.0,6-3 6-4,3,QF,115.0,4.0,3.0,70.0,40.0,31.0,16.0,10.0,3.0,4.0,6.0,7.0,72.0,38.0,25.0,14.0,9.0,5.0,8.0
2023-2843,Adelaide-1,Hard,32,250,O,20230102,29,K0AH,,,Sebastian Korda,R,196.0,USA,22.494,33.0,1175.0,N732,,,Yoshihito Nishioka,L,170.0,JPN,27.266,36.0,1134.0,7-6(5) 1-0 RET,3,SF,74.0,9.0,0.0,40.0,23.0,21.0,10.0,6.0,0.0,0.0,0.0,0.0,54.0,40.0,29.0,6.0,7.0,3.0,4.0
2023-2843,Adelaide-1,Hard,32,250,O,20230102,30,D643,1.0,,Novak Djokovic,R,188.0,SRB,35.617,5.0,4820.0,MM58,3.0,,Daniil Medvedev,R,198.0,RUS,26.891,7.0,4065.0,6-3 6-4,3,SF,90.0,5.0,3.0,61.0,35.0,31.0,14.0,10.0,3.0,3.0,5.0,2.0,48.0,31.0,23.0,9.0,9.0,1.0,3.0
2023-2843,Adelaide-1,Hard,32,250,O,20230102,31,D643,1.0,,Novak Djokovic,R,188.0,SRB,35.617,5.0,4820.0,K0AH,,,Sebastian Korda,R,196.0,USA,22.494,33.0,1175.0,6-7(8) 7-6(3) 6-4,3,F,189.0,7.0,4.0,99.0,62.0,53.0,25.0,17.0,1.0,2.0,15.0,4.0,129.0,76.0,59.0,27.0,17.0,5.0,7.0
2023-891,Pune,Hard,32,250,O,20230102,1,C0E9,,Q,Flavio Cobolli,R,183.0,ITA,20.66,171.0,335.0,MP13,,WC,Mukund Sasikumar,R,185.0,IND,25.966,340.0,146.0,6-4 7-5,3,R32,98.0,6.0,2.0,65.0,36.0,29.0,12.0,11.0,6.0,9.0,1.0,1.0,67.0,44.0,27.0,7.0,11.0,5.0,10.0
2023-891,Pune,Hard,32,250,O,20230102,2,MN13,,Q,Maximilian Marterer,L,188.0,GER,27.551,159.0,354.0,Y218,,Q,Elias Ymer,R,185.0,SWE,26.73,127.0,444.0,6-2 3-6 6-3,3,R32,112.0,12.0,1.0,65.0,41.0,33.0,13.0,13.0,0.0,2.0,5.0,2.0,84.0,47.0,30.0,19.0,13.0,2.0,6.0
2023-891,Pune,Hard,32,250,O,20230102,3,DB63,,,Laslo Djere,R,188.0,SRB,27.587,70.0,738.0,MV14,5.0,,Alex Molcan,L,178.0,SVK,25.087,50.0,895.0,6-2 6-4,3,R32,64.0,12.0,0.0,41.0,26.0,23.0,13.0,9.0,0.0,0.0,2.0,2.0,55.0,33.0,21.0,11.0,9.0,2.0,5.0
2023-891,Pune,Hard,32,250,O,20230102,4,BM95,,,Benjamin Bonzi,R,183.0,FRA,26.565,60.0,781.0,T0AP,,,Chun-Hsin Tseng,R,175.0,TPE,21.402,115.0,490.0,6-0 6-3,3,R32,61.0,2.0,0.0,39.0,21.0,18.0,14.0,8.0,0.0,0.0,2.0,1.0,45.0,31.0,16.0,4.0,7.0,1.0,5.0
2023-891,Pune,Hard,32,250,O,20230102,5,MP01,,,Michael Mmoh,R,188.0,USA,24.977,113.0,507.0,D0JI,,WC,Manas Dhamne,R,183.0,IND,15.012,,,6-2 6-4,3,R32,88.0,3.0,1.0,49.0,29.0,22.0,12.0,9.0,2.0,3.0,0.0,0.0,59.0,37.0,21.0,10.0,9.0,6.0,10.0
2023-891,Pune,Hard,32,250,O,20230102,6,KB05,6.0,,Filip Krajinovic,R,185.0,SRB,30.847,54.0,845.0,N897,,WC,Sumit Nagal,R,178.0,IND,25.38,503.0,70.0,6-4 4-6 6-4,3,R32,144.0,8.0,1.0,89.0,58.0,47.0,17.0,15.0,2.0,3.0,3.0,2.0,96.0,70.0,48.0,15.0,15.0,5.0,7.0
2023-891,Pune,Hard,32,250,O,20230102,7,KC56,8.0,,Aslan Karatsev,R,185.0,RUS,29.328,59.0,795.0,A596,,,Pablo Andujar,R,180.0,ESP,36.942,121.0,467.0,6-1 6-3,3,R32,63.0,5.0,1.0,40.0,26.0,23.0,9.0,8.0,0.0,0.0,1.0,2.0,47.0,34.0,17.0,4.0,8.0,3.0,7.0
2023-891,Pune,Hard,32,250,O,20230102,8,V942,,,Tim van Rijthoven,R,188.0,NED,25.692,111.0,516.0,A829,,,Radu Albot,R,175.0,MDA,33.142,103.0,559.0,6-4 6-4,3,R32,86.0,14.0,0.0,58.0,38.0,29.0,14.0,10.0,2.0,2.0,2.0,4.0,60.0,37.0,28.0,10.0,10.0,1.0,3.0
2023-891,Pune,Hard,32,250,O,20230102,9,MO44,,,Pedro Martinez,R,185.0,ESP,25.687,62.0,776.0,RB56,,Q,Ramkumar Ramanathan,R,188.0,IND,28.151,435.0,98.0,3-6 7-5 6-3,3,R32,148.0,2.0,5.0,103.0,70.0,49.0,16.0,15.0,8.0,11.0,11.0,6.0,92.0,42.0,33.0,23.0,15.0,3.0,7.0
2023-891,Pune,Hard,32,250,O,20230102,10,GJ37,,,Tallon Griekspoor,R,188.0,NED,26.502,95.0,584.0,MU94,7.0,,Jaume Munar,R,183.0,ESP,25.662,58.0,802.0,6-4 7-5,3,R32,94.0,10.0,6.0,63.0,43.0,36.0,9.0,11.0,1.0,2.0,2.0,1.0,60.0,46.0,30.0,9.0,11.0,2.0,5.0
2023-891,Pune,Hard,32,250,O,20230102,11,CF01,,,Marco Cecchinato,R,185.0,ITA,30.256,101.0,562.0,BG23,,,Nikoloz Basilashvili,R,185.0,GEO,30.858,91.0,595.0,6-2 6-2,3,R32,55.0,3.0,0.0,43.0,22.0,18.0,16.0,8.0,1.0,1.0,2.0,1.0,47.0,25.0,13.0,11.0,8.0,2.0,6.0
2023-891,Pune,Hard,32,250,O,20230102,12,CF59,,,Roberto Carballes Baena,R,183.0,ESP,29.78,74.0,695.0,Z419,,,Bernabe Zapata Miralles,R,183.0,ESP,25.971,72.0,712.0,6-1 7-5,3,R32,100.0,0.0,1.0,60.0,41.0,28.0,10.0,9.0,3.0,4.0,4.0,5.0,79.0,51.0,31.0,10.0,10.0,4.0,9.0
2023-891,Pune,Hard,32,250,O,20230102,13,V812,2.0,,Botic van de Zandschulp,R,191.0,NED,27.247,35.0,1160.0,C0E9,,Q,Flavio Cobolli,R,183.0,ITA,20.66,171.0,335.0,7-5 6-4,3,R16,93.0,2.0,3.0,64.0,41.0,30.0,13.0,11.0,4.0,6.0,5.0,0.0,59.0,38.0,24.0,9.0,11.0,0.0,4.0
2023-891,Pune,Hard,32,250,O,20230102,14,MN13,,Q,Maximilian Marterer,L,188.0,GER,27.551,159.0,354.0,DB63,,,Laslo Djere,R,188.0,SRB,27.587,70.0,738.0,7-6(5) 6-2,3,R16,91.0,11.0,2.0,63.0,45.0,34.0,14.0,10.0,0.0,0.0,6.0,3.0,66.0,40.0,30.0,13.0,10.0,7.0,9.0
2023-891,Pune,Hard,32,250,O,20230102,15,BM95,,,Benjamin Bonzi,R,183.0,FRA,26.565,60.0,781.0,RH24,3.0,,Emil Ruusuvuori,R,188.0,FIN,23.754,40.0,1011.0,6-1 7-6(4),3,R16,80.0,5.0,2.0,65.0,47.0,38.0,9.0,10.0,1.0,1.0,5.0,2.0,50.0,36.0,27.0,7.0,9.0,0.0,2.0
2023-891,Pune,Hard,32,250,O,20230102,16,KB05,6.0,,Filip Krajinovic,R,185.0,SRB,30.847,54.0,845.0,MP01,,,Michael Mmoh,R,188.0,USA,24.977,113.0,507.0,2-6 6-3 6-4,3,R16,130.0,9.0,0.0,93.0,67.0,47.0,12.0,14.0,5.0,8.0,4.0,1.0,72.0,42.0,29.0,19.0,13.0,0.0,3.0
2023-891,Pune,Hard,32,250,O,20230102,17,KC56,8.0,,Aslan Karatsev,R,185.0,RUS,29.328,59.0,795.0,V942,,,Tim van Rijthoven,R,188.0,NED,25.692,111.0,516.0,7-6(7) 7-6(8),3,R16,129.0,9.0,6.0,88.0,57.0,47.0,16.0,12.0,1.0,2.0,10.0,6.0,91.0,55.0,44.0,19.0,12.0,7.0,8.0
2023-891,Pune,Hard,32,250,O,20230102,18,MO44,,,Pedro Martinez,R,185.0,ESP,25.687,62.0,776.0,B0BI,4.0,,Sebastian Baez,R,170.0,ARG,22.012,43.0,987.0,3-6 6-1 6-3,3,R16,132.0,0.0,3.0,77.0,54.0,42.0,10.0,12.0,6.0,7.0,5.0,1.0,85.0,66.0,43.0,6.0,13.0,6.0,10.0
2023-891,Pune,Hard,32,250,O,20230102,19,GJ37,,,Tallon Griekspoor,R,188.0,NED,26.502,95.0,584.0,CF01,,,Marco Cecchinato,R,185.0,ITA,30.256,101.0,562.0,6-4 6-4,3,R16,75.0,7.0,2.0,54.0,35.0,29.0,14.0,10.0,0.0,0.0,3.0,3.0,58.0,36.0,25.0,12.0,10.0,3.0,5.0
2023-891,Pune,Hard,32,250,O,20230102,20,C977,1.0,,Marin Cilic,R,198.0,CRO,34.261,17.0,2105.0,CF59,,,Roberto Carballes Baena,R,183.0,ESP,29.78,74.0,695.0,6-3 3-6 6-1,3,R16,122.0,16.0,3.0,76.0,54.0,45.0,9.0,13.0,2.0,3.0,3.0,3.0,74.0,40.0,26.0,18.0,12.0,4.0,7.0
2023-891,Pune,Hard,32,250,O,20230102,21,V812,2.0,,Botic van de Zandschulp,R,191.0,NED,27.247,35.0,1160.0,MN13,,Q,Maximilian Marterer,L,188.0,GER,27.551,159.0,354.0,6-4 6-2,3,QF,67.0,3.0,1.0,44.0,34.0,29.0,7.0,9.0,0.0,0.0,1.0,1.0,51.0,37.0,22.0,7.0,9.0,2.0,5.0
2023-891,Pune,Hard,32,250,O,20230102,22,BM95,,,Benjamin Bonzi,R,183.0,FRA,26.565,60.0,781.0,KB05,6.0,,Filip Krajinovic,R,185.0,SRB,30.847,54.0,845.0,7-6(5) 6-4,3,QF,125.0,7.0,0.0,77.0,46.0,30.0,15.0,11.0,2.0,5.0,6.0,3.0,90.0,50.0,29.0,20.0,11.0,10.0,14.0
2023-891,Pune,Hard,32,250,O,20230102,23,KC56,8.0,,Aslan Karatsev,R,185.0,RUS,29.328,59.0,795.0,MO44,,,Pedro Martinez,R,185.0,ESP,25.687,62.0,776.0,6-1 6-2,3,QF,73.0,13.0,3.0,58.0,40.0,33.0,6.0,8.0,5.0,5.0,1.0,3.0,44.0,26.0,15.0,6.0,7.0,4.0,8.0
2023-891,Pune,Hard,32,250,O,20230102,24,GJ37,,,Tallon Griekspoor,R,188.0,NED,26.502,95.0,584.0,C977,1.0,,Marin Cilic,R,198.0,CRO,34.261,17.0,2105.0,W/O,3,QF,0.0,,,,,,,,,,,,,,,,,,
2023-891,Pune,Hard,32,250,O,20230102,25,BM95,,,Benjamin Bonzi,R,183.0,FRA,26.565,60.0,781.0,V812,2.0,,Botic van de Zandschulp,R,191.0,NED,27.247,35.0,1160.0,7-6(5) 6-7(5) 6-1,3,SF,149.0,10.0,3.0,101.0,71.0,54.0,16.0,16.0,0.0,2.0,9.0,3.0,106.0,69.0,49.0,17.0,15.0,7.0,11.0
2023-891,Pune,Hard,32,250,O,20230102,26,GJ37,,,Tallon Griekspoor,R,188.0,NED,26.502,95.0,584.0,KC56,8.0,,Aslan Karatsev,R,185.0,RUS,29.328,59.0,795.0,7-6(4) 6-1,3,SF,81.0,11.0,2.0,53.0,36.0,32.0,13.0,10.0,0.0,0.0,3.0,5.0,59.0,31.0,22.0,14.0,9.0,3.0,5.0
2023-891,Pune,Hard,32,250,O,20230102,27,GJ37,,,Tallon Griekspoor,R,188.0,NED,26.502,95.0,584.0,BM95,,,Benjamin Bonzi,R,183.0,FRA,26.565,60.0,781.0,4-6 7-5 6-3,3,F,136.0,17.0,4.0,86.0,61.0,48.0,13.0,15.0,3.0,4.0,11.0,4.0,102.0,66.0,47.0,18.0,16.0,4.0,7.0
2023-301,Auckland,Hard,32,250,O,20230109,1,L0BV,,Q,Jiri Lehecka,R,185.0,CZE,21.169,78.0,685.0,MJ08,,Q,Thiago Monteiro,L,183.0,BRA,28.611,69.0,729.0,6-3 7-5,3,R32,88.0,5.0,1.0,58.0,35.0,29.0,16.0,11.0,1.0,1.0,7.0,0.0,65.0,39.0,30.0,9.0,10.0,6.0,8.0
2023-301,Auckland,Hard,32,250,O,20230109,2,GC88,,,Marcos Giron,R,180.0,USA,29.462,60.0,796.0,CE77,,LL,Federico Coria,R,180.0,ARG,30.836,76.0,695.0,6-7(5) 6-4 7-5,3,R32,157.0,3.0,1.0,121.0,86.0,49.0,20.0,17.0,5.0,10.0,3.0,4.0,115.0,69.0,43.0,17.0,17.0,7.0,14.0
2023-301,Auckland,Hard,32,250,O,20230109,3,W09G,,,J.J. Wolf,R,183.0,USA,24.052,66.0,746.0,ME82,8.0,,Adrian Mannarino,L,180.0,FRA,34.53,43.0,971.0,6-4 7-6(4),3,R32,109.0,7.0,1.0,72.0,51.0,35.0,12.0,11.0,2.0,4.0,7.0,2.0,71.0,41.0,27.0,16.0,11.0,5.0,8.0
2023-301,Auckland,Hard,32,250,O,20230109,4,B0CD,,,Jenson Brooksby,R,193.0,USA,22.204,48.0,920.0,F510,,,Fabio Fognini,R,178.0,ITA,35.63,57.0,843.0,6-7(2) 6-1 6-3,3,R32,133.0,6.0,3.0,95.0,54.0,38.0,23.0,14.0,6.0,8.0,4.0,12.0,93.0,49.0,34.0,19.0,14.0,8.0,14.0
2023-301,Auckland,Hard,32,250,O,20230109,5,HB64,,,Quentin Halys,R,191.0,FRA,26.204,64.0,771.0,MV14,,,Alex Molcan,L,178.0,SVK,25.106,54.0,850.0,6-3 6-4,3,R32,53.0,20.0,0.0,53.0,34.0,32.0,9.0,10.0,1.0,1.0,5.0,5.0,44.0,28.0,21.0,10.0,9.0,1.0,3.0
2023-301,Auckland,Hard,32,250,O,20230109,6,S0S1,,WC,Ben Shelton,L,193.0,USA,20.252,92.0,584.0,B0BI,7.0,,Sebastian Baez,R,170.0,ARG,22.031,41.0,987.0,7-6(1) 6-1,3,R32,82.0,9.0,1.0,51.0,34.0,28.0,12.0,9.0,2.0,2.0,2.0,3.0,67.0,49.0,26.0,11.0,10.0,7.0,10.0
2023-301,Auckland,Hard,32,250,O,20230109,7,GB88,,,David Goffin,R,180.0,BEL,32.09,53.0,870.0,BK92,5.0,,Alexander Bublik,R,196.0,KAZ,25.563,36.0,1130.0,6-3 6-4,3,R32,73.0,1.0,0.0,53.0,32.0,23.0,10.0,9.0,4.0,7.0,6.0,6.0,62.0,35.0,21.0,8.0,10.0,0.0,6.0
2023-301,Auckland,Hard,32,250,O,20230109,8,E865,,Q,Christopher Eubanks,R,201.0,USA,26.68,123.0,462.0,HH26,,WC,Ugo Humbert,L,188.0,FRA,24.539,108.0,523.0,7-6(4) 7-6(3),3,R32,119.0,6.0,0.0,91.0,64.0,50.0,16.0,12.0,6.0,6.0,9.0,4.0,83.0,51.0,43.0,18.0,12.0,4.0,4.0
2023-301,Auckland,Hard,32,250,O,20230109,9,G628,,,Richard Gasquet,R,183.0,FRA,36.561,67.0,740.0,P0ED,,WC,Kiranpal Pannu,R,185.0,NZL,26.004,575.0,54.0,6-3 6-1,3,R32,80.0,5.0,0.0,35.0,24.0,22.0,10.0,8.0,0.0,0.0,8.0,4.0,67.0,42.0,25.0,9.0,8.0,4.0,8.0
2023-301,Auckland,Hard,32,250,O,20230109,10,BK24,,Q,Gregoire Barrere,R,183.0,FRA,28.895,88.0,603.0,I186,6.0,,John Isner,R,208.0,USA,37.706,42.0,980.0,6-7(3) 7-6(5) 6-3,3,R32,138.0,10.0,2.0,101.0,62.0,52.0,27.0,17.0,0.0,0.0,28.0,2.0,109.0,73.0,53.0,21.0,16.0,2.0,3.0
2023-301,Auckland,Hard,32,250,O,20230109,11,LB66,,,Constant Lestienne,R,180.0,FRA,30.631,65.0,760.0,CG04,,,Pedro Cachin,R,185.0,ARG,27.745,59.0,809.0,6-3 6-1,3,R32,70.0,7.0,1.0,41.0,30.0,24.0,5.0,8.0,1.0,2.0,1.0,0.0,53.0,34.0,18.0,7.0,8.0,7.0,12.0
2023-301,Auckland,Hard,32,250,O,20230109,12,DB63,,,Laslo Djere,R,188.0,SRB,27.606,70.0,713.0,MU94,,,Jaume Munar,R,183.0,ESP,25.681,62.0,777.0,3-6 6-1 7-6(4),3,R32,145.0,7.0,4.0,104.0,66.0,42.0,18.0,14.0,6.0,11.0,4.0,5.0,89.0,53.0,35.0,15.0,14.0,3.0,9.0
2023-301,Auckland,Hard,32,250,O,20230109,13,N771,2.0,,Cameron Norrie,L,188.0,GBR,27.381,12.0,2575.0,L0BV,,Q,Jiri Lehecka,R,185.0,CZE,21.169,78.0,685.0,6-4 6-7(4) 6-3,3,R16,165.0,4.0,1.0,98.0,64.0,42.0,27.0,16.0,3.0,4.0,6.0,0.0,102.0,68.0,47.0,16.0,15.0,8.0,11.0
2023-301,Auckland,Hard,32,250,O,20230109,14,GC88,,,Marcos Giron,R,180.0,USA,29.462,60.0,796.0,W09G,,,J.J. Wolf,R,183.0,USA,24.052,66.0,746.0,6-4 6-4,3,R16,94.0,3.0,1.0,52.0,37.0,31.0,11.0,10.0,2.0,2.0,7.0,1.0,76.0,47.0,30.0,16.0,10.0,7.0,9.0
2023-301,Auckland,Hard,32,250,O,20230109,15,B0CD,,,Jenson Brooksby,R,193.0,USA,22.204,48.0,920.0,SM37,3.0,,Diego Schwartzman,R,170.0,ARG,30.398,25.0,1550.0,6-1 RET,3,R16,48.0,0.0,0.0,26.0,15.0,11.0,7.0,4.0,0.0,0.0,0.0,1.0,22.0,17.0,8.0,2.0,3.0,2.0,4.0
2023-301,Auckland,Hard,32,250,O,20230109,16,HB64,,,Quentin Halys,R,191.0,FRA,26.204,64.0,771.0,S0S1,,WC,Ben Shelton,L,193.0,USA,20.252,92.0,584.0,6-3 6-2,3,R16,67.0,10.0,2.0,42.0,32.0,30.0,6.0,9.0,0.0,0.0,8.0,7.0,54.0,35.0,23.0,8.0,8.0,4.0,7.0
2023-301,Auckland,Hard,32,250,O,20230109,17,GB88,,,David Goffin,R,180.0,BEL,32.09,53.0,870.0,E865,,Q,Christopher Eubanks,R,201.0,USA,26.68,123.0,462.0,6-2 6-4,3,R16,80.0,7.0,1.0,59.0,43.0,35.0,6.0,9.0,6.0,6.0,12.0,3.0,63.0,45.0,31.0,5.0,9.0,6.0,9.0
2023-301,Auckland,Hard,32,250,O,20230109,18,G628,,,Richard Gasquet,R,183.0,FRA,36.561,67.0,740.0,SH90,,LL,Joao Sousa,R,185.0,POR,33.78,82.0,638.0,7-6(2) 6-2,3,R16,97.0,7.0,1.0,60.0,35.0,29.0,16.0,10.0,2.0,2.0,1.0,4.0,65.0,42.0,29.0,10.0,10.0,3.0,5.0
2023-301,Auckland,Hard,32,250,O,20230109,19,LB66,,,Constant Lestienne,R,180.0,FRA,30.631,65.0,760.0,BK24,,Q,Gregoire Barrere,R,183.0,FRA,28.895,88.0,603.0,1-6 7-6(4) 7-5,3,R16,123.0,4.0,6.0,91.0,59.0,43.0,10.0,15.0,2.0,7.0,7.0,0.0,92.0,64.0,42.0,17.0,16.0,4.0,8.0
2023-301,Auckland,Hard,32,250,O,20230109,20,DB63,,,Laslo Djere,R,188.0,SRB,27.606,70.0,713.0,RH16,1.0,,Casper Ruud,R,183.0,NOR,24.049,3.0,5720.0,3-6 6-3 7-6(3),3,R16,127.0,18.0,1.0,98.0,67.0,49.0,21.0,15.0,6.0,7.0,10.0,4.0,91.0,62.0,49.0,16.0,15.0,3.0,4.0
2023-301,Auckland,Hard,32,250,O,20230109,21,N771,2.0,,Cameron Norrie,L,188.0,GBR,27.381,12.0,2575.0,GC88,,,Marcos Giron,R,180.0,USA,29.462,60.0,796.0,6-1 6-7(5) 6-2,3,QF,123.0,5.0,4.0,88.0,64.0,45.0,12.0,13.0,5.0,6.0,6.0,0.0,80.0,53.0,29.0,14.0,14.0,1.0,7.0
2023-301,Auckland,Hard,32,250,O,20230109,22,B0CD,,,Jenson Brooksby,R,193.0,USA,22.204,48.0,920.0,HB64,,,Quentin Halys,R,191.0,FRA,26.204,64.0,771.0,7-6(3) 7-6(2),3,QF,114.0,2.0,2.0,82.0,49.0,37.0,18.0,12.0,3.0,5.0,13.0,3.0,75.0,43.0,33.0,16.0,12.0,1.0,3.0
2023-301,Auckland,Hard,32,250,O,20230109,23,G628,,,Richard Gasquet,R,183.0,FRA,36.561,67.0,740.0,GB88,,,David Goffin,R,180.0,BEL,32.09,53.0,870.0,1-6 6-1 6-1,3,QF,94.0,6.0,3.0,61.0,37.0,26.0,10.0,11.0,0.0,4.0,8.0,2.0,64.0,37.0,20.0,9.0,10.0,7.0,13.0
2023-301,Auckland,Hard,32,250,O,20230109,24,LB66,,,Constant Lestienne,R,180.0,FRA,30.631,65.0,760.0,DB63,,,Laslo Djere,R,188.0,SRB,27.606,70.0,713.0,2-6 7-6(2) 7-5,3,QF,166.0,5.0,1.0,118.0,77.0,54.0,19.0,16.0,14.0,18.0,8.0,3.0,109.0,61.0,47.0,21.0,16.0,2.0,5.0
2023-301,Auckland,Hard,32,250,O,20230109,25,N771,2.0,,Cameron Norrie,L,188.0,GBR,27.381,12.0,2575.0,B0CD,,,Jenson Brooksby,R,193.0,USA,22.204,48.0,920.0,6-3 6-4,3,SF,98.0,3.0,0.0,48.0,31.0,27.0,11.0,10.0,3.0,4.0,4.0,0.0,73.0,43.0,26.0,14.0,9.0,6.0,9.0
2023-301,Auckland,Hard,32,250,O,20230109,26,G628,,,Richard Gasquet,R,183.0,FRA,36.561,67.0,740.0,LB66,,,Constant Lestienne,R,180.0,FRA,30.631,65.0,760.0,W/O,3,SF,0.0,,,,,,,,,,,,,,,,,,
2023-301,Auckland,Hard,32,250,O,20230109,27,G628,,,Richard Gasquet,R,183.0,FRA,36.561,67.0,740.0,N771,2.0,,Cameron Norrie,L,188.0,GBR,27.381,12.0,2575.0,4-6 6-4 6-4,3,F,147.0,3.0,2.0,88.0,44.0,36.0,21.0,15.0,6.0,9.0,8.0,2.0,86.0,52.0,36.0,17.0,15.0,4.0,8.0
2023-8998,Adelaide-2,Hard,32,250,O,20230109,1,KF17,,LL,Soonwoo Kwon,R,180.0,KOR,25.103,84.0,626.0,M0FH,,Q,Tomas Machac,R,183.0,CZE,22.24,115.0,500.0,6-4 6-4,3,R32,101.0,6.0,3.0,82.0,44.0,35.0,14.0,10.0,9.0,11.0,5.0,2.0,68.0,42.0,27.0,10.0,10.0,6.0,10.0
2023-8998,Adelaide-2,Hard,32,250,O,20230109,2,Y268,,Q,Mikael Ymer,R,185.0,SWE,24.334,77.0,694.0,RH24,,,Emil Ruusuvuori,R,188.0,FIN,23.773,46.0,941.0,6-4 4-6 6-3,3,R32,143.0,1.0,3.0,83.0,56.0,41.0,17.0,15.0,1.0,3.0,4.0,2.0,101.0,72.0,49.0,13.0,14.0,5.0,8.0
2023-8998,Adelaide-2,Hard,32,250,O,20230109,3,MK66,,,Mackenzie McDonald,R,178.0,USA,27.734,63.0,775.0,E687,5.0,,Daniel Evans,R,175.0,GBR,32.632,27.0,1450.0,7-5 7-5,3,R32,108.0,8.0,2.0,73.0,40.0,29.0,17.0,12.0,1.0,4.0,2.0,3.0,78.0,52.0,31.0,10.0,12.0,3.0,8.0
2023-8998,Adelaide-2,Hard,32,250,O,20230109,4,HH06,,,Marc-Andrea Huesler,L,196.0,SUI,26.543,55.0,846.0,RC91,,,Arthur Rinderknech,R,196.0,FRA,27.466,45.0,947.0,4-6 7-6(5) 6-4,3,R32,149.0,11.0,3.0,96.0,64.0,54.0,16.0,16.0,1.0,2.0,11.0,7.0,111.0,66.0,52.0,22.0,16.0,6.0,7.0
2023-8998,Adelaide-2,Hard,32,250,O,20230109,5,D0CO,,,Jack Draper,L,193.0,GBR,21.049,40.0,1010.0,SU87,,,Lorenzo Sonego,R,191.0,ITA,27.666,44.0,950.0,6-4 6-2,3,R32,82.0,2.0,1.0,44.0,27.0,21.0,12.0,9.0,3.0,4.0,2.0,1.0,50.0,26.0,14.0,11.0,9.0,4.0,8.0
2023-8998,Adelaide-2,Hard,32,250,O,20230109,6,PL56,8.0,,Tommy Paul,R,185.0,USA,25.648,35.0,1185.0,O483,,LL,Christopher O'Connell,R,183.0,AUS,28.602,79.0,652.0,6-4 7-5,3,R32,88.0,6.0,0.0,57.0,39.0,32.0,14.0,11.0,1.0,1.0,7.0,1.0,66.0,41.0,32.0,10.0,11.0,3.0,5.0
2023-8998,Adelaide-2,Hard,32,250,O,20230109,7,DH50,7.0,,Alejandro Davidovich Fokina,R,180.0,ESP,23.598,32.0,1280.0,N0AE,,,Brandon Nakashima,R,188.0,USA,21.435,47.0,927.0,6-2 7-6(3),3,R32,95.0,4.0,1.0,70.0,45.0,37.0,15.0,10.0,5.0,5.0,6.0,3.0,65.0,40.0,32.0,10.0,10.0,1.0,3.0
2023-8998,Adelaide-2,Hard,32,250,O,20230109,8,MH30,,Q,John Millman,R,183.0,AUS,33.572,148.0,378.0,R772,,,Albert Ramos-Vinolas,L,188.0,ESP,34.979,38.0,1075.0,4-6 6-3 7-6(6),3,R32,166.0,7.0,1.0,109.0,77.0,53.0,15.0,16.0,3.0,6.0,7.0,0.0,93.0,68.0,43.0,18.0,15.0,6.0,9.0
2023-8998,Adelaide-2,Hard,32,250,O,20230109,9,H756,,LL,Robin Haase,R,191.0,NED,35.762,257.0,207.0,BM95,,,Benjamin Bonzi,R,183.0,FRA,26.585,50.0,911.0,3-6 7-6(8) 7-6(3),3,R32,130.0,13.0,2.0,100.0,57.0,42.0,23.0,16.0,1.0,5.0,16.0,3.0,115.0,63.0,44.0,28.0,17.0,3.0,6.0
2023-8998,Adelaide-2,Hard,32,250,O,20230109,10,KI95,6.0,,Miomir Kecmanovic,R,183.0,SRB,23.359,28.0,1420.0,E831,,PR,Kyle Edmund,R,188.0,GBR,28.003,583.0,52.0,6-4 7-5,3,R32,84.0,7.0,2.0,60.0,39.0,35.0,11.0,11.0,2.0,2.0,11.0,6.0,64.0,35.0,27.0,15.0,11.0,0.0,2.0
2023-8998,Adelaide-2,Hard,32,250,O,20230109,11,KB95,,WC,Jason Kubler,R,178.0,AUS,29.643,86.0,613.0,EA24,,Q,Tomas Martin Etcheverry,R,196.0,ARG,23.48,80.0,649.0,7-6(2) 7-5,3,R32,130.0,10.0,1.0,78.0,57.0,47.0,12.0,12.0,5.0,5.0,10.0,1.0,70.0,43.0,34.0,17.0,12.0,1.0,2.0
2023-8998,Adelaide-2,Hard,32,250,O,20230109,12,KD46,,WC,Thanasi Kokkinakis,R,193.0,AUS,26.749,110.0,522.0,P09Z,,WC,Alexei Popyrin,R,196.0,AUS,23.431,113.0,506.0,6-0 6-7(5) 7-5,3,R32,164.0,11.0,2.0,101.0,67.0,50.0,18.0,15.0,5.0,6.0,11.0,8.0,99.0,51.0,41.0,17.0,15.0,4.0,9.0
2023-8998,Adelaide-2,Hard,32,250,O,20230109,13,KF17,,LL,Soonwoo Kwon,R,180.0,KOR,25.103,84.0,626.0,CD85,2.0,,Pablo Carreno Busta,R,188.0,ESP,31.496,15.0,2420.0,3-6 6-4 6-4,3,R16,140.0,11.0,3.0,88.0,57.0,44.0,16.0,14.0,5.0,7.0,10.0,6.0,107.0,65.0,44.0,22.0,15.0,4.0,7.0
2023-8998,Adelaide-2,Hard,32,250,O,20230109,14,Y268,,Q,Mikael Ymer,R,185.0,SWE,24.334,77.0,694.0,MK66,,,Mackenzie McDonald,R,178.0,USA,27.734,63.0,775.0,3-6 7-6(2) 6-3,3,R16,180.0,4.0,8.0,136.0,99.0,64.0,12.0,16.0,14.0,20.0,5.0,7.0,100.0,62.0,36.0,18.0,14.0,11.0,16.0
2023-8998,Adelaide-2,Hard,32,250,O,20230109,15,KE29,3.0,,Karen Khachanov,R,198.0,RUS,26.637,20.0,1885.0,HH06,,,Marc-Andrea Huesler,L,196.0,SUI,26.543,55.0,846.0,6-4 6-4,3,R16,79.0,5.0,1.0,54.0,35.0,29.0,11.0,10.0,1.0,2.0,2.0,2.0,56.0,34.0,25.0,10.0,10.0,3.0,6.0
2023-8998,Adelaide-2,Hard,32,250,O,20230109,16,D0CO,,,Jack Draper,L,193.0,GBR,21.049,40.0,1010.0,PL56,8.0,,Tommy Paul,R,185.0,USA,25.648,35.0,1185.0,6-4 6-4,3,R16,91.0,10.0,1.0,57.0,33.0,29.0,13.0,10.0,3.0,4.0,5.0,1.0,58.0,34.0,23.0,12.0,10.0,2.0,5.0
2023-8998,Adelaide-2,Hard,32,250,O,20230109,17,DH50,7.0,,Alejandro Davidovich Fokina,R,180.0,ESP,23.598,32.0,1280.0,MH30,,Q,John Millman,R,183.0,AUS,33.572,148.0,378.0,6-3 6-3,3,R16,74.0,4.0,1.0,53.0,35.0,26.0,13.0,9.0,2.0,3.0,1.0,4.0,52.0,29.0,18.0,10.0,9.0,6.0,10.0
2023-8998,Adelaide-2,Hard,32,250,O,20230109,18,BD06,4.0,,Roberto Bautista Agut,R,183.0,ESP,34.738,26.0,1545.0,H756,,LL,Robin Haase,R,191.0,NED,35.762,257.0,207.0,6-3 3-6 6-3,3,R16,118.0,11.0,2.0,83.0,55.0,40.0,16.0,14.0,3.0,5.0,6.0,1.0,98.0,51.0,35.0,24.0,13.0,10.0,13.0
2023-8998,Adelaide-2,Hard,32,250,O,20230109,19,KI95,6.0,,Miomir Kecmanovic,R,183.0,SRB,23.359,28.0,1420.0,KB95,,WC,Jason Kubler,R,178.0,AUS,29.643,86.0,613.0,5-7 7-6(1) 6-4,3,R16,154.0,14.0,1.0,92.0,54.0,43.0,23.0,17.0,1.0,4.0,19.0,3.0,113.0,72.0,50.0,22.0,17.0,5.0,8.0
2023-8998,Adelaide-2,Hard,32,250,O,20230109,20,KD46,,WC,Thanasi Kokkinakis,R,193.0,AUS,26.749,110.0,522.0,RE44,1.0,,Andrey Rublev,R,188.0,RUS,25.221,6.0,3930.0,6-4 3-6 6-3,3,R16,117.0,17.0,1.0,70.0,44.0,38.0,16.0,14.0,0.0,1.0,10.0,4.0,90.0,55.0,42.0,15.0,14.0,3.0,5.0
2023-8998,Adelaide-2,Hard,32,250,O,20230109,21,KF17,,LL,Soonwoo Kwon,R,180.0,KOR,25.103,84.0,626.0,Y268,,Q,Mikael Ymer,R,185.0,SWE,24.334,77.0,694.0,6-1 6-2,3,QF,60.0,5.0,2.0,46.0,27.0,20.0,11.0,7.0,4.0,5.0,1.0,3.0,40.0,32.0,10.0,2.0,8.0,1.0,7.0
2023-8998,Adelaide-2,Hard,32,250,O,20230109,22,D0CO,,,Jack Draper,L,193.0,GBR,21.049,40.0,1010.0,KE29,3.0,,Karen Khachanov,R,198.0,RUS,26.637,20.0,1885.0,6-4 7-6(3),3,QF,105.0,10.0,3.0,68.0,44.0,35.0,13.0,11.0,1.0,2.0,8.0,3.0,75.0,48.0,36.0,11.0,11.0,4.0,6.0
2023-8998,Adelaide-2,Hard,32,250,O,20230109,23,BD06,4.0,,Roberto Bautista Agut,R,183.0,ESP,34.738,26.0,1545.0,DH50,7.0,,Alejandro Davidovich Fokina,R,180.0,ESP,23.598,32.0,1280.0,6-3 6-2,3,QF,82.0,6.0,0.0,42.0,32.0,25.0,8.0,8.0,0.0,0.0,2.0,3.0,66.0,35.0,21.0,13.0,9.0,7.0,11.0
2023-8998,Adelaide-2,Hard,32,250,O,20230109,24,KD46,,WC,Thanasi Kokkinakis,R,193.0,AUS,26.749,110.0,522.0,KI95,6.0,,Miomir Kecmanovic,R,183.0,SRB,23.359,28.0,1420.0,6-3 6-7(4) 6-1,3,QF,130.0,22.0,3.0,84.0,56.0,48.0,18.0,15.0,2.0,2.0,3.0,3.0,93.0,56.0,42.0,17.0,13.0,7.0,10.0
2023-8998,Adelaide-2,Hard,32,250,O,20230109,25,KF17,,LL,Soonwoo Kwon,R,180.0,KOR,25.103,84.0,626.0,D0CO,,,Jack Draper,L,193.0,GBR,21.049,40.0,1010.0,7-6(6) 6-7(2) 6-3,3,SF,165.0,13.0,5.0,109.0,62.0,50.0,26.0,16.0,9.0,10.0,18.0,6.0,109.0,62.0,50.0,22.0,17.0,2.0,5.0
2023-8998,Adelaide-2,Hard,32,250,O,20230109,26,BD06,4.0,,Roberto Bautista Agut,R,183.0,ESP,34.738,26.0,1545.0,KD46,,WC,Thanasi Kokkinakis,R,193.0,AUS,26.749,110.0,522.0,7-6(4) 3-6 6-3,3,SF,154.0,7.0,1.0,107.0,70.0,52.0,20.0,15.0,11.0,12.0,20.0,1.0,77.0,46.0,39.0,22.0,15.0,0.0,1.0
2023-8998,Adelaide-2,Hard,32,250,O,20230109,27,KF17,,LL,Soonwoo Kwon,R,180.0,KOR,25.103,84.0,626.0,BD06,4.0,,Roberto Bautista Agut,R,183.0,ESP,34.738,26.0,1545.0,6-4 3-6 7-6(4),3,F,162.0,11.0,2.0,98.0,53.0,42.0,23.0,15.0,4.0,7.0,5.0,2.0,101.0,60.0,45.0,18.0,16.0,4.0,7.0
2023-580,Australian Open,Hard,128,G,O,20230116,1,N409,1.0,,Rafael Nadal,L,185.0,ESP,36.621,2.0,5770.0,D0CO,,,Jack Draper,L,193.0,GBR,21.068,38.0,1020.0,7-5 2-6 6-4 6-1,5,R128,221.0,6.0,3.0,119.0,78.0,57.0,21.0,19.0,7.0,11.0,13.0,3.0,115.0,67.0,42.0,27.0,18.0,6.0,12.0
2023-580,Australian Open,Hard,128,G,O,20230116,2,MK66,,,Mackenzie McDonald,R,178.0,USA,27.754,65.0,775.0,N0AE,,,Brandon Nakashima,R,188.0,USA,21.454,49.0,902.0,7-6(5) 7-6(1) 1-6 6-7(10) 6-4,5,R128,242.0,14.0,4.0,156.0,104.0,81.0,31.0,27.0,1.0,5.0,19.0,9.0,177.0,120.0,98.0,24.0,26.0,4.0,7.0
2023-580,Australian Open,Hard,128,G,O,20230116,3,S0GD,,Q,Dalibor Svrcina,R,178.0,CZE,20.29,216.0,249.0,MU94,,,Jaume Munar,R,183.0,ESP,25.7,64.0,777.0,6-3 6-2 6-2,5,R128,136.0,0.0,4.0,69.0,48.0,37.0,12.0,13.0,4.0,5.0,7.0,6.0,102.0,65.0,40.0,10.0,12.0,11.0,18.0
2023-580,Australian Open,Hard,128,G,O,20230116,4,N732,31.0,,Yoshihito Nishioka,L,170.0,JPN,27.305,33.0,1212.0,Y268,,,Mikael Ymer,R,185.0,SWE,24.353,69.0,751.0,6-4 6-2 7-5,5,R128,138.0,1.0,1.0,86.0,55.0,40.0,19.0,15.0,3.0,5.0,6.0,3.0,90.0,66.0,41.0,12.0,15.0,6.0,12.0
2023-580,Australian Open,Hard,128,G,O,20230116,5,KE29,18.0,,Karen Khachanov,R,198.0,RUS,26.656,20.0,1885.0,Z419,,,Bernabe Zapata Miralles,R,183.0,ESP,26.01,72.0,712.0,7-6(3) 6-2 6-0,5,R128,122.0,11.0,1.0,90.0,68.0,50.0,14.0,13.0,6.0,7.0,1.0,1.0,91.0,56.0,33.0,12.0,13.0,6.0,12.0
2023-580,Australian Open,Hard,128,G,O,20230116,6,KB95,,WC,Jason Kubler,R,178.0,AUS,29.662,84.0,633.0,B0BI,,,Sebastian Baez,R,170.0,ARG,22.051,44.0,975.0,6-4 6-4 6-4,5,R128,136.0,6.0,2.0,86.0,53.0,45.0,19.0,15.0,3.0,3.0,0.0,3.0,80.0,61.0,40.0,11.0,15.0,0.0,3.0
2023-580,Australian Open,Hard,128,G,O,20230116,7,S0RE,,Q,Juncheng Shang,L,180.0,CHN,17.952,194.0,289.0,O449,,,Oscar Otte,R,193.0,GER,29.503,74.0,701.0,6-2 6-4 6-7(2) 7-5,5,R128,176.0,3.0,0.0,128.0,92.0,72.0,21.0,21.0,2.0,2.0,19.0,7.0,129.0,84.0,67.0,19.0,21.0,9.0,13.0
2023-580,Australian Open,Hard,128,G,O,20230116,8,TD51,16.0,,Frances Tiafoe,R,188.0,USA,24.988,17.0,2260.0,AE14,,,Daniel Altmaier,R,188.0,GER,24.345,92.0,584.0,6-3 6-3 6-7(5) 7-6(6),5,R128,199.0,24.0,3.0,129.0,81.0,68.0,31.0,21.0,7.0,8.0,17.0,2.0,154.0,93.0,65.0,33.0,21.0,12.0,16.0
2023-580,Australian Open,Hard,128,G,O,20230116,9,HB71,10.0,,Hubert Hurkacz,R,196.0,POL,25.927,11.0,2860.0,MO44,,,Pedro Martinez,R,185.0,ESP,25.725,60.0,801.0,7-6(1) 6-2 6-2,5,R128,109.0,24.0,1.0,70.0,51.0,46.0,14.0,14.0,0.0,0.0,0.0,4.0,84.0,61.0,38.0,10.0,14.0,0.0,4.0
2023-580,Australian Open,Hard,128,G,O,20230116,10,SU87,,,Lorenzo Sonego,R,191.0,ITA,27.685,47.0,925.0,BT72,,,Nuno Borges,R,185.0,POR,25.906,111.0,512.0,7-6(4) 6-3 6-7(6) 6-1,5,R128,197.0,16.0,4.0,129.0,94.0,79.0,19.0,20.0,4.0,4.0,0.0,2.0,128.0,89.0,56.0,30.0,20.0,4.0,7.0
2023-580,Australian Open,Hard,128,G,O,20230116,11,DA81,,,Taro Daniel,R,191.0,JPN,29.969,94.0,572.0,E873,,Q,Ernesto Escobedo,R,185.0,MEX,26.535,313.0,163.0,7-5 6-2 3-6 6-3,5,R128,194.0,15.0,3.0,122.0,77.0,56.0,26.0,19.0,5.0,7.0,11.0,3.0,124.0,78.0,54.0,23.0,19.0,6.0,11.0
2023-580,Australian Open,Hard,128,G,O,20230116,12,SU55,20.0,,Denis Shapovalov,L,185.0,CAN,23.756,22.0,1830.0,L987,,,Dusan Lajovic,R,183.0,SRB,32.548,86.0,626.0,6-4 4-6 6-4 6-1,5,R128,143.0,16.0,7.0,111.0,62.0,51.0,25.0,19.0,3.0,5.0,5.0,2.0,102.0,76.0,52.0,13.0,18.0,7.0,12.0
2023-580,Australian Open,Hard,128,G,O,20230116,13,K0AH,29.0,,Sebastian Korda,R,196.0,USA,22.533,31.0,1325.0,GD64,,,Cristian Garin,R,185.0,CHI,26.631,87.0,606.0,6-4 1-6 6-3 6-2,5,R128,154.0,16.0,5.0,105.0,61.0,46.0,25.0,17.0,10.0,13.0,5.0,2.0,103.0,53.0,35.0,27.0,17.0,4.0,9.0
2023-580,Australian Open,Hard,128,G,O,20230116,14,WB08,,Q,Yosuke Watanuki,R,180.0,JPN,24.764,138.0,413.0,RC91,,,Arthur Rinderknech,R,196.0,FRA,27.485,59.0,807.0,6-3 6-3 6-2,5,R128,103.0,10.0,4.0,72.0,47.0,40.0,13.0,13.0,0.0,0.0,8.0,4.0,76.0,47.0,31.0,13.0,13.0,8.0,13.0
2023-580,Australian Open,Hard,128,G,O,20230116,15,MH30,,WC,John Millman,R,183.0,AUS,33.591,140.0,410.0,HH06,,,Marc-Andrea Huesler,L,196.0,SUI,26.563,51.0,866.0,6-7(8) 7-5 6-7(2) 6-2 6-3,5,R128,245.0,9.0,3.0,171.0,116.0,90.0,30.0,27.0,4.0,5.0,20.0,1.0,170.0,105.0,75.0,38.0,26.0,6.0,11.0
2023-580,Australian Open,Hard,128,G,O,20230116,16,MM58,7.0,,Daniil Medvedev,R,198.0,RUS,26.93,8.0,3860.0,GC88,,,Marcos Giron,R,180.0,USA,29.481,56.0,841.0,6-0 6-1 6-2,5,R128,96.0,9.0,4.0,73.0,51.0,40.0,13.0,11.0,6.0,6.0,1.0,0.0,69.0,46.0,21.0,10.0,10.0,6.0,13.0
2023-580,Australian Open,Hard,128,G,O,20230116,17,TE51,3.0,,Stefanos Tsitsipas,R,193.0,GRE,24.43,4.0,5715.0,HB64,,,Quentin Halys,R,191.0,FRA,26.223,61.0,800.0,6-3 6-4 7-6(6),5,R128,120.0,17.0,6.0,95.0,61.0,51.0,17.0,16.0,7.0,9.0,9.0,6.0,90.0,57.0,46.0,10.0,15.0,3.0,7.0
2023-580,Australian Open,Hard,128,G,O,20230116,18,H0BH,,WC,Rinky Hijikata,R,178.0,AUS,21.895,169.0,344.0,H997,,Q,Yannick Hanfmann,R,193.0,GER,31.176,128.0,435.0,4-6 4-6 6-3 7-6(5) 6-3,5,R128,265.0,15.0,6.0,191.0,121.0,90.0,33.0,25.0,12.0,15.0,21.0,2.0,152.0,98.0,73.0,27.0,25.0,8.0,11.0
2023-580,Australian Open,Hard,128,G,O,20230116,19,GJ37,,,Tallon Griekspoor,R,188.0,NED,26.541,63.0,789.0,K09F,,LL,Pavel Kotov,R,191.0,RUS,24.162,117.0,483.0,6-3 7-6(3) 6-3,5,R128,129.0,13.0,3.0,97.0,61.0,52.0,21.0,15.0,1.0,1.0,6.0,3.0,90.0,62.0,44.0,16.0,15.0,6.0,8.0
2023-580,Australian Open,Hard,128,G,O,20230116,20,V812,32.0,,Botic van de Zandschulp,R,191.0,NED,27.285,34.0,1205.0,I305,,,Ilya Ivashka,R,193.0,BLR,28.893,73.0,705.0,6-3 3-6 7-5 6-3,5,R128,212.0,11.0,6.0,168.0,111.0,71.0,28.0,20.0,17.0,21.0,6.0,3.0,125.0,78.0,53.0,22.0,19.0,8.0,14.0
2023-580,Australian Open,Hard,128,G,O,20230116,21,HG86,,,Lloyd Harris,R,193.0,RSA,25.892,186.0,310.0,M0EJ,17.0,,Lorenzo Musetti,R,185.0,ITA,20.873,19.0,1925.0,6-4 6-1 6-7(0) 2-6 7-6(4),5,R128,228.0,17.0,5.0,173.0,106.0,80.0,30.0,25.0,7.0,11.0,7.0,2.0,144.0,92.0,62.0,31.0,24.0,3.0,9.0
2023-580,Australian Open,Hard,128,G,O,20230116,22,F724,,,Marton Fucsovics,R,188.0,HUN,30.938,78.0,687.0,CE77,,,Federico Coria,R,180.0,ARG,30.856,76.0,695.0,4-6 7-5 2-6 7-6(6) 6-2,5,R128,257.0,9.0,4.0,162.0,95.0,66.0,32.0,25.0,13.0,20.0,1.0,4.0,168.0,121.0,77.0,21.0,25.0,11.0,18.0
2023-580,Australian Open,Hard,128,G,O,20230116,23,EA24,,,Tomas Martin Etcheverry,R,196.0,ARG,23.499,79.0,649.0,BK24,,,Gregoire Barrere,R,183.0,FRA,28.914,83.0,635.0,3-6 6-3 6-4 6-4,5,R128,176.0,10.0,1.0,104.0,71.0,56.0,19.0,19.0,2.0,4.0,7.0,3.0,126.0,70.0,49.0,31.0,19.0,12.0,16.0
2023-580,Australian Open,Hard,128,G,O,20230116,24,S0AG,15.0,,Jannik Sinner,R,191.0,ITA,21.418,16.0,2375.0,E831,,,Kyle Edmund,R,188.0,GBR,28.022,581.0,52.0,6-4 6-0 6-2,5,R128,116.0,6.0,2.0,82.0,54.0,44.0,12.0,12.0,5.0,6.0,2.0,2.0,81.0,45.0,24.0,13.0,12.0,3.0,10.0
2023-580,Australian Open,Hard,128,G,O,20230116,25,N771,11.0,,Cameron Norrie,L,188.0,GBR,27.4,12.0,2680.0,V0DZ,,WC,Luca Van Assche,R,178.0,FRA,18.683,143.0,403.0,7-6(3) 6-0 6-3,5,R128,142.0,6.0,2.0,96.0,67.0,47.0,13.0,14.0,5.0,8.0,1.0,4.0,80.0,41.0,25.0,15.0,13.0,8.0,15.0
2023-580,Australian Open,Hard,128,G,O,20230116,26,LB66,,,Constant Lestienne,R,180.0,FRA,30.65,55.0,842.0,MJ08,,,Thiago Monteiro,L,183.0,BRA,28.63,77.0,690.0,6-3 7-6(2) 6-3,5,R128,148.0,5.0,3.0,113.0,85.0,68.0,10.0,15.0,6.0,6.0,10.0,4.0,95.0,58.0,43.0,15.0,15.0,6.0,8.0
2023-580,Australian Open,Hard,128,G,O,20230116,27,E865,,WC,Christopher Eubanks,R,201.0,USA,26.7,116.0,487.0,KF17,,,Soonwoo Kwon,R,180.0,KOR,25.123,52.0,862.0,6-3 6-7(1) 6-3 4-6 6-4,5,R128,188.0,42.0,5.0,155.0,109.0,83.0,25.0,25.0,3.0,4.0,10.0,6.0,138.0,84.0,66.0,31.0,25.0,3.0,6.0
2023-580,Australian Open,Hard,128,G,O,20230116,28,L0BV,,,Jiri Lehecka,R,185.0,CZE,21.188,71.0,717.0,CG80,21.0,,Borna Coric,R,188.0,CRO,26.171,23.0,1760.0,6-3 6-3 6-3,5,R128,133.0,7.0,3.0,83.0,54.0,43.0,17.0,14.0,6.0,7.0,3.0,0.0,84.0,58.0,36.0,10.0,13.0,4.0,9.0
2023-580,Australian Open,Hard,128,G,O,20230116,29,C0AU,28.0,,Francisco Cerundolo,R,185.0,ARG,24.427,29.0,1383.0,PC11,,,Guido Pella,L,183.0,ARG,32.668,,,6-4 6-4 6-3,5,R128,126.0,6.0,3.0,95.0,64.0,48.0,16.0,15.0,4.0,5.0,0.0,0.0,85.0,58.0,36.0,14.0,14.0,2.0,7.0
2023-580,Australian Open,Hard,128,G,O,20230116,30,MW02,,,Corentin Moutet,L,180.0,FRA,23.745,62.0,790.0,WB32,,WC,Yibing Wu,R,183.0,CHN,23.258,114.0,494.0,6-4 5-7 6-2 4-6 7-5,5,R128,254.0,2.0,3.0,168.0,128.0,82.0,22.0,26.0,5.0,10.0,3.0,2.0,164.0,107.0,69.0,27.0,26.0,12.0,19.0
2023-580,Australian Open,Hard,128,G,O,20230116,31,MV14,,,Alex Molcan,L,178.0,SVK,25.125,53.0,850.0,W367,,,Stan Wawrinka,R,183.0,SUI,37.804,139.0,412.0,6-7(3) 6-3 1-6 7-6(2) 6-4,5,R128,262.0,7.0,4.0,154.0,90.0,52.0,37.0,25.0,7.0,16.0,16.0,4.0,172.0,99.0,72.0,23.0,25.0,14.0,23.0
2023-580,Australian Open,Hard,128,G,O,20230116,32,AG37,6.0,,Felix Auger-Aliassime,R,193.0,CAN,22.439,7.0,3895.0,PD07,,,Vasek Pospisil,R,193.0,CAN,32.567,99.0,560.0,1-6 7-6(4) 7-6(3) 6-3,5,R128,238.0,13.0,7.0,130.0,78.0,59.0,26.0,20.0,1.0,5.0,14.0,7.0,147.0,95.0,66.0,26.0,20.0,9.0,12.0
2023-580,Australian Open,Hard,128,G,O,20230116,33,RE44,5.0,,Andrey Rublev,R,188.0,RUS,25.24,6.0,3930.0,TB69,,WC,Dominic Thiem,R,185.0,AUT,29.369,98.0,561.0,6-3 6-4 6-2,5,R128,130.0,7.0,3.0,88.0,59.0,48.0,13.0,14.0,2.0,2.0,4.0,0.0,88.0,52.0,30.0,21.0,13.0,12.0,16.0
2023-580,Australian Open,Hard,128,G,O,20230116,34,RH24,,,Emil Ruusuvuori,R,188.0,FIN,23.792,46.0,941.0,PH71,,Q,Max Purcell,R,185.0,AUS,24.789,205.0,268.0,4-6 6-3 6-4 7-6(11),5,R128,221.0,10.0,4.0,140.0,95.0,70.0,26.0,21.0,6.0,8.0,21.0,5.0,141.0,89.0,71.0,16.0,20.0,8.0,11.0
2023-580,Australian Open,Hard,128,G,O,20230116,35,CA12,,,Jeremy Chardy,R,188.0,FRA,35.926,,,GE33,,,Daniel Elahi Galan,R,191.0,COL,26.579,70.0,735.0,1-6 7-5 6-1 6-4,5,R128,199.0,7.0,14.0,157.0,96.0,65.0,26.0,18.0,21.0,26.0,2.0,4.0,122.0,73.0,45.0,22.0,18.0,10.0,17.0
2023-580,Australian Open,Hard,128,G,O,20230116,36,E687,25.0,,Daniel Evans,R,175.0,GBR,32.652,30.0,1380.0,BF23,,,Facundo Bagnis,L,183.0,ARG,32.884,91.0,595.0,6-4 4-6 6-4 6-4,5,R128,209.0,5.0,6.0,109.0,70.0,52.0,24.0,20.0,3.0,6.0,11.0,3.0,137.0,93.0,58.0,22.0,20.0,5.0,10.0
2023-580,Australian Open,Hard,128,G,O,20230116,37,KB09,,LL,Denis Kudla,R,180.0,USA,30.415,108.0,522.0,SX50,,,Roman Safiullin,R,185.0,RUS,25.443,97.0,563.0,3-6 7-5 7-6(6) 6-3,5,R128,182.0,12.0,2.0,116.0,72.0,58.0,22.0,21.0,4.0,7.0,16.0,5.0,128.0,76.0,56.0,26.0,21.0,2.0,7.0
2023-580,Australian Open,Hard,128,G,O,20230116,38,HH26,,,Ugo Humbert,L,188.0,FRA,24.559,106.0,523.0,G628,,,Richard Gasquet,R,183.0,FRA,36.58,42.0,990.0,6-3 6-4 6-3,5,R128,118.0,12.0,3.0,84.0,53.0,42.0,17.0,14.0,3.0,4.0,2.0,1.0,80.0,48.0,29.0,15.0,14.0,8.0,13.0
2023-580,Australian Open,Hard,128,G,O,20230116,39,C0BC,,,Maxime Cressy,R,201.0,USA,25.692,41.0,992.0,R772,,,Albert Ramos-Vinolas,L,188.0,ESP,34.998,37.0,1075.0,7-6(2) 7-5 3-6 6-3,5,R128,203.0,34.0,11.0,120.0,77.0,65.0,27.0,21.0,3.0,4.0,5.0,3.0,124.0,77.0,58.0,29.0,21.0,5.0,7.0
2023-580,Australian Open,Hard,128,G,O,20230116,40,R0DG,9.0,,Holger Rune,R,188.0,DEN,19.718,10.0,2876.0,KB05,,,Filip Krajinovic,R,185.0,SRB,30.886,54.0,845.0,6-2 6-3 6-4,5,R128,123.0,11.0,4.0,83.0,56.0,40.0,14.0,14.0,6.0,8.0,4.0,3.0,94.0,62.0,40.0,10.0,13.0,6.0,13.0
2023-580,Australian Open,Hard,128,G,O,20230116,41,CD85,14.0,,Pablo Carreno Busta,R,188.0,ESP,31.515,15.0,2420.0,CG04,,,Pedro Cachin,R,185.0,ARG,27.765,58.0,809.0,7-6(4) 6-1 7-6(3),5,R128,128.0,15.0,3.0,93.0,59.0,53.0,22.0,16.0,2.0,2.0,12.0,1.0,97.0,59.0,48.0,18.0,15.0,4.0,6.0
2023-580,Australian Open,Hard,128,G,O,20230116,42,BM95,,,Benjamin Bonzi,R,183.0,FRA,26.604,48.0,911.0,B0GG,,Q,Mattia Bellucci,L,175.0,ITA,21.626,152.0,374.0,4-6 6-3 7-6(5) 6-4,5,R128,196.0,15.0,3.0,149.0,88.0,65.0,34.0,21.0,12.0,15.0,9.0,7.0,122.0,72.0,58.0,24.0,20.0,3.0,7.0
2023-580,Australian Open,Hard,128,G,O,20230116,43,ME82,,,Adrian Mannarino,L,180.0,FRA,34.549,45.0,971.0,I186,,,John Isner,R,208.0,USA,37.725,43.0,980.0,6-7(5) 7-6(8) 6-2 6-2,5,R128,183.0,14.0,4.0,119.0,76.0,70.0,24.0,20.0,3.0,3.0,21.0,2.0,128.0,90.0,67.0,19.0,20.0,5.0,9.0
2023-580,Australian Open,Hard,128,G,O,20230116,44,DH58,22.0,,Alex de Minaur,R,183.0,AUS,23.912,24.0,1710.0,H09F,,Q,Yu Hsiou Hsu,R,178.0,TPE,23.792,209.0,265.0,6-2 6-2 6-3,5,R128,121.0,8.0,1.0,63.0,35.0,30.0,20.0,13.0,1.0,1.0,3.0,2.0,102.0,74.0,43.0,10.0,12.0,8.0,14.0
2023-580,Australian Open,Hard,128,G,O,20230116,45,D875,27.0,,Grigor Dimitrov,R,191.0,BUL,31.671,28.0,1395.0,KC56,,,Aslan Karatsev,R,185.0,RUS,29.366,82.0,635.0,7-6(3) 7-5 6-2,5,R128,139.0,15.0,4.0,86.0,57.0,49.0,20.0,16.0,1.0,1.0,9.0,11.0,114.0,66.0,50.0,18.0,16.0,8.0,11.0
2023-580,Australian Open,Hard,128,G,O,20230116,46,DB63,,,Laslo Djere,R,188.0,SRB,27.625,68.0,758.0,BU13,,Q,Zizou Bergs,R,185.0,BEL,23.622,130.0,428.0,6-4 1-6 6-4 6-1,5,R128,158.0,7.0,1.0,102.0,58.0,39.0,24.0,17.0,5.0,9.0,7.0,5.0,107.0,65.0,47.0,14.0,17.0,7.0,13.0
2023-580,Australian Open,Hard,128,G,O,20230116,47,CG94,,Q,Enzo Couacaud,R,183.0,FRA,27.88,191.0,302.0,DA31,,,Hugo Dellien,R,180.0,BOL,29.585,131.0,425.0,6-4 7-5 6-0,5,R128,111.0,4.0,1.0,80.0,47.0,37.0,18.0,14.0,2.0,4.0,1.0,4.0,88.0,62.0,34.0,11.0,14.0,6.0,13.0
2023-580,Australian Open,Hard,128,G,O,20230116,48,D643,4.0,,Novak Djokovic,R,188.0,SRB,35.655,5.0,5070.0,CF59,,,Roberto Carballes Baena,R,183.0,ESP,29.818,75.0,695.0,6-3 6-4 6-0,5,R128,122.0,9.0,1.0,70.0,45.0,39.0,16.0,13.0,3.0,3.0,4.0,1.0,78.0,39.0,26.0,14.0,12.0,4.0,9.0
2023-580,Australian Open,Hard,128,G,O,20230116,49,FB98,8.0,,Taylor Fritz,R,196.0,USA,25.218,9.0,3545.0,BG23,,,Nikoloz Basilashvili,R,185.0,GEO,30.897,90.0,595.0,6-4 6-2 4-6 7-5,5,R128,144.0,32.0,2.0,101.0,67.0,56.0,20.0,20.0,2.0,4.0,9.0,11.0,125.0,68.0,50.0,26.0,20.0,3.0,8.0
2023-580,Australian Open,Hard,128,G,O,20230116,50,P09Z,,WC,Alexei Popyrin,R,196.0,AUS,23.45,113.0,506.0,T0AP,,,Chun-Hsin Tseng,R,175.0,TPE,21.44,115.0,490.0,4-6 7-6(5) 6-7(5) 7-6(4) 6-1,5,R128,266.0,31.0,4.0,174.0,114.0,95.0,31.0,27.0,9.0,10.0,2.0,7.0,197.0,121.0,91.0,37.0,26.0,12.0,14.0
2023-580,Australian Open,Hard,128,G,O,20230116,51,S0S1,,,Ben Shelton,L,193.0,USA,20.271,89.0,604.0,Z371,,,Zhizhen Zhang,R,193.0,CHN,26.251,96.0,567.0,4-6 6-3 6-2 2-6 7-6(4),5,R128,211.0,18.0,8.0,143.0,81.0,66.0,36.0,24.0,5.0,8.0,12.0,2.0,149.0,94.0,72.0,26.0,23.0,3.0,6.0
2023-580,Australian Open,Hard,128,G,O,20230116,52,J551,,Q,Nicolas Jarry,R,201.0,CHI,27.266,154.0,370.0,KI95,26.0,,Miomir Kecmanovic,R,183.0,SRB,23.379,27.0,1445.0,6-3 6-4 7-6(3),5,R128,121.0,21.0,0.0,81.0,58.0,49.0,19.0,16.0,0.0,0.0,5.0,2.0,94.0,52.0,38.0,23.0,15.0,1.0,3.0
2023-580,Australian Open,Hard,128,G,O,20230116,53,SM37,23.0,,Diego Schwartzman,R,170.0,ARG,30.418,26.0,1550.0,K0DP,,Q,Oleksii Krutykh,R,185.0,UKR,22.853,188.0,308.0,6-4 6-7(6) 6-3 7-6(5),5,R128,235.0,8.0,4.0,152.0,103.0,70.0,29.0,22.0,14.0,16.0,9.0,3.0,139.0,69.0,51.0,36.0,21.0,8.0,12.0
2023-580,Australian Open,Hard,128,G,O,20230116,54,W09G,,,J.J. Wolf,R,183.0,USA,24.071,67.0,758.0,TC61,,,Jordan Thompson,R,183.0,AUS,28.742,88.0,604.0,6-3 3-6 6-4 7-5,5,R128,204.0,17.0,5.0,130.0,89.0,65.0,22.0,20.0,9.0,11.0,19.0,3.0,137.0,84.0,61.0,21.0,20.0,8.0,12.0
2023-580,Australian Open,Hard,128,G,O,20230116,55,MP01,,LL,Michael Mmoh,R,188.0,USA,25.016,107.0,523.0,LC12,,Q,Laurent Lokoli,R,188.0,FRA,28.246,175.0,326.0,4-6 2-6 7-6(7) 6-4 6-2,5,R128,263.0,9.0,6.0,142.0,82.0,57.0,31.0,24.0,3.0,9.0,11.0,8.0,145.0,91.0,64.0,25.0,24.0,5.0,11.0
2023-580,Australian Open,Hard,128,G,O,20230116,56,Z355,12.0,,Alexander Zverev,R,198.0,GER,25.741,13.0,2560.0,V836,,LL,Juan Pablo Varillas,R,185.0,PER,27.28,103.0,546.0,4-6 6-1 5-7 7-6(3) 6-4,5,R128,246.0,21.0,5.0,145.0,107.0,89.0,16.0,26.0,3.0,7.0,15.0,0.0,178.0,109.0,76.0,34.0,25.0,13.0,18.0
2023-580,Australian Open,Hard,128,G,O,20230116,57,MC10,,,Andy Murray,R,191.0,GBR,35.674,66.0,770.0,BK40,13.0,,Matteo Berrettini,R,196.0,ITA,26.762,14.0,2490.0,6-3 6-3 4-6 6-7(7) 7-6(6),5,R128,289.0,10.0,2.0,172.0,120.0,86.0,35.0,26.0,4.0,5.0,31.0,1.0,155.0,108.0,90.0,20.0,26.0,2.0,5.0
2023-580,Australian Open,Hard,128,G,O,20230116,58,KD46,,,Thanasi Kokkinakis,R,193.0,AUS,26.768,159.0,362.0,F510,,,Fabio Fognini,R,178.0,ITA,35.65,57.0,823.0,6-1 6-2 6-2,5,R128,105.0,14.0,1.0,64.0,49.0,42.0,7.0,12.0,2.0,2.0,4.0,2.0,66.0,46.0,26.0,7.0,11.0,5.0,11.0
2023-580,Australian Open,Hard,128,G,O,20230116,59,H09P,,Q,Brandon Holt,R,185.0,USA,24.78,215.0,255.0,V832,,Q,Aleksandar Vukic,R,188.0,AUS,26.779,146.0,384.0,6-4 1-6 6-3 3-6 6-3,5,R128,196.0,4.0,2.0,143.0,96.0,65.0,25.0,22.0,4.0,8.0,19.0,3.0,141.0,90.0,63.0,28.0,22.0,8.0,12.0
2023-580,Australian Open,Hard,128,G,O,20230116,60,BD06,24.0,,Roberto Bautista Agut,R,183.0,ESP,34.757,25.0,1675.0,SH90,,,Joao Sousa,R,185.0,POR,33.799,81.0,644.0,6-3 6-2 6-2,5,R128,111.0,6.0,4.0,77.0,50.0,39.0,17.0,13.0,4.0,4.0,4.0,0.0,66.0,48.0,29.0,6.0,12.0,1.0,6.0
2023-580,Australian Open,Hard,128,G,O,20230116,61,DH50,30.0,,Alejandro Davidovich Fokina,R,180.0,ESP,23.617,32.0,1325.0,BK92,,,Alexander Bublik,R,196.0,KAZ,25.582,36.0,1130.0,6-0 6-7(3) 3-6 6-4 6-3,5,R128,192.0,7.0,3.0,138.0,96.0,69.0,26.0,23.0,4.0,6.0,20.0,16.0,136.0,74.0,58.0,27.0,23.0,7.0,13.0
2023-580,Australian Open,Hard,128,G,O,20230116,62,PL56,,,Tommy Paul,R,185.0,USA,25.667,35.0,1160.0,SL28,,Q,Jan-Lennard Struff,R,193.0,GER,32.728,167.0,351.0,6-1 7-6(6) 6-2,5,R128,103.0,20.0,1.0,79.0,54.0,45.0,15.0,14.0,2.0,3.0,8.0,6.0,79.0,43.0,30.0,13.0,13.0,5.0,10.0
2023-580,Australian Open,Hard,128,G,O,20230116,63,B0CD,,,Jenson Brooksby,R,193.0,USA,22.223,39.0,1010.0,O483,,,Christopher O'Connell,R,183.0,AUS,28.621,80.0,648.0,3-6 6-2 6-3 6-2,5,R128,143.0,9.0,2.0,103.0,68.0,52.0,20.0,17.0,4.0,5.0,8.0,4.0,104.0,57.0,36.0,25.0,17.0,6.0,11.0
2023-580,Australian Open,Hard,128,G,O,20230116,64,RH16,2.0,,Casper Ruud,R,183.0,NOR,24.068,3.0,5720.0,M0FH,,,Tomas Machac,R,183.0,CZE,22.259,110.0,512.0,6-3 7-6(6) 6-7(5) 6-3,5,R128,195.0,11.0,3.0,133.0,87.0,60.0,33.0,21.0,3.0,4.0,10.0,1.0,152.0,97.0,72.0,21.0,21.0,9.0,13.0
2023-580,Australian Open,Hard,128,G,O,20230116,65,MK66,,,Mackenzie McDonald,R,178.0,USA,27.754,65.0,775.0,N409,1.0,,Rafael Nadal,L,185.0,ESP,36.621,2.0,5770.0,6-4 6-4 7-5,5,R64,152.0,14.0,2.0,95.0,63.0,43.0,20.0,16.0,2.0,4.0,6.0,2.0,102.0,65.0,40.0,18.0,16.0,3.0,8.0
2023-580,Australian Open,Hard,128,G,O,20230116,66,N732,31.0,,Yoshihito Nishioka,L,170.0,JPN,27.305,33.0,1212.0,S0GD,,Q,Dalibor Svrcina,R,178.0,CZE,20.29,216.0,249.0,6-3 6-4 6-2,5,R64,107.0,2.0,1.0,77.0,51.0,33.0,20.0,14.0,1.0,3.0,1.0,6.0,91.0,73.0,40.0,6.0,13.0,7.0,13.0
2023-580,Australian Open,Hard,128,G,O,20230116,67,KE29,18.0,,Karen Khachanov,R,198.0,RUS,26.656,20.0,1885.0,KB95,,WC,Jason Kubler,R,178.0,AUS,29.662,84.0,633.0,6-4 5-7 6-4 6-2,5,R64,173.0,15.0,2.0,117.0,81.0,64.0,18.0,20.0,3.0,5.0,14.0,2.0,123.0,86.0,57.0,20.0,20.0,4.0,9.0
2023-580,Australian Open,Hard,128,G,O,20230116,68,TD51,16.0,,Frances Tiafoe,R,188.0,USA,24.988,17.0,2260.0,S0RE,,Q,Juncheng Shang,L,180.0,CHN,17.952,194.0,289.0,6-4 6-4 6-1,5,R64,118.0,20.0,1.0,78.0,50.0,39.0,18.0,14.0,4.0,4.0,1.0,3.0,97.0,62.0,35.0,18.0,13.0,11.0,16.0
2023-580,Australian Open,Hard,128,G,O,20230116,69,HB71,10.0,,Hubert Hurkacz,R,196.0,POL,25.927,11.0,2860.0,SU87,,,Lorenzo Sonego,R,191.0,ITA,27.685,47.0,925.0,3-6 7-6(3) 2-6 6-3 6-3,5,R64,233.0,9.0,6.0,151.0,99.0,78.0,16.0,24.0,5.0,10.0,5.0,7.0,156.0,98.0,67.0,29.0,23.0,12.0,17.0
2023-580,Australian Open,Hard,128,G,O,20230116,70,SU55,20.0,,Denis Shapovalov,L,185.0,CAN,23.756,22.0,1830.0,DA81,,,Taro Daniel,R,191.0,JPN,29.969,94.0,572.0,6-3 7-6(3) 7-5,5,R64,165.0,9.0,9.0,99.0,55.0,43.0,23.0,17.0,5.0,8.0,2.0,5.0,116.0,71.0,41.0,23.0,16.0,3.0,9.0
2023-580,Australian Open,Hard,128,G,O,20230116,71,K0AH,29.0,,Sebastian Korda,R,196.0,USA,22.533,31.0,1325.0,WB08,,Q,Yosuke Watanuki,R,180.0,JPN,24.764,138.0,413.0,6-2 7-5 6-4,5,R64,147.0,10.0,2.0,119.0,71.0,49.0,27.0,15.0,15.0,17.0,6.0,5.0,95.0,46.0,32.0,20.0,15.0,2.0,8.0
2023-580,Australian Open,Hard,128,G,O,20230116,72,MM58,7.0,,Daniil Medvedev,R,198.0,RUS,26.93,8.0,3860.0,MH30,,WC,John Millman,R,183.0,AUS,33.591,140.0,410.0,7-5 6-2 6-2,5,R64,139.0,10.0,3.0,98.0,67.0,50.0,10.0,14.0,4.0,7.0,0.0,1.0,81.0,53.0,28.0,10.0,14.0,5.0,13.0
2023-580,Australian Open,Hard,128,G,O,20230116,73,TE51,3.0,,Stefanos Tsitsipas,R,193.0,GRE,24.43,4.0,5715.0,H0BH,,WC,Rinky Hijikata,R,178.0,AUS,21.895,169.0,344.0,6-3 6-0 6-2,5,R64,92.0,6.0,1.0,71.0,47.0,37.0,16.0,12.0,5.0,5.0,3.0,0.0,56.0,34.0,17.0,10.0,11.0,3.0,9.0
2023-580,Australian Open,Hard,128,G,O,20230116,74,GJ37,,,Tallon Griekspoor,R,188.0,NED,26.541,63.0,789.0,V812,32.0,,Botic van de Zandschulp,R,191.0,NED,27.285,34.0,1205.0,6-4 6-4 6-4,5,R64,124.0,9.0,2.0,96.0,69.0,51.0,15.0,15.0,3.0,4.0,8.0,2.0,86.0,55.0,35.0,17.0,15.0,1.0,5.0
2023-580,Australian Open,Hard,128,G,O,20230116,75,F724,,,Marton Fucsovics,R,188.0,HUN,30.938,78.0,687.0,HG86,,,Lloyd Harris,R,193.0,RSA,25.892,186.0,310.0,6-2 6-3 5-7 6-4,5,R64,185.0,3.0,2.0,122.0,79.0,62.0,24.0,20.0,8.0,9.0,5.0,2.0,122.0,71.0,44.0,28.0,19.0,7.0,11.0
2023-580,Australian Open,Hard,128,G,O,20230116,76,S0AG,15.0,,Jannik Sinner,R,191.0,ITA,21.418,16.0,2375.0,EA24,,,Tomas Martin Etcheverry,R,196.0,ARG,23.499,79.0,649.0,6-3 6-2 6-2,5,R64,104.0,6.0,3.0,68.0,42.0,37.0,16.0,13.0,0.0,0.0,6.0,1.0,65.0,40.0,24.0,11.0,12.0,0.0,5.0
2023-580,Australian Open,Hard,128,G,O,20230116,77,N771,11.0,,Cameron Norrie,L,188.0,GBR,27.4,12.0,2680.0,LB66,,,Constant Lestienne,R,180.0,FRA,30.65,55.0,842.0,6-3 3-6 7-6(2) 6-3,5,R64,193.0,17.0,3.0,136.0,89.0,59.0,27.0,20.0,9.0,14.0,0.0,2.0,139.0,106.0,67.0,12.0,19.0,7.0,13.0
2023-580,Australian Open,Hard,128,G,O,20230116,78,L0BV,,,Jiri Lehecka,R,185.0,CZE,21.188,71.0,717.0,E865,,WC,Christopher Eubanks,R,201.0,USA,26.7,116.0,487.0,6-4 6-4 3-6 6-3,5,R64,139.0,4.0,2.0,111.0,77.0,55.0,16.0,19.0,3.0,6.0,8.0,0.0,99.0,72.0,51.0,16.0,19.0,5.0,10.0
2023-580,Australian Open,Hard,128,G,O,20230116,79,C0AU,28.0,,Francisco Cerundolo,R,185.0,ARG,24.427,29.0,1383.0,MW02,,,Corentin Moutet,L,180.0,FRA,23.745,62.0,790.0,3-6 6-4 6-2 7-5,5,R64,191.0,2.0,5.0,111.0,71.0,53.0,17.0,20.0,3.0,7.0,1.0,3.0,147.0,100.0,56.0,23.0,19.0,8.0,15.0
2023-580,Australian Open,Hard,128,G,O,20230116,80,AG37,6.0,,Felix Auger-Aliassime,R,193.0,CAN,22.439,7.0,3895.0,MV14,,,Alex Molcan,L,178.0,SVK,25.125,53.0,850.0,3-6 3-6 6-3 6-2 6-2,5,R64,182.0,23.0,5.0,110.0,70.0,61.0,21.0,22.0,2.0,5.0,4.0,5.0,121.0,74.0,56.0,21.0,21.0,6.0,11.0
2023-580,Australian Open,Hard,128,G,O,20230116,81,RE44,5.0,,Andrey Rublev,R,188.0,RUS,25.24,6.0,3930.0,RH24,,,Emil Ruusuvuori,R,188.0,FIN,23.792,46.0,941.0,6-2 6-4 6-7(2) 6-3,5,R64,162.0,16.0,3.0,138.0,94.0,72.0,21.0,20.0,8.0,9.0,9.0,2.0,122.0,79.0,55.0,21.0,19.0,9.0,14.0
2023-580,Australian Open,Hard,128,G,O,20230116,82,E687,25.0,,Daniel Evans,R,175.0,GBR,32.652,30.0,1380.0,CA12,,,Jeremy Chardy,R,188.0,FRA,35.926,,,6-4 6-4 6-1,5,R64,118.0,8.0,0.0,71.0,44.0,36.0,17.0,14.0,1.0,2.0,6.0,5.0,82.0,62.0,36.0,10.0,13.0,5.0,11.0
2023-580,Australian Open,Hard,128,G,O,20230116,83,HH26,,,Ugo Humbert,L,188.0,FRA,24.559,106.0,523.0,KB09,,LL,Denis Kudla,R,180.0,USA,30.415,108.0,522.0,6-2 6-7(5) 6-2 6-4,5,R64,174.0,18.0,2.0,123.0,82.0,62.0,21.0,19.0,6.0,7.0,5.0,5.0,121.0,73.0,47.0,22.0,19.0,7.0,13.0
2023-580,Australian Open,Hard,128,G,O,20230116,84,R0DG,9.0,,Holger Rune,R,188.0,DEN,19.718,10.0,2876.0,C0BC,,,Maxime Cressy,R,201.0,USA,25.692,41.0,992.0,7-5 6-4 6-4,5,R64,127.0,10.0,5.0,92.0,61.0,52.0,15.0,16.0,1.0,2.0,10.0,14.0,84.0,47.0,37.0,17.0,16.0,3.0,7.0
2023-580,Australian Open,Hard,128,G,O,20230116,85,BM95,,,Benjamin Bonzi,R,183.0,FRA,26.604,48.0,911.0,CD85,14.0,,Pablo Carreno Busta,R,188.0,ESP,31.515,15.0,2420.0,4-6 4-6 7-6(5) 6-1 7-6(4),5,R64,251.0,15.0,2.0,176.0,117.0,89.0,33.0,26.0,15.0,18.0,12.0,2.0,187.0,122.0,87.0,34.0,25.0,17.0,21.0
2023-580,Australian Open,Hard,128,G,O,20230116,86,DH58,22.0,,Alex de Minaur,R,183.0,AUS,23.912,24.0,1710.0,ME82,,,Adrian Mannarino,L,180.0,FRA,34.549,45.0,971.0,7-6(3) 4-6 6-4 6-1,5,R64,208.0,3.0,5.0,122.0,68.0,49.0,30.0,20.0,2.0,6.0,2.0,3.0,123.0,83.0,51.0,19.0,19.0,3.0,9.0
2023-580,Australian Open,Hard,128,G,O,20230116,87,D875,27.0,,Grigor Dimitrov,R,191.0,BUL,31.671,28.0,1395.0,DB63,,,Laslo Djere,R,188.0,SRB,27.625,68.0,758.0,6-3 6-2 6-0,5,R64,94.0,9.0,2.0,62.0,37.0,32.0,16.0,12.0,0.0,0.0,4.0,7.0,73.0,35.0,22.0,13.0,11.0,6.0,12.0
2023-580,Australian Open,Hard,128,G,O,20230116,88,D643,4.0,,Novak Djokovic,R,188.0,SRB,35.655,5.0,5070.0,CG94,,Q,Enzo Couacaud,R,183.0,FRA,27.88,191.0,302.0,6-1 6-7(5) 6-2 6-0,5,R64,184.0,9.0,6.0,106.0,64.0,54.0,24.0,17.0,1.0,1.0,7.0,2.0,140.0,92.0,53.0,20.0,16.0,14.0,21.0
2023-580,Australian Open,Hard,128,G,O,20230116,89,P09Z,,WC,Alexei Popyrin,R,196.0,AUS,23.45,113.0,506.0,FB98,8.0,,Taylor Fritz,R,196.0,USA,25.218,9.0,3545.0,6-7(4) 7-6(2) 6-4 6-7(6) 6-2,5,R64,242.0,19.0,8.0,163.0,106.0,92.0,31.0,27.0,1.0,2.0,21.0,3.0,176.0,117.0,88.0,31.0,27.0,7.0,11.0
2023-580,Australian Open,Hard,128,G,O,20230116,90,S0S1,,,Ben Shelton,L,193.0,USA,20.271,89.0,604.0,J551,,Q,Nicolas Jarry,R,201.0,CHI,27.266,154.0,370.0,7-6(3) 7-6(3) 7-5,5,R64,158.0,8.0,6.0,104.0,60.0,49.0,31.0,18.0,0.0,1.0,10.0,3.0,107.0,72.0,57.0,20.0,18.0,5.0,7.0
2023-580,Australian Open,Hard,128,G,O,20230116,91,W09G,,,J.J. Wolf,R,183.0,USA,24.071,67.0,758.0,SM37,23.0,,Diego Schwartzman,R,170.0,ARG,30.418,26.0,1550.0,6-1 6-4 6-4,5,R64,103.0,16.0,1.0,72.0,52.0,44.0,12.0,14.0,0.0,0.0,2.0,1.0,70.0,52.0,31.0,12.0,13.0,1.0,5.0
2023-580,Australian Open,Hard,128,G,O,20230116,92,MP01,,LL,Michael Mmoh,R,188.0,USA,25.016,107.0,523.0,Z355,12.0,,Alexander Zverev,R,198.0,GER,25.741,13.0,2560.0,6-7(1) 6-4 6-3 6-2,5,R64,206.0,13.0,7.0,135.0,84.0,55.0,27.0,20.0,7.0,10.0,13.0,12.0,125.0,83.0,59.0,11.0,19.0,6.0,14.0
2023-580,Australian Open,Hard,128,G,O,20230116,93,MC10,,,Andy Murray,R,191.0,GBR,35.674,66.0,770.0,KD46,,,Thanasi Kokkinakis,R,193.0,AUS,26.768,159.0,362.0,4-6 6-7(4) 7-6(5) 6-3 7-5,5,R64,345.0,10.0,3.0,183.0,120.0,86.0,33.0,28.0,10.0,14.0,37.0,5.0,205.0,143.0,101.0,27.0,27.0,17.0,22.0
2023-580,Australian Open,Hard,128,G,O,20230116,94,BD06,24.0,,Roberto Bautista Agut,R,183.0,ESP,34.757,25.0,1675.0,H09P,,Q,Brandon Holt,R,185.0,USA,24.78,215.0,255.0,4-6 2-6 6-3 6-2 6-2,5,R64,176.0,10.0,2.0,133.0,95.0,64.0,23.0,22.0,4.0,8.0,16.0,1.0,150.0,107.0,73.0,15.0,21.0,13.0,19.0
2023-580,Australian Open,Hard,128,G,O,20230116,95,PL56,,,Tommy Paul,R,185.0,USA,25.667,35.0,1160.0,DH50,30.0,,Alejandro Davidovich Fokina,R,180.0,ESP,23.617,32.0,1325.0,6-2 2-6 6-7(4) 6-3 6-4,5,R64,230.0,18.0,2.0,158.0,109.0,79.0,21.0,24.0,5.0,10.0,6.0,3.0,170.0,116.0,74.0,25.0,23.0,7.0,14.0
2023-580,Australian Open,Hard,128,G,O,20230116,96,B0CD,,,Jenson Brooksby,R,193.0,USA,22.223,39.0,1010.0,RH16,2.0,,Casper Ruud,R,183.0,NOR,24.068,3.0,5720.0,6-3 7-5 6-7(4) 6-2,5,R64,235.0,2.0,2.0,143.0,81.0,51.0,36.0,21.0,8.0,12.0,5.0,4.0,133.0,83.0,52.0,19.0,20.0,4.0,13.0
2023-580,Australian Open,Hard,128,G,O,20230116,97,N732,31.0,,Yoshihito Nishioka,L,170.0,JPN,27.305,33.0,1212.0,MK66,,,Mackenzie McDonald,R,178.0,USA,27.754,65.0,775.0,7-6(6) 6-3 6-2,5,R32,145.0,3.0,4.0,95.0,60.0,43.0,18.0,15.0,4.0,6.0,7.0,6.0,115.0,70.0,46.0,16.0,14.0,10.0,16.0
2023-580,Australian Open,Hard,128,G,O,20230116,98,KE29,18.0,,Karen Khachanov,R,198.0,RUS,26.656,20.0,1885.0,TD51,16.0,,Frances Tiafoe,R,188.0,USA,24.988,17.0,2260.0,6-3 6-4 3-6 7-6(9),5,R32,212.0,20.0,4.0,157.0,100.0,70.0,31.0,20.0,11.0,14.0,15.0,5.0,138.0,77.0,56.0,31.0,20.0,6.0,10.0
2023-580,Australian Open,Hard,128,G,O,20230116,99,HB71,10.0,,Hubert Hurkacz,R,196.0,POL,25.927,11.0,2860.0,SU55,20.0,,Denis Shapovalov,L,185.0,CAN,23.756,22.0,1830.0,7-6(3) 6-4 1-6 4-6 6-3,5,R32,217.0,16.0,6.0,158.0,104.0,80.0,17.0,24.0,12.0,19.0,20.0,16.0,168.0,92.0,65.0,34.0,24.0,10.0,16.0
2023-580,Australian Open,Hard,128,G,O,20230116,100,K0AH,29.0,,Sebastian Korda,R,196.0,USA,22.533,31.0,1325.0,MM58,7.0,,Daniil Medvedev,R,198.0,RUS,26.93,8.0,3860.0,7-6(7) 6-3 7-6(4),5,R32,179.0,3.0,5.0,118.0,74.0,53.0,19.0,17.0,2.0,6.0,9.0,3.0,122.0,78.0,52.0,19.0,16.0,5.0,10.0
2023-580,Australian Open,Hard,128,G,O,20230116,101,TE51,3.0,,Stefanos Tsitsipas,R,193.0,GRE,24.43,4.0,5715.0,GJ37,,,Tallon Griekspoor,R,188.0,NED,26.541,63.0,789.0,6-2 7-6(5) 6-3,5,R32,126.0,7.0,5.0,84.0,54.0,44.0,20.0,15.0,1.0,1.0,6.0,2.0,97.0,62.0,41.0,18.0,14.0,4.0,7.0
2023-580,Australian Open,Hard,128,G,O,20230116,102,S0AG,15.0,,Jannik Sinner,R,191.0,ITA,21.418,16.0,2375.0,F724,,,Marton Fucsovics,R,188.0,HUN,30.938,78.0,687.0,4-6 4-6 6-1 6-2 6-0,5,R32,213.0,6.0,5.0,135.0,80.0,57.0,25.0,21.0,7.0,12.0,3.0,4.0,118.0,85.0,45.0,14.0,20.0,4.0,14.0
2023-580,Australian Open,Hard,128,G,O,20230116,103,L0BV,,,Jiri Lehecka,R,185.0,CZE,21.188,71.0,717.0,N771,11.0,,Cameron Norrie,L,188.0,GBR,27.4,12.0,2680.0,6-7(8) 6-3 3-6 6-1 6-4,5,R32,192.0,8.0,2.0,137.0,84.0,63.0,33.0,24.0,7.0,10.0,5.0,7.0,143.0,86.0,58.0,30.0,23.0,5.0,11.0
2023-580,Australian Open,Hard,128,G,O,20230116,104,AG37,6.0,,Felix Auger-Aliassime,R,193.0,CAN,22.439,7.0,3895.0,C0AU,28.0,,Francisco Cerundolo,R,185.0,ARG,24.427,29.0,1383.0,6-1 3-6 6-1 6-4,5,R32,155.0,9.0,5.0,93.0,60.0,51.0,15.0,17.0,4.0,6.0,3.0,3.0,107.0,72.0,43.0,15.0,16.0,14.0,20.0
2023-580,Australian Open,Hard,128,G,O,20230116,105,RE44,5.0,,Andrey Rublev,R,188.0,RUS,25.24,6.0,3930.0,E687,25.0,,Daniel Evans,R,175.0,GBR,32.652,30.0,1380.0,6-4 6-2 6-3,5,R32,129.0,10.0,1.0,81.0,51.0,41.0,20.0,14.0,4.0,4.0,3.0,3.0,97.0,67.0,43.0,13.0,13.0,11.0,15.0
2023-580,Australian Open,Hard,128,G,O,20230116,106,R0DG,9.0,,Holger Rune,R,188.0,DEN,19.718,10.0,2876.0,HH26,,,Ugo Humbert,L,188.0,FRA,24.559,106.0,523.0,6-4 6-2 7-6(5),5,R32,129.0,5.0,2.0,91.0,61.0,50.0,15.0,15.0,2.0,3.0,9.0,2.0,91.0,60.0,40.0,16.0,15.0,3.0,7.0
2023-580,Australian Open,Hard,128,G,O,20230116,107,DH58,22.0,,Alex de Minaur,R,183.0,AUS,23.912,24.0,1710.0,BM95,,,Benjamin Bonzi,R,183.0,FRA,26.604,48.0,911.0,7-6(0) 6-2 6-1,5,R32,128.0,8.0,4.0,74.0,39.0,31.0,20.0,14.0,3.0,6.0,6.0,2.0,111.0,70.0,37.0,17.0,13.0,15.0,22.0
2023-580,Australian Open,Hard,128,G,O,20230116,108,D643,4.0,,Novak Djokovic,R,188.0,SRB,35.655,5.0,5070.0,D875,27.0,,Grigor Dimitrov,R,191.0,BUL,31.671,28.0,1395.0,7-6(7) 6-3 6-4,5,R32,187.0,11.0,2.0,112.0,81.0,60.0,13.0,16.0,5.0,8.0,15.0,4.0,116.0,69.0,47.0,19.0,15.0,7.0,12.0
2023-580,Australian Open,Hard,128,G,O,20230116,109,S0S1,,,Ben Shelton,L,193.0,USA,20.271,89.0,604.0,P09Z,,WC,Alexei Popyrin,R,196.0,AUS,23.45,113.0,506.0,6-3 7-6(4) 6-4,5,R32,120.0,12.0,3.0,92.0,60.0,52.0,21.0,16.0,4.0,4.0,14.0,1.0,92.0,70.0,51.0,11.0,15.0,6.0,8.0
2023-580,Australian Open,Hard,128,G,O,20230116,110,W09G,,,J.J. Wolf,R,183.0,USA,24.071,67.0,758.0,MP01,,LL,Michael Mmoh,R,188.0,USA,25.016,107.0,523.0,6-4 6-1 6-2,5,R32,123.0,10.0,3.0,82.0,48.0,36.0,21.0,13.0,4.0,5.0,6.0,3.0,67.0,40.0,22.0,13.0,12.0,2.0,8.0
2023-580,Australian Open,Hard,128,G,O,20230116,111,BD06,24.0,,Roberto Bautista Agut,R,183.0,ESP,34.757,25.0,1675.0,MC10,,,Andy Murray,R,191.0,GBR,35.674,66.0,770.0,6-1 6-7(7) 6-3 6-4,5,R32,209.0,5.0,1.0,108.0,80.0,63.0,19.0,19.0,0.0,2.0,7.0,5.0,137.0,82.0,50.0,27.0,19.0,8.0,14.0
2023-580,Australian Open,Hard,128,G,O,20230116,112,PL56,,,Tommy Paul,R,185.0,USA,25.667,35.0,1160.0,B0CD,,,Jenson Brooksby,R,193.0,USA,22.223,39.0,1010.0,6-1 6-4 6-3,5,R32,128.0,7.0,2.0,78.0,46.0,37.0,19.0,13.0,4.0,4.0,2.0,4.0,98.0,61.0,37.0,16.0,13.0,9.0,14.0
2023-580,Australian Open,Hard,128,G,O,20230116,113,KE29,18.0,,Karen Khachanov,R,198.0,RUS,26.656,20.0,1885.0,N732,31.0,,Yoshihito Nishioka,L,170.0,JPN,27.305,33.0,1212.0,6-0 6-0 7-6(4),5,R16,118.0,15.0,2.0,78.0,46.0,43.0,14.0,12.0,3.0,4.0,1.0,3.0,70.0,42.0,18.0,14.0,12.0,3.0,10.0
2023-580,Australian Open,Hard,128,G,O,20230116,114,K0AH,29.0,,Sebastian Korda,R,196.0,USA,22.533,31.0,1325.0,HB71,10.0,,Hubert Hurkacz,R,196.0,POL,25.927,11.0,2860.0,3-6 6-3 6-2 1-6 7-6(7),5,R16,208.0,8.0,5.0,149.0,87.0,65.0,33.0,23.0,7.0,10.0,19.0,3.0,141.0,88.0,66.0,27.0,22.0,6.0,9.0
2023-580,Australian Open,Hard,128,G,O,20230116,115,TE51,3.0,,Stefanos Tsitsipas,R,193.0,GRE,24.43,4.0,5715.0,S0AG,15.0,,Jannik Sinner,R,191.0,ITA,21.418,16.0,2375.0,6-4 6-4 3-6 4-6 6-3,5,R16,240.0,12.0,3.0,169.0,121.0,81.0,26.0,24.0,22.0,26.0,11.0,3.0,136.0,92.0,66.0,23.0,24.0,6.0,11.0
2023-580,Australian Open,Hard,128,G,O,20230116,116,L0BV,,,Jiri Lehecka,R,185.0,CZE,21.188,71.0,717.0,AG37,6.0,,Felix Auger-Aliassime,R,193.0,CAN,22.439,7.0,3895.0,4-6 6-3 7-6(2) 7-6(3),5,R16,193.0,9.0,3.0,125.0,86.0,71.0,25.0,22.0,2.0,3.0,20.0,7.0,130.0,84.0,69.0,22.0,21.0,3.0,4.0
2023-580,Australian Open,Hard,128,G,O,20230116,117,RE44,5.0,,Andrey Rublev,R,188.0,RUS,25.24,6.0,3930.0,R0DG,9.0,,Holger Rune,R,188.0,DEN,19.718,10.0,2876.0,6-3 3-6 6-3 4-6 7-6(9),5,R16,217.0,22.0,4.0,162.0,105.0,77.0,27.0,25.0,12.0,17.0,8.0,12.0,164.0,92.0,63.0,37.0,24.0,8.0,13.0
2023-580,Australian Open,Hard,128,G,O,20230116,118,D643,4.0,,Novak Djokovic,R,188.0,SRB,35.655,5.0,5070.0,DH58,22.0,,Alex de Minaur,R,183.0,AUS,23.912,24.0,1710.0,6-2 6-1 6-2,5,R16,126.0,4.0,3.0,68.0,44.0,33.0,16.0,12.0,0.0,0.0,3.0,2.0,82.0,50.0,26.0,14.0,11.0,6.0,12.0
2023-580,Australian Open,Hard,128,G,O,20230116,119,S0S1,,,Ben Shelton,L,193.0,USA,20.271,89.0,604.0,W09G,,,J.J. Wolf,R,183.0,USA,24.071,67.0,758.0,6-7(5) 6-2 6-7(4) 7-6(4) 6-2,5,R16,227.0,23.0,1.0,158.0,107.0,88.0,35.0,26.0,2.0,2.0,19.0,2.0,162.0,105.0,84.0,30.0,26.0,5.0,9.0
2023-580,Australian Open,Hard,128,G,O,20230116,120,PL56,,,Tommy Paul,R,185.0,USA,25.667,35.0,1160.0,BD06,24.0,,Roberto Bautista Agut,R,183.0,ESP,34.757,25.0,1675.0,6-2 4-6 6-2 7-5,5,R16,199.0,11.0,1.0,126.0,76.0,54.0,28.0,19.0,8.0,10.0,2.0,3.0,127.0,83.0,51.0,23.0,19.0,9.0,15.0
2023-580,Australian Open,Hard,128,G,O,20230116,121,KE29,18.0,,Karen Khachanov,R,198.0,RUS,26.656,20.0,1885.0,K0AH,29.0,,Sebastian Korda,R,196.0,USA,22.533,31.0,1325.0,7-6(5) 6-3 3-0 RET,5,QF,110.0,12.0,0.0,75.0,50.0,40.0,13.0,12.0,2.0,3.0,4.0,2.0,76.0,49.0,30.0,13.0,12.0,6.0,10.0
2023-580,Australian Open,Hard,128,G,O,20230116,122,TE51,3.0,,Stefanos Tsitsipas,R,193.0,GRE,24.43,4.0,5715.0,L0BV,,,Jiri Lehecka,R,185.0,CZE,21.188,71.0,717.0,6-3 7-6(2) 6-4,5,QF,137.0,9.0,2.0,100.0,66.0,53.0,22.0,16.0,8.0,8.0,7.0,4.0,97.0,62.0,49.0,15.0,15.0,4.0,6.0
2023-580,Australian Open,Hard,128,G,O,20230116,123,D643,4.0,,Novak Djokovic,R,188.0,SRB,35.655,5.0,5070.0,RE44,5.0,,Andrey Rublev,R,188.0,RUS,25.24,6.0,3930.0,6-1 6-2 6-4,5,QF,123.0,14.0,5.0,88.0,56.0,45.0,16.0,13.0,5.0,5.0,6.0,3.0,92.0,64.0,39.0,9.0,12.0,9.0,14.0
2023-580,Australian Open,Hard,128,G,O,20230116,124,PL56,,,Tommy Paul,R,185.0,USA,25.667,35.0,1160.0,S0S1,,,Ben Shelton,L,193.0,USA,20.271,89.0,604.0,7-6(6) 6-3 5-7 6-4,5,QF,186.0,7.0,3.0,117.0,77.0,66.0,27.0,22.0,2.0,4.0,24.0,6.0,162.0,94.0,71.0,32.0,21.0,12.0,15.0
2023-580,Australian Open,Hard,128,G,O,20230116,125,TE51,3.0,,Stefanos Tsitsipas,R,193.0,GRE,24.43,4.0,5715.0,KE29,18.0,,Karen Khachanov,R,198.0,RUS,26.656,20.0,1885.0,7-6(2) 6-4 6-7(6) 6-3,5,SF,201.0,18.0,5.0,129.0,82.0,69.0,25.0,22.0,1.0,4.0,10.0,1.0,139.0,94.0,62.0,26.0,21.0,7.0,12.0
2023-580,Australian Open,Hard,128,G,O,20230116,126,D643,4.0,,Novak Djokovic,R,188.0,SRB,35.655,5.0,5070.0,PL56,,,Tommy Paul,R,185.0,USA,25.667,35.0,1160.0,7-5 6-1 6-2,5,SF,140.0,12.0,5.0,91.0,53.0,40.0,21.0,14.0,7.0,9.0,4.0,0.0,77.0,45.0,24.0,14.0,13.0,4.0,11.0
2023-580,Australian Open,Hard,128,G,O,20230116,127,D643,4.0,,Novak Djokovic,R,188.0,SRB,35.655,5.0,5070.0,TE51,3.0,,Stefanos Tsitsipas,R,193.0,GRE,24.43,4.0,5715.0,6-3 7-6(4) 7-6(5),5,F,176.0,7.0,3.0,100.0,66.0,54.0,21.0,17.0,2.0,3.0,15.0,3.0,106.0,69.0,50.0,19.0,16.0,3.0,5.0
2023-M-DC-2023-WG2-PO-BOL-GEO-01,Davis Cup WG2 PO: BOL vs GEO,,4,D,,20230202,1,BP74,,,Aleksandre Bakshi,L,180.0,GEO,25.552,704.0,33.0,P0IY,,,Juan Carlos Prado Angelo,R,185.0,BOL,17.911,831.0,20.0,7-6(1) 6-1,3,RR,,,,,,,,,,,,,,,,,,,
2023-M-DC-2023-WG2-PO-BOL-GEO-01,Davis Cup WG2 PO: BOL vs GEO,,4,D,,20230202,2,T0AG,,,Zura Tkemaladze,R,188.0,GEO,22.664,681.0,36.0,G0DB,,,Raul Garcia,,,BOL,20.914,,,6-2 6-1,3,RR,,,,,,,,,,,,,,,,,,,
2023-M-DC-2023-WG2-PO-BOL-GEO-01,Davis Cup WG2 PO: BOL vs GEO,,4,D,,20230202,3,P0EA,,,Saba Purtseladze,R,191.0,GEO,21.454,551.0,60.0,P0IY,,,Juan Carlos Prado Angelo,R,185.0,BOL,17.911,831.0,20.0,6-7(3) 6-2 [1-0],3,RR,,,,,,,,,,,,,,,,,,,
2023-M-DC-2023-QLS-M-FRA-HUN-01,Davis Cup QLS R1: FRA vs HUN,Hard,4,D,,20230203,1,P09O,,,Zsombor Piros,R,180.0,HUN,23.31,182.0,327.0,BM95,,,Benjamin Bonzi,R,183.0,FRA,26.653,45.0,956.0,7-6(4) 6-3,3,RR,,,,,,,,,,,,,,,,,,,
2023-M-DC-2023-QLS-M-GBR-COL-01,Davis Cup QLS R1: GBR vs COL,Clay,4,D,,20230203,1,M0AW,,,Nicolas Mejia,R,183.0,COL,22.979,253.0,219.0,E687,,,Daniel Evans,R,175.0,GBR,32.701,30.0,1380.0,6-2 2-6 6-4,3,RR,,,,,,,,,,,,,,,,,,,
2023-M-DC-2023-QLS-M-GER-SUI-01,Davis Cup QLS R1: GER vs SUI,Hard,4,D,,20230203,1,HH06,,,Marc-Andrea Huesler,L,196.0,SUI,26.612,53.0,876.0,O449,,,Oscar Otte,R,193.0,GER,29.552,80.0,666.0,2-6 6-2 6-4,3,RR,,,,,,,,,,,,,,,,,,,
2023-M-DC-2023-QLS-M-SRB-NOR-01,Davis Cup QLS R1: SRB vs NOR,Hard,4,D,,20230203,1,KI95,,,Miomir Kecmanovic,R,183.0,SRB,23.428,34.0,1275.0,P0EP,,,Andreja Petrovic,R,188.0,NOR,23.006,1265.0,4.0,6-1 6-3,3,RR,,,,,,,,,,,,,,,,,,,
2023-M-DC-2023-QLS-M-SWE-BIH-01,Davis Cup QLS R1: SWE vs BIH,Hard,4,D,,20230203,1,Y268,,,Mikael Ymer,R,185.0,SWE,24.402,60.0,831.0,BE67,,,Mirza Basic,R,188.0,BIH,31.565,394.0,117.0,6-4 7-5,3,RR,,,,,,,,,,,,,,,,,,,
2023-M-DC-2023-QLS-M-USA-UZB-01,Davis Cup QLS R1: USA vs UZB,Hard,4,D,,20230203,1,MK66,,,Mackenzie McDonald,R,178.0,USA,27.803,63.0,820.0,F0A3,,,Sergey Fomin,R,180.0,UZB,22.004,366.0,130.0,6-4 6-1,3,RR,,,,,,,,,,,,,,,,,,,
2023-M-DC-2023-WG1-PO-BRA-CHN-01,Davis Cup WG1 PO: BRA vs CHN,,4,D,,20230203,1,P0DF,,,Matheus Pucinelli De Almeida,R,183.0,BRA,21.843,212.0,263.0,TG30,,,Rigele Te,R,188.0,CHN,25.32,568.0,56.0,6-1 6-2,3,RR,,,,,,,,,,,,,,,,,,,
2023-M-DC-2023-WG1-PO-IND-DEN-01,Davis Cup WG1 PO: IND vs DEN,Hard,4,D,,20230203,1,R0DG,,,Holger Rune,R,188.0,DEN,19.767,9.0,3046.0,BF55,,,Yuki Bhambri,R,185.0,IND,30.585,571.0,55.0,6-2 6-2,3,RR,,3.0,1.0,37.0,18.0,17.0,15.0,8.0,0.0,0.0,0.0,4.0,49.0,33.0,20.0,5.0,8.0,3.0,7.0
2023-M-DC-2023-WG1-PO-PAK-LTU-01,Davis Cup WG1 PO: PAK vs LTU,,4,D,,20230203,1,BE90,,,Ricardas Berankis,R,175.0,LTU,32.621,193.0,307.0,S0HP,,,Muhammad Shoaib,,,PAK,20.966,,,6-0 6-2,3,RR,,,,,,,,,,,,,,,,,,,
2023-M-DC-2023-WG1-PO-PER-IRL-01,Davis Cup WG1 PO: PER vs IRL,,4,D,,20230203,1,B0GR,,,Gonzalo Bueno,R,173.0,PER,18.836,544.0,61.0,CO11,,,Simon Carr,R,183.0,IRL,23.242,738.0,29.0,6-1 6-1,3,RR,,,,,,,,,,,,,,,,,,,
2023-M-DC-2023-WG1-PO-ROU-THA-01,Davis Cup WG1 PO: ROU vs THA,,4,D,,20230203,1,C0E6,,,Yuttana Charoenphon,R,178.0,THA,22.472,976.0,12.0,I0A7,,,Nicholas David Ionel,R,,ROU,20.312,225.0,239.0,7-5 3-6 6-1,3,RR,,,,,,,,,,,,,,,,,,,
2023-M-DC-2023-WG1-PO-TUR-SLO-01,Davis Cup WG1 PO: TUR vs SLO,,4,D,,20230203,1,CH05,,,Altug Celikbilek,R,183.0,TUR,26.407,205.0,277.0,D0I0,,,Sebastian Dominko,L,203.0,SLO,19.729,937.0,13.0,6-2 6-3,3,RR,,,,,,,,,,,,,,,,,,,
2023-M-DC-2023-WG1-PO-UKR-LBN-01,Davis Cup WG1 PO: UKR vs LBN,,4,D,,20230203,1,O659,,,Vladyslav Orlov,R,188.0,UKR,27.718,385.0,120.0,HF80,,,Hady Habib,R,188.0,LBN,24.454,451.0,92.0,6-4 6-2,3,RR,,,,,,,,,,,,,,,,,,,
2023-M-DC-2023-WG2-PO-BAR-POC-01,Davis Cup WG2 PO: BAR vs POC,,4,D,,20230203,1,KC86,,,Darian King,R,188.0,BAR,30.773,765.0,26.0,M0QE,,,Clement Mainguy,,,VAN,20.0,,,6-4 6-0,3,RR,,,,,,,,,,,,,,,,,,,
2023-M-DC-2023-WG2-PO-EGY-PAR-01,Davis Cup WG2 PO: EGY vs PAR,,4,D,,20230203,1,M0L0,,,Amr Elsayed Abdou Ah Mohamed,,,EGY,23.921,,,E09U,,,Hernando Jose Escurra Isnardi,R,183.0,PAR,25.142,1329.0,4.0,6-3 6-3,3,RR,,,,,,,,,,,,,,,,,,,
2023-M-DC-2023-WG2-PO-ESA-JOR-01,Davis Cup WG2 PO: ESA vs JOR,,4,D,,20230203,1,A853,,,Marcelo Arevalo,R,191.0,ESA,32.298,,,H0J8,,,Karam Hatamleh,,,JOR,21.99,,,6-1 6-4,3,RR,,,,,,,,,,,,,,,,,,,
2023-M-DC-2023-WG2-PO-TUN-CYP-01,Davis Cup WG2 PO: TUN vs CYP,,4,D,,20230203,1,CH73,,,Petros Chrysochos,R,185.0,CYP,26.823,990.0,11.0,ML73,,,Skander Mansouri,R,193.0,TUN,27.535,279.0,190.0,6-4 7-6(4),3,RR,,,,,,,,,,,,,,,,,,,
2023-M-DC-2023-QLS-M-FRA-HUN-01,Davis Cup QLS R1: FRA vs HUN,Hard,4,D,,20230203,2,HH26,,,Ugo Humbert,L,188.0,FRA,24.608,86.0,603.0,F724,,,Marton Fucsovics,R,188.0,HUN,30.987,71.0,767.0,6-3 6-2,3,RR,,,,,,,,,,,,,,,,,,,
2023-M-DC-2023-QLS-M-GBR-COL-01,Davis Cup QLS R1: GBR vs COL,Clay,4,D,,20230203,2,N771,,,Cameron Norrie,L,188.0,GBR,27.45,11.0,2760.0,BC76,,,Nicolas Barrientos,R,175.0,COL,35.781,510.0,68.0,6-2 7-5,3,RR,,10.0,1.0,78.0,55.0,40.0,10.0,10.0,7.0,8.0,2.0,3.0,51.0,32.0,22.0,8.0,10.0,1.0,5.0
2023-M-DC-2023-QLS-M-GER-SUI-01,Davis Cup QLS R1: GER vs SUI,Hard,4,D,,20230203,2,Z355,,,Alexander Zverev,R,198.0,GER,25.791,14.0,2425.0,W367,,,Stan Wawrinka,R,183.0,SUI,37.854,135.0,422.0,6-4 6-1,3,RR,,8.0,1.0,67.0,45.0,29.0,14.0,9.0,2.0,3.0,0.0,0.0,50.0,30.0,17.0,8.0,8.0,2.0,6.0
2023-M-DC-2023-QLS-M-SRB-NOR-01,Davis Cup QLS R1: SRB vs NOR,Hard,4,D,,20230203,2,DB63,,,Laslo Djere,R,188.0,SRB,27.674,65.0,793.0,DC76,,,Viktor Durasovic,R,185.0,NOR,25.878,362.0,133.0,6-3 4-6 7-6(8),3,RR,,,,,,,,,,,,,,,,,,,
2023-M-DC-2023-QLS-M-SWE-BIH-01,Davis Cup QLS R1: SWE vs BIH,Hard,4,D,,20230203,2,Y218,,,Elias Ymer,R,185.0,SWE,26.817,120.0,459.0,D923,,,Damir Dzumhur,R,175.0,BIH,30.708,197.0,299.0,6-1 6-4,3,RR,,,,,,,,,,,,,,,,,,,
2023-M-DC-2023-QLS-M-USA-UZB-01,Davis Cup QLS R1: USA vs UZB,Hard,4,D,,20230203,2,PL56,,,Tommy Paul,R,185.0,USA,25.717,19.0,1835.0,SR81,,,Khumoyun Sultanov,R,180.0,UZB,24.271,480.0,80.0,6-1 7-6(6),3,RR,,,,,,,,,,,,,,,,,,,
2023-M-DC-2023-WG1-PO-BRA-CHN-01,Davis Cup WG1 PO: BRA vs CHN,,4,D,,20230203,2,MJ08,,,Thiago Monteiro,L,183.0,BRA,28.679,78.0,690.0,C0AJ,,,Jie Cui,R,183.0,CHN,25.027,913.0,14.0,6-3 6-4,3,RR,,,,,,,,,,,,,,,,,,,
2023-M-DC-2023-WG1-PO-IND-DEN-01,Davis Cup WG1 PO: IND vs DEN,Hard,4,D,,20230203,2,N897,,,Sumit Nagal,R,178.0,IND,25.467,506.0,70.0,H09N,,,August Holmgren,R,188.0,DEN,24.786,484.0,78.0,4-6 6-3 6-4,3,RR,,,,,,,,,,,,,,,,,,,
2023-M-DC-2023-WG1-PO-PAK-LTU-01,Davis Cup WG1 PO: PAK vs LTU,,4,D,,20230203,2,B0MM,,,Edas Butvilas,R,191.0,LTU,18.533,784.0,24.0,K425,,,Aqeel Khan,R,,PAK,43.012,,,6-1 6-0,3,RR,,,,,,,,,,,,,,,,,,,
2023-M-DC-2023-WG1-PO-PER-IRL-01,Davis Cup WG1 PO: PER vs IRL,,4,D,,20230203,2,H0C9,,,Arklon Huertas Del Pino Cordova,R,183.0,PER,28.553,,,O684,,,Osgar O'Hoisin,R,193.0,IRL,26.418,771.0,26.0,6-2 6-3,3,RR,,,,,,,,,,,,,,,,,,,
2023-M-DC-2023-WG1-PO-ROU-THA-01,Davis Cup WG1 PO: ROU vs THA,,4,D,,20230203,2,J09X,,,Filip Cristian Jianu,R,180.0,ROU,21.377,267.0,202.0,S0HR,,,Kasidit Samrej,R,191.0,THA,22.037,605.0,48.0,6-4 6-7(5) 6-2,3,RR,,,,,,,,,,,,,,,,,,,
2023-M-DC-2023-WG1-PO-TUR-SLO-01,Davis Cup WG1 PO: TUR vs SLO,,4,D,,20230203,2,I306,,,Cem Ilkel,R,185.0,TUR,27.455,304.0,168.0,A0I1,,,Bor Artnak,R,193.0,SLO,18.667,678.0,36.0,6-2 7-6(5),3,RR,,,,,,,,,,,,,,,,,,,
2023-M-DC-2023-WG1-PO-UKR-LBN-01,Davis Cup WG1 PO: UKR vs LBN,,4,D,,20230203,2,B0LL,,,Viacheslav Bielinskyi,R,,UKR,19.173,622.0,46.0,HG94,,,Benjamin Hassan,R,183.0,LBN,27.997,324.0,155.0,6-4 2-6 6-4,3,RR,,,,,,,,,,,,,,,,,,,
2023-M-DC-2023-WG2-PO-BAR-POC-01,Davis Cup WG2 PO: BAR vs POC,,4,D,,20230203,2,SQ79,,,Colin Sinclair,R,188.0,NMI,28.126,461.0,88.0,M0GR,,,Kaipo Marshall,,,BAR,20.873,,,6-2 6-1,3,RR,,,,,,,,,,,,,,,,,,,
2023-M-DC-2023-WG2-PO-EGY-PAR-01,Davis Cup WG2 PO: EGY vs PAR,,4,D,,20230203,2,V0DP,,,Daniel Vallejo,R,183.0,PAR,18.768,,,SK47,,,Mohamed Safwat,R,180.0,EGY,32.375,666.0,39.0,6-1 0-6 6-4,3,RR,,,,,,,,,,,,,,,,,,,
2023-M-DC-2023-WG2-PO-ESA-JOR-01,Davis Cup WG2 PO: ESA vs JOR,,4,D,,20230203,2,A0D2,,,Mousa Alkotop,,,JOR,24.611,1594.0,2.0,D0FO,,,Diego Duran,,,ESA,18.149,,,7-6(2) 4-6 6-2,3,RR,,,,,,,,,,,,,,,,,,,
2023-M-DC-2023-WG2-PO-TUN-CYP-01,Davis Cup WG2 PO: TUN vs CYP,,4,D,,20230203,2,EA13,,,Moez Echargui,R,178.0,TUN,30.064,364.0,131.0,EA31,,,Menelaos Efstathiou,R,183.0,CYP,23.926,894.0,15.0,6-1 3-6 6-2,3,RR,,,,,,,,,,,,,,,,,,,
2023-M-DC-2023-QLS-M-FRA-HUN-01,Davis Cup QLS R1: FRA vs HUN,Hard,4,D,,20230203,3,ME82,,,Adrian Mannarino,L,180.0,FRA,34.598,58.0,836.0,F724,,,Marton Fucsovics,R,188.0,HUN,30.987,71.0,767.0,7-6(6) 6-2,3,RR,,,,,,,,,,,,,,,,,,,
2023-M-DC-2023-QLS-M-GBR-COL-01,Davis Cup QLS R1: GBR vs COL,Clay,4,D,,20230203,3,N771,,,Cameron Norrie,L,188.0,GBR,27.45,11.0,2760.0,M0AW,,,Nicolas Mejia,R,183.0,COL,22.979,253.0,219.0,6-4 6-4,3,RR,,5.0,3.0,63.0,42.0,35.0,9.0,10.0,4.0,5.0,2.0,5.0,76.0,40.0,26.0,17.0,10.0,4.0,7.0
2023-M-DC-2023-QLS-M-GER-SUI-01,Davis Cup QLS R1: GER vs SUI,Hard,4,D,,20230203,3,HH06,,,Marc-Andrea Huesler,L,196.0,SUI,26.612,53.0,876.0,Z355,,,Alexander Zverev,R,198.0,GER,25.791,14.0,2425.0,6-2 7-6(4),3,RR,,6.0,1.0,62.0,34.0,20.0,18.0,10.0,1.0,3.0,7.0,4.0,70.0,48.0,33.0,7.0,10.0,2.0,6.0
2023-M-DC-2023-QLS-M-SRB-NOR-01,Davis Cup QLS R1: SRB vs NOR,Hard,4,D,,20230203,3,M0JF,,,Hamad Medjedovic,R,188.0,SRB,19.548,258.0,215.0,DC76,,,Viktor Durasovic,R,185.0,NOR,25.878,362.0,133.0,6-4 6-7(4) [10-4],3,RR,,,,,,,,,,,,,,,,,,,
2023-M-DC-2023-QLS-M-SWE-BIH-01,Davis Cup QLS R1: SWE vs BIH,Hard,4,D,,20230203,3,Y268,,,Mikael Ymer,R,185.0,SWE,24.402,60.0,831.0,D923,,,Damir Dzumhur,R,175.0,BIH,30.708,197.0,299.0,6-1 1-6 6-3,3,RR,,,,,,,,,,,,,,,,,,,
2023-M-DC-2023-QLS-M-USA-UZB-01,Davis Cup QLS R1: USA vs UZB,Hard,4,D,,20230203,3,KB09,,,Denis Kudla,R,180.0,USA,30.464,93.0,573.0,M0U1,,,Amir Milushev,R,,UZB,17.629,,,6-4 6-4,3,RR,,,,,,,,,,,,,,,,,,,
2023-M-DC-2023-WG1-PO-BRA-CHN-01,Davis Cup WG1 PO: BRA vs CHN,,4,D,,20230203,3,H0DU,,,Gustavo Heide,R,191.0,BRA,20.931,414.0,107.0,TG30,,,Rigele Te,R,188.0,CHN,25.32,568.0,56.0,3-0 RET,3,RR,,,,,,,,,,,,,,,,,,,
2023-M-DC-2023-WG1-PO-IND-DEN-01,Davis Cup WG1 PO: IND vs DEN,Hard,4,D,,20230203,3,R0DG,,,Holger Rune,R,188.0,DEN,19.767,9.0,3046.0,N897,,,Sumit Nagal,R,178.0,IND,25.467,506.0,70.0,7-5 6-3,3,RR,,,,,,,,,,,,,,,,,,,
2023-M-DC-2023-WG1-PO-PAK-LTU-01,Davis Cup WG1 PO: PAK vs LTU,,4,D,,20230203,3,G0FW,,,Vilius Gaubas,R,178.0,LTU,18.097,760.0,27.0,AC35,,,Muhammad Abid,,,PAK,28.671,,,6-2 6-2,3,RR,,,,,,,,,,,,,,,,,,,
2023-M-DC-2023-WG1-PO-PER-IRL-01,Davis Cup WG1 PO: PER vs IRL,,4,D,,20230203,3,HG90,,,Conner Huertas del Pino,R,188.0,PER,27.124,,,A0JA,,,Michael Agwi,R,193.0,IRL,19.417,1218.0,5.0,6-3 6-4,3,RR,,,,,,,,,,,,,,,,,,,
2023-M-DC-2023-WG1-PO-ROU-THA-01,Davis Cup WG1 PO: ROU vs THA,,4,D,,20230203,3,I0A7,,,Nicholas David Ionel,R,,ROU,20.312,225.0,239.0,S0HR,,,Kasidit Samrej,R,191.0,THA,22.037,605.0,48.0,6-4 6-1,3,RR,,,,,,,,,,,,,,,,,,,
2023-M-DC-2023-WG1-PO-TUR-SLO-01,Davis Cup WG1 PO: TUR vs SLO,,4,D,,20230203,3,KI48,,,Ergi Kirkin,R,180.0,TUR,24.019,378.0,123.0,K0JY,,,Matic Kriznik,L,,SLO,17.418,,,6-2 6-2,3,RR,,,,,,,,,,,,,,,,,,,
2023-M-DC-2023-WG1-PO-UKR-LBN-01,Davis Cup WG1 PO: UKR vs LBN,,4,D,,20230203,3,HG94,,,Benjamin Hassan,R,183.0,LBN,27.997,324.0,155.0,O0BE,,,Oleksandr Ovcharenko,R,185.0,UKR,21.298,379.0,123.0,7-5 7-6(1),3,RR,,,,,,,,,,,,,,,,,,,
2023-M-DC-2023-WG2-PO-BAR-POC-01,Davis Cup WG2 PO: BAR vs POC,,4,D,,20230203,3,KC86,,,Darian King,R,188.0,BAR,30.773,765.0,26.0,SQ79,,,Colin Sinclair,R,188.0,NMI,28.126,461.0,88.0,7-6(6) 6-3,3,RR,,,,,,,,,,,,,,,,,,,
2023-M-DC-2023-WG2-PO-EGY-PAR-01,Davis Cup WG2 PO: EGY vs PAR,,4,D,,20230203,3,V0DP,,,Daniel Vallejo,R,183.0,PAR,18.768,,,M0L0,,,Amr Elsayed Abdou Ah Mohamed,,,EGY,23.921,,,6-1 7-5,3,RR,,,,,,,,,,,,,,,,,,,
2023-M-DC-2023-WG2-PO-ESA-JOR-01,Davis Cup WG2 PO: ESA vs JOR,,4,D,,20230203,3,A853,,,Marcelo Arevalo,R,191.0,ESA,32.298,,,A0D2,,,Mousa Alkotop,,,JOR,24.611,1594.0,2.0,6-4 4-6 6-4,3,RR,,,,,,,,,,,,,,,,,,,
2023-M-DC-2023-WG2-PO-TUN-CYP-01,Davis Cup WG2 PO: TUN vs CYP,,4,D,,20230203,3,EA31,,,Menelaos Efstathiou,R,183.0,CYP,23.926,894.0,15.0,DF88,,,Aziz Dougaz,L,188.0,TUN,25.859,285.0,184.0,3-6 6-1 6-4,3,RR,,,,,,,,,,,,,,,,,,,
2023-M-DC-2023-QLS-M-FRA-HUN-01,Davis Cup QLS R1: FRA vs HUN,Hard,4,D,,20230203,4,HH26,,,Ugo Humbert,L,188.0,FRA,24.608,86.0,603.0,M0CI,,,Fabian Marozsan,R,193.0,HUN,23.324,161.0,366.0,6-3 6-3,3,RR,,,,,,,,,,,,,,,,,,,
2023-M-DC-2023-QLS-M-GER-SUI-01,Davis Cup QLS R1: GER vs SUI,Hard,4,D,,20230203,4,W367,,,Stan Wawrinka,R,183.0,SUI,37.854,135.0,422.0,AE14,,,Daniel Altmaier,R,188.0,GER,24.394,91.0,584.0,6-3 5-7 6-4,3,RR,,,,,,,,,,,,,,,,,,,
2023-M-DC-2023-WG1-PO-IND-DEN-01,Davis Cup WG1 PO: IND vs DEN,Hard,4,D,,20230203,4,GA94,,,Prajnesh Gunneswaran,L,188.0,IND,33.227,342.0,140.0,M0K4,,,Elmer Moller,R,183.0,DEN,19.573,718.0,31.0,6-4 7-6(1),3,RR,,,,,,,,,,,,,,,,,,,
2023-M-DC-2023-WG1-PO-ROU-THA-01,Davis Cup WG1 PO: ROU vs THA,,4,D,,20230203,4,J09X,,,Filip Cristian Jianu,R,180.0,ROU,21.377,267.0,202.0,C0E6,,,Yuttana Charoenphon,R,178.0,THA,22.472,976.0,12.0,6-0 6-2,3,RR,,,,,,,,,,,,,,,,,,,
2023-M-DC-2023-WG2-PO-BAR-POC-01,Davis Cup WG2 PO: BAR vs POC,,4,D,,20230203,4,M0GR,,,Kaipo Marshall,,,BAR,20.873,,,M0QE,,,Clement Mainguy,,,VAN,20.0,,,4-6 7-5 6-3,3,RR,,,,,,,,,,,,,,,,,,,
2023-M-DC-2023-WG2-PO-EGY-PAR-01,Davis Cup WG2 PO: EGY vs PAR,,4,D,,20230203,4,SK47,,,Mohamed Safwat,R,180.0,EGY,32.375,666.0,39.0,BT50,,,Juan Borba,R,,PAR,26.812,,,6-1 6-1,3,RR,,,,,,,,,,,,,,,,,,,
2023-M-DC-2023-WG2-PO-TUN-CYP-01,Davis Cup WG2 PO: TUN vs CYP,,4,D,,20230203,4,EA13,,,Moez Echargui,R,178.0,TUN,30.064,364.0,131.0,CH73,,,Petros Chrysochos,R,185.0,CYP,26.823,990.0,11.0,7-6(5) 7-5,3,RR,,,,,,,,,,,,,,,,,,,
2023-M-DC-2023-QLS-M-ARG-FIN-01,Davis Cup QLS R1: ARG vs FIN,Hard,4,D,,20230204,1,RH24,,,Emil Ruusuvuori,R,188.0,FIN,23.844,43.0,976.0,CG04,,,Pedro Cachin,R,185.0,ARG,27.817,68.0,777.0,7-5 6-3,3,RR,,,,,,,,,,,,,,,,,,,
2023-M-DC-2023-QLS-M-BEL-KOR-01,Davis Cup QLS R1: BEL vs KOR,Hard,4,D,,20230204,1,BU13,,,Zizou Bergs,R,185.0,BEL,23.674,115.0,463.0,KF17,,,Soonwoo Kwon,R,180.0,KOR,25.175,61.0,827.0,1-6 6-4 7-6(6),3,RR,,,,,,,,,,,,,,,,,,,
2023-M-DC-2023-QLS-M-CRO-AUT-01,Davis Cup QLS R1: CRO vs AUT,Hard,4,D,,20230204,1,CG80,,,Borna Coric,R,188.0,CRO,26.223,23.0,1770.0,DB59,,,Dennis Novak,R,183.0,AUT,29.437,144.0,402.0,6-3 7-5,3,RR,,,,,,,,,,,,,,,,,,,
2023-M-DC-2023-QLS-M-CZE-POR-01,Davis Cup QLS R1: CZE vs POR,Clay,4,D,,20230204,1,L0BV,,,Jiri Lehecka,R,185.0,CZE,21.24,39.0,1042.0,BT72,,,Nuno Borges,R,185.0,POR,25.958,105.0,514.0,6-4 6-4,3,RR,,,,,,,,,,,,,,,,,,,
2023-M-DC-2023-QLS-M-KAZ-CHI-01,Davis Cup QLS R1: KAZ vs CHI,Clay,4,D,,20230204,1,S0GR,,,Timofey Skatov,R,173.0,KAZ,22.037,129.0,431.0,GD64,,,Cristian Garin,R,185.0,CHI,26.683,102.0,526.0,6-1 6-3,3,RR,,,,,,,,,,,,,,,,,,,
2023-M-DC-2023-QLS-M-NED-SVK-01,Davis Cup QLS R1: NED vs SVK,Hard,4,D,,20230204,1,GJ37,,,Tallon Griekspoor,R,188.0,NED,26.593,59.0,834.0,KI63,,,Lukas Klein,R,193.0,SVK,24.873,143.0,405.0,7-6(6) 2-6 6-4,3,RR,,,,,,,,,,,,,,,,,,,
2023-M-DC-2023-WG1-PO-ISR-LAT-01,Davis Cup WG1 PO: ISR vs LAT,,4,D,,20230204,1,O0BQ,,,Karlis Ozolins,R,196.0,LAT,20.641,1215.0,5.0,LD26,,,Edan Leshem,R,183.0,ISR,25.881,359.0,134.0,6-0 6-3,3,RR,,,,,,,,,,,,,,,,,,,
2023-M-DC-2023-WG2-PO-EST-JAM-01,Davis Cup WG2 PO: EST vs JAM,,4,D,,20230204,1,P0AO,,,Rowland Phillips,,,JAM,29.032,1387.0,3.0,TG67,,,Kristjan Tamm,R,185.0,EST,24.638,663.0,40.0,6-1 6-1,3,RR,,,,,,,,,,,,,,,,,,,
2023-M-DC-2023-WG2-PO-INA-VIE-01,Davis Cup WG2 PO: INA vs VIE,,4,D,,20230204,1,M0D4,,,M Rifki Fitriadi,R,175.0,INA,24.033,1132.0,7.0,PH05,,,Minhtuan Pham,R,,VIE,29.295,1578.0,2.0,6-3 6-1,3,RR,,,,,,,,,,,,,,,,,,,
2023-M-DC-2023-WG2-PO-RSA-LUX-01,Davis Cup WG2 PO: RSA vs LUX,,4,D,,20230204,1,KJ00,,,Alex Knaff,R,193.0,LUX,25.191,608.0,48.0,B0IY,,,Alec Beckley,R,183.0,RSA,21.632,687.0,35.0,4-6 6-3 6-3,3,RR,,,,,,,,,,,,,,,,,,,
2023-M-DC-2023-QLS-M-ARG-FIN-01,Davis Cup QLS R1: ARG vs FIN,Hard,4,D,,20230204,2,C0AU,,,Francisco Cerundolo,R,185.0,ARG,24.479,31.0,1377.0,V0AM,,,Otto Virtanen,R,193.0,FIN,21.624,181.0,330.0,6-3 3-6 7-6(3),3,RR,,,,,,,,,,,,,,,,,,,
2023-M-DC-2023-QLS-M-BEL-KOR-01,Davis Cup QLS R1: BEL vs KOR,Hard,4,D,,20230204,2,GB88,,,David Goffin,R,180.0,BEL,32.162,41.0,985.0,HC21,,,Seongchan Hong,R,175.0,KOR,25.599,237.0,229.0,6-4 6-2,3,RR,,,,,,,,,,,,,,,,,,,
2023-M-DC-2023-QLS-M-CRO-AUT-01,Davis Cup QLS R1: CRO vs AUT,Hard,4,D,,20230204,2,GH92,,,Borna Gojo,R,196.0,CRO,24.936,121.0,454.0,TB69,,,Dominic Thiem,R,185.0,AUT,29.421,99.0,550.0,6-3 7-6(2),3,RR,,,,,,,,,,,,,,,,,,,
2023-M-DC-2023-QLS-M-CZE-POR-01,Davis Cup QLS R1: CZE vs POR,Clay,4,D,,20230204,2,M0FH,,,Tomas Machac,R,183.0,CZE,22.311,122.0,452.0,SH90,,,Joao Sousa,R,185.0,POR,33.851,84.0,612.0,7-6(6) 3-6 6-2,3,RR,,,,,,,,,,,,,,,,,,,
2023-M-DC-2023-QLS-M-KAZ-CHI-01,Davis Cup QLS R1: KAZ vs CHI,Clay,4,D,,20230204,2,J551,,,Nicolas Jarry,R,201.0,CHI,27.318,126.0,440.0,BK92,,,Alexander Bublik,R,196.0,KAZ,25.634,36.0,1095.0,6-2 6-2,3,RR,,,,,,,,,,,,,,,,,,,
2023-M-DC-2023-QLS-M-NED-SVK-01,Davis Cup QLS R1: NED vs SVK,Hard,4,D,,20230204,2,V942,,,Tim van Rijthoven,R,188.0,NED,25.782,107.0,504.0,MV14,,,Alex Molcan,L,178.0,SVK,25.177,55.0,850.0,7-6(6) 5-7 6-3,3,RR,,,,,,,,,,,,,,,,,,,
2023-M-DC-2023-WG1-PO-ISR-LAT-01,Davis Cup WG1 PO: ISR vs LAT,,4,D,,20230204,2,G858,,,Ernests Gulbis,R,191.0,LAT,34.431,289.0,181.0,CL82,,,Daniel Cukierman,R,,ISR,27.576,367.0,130.0,6-1 2-6 7-6(2),3,RR,,,,,,,,,,,,,,,,,,,
2023-M-DC-2023-WG2-PO-EST-JAM-01,Davis Cup WG2 PO: EST vs JAM,,4,D,,20230204,2,B0I5,,,Blaise Bicknell,R,191.0,JAM,21.191,769.0,26.0,RH25,,,Kenneth Raisma,L,193.0,EST,24.841,1640.0,1.0,4-6 6-4 6-0,3,RR,,,,,,,,,,,,,,,,,,,
2023-M-DC-2023-WG2-PO-INA-VIE-01,Davis Cup WG2 PO: INA vs VIE,,4,D,,20230204,2,LD22,,,Nam Hoang Ly,R,175.0,VIE,25.941,243.0,225.0,SY76,,,Anthony Susanto,,,INA,25.703,1717.0,1.0,6-0 6-3,3,RR,,,,,,,,,,,,,,,,,,,
2023-M-DC-2023-WG2-PO-RSA-LUX-01,Davis Cup WG2 PO: RSA vs LUX,,4,D,,20230204,2,R0E0,,,Chris Rodesch,R,198.0,LUX,21.55,724.0,30.0,VA23,,,Kris Van Wyk,R,185.0,RSA,26.349,516.0,67.0,6-4 6-4,3,RR,,,,,,,,,,,,,,,,,,,
2023-M-DC-2023-QLS-M-ARG-FIN-01,Davis Cup QLS R1: ARG vs FIN,Hard,4,D,,20230204,3,RH24,,,Emil Ruusuvuori,R,188.0,FIN,23.844,43.0,976.0,BF23,,,Facundo Bagnis,L,183.0,ARG,32.936,88.0,595.0,7-5 6-1,3,RR,,,,,,,,,,,,,,,,,,,
2023-M-DC-2023-QLS-M-BEL-KOR-01,Davis Cup QLS R1: BEL vs KOR,Hard,4,D,,20230204,3,KF17,,,Soonwoo Kwon,R,180.0,KOR,25.175,61.0,827.0,GB88,,,David Goffin,R,180.0,BEL,32.162,41.0,985.0,3-6 6-1 6-3,3,RR,,,,,,,,,,,,,,,,,,,
2023-M-DC-2023-QLS-M-CRO-AUT-01,Davis Cup QLS R1: CRO vs AUT,Hard,4,D,,20230204,3,CG80,,,Borna Coric,R,188.0,CRO,26.223,23.0,1770.0,TB69,,,Dominic Thiem,R,185.0,AUT,29.421,99.0,550.0,7-6(3) 6-2,3,RR,,,,,,,,,,,,,,,,,,,
2023-M-DC-2023-QLS-M-CZE-POR-01,Davis Cup QLS R1: CZE vs POR,Clay,4,D,,20230204,3,L0BV,,,Jiri Lehecka,R,185.0,CZE,21.24,39.0,1042.0,SH90,,,Joao Sousa,R,185.0,POR,33.851,84.0,612.0,6-4 6-1,3,RR,,,,,,,,,,,,,,,,,,,
2023-M-DC-2023-QLS-M-KAZ-CHI-01,Davis Cup QLS R1: KAZ vs CHI,Clay,4,D,,20230204,3,GD64,,,Cristian Garin,R,185.0,CHI,26.683,102.0,526.0,BK92,,,Alexander Bublik,R,196.0,KAZ,25.634,36.0,1095.0,6-4 3-6 6-3,3,RR,,,,,,,,,,,,,,,,,,,
2023-M-DC-2023-QLS-M-NED-SVK-01,Davis Cup QLS R1: NED vs SVK,Hard,4,D,,20230204,3,MB88,,,Matwe Middelkoop,R,191.0,NED,39.422,,,KC04,,,Jozef Kovalik,R,183.0,SVK,30.251,134.0,424.0,6-4 6-4,3,RR,,,,,,,,,,,,,,,,,,,
2023-M-DC-2023-WG1-PO-ISR-LAT-01,Davis Cup WG1 PO: ISR vs LAT,,4,D,,20230204,3,O674,,,Yshai Oliel,L,188.0,ISR,23.083,476.0,83.0,S0GV,,,Robert Strombachs,R,191.0,LAT,23.389,486.0,78.0,6-1 6-4,3,RR,,,,,,,,,,,,,,,,,,,
2023-M-DC-2023-WG2-PO-EST-JAM-01,Davis Cup WG2 PO: EST vs JAM,,4,D,,20230204,3,B0I5,,,Blaise Bicknell,R,191.0,JAM,21.191,769.0,26.0,TG67,,,Kristjan Tamm,R,185.0,EST,24.638,663.0,40.0,7-6(7) DEF,3,RR,,,,,,,,,,,,,,,,,,,
2023-M-DC-2023-WG2-PO-INA-VIE-01,Davis Cup WG2 PO: INA vs VIE,,4,D,,20230204,3,LD22,,,Nam Hoang Ly,R,175.0,VIE,25.941,243.0,225.0,M0D4,,,M Rifki Fitriadi,R,175.0,INA,24.033,1132.0,7.0,6-4 3-6 7-5,3,RR,,,,,,,,,,,,,,,,,,,
2023-M-DC-2023-WG2-PO-RSA-LUX-01,Davis Cup WG2 PO: RSA vs LUX,,4,D,,20230204,3,KJ00,,,Alex Knaff,R,193.0,LUX,25.191,608.0,48.0,VA23,,,Kris Van Wyk,R,185.0,RSA,26.349,516.0,67.0,3-6 6-3 6-4,3,RR,,,,,,,,,,,,,,,,,,,
2023-M-DC-2023-QLS-M-BEL-KOR-01,Davis Cup QLS R1: BEL vs KOR,Hard,4,D,,20230204,4,HC21,,,Seongchan Hong,R,175.0,KOR,25.599,237.0,229.0,BU13,,,Zizou Bergs,R,185.0,BEL,23.674,115.0,463.0,6-3 7-6(4),3,RR,,,,,,,,,,,,,,,,,,,
2023-M-DC-2023-WG1-PO-ISR-LAT-01,Davis Cup WG1 PO: ISR vs LAT,,4,D,,20230204,4,CL82,,,Daniel Cukierman,R,,ISR,27.576,367.0,130.0,O0BQ,,,Karlis Ozolins,R,196.0,LAT,20.641,1215.0,5.0,6-7(5) 6-2 6-4,3,RR,,,,,,,,,,,,,,,,,,,
2023-M-DC-2023-WG2-PO-EST-JAM-01,Davis Cup WG2 PO: EST vs JAM,,4,D,,20230204,4,S0B0,,,Johannes Seeman,R,191.0,EST,22.585,,,B0PB,,,Jacob Bicknell,,,JAM,23.691,,,6-1 6-0,3,RR,,,,,,,,,,,,,,,,,,,
2023-M-DC-2023-WG2-PO-INA-VIE-01,Davis Cup WG2 PO: INA vs VIE,,4,D,,20230204,4,R862,,,Christopher Rungkat,R,175.0,INA,33.057,,,N0A0,,,Dac Thien Nguyen,R,,VIE,24.079,,,6-4 6-0,3,RR,,,,,,,,,,,,,,,,,,,
2023-M-DC-2023-WG2-PO-RSA-LUX-01,Davis Cup WG2 PO: RSA vs LUX,,4,D,,20230204,4,CN80,,,Raphael Calzi,R,180.0,LUX,25.555,,,B0IZ,,,Devin Badenhorst,R,,RSA,18.71,1717.0,1.0,6-4 7-5,3,RR,,,,,,,,,,,,,,,,,,,
2023-M-DC-2023-WG1-PO-GRE-ECU-01,Davis Cup WG1 PO: GRE vs ECU,Hard,4,D,,20230204,1,TE51,,,Stefanos Tsitsipas,R,193.0,GRE,24.482,3.0,6195.0,G0DH,,,Alvaro Guillen Meza,R,175.0,ECU,20.09,731.0,30.0,7-5 6-2,3,RR,,,,,,,,,,,,,,,,,,,
2023-M-DC-2023-WG1-PO-GRE-ECU-01,Davis Cup WG1 PO: GRE vs ECU,Hard,4,D,,20230204,2,T0EI,,,Aristotelis Thanos,R,193.0,GRE,21.829,1578.0,2.0,AG08,,,Andres Andrade,R,180.0,ECU,24.142,564.0,56.0,7-6(4) 6-4,3,RR,,,,,,,,,,,,,,,,,,,
2023-M-DC-2023-WG1-PO-GRE-ECU-01,Davis Cup WG1 PO: GRE vs ECU,Hard,4,D,,20230204,3,TE51,,,Stefanos Tsitsipas,R,193.0,GRE,24.482,3.0,6195.0,AG08,,,Andres Andrade,R,180.0,ECU,24.142,564.0,56.0,7-6(1) 6-1,3,RR,,,,,,,,,,,,,,,,,,,
2023-9158,Cordoba,Clay,32,250,O,20230206,1,D874,,Q,Federico Delbonis,L,193.0,ARG,32.339,131.0,426.0,TE30,,,Alejandro Tabilo,L,188.0,CHI,25.681,146.0,394.0,6-7(8) 6-2 7-6(6),3,R32,183.0,4.0,4.0,107.0,70.0,51.0,21.0,16.0,4.0,6.0,13.0,6.0,128.0,72.0,53.0,26.0,16.0,7.0,11.0
2023-9158,Cordoba,Clay,32,250,O,20230206,2,CF01,,,Marco Cecchinato,R,185.0,ITA,30.352,93.0,572.0,BF23,,,Facundo Bagnis,L,183.0,ARG,32.942,88.0,595.0,6-2 7-6(4),3,R32,92.0,6.0,2.0,64.0,41.0,32.0,12.0,10.0,2.0,3.0,5.0,4.0,70.0,49.0,33.0,5.0,10.0,3.0,6.0
2023-9158,Cordoba,Clay,32,250,O,20230206,3,CE77,6.0,,Federico Coria,R,180.0,ARG,30.913,67.0,775.0,MJ08,,,Thiago Monteiro,L,183.0,BRA,28.687,78.0,690.0,6-7(5) 6-1 6-2,3,R32,163.0,12.0,1.0,98.0,67.0,45.0,18.0,14.0,6.0,8.0,4.0,6.0,94.0,59.0,40.0,13.0,13.0,4.0,10.0
2023-9158,Cordoba,Clay,32,250,O,20230206,4,L987,,,Dusan Lajovic,R,183.0,SRB,32.605,89.0,591.0,V836,,,Juan Pablo Varillas,R,185.0,PER,27.337,98.0,541.0,7-6(3) 6-3,3,R32,122.0,3.0,2.0,81.0,52.0,36.0,13.0,11.0,8.0,10.0,4.0,2.0,64.0,32.0,23.0,13.0,10.0,3.0,6.0
2023-9158,Cordoba,Clay,32,250,O,20230206,5,SH90,,,Joao Sousa,R,185.0,POR,33.856,162.0,362.0,EA24,,,Tomas Martin Etcheverry,R,196.0,ARG,23.556,81.0,651.0,3-6 7-6(5) 6-4,3,R32,186.0,6.0,2.0,102.0,59.0,46.0,16.0,15.0,6.0,9.0,10.0,1.0,94.0,53.0,40.0,24.0,16.0,4.0,7.0
2023-9158,Cordoba,Clay,32,250,O,20230206,6,GD64,,,Cristian Garin,R,185.0,CHI,26.689,103.0,526.0,MO44,7.0,,Pedro Martinez,R,185.0,ESP,25.782,72.0,746.0,7-6(3) 2-6 6-0,3,R32,150.0,5.0,5.0,84.0,45.0,31.0,21.0,13.0,3.0,7.0,2.0,4.0,91.0,56.0,40.0,12.0,13.0,9.0,14.0
2023-9158,Cordoba,Clay,32,250,O,20230206,7,Z419,8.0,,Bernabe Zapata Miralles,R,183.0,ESP,26.067,76.0,702.0,CF59,,,Roberto Carballes Baena,R,183.0,ESP,29.875,77.0,695.0,6-7(6) 6-3 7-5,3,R32,206.0,6.0,5.0,106.0,61.0,46.0,22.0,16.0,4.0,6.0,3.0,5.0,111.0,58.0,42.0,23.0,17.0,6.0,11.0
2023-9158,Cordoba,Clay,32,250,O,20230206,8,BS86,,WC,Tomas Barrios Vera,R,191.0,CHI,25.158,212.0,256.0,GE33,,,Daniel Elahi Galan,R,191.0,COL,26.637,83.0,614.0,7-6(6) 6-2,3,R32,129.0,2.0,3.0,76.0,40.0,28.0,18.0,10.0,4.0,6.0,6.0,6.0,81.0,62.0,38.0,6.0,10.0,7.0,11.0
2023-9158,Cordoba,Clay,32,250,O,20230206,9,D0FJ,,Q,Luciano Darderi,R,183.0,ITA,20.977,200.0,291.0,G09O,,,Hugo Gaston,L,173.0,FRA,22.363,101.0,533.0,6-4 6-3,3,R32,76.0,4.0,1.0,58.0,26.0,23.0,18.0,10.0,2.0,3.0,4.0,1.0,49.0,26.0,15.0,13.0,9.0,3.0,6.0
2023-9158,Cordoba,Clay,32,250,O,20230206,10,DA31,,Q,Hugo Dellien,R,180.0,BOL,29.643,138.0,411.0,CG04,5.0,,Pedro Cachin,R,185.0,ARG,27.822,66.0,777.0,6-3 6-4,3,R32,83.0,3.0,0.0,57.0,34.0,27.0,15.0,10.0,2.0,2.0,3.0,0.0,55.0,34.0,24.0,10.0,9.0,1.0,3.0
2023-9158,Cordoba,Clay,32,250,O,20230206,11,PC11,,WC,Guido Pella,L,183.0,ARG,32.726,1018.0,10.0,VA08,,Q,Andrea Vavassori,R,193.0,ITA,27.759,221.0,248.0,6-2 6-2,3,R32,80.0,1.0,1.0,51.0,34.0,24.0,8.0,8.0,2.0,3.0,2.0,4.0,53.0,27.0,15.0,8.0,8.0,4.0,9.0
2023-9158,Cordoba,Clay,32,250,O,20230206,12,C0C8,,WC,Juan Manuel Cerundolo,L,183.0,ARG,21.227,114.0,460.0,A596,,,Pablo Andujar,R,180.0,ESP,37.038,153.0,377.0,6-4 1-0 RET,3,R32,53.0,1.0,3.0,45.0,31.0,17.0,7.0,6.0,4.0,6.0,0.0,7.0,29.0,14.0,6.0,6.0,5.0,1.0,4.0
2023-9158,Cordoba,Clay,32,250,O,20230206,13,C0AU,2.0,,Francisco Cerundolo,R,185.0,ARG,24.485,31.0,1377.0,D874,,Q,Federico Delbonis,L,193.0,ARG,32.339,131.0,426.0,6-3 3-6 7-5,3,R16,151.0,9.0,5.0,96.0,58.0,36.0,19.0,15.0,3.0,8.0,0.0,6.0,107.0,60.0,32.0,27.0,15.0,12.0,18.0
2023-9158,Cordoba,Clay,32,250,O,20230206,14,CE77,6.0,,Federico Coria,R,180.0,ARG,30.913,67.0,775.0,CF01,,,Marco Cecchinato,R,185.0,ITA,30.352,93.0,572.0,6-3 3-1 RET,3,R16,50.0,2.0,0.0,31.0,25.0,20.0,4.0,6.0,0.0,0.0,0.0,2.0,42.0,20.0,13.0,11.0,7.0,1.0,4.0
2023-9158,Cordoba,Clay,32,250,O,20230206,15,R772,3.0,,Albert Ramos-Vinolas,L,188.0,ESP,35.055,54.0,845.0,L987,,,Dusan Lajovic,R,183.0,SRB,32.605,89.0,591.0,6-4 2-6 6-2,3,R16,130.0,4.0,1.0,81.0,60.0,43.0,9.0,13.0,5.0,8.0,4.0,3.0,73.0,45.0,27.0,15.0,13.0,7.0,11.0
2023-9158,Cordoba,Clay,32,250,O,20230206,16,SH90,,,Joao Sousa,R,185.0,POR,33.856,162.0,362.0,GD64,,,Cristian Garin,R,185.0,CHI,26.689,103.0,526.0,7-5 7-6(6),3,R16,122.0,1.0,2.0,77.0,46.0,33.0,18.0,12.0,2.0,4.0,2.0,3.0,76.0,45.0,30.0,17.0,12.0,4.0,7.0
2023-9158,Cordoba,Clay,32,250,O,20230206,17,BS86,,WC,Tomas Barrios Vera,R,191.0,CHI,25.158,212.0,256.0,Z419,8.0,,Bernabe Zapata Miralles,R,183.0,ESP,26.067,76.0,702.0,5-7 6-4 6-3,3,R16,161.0,0.0,2.0,101.0,59.0,39.0,26.0,15.0,6.0,8.0,1.0,3.0,100.0,65.0,44.0,17.0,16.0,5.0,9.0
2023-9158,Cordoba,Clay,32,250,O,20230206,18,B0BI,4.0,,Sebastian Baez,R,170.0,ARG,22.108,47.0,895.0,D0FJ,,Q,Luciano Darderi,R,183.0,ITA,20.977,200.0,291.0,6-3 6-4,3,R16,85.0,4.0,4.0,59.0,34.0,26.0,15.0,9.0,3.0,3.0,1.0,2.0,59.0,30.0,20.0,13.0,10.0,4.0,7.0
2023-9158,Cordoba,Clay,32,250,O,20230206,19,DA31,,Q,Hugo Dellien,R,180.0,BOL,29.643,138.0,411.0,PC11,,WC,Guido Pella,L,183.0,ARG,32.726,1018.0,10.0,6-3 6-4,3,R16,89.0,3.0,4.0,64.0,44.0,34.0,10.0,10.0,1.0,1.0,2.0,4.0,55.0,37.0,28.0,8.0,9.0,2.0,4.0
2023-9158,Cordoba,Clay,32,250,O,20230206,20,C0C8,,WC,Juan Manuel Cerundolo,L,183.0,ARG,21.227,114.0,460.0,SM37,1.0,,Diego Schwartzman,R,170.0,ARG,30.475,28.0,1460.0,7-6(6) 6-1,3,R16,100.0,6.0,1.0,64.0,43.0,29.0,15.0,9.0,3.0,4.0,1.0,3.0,67.0,42.0,25.0,12.0,10.0,3.0,7.0
2023-9158,Cordoba,Clay,32,250,O,20230206,21,CE77,6.0,,Federico Coria,R,180.0,ARG,30.913,67.0,775.0,C0AU,2.0,,Francisco Cerundolo,R,185.0,ARG,24.485,31.0,1377.0,6-3 3-0 RET,3,QF,62.0,4.0,1.0,38.0,31.0,22.0,5.0,6.0,4.0,4.0,1.0,0.0,50.0,27.0,14.0,11.0,6.0,3.0,6.0
2023-9158,Cordoba,Clay,32,250,O,20230206,22,R772,3.0,,Albert Ramos-Vinolas,L,188.0,ESP,35.055,54.0,845.0,SH90,,,Joao Sousa,R,185.0,POR,33.856,162.0,362.0,6-4 2-6 6-1,3,QF,132.0,4.0,1.0,74.0,44.0,25.0,19.0,12.0,5.0,9.0,2.0,3.0,76.0,42.0,26.0,13.0,13.0,4.0,10.0
2023-9158,Cordoba,Clay,32,250,O,20230206,23,B0BI,4.0,,Sebastian Baez,R,170.0,ARG,22.108,47.0,895.0,BS86,,WC,Tomas Barrios Vera,R,191.0,CHI,25.158,212.0,256.0,6-1 3-6 6-1,3,QF,127.0,6.0,2.0,61.0,40.0,32.0,14.0,12.0,1.0,2.0,2.0,3.0,95.0,60.0,34.0,17.0,11.0,8.0,12.0
2023-9158,Cordoba,Clay,32,250,O,20230206,24,DA31,,Q,Hugo Dellien,R,180.0,BOL,29.643,138.0,411.0,C0C8,,WC,Juan Manuel Cerundolo,L,183.0,ARG,21.227,114.0,460.0,6-7(5) 6-4 6-0,3,QF,141.0,1.0,0.0,97.0,78.0,50.0,11.0,14.0,0.0,2.0,1.0,3.0,86.0,53.0,34.0,12.0,14.0,3.0,9.0
2023-9158,Cordoba,Clay,32,250,O,20230206,25,CE77,6.0,,Federico Coria,R,180.0,ARG,30.913,67.0,775.0,R772,3.0,,Albert Ramos-Vinolas,L,188.0,ESP,35.055,54.0,845.0,6-4 7-6(2),3,SF,152.0,8.0,1.0,66.0,40.0,29.0,15.0,11.0,5.0,8.0,1.0,1.0,102.0,59.0,32.0,21.0,11.0,16.0,20.0
2023-9158,Cordoba,Clay,32,250,O,20230206,26,B0BI,4.0,,Sebastian Baez,R,170.0,ARG,22.108,47.0,895.0,DA31,,Q,Hugo Dellien,R,180.0,BOL,29.643,138.0,411.0,6-4 6-4,3,SF,90.0,5.0,4.0,60.0,39.0,25.0,12.0,10.0,4.0,6.0,0.0,0.0,62.0,45.0,28.0,7.0,10.0,5.0,9.0
2023-9158,Cordoba,Clay,32,250,O,20230206,27,B0BI,4.0,,Sebastian Baez,R,170.0,ARG,22.108,47.0,895.0,CE77,6.0,,Federico Coria,R,180.0,ARG,30.913,67.0,775.0,6-1 3-6 6-3,3,F,110.0,1.0,1.0,86.0,52.0,38.0,19.0,13.0,2.0,4.0,0.0,5.0,67.0,41.0,24.0,18.0,12.0,2.0,6.0
2023-424,Dallas,Hard,32,250,I,20230206,1,MK66,,,Mackenzie McDonald,R,178.0,USA,27.811,59.0,820.0,V306,,Q,Fernando Verdasco,L,188.0,ESP,39.228,118.0,452.0,6-3 6-0,3,R32,63.0,3.0,0.0,47.0,27.0,18.0,14.0,8.0,3.0,4.0,0.0,0.0,46.0,33.0,15.0,3.0,7.0,5.0,10.0
2023-424,Dallas,Hard,32,250,I,20230206,2,A829,,,Radu Albot,R,175.0,MDA,33.238,123.0,443.0,K0IR,,WC,Liam Krall,R,191.0,USA,20.717,,,2-6 6-4 6-2,3,R32,107.0,6.0,0.0,71.0,50.0,38.0,11.0,13.0,1.0,3.0,6.0,4.0,80.0,49.0,37.0,14.0,13.0,2.0,5.0
2023-424,Dallas,Hard,32,250,I,20230206,3,W09G,6.0,,J.J. Wolf,R,183.0,USA,24.129,43.0,922.0,H09P,,Q,Brandon Holt,R,185.0,USA,24.838,195.0,302.0,6-3 6-3,3,R32,69.0,9.0,3.0,45.0,27.0,26.0,10.0,9.0,0.0,0.0,7.0,2.0,62.0,46.0,28.0,6.0,9.0,3.0,6.0
2023-424,Dallas,Hard,32,250,I,20230206,4,GA36,,,Emilio Gomez,R,185.0,ECU,31.192,102.0,533.0,D0F6,,,Gabriel Diallo,R,203.0,CAN,21.369,211.0,260.0,6-4 6-7(5) 7-6(5),3,R32,162.0,8.0,3.0,106.0,71.0,61.0,19.0,17.0,3.0,4.0,18.0,2.0,113.0,86.0,64.0,15.0,17.0,1.0,3.0
2023-424,Dallas,Hard,32,250,I,20230206,5,AE14,,,Daniel Altmaier,R,188.0,GER,24.402,99.0,539.0,S0K7,,Q,Zachary Svajda,R,175.0,USA,20.189,265.0,203.0,6-2 6-4,3,R32,85.0,6.0,1.0,65.0,35.0,28.0,17.0,9.0,3.0,3.0,6.0,0.0,51.0,32.0,23.0,7.0,9.0,0.0,3.0
2023-424,Dallas,Hard,32,250,I,20230206,6,I186,5.0,,John Isner,R,208.0,USA,37.782,39.0,980.0,T0AP,,,Chun-Hsin Tseng,R,175.0,TPE,21.498,108.0,500.0,7-6(5) 7-6(1),3,R32,107.0,22.0,0.0,71.0,56.0,47.0,10.0,12.0,1.0,1.0,5.0,2.0,81.0,59.0,43.0,13.0,12.0,5.0,5.0
2023-424,Dallas,Hard,32,250,I,20230206,7,ME82,8.0,,Adrian Mannarino,L,180.0,FRA,34.606,63.0,791.0,J386,,,Steve Johnson,R,188.0,USA,33.12,120.0,448.0,7-6(6) 6-2,3,R32,92.0,13.0,0.0,57.0,39.0,36.0,10.0,10.0,0.0,0.0,10.0,3.0,80.0,44.0,33.0,14.0,10.0,4.0,6.0
2023-424,Dallas,Hard,32,250,I,20230206,8,TC61,,,Jordan Thompson,R,183.0,AUS,28.799,84.0,604.0,KB09,,,Denis Kudla,R,180.0,USA,30.472,92.0,573.0,6-1 7-5,3,R32,86.0,10.0,0.0,52.0,35.0,28.0,13.0,10.0,3.0,3.0,2.0,1.0,60.0,38.0,22.0,13.0,9.0,4.0,7.0
2023-424,Dallas,Hard,32,250,I,20230206,9,WB32,,,Yibing Wu,R,183.0,CHN,23.316,97.0,544.0,MP01,,,Michael Mmoh,R,188.0,USA,25.073,86.0,599.0,6-3 3-6 6-3,3,R32,130.0,9.0,1.0,88.0,58.0,41.0,16.0,14.0,5.0,7.0,12.0,3.0,86.0,54.0,35.0,18.0,13.0,6.0,9.0
2023-424,Dallas,Hard,32,250,I,20230206,10,GC88,7.0,,Marcos Giron,R,180.0,USA,29.539,55.0,841.0,RG42,,Q,Alex Rybakov,L,185.0,USA,26.026,378.0,123.0,6-4 6-7(1) 6-1,3,R32,134.0,10.0,0.0,90.0,64.0,49.0,14.0,15.0,5.0,6.0,7.0,2.0,103.0,78.0,45.0,16.0,14.0,5.0,9.0
2023-424,Dallas,Hard,32,250,I,20230206,11,O449,,,Oscar Otte,R,193.0,GER,29.561,80.0,666.0,E865,,,Christopher Eubanks,R,201.0,USA,26.757,104.0,524.0,6-4 4-6 6-2,3,R32,108.0,15.0,4.0,77.0,45.0,36.0,19.0,14.0,3.0,5.0,6.0,2.0,90.0,58.0,35.0,17.0,14.0,6.0,10.0
2023-424,Dallas,Hard,32,250,I,20230206,12,SM25,,WC,Jack Sock,R,191.0,USA,30.368,141.0,405.0,I305,,,Ilya Ivashka,R,193.0,BLR,28.95,74.0,715.0,7-6(2) 4-6 6-4,3,R32,183.0,9.0,10.0,133.0,75.0,56.0,22.0,16.0,15.0,18.0,7.0,3.0,101.0,73.0,51.0,12.0,16.0,6.0,9.0
2023-424,Dallas,Hard,32,250,I,20230206,13,TD51,2.0,,Frances Tiafoe,R,188.0,USA,25.046,14.0,2305.0,MK66,,,Mackenzie McDonald,R,178.0,USA,27.811,59.0,820.0,6-1 6-3,3,R16,58.0,5.0,1.0,46.0,33.0,28.0,8.0,8.0,1.0,1.0,4.0,0.0,46.0,28.0,17.0,7.0,8.0,2.0,6.0
2023-424,Dallas,Hard,32,250,I,20230206,14,W09G,6.0,,J.J. Wolf,R,183.0,USA,24.129,43.0,922.0,A829,,,Radu Albot,R,175.0,MDA,33.238,123.0,443.0,6-3 7-6(5),3,R16,107.0,10.0,3.0,83.0,43.0,35.0,18.0,11.0,9.0,10.0,6.0,1.0,64.0,46.0,31.0,11.0,10.0,2.0,4.0
2023-424,Dallas,Hard,32,250,I,20230206,15,GA36,,,Emilio Gomez,R,185.0,ECU,31.192,102.0,533.0,KI95,4.0,,Miomir Kecmanovic,R,183.0,SRB,23.436,33.0,1275.0,2-6 7-6(4) 6-4,3,R16,129.0,5.0,2.0,92.0,65.0,51.0,8.0,15.0,5.0,8.0,13.0,2.0,86.0,51.0,38.0,21.0,15.0,5.0,7.0
2023-424,Dallas,Hard,32,250,I,20230206,16,I186,5.0,,John Isner,R,208.0,USA,37.782,39.0,980.0,AE14,,,Daniel Altmaier,R,188.0,GER,24.402,99.0,539.0,6-3 7-6(1),3,R16,77.0,18.0,0.0,55.0,44.0,40.0,8.0,11.0,0.0,0.0,9.0,3.0,56.0,35.0,28.0,13.0,10.0,2.0,3.0
2023-424,Dallas,Hard,32,250,I,20230206,17,ME82,8.0,,Adrian Mannarino,L,180.0,FRA,34.606,63.0,791.0,TC61,,,Jordan Thompson,R,183.0,AUS,28.799,84.0,604.0,6-2 7-6(3),3,R16,105.0,10.0,1.0,72.0,46.0,38.0,13.0,10.0,3.0,4.0,8.0,0.0,63.0,37.0,26.0,11.0,10.0,2.0,5.0
2023-424,Dallas,Hard,32,250,I,20230206,18,WB32,,,Yibing Wu,R,183.0,CHN,23.316,97.0,544.0,SU55,3.0,,Denis Shapovalov,L,185.0,CAN,23.814,27.0,1560.0,7-6(1) 6-4,3,R16,93.0,2.0,0.0,76.0,48.0,32.0,18.0,11.0,3.0,5.0,8.0,8.0,66.0,41.0,29.0,11.0,11.0,3.0,6.0
2023-424,Dallas,Hard,32,250,I,20230206,19,GC88,7.0,,Marcos Giron,R,180.0,USA,29.539,55.0,841.0,O449,,,Oscar Otte,R,193.0,GER,29.561,80.0,666.0,6-4 6-3,3,R16,67.0,5.0,1.0,48.0,32.0,26.0,11.0,9.0,3.0,3.0,7.0,2.0,63.0,38.0,26.0,10.0,10.0,3.0,6.0
2023-424,Dallas,Hard,32,250,I,20230206,20,FB98,1.0,,Taylor Fritz,R,196.0,USA,25.276,8.0,3410.0,SM25,,WC,Jack Sock,R,191.0,USA,30.368,141.0,405.0,7-6(5) 6-4,3,R16,96.0,10.0,1.0,64.0,43.0,39.0,11.0,11.0,0.0,0.0,8.0,2.0,79.0,46.0,35.0,17.0,11.0,6.0,7.0
2023-424,Dallas,Hard,32,250,I,20230206,21,W09G,6.0,,J.J. Wolf,R,183.0,USA,24.129,43.0,922.0,TD51,2.0,,Frances Tiafoe,R,188.0,USA,25.046,14.0,2305.0,4-6 6-3 6-4,3,QF,125.0,11.0,2.0,95.0,57.0,47.0,18.0,15.0,9.0,11.0,14.0,0.0,87.0,60.0,45.0,11.0,14.0,5.0,8.0
2023-424,Dallas,Hard,32,250,I,20230206,22,I186,5.0,,John Isner,R,208.0,USA,37.782,39.0,980.0,GA36,,,Emilio Gomez,R,185.0,ECU,31.192,102.0,533.0,7-6(8) 7-5,3,QF,107.0,23.0,1.0,71.0,49.0,44.0,15.0,12.0,4.0,4.0,12.0,3.0,79.0,52.0,46.0,12.0,12.0,4.0,5.0
2023-424,Dallas,Hard,32,250,I,20230206,23,WB32,,,Yibing Wu,R,183.0,CHN,23.316,97.0,544.0,ME82,8.0,,Adrian Mannarino,L,180.0,FRA,34.606,63.0,791.0,6-3 6-4,3,QF,73.0,6.0,0.0,53.0,37.0,30.0,9.0,10.0,3.0,4.0,4.0,0.0,47.0,35.0,23.0,4.0,9.0,0.0,3.0
2023-424,Dallas,Hard,32,250,I,20230206,24,FB98,1.0,,Taylor Fritz,R,196.0,USA,25.276,8.0,3410.0,GC88,7.0,,Marcos Giron,R,180.0,USA,29.539,55.0,841.0,7-6(7) 3-6 6-3,3,QF,111.0,9.0,2.0,83.0,55.0,45.0,15.0,15.0,0.0,1.0,6.0,1.0,88.0,57.0,43.0,19.0,15.0,1.0,2.0
2023-424,Dallas,Hard,32,250,I,20230206,25,I186,5.0,,John Isner,R,208.0,USA,37.782,39.0,980.0,W09G,6.0,,J.J. Wolf,R,183.0,USA,24.129,43.0,922.0,3-6 7-5 7-6(4),3,SF,151.0,31.0,2.0,102.0,71.0,57.0,17.0,16.0,7.0,8.0,14.0,4.0,101.0,65.0,52.0,22.0,17.0,3.0,4.0
2023-424,Dallas,Hard,32,250,I,20230206,26,WB32,,,Yibing Wu,R,183.0,CHN,23.316,97.0,544.0,FB98,1.0,,Taylor Fritz,R,196.0,USA,25.276,8.0,3410.0,6-7(3) 7-5 6-4,3,SF,152.0,6.0,0.0,122.0,72.0,51.0,32.0,17.0,9.0,9.0,20.0,2.0,96.0,58.0,47.0,25.0,17.0,2.0,4.0
2023-424,Dallas,Hard,32,250,I,20230206,27,WB32,,,Yibing Wu,R,183.0,CHN,23.316,97.0,544.0,I186,5.0,,John Isner,R,208.0,USA,37.782,39.0,980.0,6-7(4) 7-6(3) 7-6(12),3,F,178.0,7.0,2.0,128.0,87.0,69.0,28.0,18.0,3.0,3.0,44.0,1.0,118.0,89.0,72.0,21.0,18.0,2.0,2.0
2023-375,Montpellier,Hard,32,250,I,20230206,1,F724,,,Marton Fucsovics,R,188.0,HUN,30.995,69.0,767.0,BU54,,Q,Geoffrey Blancaneaux,R,180.0,FRA,24.498,151.0,379.0,7-5 5-7 6-0,3,R32,156.0,1.0,5.0,108.0,70.0,44.0,22.0,15.0,8.0,11.0,1.0,3.0,91.0,60.0,38.0,13.0,15.0,3.0,9.0
2023-375,Montpellier,Hard,32,250,I,20230206,2,KB05,,,Filip Krajinovic,R,185.0,SRB,30.943,71.0,755.0,KC56,,,Aslan Karatsev,R,185.0,RUS,29.424,95.0,555.0,3-6 7-6(7) 6-2,3,R32,125.0,9.0,1.0,86.0,65.0,48.0,13.0,14.0,0.0,1.0,9.0,7.0,100.0,55.0,42.0,23.0,15.0,8.0,10.0
2023-375,Montpellier,Hard,32,250,I,20230206,3,SU87,,,Lorenzo Sonego,R,191.0,ITA,27.743,56.0,835.0,BM95,8.0,,Benjamin Bonzi,R,183.0,FRA,26.661,42.0,956.0,6-3 6-4,3,R32,82.0,5.0,0.0,53.0,38.0,28.0,11.0,9.0,4.0,4.0,0.0,1.0,60.0,42.0,27.0,9.0,10.0,4.0,7.0
2023-375,Montpellier,Hard,32,250,I,20230206,4,F0F1,,WC,Arthur Fils,R,185.0,FRA,18.653,163.0,361.0,G628,,,Richard Gasquet,R,183.0,FRA,36.638,45.0,910.0,7-5 7-5,3,R32,112.0,8.0,3.0,81.0,51.0,38.0,12.0,12.0,7.0,9.0,2.0,5.0,73.0,51.0,37.0,6.0,12.0,4.0,8.0
2023-375,Montpellier,Hard,32,250,I,20230206,5,HB64,,,Quentin Halys,R,191.0,FRA,26.281,70.0,756.0,C0BH,,Q,Clement Chidekh,R,180.0,FRA,21.651,434.0,101.0,7-5 2-6 7-5,3,R32,144.0,25.0,5.0,104.0,62.0,52.0,15.0,16.0,2.0,4.0,1.0,3.0,103.0,68.0,47.0,22.0,16.0,11.0,13.0
2023-375,Montpellier,Hard,32,250,I,20230206,6,DH50,5.0,,Alejandro Davidovich Fokina,R,180.0,ESP,23.674,32.0,1325.0,HH26,,WC,Ugo Humbert,L,188.0,FRA,24.616,85.0,603.0,1-6 7-6(2) RET,3,R32,123.0,0.0,3.0,64.0,31.0,17.0,21.0,9.0,3.0,6.0,6.0,2.0,69.0,48.0,35.0,9.0,10.0,7.0,8.0
2023-375,Montpellier,Hard,32,250,I,20230206,7,RH24,7.0,,Emil Ruusuvuori,R,188.0,FIN,23.849,53.0,846.0,Y268,,,Mikael Ymer,R,185.0,SWE,24.411,73.0,741.0,6-4 6-0,3,R32,75.0,4.0,1.0,42.0,26.0,18.0,13.0,8.0,1.0,2.0,0.0,1.0,45.0,31.0,13.0,6.0,8.0,2.0,7.0
2023-375,Montpellier,Hard,32,250,I,20230206,8,C0BC,,,Maxime Cressy,R,201.0,USA,25.749,51.0,857.0,BP41,,Q,Antoine Bellier,L,196.0,SUI,26.303,190.0,313.0,6-3 6-2,3,R32,71.0,11.0,8.0,57.0,39.0,31.0,9.0,9.0,3.0,3.0,6.0,2.0,52.0,41.0,25.0,5.0,8.0,4.0,7.0
2023-375,Montpellier,Hard,32,250,I,20230206,9,RC91,,,Arthur Rinderknech,R,196.0,FRA,27.543,68.0,772.0,N0BG,,Q,Luca Nardi,R,185.0,ITA,19.504,164.0,360.0,6-4 6-4,3,R32,82.0,10.0,0.0,49.0,33.0,31.0,7.0,10.0,1.0,2.0,2.0,2.0,65.0,43.0,26.0,12.0,10.0,3.0,6.0
2023-375,Montpellier,Hard,32,250,I,20230206,10,BK24,,,Gregoire Barrere,R,183.0,FRA,28.972,75.0,713.0,BK92,6.0,,Alexander Bublik,R,196.0,KAZ,25.64,50.0,865.0,6-4 6-7(12) 7-6(3),3,R32,147.0,5.0,4.0,113.0,67.0,54.0,25.0,17.0,2.0,3.0,19.0,14.0,123.0,69.0,56.0,24.0,17.0,3.0,5.0
2023-375,Montpellier,Hard,32,250,I,20230206,11,BG23,,,Nikoloz Basilashvili,R,185.0,GEO,30.954,87.0,595.0,LB66,,,Constant Lestienne,R,180.0,FRA,30.708,48.0,879.0,6-7(3) 7-5 6-2,3,R32,156.0,5.0,3.0,91.0,56.0,37.0,23.0,16.0,5.0,9.0,6.0,2.0,126.0,76.0,47.0,22.0,16.0,9.0,16.0
2023-375,Montpellier,Hard,32,250,I,20230206,12,HH06,,,Marc-Andrea Huesler,L,196.0,SUI,26.62,49.0,876.0,V0DZ,,WC,Luca Van Assche,R,178.0,FRA,18.741,145.0,397.0,6-3 3-6 6-3,3,R32,110.0,13.0,2.0,77.0,44.0,38.0,20.0,14.0,5.0,6.0,2.0,4.0,79.0,47.0,34.0,19.0,13.0,2.0,4.0
2023-375,Montpellier,Hard,32,250,I,20230206,13,S0AG,2.0,,Jannik Sinner,R,191.0,ITA,21.476,17.0,2195.0,F724,,,Marton Fucsovics,R,188.0,HUN,30.995,69.0,767.0,W/O,3,R16,0.0,,,,,,,,,,,,,,,,,,
2023-375,Montpellier,Hard,32,250,I,20230206,14,SU87,,,Lorenzo Sonego,R,191.0,ITA,27.743,56.0,835.0,KB05,,,Filip Krajinovic,R,185.0,SRB,30.943,71.0,755.0,7-5 6-1,3,R16,80.0,6.0,1.0,49.0,37.0,33.0,8.0,10.0,0.0,0.0,1.0,4.0,65.0,37.0,24.0,14.0,9.0,1.0,4.0
2023-375,Montpellier,Hard,32,250,I,20230206,15,F0F1,,WC,Arthur Fils,R,185.0,FRA,18.653,163.0,361.0,BD06,4.0,,Roberto Bautista Agut,R,183.0,ESP,34.815,24.0,1740.0,6-3 6-4,3,R16,85.0,8.0,2.0,62.0,41.0,28.0,12.0,10.0,2.0,4.0,3.0,2.0,57.0,40.0,25.0,7.0,9.0,4.0,8.0
2023-375,Montpellier,Hard,32,250,I,20230206,16,HB64,,,Quentin Halys,R,191.0,FRA,26.281,70.0,756.0,DH50,5.0,,Alejandro Davidovich Fokina,R,180.0,ESP,23.674,32.0,1325.0,6-3 6-3,3,R16,80.0,11.0,2.0,53.0,31.0,28.0,10.0,9.0,3.0,3.0,3.0,1.0,61.0,36.0,25.0,11.0,9.0,4.0,7.0
2023-375,Montpellier,Hard,32,250,I,20230206,17,C0BC,,,Maxime Cressy,R,201.0,USA,25.749,51.0,857.0,RH24,7.0,,Emil Ruusuvuori,R,188.0,FIN,23.849,53.0,846.0,6-4 6-4,3,R16,77.0,15.0,7.0,60.0,41.0,36.0,7.0,10.0,1.0,1.0,4.0,0.0,50.0,32.0,28.0,9.0,10.0,1.0,3.0
2023-375,Montpellier,Hard,32,250,I,20230206,18,CG80,3.0,,Borna Coric,R,188.0,CRO,26.229,23.0,1770.0,RC91,,,Arthur Rinderknech,R,196.0,FRA,27.543,68.0,772.0,6-3 7-5,3,R16,91.0,10.0,1.0,57.0,43.0,34.0,10.0,11.0,0.0,0.0,6.0,0.0,64.0,40.0,28.0,14.0,10.0,3.0,5.0
2023-375,Montpellier,Hard,32,250,I,20230206,19,BK24,,,Gregoire Barrere,R,183.0,FRA,28.972,75.0,713.0,BG23,,,Nikoloz Basilashvili,R,185.0,GEO,30.954,87.0,595.0,6-3 6-4,3,R16,71.0,2.0,0.0,61.0,41.0,30.0,12.0,10.0,1.0,1.0,4.0,6.0,60.0,29.0,22.0,16.0,9.0,3.0,5.0
2023-375,Montpellier,Hard,32,250,I,20230206,20,R0DG,1.0,,Holger Rune,R,188.0,DEN,19.775,9.0,3046.0,HH06,,,Marc-Andrea Huesler,L,196.0,SUI,26.62,49.0,876.0,7-6(5) 6-2,3,R16,92.0,7.0,0.0,57.0,40.0,32.0,13.0,10.0,2.0,2.0,2.0,0.0,79.0,45.0,30.0,17.0,10.0,5.0,7.0
2023-375,Montpellier,Hard,32,250,I,20230206,21,S0AG,2.0,,Jannik Sinner,R,191.0,ITA,21.476,17.0,2195.0,SU87,,,Lorenzo Sonego,R,191.0,ITA,27.743,56.0,835.0,6-4 6-2,3,QF,95.0,1.0,2.0,51.0,28.0,18.0,17.0,9.0,2.0,3.0,3.0,0.0,61.0,43.0,26.0,6.0,9.0,4.0,8.0
2023-375,Montpellier,Hard,32,250,I,20230206,22,F0F1,,WC,Arthur Fils,R,185.0,FRA,18.653,163.0,361.0,HB64,,,Quentin Halys,R,191.0,FRA,26.281,70.0,756.0,7-6(3) 6-3,3,QF,81.0,5.0,4.0,68.0,45.0,37.0,16.0,11.0,1.0,1.0,11.0,3.0,60.0,39.0,29.0,11.0,10.0,5.0,6.0
2023-375,Montpellier,Hard,32,250,I,20230206,23,C0BC,,,Maxime Cressy,R,201.0,USA,25.749,51.0,857.0,CG80,3.0,,Borna Coric,R,188.0,CRO,26.229,23.0,1770.0,7-6(2) 6-4,3,QF,104.0,18.0,8.0,72.0,44.0,40.0,14.0,11.0,6.0,6.0,6.0,1.0,61.0,39.0,34.0,12.0,11.0,0.0,1.0
2023-375,Montpellier,Hard,32,250,I,20230206,24,R0DG,1.0,,Holger Rune,R,188.0,DEN,19.775,9.0,3046.0,BK24,,,Gregoire Barrere,R,183.0,FRA,28.972,75.0,713.0,7-6(2) 7-6(5),3,QF,112.0,7.0,1.0,77.0,51.0,33.0,19.0,12.0,2.0,3.0,2.0,1.0,93.0,60.0,38.0,21.0,12.0,6.0,7.0
2023-375,Montpellier,Hard,32,250,I,20230206,25,S0AG,2.0,,Jannik Sinner,R,191.0,ITA,21.476,17.0,2195.0,F0F1,,WC,Arthur Fils,R,185.0,FRA,18.653,163.0,361.0,7-5 6-2,3,SF,94.0,5.0,1.0,55.0,34.0,28.0,14.0,10.0,2.0,2.0,6.0,2.0,70.0,48.0,30.0,11.0,10.0,4.0,7.0
2023-375,Montpellier,Hard,32,250,I,20230206,26,C0BC,,,Maxime Cressy,R,201.0,USA,25.749,51.0,857.0,R0DG,1.0,,Holger Rune,R,188.0,DEN,19.775,9.0,3046.0,7-5 6-7(3) 7-6(4),3,SF,159.0,15.0,10.0,100.0,57.0,53.0,26.0,18.0,0.0,0.0,8.0,3.0,104.0,72.0,59.0,20.0,18.0,1.0,2.0
2023-375,Montpellier,Hard,32,250,I,20230206,27,S0AG,2.0,,Jannik Sinner,R,191.0,ITA,21.476,17.0,2195.0,C0BC,,,Maxime Cressy,R,201.0,USA,25.749,51.0,857.0,7-6(3) 6-3,3,F,96.0,4.0,1.0,61.0,38.0,33.0,16.0,11.0,3.0,3.0,10.0,6.0,62.0,39.0,30.0,12.0,10.0,3.0,4.0
2023-499,Delray Beach,Hard,32,250,O,20230213,1,KB09,,,Denis Kudla,R,180.0,USA,30.491,95.0,573.0,TC61,,,Jordan Thompson,R,183.0,AUS,28.819,93.0,579.0,3-6 6-4 7-6(2),3,R32,156.0,2.0,4.0,89.0,56.0,40.0,21.0,15.0,4.0,6.0,19.0,5.0,107.0,59.0,42.0,27.0,16.0,5.0,7.0
2023-499,Delray Beach,Hard,32,250,O,20230213,2,A829,,,Radu Albot,R,175.0,MDA,33.257,113.0,463.0,V306,,WC,Fernando Verdasco,L,188.0,ESP,39.247,133.0,419.0,7-6(3) 7-6(1),3,R32,124.0,2.0,1.0,73.0,43.0,32.0,17.0,12.0,2.0,5.0,3.0,8.0,98.0,59.0,36.0,17.0,12.0,2.0,5.0
2023-499,Delray Beach,Hard,32,250,O,20230213,3,V832,,LL,Aleksandar Vukic,R,188.0,AUS,26.856,171.0,347.0,E865,,Q,Christopher Eubanks,R,201.0,USA,26.776,102.0,524.0,6-7(5) 6-3 6-4,3,R32,119.0,6.0,2.0,86.0,53.0,46.0,17.0,16.0,0.0,1.0,9.0,2.0,101.0,71.0,44.0,21.0,15.0,8.0,11.0
2023-499,Delray Beach,Hard,32,250,O,20230213,4,BT72,,Q,Nuno Borges,R,185.0,POR,25.982,104.0,514.0,J386,,LL,Steve Johnson,R,188.0,USA,33.139,118.0,448.0,6-4 3-6 6-4,3,R32,123.0,7.0,6.0,93.0,62.0,44.0,17.0,14.0,8.0,10.0,14.0,2.0,94.0,62.0,44.0,16.0,15.0,3.0,6.0
2023-499,Delray Beach,Hard,32,250,O,20230213,5,PH42,,Q,Matija Pecotic,L,185.0,CRO,33.615,784.0,24.0,SM25,,WC,Jack Sock,R,191.0,USA,30.387,143.0,405.0,4-6 6-2 6-2,3,R32,130.0,10.0,7.0,85.0,54.0,41.0,16.0,13.0,6.0,8.0,3.0,6.0,92.0,45.0,30.0,19.0,13.0,6.0,11.0
2023-499,Delray Beach,Hard,32,250,O,20230213,6,GC88,,,Marcos Giron,R,180.0,USA,29.558,55.0,796.0,S0S1,8.0,,Ben Shelton,L,193.0,USA,20.348,42.0,964.0,6-4 6-4,3,R32,67.0,5.0,1.0,51.0,35.0,30.0,10.0,10.0,0.0,0.0,4.0,2.0,52.0,39.0,29.0,7.0,10.0,0.0,2.0
2023-499,Delray Beach,Hard,32,250,O,20230213,7,N732,5.0,,Yoshihito Nishioka,L,170.0,JPN,27.381,34.0,1232.0,O449,,,Oscar Otte,R,193.0,GER,29.58,80.0,666.0,6-3 0-6 6-4,3,R32,115.0,3.0,5.0,85.0,48.0,29.0,15.0,12.0,6.0,11.0,13.0,5.0,72.0,32.0,25.0,18.0,13.0,2.0,7.0
2023-499,Delray Beach,Hard,32,250,O,20230213,8,MK66,,,Mackenzie McDonald,R,178.0,USA,27.83,56.0,795.0,DA81,,,Taro Daniel,R,191.0,JPN,30.045,106.0,502.0,6-2 6-2,3,R32,67.0,0.0,2.0,45.0,25.0,21.0,12.0,8.0,1.0,1.0,2.0,1.0,46.0,26.0,13.0,10.0,8.0,1.0,5.0
2023-499,Delray Beach,Hard,32,250,O,20230213,9,MP01,,,Michael Mmoh,R,188.0,USA,25.092,87.0,599.0,K0AZ,,WC,Aleksandar Kovacevic,R,183.0,USA,24.46,122.0,435.0,6-4 3-6 6-3,3,R32,174.0,3.0,2.0,110.0,75.0,43.0,22.0,14.0,13.0,16.0,12.0,3.0,97.0,53.0,39.0,19.0,14.0,10.0,14.0
2023-499,Delray Beach,Hard,32,250,O,20230213,10,W09G,9.0,,J.J. Wolf,R,183.0,USA,24.148,39.0,996.0,I305,,,Ilya Ivashka,R,193.0,BLR,28.969,77.0,686.0,7-5 6-3,3,R32,96.0,4.0,4.0,66.0,35.0,28.0,14.0,11.0,3.0,5.0,2.0,5.0,60.0,37.0,25.0,9.0,10.0,3.0,7.0
2023-499,Delray Beach,Hard,32,250,O,20230213,11,ME82,,,Adrian Mannarino,L,180.0,FRA,34.626,59.0,791.0,AE14,,,Daniel Altmaier,R,188.0,GER,24.422,97.0,559.0,4-6 6-3 6-4,3,R32,145.0,8.0,3.0,102.0,60.0,43.0,23.0,15.0,10.0,12.0,15.0,1.0,79.0,55.0,39.0,14.0,14.0,3.0,6.0
2023-499,Delray Beach,Hard,32,250,O,20230213,12,GA36,,,Emilio Gomez,R,185.0,ECU,31.211,94.0,578.0,W857,,Q,Tung-Lin Wu,R,188.0,TPE,24.758,172.0,346.0,7-6(3) 6-4,3,R32,136.0,4.0,3.0,84.0,42.0,28.0,22.0,11.0,9.0,12.0,2.0,0.0,86.0,54.0,32.0,15.0,11.0,8.0,12.0
2023-499,Delray Beach,Hard,32,250,O,20230213,13,PL56,2.0,,Tommy Paul,R,185.0,USA,25.744,18.0,1835.0,KB09,,,Denis Kudla,R,180.0,USA,30.491,95.0,573.0,6-3 6-4,3,R16,84.0,7.0,2.0,65.0,43.0,30.0,13.0,10.0,1.0,2.0,3.0,3.0,52.0,32.0,20.0,11.0,9.0,1.0,4.0
2023-499,Delray Beach,Hard,32,250,O,20230213,14,A829,,,Radu Albot,R,175.0,MDA,33.257,113.0,463.0,V832,,LL,Aleksandar Vukic,R,188.0,AUS,26.856,171.0,347.0,6-4 6-4,3,R16,104.0,1.0,2.0,75.0,43.0,30.0,17.0,10.0,6.0,7.0,4.0,8.0,71.0,44.0,29.0,12.0,10.0,6.0,9.0
2023-499,Delray Beach,Hard,32,250,O,20230213,15,KI95,4.0,,Miomir Kecmanovic,R,183.0,SRB,23.455,33.0,1275.0,BT72,,Q,Nuno Borges,R,185.0,POR,25.982,104.0,514.0,6-3 7-5,3,R16,87.0,6.0,2.0,61.0,37.0,29.0,14.0,11.0,0.0,1.0,1.0,3.0,69.0,42.0,26.0,12.0,10.0,5.0,8.0
2023-499,Delray Beach,Hard,32,250,O,20230213,16,GC88,,,Marcos Giron,R,180.0,USA,29.558,55.0,796.0,PH42,,Q,Matija Pecotic,L,185.0,CRO,33.615,784.0,24.0,6-3 6-3,3,R16,77.0,1.0,1.0,54.0,30.0,26.0,15.0,9.0,3.0,3.0,2.0,4.0,61.0,36.0,25.0,11.0,9.0,4.0,7.0
2023-499,Delray Beach,Hard,32,250,O,20230213,17,MK66,,,Mackenzie McDonald,R,178.0,USA,27.83,56.0,795.0,N732,5.0,,Yoshihito Nishioka,L,170.0,JPN,27.381,34.0,1232.0,6-3 3-6 6-2,3,R16,126.0,9.0,5.0,82.0,50.0,37.0,19.0,13.0,2.0,3.0,5.0,1.0,112.0,71.0,46.0,18.0,13.0,10.0,13.0
2023-499,Delray Beach,Hard,32,250,O,20230213,18,MP01,,,Michael Mmoh,R,188.0,USA,25.092,87.0,599.0,SU55,3.0,,Denis Shapovalov,L,185.0,CAN,23.833,27.0,1560.0,7-5 3-6 6-3,3,R16,140.0,2.0,5.0,96.0,64.0,49.0,15.0,15.0,8.0,10.0,4.0,4.0,88.0,51.0,38.0,19.0,15.0,2.0,5.0
2023-499,Delray Beach,Hard,32,250,O,20230213,19,ME82,,,Adrian Mannarino,L,180.0,FRA,34.626,59.0,791.0,W09G,9.0,,J.J. Wolf,R,183.0,USA,24.148,39.0,996.0,7-5 6-2,3,R16,107.0,9.0,1.0,76.0,45.0,37.0,14.0,10.0,2.0,2.0,5.0,4.0,64.0,35.0,24.0,15.0,10.0,4.0,7.0
2023-499,Delray Beach,Hard,32,250,O,20230213,20,FB98,1.0,,Taylor Fritz,R,196.0,USA,25.295,7.0,3455.0,GA36,,,Emilio Gomez,R,185.0,ECU,31.211,94.0,578.0,6-4 6-3,3,R16,87.0,11.0,2.0,64.0,42.0,33.0,10.0,10.0,2.0,3.0,1.0,1.0,60.0,34.0,24.0,11.0,9.0,5.0,8.0
2023-499,Delray Beach,Hard,32,250,O,20230213,21,A829,,,Radu Albot,R,175.0,MDA,33.257,113.0,463.0,PL56,2.0,,Tommy Paul,R,185.0,USA,25.744,18.0,1835.0,6-2 6-2,3,QF,75.0,3.0,2.0,57.0,40.0,32.0,6.0,8.0,2.0,2.0,5.0,0.0,47.0,28.0,18.0,7.0,8.0,2.0,6.0
2023-499,Delray Beach,Hard,32,250,O,20230213,22,KI95,4.0,,Miomir Kecmanovic,R,183.0,SRB,23.455,33.0,1275.0,GC88,,,Marcos Giron,R,180.0,USA,29.558,55.0,796.0,7-6(5) 6-3,3,QF,94.0,8.0,1.0,68.0,42.0,31.0,18.0,11.0,5.0,6.0,1.0,2.0,61.0,40.0,29.0,13.0,10.0,4.0,6.0
2023-499,Delray Beach,Hard,32,250,O,20230213,23,MK66,,,Mackenzie McDonald,R,178.0,USA,27.83,56.0,795.0,MP01,,,Michael Mmoh,R,188.0,USA,25.092,87.0,599.0,3-6 6-3 6-4,3,QF,130.0,4.0,2.0,86.0,57.0,31.0,15.0,14.0,6.0,11.0,2.0,6.0,76.0,51.0,35.0,7.0,14.0,1.0,7.0
2023-499,Delray Beach,Hard,32,250,O,20230213,24,FB98,1.0,,Taylor Fritz,R,196.0,USA,25.295,7.0,3455.0,ME82,,,Adrian Mannarino,L,180.0,FRA,34.626,59.0,791.0,7-6(8) 6-4,3,QF,110.0,8.0,1.0,72.0,50.0,37.0,9.0,11.0,4.0,6.0,3.0,4.0,76.0,47.0,35.0,10.0,11.0,2.0,5.0
2023-499,Delray Beach,Hard,32,250,O,20230213,25,KI95,4.0,,Miomir Kecmanovic,R,183.0,SRB,23.455,33.0,1275.0,A829,,,Radu Albot,R,175.0,MDA,33.257,113.0,463.0,7-6(8) 3-6 6-2,3,SF,147.0,5.0,1.0,90.0,56.0,39.0,22.0,14.0,4.0,6.0,3.0,8.0,112.0,67.0,48.0,21.0,15.0,3.0,6.0
2023-499,Delray Beach,Hard,32,250,O,20230213,26,FB98,1.0,,Taylor Fritz,R,196.0,USA,25.295,7.0,3455.0,MK66,,,Mackenzie McDonald,R,178.0,USA,27.83,56.0,795.0,6-3 7-6(6),3,SF,94.0,9.0,1.0,71.0,41.0,34.0,13.0,11.0,4.0,6.0,6.0,2.0,61.0,38.0,27.0,9.0,10.0,3.0,6.0
2023-499,Delray Beach,Hard,32,250,O,20230213,27,FB98,1.0,,Taylor Fritz,R,196.0,USA,25.295,7.0,3455.0,KI95,4.0,,Miomir Kecmanovic,R,183.0,SRB,23.455,33.0,1275.0,6-0 5-7 6-2,3,F,117.0,10.0,0.0,68.0,37.0,35.0,16.0,13.0,0.0,1.0,6.0,3.0,91.0,49.0,33.0,17.0,13.0,4.0,9.0
2023-506,Buenos Aires,Clay,32,250,O,20230213,1,D0CG,,WC,Facundo Diaz Acosta,L,183.0,ARG,22.163,191.0,316.0,CE77,,,Federico Coria,R,180.0,ARG,30.932,49.0,880.0,7-6(5) 7-5,3,R32,121.0,3.0,2.0,73.0,40.0,25.0,18.0,12.0,2.0,6.0,0.0,1.0,80.0,55.0,30.0,12.0,12.0,7.0,12.0
2023-506,Buenos Aires,Clay,32,250,O,20230213,2,EA24,,,Tomas Martin Etcheverry,R,196.0,ARG,23.576,82.0,651.0,DA31,,PR,Hugo Dellien,R,180.0,BOL,29.662,107.0,501.0,3-6 6-2 6-2,3,R32,141.0,9.0,3.0,73.0,43.0,33.0,15.0,12.0,3.0,5.0,1.0,0.0,98.0,74.0,42.0,11.0,13.0,10.0,15.0
2023-506,Buenos Aires,Clay,32,250,O,20230213,3,CF59,,,Roberto Carballes Baena,R,183.0,ESP,29.895,76.0,695.0,R772,8.0,,Albert Ramos-Vinolas,L,188.0,ESP,35.075,44.0,915.0,7-5 6-4,3,R32,136.0,11.0,5.0,94.0,48.0,34.0,24.0,11.0,8.0,9.0,2.0,1.0,69.0,46.0,30.0,12.0,11.0,6.0,9.0
2023-506,Buenos Aires,Clay,32,250,O,20230213,4,CG04,,,Pedro Cachin,R,185.0,ARG,27.841,68.0,777.0,MJ08,,,Thiago Monteiro,L,183.0,BRA,28.706,78.0,676.0,7-6(2) 6-4,3,R32,117.0,5.0,2.0,64.0,41.0,35.0,13.0,11.0,2.0,3.0,3.0,0.0,66.0,40.0,26.0,16.0,11.0,2.0,4.0
2023-506,Buenos Aires,Clay,32,250,O,20230213,5,V836,,Q,Juan Pablo Varillas,R,185.0,PER,27.357,101.0,541.0,SH90,,,Joao Sousa,R,185.0,POR,33.875,142.0,407.0,6-2 7-5,3,R32,102.0,4.0,3.0,60.0,31.0,24.0,13.0,10.0,2.0,4.0,0.0,0.0,73.0,43.0,24.0,13.0,10.0,6.0,11.0
2023-506,Buenos Aires,Clay,32,250,O,20230213,6,TB69,,WC,Dominic Thiem,R,185.0,AUT,29.446,99.0,550.0,MV14,7.0,,Alex Molcan,L,178.0,SVK,25.202,51.0,850.0,7-6(4) 6-3,3,R32,104.0,5.0,1.0,70.0,47.0,34.0,14.0,11.0,2.0,3.0,4.0,2.0,54.0,36.0,25.0,11.0,10.0,1.0,3.0
2023-506,Buenos Aires,Clay,32,250,O,20230213,7,C0AU,5.0,,Francisco Cerundolo,R,185.0,ARG,24.504,30.0,1365.0,H997,,Q,Yannick Hanfmann,R,193.0,GER,31.253,134.0,419.0,6-2 4-6 7-5,3,R32,153.0,4.0,2.0,102.0,73.0,43.0,18.0,15.0,3.0,6.0,1.0,2.0,110.0,70.0,43.0,17.0,15.0,12.0,17.0
2023-506,Buenos Aires,Clay,32,250,O,20230213,8,MU94,,,Jaume Munar,R,183.0,ESP,25.777,67.0,777.0,PC11,,WC,Guido Pella,L,183.0,ARG,32.745,723.0,30.0,6-4 7-5,3,R32,122.0,1.0,4.0,63.0,40.0,26.0,9.0,11.0,3.0,7.0,1.0,4.0,71.0,47.0,25.0,8.0,11.0,6.0,12.0
2023-506,Buenos Aires,Clay,32,250,O,20230213,9,Z419,,,Bernabe Zapata Miralles,R,183.0,ESP,26.086,74.0,702.0,MO44,,,Pedro Martinez,R,185.0,ESP,25.802,73.0,726.0,6-1 3-6 6-4,3,R32,160.0,3.0,2.0,85.0,61.0,31.0,10.0,13.0,8.0,16.0,1.0,11.0,102.0,69.0,36.0,9.0,13.0,11.0,21.0
2023-506,Buenos Aires,Clay,32,250,O,20230213,10,L987,,Q,Dusan Lajovic,R,183.0,SRB,32.624,90.0,591.0,B0BI,6.0,,Sebastian Baez,R,170.0,ARG,22.127,36.0,1125.0,3-6 7-6(5) 6-3,3,R32,150.0,1.0,1.0,90.0,52.0,32.0,16.0,14.0,2.0,8.0,3.0,1.0,120.0,85.0,45.0,18.0,16.0,5.0,12.0
2023-506,Buenos Aires,Clay,32,250,O,20230213,11,U182,,Q,Camilo Ugo Carabelli,R,185.0,ARG,23.661,127.0,428.0,GE33,,,Daniel Elahi Galan,R,191.0,COL,26.656,85.0,614.0,7-6(7) 6-3,3,R32,121.0,0.0,0.0,72.0,55.0,32.0,9.0,11.0,1.0,5.0,1.0,1.0,65.0,35.0,20.0,12.0,10.0,1.0,6.0
2023-506,Buenos Aires,Clay,32,250,O,20230213,12,DB63,,,Laslo Djere,R,188.0,SRB,27.702,57.0,793.0,F510,,,Fabio Fognini,R,178.0,ITA,35.726,66.0,778.0,6-4 6-4,3,R32,97.0,3.0,1.0,65.0,34.0,26.0,19.0,10.0,6.0,7.0,1.0,5.0,57.0,34.0,23.0,13.0,10.0,1.0,4.0
2023-506,Buenos Aires,Clay,32,250,O,20230213,13,N771,2.0,,Cameron Norrie,L,188.0,GBR,27.477,12.0,2715.0,D0CG,,WC,Facundo Diaz Acosta,L,183.0,ARG,22.163,191.0,316.0,4-6 7-5 7-6(6),3,R16,179.0,5.0,5.0,119.0,77.0,54.0,20.0,17.0,10.0,14.0,5.0,6.0,105.0,67.0,47.0,21.0,17.0,7.0,11.0
2023-506,Buenos Aires,Clay,32,250,O,20230213,14,EA24,,,Tomas Martin Etcheverry,R,196.0,ARG,23.576,82.0,651.0,CF59,,,Roberto Carballes Baena,R,183.0,ESP,29.895,76.0,695.0,4-6 6-1 6-2,3,R16,153.0,5.0,3.0,78.0,46.0,36.0,19.0,13.0,3.0,4.0,2.0,2.0,78.0,45.0,30.0,15.0,12.0,2.0,6.0
2023-506,Buenos Aires,Clay,32,250,O,20230213,15,M0EJ,3.0,,Lorenzo Musetti,R,185.0,ITA,20.95,20.0,1821.0,CG04,,,Pedro Cachin,R,185.0,ARG,27.841,68.0,777.0,6-2 6-3,3,R16,85.0,1.0,1.0,55.0,33.0,22.0,12.0,9.0,2.0,4.0,1.0,2.0,48.0,31.0,14.0,7.0,8.0,5.0,10.0
2023-506,Buenos Aires,Clay,32,250,O,20230213,16,V836,,Q,Juan Pablo Varillas,R,185.0,PER,27.357,101.0,541.0,TB69,,WC,Dominic Thiem,R,185.0,AUT,29.446,99.0,550.0,6-4 6-4,3,R16,107.0,1.0,1.0,59.0,30.0,27.0,13.0,10.0,1.0,2.0,0.0,2.0,60.0,35.0,22.0,11.0,10.0,3.0,6.0
2023-506,Buenos Aires,Clay,32,250,O,20230213,17,C0AU,5.0,,Francisco Cerundolo,R,185.0,ARG,24.504,30.0,1365.0,MU94,,,Jaume Munar,R,183.0,ESP,25.777,67.0,777.0,6-2 6-1,3,R16,76.0,1.0,1.0,49.0,37.0,24.0,9.0,7.0,2.0,2.0,0.0,2.0,52.0,38.0,21.0,3.0,8.0,7.0,12.0
2023-506,Buenos Aires,Clay,32,250,O,20230213,18,Z419,,,Bernabe Zapata Miralles,R,183.0,ESP,26.086,74.0,702.0,SM37,4.0,,Diego Schwartzman,R,170.0,ARG,30.494,32.0,1310.0,6-1 6-3,3,R16,77.0,0.0,2.0,45.0,29.0,19.0,6.0,8.0,0.0,3.0,0.0,0.0,51.0,40.0,16.0,3.0,8.0,7.0,14.0
2023-506,Buenos Aires,Clay,32,250,O,20230213,19,L987,,Q,Dusan Lajovic,R,183.0,SRB,32.624,90.0,591.0,U182,,Q,Camilo Ugo Carabelli,R,185.0,ARG,23.661,127.0,428.0,6-3 6-1,3,R16,100.0,0.0,2.0,60.0,42.0,29.0,11.0,8.0,2.0,2.0,0.0,0.0,62.0,40.0,19.0,12.0,8.0,5.0,9.0
2023-506,Buenos Aires,Clay,32,250,O,20230213,20,A0E2,1.0,,Carlos Alcaraz,R,183.0,ESP,19.778,2.0,6730.0,DB63,,,Laslo Djere,R,188.0,SRB,27.702,57.0,793.0,6-2 4-6 6-2,3,R16,120.0,4.0,0.0,73.0,51.0,37.0,15.0,13.0,6.0,7.0,6.0,4.0,77.0,48.0,31.0,16.0,13.0,8.0,12.0
2023-506,Buenos Aires,Clay,32,250,O,20230213,21,N771,2.0,,Cameron Norrie,L,188.0,GBR,27.477,12.0,2715.0,EA24,,,Tomas Martin Etcheverry,R,196.0,ARG,23.576,82.0,651.0,5-7 6-0 6-3,3,QF,153.0,4.0,2.0,95.0,56.0,36.0,25.0,14.0,5.0,7.0,6.0,2.0,96.0,59.0,37.0,15.0,13.0,5.0,10.0
2023-506,Buenos Aires,Clay,32,250,O,20230213,22,V836,,Q,Juan Pablo Varillas,R,185.0,PER,27.357,101.0,541.0,M0EJ,3.0,,Lorenzo Musetti,R,185.0,ITA,20.95,20.0,1821.0,6-4 6-4,3,QF,106.0,2.0,0.0,66.0,42.0,31.0,11.0,10.0,3.0,5.0,2.0,1.0,64.0,37.0,24.0,11.0,10.0,4.0,8.0
2023-506,Buenos Aires,Clay,32,250,O,20230213,23,Z419,,,Bernabe Zapata Miralles,R,183.0,ESP,26.086,74.0,702.0,C0AU,5.0,,Francisco Cerundolo,R,185.0,ARG,24.504,30.0,1365.0,6-3 6-7(4) 6-3,3,QF,153.0,0.0,1.0,118.0,85.0,57.0,17.0,16.0,10.0,12.0,3.0,3.0,100.0,70.0,46.0,13.0,14.0,8.0,12.0
2023-506,Buenos Aires,Clay,32,250,O,20230213,24,A0E2,1.0,,Carlos Alcaraz,R,183.0,ESP,19.778,2.0,6730.0,L987,,Q,Dusan Lajovic,R,183.0,SRB,32.624,90.0,591.0,6-4 6-2,3,QF,93.0,1.0,4.0,51.0,33.0,23.0,9.0,9.0,3.0,5.0,1.0,2.0,70.0,44.0,21.0,12.0,9.0,5.0,10.0
2023-506,Buenos Aires,Clay,32,250,O,20230213,25,N771,2.0,,Cameron Norrie,L,188.0,GBR,27.477,12.0,2715.0,V836,,Q,Juan Pablo Varillas,R,185.0,PER,27.357,101.0,541.0,7-6(5) 6-4,3,SF,113.0,3.0,1.0,65.0,41.0,30.0,17.0,11.0,2.0,3.0,5.0,1.0,78.0,55.0,39.0,10.0,11.0,6.0,8.0
2023-506,Buenos Aires,Clay,32,250,O,20230213,26,A0E2,1.0,,Carlos Alcaraz,R,183.0,ESP,19.778,2.0,6730.0,Z419,,,Bernabe Zapata Miralles,R,183.0,ESP,26.086,74.0,702.0,6-2 6-2,3,SF,76.0,3.0,0.0,48.0,33.0,24.0,9.0,8.0,1.0,2.0,1.0,0.0,49.0,32.0,16.0,6.0,8.0,2.0,7.0
2023-506,Buenos Aires,Clay,32,250,O,20230213,27,A0E2,1.0,,Carlos Alcaraz,R,183.0,ESP,19.778,2.0,6730.0,N771,2.0,,Cameron Norrie,L,188.0,GBR,27.477,12.0,2715.0,6-3 7-5,3,F,93.0,3.0,2.0,59.0,38.0,29.0,11.0,10.0,1.0,2.0,2.0,2.0,63.0,35.0,22.0,15.0,11.0,2.0,6.0
2023-407,Rotterdam,Hard,32,500,I,20230213,1,DH58,,,Alex de Minaur,R,183.0,AUS,23.989,25.0,1620.0,RE44,2.0,,Andrey Rublev,R,188.0,RUS,25.317,5.0,4065.0,6-4 6-4,3,R32,81.0,3.0,4.0,54.0,32.0,28.0,12.0,10.0,0.0,0.0,7.0,3.0,69.0,37.0,30.0,12.0,10.0,4.0,6.0
2023-407,Rotterdam,Hard,32,500,I,20230213,2,C0BC,,,Maxime Cressy,R,201.0,USA,25.769,40.0,991.0,V942,,WC,Tim van Rijthoven,R,188.0,NED,25.807,110.0,494.0,6-3 6-7(2) 6-3,3,R32,126.0,21.0,7.0,91.0,52.0,43.0,27.0,16.0,1.0,1.0,13.0,3.0,74.0,47.0,42.0,16.0,14.0,1.0,3.0
2023-407,Rotterdam,Hard,32,500,I,20230213,3,D875,,,Grigor Dimitrov,R,191.0,BUL,31.748,28.0,1440.0,KC56,,Q,Aslan Karatsev,R,185.0,RUS,29.443,98.0,555.0,6-1 6-3,3,R32,58.0,7.0,1.0,40.0,22.0,21.0,11.0,8.0,0.0,0.0,1.0,2.0,38.0,18.0,11.0,8.0,8.0,1.0,5.0
2023-407,Rotterdam,Hard,32,500,I,20230213,4,HB71,5.0,,Hubert Hurkacz,R,196.0,POL,26.004,10.0,2950.0,BD06,,,Roberto Bautista Agut,R,183.0,ESP,34.834,24.0,1740.0,7-5 6-7(7) 7-6(4),3,R32,180.0,26.0,5.0,114.0,73.0,55.0,23.0,18.0,1.0,3.0,2.0,3.0,127.0,92.0,60.0,21.0,18.0,6.0,9.0
2023-407,Rotterdam,Hard,32,500,I,20230213,5,AG37,3.0,,Felix Auger-Aliassime,R,193.0,CAN,22.516,8.0,3260.0,SU87,,,Lorenzo Sonego,R,191.0,ITA,27.762,60.0,790.0,6-2 6-3,3,R32,82.0,13.0,3.0,55.0,35.0,30.0,9.0,9.0,2.0,2.0,1.0,1.0,42.0,28.0,18.0,5.0,8.0,0.0,3.0
2023-407,Rotterdam,Hard,32,500,I,20230213,6,BK24,,Q,Gregoire Barrere,R,183.0,FRA,28.991,71.0,750.0,GB88,,,David Goffin,R,180.0,BEL,32.186,41.0,965.0,6-0 7-6(3),3,R32,84.0,0.0,1.0,62.0,39.0,29.0,12.0,9.0,3.0,5.0,4.0,0.0,68.0,43.0,27.0,6.0,9.0,7.0,12.0
2023-407,Rotterdam,Hard,32,500,I,20230213,7,V812,,,Botic van de Zandschulp,R,191.0,NED,27.362,35.0,1135.0,HB64,,LL,Quentin Halys,R,191.0,FRA,26.3,62.0,785.0,5-7 6-4 7-6(4),3,R32,144.0,6.0,10.0,100.0,57.0,41.0,19.0,17.0,1.0,7.0,14.0,3.0,108.0,64.0,46.0,16.0,17.0,10.0,16.0
2023-407,Rotterdam,Hard,32,500,I,20230213,8,MM58,6.0,,Daniil Medvedev,R,198.0,RUS,27.006,11.0,2750.0,DH50,,,Alejandro Davidovich Fokina,R,180.0,ESP,23.693,31.0,1345.0,4-6 6-2 6-2,3,R32,115.0,9.0,3.0,81.0,50.0,34.0,13.0,13.0,6.0,11.0,1.0,3.0,92.0,59.0,26.0,17.0,13.0,8.0,16.0
2023-407,Rotterdam,Hard,32,500,I,20230213,9,Z355,8.0,,Alexander Zverev,R,198.0,GER,25.818,17.0,2275.0,KF17,,,Soonwoo Kwon,R,180.0,KOR,25.199,63.0,784.0,6-4 7-6(4),3,R32,100.0,10.0,0.0,81.0,61.0,51.0,6.0,11.0,3.0,3.0,4.0,1.0,64.0,40.0,33.0,14.0,11.0,1.0,2.0
2023-407,Rotterdam,Hard,32,500,I,20230213,10,GJ37,,WC,Tallon Griekspoor,R,188.0,NED,26.617,61.0,789.0,Y268,,Q,Mikael Ymer,R,185.0,SWE,24.43,72.0,741.0,7-6(7) 7-5,3,R32,115.0,9.0,2.0,74.0,53.0,37.0,11.0,12.0,0.0,2.0,2.0,0.0,82.0,70.0,45.0,6.0,12.0,6.0,9.0
2023-407,Rotterdam,Hard,32,500,I,20230213,11,BO10,,WC,Gijs Brouwer,L,191.0,NED,26.919,160.0,367.0,HH06,,,Marc-Andrea Huesler,L,196.0,SUI,26.639,47.0,896.0,6-3 7-5,3,R32,80.0,5.0,3.0,66.0,43.0,36.0,12.0,11.0,1.0,1.0,8.0,1.0,63.0,39.0,26.0,13.0,10.0,3.0,5.0
2023-407,Rotterdam,Hard,32,500,I,20230213,12,R0DG,4.0,,Holger Rune,R,188.0,DEN,19.795,9.0,3136.0,LB66,,Q,Constant Lestienne,R,180.0,FRA,30.727,54.0,837.0,6-4 6-4,3,R32,77.0,4.0,2.0,52.0,38.0,25.0,7.0,10.0,0.0,2.0,1.0,4.0,66.0,40.0,26.0,9.0,10.0,8.0,12.0
2023-407,Rotterdam,Hard,32,500,I,20230213,13,G628,,,Richard Gasquet,R,183.0,FRA,36.657,45.0,910.0,CD85,7.0,,Pablo Carreno Busta,R,188.0,ESP,31.592,16.0,2285.0,2-6 7-6(2) 6-2,3,R32,129.0,13.0,2.0,84.0,49.0,36.0,17.0,14.0,5.0,8.0,10.0,5.0,100.0,62.0,43.0,18.0,14.0,3.0,6.0
2023-407,Rotterdam,Hard,32,500,I,20230213,14,W367,,PR,Stan Wawrinka,R,183.0,SUI,37.881,130.0,422.0,BK92,,,Alexander Bublik,R,196.0,KAZ,25.659,50.0,865.0,7-6(5) 6-4,3,R32,98.0,4.0,0.0,69.0,44.0,37.0,15.0,11.0,1.0,1.0,6.0,4.0,73.0,38.0,30.0,20.0,11.0,2.0,3.0
2023-407,Rotterdam,Hard,32,500,I,20230213,15,S0AG,,,Jannik Sinner,R,191.0,ITA,21.495,14.0,2445.0,BM95,,,Benjamin Bonzi,R,183.0,FRA,26.68,48.0,884.0,6-2 3-6 6-1,3,R32,124.0,7.0,0.0,78.0,45.0,35.0,18.0,12.0,2.0,3.0,8.0,3.0,102.0,65.0,37.0,18.0,12.0,9.0,13.0
2023-407,Rotterdam,Hard,32,500,I,20230213,16,TE51,1.0,,Stefanos Tsitsipas,R,193.0,GRE,24.507,3.0,5940.0,RH24,,,Emil Ruusuvuori,R,188.0,FIN,23.869,52.0,846.0,7-5 6-1,3,R32,92.0,9.0,1.0,70.0,39.0,27.0,18.0,10.0,1.0,2.0,2.0,4.0,64.0,35.0,23.0,11.0,9.0,4.0,8.0
2023-407,Rotterdam,Hard,32,500,I,20230213,17,DH58,,,Alex de Minaur,R,183.0,AUS,23.989,25.0,1620.0,C0BC,,,Maxime Cressy,R,201.0,USA,25.769,40.0,991.0,7-5 3-6 6-3,3,R16,122.0,7.0,4.0,79.0,48.0,34.0,23.0,15.0,1.0,3.0,12.0,11.0,88.0,52.0,39.0,16.0,15.0,3.0,6.0
2023-407,Rotterdam,Hard,32,500,I,20230213,18,D875,,,Grigor Dimitrov,R,191.0,BUL,31.748,28.0,1440.0,HB71,5.0,,Hubert Hurkacz,R,196.0,POL,26.004,10.0,2950.0,7-6(4) 7-6(5),3,R16,109.0,8.0,3.0,86.0,53.0,41.0,19.0,12.0,1.0,2.0,19.0,0.0,71.0,49.0,40.0,12.0,12.0,0.0,1.0
2023-407,Rotterdam,Hard,32,500,I,20230213,19,AG37,3.0,,Felix Auger-Aliassime,R,193.0,CAN,22.516,8.0,3260.0,BK24,,Q,Gregoire Barrere,R,183.0,FRA,28.991,71.0,750.0,6-4 6-3,3,R16,83.0,9.0,3.0,54.0,27.0,21.0,17.0,10.0,1.0,2.0,3.0,1.0,53.0,29.0,16.0,13.0,9.0,2.0,5.0
2023-407,Rotterdam,Hard,32,500,I,20230213,20,MM58,6.0,,Daniil Medvedev,R,198.0,RUS,27.006,11.0,2750.0,V812,,,Botic van de Zandschulp,R,191.0,NED,27.362,35.0,1135.0,6-2 6-2,3,R16,86.0,6.0,2.0,58.0,42.0,28.0,11.0,8.0,6.0,6.0,0.0,5.0,63.0,38.0,21.0,10.0,8.0,12.0,16.0
2023-407,Rotterdam,Hard,32,500,I,20230213,21,GJ37,,WC,Tallon Griekspoor,R,188.0,NED,26.617,61.0,789.0,Z355,8.0,,Alexander Zverev,R,198.0,GER,25.818,17.0,2275.0,4-6 6-3 6-4,3,R16,124.0,12.0,3.0,86.0,55.0,50.0,13.0,15.0,6.0,7.0,5.0,4.0,77.0,55.0,39.0,12.0,14.0,0.0,2.0
2023-407,Rotterdam,Hard,32,500,I,20230213,22,BO10,,WC,Gijs Brouwer,L,191.0,NED,26.919,160.0,367.0,R0DG,4.0,,Holger Rune,R,188.0,DEN,19.795,9.0,3136.0,6-4 4-0 RET,3,R16,73.0,5.0,1.0,54.0,34.0,24.0,8.0,7.0,2.0,3.0,4.0,5.0,57.0,37.0,22.0,7.0,7.0,3.0,7.0
2023-407,Rotterdam,Hard,32,500,I,20230213,23,W367,,PR,Stan Wawrinka,R,183.0,SUI,37.881,130.0,422.0,G628,,,Richard Gasquet,R,183.0,FRA,36.657,45.0,910.0,6-3 6-3,3,R16,76.0,11.0,1.0,47.0,27.0,26.0,12.0,9.0,0.0,0.0,1.0,5.0,70.0,40.0,25.0,14.0,9.0,5.0,8.0
2023-407,Rotterdam,Hard,32,500,I,20230213,24,S0AG,,,Jannik Sinner,R,191.0,ITA,21.495,14.0,2445.0,TE51,1.0,,Stefanos Tsitsipas,R,193.0,GRE,24.507,3.0,5940.0,6-4 6-3,3,R16,81.0,3.0,1.0,44.0,27.0,24.0,13.0,9.0,0.0,0.0,1.0,3.0,62.0,32.0,22.0,14.0,10.0,1.0,4.0
2023-407,Rotterdam,Hard,32,500,I,20230213,25,D875,,,Grigor Dimitrov,R,191.0,BUL,31.748,28.0,1440.0,DH58,,,Alex de Minaur,R,183.0,AUS,23.989,25.0,1620.0,6-3 3-6 7-6(6),3,QF,153.0,6.0,3.0,90.0,50.0,41.0,21.0,15.0,5.0,8.0,4.0,6.0,107.0,59.0,41.0,25.0,15.0,4.0,7.0
2023-407,Rotterdam,Hard,32,500,I,20230213,26,MM58,6.0,,Daniil Medvedev,R,198.0,RUS,27.006,11.0,2750.0,AG37,3.0,,Felix Auger-Aliassime,R,193.0,CAN,22.516,8.0,3260.0,6-2 6-4,3,QF,83.0,4.0,2.0,49.0,30.0,22.0,13.0,9.0,2.0,3.0,1.0,3.0,54.0,27.0,21.0,9.0,9.0,3.0,7.0
2023-407,Rotterdam,Hard,32,500,I,20230213,27,GJ37,,WC,Tallon Griekspoor,R,188.0,NED,26.617,61.0,789.0,BO10,,WC,Gijs Brouwer,L,191.0,NED,26.919,160.0,367.0,6-4 6-4,3,QF,77.0,8.0,1.0,63.0,43.0,31.0,14.0,10.0,4.0,4.0,5.0,1.0,51.0,34.0,21.0,14.0,10.0,0.0,2.0
2023-407,Rotterdam,Hard,32,500,I,20230213,28,S0AG,,,Jannik Sinner,R,191.0,ITA,21.495,14.0,2445.0,W367,,PR,Stan Wawrinka,R,183.0,SUI,37.881,130.0,422.0,6-1 6-3,3,QF,72.0,4.0,0.0,52.0,30.0,22.0,13.0,8.0,4.0,5.0,2.0,1.0,40.0,22.0,13.0,4.0,8.0,3.0,8.0
2023-407,Rotterdam,Hard,32,500,I,20230213,29,MM58,6.0,,Daniil Medvedev,R,198.0,RUS,27.006,11.0,2750.0,D875,,,Grigor Dimitrov,R,191.0,BUL,31.748,28.0,1440.0,6-1 6-2,3,SF,81.0,8.0,0.0,55.0,36.0,25.0,9.0,7.0,4.0,5.0,0.0,2.0,51.0,34.0,15.0,5.0,8.0,7.0,13.0
2023-407,Rotterdam,Hard,32,500,I,20230213,30,S0AG,,,Jannik Sinner,R,191.0,ITA,21.495,14.0,2445.0,GJ37,,WC,Tallon Griekspoor,R,188.0,NED,26.617,61.0,789.0,7-5 7-6(5),3,SF,116.0,7.0,1.0,75.0,39.0,32.0,23.0,12.0,0.0,0.0,4.0,2.0,75.0,42.0,34.0,18.0,12.0,0.0,1.0
2023-407,Rotterdam,Hard,32,500,I,20230213,31,MM58,6.0,,Daniil Medvedev,R,198.0,RUS,27.006,11.0,2750.0,S0AG,,,Jannik Sinner,R,191.0,ITA,21.495,14.0,2445.0,5-7 6-2 6-2,3,F,149.0,4.0,1.0,86.0,59.0,44.0,12.0,14.0,4.0,6.0,2.0,1.0,96.0,55.0,34.0,19.0,14.0,7.0,12.0
2023-451,Doha,Hard,32,250,O,20230220,1,KB95,,,Jason Kubler,R,178.0,AUS,29.758,74.0,693.0,KC56,,,Aslan Karatsev,R,185.0,RUS,29.462,101.0,530.0,7-6(4) 1-0 RET,3,R32,61.0,5.0,0.0,33.0,21.0,17.0,8.0,6.0,0.0,1.0,4.0,5.0,45.0,30.0,23.0,5.0,7.0,1.0,3.0
2023-451,Doha,Hard,32,250,O,20230220,2,KF17,,,Soonwoo Kwon,R,180.0,KOR,25.218,68.0,764.0,S0NV,,WC,Abdullah Shelbayh,L,180.0,JOR,19.264,276.0,190.0,6-3 3-6 6-4,3,R32,110.0,11.0,3.0,87.0,53.0,40.0,17.0,14.0,4.0,6.0,9.0,2.0,87.0,50.0,37.0,18.0,14.0,7.0,10.0
2023-451,Doha,Hard,32,250,O,20230220,3,DH50,7.0,,Alejandro Davidovich Fokina,R,180.0,ESP,23.713,31.0,1300.0,LB66,,,Constant Lestienne,R,180.0,FRA,30.746,53.0,841.0,6-4 6-3,3,R32,84.0,4.0,1.0,65.0,37.0,27.0,13.0,9.0,7.0,9.0,2.0,2.0,58.0,37.0,19.0,12.0,10.0,3.0,8.0
2023-451,Doha,Hard,32,250,O,20230220,4,BI23,,Q,Liam Broady,L,183.0,GBR,29.128,147.0,396.0,K0DP,,Q,Oleksii Krutykh,R,185.0,UKR,22.949,167.0,355.0,6-0 4-6 7-6(2),3,R32,148.0,4.0,1.0,79.0,40.0,28.0,21.0,14.0,4.0,8.0,5.0,5.0,114.0,62.0,38.0,21.0,14.0,11.0,17.0
2023-451,Doha,Hard,32,250,O,20230220,5,O483,,,Christopher O'Connell,R,183.0,AUS,28.717,94.0,567.0,V306,,WC,Fernando Verdasco,L,188.0,ESP,39.266,154.0,381.0,6-1 3-6 6-0,3,R32,102.0,5.0,1.0,72.0,49.0,30.0,16.0,11.0,3.0,4.0,1.0,3.0,74.0,45.0,29.0,8.0,11.0,5.0,10.0
2023-451,Doha,Hard,32,250,O,20230220,6,BD06,5.0,,Roberto Bautista Agut,R,183.0,ESP,34.853,28.0,1490.0,F724,,,Marton Fucsovics,R,188.0,HUN,31.034,78.0,652.0,7-6(7) 5-7 6-4,3,R32,187.0,3.0,2.0,108.0,73.0,48.0,22.0,17.0,5.0,8.0,6.0,3.0,130.0,81.0,57.0,22.0,17.0,13.0,16.0
2023-451,Doha,Hard,32,250,O,20230220,7,V812,8.0,,Botic van de Zandschulp,R,191.0,NED,27.381,34.0,1160.0,I305,,,Ilya Ivashka,R,193.0,BLR,28.988,79.0,651.0,6-2 7-5,3,R32,91.0,5.0,3.0,72.0,49.0,35.0,8.0,10.0,4.0,6.0,3.0,1.0,57.0,40.0,21.0,8.0,10.0,4.0,9.0
2023-451,Doha,Hard,32,250,O,20230220,8,MP20,,Q,Alexandre Muller,R,183.0,FRA,26.051,170.0,345.0,BG23,,LL,Nikoloz Basilashvili,R,185.0,GEO,30.992,113.0,475.0,7-6(3) 6-7(8) 6-4,3,R32,158.0,4.0,2.0,113.0,80.0,56.0,14.0,17.0,2.0,7.0,9.0,6.0,127.0,86.0,51.0,18.0,17.0,8.0,14.0
2023-451,Doha,Hard,32,250,O,20230220,9,MC10,,WC,Andy Murray,R,191.0,GBR,35.77,70.0,750.0,SU87,,,Lorenzo Sonego,R,191.0,ITA,27.781,71.0,745.0,4-6 6-1 7-6(4),3,R32,150.0,1.0,2.0,90.0,61.0,47.0,16.0,15.0,3.0,4.0,8.0,5.0,86.0,56.0,46.0,12.0,14.0,6.0,8.0
2023-451,Doha,Hard,32,250,O,20230220,10,RH24,,,Emil Ruusuvuori,R,188.0,FIN,23.888,51.0,846.0,E687,6.0,,Daniel Evans,R,175.0,GBR,32.747,29.0,1380.0,7-5 6-4,3,R32,112.0,7.0,5.0,62.0,38.0,29.0,10.0,11.0,0.0,2.0,2.0,4.0,69.0,39.0,27.0,11.0,11.0,6.0,10.0
2023-451,Doha,Hard,32,250,O,20230220,11,L0BV,,,Jiri Lehecka,R,185.0,CZE,21.284,52.0,842.0,D923,,Q,Damir Dzumhur,R,175.0,BIH,30.754,213.0,266.0,6-3 7-6(3),3,R32,89.0,7.0,0.0,71.0,44.0,31.0,16.0,11.0,2.0,4.0,1.0,3.0,60.0,41.0,26.0,8.0,10.0,0.0,3.0
2023-451,Doha,Hard,32,250,O,20230220,12,GJ37,,,Tallon Griekspoor,R,188.0,NED,26.637,40.0,969.0,HB64,,,Quentin Halys,R,191.0,FRA,26.319,64.0,785.0,7-6(4) 4-6 7-6(5),3,R32,137.0,13.0,4.0,105.0,62.0,53.0,26.0,17.0,1.0,2.0,22.0,1.0,103.0,58.0,50.0,27.0,17.0,2.0,2.0
2023-451,Doha,Hard,32,250,O,20230220,13,AG37,2.0,,Felix Auger-Aliassime,R,193.0,CAN,22.535,9.0,3200.0,KB95,,,Jason Kubler,R,178.0,AUS,29.758,74.0,693.0,4-6 6-1 6-4,3,R16,136.0,15.0,2.0,81.0,46.0,37.0,22.0,14.0,4.0,5.0,4.0,1.0,79.0,42.0,28.0,22.0,13.0,3.0,6.0
2023-451,Doha,Hard,32,250,O,20230220,14,DH50,7.0,,Alejandro Davidovich Fokina,R,180.0,ESP,23.713,31.0,1300.0,KF17,,,Soonwoo Kwon,R,180.0,KOR,25.218,68.0,764.0,6-3 6-2,3,R16,79.0,3.0,1.0,70.0,47.0,36.0,9.0,9.0,6.0,6.0,1.0,0.0,44.0,23.0,14.0,11.0,8.0,2.0,5.0
2023-451,Doha,Hard,32,250,O,20230220,15,MM58,3.0,,Daniil Medvedev,R,198.0,RUS,27.025,8.0,3250.0,BI23,,Q,Liam Broady,L,183.0,GBR,29.128,147.0,396.0,6-4 6-3,3,R16,92.0,6.0,1.0,56.0,42.0,29.0,8.0,10.0,3.0,5.0,0.0,2.0,66.0,45.0,26.0,8.0,9.0,2.0,6.0
2023-451,Doha,Hard,32,250,O,20230220,16,O483,,,Christopher O'Connell,R,183.0,AUS,28.717,94.0,567.0,BD06,5.0,,Roberto Bautista Agut,R,183.0,ESP,34.853,28.0,1490.0,3-6 7-6(5) 6-4,3,R16,159.0,11.0,2.0,104.0,71.0,49.0,16.0,15.0,9.0,13.0,5.0,4.0,102.0,73.0,47.0,17.0,16.0,9.0,13.0
2023-451,Doha,Hard,32,250,O,20230220,17,MP20,,Q,Alexandre Muller,R,183.0,FRA,26.051,170.0,345.0,V812,8.0,,Botic van de Zandschulp,R,191.0,NED,27.381,34.0,1160.0,6-2 6-4,3,R16,76.0,1.0,0.0,54.0,43.0,30.0,9.0,9.0,3.0,3.0,2.0,4.0,53.0,27.0,20.0,11.0,9.0,4.0,7.0
2023-451,Doha,Hard,32,250,O,20230220,18,MC10,,WC,Andy Murray,R,191.0,GBR,35.77,70.0,750.0,Z355,4.0,,Alexander Zverev,R,198.0,GER,25.837,16.0,2320.0,7-6(5) 2-6 7-5,3,R16,182.0,2.0,3.0,118.0,77.0,55.0,18.0,16.0,7.0,11.0,11.0,2.0,99.0,72.0,53.0,12.0,16.0,2.0,5.0
2023-451,Doha,Hard,32,250,O,20230220,19,L0BV,,,Jiri Lehecka,R,185.0,CZE,21.284,52.0,842.0,RH24,,,Emil Ruusuvuori,R,188.0,FIN,23.888,51.0,846.0,6-2 7-6(2),3,R16,88.0,5.0,1.0,56.0,38.0,34.0,10.0,10.0,1.0,1.0,6.0,0.0,67.0,41.0,29.0,12.0,10.0,4.0,6.0
2023-451,Doha,Hard,32,250,O,20230220,20,RE44,1.0,,Andrey Rublev,R,188.0,RUS,25.336,5.0,3860.0,GJ37,,,Tallon Griekspoor,R,188.0,NED,26.637,40.0,969.0,1-6 6-1 7-6(6),3,R16,114.0,10.0,3.0,77.0,46.0,36.0,16.0,13.0,2.0,5.0,6.0,4.0,90.0,46.0,34.0,22.0,13.0,3.0,6.0
2023-451,Doha,Hard,32,250,O,20230220,21,AG37,2.0,,Felix Auger-Aliassime,R,193.0,CAN,22.535,9.0,3200.0,DH50,7.0,,Alejandro Davidovich Fokina,R,180.0,ESP,23.713,31.0,1300.0,6-4 7-6(5),3,QF,108.0,8.0,1.0,65.0,43.0,37.0,12.0,11.0,2.0,2.0,2.0,0.0,70.0,45.0,34.0,15.0,11.0,3.0,4.0
2023-451,Doha,Hard,32,250,O,20230220,22,MM58,3.0,,Daniil Medvedev,R,198.0,RUS,27.025,8.0,3250.0,O483,,,Christopher O'Connell,R,183.0,AUS,28.717,94.0,567.0,6-2 4-6 7-5,3,QF,119.0,5.0,2.0,83.0,51.0,40.0,20.0,15.0,2.0,4.0,3.0,0.0,77.0,53.0,38.0,12.0,15.0,4.0,8.0
2023-451,Doha,Hard,32,250,O,20230220,23,MC10,,WC,Andy Murray,R,191.0,GBR,35.77,70.0,750.0,MP20,,Q,Alexandre Muller,R,183.0,FRA,26.051,170.0,345.0,4-6 6-1 6-2,3,QF,124.0,9.0,0.0,66.0,44.0,33.0,16.0,13.0,1.0,3.0,3.0,0.0,87.0,64.0,33.0,12.0,12.0,6.0,11.0
2023-451,Doha,Hard,32,250,O,20230220,24,L0BV,,,Jiri Lehecka,R,185.0,CZE,21.284,52.0,842.0,RE44,1.0,,Andrey Rublev,R,188.0,RUS,25.336,5.0,3860.0,4-6 6-4 6-3,3,QF,101.0,2.0,2.0,82.0,52.0,39.0,22.0,15.0,0.0,1.0,10.0,2.0,75.0,47.0,36.0,17.0,14.0,1.0,3.0
2023-451,Doha,Hard,32,250,O,20230220,25,MM58,3.0,,Daniil Medvedev,R,198.0,RUS,27.025,8.0,3250.0,AG37,2.0,,Felix Auger-Aliassime,R,193.0,CAN,22.535,9.0,3200.0,6-4 7-6(7),3,SF,117.0,6.0,1.0,66.0,48.0,37.0,10.0,11.0,3.0,5.0,5.0,5.0,73.0,41.0,31.0,14.0,11.0,4.0,7.0
2023-451,Doha,Hard,32,250,O,20230220,26,MC10,,WC,Andy Murray,R,191.0,GBR,35.77,70.0,750.0,L0BV,,,Jiri Lehecka,R,185.0,CZE,21.284,52.0,842.0,6-0 3-6 7-6(6),3,SF,149.0,7.0,3.0,86.0,49.0,34.0,19.0,13.0,5.0,8.0,8.0,2.0,99.0,59.0,37.0,21.0,14.0,4.0,9.0
2023-451,Doha,Hard,32,250,O,20230220,27,MM58,3.0,,Daniil Medvedev,R,198.0,RUS,27.025,8.0,3250.0,MC10,,WC,Andy Murray,R,191.0,GBR,35.77,70.0,750.0,6-4 6-4,3,F,106.0,6.0,6.0,77.0,48.0,34.0,13.0,10.0,5.0,7.0,1.0,1.0,57.0,33.0,23.0,11.0,10.0,4.0,8.0
2023-6932,Rio De Janeiro,Clay,32,500,O,20230220,1,N771,2.0,,Cameron Norrie,L,188.0,GBR,27.496,13.0,2615.0,C0C8,,LL,Juan Manuel Cerundolo,L,183.0,ARG,21.265,107.0,505.0,7-5 6-1,3,R32,88.0,3.0,0.0,56.0,39.0,31.0,9.0,10.0,4.0,5.0,4.0,3.0,67.0,44.0,27.0,8.0,9.0,8.0,12.0
2023-6932,Rio De Janeiro,Clay,32,500,O,20230220,2,MJ08,,,Thiago Monteiro,L,183.0,BRA,28.726,83.0,631.0,TB69,,PR,Dominic Thiem,R,185.0,AUT,29.465,96.0,550.0,6-1 3-6 7-6(2),3,R32,164.0,5.0,3.0,95.0,65.0,48.0,19.0,14.0,4.0,5.0,9.0,2.0,86.0,53.0,38.0,18.0,14.0,2.0,4.0
2023-6932,Rio De Janeiro,Clay,32,500,O,20230220,3,DA31,,PR,Hugo Dellien,R,180.0,BOL,29.681,111.0,491.0,SH90,,,Joao Sousa,R,185.0,POR,33.895,143.0,401.0,6-0 6-2,3,R32,65.0,2.0,0.0,41.0,29.0,26.0,4.0,7.0,1.0,1.0,0.0,4.0,46.0,25.0,12.0,6.0,7.0,2.0,7.0
2023-6932,Rio De Janeiro,Clay,32,500,O,20230220,4,MV14,9.0,,Alex Molcan,L,178.0,SVK,25.221,54.0,830.0,F0FV,,WC,Joao Fonseca,R,188.0,BRA,16.501,827.0,20.0,6-0 6-3,3,R32,72.0,0.0,1.0,46.0,29.0,19.0,12.0,8.0,2.0,3.0,2.0,2.0,49.0,30.0,15.0,7.0,7.0,6.0,11.0
2023-6932,Rio De Janeiro,Clay,32,500,O,20230220,5,C0AU,4.0,,Francisco Cerundolo,R,185.0,ARG,24.523,33.0,1230.0,CF59,,,Roberto Carballes Baena,R,183.0,ESP,29.914,73.0,695.0,4-6 6-3 6-3,3,R32,157.0,1.0,0.0,92.0,63.0,40.0,18.0,14.0,8.0,11.0,1.0,2.0,101.0,59.0,34.0,21.0,14.0,8.0,13.0
2023-6932,Rio De Janeiro,Clay,32,500,O,20230220,6,Z419,,,Bernabe Zapata Miralles,R,183.0,ESP,26.105,63.0,786.0,MU94,,,Jaume Munar,R,183.0,ESP,25.796,66.0,777.0,6-3 7-5,3,R32,114.0,1.0,0.0,66.0,41.0,21.0,15.0,11.0,1.0,6.0,0.0,1.0,64.0,46.0,25.0,3.0,10.0,3.0,10.0
2023-6932,Rio De Janeiro,Clay,32,500,O,20230220,7,GE33,,,Daniel Elahi Galan,R,191.0,COL,26.675,88.0,594.0,CG04,,,Pedro Cachin,R,185.0,ARG,27.86,59.0,797.0,7-6(4) 6-4,3,R32,126.0,4.0,1.0,77.0,50.0,30.0,19.0,11.0,4.0,6.0,5.0,4.0,78.0,38.0,27.0,19.0,11.0,3.0,6.0
2023-6932,Rio De Janeiro,Clay,32,500,O,20230220,8,R772,7.0,,Albert Ramos-Vinolas,L,188.0,ESP,35.094,47.0,890.0,EA24,,,Tomas Martin Etcheverry,R,196.0,ARG,23.595,75.0,684.0,5-7 6-4 6-4,3,R32,204.0,2.0,2.0,125.0,86.0,57.0,22.0,16.0,18.0,20.0,11.0,2.0,101.0,69.0,52.0,15.0,16.0,5.0,8.0
2023-6932,Rio De Janeiro,Clay,32,500,O,20230220,9,B0BI,6.0,,Sebastian Baez,R,170.0,ARG,22.146,35.0,1105.0,BD20,,WC,Thomaz Bellucci,L,188.0,BRA,35.143,915.0,14.0,6-3 6-2,3,R32,95.0,1.0,1.0,52.0,35.0,28.0,11.0,9.0,2.0,2.0,0.0,3.0,71.0,38.0,21.0,17.0,8.0,5.0,8.0
2023-6932,Rio De Janeiro,Clay,32,500,O,20230220,10,V836,,SE,Juan Pablo Varillas,R,185.0,PER,27.376,81.0,643.0,G09O,,Q,Hugo Gaston,L,173.0,FRA,22.401,106.0,509.0,7-5 6-4,3,R32,121.0,5.0,1.0,71.0,42.0,27.0,18.0,11.0,7.0,9.0,5.0,4.0,77.0,35.0,22.0,21.0,11.0,7.0,11.0
2023-6932,Rio De Janeiro,Clay,32,500,O,20230220,11,MO44,,,Pedro Martinez,R,185.0,ESP,25.821,76.0,681.0,GD64,,,Cristian Garin,R,185.0,CHI,26.727,98.0,546.0,7-6(0) 6-4,3,R32,145.0,2.0,4.0,93.0,63.0,41.0,13.0,11.0,10.0,14.0,8.0,3.0,76.0,47.0,27.0,10.0,11.0,4.0,9.0
2023-6932,Rio De Janeiro,Clay,32,500,O,20230220,12,J551,,Q,Nicolas Jarry,R,201.0,CHI,27.362,139.0,416.0,M0EJ,3.0,,Lorenzo Musetti,R,185.0,ITA,20.969,18.0,1855.0,6-4 6-1,3,R32,73.0,4.0,1.0,39.0,22.0,19.0,13.0,8.0,0.0,0.0,4.0,4.0,54.0,31.0,21.0,8.0,9.0,1.0,5.0
2023-6932,Rio De Janeiro,Clay,32,500,O,20230220,13,L987,,,Dusan Lajovic,R,183.0,SRB,32.643,80.0,648.0,SM37,5.0,,Diego Schwartzman,R,170.0,ARG,30.513,38.0,1010.0,6-1 6-4,3,R32,87.0,4.0,2.0,54.0,41.0,31.0,6.0,9.0,6.0,7.0,0.0,2.0,52.0,36.0,19.0,6.0,8.0,6.0,10.0
2023-6932,Rio De Janeiro,Clay,32,500,O,20230220,14,DB63,,,Laslo Djere,R,188.0,SRB,27.721,57.0,806.0,BF23,,Q,Facundo Bagnis,L,183.0,ARG,32.98,87.0,595.0,6-2 3-2 RET,3,R32,65.0,6.0,0.0,31.0,21.0,17.0,7.0,6.0,0.0,0.0,2.0,2.0,49.0,32.0,20.0,7.0,7.0,3.0,6.0
2023-6932,Rio De Janeiro,Clay,32,500,O,20230220,15,F510,,,Fabio Fognini,R,178.0,ITA,35.745,86.0,598.0,BS86,,Q,Tomas Barrios Vera,R,191.0,CHI,25.196,196.0,301.0,6-2 6-3,3,R32,90.0,3.0,2.0,53.0,41.0,29.0,5.0,8.0,4.0,5.0,2.0,1.0,53.0,32.0,17.0,9.0,9.0,2.0,7.0
2023-6932,Rio De Janeiro,Clay,32,500,O,20230220,16,A0E2,1.0,,Carlos Alcaraz,R,183.0,ESP,19.797,2.0,6480.0,D0AR,,WC,Mateus Alves,R,193.0,BRA,22.075,556.0,60.0,6-4 6-4,3,R32,116.0,4.0,4.0,57.0,38.0,28.0,9.0,10.0,2.0,4.0,5.0,2.0,75.0,49.0,31.0,9.0,10.0,5.0,9.0
2023-6932,Rio De Janeiro,Clay,32,500,O,20230220,17,N771,2.0,,Cameron Norrie,L,188.0,GBR,27.496,13.0,2615.0,MJ08,,,Thiago Monteiro,L,183.0,BRA,28.726,83.0,631.0,7-5 7-5,3,R16,150.0,4.0,3.0,73.0,39.0,27.0,19.0,12.0,2.0,5.0,9.0,1.0,99.0,62.0,39.0,14.0,12.0,16.0,21.0
2023-6932,Rio De Janeiro,Clay,32,500,O,20230220,18,DA31,,PR,Hugo Dellien,R,180.0,BOL,29.681,111.0,491.0,MV14,9.0,,Alex Molcan,L,178.0,SVK,25.221,54.0,830.0,1-6 6-2 6-2,3,R16,119.0,5.0,0.0,75.0,49.0,32.0,12.0,11.0,6.0,9.0,1.0,5.0,65.0,41.0,27.0,10.0,12.0,3.0,8.0
2023-6932,Rio De Janeiro,Clay,32,500,O,20230220,19,Z419,,,Bernabe Zapata Miralles,R,183.0,ESP,26.105,63.0,786.0,C0AU,4.0,,Francisco Cerundolo,R,185.0,ARG,24.523,33.0,1230.0,6-1 4-6 6-1,3,R16,103.0,1.0,1.0,69.0,42.0,27.0,13.0,12.0,2.0,6.0,1.0,5.0,70.0,49.0,24.0,5.0,12.0,6.0,14.0
2023-6932,Rio De Janeiro,Clay,32,500,O,20230220,20,R772,7.0,,Albert Ramos-Vinolas,L,188.0,ESP,35.094,47.0,890.0,GE33,,,Daniel Elahi Galan,R,191.0,COL,26.675,88.0,594.0,6-2 6-4,3,R16,81.0,1.0,0.0,48.0,33.0,28.0,9.0,9.0,1.0,1.0,6.0,0.0,59.0,40.0,27.0,8.0,9.0,2.0,5.0
2023-6932,Rio De Janeiro,Clay,32,500,O,20230220,21,B0BI,6.0,,Sebastian Baez,R,170.0,ARG,22.146,35.0,1105.0,V836,,SE,Juan Pablo Varillas,R,185.0,PER,27.376,81.0,643.0,7-5 7-6(6),3,R16,131.0,3.0,2.0,80.0,59.0,33.0,12.0,12.0,2.0,7.0,1.0,0.0,77.0,45.0,21.0,16.0,12.0,2.0,8.0
2023-6932,Rio De Janeiro,Clay,32,500,O,20230220,22,J551,,Q,Nicolas Jarry,R,201.0,CHI,27.362,139.0,416.0,MO44,,,Pedro Martinez,R,185.0,ESP,25.821,76.0,681.0,6-2 6-2,3,R16,91.0,7.0,2.0,49.0,24.0,20.0,16.0,8.0,2.0,2.0,2.0,6.0,60.0,36.0,23.0,8.0,8.0,4.0,8.0
2023-6932,Rio De Janeiro,Clay,32,500,O,20230220,23,L987,,,Dusan Lajovic,R,183.0,SRB,32.643,80.0,648.0,DB63,,,Laslo Djere,R,188.0,SRB,27.721,57.0,806.0,6-2 6-4,3,R16,79.0,1.0,1.0,58.0,37.0,28.0,10.0,9.0,2.0,3.0,1.0,4.0,51.0,32.0,19.0,7.0,9.0,2.0,6.0
2023-6932,Rio De Janeiro,Clay,32,500,O,20230220,24,A0E2,1.0,,Carlos Alcaraz,R,183.0,ESP,19.797,2.0,6480.0,F510,,,Fabio Fognini,R,178.0,ITA,35.745,86.0,598.0,6-7(5) 6-2 6-4,3,R16,167.0,2.0,0.0,93.0,65.0,40.0,13.0,15.0,0.0,5.0,1.0,6.0,111.0,66.0,37.0,18.0,15.0,9.0,17.0
2023-6932,Rio De Janeiro,Clay,32,500,O,20230220,25,N771,2.0,,Cameron Norrie,L,188.0,GBR,27.496,13.0,2615.0,DA31,,PR,Hugo Dellien,R,180.0,BOL,29.681,111.0,491.0,4-6 6-1 6-4,3,QF,115.0,3.0,7.0,83.0,50.0,41.0,16.0,14.0,1.0,3.0,2.0,1.0,70.0,45.0,28.0,14.0,13.0,4.0,8.0
2023-6932,Rio De Janeiro,Clay,32,500,O,20230220,26,Z419,,,Bernabe Zapata Miralles,R,183.0,ESP,26.105,63.0,786.0,R772,7.0,,Albert Ramos-Vinolas,L,188.0,ESP,35.094,47.0,890.0,6-4 2-6 6-4,3,QF,151.0,2.0,1.0,80.0,51.0,35.0,15.0,14.0,3.0,7.0,3.0,2.0,98.0,66.0,47.0,12.0,14.0,9.0,13.0
2023-6932,Rio De Janeiro,Clay,32,500,O,20230220,27,J551,,Q,Nicolas Jarry,R,201.0,CHI,27.362,139.0,416.0,B0BI,6.0,,Sebastian Baez,R,170.0,ARG,22.146,35.0,1105.0,6-3 7-6(3),3,QF,103.0,6.0,3.0,63.0,34.0,29.0,16.0,11.0,1.0,3.0,2.0,1.0,70.0,55.0,33.0,7.0,10.0,7.0,10.0
2023-6932,Rio De Janeiro,Clay,32,500,O,20230220,28,A0E2,1.0,,Carlos Alcaraz,R,183.0,ESP,19.797,2.0,6480.0,L987,,,Dusan Lajovic,R,183.0,SRB,32.643,80.0,648.0,6-4 7-6(0),3,QF,114.0,1.0,1.0,77.0,48.0,34.0,15.0,11.0,5.0,8.0,1.0,0.0,68.0,37.0,22.0,15.0,11.0,2.0,6.0
2023-6932,Rio De Janeiro,Clay,32,500,O,20230220,29,N771,2.0,,Cameron Norrie,L,188.0,GBR,27.496,13.0,2615.0,Z419,,,Bernabe Zapata Miralles,R,183.0,ESP,26.105,63.0,786.0,6-2 3-6 7-6(3),3,SF,149.0,8.0,2.0,84.0,53.0,42.0,18.0,14.0,4.0,6.0,5.0,3.0,104.0,58.0,45.0,22.0,15.0,6.0,9.0
2023-6932,Rio De Janeiro,Clay,32,500,O,20230220,30,A0E2,1.0,,Carlos Alcaraz,R,183.0,ESP,19.797,2.0,6480.0,J551,,Q,Nicolas Jarry,R,201.0,CHI,27.362,139.0,416.0,6-7(2) 7-5 6-0,3,SF,162.0,5.0,3.0,94.0,61.0,43.0,21.0,15.0,4.0,5.0,4.0,2.0,95.0,59.0,40.0,15.0,15.0,1.0,6.0
2023-6932,Rio De Janeiro,Clay,32,500,O,20230220,31,N771,2.0,,Cameron Norrie,L,188.0,GBR,27.496,13.0,2615.0,A0E2,1.0,,Carlos Alcaraz,R,183.0,ESP,19.797,2.0,6480.0,5-7 6-4 7-5,3,F,161.0,3.0,5.0,105.0,65.0,42.0,20.0,17.0,4.0,9.0,4.0,4.0,115.0,78.0,52.0,15.0,17.0,10.0,16.0
2023-496,Marseille,Hard,32,250,I,20230220,1,F0F1,,WC,Arthur Fils,R,185.0,FRA,18.691,118.0,449.0,SX50,,,Roman Safiullin,R,185.0,RUS,25.539,97.0,549.0,6-4 6-3,3,R32,85.0,6.0,3.0,52.0,33.0,27.0,12.0,9.0,1.0,1.0,3.0,2.0,69.0,42.0,32.0,8.0,10.0,3.0,6.0
2023-496,Marseille,Hard,32,250,I,20230220,2,W367,,,Stan Wawrinka,R,183.0,SUI,37.9,105.0,512.0,BU13,,,Zizou Bergs,R,185.0,BEL,23.718,132.0,427.0,6-4 6-7(6) 6-4,3,R32,151.0,12.0,2.0,103.0,69.0,53.0,22.0,16.0,7.0,7.0,10.0,1.0,99.0,66.0,50.0,22.0,16.0,5.0,7.0
2023-496,Marseille,Hard,32,250,I,20230220,3,G628,7.0,,Richard Gasquet,R,183.0,FRA,36.676,43.0,935.0,LC12,,Q,Laurent Lokoli,R,188.0,FRA,28.342,173.0,339.0,7-6(5) 2-6 7-6(5),3,R32,195.0,9.0,2.0,111.0,63.0,47.0,25.0,16.0,6.0,10.0,11.0,3.0,128.0,76.0,53.0,27.0,16.0,10.0,12.0
2023-496,Marseille,Hard,32,250,I,20230220,4,RC04,,Q,Alexander Ritschard,R,193.0,SUI,28.912,187.0,317.0,A596,,,Pablo Andujar,R,180.0,ESP,37.076,211.0,267.0,7-5 6-3,3,R32,86.0,3.0,2.0,57.0,32.0,27.0,12.0,11.0,1.0,3.0,1.0,4.0,63.0,42.0,23.0,12.0,10.0,4.0,8.0
2023-496,Marseille,Hard,32,250,I,20230220,5,BM95,,,Benjamin Bonzi,R,183.0,FRA,26.7,60.0,794.0,V0DZ,,WC,Luca Van Assche,R,178.0,FRA,18.779,146.0,397.0,7-5 7-5,3,R32,101.0,11.0,3.0,65.0,44.0,36.0,8.0,12.0,2.0,4.0,5.0,0.0,67.0,36.0,24.0,14.0,12.0,6.0,10.0
2023-496,Marseille,Hard,32,250,I,20230220,6,C0BC,5.0,,Maxime Cressy,R,201.0,USA,25.788,37.0,1016.0,BU54,,WC,Geoffrey Blancaneaux,R,180.0,FRA,24.537,152.0,385.0,6-3 6-7(5) 7-6(4),3,R32,169.0,22.0,13.0,99.0,63.0,52.0,20.0,17.0,0.0,1.0,9.0,2.0,113.0,68.0,48.0,26.0,16.0,2.0,4.0
2023-496,Marseille,Hard,32,250,I,20230220,7,BK24,,,Gregoire Barrere,R,183.0,FRA,29.01,58.0,799.0,HH06,8.0,,Marc-Andrea Huesler,L,196.0,SUI,26.658,48.0,890.0,6-3 6-2,3,R32,60.0,3.0,0.0,47.0,34.0,29.0,9.0,9.0,0.0,0.0,9.0,3.0,54.0,36.0,26.0,4.0,8.0,4.0,7.0
2023-496,Marseille,Hard,32,250,I,20230220,8,BK92,,,Alexander Bublik,R,196.0,KAZ,25.678,50.0,865.0,KB05,,,Filip Krajinovic,R,185.0,SRB,30.982,67.0,775.0,5-7 6-3 6-4,3,R32,128.0,18.0,6.0,96.0,59.0,46.0,16.0,16.0,6.0,9.0,4.0,0.0,90.0,57.0,39.0,17.0,15.0,1.0,5.0
2023-496,Marseille,Hard,32,250,I,20230220,9,BO10,,Q,Gijs Brouwer,L,191.0,NED,26.938,116.0,453.0,Y218,,,Elias Ymer,R,185.0,SWE,26.864,172.0,340.0,3-6 7-5 6-3,3,R32,135.0,6.0,1.0,81.0,52.0,34.0,18.0,15.0,2.0,6.0,5.0,5.0,107.0,59.0,39.0,22.0,15.0,15.0,20.0
2023-496,Marseille,Hard,32,250,I,20230220,10,GB88,6.0,,David Goffin,R,180.0,BEL,32.205,41.0,965.0,KI63,,Q,Lukas Klein,R,193.0,SVK,24.917,142.0,405.0,6-2 6-4,3,R32,87.0,3.0,2.0,58.0,31.0,22.0,19.0,9.0,6.0,6.0,4.0,0.0,64.0,38.0,22.0,15.0,9.0,4.0,7.0
2023-496,Marseille,Hard,32,250,I,20230220,11,Y268,,,Mikael Ymer,R,185.0,SWE,24.449,69.0,761.0,A829,,,Radu Albot,R,175.0,MDA,33.276,99.0,533.0,6-3 7-6(5),3,R32,106.0,1.0,1.0,69.0,53.0,37.0,8.0,11.0,1.0,3.0,4.0,2.0,70.0,45.0,29.0,12.0,10.0,4.0,7.0
2023-496,Marseille,Hard,32,250,I,20230220,12,R0FS,,,Leandro Riedi,R,191.0,SUI,21.065,133.0,426.0,RC91,,,Arthur Rinderknech,R,196.0,FRA,27.581,72.0,702.0,6-3 6-4,3,R32,81.0,8.0,4.0,67.0,34.0,25.0,20.0,10.0,4.0,4.0,8.0,5.0,57.0,30.0,23.0,12.0,9.0,6.0,8.0
2023-496,Marseille,Hard,32,250,I,20230220,13,F0F1,,WC,Arthur Fils,R,185.0,FRA,18.691,118.0,449.0,S0AG,2.0,,Jannik Sinner,R,191.0,ITA,21.514,12.0,2745.0,W/O,3,R16,0.0,,,,,,,,,,,,,,,,,,
2023-496,Marseille,Hard,32,250,I,20230220,14,W367,,,Stan Wawrinka,R,183.0,SUI,37.9,105.0,512.0,G628,7.0,,Richard Gasquet,R,183.0,FRA,36.676,43.0,935.0,4-6 7-5 6-2,3,R16,144.0,13.0,2.0,89.0,48.0,38.0,21.0,15.0,4.0,6.0,6.0,2.0,110.0,66.0,47.0,17.0,15.0,10.0,14.0
2023-496,Marseille,Hard,32,250,I,20230220,15,DH58,3.0,,Alex de Minaur,R,183.0,AUS,24.008,23.0,1710.0,RC04,,Q,Alexander Ritschard,R,193.0,SUI,28.912,187.0,317.0,6-3 6-3,3,R16,78.0,4.0,1.0,51.0,30.0,25.0,13.0,9.0,1.0,1.0,7.0,1.0,60.0,42.0,27.0,7.0,9.0,3.0,6.0
2023-496,Marseille,Hard,32,250,I,20230220,16,BM95,,,Benjamin Bonzi,R,183.0,FRA,26.7,60.0,794.0,C0BC,5.0,,Maxime Cressy,R,201.0,USA,25.788,37.0,1016.0,6-7(5) 6-4 6-3,3,R16,133.0,10.0,4.0,86.0,52.0,47.0,20.0,16.0,0.0,0.0,22.0,13.0,94.0,59.0,49.0,15.0,15.0,1.0,3.0
2023-496,Marseille,Hard,32,250,I,20230220,17,BK92,,,Alexander Bublik,R,196.0,KAZ,25.678,50.0,865.0,BK24,,,Gregoire Barrere,R,183.0,FRA,29.01,58.0,799.0,6-4 6-2,3,R16,63.0,7.0,1.0,45.0,27.0,25.0,12.0,9.0,0.0,0.0,0.0,2.0,52.0,34.0,22.0,8.0,9.0,1.0,4.0
2023-496,Marseille,Hard,32,250,I,20230220,18,D875,4.0,,Grigor Dimitrov,R,191.0,BUL,31.767,25.0,1575.0,BO10,,Q,Gijs Brouwer,L,191.0,NED,26.938,116.0,453.0,6-3 6-2,3,R16,65.0,9.0,2.0,53.0,36.0,33.0,6.0,9.0,3.0,3.0,3.0,2.0,45.0,27.0,18.0,10.0,8.0,4.0,7.0
2023-496,Marseille,Hard,32,250,I,20230220,19,Y268,,,Mikael Ymer,R,185.0,SWE,24.449,69.0,761.0,GB88,6.0,,David Goffin,R,180.0,BEL,32.205,41.0,965.0,W/O,3,R16,0.0,,,,,,,,,,,,,,,,,,
2023-496,Marseille,Hard,32,250,I,20230220,20,HB71,1.0,,Hubert Hurkacz,R,196.0,POL,26.023,11.0,2995.0,R0FS,,,Leandro Riedi,R,191.0,SUI,21.065,133.0,426.0,4-6 6-3 6-2,3,R16,108.0,12.0,1.0,74.0,42.0,38.0,19.0,14.0,5.0,6.0,2.0,1.0,94.0,68.0,40.0,17.0,13.0,8.0,11.0
2023-496,Marseille,Hard,32,250,I,20230220,21,F0F1,,WC,Arthur Fils,R,185.0,FRA,18.691,118.0,449.0,W367,,,Stan Wawrinka,R,183.0,SUI,37.9,105.0,512.0,6-2 6-3,3,QF,66.0,5.0,2.0,40.0,23.0,22.0,11.0,8.0,3.0,3.0,4.0,2.0,64.0,33.0,25.0,10.0,9.0,8.0,12.0
2023-496,Marseille,Hard,32,250,I,20230220,22,BM95,,,Benjamin Bonzi,R,183.0,FRA,26.7,60.0,794.0,DH58,3.0,,Alex de Minaur,R,183.0,AUS,24.008,23.0,1710.0,6-2 6-4,3,QF,100.0,5.0,2.0,59.0,37.0,28.0,11.0,9.0,1.0,2.0,0.0,1.0,71.0,42.0,26.0,10.0,9.0,4.0,8.0
2023-496,Marseille,Hard,32,250,I,20230220,23,BK92,,,Alexander Bublik,R,196.0,KAZ,25.678,50.0,865.0,D875,4.0,,Grigor Dimitrov,R,191.0,BUL,31.767,25.0,1575.0,7-5 3-6 7-6(6),3,QF,139.0,16.0,7.0,99.0,60.0,46.0,22.0,16.0,1.0,3.0,14.0,4.0,97.0,66.0,54.0,15.0,17.0,1.0,3.0
2023-496,Marseille,Hard,32,250,I,20230220,24,HB71,1.0,,Hubert Hurkacz,R,196.0,POL,26.023,11.0,2995.0,Y268,,,Mikael Ymer,R,185.0,SWE,24.449,69.0,761.0,6-3 3-6 7-6(6),3,QF,169.0,19.0,1.0,105.0,62.0,46.0,20.0,15.0,6.0,9.0,5.0,4.0,117.0,76.0,47.0,24.0,15.0,8.0,11.0
2023-496,Marseille,Hard,32,250,I,20230220,25,BM95,,,Benjamin Bonzi,R,183.0,FRA,26.7,60.0,794.0,F0F1,,WC,Arthur Fils,R,185.0,FRA,18.691,118.0,449.0,6-4 6-4,3,SF,84.0,4.0,0.0,52.0,32.0,28.0,14.0,10.0,1.0,1.0,7.0,4.0,65.0,36.0,25.0,17.0,10.0,7.0,9.0
2023-496,Marseille,Hard,32,250,I,20230220,26,HB71,1.0,,Hubert Hurkacz,R,196.0,POL,26.023,11.0,2995.0,BK92,,,Alexander Bublik,R,196.0,KAZ,25.678,50.0,865.0,6-4 7-6(4),3,SF,93.0,22.0,0.0,67.0,50.0,41.0,11.0,11.0,3.0,3.0,12.0,3.0,85.0,53.0,44.0,13.0,11.0,8.0,9.0
2023-496,Marseille,Hard,32,250,I,20230220,27,HB71,1.0,,Hubert Hurkacz,R,196.0,POL,26.023,11.0,2995.0,BM95,,,Benjamin Bonzi,R,183.0,FRA,26.7,60.0,794.0,6-3 7-6(4),3,F,90.0,19.0,1.0,69.0,44.0,41.0,11.0,11.0,3.0,4.0,4.0,2.0,68.0,45.0,33.0,11.0,10.0,3.0,5.0
2023-8996,Santiago,Clay,32,250,O,20230227,1,J551,,SE,Nicolas Jarry,R,201.0,CHI,27.381,87.0,616.0,EA24,,,Tomas Martin Etcheverry,R,196.0,ARG,23.614,76.0,684.0,6-7(5) 7-6(5) 6-2,3,F,166.0,6.0,1.0,94.0,61.0,49.0,21.0,16.0,1.0,2.0,9.0,5.0,109.0,68.0,47.0,24.0,16.0,3.0,6.0
2023-8996,Santiago,Clay,32,250,O,20230227,2,J551,,SE,Nicolas Jarry,R,201.0,CHI,27.381,87.0,616.0,MU94,,,Jaume Munar,R,183.0,ESP,25.815,66.0,777.0,1-6 7-6(4) 6-1,3,SF,157.0,9.0,5.0,90.0,55.0,39.0,16.0,14.0,5.0,10.0,2.0,8.0,100.0,72.0,46.0,9.0,12.0,4.0,8.0
2023-8996,Santiago,Clay,32,250,O,20230227,3,EA24,,,Tomas Martin Etcheverry,R,196.0,ARG,23.614,76.0,684.0,B0BI,3.0,,Sebastian Baez,R,170.0,ARG,22.166,35.0,1045.0,7-5 6-3,3,SF,98.0,4.0,1.0,60.0,33.0,29.0,15.0,11.0,0.0,0.0,0.0,1.0,55.0,39.0,30.0,7.0,10.0,4.0,6.0
2023-8996,Santiago,Clay,32,250,O,20230227,4,MU94,,,Jaume Munar,R,183.0,ESP,25.815,66.0,777.0,MJ08,,,Thiago Monteiro,L,183.0,BRA,28.745,84.0,631.0,6-3 3-6 6-2,3,QF,160.0,4.0,4.0,97.0,69.0,45.0,11.0,13.0,10.0,13.0,5.0,5.0,76.0,42.0,29.0,14.0,13.0,4.0,9.0
2023-8996,Santiago,Clay,32,250,O,20230227,5,J551,,SE,Nicolas Jarry,R,201.0,CHI,27.381,87.0,616.0,H997,,Q,Yannick Hanfmann,R,193.0,GER,31.291,153.0,386.0,3-6 6-3 6-4,3,QF,141.0,8.0,0.0,91.0,69.0,46.0,15.0,14.0,1.0,2.0,4.0,1.0,92.0,59.0,42.0,17.0,14.0,3.0,5.0
2023-8996,Santiago,Clay,32,250,O,20230227,6,B0BI,3.0,,Sebastian Baez,R,170.0,ARG,22.166,35.0,1045.0,DB63,6.0,,Laslo Djere,R,188.0,SRB,27.74,55.0,835.0,7-6(4) 6-4,3,QF,114.0,2.0,0.0,64.0,47.0,36.0,12.0,11.0,0.0,1.0,4.0,4.0,83.0,51.0,39.0,13.0,11.0,4.0,6.0
2023-8996,Santiago,Clay,32,250,O,20230227,7,EA24,,,Tomas Martin Etcheverry,R,196.0,ARG,23.614,76.0,684.0,L987,,,Dusan Lajovic,R,183.0,SRB,32.663,75.0,693.0,6-1 6-2,3,QF,84.0,6.0,2.0,55.0,30.0,23.0,15.0,8.0,3.0,3.0,0.0,2.0,48.0,31.0,16.0,7.0,7.0,3.0,7.0
2023-8996,Santiago,Clay,32,250,O,20230227,8,MU94,,,Jaume Munar,R,183.0,ESP,25.815,66.0,777.0,M0EJ,1.0,,Lorenzo Musetti,R,185.0,ITA,20.988,18.0,1855.0,6-4 6-4,3,R16,90.0,0.0,2.0,61.0,38.0,33.0,12.0,10.0,6.0,6.0,2.0,1.0,52.0,33.0,24.0,11.0,10.0,1.0,3.0
2023-8996,Santiago,Clay,32,250,O,20230227,9,MJ08,,,Thiago Monteiro,L,183.0,BRA,28.745,84.0,631.0,CF01,,,Marco Cecchinato,R,185.0,ITA,30.409,91.0,592.0,3-6 6-3 6-2,3,R16,116.0,7.0,1.0,68.0,36.0,31.0,19.0,13.0,0.0,1.0,3.0,6.0,78.0,45.0,28.0,20.0,13.0,7.0,10.0
2023-8996,Santiago,Clay,32,250,O,20230227,10,J551,,SE,Nicolas Jarry,R,201.0,CHI,27.381,87.0,616.0,SM37,4.0,,Diego Schwartzman,R,170.0,ARG,30.533,37.0,1010.0,6-4 4-6 7-6(2),3,R16,186.0,10.0,4.0,107.0,70.0,51.0,18.0,16.0,3.0,6.0,0.0,5.0,121.0,91.0,59.0,12.0,16.0,12.0,15.0
2023-8996,Santiago,Clay,32,250,O,20230227,11,H997,,Q,Yannick Hanfmann,R,193.0,GER,31.291,153.0,386.0,CF59,,,Roberto Carballes Baena,R,183.0,ESP,29.933,74.0,695.0,7-6(6) 6-2,3,R16,116.0,5.0,0.0,64.0,44.0,29.0,13.0,10.0,2.0,4.0,3.0,5.0,71.0,39.0,25.0,14.0,10.0,5.0,9.0
2023-8996,Santiago,Clay,32,250,O,20230227,12,DB63,6.0,,Laslo Djere,R,188.0,SRB,27.74,55.0,835.0,BI47,,Q,Riccardo Bonadio,R,180.0,ITA,29.626,182.0,323.0,7-5 7-5,3,R16,108.0,8.0,4.0,76.0,48.0,38.0,17.0,12.0,5.0,5.0,1.0,1.0,74.0,44.0,32.0,16.0,12.0,6.0,8.0
2023-8996,Santiago,Clay,32,250,O,20230227,13,B0BI,3.0,,Sebastian Baez,R,170.0,ARG,22.166,35.0,1045.0,GD64,,WC,Cristian Garin,R,185.0,CHI,26.746,100.0,546.0,6-4 6-3,3,R16,82.0,3.0,0.0,44.0,30.0,25.0,12.0,9.0,1.0,1.0,3.0,1.0,64.0,36.0,26.0,13.0,10.0,4.0,7.0
2023-8996,Santiago,Clay,32,250,O,20230227,14,L987,,,Dusan Lajovic,R,183.0,SRB,32.663,75.0,693.0,C0C8,,Q,Juan Manuel Cerundolo,L,183.0,ARG,21.284,108.0,515.0,6-2 2-6 7-6(2),3,R16,158.0,6.0,4.0,108.0,80.0,51.0,10.0,14.0,6.0,10.0,2.0,3.0,119.0,79.0,50.0,14.0,14.0,8.0,12.0
2023-8996,Santiago,Clay,32,250,O,20230227,15,EA24,,,Tomas Martin Etcheverry,R,196.0,ARG,23.614,76.0,684.0,C0AU,2.0,,Francisco Cerundolo,R,185.0,ARG,24.542,32.0,1275.0,6-3 3-6 6-3,3,R16,148.0,5.0,2.0,88.0,48.0,34.0,23.0,14.0,7.0,9.0,3.0,6.0,95.0,53.0,41.0,16.0,13.0,6.0,9.0
2023-8996,Santiago,Clay,32,250,O,20230227,16,MU94,,,Jaume Munar,R,183.0,ESP,25.815,66.0,777.0,TE30,,WC,Alejandro Tabilo,L,188.0,CHI,25.739,186.0,314.0,6-0 6-7(4) 7-6(5),3,R32,162.0,4.0,2.0,100.0,69.0,43.0,21.0,15.0,4.0,7.0,3.0,3.0,102.0,64.0,34.0,23.0,15.0,2.0,8.0
2023-8996,Santiago,Clay,32,250,O,20230227,17,CF01,,,Marco Cecchinato,R,185.0,ITA,30.409,91.0,592.0,BF23,,,Facundo Bagnis,L,183.0,ARG,32.999,94.0,570.0,6-2 3-6 7-6(3),3,R32,139.0,8.0,5.0,80.0,53.0,32.0,18.0,14.0,4.0,8.0,2.0,6.0,104.0,58.0,36.0,21.0,15.0,5.0,10.0
2023-8996,Santiago,Clay,32,250,O,20230227,18,MJ08,,,Thiago Monteiro,L,183.0,BRA,28.745,84.0,631.0,R772,5.0,,Albert Ramos-Vinolas,L,188.0,ESP,35.113,50.0,890.0,7-5 4-6 7-5,3,R32,180.0,7.0,5.0,113.0,70.0,50.0,19.0,17.0,6.0,10.0,7.0,5.0,93.0,60.0,42.0,16.0,17.0,2.0,7.0
2023-8996,Santiago,Clay,32,250,O,20230227,19,J551,,SE,Nicolas Jarry,R,201.0,CHI,27.381,87.0,616.0,V836,,,Juan Pablo Varillas,R,185.0,PER,27.395,77.0,681.0,7-6(1) 6-4,3,R32,115.0,12.0,3.0,81.0,52.0,39.0,14.0,11.0,3.0,4.0,6.0,1.0,65.0,40.0,26.0,15.0,11.0,0.0,2.0
2023-8996,Santiago,Clay,32,250,O,20230227,20,H997,,Q,Yannick Hanfmann,R,193.0,GER,31.291,153.0,386.0,MO44,,,Pedro Martinez,R,185.0,ESP,25.84,117.0,476.0,6-2 6-0,3,R32,95.0,9.0,1.0,52.0,33.0,24.0,10.0,7.0,2.0,2.0,1.0,6.0,68.0,41.0,22.0,11.0,7.0,11.0,16.0
2023-8996,Santiago,Clay,32,250,O,20230227,21,CF59,,,Roberto Carballes Baena,R,183.0,ESP,29.933,74.0,695.0,TE16,,LL,Carlos Taberner,R,183.0,ESP,25.555,181.0,324.0,6-1 RET,3,R32,30.0,2.0,2.0,19.0,10.0,9.0,7.0,4.0,0.0,0.0,0.0,1.0,19.0,13.0,8.0,1.0,3.0,0.0,2.0
2023-8996,Santiago,Clay,32,250,O,20230227,22,DB63,6.0,,Laslo Djere,R,188.0,SRB,27.74,55.0,835.0,SH90,,,Joao Sousa,R,185.0,POR,33.914,147.0,401.0,6-3 6-2,3,R32,77.0,6.0,1.0,44.0,25.0,21.0,15.0,9.0,0.0,0.0,1.0,1.0,57.0,31.0,17.0,14.0,8.0,5.0,8.0
2023-8996,Santiago,Clay,32,250,O,20230227,23,BI47,,Q,Riccardo Bonadio,R,180.0,ITA,29.626,182.0,323.0,GE33,,,Daniel Elahi Galan,R,191.0,COL,26.694,83.0,639.0,6-3 7-6(5),3,R32,107.0,2.0,2.0,70.0,46.0,31.0,16.0,10.0,0.0,1.0,4.0,4.0,75.0,46.0,33.0,13.0,11.0,3.0,6.0
2023-8996,Santiago,Clay,32,250,O,20230227,24,GD64,,WC,Cristian Garin,R,185.0,CHI,26.746,100.0,546.0,TB69,,WC,Dominic Thiem,R,185.0,AUT,29.484,99.0,550.0,6-2 7-6(2),3,R32,103.0,4.0,0.0,56.0,36.0,30.0,15.0,10.0,0.0,0.0,3.0,3.0,72.0,43.0,27.0,17.0,10.0,6.0,8.0
2023-8996,Santiago,Clay,32,250,O,20230227,25,C0C8,,Q,Juan Manuel Cerundolo,L,183.0,ARG,21.284,108.0,515.0,CG04,7.0,,Pedro Cachin,R,185.0,ARG,27.88,61.0,797.0,6-4 3-6 6-3,3,R32,122.0,4.0,4.0,81.0,46.0,39.0,18.0,14.0,2.0,3.0,9.0,0.0,72.0,45.0,35.0,18.0,14.0,2.0,4.0
2023-8996,Santiago,Clay,32,250,O,20230227,26,L987,,,Dusan Lajovic,R,183.0,SRB,32.663,75.0,693.0,U182,,Q,Camilo Ugo Carabelli,R,185.0,ARG,23.699,122.0,456.0,6-1 6-3,3,R32,73.0,0.0,2.0,45.0,30.0,25.0,9.0,8.0,2.0,2.0,0.0,2.0,47.0,29.0,22.0,3.0,8.0,2.0,6.0
2023-8996,Santiago,Clay,32,250,O,20230227,27,EA24,,,Tomas Martin Etcheverry,R,196.0,ARG,23.614,76.0,684.0,F510,,,Fabio Fognini,R,178.0,ITA,35.765,82.0,643.0,6-1 7-6(1),3,R32,107.0,5.0,3.0,58.0,32.0,26.0,15.0,10.0,4.0,6.0,3.0,7.0,65.0,36.0,18.0,16.0,9.0,2.0,6.0
2023-807,Acapulco,Hard,32,500,O,20230227,1,RH16,2.0,,Casper Ruud,R,183.0,NOR,24.183,4.0,5515.0,A887,,Q,Guido Andreozzi,R,183.0,ARG,31.565,342.0,144.0,6-4 4-6 7-6(2),3,R32,169.0,16.0,1.0,97.0,56.0,38.0,23.0,16.0,10.0,15.0,1.0,6.0,100.0,60.0,42.0,17.0,16.0,4.0,9.0
2023-807,Acapulco,Hard,32,500,O,20230227,2,DA81,,Q,Taro Daniel,R,191.0,JPN,30.084,125.0,448.0,W09G,,,J.J. Wolf,R,183.0,USA,24.186,44.0,951.0,6-4 6-4,3,R32,106.0,2.0,1.0,63.0,45.0,32.0,8.0,10.0,2.0,4.0,2.0,7.0,63.0,33.0,21.0,14.0,10.0,8.0,12.0
2023-807,Acapulco,Hard,32,500,O,20230227,3,BU10,,Q,Jacopo Berrettini,R,191.0,ITA,24.252,842.0,19.0,O449,,,Oscar Otte,R,193.0,GER,29.618,78.0,656.0,3-6 7-6(3) 2-1 RET,3,R32,116.0,3.0,5.0,74.0,48.0,36.0,11.0,11.0,3.0,5.0,5.0,6.0,76.0,33.0,26.0,22.0,13.0,3.0,5.0
2023-807,Acapulco,Hard,32,500,O,20230227,4,DH58,8.0,,Alex de Minaur,R,183.0,AUS,24.027,22.0,1710.0,P0J1,,WC,Rodrigo Pacheco Mendez,L,191.0,MEX,17.843,1244.0,5.0,6-1 6-2,3,R32,76.0,4.0,1.0,39.0,23.0,17.0,12.0,7.0,1.0,1.0,0.0,2.0,67.0,48.0,24.0,8.0,8.0,4.0,9.0
2023-807,Acapulco,Hard,32,500,O,20230227,5,R0DG,4.0,,Holger Rune,R,188.0,DEN,19.833,10.0,3161.0,S0S1,,WC,Ben Shelton,L,193.0,USA,20.386,41.0,964.0,6-7(7) 6-4 6-2,3,R32,140.0,5.0,6.0,86.0,52.0,42.0,24.0,15.0,2.0,3.0,9.0,5.0,96.0,60.0,48.0,16.0,15.0,5.0,9.0
2023-807,Acapulco,Hard,32,500,O,20230227,6,BT72,,,Nuno Borges,R,185.0,POR,26.021,85.0,625.0,CF10,,Q,Nick Chappell,L,178.0,USA,30.439,432.0,101.0,6-3 7-6(3),3,R32,107.0,4.0,4.0,75.0,49.0,35.0,17.0,11.0,2.0,3.0,3.0,0.0,78.0,44.0,28.0,19.0,10.0,6.0,8.0
2023-807,Acapulco,Hard,32,500,O,20230227,7,BK40,,,Matteo Berrettini,R,196.0,ITA,26.877,24.0,1690.0,MV14,,,Alex Molcan,L,178.0,SVK,25.24,57.0,820.0,6-0 1-0 RET,3,R32,45.0,5.0,1.0,16.0,10.0,10.0,5.0,3.0,0.0,0.0,0.0,5.0,44.0,25.0,12.0,6.0,4.0,4.0,8.0
2023-807,Acapulco,Hard,32,500,O,20230227,8,Y218,,LL,Elias Ymer,R,185.0,SWE,26.883,170.0,340.0,ME82,,,Adrian Mannarino,L,180.0,FRA,34.664,64.0,791.0,5-7 6-3 6-4,3,R32,153.0,4.0,6.0,91.0,45.0,35.0,22.0,16.0,6.0,10.0,2.0,4.0,90.0,42.0,29.0,24.0,15.0,6.0,11.0
2023-807,Acapulco,Hard,32,500,O,20230227,9,TD51,6.0,,Frances Tiafoe,R,188.0,USA,25.103,15.0,2350.0,N732,,,Yoshihito Nishioka,L,170.0,JPN,27.42,34.0,1142.0,7-6(6) 6-4,3,R32,104.0,9.0,3.0,67.0,46.0,35.0,15.0,11.0,1.0,2.0,2.0,1.0,78.0,43.0,27.0,22.0,11.0,2.0,4.0
2023-807,Acapulco,Hard,32,500,O,20230227,10,L397,,WC,Feliciano Lopez,L,188.0,ESP,41.437,1035.0,10.0,E865,,,Christopher Eubanks,R,201.0,USA,26.815,105.0,524.0,7-6(3) 6-4,3,R32,94.0,11.0,3.0,72.0,42.0,34.0,16.0,11.0,7.0,8.0,9.0,4.0,73.0,40.0,28.0,17.0,11.0,6.0,8.0
2023-807,Acapulco,Hard,32,500,O,20230227,11,SU55,,,Denis Shapovalov,L,185.0,CAN,23.871,30.0,1335.0,KI95,,,Miomir Kecmanovic,R,183.0,SRB,23.493,31.0,1290.0,6-7(4) 6-0 7-5,3,R32,133.0,8.0,7.0,89.0,48.0,39.0,18.0,15.0,2.0,5.0,1.0,4.0,92.0,59.0,36.0,16.0,15.0,5.0,12.0
2023-807,Acapulco,Hard,32,500,O,20230227,12,FB98,3.0,,Taylor Fritz,R,196.0,USA,25.333,5.0,3660.0,I186,,,John Isner,R,208.0,USA,37.84,38.0,995.0,3-6 6-3 6-4,3,R32,113.0,4.0,2.0,83.0,55.0,47.0,11.0,14.0,3.0,4.0,9.0,3.0,79.0,50.0,40.0,15.0,14.0,1.0,3.0
2023-807,Acapulco,Hard,32,500,O,20230227,13,PL56,7.0,,Tommy Paul,R,185.0,USA,25.782,23.0,1700.0,GA36,,,Emilio Gomez,R,185.0,ECU,31.25,90.0,603.0,6-1 7-6(4),3,R32,104.0,3.0,1.0,66.0,47.0,36.0,11.0,10.0,2.0,3.0,1.0,5.0,79.0,45.0,29.0,16.0,9.0,8.0,11.0
2023-807,Acapulco,Hard,32,500,O,20230227,14,MP01,,,Michael Mmoh,R,188.0,USA,25.131,86.0,624.0,GC88,,,Marcos Giron,R,180.0,USA,29.596,69.0,731.0,7-6(3) 6-1,3,R32,119.0,3.0,3.0,86.0,57.0,35.0,15.0,9.0,12.0,14.0,2.0,3.0,65.0,39.0,21.0,12.0,10.0,1.0,6.0
2023-807,Acapulco,Hard,32,500,O,20230227,15,N0AE,,,Brandon Nakashima,R,188.0,USA,21.569,49.0,902.0,AE14,,,Daniel Altmaier,R,188.0,GER,24.46,95.0,564.0,6-3 3-6 6-1,3,R32,126.0,5.0,3.0,78.0,51.0,41.0,12.0,13.0,4.0,5.0,2.0,3.0,76.0,43.0,27.0,19.0,12.0,6.0,9.0
2023-807,Acapulco,Hard,32,500,O,20230227,16,MK66,,,Mackenzie McDonald,R,178.0,USA,27.869,62.0,795.0,D0FJ,,LL,Luciano Darderi,R,183.0,ITA,21.035,184.0,321.0,6-4 6-2,3,R32,75.0,11.0,2.0,47.0,41.0,35.0,3.0,9.0,1.0,1.0,7.0,6.0,63.0,31.0,23.0,12.0,9.0,6.0,9.0
2023-807,Acapulco,Hard,32,500,O,20230227,17,DA81,,Q,Taro Daniel,R,191.0,JPN,30.084,125.0,448.0,RH16,2.0,,Casper Ruud,R,183.0,NOR,24.183,4.0,5515.0,7-5 2-6 7-6(5),3,R16,177.0,3.0,1.0,93.0,54.0,39.0,26.0,16.0,4.0,7.0,7.0,4.0,103.0,66.0,49.0,21.0,16.0,1.0,3.0
2023-807,Acapulco,Hard,32,500,O,20230227,18,DH58,8.0,,Alex de Minaur,R,183.0,AUS,24.027,22.0,1710.0,BU10,,Q,Jacopo Berrettini,R,191.0,ITA,24.252,842.0,19.0,6-1 6-0,3,R16,61.0,3.0,2.0,47.0,23.0,18.0,14.0,7.0,1.0,1.0,0.0,3.0,37.0,19.0,8.0,5.0,6.0,1.0,6.0
2023-807,Acapulco,Hard,32,500,O,20230227,19,R0DG,4.0,,Holger Rune,R,188.0,DEN,19.833,10.0,3161.0,BT72,,,Nuno Borges,R,185.0,POR,26.021,85.0,625.0,6-0 6-2,3,R16,60.0,7.0,1.0,41.0,26.0,21.0,9.0,7.0,1.0,1.0,1.0,3.0,44.0,27.0,15.0,2.0,7.0,4.0,9.0
2023-807,Acapulco,Hard,32,500,O,20230227,20,BK40,,,Matteo Berrettini,R,196.0,ITA,26.877,24.0,1690.0,Y218,,LL,Elias Ymer,R,185.0,SWE,26.883,170.0,340.0,6-3 6-3,3,R16,94.0,3.0,1.0,51.0,32.0,27.0,10.0,9.0,2.0,2.0,2.0,3.0,66.0,42.0,27.0,10.0,9.0,6.0,9.0
2023-807,Acapulco,Hard,32,500,O,20230227,21,TD51,6.0,,Frances Tiafoe,R,188.0,USA,25.103,15.0,2350.0,L397,,WC,Feliciano Lopez,L,188.0,ESP,41.437,1035.0,10.0,6-2 7-6(6),3,R16,88.0,5.0,3.0,62.0,35.0,28.0,20.0,10.0,3.0,3.0,11.0,6.0,66.0,33.0,27.0,17.0,10.0,1.0,3.0
2023-807,Acapulco,Hard,32,500,O,20230227,22,FB98,3.0,,Taylor Fritz,R,196.0,USA,25.333,5.0,3660.0,SU55,,,Denis Shapovalov,L,185.0,CAN,23.871,30.0,1335.0,6-4 6-4,3,R16,78.0,7.0,3.0,52.0,29.0,28.0,11.0,10.0,1.0,2.0,5.0,2.0,65.0,40.0,31.0,9.0,10.0,2.0,5.0
2023-807,Acapulco,Hard,32,500,O,20230227,23,PL56,7.0,,Tommy Paul,R,185.0,USA,25.782,23.0,1700.0,MP01,,,Michael Mmoh,R,188.0,USA,25.131,86.0,624.0,6-4 2-2 RET,3,R16,81.0,3.0,0.0,49.0,33.0,26.0,8.0,7.0,4.0,4.0,3.0,5.0,48.0,30.0,23.0,7.0,7.0,2.0,3.0
2023-807,Acapulco,Hard,32,500,O,20230227,24,MK66,,,Mackenzie McDonald,R,178.0,USA,27.869,62.0,795.0,N0AE,,,Brandon Nakashima,R,188.0,USA,21.569,49.0,902.0,6-2 6-0,3,R16,68.0,2.0,0.0,43.0,25.0,20.0,11.0,7.0,1.0,1.0,0.0,2.0,47.0,29.0,13.0,7.0,7.0,7.0,12.0
2023-807,Acapulco,Hard,32,500,O,20230227,25,DH58,8.0,,Alex de Minaur,R,183.0,AUS,24.027,22.0,1710.0,DA81,,Q,Taro Daniel,R,191.0,JPN,30.084,125.0,448.0,6-2 6-2,3,QF,97.0,1.0,3.0,52.0,22.0,21.0,13.0,8.0,1.0,2.0,1.0,3.0,54.0,35.0,16.0,9.0,8.0,3.0,8.0
2023-807,Acapulco,Hard,32,500,O,20230227,26,R0DG,4.0,,Holger Rune,R,188.0,DEN,19.833,10.0,3161.0,BK40,,,Matteo Berrettini,R,196.0,ITA,26.877,24.0,1690.0,6-0 1-0 RET,3,QF,29.0,1.0,0.0,18.0,11.0,10.0,6.0,4.0,0.0,0.0,1.0,0.0,17.0,12.0,4.0,1.0,3.0,1.0,4.0
2023-807,Acapulco,Hard,32,500,O,20230227,27,FB98,3.0,,Taylor Fritz,R,196.0,USA,25.333,5.0,3660.0,TD51,6.0,,Frances Tiafoe,R,188.0,USA,25.103,15.0,2350.0,6-3 6-4,3,QF,95.0,5.0,0.0,64.0,32.0,24.0,21.0,10.0,4.0,4.0,6.0,4.0,59.0,37.0,28.0,8.0,9.0,1.0,3.0
2023-807,Acapulco,Hard,32,500,O,20230227,28,PL56,7.0,,Tommy Paul,R,185.0,USA,25.782,23.0,1700.0,MK66,,,Mackenzie McDonald,R,178.0,USA,27.869,62.0,795.0,6-2 6-2,3,QF,59.0,3.0,1.0,43.0,33.0,26.0,8.0,8.0,1.0,1.0,0.0,1.0,45.0,27.0,15.0,7.0,8.0,5.0,9.0
2023-807,Acapulco,Hard,32,500,O,20230227,29,DH58,8.0,,Alex de Minaur,R,183.0,AUS,24.027,22.0,1710.0,R0DG,4.0,,Holger Rune,R,188.0,DEN,19.833,10.0,3161.0,3-6 7-5 6-2,3,SF,168.0,3.0,10.0,99.0,50.0,38.0,26.0,14.0,7.0,8.0,4.0,5.0,112.0,67.0,42.0,25.0,15.0,11.0,14.0
2023-807,Acapulco,Hard,32,500,O,20230227,30,PL56,7.0,,Tommy Paul,R,185.0,USA,25.782,23.0,1700.0,FB98,3.0,,Taylor Fritz,R,196.0,USA,25.333,5.0,3660.0,6-3 6-7(2) 7-6(2),3,SF,205.0,7.0,5.0,143.0,94.0,64.0,21.0,17.0,10.0,13.0,6.0,3.0,118.0,64.0,52.0,21.0,16.0,10.0,14.0
2023-807,Acapulco,Hard,32,500,O,20230227,31,DH58,8.0,,Alex de Minaur,R,183.0,AUS,24.027,22.0,1710.0,PL56,7.0,,Tommy Paul,R,185.0,USA,25.782,23.0,1700.0,3-6 6-4 6-1,3,F,147.0,2.0,1.0,84.0,42.0,34.0,22.0,13.0,6.0,8.0,1.0,4.0,91.0,55.0,33.0,19.0,13.0,6.0,10.0
2023-495,Dubai,Hard,32,500,O,20230227,1,MM58,3.0,,Daniil Medvedev,R,198.0,RUS,27.044,7.0,3320.0,RE44,2.0,,Andrey Rublev,R,188.0,RUS,25.355,6.0,3405.0,6-2 6-2,3,F,68.0,9.0,1.0,40.0,29.0,24.0,8.0,8.0,0.0,0.0,3.0,1.0,54.0,33.0,21.0,6.0,8.0,3.0,7.0
2023-495,Dubai,Hard,32,500,O,20230227,2,MM58,3.0,,Daniil Medvedev,R,198.0,RUS,27.044,7.0,3320.0,D643,1.0,,Novak Djokovic,R,188.0,SRB,35.77,1.0,6980.0,6-4 6-4,3,SF,95.0,8.0,1.0,62.0,36.0,28.0,13.0,10.0,0.0,1.0,5.0,1.0,62.0,43.0,29.0,11.0,10.0,1.0,4.0
2023-495,Dubai,Hard,32,500,O,20230227,3,RE44,2.0,,Andrey Rublev,R,188.0,RUS,25.355,6.0,3405.0,Z355,7.0,,Alexander Zverev,R,198.0,GER,25.856,16.0,2320.0,6-3 7-6(9),3,SF,118.0,2.0,2.0,70.0,44.0,33.0,17.0,10.0,0.0,1.0,12.0,3.0,84.0,67.0,46.0,5.0,11.0,3.0,6.0
2023-495,Dubai,Hard,32,500,O,20230227,4,D643,1.0,,Novak Djokovic,R,188.0,SRB,35.77,1.0,6980.0,HB71,5.0,,Hubert Hurkacz,R,196.0,POL,26.042,11.0,3065.0,6-3 7-5,3,QF,81.0,4.0,2.0,55.0,36.0,29.0,15.0,11.0,0.0,0.0,7.0,1.0,57.0,36.0,28.0,12.0,10.0,6.0,8.0
2023-495,Dubai,Hard,32,500,O,20230227,5,MM58,3.0,,Daniil Medvedev,R,198.0,RUS,27.044,7.0,3320.0,CG80,8.0,,Borna Coric,R,188.0,CRO,26.286,20.0,1815.0,6-3 6-2,3,QF,81.0,4.0,3.0,43.0,26.0,20.0,11.0,8.0,1.0,2.0,0.0,1.0,51.0,27.0,12.0,10.0,9.0,1.0,6.0
2023-495,Dubai,Hard,32,500,O,20230227,6,Z355,7.0,,Alexander Zverev,R,198.0,GER,25.856,16.0,2320.0,SU87,,,Lorenzo Sonego,R,191.0,ITA,27.8,67.0,745.0,7-5 6-4,3,QF,112.0,5.0,1.0,61.0,50.0,42.0,4.0,11.0,6.0,6.0,6.0,1.0,69.0,49.0,33.0,10.0,11.0,3.0,5.0
2023-495,Dubai,Hard,32,500,O,20230227,7,RE44,2.0,,Andrey Rublev,R,188.0,RUS,25.355,6.0,3405.0,V812,,,Botic van de Zandschulp,R,191.0,NED,27.4,33.0,1160.0,6-3 7-6(3),3,QF,112.0,9.0,1.0,72.0,47.0,36.0,17.0,11.0,4.0,5.0,7.0,5.0,86.0,57.0,42.0,9.0,10.0,10.0,12.0
2023-495,Dubai,Hard,32,500,O,20230227,8,D643,1.0,,Novak Djokovic,R,188.0,SRB,35.77,1.0,6980.0,GJ37,,,Tallon Griekspoor,R,188.0,NED,26.656,39.0,989.0,6-2 6-3,3,R16,81.0,8.0,3.0,43.0,22.0,20.0,14.0,9.0,0.0,1.0,12.0,1.0,80.0,57.0,33.0,8.0,8.0,12.0,16.0
2023-495,Dubai,Hard,32,500,O,20230227,9,HB71,5.0,,Hubert Hurkacz,R,196.0,POL,26.042,11.0,3065.0,K09F,,Q,Pavel Kotov,R,191.0,RUS,24.277,138.0,419.0,7-5 6-1,3,R16,68.0,9.0,1.0,50.0,34.0,31.0,9.0,10.0,0.0,0.0,3.0,1.0,52.0,34.0,22.0,8.0,9.0,3.0,6.0
2023-495,Dubai,Hard,32,500,O,20230227,10,MM58,3.0,,Daniil Medvedev,R,198.0,RUS,27.044,7.0,3320.0,BK92,,,Alexander Bublik,R,196.0,KAZ,25.697,46.0,935.0,6-4 6-2,3,R16,64.0,5.0,1.0,41.0,30.0,29.0,7.0,9.0,0.0,0.0,5.0,5.0,54.0,34.0,24.0,7.0,9.0,2.0,5.0
2023-495,Dubai,Hard,32,500,O,20230227,11,CG80,8.0,,Borna Coric,R,188.0,CRO,26.286,20.0,1815.0,KD46,,WC,Thanasi Kokkinakis,R,193.0,AUS,26.883,101.0,532.0,6-7(4) 6-3 7-5,3,R16,173.0,3.0,3.0,82.0,54.0,47.0,22.0,16.0,0.0,0.0,20.0,2.0,120.0,79.0,59.0,20.0,17.0,5.0,8.0
2023-495,Dubai,Hard,32,500,O,20230227,12,Z355,7.0,,Alexander Zverev,R,198.0,GER,25.856,16.0,2320.0,O483,,Q,Christopher O'Connell,R,183.0,AUS,28.736,92.0,592.0,7-5 6-4,3,R16,78.0,11.0,1.0,51.0,39.0,35.0,9.0,11.0,0.0,0.0,4.0,0.0,55.0,39.0,29.0,10.0,11.0,3.0,5.0
2023-495,Dubai,Hard,32,500,O,20230227,13,SU87,,,Lorenzo Sonego,R,191.0,ITA,27.8,67.0,745.0,AG37,4.0,,Felix Auger-Aliassime,R,193.0,CAN,22.554,9.0,3245.0,7-6(4) 6-4,3,R16,115.0,2.0,1.0,56.0,44.0,39.0,9.0,11.0,0.0,0.0,6.0,3.0,70.0,34.0,28.0,21.0,11.0,2.0,3.0
2023-495,Dubai,Hard,32,500,O,20230227,14,V812,,,Botic van de Zandschulp,R,191.0,NED,27.4,33.0,1160.0,Y268,,,Mikael Ymer,R,185.0,SWE,24.468,59.0,806.0,3-6 6-3 6-3,3,R16,153.0,7.0,3.0,79.0,51.0,32.0,15.0,13.0,4.0,8.0,2.0,3.0,100.0,69.0,38.0,15.0,14.0,3.0,9.0
2023-495,Dubai,Hard,32,500,O,20230227,15,RE44,2.0,,Andrey Rublev,R,188.0,RUS,25.355,6.0,3405.0,DH50,,,Alejandro Davidovich Fokina,R,180.0,ESP,23.732,29.0,1345.0,1-6 7-6(6) 7-6(3),3,R16,145.0,12.0,2.0,101.0,63.0,48.0,22.0,15.0,2.0,4.0,8.0,3.0,112.0,77.0,54.0,23.0,16.0,2.0,2.0
2023-495,Dubai,Hard,32,500,O,20230227,16,D643,1.0,,Novak Djokovic,R,188.0,SRB,35.77,1.0,6980.0,M0FH,,Q,Tomas Machac,R,183.0,CZE,22.374,130.0,435.0,6-3 3-6 7-6(1),3,R32,147.0,12.0,8.0,100.0,60.0,43.0,22.0,15.0,7.0,10.0,6.0,4.0,94.0,56.0,36.0,19.0,15.0,3.0,6.0
2023-495,Dubai,Hard,32,500,O,20230227,17,GJ37,,,Tallon Griekspoor,R,188.0,NED,26.656,39.0,989.0,LB66,,,Constant Lestienne,R,180.0,FRA,30.765,56.0,821.0,6-4 3-6 6-2,3,R32,119.0,11.0,5.0,78.0,45.0,35.0,19.0,13.0,6.0,7.0,11.0,4.0,98.0,63.0,43.0,15.0,14.0,9.0,12.0
2023-495,Dubai,Hard,32,500,O,20230227,18,K09F,,Q,Pavel Kotov,R,191.0,RUS,24.277,138.0,419.0,P09Z,,WC,Alexei Popyrin,R,196.0,AUS,23.565,98.0,556.0,6-3 5-7 7-6(3),3,R32,167.0,2.0,2.0,110.0,76.0,56.0,18.0,17.0,1.0,3.0,13.0,7.0,115.0,63.0,45.0,28.0,16.0,8.0,10.0
2023-495,Dubai,Hard,32,500,O,20230227,19,HB71,5.0,,Hubert Hurkacz,R,196.0,POL,26.042,11.0,3065.0,S0H2,,LL,Alexander Shevchenko,R,188.0,KAZ,22.245,119.0,463.0,3-6 6-3 7-6(7),3,R32,121.0,18.0,3.0,81.0,62.0,51.0,10.0,15.0,2.0,4.0,3.0,2.0,103.0,63.0,45.0,23.0,15.0,9.0,11.0
2023-495,Dubai,Hard,32,500,O,20230227,20,MM58,3.0,,Daniil Medvedev,R,198.0,RUS,27.044,7.0,3320.0,A0FC,,LL,Matteo Arnaldi,R,185.0,ITA,22.012,111.0,497.0,6-4 6-2,3,R32,91.0,6.0,3.0,62.0,37.0,29.0,14.0,9.0,0.0,0.0,0.0,3.0,64.0,37.0,23.0,12.0,9.0,2.0,5.0
2023-495,Dubai,Hard,32,500,O,20230227,21,BK92,,,Alexander Bublik,R,196.0,KAZ,25.697,46.0,935.0,LI39,,Q,Alexandar Lazarov,R,191.0,BUL,25.309,301.0,170.0,6-1 1-0 RET,3,R32,25.0,3.0,1.0,18.0,14.0,13.0,3.0,4.0,0.0,0.0,0.0,4.0,22.0,12.0,5.0,1.0,4.0,2.0,5.0
2023-495,Dubai,Hard,32,500,O,20230227,22,KD46,,WC,Thanasi Kokkinakis,R,193.0,AUS,26.883,101.0,532.0,HB64,,LL,Quentin Halys,R,191.0,FRA,26.338,73.0,701.0,6-4 7-6(9),3,R32,114.0,16.0,2.0,82.0,58.0,43.0,14.0,11.0,3.0,3.0,7.0,2.0,69.0,38.0,30.0,18.0,11.0,3.0,4.0
2023-495,Dubai,Hard,32,500,O,20230227,23,CG80,8.0,,Borna Coric,R,188.0,CRO,26.286,20.0,1815.0,E687,,,Daniel Evans,R,175.0,GBR,32.767,28.0,1380.0,2-2 RET,3,R32,22.0,3.0,0.0,14.0,8.0,6.0,4.0,2.0,0.0,0.0,2.0,0.0,12.0,7.0,7.0,2.0,2.0,0.0,0.0
2023-495,Dubai,Hard,32,500,O,20230227,24,Z355,7.0,,Alexander Zverev,R,198.0,GER,25.856,16.0,2320.0,L0BV,,,Jiri Lehecka,R,185.0,CZE,21.303,47.0,932.0,4-6 6-3 6-4,3,R32,125.0,12.0,2.0,80.0,58.0,43.0,14.0,15.0,2.0,4.0,5.0,5.0,94.0,55.0,37.0,20.0,14.0,7.0,10.0
2023-495,Dubai,Hard,32,500,O,20230227,25,O483,,Q,Christopher O'Connell,R,183.0,AUS,28.736,92.0,592.0,RH24,,,Emil Ruusuvuori,R,188.0,FIN,23.907,54.0,846.0,7-5 6-4,3,R32,112.0,11.0,1.0,68.0,41.0,35.0,12.0,11.0,1.0,2.0,4.0,3.0,83.0,49.0,33.0,16.0,11.0,8.0,11.0
2023-495,Dubai,Hard,32,500,O,20230227,26,SU87,,,Lorenzo Sonego,R,191.0,ITA,27.8,67.0,745.0,HH06,,,Marc-Andrea Huesler,L,196.0,SUI,26.678,51.0,890.0,7-5 6-3,3,R32,87.0,10.0,1.0,62.0,46.0,33.0,12.0,11.0,1.0,2.0,3.0,4.0,57.0,35.0,26.0,9.0,10.0,2.0,5.0
2023-495,Dubai,Hard,32,500,O,20230227,27,AG37,4.0,,Felix Auger-Aliassime,R,193.0,CAN,22.554,9.0,3245.0,C0BC,,,Maxime Cressy,R,201.0,USA,25.807,36.0,1016.0,7-6(4) 3-6 6-3,3,R32,180.0,13.0,1.0,98.0,60.0,45.0,24.0,15.0,2.0,3.0,27.0,25.0,122.0,65.0,54.0,23.0,15.0,13.0,14.0
2023-495,Dubai,Hard,32,500,O,20230227,28,V812,,,Botic van de Zandschulp,R,191.0,NED,27.4,33.0,1160.0,KE29,6.0,,Karen Khachanov,R,198.0,RUS,26.771,14.0,2470.0,7-5 6-2,3,R32,94.0,7.0,4.0,63.0,40.0,30.0,12.0,10.0,4.0,5.0,5.0,3.0,68.0,50.0,29.0,10.0,10.0,9.0,13.0
2023-495,Dubai,Hard,32,500,O,20230227,29,Y268,,,Mikael Ymer,R,185.0,SWE,24.468,59.0,806.0,P0CT,,LL,Francesco Passaro,R,180.0,ITA,22.138,110.0,501.0,6-2 6-3,3,R32,65.0,0.0,1.0,43.0,30.0,23.0,9.0,8.0,0.0,0.0,1.0,1.0,53.0,36.0,23.0,6.0,9.0,3.0,7.0
2023-495,Dubai,Hard,32,500,O,20230227,30,DH50,,,Alejandro Davidovich Fokina,R,180.0,ESP,23.732,29.0,1345.0,J267,,WC,Malek Jaziri,R,185.0,TUN,39.105,444.0,95.0,6-2 6-0,3,R32,50.0,5.0,0.0,39.0,26.0,22.0,8.0,7.0,3.0,3.0,2.0,2.0,37.0,16.0,8.0,6.0,7.0,0.0,5.0
2023-495,Dubai,Hard,32,500,O,20230227,31,RE44,2.0,,Andrey Rublev,R,188.0,RUS,25.355,6.0,3405.0,KB05,,,Filip Krajinovic,R,185.0,SRB,31.001,70.0,730.0,7-5 6-2,3,R32,88.0,8.0,1.0,56.0,29.0,26.0,15.0,10.0,1.0,2.0,2.0,2.0,72.0,44.0,28.0,11.0,10.0,2.0,6.0
2023-404,Indian Wells Masters,Hard,128,M,O,20230306,1,TC61,,,Jordan Thompson,R,183.0,AUS,28.876,87.0,647.0,MC65,,PR,Gael Monfils,R,193.0,FRA,36.509,210.0,270.0,6-3 6-1,3,R128,64.0,2.0,0.0,44.0,29.0,21.0,12.0,8.0,0.0,0.0,1.0,5.0,46.0,26.0,15.0,8.0,8.0,2.0,6.0
2023-404,Indian Wells Masters,Hard,128,M,O,20230306,2,TE30,,Q,Alejandro Tabilo,L,188.0,CHI,25.758,187.0,314.0,MN13,,Q,Maximilian Marterer,L,188.0,GER,27.723,156.0,382.0,6-4 6-3,3,R128,95.0,6.0,0.0,47.0,30.0,21.0,14.0,9.0,0.0,1.0,5.0,4.0,88.0,55.0,32.0,14.0,10.0,9.0,13.0
2023-404,Indian Wells Masters,Hard,128,M,O,20230306,3,KB95,,,Jason Kubler,R,178.0,AUS,29.796,75.0,710.0,SU87,,,Lorenzo Sonego,R,191.0,ITA,27.819,60.0,835.0,6-4 7-6(4),3,R128,113.0,3.0,2.0,73.0,47.0,38.0,16.0,11.0,1.0,1.0,5.0,3.0,64.0,37.0,32.0,14.0,11.0,0.0,1.0
2023-404,Indian Wells Masters,Hard,128,M,O,20230306,4,GC88,,,Marcos Giron,R,180.0,USA,29.615,73.0,731.0,K0AZ,,WC,Aleksandar Kovacevic,R,183.0,USA,24.517,107.0,527.0,6-3 7-5,3,R128,84.0,6.0,4.0,57.0,30.0,27.0,16.0,10.0,1.0,1.0,8.0,2.0,69.0,41.0,28.0,15.0,11.0,3.0,6.0
2023-404,Indian Wells Masters,Hard,128,M,O,20230306,5,W857,,Q,Tung-Lin Wu,R,188.0,TPE,24.816,175.0,333.0,BK92,,,Alexander Bublik,R,196.0,KAZ,25.717,46.0,935.0,6-4 6-4,3,R128,86.0,0.0,2.0,61.0,40.0,31.0,13.0,10.0,1.0,1.0,6.0,7.0,75.0,45.0,35.0,12.0,10.0,6.0,8.0
2023-404,Indian Wells Masters,Hard,128,M,O,20230306,6,DA81,,Q,Taro Daniel,R,191.0,JPN,30.103,103.0,548.0,CF59,,,Roberto Carballes Baena,R,183.0,ESP,29.952,79.0,665.0,6-1 7-5,3,R128,103.0,3.0,0.0,57.0,38.0,29.0,11.0,10.0,4.0,5.0,4.0,0.0,63.0,39.0,20.0,13.0,9.0,3.0,7.0
2023-404,Indian Wells Masters,Hard,128,M,O,20230306,7,HH26,,,Ugo Humbert,L,188.0,FRA,24.693,77.0,678.0,Z419,,,Bernabe Zapata Miralles,R,183.0,ESP,26.144,42.0,959.0,6-2 7-6(6),3,R128,97.0,2.0,4.0,66.0,45.0,30.0,10.0,10.0,2.0,4.0,3.0,5.0,67.0,42.0,23.0,11.0,10.0,1.0,5.0
2023-404,Indian Wells Masters,Hard,128,M,O,20230306,8,L0BV,,,Jiri Lehecka,R,185.0,CZE,21.322,47.0,932.0,RC91,,,Arthur Rinderknech,R,196.0,FRA,27.619,72.0,737.0,7-6(4) 7-5,3,R128,113.0,5.0,3.0,87.0,53.0,38.0,16.0,12.0,6.0,9.0,3.0,8.0,78.0,41.0,27.0,19.0,12.0,3.0,7.0
2023-404,Indian Wells Masters,Hard,128,M,O,20230306,9,SM37,,,Diego Schwartzman,R,170.0,ARG,30.552,38.0,1010.0,CE77,,,Federico Coria,R,180.0,ARG,30.99,64.0,810.0,6-1 6-2,3,R128,70.0,1.0,2.0,45.0,29.0,19.0,11.0,7.0,3.0,4.0,0.0,3.0,57.0,40.0,19.0,4.0,8.0,5.0,11.0
2023-404,Indian Wells Masters,Hard,128,M,O,20230306,10,GD64,,Q,Cristian Garin,R,185.0,CHI,26.765,97.0,566.0,GE33,,,Daniel Elahi Galan,R,191.0,COL,26.713,89.0,639.0,6-4 6-2,3,R128,92.0,3.0,7.0,62.0,35.0,29.0,13.0,9.0,2.0,2.0,4.0,3.0,70.0,45.0,29.0,10.0,9.0,4.0,7.0
2023-404,Indian Wells Masters,Hard,128,M,O,20230306,11,WB32,,WC,Yibing Wu,R,183.0,CHN,23.392,67.0,793.0,MU94,,,Jaume Munar,R,183.0,ESP,25.834,58.0,847.0,6-7(6) 6-0 7-6(3),3,R128,159.0,4.0,4.0,93.0,44.0,34.0,29.0,15.0,0.0,2.0,2.0,7.0,113.0,69.0,51.0,13.0,15.0,7.0,12.0
2023-404,Indian Wells Masters,Hard,128,M,O,20230306,12,O449,,,Oscar Otte,R,193.0,GER,29.637,82.0,656.0,DB63,,,Laslo Djere,R,188.0,SRB,27.759,54.0,860.0,6-3 7-5,3,R128,98.0,7.0,2.0,63.0,30.0,30.0,17.0,11.0,1.0,1.0,1.0,2.0,79.0,47.0,27.0,21.0,10.0,9.0,11.0
2023-404,Indian Wells Masters,Hard,128,M,O,20230306,13,CG04,,,Pedro Cachin,R,185.0,ARG,27.899,66.0,797.0,BG23,,,Nikoloz Basilashvili,R,185.0,GEO,31.031,118.0,481.0,7-5 6-3,3,R128,84.0,7.0,0.0,61.0,29.0,24.0,20.0,11.0,3.0,4.0,5.0,8.0,70.0,42.0,30.0,10.0,10.0,7.0,10.0
2023-404,Indian Wells Masters,Hard,128,M,O,20230306,14,RH24,,,Emil Ruusuvuori,R,188.0,FIN,23.926,59.0,846.0,LB66,,,Constant Lestienne,R,180.0,FRA,30.784,62.0,821.0,6-4 4-1 RET,3,R128,93.0,2.0,1.0,42.0,28.0,23.0,7.0,8.0,1.0,2.0,3.0,6.0,72.0,41.0,22.0,12.0,7.0,13.0,16.0
2023-404,Indian Wells Masters,Hard,128,M,O,20230306,15,I305,,,Ilya Ivashka,R,193.0,BLR,29.027,85.0,651.0,SX50,,,Roman Safiullin,R,185.0,RUS,25.577,113.0,513.0,6-4 6-2,3,R128,92.0,5.0,1.0,57.0,36.0,29.0,8.0,9.0,3.0,5.0,2.0,6.0,63.0,36.0,20.0,11.0,9.0,5.0,10.0
2023-404,Indian Wells Masters,Hard,128,M,O,20230306,16,N0AE,,,Brandon Nakashima,R,188.0,USA,21.588,48.0,927.0,I186,,,John Isner,R,208.0,USA,37.859,39.0,995.0,7-6(7) 6-3,3,R128,98.0,6.0,1.0,69.0,48.0,41.0,14.0,11.0,2.0,2.0,14.0,7.0,77.0,50.0,39.0,12.0,10.0,5.0,6.0
2023-404,Indian Wells Masters,Hard,128,M,O,20230306,17,MK66,,,Mackenzie McDonald,R,178.0,USA,27.888,53.0,865.0,KB05,,,Filip Krajinovic,R,185.0,SRB,31.02,74.0,730.0,6-3 6-0,3,R128,61.0,5.0,2.0,41.0,23.0,19.0,10.0,7.0,2.0,2.0,2.0,1.0,51.0,32.0,14.0,11.0,8.0,5.0,10.0
2023-404,Indian Wells Masters,Hard,128,M,O,20230306,18,W367,,PR,Stan Wawrinka,R,183.0,SUI,37.938,100.0,557.0,V832,,Q,Aleksandar Vukic,R,188.0,AUS,26.913,186.0,316.0,6-4 1-6 6-1,3,R128,83.0,10.0,2.0,63.0,34.0,29.0,16.0,12.0,2.0,4.0,5.0,2.0,58.0,39.0,29.0,10.0,12.0,1.0,4.0
2023-404,Indian Wells Masters,Hard,128,M,O,20230306,19,ME82,,,Adrian Mannarino,L,180.0,FRA,34.683,68.0,791.0,TB69,,WC,Dominic Thiem,R,185.0,AUT,29.503,102.0,550.0,4-6 6-4 7-6(5),3,R128,163.0,3.0,2.0,105.0,64.0,39.0,30.0,16.0,4.0,8.0,11.0,7.0,97.0,54.0,39.0,22.0,16.0,2.0,6.0
2023-404,Indian Wells Masters,Hard,128,M,O,20230306,20,G628,,,Richard Gasquet,R,183.0,FRA,36.715,43.0,955.0,GH92,,Q,Borna Gojo,R,196.0,CRO,25.018,121.0,475.0,6-4 6-7(5) 6-2,3,R128,129.0,6.0,3.0,96.0,53.0,41.0,22.0,15.0,3.0,5.0,20.0,0.0,95.0,57.0,44.0,14.0,15.0,3.0,8.0
2023-404,Indian Wells Masters,Hard,128,M,O,20230306,21,F724,,,Marton Fucsovics,R,188.0,HUN,31.072,84.0,652.0,W09G,,,J.J. Wolf,R,183.0,USA,24.205,44.0,951.0,1-6 6-0 6-3,3,R128,102.0,6.0,6.0,59.0,29.0,21.0,16.0,11.0,1.0,4.0,7.0,5.0,74.0,37.0,28.0,13.0,11.0,8.0,13.0
2023-404,Indian Wells Masters,Hard,128,M,O,20230306,22,MV14,,,Alex Molcan,L,178.0,SVK,25.259,63.0,820.0,R772,,,Albert Ramos-Vinolas,L,188.0,ESP,35.132,50.0,890.0,6-3 6-2,3,R128,82.0,4.0,2.0,47.0,27.0,24.0,13.0,9.0,0.0,0.0,1.0,1.0,54.0,32.0,18.0,12.0,8.0,5.0,8.0
2023-404,Indian Wells Masters,Hard,128,M,O,20230306,23,H0BH,,Q,Rinky Hijikata,R,178.0,AUS,22.029,130.0,451.0,Y268,,,Mikael Ymer,R,185.0,SWE,24.487,57.0,851.0,6-4 7-5,3,R128,126.0,0.0,4.0,80.0,49.0,27.0,19.0,11.0,6.0,10.0,0.0,3.0,84.0,66.0,34.0,7.0,11.0,10.0,16.0
2023-404,Indian Wells Masters,Hard,128,M,O,20230306,24,S0S1,,,Ben Shelton,L,193.0,USA,20.405,41.0,964.0,F510,,,Fabio Fognini,R,178.0,ITA,35.784,88.0,643.0,6-4 6-1,3,R128,70.0,5.0,5.0,63.0,43.0,28.0,11.0,9.0,4.0,5.0,1.0,4.0,38.0,21.0,13.0,6.0,8.0,3.0,7.0
2023-404,Indian Wells Masters,Hard,128,M,O,20230306,25,MO44,,,Pedro Martinez,R,185.0,ESP,25.859,120.0,476.0,HH06,,,Marc-Andrea Huesler,L,196.0,SUI,26.697,51.0,890.0,7-6(4) 3-6 6-4,3,R128,140.0,1.0,6.0,97.0,54.0,38.0,29.0,16.0,1.0,4.0,16.0,5.0,92.0,48.0,39.0,19.0,15.0,1.0,3.0
2023-404,Indian Wells Masters,Hard,128,M,O,20230306,26,SM25,,WC,Jack Sock,R,191.0,USA,30.445,154.0,385.0,BK24,,,Gregoire Barrere,R,183.0,FRA,29.049,65.0,799.0,6-4 6-2,3,R128,83.0,2.0,2.0,61.0,38.0,29.0,14.0,9.0,2.0,2.0,4.0,3.0,64.0,33.0,19.0,16.0,9.0,3.0,6.0
2023-404,Indian Wells Masters,Hard,128,M,O,20230306,27,SL28,,Q,Jan-Lennard Struff,R,193.0,GER,32.862,134.0,446.0,HB64,,,Quentin Halys,R,191.0,FRA,26.357,81.0,661.0,1-6 6-3 6-3,3,R128,101.0,5.0,3.0,79.0,39.0,25.0,24.0,12.0,7.0,9.0,10.0,6.0,75.0,44.0,35.0,14.0,13.0,4.0,7.0
2023-404,Indian Wells Masters,Hard,128,M,O,20230306,28,P09Z,,LL,Alexei Popyrin,R,196.0,AUS,23.584,101.0,556.0,Z371,,Q,Zhizhen Zhang,R,193.0,CHN,26.385,93.0,580.0,6-4 5-7 6-1,3,R128,125.0,14.0,3.0,103.0,62.0,49.0,18.0,15.0,8.0,10.0,5.0,4.0,78.0,52.0,33.0,14.0,14.0,6.0,10.0
2023-404,Indian Wells Masters,Hard,128,M,O,20230306,29,MC10,,,Andy Murray,R,191.0,GBR,35.808,55.0,855.0,EA24,,,Tomas Martin Etcheverry,R,196.0,ARG,23.633,61.0,822.0,6-7(5) 6-1 6-4,3,R128,192.0,6.0,3.0,100.0,64.0,43.0,24.0,15.0,4.0,5.0,9.0,4.0,116.0,71.0,49.0,17.0,14.0,16.0,20.0
2023-404,Indian Wells Masters,Hard,128,M,O,20230306,30,D0CO,,,Jack Draper,L,193.0,GBR,21.202,56.0,854.0,R0FS,,Q,Leandro Riedi,R,191.0,SUI,21.103,135.0,445.0,6-1 6-1,3,R128,56.0,8.0,1.0,36.0,23.0,20.0,6.0,7.0,1.0,2.0,2.0,5.0,46.0,23.0,9.0,8.0,7.0,1.0,7.0
2023-404,Indian Wells Masters,Hard,128,M,O,20230306,31,PC11,,PR,Guido Pella,L,183.0,ARG,32.802,739.0,30.0,MJ08,,,Thiago Monteiro,L,183.0,BRA,28.764,78.0,676.0,3-6 7-5 6-2,3,R128,154.0,4.0,4.0,93.0,57.0,39.0,18.0,15.0,5.0,8.0,14.0,3.0,98.0,59.0,40.0,18.0,14.0,10.0,14.0
2023-404,Indian Wells Masters,Hard,128,M,O,20230306,32,KD46,,Q,Thanasi Kokkinakis,R,193.0,AUS,26.902,94.0,577.0,H09P,,WC,Brandon Holt,R,185.0,USA,24.914,193.0,309.0,6-4 6-1,3,R128,75.0,9.0,0.0,34.0,18.0,18.0,14.0,8.0,0.0,0.0,1.0,0.0,68.0,40.0,21.0,13.0,9.0,6.0,10.0
2023-404,Indian Wells Masters,Hard,128,M,O,20230306,33,TC61,,,Jordan Thompson,R,183.0,AUS,28.876,87.0,647.0,TE51,2.0,,Stefanos Tsitsipas,R,193.0,GRE,24.564,3.0,5805.0,7-6(0) 4-6 7-6(5),3,R64,156.0,11.0,0.0,107.0,71.0,55.0,23.0,17.0,3.0,5.0,8.0,3.0,101.0,66.0,55.0,18.0,17.0,4.0,5.0
2023-404,Indian Wells Masters,Hard,128,M,O,20230306,34,TE30,,Q,Alejandro Tabilo,L,188.0,CHI,25.758,187.0,314.0,C0BC,32.0,,Maxime Cressy,R,201.0,USA,25.826,37.0,1016.0,7-6(3) 7-6(13),3,R64,146.0,10.0,1.0,86.0,60.0,47.0,19.0,12.0,4.0,4.0,28.0,18.0,94.0,44.0,35.0,28.0,12.0,2.0,2.0
2023-404,Indian Wells Masters,Hard,128,M,O,20230306,35,KB95,,,Jason Kubler,R,178.0,AUS,29.796,75.0,710.0,D875,21.0,,Grigor Dimitrov,R,191.0,BUL,31.806,25.0,1620.0,2-6 7-6(5) 3-0 RET,3,R64,111.0,6.0,3.0,83.0,42.0,34.0,23.0,12.0,3.0,5.0,16.0,3.0,65.0,43.0,38.0,9.0,11.0,4.0,5.0
2023-404,Indian Wells Masters,Hard,128,M,O,20230306,36,TD51,14.0,,Frances Tiafoe,R,188.0,USA,25.123,16.0,2395.0,GC88,,,Marcos Giron,R,180.0,USA,29.615,73.0,731.0,6-2 6-2,3,R64,65.0,4.0,0.0,42.0,25.0,22.0,11.0,8.0,0.0,0.0,2.0,0.0,52.0,33.0,17.0,11.0,8.0,7.0,11.0
2023-404,Indian Wells Masters,Hard,128,M,O,20230306,37,N771,10.0,,Cameron Norrie,L,188.0,GBR,27.535,12.0,2815.0,W857,,Q,Tung-Lin Wu,R,188.0,TPE,24.816,175.0,333.0,6-2 6-4,3,R64,73.0,4.0,2.0,51.0,31.0,25.0,12.0,9.0,3.0,4.0,1.0,1.0,51.0,31.0,16.0,9.0,9.0,4.0,8.0
2023-404,Indian Wells Masters,Hard,128,M,O,20230306,38,DA81,,Q,Taro Daniel,R,191.0,JPN,30.103,103.0,548.0,BK40,20.0,,Matteo Berrettini,R,196.0,ITA,26.897,23.0,1780.0,7-6(5) 0-6 6-3,3,R64,159.0,0.0,3.0,87.0,51.0,29.0,21.0,14.0,3.0,7.0,9.0,1.0,91.0,50.0,39.0,18.0,13.0,5.0,7.0
2023-404,Indian Wells Masters,Hard,128,M,O,20230306,39,HH26,,,Ugo Humbert,L,188.0,FRA,24.693,77.0,678.0,SU55,25.0,,Denis Shapovalov,L,185.0,CAN,23.89,30.0,1380.0,7-5 6-4,3,R64,114.0,5.0,3.0,73.0,44.0,29.0,16.0,11.0,4.0,6.0,6.0,14.0,78.0,42.0,23.0,20.0,11.0,7.0,11.0
2023-404,Indian Wells Masters,Hard,128,M,O,20230306,40,RE44,6.0,,Andrey Rublev,R,188.0,RUS,25.374,7.0,3660.0,L0BV,,,Jiri Lehecka,R,185.0,CZE,21.322,47.0,932.0,6-4 6-2,3,R64,76.0,5.0,0.0,50.0,29.0,22.0,13.0,9.0,4.0,5.0,1.0,4.0,67.0,39.0,26.0,10.0,9.0,5.0,9.0
2023-404,Indian Wells Masters,Hard,128,M,O,20230306,41,RH16,3.0,,Casper Ruud,R,183.0,NOR,24.203,4.0,5560.0,SM37,,,Diego Schwartzman,R,170.0,ARG,30.552,38.0,1010.0,6-2 6-3,3,R64,88.0,1.0,1.0,50.0,33.0,27.0,11.0,9.0,1.0,1.0,2.0,1.0,57.0,31.0,21.0,11.0,8.0,2.0,5.0
2023-404,Indian Wells Masters,Hard,128,M,O,20230306,42,GD64,,Q,Cristian Garin,R,185.0,CHI,26.765,97.0,566.0,N732,29.0,,Yoshihito Nishioka,L,170.0,JPN,27.439,34.0,1142.0,6-4 6-0,3,R64,64.0,8.0,1.0,47.0,32.0,26.0,8.0,8.0,0.0,0.0,1.0,3.0,49.0,32.0,17.0,10.0,8.0,4.0,8.0
2023-404,Indian Wells Masters,Hard,128,M,O,20230306,43,DH50,23.0,,Alejandro Davidovich Fokina,R,180.0,ESP,23.751,28.0,1390.0,WB32,,WC,Yibing Wu,R,183.0,CHN,23.392,67.0,793.0,6-4 6-1,3,R64,103.0,0.0,1.0,48.0,24.0,21.0,16.0,9.0,0.0,0.0,4.0,0.0,69.0,40.0,27.0,10.0,8.0,2.0,5.0
2023-404,Indian Wells Masters,Hard,128,M,O,20230306,44,KE29,13.0,,Karen Khachanov,R,198.0,RUS,26.79,15.0,2470.0,O449,,,Oscar Otte,R,193.0,GER,29.637,82.0,656.0,6-3 6-3,3,R64,76.0,5.0,0.0,55.0,35.0,22.0,13.0,9.0,2.0,3.0,4.0,3.0,57.0,25.0,13.0,16.0,9.0,2.0,6.0
2023-404,Indian Wells Masters,Hard,128,M,O,20230306,45,Z355,12.0,,Alexander Zverev,R,198.0,GER,25.875,14.0,2500.0,CG04,,,Pedro Cachin,R,185.0,ARG,27.899,66.0,797.0,6-3 6-1,3,R64,78.0,7.0,1.0,48.0,28.0,23.0,12.0,8.0,2.0,2.0,3.0,1.0,58.0,36.0,21.0,7.0,8.0,2.0,6.0
2023-404,Indian Wells Masters,Hard,128,M,O,20230306,46,RH24,,,Emil Ruusuvuori,R,188.0,FIN,23.926,59.0,846.0,BD06,22.0,,Roberto Bautista Agut,R,183.0,ESP,34.891,27.0,1465.0,7-6(5) 6-2,3,R64,105.0,6.0,1.0,62.0,39.0,31.0,13.0,10.0,1.0,2.0,2.0,2.0,67.0,36.0,25.0,15.0,10.0,1.0,4.0
2023-404,Indian Wells Masters,Hard,128,M,O,20230306,47,I305,,,Ilya Ivashka,R,193.0,BLR,29.027,85.0,651.0,V812,28.0,,Botic van de Zandschulp,R,191.0,NED,27.42,33.0,1205.0,7-5 3-2 RET,3,R64,115.0,2.0,2.0,65.0,41.0,27.0,14.0,8.0,4.0,5.0,2.0,2.0,68.0,44.0,28.0,11.0,9.0,5.0,8.0
2023-404,Indian Wells Masters,Hard,128,M,O,20230306,48,MM58,5.0,,Daniil Medvedev,R,198.0,RUS,27.064,6.0,3775.0,N0AE,,,Brandon Nakashima,R,188.0,USA,21.588,48.0,927.0,6-4 6-3,3,R64,86.0,6.0,2.0,56.0,33.0,24.0,16.0,9.0,6.0,6.0,7.0,1.0,61.0,44.0,29.0,5.0,10.0,4.0,7.0
2023-404,Indian Wells Masters,Hard,128,M,O,20230306,49,R0DG,7.0,,Holger Rune,R,188.0,DEN,19.852,8.0,3321.0,MK66,,,Mackenzie McDonald,R,178.0,USA,27.888,53.0,865.0,7-5 6-3,3,R64,80.0,3.0,3.0,64.0,42.0,33.0,14.0,11.0,0.0,0.0,2.0,1.0,51.0,31.0,22.0,13.0,10.0,3.0,5.0
2023-404,Indian Wells Masters,Hard,128,M,O,20230306,50,W367,,PR,Stan Wawrinka,R,183.0,SUI,37.938,100.0,557.0,KI95,26.0,,Miomir Kecmanovic,R,183.0,SRB,23.513,31.0,1290.0,7-6(8) 6-4,3,R64,105.0,13.0,3.0,65.0,34.0,30.0,19.0,11.0,1.0,2.0,4.0,3.0,78.0,44.0,30.0,17.0,11.0,3.0,5.0
2023-404,Indian Wells Masters,Hard,128,M,O,20230306,51,ME82,,,Adrian Mannarino,L,180.0,FRA,34.683,68.0,791.0,M0EJ,19.0,,Lorenzo Musetti,R,185.0,ITA,21.008,21.0,1855.0,6-4 6-4,3,R64,136.0,3.0,1.0,93.0,59.0,38.0,16.0,10.0,9.0,11.0,3.0,1.0,68.0,36.0,23.0,12.0,10.0,4.0,8.0
2023-404,Indian Wells Masters,Hard,128,M,O,20230306,52,S0AG,11.0,,Jannik Sinner,R,191.0,ITA,21.552,13.0,2655.0,G628,,,Richard Gasquet,R,183.0,FRA,36.715,43.0,955.0,6-3 7-6(2),3,R64,94.0,9.0,1.0,66.0,35.0,31.0,17.0,11.0,1.0,2.0,5.0,4.0,66.0,38.0,29.0,11.0,10.0,2.0,4.0
2023-404,Indian Wells Masters,Hard,128,M,O,20230306,53,F724,,,Marton Fucsovics,R,188.0,HUN,31.072,84.0,652.0,DH58,16.0,,Alex de Minaur,R,183.0,AUS,24.047,18.0,2165.0,6-4 6-2,3,R64,87.0,4.0,0.0,53.0,38.0,23.0,7.0,9.0,1.0,4.0,1.0,6.0,60.0,27.0,20.0,6.0,9.0,2.0,8.0
2023-404,Indian Wells Masters,Hard,128,M,O,20230306,54,MV14,,,Alex Molcan,L,178.0,SVK,25.259,63.0,820.0,CG80,18.0,,Borna Coric,R,188.0,CRO,26.305,20.0,1905.0,6-3 6-3,3,R64,109.0,1.0,5.0,81.0,52.0,35.0,13.0,9.0,8.0,9.0,3.0,3.0,62.0,36.0,21.0,11.0,9.0,5.0,9.0
2023-404,Indian Wells Masters,Hard,128,M,O,20230306,55,B0BI,30.0,,Sebastian Baez,R,170.0,ARG,22.185,35.0,1135.0,H0BH,,Q,Rinky Hijikata,R,178.0,AUS,22.029,130.0,451.0,6-3 6-1,3,R64,64.0,1.0,0.0,40.0,35.0,27.0,2.0,8.0,0.0,1.0,1.0,3.0,48.0,29.0,17.0,5.0,8.0,3.0,8.0
2023-404,Indian Wells Masters,Hard,128,M,O,20230306,56,FB98,4.0,,Taylor Fritz,R,196.0,USA,25.352,5.0,3795.0,S0S1,,,Ben Shelton,L,193.0,USA,20.405,41.0,964.0,4-6 6-4 6-3,3,R64,112.0,4.0,0.0,74.0,43.0,34.0,26.0,15.0,0.0,1.0,4.0,2.0,82.0,48.0,41.0,16.0,14.0,2.0,4.0
2023-404,Indian Wells Masters,Hard,128,M,O,20230306,57,AG37,8.0,,Felix Auger-Aliassime,R,193.0,CAN,22.574,10.0,3245.0,MO44,,,Pedro Martinez,R,185.0,ESP,25.859,120.0,476.0,7-6(5) 6-4,3,R64,145.0,10.0,4.0,68.0,33.0,27.0,20.0,11.0,0.0,1.0,0.0,4.0,106.0,72.0,42.0,19.0,11.0,15.0,17.0
2023-404,Indian Wells Masters,Hard,128,M,O,20230306,58,C0AU,27.0,,Francisco Cerundolo,R,185.0,ARG,24.561,32.0,1275.0,SM25,,WC,Jack Sock,R,191.0,USA,30.445,154.0,385.0,4-6 6-3 6-4,3,R64,134.0,4.0,3.0,87.0,52.0,35.0,22.0,15.0,2.0,4.0,10.0,8.0,93.0,55.0,38.0,20.0,14.0,3.0,6.0
2023-404,Indian Wells Masters,Hard,128,M,O,20230306,59,PL56,17.0,,Tommy Paul,R,185.0,USA,25.802,19.0,2000.0,SL28,,Q,Jan-Lennard Struff,R,193.0,GER,32.862,134.0,446.0,6-3 6-3,3,R64,79.0,6.0,0.0,52.0,37.0,24.0,13.0,9.0,3.0,4.0,3.0,4.0,64.0,36.0,25.0,9.0,9.0,8.0,12.0
2023-404,Indian Wells Masters,Hard,128,M,O,20230306,60,HB71,9.0,,Hubert Hurkacz,R,196.0,POL,26.062,11.0,3110.0,P09Z,,LL,Alexei Popyrin,R,196.0,AUS,23.584,101.0,556.0,6-3 6-3,3,R64,73.0,9.0,1.0,61.0,40.0,30.0,13.0,9.0,2.0,2.0,2.0,3.0,51.0,30.0,22.0,9.0,9.0,4.0,7.0
2023-404,Indian Wells Masters,Hard,128,M,O,20230306,61,MC10,,,Andy Murray,R,191.0,GBR,35.808,55.0,855.0,A829,,LL,Radu Albot,R,175.0,MDA,33.314,109.0,522.0,6-4 6-3,3,R64,101.0,6.0,0.0,51.0,35.0,29.0,11.0,10.0,0.0,0.0,1.0,0.0,70.0,40.0,24.0,16.0,9.0,9.0,11.0
2023-404,Indian Wells Masters,Hard,128,M,O,20230306,62,D0CO,,,Jack Draper,L,193.0,GBR,21.202,56.0,854.0,E687,24.0,,Daniel Evans,R,175.0,GBR,32.786,29.0,1380.0,6-4 6-2,3,R64,120.0,8.0,6.0,79.0,45.0,31.0,16.0,9.0,10.0,11.0,2.0,5.0,60.0,28.0,17.0,15.0,9.0,6.0,10.0
2023-404,Indian Wells Masters,Hard,128,M,O,20230306,63,GJ37,31.0,,Tallon Griekspoor,R,188.0,NED,26.675,36.0,1034.0,PC11,,PR,Guido Pella,L,183.0,ARG,32.802,739.0,30.0,7-6(3) 7-6(4),3,R64,111.0,14.0,3.0,82.0,56.0,43.0,11.0,12.0,0.0,2.0,2.0,1.0,77.0,43.0,30.0,17.0,12.0,2.0,4.0
2023-404,Indian Wells Masters,Hard,128,M,O,20230306,64,A0E2,1.0,,Carlos Alcaraz,R,183.0,ESP,19.836,2.0,6780.0,KD46,,Q,Thanasi Kokkinakis,R,193.0,AUS,26.902,94.0,577.0,6-3 6-3,3,R64,76.0,1.0,1.0,44.0,28.0,23.0,14.0,9.0,0.0,0.0,6.0,2.0,59.0,34.0,23.0,12.0,9.0,6.0,9.0
2023-404,Indian Wells Masters,Hard,128,M,O,20230306,65,TE30,,Q,Alejandro Tabilo,L,188.0,CHI,25.758,187.0,314.0,TC61,,,Jordan Thompson,R,183.0,AUS,28.876,87.0,647.0,6-3 7-6(6),3,R32,106.0,7.0,5.0,92.0,60.0,45.0,13.0,11.0,7.0,8.0,5.0,2.0,58.0,34.0,22.0,14.0,10.0,0.0,2.0
2023-404,Indian Wells Masters,Hard,128,M,O,20230306,66,TD51,14.0,,Frances Tiafoe,R,188.0,USA,25.123,16.0,2395.0,KB95,,,Jason Kubler,R,178.0,AUS,29.796,75.0,710.0,6-3 6-2,3,R32,71.0,9.0,1.0,59.0,43.0,33.0,8.0,9.0,1.0,1.0,1.0,1.0,42.0,22.0,19.0,5.0,8.0,1.0,4.0
2023-404,Indian Wells Masters,Hard,128,M,O,20230306,67,N771,10.0,,Cameron Norrie,L,188.0,GBR,27.535,12.0,2815.0,DA81,,Q,Taro Daniel,R,191.0,JPN,30.103,103.0,548.0,6-7(5) 7-5 6-2,3,R32,161.0,11.0,1.0,98.0,68.0,51.0,12.0,16.0,1.0,5.0,8.0,4.0,105.0,66.0,39.0,17.0,16.0,3.0,10.0
2023-404,Indian Wells Masters,Hard,128,M,O,20230306,68,RE44,6.0,,Andrey Rublev,R,188.0,RUS,25.374,7.0,3660.0,HH26,,,Ugo Humbert,L,188.0,FRA,24.693,77.0,678.0,7-5 6-3,3,R32,82.0,4.0,0.0,52.0,40.0,31.0,7.0,10.0,0.0,1.0,4.0,4.0,68.0,30.0,23.0,17.0,11.0,2.0,6.0
2023-404,Indian Wells Masters,Hard,128,M,O,20230306,69,GD64,,Q,Cristian Garin,R,185.0,CHI,26.765,97.0,566.0,RH16,3.0,,Casper Ruud,R,183.0,NOR,24.203,4.0,5560.0,6-4 7-6(2),3,R32,118.0,5.0,3.0,78.0,45.0,36.0,17.0,11.0,3.0,4.0,3.0,2.0,80.0,48.0,33.0,17.0,11.0,5.0,7.0
2023-404,Indian Wells Masters,Hard,128,M,O,20230306,70,DH50,23.0,,Alejandro Davidovich Fokina,R,180.0,ESP,23.751,28.0,1390.0,KE29,13.0,,Karen Khachanov,R,198.0,RUS,26.79,15.0,2470.0,6-3 1-6 6-4,3,R32,137.0,3.0,5.0,83.0,43.0,27.0,21.0,13.0,6.0,10.0,4.0,1.0,93.0,58.0,38.0,16.0,13.0,7.0,11.0
2023-404,Indian Wells Masters,Hard,128,M,O,20230306,71,Z355,12.0,,Alexander Zverev,R,198.0,GER,25.875,14.0,2500.0,RH24,,,Emil Ruusuvuori,R,188.0,FIN,23.926,59.0,846.0,7-5 1-6 7-5,3,R32,160.0,8.0,1.0,101.0,62.0,41.0,21.0,15.0,9.0,13.0,4.0,1.0,94.0,65.0,49.0,13.0,16.0,9.0,13.0
2023-404,Indian Wells Masters,Hard,128,M,O,20230306,72,MM58,5.0,,Daniil Medvedev,R,198.0,RUS,27.064,6.0,3775.0,I305,,,Ilya Ivashka,R,193.0,BLR,29.027,85.0,651.0,6-2 3-6 6-1,3,R32,105.0,8.0,6.0,76.0,47.0,35.0,14.0,12.0,5.0,7.0,1.0,4.0,68.0,46.0,30.0,8.0,12.0,8.0,13.0
2023-404,Indian Wells Masters,Hard,128,M,O,20230306,73,W367,,PR,Stan Wawrinka,R,183.0,SUI,37.938,100.0,557.0,R0DG,7.0,,Holger Rune,R,188.0,DEN,19.852,8.0,3321.0,6-2 6-7(5) 7-5,3,R32,160.0,12.0,1.0,102.0,58.0,43.0,27.0,16.0,6.0,8.0,6.0,6.0,110.0,61.0,39.0,23.0,16.0,3.0,8.0
2023-404,Indian Wells Masters,Hard,128,M,O,20230306,74,S0AG,11.0,,Jannik Sinner,R,191.0,ITA,21.552,13.0,2655.0,ME82,,,Adrian Mannarino,L,180.0,FRA,34.683,68.0,791.0,7-6(7) 6-4,3,R32,107.0,6.0,4.0,61.0,33.0,27.0,22.0,11.0,0.0,0.0,1.0,2.0,72.0,38.0,27.0,21.0,11.0,1.0,2.0
2023-404,Indian Wells Masters,Hard,128,M,O,20230306,75,F724,,,Marton Fucsovics,R,188.0,HUN,31.072,84.0,652.0,MV14,,,Alex Molcan,L,178.0,SVK,25.259,63.0,820.0,6-4 6-2,3,R32,78.0,1.0,0.0,42.0,24.0,22.0,14.0,9.0,0.0,0.0,0.0,2.0,51.0,30.0,24.0,8.0,9.0,3.0,6.0
2023-404,Indian Wells Masters,Hard,128,M,O,20230306,76,FB98,4.0,,Taylor Fritz,R,196.0,USA,25.352,5.0,3795.0,B0BI,30.0,,Sebastian Baez,R,170.0,ARG,22.185,35.0,1135.0,6-1 6-2,3,R32,70.0,4.0,2.0,42.0,24.0,21.0,5.0,8.0,2.0,4.0,0.0,1.0,49.0,32.0,15.0,4.0,7.0,6.0,12.0
2023-404,Indian Wells Masters,Hard,128,M,O,20230306,77,AG37,8.0,,Felix Auger-Aliassime,R,193.0,CAN,22.574,10.0,3245.0,C0AU,27.0,,Francisco Cerundolo,R,185.0,ARG,24.561,32.0,1275.0,7-5 6-4,3,R32,130.0,6.0,8.0,83.0,41.0,31.0,21.0,11.0,5.0,7.0,2.0,3.0,63.0,43.0,30.0,8.0,11.0,4.0,8.0
2023-404,Indian Wells Masters,Hard,128,M,O,20230306,78,PL56,17.0,,Tommy Paul,R,185.0,USA,25.802,19.0,2000.0,HB71,9.0,,Hubert Hurkacz,R,196.0,POL,26.062,11.0,3110.0,4-6 6-2 6-4,3,R32,116.0,6.0,5.0,87.0,58.0,47.0,12.0,14.0,6.0,8.0,8.0,3.0,81.0,44.0,33.0,18.0,14.0,6.0,10.0
2023-404,Indian Wells Masters,Hard,128,M,O,20230306,79,D0CO,,,Jack Draper,L,193.0,GBR,21.202,56.0,854.0,MC10,,,Andy Murray,R,191.0,GBR,35.808,55.0,855.0,7-6(6) 6-2,3,R32,123.0,8.0,1.0,65.0,40.0,29.0,17.0,10.0,4.0,5.0,3.0,5.0,76.0,44.0,30.0,15.0,10.0,7.0,10.0
2023-404,Indian Wells Masters,Hard,128,M,O,20230306,80,A0E2,1.0,,Carlos Alcaraz,R,183.0,ESP,19.836,2.0,6780.0,GJ37,31.0,,Tallon Griekspoor,R,188.0,NED,26.675,36.0,1034.0,7-6(4) 6-3,3,R32,101.0,0.0,3.0,72.0,44.0,33.0,19.0,11.0,2.0,2.0,1.0,3.0,69.0,46.0,33.0,12.0,10.0,3.0,4.0
2023-404,Indian Wells Masters,Hard,128,M,O,20230306,81,TD51,14.0,,Frances Tiafoe,R,188.0,USA,25.123,16.0,2395.0,TE30,,Q,Alejandro Tabilo,L,188.0,CHI,25.758,187.0,314.0,6-4 6-4,3,R16,81.0,6.0,4.0,71.0,43.0,33.0,14.0,10.0,5.0,6.0,5.0,1.0,54.0,35.0,25.0,9.0,10.0,0.0,3.0
2023-404,Indian Wells Masters,Hard,128,M,O,20230306,82,N771,10.0,,Cameron Norrie,L,188.0,GBR,27.535,12.0,2815.0,RE44,6.0,,Andrey Rublev,R,188.0,RUS,25.374,7.0,3660.0,6-2 6-4,3,R16,78.0,2.0,2.0,55.0,33.0,26.0,9.0,9.0,3.0,5.0,8.0,2.0,52.0,26.0,19.0,8.0,9.0,0.0,5.0
2023-404,Indian Wells Masters,Hard,128,M,O,20230306,83,DH50,23.0,,Alejandro Davidovich Fokina,R,180.0,ESP,23.751,28.0,1390.0,GD64,,Q,Cristian Garin,R,185.0,CHI,26.765,97.0,566.0,6-3 6-4,3,R16,84.0,5.0,0.0,57.0,31.0,22.0,15.0,10.0,1.0,3.0,1.0,2.0,56.0,36.0,23.0,8.0,9.0,1.0,5.0
2023-404,Indian Wells Masters,Hard,128,M,O,20230306,84,MM58,5.0,,Daniil Medvedev,R,198.0,RUS,27.064,6.0,3775.0,Z355,12.0,,Alexander Zverev,R,198.0,GER,25.875,14.0,2500.0,6-7(5) 7-6(5) 7-5,3,R16,197.0,12.0,5.0,131.0,87.0,65.0,24.0,18.0,15.0,17.0,7.0,3.0,124.0,93.0,66.0,17.0,18.0,5.0,8.0
2023-404,Indian Wells Masters,Hard,128,M,O,20230306,85,S0AG,11.0,,Jannik Sinner,R,191.0,ITA,21.552,13.0,2655.0,W367,,PR,Stan Wawrinka,R,183.0,SUI,37.938,100.0,557.0,6-1 6-4,3,R16,98.0,5.0,0.0,64.0,31.0,21.0,20.0,9.0,8.0,9.0,1.0,1.0,63.0,34.0,20.0,11.0,8.0,10.0,14.0
2023-404,Indian Wells Masters,Hard,128,M,O,20230306,86,FB98,4.0,,Taylor Fritz,R,196.0,USA,25.352,5.0,3795.0,F724,,,Marton Fucsovics,R,188.0,HUN,31.072,84.0,652.0,6-4 6-3,3,R16,101.0,2.0,4.0,79.0,48.0,33.0,17.0,10.0,3.0,4.0,4.0,1.0,54.0,31.0,23.0,8.0,9.0,2.0,5.0
2023-404,Indian Wells Masters,Hard,128,M,O,20230306,87,AG37,8.0,,Felix Auger-Aliassime,R,193.0,CAN,22.574,10.0,3245.0,PL56,17.0,,Tommy Paul,R,185.0,USA,25.802,19.0,2000.0,3-6 6-3 7-6(6),3,R16,166.0,12.0,7.0,95.0,55.0,43.0,21.0,15.0,7.0,9.0,0.0,4.0,105.0,72.0,50.0,17.0,15.0,6.0,8.0
2023-404,Indian Wells Masters,Hard,128,M,O,20230306,88,A0E2,1.0,,Carlos Alcaraz,R,183.0,ESP,19.836,2.0,6780.0,D0CO,,,Jack Draper,L,193.0,GBR,21.202,56.0,854.0,6-2 2-0 RET,3,R16,46.0,3.0,0.0,27.0,20.0,16.0,6.0,5.0,3.0,3.0,1.0,1.0,34.0,22.0,11.0,4.0,5.0,2.0,5.0
2023-404,Indian Wells Masters,Hard,128,M,O,20230306,89,TD51,14.0,,Frances Tiafoe,R,188.0,USA,25.123,16.0,2395.0,N771,10.0,,Cameron Norrie,L,188.0,GBR,27.535,12.0,2815.0,6-4 6-4,3,QF,99.0,4.0,2.0,58.0,31.0,24.0,15.0,10.0,5.0,7.0,7.0,3.0,59.0,32.0,23.0,11.0,10.0,5.0,9.0
2023-404,Indian Wells Masters,Hard,128,M,O,20230306,90,MM58,5.0,,Daniil Medvedev,R,198.0,RUS,27.064,6.0,3775.0,DH50,23.0,,Alejandro Davidovich Fokina,R,180.0,ESP,23.751,28.0,1390.0,6-3 7-5,3,QF,106.0,4.0,7.0,70.0,39.0,33.0,17.0,11.0,6.0,6.0,1.0,0.0,75.0,53.0,34.0,11.0,10.0,5.0,7.0
2023-404,Indian Wells Masters,Hard,128,M,O,20230306,91,S0AG,11.0,,Jannik Sinner,R,191.0,ITA,21.552,13.0,2655.0,FB98,4.0,,Taylor Fritz,R,196.0,USA,25.352,5.0,3795.0,6-4 4-6 6-4,3,QF,137.0,5.0,1.0,88.0,56.0,45.0,15.0,15.0,1.0,3.0,4.0,0.0,92.0,50.0,35.0,23.0,15.0,6.0,9.0
2023-404,Indian Wells Masters,Hard,128,M,O,20230306,92,A0E2,1.0,,Carlos Alcaraz,R,183.0,ESP,19.836,2.0,6780.0,AG37,8.0,,Felix Auger-Aliassime,R,193.0,CAN,22.574,10.0,3245.0,6-4 6-4,3,QF,120.0,2.0,2.0,58.0,36.0,29.0,13.0,10.0,3.0,4.0,6.0,6.0,82.0,46.0,32.0,15.0,10.0,9.0,12.0
2023-404,Indian Wells Masters,Hard,128,M,O,20230306,93,MM58,5.0,,Daniil Medvedev,R,198.0,RUS,27.064,6.0,3775.0,TD51,14.0,,Frances Tiafoe,R,188.0,USA,25.123,16.0,2395.0,7-5 7-6(4),3,SF,106.0,9.0,2.0,75.0,44.0,35.0,20.0,12.0,1.0,3.0,3.0,1.0,75.0,44.0,31.0,15.0,12.0,8.0,11.0
2023-404,Indian Wells Masters,Hard,128,M,O,20230306,94,A0E2,1.0,,Carlos Alcaraz,R,183.0,ESP,19.836,2.0,6780.0,S0AG,11.0,,Jannik Sinner,R,191.0,ITA,21.552,13.0,2655.0,7-6(4) 6-3,3,SF,112.0,5.0,1.0,72.0,52.0,38.0,9.0,11.0,1.0,2.0,4.0,4.0,72.0,36.0,28.0,17.0,10.0,4.0,6.0
2023-404,Indian Wells Masters,Hard,128,M,O,20230306,95,A0E2,1.0,,Carlos Alcaraz,R,183.0,ESP,19.836,2.0,6780.0,MM58,5.0,,Daniil Medvedev,R,198.0,RUS,27.064,6.0,3775.0,6-3 6-2,3,F,70.0,1.0,0.0,49.0,37.0,30.0,7.0,9.0,0.0,0.0,0.0,2.0,48.0,31.0,19.0,7.0,8.0,0.0,3.0
2023-403,Miami Masters,Hard,128,M,O,20230320,1,G628,,,Richard Gasquet,R,183.0,FRA,36.753,40.0,960.0,O483,,LL,Christopher O'Connell,R,183.0,AUS,28.794,86.0,649.0,6-4 3-6 6-1,3,R128,108.0,9.0,3.0,76.0,51.0,43.0,13.0,13.0,4.0,5.0,12.0,0.0,71.0,46.0,35.0,11.0,13.0,2.0,5.0
2023-403,Miami Masters,Hard,128,M,O,20230320,2,GD64,,Q,Cristian Garin,R,185.0,CHI,26.804,82.0,672.0,GC88,,,Marcos Giron,R,180.0,USA,29.654,71.0,746.0,6-4 2-6 6-4,3,R128,125.0,3.0,3.0,89.0,52.0,39.0,20.0,14.0,7.0,9.0,12.0,0.0,83.0,58.0,42.0,15.0,14.0,6.0,8.0
2023-403,Miami Masters,Hard,128,M,O,20230320,3,L0BV,,,Jiri Lehecka,R,185.0,CZE,21.361,44.0,941.0,CE77,,,Federico Coria,R,180.0,ARG,31.028,67.0,795.0,6-3 6-4,3,R128,63.0,9.0,2.0,51.0,35.0,32.0,8.0,10.0,0.0,0.0,6.0,2.0,50.0,31.0,23.0,10.0,9.0,3.0,5.0
2023-403,Miami Masters,Hard,128,M,O,20230320,4,EA24,,,Tomas Martin Etcheverry,R,196.0,ARG,23.671,73.0,734.0,K09F,,Q,Pavel Kotov,R,191.0,RUS,24.334,117.0,490.0,6-2 6-2,3,R128,80.0,6.0,2.0,45.0,29.0,25.0,8.0,8.0,0.0,0.0,2.0,3.0,53.0,35.0,22.0,6.0,8.0,4.0,8.0
2023-403,Miami Masters,Hard,128,M,O,20230320,5,WB08,,Q,Yosuke Watanuki,R,180.0,JPN,24.936,123.0,474.0,PD31,,Q,Benoit Paire,R,196.0,FRA,33.864,170.0,351.0,6-4 7-5,3,R128,95.0,10.0,2.0,56.0,31.0,22.0,17.0,11.0,2.0,4.0,7.0,11.0,92.0,51.0,36.0,14.0,11.0,11.0,15.0
2023-403,Miami Masters,Hard,128,M,O,20230320,6,SU87,,,Lorenzo Sonego,R,191.0,ITA,27.858,59.0,835.0,TB69,,WC,Dominic Thiem,R,185.0,AUT,29.541,106.0,530.0,7-6(7) 6-2,3,R128,116.0,6.0,0.0,65.0,38.0,32.0,16.0,10.0,1.0,2.0,1.0,1.0,71.0,37.0,27.0,17.0,10.0,4.0,7.0
2023-403,Miami Masters,Hard,128,M,O,20230320,7,K0AZ,,LL,Aleksandar Kovacevic,R,183.0,USA,24.556,102.0,546.0,MU94,,,Jaume Munar,R,183.0,ESP,25.873,66.0,796.0,7-6(4) 2-6 6-1,3,R128,121.0,8.0,1.0,94.0,53.0,42.0,24.0,14.0,4.0,6.0,3.0,1.0,71.0,49.0,35.0,14.0,13.0,0.0,2.0
2023-403,Miami Masters,Hard,128,M,O,20230320,8,MJ08,,,Thiago Monteiro,L,183.0,BRA,28.802,81.0,680.0,KB95,,,Jason Kubler,R,178.0,AUS,29.834,70.0,748.0,6-4 7-6(6),3,R128,100.0,9.0,2.0,66.0,50.0,42.0,8.0,11.0,1.0,1.0,9.0,2.0,66.0,42.0,36.0,10.0,11.0,0.0,1.0
2023-403,Miami Masters,Hard,128,M,O,20230320,9,CF59,,,Roberto Carballes Baena,R,183.0,ESP,29.99,84.0,665.0,Z419,,,Bernabe Zapata Miralles,R,183.0,ESP,26.182,41.0,958.0,6-0 3-0 RET,3,R128,49.0,1.0,3.0,28.0,14.0,11.0,8.0,4.0,4.0,4.0,0.0,3.0,33.0,16.0,7.0,4.0,5.0,3.0,8.0
2023-403,Miami Masters,Hard,128,M,O,20230320,10,MV14,,,Alex Molcan,L,178.0,SVK,25.298,56.0,865.0,TC61,,Q,Jordan Thompson,R,183.0,AUS,28.914,83.0,667.0,6-2 4-6 6-3,3,R128,131.0,3.0,2.0,88.0,67.0,44.0,13.0,14.0,6.0,8.0,4.0,2.0,87.0,42.0,28.0,20.0,13.0,5.0,9.0
2023-403,Miami Masters,Hard,128,M,O,20230320,11,MK66,,,Mackenzie McDonald,R,178.0,USA,27.926,55.0,865.0,GE33,,,Daniel Elahi Galan,R,191.0,COL,26.752,89.0,641.0,6-4 6-2,3,R128,86.0,3.0,4.0,64.0,42.0,30.0,11.0,9.0,9.0,10.0,2.0,1.0,66.0,42.0,28.0,8.0,9.0,5.0,9.0
2023-403,Miami Masters,Hard,128,M,O,20230320,12,HB64,,,Quentin Halys,R,191.0,FRA,26.396,79.0,705.0,MO44,,,Pedro Martinez,R,185.0,ESP,25.897,121.0,476.0,6-2 7-6(4),3,R128,101.0,12.0,1.0,53.0,25.0,23.0,21.0,10.0,1.0,1.0,3.0,2.0,71.0,48.0,32.0,10.0,10.0,1.0,3.0
2023-403,Miami Masters,Hard,128,M,O,20230320,13,BK24,,,Gregoire Barrere,R,183.0,FRA,29.087,65.0,801.0,SX50,,Q,Roman Safiullin,R,185.0,RUS,25.615,104.0,538.0,6-4 3-6 6-3,3,R128,109.0,8.0,3.0,80.0,45.0,33.0,20.0,14.0,2.0,5.0,6.0,7.0,92.0,56.0,36.0,17.0,14.0,6.0,10.0
2023-403,Miami Masters,Hard,128,M,O,20230320,14,E865,,Q,Christopher Eubanks,R,201.0,USA,26.872,119.0,479.0,KB09,,,Denis Kudla,R,180.0,USA,30.587,122.0,475.0,7-6(2) 6-2,3,R128,78.0,6.0,1.0,57.0,42.0,34.0,10.0,10.0,0.0,0.0,3.0,3.0,57.0,36.0,25.0,11.0,10.0,1.0,3.0
2023-403,Miami Masters,Hard,128,M,O,20230320,15,ME82,,,Adrian Mannarino,L,180.0,FRA,34.721,62.0,826.0,S0RE,,WC,Juncheng Shang,L,180.0,CHN,18.125,181.0,323.0,1-6 6-4 6-2,3,R128,115.0,9.0,3.0,70.0,41.0,29.0,16.0,13.0,2.0,5.0,1.0,2.0,75.0,49.0,31.0,14.0,12.0,9.0,12.0
2023-403,Miami Masters,Hard,128,M,O,20230320,16,KD46,,LL,Thanasi Kokkinakis,R,193.0,AUS,26.94,94.0,607.0,BU13,,WC,Zizou Bergs,R,185.0,BEL,23.795,135.0,431.0,4-6 6-3 7-6(7),3,R128,149.0,11.0,1.0,99.0,66.0,49.0,18.0,16.0,3.0,5.0,10.0,2.0,94.0,63.0,46.0,18.0,15.0,2.0,4.0
2023-403,Miami Masters,Hard,128,M,O,20230320,17,W09G,,,J.J. Wolf,R,183.0,USA,24.244,50.0,891.0,BK92,,,Alexander Bublik,R,196.0,KAZ,25.755,48.0,900.0,7-5 6-3,3,R128,78.0,4.0,2.0,61.0,38.0,31.0,10.0,11.0,2.0,4.0,9.0,2.0,51.0,31.0,22.0,6.0,10.0,2.0,6.0
2023-403,Miami Masters,Hard,128,M,O,20230320,18,HH26,,,Ugo Humbert,L,188.0,FRA,24.731,78.0,713.0,MC65,,PR,Gael Monfils,R,193.0,FRA,36.548,280.0,190.0,3-3 RET,3,R128,30.0,1.0,1.0,14.0,9.0,6.0,2.0,3.0,0.0,1.0,1.0,1.0,21.0,11.0,4.0,7.0,3.0,3.0,4.0
2023-403,Miami Masters,Hard,128,M,O,20230320,19,SL28,,Q,Jan-Lennard Struff,R,193.0,GER,32.901,103.0,543.0,F510,,,Fabio Fognini,R,178.0,ITA,35.822,91.0,628.0,6-4 5-7 6-4,3,R128,155.0,10.0,2.0,107.0,56.0,40.0,26.0,16.0,4.0,7.0,9.0,5.0,107.0,65.0,46.0,17.0,16.0,2.0,6.0
2023-403,Miami Masters,Hard,128,M,O,20230320,20,DB63,,,Laslo Djere,R,188.0,SRB,27.797,58.0,845.0,V832,,Q,Aleksandar Vukic,R,188.0,AUS,26.951,168.0,355.0,6-2 7-6(3),3,R128,104.0,13.0,4.0,89.0,56.0,43.0,15.0,10.0,3.0,3.0,9.0,0.0,74.0,48.0,37.0,7.0,10.0,4.0,6.0
2023-403,Miami Masters,Hard,128,M,O,20230320,21,DA81,,WC,Taro Daniel,R,191.0,JPN,30.141,97.0,583.0,RC91,,,Arthur Rinderknech,R,196.0,FRA,27.658,72.0,736.0,4-1 RET,3,R128,25.0,0.0,0.0,13.0,4.0,1.0,8.0,2.0,1.0,1.0,0.0,0.0,16.0,7.0,3.0,4.0,3.0,1.0,3.0
2023-403,Miami Masters,Hard,128,M,O,20230320,22,RH24,,,Emil Ruusuvuori,R,188.0,FIN,23.964,54.0,866.0,BT72,,Q,Nuno Borges,R,185.0,POR,26.078,68.0,787.0,6-1 6-4,3,R128,79.0,4.0,0.0,48.0,28.0,22.0,15.0,9.0,0.0,0.0,2.0,0.0,56.0,25.0,14.0,16.0,8.0,3.0,6.0
2023-403,Miami Masters,Hard,128,M,O,20230320,23,P09Z,,,Alexei Popyrin,R,196.0,AUS,23.622,93.0,611.0,Y268,,,Mikael Ymer,R,185.0,SWE,24.526,53.0,870.0,7-6(5) 4-4 RET,3,R128,106.0,16.0,2.0,69.0,49.0,38.0,12.0,10.0,3.0,3.0,1.0,1.0,65.0,45.0,35.0,11.0,10.0,1.0,1.0
2023-403,Miami Masters,Hard,128,M,O,20230320,24,I305,,,Ilya Ivashka,R,193.0,BLR,29.065,80.0,696.0,AE14,,Q,Daniel Altmaier,R,188.0,GER,24.517,114.0,499.0,6-2 6-1,3,R128,73.0,6.0,0.0,36.0,21.0,19.0,10.0,7.0,0.0,0.0,4.0,3.0,57.0,32.0,18.0,9.0,8.0,1.0,6.0
2023-403,Miami Masters,Hard,128,M,O,20230320,25,F724,,,Marton Fucsovics,R,188.0,HUN,31.11,74.0,732.0,CG04,,,Pedro Cachin,R,185.0,ARG,27.937,63.0,822.0,6-4 7-6(2),3,R128,105.0,9.0,2.0,62.0,38.0,30.0,18.0,11.0,2.0,2.0,5.0,2.0,77.0,53.0,37.0,10.0,11.0,3.0,4.0
2023-403,Miami Masters,Hard,128,M,O,20230320,26,WB32,,,Yibing Wu,R,183.0,CHN,23.431,64.0,818.0,E831,,PR,Kyle Edmund,R,188.0,GBR,28.194,544.0,62.0,7-5 7-5,3,R128,94.0,6.0,2.0,66.0,43.0,30.0,13.0,12.0,1.0,3.0,2.0,6.0,70.0,39.0,25.0,17.0,12.0,3.0,7.0
2023-403,Miami Masters,Hard,128,M,O,20230320,27,PC11,,PR,Guido Pella,L,183.0,ARG,32.841,581.0,55.0,V836,,,Juan Pablo Varillas,R,185.0,PER,27.452,88.0,642.0,1-6 6-3 6-2,3,R128,125.0,3.0,1.0,70.0,49.0,33.0,14.0,12.0,2.0,4.0,6.0,3.0,85.0,46.0,31.0,19.0,12.0,7.0,10.0
2023-403,Miami Masters,Hard,128,M,O,20230320,28,N0AM,,WC,Emilio Nava,R,185.0,USA,21.295,182.0,323.0,I186,,,John Isner,R,208.0,USA,37.897,46.0,915.0,7-6(5) 7-6(4),3,R128,107.0,6.0,5.0,83.0,50.0,39.0,23.0,12.0,0.0,0.0,15.0,1.0,71.0,47.0,44.0,14.0,12.0,3.0,3.0
2023-403,Miami Masters,Hard,128,M,O,20230320,29,HH06,,,Marc-Andrea Huesler,L,196.0,SUI,26.735,47.0,904.0,R772,,,Albert Ramos-Vinolas,L,188.0,ESP,35.17,51.0,880.0,6-7(4) 7-6(2) 6-3,3,R128,156.0,10.0,4.0,107.0,66.0,44.0,27.0,16.0,5.0,7.0,3.0,4.0,107.0,74.0,49.0,17.0,17.0,3.0,7.0
2023-403,Miami Masters,Hard,128,M,O,20230320,30,N0AE,,,Brandon Nakashima,R,188.0,USA,21.626,45.0,927.0,O449,,,Oscar Otte,R,193.0,GER,29.676,85.0,656.0,7-6(3) 6-3,3,R128,87.0,10.0,0.0,70.0,56.0,46.0,7.0,11.0,0.0,0.0,11.0,3.0,64.0,39.0,33.0,11.0,10.0,3.0,4.0
2023-403,Miami Masters,Hard,128,M,O,20230320,31,L987,,,Dusan Lajovic,R,183.0,SRB,32.72,76.0,728.0,MC10,,,Andy Murray,R,191.0,GBR,35.847,52.0,875.0,6-4 7-5,3,R128,96.0,4.0,2.0,66.0,47.0,34.0,12.0,11.0,2.0,3.0,6.0,1.0,54.0,30.0,22.0,15.0,11.0,0.0,3.0
2023-403,Miami Masters,Hard,128,M,O,20230320,32,BF23,,,Facundo Bagnis,L,183.0,ARG,33.057,100.0,561.0,MW75,,Q,Felipe Meligeni Alves,R,185.0,BRA,25.079,164.0,365.0,6-3 1-6 6-4,3,R128,100.0,12.0,4.0,80.0,57.0,40.0,12.0,13.0,3.0,5.0,4.0,1.0,66.0,46.0,37.0,11.0,13.0,2.0,4.0
2023-403,Miami Masters,Hard,128,M,O,20230320,33,TE51,2.0,,Stefanos Tsitsipas,R,193.0,GRE,24.602,3.0,5770.0,G628,,,Richard Gasquet,R,183.0,FRA,36.753,40.0,960.0,W/O,3,R64,0.0,,,,,,,,,,,,,,,,,,
2023-403,Miami Masters,Hard,128,M,O,20230320,34,GD64,,Q,Cristian Garin,R,185.0,CHI,26.804,82.0,672.0,B0BI,27.0,,Sebastian Baez,R,170.0,ARG,22.223,33.0,1170.0,7-6(2) 6-3,3,R64,126.0,4.0,3.0,73.0,48.0,34.0,10.0,11.0,6.0,9.0,1.0,1.0,80.0,63.0,34.0,5.0,10.0,6.0,10.0
2023-403,Miami Masters,Hard,128,M,O,20230320,35,L0BV,,,Jiri Lehecka,R,185.0,CZE,21.361,44.0,941.0,M0EJ,18.0,,Lorenzo Musetti,R,185.0,ITA,21.046,21.0,1840.0,6-4 6-4,3,R64,80.0,4.0,2.0,57.0,38.0,29.0,13.0,10.0,1.0,1.0,2.0,2.0,56.0,30.0,20.0,17.0,10.0,3.0,5.0
2023-403,Miami Masters,Hard,128,M,O,20230320,36,KE29,14.0,,Karen Khachanov,R,198.0,RUS,26.828,16.0,2505.0,EA24,,,Tomas Martin Etcheverry,R,196.0,ARG,23.671,73.0,734.0,6-1 3-6 6-3,3,R64,128.0,7.0,3.0,81.0,48.0,39.0,12.0,13.0,0.0,2.0,6.0,1.0,70.0,42.0,25.0,16.0,12.0,3.0,7.0
2023-403,Miami Masters,Hard,128,M,O,20230320,37,TD51,12.0,,Frances Tiafoe,R,188.0,USA,25.161,14.0,2710.0,WB08,,Q,Yosuke Watanuki,R,180.0,JPN,24.936,123.0,474.0,6-7(5) 7-6(3) 6-4,3,R64,166.0,12.0,0.0,114.0,71.0,51.0,20.0,17.0,3.0,6.0,17.0,6.0,120.0,61.0,46.0,27.0,17.0,10.0,14.0
2023-403,Miami Masters,Hard,128,M,O,20230320,38,SU87,,,Lorenzo Sonego,R,191.0,ITA,27.858,59.0,835.0,E687,23.0,,Daniel Evans,R,175.0,GBR,32.824,29.0,1345.0,4-6 6-3 6-2,3,R64,150.0,6.0,7.0,108.0,70.0,51.0,16.0,14.0,12.0,13.0,3.0,0.0,68.0,39.0,31.0,16.0,13.0,3.0,6.0
2023-403,Miami Masters,Hard,128,M,O,20230320,39,C0AU,25.0,,Francisco Cerundolo,R,185.0,ARG,24.6,31.0,1320.0,K0AZ,,LL,Aleksandar Kovacevic,R,183.0,USA,24.556,102.0,546.0,6-4 6-4,3,R64,83.0,4.0,1.0,57.0,41.0,31.0,8.0,10.0,0.0,1.0,5.0,1.0,72.0,49.0,31.0,10.0,10.0,3.0,6.0
2023-403,Miami Masters,Hard,128,M,O,20230320,40,AG37,5.0,,Felix Auger-Aliassime,R,193.0,CAN,22.612,6.0,3415.0,MJ08,,,Thiago Monteiro,L,183.0,BRA,28.802,81.0,680.0,7-6(5) 7-6(8),3,R64,161.0,12.0,7.0,80.0,43.0,37.0,25.0,12.0,0.0,0.0,4.0,0.0,93.0,55.0,41.0,23.0,12.0,5.0,5.0
2023-403,Miami Masters,Hard,128,M,O,20230320,41,MM58,4.0,,Daniil Medvedev,R,198.0,RUS,27.102,5.0,4330.0,CF59,,,Roberto Carballes Baena,R,183.0,ESP,29.99,84.0,665.0,6-1 6-2,3,R64,62.0,3.0,1.0,47.0,31.0,24.0,11.0,8.0,1.0,1.0,2.0,1.0,37.0,20.0,12.0,6.0,7.0,0.0,4.0
2023-403,Miami Masters,Hard,128,M,O,20230320,42,MV14,,,Alex Molcan,L,178.0,SVK,25.298,56.0,865.0,N732,28.0,,Yoshihito Nishioka,L,170.0,JPN,27.477,34.0,1144.0,7-6(5) 1-6 6-2,3,R64,159.0,6.0,4.0,114.0,78.0,49.0,15.0,13.0,13.0,17.0,3.0,3.0,86.0,50.0,34.0,18.0,14.0,4.0,8.0
2023-403,Miami Masters,Hard,128,M,O,20230320,43,MK66,,,Mackenzie McDonald,R,178.0,USA,27.926,55.0,865.0,BK40,19.0,,Matteo Berrettini,R,196.0,ITA,26.935,23.0,1732.0,7-6(8) 7-6(5),3,R64,136.0,7.0,1.0,86.0,55.0,41.0,22.0,12.0,2.0,2.0,11.0,5.0,87.0,54.0,48.0,14.0,12.0,2.0,2.0
2023-403,Miami Masters,Hard,128,M,O,20230320,44,HB64,,,Quentin Halys,R,191.0,FRA,26.396,79.0,705.0,DH58,15.0,,Alex de Minaur,R,183.0,AUS,24.085,18.0,2085.0,6-7(5) 7-6(3) 7-6(8),3,R64,198.0,21.0,10.0,138.0,77.0,61.0,27.0,18.0,8.0,11.0,2.0,2.0,122.0,83.0,62.0,20.0,18.0,5.0,8.0
2023-403,Miami Masters,Hard,128,M,O,20230320,45,BK24,,,Gregoire Barrere,R,183.0,FRA,29.087,65.0,801.0,N771,11.0,,Cameron Norrie,L,188.0,GBR,27.573,12.0,2815.0,6-3 6-2,3,R64,70.0,7.0,0.0,44.0,28.0,24.0,12.0,9.0,0.0,0.0,3.0,1.0,48.0,34.0,22.0,5.0,8.0,5.0,8.0
2023-403,Miami Masters,Hard,128,M,O,20230320,46,E865,,Q,Christopher Eubanks,R,201.0,USA,26.872,119.0,479.0,CG80,17.0,,Borna Coric,R,188.0,CRO,26.344,20.0,1905.0,3-6 6-4 6-2,3,R64,125.0,11.0,4.0,77.0,50.0,36.0,14.0,14.0,2.0,5.0,2.0,4.0,83.0,48.0,31.0,18.0,13.0,7.0,11.0
2023-403,Miami Masters,Hard,128,M,O,20230320,47,ME82,,,Adrian Mannarino,L,180.0,FRA,34.721,62.0,826.0,S0S1,32.0,,Ben Shelton,L,193.0,USA,20.444,39.0,989.0,6-4 3-6 6-1,3,R64,112.0,8.0,0.0,66.0,43.0,33.0,14.0,13.0,1.0,3.0,12.0,1.0,75.0,48.0,35.0,13.0,13.0,5.0,9.0
2023-403,Miami Masters,Hard,128,M,O,20230320,48,HB71,8.0,,Hubert Hurkacz,R,196.0,POL,26.1,9.0,3065.0,KD46,,LL,Thanasi Kokkinakis,R,193.0,AUS,26.94,94.0,607.0,6-7(10) 7-6(7) 7-6(6),3,R64,210.0,21.0,2.0,122.0,90.0,71.0,20.0,18.0,2.0,3.0,23.0,4.0,146.0,100.0,75.0,23.0,18.0,7.0,8.0
2023-403,Miami Masters,Hard,128,M,O,20230320,49,RE44,6.0,,Andrey Rublev,R,188.0,RUS,25.413,7.0,3390.0,W09G,,,J.J. Wolf,R,183.0,USA,24.244,50.0,891.0,7-6(3) 6-4,3,R64,101.0,16.0,1.0,73.0,39.0,33.0,17.0,11.0,5.0,6.0,7.0,3.0,71.0,44.0,31.0,15.0,11.0,5.0,7.0
2023-403,Miami Masters,Hard,128,M,O,20230320,50,KI95,29.0,,Miomir Kecmanovic,R,183.0,SRB,23.551,35.0,1120.0,HH26,,,Ugo Humbert,L,188.0,FRA,24.731,78.0,713.0,6-4 6-7(5) 7-6(3),3,R64,164.0,10.0,3.0,119.0,77.0,56.0,24.0,17.0,10.0,11.0,8.0,5.0,109.0,61.0,47.0,25.0,17.0,5.0,7.0
2023-403,Miami Masters,Hard,128,M,O,20230320,51,D875,21.0,,Grigor Dimitrov,R,191.0,BUL,31.844,27.0,1450.0,SL28,,Q,Jan-Lennard Struff,R,193.0,GER,32.901,103.0,543.0,4-6 7-6(5) 6-4,3,R64,153.0,23.0,3.0,101.0,60.0,50.0,23.0,16.0,2.0,3.0,10.0,5.0,120.0,75.0,55.0,24.0,16.0,9.0,10.0
2023-403,Miami Masters,Hard,128,M,O,20230320,52,S0AG,10.0,,Jannik Sinner,R,191.0,ITA,21.591,11.0,2925.0,DB63,,,Laslo Djere,R,188.0,SRB,27.797,58.0,845.0,6-4 6-2,3,R64,83.0,3.0,4.0,50.0,29.0,23.0,9.0,9.0,1.0,3.0,3.0,2.0,65.0,29.0,19.0,12.0,9.0,5.0,10.0
2023-403,Miami Masters,Hard,128,M,O,20230320,53,DA81,,WC,Taro Daniel,R,191.0,JPN,30.141,97.0,583.0,Z355,13.0,,Alexander Zverev,R,198.0,GER,25.914,15.0,2580.0,6-0 6-4,3,R64,75.0,2.0,0.0,48.0,29.0,23.0,13.0,8.0,0.0,0.0,5.0,1.0,44.0,27.0,16.0,7.0,8.0,3.0,7.0
2023-403,Miami Masters,Hard,128,M,O,20230320,54,RH24,,,Emil Ruusuvuori,R,188.0,FIN,23.964,54.0,866.0,BD06,22.0,,Roberto Bautista Agut,R,183.0,ESP,34.93,28.0,1430.0,6-4 7-6(5),3,R64,132.0,7.0,2.0,77.0,51.0,37.0,14.0,11.0,7.0,9.0,1.0,4.0,75.0,49.0,32.0,15.0,11.0,4.0,7.0
2023-403,Miami Masters,Hard,128,M,O,20230320,55,V812,26.0,,Botic van de Zandschulp,R,191.0,NED,27.458,32.0,1170.0,P09Z,,,Alexei Popyrin,R,196.0,AUS,23.622,93.0,611.0,4-6 7-6(4) 6-2,3,R64,163.0,7.0,5.0,103.0,62.0,49.0,20.0,15.0,6.0,7.0,13.0,0.0,88.0,47.0,39.0,21.0,15.0,3.0,5.0
2023-403,Miami Masters,Hard,128,M,O,20230320,56,RH16,3.0,,Casper Ruud,R,183.0,NOR,24.241,4.0,5560.0,I305,,,Ilya Ivashka,R,193.0,BLR,29.065,80.0,696.0,6-2 6-3,3,R64,84.0,4.0,1.0,49.0,32.0,26.0,8.0,9.0,2.0,3.0,5.0,0.0,62.0,37.0,23.0,9.0,8.0,4.0,8.0
2023-403,Miami Masters,Hard,128,M,O,20230320,57,R0DG,7.0,,Holger Rune,R,188.0,DEN,19.89,8.0,3325.0,F724,,,Marton Fucsovics,R,188.0,HUN,31.11,74.0,732.0,6-3 7-5,3,R64,81.0,6.0,0.0,54.0,31.0,25.0,17.0,10.0,1.0,1.0,3.0,5.0,63.0,38.0,28.0,12.0,11.0,2.0,5.0
2023-403,Miami Masters,Hard,128,M,O,20230320,58,SM37,31.0,,Diego Schwartzman,R,170.0,ARG,30.59,38.0,990.0,WB32,,,Yibing Wu,R,183.0,CHN,23.431,64.0,818.0,7-6(1) 6-1,3,R64,114.0,2.0,3.0,90.0,57.0,40.0,17.0,10.0,7.0,8.0,3.0,2.0,58.0,41.0,26.0,7.0,9.0,3.0,6.0
2023-403,Miami Masters,Hard,128,M,O,20230320,59,SU55,24.0,,Denis Shapovalov,L,185.0,CAN,23.929,30.0,1345.0,PC11,,PR,Guido Pella,L,183.0,ARG,32.841,581.0,55.0,6-3 3-6 6-3,3,R64,113.0,13.0,13.0,84.0,41.0,34.0,23.0,14.0,3.0,5.0,2.0,2.0,89.0,70.0,45.0,11.0,13.0,4.0,7.0
2023-403,Miami Masters,Hard,128,M,O,20230320,60,FB98,9.0,,Taylor Fritz,R,196.0,USA,25.391,10.0,2975.0,N0AM,,WC,Emilio Nava,R,185.0,USA,21.295,182.0,323.0,6-4 6-1,3,R64,59.0,8.0,2.0,48.0,26.0,22.0,14.0,9.0,1.0,2.0,3.0,3.0,44.0,23.0,16.0,6.0,8.0,1.0,5.0
2023-403,Miami Masters,Hard,128,M,O,20230320,61,PL56,16.0,,Tommy Paul,R,185.0,USA,25.84,19.0,2045.0,HH06,,,Marc-Andrea Huesler,L,196.0,SUI,26.735,47.0,904.0,5-7 6-3 6-4,3,R64,123.0,12.0,1.0,79.0,51.0,41.0,17.0,16.0,1.0,3.0,7.0,2.0,84.0,52.0,39.0,14.0,15.0,6.0,9.0
2023-403,Miami Masters,Hard,128,M,O,20230320,62,DH50,20.0,,Alejandro Davidovich Fokina,R,180.0,ESP,23.789,25.0,1545.0,N0AE,,,Brandon Nakashima,R,188.0,USA,21.626,45.0,927.0,6-4 7-6(5),3,R64,114.0,6.0,2.0,82.0,53.0,38.0,16.0,11.0,5.0,6.0,5.0,2.0,82.0,59.0,38.0,14.0,11.0,5.0,7.0
2023-403,Miami Masters,Hard,128,M,O,20230320,63,L987,,,Dusan Lajovic,R,183.0,SRB,32.72,76.0,728.0,C0BC,30.0,,Maxime Cressy,R,201.0,USA,25.864,37.0,1016.0,6-4 7-6(2),3,R64,88.0,3.0,1.0,61.0,45.0,37.0,9.0,11.0,4.0,5.0,5.0,9.0,62.0,31.0,21.0,17.0,11.0,0.0,2.0
2023-403,Miami Masters,Hard,128,M,O,20230320,64,A0E2,1.0,,Carlos Alcaraz,R,183.0,ESP,19.874,1.0,7420.0,BF23,,,Facundo Bagnis,L,183.0,ARG,33.057,100.0,561.0,6-0 6-2,3,R64,64.0,3.0,2.0,40.0,21.0,17.0,10.0,7.0,1.0,2.0,1.0,1.0,48.0,28.0,9.0,8.0,7.0,5.0,11.0
2023-403,Miami Masters,Hard,128,M,O,20230320,65,TE51,2.0,,Stefanos Tsitsipas,R,193.0,GRE,24.602,3.0,5770.0,GD64,,Q,Cristian Garin,R,185.0,CHI,26.804,82.0,672.0,6-3 4-6 6-4,3,R32,124.0,12.0,2.0,91.0,57.0,44.0,18.0,15.0,3.0,4.0,7.0,1.0,87.0,57.0,44.0,14.0,14.0,3.0,5.0
2023-403,Miami Masters,Hard,128,M,O,20230320,66,KE29,14.0,,Karen Khachanov,R,198.0,RUS,26.828,16.0,2505.0,L0BV,,,Jiri Lehecka,R,185.0,CZE,21.361,44.0,941.0,6-2 6-4,3,R32,86.0,8.0,1.0,51.0,33.0,26.0,12.0,9.0,1.0,1.0,6.0,2.0,80.0,54.0,34.0,11.0,9.0,6.0,9.0
2023-403,Miami Masters,Hard,128,M,O,20230320,67,SU87,,,Lorenzo Sonego,R,191.0,ITA,27.858,59.0,835.0,TD51,12.0,,Frances Tiafoe,R,188.0,USA,25.161,14.0,2710.0,6-3 6-4,3,R32,73.0,8.0,0.0,45.0,34.0,31.0,9.0,10.0,0.0,0.0,2.0,3.0,48.0,35.0,29.0,4.0,9.0,1.0,3.0
2023-403,Miami Masters,Hard,128,M,O,20230320,68,C0AU,25.0,,Francisco Cerundolo,R,185.0,ARG,24.6,31.0,1320.0,AG37,5.0,,Felix Auger-Aliassime,R,193.0,CAN,22.612,6.0,3415.0,6-2 7-5,3,R32,103.0,2.0,7.0,61.0,40.0,29.0,12.0,10.0,1.0,2.0,3.0,5.0,61.0,33.0,26.0,8.0,10.0,2.0,6.0
2023-403,Miami Masters,Hard,128,M,O,20230320,69,MM58,4.0,,Daniil Medvedev,R,198.0,RUS,27.102,5.0,4330.0,MV14,,,Alex Molcan,L,178.0,SVK,25.298,56.0,865.0,W/O,3,R32,,,,,,,,,,,,,,,,,,,
2023-403,Miami Masters,Hard,128,M,O,20230320,70,HB64,,,Quentin Halys,R,191.0,FRA,26.396,79.0,705.0,MK66,,,Mackenzie McDonald,R,178.0,USA,27.926,55.0,865.0,7-6(2) 6-3,3,R32,100.0,15.0,2.0,67.0,47.0,38.0,11.0,10.0,6.0,6.0,9.0,4.0,82.0,49.0,35.0,15.0,11.0,7.0,9.0
2023-403,Miami Masters,Hard,128,M,O,20230320,71,E865,,Q,Christopher Eubanks,R,201.0,USA,26.872,119.0,479.0,BK24,,,Gregoire Barrere,R,183.0,FRA,29.087,65.0,801.0,6-3 7-6(7),3,R32,81.0,12.0,2.0,66.0,54.0,40.0,8.0,11.0,0.0,1.0,1.0,0.0,61.0,38.0,27.0,14.0,10.0,2.0,4.0
2023-403,Miami Masters,Hard,128,M,O,20230320,72,ME82,,,Adrian Mannarino,L,180.0,FRA,34.721,62.0,826.0,HB71,8.0,,Hubert Hurkacz,R,196.0,POL,26.1,9.0,3065.0,7-6(5) 7-6(0),3,R32,138.0,3.0,1.0,89.0,49.0,35.0,25.0,12.0,5.0,6.0,20.0,2.0,85.0,59.0,46.0,9.0,12.0,3.0,4.0
2023-403,Miami Masters,Hard,128,M,O,20230320,73,RE44,6.0,,Andrey Rublev,R,188.0,RUS,25.413,7.0,3390.0,KI95,29.0,,Miomir Kecmanovic,R,183.0,SRB,23.551,35.0,1120.0,6-1 6-2,3,R32,58.0,12.0,0.0,46.0,25.0,21.0,12.0,8.0,0.0,0.0,4.0,0.0,52.0,30.0,19.0,7.0,7.0,4.0,8.0
2023-403,Miami Masters,Hard,128,M,O,20230320,74,S0AG,10.0,,Jannik Sinner,R,191.0,ITA,21.591,11.0,2925.0,D875,21.0,,Grigor Dimitrov,R,191.0,BUL,31.844,27.0,1450.0,6-3 6-4,3,R32,87.0,2.0,1.0,53.0,32.0,22.0,10.0,9.0,1.0,3.0,1.0,6.0,58.0,32.0,23.0,7.0,10.0,6.0,11.0
2023-403,Miami Masters,Hard,128,M,O,20230320,75,RH24,,,Emil Ruusuvuori,R,188.0,FIN,23.964,54.0,866.0,DA81,,WC,Taro Daniel,R,191.0,JPN,30.141,97.0,583.0,6-3 7-6(3),3,R32,104.0,6.0,2.0,76.0,53.0,40.0,11.0,11.0,6.0,7.0,5.0,2.0,57.0,37.0,29.0,9.0,10.0,3.0,5.0
2023-403,Miami Masters,Hard,128,M,O,20230320,76,V812,26.0,,Botic van de Zandschulp,R,191.0,NED,27.458,32.0,1170.0,RH16,3.0,,Casper Ruud,R,183.0,NOR,24.241,4.0,5560.0,3-6 6-4 6-4,3,R32,170.0,12.0,3.0,121.0,83.0,56.0,17.0,14.0,13.0,15.0,6.0,3.0,93.0,64.0,48.0,15.0,15.0,3.0,6.0
2023-403,Miami Masters,Hard,128,M,O,20230320,77,R0DG,7.0,,Holger Rune,R,188.0,DEN,19.89,8.0,3325.0,SM37,31.0,,Diego Schwartzman,R,170.0,ARG,30.59,38.0,990.0,6-4 6-2,3,R32,91.0,7.0,4.0,60.0,36.0,29.0,11.0,9.0,1.0,2.0,1.0,4.0,57.0,40.0,25.0,7.0,9.0,0.0,4.0
2023-403,Miami Masters,Hard,128,M,O,20230320,78,FB98,9.0,,Taylor Fritz,R,196.0,USA,25.391,10.0,2975.0,SU55,24.0,,Denis Shapovalov,L,185.0,CAN,23.929,30.0,1345.0,6-4 6-4,3,R32,80.0,5.0,2.0,60.0,34.0,28.0,15.0,10.0,0.0,0.0,12.0,7.0,62.0,29.0,23.0,16.0,10.0,1.0,3.0
2023-403,Miami Masters,Hard,128,M,O,20230320,79,PL56,16.0,,Tommy Paul,R,185.0,USA,25.84,19.0,2045.0,DH50,20.0,,Alejandro Davidovich Fokina,R,180.0,ESP,23.789,25.0,1545.0,6-3 7-5,3,R32,93.0,8.0,1.0,58.0,40.0,27.0,13.0,11.0,4.0,6.0,3.0,6.0,71.0,43.0,27.0,11.0,10.0,3.0,7.0
2023-403,Miami Masters,Hard,128,M,O,20230320,80,A0E2,1.0,,Carlos Alcaraz,R,183.0,ESP,19.874,1.0,7420.0,L987,,,Dusan Lajovic,R,183.0,SRB,32.72,76.0,728.0,6-0 7-6(5),3,R32,91.0,3.0,0.0,65.0,49.0,35.0,7.0,9.0,2.0,3.0,0.0,0.0,61.0,39.0,22.0,9.0,9.0,1.0,5.0
2023-403,Miami Masters,Hard,128,M,O,20230320,81,KE29,14.0,,Karen Khachanov,R,198.0,RUS,26.828,16.0,2505.0,TE51,2.0,,Stefanos Tsitsipas,R,193.0,GRE,24.602,3.0,5770.0,7-6(4) 6-4,3,R16,92.0,5.0,0.0,60.0,44.0,39.0,10.0,11.0,2.0,2.0,11.0,4.0,67.0,39.0,31.0,16.0,11.0,1.0,2.0
2023-403,Miami Masters,Hard,128,M,O,20230320,82,C0AU,25.0,,Francisco Cerundolo,R,185.0,ARG,24.6,31.0,1320.0,SU87,,,Lorenzo Sonego,R,191.0,ITA,27.858,59.0,835.0,3-6 6-3 6-2,3,R16,122.0,4.0,4.0,77.0,59.0,42.0,8.0,13.0,5.0,8.0,1.0,3.0,86.0,56.0,35.0,13.0,13.0,5.0,10.0
2023-403,Miami Masters,Hard,128,M,O,20230320,83,MM58,4.0,,Daniil Medvedev,R,198.0,RUS,27.102,5.0,4330.0,HB64,,,Quentin Halys,R,191.0,FRA,26.396,79.0,705.0,6-4 6-2,3,R16,70.0,7.0,3.0,53.0,39.0,32.0,7.0,9.0,0.0,0.0,5.0,1.0,61.0,43.0,28.0,6.0,9.0,1.0,4.0
2023-403,Miami Masters,Hard,128,M,O,20230320,84,E865,,Q,Christopher Eubanks,R,201.0,USA,26.872,119.0,479.0,ME82,,,Adrian Mannarino,L,180.0,FRA,34.721,62.0,826.0,7-6(2) 7-6(5),3,R16,131.0,12.0,3.0,95.0,65.0,45.0,17.0,12.0,8.0,9.0,6.0,3.0,73.0,46.0,37.0,13.0,12.0,0.0,1.0
2023-403,Miami Masters,Hard,128,M,O,20230320,85,S0AG,10.0,,Jannik Sinner,R,191.0,ITA,21.591,11.0,2925.0,RE44,6.0,,Andrey Rublev,R,188.0,RUS,25.413,7.0,3390.0,6-2 6-4,3,R16,72.0,8.0,0.0,46.0,28.0,24.0,12.0,9.0,0.0,0.0,6.0,2.0,56.0,41.0,30.0,4.0,9.0,2.0,5.0
2023-403,Miami Masters,Hard,128,M,O,20230320,86,RH24,,,Emil Ruusuvuori,R,188.0,FIN,23.964,54.0,866.0,V812,26.0,,Botic van de Zandschulp,R,191.0,NED,27.458,32.0,1170.0,4-6 6-4 7-5,3,R16,163.0,4.0,4.0,102.0,69.0,48.0,13.0,16.0,8.0,12.0,6.0,3.0,88.0,63.0,38.0,14.0,16.0,4.0,9.0
2023-403,Miami Masters,Hard,128,M,O,20230320,87,FB98,9.0,,Taylor Fritz,R,196.0,USA,25.391,10.0,2975.0,R0DG,7.0,,Holger Rune,R,188.0,DEN,19.89,8.0,3325.0,6-3 6-4,3,R16,85.0,8.0,4.0,67.0,37.0,29.0,16.0,10.0,5.0,6.0,4.0,5.0,58.0,40.0,24.0,9.0,9.0,1.0,4.0
2023-403,Miami Masters,Hard,128,M,O,20230320,88,A0E2,1.0,,Carlos Alcaraz,R,183.0,ESP,19.874,1.0,7420.0,PL56,16.0,,Tommy Paul,R,185.0,USA,25.84,19.0,2045.0,6-4 6-4,3,R16,96.0,3.0,3.0,56.0,34.0,27.0,15.0,10.0,1.0,1.0,5.0,2.0,68.0,42.0,29.0,12.0,10.0,4.0,6.0
2023-403,Miami Masters,Hard,128,M,O,20230320,89,KE29,14.0,,Karen Khachanov,R,198.0,RUS,26.828,16.0,2505.0,C0AU,25.0,,Francisco Cerundolo,R,185.0,ARG,24.6,31.0,1320.0,6-3 6-2,3,QF,75.0,7.0,2.0,53.0,31.0,25.0,11.0,9.0,2.0,3.0,2.0,2.0,50.0,32.0,22.0,4.0,8.0,2.0,6.0
2023-403,Miami Masters,Hard,128,M,O,20230320,90,MM58,4.0,,Daniil Medvedev,R,198.0,RUS,27.102,5.0,4330.0,E865,,Q,Christopher Eubanks,R,201.0,USA,26.872,119.0,479.0,6-3 7-5,3,QF,89.0,9.0,5.0,71.0,44.0,36.0,12.0,10.0,5.0,6.0,4.0,5.0,66.0,38.0,27.0,11.0,11.0,2.0,6.0
2023-403,Miami Masters,Hard,128,M,O,20230320,91,S0AG,10.0,,Jannik Sinner,R,191.0,ITA,21.591,11.0,2925.0,RH24,,,Emil Ruusuvuori,R,188.0,FIN,23.964,54.0,866.0,6-3 6-1,3,QF,74.0,4.0,2.0,42.0,22.0,21.0,12.0,8.0,1.0,1.0,2.0,0.0,55.0,35.0,23.0,6.0,8.0,2.0,6.0
2023-403,Miami Masters,Hard,128,M,O,20230320,92,A0E2,1.0,,Carlos Alcaraz,R,183.0,ESP,19.874,1.0,7420.0,FB98,9.0,,Taylor Fritz,R,196.0,USA,25.391,10.0,2975.0,6-4 6-2,3,QF,78.0,6.0,0.0,54.0,37.0,28.0,11.0,9.0,2.0,2.0,4.0,5.0,57.0,33.0,24.0,9.0,9.0,2.0,5.0
2023-403,Miami Masters,Hard,128,M,O,20230320,93,MM58,4.0,,Daniil Medvedev,R,198.0,RUS,27.102,5.0,4330.0,KE29,14.0,,Karen Khachanov,R,198.0,RUS,26.828,16.0,2505.0,7-6(5) 3-6 6-3,3,SF,137.0,13.0,6.0,93.0,64.0,48.0,16.0,15.0,4.0,6.0,7.0,1.0,88.0,58.0,44.0,20.0,15.0,2.0,4.0
2023-403,Miami Masters,Hard,128,M,O,20230320,94,S0AG,10.0,,Jannik Sinner,R,191.0,ITA,21.591,11.0,2925.0,A0E2,1.0,,Carlos Alcaraz,R,183.0,ESP,19.874,1.0,7420.0,6-7(4) 6-4 6-2,3,SF,181.0,8.0,4.0,104.0,66.0,45.0,21.0,15.0,9.0,12.0,5.0,9.0,113.0,62.0,41.0,21.0,15.0,6.0,12.0
2023-403,Miami Masters,Hard,128,M,O,20230320,95,MM58,4.0,,Daniil Medvedev,R,198.0,RUS,27.102,5.0,4330.0,S0AG,10.0,,Jannik Sinner,R,191.0,ITA,21.591,11.0,2925.0,7-5 6-3,3,F,94.0,9.0,6.0,63.0,37.0,32.0,12.0,11.0,4.0,6.0,6.0,0.0,63.0,35.0,24.0,9.0,10.0,2.0,6.0
2023-7290,Estoril,Clay,32,250,O,20230403,1,Z419,,,Bernabe Zapata Miralles,R,183.0,ESP,26.22,43.0,952.0,R0GO,,Q,Henrique Rocha,R,180.0,POR,18.99,596.0,53.0,6-4 6-2,3,R32,96.0,0.0,0.0,76.0,59.0,36.0,9.0,9.0,5.0,6.0,0.0,2.0,54.0,33.0,16.0,13.0,9.0,3.0,7.0
2023-7290,Estoril,Clay,32,250,O,20230403,2,R09X,,,Jurij Rodionov,L,191.0,AUT,23.882,120.0,490.0,R772,,,Albert Ramos-Vinolas,L,188.0,ESP,35.209,52.0,880.0,3-6 6-1 6-4,3,R32,140.0,8.0,2.0,92.0,49.0,34.0,26.0,13.0,4.0,5.0,1.0,3.0,99.0,64.0,42.0,16.0,13.0,10.0,13.0
2023-7290,Estoril,Clay,32,250,O,20230403,3,KI95,6.0,,Miomir Kecmanovic,R,183.0,SRB,23.589,40.0,985.0,N0BG,,,Luca Nardi,R,185.0,ITA,19.658,161.0,372.0,6-4 6-1,3,R32,69.0,2.0,4.0,54.0,34.0,25.0,10.0,8.0,4.0,5.0,1.0,1.0,55.0,37.0,19.0,7.0,9.0,6.0,11.0
2023-7290,Estoril,Clay,32,250,O,20230403,4,V0DZ,,,Luca Van Assche,R,178.0,FRA,18.894,91.0,640.0,S483,,Q,Pedro Sousa,R,180.0,POR,34.85,475.0,82.0,6-7(5) 6-3 6-1,3,R32,125.0,1.0,2.0,84.0,52.0,39.0,19.0,14.0,5.0,7.0,0.0,6.0,91.0,63.0,35.0,13.0,14.0,2.0,8.0
2023-7290,Estoril,Clay,32,250,O,20230403,5,F510,,,Fabio Fognini,R,178.0,ITA,35.86,97.0,593.0,G983,,Q,Alessandro Giannessi,L,185.0,ITA,32.843,224.0,254.0,6-2 6-1,3,R32,57.0,1.0,2.0,35.0,23.0,16.0,9.0,7.0,0.0,1.0,1.0,1.0,50.0,31.0,14.0,7.0,8.0,2.0,8.0
2023-7290,Estoril,Clay,32,250,O,20230403,6,CF01,,,Marco Cecchinato,R,185.0,ITA,30.505,96.0,605.0,SM37,7.0,,Diego Schwartzman,R,170.0,ARG,30.628,36.0,1025.0,6-3 7-6(8),3,R32,123.0,5.0,4.0,98.0,60.0,36.0,19.0,11.0,9.0,12.0,2.0,4.0,63.0,37.0,23.0,11.0,10.0,2.0,6.0
2023-7290,Estoril,Clay,32,250,O,20230403,7,S0S1,8.0,,Ben Shelton,L,193.0,USA,20.482,39.0,999.0,LB66,,,Constant Lestienne,R,180.0,FRA,30.861,63.0,798.0,7-5 7-5,3,R32,94.0,8.0,3.0,66.0,42.0,35.0,12.0,12.0,2.0,3.0,3.0,4.0,64.0,39.0,30.0,11.0,12.0,1.0,4.0
2023-7290,Estoril,Clay,32,250,O,20230403,8,TB69,,,Dominic Thiem,R,185.0,AUT,29.58,111.0,510.0,O513,,Q,Sebastian Ofner,R,191.0,AUT,26.891,122.0,488.0,3-6 6-3 6-4,3,R32,124.0,4.0,6.0,83.0,46.0,33.0,19.0,14.0,4.0,8.0,2.0,3.0,91.0,52.0,35.0,18.0,14.0,11.0,16.0
2023-7290,Estoril,Clay,32,250,O,20230403,9,HB64,,,Quentin Halys,R,191.0,FRA,26.434,80.0,691.0,BT72,,,Nuno Borges,R,185.0,POR,26.116,65.0,783.0,6-3 6-4,3,R32,78.0,8.0,5.0,61.0,36.0,30.0,15.0,10.0,2.0,2.0,5.0,2.0,64.0,47.0,30.0,9.0,9.0,5.0,7.0
2023-7290,Estoril,Clay,32,250,O,20230403,10,B0BI,5.0,,Sebastian Baez,R,170.0,ARG,22.261,32.0,1170.0,A829,,,Radu Albot,R,175.0,MDA,33.391,106.0,523.0,7-5 7-6(3),3,R32,133.0,2.0,1.0,80.0,50.0,30.0,20.0,12.0,8.0,12.0,0.0,2.0,82.0,51.0,31.0,12.0,12.0,2.0,7.0
2023-7290,Estoril,Clay,32,250,O,20230403,11,CG04,,,Pedro Cachin,R,185.0,ARG,27.975,67.0,773.0,T0AP,,,Chun-Hsin Tseng,R,175.0,TPE,21.651,145.0,401.0,6-4 6-4,3,R32,96.0,6.0,0.0,53.0,34.0,27.0,8.0,10.0,1.0,3.0,0.0,2.0,70.0,36.0,16.0,21.0,10.0,7.0,11.0
2023-7290,Estoril,Clay,32,250,O,20230403,12,SH90,,WC,Joao Sousa,R,185.0,POR,34.01,147.0,390.0,Z0A1,,,Giulio Zeppieri,L,183.0,ITA,21.32,121.0,489.0,6-4 1-6 6-3,3,R32,107.0,2.0,3.0,78.0,48.0,35.0,15.0,13.0,2.0,5.0,3.0,2.0,71.0,50.0,37.0,10.0,13.0,0.0,3.0
2023-7290,Estoril,Clay,32,250,O,20230403,13,Z419,,,Bernabe Zapata Miralles,R,183.0,ESP,26.22,43.0,952.0,HB71,2.0,,Hubert Hurkacz,R,196.0,POL,26.138,12.0,2750.0,6-7(7) 6-4 6-2,3,R16,147.0,2.0,3.0,118.0,87.0,61.0,16.0,15.0,11.0,12.0,7.0,6.0,100.0,61.0,44.0,16.0,15.0,1.0,5.0
2023-7290,Estoril,Clay,32,250,O,20230403,14,KI95,6.0,,Miomir Kecmanovic,R,183.0,SRB,23.589,40.0,985.0,R09X,,,Jurij Rodionov,L,191.0,AUT,23.882,120.0,490.0,6-0 6-1,3,R16,63.0,5.0,1.0,44.0,25.0,19.0,10.0,6.0,3.0,3.0,3.0,3.0,46.0,23.0,9.0,8.0,7.0,6.0,12.0
2023-7290,Estoril,Clay,32,250,O,20230403,15,DH50,3.0,,Alejandro Davidovich Fokina,R,180.0,ESP,23.828,24.0,1580.0,V0DZ,,,Luca Van Assche,R,178.0,FRA,18.894,91.0,640.0,6-3 7-5,3,R16,112.0,2.0,3.0,86.0,51.0,32.0,22.0,11.0,5.0,6.0,0.0,5.0,68.0,39.0,28.0,12.0,10.0,5.0,8.0
2023-7290,Estoril,Clay,32,250,O,20230403,16,CF01,,,Marco Cecchinato,R,185.0,ITA,30.505,96.0,605.0,F510,,,Fabio Fognini,R,178.0,ITA,35.86,97.0,593.0,4-6 6-3 6-3,3,R16,117.0,11.0,1.0,86.0,65.0,51.0,7.0,14.0,4.0,6.0,1.0,3.0,76.0,46.0,32.0,14.0,14.0,2.0,6.0
2023-7290,Estoril,Clay,32,250,O,20230403,17,TB69,,,Dominic Thiem,R,185.0,AUT,29.58,111.0,510.0,S0S1,8.0,,Ben Shelton,L,193.0,USA,20.482,39.0,999.0,6-2 6-2,3,R16,63.0,1.0,1.0,36.0,22.0,19.0,10.0,8.0,0.0,1.0,0.0,5.0,53.0,29.0,15.0,8.0,8.0,4.0,9.0
2023-7290,Estoril,Clay,32,250,O,20230403,18,HB64,,,Quentin Halys,R,191.0,FRA,26.434,80.0,691.0,BD06,4.0,,Roberto Bautista Agut,R,183.0,ESP,34.968,28.0,1395.0,7-6(5) 7-5,3,R16,101.0,14.0,4.0,76.0,44.0,36.0,17.0,12.0,1.0,2.0,2.0,0.0,68.0,48.0,37.0,11.0,12.0,1.0,3.0
2023-7290,Estoril,Clay,32,250,O,20230403,19,B0BI,5.0,,Sebastian Baez,R,170.0,ARG,22.261,32.0,1170.0,CG04,,,Pedro Cachin,R,185.0,ARG,27.975,67.0,773.0,6-4 7-6(2),3,R16,133.0,0.0,1.0,79.0,66.0,38.0,8.0,11.0,5.0,9.0,2.0,5.0,81.0,55.0,35.0,7.0,11.0,4.0,9.0
2023-7290,Estoril,Clay,32,250,O,20230403,20,RH16,1.0,,Casper Ruud,R,183.0,NOR,24.279,5.0,5005.0,SH90,,WC,Joao Sousa,R,185.0,POR,34.01,147.0,390.0,4-6 6-2 6-2,3,R16,135.0,4.0,2.0,76.0,54.0,37.0,14.0,13.0,3.0,5.0,4.0,1.0,99.0,54.0,30.0,23.0,13.0,13.0,18.0
2023-7290,Estoril,Clay,32,250,O,20230403,21,KI95,6.0,,Miomir Kecmanovic,R,183.0,SRB,23.589,40.0,985.0,Z419,,,Bernabe Zapata Miralles,R,183.0,ESP,26.22,43.0,952.0,7-5 6-2,3,QF,86.0,2.0,0.0,51.0,32.0,25.0,16.0,10.0,0.0,0.0,2.0,1.0,67.0,36.0,24.0,14.0,10.0,1.0,4.0
2023-7290,Estoril,Clay,32,250,O,20230403,22,CF01,,,Marco Cecchinato,R,185.0,ITA,30.505,96.0,605.0,DH50,3.0,,Alejandro Davidovich Fokina,R,180.0,ESP,23.828,24.0,1580.0,7-5 7-6(5),3,QF,128.0,3.0,1.0,85.0,60.0,43.0,13.0,12.0,1.0,2.0,3.0,1.0,84.0,61.0,39.0,13.0,12.0,8.0,10.0
2023-7290,Estoril,Clay,32,250,O,20230403,23,HB64,,,Quentin Halys,R,191.0,FRA,26.434,80.0,691.0,TB69,,,Dominic Thiem,R,185.0,AUT,29.58,111.0,510.0,6-1 6-4,3,QF,78.0,5.0,1.0,52.0,26.0,22.0,17.0,9.0,2.0,2.0,3.0,4.0,50.0,33.0,20.0,8.0,8.0,0.0,3.0
2023-7290,Estoril,Clay,32,250,O,20230403,24,RH16,1.0,,Casper Ruud,R,183.0,NOR,24.279,5.0,5005.0,B0BI,5.0,,Sebastian Baez,R,170.0,ARG,22.261,32.0,1170.0,6-3 6-0,3,QF,78.0,2.0,3.0,59.0,40.0,27.0,10.0,8.0,6.0,7.0,1.0,2.0,49.0,33.0,17.0,6.0,7.0,6.0,11.0
2023-7290,Estoril,Clay,32,250,O,20230403,25,KI95,6.0,,Miomir Kecmanovic,R,183.0,SRB,23.589,40.0,985.0,CF01,,,Marco Cecchinato,R,185.0,ITA,30.505,96.0,605.0,6-3 6-1,3,SF,68.0,5.0,0.0,46.0,29.0,26.0,9.0,8.0,2.0,2.0,2.0,3.0,54.0,28.0,18.0,10.0,8.0,4.0,8.0
2023-7290,Estoril,Clay,32,250,O,20230403,26,RH16,1.0,,Casper Ruud,R,183.0,NOR,24.279,5.0,5005.0,HB64,,,Quentin Halys,R,191.0,FRA,26.434,80.0,691.0,6-4 3-6 7-6(2),3,SF,130.0,3.0,2.0,90.0,57.0,45.0,22.0,15.0,1.0,2.0,16.0,5.0,87.0,48.0,43.0,21.0,16.0,2.0,3.0
2023-7290,Estoril,Clay,32,250,O,20230403,27,RH16,1.0,,Casper Ruud,R,183.0,NOR,24.279,5.0,5005.0,KI95,6.0,,Miomir Kecmanovic,R,183.0,SRB,23.589,40.0,985.0,6-2 7-6(3),3,F,108.0,3.0,2.0,66.0,35.0,29.0,20.0,10.0,3.0,3.0,1.0,1.0,68.0,43.0,32.0,10.0,10.0,6.0,8.0
2023-717,Houston,Clay,32,250,O,20230403,1,TD51,1.0,,Frances Tiafoe,R,188.0,USA,25.199,15.0,2665.0,EA24,8.0,,Tomas Martin Etcheverry,R,196.0,ARG,23.71,73.0,729.0,7-6(1) 7-6(6),3,F,113.0,12.0,1.0,73.0,48.0,39.0,17.0,12.0,1.0,2.0,6.0,2.0,78.0,49.0,33.0,18.0,12.0,0.0,1.0
2023-717,Houston,Clay,32,250,O,20230403,2,TD51,1.0,,Frances Tiafoe,R,188.0,USA,25.199,15.0,2665.0,BO10,,,Gijs Brouwer,L,191.0,NED,27.053,123.0,477.0,6-4 6-1,3,SF,58.0,5.0,1.0,41.0,23.0,20.0,12.0,8.0,0.0,0.0,4.0,4.0,56.0,33.0,24.0,5.0,9.0,0.0,4.0
2023-717,Houston,Clay,32,250,O,20230403,3,EA24,8.0,,Tomas Martin Etcheverry,R,196.0,ARG,23.71,73.0,729.0,H997,,Q,Yannick Hanfmann,R,193.0,GER,31.387,134.0,432.0,6-3 6-4,3,SF,94.0,6.0,1.0,58.0,40.0,29.0,9.0,10.0,3.0,4.0,1.0,0.0,50.0,36.0,22.0,8.0,9.0,6.0,9.0
2023-717,Houston,Clay,32,250,O,20230403,4,TD51,1.0,,Frances Tiafoe,R,188.0,USA,25.199,15.0,2665.0,KB95,6.0,,Jason Kubler,R,178.0,AUS,29.873,71.0,733.0,6-4 6-4,3,QF,88.0,9.0,2.0,55.0,31.0,28.0,14.0,10.0,1.0,1.0,11.0,1.0,73.0,49.0,35.0,10.0,10.0,11.0,13.0
2023-717,Houston,Clay,32,250,O,20230403,5,BO10,,,Gijs Brouwer,L,191.0,NED,27.053,123.0,477.0,W09G,5.0,,J.J. Wolf,R,183.0,USA,24.282,54.0,875.0,6-3 6-4,3,QF,76.0,8.0,1.0,57.0,43.0,38.0,5.0,10.0,0.0,0.0,2.0,2.0,48.0,33.0,24.0,7.0,9.0,1.0,3.0
2023-717,Houston,Clay,32,250,O,20230403,6,EA24,8.0,,Tomas Martin Etcheverry,R,196.0,ARG,23.71,73.0,729.0,GD64,,,Cristian Garin,R,185.0,CHI,26.842,74.0,723.0,6-1 6-7(2) 6-3,3,QF,156.0,12.0,0.0,103.0,62.0,48.0,19.0,15.0,5.0,6.0,3.0,3.0,84.0,55.0,37.0,15.0,13.0,5.0,9.0
2023-717,Houston,Clay,32,250,O,20230403,7,H997,,Q,Yannick Hanfmann,R,193.0,GER,31.387,134.0,432.0,M0FH,,Q,Tomas Machac,R,183.0,CZE,22.47,138.0,420.0,6-2 6-1,3,QF,64.0,7.0,0.0,43.0,33.0,25.0,8.0,8.0,1.0,1.0,1.0,1.0,46.0,28.0,12.0,10.0,7.0,4.0,8.0
2023-717,Houston,Clay,32,250,O,20230403,8,TD51,1.0,,Frances Tiafoe,R,188.0,USA,25.199,15.0,2665.0,J386,,WC,Steve Johnson,R,188.0,USA,33.273,152.0,381.0,6-2 6-4,3,R16,74.0,9.0,0.0,51.0,31.0,26.0,13.0,9.0,0.0,0.0,5.0,3.0,58.0,35.0,27.0,6.0,9.0,2.0,5.0
2023-717,Houston,Clay,32,250,O,20230403,9,KB95,6.0,,Jason Kubler,R,178.0,AUS,29.873,71.0,733.0,GE33,,,Daniel Elahi Galan,R,191.0,COL,26.79,94.0,621.0,6-4 6-2,3,R16,80.0,3.0,0.0,61.0,39.0,29.0,13.0,9.0,2.0,2.0,6.0,1.0,50.0,28.0,20.0,10.0,9.0,2.0,5.0
2023-717,Houston,Clay,32,250,O,20230403,10,BO10,,,Gijs Brouwer,L,191.0,NED,27.053,123.0,477.0,I186,4.0,,John Isner,R,208.0,USA,37.936,46.0,915.0,6-4 7-6(4),3,R16,76.0,5.0,0.0,63.0,54.0,40.0,8.0,11.0,0.0,0.0,7.0,3.0,57.0,32.0,28.0,16.0,11.0,0.0,1.0
2023-717,Houston,Clay,32,250,O,20230403,11,W09G,5.0,,J.J. Wolf,R,183.0,USA,24.282,54.0,875.0,KB09,,,Denis Kudla,R,180.0,USA,30.626,137.0,424.0,6-4 6-1,3,R16,76.0,6.0,0.0,49.0,34.0,25.0,9.0,9.0,0.0,1.0,2.0,2.0,45.0,28.0,18.0,7.0,8.0,2.0,6.0
2023-717,Houston,Clay,32,250,O,20230403,12,EA24,8.0,,Tomas Martin Etcheverry,R,196.0,ARG,23.71,73.0,729.0,PH71,,,Max Purcell,R,185.0,AUS,24.999,86.0,658.0,7-6(5) 6-1,3,R16,109.0,4.0,2.0,66.0,50.0,32.0,7.0,9.0,5.0,7.0,6.0,3.0,80.0,45.0,25.0,15.0,10.0,10.0,15.0
2023-717,Houston,Clay,32,250,O,20230403,13,GD64,,,Cristian Garin,R,185.0,CHI,26.842,74.0,723.0,BU13,,LL,Zizou Bergs,R,185.0,BEL,23.833,167.0,359.0,7-6(4) 7-6(1),3,R16,127.0,5.0,2.0,90.0,58.0,38.0,20.0,12.0,2.0,4.0,4.0,2.0,74.0,55.0,39.0,8.0,12.0,0.0,2.0
2023-717,Houston,Clay,32,250,O,20230403,14,M0FH,,Q,Tomas Machac,R,183.0,CZE,22.47,138.0,420.0,GC88,7.0,,Marcos Giron,R,180.0,USA,29.692,69.0,746.0,6-4 6-4,3,R16,106.0,3.0,1.0,83.0,51.0,35.0,18.0,10.0,9.0,9.0,8.0,0.0,71.0,48.0,33.0,9.0,10.0,6.0,8.0
2023-717,Houston,Clay,32,250,O,20230403,15,H997,,Q,Yannick Hanfmann,R,193.0,GER,31.387,134.0,432.0,PL56,2.0,,Tommy Paul,R,185.0,USA,25.878,18.0,2090.0,7-6(6) 6-2,3,R16,120.0,1.0,1.0,71.0,45.0,24.0,17.0,10.0,3.0,7.0,4.0,4.0,85.0,46.0,24.0,17.0,10.0,8.0,14.0
2023-717,Houston,Clay,32,250,O,20230403,16,J386,,WC,Steve Johnson,R,188.0,USA,33.273,152.0,381.0,BF23,,,Facundo Bagnis,L,183.0,ARG,33.095,113.0,505.0,7-6(5) 1-6 6-1,3,R32,113.0,4.0,4.0,85.0,50.0,39.0,17.0,13.0,5.0,7.0,12.0,3.0,79.0,57.0,38.0,13.0,13.0,3.0,5.0
2023-717,Houston,Clay,32,250,O,20230403,17,GE33,,,Daniel Elahi Galan,R,191.0,COL,26.79,94.0,621.0,Z371,,,Zhizhen Zhang,R,193.0,CHN,26.461,93.0,625.0,6-2 6-3,3,R32,81.0,12.0,1.0,50.0,33.0,27.0,11.0,9.0,1.0,1.0,2.0,2.0,67.0,45.0,27.0,10.0,8.0,3.0,6.0
2023-717,Houston,Clay,32,250,O,20230403,18,KB95,6.0,,Jason Kubler,R,178.0,AUS,29.873,71.0,733.0,V306,,WC,Fernando Verdasco,L,188.0,ESP,39.381,232.0,242.0,7-6(7) 6-0,3,R32,99.0,3.0,4.0,56.0,39.0,28.0,8.0,9.0,1.0,3.0,0.0,4.0,65.0,44.0,23.0,9.0,9.0,1.0,6.0
2023-717,Houston,Clay,32,250,O,20230403,19,BO10,,,Gijs Brouwer,L,191.0,NED,27.053,123.0,477.0,K0AZ,,,Aleksandar Kovacevic,R,183.0,USA,24.594,101.0,568.0,6-4 6-4,3,R32,75.0,3.0,0.0,61.0,43.0,33.0,12.0,10.0,4.0,4.0,9.0,2.0,64.0,36.0,27.0,13.0,10.0,1.0,3.0
2023-717,Houston,Clay,32,250,O,20230403,20,KB09,,,Denis Kudla,R,180.0,USA,30.626,137.0,424.0,V832,,Q,Aleksandar Vukic,R,188.0,AUS,26.99,151.0,381.0,6-4 4-6 6-4,3,R32,115.0,5.0,1.0,83.0,44.0,33.0,21.0,15.0,6.0,9.0,12.0,2.0,77.0,50.0,38.0,12.0,15.0,1.0,5.0
2023-717,Houston,Clay,32,250,O,20230403,21,W09G,5.0,,J.J. Wolf,R,183.0,USA,24.282,54.0,875.0,TC61,,,Jordan Thompson,R,183.0,AUS,28.953,84.0,668.0,6-3 6-2,3,R32,74.0,6.0,1.0,48.0,26.0,22.0,15.0,9.0,0.0,0.0,5.0,2.0,44.0,24.0,17.0,9.0,8.0,0.0,3.0
2023-717,Houston,Clay,32,250,O,20230403,22,EA24,8.0,,Tomas Martin Etcheverry,R,196.0,ARG,23.71,73.0,729.0,C0C8,,,Juan Manuel Cerundolo,L,183.0,ARG,21.38,119.0,492.0,6-3 6-4,3,R32,107.0,2.0,0.0,64.0,50.0,32.0,9.0,10.0,7.0,9.0,3.0,3.0,66.0,44.0,25.0,9.0,9.0,7.0,11.0
2023-717,Houston,Clay,32,250,O,20230403,23,PH71,,,Max Purcell,R,185.0,AUS,24.999,86.0,658.0,AE14,,,Daniel Altmaier,R,188.0,GER,24.556,108.0,515.0,6-4 3-6 6-3,3,R32,132.0,5.0,0.0,82.0,52.0,39.0,17.0,14.0,3.0,4.0,9.0,3.0,92.0,62.0,45.0,15.0,14.0,6.0,8.0
2023-717,Houston,Clay,32,250,O,20230403,24,GD64,,,Cristian Garin,R,185.0,CHI,26.842,74.0,723.0,DA31,,,Hugo Dellien,R,180.0,BOL,29.796,112.0,506.0,6-3 6-0,3,R32,63.0,6.0,0.0,33.0,16.0,15.0,13.0,7.0,0.0,0.0,1.0,2.0,59.0,35.0,19.0,9.0,8.0,3.0,8.0
2023-717,Houston,Clay,32,250,O,20230403,25,GC88,7.0,,Marcos Giron,R,180.0,USA,29.692,69.0,746.0,GA36,,,Emilio Gomez,R,185.0,ECU,31.346,99.0,577.0,6-0 6-2,3,R32,63.0,4.0,0.0,47.0,27.0,17.0,13.0,7.0,1.0,2.0,1.0,4.0,46.0,27.0,13.0,4.0,7.0,2.0,8.0
2023-717,Houston,Clay,32,250,O,20230403,26,M0FH,,Q,Tomas Machac,R,183.0,CZE,22.47,138.0,420.0,SM25,,WC,Jack Sock,R,191.0,USA,30.522,166.0,359.0,6-2 6-4,3,R32,89.0,4.0,0.0,59.0,37.0,30.0,11.0,9.0,4.0,4.0,4.0,5.0,55.0,31.0,23.0,10.0,9.0,3.0,6.0
2023-717,Houston,Clay,32,250,O,20230403,27,H997,,Q,Yannick Hanfmann,R,193.0,GER,31.387,134.0,432.0,WB08,,Q,Yosuke Watanuki,R,180.0,JPN,24.975,107.0,515.0,6-4 3-6 6-2,3,R32,122.0,5.0,1.0,74.0,48.0,35.0,15.0,13.0,6.0,8.0,6.0,6.0,82.0,35.0,26.0,22.0,14.0,5.0,9.0
2023-360,Marrakech,Clay,32,250,O,20230403,1,P09Z,,,Alexei Popyrin,R,196.0,AUS,23.661,95.0,611.0,L0CK,,WC,Younes Lalami Laaroussi,R,188.0,MAR,21.958,937.0,13.0,6-3 6-2,3,R32,71.0,4.0,2.0,44.0,26.0,20.0,10.0,8.0,0.0,1.0,1.0,5.0,52.0,28.0,17.0,9.0,9.0,2.0,7.0
2023-360,Marrakech,Clay,32,250,O,20230403,2,MU94,,,Jaume Munar,R,183.0,ESP,25.911,83.0,675.0,BT68,,WC,Elliot Benchetrit,R,193.0,MAR,24.501,445.0,98.0,6-4 6-4,3,R32,90.0,4.0,5.0,54.0,32.0,23.0,12.0,10.0,1.0,3.0,0.0,4.0,63.0,27.0,17.0,16.0,10.0,4.0,8.0
2023-360,Marrakech,Clay,32,250,O,20230403,3,VA08,,Q,Andrea Vavassori,R,193.0,ITA,27.912,201.0,293.0,J551,8.0,,Nicolas Jarry,R,201.0,CHI,27.477,59.0,859.0,6-2 3-6 6-3,3,R32,122.0,4.0,4.0,87.0,62.0,44.0,14.0,13.0,8.0,9.0,4.0,1.0,66.0,41.0,30.0,14.0,13.0,2.0,5.0
2023-360,Marrakech,Clay,32,250,O,20230403,4,Y218,,Q,Elias Ymer,R,185.0,SWE,26.979,157.0,376.0,MP94,,WC,Adam Moundir,R,191.0,MAR,27.937,720.0,33.0,6-4 7-6(6),3,R32,96.0,8.0,3.0,80.0,51.0,38.0,15.0,11.0,5.0,6.0,1.0,4.0,74.0,38.0,28.0,18.0,11.0,3.0,5.0
2023-360,Marrakech,Clay,32,250,O,20230403,5,KC33,,Q,Dimitar Kuzmanov,R,183.0,BUL,29.681,207.0,283.0,GF95,,LL,Hugo Grenier,R,196.0,FRA,27.028,129.0,464.0,6-3 6-4,3,R32,100.0,1.0,1.0,61.0,42.0,31.0,13.0,10.0,1.0,1.0,3.0,1.0,51.0,28.0,19.0,12.0,9.0,2.0,4.0
2023-360,Marrakech,Clay,32,250,O,20230403,6,CF59,,,Roberto Carballes Baena,R,183.0,ESP,30.029,82.0,675.0,C0BC,5.0,,Maxime Cressy,R,201.0,USA,25.903,38.0,1016.0,6-7(4) 6-3 6-1,3,R32,138.0,3.0,1.0,83.0,62.0,47.0,12.0,14.0,0.0,1.0,9.0,20.0,97.0,56.0,41.0,14.0,14.0,8.0,13.0
2023-360,Marrakech,Clay,32,250,O,20230403,7,BM95,7.0,,Benjamin Bonzi,R,183.0,FRA,26.815,50.0,889.0,V717,,LL,Alexey Vatutin,R,178.0,RUS,30.431,295.0,176.0,6-3 6-3,3,R32,81.0,5.0,1.0,61.0,42.0,31.0,6.0,9.0,3.0,5.0,0.0,2.0,71.0,41.0,19.0,15.0,9.0,6.0,11.0
2023-360,Marrakech,Clay,32,250,O,20230403,8,K09F,,,Pavel Kotov,R,191.0,RUS,24.372,114.0,502.0,MO44,,,Pedro Martinez,R,185.0,ESP,25.936,125.0,471.0,6-2 1-6 7-6(5),3,R32,161.0,5.0,2.0,93.0,56.0,36.0,15.0,13.0,7.0,12.0,1.0,9.0,98.0,61.0,37.0,19.0,14.0,7.0,12.0
2023-360,Marrakech,Clay,32,250,O,20230403,9,O483,,,Christopher O'Connell,R,183.0,AUS,28.832,87.0,657.0,BI47,,Q,Riccardo Bonadio,R,180.0,ITA,29.722,181.0,325.0,7-5 6-4,3,R32,98.0,6.0,3.0,67.0,30.0,24.0,20.0,11.0,2.0,3.0,1.0,4.0,71.0,44.0,28.0,14.0,11.0,5.0,8.0
2023-360,Marrakech,Clay,32,250,O,20230403,10,MP20,,,Alexandre Muller,R,183.0,FRA,26.166,126.0,471.0,G628,6.0,,Richard Gasquet,R,183.0,FRA,36.791,42.0,975.0,6-4 6-4,3,R32,100.0,5.0,2.0,62.0,33.0,22.0,17.0,10.0,1.0,3.0,1.0,4.0,73.0,46.0,28.0,10.0,10.0,7.0,11.0
2023-360,Marrakech,Clay,32,250,O,20230403,11,P0CT,,,Francesco Passaro,R,180.0,ITA,22.234,115.0,497.0,KC56,,,Aslan Karatsev,R,185.0,RUS,29.577,124.0,475.0,7-5 3-6 6-3,3,R32,143.0,3.0,13.0,91.0,51.0,38.0,20.0,15.0,6.0,10.0,4.0,13.0,109.0,64.0,49.0,12.0,15.0,5.0,10.0
2023-360,Marrakech,Clay,32,250,O,20230403,12,G09O,,,Hugo Gaston,L,173.0,FRA,22.516,104.0,535.0,SL28,,,Jan-Lennard Struff,R,193.0,GER,32.939,100.0,574.0,3-6 6-4 7-5,3,R32,127.0,5.0,5.0,94.0,50.0,37.0,26.0,16.0,2.0,4.0,12.0,5.0,90.0,49.0,36.0,24.0,15.0,2.0,4.0
2023-360,Marrakech,Clay,32,250,O,20230403,13,E687,2.0,,Daniel Evans,R,175.0,GBR,32.862,30.0,1345.0,P09Z,,,Alexei Popyrin,R,196.0,AUS,23.661,95.0,611.0,6-1 6-3,3,R16,75.0,3.0,1.0,49.0,33.0,26.0,10.0,8.0,2.0,2.0,5.0,4.0,52.0,29.0,20.0,6.0,8.0,3.0,7.0
2023-360,Marrakech,Clay,32,250,O,20230403,14,VA08,,Q,Andrea Vavassori,R,193.0,ITA,27.912,201.0,293.0,MU94,,,Jaume Munar,R,183.0,ESP,25.911,83.0,675.0,6-7(4) 7-6(6) 6-4,3,R16,192.0,5.0,6.0,116.0,67.0,50.0,27.0,17.0,3.0,5.0,2.0,3.0,117.0,88.0,64.0,12.0,17.0,6.0,9.0
2023-360,Marrakech,Clay,32,250,O,20230403,15,GJ37,4.0,,Tallon Griekspoor,R,188.0,NED,26.752,35.0,1059.0,Y218,,Q,Elias Ymer,R,185.0,SWE,26.979,157.0,376.0,1-6 6-3 6-4,3,R16,115.0,4.0,5.0,82.0,49.0,37.0,10.0,13.0,7.0,13.0,4.0,6.0,78.0,40.0,26.0,16.0,13.0,4.0,10.0
2023-360,Marrakech,Clay,32,250,O,20230403,16,CF59,,,Roberto Carballes Baena,R,183.0,ESP,30.029,82.0,675.0,KC33,,Q,Dimitar Kuzmanov,R,183.0,BUL,29.681,207.0,283.0,2-0 RET,3,R16,5.0,0.0,1.0,5.0,3.0,3.0,1.0,1.0,0.0,0.0,0.0,0.0,4.0,3.0,0.0,0.0,1.0,0.0,1.0
2023-360,Marrakech,Clay,32,250,O,20230403,17,K09F,,,Pavel Kotov,R,191.0,RUS,24.372,114.0,502.0,BM95,7.0,,Benjamin Bonzi,R,183.0,FRA,26.815,50.0,889.0,6-0 7-6(2),3,R16,88.0,2.0,0.0,50.0,30.0,23.0,11.0,9.0,0.0,2.0,1.0,2.0,56.0,34.0,19.0,7.0,9.0,5.0,10.0
2023-360,Marrakech,Clay,32,250,O,20230403,18,O483,,,Christopher O'Connell,R,183.0,AUS,28.832,87.0,657.0,V812,3.0,,Botic van de Zandschulp,R,191.0,NED,27.496,31.0,1250.0,6-7(8) 6-4 6-0,3,R16,161.0,4.0,6.0,110.0,65.0,43.0,20.0,14.0,9.0,12.0,7.0,5.0,94.0,59.0,30.0,17.0,14.0,4.0,11.0
2023-360,Marrakech,Clay,32,250,O,20230403,19,MP20,,,Alexandre Muller,R,183.0,FRA,26.166,126.0,471.0,P0CT,,,Francesco Passaro,R,180.0,ITA,22.234,115.0,497.0,6-4 6-4,3,R16,78.0,4.0,2.0,61.0,41.0,31.0,10.0,10.0,1.0,2.0,5.0,1.0,55.0,39.0,25.0,9.0,10.0,0.0,3.0
2023-360,Marrakech,Clay,32,250,O,20230403,20,M0EJ,1.0,,Lorenzo Musetti,R,185.0,ITA,21.084,21.0,1840.0,G09O,,,Hugo Gaston,L,173.0,FRA,22.516,104.0,535.0,6-2 6-3,3,R16,78.0,0.0,1.0,42.0,18.0,13.0,17.0,8.0,1.0,2.0,0.0,4.0,52.0,29.0,17.0,9.0,9.0,2.0,7.0
2023-360,Marrakech,Clay,32,250,O,20230403,21,E687,2.0,,Daniel Evans,R,175.0,GBR,32.862,30.0,1345.0,VA08,,Q,Andrea Vavassori,R,193.0,ITA,27.912,201.0,293.0,6-3 7-5,3,QF,108.0,0.0,3.0,60.0,41.0,29.0,12.0,10.0,2.0,3.0,2.0,4.0,83.0,51.0,32.0,15.0,11.0,4.0,8.0
2023-360,Marrakech,Clay,32,250,O,20230403,22,CF59,,,Roberto Carballes Baena,R,183.0,ESP,30.029,82.0,675.0,GJ37,4.0,,Tallon Griekspoor,R,188.0,NED,26.752,35.0,1059.0,6-3 2-6 6-2,3,QF,128.0,1.0,3.0,82.0,47.0,29.0,17.0,13.0,6.0,11.0,4.0,8.0,75.0,45.0,30.0,9.0,12.0,5.0,11.0
2023-360,Marrakech,Clay,32,250,O,20230403,23,K09F,,,Pavel Kotov,R,191.0,RUS,24.372,114.0,502.0,O483,,,Christopher O'Connell,R,183.0,AUS,28.832,87.0,657.0,6-3 6-7(6) 7-6(3),3,QF,173.0,4.0,4.0,109.0,71.0,47.0,25.0,17.0,2.0,4.0,2.0,3.0,102.0,66.0,50.0,17.0,16.0,3.0,6.0
2023-360,Marrakech,Clay,32,250,O,20230403,24,MP20,,,Alexandre Muller,R,183.0,FRA,26.166,126.0,471.0,M0EJ,1.0,,Lorenzo Musetti,R,185.0,ITA,21.084,21.0,1840.0,6-3 1-6 6-4,3,QF,113.0,0.0,1.0,72.0,48.0,35.0,11.0,13.0,3.0,6.0,1.0,5.0,80.0,52.0,33.0,16.0,13.0,7.0,10.0
2023-360,Marrakech,Clay,32,250,O,20230403,25,CF59,,,Roberto Carballes Baena,R,183.0,ESP,30.029,82.0,675.0,E687,2.0,,Daniel Evans,R,175.0,GBR,32.862,30.0,1345.0,2-6 6-4 6-2,3,SF,156.0,1.0,2.0,78.0,56.0,34.0,14.0,13.0,6.0,9.0,2.0,3.0,94.0,55.0,36.0,18.0,13.0,8.0,12.0
2023-360,Marrakech,Clay,32,250,O,20230403,26,MP20,,,Alexandre Muller,R,183.0,FRA,26.166,126.0,471.0,K09F,,,Pavel Kotov,R,191.0,RUS,24.372,114.0,502.0,7-6(3) 7-5,3,SF,121.0,1.0,3.0,82.0,52.0,34.0,16.0,12.0,5.0,8.0,4.0,0.0,65.0,43.0,31.0,8.0,12.0,1.0,5.0
2023-360,Marrakech,Clay,32,250,O,20230403,27,CF59,,,Roberto Carballes Baena,R,183.0,ESP,30.029,82.0,675.0,MP20,,,Alexandre Muller,R,183.0,FRA,26.166,126.0,471.0,4-6 7-6(3) 6-2,3,F,181.0,2.0,2.0,96.0,72.0,53.0,12.0,15.0,6.0,8.0,8.0,5.0,112.0,61.0,49.0,22.0,15.0,6.0,9.0
2023-410,Monte Carlo Masters,Clay,64,M,O,20230410,1,BM95,,,Benjamin Bonzi,R,183.0,FRA,26.834,48.0,901.0,Z419,,,Bernabe Zapata Miralles,R,183.0,ESP,26.24,41.0,987.0,6-1 7-5,3,R64,85.0,2.0,1.0,49.0,29.0,22.0,10.0,10.0,0.0,2.0,1.0,0.0,74.0,45.0,24.0,12.0,9.0,6.0,11.0
2023-410,Monte Carlo Masters,Clay,64,M,O,20230410,2,P09Z,,Q,Alexei Popyrin,R,196.0,AUS,23.68,94.0,631.0,L987,,LL,Dusan Lajovic,R,183.0,SRB,32.778,69.0,763.0,7-6(1) 6-3,3,R64,110.0,13.0,2.0,81.0,52.0,40.0,16.0,11.0,5.0,5.0,2.0,2.0,68.0,46.0,32.0,12.0,10.0,5.0,6.0
2023-410,Monte Carlo Masters,Clay,64,M,O,20230410,3,J551,,,Nicolas Jarry,R,201.0,CHI,27.496,58.0,814.0,CG80,15.0,,Borna Coric,R,188.0,CRO,26.401,20.0,1890.0,6-2 6-3,3,R64,77.0,4.0,0.0,43.0,25.0,20.0,16.0,9.0,0.0,0.0,3.0,1.0,48.0,25.0,17.0,11.0,8.0,3.0,6.0
2023-410,Monte Carlo Masters,Clay,64,M,O,20230410,4,L0BV,,,Jiri Lehecka,R,185.0,CZE,21.418,42.0,978.0,RH24,,LL,Emil Ruusuvuori,R,188.0,FIN,24.022,38.0,1021.0,6-1 7-5,3,R64,91.0,3.0,1.0,71.0,50.0,34.0,10.0,10.0,8.0,10.0,1.0,2.0,59.0,30.0,17.0,14.0,9.0,7.0,12.0
2023-410,Monte Carlo Masters,Clay,64,M,O,20230410,5,D875,,,Grigor Dimitrov,R,191.0,BUL,31.901,25.0,1485.0,S0S1,,,Ben Shelton,L,193.0,USA,20.501,39.0,1019.0,6-1 3-6 6-3,3,R64,131.0,10.0,4.0,74.0,46.0,37.0,17.0,13.0,1.0,2.0,9.0,4.0,108.0,67.0,48.0,13.0,12.0,15.0,18.0
2023-410,Monte Carlo Masters,Clay,64,M,O,20230410,6,W367,,WC,Stan Wawrinka,R,183.0,SUI,38.034,90.0,647.0,GJ37,,,Tallon Griekspoor,R,188.0,NED,26.771,35.0,1094.0,5-7 6-3 6-4,3,R64,146.0,9.0,4.0,123.0,73.0,49.0,26.0,16.0,9.0,11.0,7.0,5.0,82.0,44.0,36.0,19.0,15.0,0.0,3.0
2023-410,Monte Carlo Masters,Clay,64,M,O,20230410,7,V812,,,Botic van de Zandschulp,R,191.0,NED,27.515,31.0,1250.0,F724,,Q,Marton Fucsovics,R,188.0,HUN,31.168,73.0,732.0,3-6 7-6(2) 6-1,3,R64,157.0,2.0,4.0,90.0,55.0,37.0,18.0,15.0,5.0,9.0,1.0,7.0,95.0,46.0,30.0,24.0,13.0,9.0,13.0
2023-410,Monte Carlo Masters,Clay,64,M,O,20230410,8,SL28,,Q,Jan-Lennard Struff,R,193.0,GER,32.958,100.0,574.0,R772,,,Albert Ramos-Vinolas,L,188.0,ESP,35.228,50.0,880.0,6-4 6-3,3,R64,88.0,7.0,3.0,62.0,38.0,30.0,13.0,10.0,4.0,5.0,1.0,3.0,55.0,34.0,23.0,9.0,9.0,2.0,5.0
2023-410,Monte Carlo Masters,Clay,64,M,O,20230410,9,DH58,14.0,,Alex de Minaur,R,183.0,AUS,24.142,19.0,2050.0,MC10,,,Andy Murray,R,191.0,GBR,35.904,54.0,860.0,6-1 6-3,3,R64,86.0,1.0,0.0,43.0,15.0,12.0,20.0,8.0,0.0,0.0,1.0,1.0,48.0,24.0,15.0,9.0,8.0,2.0,6.0
2023-410,Monte Carlo Masters,Clay,64,M,O,20230410,10,KE29,9.0,,Karen Khachanov,R,198.0,RUS,26.886,12.0,2855.0,DH50,,,Alejandro Davidovich Fokina,R,180.0,ESP,23.847,24.0,1605.0,6-2 6-2,3,R64,74.0,1.0,1.0,57.0,40.0,31.0,7.0,8.0,3.0,3.0,1.0,1.0,49.0,38.0,19.0,4.0,8.0,0.0,4.0
2023-410,Monte Carlo Masters,Clay,64,M,O,20230410,11,I305,,Q,Ilya Ivashka,R,193.0,BLR,29.123,74.0,721.0,E687,,,Daniel Evans,R,175.0,GBR,32.882,28.0,1425.0,2-6 6-2 6-3,3,R64,113.0,1.0,3.0,80.0,49.0,39.0,12.0,13.0,4.0,6.0,3.0,0.0,61.0,42.0,30.0,12.0,12.0,2.0,5.0
2023-410,Monte Carlo Masters,Clay,64,M,O,20230410,12,MU94,,,Jaume Munar,R,183.0,ESP,25.93,83.0,685.0,HH06,,,Marc-Andrea Huesler,L,196.0,SUI,26.793,60.0,799.0,7-6(3) 4-6 6-4,3,R64,175.0,4.0,4.0,118.0,75.0,44.0,18.0,16.0,13.0,21.0,4.0,0.0,110.0,65.0,36.0,21.0,16.0,8.0,16.0
2023-410,Monte Carlo Masters,Clay,64,M,O,20230410,13,TB69,,WC,Dominic Thiem,R,185.0,AUT,29.599,106.0,555.0,G628,,,Richard Gasquet,R,183.0,FRA,36.81,43.0,930.0,6-1 6-4,3,R64,89.0,6.0,1.0,55.0,31.0,27.0,12.0,9.0,0.0,0.0,1.0,1.0,60.0,29.0,18.0,17.0,8.0,7.0,10.0
2023-410,Monte Carlo Masters,Clay,64,M,O,20230410,14,BK40,,,Matteo Berrettini,R,196.0,ITA,26.992,22.0,1742.0,C0BC,,,Maxime Cressy,R,201.0,USA,25.922,40.0,1016.0,6-4 6-2,3,R64,86.0,3.0,2.0,53.0,42.0,31.0,7.0,9.0,2.0,2.0,6.0,14.0,65.0,32.0,23.0,12.0,9.0,5.0,8.0
2023-410,Monte Carlo Masters,Clay,64,M,O,20230410,15,C0AU,,,Francisco Cerundolo,R,185.0,ARG,24.657,33.0,1140.0,N771,11.0,,Cameron Norrie,L,188.0,GBR,27.63,14.0,2735.0,6-3 6-4,3,R64,72.0,4.0,4.0,50.0,29.0,26.0,11.0,10.0,1.0,2.0,1.0,0.0,48.0,32.0,17.0,12.0,9.0,4.0,7.0
2023-410,Monte Carlo Masters,Clay,64,M,O,20230410,16,Z355,13.0,,Alexander Zverev,R,198.0,GER,25.971,16.0,2410.0,BK92,,,Alexander Bublik,R,196.0,KAZ,25.812,53.0,865.0,3-6 6-2 6-4,3,R64,120.0,3.0,2.0,69.0,39.0,29.0,14.0,13.0,2.0,6.0,7.0,10.0,88.0,48.0,32.0,16.0,14.0,11.0,17.0
2023-410,Monte Carlo Masters,Clay,64,M,O,20230410,17,BD06,,,Roberto Bautista Agut,R,183.0,ESP,34.987,29.0,1395.0,KB05,,LL,Filip Krajinovic,R,185.0,SRB,31.116,78.0,715.0,5-7 7-6(10) 6-1,3,R64,172.0,7.0,1.0,100.0,64.0,46.0,20.0,15.0,3.0,5.0,4.0,1.0,110.0,67.0,39.0,28.0,16.0,9.0,13.0
2023-410,Monte Carlo Masters,Clay,64,M,O,20230410,18,SU87,,WC,Lorenzo Sonego,R,191.0,ITA,27.915,45.0,915.0,HH26,,Q,Ugo Humbert,L,188.0,FRA,24.789,79.0,713.0,3-6 7-5 7-5,3,R64,179.0,4.0,3.0,105.0,71.0,49.0,14.0,16.0,6.0,10.0,2.0,2.0,102.0,63.0,43.0,17.0,17.0,2.0,7.0
2023-410,Monte Carlo Masters,Clay,64,M,O,20230410,19,SM37,,,Diego Schwartzman,R,170.0,ARG,30.648,37.0,1025.0,GB88,,,David Goffin,R,180.0,BEL,32.339,85.0,675.0,6-4 6-2,3,R64,102.0,3.0,0.0,65.0,43.0,28.0,13.0,9.0,5.0,6.0,1.0,3.0,61.0,28.0,19.0,14.0,9.0,2.0,6.0
2023-410,Monte Carlo Masters,Clay,64,M,O,20230410,20,D0CO,,,Jack Draper,L,193.0,GBR,21.298,56.0,839.0,B0BI,,,Sebastian Baez,R,170.0,ARG,22.281,32.0,1215.0,6-3 7-5,3,R64,111.0,6.0,4.0,91.0,61.0,41.0,14.0,11.0,11.0,12.0,1.0,1.0,59.0,40.0,27.0,9.0,10.0,1.0,4.0
2023-410,Monte Carlo Masters,Clay,64,M,O,20230410,21,HB71,10.0,,Hubert Hurkacz,R,196.0,POL,26.157,13.0,2750.0,DB63,,,Laslo Djere,R,188.0,SRB,27.855,62.0,790.0,6-7(5) 7-6(5) 7-6(5),3,R64,198.0,14.0,5.0,123.0,61.0,49.0,30.0,18.0,2.0,6.0,2.0,10.0,150.0,76.0,52.0,35.0,18.0,13.0,17.0
2023-410,Monte Carlo Masters,Clay,64,M,O,20230410,22,M0EJ,16.0,,Lorenzo Musetti,R,185.0,ITA,21.103,21.0,1840.0,KI95,,,Miomir Kecmanovic,R,183.0,SRB,23.608,34.0,1125.0,7-6(1) 6-0,3,R64,89.0,6.0,2.0,59.0,37.0,30.0,14.0,9.0,2.0,2.0,1.0,0.0,54.0,34.0,18.0,10.0,9.0,0.0,3.0
2023-410,Monte Carlo Masters,Clay,64,M,O,20230410,23,N0BG,,Q,Luca Nardi,R,185.0,ITA,19.677,159.0,372.0,VA25,,WC,Valentin Vacherot,R,193.0,MON,24.397,357.0,134.0,7-5 7-5,3,R64,110.0,1.0,1.0,72.0,44.0,29.0,17.0,12.0,2.0,4.0,4.0,1.0,85.0,63.0,38.0,10.0,12.0,10.0,14.0
2023-410,Monte Carlo Masters,Clay,64,M,O,20230410,24,GE28,,Q,Ivan Gakhov,L,191.0,RUS,26.428,198.0,292.0,MK66,,,Mackenzie McDonald,R,178.0,USA,27.984,52.0,865.0,7-6(6) 2-6 6-3,3,R64,120.0,7.0,4.0,98.0,55.0,39.0,21.0,15.0,4.0,8.0,9.0,2.0,80.0,58.0,44.0,9.0,14.0,3.0,6.0
2023-410,Monte Carlo Masters,Clay,64,M,O,20230410,25,TE51,2.0,,Stefanos Tsitsipas,R,193.0,GRE,24.66,3.0,5770.0,BM95,,,Benjamin Bonzi,R,183.0,FRA,26.834,48.0,901.0,4-1 RET,3,R32,22.0,1.0,0.0,15.0,9.0,8.0,4.0,3.0,0.0,0.0,1.0,1.0,16.0,9.0,8.0,0.0,2.0,0.0,1.0
2023-410,Monte Carlo Masters,Clay,64,M,O,20230410,26,J551,,,Nicolas Jarry,R,201.0,CHI,27.496,58.0,814.0,P09Z,,Q,Alexei Popyrin,R,196.0,AUS,23.68,94.0,631.0,3-6 7-5 6-4,3,R32,149.0,7.0,2.0,87.0,59.0,46.0,15.0,15.0,2.0,3.0,10.0,1.0,96.0,49.0,40.0,25.0,16.0,2.0,4.0
2023-410,Monte Carlo Masters,Clay,64,M,O,20230410,27,L0BV,,,Jiri Lehecka,R,185.0,CZE,21.418,42.0,978.0,D875,,,Grigor Dimitrov,R,191.0,BUL,31.901,25.0,1485.0,7-6(4) 6-4,3,R32,100.0,2.0,0.0,73.0,49.0,31.0,16.0,11.0,2.0,4.0,3.0,5.0,71.0,49.0,34.0,7.0,11.0,3.0,6.0
2023-410,Monte Carlo Masters,Clay,64,M,O,20230410,28,FB98,8.0,,Taylor Fritz,R,196.0,USA,25.448,10.0,3065.0,W367,,WC,Stan Wawrinka,R,183.0,SUI,38.034,90.0,647.0,7-6(10) 6-2,3,R32,98.0,8.0,1.0,68.0,39.0,32.0,19.0,10.0,5.0,5.0,2.0,2.0,72.0,42.0,32.0,13.0,10.0,3.0,5.0
2023-410,Monte Carlo Masters,Clay,64,M,O,20230410,29,RH16,4.0,,Casper Ruud,R,183.0,NOR,24.298,4.0,5255.0,V812,,,Botic van de Zandschulp,R,191.0,NED,27.515,31.0,1250.0,7-5 7-6(1),3,R32,135.0,2.0,3.0,83.0,44.0,30.0,19.0,12.0,4.0,8.0,3.0,3.0,82.0,45.0,27.0,14.0,12.0,8.0,13.0
2023-410,Monte Carlo Masters,Clay,64,M,O,20230410,30,SL28,,Q,Jan-Lennard Struff,R,193.0,GER,32.958,100.0,574.0,DH58,14.0,,Alex de Minaur,R,183.0,AUS,24.142,19.0,2050.0,6-3 6-2,3,R32,69.0,6.0,3.0,47.0,28.0,24.0,10.0,8.0,2.0,3.0,1.0,3.0,53.0,29.0,19.0,7.0,9.0,1.0,6.0
2023-410,Monte Carlo Masters,Clay,64,M,O,20230410,31,KE29,9.0,,Karen Khachanov,R,198.0,RUS,26.886,12.0,2855.0,I305,,Q,Ilya Ivashka,R,193.0,BLR,29.123,74.0,721.0,7-6(2) 6-2,3,R32,100.0,3.0,3.0,70.0,45.0,33.0,16.0,10.0,3.0,3.0,0.0,1.0,61.0,30.0,19.0,18.0,10.0,1.0,3.0
2023-410,Monte Carlo Masters,Clay,64,M,O,20230410,32,RE44,5.0,,Andrey Rublev,R,188.0,RUS,25.47,6.0,3470.0,MU94,,,Jaume Munar,R,183.0,ESP,25.93,83.0,685.0,4-6 6-2 6-2,3,R32,135.0,1.0,1.0,90.0,40.0,27.0,25.0,13.0,5.0,8.0,1.0,3.0,73.0,44.0,24.0,14.0,13.0,4.0,10.0
2023-410,Monte Carlo Masters,Clay,64,M,O,20230410,33,R0DG,6.0,,Holger Rune,R,188.0,DEN,19.948,9.0,3335.0,TB69,,WC,Dominic Thiem,R,185.0,AUT,29.599,106.0,555.0,6-2 6-4,3,R32,95.0,0.0,3.0,56.0,35.0,28.0,11.0,9.0,2.0,2.0,2.0,1.0,58.0,32.0,22.0,11.0,9.0,6.0,9.0
2023-410,Monte Carlo Masters,Clay,64,M,O,20230410,34,BK40,,,Matteo Berrettini,R,196.0,ITA,26.992,22.0,1742.0,C0AU,,,Francisco Cerundolo,R,185.0,ARG,24.657,33.0,1140.0,5-7 7-6(1) 6-4,3,R32,162.0,3.0,3.0,100.0,61.0,48.0,20.0,17.0,1.0,4.0,2.0,4.0,120.0,88.0,58.0,16.0,17.0,13.0,16.0
2023-410,Monte Carlo Masters,Clay,64,M,O,20230410,35,Z355,13.0,,Alexander Zverev,R,198.0,GER,25.971,16.0,2410.0,BD06,,,Roberto Bautista Agut,R,183.0,ESP,34.987,29.0,1395.0,6-4 6-4,3,R32,107.0,11.0,5.0,65.0,47.0,35.0,7.0,10.0,2.0,3.0,2.0,2.0,67.0,41.0,26.0,12.0,10.0,3.0,6.0
2023-410,Monte Carlo Masters,Clay,64,M,O,20230410,36,MM58,3.0,,Daniil Medvedev,R,198.0,RUS,27.159,5.0,5150.0,SU87,,WC,Lorenzo Sonego,R,191.0,ITA,27.915,45.0,915.0,6-3 6-2,3,R32,88.0,2.0,4.0,53.0,30.0,27.0,11.0,9.0,1.0,1.0,0.0,2.0,58.0,27.0,15.0,15.0,8.0,6.0,9.0
2023-410,Monte Carlo Masters,Clay,64,M,O,20230410,37,S0AG,7.0,,Jannik Sinner,R,191.0,ITA,21.648,8.0,3345.0,SM37,,,Diego Schwartzman,R,170.0,ARG,30.648,37.0,1025.0,6-0 3-1 RET,3,R32,42.0,2.0,2.0,25.0,12.0,10.0,10.0,5.0,0.0,0.0,0.0,7.0,26.0,14.0,4.0,2.0,5.0,0.0,4.0
2023-410,Monte Carlo Masters,Clay,64,M,O,20230410,38,HB71,10.0,,Hubert Hurkacz,R,196.0,POL,26.157,13.0,2750.0,D0CO,,,Jack Draper,L,193.0,GBR,21.298,56.0,839.0,6-3 6-7(3) 7-5,3,R32,148.0,20.0,2.0,109.0,56.0,48.0,21.0,17.0,5.0,8.0,5.0,3.0,105.0,65.0,47.0,15.0,16.0,3.0,8.0
2023-410,Monte Carlo Masters,Clay,64,M,O,20230410,39,M0EJ,16.0,,Lorenzo Musetti,R,185.0,ITA,21.103,21.0,1840.0,N0BG,,Q,Luca Nardi,R,185.0,ITA,19.677,159.0,372.0,6-0 6-0,3,R32,50.0,1.0,0.0,33.0,21.0,18.0,7.0,6.0,1.0,1.0,0.0,1.0,38.0,28.0,10.0,1.0,6.0,1.0,7.0
2023-410,Monte Carlo Masters,Clay,64,M,O,20230410,40,D643,1.0,,Novak Djokovic,R,188.0,SRB,35.885,1.0,7160.0,GE28,,Q,Ivan Gakhov,L,191.0,RUS,26.428,198.0,292.0,7-6(5) 6-2,3,R32,107.0,4.0,2.0,65.0,39.0,30.0,16.0,10.0,3.0,4.0,5.0,7.0,77.0,39.0,25.0,19.0,10.0,4.0,7.0
2023-410,Monte Carlo Masters,Clay,64,M,O,20230410,41,TE51,2.0,,Stefanos Tsitsipas,R,193.0,GRE,24.66,3.0,5770.0,J551,,,Nicolas Jarry,R,201.0,CHI,27.496,58.0,814.0,6-3 6-4,3,R16,93.0,8.0,0.0,61.0,40.0,32.0,12.0,10.0,2.0,2.0,3.0,3.0,72.0,49.0,35.0,7.0,9.0,8.0,10.0
2023-410,Monte Carlo Masters,Clay,64,M,O,20230410,42,FB98,8.0,,Taylor Fritz,R,196.0,USA,25.448,10.0,3065.0,L0BV,,,Jiri Lehecka,R,185.0,CZE,21.418,42.0,978.0,4-6 6-4 6-1,3,R16,102.0,5.0,2.0,81.0,50.0,37.0,19.0,14.0,7.0,9.0,2.0,2.0,68.0,43.0,30.0,13.0,13.0,3.0,7.0
2023-410,Monte Carlo Masters,Clay,64,M,O,20230410,43,SL28,,Q,Jan-Lennard Struff,R,193.0,GER,32.958,100.0,574.0,RH16,4.0,,Casper Ruud,R,183.0,NOR,24.298,4.0,5255.0,6-1 7-6(6),3,R16,103.0,3.0,1.0,67.0,38.0,30.0,15.0,10.0,5.0,7.0,3.0,4.0,77.0,45.0,28.0,13.0,9.0,10.0,14.0
2023-410,Monte Carlo Masters,Clay,64,M,O,20230410,44,RE44,5.0,,Andrey Rublev,R,188.0,RUS,25.47,6.0,3470.0,KE29,9.0,,Karen Khachanov,R,198.0,RUS,26.886,12.0,2855.0,7-6(4) 6-2,3,R16,90.0,5.0,0.0,63.0,41.0,27.0,15.0,10.0,0.0,1.0,2.0,1.0,64.0,38.0,19.0,17.0,10.0,0.0,3.0
2023-410,Monte Carlo Masters,Clay,64,M,O,20230410,45,R0DG,6.0,,Holger Rune,R,188.0,DEN,19.948,9.0,3335.0,BK40,,,Matteo Berrettini,R,196.0,ITA,26.992,22.0,1742.0,W/O,3,R16,0.0,,,,,,,,,,,,,,,,,,
2023-410,Monte Carlo Masters,Clay,64,M,O,20230410,46,MM58,3.0,,Daniil Medvedev,R,198.0,RUS,27.159,5.0,5150.0,Z355,13.0,,Alexander Zverev,R,198.0,GER,25.971,16.0,2410.0,3-6 7-5 7-6(7),3,R16,185.0,3.0,8.0,103.0,56.0,40.0,19.0,16.0,5.0,11.0,4.0,4.0,115.0,71.0,44.0,18.0,17.0,7.0,13.0
2023-410,Monte Carlo Masters,Clay,64,M,O,20230410,47,S0AG,7.0,,Jannik Sinner,R,191.0,ITA,21.648,8.0,3345.0,HB71,10.0,,Hubert Hurkacz,R,196.0,POL,26.157,13.0,2750.0,3-6 7-6(6) 6-1,3,R16,147.0,3.0,3.0,89.0,52.0,39.0,21.0,13.0,6.0,8.0,15.0,8.0,115.0,60.0,50.0,17.0,15.0,8.0,12.0
2023-410,Monte Carlo Masters,Clay,64,M,O,20230410,48,M0EJ,16.0,,Lorenzo Musetti,R,185.0,ITA,21.103,21.0,1840.0,D643,1.0,,Novak Djokovic,R,188.0,SRB,35.885,1.0,7160.0,4-6 7-5 6-4,3,R16,174.0,6.0,0.0,103.0,58.0,33.0,23.0,16.0,6.0,13.0,1.0,6.0,94.0,63.0,37.0,12.0,16.0,6.0,14.0
2023-410,Monte Carlo Masters,Clay,64,M,O,20230410,49,FB98,8.0,,Taylor Fritz,R,196.0,USA,25.448,10.0,3065.0,TE51,2.0,,Stefanos Tsitsipas,R,193.0,GRE,24.66,3.0,5770.0,6-2 6-4,3,QF,70.0,3.0,1.0,45.0,25.0,20.0,14.0,9.0,0.0,1.0,1.0,1.0,47.0,25.0,16.0,10.0,9.0,1.0,5.0
2023-410,Monte Carlo Masters,Clay,64,M,O,20230410,50,RE44,5.0,,Andrey Rublev,R,188.0,RUS,25.47,6.0,3470.0,SL28,,Q,Jan-Lennard Struff,R,193.0,GER,32.958,100.0,574.0,6-1 7-6(5),3,QF,99.0,7.0,5.0,70.0,35.0,27.0,16.0,10.0,1.0,3.0,6.0,6.0,74.0,31.0,19.0,19.0,9.0,10.0,14.0
2023-410,Monte Carlo Masters,Clay,64,M,O,20230410,51,R0DG,6.0,,Holger Rune,R,188.0,DEN,19.948,9.0,3335.0,MM58,3.0,,Daniil Medvedev,R,198.0,RUS,27.159,5.0,5150.0,6-3 6-4,3,QF,77.0,1.0,2.0,52.0,27.0,20.0,18.0,10.0,1.0,2.0,1.0,2.0,58.0,36.0,21.0,14.0,9.0,2.0,5.0
2023-410,Monte Carlo Masters,Clay,64,M,O,20230410,52,S0AG,7.0,,Jannik Sinner,R,191.0,ITA,21.648,8.0,3345.0,M0EJ,16.0,,Lorenzo Musetti,R,185.0,ITA,21.103,21.0,1840.0,6-2 6-2,3,QF,75.0,1.0,0.0,55.0,31.0,24.0,14.0,8.0,5.0,5.0,1.0,3.0,42.0,25.0,16.0,4.0,8.0,2.0,6.0
2023-410,Monte Carlo Masters,Clay,64,M,O,20230410,53,RE44,5.0,,Andrey Rublev,R,188.0,RUS,25.47,6.0,3470.0,FB98,8.0,,Taylor Fritz,R,196.0,USA,25.448,10.0,3065.0,5-7 6-1 6-3,3,SF,127.0,2.0,3.0,88.0,48.0,31.0,20.0,14.0,3.0,8.0,5.0,6.0,96.0,47.0,30.0,17.0,14.0,13.0,21.0
2023-410,Monte Carlo Masters,Clay,64,M,O,20230410,54,R0DG,6.0,,Holger Rune,R,188.0,DEN,19.948,9.0,3335.0,S0AG,7.0,,Jannik Sinner,R,191.0,ITA,21.648,8.0,3345.0,1-6 7-5 7-5,3,SF,166.0,4.0,5.0,86.0,56.0,38.0,16.0,15.0,4.0,7.0,0.0,5.0,116.0,65.0,42.0,29.0,16.0,11.0,14.0
2023-410,Monte Carlo Masters,Clay,64,M,O,20230410,55,RE44,5.0,,Andrey Rublev,R,188.0,RUS,25.47,6.0,3470.0,R0DG,6.0,,Holger Rune,R,188.0,DEN,19.948,9.0,3335.0,5-7 6-2 7-5,3,F,154.0,5.0,4.0,95.0,47.0,35.0,25.0,16.0,4.0,8.0,6.0,9.0,112.0,56.0,40.0,21.0,16.0,13.0,1.0
2023-425,Barcelona,Clay,64,500,O,20230417,1,CG04,,,Pedro Cachin,R,185.0,ARG,28.014,69.0,747.0,BO10,,,Gijs Brouwer,L,191.0,NED,27.091,121.0,496.0,6-3 7-5,3,R64,78.0,4.0,1.0,68.0,40.0,32.0,15.0,11.0,4.0,5.0,3.0,3.0,62.0,47.0,30.0,7.0,10.0,2.0,5.0
2023-425,Barcelona,Clay,64,500,O,20230417,2,KC04,,Q,Jozef Kovalik,R,183.0,SVK,30.448,155.0,377.0,MO44,,,Pedro Martinez,R,185.0,ESP,25.974,136.0,426.0,7-5 2-6 7-5,3,R64,171.0,3.0,2.0,106.0,63.0,34.0,22.0,16.0,9.0,16.0,0.0,7.0,91.0,59.0,36.0,13.0,16.0,2.0,9.0
2023-425,Barcelona,Clay,64,500,O,20230417,3,GA36,,,Emilio Gomez,R,185.0,ECU,31.384,120.0,497.0,R772,,,Albert Ramos-Vinolas,L,188.0,ESP,35.247,58.0,810.0,6-3 1-6 6-4,3,R64,120.0,2.0,4.0,69.0,44.0,28.0,9.0,13.0,3.0,9.0,4.0,1.0,84.0,48.0,24.0,20.0,13.0,6.0,12.0
2023-425,Barcelona,Clay,64,500,O,20230417,4,S0H2,,,Alexander Shevchenko,R,188.0,KAZ,22.379,98.0,610.0,GA79,,Q,Lorenzo Giustino,R,180.0,ITA,31.6,223.0,259.0,6-2 6-2,3,R64,63.0,6.0,1.0,43.0,24.0,20.0,12.0,8.0,0.0,0.0,1.0,2.0,46.0,31.0,20.0,4.0,8.0,0.0,4.0
2023-425,Barcelona,Clay,64,500,O,20230417,5,SM37,,,Diego Schwartzman,R,170.0,ARG,30.667,48.0,890.0,WB32,,,Yibing Wu,R,183.0,CHN,23.507,56.0,843.0,6-2 6-2,3,R64,79.0,0.0,0.0,42.0,28.0,17.0,12.0,8.0,1.0,2.0,1.0,1.0,65.0,42.0,17.0,13.0,8.0,6.0,11.0
2023-425,Barcelona,Clay,64,500,O,20230417,6,GB88,,,David Goffin,R,180.0,BEL,32.359,99.0,595.0,L397,,WC,Feliciano Lopez,L,188.0,ESP,41.572,593.0,55.0,7-6(3) 6-7(4) 6-0,3,R64,135.0,8.0,5.0,81.0,51.0,42.0,17.0,15.0,0.0,3.0,11.0,5.0,107.0,48.0,35.0,26.0,15.0,8.0,14.0
2023-425,Barcelona,Clay,64,500,O,20230417,7,KB95,,,Jason Kubler,R,178.0,AUS,29.911,66.0,769.0,R0FP,,WC,Daniel Rincon,L,185.0,ESP,20.274,300.0,172.0,6-4 6-3,3,R64,81.0,2.0,2.0,51.0,38.0,29.0,9.0,10.0,0.0,1.0,5.0,5.0,60.0,33.0,23.0,11.0,9.0,3.0,6.0
2023-425,Barcelona,Clay,64,500,O,20230417,8,K09F,,Q,Pavel Kotov,R,191.0,RUS,24.411,108.0,553.0,K0DP,,Q,Oleksii Krutykh,R,185.0,UKR,23.102,180.0,327.0,6-7(5) 6-4 6-1,3,R64,145.0,6.0,3.0,81.0,61.0,49.0,14.0,14.0,1.0,1.0,2.0,3.0,96.0,64.0,46.0,14.0,15.0,4.0,8.0
2023-425,Barcelona,Clay,64,500,O,20230417,9,J551,,,Nicolas Jarry,R,201.0,CHI,27.515,51.0,874.0,TA29,,Q,Marco Trungelliti,R,178.0,ARG,33.207,240.0,233.0,7-5 6-3,3,R64,110.0,5.0,4.0,65.0,32.0,25.0,19.0,11.0,1.0,2.0,3.0,3.0,68.0,36.0,24.0,16.0,10.0,5.0,8.0
2023-425,Barcelona,Clay,64,500,O,20230417,10,A0FC,,Q,Matteo Arnaldi,R,185.0,ITA,22.146,105.0,560.0,MU94,,,Jaume Munar,R,183.0,ESP,25.949,83.0,695.0,6-3 6-4,3,R64,117.0,1.0,1.0,78.0,39.0,26.0,18.0,10.0,8.0,11.0,0.0,3.0,61.0,40.0,22.0,7.0,9.0,5.0,10.0
2023-425,Barcelona,Clay,64,500,O,20230417,11,P0CT,,,Francesco Passaro,R,180.0,ITA,22.272,125.0,486.0,V306,,WC,Fernando Verdasco,L,188.0,ESP,39.42,244.0,229.0,6-1 6-1,3,R64,62.0,3.0,2.0,39.0,21.0,18.0,8.0,7.0,1.0,2.0,1.0,5.0,42.0,22.0,10.0,5.0,7.0,2.0,8.0
2023-425,Barcelona,Clay,64,500,O,20230417,12,S0S1,,,Ben Shelton,L,193.0,USA,20.52,37.0,1029.0,MK66,,,Mackenzie McDonald,R,178.0,USA,28.003,54.0,865.0,7-5 6-4,3,R64,98.0,9.0,2.0,68.0,49.0,33.0,8.0,11.0,1.0,4.0,1.0,1.0,68.0,44.0,27.0,10.0,11.0,1.0,6.0
2023-425,Barcelona,Clay,64,500,O,20230417,13,RH24,,,Emil Ruusuvuori,R,188.0,FIN,24.041,40.0,977.0,BK92,,,Alexander Bublik,R,196.0,KAZ,25.832,55.0,865.0,6-0 6-3,3,R64,55.0,0.0,1.0,47.0,29.0,22.0,12.0,8.0,1.0,1.0,1.0,6.0,38.0,20.0,13.0,5.0,7.0,1.0,5.0
2023-425,Barcelona,Clay,64,500,O,20230417,14,EA24,,,Tomas Martin Etcheverry,R,196.0,ARG,23.748,59.0,806.0,A596,,WC,Pablo Andujar,R,180.0,ESP,37.229,323.0,155.0,6-2 7-5,3,R64,120.0,3.0,4.0,78.0,56.0,34.0,9.0,10.0,9.0,12.0,0.0,5.0,64.0,43.0,21.0,8.0,10.0,4.0,10.0
2023-425,Barcelona,Clay,64,500,O,20230417,15,Z419,,,Bernabe Zapata Miralles,R,183.0,ESP,26.259,41.0,968.0,BD80,,PR,Attila Balazs,R,180.0,HUN,34.552,745.0,30.0,6-2 6-2,3,R64,74.0,0.0,1.0,52.0,33.0,22.0,8.0,8.0,1.0,3.0,1.0,2.0,51.0,36.0,17.0,4.0,8.0,5.0,11.0
2023-425,Barcelona,Clay,64,500,O,20230417,16,BT72,,,Nuno Borges,R,185.0,POR,26.155,79.0,711.0,I305,,,Ilya Ivashka,R,193.0,BLR,29.142,61.0,781.0,6-2 6-3,3,R64,85.0,2.0,0.0,47.0,31.0,20.0,12.0,9.0,0.0,2.0,4.0,4.0,87.0,48.0,29.0,13.0,8.0,15.0,20.0
2023-425,Barcelona,Clay,64,500,O,20230417,17,TE51,2.0,,Stefanos Tsitsipas,R,193.0,GRE,24.679,5.0,4950.0,CG04,,,Pedro Cachin,R,185.0,ARG,28.014,69.0,747.0,6-4 6-2,3,R32,78.0,1.0,0.0,54.0,34.0,29.0,10.0,9.0,0.0,0.0,2.0,1.0,55.0,36.0,24.0,8.0,9.0,0.0,3.0
2023-425,Barcelona,Clay,64,500,O,20230417,18,SU55,14.0,,Denis Shapovalov,L,185.0,CAN,24.005,28.0,1380.0,KC04,,Q,Jozef Kovalik,R,183.0,SVK,30.448,155.0,377.0,6-4 6-3,3,R32,80.0,13.0,4.0,68.0,45.0,34.0,11.0,10.0,7.0,7.0,2.0,0.0,53.0,38.0,26.0,7.0,9.0,1.0,3.0
2023-425,Barcelona,Clay,64,500,O,20230417,19,D875,11.0,,Grigor Dimitrov,R,191.0,BUL,31.921,31.0,1170.0,GA36,,,Emilio Gomez,R,185.0,ECU,31.384,120.0,497.0,6-3 6-1,3,R32,63.0,6.0,2.0,42.0,27.0,25.0,6.0,8.0,0.0,1.0,1.0,3.0,47.0,23.0,13.0,7.0,8.0,1.0,6.0
2023-425,Barcelona,Clay,64,500,O,20230417,20,DH58,8.0,,Alex de Minaur,R,183.0,AUS,24.162,19.0,2050.0,S0H2,,,Alexander Shevchenko,R,188.0,KAZ,22.379,98.0,610.0,6-0 6-1,3,R32,62.0,0.0,1.0,40.0,18.0,16.0,12.0,6.0,3.0,3.0,0.0,3.0,50.0,21.0,9.0,10.0,7.0,3.0,9.0
2023-425,Barcelona,Clay,64,500,O,20230417,21,S0AG,4.0,,Jannik Sinner,R,191.0,ITA,21.667,8.0,3525.0,SM37,,,Diego Schwartzman,R,170.0,ARG,30.667,48.0,890.0,6-2 6-4,3,R32,100.0,1.0,2.0,60.0,36.0,20.0,16.0,9.0,5.0,8.0,1.0,3.0,60.0,34.0,16.0,10.0,9.0,3.0,9.0
2023-425,Barcelona,Clay,64,500,O,20230417,22,N732,16.0,,Yoshihito Nishioka,L,170.0,JPN,27.554,35.0,1093.0,GB88,,,David Goffin,R,180.0,BEL,32.359,99.0,595.0,6-1 7-5,3,R32,75.0,3.0,1.0,50.0,33.0,22.0,13.0,10.0,1.0,3.0,2.0,5.0,58.0,35.0,18.0,8.0,9.0,4.0,9.0
2023-425,Barcelona,Clay,64,500,O,20230417,23,M0EJ,9.0,,Lorenzo Musetti,R,185.0,ITA,21.123,20.0,1930.0,KB95,,,Jason Kubler,R,178.0,AUS,29.911,66.0,769.0,6-3 6-1,3,R32,73.0,2.0,0.0,47.0,30.0,21.0,10.0,8.0,1.0,2.0,1.0,2.0,47.0,27.0,11.0,9.0,8.0,4.0,9.0
2023-425,Barcelona,Clay,64,500,O,20230417,24,N771,7.0,,Cameron Norrie,L,188.0,GBR,27.65,13.0,2735.0,K09F,,Q,Pavel Kotov,R,191.0,RUS,24.411,108.0,553.0,6-1 6-2,3,R32,73.0,2.0,2.0,52.0,35.0,25.0,12.0,8.0,4.0,4.0,2.0,2.0,55.0,35.0,19.0,8.0,7.0,5.0,9.0
2023-425,Barcelona,Clay,64,500,O,20230417,25,KE29,6.0,,Karen Khachanov,R,198.0,RUS,26.905,11.0,2900.0,J551,,,Nicolas Jarry,R,201.0,CHI,27.515,51.0,874.0,6-4 6-4,3,R32,94.0,2.0,1.0,60.0,39.0,27.0,13.0,10.0,3.0,4.0,4.0,0.0,62.0,34.0,26.0,12.0,10.0,5.0,8.0
2023-425,Barcelona,Clay,64,500,O,20230417,26,E687,12.0,,Daniel Evans,R,175.0,GBR,32.901,26.0,1390.0,A0FC,,Q,Matteo Arnaldi,R,185.0,ITA,22.146,105.0,560.0,6-4 6-3,3,R32,108.0,4.0,1.0,71.0,47.0,33.0,13.0,9.0,10.0,10.0,3.0,5.0,70.0,37.0,23.0,17.0,10.0,6.0,9.0
2023-425,Barcelona,Clay,64,500,O,20230417,27,C0AU,15.0,,Francisco Cerundolo,R,185.0,ARG,24.676,32.0,1165.0,P0CT,,,Francesco Passaro,R,180.0,ITA,22.272,125.0,486.0,6-2 6-2,3,R32,71.0,0.0,3.0,52.0,38.0,32.0,5.0,8.0,3.0,3.0,1.0,1.0,58.0,29.0,18.0,12.0,8.0,5.0,9.0
2023-425,Barcelona,Clay,64,500,O,20230417,28,RH16,3.0,,Casper Ruud,R,183.0,NOR,24.318,3.0,5255.0,S0S1,,,Ben Shelton,L,193.0,USA,20.52,37.0,1029.0,6-2 7-6(1),3,R32,99.0,0.0,2.0,69.0,51.0,39.0,8.0,10.0,4.0,5.0,3.0,1.0,69.0,41.0,26.0,13.0,10.0,5.0,8.0
2023-425,Barcelona,Clay,64,500,O,20230417,29,RH24,,,Emil Ruusuvuori,R,188.0,FIN,24.041,40.0,977.0,TD51,5.0,,Frances Tiafoe,R,188.0,USA,25.238,12.0,2870.0,6-4 6-7(3) 6-4,3,R32,165.0,11.0,4.0,120.0,85.0,55.0,16.0,16.0,13.0,17.0,4.0,4.0,109.0,57.0,42.0,21.0,16.0,7.0,13.0
2023-425,Barcelona,Clay,64,500,O,20230417,30,DH50,10.0,,Alejandro Davidovich Fokina,R,180.0,ESP,23.866,38.0,1025.0,EA24,,,Tomas Martin Etcheverry,R,196.0,ARG,23.748,59.0,806.0,6-3 6-3,3,R32,91.0,0.0,2.0,53.0,38.0,29.0,6.0,9.0,2.0,3.0,4.0,0.0,62.0,38.0,22.0,11.0,9.0,4.0,8.0
2023-425,Barcelona,Clay,64,500,O,20230417,31,BD06,13.0,,Roberto Bautista Agut,R,183.0,ESP,35.006,25.0,1440.0,Z419,,,Bernabe Zapata Miralles,R,183.0,ESP,26.259,41.0,968.0,6-2 6-2,3,R32,61.0,1.0,0.0,43.0,25.0,19.0,12.0,8.0,1.0,2.0,2.0,2.0,45.0,30.0,12.0,8.0,8.0,4.0,9.0
2023-425,Barcelona,Clay,64,500,O,20230417,32,A0E2,1.0,,Carlos Alcaraz,R,183.0,ESP,19.951,2.0,6770.0,BT72,,,Nuno Borges,R,185.0,POR,26.155,79.0,711.0,6-3 6-1,3,R32,63.0,0.0,2.0,43.0,21.0,16.0,15.0,8.0,1.0,2.0,0.0,1.0,47.0,25.0,17.0,5.0,8.0,2.0,7.0
2023-425,Barcelona,Clay,64,500,O,20230417,33,TE51,2.0,,Stefanos Tsitsipas,R,193.0,GRE,24.679,5.0,4950.0,SU55,14.0,,Denis Shapovalov,L,185.0,CAN,24.005,28.0,1380.0,6-3 6-2,3,R16,77.0,1.0,3.0,56.0,37.0,27.0,12.0,8.0,2.0,2.0,5.0,12.0,63.0,29.0,21.0,12.0,9.0,5.0,9.0
2023-425,Barcelona,Clay,64,500,O,20230417,34,DH58,8.0,,Alex de Minaur,R,183.0,AUS,24.162,19.0,2050.0,D875,11.0,,Grigor Dimitrov,R,191.0,BUL,31.921,31.0,1170.0,W/O,3,R16,0.0,,,,,,,,,,,,,,,,,,
2023-425,Barcelona,Clay,64,500,O,20230417,35,S0AG,4.0,,Jannik Sinner,R,191.0,ITA,21.667,8.0,3525.0,N732,16.0,,Yoshihito Nishioka,L,170.0,JPN,27.554,35.0,1093.0,6-1 4-6 6-3,3,R16,128.0,4.0,2.0,73.0,32.0,24.0,19.0,13.0,4.0,9.0,0.0,1.0,93.0,54.0,27.0,16.0,13.0,8.0,16.0
2023-425,Barcelona,Clay,64,500,O,20230417,36,M0EJ,9.0,,Lorenzo Musetti,R,185.0,ITA,21.123,20.0,1930.0,N771,7.0,,Cameron Norrie,L,188.0,GBR,27.65,13.0,2735.0,3-6 6-4 6-1,3,R16,124.0,1.0,1.0,91.0,64.0,40.0,15.0,13.0,6.0,8.0,2.0,1.0,70.0,50.0,31.0,10.0,13.0,2.0,6.0
2023-425,Barcelona,Clay,64,500,O,20230417,37,E687,12.0,,Daniel Evans,R,175.0,GBR,32.901,26.0,1390.0,KE29,6.0,,Karen Khachanov,R,198.0,RUS,26.905,11.0,2900.0,6-3 6-4,3,R16,88.0,5.0,1.0,68.0,45.0,33.0,14.0,10.0,5.0,5.0,5.0,2.0,46.0,30.0,22.0,9.0,9.0,1.0,3.0
2023-425,Barcelona,Clay,64,500,O,20230417,38,C0AU,15.0,,Francisco Cerundolo,R,185.0,ARG,24.676,32.0,1165.0,RH16,3.0,,Casper Ruud,R,183.0,NOR,24.318,3.0,5255.0,7-6(5) 6-3,3,R16,113.0,1.0,5.0,79.0,55.0,42.0,10.0,11.0,3.0,4.0,2.0,4.0,82.0,55.0,34.0,14.0,10.0,6.0,8.0
2023-425,Barcelona,Clay,64,500,O,20230417,39,DH50,10.0,,Alejandro Davidovich Fokina,R,180.0,ESP,23.866,38.0,1025.0,RH24,,,Emil Ruusuvuori,R,188.0,FIN,24.041,40.0,977.0,6-4 7-5,3,R16,85.0,1.0,0.0,60.0,43.0,29.0,13.0,11.0,1.0,2.0,3.0,0.0,56.0,43.0,30.0,7.0,11.0,1.0,4.0
2023-425,Barcelona,Clay,64,500,O,20230417,40,A0E2,1.0,,Carlos Alcaraz,R,183.0,ESP,19.951,2.0,6770.0,BD06,13.0,,Roberto Bautista Agut,R,183.0,ESP,35.006,25.0,1440.0,6-3 7-5,3,R16,113.0,3.0,3.0,75.0,42.0,26.0,18.0,11.0,4.0,7.0,1.0,2.0,69.0,42.0,19.0,15.0,10.0,5.0,10.0
2023-425,Barcelona,Clay,64,500,O,20230417,41,TE51,2.0,,Stefanos Tsitsipas,R,193.0,GRE,24.679,5.0,4950.0,DH58,8.0,,Alex de Minaur,R,183.0,AUS,24.162,19.0,2050.0,6-4 6-2,3,QF,81.0,1.0,0.0,51.0,29.0,21.0,16.0,9.0,1.0,1.0,0.0,5.0,57.0,27.0,20.0,14.0,9.0,6.0,9.0
2023-425,Barcelona,Clay,64,500,O,20230417,42,M0EJ,9.0,,Lorenzo Musetti,R,185.0,ITA,21.123,20.0,1930.0,S0AG,4.0,,Jannik Sinner,R,191.0,ITA,21.667,8.0,3525.0,W/O,3,QF,0.0,,,,,,,,,,,,,,,,,,
2023-425,Barcelona,Clay,64,500,O,20230417,43,E687,12.0,,Daniel Evans,R,175.0,GBR,32.901,26.0,1390.0,C0AU,15.0,,Francisco Cerundolo,R,185.0,ARG,24.676,32.0,1165.0,2-6 7-5 6-3,3,QF,130.0,2.0,3.0,87.0,50.0,29.0,20.0,15.0,8.0,13.0,3.0,5.0,92.0,69.0,44.0,9.0,14.0,5.0,10.0
2023-425,Barcelona,Clay,64,500,O,20230417,44,A0E2,1.0,,Carlos Alcaraz,R,183.0,ESP,19.951,2.0,6770.0,DH50,10.0,,Alejandro Davidovich Fokina,R,180.0,ESP,23.866,38.0,1025.0,7-6(5) 6-4,3,QF,130.0,1.0,3.0,88.0,49.0,33.0,18.0,11.0,8.0,11.0,1.0,2.0,78.0,52.0,34.0,10.0,11.0,7.0,11.0
2023-425,Barcelona,Clay,64,500,O,20230417,45,TE51,2.0,,Stefanos Tsitsipas,R,193.0,GRE,24.679,5.0,4950.0,M0EJ,9.0,,Lorenzo Musetti,R,185.0,ITA,21.123,20.0,1930.0,6-4 5-7 6-3,3,SF,148.0,5.0,4.0,92.0,62.0,42.0,14.0,16.0,5.0,10.0,0.0,3.0,95.0,71.0,41.0,9.0,15.0,5.0,11.0
2023-425,Barcelona,Clay,64,500,O,20230417,46,A0E2,1.0,,Carlos Alcaraz,R,183.0,ESP,19.951,2.0,6770.0,E687,12.0,,Daniel Evans,R,175.0,GBR,32.901,26.0,1390.0,6-2 6-2,3,SF,80.0,4.0,0.0,51.0,33.0,23.0,10.0,8.0,3.0,4.0,0.0,4.0,49.0,28.0,13.0,8.0,8.0,2.0,7.0
2023-425,Barcelona,Clay,64,500,O,20230417,47,A0E2,1.0,,Carlos Alcaraz,R,183.0,ESP,19.951,2.0,6770.0,TE51,2.0,,Stefanos Tsitsipas,R,193.0,GRE,24.679,5.0,4950.0,6-3 6-4,3,F,78.0,3.0,1.0,48.0,37.0,30.0,8.0,10.0,1.0,2.0,1.0,1.0,53.0,30.0,21.0,11.0,9.0,3.0,6.0
2023-308,Munich,Clay,32,250,O,20230417,1,F724,,,Marton Fucsovics,R,188.0,HUN,31.187,75.0,722.0,R0ED,,WC,Max Hans Rehberg,R,183.0,GER,19.592,412.0,112.0,4-6 7-6(6) 6-3,3,R32,157.0,4.0,5.0,98.0,51.0,38.0,23.0,15.0,6.0,9.0,1.0,4.0,109.0,78.0,53.0,10.0,16.0,6.0,10.0
2023-308,Munich,Clay,32,250,O,20230417,2,TB69,,,Dominic Thiem,R,185.0,AUT,29.618,101.0,580.0,LB66,,,Constant Lestienne,R,180.0,FRA,30.899,60.0,798.0,6-3 RET,3,R32,44.0,2.0,3.0,29.0,15.0,11.0,5.0,4.0,2.0,4.0,0.0,2.0,27.0,18.0,8.0,1.0,5.0,5.0,9.0
2023-308,Munich,Clay,32,250,O,20230417,3,HH06,8.0,,Marc-Andrea Huesler,L,196.0,SUI,26.812,63.0,780.0,E831,,PR,Kyle Edmund,R,188.0,GBR,28.271,509.0,72.0,7-6(3) 4-6 6-3,3,R32,136.0,8.0,2.0,86.0,48.0,39.0,22.0,16.0,1.0,4.0,8.0,2.0,106.0,70.0,43.0,20.0,15.0,9.0,12.0
2023-308,Munich,Clay,32,250,O,20230417,4,KC56,,Q,Aslan Karatsev,R,185.0,RUS,29.615,129.0,465.0,AE14,,WC,Daniel Altmaier,R,188.0,GER,24.594,93.0,640.0,4-6 7-6(2) 6-2,3,R32,179.0,3.0,5.0,119.0,84.0,64.0,15.0,15.0,14.0,16.0,4.0,2.0,105.0,67.0,43.0,20.0,15.0,6.0,9.0
2023-308,Munich,Clay,32,250,O,20230417,5,RC04,,Q,Alexander Ritschard,R,193.0,SUI,29.065,209.0,274.0,SL28,,,Jan-Lennard Struff,R,193.0,GER,32.977,64.0,779.0,7-5 7-5,3,R32,120.0,9.0,1.0,88.0,52.0,40.0,17.0,12.0,8.0,9.0,10.0,3.0,83.0,52.0,33.0,15.0,12.0,4.0,7.0
2023-308,Munich,Clay,32,250,O,20230417,6,GC88,,,Marcos Giron,R,180.0,USA,29.73,68.0,756.0,CF59,7.0,,Roberto Carballes Baena,R,183.0,ESP,30.067,53.0,867.0,6-1 5-7 6-2,3,R32,132.0,5.0,0.0,80.0,48.0,39.0,15.0,14.0,2.0,4.0,3.0,3.0,84.0,58.0,33.0,15.0,13.0,9.0,14.0
2023-308,Munich,Clay,32,250,O,20230417,7,O449,,,Oscar Otte,R,193.0,GER,29.752,94.0,631.0,B0BI,5.0,,Sebastian Baez,R,170.0,ARG,22.3,30.0,1190.0,6-3 7-5,3,R32,86.0,5.0,5.0,72.0,44.0,36.0,14.0,11.0,1.0,1.0,0.0,1.0,58.0,43.0,25.0,11.0,10.0,1.0,3.0
2023-308,Munich,Clay,32,250,O,20230417,8,C0E9,,Q,Flavio Cobolli,R,183.0,ITA,20.947,208.0,277.0,TC61,,,Jordan Thompson,R,183.0,AUS,28.991,91.0,655.0,7-5 6-1,3,R32,84.0,2.0,4.0,66.0,41.0,31.0,11.0,9.0,2.0,3.0,5.0,0.0,51.0,33.0,19.0,7.0,10.0,1.0,6.0
2023-308,Munich,Clay,32,250,O,20230417,9,O483,,,Christopher O'Connell,R,183.0,AUS,28.871,82.0,700.0,HH26,,,Ugo Humbert,L,188.0,FRA,24.808,72.0,738.0,6-4 6-4,3,R32,79.0,6.0,0.0,51.0,33.0,28.0,14.0,10.0,0.0,0.0,1.0,4.0,58.0,32.0,25.0,13.0,10.0,2.0,4.0
2023-308,Munich,Clay,32,250,O,20230417,10,SU87,6.0,,Lorenzo Sonego,R,191.0,ITA,27.934,45.0,915.0,HB64,,,Quentin Halys,R,191.0,FRA,26.472,65.0,771.0,3-6 7-6(5) 7-5,3,R32,149.0,5.0,3.0,97.0,65.0,50.0,19.0,16.0,2.0,3.0,10.0,5.0,99.0,58.0,46.0,24.0,17.0,1.0,2.0
2023-308,Munich,Clay,32,250,O,20230417,11,GD64,,,Cristian Garin,R,185.0,CHI,26.88,86.0,678.0,T0FI,,Q,Marko Topo,R,185.0,GER,19.592,478.0,82.0,6-4 6-2,3,R32,86.0,2.0,3.0,54.0,30.0,24.0,10.0,9.0,1.0,2.0,4.0,2.0,71.0,41.0,25.0,12.0,9.0,4.0,8.0
2023-308,Munich,Clay,32,250,O,20230417,12,H997,,WC,Yannick Hanfmann,R,193.0,GER,31.425,112.0,534.0,MJ08,,,Thiago Monteiro,L,183.0,BRA,28.879,89.0,665.0,6-7(3) 7-6(5) 6-2,3,R32,179.0,10.0,2.0,91.0,60.0,51.0,18.0,16.0,1.0,2.0,5.0,3.0,118.0,76.0,52.0,22.0,16.0,5.0,8.0
2023-308,Munich,Clay,32,250,O,20230417,13,FB98,2.0,,Taylor Fritz,R,196.0,USA,25.467,10.0,3245.0,F724,,,Marton Fucsovics,R,188.0,HUN,31.187,75.0,722.0,4-6 6-3 6-3,3,R16,119.0,9.0,3.0,81.0,42.0,35.0,20.0,14.0,2.0,4.0,2.0,5.0,86.0,55.0,39.0,13.0,14.0,3.0,7.0
2023-308,Munich,Clay,32,250,O,20230417,14,TB69,,,Dominic Thiem,R,185.0,AUT,29.618,101.0,580.0,HH06,8.0,,Marc-Andrea Huesler,L,196.0,SUI,26.812,63.0,780.0,5-7 6-4 6-4,3,R16,155.0,5.0,5.0,95.0,58.0,45.0,19.0,16.0,2.0,4.0,8.0,1.0,102.0,57.0,47.0,19.0,16.0,6.0,9.0
2023-308,Munich,Clay,32,250,O,20230417,15,V812,4.0,,Botic van de Zandschulp,R,191.0,NED,27.535,29.0,1250.0,KC56,,Q,Aslan Karatsev,R,185.0,RUS,29.615,129.0,465.0,6-2 6-0,3,R16,68.0,3.0,4.0,51.0,26.0,21.0,13.0,7.0,6.0,6.0,2.0,0.0,42.0,26.0,10.0,8.0,7.0,5.0,10.0
2023-308,Munich,Clay,32,250,O,20230417,16,GC88,,,Marcos Giron,R,180.0,USA,29.73,68.0,756.0,RC04,,Q,Alexander Ritschard,R,193.0,SUI,29.065,209.0,274.0,4-6 6-3 6-3,3,R16,131.0,6.0,1.0,78.0,41.0,32.0,19.0,14.0,1.0,4.0,5.0,2.0,97.0,56.0,34.0,18.0,14.0,10.0,15.0
2023-308,Munich,Clay,32,250,O,20230417,17,C0E9,,Q,Flavio Cobolli,R,183.0,ITA,20.947,208.0,277.0,O449,,,Oscar Otte,R,193.0,GER,29.752,94.0,631.0,6-0 3-6 6-3,3,R16,106.0,2.0,1.0,83.0,40.0,28.0,25.0,12.0,8.0,10.0,2.0,4.0,75.0,45.0,28.0,13.0,12.0,5.0,10.0
2023-308,Munich,Clay,32,250,O,20230417,18,O483,,,Christopher O'Connell,R,183.0,AUS,28.871,82.0,700.0,Z355,3.0,,Alexander Zverev,R,198.0,GER,25.99,16.0,2140.0,7-6(2) 6-4,3,R16,116.0,1.0,1.0,75.0,49.0,37.0,13.0,11.0,5.0,7.0,9.0,5.0,68.0,39.0,29.0,12.0,11.0,3.0,6.0
2023-308,Munich,Clay,32,250,O,20230417,19,GD64,,,Cristian Garin,R,185.0,CHI,26.88,86.0,678.0,SU87,6.0,,Lorenzo Sonego,R,191.0,ITA,27.934,45.0,915.0,6-3 7-6(3),3,R16,107.0,0.0,4.0,73.0,45.0,32.0,15.0,11.0,3.0,5.0,2.0,4.0,61.0,41.0,29.0,8.0,10.0,2.0,5.0
2023-308,Munich,Clay,32,250,O,20230417,20,R0DG,1.0,,Holger Rune,R,188.0,DEN,19.967,7.0,3865.0,H997,,WC,Yannick Hanfmann,R,193.0,GER,31.425,112.0,534.0,6-3 6-4,3,R16,84.0,2.0,4.0,58.0,36.0,29.0,11.0,10.0,1.0,2.0,0.0,2.0,60.0,33.0,19.0,15.0,9.0,6.0,9.0
2023-308,Munich,Clay,32,250,O,20230417,21,FB98,2.0,,Taylor Fritz,R,196.0,USA,25.467,10.0,3245.0,TB69,,,Dominic Thiem,R,185.0,AUT,29.618,101.0,580.0,6-3 6-4,3,QF,92.0,1.0,1.0,67.0,42.0,32.0,13.0,10.0,4.0,5.0,2.0,2.0,58.0,35.0,20.0,13.0,9.0,6.0,9.0
2023-308,Munich,Clay,32,250,O,20230417,22,V812,4.0,,Botic van de Zandschulp,R,191.0,NED,27.535,29.0,1250.0,GC88,,,Marcos Giron,R,180.0,USA,29.73,68.0,756.0,7-6(5) 6-3,3,QF,111.0,1.0,4.0,62.0,36.0,30.0,14.0,11.0,3.0,5.0,2.0,4.0,87.0,44.0,32.0,14.0,10.0,7.0,10.0
2023-308,Munich,Clay,32,250,O,20230417,23,O483,,,Christopher O'Connell,R,183.0,AUS,28.871,82.0,700.0,C0E9,,Q,Flavio Cobolli,R,183.0,ITA,20.947,208.0,277.0,7-6(5) 4-6 6-3,3,QF,147.0,5.0,2.0,104.0,66.0,45.0,18.0,16.0,7.0,11.0,10.0,5.0,101.0,55.0,38.0,23.0,15.0,8.0,12.0
2023-308,Munich,Clay,32,250,O,20230417,24,R0DG,1.0,,Holger Rune,R,188.0,DEN,19.967,7.0,3865.0,GD64,,,Cristian Garin,R,185.0,CHI,26.88,86.0,678.0,6-2 6-4,3,QF,93.0,2.0,4.0,68.0,37.0,28.0,15.0,9.0,1.0,2.0,1.0,5.0,58.0,36.0,21.0,9.0,9.0,2.0,6.0
2023-308,Munich,Clay,32,250,O,20230417,25,V812,4.0,,Botic van de Zandschulp,R,191.0,NED,27.535,29.0,1250.0,FB98,2.0,,Taylor Fritz,R,196.0,USA,25.467,10.0,3245.0,6-4 7-6(2),3,SF,108.0,2.0,2.0,79.0,50.0,37.0,15.0,11.0,4.0,5.0,7.0,1.0,67.0,39.0,28.0,14.0,11.0,4.0,6.0
2023-308,Munich,Clay,32,250,O,20230417,26,R0DG,1.0,,Holger Rune,R,188.0,DEN,19.967,7.0,3865.0,O483,,,Christopher O'Connell,R,183.0,AUS,28.871,82.0,700.0,6-3 6-2,3,SF,79.0,3.0,3.0,64.0,43.0,35.0,8.0,9.0,8.0,8.0,1.0,2.0,44.0,21.0,14.0,11.0,8.0,1.0,4.0
2023-308,Munich,Clay,32,250,O,20230417,27,R0DG,1.0,,Holger Rune,R,188.0,DEN,19.967,7.0,3865.0,V812,4.0,,Botic van de Zandschulp,R,191.0,NED,27.535,29.0,1250.0,6-4 1-6 7-6(3),3,F,172.0,4.0,7.0,96.0,61.0,38.0,16.0,14.0,6.0,12.0,3.0,2.0,113.0,78.0,51.0,15.0,15.0,9.0,14.0
2023-2841,Banja Luka,Clay,32,250,O,20230417,1,V836,,,Juan Pablo Varillas,R,185.0,PER,27.529,92.0,647.0,G09O,,,Hugo Gaston,L,173.0,FRA,22.554,107.0,555.0,7-5 6-3,3,R32,104.0,6.0,0.0,66.0,37.0,26.0,16.0,11.0,5.0,7.0,2.0,0.0,71.0,36.0,23.0,14.0,10.0,3.0,7.0
2023-2841,Banja Luka,Clay,32,250,O,20230417,2,D923,,WC,Damir Dzumhur,R,175.0,BIH,30.908,202.0,282.0,BI23,,LL,Liam Broady,L,183.0,GBR,29.281,132.0,433.0,6-3 6-0,3,R32,67.0,1.0,0.0,50.0,37.0,26.0,9.0,8.0,1.0,1.0,0.0,1.0,50.0,35.0,17.0,7.0,7.0,6.0,10.0
2023-2841,Banja Luka,Clay,32,250,O,20230417,3,G628,7.0,,Richard Gasquet,R,183.0,FRA,36.83,42.0,940.0,P0HW,,Q,Dino Prizmic,R,188.0,CRO,17.697,342.0,140.0,6-3 6-1,3,R32,95.0,1.0,1.0,56.0,30.0,23.0,12.0,8.0,2.0,3.0,1.0,0.0,55.0,36.0,18.0,8.0,8.0,2.0,7.0
2023-2841,Banja Luka,Clay,32,250,O,20230417,4,DB63,,,Laslo Djere,R,188.0,SRB,27.874,78.0,716.0,SX50,,,Roman Safiullin,R,185.0,RUS,25.692,106.0,557.0,6-4 6-2,3,R32,89.0,2.0,1.0,54.0,33.0,23.0,13.0,9.0,2.0,3.0,1.0,1.0,65.0,39.0,23.0,13.0,9.0,3.0,7.0
2023-2841,Banja Luka,Clay,32,250,O,20230417,5,MV14,,,Alex Molcan,L,178.0,SVK,25.374,73.0,735.0,DA81,,,Taro Daniel,R,191.0,JPN,30.218,100.0,587.0,3-6 7-5 6-1,3,R32,160.0,2.0,2.0,105.0,74.0,44.0,18.0,14.0,7.0,11.0,5.0,2.0,83.0,54.0,35.0,11.0,14.0,2.0,8.0
2023-2841,Banja Luka,Clay,32,250,O,20230417,6,P09Z,,,Alexei Popyrin,R,196.0,AUS,23.699,81.0,701.0,GJ37,5.0,,Tallon Griekspoor,R,188.0,NED,26.79,34.0,1094.0,7-6(4) 7-6(4),3,R32,132.0,7.0,2.0,77.0,44.0,39.0,23.0,12.0,3.0,3.0,1.0,2.0,95.0,66.0,46.0,17.0,12.0,7.0,7.0
2023-2841,Banja Luka,Clay,32,250,O,20230417,7,L0BV,6.0,,Jiri Lehecka,R,185.0,CZE,21.437,36.0,1033.0,MC65,,WC,Gael Monfils,R,193.0,FRA,36.624,322.0,155.0,6-4 6-3,3,R32,79.0,1.0,2.0,57.0,34.0,21.0,16.0,9.0,1.0,2.0,2.0,4.0,61.0,46.0,29.0,5.0,10.0,5.0,9.0
2023-2841,Banja Luka,Clay,32,250,O,20230417,8,A829,,Q,Radu Albot,R,175.0,MDA,33.429,110.0,536.0,CE77,,,Federico Coria,R,180.0,ARG,31.105,76.0,721.0,6-4 RET,3,R32,59.0,0.0,0.0,35.0,20.0,13.0,9.0,5.0,1.0,2.0,1.0,2.0,40.0,27.0,16.0,5.0,5.0,2.0,4.0
2023-2841,Banja Luka,Clay,32,250,O,20230417,9,S0NV,,Q,Abdullah Shelbayh,L,180.0,JOR,19.417,267.0,201.0,Y218,,Q,Elias Ymer,R,185.0,SWE,27.017,139.0,419.0,6-1 7-5,3,R32,91.0,3.0,2.0,55.0,33.0,24.0,8.0,9.0,4.0,7.0,0.0,0.0,63.0,38.0,18.0,9.0,10.0,4.0,11.0
2023-2841,Banja Luka,Clay,32,250,O,20230417,10,BK24,8.0,,Gregoire Barrere,R,183.0,FRA,29.164,57.0,838.0,M0JF,,WC,Hamad Medjedovic,R,188.0,SRB,19.748,212.0,272.0,7-6(6) 7-5,3,R32,125.0,3.0,2.0,85.0,59.0,40.0,15.0,12.0,2.0,4.0,10.0,5.0,81.0,51.0,36.0,13.0,12.0,4.0,7.0
2023-2841,Banja Luka,Clay,32,250,O,20230417,11,L987,,,Dusan Lajovic,R,183.0,SRB,32.797,70.0,744.0,KB05,,,Filip Krajinovic,R,185.0,SRB,31.135,74.0,731.0,6-2 4-6 6-4,3,R32,133.0,4.0,0.0,79.0,57.0,40.0,10.0,14.0,3.0,6.0,0.0,1.0,82.0,50.0,28.0,19.0,14.0,4.0,9.0
2023-2841,Banja Luka,Clay,32,250,O,20230417,12,V0DZ,,,Luca Van Assche,R,178.0,FRA,18.932,87.0,672.0,W367,,,Stan Wawrinka,R,183.0,SUI,38.053,84.0,692.0,1-6 7-6(4) 6-4,3,R32,162.0,0.0,5.0,99.0,72.0,45.0,14.0,14.0,8.0,11.0,4.0,2.0,99.0,56.0,42.0,21.0,15.0,3.0,5.0
2023-2841,Banja Luka,Clay,32,250,O,20230417,13,RE44,2.0,,Andrey Rublev,R,188.0,RUS,25.489,6.0,4380.0,V836,,,Juan Pablo Varillas,R,185.0,PER,27.529,92.0,647.0,6-2 6-2,3,R16,69.0,3.0,1.0,51.0,37.0,31.0,6.0,8.0,2.0,2.0,2.0,3.0,52.0,33.0,18.0,6.0,8.0,3.0,7.0
2023-2841,Banja Luka,Clay,32,250,O,20230417,14,D923,,WC,Damir Dzumhur,R,175.0,BIH,30.908,202.0,282.0,G628,7.0,,Richard Gasquet,R,183.0,FRA,36.83,42.0,940.0,6-4 1-6 7-6(3),3,R16,161.0,0.0,1.0,98.0,76.0,43.0,11.0,14.0,5.0,10.0,4.0,3.0,109.0,61.0,33.0,26.0,15.0,4.0,8.0
2023-2841,Banja Luka,Clay,32,250,O,20230417,15,DB63,,,Laslo Djere,R,188.0,SRB,27.874,78.0,716.0,CG80,3.0,,Borna Coric,R,188.0,CRO,26.42,21.0,1890.0,6-4 6-7(1) 6-4,3,R16,195.0,3.0,3.0,107.0,70.0,52.0,13.0,16.0,2.0,5.0,0.0,3.0,112.0,69.0,43.0,19.0,16.0,7.0,12.0
2023-2841,Banja Luka,Clay,32,250,O,20230417,16,MV14,,,Alex Molcan,L,178.0,SVK,25.374,73.0,735.0,P09Z,,,Alexei Popyrin,R,196.0,AUS,23.699,81.0,701.0,7-6(4) 4-6 7-5,3,R16,177.0,2.0,1.0,117.0,80.0,46.0,27.0,17.0,6.0,10.0,12.0,1.0,111.0,75.0,51.0,17.0,17.0,5.0,9.0
2023-2841,Banja Luka,Clay,32,250,O,20230417,17,L0BV,6.0,,Jiri Lehecka,R,185.0,CZE,21.437,36.0,1033.0,A829,,Q,Radu Albot,R,175.0,MDA,33.429,110.0,536.0,6-0 6-2,3,R16,60.0,3.0,1.0,41.0,29.0,25.0,6.0,7.0,2.0,2.0,0.0,2.0,47.0,29.0,15.0,6.0,7.0,5.0,10.0
2023-2841,Banja Luka,Clay,32,250,O,20230417,18,KI95,4.0,,Miomir Kecmanovic,R,183.0,SRB,23.628,33.0,1125.0,S0NV,,Q,Abdullah Shelbayh,L,180.0,JOR,19.417,267.0,201.0,6-4 7-6(4),3,R16,124.0,1.0,0.0,70.0,41.0,27.0,15.0,11.0,0.0,4.0,2.0,8.0,95.0,46.0,29.0,19.0,11.0,5.0,10.0
2023-2841,Banja Luka,Clay,32,250,O,20230417,19,L987,,,Dusan Lajovic,R,183.0,SRB,32.797,70.0,744.0,BK24,8.0,,Gregoire Barrere,R,183.0,FRA,29.164,57.0,838.0,6-3 6-0,3,R16,64.0,4.0,0.0,49.0,36.0,26.0,8.0,8.0,4.0,5.0,0.0,1.0,53.0,31.0,16.0,6.0,7.0,5.0,10.0
2023-2841,Banja Luka,Clay,32,250,O,20230417,20,D643,1.0,,Novak Djokovic,R,188.0,SRB,35.904,1.0,7240.0,V0DZ,,,Luca Van Assche,R,178.0,FRA,18.932,87.0,672.0,6-7(4) 6-3 6-2,3,R16,158.0,4.0,0.0,79.0,64.0,46.0,10.0,14.0,2.0,4.0,0.0,5.0,104.0,65.0,39.0,18.0,15.0,5.0,11.0
2023-2841,Banja Luka,Clay,32,250,O,20230417,21,RE44,2.0,,Andrey Rublev,R,188.0,RUS,25.489,6.0,4380.0,D923,,WC,Damir Dzumhur,R,175.0,BIH,30.908,202.0,282.0,7-5 6-3,3,QF,111.0,1.0,1.0,81.0,51.0,33.0,17.0,10.0,5.0,6.0,0.0,0.0,71.0,53.0,31.0,8.0,11.0,3.0,7.0
2023-2841,Banja Luka,Clay,32,250,O,20230417,22,MV14,,,Alex Molcan,L,178.0,SVK,25.374,73.0,735.0,DB63,,,Laslo Djere,R,188.0,SRB,27.874,78.0,716.0,6-2 4-6 7-5,3,QF,149.0,2.0,1.0,92.0,65.0,42.0,15.0,15.0,3.0,6.0,4.0,3.0,86.0,51.0,34.0,16.0,15.0,4.0,9.0
2023-2841,Banja Luka,Clay,32,250,O,20230417,23,KI95,4.0,,Miomir Kecmanovic,R,183.0,SRB,23.628,33.0,1125.0,L0BV,6.0,,Jiri Lehecka,R,185.0,CZE,21.437,36.0,1033.0,7-5 6-0,3,QF,93.0,2.0,2.0,73.0,49.0,26.0,15.0,9.0,9.0,12.0,1.0,2.0,57.0,32.0,14.0,8.0,9.0,9.0,16.0
2023-2841,Banja Luka,Clay,32,250,O,20230417,24,L987,,,Dusan Lajovic,R,183.0,SRB,32.797,70.0,744.0,D643,1.0,,Novak Djokovic,R,188.0,SRB,35.904,1.0,7240.0,6-4 7-6(6),3,QF,149.0,3.0,0.0,102.0,71.0,48.0,16.0,11.0,15.0,16.0,3.0,2.0,85.0,59.0,37.0,14.0,11.0,5.0,7.0
2023-2841,Banja Luka,Clay,32,250,O,20230417,25,RE44,2.0,,Andrey Rublev,R,188.0,RUS,25.489,6.0,4380.0,MV14,,,Alex Molcan,L,178.0,SVK,25.374,73.0,735.0,6-2 6-4,3,SF,89.0,5.0,2.0,57.0,30.0,23.0,14.0,9.0,9.0,11.0,3.0,6.0,71.0,41.0,22.0,12.0,9.0,6.0,11.0
2023-2841,Banja Luka,Clay,32,250,O,20230417,26,L987,,,Dusan Lajovic,R,183.0,SRB,32.797,70.0,744.0,KI95,4.0,,Miomir Kecmanovic,R,183.0,SRB,23.628,33.0,1125.0,4-6 7-6(5) 6-4,3,SF,179.0,1.0,1.0,123.0,80.0,51.0,19.0,16.0,6.0,12.0,3.0,2.0,103.0,62.0,38.0,20.0,16.0,7.0,13.0
2023-2841,Banja Luka,Clay,32,250,O,20230417,27,L987,,,Dusan Lajovic,R,183.0,SRB,32.797,70.0,744.0,RE44,2.0,,Andrey Rublev,R,188.0,RUS,25.489,6.0,4380.0,6-3 4-6 6-4,3,F,152.0,1.0,0.0,94.0,63.0,47.0,11.0,15.0,5.0,8.0,5.0,4.0,105.0,58.0,40.0,22.0,14.0,6.0,10.0
2023-1536,Madrid Masters,Clay,128,M,O,20230424,1,VA08,,Q,Andrea Vavassori,R,193.0,ITA,27.97,164.0,369.0,MC10,,,Andy Murray,R,191.0,GBR,35.943,52.0,870.0,6-2 7-6(7),3,R128,91.0,1.0,3.0,58.0,41.0,32.0,10.0,10.0,0.0,1.0,1.0,0.0,61.0,44.0,27.0,8.0,10.0,1.0,4.0
2023-1536,Madrid Masters,Clay,128,M,O,20230424,2,S0H2,,Q,Alexander Shevchenko,R,188.0,KAZ,22.398,96.0,610.0,W09G,,,J.J. Wolf,R,183.0,USA,24.339,49.0,880.0,6-4 6-4,3,R128,82.0,6.0,1.0,56.0,30.0,19.0,19.0,10.0,1.0,2.0,5.0,5.0,57.0,22.0,15.0,19.0,10.0,4.0,7.0
2023-1536,Madrid Masters,Clay,128,M,O,20230424,3,KC56,,Q,Aslan Karatsev,R,185.0,RUS,29.634,121.0,497.0,DB63,,,Laslo Djere,R,188.0,SRB,27.893,70.0,741.0,7-6(5) 7-5,3,R128,121.0,3.0,2.0,88.0,53.0,38.0,21.0,12.0,7.0,8.0,3.0,4.0,75.0,46.0,33.0,16.0,12.0,1.0,3.0
2023-1536,Madrid Masters,Clay,128,M,O,20230424,4,CF01,,Q,Marco Cecchinato,R,185.0,ITA,30.563,85.0,688.0,F724,,,Marton Fucsovics,R,188.0,HUN,31.206,83.0,697.0,7-6(4) 6-3,3,R128,101.0,5.0,0.0,68.0,43.0,31.0,16.0,10.0,4.0,5.0,2.0,4.0,77.0,46.0,24.0,20.0,11.0,4.0,7.0
2023-1536,Madrid Masters,Clay,128,M,O,20230424,5,WB08,,Q,Yosuke Watanuki,R,180.0,JPN,25.032,117.0,502.0,MW02,,,Corentin Moutet,L,180.0,FRA,24.014,64.0,780.0,6-3 6-3,3,R128,98.0,8.0,3.0,73.0,44.0,31.0,11.0,9.0,10.0,12.0,0.0,0.0,53.0,34.0,17.0,9.0,9.0,5.0,10.0
2023-1536,Madrid Masters,Clay,128,M,O,20230424,6,Z371,,,Zhizhen Zhang,R,193.0,CHN,26.519,99.0,606.0,R09X,,Q,Jurij Rodionov,L,191.0,AUT,23.94,119.0,502.0,7-6(6) 6-4,3,R128,90.0,10.0,0.0,62.0,44.0,36.0,13.0,11.0,0.0,1.0,5.0,2.0,68.0,44.0,32.0,14.0,11.0,0.0,2.0
2023-1536,Madrid Masters,Clay,128,M,O,20230424,7,GD64,,,Cristian Garin,R,185.0,CHI,26.899,73.0,723.0,HH06,,,Marc-Andrea Huesler,L,196.0,SUI,26.831,76.0,720.0,7-6(5) 6-2,3,R128,88.0,8.0,1.0,64.0,45.0,38.0,9.0,10.0,1.0,2.0,5.0,1.0,65.0,36.0,28.0,15.0,10.0,5.0,8.0
2023-1536,Madrid Masters,Clay,128,M,O,20230424,8,O483,,,Christopher O'Connell,R,183.0,AUS,28.89,81.0,710.0,KB05,,,Filip Krajinovic,R,185.0,SRB,31.154,79.0,711.0,6-4 6-7(2) 6-2,3,R128,139.0,15.0,3.0,84.0,55.0,42.0,12.0,15.0,2.0,5.0,7.0,0.0,107.0,78.0,45.0,17.0,15.0,13.0,19.0
2023-1536,Madrid Masters,Clay,128,M,O,20230424,9,TB69,,WC,Dominic Thiem,R,185.0,AUT,29.637,93.0,625.0,E831,,PR,Kyle Edmund,R,188.0,GBR,28.29,498.0,75.0,6-4 6-1,3,R128,82.0,4.0,2.0,51.0,28.0,24.0,13.0,8.0,4.0,4.0,1.0,4.0,57.0,35.0,21.0,7.0,9.0,3.0,7.0
2023-1536,Madrid Masters,Clay,128,M,O,20230424,10,GC88,,,Marcos Giron,R,180.0,USA,29.749,61.0,801.0,BT72,,,Nuno Borges,R,185.0,POR,26.174,74.0,723.0,6-2 7-6(7),3,R128,82.0,2.0,1.0,54.0,27.0,26.0,19.0,10.0,0.0,0.0,6.0,3.0,71.0,45.0,31.0,13.0,10.0,3.0,5.0
2023-1536,Madrid Masters,Clay,128,M,O,20230424,11,Z419,,,Bernabe Zapata Miralles,R,183.0,ESP,26.278,42.0,958.0,MK66,,,Mackenzie McDonald,R,178.0,USA,28.022,54.0,865.0,3-6 6-3 7-6(4),3,R128,159.0,2.0,1.0,107.0,76.0,50.0,16.0,15.0,7.0,11.0,1.0,0.0,109.0,78.0,48.0,16.0,15.0,4.0,8.0
2023-1536,Madrid Masters,Clay,128,M,O,20230424,12,SX50,,Q,Roman Safiullin,R,185.0,RUS,25.711,112.0,525.0,J551,,,Nicolas Jarry,R,201.0,CHI,27.535,51.0,878.0,6-2 3-6 6-3,3,R128,107.0,6.0,0.0,63.0,49.0,41.0,10.0,13.0,0.0,1.0,8.0,1.0,76.0,57.0,38.0,10.0,13.0,4.0,7.0
2023-1536,Madrid Masters,Clay,128,M,O,20230424,13,EA24,,,Tomas Martin Etcheverry,R,196.0,ARG,23.767,59.0,814.0,ME82,,,Adrian Mannarino,L,180.0,FRA,34.817,46.0,917.0,6-4 6-0,3,R128,72.0,4.0,0.0,39.0,23.0,19.0,12.0,8.0,1.0,2.0,1.0,0.0,50.0,27.0,19.0,5.0,8.0,4.0,9.0
2023-1536,Madrid Masters,Clay,128,M,O,20230424,14,CG04,,,Pedro Cachin,R,185.0,ARG,28.033,67.0,767.0,S0NV,,WC,Abdullah Shelbayh,L,180.0,JOR,19.436,243.0,233.0,6-1 6-4,3,R128,83.0,3.0,3.0,59.0,34.0,24.0,17.0,9.0,2.0,2.0,3.0,4.0,62.0,36.0,23.0,10.0,8.0,6.0,9.0
2023-1536,Madrid Masters,Clay,128,M,O,20230424,15,SL28,,LL,Jan-Lennard Struff,R,193.0,GER,32.997,65.0,779.0,SU87,,,Lorenzo Sonego,R,191.0,ITA,27.953,47.0,890.0,6-3 6-1,3,R128,74.0,1.0,2.0,47.0,22.0,18.0,16.0,8.0,3.0,3.0,6.0,0.0,50.0,37.0,21.0,6.0,8.0,2.0,6.0
2023-1536,Madrid Masters,Clay,128,M,O,20230424,16,L987,,,Dusan Lajovic,R,183.0,SRB,32.816,40.0,994.0,KB95,,,Jason Kubler,R,178.0,AUS,29.93,63.0,782.0,6-3 6-3,3,R128,83.0,2.0,0.0,54.0,39.0,30.0,8.0,9.0,0.0,0.0,3.0,2.0,60.0,29.0,21.0,13.0,9.0,3.0,6.0
2023-1536,Madrid Masters,Clay,128,M,O,20230424,17,BK92,,,Alexander Bublik,R,196.0,KAZ,25.851,55.0,865.0,GE33,,,Daniel Elahi Galan,R,191.0,COL,26.847,100.0,586.0,7-6(15) 6-7(4) 6-4,3,R128,170.0,17.0,13.0,140.0,84.0,64.0,30.0,17.0,4.0,5.0,5.0,2.0,114.0,78.0,62.0,17.0,17.0,1.0,3.0
2023-1536,Madrid Masters,Clay,128,M,O,20230424,18,R772,,,Albert Ramos-Vinolas,L,188.0,ESP,35.266,60.0,810.0,I305,,,Ilya Ivashka,R,193.0,BLR,29.161,69.0,761.0,4-6 7-6(3) 6-2,3,R128,178.0,5.0,2.0,101.0,68.0,49.0,22.0,15.0,5.0,6.0,9.0,3.0,99.0,61.0,44.0,19.0,15.0,6.0,8.0
2023-1536,Madrid Masters,Clay,128,M,O,20230424,19,G09O,,WC,Hugo Gaston,L,173.0,FRA,22.574,106.0,555.0,CA12,,PR,Jeremy Chardy,R,188.0,FRA,36.194,635.0,45.0,6-3 6-4,3,R128,72.0,3.0,1.0,49.0,25.0,22.0,11.0,9.0,0.0,2.0,0.0,5.0,57.0,35.0,20.0,9.0,10.0,3.0,8.0
2023-1536,Madrid Masters,Clay,128,M,O,20230424,20,G628,,,Richard Gasquet,R,183.0,FRA,36.849,43.0,951.0,L0IL,,WC,Martin Landaluce,R,193.0,ESP,17.29,894.0,16.0,6-2 6-1,3,R128,61.0,4.0,1.0,31.0,19.0,18.0,10.0,7.0,0.0,0.0,6.0,5.0,53.0,31.0,19.0,5.0,8.0,0.0,5.0
2023-1536,Madrid Masters,Clay,128,M,O,20230424,21,H997,,Q,Yannick Hanfmann,R,193.0,GER,31.444,108.0,548.0,V836,,,Juan Pablo Varillas,R,185.0,PER,27.548,87.0,667.0,6-4 3-6 6-3,3,R128,137.0,6.0,3.0,85.0,57.0,43.0,13.0,14.0,4.0,6.0,2.0,2.0,93.0,61.0,39.0,19.0,14.0,5.0,8.0
2023-1536,Madrid Masters,Clay,128,M,O,20230424,22,O449,,,Oscar Otte,R,193.0,GER,29.771,98.0,606.0,K09F,,LL,Pavel Kotov,R,191.0,RUS,24.43,101.0,583.0,6-3 4-6 6-4,3,R128,124.0,8.0,5.0,78.0,43.0,38.0,22.0,15.0,5.0,6.0,2.0,1.0,88.0,60.0,42.0,16.0,14.0,3.0,5.0
2023-1536,Madrid Masters,Clay,128,M,O,20230424,23,MU94,,,Jaume Munar,R,183.0,ESP,25.969,88.0,666.0,KD46,,,Thanasi Kokkinakis,R,193.0,AUS,27.036,111.0,534.0,7-6(7) 7-6(3),3,R128,158.0,1.0,1.0,89.0,65.0,42.0,15.0,12.0,2.0,5.0,8.0,2.0,93.0,55.0,36.0,20.0,12.0,2.0,5.0
2023-1536,Madrid Masters,Clay,128,M,O,20230424,24,A0FC,,Q,Matteo Arnaldi,R,185.0,ITA,22.166,105.0,556.0,PD31,,Q,Benoit Paire,R,196.0,FRA,33.96,161.0,377.0,6-1 3-6 7-6(6),3,R128,120.0,7.0,5.0,94.0,60.0,44.0,15.0,14.0,8.0,11.0,15.0,12.0,94.0,46.0,37.0,18.0,14.0,6.0,10.0
2023-1536,Madrid Masters,Clay,128,M,O,20230424,25,W367,,,Stan Wawrinka,R,183.0,SUI,38.073,84.0,692.0,C0BC,,,Maxime Cressy,R,201.0,USA,25.96,39.0,1010.0,6-7(3) 6-3 7-6(4),3,R128,147.0,19.0,1.0,96.0,54.0,46.0,31.0,17.0,2.0,2.0,9.0,11.0,98.0,57.0,48.0,24.0,16.0,0.0,1.0
2023-1536,Madrid Masters,Clay,128,M,O,20230424,26,MV14,,,Alex Molcan,L,178.0,SVK,25.394,58.0,825.0,WB32,,,Yibing Wu,R,183.0,CHN,23.526,57.0,843.0,6-2 6-4,3,R128,81.0,2.0,3.0,65.0,45.0,36.0,9.0,9.0,5.0,5.0,3.0,2.0,66.0,39.0,22.0,15.0,9.0,6.0,9.0
2023-1536,Madrid Masters,Clay,128,M,O,20230424,27,HB64,,,Quentin Halys,R,191.0,FRA,26.491,66.0,771.0,P09Z,,,Alexei Popyrin,R,196.0,AUS,23.718,75.0,721.0,4-6 6-4 6-4,3,R128,114.0,13.0,2.0,79.0,53.0,42.0,18.0,15.0,4.0,5.0,8.0,1.0,88.0,59.0,43.0,16.0,15.0,2.0,4.0
2023-1536,Madrid Masters,Clay,128,M,O,20230424,28,MJ08,,,Thiago Monteiro,L,183.0,BRA,28.898,97.0,608.0,GH92,,Q,Borna Gojo,R,196.0,CRO,25.153,110.0,538.0,7-6(9) 4-6 6-3,3,R128,134.0,12.0,3.0,94.0,66.0,53.0,18.0,16.0,0.0,1.0,19.0,3.0,85.0,50.0,46.0,21.0,15.0,3.0,4.0
2023-1536,Madrid Masters,Clay,128,M,O,20230424,29,CF59,,,Roberto Carballes Baena,R,183.0,ESP,30.086,53.0,867.0,GB88,,,David Goffin,R,180.0,BEL,32.378,95.0,615.0,6-4 6-4,3,R128,87.0,7.0,1.0,51.0,39.0,35.0,7.0,10.0,0.0,0.0,5.0,1.0,62.0,39.0,28.0,9.0,10.0,2.0,4.0
2023-1536,Madrid Masters,Clay,128,M,O,20230424,30,GF95,,Q,Hugo Grenier,R,196.0,FRA,27.086,128.0,466.0,SM37,,,Diego Schwartzman,R,170.0,ARG,30.686,72.0,730.0,7-5 6-4,3,R128,120.0,8.0,2.0,71.0,42.0,27.0,17.0,11.0,6.0,8.0,0.0,2.0,68.0,54.0,39.0,3.0,11.0,5.0,9.0
2023-1536,Madrid Masters,Clay,128,M,O,20230424,31,BK24,,,Gregoire Barrere,R,183.0,FRA,29.183,56.0,848.0,N0AM,,WC,Emilio Nava,R,185.0,USA,21.391,173.0,344.0,6-0 5-7 6-3,3,R128,101.0,5.0,0.0,71.0,48.0,39.0,16.0,14.0,0.0,1.0,11.0,0.0,78.0,55.0,33.0,12.0,13.0,4.0,8.0
2023-1536,Madrid Masters,Clay,128,M,O,20230424,32,RH24,,,Emil Ruusuvuori,R,188.0,FIN,24.06,41.0,977.0,HH26,,,Ugo Humbert,L,188.0,FRA,24.827,77.0,718.0,7-6(6) 7-6(4),3,R128,119.0,9.0,1.0,80.0,49.0,39.0,17.0,12.0,1.0,2.0,5.0,6.0,87.0,63.0,47.0,8.0,12.0,1.0,2.0
2023-1536,Madrid Masters,Clay,128,M,O,20230424,33,MM58,2.0,,Daniil Medvedev,R,198.0,RUS,27.198,3.0,5240.0,VA08,,Q,Andrea Vavassori,R,193.0,ITA,27.97,164.0,369.0,6-4 6-3,3,R64,82.0,4.0,4.0,56.0,35.0,27.0,15.0,10.0,3.0,3.0,3.0,0.0,56.0,42.0,29.0,4.0,9.0,2.0,4.0
2023-1536,Madrid Masters,Clay,128,M,O,20230424,34,S0H2,,Q,Alexander Shevchenko,R,188.0,KAZ,22.398,96.0,610.0,L0BV,31.0,,Jiri Lehecka,R,185.0,CZE,21.457,37.0,1046.0,6-1 6-1,3,R64,45.0,3.0,1.0,37.0,20.0,17.0,12.0,7.0,1.0,1.0,3.0,2.0,38.0,24.0,11.0,3.0,7.0,0.0,5.0
2023-1536,Madrid Masters,Clay,128,M,O,20230424,35,KC56,,Q,Aslan Karatsev,R,185.0,RUS,29.634,121.0,497.0,V812,23.0,,Botic van de Zandschulp,R,191.0,NED,27.554,29.0,1390.0,6-2 7-5,3,R64,94.0,3.0,2.0,56.0,36.0,26.0,13.0,10.0,1.0,2.0,6.0,1.0,68.0,41.0,27.0,10.0,10.0,3.0,7.0
2023-1536,Madrid Masters,Clay,128,M,O,20230424,36,DH58,16.0,,Alex de Minaur,R,183.0,AUS,24.181,19.0,1995.0,CF01,,Q,Marco Cecchinato,R,185.0,ITA,30.563,85.0,688.0,6-4 7-6(5),3,R64,105.0,0.0,1.0,73.0,49.0,40.0,15.0,11.0,7.0,7.0,3.0,3.0,74.0,45.0,32.0,19.0,11.0,4.0,5.0
2023-1536,Madrid Masters,Clay,128,M,O,20230424,37,N771,11.0,,Cameron Norrie,L,188.0,GBR,27.669,13.0,2725.0,WB08,,Q,Yosuke Watanuki,R,180.0,JPN,25.032,117.0,502.0,6-4 7-6(5),3,R64,98.0,7.0,2.0,64.0,44.0,36.0,11.0,11.0,3.0,4.0,9.0,4.0,83.0,55.0,37.0,12.0,11.0,4.0,6.0
2023-1536,Madrid Masters,Clay,128,M,O,20230424,38,Z371,,,Zhizhen Zhang,R,193.0,CHN,26.519,99.0,606.0,SU55,21.0,,Denis Shapovalov,L,185.0,CAN,24.025,27.0,1425.0,6-7(4) 6-4 7-6(1),3,R64,134.0,1.0,0.0,95.0,74.0,60.0,15.0,17.0,0.0,1.0,14.0,4.0,98.0,58.0,43.0,28.0,17.0,1.0,3.0
2023-1536,Madrid Masters,Clay,128,M,O,20230424,39,GD64,,,Cristian Garin,R,185.0,CHI,26.899,73.0,723.0,KI95,27.0,,Miomir Kecmanovic,R,183.0,SRB,23.647,33.0,1170.0,7-6(3) 6-7(5) 6-4,3,R64,162.0,4.0,3.0,116.0,73.0,53.0,26.0,17.0,4.0,5.0,4.0,3.0,100.0,53.0,38.0,29.0,17.0,1.0,3.0
2023-1536,Madrid Masters,Clay,128,M,O,20230424,40,FB98,8.0,,Taylor Fritz,R,196.0,USA,25.487,10.0,3290.0,O483,,,Christopher O'Connell,R,183.0,AUS,28.89,81.0,710.0,7-6(11) 6-4,3,R64,113.0,8.0,1.0,73.0,41.0,34.0,23.0,11.0,2.0,2.0,11.0,1.0,84.0,54.0,44.0,14.0,11.0,2.0,3.0
2023-1536,Madrid Masters,Clay,128,M,O,20230424,41,TE51,4.0,,Stefanos Tsitsipas,R,193.0,GRE,24.698,5.0,5195.0,TB69,,WC,Dominic Thiem,R,185.0,AUT,29.637,93.0,625.0,3-6 6-1 7-6(5),3,R64,139.0,3.0,1.0,72.0,57.0,50.0,8.0,14.0,1.0,2.0,8.0,3.0,101.0,64.0,44.0,20.0,14.0,12.0,14.0
2023-1536,Madrid Masters,Clay,128,M,O,20230424,42,B0BI,25.0,,Sebastian Baez,R,170.0,ARG,22.319,31.0,1190.0,GC88,,,Marcos Giron,R,180.0,USA,29.749,61.0,801.0,3-6 6-3 6-4,3,R64,130.0,2.0,1.0,78.0,55.0,44.0,14.0,14.0,2.0,3.0,5.0,3.0,111.0,77.0,54.0,15.0,14.0,8.0,10.0
2023-1536,Madrid Masters,Clay,128,M,O,20230424,43,Z419,,,Bernabe Zapata Miralles,R,183.0,ESP,26.278,42.0,958.0,E687,19.0,,Daniel Evans,R,175.0,GBR,32.92,24.0,1560.0,6-3 6-2,3,R64,79.0,6.0,0.0,44.0,35.0,29.0,7.0,9.0,0.0,0.0,0.0,1.0,61.0,37.0,20.0,13.0,8.0,2.0,5.0
2023-1536,Madrid Masters,Clay,128,M,O,20230424,44,SX50,,Q,Roman Safiullin,R,185.0,RUS,25.711,112.0,525.0,PL56,14.0,,Tommy Paul,R,185.0,USA,25.936,17.0,2070.0,6-3 7-6(3),3,R64,99.0,1.0,0.0,67.0,55.0,45.0,7.0,11.0,2.0,2.0,4.0,0.0,66.0,43.0,31.0,14.0,10.0,3.0,4.0
2023-1536,Madrid Masters,Clay,128,M,O,20230424,45,TD51,9.0,,Frances Tiafoe,R,188.0,USA,25.257,11.0,2870.0,EA24,,,Tomas Martin Etcheverry,R,196.0,ARG,23.767,59.0,814.0,6-3 7-6(5),3,R64,98.0,5.0,1.0,65.0,37.0,27.0,18.0,11.0,0.0,1.0,12.0,2.0,68.0,44.0,29.0,12.0,10.0,2.0,4.0
2023-1536,Madrid Masters,Clay,128,M,O,20230424,46,CG04,,,Pedro Cachin,R,185.0,ARG,28.033,67.0,767.0,C0AU,24.0,,Francisco Cerundolo,R,185.0,ARG,24.695,30.0,1235.0,6-1 7-6(6),3,R64,80.0,1.0,1.0,61.0,42.0,35.0,13.0,10.0,1.0,1.0,2.0,2.0,49.0,29.0,20.0,13.0,9.0,0.0,2.0
2023-1536,Madrid Masters,Clay,128,M,O,20230424,47,SL28,,LL,Jan-Lennard Struff,R,193.0,GER,32.997,65.0,779.0,S0S1,32.0,,Ben Shelton,L,193.0,USA,20.539,38.0,1042.0,4-6 7-6(4) 7-5,3,R64,140.0,11.0,3.0,101.0,61.0,50.0,23.0,17.0,4.0,6.0,21.0,8.0,103.0,60.0,49.0,22.0,17.0,3.0,5.0
2023-1536,Madrid Masters,Clay,128,M,O,20230424,48,L987,,,Dusan Lajovic,R,183.0,SRB,32.816,40.0,994.0,AG37,7.0,,Felix Auger-Aliassime,R,193.0,CAN,22.708,9.0,3405.0,6-2 3-6 7-6(5),3,R64,153.0,4.0,1.0,86.0,54.0,45.0,15.0,14.0,1.0,2.0,12.0,11.0,100.0,57.0,48.0,16.0,15.0,4.0,6.0
2023-1536,Madrid Masters,Clay,128,M,O,20230424,49,R0DG,6.0,,Holger Rune,R,188.0,DEN,19.986,7.0,4070.0,BK92,,,Alexander Bublik,R,196.0,KAZ,25.851,55.0,865.0,6-1 4-6 7-6(9),3,R64,124.0,7.0,4.0,86.0,57.0,49.0,15.0,14.0,3.0,4.0,13.0,9.0,98.0,68.0,50.0,13.0,15.0,2.0,5.0
2023-1536,Madrid Masters,Clay,128,M,O,20230424,50,DH50,29.0,,Alejandro Davidovich Fokina,R,180.0,ESP,23.885,35.0,1095.0,R772,,,Albert Ramos-Vinolas,L,188.0,ESP,35.266,60.0,810.0,6-3 6-4,3,R64,92.0,3.0,1.0,65.0,47.0,29.0,11.0,10.0,1.0,3.0,1.0,0.0,55.0,37.0,22.0,7.0,9.0,3.0,7.0
2023-1536,Madrid Masters,Clay,128,M,O,20230424,51,CG80,17.0,,Borna Coric,R,188.0,CRO,26.439,20.0,1890.0,G09O,,WC,Hugo Gaston,L,173.0,FRA,22.574,106.0,555.0,6-3 6-3,3,R64,81.0,3.0,0.0,49.0,31.0,24.0,13.0,9.0,0.0,0.0,3.0,1.0,54.0,33.0,21.0,11.0,9.0,2.0,5.0
2023-1536,Madrid Masters,Clay,128,M,O,20230424,52,HB71,12.0,,Hubert Hurkacz,R,196.0,POL,26.196,15.0,2660.0,G628,,,Richard Gasquet,R,183.0,FRA,36.849,43.0,951.0,6-7(9) 6-4 7-5,3,R64,144.0,29.0,4.0,98.0,65.0,54.0,21.0,17.0,3.0,4.0,9.0,4.0,113.0,57.0,43.0,32.0,17.0,4.0,7.0
2023-1536,Madrid Masters,Clay,128,M,O,20230424,53,H997,,Q,Yannick Hanfmann,R,193.0,GER,31.444,108.0,548.0,M0EJ,15.0,,Lorenzo Musetti,R,185.0,ITA,21.142,18.0,2065.0,6-4 7-6(3),3,R64,108.0,3.0,1.0,68.0,43.0,29.0,15.0,11.0,1.0,4.0,1.0,3.0,75.0,51.0,32.0,11.0,11.0,6.0,10.0
2023-1536,Madrid Masters,Clay,128,M,O,20230424,54,AE14,,LL,Daniel Altmaier,R,188.0,GER,24.613,92.0,633.0,O449,,,Oscar Otte,R,193.0,GER,29.771,98.0,606.0,6-4 7-5,3,R64,102.0,3.0,2.0,79.0,55.0,40.0,12.0,11.0,1.0,1.0,8.0,3.0,64.0,31.0,24.0,18.0,11.0,1.0,3.0
2023-1536,Madrid Masters,Clay,128,M,O,20230424,55,MU94,,,Jaume Munar,R,183.0,ESP,25.969,88.0,666.0,GJ37,30.0,,Tallon Griekspoor,R,188.0,NED,26.809,36.0,1094.0,7-6(3) RET,3,R64,59.0,2.0,0.0,37.0,28.0,19.0,9.0,6.0,2.0,2.0,1.0,3.0,40.0,28.0,21.0,6.0,6.0,1.0,1.0
2023-1536,Madrid Masters,Clay,128,M,O,20230424,56,A0FC,,Q,Matteo Arnaldi,R,185.0,ITA,22.166,105.0,556.0,RH16,3.0,,Casper Ruud,R,183.0,NOR,24.337,4.0,5210.0,6-3 6-4,3,R64,93.0,6.0,3.0,64.0,35.0,28.0,16.0,10.0,6.0,7.0,4.0,2.0,63.0,40.0,26.0,10.0,9.0,6.0,9.0
2023-1536,Madrid Masters,Clay,128,M,O,20230424,57,RE44,5.0,,Andrey Rublev,R,188.0,RUS,25.509,6.0,4280.0,W367,,,Stan Wawrinka,R,183.0,SUI,38.073,84.0,692.0,7-5 6-4,3,R64,77.0,9.0,0.0,59.0,34.0,30.0,12.0,11.0,3.0,5.0,7.0,0.0,60.0,43.0,29.0,5.0,11.0,2.0,6.0
2023-1536,Madrid Masters,Clay,128,M,O,20230424,58,N732,28.0,,Yoshihito Nishioka,L,170.0,JPN,27.573,34.0,1138.0,MV14,,,Alex Molcan,L,178.0,SVK,25.394,58.0,825.0,5-7 6-4 6-4,3,R64,142.0,4.0,0.0,102.0,74.0,50.0,18.0,16.0,4.0,7.0,6.0,1.0,105.0,71.0,47.0,16.0,16.0,11.0,15.0
2023-1536,Madrid Masters,Clay,128,M,O,20230424,59,BD06,20.0,,Roberto Bautista Agut,R,183.0,ESP,35.025,25.0,1475.0,HB64,,,Quentin Halys,R,191.0,FRA,26.491,66.0,771.0,4-6 7-6(5) 6-3,3,R64,146.0,7.0,1.0,93.0,53.0,38.0,30.0,15.0,3.0,4.0,15.0,2.0,105.0,56.0,46.0,25.0,16.0,4.0,6.0
2023-1536,Madrid Masters,Clay,128,M,O,20230424,60,KE29,10.0,,Karen Khachanov,R,198.0,RUS,26.924,12.0,2855.0,MJ08,,,Thiago Monteiro,L,183.0,BRA,28.898,97.0,608.0,6-3 3-6 6-3,3,R64,120.0,10.0,2.0,74.0,45.0,35.0,23.0,14.0,3.0,4.0,11.0,3.0,84.0,53.0,36.0,18.0,13.0,1.0,3.0
2023-1536,Madrid Masters,Clay,128,M,O,20230424,61,Z355,13.0,,Alexander Zverev,R,198.0,GER,26.01,16.0,2140.0,CF59,,,Roberto Carballes Baena,R,183.0,ESP,30.086,53.0,867.0,6-7(6) 7-5 6-0,3,R64,205.0,12.0,4.0,107.0,65.0,52.0,21.0,15.0,8.0,9.0,2.0,1.0,103.0,65.0,42.0,19.0,15.0,4.0,9.0
2023-1536,Madrid Masters,Clay,128,M,O,20230424,62,GF95,,Q,Hugo Grenier,R,196.0,FRA,27.086,128.0,466.0,K0AH,22.0,,Sebastian Korda,R,196.0,USA,22.801,28.0,1390.0,7-6(5) 7-6(7),3,R64,138.0,3.0,4.0,106.0,63.0,43.0,21.0,12.0,6.0,9.0,7.0,2.0,86.0,52.0,35.0,17.0,12.0,6.0,9.0
2023-1536,Madrid Masters,Clay,128,M,O,20230424,63,D875,26.0,,Grigor Dimitrov,R,191.0,BUL,31.94,32.0,1170.0,BK24,,,Gregoire Barrere,R,183.0,FRA,29.183,56.0,848.0,7-6(6) 7-6(2),3,R64,116.0,10.0,3.0,82.0,56.0,48.0,13.0,12.0,5.0,5.0,3.0,2.0,80.0,51.0,41.0,14.0,12.0,0.0,0.0
2023-1536,Madrid Masters,Clay,128,M,O,20230424,64,A0E2,1.0,,Carlos Alcaraz,R,183.0,ESP,19.97,2.0,6770.0,RH24,,,Emil Ruusuvuori,R,188.0,FIN,24.06,41.0,977.0,2-6 6-4 6-2,3,R64,136.0,10.0,1.0,100.0,69.0,44.0,18.0,13.0,9.0,11.0,3.0,3.0,72.0,45.0,33.0,14.0,13.0,2.0,5.0
2023-1536,Madrid Masters,Clay,128,M,O,20230424,65,MM58,2.0,,Daniil Medvedev,R,198.0,RUS,27.198,3.0,5240.0,S0H2,,Q,Alexander Shevchenko,R,188.0,KAZ,22.398,96.0,610.0,4-6 6-1 7-5,3,R32,162.0,4.0,6.0,119.0,67.0,44.0,25.0,15.0,9.0,13.0,2.0,4.0,102.0,51.0,34.0,19.0,14.0,8.0,14.0
2023-1536,Madrid Masters,Clay,128,M,O,20230424,66,KC56,,Q,Aslan Karatsev,R,185.0,RUS,29.634,121.0,497.0,DH58,16.0,,Alex de Minaur,R,183.0,AUS,24.181,19.0,1995.0,6-3 4-6 6-4,3,R32,136.0,4.0,0.0,95.0,61.0,45.0,17.0,15.0,3.0,5.0,3.0,3.0,76.0,47.0,36.0,16.0,14.0,2.0,5.0
2023-1536,Madrid Masters,Clay,128,M,O,20230424,67,Z371,,,Zhizhen Zhang,R,193.0,CHN,26.519,99.0,606.0,N771,11.0,,Cameron Norrie,L,188.0,GBR,27.669,13.0,2725.0,2-6 7-6(2) 7-6(2),3,R32,129.0,13.0,0.0,87.0,63.0,50.0,18.0,16.0,5.0,7.0,8.0,0.0,100.0,74.0,54.0,17.0,16.0,0.0,0.0
2023-1536,Madrid Masters,Clay,128,M,O,20230424,68,FB98,8.0,,Taylor Fritz,R,196.0,USA,25.487,10.0,3290.0,GD64,,,Cristian Garin,R,185.0,CHI,26.899,73.0,723.0,6-1 7-6(4),3,R32,91.0,10.0,1.0,51.0,33.0,29.0,14.0,10.0,0.0,1.0,2.0,3.0,81.0,61.0,36.0,8.0,9.0,9.0,12.0
2023-1536,Madrid Masters,Clay,128,M,O,20230424,69,TE51,4.0,,Stefanos Tsitsipas,R,193.0,GRE,24.698,5.0,5195.0,B0BI,25.0,,Sebastian Baez,R,170.0,ARG,22.319,31.0,1190.0,7-5 3-6 6-3,3,R32,132.0,4.0,4.0,95.0,65.0,49.0,12.0,15.0,4.0,6.0,1.0,1.0,88.0,61.0,37.0,20.0,15.0,5.0,8.0
2023-1536,Madrid Masters,Clay,128,M,O,20230424,70,Z419,,,Bernabe Zapata Miralles,R,183.0,ESP,26.278,42.0,958.0,SX50,,Q,Roman Safiullin,R,185.0,RUS,25.711,112.0,525.0,6-3 3-6 6-3,3,R32,141.0,3.0,0.0,90.0,68.0,47.0,14.0,14.0,5.0,7.0,4.0,5.0,98.0,65.0,46.0,15.0,13.0,8.0,11.0
2023-1536,Madrid Masters,Clay,128,M,O,20230424,71,CG04,,,Pedro Cachin,R,185.0,ARG,28.033,67.0,767.0,TD51,9.0,,Frances Tiafoe,R,188.0,USA,25.257,11.0,2870.0,6-1 7-6(2),3,R32,81.0,8.0,1.0,57.0,36.0,29.0,12.0,10.0,3.0,4.0,4.0,0.0,51.0,35.0,22.0,6.0,9.0,1.0,4.0
2023-1536,Madrid Masters,Clay,128,M,O,20230424,72,SL28,,LL,Jan-Lennard Struff,R,193.0,GER,32.997,65.0,779.0,L987,,,Dusan Lajovic,R,183.0,SRB,32.816,40.0,994.0,6-7(2) 6-3 6-3,3,R32,132.0,8.0,3.0,102.0,56.0,44.0,26.0,15.0,5.0,5.0,9.0,0.0,108.0,74.0,53.0,15.0,15.0,6.0,9.0
2023-1536,Madrid Masters,Clay,128,M,O,20230424,73,DH50,29.0,,Alejandro Davidovich Fokina,R,180.0,ESP,23.885,35.0,1095.0,R0DG,6.0,,Holger Rune,R,188.0,DEN,19.986,7.0,4070.0,7-6(1) 5-7 7-6(5),3,R32,185.0,2.0,2.0,123.0,95.0,65.0,16.0,18.0,8.0,12.0,6.0,2.0,113.0,72.0,48.0,26.0,18.0,7.0,10.0
2023-1536,Madrid Masters,Clay,128,M,O,20230424,74,CG80,17.0,,Borna Coric,R,188.0,CRO,26.439,20.0,1890.0,HB71,12.0,,Hubert Hurkacz,R,196.0,POL,26.196,15.0,2660.0,7-6(3) 6-3,3,R32,97.0,4.0,1.0,72.0,43.0,37.0,17.0,11.0,3.0,3.0,5.0,1.0,60.0,38.0,29.0,14.0,10.0,1.0,2.0
2023-1536,Madrid Masters,Clay,128,M,O,20230424,75,AE14,,LL,Daniel Altmaier,R,188.0,GER,24.613,92.0,633.0,H997,,Q,Yannick Hanfmann,R,193.0,GER,31.444,108.0,548.0,7-6(3) 6-3,3,R32,111.0,6.0,1.0,78.0,60.0,44.0,6.0,11.0,6.0,7.0,3.0,2.0,66.0,49.0,30.0,9.0,10.0,2.0,4.0
2023-1536,Madrid Masters,Clay,128,M,O,20230424,76,MU94,,,Jaume Munar,R,183.0,ESP,25.969,88.0,666.0,A0FC,,Q,Matteo Arnaldi,R,185.0,ITA,22.166,105.0,556.0,3-6 6-3 6-1,3,R32,123.0,1.0,2.0,76.0,53.0,36.0,11.0,12.0,2.0,4.0,4.0,0.0,82.0,47.0,30.0,16.0,13.0,9.0,14.0
2023-1536,Madrid Masters,Clay,128,M,O,20230424,77,RE44,5.0,,Andrey Rublev,R,188.0,RUS,25.509,6.0,4280.0,N732,28.0,,Yoshihito Nishioka,L,170.0,JPN,27.573,34.0,1138.0,6-2 7-5,3,R32,86.0,10.0,1.0,61.0,38.0,33.0,12.0,10.0,1.0,1.0,6.0,1.0,77.0,64.0,39.0,5.0,10.0,5.0,8.0
2023-1536,Madrid Masters,Clay,128,M,O,20230424,78,KE29,10.0,,Karen Khachanov,R,198.0,RUS,26.924,12.0,2855.0,BD06,20.0,,Roberto Bautista Agut,R,183.0,ESP,35.025,25.0,1475.0,7-5 4-6 6-3,3,R32,175.0,11.0,3.0,91.0,60.0,44.0,18.0,16.0,1.0,3.0,3.0,2.0,116.0,74.0,51.0,18.0,15.0,13.0,16.0
2023-1536,Madrid Masters,Clay,128,M,O,20230424,79,Z355,13.0,,Alexander Zverev,R,198.0,GER,26.01,16.0,2140.0,GF95,,Q,Hugo Grenier,R,196.0,FRA,27.086,128.0,466.0,6-1 6-0,3,R32,56.0,4.0,1.0,29.0,25.0,22.0,2.0,6.0,0.0,0.0,1.0,5.0,48.0,27.0,14.0,3.0,7.0,4.0,10.0
2023-1536,Madrid Masters,Clay,128,M,O,20230424,80,A0E2,1.0,,Carlos Alcaraz,R,183.0,ESP,19.97,2.0,6770.0,D875,26.0,,Grigor Dimitrov,R,191.0,BUL,31.94,32.0,1170.0,6-2 7-5,3,R32,90.0,3.0,0.0,51.0,35.0,26.0,12.0,10.0,1.0,2.0,2.0,2.0,54.0,29.0,18.0,12.0,10.0,2.0,6.0
2023-1536,Madrid Masters,Clay,128,M,O,20230424,81,KC56,,Q,Aslan Karatsev,R,185.0,RUS,29.634,121.0,497.0,MM58,2.0,,Daniil Medvedev,R,198.0,RUS,27.198,3.0,5240.0,7-6(1) 6-4,3,R16,96.0,2.0,0.0,64.0,43.0,34.0,14.0,11.0,3.0,4.0,4.0,0.0,61.0,43.0,29.0,11.0,11.0,0.0,2.0
2023-1536,Madrid Masters,Clay,128,M,O,20230424,82,Z371,,,Zhizhen Zhang,R,193.0,CHN,26.519,99.0,606.0,FB98,8.0,,Taylor Fritz,R,196.0,USA,25.487,10.0,3290.0,3-6 7-6(5) 7-6(8),3,R16,148.0,7.0,3.0,107.0,60.0,42.0,28.0,16.0,5.0,8.0,11.0,2.0,104.0,62.0,48.0,27.0,17.0,2.0,4.0
2023-1536,Madrid Masters,Clay,128,M,O,20230424,83,TE51,4.0,,Stefanos Tsitsipas,R,193.0,GRE,24.698,5.0,5195.0,Z419,,,Bernabe Zapata Miralles,R,183.0,ESP,26.278,42.0,958.0,6-3 6-1,3,R16,73.0,0.0,1.0,41.0,24.0,16.0,9.0,8.0,0.0,3.0,0.0,2.0,62.0,47.0,18.0,5.0,8.0,9.0,16.0
2023-1536,Madrid Masters,Clay,128,M,O,20230424,84,SL28,,LL,Jan-Lennard Struff,R,193.0,GER,32.997,65.0,779.0,CG04,,,Pedro Cachin,R,185.0,ARG,28.033,67.0,767.0,7-6(7) 6-7(7) 6-3,3,R16,148.0,8.0,2.0,109.0,73.0,56.0,20.0,16.0,4.0,6.0,8.0,3.0,107.0,68.0,52.0,23.0,17.0,1.0,5.0
2023-1536,Madrid Masters,Clay,128,M,O,20230424,85,CG80,17.0,,Borna Coric,R,188.0,CRO,26.439,20.0,1890.0,DH50,29.0,,Alejandro Davidovich Fokina,R,180.0,ESP,23.885,35.0,1095.0,6-7(5) 6-3 7-6(5),3,R16,208.0,6.0,2.0,119.0,70.0,54.0,19.0,16.0,11.0,14.0,0.0,2.0,120.0,94.0,57.0,13.0,17.0,6.0,11.0
2023-1536,Madrid Masters,Clay,128,M,O,20230424,86,AE14,,LL,Daniel Altmaier,R,188.0,GER,24.613,92.0,633.0,MU94,,,Jaume Munar,R,183.0,ESP,25.969,88.0,666.0,6-3 6-0,3,R16,85.0,1.0,0.0,41.0,26.0,18.0,12.0,7.0,4.0,4.0,0.0,1.0,51.0,38.0,18.0,6.0,8.0,6.0,11.0
2023-1536,Madrid Masters,Clay,128,M,O,20230424,87,KE29,10.0,,Karen Khachanov,R,198.0,RUS,26.924,12.0,2855.0,RE44,5.0,,Andrey Rublev,R,188.0,RUS,25.509,6.0,4280.0,7-6(8) 6-4,3,R16,102.0,5.0,2.0,72.0,44.0,35.0,18.0,11.0,1.0,1.0,7.0,3.0,73.0,42.0,33.0,17.0,11.0,3.0,4.0
2023-1536,Madrid Masters,Clay,128,M,O,20230424,88,A0E2,1.0,,Carlos Alcaraz,R,183.0,ESP,19.97,2.0,6770.0,Z355,13.0,,Alexander Zverev,R,198.0,GER,26.01,16.0,2140.0,6-1 6-2,3,R16,82.0,5.0,1.0,41.0,24.0,21.0,12.0,8.0,0.0,0.0,3.0,4.0,60.0,40.0,22.0,8.0,7.0,6.0,10.0
2023-1536,Madrid Masters,Clay,128,M,O,20230424,89,KC56,,Q,Aslan Karatsev,R,185.0,RUS,29.634,121.0,497.0,Z371,,,Zhizhen Zhang,R,193.0,CHN,26.519,99.0,606.0,7-6(3) 6-4,3,QF,101.0,6.0,2.0,66.0,44.0,36.0,15.0,11.0,3.0,3.0,4.0,2.0,68.0,39.0,27.0,19.0,11.0,1.0,2.0
2023-1536,Madrid Masters,Clay,128,M,O,20230424,90,SL28,,LL,Jan-Lennard Struff,R,193.0,GER,32.997,65.0,779.0,TE51,4.0,,Stefanos Tsitsipas,R,193.0,GRE,24.698,5.0,5195.0,7-6(5) 5-7 6-3,3,QF,150.0,14.0,3.0,122.0,83.0,64.0,19.0,17.0,9.0,10.0,11.0,1.0,92.0,63.0,52.0,16.0,16.0,0.0,1.0
2023-1536,Madrid Masters,Clay,128,M,O,20230424,91,CG80,17.0,,Borna Coric,R,188.0,CRO,26.439,20.0,1890.0,AE14,,LL,Daniel Altmaier,R,188.0,GER,24.613,92.0,633.0,6-3 6-3,3,QF,74.0,2.0,0.0,46.0,31.0,28.0,9.0,9.0,0.0,0.0,1.0,4.0,47.0,32.0,21.0,7.0,9.0,2.0,5.0
2023-1536,Madrid Masters,Clay,128,M,O,20230424,92,A0E2,1.0,,Carlos Alcaraz,R,183.0,ESP,19.97,2.0,6770.0,KE29,10.0,,Karen Khachanov,R,198.0,RUS,26.924,12.0,2855.0,6-4 7-5,3,QF,110.0,5.0,1.0,71.0,48.0,37.0,10.0,11.0,4.0,5.0,1.0,0.0,72.0,47.0,30.0,14.0,11.0,3.0,6.0
2023-1536,Madrid Masters,Clay,128,M,O,20230424,93,SL28,,LL,Jan-Lennard Struff,R,193.0,GER,32.997,65.0,779.0,KC56,,Q,Aslan Karatsev,R,185.0,RUS,29.634,121.0,497.0,4-6 6-3 6-4,3,SF,138.0,15.0,6.0,96.0,57.0,42.0,21.0,15.0,5.0,7.0,3.0,4.0,88.0,51.0,36.0,22.0,14.0,6.0,9.0
2023-1536,Madrid Masters,Clay,128,M,O,20230424,94,A0E2,1.0,,Carlos Alcaraz,R,183.0,ESP,19.97,2.0,6770.0,CG80,17.0,,Borna Coric,R,188.0,CRO,26.439,20.0,1890.0,6-4 6-3,3,SF,100.0,4.0,3.0,58.0,38.0,27.0,13.0,9.0,1.0,2.0,2.0,2.0,62.0,38.0,23.0,10.0,10.0,2.0,6.0
2023-1536,Madrid Masters,Clay,128,M,O,20230424,95,A0E2,1.0,,Carlos Alcaraz,R,183.0,ESP,19.97,2.0,6770.0,SL28,,LL,Jan-Lennard Struff,R,193.0,GER,32.997,65.0,779.0,6-4 3-6 6-3,3,F,145.0,2.0,3.0,91.0,64.0,43.0,15.0,14.0,6.0,8.0,4.0,5.0,104.0,53.0,40.0,23.0,14.0,8.0,11.0
2023-416,Rome Masters,Clay,128,M,O,20230508,1,R772,,,Albert Ramos-Vinolas,L,188.0,ESP,35.305,72.0,745.0,P0CT,,WC,Francesco Passaro,R,180.0,ITA,22.33,126.0,499.0,4-6 6-1 6-4,3,R128,138.0,2.0,2.0,88.0,57.0,39.0,16.0,14.0,5.0,7.0,5.0,4.0,82.0,52.0,32.0,14.0,13.0,2.0,6.0
2023-416,Rome Masters,Clay,128,M,O,20230508,2,M0CI,,Q,Fabian Marozsan,R,193.0,HUN,23.581,135.0,441.0,MW02,,,Corentin Moutet,L,180.0,FRA,24.052,67.0,781.0,6-0 6-7(8) 6-2,3,R128,123.0,2.0,0.0,81.0,51.0,41.0,17.0,13.0,3.0,4.0,0.0,4.0,85.0,56.0,37.0,10.0,13.0,6.0,12.0
2023-416,Rome Masters,Clay,128,M,O,20230508,3,CF59,,,Roberto Carballes Baena,R,183.0,ESP,30.125,51.0,876.0,DA31,,PR,Hugo Dellien,R,180.0,BOL,29.892,157.0,374.0,6-2 6-3,3,R128,87.0,0.0,1.0,41.0,32.0,26.0,6.0,8.0,0.0,0.0,0.0,5.0,69.0,40.0,26.0,10.0,9.0,2.0,6.0
2023-416,Rome Masters,Clay,128,M,O,20230508,4,MJ08,,,Thiago Monteiro,L,183.0,BRA,28.936,98.0,627.0,ME82,,,Adrian Mannarino,L,180.0,FRA,34.856,45.0,927.0,6-1 6-2,3,R128,68.0,4.0,1.0,45.0,26.0,23.0,10.0,8.0,0.0,0.0,1.0,4.0,43.0,26.0,15.0,7.0,7.0,5.0,9.0
2023-416,Rome Masters,Clay,128,M,O,20230508,5,AE14,,Q,Daniel Altmaier,R,188.0,GER,24.652,65.0,792.0,Z0A1,,WC,Giulio Zeppieri,L,183.0,ITA,21.415,120.0,513.0,7-6(3) 4-6 6-0,3,R128,158.0,1.0,1.0,110.0,76.0,48.0,18.0,14.0,5.0,8.0,2.0,2.0,86.0,49.0,32.0,16.0,14.0,6.0,11.0
2023-416,Rome Masters,Clay,128,M,O,20230508,6,A0FC,,WC,Matteo Arnaldi,R,185.0,ITA,22.204,99.0,608.0,SM37,,,Diego Schwartzman,R,170.0,ARG,30.724,91.0,695.0,6-1 4-6 6-3,3,R128,146.0,4.0,2.0,78.0,44.0,30.0,23.0,13.0,3.0,4.0,0.0,3.0,98.0,63.0,44.0,14.0,13.0,9.0,13.0
2023-416,Rome Masters,Clay,128,M,O,20230508,7,SU87,,,Lorenzo Sonego,R,191.0,ITA,27.992,48.0,890.0,CA12,,PR,Jeremy Chardy,R,188.0,FRA,36.233,591.0,55.0,6-2 6-1,3,R128,75.0,2.0,0.0,45.0,31.0,26.0,7.0,8.0,0.0,0.0,1.0,7.0,53.0,29.0,18.0,7.0,7.0,2.0,6.0
2023-416,Rome Masters,Clay,128,M,O,20230508,8,BT72,,,Nuno Borges,R,185.0,POR,26.212,88.0,713.0,L987,,,Dusan Lajovic,R,183.0,SRB,32.854,46.0,924.0,6-4 6-1,3,R128,66.0,2.0,0.0,56.0,41.0,27.0,9.0,8.0,4.0,5.0,2.0,2.0,48.0,29.0,16.0,9.0,9.0,2.0,7.0
2023-416,Rome Masters,Clay,128,M,O,20230508,9,RH24,,,Emil Ruusuvuori,R,188.0,FIN,24.099,43.0,957.0,HH26,,,Ugo Humbert,L,188.0,FRA,24.865,50.0,877.0,6-4 3-6 7-6(6),3,R128,180.0,9.0,3.0,99.0,61.0,40.0,20.0,15.0,6.0,11.0,7.0,8.0,106.0,54.0,36.0,27.0,16.0,2.0,7.0
2023-416,Rome Masters,Clay,128,M,O,20230508,10,KB95,,,Jason Kubler,R,178.0,AUS,29.969,66.0,782.0,HH06,,,Marc-Andrea Huesler,L,196.0,SUI,26.869,82.0,720.0,6-7(6) 6-4 6-2,3,R128,150.0,5.0,2.0,96.0,55.0,42.0,20.0,15.0,4.0,7.0,4.0,3.0,104.0,59.0,39.0,20.0,15.0,5.0,11.0
2023-416,Rome Masters,Clay,128,M,O,20230508,11,GB88,,,David Goffin,R,180.0,BEL,32.416,107.0,570.0,N0BG,,WC,Luca Nardi,R,185.0,ITA,19.754,151.0,392.0,3-6 6-4 6-2,3,R128,142.0,3.0,3.0,106.0,60.0,38.0,26.0,13.0,10.0,12.0,3.0,2.0,82.0,53.0,34.0,13.0,14.0,1.0,5.0
2023-416,Rome Masters,Clay,128,M,O,20230508,12,W09G,,,J.J. Wolf,R,183.0,USA,24.378,54.0,860.0,GF95,,LL,Hugo Grenier,R,196.0,FRA,27.124,124.0,504.0,7-5 7-5,3,R128,105.0,4.0,0.0,66.0,38.0,28.0,20.0,12.0,3.0,4.0,7.0,3.0,75.0,49.0,33.0,12.0,12.0,0.0,3.0
2023-416,Rome Masters,Clay,128,M,O,20230508,13,H997,,Q,Yannick Hanfmann,R,193.0,GER,31.483,101.0,602.0,J551,,,Nicolas Jarry,R,201.0,CHI,27.573,56.0,852.0,6-4 6-4,3,R128,94.0,4.0,0.0,55.0,41.0,33.0,7.0,10.0,0.0,1.0,3.0,0.0,67.0,48.0,31.0,9.0,10.0,8.0,11.0
2023-416,Rome Masters,Clay,128,M,O,20230508,14,CF01,,,Marco Cecchinato,R,185.0,ITA,30.601,83.0,720.0,MK66,,,Mackenzie McDonald,R,178.0,USA,28.06,55.0,855.0,6-3 7-5,3,R128,95.0,2.0,3.0,71.0,40.0,26.0,18.0,11.0,3.0,5.0,1.0,2.0,60.0,48.0,29.0,5.0,10.0,3.0,7.0
2023-416,Rome Masters,Clay,128,M,O,20230508,15,PC11,,PR,Guido Pella,L,183.0,ARG,32.975,484.0,80.0,C0BC,,,Maxime Cressy,R,201.0,USA,25.999,41.0,985.0,6-3 6-4,3,R128,100.0,0.0,2.0,70.0,50.0,34.0,13.0,10.0,4.0,4.0,6.0,11.0,69.0,34.0,27.0,13.0,9.0,5.0,7.0
2023-416,Rome Masters,Clay,128,M,O,20230508,16,MV14,,,Alex Molcan,L,178.0,SVK,25.432,59.0,830.0,N679,,Q,Stefano Napolitano,R,196.0,ITA,28.074,555.0,62.0,6-4 3-6 7-6(1),3,R128,142.0,4.0,2.0,101.0,65.0,47.0,19.0,15.0,5.0,7.0,10.0,2.0,99.0,62.0,42.0,23.0,16.0,0.0,2.0
2023-416,Rome Masters,Clay,128,M,O,20230508,17,KD46,,Q,Thanasi Kokkinakis,R,193.0,AUS,27.075,104.0,576.0,MU94,,,Jaume Munar,R,183.0,ESP,26.007,75.0,740.0,4-2 RET,3,R128,29.0,3.0,0.0,18.0,11.0,6.0,7.0,3.0,2.0,2.0,1.0,0.0,15.0,12.0,8.0,1.0,3.0,0.0,1.0
2023-416,Rome Masters,Clay,128,M,O,20230508,18,B0BI,,,Sebastian Baez,R,170.0,ARG,22.357,40.0,985.0,V836,,,Juan Pablo Varillas,R,185.0,PER,27.587,97.0,638.0,7-5 6-3,3,R128,121.0,5.0,1.0,80.0,54.0,33.0,16.0,11.0,6.0,8.0,0.0,1.0,77.0,48.0,29.0,12.0,10.0,11.0,15.0
2023-416,Rome Masters,Clay,128,M,O,20230508,19,WB32,,,Yibing Wu,R,183.0,CHN,23.565,57.0,838.0,G628,,,Richard Gasquet,R,183.0,FRA,36.887,44.0,931.0,3-6 6-3 6-3,3,R128,115.0,5.0,1.0,75.0,43.0,33.0,19.0,14.0,0.0,2.0,4.0,4.0,83.0,40.0,30.0,20.0,13.0,3.0,6.0
2023-416,Rome Masters,Clay,128,M,O,20230508,20,BK24,,,Gregoire Barrere,R,183.0,FRA,29.221,63.0,813.0,N0AE,,,Brandon Nakashima,R,188.0,USA,21.76,47.0,902.0,6-3 6-3,3,R128,67.0,6.0,0.0,48.0,32.0,27.0,10.0,9.0,0.0,0.0,3.0,2.0,53.0,34.0,20.0,12.0,9.0,2.0,5.0
2023-416,Rome Masters,Clay,128,M,O,20230508,21,GD64,,,Cristian Garin,R,185.0,CHI,26.938,79.0,723.0,CG04,,,Pedro Cachin,R,185.0,ARG,28.071,68.0,777.0,6-4 3-6 7-6(5),3,R128,171.0,0.0,4.0,116.0,62.0,41.0,29.0,15.0,7.0,10.0,13.0,5.0,114.0,75.0,53.0,19.0,16.0,6.0,9.0
2023-416,Rome Masters,Clay,128,M,O,20230508,22,DB63,,,Laslo Djere,R,188.0,SRB,27.932,62.0,825.0,LB66,,,Constant Lestienne,R,180.0,FRA,30.957,70.0,768.0,6-1 RET,3,R128,27.0,2.0,0.0,21.0,13.0,10.0,5.0,3.0,3.0,3.0,1.0,2.0,18.0,11.0,5.0,1.0,4.0,0.0,3.0
2023-416,Rome Masters,Clay,128,M,O,20230508,23,BK92,,,Alexander Bublik,R,196.0,KAZ,25.889,49.0,880.0,MO44,,Q,Pedro Martinez,R,185.0,ESP,26.031,142.0,416.0,6-3 7-6(4),3,R128,106.0,11.0,11.0,74.0,47.0,37.0,13.0,11.0,4.0,5.0,4.0,5.0,67.0,42.0,31.0,13.0,10.0,3.0,5.0
2023-416,Rome Masters,Clay,128,M,O,20230508,24,RC91,,,Arthur Rinderknech,R,196.0,FRA,27.792,89.0,711.0,C0E9,,Q,Flavio Cobolli,R,183.0,ITA,21.005,183.0,327.0,6-4 6-3,3,R128,89.0,8.0,1.0,66.0,51.0,34.0,12.0,10.0,4.0,4.0,2.0,6.0,61.0,36.0,24.0,13.0,9.0,7.0,9.0
2023-416,Rome Masters,Clay,128,M,O,20230508,25,F0F1,,Q,Arthur Fils,R,185.0,FRA,18.902,119.0,520.0,C0C8,,Q,Juan Manuel Cerundolo,L,183.0,ARG,21.476,105.0,575.0,6-1 1-6 6-4,3,R128,129.0,6.0,2.0,85.0,59.0,37.0,16.0,12.0,8.0,10.0,3.0,3.0,97.0,68.0,38.0,17.0,12.0,10.0,13.0
2023-416,Rome Masters,Clay,128,M,O,20230508,26,F510,,WC,Fabio Fognini,R,178.0,ITA,35.956,130.0,468.0,MC10,,,Andy Murray,R,191.0,GBR,35.981,42.0,965.0,6-4 4-6 6-4,3,R128,174.0,7.0,3.0,111.0,68.0,45.0,23.0,15.0,14.0,18.0,3.0,1.0,104.0,59.0,38.0,21.0,15.0,7.0,12.0
2023-416,Rome Masters,Clay,128,M,O,20230508,27,SX50,,Q,Roman Safiullin,R,185.0,RUS,25.749,103.0,586.0,GC88,,,Marcos Giron,R,180.0,USA,29.788,60.0,826.0,6-4 6-3,3,R128,79.0,2.0,2.0,51.0,35.0,26.0,8.0,9.0,4.0,6.0,3.0,0.0,61.0,36.0,22.0,10.0,10.0,4.0,9.0
2023-416,Rome Masters,Clay,128,M,O,20230508,28,P09Z,,Q,Alexei Popyrin,R,196.0,AUS,23.756,77.0,726.0,O483,,,Christopher O'Connell,R,183.0,AUS,28.928,78.0,724.0,6-2 7-6(5),3,R128,95.0,10.0,1.0,62.0,42.0,36.0,11.0,10.0,5.0,6.0,0.0,6.0,61.0,33.0,26.0,11.0,10.0,1.0,4.0
2023-416,Rome Masters,Clay,128,M,O,20230508,29,MP20,,Q,Alexandre Muller,R,183.0,FRA,26.261,100.0,605.0,E831,,PR,Kyle Edmund,R,188.0,GBR,28.329,473.0,85.0,6-1 6-3,3,R128,62.0,6.0,0.0,39.0,28.0,22.0,10.0,8.0,0.0,0.0,1.0,1.0,51.0,31.0,17.0,7.0,8.0,1.0,5.0
2023-416,Rome Masters,Clay,128,M,O,20230508,30,F724,,,Marton Fucsovics,R,188.0,HUN,31.244,92.0,691.0,KB05,,,Filip Krajinovic,R,185.0,SRB,31.192,74.0,741.0,6-4 6-2,3,R128,87.0,1.0,0.0,42.0,26.0,22.0,11.0,9.0,1.0,2.0,1.0,0.0,58.0,43.0,24.0,7.0,9.0,1.0,5.0
2023-416,Rome Masters,Clay,128,M,O,20230508,31,W367,,,Stan Wawrinka,R,183.0,SUI,38.111,84.0,717.0,I305,,,Ilya Ivashka,R,193.0,BLR,29.199,73.0,741.0,6-2 6-4,3,R128,77.0,5.0,0.0,53.0,30.0,24.0,15.0,9.0,1.0,1.0,2.0,1.0,55.0,33.0,22.0,9.0,9.0,3.0,6.0
2023-416,Rome Masters,Clay,128,M,O,20230508,32,EA24,,,Tomas Martin Etcheverry,R,196.0,ARG,23.806,61.0,826.0,V0DZ,,,Luca Van Assche,R,178.0,FRA,18.99,85.0,716.0,7-6(7) 6-3,3,R128,122.0,7.0,0.0,65.0,38.0,28.0,13.0,10.0,3.0,6.0,3.0,2.0,80.0,49.0,27.0,15.0,11.0,5.0,10.0
2023-416,Rome Masters,Clay,128,M,O,20230508,33,A0E2,2.0,,Carlos Alcaraz,R,183.0,ESP,20.008,2.0,6770.0,R772,,,Albert Ramos-Vinolas,L,188.0,ESP,35.305,72.0,745.0,6-4 6-1,3,R64,86.0,3.0,1.0,47.0,38.0,28.0,6.0,9.0,1.0,2.0,1.0,1.0,64.0,41.0,23.0,10.0,8.0,8.0,12.0
2023-416,Rome Masters,Clay,128,M,O,20230508,34,M0CI,,Q,Fabian Marozsan,R,193.0,HUN,23.581,135.0,441.0,L0BV,32.0,,Jiri Lehecka,R,185.0,CZE,21.495,39.0,992.0,4-6 6-1 7-6(4),3,R64,131.0,0.0,2.0,103.0,68.0,46.0,19.0,15.0,3.0,6.0,3.0,4.0,80.0,52.0,40.0,12.0,14.0,3.0,7.0
2023-416,Rome Masters,Clay,128,M,O,20230508,35,CF59,,,Roberto Carballes Baena,R,183.0,ESP,30.125,51.0,876.0,E687,20.0,,Daniel Evans,R,175.0,GBR,32.958,24.0,1480.0,7-6(5) 5-7 6-4,3,R64,226.0,0.0,3.0,134.0,111.0,72.0,13.0,17.0,12.0,15.0,9.0,6.0,115.0,70.0,47.0,25.0,17.0,7.0,10.0
2023-416,Rome Masters,Clay,128,M,O,20230508,36,CG80,15.0,,Borna Coric,R,188.0,CRO,26.478,16.0,2240.0,MJ08,,,Thiago Monteiro,L,183.0,BRA,28.936,98.0,627.0,4-6 7-6(8) 7-6(5),3,R64,212.0,10.0,4.0,109.0,57.0,49.0,31.0,17.0,3.0,5.0,8.0,0.0,114.0,72.0,52.0,29.0,17.0,4.0,5.0
2023-416,Rome Masters,Clay,128,M,O,20230508,37,TD51,12.0,,Frances Tiafoe,R,188.0,USA,25.295,12.0,2755.0,AE14,,Q,Daniel Altmaier,R,188.0,GER,24.652,65.0,792.0,3-6 7-5 6-3,3,R64,155.0,7.0,1.0,108.0,63.0,43.0,25.0,15.0,9.0,11.0,8.0,1.0,94.0,65.0,44.0,18.0,15.0,8.0,11.0
2023-416,Rome Masters,Clay,128,M,O,20230508,38,M0EJ,18.0,,Lorenzo Musetti,R,185.0,ITA,21.18,19.0,1960.0,A0FC,,WC,Matteo Arnaldi,R,185.0,ITA,22.204,99.0,608.0,6-4 6-4,3,R64,112.0,1.0,1.0,66.0,42.0,30.0,16.0,10.0,3.0,3.0,0.0,4.0,75.0,43.0,29.0,16.0,10.0,5.0,7.0
2023-416,Rome Masters,Clay,128,M,O,20230508,39,SU87,,,Lorenzo Sonego,R,191.0,ITA,27.992,48.0,890.0,N732,25.0,,Yoshihito Nishioka,L,170.0,JPN,27.611,32.0,1171.0,7-5 6-3,3,R64,105.0,5.0,0.0,68.0,43.0,33.0,15.0,11.0,4.0,5.0,1.0,0.0,60.0,36.0,20.0,15.0,10.0,3.0,6.0
2023-416,Rome Masters,Clay,128,M,O,20230508,40,TE51,5.0,,Stefanos Tsitsipas,R,193.0,GRE,24.736,5.0,5015.0,BT72,,,Nuno Borges,R,185.0,POR,26.212,88.0,713.0,6-3 6-3,3,R64,70.0,4.0,3.0,49.0,31.0,27.0,11.0,9.0,0.0,0.0,1.0,1.0,63.0,43.0,24.0,12.0,9.0,3.0,6.0
2023-416,Rome Masters,Clay,128,M,O,20230508,41,MM58,3.0,,Daniil Medvedev,R,198.0,RUS,27.236,3.0,5330.0,RH24,,,Emil Ruusuvuori,R,188.0,FIN,24.099,43.0,957.0,6-4 6-2,3,R64,88.0,6.0,2.0,54.0,35.0,25.0,8.0,9.0,0.0,2.0,0.0,0.0,51.0,38.0,22.0,4.0,9.0,6.0,11.0
2023-416,Rome Masters,Clay,128,M,O,20230508,42,Z419,31.0,,Bernabe Zapata Miralles,R,183.0,ESP,26.316,38.0,1016.0,KB95,,,Jason Kubler,R,178.0,AUS,29.969,66.0,782.0,6-4 6-1,3,R64,88.0,0.0,3.0,71.0,40.0,24.0,17.0,9.0,6.0,8.0,0.0,2.0,43.0,25.0,12.0,8.0,8.0,3.0,8.0
2023-416,Rome Masters,Clay,128,M,O,20230508,43,Z355,19.0,,Alexander Zverev,R,198.0,GER,26.048,22.0,1630.0,GB88,,,David Goffin,R,180.0,BEL,32.416,107.0,570.0,5-7 6-3 6-4,3,R64,146.0,6.0,4.0,82.0,54.0,37.0,11.0,15.0,3.0,8.0,3.0,1.0,100.0,61.0,36.0,17.0,16.0,12.0,19.0
2023-416,Rome Masters,Clay,128,M,O,20230508,44,W09G,,,J.J. Wolf,R,183.0,USA,24.378,54.0,860.0,HB71,14.0,,Hubert Hurkacz,R,196.0,POL,26.234,15.0,2525.0,6-3 6-4,3,R64,76.0,2.0,3.0,57.0,36.0,30.0,12.0,10.0,0.0,0.0,8.0,1.0,52.0,27.0,21.0,13.0,9.0,0.0,2.0
2023-416,Rome Masters,Clay,128,M,O,20230508,45,H997,,Q,Yannick Hanfmann,R,193.0,GER,31.483,101.0,602.0,FB98,9.0,,Taylor Fritz,R,196.0,USA,25.525,9.0,3380.0,6-4 6-1,3,R64,71.0,2.0,0.0,44.0,25.0,18.0,14.0,8.0,1.0,2.0,1.0,2.0,53.0,24.0,13.0,12.0,9.0,0.0,5.0
2023-416,Rome Masters,Clay,128,M,O,20230508,46,CF01,,,Marco Cecchinato,R,185.0,ITA,30.601,83.0,720.0,BD06,21.0,,Roberto Bautista Agut,R,183.0,ESP,35.064,25.0,1475.0,6-2 6-2,3,R64,76.0,2.0,2.0,56.0,31.0,24.0,15.0,8.0,7.0,7.0,0.0,0.0,48.0,34.0,20.0,6.0,8.0,2.0,6.0
2023-416,Rome Masters,Clay,128,M,O,20230508,47,DH50,27.0,,Alejandro Davidovich Fokina,R,180.0,ESP,23.923,34.0,1115.0,PC11,,PR,Guido Pella,L,183.0,ARG,32.975,484.0,80.0,6-0 7-6(4),3,R64,99.0,1.0,2.0,75.0,53.0,40.0,9.0,9.0,4.0,5.0,1.0,2.0,63.0,47.0,28.0,6.0,9.0,7.0,11.0
2023-416,Rome Masters,Clay,128,M,O,20230508,48,RE44,6.0,,Andrey Rublev,R,188.0,RUS,25.547,6.0,4190.0,MV14,,,Alex Molcan,L,178.0,SVK,25.432,59.0,830.0,6-3 6-4,3,R64,79.0,3.0,1.0,54.0,34.0,28.0,13.0,10.0,2.0,2.0,1.0,1.0,53.0,35.0,24.0,12.0,9.0,4.0,6.0
2023-416,Rome Masters,Clay,128,M,O,20230508,49,S0AG,8.0,,Jannik Sinner,R,191.0,ITA,21.725,8.0,3525.0,KD46,,Q,Thanasi Kokkinakis,R,193.0,AUS,27.075,104.0,576.0,6-1 6-4,3,R64,78.0,2.0,0.0,39.0,26.0,25.0,11.0,9.0,0.0,0.0,3.0,1.0,49.0,29.0,19.0,8.0,8.0,2.0,5.0
2023-416,Rome Masters,Clay,128,M,O,20230508,50,S0H2,,LL,Alexander Shevchenko,R,188.0,KAZ,22.437,93.0,657.0,B0BI,,,Sebastian Baez,R,170.0,ARG,22.357,40.0,985.0,6-3 6-4,3,R64,105.0,3.0,6.0,73.0,35.0,28.0,18.0,10.0,6.0,7.0,0.0,2.0,67.0,47.0,29.0,9.0,9.0,3.0,6.0
2023-416,Rome Masters,Clay,128,M,O,20230508,51,C0AU,24.0,,Francisco Cerundolo,R,185.0,ARG,24.734,31.0,1200.0,WB32,,,Yibing Wu,R,183.0,CHN,23.565,57.0,838.0,4-6 6-2 6-3,3,R64,119.0,2.0,0.0,68.0,44.0,31.0,12.0,13.0,2.0,7.0,4.0,0.0,100.0,59.0,31.0,16.0,14.0,9.0,17.0
2023-416,Rome Masters,Clay,128,M,O,20230508,52,BK24,,,Gregoire Barrere,R,183.0,FRA,29.221,63.0,813.0,KE29,11.0,,Karen Khachanov,R,198.0,RUS,26.962,11.0,3025.0,4-6 6-4 7-6(4),3,R64,155.0,6.0,5.0,102.0,55.0,38.0,26.0,16.0,3.0,7.0,9.0,1.0,104.0,62.0,39.0,28.0,16.0,6.0,10.0
2023-416,Rome Masters,Clay,128,M,O,20230508,53,GD64,,,Cristian Garin,R,185.0,CHI,26.938,79.0,723.0,PL56,16.0,,Tommy Paul,R,185.0,USA,25.974,17.0,2170.0,4-6 6-3 6-4,3,R64,160.0,1.0,3.0,99.0,73.0,43.0,15.0,15.0,7.0,12.0,4.0,4.0,102.0,58.0,33.0,22.0,14.0,6.0,12.0
2023-416,Rome Masters,Clay,128,M,O,20230508,54,DB63,,,Laslo Djere,R,188.0,SRB,27.932,62.0,825.0,V812,23.0,,Botic van de Zandschulp,R,191.0,NED,27.592,30.0,1250.0,6-2 6-4,3,R64,85.0,1.0,1.0,63.0,40.0,28.0,15.0,9.0,6.0,6.0,0.0,1.0,44.0,29.0,19.0,8.0,9.0,0.0,3.0
2023-416,Rome Masters,Clay,128,M,O,20230508,55,BK92,,,Alexander Bublik,R,196.0,KAZ,25.889,49.0,880.0,S0S1,28.0,,Ben Shelton,L,193.0,USA,20.578,35.0,1095.0,6-4 1-6 6-2,3,R64,112.0,5.0,3.0,65.0,44.0,36.0,10.0,12.0,1.0,3.0,10.0,5.0,82.0,36.0,29.0,24.0,13.0,7.0,10.0
2023-416,Rome Masters,Clay,128,M,O,20230508,56,RH16,4.0,,Casper Ruud,R,183.0,NOR,24.375,4.0,5165.0,RC91,,,Arthur Rinderknech,R,196.0,FRA,27.792,89.0,711.0,6-4 6-0,3,R64,61.0,1.0,2.0,45.0,33.0,27.0,7.0,8.0,2.0,2.0,2.0,0.0,35.0,21.0,14.0,4.0,8.0,0.0,4.0
2023-416,Rome Masters,Clay,128,M,O,20230508,57,R0DG,7.0,,Holger Rune,R,188.0,DEN,20.025,7.0,3865.0,F0F1,,Q,Arthur Fils,R,185.0,FRA,18.902,119.0,520.0,6-3 6-3,3,R64,84.0,2.0,2.0,53.0,31.0,25.0,13.0,9.0,3.0,4.0,1.0,1.0,63.0,39.0,23.0,9.0,9.0,8.0,12.0
2023-416,Rome Masters,Clay,128,M,O,20230508,58,F510,,WC,Fabio Fognini,R,178.0,ITA,35.956,130.0,468.0,KI95,30.0,,Miomir Kecmanovic,R,183.0,SRB,23.685,37.0,1055.0,6-3 7-6(6),3,R64,115.0,4.0,4.0,71.0,40.0,35.0,15.0,10.0,0.0,0.0,4.0,0.0,77.0,47.0,30.0,20.0,11.0,6.0,8.0
2023-416,Rome Masters,Clay,128,M,O,20230508,59,SX50,,Q,Roman Safiullin,R,185.0,RUS,25.749,103.0,586.0,K0AH,22.0,,Sebastian Korda,R,196.0,USA,22.839,29.0,1265.0,6-2 7-6(5),3,R64,104.0,6.0,4.0,82.0,42.0,33.0,17.0,10.0,6.0,8.0,5.0,3.0,71.0,42.0,29.0,11.0,10.0,5.0,9.0
2023-416,Rome Masters,Clay,128,M,O,20230508,60,P09Z,,Q,Alexei Popyrin,R,196.0,AUS,23.756,77.0,726.0,AG37,10.0,,Felix Auger-Aliassime,R,193.0,CAN,22.746,10.0,3235.0,6-4 4-6 7-5,3,R64,197.0,8.0,2.0,95.0,61.0,46.0,21.0,16.0,2.0,4.0,7.0,9.0,115.0,64.0,46.0,26.0,16.0,13.0,16.0
2023-416,Rome Masters,Clay,128,M,O,20230508,61,N771,13.0,,Cameron Norrie,L,188.0,GBR,27.707,13.0,2680.0,MP20,,Q,Alexandre Muller,R,183.0,FRA,26.261,100.0,605.0,6-2 6-3,3,R64,74.0,4.0,1.0,52.0,35.0,26.0,11.0,9.0,1.0,1.0,0.0,1.0,53.0,35.0,19.0,10.0,8.0,4.0,7.0
2023-416,Rome Masters,Clay,128,M,O,20230508,62,F724,,,Marton Fucsovics,R,188.0,HUN,31.244,92.0,691.0,DH58,17.0,,Alex de Minaur,R,183.0,AUS,24.219,18.0,1995.0,6-3 6-4,3,R64,113.0,1.0,3.0,77.0,43.0,30.0,16.0,9.0,9.0,11.0,0.0,2.0,60.0,32.0,19.0,11.0,10.0,2.0,7.0
2023-416,Rome Masters,Clay,128,M,O,20230508,63,D875,26.0,,Grigor Dimitrov,R,191.0,BUL,31.978,33.0,1125.0,W367,,,Stan Wawrinka,R,183.0,SUI,38.111,84.0,717.0,6-4 7-6(3),3,R64,97.0,4.0,4.0,66.0,40.0,35.0,15.0,11.0,1.0,2.0,2.0,0.0,76.0,48.0,33.0,15.0,11.0,5.0,7.0
2023-416,Rome Masters,Clay,128,M,O,20230508,64,D643,1.0,,Novak Djokovic,R,188.0,SRB,35.962,1.0,6775.0,EA24,,,Tomas Martin Etcheverry,R,196.0,ARG,23.806,61.0,826.0,7-6(5) 6-2,3,R64,111.0,1.0,0.0,57.0,42.0,33.0,9.0,10.0,1.0,2.0,4.0,2.0,72.0,43.0,26.0,16.0,10.0,3.0,6.0
2023-416,Rome Masters,Clay,128,M,O,20230508,65,M0CI,,Q,Fabian Marozsan,R,193.0,HUN,23.581,135.0,441.0,A0E2,2.0,,Carlos Alcaraz,R,183.0,ESP,20.008,2.0,6770.0,6-3 7-6(4),3,R32,100.0,2.0,0.0,64.0,40.0,31.0,18.0,11.0,1.0,2.0,5.0,1.0,73.0,50.0,34.0,9.0,10.0,5.0,7.0
2023-416,Rome Masters,Clay,128,M,O,20230508,66,CG80,15.0,,Borna Coric,R,188.0,CRO,26.478,16.0,2240.0,CF59,,,Roberto Carballes Baena,R,183.0,ESP,30.125,51.0,876.0,7-6(3) 6-1,3,R32,105.0,4.0,3.0,63.0,34.0,26.0,19.0,10.0,4.0,5.0,2.0,1.0,58.0,41.0,25.0,9.0,9.0,5.0,8.0
2023-416,Rome Masters,Clay,128,M,O,20230508,67,M0EJ,18.0,,Lorenzo Musetti,R,185.0,ITA,21.18,19.0,1960.0,TD51,12.0,,Frances Tiafoe,R,188.0,USA,25.295,12.0,2755.0,5-7 6-4 6-3,3,R32,156.0,9.0,2.0,106.0,78.0,52.0,14.0,15.0,9.0,12.0,4.0,7.0,109.0,55.0,38.0,23.0,16.0,6.0,11.0
2023-416,Rome Masters,Clay,128,M,O,20230508,68,TE51,5.0,,Stefanos Tsitsipas,R,193.0,GRE,24.736,5.0,5015.0,SU87,,,Lorenzo Sonego,R,191.0,ITA,27.992,48.0,890.0,6-3 7-6(3),3,R32,127.0,3.0,1.0,64.0,40.0,37.0,14.0,11.0,2.0,2.0,2.0,2.0,79.0,55.0,37.0,12.0,10.0,6.0,7.0
2023-416,Rome Masters,Clay,128,M,O,20230508,69,MM58,3.0,,Daniil Medvedev,R,198.0,RUS,27.236,3.0,5330.0,Z419,31.0,,Bernabe Zapata Miralles,R,183.0,ESP,26.316,38.0,1016.0,3-6 6-1 6-3,3,R32,113.0,6.0,5.0,71.0,46.0,33.0,14.0,12.0,5.0,7.0,2.0,3.0,78.0,57.0,38.0,7.0,13.0,8.0,13.0
2023-416,Rome Masters,Clay,128,M,O,20230508,70,Z355,19.0,,Alexander Zverev,R,198.0,GER,26.048,22.0,1630.0,W09G,,,J.J. Wolf,R,183.0,USA,24.378,54.0,860.0,6-4 7-5,3,R32,109.0,10.0,2.0,58.0,39.0,30.0,13.0,11.0,0.0,1.0,3.0,2.0,69.0,41.0,28.0,14.0,11.0,5.0,8.0
2023-416,Rome Masters,Clay,128,M,O,20230508,71,H997,,Q,Yannick Hanfmann,R,193.0,GER,31.483,101.0,602.0,CF01,,,Marco Cecchinato,R,185.0,ITA,30.601,83.0,720.0,6-4 4-6 6-3,3,R32,140.0,3.0,1.0,82.0,62.0,43.0,11.0,14.0,1.0,3.0,7.0,4.0,118.0,73.0,47.0,19.0,15.0,13.0,17.0
2023-416,Rome Masters,Clay,128,M,O,20230508,72,RE44,6.0,,Andrey Rublev,R,188.0,RUS,25.547,6.0,4190.0,DH50,27.0,,Alejandro Davidovich Fokina,R,180.0,ESP,23.923,34.0,1115.0,7-6(8) 6-3,3,R32,108.0,3.0,1.0,71.0,45.0,34.0,15.0,11.0,2.0,3.0,3.0,1.0,80.0,51.0,34.0,13.0,10.0,8.0,10.0
2023-416,Rome Masters,Clay,128,M,O,20230508,73,S0AG,8.0,,Jannik Sinner,R,191.0,ITA,21.725,8.0,3525.0,S0H2,,LL,Alexander Shevchenko,R,188.0,KAZ,22.437,93.0,657.0,6-3 6-7(4) 6-2,3,R32,132.0,1.0,1.0,81.0,48.0,34.0,20.0,14.0,6.0,8.0,4.0,3.0,96.0,60.0,33.0,20.0,15.0,3.0,9.0
2023-416,Rome Masters,Clay,128,M,O,20230508,74,C0AU,24.0,,Francisco Cerundolo,R,185.0,ARG,24.734,31.0,1200.0,BK24,,,Gregoire Barrere,R,183.0,FRA,29.221,63.0,813.0,6-7(0) 6-2 6-2,3,R32,127.0,3.0,4.0,94.0,58.0,42.0,21.0,14.0,9.0,10.0,2.0,3.0,100.0,71.0,44.0,12.0,14.0,5.0,10.0
2023-416,Rome Masters,Clay,128,M,O,20230508,75,DB63,,,Laslo Djere,R,188.0,SRB,27.932,62.0,825.0,GD64,,,Cristian Garin,R,185.0,CHI,26.938,79.0,723.0,6-3 2-1 RET,3,R32,50.0,4.0,0.0,29.0,18.0,17.0,7.0,6.0,0.0,0.0,0.0,1.0,38.0,21.0,14.0,8.0,6.0,2.0,4.0
2023-416,Rome Masters,Clay,128,M,O,20230508,76,RH16,4.0,,Casper Ruud,R,183.0,NOR,24.375,4.0,5165.0,BK92,,,Alexander Bublik,R,196.0,KAZ,25.889,49.0,880.0,6-1 4-6 7-6(0),3,R32,125.0,6.0,3.0,85.0,57.0,44.0,19.0,15.0,2.0,3.0,11.0,8.0,92.0,51.0,37.0,19.0,14.0,4.0,6.0
2023-416,Rome Masters,Clay,128,M,O,20230508,77,R0DG,7.0,,Holger Rune,R,188.0,DEN,20.025,7.0,3865.0,F510,,WC,Fabio Fognini,R,178.0,ITA,35.956,130.0,468.0,6-4 6-2,3,R32,76.0,3.0,3.0,53.0,28.0,22.0,13.0,9.0,3.0,4.0,1.0,3.0,51.0,28.0,14.0,13.0,9.0,4.0,8.0
2023-416,Rome Masters,Clay,128,M,O,20230508,78,P09Z,,Q,Alexei Popyrin,R,196.0,AUS,23.756,77.0,726.0,SX50,,Q,Roman Safiullin,R,185.0,RUS,25.749,103.0,586.0,7-5 7-5,3,R32,114.0,6.0,0.0,66.0,43.0,29.0,17.0,12.0,0.0,1.0,0.0,2.0,68.0,49.0,34.0,9.0,12.0,1.0,4.0
2023-416,Rome Masters,Clay,128,M,O,20230508,79,N771,13.0,,Cameron Norrie,L,188.0,GBR,27.707,13.0,2680.0,F724,,,Marton Fucsovics,R,188.0,HUN,31.244,92.0,691.0,6-2 7-6(4),3,R32,121.0,1.0,1.0,79.0,44.0,30.0,17.0,10.0,0.0,2.0,6.0,5.0,85.0,41.0,26.0,18.0,10.0,10.0,14.0
2023-416,Rome Masters,Clay,128,M,O,20230508,80,D643,1.0,,Novak Djokovic,R,188.0,SRB,35.962,1.0,6775.0,D875,26.0,,Grigor Dimitrov,R,191.0,BUL,31.978,33.0,1125.0,6-3 4-6 6-1,3,R32,139.0,7.0,2.0,70.0,49.0,34.0,11.0,13.0,4.0,7.0,7.0,6.0,94.0,54.0,34.0,15.0,13.0,9.0,15.0
2023-416,Rome Masters,Clay,128,M,O,20230508,81,CG80,15.0,,Borna Coric,R,188.0,CRO,26.478,16.0,2240.0,M0CI,,Q,Fabian Marozsan,R,193.0,HUN,23.581,135.0,441.0,3-6 6-4 6-3,3,R16,129.0,9.0,3.0,90.0,58.0,47.0,15.0,14.0,5.0,6.0,3.0,0.0,81.0,46.0,37.0,19.0,14.0,0.0,2.0
2023-416,Rome Masters,Clay,128,M,O,20230508,82,TE51,5.0,,Stefanos Tsitsipas,R,193.0,GRE,24.736,5.0,5015.0,M0EJ,18.0,,Lorenzo Musetti,R,185.0,ITA,21.18,19.0,1960.0,7-5 7-5,3,R16,112.0,2.0,2.0,72.0,45.0,36.0,12.0,12.0,2.0,4.0,1.0,1.0,76.0,59.0,37.0,7.0,12.0,7.0,11.0
2023-416,Rome Masters,Clay,128,M,O,20230508,83,MM58,3.0,,Daniil Medvedev,R,198.0,RUS,27.236,3.0,5330.0,Z355,19.0,,Alexander Zverev,R,198.0,GER,26.048,22.0,1630.0,6-2 7-6(3),3,R16,116.0,2.0,3.0,68.0,44.0,36.0,12.0,10.0,2.0,3.0,6.0,5.0,75.0,52.0,36.0,7.0,10.0,6.0,9.0
2023-416,Rome Masters,Clay,128,M,O,20230508,84,H997,,Q,Yannick Hanfmann,R,193.0,GER,31.483,101.0,602.0,RE44,6.0,,Andrey Rublev,R,188.0,RUS,25.547,6.0,4190.0,7-6(5) 4-6 6-3,3,R16,153.0,6.0,2.0,106.0,81.0,57.0,13.0,16.0,9.0,11.0,18.0,2.0,110.0,68.0,48.0,20.0,15.0,6.0,8.0
2023-416,Rome Masters,Clay,128,M,O,20230508,85,C0AU,24.0,,Francisco Cerundolo,R,185.0,ARG,24.734,31.0,1200.0,S0AG,8.0,,Jannik Sinner,R,191.0,ITA,21.725,8.0,3525.0,6-7(3) 6-2 6-2,3,R16,145.0,2.0,2.0,92.0,54.0,38.0,21.0,14.0,5.0,8.0,2.0,0.0,87.0,60.0,36.0,11.0,14.0,7.0,14.0
2023-416,Rome Masters,Clay,128,M,O,20230508,86,RH16,4.0,,Casper Ruud,R,183.0,NOR,24.375,4.0,5165.0,DB63,,,Laslo Djere,R,188.0,SRB,27.932,62.0,825.0,6-1 6-3,3,R16,70.0,5.0,2.0,42.0,29.0,24.0,6.0,8.0,0.0,1.0,4.0,2.0,58.0,38.0,20.0,7.0,8.0,7.0,12.0
2023-416,Rome Masters,Clay,128,M,O,20230508,87,R0DG,7.0,,Holger Rune,R,188.0,DEN,20.025,7.0,3865.0,P09Z,,Q,Alexei Popyrin,R,196.0,AUS,23.756,77.0,726.0,6-4 5-7 6-4,3,R16,180.0,2.0,4.0,96.0,59.0,43.0,24.0,16.0,3.0,4.0,11.0,5.0,120.0,65.0,52.0,24.0,16.0,13.0,15.0
2023-416,Rome Masters,Clay,128,M,O,20230508,88,D643,1.0,,Novak Djokovic,R,188.0,SRB,35.962,1.0,6775.0,N771,13.0,,Cameron Norrie,L,188.0,GBR,27.707,13.0,2680.0,6-3 6-4,3,R16,90.0,3.0,3.0,55.0,30.0,25.0,14.0,10.0,1.0,2.0,4.0,1.0,56.0,38.0,23.0,7.0,9.0,3.0,6.0
2023-416,Rome Masters,Clay,128,M,O,20230508,89,TE51,5.0,,Stefanos Tsitsipas,R,193.0,GRE,24.736,5.0,5015.0,CG80,15.0,,Borna Coric,R,188.0,CRO,26.478,16.0,2240.0,6-3 6-4,3,QF,96.0,3.0,4.0,60.0,29.0,26.0,16.0,10.0,3.0,4.0,1.0,1.0,57.0,31.0,20.0,12.0,9.0,1.0,4.0
2023-416,Rome Masters,Clay,128,M,O,20230508,90,MM58,3.0,,Daniil Medvedev,R,198.0,RUS,27.236,3.0,5330.0,H997,,Q,Yannick Hanfmann,R,193.0,GER,31.483,101.0,602.0,6-2 6-2,3,QF,80.0,8.0,7.0,68.0,38.0,28.0,11.0,8.0,4.0,6.0,0.0,0.0,48.0,34.0,11.0,8.0,8.0,4.0,10.0
2023-416,Rome Masters,Clay,128,M,O,20230508,91,RH16,4.0,,Casper Ruud,R,183.0,NOR,24.375,4.0,5165.0,C0AU,24.0,,Francisco Cerundolo,R,185.0,ARG,24.734,31.0,1200.0,7-6(5) 6-4,3,QF,125.0,4.0,2.0,71.0,40.0,31.0,16.0,11.0,2.0,4.0,2.0,6.0,95.0,61.0,41.0,13.0,11.0,11.0,14.0
2023-416,Rome Masters,Clay,128,M,O,20230508,92,R0DG,7.0,,Holger Rune,R,188.0,DEN,20.025,7.0,3865.0,D643,1.0,,Novak Djokovic,R,188.0,SRB,35.962,1.0,6775.0,6-2 4-6 6-2,3,QF,139.0,3.0,2.0,78.0,44.0,34.0,17.0,13.0,3.0,5.0,4.0,3.0,77.0,47.0,29.0,14.0,13.0,5.0,10.0
2023-416,Rome Masters,Clay,128,M,O,20230508,93,MM58,3.0,,Daniil Medvedev,R,198.0,RUS,27.236,3.0,5330.0,TE51,5.0,,Stefanos Tsitsipas,R,193.0,GRE,24.736,5.0,5015.0,7-5 7-5,3,SF,107.0,2.0,2.0,62.0,36.0,30.0,12.0,12.0,0.0,2.0,3.0,3.0,69.0,38.0,27.0,15.0,12.0,0.0,4.0
2023-416,Rome Masters,Clay,128,M,O,20230508,94,R0DG,7.0,,Holger Rune,R,188.0,DEN,20.025,7.0,3865.0,RH16,4.0,,Casper Ruud,R,183.0,NOR,24.375,4.0,5165.0,6-7(2) 6-4 6-2,3,SF,163.0,1.0,1.0,104.0,66.0,40.0,28.0,15.0,5.0,6.0,9.0,6.0,88.0,47.0,34.0,20.0,15.0,0.0,4.0
2023-416,Rome Masters,Clay,128,M,O,20230508,95,MM58,3.0,,Daniil Medvedev,R,198.0,RUS,27.236,3.0,5330.0,R0DG,7.0,,Holger Rune,R,188.0,DEN,20.025,7.0,3865.0,7-5 7-5,3,F,102.0,5.0,4.0,65.0,42.0,32.0,10.0,12.0,3.0,5.0,2.0,1.0,68.0,33.0,17.0,22.0,12.0,2.0,6.0
2023-322,Geneva,Clay,32,250,O,20230522,1,GC88,,,Marcos Giron,R,180.0,USA,29.826,74.0,730.0,BK92,,,Alexander Bublik,R,196.0,KAZ,25.927,48.0,915.0,6-0 6-4,3,R32,58.0,2.0,0.0,43.0,24.0,20.0,13.0,8.0,0.0,0.0,6.0,5.0,50.0,27.0,16.0,9.0,8.0,2.0,6.0
2023-322,Geneva,Clay,32,250,O,20230522,2,I305,,,Ilya Ivashka,R,193.0,BLR,29.238,86.0,696.0,PC11,,PR,Guido Pella,L,183.0,ARG,33.013,421.0,105.0,6-4 7-5,3,R32,90.0,6.0,3.0,60.0,29.0,25.0,18.0,11.0,3.0,4.0,1.0,0.0,58.0,44.0,29.0,8.0,11.0,1.0,4.0
2023-322,Geneva,Clay,32,250,O,20230522,3,ME82,8.0,,Adrian Mannarino,L,180.0,FRA,34.894,47.0,917.0,KB05,,,Filip Krajinovic,R,185.0,SRB,31.231,92.0,661.0,7-5 6-1,3,R32,80.0,4.0,1.0,58.0,31.0,25.0,15.0,10.0,1.0,2.0,7.0,3.0,59.0,40.0,26.0,6.0,9.0,6.0,10.0
2023-322,Geneva,Clay,32,250,O,20230522,4,CF59,,,Roberto Carballes Baena,R,183.0,ESP,30.163,58.0,841.0,R0FP,,Q,Daniel Rincon,L,185.0,ESP,20.37,274.0,190.0,6-4 4-6 6-0,3,R32,144.0,3.0,3.0,106.0,72.0,45.0,16.0,13.0,10.0,13.0,1.0,8.0,83.0,44.0,29.0,16.0,13.0,3.0,9.0
2023-322,Geneva,Clay,32,250,O,20230522,5,O483,,,Christopher O'Connell,R,183.0,AUS,28.966,85.0,702.0,SP80,,Q,Nino Serdarusic,R,191.0,CRO,26.437,307.0,165.0,7-6(5) 6-7(1) 6-1,3,R32,169.0,12.0,0.0,103.0,55.0,41.0,32.0,15.0,3.0,3.0,4.0,4.0,105.0,66.0,50.0,18.0,16.0,4.0,7.0
2023-322,Geneva,Clay,32,250,O,20230522,6,Z419,7.0,,Bernabe Zapata Miralles,R,183.0,ESP,26.355,37.0,1041.0,SS25,,Q,Vitaliy Sachko,R,188.0,UKR,25.854,286.0,186.0,6-2 6-4,3,R32,78.0,2.0,3.0,53.0,32.0,24.0,11.0,9.0,3.0,4.0,1.0,1.0,55.0,32.0,19.0,11.0,9.0,9.0,13.0
2023-322,Geneva,Clay,32,250,O,20230522,7,CF01,,,Marco Cecchinato,R,185.0,ITA,30.639,73.0,733.0,S0S1,5.0,,Ben Shelton,L,193.0,USA,20.616,35.0,1095.0,7-5 2-6 6-2,3,R32,122.0,7.0,4.0,81.0,56.0,40.0,13.0,14.0,3.0,6.0,8.0,6.0,92.0,65.0,41.0,13.0,14.0,7.0,11.0
2023-322,Geneva,Clay,32,250,O,20230522,8,WB32,,,Yibing Wu,R,183.0,CHN,23.603,59.0,839.0,HH06,,,Marc-Andrea Huesler,L,196.0,SUI,26.908,81.0,719.0,6-4 4-6 7-6(6),3,R32,132.0,3.0,7.0,112.0,64.0,39.0,24.0,16.0,3.0,8.0,9.0,3.0,92.0,58.0,38.0,21.0,16.0,2.0,7.0
2023-322,Geneva,Clay,32,250,O,20230522,9,E865,,,Christopher Eubanks,R,201.0,USA,27.044,75.0,729.0,PD31,,WC,Benoit Paire,R,196.0,FRA,34.037,149.0,398.0,7-6(2) 6-3,3,R32,74.0,3.0,2.0,62.0,41.0,34.0,11.0,10.0,3.0,4.0,5.0,6.0,64.0,30.0,21.0,21.0,11.0,1.0,4.0
2023-322,Geneva,Clay,32,250,O,20230522,10,GJ37,6.0,,Tallon Griekspoor,R,188.0,NED,26.886,39.0,1024.0,TA12,,Q,Stefano Travaglia,R,185.0,ITA,31.398,282.0,187.0,7-5 7-6(3),3,R32,103.0,5.0,3.0,69.0,46.0,37.0,13.0,12.0,1.0,3.0,5.0,1.0,74.0,46.0,31.0,16.0,12.0,0.0,3.0
2023-322,Geneva,Clay,32,250,O,20230522,11,J551,,,Nicolas Jarry,R,201.0,CHI,27.611,54.0,862.0,L987,,,Dusan Lajovic,R,183.0,SRB,32.893,51.0,899.0,6-4 6-2,3,R32,68.0,10.0,0.0,42.0,32.0,27.0,9.0,9.0,0.0,0.0,0.0,2.0,55.0,28.0,18.0,14.0,9.0,3.0,6.0
2023-322,Geneva,Clay,32,250,O,20230522,12,W09G,,,J.J. Wolf,R,183.0,USA,24.416,49.0,905.0,DA31,,PR,Hugo Dellien,R,180.0,BOL,29.93,160.0,375.0,6-4 6-2,3,R32,75.0,5.0,2.0,55.0,37.0,28.0,11.0,9.0,2.0,2.0,1.0,1.0,53.0,42.0,24.0,6.0,9.0,4.0,7.0
2023-322,Geneva,Clay,32,250,O,20230522,13,FB98,2.0,,Taylor Fritz,R,196.0,USA,25.563,9.0,3390.0,GC88,,,Marcos Giron,R,180.0,USA,29.826,74.0,730.0,4-6 6-2 6-3,3,R16,118.0,8.0,5.0,78.0,41.0,29.0,24.0,14.0,5.0,8.0,4.0,2.0,86.0,56.0,33.0,12.0,13.0,8.0,13.0
2023-322,Geneva,Clay,32,250,O,20230522,14,I305,,,Ilya Ivashka,R,193.0,BLR,29.238,86.0,696.0,ME82,8.0,,Adrian Mannarino,L,180.0,FRA,34.894,47.0,917.0,6-4 4-6 6-3,3,R16,158.0,1.0,2.0,88.0,62.0,39.0,9.0,14.0,2.0,8.0,4.0,1.0,114.0,62.0,38.0,20.0,15.0,10.0,18.0
2023-322,Geneva,Clay,32,250,O,20230522,15,D875,4.0,,Grigor Dimitrov,R,191.0,BUL,32.016,33.0,1125.0,CF59,,,Roberto Carballes Baena,R,183.0,ESP,30.163,58.0,841.0,6-1 6-4,3,R16,67.0,4.0,1.0,48.0,27.0,23.0,14.0,9.0,0.0,0.0,3.0,2.0,43.0,23.0,16.0,10.0,8.0,2.0,5.0
2023-322,Geneva,Clay,32,250,O,20230522,16,O483,,,Christopher O'Connell,R,183.0,AUS,28.966,85.0,702.0,Z419,7.0,,Bernabe Zapata Miralles,R,183.0,ESP,26.355,37.0,1041.0,6-0 3-0 RET,3,R16,36.0,4.0,0.0,20.0,12.0,9.0,7.0,4.0,0.0,0.0,0.0,3.0,34.0,20.0,7.0,4.0,5.0,2.0,7.0
2023-322,Geneva,Clay,32,250,O,20230522,17,WB32,,,Yibing Wu,R,183.0,CHN,23.603,59.0,839.0,CF01,,,Marco Cecchinato,R,185.0,ITA,30.639,73.0,733.0,7-6(5) 6-3,3,R16,92.0,1.0,0.0,69.0,43.0,29.0,13.0,11.0,2.0,5.0,1.0,2.0,69.0,46.0,31.0,8.0,10.0,5.0,9.0
2023-322,Geneva,Clay,32,250,O,20230522,18,Z355,3.0,,Alexander Zverev,R,198.0,GER,26.086,27.0,1360.0,E865,,,Christopher Eubanks,R,201.0,USA,27.044,75.0,729.0,6-2 6-3,3,R16,67.0,5.0,2.0,44.0,33.0,29.0,5.0,8.0,1.0,1.0,4.0,4.0,49.0,32.0,21.0,7.0,9.0,2.0,6.0
2023-322,Geneva,Clay,32,250,O,20230522,19,J551,,,Nicolas Jarry,R,201.0,CHI,27.611,54.0,862.0,GJ37,6.0,,Tallon Griekspoor,R,188.0,NED,26.886,39.0,1024.0,W/O,3,R16,0.0,,,,,,,,,,,,,,,,,,
2023-322,Geneva,Clay,32,250,O,20230522,20,RH16,1.0,,Casper Ruud,R,183.0,NOR,24.413,4.0,4915.0,W09G,,,J.J. Wolf,R,183.0,USA,24.416,49.0,905.0,6-3 7-5,3,R16,81.0,6.0,2.0,63.0,39.0,31.0,16.0,11.0,2.0,2.0,6.0,2.0,52.0,31.0,24.0,11.0,10.0,1.0,3.0
2023-322,Geneva,Clay,32,250,O,20230522,21,FB98,2.0,,Taylor Fritz,R,196.0,USA,25.563,9.0,3390.0,I305,,,Ilya Ivashka,R,193.0,BLR,29.238,86.0,696.0,6-1 6-2,3,QF,51.0,6.0,2.0,37.0,21.0,19.0,13.0,8.0,0.0,0.0,0.0,2.0,37.0,25.0,13.0,3.0,7.0,3.0,7.0
2023-322,Geneva,Clay,32,250,O,20230522,22,D875,4.0,,Grigor Dimitrov,R,191.0,BUL,32.016,33.0,1125.0,O483,,,Christopher O'Connell,R,183.0,AUS,28.966,85.0,702.0,6-7(5) 7-5 6-4,3,QF,163.0,13.0,3.0,107.0,63.0,52.0,22.0,17.0,6.0,8.0,7.0,3.0,113.0,66.0,49.0,20.0,17.0,6.0,10.0
2023-322,Geneva,Clay,32,250,O,20230522,23,Z355,3.0,,Alexander Zverev,R,198.0,GER,26.086,27.0,1360.0,WB32,,,Yibing Wu,R,183.0,CHN,23.603,59.0,839.0,4-1 RET,3,QF,21.0,2.0,0.0,10.0,9.0,7.0,1.0,2.0,0.0,0.0,0.0,2.0,22.0,16.0,7.0,3.0,3.0,3.0,5.0
2023-322,Geneva,Clay,32,250,O,20230522,24,J551,,,Nicolas Jarry,R,201.0,CHI,27.611,54.0,862.0,RH16,1.0,,Casper Ruud,R,183.0,NOR,24.413,4.0,4915.0,3-6 7-6(2) 7-5,3,QF,151.0,12.0,3.0,87.0,51.0,42.0,23.0,16.0,2.0,4.0,3.0,4.0,107.0,67.0,49.0,23.0,17.0,3.0,5.0
2023-322,Geneva,Clay,32,250,O,20230522,25,D875,4.0,,Grigor Dimitrov,R,191.0,BUL,32.016,33.0,1125.0,FB98,2.0,,Taylor Fritz,R,196.0,USA,25.563,9.0,3390.0,3-6 7-5 7-6(2),3,SF,172.0,8.0,10.0,131.0,70.0,48.0,29.0,16.0,9.0,13.0,13.0,0.0,103.0,63.0,49.0,18.0,17.0,4.0,8.0
2023-322,Geneva,Clay,32,250,O,20230522,26,J551,,,Nicolas Jarry,R,201.0,CHI,27.611,54.0,862.0,Z355,3.0,,Alexander Zverev,R,198.0,GER,26.086,27.0,1360.0,7-6(3) 6-3,3,SF,106.0,7.0,3.0,69.0,48.0,43.0,9.0,11.0,1.0,1.0,6.0,5.0,65.0,49.0,37.0,6.0,10.0,2.0,3.0
2023-322,Geneva,Clay,32,250,O,20230522,27,J551,,,Nicolas Jarry,R,201.0,CHI,27.611,54.0,862.0,D875,4.0,,Grigor Dimitrov,R,191.0,BUL,32.016,33.0,1125.0,7-6(1) 6-1,3,F,97.0,9.0,3.0,66.0,38.0,34.0,13.0,10.0,3.0,4.0,7.0,1.0,57.0,31.0,19.0,15.0,9.0,1.0,4.0
2023-7694,Lyon,Clay,32,250,O,20230522,1,GB88,,,David Goffin,R,180.0,BEL,32.454,113.0,550.0,LF29,,Q,Alvaro Lopez San Martin,R,178.0,ESP,25.969,298.0,170.0,6-1 6-3,3,R32,77.0,3.0,1.0,45.0,17.0,13.0,21.0,8.0,1.0,1.0,4.0,3.0,63.0,43.0,27.0,5.0,8.0,13.0,17.0
2023-7694,Lyon,Clay,32,250,O,20230522,2,CG04,,,Pedro Cachin,R,185.0,ARG,28.11,63.0,793.0,MC65,,WC,Gael Monfils,R,193.0,FRA,36.72,386.0,117.0,2-6 6-3 6-4,3,R32,110.0,2.0,4.0,85.0,47.0,38.0,18.0,14.0,6.0,8.0,5.0,1.0,74.0,38.0,31.0,19.0,13.0,3.0,5.0
2023-7694,Lyon,Clay,32,250,O,20230522,3,B0BI,6.0,,Sebastian Baez,R,170.0,ARG,22.396,44.0,955.0,F724,,,Marton Fucsovics,R,188.0,HUN,31.283,80.0,720.0,6-4 7-6(5),3,R32,124.0,1.0,1.0,71.0,47.0,31.0,17.0,11.0,5.0,7.0,1.0,2.0,92.0,59.0,38.0,14.0,11.0,7.0,10.0
2023-7694,Lyon,Clay,32,250,O,20230522,4,V836,,,Juan Pablo Varillas,R,185.0,PER,27.625,97.0,648.0,R772,,,Albert Ramos-Vinolas,L,188.0,ESP,35.343,66.0,782.0,3-6 7-6(7) 6-4,3,R32,191.0,10.0,1.0,100.0,68.0,51.0,14.0,15.0,2.0,4.0,5.0,4.0,140.0,98.0,63.0,22.0,16.0,9.0,11.0
2023-7694,Lyon,Clay,32,250,O,20230522,5,D0CO,,,Jack Draper,L,193.0,GBR,21.413,60.0,832.0,MP20,,,Alexandre Muller,R,183.0,FRA,26.3,100.0,639.0,6-2 6-3,3,R32,74.0,6.0,0.0,49.0,33.0,28.0,9.0,9.0,0.0,0.0,0.0,0.0,55.0,31.0,19.0,12.0,8.0,3.0,6.0
2023-7694,Lyon,Clay,32,250,O,20230522,6,KI95,5.0,,Miomir Kecmanovic,R,183.0,SRB,23.723,36.0,1055.0,RB60,,LL,Oriol Roca Batalla,R,175.0,ESP,30.059,310.0,163.0,6-1 6-3,3,R32,71.0,2.0,0.0,40.0,24.0,20.0,12.0,8.0,0.0,0.0,5.0,3.0,60.0,30.0,20.0,12.0,8.0,5.0,9.0
2023-7694,Lyon,Clay,32,250,O,20230522,7,N0AE,8.0,,Brandon Nakashima,R,188.0,USA,21.799,52.0,877.0,SM37,,,Diego Schwartzman,R,170.0,ARG,30.762,93.0,660.0,7-5 6-3,3,R32,121.0,4.0,3.0,78.0,42.0,32.0,14.0,11.0,4.0,7.0,0.0,2.0,72.0,46.0,27.0,9.0,10.0,11.0,16.0
2023-7694,Lyon,Clay,32,250,O,20230522,8,RC91,,,Arthur Rinderknech,R,196.0,FRA,27.83,78.0,725.0,HG86,,Q,Lloyd Harris,R,193.0,RSA,26.237,306.0,165.0,6-4 6-2,3,R32,91.0,3.0,2.0,60.0,30.0,24.0,17.0,9.0,4.0,4.0,1.0,0.0,55.0,38.0,24.0,9.0,9.0,4.0,7.0
2023-7694,Lyon,Clay,32,250,O,20230522,9,BK24,,,Gregoire Barrere,R,183.0,FRA,29.259,55.0,846.0,MW02,,,Corentin Moutet,L,180.0,FRA,24.09,61.0,823.0,6-4 6-2,3,R32,90.0,3.0,2.0,66.0,42.0,30.0,11.0,9.0,5.0,6.0,2.0,4.0,54.0,36.0,19.0,9.0,9.0,5.0,9.0
2023-7694,Lyon,Clay,32,250,O,20230522,10,Y268,,,Mikael Ymer,R,185.0,SWE,24.698,53.0,876.0,G628,7.0,,Richard Gasquet,R,183.0,FRA,36.925,50.0,901.0,6-3 7-5,3,R32,114.0,7.0,2.0,75.0,51.0,34.0,10.0,11.0,3.0,6.0,1.0,2.0,69.0,32.0,18.0,16.0,10.0,5.0,10.0
2023-7694,Lyon,Clay,32,250,O,20230522,11,F0F1,,WC,Arthur Fils,R,185.0,FRA,18.94,112.0,559.0,Z371,,Q,Zhizhen Zhang,R,193.0,CHN,26.595,70.0,740.0,6-3 6-2,3,R32,77.0,6.0,0.0,53.0,28.0,23.0,12.0,9.0,2.0,4.0,6.0,7.0,56.0,34.0,19.0,7.0,8.0,3.0,8.0
2023-7694,Lyon,Clay,32,250,O,20230522,12,L0CX,,Q,Pablo Llamas Ruiz,R,188.0,ESP,20.605,240.0,236.0,PH71,,,Max Purcell,R,185.0,AUS,25.133,67.0,781.0,6-4 6-7(6) 6-1,3,R32,134.0,1.0,2.0,98.0,71.0,53.0,12.0,15.0,4.0,6.0,5.0,0.0,101.0,70.0,43.0,15.0,14.0,8.0,13.0
2023-7694,Lyon,Clay,32,250,O,20230522,13,N771,2.0,,Cameron Norrie,L,188.0,GBR,27.745,14.0,2520.0,GB88,,,David Goffin,R,180.0,BEL,32.454,113.0,550.0,6-3 6-4,3,R16,88.0,5.0,1.0,65.0,41.0,31.0,12.0,10.0,5.0,6.0,1.0,2.0,58.0,36.0,20.0,13.0,9.0,3.0,6.0
2023-7694,Lyon,Clay,32,250,O,20230522,14,B0BI,6.0,,Sebastian Baez,R,170.0,ARG,22.396,44.0,955.0,CG04,,,Pedro Cachin,R,185.0,ARG,28.11,63.0,793.0,3-6 7-5 6-2,3,R16,152.0,0.0,3.0,93.0,66.0,44.0,11.0,14.0,6.0,10.0,6.0,4.0,111.0,57.0,41.0,20.0,15.0,10.0,16.0
2023-7694,Lyon,Clay,32,250,O,20230522,15,C0AU,4.0,,Francisco Cerundolo,R,185.0,ARG,24.772,28.0,1345.0,V836,,,Juan Pablo Varillas,R,185.0,PER,27.625,97.0,648.0,6-2 RET,3,R16,35.0,0.0,1.0,20.0,11.0,10.0,6.0,4.0,0.0,0.0,0.0,1.0,26.0,19.0,11.0,3.0,4.0,4.0,6.0
2023-7694,Lyon,Clay,32,250,O,20230522,16,D0CO,,,Jack Draper,L,193.0,GBR,21.413,60.0,832.0,KI95,5.0,,Miomir Kecmanovic,R,183.0,SRB,23.723,36.0,1055.0,6-4 7-5,3,R16,92.0,6.0,2.0,60.0,33.0,27.0,14.0,11.0,0.0,1.0,2.0,1.0,62.0,43.0,28.0,10.0,11.0,1.0,4.0
2023-7694,Lyon,Clay,32,250,O,20230522,17,N0AE,8.0,,Brandon Nakashima,R,188.0,USA,21.799,52.0,877.0,RC91,,,Arthur Rinderknech,R,196.0,FRA,27.83,78.0,725.0,7-6(6) 1-6 7-5,3,R16,162.0,6.0,3.0,100.0,62.0,44.0,22.0,15.0,8.0,11.0,13.0,2.0,105.0,64.0,45.0,25.0,16.0,3.0,5.0
2023-7694,Lyon,Clay,32,250,O,20230522,18,PL56,3.0,,Tommy Paul,R,185.0,USA,26.012,17.0,2135.0,BK24,,,Gregoire Barrere,R,183.0,FRA,29.259,55.0,846.0,7-6(6) 4-6 6-3,3,R16,156.0,7.0,1.0,120.0,82.0,52.0,22.0,16.0,11.0,13.0,1.0,7.0,104.0,55.0,38.0,26.0,15.0,4.0,6.0
2023-7694,Lyon,Clay,32,250,O,20230522,19,F0F1,,WC,Arthur Fils,R,185.0,FRA,18.94,112.0,559.0,Y268,,,Mikael Ymer,R,185.0,SWE,24.698,53.0,876.0,6-5 DEF,3,R16,,0.0,2.0,34.0,20.0,14.0,7.0,5.0,2.0,3.0,1.0,1.0,43.0,36.0,21.0,4.0,6.0,5.0,7.0
2023-7694,Lyon,Clay,32,250,O,20230522,20,AG37,1.0,,Felix Auger-Aliassime,R,193.0,CAN,22.784,10.0,3065.0,L0CX,,Q,Pablo Llamas Ruiz,R,188.0,ESP,20.605,240.0,236.0,7-5 6-2,3,R16,87.0,6.0,4.0,55.0,40.0,33.0,5.0,10.0,3.0,4.0,2.0,0.0,58.0,36.0,22.0,9.0,10.0,3.0,7.0
2023-7694,Lyon,Clay,32,250,O,20230522,21,N771,2.0,,Cameron Norrie,L,188.0,GBR,27.745,14.0,2520.0,B0BI,6.0,,Sebastian Baez,R,170.0,ARG,22.396,44.0,955.0,6-2 2-6 6-1,3,QF,111.0,4.0,2.0,69.0,45.0,33.0,13.0,12.0,0.0,2.0,0.0,3.0,72.0,45.0,27.0,12.0,11.0,5.0,9.0
2023-7694,Lyon,Clay,32,250,O,20230522,22,C0AU,4.0,,Francisco Cerundolo,R,185.0,ARG,24.772,28.0,1345.0,D0CO,,,Jack Draper,L,193.0,GBR,21.413,60.0,832.0,4-6 6-4 6-3,3,QF,149.0,0.0,7.0,99.0,68.0,47.0,16.0,15.0,7.0,9.0,5.0,5.0,102.0,59.0,44.0,17.0,14.0,12.0,15.0
2023-7694,Lyon,Clay,32,250,O,20230522,23,N0AE,8.0,,Brandon Nakashima,R,188.0,USA,21.799,52.0,877.0,PL56,3.0,,Tommy Paul,R,185.0,USA,26.012,17.0,2135.0,6-3 7-6(4),3,QF,108.0,6.0,0.0,81.0,58.0,42.0,12.0,11.0,6.0,8.0,7.0,3.0,62.0,41.0,28.0,8.0,10.0,0.0,3.0
2023-7694,Lyon,Clay,32,250,O,20230522,24,F0F1,,WC,Arthur Fils,R,185.0,FRA,18.94,112.0,559.0,AG37,1.0,,Felix Auger-Aliassime,R,193.0,CAN,22.784,10.0,3065.0,W/O,3,QF,0.0,,,,,,,,,,,,,,,,,,
2023-7694,Lyon,Clay,32,250,O,20230522,25,C0AU,4.0,,Francisco Cerundolo,R,185.0,ARG,24.772,28.0,1345.0,N771,2.0,,Cameron Norrie,L,188.0,GBR,27.745,14.0,2520.0,6-3 6-0,3,SF,72.0,2.0,2.0,38.0,26.0,23.0,6.0,7.0,1.0,1.0,2.0,1.0,60.0,33.0,20.0,9.0,8.0,9.0,14.0
2023-7694,Lyon,Clay,32,250,O,20230522,26,F0F1,,WC,Arthur Fils,R,185.0,FRA,18.94,112.0,559.0,N0AE,8.0,,Brandon Nakashima,R,188.0,USA,21.799,52.0,877.0,7-5 4-6 7-6(5),3,SF,175.0,8.0,6.0,127.0,55.0,43.0,37.0,17.0,9.0,12.0,8.0,2.0,99.0,54.0,42.0,25.0,17.0,1.0,4.0
2023-7694,Lyon,Clay,32,250,O,20230522,27,F0F1,,WC,Arthur Fils,R,185.0,FRA,18.94,112.0,559.0,C0AU,4.0,,Francisco Cerundolo,R,185.0,ARG,24.772,28.0,1345.0,6-3 7-5,3,F,96.0,2.0,1.0,70.0,36.0,26.0,19.0,11.0,1.0,3.0,1.0,7.0,62.0,32.0,17.0,17.0,10.0,2.0,6.0
2023-520,Roland Garros,Clay,128,G,O,20230529,1,A0E2,1.0,,Carlos Alcaraz,R,183.0,ESP,20.066,1.0,6815.0,C0E9,,Q,Flavio Cobolli,R,183.0,ITA,21.062,159.0,378.0,6-0 6-2 7-5,5,R128,118.0,3.0,2.0,74.0,45.0,31.0,21.0,13.0,3.0,4.0,1.0,4.0,86.0,60.0,28.0,14.0,13.0,11.0,18.0
2023-520,Roland Garros,Clay,128,G,O,20230529,2,DA81,,,Taro Daniel,R,191.0,JPN,30.333,112.0,566.0,O483,,,Christopher O'Connell,R,183.0,AUS,28.986,77.0,737.0,6-0 6-2 6-4,5,R128,109.0,5.0,1.0,70.0,42.0,31.0,20.0,12.0,3.0,4.0,1.0,4.0,65.0,38.0,16.0,13.0,12.0,3.0,10.0
2023-520,Roland Garros,Clay,128,G,O,20230529,3,A0FC,,,Matteo Arnaldi,R,185.0,ITA,22.261,106.0,592.0,GE33,,,Daniel Elahi Galan,R,191.0,COL,26.943,91.0,671.0,2-6 6-3 6-0 6-2,5,R128,139.0,7.0,1.0,101.0,56.0,41.0,23.0,16.0,10.0,13.0,2.0,3.0,90.0,51.0,32.0,14.0,15.0,4.0,11.0
2023-520,Roland Garros,Clay,128,G,O,20230529,4,SU55,26.0,,Denis Shapovalov,L,185.0,CAN,24.12,32.0,1210.0,N0AE,,,Brandon Nakashima,R,188.0,USA,21.818,45.0,957.0,6-4 7-5 4-6 3-6 6-3,5,R128,227.0,6.0,15.0,149.0,86.0,64.0,34.0,25.0,8.0,11.0,4.0,5.0,142.0,99.0,73.0,24.0,25.0,7.0,11.0
2023-520,Roland Garros,Clay,128,G,O,20230529,5,M0EJ,17.0,,Lorenzo Musetti,R,185.0,ITA,21.238,18.0,2040.0,Y268,,,Mikael Ymer,R,185.0,SWE,24.717,56.0,876.0,7-5 6-2 6-4,5,R128,155.0,5.0,1.0,75.0,43.0,34.0,21.0,15.0,0.0,2.0,1.0,6.0,114.0,73.0,44.0,16.0,15.0,14.0,20.0
2023-520,Roland Garros,Clay,128,G,O,20230529,6,S0H2,,,Alexander Shevchenko,R,188.0,KAZ,22.494,87.0,703.0,O449,,,Oscar Otte,R,193.0,GER,29.867,120.0,521.0,7-5 4-6 6-1 7-6(2),5,R128,179.0,6.0,6.0,137.0,70.0,49.0,32.0,20.0,13.0,19.0,8.0,7.0,162.0,93.0,56.0,29.0,21.0,10.0,19.0
2023-520,Roland Garros,Clay,128,G,O,20230529,7,PF39,,Q,Lucas Pouille,R,185.0,FRA,29.259,675.0,40.0,R09X,,LL,Jurij Rodionov,L,191.0,AUT,24.036,134.0,452.0,6-2 6-4 6-3,5,R128,117.0,1.0,5.0,93.0,53.0,41.0,23.0,14.0,6.0,6.0,5.0,4.0,86.0,46.0,28.0,20.0,13.0,6.0,10.0
2023-520,Roland Garros,Clay,128,G,O,20230529,8,N771,14.0,,Cameron Norrie,L,188.0,GBR,27.765,13.0,2565.0,PD31,,WC,Benoit Paire,R,196.0,FRA,34.056,149.0,398.0,7-5 4-6 3-6 6-1 6-4,5,R128,213.0,5.0,3.0,155.0,122.0,77.0,19.0,24.0,13.0,19.0,16.0,9.0,163.0,107.0,70.0,19.0,24.0,15.0,23.0
2023-520,Roland Garros,Clay,128,G,O,20230529,9,F510,,,Fabio Fognini,R,178.0,ITA,36.014,130.0,468.0,AG37,10.0,,Felix Auger-Aliassime,R,193.0,CAN,22.804,10.0,3100.0,6-4 6-4 6-3,5,R128,137.0,4.0,5.0,86.0,54.0,39.0,13.0,14.0,5.0,9.0,3.0,8.0,85.0,53.0,30.0,11.0,15.0,1.0,9.0
2023-520,Roland Garros,Clay,128,G,O,20230529,10,KB95,,,Jason Kubler,R,178.0,AUS,30.026,69.0,777.0,D0CG,,LL,Facundo Diaz Acosta,L,183.0,ARG,22.45,137.0,441.0,1-6 6-3 6-4 3-6 6-1,5,R128,205.0,5.0,5.0,137.0,92.0,60.0,23.0,21.0,7.0,12.0,3.0,5.0,123.0,71.0,48.0,26.0,21.0,6.0,12.0
2023-520,Roland Garros,Clay,128,G,O,20230529,11,O513,,Q,Sebastian Ofner,R,191.0,AUT,27.044,118.0,534.0,C0BC,,,Maxime Cressy,R,201.0,USA,26.056,44.0,975.0,6-4 7-6(6) 6-2,5,R128,139.0,8.0,12.0,108.0,56.0,41.0,30.0,15.0,7.0,9.0,13.0,13.0,104.0,59.0,42.0,16.0,15.0,10.0,15.0
2023-520,Roland Garros,Clay,128,G,O,20230529,12,K0AH,24.0,,Sebastian Korda,R,196.0,USA,22.897,30.0,1265.0,MK66,,,Mackenzie McDonald,R,178.0,USA,28.118,59.0,845.0,6-4 7-5 6-4,5,R128,157.0,6.0,4.0,110.0,75.0,46.0,18.0,16.0,3.0,7.0,4.0,9.0,125.0,78.0,53.0,14.0,16.0,12.0,19.0
2023-520,Roland Garros,Clay,128,G,O,20230529,13,SM37,,,Diego Schwartzman,R,170.0,ARG,30.782,95.0,660.0,Z419,32.0,,Bernabe Zapata Miralles,R,183.0,ESP,26.374,38.0,1051.0,1-6 6-7(5) 6-2 6-0 6-4,5,R128,218.0,2.0,3.0,144.0,106.0,64.0,19.0,21.0,6.0,13.0,3.0,1.0,141.0,97.0,59.0,14.0,22.0,12.0,23.0
2023-520,Roland Garros,Clay,128,G,O,20230529,14,BT72,,,Nuno Borges,R,185.0,POR,26.27,80.0,727.0,I186,,,John Isner,R,208.0,USA,38.089,90.0,675.0,6-4 5-7 7-6(3) 4-6 7-6(9),5,R128,239.0,5.0,9.0,167.0,98.0,77.0,43.0,28.0,4.0,8.0,38.0,11.0,181.0,108.0,85.0,34.0,28.0,7.0,10.0
2023-520,Roland Garros,Clay,128,G,O,20230529,15,CF59,,,Roberto Carballes Baena,R,183.0,ESP,30.182,57.0,850.0,N0AM,,,Emilio Nava,R,185.0,USA,21.487,,,7-6(5) 6-3 6-2,5,R128,148.0,0.0,4.0,93.0,62.0,40.0,14.0,15.0,2.0,6.0,4.0,6.0,109.0,63.0,33.0,20.0,14.0,12.0,19.0
2023-520,Roland Garros,Clay,128,G,O,20230529,16,TE51,5.0,,Stefanos Tsitsipas,R,193.0,GRE,24.794,5.0,4775.0,V708,,,Jiri Vesely,L,198.0,CZE,29.884,455.0,92.0,7-5 6-3 4-6 7-6(7),5,R128,194.0,12.0,4.0,120.0,86.0,71.0,19.0,22.0,4.0,7.0,11.0,5.0,127.0,77.0,58.0,24.0,21.0,7.0,11.0
2023-520,Roland Garros,Clay,128,G,O,20230529,17,D643,3.0,,Novak Djokovic,R,188.0,SRB,36.019,3.0,5955.0,K0AZ,,,Aleksandar Kovacevic,R,183.0,USA,24.747,114.0,545.0,6-3 6-2 7-6(1),5,R128,147.0,10.0,1.0,81.0,45.0,37.0,23.0,15.0,3.0,5.0,7.0,4.0,104.0,55.0,37.0,20.0,14.0,7.0,12.0
2023-520,Roland Garros,Clay,128,G,O,20230529,18,F724,,,Marton Fucsovics,R,188.0,HUN,31.302,83.0,720.0,GF95,,WC,Hugo Grenier,R,196.0,FRA,27.181,122.0,518.0,6-3 5-7 6-1 6-3,5,R128,195.0,6.0,5.0,107.0,75.0,61.0,18.0,19.0,3.0,5.0,5.0,4.0,118.0,74.0,42.0,25.0,18.0,6.0,12.0
2023-520,Roland Garros,Clay,128,G,O,20230529,19,V0DZ,,,Luca Van Assche,R,178.0,FRA,19.047,82.0,725.0,CF01,,,Marco Cecchinato,R,185.0,ITA,30.658,72.0,742.0,6-1 6-1 6-3,5,R128,119.0,1.0,1.0,65.0,38.0,27.0,21.0,11.0,4.0,4.0,3.0,1.0,112.0,72.0,35.0,19.0,12.0,6.0,13.0
2023-520,Roland Garros,Clay,128,G,O,20230529,20,DH50,29.0,,Alejandro Davidovich Fokina,R,180.0,ESP,23.981,34.0,1115.0,F0F1,,WC,Arthur Fils,R,185.0,FRA,18.96,63.0,807.0,6-1 4-6 6-3 6-3,5,R128,169.0,1.0,4.0,114.0,80.0,55.0,13.0,17.0,6.0,10.0,5.0,5.0,110.0,60.0,36.0,21.0,18.0,5.0,14.0
2023-520,Roland Garros,Clay,128,G,O,20230529,21,BD06,19.0,,Roberto Bautista Agut,R,183.0,ESP,35.121,24.0,1485.0,WB32,,,Yibing Wu,R,183.0,CHN,23.622,54.0,884.0,7-6(4) 6-1 6-1,5,R128,131.0,0.0,2.0,72.0,32.0,26.0,24.0,13.0,3.0,5.0,8.0,3.0,114.0,69.0,40.0,15.0,13.0,13.0,20.0
2023-520,Roland Garros,Clay,128,G,O,20230529,22,V836,,,Juan Pablo Varillas,R,185.0,PER,27.644,94.0,661.0,S0RE,,Q,Juncheng Shang,L,180.0,CHN,18.316,200.0,303.0,4-6 2-6 6-2 6-3 6-1,5,R128,202.0,5.0,4.0,116.0,65.0,47.0,30.0,21.0,6.0,10.0,1.0,6.0,147.0,96.0,57.0,24.0,21.0,6.0,13.0
2023-520,Roland Garros,Clay,128,G,O,20230529,23,GJ37,,,Tallon Griekspoor,R,188.0,NED,26.905,39.0,1034.0,MO44,,Q,Pedro Martinez,R,185.0,ESP,26.089,135.0,448.0,6-4 2-6 0-6 7-5 6-3,5,R128,218.0,11.0,5.0,132.0,74.0,51.0,29.0,22.0,6.0,13.0,0.0,10.0,157.0,102.0,70.0,24.0,23.0,10.0,16.0
2023-520,Roland Garros,Clay,128,G,O,20230529,24,HB71,13.0,,Hubert Hurkacz,R,196.0,POL,26.292,14.0,2525.0,GB88,,,David Goffin,R,180.0,BEL,32.474,111.0,570.0,6-3 5-7 6-4 2-6 6-4,5,R128,218.0,13.0,5.0,148.0,85.0,64.0,31.0,25.0,8.0,14.0,5.0,6.0,151.0,89.0,62.0,32.0,24.0,10.0,16.0
2023-520,Roland Garros,Clay,128,G,O,20230529,25,KE29,11.0,,Karen Khachanov,R,198.0,RUS,27.02,11.0,2945.0,LB66,,,Constant Lestienne,R,180.0,FRA,31.014,70.0,769.0,3-6 1-6 6-2 6-1 6-3,5,R128,222.0,15.0,2.0,128.0,84.0,55.0,19.0,20.0,5.0,12.0,2.0,6.0,146.0,87.0,45.0,29.0,20.0,14.0,23.0
2023-520,Roland Garros,Clay,128,G,O,20230529,26,A829,,Q,Radu Albot,R,175.0,MDA,33.544,113.0,564.0,K0A3,,WC,Patrick Kypson,R,188.0,USA,23.584,329.0,154.0,6-3 6-2 4-6 6-1,5,R128,181.0,2.0,7.0,100.0,69.0,47.0,13.0,17.0,4.0,9.0,2.0,1.0,130.0,83.0,41.0,20.0,17.0,16.0,26.0
2023-520,Roland Garros,Clay,128,G,O,20230529,27,W367,,,Stan Wawrinka,R,183.0,SUI,38.168,89.0,684.0,R772,,,Albert Ramos-Vinolas,L,188.0,ESP,35.362,67.0,782.0,7-6(5) 6-4 6-7(2) 1-6 6-4,5,R128,276.0,14.0,4.0,192.0,108.0,75.0,45.0,26.0,10.0,15.0,7.0,2.0,184.0,118.0,86.0,34.0,25.0,13.0,17.0
2023-520,Roland Garros,Clay,128,G,O,20230529,28,KD46,,WC,Thanasi Kokkinakis,R,193.0,AUS,27.132,108.0,587.0,E687,20.0,,Daniel Evans,R,175.0,GBR,33.016,25.0,1480.0,6-4 6-4 6-4,5,R128,149.0,10.0,4.0,84.0,53.0,42.0,16.0,15.0,2.0,4.0,3.0,7.0,96.0,56.0,40.0,15.0,15.0,8.0,13.0
2023-520,Roland Garros,Clay,128,G,O,20230529,29,SU87,,,Lorenzo Sonego,R,191.0,ITA,28.049,48.0,925.0,S0S1,30.0,,Ben Shelton,L,193.0,USA,20.635,36.0,1095.0,6-4 3-6 6-3 6-3,5,R128,173.0,4.0,0.0,98.0,60.0,41.0,22.0,18.0,4.0,8.0,3.0,13.0,117.0,71.0,50.0,17.0,19.0,5.0,12.0
2023-520,Roland Garros,Clay,128,G,O,20230529,30,HH26,,,Ugo Humbert,L,188.0,FRA,24.923,40.0,1026.0,ME82,,,Adrian Mannarino,L,180.0,FRA,34.913,47.0,937.0,6-3 6-3 6-1,5,R128,113.0,10.0,1.0,83.0,49.0,40.0,17.0,13.0,5.0,5.0,1.0,5.0,90.0,55.0,33.0,15.0,12.0,14.0,19.0
2023-520,Roland Garros,Clay,128,G,O,20230529,31,MW02,,,Corentin Moutet,L,180.0,FRA,24.11,61.0,823.0,C0H0,,WC,Arthur Cazaux,R,183.0,FRA,20.764,190.0,321.0,6-1 6-3 4-6 6-4,5,R128,203.0,5.0,5.0,107.0,67.0,52.0,25.0,18.0,4.0,5.0,2.0,5.0,133.0,74.0,53.0,24.0,18.0,11.0,16.0
2023-520,Roland Garros,Clay,128,G,O,20230529,32,RE44,7.0,,Andrey Rublev,R,188.0,RUS,25.604,7.0,4270.0,DB63,,,Laslo Djere,R,188.0,SRB,27.989,60.0,845.0,6-1 3-6 6-3 6-4,5,R128,152.0,7.0,1.0,104.0,59.0,44.0,28.0,18.0,5.0,8.0,8.0,6.0,123.0,63.0,40.0,28.0,17.0,7.0,13.0
2023-520,Roland Garros,Clay,128,G,O,20230529,33,R0DG,6.0,,Holger Rune,R,188.0,DEN,20.082,6.0,4375.0,E865,,,Christopher Eubanks,R,201.0,USA,27.064,74.0,740.0,6-4 3-6 7-6(2) 6-2,5,R128,174.0,2.0,9.0,118.0,78.0,59.0,18.0,19.0,2.0,5.0,15.0,6.0,122.0,84.0,59.0,15.0,20.0,3.0,8.0
2023-520,Roland Garros,Clay,128,G,O,20230529,34,MC65,,,Gael Monfils,R,193.0,FRA,36.739,394.0,117.0,B0BI,,,Sebastian Baez,R,170.0,ARG,22.415,42.0,990.0,3-6 6-3 7-5 1-6 7-5,5,R128,228.0,6.0,7.0,166.0,108.0,69.0,20.0,24.0,11.0,20.0,1.0,4.0,140.0,101.0,59.0,21.0,25.0,8.0,17.0
2023-520,Roland Garros,Clay,128,G,O,20230529,35,O660,,Q,Genaro Alberto Olivieri,R,175.0,ARG,24.816,231.0,257.0,M0GZ,,WC,Giovanni Mpetshi Perricard,R,203.0,FRA,19.89,237.0,245.0,7-6(3) 4-6 4-6 7-5 6-1,5,R128,231.0,1.0,4.0,177.0,129.0,92.0,26.0,26.0,9.0,12.0,12.0,13.0,161.0,89.0,67.0,36.0,25.0,9.0,13.0
2023-520,Roland Garros,Clay,128,G,O,20230529,36,VA08,,Q,Andrea Vavassori,R,193.0,ITA,28.066,148.0,410.0,KI95,31.0,,Miomir Kecmanovic,R,183.0,SRB,23.743,37.0,1065.0,5-7 2-6 7-6(8) 7-6(3) 7-6(9),5,R128,311.0,15.0,9.0,228.0,128.0,89.0,45.0,28.0,18.0,26.0,4.0,3.0,197.0,119.0,78.0,45.0,28.0,5.0,10.0
2023-520,Roland Garros,Clay,128,G,O,20230529,37,C0AU,23.0,,Francisco Cerundolo,R,185.0,ARG,24.791,23.0,1485.0,MU94,,,Jaume Munar,R,183.0,ESP,26.064,81.0,725.0,6-1 2-6 7-6(5) 6-1,5,R128,165.0,2.0,5.0,108.0,76.0,46.0,17.0,16.0,6.0,11.0,1.0,6.0,111.0,75.0,45.0,13.0,18.0,3.0,12.0
2023-520,Roland Garros,Clay,128,G,O,20230529,38,H997,,LL,Yannick Hanfmann,R,193.0,GER,31.54,65.0,791.0,MJ08,,,Thiago Monteiro,L,183.0,BRA,28.994,98.0,652.0,6-3 7-5 6-7(6) 6-7(2) 6-4,5,R128,296.0,13.0,4.0,184.0,124.0,89.0,29.0,27.0,8.0,11.0,10.0,4.0,166.0,82.0,59.0,44.0,27.0,3.0,9.0
2023-520,Roland Garros,Clay,128,G,O,20230529,39,RC91,,,Arthur Rinderknech,R,196.0,FRA,27.849,78.0,735.0,G628,,,Richard Gasquet,R,183.0,FRA,36.945,52.0,901.0,6-4 2-6 6-2 7-6(4),5,R128,189.0,11.0,10.0,111.0,56.0,40.0,21.0,18.0,6.0,13.0,3.0,4.0,103.0,49.0,34.0,21.0,17.0,2.0,10.0
2023-520,Roland Garros,Clay,128,G,O,20230529,40,FB98,9.0,,Taylor Fritz,R,196.0,USA,25.582,8.0,3470.0,MP01,,,Michael Mmoh,R,188.0,USA,25.38,123.0,517.0,6-2 6-1 6-1,5,R128,92.0,14.0,2.0,57.0,47.0,41.0,3.0,11.0,0.0,0.0,2.0,6.0,78.0,48.0,26.0,5.0,11.0,9.0,16.0
2023-520,Roland Garros,Clay,128,G,O,20230529,41,PL56,16.0,,Tommy Paul,R,185.0,USA,26.031,17.0,2170.0,S0LA,,LL,Dominic Stricker,L,183.0,SUI,20.783,116.0,541.0,6-3 6-2 6-4,5,R128,110.0,1.0,2.0,96.0,65.0,47.0,18.0,14.0,6.0,7.0,2.0,6.0,77.0,44.0,29.0,15.0,13.0,6.0,11.0
2023-520,Roland Garros,Clay,128,G,O,20230529,42,J551,,,Nicolas Jarry,R,201.0,CHI,27.63,35.0,1112.0,DA31,,,Hugo Dellien,R,180.0,BOL,29.949,160.0,375.0,6-4 6-4 6-2,5,R128,148.0,11.0,2.0,86.0,53.0,42.0,21.0,14.0,6.0,6.0,3.0,1.0,111.0,81.0,50.0,15.0,14.0,11.0,15.0
2023-520,Roland Garros,Clay,128,G,O,20230529,43,GC88,,,Marcos Giron,R,180.0,USA,29.845,75.0,740.0,M0JF,,Q,Hamad Medjedovic,R,188.0,SRB,19.863,168.0,353.0,6-0 6-2 1-6 6-0,5,R128,118.0,4.0,4.0,71.0,45.0,34.0,15.0,13.0,0.0,2.0,5.0,9.0,95.0,52.0,30.0,11.0,14.0,5.0,13.0
2023-520,Roland Garros,Clay,128,G,O,20230529,44,L0BV,,,Jiri Lehecka,R,185.0,CZE,21.552,41.0,994.0,SL28,21.0,,Jan-Lennard Struff,R,193.0,GER,33.092,28.0,1447.0,7-5 1-6 6-3 3-6 6-1,5,R128,193.0,7.0,4.0,147.0,97.0,65.0,25.0,22.0,5.0,10.0,9.0,5.0,133.0,75.0,52.0,28.0,22.0,5.0,11.0
2023-520,Roland Garros,Clay,128,G,O,20230529,45,T0A1,,Q,Thiago Agustin Tirante,R,185.0,ARG,22.133,153.0,390.0,V812,25.0,,Botic van de Zandschulp,R,191.0,NED,27.65,31.0,1215.0,6-2 4-6 6-3 6-4,5,R128,186.0,1.0,1.0,136.0,93.0,54.0,27.0,19.0,15.0,19.0,3.0,12.0,107.0,55.0,37.0,20.0,18.0,6.0,13.0
2023-520,Roland Garros,Clay,128,G,O,20230529,46,Z371,,,Zhizhen Zhang,R,193.0,CHN,26.615,71.0,752.0,L987,,,Dusan Lajovic,R,183.0,SRB,32.912,53.0,899.0,6-1 4-1 RET,5,R128,59.0,1.0,2.0,46.0,28.0,20.0,7.0,6.0,0.0,1.0,1.0,3.0,40.0,24.0,14.0,2.0,6.0,5.0,10.0
2023-520,Roland Garros,Clay,128,G,O,20230529,47,Z0A1,,Q,Giulio Zeppieri,L,183.0,ITA,21.473,129.0,478.0,BK92,,,Alexander Bublik,R,196.0,KAZ,25.947,51.0,915.0,6-0 4-6 4-6 6-3 7-5,5,R128,198.0,8.0,4.0,152.0,86.0,56.0,44.0,24.0,7.0,10.0,17.0,12.0,133.0,66.0,50.0,32.0,23.0,8.0,14.0
2023-520,Roland Garros,Clay,128,G,O,20230529,48,RH16,4.0,,Casper Ruud,R,183.0,NOR,24.433,4.0,4960.0,Y218,,Q,Elias Ymer,R,185.0,SWE,27.132,155.0,384.0,6-4 6-3 6-2,5,R128,128.0,4.0,2.0,71.0,44.0,31.0,14.0,13.0,0.0,3.0,2.0,7.0,89.0,55.0,33.0,10.0,14.0,8.0,16.0
2023-520,Roland Garros,Clay,128,G,O,20230529,49,S0AG,8.0,,Jannik Sinner,R,191.0,ITA,21.782,9.0,3435.0,MP20,,,Alexandre Muller,R,183.0,FRA,26.319,101.0,639.0,6-1 6-4 6-1,5,R128,106.0,5.0,2.0,70.0,40.0,33.0,18.0,12.0,2.0,2.0,3.0,0.0,70.0,43.0,22.0,13.0,12.0,4.0,10.0
2023-520,Roland Garros,Clay,128,G,O,20230529,50,AE14,,,Daniel Altmaier,R,188.0,GER,24.709,79.0,733.0,HH06,,,Marc-Andrea Huesler,L,196.0,SUI,26.927,84.0,719.0,6-3 6-4 6-4,5,R128,126.0,7.0,3.0,80.0,57.0,44.0,17.0,15.0,1.0,1.0,5.0,9.0,99.0,62.0,42.0,18.0,14.0,11.0,14.0
2023-520,Roland Garros,Clay,128,G,O,20230529,51,RH24,,,Emil Ruusuvuori,R,188.0,FIN,24.156,46.0,956.0,BK24,,,Gregoire Barrere,R,183.0,FRA,29.279,58.0,850.0,6-2 6-7(7) 5-7 6-1 6-4,5,R128,254.0,15.0,5.0,174.0,108.0,77.0,34.0,25.0,9.0,14.0,5.0,10.0,169.0,85.0,55.0,39.0,24.0,11.0,20.0
2023-520,Roland Garros,Clay,128,G,O,20230529,52,D875,28.0,,Grigor Dimitrov,R,191.0,BUL,32.036,29.0,1275.0,S0GR,,Q,Timofey Skatov,R,173.0,KAZ,22.349,147.0,412.0,6-0 6-3 6-2,5,R128,114.0,10.0,3.0,85.0,54.0,42.0,13.0,12.0,4.0,5.0,0.0,3.0,72.0,55.0,28.0,4.0,11.0,3.0,10.0
2023-520,Roland Garros,Clay,128,G,O,20230529,53,Z355,22.0,,Alexander Zverev,R,198.0,GER,26.105,27.0,1450.0,HG86,,,Lloyd Harris,R,193.0,RSA,26.256,294.0,177.0,7-6(6) 7-6(0) 6-1,5,R128,164.0,10.0,7.0,117.0,81.0,59.0,20.0,16.0,7.0,8.0,7.0,1.0,106.0,71.0,50.0,13.0,15.0,2.0,5.0
2023-520,Roland Garros,Clay,128,G,O,20230529,54,MV14,,,Alex Molcan,L,178.0,SVK,25.489,86.0,705.0,G09O,,WC,Hugo Gaston,L,173.0,FRA,22.669,109.0,580.0,6-1 7-6(4) 6-4,5,R128,143.0,6.0,2.0,104.0,72.0,45.0,18.0,15.0,3.0,7.0,4.0,5.0,105.0,61.0,34.0,15.0,14.0,11.0,18.0
2023-520,Roland Garros,Clay,128,G,O,20230529,55,KC56,,Q,Aslan Karatsev,R,185.0,RUS,29.73,62.0,818.0,P09Z,,,Alexei Popyrin,R,196.0,AUS,23.814,85.0,707.0,6-3 6-7(4) 6-1 6-2,5,R128,178.0,7.0,4.0,113.0,70.0,55.0,26.0,19.0,4.0,5.0,9.0,6.0,121.0,75.0,53.0,17.0,17.0,11.0,17.0
2023-520,Roland Garros,Clay,128,G,O,20230529,56,TD51,12.0,,Frances Tiafoe,R,188.0,USA,25.352,12.0,2790.0,KB05,,,Filip Krajinovic,R,185.0,SRB,31.25,93.0,661.0,6-3 6-4 6-2,5,R128,129.0,15.0,2.0,103.0,56.0,46.0,23.0,14.0,6.0,6.0,4.0,3.0,87.0,51.0,29.0,19.0,13.0,3.0,7.0
2023-520,Roland Garros,Clay,128,G,O,20230529,57,CG80,15.0,,Borna Coric,R,188.0,CRO,26.535,16.0,2410.0,CE77,,,Federico Coria,R,180.0,ARG,31.22,96.0,656.0,7-6(3) 6-7(5) 6-3 6-3,5,R128,252.0,11.0,2.0,135.0,75.0,54.0,30.0,21.0,8.0,13.0,3.0,9.0,167.0,108.0,59.0,27.0,21.0,16.0,24.0
2023-520,Roland Garros,Clay,128,G,O,20230529,58,CG04,,,Pedro Cachin,R,185.0,ARG,28.129,64.0,803.0,TB69,,,Dominic Thiem,R,185.0,AUT,29.733,92.0,666.0,6-3 6-2 6-7(1) 4-6 6-2,5,R128,229.0,6.0,7.0,142.0,93.0,68.0,18.0,24.0,6.0,12.0,5.0,5.0,152.0,88.0,52.0,33.0,23.0,7.0,17.0
2023-520,Roland Garros,Clay,128,G,O,20230529,59,EA24,,,Tomas Martin Etcheverry,R,196.0,ARG,23.863,49.0,920.0,D0CO,,,Jack Draper,L,193.0,GBR,21.432,55.0,877.0,6-4 1-0 RET,5,R128,66.0,0.0,0.0,36.0,24.0,18.0,6.0,6.0,2.0,3.0,1.0,2.0,52.0,36.0,20.0,5.0,5.0,7.0,9.0
2023-520,Roland Garros,Clay,128,G,O,20230529,60,DH58,18.0,,Alex de Minaur,R,183.0,AUS,24.277,19.0,1870.0,I305,,,Ilya Ivashka,R,193.0,BLR,29.257,73.0,741.0,6-1 5-7 6-1 6-3,5,R128,165.0,6.0,3.0,108.0,63.0,40.0,27.0,17.0,9.0,13.0,2.0,8.0,119.0,70.0,38.0,21.0,18.0,11.0,21.0
2023-520,Roland Garros,Clay,128,G,O,20230529,61,N732,27.0,,Yoshihito Nishioka,L,170.0,JPN,27.669,33.0,1181.0,W09G,,,J.J. Wolf,R,183.0,USA,24.435,50.0,915.0,1-6 3-6 6-4 6-3 6-3,5,R128,203.0,1.0,4.0,120.0,77.0,44.0,24.0,22.0,2.0,10.0,9.0,10.0,175.0,92.0,54.0,40.0,22.0,16.0,24.0
2023-520,Roland Garros,Clay,128,G,O,20230529,62,PH71,,,Max Purcell,R,185.0,AUS,25.153,68.0,781.0,TC61,,,Jordan Thompson,R,183.0,AUS,29.106,76.0,737.0,7-5 1-6 6-4 6-4,5,R128,172.0,7.0,1.0,116.0,75.0,54.0,25.0,20.0,6.0,9.0,6.0,2.0,101.0,55.0,44.0,27.0,19.0,2.0,5.0
2023-520,Roland Garros,Clay,128,G,O,20230529,63,PC11,,,Guido Pella,L,183.0,ARG,33.032,423.0,105.0,HB64,,,Quentin Halys,R,191.0,FRA,26.587,88.0,686.0,6-4 6-7(7) 2-6 7-6(4) 7-6(4),5,R128,260.0,4.0,5.0,187.0,130.0,94.0,32.0,27.0,9.0,13.0,19.0,11.0,185.0,111.0,83.0,41.0,27.0,6.0,9.0
2023-520,Roland Garros,Clay,128,G,O,20230529,64,SX91,,Q,Thiago Seyboth Wild,R,185.0,BRA,23.217,172.0,349.0,MM58,2.0,,Daniil Medvedev,R,198.0,RUS,27.294,2.0,6330.0,7-6(5) 6-7(6) 2-6 6-3 6-4,5,R128,256.0,2.0,6.0,165.0,99.0,66.0,35.0,26.0,6.0,13.0,14.0,15.0,185.0,119.0,80.0,29.0,25.0,12.0,19.0
2023-520,Roland Garros,Clay,128,G,O,20230529,65,A0E2,1.0,,Carlos Alcaraz,R,183.0,ESP,20.066,1.0,6815.0,DA81,,,Taro Daniel,R,191.0,JPN,30.333,112.0,566.0,6-1 3-6 6-1 6-2,5,R64,146.0,2.0,2.0,86.0,62.0,45.0,15.0,16.0,1.0,3.0,0.0,5.0,90.0,59.0,33.0,12.0,15.0,4.0,11.0
2023-520,Roland Garros,Clay,128,G,O,20230529,66,SU55,26.0,,Denis Shapovalov,L,185.0,CAN,24.12,32.0,1210.0,A0FC,,,Matteo Arnaldi,R,185.0,ITA,22.261,106.0,592.0,6-2 3-6 6-3 6-3,5,R64,176.0,2.0,5.0,104.0,61.0,43.0,27.0,17.0,0.0,1.0,2.0,8.0,134.0,74.0,38.0,36.0,18.0,11.0,16.0
2023-520,Roland Garros,Clay,128,G,O,20230529,67,M0EJ,17.0,,Lorenzo Musetti,R,185.0,ITA,21.238,18.0,2040.0,S0H2,,,Alexander Shevchenko,R,188.0,KAZ,22.494,87.0,703.0,6-1 6-1 6-2,5,R64,99.0,1.0,0.0,62.0,37.0,27.0,20.0,11.0,3.0,3.0,1.0,1.0,77.0,49.0,27.0,9.0,11.0,5.0,12.0
2023-520,Roland Garros,Clay,128,G,O,20230529,68,N771,14.0,,Cameron Norrie,L,188.0,GBR,27.765,13.0,2565.0,PF39,,Q,Lucas Pouille,R,185.0,FRA,29.259,675.0,40.0,6-1 6-3 6-3,5,R64,105.0,2.0,0.0,77.0,56.0,41.0,12.0,13.0,6.0,8.0,2.0,2.0,81.0,38.0,21.0,17.0,12.0,5.0,12.0
2023-520,Roland Garros,Clay,128,G,O,20230529,69,F510,,,Fabio Fognini,R,178.0,ITA,36.014,130.0,468.0,KB95,,,Jason Kubler,R,178.0,AUS,30.026,69.0,777.0,6-4 7-6(5) 6-2,5,R64,138.0,3.0,5.0,100.0,61.0,35.0,23.0,15.0,1.0,5.0,3.0,2.0,93.0,64.0,32.0,13.0,15.0,3.0,10.0
2023-520,Roland Garros,Clay,128,G,O,20230529,70,O513,,Q,Sebastian Ofner,R,191.0,AUT,27.044,118.0,534.0,K0AH,24.0,,Sebastian Korda,R,196.0,USA,22.897,30.0,1265.0,6-3 7-6(1) 6-4,5,R64,155.0,7.0,7.0,103.0,53.0,45.0,23.0,15.0,3.0,6.0,1.0,2.0,110.0,64.0,37.0,22.0,16.0,6.0,12.0
2023-520,Roland Garros,Clay,128,G,O,20230529,71,SM37,,,Diego Schwartzman,R,170.0,ARG,30.782,95.0,660.0,BT72,,,Nuno Borges,R,185.0,POR,26.27,80.0,727.0,7-6(3) 6-4 6-3,5,R64,153.0,0.0,2.0,97.0,60.0,36.0,24.0,16.0,5.0,9.0,5.0,3.0,97.0,44.0,30.0,21.0,15.0,6.0,12.0
2023-520,Roland Garros,Clay,128,G,O,20230529,72,TE51,5.0,,Stefanos Tsitsipas,R,193.0,GRE,24.794,5.0,4775.0,CF59,,,Roberto Carballes Baena,R,183.0,ESP,30.182,57.0,850.0,6-3 7-6(4) 6-2,5,R64,137.0,6.0,5.0,91.0,60.0,46.0,14.0,14.0,1.0,3.0,0.0,2.0,87.0,59.0,34.0,17.0,15.0,3.0,9.0
2023-520,Roland Garros,Clay,128,G,O,20230529,73,D643,3.0,,Novak Djokovic,R,188.0,SRB,36.019,3.0,5955.0,F724,,,Marton Fucsovics,R,188.0,HUN,31.302,83.0,720.0,7-6(2) 6-0 6-3,5,R64,164.0,2.0,3.0,99.0,64.0,39.0,21.0,9.0,9.0,12.0,1.0,6.0,99.0,58.0,31.0,16.0,9.0,4.0,12.0
2023-520,Roland Garros,Clay,128,G,O,20230529,74,DH50,29.0,,Alejandro Davidovich Fokina,R,180.0,ESP,23.981,34.0,1115.0,V0DZ,,,Luca Van Assche,R,178.0,FRA,19.047,82.0,725.0,6-4 6-3 7-6(6),5,R64,156.0,3.0,2.0,87.0,57.0,45.0,19.0,15.0,0.0,1.0,2.0,5.0,116.0,64.0,41.0,25.0,16.0,5.0,9.0
2023-520,Roland Garros,Clay,128,G,O,20230529,75,V836,,,Juan Pablo Varillas,R,185.0,PER,27.644,94.0,661.0,BD06,19.0,,Roberto Bautista Agut,R,183.0,ESP,35.121,24.0,1485.0,1-6 4-6 6-3 6-1 6-1,5,R64,232.0,8.0,1.0,152.0,81.0,57.0,33.0,20.0,10.0,15.0,3.0,3.0,129.0,89.0,57.0,12.0,20.0,11.0,19.0
2023-520,Roland Garros,Clay,128,G,O,20230529,76,HB71,13.0,,Hubert Hurkacz,R,196.0,POL,26.292,14.0,2525.0,GJ37,,,Tallon Griekspoor,R,188.0,NED,26.905,39.0,1034.0,6-3 5-7 6-7(13) 7-6(5) 6-4,5,R64,282.0,15.0,3.0,180.0,105.0,84.0,41.0,28.0,4.0,7.0,9.0,12.0,201.0,125.0,92.0,35.0,27.0,11.0,15.0
2023-520,Roland Garros,Clay,128,G,O,20230529,77,KE29,11.0,,Karen Khachanov,R,198.0,RUS,27.02,11.0,2945.0,A829,,Q,Radu Albot,R,175.0,MDA,33.544,113.0,564.0,6-3 6-4 6-2,5,R64,138.0,6.0,2.0,81.0,53.0,42.0,18.0,14.0,1.0,1.0,4.0,4.0,103.0,64.0,43.0,15.0,13.0,8.0,12.0
2023-520,Roland Garros,Clay,128,G,O,20230529,78,KD46,,WC,Thanasi Kokkinakis,R,193.0,AUS,27.132,108.0,587.0,W367,,,Stan Wawrinka,R,183.0,SUI,38.168,89.0,684.0,3-6 7-5 6-3 6-7(4) 6-3,5,R64,279.0,12.0,8.0,184.0,112.0,88.0,31.0,25.0,11.0,14.0,12.0,5.0,145.0,85.0,62.0,37.0,25.0,9.0,14.0
2023-520,Roland Garros,Clay,128,G,O,20230529,79,SU87,,,Lorenzo Sonego,R,191.0,ITA,28.049,48.0,925.0,HH26,,,Ugo Humbert,L,188.0,FRA,24.923,40.0,1026.0,6-4 6-3 7-6(3),5,R64,158.0,3.0,3.0,95.0,64.0,51.0,18.0,15.0,6.0,7.0,1.0,4.0,101.0,52.0,37.0,25.0,16.0,4.0,8.0
2023-520,Roland Garros,Clay,128,G,O,20230529,80,RE44,7.0,,Andrey Rublev,R,188.0,RUS,25.604,7.0,4270.0,MW02,,,Corentin Moutet,L,180.0,FRA,24.11,61.0,823.0,6-4 6-2 3-6 6-3,5,R64,179.0,6.0,5.0,113.0,70.0,51.0,22.0,18.0,3.0,5.0,2.0,4.0,129.0,80.0,48.0,26.0,18.0,9.0,14.0
2023-520,Roland Garros,Clay,128,G,O,20230529,81,R0DG,6.0,,Holger Rune,R,188.0,DEN,20.082,6.0,4375.0,MC65,,,Gael Monfils,R,193.0,FRA,36.739,394.0,117.0,W/O,5,R64,,,,,,,,,,,,,,,,,,,
2023-520,Roland Garros,Clay,128,G,O,20230529,82,O660,,Q,Genaro Alberto Olivieri,R,175.0,ARG,24.816,231.0,257.0,VA08,,Q,Andrea Vavassori,R,193.0,ITA,28.066,148.0,410.0,7-6(7) 3-6 6-4 7-6(3),5,R64,200.0,5.0,2.0,137.0,99.0,65.0,21.0,22.0,4.0,10.0,8.0,8.0,140.0,91.0,62.0,26.0,21.0,8.0,13.0
2023-520,Roland Garros,Clay,128,G,O,20230529,83,C0AU,23.0,,Francisco Cerundolo,R,185.0,ARG,24.791,23.0,1485.0,H997,,LL,Yannick Hanfmann,R,193.0,GER,31.54,65.0,791.0,6-3 6-3 6-4,5,R64,155.0,8.0,5.0,108.0,77.0,54.0,13.0,14.0,10.0,12.0,2.0,2.0,117.0,80.0,39.0,23.0,14.0,10.0,16.0
2023-520,Roland Garros,Clay,128,G,O,20230529,84,FB98,9.0,,Taylor Fritz,R,196.0,USA,25.582,8.0,3470.0,RC91,,,Arthur Rinderknech,R,196.0,FRA,27.849,78.0,735.0,2-6 6-4 6-3 6-4,5,R64,170.0,8.0,1.0,100.0,47.0,36.0,36.0,19.0,1.0,4.0,7.0,3.0,113.0,71.0,54.0,20.0,18.0,10.0,14.0
2023-520,Roland Garros,Clay,128,G,O,20230529,85,J551,,,Nicolas Jarry,R,201.0,CHI,27.63,35.0,1112.0,PL56,16.0,,Tommy Paul,R,185.0,USA,26.031,17.0,2170.0,3-6 6-1 6-4 7-5,5,R64,184.0,5.0,4.0,140.0,89.0,63.0,26.0,19.0,13.0,15.0,3.0,5.0,98.0,68.0,47.0,18.0,19.0,1.0,6.0
2023-520,Roland Garros,Clay,128,G,O,20230529,86,GC88,,,Marcos Giron,R,180.0,USA,29.845,75.0,740.0,L0BV,,,Jiri Lehecka,R,185.0,CZE,21.552,41.0,994.0,6-2 6-3 6-2,5,R64,104.0,6.0,0.0,73.0,41.0,38.0,16.0,12.0,4.0,4.0,2.0,2.0,84.0,58.0,36.0,9.0,13.0,2.0,8.0
2023-520,Roland Garros,Clay,128,G,O,20230529,87,Z371,,,Zhizhen Zhang,R,193.0,CHN,26.615,71.0,752.0,T0A1,,Q,Thiago Agustin Tirante,R,185.0,ARG,22.133,153.0,390.0,7-6(3) 6-3 6-4,5,R64,141.0,5.0,3.0,105.0,68.0,48.0,21.0,16.0,5.0,7.0,6.0,1.0,93.0,63.0,41.0,14.0,15.0,3.0,7.0
2023-520,Roland Garros,Clay,128,G,O,20230529,88,RH16,4.0,,Casper Ruud,R,183.0,NOR,24.433,4.0,4960.0,Z0A1,,Q,Giulio Zeppieri,L,183.0,ITA,21.473,129.0,478.0,6-3 6-2 4-6 7-5,5,R64,185.0,2.0,2.0,120.0,66.0,43.0,40.0,20.0,6.0,8.0,9.0,3.0,120.0,74.0,53.0,20.0,19.0,8.0,13.0
2023-520,Roland Garros,Clay,128,G,O,20230529,89,AE14,,,Daniel Altmaier,R,188.0,GER,24.709,79.0,733.0,S0AG,8.0,,Jannik Sinner,R,191.0,ITA,21.782,9.0,3435.0,6-7(0) 7-6(7) 1-6 7-6(4) 7-5,5,R64,326.0,10.0,6.0,204.0,142.0,98.0,27.0,26.0,15.0,21.0,11.0,3.0,187.0,110.0,77.0,42.0,28.0,4.0,9.0
2023-520,Roland Garros,Clay,128,G,O,20230529,90,D875,28.0,,Grigor Dimitrov,R,191.0,BUL,32.036,29.0,1275.0,RH24,,,Emil Ruusuvuori,R,188.0,FIN,24.156,46.0,956.0,7-6(4) 6-3 6-4,5,R64,170.0,5.0,1.0,107.0,56.0,38.0,29.0,16.0,5.0,9.0,5.0,2.0,105.0,60.0,37.0,21.0,15.0,9.0,15.0
2023-520,Roland Garros,Clay,128,G,O,20230529,91,Z355,22.0,,Alexander Zverev,R,198.0,GER,26.105,27.0,1450.0,MV14,,,Alex Molcan,L,178.0,SVK,25.489,86.0,705.0,6-4 6-2 6-1,5,R64,118.0,6.0,3.0,80.0,48.0,37.0,21.0,12.0,8.0,8.0,0.0,3.0,82.0,54.0,32.0,10.0,13.0,10.0,16.0
2023-520,Roland Garros,Clay,128,G,O,20230529,92,TD51,12.0,,Frances Tiafoe,R,188.0,USA,25.352,12.0,2790.0,KC56,,Q,Aslan Karatsev,R,185.0,RUS,29.73,62.0,818.0,3-6 6-3 7-5 6-2,5,R64,164.0,10.0,2.0,103.0,60.0,50.0,23.0,19.0,5.0,8.0,12.0,7.0,110.0,69.0,49.0,18.0,19.0,8.0,14.0
2023-520,Roland Garros,Clay,128,G,O,20230529,93,CG80,15.0,,Borna Coric,R,188.0,CRO,26.535,16.0,2410.0,CG04,,,Pedro Cachin,R,185.0,ARG,28.129,64.0,803.0,6-3 4-6 4-6 6-3 6-4,5,R64,263.0,1.0,2.0,157.0,79.0,57.0,44.0,24.0,9.0,13.0,6.0,3.0,144.0,91.0,62.0,27.0,24.0,7.0,13.0
2023-520,Roland Garros,Clay,128,G,O,20230529,94,EA24,,,Tomas Martin Etcheverry,R,196.0,ARG,23.863,49.0,920.0,DH58,18.0,,Alex de Minaur,R,183.0,AUS,24.277,19.0,1870.0,6-3 7-6(2) 6-3,5,R64,166.0,3.0,3.0,102.0,63.0,46.0,25.0,16.0,7.0,9.0,0.0,5.0,106.0,63.0,37.0,22.0,14.0,4.0,8.0
2023-520,Roland Garros,Clay,128,G,O,20230529,95,N732,27.0,,Yoshihito Nishioka,L,170.0,JPN,27.669,33.0,1181.0,PH71,,,Max Purcell,R,185.0,AUS,25.153,68.0,781.0,4-6 6-2 7-5 6-4,5,R64,186.0,2.0,5.0,123.0,72.0,50.0,32.0,20.0,5.0,8.0,7.0,6.0,141.0,78.0,54.0,28.0,20.0,12.0,18.0
2023-520,Roland Garros,Clay,128,G,O,20230529,96,SX91,,Q,Thiago Seyboth Wild,R,185.0,BRA,23.217,172.0,349.0,PC11,,,Guido Pella,L,183.0,ARG,33.032,423.0,105.0,6-3 3-6 6-4 6-3,5,R64,175.0,8.0,9.0,124.0,64.0,43.0,35.0,19.0,9.0,12.0,1.0,5.0,106.0,70.0,43.0,21.0,18.0,7.0,12.0
2023-520,Roland Garros,Clay,128,G,O,20230529,97,A0E2,1.0,,Carlos Alcaraz,R,183.0,ESP,20.066,1.0,6815.0,SU55,26.0,,Denis Shapovalov,L,185.0,CAN,24.12,32.0,1210.0,6-1 6-4 6-2,5,R32,131.0,0.0,1.0,80.0,58.0,38.0,15.0,13.0,4.0,6.0,0.0,10.0,87.0,49.0,25.0,14.0,12.0,9.0,16.0
2023-520,Roland Garros,Clay,128,G,O,20230529,98,M0EJ,17.0,,Lorenzo Musetti,R,185.0,ITA,21.238,18.0,2040.0,N771,14.0,,Cameron Norrie,L,188.0,GBR,27.765,13.0,2565.0,6-1 6-2 6-4,5,R32,129.0,2.0,2.0,78.0,48.0,40.0,14.0,13.0,2.0,3.0,2.0,3.0,96.0,63.0,34.0,15.0,12.0,12.0,18.0
2023-520,Roland Garros,Clay,128,G,O,20230529,99,O513,,Q,Sebastian Ofner,R,191.0,AUT,27.044,118.0,534.0,F510,,,Fabio Fognini,R,178.0,ITA,36.014,130.0,468.0,5-7 6-3 7-5 1-6 6-4,5,R32,235.0,5.0,3.0,149.0,89.0,54.0,24.0,25.0,7.0,19.0,1.0,6.0,165.0,103.0,58.0,29.0,25.0,16.0,28.0
2023-520,Roland Garros,Clay,128,G,O,20230529,100,TE51,5.0,,Stefanos Tsitsipas,R,193.0,GRE,24.794,5.0,4775.0,SM37,,,Diego Schwartzman,R,170.0,ARG,30.782,95.0,660.0,6-2 6-2 6-3,5,R32,124.0,6.0,1.0,84.0,52.0,36.0,21.0,13.0,4.0,5.0,1.0,5.0,87.0,59.0,32.0,9.0,12.0,12.0,18.0
2023-520,Roland Garros,Clay,128,G,O,20230529,101,D643,3.0,,Novak Djokovic,R,188.0,SRB,36.019,3.0,5955.0,DH50,29.0,,Alejandro Davidovich Fokina,R,180.0,ESP,23.981,34.0,1115.0,7-6(4) 7-6(5) 6-2,5,R32,216.0,1.0,6.0,114.0,74.0,48.0,16.0,16.0,3.0,8.0,3.0,2.0,120.0,81.0,41.0,19.0,16.0,10.0,17.0
2023-520,Roland Garros,Clay,128,G,O,20230529,102,V836,,,Juan Pablo Varillas,R,185.0,PER,27.644,94.0,661.0,HB71,13.0,,Hubert Hurkacz,R,196.0,POL,26.292,14.0,2525.0,3-6 6-3 7-6(3) 4-6 6-2,5,R32,232.0,7.0,1.0,146.0,87.0,61.0,41.0,24.0,4.0,7.0,8.0,3.0,149.0,90.0,69.0,26.0,24.0,3.0,7.0
2023-520,Roland Garros,Clay,128,G,O,20230529,103,KE29,11.0,,Karen Khachanov,R,198.0,RUS,27.02,11.0,2945.0,KD46,,WC,Thanasi Kokkinakis,R,193.0,AUS,27.132,108.0,587.0,6-4 6-1 3-6 7-6(5),5,R32,223.0,5.0,3.0,120.0,77.0,50.0,29.0,19.0,4.0,7.0,6.0,1.0,138.0,79.0,54.0,26.0,19.0,12.0,17.0
2023-520,Roland Garros,Clay,128,G,O,20230529,104,SU87,,,Lorenzo Sonego,R,191.0,ITA,28.049,48.0,925.0,RE44,7.0,,Andrey Rublev,R,188.0,RUS,25.604,7.0,4270.0,5-7 0-6 6-3 7-6(5) 6-3,5,R32,223.0,8.0,5.0,157.0,105.0,76.0,24.0,25.0,5.0,11.0,9.0,4.0,135.0,73.0,55.0,36.0,23.0,5.0,9.0
2023-520,Roland Garros,Clay,128,G,O,20230529,105,R0DG,6.0,,Holger Rune,R,188.0,DEN,20.082,6.0,4375.0,O660,,Q,Genaro Alberto Olivieri,R,175.0,ARG,24.816,231.0,257.0,6-4 6-1 6-3,5,R32,119.0,4.0,4.0,78.0,57.0,40.0,10.0,13.0,5.0,8.0,2.0,3.0,83.0,55.0,29.0,7.0,13.0,12.0,20.0
2023-520,Roland Garros,Clay,128,G,O,20230529,106,C0AU,23.0,,Francisco Cerundolo,R,185.0,ARG,24.791,23.0,1485.0,FB98,9.0,,Taylor Fritz,R,196.0,USA,25.582,8.0,3470.0,3-6 6-3 6-4 7-5,5,R32,170.0,1.0,4.0,134.0,110.0,71.0,12.0,20.0,11.0,15.0,9.0,4.0,119.0,94.0,64.0,10.0,20.0,15.0,21.0
2023-520,Roland Garros,Clay,128,G,O,20230529,107,J551,,,Nicolas Jarry,R,201.0,CHI,27.63,35.0,1112.0,GC88,,,Marcos Giron,R,180.0,USA,29.845,75.0,740.0,6-2 6-3 6-7(7) 6-3,5,R32,175.0,15.0,3.0,112.0,77.0,65.0,20.0,20.0,1.0,2.0,6.0,3.0,128.0,90.0,62.0,13.0,18.0,2.0,7.0
2023-520,Roland Garros,Clay,128,G,O,20230529,108,RH16,4.0,,Casper Ruud,R,183.0,NOR,24.433,4.0,4960.0,Z371,,,Zhizhen Zhang,R,193.0,CHN,26.615,71.0,752.0,4-6 6-4 6-1 6-4,5,R32,156.0,6.0,3.0,116.0,85.0,60.0,15.0,19.0,7.0,10.0,6.0,2.0,100.0,80.0,46.0,13.0,18.0,5.0,11.0
2023-520,Roland Garros,Clay,128,G,O,20230529,109,D875,28.0,,Grigor Dimitrov,R,191.0,BUL,32.036,29.0,1275.0,AE14,,,Daniel Altmaier,R,188.0,GER,24.709,79.0,733.0,6-4 6-3 6-1,5,R32,127.0,4.0,5.0,78.0,40.0,30.0,21.0,13.0,5.0,7.0,3.0,3.0,74.0,48.0,26.0,9.0,13.0,4.0,10.0
2023-520,Roland Garros,Clay,128,G,O,20230529,110,Z355,22.0,,Alexander Zverev,R,198.0,GER,26.105,27.0,1450.0,TD51,12.0,,Frances Tiafoe,R,188.0,USA,25.352,12.0,2790.0,3-6 7-6(3) 6-1 7-6(5),5,R32,222.0,13.0,10.0,144.0,93.0,66.0,25.0,21.0,5.0,10.0,3.0,2.0,132.0,94.0,61.0,13.0,19.0,9.0,14.0
2023-520,Roland Garros,Clay,128,G,O,20230529,111,EA24,,,Tomas Martin Etcheverry,R,196.0,ARG,23.863,49.0,920.0,CG80,15.0,,Borna Coric,R,188.0,CRO,26.535,16.0,2410.0,6-3 7-6(5) 6-2,5,R32,182.0,4.0,1.0,94.0,55.0,45.0,20.0,15.0,5.0,7.0,4.0,4.0,105.0,60.0,43.0,14.0,14.0,12.0,17.0
2023-520,Roland Garros,Clay,128,G,O,20230529,112,N732,27.0,,Yoshihito Nishioka,L,170.0,JPN,27.669,33.0,1181.0,SX91,,Q,Thiago Seyboth Wild,R,185.0,BRA,23.217,172.0,349.0,3-6 7-6(8) 2-6 6-4 6-0,5,R32,219.0,2.0,3.0,149.0,105.0,68.0,21.0,22.0,3.0,8.0,10.0,9.0,158.0,96.0,63.0,34.0,23.0,10.0,16.0
2023-520,Roland Garros,Clay,128,G,O,20230529,113,A0E2,1.0,,Carlos Alcaraz,R,183.0,ESP,20.066,1.0,6815.0,M0EJ,17.0,,Lorenzo Musetti,R,185.0,ITA,21.238,18.0,2040.0,6-3 6-2 6-2,5,R16,129.0,6.0,3.0,77.0,56.0,43.0,10.0,13.0,5.0,7.0,2.0,4.0,88.0,52.0,26.0,16.0,12.0,7.0,14.0
2023-520,Roland Garros,Clay,128,G,O,20230529,114,TE51,5.0,,Stefanos Tsitsipas,R,193.0,GRE,24.794,5.0,4775.0,O513,,Q,Sebastian Ofner,R,191.0,AUT,27.044,118.0,534.0,7-5 6-3 6-0,5,R16,108.0,3.0,3.0,83.0,59.0,45.0,13.0,14.0,2.0,3.0,4.0,3.0,76.0,41.0,27.0,14.0,13.0,5.0,11.0
2023-520,Roland Garros,Clay,128,G,O,20230529,115,D643,3.0,,Novak Djokovic,R,188.0,SRB,36.019,3.0,5955.0,V836,,,Juan Pablo Varillas,R,185.0,PER,27.644,94.0,661.0,6-3 6-2 6-2,5,R16,117.0,7.0,3.0,70.0,56.0,47.0,5.0,13.0,2.0,3.0,3.0,0.0,72.0,47.0,25.0,11.0,12.0,6.0,12.0
2023-520,Roland Garros,Clay,128,G,O,20230529,116,KE29,11.0,,Karen Khachanov,R,198.0,RUS,27.02,11.0,2945.0,SU87,,,Lorenzo Sonego,R,191.0,ITA,28.049,48.0,925.0,1-6 6-4 7-6(7) 6-1,5,R16,210.0,12.0,1.0,132.0,76.0,57.0,28.0,19.0,10.0,14.0,8.0,5.0,121.0,74.0,51.0,23.0,17.0,8.0,12.0
2023-520,Roland Garros,Clay,128,G,O,20230529,117,R0DG,6.0,,Holger Rune,R,188.0,DEN,20.082,6.0,4375.0,C0AU,23.0,,Francisco Cerundolo,R,185.0,ARG,24.791,23.0,1485.0,7-6(3) 3-6 6-4 1-6 7-6(7),5,R16,239.0,8.0,10.0,173.0,102.0,67.0,39.0,25.0,13.0,20.0,5.0,6.0,166.0,110.0,74.0,34.0,25.0,4.0,8.0
2023-520,Roland Garros,Clay,128,G,O,20230529,118,RH16,4.0,,Casper Ruud,R,183.0,NOR,24.433,4.0,4960.0,J551,,,Nicolas Jarry,R,201.0,CHI,27.63,35.0,1112.0,7-6(3) 7-5 7-5,5,R16,200.0,10.0,5.0,126.0,80.0,57.0,23.0,18.0,14.0,17.0,11.0,4.0,134.0,89.0,59.0,18.0,18.0,8.0,13.0
2023-520,Roland Garros,Clay,128,G,O,20230529,119,Z355,22.0,,Alexander Zverev,R,198.0,GER,26.105,27.0,1450.0,D875,28.0,,Grigor Dimitrov,R,191.0,BUL,32.036,29.0,1275.0,6-1 6-4 6-3,5,R16,138.0,4.0,7.0,92.0,60.0,47.0,11.0,13.0,14.0,16.0,0.0,6.0,83.0,46.0,28.0,10.0,13.0,8.0,15.0
2023-520,Roland Garros,Clay,128,G,O,20230529,120,EA24,,,Tomas Martin Etcheverry,R,196.0,ARG,23.863,49.0,920.0,N732,27.0,,Yoshihito Nishioka,L,170.0,JPN,27.669,33.0,1181.0,7-6(8) 6-0 6-1,5,R16,124.0,12.0,0.0,85.0,79.0,57.0,4.0,13.0,4.0,5.0,3.0,2.0,73.0,62.0,33.0,6.0,12.0,3.0,9.0
2023-520,Roland Garros,Clay,128,G,O,20230529,121,A0E2,1.0,,Carlos Alcaraz,R,183.0,ESP,20.066,1.0,6815.0,TE51,5.0,,Stefanos Tsitsipas,R,193.0,GRE,24.794,5.0,4775.0,6-2 6-1 7-6(5),5,QF,133.0,6.0,1.0,75.0,58.0,46.0,11.0,13.0,1.0,2.0,5.0,5.0,95.0,56.0,34.0,16.0,14.0,6.0,12.0
2023-520,Roland Garros,Clay,128,G,O,20230529,122,D643,3.0,,Novak Djokovic,R,188.0,SRB,36.019,3.0,5955.0,KE29,11.0,,Karen Khachanov,R,198.0,RUS,27.02,11.0,2945.0,4-6 7-6(0) 6-2 6-4,5,QF,219.0,11.0,5.0,132.0,78.0,60.0,32.0,20.0,8.0,10.0,7.0,4.0,133.0,75.0,49.0,30.0,20.0,4.0,8.0
2023-520,Roland Garros,Clay,128,G,O,20230529,123,RH16,4.0,,Casper Ruud,R,183.0,NOR,24.433,4.0,4960.0,R0DG,6.0,,Holger Rune,R,188.0,DEN,20.082,6.0,4375.0,6-1 6-2 3-6 6-3,5,QF,165.0,5.0,5.0,110.0,69.0,50.0,24.0,17.0,6.0,7.0,1.0,9.0,113.0,61.0,39.0,25.0,16.0,8.0,13.0
2023-520,Roland Garros,Clay,128,G,O,20230529,124,Z355,22.0,,Alexander Zverev,R,198.0,GER,26.105,27.0,1450.0,EA24,,,Tomas Martin Etcheverry,R,196.0,ARG,23.863,49.0,920.0,6-4 3-6 6-3 6-4,5,QF,202.0,7.0,9.0,116.0,78.0,59.0,15.0,19.0,6.0,9.0,8.0,2.0,116.0,72.0,52.0,18.0,19.0,6.0,11.0
2023-520,Roland Garros,Clay,128,G,O,20230529,125,D643,3.0,,Novak Djokovic,R,188.0,SRB,36.019,3.0,5955.0,A0E2,1.0,,Carlos Alcaraz,R,183.0,ESP,20.066,1.0,6815.0,6-3 5-7 6-1 6-1,5,SF,204.0,8.0,3.0,125.0,88.0,63.0,16.0,18.0,10.0,12.0,3.0,2.0,103.0,74.0,40.0,14.0,17.0,5.0,12.0
2023-520,Roland Garros,Clay,128,G,O,20230529,126,RH16,4.0,,Casper Ruud,R,183.0,NOR,24.433,4.0,4960.0,Z355,22.0,,Alexander Zverev,R,198.0,GER,26.105,27.0,1450.0,6-3 6-4 6-0,5,SF,129.0,5.0,1.0,89.0,55.0,39.0,18.0,13.0,8.0,9.0,3.0,2.0,69.0,47.0,26.0,10.0,12.0,4.0,10.0
2023-520,Roland Garros,Clay,128,G,O,20230529,127,D643,3.0,,Novak Djokovic,R,188.0,SRB,36.019,3.0,5955.0,RH16,4.0,,Casper Ruud,R,183.0,NOR,24.433,4.0,4960.0,7-6(1) 6-3 7-5,5,F,194.0,11.0,1.0,101.0,74.0,59.0,17.0,17.0,3.0,4.0,4.0,1.0,106.0,68.0,39.0,25.0,16.0,7.0,10.0
2023-440,'s-Hertogenbosch,Grass,32,250,O,20230612,1,BK92,,,Alexander Bublik,R,196.0,KAZ,25.985,47.0,880.0,GB88,,Q,David Goffin,R,180.0,BEL,32.512,126.0,490.0,7-5 7-5,3,R32,97.0,8.0,8.0,78.0,35.0,28.0,23.0,12.0,3.0,5.0,1.0,3.0,69.0,39.0,27.0,13.0,12.0,4.0,8.0
2023-440,'s-Hertogenbosch,Grass,32,250,O,20230612,2,RH24,,,Emil Ruusuvuori,R,188.0,FIN,24.194,42.0,956.0,N0AE,,,Brandon Nakashima,R,188.0,USA,21.856,54.0,842.0,6-3 3-6 6-3,3,R32,120.0,13.0,6.0,87.0,46.0,36.0,23.0,14.0,5.0,6.0,1.0,3.0,67.0,43.0,32.0,15.0,13.0,3.0,5.0
2023-440,'s-Hertogenbosch,Grass,32,250,O,20230612,3,HH26,7.0,,Ugo Humbert,L,188.0,FRA,24.961,36.0,1061.0,KB95,,,Jason Kubler,R,178.0,AUS,30.064,97.0,627.0,6-4 6-2,3,R32,83.0,11.0,4.0,49.0,28.0,22.0,15.0,9.0,1.0,1.0,5.0,3.0,67.0,37.0,25.0,14.0,9.0,5.0,8.0
2023-440,'s-Hertogenbosch,Grass,32,250,O,20230612,4,DB63,,,Laslo Djere,R,188.0,SRB,28.027,60.0,810.0,BE90,,Q,Ricardas Berankis,R,175.0,LTU,32.975,212.0,271.0,6-4 6-2,3,R32,81.0,6.0,6.0,58.0,35.0,27.0,13.0,9.0,1.0,1.0,5.0,3.0,66.0,39.0,26.0,11.0,9.0,2.0,5.0
2023-440,'s-Hertogenbosch,Grass,32,250,O,20230612,5,P09Z,,,Alexei Popyrin,R,196.0,AUS,23.852,90.0,662.0,RC91,,WC,Arthur Rinderknech,R,196.0,FRA,27.888,85.0,681.0,6-3 7-6(6),3,R32,85.0,8.0,2.0,62.0,40.0,35.0,17.0,11.0,1.0,1.0,7.0,3.0,62.0,41.0,37.0,8.0,10.0,3.0,4.0
2023-440,'s-Hertogenbosch,Grass,32,250,O,20230612,6,GJ37,6.0,,Tallon Griekspoor,R,188.0,NED,26.943,38.0,1024.0,Y268,,,Mikael Ymer,R,185.0,SWE,24.756,62.0,796.0,6-2 3-6 6-3,3,R32,107.0,8.0,1.0,74.0,53.0,39.0,14.0,13.0,0.0,1.0,5.0,4.0,98.0,68.0,41.0,15.0,13.0,7.0,10.0
2023-440,'s-Hertogenbosch,Grass,32,250,O,20230612,7,HH06,,,Marc-Andrea Huesler,L,196.0,SUI,26.965,82.0,704.0,C0BC,8.0,,Maxime Cressy,R,201.0,USA,26.094,40.0,975.0,6-2 7-6(2),3,R32,99.0,6.0,2.0,60.0,31.0,23.0,20.0,10.0,4.0,5.0,10.0,14.0,78.0,44.0,30.0,13.0,10.0,4.0,7.0
2023-440,'s-Hertogenbosch,Grass,32,250,O,20230612,8,H0BH,,LL,Rinky Hijikata,R,178.0,AUS,22.297,133.0,449.0,BO10,,WC,Gijs Brouwer,L,191.0,NED,27.244,145.0,413.0,6-7(5) 6-3 6-2,3,R32,138.0,8.0,0.0,112.0,69.0,51.0,23.0,15.0,4.0,5.0,12.0,7.0,99.0,68.0,47.0,11.0,14.0,5.0,9.0
2023-440,'s-Hertogenbosch,Grass,32,250,O,20230612,9,MK66,,,Mackenzie McDonald,R,178.0,USA,28.156,68.0,765.0,I305,,,Ilya Ivashka,R,193.0,BLR,29.295,87.0,672.0,6-4 6-3,3,R32,81.0,5.0,1.0,62.0,43.0,29.0,13.0,10.0,6.0,7.0,5.0,4.0,56.0,27.0,20.0,13.0,9.0,3.0,6.0
2023-440,'s-Hertogenbosch,Grass,32,250,O,20230612,10,R975,,PR,Milos Raonic,R,196.0,CAN,32.457,,,KI95,5.0,,Miomir Kecmanovic,R,183.0,SRB,23.781,39.0,985.0,6-3 6-4,3,R32,84.0,15.0,7.0,57.0,37.0,34.0,8.0,10.0,4.0,5.0,4.0,1.0,74.0,49.0,32.0,11.0,9.0,7.0,10.0
2023-440,'s-Hertogenbosch,Grass,32,250,O,20230612,11,TC61,,,Jordan Thompson,R,183.0,AUS,29.144,103.0,593.0,M0GZ,,Q,Giovanni Mpetshi Perricard,R,203.0,FRA,19.929,233.0,248.0,6-4 7-6(3),3,R32,97.0,4.0,1.0,68.0,42.0,34.0,16.0,11.0,2.0,2.0,14.0,4.0,73.0,45.0,37.0,12.0,11.0,3.0,4.0
2023-440,'s-Hertogenbosch,Grass,32,250,O,20230612,12,ME82,,,Adrian Mannarino,L,180.0,FRA,34.951,52.0,847.0,F0F1,,Q,Arthur Fils,R,185.0,FRA,18.998,66.0,790.0,7-6(1) 6-4,3,R32,100.0,5.0,6.0,74.0,42.0,34.0,19.0,11.0,4.0,4.0,11.0,4.0,72.0,42.0,34.0,13.0,11.0,1.0,2.0
2023-440,'s-Hertogenbosch,Grass,32,250,O,20230612,13,S0AG,2.0,,Jannik Sinner,R,191.0,ITA,21.821,9.0,3300.0,BK92,,,Alexander Bublik,R,196.0,KAZ,25.985,47.0,880.0,6-4 6-2,3,R16,83.0,8.0,0.0,49.0,32.0,27.0,10.0,9.0,1.0,1.0,9.0,6.0,77.0,45.0,29.0,13.0,9.0,9.0,12.0
2023-440,'s-Hertogenbosch,Grass,32,250,O,20230612,14,RH24,,,Emil Ruusuvuori,R,188.0,FIN,24.194,42.0,956.0,HH26,7.0,,Ugo Humbert,L,188.0,FRA,24.961,36.0,1061.0,6-2 6-7(6) 6-4,3,R16,156.0,8.0,2.0,103.0,71.0,50.0,19.0,15.0,7.0,8.0,7.0,6.0,100.0,56.0,42.0,21.0,15.0,4.0,8.0
2023-440,'s-Hertogenbosch,Grass,32,250,O,20230612,15,DH58,4.0,,Alex de Minaur,R,183.0,AUS,24.315,18.0,1905.0,DB63,,,Laslo Djere,R,188.0,SRB,28.027,60.0,810.0,6-1 6-7(5) 6-3,3,R16,131.0,7.0,6.0,104.0,63.0,46.0,25.0,15.0,5.0,5.0,7.0,1.0,90.0,56.0,39.0,17.0,13.0,5.0,8.0
2023-440,'s-Hertogenbosch,Grass,32,250,O,20230612,16,GJ37,6.0,,Tallon Griekspoor,R,188.0,NED,26.943,38.0,1024.0,P09Z,,,Alexei Popyrin,R,196.0,AUS,23.852,90.0,662.0,6-3 6-2,3,R16,60.0,5.0,1.0,46.0,25.0,20.0,16.0,9.0,0.0,0.0,5.0,0.0,41.0,20.0,16.0,9.0,8.0,0.0,3.0
2023-440,'s-Hertogenbosch,Grass,32,250,O,20230612,17,H0BH,,LL,Rinky Hijikata,R,178.0,AUS,22.297,133.0,449.0,HH06,,,Marc-Andrea Huesler,L,196.0,SUI,26.965,82.0,704.0,2-6 7-5 6-3,3,R16,122.0,2.0,4.0,81.0,49.0,40.0,19.0,15.0,2.0,4.0,12.0,5.0,94.0,52.0,36.0,25.0,14.0,8.0,10.0
2023-440,'s-Hertogenbosch,Grass,32,250,O,20230612,18,MK66,,,Mackenzie McDonald,R,178.0,USA,28.156,68.0,765.0,CG80,3.0,,Borna Coric,R,188.0,CRO,26.574,15.0,2430.0,6-4 6-4,3,R16,86.0,4.0,0.0,55.0,33.0,27.0,14.0,10.0,1.0,1.0,5.0,7.0,63.0,36.0,27.0,10.0,10.0,4.0,6.0
2023-440,'s-Hertogenbosch,Grass,32,250,O,20230612,19,TC61,,,Jordan Thompson,R,183.0,AUS,29.144,103.0,593.0,R975,,PR,Milos Raonic,R,196.0,CAN,32.457,,,7-6(4) 6-1,3,R16,92.0,5.0,0.0,60.0,41.0,35.0,13.0,10.0,2.0,2.0,9.0,8.0,69.0,44.0,30.0,12.0,9.0,2.0,4.0
2023-440,'s-Hertogenbosch,Grass,32,250,O,20230612,20,ME82,,,Adrian Mannarino,L,180.0,FRA,34.951,52.0,847.0,MM58,1.0,,Daniil Medvedev,R,198.0,RUS,27.332,3.0,6100.0,4-6 6-4 6-2,3,R16,119.0,1.0,1.0,78.0,42.0,26.0,26.0,14.0,4.0,7.0,8.0,5.0,77.0,45.0,32.0,15.0,14.0,1.0,6.0
2023-440,'s-Hertogenbosch,Grass,32,250,O,20230612,21,RH24,,,Emil Ruusuvuori,R,188.0,FIN,24.194,42.0,956.0,S0AG,2.0,,Jannik Sinner,R,191.0,ITA,21.821,9.0,3300.0,6-3 6-4,3,QF,80.0,2.0,3.0,52.0,29.0,29.0,11.0,10.0,0.0,0.0,3.0,1.0,57.0,38.0,24.0,10.0,9.0,2.0,4.0
2023-440,'s-Hertogenbosch,Grass,32,250,O,20230612,22,GJ37,6.0,,Tallon Griekspoor,R,188.0,NED,26.943,38.0,1024.0,DH58,4.0,,Alex de Minaur,R,183.0,AUS,24.315,18.0,1905.0,4-6 6-3 6-4,3,QF,110.0,14.0,4.0,99.0,67.0,53.0,14.0,15.0,13.0,14.0,8.0,1.0,69.0,40.0,33.0,19.0,14.0,1.0,3.0
2023-440,'s-Hertogenbosch,Grass,32,250,O,20230612,23,H0BH,,LL,Rinky Hijikata,R,178.0,AUS,22.297,133.0,449.0,MK66,,,Mackenzie McDonald,R,178.0,USA,28.156,68.0,765.0,5-7 6-3 6-1,3,QF,134.0,5.0,2.0,91.0,54.0,40.0,18.0,14.0,7.0,9.0,8.0,4.0,86.0,52.0,29.0,18.0,14.0,4.0,9.0
2023-440,'s-Hertogenbosch,Grass,32,250,O,20230612,24,TC61,,,Jordan Thompson,R,183.0,AUS,29.144,103.0,593.0,ME82,,,Adrian Mannarino,L,180.0,FRA,34.951,52.0,847.0,5-7 7-6(2) 6-2,3,QF,152.0,12.0,1.0,85.0,48.0,37.0,28.0,16.0,0.0,2.0,4.0,6.0,108.0,64.0,43.0,24.0,16.0,6.0,9.0
2023-440,'s-Hertogenbosch,Grass,32,250,O,20230612,25,GJ37,6.0,,Tallon Griekspoor,R,188.0,NED,26.943,38.0,1024.0,RH24,,,Emil Ruusuvuori,R,188.0,FIN,24.194,42.0,956.0,6-4 7-5,3,SF,88.0,9.0,2.0,64.0,38.0,33.0,15.0,11.0,4.0,4.0,12.0,2.0,60.0,35.0,29.0,14.0,11.0,4.0,6.0
2023-440,'s-Hertogenbosch,Grass,32,250,O,20230612,26,TC61,,,Jordan Thompson,R,183.0,AUS,29.144,103.0,593.0,H0BH,,LL,Rinky Hijikata,R,178.0,AUS,22.297,133.0,449.0,7-6(5) 6-3,3,SF,116.0,4.0,0.0,68.0,39.0,31.0,21.0,11.0,1.0,1.0,3.0,1.0,76.0,44.0,30.0,20.0,10.0,1.0,2.0
2023-440,'s-Hertogenbosch,Grass,32,250,O,20230612,27,GJ37,6.0,,Tallon Griekspoor,R,188.0,NED,26.943,38.0,1024.0,TC61,,,Jordan Thompson,R,183.0,AUS,29.144,103.0,593.0,6-7(4) 7-6(3) 6-3,3,F,155.0,9.0,1.0,126.0,93.0,63.0,18.0,17.0,5.0,7.0,12.0,0.0,89.0,57.0,40.0,22.0,16.0,2.0,5.0
2023-321,Stuttgart,Grass,32,250,O,20230612,1,KC56,,,Aslan Karatsev,R,185.0,RUS,29.769,48.0,878.0,MW02,,,Corentin Moutet,L,180.0,FRA,24.148,77.0,723.0,7-6(0) 6-7(8) 7-5,3,R32,189.0,8.0,13.0,139.0,80.0,59.0,31.0,18.0,12.0,14.0,14.0,10.0,131.0,80.0,55.0,28.0,18.0,7.0,10.0
2023-321,Stuttgart,Grass,32,250,O,20230612,2,F724,,Q,Marton Fucsovics,R,188.0,HUN,31.34,86.0,675.0,SU55,,,Denis Shapovalov,L,185.0,CAN,24.159,29.0,1290.0,3-6 6-3 6-4,3,R32,119.0,7.0,3.0,74.0,49.0,38.0,15.0,14.0,0.0,2.0,2.0,11.0,85.0,37.0,28.0,24.0,14.0,6.0,9.0
2023-321,Stuttgart,Grass,32,250,O,20230612,3,WB32,,,Yibing Wu,R,183.0,CHN,23.661,64.0,794.0,KE17,8.0,,Nick Kyrgios,R,193.0,AUS,28.126,25.0,1375.0,7-5 6-3,3,R32,68.0,5.0,2.0,68.0,43.0,33.0,16.0,11.0,2.0,2.0,15.0,5.0,58.0,40.0,30.0,7.0,10.0,1.0,3.0
2023-321,Stuttgart,Grass,32,250,O,20230612,4,L0BV,,,Jiri Lehecka,R,185.0,CZE,21.591,37.0,1038.0,GC88,,,Marcos Giron,R,180.0,USA,29.884,57.0,820.0,4-6 6-3 6-4,3,R32,104.0,12.0,6.0,79.0,46.0,43.0,16.0,15.0,3.0,5.0,10.0,7.0,91.0,48.0,39.0,19.0,14.0,8.0,11.0
2023-321,Stuttgart,Grass,32,250,O,20230612,5,BK24,,,Gregoire Barrere,R,183.0,FRA,29.317,58.0,815.0,O449,,WC,Oscar Otte,R,193.0,GER,29.906,141.0,431.0,6-4 6-3,3,R32,74.0,5.0,4.0,57.0,33.0,27.0,14.0,9.0,5.0,5.0,7.0,8.0,65.0,32.0,24.0,14.0,10.0,4.0,7.0
2023-321,Stuttgart,Grass,32,250,O,20230612,6,M0EJ,6.0,,Lorenzo Musetti,R,185.0,ITA,21.276,17.0,2095.0,GH92,,Q,Borna Gojo,R,196.0,CRO,25.287,111.0,551.0,7-6(4) 6-3,3,R32,89.0,7.0,9.0,76.0,40.0,35.0,20.0,11.0,5.0,5.0,9.0,1.0,58.0,37.0,31.0,12.0,10.0,1.0,2.0
2023-321,Stuttgart,Grass,32,250,O,20230612,7,SU87,,,Lorenzo Sonego,R,191.0,ITA,28.088,41.0,970.0,BK40,7.0,,Matteo Berrettini,R,196.0,ITA,27.165,21.0,1582.0,6-1 6-2,3,R32,71.0,3.0,1.0,52.0,41.0,31.0,5.0,8.0,6.0,6.0,5.0,1.0,42.0,24.0,14.0,6.0,7.0,2.0,6.0
2023-321,Stuttgart,Grass,32,250,O,20230612,8,O483,,,Christopher O'Connell,R,183.0,AUS,29.024,74.0,731.0,AE14,,,Daniel Altmaier,R,188.0,GER,24.747,59.0,813.0,6-3 6-1,3,R32,56.0,4.0,0.0,39.0,23.0,21.0,11.0,8.0,0.0,0.0,6.0,2.0,43.0,30.0,15.0,6.0,8.0,0.0,4.0
2023-321,Stuttgart,Grass,32,250,O,20230612,9,WB08,,Q,Yosuke Watanuki,R,180.0,JPN,25.166,121.0,515.0,L397,,WC,Feliciano Lopez,L,188.0,ESP,41.725,580.0,55.0,7-6(5) 6-3,3,R32,91.0,17.0,3.0,71.0,46.0,39.0,13.0,11.0,1.0,1.0,12.0,6.0,71.0,35.0,22.0,23.0,10.0,3.0,4.0
2023-321,Stuttgart,Grass,32,250,O,20230612,10,PL56,5.0,,Tommy Paul,R,185.0,USA,26.07,16.0,2205.0,BM95,,,Benjamin Bonzi,R,183.0,FRA,27.006,76.0,728.0,6-3 6-4,3,R32,64.0,5.0,2.0,44.0,27.0,26.0,14.0,10.0,0.0,0.0,4.0,3.0,68.0,37.0,25.0,16.0,9.0,7.0,9.0
2023-321,Stuttgart,Grass,32,250,O,20230612,11,SL28,,,Jan-Lennard Struff,R,193.0,GER,33.131,24.0,1437.0,Z371,,,Zhizhen Zhang,R,193.0,CHN,26.653,56.0,836.0,6-1 6-4,3,R32,57.0,7.0,3.0,45.0,26.0,21.0,12.0,9.0,0.0,1.0,4.0,2.0,53.0,29.0,18.0,9.0,8.0,2.0,6.0
2023-321,Stuttgart,Grass,32,250,O,20230612,12,G628,,,Richard Gasquet,R,183.0,FRA,36.983,55.0,840.0,E865,,Q,Christopher Eubanks,R,201.0,USA,27.102,75.0,730.0,7-6(2) 6-4,3,R32,99.0,6.0,2.0,62.0,35.0,28.0,19.0,11.0,0.0,1.0,15.0,3.0,85.0,55.0,38.0,12.0,11.0,2.0,4.0
2023-321,Stuttgart,Grass,32,250,O,20230612,13,FB98,2.0,,Taylor Fritz,R,196.0,USA,25.621,8.0,3515.0,KC56,,,Aslan Karatsev,R,185.0,RUS,29.769,48.0,878.0,7-6(4) 6-3,3,R16,83.0,14.0,7.0,79.0,48.0,41.0,15.0,11.0,2.0,2.0,10.0,4.0,61.0,35.0,29.0,15.0,10.0,1.0,2.0
2023-321,Stuttgart,Grass,32,250,O,20230612,14,F724,,Q,Marton Fucsovics,R,188.0,HUN,31.34,86.0,675.0,WB32,,,Yibing Wu,R,183.0,CHN,23.661,64.0,794.0,6-4 4-6 6-4,3,R16,126.0,6.0,4.0,83.0,45.0,36.0,18.0,15.0,2.0,5.0,3.0,1.0,86.0,62.0,39.0,15.0,15.0,4.0,8.0
2023-321,Stuttgart,Grass,32,250,O,20230612,15,TD51,3.0,,Frances Tiafoe,R,188.0,USA,25.391,12.0,2835.0,L0BV,,,Jiri Lehecka,R,185.0,CZE,21.591,37.0,1038.0,7-6(2) 6-4,3,R16,77.0,9.0,5.0,71.0,44.0,37.0,17.0,11.0,3.0,3.0,8.0,2.0,59.0,41.0,35.0,8.0,11.0,0.0,1.0
2023-321,Stuttgart,Grass,32,250,O,20230612,16,M0EJ,6.0,,Lorenzo Musetti,R,185.0,ITA,21.276,17.0,2095.0,BK24,,,Gregoire Barrere,R,183.0,FRA,29.317,58.0,815.0,6-3 6-3,3,R16,96.0,8.0,2.0,71.0,39.0,32.0,17.0,9.0,7.0,7.0,4.0,2.0,64.0,34.0,22.0,14.0,9.0,2.0,5.0
2023-321,Stuttgart,Grass,32,250,O,20230612,17,O483,,,Christopher O'Connell,R,183.0,AUS,29.024,74.0,731.0,SU87,,,Lorenzo Sonego,R,191.0,ITA,28.088,41.0,970.0,7-6(5) 6-3,3,R16,113.0,7.0,2.0,86.0,61.0,44.0,16.0,11.0,5.0,5.0,11.0,2.0,67.0,46.0,38.0,8.0,10.0,3.0,4.0
2023-321,Stuttgart,Grass,32,250,O,20230612,18,HB71,4.0,,Hubert Hurkacz,R,196.0,POL,26.33,14.0,2435.0,WB08,,Q,Yosuke Watanuki,R,180.0,JPN,25.166,121.0,515.0,4-6 7-6(5) 7-6(5),3,R16,143.0,21.0,5.0,111.0,68.0,56.0,26.0,17.0,2.0,3.0,27.0,8.0,118.0,62.0,53.0,33.0,17.0,5.0,5.0
2023-321,Stuttgart,Grass,32,250,O,20230612,19,SL28,,,Jan-Lennard Struff,R,193.0,GER,33.131,24.0,1437.0,PL56,5.0,,Tommy Paul,R,185.0,USA,26.07,16.0,2205.0,7-6(4) 7-6(5),3,R16,89.0,21.0,2.0,70.0,50.0,45.0,10.0,12.0,1.0,2.0,10.0,2.0,83.0,56.0,42.0,13.0,12.0,6.0,7.0
2023-321,Stuttgart,Grass,32,250,O,20230612,20,G628,,,Richard Gasquet,R,183.0,FRA,36.983,55.0,840.0,TE51,1.0,,Stefanos Tsitsipas,R,193.0,GRE,24.832,5.0,4920.0,7-6(8) 2-6 7-5,3,R16,137.0,5.0,6.0,97.0,54.0,44.0,22.0,16.0,2.0,5.0,19.0,4.0,112.0,70.0,53.0,22.0,16.0,8.0,10.0
2023-321,Stuttgart,Grass,32,250,O,20230612,21,F724,,Q,Marton Fucsovics,R,188.0,HUN,31.34,86.0,675.0,FB98,2.0,,Taylor Fritz,R,196.0,USA,25.621,8.0,3515.0,6-4 7-5,3,QF,100.0,4.0,6.0,74.0,43.0,36.0,15.0,11.0,1.0,1.0,8.0,3.0,79.0,50.0,36.0,13.0,11.0,6.0,8.0
2023-321,Stuttgart,Grass,32,250,O,20230612,22,TD51,3.0,,Frances Tiafoe,R,188.0,USA,25.391,12.0,2835.0,M0EJ,6.0,,Lorenzo Musetti,R,185.0,ITA,21.276,17.0,2095.0,6-7(6) 7-6(4) 6-2,3,QF,161.0,10.0,4.0,110.0,64.0,50.0,21.0,16.0,3.0,6.0,17.0,7.0,117.0,68.0,53.0,18.0,16.0,4.0,9.0
2023-321,Stuttgart,Grass,32,250,O,20230612,23,HB71,4.0,,Hubert Hurkacz,R,196.0,POL,26.33,14.0,2435.0,O483,,,Christopher O'Connell,R,183.0,AUS,29.024,74.0,731.0,6-4 6-4,3,QF,86.0,16.0,0.0,53.0,34.0,31.0,10.0,10.0,0.0,0.0,5.0,1.0,73.0,39.0,29.0,15.0,10.0,6.0,8.0
2023-321,Stuttgart,Grass,32,250,O,20230612,24,SL28,,,Jan-Lennard Struff,R,193.0,GER,33.131,24.0,1437.0,G628,,,Richard Gasquet,R,183.0,FRA,36.983,55.0,840.0,6-4 7-5,3,QF,74.0,18.0,2.0,59.0,35.0,32.0,14.0,11.0,1.0,1.0,7.0,4.0,64.0,35.0,24.0,19.0,11.0,3.0,5.0
2023-321,Stuttgart,Grass,32,250,O,20230612,25,TD51,3.0,,Frances Tiafoe,R,188.0,USA,25.391,12.0,2835.0,F724,,Q,Marton Fucsovics,R,188.0,HUN,31.34,86.0,675.0,6-3 7-6(11),3,SF,95.0,3.0,4.0,77.0,41.0,36.0,19.0,11.0,0.0,0.0,14.0,2.0,68.0,39.0,30.0,18.0,10.0,1.0,2.0
2023-321,Stuttgart,Grass,32,250,O,20230612,26,SL28,,,Jan-Lennard Struff,R,193.0,GER,33.131,24.0,1437.0,HB71,4.0,,Hubert Hurkacz,R,196.0,POL,26.33,14.0,2435.0,3-6 6-3 6-3,3,SF,86.0,11.0,4.0,66.0,44.0,36.0,14.0,13.0,1.0,2.0,21.0,0.0,81.0,60.0,45.0,9.0,14.0,2.0,5.0
2023-321,Stuttgart,Grass,32,250,O,20230612,27,TD51,3.0,,Frances Tiafoe,R,188.0,USA,25.391,12.0,2835.0,SL28,,,Jan-Lennard Struff,R,193.0,GER,33.131,24.0,1437.0,4-6 7-6(1) 7-6(8),3,F,129.0,13.0,2.0,98.0,59.0,49.0,28.0,17.0,0.0,1.0,28.0,8.0,117.0,72.0,57.0,24.0,17.0,3.0,3.0
2023-500,Halle,Grass,32,500,O,20230619,1,TE51,2.0,,Stefanos Tsitsipas,R,193.0,GRE,24.851,5.0,4875.0,BK24,,,Gregoire Barrere,R,183.0,FRA,29.336,58.0,817.0,6-7(6) 6-4 7-6(3),3,R32,142.0,16.0,3.0,98.0,63.0,52.0,23.0,17.0,4.0,5.0,4.0,3.0,124.0,81.0,54.0,27.0,17.0,10.0,12.0
2023-500,Halle,Grass,32,500,O,20230619,2,J551,,,Nicolas Jarry,R,201.0,CHI,27.688,28.0,1276.0,MW02,,,Corentin Moutet,L,180.0,FRA,24.167,79.0,723.0,6-3 7-5,3,R32,106.0,5.0,1.0,70.0,45.0,31.0,18.0,11.0,6.0,6.0,5.0,0.0,64.0,35.0,25.0,16.0,10.0,3.0,5.0
2023-500,Halle,Grass,32,500,O,20230619,3,SU55,,,Denis Shapovalov,L,185.0,CAN,24.178,27.0,1290.0,HG86,,PR,Lloyd Harris,R,193.0,RSA,26.313,291.0,177.0,7-6(1) 6-4,3,R32,94.0,7.0,5.0,63.0,34.0,29.0,22.0,11.0,4.0,4.0,11.0,3.0,78.0,50.0,40.0,10.0,11.0,4.0,5.0
2023-500,Halle,Grass,32,500,O,20230619,4,Z355,9.0,,Alexander Zverev,R,198.0,GER,26.163,22.0,1450.0,TB69,,WC,Dominic Thiem,R,185.0,AUT,29.791,89.0,666.0,6-3 6-4,3,R32,78.0,7.0,0.0,55.0,34.0,29.0,13.0,10.0,1.0,1.0,2.0,4.0,56.0,32.0,22.0,12.0,9.0,5.0,7.0
2023-500,Halle,Grass,32,500,O,20230619,5,S0AG,4.0,,Jannik Sinner,R,191.0,ITA,21.84,9.0,3300.0,G628,,,Richard Gasquet,R,183.0,FRA,37.002,49.0,875.0,6-3 5-7 6-2,3,R32,148.0,11.0,2.0,93.0,48.0,38.0,24.0,15.0,4.0,5.0,4.0,3.0,122.0,79.0,50.0,19.0,14.0,17.0,20.0
2023-500,Halle,Grass,32,500,O,20230619,6,SU87,,,Lorenzo Sonego,R,191.0,ITA,28.107,39.0,990.0,KC56,,LL,Aslan Karatsev,R,185.0,RUS,29.788,45.0,898.0,6-2 3-6 6-2,3,R32,114.0,15.0,2.0,69.0,51.0,38.0,10.0,12.0,5.0,7.0,3.0,6.0,83.0,51.0,37.0,9.0,13.0,4.0,9.0
2023-500,Halle,Grass,32,500,O,20230619,7,SL28,,,Jan-Lennard Struff,R,193.0,GER,33.15,21.0,1587.0,SX50,,Q,Roman Safiullin,R,185.0,RUS,25.864,99.0,611.0,6-1 7-6(4),3,R32,88.0,7.0,4.0,69.0,29.0,22.0,23.0,9.0,1.0,2.0,10.0,3.0,67.0,47.0,30.0,7.0,10.0,3.0,7.0
2023-500,Halle,Grass,32,500,O,20230619,8,BK92,,,Alexander Bublik,R,196.0,KAZ,26.004,48.0,877.0,CG80,7.0,,Borna Coric,R,188.0,CRO,26.593,14.0,2305.0,6-3 6-1,3,R32,68.0,15.0,3.0,52.0,37.0,27.0,11.0,8.0,4.0,4.0,1.0,1.0,46.0,26.0,18.0,5.0,8.0,6.0,10.0
2023-500,Halle,Grass,32,500,O,20230619,9,HB71,6.0,,Hubert Hurkacz,R,196.0,POL,26.349,17.0,2060.0,E865,,Q,Christopher Eubanks,R,201.0,USA,27.121,77.0,730.0,6-4 6-7(11) 6-3,3,R32,123.0,22.0,4.0,98.0,67.0,60.0,15.0,16.0,0.0,0.0,9.0,2.0,95.0,70.0,51.0,17.0,15.0,2.0,4.0
2023-500,Halle,Grass,32,500,O,20230619,10,GJ37,,,Tallon Griekspoor,R,188.0,NED,26.962,29.0,1209.0,CF59,,,Roberto Carballes Baena,R,183.0,ESP,30.24,52.0,850.0,6-2 7-5,3,R32,88.0,6.0,2.0,61.0,41.0,33.0,11.0,10.0,2.0,2.0,7.0,6.0,73.0,39.0,27.0,16.0,10.0,8.0,11.0
2023-500,Halle,Grass,32,500,O,20230619,11,H997,,WC,Yannick Hanfmann,R,193.0,GER,31.598,53.0,842.0,WB25,,Q,Louis Wessels,R,198.0,GER,24.81,347.0,139.0,6-4 3-6 6-3,3,R32,123.0,8.0,1.0,78.0,53.0,40.0,14.0,14.0,1.0,2.0,5.0,4.0,91.0,61.0,44.0,14.0,14.0,9.0,11.0
2023-500,Halle,Grass,32,500,O,20230619,12,RE44,3.0,,Andrey Rublev,R,188.0,RUS,25.662,7.0,4000.0,WB32,,,Yibing Wu,R,183.0,CHN,23.68,59.0,814.0,6-4 6-7(5) 6-2,3,R32,133.0,13.0,3.0,98.0,51.0,41.0,23.0,15.0,1.0,3.0,1.0,5.0,96.0,54.0,37.0,19.0,15.0,6.0,11.0
2023-500,Halle,Grass,32,500,O,20230619,13,BD06,8.0,,Roberto Bautista Agut,R,183.0,ESP,35.179,23.0,1450.0,VA08,,LL,Andrea Vavassori,R,193.0,ITA,28.123,128.0,472.0,6-3 6-4,3,R32,74.0,0.0,0.0,46.0,34.0,31.0,9.0,10.0,0.0,0.0,9.0,1.0,59.0,35.0,24.0,12.0,9.0,3.0,5.0
2023-500,Halle,Grass,32,500,O,20230619,14,N0AE,,,Brandon Nakashima,R,188.0,USA,21.875,54.0,842.0,Y268,,,Mikael Ymer,R,185.0,SWE,24.775,63.0,796.0,4-6 6-4 7-5,3,R32,154.0,12.0,3.0,103.0,66.0,48.0,17.0,16.0,5.0,8.0,4.0,6.0,101.0,53.0,37.0,23.0,16.0,7.0,11.0
2023-500,Halle,Grass,32,500,O,20230619,15,DB63,,,Laslo Djere,R,188.0,SRB,28.047,65.0,791.0,O449,,WC,Oscar Otte,R,193.0,GER,29.925,228.0,251.0,7-6(3) 6-3,3,R32,82.0,7.0,4.0,67.0,36.0,32.0,20.0,11.0,3.0,3.0,5.0,7.0,58.0,30.0,26.0,13.0,10.0,0.0,1.0
2023-500,Halle,Grass,32,500,O,20230619,16,MM58,1.0,,Daniil Medvedev,R,198.0,RUS,27.351,3.0,5845.0,GC88,,Q,Marcos Giron,R,180.0,USA,29.903,57.0,820.0,6-4 6-3,3,R32,71.0,9.0,1.0,65.0,49.0,33.0,10.0,9.0,3.0,3.0,7.0,1.0,47.0,29.0,23.0,8.0,10.0,1.0,4.0
2023-500,Halle,Grass,32,500,O,20230619,17,J551,,,Nicolas Jarry,R,201.0,CHI,27.688,28.0,1276.0,TE51,2.0,,Stefanos Tsitsipas,R,193.0,GRE,24.851,5.0,4875.0,7-6(7) 7-5,3,R16,111.0,6.0,3.0,76.0,60.0,51.0,9.0,12.0,5.0,5.0,10.0,1.0,85.0,54.0,42.0,16.0,12.0,6.0,7.0
2023-500,Halle,Grass,32,500,O,20230619,18,Z355,9.0,,Alexander Zverev,R,198.0,GER,26.163,22.0,1450.0,SU55,,,Denis Shapovalov,L,185.0,CAN,24.178,27.0,1290.0,6-2 6-4,3,R16,75.0,7.0,3.0,53.0,34.0,28.0,11.0,9.0,0.0,0.0,3.0,3.0,50.0,28.0,21.0,8.0,9.0,3.0,6.0
2023-500,Halle,Grass,32,500,O,20230619,19,S0AG,4.0,,Jannik Sinner,R,191.0,ITA,21.84,9.0,3300.0,SU87,,,Lorenzo Sonego,R,191.0,ITA,28.107,39.0,990.0,6-7(4) 6-4 6-4,3,R16,172.0,10.0,3.0,106.0,65.0,53.0,22.0,16.0,8.0,8.0,8.0,1.0,110.0,72.0,51.0,21.0,16.0,9.0,11.0
2023-500,Halle,Grass,32,500,O,20230619,20,BK92,,,Alexander Bublik,R,196.0,KAZ,26.004,48.0,877.0,SL28,,,Jan-Lennard Struff,R,193.0,GER,33.15,21.0,1587.0,6-3 6-7(4) 6-3,3,R16,134.0,23.0,10.0,101.0,56.0,47.0,22.0,16.0,4.0,6.0,14.0,8.0,113.0,68.0,50.0,15.0,14.0,10.0,14.0
2023-500,Halle,Grass,32,500,O,20230619,21,GJ37,,,Tallon Griekspoor,R,188.0,NED,26.962,29.0,1209.0,HB71,6.0,,Hubert Hurkacz,R,196.0,POL,26.349,17.0,2060.0,6-3 1-6 7-6(8),3,R16,112.0,13.0,3.0,97.0,63.0,47.0,19.0,14.0,2.0,4.0,12.0,1.0,96.0,63.0,44.0,19.0,14.0,2.0,3.0
2023-500,Halle,Grass,32,500,O,20230619,22,RE44,3.0,,Andrey Rublev,R,188.0,RUS,25.662,7.0,4000.0,H997,,WC,Yannick Hanfmann,R,193.0,GER,31.598,53.0,842.0,7-6(6) 6-3,3,R16,98.0,5.0,3.0,77.0,46.0,34.0,15.0,11.0,1.0,3.0,5.0,2.0,70.0,45.0,27.0,13.0,10.0,3.0,6.0
2023-500,Halle,Grass,32,500,O,20230619,23,BD06,8.0,,Roberto Bautista Agut,R,183.0,ESP,35.179,23.0,1450.0,N0AE,,,Brandon Nakashima,R,188.0,USA,21.875,54.0,842.0,7-5 7-6(2),3,R16,115.0,5.0,3.0,70.0,44.0,34.0,16.0,12.0,0.0,1.0,8.0,0.0,84.0,52.0,39.0,13.0,12.0,8.0,10.0
2023-500,Halle,Grass,32,500,O,20230619,24,MM58,1.0,,Daniil Medvedev,R,198.0,RUS,27.351,3.0,5845.0,DB63,,,Laslo Djere,R,188.0,SRB,28.047,65.0,791.0,6-3 6-7(5) 6-3,3,R16,130.0,7.0,7.0,101.0,67.0,53.0,16.0,16.0,5.0,7.0,9.0,2.0,96.0,58.0,44.0,12.0,14.0,7.0,11.0
2023-500,Halle,Grass,32,500,O,20230619,25,Z355,9.0,,Alexander Zverev,R,198.0,GER,26.163,22.0,1450.0,J551,,,Nicolas Jarry,R,201.0,CHI,27.688,28.0,1276.0,7-5 6-3,3,QF,117.0,12.0,5.0,87.0,58.0,43.0,13.0,11.0,4.0,4.0,6.0,1.0,60.0,40.0,28.0,11.0,10.0,4.0,6.0
2023-500,Halle,Grass,32,500,O,20230619,26,BK92,,,Alexander Bublik,R,196.0,KAZ,26.004,48.0,877.0,S0AG,4.0,,Jannik Sinner,R,191.0,ITA,21.84,9.0,3300.0,7-5 2-0 RET,3,QF,57.0,6.0,1.0,38.0,26.0,21.0,6.0,7.0,0.0,1.0,2.0,2.0,37.0,22.0,14.0,6.0,7.0,0.0,3.0
2023-500,Halle,Grass,32,500,O,20230619,27,RE44,3.0,,Andrey Rublev,R,188.0,RUS,25.662,7.0,4000.0,GJ37,,,Tallon Griekspoor,R,188.0,NED,26.962,29.0,1209.0,3-6 6-3 6-4,3,QF,99.0,13.0,1.0,75.0,54.0,42.0,10.0,14.0,3.0,6.0,16.0,2.0,92.0,62.0,46.0,10.0,14.0,6.0,10.0
2023-500,Halle,Grass,32,500,O,20230619,28,BD06,8.0,,Roberto Bautista Agut,R,183.0,ESP,35.179,23.0,1450.0,MM58,1.0,,Daniil Medvedev,R,198.0,RUS,27.351,3.0,5845.0,7-5 7-6(3),3,QF,113.0,0.0,1.0,71.0,52.0,41.0,12.0,12.0,1.0,2.0,12.0,4.0,88.0,60.0,43.0,12.0,12.0,5.0,7.0
2023-500,Halle,Grass,32,500,O,20230619,29,BK92,,,Alexander Bublik,R,196.0,KAZ,26.004,48.0,877.0,Z355,9.0,,Alexander Zverev,R,198.0,GER,26.163,22.0,1450.0,6-3 7-5,3,SF,87.0,14.0,7.0,60.0,34.0,32.0,14.0,11.0,1.0,1.0,9.0,2.0,55.0,39.0,29.0,7.0,10.0,3.0,5.0
2023-500,Halle,Grass,32,500,O,20230619,30,RE44,3.0,,Andrey Rublev,R,188.0,RUS,25.662,7.0,4000.0,BD06,8.0,,Roberto Bautista Agut,R,183.0,ESP,35.179,23.0,1450.0,6-3 6-4,3,SF,101.0,12.0,1.0,71.0,41.0,33.0,12.0,9.0,5.0,6.0,3.0,0.0,69.0,41.0,26.0,12.0,10.0,8.0,12.0
2023-500,Halle,Grass,32,500,O,20230619,31,BK92,,,Alexander Bublik,R,196.0,KAZ,26.004,48.0,877.0,RE44,3.0,,Andrey Rublev,R,188.0,RUS,25.662,7.0,4000.0,6-3 3-6 6-3,3,F,94.0,21.0,12.0,78.0,45.0,41.0,16.0,14.0,3.0,4.0,11.0,2.0,77.0,52.0,40.0,11.0,13.0,4.0,6.0
2023-311,Queen's Club,Grass,32,500,O,20230619,1,R0DG,2.0,,Holger Rune,R,188.0,DEN,20.14,6.0,4375.0,C0BC,,,Maxime Cressy,R,201.0,USA,26.114,42.0,975.0,7-6(4) 7-6(3),3,R32,116.0,10.0,2.0,82.0,61.0,47.0,11.0,12.0,3.0,4.0,11.0,13.0,86.0,45.0,39.0,18.0,12.0,2.0,3.0
2023-311,Queen's Club,Grass,32,500,O,20230619,2,PH78,,WC,Ryan Peniston,L,180.0,GBR,27.606,265.0,207.0,HH26,,,Ugo Humbert,L,188.0,FRA,24.98,37.0,1042.0,6-4 6-2,3,R32,84.0,2.0,2.0,49.0,27.0,21.0,16.0,9.0,1.0,2.0,2.0,4.0,60.0,34.0,24.0,8.0,9.0,7.0,11.0
2023-311,Queen's Club,Grass,32,500,O,20230619,3,S0S1,,,Ben Shelton,L,193.0,USA,20.693,35.0,1069.0,W09G,,LL,J.J. Wolf,R,183.0,USA,24.493,47.0,889.0,7-6(4) 7-6(2),3,R32,121.0,14.0,6.0,76.0,48.0,41.0,15.0,12.0,6.0,8.0,4.0,5.0,90.0,46.0,31.0,24.0,12.0,6.0,8.0
2023-311,Queen's Club,Grass,32,500,O,20230619,4,M0EJ,6.0,,Lorenzo Musetti,R,185.0,ITA,21.295,16.0,2130.0,CH12,,WC,Jan Choinski,R,196.0,GBR,27.023,167.0,346.0,6-4 6-2,3,R32,75.0,7.0,3.0,48.0,25.0,20.0,15.0,9.0,0.0,1.0,3.0,0.0,53.0,36.0,21.0,8.0,9.0,1.0,5.0
2023-311,Queen's Club,Grass,32,500,O,20230619,5,FB98,3.0,,Taylor Fritz,R,196.0,USA,25.64,8.0,3515.0,Z419,,,Bernabe Zapata Miralles,R,183.0,ESP,26.431,50.0,856.0,6-4 7-5,3,R32,84.0,9.0,3.0,55.0,27.0,25.0,20.0,11.0,0.0,0.0,1.0,0.0,66.0,43.0,33.0,8.0,11.0,4.0,6.0
2023-311,Queen's Club,Grass,32,500,O,20230619,6,ME82,,,Adrian Mannarino,L,180.0,FRA,34.971,46.0,892.0,BI23,,WC,Liam Broady,L,183.0,GBR,29.454,143.0,408.0,1-6 6-4 6-3,3,R32,124.0,5.0,5.0,95.0,53.0,34.0,23.0,13.0,6.0,9.0,4.0,4.0,70.0,39.0,32.0,13.0,13.0,2.0,5.0
2023-311,Queen's Club,Grass,32,500,O,20230619,7,SM37,,,Diego Schwartzman,R,170.0,ARG,30.839,107.0,570.0,MK66,,Q,Mackenzie McDonald,R,178.0,USA,28.175,67.0,775.0,6-2 6-4,3,R32,75.0,0.0,2.0,50.0,34.0,27.0,9.0,9.0,0.0,0.0,7.0,1.0,54.0,36.0,26.0,7.0,9.0,3.0,6.0
2023-311,Queen's Club,Grass,32,500,O,20230619,8,DH58,7.0,,Alex de Minaur,R,183.0,AUS,24.334,18.0,1905.0,MC10,,,Andy Murray,R,191.0,GBR,36.096,38.0,1030.0,6-3 6-1,3,R32,85.0,1.0,1.0,60.0,42.0,27.0,12.0,8.0,3.0,3.0,2.0,1.0,52.0,28.0,19.0,7.0,8.0,4.0,8.0
2023-311,Queen's Club,Grass,32,500,O,20230619,9,N771,5.0,,Cameron Norrie,L,188.0,GBR,27.822,13.0,2565.0,KI95,,,Miomir Kecmanovic,R,183.0,SRB,23.8,40.0,985.0,6-4 7-6(5),3,R32,98.0,8.0,3.0,69.0,38.0,28.0,17.0,11.0,6.0,8.0,5.0,0.0,77.0,48.0,28.0,16.0,11.0,4.0,7.0
2023-311,Queen's Club,Grass,32,500,O,20230619,10,TC61,,SE,Jordan Thompson,R,183.0,AUS,29.164,76.0,732.0,P09Z,,LL,Alexei Popyrin,R,196.0,AUS,23.871,94.0,635.0,6-4 6-4,3,R32,90.0,3.0,2.0,54.0,37.0,28.0,9.0,10.0,3.0,5.0,3.0,0.0,63.0,40.0,25.0,10.0,10.0,7.0,11.0
2023-311,Queen's Club,Grass,32,500,O,20230619,11,K0AH,,,Sebastian Korda,R,196.0,USA,22.954,32.0,1175.0,E687,,,Daniel Evans,R,175.0,GBR,33.073,25.0,1331.0,6-4 7-5,3,R32,91.0,13.0,0.0,55.0,37.0,33.0,11.0,11.0,0.0,0.0,2.0,7.0,70.0,33.0,23.0,21.0,11.0,2.0,4.0
2023-311,Queen's Club,Grass,32,500,O,20230619,12,TD51,4.0,,Frances Tiafoe,R,188.0,USA,25.41,10.0,3085.0,V812,,,Botic van de Zandschulp,R,191.0,NED,27.707,41.0,975.0,6-2 6-4,3,R32,68.0,5.0,1.0,48.0,30.0,26.0,12.0,9.0,3.0,3.0,7.0,6.0,63.0,40.0,29.0,7.0,9.0,6.0,9.0
2023-311,Queen's Club,Grass,32,500,O,20230619,13,C0AU,8.0,,Francisco Cerundolo,R,185.0,ARG,24.849,19.0,1655.0,PL56,,Q,Tommy Paul,R,185.0,USA,26.089,15.0,2135.0,7-6(2) 4-6 6-4,3,R32,147.0,3.0,10.0,111.0,67.0,45.0,17.0,16.0,6.0,12.0,5.0,3.0,116.0,79.0,46.0,18.0,16.0,10.0,16.0
2023-311,Queen's Club,Grass,32,500,O,20230619,14,D875,,Q,Grigor Dimitrov,R,191.0,BUL,32.093,26.0,1320.0,RH24,,,Emil Ruusuvuori,R,188.0,FIN,24.214,44.0,936.0,6-2 6-4,3,R32,88.0,11.0,0.0,57.0,29.0,26.0,15.0,9.0,4.0,4.0,0.0,5.0,57.0,27.0,15.0,14.0,9.0,4.0,7.0
2023-311,Queen's Club,Grass,32,500,O,20230619,15,L0BV,,,Jiri Lehecka,R,185.0,CZE,21.61,36.0,1048.0,DH50,,,Alejandro Davidovich Fokina,R,180.0,ESP,24.038,33.0,1115.0,7-6(4) 6-3,3,R32,93.0,10.0,1.0,70.0,49.0,38.0,13.0,11.0,4.0,5.0,2.0,1.0,73.0,47.0,27.0,19.0,10.0,8.0,10.0
2023-311,Queen's Club,Grass,32,500,O,20230619,16,A0E2,1.0,,Carlos Alcaraz,R,183.0,ESP,20.123,2.0,7175.0,RC91,,LL,Arthur Rinderknech,R,196.0,FRA,27.907,83.0,681.0,4-6 7-5 7-6(3),3,R32,154.0,8.0,0.0,95.0,64.0,48.0,16.0,17.0,1.0,4.0,5.0,0.0,109.0,76.0,52.0,18.0,17.0,8.0,11.0
2023-311,Queen's Club,Grass,32,500,O,20230619,17,R0DG,2.0,,Holger Rune,R,188.0,DEN,20.14,6.0,4375.0,PH78,,WC,Ryan Peniston,L,180.0,GBR,27.606,265.0,207.0,6-3 6-4,3,R16,86.0,5.0,5.0,62.0,41.0,37.0,7.0,10.0,3.0,3.0,2.0,5.0,59.0,34.0,25.0,13.0,9.0,3.0,5.0
2023-311,Queen's Club,Grass,32,500,O,20230619,18,M0EJ,6.0,,Lorenzo Musetti,R,185.0,ITA,21.295,16.0,2130.0,S0S1,,,Ben Shelton,L,193.0,USA,20.693,35.0,1069.0,6-4 4-6 6-4,3,R16,131.0,4.0,2.0,85.0,53.0,41.0,20.0,15.0,1.0,2.0,11.0,4.0,93.0,57.0,45.0,17.0,15.0,8.0,10.0
2023-311,Queen's Club,Grass,32,500,O,20230619,19,ME82,,,Adrian Mannarino,L,180.0,FRA,34.971,46.0,892.0,FB98,3.0,,Taylor Fritz,R,196.0,USA,25.64,8.0,3515.0,6-4 7-6(7),3,R16,98.0,5.0,3.0,72.0,53.0,40.0,10.0,11.0,1.0,2.0,8.0,1.0,64.0,43.0,33.0,11.0,11.0,1.0,3.0
2023-311,Queen's Club,Grass,32,500,O,20230619,20,DH58,7.0,,Alex de Minaur,R,183.0,AUS,24.334,18.0,1905.0,SM37,,,Diego Schwartzman,R,170.0,ARG,30.839,107.0,570.0,6-2 6-2,3,R16,65.0,0.0,4.0,43.0,16.0,13.0,16.0,8.0,0.0,2.0,0.0,1.0,43.0,29.0,8.0,7.0,8.0,3.0,9.0
2023-311,Queen's Club,Grass,32,500,O,20230619,21,N771,5.0,,Cameron Norrie,L,188.0,GBR,27.822,13.0,2565.0,TC61,,SE,Jordan Thompson,R,183.0,AUS,29.164,76.0,732.0,4-6 6-3 6-2,3,R16,117.0,5.0,1.0,88.0,63.0,46.0,15.0,14.0,8.0,9.0,12.0,0.0,75.0,51.0,35.0,12.0,13.0,3.0,6.0
2023-311,Queen's Club,Grass,32,500,O,20230619,22,K0AH,,,Sebastian Korda,R,196.0,USA,22.954,32.0,1175.0,TD51,4.0,,Frances Tiafoe,R,188.0,USA,25.41,10.0,3085.0,7-6(2) 6-3,3,R16,80.0,15.0,5.0,71.0,39.0,35.0,14.0,11.0,1.0,2.0,6.0,3.0,61.0,36.0,24.0,14.0,10.0,1.0,3.0
2023-311,Queen's Club,Grass,32,500,O,20230619,23,D875,,Q,Grigor Dimitrov,R,191.0,BUL,32.093,26.0,1320.0,C0AU,8.0,,Francisco Cerundolo,R,185.0,ARG,24.849,19.0,1655.0,6-3 7-5,3,R16,87.0,9.0,2.0,67.0,44.0,35.0,10.0,11.0,1.0,2.0,1.0,3.0,61.0,40.0,27.0,9.0,10.0,6.0,9.0
2023-311,Queen's Club,Grass,32,500,O,20230619,24,A0E2,1.0,,Carlos Alcaraz,R,183.0,ESP,20.123,2.0,7175.0,L0BV,,,Jiri Lehecka,R,185.0,CZE,21.61,36.0,1048.0,6-2 6-3,3,R16,85.0,3.0,3.0,66.0,42.0,35.0,9.0,9.0,3.0,3.0,5.0,1.0,60.0,36.0,18.0,13.0,8.0,6.0,9.0
2023-311,Queen's Club,Grass,32,500,O,20230619,25,R0DG,2.0,,Holger Rune,R,188.0,DEN,20.14,6.0,4375.0,M0EJ,6.0,,Lorenzo Musetti,R,185.0,ITA,21.295,16.0,2130.0,6-4 7-5,3,QF,114.0,6.0,3.0,81.0,53.0,37.0,15.0,11.0,3.0,4.0,3.0,3.0,70.0,52.0,35.0,5.0,11.0,2.0,5.0
2023-311,Queen's Club,Grass,32,500,O,20230619,26,DH58,7.0,,Alex de Minaur,R,183.0,AUS,24.334,18.0,1905.0,ME82,,,Adrian Mannarino,L,180.0,FRA,34.971,46.0,892.0,6-4 4-6 6-4,3,QF,143.0,4.0,1.0,91.0,47.0,33.0,26.0,15.0,1.0,4.0,2.0,2.0,93.0,58.0,37.0,19.0,15.0,6.0,10.0
2023-311,Queen's Club,Grass,32,500,O,20230619,27,K0AH,,,Sebastian Korda,R,196.0,USA,22.954,32.0,1175.0,N771,5.0,,Cameron Norrie,L,188.0,GBR,27.822,13.0,2565.0,6-4 7-6(1),3,QF,85.0,7.0,2.0,74.0,39.0,33.0,19.0,11.0,2.0,3.0,3.0,4.0,64.0,41.0,30.0,11.0,11.0,3.0,5.0
2023-311,Queen's Club,Grass,32,500,O,20230619,28,A0E2,1.0,,Carlos Alcaraz,R,183.0,ESP,20.123,2.0,7175.0,D875,,Q,Grigor Dimitrov,R,191.0,BUL,32.093,26.0,1320.0,6-4 6-4,3,QF,92.0,5.0,2.0,74.0,54.0,37.0,10.0,10.0,6.0,8.0,6.0,7.0,54.0,33.0,24.0,7.0,10.0,2.0,6.0
2023-311,Queen's Club,Grass,32,500,O,20230619,29,DH58,7.0,,Alex de Minaur,R,183.0,AUS,24.334,18.0,1905.0,R0DG,2.0,,Holger Rune,R,188.0,DEN,20.14,6.0,4375.0,6-3 7-6(2),3,SF,100.0,3.0,2.0,68.0,45.0,35.0,13.0,10.0,3.0,3.0,3.0,2.0,67.0,39.0,24.0,18.0,11.0,3.0,5.0
2023-311,Queen's Club,Grass,32,500,O,20230619,30,A0E2,1.0,,Carlos Alcaraz,R,183.0,ESP,20.123,2.0,7175.0,K0AH,,,Sebastian Korda,R,196.0,USA,22.954,32.0,1175.0,6-3 6-4,3,SF,81.0,2.0,3.0,57.0,37.0,31.0,9.0,10.0,4.0,5.0,9.0,6.0,60.0,39.0,26.0,8.0,9.0,6.0,9.0
2023-311,Queen's Club,Grass,32,500,O,20230619,31,A0E2,1.0,,Carlos Alcaraz,R,183.0,ESP,20.123,2.0,7175.0,DH58,7.0,,Alex de Minaur,R,183.0,AUS,24.334,18.0,1905.0,6-4 6-4,3,F,99.0,7.0,1.0,65.0,39.0,28.0,17.0,10.0,2.0,2.0,1.0,3.0,57.0,36.0,28.0,10.0,10.0,0.0,2.0
2023-8994,Mallorca,Grass,32,250,O,20230626,1,K09F,,LL,Pavel Kotov,R,191.0,RUS,24.602,116.0,540.0,TC01,,Q,Li Tu,R,183.0,AUS,27.08,247.0,230.0,7-6(4) 6-3,3,R32,100.0,3.0,4.0,70.0,36.0,33.0,18.0,11.0,2.0,2.0,8.0,2.0,60.0,33.0,29.0,14.0,10.0,0.0,1.0
2023-8994,Mallorca,Grass,32,250,O,20230626,2,SX50,,Q,Roman Safiullin,R,185.0,RUS,25.884,94.0,631.0,S0NV,,Q,Abdullah Shelbayh,L,180.0,JOR,19.608,240.0,238.0,6-1 6-4,3,R32,74.0,4.0,3.0,56.0,33.0,25.0,12.0,9.0,1.0,2.0,3.0,4.0,49.0,28.0,15.0,9.0,8.0,3.0,7.0
2023-8994,Mallorca,Grass,32,250,O,20230626,3,HG86,,Q,Lloyd Harris,R,193.0,RSA,26.333,298.0,177.0,Z419,7.0,,Bernabe Zapata Miralles,R,183.0,ESP,26.45,50.0,856.0,6-2 7-6(2),3,R32,80.0,12.0,1.0,56.0,37.0,33.0,12.0,10.0,1.0,1.0,0.0,2.0,66.0,39.0,25.0,15.0,10.0,5.0,7.0
2023-8994,Mallorca,Grass,32,250,O,20230626,4,E865,,,Christopher Eubanks,R,201.0,USA,27.14,77.0,738.0,M0QI,,LL,Alex Michelsen,R,193.0,USA,18.834,250.0,227.0,6-3 6-7(6) 7-5,3,R32,137.0,16.0,2.0,103.0,81.0,65.0,10.0,17.0,1.0,1.0,7.0,4.0,99.0,63.0,47.0,23.0,16.0,2.0,4.0
2023-8994,Mallorca,Grass,32,250,O,20230626,5,LB66,,,Constant Lestienne,R,180.0,FRA,31.091,73.0,751.0,KB95,,,Jason Kubler,R,178.0,AUS,30.103,74.0,742.0,6-4 4-6 6-4,3,R32,127.0,6.0,10.0,95.0,54.0,37.0,17.0,15.0,7.0,12.0,11.0,5.0,79.0,42.0,29.0,17.0,15.0,3.0,9.0
2023-8994,Mallorca,Grass,32,250,O,20230626,6,RC91,,LL,Arthur Rinderknech,R,196.0,FRA,27.926,85.0,681.0,R772,,,Albert Ramos-Vinolas,L,188.0,ESP,35.439,72.0,752.0,7-6(0) 7-6(3),3,R32,115.0,19.0,4.0,86.0,60.0,52.0,12.0,12.0,2.0,2.0,5.0,3.0,78.0,56.0,42.0,12.0,12.0,1.0,1.0
2023-8994,Mallorca,Grass,32,250,O,20230626,7,CF59,8.0,,Roberto Carballes Baena,R,183.0,ESP,30.259,53.0,850.0,I305,,,Ilya Ivashka,R,193.0,BLR,29.333,102.0,607.0,6-4 1-6 6-3,3,R32,127.0,2.0,1.0,72.0,52.0,34.0,11.0,13.0,2.0,5.0,4.0,5.0,85.0,41.0,31.0,21.0,13.0,7.0,10.0
2023-8994,Mallorca,Grass,32,250,O,20230626,8,MW02,,,Corentin Moutet,L,180.0,FRA,24.186,80.0,723.0,O483,,,Christopher O'Connell,R,183.0,AUS,29.062,70.0,766.0,7-5 6-4,3,R32,95.0,6.0,4.0,61.0,40.0,33.0,11.0,11.0,3.0,4.0,2.0,2.0,62.0,43.0,28.0,10.0,11.0,5.0,8.0
2023-8994,Mallorca,Grass,32,250,O,20230626,9,PC11,,PR,Guido Pella,L,183.0,ARG,33.109,334.0,150.0,GC88,,,Marcos Giron,R,180.0,USA,29.922,63.0,795.0,3-6 6-2 7-6(3),3,R32,140.0,7.0,6.0,107.0,76.0,48.0,16.0,15.0,9.0,13.0,1.0,4.0,83.0,47.0,37.0,14.0,14.0,3.0,7.0
2023-8994,Mallorca,Grass,32,250,O,20230626,10,TC61,,,Jordan Thompson,R,183.0,AUS,29.183,71.0,765.0,G628,6.0,,Richard Gasquet,R,183.0,FRA,37.021,49.0,875.0,6-3 6-4,3,R32,92.0,13.0,1.0,58.0,37.0,28.0,15.0,10.0,0.0,0.0,4.0,3.0,67.0,43.0,26.0,13.0,9.0,6.0,8.0
2023-8994,Mallorca,Grass,32,250,O,20230626,11,L397,,WC,Feliciano Lopez,L,188.0,ESP,41.763,634.0,45.0,PH71,,,Max Purcell,R,185.0,AUS,25.229,62.0,796.0,6-3 7-5,3,R32,80.0,11.0,4.0,57.0,31.0,28.0,16.0,11.0,4.0,5.0,9.0,0.0,64.0,34.0,23.0,15.0,10.0,3.0,6.0
2023-8994,Mallorca,Grass,32,250,O,20230626,12,H997,,,Yannick Hanfmann,R,193.0,GER,31.617,48.0,880.0,CG04,,,Pedro Cachin,R,185.0,ARG,28.205,67.0,772.0,6-2 6-1,3,R32,61.0,6.0,1.0,48.0,35.0,27.0,7.0,7.0,4.0,4.0,5.0,0.0,46.0,30.0,15.0,7.0,8.0,4.0,9.0
2023-8994,Mallorca,Grass,32,250,O,20230626,13,K09F,,LL,Pavel Kotov,R,191.0,RUS,24.602,116.0,540.0,DH50,2.0,,Alejandro Davidovich Fokina,R,180.0,ESP,24.057,34.0,1115.0,2-6 6-3 6-4,3,R16,128.0,8.0,7.0,88.0,56.0,42.0,11.0,14.0,7.0,10.0,5.0,3.0,83.0,57.0,37.0,16.0,13.0,7.0,10.0
2023-8994,Mallorca,Grass,32,250,O,20230626,14,HG86,,Q,Lloyd Harris,R,193.0,RSA,26.333,298.0,177.0,SX50,,Q,Roman Safiullin,R,185.0,RUS,25.884,94.0,631.0,7-6(5) 6-3,3,R16,75.0,25.0,2.0,67.0,47.0,39.0,13.0,11.0,4.0,4.0,6.0,1.0,53.0,38.0,31.0,11.0,10.0,0.0,1.0
2023-8994,Mallorca,Grass,32,250,O,20230626,15,E865,,,Christopher Eubanks,R,201.0,USA,27.14,77.0,738.0,S0S1,3.0,,Ben Shelton,L,193.0,USA,20.712,35.0,1094.0,6-7(4) 6-4 7-6(2),3,R16,163.0,10.0,3.0,108.0,78.0,62.0,17.0,17.0,3.0,3.0,18.0,14.0,115.0,66.0,53.0,24.0,17.0,6.0,7.0
2023-8994,Mallorca,Grass,32,250,O,20230626,16,RC91,,LL,Arthur Rinderknech,R,196.0,FRA,27.926,85.0,681.0,LB66,,,Constant Lestienne,R,180.0,FRA,31.091,73.0,751.0,6-3 6-2,3,R16,77.0,10.0,2.0,55.0,35.0,29.0,8.0,8.0,1.0,1.0,2.0,4.0,49.0,32.0,20.0,6.0,9.0,2.0,6.0
2023-8994,Mallorca,Grass,32,250,O,20230626,17,MW02,,,Corentin Moutet,L,180.0,FRA,24.186,80.0,723.0,CF59,8.0,,Roberto Carballes Baena,R,183.0,ESP,30.259,53.0,850.0,6-3 7-6(4),3,R16,109.0,3.0,7.0,74.0,48.0,41.0,11.0,11.0,2.0,2.0,2.0,2.0,66.0,46.0,33.0,10.0,10.0,5.0,6.0
2023-8994,Mallorca,Grass,32,250,O,20230626,18,ME82,4.0,,Adrian Mannarino,L,180.0,FRA,34.99,43.0,972.0,PC11,,PR,Guido Pella,L,183.0,ARG,33.109,334.0,150.0,3-6 7-6(5) 6-3,3,R16,151.0,9.0,9.0,95.0,53.0,38.0,17.0,14.0,11.0,16.0,6.0,4.0,104.0,75.0,45.0,12.0,16.0,8.0,14.0
2023-8994,Mallorca,Grass,32,250,O,20230626,19,L397,,WC,Feliciano Lopez,L,188.0,ESP,41.763,634.0,45.0,TC61,,,Jordan Thompson,R,183.0,AUS,29.183,71.0,765.0,7-6(6) 1-6 6-3,3,R16,126.0,11.0,3.0,88.0,59.0,46.0,14.0,14.0,3.0,5.0,6.0,2.0,96.0,57.0,42.0,23.0,14.0,9.0,10.0
2023-8994,Mallorca,Grass,32,250,O,20230626,20,H997,,,Yannick Hanfmann,R,193.0,GER,31.617,48.0,880.0,TE51,1.0,,Stefanos Tsitsipas,R,193.0,GRE,24.871,5.0,4670.0,6-4 3-6 6-2,3,R16,105.0,5.0,4.0,69.0,45.0,36.0,15.0,13.0,0.0,1.0,6.0,4.0,87.0,54.0,39.0,14.0,14.0,3.0,6.0
2023-8994,Mallorca,Grass,32,250,O,20230626,21,HG86,,Q,Lloyd Harris,R,193.0,RSA,26.333,298.0,177.0,K09F,,LL,Pavel Kotov,R,191.0,RUS,24.602,116.0,540.0,7-5 6-2,3,QF,97.0,11.0,1.0,52.0,33.0,26.0,15.0,10.0,0.0,0.0,3.0,2.0,73.0,48.0,30.0,13.0,10.0,3.0,6.0
2023-8994,Mallorca,Grass,32,250,O,20230626,22,E865,,,Christopher Eubanks,R,201.0,USA,27.14,77.0,738.0,RC91,,LL,Arthur Rinderknech,R,196.0,FRA,27.926,85.0,681.0,7-6(5) 7-6(4),3,QF,117.0,10.0,3.0,77.0,57.0,47.0,10.0,12.0,3.0,5.0,7.0,3.0,87.0,47.0,38.0,18.0,12.0,5.0,7.0
2023-8994,Mallorca,Grass,32,250,O,20230626,23,ME82,4.0,,Adrian Mannarino,L,180.0,FRA,34.99,43.0,972.0,MW02,,,Corentin Moutet,L,180.0,FRA,24.186,80.0,723.0,7-5 6-2,3,QF,107.0,1.0,1.0,59.0,39.0,29.0,15.0,10.0,5.0,6.0,1.0,2.0,79.0,52.0,31.0,12.0,10.0,5.0,9.0
2023-8994,Mallorca,Grass,32,250,O,20230626,24,H997,,,Yannick Hanfmann,R,193.0,GER,31.617,48.0,880.0,L397,,WC,Feliciano Lopez,L,188.0,ESP,41.763,634.0,45.0,6-2 6-4,3,QF,70.0,8.0,0.0,44.0,28.0,23.0,14.0,9.0,2.0,2.0,6.0,4.0,59.0,33.0,23.0,12.0,9.0,6.0,9.0
2023-8994,Mallorca,Grass,32,250,O,20230626,25,E865,,,Christopher Eubanks,R,201.0,USA,27.14,77.0,738.0,HG86,,Q,Lloyd Harris,R,193.0,RSA,26.333,298.0,177.0,4-6 6-3 7-6(9),3,SF,138.0,14.0,5.0,106.0,81.0,62.0,11.0,16.0,6.0,7.0,12.0,1.0,99.0,66.0,54.0,18.0,15.0,6.0,7.0
2023-8994,Mallorca,Grass,32,250,O,20230626,26,ME82,4.0,,Adrian Mannarino,L,180.0,FRA,34.99,43.0,972.0,H997,,,Yannick Hanfmann,R,193.0,GER,31.617,48.0,880.0,7-6(4) 6-4,3,SF,110.0,4.0,1.0,71.0,43.0,30.0,16.0,11.0,0.0,2.0,3.0,1.0,72.0,47.0,28.0,16.0,11.0,1.0,4.0
2023-8994,Mallorca,Grass,32,250,O,20230626,27,E865,,,Christopher Eubanks,R,201.0,USA,27.14,77.0,738.0,ME82,4.0,,Adrian Mannarino,L,180.0,FRA,34.99,43.0,972.0,6-1 6-4,3,F,62.0,11.0,0.0,48.0,35.0,31.0,6.0,9.0,0.0,0.0,4.0,0.0,41.0,22.0,15.0,10.0,8.0,0.0,3.0
2023-741,Eastbourne,Grass,32,250,O,20230626,1,B0BI,,,Sebastian Baez,R,170.0,ARG,22.491,44.0,945.0,BT72,,,Nuno Borges,R,185.0,POR,26.346,68.0,770.0,6-3 6-4,3,R32,67.0,2.0,0.0,55.0,47.0,37.0,5.0,10.0,0.0,0.0,3.0,1.0,49.0,36.0,26.0,8.0,9.0,4.0,6.0
2023-741,Eastbourne,Grass,32,250,O,20230626,2,V0DZ,,Q,Luca Van Assche,R,178.0,FRA,19.124,79.0,736.0,L0CF,,WC,George Loffhagen,R,188.0,GBR,22.185,367.0,130.0,2-6 7-6(5) 7-6(4),3,R32,176.0,1.0,4.0,111.0,64.0,35.0,24.0,16.0,6.0,14.0,5.0,11.0,119.0,65.0,42.0,23.0,16.0,5.0,11.0
2023-741,Eastbourne,Grass,32,250,O,20230626,3,W09G,,,J.J. Wolf,R,183.0,USA,24.512,46.0,889.0,EA24,6.0,,Tomas Martin Etcheverry,R,196.0,ARG,23.94,32.0,1201.0,6-2 6-4,3,R32,81.0,9.0,1.0,47.0,28.0,25.0,12.0,9.0,2.0,2.0,4.0,1.0,68.0,52.0,31.0,8.0,9.0,5.0,8.0
2023-741,Eastbourne,Grass,32,250,O,20230626,4,BK24,,,Gregoire Barrere,R,183.0,FRA,29.355,57.0,817.0,RH24,,,Emil Ruusuvuori,R,188.0,FIN,24.233,45.0,936.0,3-6 7-6(6) 7-6(4),3,R32,173.0,5.0,5.0,127.0,74.0,54.0,28.0,16.0,11.0,13.0,12.0,4.0,127.0,88.0,61.0,24.0,17.0,8.0,9.0
2023-741,Eastbourne,Grass,32,250,O,20230626,5,V832,,Q,Aleksandar Vukic,R,188.0,AUS,27.22,91.0,654.0,N0AE,,,Brandon Nakashima,R,188.0,USA,21.895,51.0,855.0,6-7(5) 7-6(3) 7-6(5),3,R32,162.0,17.0,2.0,124.0,75.0,59.0,31.0,18.0,3.0,4.0,11.0,3.0,116.0,72.0,57.0,23.0,18.0,0.0,1.0
2023-741,Eastbourne,Grass,32,250,O,20230626,6,KI95,8.0,,Miomir Kecmanovic,R,183.0,SRB,23.819,41.0,985.0,WB32,,,Yibing Wu,R,183.0,CHN,23.699,59.0,814.0,7-6(4) 7-6(5),3,R32,116.0,13.0,2.0,91.0,58.0,40.0,20.0,12.0,7.0,9.0,6.0,1.0,81.0,50.0,36.0,17.0,12.0,3.0,5.0
2023-741,Eastbourne,Grass,32,250,O,20230626,7,Z371,,,Zhizhen Zhang,R,193.0,CHN,26.691,54.0,836.0,SU87,7.0,,Lorenzo Sonego,R,191.0,ITA,28.126,40.0,1015.0,7-6(4) 6-3,3,R32,117.0,8.0,0.0,93.0,57.0,39.0,17.0,11.0,7.0,9.0,7.0,1.0,62.0,47.0,29.0,6.0,10.0,3.0,6.0
2023-741,Eastbourne,Grass,32,250,O,20230626,8,C0BC,,,Maxime Cressy,R,201.0,USA,26.133,55.0,835.0,GE33,,Q,Daniel Elahi Galan,R,191.0,COL,27.02,84.0,687.0,6-4 7-5,3,R32,93.0,7.0,5.0,59.0,40.0,32.0,10.0,11.0,2.0,3.0,5.0,1.0,73.0,46.0,31.0,13.0,11.0,4.0,7.0
2023-741,Eastbourne,Grass,32,250,O,20230626,9,HH06,,Q,Marc-Andrea Huesler,L,196.0,SUI,27.003,83.0,705.0,PH78,,WC,Ryan Peniston,L,180.0,GBR,27.625,267.0,207.0,6-3 6-2,3,R32,78.0,8.0,2.0,50.0,27.0,24.0,13.0,9.0,2.0,2.0,2.0,1.0,56.0,30.0,22.0,10.0,8.0,7.0,10.0
2023-741,Eastbourne,Grass,32,250,O,20230626,10,Y268,,,Mikael Ymer,R,185.0,SWE,24.794,61.0,796.0,V812,9.0,,Botic van de Zandschulp,R,191.0,NED,27.726,42.0,975.0,3-6 6-4 6-2,3,R32,132.0,1.0,10.0,94.0,54.0,41.0,16.0,14.0,5.0,8.0,8.0,3.0,91.0,62.0,37.0,16.0,13.0,5.0,9.0
2023-741,Eastbourne,Grass,32,250,O,20230626,11,BI23,,WC,Liam Broady,L,183.0,GBR,29.473,147.0,402.0,CH12,,LL,Jan Choinski,R,196.0,GBR,27.042,167.0,346.0,6-3 6-4,3,R32,92.0,8.0,4.0,64.0,37.0,31.0,12.0,10.0,1.0,2.0,3.0,2.0,62.0,43.0,27.0,9.0,9.0,4.0,7.0
2023-741,Eastbourne,Grass,32,250,O,20230626,12,MK66,,,Mackenzie McDonald,R,178.0,USA,28.194,64.0,785.0,CF01,,,Marco Cecchinato,R,185.0,ITA,30.735,88.0,673.0,6-3 6-3,3,R32,76.0,8.0,2.0,46.0,19.0,18.0,19.0,9.0,0.0,0.0,4.0,1.0,72.0,44.0,27.0,14.0,9.0,11.0,14.0
2023-741,Eastbourne,Grass,32,250,O,20230626,13,PL56,2.0,,Tommy Paul,R,185.0,USA,26.108,17.0,2110.0,B0BI,,,Sebastian Baez,R,170.0,ARG,22.491,44.0,945.0,6-1 7-6(7),3,R16,93.0,3.0,5.0,65.0,36.0,26.0,19.0,10.0,0.0,1.0,1.0,2.0,66.0,43.0,24.0,11.0,9.0,4.0,7.0
2023-741,Eastbourne,Grass,32,250,O,20230626,14,W09G,,,J.J. Wolf,R,183.0,USA,24.512,46.0,889.0,V0DZ,,Q,Luca Van Assche,R,178.0,FRA,19.124,79.0,736.0,6-2 6-7(5) 6-1,3,R16,148.0,13.0,5.0,82.0,47.0,36.0,21.0,13.0,2.0,3.0,7.0,5.0,118.0,61.0,47.0,18.0,14.0,8.0,14.0
2023-741,Eastbourne,Grass,32,250,O,20230626,15,BK24,,,Gregoire Barrere,R,183.0,FRA,29.355,57.0,817.0,J551,5.0,,Nicolas Jarry,R,201.0,CHI,27.707,28.0,1336.0,6-3 4-6 6-4,3,R16,125.0,4.0,2.0,85.0,56.0,40.0,15.0,15.0,4.0,7.0,8.0,6.0,85.0,52.0,36.0,14.0,14.0,5.0,9.0
2023-741,Eastbourne,Grass,32,250,O,20230626,16,KI95,8.0,,Miomir Kecmanovic,R,183.0,SRB,23.819,41.0,985.0,V832,,Q,Aleksandar Vukic,R,188.0,AUS,27.22,91.0,654.0,7-6(6) 6-4,3,R16,84.0,8.0,1.0,70.0,47.0,35.0,14.0,11.0,4.0,5.0,9.0,1.0,67.0,44.0,31.0,16.0,11.0,3.0,5.0
2023-741,Eastbourne,Grass,32,250,O,20230626,17,Z371,,,Zhizhen Zhang,R,193.0,CHN,26.691,54.0,836.0,C0BC,,,Maxime Cressy,R,201.0,USA,26.133,55.0,835.0,3-6 7-5 6-4,3,R16,142.0,7.0,8.0,107.0,71.0,47.0,19.0,15.0,10.0,13.0,7.0,7.0,89.0,63.0,44.0,14.0,16.0,7.0,11.0
2023-741,Eastbourne,Grass,32,250,O,20230626,18,C0AU,4.0,,Francisco Cerundolo,R,185.0,ARG,24.868,19.0,1655.0,HH06,,Q,Marc-Andrea Huesler,L,196.0,SUI,27.003,83.0,705.0,7-6(2) 7-6(5),3,R16,105.0,7.0,2.0,84.0,53.0,40.0,18.0,12.0,2.0,3.0,8.0,6.0,88.0,53.0,38.0,19.0,12.0,6.0,7.0
2023-741,Eastbourne,Grass,32,250,O,20230626,19,Y268,,,Mikael Ymer,R,185.0,SWE,24.794,61.0,796.0,BI23,,WC,Liam Broady,L,183.0,GBR,29.473,147.0,402.0,6-2 6-4,3,R16,80.0,3.0,1.0,53.0,41.0,30.0,7.0,9.0,3.0,4.0,1.0,3.0,55.0,29.0,17.0,12.0,9.0,7.0,11.0
2023-741,Eastbourne,Grass,32,250,O,20230626,20,MK66,,,Mackenzie McDonald,R,178.0,USA,28.194,64.0,785.0,FB98,1.0,,Taylor Fritz,R,196.0,USA,25.659,9.0,3310.0,7-6(3) 7-6(8),3,R16,141.0,6.0,0.0,90.0,47.0,36.0,23.0,12.0,6.0,8.0,12.0,2.0,92.0,51.0,40.0,18.0,12.0,12.0,14.0
2023-741,Eastbourne,Grass,32,250,O,20230626,21,PL56,2.0,,Tommy Paul,R,185.0,USA,26.108,17.0,2110.0,W09G,,,J.J. Wolf,R,183.0,USA,24.512,46.0,889.0,6-4 4-6 7-6(2),3,QF,137.0,18.0,3.0,106.0,66.0,48.0,21.0,16.0,3.0,6.0,3.0,3.0,100.0,55.0,34.0,31.0,16.0,6.0,9.0
2023-741,Eastbourne,Grass,32,250,O,20230626,22,BK24,,,Gregoire Barrere,R,183.0,FRA,29.355,57.0,817.0,KI95,8.0,,Miomir Kecmanovic,R,183.0,SRB,23.819,41.0,985.0,7-5 7-6(2),3,QF,105.0,4.0,3.0,88.0,57.0,41.0,11.0,12.0,4.0,8.0,7.0,5.0,85.0,56.0,37.0,10.0,12.0,7.0,12.0
2023-741,Eastbourne,Grass,32,250,O,20230626,23,C0AU,4.0,,Francisco Cerundolo,R,185.0,ARG,24.868,19.0,1655.0,Z371,,,Zhizhen Zhang,R,193.0,CHN,26.691,54.0,836.0,6-2 6-3,3,QF,68.0,3.0,2.0,49.0,33.0,28.0,7.0,9.0,1.0,2.0,2.0,0.0,41.0,30.0,17.0,4.0,8.0,0.0,4.0
2023-741,Eastbourne,Grass,32,250,O,20230626,24,MK66,,,Mackenzie McDonald,R,178.0,USA,28.194,64.0,785.0,Y268,,,Mikael Ymer,R,185.0,SWE,24.794,61.0,796.0,6-4 3-6 6-3,3,QF,139.0,3.0,3.0,98.0,63.0,45.0,14.0,14.0,8.0,11.0,6.0,5.0,102.0,76.0,46.0,14.0,14.0,10.0,14.0
2023-741,Eastbourne,Grass,32,250,O,20230626,25,PL56,2.0,,Tommy Paul,R,185.0,USA,26.108,17.0,2110.0,BK24,,,Gregoire Barrere,R,183.0,FRA,29.355,57.0,817.0,6-4 6-3,3,SF,72.0,3.0,4.0,64.0,35.0,28.0,14.0,10.0,2.0,3.0,2.0,2.0,58.0,36.0,23.0,10.0,9.0,5.0,8.0
2023-741,Eastbourne,Grass,32,250,O,20230626,26,C0AU,4.0,,Francisco Cerundolo,R,185.0,ARG,24.868,19.0,1655.0,MK66,,,Mackenzie McDonald,R,178.0,USA,28.194,64.0,785.0,2-6 7-5 6-2,3,SF,125.0,2.0,5.0,97.0,55.0,33.0,22.0,14.0,10.0,15.0,2.0,3.0,84.0,50.0,35.0,10.0,14.0,9.0,15.0
2023-741,Eastbourne,Grass,32,250,O,20230626,27,C0AU,4.0,,Francisco Cerundolo,R,185.0,ARG,24.868,19.0,1655.0,PL56,2.0,,Tommy Paul,R,185.0,USA,26.108,17.0,2110.0,6-4 1-6 6-4,3,F,114.0,2.0,2.0,87.0,64.0,43.0,8.0,14.0,5.0,9.0,5.0,4.0,76.0,48.0,34.0,14.0,13.0,3.0,6.0
2023-540,Wimbledon,Grass,128,G,O,20230703,1,A0E2,1.0,,Carlos Alcaraz,R,183.0,ESP,20.162,1.0,7675.0,CA12,,,Jeremy Chardy,R,188.0,FRA,36.386,542.0,65.0,6-0 6-2 7-5,5,R128,113.0,10.0,2.0,73.0,45.0,38.0,17.0,13.0,3.0,4.0,1.0,10.0,94.0,61.0,35.0,10.0,13.0,7.0,14.0
2023-540,Wimbledon,Grass,128,G,O,20230703,2,MP20,,,Alexandre Muller,R,183.0,FRA,26.415,84.0,711.0,RC91,,,Arthur Rinderknech,R,196.0,FRA,27.945,82.0,722.0,7-6(5) 1-6 6-3 6-4,5,R128,155.0,6.0,7.0,141.0,93.0,58.0,24.0,20.0,13.0,18.0,15.0,4.0,107.0,73.0,52.0,18.0,19.0,3.0,8.0
2023-540,Wimbledon,Grass,128,G,O,20230703,3,KB95,,,Jason Kubler,R,178.0,AUS,30.122,77.0,742.0,HH26,,,Ugo Humbert,L,188.0,FRA,25.018,39.0,1042.0,6-4 4-6 6-2 3-6 6-3,5,R128,222.0,11.0,5.0,157.0,104.0,69.0,26.0,23.0,10.0,14.0,24.0,5.0,135.0,77.0,59.0,24.0,23.0,4.0,10.0
2023-540,Wimbledon,Grass,128,G,O,20230703,4,J551,25.0,,Nicolas Jarry,R,201.0,CHI,27.726,28.0,1336.0,CF01,,,Marco Cecchinato,R,185.0,ITA,30.754,89.0,673.0,4-6 6-2 6-4 6-1,5,R128,142.0,14.0,1.0,85.0,60.0,52.0,13.0,17.0,0.0,1.0,8.0,8.0,134.0,85.0,53.0,22.0,18.0,11.0,17.0
2023-540,Wimbledon,Grass,128,G,O,20230703,5,Z355,19.0,,Alexander Zverev,R,198.0,GER,26.201,21.0,1630.0,BO10,,Q,Gijs Brouwer,L,191.0,NED,27.302,153.0,383.0,6-4 7-6(4) 7-6(5),5,R128,135.0,20.0,3.0,111.0,76.0,60.0,22.0,19.0,4.0,4.0,7.0,3.0,109.0,74.0,56.0,20.0,17.0,1.0,2.0
2023-540,Wimbledon,Grass,128,G,O,20230703,6,WB08,,LL,Yosuke Watanuki,R,180.0,JPN,25.224,116.0,547.0,HH06,,,Marc-Andrea Huesler,L,196.0,SUI,27.023,81.0,726.0,6-7(5) 5-7 7-6(5) 7-6(3) 6-3,5,R128,239.0,22.0,8.0,194.0,126.0,99.0,37.0,31.0,5.0,7.0,30.0,7.0,173.0,104.0,88.0,35.0,29.0,2.0,4.0
2023-540,Wimbledon,Grass,128,G,O,20230703,7,BK40,,,Matteo Berrettini,R,196.0,ITA,27.222,38.0,1082.0,SU87,,,Lorenzo Sonego,R,191.0,ITA,28.145,42.0,1015.0,6-7(5) 6-3 7-6(7) 6-3,5,R128,201.0,17.0,1.0,134.0,83.0,70.0,32.0,22.0,2.0,2.0,8.0,3.0,117.0,85.0,68.0,20.0,22.0,4.0,6.0
2023-540,Wimbledon,Grass,128,G,O,20230703,8,DH58,15.0,,Alex de Minaur,R,183.0,AUS,24.372,17.0,2115.0,CG33,,Q,Kimmer Coppejans,R,178.0,BEL,29.399,188.0,309.0,6-7(5) 6-3 6-3 7-6(2),5,R128,204.0,14.0,3.0,124.0,67.0,51.0,38.0,22.0,3.0,6.0,4.0,2.0,184.0,128.0,78.0,26.0,22.0,16.0,22.0
2023-540,Wimbledon,Grass,128,G,O,20230703,9,TD51,10.0,,Frances Tiafoe,R,188.0,USA,25.448,10.0,3085.0,WB32,,,Yibing Wu,R,183.0,CHN,23.718,62.0,814.0,7-6(4) 6-3 6-4,5,R128,150.0,14.0,4.0,117.0,73.0,48.0,24.0,17.0,7.0,11.0,9.0,1.0,108.0,69.0,45.0,13.0,15.0,5.0,11.0
2023-540,Wimbledon,Grass,128,G,O,20230703,10,S0LA,,Q,Dominic Stricker,L,183.0,SUI,20.879,117.0,535.0,P09Z,,,Alexei Popyrin,R,196.0,AUS,23.91,93.0,645.0,3-6 6-3 6-2 4-6 7-5,5,R128,189.0,17.0,6.0,144.0,86.0,68.0,30.0,24.0,10.0,14.0,25.0,5.0,158.0,90.0,68.0,27.0,24.0,9.0,15.0
2023-540,Wimbledon,Grass,128,G,O,20230703,11,I305,,,Ilya Ivashka,R,193.0,BLR,29.352,102.0,607.0,CE77,,,Federico Coria,R,180.0,ARG,31.316,104.0,592.0,4-6 6-4 6-3 6-0,5,R128,143.0,7.0,2.0,111.0,72.0,55.0,25.0,18.0,8.0,9.0,1.0,1.0,101.0,64.0,40.0,19.0,17.0,7.0,12.0
2023-540,Wimbledon,Grass,128,G,O,20230703,12,D875,21.0,,Grigor Dimitrov,R,191.0,BUL,32.131,24.0,1430.0,SY67,,Q,Sho Shimabukuro,R,180.0,JPN,25.925,162.0,357.0,6-1 6-2 6-1,5,R128,93.0,8.0,4.0,63.0,34.0,29.0,17.0,11.0,4.0,4.0,4.0,3.0,75.0,38.0,17.0,17.0,11.0,3.0,10.0
2023-540,Wimbledon,Grass,128,G,O,20230703,13,DH50,31.0,,Alejandro Davidovich Fokina,R,180.0,ESP,24.077,34.0,1115.0,F0F1,,WC,Arthur Fils,R,185.0,FRA,19.055,61.0,816.0,7-6(3) 6-1 6-2,5,R128,106.0,2.0,1.0,96.0,69.0,47.0,19.0,15.0,5.0,7.0,5.0,6.0,82.0,48.0,29.0,16.0,13.0,2.0,8.0
2023-540,Wimbledon,Grass,128,G,O,20230703,14,V812,,,Botic van de Zandschulp,R,191.0,NED,27.745,44.0,975.0,Z371,,,Zhizhen Zhang,R,193.0,CHN,26.71,52.0,874.0,2-6 7-6(3) 7-6(6) 3-6 6-2,5,R128,241.0,13.0,6.0,152.0,105.0,73.0,25.0,25.0,6.0,11.0,19.0,3.0,183.0,126.0,91.0,22.0,26.0,11.0,15.0
2023-540,Wimbledon,Grass,128,G,O,20230703,15,CF59,,,Roberto Carballes Baena,R,183.0,ESP,30.278,57.0,850.0,A0FC,,Q,Matteo Arnaldi,R,185.0,ITA,22.357,80.0,737.0,6-7(0) 6-3 6-4 6-4,5,R128,177.0,2.0,5.0,128.0,70.0,53.0,34.0,22.0,5.0,7.0,9.0,4.0,115.0,61.0,42.0,32.0,20.0,3.0,8.0
2023-540,Wimbledon,Grass,128,G,O,20230703,16,R0DG,6.0,,Holger Rune,R,188.0,DEN,20.178,6.0,4510.0,L0CF,,WC,George Loffhagen,R,188.0,GBR,22.204,371.0,130.0,7-6(4) 6-3 6-2,5,R128,129.0,7.0,2.0,86.0,57.0,46.0,20.0,16.0,5.0,5.0,9.0,6.0,103.0,66.0,50.0,14.0,14.0,8.0,11.0
2023-540,Wimbledon,Grass,128,G,O,20230703,17,MM58,3.0,,Daniil Medvedev,R,198.0,RUS,27.389,3.0,5890.0,F0DM,,WC,Arthur Fery,R,175.0,GBR,20.975,391.0,118.0,7-5 6-4 6-3,5,R128,132.0,7.0,3.0,87.0,56.0,44.0,15.0,15.0,2.0,4.0,2.0,0.0,101.0,62.0,37.0,19.0,16.0,6.0,12.0
2023-540,Wimbledon,Grass,128,G,O,20230703,18,ME82,,,Adrian Mannarino,L,180.0,FRA,35.009,35.0,1112.0,S0H2,,,Alexander Shevchenko,R,188.0,KAZ,22.59,97.0,623.0,6-3 6-3 6-2,5,R128,90.0,9.0,5.0,80.0,51.0,39.0,16.0,13.0,3.0,4.0,2.0,3.0,77.0,53.0,31.0,10.0,13.0,7.0,13.0
2023-540,Wimbledon,Grass,128,G,O,20230703,19,GC88,,,Marcos Giron,R,180.0,USA,29.941,65.0,795.0,DA31,,,Hugo Dellien,R,180.0,BOL,30.045,171.0,340.0,7-6(2) 6-4 6-4,5,R128,128.0,16.0,1.0,99.0,64.0,55.0,19.0,17.0,6.0,7.0,3.0,6.0,108.0,69.0,52.0,17.0,16.0,8.0,11.0
2023-540,Wimbledon,Grass,128,G,O,20230703,20,F724,,,Marton Fucsovics,R,188.0,HUN,31.398,67.0,777.0,GJ37,28.0,,Tallon Griekspoor,R,188.0,NED,27.001,31.0,1254.0,6-4 6-2 6-4,5,R128,116.0,8.0,7.0,93.0,50.0,36.0,25.0,14.0,2.0,3.0,3.0,2.0,81.0,44.0,30.0,16.0,14.0,5.0,10.0
2023-540,Wimbledon,Grass,128,G,O,20230703,21,C0AU,18.0,,Francisco Cerundolo,R,185.0,ARG,24.887,19.0,1860.0,BT72,,,Nuno Borges,R,185.0,POR,26.366,69.0,770.0,5-7 6-3 6-3 6-4,5,R128,172.0,11.0,8.0,123.0,76.0,60.0,22.0,20.0,6.0,8.0,5.0,9.0,169.0,106.0,70.0,26.0,20.0,17.0,22.0
2023-540,Wimbledon,Grass,128,G,O,20230703,22,L0BV,,,Jiri Lehecka,R,185.0,CZE,21.648,37.0,1083.0,O513,,WC,Sebastian Ofner,R,191.0,AUT,27.14,72.0,768.0,6-4 6-4 6-4,5,R128,99.0,4.0,2.0,89.0,70.0,50.0,15.0,15.0,2.0,2.0,7.0,7.0,101.0,64.0,46.0,18.0,15.0,7.0,10.0
2023-540,Wimbledon,Grass,128,G,O,20230703,23,R975,,,Milos Raonic,R,196.0,CAN,32.515,849.0,20.0,DB59,,Q,Dennis Novak,R,183.0,AUT,29.845,159.0,362.0,6-7(5) 6-4 7-6(5) 6-1,5,R128,158.0,28.0,2.0,125.0,88.0,77.0,20.0,22.0,2.0,2.0,4.0,4.0,123.0,70.0,52.0,31.0,21.0,5.0,8.0
2023-540,Wimbledon,Grass,128,G,O,20230703,24,PL56,16.0,,Tommy Paul,R,185.0,USA,26.127,15.0,2250.0,M0HU,,Q,Shintaro Mochizuki,R,175.0,JPN,20.085,212.0,276.0,7-5 6-3 6-1,5,R128,109.0,6.0,4.0,92.0,45.0,34.0,28.0,14.0,4.0,5.0,4.0,2.0,80.0,54.0,35.0,9.0,14.0,1.0,7.0
2023-540,Wimbledon,Grass,128,G,O,20230703,25,N771,12.0,,Cameron Norrie,L,188.0,GBR,27.86,13.0,2610.0,M0FH,,Q,Tomas Machac,R,183.0,CZE,22.719,108.0,573.0,6-3 4-6 6-1 6-4,5,R128,152.0,8.0,2.0,115.0,74.0,57.0,17.0,18.0,5.0,8.0,13.0,5.0,139.0,89.0,51.0,22.0,18.0,14.0,21.0
2023-540,Wimbledon,Grass,128,G,O,20230703,26,E865,,,Christopher Eubanks,R,201.0,USA,27.159,43.0,976.0,MJ08,,,Thiago Monteiro,L,183.0,BRA,29.09,95.0,626.0,4-6 7-5 7-5 6-3,5,R128,166.0,28.0,4.0,117.0,89.0,76.0,12.0,22.0,1.0,2.0,10.0,4.0,112.0,58.0,45.0,37.0,21.0,2.0,5.0
2023-540,Wimbledon,Grass,128,G,O,20230703,27,O483,,,Christopher O'Connell,R,183.0,AUS,29.081,73.0,766.0,M0JF,,Q,Hamad Medjedovic,R,188.0,SRB,19.959,156.0,371.0,7-5 6-4 4-6 6-4,5,R128,187.0,10.0,4.0,136.0,92.0,68.0,21.0,21.0,4.0,7.0,11.0,8.0,117.0,74.0,52.0,21.0,21.0,5.0,10.0
2023-540,Wimbledon,Grass,128,G,O,20230703,28,V708,,,Jiri Vesely,L,198.0,CZE,29.979,528.0,67.0,K0AH,22.0,,Sebastian Korda,R,196.0,USA,22.992,25.0,1355.0,7-6(7) 4-6 6-2 6-3,5,R128,179.0,23.0,11.0,146.0,99.0,75.0,25.0,20.0,10.0,11.0,19.0,3.0,114.0,75.0,57.0,23.0,20.0,1.0,4.0
2023-540,Wimbledon,Grass,128,G,O,20230703,29,S0S1,32.0,,Ben Shelton,L,193.0,USA,20.731,36.0,1094.0,DA81,,LL,Taro Daniel,R,191.0,JPN,30.428,106.0,584.0,6-4 6-3 3-6 4-6 6-3,5,R128,184.0,22.0,2.0,133.0,96.0,76.0,20.0,24.0,2.0,4.0,4.0,6.0,147.0,103.0,74.0,22.0,23.0,6.0,9.0
2023-540,Wimbledon,Grass,128,G,O,20230703,30,DB63,,,Laslo Djere,R,188.0,SRB,28.085,60.0,820.0,C0BC,,,Maxime Cressy,R,201.0,USA,26.152,58.0,845.0,6-7(5) 7-6(3) 7-6(8) 7-6(7),5,R128,217.0,15.0,5.0,158.0,106.0,83.0,37.0,26.0,5.0,7.0,23.0,21.0,166.0,92.0,80.0,39.0,26.0,6.0,8.0
2023-540,Wimbledon,Grass,128,G,O,20230703,31,MC10,,,Andy Murray,R,191.0,GBR,36.134,40.0,1030.0,PH78,,WC,Ryan Peniston,L,180.0,GBR,27.644,268.0,207.0,6-3 6-0 6-1,5,R128,121.0,5.0,0.0,73.0,46.0,35.0,16.0,11.0,2.0,2.0,2.0,4.0,71.0,37.0,23.0,11.0,11.0,6.0,13.0
2023-540,Wimbledon,Grass,128,G,O,20230703,32,TE51,5.0,,Stefanos Tsitsipas,R,193.0,GRE,24.89,5.0,4670.0,TB69,,,Dominic Thiem,R,185.0,AUT,29.829,91.0,666.0,3-6 7-6(1) 6-2 6-7(5) 7-6(8),5,R128,236.0,13.0,3.0,153.0,100.0,82.0,38.0,27.0,2.0,3.0,15.0,4.0,178.0,107.0,79.0,46.0,29.0,9.0,11.0
2023-540,Wimbledon,Grass,128,G,O,20230703,33,S0AG,8.0,,Jannik Sinner,R,191.0,ITA,21.878,8.0,3345.0,C0C8,,,Juan Manuel Cerundolo,L,183.0,ARG,21.629,111.0,560.0,6-2 6-2 6-2,5,R128,90.0,7.0,0.0,58.0,40.0,33.0,16.0,12.0,2.0,2.0,5.0,3.0,87.0,54.0,30.0,14.0,12.0,7.0,13.0
2023-540,Wimbledon,Grass,128,G,O,20230703,34,SM37,,,Diego Schwartzman,R,170.0,ARG,30.877,98.0,615.0,KI95,,,Miomir Kecmanovic,R,183.0,SRB,23.838,41.0,1020.0,6-0 6-3 6-4,5,R128,124.0,2.0,4.0,96.0,71.0,50.0,8.0,13.0,6.0,8.0,0.0,4.0,97.0,63.0,39.0,8.0,12.0,11.0,18.0
2023-540,Wimbledon,Grass,128,G,O,20230703,35,V832,,,Aleksandar Vukic,R,188.0,AUS,27.239,87.0,679.0,AE14,,,Daniel Altmaier,R,188.0,GER,24.805,66.0,778.0,6-3 7-6(1) 3-6 7-5,5,R128,156.0,11.0,3.0,115.0,75.0,59.0,21.0,21.0,2.0,5.0,6.0,2.0,129.0,79.0,55.0,26.0,22.0,5.0,10.0
2023-540,Wimbledon,Grass,128,G,O,20230703,36,HB64,,,Quentin Halys,R,191.0,FRA,26.683,79.0,741.0,E687,27.0,,Daniel Evans,R,175.0,GBR,33.112,30.0,1321.0,6-2 6-3 6-7(5) 6-4,5,R128,175.0,23.0,5.0,134.0,77.0,60.0,35.0,20.0,5.0,5.0,12.0,5.0,110.0,61.0,44.0,31.0,20.0,5.0,9.0
2023-540,Wimbledon,Grass,128,G,O,20230703,37,GE33,,,Daniel Elahi Galan,R,191.0,COL,27.039,85.0,693.0,N732,24.0,,Yoshihito Nishioka,L,170.0,JPN,27.765,27.0,1351.0,6-4 6-3 6-3,5,R128,109.0,11.0,4.0,87.0,52.0,41.0,17.0,14.0,6.0,8.0,3.0,4.0,77.0,54.0,34.0,8.0,14.0,0.0,6.0
2023-540,Wimbledon,Grass,128,G,O,20230703,38,O449,,Q,Oscar Otte,R,193.0,GER,29.963,233.0,251.0,KE73,,,Dominik Koepfer,L,180.0,GER,29.177,86.0,681.0,7-5 6-3 7-6(9),5,R128,128.0,21.0,11.0,114.0,69.0,58.0,18.0,17.0,3.0,5.0,3.0,3.0,106.0,62.0,45.0,23.0,17.0,3.0,7.0
2023-540,Wimbledon,Grass,128,G,O,20230703,39,Y268,,,Mikael Ymer,R,185.0,SWE,24.813,59.0,831.0,MV14,,,Alex Molcan,L,178.0,SVK,25.585,83.0,721.0,6-3 6-3 6-4,5,R128,104.0,5.0,1.0,75.0,54.0,44.0,13.0,14.0,0.0,0.0,2.0,6.0,98.0,65.0,43.0,14.0,14.0,10.0,14.0
2023-540,Wimbledon,Grass,128,G,O,20230703,40,FB98,9.0,,Taylor Fritz,R,196.0,USA,25.678,9.0,3310.0,H997,,,Yannick Hanfmann,R,193.0,GER,31.636,45.0,962.0,6-4 2-6 4-6 7-5 6-3,5,R128,181.0,15.0,3.0,144.0,101.0,72.0,25.0,25.0,9.0,13.0,10.0,4.0,135.0,94.0,66.0,26.0,24.0,3.0,7.0
2023-540,Wimbledon,Grass,128,G,O,20230703,41,PC11,,,Guido Pella,L,183.0,ARG,33.128,308.0,170.0,CG80,13.0,,Borna Coric,R,188.0,CRO,26.631,14.0,2305.0,6-3 7-5 4-6 3-6 6-1,5,R128,211.0,7.0,2.0,160.0,115.0,80.0,25.0,24.0,14.0,17.0,16.0,1.0,131.0,95.0,71.0,16.0,23.0,3.0,8.0
2023-540,Wimbledon,Grass,128,G,O,20230703,42,M0G4,,Q,Harold Mayot,R,180.0,FRA,21.407,181.0,321.0,BM95,,,Benjamin Bonzi,R,183.0,FRA,27.064,94.0,638.0,6-3 6-4 7-5,5,R128,118.0,15.0,1.0,100.0,68.0,53.0,18.0,16.0,7.0,8.0,5.0,3.0,89.0,55.0,39.0,17.0,15.0,2.0,6.0
2023-540,Wimbledon,Grass,128,G,O,20230703,43,MW02,,,Corentin Moutet,L,180.0,FRA,24.205,71.0,768.0,G628,,,Richard Gasquet,R,183.0,FRA,37.04,51.0,875.0,6-3 7-5 7-5,5,R128,146.0,12.0,3.0,103.0,69.0,46.0,20.0,17.0,8.0,11.0,1.0,4.0,111.0,76.0,47.0,14.0,16.0,8.0,14.0
2023-540,Wimbledon,Grass,128,G,O,20230703,44,SX50,,,Roman Safiullin,R,185.0,RUS,25.903,92.0,663.0,BD06,20.0,,Roberto Bautista Agut,R,183.0,ESP,35.217,23.0,1480.0,2-6 7-6(7) 6-7(4) 6-4 7-5,5,R128,243.0,17.0,9.0,170.0,110.0,81.0,33.0,27.0,5.0,9.0,6.0,3.0,184.0,125.0,87.0,31.0,29.0,9.0,13.0
2023-540,Wimbledon,Grass,128,G,O,20230703,45,SU55,26.0,,Denis Shapovalov,L,185.0,CAN,24.216,29.0,1335.0,A829,,Q,Radu Albot,R,175.0,MDA,33.64,107.0,580.0,5-7 6-4 6-2 6-2,5,R128,150.0,13.0,7.0,105.0,60.0,51.0,22.0,19.0,4.0,7.0,0.0,6.0,124.0,81.0,51.0,18.0,19.0,9.0,16.0
2023-540,Wimbledon,Grass,128,G,O,20230703,46,BK24,,,Gregoire Barrere,R,183.0,FRA,29.374,49.0,889.0,HG86,,,Lloyd Harris,R,193.0,RSA,26.352,208.0,279.0,7-5 6-7(4) 7-5 6-3,5,R128,190.0,11.0,0.0,155.0,95.0,66.0,38.0,22.0,8.0,10.0,20.0,5.0,161.0,109.0,70.0,28.0,24.0,7.0,13.0
2023-540,Wimbledon,Grass,128,G,O,20230703,47,BI23,,WC,Liam Broady,L,183.0,GBR,29.492,142.0,422.0,LB66,,,Constant Lestienne,R,180.0,FRA,31.11,74.0,761.0,6-1 6-3 7-5,5,R128,122.0,6.0,2.0,85.0,44.0,32.0,24.0,14.0,5.0,8.0,4.0,3.0,91.0,63.0,32.0,12.0,14.0,8.0,16.0
2023-540,Wimbledon,Grass,128,G,O,20230703,48,RH16,4.0,,Casper Ruud,R,183.0,NOR,24.528,4.0,4960.0,LC12,,Q,Laurent Lokoli,R,188.0,FRA,28.706,199.0,290.0,6-1 5-7 6-4 6-3,5,R128,168.0,6.0,7.0,107.0,66.0,52.0,25.0,19.0,6.0,8.0,6.0,11.0,120.0,78.0,52.0,18.0,19.0,5.0,11.0
2023-540,Wimbledon,Grass,128,G,O,20230703,49,RE44,7.0,,Andrey Rublev,R,188.0,RUS,25.7,7.0,4255.0,PH71,,,Max Purcell,R,185.0,AUS,25.248,64.0,796.0,6-3 7-5 6-4,5,R128,93.0,6.0,1.0,94.0,69.0,53.0,12.0,16.0,4.0,6.0,8.0,3.0,71.0,45.0,32.0,12.0,15.0,0.0,5.0
2023-540,Wimbledon,Grass,128,G,O,20230703,50,KC56,,,Aslan Karatsev,R,185.0,RUS,29.826,50.0,888.0,V0DZ,,,Luca Van Assche,R,178.0,FRA,19.143,75.0,758.0,6-7(4) 6-4 6-2 6-4,5,R128,200.0,11.0,8.0,135.0,74.0,55.0,34.0,20.0,8.0,10.0,6.0,6.0,148.0,88.0,53.0,35.0,21.0,14.0,20.0
2023-540,Wimbledon,Grass,128,G,O,20230703,51,BS86,,Q,Tomas Barrios Vera,R,191.0,CHI,25.561,133.0,456.0,B0BI,,,Sebastian Baez,R,170.0,ARG,22.511,46.0,955.0,7-6(7) 3-6 6-3 7-6(2),5,R128,212.0,7.0,1.0,134.0,97.0,70.0,23.0,22.0,6.0,8.0,3.0,7.0,159.0,117.0,80.0,21.0,22.0,8.0,10.0
2023-540,Wimbledon,Grass,128,G,O,20230703,52,GB88,,WC,David Goffin,R,180.0,BEL,32.569,123.0,503.0,M0CI,,LL,Fabian Marozsan,R,193.0,HUN,23.734,96.0,626.0,6-2 5-7 6-2 6-0,5,R128,115.0,6.0,4.0,85.0,52.0,44.0,24.0,17.0,1.0,2.0,6.0,8.0,97.0,61.0,39.0,15.0,17.0,6.0,13.0
2023-540,Wimbledon,Grass,128,G,O,20230703,53,BK92,23.0,,Alexander Bublik,R,196.0,KAZ,26.042,26.0,1354.0,MK66,,,Mackenzie McDonald,R,178.0,USA,28.214,54.0,855.0,6-7(3) 6-4 6-4 6-4,5,R128,169.0,24.0,11.0,124.0,78.0,70.0,19.0,21.0,3.0,4.0,6.0,8.0,141.0,88.0,61.0,27.0,22.0,7.0,11.0
2023-540,Wimbledon,Grass,128,G,O,20230703,54,W09G,,,J.J. Wolf,R,183.0,USA,24.531,48.0,924.0,CG94,,Q,Enzo Couacaud,R,183.0,FRA,28.339,158.0,363.0,7-5 6-3 7-6(4),5,R128,122.0,11.0,4.0,108.0,59.0,47.0,32.0,18.0,4.0,4.0,16.0,3.0,99.0,61.0,45.0,22.0,16.0,4.0,6.0
2023-540,Wimbledon,Grass,128,G,O,20230703,55,MN13,,Q,Maximilian Marterer,L,188.0,GER,28.049,170.0,342.0,GH92,,,Borna Gojo,R,196.0,CRO,25.344,112.0,557.0,7-5 6-7(8) 6-3 6-4,5,R128,166.0,17.0,6.0,136.0,83.0,73.0,28.0,23.0,6.0,7.0,14.0,11.0,144.0,85.0,63.0,31.0,21.0,9.0,13.0
2023-540,Wimbledon,Grass,128,G,O,20230703,56,MP01,,LL,Michael Mmoh,R,188.0,USA,25.476,119.0,527.0,AG37,11.0,,Felix Auger-Aliassime,R,193.0,CAN,22.899,12.0,2760.0,7-6(4) 6-7(4) 7-6(4) 6-4,5,R128,247.0,12.0,4.0,146.0,104.0,85.0,22.0,25.0,3.0,5.0,17.0,8.0,151.0,91.0,73.0,31.0,24.0,2.0,5.0
2023-540,Wimbledon,Grass,128,G,O,20230703,57,M0EJ,14.0,,Lorenzo Musetti,R,185.0,ITA,21.333,16.0,2210.0,V836,,,Juan Pablo Varillas,R,185.0,PER,27.74,63.0,806.0,6-3 6-1 7-5,5,R128,122.0,5.0,4.0,88.0,59.0,47.0,15.0,14.0,3.0,4.0,4.0,3.0,84.0,52.0,32.0,15.0,14.0,6.0,12.0
2023-540,Wimbledon,Grass,128,G,O,20230703,58,MU94,,,Jaume Munar,R,183.0,ESP,26.16,109.0,570.0,I186,,,John Isner,R,208.0,USA,38.185,103.0,595.0,4-6 6-3 6-4 6-4,5,R128,158.0,5.0,9.0,139.0,99.0,67.0,20.0,20.0,9.0,12.0,17.0,6.0,107.0,62.0,46.0,19.0,19.0,4.0,9.0
2023-540,Wimbledon,Grass,128,G,O,20230703,59,CH12,,WC,Jan Choinski,R,196.0,GBR,27.061,164.0,348.0,L987,,,Dusan Lajovic,R,183.0,SRB,33.008,56.0,854.0,5-7 7-6(4) 6-2 6-2,5,R128,155.0,8.0,2.0,128.0,88.0,57.0,24.0,20.0,6.0,11.0,7.0,5.0,123.0,80.0,50.0,21.0,21.0,5.0,13.0
2023-540,Wimbledon,Grass,128,G,O,20230703,60,HB71,17.0,,Hubert Hurkacz,R,196.0,POL,26.387,18.0,2060.0,R772,,,Albert Ramos-Vinolas,L,188.0,ESP,35.458,76.0,752.0,6-1 6-4 6-4,5,R128,100.0,15.0,1.0,80.0,54.0,45.0,15.0,14.0,4.0,4.0,2.0,3.0,80.0,60.0,38.0,8.0,13.0,3.0,7.0
2023-540,Wimbledon,Grass,128,G,O,20230703,61,EA24,29.0,,Tomas Martin Etcheverry,R,196.0,ARG,23.959,32.0,1201.0,Z419,,,Bernabe Zapata Miralles,R,183.0,ESP,26.47,53.0,856.0,6-7(5) 5-7 6-3 6-4 7-5,5,R128,277.0,10.0,3.0,205.0,140.0,100.0,31.0,28.0,17.0,21.0,1.0,5.0,167.0,124.0,83.0,24.0,28.0,9.0,15.0
2023-540,Wimbledon,Grass,128,G,O,20230703,62,W367,,,Stan Wawrinka,R,183.0,SUI,38.264,88.0,674.0,RH24,,,Emil Ruusuvuori,R,188.0,FIN,24.252,47.0,936.0,7-5 7-5 6-4,5,R128,138.0,6.0,3.0,109.0,71.0,53.0,19.0,17.0,9.0,11.0,3.0,3.0,106.0,62.0,43.0,22.0,17.0,7.0,12.0
2023-540,Wimbledon,Grass,128,G,O,20230703,63,TC61,,,Jordan Thompson,R,183.0,AUS,29.202,70.0,769.0,N0AE,,,Brandon Nakashima,R,188.0,USA,21.914,55.0,855.0,2-6 2-6 6-4 7-6(4) 6-3,5,R128,210.0,16.0,2.0,137.0,85.0,59.0,32.0,25.0,4.0,9.0,11.0,2.0,141.0,88.0,65.0,30.0,23.0,4.0,7.0
2023-540,Wimbledon,Grass,128,G,O,20230703,64,D643,2.0,,Novak Djokovic,R,188.0,SRB,36.115,2.0,7595.0,CG04,,,Pedro Cachin,R,185.0,ARG,28.225,68.0,772.0,6-3 6-3 7-6(4),5,R128,132.0,13.0,3.0,90.0,57.0,44.0,20.0,15.0,2.0,3.0,10.0,3.0,103.0,70.0,46.0,14.0,16.0,7.0,11.0
2023-540,Wimbledon,Grass,128,G,O,20230703,65,A0E2,1.0,,Carlos Alcaraz,R,183.0,ESP,20.162,1.0,7675.0,MP20,,,Alexandre Muller,R,183.0,FRA,26.415,84.0,711.0,6-4 7-6(2) 6-3,5,R64,153.0,5.0,3.0,109.0,70.0,53.0,23.0,16.0,6.0,6.0,5.0,1.0,120.0,82.0,45.0,27.0,16.0,12.0,14.0
2023-540,Wimbledon,Grass,128,G,O,20230703,66,J551,25.0,,Nicolas Jarry,R,201.0,CHI,27.726,28.0,1336.0,KB95,,,Jason Kubler,R,178.0,AUS,30.122,77.0,742.0,7-5 5-7 6-3 6-4,5,R64,202.0,30.0,2.0,137.0,92.0,72.0,25.0,22.0,8.0,9.0,15.0,11.0,140.0,77.0,60.0,29.0,21.0,8.0,11.0
2023-540,Wimbledon,Grass,128,G,O,20230703,67,Z355,19.0,,Alexander Zverev,R,198.0,GER,26.201,21.0,1630.0,WB08,,LL,Yosuke Watanuki,R,180.0,JPN,25.224,116.0,547.0,6-4 5-7 6-2 6-2,5,R64,146.0,13.0,4.0,100.0,68.0,57.0,19.0,19.0,4.0,5.0,17.0,6.0,115.0,61.0,47.0,28.0,19.0,8.0,13.0
2023-540,Wimbledon,Grass,128,G,O,20230703,68,BK40,,,Matteo Berrettini,R,196.0,ITA,27.222,38.0,1082.0,DH58,15.0,,Alex de Minaur,R,183.0,AUS,24.372,17.0,2115.0,6-3 6-4 6-4,5,R64,131.0,13.0,5.0,89.0,57.0,50.0,17.0,15.0,3.0,3.0,3.0,5.0,98.0,57.0,40.0,20.0,14.0,5.0,8.0
2023-540,Wimbledon,Grass,128,G,O,20230703,69,TD51,10.0,,Frances Tiafoe,R,188.0,USA,25.448,10.0,3085.0,S0LA,,Q,Dominic Stricker,L,183.0,SUI,20.879,117.0,535.0,7-6(11) 6-4 6-2,5,R64,122.0,23.0,5.0,105.0,63.0,56.0,19.0,16.0,4.0,4.0,10.0,4.0,109.0,55.0,42.0,26.0,15.0,3.0,6.0
2023-540,Wimbledon,Grass,128,G,O,20230703,70,D875,21.0,,Grigor Dimitrov,R,191.0,BUL,32.131,24.0,1430.0,I305,,,Ilya Ivashka,R,193.0,BLR,29.352,102.0,607.0,6-3 6-4 6-4,5,R64,130.0,11.0,5.0,96.0,61.0,49.0,16.0,15.0,4.0,6.0,5.0,5.0,101.0,61.0,41.0,14.0,14.0,5.0,10.0
2023-540,Wimbledon,Grass,128,G,O,20230703,71,DH50,31.0,,Alejandro Davidovich Fokina,R,180.0,ESP,24.077,34.0,1115.0,V812,,,Botic van de Zandschulp,R,191.0,NED,27.745,44.0,975.0,6-1 2-6 6-4 6-3,5,R64,170.0,6.0,5.0,117.0,78.0,56.0,20.0,17.0,6.0,8.0,9.0,7.0,113.0,63.0,45.0,23.0,17.0,6.0,11.0
2023-540,Wimbledon,Grass,128,G,O,20230703,72,R0DG,6.0,,Holger Rune,R,188.0,DEN,20.178,6.0,4510.0,CF59,,,Roberto Carballes Baena,R,183.0,ESP,30.278,57.0,850.0,6-3 7-6(3) 6-4,5,R64,159.0,8.0,11.0,111.0,66.0,50.0,20.0,17.0,8.0,11.0,2.0,5.0,97.0,54.0,32.0,24.0,15.0,5.0,10.0
2023-540,Wimbledon,Grass,128,G,O,20230703,73,MM58,3.0,,Daniil Medvedev,R,198.0,RUS,27.389,3.0,5890.0,ME82,,,Adrian Mannarino,L,180.0,FRA,35.009,35.0,1112.0,6-3 6-3 7-6(5),5,R64,144.0,7.0,4.0,98.0,64.0,49.0,17.0,15.0,4.0,6.0,4.0,2.0,102.0,65.0,37.0,21.0,16.0,6.0,11.0
2023-540,Wimbledon,Grass,128,G,O,20230703,74,F724,,,Marton Fucsovics,R,188.0,HUN,31.398,67.0,777.0,GC88,,,Marcos Giron,R,180.0,USA,29.941,65.0,795.0,7-6(2) 6-3 4-6 6-4,5,R64,214.0,11.0,8.0,145.0,89.0,69.0,26.0,21.0,5.0,8.0,5.0,0.0,149.0,100.0,66.0,24.0,21.0,11.0,15.0
2023-540,Wimbledon,Grass,128,G,O,20230703,75,L0BV,,,Jiri Lehecka,R,185.0,CZE,21.648,37.0,1083.0,C0AU,18.0,,Francisco Cerundolo,R,185.0,ARG,24.887,19.0,1860.0,6-2 6-2 6-2,5,R64,86.0,6.0,0.0,68.0,50.0,37.0,14.0,12.0,2.0,2.0,0.0,4.0,85.0,61.0,33.0,10.0,12.0,4.0,10.0
2023-540,Wimbledon,Grass,128,G,O,20230703,76,PL56,16.0,,Tommy Paul,R,185.0,USA,26.127,15.0,2250.0,R975,,,Milos Raonic,R,196.0,CAN,32.515,849.0,20.0,6-4 7-6(4) 6-7(4) 6-4,5,R64,181.0,13.0,4.0,125.0,74.0,62.0,28.0,23.0,1.0,3.0,21.0,8.0,142.0,89.0,69.0,24.0,23.0,10.0,14.0
2023-540,Wimbledon,Grass,128,G,O,20230703,77,E865,,,Christopher Eubanks,R,201.0,USA,27.159,43.0,976.0,N771,12.0,,Cameron Norrie,L,188.0,GBR,27.86,13.0,2610.0,6-3 3-6 6-2 7-6(3),5,R64,150.0,21.0,3.0,105.0,74.0,56.0,21.0,19.0,0.0,2.0,8.0,5.0,128.0,81.0,58.0,19.0,20.0,9.0,13.0
2023-540,Wimbledon,Grass,128,G,O,20230703,78,O483,,,Christopher O'Connell,R,183.0,AUS,29.081,73.0,766.0,V708,,,Jiri Vesely,L,198.0,CZE,29.979,528.0,67.0,6-3 7-5 6-4,5,R64,127.0,11.0,2.0,87.0,54.0,45.0,20.0,16.0,3.0,4.0,16.0,2.0,93.0,65.0,50.0,11.0,15.0,8.0,12.0
2023-540,Wimbledon,Grass,128,G,O,20230703,79,DB63,,,Laslo Djere,R,188.0,SRB,28.085,60.0,820.0,S0S1,32.0,,Ben Shelton,L,193.0,USA,20.731,36.0,1094.0,3-6 6-3 7-6(5) 6-3,5,R64,177.0,10.0,1.0,161.0,103.0,78.0,27.0,20.0,9.0,11.0,10.0,1.0,123.0,84.0,60.0,22.0,20.0,9.0,12.0
2023-540,Wimbledon,Grass,128,G,O,20230703,80,TE51,5.0,,Stefanos Tsitsipas,R,193.0,GRE,24.89,5.0,4670.0,MC10,,,Andy Murray,R,191.0,GBR,36.134,40.0,1030.0,7-6(3) 6-7(2) 4-6 7-6(3) 6-4,5,R64,280.0,17.0,1.0,171.0,118.0,94.0,30.0,28.0,0.0,1.0,13.0,2.0,174.0,105.0,82.0,47.0,31.0,5.0,6.0
2023-540,Wimbledon,Grass,128,G,O,20230703,81,S0AG,8.0,,Jannik Sinner,R,191.0,ITA,21.878,8.0,3345.0,SM37,,,Diego Schwartzman,R,170.0,ARG,30.877,98.0,615.0,7-5 6-1 6-2,5,R64,122.0,15.0,1.0,83.0,47.0,38.0,21.0,14.0,4.0,5.0,1.0,2.0,81.0,58.0,34.0,9.0,13.0,4.0,10.0
2023-540,Wimbledon,Grass,128,G,O,20230703,82,HB64,,,Quentin Halys,R,191.0,FRA,26.683,79.0,741.0,V832,,,Aleksandar Vukic,R,188.0,AUS,27.239,87.0,679.0,6-3 6-1 6-4,5,R64,89.0,14.0,2.0,71.0,43.0,35.0,20.0,13.0,0.0,0.0,6.0,3.0,77.0,48.0,33.0,12.0,13.0,4.0,9.0
2023-540,Wimbledon,Grass,128,G,O,20230703,83,GE33,,,Daniel Elahi Galan,R,191.0,COL,27.039,85.0,693.0,O449,,Q,Oscar Otte,R,193.0,GER,29.963,233.0,251.0,6-3 3-6 6-3 7-6(3),5,R64,152.0,12.0,2.0,116.0,76.0,62.0,21.0,21.0,0.0,2.0,11.0,8.0,126.0,74.0,55.0,24.0,19.0,9.0,12.0
2023-540,Wimbledon,Grass,128,G,O,20230703,84,Y268,,,Mikael Ymer,R,185.0,SWE,24.813,59.0,831.0,FB98,9.0,,Taylor Fritz,R,196.0,USA,25.678,9.0,3310.0,3-6 2-6 6-3 6-4 6-2,5,R64,166.0,9.0,7.0,145.0,97.0,66.0,25.0,22.0,6.0,10.0,10.0,0.0,123.0,66.0,48.0,33.0,22.0,6.0,11.0
2023-540,Wimbledon,Grass,128,G,O,20230703,85,PC11,,,Guido Pella,L,183.0,ARG,33.128,308.0,170.0,M0G4,,Q,Harold Mayot,R,180.0,FRA,21.407,181.0,321.0,2-6 6-3 7-6(3) 7-5,5,R64,162.0,5.0,0.0,143.0,112.0,73.0,18.0,22.0,8.0,12.0,13.0,4.0,112.0,73.0,55.0,18.0,20.0,1.0,5.0
2023-540,Wimbledon,Grass,128,G,O,20230703,86,SX50,,,Roman Safiullin,R,185.0,RUS,25.903,92.0,663.0,MW02,,,Corentin Moutet,L,180.0,FRA,24.205,71.0,768.0,7-5 6-3 7-6(4),5,R64,170.0,5.0,8.0,106.0,63.0,50.0,20.0,18.0,5.0,9.0,5.0,3.0,122.0,78.0,49.0,19.0,16.0,9.0,15.0
2023-540,Wimbledon,Grass,128,G,O,20230703,87,SU55,26.0,,Denis Shapovalov,L,185.0,CAN,24.216,29.0,1335.0,BK24,,,Gregoire Barrere,R,183.0,FRA,29.374,49.0,889.0,6-3 6-4 7-6(7),5,R64,113.0,18.0,3.0,98.0,71.0,59.0,16.0,16.0,1.0,1.0,5.0,0.0,99.0,70.0,47.0,19.0,16.0,3.0,5.0
2023-540,Wimbledon,Grass,128,G,O,20230703,88,BI23,,WC,Liam Broady,L,183.0,GBR,29.492,142.0,422.0,RH16,4.0,,Casper Ruud,R,183.0,NOR,24.528,4.0,4960.0,6-4 3-6 4-6 6-3 6-0,5,R64,207.0,5.0,5.0,127.0,69.0,50.0,36.0,22.0,6.0,9.0,10.0,8.0,159.0,91.0,64.0,27.0,22.0,7.0,13.0
2023-540,Wimbledon,Grass,128,G,O,20230703,89,RE44,7.0,,Andrey Rublev,R,188.0,RUS,25.7,7.0,4255.0,KC56,,,Aslan Karatsev,R,185.0,RUS,29.826,50.0,888.0,6-7(4) 6-3 6-4 7-5,5,R64,172.0,12.0,1.0,130.0,80.0,61.0,29.0,23.0,2.0,4.0,8.0,5.0,132.0,79.0,53.0,29.0,21.0,5.0,10.0
2023-540,Wimbledon,Grass,128,G,O,20230703,90,GB88,,WC,David Goffin,R,180.0,BEL,32.569,123.0,503.0,BS86,,Q,Tomas Barrios Vera,R,191.0,CHI,25.561,133.0,456.0,7-6(3) 5-7 6-2 6-0,5,R64,200.0,12.0,4.0,125.0,73.0,51.0,25.0,19.0,5.0,9.0,5.0,3.0,147.0,88.0,45.0,32.0,20.0,16.0,24.0
2023-540,Wimbledon,Grass,128,G,O,20230703,91,BK92,23.0,,Alexander Bublik,R,196.0,KAZ,26.042,26.0,1354.0,W09G,,,J.J. Wolf,R,183.0,USA,24.531,48.0,924.0,6-3 7-6(5) 6-0,5,R64,104.0,11.0,6.0,74.0,49.0,45.0,12.0,14.0,0.0,1.0,4.0,5.0,90.0,53.0,37.0,14.0,14.0,4.0,9.0
2023-540,Wimbledon,Grass,128,G,O,20230703,92,MN13,,Q,Maximilian Marterer,L,188.0,GER,28.049,170.0,342.0,MP01,,LL,Michael Mmoh,R,188.0,USA,25.476,119.0,527.0,7-5 7-6(5) 6-4,5,R64,147.0,13.0,3.0,106.0,69.0,58.0,22.0,18.0,4.0,4.0,17.0,2.0,109.0,70.0,57.0,17.0,17.0,4.0,6.0
2023-540,Wimbledon,Grass,128,G,O,20230703,93,M0EJ,14.0,,Lorenzo Musetti,R,185.0,ITA,21.333,16.0,2210.0,MU94,,,Jaume Munar,R,183.0,ESP,26.16,109.0,570.0,6-4 6-3 6-1,5,R64,137.0,6.0,10.0,104.0,61.0,46.0,21.0,13.0,5.0,5.0,0.0,4.0,94.0,53.0,30.0,19.0,13.0,9.0,14.0
2023-540,Wimbledon,Grass,128,G,O,20230703,94,HB71,17.0,,Hubert Hurkacz,R,196.0,POL,26.387,18.0,2060.0,CH12,,WC,Jan Choinski,R,196.0,GBR,27.061,164.0,348.0,6-4 6-4 7-6(3),5,R64,126.0,18.0,1.0,88.0,59.0,50.0,19.0,17.0,3.0,3.0,6.0,2.0,122.0,87.0,55.0,20.0,16.0,11.0,13.0
2023-540,Wimbledon,Grass,128,G,O,20230703,95,W367,,,Stan Wawrinka,R,183.0,SUI,38.264,88.0,674.0,EA24,29.0,,Tomas Martin Etcheverry,R,196.0,ARG,23.959,32.0,1201.0,6-3 4-6 6-4 6-2,5,R64,154.0,5.0,1.0,103.0,57.0,53.0,25.0,19.0,2.0,3.0,7.0,3.0,108.0,64.0,46.0,21.0,18.0,6.0,10.0
2023-540,Wimbledon,Grass,128,G,O,20230703,96,D643,2.0,,Novak Djokovic,R,188.0,SRB,36.115,2.0,7595.0,TC61,,,Jordan Thompson,R,183.0,AUS,29.202,70.0,769.0,6-3 7-6(4) 7-5,5,R64,148.0,8.0,0.0,94.0,65.0,57.0,19.0,18.0,0.0,0.0,21.0,2.0,105.0,67.0,53.0,18.0,16.0,3.0,5.0
2023-540,Wimbledon,Grass,128,G,O,20230703,97,A0E2,1.0,,Carlos Alcaraz,R,183.0,ESP,20.162,1.0,7675.0,J551,25.0,,Nicolas Jarry,R,201.0,CHI,27.726,28.0,1336.0,6-3 6-7(6) 6-3 7-5,5,R32,236.0,12.0,7.0,151.0,93.0,72.0,30.0,23.0,5.0,7.0,15.0,3.0,149.0,110.0,79.0,14.0,20.0,9.0,14.0
2023-540,Wimbledon,Grass,128,G,O,20230703,98,BK40,,,Matteo Berrettini,R,196.0,ITA,27.222,38.0,1082.0,Z355,19.0,,Alexander Zverev,R,198.0,GER,26.201,21.0,1630.0,6-3 7-6(4) 7-6(5),5,R32,147.0,15.0,3.0,112.0,77.0,66.0,17.0,19.0,1.0,1.0,12.0,1.0,89.0,72.0,59.0,11.0,16.0,4.0,5.0
2023-540,Wimbledon,Grass,128,G,O,20230703,99,D875,21.0,,Grigor Dimitrov,R,191.0,BUL,32.131,24.0,1430.0,TD51,10.0,,Frances Tiafoe,R,188.0,USA,25.448,10.0,3085.0,6-2 6-3 6-2,5,R32,99.0,13.0,3.0,65.0,40.0,37.0,16.0,13.0,0.0,0.0,5.0,1.0,69.0,36.0,22.0,17.0,12.0,4.0,9.0
2023-540,Wimbledon,Grass,128,G,O,20230703,100,R0DG,6.0,,Holger Rune,R,188.0,DEN,20.178,6.0,4510.0,DH50,31.0,,Alejandro Davidovich Fokina,R,180.0,ESP,24.077,34.0,1115.0,6-3 4-6 3-6 6-4 7-6(8),5,R32,239.0,19.0,9.0,170.0,110.0,83.0,29.0,26.0,12.0,16.0,7.0,0.0,167.0,115.0,80.0,31.0,25.0,10.0,14.0
2023-540,Wimbledon,Grass,128,G,O,20230703,101,MM58,3.0,,Daniil Medvedev,R,198.0,RUS,27.389,3.0,5890.0,F724,,,Marton Fucsovics,R,188.0,HUN,31.398,67.0,777.0,4-6 6-3 6-4 6-4,5,R32,184.0,6.0,5.0,127.0,97.0,74.0,12.0,20.0,4.0,5.0,4.0,4.0,119.0,69.0,51.0,25.0,19.0,5.0,8.0
2023-540,Wimbledon,Grass,128,G,O,20230703,102,L0BV,,,Jiri Lehecka,R,185.0,CZE,21.648,37.0,1083.0,PL56,16.0,,Tommy Paul,R,185.0,USA,26.127,15.0,2250.0,6-2 7-6(2) 6-7(5) 6-7(9) 6-2,5,R32,244.0,19.0,4.0,165.0,103.0,85.0,37.0,27.0,4.0,5.0,10.0,3.0,167.0,118.0,84.0,29.0,28.0,5.0,10.0
2023-540,Wimbledon,Grass,128,G,O,20230703,103,E865,,,Christopher Eubanks,R,201.0,USA,27.159,43.0,976.0,O483,,,Christopher O'Connell,R,183.0,AUS,29.081,73.0,766.0,7-6(5) 7-6(3) 7-6(2),5,R32,173.0,23.0,4.0,111.0,76.0,66.0,21.0,21.0,2.0,3.0,5.0,1.0,121.0,90.0,69.0,16.0,18.0,4.0,5.0
2023-540,Wimbledon,Grass,128,G,O,20230703,104,TE51,5.0,,Stefanos Tsitsipas,R,193.0,GRE,24.89,5.0,4670.0,DB63,,,Laslo Djere,R,188.0,SRB,28.085,60.0,820.0,6-4 7-6(5) 6-4,5,R32,131.0,6.0,1.0,104.0,72.0,59.0,17.0,17.0,3.0,4.0,4.0,3.0,86.0,56.0,48.0,14.0,16.0,1.0,4.0
2023-540,Wimbledon,Grass,128,G,O,20230703,105,S0AG,8.0,,Jannik Sinner,R,191.0,ITA,21.878,8.0,3345.0,HB64,,,Quentin Halys,R,191.0,FRA,26.683,79.0,741.0,3-6 6-2 6-3 6-4,5,R32,145.0,9.0,8.0,98.0,48.0,40.0,31.0,18.0,2.0,4.0,14.0,9.0,115.0,61.0,46.0,25.0,18.0,6.0,11.0
2023-540,Wimbledon,Grass,128,G,O,20230703,106,GE33,,,Daniel Elahi Galan,R,191.0,COL,27.039,85.0,693.0,Y268,,,Mikael Ymer,R,185.0,SWE,24.813,59.0,831.0,6-2 6-7(2) 7-6(5) 3-6 6-1,5,R32,260.0,9.0,1.0,174.0,115.0,71.0,30.0,25.0,15.0,22.0,5.0,7.0,144.0,87.0,57.0,25.0,25.0,3.0,13.0
2023-540,Wimbledon,Grass,128,G,O,20230703,107,SX50,,,Roman Safiullin,R,185.0,RUS,25.903,92.0,663.0,PC11,,,Guido Pella,L,183.0,ARG,33.128,308.0,170.0,7-6(1) 6-4 6-0,5,R32,107.0,11.0,1.0,82.0,57.0,45.0,18.0,14.0,2.0,3.0,7.0,2.0,88.0,66.0,38.0,10.0,15.0,3.0,8.0
2023-540,Wimbledon,Grass,128,G,O,20230703,108,SU55,26.0,,Denis Shapovalov,L,185.0,CAN,24.216,29.0,1335.0,BI23,,WC,Liam Broady,L,183.0,GBR,29.492,142.0,422.0,4-6 6-2 7-5 7-5,5,R32,192.0,14.0,14.0,145.0,80.0,57.0,31.0,21.0,12.0,17.0,1.0,4.0,130.0,70.0,44.0,27.0,21.0,7.0,15.0
2023-540,Wimbledon,Grass,128,G,O,20230703,109,RE44,7.0,,Andrey Rublev,R,188.0,RUS,25.7,7.0,4255.0,GB88,,WC,David Goffin,R,180.0,BEL,32.569,123.0,503.0,6-3 6-7(6) 7-6(5) 6-2,5,R32,180.0,14.0,3.0,143.0,78.0,61.0,34.0,23.0,5.0,8.0,7.0,6.0,147.0,85.0,57.0,30.0,20.0,9.0,15.0
2023-540,Wimbledon,Grass,128,G,O,20230703,110,BK92,23.0,,Alexander Bublik,R,196.0,KAZ,26.042,26.0,1354.0,MN13,,Q,Maximilian Marterer,L,188.0,GER,28.049,170.0,342.0,6-4 6-1 7-6(4),5,R32,112.0,10.0,7.0,81.0,45.0,40.0,24.0,14.0,4.0,4.0,5.0,3.0,104.0,70.0,45.0,16.0,16.0,5.0,9.0
2023-540,Wimbledon,Grass,128,G,O,20230703,111,HB71,17.0,,Hubert Hurkacz,R,196.0,POL,26.387,18.0,2060.0,M0EJ,14.0,,Lorenzo Musetti,R,185.0,ITA,21.333,16.0,2210.0,7-6(4) 6-4 6-4,5,R32,124.0,16.0,3.0,95.0,64.0,51.0,19.0,16.0,4.0,4.0,4.0,7.0,103.0,69.0,50.0,17.0,17.0,2.0,4.0
2023-540,Wimbledon,Grass,128,G,O,20230703,112,D643,2.0,,Novak Djokovic,R,188.0,SRB,36.115,2.0,7595.0,W367,,,Stan Wawrinka,R,183.0,SUI,38.264,88.0,674.0,6-3 6-1 7-6(5),5,R32,127.0,11.0,1.0,75.0,48.0,43.0,17.0,15.0,0.0,0.0,6.0,0.0,92.0,39.0,27.0,28.0,14.0,5.0,9.0
2023-540,Wimbledon,Grass,128,G,O,20230703,113,A0E2,1.0,,Carlos Alcaraz,R,183.0,ESP,20.162,1.0,7675.0,BK40,,,Matteo Berrettini,R,196.0,ITA,27.222,38.0,1082.0,3-6 6-3 6-3 6-3,5,R16,185.0,4.0,6.0,106.0,67.0,53.0,23.0,18.0,2.0,3.0,9.0,0.0,119.0,84.0,56.0,17.0,18.0,12.0,16.0
2023-540,Wimbledon,Grass,128,G,O,20230703,114,R0DG,6.0,,Holger Rune,R,188.0,DEN,20.178,6.0,4510.0,D875,21.0,,Grigor Dimitrov,R,191.0,BUL,32.131,24.0,1430.0,3-6 7-6(6) 7-6(4) 6-3,5,R16,201.0,11.0,5.0,127.0,78.0,64.0,29.0,22.0,1.0,3.0,14.0,8.0,147.0,81.0,65.0,35.0,22.0,7.0,9.0
2023-540,Wimbledon,Grass,128,G,O,20230703,115,MM58,3.0,,Daniil Medvedev,R,198.0,RUS,27.389,3.0,5890.0,L0BV,,,Jiri Lehecka,R,185.0,CZE,21.648,37.0,1083.0,6-4 6-2 RET,5,R16,91.0,9.0,2.0,47.0,29.0,28.0,8.0,9.0,0.0,0.0,5.0,3.0,75.0,44.0,30.0,11.0,9.0,11.0,14.0
2023-540,Wimbledon,Grass,128,G,O,20230703,116,E865,,,Christopher Eubanks,R,201.0,USA,27.159,43.0,976.0,TE51,5.0,,Stefanos Tsitsipas,R,193.0,GRE,24.89,5.0,4670.0,3-6 7-6(4) 3-6 6-4 6-4,5,R16,184.0,13.0,5.0,152.0,102.0,75.0,26.0,27.0,8.0,13.0,11.0,4.0,134.0,90.0,72.0,26.0,24.0,4.0,7.0
2023-540,Wimbledon,Grass,128,G,O,20230703,117,S0AG,8.0,,Jannik Sinner,R,191.0,ITA,21.878,8.0,3345.0,GE33,,,Daniel Elahi Galan,R,191.0,COL,27.039,85.0,693.0,7-6(4) 6-4 6-3,5,R16,157.0,12.0,1.0,88.0,48.0,41.0,28.0,17.0,4.0,5.0,12.0,3.0,127.0,79.0,58.0,18.0,15.0,17.0,20.0
2023-540,Wimbledon,Grass,128,G,O,20230703,118,SX50,,,Roman Safiullin,R,185.0,RUS,25.903,92.0,663.0,SU55,26.0,,Denis Shapovalov,L,185.0,CAN,24.216,29.0,1335.0,3-6 6-3 6-1 6-3,5,R16,131.0,6.0,3.0,99.0,68.0,51.0,21.0,17.0,2.0,3.0,8.0,11.0,96.0,61.0,45.0,13.0,17.0,4.0,9.0
2023-540,Wimbledon,Grass,128,G,O,20230703,119,RE44,7.0,,Andrey Rublev,R,188.0,RUS,25.7,7.0,4255.0,BK92,23.0,,Alexander Bublik,R,196.0,KAZ,26.042,26.0,1354.0,7-5 6-3 6-7(6) 6-7(5) 6-4,5,R16,197.0,21.0,2.0,167.0,113.0,91.0,35.0,30.0,5.0,5.0,39.0,14.0,164.0,113.0,93.0,24.0,27.0,6.0,9.0
2023-540,Wimbledon,Grass,128,G,O,20230703,120,D643,2.0,,Novak Djokovic,R,188.0,SRB,36.115,2.0,7595.0,HB71,17.0,,Hubert Hurkacz,R,196.0,POL,26.387,18.0,2060.0,7-6(6) 7-6(6) 5-7 6-4,5,R16,187.0,18.0,3.0,125.0,89.0,79.0,22.0,24.0,1.0,2.0,33.0,4.0,146.0,106.0,86.0,19.0,24.0,7.0,8.0
2023-540,Wimbledon,Grass,128,G,O,20230703,121,A0E2,1.0,,Carlos Alcaraz,R,183.0,ESP,20.162,1.0,7675.0,R0DG,6.0,,Holger Rune,R,188.0,DEN,20.178,6.0,4510.0,7-6(3) 6-4 6-4,5,QF,141.0,4.0,2.0,92.0,57.0,45.0,25.0,16.0,1.0,1.0,2.0,3.0,97.0,56.0,42.0,22.0,17.0,1.0,3.0
2023-540,Wimbledon,Grass,128,G,O,20230703,122,MM58,3.0,,Daniil Medvedev,R,198.0,RUS,27.389,3.0,5890.0,E865,,,Christopher Eubanks,R,201.0,USA,27.159,43.0,976.0,6-4 1-6 4-6 7-6(4) 6-1,5,QF,178.0,28.0,5.0,124.0,86.0,68.0,24.0,22.0,4.0,7.0,17.0,10.0,159.0,112.0,82.0,19.0,25.0,3.0,7.0
2023-540,Wimbledon,Grass,128,G,O,20230703,123,S0AG,8.0,,Jannik Sinner,R,191.0,ITA,21.878,8.0,3345.0,SX50,,,Roman Safiullin,R,185.0,RUS,25.903,92.0,663.0,6-4 3-6 6-2 6-2,5,QF,134.0,14.0,2.0,88.0,48.0,43.0,22.0,17.0,3.0,5.0,8.0,7.0,105.0,65.0,39.0,23.0,18.0,6.0,12.0
2023-540,Wimbledon,Grass,128,G,O,20230703,124,D643,2.0,,Novak Djokovic,R,188.0,SRB,36.115,2.0,7595.0,RE44,7.0,,Andrey Rublev,R,188.0,RUS,25.7,7.0,4255.0,4-6 6-1 6-4 6-3,5,QF,168.0,5.0,1.0,114.0,71.0,53.0,28.0,18.0,7.0,8.0,6.0,2.0,103.0,60.0,44.0,19.0,18.0,7.0,12.0
2023-540,Wimbledon,Grass,128,G,O,20230703,125,A0E2,1.0,,Carlos Alcaraz,R,183.0,ESP,20.162,1.0,7675.0,MM58,3.0,,Daniil Medvedev,R,198.0,RUS,27.389,3.0,5890.0,6-3 6-3 6-3,5,SF,110.0,4.0,3.0,79.0,56.0,41.0,13.0,14.0,2.0,4.0,5.0,4.0,80.0,47.0,33.0,10.0,13.0,8.0,14.0
2023-540,Wimbledon,Grass,128,G,O,20230703,126,D643,2.0,,Novak Djokovic,R,188.0,SRB,36.115,2.0,7595.0,S0AG,8.0,,Jannik Sinner,R,191.0,ITA,21.878,8.0,3345.0,6-3 6-4 7-6(4),5,SF,167.0,11.0,0.0,112.0,65.0,49.0,28.0,17.0,6.0,6.0,8.0,3.0,90.0,54.0,41.0,20.0,15.0,7.0,9.0
2023-540,Wimbledon,Grass,128,G,O,20230703,127,A0E2,1.0,,Carlos Alcaraz,R,183.0,ESP,20.162,1.0,7675.0,D643,2.0,,Novak Djokovic,R,188.0,SRB,36.115,2.0,7595.0,1-6 7-6(6) 6-1 3-6 6-4,5,F,283.0,9.0,7.0,150.0,94.0,66.0,28.0,22.0,10.0,15.0,2.0,3.0,184.0,118.0,73.0,37.0,24.0,14.0,19.0
2023-314,Gstaad,Clay,32,250,O,20230717,1,S0LA,,WC,Dominic Stricker,L,183.0,SUI,20.917,106.0,605.0,F0F1,,,Arthur Fils,R,185.0,FRA,19.094,68.0,800.0,7-6(4) 7-6(4),3,R32,104.0,9.0,4.0,78.0,44.0,36.0,18.0,12.0,1.0,2.0,7.0,5.0,79.0,48.0,34.0,17.0,12.0,5.0,6.0
2023-314,Gstaad,Clay,32,250,O,20230717,2,R09X,,Q,Jurij Rodionov,L,191.0,AUT,24.17,118.0,535.0,HH06,,,Marc-Andrea Huesler,L,196.0,SUI,27.061,84.0,705.0,6-3 7-5,3,R32,74.0,7.0,2.0,62.0,36.0,30.0,16.0,11.0,0.0,0.0,9.0,3.0,52.0,31.0,23.0,13.0,10.0,1.0,3.0
2023-314,Gstaad,Clay,32,250,O,20230717,3,BU13,,Q,Zizou Bergs,R,185.0,BEL,24.12,175.0,335.0,DB63,8.0,,Laslo Djere,R,188.0,SRB,28.123,55.0,865.0,6-0 4-6 6-3,3,R32,114.0,11.0,2.0,78.0,50.0,39.0,15.0,13.0,2.0,3.0,5.0,5.0,97.0,61.0,37.0,18.0,12.0,12.0,16.0
2023-314,Gstaad,Clay,32,250,O,20230717,4,R772,,,Albert Ramos-Vinolas,L,188.0,ESP,35.496,79.0,742.0,F510,,WC,Fabio Fognini,R,178.0,ITA,36.148,128.0,507.0,6-1 2-6 6-2,3,R32,135.0,0.0,4.0,86.0,48.0,25.0,18.0,11.0,12.0,17.0,3.0,4.0,90.0,58.0,32.0,8.0,12.0,9.0,17.0
2023-314,Gstaad,Clay,32,250,O,20230717,5,BF23,,Q,Facundo Bagnis,L,183.0,ARG,33.383,136.0,462.0,RC91,,,Arthur Rinderknech,R,196.0,FRA,27.984,82.0,721.0,6-2 2-6 6-3,3,R32,121.0,7.0,2.0,84.0,57.0,40.0,15.0,13.0,2.0,4.0,12.0,4.0,71.0,39.0,32.0,13.0,12.0,1.0,4.0
2023-314,Gstaad,Clay,32,250,O,20230717,6,V836,,,Juan Pablo Varillas,R,185.0,PER,27.778,66.0,808.0,V0AM,,LL,Otto Virtanen,R,193.0,FIN,22.07,132.0,489.0,6-2 6-3,3,R32,69.0,1.0,0.0,43.0,24.0,21.0,12.0,8.0,0.0,0.0,4.0,3.0,58.0,29.0,21.0,10.0,9.0,5.0,9.0
2023-314,Gstaad,Clay,32,250,O,20230717,7,M0JF,,Q,Hamad Medjedovic,R,188.0,SRB,19.997,183.0,322.0,Z371,5.0,,Zhizhen Zhang,R,193.0,CHN,26.749,70.0,796.0,4-6 6-1 6-4,3,R32,141.0,3.0,3.0,87.0,47.0,33.0,20.0,14.0,5.0,8.0,4.0,5.0,90.0,46.0,35.0,15.0,13.0,3.0,8.0
2023-314,Gstaad,Clay,32,250,O,20230717,8,TB69,,,Dominic Thiem,R,185.0,AUT,29.867,94.0,631.0,MP20,,,Alexandre Muller,R,183.0,FRA,26.453,76.0,748.0,6-1 7-6(4),3,R32,94.0,9.0,1.0,74.0,50.0,38.0,12.0,10.0,4.0,4.0,2.0,1.0,55.0,32.0,25.0,10.0,9.0,1.0,3.0
2023-314,Gstaad,Clay,32,250,O,20230717,9,AE14,,,Daniel Altmaier,R,188.0,GER,24.843,64.0,813.0,BM95,,,Benjamin Bonzi,R,183.0,FRA,27.102,107.0,603.0,6-3 6-4,3,R32,80.0,1.0,1.0,58.0,45.0,32.0,7.0,10.0,1.0,2.0,3.0,4.0,55.0,29.0,19.0,13.0,9.0,5.0,8.0
2023-314,Gstaad,Clay,32,250,O,20230717,10,W367,,,Stan Wawrinka,R,183.0,SUI,38.303,74.0,764.0,CF59,6.0,,Roberto Carballes Baena,R,183.0,ESP,30.316,60.0,845.0,6-1 3-1 RET,3,R32,41.0,4.0,1.0,30.0,16.0,15.0,9.0,6.0,0.0,0.0,0.0,0.0,24.0,13.0,8.0,3.0,5.0,0.0,3.0
2023-314,Gstaad,Clay,32,250,O,20230717,11,MU94,,,Jaume Munar,R,183.0,ESP,26.198,110.0,595.0,RC04,,WC,Alexander Ritschard,R,193.0,SUI,29.314,163.0,357.0,6-3 6-3,3,R32,74.0,2.0,0.0,55.0,41.0,29.0,9.0,9.0,0.0,1.0,2.0,3.0,50.0,31.0,20.0,7.0,9.0,2.0,6.0
2023-314,Gstaad,Clay,32,250,O,20230717,12,CG04,,,Pedro Cachin,R,185.0,ARG,28.263,90.0,662.0,DA81,,,Taro Daniel,R,191.0,JPN,30.467,112.0,580.0,6-4 6-1,3,R32,78.0,7.0,3.0,62.0,36.0,27.0,10.0,9.0,5.0,7.0,0.0,3.0,41.0,28.0,10.0,7.0,8.0,1.0,6.0
2023-314,Gstaad,Clay,32,250,O,20230717,13,KI95,2.0,,Miomir Kecmanovic,R,183.0,SRB,23.877,44.0,1020.0,S0LA,,WC,Dominic Stricker,L,183.0,SUI,20.917,106.0,605.0,7-6(4) 6-1,3,R16,83.0,6.0,1.0,65.0,35.0,30.0,15.0,10.0,1.0,2.0,5.0,2.0,62.0,27.0,20.0,15.0,9.0,5.0,8.0
2023-314,Gstaad,Clay,32,250,O,20230717,14,BU13,,Q,Zizou Bergs,R,185.0,BEL,24.12,175.0,335.0,R09X,,Q,Jurij Rodionov,L,191.0,AUT,24.17,118.0,535.0,7-6(8) 4-6 7-6(4),3,R16,174.0,8.0,4.0,117.0,79.0,57.0,22.0,17.0,5.0,7.0,8.0,1.0,102.0,55.0,44.0,30.0,17.0,1.0,2.0
2023-314,Gstaad,Clay,32,250,O,20230717,15,R772,,,Albert Ramos-Vinolas,L,188.0,ESP,35.496,79.0,742.0,SU87,3.0,,Lorenzo Sonego,R,191.0,ITA,28.183,42.0,1025.0,6-3 3-6 6-4,3,R16,150.0,2.0,3.0,86.0,53.0,38.0,20.0,14.0,2.0,3.0,8.0,4.0,93.0,63.0,43.0,17.0,14.0,8.0,10.0
2023-314,Gstaad,Clay,32,250,O,20230717,16,V836,,,Juan Pablo Varillas,R,185.0,PER,27.778,66.0,808.0,BF23,,Q,Facundo Bagnis,L,183.0,ARG,33.383,136.0,462.0,6-2 6-1,3,R16,71.0,1.0,3.0,40.0,21.0,18.0,13.0,7.0,2.0,2.0,5.0,2.0,62.0,42.0,18.0,10.0,8.0,6.0,11.0
2023-314,Gstaad,Clay,32,250,O,20230717,17,M0JF,,Q,Hamad Medjedovic,R,188.0,SRB,19.997,183.0,322.0,TB69,,,Dominic Thiem,R,185.0,AUT,29.867,94.0,631.0,7-5 2-6 6-3,3,R16,133.0,10.0,9.0,87.0,51.0,38.0,17.0,15.0,5.0,7.0,7.0,1.0,81.0,57.0,49.0,6.0,14.0,1.0,3.0
2023-314,Gstaad,Clay,32,250,O,20230717,18,H997,4.0,,Yannick Hanfmann,R,193.0,GER,31.674,46.0,961.0,AE14,,,Daniel Altmaier,R,188.0,GER,24.843,64.0,813.0,4-6 6-2 7-5,3,R16,143.0,6.0,1.0,97.0,65.0,48.0,13.0,15.0,4.0,7.0,5.0,0.0,91.0,69.0,41.0,12.0,15.0,5.0,10.0
2023-314,Gstaad,Clay,32,250,O,20230717,19,MU94,,,Jaume Munar,R,183.0,ESP,26.198,110.0,595.0,W367,,,Stan Wawrinka,R,183.0,SUI,38.303,74.0,764.0,7-6(3) 6-1,3,R16,85.0,3.0,5.0,63.0,45.0,34.0,10.0,10.0,2.0,4.0,2.0,3.0,58.0,38.0,26.0,6.0,9.0,5.0,9.0
2023-314,Gstaad,Clay,32,250,O,20230717,20,CG04,,,Pedro Cachin,R,185.0,ARG,28.263,90.0,662.0,BD06,1.0,,Roberto Bautista Agut,R,183.0,ESP,35.255,25.0,1480.0,7-6(4) 7-6(3),3,R16,130.0,7.0,2.0,94.0,63.0,46.0,16.0,12.0,5.0,6.0,3.0,2.0,76.0,52.0,35.0,16.0,12.0,0.0,1.0
2023-314,Gstaad,Clay,32,250,O,20230717,21,KI95,2.0,,Miomir Kecmanovic,R,183.0,SRB,23.877,44.0,1020.0,BU13,,Q,Zizou Bergs,R,185.0,BEL,24.12,175.0,335.0,6-4 3-6 7-5,3,QF,154.0,3.0,3.0,87.0,51.0,35.0,19.0,15.0,7.0,11.0,8.0,9.0,114.0,78.0,53.0,14.0,16.0,11.0,16.0
2023-314,Gstaad,Clay,32,250,O,20230717,22,R772,,,Albert Ramos-Vinolas,L,188.0,ESP,35.496,79.0,742.0,V836,,,Juan Pablo Varillas,R,185.0,PER,27.778,66.0,808.0,6-7(2) 6-1 6-4,3,QF,160.0,2.0,2.0,102.0,66.0,44.0,21.0,15.0,3.0,5.0,2.0,0.0,95.0,50.0,32.0,23.0,14.0,7.0,12.0
2023-314,Gstaad,Clay,32,250,O,20230717,23,M0JF,,Q,Hamad Medjedovic,R,188.0,SRB,19.997,183.0,322.0,H997,4.0,,Yannick Hanfmann,R,193.0,GER,31.674,46.0,961.0,6-3 6-3,3,QF,85.0,8.0,6.0,64.0,37.0,27.0,13.0,9.0,5.0,6.0,2.0,2.0,58.0,42.0,23.0,10.0,9.0,5.0,9.0
2023-314,Gstaad,Clay,32,250,O,20230717,24,CG04,,,Pedro Cachin,R,185.0,ARG,28.263,90.0,662.0,MU94,,,Jaume Munar,R,183.0,ESP,26.198,110.0,595.0,6-3 6-3,3,QF,91.0,0.0,0.0,55.0,38.0,27.0,9.0,9.0,3.0,4.0,2.0,2.0,59.0,37.0,23.0,8.0,9.0,6.0,10.0
2023-314,Gstaad,Clay,32,250,O,20230717,25,R772,,,Albert Ramos-Vinolas,L,188.0,ESP,35.496,79.0,742.0,KI95,2.0,,Miomir Kecmanovic,R,183.0,SRB,23.877,44.0,1020.0,6-2 6-3,3,SF,91.0,1.0,1.0,62.0,38.0,23.0,12.0,9.0,7.0,10.0,2.0,2.0,57.0,37.0,19.0,6.0,8.0,5.0,11.0
2023-314,Gstaad,Clay,32,250,O,20230717,26,CG04,,,Pedro Cachin,R,185.0,ARG,28.263,90.0,662.0,M0JF,,Q,Hamad Medjedovic,R,188.0,SRB,19.997,183.0,322.0,6-3 6-1,3,SF,63.0,3.0,0.0,38.0,24.0,22.0,10.0,8.0,0.0,0.0,1.0,4.0,49.0,26.0,15.0,12.0,8.0,4.0,8.0
2023-314,Gstaad,Clay,32,250,O,20230717,27,CG04,,,Pedro Cachin,R,185.0,ARG,28.263,90.0,662.0,R772,,,Albert Ramos-Vinolas,L,188.0,ESP,35.496,79.0,742.0,3-6 6-0 7-5,3,F,145.0,7.0,5.0,88.0,58.0,40.0,16.0,14.0,3.0,6.0,1.0,2.0,84.0,55.0,38.0,9.0,13.0,7.0,12.0
2023-316,Bastad,Clay,32,250,O,20230717,1,K09F,,Q,Pavel Kotov,R,191.0,RUS,24.66,89.0,667.0,CF01,,,Marco Cecchinato,R,185.0,ITA,30.793,95.0,628.0,6-1 6-2,3,R32,59.0,1.0,3.0,42.0,34.0,25.0,3.0,7.0,1.0,2.0,0.0,2.0,48.0,23.0,8.0,10.0,8.0,3.0,9.0
2023-316,Bastad,Clay,32,250,O,20230717,2,MJ08,,,Thiago Monteiro,L,183.0,BRA,29.128,122.0,529.0,GE33,,,Daniel Elahi Galan,R,191.0,COL,27.077,56.0,863.0,5-7 6-4 6-4,3,R32,182.0,9.0,2.0,101.0,66.0,49.0,18.0,16.0,4.0,6.0,10.0,2.0,107.0,64.0,48.0,20.0,16.0,6.0,9.0
2023-316,Bastad,Clay,32,250,O,20230717,3,Z355,5.0,,Alexander Zverev,R,198.0,GER,26.24,19.0,1720.0,MV14,,,Alex Molcan,L,178.0,SVK,25.624,81.0,731.0,6-4 3-6 7-5,3,R32,145.0,5.0,5.0,90.0,66.0,50.0,8.0,15.0,3.0,6.0,3.0,3.0,113.0,77.0,49.0,18.0,16.0,11.0,15.0
2023-316,Bastad,Clay,32,250,O,20230717,4,V0DZ,,,Luca Van Assche,R,178.0,FRA,19.181,77.0,748.0,MW54,,WC,Dragos Nicolae Madaras,L,191.0,SWE,25.843,191.0,308.0,7-6(2) 6-4,3,R32,107.0,3.0,3.0,62.0,36.0,32.0,8.0,11.0,2.0,5.0,2.0,4.0,74.0,41.0,25.0,15.0,11.0,6.0,10.0
2023-316,Bastad,Clay,32,250,O,20230717,5,B0JG,,WC,Leo Borg,R,183.0,SWE,20.172,437.0,99.0,Y218,,WC,Elias Ymer,R,185.0,SWE,27.266,166.0,351.0,7-6(5) 6-3,3,R32,104.0,3.0,2.0,65.0,42.0,34.0,13.0,11.0,2.0,3.0,11.0,2.0,75.0,39.0,28.0,17.0,10.0,3.0,5.0
2023-316,Bastad,Clay,32,250,O,20230717,6,CE77,,,Federico Coria,R,180.0,ARG,31.354,113.0,566.0,B0BI,8.0,,Sebastian Baez,R,170.0,ARG,22.549,63.0,815.0,6-4 4-6 7-6(5),3,R32,169.0,1.0,5.0,113.0,81.0,50.0,15.0,16.0,8.0,13.0,1.0,4.0,113.0,78.0,50.0,15.0,16.0,7.0,12.0
2023-316,Bastad,Clay,32,250,O,20230717,7,KC04,,Q,Jozef Kovalik,R,183.0,SVK,30.697,159.0,375.0,DH50,7.0,,Alejandro Davidovich Fokina,R,180.0,ESP,24.115,35.0,1185.0,6-3 6-4,3,R32,96.0,1.0,3.0,61.0,46.0,31.0,6.0,10.0,1.0,3.0,3.0,1.0,63.0,41.0,25.0,8.0,9.0,4.0,8.0
2023-316,Bastad,Clay,32,250,O,20230717,8,M0JZ,,Q,Filip Misolic,R,180.0,AUT,21.938,139.0,452.0,L987,,,Dusan Lajovic,R,183.0,SRB,33.046,61.0,839.0,7-6(4) 7-6(4),3,R32,115.0,6.0,1.0,82.0,56.0,43.0,11.0,12.0,5.0,8.0,3.0,0.0,90.0,64.0,38.0,15.0,12.0,3.0,6.0
2023-316,Bastad,Clay,32,250,O,20230717,9,A0FC,,,Matteo Arnaldi,R,185.0,ITA,22.396,75.0,762.0,RH24,,,Emil Ruusuvuori,R,188.0,FIN,24.29,48.0,926.0,6-4 2-6 7-6(0),3,R32,134.0,9.0,3.0,89.0,50.0,40.0,22.0,15.0,2.0,5.0,3.0,6.0,97.0,61.0,45.0,18.0,15.0,8.0,10.0
2023-316,Bastad,Clay,32,250,O,20230717,10,O513,,,Sebastian Ofner,R,191.0,AUT,27.179,58.0,855.0,EA24,6.0,,Tomas Martin Etcheverry,R,196.0,ARG,23.997,34.0,1231.0,4-6 6-1 7-5,3,R32,122.0,6.0,3.0,87.0,49.0,37.0,21.0,15.0,6.0,8.0,5.0,2.0,78.0,54.0,35.0,15.0,14.0,2.0,6.0
2023-316,Bastad,Clay,32,250,O,20230717,11,Z419,,,Bernabe Zapata Miralles,R,183.0,ESP,26.508,53.0,871.0,DA31,,Q,Hugo Dellien,R,180.0,BOL,30.084,167.0,350.0,6-3 7-6(3),3,R32,93.0,3.0,1.0,61.0,48.0,36.0,7.0,11.0,2.0,4.0,0.0,2.0,60.0,38.0,26.0,8.0,10.0,3.0,6.0
2023-316,Bastad,Clay,32,250,O,20230717,12,S0H2,,,Alexander Shevchenko,R,188.0,KAZ,22.628,96.0,622.0,C0C8,,,Juan Manuel Cerundolo,L,183.0,ARG,21.667,100.0,615.0,6-3 6-3,3,R32,82.0,2.0,2.0,51.0,34.0,21.0,10.0,9.0,4.0,6.0,0.0,2.0,64.0,43.0,23.0,9.0,9.0,7.0,12.0
2023-316,Bastad,Clay,32,250,O,20230717,13,RE44,2.0,,Andrey Rublev,R,188.0,RUS,25.739,7.0,4525.0,K09F,,Q,Pavel Kotov,R,191.0,RUS,24.66,89.0,667.0,6-3 7-6(4),3,R16,92.0,3.0,1.0,70.0,40.0,30.0,15.0,11.0,2.0,4.0,5.0,0.0,73.0,56.0,34.0,6.0,10.0,8.0,11.0
2023-316,Bastad,Clay,32,250,O,20230717,14,Z355,5.0,,Alexander Zverev,R,198.0,GER,26.24,19.0,1720.0,MJ08,,,Thiago Monteiro,L,183.0,BRA,29.128,122.0,529.0,6-1 6-0,3,R16,60.0,3.0,1.0,41.0,33.0,26.0,4.0,7.0,2.0,2.0,0.0,1.0,31.0,14.0,3.0,7.0,6.0,3.0,8.0
2023-316,Bastad,Clay,32,250,O,20230717,15,C0AU,4.0,,Francisco Cerundolo,R,185.0,ARG,24.925,20.0,1655.0,V0DZ,,,Luca Van Assche,R,178.0,FRA,19.181,77.0,748.0,6-2 6-3,3,R16,81.0,5.0,3.0,56.0,32.0,25.0,10.0,8.0,4.0,5.0,2.0,2.0,56.0,34.0,20.0,8.0,9.0,5.0,10.0
2023-316,Bastad,Clay,32,250,O,20230717,16,CE77,,,Federico Coria,R,180.0,ARG,31.354,113.0,566.0,B0JG,,WC,Leo Borg,R,183.0,SWE,20.172,437.0,99.0,6-4 6-2,3,R16,86.0,2.0,1.0,59.0,45.0,30.0,9.0,9.0,4.0,5.0,0.0,1.0,62.0,39.0,21.0,11.0,9.0,5.0,9.0
2023-316,Bastad,Clay,32,250,O,20230717,17,M0JZ,,Q,Filip Misolic,R,180.0,AUT,21.938,139.0,452.0,KC04,,Q,Jozef Kovalik,R,183.0,SVK,30.697,159.0,375.0,4-6 7-6(6) 6-4,3,R16,150.0,2.0,3.0,105.0,66.0,52.0,19.0,16.0,5.0,7.0,3.0,2.0,100.0,69.0,50.0,15.0,16.0,2.0,4.0
2023-316,Bastad,Clay,32,250,O,20230717,18,M0EJ,3.0,,Lorenzo Musetti,R,185.0,ITA,21.372,16.0,2290.0,A0FC,,,Matteo Arnaldi,R,185.0,ITA,22.396,75.0,762.0,6-3 4-6 7-6(6),3,R16,155.0,6.0,2.0,87.0,49.0,38.0,18.0,15.0,1.0,4.0,5.0,6.0,112.0,68.0,43.0,22.0,16.0,8.0,12.0
2023-316,Bastad,Clay,32,250,O,20230717,19,O513,,,Sebastian Ofner,R,191.0,AUT,27.179,58.0,855.0,Z419,,,Bernabe Zapata Miralles,R,183.0,ESP,26.508,53.0,871.0,4-6 6-4 6-4,3,R16,152.0,6.0,2.0,120.0,68.0,42.0,22.0,15.0,14.0,20.0,7.0,1.0,94.0,66.0,37.0,12.0,15.0,6.0,13.0
2023-316,Bastad,Clay,32,250,O,20230717,20,RH16,1.0,,Casper Ruud,R,183.0,NOR,24.567,4.0,5005.0,S0H2,,,Alexander Shevchenko,R,188.0,KAZ,22.628,96.0,622.0,6-2 6-4,3,R16,79.0,2.0,4.0,58.0,31.0,25.0,15.0,9.0,2.0,3.0,2.0,2.0,55.0,36.0,18.0,9.0,9.0,3.0,7.0
2023-316,Bastad,Clay,32,250,O,20230717,21,RE44,2.0,,Andrey Rublev,R,188.0,RUS,25.739,7.0,4525.0,Z355,5.0,,Alexander Zverev,R,198.0,GER,26.24,19.0,1720.0,6-2 6-3,3,QF,67.0,6.0,2.0,54.0,30.0,24.0,14.0,9.0,2.0,2.0,1.0,3.0,39.0,23.0,18.0,5.0,8.0,2.0,5.0
2023-316,Bastad,Clay,32,250,O,20230717,22,C0AU,4.0,,Francisco Cerundolo,R,185.0,ARG,24.925,20.0,1655.0,CE77,,,Federico Coria,R,180.0,ARG,31.354,113.0,566.0,6-3 6-3,3,QF,90.0,3.0,6.0,60.0,35.0,23.0,10.0,9.0,5.0,8.0,0.0,4.0,71.0,41.0,22.0,12.0,9.0,5.0,11.0
2023-316,Bastad,Clay,32,250,O,20230717,23,M0EJ,3.0,,Lorenzo Musetti,R,185.0,ITA,21.372,16.0,2290.0,M0JZ,,Q,Filip Misolic,R,180.0,AUT,21.938,139.0,452.0,4-6 6-1 6-2,3,QF,125.0,5.0,1.0,81.0,50.0,37.0,19.0,13.0,3.0,4.0,2.0,2.0,96.0,63.0,39.0,14.0,12.0,12.0,16.0
2023-316,Bastad,Clay,32,250,O,20230717,24,RH16,1.0,,Casper Ruud,R,183.0,NOR,24.567,4.0,5005.0,O513,,,Sebastian Ofner,R,191.0,AUT,27.179,58.0,855.0,6-3 6-4,3,QF,88.0,2.0,2.0,64.0,33.0,27.0,19.0,10.0,4.0,4.0,1.0,1.0,65.0,40.0,27.0,11.0,9.0,6.0,8.0
2023-316,Bastad,Clay,32,250,O,20230717,25,RE44,2.0,,Andrey Rublev,R,188.0,RUS,25.739,7.0,4525.0,C0AU,4.0,,Francisco Cerundolo,R,185.0,ARG,24.925,20.0,1655.0,7-6(6) 6-7(7) 6-3,3,SF,167.0,9.0,2.0,126.0,78.0,60.0,26.0,16.0,10.0,11.0,7.0,4.0,119.0,76.0,58.0,21.0,17.0,6.0,9.0
2023-316,Bastad,Clay,32,250,O,20230717,26,RH16,1.0,,Casper Ruud,R,183.0,NOR,24.567,4.0,5005.0,M0EJ,3.0,,Lorenzo Musetti,R,185.0,ITA,21.372,16.0,2290.0,6-3 7-5,3,SF,106.0,5.0,1.0,72.0,47.0,35.0,15.0,11.0,1.0,1.0,1.0,2.0,64.0,44.0,30.0,9.0,10.0,2.0,4.0
2023-316,Bastad,Clay,32,250,O,20230717,27,RE44,2.0,,Andrey Rublev,R,188.0,RUS,25.739,7.0,4525.0,RH16,1.0,,Casper Ruud,R,183.0,NOR,24.567,4.0,5005.0,7-6(3) 6-0,3,F,91.0,6.0,1.0,60.0,44.0,36.0,8.0,9.0,2.0,3.0,5.0,3.0,72.0,48.0,29.0,10.0,9.0,4.0,8.0
2023-315,Newport,Grass,32,250,O,20230717,1,H0BH,,,Rinky Hijikata,R,178.0,AUS,22.393,116.0,556.0,S0NV,,,Abdullah Shelbayh,L,180.0,JOR,19.666,240.0,249.0,6-3 6-4,3,R32,88.0,3.0,4.0,54.0,30.0,25.0,14.0,9.0,1.0,1.0,1.0,4.0,65.0,37.0,25.0,14.0,10.0,4.0,7.0
2023-315,Newport,Grass,32,250,O,20230717,2,BI23,,,Liam Broady,L,183.0,GBR,29.53,130.0,500.0,M0HU,,,Shintaro Mochizuki,R,175.0,JPN,20.123,192.0,304.0,6-1 7-5,3,R32,78.0,4.0,3.0,59.0,36.0,28.0,14.0,10.0,1.0,2.0,5.0,3.0,56.0,40.0,23.0,5.0,9.0,1.0,5.0
2023-315,Newport,Grass,32,250,O,20230717,3,TC61,7.0,,Jordan Thompson,R,183.0,AUS,29.24,69.0,798.0,K0AZ,,,Aleksandar Kovacevic,R,183.0,USA,24.882,123.0,526.0,6-0 6-1,3,R32,66.0,3.0,1.0,37.0,22.0,17.0,9.0,7.0,1.0,2.0,2.0,4.0,50.0,31.0,12.0,6.0,6.0,4.0,10.0
2023-315,Newport,Grass,32,250,O,20230717,4,J386,,,Steve Johnson,R,188.0,USA,33.561,197.0,297.0,CH90,,Q,Yun seong Chung,R,178.0,KOR,25.306,322.0,160.0,6-2 6-3,3,R32,60.0,6.0,1.0,47.0,32.0,26.0,10.0,9.0,0.0,0.0,4.0,1.0,52.0,35.0,21.0,9.0,8.0,2.0,5.0
2023-315,Newport,Grass,32,250,O,20230717,5,A678,,WC,Kevin Anderson,R,203.0,RSA,37.164,,,D0F6,,,Gabriel Diallo,R,203.0,CAN,21.81,141.0,443.0,6-3 6-2,3,R32,89.0,11.0,3.0,39.0,24.0,22.0,8.0,8.0,0.0,1.0,4.0,5.0,73.0,38.0,26.0,11.0,9.0,5.0,10.0
2023-315,Newport,Grass,32,250,O,20230717,6,BO10,,,Gijs Brouwer,L,191.0,NED,27.34,145.0,418.0,PH71,6.0,,Max Purcell,R,185.0,AUS,25.287,71.0,786.0,6-4 6-1,3,R32,76.0,4.0,2.0,64.0,46.0,33.0,12.0,9.0,6.0,6.0,1.0,0.0,53.0,38.0,20.0,8.0,8.0,9.0,12.0
2023-315,Newport,Grass,32,250,O,20230717,7,M0QI,,,Alex Michelsen,R,193.0,USA,18.891,190.0,308.0,C0BC,5.0,,Maxime Cressy,R,201.0,USA,26.19,105.0,605.0,6-7(5) 6-4 7-5,3,R32,168.0,8.0,2.0,110.0,65.0,47.0,30.0,17.0,5.0,5.0,23.0,13.0,116.0,63.0,51.0,25.0,17.0,7.0,9.0
2023-315,Newport,Grass,32,250,O,20230717,8,D994,,,James Duckworth,R,183.0,AUS,31.485,129.0,505.0,LB66,,,Constant Lestienne,R,180.0,FRA,31.149,86.0,691.0,5-7 6-4 7-5,3,R32,151.0,14.0,7.0,105.0,60.0,45.0,18.0,17.0,4.0,9.0,4.0,10.0,113.0,70.0,43.0,17.0,17.0,8.0,14.0
2023-315,Newport,Grass,32,250,O,20230717,9,TC01,,Q,Li Tu,R,183.0,AUS,27.138,252.0,231.0,V832,,,Aleksandar Vukic,R,188.0,AUS,27.277,83.0,716.0,6-3 7-6(6),3,R32,97.0,4.0,2.0,70.0,44.0,34.0,16.0,11.0,1.0,2.0,7.0,0.0,75.0,44.0,31.0,15.0,10.0,5.0,7.0
2023-315,Newport,Grass,32,250,O,20230717,10,MW02,8.0,,Corentin Moutet,L,180.0,FRA,24.244,73.0,768.0,S0JA,,WC,Eliot Spizzirri,R,185.0,USA,21.563,,,7-6(7) 6-0,3,R32,105.0,3.0,5.0,62.0,30.0,24.0,17.0,9.0,1.0,2.0,2.0,4.0,81.0,53.0,28.0,13.0,9.0,10.0,14.0
2023-315,Newport,Grass,32,250,O,20230717,11,I186,,,John Isner,R,208.0,USA,38.223,126.0,515.0,BI81,,Q,Alex Bolt,L,183.0,AUS,30.527,345.0,146.0,6-4 2-6 6-3,3,R32,108.0,20.0,4.0,81.0,56.0,42.0,13.0,14.0,1.0,3.0,7.0,5.0,71.0,42.0,34.0,16.0,13.0,3.0,5.0
2023-315,Newport,Grass,32,250,O,20230717,12,Q02L,,WC,Ethan Quinn,R,191.0,USA,19.346,434.0,100.0,MP13,,Q,Mukund Sasikumar,R,185.0,IND,26.502,356.0,140.0,6-3 6-1,3,R32,59.0,5.0,1.0,47.0,30.0,25.0,9.0,8.0,3.0,3.0,1.0,0.0,44.0,25.0,13.0,9.0,8.0,1.0,5.0
2023-315,Newport,Grass,32,250,O,20230717,13,ME82,2.0,,Adrian Mannarino,L,180.0,FRA,35.047,38.0,1146.0,H0BH,,,Rinky Hijikata,R,178.0,AUS,22.393,116.0,556.0,6-3 6-4,3,R16,106.0,2.0,2.0,70.0,43.0,33.0,11.0,9.0,5.0,7.0,3.0,2.0,57.0,26.0,17.0,13.0,10.0,5.0,10.0
2023-315,Newport,Grass,32,250,O,20230717,14,TC61,7.0,,Jordan Thompson,R,183.0,AUS,29.24,69.0,798.0,BI23,,,Liam Broady,L,183.0,GBR,29.53,130.0,500.0,6-2 6-2,3,R16,73.0,7.0,1.0,35.0,18.0,17.0,15.0,8.0,0.0,0.0,2.0,4.0,55.0,28.0,18.0,10.0,8.0,2.0,6.0
2023-315,Newport,Grass,32,250,O,20230717,15,HH26,3.0,,Ugo Humbert,L,188.0,FRA,25.057,40.0,1036.0,J386,,,Steve Johnson,R,188.0,USA,33.561,197.0,297.0,6-4 6-4,3,R16,87.0,5.0,4.0,66.0,38.0,27.0,17.0,10.0,3.0,4.0,8.0,4.0,57.0,38.0,26.0,10.0,10.0,4.0,7.0
2023-315,Newport,Grass,32,250,O,20230717,16,A678,,WC,Kevin Anderson,R,203.0,RSA,37.164,,,BO10,,,Gijs Brouwer,L,191.0,NED,27.34,145.0,418.0,6-3 7-6(6),3,R16,105.0,11.0,3.0,85.0,58.0,46.0,15.0,11.0,7.0,7.0,3.0,6.0,75.0,45.0,35.0,15.0,10.0,6.0,7.0
2023-315,Newport,Grass,32,250,O,20230717,17,M0QI,,,Alex Michelsen,R,193.0,USA,18.891,190.0,308.0,D994,,,James Duckworth,R,183.0,AUS,31.485,129.0,505.0,4-6 6-3 6-0,3,R16,115.0,5.0,3.0,82.0,47.0,32.0,21.0,12.0,4.0,6.0,3.0,4.0,82.0,45.0,27.0,16.0,13.0,8.0,14.0
2023-315,Newport,Grass,32,250,O,20230717,18,MK66,4.0,,Mackenzie McDonald,R,178.0,USA,28.252,59.0,845.0,TC01,,Q,Li Tu,R,183.0,AUS,27.138,252.0,231.0,6-4 7-6(5),3,R16,101.0,4.0,5.0,83.0,55.0,37.0,13.0,11.0,2.0,5.0,2.0,3.0,61.0,29.0,19.0,15.0,11.0,0.0,4.0
2023-315,Newport,Grass,32,250,O,20230717,19,I186,,,John Isner,R,208.0,USA,38.223,126.0,515.0,MW02,8.0,,Corentin Moutet,L,180.0,FRA,24.244,73.0,768.0,6-3 6-4,3,R16,85.0,7.0,3.0,51.0,37.0,33.0,8.0,10.0,1.0,1.0,2.0,3.0,56.0,35.0,24.0,11.0,9.0,5.0,7.0
2023-315,Newport,Grass,32,250,O,20230717,20,PL56,1.0,,Tommy Paul,R,185.0,USA,26.166,14.0,2320.0,Q02L,,WC,Ethan Quinn,R,191.0,USA,19.346,434.0,100.0,6-4 6-2,3,R16,93.0,6.0,2.0,59.0,27.0,23.0,13.0,9.0,2.0,4.0,3.0,3.0,65.0,40.0,23.0,9.0,9.0,6.0,11.0
2023-315,Newport,Grass,32,250,O,20230717,21,ME82,2.0,,Adrian Mannarino,L,180.0,FRA,35.047,38.0,1146.0,TC61,7.0,,Jordan Thompson,R,183.0,AUS,29.24,69.0,798.0,6-0 6-7(4) 6-2,3,QF,164.0,0.0,3.0,83.0,55.0,39.0,13.0,13.0,2.0,4.0,7.0,1.0,105.0,57.0,37.0,16.0,13.0,6.0,13.0
2023-315,Newport,Grass,32,250,O,20230717,22,HH26,3.0,,Ugo Humbert,L,188.0,FRA,25.057,40.0,1036.0,A678,,WC,Kevin Anderson,R,203.0,RSA,37.164,,,6-2 6-4,3,QF,94.0,5.0,2.0,66.0,39.0,26.0,15.0,9.0,5.0,6.0,7.0,3.0,65.0,42.0,28.0,6.0,9.0,6.0,10.0
2023-315,Newport,Grass,32,250,O,20230717,23,M0QI,,,Alex Michelsen,R,193.0,USA,18.891,190.0,308.0,MK66,4.0,,Mackenzie McDonald,R,178.0,USA,28.252,59.0,845.0,6-3 6-3,3,QF,71.0,3.0,0.0,49.0,38.0,31.0,4.0,9.0,2.0,3.0,2.0,2.0,56.0,35.0,17.0,11.0,9.0,8.0,12.0
2023-315,Newport,Grass,32,250,O,20230717,24,I186,,,John Isner,R,208.0,USA,38.223,126.0,515.0,PL56,1.0,,Tommy Paul,R,185.0,USA,26.166,14.0,2320.0,4-6 6-3 7-6(4),3,QF,161.0,20.0,3.0,114.0,73.0,48.0,25.0,16.0,6.0,8.0,13.0,7.0,99.0,63.0,49.0,16.0,15.0,5.0,7.0
2023-315,Newport,Grass,32,250,O,20230717,25,ME82,2.0,,Adrian Mannarino,L,180.0,FRA,35.047,38.0,1146.0,HH26,3.0,,Ugo Humbert,L,188.0,FRA,25.057,40.0,1036.0,6-4 6-3,3,SF,106.0,4.0,3.0,54.0,34.0,27.0,10.0,9.0,3.0,4.0,6.0,4.0,79.0,44.0,28.0,15.0,10.0,10.0,14.0
2023-315,Newport,Grass,32,250,O,20230717,26,M0QI,,,Alex Michelsen,R,193.0,USA,18.891,190.0,308.0,I186,,,John Isner,R,208.0,USA,38.223,126.0,515.0,7-6(6) 6-4,3,SF,101.0,5.0,0.0,70.0,55.0,43.0,10.0,11.0,3.0,3.0,20.0,1.0,75.0,50.0,41.0,11.0,11.0,1.0,2.0
2023-315,Newport,Grass,32,250,O,20230717,27,ME82,2.0,,Adrian Mannarino,L,180.0,FRA,35.047,38.0,1146.0,M0QI,,,Alex Michelsen,R,193.0,USA,18.891,190.0,308.0,6-2 6-4,3,F,82.0,3.0,3.0,49.0,31.0,25.0,11.0,9.0,0.0,1.0,2.0,3.0,54.0,34.0,21.0,8.0,9.0,2.0,6.0
2023-6116,Atlanta,Hard,32,250,O,20230724,1,KD46,,,Thanasi Kokkinakis,R,193.0,AUS,27.285,86.0,676.0,MC65,,WC,Gael Monfils,R,193.0,FRA,36.893,322.0,162.0,1-6 6-3 7-6(5),3,R32,123.0,8.0,1.0,83.0,63.0,48.0,10.0,14.0,2.0,4.0,10.0,2.0,86.0,47.0,34.0,26.0,14.0,1.0,2.0
2023-6116,Atlanta,Hard,32,250,O,20230724,2,HG86,,Q,Lloyd Harris,R,193.0,RSA,26.409,204.0,289.0,D994,,Q,James Duckworth,R,183.0,AUS,31.504,128.0,518.0,3-6 6-3 6-2,3,R32,118.0,18.0,5.0,87.0,51.0,42.0,17.0,13.0,3.0,4.0,6.0,1.0,81.0,51.0,35.0,18.0,13.0,7.0,10.0
2023-6116,Atlanta,Hard,32,250,O,20230724,3,HH26,7.0,,Ugo Humbert,L,188.0,FRA,25.076,38.0,1102.0,LB66,,,Constant Lestienne,R,180.0,FRA,31.168,95.0,621.0,4-6 7-5 7-5,3,R32,154.0,10.0,6.0,99.0,52.0,38.0,19.0,17.0,3.0,9.0,3.0,3.0,92.0,61.0,38.0,14.0,17.0,4.0,11.0
2023-6116,Atlanta,Hard,32,250,O,20230724,4,V832,,,Aleksandar Vukic,R,188.0,AUS,27.296,82.0,716.0,Q02L,,WC,Ethan Quinn,R,191.0,USA,19.365,394.0,116.0,7-6(5) 6-3,3,R32,86.0,8.0,0.0,68.0,44.0,33.0,14.0,10.0,4.0,4.0,7.0,2.0,59.0,36.0,29.0,12.0,11.0,2.0,4.0
2023-6116,Atlanta,Hard,32,250,O,20230724,5,N0AE,,,Brandon Nakashima,R,188.0,USA,21.971,58.0,855.0,PH71,,,Max Purcell,R,185.0,AUS,25.306,74.0,778.0,6-3 7-6(5),3,R32,121.0,8.0,1.0,68.0,39.0,30.0,19.0,11.0,1.0,2.0,7.0,0.0,87.0,56.0,37.0,17.0,10.0,12.0,14.0
2023-6116,Atlanta,Hard,32,250,O,20230724,6,E865,5.0,,Christopher Eubanks,R,201.0,USA,27.217,32.0,1300.0,M0NP,,WC,Andres Martin,R,183.0,USA,22.045,723.0,34.0,6-2 6-4,3,R32,67.0,5.0,1.0,43.0,29.0,26.0,11.0,9.0,3.0,3.0,3.0,1.0,64.0,44.0,28.0,9.0,9.0,7.0,10.0
2023-6116,Atlanta,Hard,32,250,O,20230724,7,W09G,8.0,,J.J. Wolf,R,183.0,USA,24.589,46.0,953.0,J380,,Q,Jason Jung,R,180.0,TPE,34.105,281.0,194.0,6-2 6-1,3,R32,73.0,7.0,3.0,54.0,26.0,21.0,17.0,8.0,1.0,1.0,2.0,1.0,57.0,32.0,17.0,10.0,7.0,3.0,7.0
2023-6116,Atlanta,Hard,32,250,O,20230724,8,C0BC,,,Maxime Cressy,R,201.0,USA,26.209,105.0,605.0,M0QI,,SE,Alex Michelsen,R,193.0,USA,18.91,140.0,456.0,6-3 6-3,3,R32,76.0,7.0,5.0,44.0,27.0,25.0,11.0,9.0,0.0,0.0,2.0,1.0,68.0,48.0,32.0,7.0,9.0,4.0,7.0
2023-6116,Atlanta,Hard,32,250,O,20230724,9,KE73,,,Dominik Koepfer,L,180.0,GER,29.235,88.0,675.0,I186,,SE,John Isner,R,208.0,USA,38.242,103.0,605.0,3-6 7-6(4) 7-6(3),3,R32,140.0,4.0,1.0,99.0,63.0,53.0,24.0,16.0,6.0,7.0,21.0,2.0,98.0,71.0,54.0,21.0,17.0,1.0,1.0
2023-6116,Atlanta,Hard,32,250,O,20230724,10,S0RE,,Q,Juncheng Shang,L,180.0,CHN,18.47,156.0,388.0,S0S1,6.0,,Ben Shelton,L,193.0,USA,20.789,41.0,1075.0,6-4 6-4,3,R32,88.0,5.0,3.0,56.0,36.0,30.0,12.0,10.0,3.0,3.0,12.0,3.0,75.0,45.0,31.0,14.0,10.0,3.0,5.0
2023-6116,Atlanta,Hard,32,250,O,20230724,11,N552,,PR,Kei Nishikori,R,178.0,JPN,33.566,439.0,98.0,TC61,,,Jordan Thompson,R,183.0,AUS,29.259,63.0,827.0,7-6(5) 7-6(5),3,R32,145.0,0.0,3.0,91.0,65.0,49.0,14.0,12.0,4.0,4.0,9.0,2.0,89.0,52.0,42.0,18.0,12.0,6.0,6.0
2023-6116,Atlanta,Hard,32,250,O,20230724,12,WB32,,,Yibing Wu,R,183.0,CHN,23.775,89.0,663.0,MW02,,,Corentin Moutet,L,180.0,FRA,24.263,73.0,782.0,6-3 6-4,3,R32,88.0,4.0,1.0,57.0,40.0,34.0,8.0,10.0,1.0,1.0,0.0,0.0,64.0,47.0,29.0,9.0,9.0,9.0,11.0
2023-6116,Atlanta,Hard,32,250,O,20230724,13,DH58,2.0,,Alex de Minaur,R,183.0,AUS,24.43,17.0,2150.0,KD46,,,Thanasi Kokkinakis,R,193.0,AUS,27.285,86.0,676.0,6-3 6-4,3,R16,94.0,3.0,1.0,59.0,28.0,21.0,21.0,10.0,1.0,2.0,1.0,4.0,55.0,30.0,22.0,11.0,9.0,4.0,7.0
2023-6116,Atlanta,Hard,32,250,O,20230724,14,HH26,7.0,,Ugo Humbert,L,188.0,FRA,25.076,38.0,1102.0,HG86,,Q,Lloyd Harris,R,193.0,RSA,26.409,204.0,289.0,7-6(6) 6-4,3,R16,94.0,4.0,2.0,63.0,40.0,35.0,15.0,11.0,0.0,0.0,14.0,6.0,66.0,43.0,37.0,11.0,11.0,2.0,3.0
2023-6116,Atlanta,Hard,32,250,O,20230724,15,V832,,,Aleksandar Vukic,R,188.0,AUS,27.296,82.0,716.0,N732,4.0,,Yoshihito Nishioka,L,170.0,JPN,27.822,31.0,1315.0,4-6 7-5 7-6(3),3,R16,150.0,26.0,4.0,107.0,63.0,48.0,23.0,17.0,1.0,3.0,5.0,0.0,106.0,68.0,47.0,24.0,17.0,6.0,8.0
2023-6116,Atlanta,Hard,32,250,O,20230724,16,E865,5.0,,Christopher Eubanks,R,201.0,USA,27.217,32.0,1300.0,N0AE,,,Brandon Nakashima,R,188.0,USA,21.971,58.0,855.0,6-7(4) 6-4 7-5,3,R16,141.0,21.0,4.0,112.0,81.0,63.0,16.0,17.0,7.0,7.0,12.0,0.0,91.0,65.0,53.0,13.0,17.0,0.0,2.0
2023-6116,Atlanta,Hard,32,250,O,20230724,17,W09G,8.0,,J.J. Wolf,R,183.0,USA,24.589,46.0,953.0,C0BC,,,Maxime Cressy,R,201.0,USA,26.209,105.0,605.0,7-6(7) 6-3,3,R16,95.0,6.0,0.0,69.0,46.0,36.0,16.0,11.0,0.0,0.0,16.0,4.0,58.0,37.0,31.0,14.0,10.0,3.0,4.0
2023-6116,Atlanta,Hard,32,250,O,20230724,18,KE73,,,Dominik Koepfer,L,180.0,GER,29.235,88.0,675.0,E687,3.0,,Daniel Evans,R,175.0,GBR,33.169,30.0,1321.0,2-6 7-6(3) 6-4,3,R16,150.0,10.0,2.0,94.0,67.0,48.0,13.0,15.0,10.0,14.0,6.0,4.0,102.0,66.0,49.0,15.0,15.0,2.0,5.0
2023-6116,Atlanta,Hard,32,250,O,20230724,19,N552,,PR,Kei Nishikori,R,178.0,JPN,33.566,439.0,98.0,S0RE,,Q,Juncheng Shang,L,180.0,CHN,18.47,156.0,388.0,6-4 7-6(3),3,R16,96.0,4.0,0.0,61.0,40.0,31.0,13.0,11.0,1.0,3.0,5.0,2.0,63.0,42.0,25.0,13.0,11.0,3.0,6.0
2023-6116,Atlanta,Hard,32,250,O,20230724,20,FB98,1.0,,Taylor Fritz,R,196.0,USA,25.736,9.0,3310.0,WB32,,,Yibing Wu,R,183.0,CHN,23.775,89.0,663.0,6-4 7-6(5),3,R16,90.0,10.0,0.0,72.0,47.0,38.0,14.0,11.0,3.0,4.0,6.0,5.0,79.0,48.0,34.0,14.0,11.0,5.0,7.0
2023-6116,Atlanta,Hard,32,250,O,20230724,21,HH26,7.0,,Ugo Humbert,L,188.0,FRA,25.076,38.0,1102.0,DH58,2.0,,Alex de Minaur,R,183.0,AUS,24.43,17.0,2150.0,7-6(4) 6-3,3,QF,118.0,7.0,0.0,71.0,40.0,30.0,21.0,11.0,5.0,6.0,3.0,4.0,74.0,44.0,31.0,15.0,10.0,8.0,10.0
2023-6116,Atlanta,Hard,32,250,O,20230724,22,V832,,,Aleksandar Vukic,R,188.0,AUS,27.296,82.0,716.0,E865,5.0,,Christopher Eubanks,R,201.0,USA,27.217,32.0,1300.0,6-4 6-4,3,QF,75.0,9.0,3.0,58.0,36.0,27.0,13.0,10.0,1.0,2.0,10.0,2.0,62.0,40.0,25.0,14.0,10.0,4.0,7.0
2023-6116,Atlanta,Hard,32,250,O,20230724,23,W09G,8.0,,J.J. Wolf,R,183.0,USA,24.589,46.0,953.0,KE73,,,Dominik Koepfer,L,180.0,GER,29.235,88.0,675.0,6-2 6-3,3,QF,72.0,9.0,0.0,46.0,31.0,24.0,9.0,9.0,0.0,1.0,6.0,2.0,45.0,29.0,19.0,4.0,8.0,2.0,6.0
2023-6116,Atlanta,Hard,32,250,O,20230724,24,FB98,1.0,,Taylor Fritz,R,196.0,USA,25.736,9.0,3310.0,N552,,PR,Kei Nishikori,R,178.0,JPN,33.566,439.0,98.0,6-4 6-2,3,QF,73.0,7.0,0.0,46.0,29.0,25.0,13.0,9.0,1.0,1.0,1.0,1.0,58.0,38.0,26.0,9.0,9.0,1.0,4.0
2023-6116,Atlanta,Hard,32,250,O,20230724,25,V832,,,Aleksandar Vukic,R,188.0,AUS,27.296,82.0,716.0,HH26,7.0,,Ugo Humbert,L,188.0,FRA,25.076,38.0,1102.0,3-6 7-6(2) 7-5,3,SF,132.0,17.0,2.0,93.0,63.0,48.0,18.0,16.0,1.0,3.0,11.0,2.0,88.0,64.0,47.0,17.0,17.0,1.0,3.0
2023-6116,Atlanta,Hard,32,250,O,20230724,26,FB98,1.0,,Taylor Fritz,R,196.0,USA,25.736,9.0,3310.0,W09G,8.0,,J.J. Wolf,R,183.0,USA,24.589,46.0,953.0,6-3 7-5,3,SF,81.0,13.0,2.0,64.0,43.0,36.0,12.0,11.0,2.0,2.0,5.0,3.0,58.0,34.0,25.0,12.0,10.0,3.0,5.0
2023-6116,Atlanta,Hard,32,250,O,20230724,27,FB98,1.0,,Taylor Fritz,R,196.0,USA,25.736,9.0,3310.0,V832,,,Aleksandar Vukic,R,188.0,AUS,27.296,82.0,716.0,7-5 6-7(5) 6-4,3,F,136.0,16.0,2.0,91.0,56.0,47.0,26.0,17.0,0.0,0.0,14.0,3.0,109.0,64.0,52.0,21.0,17.0,7.0,9.0
2023-414,Hamburg,Clay,32,500,O,20230724,1,RE44,2.0,,Andrey Rublev,R,188.0,RUS,25.758,7.0,4730.0,Z419,,,Bernabe Zapata Miralles,R,183.0,ESP,26.527,54.0,875.0,5-7 6-1 7-6(7),3,R32,172.0,5.0,2.0,116.0,80.0,53.0,20.0,15.0,9.0,12.0,2.0,6.0,126.0,88.0,61.0,11.0,16.0,12.0,17.0
2023-414,Hamburg,Clay,32,500,O,20230724,2,AE14,,,Daniel Altmaier,R,188.0,GER,24.862,61.0,833.0,G628,,,Richard Gasquet,R,183.0,FRA,37.098,48.0,915.0,7-5 6-4,3,R32,114.0,6.0,2.0,60.0,31.0,22.0,14.0,11.0,2.0,6.0,2.0,2.0,84.0,44.0,25.0,15.0,11.0,10.0,16.0
2023-414,Hamburg,Clay,32,500,O,20230724,3,Z371,,,Zhizhen Zhang,R,193.0,CHN,26.768,79.0,737.0,CH12,,Q,Jan Choinski,R,196.0,GBR,27.118,151.0,408.0,6-4 7-5,3,R32,113.0,4.0,2.0,71.0,40.0,28.0,19.0,11.0,4.0,5.0,4.0,3.0,95.0,74.0,49.0,6.0,11.0,13.0,16.0
2023-414,Hamburg,Clay,32,500,O,20230724,4,H997,,,Yannick Hanfmann,R,193.0,GER,31.693,45.0,974.0,C0AU,5.0,,Francisco Cerundolo,R,185.0,ARG,24.945,21.0,1565.0,4-6 6-2 4-2 RET,3,R32,107.0,1.0,3.0,70.0,49.0,34.0,11.0,12.0,3.0,6.0,0.0,3.0,79.0,51.0,27.0,13.0,12.0,3.0,8.0
2023-414,Hamburg,Clay,32,500,O,20230724,5,M0EJ,3.0,,Lorenzo Musetti,R,185.0,ITA,21.391,18.0,1880.0,Y218,,Q,Elias Ymer,R,185.0,SWE,27.285,186.0,325.0,6-4 6-1,3,R32,74.0,4.0,1.0,47.0,34.0,26.0,5.0,8.0,1.0,2.0,1.0,3.0,49.0,30.0,16.0,6.0,9.0,1.0,6.0
2023-414,Hamburg,Clay,32,500,O,20230724,6,KC04,,LL,Jozef Kovalik,R,183.0,SVK,30.716,172.0,342.0,SX91,,Q,Thiago Seyboth Wild,R,185.0,BRA,23.37,123.0,527.0,7-6(6) 6-4,3,R32,111.0,3.0,2.0,85.0,62.0,46.0,13.0,11.0,2.0,3.0,2.0,0.0,65.0,44.0,30.0,14.0,11.0,2.0,4.0
2023-414,Hamburg,Clay,32,500,O,20230724,7,PC11,,PR,Guido Pella,L,183.0,ARG,33.185,228.0,260.0,MJ08,,LL,Thiago Monteiro,L,183.0,BRA,29.147,121.0,539.0,6-3 4-6 6-4,3,R32,146.0,8.0,2.0,97.0,64.0,52.0,15.0,15.0,9.0,10.0,6.0,5.0,80.0,51.0,41.0,14.0,14.0,4.0,6.0
2023-414,Hamburg,Clay,32,500,O,20230724,8,DB63,,,Laslo Djere,R,188.0,SRB,28.142,57.0,865.0,EA24,6.0,,Tomas Martin Etcheverry,R,196.0,ARG,24.016,34.0,1231.0,7-6(2) 6-3,3,R32,106.0,2.0,2.0,64.0,36.0,27.0,19.0,11.0,1.0,2.0,4.0,2.0,66.0,35.0,25.0,17.0,10.0,4.0,6.0
2023-414,Hamburg,Clay,32,500,O,20230724,9,DH50,7.0,,Alejandro Davidovich Fokina,R,180.0,ESP,24.134,39.0,1095.0,CG04,,,Pedro Cachin,R,185.0,ARG,28.282,49.0,902.0,2-6 7-5 6-2,3,R32,115.0,2.0,1.0,82.0,50.0,39.0,18.0,14.0,5.0,7.0,9.0,2.0,80.0,49.0,38.0,14.0,14.0,1.0,4.0
2023-414,Hamburg,Clay,32,500,O,20230724,10,V0DZ,,,Luca Van Assche,R,178.0,FRA,19.201,77.0,756.0,MP20,,,Alexandre Muller,R,183.0,FRA,26.472,81.0,720.0,7-6(3) 6-4,3,R32,133.0,6.0,3.0,69.0,37.0,24.0,15.0,11.0,2.0,7.0,8.0,3.0,98.0,62.0,31.0,14.0,11.0,14.0,20.0
2023-414,Hamburg,Clay,32,500,O,20230724,11,MN13,,WC,Maximilian Marterer,L,188.0,GER,28.107,144.0,441.0,M0AC,,WC,Rudolf Molleker,R,188.0,GER,22.741,251.0,231.0,7-6(2) 6-2,3,R32,80.0,16.0,2.0,65.0,45.0,34.0,10.0,10.0,1.0,2.0,5.0,0.0,70.0,50.0,32.0,6.0,10.0,5.0,8.0
2023-414,Hamburg,Clay,32,500,O,20230724,12,Z355,4.0,,Alexander Zverev,R,198.0,GER,26.259,19.0,1755.0,MV14,,,Alex Molcan,L,178.0,SVK,25.643,118.0,551.0,6-0 6-3,3,R32,61.0,3.0,0.0,44.0,36.0,26.0,6.0,8.0,0.0,0.0,2.0,1.0,42.0,28.0,15.0,5.0,7.0,3.0,7.0
2023-414,Hamburg,Clay,32,500,O,20230724,13,L987,,,Dusan Lajovic,R,183.0,SRB,33.065,60.0,839.0,KI95,8.0,,Miomir Kecmanovic,R,183.0,SRB,23.896,40.0,1090.0,3-6 6-4 6-3,3,R32,119.0,2.0,1.0,85.0,59.0,43.0,16.0,14.0,5.0,6.0,1.0,1.0,96.0,58.0,41.0,18.0,14.0,2.0,4.0
2023-414,Hamburg,Clay,32,500,O,20230724,14,F0F1,,,Arthur Fils,R,185.0,FRA,19.113,71.0,796.0,GE33,,LL,Daniel Elahi Galan,R,191.0,COL,27.097,67.0,808.0,7-5 7-5,3,R32,105.0,4.0,3.0,72.0,48.0,37.0,13.0,12.0,4.0,5.0,7.0,0.0,80.0,54.0,33.0,16.0,12.0,7.0,10.0
2023-414,Hamburg,Clay,32,500,O,20230724,15,GD64,,Q,Cristian Garin,R,185.0,CHI,27.149,120.0,541.0,DA31,,PR,Hugo Dellien,R,180.0,BOL,30.103,164.0,362.0,6-7(3) 6-1 6-3,3,R32,130.0,3.0,2.0,83.0,56.0,39.0,16.0,14.0,1.0,3.0,2.0,3.0,82.0,53.0,33.0,13.0,14.0,3.0,9.0
2023-414,Hamburg,Clay,32,500,O,20230724,16,RH16,1.0,,Casper Ruud,R,183.0,NOR,24.586,4.0,4905.0,B0BI,,,Sebastian Baez,R,170.0,ARG,22.568,64.0,815.0,6-3 1-6 6-3,3,R32,116.0,2.0,3.0,70.0,49.0,29.0,13.0,13.0,1.0,5.0,2.0,2.0,92.0,71.0,38.0,13.0,12.0,8.0,12.0
2023-414,Hamburg,Clay,32,500,O,20230724,17,AE14,,,Daniel Altmaier,R,188.0,GER,24.862,61.0,833.0,RE44,2.0,,Andrey Rublev,R,188.0,RUS,25.758,7.0,4730.0,6-2 6-2,3,R16,74.0,7.0,2.0,49.0,27.0,23.0,12.0,8.0,2.0,2.0,4.0,1.0,51.0,34.0,17.0,10.0,8.0,3.0,7.0
2023-414,Hamburg,Clay,32,500,O,20230724,18,Z371,,,Zhizhen Zhang,R,193.0,CHN,26.768,79.0,737.0,H997,,,Yannick Hanfmann,R,193.0,GER,31.693,45.0,974.0,4-6 6-1 6-4,3,R16,128.0,2.0,1.0,93.0,59.0,39.0,19.0,14.0,4.0,7.0,2.0,3.0,74.0,48.0,27.0,13.0,13.0,2.0,7.0
2023-414,Hamburg,Clay,32,500,O,20230724,19,M0EJ,3.0,,Lorenzo Musetti,R,185.0,ITA,21.391,18.0,1880.0,KC04,,LL,Jozef Kovalik,R,183.0,SVK,30.716,172.0,342.0,3-6 6-2 6-4,3,R16,125.0,2.0,0.0,72.0,43.0,30.0,19.0,13.0,3.0,5.0,0.0,4.0,93.0,58.0,32.0,21.0,14.0,6.0,10.0
2023-414,Hamburg,Clay,32,500,O,20230724,20,DB63,,,Laslo Djere,R,188.0,SRB,28.142,57.0,865.0,PC11,,PR,Guido Pella,L,183.0,ARG,33.185,228.0,260.0,6-2 3-6 6-3,3,R16,121.0,8.0,3.0,83.0,50.0,38.0,18.0,13.0,2.0,3.0,0.0,4.0,86.0,54.0,34.0,17.0,13.0,9.0,12.0
2023-414,Hamburg,Clay,32,500,O,20230724,21,V0DZ,,,Luca Van Assche,R,178.0,FRA,19.201,77.0,756.0,DH50,7.0,,Alejandro Davidovich Fokina,R,180.0,ESP,24.134,39.0,1095.0,3-6 7-6(5) 6-4,3,R16,192.0,6.0,2.0,116.0,63.0,45.0,28.0,15.0,8.0,10.0,5.0,1.0,121.0,74.0,53.0,20.0,16.0,11.0,13.0
2023-414,Hamburg,Clay,32,500,O,20230724,22,Z355,4.0,,Alexander Zverev,R,198.0,GER,26.259,19.0,1755.0,MN13,,WC,Maximilian Marterer,L,188.0,GER,28.107,144.0,441.0,6-3 7-5,3,R16,77.0,2.0,2.0,52.0,39.0,35.0,4.0,10.0,2.0,3.0,1.0,1.0,55.0,40.0,27.0,6.0,11.0,2.0,6.0
2023-414,Hamburg,Clay,32,500,O,20230724,23,F0F1,,,Arthur Fils,R,185.0,FRA,19.113,71.0,796.0,L987,,,Dusan Lajovic,R,183.0,SRB,33.065,60.0,839.0,7-5 7-5,3,R16,100.0,3.0,6.0,76.0,49.0,32.0,13.0,12.0,3.0,6.0,0.0,1.0,72.0,48.0,25.0,13.0,12.0,6.0,11.0
2023-414,Hamburg,Clay,32,500,O,20230724,24,RH16,1.0,,Casper Ruud,R,183.0,NOR,24.586,4.0,4905.0,GD64,,Q,Cristian Garin,R,185.0,CHI,27.149,120.0,541.0,1-6 6-2 6-2,3,R16,100.0,4.0,1.0,76.0,50.0,33.0,13.0,12.0,8.0,11.0,0.0,2.0,60.0,39.0,25.0,10.0,11.0,1.0,5.0
2023-414,Hamburg,Clay,32,500,O,20230724,25,Z371,,,Zhizhen Zhang,R,193.0,CHN,26.768,79.0,737.0,AE14,,,Daniel Altmaier,R,188.0,GER,24.862,61.0,833.0,6-4 6-4,3,QF,83.0,2.0,2.0,62.0,45.0,34.0,11.0,10.0,2.0,2.0,7.0,0.0,53.0,34.0,24.0,11.0,10.0,3.0,5.0
2023-414,Hamburg,Clay,32,500,O,20230724,26,DB63,,,Laslo Djere,R,188.0,SRB,28.142,57.0,865.0,M0EJ,3.0,,Lorenzo Musetti,R,185.0,ITA,21.391,18.0,1880.0,7-5 6-3,3,QF,88.0,6.0,0.0,58.0,41.0,31.0,12.0,11.0,0.0,1.0,2.0,2.0,63.0,42.0,32.0,6.0,10.0,4.0,7.0
2023-414,Hamburg,Clay,32,500,O,20230724,27,Z355,4.0,,Alexander Zverev,R,198.0,GER,26.259,19.0,1755.0,V0DZ,,,Luca Van Assche,R,178.0,FRA,19.201,77.0,756.0,6-3 6-4,3,QF,89.0,8.0,1.0,48.0,35.0,28.0,10.0,10.0,0.0,1.0,0.0,1.0,65.0,34.0,24.0,12.0,9.0,5.0,8.0
2023-414,Hamburg,Clay,32,500,O,20230724,28,F0F1,,,Arthur Fils,R,185.0,FRA,19.113,71.0,796.0,RH16,1.0,,Casper Ruud,R,183.0,NOR,24.586,4.0,4905.0,6-0 6-4,3,QF,77.0,4.0,3.0,48.0,33.0,28.0,7.0,8.0,1.0,1.0,2.0,0.0,56.0,38.0,19.0,9.0,8.0,5.0,9.0
2023-414,Hamburg,Clay,32,500,O,20230724,29,DB63,,,Laslo Djere,R,188.0,SRB,28.142,57.0,865.0,Z371,,,Zhizhen Zhang,R,193.0,CHN,26.768,79.0,737.0,6-3 6-2,3,SF,60.0,6.0,1.0,42.0,28.0,27.0,10.0,9.0,0.0,0.0,4.0,0.0,43.0,32.0,21.0,5.0,8.0,6.0,9.0
2023-414,Hamburg,Clay,32,500,O,20230724,30,Z355,4.0,,Alexander Zverev,R,198.0,GER,26.259,19.0,1755.0,F0F1,,,Arthur Fils,R,185.0,FRA,19.113,71.0,796.0,6-2 6-4,3,SF,91.0,7.0,2.0,66.0,51.0,37.0,7.0,9.0,3.0,3.0,4.0,1.0,56.0,37.0,23.0,10.0,9.0,1.0,4.0
2023-414,Hamburg,Clay,32,500,O,20230724,31,Z355,4.0,,Alexander Zverev,R,198.0,GER,26.259,19.0,1755.0,DB63,,,Laslo Djere,R,188.0,SRB,28.142,57.0,865.0,7-5 6-3,3,F,110.0,3.0,2.0,68.0,44.0,34.0,13.0,11.0,4.0,5.0,3.0,1.0,61.0,32.0,21.0,16.0,10.0,1.0,4.0
2023-439,Umag,Clay,32,250,O,20230724,1,CF01,,,Marco Cecchinato,R,185.0,ITA,30.812,96.0,619.0,S0H2,,,Alexander Shevchenko,R,188.0,KAZ,22.648,93.0,632.0,4-6 7-6(0) 6-3,3,R32,161.0,1.0,3.0,105.0,55.0,40.0,26.0,15.0,5.0,8.0,3.0,4.0,108.0,65.0,42.0,22.0,16.0,4.0,8.0
2023-439,Umag,Clay,32,250,O,20230724,2,M0CI,,,Fabian Marozsan,R,193.0,HUN,23.792,87.0,675.0,C0C8,,,Juan Manuel Cerundolo,L,183.0,ARG,21.687,110.0,585.0,6-3 6-2,3,R32,66.0,4.0,1.0,53.0,33.0,22.0,14.0,9.0,0.0,1.0,2.0,2.0,54.0,30.0,17.0,11.0,8.0,5.0,9.0
2023-439,Umag,Clay,32,250,O,20230724,3,MU94,,,Jaume Munar,R,183.0,ESP,26.218,104.0,605.0,R772,8.0,,Albert Ramos-Vinolas,L,188.0,ESP,35.515,65.0,812.0,6-3 3-6 6-3,3,R32,176.0,3.0,3.0,89.0,71.0,42.0,9.0,14.0,6.0,11.0,0.0,1.0,87.0,64.0,35.0,10.0,13.0,10.0,16.0
2023-439,Umag,Clay,32,250,O,20230724,4,DA81,,,Taro Daniel,R,191.0,JPN,30.486,113.0,580.0,L0IL,,WC,Martin Landaluce,R,193.0,ESP,17.539,720.0,35.0,1-6 7-5 6-2,3,R32,147.0,2.0,1.0,94.0,56.0,36.0,23.0,14.0,6.0,9.0,3.0,1.0,68.0,46.0,30.0,17.0,13.0,3.0,6.0
2023-439,Umag,Clay,32,250,O,20230724,5,CE77,,,Federico Coria,R,180.0,ARG,31.373,108.0,602.0,HH06,,,Marc-Andrea Huesler,L,196.0,SUI,27.08,83.0,705.0,6-4 6-2,3,R32,116.0,4.0,1.0,57.0,40.0,25.0,11.0,9.0,4.0,6.0,2.0,3.0,94.0,51.0,25.0,21.0,9.0,12.0,17.0
2023-439,Umag,Clay,32,250,O,20230724,6,W367,6.0,,Stan Wawrinka,R,183.0,SUI,38.322,72.0,784.0,M0JZ,,Q,Filip Misolic,R,180.0,AUT,21.958,129.0,509.0,6-3 6-2,3,R32,62.0,4.0,2.0,50.0,30.0,23.0,12.0,9.0,2.0,3.0,2.0,0.0,40.0,19.0,11.0,11.0,8.0,1.0,5.0
2023-439,Umag,Clay,32,250,O,20230724,7,P09O,,,Zsombor Piros,R,180.0,HUN,23.778,124.0,523.0,O483,5.0,,Christopher O'Connell,R,183.0,AUS,29.139,68.0,806.0,6-3 6-4,3,R32,81.0,2.0,0.0,61.0,39.0,30.0,15.0,10.0,4.0,4.0,5.0,2.0,55.0,36.0,25.0,9.0,9.0,1.0,3.0
2023-439,Umag,Clay,32,250,O,20230724,8,P0HW,,WC,Dino Prizmic,R,188.0,CRO,17.966,287.0,188.0,A0CJ,,WC,Duje Ajdukovic,R,188.0,CRO,22.461,299.0,178.0,6-1 6-2,3,R32,77.0,1.0,0.0,47.0,24.0,19.0,15.0,8.0,1.0,1.0,4.0,3.0,42.0,20.0,13.0,9.0,7.0,1.0,5.0
2023-439,Umag,Clay,32,250,O,20230724,9,P09Z,,,Alexei Popyrin,R,196.0,AUS,23.967,90.0,655.0,BM95,,,Benjamin Bonzi,R,183.0,FRA,27.121,107.0,603.0,6-4 7-5,3,R32,115.0,8.0,7.0,76.0,40.0,31.0,18.0,11.0,4.0,5.0,3.0,3.0,72.0,41.0,26.0,18.0,11.0,9.0,12.0
2023-439,Umag,Clay,32,250,O,20230724,10,A0FC,7.0,,Matteo Arnaldi,R,185.0,ITA,22.415,76.0,771.0,D0C1,,Q,Jesper de Jong,R,180.0,NED,23.146,180.0,333.0,6-3 6-2,3,R32,92.0,1.0,3.0,57.0,26.0,20.0,17.0,9.0,3.0,4.0,2.0,3.0,58.0,32.0,20.0,9.0,8.0,3.0,7.0
2023-439,Umag,Clay,32,250,O,20230724,11,C0E9,,Q,Flavio Cobolli,R,183.0,ITA,21.216,148.0,417.0,C977,,,Marin Cilic,R,198.0,CRO,34.817,100.0,610.0,6-4 6-3,3,R32,111.0,3.0,0.0,55.0,31.0,23.0,17.0,9.0,3.0,3.0,3.0,3.0,72.0,43.0,26.0,13.0,10.0,5.0,8.0
2023-439,Umag,Clay,32,250,O,20230724,12,TB69,,,Dominic Thiem,R,185.0,AUT,29.886,112.0,581.0,BF23,,Q,Facundo Bagnis,L,183.0,ARG,33.402,133.0,487.0,6-4 7-5,3,R32,122.0,3.0,5.0,78.0,45.0,38.0,15.0,11.0,6.0,6.0,4.0,1.0,65.0,42.0,31.0,12.0,11.0,5.0,7.0
2023-439,Umag,Clay,32,250,O,20230724,13,SU87,2.0,,Lorenzo Sonego,R,191.0,ITA,28.203,43.0,1025.0,CF01,,,Marco Cecchinato,R,185.0,ITA,30.812,96.0,619.0,6-1 7-6(7),3,R16,95.0,0.0,0.0,54.0,40.0,32.0,8.0,9.0,1.0,2.0,0.0,2.0,72.0,50.0,30.0,11.0,10.0,5.0,9.0
2023-439,Umag,Clay,32,250,O,20230724,14,MU94,,,Jaume Munar,R,183.0,ESP,26.218,104.0,605.0,M0CI,,,Fabian Marozsan,R,193.0,HUN,23.792,87.0,675.0,6-4 6-3,3,R16,91.0,3.0,0.0,56.0,38.0,32.0,8.0,9.0,1.0,1.0,0.0,0.0,68.0,47.0,28.0,12.0,10.0,4.0,7.0
2023-439,Umag,Clay,32,250,O,20230724,15,CF59,4.0,,Roberto Carballes Baena,R,183.0,ESP,30.335,59.0,845.0,DA81,,,Taro Daniel,R,191.0,JPN,30.486,113.0,580.0,6-3 6-1,3,R16,102.0,0.0,6.0,72.0,50.0,32.0,10.0,8.0,3.0,4.0,0.0,2.0,46.0,23.0,10.0,10.0,8.0,2.0,7.0
2023-439,Umag,Clay,32,250,O,20230724,16,W367,6.0,,Stan Wawrinka,R,183.0,SUI,38.322,72.0,784.0,CE77,,,Federico Coria,R,180.0,ARG,31.373,108.0,602.0,7-5 6-1,3,R16,87.0,2.0,1.0,54.0,26.0,20.0,17.0,10.0,2.0,4.0,1.0,2.0,57.0,36.0,16.0,12.0,9.0,5.0,10.0
2023-439,Umag,Clay,32,250,O,20230724,17,P0HW,,WC,Dino Prizmic,R,188.0,CRO,17.966,287.0,188.0,P09O,,,Zsombor Piros,R,180.0,HUN,23.778,124.0,523.0,6-2 6-3,3,R16,81.0,1.0,4.0,49.0,30.0,25.0,12.0,9.0,1.0,1.0,1.0,0.0,58.0,37.0,20.0,10.0,8.0,7.0,10.0
2023-439,Umag,Clay,32,250,O,20230724,18,P09Z,,,Alexei Popyrin,R,196.0,AUS,23.967,90.0,655.0,O513,3.0,,Sebastian Ofner,R,191.0,AUT,27.198,52.0,889.0,6-4 6-1,3,R16,66.0,3.0,0.0,45.0,28.0,23.0,11.0,8.0,1.0,1.0,1.0,7.0,54.0,29.0,17.0,11.0,9.0,1.0,5.0
2023-439,Umag,Clay,32,250,O,20230724,19,A0FC,7.0,,Matteo Arnaldi,R,185.0,ITA,22.415,76.0,771.0,C0E9,,Q,Flavio Cobolli,R,183.0,ITA,21.216,148.0,417.0,6-3 7-6(5),3,R16,110.0,3.0,3.0,85.0,45.0,30.0,24.0,11.0,7.0,8.0,2.0,1.0,58.0,31.0,24.0,15.0,10.0,0.0,2.0
2023-439,Umag,Clay,32,250,O,20230724,20,L0BV,1.0,,Jiri Lehecka,R,185.0,CZE,21.706,33.0,1233.0,TB69,,,Dominic Thiem,R,185.0,AUT,29.886,112.0,581.0,6-3 7-5,3,R16,100.0,3.0,2.0,63.0,38.0,31.0,14.0,11.0,2.0,3.0,4.0,4.0,60.0,32.0,21.0,13.0,10.0,3.0,6.0
2023-439,Umag,Clay,32,250,O,20230724,21,SU87,2.0,,Lorenzo Sonego,R,191.0,ITA,28.203,43.0,1025.0,MU94,,,Jaume Munar,R,183.0,ESP,26.218,104.0,605.0,3-6 6-1 6-2,3,QF,125.0,3.0,2.0,76.0,53.0,37.0,10.0,12.0,7.0,9.0,2.0,4.0,62.0,37.0,22.0,11.0,12.0,1.0,6.0
2023-439,Umag,Clay,32,250,O,20230724,22,W367,6.0,,Stan Wawrinka,R,183.0,SUI,38.322,72.0,784.0,CF59,4.0,,Roberto Carballes Baena,R,183.0,ESP,30.335,59.0,845.0,6-4 7-5,3,QF,104.0,3.0,1.0,56.0,30.0,24.0,18.0,11.0,0.0,1.0,0.0,1.0,69.0,52.0,40.0,4.0,11.0,1.0,4.0
2023-439,Umag,Clay,32,250,O,20230724,23,P09Z,,,Alexei Popyrin,R,196.0,AUS,23.967,90.0,655.0,P0HW,,WC,Dino Prizmic,R,188.0,CRO,17.966,287.0,188.0,7-6(2) 7-5,3,QF,144.0,3.0,1.0,79.0,47.0,35.0,17.0,12.0,2.0,4.0,2.0,10.0,83.0,45.0,34.0,16.0,12.0,7.0,10.0
2023-439,Umag,Clay,32,250,O,20230724,24,A0FC,7.0,,Matteo Arnaldi,R,185.0,ITA,22.415,76.0,771.0,L0BV,1.0,,Jiri Lehecka,R,185.0,CZE,21.706,33.0,1233.0,3-6 6-2 6-4,3,QF,124.0,8.0,2.0,81.0,40.0,30.0,26.0,14.0,2.0,4.0,2.0,2.0,77.0,54.0,40.0,9.0,13.0,6.0,9.0
2023-439,Umag,Clay,32,250,O,20230724,25,W367,6.0,,Stan Wawrinka,R,183.0,SUI,38.322,72.0,784.0,SU87,2.0,,Lorenzo Sonego,R,191.0,ITA,28.203,43.0,1025.0,6-3 6-4,3,SF,86.0,5.0,0.0,56.0,32.0,27.0,16.0,10.0,1.0,1.0,3.0,2.0,48.0,35.0,25.0,8.0,9.0,1.0,3.0
2023-439,Umag,Clay,32,250,O,20230724,26,P09Z,,,Alexei Popyrin,R,196.0,AUS,23.967,90.0,655.0,A0FC,7.0,,Matteo Arnaldi,R,185.0,ITA,22.415,76.0,771.0,6-7(2) 7-5 6-3,3,SF,196.0,6.0,6.0,107.0,57.0,46.0,26.0,17.0,1.0,3.0,11.0,4.0,122.0,75.0,48.0,25.0,16.0,15.0,19.0
2023-439,Umag,Clay,32,250,O,20230724,27,P09Z,,,Alexei Popyrin,R,196.0,AUS,23.967,90.0,655.0,W367,6.0,,Stan Wawrinka,R,183.0,SUI,38.322,72.0,784.0,6-7(5) 6-3 6-4,3,F,156.0,4.0,3.0,99.0,59.0,45.0,24.0,16.0,2.0,4.0,4.0,2.0,90.0,54.0,39.0,19.0,15.0,5.0,9.0
2023-319,Kitzbuhel,Clay,32,250,O,20230731,1,RC91,,,Arthur Rinderknech,R,196.0,FRA,28.022,67.0,836.0,C0C8,,LL,Juan Manuel Cerundolo,L,183.0,ARG,21.706,106.0,585.0,6-7(3) 6-4 6-2,3,R32,129.0,19.0,5.0,90.0,54.0,49.0,18.0,15.0,2.0,2.0,3.0,9.0,100.0,57.0,46.0,20.0,15.0,5.0,8.0
2023-319,Kitzbuhel,Clay,32,250,O,20230731,2,TB69,,WC,Dominic Thiem,R,185.0,AUT,29.906,116.0,556.0,BF23,,Q,Facundo Bagnis,L,183.0,ARG,33.421,135.0,454.0,7-6(3) 7-6(6),3,R32,142.0,10.0,2.0,92.0,59.0,41.0,21.0,12.0,7.0,9.0,6.0,2.0,86.0,59.0,41.0,14.0,12.0,3.0,5.0
2023-319,Kitzbuhel,Clay,32,250,O,20230731,3,Z371,,,Zhizhen Zhang,R,193.0,CHN,26.787,53.0,911.0,L987,7.0,,Dusan Lajovic,R,183.0,SRB,33.084,66.0,839.0,6-3 6-2,3,R32,61.0,4.0,1.0,46.0,32.0,26.0,7.0,8.0,1.0,1.0,1.0,3.0,46.0,29.0,21.0,6.0,9.0,1.0,5.0
2023-319,Kitzbuhel,Clay,32,250,O,20230731,4,R772,,,Albert Ramos-Vinolas,L,188.0,ESP,35.535,82.0,733.0,V836,,,Juan Pablo Varillas,R,185.0,PER,27.817,77.0,786.0,6-1 7-5,3,R32,115.0,8.0,1.0,71.0,45.0,33.0,14.0,9.0,8.0,8.0,4.0,1.0,77.0,39.0,26.0,15.0,10.0,8.0,12.0
2023-319,Kitzbuhel,Clay,32,250,O,20230731,5,SX91,,WC,Thiago Seyboth Wild,R,185.0,BRA,23.389,117.0,543.0,DB59,,Q,Dennis Novak,R,183.0,AUT,29.922,166.0,361.0,6-3 6-4,3,R32,83.0,7.0,1.0,64.0,38.0,28.0,17.0,10.0,5.0,5.0,3.0,2.0,57.0,35.0,21.0,15.0,9.0,0.0,2.0
2023-319,Kitzbuhel,Clay,32,250,O,20230731,6,DB63,5.0,,Laslo Djere,R,188.0,SRB,28.162,38.0,1145.0,O483,,,Christopher O'Connell,R,183.0,AUS,29.158,74.0,806.0,6-4 7-6(4),3,R32,113.0,4.0,7.0,95.0,49.0,31.0,25.0,11.0,7.0,8.0,2.0,4.0,74.0,46.0,33.0,12.0,11.0,6.0,8.0
2023-319,Kitzbuhel,Clay,32,250,O,20230731,7,CF59,6.0,,Roberto Carballes Baena,R,183.0,ESP,30.355,64.0,845.0,PC11,,PR,Guido Pella,L,183.0,ARG,33.205,199.0,305.0,6-2 6-4,3,R32,71.0,2.0,0.0,43.0,24.0,22.0,14.0,9.0,0.0,0.0,3.0,3.0,47.0,26.0,16.0,12.0,9.0,1.0,4.0
2023-319,Kitzbuhel,Clay,32,250,O,20230731,8,B0BI,,,Sebastian Baez,R,170.0,ARG,22.587,72.0,815.0,M0JF,,Q,Hamad Medjedovic,R,188.0,SRB,20.036,147.0,424.0,6-4 6-2,3,R32,82.0,5.0,2.0,62.0,41.0,29.0,11.0,9.0,4.0,6.0,1.0,6.0,55.0,25.0,15.0,11.0,9.0,4.0,9.0
2023-319,Kitzbuhel,Clay,32,250,O,20230731,9,MV14,,,Alex Molcan,L,178.0,SVK,25.662,120.0,531.0,V0DZ,,,Luca Van Assche,R,178.0,FRA,19.22,68.0,831.0,6-4 6-3,3,R32,94.0,2.0,2.0,51.0,33.0,27.0,11.0,9.0,2.0,2.0,4.0,1.0,77.0,43.0,29.0,15.0,10.0,8.0,11.0
2023-319,Kitzbuhel,Clay,32,250,O,20230731,10,AE14,8.0,,Daniel Altmaier,R,188.0,GER,24.882,51.0,916.0,HH06,,,Marc-Andrea Huesler,L,196.0,SUI,27.099,88.0,690.0,6-7(5) 6-2 6-4,3,R32,132.0,7.0,4.0,91.0,62.0,51.0,12.0,15.0,3.0,4.0,9.0,2.0,89.0,58.0,41.0,14.0,15.0,0.0,4.0
2023-319,Kitzbuhel,Clay,32,250,O,20230731,11,GE33,,,Daniel Elahi Galan,R,191.0,COL,27.116,76.0,798.0,CF01,,,Marco Cecchinato,R,185.0,ITA,30.831,108.0,582.0,6-2 6-2,3,R32,58.0,7.0,1.0,41.0,27.0,24.0,9.0,8.0,2.0,2.0,3.0,2.0,47.0,30.0,19.0,7.0,8.0,3.0,7.0
2023-319,Kitzbuhel,Clay,32,250,O,20230731,12,A887,,Q,Guido Andreozzi,R,183.0,ARG,31.986,240.0,245.0,M0JZ,,WC,Filip Misolic,R,180.0,AUT,21.977,158.0,371.0,5-7 6-4 6-2,3,R32,125.0,4.0,3.0,77.0,44.0,37.0,22.0,15.0,4.0,6.0,7.0,5.0,98.0,61.0,39.0,18.0,15.0,4.0,8.0
2023-319,Kitzbuhel,Clay,32,250,O,20230731,13,RC91,,,Arthur Rinderknech,R,196.0,FRA,28.022,67.0,836.0,H997,2.0,,Yannick Hanfmann,R,193.0,GER,31.713,50.0,929.0,7-6(3) 6-3,3,R16,93.0,10.0,6.0,66.0,37.0,30.0,18.0,10.0,3.0,3.0,8.0,4.0,66.0,40.0,29.0,12.0,11.0,3.0,5.0
2023-319,Kitzbuhel,Clay,32,250,O,20230731,14,TB69,,WC,Dominic Thiem,R,185.0,AUT,29.906,116.0,556.0,Z371,,,Zhizhen Zhang,R,193.0,CHN,26.787,53.0,911.0,1-6 6-3 6-2,3,R16,102.0,6.0,4.0,62.0,46.0,35.0,9.0,12.0,2.0,4.0,8.0,3.0,77.0,44.0,34.0,15.0,12.0,7.0,10.0
2023-319,Kitzbuhel,Clay,32,250,O,20230731,15,CG04,3.0,,Pedro Cachin,R,185.0,ARG,28.301,54.0,902.0,R772,,,Albert Ramos-Vinolas,L,188.0,ESP,35.535,82.0,733.0,7-5 6-3,3,R16,100.0,7.0,2.0,72.0,39.0,26.0,16.0,11.0,6.0,9.0,1.0,5.0,60.0,36.0,20.0,11.0,10.0,3.0,8.0
2023-319,Kitzbuhel,Clay,32,250,O,20230731,16,DB63,5.0,,Laslo Djere,R,188.0,SRB,28.162,38.0,1145.0,SX91,,WC,Thiago Seyboth Wild,R,185.0,BRA,23.389,117.0,543.0,7-6(5) 6-3,3,R16,94.0,6.0,3.0,76.0,45.0,32.0,19.0,11.0,4.0,4.0,4.0,4.0,64.0,37.0,28.0,15.0,10.0,1.0,2.0
2023-319,Kitzbuhel,Clay,32,250,O,20230731,17,B0BI,,,Sebastian Baez,R,170.0,ARG,22.587,72.0,815.0,CF59,6.0,,Roberto Carballes Baena,R,183.0,ESP,30.355,64.0,845.0,6-1 6-2,3,R16,82.0,0.0,0.0,35.0,26.0,22.0,6.0,7.0,0.0,0.0,1.0,0.0,60.0,37.0,18.0,11.0,8.0,7.0,12.0
2023-319,Kitzbuhel,Clay,32,250,O,20230731,18,MV14,,,Alex Molcan,L,178.0,SVK,25.662,120.0,531.0,O513,4.0,,Sebastian Ofner,R,191.0,AUT,27.217,61.0,868.0,4-6 7-5 7-6(5),3,R16,148.0,6.0,4.0,128.0,84.0,61.0,14.0,17.0,9.0,14.0,10.0,5.0,111.0,45.0,37.0,29.0,17.0,3.0,8.0
2023-319,Kitzbuhel,Clay,32,250,O,20230731,19,GE33,,,Daniel Elahi Galan,R,191.0,COL,27.116,76.0,798.0,AE14,8.0,,Daniel Altmaier,R,188.0,GER,24.882,51.0,916.0,3-6 6-2 7-6(8),3,R16,160.0,5.0,7.0,108.0,58.0,42.0,25.0,15.0,7.0,10.0,4.0,5.0,96.0,58.0,38.0,19.0,14.0,2.0,5.0
2023-319,Kitzbuhel,Clay,32,250,O,20230731,20,EA24,1.0,,Tomas Martin Etcheverry,R,196.0,ARG,24.036,34.0,1231.0,A887,,Q,Guido Andreozzi,R,183.0,ARG,31.986,240.0,245.0,6-2 6-2,3,R16,75.0,2.0,0.0,39.0,26.0,21.0,10.0,8.0,1.0,2.0,1.0,7.0,51.0,31.0,15.0,6.0,8.0,5.0,10.0
2023-319,Kitzbuhel,Clay,32,250,O,20230731,21,TB69,,WC,Dominic Thiem,R,185.0,AUT,29.906,116.0,556.0,RC91,,,Arthur Rinderknech,R,196.0,FRA,28.022,67.0,836.0,4-6 6-3 6-4,3,QF,140.0,6.0,3.0,83.0,52.0,41.0,18.0,15.0,1.0,2.0,10.0,5.0,86.0,50.0,38.0,20.0,14.0,8.0,10.0
2023-319,Kitzbuhel,Clay,32,250,O,20230731,22,DB63,5.0,,Laslo Djere,R,188.0,SRB,28.162,38.0,1145.0,CG04,3.0,,Pedro Cachin,R,185.0,ARG,28.301,54.0,902.0,6-4 6-2,3,QF,79.0,4.0,4.0,59.0,39.0,31.0,10.0,9.0,2.0,2.0,2.0,1.0,53.0,32.0,20.0,10.0,9.0,3.0,6.0
2023-319,Kitzbuhel,Clay,32,250,O,20230731,23,B0BI,,,Sebastian Baez,R,170.0,ARG,22.587,72.0,815.0,MV14,,,Alex Molcan,L,178.0,SVK,25.662,120.0,531.0,6-4 6-3,3,QF,86.0,0.0,1.0,60.0,45.0,28.0,9.0,10.0,3.0,6.0,1.0,1.0,66.0,46.0,23.0,9.0,9.0,7.0,12.0
2023-319,Kitzbuhel,Clay,32,250,O,20230731,24,EA24,1.0,,Tomas Martin Etcheverry,R,196.0,ARG,24.036,34.0,1231.0,GE33,,,Daniel Elahi Galan,R,191.0,COL,27.116,76.0,798.0,6-7(6) 6-3 6-4,3,QF,189.0,7.0,2.0,101.0,66.0,49.0,20.0,16.0,5.0,6.0,8.0,3.0,127.0,89.0,60.0,16.0,15.0,10.0,13.0
2023-319,Kitzbuhel,Clay,32,250,O,20230731,25,TB69,,WC,Dominic Thiem,R,185.0,AUT,29.906,116.0,556.0,DB63,5.0,,Laslo Djere,R,188.0,SRB,28.162,38.0,1145.0,6-7(3) 7-5 7-6(8),3,SF,210.0,8.0,5.0,149.0,91.0,65.0,35.0,18.0,12.0,12.0,9.0,2.0,122.0,82.0,61.0,28.0,18.0,3.0,4.0
2023-319,Kitzbuhel,Clay,32,250,O,20230731,26,B0BI,,,Sebastian Baez,R,170.0,ARG,22.587,72.0,815.0,EA24,1.0,,Tomas Martin Etcheverry,R,196.0,ARG,24.036,34.0,1231.0,7-6(5) 3-6 6-4,3,SF,160.0,3.0,1.0,105.0,81.0,56.0,11.0,16.0,5.0,9.0,7.0,5.0,94.0,55.0,43.0,17.0,15.0,2.0,5.0
2023-319,Kitzbuhel,Clay,32,250,O,20230731,27,B0BI,,,Sebastian Baez,R,170.0,ARG,22.587,72.0,815.0,TB69,,WC,Dominic Thiem,R,185.0,AUT,29.906,116.0,556.0,6-3 6-1,3,F,80.0,0.0,2.0,53.0,39.0,31.0,7.0,8.0,2.0,2.0,5.0,2.0,52.0,32.0,19.0,8.0,8.0,2.0,6.0
2023-7480,Los Cabos,Hard,32,250,O,20230731,1,K0AZ,,,Aleksandar Kovacevic,R,183.0,USA,24.92,129.0,476.0,K0EE,,Q,Omni Kumar,L,173.0,USA,21.804,403.0,114.0,6-2 7-5,3,R32,90.0,9.0,3.0,58.0,38.0,30.0,7.0,10.0,4.0,6.0,2.0,2.0,59.0,30.0,19.0,11.0,10.0,3.0,8.0
2023-7480,Los Cabos,Hard,32,250,O,20230731,2,D994,,,James Duckworth,R,183.0,AUS,31.524,123.0,510.0,V0AM,,,Otto Virtanen,R,193.0,FIN,22.108,127.0,493.0,6-3 6-0,3,R32,51.0,5.0,0.0,40.0,21.0,19.0,13.0,8.0,0.0,0.0,4.0,5.0,37.0,23.0,15.0,3.0,7.0,2.0,6.0
2023-7480,Los Cabos,Hard,32,250,O,20230731,3,KE73,7.0,,Dominik Koepfer,L,180.0,GER,29.254,84.0,708.0,BS86,,,Tomas Barrios Vera,R,191.0,CHI,25.637,121.0,525.0,6-4 6-3,3,R32,91.0,2.0,0.0,47.0,34.0,28.0,9.0,9.0,0.0,0.0,3.0,3.0,72.0,45.0,31.0,10.0,10.0,7.0,10.0
2023-7480,Los Cabos,Hard,32,250,O,20230731,4,MW75,,,Felipe Meligeni Alves,R,185.0,BRA,25.443,177.0,336.0,TE30,,,Alejandro Tabilo,L,188.0,CHI,26.16,122.0,522.0,6-2 6-4,3,R32,78.0,6.0,1.0,60.0,36.0,31.0,7.0,9.0,3.0,5.0,6.0,4.0,59.0,34.0,23.0,5.0,9.0,9.0,14.0
2023-7480,Los Cabos,Hard,32,250,O,20230731,5,T0A1,,,Thiago Agustin Tirante,R,185.0,ARG,22.305,136.0,452.0,LB07,,Q,Gonzalo Lama,R,180.0,CHI,30.259,410.0,110.0,7-6(3) 6-2,3,R32,117.0,2.0,0.0,56.0,44.0,32.0,10.0,10.0,0.0,1.0,3.0,5.0,74.0,41.0,27.0,15.0,10.0,9.0,12.0
2023-7480,Los Cabos,Hard,32,250,O,20230731,6,DH58,5.0,,Alex de Minaur,R,183.0,AUS,24.449,19.0,1945.0,ML73,,Q,Skander Mansouri,R,193.0,TUN,28.022,296.0,183.0,6-4 6-4,3,R32,105.0,3.0,4.0,55.0,26.0,22.0,11.0,10.0,0.0,3.0,4.0,5.0,77.0,44.0,29.0,9.0,10.0,6.0,11.0
2023-7480,Los Cabos,Hard,32,250,O,20230731,7,I305,8.0,,Ilya Ivashka,R,193.0,BLR,29.429,113.0,562.0,Z09Z,,Q,Beibit Zhukayev,R,198.0,KAZ,22.798,258.0,221.0,3-6 6-3 7-6(5),3,R32,152.0,8.0,9.0,104.0,57.0,41.0,25.0,15.0,8.0,10.0,7.0,3.0,88.0,50.0,36.0,20.0,15.0,0.0,2.0
2023-7480,Los Cabos,Hard,32,250,O,20230731,8,GH92,,,Borna Gojo,R,196.0,CRO,25.421,115.0,560.0,GD64,,,Cristian Garin,R,185.0,CHI,27.168,101.0,606.0,7-5 4-6 6-3,3,R32,130.0,20.0,0.0,98.0,64.0,52.0,16.0,16.0,5.0,7.0,3.0,2.0,78.0,55.0,43.0,9.0,15.0,5.0,8.0
2023-7480,Los Cabos,Hard,32,250,O,20230731,9,J380,,LL,Jason Jung,R,180.0,TPE,34.125,276.0,206.0,E873,,WC,Ernesto Escobedo,R,185.0,MEX,27.072,377.0,124.0,3-6 7-6(5) 6-2,3,R32,146.0,2.0,2.0,87.0,53.0,35.0,21.0,14.0,3.0,6.0,9.0,3.0,98.0,64.0,43.0,16.0,15.0,7.0,11.0
2023-7480,Los Cabos,Hard,32,250,O,20230731,10,J551,6.0,,Nicolas Jarry,R,201.0,CHI,27.803,28.0,1339.0,P0J1,,WC,Rodrigo Pacheco Mendez,L,191.0,MEX,18.264,817.0,24.0,6-3 6-1,3,R32,79.0,4.0,2.0,45.0,28.0,24.0,9.0,8.0,1.0,1.0,0.0,0.0,49.0,34.0,19.0,8.0,8.0,4.0,8.0
2023-7480,Los Cabos,Hard,32,250,O,20230731,11,BO10,,,Gijs Brouwer,L,191.0,NED,27.379,144.0,437.0,D0F6,,,Gabriel Diallo,R,203.0,CAN,21.848,140.0,443.0,6-2 4-6 6-2,3,R32,123.0,4.0,6.0,93.0,61.0,40.0,13.0,13.0,4.0,7.0,5.0,9.0,77.0,43.0,27.0,13.0,13.0,4.0,10.0
2023-7480,Los Cabos,Hard,32,250,O,20230731,12,I186,,,John Isner,R,208.0,USA,38.261,114.0,560.0,H0BH,,,Rinky Hijikata,R,178.0,AUS,22.431,110.0,569.0,6-2 7-6(4),3,R32,114.0,19.0,2.0,64.0,45.0,34.0,11.0,10.0,6.0,7.0,0.0,6.0,79.0,46.0,29.0,15.0,10.0,9.0,12.0
2023-7480,Los Cabos,Hard,32,250,O,20230731,13,K0AZ,,,Aleksandar Kovacevic,R,183.0,USA,24.92,129.0,476.0,N771,2.0,,Cameron Norrie,L,188.0,GBR,27.937,13.0,2610.0,5-7 7-6(7) 6-4,3,R16,177.0,15.0,5.0,106.0,71.0,57.0,20.0,17.0,1.0,2.0,6.0,2.0,115.0,76.0,55.0,25.0,17.0,4.0,5.0
2023-7480,Los Cabos,Hard,32,250,O,20230731,14,KE73,7.0,,Dominik Koepfer,L,180.0,GER,29.254,84.0,708.0,D994,,,James Duckworth,R,183.0,AUS,31.524,123.0,510.0,6-2 6-2,3,R16,74.0,4.0,2.0,49.0,30.0,24.0,13.0,8.0,1.0,1.0,3.0,3.0,64.0,32.0,16.0,16.0,8.0,6.0,10.0
2023-7480,Los Cabos,Hard,32,250,O,20230731,15,PL56,3.0,,Tommy Paul,R,185.0,USA,26.204,14.0,2320.0,MW75,,,Felipe Meligeni Alves,R,185.0,BRA,25.443,177.0,336.0,7-5 7-6(7),3,R16,132.0,8.0,6.0,87.0,52.0,39.0,17.0,12.0,6.0,7.0,0.0,2.0,91.0,56.0,40.0,16.0,12.0,13.0,15.0
2023-7480,Los Cabos,Hard,32,250,O,20230731,16,DH58,5.0,,Alex de Minaur,R,183.0,AUS,24.449,19.0,1945.0,T0A1,,,Thiago Agustin Tirante,R,185.0,ARG,22.305,136.0,452.0,6-2 6-1,3,R16,63.0,0.0,0.0,35.0,22.0,19.0,9.0,7.0,0.0,0.0,3.0,1.0,50.0,28.0,15.0,8.0,8.0,4.0,9.0
2023-7480,Los Cabos,Hard,32,250,O,20230731,17,I305,8.0,,Ilya Ivashka,R,193.0,BLR,29.429,113.0,562.0,GH92,,,Borna Gojo,R,196.0,CRO,25.421,115.0,560.0,5-7 6-2 6-4,3,R16,158.0,4.0,10.0,101.0,59.0,39.0,21.0,15.0,6.0,10.0,12.0,5.0,106.0,62.0,43.0,15.0,15.0,9.0,15.0
2023-7480,Los Cabos,Hard,32,250,O,20230731,18,CG80,4.0,,Borna Coric,R,188.0,CRO,26.708,16.0,2225.0,J380,,LL,Jason Jung,R,180.0,TPE,34.125,276.0,206.0,6-1 6-2,3,R16,68.0,5.0,0.0,44.0,28.0,22.0,11.0,8.0,0.0,0.0,0.0,4.0,41.0,25.0,13.0,6.0,7.0,3.0,7.0
2023-7480,Los Cabos,Hard,32,250,O,20230731,19,J551,6.0,,Nicolas Jarry,R,201.0,CHI,27.803,28.0,1339.0,BO10,,,Gijs Brouwer,L,191.0,NED,27.379,144.0,437.0,7-6(5) 4-6 6-4,3,R16,158.0,8.0,5.0,108.0,64.0,50.0,25.0,16.0,5.0,6.0,4.0,6.0,89.0,58.0,51.0,17.0,16.0,2.0,3.0
2023-7480,Los Cabos,Hard,32,250,O,20230731,20,TE51,1.0,,Stefanos Tsitsipas,R,193.0,GRE,24.966,5.0,4850.0,I186,,,John Isner,R,208.0,USA,38.261,114.0,560.0,6-2 6-4,3,R16,77.0,8.0,1.0,47.0,32.0,28.0,9.0,9.0,1.0,1.0,7.0,3.0,61.0,38.0,25.0,8.0,9.0,4.0,7.0
2023-7480,Los Cabos,Hard,32,250,O,20230731,21,KE73,7.0,,Dominik Koepfer,L,180.0,GER,29.254,84.0,708.0,K0AZ,,,Aleksandar Kovacevic,R,183.0,USA,24.92,129.0,476.0,6-4 7-5,3,QF,113.0,8.0,4.0,61.0,37.0,28.0,13.0,11.0,5.0,7.0,8.0,4.0,71.0,34.0,22.0,16.0,11.0,4.0,8.0
2023-7480,Los Cabos,Hard,32,250,O,20230731,22,DH58,5.0,,Alex de Minaur,R,183.0,AUS,24.449,19.0,1945.0,PL56,3.0,,Tommy Paul,R,185.0,USA,26.204,14.0,2320.0,6-4 3-6 6-3,3,QF,145.0,3.0,4.0,88.0,50.0,34.0,19.0,14.0,1.0,4.0,4.0,3.0,80.0,45.0,35.0,14.0,14.0,1.0,5.0
2023-7480,Los Cabos,Hard,32,250,O,20230731,23,CG80,4.0,,Borna Coric,R,188.0,CRO,26.708,16.0,2225.0,I305,8.0,,Ilya Ivashka,R,193.0,BLR,29.429,113.0,562.0,6-3 6-4,3,QF,99.0,8.0,4.0,62.0,36.0,30.0,13.0,10.0,1.0,2.0,1.0,4.0,55.0,29.0,22.0,11.0,9.0,6.0,9.0
2023-7480,Los Cabos,Hard,32,250,O,20230731,24,TE51,1.0,,Stefanos Tsitsipas,R,193.0,GRE,24.966,5.0,4850.0,J551,6.0,,Nicolas Jarry,R,201.0,CHI,27.803,28.0,1339.0,6-7(6) 7-6(4) 6-2,3,QF,177.0,11.0,3.0,96.0,61.0,49.0,23.0,16.0,0.0,1.0,9.0,1.0,103.0,71.0,49.0,18.0,16.0,3.0,6.0
2023-7480,Los Cabos,Hard,32,250,O,20230731,25,DH58,5.0,,Alex de Minaur,R,183.0,AUS,24.449,19.0,1945.0,KE73,7.0,,Dominik Koepfer,L,180.0,GER,29.254,84.0,708.0,6-2 6-7(5) 6-1,3,SF,144.0,3.0,0.0,81.0,42.0,28.0,25.0,14.0,2.0,5.0,1.0,3.0,84.0,55.0,30.0,13.0,13.0,2.0,9.0
2023-7480,Los Cabos,Hard,32,250,O,20230731,26,TE51,1.0,,Stefanos Tsitsipas,R,193.0,GRE,24.966,5.0,4850.0,CG80,4.0,,Borna Coric,R,188.0,CRO,26.708,16.0,2225.0,6-3 6-2,3,SF,71.0,7.0,1.0,43.0,30.0,26.0,10.0,9.0,0.0,0.0,1.0,5.0,42.0,27.0,17.0,5.0,8.0,2.0,5.0
2023-7480,Los Cabos,Hard,32,250,O,20230731,27,TE51,1.0,,Stefanos Tsitsipas,R,193.0,GRE,24.966,5.0,4850.0,DH58,5.0,,Alex de Minaur,R,183.0,AUS,24.449,19.0,1945.0,6-3 6-4,3,F,86.0,2.0,0.0,48.0,28.0,23.0,11.0,10.0,0.0,2.0,1.0,3.0,54.0,29.0,21.0,8.0,9.0,5.0,9.0
2023-418,Washington,Hard,64,500,O,20230731,1,KC56,,,Aslan Karatsev,R,185.0,RUS,29.903,75.0,798.0,P0ED,,Q,Kiranpal Pannu,R,185.0,NZL,26.56,717.0,35.0,7-6(3) 6-1,3,R64,98.0,7.0,3.0,54.0,32.0,24.0,18.0,10.0,1.0,2.0,5.0,7.0,69.0,38.0,26.0,11.0,9.0,6.0,9.0
2023-418,Washington,Hard,64,500,O,20230731,2,S0RE,,Q,Juncheng Shang,L,180.0,CHN,18.489,149.0,420.0,GA36,,,Emilio Gomez,R,185.0,ECU,31.671,155.0,384.0,6-3 6-3,3,R64,84.0,3.0,0.0,56.0,31.0,21.0,15.0,9.0,1.0,2.0,2.0,3.0,60.0,32.0,21.0,10.0,9.0,3.0,7.0
2023-418,Washington,Hard,64,500,O,20230731,3,BK24,,,Gregoire Barrere,R,183.0,FRA,29.451,59.0,884.0,M0HU,,Q,Shintaro Mochizuki,R,175.0,JPN,20.162,200.0,304.0,6-4 6-7(7) 6-3,3,R64,139.0,8.0,4.0,95.0,56.0,39.0,22.0,15.0,5.0,8.0,4.0,5.0,118.0,61.0,40.0,25.0,16.0,5.0,11.0
2023-418,Washington,Hard,64,500,O,20230731,4,S0H2,,,Alexander Shevchenko,R,188.0,KAZ,22.667,93.0,632.0,C0BC,,,Maxime Cressy,R,201.0,USA,26.229,96.0,615.0,6-3 7-6(8),3,R64,100.0,3.0,4.0,78.0,38.0,27.0,21.0,11.0,1.0,3.0,5.0,7.0,65.0,34.0,22.0,15.0,10.0,3.0,6.0
2023-418,Washington,Hard,64,500,O,20230731,5,WB08,,,Yosuke Watanuki,R,180.0,JPN,25.3,99.0,608.0,WB32,,,Yibing Wu,R,183.0,CHN,23.795,90.0,683.0,1-4 RET,3,R64,20.0,1.0,0.0,13.0,6.0,3.0,4.0,2.0,1.0,2.0,0.0,0.0,13.0,8.0,7.0,5.0,3.0,0.0,0.0
2023-418,Washington,Hard,64,500,O,20230731,6,KD46,,,Thanasi Kokkinakis,R,193.0,AUS,27.305,86.0,696.0,DA81,,,Taro Daniel,R,191.0,JPN,30.505,111.0,568.0,2-6 6-4 6-4,3,R64,160.0,5.0,6.0,92.0,56.0,42.0,14.0,14.0,4.0,8.0,3.0,1.0,93.0,47.0,34.0,23.0,14.0,4.0,8.0
2023-418,Washington,Hard,64,500,O,20230731,7,RH24,,,Emil Ruusuvuori,R,188.0,FIN,24.329,55.0,901.0,LB66,,,Constant Lestienne,R,180.0,FRA,31.187,109.0,574.0,6-4 6-4,3,R64,86.0,7.0,0.0,62.0,46.0,34.0,11.0,10.0,1.0,1.0,4.0,3.0,54.0,25.0,19.0,17.0,10.0,2.0,4.0
2023-418,Washington,Hard,64,500,O,20230731,8,MK66,,,Mackenzie McDonald,R,178.0,USA,28.29,60.0,870.0,SM37,,,Diego Schwartzman,R,170.0,ARG,30.954,95.0,615.0,6-3 6-3,3,R64,77.0,6.0,3.0,49.0,31.0,26.0,11.0,9.0,1.0,1.0,2.0,3.0,63.0,44.0,27.0,9.0,9.0,6.0,9.0
2023-418,Washington,Hard,64,500,O,20230731,9,MC65,,WC,Gael Monfils,R,193.0,FRA,36.912,323.0,162.0,F811,,Q,Bjorn Fratangelo,R,183.0,USA,30.031,695.0,38.0,6-3 6-4,3,R64,71.0,6.0,1.0,51.0,33.0,29.0,12.0,10.0,2.0,2.0,1.0,2.0,61.0,41.0,25.0,12.0,9.0,5.0,7.0
2023-418,Washington,Hard,64,500,O,20230731,10,BI23,,,Liam Broady,L,183.0,GBR,29.569,125.0,504.0,MW02,,,Corentin Moutet,L,180.0,FRA,24.282,80.0,750.0,7-6(0) 6-4,3,R64,134.0,2.0,3.0,75.0,38.0,29.0,15.0,11.0,2.0,6.0,4.0,1.0,79.0,48.0,27.0,12.0,11.0,4.0,9.0
2023-418,Washington,Hard,64,500,O,20230731,11,A829,,,Radu Albot,R,175.0,MDA,33.717,97.0,615.0,GC88,,,Marcos Giron,R,180.0,USA,30.018,69.0,830.0,6-3 5-7 7-5,3,R64,163.0,3.0,5.0,124.0,85.0,53.0,19.0,17.0,12.0,17.0,12.0,2.0,103.0,62.0,37.0,21.0,16.0,8.0,14.0
2023-418,Washington,Hard,64,500,O,20230731,12,MP01,,,Michael Mmoh,R,188.0,USA,25.552,112.0,564.0,KA98,,Q,Bradley Klahn,L,183.0,USA,32.945,797.0,26.0,6-3 6-3,3,R64,82.0,8.0,2.0,51.0,34.0,28.0,11.0,9.0,2.0,2.0,4.0,5.0,61.0,42.0,28.0,6.0,9.0,6.0,9.0
2023-418,Washington,Hard,64,500,O,20230731,13,TC61,,,Jordan Thompson,R,183.0,AUS,29.279,71.0,827.0,A678,,WC,Kevin Anderson,R,203.0,RSA,37.202,652.0,45.0,6-4 6-7(1) 6-1,3,R64,131.0,15.0,1.0,86.0,54.0,43.0,18.0,15.0,2.0,3.0,15.0,7.0,95.0,60.0,44.0,14.0,14.0,11.0,15.0
2023-418,Washington,Hard,64,500,O,20230731,14,SY67,,LL,Sho Shimabukuro,R,180.0,JPN,26.001,161.0,367.0,HG86,,PR,Lloyd Harris,R,193.0,RSA,26.428,186.0,321.0,6-4 6-3,3,R64,63.0,7.0,3.0,50.0,30.0,27.0,11.0,10.0,0.0,1.0,7.0,2.0,48.0,27.0,21.0,8.0,9.0,0.0,3.0
2023-418,Washington,Hard,64,500,O,20230731,15,N0AE,,,Brandon Nakashima,R,188.0,USA,21.99,70.0,830.0,V832,,,Aleksandar Vukic,R,188.0,AUS,27.316,62.0,855.0,7-6(5) 7-6(9),3,R64,126.0,8.0,2.0,86.0,53.0,38.0,18.0,12.0,4.0,7.0,7.0,1.0,98.0,56.0,35.0,23.0,12.0,4.0,7.0
2023-418,Washington,Hard,64,500,O,20230731,16,S0K7,,Q,Zachary Svajda,R,175.0,USA,20.668,233.0,259.0,PH71,,,Max Purcell,R,185.0,AUS,25.325,78.0,778.0,4-6 7-6(2) 7-5,3,R64,185.0,10.0,0.0,117.0,71.0,48.0,27.0,17.0,11.0,15.0,12.0,1.0,108.0,69.0,50.0,18.0,17.0,6.0,10.0
2023-418,Washington,Hard,64,500,O,20230731,17,TD51,2.0,,Frances Tiafoe,R,188.0,USA,25.525,10.0,3085.0,KC56,,,Aslan Karatsev,R,185.0,RUS,29.903,75.0,798.0,7-6(5) 7-6(5),3,R32,129.0,8.0,2.0,87.0,56.0,42.0,20.0,12.0,4.0,4.0,7.0,5.0,88.0,48.0,37.0,23.0,12.0,2.0,2.0
2023-418,Washington,Hard,64,500,O,20230731,18,S0RE,,Q,Juncheng Shang,L,180.0,CHN,18.489,149.0,420.0,S0S1,14.0,,Ben Shelton,L,193.0,USA,20.808,43.0,1065.0,6-2 3-6 6-3,3,R32,101.0,1.0,2.0,64.0,43.0,31.0,14.0,13.0,3.0,6.0,5.0,5.0,71.0,45.0,31.0,12.0,13.0,4.0,9.0
2023-418,Washington,Hard,64,500,O,20230731,19,E687,9.0,,Daniel Evans,R,175.0,GBR,33.188,30.0,1321.0,BK24,,,Gregoire Barrere,R,183.0,FRA,29.451,59.0,884.0,2-6 6-0 6-3,3,R32,114.0,4.0,4.0,72.0,39.0,25.0,20.0,12.0,1.0,4.0,8.0,4.0,77.0,49.0,31.0,10.0,11.0,7.0,12.0
2023-418,Washington,Hard,64,500,O,20230731,20,S0H2,,,Alexander Shevchenko,R,188.0,KAZ,22.667,93.0,632.0,K0AH,8.0,,Sebastian Korda,R,196.0,USA,23.069,26.0,1365.0,5-7 7-6(4) 6-4,3,R32,149.0,5.0,7.0,125.0,63.0,44.0,29.0,17.0,19.0,24.0,8.0,4.0,113.0,54.0,39.0,29.0,17.0,10.0,15.0
2023-418,Washington,Hard,64,500,O,20230731,21,WB08,,,Yosuke Watanuki,R,180.0,JPN,25.3,99.0,608.0,AG37,3.0,,Felix Auger-Aliassime,R,193.0,CAN,22.976,12.0,2770.0,7-6(10) 7-6(3),3,R32,147.0,7.0,1.0,87.0,45.0,38.0,25.0,12.0,3.0,3.0,6.0,2.0,88.0,56.0,39.0,21.0,12.0,3.0,3.0
2023-418,Washington,Hard,64,500,O,20230731,22,HH26,13.0,,Ugo Humbert,L,188.0,FRA,25.095,36.0,1159.0,KD46,,,Thanasi Kokkinakis,R,193.0,AUS,27.305,86.0,696.0,7-6(6) 1-6 6-4,3,R32,163.0,11.0,4.0,109.0,66.0,49.0,16.0,14.0,7.0,10.0,5.0,3.0,96.0,60.0,47.0,19.0,15.0,4.0,6.0
2023-418,Washington,Hard,64,500,O,20230731,23,RH24,,,Emil Ruusuvuori,R,188.0,FIN,24.329,55.0,901.0,N732,10.0,,Yoshihito Nishioka,L,170.0,JPN,27.841,31.0,1315.0,6-7(5) 6-4 6-2,3,R32,127.0,9.0,3.0,86.0,52.0,41.0,19.0,15.0,0.0,2.0,5.0,2.0,87.0,49.0,29.0,23.0,15.0,1.0,6.0
2023-418,Washington,Hard,64,500,O,20230731,24,D875,5.0,,Grigor Dimitrov,R,191.0,BUL,32.208,20.0,1600.0,MK66,,,Mackenzie McDonald,R,178.0,USA,28.29,60.0,870.0,7-6(6) 6-2,3,R32,89.0,2.0,2.0,57.0,37.0,32.0,12.0,10.0,0.0,0.0,0.0,1.0,62.0,43.0,29.0,10.0,10.0,0.0,2.0
2023-418,Washington,Hard,64,500,O,20230731,25,MC65,,WC,Gael Monfils,R,193.0,FRA,36.912,323.0,162.0,BK92,6.0,,Alexander Bublik,R,196.0,KAZ,26.119,25.0,1384.0,6-3 6-4,3,R32,82.0,5.0,3.0,75.0,42.0,32.0,16.0,10.0,5.0,6.0,3.0,8.0,65.0,38.0,27.0,9.0,9.0,7.0,10.0
2023-418,Washington,Hard,64,500,O,20230731,26,GJ37,12.0,,Tallon Griekspoor,R,188.0,NED,27.077,37.0,1149.0,BI23,,,Liam Broady,L,183.0,GBR,29.569,125.0,504.0,6-4 6-2,3,R32,85.0,9.0,1.0,43.0,29.0,26.0,10.0,9.0,0.0,0.0,3.0,5.0,74.0,34.0,24.0,17.0,9.0,7.0,10.0
2023-418,Washington,Hard,64,500,O,20230731,27,W09G,16.0,,J.J. Wolf,R,183.0,USA,24.608,45.0,1025.0,A829,,,Radu Albot,R,175.0,MDA,33.717,97.0,615.0,6-1 6-3,3,R32,80.0,11.0,1.0,48.0,27.0,20.0,13.0,8.0,2.0,3.0,1.0,2.0,60.0,32.0,17.0,12.0,8.0,5.0,10.0
2023-418,Washington,Hard,64,500,O,20230731,28,MP01,,,Michael Mmoh,R,188.0,USA,25.552,112.0,564.0,HB71,4.0,,Hubert Hurkacz,R,196.0,POL,26.464,17.0,2195.0,6-3 6-7(4) 7-6(4),3,R32,175.0,7.0,5.0,113.0,68.0,50.0,26.0,16.0,6.0,7.0,20.0,2.0,128.0,90.0,61.0,20.0,17.0,9.0,12.0
2023-418,Washington,Hard,64,500,O,20230731,29,TC61,,,Jordan Thompson,R,183.0,AUS,29.279,71.0,827.0,ME82,7.0,,Adrian Mannarino,L,180.0,FRA,35.086,27.0,1345.0,7-5 6-4,3,R32,101.0,7.0,2.0,59.0,36.0,28.0,16.0,11.0,1.0,2.0,3.0,2.0,67.0,42.0,30.0,11.0,11.0,2.0,5.0
2023-418,Washington,Hard,64,500,O,20230731,30,E865,11.0,,Christopher Eubanks,R,201.0,USA,27.236,29.0,1333.0,SY67,,LL,Sho Shimabukuro,R,180.0,JPN,26.001,161.0,367.0,6-3 6-4,3,R32,71.0,11.0,1.0,60.0,40.0,31.0,11.0,10.0,4.0,5.0,4.0,0.0,47.0,28.0,18.0,11.0,9.0,2.0,5.0
2023-418,Washington,Hard,64,500,O,20230731,31,MC10,15.0,,Andy Murray,R,191.0,GBR,36.211,44.0,1030.0,N0AE,,,Brandon Nakashima,R,188.0,USA,21.99,70.0,830.0,7-6(5) 6-4,3,R32,131.0,5.0,3.0,83.0,49.0,40.0,17.0,11.0,6.0,6.0,7.0,1.0,68.0,48.0,38.0,9.0,11.0,1.0,2.0
2023-418,Washington,Hard,64,500,O,20230731,32,FB98,1.0,,Taylor Fritz,R,196.0,USA,25.755,9.0,3515.0,S0K7,,Q,Zachary Svajda,R,175.0,USA,20.668,233.0,259.0,6-3 6-3,3,R32,73.0,8.0,3.0,57.0,34.0,29.0,11.0,9.0,8.0,8.0,1.0,2.0,46.0,31.0,19.0,7.0,9.0,0.0,3.0
2023-418,Washington,Hard,64,500,O,20230731,33,TD51,2.0,,Frances Tiafoe,R,188.0,USA,25.525,10.0,3085.0,S0RE,,Q,Juncheng Shang,L,180.0,CHN,18.489,149.0,420.0,6-2 6-3,3,R16,71.0,6.0,2.0,56.0,35.0,28.0,9.0,8.0,4.0,4.0,9.0,2.0,49.0,31.0,20.0,7.0,9.0,3.0,7.0
2023-418,Washington,Hard,64,500,O,20230731,34,E687,9.0,,Daniel Evans,R,175.0,GBR,33.188,30.0,1321.0,S0H2,,,Alexander Shevchenko,R,188.0,KAZ,22.667,93.0,632.0,6-4 6-3,3,R16,93.0,2.0,1.0,57.0,33.0,26.0,13.0,9.0,5.0,6.0,4.0,3.0,68.0,34.0,24.0,13.0,10.0,2.0,6.0
2023-418,Washington,Hard,64,500,O,20230731,35,HH26,13.0,,Ugo Humbert,L,188.0,FRA,25.095,36.0,1159.0,WB08,,,Yosuke Watanuki,R,180.0,JPN,25.3,99.0,608.0,6-0 6-2,3,R16,63.0,3.0,1.0,37.0,25.0,20.0,8.0,7.0,0.0,0.0,2.0,2.0,54.0,27.0,15.0,9.0,7.0,9.0,14.0
2023-418,Washington,Hard,64,500,O,20230731,36,D875,5.0,,Grigor Dimitrov,R,191.0,BUL,32.208,20.0,1600.0,RH24,,,Emil Ruusuvuori,R,188.0,FIN,24.329,55.0,901.0,6-4 6-3,3,R16,106.0,4.0,4.0,63.0,34.0,27.0,16.0,10.0,2.0,3.0,2.0,1.0,73.0,43.0,26.0,16.0,9.0,6.0,9.0
2023-418,Washington,Hard,64,500,O,20230731,37,GJ37,12.0,,Tallon Griekspoor,R,188.0,NED,27.077,37.0,1149.0,MC65,,WC,Gael Monfils,R,193.0,FRA,36.912,323.0,162.0,6-4 1-6 6-3,3,R16,118.0,5.0,1.0,65.0,48.0,36.0,10.0,13.0,1.0,3.0,12.0,7.0,83.0,51.0,38.0,15.0,13.0,2.0,4.0
2023-418,Washington,Hard,64,500,O,20230731,38,W09G,16.0,,J.J. Wolf,R,183.0,USA,24.608,45.0,1025.0,MP01,,,Michael Mmoh,R,188.0,USA,25.552,112.0,564.0,6-4 7-6(5),3,R16,147.0,10.0,6.0,79.0,42.0,37.0,17.0,11.0,4.0,6.0,16.0,6.0,116.0,73.0,50.0,14.0,11.0,19.0,22.0
2023-418,Washington,Hard,64,500,O,20230731,39,TC61,,,Jordan Thompson,R,183.0,AUS,29.279,71.0,827.0,E865,11.0,,Christopher Eubanks,R,201.0,USA,27.236,29.0,1333.0,6-2 6-2,3,R16,68.0,7.0,0.0,39.0,29.0,25.0,8.0,8.0,1.0,1.0,2.0,2.0,55.0,33.0,21.0,7.0,8.0,5.0,9.0
2023-418,Washington,Hard,64,500,O,20230731,40,FB98,1.0,,Taylor Fritz,R,196.0,USA,25.755,9.0,3515.0,MC10,15.0,,Andy Murray,R,191.0,GBR,36.211,44.0,1030.0,6-7(2) 6-3 6-4,3,R16,182.0,17.0,4.0,126.0,84.0,65.0,18.0,16.0,8.0,9.0,6.0,7.0,104.0,64.0,52.0,14.0,15.0,5.0,8.0
2023-418,Washington,Hard,64,500,O,20230731,41,E687,9.0,,Daniel Evans,R,175.0,GBR,33.188,30.0,1321.0,TD51,2.0,,Frances Tiafoe,R,188.0,USA,25.525,10.0,3085.0,6-4 7-5,3,QF,104.0,10.0,3.0,58.0,37.0,28.0,16.0,11.0,4.0,5.0,16.0,2.0,76.0,49.0,35.0,13.0,11.0,7.0,10.0
2023-418,Washington,Hard,64,500,O,20230731,42,D875,5.0,,Grigor Dimitrov,R,191.0,BUL,32.208,20.0,1600.0,HH26,13.0,,Ugo Humbert,L,188.0,FRA,25.095,36.0,1159.0,W/O,3,QF,0.0,,,,,,,,,,,,,,,,,,
2023-418,Washington,Hard,64,500,O,20230731,43,GJ37,12.0,,Tallon Griekspoor,R,188.0,NED,27.077,37.0,1149.0,W09G,16.0,,J.J. Wolf,R,183.0,USA,24.608,45.0,1025.0,7-5 6-4,3,QF,93.0,7.0,1.0,56.0,37.0,33.0,12.0,11.0,0.0,0.0,11.0,2.0,66.0,34.0,28.0,17.0,11.0,3.0,5.0
2023-418,Washington,Hard,64,500,O,20230731,44,FB98,1.0,,Taylor Fritz,R,196.0,USA,25.755,9.0,3515.0,TC61,,,Jordan Thompson,R,183.0,AUS,29.279,71.0,827.0,6-3 6-3,3,QF,77.0,7.0,3.0,58.0,34.0,25.0,16.0,9.0,2.0,2.0,1.0,0.0,49.0,26.0,19.0,11.0,9.0,1.0,4.0
2023-418,Washington,Hard,64,500,O,20230731,45,E687,9.0,,Daniel Evans,R,175.0,GBR,33.188,30.0,1321.0,D875,5.0,,Grigor Dimitrov,R,191.0,BUL,32.208,20.0,1600.0,6-3 7-6(4),3,SF,116.0,1.0,2.0,63.0,38.0,29.0,16.0,10.0,4.0,4.0,5.0,2.0,69.0,43.0,28.0,16.0,11.0,2.0,4.0
2023-418,Washington,Hard,64,500,O,20230731,46,GJ37,12.0,,Tallon Griekspoor,R,188.0,NED,27.077,37.0,1149.0,FB98,1.0,,Taylor Fritz,R,196.0,USA,25.755,9.0,3515.0,3-6 6-3 6-2,3,SF,118.0,13.0,5.0,77.0,46.0,37.0,17.0,13.0,1.0,2.0,7.0,1.0,87.0,62.0,41.0,14.0,13.0,7.0,10.0
2023-418,Washington,Hard,64,500,O,20230731,47,E687,9.0,,Daniel Evans,R,175.0,GBR,33.188,30.0,1321.0,GJ37,12.0,,Tallon Griekspoor,R,188.0,NED,27.077,37.0,1149.0,7-5 6-3,3,F,101.0,6.0,1.0,64.0,40.0,32.0,16.0,11.0,4.0,4.0,12.0,3.0,56.0,36.0,29.0,6.0,10.0,3.0,5.0
2023-421,Canada Masters,Hard,64,M,O,20230807,1,A0FC,,Q,Matteo Arnaldi,R,185.0,ITA,22.453,66.0,840.0,PD07,,WC,Vasek Pospisil,R,193.0,CAN,33.123,165.0,361.0,6-4 6-4,3,R64,91.0,10.0,5.0,68.0,39.0,30.0,14.0,10.0,6.0,7.0,7.0,9.0,59.0,22.0,16.0,17.0,10.0,4.0,7.0
2023-421,Canada Masters,Hard,64,M,O,20230807,2,KD46,,Q,Thanasi Kokkinakis,R,193.0,AUS,27.324,86.0,696.0,Z371,,,Zhizhen Zhang,R,193.0,CHN,26.806,63.0,851.0,7-5 6-4,3,R64,87.0,14.0,0.0,61.0,41.0,33.0,13.0,11.0,0.0,0.0,6.0,1.0,60.0,34.0,27.0,13.0,11.0,0.0,2.0
2023-421,Canada Masters,Hard,64,M,O,20230807,3,M0EJ,16.0,,Lorenzo Musetti,R,185.0,ITA,21.429,19.0,1950.0,N732,,,Yoshihito Nishioka,L,170.0,JPN,27.86,45.0,1015.0,6-4 6-1,3,R64,91.0,11.0,0.0,52.0,28.0,24.0,14.0,9.0,2.0,2.0,0.0,2.0,50.0,26.0,17.0,12.0,8.0,2.0,5.0
2023-421,Canada Masters,Hard,64,M,O,20230807,4,DH58,,,Alex de Minaur,R,183.0,AUS,24.468,18.0,2085.0,N771,11.0,,Cameron Norrie,L,188.0,GBR,27.956,13.0,2505.0,7-5 6-4,3,R64,103.0,3.0,1.0,70.0,42.0,31.0,16.0,11.0,3.0,4.0,3.0,6.0,68.0,44.0,31.0,10.0,11.0,4.0,7.0
2023-421,Canada Masters,Hard,64,M,O,20230807,5,D0F6,,,Gabriel Diallo,R,203.0,CAN,21.867,141.0,443.0,E687,,,Daniel Evans,R,175.0,GBR,33.207,21.0,1731.0,7-6(4) 7-5,3,R64,119.0,8.0,3.0,69.0,44.0,34.0,14.0,12.0,2.0,4.0,8.0,8.0,78.0,43.0,34.0,14.0,12.0,2.0,5.0
2023-421,Canada Masters,Hard,64,M,O,20230807,6,HH26,,,Ugo Humbert,L,188.0,FRA,25.114,34.0,1233.0,J551,,,Nicolas Jarry,R,201.0,CHI,27.822,27.0,1384.0,4-6 6-3 6-4,3,R64,154.0,8.0,3.0,76.0,54.0,43.0,14.0,15.0,3.0,5.0,4.0,3.0,107.0,64.0,47.0,18.0,14.0,10.0,13.0
2023-421,Canada Masters,Hard,64,M,O,20230807,7,L0BV,,,Jiri Lehecka,R,185.0,CZE,21.744,36.0,1163.0,N0AE,,,Brandon Nakashima,R,188.0,USA,22.01,74.0,805.0,7-5 3-6 7-6(2),3,R64,167.0,5.0,5.0,113.0,66.0,46.0,27.0,16.0,8.0,10.0,10.0,2.0,107.0,64.0,48.0,22.0,17.0,6.0,8.0
2023-421,Canada Masters,Hard,64,M,O,20230807,8,DH50,,,Alejandro Davidovich Fokina,R,180.0,ESP,24.172,37.0,1140.0,W09G,,,J.J. Wolf,R,183.0,USA,24.627,43.0,1025.0,6-0 6-2,3,R64,63.0,4.0,3.0,42.0,30.0,23.0,5.0,7.0,1.0,2.0,2.0,3.0,47.0,18.0,7.0,11.0,7.0,6.0,12.0
2023-421,Canada Masters,Hard,64,M,O,20230807,9,Z355,13.0,,Alexander Zverev,R,198.0,GER,26.297,16.0,2265.0,GJ37,,,Tallon Griekspoor,R,188.0,NED,27.097,26.0,1439.0,6-4 7-6(3),3,R64,103.0,12.0,0.0,65.0,48.0,39.0,12.0,11.0,1.0,1.0,5.0,5.0,79.0,39.0,29.0,23.0,11.0,2.0,3.0
2023-421,Canada Masters,Hard,64,M,O,20230807,10,R975,,WC,Milos Raonic,R,196.0,CAN,32.611,545.0,65.0,TD51,9.0,,Frances Tiafoe,R,188.0,USA,25.544,10.0,3085.0,6-7(12) 7-6(4) 6-3,3,R64,164.0,37.0,8.0,122.0,70.0,61.0,29.0,17.0,6.0,7.0,8.0,0.0,97.0,53.0,43.0,29.0,16.0,0.0,2.0
2023-421,Canada Masters,Hard,64,M,O,20230807,11,DA81,,Q,Taro Daniel,R,191.0,JPN,30.524,115.0,564.0,ME82,,,Adrian Mannarino,L,180.0,FRA,35.105,30.0,1336.0,7-6(5) 6-4,3,R64,111.0,6.0,2.0,69.0,42.0,34.0,11.0,11.0,4.0,6.0,6.0,2.0,73.0,48.0,32.0,10.0,11.0,2.0,5.0
2023-421,Canada Masters,Hard,64,M,O,20230807,12,MK66,,,Mackenzie McDonald,R,178.0,USA,28.309,59.0,870.0,KC56,,,Aslan Karatsev,R,185.0,RUS,29.922,71.0,818.0,6-3 6-4,3,R64,103.0,4.0,4.0,70.0,43.0,26.0,15.0,10.0,2.0,5.0,3.0,10.0,74.0,41.0,26.0,11.0,9.0,5.0,10.0
2023-421,Canada Masters,Hard,64,M,O,20230807,13,BK40,,,Matteo Berrettini,R,196.0,ITA,27.318,38.0,1112.0,BK24,,,Gregoire Barrere,R,183.0,FRA,29.47,58.0,884.0,6-4 6-3,3,R64,75.0,10.0,1.0,43.0,34.0,29.0,5.0,9.0,1.0,2.0,5.0,3.0,61.0,27.0,15.0,18.0,10.0,3.0,7.0
2023-421,Canada Masters,Hard,64,M,O,20230807,14,MC10,,,Andy Murray,R,191.0,GBR,36.23,40.0,1075.0,SU87,,,Lorenzo Sonego,R,191.0,ITA,28.241,39.0,1105.0,7-6(3) 6-0,3,R64,129.0,1.0,4.0,71.0,44.0,31.0,18.0,9.0,3.0,3.0,4.0,3.0,70.0,45.0,25.0,12.0,9.0,3.0,6.0
2023-421,Canada Masters,Hard,64,M,O,20230807,15,PH71,,Q,Max Purcell,R,185.0,AUS,25.344,78.0,753.0,AG37,10.0,,Felix Auger-Aliassime,R,193.0,CAN,22.995,12.0,2680.0,6-4 6-4,3,R64,95.0,8.0,1.0,50.0,31.0,28.0,12.0,10.0,0.0,0.0,5.0,5.0,65.0,35.0,27.0,13.0,10.0,2.0,4.0
2023-421,Canada Masters,Hard,64,M,O,20230807,16,V832,,LL,Aleksandar Vukic,R,188.0,AUS,27.335,62.0,855.0,CG80,14.0,,Borna Coric,R,188.0,CRO,26.727,15.0,2315.0,6-2 6-3,3,R64,73.0,4.0,0.0,47.0,34.0,29.0,8.0,9.0,1.0,1.0,2.0,1.0,55.0,30.0,23.0,8.0,8.0,8.0,11.0
2023-421,Canada Masters,Hard,64,M,O,20230807,17,K0AH,,,Sebastian Korda,R,196.0,USA,23.088,32.0,1275.0,EA24,,,Tomas Martin Etcheverry,R,196.0,ARG,24.055,31.0,1305.0,6-3 6-2,3,R64,79.0,4.0,1.0,50.0,37.0,29.0,9.0,9.0,0.0,0.0,5.0,3.0,60.0,33.0,23.0,10.0,8.0,5.0,8.0
2023-421,Canada Masters,Hard,64,M,O,20230807,18,MC65,,PR,Gael Monfils,R,193.0,FRA,36.931,276.0,207.0,E865,,,Christopher Eubanks,R,201.0,USA,27.255,29.0,1358.0,7-6(3) 6-7(4) 6-1,3,R64,146.0,14.0,8.0,101.0,55.0,45.0,25.0,15.0,5.0,6.0,6.0,4.0,126.0,78.0,51.0,26.0,16.0,14.0,18.0
2023-421,Canada Masters,Hard,64,M,O,20230807,19,GC88,,Q,Marcos Giron,R,180.0,USA,30.037,70.0,830.0,RH24,,,Emil Ruusuvuori,R,188.0,FIN,24.348,54.0,901.0,7-6(4) 7-6(6),3,R64,124.0,4.0,1.0,83.0,55.0,43.0,14.0,12.0,2.0,3.0,4.0,3.0,89.0,64.0,46.0,13.0,12.0,5.0,6.0
2023-421,Canada Masters,Hard,64,M,O,20230807,20,C0AU,,,Francisco Cerundolo,R,185.0,ARG,24.983,22.0,1565.0,GK06,,WC,Alexis Galarneau,R,180.0,CAN,24.433,192.0,318.0,6-2 4-6 6-4,3,R64,158.0,10.0,6.0,115.0,65.0,40.0,27.0,14.0,10.0,13.0,3.0,3.0,81.0,52.0,34.0,14.0,14.0,1.0,6.0
2023-421,Canada Masters,Hard,64,M,O,20230807,21,PL56,12.0,,Tommy Paul,R,185.0,USA,26.223,14.0,2345.0,SM37,,Q,Diego Schwartzman,R,170.0,ARG,30.973,98.0,615.0,6-3 3-6 6-4,3,R64,133.0,9.0,4.0,88.0,42.0,34.0,25.0,14.0,4.0,6.0,4.0,4.0,80.0,52.0,35.0,15.0,14.0,2.0,5.0
2023-421,Canada Masters,Hard,64,M,O,20230807,22,HB71,15.0,,Hubert Hurkacz,R,196.0,POL,26.483,17.0,2195.0,BK92,,,Alexander Bublik,R,196.0,KAZ,26.138,28.0,1384.0,6-3 7-6(2),3,R64,76.0,7.0,2.0,62.0,41.0,31.0,11.0,10.0,1.0,3.0,10.0,10.0,72.0,39.0,26.0,14.0,11.0,3.0,7.0
2023-421,Canada Masters,Hard,64,M,O,20230807,23,KI95,,,Miomir Kecmanovic,R,183.0,SRB,23.934,44.0,1020.0,GD64,,Q,Cristian Garin,R,185.0,CHI,27.187,101.0,606.0,7-6(2) 4-6 6-4,3,R64,166.0,1.0,5.0,126.0,73.0,51.0,24.0,16.0,12.0,16.0,7.0,2.0,101.0,60.0,42.0,17.0,16.0,3.0,7.0
2023-421,Canada Masters,Hard,64,M,O,20230807,24,S0S1,,,Ben Shelton,L,193.0,USA,20.827,41.0,1065.0,Z419,,,Bernabe Zapata Miralles,R,183.0,ESP,26.565,64.0,846.0,7-6(1) 6-4,3,R64,91.0,5.0,6.0,68.0,38.0,32.0,10.0,11.0,2.0,5.0,0.0,4.0,76.0,54.0,29.0,9.0,11.0,3.0,7.0
2023-421,Canada Masters,Hard,64,M,O,20230807,25,MM58,2.0,,Daniil Medvedev,R,198.0,RUS,27.485,3.0,6360.0,A0FC,,Q,Matteo Arnaldi,R,185.0,ITA,22.453,66.0,840.0,6-2 7-5,3,R32,86.0,9.0,5.0,61.0,43.0,31.0,12.0,10.0,3.0,3.0,4.0,2.0,67.0,32.0,21.0,18.0,10.0,5.0,8.0
2023-421,Canada Masters,Hard,64,M,O,20230807,26,M0EJ,16.0,,Lorenzo Musetti,R,185.0,ITA,21.429,19.0,1950.0,KD46,,Q,Thanasi Kokkinakis,R,193.0,AUS,27.324,86.0,696.0,4-6 7-5 6-4,3,R32,172.0,4.0,3.0,104.0,53.0,40.0,30.0,16.0,6.0,8.0,9.0,5.0,99.0,58.0,44.0,20.0,16.0,3.0,6.0
2023-421,Canada Masters,Hard,64,M,O,20230807,27,DH58,,,Alex de Minaur,R,183.0,AUS,24.468,18.0,2085.0,D0F6,,,Gabriel Diallo,R,203.0,CAN,21.867,141.0,443.0,6-4 7-5,3,R32,110.0,7.0,4.0,69.0,39.0,28.0,18.0,11.0,3.0,5.0,6.0,6.0,74.0,42.0,24.0,18.0,11.0,8.0,12.0
2023-421,Canada Masters,Hard,64,M,O,20230807,28,FB98,8.0,,Taylor Fritz,R,196.0,USA,25.774,9.0,3605.0,HH26,,,Ugo Humbert,L,188.0,FRA,25.114,34.0,1233.0,7-6(7) 3-6 6-3,3,R32,148.0,10.0,9.0,108.0,60.0,46.0,23.0,15.0,8.0,11.0,13.0,4.0,93.0,58.0,45.0,17.0,15.0,5.0,8.0
2023-421,Canada Masters,Hard,64,M,O,20230807,29,RH16,3.0,,Casper Ruud,R,183.0,NOR,24.624,5.0,4985.0,L0BV,,,Jiri Lehecka,R,185.0,CZE,21.744,36.0,1163.0,7-6(6) 6-4,3,R32,103.0,5.0,6.0,69.0,41.0,34.0,17.0,11.0,3.0,3.0,5.0,4.0,77.0,51.0,40.0,9.0,11.0,4.0,5.0
2023-421,Canada Masters,Hard,64,M,O,20230807,30,DH50,,,Alejandro Davidovich Fokina,R,180.0,ESP,24.172,37.0,1140.0,Z355,13.0,,Alexander Zverev,R,198.0,GER,26.297,16.0,2265.0,6-1 6-2,3,R32,60.0,2.0,0.0,45.0,25.0,19.0,14.0,8.0,0.0,0.0,5.0,6.0,36.0,18.0,11.0,3.0,7.0,0.0,4.0
2023-421,Canada Masters,Hard,64,M,O,20230807,31,R975,,WC,Milos Raonic,R,196.0,CAN,32.611,545.0,65.0,DA81,,Q,Taro Daniel,R,191.0,JPN,30.524,115.0,564.0,6-4 6-3,3,R32,90.0,15.0,2.0,51.0,29.0,26.0,15.0,10.0,0.0,0.0,3.0,2.0,69.0,41.0,31.0,11.0,9.0,5.0,7.0
2023-421,Canada Masters,Hard,64,M,O,20230807,32,MK66,,,Mackenzie McDonald,R,178.0,USA,28.309,59.0,870.0,RE44,6.0,,Andrey Rublev,R,188.0,RUS,25.796,7.0,4595.0,6-4 6-3,3,R32,86.0,3.0,1.0,60.0,37.0,28.0,14.0,9.0,2.0,2.0,0.0,3.0,67.0,27.0,19.0,20.0,10.0,4.0,7.0
2023-421,Canada Masters,Hard,64,M,O,20230807,33,S0AG,7.0,,Jannik Sinner,R,191.0,ITA,21.974,8.0,3815.0,BK40,,,Matteo Berrettini,R,196.0,ITA,27.318,38.0,1112.0,6-4 6-3,3,R32,90.0,10.0,2.0,63.0,41.0,34.0,12.0,10.0,7.0,7.0,10.0,2.0,50.0,33.0,26.0,8.0,9.0,2.0,4.0
2023-421,Canada Masters,Hard,64,M,O,20230807,34,MC10,,,Andy Murray,R,191.0,GBR,36.23,40.0,1075.0,PH71,,Q,Max Purcell,R,185.0,AUS,25.344,78.0,753.0,7-6(2) 3-6 7-5,3,R32,167.0,5.0,1.0,99.0,62.0,41.0,25.0,16.0,2.0,5.0,10.0,4.0,106.0,57.0,44.0,24.0,17.0,7.0,10.0
2023-421,Canada Masters,Hard,64,M,O,20230807,35,V832,,LL,Aleksandar Vukic,R,188.0,AUS,27.335,62.0,855.0,K0AH,,,Sebastian Korda,R,196.0,USA,23.088,32.0,1275.0,6-3 4-6 7-6(5),3,R32,118.0,11.0,2.0,99.0,58.0,47.0,22.0,16.0,2.0,4.0,3.0,1.0,99.0,75.0,53.0,14.0,15.0,6.0,8.0
2023-421,Canada Masters,Hard,64,M,O,20230807,36,MC65,,PR,Gael Monfils,R,193.0,FRA,36.931,276.0,207.0,TE51,4.0,,Stefanos Tsitsipas,R,193.0,GRE,24.986,4.0,5090.0,6-4 6-3,3,R32,85.0,5.0,7.0,59.0,33.0,28.0,13.0,9.0,3.0,3.0,5.0,3.0,66.0,42.0,29.0,13.0,10.0,1.0,4.0
2023-421,Canada Masters,Hard,64,M,O,20230807,37,GC88,,Q,Marcos Giron,R,180.0,USA,30.037,70.0,830.0,R0DG,5.0,,Holger Rune,R,188.0,DEN,20.274,6.0,4825.0,6-2 4-6 6-3,3,R32,126.0,6.0,6.0,98.0,47.0,37.0,24.0,13.0,6.0,8.0,6.0,12.0,96.0,56.0,35.0,16.0,14.0,4.0,9.0
2023-421,Canada Masters,Hard,64,M,O,20230807,38,PL56,12.0,,Tommy Paul,R,185.0,USA,26.223,14.0,2345.0,C0AU,,,Francisco Cerundolo,R,185.0,ARG,24.983,22.0,1565.0,7-6(2) 6-7(2) 6-3,3,R32,167.0,5.0,2.0,96.0,51.0,41.0,22.0,16.0,2.0,5.0,4.0,4.0,125.0,71.0,46.0,23.0,17.0,5.0,10.0
2023-421,Canada Masters,Hard,64,M,O,20230807,39,HB71,15.0,,Hubert Hurkacz,R,196.0,POL,26.483,17.0,2195.0,KI95,,,Miomir Kecmanovic,R,183.0,SRB,23.934,44.0,1020.0,5-7 6-3 6-0,3,R32,112.0,25.0,2.0,82.0,55.0,45.0,13.0,14.0,4.0,5.0,1.0,5.0,87.0,45.0,29.0,22.0,13.0,3.0,7.0
2023-421,Canada Masters,Hard,64,M,O,20230807,40,A0E2,1.0,,Carlos Alcaraz,R,183.0,ESP,20.257,1.0,9225.0,S0S1,,,Ben Shelton,L,193.0,USA,20.827,41.0,1065.0,6-3 7-6(3),3,R32,98.0,4.0,2.0,78.0,45.0,32.0,22.0,11.0,3.0,3.0,5.0,4.0,62.0,37.0,26.0,15.0,10.0,2.0,3.0
2023-421,Canada Masters,Hard,64,M,O,20230807,41,MM58,2.0,,Daniil Medvedev,R,198.0,RUS,27.485,3.0,6360.0,M0EJ,16.0,,Lorenzo Musetti,R,185.0,ITA,21.429,19.0,1950.0,6-4 6-4,3,R16,93.0,2.0,5.0,55.0,34.0,28.0,10.0,10.0,1.0,2.0,2.0,2.0,61.0,36.0,26.0,11.0,10.0,3.0,6.0
2023-421,Canada Masters,Hard,64,M,O,20230807,42,DH58,,,Alex de Minaur,R,183.0,AUS,24.468,18.0,2085.0,FB98,8.0,,Taylor Fritz,R,196.0,USA,25.774,9.0,3605.0,7-6(7) 4-6 6-1,3,R16,146.0,1.0,6.0,99.0,50.0,35.0,29.0,15.0,12.0,15.0,14.0,1.0,106.0,63.0,42.0,20.0,14.0,4.0,8.0
2023-421,Canada Masters,Hard,64,M,O,20230807,43,DH50,,,Alejandro Davidovich Fokina,R,180.0,ESP,24.172,37.0,1140.0,RH16,3.0,,Casper Ruud,R,183.0,NOR,24.624,5.0,4985.0,7-6(4) 4-6 7-6(4),3,R16,185.0,9.0,4.0,114.0,75.0,53.0,20.0,17.0,4.0,7.0,9.0,4.0,124.0,72.0,49.0,28.0,17.0,3.0,5.0
2023-421,Canada Masters,Hard,64,M,O,20230807,44,MK66,,,Mackenzie McDonald,R,178.0,USA,28.309,59.0,870.0,R975,,WC,Milos Raonic,R,196.0,CAN,32.611,545.0,65.0,6-3 6-3,3,R16,68.0,5.0,2.0,52.0,37.0,30.0,10.0,9.0,2.0,2.0,9.0,6.0,55.0,35.0,27.0,6.0,9.0,2.0,5.0
2023-421,Canada Masters,Hard,64,M,O,20230807,45,S0AG,7.0,,Jannik Sinner,R,191.0,ITA,21.974,8.0,3815.0,MC10,,,Andy Murray,R,191.0,GBR,36.23,40.0,1075.0,W/O,3,R16,0.0,,,,,,,,,,,,,,,,,,
2023-421,Canada Masters,Hard,64,M,O,20230807,46,MC65,,PR,Gael Monfils,R,193.0,FRA,36.931,276.0,207.0,V832,,LL,Aleksandar Vukic,R,188.0,AUS,27.335,62.0,855.0,6-4 6-4,3,R16,81.0,9.0,1.0,60.0,30.0,26.0,17.0,10.0,2.0,2.0,4.0,1.0,64.0,38.0,27.0,13.0,10.0,5.0,7.0
2023-421,Canada Masters,Hard,64,M,O,20230807,47,PL56,12.0,,Tommy Paul,R,185.0,USA,26.223,14.0,2345.0,GC88,,Q,Marcos Giron,R,180.0,USA,30.037,70.0,830.0,6-3 6-2,3,R16,92.0,5.0,1.0,76.0,41.0,25.0,21.0,9.0,7.0,8.0,2.0,0.0,51.0,29.0,21.0,5.0,8.0,0.0,4.0
2023-421,Canada Masters,Hard,64,M,O,20230807,48,A0E2,1.0,,Carlos Alcaraz,R,183.0,ESP,20.257,1.0,9225.0,HB71,15.0,,Hubert Hurkacz,R,196.0,POL,26.483,17.0,2195.0,3-6 7-6(2) 7-6(3),3,R16,158.0,6.0,1.0,96.0,57.0,43.0,24.0,16.0,1.0,5.0,8.0,1.0,111.0,58.0,43.0,28.0,17.0,7.0,10.0
2023-421,Canada Masters,Hard,64,M,O,20230807,49,DH58,,,Alex de Minaur,R,183.0,AUS,24.468,18.0,2085.0,MM58,2.0,,Daniil Medvedev,R,198.0,RUS,27.485,3.0,6360.0,7-6(7) 7-5,3,QF,123.0,1.0,0.0,77.0,44.0,35.0,15.0,12.0,1.0,4.0,8.0,7.0,87.0,46.0,25.0,23.0,12.0,4.0,8.0
2023-421,Canada Masters,Hard,64,M,O,20230807,50,DH50,,,Alejandro Davidovich Fokina,R,180.0,ESP,24.172,37.0,1140.0,MK66,,,Mackenzie McDonald,R,178.0,USA,28.309,59.0,870.0,6-4 6-2,3,QF,96.0,3.0,3.0,68.0,45.0,28.0,13.0,9.0,6.0,8.0,2.0,5.0,60.0,32.0,20.0,9.0,9.0,4.0,9.0
2023-421,Canada Masters,Hard,64,M,O,20230807,51,S0AG,7.0,,Jannik Sinner,R,191.0,ITA,21.974,8.0,3815.0,MC65,,PR,Gael Monfils,R,193.0,FRA,36.931,276.0,207.0,6-4 4-6 6-3,3,QF,142.0,5.0,3.0,89.0,44.0,36.0,21.0,15.0,0.0,2.0,19.0,5.0,87.0,51.0,41.0,14.0,14.0,1.0,4.0
2023-421,Canada Masters,Hard,64,M,O,20230807,52,PL56,12.0,,Tommy Paul,R,185.0,USA,26.223,14.0,2345.0,A0E2,1.0,,Carlos Alcaraz,R,183.0,ESP,20.257,1.0,9225.0,6-3 4-6 6-3,3,QF,140.0,2.0,1.0,87.0,54.0,37.0,19.0,14.0,3.0,5.0,4.0,6.0,99.0,66.0,44.0,16.0,14.0,6.0,10.0
2023-421,Canada Masters,Hard,64,M,O,20230807,53,DH58,,,Alex de Minaur,R,183.0,AUS,24.468,18.0,2085.0,DH50,,,Alejandro Davidovich Fokina,R,180.0,ESP,24.172,37.0,1140.0,6-1 6-3,3,SF,77.0,4.0,0.0,53.0,25.0,14.0,15.0,8.0,6.0,9.0,0.0,4.0,46.0,27.0,11.0,5.0,8.0,2.0,9.0
2023-421,Canada Masters,Hard,64,M,O,20230807,54,S0AG,7.0,,Jannik Sinner,R,191.0,ITA,21.974,8.0,3815.0,PL56,12.0,,Tommy Paul,R,185.0,USA,26.223,14.0,2345.0,6-4 6-4,3,SF,116.0,4.0,3.0,70.0,32.0,25.0,16.0,10.0,8.0,11.0,3.0,2.0,64.0,43.0,26.0,8.0,10.0,5.0,10.0
2023-421,Canada Masters,Hard,64,M,O,20230807,55,S0AG,7.0,,Jannik Sinner,R,191.0,ITA,21.974,8.0,3815.0,DH58,,,Alex de Minaur,R,183.0,AUS,24.468,18.0,2085.0,6-4 6-1,3,F,89.0,5.0,3.0,52.0,26.0,19.0,15.0,9.0,2.0,4.0,1.0,1.0,53.0,28.0,13.0,10.0,8.0,5.0,10.0
2023-422,Cincinnati Masters,Hard,64,M,O,20230814,1,DH50,,,Alejandro Davidovich Fokina,R,180.0,ESP,24.192,23.0,1490.0,EA24,,,Tomas Martin Etcheverry,R,196.0,ARG,24.074,31.0,1285.0,6-3 6-3,3,R64,78.0,1.0,2.0,59.0,33.0,20.0,16.0,9.0,4.0,6.0,2.0,0.0,49.0,36.0,20.0,5.0,9.0,0.0,5.0
2023-422,Cincinnati Masters,Hard,64,M,O,20230814,2,DH58,,,Alex de Minaur,R,183.0,AUS,24.487,12.0,2595.0,W09G,,,J.J. Wolf,R,183.0,USA,24.646,44.0,1015.0,6-0 3-6 6-1,3,R64,118.0,7.0,3.0,76.0,43.0,35.0,16.0,11.0,3.0,4.0,3.0,4.0,67.0,34.0,22.0,13.0,11.0,6.0,11.0
2023-422,Cincinnati Masters,Hard,64,M,O,20230814,3,MC65,,PR,Gael Monfils,R,193.0,FRA,36.95,211.0,297.0,N771,13.0,,Cameron Norrie,L,188.0,GBR,27.975,15.0,2425.0,3-6 6-4 6-3,3,R64,130.0,3.0,5.0,78.0,38.0,27.0,23.0,14.0,2.0,6.0,3.0,5.0,91.0,58.0,37.0,15.0,14.0,6.0,11.0
2023-422,Cincinnati Masters,Hard,64,M,O,20230814,4,FB98,9.0,,Taylor Fritz,R,196.0,USA,25.793,9.0,3605.0,L0BV,,,Jiri Lehecka,R,185.0,CZE,21.763,35.0,1198.0,7-6(14) 6-2,3,R64,105.0,6.0,6.0,78.0,37.0,28.0,24.0,10.0,3.0,4.0,5.0,7.0,89.0,52.0,31.0,16.0,10.0,7.0,10.0
2023-422,Cincinnati Masters,Hard,64,M,O,20230814,5,SU87,,,Lorenzo Sonego,R,191.0,ITA,28.26,39.0,1105.0,S0H2,,Q,Alexander Shevchenko,R,188.0,KAZ,22.705,88.0,670.0,6-3 3-6 6-3,3,R64,125.0,3.0,4.0,80.0,48.0,39.0,15.0,14.0,2.0,5.0,0.0,4.0,79.0,45.0,29.0,17.0,13.0,4.0,8.0
2023-422,Cincinnati Masters,Hard,64,M,O,20230814,6,L987,,Q,Dusan Lajovic,R,183.0,SRB,33.123,66.0,839.0,C0AU,,,Francisco Cerundolo,R,185.0,ARG,25.002,21.0,1600.0,6-3 6-4,3,R64,80.0,1.0,2.0,62.0,48.0,38.0,4.0,10.0,1.0,2.0,2.0,3.0,50.0,35.0,24.0,7.0,9.0,3.0,6.0
2023-422,Cincinnati Masters,Hard,64,M,O,20230814,7,M0EJ,,,Lorenzo Musetti,R,185.0,ITA,21.448,18.0,1995.0,E687,,,Daniel Evans,R,175.0,GBR,33.227,28.0,1381.0,6-4 6-3,3,R64,86.0,3.0,2.0,50.0,34.0,26.0,11.0,9.0,4.0,5.0,1.0,3.0,55.0,27.0,18.0,13.0,10.0,3.0,7.0
2023-422,Cincinnati Masters,Hard,64,M,O,20230814,8,N732,,,Yoshihito Nishioka,L,170.0,JPN,27.88,45.0,980.0,BK24,,,Gregoire Barrere,R,183.0,FRA,29.489,57.0,874.0,6-4 7-5,3,R64,91.0,1.0,2.0,64.0,37.0,29.0,15.0,11.0,1.0,3.0,4.0,5.0,68.0,31.0,22.0,19.0,11.0,7.0,11.0
2023-422,Cincinnati Masters,Hard,64,M,O,20230814,9,Z355,16.0,,Alexander Zverev,R,198.0,GER,26.316,17.0,2310.0,D875,,,Grigor Dimitrov,R,191.0,BUL,32.246,19.0,1690.0,6-2 6-2,3,R64,71.0,8.0,1.0,48.0,32.0,23.0,11.0,8.0,2.0,2.0,0.0,8.0,55.0,27.0,21.0,7.0,8.0,4.0,8.0
2023-422,Cincinnati Masters,Hard,64,M,O,20230814,10,AG37,12.0,,Felix Auger-Aliassime,R,193.0,CAN,23.014,14.0,2510.0,BK40,,,Matteo Berrettini,R,196.0,ITA,27.337,38.0,1147.0,4-6 6-2 6-3,3,R64,145.0,9.0,6.0,89.0,54.0,45.0,16.0,14.0,3.0,4.0,3.0,3.0,77.0,47.0,35.0,15.0,13.0,3.0,6.0
2023-422,Cincinnati Masters,Hard,64,M,O,20230814,11,ME82,,,Adrian Mannarino,L,180.0,FRA,35.124,32.0,1276.0,G628,,,Richard Gasquet,R,183.0,FRA,37.155,53.0,915.0,6-4 6-3,3,R64,87.0,3.0,0.0,56.0,31.0,21.0,19.0,10.0,3.0,4.0,3.0,3.0,53.0,28.0,18.0,11.0,9.0,5.0,8.0
2023-422,Cincinnati Masters,Hard,64,M,O,20230814,12,MK66,,WC,Mackenzie McDonald,R,178.0,USA,28.329,43.0,1040.0,H997,,,Yannick Hanfmann,R,193.0,GER,31.751,50.0,929.0,7-5 6-1,3,R64,104.0,2.0,1.0,55.0,28.0,21.0,14.0,9.0,4.0,6.0,2.0,4.0,74.0,44.0,24.0,11.0,10.0,6.0,12.0
2023-422,Cincinnati Masters,Hard,64,M,O,20230814,13,RH24,,,Emil Ruusuvuori,R,188.0,FIN,24.367,60.0,866.0,MW02,,Q,Corentin Moutet,L,180.0,FRA,24.32,77.0,766.0,6-4 6-2,3,R64,90.0,1.0,2.0,49.0,28.0,23.0,13.0,9.0,0.0,0.0,1.0,5.0,56.0,30.0,18.0,13.0,9.0,2.0,5.0
2023-422,Cincinnati Masters,Hard,64,M,O,20230814,14,J551,,,Nicolas Jarry,R,201.0,CHI,27.841,26.0,1394.0,SX50,,,Roman Safiullin,R,185.0,RUS,26.018,63.0,847.0,4-6 6-3 6-3,3,R64,156.0,5.0,5.0,86.0,54.0,40.0,13.0,14.0,3.0,6.0,5.0,6.0,85.0,41.0,26.0,23.0,14.0,3.0,8.0
2023-422,Cincinnati Masters,Hard,64,M,O,20230814,15,P09Z,,LL,Alexei Popyrin,R,196.0,AUS,24.025,58.0,869.0,AE14,,LL,Daniel Altmaier,R,188.0,GER,24.92,52.0,920.0,6-7(5) 6-4 6-4,3,R64,163.0,9.0,7.0,109.0,66.0,51.0,22.0,16.0,5.0,6.0,6.0,4.0,113.0,66.0,46.0,27.0,16.0,8.0,11.0
2023-422,Cincinnati Masters,Hard,64,M,O,20230814,16,CG80,15.0,,Borna Coric,R,188.0,CRO,26.746,16.0,2315.0,K0AH,,,Sebastian Korda,R,196.0,USA,23.107,30.0,1320.0,7-6(5) 6-4,3,R64,96.0,5.0,0.0,68.0,37.0,29.0,15.0,11.0,1.0,3.0,6.0,3.0,62.0,36.0,27.0,13.0,11.0,0.0,3.0
2023-422,Cincinnati Masters,Hard,64,M,O,20230814,17,HB71,,,Hubert Hurkacz,R,196.0,POL,26.502,20.0,1685.0,KD46,,Q,Thanasi Kokkinakis,R,193.0,AUS,27.343,78.0,766.0,7-6(2) 3-6 7-6(1),3,R64,188.0,13.0,3.0,112.0,67.0,55.0,26.0,16.0,6.0,7.0,4.0,5.0,141.0,81.0,60.0,30.0,17.0,8.0,8.0
2023-422,Cincinnati Masters,Hard,64,M,O,20230814,18,S0S1,,,Ben Shelton,L,193.0,USA,20.846,40.0,1060.0,E865,,,Christopher Eubanks,R,201.0,USA,27.274,29.0,1348.0,5-7 6-4 6-4,3,R64,122.0,9.0,3.0,89.0,60.0,47.0,20.0,16.0,5.0,6.0,8.0,3.0,88.0,60.0,39.0,21.0,16.0,1.0,3.0
2023-422,Cincinnati Masters,Hard,64,M,O,20230814,19,PH71,,Q,Max Purcell,R,185.0,AUS,25.363,70.0,816.0,HG86,,PR,Lloyd Harris,R,193.0,RSA,26.467,182.0,337.0,6-4 6-4,3,R64,74.0,5.0,2.0,61.0,40.0,32.0,12.0,10.0,5.0,5.0,6.0,3.0,51.0,30.0,28.0,8.0,10.0,2.0,4.0
2023-422,Cincinnati Masters,Hard,64,M,O,20230814,20,W367,,WC,Stan Wawrinka,R,183.0,SUI,38.379,51.0,924.0,N0AE,,WC,Brandon Nakashima,R,188.0,USA,22.029,73.0,805.0,6-3 6-7(5) 6-3,3,R64,156.0,13.0,6.0,115.0,53.0,44.0,35.0,16.0,8.0,8.0,2.0,4.0,83.0,48.0,36.0,20.0,14.0,3.0,5.0
2023-422,Cincinnati Masters,Hard,64,M,O,20230814,21,TD51,10.0,,Frances Tiafoe,R,188.0,USA,25.563,10.0,3050.0,GJ37,,,Tallon Griekspoor,R,188.0,NED,27.116,25.0,1439.0,6-4 6-7(7) 6-4,3,R64,146.0,11.0,7.0,104.0,54.0,40.0,29.0,16.0,6.0,8.0,16.0,8.0,102.0,58.0,44.0,21.0,16.0,5.0,9.0
2023-422,Cincinnati Masters,Hard,64,M,O,20230814,22,PL56,14.0,,Tommy Paul,R,185.0,USA,26.242,13.0,2525.0,KI95,,,Miomir Kecmanovic,R,183.0,SRB,23.953,41.0,1055.0,7-5 7-6(2),3,R64,112.0,6.0,2.0,75.0,44.0,38.0,19.0,12.0,2.0,2.0,1.0,2.0,86.0,50.0,36.0,20.0,12.0,7.0,8.0
2023-422,Cincinnati Masters,Hard,64,M,O,20230814,23,HH26,,,Ugo Humbert,L,188.0,FRA,25.133,33.0,1258.0,F0F1,,Q,Arthur Fils,R,185.0,FRA,19.17,46.0,976.0,6-4 3-6 6-2,3,R64,141.0,4.0,4.0,98.0,53.0,40.0,21.0,13.0,9.0,11.0,2.0,6.0,93.0,55.0,42.0,12.0,14.0,7.0,11.0
2023-422,Cincinnati Masters,Hard,64,M,O,20230814,24,TC61,,Q,Jordan Thompson,R,183.0,AUS,29.317,55.0,897.0,I186,,WC,John Isner,R,208.0,USA,38.3,106.0,580.0,7-6(5) 7-6(2),3,R64,118.0,5.0,3.0,74.0,42.0,37.0,20.0,12.0,1.0,1.0,20.0,5.0,81.0,55.0,40.0,13.0,12.0,2.0,2.0
2023-422,Cincinnati Masters,Hard,64,M,O,20230814,25,D643,2.0,,Novak Djokovic,R,188.0,SRB,36.23,2.0,8795.0,DH50,,,Alejandro Davidovich Fokina,R,180.0,ESP,24.192,23.0,1490.0,6-4 RET,3,R32,46.0,3.0,2.0,29.0,12.0,10.0,11.0,5.0,3.0,4.0,4.0,0.0,27.0,15.0,10.0,4.0,5.0,1.0,3.0
2023-422,Cincinnati Masters,Hard,64,M,O,20230814,26,MC65,,PR,Gael Monfils,R,193.0,FRA,36.95,211.0,297.0,DH58,,,Alex de Minaur,R,183.0,AUS,24.487,12.0,2595.0,7-5 6-4,3,R32,122.0,3.0,5.0,71.0,35.0,27.0,23.0,11.0,2.0,2.0,2.0,6.0,84.0,45.0,32.0,19.0,11.0,7.0,9.0
2023-422,Cincinnati Masters,Hard,64,M,O,20230814,27,FB98,9.0,,Taylor Fritz,R,196.0,USA,25.793,9.0,3605.0,SU87,,,Lorenzo Sonego,R,191.0,ITA,28.26,39.0,1105.0,6-4 7-6(1),3,R32,102.0,4.0,5.0,67.0,33.0,26.0,18.0,11.0,1.0,3.0,5.0,2.0,69.0,44.0,31.0,8.0,11.0,4.0,7.0
2023-422,Cincinnati Masters,Hard,64,M,O,20230814,28,L987,,Q,Dusan Lajovic,R,183.0,SRB,33.123,66.0,839.0,S0AG,8.0,,Jannik Sinner,R,191.0,ITA,21.993,6.0,4725.0,6-4 7-6(4),3,R32,124.0,4.0,0.0,81.0,58.0,44.0,12.0,11.0,5.0,5.0,6.0,0.0,80.0,41.0,30.0,22.0,11.0,3.0,4.0
2023-422,Cincinnati Masters,Hard,64,M,O,20230814,29,MM58,3.0,,Daniil Medvedev,R,198.0,RUS,27.504,3.0,6530.0,M0EJ,,,Lorenzo Musetti,R,185.0,ITA,21.448,18.0,1995.0,6-3 6-2,3,R32,77.0,3.0,5.0,54.0,34.0,28.0,8.0,9.0,0.0,1.0,0.0,4.0,58.0,34.0,23.0,5.0,8.0,4.0,8.0
2023-422,Cincinnati Masters,Hard,64,M,O,20230814,30,Z355,16.0,,Alexander Zverev,R,198.0,GER,26.316,17.0,2310.0,N732,,,Yoshihito Nishioka,L,170.0,JPN,27.88,45.0,980.0,7-5 6-4,3,R32,116.0,10.0,6.0,78.0,49.0,35.0,16.0,11.0,5.0,6.0,1.0,3.0,79.0,44.0,29.0,18.0,11.0,9.0,12.0
2023-422,Cincinnati Masters,Hard,64,M,O,20230814,31,ME82,,,Adrian Mannarino,L,180.0,FRA,35.124,32.0,1276.0,AG37,12.0,,Felix Auger-Aliassime,R,193.0,CAN,23.014,14.0,2510.0,6-4 6-4,3,R32,118.0,2.0,2.0,62.0,26.0,19.0,24.0,10.0,5.0,6.0,1.0,9.0,68.0,35.0,27.0,11.0,10.0,3.0,6.0
2023-422,Cincinnati Masters,Hard,64,M,O,20230814,32,MK66,,WC,Mackenzie McDonald,R,178.0,USA,28.329,43.0,1040.0,R0DG,6.0,,Holger Rune,R,188.0,DEN,20.293,5.0,4790.0,6-4 2-0 RET,3,R32,50.0,3.0,1.0,29.0,19.0,18.0,6.0,6.0,0.0,0.0,1.0,4.0,40.0,28.0,19.0,4.0,6.0,1.0,3.0
2023-422,Cincinnati Masters,Hard,64,M,O,20230814,33,RH24,,,Emil Ruusuvuori,R,188.0,FIN,24.367,60.0,866.0,RE44,7.0,,Andrey Rublev,R,188.0,RUS,25.815,8.0,4595.0,7-6(10) 5-7 7-6(3),3,R32,196.0,6.0,7.0,145.0,91.0,56.0,28.0,18.0,9.0,16.0,8.0,8.0,134.0,68.0,48.0,29.0,18.0,7.0,13.0
2023-422,Cincinnati Masters,Hard,64,M,O,20230814,34,P09Z,,LL,Alexei Popyrin,R,196.0,AUS,24.025,58.0,869.0,J551,,,Nicolas Jarry,R,201.0,CHI,27.841,26.0,1394.0,W/O,3,R32,,,,,,,,,,,,,,,,,,,
2023-422,Cincinnati Masters,Hard,64,M,O,20230814,35,HB71,,,Hubert Hurkacz,R,196.0,POL,26.502,20.0,1685.0,CG80,15.0,,Borna Coric,R,188.0,CRO,26.746,16.0,2315.0,5-7 6-3 6-3,3,R32,135.0,10.0,2.0,87.0,47.0,31.0,28.0,15.0,3.0,5.0,2.0,2.0,86.0,45.0,33.0,22.0,15.0,6.0,10.0
2023-422,Cincinnati Masters,Hard,64,M,O,20230814,36,TE51,4.0,,Stefanos Tsitsipas,R,193.0,GRE,25.005,4.0,5090.0,S0S1,,,Ben Shelton,L,193.0,USA,20.846,40.0,1060.0,7-6(3) 7-6(2),3,R32,103.0,6.0,1.0,70.0,40.0,37.0,18.0,12.0,0.0,0.0,7.0,6.0,74.0,43.0,36.0,17.0,12.0,0.0,0.0
2023-422,Cincinnati Masters,Hard,64,M,O,20230814,37,PH71,,Q,Max Purcell,R,185.0,AUS,25.363,70.0,816.0,RH16,5.0,,Casper Ruud,R,183.0,NOR,24.643,7.0,4715.0,6-4 3-6 6-4,3,R32,119.0,12.0,4.0,91.0,42.0,31.0,31.0,14.0,6.0,7.0,12.0,3.0,83.0,59.0,46.0,11.0,15.0,1.0,3.0
2023-422,Cincinnati Masters,Hard,64,M,O,20230814,38,W367,,WC,Stan Wawrinka,R,183.0,SUI,38.379,51.0,924.0,TD51,10.0,,Frances Tiafoe,R,188.0,USA,25.563,10.0,3050.0,6-3 6-4,3,R32,78.0,11.0,1.0,50.0,24.0,23.0,16.0,10.0,2.0,3.0,7.0,1.0,59.0,29.0,24.0,10.0,9.0,2.0,5.0
2023-422,Cincinnati Masters,Hard,64,M,O,20230814,39,PL56,14.0,,Tommy Paul,R,185.0,USA,26.242,13.0,2525.0,HH26,,,Ugo Humbert,L,188.0,FRA,25.133,33.0,1258.0,6-1 7-6(4),3,R32,97.0,5.0,0.0,56.0,33.0,26.0,14.0,9.0,2.0,3.0,7.0,6.0,71.0,43.0,26.0,12.0,10.0,3.0,7.0
2023-422,Cincinnati Masters,Hard,64,M,O,20230814,40,A0E2,1.0,,Carlos Alcaraz,R,183.0,ESP,20.277,1.0,9395.0,TC61,,Q,Jordan Thompson,R,183.0,AUS,29.317,55.0,897.0,7-5 4-6 6-3,3,R32,182.0,3.0,5.0,86.0,47.0,31.0,25.0,15.0,4.0,7.0,4.0,5.0,126.0,62.0,37.0,35.0,16.0,12.0,17.0
2023-422,Cincinnati Masters,Hard,64,M,O,20230814,41,D643,2.0,,Novak Djokovic,R,188.0,SRB,36.23,2.0,8795.0,MC65,,PR,Gael Monfils,R,193.0,FRA,36.95,211.0,297.0,6-3 6-2,3,R16,68.0,1.0,3.0,46.0,27.0,22.0,12.0,9.0,0.0,1.0,6.0,5.0,55.0,29.0,23.0,4.0,8.0,1.0,5.0
2023-422,Cincinnati Masters,Hard,64,M,O,20230814,42,FB98,9.0,,Taylor Fritz,R,196.0,USA,25.793,9.0,3605.0,L987,,Q,Dusan Lajovic,R,183.0,SRB,33.123,66.0,839.0,5-0 RET,3,R16,17.0,3.0,0.0,12.0,10.0,10.0,2.0,3.0,0.0,0.0,0.0,0.0,8.0,6.0,0.0,0.0,2.0,0.0,2.0
2023-422,Cincinnati Masters,Hard,64,M,O,20230814,43,Z355,16.0,,Alexander Zverev,R,198.0,GER,26.316,17.0,2310.0,MM58,3.0,,Daniil Medvedev,R,198.0,RUS,27.504,3.0,6530.0,6-4 5-7 6-4,3,R16,152.0,4.0,3.0,108.0,75.0,50.0,19.0,16.0,6.0,8.0,5.0,7.0,90.0,48.0,40.0,20.0,16.0,5.0,8.0
2023-422,Cincinnati Masters,Hard,64,M,O,20230814,44,ME82,,,Adrian Mannarino,L,180.0,FRA,35.124,32.0,1276.0,MK66,,WC,Mackenzie McDonald,R,178.0,USA,28.329,43.0,1040.0,6-4 3-0 RET,3,R16,71.0,1.0,4.0,41.0,18.0,15.0,10.0,6.0,2.0,3.0,1.0,5.0,48.0,26.0,14.0,8.0,7.0,1.0,5.0
2023-422,Cincinnati Masters,Hard,64,M,O,20230814,45,P09Z,,LL,Alexei Popyrin,R,196.0,AUS,24.025,58.0,869.0,RH24,,,Emil Ruusuvuori,R,188.0,FIN,24.367,60.0,866.0,6-2 1-6 6-3,3,R16,101.0,3.0,6.0,74.0,40.0,29.0,18.0,12.0,2.0,4.0,6.0,4.0,61.0,33.0,28.0,12.0,12.0,0.0,3.0
2023-422,Cincinnati Masters,Hard,64,M,O,20230814,46,HB71,,,Hubert Hurkacz,R,196.0,POL,26.502,20.0,1685.0,TE51,4.0,,Stefanos Tsitsipas,R,193.0,GRE,25.005,4.0,5090.0,6-3 6-4,3,R16,65.0,11.0,0.0,52.0,40.0,34.0,8.0,10.0,3.0,3.0,7.0,2.0,47.0,27.0,21.0,11.0,9.0,0.0,2.0
2023-422,Cincinnati Masters,Hard,64,M,O,20230814,47,PH71,,Q,Max Purcell,R,185.0,AUS,25.363,70.0,816.0,W367,,WC,Stan Wawrinka,R,183.0,SUI,38.379,51.0,924.0,6-4 6-2,3,R16,72.0,7.0,2.0,54.0,31.0,22.0,16.0,9.0,2.0,2.0,4.0,1.0,60.0,39.0,24.0,9.0,9.0,6.0,9.0
2023-422,Cincinnati Masters,Hard,64,M,O,20230814,48,A0E2,1.0,,Carlos Alcaraz,R,183.0,ESP,20.277,1.0,9395.0,PL56,14.0,,Tommy Paul,R,185.0,USA,26.242,13.0,2525.0,7-6(6) 6-7(0) 6-3,3,R16,189.0,6.0,4.0,103.0,67.0,48.0,17.0,16.0,2.0,6.0,11.0,6.0,152.0,99.0,61.0,23.0,17.0,17.0,23.0
2023-422,Cincinnati Masters,Hard,64,M,O,20230814,49,D643,2.0,,Novak Djokovic,R,188.0,SRB,36.23,2.0,8795.0,FB98,9.0,,Taylor Fritz,R,196.0,USA,25.793,9.0,3605.0,6-0 6-4,3,QF,61.0,2.0,4.0,40.0,26.0,21.0,9.0,8.0,0.0,1.0,1.0,4.0,44.0,22.0,15.0,6.0,8.0,0.0,5.0
2023-422,Cincinnati Masters,Hard,64,M,O,20230814,50,Z355,16.0,,Alexander Zverev,R,198.0,GER,26.316,17.0,2310.0,ME82,,,Adrian Mannarino,L,180.0,FRA,35.124,32.0,1276.0,6-2 6-3,3,QF,72.0,2.0,2.0,47.0,34.0,29.0,7.0,9.0,0.0,0.0,2.0,0.0,55.0,26.0,15.0,16.0,8.0,4.0,7.0
2023-422,Cincinnati Masters,Hard,64,M,O,20230814,51,HB71,,,Hubert Hurkacz,R,196.0,POL,26.502,20.0,1685.0,P09Z,,LL,Alexei Popyrin,R,196.0,AUS,24.025,58.0,869.0,6-1 7-6(8),3,QF,77.0,10.0,1.0,56.0,39.0,36.0,11.0,10.0,0.0,0.0,2.0,1.0,62.0,35.0,27.0,15.0,9.0,4.0,6.0
2023-422,Cincinnati Masters,Hard,64,M,O,20230814,52,A0E2,1.0,,Carlos Alcaraz,R,183.0,ESP,20.277,1.0,9395.0,PH71,,Q,Max Purcell,R,185.0,AUS,25.363,70.0,816.0,4-6 6-3 6-4,3,QF,131.0,6.0,8.0,89.0,52.0,35.0,23.0,15.0,1.0,3.0,10.0,7.0,102.0,61.0,41.0,18.0,14.0,6.0,9.0
2023-422,Cincinnati Masters,Hard,64,M,O,20230814,53,D643,2.0,,Novak Djokovic,R,188.0,SRB,36.23,2.0,8795.0,Z355,16.0,,Alexander Zverev,R,198.0,GER,26.316,17.0,2310.0,7-6(5) 7-5,3,SF,124.0,4.0,3.0,80.0,51.0,41.0,16.0,12.0,3.0,4.0,10.0,3.0,80.0,55.0,44.0,10.0,12.0,4.0,6.0
2023-422,Cincinnati Masters,Hard,64,M,O,20230814,54,A0E2,1.0,,Carlos Alcaraz,R,183.0,ESP,20.277,1.0,9395.0,HB71,,,Hubert Hurkacz,R,196.0,POL,26.502,20.0,1685.0,2-6 7-6(4) 6-3,3,SF,138.0,2.0,0.0,91.0,60.0,41.0,20.0,15.0,2.0,4.0,10.0,1.0,107.0,68.0,50.0,20.0,14.0,10.0,11.0
2023-422,Cincinnati Masters,Hard,64,M,O,20230814,55,D643,2.0,,Novak Djokovic,R,188.0,SRB,36.23,2.0,8795.0,A0E2,1.0,,Carlos Alcaraz,R,183.0,ESP,20.277,1.0,9395.0,5-7 7-6(7) 7-6(4),3,F,229.0,2.0,5.0,128.0,73.0,49.0,35.0,18.0,6.0,10.0,11.0,5.0,133.0,85.0,61.0,23.0,18.0,13.0,16.0
2023-6242,Winston-Salem,Hard,64,250,O,20230821,1,D0CO,,,Jack Draper,L,193.0,GBR,21.662,118.0,526.0,BT72,,,Nuno Borges,R,185.0,POR,26.5,79.0,754.0,6-3 6-1,3,R64,55.0,11.0,0.0,37.0,27.0,26.0,6.0,8.0,0.0,0.0,0.0,4.0,41.0,30.0,20.0,2.0,8.0,1.0,5.0
2023-6242,Winston-Salem,Hard,64,250,O,20230821,2,PH71,,,Max Purcell,R,185.0,AUS,25.383,47.0,1013.0,CF01,,,Marco Cecchinato,R,185.0,ITA,30.888,109.0,549.0,6-4 6-1,3,R64,68.0,5.0,2.0,42.0,26.0,23.0,10.0,8.0,1.0,1.0,2.0,3.0,58.0,32.0,21.0,10.0,9.0,2.0,6.0
2023-6242,Winston-Salem,Hard,64,250,O,20230821,3,KE73,,,Dominik Koepfer,L,180.0,GER,29.311,78.0,757.0,LB66,,,Constant Lestienne,R,180.0,FRA,31.244,103.0,582.0,6-4 3-6 7-6(8),3,R64,160.0,10.0,15.0,109.0,61.0,45.0,23.0,15.0,8.0,12.0,14.0,5.0,110.0,59.0,45.0,19.0,16.0,3.0,7.0
2023-6242,Winston-Salem,Hard,64,250,O,20230821,4,KC12,,Q,Mitchell Krueger,R,188.0,USA,29.604,275.0,211.0,K09F,,,Pavel Kotov,R,191.0,RUS,24.756,97.0,603.0,6-3 6-4,3,R64,75.0,5.0,2.0,58.0,34.0,27.0,16.0,10.0,2.0,2.0,6.0,2.0,52.0,37.0,25.0,7.0,9.0,1.0,3.0
2023-6242,Winston-Salem,Hard,64,250,O,20230821,5,BM95,,,Benjamin Bonzi,R,183.0,FRA,27.198,101.0,590.0,MP20,,,Alexandre Muller,R,183.0,FRA,26.549,85.0,697.0,6-4 6-4,3,R64,91.0,8.0,3.0,60.0,36.0,28.0,13.0,10.0,4.0,5.0,5.0,2.0,71.0,43.0,28.0,15.0,10.0,9.0,12.0
2023-6242,Winston-Salem,Hard,64,250,O,20230821,6,Z371,,,Zhizhen Zhang,R,193.0,CHN,26.845,67.0,815.0,I305,,,Ilya Ivashka,R,193.0,BLR,29.487,99.0,591.0,4-6 7-6(7) 6-2,3,R64,141.0,3.0,2.0,85.0,49.0,40.0,20.0,15.0,1.0,4.0,8.0,8.0,113.0,80.0,58.0,10.0,15.0,12.0,16.0
2023-6242,Winston-Salem,Hard,64,250,O,20230821,7,HH06,,,Marc-Andrea Huesler,L,196.0,SUI,27.157,87.0,689.0,S0H2,,,Alexander Shevchenko,R,188.0,KAZ,22.724,84.0,699.0,6-3 4-6 4-0 RET,3,R64,93.0,7.0,3.0,63.0,33.0,25.0,21.0,12.0,2.0,3.0,6.0,6.0,69.0,36.0,25.0,15.0,11.0,3.0,6.0
2023-6242,Winston-Salem,Hard,64,250,O,20230821,8,N0AE,,,Brandon Nakashima,R,188.0,USA,22.048,72.0,795.0,KB95,,,Jason Kubler,R,178.0,AUS,30.256,86.0,693.0,6-1 3-6 7-6(3),3,R64,143.0,7.0,3.0,95.0,60.0,39.0,19.0,14.0,2.0,5.0,7.0,4.0,93.0,57.0,37.0,15.0,14.0,6.0,10.0
2023-6242,Winston-Salem,Hard,64,250,O,20230821,9,GE33,,,Daniel Elahi Galan,R,191.0,COL,27.173,70.0,804.0,A829,,,Radu Albot,R,175.0,MDA,33.774,105.0,576.0,6-1 7-5,3,R64,90.0,9.0,0.0,61.0,39.0,28.0,10.0,10.0,2.0,4.0,5.0,4.0,62.0,38.0,21.0,9.0,9.0,5.0,10.0
2023-6242,Winston-Salem,Hard,64,250,O,20230821,10,V0DZ,,,Luca Van Assche,R,178.0,FRA,19.277,65.0,831.0,KD35,,Q,Thai-Son Kwiatkowski,R,188.0,USA,28.517,477.0,89.0,3-6 6-3 6-2,3,R64,120.0,3.0,1.0,68.0,35.0,25.0,22.0,13.0,6.0,9.0,1.0,4.0,85.0,44.0,28.0,21.0,13.0,2.0,7.0
2023-6242,Winston-Salem,Hard,64,250,O,20230821,11,M0QI,,WC,Alex Michelsen,R,193.0,USA,18.987,133.0,465.0,V836,,,Juan Pablo Varillas,R,185.0,PER,27.874,74.0,779.0,6-3 6-7(3) 6-0,3,R64,138.0,7.0,3.0,79.0,48.0,40.0,17.0,14.0,1.0,2.0,7.0,1.0,94.0,52.0,31.0,21.0,13.0,7.0,12.0
2023-6242,Winston-Salem,Hard,64,250,O,20230821,12,D0CG,,,Facundo Diaz Acosta,L,183.0,ARG,22.68,93.0,626.0,HB64,,,Quentin Halys,R,191.0,FRA,26.817,69.0,805.0,4-6 6-2 6-4,3,R64,132.0,2.0,4.0,85.0,59.0,45.0,13.0,14.0,4.0,5.0,13.0,10.0,84.0,39.0,31.0,21.0,14.0,6.0,9.0
2023-6242,Winston-Salem,Hard,64,250,O,20230821,13,K0EE,,LL,Omni Kumar,L,173.0,USA,21.862,385.0,126.0,RC91,,,Arthur Rinderknech,R,196.0,FRA,28.079,73.0,781.0,6-3 7-6(3),3,R64,96.0,3.0,0.0,66.0,29.0,25.0,24.0,11.0,1.0,1.0,8.0,1.0,54.0,32.0,28.0,12.0,10.0,1.0,2.0
2023-6242,Winston-Salem,Hard,64,250,O,20230821,14,C0C8,,ALT,Juan Manuel Cerundolo,L,183.0,ARG,21.763,100.0,591.0,SX50,,,Roman Safiullin,R,185.0,RUS,26.037,61.0,857.0,7-6(5) 3-6 6-3,3,R64,156.0,9.0,8.0,107.0,62.0,46.0,22.0,15.0,5.0,7.0,7.0,11.0,110.0,66.0,47.0,22.0,15.0,12.0,14.0
2023-6242,Winston-Salem,Hard,64,250,O,20230821,15,MP01,,WC,Michael Mmoh,R,188.0,USA,25.61,94.0,624.0,KC86,,Q,Darian King,R,188.0,BAR,31.318,497.0,81.0,6-2 3-6 6-3,3,R64,119.0,10.0,9.0,89.0,63.0,41.0,10.0,13.0,7.0,11.0,1.0,0.0,70.0,58.0,32.0,6.0,13.0,5.0,11.0
2023-6242,Winston-Salem,Hard,64,250,O,20230821,16,H0BH,,ALT,Rinky Hijikata,R,178.0,AUS,22.489,111.0,544.0,ME89,,Q,Illya Marchenko,R,185.0,UKR,35.951,267.0,221.0,4-6 6-3 6-2,3,R64,151.0,8.0,7.0,106.0,60.0,42.0,18.0,14.0,9.0,13.0,2.0,3.0,71.0,36.0,21.0,17.0,13.0,4.0,10.0
2023-6242,Winston-Salem,Hard,64,250,O,20230821,17,GJ37,2.0,,Tallon Griekspoor,R,188.0,NED,27.135,25.0,1436.0,D0CO,,,Jack Draper,L,193.0,GBR,21.662,118.0,526.0,7-6(8) RET,3,R32,58.0,3.0,2.0,41.0,23.0,21.0,9.0,6.0,0.0,0.0,4.0,2.0,42.0,25.0,21.0,8.0,6.0,0.0,0.0
2023-6242,Winston-Salem,Hard,64,250,O,20230821,18,PH71,,,Max Purcell,R,185.0,AUS,25.383,47.0,1013.0,KB54,,LL,Andrey Kuznetsov,R,183.0,RUS,32.493,1134.0,7.0,6-4 6-1,3,R32,60.0,8.0,1.0,47.0,27.0,22.0,13.0,9.0,1.0,2.0,3.0,3.0,48.0,25.0,16.0,9.0,8.0,4.0,8.0
2023-6242,Winston-Salem,Hard,64,250,O,20230821,19,KE73,,,Dominik Koepfer,L,180.0,GER,29.311,78.0,757.0,KG27,,LL,Strong Kirchheimer,R,185.0,USA,28.32,416.0,110.0,6-3 6-2,3,R32,81.0,6.0,1.0,54.0,32.0,22.0,18.0,9.0,3.0,4.0,4.0,2.0,64.0,42.0,21.0,13.0,8.0,6.0,10.0
2023-6242,Winston-Salem,Hard,64,250,O,20230821,20,L0BV,5.0,,Jiri Lehecka,R,185.0,CZE,21.782,35.0,1198.0,KC12,,Q,Mitchell Krueger,R,188.0,USA,29.604,275.0,211.0,2-6 6-2 6-3,3,R32,110.0,10.0,4.0,75.0,39.0,29.0,16.0,13.0,3.0,6.0,2.0,1.0,78.0,52.0,32.0,12.0,12.0,9.0,13.0
2023-6242,Winston-Salem,Hard,64,250,O,20230821,21,K0AH,3.0,,Sebastian Korda,R,196.0,USA,23.127,33.0,1240.0,BM95,,,Benjamin Bonzi,R,183.0,FRA,27.198,101.0,590.0,6-2 6-3,3,R32,68.0,13.0,0.0,61.0,39.0,32.0,10.0,8.0,4.0,4.0,3.0,5.0,51.0,33.0,23.0,4.0,9.0,4.0,8.0
2023-6242,Winston-Salem,Hard,64,250,O,20230821,22,F724,14.0,,Marton Fucsovics,R,188.0,HUN,31.532,58.0,884.0,Z371,,,Zhizhen Zhang,R,193.0,CHN,26.845,67.0,815.0,6-4 6-2,3,R32,89.0,3.0,3.0,61.0,35.0,27.0,16.0,9.0,2.0,2.0,1.0,3.0,49.0,36.0,26.0,5.0,9.0,3.0,6.0
2023-6242,Winston-Salem,Hard,64,250,O,20230821,23,G628,12.0,,Richard Gasquet,R,183.0,FRA,37.175,57.0,910.0,HH06,,,Marc-Andrea Huesler,L,196.0,SUI,27.157,87.0,689.0,6-4 6-4,3,R32,105.0,6.0,3.0,77.0,40.0,30.0,21.0,10.0,4.0,4.0,9.0,3.0,64.0,40.0,29.0,11.0,10.0,7.0,9.0
2023-6242,Winston-Salem,Hard,64,250,O,20230821,24,N0AE,,,Brandon Nakashima,R,188.0,USA,22.048,72.0,795.0,F0F1,7.0,,Arthur Fils,R,185.0,FRA,19.19,48.0,1007.0,6-7(5) 7-6(5) 6-2,3,R32,157.0,18.0,2.0,98.0,58.0,52.0,24.0,16.0,3.0,3.0,10.0,7.0,120.0,74.0,58.0,22.0,16.0,6.0,8.0
2023-6242,Winston-Salem,Hard,64,250,O,20230821,25,B0BI,6.0,,Sebastian Baez,R,170.0,ARG,22.645,42.0,1055.0,GE33,,,Daniel Elahi Galan,R,191.0,COL,27.173,70.0,804.0,3-6 6-4 6-4,3,R32,131.0,2.0,2.0,81.0,63.0,41.0,11.0,14.0,4.0,7.0,9.0,2.0,93.0,61.0,45.0,15.0,15.0,5.0,9.0
2023-6242,Winston-Salem,Hard,64,250,O,20230821,26,V832,9.0,,Aleksandar Vukic,R,188.0,AUS,27.373,51.0,949.0,V0DZ,,,Luca Van Assche,R,178.0,FRA,19.277,65.0,831.0,6-3 6-7(5) 6-3,3,R32,153.0,19.0,3.0,97.0,49.0,38.0,29.0,16.0,1.0,2.0,5.0,5.0,89.0,41.0,28.0,29.0,14.0,1.0,4.0
2023-6242,Winston-Salem,Hard,64,250,O,20230821,27,M0QI,,WC,Alex Michelsen,R,193.0,USA,18.987,133.0,465.0,O513,15.0,,Sebastian Ofner,R,191.0,AUT,27.274,59.0,868.0,7-6(4) 7-5,3,R32,112.0,2.0,1.0,94.0,64.0,40.0,17.0,12.0,5.0,7.0,5.0,5.0,72.0,39.0,28.0,16.0,12.0,4.0,7.0
2023-6242,Winston-Salem,Hard,64,250,O,20230821,28,DB63,4.0,,Laslo Djere,R,188.0,SRB,28.219,34.0,1215.0,D0CG,,,Facundo Diaz Acosta,L,183.0,ARG,22.68,93.0,626.0,6-3 6-3,3,R32,90.0,6.0,4.0,64.0,38.0,32.0,10.0,9.0,2.0,3.0,0.0,4.0,57.0,35.0,22.0,8.0,9.0,4.0,8.0
2023-6242,Winston-Salem,Hard,64,250,O,20230821,29,K0EE,,LL,Omni Kumar,L,173.0,USA,21.862,385.0,126.0,V812,8.0,,Botic van de Zandschulp,R,191.0,NED,27.88,55.0,915.0,6-3 7-5,3,R32,90.0,5.0,4.0,73.0,45.0,32.0,15.0,11.0,2.0,3.0,4.0,5.0,58.0,33.0,26.0,11.0,10.0,5.0,8.0
2023-6242,Winston-Salem,Hard,64,250,O,20230821,30,C0C8,,ALT,Juan Manuel Cerundolo,L,183.0,ARG,21.763,100.0,591.0,H997,10.0,,Yannick Hanfmann,R,193.0,GER,31.77,54.0,929.0,7-6(3) 5-7 7-6(4),3,R32,204.0,4.0,11.0,124.0,61.0,44.0,29.0,18.0,7.0,13.0,8.0,6.0,125.0,75.0,45.0,29.0,18.0,9.0,14.0
2023-6242,Winston-Salem,Hard,64,250,O,20230821,31,MP01,,WC,Michael Mmoh,R,188.0,USA,25.61,94.0,624.0,GC88,13.0,,Marcos Giron,R,180.0,USA,30.075,63.0,850.0,6-3 6-4,3,R32,93.0,2.0,3.0,61.0,42.0,27.0,7.0,10.0,5.0,8.0,3.0,1.0,57.0,29.0,18.0,10.0,9.0,2.0,7.0
2023-6242,Winston-Salem,Hard,64,250,O,20230821,32,CG80,1.0,,Borna Coric,R,188.0,CRO,26.765,29.0,1360.0,H0BH,,ALT,Rinky Hijikata,R,178.0,AUS,22.489,111.0,544.0,6-2 7-6(2),3,R32,123.0,4.0,2.0,75.0,47.0,38.0,13.0,10.0,12.0,13.0,2.0,1.0,68.0,35.0,22.0,17.0,10.0,2.0,5.0
2023-6242,Winston-Salem,Hard,64,250,O,20230821,33,PH71,,,Max Purcell,R,185.0,AUS,25.383,47.0,1013.0,GJ37,2.0,,Tallon Griekspoor,R,188.0,NED,27.135,25.0,1436.0,7-6(4) 7-6(2),3,R16,113.0,11.0,4.0,79.0,48.0,38.0,16.0,12.0,2.0,4.0,8.0,9.0,85.0,47.0,33.0,18.0,12.0,5.0,7.0
2023-6242,Winston-Salem,Hard,64,250,O,20230821,34,L0BV,5.0,,Jiri Lehecka,R,185.0,CZE,21.782,35.0,1198.0,KE73,,,Dominik Koepfer,L,180.0,GER,29.311,78.0,757.0,6-3 3-6 6-4,3,R16,120.0,7.0,4.0,88.0,50.0,38.0,22.0,14.0,3.0,4.0,2.0,2.0,86.0,48.0,34.0,25.0,14.0,2.0,4.0
2023-6242,Winston-Salem,Hard,64,250,O,20230821,35,K0AH,3.0,,Sebastian Korda,R,196.0,USA,23.127,33.0,1240.0,F724,14.0,,Marton Fucsovics,R,188.0,HUN,31.532,58.0,884.0,7-6(5) 6-3,3,R16,112.0,8.0,3.0,76.0,45.0,34.0,14.0,11.0,3.0,5.0,2.0,1.0,69.0,37.0,24.0,16.0,10.0,2.0,5.0
2023-6242,Winston-Salem,Hard,64,250,O,20230821,36,G628,12.0,,Richard Gasquet,R,183.0,FRA,37.175,57.0,910.0,N0AE,,,Brandon Nakashima,R,188.0,USA,22.048,72.0,795.0,2-6 6-4 6-4,3,R16,123.0,9.0,1.0,76.0,46.0,39.0,15.0,14.0,4.0,6.0,12.0,0.0,87.0,54.0,41.0,19.0,14.0,4.0,6.0
2023-6242,Winston-Salem,Hard,64,250,O,20230821,37,B0BI,6.0,,Sebastian Baez,R,170.0,ARG,22.645,42.0,1055.0,V832,9.0,,Aleksandar Vukic,R,188.0,AUS,27.373,51.0,949.0,6-4 4-6 6-4,3,R16,129.0,4.0,1.0,90.0,65.0,43.0,11.0,15.0,4.0,9.0,12.0,7.0,90.0,49.0,35.0,15.0,15.0,4.0,10.0
2023-6242,Winston-Salem,Hard,64,250,O,20230821,38,DB63,4.0,,Laslo Djere,R,188.0,SRB,28.219,34.0,1215.0,M0QI,,WC,Alex Michelsen,R,193.0,USA,18.987,133.0,465.0,6-4 6-4,3,R16,90.0,3.0,4.0,58.0,37.0,28.0,13.0,10.0,3.0,4.0,2.0,4.0,71.0,38.0,26.0,16.0,10.0,8.0,11.0
2023-6242,Winston-Salem,Hard,64,250,O,20230821,39,C0C8,,ALT,Juan Manuel Cerundolo,L,183.0,ARG,21.763,100.0,591.0,K0EE,,LL,Omni Kumar,L,173.0,USA,21.862,385.0,126.0,7-5 6-3,3,R16,97.0,3.0,5.0,69.0,44.0,35.0,11.0,11.0,4.0,5.0,3.0,2.0,61.0,33.0,21.0,15.0,10.0,4.0,7.0
2023-6242,Winston-Salem,Hard,64,250,O,20230821,40,CG80,1.0,,Borna Coric,R,188.0,CRO,26.765,29.0,1360.0,MP01,,WC,Michael Mmoh,R,188.0,USA,25.61,94.0,624.0,6-4 6-7(3) 6-3,3,R16,167.0,11.0,3.0,106.0,68.0,51.0,23.0,16.0,4.0,4.0,7.0,4.0,97.0,67.0,47.0,18.0,15.0,6.0,8.0
2023-6242,Winston-Salem,Hard,64,250,O,20230821,41,L0BV,5.0,,Jiri Lehecka,R,185.0,CZE,21.782,35.0,1198.0,PH71,,,Max Purcell,R,185.0,AUS,25.383,47.0,1013.0,7-6(4) 6-4,3,QF,86.0,9.0,3.0,66.0,44.0,37.0,11.0,11.0,0.0,1.0,8.0,7.0,69.0,37.0,28.0,17.0,11.0,0.0,2.0
2023-6242,Winston-Salem,Hard,64,250,O,20230821,42,K0AH,3.0,,Sebastian Korda,R,196.0,USA,23.127,33.0,1240.0,G628,12.0,,Richard Gasquet,R,183.0,FRA,37.175,57.0,910.0,4-6 6-1 7-6(7),3,QF,151.0,16.0,5.0,102.0,51.0,44.0,21.0,15.0,4.0,7.0,7.0,7.0,97.0,52.0,38.0,22.0,14.0,9.0,13.0
2023-6242,Winston-Salem,Hard,64,250,O,20230821,43,B0BI,6.0,,Sebastian Baez,R,170.0,ARG,22.645,42.0,1055.0,DB63,4.0,,Laslo Djere,R,188.0,SRB,28.219,34.0,1215.0,6-3 6-0,3,QF,73.0,1.0,2.0,58.0,44.0,31.0,7.0,8.0,5.0,5.0,2.0,2.0,46.0,27.0,16.0,6.0,7.0,2.0,6.0
2023-6242,Winston-Salem,Hard,64,250,O,20230821,44,CG80,1.0,,Borna Coric,R,188.0,CRO,26.765,29.0,1360.0,C0C8,,ALT,Juan Manuel Cerundolo,L,183.0,ARG,21.763,100.0,591.0,6-3 6-1,3,QF,81.0,7.0,1.0,55.0,34.0,27.0,11.0,8.0,3.0,3.0,1.0,3.0,49.0,31.0,19.0,4.0,8.0,4.0,8.0
2023-6242,Winston-Salem,Hard,64,250,O,20230821,45,L0BV,5.0,,Jiri Lehecka,R,185.0,CZE,21.782,35.0,1198.0,K0AH,3.0,,Sebastian Korda,R,196.0,USA,23.127,33.0,1240.0,W/O,3,SF,,,,,,,,,,,,,,,,,,,
2023-6242,Winston-Salem,Hard,64,250,O,20230821,46,B0BI,6.0,,Sebastian Baez,R,170.0,ARG,22.645,42.0,1055.0,CG80,1.0,,Borna Coric,R,188.0,CRO,26.765,29.0,1360.0,6-3 6-7(4) 7-6(2),3,SF,199.0,4.0,1.0,96.0,62.0,44.0,20.0,16.0,2.0,5.0,9.0,7.0,117.0,68.0,43.0,24.0,17.0,6.0,11.0
2023-6242,Winston-Salem,Hard,64,250,O,20230821,47,B0BI,6.0,,Sebastian Baez,R,170.0,ARG,22.645,42.0,1055.0,L0BV,5.0,,Jiri Lehecka,R,185.0,CZE,21.782,35.0,1198.0,6-4 6-3,3,F,94.0,5.0,1.0,59.0,42.0,31.0,5.0,9.0,5.0,7.0,4.0,5.0,73.0,36.0,21.0,17.0,10.0,6.0,11.0
2023-560,US Open,Hard,128,G,O,20230828,1,A0E2,1.0,,Carlos Alcaraz,R,183.0,ESP,20.315,1.0,9815.0,KE73,,,Dominik Koepfer,L,180.0,GER,29.331,75.0,777.0,6-2 3-2 RET,5,R128,60.0,4.0,0.0,33.0,24.0,20.0,6.0,6.0,2.0,2.0,1.0,2.0,55.0,36.0,22.0,6.0,7.0,8.0,11.0
2023-560,US Open,Hard,128,G,O,20230828,2,HG86,,,Lloyd Harris,R,193.0,RSA,26.505,177.0,347.0,PC11,,,Guido Pella,L,183.0,ARG,33.281,203.0,305.0,7-6(5) 6-4 6-4,5,R128,126.0,26.0,2.0,94.0,69.0,55.0,17.0,17.0,2.0,2.0,7.0,5.0,92.0,46.0,38.0,28.0,16.0,2.0,4.0
2023-560,US Open,Hard,128,G,O,20230828,3,V812,,,Botic van de Zandschulp,R,191.0,NED,27.899,65.0,825.0,TC61,,,Jordan Thompson,R,183.0,AUS,29.355,51.0,951.0,6-3 RET,5,R128,53.0,3.0,1.0,35.0,18.0,13.0,10.0,5.0,0.0,1.0,3.0,1.0,32.0,15.0,11.0,5.0,4.0,5.0,7.0
2023-560,US Open,Hard,128,G,O,20230828,4,E687,26.0,,Daniel Evans,R,175.0,GBR,33.265,28.0,1381.0,GE33,,,Daniel Elahi Galan,R,191.0,COL,27.192,71.0,804.0,6-4 6-2 7-5,5,R128,158.0,5.0,3.0,92.0,56.0,45.0,21.0,15.0,2.0,2.0,12.0,4.0,101.0,60.0,39.0,21.0,15.0,4.0,8.0
2023-560,US Open,Hard,128,G,O,20230828,5,F0F1,,,Arthur Fils,R,185.0,FRA,19.209,48.0,1007.0,GJ37,24.0,,Tallon Griekspoor,R,188.0,NED,27.154,24.0,1446.0,4-6 6-3 5-7 6-4 7-5,5,R128,238.0,22.0,6.0,169.0,111.0,86.0,24.0,27.0,11.0,15.0,13.0,8.0,155.0,90.0,70.0,29.0,25.0,6.0,11.0
2023-560,US Open,Hard,128,G,O,20230828,6,A0FC,,,Matteo Arnaldi,R,185.0,ITA,22.511,61.0,855.0,KB95,,,Jason Kubler,R,178.0,AUS,30.275,87.0,678.0,6-3 1-0 RET,5,R128,50.0,7.0,1.0,29.0,22.0,18.0,4.0,5.0,0.0,0.0,1.0,1.0,30.0,14.0,9.0,7.0,5.0,0.0,2.0
2023-560,US Open,Hard,128,G,O,20230828,7,H09F,,Q,Yu Hsiou Hsu,R,178.0,TPE,24.405,237.0,268.0,KD46,,,Thanasi Kokkinakis,R,193.0,AUS,27.381,78.0,766.0,6-3 6-4 3-6 6-3,5,R128,172.0,7.0,1.0,112.0,75.0,60.0,22.0,19.0,6.0,7.0,16.0,10.0,120.0,72.0,55.0,19.0,18.0,10.0,13.0
2023-560,US Open,Hard,128,G,O,20230828,8,N771,16.0,,Cameron Norrie,L,188.0,GBR,28.014,16.0,2075.0,S0H2,,,Alexander Shevchenko,R,188.0,KAZ,22.743,83.0,699.0,6-3 6-2 6-2,5,R128,91.0,5.0,3.0,73.0,49.0,41.0,13.0,13.0,1.0,1.0,7.0,2.0,73.0,45.0,29.0,9.0,12.0,5.0,10.0
2023-560,US Open,Hard,128,G,O,20230828,9,Z355,12.0,,Alexander Zverev,R,198.0,GER,26.355,12.0,2670.0,V832,,,Aleksandar Vukic,R,188.0,AUS,27.392,50.0,953.0,6-4 6-4 6-4,5,R128,129.0,13.0,4.0,87.0,58.0,50.0,12.0,15.0,1.0,2.0,5.0,5.0,100.0,61.0,42.0,16.0,15.0,8.0,12.0
2023-560,US Open,Hard,128,G,O,20230828,10,AE14,,,Daniel Altmaier,R,188.0,GER,24.958,53.0,936.0,LB66,,,Constant Lestienne,R,180.0,FRA,31.264,101.0,582.0,6-7(5) 6-3 6-1 6-2,5,R128,190.0,12.0,3.0,130.0,98.0,68.0,15.0,18.0,11.0,14.0,8.0,7.0,129.0,73.0,47.0,21.0,19.0,9.0,18.0
2023-560,US Open,Hard,128,G,O,20230828,11,MC10,,,Andy Murray,R,191.0,GBR,36.287,37.0,1120.0,MW02,,,Corentin Moutet,L,180.0,FRA,24.359,72.0,801.0,6-2 7-5 6-3,5,R128,178.0,4.0,3.0,91.0,52.0,40.0,24.0,15.0,2.0,3.0,5.0,1.0,107.0,70.0,44.0,15.0,14.0,20.0,25.0
2023-560,US Open,Hard,128,G,O,20230828,12,D875,19.0,,Grigor Dimitrov,R,191.0,BUL,32.285,19.0,1690.0,MV14,,,Alex Molcan,L,178.0,SVK,25.739,115.0,530.0,6-7(9) 6-7(5) 6-1 7-5 7-6(9),5,R128,278.0,20.0,8.0,184.0,112.0,87.0,41.0,29.0,5.0,7.0,8.0,9.0,182.0,106.0,75.0,44.0,29.0,9.0,14.0
2023-560,US Open,Hard,128,G,O,20230828,13,EA24,30.0,,Tomas Martin Etcheverry,R,196.0,ARG,24.112,34.0,1250.0,V0AM,,Q,Otto Virtanen,R,193.0,FIN,22.185,133.0,456.0,6-3 6-7(3) 1-6 6-4 7-6(5),5,R128,265.0,8.0,1.0,171.0,128.0,84.0,26.0,28.0,8.0,13.0,12.0,10.0,179.0,96.0,72.0,39.0,24.0,10.0,14.0
2023-560,US Open,Hard,128,G,O,20230828,14,W367,,,Stan Wawrinka,R,183.0,SUI,38.418,49.0,1004.0,N732,,,Yoshihito Nishioka,L,170.0,JPN,27.918,44.0,1025.0,7-6(5) 6-2 6-4,5,R128,145.0,12.0,0.0,90.0,49.0,41.0,22.0,16.0,0.0,1.0,2.0,3.0,107.0,55.0,35.0,27.0,15.0,7.0,11.0
2023-560,US Open,Hard,128,G,O,20230828,15,SU87,,,Lorenzo Sonego,R,191.0,ITA,28.298,39.0,1105.0,MW18,,Q,Nicolas Moreno De Alboran,R,185.0,USA,26.122,131.0,470.0,6-3 6-4 6-2,5,R128,139.0,5.0,1.0,82.0,46.0,35.0,20.0,14.0,1.0,3.0,8.0,8.0,93.0,62.0,36.0,10.0,13.0,8.0,14.0
2023-560,US Open,Hard,128,G,O,20230828,16,S0AG,6.0,,Jannik Sinner,R,191.0,ITA,22.031,6.0,4645.0,H997,,,Yannick Hanfmann,R,193.0,GER,31.789,54.0,929.0,6-3 6-1 6-1,5,R128,138.0,5.0,3.0,74.0,41.0,32.0,20.0,12.0,4.0,4.0,7.0,3.0,100.0,63.0,36.0,14.0,11.0,9.0,15.0
2023-560,US Open,Hard,128,G,O,20230828,17,MM58,3.0,,Daniil Medvedev,R,198.0,RUS,27.543,3.0,6260.0,BD80,,,Attila Balazs,R,180.0,HUN,34.916,1018.0,10.0,6-1 6-1 6-0,5,R128,74.0,8.0,3.0,54.0,36.0,31.0,9.0,10.0,0.0,0.0,0.0,5.0,63.0,45.0,17.0,5.0,10.0,6.0,14.0
2023-560,US Open,Hard,128,G,O,20230828,18,O483,,,Christopher O'Connell,R,183.0,AUS,29.235,69.0,811.0,PH71,,,Max Purcell,R,185.0,AUS,25.402,43.0,1048.0,6-4 6-3 3-6 7-6(5),5,R128,172.0,18.0,3.0,131.0,81.0,65.0,22.0,21.0,7.0,11.0,22.0,4.0,130.0,79.0,61.0,24.0,21.0,9.0,14.0
2023-560,US Open,Hard,128,G,O,20230828,19,MW75,,Q,Felipe Meligeni Alves,R,185.0,BRA,25.52,168.0,369.0,D994,,LL,James Duckworth,R,183.0,AUS,31.6,111.0,538.0,6-4 7-6(11) 6-3,5,R128,135.0,20.0,3.0,116.0,87.0,66.0,12.0,16.0,10.0,11.0,7.0,3.0,101.0,57.0,35.0,27.0,16.0,5.0,8.0
2023-560,US Open,Hard,128,G,O,20230828,20,B0BI,,,Sebastian Baez,R,170.0,ARG,22.664,32.0,1295.0,CG80,27.0,,Borna Coric,R,188.0,CRO,26.784,23.0,1450.0,7-5 7-5 6-1,5,R128,155.0,6.0,1.0,112.0,81.0,57.0,16.0,16.0,6.0,7.0,3.0,2.0,88.0,53.0,33.0,19.0,15.0,5.0,10.0
2023-560,US Open,Hard,128,G,O,20230828,21,J551,23.0,,Nicolas Jarry,R,201.0,CHI,27.88,25.0,1439.0,V0DZ,,,Luca Van Assche,R,178.0,FRA,19.296,64.0,831.0,6-3 3-6 6-2 7-6(3),5,R128,215.0,29.0,4.0,120.0,78.0,61.0,21.0,19.0,4.0,6.0,6.0,5.0,139.0,86.0,59.0,22.0,20.0,9.0,13.0
2023-560,US Open,Hard,128,G,O,20230828,22,M0QI,,WC,Alex Michelsen,R,193.0,USA,19.006,127.0,481.0,R772,,,Albert Ramos-Vinolas,L,188.0,ESP,35.611,88.0,653.0,6-4 6-3 6-4,5,R128,120.0,6.0,3.0,82.0,55.0,43.0,12.0,14.0,2.0,4.0,3.0,1.0,91.0,64.0,40.0,11.0,15.0,3.0,9.0
2023-560,US Open,Hard,128,G,O,20230828,23,WB32,,,Yibing Wu,R,183.0,CHN,23.871,86.0,683.0,L987,,,Dusan Lajovic,R,183.0,SRB,33.161,52.0,938.0,3-6 6-4 2-6 6-4 6-2,5,R128,178.0,5.0,5.0,136.0,90.0,60.0,27.0,23.0,3.0,8.0,13.0,3.0,147.0,89.0,64.0,23.0,22.0,5.0,10.0
2023-560,US Open,Hard,128,G,O,20230828,24,DH58,13.0,,Alex de Minaur,R,183.0,AUS,24.526,13.0,2595.0,S0GR,,Q,Timofey Skatov,R,173.0,KAZ,22.598,129.0,477.0,6-2 3-6 6-1 7-5,5,R128,162.0,7.0,4.0,106.0,56.0,42.0,26.0,18.0,2.0,6.0,2.0,3.0,104.0,69.0,38.0,17.0,18.0,6.0,14.0
2023-560,US Open,Hard,128,G,O,20230828,25,MP01,,WC,Michael Mmoh,R,188.0,USA,25.629,89.0,644.0,KE29,11.0,,Karen Khachanov,R,198.0,RUS,27.269,11.0,2845.0,6-2 6-4 6-2,5,R128,140.0,8.0,4.0,79.0,47.0,37.0,17.0,13.0,2.0,3.0,6.0,7.0,88.0,46.0,31.0,13.0,13.0,4.0,10.0
2023-560,US Open,Hard,128,G,O,20230828,26,I186,,WC,John Isner,R,208.0,USA,38.338,157.0,400.0,D0CG,,,Facundo Diaz Acosta,L,183.0,ARG,22.7,94.0,629.0,6-4 6-3 7-6(1),5,R128,156.0,11.0,0.0,83.0,53.0,42.0,25.0,16.0,0.0,0.0,5.0,6.0,113.0,75.0,52.0,16.0,16.0,7.0,9.0
2023-560,US Open,Hard,128,G,O,20230828,27,D0CO,,,Jack Draper,L,193.0,GBR,21.681,123.0,491.0,A829,,,Radu Albot,R,175.0,MDA,33.793,102.0,576.0,6-1 6-4 6-3,5,R128,123.0,9.0,2.0,75.0,44.0,37.0,19.0,13.0,3.0,3.0,1.0,4.0,89.0,54.0,32.0,18.0,13.0,6.0,11.0
2023-560,US Open,Hard,128,G,O,20230828,28,HB71,17.0,,Hubert Hurkacz,R,196.0,POL,26.541,17.0,2035.0,HH06,,,Marc-Andrea Huesler,L,196.0,SUI,27.176,97.0,604.0,4-6 5-7 7-6(0) 6-3 6-1,5,R128,192.0,19.0,4.0,141.0,93.0,75.0,23.0,25.0,3.0,7.0,11.0,8.0,147.0,90.0,67.0,23.0,26.0,7.0,13.0
2023-560,US Open,Hard,128,G,O,20230828,29,BK40,,,Matteo Berrettini,R,196.0,ITA,27.376,36.0,1147.0,HH26,29.0,,Ugo Humbert,L,188.0,FRA,25.172,33.0,1258.0,6-4 6-2 6-2,5,R128,143.0,11.0,1.0,88.0,54.0,40.0,20.0,16.0,7.0,7.0,3.0,5.0,87.0,46.0,26.0,21.0,12.0,4.0,9.0
2023-560,US Open,Hard,128,G,O,20230828,30,RC91,,,Arthur Rinderknech,R,196.0,FRA,28.099,73.0,781.0,SM37,,,Diego Schwartzman,R,170.0,ARG,31.031,114.0,531.0,6-3 6-4 6-2,5,R128,128.0,19.0,1.0,80.0,51.0,44.0,15.0,14.0,1.0,1.0,0.0,5.0,82.0,51.0,37.0,11.0,13.0,7.0,11.0
2023-560,US Open,Hard,128,G,O,20230828,31,MC65,,,Gael Monfils,R,193.0,FRA,36.988,162.0,387.0,DA81,,Q,Taro Daniel,R,191.0,JPN,30.582,95.0,618.0,4-6 6-4 6-2 7-6(4),5,R128,190.0,23.0,12.0,123.0,76.0,64.0,17.0,20.0,4.0,7.0,5.0,12.0,131.0,61.0,43.0,38.0,21.0,8.0,13.0
2023-560,US Open,Hard,128,G,O,20230828,32,RE44,8.0,,Andrey Rublev,R,188.0,RUS,25.854,8.0,4515.0,C0H0,,LL,Arthur Cazaux,R,183.0,FRA,21.013,119.0,520.0,6-4 7-6(5) 6-1,5,R128,152.0,5.0,3.0,98.0,60.0,49.0,19.0,15.0,3.0,4.0,6.0,2.0,112.0,61.0,42.0,21.0,15.0,5.0,9.0
2023-560,US Open,Hard,128,G,O,20230828,33,RH16,5.0,,Casper Ruud,R,183.0,NOR,24.682,5.0,4715.0,N0AM,,Q,Emilio Nava,R,185.0,USA,21.736,154.0,402.0,7-6(5) 3-6 6-4 7-6(5),5,R128,197.0,4.0,3.0,138.0,88.0,64.0,30.0,23.0,8.0,11.0,13.0,3.0,128.0,93.0,71.0,20.0,22.0,5.0,8.0
2023-560,US Open,Hard,128,G,O,20230828,34,Z371,,,Zhizhen Zhang,R,193.0,CHN,26.864,67.0,817.0,W09G,,,J.J. Wolf,R,183.0,USA,24.684,45.0,1025.0,7-5 7-5 6-7(5) 4-6 6-3,5,R128,269.0,15.0,7.0,195.0,116.0,83.0,35.0,28.0,14.0,21.0,16.0,7.0,167.0,103.0,72.0,31.0,28.0,15.0,24.0
2023-560,US Open,Hard,128,G,O,20230828,35,H0BH,,WC,Rinky Hijikata,R,178.0,AUS,22.508,110.0,547.0,K09F,,,Pavel Kotov,R,191.0,RUS,24.775,98.0,603.0,7-5 5-7 6-3 7-5,5,R128,239.0,5.0,4.0,143.0,72.0,51.0,34.0,23.0,8.0,15.0,8.0,6.0,164.0,95.0,59.0,32.0,22.0,17.0,26.0
2023-560,US Open,Hard,128,G,O,20230828,36,F724,,,Marton Fucsovics,R,188.0,HUN,31.551,57.0,898.0,K0AH,31.0,,Sebastian Korda,R,196.0,USA,23.146,31.0,1330.0,7-6(4) 4-6 7-6(1) 4-6 6-4,5,R128,266.0,11.0,8.0,188.0,112.0,80.0,41.0,27.0,7.0,11.0,8.0,7.0,159.0,90.0,67.0,43.0,29.0,3.0,6.0
2023-560,US Open,Hard,128,G,O,20230828,37,ME82,22.0,,Adrian Mannarino,L,180.0,FRA,35.162,35.0,1206.0,WB08,,,Yosuke Watanuki,R,180.0,JPN,25.377,85.0,686.0,7-5 6-7(3) 6-3 7-5,5,R128,215.0,8.0,2.0,132.0,86.0,64.0,29.0,22.0,5.0,6.0,16.0,8.0,159.0,85.0,61.0,39.0,24.0,7.0,12.0
2023-560,US Open,Hard,128,G,O,20230828,38,M0CI,,,Fabian Marozsan,R,193.0,HUN,23.888,92.0,635.0,G628,,,Richard Gasquet,R,183.0,FRA,37.194,55.0,915.0,6-3 6-1 6-7(5) 6-7(1) 6-2,5,R128,198.0,15.0,3.0,161.0,108.0,75.0,27.0,25.0,9.0,12.0,13.0,5.0,144.0,90.0,62.0,25.0,25.0,7.0,16.0
2023-560,US Open,Hard,128,G,O,20230828,39,O513,,,Sebastian Ofner,R,191.0,AUT,27.294,58.0,868.0,BT72,,,Nuno Borges,R,185.0,POR,26.519,79.0,754.0,7-6(5) 3-6 7-6(7) 6-4,5,R128,175.0,19.0,5.0,147.0,94.0,69.0,24.0,23.0,5.0,10.0,9.0,7.0,142.0,99.0,66.0,22.0,22.0,4.0,9.0
2023-560,US Open,Hard,128,G,O,20230828,40,TD51,10.0,,Frances Tiafoe,R,188.0,USA,25.602,10.0,3050.0,T0HA,,WC,Learner Tien,L,180.0,USA,17.736,700.0,39.0,6-2 7-5 6-1,5,R128,128.0,10.0,2.0,80.0,47.0,37.0,16.0,13.0,2.0,4.0,4.0,6.0,116.0,71.0,38.0,17.0,14.0,17.0,25.0
2023-560,US Open,Hard,128,G,O,20230828,41,PL56,14.0,,Tommy Paul,R,185.0,USA,26.281,14.0,2570.0,TA12,,Q,Stefano Travaglia,R,185.0,ITA,31.666,233.0,272.0,6-2 6-3 4-6 6-1,5,R128,148.0,14.0,2.0,94.0,60.0,44.0,19.0,17.0,3.0,7.0,0.0,2.0,109.0,59.0,35.0,20.0,17.0,11.0,20.0
2023-560,US Open,Hard,128,G,O,20230828,42,SX50,,,Roman Safiullin,R,185.0,RUS,26.056,60.0,857.0,CF01,,,Marco Cecchinato,R,185.0,ITA,30.908,109.0,549.0,6-4 6-2 6-0,5,R128,80.0,12.0,3.0,61.0,44.0,36.0,10.0,12.0,0.0,1.0,3.0,6.0,71.0,38.0,19.0,15.0,12.0,4.0,11.0
2023-560,US Open,Hard,128,G,O,20230828,43,C0C8,,,Juan Manuel Cerundolo,L,183.0,ARG,21.782,93.0,630.0,I305,,,Ilya Ivashka,R,193.0,BLR,29.506,103.0,571.0,2-6 6-7(4) 6-3 6-3 6-3,5,R128,214.0,9.0,8.0,155.0,85.0,64.0,27.0,25.0,7.0,13.0,10.0,9.0,145.0,89.0,62.0,21.0,23.0,9.0,17.0
2023-560,US Open,Hard,128,G,O,20230828,44,DH50,21.0,,Alejandro Davidovich Fokina,R,180.0,ESP,24.23,21.0,1525.0,GC88,,,Marcos Giron,R,180.0,USA,30.094,62.0,850.0,6-4 6-4 6-2,5,R128,116.0,1.0,1.0,88.0,56.0,45.0,16.0,14.0,9.0,10.0,6.0,4.0,75.0,42.0,27.0,16.0,14.0,4.0,9.0
2023-560,US Open,Hard,128,G,O,20230828,45,TB69,,,Dominic Thiem,R,185.0,AUT,29.982,81.0,726.0,BK92,25.0,,Alexander Bublik,R,196.0,KAZ,26.196,27.0,1384.0,6-3 6-2 6-4,5,R128,112.0,8.0,5.0,81.0,48.0,35.0,19.0,14.0,2.0,4.0,6.0,17.0,87.0,42.0,31.0,14.0,13.0,4.0,10.0
2023-560,US Open,Hard,128,G,O,20230828,46,S0S1,,,Ben Shelton,L,193.0,USA,20.884,47.0,1015.0,CG04,,,Pedro Cachin,R,185.0,ARG,28.378,66.0,822.0,1-6 6-3 6-2 6-4,5,R128,127.0,13.0,3.0,93.0,65.0,49.0,15.0,17.0,0.0,2.0,5.0,7.0,93.0,57.0,38.0,20.0,17.0,0.0,4.0
2023-560,US Open,Hard,128,G,O,20230828,47,KC56,,,Aslan Karatsev,R,185.0,RUS,29.979,77.0,773.0,L0BV,,,Jiri Lehecka,R,185.0,CZE,21.802,29.0,1338.0,6-3 6-3 6-3,5,R128,120.0,8.0,1.0,80.0,39.0,35.0,19.0,13.0,6.0,7.0,7.0,1.0,83.0,54.0,34.0,11.0,14.0,8.0,14.0
2023-560,US Open,Hard,128,G,O,20230828,48,CF59,,,Roberto Carballes Baena,R,183.0,ESP,30.431,63.0,840.0,R0DG,4.0,,Holger Rune,R,188.0,DEN,20.331,4.0,4790.0,6-3 4-6 6-3 6-2,5,R128,162.0,7.0,5.0,101.0,54.0,41.0,30.0,18.0,3.0,6.0,2.0,4.0,108.0,66.0,40.0,20.0,18.0,7.0,14.0
2023-560,US Open,Hard,128,G,O,20230828,49,TE51,7.0,,Stefanos Tsitsipas,R,193.0,GRE,25.043,7.0,4580.0,R975,,,Milos Raonic,R,196.0,CAN,32.668,337.0,155.0,6-2 6-3 6-4,5,R128,116.0,7.0,5.0,76.0,45.0,38.0,17.0,14.0,2.0,3.0,8.0,8.0,84.0,39.0,32.0,15.0,13.0,9.0,14.0
2023-560,US Open,Hard,128,G,O,20230828,50,S0LA,,Q,Dominic Stricker,L,183.0,SUI,21.032,128.0,480.0,P09Z,,,Alexei Popyrin,R,196.0,AUS,24.063,41.0,1065.0,6-3 6-4 3-6 6-3,5,R128,160.0,9.0,4.0,100.0,54.0,43.0,30.0,19.0,6.0,8.0,16.0,4.0,140.0,89.0,58.0,26.0,18.0,14.0,18.0
2023-560,US Open,Hard,128,G,O,20230828,51,BM95,,WC,Benjamin Bonzi,R,183.0,FRA,27.217,108.0,555.0,HB64,,,Quentin Halys,R,191.0,FRA,26.836,70.0,805.0,5-7 6-4 6-4 6-4,5,R128,171.0,13.0,5.0,142.0,90.0,68.0,29.0,21.0,8.0,9.0,23.0,9.0,121.0,73.0,58.0,23.0,21.0,7.0,10.0
2023-560,US Open,Hard,128,G,O,20230828,52,E865,28.0,,Christopher Eubanks,R,201.0,USA,27.313,30.0,1338.0,KF17,,,Soonwoo Kwon,R,180.0,KOR,25.736,104.0,568.0,6-3 6-4 0-6 6-4,5,R128,148.0,14.0,4.0,112.0,68.0,51.0,20.0,18.0,4.0,7.0,13.0,5.0,109.0,70.0,49.0,18.0,17.0,9.0,12.0
2023-560,US Open,Hard,128,G,O,20230828,53,D0DW,,Q,Titouan Droguet,R,191.0,FRA,22.201,171.0,359.0,M0EJ,18.0,,Lorenzo Musetti,R,185.0,ITA,21.487,18.0,2005.0,6-3 0-6 6-7(5) 6-3 6-2,5,R128,220.0,10.0,6.0,153.0,91.0,59.0,35.0,23.0,6.0,11.0,9.0,13.0,167.0,92.0,66.0,32.0,22.0,15.0,21.0
2023-560,US Open,Hard,128,G,O,20230828,54,M0NI,,Q,Jakub Mensik,R,196.0,CZE,17.988,206.0,305.0,BK24,,,Gregoire Barrere,R,183.0,FRA,29.528,59.0,864.0,6-4 4-6 7-6(1) 6-2,5,R128,178.0,13.0,4.0,129.0,70.0,56.0,34.0,20.0,2.0,4.0,3.0,4.0,127.0,76.0,54.0,28.0,21.0,5.0,9.0
2023-560,US Open,Hard,128,G,O,20230828,55,V836,,,Juan Pablo Varillas,R,185.0,PER,27.893,74.0,779.0,KI95,,,Miomir Kecmanovic,R,183.0,SRB,23.992,46.0,1020.0,1-6 7-5 7-5 6-4,5,R128,193.0,15.0,4.0,141.0,81.0,53.0,31.0,21.0,7.0,13.0,4.0,8.0,128.0,67.0,43.0,35.0,20.0,12.0,18.0
2023-560,US Open,Hard,128,G,O,20230828,56,FB98,9.0,,Taylor Fritz,R,196.0,USA,25.832,9.0,3605.0,J386,,WC,Steve Johnson,R,188.0,USA,33.676,205.0,305.0,6-2 6-1 6-2,5,R128,80.0,10.0,0.0,50.0,23.0,23.0,21.0,11.0,0.0,0.0,3.0,6.0,70.0,36.0,21.0,12.0,12.0,2.0,9.0
2023-560,US Open,Hard,128,G,O,20230828,57,MK66,,,Mackenzie McDonald,R,178.0,USA,28.367,40.0,1085.0,AG37,15.0,,Felix Auger-Aliassime,R,193.0,CAN,23.053,15.0,2375.0,7-6(5) 4-6 6-1 6-4,5,R128,207.0,8.0,1.0,152.0,89.0,61.0,37.0,20.0,12.0,13.0,13.0,11.0,126.0,76.0,57.0,23.0,20.0,5.0,8.0
2023-560,US Open,Hard,128,G,O,20230828,58,GH92,,Q,Borna Gojo,R,196.0,CRO,25.498,105.0,559.0,DA31,,,Hugo Dellien,R,180.0,BOL,30.198,147.0,422.0,6-3 6-3 6-1,5,R128,91.0,13.0,0.0,66.0,48.0,40.0,13.0,13.0,0.0,0.0,2.0,5.0,83.0,51.0,34.0,12.0,12.0,7.0,12.0
2023-560,US Open,Hard,128,G,O,20230828,59,V708,,,Jiri Vesely,L,198.0,CZE,30.133,437.0,104.0,CG94,,Q,Enzo Couacaud,R,183.0,FRA,28.493,180.0,340.0,5-7 6-3 6-2 3-6 6-4,5,R128,195.0,23.0,9.0,125.0,79.0,63.0,24.0,24.0,4.0,8.0,21.0,9.0,139.0,81.0,66.0,26.0,24.0,5.0,11.0
2023-560,US Open,Hard,128,G,O,20230828,60,C0AU,20.0,,Francisco Cerundolo,R,185.0,ARG,25.04,20.0,1600.0,S0K7,,Q,Zachary Svajda,R,175.0,USA,20.745,234.0,271.0,5-7 6-4 6-4 6-3,5,R128,177.0,6.0,2.0,132.0,88.0,58.0,27.0,20.0,8.0,11.0,5.0,3.0,132.0,75.0,52.0,25.0,21.0,12.0,18.0
2023-560,US Open,Hard,128,G,O,20230828,61,DB63,32.0,,Laslo Djere,R,188.0,SRB,28.238,38.0,1110.0,N0AE,,,Brandon Nakashima,R,188.0,USA,22.067,68.0,815.0,7-5 6-4 6-4,5,R128,141.0,9.0,4.0,91.0,49.0,38.0,24.0,16.0,0.0,2.0,3.0,4.0,100.0,61.0,40.0,17.0,16.0,0.0,5.0
2023-560,US Open,Hard,128,G,O,20230828,62,G09O,,Q,Hugo Gaston,L,173.0,FRA,22.919,99.0,598.0,SY67,,Q,Sho Shimabukuro,R,180.0,JPN,26.078,158.0,400.0,6-2 6-1 7-6(4),5,R128,113.0,5.0,1.0,87.0,38.0,26.0,33.0,15.0,4.0,6.0,1.0,2.0,80.0,32.0,17.0,24.0,13.0,2.0,8.0
2023-560,US Open,Hard,128,G,O,20230828,63,Z419,,,Bernabe Zapata Miralles,R,183.0,ESP,26.623,76.0,776.0,Q02L,,WC,Ethan Quinn,R,191.0,USA,19.461,475.0,90.0,6-4 6-4 6-3,5,R128,133.0,2.0,0.0,85.0,56.0,37.0,19.0,14.0,3.0,5.0,7.0,3.0,101.0,60.0,37.0,16.0,15.0,5.0,11.0
2023-560,US Open,Hard,128,G,O,20230828,64,D643,2.0,,Novak Djokovic,R,188.0,SRB,36.268,2.0,9795.0,MP20,,,Alexandre Muller,R,183.0,FRA,26.568,84.0,697.0,6-0 6-2 6-3,5,R128,95.0,6.0,5.0,60.0,32.0,27.0,16.0,11.0,0.0,1.0,4.0,5.0,68.0,45.0,26.0,7.0,12.0,5.0,13.0
2023-560,US Open,Hard,128,G,O,20230828,65,A0E2,1.0,,Carlos Alcaraz,R,183.0,ESP,20.315,1.0,9815.0,HG86,,,Lloyd Harris,R,193.0,RSA,26.505,177.0,347.0,6-3 6-1 7-6(4),5,R64,148.0,4.0,1.0,104.0,67.0,46.0,23.0,15.0,9.0,10.0,6.0,6.0,92.0,63.0,43.0,9.0,14.0,5.0,10.0
2023-560,US Open,Hard,128,G,O,20230828,66,E687,26.0,,Daniel Evans,R,175.0,GBR,33.265,28.0,1381.0,V812,,,Botic van de Zandschulp,R,191.0,NED,27.899,65.0,825.0,1-6 6-1 6-3 6-3,5,R64,161.0,5.0,3.0,93.0,50.0,40.0,26.0,16.0,4.0,6.0,6.0,7.0,107.0,61.0,41.0,20.0,16.0,8.0,13.0
2023-560,US Open,Hard,128,G,O,20230828,67,A0FC,,,Matteo Arnaldi,R,185.0,ITA,22.511,61.0,855.0,F0F1,,,Arthur Fils,R,185.0,FRA,19.209,48.0,1007.0,3-6 7-5 7-6(5) 5-7 6-4,5,R64,235.0,8.0,5.0,162.0,103.0,72.0,34.0,28.0,5.0,9.0,13.0,6.0,177.0,110.0,84.0,29.0,28.0,7.0,11.0
2023-560,US Open,Hard,128,G,O,20230828,68,N771,16.0,,Cameron Norrie,L,188.0,GBR,28.014,16.0,2075.0,H09F,,Q,Yu Hsiou Hsu,R,178.0,TPE,24.405,237.0,268.0,7-5 6-4 6-4,5,R64,148.0,15.0,6.0,106.0,70.0,48.0,21.0,16.0,15.0,18.0,5.0,4.0,103.0,75.0,46.0,14.0,16.0,7.0,13.0
2023-560,US Open,Hard,128,G,O,20230828,69,Z355,12.0,,Alexander Zverev,R,198.0,GER,26.355,12.0,2670.0,AE14,,,Daniel Altmaier,R,188.0,GER,24.958,53.0,936.0,7-6(1) 3-6 6-4 6-3,5,R64,223.0,7.0,7.0,114.0,79.0,55.0,19.0,20.0,3.0,8.0,5.0,7.0,153.0,99.0,60.0,24.0,21.0,20.0,26.0
2023-560,US Open,Hard,128,G,O,20230828,70,D875,19.0,,Grigor Dimitrov,R,191.0,BUL,32.285,19.0,1690.0,MC10,,,Andy Murray,R,191.0,GBR,36.287,37.0,1120.0,6-3 6-4 6-1,5,R64,166.0,6.0,6.0,99.0,60.0,40.0,20.0,13.0,7.0,9.0,2.0,7.0,87.0,50.0,30.0,12.0,13.0,7.0,14.0
2023-560,US Open,Hard,128,G,O,20230828,71,W367,,,Stan Wawrinka,R,183.0,SUI,38.418,49.0,1004.0,EA24,30.0,,Tomas Martin Etcheverry,R,196.0,ARG,24.112,34.0,1250.0,7-6(6) 6-7(7) 6-3 6-2,5,R64,219.0,17.0,2.0,137.0,67.0,53.0,39.0,21.0,7.0,9.0,16.0,2.0,142.0,90.0,58.0,26.0,22.0,6.0,11.0
2023-560,US Open,Hard,128,G,O,20230828,72,S0AG,6.0,,Jannik Sinner,R,191.0,ITA,22.031,6.0,4645.0,SU87,,,Lorenzo Sonego,R,191.0,ITA,28.298,39.0,1105.0,6-4 6-2 6-4,5,R64,125.0,4.0,1.0,66.0,36.0,32.0,24.0,14.0,0.0,0.0,4.0,1.0,89.0,57.0,36.0,18.0,14.0,4.0,8.0
2023-560,US Open,Hard,128,G,O,20230828,73,MM58,3.0,,Daniil Medvedev,R,198.0,RUS,27.543,3.0,6260.0,O483,,,Christopher O'Connell,R,183.0,AUS,29.235,69.0,811.0,6-2 6-2 6-7(6) 6-2,5,R64,184.0,12.0,10.0,109.0,59.0,48.0,27.0,19.0,3.0,5.0,3.0,1.0,132.0,81.0,47.0,24.0,18.0,12.0,20.0
2023-560,US Open,Hard,128,G,O,20230828,74,B0BI,,,Sebastian Baez,R,170.0,ARG,22.664,32.0,1295.0,MW75,,Q,Felipe Meligeni Alves,R,185.0,BRA,25.52,168.0,369.0,6-7(7) 6-4 6-4 RET,5,R64,151.0,4.0,1.0,115.0,87.0,58.0,18.0,17.0,11.0,13.0,4.0,3.0,105.0,64.0,45.0,22.0,16.0,4.0,8.0
2023-560,US Open,Hard,128,G,O,20230828,75,J551,23.0,,Nicolas Jarry,R,201.0,CHI,27.88,25.0,1439.0,M0QI,,WC,Alex Michelsen,R,193.0,USA,19.006,127.0,481.0,4-6 6-3 6-3 6-3,5,R64,167.0,12.0,1.0,110.0,74.0,55.0,22.0,19.0,6.0,9.0,6.0,1.0,109.0,81.0,47.0,15.0,18.0,5.0,11.0
2023-560,US Open,Hard,128,G,O,20230828,76,DH58,13.0,,Alex de Minaur,R,183.0,AUS,24.526,13.0,2595.0,WB32,,,Yibing Wu,R,183.0,CHN,23.871,86.0,683.0,6-1 6-2 6-1,5,R64,87.0,2.0,2.0,61.0,29.0,24.0,22.0,11.0,1.0,1.0,1.0,7.0,79.0,40.0,20.0,17.0,11.0,11.0,18.0
2023-560,US Open,Hard,128,G,O,20230828,77,MP01,,WC,Michael Mmoh,R,188.0,USA,25.629,89.0,644.0,I186,,WC,John Isner,R,208.0,USA,38.338,157.0,400.0,3-6 4-6 7-6(3) 6-4 7-6(7),5,R64,237.0,19.0,5.0,160.0,115.0,91.0,28.0,26.0,3.0,5.0,48.0,5.0,162.0,111.0,96.0,26.0,29.0,3.0,4.0
2023-560,US Open,Hard,128,G,O,20230828,78,D0CO,,,Jack Draper,L,193.0,GBR,21.681,123.0,491.0,HB71,17.0,,Hubert Hurkacz,R,196.0,POL,26.541,17.0,2035.0,6-2 6-4 7-5,5,R64,132.0,4.0,5.0,87.0,51.0,39.0,23.0,15.0,2.0,3.0,8.0,0.0,103.0,58.0,39.0,19.0,15.0,6.0,11.0
2023-560,US Open,Hard,128,G,O,20230828,79,RC91,,,Arthur Rinderknech,R,196.0,FRA,28.099,73.0,781.0,BK40,,,Matteo Berrettini,R,196.0,ITA,27.376,36.0,1147.0,6-4 5-3 RET,5,R64,108.0,7.0,2.0,64.0,48.0,40.0,5.0,9.0,1.0,1.0,8.0,0.0,77.0,48.0,32.0,13.0,9.0,8.0,10.0
2023-560,US Open,Hard,128,G,O,20230828,80,RE44,8.0,,Andrey Rublev,R,188.0,RUS,25.854,8.0,4515.0,MC65,,,Gael Monfils,R,193.0,FRA,36.988,162.0,387.0,6-4 6-3 3-6 6-1,5,R64,140.0,3.0,2.0,96.0,60.0,45.0,21.0,18.0,2.0,5.0,8.0,13.0,112.0,55.0,39.0,23.0,17.0,8.0,14.0
2023-560,US Open,Hard,128,G,O,20230828,81,Z371,,,Zhizhen Zhang,R,193.0,CHN,26.864,67.0,817.0,RH16,5.0,,Casper Ruud,R,183.0,NOR,24.682,5.0,4715.0,6-4 5-7 6-2 0-6 6-2,5,R64,199.0,18.0,3.0,119.0,78.0,58.0,23.0,22.0,1.0,5.0,7.0,2.0,145.0,93.0,65.0,24.0,22.0,12.0,17.0
2023-560,US Open,Hard,128,G,O,20230828,82,H0BH,,WC,Rinky Hijikata,R,178.0,AUS,22.508,110.0,547.0,F724,,,Marton Fucsovics,R,188.0,HUN,31.551,57.0,898.0,6-1 6-2 6-1,5,R64,119.0,2.0,7.0,79.0,45.0,37.0,16.0,11.0,2.0,2.0,2.0,5.0,72.0,40.0,24.0,8.0,11.0,4.0,11.0
2023-560,US Open,Hard,128,G,O,20230828,83,ME82,22.0,,Adrian Mannarino,L,180.0,FRA,35.162,35.0,1206.0,M0CI,,,Fabian Marozsan,R,193.0,HUN,23.888,92.0,635.0,3-6 6-3 6-4 6-1,5,R64,133.0,10.0,2.0,104.0,62.0,45.0,22.0,17.0,5.0,8.0,10.0,4.0,110.0,69.0,48.0,14.0,19.0,7.0,14.0
2023-560,US Open,Hard,128,G,O,20230828,84,TD51,10.0,,Frances Tiafoe,R,188.0,USA,25.602,10.0,3050.0,O513,,,Sebastian Ofner,R,191.0,AUT,27.294,58.0,868.0,6-3 6-1 6-4,5,R64,92.0,5.0,1.0,71.0,40.0,35.0,20.0,13.0,1.0,1.0,5.0,3.0,68.0,42.0,27.0,11.0,13.0,1.0,6.0
2023-560,US Open,Hard,128,G,O,20230828,85,PL56,14.0,,Tommy Paul,R,185.0,USA,26.281,14.0,2570.0,SX50,,,Roman Safiullin,R,185.0,RUS,26.056,60.0,857.0,3-6 2-6 6-2 6-4 6-3,5,R64,192.0,10.0,5.0,130.0,88.0,66.0,19.0,22.0,5.0,9.0,8.0,5.0,129.0,74.0,53.0,31.0,22.0,4.0,9.0
2023-560,US Open,Hard,128,G,O,20230828,86,DH50,21.0,,Alejandro Davidovich Fokina,R,180.0,ESP,24.23,21.0,1525.0,C0C8,,,Juan Manuel Cerundolo,L,183.0,ARG,21.782,93.0,630.0,6-1 6-4 6-3,5,R64,102.0,7.0,1.0,68.0,50.0,37.0,12.0,13.0,0.0,2.0,1.0,2.0,87.0,47.0,25.0,15.0,13.0,3.0,10.0
2023-560,US Open,Hard,128,G,O,20230828,87,S0S1,,,Ben Shelton,L,193.0,USA,20.884,47.0,1015.0,TB69,,,Dominic Thiem,R,185.0,AUT,29.982,81.0,726.0,7-6(1) 1-0 RET,5,R64,67.0,7.0,2.0,42.0,30.0,22.0,8.0,7.0,1.0,2.0,2.0,2.0,46.0,30.0,20.0,7.0,7.0,4.0,5.0
2023-560,US Open,Hard,128,G,O,20230828,88,KC56,,,Aslan Karatsev,R,185.0,RUS,29.979,77.0,773.0,CF59,,,Roberto Carballes Baena,R,183.0,ESP,30.431,63.0,840.0,6-2 4-6 6-3 7-6(4),5,R64,204.0,10.0,14.0,134.0,75.0,59.0,30.0,21.0,6.0,9.0,1.0,1.0,119.0,76.0,52.0,22.0,19.0,3.0,8.0
2023-560,US Open,Hard,128,G,O,20230828,89,S0LA,,Q,Dominic Stricker,L,183.0,SUI,21.032,128.0,480.0,TE51,7.0,,Stefanos Tsitsipas,R,193.0,GRE,25.043,7.0,4580.0,7-5 6-7(2) 6-7(5) 7-6(6) 6-3,5,R64,244.0,11.0,6.0,182.0,103.0,78.0,44.0,31.0,4.0,8.0,22.0,6.0,186.0,111.0,90.0,31.0,29.0,7.0,13.0
2023-560,US Open,Hard,128,G,O,20230828,90,BM95,,WC,Benjamin Bonzi,R,183.0,FRA,27.217,108.0,555.0,E865,28.0,,Christopher Eubanks,R,201.0,USA,27.313,30.0,1338.0,7-6(6) 2-6 6-2 7-6(7),5,R64,182.0,19.0,3.0,121.0,76.0,61.0,26.0,22.0,0.0,2.0,15.0,7.0,133.0,80.0,59.0,30.0,20.0,6.0,8.0
2023-560,US Open,Hard,128,G,O,20230828,91,M0NI,,Q,Jakub Mensik,R,196.0,CZE,17.988,206.0,305.0,D0DW,,Q,Titouan Droguet,R,191.0,FRA,22.201,171.0,359.0,3-6 6-2 7-6(1) 6-3,5,R64,171.0,9.0,3.0,107.0,47.0,40.0,37.0,19.0,2.0,3.0,12.0,4.0,136.0,81.0,61.0,24.0,20.0,7.0,11.0
2023-560,US Open,Hard,128,G,O,20230828,92,FB98,9.0,,Taylor Fritz,R,196.0,USA,25.832,9.0,3605.0,V836,,,Juan Pablo Varillas,R,185.0,PER,27.893,74.0,779.0,6-1 6-2 6-2,5,R64,101.0,10.0,3.0,79.0,45.0,37.0,17.0,12.0,3.0,3.0,1.0,2.0,59.0,34.0,21.0,10.0,11.0,1.0,7.0
2023-560,US Open,Hard,128,G,O,20230828,93,GH92,,Q,Borna Gojo,R,196.0,CRO,25.498,105.0,559.0,MK66,,,Mackenzie McDonald,R,178.0,USA,28.367,40.0,1085.0,6-3 6-4 6-4,5,R64,136.0,13.0,2.0,84.0,54.0,38.0,21.0,15.0,1.0,3.0,5.0,2.0,93.0,66.0,44.0,10.0,14.0,12.0,17.0
2023-560,US Open,Hard,128,G,O,20230828,94,V708,,,Jiri Vesely,L,198.0,CZE,30.133,437.0,104.0,C0AU,20.0,,Francisco Cerundolo,R,185.0,ARG,25.04,20.0,1600.0,7-6(5) 6-2 3-6 2-6 7-6(6),5,R64,247.0,13.0,11.0,156.0,93.0,71.0,29.0,26.0,4.0,10.0,16.0,10.0,173.0,114.0,75.0,33.0,25.0,7.0,12.0
2023-560,US Open,Hard,128,G,O,20230828,95,DB63,32.0,,Laslo Djere,R,188.0,SRB,28.238,38.0,1110.0,G09O,,Q,Hugo Gaston,L,173.0,FRA,22.919,99.0,598.0,6-1 6-2 6-3,5,R64,92.0,8.0,0.0,64.0,42.0,35.0,14.0,12.0,4.0,5.0,1.0,4.0,84.0,49.0,27.0,13.0,12.0,11.0,18.0
2023-560,US Open,Hard,128,G,O,20230828,96,D643,2.0,,Novak Djokovic,R,188.0,SRB,36.268,2.0,9795.0,Z419,,,Bernabe Zapata Miralles,R,183.0,ESP,26.623,76.0,776.0,6-4 6-1 6-1,5,R64,120.0,5.0,0.0,72.0,42.0,32.0,22.0,12.0,6.0,6.0,2.0,2.0,80.0,55.0,31.0,10.0,12.0,5.0,11.0
2023-560,US Open,Hard,128,G,O,20230828,97,A0E2,1.0,,Carlos Alcaraz,R,183.0,ESP,20.315,1.0,9815.0,E687,26.0,,Daniel Evans,R,175.0,GBR,33.265,28.0,1381.0,6-2 6-3 4-6 6-3,5,R32,191.0,6.0,4.0,106.0,60.0,44.0,32.0,18.0,5.0,7.0,8.0,5.0,132.0,77.0,53.0,23.0,18.0,11.0,17.0
2023-560,US Open,Hard,128,G,O,20230828,98,A0FC,,,Matteo Arnaldi,R,185.0,ITA,22.511,61.0,855.0,N771,16.0,,Cameron Norrie,L,188.0,GBR,28.014,16.0,2075.0,6-3 6-4 6-3,5,R32,117.0,5.0,1.0,92.0,60.0,41.0,20.0,14.0,4.0,5.0,3.0,3.0,77.0,52.0,31.0,11.0,14.0,1.0,6.0
2023-560,US Open,Hard,128,G,O,20230828,99,Z355,12.0,,Alexander Zverev,R,198.0,GER,26.355,12.0,2670.0,D875,19.0,,Grigor Dimitrov,R,191.0,BUL,32.285,19.0,1690.0,6-7(2) 7-6(8) 6-1 6-1,5,R32,222.0,15.0,1.0,122.0,85.0,60.0,26.0,19.0,3.0,5.0,7.0,7.0,134.0,78.0,47.0,33.0,21.0,9.0,16.0
2023-560,US Open,Hard,128,G,O,20230828,100,S0AG,6.0,,Jannik Sinner,R,191.0,ITA,22.031,6.0,4645.0,W367,,,Stan Wawrinka,R,183.0,SUI,38.418,49.0,1004.0,6-3 2-6 6-4 6-2,5,R32,178.0,12.0,5.0,124.0,73.0,53.0,23.0,18.0,9.0,12.0,8.0,4.0,107.0,53.0,32.0,29.0,17.0,8.0,13.0
2023-560,US Open,Hard,128,G,O,20230828,101,MM58,3.0,,Daniil Medvedev,R,198.0,RUS,27.543,3.0,6260.0,B0BI,,,Sebastian Baez,R,170.0,ARG,22.664,32.0,1295.0,6-2 6-2 7-6(6),5,R32,160.0,12.0,7.0,120.0,74.0,53.0,19.0,15.0,10.0,12.0,0.0,3.0,86.0,57.0,32.0,11.0,14.0,3.0,9.0
2023-560,US Open,Hard,128,G,O,20230828,102,DH58,13.0,,Alex de Minaur,R,183.0,AUS,24.526,13.0,2595.0,J551,23.0,,Nicolas Jarry,R,201.0,CHI,27.88,25.0,1439.0,6-1 6-3 6-2,5,R32,105.0,2.0,4.0,69.0,34.0,29.0,22.0,12.0,1.0,1.0,4.0,3.0,71.0,44.0,28.0,8.0,12.0,3.0,9.0
2023-560,US Open,Hard,128,G,O,20230828,103,D0CO,,,Jack Draper,L,193.0,GBR,21.681,123.0,491.0,MP01,,WC,Michael Mmoh,R,188.0,USA,25.629,89.0,644.0,6-4 6-2 3-6 6-3,5,R32,184.0,13.0,5.0,111.0,64.0,55.0,20.0,18.0,4.0,6.0,10.0,7.0,115.0,73.0,56.0,13.0,18.0,4.0,9.0
2023-560,US Open,Hard,128,G,O,20230828,104,RE44,8.0,,Andrey Rublev,R,188.0,RUS,25.854,8.0,4515.0,RC91,,,Arthur Rinderknech,R,196.0,FRA,28.099,73.0,781.0,3-6 6-3 6-1 7-5,5,R32,154.0,10.0,4.0,103.0,54.0,43.0,29.0,18.0,3.0,5.0,16.0,5.0,120.0,80.0,55.0,16.0,19.0,5.0,11.0
2023-560,US Open,Hard,128,G,O,20230828,105,H0BH,,WC,Rinky Hijikata,R,178.0,AUS,22.508,110.0,547.0,Z371,,,Zhizhen Zhang,R,193.0,CHN,26.864,67.0,817.0,6-3 6-3 4-6 6-3,5,R32,190.0,13.0,5.0,120.0,70.0,50.0,23.0,19.0,4.0,8.0,10.0,3.0,133.0,78.0,48.0,24.0,18.0,12.0,19.0
2023-560,US Open,Hard,128,G,O,20230828,106,TD51,10.0,,Frances Tiafoe,R,188.0,USA,25.602,10.0,3050.0,ME82,22.0,,Adrian Mannarino,L,180.0,FRA,35.162,35.0,1206.0,4-6 6-2 6-3 7-6(6),5,R32,175.0,15.0,1.0,116.0,62.0,52.0,29.0,21.0,1.0,4.0,12.0,2.0,129.0,81.0,51.0,24.0,19.0,10.0,15.0
2023-560,US Open,Hard,128,G,O,20230828,107,PL56,14.0,,Tommy Paul,R,185.0,USA,26.281,14.0,2570.0,DH50,21.0,,Alejandro Davidovich Fokina,R,180.0,ESP,24.23,21.0,1525.0,6-1 6-0 3-6 6-3,5,R32,139.0,15.0,3.0,110.0,63.0,51.0,20.0,16.0,5.0,6.0,3.0,6.0,88.0,54.0,32.0,15.0,15.0,2.0,8.0
2023-560,US Open,Hard,128,G,O,20230828,108,S0S1,,,Ben Shelton,L,193.0,USA,20.884,47.0,1015.0,KC56,,,Aslan Karatsev,R,185.0,RUS,29.979,77.0,773.0,6-4 3-6 6-2 6-0,5,R32,138.0,26.0,4.0,85.0,57.0,49.0,15.0,16.0,1.0,2.0,2.0,15.0,106.0,55.0,41.0,22.0,17.0,4.0,10.0
2023-560,US Open,Hard,128,G,O,20230828,109,S0LA,,Q,Dominic Stricker,L,183.0,SUI,21.032,128.0,480.0,BM95,,WC,Benjamin Bonzi,R,183.0,FRA,27.217,108.0,555.0,2-6 7-5 7-6(4) 3-6 6-2,5,R32,207.0,14.0,3.0,161.0,82.0,57.0,38.0,24.0,8.0,15.0,10.0,4.0,142.0,76.0,53.0,34.0,26.0,2.0,9.0
2023-560,US Open,Hard,128,G,O,20230828,110,FB98,9.0,,Taylor Fritz,R,196.0,USA,25.832,9.0,3605.0,M0NI,,Q,Jakub Mensik,R,196.0,CZE,17.988,206.0,305.0,6-1 6-2 6-0,5,R32,90.0,10.0,1.0,58.0,33.0,30.0,15.0,11.0,0.0,0.0,1.0,3.0,57.0,32.0,15.0,7.0,10.0,2.0,9.0
2023-560,US Open,Hard,128,G,O,20230828,111,GH92,,Q,Borna Gojo,R,196.0,CRO,25.498,105.0,559.0,V708,,,Jiri Vesely,L,198.0,CZE,30.133,437.0,104.0,6-4 6-3 6-2,5,R32,126.0,12.0,0.0,68.0,53.0,48.0,9.0,14.0,0.0,0.0,8.0,6.0,95.0,54.0,37.0,17.0,13.0,7.0,11.0
2023-560,US Open,Hard,128,G,O,20230828,112,D643,2.0,,Novak Djokovic,R,188.0,SRB,36.268,2.0,9795.0,DB63,32.0,,Laslo Djere,R,188.0,SRB,28.238,38.0,1110.0,4-6 4-6 6-1 6-1 6-3,5,R32,225.0,12.0,4.0,127.0,83.0,64.0,24.0,22.0,8.0,11.0,8.0,2.0,143.0,100.0,66.0,18.0,21.0,7.0,14.0
2023-560,US Open,Hard,128,G,O,20230828,113,A0E2,1.0,,Carlos Alcaraz,R,183.0,ESP,20.315,1.0,9815.0,A0FC,,,Matteo Arnaldi,R,185.0,ITA,22.511,61.0,855.0,6-3 6-3 6-4,5,R16,117.0,2.0,3.0,74.0,49.0,38.0,15.0,14.0,0.0,1.0,4.0,3.0,90.0,57.0,37.0,14.0,14.0,7.0,12.0
2023-560,US Open,Hard,128,G,O,20230828,114,Z355,12.0,,Alexander Zverev,R,198.0,GER,26.355,12.0,2670.0,S0AG,6.0,,Jannik Sinner,R,191.0,ITA,22.031,6.0,4645.0,6-4 3-6 6-2 4-6 6-3,5,R16,281.0,16.0,6.0,162.0,113.0,79.0,24.0,23.0,8.0,12.0,12.0,7.0,160.0,86.0,59.0,37.0,23.0,8.0,14.0
2023-560,US Open,Hard,128,G,O,20230828,115,MM58,3.0,,Daniil Medvedev,R,198.0,RUS,27.543,3.0,6260.0,DH58,13.0,,Alex de Minaur,R,183.0,AUS,24.526,13.0,2595.0,2-6 6-4 6-1 6-2,5,R16,160.0,11.0,6.0,104.0,67.0,54.0,15.0,17.0,4.0,6.0,1.0,2.0,95.0,52.0,36.0,20.0,16.0,5.0,10.0
2023-560,US Open,Hard,128,G,O,20230828,116,RE44,8.0,,Andrey Rublev,R,188.0,RUS,25.854,8.0,4515.0,D0CO,,,Jack Draper,L,193.0,GBR,21.681,123.0,491.0,6-3 3-6 6-3 6-4,5,R16,165.0,14.0,2.0,95.0,63.0,53.0,21.0,19.0,2.0,4.0,18.0,5.0,129.0,73.0,57.0,20.0,18.0,13.0,17.0
2023-560,US Open,Hard,128,G,O,20230828,117,TD51,10.0,,Frances Tiafoe,R,188.0,USA,25.602,10.0,3050.0,H0BH,,WC,Rinky Hijikata,R,178.0,AUS,22.508,110.0,547.0,6-4 6-1 6-4,5,R16,120.0,15.0,3.0,65.0,36.0,30.0,16.0,13.0,1.0,3.0,0.0,4.0,89.0,44.0,25.0,20.0,14.0,7.0,14.0
2023-560,US Open,Hard,128,G,O,20230828,118,S0S1,,,Ben Shelton,L,193.0,USA,20.884,47.0,1015.0,PL56,14.0,,Tommy Paul,R,185.0,USA,26.281,14.0,2570.0,6-4 6-3 4-6 6-4,5,R16,169.0,16.0,9.0,123.0,83.0,62.0,19.0,19.0,11.0,14.0,6.0,8.0,108.0,64.0,49.0,19.0,20.0,2.0,8.0
2023-560,US Open,Hard,128,G,O,20230828,119,FB98,9.0,,Taylor Fritz,R,196.0,USA,25.832,9.0,3605.0,S0LA,,Q,Dominic Stricker,L,183.0,SUI,21.032,128.0,480.0,7-6(2) 6-4 6-4,5,R16,133.0,17.0,5.0,98.0,54.0,45.0,24.0,17.0,3.0,4.0,13.0,7.0,92.0,49.0,40.0,19.0,16.0,1.0,4.0
2023-560,US Open,Hard,128,G,O,20230828,120,D643,2.0,,Novak Djokovic,R,188.0,SRB,36.268,2.0,9795.0,GH92,,Q,Borna Gojo,R,196.0,CRO,25.498,105.0,559.0,6-2 7-5 6-4,5,R16,146.0,12.0,3.0,76.0,51.0,45.0,13.0,15.0,0.0,1.0,14.0,8.0,114.0,73.0,48.0,16.0,15.0,8.0,13.0
2023-560,US Open,Hard,128,G,O,20230828,121,A0E2,1.0,,Carlos Alcaraz,R,183.0,ESP,20.315,1.0,9815.0,Z355,12.0,,Alexander Zverev,R,198.0,GER,26.355,12.0,2670.0,6-3 6-2 6-4,5,QF,150.0,3.0,3.0,97.0,55.0,42.0,24.0,14.0,5.0,5.0,6.0,4.0,77.0,52.0,38.0,7.0,13.0,0.0,4.0
2023-560,US Open,Hard,128,G,O,20230828,122,MM58,3.0,,Daniil Medvedev,R,198.0,RUS,27.543,3.0,6260.0,RE44,8.0,,Andrey Rublev,R,188.0,RUS,25.854,8.0,4515.0,6-4 6-3 6-4,5,QF,168.0,8.0,9.0,100.0,55.0,41.0,13.0,14.0,8.0,13.0,4.0,5.0,98.0,59.0,38.0,11.0,15.0,10.0,19.0
2023-560,US Open,Hard,128,G,O,20230828,123,S0S1,,,Ben Shelton,L,193.0,USA,20.884,47.0,1015.0,TD51,10.0,,Frances Tiafoe,R,188.0,USA,25.602,10.0,3050.0,6-2 3-6 7-6(7) 6-2,5,QF,187.0,14.0,11.0,108.0,64.0,49.0,22.0,19.0,2.0,6.0,7.0,4.0,122.0,68.0,43.0,27.0,19.0,8.0,15.0
2023-560,US Open,Hard,128,G,O,20230828,124,D643,2.0,,Novak Djokovic,R,188.0,SRB,36.268,2.0,9795.0,FB98,9.0,,Taylor Fritz,R,196.0,USA,25.832,9.0,3605.0,6-1 6-4 6-4,5,QF,155.0,7.0,5.0,94.0,57.0,39.0,21.0,14.0,10.0,12.0,8.0,2.0,89.0,49.0,36.0,11.0,13.0,3.0,9.0
2023-560,US Open,Hard,128,G,O,20230828,125,MM58,3.0,,Daniil Medvedev,R,198.0,RUS,27.543,3.0,6260.0,A0E2,1.0,,Carlos Alcaraz,R,183.0,ESP,20.315,1.0,9815.0,7-6(3) 6-1 3-6 6-3,5,SF,199.0,9.0,10.0,129.0,83.0,68.0,23.0,20.0,8.0,9.0,0.0,0.0,133.0,93.0,64.0,19.0,18.0,4.0,7.0
2023-560,US Open,Hard,128,G,O,20230828,126,D643,2.0,,Novak Djokovic,R,188.0,SRB,36.268,2.0,9795.0,S0S1,,,Ben Shelton,L,193.0,USA,20.884,47.0,1015.0,6-3 6-2 7-6(4),5,SF,161.0,5.0,3.0,99.0,67.0,56.0,11.0,16.0,4.0,6.0,5.0,5.0,102.0,72.0,43.0,14.0,14.0,9.0,14.0
2023-560,US Open,Hard,128,G,O,20230828,127,D643,2.0,,Novak Djokovic,R,188.0,SRB,36.268,2.0,9795.0,MM58,3.0,,Daniil Medvedev,R,198.0,RUS,27.543,3.0,6260.0,6-3 7-6(5) 6-3,5,F,197.0,4.0,6.0,109.0,59.0,48.0,27.0,16.0,2.0,3.0,6.0,6.0,106.0,69.0,49.0,14.0,15.0,3.0,6.0
2023-M-DC-2023-FLS-1-A-M-SWE-CHI-01,Davis Cup Finals RR: SWE vs CHI,Hard,2,D,,20230912,1,GD64,,,Cristian Garin,R,185.0,CHI,27.285,103.0,596.0,B0JG,,,Leo Borg,R,183.0,SWE,20.329,334.0,155.0,7-6(6) 3-6 7-5,3,RR,,17.0,0.0,89.0,75.0,57.0,8.0,16.0,5.0,7.0,12.0,1.0,103.0,71.0,49.0,21.0,17.0,6.0,8.0
2023-M-DC-2023-FLS-2-B-M-FRA-SUI-01,Davis Cup Finals RR: FRA vs SUI,Hard,2,D,,20230912,1,ME82,,,Adrian Mannarino,L,180.0,FRA,35.203,34.0,1286.0,S0LA,,,Dominic Stricker,L,183.0,SUI,21.073,90.0,685.0,3-6 6-1 6-4,3,RR,,6.0,3.0,68.0,36.0,28.0,23.0,13.0,1.0,2.0,8.0,2.0,87.0,56.0,39.0,15.0,13.0,6.0,9.0
2023-M-DC-2023-FLS-3-C-M-SRB-KOR-01,Davis Cup Finals RR: SRB vs KOR,Hard,2,D,,20230912,1,L987,,,Dusan Lajovic,R,183.0,SRB,33.202,52.0,938.0,HC21,,,Seongchan Hong,R,175.0,KOR,26.201,194.0,313.0,6-4 7-6(3),3,RR,,3.0,3.0,83.0,61.0,45.0,13.0,11.0,3.0,3.0,4.0,2.0,78.0,52.0,39.0,13.0,11.0,2.0,3.0
2023-M-DC-2023-FLS-4-D-M-NED-FIN-01,Davis Cup Finals RR: NED vs FIN,Hard,2,D,,20230912,1,V0AM,,,Otto Virtanen,R,193.0,FIN,22.226,125.0,491.0,V812,,,Botic van de Zandschulp,R,191.0,NED,27.94,68.0,825.0,7-6(0) 6-4,3,RR,,8.0,1.0,69.0,49.0,40.0,13.0,11.0,3.0,3.0,10.0,4.0,76.0,49.0,37.0,14.0,11.0,4.0,5.0
2023-M-DC-2023-FLS-1-A-M-SWE-CHI-01,Davis Cup Finals RR: SWE vs CHI,Hard,2,D,,20230912,2,J551,,,Nicolas Jarry,R,201.0,CHI,27.921,22.0,1494.0,Y218,,,Elias Ymer,R,185.0,SWE,27.422,175.0,346.0,6-2 6-4,3,RR,,6.0,0.0,49.0,35.0,29.0,8.0,9.0,3.0,3.0,5.0,3.0,49.0,32.0,24.0,6.0,9.0,1.0,4.0
2023-M-DC-2023-FLS-2-B-M-FRA-SUI-01,Davis Cup Finals RR: FRA vs SUI,Hard,2,D,,20230912,2,HH26,,,Ugo Humbert,L,188.0,FRA,25.213,36.0,1268.0,W367,,,Stan Wawrinka,R,183.0,SUI,38.459,40.0,1084.0,6-4 6-4,3,RR,,5.0,1.0,58.0,37.0,29.0,13.0,10.0,4.0,5.0,7.0,1.0,65.0,40.0,26.0,10.0,10.0,4.0,7.0
2023-M-DC-2023-FLS-3-C-M-SRB-KOR-01,Davis Cup Finals RR: SRB vs KOR,Hard,2,D,,20230912,2,DB63,,,Laslo Djere,R,188.0,SRB,28.279,37.0,1190.0,KF17,,,Soonwoo Kwon,R,180.0,KOR,25.777,112.0,533.0,4-6 6-2 6-2,3,RR,,16.0,0.0,80.0,63.0,45.0,10.0,13.0,3.0,4.0,3.0,2.0,78.0,43.0,26.0,19.0,13.0,3.0,7.0
2023-M-DC-2023-FLS-4-D-M-NED-FIN-01,Davis Cup Finals RR: NED vs FIN,Hard,2,D,,20230912,2,GJ37,,,Tallon Griekspoor,R,188.0,NED,27.195,24.0,1446.0,RH24,,,Emil Ruusuvuori,R,188.0,FIN,24.446,57.0,901.0,7-6(7) 6-3,3,RR,,6.0,0.0,73.0,52.0,39.0,11.0,11.0,5.0,6.0,6.0,2.0,63.0,45.0,35.0,7.0,10.0,0.0,2.0
2023-M-DC-2023-FLS-1-A-M-CAN-ITA-01,Davis Cup Finals RR: CAN vs ITA,Hard,2,D,,20230913,1,GK06,,,Alexis Galarneau,R,180.0,CAN,24.534,200.0,307.0,SU87,,,Lorenzo Sonego,R,191.0,ITA,28.342,38.0,1140.0,7-6(8) 6-4,3,RR,,4.0,1.0,73.0,43.0,29.0,22.0,11.0,4.0,5.0,5.0,1.0,90.0,60.0,40.0,16.0,11.0,6.0,8.0
2023-M-DC-2023-FLS-2-B-M-AUS-GBR-01,Davis Cup Finals RR: AUS vs GBR,Hard,2,D,,20230913,1,D0CO,,,Jack Draper,L,193.0,GBR,21.725,106.0,581.0,KD46,,,Thanasi Kokkinakis,R,193.0,AUS,27.425,74.0,766.0,6-7(6) 6-3 7-6(4),3,RR,,24.0,2.0,97.0,66.0,54.0,19.0,16.0,3.0,4.0,17.0,2.0,108.0,82.0,63.0,8.0,17.0,3.0,6.0
2023-M-DC-2023-FLS-3-C-M-ESP-CZE-01,Davis Cup Finals RR: ESP vs CZE,Hard,2,D,,20230913,1,M0FH,,,Tomas Machac,R,183.0,CZE,22.916,119.0,512.0,Z419,,,Bernabe Zapata Miralles,R,183.0,ESP,26.667,75.0,766.0,6-4 6-4,3,RR,,6.0,1.0,61.0,44.0,31.0,12.0,10.0,1.0,1.0,2.0,3.0,57.0,42.0,30.0,8.0,10.0,1.0,3.0
2023-M-DC-2023-FLS-4-D-M-CRO-USA-01,Davis Cup Finals RR: CRO vs USA,Hard,2,D,,20230913,1,MK66,,,Mackenzie McDonald,R,178.0,USA,28.411,39.0,1120.0,P0HW,,,Dino Prizmic,R,188.0,CRO,18.105,168.0,365.0,6-4 6-2,3,RR,,1.0,2.0,55.0,48.0,34.0,3.0,9.0,2.0,3.0,2.0,2.0,71.0,61.0,32.0,5.0,9.0,5.0,9.0
2023-M-DC-2023-FLS-1-A-M-CAN-ITA-01,Davis Cup Finals RR: CAN vs ITA,Hard,2,D,,20230913,2,D0F6,,,Gabriel Diallo,R,203.0,CAN,21.969,158.0,394.0,M0EJ,,,Lorenzo Musetti,R,185.0,ITA,21.53,18.0,1925.0,7-5 6-4,3,RR,,10.0,0.0,51.0,31.0,29.0,15.0,11.0,0.0,0.0,3.0,0.0,58.0,39.0,29.0,10.0,11.0,1.0,3.0
2023-M-DC-2023-FLS-2-B-M-AUS-GBR-01,Davis Cup Finals RR: AUS vs GBR,Hard,2,D,,20230913,2,E687,,,Daniel Evans,R,175.0,GBR,33.309,27.0,1381.0,DH58,,,Alex de Minaur,R,183.0,AUS,24.569,12.0,2685.0,6-1 2-6 6-4,3,RR,,6.0,5.0,80.0,51.0,34.0,12.0,13.0,6.0,10.0,2.0,2.0,71.0,42.0,24.0,15.0,12.0,5.0,10.0
2023-M-DC-2023-FLS-3-C-M-ESP-CZE-01,Davis Cup Finals RR: ESP vs CZE,Hard,2,D,,20230913,2,L0BV,,,Jiri Lehecka,R,185.0,CZE,21.845,30.0,1338.0,DH50,,,Alejandro Davidovich Fokina,R,180.0,ESP,24.274,25.0,1435.0,7-6(5) 7-5,3,RR,,6.0,0.0,75.0,61.0,44.0,9.0,12.0,1.0,2.0,1.0,1.0,72.0,54.0,38.0,9.0,12.0,3.0,5.0
2023-M-DC-2023-FLS-4-D-M-CRO-USA-01,Davis Cup Finals RR: CRO vs USA,Hard,2,D,,20230913,2,GH92,,,Borna Gojo,R,196.0,CRO,25.541,77.0,747.0,TD51,,,Frances Tiafoe,R,188.0,USA,25.645,11.0,2690.0,6-4 7-6(6),3,RR,,14.0,2.0,66.0,60.0,46.0,3.0,11.0,1.0,1.0,6.0,1.0,76.0,67.0,45.0,6.0,11.0,3.0,4.0
2023-M-DC-2023-FLS-1-A-M-CAN-SWE-01,Davis Cup Finals RR: CAN vs SWE,Hard,2,D,,20230914,1,PD07,,,Vasek Pospisil,R,193.0,CAN,33.227,187.0,316.0,B0JG,,,Leo Borg,R,183.0,SWE,20.334,334.0,155.0,7-6(5) 5-7 6-2,3,RR,,25.0,3.0,83.0,53.0,45.0,16.0,16.0,0.0,2.0,4.0,6.0,105.0,72.0,47.0,18.0,16.0,5.0,8.0
2023-M-DC-2023-FLS-2-B-M-AUS-FRA-01,Davis Cup Finals RR: AUS vs FRA,Hard,2,D,,20230914,1,ME82,,,Adrian Mannarino,L,180.0,FRA,35.209,34.0,1286.0,PH71,,,Max Purcell,R,185.0,AUS,25.448,43.0,1047.0,7-6(4) 6-4,3,RR,,7.0,2.0,63.0,44.0,32.0,10.0,11.0,1.0,3.0,14.0,4.0,76.0,50.0,37.0,8.0,11.0,1.0,4.0
2023-M-DC-2023-FLS-3-C-M-CZE-KOR-01,Davis Cup Finals RR: CZE vs KOR,Hard,2,D,,20230914,1,M0FH,,,Tomas Machac,R,183.0,CZE,22.919,119.0,512.0,HC21,,,Seongchan Hong,R,175.0,KOR,26.207,194.0,313.0,7-6(8) 4-6 6-2,3,RR,,11.0,2.0,92.0,50.0,42.0,26.0,15.0,2.0,3.0,9.0,1.0,111.0,71.0,49.0,20.0,15.0,8.0,10.0
2023-M-DC-2023-FLS-4-D-M-NED-USA-01,Davis Cup Finals RR: NED vs USA,Hard,2,D,,20230914,1,V812,,,Botic van de Zandschulp,R,191.0,NED,27.945,68.0,825.0,PL56,,,Tommy Paul,R,185.0,USA,26.327,13.0,2660.0,7-6(2) 6-2,3,RR,,4.0,4.0,65.0,46.0,34.0,13.0,10.0,0.0,0.0,5.0,1.0,68.0,44.0,31.0,11.0,10.0,2.0,4.0
2023-M-DC-2023-WG1-M-UKR-COL-01,Davis Cup WG1 R1: UKR vs COL,Hard,4,D,,20230914,1,K0DP,,,Oleksii Krutykh,R,185.0,UKR,23.513,253.0,235.0,M0AW,,,Nicolas Mejia,R,183.0,COL,23.589,305.0,178.0,6-4 6-3,3,RR,,,,,,,,,,,,,,,,,,,
2023-M-DC-2023-FLS-1-A-M-CAN-SWE-01,Davis Cup Finals RR: CAN vs SWE,Hard,2,D,,20230914,2,D0F6,,,Gabriel Diallo,R,203.0,CAN,21.971,158.0,394.0,Y218,,,Elias Ymer,R,185.0,SWE,27.428,175.0,346.0,6-4 6-3,3,RR,,6.0,2.0,45.0,33.0,28.0,9.0,9.0,0.0,0.0,7.0,3.0,67.0,49.0,33.0,6.0,10.0,3.0,6.0
2023-M-DC-2023-FLS-2-B-M-AUS-FRA-01,Davis Cup Finals RR: AUS vs FRA,Hard,2,D,,20230914,2,DH58,,,Alex de Minaur,R,183.0,AUS,24.572,12.0,2685.0,HH26,,,Ugo Humbert,L,188.0,FRA,25.218,36.0,1268.0,7-6(2) 6-3,3,RR,,2.0,3.0,67.0,50.0,38.0,8.0,11.0,3.0,4.0,4.0,0.0,59.0,37.0,23.0,12.0,10.0,1.0,3.0
2023-M-DC-2023-FLS-3-C-M-CZE-KOR-01,Davis Cup Finals RR: CZE vs KOR,Hard,2,D,,20230914,2,L0BV,,,Jiri Lehecka,R,185.0,CZE,21.848,30.0,1338.0,KF17,,,Soonwoo Kwon,R,180.0,KOR,25.782,112.0,533.0,6-1 7-5,3,RR,,8.0,0.0,50.0,41.0,32.0,7.0,10.0,3.0,4.0,5.0,2.0,51.0,27.0,17.0,10.0,9.0,5.0,9.0
2023-M-DC-2023-FLS-4-D-M-NED-USA-01,Davis Cup Finals RR: NED vs USA,Hard,2,D,,20230914,2,GJ37,,,Tallon Griekspoor,R,188.0,NED,27.201,24.0,1446.0,TD51,,,Frances Tiafoe,R,188.0,USA,25.648,11.0,2690.0,6-3 6-7(7) 7-6(2),3,RR,,14.0,1.0,98.0,63.0,53.0,23.0,17.0,0.0,1.0,16.0,4.0,108.0,67.0,54.0,22.0,16.0,7.0,9.0
2023-M-DC-2023-WG1-M-UKR-COL-01,Davis Cup WG1 R1: UKR vs COL,Hard,4,D,,20230914,2,GE33,,,Daniel Elahi Galan,R,191.0,COL,27.239,88.0,699.0,O659,,,Vladyslav Orlov,R,188.0,UKR,28.329,408.0,114.0,5-7 6-3 6-0,3,RR,,,,,,,,,,,,,,,,,,,
2023-M-DC-2023-WG1-M-UKR-COL-01,Davis Cup WG1 R1: UKR vs COL,Hard,4,D,,20230914,3,K0DP,,,Oleksii Krutykh,R,185.0,UKR,23.513,253.0,235.0,GE33,,,Daniel Elahi Galan,R,191.0,COL,27.239,88.0,699.0,3-6 6-0 6-3,3,RR,,,,,,,,,,,,,,,,,,,
2023-M-DC-2023-WG1-M-UKR-COL-01,Davis Cup WG1 R1: UKR vs COL,Hard,4,D,,20230914,4,O659,,,Vladyslav Orlov,R,188.0,UKR,28.329,408.0,114.0,M0AW,,,Nicolas Mejia,R,183.0,COL,23.589,305.0,178.0,5-7 6-4 7-6(4),3,RR,,,,,,,,,,,,,,,,,,,
2023-M-DC-2023-FLS-1-A-M-ITA-CHI-01,Davis Cup Finals RR: ITA vs CHI,Hard,2,D,,20230915,1,A0FC,,,Matteo Arnaldi,R,185.0,ITA,22.56,47.0,999.0,GD64,,,Cristian Garin,R,185.0,CHI,27.294,103.0,596.0,2-6 6-4 6-3,3,RR,,6.0,2.0,86.0,53.0,37.0,19.0,14.0,1.0,3.0,5.0,2.0,92.0,57.0,42.0,16.0,13.0,10.0,12.0
2023-M-DC-2023-FLS-2-B-M-GBR-SUI-01,Davis Cup Finals RR: GBR vs SUI,Hard,2,D,,20230915,1,MC10,,,Andy Murray,R,191.0,GBR,36.337,41.0,1075.0,R0FS,,,Leandro Riedi,R,191.0,SUI,21.632,152.0,405.0,6-7(7) 6-4 6-4,3,RR,,3.0,0.0,110.0,68.0,47.0,24.0,16.0,5.0,8.0,7.0,4.0,119.0,69.0,48.0,22.0,16.0,7.0,12.0
2023-M-DC-2023-FLS-3-C-M-ESP-SRB-01,Davis Cup Finals RR: ESP vs SRB,Hard,2,D,,20230915,1,DB63,,,Laslo Djere,R,188.0,SRB,28.287,37.0,1190.0,R772,,,Albert Ramos-Vinolas,L,188.0,ESP,35.661,95.0,628.0,6-4 6-4,3,RR,,6.0,1.0,47.0,35.0,32.0,8.0,10.0,0.0,0.0,2.0,2.0,60.0,33.0,26.0,13.0,10.0,1.0,3.0
2023-M-DC-2023-FLS-4-D-M-CRO-FIN-01,Davis Cup Finals RR: CRO vs FIN,Hard,2,D,,20230915,1,V0AM,,,Otto Virtanen,R,193.0,FIN,22.234,125.0,491.0,P0HW,,,Dino Prizmic,R,188.0,CRO,18.111,168.0,365.0,6-4 3-6 6-3,3,RR,,14.0,4.0,100.0,51.0,39.0,23.0,14.0,3.0,5.0,3.0,1.0,90.0,61.0,42.0,17.0,14.0,5.0,8.0
2023-M-DC-2023-WG1-M-AUT-POR-01,Davis Cup WG1 R1: AUT vs POR,Hard,4,D,,20230915,1,BT72,,,Nuno Borges,R,185.0,POR,26.568,89.0,694.0,R09X,,,Jurij Rodionov,L,191.0,AUT,24.334,109.0,572.0,7-6(4) 3-6 6-3,3,RR,,,,,,,,,,,,,,,,,,,
2023-M-DC-2023-WG1-M-DEN-BRA-01,Davis Cup WG1 R1: DEN vs BRA,Hard,4,D,,20230915,1,MJ08,,,Thiago Monteiro,L,183.0,BRA,29.292,116.0,523.0,R0DG,,,Holger Rune,R,188.0,DEN,20.381,4.0,4710.0,6-7(4) 7-6(5) 6-2,3,RR,,,,,,,,,,,,,,,,,,,
2023-M-DC-2023-WG2-M-LBN-JAM-01,Davis Cup WG2 R1: LBN vs JAM,Clay,4,D,,20230915,1,HG94,,,Benjamin Hassan,R,183.0,LBN,28.611,209.0,297.0,P0AO,,,Rowland Phillips,,,JAM,29.643,1778.0,1.0,7-5 6-3,3,RR,,,,,,,,,,,,,,,,,,,
2023-M-DC-2023-WG2-M-MON-ECU-01,Davis Cup WG2 R1: MON vs ECU,Clay,4,D,,20230915,1,G0DH,,,Alvaro Guillen Meza,R,175.0,ECU,20.701,387.0,127.0,VA25,,,Valentin Vacherot,R,193.0,MON,24.83,317.0,168.0,3-6 7-6(4) 7-6(4),3,RR,,,,,,,,,,,,,,,,,,,
2023-M-DC-2023-WG2-M-SLO-LUX-01,Davis Cup WG2 R1: SLO vs LUX,Clay,4,D,,20230915,1,KJ00,,,Alex Knaff,R,193.0,LUX,25.802,486.0,85.0,A0I1,,,Bor Artnak,R,193.0,SLO,19.28,616.0,54.0,3-6 7-6(5) 6-2,3,RR,,,,,,,,,,,,,,,,,,,
2023-M-DC-2023-FLS-1-A-M-ITA-CHI-01,Davis Cup Finals RR: ITA vs CHI,Hard,2,D,,20230915,2,SU87,,,Lorenzo Sonego,R,191.0,ITA,28.348,38.0,1140.0,J551,,,Nicolas Jarry,R,201.0,CHI,27.929,22.0,1494.0,3-6 7-5 6-4,3,RR,,5.0,1.0,101.0,74.0,53.0,12.0,16.0,9.0,12.0,8.0,2.0,92.0,64.0,46.0,14.0,15.0,2.0,5.0
2023-M-DC-2023-FLS-2-B-M-GBR-SUI-01,Davis Cup Finals RR: GBR vs SUI,Hard,2,D,,20230915,2,W367,,,Stan Wawrinka,R,183.0,SUI,38.467,40.0,1084.0,N771,,,Cameron Norrie,L,188.0,GBR,28.063,17.0,1985.0,7-5 6-4,3,RR,,18.0,2.0,67.0,39.0,32.0,14.0,11.0,3.0,4.0,1.0,1.0,66.0,41.0,26.0,13.0,11.0,2.0,5.0
2023-M-DC-2023-FLS-3-C-M-ESP-SRB-01,Davis Cup Finals RR: ESP vs SRB,Hard,2,D,,20230915,2,D643,,,Novak Djokovic,R,188.0,SRB,36.318,1.0,11795.0,DH50,,,Alejandro Davidovich Fokina,R,180.0,ESP,24.279,25.0,1435.0,6-3 6-4,3,RR,,10.0,1.0,54.0,41.0,33.0,5.0,10.0,0.0,1.0,4.0,0.0,62.0,40.0,26.0,9.0,9.0,2.0,5.0
2023-M-DC-2023-FLS-4-D-M-CRO-FIN-01,Davis Cup Finals RR: CRO vs FIN,Hard,2,D,,20230915,2,RH24,,,Emil Ruusuvuori,R,188.0,FIN,24.454,57.0,901.0,GH92,,,Borna Gojo,R,196.0,CRO,25.547,77.0,747.0,7-6(3) 6-4,3,RR,,11.0,1.0,69.0,46.0,41.0,11.0,11.0,2.0,2.0,8.0,1.0,66.0,47.0,37.0,11.0,11.0,3.0,4.0
2023-M-DC-2023-WG1-M-AUT-POR-01,Davis Cup WG1 R1: AUT vs POR,Hard,4,D,,20230915,2,SH90,,,Joao Sousa,R,185.0,POR,34.461,289.0,197.0,O513,,,Sebastian Ofner,R,191.0,AUT,27.343,59.0,893.0,5-7 6-3 7-6(1),3,RR,,,,,,,,,,,,,,,,,,,
2023-M-DC-2023-WG1-M-DEN-BRA-01,Davis Cup WG1 R1: DEN vs BRA,Hard,4,D,,20230915,2,SX91,,,Thiago Seyboth Wild,R,185.0,BRA,23.515,76.0,752.0,H09N,,,August Holmgren,R,188.0,DEN,25.399,412.0,112.0,6-4 6-2,3,RR,,,,,,,,,,,,,,,,,,,
2023-M-DC-2023-WG2-M-LBN-JAM-01,Davis Cup WG2 R1: LBN vs JAM,Clay,4,D,,20230915,2,HF80,,,Hady Habib,R,188.0,LBN,25.068,390.0,125.0,B0I5,,,Blaise Bicknell,R,191.0,JAM,21.802,430.0,104.0,7-6(5) 6-1,3,RR,,,,,,,,,,,,,,,,,,,
2023-M-DC-2023-WG2-M-MON-ECU-01,Davis Cup WG2 R1: MON vs ECU,Clay,4,D,,20230915,2,CN78,,,Lucas Catarina,R,185.0,MON,27.053,452.0,97.0,GA36,,,Emilio Gomez,R,185.0,ECU,31.797,185.0,326.0,6-3 3-6 7-5,3,RR,,,,,,,,,,,,,,,,,,,
2023-M-DC-2023-WG2-M-SLO-LUX-01,Davis Cup WG2 R1: SLO vs LUX,Clay,4,D,,20230915,2,RA51,,,Blaz Rola,L,193.0,SLO,32.945,457.0,94.0,R0E0,,,Chris Rodesch,R,198.0,LUX,22.16,609.0,54.0,7-6(3) 6-2,3,RR,,,,,,,,,,,,,,,,,,,
2023-M-DC-2023-WG1-M-AUT-POR-01,Davis Cup WG1 R1: AUT vs POR,Hard,4,D,,20230915,3,BT72,,,Nuno Borges,R,185.0,POR,26.568,89.0,694.0,DB59,,,Dennis Novak,R,183.0,AUT,30.048,192.0,315.0,6-3 6-2,3,RR,,,,,,,,,,,,,,,,,,,
2023-M-DC-2023-WG1-M-DEN-BRA-01,Davis Cup WG1 R1: DEN vs BRA,Hard,4,D,,20230915,3,M0K4,,,Elmer Moller,R,183.0,DEN,20.186,406.0,115.0,D833,,,Marcelo Demoliner,R,191.0,BRA,34.656,,,6-3 6-7(6) [10-4],3,RR,,,,,,,,,,,,,,,,,,,
2023-M-DC-2023-WG2-M-LBN-JAM-01,Davis Cup WG2 R1: LBN vs JAM,Clay,4,D,,20230915,3,E0E8,,,Mustapha El Natour,,,LBN,18.869,,,A0KE,,,Daniel Azar,,,JAM,18.557,,,6-3 6-1,3,RR,,,,,,,,,,,,,,,,,,,
2023-M-DC-2023-WG2-M-MON-ECU-01,Davis Cup WG2 R1: MON vs ECU,Clay,4,D,,20230915,3,GA36,,,Emilio Gomez,R,185.0,ECU,31.797,185.0,326.0,VA25,,,Valentin Vacherot,R,193.0,MON,24.83,317.0,168.0,6-1 1-6 6-1,3,RR,,,,,,,,,,,,,,,,,,,
2023-M-DC-2023-WG2-M-SLO-LUX-01,Davis Cup WG2 R1: SLO vs LUX,Clay,4,D,,20230915,3,RA51,,,Blaz Rola,L,193.0,SLO,32.945,457.0,94.0,KJ00,,,Alex Knaff,R,193.0,LUX,25.802,486.0,85.0,6-4 6-2,3,RR,,,,,,,,,,,,,,,,,,,
2023-M-DC-2023-WG2-M-SLO-LUX-01,Davis Cup WG2 R1: SLO vs LUX,Clay,4,D,,20230915,4,R0E0,,,Chris Rodesch,R,198.0,LUX,22.16,609.0,54.0,A0I1,,,Bor Artnak,R,193.0,SLO,19.28,616.0,54.0,6-2 7-6(3),3,RR,,,,,,,,,,,,,,,,,,,
2023-M-DC-2023-FLS-1-A-M-CAN-CHI-01,Davis Cup Finals RR: CAN vs CHI,Hard,2,D,,20230916,1,GK06,,,Alexis Galarneau,R,180.0,CAN,24.542,200.0,307.0,TE30,,,Alejandro Tabilo,L,188.0,CHI,26.289,124.0,492.0,6-3 7-6(5),3,RR,,6.0,3.0,76.0,45.0,33.0,19.0,11.0,6.0,7.0,8.0,0.0,67.0,48.0,33.0,8.0,10.0,2.0,4.0
2023-M-DC-2023-FLS-2-B-M-AUS-SUI-01,Davis Cup Finals RR: AUS vs SUI,Hard,2,D,,20230916,1,KD46,,,Thanasi Kokkinakis,R,193.0,AUS,27.433,74.0,766.0,S0LA,,,Dominic Stricker,L,183.0,SUI,21.084,90.0,685.0,6-3 7-5,3,RR,,16.0,0.0,71.0,54.0,43.0,4.0,11.0,5.0,6.0,3.0,0.0,62.0,31.0,22.0,13.0,10.0,2.0,5.0
2023-M-DC-2023-FLS-3-C-M-SRB-CZE-01,Davis Cup Finals RR: SRB vs CZE,Hard,2,D,,20230916,1,M0NI,,,Jakub Mensik,R,196.0,CZE,18.04,151.0,405.0,L987,,,Dusan Lajovic,R,183.0,SRB,33.213,52.0,938.0,6-3 6-2,3,RR,,11.0,0.0,41.0,32.0,30.0,6.0,9.0,0.0,0.0,1.0,1.0,46.0,25.0,19.0,10.0,8.0,2.0,5.0
2023-M-DC-2023-FLS-4-D-M-USA-FIN-01,Davis Cup Finals RR: USA vs FIN,Hard,2,D,,20230916,1,V0AM,,,Otto Virtanen,R,193.0,FIN,22.237,125.0,491.0,MK66,,,Mackenzie McDonald,R,178.0,USA,28.419,39.0,1120.0,7-6(5) 1-6 7-6(7),3,RR,,8.0,5.0,100.0,57.0,41.0,16.0,15.0,5.0,10.0,4.0,0.0,114.0,76.0,50.0,20.0,16.0,11.0,14.0
2023-M-DC-2023-WG1-M-ARG-LTU-01,Davis Cup WG1 R1: ARG vs LTU,Clay,4,D,,20230916,1,C0AU,,,Francisco Cerundolo,R,185.0,ARG,25.092,21.0,1635.0,G0FW,,,Vilius Gaubas,R,178.0,LTU,18.713,476.0,89.0,6-1 6-7(6) 6-2,3,RR,,,,,,,,,,,,,,,,,,,
2023-M-DC-2023-WG1-M-BIH-GER-01,Davis Cup WG1 R1: BIH vs GER,Clay,4,D,,20230916,1,AE14,,,Daniel Altmaier,R,188.0,GER,25.01,49.0,971.0,F840,,,Nerman Fatic,R,191.0,BIH,28.895,218.0,286.0,7-6(5) 6-2,3,RR,,,,,,,,,,,,,,,,,,,
2023-M-DC-2023-WG1-M-BUL-KAZ-01,Davis Cup WG1 R1: BUL vs KAZ,Clay,4,D,,20230916,1,S0GR,,,Timofey Skatov,R,173.0,KAZ,22.65,123.0,498.0,KC33,,,Dimitar Kuzmanov,R,183.0,BUL,30.136,179.0,339.0,4-6 6-4 6-3,3,RR,,,,,,,,,,,,,,,,,,,
2023-M-DC-2023-WG1-M-GRE-SVK-01,Davis Cup WG1 R1: GRE vs SVK,Hard,4,D,,20230916,1,MV14,,,Alex Molcan,L,178.0,SVK,25.791,113.0,530.0,S0F7,,,Alexandros Skorilas,R,185.0,GRE,23.502,766.0,30.0,6-1 6-1,3,RR,,,,,,,,,,,,,,,,,,,
2023-M-DC-2023-WG1-M-ISR-JPN-01,Davis Cup WG1 R1: ISR vs JPN,Hard,4,D,,20230916,1,SY67,,,Sho Shimabukuro,R,180.0,JPN,26.13,146.0,416.0,O674,,,Yshai Oliel,L,188.0,ISR,23.696,470.0,90.0,6-4 7-6(5),3,RR,,,,,,,,,,,,,,,,,,,
2023-M-DC-2023-WG1-M-PER-NOR-01,Davis Cup WG1 R1: PER vs NOR,Clay,4,D,,20230916,1,DC76,,,Viktor Durasovic,R,185.0,NOR,26.494,366.0,136.0,B0GR,,,Gonzalo Bueno,R,173.0,PER,19.452,403.0,116.0,6-3 6-4,3,RR,,,,,,,,,,,,,,,,,,,
2023-M-DC-2023-WG2-M-ESA-IRL-01,Davis Cup WG2 R1: ESA vs IRL,Clay,4,D,,20230916,1,G0G4,,,Conor Gannon,,,IRL,21.279,,,C0NU,,,Cesar Cruz,,,ESA,17.013,,,6-1 6-0,3,RR,,,,,,,,,,,,,,,,,,,
2023-M-DC-2023-WG2-M-HKG-LAT-01,Davis Cup WG2 R1: HKG vs LAT,Hard,4,D,,20230916,1,S0GV,,,Robert Strombachs,R,191.0,LAT,24.003,385.0,128.0,WB15,,,Hong Kit Wong,,,HKG,25.046,,,6-3 4-6 6-3,3,RR,,,,,,,,,,,,,,,,,,,
2023-M-DC-2023-WG2-M-IND-MAR-01,Davis Cup WG2 R1: IND vs MAR,Hard,4,D,,20230916,1,D0FA,,,Yassine Dlimi,R,191.0,MAR,20.367,557.0,65.0,MP13,,,Mukund Sasikumar,R,185.0,IND,26.669,365.0,137.0,6-7(4) 7-5 4-1 RET,3,RR,,,,,,,,,,,,,,,,,,,
2023-M-DC-2023-WG2-M-MEX-CHN-01,Davis Cup WG2 R1: MEX vs CHN,Clay,4,D,,20230916,1,P0J1,,,Rodrigo Pacheco Mendez,L,191.0,MEX,18.393,677.0,43.0,SX90,,,Fajing Sun,R,178.0,CHN,26.951,401.0,117.0,5-7 7-6(2) 1-1 RET,3,RR,,,,,,,,,,,,,,,,,,,
2023-M-DC-2023-WG2-M-PAK-INA-01,Davis Cup WG2 R1: PAK vs INA,Grass,4,D,,20230916,1,K425,,,Aqeel Khan,R,,PAK,43.628,,,T0EN,,,Gunawan Trismuwantara,,,INA,20.684,2050.0,1.0,7-5 6-3,3,RR,,,,,,,,,,,,,,,,,,,
2023-M-DC-2023-WG2-M-URU-EGY-01,Davis Cup WG2 R1: URU vs EGY,Clay,4,D,,20230916,1,SK47,,,Mohamed Safwat,R,180.0,EGY,32.991,463.0,93.0,C09G,,,Ignacio Carou,R,178.0,URU,24.181,828.0,24.0,7-5 6-3,3,RR,,,,,,,,,,,,,,,,,,,
2023-M-DC-2023-FLS-1-A-M-CAN-CHI-01,Davis Cup Finals RR: CAN vs CHI,Hard,2,D,,20230916,2,J551,,,Nicolas Jarry,R,201.0,CHI,27.932,22.0,1494.0,D0F6,,,Gabriel Diallo,R,203.0,CAN,21.977,158.0,394.0,6-4 6-4,3,RR,,10.0,2.0,59.0,46.0,38.0,6.0,10.0,1.0,1.0,3.0,0.0,56.0,37.0,26.0,11.0,10.0,1.0,3.0
2023-M-DC-2023-FLS-2-B-M-AUS-SUI-01,Davis Cup Finals RR: AUS vs SUI,Hard,2,D,,20230916,2,DH58,,,Alex de Minaur,R,183.0,AUS,24.578,12.0,2685.0,HH06,,,Marc-Andrea Huesler,L,196.0,SUI,27.228,101.0,604.0,6-4 6-3,3,RR,,8.0,1.0,59.0,41.0,34.0,7.0,10.0,2.0,3.0,12.0,2.0,60.0,45.0,30.0,5.0,9.0,8.0,11.0
2023-M-DC-2023-FLS-3-C-M-SRB-CZE-01,Davis Cup Finals RR: SRB vs CZE,Hard,2,D,,20230916,2,L0BV,,,Jiri Lehecka,R,185.0,CZE,21.854,30.0,1338.0,DB63,,,Laslo Djere,R,188.0,SRB,28.29,37.0,1190.0,7-6(7) 7-5,3,RR,,10.0,1.0,77.0,57.0,48.0,8.0,12.0,3.0,4.0,7.0,2.0,93.0,63.0,43.0,16.0,12.0,4.0,6.0
2023-M-DC-2023-FLS-4-D-M-USA-FIN-01,Davis Cup Finals RR: USA vs FIN,Hard,2,D,,20230916,2,RH24,,,Emil Ruusuvuori,R,188.0,FIN,24.457,57.0,901.0,PL56,,,Tommy Paul,R,185.0,USA,26.333,13.0,2660.0,7-6(1) 6-4,3,RR,,1.0,2.0,84.0,54.0,35.0,13.0,11.0,5.0,9.0,11.0,1.0,85.0,52.0,30.0,13.0,11.0,5.0,10.0
2023-M-DC-2023-WG1-M-ARG-LTU-01,Davis Cup WG1 R1: ARG vs LTU,Clay,4,D,,20230916,2,B0BI,,,Sebastian Baez,R,170.0,ARG,22.716,28.0,1375.0,BE90,,,Ricardas Berankis,R,175.0,LTU,33.238,231.0,270.0,7-6(6) 5-7 6-3,3,RR,,,,,,,,,,,,,,,,,,,
2023-M-DC-2023-WG1-M-BIH-GER-01,Davis Cup WG1 R1: BIH vs GER,Clay,4,D,,20230916,2,H997,,,Yannick Hanfmann,R,193.0,GER,31.841,54.0,927.0,D923,,,Damir Dzumhur,R,175.0,BIH,31.324,157.0,397.0,6-2 6-1,3,RR,,,,,,,,,,,,,,,,,,,
2023-M-DC-2023-WG1-M-BUL-KAZ-01,Davis Cup WG1 R1: BUL vs KAZ,Clay,4,D,,20230916,2,BK92,,,Alexander Bublik,R,196.0,KAZ,26.248,29.0,1349.0,M0KA,,,Yanaki Milev,R,180.0,BUL,19.42,569.0,64.0,6-4 6-1,3,RR,,,,,,,,,,,,,,,,,,,
2023-M-DC-2023-WG1-M-GRE-SVK-01,Davis Cup WG1 R1: GRE vs SVK,Hard,4,D,,20230916,2,TE51,,,Stefanos Tsitsipas,R,193.0,GRE,25.095,5.0,4615.0,KI63,,,Lukas Klein,R,193.0,SVK,25.487,149.0,412.0,6-7(3) 7-6(5) 4-0 RET,3,RR,,10.0,2.0,93.0,62.0,48.0,19.0,14.0,2.0,2.0,5.0,8.0,107.0,67.0,46.0,24.0,14.0,11.0,13.0
2023-M-DC-2023-WG1-M-ISR-JPN-01,Davis Cup WG1 R1: ISR vs JPN,Hard,4,D,,20230916,2,CL82,,,Daniel Cukierman,R,,ISR,28.189,372.0,132.0,M0HU,,,Shintaro Mochizuki,R,175.0,JPN,20.29,193.0,315.0,1-6 7-6(5) 6-2,3,RR,,,,,,,,,,,,,,,,,,,
2023-M-DC-2023-WG1-M-PER-NOR-01,Davis Cup WG1 R1: PER vs NOR,Clay,4,D,,20230916,2,V836,,,Juan Pablo Varillas,R,185.0,PER,27.945,70.0,815.0,B0U4,,,Nicolai Budkov Kjaer,R,191.0,NOR,17.04,,,7-5 6-4,3,RR,,,,,,,,,,,,,,,,,,,
2023-M-DC-2023-WG2-M-ESA-IRL-01,Davis Cup WG2 R1: ESA vs IRL,Clay,4,D,,20230916,2,A853,,,Marcelo Arevalo,R,191.0,ESA,32.914,,,O684,,,Osgar O'Hoisin,R,193.0,IRL,27.034,859.0,21.0,7-6(5) 6-1,3,RR,,,,,,,,,,,,,,,,,,,
2023-M-DC-2023-WG2-M-HKG-LAT-01,Davis Cup WG2 R1: HKG vs LAT,Hard,4,D,,20230916,2,W0BH,,,Coleman Wong,R,191.0,HKG,19.277,534.0,70.0,R0CT,,,Martins Rocens,R,185.0,LAT,23.436,1895.0,1.0,6-4 6-2,3,RR,,,,,,,,,,,,,,,,,,,
2023-M-DC-2023-WG2-M-IND-MAR-01,Davis Cup WG2 R1: IND vs MAR,Hard,4,D,,20230916,2,N897,,,Sumit Nagal,R,178.0,IND,26.084,156.0,397.0,MP94,,,Adam Moundir,R,191.0,MAR,28.392,779.0,29.0,6-3 6-3,3,RR,,,,,,,,,,,,,,,,,,,
2023-M-DC-2023-WG2-M-MEX-CHN-01,Davis Cup WG2 R1: MEX vs CHN,Clay,4,D,,20230916,2,TG30,,,Rigele Te,R,188.0,CHN,25.936,492.0,82.0,E873,,,Ernesto Escobedo,R,185.0,MEX,27.201,399.0,117.0,1-6 6-4 7-6(6),3,RR,,,,,,,,,,,,,,,,,,,
2023-M-DC-2023-WG2-M-PAK-INA-01,Davis Cup WG2 R1: PAK vs INA,Grass,4,D,,20230916,2,Q019,,,Aisam-Ul-Haq Qureshi,R,183.0,PAK,43.499,,,SK03,,,David Agung Susanto,,,INA,32.156,2050.0,1.0,6-1 6-4,3,RR,,,,,,,,,,,,,,,,,,,
2023-M-DC-2023-WG2-M-URU-EGY-01,Davis Cup WG2 R1: URU vs EGY,Clay,4,D,,20230916,2,MJ70,,,Karim-Mohamed Maamoun,R,175.0,EGY,32.438,721.0,37.0,R0BT,,,Franco Roncadelli,L,185.0,URU,23.608,674.0,44.0,6-1 4-6 7-5,3,RR,,,,,,,,,,,,,,,,,,,
2023-M-DC-2023-WG1-M-ARG-LTU-01,Davis Cup WG1 R1: ARG vs LTU,Clay,4,D,,20230916,3,EA24,,,Tomas Martin Etcheverry,R,196.0,ARG,24.164,35.0,1285.0,B0MM,,,Edas Butvilas,R,191.0,LTU,19.149,532.0,70.0,6-2 6-4,3,RR,,,,,,,,,,,,,,,,,,,
2023-M-DC-2023-WG1-M-BIH-GER-01,Davis Cup WG1 R1: BIH vs GER,Clay,4,D,,20230916,3,MN13,,,Maximilian Marterer,L,188.0,GER,28.255,127.0,484.0,N0DB,,,Andrej Nedic,R,185.0,BIH,18.916,633.0,50.0,6-1 7-6(4),3,RR,,,,,,,,,,,,,,,,,,,
2023-M-DC-2023-WG1-M-BUL-KAZ-01,Davis Cup WG1 R1: BUL vs KAZ,Clay,4,D,,20230916,3,BK92,,,Alexander Bublik,R,196.0,KAZ,26.248,29.0,1349.0,KC33,,,Dimitar Kuzmanov,R,183.0,BUL,30.136,179.0,339.0,6-4 7-6(4),3,RR,,,,,,,,,,,,,,,,,,,
2023-M-DC-2023-WG1-M-GRE-SVK-01,Davis Cup WG1 R1: GRE vs SVK,Hard,4,D,,20230916,3,MV14,,,Alex Molcan,L,178.0,SVK,25.791,113.0,530.0,TE51,,,Stefanos Tsitsipas,R,193.0,GRE,25.095,5.0,4615.0,7-6(6) 4-6 6-3,3,RR,,,,,,,,,,,,,,,,,,,
2023-M-DC-2023-WG1-M-ISR-JPN-01,Davis Cup WG1 R1: ISR vs JPN,Hard,4,D,,20230916,3,CL82,,,Daniel Cukierman,R,,ISR,28.189,372.0,132.0,SY67,,,Sho Shimabukuro,R,180.0,JPN,26.13,146.0,416.0,2-6 6-1 7-6(4),3,RR,,,,,,,,,,,,,,,,,,,
2023-M-DC-2023-WG1-M-PER-NOR-01,Davis Cup WG1 R1: PER vs NOR,Clay,4,D,,20230916,3,V836,,,Juan Pablo Varillas,R,185.0,PER,27.945,70.0,815.0,DC76,,,Viktor Durasovic,R,185.0,NOR,26.494,366.0,136.0,6-1 6-1,3,RR,,,,,,,,,,,,,,,,,,,
2023-M-DC-2023-WG2-M-ESA-IRL-01,Davis Cup WG2 R1: ESA vs IRL,Clay,4,D,,20230916,3,O684,,,Osgar O'Hoisin,R,193.0,IRL,27.034,859.0,21.0,D0FO,,,Diego Duran,,,ESA,18.765,,,6-3 6-2,3,RR,,,,,,,,,,,,,,,,,,,
2023-M-DC-2023-WG2-M-HKG-LAT-01,Davis Cup WG2 R1: HKG vs LAT,Hard,4,D,,20230916,3,S0GV,,,Robert Strombachs,R,191.0,LAT,24.003,385.0,128.0,W0BH,,,Coleman Wong,R,191.0,HKG,19.277,534.0,70.0,6-4 7-6(6),3,RR,,,,,,,,,,,,,,,,,,,
2023-M-DC-2023-WG2-M-IND-MAR-01,Davis Cup WG2 R1: IND vs MAR,Hard,4,D,,20230916,3,N897,,,Sumit Nagal,R,178.0,IND,26.084,156.0,397.0,D0FA,,,Yassine Dlimi,R,191.0,MAR,20.367,557.0,65.0,6-3 6-3,3,RR,,,,,,,,,,,,,,,,,,,
2023-M-DC-2023-WG2-M-MEX-CHN-01,Davis Cup WG2 R1: MEX vs CHN,Clay,4,D,,20230916,3,E873,,,Ernesto Escobedo,R,185.0,MEX,27.201,399.0,117.0,Z0CQ,,,Yi Zhou,R,193.0,CHN,18.508,893.0,18.0,7-6(7) 7-5,3,RR,,,,,,,,,,,,,,,,,,,
2023-M-DC-2023-WG2-M-PAK-INA-01,Davis Cup WG2 R1: PAK vs INA,Grass,4,D,,20230916,3,K425,,,Aqeel Khan,R,,PAK,43.628,,,SK03,,,David Agung Susanto,,,INA,32.156,2050.0,1.0,W/O,3,RR,,,,,,,,,,,,,,,,,,,
2023-M-DC-2023-WG2-M-URU-EGY-01,Davis Cup WG2 R1: URU vs EGY,Clay,4,D,,20230916,3,A0JW,,,Joaquin  Aguilar Cardozo,R,168.0,URU,18.439,,,M0L0,,,Amr Elsayed Abdou Ah Mohamed,,,EGY,24.537,,,4-6 6-0 [10-4],3,RR,,,,,,,,,,,,,,,,,,,
2023-M-DC-2023-WG1-M-ISR-JPN-01,Davis Cup WG1 R1: ISR vs JPN,Hard,4,D,,20230916,4,O674,,,Yshai Oliel,L,188.0,ISR,23.696,470.0,90.0,M0HU,,,Shintaro Mochizuki,R,175.0,JPN,20.29,193.0,315.0,2-6 7-5 6-0,3,RR,,,,,,,,,,,,,,,,,,,
2023-M-DC-2023-WG1-M-PER-NOR-01,Davis Cup WG1 R1: PER vs NOR,Clay,4,D,,20230916,4,B0ID,,,Ignacio Buse,R,183.0,PER,19.477,683.0,42.0,B0U4,,,Nicolai Budkov Kjaer,R,191.0,NOR,17.04,,,6-2 4-6 [11-9],3,RR,,,,,,,,,,,,,,,,,,,
2023-M-DC-2023-WG2-M-ESA-IRL-01,Davis Cup WG2 R1: ESA vs IRL,Clay,4,D,,20230916,4,M0X8,,,Freddy Murray,,,IRL,20.156,,,FB99,,,Atilio Jose Flores,,,ESA,25.169,,,6-0 6-0,3,RR,,,,,,,,,,,,,,,,,,,
2023-M-DC-2023-WG2-M-HKG-LAT-01,Davis Cup WG2 R1: HKG vs LAT,Hard,4,D,,20230916,4,N0AJ,,,Ki Lung Ng,R,170.0,HKG,22.125,,,T0HY,,,Daniels Tens,,,LAT,18.029,,,7-5 6-2,3,RR,,,,,,,,,,,,,,,,,,,
2023-M-DC-2023-WG2-M-IND-MAR-01,Davis Cup WG2 R1: IND vs MAR,Hard,4,D,,20230916,4,SY71,,,Digvijaypratap Singh,R,191.0,IND,23.288,544.0,68.0,A0EY,,,Walid Ahouda,,,MAR,19.923,1077.0,9.0,6-1 5-7 [10-6],3,RR,,,,,,,,,,,,,,,,,,,
2023-M-DC-2023-WG2-M-PAK-INA-01,Davis Cup WG2 R1: PAK vs INA,Grass,4,D,,20230916,4,S0HP,,,Muhammad Shoaib,,,PAK,21.582,,,T0EN,,,Gunawan Trismuwantara,,,INA,20.684,2050.0,1.0,7-6(4) 6-4,3,RR,,,,,,,,,,,,,,,,,,,
2023-M-DC-2023-FLS-1-A-M-ITA-SWE-01,Davis Cup Finals RR: ITA vs SWE,Hard,2,D,,20230917,1,A0FC,,,Matteo Arnaldi,R,185.0,ITA,22.565,48.0,983.0,B0JG,,,Leo Borg,R,183.0,SWE,20.342,362.0,139.0,6-4 6-3,3,RR,,5.0,2.0,65.0,40.0,31.0,12.0,10.0,2.0,3.0,2.0,4.0,57.0,33.0,26.0,9.0,9.0,6.0,9.0
2023-M-DC-2023-FLS-2-B-M-GBR-FRA-01,Davis Cup Finals RR: GBR vs FRA,Hard,2,D,,20230917,1,E687,,,Daniel Evans,R,175.0,GBR,33.32,27.0,1381.0,F0F1,,,Arthur Fils,R,185.0,FRA,19.264,44.0,1032.0,3-6 6-3 6-4,3,RR,,4.0,3.0,80.0,46.0,38.0,19.0,14.0,1.0,3.0,8.0,2.0,75.0,52.0,38.0,12.0,14.0,3.0,6.0
2023-M-DC-2023-FLS-3-C-M-ESP-KOR-01,Davis Cup Finals RR: ESP vs KOR,Hard,2,D,,20230917,1,Z419,,,Bernabe Zapata Miralles,R,183.0,ESP,26.678,74.0,766.0,HC21,,,Seongchan Hong,R,175.0,KOR,26.215,195.0,313.0,6-4 7-5,3,RR,,1.0,1.0,61.0,36.0,27.0,12.0,11.0,2.0,5.0,2.0,0.0,59.0,35.0,22.0,11.0,11.0,2.0,7.0
2023-M-DC-2023-FLS-4-D-M-CRO-NED-01,Davis Cup Finals RR: CRO vs NED,Hard,2,D,,20230917,1,V812,,,Botic van de Zandschulp,R,191.0,NED,27.953,68.0,825.0,A0CJ,,,Duje Ajdukovic,R,188.0,CRO,22.612,207.0,299.0,6-3 3-6 7-5,3,RR,,13.0,0.0,89.0,64.0,47.0,12.0,15.0,5.0,8.0,7.0,2.0,84.0,59.0,43.0,12.0,15.0,4.0,8.0
2023-M-DC-2023-FLS-1-A-M-ITA-SWE-01,Davis Cup Finals RR: ITA vs SWE,Hard,2,D,,20230917,2,SU87,,,Lorenzo Sonego,R,191.0,ITA,28.353,38.0,1140.0,Y218,,,Elias Ymer,R,185.0,SWE,27.436,175.0,346.0,6-4 6-4,3,RR,,7.0,0.0,56.0,47.0,32.0,6.0,10.0,1.0,3.0,3.0,3.0,61.0,33.0,22.0,12.0,10.0,2.0,6.0
2023-M-DC-2023-FLS-2-B-M-GBR-FRA-01,Davis Cup Finals RR: GBR vs FRA,Hard,2,D,,20230917,2,HH26,,,Ugo Humbert,L,188.0,FRA,25.227,36.0,1198.0,N771,,,Cameron Norrie,L,188.0,GBR,28.068,17.0,1985.0,7-6(5) 3-6 7-5,3,RR,,20.0,1.0,101.0,65.0,52.0,19.0,16.0,2.0,3.0,2.0,3.0,119.0,82.0,57.0,20.0,17.0,5.0,6.0
2023-M-DC-2023-FLS-3-C-M-ESP-KOR-01,Davis Cup Finals RR: ESP vs KOR,Hard,2,D,,20230917,2,DH50,,,Alejandro Davidovich Fokina,R,180.0,ESP,24.285,25.0,1435.0,KF17,,,Soonwoo Kwon,R,180.0,KOR,25.791,112.0,533.0,6-4 6-4,3,RR,,6.0,0.0,53.0,41.0,35.0,6.0,10.0,1.0,1.0,5.0,3.0,61.0,32.0,22.0,16.0,10.0,1.0,3.0
2023-M-DC-2023-FLS-4-D-M-CRO-NED-01,Davis Cup Finals RR: CRO vs NED,Hard,2,D,,20230917,2,GH92,,,Borna Gojo,R,196.0,CRO,25.552,77.0,747.0,GJ37,,,Tallon Griekspoor,R,188.0,NED,27.209,24.0,1446.0,4-6 7-6(2) 6-4,3,RR,,18.0,2.0,115.0,79.0,57.0,19.0,16.0,8.0,10.0,7.0,2.0,95.0,72.0,54.0,12.0,16.0,1.0,3.0
2023-9210,Laver Cup,Hard,2,A,O,20230918,1,FB98,,,Taylor Fritz,R,196.0,USA,25.889,8.0,3955.0,RE44,,,Andrey Rublev,R,188.0,RUS,25.911,6.0,4515.0,6-2 7-6(3),3,RR,,,,,,,,,,,,,,,,,,,
2023-9210,Laver Cup,Hard,2,A,O,20230918,2,RH16,,,Casper Ruud,R,183.0,NOR,24.739,9.0,3560.0,PL56,,,Tommy Paul,R,185.0,USA,26.338,13.0,2660.0,7-6(6) 6-2,3,RR,,,,,,,,,,,,,,,,,,,
2023-9210,Laver Cup,Hard,2,A,O,20230918,3,TD51,,,Frances Tiafoe,R,188.0,USA,25.659,11.0,2690.0,HB71,,,Hubert Hurkacz,R,196.0,POL,26.598,16.0,2035.0,7-5 6-3,3,RR,,,,,,,,,,,,,,,,,,,
2023-9210,Laver Cup,Hard,2,A,O,20230918,4,AG37,,,Felix Auger-Aliassime,R,193.0,CAN,23.11,14.0,2340.0,MC65,,,Gael Monfils,R,193.0,FRA,37.046,142.0,432.0,6-4 6-3,3,RR,,,,,,,,,,,,,,,,,,,
2023-9210,Laver Cup,Hard,2,A,O,20230918,5,C0AU,,,Francisco Cerundolo,R,185.0,ARG,25.098,21.0,1635.0,DH50,,,Alejandro Davidovich Fokina,R,180.0,ESP,24.287,25.0,1435.0,6-3 7-5,3,RR,,,,,,,,,,,,,,,,,,,
2023-9210,Laver Cup,Hard,2,A,O,20230918,6,S0S1,,,Ben Shelton,L,193.0,USA,20.942,19.0,1735.0,F0F1,,,Arthur Fils,R,185.0,FRA,19.266,44.0,1032.0,7-6(4) 6-1,3,RR,,,,,,,,,,,,,,,,,,,
2023-7581,Chengdu,Hard,32,250,O,20230920,1,S0TI,,Q,Philip Sekulic,R,191.0,AUS,20.041,325.0,163.0,BT72,,,Nuno Borges,R,185.0,POR,26.582,88.0,694.0,7-5 5-7 6-3,3,R32,155.0,5.0,6.0,101.0,56.0,42.0,22.0,17.0,6.0,10.0,13.0,3.0,111.0,74.0,52.0,13.0,16.0,11.0,16.0
2023-7581,Chengdu,Hard,32,250,O,20230920,2,RC91,,,Arthur Rinderknech,R,196.0,FRA,28.162,67.0,826.0,TC01,,LL,Li Tu,R,183.0,AUS,27.316,203.0,306.0,7-6(5) 7-6(6),3,R32,116.0,11.0,5.0,85.0,51.0,43.0,16.0,12.0,1.0,2.0,5.0,2.0,74.0,42.0,33.0,21.0,12.0,5.0,6.0
2023-7581,Chengdu,Hard,32,250,O,20230920,3,GC88,,,Marcos Giron,R,180.0,USA,30.157,64.0,850.0,BK92,5.0,,Alexander Bublik,R,196.0,KAZ,26.259,29.0,1349.0,7-6(6) 6-3,3,R32,101.0,1.0,1.0,84.0,47.0,34.0,17.0,11.0,5.0,7.0,4.0,7.0,65.0,37.0,25.0,13.0,10.0,2.0,5.0
2023-7581,Chengdu,Hard,32,250,O,20230920,4,SX50,,,Roman Safiullin,R,185.0,RUS,26.119,55.0,902.0,N0AE,,,Brandon Nakashima,R,188.0,USA,22.13,81.0,735.0,6-4 6-4,3,R32,88.0,5.0,2.0,55.0,34.0,28.0,13.0,10.0,0.0,0.0,9.0,1.0,58.0,40.0,27.0,10.0,10.0,1.0,3.0
2023-7581,Chengdu,Hard,32,250,O,20230920,5,L987,,,Dusan Lajovic,R,183.0,SRB,33.224,52.0,938.0,BU13,,WC,Zizou Bergs,R,185.0,BEL,24.298,172.0,354.0,6-4 1-6 6-3,3,R32,102.0,0.0,1.0,69.0,61.0,44.0,5.0,13.0,2.0,4.0,10.0,4.0,68.0,40.0,34.0,15.0,13.0,2.0,4.0
2023-7581,Chengdu,Hard,32,250,O,20230920,6,TC61,,,Jordan Thompson,R,183.0,AUS,29.418,56.0,902.0,PH71,6.0,,Max Purcell,R,185.0,AUS,25.465,43.0,1047.0,6-2 7-6(8),3,R32,111.0,13.0,0.0,66.0,34.0,27.0,20.0,10.0,1.0,2.0,6.0,2.0,69.0,36.0,31.0,12.0,10.0,6.0,9.0
2023-7581,Chengdu,Hard,32,250,O,20230920,7,DA81,,,Taro Daniel,R,191.0,JPN,30.645,95.0,643.0,V832,8.0,,Aleksandar Vukic,R,188.0,AUS,27.455,50.0,947.0,4-6 6-4 6-2,3,R32,134.0,7.0,5.0,79.0,41.0,30.0,20.0,14.0,4.0,7.0,6.0,2.0,91.0,53.0,33.0,18.0,14.0,9.0,14.0
2023-7581,Chengdu,Hard,32,250,O,20230920,8,O483,,,Christopher O'Connell,R,183.0,AUS,29.298,53.0,930.0,K0E6,,Q,Alibek Kachmazov,R,185.0,RUS,21.092,319.0,168.0,7-6(3) 6-4,3,R32,128.0,6.0,1.0,73.0,44.0,30.0,18.0,11.0,6.0,8.0,3.0,6.0,84.0,42.0,30.0,18.0,11.0,6.0,9.0
2023-7581,Chengdu,Hard,32,250,O,20230920,9,V836,,,Juan Pablo Varillas,R,185.0,PER,27.956,70.0,815.0,C0AJ,,WC,Jie Cui,R,183.0,CHN,25.654,583.0,60.0,6-1 6-3,3,R32,77.0,5.0,0.0,50.0,31.0,25.0,10.0,8.0,0.0,0.0,5.0,1.0,42.0,25.0,15.0,8.0,8.0,2.0,6.0
2023-7581,Chengdu,Hard,32,250,O,20230920,10,KI95,7.0,,Miomir Kecmanovic,R,183.0,SRB,24.055,47.0,985.0,LC54,,Q,Benjamin Lock,R,198.0,ZIM,30.546,346.0,145.0,6-2 6-3,3,R32,88.0,6.0,1.0,57.0,32.0,24.0,15.0,9.0,7.0,8.0,0.0,3.0,62.0,38.0,21.0,10.0,8.0,6.0,10.0
2023-7581,Chengdu,Hard,32,250,O,20230920,11,MW02,,,Corentin Moutet,L,180.0,FRA,24.422,122.0,499.0,M09E,,WC,Tao Mu,R,180.0,CHN,23.395,573.0,63.0,6-2 6-2,3,R32,78.0,0.0,1.0,51.0,35.0,28.0,6.0,8.0,3.0,4.0,1.0,7.0,46.0,29.0,16.0,3.0,8.0,4.0,9.0
2023-7581,Chengdu,Hard,32,250,O,20230920,12,K09F,,Q,Pavel Kotov,R,191.0,RUS,24.838,106.0,578.0,GE33,,,Daniel Elahi Galan,R,191.0,COL,27.255,87.0,699.0,7-5 7-5,3,R32,113.0,2.0,0.0,72.0,40.0,30.0,21.0,12.0,7.0,8.0,10.0,1.0,78.0,48.0,33.0,14.0,12.0,5.0,8.0
2023-7581,Chengdu,Hard,32,250,O,20230920,13,M0EJ,2.0,,Lorenzo Musetti,R,185.0,ITA,21.55,18.0,1925.0,S0TI,,Q,Philip Sekulic,R,191.0,AUS,20.041,325.0,163.0,7-6(3) 6-7(4) 6-0,3,R16,174.0,11.0,5.0,93.0,52.0,38.0,24.0,15.0,0.0,3.0,6.0,2.0,105.0,72.0,46.0,14.0,15.0,9.0,15.0
2023-7581,Chengdu,Hard,32,250,O,20230920,14,RC91,,,Arthur Rinderknech,R,196.0,FRA,28.162,67.0,826.0,GC88,,,Marcos Giron,R,180.0,USA,30.157,64.0,850.0,7-6(2) 6-4,3,R16,100.0,9.0,1.0,71.0,46.0,36.0,10.0,11.0,3.0,5.0,7.0,2.0,59.0,30.0,23.0,15.0,11.0,1.0,4.0
2023-7581,Chengdu,Hard,32,250,O,20230920,15,SX50,,,Roman Safiullin,R,185.0,RUS,26.119,55.0,902.0,E687,4.0,,Daniel Evans,R,175.0,GBR,33.328,27.0,1381.0,6-3 6-3,3,R16,83.0,5.0,2.0,58.0,38.0,27.0,11.0,9.0,3.0,4.0,6.0,5.0,50.0,28.0,20.0,8.0,9.0,2.0,6.0
2023-7581,Chengdu,Hard,32,250,O,20230920,16,TC61,,,Jordan Thompson,R,183.0,AUS,29.418,56.0,902.0,L987,,,Dusan Lajovic,R,183.0,SRB,33.224,52.0,938.0,6-1 7-6(1),3,R16,88.0,9.0,0.0,47.0,30.0,26.0,14.0,9.0,0.0,0.0,2.0,0.0,69.0,51.0,30.0,8.0,10.0,5.0,8.0
2023-7581,Chengdu,Hard,32,250,O,20230920,17,O483,,,Christopher O'Connell,R,183.0,AUS,29.298,53.0,930.0,DA81,,,Taro Daniel,R,191.0,JPN,30.645,95.0,643.0,7-6(10) 6-4,3,R16,156.0,9.0,2.0,97.0,55.0,44.0,21.0,11.0,9.0,10.0,3.0,5.0,91.0,48.0,34.0,22.0,11.0,8.0,10.0
2023-7581,Chengdu,Hard,32,250,O,20230920,18,D875,3.0,,Grigor Dimitrov,R,191.0,BUL,32.348,20.0,1735.0,V836,,,Juan Pablo Varillas,R,185.0,PER,27.956,70.0,815.0,6-3 6-4,3,R16,85.0,6.0,3.0,54.0,39.0,30.0,4.0,10.0,0.0,3.0,2.0,1.0,52.0,21.0,15.0,10.0,9.0,2.0,7.0
2023-7581,Chengdu,Hard,32,250,O,20230920,19,KI95,7.0,,Miomir Kecmanovic,R,183.0,SRB,24.055,47.0,985.0,MW02,,,Corentin Moutet,L,180.0,FRA,24.422,122.0,499.0,6-2 6-4,3,R16,95.0,1.0,0.0,46.0,33.0,24.0,9.0,9.0,3.0,5.0,1.0,3.0,65.0,37.0,20.0,11.0,9.0,7.0,12.0
2023-7581,Chengdu,Hard,32,250,O,20230920,20,Z355,1.0,,Alexander Zverev,R,198.0,GER,26.418,10.0,3030.0,K09F,,Q,Pavel Kotov,R,191.0,RUS,24.838,106.0,578.0,7-6(5) 4-6 6-1,3,R16,145.0,8.0,2.0,80.0,50.0,43.0,17.0,14.0,1.0,2.0,4.0,5.0,102.0,66.0,48.0,17.0,15.0,3.0,6.0
2023-7581,Chengdu,Hard,32,250,O,20230920,21,M0EJ,2.0,,Lorenzo Musetti,R,185.0,ITA,21.55,18.0,1925.0,RC91,,,Arthur Rinderknech,R,196.0,FRA,28.162,67.0,826.0,6-3 6-3,3,QF,87.0,1.0,2.0,51.0,30.0,24.0,14.0,9.0,0.0,0.0,7.0,3.0,60.0,35.0,25.0,10.0,9.0,4.0,7.0
2023-7581,Chengdu,Hard,32,250,O,20230920,22,SX50,,,Roman Safiullin,R,185.0,RUS,26.119,55.0,902.0,TC61,,,Jordan Thompson,R,183.0,AUS,29.418,56.0,902.0,7-6(1) RET,3,QF,79.0,2.0,1.0,46.0,34.0,28.0,5.0,6.0,4.0,4.0,5.0,0.0,43.0,24.0,19.0,11.0,6.0,1.0,1.0
2023-7581,Chengdu,Hard,32,250,O,20230920,23,D875,3.0,,Grigor Dimitrov,R,191.0,BUL,32.348,20.0,1735.0,O483,,,Christopher O'Connell,R,183.0,AUS,29.298,53.0,930.0,6-4 6-1,3,QF,84.0,3.0,2.0,52.0,27.0,21.0,17.0,9.0,2.0,2.0,4.0,2.0,62.0,43.0,27.0,7.0,8.0,5.0,8.0
2023-7581,Chengdu,Hard,32,250,O,20230920,24,Z355,1.0,,Alexander Zverev,R,198.0,GER,26.418,10.0,3030.0,KI95,7.0,,Miomir Kecmanovic,R,183.0,SRB,24.055,47.0,985.0,5-7 7-5 6-2,3,QF,178.0,13.0,3.0,103.0,81.0,55.0,12.0,16.0,7.0,10.0,4.0,3.0,112.0,59.0,38.0,25.0,16.0,12.0,17.0
2023-7581,Chengdu,Hard,32,250,O,20230920,25,SX50,,,Roman Safiullin,R,185.0,RUS,26.119,55.0,902.0,M0EJ,2.0,,Lorenzo Musetti,R,185.0,ITA,21.55,18.0,1925.0,6-3 6-4,3,SF,89.0,9.0,1.0,57.0,35.0,29.0,15.0,10.0,0.0,0.0,1.0,4.0,57.0,34.0,26.0,9.0,9.0,2.0,4.0
2023-7581,Chengdu,Hard,32,250,O,20230920,26,Z355,1.0,,Alexander Zverev,R,198.0,GER,26.418,10.0,3030.0,D875,3.0,,Grigor Dimitrov,R,191.0,BUL,32.348,20.0,1735.0,6-3 7-6(2),3,SF,110.0,9.0,0.0,66.0,57.0,44.0,6.0,10.0,5.0,5.0,0.0,2.0,74.0,49.0,34.0,14.0,11.0,5.0,7.0
2023-7581,Chengdu,Hard,32,250,O,20230920,27,Z355,1.0,,Alexander Zverev,R,198.0,GER,26.418,10.0,3030.0,SX50,,,Roman Safiullin,R,185.0,RUS,26.119,55.0,902.0,6-7(2) 7-6(5) 6-3,3,F,176.0,10.0,1.0,106.0,81.0,62.0,13.0,17.0,1.0,2.0,8.0,4.0,109.0,68.0,49.0,24.0,16.0,8.0,10.0
2023-9164,Zhuhai,Hard,32,250,O,20230920,1,PG94,,,Marc Polmans,R,188.0,AUS,26.385,152.0,410.0,S0IA,,,Dane Sweeny,R,170.0,AUS,22.601,247.0,249.0,6-3 6-1,3,R32,,,,,,,,,,,,,,,,,,,
2023-9164,Zhuhai,Hard,32,250,O,20230920,2,KC56,,,Aslan Karatsev,R,185.0,RUS,30.042,63.0,853.0,A0FC,,,Matteo Arnaldi,R,185.0,ITA,22.574,48.0,983.0,6-7(5) 7-6(5) 6-2,3,R32,189.0,17.0,9.0,95.0,60.0,50.0,20.0,16.0,2.0,4.0,7.0,4.0,126.0,78.0,52.0,24.0,16.0,7.0,11.0
2023-9164,Zhuhai,Hard,32,250,O,20230920,3,MC10,7.0,,Andy Murray,R,191.0,GBR,36.35,41.0,1075.0,M0BW,,WC,Ye Cong Mo,R,183.0,CHN,23.233,668.0,46.0,7-5 6-3,3,R32,102.0,10.0,1.0,74.0,49.0,39.0,14.0,11.0,5.0,5.0,1.0,3.0,57.0,36.0,26.0,9.0,10.0,1.0,3.0
2023-9164,Zhuhai,Hard,32,250,O,20230920,4,GD64,,,Cristian Garin,R,185.0,CHI,27.307,102.0,596.0,Z0CQ,,WC,Yi Zhou,R,193.0,CHN,18.519,903.0,18.0,4-6 6-4 6-2,3,R32,142.0,8.0,9.0,81.0,41.0,36.0,21.0,14.0,7.0,9.0,10.0,3.0,75.0,44.0,30.0,18.0,14.0,2.0,6.0
2023-9164,Zhuhai,Hard,32,250,O,20230920,5,HG86,,,Lloyd Harris,R,193.0,RSA,26.568,162.0,392.0,V708,,PR,Jiri Vesely,L,198.0,CZE,30.196,300.0,184.0,6-4 6-2,3,R32,70.0,19.0,2.0,42.0,28.0,26.0,10.0,9.0,0.0,0.0,8.0,5.0,47.0,27.0,20.0,8.0,9.0,1.0,4.0
2023-9164,Zhuhai,Hard,32,250,O,20230920,6,N732,8.0,,Yoshihito Nishioka,L,170.0,JPN,27.981,46.0,1025.0,A0GC,,,Terence Atmane,L,193.0,FRA,21.695,149.0,417.0,0-6 6-4 6-2,3,R32,115.0,1.0,2.0,70.0,49.0,29.0,15.0,12.0,2.0,5.0,10.0,4.0,72.0,45.0,34.0,11.0,12.0,1.0,4.0
2023-9164,Zhuhai,Hard,32,250,O,20230920,7,EA24,5.0,,Tomas Martin Etcheverry,R,196.0,ARG,24.175,35.0,1285.0,SM09,,Q,Luke Saville,R,188.0,AUS,29.714,313.0,176.0,6-4 6-4,3,R32,121.0,4.0,1.0,51.0,29.0,26.0,16.0,10.0,1.0,1.0,6.0,2.0,83.0,51.0,35.0,13.0,10.0,9.0,11.0
2023-9164,Zhuhai,Hard,32,250,O,20230920,8,S0GD,,,Dalibor Svrcina,R,178.0,CZE,20.966,167.0,378.0,L733,,WC,Zhe Li,R,183.0,CHN,36.999,602.0,55.0,6-4 6-3,3,R32,91.0,1.0,1.0,51.0,40.0,30.0,7.0,9.0,7.0,8.0,4.0,0.0,53.0,25.0,17.0,14.0,10.0,1.0,5.0
2023-9164,Zhuhai,Hard,32,250,O,20230920,9,MP20,,,Alexandre Muller,R,183.0,FRA,26.631,84.0,722.0,H0BH,,,Rinky Hijikata,R,178.0,AUS,22.571,72.0,769.0,6-3 6-2,3,R32,95.0,1.0,2.0,62.0,39.0,28.0,10.0,9.0,2.0,4.0,0.0,2.0,56.0,32.0,15.0,10.0,8.0,2.0,7.0
2023-9164,Zhuhai,Hard,32,250,O,20230920,10,MK66,6.0,,Mackenzie McDonald,R,178.0,USA,28.43,39.0,1120.0,S0RE,,,Juncheng Shang,L,180.0,CHN,18.628,158.0,397.0,6-4 6-7(3) 6-3,3,R32,156.0,8.0,1.0,90.0,63.0,51.0,13.0,16.0,1.0,3.0,5.0,5.0,96.0,53.0,41.0,20.0,15.0,3.0,7.0
2023-9164,Zhuhai,Hard,32,250,O,20230920,11,CG33,,,Kimmer Coppejans,R,178.0,BEL,29.615,186.0,326.0,K0AZ,,,Aleksandar Kovacevic,R,183.0,USA,25.06,116.0,524.0,7-6(4) 6-1,3,R32,83.0,12.0,1.0,54.0,35.0,30.0,15.0,10.0,0.0,0.0,7.0,3.0,48.0,26.0,25.0,9.0,9.0,0.0,2.0
2023-9164,Zhuhai,Hard,32,250,O,20230920,12,BI81,,Q,Alex Bolt,L,183.0,AUS,30.705,323.0,165.0,SM37,,,Diego Schwartzman,R,170.0,ARG,31.094,136.0,451.0,6-3 4-2 RET,3,R32,54.0,5.0,3.0,38.0,19.0,17.0,11.0,8.0,0.0,1.0,0.0,3.0,39.0,24.0,15.0,7.0,7.0,2.0,5.0
2023-9164,Zhuhai,Hard,32,250,O,20230920,13,N771,2.0,,Cameron Norrie,L,188.0,GBR,28.077,17.0,1985.0,PG94,,Q,Marc Polmans,R,188.0,AUS,26.385,152.0,410.0,6-0 6-3,3,R16,76.0,5.0,2.0,44.0,28.0,22.0,11.0,8.0,0.0,0.0,2.0,2.0,46.0,30.0,16.0,6.0,7.0,3.0,7.0
2023-9164,Zhuhai,Hard,32,250,O,20230920,14,KC56,,,Aslan Karatsev,R,185.0,RUS,30.042,63.0,853.0,MC10,7.0,,Andy Murray,R,191.0,GBR,36.35,41.0,1075.0,4-6 6-3 6-2,3,R16,175.0,9.0,4.0,88.0,51.0,41.0,15.0,14.0,3.0,6.0,7.0,1.0,92.0,52.0,35.0,16.0,13.0,8.0,13.0
2023-9164,Zhuhai,Hard,32,250,O,20230920,15,SL28,3.0,,Jan-Lennard Struff,R,193.0,GER,33.405,23.0,1474.0,GD64,,,Cristian Garin,R,185.0,CHI,27.307,102.0,596.0,6-3 1-6 6-4,3,R16,124.0,12.0,5.0,77.0,46.0,36.0,13.0,13.0,2.0,5.0,6.0,9.0,76.0,42.0,30.0,19.0,13.0,7.0,10.0
2023-9164,Zhuhai,Hard,32,250,O,20230920,16,N732,8.0,,Yoshihito Nishioka,L,170.0,JPN,27.981,46.0,1025.0,HG86,,,Lloyd Harris,R,193.0,RSA,26.568,162.0,392.0,7-6(4) 7-6(5),3,R16,125.0,2.0,1.0,74.0,52.0,42.0,16.0,12.0,0.0,0.0,16.0,2.0,81.0,45.0,40.0,19.0,12.0,1.0,1.0
2023-9164,Zhuhai,Hard,32,250,O,20230920,17,EA24,5.0,,Tomas Martin Etcheverry,R,196.0,ARG,24.175,35.0,1285.0,S0GD,,,Dalibor Svrcina,R,178.0,CZE,20.966,167.0,378.0,6-2 6-3,3,R16,96.0,6.0,1.0,50.0,31.0,20.0,11.0,8.0,5.0,7.0,1.0,5.0,61.0,37.0,19.0,8.0,9.0,5.0,11.0
2023-9164,Zhuhai,Hard,32,250,O,20230920,18,K0AH,4.0,,Sebastian Korda,R,196.0,USA,23.209,33.0,1295.0,MP20,,,Alexandre Muller,R,183.0,FRA,26.631,84.0,722.0,6-1 2-6 6-3,3,R16,115.0,9.0,1.0,84.0,49.0,36.0,17.0,12.0,4.0,6.0,2.0,0.0,64.0,36.0,25.0,14.0,12.0,1.0,5.0
2023-9164,Zhuhai,Hard,32,250,O,20230920,19,MK66,6.0,,Mackenzie McDonald,R,178.0,USA,28.43,39.0,1120.0,CG33,,,Kimmer Coppejans,R,178.0,BEL,29.615,186.0,326.0,4-6 6-3 6-2,3,R16,129.0,6.0,2.0,77.0,48.0,38.0,16.0,14.0,0.0,2.0,11.0,3.0,88.0,46.0,31.0,19.0,13.0,12.0,16.0
2023-9164,Zhuhai,Hard,32,250,O,20230920,20,KE29,1.0,,Karen Khachanov,R,198.0,RUS,27.332,15.0,2135.0,BI81,,Q,Alex Bolt,L,183.0,AUS,30.705,323.0,165.0,6-4 6-4,3,R16,109.0,8.0,1.0,72.0,47.0,35.0,14.0,10.0,10.0,10.0,6.0,0.0,65.0,35.0,26.0,15.0,10.0,3.0,5.0
2023-9164,Zhuhai,Hard,32,250,O,20230920,21,KC56,,,Aslan Karatsev,R,185.0,RUS,30.042,63.0,853.0,N771,2.0,,Cameron Norrie,L,188.0,GBR,28.077,17.0,1985.0,7-6(5) 7-6(5),3,QF,141.0,9.0,5.0,83.0,52.0,40.0,20.0,12.0,0.0,1.0,9.0,0.0,77.0,54.0,41.0,14.0,12.0,3.0,4.0
2023-9164,Zhuhai,Hard,32,250,O,20230920,22,N732,8.0,,Yoshihito Nishioka,L,170.0,JPN,27.981,46.0,1025.0,SL28,3.0,,Jan-Lennard Struff,R,193.0,GER,33.405,23.0,1474.0,6-4 7-5,3,QF,90.0,0.0,0.0,62.0,44.0,37.0,10.0,11.0,4.0,5.0,11.0,2.0,59.0,37.0,28.0,8.0,11.0,2.0,5.0
2023-9164,Zhuhai,Hard,32,250,O,20230920,23,K0AH,4.0,,Sebastian Korda,R,196.0,USA,23.209,33.0,1295.0,EA24,5.0,,Tomas Martin Etcheverry,R,196.0,ARG,24.175,35.0,1285.0,6-1 6-2,3,QF,71.0,9.0,1.0,46.0,30.0,23.0,12.0,8.0,0.0,0.0,3.0,2.0,50.0,31.0,18.0,6.0,7.0,3.0,7.0
2023-9164,Zhuhai,Hard,32,250,O,20230920,24,KE29,1.0,,Karen Khachanov,R,198.0,RUS,27.332,15.0,2135.0,MK66,6.0,,Mackenzie McDonald,R,178.0,USA,28.43,39.0,1120.0,4-6 6-4 6-4,3,QF,156.0,4.0,7.0,91.0,49.0,37.0,17.0,15.0,2.0,6.0,5.0,2.0,92.0,59.0,37.0,15.0,15.0,3.0,8.0
2023-9164,Zhuhai,Hard,32,250,O,20230920,25,N732,8.0,,Yoshihito Nishioka,L,170.0,JPN,27.981,46.0,1025.0,KC56,,,Aslan Karatsev,R,185.0,RUS,30.042,63.0,853.0,6-4 6-4,3,SF,119.0,3.0,2.0,70.0,48.0,31.0,13.0,10.0,2.0,4.0,8.0,5.0,59.0,33.0,24.0,9.0,10.0,3.0,7.0
2023-9164,Zhuhai,Hard,32,250,O,20230920,26,KE29,1.0,,Karen Khachanov,R,198.0,RUS,27.332,15.0,2135.0,K0AH,4.0,,Sebastian Korda,R,196.0,USA,23.209,33.0,1295.0,7-5 6-4,3,SF,110.0,4.0,2.0,61.0,36.0,30.0,12.0,11.0,4.0,6.0,9.0,5.0,70.0,40.0,27.0,13.0,11.0,5.0,9.0
2023-9164,Zhuhai,Hard,32,250,O,20230920,27,KE29,1.0,,Karen Khachanov,R,198.0,RUS,27.332,15.0,2135.0,N732,8.0,,Yoshihito Nishioka,L,170.0,JPN,27.981,46.0,1025.0,7-6(2) 6-1,3,F,102.0,9.0,3.0,61.0,39.0,30.0,12.0,10.0,5.0,6.0,2.0,0.0,62.0,31.0,17.0,15.0,9.0,5.0,8.0
2023-9410,Astana,Hard,32,250,I,20230925,1,R09X,,Q,Jurij Rodionov,L,191.0,AUT,24.361,107.0,572.0,BK24,,,Gregoire Barrere,R,183.0,FRA,29.604,63.0,858.0,2-6 6-4 7-6(5),3,R32,141.0,4.0,1.0,98.0,58.0,41.0,23.0,15.0,5.0,8.0,4.0,1.0,94.0,58.0,45.0,20.0,15.0,2.0,4.0
2023-9410,Astana,Hard,32,250,I,20230925,2,K0E6,,Q,Alibek Kachmazov,R,185.0,RUS,21.106,315.0,178.0,MW02,,,Corentin Moutet,L,180.0,FRA,24.435,119.0,508.0,6-3 7-6(5),3,R32,132.0,2.0,1.0,62.0,37.0,26.0,13.0,10.0,2.0,5.0,2.0,3.0,89.0,44.0,28.0,19.0,11.0,6.0,11.0
2023-9410,Astana,Hard,32,250,I,20230925,3,ME82,6.0,,Adrian Mannarino,L,180.0,FRA,35.239,34.0,1286.0,RC91,,,Arthur Rinderknech,R,196.0,FRA,28.175,66.0,826.0,7-6(4) 6-2,3,R32,116.0,1.0,3.0,78.0,47.0,34.0,17.0,10.0,6.0,7.0,6.0,2.0,68.0,39.0,26.0,14.0,10.0,6.0,9.0
2023-9410,Astana,Hard,32,250,I,20230925,4,O513,,,Sebastian Ofner,R,191.0,AUT,27.37,58.0,885.0,F724,,,Marton Fucsovics,R,188.0,HUN,31.628,57.0,898.0,2-6 6-2 6-3,3,R32,111.0,1.0,1.0,76.0,40.0,30.0,21.0,13.0,4.0,6.0,3.0,2.0,66.0,33.0,28.0,13.0,12.0,0.0,3.0
2023-9410,Astana,Hard,32,250,I,20230925,5,TB69,,,Dominic Thiem,R,185.0,AUT,30.059,81.0,731.0,V836,,,Juan Pablo Varillas,R,185.0,PER,27.97,67.0,825.0,6-3 7-6(8),3,R32,131.0,6.0,4.0,78.0,44.0,35.0,16.0,11.0,3.0,4.0,5.0,2.0,77.0,47.0,32.0,15.0,10.0,5.0,7.0
2023-9410,Astana,Hard,32,250,I,20230925,6,GC88,,,Marcos Giron,R,180.0,USA,30.171,82.0,720.0,W367,8.0,,Stan Wawrinka,R,183.0,SUI,38.494,47.0,982.0,6-7(6) 7-6(4) 7-6(6),3,R32,167.0,8.0,0.0,118.0,68.0,55.0,34.0,18.0,0.0,0.0,15.0,6.0,114.0,54.0,49.0,37.0,18.0,0.0,0.0
2023-9410,Astana,Hard,32,250,I,20230925,7,M0JF,,WC,Hamad Medjedovic,R,188.0,SRB,20.189,120.0,503.0,DB63,7.0,,Laslo Djere,R,188.0,SRB,28.315,37.0,1190.0,6-3 2-1 RET,3,R32,47.0,5.0,1.0,33.0,25.0,21.0,4.0,6.0,1.0,1.0,0.0,3.0,34.0,21.0,16.0,5.0,6.0,4.0,6.0
2023-9410,Astana,Hard,32,250,I,20230925,8,S0H2,,WC,Alexander Shevchenko,R,188.0,KAZ,22.82,85.0,697.0,V812,,,Botic van de Zandschulp,R,191.0,NED,27.975,68.0,825.0,6-4 6-3,3,R32,97.0,5.0,1.0,64.0,44.0,29.0,10.0,10.0,3.0,5.0,5.0,1.0,67.0,36.0,23.0,12.0,9.0,4.0,8.0
2023-9410,Astana,Hard,32,250,I,20230925,9,GC89,,Q,Egor Gerasimov,R,196.0,BLR,30.869,661.0,46.0,Z419,,,Bernabe Zapata Miralles,R,183.0,ESP,26.7,72.0,766.0,7-6(5) 6-3,3,R32,108.0,7.0,2.0,72.0,44.0,35.0,10.0,11.0,1.0,3.0,1.0,2.0,70.0,34.0,23.0,17.0,10.0,6.0,9.0
2023-9410,Astana,Hard,32,250,I,20230925,10,K0AH,5.0,,Sebastian Korda,R,196.0,USA,23.222,28.0,1340.0,P09Z,,,Alexei Popyrin,R,196.0,AUS,24.14,45.0,1030.0,7-6(5) 6-7(4) 6-4,3,R32,174.0,19.0,4.0,118.0,83.0,65.0,15.0,17.0,7.0,8.0,12.0,5.0,126.0,79.0,59.0,20.0,17.0,1.0,3.0
2023-9410,Astana,Hard,32,250,I,20230925,11,BT72,,,Nuno Borges,R,185.0,POR,26.595,86.0,694.0,K926,,WC,Mikhail Kukushkin,R,183.0,KAZ,35.748,246.0,250.0,5-7 7-6(6) 6-4,3,R32,170.0,5.0,3.0,114.0,84.0,57.0,19.0,17.0,2.0,4.0,4.0,3.0,109.0,70.0,50.0,23.0,17.0,5.0,7.0
2023-9410,Astana,Hard,32,250,I,20230925,12,SY67,,Q,Sho Shimabukuro,R,180.0,JPN,26.155,148.0,416.0,CF59,,,Roberto Carballes Baena,R,183.0,ESP,30.508,61.0,870.0,6-2 6-4,3,R32,89.0,4.0,1.0,52.0,31.0,26.0,9.0,9.0,0.0,1.0,4.0,7.0,74.0,39.0,24.0,15.0,9.0,3.0,7.0
2023-9410,Astana,Hard,32,250,I,20230925,13,R09X,,Q,Jurij Rodionov,L,191.0,AUT,24.361,107.0,572.0,B0BI,2.0,,Sebastian Baez,R,170.0,ARG,22.741,27.0,1375.0,6-2 6-4,3,R16,94.0,5.0,3.0,52.0,34.0,26.0,11.0,9.0,2.0,3.0,0.0,0.0,75.0,63.0,33.0,5.0,9.0,6.0,10.0
2023-9410,Astana,Hard,32,250,I,20230925,14,ME82,6.0,,Adrian Mannarino,L,180.0,FRA,35.239,34.0,1286.0,K0E6,,Q,Alibek Kachmazov,R,185.0,RUS,21.106,315.0,178.0,6-2 5-7 6-3,3,R16,139.0,2.0,3.0,94.0,55.0,35.0,19.0,14.0,5.0,10.0,9.0,3.0,88.0,49.0,32.0,14.0,15.0,5.0,13.0
2023-9410,Astana,Hard,32,250,I,20230925,15,O513,,,Sebastian Ofner,R,191.0,AUT,27.37,58.0,885.0,BK92,3.0,,Alexander Bublik,R,196.0,KAZ,26.272,35.0,1209.0,6-4 6-2,3,R16,70.0,5.0,1.0,57.0,32.0,25.0,16.0,9.0,2.0,2.0,2.0,4.0,52.0,31.0,22.0,9.0,9.0,3.0,6.0
2023-9410,Astana,Hard,32,250,I,20230925,16,TB69,,,Dominic Thiem,R,185.0,AUT,30.059,81.0,731.0,GC88,,,Marcos Giron,R,180.0,USA,30.171,82.0,720.0,6-3 4-6 7-6(2),3,R16,140.0,7.0,3.0,92.0,59.0,45.0,19.0,16.0,7.0,9.0,11.0,0.0,100.0,61.0,42.0,24.0,15.0,5.0,7.0
2023-9410,Astana,Hard,32,250,I,20230925,17,M0JF,,WC,Hamad Medjedovic,R,188.0,SRB,20.189,120.0,503.0,S0H2,,WC,Alexander Shevchenko,R,188.0,KAZ,22.82,85.0,697.0,6-4 6-4,3,R16,69.0,9.0,0.0,53.0,38.0,32.0,9.0,10.0,1.0,1.0,5.0,2.0,61.0,42.0,28.0,11.0,10.0,4.0,6.0
2023-9410,Astana,Hard,32,250,I,20230925,18,L0BV,4.0,,Jiri Lehecka,R,185.0,CZE,21.878,29.0,1338.0,GC89,,Q,Egor Gerasimov,R,196.0,BLR,30.869,661.0,46.0,6-2 7-6(3),3,R16,86.0,4.0,1.0,64.0,45.0,36.0,12.0,10.0,5.0,6.0,2.0,0.0,62.0,38.0,26.0,12.0,10.0,0.0,3.0
2023-9410,Astana,Hard,32,250,I,20230925,19,K0AH,5.0,,Sebastian Korda,R,196.0,USA,23.222,28.0,1340.0,BT72,,,Nuno Borges,R,185.0,POR,26.595,86.0,694.0,6-4 7-6(4),3,R16,84.0,12.0,2.0,62.0,37.0,30.0,18.0,11.0,2.0,3.0,3.0,0.0,65.0,43.0,29.0,14.0,11.0,1.0,3.0
2023-9410,Astana,Hard,32,250,I,20230925,20,GJ37,1.0,,Tallon Griekspoor,R,188.0,NED,27.231,24.0,1446.0,SY67,,Q,Sho Shimabukuro,R,180.0,JPN,26.155,148.0,416.0,7-6(5) 6-7(4) 6-1,3,R16,133.0,17.0,2.0,89.0,58.0,50.0,17.0,15.0,2.0,2.0,5.0,9.0,107.0,57.0,43.0,24.0,16.0,3.0,6.0
2023-9410,Astana,Hard,32,250,I,20230925,21,ME82,6.0,,Adrian Mannarino,L,180.0,FRA,35.239,34.0,1286.0,R09X,,Q,Jurij Rodionov,L,191.0,AUT,24.361,107.0,572.0,6-1 7-6(6),3,QF,104.0,3.0,5.0,71.0,38.0,28.0,17.0,10.0,8.0,10.0,3.0,1.0,61.0,35.0,22.0,11.0,9.0,0.0,4.0
2023-9410,Astana,Hard,32,250,I,20230925,22,O513,,,Sebastian Ofner,R,191.0,AUT,27.37,58.0,885.0,TB69,,,Dominic Thiem,R,185.0,AUT,30.059,81.0,731.0,5-7 6-4 6-2,3,QF,146.0,4.0,2.0,82.0,53.0,45.0,16.0,15.0,2.0,3.0,5.0,2.0,108.0,71.0,48.0,18.0,15.0,12.0,15.0
2023-9410,Astana,Hard,32,250,I,20230925,23,M0JF,,WC,Hamad Medjedovic,R,188.0,SRB,20.189,120.0,503.0,L0BV,4.0,,Jiri Lehecka,R,185.0,CZE,21.878,29.0,1338.0,6-3 6-4,3,QF,75.0,7.0,2.0,72.0,49.0,35.0,13.0,10.0,4.0,4.0,4.0,3.0,50.0,38.0,27.0,6.0,9.0,0.0,2.0
2023-9410,Astana,Hard,32,250,I,20230925,24,K0AH,5.0,,Sebastian Korda,R,196.0,USA,23.222,28.0,1340.0,GJ37,1.0,,Tallon Griekspoor,R,188.0,NED,27.231,24.0,1446.0,6-4 4-6 6-3,3,QF,101.0,12.0,2.0,82.0,54.0,40.0,20.0,15.0,2.0,3.0,11.0,5.0,77.0,47.0,40.0,16.0,14.0,5.0,7.0
2023-9410,Astana,Hard,32,250,I,20230925,25,ME82,6.0,,Adrian Mannarino,L,180.0,FRA,35.239,34.0,1286.0,O513,,,Sebastian Ofner,R,191.0,AUT,27.37,58.0,885.0,6-4 6-2,3,SF,70.0,6.0,3.0,53.0,32.0,24.0,11.0,9.0,1.0,2.0,4.0,3.0,49.0,25.0,18.0,8.0,9.0,0.0,4.0
2023-9410,Astana,Hard,32,250,I,20230925,26,K0AH,5.0,,Sebastian Korda,R,196.0,USA,23.222,28.0,1340.0,M0JF,,WC,Hamad Medjedovic,R,188.0,SRB,20.189,120.0,503.0,6-7(8) 7-6(2) 7-6(3),3,SF,172.0,18.0,1.0,114.0,76.0,66.0,23.0,18.0,2.0,2.0,16.0,1.0,121.0,80.0,60.0,27.0,18.0,3.0,3.0
2023-9410,Astana,Hard,32,250,I,20230925,27,ME82,6.0,,Adrian Mannarino,L,180.0,FRA,35.239,34.0,1286.0,K0AH,5.0,,Sebastian Korda,R,196.0,USA,23.222,28.0,1340.0,4-6 6-3 6-2,3,F,129.0,5.0,7.0,89.0,48.0,34.0,23.0,14.0,2.0,4.0,9.0,2.0,77.0,48.0,30.0,15.0,13.0,4.0,8.0
2023-747,Beijing,Hard,32,500,O,20230927,1,MM58,2.0,,Daniil Medvedev,R,198.0,RUS,27.625,3.0,7280.0,PL56,,,Tommy Paul,R,185.0,USA,26.363,13.0,2660.0,6-2 6-1,3,R32,80.0,9.0,3.0,50.0,34.0,29.0,7.0,8.0,3.0,4.0,0.0,2.0,53.0,32.0,15.0,8.0,7.0,6.0,11.0
2023-747,Beijing,Hard,32,500,O,20230927,2,DH58,,,Alex de Minaur,R,183.0,AUS,24.608,12.0,2685.0,MC10,,,Andy Murray,R,191.0,GBR,36.37,40.0,1085.0,6-3 5-7 7-6(6),3,R32,171.0,8.0,0.0,107.0,60.0,46.0,29.0,17.0,4.0,7.0,3.0,0.0,101.0,59.0,46.0,19.0,16.0,6.0,9.0
2023-747,Beijing,Hard,32,500,O,20230927,3,HH26,,,Ugo Humbert,L,188.0,FRA,25.254,36.0,1198.0,SU87,,,Lorenzo Sonego,R,191.0,ITA,28.381,56.0,900.0,7-5 3-6 6-0,3,R32,145.0,2.0,3.0,80.0,45.0,34.0,17.0,13.0,3.0,5.0,2.0,3.0,88.0,51.0,30.0,21.0,14.0,7.0,12.0
2023-747,Beijing,Hard,32,500,O,20230927,4,RE44,5.0,,Andrey Rublev,R,188.0,RUS,25.936,6.0,4515.0,N771,,,Cameron Norrie,L,188.0,GBR,28.096,16.0,2020.0,4-6 6-1 6-4,3,R32,127.0,8.0,2.0,88.0,52.0,45.0,15.0,14.0,4.0,5.0,3.0,3.0,92.0,54.0,39.0,16.0,13.0,6.0,9.0
2023-747,Beijing,Hard,32,500,O,20230927,5,J551,,,Nicolas Jarry,R,201.0,CHI,27.962,23.0,1494.0,TE51,4.0,,Stefanos Tsitsipas,R,193.0,GRE,25.125,5.0,4615.0,6-4 6-4,3,R32,90.0,9.0,3.0,61.0,35.0,29.0,15.0,10.0,2.0,2.0,6.0,3.0,55.0,34.0,29.0,8.0,10.0,2.0,4.0
2023-747,Beijing,Hard,32,500,O,20230927,6,A0FC,,Q,Matteo Arnaldi,R,185.0,ITA,22.593,48.0,980.0,W09G,,Q,J.J. Wolf,R,183.0,USA,24.767,51.0,945.0,6-2 6-2,3,R32,79.0,4.0,3.0,41.0,21.0,17.0,15.0,8.0,0.0,0.0,3.0,1.0,56.0,28.0,18.0,11.0,8.0,2.0,6.0
2023-747,Beijing,Hard,32,500,O,20230927,7,DH50,,,Alejandro Davidovich Fokina,R,180.0,ESP,24.312,25.0,1435.0,Z0CQ,,WC,Yi Zhou,R,193.0,CHN,18.538,905.0,18.0,6-2 6-2,3,R32,70.0,6.0,0.0,38.0,22.0,18.0,13.0,8.0,0.0,1.0,2.0,1.0,69.0,44.0,22.0,12.0,8.0,4.0,9.0
2023-747,Beijing,Hard,32,500,O,20230927,8,Z355,8.0,,Alexander Zverev,R,198.0,GER,26.437,10.0,3280.0,SM37,,,Diego Schwartzman,R,170.0,ARG,31.113,133.0,451.0,6-7(2) 6-1 6-4,3,R32,146.0,7.0,2.0,86.0,66.0,47.0,10.0,15.0,1.0,3.0,0.0,1.0,86.0,61.0,40.0,10.0,14.0,5.0,10.0
2023-747,Beijing,Hard,32,500,O,20230927,9,S0AG,6.0,,Jannik Sinner,R,191.0,ITA,22.114,7.0,4465.0,E687,,,Daniel Evans,R,175.0,GBR,33.347,33.0,1301.0,6-4 6-7(2) 6-3,3,R32,170.0,11.0,2.0,100.0,55.0,37.0,28.0,16.0,2.0,4.0,2.0,2.0,100.0,50.0,32.0,29.0,15.0,2.0,6.0
2023-747,Beijing,Hard,32,500,O,20230927,10,N732,,SE,Yoshihito Nishioka,L,170.0,JPN,28.0,38.0,1175.0,S0RE,,WC,Juncheng Shang,L,180.0,CHN,18.648,160.0,397.0,5-7 7-5 6-1,3,R32,141.0,2.0,0.0,89.0,53.0,37.0,20.0,16.0,2.0,6.0,1.0,3.0,96.0,67.0,36.0,16.0,15.0,7.0,13.0
2023-747,Beijing,Hard,32,500,O,20230927,11,D875,,,Grigor Dimitrov,R,191.0,BUL,32.367,19.0,1815.0,MK66,,WC,Mackenzie McDonald,R,178.0,USA,28.449,39.0,1145.0,2-6 7-6(4) 6-1,3,R32,129.0,6.0,4.0,84.0,57.0,36.0,14.0,13.0,3.0,7.0,2.0,1.0,88.0,52.0,30.0,17.0,14.0,3.0,8.0
2023-747,Beijing,Hard,32,500,O,20230927,12,R0DG,3.0,,Holger Rune,R,188.0,DEN,20.413,4.0,4710.0,AG37,,,Felix Auger-Aliassime,R,193.0,CAN,23.135,15.0,2340.0,6-4 6-4,3,R32,83.0,7.0,1.0,52.0,32.0,28.0,13.0,10.0,0.0,0.0,4.0,3.0,56.0,39.0,27.0,9.0,10.0,2.0,4.0
2023-747,Beijing,Hard,32,500,O,20230927,13,RH16,7.0,,Casper Ruud,R,183.0,NOR,24.764,9.0,3560.0,SL28,,,Jan-Lennard Struff,R,193.0,GER,33.424,22.0,1494.0,7-6(5) 6-3,3,R32,104.0,8.0,3.0,75.0,48.0,35.0,15.0,10.0,5.0,6.0,6.0,5.0,84.0,44.0,28.0,22.0,11.0,6.0,9.0
2023-747,Beijing,Hard,32,500,O,20230927,14,EA24,,,Tomas Martin Etcheverry,R,196.0,ARG,24.194,31.0,1316.0,HG86,,Q,Lloyd Harris,R,193.0,RSA,26.587,149.0,412.0,6-7(5) 7-6(4) 6-3,3,R32,172.0,9.0,1.0,106.0,66.0,55.0,24.0,17.0,1.0,1.0,12.0,6.0,106.0,62.0,50.0,24.0,16.0,1.0,2.0
2023-747,Beijing,Hard,32,500,O,20230927,15,M0EJ,,,Lorenzo Musetti,R,185.0,ITA,21.569,18.0,1970.0,KE29,,,Karen Khachanov,R,198.0,RUS,27.351,14.0,2385.0,6-3 1-6 6-2,3,R32,116.0,5.0,4.0,79.0,46.0,30.0,17.0,12.0,2.0,5.0,2.0,2.0,70.0,46.0,33.0,10.0,12.0,1.0,5.0
2023-747,Beijing,Hard,32,500,O,20230927,16,A0E2,1.0,,Carlos Alcaraz,R,183.0,ESP,20.397,2.0,8535.0,H997,,Q,Yannick Hanfmann,R,193.0,GER,31.871,53.0,923.0,6-4 6-3,3,R32,97.0,2.0,4.0,47.0,30.0,24.0,8.0,9.0,1.0,3.0,1.0,3.0,79.0,50.0,31.0,10.0,10.0,11.0,16.0
2023-747,Beijing,Hard,32,500,O,20230927,17,MM58,2.0,,Daniil Medvedev,R,198.0,RUS,27.625,3.0,7280.0,DH58,,,Alex de Minaur,R,183.0,AUS,24.608,12.0,2685.0,7-6(3) 6-3,3,R16,117.0,3.0,8.0,74.0,47.0,35.0,11.0,11.0,1.0,3.0,5.0,2.0,83.0,43.0,27.0,19.0,10.0,6.0,9.0
2023-747,Beijing,Hard,32,500,O,20230927,18,HH26,,,Ugo Humbert,L,188.0,FRA,25.254,36.0,1198.0,RE44,5.0,,Andrey Rublev,R,188.0,RUS,25.936,6.0,4515.0,5-7 6-3 7-6(3),3,R16,168.0,11.0,1.0,131.0,73.0,52.0,25.0,17.0,10.0,15.0,6.0,2.0,103.0,57.0,38.0,22.0,16.0,5.0,10.0
2023-747,Beijing,Hard,32,500,O,20230927,19,J551,,,Nicolas Jarry,R,201.0,CHI,27.962,23.0,1494.0,A0FC,,Q,Matteo Arnaldi,R,185.0,ITA,22.593,48.0,980.0,6-7(4) 7-6(4) 6-3,3,R16,178.0,12.0,2.0,108.0,78.0,57.0,15.0,17.0,5.0,7.0,9.0,5.0,111.0,68.0,48.0,22.0,16.0,6.0,9.0
2023-747,Beijing,Hard,32,500,O,20230927,20,Z355,8.0,,Alexander Zverev,R,198.0,GER,26.437,10.0,3280.0,DH50,,,Alejandro Davidovich Fokina,R,180.0,ESP,24.312,25.0,1435.0,6-7(4) 6-2 6-1,3,R16,154.0,9.0,1.0,90.0,69.0,42.0,13.0,13.0,3.0,6.0,4.0,1.0,103.0,69.0,36.0,15.0,14.0,10.0,18.0
2023-747,Beijing,Hard,32,500,O,20230927,21,S0AG,6.0,,Jannik Sinner,R,191.0,ITA,22.114,7.0,4465.0,N732,,SE,Yoshihito Nishioka,L,170.0,JPN,28.0,38.0,1175.0,6-2 6-0,3,R16,67.0,8.0,1.0,43.0,21.0,19.0,11.0,7.0,1.0,2.0,0.0,1.0,51.0,33.0,13.0,8.0,7.0,5.0,11.0
2023-747,Beijing,Hard,32,500,O,20230927,22,D875,,,Grigor Dimitrov,R,191.0,BUL,32.367,19.0,1815.0,R0DG,3.0,,Holger Rune,R,188.0,DEN,20.413,4.0,4710.0,6-3 7-5,3,R16,92.0,5.0,1.0,55.0,33.0,26.0,13.0,10.0,1.0,2.0,3.0,3.0,74.0,48.0,32.0,9.0,11.0,7.0,11.0
2023-747,Beijing,Hard,32,500,O,20230927,23,RH16,7.0,,Casper Ruud,R,183.0,NOR,24.764,9.0,3560.0,EA24,,,Tomas Martin Etcheverry,R,196.0,ARG,24.194,31.0,1316.0,1-6 7-5 7-6(7),3,R16,177.0,8.0,7.0,109.0,63.0,40.0,24.0,16.0,6.0,11.0,8.0,2.0,100.0,52.0,40.0,24.0,15.0,7.0,10.0
2023-747,Beijing,Hard,32,500,O,20230927,24,A0E2,1.0,,Carlos Alcaraz,R,183.0,ESP,20.397,2.0,8535.0,M0EJ,,,Lorenzo Musetti,R,185.0,ITA,21.569,18.0,1970.0,6-2 6-2,3,R16,81.0,1.0,3.0,53.0,36.0,24.0,11.0,8.0,3.0,3.0,2.0,1.0,42.0,22.0,15.0,7.0,8.0,1.0,5.0
2023-747,Beijing,Hard,32,500,O,20230927,25,MM58,2.0,,Daniil Medvedev,R,198.0,RUS,27.625,3.0,7280.0,HH26,,,Ugo Humbert,L,188.0,FRA,25.254,36.0,1198.0,6-4 3-6 6-1,3,QF,126.0,7.0,9.0,82.0,54.0,37.0,13.0,13.0,1.0,5.0,0.0,5.0,81.0,45.0,25.0,17.0,13.0,6.0,12.0
2023-747,Beijing,Hard,32,500,O,20230927,26,Z355,8.0,,Alexander Zverev,R,198.0,GER,26.437,10.0,3280.0,J551,,,Nicolas Jarry,R,201.0,CHI,27.962,23.0,1494.0,6-1 6-7(5) 6-3,3,QF,138.0,13.0,1.0,98.0,83.0,64.0,7.0,15.0,1.0,1.0,8.0,0.0,75.0,45.0,36.0,13.0,13.0,1.0,4.0
2023-747,Beijing,Hard,32,500,O,20230927,27,S0AG,6.0,,Jannik Sinner,R,191.0,ITA,22.114,7.0,4465.0,D875,,,Grigor Dimitrov,R,191.0,BUL,32.367,19.0,1815.0,6-4 3-6 6-2,3,QF,151.0,3.0,1.0,85.0,50.0,34.0,23.0,13.0,7.0,8.0,2.0,3.0,97.0,57.0,40.0,20.0,14.0,12.0,15.0
2023-747,Beijing,Hard,32,500,O,20230927,28,A0E2,1.0,,Carlos Alcaraz,R,183.0,ESP,20.397,2.0,8535.0,RH16,7.0,,Casper Ruud,R,183.0,NOR,24.764,9.0,3560.0,6-4 6-2,3,QF,104.0,6.0,1.0,55.0,38.0,27.0,11.0,9.0,1.0,2.0,1.0,4.0,77.0,50.0,31.0,8.0,9.0,11.0,15.0
2023-747,Beijing,Hard,32,500,O,20230927,29,MM58,2.0,,Daniil Medvedev,R,198.0,RUS,27.625,3.0,7280.0,Z355,8.0,,Alexander Zverev,R,198.0,GER,26.437,10.0,3280.0,6-4 6-3,3,SF,85.0,8.0,1.0,57.0,41.0,33.0,11.0,10.0,4.0,4.0,1.0,1.0,51.0,38.0,27.0,6.0,9.0,2.0,4.0
2023-747,Beijing,Hard,32,500,O,20230927,30,S0AG,6.0,,Jannik Sinner,R,191.0,ITA,22.114,7.0,4465.0,A0E2,1.0,,Carlos Alcaraz,R,183.0,ESP,20.397,2.0,8535.0,7-6(4) 6-1,3,SF,115.0,1.0,0.0,75.0,44.0,29.0,15.0,9.0,7.0,9.0,4.0,0.0,63.0,45.0,27.0,5.0,10.0,3.0,8.0
2023-747,Beijing,Hard,32,500,O,20230927,31,S0AG,6.0,,Jannik Sinner,R,191.0,ITA,22.114,7.0,4465.0,MM58,2.0,,Daniil Medvedev,R,198.0,RUS,27.625,3.0,7280.0,7-6(2) 7-6(2),3,F,121.0,3.0,0.0,75.0,51.0,42.0,17.0,12.0,1.0,1.0,6.0,4.0,78.0,57.0,43.0,11.0,12.0,5.0,5.0
2023-5014,Shanghai Masters,Hard,128,M,O,20231002,1,GD64,,,Cristian Garin,R,185.0,CHI,27.34,98.0,626.0,K0AZ,,Q,Aleksandar Kovacevic,R,183.0,USA,25.092,146.0,422.0,6-4 7-6(10),3,R128,114.0,6.0,0.0,76.0,50.0,37.0,16.0,11.0,2.0,3.0,1.0,1.0,76.0,53.0,36.0,13.0,11.0,2.0,4.0
2023-5014,Shanghai Masters,Hard,128,M,O,20231002,2,Y09V,,WC,Yunchaokete Bu,R,185.0,CHN,21.7,186.0,331.0,KI95,,,Miomir Kecmanovic,R,183.0,SRB,24.088,45.0,1010.0,6-7(6) 6-2 2-1 RET,3,R128,140.0,17.0,1.0,74.0,43.0,36.0,15.0,11.0,3.0,4.0,10.0,3.0,86.0,61.0,39.0,10.0,12.0,3.0,7.0
2023-5014,Shanghai Masters,Hard,128,M,O,20231002,3,MK66,,,Mackenzie McDonald,R,178.0,USA,28.463,38.0,1120.0,MW02,,,Corentin Moutet,L,180.0,FRA,24.454,119.0,497.0,6-2 6-3,3,R128,83.0,0.0,2.0,63.0,43.0,34.0,10.0,9.0,4.0,4.0,0.0,0.0,51.0,41.0,23.0,5.0,8.0,0.0,3.0
2023-5014,Shanghai Masters,Hard,128,M,O,20231002,4,F724,,,Marton Fucsovics,R,188.0,HUN,31.647,57.0,887.0,Y171,,Q,Denis Yevseyev,R,188.0,KAZ,30.363,260.0,229.0,6-4 6-2,3,R128,86.0,1.0,1.0,54.0,32.0,23.0,16.0,9.0,2.0,2.0,1.0,1.0,47.0,28.0,20.0,10.0,9.0,2.0,5.0
2023-5014,Shanghai Masters,Hard,128,M,O,20231002,5,SX50,,,Roman Safiullin,R,185.0,RUS,26.152,50.0,962.0,MC10,,,Andy Murray,R,191.0,GBR,36.383,39.0,1085.0,6-3 6-2,3,R128,99.0,4.0,3.0,64.0,41.0,28.0,11.0,8.0,6.0,7.0,2.0,5.0,63.0,32.0,23.0,9.0,9.0,3.0,8.0
2023-5014,Shanghai Masters,Hard,128,M,O,20231002,6,MU94,,,Jaume Munar,R,183.0,ESP,26.409,82.0,721.0,TG30,,WC,Rigele Te,R,188.0,CHN,25.979,489.0,82.0,6-2 6-4,3,R128,86.0,11.0,0.0,48.0,38.0,30.0,6.0,9.0,0.0,0.0,4.0,3.0,65.0,36.0,21.0,17.0,9.0,7.0,10.0
2023-5014,Shanghai Masters,Hard,128,M,O,20231002,7,S0IA,,Q,Dane Sweeny,R,170.0,AUS,22.634,273.0,214.0,DA81,,,Taro Daniel,R,191.0,JPN,30.678,97.0,629.0,6-2 6-3,3,R128,96.0,1.0,0.0,66.0,37.0,24.0,17.0,9.0,5.0,6.0,3.0,2.0,47.0,24.0,13.0,12.0,8.0,1.0,5.0
2023-5014,Shanghai Masters,Hard,128,M,O,20231002,8,GC88,,,Marcos Giron,R,180.0,USA,30.19,80.0,730.0,GE33,,,Daniel Elahi Galan,R,191.0,COL,27.288,90.0,664.0,6-4 6-2,3,R128,69.0,5.0,1.0,48.0,29.0,25.0,13.0,9.0,2.0,2.0,5.0,0.0,51.0,39.0,25.0,6.0,9.0,0.0,3.0
2023-5014,Shanghai Masters,Hard,128,M,O,20231002,9,N0AE,,,Brandon Nakashima,R,188.0,USA,22.163,122.0,495.0,Z419,,,Bernabe Zapata Miralles,R,183.0,ESP,26.719,70.0,766.0,6-1 7-6(3),3,R128,94.0,9.0,1.0,54.0,37.0,35.0,9.0,10.0,0.0,0.0,0.0,1.0,53.0,31.0,23.0,9.0,9.0,0.0,2.0
2023-5014,Shanghai Masters,Hard,128,M,O,20231002,10,Z371,,,Zhizhen Zhang,R,193.0,CHN,26.96,60.0,872.0,G628,,,Richard Gasquet,R,183.0,FRA,37.29,63.0,860.0,6-1 6-2,3,R128,54.0,11.0,1.0,33.0,23.0,22.0,6.0,7.0,0.0,0.0,0.0,3.0,55.0,38.0,17.0,7.0,8.0,6.0,11.0
2023-5014,Shanghai Masters,Hard,128,M,O,20231002,11,H09F,,Q,Yu Hsiou Hsu,R,178.0,TPE,24.501,184.0,338.0,PH71,,,Max Purcell,R,185.0,AUS,25.498,41.0,1047.0,7-6(5) 4-6 6-4,3,R128,168.0,3.0,7.0,123.0,76.0,45.0,20.0,16.0,8.0,15.0,11.0,3.0,104.0,63.0,44.0,13.0,16.0,9.0,16.0
2023-5014,Shanghai Masters,Hard,128,M,O,20231002,12,KD46,,,Thanasi Kokkinakis,R,193.0,AUS,27.477,69.0,766.0,F510,,WC,Fabio Fognini,R,178.0,ITA,36.359,128.0,474.0,6-2 6-4,3,R128,79.0,6.0,2.0,53.0,37.0,31.0,8.0,9.0,2.0,2.0,2.0,3.0,54.0,39.0,26.0,7.0,9.0,2.0,5.0
2023-5014,Shanghai Masters,Hard,128,M,O,20231002,13,M0CI,,,Fabian Marozsan,R,193.0,HUN,23.984,91.0,662.0,RC91,,,Arthur Rinderknech,R,196.0,FRA,28.194,68.0,791.0,7-6(6) 6-2,3,R128,83.0,1.0,2.0,61.0,42.0,35.0,11.0,10.0,0.0,0.0,2.0,3.0,63.0,41.0,33.0,9.0,10.0,2.0,4.0
2023-5014,Shanghai Masters,Hard,128,M,O,20231002,14,L987,,,Dusan Lajovic,R,183.0,SRB,33.257,55.0,913.0,W367,,,Stan Wawrinka,R,183.0,SUI,38.513,46.0,982.0,6-4 7-6(7),3,R128,113.0,6.0,1.0,72.0,50.0,36.0,11.0,11.0,2.0,5.0,10.0,1.0,75.0,46.0,35.0,10.0,11.0,4.0,8.0
2023-5014,Shanghai Masters,Hard,128,M,O,20231002,15,H997,,,Yannick Hanfmann,R,193.0,GER,31.885,53.0,933.0,D994,,Q,James Duckworth,R,183.0,AUS,31.696,139.0,438.0,6-4 6-7(10) 6-3,3,R128,147.0,12.0,1.0,93.0,68.0,57.0,16.0,16.0,1.0,1.0,10.0,1.0,99.0,63.0,48.0,22.0,15.0,5.0,7.0
2023-5014,Shanghai Masters,Hard,128,M,O,20231002,16,N732,,,Yoshihito Nishioka,L,170.0,JPN,28.014,48.0,970.0,AE14,,,Daniel Altmaier,R,188.0,GER,25.054,47.0,971.0,6-4 3-6 7-6(2),3,R128,173.0,1.0,0.0,91.0,60.0,44.0,21.0,15.0,4.0,5.0,15.0,2.0,92.0,60.0,47.0,19.0,16.0,1.0,2.0
2023-5014,Shanghai Masters,Hard,128,M,O,20231002,17,HB64,,,Quentin Halys,R,191.0,FRA,26.932,76.0,740.0,KC56,,,Aslan Karatsev,R,185.0,RUS,30.075,52.0,943.0,7-6(4) 3-6 6-2,3,R128,127.0,5.0,6.0,86.0,45.0,35.0,23.0,14.0,5.0,7.0,8.0,5.0,95.0,57.0,46.0,16.0,15.0,5.0,8.0
2023-5014,Shanghai Masters,Hard,128,M,O,20231002,18,T0AP,,Q,Chun-Hsin Tseng,R,175.0,TPE,22.149,380.0,129.0,S0H2,,,Alexander Shevchenko,R,188.0,KAZ,22.839,84.0,709.0,3-6 6-3 6-2,3,R128,111.0,3.0,3.0,79.0,49.0,36.0,16.0,13.0,3.0,5.0,2.0,3.0,70.0,37.0,26.0,17.0,13.0,2.0,6.0
2023-5014,Shanghai Masters,Hard,128,M,O,20231002,19,F0F1,,,Arthur Fils,R,185.0,FRA,19.305,44.0,1020.0,K09F,,,Pavel Kotov,R,191.0,RUS,24.871,103.0,610.0,6-1 6-4,3,R128,77.0,5.0,5.0,55.0,32.0,26.0,10.0,9.0,0.0,1.0,3.0,1.0,53.0,38.0,19.0,9.0,8.0,6.0,10.0
2023-5014,Shanghai Masters,Hard,128,M,O,20231002,20,O513,,,Sebastian Ofner,R,191.0,AUT,27.389,49.0,967.0,V836,,,Juan Pablo Varillas,R,185.0,PER,27.989,65.0,825.0,7-6(3) 7-6(6),3,R128,125.0,12.0,2.0,87.0,50.0,41.0,18.0,12.0,3.0,5.0,6.0,0.0,95.0,62.0,45.0,14.0,12.0,2.0,4.0
2023-5014,Shanghai Masters,Hard,128,M,O,20231002,21,W09G,,,J.J. Wolf,R,183.0,USA,24.78,51.0,955.0,CG04,,,Pedro Cachin,R,185.0,ARG,28.474,71.0,757.0,3-6 6-3 6-4,3,R128,124.0,12.0,3.0,91.0,49.0,42.0,19.0,14.0,7.0,9.0,7.0,4.0,82.0,56.0,41.0,11.0,14.0,2.0,5.0
2023-5014,Shanghai Masters,Hard,128,M,O,20231002,22,A0FC,,,Matteo Arnaldi,R,185.0,ITA,22.606,42.0,1037.0,P09Z,,,Alexei Popyrin,R,196.0,AUS,24.159,43.0,1030.0,4-6 6-3 6-4,3,R128,134.0,2.0,2.0,89.0,45.0,34.0,23.0,15.0,2.0,5.0,6.0,1.0,85.0,55.0,37.0,14.0,14.0,4.0,8.0
2023-5014,Shanghai Masters,Hard,128,M,O,20231002,23,V812,,,Botic van de Zandschulp,R,191.0,NED,27.995,67.0,805.0,O483,,,Christopher O'Connell,R,183.0,AUS,29.331,58.0,885.0,6-2 6-7(2) 6-4,3,R128,136.0,10.0,2.0,83.0,63.0,48.0,13.0,15.0,2.0,4.0,4.0,1.0,97.0,64.0,47.0,10.0,15.0,4.0,9.0
2023-5014,Shanghai Masters,Hard,128,M,O,20231002,24,H0BH,,Q,Rinky Hijikata,R,178.0,AUS,22.604,75.0,747.0,DB63,,,Laslo Djere,R,188.0,SRB,28.334,36.0,1190.0,7-6(4) 7-5,3,R128,137.0,2.0,3.0,96.0,61.0,48.0,16.0,12.0,7.0,8.0,7.0,5.0,86.0,54.0,38.0,17.0,12.0,3.0,5.0
2023-5014,Shanghai Masters,Hard,128,M,O,20231002,25,WB08,,,Yosuke Watanuki,R,180.0,JPN,25.473,79.0,731.0,S0RE,,WC,Juncheng Shang,L,180.0,CHN,18.661,156.0,397.0,7-6(7) 4-6 6-4,3,R128,177.0,13.0,4.0,103.0,59.0,43.0,26.0,16.0,7.0,10.0,2.0,1.0,125.0,78.0,50.0,27.0,16.0,9.0,12.0
2023-5014,Shanghai Masters,Hard,128,M,O,20231002,26,SM37,,WC,Diego Schwartzman,R,170.0,ARG,31.127,130.0,451.0,V0DZ,,,Luca Van Assche,R,178.0,FRA,19.392,66.0,816.0,5-7 6-3 6-2,3,R128,168.0,0.0,2.0,114.0,76.0,46.0,18.0,15.0,13.0,18.0,8.0,2.0,79.0,52.0,27.0,14.0,14.0,3.0,10.0
2023-5014,Shanghai Masters,Hard,128,M,O,20231002,27,A0GC,,Q,Terence Atmane,L,193.0,FRA,21.728,148.0,417.0,TC61,,,Jordan Thompson,R,183.0,AUS,29.451,62.0,867.0,6-3 3-6 6-1,3,R128,94.0,7.0,4.0,70.0,43.0,31.0,16.0,13.0,5.0,7.0,5.0,0.0,61.0,44.0,30.0,7.0,12.0,2.0,6.0
2023-5014,Shanghai Masters,Hard,128,M,O,20231002,28,SU87,,,Lorenzo Sonego,R,191.0,ITA,28.394,59.0,880.0,S0TI,,Q,Philip Sekulic,R,191.0,AUS,20.074,298.0,189.0,6-3 6-2,3,R128,87.0,13.0,0.0,59.0,38.0,31.0,11.0,9.0,4.0,4.0,0.0,0.0,51.0,36.0,22.0,6.0,8.0,5.0,8.0
2023-5014,Shanghai Masters,Hard,128,M,O,20231002,29,Z09Z,,Q,Beibit Zhukayev,R,198.0,KAZ,22.971,302.0,186.0,N679,,Q,Stefano Napolitano,R,196.0,ITA,28.476,252.0,238.0,7-5 7-5,3,R128,114.0,6.0,2.0,67.0,44.0,36.0,15.0,12.0,3.0,3.0,9.0,4.0,89.0,58.0,39.0,17.0,12.0,10.0,12.0
2023-5014,Shanghai Masters,Hard,128,M,O,20231002,30,V832,,,Aleksandar Vukic,R,188.0,AUS,27.488,54.0,918.0,CF59,,,Roberto Carballes Baena,R,183.0,ESP,30.527,61.0,870.0,6-4 7-6(7),3,R128,134.0,9.0,0.0,64.0,37.0,32.0,16.0,11.0,0.0,1.0,2.0,2.0,91.0,52.0,35.0,21.0,11.0,4.0,6.0
2023-5014,Shanghai Masters,Hard,128,M,O,20231002,31,K926,,Q,Mikhail Kukushkin,R,183.0,KAZ,35.767,245.0,250.0,MP20,,,Alexandre Muller,R,183.0,FRA,26.664,81.0,726.0,6-7(6) 6-3 6-2,3,R128,160.0,0.0,1.0,108.0,78.0,50.0,21.0,15.0,7.0,8.0,10.0,1.0,94.0,57.0,43.0,14.0,14.0,0.0,4.0
2023-5014,Shanghai Masters,Hard,128,M,O,20231002,32,BK24,,,Gregoire Barrere,R,183.0,FRA,29.624,73.0,753.0,BT72,,,Nuno Borges,R,185.0,POR,26.615,85.0,694.0,6-2 6-2,3,R128,62.0,2.0,2.0,53.0,38.0,28.0,10.0,8.0,7.0,7.0,0.0,1.0,43.0,27.0,17.0,6.0,8.0,2.0,6.0
2023-5014,Shanghai Masters,Hard,128,M,O,20231002,33,MM58,2.0,,Daniil Medvedev,R,198.0,RUS,27.639,3.0,7490.0,GD64,,,Cristian Garin,R,185.0,CHI,27.34,98.0,626.0,6-3 6-3,3,R64,91.0,7.0,6.0,55.0,36.0,29.0,7.0,9.0,7.0,9.0,4.0,3.0,61.0,38.0,26.0,5.0,9.0,4.0,9.0
2023-5014,Shanghai Masters,Hard,128,M,O,20231002,34,K0AH,26.0,,Sebastian Korda,R,196.0,USA,23.242,26.0,1470.0,Y09V,,WC,Yunchaokete Bu,R,185.0,CHN,21.7,186.0,331.0,6-1 6-4,3,R64,72.0,9.0,2.0,58.0,35.0,28.0,12.0,9.0,0.0,0.0,1.0,2.0,47.0,30.0,20.0,7.0,8.0,3.0,6.0
2023-5014,Shanghai Masters,Hard,128,M,O,20231002,35,C0AU,20.0,,Francisco Cerundolo,R,185.0,ARG,25.136,21.0,1635.0,MK66,,,Mackenzie McDonald,R,178.0,USA,28.463,38.0,1120.0,7-6(4) 7-6(5),3,R64,133.0,3.0,4.0,91.0,55.0,42.0,15.0,12.0,1.0,3.0,5.0,0.0,91.0,65.0,47.0,12.0,12.0,8.0,10.0
2023-5014,Shanghai Masters,Hard,128,M,O,20231002,36,F724,,,Marton Fucsovics,R,188.0,HUN,31.647,57.0,887.0,AG37,14.0,,Felix Auger-Aliassime,R,193.0,CAN,23.149,15.0,2340.0,7-6(3) 4-6 6-3,3,R64,202.0,5.0,5.0,133.0,69.0,43.0,38.0,16.0,9.0,12.0,8.0,6.0,94.0,62.0,48.0,11.0,15.0,1.0,4.0
2023-5014,Shanghai Masters,Hard,128,M,O,20231002,37,SX50,,,Roman Safiullin,R,185.0,RUS,26.152,50.0,962.0,Z355,9.0,,Alexander Zverev,R,198.0,GER,26.45,10.0,3460.0,6-3 6-1,3,R64,74.0,7.0,0.0,47.0,28.0,25.0,10.0,8.0,1.0,1.0,7.0,0.0,55.0,42.0,20.0,8.0,8.0,2.0,6.0
2023-5014,Shanghai Masters,Hard,128,M,O,20231002,38,S0S1,19.0,,Ben Shelton,L,193.0,USA,20.98,20.0,1735.0,MU94,,,Jaume Munar,R,183.0,ESP,26.409,82.0,721.0,6-4 6-4,3,R64,95.0,3.0,3.0,62.0,47.0,37.0,8.0,10.0,3.0,3.0,2.0,3.0,59.0,37.0,25.0,12.0,10.0,3.0,5.0
2023-5014,Shanghai Masters,Hard,128,M,O,20231002,39,B0BI,25.0,,Sebastian Baez,R,170.0,ARG,22.76,29.0,1375.0,S0IA,,Q,Dane Sweeny,R,170.0,AUS,22.634,273.0,214.0,6-2 6-4,3,R64,66.0,2.0,1.0,47.0,34.0,26.0,11.0,9.0,1.0,1.0,1.0,1.0,46.0,32.0,21.0,7.0,9.0,0.0,3.0
2023-5014,Shanghai Masters,Hard,128,M,O,20231002,40,S0AG,6.0,,Jannik Sinner,R,191.0,ITA,22.127,4.0,4910.0,GC88,,,Marcos Giron,R,180.0,USA,30.19,80.0,730.0,7-6(7) 6-2,3,R64,105.0,4.0,2.0,61.0,43.0,34.0,10.0,10.0,1.0,3.0,2.0,2.0,78.0,44.0,31.0,10.0,10.0,4.0,8.0
2023-5014,Shanghai Masters,Hard,128,M,O,20231002,41,N0AE,,,Brandon Nakashima,R,188.0,USA,22.163,122.0,495.0,R0DG,3.0,,Holger Rune,R,188.0,DEN,20.427,5.0,4640.0,6-0 6-2,3,R64,69.0,5.0,0.0,44.0,32.0,26.0,5.0,7.0,1.0,1.0,4.0,3.0,54.0,39.0,19.0,5.0,7.0,9.0,14.0
2023-5014,Shanghai Masters,Hard,128,M,O,20231002,42,Z371,,,Zhizhen Zhang,R,193.0,CHN,26.96,60.0,872.0,EA24,28.0,,Tomas Martin Etcheverry,R,196.0,ARG,24.208,31.0,1346.0,4-6 6-3 6-4,3,R64,147.0,6.0,0.0,89.0,63.0,47.0,14.0,15.0,5.0,6.0,7.0,1.0,77.0,51.0,38.0,15.0,14.0,1.0,3.0
2023-5014,Shanghai Masters,Hard,128,M,O,20231002,43,H09F,,Q,Yu Hsiou Hsu,R,178.0,TPE,24.501,184.0,338.0,M0EJ,17.0,,Lorenzo Musetti,R,185.0,ITA,21.582,18.0,1925.0,6-3 6-4,3,R64,84.0,2.0,1.0,45.0,30.0,25.0,10.0,9.0,2.0,3.0,3.0,4.0,70.0,46.0,30.0,8.0,10.0,6.0,10.0
2023-5014,Shanghai Masters,Hard,128,M,O,20231002,44,HB71,16.0,,Hubert Hurkacz,R,196.0,POL,26.637,17.0,1990.0,KD46,,,Thanasi Kokkinakis,R,193.0,AUS,27.477,69.0,766.0,7-6(5) 6-4,3,R64,101.0,17.0,1.0,70.0,49.0,42.0,11.0,11.0,1.0,1.0,6.0,0.0,64.0,38.0,30.0,18.0,11.0,0.0,1.0
2023-5014,Shanghai Masters,Hard,128,M,O,20231002,45,M0CI,,,Fabian Marozsan,R,193.0,HUN,23.984,91.0,662.0,DH58,11.0,,Alex de Minaur,R,183.0,AUS,24.621,11.0,2685.0,6-3 7-5,3,R64,85.0,5.0,2.0,65.0,45.0,33.0,12.0,11.0,2.0,3.0,5.0,2.0,62.0,35.0,25.0,11.0,10.0,2.0,5.0
2023-5014,Shanghai Masters,Hard,128,M,O,20231002,46,L987,,,Dusan Lajovic,R,183.0,SRB,33.257,55.0,913.0,GJ37,23.0,,Tallon Griekspoor,R,188.0,NED,27.25,24.0,1481.0,6-4 3-2 RET,3,R64,62.0,5.0,1.0,38.0,26.0,22.0,7.0,7.0,1.0,1.0,3.0,4.0,56.0,32.0,23.0,9.0,8.0,3.0,5.0
2023-5014,Shanghai Masters,Hard,128,M,O,20231002,47,E865,29.0,,Christopher Eubanks,R,201.0,USA,27.409,32.0,1313.0,H997,,,Yannick Hanfmann,R,193.0,GER,31.885,53.0,933.0,4-6 6-3 6-2,3,R64,127.0,14.0,1.0,85.0,66.0,43.0,12.0,14.0,1.0,3.0,8.0,1.0,91.0,63.0,40.0,15.0,13.0,7.0,11.0
2023-5014,Shanghai Masters,Hard,128,M,O,20231002,48,RH16,8.0,,Casper Ruud,R,183.0,NOR,24.778,9.0,3605.0,N732,,,Yoshihito Nishioka,L,170.0,JPN,28.014,48.0,970.0,7-5 6-0,3,R64,74.0,9.0,0.0,39.0,34.0,29.0,3.0,9.0,0.0,1.0,2.0,1.0,60.0,36.0,20.0,8.0,9.0,4.0,9.0
2023-5014,Shanghai Masters,Hard,128,M,O,20231002,49,RE44,5.0,,Andrey Rublev,R,188.0,RUS,25.949,7.0,4550.0,HB64,,,Quentin Halys,R,191.0,FRA,26.932,76.0,740.0,6-4 7-5,3,R64,66.0,14.0,1.0,55.0,38.0,35.0,9.0,11.0,0.0,0.0,17.0,5.0,65.0,41.0,32.0,9.0,11.0,2.0,4.0
2023-5014,Shanghai Masters,Hard,128,M,O,20231002,50,ME82,31.0,,Adrian Mannarino,L,180.0,FRA,35.258,23.0,1526.0,T0AP,,Q,Chun-Hsin Tseng,R,175.0,TPE,22.149,380.0,129.0,6-2 6-2,3,R64,92.0,6.0,2.0,54.0,34.0,27.0,9.0,8.0,3.0,3.0,5.0,2.0,62.0,41.0,23.0,8.0,8.0,5.0,9.0
2023-5014,Shanghai Masters,Hard,128,M,O,20231002,51,F0F1,,,Arthur Fils,R,185.0,FRA,19.305,44.0,1020.0,DH50,24.0,,Alejandro Davidovich Fokina,R,180.0,ESP,24.326,25.0,1470.0,6-2 7-5,3,R64,82.0,7.0,3.0,55.0,32.0,27.0,11.0,10.0,1.0,2.0,2.0,0.0,65.0,46.0,31.0,7.0,10.0,2.0,6.0
2023-5014,Shanghai Masters,Hard,128,M,O,20231002,52,PL56,12.0,,Tommy Paul,R,185.0,USA,26.376,12.0,2660.0,O513,,,Sebastian Ofner,R,191.0,AUT,27.389,49.0,967.0,6-3 6-0,3,R64,70.0,4.0,1.0,35.0,18.0,16.0,12.0,7.0,0.0,0.0,0.0,2.0,59.0,40.0,19.0,9.0,8.0,1.0,6.0
2023-5014,Shanghai Masters,Hard,128,M,O,20231002,53,W09G,,,J.J. Wolf,R,183.0,USA,24.78,51.0,955.0,N771,15.0,,Cameron Norrie,L,188.0,GBR,28.11,16.0,2020.0,6-3 5-7 7-6(4),3,R64,192.0,13.0,4.0,109.0,63.0,43.0,22.0,16.0,7.0,11.0,4.0,1.0,110.0,76.0,44.0,19.0,17.0,14.0,19.0
2023-5014,Shanghai Masters,Hard,128,M,O,20231002,54,A0FC,,,Matteo Arnaldi,R,185.0,ITA,22.606,42.0,1037.0,SL28,21.0,,Jan-Lennard Struff,R,193.0,GER,33.437,27.0,1462.0,6-3 3-6 6-4,3,R64,139.0,8.0,2.0,92.0,58.0,41.0,19.0,14.0,8.0,11.0,6.0,3.0,84.0,52.0,36.0,14.0,14.0,5.0,9.0
2023-5014,Shanghai Masters,Hard,128,M,O,20231002,55,HH26,32.0,,Ugo Humbert,L,188.0,FRA,25.268,34.0,1256.0,V812,,,Botic van de Zandschulp,R,191.0,NED,27.995,67.0,805.0,6-4 1-6 6-2,3,R64,117.0,1.0,2.0,75.0,44.0,26.0,15.0,13.0,4.0,9.0,2.0,3.0,66.0,40.0,28.0,9.0,12.0,3.0,8.0
2023-5014,Shanghai Masters,Hard,128,M,O,20231002,56,TE51,4.0,,Stefanos Tsitsipas,R,193.0,GRE,25.139,6.0,4615.0,H0BH,,Q,Rinky Hijikata,R,178.0,AUS,22.604,75.0,747.0,6-4 6-2,3,R64,82.0,4.0,1.0,49.0,32.0,26.0,9.0,9.0,4.0,5.0,3.0,1.0,57.0,29.0,18.0,11.0,9.0,5.0,9.0
2023-5014,Shanghai Masters,Hard,128,M,O,20231002,57,FB98,7.0,,Taylor Fritz,R,196.0,USA,25.927,8.0,3865.0,WB08,,,Yosuke Watanuki,R,180.0,JPN,25.473,79.0,731.0,7-6(2) 6-7(6) 6-4,3,R64,153.0,15.0,4.0,108.0,66.0,50.0,25.0,17.0,4.0,6.0,19.0,3.0,111.0,62.0,53.0,21.0,17.0,2.0,5.0
2023-5014,Shanghai Masters,Hard,128,M,O,20231002,58,SM37,,WC,Diego Schwartzman,R,170.0,ARG,31.127,130.0,451.0,L0BV,27.0,,Jiri Lehecka,R,185.0,CZE,21.897,30.0,1367.0,6-4 3-6 6-2,3,R64,139.0,1.0,2.0,83.0,60.0,43.0,12.0,13.0,6.0,8.0,7.0,1.0,109.0,64.0,41.0,20.0,14.0,10.0,14.0
2023-5014,Shanghai Masters,Hard,128,M,O,20231002,59,J551,22.0,,Nicolas Jarry,R,201.0,CHI,27.975,22.0,1552.0,A0GC,,Q,Terence Atmane,L,193.0,FRA,21.728,148.0,417.0,7-5 6-2,3,R64,102.0,3.0,1.0,47.0,32.0,30.0,11.0,10.0,0.0,0.0,6.0,1.0,58.0,41.0,26.0,9.0,10.0,1.0,4.0
2023-5014,Shanghai Masters,Hard,128,M,O,20231002,60,SU87,,,Lorenzo Sonego,R,191.0,ITA,28.394,59.0,880.0,TD51,10.0,,Frances Tiafoe,R,188.0,USA,25.697,13.0,2645.0,2-6 6-2 6-3,3,R64,122.0,9.0,2.0,76.0,54.0,43.0,8.0,13.0,6.0,8.0,1.0,3.0,77.0,52.0,35.0,11.0,12.0,2.0,5.0
2023-5014,Shanghai Masters,Hard,128,M,O,20231002,61,KE29,13.0,,Karen Khachanov,R,198.0,RUS,27.365,14.0,2385.0,Z09Z,,Q,Beibit Zhukayev,R,198.0,KAZ,22.971,302.0,186.0,7-6(1) 4-6 6-2,3,R64,122.0,9.0,1.0,73.0,47.0,41.0,19.0,15.0,0.0,1.0,20.0,4.0,90.0,60.0,51.0,9.0,15.0,2.0,4.0
2023-5014,Shanghai Masters,Hard,128,M,O,20231002,62,D875,18.0,,Grigor Dimitrov,R,191.0,BUL,32.381,19.0,1880.0,V832,,,Aleksandar Vukic,R,188.0,AUS,27.488,54.0,918.0,6-4 6-3,3,R64,84.0,5.0,1.0,48.0,35.0,30.0,7.0,9.0,0.0,0.0,7.0,1.0,77.0,47.0,30.0,15.0,10.0,5.0,8.0
2023-5014,Shanghai Masters,Hard,128,M,O,20231002,63,E687,30.0,,Daniel Evans,R,175.0,GBR,33.361,33.0,1301.0,K926,,Q,Mikhail Kukushkin,R,183.0,KAZ,35.767,245.0,250.0,6-2 3-0 RET,3,R64,52.0,6.0,1.0,27.0,15.0,14.0,9.0,5.0,0.0,0.0,0.0,0.0,36.0,24.0,12.0,3.0,6.0,1.0,5.0
2023-5014,Shanghai Masters,Hard,128,M,O,20231002,64,A0E2,1.0,,Carlos Alcaraz,R,183.0,ESP,20.411,2.0,8715.0,BK24,,,Gregoire Barrere,R,183.0,FRA,29.624,73.0,753.0,6-2 7-5,3,R64,102.0,4.0,2.0,66.0,50.0,35.0,8.0,10.0,6.0,7.0,5.0,5.0,79.0,42.0,26.0,17.0,10.0,2.0,6.0
2023-5014,Shanghai Masters,Hard,128,M,O,20231002,65,K0AH,26.0,,Sebastian Korda,R,196.0,USA,23.242,26.0,1470.0,MM58,2.0,,Daniil Medvedev,R,198.0,RUS,27.639,3.0,7490.0,7-6(8) 6-2,3,R32,88.0,4.0,0.0,70.0,53.0,38.0,13.0,10.0,1.0,1.0,6.0,4.0,60.0,41.0,33.0,9.0,10.0,1.0,3.0
2023-5014,Shanghai Masters,Hard,128,M,O,20231002,66,C0AU,20.0,,Francisco Cerundolo,R,185.0,ARG,25.136,21.0,1635.0,F724,,,Marton Fucsovics,R,188.0,HUN,31.647,57.0,887.0,3-6 6-4 7-5,3,R32,142.0,2.0,4.0,93.0,66.0,51.0,9.0,15.0,2.0,5.0,3.0,0.0,84.0,59.0,42.0,13.0,16.0,2.0,6.0
2023-5014,Shanghai Masters,Hard,128,M,O,20231002,67,S0S1,19.0,,Ben Shelton,L,193.0,USA,20.98,20.0,1735.0,SX50,,,Roman Safiullin,R,185.0,RUS,26.152,50.0,962.0,3-6 6-3 6-4,3,R32,128.0,5.0,3.0,86.0,59.0,48.0,14.0,14.0,5.0,6.0,4.0,3.0,91.0,54.0,38.0,22.0,14.0,8.0,10.0
2023-5014,Shanghai Masters,Hard,128,M,O,20231002,68,S0AG,6.0,,Jannik Sinner,R,191.0,ITA,22.127,4.0,4910.0,B0BI,25.0,,Sebastian Baez,R,170.0,ARG,22.76,29.0,1375.0,3-6 6-3 6-2,3,R32,119.0,8.0,0.0,85.0,49.0,40.0,18.0,13.0,3.0,4.0,5.0,1.0,72.0,52.0,36.0,9.0,13.0,1.0,4.0
2023-5014,Shanghai Masters,Hard,128,M,O,20231002,69,Z371,,,Zhizhen Zhang,R,193.0,CHN,26.96,60.0,872.0,N0AE,,,Brandon Nakashima,R,188.0,USA,22.163,122.0,495.0,7-6(2) 6-2,3,R32,84.0,3.0,0.0,61.0,46.0,37.0,9.0,10.0,1.0,1.0,5.0,1.0,56.0,38.0,28.0,9.0,10.0,1.0,3.0
2023-5014,Shanghai Masters,Hard,128,M,O,20231002,70,HB71,16.0,,Hubert Hurkacz,R,196.0,POL,26.637,17.0,1990.0,H09F,,Q,Yu Hsiou Hsu,R,178.0,TPE,24.501,184.0,338.0,6-4 6-4,3,R32,92.0,12.0,0.0,62.0,46.0,33.0,10.0,10.0,4.0,4.0,3.0,0.0,74.0,54.0,34.0,10.0,10.0,3.0,5.0
2023-5014,Shanghai Masters,Hard,128,M,O,20231002,71,M0CI,,,Fabian Marozsan,R,193.0,HUN,23.984,91.0,662.0,L987,,,Dusan Lajovic,R,183.0,SRB,33.257,55.0,913.0,6-3 6-3,3,R32,72.0,6.0,2.0,49.0,31.0,24.0,10.0,9.0,2.0,3.0,3.0,2.0,66.0,47.0,26.0,7.0,9.0,10.0,14.0
2023-5014,Shanghai Masters,Hard,128,M,O,20231002,72,RH16,8.0,,Casper Ruud,R,183.0,NOR,24.778,9.0,3605.0,E865,29.0,,Christopher Eubanks,R,201.0,USA,27.409,32.0,1313.0,6-4 6-2,3,R32,71.0,1.0,2.0,46.0,31.0,26.0,11.0,9.0,3.0,3.0,8.0,1.0,55.0,35.0,21.0,11.0,9.0,4.0,7.0
2023-5014,Shanghai Masters,Hard,128,M,O,20231002,73,RE44,5.0,,Andrey Rublev,R,188.0,RUS,25.949,7.0,4550.0,ME82,31.0,,Adrian Mannarino,L,180.0,FRA,35.258,23.0,1526.0,6-3 6-0,3,R32,62.0,6.0,0.0,51.0,34.0,27.0,9.0,8.0,2.0,2.0,3.0,0.0,40.0,30.0,15.0,4.0,7.0,1.0,5.0
2023-5014,Shanghai Masters,Hard,128,M,O,20231002,74,PL56,12.0,,Tommy Paul,R,185.0,USA,26.376,12.0,2660.0,F0F1,,,Arthur Fils,R,185.0,FRA,19.305,44.0,1020.0,6-4 6-7(7) 6-4,3,R32,166.0,6.0,4.0,99.0,56.0,40.0,30.0,16.0,3.0,4.0,5.0,4.0,106.0,67.0,50.0,19.0,16.0,5.0,8.0
2023-5014,Shanghai Masters,Hard,128,M,O,20231002,75,W09G,,,J.J. Wolf,R,183.0,USA,24.78,51.0,955.0,A0FC,,,Matteo Arnaldi,R,185.0,ITA,22.606,42.0,1037.0,2-6 6-3 7-6(4),3,R32,163.0,3.0,2.0,101.0,53.0,37.0,25.0,14.0,7.0,10.0,8.0,6.0,119.0,76.0,52.0,18.0,15.0,12.0,15.0
2023-5014,Shanghai Masters,Hard,128,M,O,20231002,76,HH26,32.0,,Ugo Humbert,L,188.0,FRA,25.268,34.0,1256.0,TE51,4.0,,Stefanos Tsitsipas,R,193.0,GRE,25.139,6.0,4615.0,6-4 3-6 7-5,3,R32,129.0,8.0,1.0,85.0,55.0,46.0,14.0,15.0,6.0,8.0,7.0,1.0,83.0,59.0,47.0,13.0,16.0,3.0,6.0
2023-5014,Shanghai Masters,Hard,128,M,O,20231002,77,SM37,,WC,Diego Schwartzman,R,170.0,ARG,31.127,130.0,451.0,FB98,7.0,,Taylor Fritz,R,196.0,USA,25.927,8.0,3865.0,6-4 3-6 7-6(5),3,R32,164.0,3.0,1.0,90.0,60.0,39.0,20.0,15.0,1.0,4.0,17.0,2.0,107.0,66.0,49.0,19.0,16.0,6.0,9.0
2023-5014,Shanghai Masters,Hard,128,M,O,20231002,78,J551,22.0,,Nicolas Jarry,R,201.0,CHI,27.975,22.0,1552.0,SU87,,,Lorenzo Sonego,R,191.0,ITA,28.394,59.0,880.0,7-6(4) 6-2,3,R32,102.0,6.0,1.0,61.0,36.0,31.0,15.0,10.0,1.0,1.0,2.0,1.0,64.0,46.0,28.0,13.0,10.0,5.0,7.0
2023-5014,Shanghai Masters,Hard,128,M,O,20231002,79,D875,18.0,,Grigor Dimitrov,R,191.0,BUL,32.381,19.0,1880.0,KE29,13.0,,Karen Khachanov,R,198.0,RUS,27.365,14.0,2385.0,7-6(6) 6-4,3,R32,118.0,10.0,1.0,70.0,47.0,40.0,12.0,11.0,2.0,2.0,4.0,3.0,75.0,49.0,38.0,12.0,11.0,5.0,6.0
2023-5014,Shanghai Masters,Hard,128,M,O,20231002,80,A0E2,1.0,,Carlos Alcaraz,R,183.0,ESP,20.411,2.0,8715.0,E687,30.0,,Daniel Evans,R,175.0,GBR,33.361,33.0,1301.0,7-6(1) 6-4,3,R32,143.0,6.0,1.0,65.0,41.0,29.0,16.0,11.0,4.0,6.0,2.0,4.0,107.0,59.0,39.0,19.0,11.0,12.0,15.0
2023-5014,Shanghai Masters,Hard,128,M,O,20231002,81,K0AH,26.0,,Sebastian Korda,R,196.0,USA,23.242,26.0,1470.0,C0AU,20.0,,Francisco Cerundolo,R,185.0,ARG,25.136,21.0,1635.0,7-5 7-6(6),3,R16,98.0,7.0,0.0,74.0,49.0,40.0,15.0,12.0,3.0,4.0,5.0,1.0,68.0,51.0,40.0,7.0,12.0,0.0,2.0
2023-5014,Shanghai Masters,Hard,128,M,O,20231002,82,S0S1,19.0,,Ben Shelton,L,193.0,USA,20.98,20.0,1735.0,S0AG,6.0,,Jannik Sinner,R,191.0,ITA,22.127,4.0,4910.0,2-6 6-3 7-6(5),3,R16,150.0,15.0,4.0,101.0,74.0,54.0,13.0,15.0,3.0,5.0,8.0,1.0,97.0,71.0,49.0,14.0,14.0,9.0,10.0
2023-5014,Shanghai Masters,Hard,128,M,O,20231002,83,HB71,16.0,,Hubert Hurkacz,R,196.0,POL,26.637,17.0,1990.0,Z371,,,Zhizhen Zhang,R,193.0,CHN,26.96,60.0,872.0,7-6(6) 4-6 7-6(4),3,R16,158.0,16.0,0.0,94.0,66.0,58.0,14.0,17.0,3.0,6.0,5.0,2.0,118.0,78.0,55.0,22.0,17.0,2.0,4.0
2023-5014,Shanghai Masters,Hard,128,M,O,20231002,84,M0CI,,,Fabian Marozsan,R,193.0,HUN,23.984,91.0,662.0,RH16,8.0,,Casper Ruud,R,183.0,NOR,24.778,9.0,3605.0,7-6(3) 3-6 6-4,3,R16,159.0,6.0,1.0,113.0,80.0,58.0,15.0,16.0,8.0,11.0,14.0,3.0,123.0,82.0,60.0,17.0,15.0,12.0,14.0
2023-5014,Shanghai Masters,Hard,128,M,O,20231002,85,RE44,5.0,,Andrey Rublev,R,188.0,RUS,25.949,7.0,4550.0,PL56,12.0,,Tommy Paul,R,185.0,USA,26.376,12.0,2660.0,7-5 7-5,3,R16,95.0,4.0,1.0,58.0,36.0,29.0,16.0,12.0,0.0,1.0,6.0,0.0,77.0,49.0,30.0,16.0,12.0,3.0,6.0
2023-5014,Shanghai Masters,Hard,128,M,O,20231002,86,HH26,32.0,,Ugo Humbert,L,188.0,FRA,25.268,34.0,1256.0,W09G,,,J.J. Wolf,R,183.0,USA,24.78,51.0,955.0,6-1 6-2,3,R16,57.0,6.0,0.0,35.0,26.0,24.0,8.0,8.0,0.0,0.0,0.0,4.0,41.0,22.0,12.0,5.0,7.0,2.0,6.0
2023-5014,Shanghai Masters,Hard,128,M,O,20231002,87,J551,22.0,,Nicolas Jarry,R,201.0,CHI,27.975,22.0,1552.0,SM37,,WC,Diego Schwartzman,R,170.0,ARG,31.127,130.0,451.0,6-3 5-7 6-3,3,R16,144.0,15.0,0.0,81.0,52.0,41.0,20.0,15.0,3.0,4.0,3.0,3.0,96.0,70.0,44.0,15.0,15.0,4.0,7.0
2023-5014,Shanghai Masters,Hard,128,M,O,20231002,88,D875,18.0,,Grigor Dimitrov,R,191.0,BUL,32.381,19.0,1880.0,A0E2,1.0,,Carlos Alcaraz,R,183.0,ESP,20.411,2.0,8715.0,5-7 6-2 6-4,3,R16,130.0,10.0,4.0,86.0,62.0,45.0,13.0,15.0,3.0,5.0,4.0,0.0,78.0,53.0,38.0,14.0,15.0,1.0,5.0
2023-5014,Shanghai Masters,Hard,128,M,O,20231002,89,K0AH,26.0,,Sebastian Korda,R,196.0,USA,23.242,26.0,1470.0,S0S1,19.0,,Ben Shelton,L,193.0,USA,20.98,20.0,1735.0,6-7(10) 6-2 7-6(6),3,QF,174.0,5.0,2.0,105.0,66.0,44.0,26.0,16.0,4.0,7.0,17.0,5.0,119.0,75.0,53.0,18.0,16.0,11.0,16.0
2023-5014,Shanghai Masters,Hard,128,M,O,20231002,90,HB71,16.0,,Hubert Hurkacz,R,196.0,POL,26.637,17.0,1990.0,M0CI,,,Fabian Marozsan,R,193.0,HUN,23.984,91.0,662.0,4-6 6-1 6-3,3,QF,103.0,18.0,1.0,74.0,50.0,41.0,10.0,13.0,2.0,4.0,4.0,0.0,82.0,49.0,30.0,15.0,13.0,6.0,11.0
2023-5014,Shanghai Masters,Hard,128,M,O,20231002,91,RE44,5.0,,Andrey Rublev,R,188.0,RUS,25.949,7.0,4550.0,HH26,32.0,,Ugo Humbert,L,188.0,FRA,25.268,34.0,1256.0,6-2 6-3,3,QF,90.0,2.0,0.0,51.0,32.0,23.0,12.0,8.0,3.0,4.0,2.0,1.0,71.0,40.0,21.0,14.0,9.0,5.0,10.0
2023-5014,Shanghai Masters,Hard,128,M,O,20231002,92,D875,18.0,,Grigor Dimitrov,R,191.0,BUL,32.381,19.0,1880.0,J551,22.0,,Nicolas Jarry,R,201.0,CHI,27.975,22.0,1552.0,7-6(2) 6-4,3,QF,99.0,11.0,2.0,62.0,42.0,38.0,11.0,11.0,0.0,0.0,13.0,1.0,64.0,44.0,39.0,8.0,11.0,4.0,5.0
2023-5014,Shanghai Masters,Hard,128,M,O,20231002,93,HB71,16.0,,Hubert Hurkacz,R,196.0,POL,26.637,17.0,1990.0,K0AH,26.0,,Sebastian Korda,R,196.0,USA,23.242,26.0,1470.0,6-3 6-4,3,SF,76.0,14.0,0.0,63.0,47.0,40.0,6.0,10.0,0.0,0.0,9.0,0.0,57.0,43.0,32.0,4.0,9.0,2.0,4.0
2023-5014,Shanghai Masters,Hard,128,M,O,20231002,94,RE44,5.0,,Andrey Rublev,R,188.0,RUS,25.949,7.0,4550.0,D875,18.0,,Grigor Dimitrov,R,191.0,BUL,32.381,19.0,1880.0,7-6(7) 6-3,3,SF,109.0,9.0,1.0,76.0,56.0,40.0,10.0,11.0,4.0,6.0,0.0,3.0,71.0,43.0,27.0,14.0,10.0,1.0,4.0
2023-5014,Shanghai Masters,Hard,128,M,O,20231002,95,HB71,16.0,,Hubert Hurkacz,R,196.0,POL,26.637,17.0,1990.0,RE44,5.0,,Andrey Rublev,R,188.0,RUS,25.949,7.0,4550.0,6-3 3-6 7-6(8),3,F,126.0,21.0,0.0,93.0,70.0,57.0,11.0,15.0,1.0,2.0,13.0,0.0,96.0,70.0,53.0,17.0,15.0,3.0,4.0
2023-429,Stockholm,Hard,32,250,I,20231016,1,SX50,,,Roman Safiullin,R,185.0,RUS,26.19,42.0,1007.0,SX91,,,Thiago Seyboth Wild,R,185.0,BRA,23.6,77.0,738.0,6-3 6-2,3,R32,70.0,6.0,2.0,60.0,41.0,32.0,11.0,9.0,6.0,6.0,2.0,2.0,46.0,29.0,16.0,9.0,8.0,2.0,5.0
2023-429,Stockholm,Hard,32,250,I,20231016,2,MC65,,PR,Gael Monfils,R,193.0,FRA,37.123,140.0,432.0,F724,,,Marton Fucsovics,R,188.0,HUN,31.685,52.0,932.0,2-6 6-2 7-5,3,R32,138.0,9.0,6.0,96.0,49.0,37.0,22.0,14.0,5.0,8.0,3.0,7.0,89.0,55.0,40.0,14.0,14.0,8.0,12.0
2023-429,Stockholm,Hard,32,250,I,20231016,3,M0JZ,,Q,Filip Misolic,R,180.0,AUT,22.188,181.0,350.0,E687,8.0,,Daniel Evans,R,175.0,GBR,33.399,34.0,1301.0,6-4 7-6(1),3,R32,100.0,8.0,1.0,67.0,36.0,29.0,17.0,11.0,1.0,3.0,5.0,3.0,66.0,34.0,25.0,16.0,11.0,4.0,7.0
2023-429,Stockholm,Hard,32,250,I,20231016,4,W367,,,Stan Wawrinka,R,183.0,SUI,38.552,46.0,992.0,GH92,,,Borna Gojo,R,196.0,CRO,25.632,76.0,747.0,7-5 6-4,3,R32,90.0,7.0,3.0,69.0,41.0,30.0,18.0,11.0,5.0,6.0,10.0,6.0,67.0,41.0,30.0,13.0,11.0,7.0,10.0
2023-429,Stockholm,Hard,32,250,I,20231016,5,DB63,,,Laslo Djere,R,188.0,SRB,28.372,35.0,1180.0,B0JG,,WC,Leo Borg,R,183.0,SWE,20.422,359.0,140.0,6-3 6-3,3,R32,80.0,3.0,2.0,59.0,37.0,26.0,12.0,9.0,4.0,5.0,2.0,6.0,59.0,38.0,28.0,4.0,9.0,5.0,9.0
2023-429,Stockholm,Hard,32,250,I,20231016,6,W09G,,,J.J. Wolf,R,183.0,USA,24.819,58.0,895.0,B0BI,5.0,,Sebastian Baez,R,170.0,ARG,22.798,28.0,1410.0,7-6(5) 6-2,3,R32,104.0,4.0,0.0,58.0,29.0,22.0,20.0,10.0,1.0,2.0,2.0,0.0,81.0,56.0,35.0,10.0,10.0,4.0,7.0
2023-429,Stockholm,Hard,32,250,I,20231016,7,K09F,,Q,Pavel Kotov,R,191.0,RUS,24.909,109.0,565.0,E865,7.0,,Christopher Eubanks,R,201.0,USA,27.447,32.0,1328.0,6-7(2) 6-3 7-6(5),3,R32,147.0,4.0,6.0,108.0,70.0,57.0,19.0,17.0,3.0,3.0,12.0,3.0,99.0,66.0,55.0,15.0,16.0,3.0,4.0
2023-429,Stockholm,Hard,32,250,I,20231016,8,SU87,,,Lorenzo Sonego,R,191.0,ITA,28.433,55.0,925.0,L987,,,Dusan Lajovic,R,183.0,SRB,33.295,51.0,933.0,4-6 6-3 6-4,3,R32,139.0,14.0,2.0,99.0,62.0,44.0,24.0,15.0,5.0,6.0,0.0,0.0,82.0,63.0,44.0,11.0,14.0,3.0,5.0
2023-429,Stockholm,Hard,32,250,I,20231016,9,RH24,,,Emil Ruusuvuori,R,188.0,FIN,24.539,61.0,856.0,HG94,,Q,Benjamin Hassan,R,183.0,LBN,28.695,161.0,382.0,6-2 6-1,3,R32,56.0,2.0,1.0,48.0,31.0,24.0,11.0,8.0,0.0,0.0,1.0,4.0,36.0,17.0,10.0,6.0,7.0,1.0,5.0
2023-429,Stockholm,Hard,32,250,I,20231016,10,P0HW,,Q,Dino Prizmic,R,188.0,CRO,18.196,165.0,374.0,L0BV,6.0,,Jiri Lehecka,R,185.0,CZE,21.936,30.0,1357.0,6-3 7-5,3,R32,101.0,2.0,1.0,61.0,41.0,34.0,10.0,11.0,0.0,1.0,4.0,1.0,70.0,46.0,30.0,11.0,10.0,4.0,7.0
2023-429,Stockholm,Hard,32,250,I,20231016,11,Y218,,WC,Elias Ymer,R,185.0,SWE,27.515,168.0,369.0,BD06,,,Roberto Bautista Agut,R,183.0,ESP,35.504,49.0,961.0,6-4 6-4,3,R32,86.0,7.0,0.0,46.0,28.0,23.0,14.0,10.0,0.0,1.0,1.0,4.0,65.0,40.0,25.0,11.0,10.0,3.0,6.0
2023-429,Stockholm,Hard,32,250,I,20231016,12,KI95,,,Miomir Kecmanovic,R,183.0,SRB,24.126,53.0,930.0,F09J,,WC,Karl Friberg,R,191.0,SWE,24.561,433.0,103.0,6-4 6-2,3,R32,84.0,3.0,1.0,57.0,35.0,27.0,14.0,9.0,7.0,7.0,6.0,0.0,56.0,37.0,25.0,7.0,9.0,4.0,7.0
2023-429,Stockholm,Hard,32,250,I,20231016,13,ME82,2.0,,Adrian Mannarino,L,180.0,FRA,35.296,24.0,1481.0,SX50,,,Roman Safiullin,R,185.0,RUS,26.19,42.0,1007.0,6-4 6-4,3,R16,91.0,3.0,3.0,58.0,32.0,24.0,12.0,10.0,0.0,2.0,3.0,6.0,61.0,38.0,25.0,8.0,10.0,2.0,6.0
2023-429,Stockholm,Hard,32,250,I,20231016,14,MC65,,PR,Gael Monfils,R,193.0,FRA,37.123,140.0,432.0,M0JZ,,Q,Filip Misolic,R,180.0,AUT,22.188,181.0,350.0,6-4 6-3,3,R16,73.0,11.0,2.0,53.0,35.0,31.0,7.0,9.0,1.0,1.0,2.0,2.0,66.0,37.0,28.0,10.0,10.0,4.0,7.0
2023-429,Stockholm,Hard,32,250,I,20231016,15,M0FH,,LL,Tomas Machac,R,183.0,CZE,23.006,81.0,712.0,W367,,,Stan Wawrinka,R,183.0,SUI,38.552,46.0,992.0,6-4 6-1,3,R16,65.0,3.0,0.0,50.0,31.0,26.0,13.0,9.0,3.0,3.0,1.0,1.0,43.0,27.0,17.0,8.0,8.0,1.0,4.0
2023-429,Stockholm,Hard,32,250,I,20231016,16,DB63,,,Laslo Djere,R,188.0,SRB,28.372,35.0,1180.0,W09G,,,J.J. Wolf,R,183.0,USA,24.819,58.0,895.0,7-5 6-4,3,R16,98.0,14.0,0.0,70.0,46.0,33.0,13.0,11.0,2.0,4.0,3.0,3.0,59.0,29.0,21.0,14.0,11.0,1.0,5.0
2023-429,Stockholm,Hard,32,250,I,20231016,17,K09F,,Q,Pavel Kotov,R,191.0,RUS,24.909,109.0,565.0,SU87,,,Lorenzo Sonego,R,191.0,ITA,28.433,55.0,925.0,6-4 7-5,3,R16,108.0,0.0,3.0,61.0,40.0,31.0,9.0,11.0,1.0,3.0,1.0,2.0,66.0,39.0,25.0,13.0,11.0,2.0,6.0
2023-429,Stockholm,Hard,32,250,I,20231016,18,GJ37,3.0,,Tallon Griekspoor,R,188.0,NED,27.288,25.0,1475.0,RH24,,,Emil Ruusuvuori,R,188.0,FIN,24.539,61.0,856.0,7-6(3) 6-4,3,R16,114.0,8.0,3.0,85.0,43.0,32.0,23.0,11.0,5.0,6.0,4.0,2.0,72.0,44.0,29.0,17.0,11.0,1.0,3.0
2023-429,Stockholm,Hard,32,250,I,20231016,19,Y218,,WC,Elias Ymer,R,185.0,SWE,27.515,168.0,369.0,P0HW,,Q,Dino Prizmic,R,188.0,CRO,18.196,165.0,374.0,6-3 3-6 6-2,3,R16,160.0,4.0,1.0,76.0,45.0,31.0,16.0,13.0,1.0,5.0,2.0,2.0,85.0,51.0,31.0,12.0,13.0,3.0,9.0
2023-429,Stockholm,Hard,32,250,I,20231016,20,KI95,,,Miomir Kecmanovic,R,183.0,SRB,24.126,53.0,930.0,R0DG,1.0,,Holger Rune,R,188.0,DEN,20.465,6.0,4605.0,7-6(3) 6-2,3,R16,104.0,2.0,1.0,73.0,45.0,33.0,18.0,10.0,3.0,4.0,4.0,2.0,73.0,42.0,27.0,16.0,10.0,5.0,8.0
2023-429,Stockholm,Hard,32,250,I,20231016,21,MC65,,PR,Gael Monfils,R,193.0,FRA,37.123,140.0,432.0,ME82,2.0,,Adrian Mannarino,L,180.0,FRA,35.296,24.0,1481.0,7-5 7-6(3),3,QF,105.0,5.0,1.0,68.0,51.0,38.0,12.0,12.0,1.0,3.0,2.0,0.0,68.0,47.0,31.0,14.0,12.0,3.0,6.0
2023-429,Stockholm,Hard,32,250,I,20231016,22,DB63,,,Laslo Djere,R,188.0,SRB,28.372,35.0,1180.0,M0FH,,LL,Tomas Machac,R,183.0,CZE,23.006,81.0,712.0,5-7 7-6(5) 6-4,3,QF,188.0,5.0,5.0,123.0,78.0,50.0,20.0,17.0,12.0,18.0,6.0,7.0,126.0,67.0,43.0,28.0,17.0,10.0,16.0
2023-429,Stockholm,Hard,32,250,I,20231016,23,K09F,,Q,Pavel Kotov,R,191.0,RUS,24.909,109.0,565.0,GJ37,3.0,,Tallon Griekspoor,R,188.0,NED,27.288,25.0,1475.0,7-6(4) 6-2,3,QF,93.0,3.0,2.0,74.0,52.0,36.0,13.0,10.0,7.0,7.0,5.0,4.0,63.0,39.0,28.0,11.0,10.0,2.0,4.0
2023-429,Stockholm,Hard,32,250,I,20231016,24,KI95,,,Miomir Kecmanovic,R,183.0,SRB,24.126,53.0,930.0,Y218,,WC,Elias Ymer,R,185.0,SWE,27.515,168.0,369.0,6-0 3-2 RET,3,QF,54.0,0.0,0.0,22.0,9.0,8.0,12.0,5.0,0.0,0.0,1.0,2.0,40.0,23.0,13.0,6.0,6.0,3.0,7.0
2023-429,Stockholm,Hard,32,250,I,20231016,25,MC65,,PR,Gael Monfils,R,193.0,FRA,37.123,140.0,432.0,DB63,,,Laslo Djere,R,188.0,SRB,28.372,35.0,1180.0,7-5 6-2,3,SF,75.0,9.0,3.0,55.0,35.0,29.0,11.0,10.0,5.0,7.0,3.0,2.0,59.0,43.0,22.0,6.0,10.0,2.0,7.0
2023-429,Stockholm,Hard,32,250,I,20231016,26,K09F,,Q,Pavel Kotov,R,191.0,RUS,24.909,109.0,565.0,KI95,,,Miomir Kecmanovic,R,183.0,SRB,24.126,53.0,930.0,6-3 6-4,3,SF,91.0,3.0,1.0,66.0,47.0,37.0,10.0,10.0,2.0,2.0,2.0,0.0,57.0,37.0,23.0,13.0,9.0,1.0,3.0
2023-429,Stockholm,Hard,32,250,I,20231016,27,MC65,,PR,Gael Monfils,R,193.0,FRA,37.123,140.0,432.0,K09F,,Q,Pavel Kotov,R,191.0,RUS,24.909,109.0,565.0,4-6 7-6(6) 6-3,3,F,157.0,7.0,8.0,94.0,59.0,45.0,17.0,15.0,3.0,6.0,2.0,7.0,105.0,72.0,49.0,15.0,16.0,5.0,9.0
2023-329,Tokyo,Hard,32,500,O,20231016,1,RH16,2.0,,Casper Ruud,R,183.0,NOR,24.816,8.0,3685.0,WB08,,WC,Yosuke Watanuki,R,180.0,JPN,25.511,73.0,756.0,7-6(6) 6-3,3,R32,106.0,8.0,2.0,64.0,42.0,33.0,16.0,10.0,3.0,3.0,9.0,7.0,77.0,33.0,28.0,19.0,11.0,3.0,5.0
2023-329,Tokyo,Hard,32,500,O,20231016,2,GC88,,Q,Marcos Giron,R,180.0,USA,30.229,79.0,735.0,N732,,,Yoshihito Nishioka,L,170.0,JPN,28.052,44.0,995.0,7-6(14) 4-6 6-1,3,R32,164.0,13.0,1.0,109.0,72.0,58.0,20.0,15.0,5.0,6.0,6.0,1.0,114.0,67.0,48.0,25.0,14.0,5.0,7.0
2023-329,Tokyo,Hard,32,500,O,20231016,3,O513,,,Sebastian Ofner,R,191.0,AUT,27.428,47.0,981.0,O483,,,Christopher O'Connell,R,183.0,AUS,29.369,59.0,873.0,6-7(2) 7-6(5) 7-5,3,R32,168.0,17.0,1.0,116.0,67.0,55.0,24.0,18.0,3.0,5.0,10.0,4.0,127.0,83.0,65.0,15.0,18.0,8.0,11.0
2023-329,Tokyo,Hard,32,500,O,20231016,4,AG37,8.0,,Felix Auger-Aliassime,R,193.0,CAN,23.187,17.0,2100.0,V832,,,Aleksandar Vukic,R,188.0,AUS,27.526,54.0,927.0,7-6(3) 6-7(2) 6-2,3,R32,171.0,13.0,6.0,99.0,62.0,45.0,20.0,16.0,4.0,7.0,5.0,2.0,136.0,86.0,57.0,20.0,16.0,11.0,16.0
2023-329,Tokyo,Hard,32,500,O,20231016,5,TC61,,,Jordan Thompson,R,183.0,AUS,29.489,60.0,861.0,Z355,3.0,,Alexander Zverev,R,198.0,GER,26.489,9.0,3460.0,6-3 6-4,3,R32,95.0,6.0,0.0,63.0,41.0,28.0,13.0,10.0,4.0,5.0,2.0,3.0,53.0,35.0,22.0,11.0,9.0,3.0,6.0
2023-329,Tokyo,Hard,32,500,O,20231016,6,S0S1,,,Ben Shelton,L,193.0,USA,21.018,19.0,1865.0,DA81,,Q,Taro Daniel,R,191.0,JPN,30.716,97.0,633.0,3-6 6-4 7-6(2),3,R32,152.0,5.0,7.0,90.0,60.0,44.0,16.0,15.0,2.0,4.0,6.0,1.0,95.0,56.0,40.0,22.0,16.0,3.0,5.0
2023-329,Tokyo,Hard,32,500,O,20231016,7,MK66,,,Mackenzie McDonald,R,178.0,USA,28.501,37.0,1075.0,PH71,,,Max Purcell,R,185.0,AUS,25.536,40.0,1041.0,7-5 6-4,3,R32,104.0,4.0,2.0,62.0,34.0,27.0,15.0,11.0,2.0,3.0,11.0,3.0,82.0,50.0,35.0,11.0,11.0,7.0,10.0
2023-329,Tokyo,Hard,32,500,O,20231016,8,PL56,5.0,,Tommy Paul,R,185.0,USA,26.415,12.0,2705.0,AE14,,,Daniel Altmaier,R,188.0,GER,25.092,48.0,961.0,3-6 6-1 6-3,3,R32,129.0,7.0,2.0,80.0,47.0,37.0,16.0,13.0,2.0,4.0,5.0,2.0,91.0,65.0,40.0,10.0,12.0,5.0,9.0
2023-329,Tokyo,Hard,32,500,O,20231016,9,KC56,,,Aslan Karatsev,R,185.0,RUS,30.114,50.0,933.0,TD51,6.0,,Frances Tiafoe,R,188.0,USA,25.736,14.0,2355.0,6-3 7-6(4),3,R32,99.0,10.0,5.0,82.0,52.0,37.0,16.0,11.0,5.0,6.0,4.0,4.0,60.0,30.0,26.0,13.0,10.0,1.0,3.0
2023-329,Tokyo,Hard,32,500,O,20231016,10,Z371,,,Zhizhen Zhang,R,193.0,CHN,26.998,57.0,897.0,HB71,,,Hubert Hurkacz,R,196.0,POL,26.675,11.0,2900.0,3-6 6-4 7-6(4),3,R32,134.0,10.0,2.0,88.0,51.0,39.0,19.0,15.0,6.0,9.0,5.0,1.0,106.0,67.0,47.0,17.0,16.0,3.0,6.0
2023-329,Tokyo,Hard,32,500,O,20231016,11,SM37,,,Diego Schwartzman,R,170.0,ARG,31.165,113.0,541.0,C0AU,,,Francisco Cerundolo,R,185.0,ARG,25.175,22.0,1680.0,6-4 6-1,3,R32,80.0,1.0,1.0,54.0,39.0,25.0,9.0,9.0,5.0,7.0,0.0,2.0,53.0,31.0,18.0,5.0,8.0,6.0,11.0
2023-329,Tokyo,Hard,32,500,O,20231016,12,DH58,4.0,,Alex de Minaur,R,183.0,AUS,24.66,13.0,2650.0,D0CO,,Q,Jack Draper,L,193.0,GBR,21.815,88.0,676.0,4-6 7-6(4) 7-6(1),3,R32,184.0,9.0,6.0,111.0,64.0,48.0,25.0,17.0,3.0,7.0,7.0,0.0,116.0,67.0,49.0,20.0,17.0,3.0,6.0
2023-329,Tokyo,Hard,32,500,O,20231016,13,P09Z,,,Alexei Popyrin,R,196.0,AUS,24.197,41.0,1030.0,KE29,7.0,,Karen Khachanov,R,198.0,RUS,27.403,15.0,2340.0,6-4 6-2,3,R32,91.0,11.0,2.0,71.0,45.0,35.0,9.0,9.0,7.0,8.0,7.0,3.0,57.0,32.0,22.0,10.0,9.0,6.0,10.0
2023-329,Tokyo,Hard,32,500,O,20231016,14,GD64,,Q,Cristian Garin,R,185.0,CHI,27.379,94.0,651.0,SY67,,WC,Sho Shimabukuro,R,180.0,JPN,26.212,143.0,426.0,6-4 3-6 6-3,3,R32,136.0,4.0,4.0,83.0,48.0,37.0,20.0,14.0,4.0,6.0,8.0,0.0,100.0,64.0,44.0,18.0,14.0,4.0,7.0
2023-329,Tokyo,Hard,32,500,O,20231016,15,M0HU,,WC,Shintaro Mochizuki,R,175.0,JPN,20.372,215.0,284.0,EA24,,,Tomas Martin Etcheverry,R,196.0,ARG,24.246,31.0,1341.0,6-4 7-6(5),3,R32,122.0,2.0,3.0,79.0,49.0,32.0,20.0,11.0,3.0,4.0,4.0,3.0,73.0,50.0,36.0,11.0,11.0,6.0,8.0
2023-329,Tokyo,Hard,32,500,O,20231016,16,FB98,1.0,,Taylor Fritz,R,196.0,USA,25.966,10.0,3410.0,N771,,,Cameron Norrie,L,188.0,GBR,28.148,18.0,1985.0,6-4 6-3,3,R32,80.0,13.0,1.0,53.0,34.0,27.0,13.0,10.0,2.0,3.0,3.0,1.0,64.0,44.0,26.0,8.0,9.0,5.0,8.0
2023-329,Tokyo,Hard,32,500,O,20231016,17,GC88,,Q,Marcos Giron,R,180.0,USA,30.229,79.0,735.0,RH16,2.0,,Casper Ruud,R,183.0,NOR,24.816,8.0,3685.0,6-3 6-4,3,R16,80.0,9.0,0.0,53.0,38.0,30.0,6.0,9.0,0.0,1.0,8.0,2.0,59.0,37.0,25.0,8.0,10.0,3.0,7.0
2023-329,Tokyo,Hard,32,500,O,20231016,18,AG37,8.0,,Felix Auger-Aliassime,R,193.0,CAN,23.187,17.0,2100.0,O513,,,Sebastian Ofner,R,191.0,AUT,27.428,47.0,981.0,6-4 6-1,3,R16,95.0,5.0,4.0,59.0,45.0,34.0,3.0,9.0,5.0,7.0,4.0,3.0,72.0,41.0,23.0,13.0,8.0,11.0,16.0
2023-329,Tokyo,Hard,32,500,O,20231016,19,S0S1,,,Ben Shelton,L,193.0,USA,21.018,19.0,1865.0,TC61,,,Jordan Thompson,R,183.0,AUS,29.489,60.0,861.0,6-7(5) 6-4 6-3,3,R16,169.0,13.0,4.0,96.0,62.0,50.0,19.0,16.0,1.0,2.0,9.0,0.0,120.0,72.0,51.0,21.0,15.0,8.0,11.0
2023-329,Tokyo,Hard,32,500,O,20231016,20,PL56,5.0,,Tommy Paul,R,185.0,USA,26.415,12.0,2705.0,MK66,,,Mackenzie McDonald,R,178.0,USA,28.501,37.0,1075.0,6-4 6-2,3,R16,75.0,6.0,2.0,41.0,22.0,21.0,15.0,9.0,0.0,0.0,4.0,1.0,60.0,44.0,27.0,7.0,9.0,6.0,9.0
2023-329,Tokyo,Hard,32,500,O,20231016,21,KC56,,,Aslan Karatsev,R,185.0,RUS,30.114,50.0,933.0,Z371,,,Zhizhen Zhang,R,193.0,CHN,26.998,57.0,897.0,6-3 6-4,3,R16,80.0,4.0,5.0,49.0,24.0,23.0,17.0,10.0,0.0,0.0,3.0,2.0,61.0,38.0,25.0,11.0,9.0,2.0,4.0
2023-329,Tokyo,Hard,32,500,O,20231016,22,DH58,4.0,,Alex de Minaur,R,183.0,AUS,24.66,13.0,2650.0,SM37,,,Diego Schwartzman,R,170.0,ARG,31.165,113.0,541.0,6-0 7-5,3,R16,89.0,3.0,1.0,48.0,31.0,22.0,12.0,9.0,0.0,1.0,1.0,2.0,68.0,48.0,28.0,5.0,9.0,6.0,11.0
2023-329,Tokyo,Hard,32,500,O,20231016,23,P09Z,,,Alexei Popyrin,R,196.0,AUS,24.197,41.0,1030.0,GD64,,Q,Cristian Garin,R,185.0,CHI,27.379,94.0,651.0,4-6 7-6(3) 6-2,3,R16,177.0,8.0,4.0,109.0,68.0,51.0,21.0,15.0,7.0,9.0,3.0,9.0,117.0,69.0,45.0,25.0,15.0,6.0,9.0
2023-329,Tokyo,Hard,32,500,O,20231016,24,M0HU,,WC,Shintaro Mochizuki,R,175.0,JPN,20.372,215.0,284.0,FB98,1.0,,Taylor Fritz,R,196.0,USA,25.966,10.0,3410.0,0-6 6-4 7-6(2),3,R16,121.0,5.0,3.0,95.0,58.0,40.0,20.0,14.0,5.0,9.0,9.0,4.0,80.0,45.0,31.0,21.0,14.0,3.0,5.0
2023-329,Tokyo,Hard,32,500,O,20231016,25,GC88,,Q,Marcos Giron,R,180.0,USA,30.229,79.0,735.0,AG37,8.0,,Felix Auger-Aliassime,R,193.0,CAN,23.187,17.0,2100.0,6-1 6-4,3,QF,80.0,3.0,1.0,45.0,28.0,20.0,10.0,8.0,1.0,2.0,4.0,5.0,54.0,28.0,19.0,8.0,9.0,3.0,8.0
2023-329,Tokyo,Hard,32,500,O,20231016,26,S0S1,,,Ben Shelton,L,193.0,USA,21.018,19.0,1865.0,PL56,5.0,,Tommy Paul,R,185.0,USA,26.415,12.0,2705.0,7-6(4) 6-3,3,QF,98.0,14.0,5.0,73.0,42.0,34.0,18.0,11.0,6.0,7.0,2.0,1.0,56.0,34.0,23.0,15.0,10.0,0.0,2.0
2023-329,Tokyo,Hard,32,500,O,20231016,27,KC56,,,Aslan Karatsev,R,185.0,RUS,30.114,50.0,933.0,DH58,4.0,,Alex de Minaur,R,183.0,AUS,24.66,13.0,2650.0,6-3 6-2,3,QF,96.0,3.0,3.0,69.0,43.0,31.0,14.0,9.0,5.0,5.0,3.0,1.0,48.0,30.0,20.0,9.0,8.0,2.0,5.0
2023-329,Tokyo,Hard,32,500,O,20231016,28,M0HU,,WC,Shintaro Mochizuki,R,175.0,JPN,20.372,215.0,284.0,P09Z,,,Alexei Popyrin,R,196.0,AUS,24.197,41.0,1030.0,7-5 2-6 7-5,3,QF,142.0,4.0,3.0,99.0,59.0,41.0,19.0,16.0,6.0,9.0,21.0,2.0,98.0,71.0,54.0,10.0,16.0,4.0,7.0
2023-329,Tokyo,Hard,32,500,O,20231016,29,S0S1,,,Ben Shelton,L,193.0,USA,21.018,19.0,1865.0,GC88,,Q,Marcos Giron,R,180.0,USA,30.229,79.0,735.0,6-7(2) 7-6(5) 6-4,3,SF,170.0,13.0,3.0,119.0,88.0,59.0,16.0,17.0,7.0,10.0,8.0,3.0,106.0,71.0,55.0,17.0,17.0,4.0,8.0
2023-329,Tokyo,Hard,32,500,O,20231016,30,KC56,,,Aslan Karatsev,R,185.0,RUS,30.114,50.0,933.0,M0HU,,WC,Shintaro Mochizuki,R,175.0,JPN,20.372,215.0,284.0,6-3 6-4,3,SF,93.0,6.0,0.0,59.0,34.0,29.0,15.0,10.0,1.0,1.0,3.0,1.0,54.0,30.0,21.0,13.0,9.0,4.0,6.0
2023-329,Tokyo,Hard,32,500,O,20231016,31,S0S1,,,Ben Shelton,L,193.0,USA,21.018,19.0,1865.0,KC56,,,Aslan Karatsev,R,185.0,RUS,30.114,50.0,933.0,7-5 6-1,3,F,82.0,3.0,1.0,50.0,40.0,32.0,7.0,9.0,1.0,1.0,2.0,4.0,63.0,36.0,22.0,13.0,10.0,2.0,6.0
2023-7485,Antwerp,Hard,32,250,I,20231016,1,G09O,,,Hugo Gaston,L,173.0,FRA,23.053,96.0,634.0,RC91,,,Arthur Rinderknech,R,196.0,FRA,28.233,82.0,711.0,7-6(7) 6-4,3,R32,122.0,3.0,4.0,90.0,43.0,29.0,29.0,11.0,3.0,4.0,11.0,0.0,79.0,57.0,39.0,12.0,11.0,3.0,5.0
2023-7485,Antwerp,Hard,32,250,I,20231016,2,BT72,,,Nuno Borges,R,185.0,POR,26.653,74.0,748.0,KE73,,,Dominik Koepfer,L,180.0,GER,29.465,78.0,737.0,7-6(6) 6-4,3,R32,97.0,4.0,2.0,68.0,40.0,31.0,17.0,11.0,4.0,6.0,7.0,2.0,81.0,55.0,37.0,13.0,11.0,4.0,7.0
2023-7485,Antwerp,Hard,32,250,I,20231016,3,MN13,,Q,Maximilian Marterer,L,188.0,GER,28.337,127.0,482.0,G628,7.0,,Richard Gasquet,R,183.0,FRA,37.328,62.0,850.0,6-3 6-4,3,R32,69.0,11.0,1.0,59.0,35.0,27.0,16.0,10.0,1.0,1.0,6.0,2.0,52.0,32.0,24.0,11.0,9.0,0.0,2.0
2023-7485,Antwerp,Hard,32,250,I,20231016,4,BK24,,,Gregoire Barrere,R,183.0,FRA,29.662,72.0,758.0,GE33,,,Daniel Elahi Galan,R,191.0,COL,27.326,92.0,665.0,6-1 7-6(5),3,R32,71.0,6.0,0.0,61.0,42.0,34.0,13.0,9.0,2.0,2.0,7.0,2.0,59.0,38.0,28.0,10.0,10.0,2.0,5.0
2023-7485,Antwerp,Hard,32,250,I,20231016,5,GB88,,WC,David Goffin,R,180.0,BEL,32.857,105.0,579.0,HB64,,,Quentin Halys,R,191.0,FRA,26.971,87.0,685.0,6-4 6-1,3,R32,56.0,9.0,0.0,37.0,24.0,22.0,8.0,8.0,1.0,2.0,5.0,2.0,56.0,38.0,23.0,4.0,9.0,4.0,9.0
2023-7485,Antwerp,Hard,32,250,I,20231016,6,M0GZ,,Q,Giovanni Mpetshi Perricard,R,203.0,FRA,20.274,226.0,272.0,CF59,6.0,,Roberto Carballes Baena,R,183.0,ESP,30.565,64.0,820.0,0-6 6-3 7-6(4),3,R32,119.0,13.0,5.0,101.0,66.0,47.0,16.0,14.0,7.0,10.0,4.0,0.0,70.0,54.0,42.0,12.0,13.0,2.0,3.0
2023-7485,Antwerp,Hard,32,250,I,20231016,7,V836,8.0,,Juan Pablo Varillas,R,185.0,PER,28.027,69.0,779.0,M0CI,,,Fabian Marozsan,R,193.0,HUN,24.022,65.0,812.0,7-6(7) 6-4,3,R32,111.0,11.0,3.0,99.0,59.0,39.0,19.0,11.0,9.0,11.0,5.0,2.0,73.0,52.0,37.0,5.0,11.0,2.0,5.0
2023-7485,Antwerp,Hard,32,250,I,20231016,8,S0H2,,,Alexander Shevchenko,R,188.0,KAZ,22.877,84.0,699.0,BM95,,Q,Benjamin Bonzi,R,183.0,FRA,27.351,89.0,674.0,6-7(5) 7-6(5) 6-3,3,R32,149.0,10.0,4.0,120.0,74.0,57.0,23.0,16.0,3.0,4.0,7.0,4.0,112.0,66.0,51.0,25.0,17.0,7.0,10.0
2023-7485,Antwerp,Hard,32,250,I,20231016,9,L0GH,,WC,Mark Lajal,R,191.0,EST,20.43,229.0,271.0,MU94,,,Jaume Munar,R,183.0,ESP,26.448,83.0,701.0,6-3 6-4,3,R32,69.0,8.0,1.0,53.0,33.0,28.0,13.0,10.0,2.0,2.0,4.0,0.0,49.0,32.0,22.0,10.0,9.0,0.0,2.0
2023-7485,Antwerp,Hard,32,250,I,20231016,10,H997,5.0,,Yannick Hanfmann,R,193.0,GER,31.923,56.0,908.0,B0PG,,Q,Alexander Blockx,R,193.0,BEL,18.522,646.0,49.0,6-4 7-6(3),3,R32,98.0,4.0,1.0,71.0,47.0,35.0,16.0,11.0,3.0,3.0,8.0,1.0,69.0,48.0,37.0,10.0,11.0,5.0,6.0
2023-7485,Antwerp,Hard,32,250,I,20231016,11,TB69,,,Dominic Thiem,R,185.0,AUT,30.116,86.0,688.0,N0BG,,WC,Luca Nardi,R,185.0,ITA,20.194,133.0,451.0,3-6 7-6(7) 6-2,3,R32,147.0,5.0,5.0,102.0,63.0,51.0,16.0,14.0,4.0,6.0,7.0,3.0,97.0,65.0,48.0,17.0,15.0,3.0,6.0
2023-7485,Antwerp,Hard,32,250,I,20231016,12,V812,,,Botic van de Zandschulp,R,191.0,NED,28.033,67.0,785.0,S0LA,,,Dominic Stricker,L,183.0,SUI,21.166,90.0,669.0,6-7(4) 6-3 6-3,3,R32,135.0,10.0,2.0,92.0,66.0,55.0,11.0,15.0,2.0,2.0,10.0,2.0,101.0,58.0,39.0,25.0,15.0,5.0,8.0
2023-7485,Antwerp,Hard,32,250,I,20231016,13,G09O,,,Hugo Gaston,L,173.0,FRA,23.053,96.0,634.0,SL28,2.0,,Jan-Lennard Struff,R,193.0,GER,33.476,27.0,1447.0,5-7 7-6(5) 7-6(11),3,R16,169.0,9.0,3.0,146.0,90.0,62.0,28.0,18.0,12.0,16.0,15.0,2.0,120.0,78.0,60.0,19.0,18.0,5.0,8.0
2023-7485,Antwerp,Hard,32,250,I,20231016,14,MN13,,Q,Maximilian Marterer,L,188.0,GER,28.337,127.0,482.0,BT72,,,Nuno Borges,R,185.0,POR,26.653,74.0,748.0,6-3 7-6(3),3,R16,79.0,11.0,2.0,59.0,39.0,35.0,11.0,11.0,1.0,2.0,9.0,0.0,64.0,49.0,37.0,3.0,10.0,3.0,5.0
2023-7485,Antwerp,Hard,32,250,I,20231016,15,BK92,3.0,,Alexander Bublik,R,196.0,KAZ,26.33,36.0,1129.0,BK24,,,Gregoire Barrere,R,183.0,FRA,29.662,72.0,758.0,6-4 6-2,3,R16,66.0,11.0,6.0,52.0,30.0,26.0,12.0,9.0,3.0,3.0,1.0,0.0,50.0,28.0,18.0,11.0,9.0,0.0,3.0
2023-7485,Antwerp,Hard,32,250,I,20231016,16,M0GZ,,Q,Giovanni Mpetshi Perricard,R,203.0,FRA,20.274,226.0,272.0,GB88,,WC,David Goffin,R,180.0,BEL,32.857,105.0,579.0,7-5 6-3,3,R16,71.0,11.0,2.0,53.0,38.0,33.0,11.0,11.0,0.0,0.0,6.0,1.0,57.0,34.0,25.0,13.0,10.0,3.0,5.0
2023-7485,Antwerp,Hard,32,250,I,20231016,17,V836,8.0,,Juan Pablo Varillas,R,185.0,PER,28.027,69.0,779.0,S0H2,,,Alexander Shevchenko,R,188.0,KAZ,22.877,84.0,699.0,3-6 6-3 6-2,3,R16,106.0,1.0,1.0,78.0,52.0,35.0,14.0,13.0,3.0,6.0,6.0,1.0,78.0,44.0,31.0,12.0,13.0,1.0,6.0
2023-7485,Antwerp,Hard,32,250,I,20231016,18,F0F1,4.0,,Arthur Fils,R,185.0,FRA,19.343,38.0,1061.0,L0GH,,WC,Mark Lajal,R,191.0,EST,20.43,229.0,271.0,7-6(4) 7-6(2),3,R16,107.0,6.0,4.0,94.0,52.0,45.0,19.0,12.0,8.0,8.0,7.0,2.0,75.0,50.0,40.0,13.0,12.0,1.0,1.0
2023-7485,Antwerp,Hard,32,250,I,20231016,19,H997,5.0,,Yannick Hanfmann,R,193.0,GER,31.923,56.0,908.0,TB69,,,Dominic Thiem,R,185.0,AUT,30.116,86.0,688.0,6-4 5-7 6-4,3,R16,161.0,6.0,4.0,117.0,81.0,57.0,15.0,16.0,13.0,15.0,14.0,3.0,91.0,62.0,46.0,16.0,16.0,0.0,3.0
2023-7485,Antwerp,Hard,32,250,I,20231016,20,TE51,1.0,,Stefanos Tsitsipas,R,193.0,GRE,25.177,7.0,4360.0,V812,,,Botic van de Zandschulp,R,191.0,NED,28.033,67.0,785.0,7-5 6-3,3,R16,96.0,6.0,4.0,69.0,40.0,30.0,16.0,11.0,4.0,5.0,5.0,2.0,70.0,43.0,31.0,10.0,10.0,7.0,10.0
2023-7485,Antwerp,Hard,32,250,I,20231016,21,MN13,,Q,Maximilian Marterer,L,188.0,GER,28.337,127.0,482.0,G09O,,,Hugo Gaston,L,173.0,FRA,23.053,96.0,634.0,6-3 6-2,3,QF,61.0,9.0,0.0,48.0,34.0,31.0,8.0,9.0,3.0,3.0,2.0,0.0,44.0,27.0,20.0,6.0,8.0,1.0,4.0
2023-7485,Antwerp,Hard,32,250,I,20231016,22,BK92,3.0,,Alexander Bublik,R,196.0,KAZ,26.33,36.0,1129.0,M0GZ,,Q,Giovanni Mpetshi Perricard,R,203.0,FRA,20.274,226.0,272.0,6-4 4-6 6-2,3,QF,87.0,8.0,7.0,72.0,43.0,39.0,13.0,14.0,1.0,3.0,18.0,3.0,71.0,52.0,37.0,10.0,14.0,2.0,6.0
2023-7485,Antwerp,Hard,32,250,I,20231016,23,F0F1,4.0,,Arthur Fils,R,185.0,FRA,19.343,38.0,1061.0,V836,8.0,,Juan Pablo Varillas,R,185.0,PER,28.027,69.0,779.0,6-0 6-3,3,QF,57.0,9.0,1.0,43.0,30.0,24.0,10.0,8.0,2.0,2.0,4.0,1.0,38.0,22.0,15.0,5.0,7.0,0.0,4.0
2023-7485,Antwerp,Hard,32,250,I,20231016,24,TE51,1.0,,Stefanos Tsitsipas,R,193.0,GRE,25.177,7.0,4360.0,H997,5.0,,Yannick Hanfmann,R,193.0,GER,31.923,56.0,908.0,6-3 6-3,3,QF,70.0,7.0,0.0,50.0,35.0,28.0,10.0,9.0,2.0,2.0,2.0,0.0,49.0,34.0,22.0,8.0,9.0,4.0,7.0
2023-7485,Antwerp,Hard,32,250,I,20231016,25,BK92,3.0,,Alexander Bublik,R,196.0,KAZ,26.33,36.0,1129.0,MN13,,Q,Maximilian Marterer,L,188.0,GER,28.337,127.0,482.0,6-4 6-4,3,SF,84.0,12.0,7.0,61.0,38.0,35.0,9.0,10.0,5.0,5.0,1.0,2.0,71.0,45.0,26.0,17.0,10.0,3.0,5.0
2023-7485,Antwerp,Hard,32,250,I,20231016,26,F0F1,4.0,,Arthur Fils,R,185.0,FRA,19.343,38.0,1061.0,TE51,1.0,,Stefanos Tsitsipas,R,193.0,GRE,25.177,7.0,4360.0,7-6(5) 7-6(4),3,SF,120.0,9.0,1.0,93.0,56.0,41.0,23.0,12.0,8.0,9.0,10.0,2.0,78.0,54.0,41.0,14.0,12.0,3.0,4.0
2023-7485,Antwerp,Hard,32,250,I,20231016,27,BK92,3.0,,Alexander Bublik,R,196.0,KAZ,26.33,36.0,1129.0,F0F1,4.0,,Arthur Fils,R,185.0,FRA,19.343,38.0,1061.0,6-4 6-4,3,F,75.0,11.0,11.0,63.0,37.0,36.0,9.0,10.0,3.0,3.0,6.0,2.0,56.0,37.0,24.0,11.0,10.0,1.0,3.0
2023-328,Basel,Hard,32,500,I,20231023,1,AG37,6.0,,Felix Auger-Aliassime,R,193.0,CAN,23.206,19.0,1940.0,HB71,4.0,,Hubert Hurkacz,R,196.0,POL,26.694,11.0,2900.0,7-6(3) 7-6(5),3,F,115.0,13.0,2.0,66.0,45.0,42.0,15.0,12.0,0.0,0.0,12.0,2.0,92.0,54.0,44.0,17.0,12.0,5.0,5.0
2023-328,Basel,Hard,32,500,I,20231023,2,RH16,2.0,,Casper Ruud,R,183.0,NOR,24.835,8.0,3705.0,BK92,,,Alexander Bublik,R,196.0,KAZ,26.349,30.0,1369.0,7-6(5) 6-2,3,R32,108.0,6.0,2.0,81.0,48.0,36.0,13.0,10.0,4.0,6.0,14.0,12.0,73.0,44.0,35.0,6.0,10.0,6.0,10.0
2023-328,Basel,Hard,32,500,I,20231023,3,S0LA,,WC,Dominic Stricker,L,183.0,SUI,21.185,96.0,637.0,HG94,,Q,Benjamin Hassan,R,183.0,LBN,28.715,163.0,387.0,7-6(2) 6-2,3,R32,89.0,4.0,2.0,72.0,39.0,30.0,20.0,10.0,3.0,3.0,3.0,1.0,61.0,35.0,24.0,15.0,10.0,4.0,6.0
2023-328,Basel,Hard,32,500,I,20231023,4,HH26,,,Ugo Humbert,L,188.0,FRA,25.325,28.0,1400.0,GC88,,SE,Marcos Giron,R,180.0,USA,30.248,57.0,915.0,6-3 4-6 7-6(3),3,R32,136.0,9.0,2.0,95.0,60.0,47.0,22.0,16.0,4.0,6.0,7.0,1.0,91.0,65.0,50.0,13.0,15.0,3.0,5.0
2023-328,Basel,Hard,32,500,I,20231023,5,J551,7.0,,Nicolas Jarry,R,201.0,CHI,28.033,20.0,1720.0,ME82,,,Adrian Mannarino,L,180.0,FRA,35.316,24.0,1515.0,7-6(6) 6-7(2) 6-4,3,R32,194.0,23.0,1.0,123.0,83.0,61.0,20.0,17.0,6.0,7.0,11.0,2.0,105.0,64.0,53.0,20.0,17.0,1.0,3.0
2023-328,Basel,Hard,32,500,I,20231023,6,HB71,4.0,,Hubert Hurkacz,R,196.0,POL,26.694,11.0,2900.0,L987,,,Dusan Lajovic,R,183.0,SRB,33.314,53.0,933.0,7-6(2) 6-3,3,R32,86.0,18.0,1.0,73.0,51.0,41.0,10.0,10.0,6.0,7.0,1.0,1.0,66.0,48.0,31.0,10.0,11.0,1.0,4.0
2023-328,Basel,Hard,32,500,I,20231023,7,SL28,,,Jan-Lennard Struff,R,193.0,GER,33.495,27.0,1447.0,E865,,,Christopher Eubanks,R,201.0,USA,27.466,34.0,1323.0,7-6(7) 6-4,3,R32,95.0,8.0,1.0,73.0,45.0,38.0,16.0,11.0,4.0,4.0,12.0,3.0,82.0,57.0,42.0,13.0,11.0,5.0,6.0
2023-328,Basel,Hard,32,500,I,20231023,8,GJ37,,,Tallon Griekspoor,R,188.0,NED,27.307,25.0,1500.0,SX91,,LL,Thiago Seyboth Wild,R,185.0,BRA,23.619,78.0,738.0,7-6(4) 2-6 6-3,3,R32,122.0,14.0,6.0,95.0,67.0,52.0,14.0,15.0,7.0,9.0,11.0,3.0,93.0,61.0,49.0,15.0,14.0,0.0,1.0
2023-328,Basel,Hard,32,500,I,20231023,9,DH58,5.0,,Alex de Minaur,R,183.0,AUS,24.679,13.0,2650.0,SM37,,,Diego Schwartzman,R,170.0,ARG,31.184,104.0,586.0,6-4 6-4,3,R32,105.0,5.0,2.0,59.0,38.0,29.0,12.0,10.0,3.0,4.0,2.0,3.0,75.0,44.0,24.0,19.0,10.0,4.0,7.0
2023-328,Basel,Hard,32,500,I,20231023,10,AG37,6.0,,Felix Auger-Aliassime,R,193.0,CAN,23.206,19.0,1940.0,R0FS,,WC,Leandro Riedi,R,191.0,SUI,21.736,162.0,391.0,6-3 6-2,3,R32,75.0,6.0,3.0,55.0,30.0,21.0,15.0,9.0,1.0,2.0,2.0,5.0,46.0,27.0,17.0,6.0,8.0,2.0,6.0
2023-328,Basel,Hard,32,500,I,20231023,11,V812,,Q,Botic van de Zandschulp,R,191.0,NED,28.052,65.0,805.0,BD06,,,Roberto Bautista Agut,R,183.0,ESP,35.524,48.0,961.0,7-5 6-7(3) 6-2,3,R32,183.0,12.0,4.0,110.0,68.0,52.0,16.0,16.0,3.0,6.0,5.0,2.0,116.0,89.0,50.0,13.0,16.0,10.0,16.0
2023-328,Basel,Hard,32,500,I,20231023,12,S0H2,,Q,Alexander Shevchenko,R,188.0,KAZ,22.897,83.0,707.0,W367,,,Stan Wawrinka,R,183.0,SUI,38.571,45.0,1012.0,6-3 7-6(8),3,R32,105.0,3.0,1.0,74.0,40.0,28.0,22.0,10.0,3.0,4.0,11.0,0.0,76.0,49.0,33.0,15.0,11.0,2.0,5.0
2023-328,Basel,Hard,32,500,I,20231023,13,FB98,3.0,,Taylor Fritz,R,196.0,USA,25.985,9.0,3500.0,PH71,,,Max Purcell,R,185.0,AUS,25.555,41.0,1041.0,7-6(7) 7-6(4),3,R32,119.0,12.0,1.0,87.0,58.0,41.0,17.0,12.0,3.0,5.0,13.0,6.0,99.0,60.0,45.0,15.0,12.0,4.0,6.0
2023-328,Basel,Hard,32,500,I,20231023,14,EA24,,,Tomas Martin Etcheverry,R,196.0,ARG,24.266,32.0,1340.0,K0AH,8.0,,Sebastian Korda,R,196.0,USA,23.299,23.0,1530.0,6-3 1-6 6-3,3,R32,114.0,2.0,1.0,89.0,63.0,43.0,14.0,13.0,4.0,6.0,8.0,2.0,69.0,39.0,33.0,14.0,12.0,1.0,3.0
2023-328,Basel,Hard,32,500,I,20231023,15,MC10,,,Andy Murray,R,191.0,GBR,36.441,40.0,1050.0,H997,,,Yannick Hanfmann,R,193.0,GER,31.943,51.0,941.0,7-5 6-4,3,R32,138.0,7.0,1.0,91.0,57.0,38.0,18.0,11.0,6.0,8.0,1.0,0.0,79.0,60.0,36.0,9.0,11.0,2.0,6.0
2023-328,Basel,Hard,32,500,I,20231023,16,B0BI,,,Sebastian Baez,R,170.0,ARG,22.817,29.0,1400.0,O483,,Q,Christopher O'Connell,R,183.0,AUS,29.388,61.0,844.0,6-7(3) 6-4 6-3,3,R32,137.0,7.0,3.0,89.0,69.0,50.0,9.0,15.0,1.0,3.0,12.0,1.0,97.0,57.0,38.0,21.0,16.0,7.0,12.0
2023-328,Basel,Hard,32,500,I,20231023,17,R0DG,1.0,,Holger Rune,R,188.0,DEN,20.485,6.0,4400.0,KI95,,,Miomir Kecmanovic,R,183.0,SRB,24.145,55.0,930.0,1-6 7-5 6-3,3,R32,120.0,3.0,4.0,77.0,43.0,30.0,20.0,14.0,0.0,3.0,3.0,0.0,91.0,58.0,41.0,16.0,14.0,6.0,9.0
2023-328,Basel,Hard,32,500,I,20231023,18,S0LA,,WC,Dominic Stricker,L,183.0,SUI,21.185,96.0,637.0,RH16,2.0,,Casper Ruud,R,183.0,NOR,24.835,8.0,3705.0,6-4 3-6 7-6(1),3,R16,145.0,13.0,2.0,82.0,55.0,45.0,17.0,15.0,4.0,5.0,4.0,5.0,122.0,78.0,53.0,23.0,16.0,11.0,12.0
2023-328,Basel,Hard,32,500,I,20231023,19,HH26,,,Ugo Humbert,L,188.0,FRA,25.325,28.0,1400.0,J551,7.0,,Nicolas Jarry,R,201.0,CHI,28.033,20.0,1720.0,7-6(3) 7-6(4),3,R16,122.0,4.0,0.0,76.0,52.0,45.0,16.0,12.0,4.0,4.0,7.0,0.0,80.0,55.0,43.0,15.0,12.0,5.0,5.0
2023-328,Basel,Hard,32,500,I,20231023,20,HB71,4.0,,Hubert Hurkacz,R,196.0,POL,26.694,11.0,2900.0,SL28,,,Jan-Lennard Struff,R,193.0,GER,33.495,27.0,1447.0,6-1 6-4,3,R16,66.0,11.0,0.0,47.0,32.0,24.0,9.0,9.0,0.0,1.0,5.0,2.0,65.0,39.0,23.0,10.0,8.0,5.0,9.0
2023-328,Basel,Hard,32,500,I,20231023,21,GJ37,,,Tallon Griekspoor,R,188.0,NED,27.307,25.0,1500.0,DH58,5.0,,Alex de Minaur,R,183.0,AUS,24.679,13.0,2650.0,6-4 6-3,3,R16,84.0,3.0,3.0,58.0,41.0,31.0,10.0,10.0,3.0,4.0,2.0,0.0,64.0,43.0,28.0,10.0,9.0,4.0,7.0
2023-328,Basel,Hard,32,500,I,20231023,22,AG37,6.0,,Felix Auger-Aliassime,R,193.0,CAN,23.206,19.0,1940.0,V812,,Q,Botic van de Zandschulp,R,191.0,NED,28.052,65.0,805.0,6-4 6-2,3,R16,81.0,5.0,2.0,54.0,38.0,29.0,8.0,9.0,2.0,3.0,3.0,2.0,54.0,31.0,20.0,10.0,9.0,2.0,6.0
2023-328,Basel,Hard,32,500,I,20231023,23,S0H2,,Q,Alexander Shevchenko,R,188.0,KAZ,22.897,83.0,707.0,FB98,3.0,,Taylor Fritz,R,196.0,USA,25.985,9.0,3500.0,6-7(7) 7-6(6) 7-6(5),3,R16,173.0,6.0,1.0,150.0,100.0,77.0,25.0,18.0,15.0,15.0,22.0,2.0,118.0,73.0,67.0,24.0,18.0,3.0,3.0
2023-328,Basel,Hard,32,500,I,20231023,24,EA24,,,Tomas Martin Etcheverry,R,196.0,ARG,24.266,32.0,1340.0,MC10,,,Andy Murray,R,191.0,GBR,36.441,40.0,1050.0,6-7(5) 6-3 6-2,3,R16,187.0,2.0,2.0,113.0,80.0,51.0,21.0,15.0,5.0,6.0,2.0,4.0,104.0,61.0,42.0,20.0,14.0,8.0,12.0
2023-328,Basel,Hard,32,500,I,20231023,25,R0DG,1.0,,Holger Rune,R,188.0,DEN,20.485,6.0,4400.0,B0BI,,,Sebastian Baez,R,170.0,ARG,22.817,29.0,1400.0,7-6(2) 6-1,3,R16,89.0,7.0,1.0,59.0,36.0,28.0,18.0,10.0,1.0,1.0,3.0,1.0,62.0,50.0,34.0,4.0,9.0,4.0,6.0
2023-328,Basel,Hard,32,500,I,20231023,26,HH26,,,Ugo Humbert,L,188.0,FRA,25.325,28.0,1400.0,S0LA,,WC,Dominic Stricker,L,183.0,SUI,21.185,96.0,637.0,6-4 2-6 6-2,3,QF,116.0,6.0,1.0,75.0,43.0,30.0,16.0,13.0,4.0,8.0,5.0,3.0,71.0,34.0,32.0,10.0,13.0,2.0,7.0
2023-328,Basel,Hard,32,500,I,20231023,27,HB71,4.0,,Hubert Hurkacz,R,196.0,POL,26.694,11.0,2900.0,GJ37,,,Tallon Griekspoor,R,188.0,NED,27.307,25.0,1500.0,6-7(6) 6-4 6-4,3,QF,139.0,23.0,0.0,99.0,60.0,50.0,24.0,16.0,2.0,2.0,7.0,3.0,113.0,71.0,50.0,25.0,16.0,8.0,10.0
2023-328,Basel,Hard,32,500,I,20231023,28,AG37,6.0,,Felix Auger-Aliassime,R,193.0,CAN,23.206,19.0,1940.0,S0H2,,Q,Alexander Shevchenko,R,188.0,KAZ,22.897,83.0,707.0,7-6(2) 3-6 7-6(1),3,QF,154.0,16.0,3.0,109.0,66.0,49.0,21.0,16.0,4.0,8.0,8.0,0.0,99.0,63.0,45.0,23.0,17.0,5.0,8.0
2023-328,Basel,Hard,32,500,I,20231023,29,R0DG,1.0,,Holger Rune,R,188.0,DEN,20.485,6.0,4400.0,EA24,,,Tomas Martin Etcheverry,R,196.0,ARG,24.266,32.0,1340.0,6-1 3-6 7-6(6),3,QF,159.0,11.0,2.0,112.0,62.0,49.0,24.0,14.0,9.0,10.0,6.0,1.0,83.0,62.0,45.0,14.0,14.0,3.0,5.0
2023-328,Basel,Hard,32,500,I,20231023,30,HB71,4.0,,Hubert Hurkacz,R,196.0,POL,26.694,11.0,2900.0,HH26,,,Ugo Humbert,L,188.0,FRA,25.325,28.0,1400.0,6-4 3-6 7-6(5),3,SF,157.0,8.0,1.0,92.0,61.0,51.0,14.0,15.0,2.0,4.0,4.0,0.0,111.0,67.0,48.0,25.0,16.0,5.0,7.0
2023-328,Basel,Hard,32,500,I,20231023,31,AG37,6.0,,Felix Auger-Aliassime,R,193.0,CAN,23.206,19.0,1940.0,R0DG,1.0,,Holger Rune,R,188.0,DEN,20.485,6.0,4400.0,6-3 6-2,3,SF,82.0,5.0,0.0,50.0,28.0,23.0,15.0,9.0,2.0,2.0,3.0,2.0,57.0,46.0,27.0,4.0,8.0,4.0,7.0
2023-337,Vienna,Hard,32,500,I,20231023,1,S0AG,2.0,,Jannik Sinner,R,191.0,ITA,22.185,4.0,5000.0,MM58,1.0,,Daniil Medvedev,R,198.0,RUS,27.696,3.0,7355.0,7-6(7) 4-6 6-3,3,F,186.0,5.0,0.0,118.0,86.0,55.0,16.0,16.0,9.0,13.0,13.0,8.0,132.0,88.0,57.0,18.0,15.0,12.0,16.0
2023-337,Vienna,Hard,32,500,I,20231023,2,S0AG,2.0,,Jannik Sinner,R,191.0,ITA,22.185,4.0,5000.0,S0S1,,,Ben Shelton,L,193.0,USA,21.038,15.0,2355.0,7-6(2) 7-5,3,R32,104.0,8.0,1.0,71.0,57.0,48.0,8.0,12.0,4.0,4.0,11.0,4.0,78.0,44.0,38.0,16.0,12.0,4.0,5.0
2023-337,Vienna,Hard,32,500,I,20231023,3,SU87,,LL,Lorenzo Sonego,R,191.0,ITA,28.452,52.0,935.0,C0AU,,,Francisco Cerundolo,R,185.0,ARG,25.194,21.0,1680.0,6-4 5-7 6-2,3,R32,139.0,8.0,0.0,83.0,58.0,43.0,19.0,15.0,2.0,3.0,0.0,1.0,105.0,69.0,43.0,21.0,15.0,9.0,12.0
2023-337,Vienna,Hard,32,500,I,20231023,4,MC65,,PR,Gael Monfils,R,193.0,FRA,37.142,89.0,682.0,AE14,,,Daniel Altmaier,R,188.0,GER,25.112,47.0,961.0,6-4 6-4,3,R32,86.0,8.0,1.0,68.0,45.0,37.0,9.0,10.0,5.0,5.0,4.0,0.0,55.0,38.0,26.0,10.0,10.0,1.0,3.0
2023-337,Vienna,Hard,32,500,I,20231023,5,TD51,7.0,,Frances Tiafoe,R,188.0,USA,25.755,14.0,2400.0,E687,,,Daniel Evans,R,175.0,GBR,33.418,35.0,1266.0,1-4 RET,3,R32,31.0,3.0,0.0,22.0,15.0,9.0,1.0,2.0,3.0,4.0,1.0,0.0,17.0,10.0,9.0,3.0,3.0,0.0,0.0
2023-337,Vienna,Hard,32,500,I,20231023,6,RE44,3.0,,Andrey Rublev,R,188.0,RUS,26.007,5.0,4765.0,P09Z,,,Alexei Popyrin,R,196.0,AUS,24.216,39.0,1110.0,7-6(5) 6-4,3,R32,96.0,8.0,1.0,77.0,48.0,33.0,15.0,11.0,3.0,6.0,8.0,3.0,65.0,43.0,29.0,10.0,11.0,3.0,7.0
2023-337,Vienna,Hard,32,500,I,20231023,7,A0FC,,,Matteo Arnaldi,R,185.0,ITA,22.664,46.0,1000.0,R772,,Q,Albert Ramos-Vinolas,L,188.0,ESP,35.765,93.0,669.0,7-6(4) 7-6(2),3,R32,135.0,11.0,2.0,95.0,60.0,43.0,17.0,12.0,1.0,3.0,3.0,3.0,81.0,50.0,37.0,13.0,12.0,2.0,4.0
2023-337,Vienna,Hard,32,500,I,20231023,8,N771,,,Cameron Norrie,L,188.0,GBR,28.167,18.0,1985.0,M0JZ,,Q,Filip Misolic,R,180.0,AUT,22.207,169.0,376.0,7-6(7) 4-6 6-3,3,R32,144.0,4.0,2.0,99.0,67.0,50.0,20.0,16.0,4.0,6.0,7.0,1.0,93.0,61.0,43.0,20.0,15.0,3.0,5.0
2023-337,Vienna,Hard,32,500,I,20231023,9,Z355,5.0,,Alexander Zverev,R,198.0,GER,26.508,10.0,3460.0,O513,,WC,Sebastian Ofner,R,191.0,AUT,27.447,44.0,1015.0,6-4 6-1,3,R32,78.0,4.0,3.0,43.0,26.0,23.0,9.0,8.0,0.0,0.0,5.0,1.0,57.0,32.0,20.0,10.0,9.0,3.0,7.0
2023-337,Vienna,Hard,32,500,I,20231023,10,PL56,6.0,,Tommy Paul,R,185.0,USA,26.434,12.0,2775.0,MP20,,Q,Alexandre Muller,R,183.0,FRA,26.721,84.0,701.0,6-3 6-1,3,R32,70.0,5.0,1.0,45.0,26.0,21.0,12.0,8.0,0.0,0.0,2.0,1.0,71.0,49.0,25.0,11.0,8.0,7.0,11.0
2023-337,Vienna,Hard,32,500,I,20231023,11,GH92,,WC,Borna Gojo,R,196.0,CRO,25.651,77.0,741.0,KC56,,SE,Aslan Karatsev,R,185.0,RUS,30.133,37.0,1213.0,6-3 6-3,3,R32,72.0,6.0,0.0,48.0,38.0,31.0,6.0,9.0,2.0,2.0,3.0,4.0,55.0,27.0,19.0,11.0,9.0,6.0,9.0
2023-337,Vienna,Hard,32,500,I,20231023,12,M0FH,,Q,Tomas Machac,R,183.0,CZE,23.025,74.0,755.0,V832,,,Aleksandar Vukic,R,188.0,AUS,27.546,56.0,927.0,6-3 6-1,3,R32,55.0,7.0,0.0,39.0,29.0,25.0,8.0,8.0,1.0,1.0,1.0,2.0,51.0,31.0,19.0,8.0,8.0,2.0,6.0
2023-337,Vienna,Hard,32,500,I,20231023,13,TE51,4.0,,Stefanos Tsitsipas,R,193.0,GRE,25.196,7.0,4300.0,TB69,,WC,Dominic Thiem,R,185.0,AUT,30.136,99.0,618.0,7-6(5) 6-4,3,R32,118.0,10.0,1.0,80.0,48.0,39.0,18.0,11.0,3.0,3.0,3.0,0.0,68.0,40.0,29.0,19.0,11.0,3.0,4.0
2023-337,Vienna,Hard,32,500,I,20231023,14,KE29,8.0,,Karen Khachanov,R,198.0,RUS,27.422,16.0,2340.0,SX50,,,Roman Safiullin,R,185.0,RUS,26.209,43.0,1027.0,6-4 6-4,3,R32,95.0,6.0,1.0,66.0,44.0,32.0,13.0,10.0,1.0,1.0,7.0,1.0,62.0,40.0,31.0,10.0,10.0,5.0,7.0
2023-337,Vienna,Hard,32,500,I,20231023,15,L0BV,,,Jiri Lehecka,R,185.0,CZE,21.955,31.0,1357.0,W09G,,,J.J. Wolf,R,183.0,USA,24.838,59.0,895.0,6-4 6-4,3,R32,84.0,6.0,1.0,51.0,36.0,26.0,12.0,10.0,0.0,1.0,3.0,4.0,66.0,36.0,26.0,12.0,10.0,3.0,6.0
2023-337,Vienna,Hard,32,500,I,20231023,16,D875,,,Grigor Dimitrov,R,191.0,BUL,32.438,17.0,2195.0,M0EJ,,,Lorenzo Musetti,R,185.0,ITA,21.64,22.0,1640.0,6-3 6-4,3,R32,93.0,8.0,3.0,59.0,41.0,33.0,10.0,10.0,1.0,1.0,2.0,0.0,64.0,42.0,27.0,13.0,9.0,7.0,9.0
2023-337,Vienna,Hard,32,500,I,20231023,17,MM58,1.0,,Daniil Medvedev,R,198.0,RUS,27.696,3.0,7355.0,F0F1,,,Arthur Fils,R,185.0,FRA,19.362,38.0,1203.0,6-4 6-2,3,R32,75.0,5.0,0.0,41.0,31.0,28.0,8.0,9.0,0.0,0.0,4.0,1.0,63.0,43.0,29.0,6.0,9.0,2.0,5.0
2023-337,Vienna,Hard,32,500,I,20231023,18,S0AG,2.0,,Jannik Sinner,R,191.0,ITA,22.185,4.0,5000.0,SU87,,LL,Lorenzo Sonego,R,191.0,ITA,28.452,52.0,935.0,6-2 6-4,3,R16,93.0,1.0,0.0,58.0,48.0,35.0,6.0,9.0,2.0,2.0,6.0,2.0,64.0,41.0,25.0,11.0,9.0,4.0,7.0
2023-337,Vienna,Hard,32,500,I,20231023,19,TD51,7.0,,Frances Tiafoe,R,188.0,USA,25.755,14.0,2400.0,MC65,,PR,Gael Monfils,R,193.0,FRA,37.142,89.0,682.0,5-7 6-1 6-4,3,R16,131.0,3.0,3.0,92.0,61.0,46.0,19.0,15.0,5.0,6.0,10.0,5.0,90.0,48.0,36.0,17.0,14.0,4.0,7.0
2023-337,Vienna,Hard,32,500,I,20231023,20,RE44,3.0,,Andrey Rublev,R,188.0,RUS,26.007,5.0,4765.0,A0FC,,,Matteo Arnaldi,R,185.0,ITA,22.664,46.0,1000.0,7-5 6-3,3,R16,86.0,6.0,0.0,61.0,42.0,35.0,12.0,11.0,1.0,1.0,4.0,4.0,72.0,38.0,25.0,20.0,10.0,7.0,9.0
2023-337,Vienna,Hard,32,500,I,20231023,21,Z355,5.0,,Alexander Zverev,R,198.0,GER,26.508,10.0,3460.0,N771,,,Cameron Norrie,L,188.0,GBR,28.167,18.0,1985.0,6-2 6-4,3,R16,79.0,9.0,0.0,55.0,45.0,36.0,3.0,9.0,5.0,5.0,1.0,2.0,52.0,28.0,19.0,12.0,9.0,1.0,4.0
2023-337,Vienna,Hard,32,500,I,20231023,22,GH92,,WC,Borna Gojo,R,196.0,CRO,25.651,77.0,741.0,PL56,6.0,,Tommy Paul,R,185.0,USA,26.434,12.0,2775.0,6-3 6-4,3,R16,84.0,7.0,2.0,58.0,43.0,33.0,10.0,10.0,2.0,2.0,9.0,2.0,64.0,39.0,25.0,14.0,9.0,4.0,6.0
2023-337,Vienna,Hard,32,500,I,20231023,23,TE51,4.0,,Stefanos Tsitsipas,R,193.0,GRE,25.196,7.0,4300.0,M0FH,,Q,Tomas Machac,R,183.0,CZE,23.025,74.0,755.0,6-3 4-6 7-5,3,R16,118.0,10.0,0.0,79.0,51.0,41.0,17.0,16.0,1.0,3.0,5.0,2.0,85.0,51.0,36.0,20.0,15.0,6.0,9.0
2023-337,Vienna,Hard,32,500,I,20231023,24,KE29,8.0,,Karen Khachanov,R,198.0,RUS,27.422,16.0,2340.0,L0BV,,,Jiri Lehecka,R,185.0,CZE,21.955,31.0,1357.0,6-3 6-1,3,R16,65.0,6.0,0.0,40.0,29.0,25.0,8.0,8.0,0.0,0.0,5.0,1.0,56.0,38.0,21.0,7.0,8.0,4.0,8.0
2023-337,Vienna,Hard,32,500,I,20231023,25,MM58,1.0,,Daniil Medvedev,R,198.0,RUS,27.696,3.0,7355.0,D875,,,Grigor Dimitrov,R,191.0,BUL,32.438,17.0,2195.0,3-6 6-2 6-4,3,R16,126.0,14.0,4.0,91.0,54.0,40.0,17.0,14.0,6.0,9.0,5.0,2.0,73.0,41.0,33.0,12.0,13.0,4.0,8.0
2023-337,Vienna,Hard,32,500,I,20231023,26,S0AG,2.0,,Jannik Sinner,R,191.0,ITA,22.185,4.0,5000.0,TD51,7.0,,Frances Tiafoe,R,188.0,USA,25.755,14.0,2400.0,6-3 6-4,3,QF,79.0,5.0,1.0,55.0,38.0,32.0,12.0,10.0,3.0,3.0,6.0,2.0,56.0,31.0,20.0,14.0,9.0,2.0,4.0
2023-337,Vienna,Hard,32,500,I,20231023,27,RE44,3.0,,Andrey Rublev,R,188.0,RUS,26.007,5.0,4765.0,Z355,5.0,,Alexander Zverev,R,198.0,GER,26.508,10.0,3460.0,6-1 6-7(5) 6-3,3,QF,150.0,6.0,0.0,106.0,70.0,55.0,16.0,15.0,6.0,6.0,12.0,1.0,90.0,65.0,48.0,11.0,13.0,7.0,10.0
2023-337,Vienna,Hard,32,500,I,20231023,28,TE51,4.0,,Stefanos Tsitsipas,R,193.0,GRE,25.196,7.0,4300.0,GH92,,WC,Borna Gojo,R,196.0,CRO,25.651,77.0,741.0,7-6(4) 7-5,3,QF,109.0,12.0,1.0,84.0,51.0,40.0,18.0,12.0,5.0,6.0,14.0,3.0,76.0,51.0,37.0,13.0,12.0,2.0,4.0
2023-337,Vienna,Hard,32,500,I,20231023,29,MM58,1.0,,Daniil Medvedev,R,198.0,RUS,27.696,3.0,7355.0,KE29,8.0,,Karen Khachanov,R,198.0,RUS,27.422,16.0,2340.0,6-3 3-6 6-3,3,QF,135.0,6.0,4.0,89.0,56.0,45.0,16.0,14.0,0.0,1.0,9.0,0.0,89.0,59.0,46.0,11.0,13.0,4.0,6.0
2023-337,Vienna,Hard,32,500,I,20231023,30,S0AG,2.0,,Jannik Sinner,R,191.0,ITA,22.185,4.0,5000.0,RE44,3.0,,Andrey Rublev,R,188.0,RUS,26.007,5.0,4765.0,7-5 7-6(5),3,SF,109.0,10.0,4.0,73.0,45.0,37.0,15.0,12.0,4.0,6.0,4.0,2.0,77.0,55.0,39.0,9.0,12.0,2.0,5.0
2023-337,Vienna,Hard,32,500,I,20231023,31,MM58,1.0,,Daniil Medvedev,R,198.0,RUS,27.696,3.0,7355.0,TE51,4.0,,Stefanos Tsitsipas,R,193.0,GRE,25.196,7.0,4300.0,6-4 7-6(6),3,SF,104.0,5.0,2.0,68.0,49.0,41.0,11.0,11.0,3.0,3.0,6.0,2.0,71.0,42.0,33.0,17.0,11.0,4.0,5.0
2023-352,Paris Masters,Hard,64,M,I,20231030,1,SX50,,Q,Roman Safiullin,R,185.0,RUS,26.229,45.0,1007.0,MP20,,WC,Alexandre Muller,R,183.0,FRA,26.741,83.0,711.0,7-6(4) 6-3,3,R64,98.0,2.0,2.0,76.0,48.0,36.0,14.0,11.0,4.0,5.0,6.0,2.0,71.0,45.0,31.0,12.0,10.0,9.0,11.0
2023-352,Paris Masters,Hard,64,M,I,20231030,2,DB63,,,Laslo Djere,R,188.0,SRB,28.411,34.0,1260.0,V0DZ,,WC,Luca Van Assche,R,178.0,FRA,19.469,69.0,771.0,6-7(6) 6-4 6-4,3,R64,159.0,14.0,2.0,114.0,71.0,50.0,24.0,16.0,7.0,9.0,4.0,4.0,99.0,59.0,41.0,21.0,16.0,3.0,7.0
2023-352,Paris Masters,Hard,64,M,I,20231030,3,KE29,16.0,,Karen Khachanov,R,198.0,RUS,27.441,15.0,2385.0,PH71,,,Max Purcell,R,185.0,AUS,25.574,43.0,1022.0,6-4 6-4,3,R64,87.0,5.0,5.0,58.0,36.0,27.0,12.0,10.0,1.0,2.0,9.0,5.0,64.0,35.0,27.0,11.0,10.0,4.0,7.0
2023-352,Paris Masters,Hard,64,M,I,20231030,4,Z355,10.0,,Alexander Zverev,R,198.0,GER,26.527,9.0,3540.0,F724,,Q,Marton Fucsovics,R,188.0,HUN,31.723,52.0,922.0,4-6 7-5 6-4,3,R64,157.0,5.0,2.0,81.0,60.0,42.0,15.0,16.0,1.0,3.0,3.0,3.0,101.0,63.0,45.0,21.0,16.0,10.0,13.0
2023-352,Paris Masters,Hard,64,M,I,20231030,5,HH26,,,Ugo Humbert,L,188.0,FRA,25.344,26.0,1515.0,GC88,,Q,Marcos Giron,R,180.0,USA,30.267,59.0,845.0,6-4 6-3,3,R64,82.0,4.0,0.0,51.0,33.0,30.0,12.0,10.0,1.0,1.0,1.0,0.0,60.0,33.0,22.0,15.0,9.0,8.0,10.0
2023-352,Paris Masters,Hard,64,M,I,20231030,6,AG37,,,Felix Auger-Aliassime,R,193.0,CAN,23.225,19.0,1940.0,SL28,,,Jan-Lennard Struff,R,193.0,GER,33.514,27.0,1482.0,7-6(3) 6-4,3,R64,98.0,17.0,5.0,67.0,47.0,41.0,10.0,11.0,3.0,3.0,7.0,3.0,84.0,52.0,36.0,17.0,11.0,2.0,3.0
2023-352,Paris Masters,Hard,64,M,I,20231030,7,D875,,,Grigor Dimitrov,R,191.0,BUL,32.457,17.0,2060.0,M0EJ,,,Lorenzo Musetti,R,185.0,ITA,21.659,22.0,1640.0,6-2 6-7(4) 6-3,3,R64,138.0,7.0,2.0,86.0,55.0,45.0,17.0,15.0,2.0,3.0,2.0,0.0,98.0,65.0,39.0,18.0,14.0,5.0,9.0
2023-352,Paris Masters,Hard,64,M,I,20231030,8,J551,,,Nicolas Jarry,R,201.0,CHI,28.052,20.0,1765.0,P09Z,,,Alexei Popyrin,R,196.0,AUS,24.235,39.0,1110.0,7-5 7-6(6),3,R64,126.0,7.0,1.0,67.0,42.0,37.0,16.0,12.0,1.0,2.0,15.0,5.0,96.0,61.0,44.0,17.0,12.0,4.0,6.0
2023-352,Paris Masters,Hard,64,M,I,20231030,9,BK92,,,Alexander Bublik,R,196.0,KAZ,26.368,33.0,1289.0,TD51,14.0,,Frances Tiafoe,R,188.0,USA,25.774,14.0,2480.0,6-3 6-4,3,R64,66.0,11.0,5.0,52.0,34.0,30.0,10.0,10.0,0.0,0.0,4.0,2.0,55.0,29.0,21.0,13.0,9.0,2.0,4.0
2023-352,Paris Masters,Hard,64,M,I,20231030,10,HB71,11.0,,Hubert Hurkacz,R,196.0,POL,26.713,11.0,3110.0,K0AH,,,Sebastian Korda,R,196.0,USA,23.318,24.0,1530.0,6-3 6-7(6) 6-3,3,R64,129.0,15.0,4.0,95.0,52.0,42.0,24.0,16.0,0.0,1.0,11.0,1.0,98.0,66.0,47.0,16.0,14.0,3.0,6.0
2023-352,Paris Masters,Hard,64,M,I,20231030,11,BD06,,,Roberto Bautista Agut,R,183.0,ESP,35.543,66.0,791.0,L0BV,,,Jiri Lehecka,R,185.0,CZE,21.974,30.0,1382.0,6-4 6-2,3,R64,71.0,3.0,1.0,40.0,29.0,24.0,8.0,9.0,0.0,1.0,5.0,3.0,61.0,36.0,21.0,10.0,9.0,7.0,11.0
2023-352,Paris Masters,Hard,64,M,I,20231030,12,C0AU,,,Francisco Cerundolo,R,185.0,ARG,25.213,21.0,1680.0,MC65,,PR,Gael Monfils,R,193.0,FRA,37.161,79.0,727.0,4-6 7-6(2) 7-5,3,R64,161.0,1.0,4.0,127.0,85.0,50.0,24.0,17.0,10.0,15.0,8.0,6.0,98.0,63.0,44.0,17.0,17.0,7.0,12.0
2023-352,Paris Masters,Hard,64,M,I,20231030,13,N732,,Q,Yoshihito Nishioka,L,170.0,JPN,28.09,49.0,930.0,TC61,,LL,Jordan Thompson,R,183.0,AUS,29.528,55.0,896.0,7-6(5) 4-6 6-2,3,R64,150.0,2.0,2.0,93.0,61.0,46.0,18.0,15.0,6.0,8.0,18.0,3.0,102.0,50.0,43.0,23.0,15.0,7.0,10.0
2023-352,Paris Masters,Hard,64,M,I,20231030,14,V812,,Q,Botic van de Zandschulp,R,191.0,NED,28.071,60.0,825.0,ME82,,,Adrian Mannarino,L,180.0,FRA,35.335,25.0,1515.0,6-4 7-5,3,R64,118.0,8.0,2.0,75.0,47.0,30.0,17.0,11.0,5.0,7.0,5.0,0.0,70.0,42.0,25.0,14.0,11.0,5.0,9.0
2023-352,Paris Masters,Hard,64,M,I,20231030,15,PL56,12.0,,Tommy Paul,R,185.0,USA,26.453,12.0,2800.0,G628,,WC,Richard Gasquet,R,183.0,FRA,37.366,68.0,780.0,0-6 6-2 7-6(6),3,R64,126.0,12.0,1.0,77.0,47.0,36.0,10.0,13.0,6.0,11.0,5.0,3.0,89.0,54.0,35.0,18.0,13.0,1.0,5.0
2023-352,Paris Masters,Hard,64,M,I,20231030,16,DH58,13.0,,Alex de Minaur,R,183.0,AUS,24.698,13.0,2650.0,MC10,,,Andy Murray,R,191.0,GBR,36.46,40.0,1050.0,7-6(5) 4-6 7-5,3,R64,180.0,7.0,3.0,112.0,64.0,44.0,21.0,17.0,6.0,11.0,3.0,2.0,107.0,63.0,45.0,20.0,17.0,1.0,6.0
2023-352,Paris Masters,Hard,64,M,I,20231030,17,L987,,LL,Dusan Lajovic,R,183.0,SRB,33.333,48.0,933.0,BM95,,WC,Benjamin Bonzi,R,183.0,FRA,27.389,77.0,738.0,7-5 6-3,3,R64,87.0,6.0,1.0,72.0,48.0,35.0,11.0,11.0,5.0,7.0,8.0,2.0,65.0,36.0,24.0,11.0,10.0,4.0,8.0
2023-352,Paris Masters,Hard,64,M,I,20231030,18,MK66,,,Mackenzie McDonald,R,178.0,USA,28.539,42.0,1030.0,W09G,,Q,J.J. Wolf,R,183.0,USA,24.857,57.0,885.0,1-6 6-4 6-2,3,R64,112.0,9.0,3.0,61.0,35.0,26.0,17.0,12.0,0.0,2.0,7.0,5.0,94.0,43.0,35.0,21.0,13.0,7.0,10.0
2023-352,Paris Masters,Hard,64,M,I,20231030,19,TB69,,Q,Dominic Thiem,R,185.0,AUT,30.155,108.0,573.0,W367,,,Stan Wawrinka,R,183.0,SUI,38.59,51.0,922.0,3-6 6-3 7-5,3,R64,151.0,8.0,2.0,100.0,58.0,41.0,22.0,15.0,10.0,13.0,10.0,6.0,84.0,46.0,36.0,17.0,15.0,1.0,5.0
2023-352,Paris Masters,Hard,64,M,I,20231030,20,AE14,,,Daniel Altmaier,R,188.0,GER,25.131,54.0,901.0,F0F1,,,Arthur Fils,R,185.0,FRA,19.381,36.0,1203.0,6-2 6-4,3,R64,77.0,0.0,2.0,49.0,34.0,28.0,8.0,9.0,1.0,2.0,3.0,5.0,57.0,36.0,25.0,5.0,9.0,2.0,6.0
2023-352,Paris Masters,Hard,64,M,I,20231030,21,FB98,9.0,,Taylor Fritz,R,196.0,USA,26.004,10.0,3500.0,B0BI,,,Sebastian Baez,R,170.0,ARG,22.836,29.0,1435.0,6-1 6-4,3,R64,71.0,8.0,1.0,58.0,35.0,28.0,13.0,9.0,1.0,1.0,0.0,1.0,40.0,26.0,12.0,9.0,8.0,0.0,3.0
2023-352,Paris Masters,Hard,64,M,I,20231030,22,DH50,,,Alejandro Davidovich Fokina,R,180.0,ESP,24.402,28.0,1460.0,S0S1,15.0,,Ben Shelton,L,193.0,USA,21.057,16.0,2355.0,7-6(4) 5-7 6-3,3,R64,148.0,3.0,0.0,105.0,63.0,47.0,26.0,17.0,2.0,4.0,15.0,4.0,89.0,49.0,36.0,25.0,16.0,0.0,2.0
2023-352,Paris Masters,Hard,64,M,I,20231030,23,GJ37,,,Tallon Griekspoor,R,188.0,NED,27.326,23.0,1570.0,E865,,,Christopher Eubanks,R,201.0,USA,27.485,32.0,1323.0,6-7(2) 6-3 6-4,3,R64,122.0,10.0,3.0,94.0,58.0,44.0,21.0,16.0,0.0,1.0,14.0,4.0,108.0,73.0,51.0,15.0,15.0,9.0,12.0
2023-352,Paris Masters,Hard,64,M,I,20231030,24,EA24,,,Tomas Martin Etcheverry,R,196.0,ARG,24.285,31.0,1380.0,KI95,,,Miomir Kecmanovic,R,183.0,SRB,24.164,53.0,905.0,4-6 7-6(6) 6-4,3,R64,168.0,7.0,1.0,99.0,63.0,47.0,20.0,16.0,1.0,4.0,6.0,2.0,99.0,54.0,43.0,20.0,16.0,4.0,7.0
2023-352,Paris Masters,Hard,64,M,I,20231030,25,SX50,,Q,Roman Safiullin,R,185.0,RUS,26.229,45.0,1007.0,A0E2,2.0,,Carlos Alcaraz,R,183.0,ESP,20.487,2.0,8625.0,6-3 6-4,3,R32,97.0,1.0,4.0,59.0,35.0,25.0,12.0,10.0,2.0,4.0,0.0,2.0,54.0,35.0,24.0,7.0,9.0,4.0,8.0
2023-352,Paris Masters,Hard,64,M,I,20231030,26,KE29,16.0,,Karen Khachanov,R,198.0,RUS,27.441,15.0,2385.0,DB63,,,Laslo Djere,R,188.0,SRB,28.411,34.0,1260.0,6-4 7-5,3,R32,110.0,4.0,1.0,60.0,39.0,30.0,14.0,11.0,2.0,3.0,7.0,2.0,91.0,50.0,35.0,18.0,11.0,7.0,10.0
2023-352,Paris Masters,Hard,64,M,I,20231030,27,Z355,10.0,,Alexander Zverev,R,198.0,GER,26.527,9.0,3540.0,HH26,,,Ugo Humbert,L,188.0,FRA,25.344,26.0,1515.0,6-4 6-7(3) 7-6(5),3,R32,209.0,11.0,2.0,132.0,100.0,70.0,17.0,17.0,11.0,13.0,14.0,1.0,121.0,79.0,61.0,19.0,17.0,10.0,13.0
2023-352,Paris Masters,Hard,64,M,I,20231030,28,TE51,7.0,,Stefanos Tsitsipas,R,193.0,GRE,25.216,6.0,4435.0,AG37,,,Felix Auger-Aliassime,R,193.0,CAN,23.225,19.0,1940.0,6-3 7-6(4),3,R32,108.0,1.0,1.0,77.0,46.0,34.0,20.0,11.0,6.0,7.0,9.0,3.0,69.0,50.0,39.0,3.0,10.0,2.0,4.0
2023-352,Paris Masters,Hard,64,M,I,20231030,29,D875,,,Grigor Dimitrov,R,191.0,BUL,32.457,17.0,2060.0,MM58,3.0,,Daniil Medvedev,R,198.0,RUS,27.715,3.0,7200.0,6-3 6-7(4) 7-6(2),3,R32,174.0,8.0,2.0,120.0,83.0,64.0,16.0,17.0,9.0,12.0,6.0,8.0,113.0,67.0,44.0,23.0,16.0,4.0,8.0
2023-352,Paris Masters,Hard,64,M,I,20231030,30,BK92,,,Alexander Bublik,R,196.0,KAZ,26.368,33.0,1289.0,J551,,,Nicolas Jarry,R,201.0,CHI,28.052,20.0,1765.0,7-6(3) 7-6(3),3,R32,118.0,10.0,8.0,83.0,46.0,40.0,21.0,12.0,4.0,4.0,6.0,6.0,80.0,46.0,37.0,20.0,12.0,6.0,6.0
2023-352,Paris Masters,Hard,64,M,I,20231030,31,HB71,11.0,,Hubert Hurkacz,R,196.0,POL,26.713,11.0,3110.0,BD06,,,Roberto Bautista Agut,R,183.0,ESP,35.543,66.0,791.0,6-3 6-2,3,R32,56.0,19.0,0.0,51.0,38.0,31.0,7.0,9.0,1.0,1.0,1.0,1.0,36.0,21.0,15.0,6.0,8.0,0.0,3.0
2023-352,Paris Masters,Hard,64,M,I,20231030,32,C0AU,,,Francisco Cerundolo,R,185.0,ARG,25.213,21.0,1680.0,RH16,8.0,,Casper Ruud,R,183.0,NOR,24.854,8.0,3705.0,7-5 6-4,3,R32,91.0,6.0,2.0,71.0,47.0,30.0,17.0,11.0,5.0,6.0,5.0,2.0,61.0,37.0,25.0,12.0,11.0,2.0,5.0
2023-352,Paris Masters,Hard,64,M,I,20231030,33,RE44,5.0,,Andrey Rublev,R,188.0,RUS,26.026,5.0,4935.0,N732,,Q,Yoshihito Nishioka,L,170.0,JPN,28.09,49.0,930.0,6-4 6-3,3,R32,66.0,12.0,2.0,53.0,33.0,32.0,9.0,10.0,1.0,1.0,2.0,1.0,51.0,35.0,27.0,7.0,9.0,1.0,3.0
2023-352,Paris Masters,Hard,64,M,I,20231030,34,V812,,Q,Botic van de Zandschulp,R,191.0,NED,28.071,60.0,825.0,PL56,12.0,,Tommy Paul,R,185.0,USA,26.453,12.0,2800.0,6-4 2-6 6-3,3,R32,147.0,4.0,3.0,97.0,66.0,38.0,24.0,14.0,14.0,16.0,9.0,2.0,105.0,59.0,46.0,20.0,13.0,11.0,13.0
2023-352,Paris Masters,Hard,64,M,I,20231030,35,DH58,13.0,,Alex de Minaur,R,183.0,AUS,24.698,13.0,2650.0,L987,,LL,Dusan Lajovic,R,183.0,SRB,33.333,48.0,933.0,4-6 6-4 6-4,3,R32,130.0,10.0,1.0,93.0,52.0,42.0,22.0,15.0,5.0,7.0,4.0,4.0,90.0,61.0,41.0,14.0,15.0,3.0,6.0
2023-352,Paris Masters,Hard,64,M,I,20231030,36,S0AG,4.0,,Jannik Sinner,R,191.0,ITA,22.204,4.0,5410.0,MK66,,,Mackenzie McDonald,R,178.0,USA,28.539,42.0,1030.0,6-7(6) 7-5 6-1,3,R32,136.0,4.0,2.0,83.0,48.0,41.0,23.0,16.0,0.0,1.0,8.0,2.0,90.0,60.0,38.0,18.0,15.0,4.0,8.0
2023-352,Paris Masters,Hard,64,M,I,20231030,37,R0DG,6.0,,Holger Rune,R,188.0,DEN,20.504,7.0,4280.0,TB69,,Q,Dominic Thiem,R,185.0,AUT,30.155,108.0,573.0,6-4 6-2,3,R32,91.0,6.0,3.0,60.0,37.0,30.0,11.0,9.0,5.0,5.0,4.0,4.0,54.0,33.0,22.0,10.0,9.0,3.0,6.0
2023-352,Paris Masters,Hard,64,M,I,20231030,38,AE14,,,Daniel Altmaier,R,188.0,GER,25.131,54.0,901.0,FB98,9.0,,Taylor Fritz,R,196.0,USA,26.004,10.0,3500.0,W/O,3,R32,,,,,,,,,,,,,,,,,,,
2023-352,Paris Masters,Hard,64,M,I,20231030,39,GJ37,,,Tallon Griekspoor,R,188.0,NED,27.326,23.0,1570.0,DH50,,,Alejandro Davidovich Fokina,R,180.0,ESP,24.402,28.0,1460.0,6-2 6-2,3,R32,62.0,8.0,2.0,51.0,32.0,27.0,9.0,8.0,2.0,2.0,2.0,2.0,55.0,35.0,21.0,8.0,8.0,3.0,7.0
2023-352,Paris Masters,Hard,64,M,I,20231030,40,D643,1.0,,Novak Djokovic,R,188.0,SRB,36.441,1.0,11045.0,EA24,,,Tomas Martin Etcheverry,R,196.0,ARG,24.285,31.0,1380.0,6-3 6-2,3,R32,84.0,6.0,3.0,52.0,32.0,26.0,12.0,9.0,1.0,1.0,5.0,0.0,50.0,40.0,26.0,4.0,8.0,4.0,7.0
2023-352,Paris Masters,Hard,64,M,I,20231030,41,KE29,16.0,,Karen Khachanov,R,198.0,RUS,27.441,15.0,2385.0,SX50,,Q,Roman Safiullin,R,185.0,RUS,26.229,45.0,1007.0,4-6 6-4 6-2,3,R16,127.0,11.0,3.0,89.0,51.0,46.0,16.0,14.0,5.0,6.0,14.0,4.0,89.0,62.0,47.0,11.0,14.0,1.0,4.0
2023-352,Paris Masters,Hard,64,M,I,20231030,42,TE51,7.0,,Stefanos Tsitsipas,R,193.0,GRE,25.216,6.0,4435.0,Z355,10.0,,Alexander Zverev,R,198.0,GER,26.527,9.0,3540.0,7-6(2) 6-4,3,R16,119.0,10.0,1.0,71.0,46.0,36.0,13.0,11.0,2.0,3.0,5.0,0.0,77.0,58.0,39.0,8.0,11.0,4.0,6.0
2023-352,Paris Masters,Hard,64,M,I,20231030,43,D875,,,Grigor Dimitrov,R,191.0,BUL,32.457,17.0,2060.0,BK92,,,Alexander Bublik,R,196.0,KAZ,26.368,33.0,1289.0,6-2 6-2,3,R16,67.0,2.0,3.0,49.0,28.0,18.0,13.0,8.0,2.0,3.0,5.0,5.0,43.0,28.0,16.0,4.0,8.0,4.0,9.0
2023-352,Paris Masters,Hard,64,M,I,20231030,44,HB71,11.0,,Hubert Hurkacz,R,196.0,POL,26.713,11.0,3110.0,C0AU,,,Francisco Cerundolo,R,185.0,ARG,25.213,21.0,1680.0,6-4 6-3,3,R16,68.0,8.0,1.0,50.0,30.0,21.0,13.0,9.0,2.0,4.0,1.0,5.0,64.0,41.0,28.0,6.0,10.0,6.0,11.0
2023-352,Paris Masters,Hard,64,M,I,20231030,45,RE44,5.0,,Andrey Rublev,R,188.0,RUS,26.026,5.0,4935.0,V812,,Q,Botic van de Zandschulp,R,191.0,NED,28.071,60.0,825.0,6-3 6-3,3,R16,64.0,4.0,4.0,50.0,32.0,28.0,10.0,9.0,1.0,1.0,5.0,2.0,50.0,36.0,25.0,5.0,9.0,1.0,4.0
2023-352,Paris Masters,Hard,64,M,I,20231030,46,DH58,13.0,,Alex de Minaur,R,183.0,AUS,24.698,13.0,2650.0,S0AG,4.0,,Jannik Sinner,R,191.0,ITA,22.204,4.0,5410.0,W/O,3,R16,0.0,,,,,,,,,,,,,,,,,,
2023-352,Paris Masters,Hard,64,M,I,20231030,47,R0DG,6.0,,Holger Rune,R,188.0,DEN,20.504,7.0,4280.0,AE14,,,Daniel Altmaier,R,188.0,GER,25.131,54.0,901.0,6-3 6-3,3,R16,80.0,5.0,2.0,55.0,31.0,25.0,15.0,9.0,3.0,3.0,5.0,2.0,55.0,35.0,22.0,10.0,9.0,1.0,4.0
2023-352,Paris Masters,Hard,64,M,I,20231030,48,D643,1.0,,Novak Djokovic,R,188.0,SRB,36.441,1.0,11045.0,GJ37,,,Tallon Griekspoor,R,188.0,NED,27.326,23.0,1570.0,4-6 7-6(2) 6-4,3,R16,159.0,9.0,7.0,106.0,66.0,51.0,18.0,16.0,6.0,9.0,12.0,4.0,97.0,62.0,48.0,16.0,16.0,4.0,7.0
2023-352,Paris Masters,Hard,64,M,I,20231030,49,TE51,7.0,,Stefanos Tsitsipas,R,193.0,GRE,25.216,6.0,4435.0,KE29,16.0,,Karen Khachanov,R,198.0,RUS,27.441,15.0,2385.0,6-3 6-4,3,QF,80.0,4.0,2.0,53.0,33.0,26.0,10.0,10.0,0.0,1.0,3.0,1.0,50.0,30.0,22.0,7.0,9.0,0.0,3.0
2023-352,Paris Masters,Hard,64,M,I,20231030,50,D875,,,Grigor Dimitrov,R,191.0,BUL,32.457,17.0,2060.0,HB71,11.0,,Hubert Hurkacz,R,196.0,POL,26.713,11.0,3110.0,6-1 4-6 6-4,3,QF,98.0,9.0,2.0,71.0,49.0,40.0,14.0,14.0,1.0,2.0,19.0,2.0,74.0,46.0,35.0,13.0,13.0,0.0,3.0
2023-352,Paris Masters,Hard,64,M,I,20231030,51,RE44,5.0,,Andrey Rublev,R,188.0,RUS,26.026,5.0,4935.0,DH58,13.0,,Alex de Minaur,R,183.0,AUS,24.698,13.0,2650.0,4-6 6-3 6-1,3,QF,121.0,4.0,2.0,79.0,43.0,31.0,21.0,13.0,2.0,4.0,5.0,3.0,96.0,58.0,37.0,16.0,13.0,10.0,15.0
2023-352,Paris Masters,Hard,64,M,I,20231030,52,D643,1.0,,Novak Djokovic,R,188.0,SRB,36.441,1.0,11045.0,R0DG,6.0,,Holger Rune,R,188.0,DEN,20.504,7.0,4280.0,7-5 6-7(3) 6-4,3,QF,174.0,10.0,4.0,91.0,47.0,39.0,28.0,17.0,0.0,1.0,8.0,3.0,98.0,69.0,50.0,18.0,17.0,1.0,4.0
2023-352,Paris Masters,Hard,64,M,I,20231030,53,D875,,,Grigor Dimitrov,R,191.0,BUL,32.457,17.0,2060.0,TE51,7.0,,Stefanos Tsitsipas,R,193.0,GRE,25.216,6.0,4435.0,6-3 6-7(1) 7-6(3),3,SF,151.0,6.0,2.0,97.0,65.0,51.0,25.0,17.0,4.0,4.0,12.0,1.0,102.0,70.0,51.0,22.0,16.0,4.0,5.0
2023-352,Paris Masters,Hard,64,M,I,20231030,54,D643,1.0,,Novak Djokovic,R,188.0,SRB,36.441,1.0,11045.0,RE44,5.0,,Andrey Rublev,R,188.0,RUS,26.026,5.0,4935.0,5-7 7-6(3) 7-5,3,SF,181.0,17.0,5.0,118.0,79.0,58.0,23.0,18.0,4.0,6.0,16.0,2.0,112.0,77.0,56.0,20.0,18.0,6.0,8.0
2023-352,Paris Masters,Hard,64,M,I,20231030,55,D643,1.0,,Novak Djokovic,R,188.0,SRB,36.441,1.0,11045.0,D875,,,Grigor Dimitrov,R,191.0,BUL,32.457,17.0,2060.0,6-4 6-3,3,F,98.0,6.0,1.0,48.0,32.0,26.0,11.0,9.0,0.0,0.0,5.0,2.0,68.0,35.0,25.0,14.0,10.0,1.0,4.0
2023-341,Metz,Hard,32,250,I,20231106,1,H996,,WC,Pierre-Hugues Herbert,R,188.0,FRA,32.638,344.0,148.0,C0H0,,WC,Arthur Cazaux,R,183.0,FRA,21.205,123.0,508.0,7-6(7) 6-4,3,R32,113.0,8.0,1.0,78.0,52.0,41.0,14.0,11.0,2.0,2.0,12.0,0.0,84.0,59.0,44.0,12.0,11.0,7.0,8.0
2023-341,Metz,Hard,32,250,I,20231106,2,V0DZ,,,Luca Van Assche,R,178.0,FRA,19.488,70.0,755.0,V812,,,Botic van de Zandschulp,R,191.0,NED,28.09,51.0,930.0,3-6 6-3 7-6(5),3,R32,162.0,3.0,5.0,95.0,62.0,47.0,19.0,15.0,1.0,2.0,13.0,1.0,109.0,71.0,54.0,18.0,15.0,8.0,9.0
2023-341,Metz,Hard,32,250,I,20231106,3,W367,8.0,,Stan Wawrinka,R,183.0,SUI,38.609,53.0,922.0,Z419,,,Bernabe Zapata Miralles,R,183.0,ESP,26.815,81.0,715.0,6-0 6-2,3,R32,51.0,3.0,1.0,35.0,20.0,16.0,12.0,7.0,0.0,0.0,1.0,2.0,47.0,28.0,15.0,5.0,7.0,5.0,10.0
2023-341,Metz,Hard,32,250,I,20231106,4,LB66,,,Constant Lestienne,R,180.0,FRA,31.455,90.0,689.0,HB48,,Q,Calvin Hemery,R,191.0,FRA,28.772,205.0,307.0,6-3 6-2,3,R32,61.0,9.0,1.0,56.0,37.0,30.0,9.0,9.0,0.0,0.0,4.0,2.0,42.0,25.0,15.0,8.0,8.0,0.0,3.0
2023-341,Metz,Hard,32,250,I,20231106,5,S0H2,,,Alexander Shevchenko,R,188.0,KAZ,22.935,63.0,807.0,BK19,,Q,Mathias Bourgue,R,188.0,FRA,29.799,271.0,212.0,6-4 7-5,3,R32,85.0,2.0,0.0,57.0,41.0,30.0,12.0,11.0,1.0,2.0,4.0,1.0,79.0,52.0,36.0,11.0,11.0,7.0,10.0
2023-341,Metz,Hard,32,250,I,20231106,6,VA70,,LL,Mate Valkusz,R,183.0,HUN,25.232,232.0,265.0,AE14,9.0,,Daniel Altmaier,R,188.0,GER,25.15,54.0,911.0,6-2 6-2,3,R32,71.0,1.0,0.0,42.0,31.0,23.0,6.0,8.0,1.0,2.0,1.0,2.0,60.0,39.0,21.0,7.0,8.0,6.0,11.0
2023-341,Metz,Hard,32,250,I,20231106,7,BK24,,,Gregoire Barrere,R,183.0,FRA,29.719,85.0,698.0,H997,7.0,,Yannick Hanfmann,R,193.0,GER,31.981,50.0,937.0,7-6(5) 6-4,3,R32,99.0,7.0,1.0,80.0,52.0,40.0,16.0,11.0,6.0,7.0,3.0,0.0,70.0,47.0,31.0,14.0,11.0,0.0,2.0
2023-341,Metz,Hard,32,250,I,20231106,8,M0G4,,Q,Harold Mayot,R,180.0,FRA,21.752,176.0,348.0,WB08,,,Yosuke Watanuki,R,180.0,JPN,25.569,79.0,722.0,6-4 1-6 6-4,3,R32,109.0,6.0,1.0,91.0,64.0,40.0,12.0,14.0,10.0,15.0,13.0,1.0,76.0,42.0,31.0,16.0,13.0,7.0,11.0
2023-341,Metz,Hard,32,250,I,20231106,9,TB69,,,Dominic Thiem,R,185.0,AUT,30.174,95.0,643.0,MW76,,LL,Matteo Martineau,R,183.0,FRA,24.805,299.0,184.0,6-4 6-2,3,R32,83.0,6.0,2.0,49.0,35.0,28.0,9.0,9.0,1.0,1.0,4.0,3.0,59.0,38.0,26.0,9.0,9.0,6.0,9.0
2023-341,Metz,Hard,32,250,I,20231106,10,SU87,6.0,,Lorenzo Sonego,R,191.0,ITA,28.49,49.0,955.0,GC88,,,Marcos Giron,R,180.0,USA,30.286,59.0,860.0,2-6 6-3 7-6(3),3,R32,134.0,8.0,4.0,89.0,49.0,39.0,25.0,15.0,3.0,5.0,2.0,2.0,83.0,51.0,39.0,20.0,14.0,2.0,3.0
2023-341,Metz,Hard,32,250,I,20231106,11,S0NV,,Q,Abdullah Shelbayh,L,180.0,JOR,19.973,215.0,294.0,G09O,,,Hugo Gaston,L,173.0,FRA,23.11,83.0,701.0,7-6(5) 6-2,3,R32,111.0,6.0,3.0,83.0,48.0,30.0,19.0,10.0,8.0,11.0,0.0,0.0,73.0,44.0,24.0,14.0,10.0,9.0,14.0
2023-341,Metz,Hard,32,250,I,20231106,12,F510,,WC,Fabio Fognini,R,178.0,ITA,36.454,147.0,409.0,SX91,,,Thiago Seyboth Wild,R,185.0,BRA,23.658,74.0,742.0,7-6(3) 7-6(9),3,R32,127.0,6.0,13.0,99.0,47.0,39.0,24.0,12.0,6.0,8.0,10.0,5.0,85.0,57.0,41.0,13.0,12.0,2.0,4.0
2023-341,Metz,Hard,32,250,I,20231106,13,H996,,WC,Pierre-Hugues Herbert,R,188.0,FRA,32.638,344.0,148.0,BO10,,LL,Gijs Brouwer,L,191.0,NED,27.647,163.0,381.0,7-5 6-4,3,R16,87.0,9.0,4.0,67.0,45.0,33.0,12.0,11.0,2.0,3.0,4.0,3.0,73.0,43.0,31.0,12.0,11.0,6.0,9.0
2023-341,Metz,Hard,32,250,I,20231106,14,V0DZ,,,Luca Van Assche,R,178.0,FRA,19.488,70.0,755.0,W367,8.0,,Stan Wawrinka,R,183.0,SUI,38.609,53.0,922.0,3-6 7-6(6) RET,3,R16,103.0,3.0,3.0,61.0,30.0,22.0,19.0,10.0,2.0,4.0,8.0,2.0,67.0,37.0,32.0,16.0,11.0,2.0,3.0
2023-341,Metz,Hard,32,250,I,20231106,15,KE29,3.0,,Karen Khachanov,R,198.0,RUS,27.461,15.0,2475.0,LB66,,,Constant Lestienne,R,180.0,FRA,31.455,90.0,689.0,6-4 6-4,3,R16,88.0,3.0,0.0,59.0,40.0,29.0,13.0,10.0,1.0,2.0,9.0,3.0,68.0,42.0,26.0,14.0,10.0,3.0,6.0
2023-341,Metz,Hard,32,250,I,20231106,16,S0H2,,,Alexander Shevchenko,R,188.0,KAZ,22.935,63.0,807.0,VA70,,LL,Mate Valkusz,R,183.0,HUN,25.232,232.0,265.0,7-5 2-6 6-2,3,R16,102.0,10.0,2.0,72.0,48.0,41.0,12.0,14.0,0.0,2.0,1.0,2.0,84.0,52.0,36.0,14.0,14.0,1.0,4.0
2023-341,Metz,Hard,32,250,I,20231106,17,M0G4,,Q,Harold Mayot,R,180.0,FRA,21.752,176.0,348.0,BK24,,,Gregoire Barrere,R,183.0,FRA,29.719,85.0,698.0,7-6(2) 2-6 7-6(5),3,R16,146.0,11.0,1.0,121.0,76.0,52.0,26.0,16.0,10.0,14.0,13.0,1.0,120.0,82.0,60.0,17.0,16.0,8.0,10.0
2023-341,Metz,Hard,32,250,I,20231106,18,HH26,4.0,,Ugo Humbert,L,188.0,FRA,25.363,23.0,1540.0,TB69,,,Dominic Thiem,R,185.0,AUT,30.174,95.0,643.0,7-6(5) 4-6 6-3,3,R16,160.0,11.0,2.0,90.0,57.0,48.0,17.0,16.0,4.0,6.0,4.0,3.0,103.0,59.0,43.0,23.0,15.0,3.0,5.0
2023-341,Metz,Hard,32,250,I,20231106,19,SU87,6.0,,Lorenzo Sonego,R,191.0,ITA,28.49,49.0,955.0,S0NV,,Q,Abdullah Shelbayh,L,180.0,JOR,19.973,215.0,294.0,6-3 7-5,3,R16,93.0,10.0,1.0,60.0,40.0,32.0,14.0,11.0,3.0,3.0,3.0,5.0,70.0,43.0,32.0,11.0,10.0,4.0,6.0
2023-341,Metz,Hard,32,250,I,20231106,20,F510,,WC,Fabio Fognini,R,178.0,ITA,36.454,147.0,409.0,BK92,5.0,,Alexander Bublik,R,196.0,KAZ,26.387,32.0,1369.0,4-6 7-6(7) 7-6(5),3,R16,175.0,1.0,6.0,119.0,64.0,45.0,26.0,17.0,5.0,9.0,19.0,13.0,129.0,78.0,58.0,23.0,17.0,8.0,11.0
2023-341,Metz,Hard,32,250,I,20231106,21,H996,,WC,Pierre-Hugues Herbert,R,188.0,FRA,32.638,344.0,148.0,V0DZ,,,Luca Van Assche,R,178.0,FRA,19.488,70.0,755.0,4-6 6-3 7-5,3,QF,154.0,20.0,1.0,97.0,71.0,57.0,12.0,16.0,4.0,5.0,5.0,4.0,119.0,79.0,55.0,20.0,15.0,12.0,14.0
2023-341,Metz,Hard,32,250,I,20231106,22,S0H2,,,Alexander Shevchenko,R,188.0,KAZ,22.935,63.0,807.0,KE29,3.0,,Karen Khachanov,R,198.0,RUS,27.461,15.0,2475.0,6-4 6-4,3,QF,72.0,3.0,2.0,56.0,30.0,26.0,17.0,10.0,3.0,3.0,10.0,0.0,48.0,27.0,23.0,11.0,10.0,1.0,3.0
2023-341,Metz,Hard,32,250,I,20231106,23,HH26,4.0,,Ugo Humbert,L,188.0,FRA,25.363,23.0,1540.0,M0G4,,Q,Harold Mayot,R,180.0,FRA,21.752,176.0,348.0,6-3 7-5,3,QF,86.0,5.0,0.0,56.0,41.0,33.0,12.0,11.0,1.0,1.0,3.0,0.0,68.0,43.0,29.0,14.0,10.0,5.0,7.0
2023-341,Metz,Hard,32,250,I,20231106,24,F510,,WC,Fabio Fognini,R,178.0,ITA,36.454,147.0,409.0,SU87,6.0,,Lorenzo Sonego,R,191.0,ITA,28.49,49.0,955.0,6-1 6-2,3,QF,76.0,1.0,2.0,46.0,21.0,17.0,17.0,8.0,2.0,2.0,4.0,1.0,51.0,30.0,16.0,8.0,7.0,2.0,6.0
2023-341,Metz,Hard,32,250,I,20231106,25,S0H2,,,Alexander Shevchenko,R,188.0,KAZ,22.935,63.0,807.0,H996,,WC,Pierre-Hugues Herbert,R,188.0,FRA,32.638,344.0,148.0,6-4 6-4,3,SF,77.0,8.0,0.0,59.0,39.0,32.0,9.0,10.0,2.0,3.0,10.0,3.0,62.0,45.0,31.0,5.0,10.0,4.0,7.0
2023-341,Metz,Hard,32,250,I,20231106,26,HH26,4.0,,Ugo Humbert,L,188.0,FRA,25.363,23.0,1540.0,F510,,WC,Fabio Fognini,R,178.0,ITA,36.454,147.0,409.0,6-0 6-2,3,SF,67.0,8.0,0.0,38.0,24.0,21.0,9.0,7.0,0.0,0.0,2.0,1.0,56.0,39.0,20.0,4.0,7.0,6.0,11.0
2023-341,Metz,Hard,32,250,I,20231106,27,HH26,4.0,,Ugo Humbert,L,188.0,FRA,25.363,23.0,1540.0,S0H2,,,Alexander Shevchenko,R,188.0,KAZ,22.935,63.0,807.0,6-3 6-3,3,F,67.0,4.0,0.0,45.0,29.0,25.0,12.0,9.0,1.0,1.0,4.0,2.0,55.0,34.0,25.0,9.0,9.0,4.0,7.0
2023-7434,Sofia,Hard,32,250,I,20231106,1,R772,,,Albert Ramos-Vinolas,L,188.0,ESP,35.803,94.0,644.0,CF59,,,Roberto Carballes Baena,R,183.0,ESP,30.623,61.0,816.0,7-5 4-6 6-3,3,R32,168.0,5.0,2.0,111.0,66.0,46.0,19.0,16.0,5.0,9.0,5.0,2.0,81.0,50.0,37.0,13.0,15.0,3.0,8.0
2023-7434,Sofia,Hard,32,250,I,20231106,2,O483,,,Christopher O'Connell,R,183.0,AUS,29.426,66.0,790.0,M0JF,,,Hamad Medjedovic,R,188.0,SRB,20.304,107.0,580.0,6-7(3) 6-1 7-6(2),3,R32,156.0,15.0,1.0,109.0,71.0,55.0,22.0,16.0,4.0,4.0,14.0,3.0,114.0,78.0,51.0,21.0,15.0,8.0,10.0
2023-7434,Sofia,Hard,32,250,I,20231106,3,O513,7.0,,Sebastian Ofner,R,191.0,AUT,27.485,44.0,1019.0,SS25,,Q,Vitaliy Sachko,R,188.0,UKR,26.313,166.0,378.0,6-4 3-6 6-2,3,R32,113.0,10.0,4.0,82.0,48.0,36.0,20.0,13.0,4.0,5.0,6.0,1.0,77.0,50.0,38.0,12.0,14.0,5.0,8.0
2023-7434,Sofia,Hard,32,250,I,20231106,4,K09F,,,Pavel Kotov,R,191.0,RUS,24.966,80.0,721.0,LI39,,WC,Alexandar Lazarov,R,191.0,BUL,25.999,709.0,38.0,3-6 6-1 6-2,3,R32,107.0,3.0,0.0,79.0,59.0,38.0,11.0,12.0,2.0,4.0,2.0,3.0,82.0,59.0,38.0,8.0,12.0,9.0,14.0
2023-7434,Sofia,Hard,32,250,I,20231106,5,R09X,,,Jurij Rodionov,L,191.0,AUT,24.476,110.0,571.0,MW18,,LL,Nicolas Moreno De Alboran,R,185.0,USA,26.313,152.0,401.0,7-6(4) 6-7(4) 6-4,3,R32,175.0,10.0,2.0,118.0,78.0,63.0,20.0,17.0,2.0,2.0,11.0,1.0,120.0,83.0,65.0,19.0,17.0,6.0,7.0
2023-7434,Sofia,Hard,32,250,I,20231106,6,F724,8.0,,Marton Fucsovics,R,188.0,HUN,31.743,47.0,957.0,A0GC,,Q,Terence Atmane,L,193.0,FRA,21.823,134.0,451.0,7-6(4) 6-3,3,R32,92.0,4.0,2.0,63.0,43.0,34.0,12.0,11.0,1.0,2.0,5.0,3.0,59.0,30.0,20.0,18.0,10.0,1.0,3.0
2023-7434,Sofia,Hard,32,250,I,20231106,7,BD06,,,Roberto Bautista Agut,R,183.0,ESP,35.562,60.0,826.0,KI95,9.0,,Miomir Kecmanovic,R,183.0,SRB,24.183,56.0,905.0,7-6(9) 6-7(2) 7-6(5),3,R32,196.0,9.0,1.0,120.0,84.0,59.0,22.0,18.0,1.0,4.0,9.0,3.0,135.0,86.0,66.0,21.0,18.0,7.0,10.0
2023-7434,Sofia,Hard,32,250,I,20231106,8,M0CI,,,Fabian Marozsan,R,193.0,HUN,24.079,62.0,815.0,P09O,,,Zsombor Piros,R,180.0,HUN,24.066,121.0,514.0,6-3 6-1,3,R32,66.0,1.0,1.0,47.0,30.0,19.0,9.0,8.0,1.0,3.0,5.0,1.0,54.0,34.0,15.0,6.0,8.0,4.0,10.0
2023-7434,Sofia,Hard,32,250,I,20231106,9,HD68,,Q,Billy Harris,R,193.0,GBR,28.78,221.0,277.0,HH06,,Q,Marc-Andrea Huesler,L,196.0,SUI,27.368,200.0,310.0,6-4 3-6 7-6(5),3,R32,150.0,9.0,1.0,94.0,61.0,51.0,14.0,15.0,1.0,2.0,12.0,5.0,121.0,73.0,56.0,24.0,16.0,13.0,14.0
2023-7434,Sofia,Hard,32,250,I,20231106,10,PH71,6.0,,Max Purcell,R,185.0,AUS,25.593,45.0,1002.0,H0BH,,,Rinky Hijikata,R,178.0,AUS,22.7,72.0,744.0,6-3 6-3,3,R32,82.0,7.0,1.0,57.0,31.0,24.0,13.0,9.0,6.0,7.0,3.0,0.0,54.0,37.0,25.0,4.0,9.0,5.0,9.0
2023-7434,Sofia,Hard,32,250,I,20231106,11,I306,,WC,Cem Ilkel,R,185.0,TUR,28.211,259.0,228.0,KC33,,WC,Dimitar Kuzmanov,R,183.0,BUL,30.275,189.0,323.0,6-0 6-3,3,R32,84.0,5.0,1.0,41.0,25.0,21.0,9.0,7.0,0.0,0.0,5.0,1.0,70.0,48.0,23.0,10.0,8.0,9.0,14.0
2023-7434,Sofia,Hard,32,250,I,20231106,12,D0CO,,,Jack Draper,L,193.0,GBR,21.873,82.0,706.0,MN13,,,Maximilian Marterer,L,188.0,GER,28.394,97.0,634.0,6-3 6-2,3,R32,67.0,7.0,3.0,40.0,29.0,25.0,7.0,8.0,0.0,0.0,2.0,0.0,55.0,35.0,20.0,9.0,9.0,3.0,7.0
2023-7434,Sofia,Hard,32,250,I,20231106,13,ME82,2.0,,Adrian Mannarino,L,180.0,FRA,35.354,25.0,1525.0,R772,,,Albert Ramos-Vinolas,L,188.0,ESP,35.803,94.0,644.0,6-4 6-4,3,R16,104.0,10.0,1.0,48.0,35.0,28.0,7.0,10.0,0.0,2.0,3.0,1.0,79.0,52.0,30.0,12.0,10.0,6.0,10.0
2023-7434,Sofia,Hard,32,250,I,20231106,14,O513,7.0,,Sebastian Ofner,R,191.0,AUT,27.485,44.0,1019.0,O483,,,Christopher O'Connell,R,183.0,AUS,29.426,66.0,790.0,6-7(6) 6-4 6-2,3,R16,135.0,10.0,1.0,95.0,58.0,45.0,24.0,15.0,6.0,7.0,11.0,2.0,94.0,55.0,42.0,18.0,15.0,5.0,9.0
2023-7434,Sofia,Hard,32,250,I,20231106,15,K09F,,,Pavel Kotov,R,191.0,RUS,24.966,80.0,721.0,B0BI,4.0,,Sebastian Baez,R,170.0,ARG,22.856,29.0,1435.0,3-6 7-6(4) RET,3,R16,97.0,6.0,1.0,61.0,43.0,31.0,6.0,10.0,2.0,5.0,1.0,1.0,71.0,57.0,34.0,9.0,11.0,3.0,5.0
2023-7434,Sofia,Hard,32,250,I,20231106,16,F724,8.0,,Marton Fucsovics,R,188.0,HUN,31.743,47.0,957.0,R09X,,,Jurij Rodionov,L,191.0,AUT,24.476,110.0,571.0,3-6 6-4 6-1,3,R16,131.0,6.0,2.0,81.0,40.0,33.0,21.0,13.0,2.0,4.0,6.0,1.0,86.0,55.0,35.0,14.0,13.0,7.0,11.0
2023-7434,Sofia,Hard,32,250,I,20231106,17,M0CI,,,Fabian Marozsan,R,193.0,HUN,24.079,62.0,815.0,BD06,,,Roberto Bautista Agut,R,183.0,ESP,35.562,60.0,826.0,6-3 3-6 7-6(4),3,R16,138.0,8.0,3.0,89.0,58.0,42.0,17.0,15.0,3.0,6.0,6.0,0.0,111.0,72.0,50.0,17.0,15.0,7.0,10.0
2023-7434,Sofia,Hard,32,250,I,20231106,18,SL28,3.0,,Jan-Lennard Struff,R,193.0,GER,33.533,28.0,1442.0,HD68,,Q,Billy Harris,R,193.0,GBR,28.78,221.0,277.0,7-6(5) 6-4,3,R16,97.0,11.0,2.0,72.0,43.0,33.0,18.0,11.0,3.0,4.0,7.0,4.0,83.0,53.0,38.0,13.0,11.0,3.0,5.0
2023-7434,Sofia,Hard,32,250,I,20231106,19,I306,,WC,Cem Ilkel,R,185.0,TUR,28.211,259.0,228.0,PH71,6.0,,Max Purcell,R,185.0,AUS,25.593,45.0,1002.0,6-3 4-6 6-4,3,R16,126.0,11.0,0.0,93.0,58.0,43.0,21.0,15.0,3.0,4.0,12.0,2.0,74.0,46.0,37.0,15.0,14.0,2.0,4.0
2023-7434,Sofia,Hard,32,250,I,20231106,20,D0CO,,,Jack Draper,L,193.0,GBR,21.873,82.0,706.0,M0EJ,1.0,,Lorenzo Musetti,R,185.0,ITA,21.678,27.0,1470.0,7-5 6-2,3,R16,108.0,7.0,2.0,60.0,35.0,31.0,12.0,10.0,5.0,6.0,0.0,1.0,71.0,47.0,30.0,6.0,10.0,4.0,8.0
2023-7434,Sofia,Hard,32,250,I,20231106,21,ME82,2.0,,Adrian Mannarino,L,180.0,FRA,35.354,25.0,1525.0,O513,7.0,,Sebastian Ofner,R,191.0,AUT,27.485,44.0,1019.0,6-7(7) 6-4 6-3,3,QF,158.0,7.0,1.0,106.0,71.0,46.0,21.0,16.0,4.0,7.0,7.0,4.0,108.0,67.0,47.0,14.0,15.0,11.0,16.0
2023-7434,Sofia,Hard,32,250,I,20231106,22,K09F,,,Pavel Kotov,R,191.0,RUS,24.966,80.0,721.0,F724,8.0,,Marton Fucsovics,R,188.0,HUN,31.743,47.0,957.0,6-3 7-6(3),3,QF,112.0,2.0,3.0,77.0,51.0,36.0,15.0,11.0,7.0,8.0,1.0,5.0,70.0,36.0,22.0,19.0,10.0,0.0,2.0
2023-7434,Sofia,Hard,32,250,I,20231106,23,SL28,3.0,,Jan-Lennard Struff,R,193.0,GER,33.533,28.0,1442.0,M0CI,,,Fabian Marozsan,R,193.0,HUN,24.079,62.0,815.0,7-6(3) 4-6 6-4,3,QF,118.0,13.0,4.0,89.0,63.0,49.0,11.0,16.0,3.0,7.0,6.0,4.0,101.0,69.0,51.0,11.0,16.0,4.0,8.0
2023-7434,Sofia,Hard,32,250,I,20231106,24,D0CO,,,Jack Draper,L,193.0,GBR,21.873,82.0,706.0,I306,,WC,Cem Ilkel,R,185.0,TUR,28.211,259.0,228.0,6-2 6-2,3,QF,75.0,6.0,0.0,41.0,26.0,23.0,10.0,8.0,0.0,0.0,1.0,1.0,55.0,34.0,16.0,11.0,8.0,5.0,9.0
2023-7434,Sofia,Hard,32,250,I,20231106,25,ME82,2.0,,Adrian Mannarino,L,180.0,FRA,35.354,25.0,1525.0,K09F,,,Pavel Kotov,R,191.0,RUS,24.966,80.0,721.0,6-2 7-6(2),3,SF,85.0,7.0,0.0,56.0,41.0,31.0,12.0,10.0,1.0,1.0,5.0,2.0,57.0,43.0,27.0,8.0,10.0,1.0,3.0
2023-7434,Sofia,Hard,32,250,I,20231106,26,D0CO,,,Jack Draper,L,193.0,GBR,21.873,82.0,706.0,SL28,3.0,,Jan-Lennard Struff,R,193.0,GER,33.533,28.0,1442.0,6-3 6-4,3,SF,84.0,10.0,2.0,67.0,37.0,29.0,15.0,10.0,7.0,8.0,10.0,2.0,53.0,30.0,22.0,10.0,9.0,1.0,4.0
2023-7434,Sofia,Hard,32,250,I,20231106,27,ME82,2.0,,Adrian Mannarino,L,180.0,FRA,35.354,25.0,1525.0,D0CO,,,Jack Draper,L,193.0,GBR,21.873,82.0,706.0,7-6(6) 2-6 6-3,3,F,137.0,6.0,0.0,91.0,52.0,38.0,23.0,15.0,3.0,6.0,10.0,1.0,79.0,50.0,40.0,19.0,14.0,0.0,2.0
2023-605,Tour Finals,Hard,8,F,I,20231113,1,Z355,7.0,,Alexander Zverev,R,198.0,GER,26.565,7.0,3585.0,RE44,5.0,,Andrey Rublev,R,188.0,RUS,26.064,5.0,4805.0,6-4 6-4,3,RR,101.0,10.0,1.0,66.0,47.0,33.0,11.0,10.0,3.0,4.0,6.0,0.0,68.0,46.0,32.0,8.0,10.0,4.0,7.0
2023-605,Tour Finals,Hard,8,F,I,20231113,2,MM58,3.0,,Daniil Medvedev,R,198.0,RUS,27.754,3.0,7200.0,Z355,7.0,,Alexander Zverev,R,198.0,GER,26.565,7.0,3585.0,7-6(7) 6-4,3,RR,105.0,4.0,2.0,70.0,51.0,40.0,10.0,11.0,3.0,4.0,9.0,0.0,67.0,51.0,34.0,10.0,11.0,0.0,2.0
2023-605,Tour Finals,Hard,8,F,I,20231113,3,MM58,3.0,,Daniil Medvedev,R,198.0,RUS,27.754,3.0,7200.0,RE44,5.0,,Andrey Rublev,R,188.0,RUS,26.064,5.0,4805.0,6-4 6-2,3,RR,91.0,10.0,3.0,64.0,36.0,30.0,14.0,9.0,7.0,7.0,2.0,2.0,68.0,45.0,28.0,9.0,9.0,7.0,10.0
2023-605,Tour Finals,Hard,8,F,I,20231113,4,Z355,7.0,,Alexander Zverev,R,198.0,GER,26.565,7.0,3585.0,A0E2,2.0,,Carlos Alcaraz,R,183.0,ESP,20.526,2.0,8455.0,6-7(3) 6-3 6-4,3,RR,151.0,16.0,2.0,97.0,75.0,59.0,11.0,16.0,5.0,6.0,11.0,2.0,92.0,64.0,47.0,15.0,15.0,5.0,8.0
2023-605,Tour Finals,Hard,8,F,I,20231113,5,A0E2,2.0,,Carlos Alcaraz,R,183.0,ESP,20.526,2.0,8455.0,RE44,5.0,,Andrey Rublev,R,188.0,RUS,26.064,5.0,4805.0,7-5 6-2,3,RR,74.0,5.0,0.0,47.0,34.0,32.0,8.0,10.0,0.0,0.0,4.0,2.0,61.0,45.0,28.0,8.0,10.0,3.0,6.0
2023-605,Tour Finals,Hard,8,F,I,20231113,6,A0E2,2.0,,Carlos Alcaraz,R,183.0,ESP,20.526,2.0,8455.0,MM58,3.0,,Daniil Medvedev,R,198.0,RUS,27.754,3.0,7200.0,6-4 6-4,3,RR,80.0,3.0,1.0,56.0,41.0,31.0,10.0,10.0,2.0,2.0,3.0,3.0,56.0,38.0,28.0,8.0,10.0,3.0,5.0
2023-605,Tour Finals,Hard,8,F,I,20231113,7,R0DG,8.0,,Holger Rune,R,188.0,DEN,20.542,8.0,3460.0,TE51,,,Stefanos Tsitsipas,R,193.0,GRE,25.254,6.0,4235.0,2-1 RET,3,RR,17.0,1.0,1.0,15.0,10.0,6.0,4.0,2.0,2.0,2.0,1.0,0.0,8.0,6.0,5.0,0.0,1.0,0.0,0.0
2023-605,Tour Finals,Hard,8,F,I,20231113,8,S0AG,4.0,,Jannik Sinner,R,191.0,ITA,22.242,4.0,5490.0,R0DG,8.0,,Holger Rune,R,188.0,DEN,20.542,8.0,3460.0,6-2 5-7 6-4,3,RR,152.0,11.0,0.0,84.0,49.0,41.0,21.0,15.0,4.0,5.0,15.0,3.0,109.0,70.0,50.0,16.0,15.0,7.0,10.0
2023-605,Tour Finals,Hard,8,F,I,20231113,9,S0AG,4.0,,Jannik Sinner,R,191.0,ITA,22.242,4.0,5490.0,TE51,,,Stefanos Tsitsipas,R,193.0,GRE,25.254,6.0,4235.0,6-4 6-4,3,RR,85.0,9.0,2.0,51.0,36.0,32.0,9.0,10.0,0.0,0.0,6.0,0.0,61.0,37.0,26.0,14.0,10.0,3.0,5.0
2023-605,Tour Finals,Hard,8,F,I,20231113,10,D643,1.0,,Novak Djokovic,R,188.0,SRB,36.479,1.0,9945.0,R0DG,8.0,,Holger Rune,R,188.0,DEN,20.542,8.0,3460.0,7-6(4) 6-7(1) 6-3,3,RR,184.0,10.0,4.0,108.0,74.0,55.0,14.0,17.0,3.0,6.0,18.0,7.0,109.0,66.0,49.0,18.0,16.0,4.0,8.0
2023-605,Tour Finals,Hard,8,F,I,20231113,11,D643,1.0,,Novak Djokovic,R,188.0,SRB,36.479,1.0,9945.0,HB71,9.0,,Hubert Hurkacz,R,196.0,POL,26.752,9.0,3245.0,7-6(1) 4-6 6-1,3,RR,125.0,6.0,1.0,81.0,51.0,38.0,22.0,15.0,0.0,1.0,24.0,6.0,89.0,52.0,44.0,12.0,14.0,5.0,7.0
2023-605,Tour Finals,Hard,8,F,I,20231113,12,S0AG,4.0,,Jannik Sinner,R,191.0,ITA,22.242,4.0,5490.0,D643,1.0,,Novak Djokovic,R,188.0,SRB,36.479,1.0,9945.0,7-5 6-7(5) 7-6(2),3,RR,189.0,15.0,2.0,118.0,71.0,56.0,26.0,18.0,2.0,3.0,20.0,1.0,100.0,63.0,51.0,22.0,18.0,1.0,3.0
2023-605,Tour Finals,Hard,8,F,I,20231113,13,D643,1.0,,Novak Djokovic,R,188.0,SRB,36.479,1.0,9945.0,A0E2,2.0,,Carlos Alcaraz,R,183.0,ESP,20.526,2.0,8455.0,6-3 6-2,3,SF,88.0,2.0,1.0,55.0,37.0,30.0,10.0,9.0,4.0,4.0,10.0,1.0,56.0,47.0,29.0,3.0,8.0,5.0,8.0
2023-605,Tour Finals,Hard,8,F,I,20231113,14,S0AG,4.0,,Jannik Sinner,R,191.0,ITA,22.242,4.0,5490.0,MM58,3.0,,Daniil Medvedev,R,198.0,RUS,27.754,3.0,7200.0,6-3 6-7(4) 6-1,3,SF,149.0,10.0,2.0,104.0,60.0,50.0,21.0,15.0,2.0,2.0,10.0,2.0,88.0,55.0,44.0,12.0,13.0,4.0,7.0
2023-605,Tour Finals,Hard,8,F,I,20231113,15,D643,1.0,,Novak Djokovic,R,188.0,SRB,36.479,1.0,9945.0,S0AG,4.0,,Jannik Sinner,R,191.0,ITA,22.242,4.0,5490.0,6-3 6-3,3,F,103.0,13.0,0.0,46.0,32.0,29.0,9.0,9.0,2.0,2.0,8.0,1.0,74.0,49.0,28.0,12.0,9.0,5.0,8.0
2023-M-DC-2023-FLS-M-CAN-FIN-01,Davis Cup Finals QF: CAN vs FIN,Hard,2,D,I,20231121,1,R975,,,Milos Raonic,R,196.0,CAN,32.901,318.0,165.0,KH41,,,Patrick Kaukovalta,R,193.0,FIN,24.972,782.0,28.0,6-3 7-5,3,RR,,18.0,1.0,47.0,34.0,33.0,11.0,11.0,0.0,0.0,11.0,0.0,60.0,36.0,27.0,12.0,10.0,3.0,5.0
2023-M-DC-2023-FLS-M-CAN-FIN-01,Davis Cup Finals QF: CAN vs FIN,Hard,2,D,I,20231121,2,V0AM,,,Otto Virtanen,R,193.0,FIN,22.418,171.0,365.0,D0F6,,,Gabriel Diallo,R,203.0,CAN,22.157,139.0,446.0,6-4 7-5,3,RR,,14.0,2.0,63.0,39.0,33.0,12.0,11.0,1.0,1.0,2.0,2.0,67.0,41.0,28.0,16.0,11.0,3.0,5.0
2023-M-DC-2023-FLS-M-CZE-AUS-01,Davis Cup Finals QF: CZE vs AUS,Hard,2,D,I,20231122,1,M0FH,,,Tomas Machac,R,183.0,CZE,23.107,78.0,731.0,TC61,,,Jordan Thompson,R,183.0,AUS,29.591,56.0,902.0,6-4 7-5,3,RR,,0.0,2.0,68.0,36.0,26.0,20.0,11.0,4.0,5.0,3.0,0.0,75.0,39.0,25.0,21.0,11.0,8.0,11.0
2023-M-DC-2023-FLS-M-CZE-AUS-01,Davis Cup Finals QF: CZE vs AUS,Hard,2,D,I,20231122,2,DH58,,,Alex de Minaur,R,183.0,AUS,24.761,12.0,2740.0,L0BV,,,Jiri Lehecka,R,185.0,CZE,22.037,31.0,1372.0,4-6 7-6(2) 7-5,3,RR,,4.0,2.0,101.0,60.0,43.0,28.0,17.0,5.0,8.0,8.0,2.0,117.0,79.0,50.0,24.0,17.0,9.0,12.0
2023-M-DC-2023-FLS-M-ITA-NED-01,Davis Cup Finals QF: ITA vs NED,Hard,2,D,I,20231123,1,V812,,,Botic van de Zandschulp,R,191.0,NED,28.137,51.0,930.0,A0FC,,,Matteo Arnaldi,R,185.0,ITA,22.749,44.0,1021.0,6-7(6) 6-3 7-6(7),3,RR,,14.0,4.0,105.0,69.0,55.0,22.0,17.0,3.0,4.0,5.0,3.0,121.0,78.0,53.0,24.0,16.0,5.0,7.0
2023-M-DC-2023-FLS-M-SRB-GBR-01,Davis Cup Finals QF: SRB vs GBR,Hard,2,D,I,20231123,1,KI95,,,Miomir Kecmanovic,R,183.0,SRB,24.23,55.0,905.0,D0CO,,,Jack Draper,L,193.0,GBR,21.919,60.0,856.0,7-6(2) 7-6(6),3,RR,,4.0,0.0,74.0,50.0,41.0,17.0,12.0,0.0,0.0,10.0,4.0,89.0,55.0,43.0,17.0,12.0,4.0,4.0
2023-M-DC-2023-FLS-M-ITA-NED-01,Davis Cup Finals QF: ITA vs NED,Hard,2,D,I,20231123,2,S0AG,,,Jannik Sinner,R,191.0,ITA,22.27,4.0,6490.0,GJ37,,,Tallon Griekspoor,R,188.0,NED,27.392,23.0,1640.0,7-6(3) 6-1,3,RR,,9.0,1.0,50.0,32.0,29.0,15.0,10.0,0.0,0.0,7.0,1.0,60.0,42.0,26.0,11.0,9.0,3.0,5.0
2023-M-DC-2023-FLS-M-SRB-GBR-01,Davis Cup Finals QF: SRB vs GBR,Hard,2,D,I,20231123,2,D643,,,Novak Djokovic,R,188.0,SRB,36.507,1.0,11245.0,N771,,,Cameron Norrie,L,188.0,GBR,28.252,18.0,1940.0,6-4 6-4,3,RR,,8.0,1.0,48.0,27.0,24.0,16.0,10.0,0.0,0.0,4.0,1.0,75.0,53.0,35.0,10.0,10.0,10.0,12.0
2023-M-DC-2023-FLS-M-FIN-AUS-01,Davis Cup Finals SF: FIN vs AUS,Hard,2,D,I,20231124,1,P09Z,,,Alexei Popyrin,R,196.0,AUS,24.304,40.0,1084.0,V0AM,,,Otto Virtanen,R,193.0,FIN,22.426,171.0,365.0,7-6(5) 6-2,3,RR,,4.0,1.0,66.0,44.0,34.0,14.0,10.0,1.0,1.0,8.0,5.0,64.0,33.0,23.0,19.0,10.0,1.0,3.0
2023-M-DC-2023-FLS-M-FIN-AUS-01,Davis Cup Finals SF: FIN vs AUS,Hard,2,D,I,20231124,2,DH58,,,Alex de Minaur,R,183.0,AUS,24.767,12.0,2740.0,RH24,,,Emil Ruusuvuori,R,188.0,FIN,24.646,69.0,771.0,6-4 6-3,3,RR,,1.0,3.0,53.0,32.0,24.0,10.0,9.0,2.0,4.0,1.0,2.0,81.0,58.0,30.0,12.0,10.0,13.0,18.0
2023-M-DC-2023-FLS-M-ITA-SRB-01,Davis Cup Finals SF: ITA vs SRB,Hard,2,D,I,20231125,1,KI95,,,Miomir Kecmanovic,R,183.0,SRB,24.235,55.0,905.0,M0EJ,,,Lorenzo Musetti,R,185.0,ITA,21.73,27.0,1470.0,6-7(7) 6-2 6-1,3,RR,,5.0,0.0,81.0,56.0,42.0,17.0,14.0,2.0,3.0,9.0,3.0,103.0,65.0,41.0,14.0,13.0,7.0,12.0
2023-M-DC-2023-FLS-M-ITA-SRB-01,Davis Cup Finals SF: ITA vs SRB,Hard,2,D,I,20231125,2,S0AG,,,Jannik Sinner,R,191.0,ITA,22.275,4.0,6490.0,D643,,,Novak Djokovic,R,188.0,SRB,36.512,1.0,11245.0,6-2 2-6 7-5,3,RR,135.0,12.0,5.0,105.0,67.0,48.0,17.0,14.0,7.0,9.0,6.0,1.0,77.0,46.0,35.0,18.0,14.0,1.0,4.0
2023-M-DC-2023-FLS-M-AUS-ITA-01,Davis Cup Finals F: AUS vs ITA,Hard,2,D,I,20231126,1,A0FC,,,Matteo Arnaldi,R,185.0,ITA,22.757,44.0,1021.0,P09Z,,,Alexei Popyrin,R,196.0,AUS,24.309,40.0,1084.0,7-5 2-6 6-4,3,RR,,5.0,9.0,107.0,53.0,37.0,26.0,15.0,13.0,16.0,12.0,3.0,106.0,64.0,47.0,18.0,15.0,8.0,11.0
2023-M-DC-2023-FLS-M-AUS-ITA-01,Davis Cup Finals F: AUS vs ITA,Hard,2,D,I,20231126,2,S0AG,,,Jannik Sinner,R,191.0,ITA,22.278,4.0,6490.0,DH58,,,Alex de Minaur,R,183.0,AUS,24.772,12.0,2740.0,6-3 6-0,3,RR,,5.0,1.0,48.0,34.0,25.0,7.0,7.0,1.0,1.0,2.0,1.0,57.0,33.0,18.0,9.0,8.0,5.0,10.0
2023-7696,NextGen Finals,Hard,8,A,I,20231127,1,M0JF,6.0,,Hamad Medjedovic,R,188.0,SRB,20.361,110.0,582.0,S0NV,8.0,,Abdullah Shelbayh,L,180.0,JOR,20.03,185.0,326.0,3-4(6) 4-2 4-3(5) 4-2,5,RR,92.0,18.0,1.0,71.0,56.0,49.0,8.0,12.0,3.0,3.0,9.0,2.0,76.0,50.0,36.0,14.0,12.0,0.0,2.0
2023-7696,NextGen Finals,Hard,8,A,I,20231127,2,S0NV,8.0,,Abdullah Shelbayh,L,180.0,JOR,20.03,185.0,326.0,M0QI,4.0,,Alex Michelsen,R,193.0,USA,19.255,97.0,653.0,4-2 1-4 4-0 4-0,5,RR,67.0,7.0,2.0,51.0,34.0,25.0,10.0,9.0,3.0,4.0,2.0,1.0,55.0,37.0,22.0,8.0,10.0,5.0,10.0
2023-7696,NextGen Finals,Hard,8,A,I,20231127,3,M0JF,6.0,,Hamad Medjedovic,R,188.0,SRB,20.361,110.0,582.0,M0QI,4.0,,Alex Michelsen,R,193.0,USA,19.255,97.0,653.0,4-2 4-3(3) 3-4(3) 3-4(5) 4-3(4),5,RR,149.0,14.0,7.0,97.0,61.0,54.0,16.0,15.0,2.0,3.0,13.0,4.0,112.0,87.0,57.0,12.0,15.0,9.0,11.0
2023-7696,NextGen Finals,Hard,8,A,I,20231127,4,V0DZ,2.0,,Luca Van Assche,R,178.0,FRA,19.546,70.0,756.0,S0NV,8.0,,Abdullah Shelbayh,L,180.0,JOR,20.03,185.0,326.0,4-3(5) 3-4(5) 4-1 4-1,5,RR,114.0,9.0,3.0,81.0,62.0,40.0,5.0,11.0,15.0,17.0,5.0,3.0,76.0,41.0,28.0,11.0,11.0,5.0,10.0
2023-7696,NextGen Finals,Hard,8,A,I,20231127,5,M0JF,6.0,,Hamad Medjedovic,R,188.0,SRB,20.361,110.0,582.0,V0DZ,2.0,,Luca Van Assche,R,178.0,FRA,19.546,70.0,756.0,4-2 2-4 4-3(7) 4-1,5,RR,108.0,13.0,2.0,74.0,45.0,35.0,15.0,12.0,6.0,7.0,4.0,3.0,70.0,43.0,29.0,13.0,11.0,9.0,11.0
2023-7696,NextGen Finals,Hard,8,A,I,20231127,6,V0DZ,2.0,,Luca Van Assche,R,178.0,FRA,19.546,70.0,756.0,M0QI,4.0,,Alex Michelsen,R,193.0,USA,19.255,97.0,653.0,4-3(0) 3-4(4) 3-4(4) 4-1 4-3(6),5,RR,156.0,4.0,0.0,104.0,68.0,54.0,18.0,15.0,7.0,9.0,3.0,2.0,97.0,66.0,44.0,19.0,14.0,8.0,11.0
2023-7696,NextGen Finals,Hard,8,A,I,20231127,7,N0BG,7.0,,Luca Nardi,R,185.0,ITA,20.309,115.0,549.0,C0E9,5.0,,Flavio Cobolli,R,183.0,ITA,21.561,100.0,640.0,3-4(4) 4-2 4-3(1) 1-4 4-3(3),5,RR,133.0,5.0,0.0,93.0,67.0,51.0,14.0,14.0,5.0,7.0,3.0,2.0,97.0,52.0,42.0,20.0,15.0,3.0,5.0
2023-7696,NextGen Finals,Hard,8,A,I,20231127,8,S0LA,3.0,,Dominic Stricker,L,183.0,SUI,21.281,94.0,673.0,N0BG,7.0,,Luca Nardi,R,185.0,ITA,20.309,115.0,549.0,4-1 4-1 4-2,5,RR,54.0,3.0,0.0,44.0,28.0,22.0,10.0,8.0,4.0,4.0,1.0,3.0,48.0,35.0,22.0,4.0,8.0,2.0,6.0
2023-7696,NextGen Finals,Hard,8,A,I,20231127,9,C0E9,5.0,,Flavio Cobolli,R,183.0,ITA,21.561,100.0,640.0,S0LA,3.0,,Dominic Stricker,L,183.0,SUI,21.281,94.0,673.0,4-2 3-4(7) 4-1 4-2,5,RR,98.0,6.0,3.0,81.0,44.0,33.0,16.0,12.0,11.0,12.0,5.0,1.0,70.0,42.0,29.0,15.0,11.0,1.0,5.0
2023-7696,NextGen Finals,Hard,8,A,I,20231127,10,F0F1,1.0,,Arthur Fils,R,185.0,FRA,19.458,36.0,1158.0,N0BG,7.0,,Luca Nardi,R,185.0,ITA,20.309,115.0,549.0,2-4 4-3(6) 4-2 1-4 4-2,5,RR,122.0,5.0,7.0,80.0,41.0,33.0,23.0,14.0,0.0,2.0,5.0,1.0,90.0,65.0,49.0,11.0,15.0,3.0,5.0
2023-7696,NextGen Finals,Hard,8,A,I,20231127,11,F0F1,1.0,,Arthur Fils,R,185.0,FRA,19.458,36.0,1158.0,C0E9,5.0,,Flavio Cobolli,R,183.0,ITA,21.561,100.0,640.0,4-1 4-2 4-2,5,RR,59.0,5.0,1.0,48.0,32.0,23.0,11.0,9.0,1.0,2.0,5.0,3.0,39.0,19.0,11.0,8.0,8.0,1.0,5.0
2023-7696,NextGen Finals,Hard,8,A,I,20231127,12,F0F1,1.0,,Arthur Fils,R,185.0,FRA,19.458,36.0,1158.0,S0LA,3.0,,Dominic Stricker,L,183.0,SUI,21.281,94.0,673.0,4-2 3-4(3) 4-2 4-3(5),5,RR,104.0,8.0,3.0,77.0,46.0,35.0,18.0,12.0,2.0,3.0,6.0,3.0,82.0,56.0,39.0,12.0,12.0,8.0,11.0
2023-7696,NextGen Finals,Hard,8,A,I,20231127,13,M0JF,6.0,,Hamad Medjedovic,R,188.0,SRB,20.361,110.0,582.0,S0LA,3.0,,Dominic Stricker,L,183.0,SUI,21.281,94.0,673.0,4-3(5) 2-1 RET,5,SF,32.0,5.0,0.0,25.0,19.0,17.0,5.0,4.0,0.0,0.0,6.0,0.0,33.0,18.0,15.0,8.0,5.0,0.0,1.0
2023-7696,NextGen Finals,Hard,8,A,I,20231127,14,F0F1,1.0,,Arthur Fils,R,185.0,FRA,19.458,36.0,1158.0,V0DZ,2.0,,Luca Van Assche,R,178.0,FRA,19.546,70.0,756.0,2-4 4-1 4-3(1) 4-3(6),5,SF,97.0,9.0,4.0,70.0,45.0,39.0,14.0,12.0,2.0,3.0,6.0,1.0,65.0,43.0,32.0,14.0,11.0,2.0,3.0
2023-7696,NextGen Finals,Hard,8,A,I,20231127,15,M0JF,6.0,,Hamad Medjedovic,R,188.0,SRB,20.361,110.0,582.0,F0F1,1.0,,Arthur Fils,R,185.0,FRA,19.458,36.0,1158.0,3-4(6) 4-1 4-2 3-4(9) 4-1,5,F,131.0,19.0,1.0,92.0,70.0,62.0,10.0,15.0,4.0,4.0,11.0,1.0,87.0,57.0,46.0,12.0,13.0,1.0,4.0
