tourney_id,tourney_name,surface,draw_size,tourney_level,indoor,tourney_date,match_num,winner_id,winner_seed,winner_entry,winner_name,winner_hand,winner_ht,winner_ioc,winner_age,winner_rank,winner_rank_points,loser_id,loser_seed,loser_entry,loser_name,loser_hand,loser_ht,loser_ioc,loser_age,loser_rank,loser_rank_points,score,best_of,round,minutes,w_ace,w_df,w_svpt,w_1stIn,w_1stWon,w_2ndWon,w_SvGms,w_bpSaved,w_bpFaced,l_ace,l_df,l_svpt,l_1stIn,l_1stWon,l_2ndWon,l_SvGms,l_bpSaved,l_bpFaced
2020-8888,ATP Cup,Hard,24,A,O,20200103,1,D632,,,Steve Darcis,R,175.0,BEL,35.808,157.0,332.0,CJ60,,,Alexandr Cozbinov,R,188.0,MDA,24.684,,,6-4 6-7(4) 7-5,3,RR,190.0,8.0,2.0,113.0,66.0,43.0,21.0,17.0,8.0,14.0,2.0,2.0,116.0,72.0,42.0,18.0,17.0,6.0,14.0
2020-8888,ATP Cup,Hard,24,A,O,20200103,2,GB88,,,David Goffin,R,180.0,BEL,29.073,11.0,2335.0,A829,,,Radu Albot,R,175.0,MDA,30.144,46.0,1067.0,6-4 6-1,3,RR,82.0,6.0,3.0,54.0,30.0,22.0,15.0,8.0,5.0,5.0,3.0,2.0,63.0,39.0,23.0,10.0,9.0,7.0,11.0
2020-8888,ATP Cup,Hard,24,A,O,20200103,3,N771,,,Cameron Norrie,L,188.0,GBR,24.364,53.0,975.0,KC33,,,Dimitar Kuzmanov,R,183.0,BUL,26.434,423.0,80.0,6-2 3-6 6-2,3,RR,119.0,8.0,5.0,60.0,40.0,33.0,7.0,12.0,2.0,5.0,4.0,2.0,82.0,53.0,32.0,12.0,13.0,4.0,10.0
2020-8888,ATP Cup,Hard,24,A,O,20200103,4,D875,,,Grigor Dimitrov,R,191.0,BUL,28.635,20.0,1747.0,E687,,,Daniel Evans,R,175.0,GBR,29.615,42.0,1124.0,2-6 6-4 6-1,3,RR,136.0,3.0,4.0,81.0,50.0,29.0,19.0,13.0,3.0,7.0,1.0,0.0,83.0,53.0,32.0,13.0,12.0,3.0,8.0
2020-8888,ATP Cup,Hard,24,A,O,20200103,5,FB98,,,Taylor Fritz,R,196.0,USA,22.182,32.0,1315.0,DC76,,,Viktor Durasovic,R,185.0,NOR,22.793,332.0,117.0,6-2 6-2,3,RR,61.0,11.0,2.0,39.0,23.0,22.0,11.0,8.0,1.0,1.0,3.0,1.0,57.0,32.0,18.0,10.0,8.0,7.0,11.0
2020-8888,ATP Cup,Hard,24,A,O,20200103,6,RH16,,,Casper Ruud,R,183.0,NOR,21.032,54.0,956.0,I186,,,John Isner,R,208.0,USA,34.689,19.0,1770.0,6-7(3) 7-6(10) 7-5,3,RR,163.0,4.0,0.0,105.0,80.0,69.0,18.0,18.0,1.0,1.0,33.0,2.0,123.0,90.0,77.0,13.0,18.0,5.0,6.0
2020-8888,ATP Cup,Hard,24,A,O,20200103,7,KE29,,,Karen Khachanov,R,198.0,RUS,23.619,17.0,1840.0,TA12,,,Stefano Travaglia,R,185.0,ITA,28.016,84.0,637.0,7-5 6-3,3,RR,88.0,6.0,1.0,65.0,46.0,36.0,8.0,11.0,1.0,3.0,5.0,3.0,58.0,30.0,22.0,11.0,10.0,1.0,5.0
2020-8888,ATP Cup,Hard,24,A,O,20200103,8,MM58,,,Daniil Medvedev,R,198.0,RUS,23.893,5.0,5705.0,F510,,,Fabio Fognini,R,178.0,ITA,32.613,12.0,2290.0,1-6 6-1 6-3,3,RR,107.0,6.0,4.0,58.0,32.0,24.0,15.0,11.0,0.0,2.0,4.0,2.0,94.0,57.0,34.0,16.0,12.0,14.0,18.0
2020-8888,ATP Cup,Hard,24,A,O,20200103,9,AG37,,,Felix Auger-Aliassime,R,193.0,CAN,19.403,21.0,1636.0,PM13,,,Michail Pervolarakis,R,193.0,GRE,23.576,487.0,62.0,6-1 6-3,3,RR,69.0,5.0,4.0,42.0,26.0,22.0,10.0,8.0,0.0,0.0,0.0,1.0,46.0,18.0,12.0,12.0,8.0,6.0,10.0
2020-8888,ATP Cup,Hard,24,A,O,20200103,10,SU55,,,Denis Shapovalov,L,185.0,CAN,20.72,15.0,2050.0,TE51,,,Stefanos Tsitsipas,R,193.0,GRE,21.394,6.0,5300.0,7-6(4) 7-6(6),3,RR,123.0,12.0,4.0,92.0,61.0,48.0,17.0,12.0,4.0,4.0,3.0,3.0,75.0,47.0,40.0,17.0,12.0,1.0,1.0
2020-8888,ATP Cup,Hard,24,A,O,20200103,11,KE17,,,Nick Kyrgios,R,193.0,AUS,24.687,30.0,1395.0,SL28,,,Jan-Lennard Struff,R,193.0,GER,29.692,35.0,1245.0,7-6(4) 6-4,3,RR,72.0,20.0,1.0,63.0,46.0,40.0,11.0,11.0,0.0,0.0,15.0,3.0,57.0,38.0,36.0,10.0,11.0,0.0,1.0
2020-8888,ATP Cup,Hard,24,A,O,20200103,12,DH58,,,Alex de Minaur,R,183.0,AUS,20.876,18.0,1775.0,Z355,,,Alexander Zverev,R,198.0,GER,22.705,7.0,3345.0,4-6 7-6(3) 6-2,3,RR,164.0,2.0,0.0,101.0,77.0,52.0,14.0,15.0,7.0,10.0,10.0,14.0,106.0,69.0,52.0,12.0,15.0,8.0,12.0
2020-8888,ATP Cup,Hard,24,A,O,20200103,13,PC11,,,Guido Pella,L,183.0,ARG,29.632,25.0,1530.0,MQ75,,,Kamil Majchrzak,R,183.0,POL,23.973,101.0,575.0,6-2 2-6 6-2,3,RR,124.0,9.0,3.0,72.0,32.0,26.0,20.0,12.0,4.0,7.0,3.0,3.0,81.0,40.0,28.0,16.0,12.0,10.0,15.0
2020-8888,ATP Cup,Hard,24,A,O,20200103,14,HB71,,,Hubert Hurkacz,R,196.0,POL,22.891,37.0,1198.0,SM37,,,Diego Schwartzman,R,170.0,ARG,27.381,14.0,2125.0,4-6 6-2 6-3,3,RR,138.0,18.0,3.0,95.0,66.0,51.0,11.0,14.0,5.0,6.0,1.0,3.0,90.0,48.0,34.0,21.0,13.0,2.0,5.0
2020-8888,ATP Cup,Hard,24,A,O,20200103,15,C977,,,Marin Cilic,R,198.0,CRO,31.264,39.0,1165.0,DB59,,,Dennis Novak,R,183.0,AUT,26.349,108.0,524.0,6-7(4) 6-4 6-4,3,RR,146.0,15.0,3.0,94.0,58.0,48.0,23.0,16.0,2.0,2.0,11.0,2.0,103.0,65.0,46.0,24.0,16.0,3.0,5.0
2020-8888,ATP Cup,Hard,24,A,O,20200103,16,CG80,,,Borna Coric,R,188.0,CRO,23.135,28.0,1415.0,TB69,,,Dominic Thiem,R,185.0,AUT,26.333,4.0,5825.0,7-6(4) 2-6 6-3,3,RR,162.0,5.0,2.0,107.0,62.0,45.0,20.0,15.0,8.0,12.0,13.0,8.0,92.0,55.0,44.0,13.0,14.0,6.0,9.0
2020-8888,ATP Cup,Hard,24,A,O,20200103,17,SC47,,,Go Soeda,R,178.0,JPN,35.326,121.0,461.0,CC98,,,Martin Cuevas,R,191.0,URU,27.97,523.0,52.0,6-1 6-3,3,RR,77.0,0.0,1.0,41.0,36.0,29.0,4.0,8.0,0.0,0.0,5.0,2.0,65.0,41.0,24.0,9.0,8.0,4.0,8.0
2020-8888,ATP Cup,Hard,24,A,O,20200103,18,N732,,,Yoshihito Nishioka,L,170.0,JPN,24.268,73.0,764.0,C882,,,Pablo Cuevas,R,180.0,URU,34.004,45.0,1097.0,6-0 6-1,3,RR,54.0,1.0,2.0,37.0,23.0,18.0,10.0,7.0,0.0,0.0,0.0,0.0,36.0,26.0,9.0,2.0,6.0,1.0,6.0
2020-8888,ATP Cup,Hard,24,A,O,20200103,19,BD06,,,Roberto Bautista Agut,R,183.0,ESP,31.721,9.0,2540.0,MN23,,,Aleksandre Metreveli,R,183.0,GEO,26.398,679.0,29.0,6-0 6-0,3,RR,72.0,1.0,0.0,30.0,18.0,15.0,10.0,6.0,1.0,1.0,5.0,2.0,67.0,41.0,20.0,7.0,6.0,8.0,14.0
2020-8888,ATP Cup,Hard,24,A,O,20200103,20,N409,,,Rafael Nadal,L,185.0,ESP,33.585,1.0,9985.0,BG23,,,Nikoloz Basilashvili,R,185.0,GEO,27.86,26.0,1450.0,6-3 7-5,3,RR,109.0,2.0,2.0,56.0,35.0,26.0,12.0,11.0,2.0,5.0,4.0,5.0,77.0,37.0,23.0,16.0,10.0,5.0,10.0
2020-8888,ATP Cup,Hard,24,A,O,20200103,21,PD31,,,Benoit Paire,R,196.0,FRA,30.656,24.0,1538.0,J551,,,Nicolas Jarry,R,201.0,CHI,24.23,77.0,695.0,6-7(3) 6-3 6-3,3,RR,132.0,13.0,9.0,105.0,50.0,40.0,26.0,15.0,9.0,11.0,12.0,2.0,96.0,64.0,41.0,16.0,15.0,5.0,10.0
2020-8888,ATP Cup,Hard,24,A,O,20200103,22,MC65,,,Gael Monfils,R,193.0,FRA,33.339,10.0,2530.0,GD64,,,Cristian Garin,R,185.0,CHI,23.595,33.0,1297.0,6-3 7-5,3,RR,79.0,11.0,6.0,66.0,43.0,35.0,10.0,11.0,3.0,4.0,4.0,2.0,53.0,29.0,22.0,11.0,10.0,1.0,4.0
2020-8888,ATP Cup,Hard,24,A,O,20200103,23,L987,,,Dusan Lajovic,R,183.0,SRB,29.511,34.0,1296.0,HG86,,,Lloyd Harris,R,193.0,RSA,22.856,99.0,576.0,3-6 7-6(4) 6-3,3,RR,135.0,1.0,1.0,87.0,60.0,44.0,17.0,16.0,0.0,3.0,15.0,5.0,96.0,63.0,46.0,13.0,14.0,6.0,8.0
2020-8888,ATP Cup,Hard,24,A,O,20200103,24,D643,,,Novak Djokovic,R,188.0,SRB,32.619,2.0,9145.0,A678,,,Kevin Anderson,R,203.0,RSA,33.629,91.0,610.0,7-6(5) 7-6(6),3,RR,139.0,10.0,1.0,74.0,55.0,43.0,13.0,12.0,3.0,4.0,17.0,3.0,105.0,71.0,52.0,13.0,12.0,7.0,8.0
2020-8888,ATP Cup,Hard,24,A,O,20200103,25,KC33,,,Dimitar Kuzmanov,R,183.0,BUL,26.434,423.0,80.0,CJ60,,,Alexandr Cozbinov,R,188.0,MDA,24.684,,,6-1 7-5,3,RR,108.0,6.0,2.0,69.0,45.0,30.0,14.0,10.0,4.0,6.0,2.0,1.0,64.0,45.0,23.0,7.0,9.0,3.0,8.0
2020-8888,ATP Cup,Hard,24,A,O,20200103,26,D875,,,Grigor Dimitrov,R,191.0,BUL,28.635,20.0,1747.0,A829,,,Radu Albot,R,175.0,MDA,30.144,46.0,1067.0,6-2 6-3,3,RR,83.0,5.0,8.0,57.0,35.0,30.0,9.0,9.0,4.0,5.0,0.0,2.0,50.0,24.0,16.0,10.0,8.0,2.0,6.0
2020-8888,ATP Cup,Hard,24,A,O,20200103,27,D632,,,Steve Darcis,R,175.0,BEL,35.808,157.0,332.0,N771,,,Cameron Norrie,L,188.0,GBR,24.364,53.0,975.0,6-2 6-4,3,RR,72.0,5.0,1.0,46.0,32.0,27.0,7.0,9.0,0.0,1.0,2.0,1.0,51.0,36.0,19.0,9.0,9.0,4.0,8.0
2020-8888,ATP Cup,Hard,24,A,O,20200103,28,TA12,,,Stefano Travaglia,R,185.0,ITA,28.016,84.0,637.0,DC76,,,Viktor Durasovic,R,185.0,NOR,22.793,332.0,117.0,6-1 6-1,3,RR,56.0,5.0,1.0,36.0,17.0,15.0,13.0,7.0,0.0,0.0,3.0,1.0,44.0,21.0,9.0,9.0,7.0,3.0,8.0
2020-8888,ATP Cup,Hard,24,A,O,20200103,29,RH16,,,Casper Ruud,R,183.0,NOR,21.032,54.0,956.0,F510,,,Fabio Fognini,R,178.0,ITA,32.613,12.0,2290.0,6-2 6-2,3,RR,66.0,2.0,1.0,46.0,35.0,28.0,6.0,8.0,0.0,0.0,1.0,3.0,47.0,22.0,13.0,10.0,8.0,5.0,9.0
2020-8888,ATP Cup,Hard,24,A,O,20200103,30,KE29,,,Karen Khachanov,R,198.0,RUS,23.619,17.0,1840.0,FB98,,,Taylor Fritz,R,196.0,USA,22.182,32.0,1315.0,3-6 7-5 6-1,3,RR,111.0,12.0,1.0,75.0,54.0,46.0,7.0,14.0,4.0,6.0,11.0,6.0,89.0,53.0,42.0,11.0,14.0,3.0,7.0
2020-8888,ATP Cup,Hard,24,A,O,20200103,31,MM58,,,Daniil Medvedev,R,198.0,RUS,23.893,5.0,5705.0,I186,,,John Isner,R,208.0,USA,34.689,19.0,1770.0,6-3 6-1,3,RR,60.0,6.0,0.0,46.0,27.0,22.0,13.0,8.0,2.0,2.0,4.0,1.0,44.0,27.0,14.0,9.0,8.0,3.0,7.0
2020-8888,ATP Cup,Hard,24,A,O,20200103,32,MH30,,,John Millman,R,183.0,AUS,30.554,48.0,1026.0,AG37,,,Felix Auger-Aliassime,R,193.0,CAN,19.403,21.0,1636.0,6-2 6-4,3,RR,101.0,1.0,1.0,68.0,41.0,25.0,18.0,9.0,8.0,9.0,5.0,1.0,55.0,33.0,21.0,8.0,9.0,3.0,7.0
2020-8888,ATP Cup,Hard,24,A,O,20200103,33,DH58,,,Alex de Minaur,R,183.0,AUS,20.876,18.0,1775.0,SU55,,,Denis Shapovalov,L,185.0,CAN,20.72,15.0,2050.0,6-7(6) 6-4 6-2,3,RR,180.0,4.0,2.0,118.0,76.0,49.0,23.0,15.0,14.0,16.0,9.0,7.0,110.0,64.0,41.0,24.0,15.0,9.0,14.0
2020-8888,ATP Cup,Hard,24,A,O,20200103,34,SL28,,,Jan-Lennard Struff,R,193.0,GER,29.692,35.0,1245.0,PM13,,,Michail Pervolarakis,R,193.0,GRE,23.576,487.0,62.0,6-4 6-1,3,RR,69.0,8.0,2.0,55.0,37.0,27.0,10.0,9.0,2.0,3.0,3.0,4.0,49.0,24.0,11.0,14.0,8.0,4.0,8.0
2020-8888,ATP Cup,Hard,24,A,O,20200103,35,TE51,,,Stefanos Tsitsipas,R,193.0,GRE,21.394,6.0,5300.0,Z355,,,Alexander Zverev,R,198.0,GER,22.705,7.0,3345.0,6-1 6-4,3,RR,73.0,2.0,1.0,45.0,29.0,24.0,10.0,9.0,0.0,1.0,2.0,10.0,55.0,25.0,16.0,11.0,8.0,3.0,7.0
2020-8888,ATP Cup,Hard,24,A,O,20200103,36,C977,,,Marin Cilic,R,198.0,CRO,31.264,39.0,1165.0,Z09D,,,Kacper Zuk,R,183.0,POL,20.95,450.0,70.0,7-6(8) 6-4,3,RR,129.0,4.0,3.0,73.0,46.0,39.0,14.0,11.0,4.0,4.0,8.0,2.0,96.0,52.0,35.0,23.0,11.0,12.0,13.0
2020-8888,ATP Cup,Hard,24,A,O,20200103,37,HB71,,,Hubert Hurkacz,R,196.0,POL,22.891,37.0,1198.0,CG80,,,Borna Coric,R,188.0,CRO,23.135,28.0,1415.0,6-2 6-2,3,RR,70.0,9.0,0.0,40.0,25.0,21.0,11.0,8.0,0.0,0.0,2.0,2.0,55.0,38.0,20.0,7.0,8.0,4.0,8.0
2020-8888,ATP Cup,Hard,24,A,O,20200103,38,DB59,,,Dennis Novak,R,183.0,AUT,26.349,108.0,524.0,PC11,,,Guido Pella,L,183.0,ARG,29.632,25.0,1530.0,0-6 6-4 6-4,3,RR,134.0,6.0,1.0,94.0,64.0,42.0,16.0,13.0,7.0,10.0,3.0,3.0,81.0,38.0,30.0,23.0,13.0,2.0,4.0
2020-8888,ATP Cup,Hard,24,A,O,20200103,39,TB69,,,Dominic Thiem,R,185.0,AUT,26.333,4.0,5825.0,SM37,,,Diego Schwartzman,R,170.0,ARG,27.381,14.0,2125.0,6-3 7-6(3),3,RR,113.0,5.0,0.0,68.0,44.0,33.0,11.0,10.0,2.0,4.0,0.0,3.0,75.0,50.0,29.0,13.0,11.0,5.0,9.0
2020-8888,ATP Cup,Hard,24,A,O,20200103,40,SC47,,,Go Soeda,R,178.0,JPN,35.326,121.0,461.0,MN23,,,Aleksandre Metreveli,R,183.0,GEO,26.398,679.0,29.0,4-6 6-3 6-2,3,RR,135.0,4.0,1.0,74.0,47.0,36.0,14.0,14.0,2.0,5.0,3.0,7.0,87.0,45.0,30.0,18.0,13.0,4.0,9.0
2020-8888,ATP Cup,Hard,24,A,O,20200103,41,N732,,,Yoshihito Nishioka,L,170.0,JPN,24.268,73.0,764.0,BG23,,,Nikoloz Basilashvili,R,185.0,GEO,27.86,26.0,1450.0,6-2 6-3,3,RR,82.0,5.0,1.0,71.0,47.0,32.0,13.0,9.0,10.0,11.0,2.0,4.0,56.0,35.0,17.0,10.0,8.0,5.0,9.0
2020-8888,ATP Cup,Hard,24,A,O,20200103,42,BD06,,,Roberto Bautista Agut,R,183.0,ESP,31.721,9.0,2540.0,R0BT,,,Franco Roncadelli,L,185.0,URU,19.907,,,6-1 6-2,3,RR,57.0,2.0,0.0,39.0,27.0,20.0,8.0,7.0,2.0,3.0,0.0,0.0,47.0,31.0,15.0,4.0,8.0,4.0,10.0
2020-8888,ATP Cup,Hard,24,A,O,20200103,43,N409,,,Rafael Nadal,L,185.0,ESP,33.585,1.0,9985.0,C882,,,Pablo Cuevas,R,180.0,URU,34.004,45.0,1097.0,6-2 6-1,3,RR,73.0,6.0,1.0,44.0,27.0,24.0,11.0,8.0,1.0,1.0,8.0,2.0,53.0,36.0,23.0,3.0,7.0,4.0,8.0
2020-8888,ATP Cup,Hard,24,A,O,20200103,44,HG86,,,Lloyd Harris,R,193.0,RSA,22.856,99.0,576.0,J551,,,Nicolas Jarry,R,201.0,CHI,24.23,77.0,695.0,6-4 6-4,3,RR,81.0,8.0,1.0,56.0,38.0,32.0,8.0,10.0,1.0,2.0,4.0,3.0,63.0,44.0,28.0,8.0,10.0,5.0,8.0
2020-8888,ATP Cup,Hard,24,A,O,20200103,45,A678,,,Kevin Anderson,R,203.0,RSA,33.629,91.0,610.0,GD64,,,Cristian Garin,R,185.0,CHI,23.595,33.0,1297.0,6-0 6-3,3,RR,74.0,11.0,0.0,35.0,26.0,24.0,4.0,7.0,0.0,0.0,0.0,4.0,58.0,35.0,19.0,9.0,8.0,7.0,12.0
2020-8888,ATP Cup,Hard,24,A,O,20200103,46,PD31,,,Benoit Paire,R,196.0,FRA,30.656,24.0,1538.0,L987,,,Dusan Lajovic,R,183.0,SRB,29.511,34.0,1296.0,6-2 6-7(6) 6-4,3,RR,125.0,10.0,6.0,87.0,49.0,41.0,18.0,15.0,2.0,4.0,4.0,1.0,100.0,72.0,44.0,18.0,15.0,8.0,13.0
2020-8888,ATP Cup,Hard,24,A,O,20200103,47,D643,,,Novak Djokovic,R,188.0,SRB,32.619,2.0,9145.0,MC65,,,Gael Monfils,R,193.0,FRA,33.339,10.0,2530.0,6-3 6-2,3,RR,91.0,0.0,5.0,70.0,36.0,26.0,20.0,9.0,9.0,9.0,5.0,5.0,55.0,38.0,26.0,5.0,8.0,0.0,3.0
2020-8888,ATP Cup,Hard,24,A,O,20200103,48,N771,,,Cameron Norrie,L,188.0,GBR,24.364,53.0,975.0,CJ60,,,Alexandr Cozbinov,R,188.0,MDA,24.684,,,6-2 6-2,3,RR,71.0,3.0,1.0,38.0,22.0,20.0,12.0,8.0,0.0,0.0,0.0,2.0,57.0,39.0,23.0,6.0,8.0,4.0,8.0
2020-8888,ATP Cup,Hard,24,A,O,20200103,49,E687,,,Daniel Evans,R,175.0,GBR,29.615,42.0,1124.0,A829,,,Radu Albot,R,175.0,MDA,30.144,46.0,1067.0,6-2 6-2,3,RR,72.0,2.0,0.0,42.0,28.0,20.0,11.0,8.0,3.0,4.0,4.0,2.0,52.0,35.0,18.0,5.0,8.0,7.0,12.0
2020-8888,ATP Cup,Hard,24,A,O,20200103,50,KC33,,,Dimitar Kuzmanov,R,183.0,BUL,26.434,423.0,80.0,D632,,,Steve Darcis,R,175.0,BEL,35.808,157.0,332.0,6-3 6-0,3,RR,77.0,0.0,0.0,49.0,36.0,23.0,9.0,8.0,2.0,3.0,0.0,1.0,41.0,24.0,14.0,3.0,7.0,4.0,9.0
2020-8888,ATP Cup,Hard,24,A,O,20200103,51,GB88,,,David Goffin,R,180.0,BEL,29.073,11.0,2335.0,D875,,,Grigor Dimitrov,R,191.0,BUL,28.635,20.0,1747.0,4-6 6-2 6-2,3,RR,148.0,8.0,3.0,85.0,49.0,37.0,14.0,13.0,4.0,8.0,2.0,7.0,101.0,61.0,38.0,11.0,13.0,13.0,20.0
2020-8888,ATP Cup,Hard,24,A,O,20200103,52,KE29,,,Karen Khachanov,R,198.0,RUS,23.619,17.0,1840.0,DC76,,,Viktor Durasovic,R,185.0,NOR,22.793,332.0,117.0,6-2 6-1,3,RR,61.0,8.0,2.0,48.0,31.0,27.0,7.0,8.0,0.0,0.0,2.0,4.0,42.0,20.0,11.0,9.0,7.0,4.0,8.0
2020-8888,ATP Cup,Hard,24,A,O,20200103,53,MM58,,,Daniil Medvedev,R,198.0,RUS,23.893,5.0,5705.0,RH16,,,Casper Ruud,R,183.0,NOR,21.032,54.0,956.0,6-3 7-6(6),3,RR,93.0,13.0,3.0,65.0,40.0,37.0,13.0,11.0,2.0,3.0,2.0,1.0,65.0,52.0,36.0,6.0,10.0,2.0,4.0
2020-8888,ATP Cup,Hard,24,A,O,20200103,54,TA12,,,Stefano Travaglia,R,185.0,ITA,28.016,84.0,637.0,FB98,,,Taylor Fritz,R,196.0,USA,22.182,32.0,1315.0,7-6(3) 7-6(1),3,RR,102.0,17.0,0.0,71.0,47.0,44.0,11.0,12.0,3.0,4.0,6.0,2.0,81.0,57.0,39.0,15.0,12.0,5.0,6.0
2020-8888,ATP Cup,Hard,24,A,O,20200103,55,F510,,,Fabio Fognini,R,178.0,ITA,32.613,12.0,2290.0,I186,,,John Isner,R,208.0,USA,34.689,19.0,1770.0,6-4 7-6(5),3,RR,89.0,7.0,5.0,64.0,43.0,42.0,8.0,11.0,1.0,1.0,15.0,1.0,70.0,48.0,33.0,15.0,11.0,3.0,4.0
2020-8888,ATP Cup,Hard,24,A,O,20200103,56,SL28,,,Jan-Lennard Struff,R,193.0,GER,29.692,35.0,1245.0,AG37,,,Felix Auger-Aliassime,R,193.0,CAN,19.403,21.0,1636.0,6-1 6-4,3,RR,74.0,6.0,2.0,48.0,26.0,22.0,16.0,9.0,1.0,1.0,7.0,2.0,53.0,36.0,23.0,8.0,8.0,4.0,7.0
2020-8888,ATP Cup,Hard,24,A,O,20200103,57,SU55,,,Denis Shapovalov,L,185.0,CAN,20.72,15.0,2050.0,Z355,,,Alexander Zverev,R,198.0,GER,22.705,7.0,3345.0,6-2 6-2,3,RR,70.0,12.0,5.0,52.0,33.0,30.0,8.0,8.0,2.0,2.0,2.0,7.0,52.0,28.0,19.0,7.0,8.0,1.0,5.0
2020-8888,ATP Cup,Hard,24,A,O,20200103,58,MH30,,,John Millman,R,183.0,AUS,30.554,48.0,1026.0,PM13,,,Michail Pervolarakis,R,193.0,GRE,23.576,487.0,62.0,4-6 6-1 7-6(1),3,RR,147.0,12.0,3.0,86.0,56.0,44.0,21.0,15.0,4.0,5.0,1.0,5.0,98.0,49.0,38.0,23.0,14.0,2.0,4.0
2020-8888,ATP Cup,Hard,24,A,O,20200103,59,KE17,,,Nick Kyrgios,R,193.0,AUS,24.687,30.0,1395.0,TE51,,,Stefanos Tsitsipas,R,193.0,GRE,21.394,6.0,5300.0,7-6(7) 6-7(3) 7-6(5),3,RR,154.0,25.0,3.0,113.0,83.0,67.0,20.0,18.0,2.0,2.0,18.0,2.0,123.0,85.0,75.0,15.0,18.0,1.0,1.0
2020-8888,ATP Cup,Hard,24,A,O,20200103,60,Z09D,,,Kacper Zuk,R,183.0,POL,20.95,450.0,70.0,DB59,,,Dennis Novak,R,183.0,AUT,26.349,108.0,524.0,5-7 7-6(3) 6-3,3,RR,153.0,6.0,4.0,113.0,67.0,51.0,21.0,17.0,9.0,13.0,7.0,4.0,112.0,70.0,47.0,22.0,16.0,9.0,13.0
2020-8888,ATP Cup,Hard,24,A,O,20200103,61,HB71,,,Hubert Hurkacz,R,196.0,POL,22.891,37.0,1198.0,TB69,,,Dominic Thiem,R,185.0,AUT,26.333,4.0,5825.0,3-6 6-4 7-6(5),3,RR,155.0,10.0,2.0,122.0,74.0,55.0,22.0,16.0,8.0,10.0,5.0,5.0,94.0,53.0,43.0,20.0,15.0,5.0,6.0
2020-8888,ATP Cup,Hard,24,A,O,20200103,62,PC11,,,Guido Pella,L,183.0,ARG,29.632,25.0,1530.0,C977,,,Marin Cilic,R,198.0,CRO,31.264,39.0,1165.0,7-6(1) 6-3,3,RR,113.0,4.0,3.0,72.0,42.0,30.0,18.0,11.0,5.0,6.0,12.0,2.0,63.0,38.0,29.0,11.0,10.0,5.0,7.0
2020-8888,ATP Cup,Hard,24,A,O,20200103,63,SM37,,,Diego Schwartzman,R,170.0,ARG,27.381,14.0,2125.0,CG80,,,Borna Coric,R,188.0,CRO,23.135,28.0,1415.0,6-2 6-2,3,RR,75.0,2.0,0.0,48.0,31.0,24.0,12.0,8.0,2.0,2.0,1.0,1.0,49.0,30.0,18.0,7.0,8.0,2.0,6.0
2020-8888,ATP Cup,Hard,24,A,O,20200103,64,BD06,,,Roberto Bautista Agut,R,183.0,ESP,31.721,9.0,2540.0,SC47,,,Go Soeda,R,178.0,JPN,35.326,121.0,461.0,6-2 6-4,3,RR,79.0,6.0,0.0,47.0,32.0,26.0,10.0,9.0,0.0,0.0,4.0,1.0,60.0,38.0,26.0,8.0,9.0,5.0,8.0
2020-8888,ATP Cup,Hard,24,A,O,20200103,65,N409,,,Rafael Nadal,L,185.0,ESP,33.585,1.0,9985.0,N732,,,Yoshihito Nishioka,L,170.0,JPN,24.268,73.0,764.0,7-6(4) 6-4,3,RR,127.0,7.0,3.0,76.0,48.0,33.0,18.0,11.0,6.0,8.0,0.0,2.0,69.0,51.0,34.0,7.0,11.0,2.0,5.0
2020-8888,ATP Cup,Hard,24,A,O,20200103,66,MN23,,,Aleksandre Metreveli,R,183.0,GEO,26.398,679.0,29.0,R0BT,,,Franco Roncadelli,L,185.0,URU,19.907,,,6-2 6-1,3,RR,52.0,2.0,1.0,38.0,26.0,21.0,10.0,7.0,0.0,0.0,0.0,2.0,43.0,31.0,16.0,3.0,8.0,1.0,6.0
2020-8888,ATP Cup,Hard,24,A,O,20200103,67,BG23,,,Nikoloz Basilashvili,R,185.0,GEO,27.86,26.0,1450.0,C882,,,Pablo Cuevas,R,180.0,URU,34.004,45.0,1097.0,6-4 1-6 6-4,3,RR,127.0,4.0,5.0,88.0,53.0,39.0,17.0,13.0,1.0,3.0,14.0,3.0,115.0,72.0,49.0,20.0,14.0,13.0,15.0
2020-8888,ATP Cup,Hard,24,A,O,20200103,68,L987,,,Dusan Lajovic,R,183.0,SRB,29.511,34.0,1296.0,J551,,,Nicolas Jarry,R,201.0,CHI,24.23,77.0,695.0,6-2 7-6(3),3,RR,93.0,2.0,1.0,64.0,43.0,33.0,11.0,10.0,1.0,2.0,9.0,1.0,72.0,45.0,30.0,12.0,10.0,4.0,7.0
2020-8888,ATP Cup,Hard,24,A,O,20200103,69,D643,,,Novak Djokovic,R,188.0,SRB,32.619,2.0,9145.0,GD64,,,Cristian Garin,R,185.0,CHI,23.595,33.0,1297.0,6-3 6-3,3,RR,72.0,3.0,4.0,53.0,30.0,26.0,11.0,9.0,1.0,2.0,6.0,3.0,48.0,25.0,17.0,11.0,9.0,0.0,4.0
2020-8888,ATP Cup,Hard,24,A,O,20200103,70,SD32,,,Gilles Simon,R,183.0,FRA,35.017,55.0,955.0,HG86,,,Lloyd Harris,R,193.0,RSA,22.856,99.0,576.0,2-6 6-2 6-2,3,RR,135.0,2.0,5.0,70.0,47.0,35.0,8.0,12.0,5.0,8.0,7.0,2.0,98.0,67.0,36.0,14.0,12.0,15.0,20.0
2020-8888,ATP Cup,Hard,24,A,O,20200103,71,A678,,,Kevin Anderson,R,203.0,RSA,33.629,91.0,610.0,PD31,,,Benoit Paire,R,196.0,FRA,30.656,24.0,1538.0,2-6 7-6(1) 7-6(5),3,RR,153.0,11.0,5.0,115.0,72.0,54.0,19.0,16.0,9.0,13.0,18.0,12.0,105.0,63.0,51.0,18.0,16.0,2.0,4.0
2020-8888,ATP Cup,Hard,24,A,O,20200103,72,KE17,,,Nick Kyrgios,R,193.0,AUS,24.687,30.0,1395.0,N771,,,Cameron Norrie,L,188.0,GBR,24.364,53.0,975.0,6-2 6-2,3,RR,72.0,11.0,4.0,55.0,36.0,26.0,11.0,8.0,5.0,6.0,1.0,4.0,47.0,28.0,16.0,5.0,8.0,2.0,7.0
2020-8888,ATP Cup,Hard,24,A,O,20200103,73,E687,,,Daniel Evans,R,175.0,GBR,29.615,42.0,1124.0,DH58,,,Alex de Minaur,R,183.0,AUS,20.876,18.0,1775.0,7-6(4) 4-6 7-6(2),3,RR,203.0,4.0,1.0,133.0,88.0,57.0,26.0,17.0,5.0,9.0,6.0,1.0,118.0,78.0,55.0,21.0,17.0,10.0,13.0
2020-8888,ATP Cup,Hard,24,A,O,20200103,74,KE29,,,Karen Khachanov,R,198.0,RUS,23.619,17.0,1840.0,PC11,,,Guido Pella,L,183.0,ARG,29.632,25.0,1530.0,7-6(4) 6-2,3,RR,98.0,7.0,1.0,63.0,46.0,39.0,7.0,10.0,5.0,6.0,3.0,4.0,65.0,36.0,24.0,14.0,10.0,2.0,5.0
2020-8888,ATP Cup,Hard,24,A,O,20200103,75,MM58,,,Daniil Medvedev,R,198.0,RUS,23.893,5.0,5705.0,SM37,,,Diego Schwartzman,R,170.0,ARG,27.381,14.0,2125.0,6-4 4-6 6-3,3,RR,142.0,14.0,0.0,103.0,68.0,53.0,13.0,15.0,8.0,10.0,1.0,3.0,82.0,56.0,36.0,16.0,14.0,2.0,5.0
2020-8888,ATP Cup,Hard,24,A,O,20200103,76,L987,,,Dusan Lajovic,R,183.0,SRB,29.511,34.0,1296.0,AG37,,,Felix Auger-Aliassime,R,193.0,CAN,19.403,21.0,1636.0,6-4 6-2,3,RR,99.0,3.0,0.0,62.0,47.0,35.0,8.0,9.0,2.0,2.0,10.0,5.0,68.0,45.0,31.0,7.0,9.0,8.0,11.0
2020-8888,ATP Cup,Hard,24,A,O,20200103,77,D643,,,Novak Djokovic,R,188.0,SRB,32.619,2.0,9145.0,SU55,,,Denis Shapovalov,L,185.0,CAN,20.72,15.0,2050.0,4-6 6-1 7-6(4),3,RR,160.0,4.0,8.0,106.0,64.0,46.0,24.0,15.0,5.0,7.0,15.0,7.0,85.0,44.0,36.0,19.0,14.0,2.0,5.0
2020-8888,ATP Cup,Hard,24,A,O,20200103,78,BD06,,,Roberto Bautista Agut,R,183.0,ESP,31.721,9.0,2540.0,CG33,,,Kimmer Coppejans,R,178.0,BEL,25.903,160.0,328.0,6-4 6-1,3,RR,90.0,2.0,2.0,57.0,41.0,29.0,9.0,9.0,2.0,3.0,3.0,1.0,55.0,40.0,23.0,5.0,8.0,4.0,8.0
2020-8888,ATP Cup,Hard,24,A,O,20200103,79,GB88,,,David Goffin,R,180.0,BEL,29.073,11.0,2335.0,N409,,,Rafael Nadal,L,185.0,ESP,33.585,1.0,9985.0,6-4 7-6(3),3,RR,143.0,6.0,3.0,82.0,49.0,37.0,14.0,11.0,8.0,10.0,4.0,4.0,82.0,51.0,34.0,15.0,11.0,11.0,14.0
2020-8888,ATP Cup,Hard,24,A,O,20200103,80,L987,,,Dusan Lajovic,R,183.0,SRB,29.511,34.0,1296.0,KE29,,,Karen Khachanov,R,198.0,RUS,23.619,17.0,1840.0,7-5 7-6(1),3,RR,108.0,1.0,1.0,67.0,48.0,38.0,14.0,12.0,0.0,0.0,9.0,3.0,79.0,54.0,39.0,14.0,12.0,0.0,1.0
2020-8888,ATP Cup,Hard,24,A,O,20200103,81,D643,,,Novak Djokovic,R,188.0,SRB,32.619,2.0,9145.0,MM58,,,Daniil Medvedev,R,198.0,RUS,23.893,5.0,5705.0,6-1 5-7 6-4,3,RR,167.0,4.0,5.0,111.0,75.0,53.0,16.0,15.0,8.0,11.0,6.0,5.0,108.0,57.0,35.0,25.0,14.0,6.0,11.0
2020-8888,ATP Cup,Hard,24,A,O,20200103,82,BD06,,,Roberto Bautista Agut,R,183.0,ESP,31.721,9.0,2540.0,KE17,,,Nick Kyrgios,R,193.0,AUS,24.687,30.0,1395.0,6-4 6-1,3,RR,81.0,4.0,0.0,57.0,44.0,35.0,7.0,9.0,1.0,1.0,13.0,1.0,55.0,38.0,22.0,8.0,8.0,4.0,7.0
2020-8888,ATP Cup,Hard,24,A,O,20200103,83,N409,,,Rafael Nadal,L,185.0,ESP,33.585,1.0,9985.0,DH58,,,Alex de Minaur,R,183.0,AUS,20.876,18.0,1775.0,4-6 7-5 6-1,3,RR,133.0,5.0,3.0,84.0,61.0,48.0,10.0,15.0,1.0,3.0,6.0,1.0,75.0,55.0,37.0,10.0,14.0,1.0,5.0
2020-8888,ATP Cup,Hard,24,A,O,20200103,84,BD06,,,Roberto Bautista Agut,R,183.0,ESP,31.721,9.0,2540.0,L987,,,Dusan Lajovic,R,183.0,SRB,29.511,34.0,1296.0,7-5 6-1,3,RR,97.0,2.0,1.0,59.0,44.0,29.0,10.0,10.0,3.0,5.0,2.0,1.0,57.0,35.0,21.0,6.0,9.0,5.0,10.0
2020-8888,ATP Cup,Hard,24,A,O,20200103,85,D643,,,Novak Djokovic,R,188.0,SRB,32.619,2.0,9145.0,N409,,,Rafael Nadal,L,185.0,ESP,33.585,1.0,9985.0,6-2 7-6(4),3,RR,115.0,12.0,2.0,64.0,49.0,41.0,9.0,10.0,5.0,5.0,5.0,3.0,70.0,51.0,39.0,6.0,10.0,6.0,8.0
2020-451,Doha,Hard,28,250,O,20200106,1,V306,,,Fernando Verdasco,L,188.0,ESP,36.142,49.0,1025.0,A596,,,Pablo Andujar,R,180.0,ESP,33.952,64.0,867.0,6-4 6-3,3,R32,89.0,6.0,0.0,55.0,35.0,30.0,11.0,10.0,0.0,0.0,3.0,1.0,67.0,46.0,31.0,9.0,9.0,3.0,5.0
2020-451,Doha,Hard,28,250,O,20200106,2,MW02,,Q,Corentin Moutet,L,180.0,FRA,20.717,81.0,638.0,SL08,,,Tennys Sandgren,R,188.0,USA,28.46,68.0,803.0,7-6(3) 6-4,3,R32,105.0,2.0,2.0,69.0,57.0,48.0,6.0,11.0,7.0,7.0,7.0,0.0,70.0,52.0,38.0,8.0,11.0,2.0,3.0
2020-451,Doha,Hard,28,250,O,20200106,3,K926,,,Mikhail Kukushkin,R,183.0,KAZ,32.03,66.0,816.0,J267,,WC,Malek Jaziri,R,185.0,TUN,35.962,229.0,206.0,6-0 6-3,3,R32,68.0,7.0,0.0,51.0,33.0,22.0,12.0,7.0,3.0,3.0,3.0,2.0,44.0,23.0,9.0,10.0,8.0,4.0,9.0
2020-451,Doha,Hard,28,250,O,20200106,4,KI95,,,Miomir Kecmanovic,R,183.0,SRB,20.35,62.0,881.0,TC61,,,Jordan Thompson,R,183.0,AUS,25.714,63.0,878.0,6-4 6-2,3,R32,84.0,0.0,1.0,57.0,31.0,23.0,17.0,9.0,0.0,0.0,4.0,1.0,66.0,40.0,26.0,9.0,9.0,7.0,10.0
2020-451,Doha,Hard,28,250,O,20200106,5,I306,,WC,Cem Ilkel,R,185.0,TUR,24.378,279.0,144.0,BE90,,,Ricardas Berankis,R,175.0,LTU,29.544,67.0,804.0,6-2 4-6 6-2,3,R32,112.0,11.0,1.0,92.0,59.0,42.0,17.0,13.0,5.0,5.0,3.0,3.0,84.0,53.0,35.0,16.0,13.0,5.0,9.0
2020-451,Doha,Hard,28,250,O,20200106,6,H996,,,Pierre-Hugues Herbert,R,188.0,FRA,28.805,65.0,840.0,CF01,,WC,Marco Cecchinato,R,185.0,ITA,27.266,75.0,690.0,6-3 6-4,3,R32,71.0,6.0,2.0,51.0,30.0,26.0,12.0,10.0,1.0,1.0,2.0,1.0,59.0,32.0,20.0,13.0,9.0,4.0,7.0
2020-451,Doha,Hard,28,250,O,20200106,7,CA12,,,Jeremy Chardy,R,188.0,FRA,32.898,54.0,920.0,BK24,,Q,Gregoire Barrere,R,183.0,FRA,25.886,83.0,636.0,6-3 3-6 6-3,3,R32,106.0,9.0,3.0,85.0,54.0,40.0,21.0,14.0,7.0,7.0,9.0,1.0,87.0,64.0,44.0,12.0,13.0,5.0,7.0
2020-451,Doha,Hard,28,250,O,20200106,8,BH09,,,Aljaz Bedene,R,183.0,SLO,30.47,58.0,905.0,Y268,,Q,Mikael Ymer,R,185.0,SWE,21.325,76.0,681.0,3-6 6-4 6-3,3,R32,130.0,8.0,0.0,78.0,45.0,30.0,21.0,14.0,3.0,3.0,3.0,4.0,83.0,57.0,35.0,18.0,14.0,2.0,5.0
2020-451,Doha,Hard,28,250,O,20200106,9,F724,,Q,Marton Fucsovics,R,188.0,HUN,27.91,70.0,790.0,TD51,8.0,,Frances Tiafoe,R,188.0,USA,21.96,47.0,1050.0,6-4 4-6 6-4,3,R32,141.0,8.0,3.0,110.0,68.0,45.0,19.0,15.0,10.0,10.0,2.0,1.0,101.0,68.0,42.0,18.0,15.0,7.0,11.0
2020-451,Doha,Hard,28,250,O,20200106,10,BK92,,,Alexander Bublik,R,196.0,KAZ,22.554,55.0,919.0,ME82,7.0,,Adrian Mannarino,L,180.0,FRA,31.521,43.0,1111.0,6-3 6-4,3,R32,69.0,10.0,6.0,62.0,41.0,31.0,10.0,10.0,4.0,4.0,1.0,2.0,48.0,28.0,17.0,12.0,9.0,2.0,5.0
2020-451,Doha,Hard,28,250,O,20200106,11,KB05,6.0,,Filip Krajinovic,R,185.0,SRB,27.858,40.0,1148.0,E831,,,Kyle Edmund,R,188.0,GBR,24.994,69.0,800.0,4-6 6-3 6-3,3,R32,135.0,6.0,2.0,105.0,74.0,43.0,15.0,14.0,13.0,13.0,6.0,2.0,93.0,62.0,33.0,14.0,14.0,7.0,14.0
2020-451,Doha,Hard,28,250,O,20200106,12,DB63,5.0,,Laslo Djere,R,188.0,SRB,24.597,39.0,1151.0,SU87,,,Lorenzo Sonego,R,191.0,ITA,24.657,51.0,990.0,6-1 3-6 6-2,3,R32,114.0,5.0,2.0,73.0,48.0,33.0,14.0,12.0,7.0,7.0,5.0,3.0,75.0,47.0,28.0,10.0,12.0,4.0,10.0
2020-451,Doha,Hard,28,250,O,20200106,13,F724,,Q,Marton Fucsovics,R,188.0,HUN,27.91,70.0,790.0,I306,,WC,Cem Ilkel,R,185.0,TUR,24.378,279.0,144.0,6-1 6-4,3,R16,73.0,3.0,0.0,52.0,39.0,28.0,7.0,9.0,4.0,4.0,1.0,3.0,46.0,28.0,15.0,9.0,8.0,4.0,8.0
2020-451,Doha,Hard,28,250,O,20200106,14,BH09,,,Aljaz Bedene,R,183.0,SLO,30.47,58.0,905.0,BK92,,,Alexander Bublik,R,196.0,KAZ,22.554,55.0,919.0,6-3 7-5,3,R16,89.0,5.0,3.0,67.0,35.0,27.0,21.0,11.0,1.0,1.0,10.0,4.0,66.0,41.0,32.0,11.0,10.0,4.0,6.0
2020-451,Doha,Hard,28,250,O,20200106,15,V306,,,Fernando Verdasco,L,188.0,ESP,36.142,49.0,1025.0,KB05,6.0,,Filip Krajinovic,R,185.0,SRB,27.858,40.0,1148.0,7-5 4-6 6-0,3,R16,125.0,17.0,3.0,89.0,60.0,46.0,14.0,14.0,4.0,4.0,2.0,3.0,99.0,76.0,48.0,9.0,14.0,15.0,19.0
2020-451,Doha,Hard,28,250,O,20200106,16,H996,,,Pierre-Hugues Herbert,R,188.0,FRA,28.805,65.0,840.0,DB63,5.0,,Laslo Djere,R,188.0,SRB,24.597,39.0,1151.0,6-1 6-3,3,R16,62.0,4.0,1.0,47.0,33.0,25.0,6.0,8.0,1.0,1.0,2.0,2.0,47.0,32.0,17.0,6.0,8.0,2.0,7.0
2020-451,Doha,Hard,28,250,O,20200106,17,MW02,,Q,Corentin Moutet,L,180.0,FRA,20.717,81.0,638.0,R975,4.0,,Milos Raonic,R,196.0,CAN,29.027,32.0,1305.0,7-6(4) 7-6(4),3,R16,119.0,2.0,3.0,92.0,68.0,48.0,15.0,12.0,3.0,3.0,14.0,5.0,75.0,41.0,33.0,19.0,12.0,2.0,3.0
2020-451,Doha,Hard,28,250,O,20200106,18,KI95,,,Miomir Kecmanovic,R,183.0,SRB,20.35,62.0,881.0,T786,3.0,,Jo-Wilfried Tsonga,R,188.0,FRA,34.721,30.0,1340.0,7-6(9) 6-1,3,R16,74.0,9.0,4.0,62.0,38.0,34.0,13.0,10.0,0.0,0.0,2.0,1.0,57.0,40.0,28.0,8.0,9.0,1.0,3.0
2020-451,Doha,Hard,28,250,O,20200106,19,RE44,2.0,,Andrey Rublev,R,188.0,RUS,22.212,23.0,1584.0,K926,,,Mikhail Kukushkin,R,183.0,KAZ,32.03,66.0,816.0,6-4 6-2,3,R16,69.0,4.0,1.0,56.0,34.0,28.0,9.0,9.0,2.0,2.0,1.0,0.0,48.0,27.0,16.0,12.0,9.0,5.0,9.0
2020-451,Doha,Hard,28,250,O,20200106,20,W367,1.0,,Stan Wawrinka,R,183.0,SUI,34.776,15.0,1955.0,CA12,,,Jeremy Chardy,R,188.0,FRA,32.898,54.0,920.0,6-3 6-4,3,R16,87.0,12.0,1.0,61.0,35.0,27.0,15.0,10.0,7.0,7.0,1.0,3.0,64.0,40.0,27.0,11.0,9.0,6.0,9.0
2020-451,Doha,Hard,28,250,O,20200106,21,MW02,,Q,Corentin Moutet,L,180.0,FRA,20.717,81.0,638.0,V306,,,Fernando Verdasco,L,188.0,ESP,36.142,49.0,1025.0,6-4 4-6 6-4,3,QF,132.0,2.0,3.0,91.0,67.0,49.0,12.0,15.0,6.0,6.0,8.0,3.0,90.0,65.0,44.0,14.0,15.0,3.0,6.0
2020-451,Doha,Hard,28,250,O,20200106,22,KI95,,,Miomir Kecmanovic,R,183.0,SRB,20.35,62.0,881.0,F724,,Q,Marton Fucsovics,R,188.0,HUN,27.91,70.0,790.0,6-2 6-0,3,QF,55.0,2.0,0.0,39.0,30.0,22.0,6.0,7.0,4.0,4.0,6.0,2.0,48.0,32.0,14.0,3.0,7.0,6.0,12.0
2020-451,Doha,Hard,28,250,O,20200106,23,RE44,2.0,,Andrey Rublev,R,188.0,RUS,22.212,23.0,1584.0,H996,,,Pierre-Hugues Herbert,R,188.0,FRA,28.805,65.0,840.0,6-4 6-3,3,QF,101.0,4.0,1.0,72.0,40.0,29.0,15.0,9.0,6.0,6.0,10.0,3.0,74.0,40.0,28.0,10.0,10.0,4.0,8.0
2020-451,Doha,Hard,28,250,O,20200106,24,W367,1.0,,Stan Wawrinka,R,183.0,SUI,34.776,15.0,1955.0,BH09,,,Aljaz Bedene,R,183.0,SLO,30.47,58.0,905.0,6-3 6-4,3,QF,83.0,5.0,0.0,58.0,29.0,27.0,16.0,10.0,2.0,2.0,7.0,1.0,49.0,25.0,22.0,10.0,9.0,2.0,4.0
2020-451,Doha,Hard,28,250,O,20200106,25,RE44,2.0,,Andrey Rublev,R,188.0,RUS,22.212,23.0,1584.0,KI95,,,Miomir Kecmanovic,R,183.0,SRB,20.35,62.0,881.0,6-3 6-1,3,SF,53.0,10.0,1.0,43.0,26.0,24.0,10.0,8.0,0.0,0.0,0.0,1.0,50.0,30.0,14.0,10.0,8.0,2.0,6.0
2020-451,Doha,Hard,28,250,O,20200106,26,MW02,,Q,Corentin Moutet,L,180.0,FRA,20.717,81.0,638.0,W367,1.0,,Stan Wawrinka,R,183.0,SUI,34.776,15.0,1955.0,3-6 7-5 6-3,3,SF,120.0,0.0,0.0,74.0,56.0,45.0,12.0,15.0,1.0,1.0,12.0,4.0,93.0,61.0,45.0,17.0,15.0,9.0,11.0
2020-451,Doha,Hard,28,250,O,20200106,27,RE44,2.0,,Andrey Rublev,R,188.0,RUS,22.212,23.0,1584.0,MW02,,Q,Corentin Moutet,L,180.0,FRA,20.717,81.0,638.0,6-2 7-6(3),3,F,86.0,3.0,0.0,58.0,44.0,34.0,6.0,10.0,2.0,2.0,0.0,3.0,62.0,48.0,26.0,7.0,10.0,3.0,6.0
2020-8888,Atp Cup,Hard,24,A,O,20200106,86,E687,,,Daniel Evans,R,175.0,GBR,29.624,42.0,1124.0,GB88,,,David Goffin,R,180.0,BEL,29.081,11.0,2335.0,6-4 6-4,3,RR,108.0,3.0,0.0,74.0,53.0,31.0,11.0,10.0,1.0,4.0,4.0,0.0,56.0,29.0,17.0,13.0,10.0,0.0,5.0
2020-8998,Adelaide,Hard,28,250,O,20200112,1,R772,,,Albert Ramos-Vinolas,L,188.0,ESP,31.986,42.0,1130.0,TC61,,,Jordan Thompson,R,183.0,AUS,25.73,65.0,843.0,6-4 6-7(5) 6-3,3,R32,156.0,4.0,4.0,107.0,67.0,50.0,21.0,16.0,6.0,7.0,9.0,1.0,86.0,58.0,44.0,14.0,15.0,3.0,6.0
2020-8998,Adelaide,Hard,28,250,O,20200112,2,Q927,,,Sam Querrey,R,198.0,USA,32.266,45.0,1080.0,BK24,,Q,Gregoire Barrere,R,183.0,FRA,25.903,82.0,643.0,6-7(4) 6-2 7-6(5),3,R32,106.0,28.0,3.0,95.0,65.0,59.0,15.0,16.0,0.0,0.0,11.0,0.0,92.0,63.0,50.0,19.0,16.0,0.0,2.0
2020-8998,Adelaide,Hard,28,250,O,20200112,3,PL56,,Q,Tommy Paul,R,185.0,USA,22.656,90.0,600.0,BH09,,,Aljaz Bedene,R,183.0,SLO,30.486,54.0,950.0,6-4 6-4,3,R32,72.0,6.0,0.0,52.0,33.0,27.0,13.0,10.0,3.0,4.0,5.0,3.0,63.0,40.0,29.0,7.0,10.0,3.0,6.0
2020-8998,Adelaide,Hard,28,250,O,20200112,4,E687,,,Daniel Evans,R,175.0,GBR,29.64,33.0,1324.0,LB84,,,Juan Ignacio Londero,R,180.0,ARG,26.409,51.0,1017.0,6-2 6-4,3,R32,83.0,4.0,0.0,55.0,36.0,26.0,11.0,9.0,2.0,3.0,4.0,4.0,62.0,35.0,23.0,11.0,9.0,5.0,9.0
2020-8998,Adelaide,Hard,28,250,O,20200112,5,D994,,WC,James Duckworth,R,183.0,AUS,27.975,96.0,576.0,D874,,Q,Federico Delbonis,L,193.0,ARG,29.27,73.0,709.0,6-4 6-4,3,R32,67.0,10.0,1.0,55.0,39.0,34.0,9.0,10.0,1.0,1.0,3.0,3.0,47.0,28.0,23.0,11.0,10.0,0.0,2.0
2020-8998,Adelaide,Hard,28,250,O,20200112,6,DB63,,,Laslo Djere,R,188.0,SRB,24.613,40.0,1165.0,P09Z,,WC,Alexei Popyrin,R,196.0,AUS,20.438,95.0,585.0,7-6(3) 3-6 6-4,3,R32,142.0,5.0,2.0,101.0,60.0,44.0,22.0,16.0,3.0,5.0,6.0,5.0,94.0,53.0,44.0,22.0,15.0,3.0,4.0
2020-8998,Adelaide,Hard,28,250,O,20200112,7,CA12,,,Jeremy Chardy,R,188.0,FRA,32.914,56.0,920.0,SD32,,,Gilles Simon,R,183.0,FRA,35.042,60.0,890.0,6-3 7-5,3,R32,93.0,11.0,5.0,58.0,36.0,30.0,10.0,10.0,3.0,4.0,1.0,4.0,64.0,46.0,31.0,6.0,11.0,5.0,9.0
2020-8998,Adelaide,Hard,28,250,O,20200112,8,BI81,,WC,Alex Bolt,L,183.0,AUS,27.017,157.0,332.0,R612,,LL,Stephane Robert,R,185.0,FRA,39.655,661.0,30.0,6-4 2-6 6-0,3,R32,93.0,11.0,1.0,66.0,46.0,34.0,11.0,12.0,4.0,7.0,8.0,3.0,96.0,55.0,36.0,14.0,12.0,13.0,18.0
2020-8998,Adelaide,Hard,28,250,O,20200112,9,C882,,,Pablo Cuevas,R,180.0,URU,34.029,44.0,1097.0,O522,8.0,,Reilly Opelka,R,211.0,USA,22.374,38.0,1227.0,5-7 7-6(9) 7-6(2),3,R32,138.0,16.0,4.0,116.0,79.0,67.0,23.0,18.0,3.0,4.0,36.0,5.0,102.0,64.0,57.0,26.0,18.0,0.0,0.0
2020-8998,Adelaide,Hard,28,250,O,20200112,10,SL28,7.0,,Jan-Lennard Struff,R,193.0,GER,29.717,37.0,1270.0,CE25,,LL,Salvatore Caruso,R,185.0,ITA,27.075,94.0,586.0,6-4 6-2,3,R32,69.0,9.0,1.0,55.0,27.0,24.0,16.0,9.0,1.0,1.0,5.0,3.0,53.0,25.0,17.0,14.0,9.0,2.0,5.0
2020-8998,Adelaide,Hard,28,250,O,20200112,11,HG86,,Q,Lloyd Harris,R,193.0,RSA,22.88,91.0,594.0,GD64,6.0,,Cristian Garin,R,185.0,CHI,23.619,36.0,1285.0,7-6(5) 3-6 6-4,3,R32,135.0,21.0,5.0,93.0,61.0,53.0,10.0,16.0,4.0,7.0,7.0,5.0,96.0,49.0,39.0,25.0,15.0,7.0,9.0
2020-8998,Adelaide,Hard,28,250,O,20200112,12,BK92,,,Alexander Bublik,R,196.0,KAZ,22.571,55.0,934.0,FB98,5.0,,Taylor Fritz,R,196.0,USA,22.207,32.0,1335.0,6-4 7-6(4),3,R32,96.0,17.0,8.0,75.0,43.0,38.0,13.0,11.0,5.0,5.0,10.0,1.0,82.0,51.0,31.0,21.0,11.0,3.0,4.0
2020-8998,Adelaide,Hard,28,250,O,20200112,13,R772,,,Albert Ramos-Vinolas,L,188.0,ESP,31.986,42.0,1130.0,MU94,,LL,Jaume Munar,R,183.0,ESP,22.689,88.0,608.0,7-6(3) 6-3,3,R16,116.0,1.0,2.0,83.0,53.0,37.0,13.0,11.0,8.0,11.0,3.0,5.0,66.0,51.0,30.0,7.0,10.0,5.0,9.0
2020-8998,Adelaide,Hard,28,250,O,20200112,14,PL56,,Q,Tommy Paul,R,185.0,USA,22.656,90.0,600.0,C882,,,Pablo Cuevas,R,180.0,URU,34.029,44.0,1097.0,6-1 6-2,3,R16,59.0,6.0,1.0,49.0,27.0,21.0,13.0,8.0,4.0,4.0,0.0,4.0,47.0,30.0,17.0,6.0,7.0,3.0,7.0
2020-8998,Adelaide,Hard,28,250,O,20200112,15,HG86,,Q,Lloyd Harris,R,193.0,RSA,22.88,91.0,594.0,DB63,,,Laslo Djere,R,188.0,SRB,24.613,40.0,1165.0,7-6(5) 6-3,3,R16,107.0,13.0,2.0,66.0,40.0,35.0,15.0,11.0,1.0,1.0,4.0,2.0,64.0,35.0,27.0,16.0,10.0,3.0,4.0
2020-8998,Adelaide,Hard,28,250,O,20200112,16,E687,,,Daniel Evans,R,175.0,GBR,29.64,33.0,1324.0,BK92,,,Alexander Bublik,R,196.0,KAZ,22.571,55.0,934.0,7-5 6-2,3,R16,74.0,0.0,1.0,50.0,35.0,29.0,9.0,10.0,2.0,3.0,3.0,2.0,55.0,31.0,23.0,6.0,10.0,3.0,7.0
2020-8998,Adelaide,Hard,28,250,O,20200112,17,BI81,,WC,Alex Bolt,L,183.0,AUS,27.017,157.0,332.0,SL28,7.0,,Jan-Lennard Struff,R,193.0,GER,29.717,37.0,1270.0,6-3 6-4,3,R16,67.0,5.0,3.0,56.0,35.0,28.0,13.0,10.0,0.0,0.0,8.0,0.0,54.0,33.0,23.0,10.0,9.0,3.0,5.0
2020-8998,Adelaide,Hard,28,250,O,20200112,18,CD85,4.0,,Pablo Carreno Busta,R,188.0,ESP,28.504,30.0,1377.0,CA12,,,Jeremy Chardy,R,188.0,FRA,32.914,56.0,920.0,6-3 6-2,3,R16,75.0,3.0,1.0,57.0,41.0,34.0,7.0,9.0,3.0,3.0,6.0,4.0,54.0,30.0,21.0,8.0,8.0,0.0,3.0
2020-8998,Adelaide,Hard,28,250,O,20200112,19,RE44,3.0,,Andrey Rublev,R,188.0,RUS,22.229,18.0,1799.0,Q927,,,Sam Querrey,R,198.0,USA,32.266,45.0,1080.0,6-3 6-3,3,R16,54.0,7.0,2.0,48.0,25.0,23.0,12.0,9.0,2.0,3.0,6.0,3.0,48.0,29.0,16.0,10.0,9.0,2.0,6.0
2020-8998,Adelaide,Hard,28,250,O,20200112,20,AG37,2.0,,Felix Auger-Aliassime,R,193.0,CAN,19.428,22.0,1656.0,D994,,WC,James Duckworth,R,183.0,AUS,27.975,96.0,576.0,6-3 7-6(0),3,R16,97.0,10.0,2.0,59.0,37.0,32.0,17.0,11.0,1.0,1.0,2.0,2.0,71.0,43.0,25.0,20.0,10.0,3.0,4.0
2020-8998,Adelaide,Hard,28,250,O,20200112,21,PL56,,Q,Tommy Paul,R,185.0,USA,22.656,90.0,600.0,R772,,,Albert Ramos-Vinolas,L,188.0,ESP,31.986,42.0,1130.0,6-3 6-4,3,QF,77.0,9.0,4.0,53.0,31.0,26.0,16.0,10.0,0.0,0.0,4.0,2.0,56.0,32.0,21.0,13.0,9.0,2.0,4.0
2020-8998,Adelaide,Hard,28,250,O,20200112,22,HG86,,Q,Lloyd Harris,R,193.0,RSA,22.88,91.0,594.0,CD85,4.0,,Pablo Carreno Busta,R,188.0,ESP,28.504,30.0,1377.0,6-3 6-3,3,QF,66.0,13.0,3.0,44.0,32.0,28.0,9.0,9.0,0.0,0.0,1.0,2.0,60.0,39.0,25.0,9.0,9.0,6.0,9.0
2020-8998,Adelaide,Hard,28,250,O,20200112,23,RE44,3.0,,Andrey Rublev,R,188.0,RUS,22.229,18.0,1799.0,E687,,,Daniel Evans,R,175.0,GBR,29.64,33.0,1324.0,6-4 3-6 6-3,3,QF,121.0,12.0,2.0,79.0,45.0,37.0,20.0,14.0,5.0,6.0,5.0,1.0,97.0,58.0,39.0,21.0,14.0,7.0,9.0
2020-8998,Adelaide,Hard,28,250,O,20200112,24,AG37,2.0,,Felix Auger-Aliassime,R,193.0,CAN,19.428,22.0,1656.0,BI81,,WC,Alex Bolt,L,183.0,AUS,27.017,157.0,332.0,6-3 6-0,3,QF,55.0,8.0,0.0,32.0,21.0,19.0,9.0,7.0,0.0,0.0,2.0,2.0,50.0,32.0,17.0,6.0,8.0,4.0,9.0
2020-8998,Adelaide,Hard,28,250,O,20200112,25,HG86,,Q,Lloyd Harris,R,193.0,RSA,22.88,91.0,594.0,PL56,,Q,Tommy Paul,R,185.0,USA,22.656,90.0,600.0,6-4 6-7(3) 6-3,3,SF,128.0,13.0,3.0,89.0,54.0,46.0,16.0,16.0,2.0,4.0,4.0,3.0,100.0,58.0,37.0,22.0,15.0,3.0,7.0
2020-8998,Adelaide,Hard,28,250,O,20200112,26,RE44,3.0,,Andrey Rublev,R,188.0,RUS,22.229,18.0,1799.0,AG37,2.0,,Felix Auger-Aliassime,R,193.0,CAN,19.428,22.0,1656.0,7-6(5) 6-7(7) 6-4,3,SF,179.0,10.0,6.0,126.0,75.0,56.0,30.0,17.0,9.0,10.0,19.0,3.0,127.0,78.0,60.0,24.0,17.0,8.0,10.0
2020-8998,Adelaide,Hard,28,250,O,20200112,27,RE44,3.0,,Andrey Rublev,R,188.0,RUS,22.229,18.0,1799.0,HG86,,Q,Lloyd Harris,R,193.0,RSA,22.88,91.0,594.0,6-3 6-0,3,F,56.0,4.0,1.0,49.0,27.0,22.0,13.0,8.0,4.0,4.0,8.0,1.0,43.0,28.0,14.0,6.0,7.0,1.0,5.0
2020-301,Auckland,Hard,28,250,O,20200113,1,Y268,,Q,Mikael Ymer,R,185.0,SWE,21.344,77.0,685.0,TD51,,,Frances Tiafoe,R,188.0,USA,21.979,49.0,1050.0,6-4 5-7 6-1,3,R32,128.0,2.0,1.0,79.0,52.0,40.0,17.0,15.0,2.0,4.0,3.0,0.0,90.0,65.0,40.0,13.0,14.0,2.0,6.0
2020-301,Auckland,Hard,28,250,O,20200113,2,SL08,,,Tennys Sandgren,R,188.0,USA,28.479,101.0,553.0,V576,,WC,Michael Venus,R,191.0,NZL,32.244,,,6-4 6-3,3,R32,70.0,15.0,2.0,57.0,35.0,29.0,12.0,10.0,2.0,3.0,2.0,3.0,54.0,30.0,24.0,9.0,9.0,3.0,6.0
2020-301,Auckland,Hard,28,250,O,20200113,3,PD07,,Q,Vasek Pospisil,R,193.0,CAN,29.558,146.0,360.0,SH90,,,Joao Sousa,R,185.0,POR,30.79,58.0,891.0,6-4 6-2,3,R32,75.0,5.0,2.0,50.0,30.0,25.0,11.0,9.0,2.0,3.0,1.0,0.0,50.0,35.0,19.0,9.0,9.0,4.0,8.0
2020-301,Auckland,Hard,28,250,O,20200113,4,MJ08,,Q,Thiago Monteiro,L,183.0,BRA,25.621,86.0,616.0,N771,,,Cameron Norrie,L,188.0,GBR,24.392,62.0,885.0,7-6(3) 6-2,3,R32,91.0,2.0,1.0,62.0,40.0,29.0,14.0,10.0,1.0,2.0,3.0,2.0,70.0,44.0,29.0,12.0,10.0,4.0,7.0
2020-301,Auckland,Hard,28,250,O,20200113,5,MH30,,,John Millman,R,183.0,AUS,30.582,47.0,1071.0,MP01,,Q,Michael Mmoh,R,188.0,USA,22.007,227.0,207.0,7-6(5) 6-4,3,R32,106.0,5.0,1.0,81.0,48.0,33.0,18.0,11.0,6.0,8.0,5.0,0.0,68.0,52.0,35.0,7.0,11.0,2.0,5.0
2020-301,Auckland,Hard,28,250,O,20200113,6,L397,,,Feliciano Lopez,L,188.0,ESP,38.313,61.0,888.0,A596,,,Pablo Andujar,R,180.0,ESP,33.971,63.0,867.0,3-6 7-6(4) 6-4,3,R32,148.0,19.0,4.0,115.0,73.0,56.0,22.0,15.0,9.0,10.0,3.0,0.0,103.0,70.0,51.0,21.0,16.0,3.0,4.0
2020-301,Auckland,Hard,28,250,O,20200113,7,HH26,,,Ugo Humbert,L,188.0,FRA,21.55,57.0,900.0,RH16,,,Casper Ruud,R,183.0,NOR,21.06,46.0,1079.0,7-6(3) 2-6 6-3,3,R32,138.0,13.0,1.0,97.0,59.0,45.0,22.0,15.0,7.0,9.0,2.0,0.0,94.0,72.0,52.0,13.0,14.0,7.0,8.0
2020-301,Auckland,Hard,28,250,O,20200113,8,E831,,,Kyle Edmund,R,188.0,GBR,25.013,69.0,800.0,DH50,,WC,Alejandro Davidovich Fokina,R,180.0,ESP,20.608,85.0,627.0,6-2 4-6 6-3,3,R32,111.0,7.0,3.0,88.0,53.0,40.0,20.0,14.0,4.0,5.0,2.0,3.0,73.0,47.0,34.0,14.0,13.0,2.0,5.0
2020-301,Auckland,Hard,28,250,O,20200113,9,CF01,,,Marco Cecchinato,R,185.0,ITA,27.285,76.0,690.0,MD56,,LL,Leonardo Mayer,R,191.0,ARG,32.665,100.0,558.0,7-6(6) 6-7(18) 7-6(2),3,R32,187.0,10.0,4.0,135.0,95.0,66.0,27.0,18.0,4.0,6.0,12.0,4.0,135.0,80.0,55.0,36.0,18.0,9.0,11.0
2020-301,Auckland,Hard,28,250,O,20200113,10,SA93,,,Andreas Seppi,R,191.0,ITA,35.893,84.0,636.0,ME82,7.0,,Adrian Mannarino,L,180.0,FRA,31.54,43.0,1111.0,3-6 6-4 6-4,3,R32,128.0,5.0,1.0,101.0,62.0,41.0,22.0,15.0,8.0,11.0,6.0,4.0,85.0,40.0,28.0,26.0,14.0,3.0,6.0
2020-301,Auckland,Hard,28,250,O,20200113,11,HB71,6.0,,Hubert Hurkacz,R,196.0,POL,22.919,34.0,1318.0,SU87,,,Lorenzo Sonego,R,191.0,ITA,24.676,52.0,990.0,7-5 6-3,3,R32,106.0,4.0,3.0,74.0,47.0,38.0,12.0,11.0,4.0,4.0,9.0,1.0,74.0,51.0,36.0,9.0,10.0,9.0,11.0
2020-301,Auckland,Hard,28,250,O,20200113,12,PD31,5.0,,Benoit Paire,R,196.0,FRA,30.683,24.0,1598.0,S0AG,,WC,Jannik Sinner,R,191.0,ITA,18.409,79.0,671.0,6-4 2-6 6-4,3,R32,115.0,11.0,5.0,106.0,66.0,46.0,19.0,14.0,10.0,13.0,5.0,3.0,94.0,62.0,45.0,12.0,14.0,6.0,9.0
2020-301,Auckland,Hard,28,250,O,20200113,13,HH26,,,Ugo Humbert,L,188.0,FRA,21.55,57.0,900.0,CF01,,,Marco Cecchinato,R,185.0,ITA,27.285,76.0,690.0,6-1 6-4,3,R16,54.0,8.0,0.0,42.0,31.0,27.0,9.0,9.0,0.0,0.0,3.0,0.0,48.0,31.0,17.0,12.0,8.0,1.0,4.0
2020-301,Auckland,Hard,28,250,O,20200113,14,E831,,,Kyle Edmund,R,188.0,GBR,25.013,69.0,800.0,SA93,,,Andreas Seppi,R,191.0,ITA,35.893,84.0,636.0,6-3 7-6(4),3,R16,95.0,3.0,0.0,65.0,45.0,32.0,11.0,11.0,3.0,5.0,6.0,2.0,77.0,50.0,32.0,10.0,10.0,5.0,8.0
2020-301,Auckland,Hard,28,250,O,20200113,15,HB71,6.0,,Hubert Hurkacz,R,196.0,POL,22.919,34.0,1318.0,Y268,,Q,Mikael Ymer,R,185.0,SWE,21.344,77.0,685.0,6-2 7-6(2),3,R16,95.0,10.0,1.0,68.0,45.0,32.0,16.0,10.0,2.0,2.0,4.0,2.0,65.0,46.0,32.0,7.0,10.0,4.0,6.0
2020-301,Auckland,Hard,28,250,O,20200113,16,PD31,5.0,,Benoit Paire,R,196.0,FRA,30.683,24.0,1598.0,MJ08,,Q,Thiago Monteiro,L,183.0,BRA,25.621,86.0,616.0,4-6 6-4 6-3,3,R16,115.0,10.0,7.0,96.0,51.0,40.0,24.0,15.0,4.0,6.0,7.0,0.0,83.0,52.0,35.0,20.0,14.0,2.0,5.0
2020-301,Auckland,Hard,28,250,O,20200113,17,I186,4.0,,John Isner,R,208.0,USA,34.716,20.0,1770.0,SL08,,,Tennys Sandgren,R,188.0,USA,28.479,101.0,553.0,7-6(3) 6-7(1) 6-3,3,R16,135.0,16.0,3.0,91.0,72.0,63.0,8.0,16.0,2.0,2.0,8.0,4.0,107.0,70.0,52.0,24.0,17.0,2.0,4.0
2020-301,Auckland,Hard,28,250,O,20200113,18,MH30,,,John Millman,R,183.0,AUS,30.582,47.0,1071.0,KE29,3.0,,Karen Khachanov,R,198.0,RUS,23.647,16.0,1995.0,4-6 6-3 6-3,3,R16,110.0,5.0,2.0,80.0,54.0,41.0,12.0,14.0,1.0,3.0,6.0,2.0,80.0,52.0,32.0,17.0,14.0,2.0,6.0
2020-301,Auckland,Hard,28,250,O,20200113,19,SU55,2.0,,Denis Shapovalov,L,185.0,CAN,20.747,13.0,2200.0,PD07,,Q,Vasek Pospisil,R,193.0,CAN,29.558,146.0,360.0,6-4 7-6(2),3,R16,111.0,12.0,6.0,72.0,41.0,33.0,15.0,11.0,2.0,3.0,8.0,2.0,81.0,57.0,39.0,12.0,11.0,7.0,9.0
2020-301,Auckland,Hard,28,250,O,20200113,20,L397,,,Feliciano Lopez,L,188.0,ESP,38.313,61.0,888.0,F510,1.0,,Fabio Fognini,R,178.0,ITA,32.641,12.0,2310.0,3-6 6-4 6-3,3,R16,116.0,17.0,7.0,86.0,52.0,40.0,16.0,14.0,1.0,3.0,4.0,2.0,91.0,50.0,34.0,23.0,14.0,6.0,9.0
2020-301,Auckland,Hard,28,250,O,20200113,21,HB71,6.0,,Hubert Hurkacz,R,196.0,POL,22.919,34.0,1318.0,L397,,,Feliciano Lopez,L,188.0,ESP,38.313,61.0,888.0,6-4 6-7(11) 6-4,3,QF,131.0,11.0,3.0,97.0,61.0,49.0,21.0,16.0,0.0,1.0,18.0,8.0,104.0,60.0,49.0,19.0,16.0,7.0,10.0
2020-301,Auckland,Hard,28,250,O,20200113,22,PD31,5.0,,Benoit Paire,R,196.0,FRA,30.683,24.0,1598.0,MH30,,,John Millman,R,183.0,AUS,30.582,47.0,1071.0,3-6 6-1 6-4,3,QF,102.0,13.0,4.0,79.0,54.0,43.0,13.0,13.0,5.0,6.0,4.0,1.0,83.0,49.0,35.0,15.0,13.0,2.0,5.0
2020-301,Auckland,Hard,28,250,O,20200113,23,I186,4.0,,John Isner,R,208.0,USA,34.716,20.0,1770.0,E831,,,Kyle Edmund,R,188.0,GBR,25.013,69.0,800.0,7-6(5) 7-6(5),3,QF,116.0,25.0,3.0,101.0,76.0,56.0,11.0,12.0,9.0,9.0,6.0,2.0,78.0,52.0,43.0,16.0,12.0,4.0,4.0
2020-301,Auckland,Hard,28,250,O,20200113,24,HH26,,,Ugo Humbert,L,188.0,FRA,21.55,57.0,900.0,SU55,2.0,,Denis Shapovalov,L,185.0,CAN,20.747,13.0,2200.0,7-5 6-4,3,QF,88.0,7.0,2.0,63.0,43.0,37.0,11.0,11.0,4.0,4.0,5.0,6.0,65.0,36.0,29.0,14.0,11.0,1.0,3.0
2020-301,Auckland,Hard,28,250,O,20200113,25,PD31,5.0,,Benoit Paire,R,196.0,FRA,30.683,24.0,1598.0,HB71,6.0,,Hubert Hurkacz,R,196.0,POL,22.919,34.0,1318.0,6-4 6-7(1) 6-2,3,SF,109.0,12.0,10.0,106.0,54.0,44.0,20.0,15.0,6.0,9.0,8.0,7.0,84.0,51.0,36.0,13.0,15.0,2.0,8.0
2020-301,Auckland,Hard,28,250,O,20200113,26,HH26,,,Ugo Humbert,L,188.0,FRA,21.55,57.0,900.0,I186,4.0,,John Isner,R,208.0,USA,34.716,20.0,1770.0,7-6(5) 6-4,3,SF,81.0,4.0,3.0,56.0,38.0,38.0,12.0,11.0,0.0,0.0,12.0,2.0,74.0,57.0,41.0,11.0,11.0,6.0,7.0
2020-301,Auckland,Hard,28,250,O,20200113,27,HH26,,,Ugo Humbert,L,188.0,FRA,21.55,57.0,900.0,PD31,5.0,,Benoit Paire,R,196.0,FRA,30.683,24.0,1598.0,7-6(2) 3-6 7-6(5),3,F,154.0,4.0,5.0,107.0,60.0,42.0,24.0,16.0,7.0,11.0,16.0,3.0,121.0,66.0,50.0,27.0,17.0,9.0,12.0
2020-580,Australian Open,Hard,128,G,O,20200120,1,Y268,,,Mikael Ymer,R,185.0,SWE,21.363,78.0,709.0,U134,,,Yasutaka Uchiyama,R,183.0,JPN,27.458,93.0,594.0,6-4 6-1 6-2,5,R128,119.0,4.0,4.0,93.0,70.0,54.0,10.0,13.0,6.0,6.0,6.0,2.0,76.0,51.0,30.0,9.0,12.0,4.0,9.0
2020-580,Australian Open,Hard,128,G,O,20200120,2,V306,,,Fernando Verdasco,L,188.0,ESP,36.181,51.0,1050.0,D864,,LL,Evgeny Donskoy,R,185.0,RUS,29.7,106.0,522.0,7-5 6-2 6-1,5,R128,97.0,5.0,2.0,71.0,53.0,45.0,12.0,14.0,1.0,1.0,5.0,6.0,86.0,48.0,29.0,17.0,13.0,5.0,10.0
2020-580,Australian Open,Hard,128,G,O,20200120,3,TC61,,,Jordan Thompson,R,183.0,AUS,25.752,66.0,843.0,BK92,,,Alexander Bublik,R,196.0,KAZ,22.593,56.0,948.0,6-4 6-3 6-2,5,R128,138.0,5.0,1.0,110.0,69.0,45.0,23.0,13.0,11.0,12.0,7.0,12.0,86.0,46.0,32.0,14.0,14.0,10.0,16.0
2020-580,Australian Open,Hard,128,G,O,20200120,4,TE30,,Q,Alejandro Tabilo,L,188.0,CHI,22.634,207.0,233.0,GE33,,Q,Daniel Elahi Galan,R,191.0,COL,23.589,185.0,269.0,4-6 6-3 6-4 6-7(6) 6-4,5,R128,203.0,5.0,3.0,156.0,103.0,72.0,33.0,26.0,6.0,9.0,10.0,0.0,168.0,121.0,87.0,21.0,25.0,6.0,11.0
2020-580,Australian Open,Hard,128,G,O,20200120,5,SE73,,,Yuichi Sugita,R,175.0,JPN,31.337,91.0,608.0,BT68,,Q,Elliot Benchetrit,R,193.0,MAR,21.3,230.0,205.0,6-2 6-0 6-3,5,R128,75.0,7.0,0.0,64.0,40.0,34.0,16.0,12.0,1.0,1.0,6.0,1.0,56.0,33.0,13.0,14.0,11.0,1.0,7.0
2020-580,Australian Open,Hard,128,G,O,20200120,6,S0AG,,,Jannik Sinner,R,191.0,ITA,18.428,82.0,671.0,PH71,,Q,Max Purcell,R,185.0,AUS,21.799,215.0,221.0,7-6(2) 6-2 6-4,5,R128,139.0,2.0,1.0,91.0,53.0,42.0,20.0,15.0,4.0,6.0,3.0,3.0,106.0,71.0,42.0,17.0,15.0,4.0,9.0
2020-580,Australian Open,Hard,128,G,O,20200120,7,SD32,,,Gilles Simon,R,183.0,FRA,35.064,61.0,890.0,C882,,,Pablo Cuevas,R,180.0,URU,34.051,46.0,1097.0,6-1 6-3 6-3,5,R128,109.0,9.0,2.0,86.0,47.0,38.0,19.0,13.0,7.0,8.0,1.0,0.0,73.0,49.0,27.0,10.0,12.0,3.0,9.0
2020-580,Australian Open,Hard,128,G,O,20200120,8,SA93,,,Andreas Seppi,R,191.0,ITA,35.912,85.0,646.0,KI95,,,Miomir Kecmanovic,R,183.0,SRB,20.389,54.0,959.0,6-4 6-4 7-6(3),5,R128,121.0,10.0,1.0,91.0,55.0,43.0,22.0,16.0,0.0,1.0,7.0,1.0,109.0,65.0,43.0,22.0,16.0,5.0,8.0
2020-580,Australian Open,Hard,128,G,O,20200120,9,SL08,,,Tennys Sandgren,R,188.0,USA,28.498,100.0,573.0,TA29,,Q,Marco Trungelliti,R,178.0,ARG,29.969,201.0,238.0,6-1 6-4 7-5,5,R128,122.0,13.0,2.0,98.0,60.0,49.0,22.0,15.0,4.0,4.0,6.0,3.0,90.0,63.0,41.0,13.0,14.0,5.0,9.0
2020-580,Australian Open,Hard,128,G,O,20200120,10,PG94,,WC,Marc Polmans,R,188.0,AUS,22.719,133.0,411.0,K926,,,Mikhail Kukushkin,R,183.0,KAZ,32.068,68.0,816.0,6-4 6-3 4-6 6-7(8) 6-4,5,R128,257.0,22.0,2.0,171.0,121.0,83.0,21.0,26.0,5.0,11.0,7.0,4.0,175.0,110.0,67.0,33.0,25.0,7.0,15.0
2020-580,Australian Open,Hard,128,G,O,20200120,11,PL56,,,Tommy Paul,R,185.0,USA,22.678,80.0,696.0,MD56,,,Leonardo Mayer,R,191.0,ARG,32.684,101.0,564.0,4-6 6-4 6-4 6-4,5,R128,159.0,5.0,1.0,100.0,67.0,47.0,25.0,20.0,3.0,7.0,6.0,5.0,124.0,75.0,52.0,22.0,20.0,5.0,11.0
2020-580,Australian Open,Hard,128,G,O,20200120,12,N732,,,Yoshihito Nishioka,L,170.0,JPN,24.315,71.0,797.0,DB63,,,Laslo Djere,R,188.0,SRB,24.635,40.0,1185.0,6-4 3-6 6-2 7-6(1),5,R128,174.0,2.0,2.0,124.0,74.0,45.0,28.0,19.0,5.0,11.0,7.0,5.0,128.0,75.0,48.0,22.0,20.0,6.0,14.0
2020-580,Australian Open,Hard,128,G,O,20200120,13,MU94,,,Jaume Munar,R,183.0,ESP,22.71,90.0,608.0,G09O,,WC,Hugo Gaston,L,173.0,FRA,19.316,246.0,189.0,7-5 5-7 6-0 6-3,5,R128,209.0,2.0,2.0,148.0,95.0,62.0,25.0,20.0,12.0,17.0,5.0,1.0,149.0,96.0,60.0,16.0,19.0,19.0,28.0
2020-580,Australian Open,Hard,128,G,O,20200120,14,MP01,,WC,Michael Mmoh,R,188.0,USA,22.026,216.0,219.0,A596,,,Pablo Andujar,R,180.0,ESP,33.99,63.0,867.0,6-1 6-4 6-4,5,R128,119.0,8.0,0.0,91.0,72.0,46.0,11.0,14.0,2.0,5.0,2.0,4.0,81.0,46.0,25.0,16.0,13.0,6.0,13.0
2020-580,Australian Open,Hard,128,G,O,20200120,15,MH30,,,John Millman,R,183.0,AUS,30.601,47.0,1096.0,HH26,,,Ugo Humbert,L,188.0,FRA,21.569,43.0,1130.0,7-6(3) 6-3 1-6 7-5,5,R128,204.0,5.0,2.0,142.0,94.0,62.0,25.0,20.0,8.0,12.0,6.0,11.0,125.0,74.0,54.0,25.0,20.0,6.0,10.0
2020-580,Australian Open,Hard,128,G,O,20200120,16,MO44,,Q,Pedro Martinez,R,185.0,ESP,22.735,168.0,300.0,KE73,,,Dominik Koepfer,L,180.0,GER,25.728,89.0,609.0,6-3 6-4 7-5,5,R128,129.0,1.0,3.0,93.0,60.0,44.0,20.0,16.0,6.0,7.0,10.0,1.0,99.0,72.0,50.0,11.0,15.0,6.0,10.0
2020-580,Australian Open,Hard,128,G,O,20200120,17,KB05,,,Filip Krajinovic,R,185.0,SRB,27.896,41.0,1158.0,HB64,,Q,Quentin Halys,R,191.0,FRA,23.233,214.0,222.0,7-6(7) 7-6(1) 3-6 4-6 7-5,5,R128,234.0,6.0,1.0,186.0,128.0,89.0,30.0,27.0,8.0,14.0,32.0,15.0,183.0,118.0,94.0,24.0,28.0,8.0,13.0
2020-580,Australian Open,Hard,128,G,O,20200120,18,K435,,,Philipp Kohlschreiber,R,178.0,GER,36.263,79.0,700.0,GC88,,,Marcos Giron,R,180.0,USA,26.491,107.0,521.0,7-5 6-1 6-2,5,R128,116.0,6.0,0.0,85.0,53.0,43.0,17.0,14.0,4.0,5.0,5.0,1.0,95.0,65.0,38.0,13.0,13.0,9.0,15.0
2020-580,Australian Open,Hard,128,G,O,20200120,19,K336,,,Ivo Karlovic,R,211.0,CRO,40.893,124.0,436.0,PD07,,PR,Vasek Pospisil,R,193.0,CAN,29.577,138.0,392.0,7-6(4) 6-4 7-5,5,R128,121.0,13.0,3.0,94.0,65.0,58.0,18.0,17.0,1.0,1.0,14.0,7.0,99.0,58.0,48.0,23.0,17.0,3.0,5.0
2020-580,Australian Open,Hard,128,G,O,20200120,20,I230,,WC,Tatsuma Ito,R,180.0,JPN,31.674,146.0,362.0,GA94,,LL,Prajnesh Gunneswaran,L,188.0,IND,30.188,123.0,442.0,6-4 6-2 7-5,5,R128,121.0,6.0,4.0,98.0,74.0,52.0,13.0,15.0,2.0,3.0,13.0,0.0,97.0,65.0,44.0,12.0,15.0,7.0,11.0
2020-580,Australian Open,Hard,128,G,O,20200120,21,H996,,,Pierre-Hugues Herbert,R,188.0,FRA,28.843,64.0,865.0,N771,,,Cameron Norrie,L,188.0,GBR,24.411,62.0,885.0,7-5 3-6 3-6 7-5 6-4,5,R128,222.0,14.0,5.0,171.0,88.0,61.0,44.0,26.0,11.0,16.0,8.0,5.0,152.0,111.0,77.0,23.0,26.0,7.0,12.0
2020-580,Australian Open,Hard,128,G,O,20200120,22,G967,,Q,Peter Gojowczyk,R,188.0,GER,30.516,120.0,463.0,E865,,Q,Christopher Eubanks,R,201.0,USA,23.71,220.0,215.0,7-6(1) 6-3 4-6 6-0,5,R128,125.0,12.0,1.0,118.0,74.0,55.0,28.0,19.0,3.0,4.0,22.0,4.0,116.0,80.0,54.0,15.0,18.0,8.0,12.0
2020-580,Australian Open,Hard,128,G,O,20200120,23,GC89,,,Egor Gerasimov,R,196.0,BLR,27.19,98.0,575.0,RH16,,,Casper Ruud,R,183.0,NOR,21.079,48.0,1079.0,6-3 7-6(6) 1-6 4-6 7-6(6),5,R128,214.0,21.0,3.0,159.0,112.0,80.0,26.0,24.0,4.0,8.0,13.0,5.0,168.0,121.0,86.0,27.0,26.0,10.0,13.0
2020-580,Australian Open,Hard,128,G,O,20200120,24,GD64,,,Cristian Garin,R,185.0,CHI,23.641,36.0,1285.0,TA12,,,Stefano Travaglia,R,185.0,ITA,28.063,74.0,730.0,6-4 6-3 6-4,5,R128,131.0,4.0,1.0,93.0,65.0,47.0,19.0,15.0,6.0,7.0,5.0,5.0,86.0,49.0,33.0,17.0,14.0,5.0,9.0
2020-580,Australian Open,Hard,128,G,O,20200120,25,D874,,,Federico Delbonis,L,193.0,ARG,29.292,76.0,711.0,SH90,,,Joao Sousa,R,185.0,POR,30.809,59.0,891.0,6-3 6-4 7-6(3),5,R128,139.0,11.0,4.0,103.0,68.0,52.0,21.0,16.0,3.0,3.0,4.0,5.0,108.0,60.0,43.0,24.0,15.0,8.0,10.0
2020-580,Australian Open,Hard,128,G,O,20200120,26,DH50,,,Alejandro Davidovich Fokina,R,180.0,ESP,20.627,88.0,627.0,GB93,,Q,Norbert Gombos,R,193.0,SVK,29.437,113.0,498.0,4-6 6-4 2-6 6-3 6-2,5,R128,184.0,3.0,2.0,150.0,102.0,63.0,29.0,23.0,11.0,16.0,7.0,5.0,144.0,90.0,63.0,25.0,22.0,12.0,18.0
2020-580,Australian Open,Hard,128,G,O,20200120,27,C977,,,Marin Cilic,R,198.0,CRO,31.31,39.0,1205.0,MW02,,,Corentin Moutet,L,180.0,FRA,20.756,70.0,800.0,6-3 6-2 6-4,5,R128,106.0,9.0,1.0,68.0,42.0,35.0,20.0,14.0,3.0,4.0,4.0,6.0,74.0,48.0,30.0,12.0,13.0,4.0,9.0
2020-580,Australian Open,Hard,128,G,O,20200120,28,BI81,,WC,Alex Bolt,L,183.0,AUS,27.039,140.0,377.0,R772,,,Albert Ramos-Vinolas,L,188.0,ESP,32.008,42.0,1130.0,7-6(1) 1-6 6-7(5) 6-1 6-4,5,R128,204.0,11.0,3.0,133.0,80.0,57.0,30.0,23.0,4.0,9.0,9.0,4.0,165.0,111.0,76.0,25.0,25.0,6.0,13.0
2020-580,Australian Open,Hard,128,G,O,20200120,29,BE90,,,Ricardas Berankis,R,175.0,LTU,29.582,69.0,804.0,CF59,,,Roberto Carballes Baena,R,183.0,ESP,26.828,83.0,664.0,6-4 6-2 6-2,5,R128,118.0,4.0,2.0,81.0,44.0,33.0,21.0,13.0,3.0,5.0,2.0,2.0,78.0,43.0,27.0,11.0,13.0,4.0,11.0
2020-580,Australian Open,Hard,128,G,O,20200120,30,BH09,,,Aljaz Bedene,R,183.0,SLO,30.508,55.0,950.0,D994,,,James Duckworth,R,183.0,AUS,27.997,94.0,588.0,6-4 6-7(5) 6-7(5) 6-2 6-4,5,R128,236.0,28.0,4.0,157.0,92.0,80.0,40.0,26.0,6.0,6.0,21.0,15.0,191.0,101.0,80.0,41.0,26.0,5.0,9.0
2020-580,Australian Open,Hard,128,G,O,20200120,31,BK24,,,Gregoire Barrere,R,183.0,FRA,25.925,84.0,649.0,SK47,,Q,Mohamed Safwat,R,180.0,EGY,29.336,173.0,291.0,6-7(8) 7-6(1) 6-4 7-6(5),5,R128,207.0,17.0,8.0,159.0,92.0,67.0,39.0,23.0,7.0,12.0,10.0,7.0,177.0,115.0,75.0,29.0,23.0,13.0,19.0
2020-580,Australian Open,Hard,128,G,O,20200120,32,A678,,,Kevin Anderson,R,203.0,RSA,33.676,122.0,445.0,I305,,Q,Ilya Ivashka,R,193.0,BLR,25.903,149.0,354.0,6-4 2-6 4-6 6-4 7-6(8),5,R128,234.0,16.0,3.0,161.0,105.0,78.0,25.0,25.0,8.0,13.0,11.0,6.0,155.0,103.0,76.0,27.0,25.0,4.0,8.0
2020-580,Australian Open,Hard,128,G,O,20200120,33,R975,32.0,,Milos Raonic,R,196.0,CAN,29.065,35.0,1305.0,GA79,,LL,Lorenzo Giustino,R,180.0,ITA,28.361,150.0,347.0,6-2 6-1 6-3,5,R128,87.0,9.0,3.0,60.0,37.0,33.0,15.0,12.0,0.0,0.0,1.0,4.0,82.0,37.0,20.0,21.0,12.0,8.0,14.0
2020-580,Australian Open,Hard,128,G,O,20200120,34,HB71,31.0,,Hubert Hurkacz,R,196.0,POL,22.938,31.0,1398.0,DB59,,Q,Dennis Novak,R,183.0,AUT,26.396,99.0,574.0,6-7(4) 1-6 6-2 6-3 6-4,5,R128,185.0,16.0,9.0,155.0,101.0,77.0,21.0,23.0,5.0,8.0,13.0,6.0,139.0,94.0,69.0,19.0,23.0,2.0,7.0
2020-580,Australian Open,Hard,128,G,O,20200120,35,E687,30.0,,Daniel Evans,R,175.0,GBR,29.662,32.0,1349.0,MK66,,PR,Mackenzie McDonald,R,178.0,USA,24.764,129.0,419.0,3-6 4-6 6-1 6-2 6-3,5,R128,201.0,2.0,3.0,128.0,68.0,44.0,37.0,21.0,6.0,11.0,6.0,6.0,157.0,109.0,61.0,21.0,22.0,7.0,16.0
2020-580,Australian Open,Hard,128,G,O,20200120,36,FB98,29.0,,Taylor Fritz,R,196.0,USA,22.229,34.0,1335.0,GJ37,,Q,Tallon Griekspoor,R,188.0,NED,23.551,175.0,288.0,6-3 6-3 6-3,5,R128,86.0,17.0,0.0,69.0,45.0,44.0,13.0,14.0,2.0,2.0,4.0,3.0,89.0,58.0,40.0,12.0,13.0,4.0,8.0
2020-580,Australian Open,Hard,128,G,O,20200120,37,P09Z,,,Alexei Popyrin,R,196.0,AUS,20.46,96.0,585.0,T786,28.0,,Jo-Wilfried Tsonga,R,188.0,FRA,34.76,33.0,1340.0,6-7(5) 6-2 6-1 RET,5,R128,101.0,12.0,2.0,81.0,53.0,40.0,22.0,14.0,4.0,4.0,11.0,3.0,70.0,47.0,36.0,9.0,13.0,2.0,6.0
2020-580,Australian Open,Hard,128,G,O,20200120,38,CD85,27.0,,Pablo Carreno Busta,R,188.0,ESP,28.526,30.0,1422.0,KC04,,LL,Jozef Kovalik,R,183.0,SVK,27.209,139.0,379.0,6-4 3-6 6-1 7-6(2),5,R128,157.0,12.0,3.0,104.0,67.0,58.0,20.0,19.0,1.0,3.0,8.0,2.0,110.0,66.0,43.0,26.0,19.0,4.0,8.0
2020-580,Australian Open,Hard,128,G,O,20200120,39,BG23,26.0,,Nikoloz Basilashvili,R,185.0,GEO,27.907,29.0,1485.0,KF17,,,Soonwoo Kwon,R,180.0,KOR,22.133,87.0,637.0,6-7(5) 6-4 7-5 3-6 6-3,5,R128,235.0,22.0,4.0,193.0,109.0,80.0,37.0,26.0,11.0,16.0,14.0,4.0,173.0,116.0,75.0,28.0,26.0,11.0,18.0
2020-580,Australian Open,Hard,128,G,O,20200120,40,Q927,,,Sam Querrey,R,198.0,USA,32.287,45.0,1100.0,CG80,25.0,,Borna Coric,R,188.0,CRO,23.181,28.0,1490.0,6-3 6-4 6-4,5,R128,104.0,18.0,1.0,76.0,50.0,41.0,17.0,15.0,1.0,2.0,7.0,4.0,84.0,47.0,33.0,20.0,14.0,7.0,11.0
2020-580,Australian Open,Hard,128,G,O,20200120,41,L987,24.0,,Dusan Lajovic,R,183.0,SRB,29.558,27.0,1516.0,E831,,,Kyle Edmund,R,188.0,GBR,25.032,65.0,845.0,7-6(7) 6-3 7-6(4),5,R128,166.0,9.0,1.0,108.0,73.0,59.0,19.0,17.0,1.0,3.0,4.0,0.0,112.0,67.0,46.0,25.0,16.0,8.0,11.0
2020-580,Australian Open,Hard,128,G,O,20200120,42,KE17,23.0,,Nick Kyrgios,R,193.0,AUS,24.734,26.0,1520.0,SU87,,,Lorenzo Sonego,R,191.0,ITA,24.695,53.0,990.0,6-2 7-6(3) 7-6(1),5,R128,133.0,14.0,1.0,87.0,65.0,59.0,12.0,16.0,0.0,0.0,12.0,3.0,99.0,66.0,50.0,17.0,16.0,4.0,6.0
2020-580,Australian Open,Hard,128,G,O,20200120,43,PC11,22.0,,Guido Pella,L,183.0,ARG,29.678,25.0,1585.0,SJ55,,WC,John-Patrick Smith,L,188.0,AUS,30.987,307.0,130.0,6-3 7-5 6-4,5,R128,126.0,6.0,1.0,84.0,60.0,45.0,18.0,16.0,2.0,3.0,8.0,1.0,99.0,71.0,46.0,13.0,15.0,6.0,10.0
2020-580,Australian Open,Hard,128,G,O,20200120,44,PD31,21.0,,Benoit Paire,R,196.0,FRA,30.702,21.0,1703.0,SK94,,PR,Cedrik-Marcel Stebe,L,180.0,GER,29.281,154.0,340.0,6-4 3-6 6-3 6-7(2) 6-0,5,R128,199.0,13.0,12.0,165.0,85.0,61.0,43.0,23.0,18.0,21.0,7.0,9.0,153.0,93.0,62.0,30.0,23.0,9.0,16.0
2020-580,Australian Open,Hard,128,G,O,20200120,45,G858,,Q,Ernests Gulbis,R,191.0,LAT,31.389,255.0,179.0,AG37,20.0,,Felix Auger-Aliassime,R,193.0,CAN,19.45,22.0,1701.0,7-5 4-6 7-6(4) 6-4,5,R128,215.0,14.0,3.0,133.0,75.0,59.0,35.0,22.0,4.0,6.0,8.0,7.0,140.0,86.0,67.0,25.0,22.0,12.0,15.0
2020-580,Australian Open,Hard,128,G,O,20200120,46,I186,19.0,,John Isner,R,208.0,USA,34.735,19.0,1860.0,MJ08,,,Thiago Monteiro,L,183.0,BRA,25.64,86.0,640.0,6-7(5) 7-6(4) 7-6(7) 7-6(5),5,R128,207.0,46.0,4.0,159.0,121.0,99.0,23.0,24.0,3.0,3.0,18.0,4.0,155.0,120.0,102.0,18.0,24.0,2.0,2.0
2020-580,Australian Open,Hard,128,G,O,20200120,47,D875,18.0,,Grigor Dimitrov,R,191.0,BUL,28.682,20.0,1772.0,LB84,,,Juan Ignacio Londero,R,180.0,ARG,26.431,52.0,1017.0,4-6 6-2 6-0 6-4,5,R128,150.0,17.0,4.0,103.0,70.0,56.0,16.0,17.0,4.0,5.0,4.0,4.0,110.0,75.0,48.0,14.0,17.0,7.0,13.0
2020-580,Australian Open,Hard,128,G,O,20200120,48,RE44,17.0,,Andrey Rublev,R,188.0,RUS,22.251,16.0,2004.0,O483,,WC,Christopher O'Connell,R,183.0,AUS,25.632,115.0,481.0,6-3 0-6 6-4 7-6(5),5,R128,135.0,8.0,2.0,101.0,61.0,46.0,23.0,19.0,1.0,6.0,15.0,3.0,134.0,85.0,63.0,22.0,18.0,11.0,15.0
2020-580,Australian Open,Hard,128,G,O,20200120,49,KE29,16.0,,Karen Khachanov,R,198.0,RUS,23.666,17.0,1995.0,V824,,Q,Mario Vilella Martinez,R,178.0,ESP,24.55,195.0,254.0,4-6 6-4 7-6(4) 6-3,5,R128,170.0,10.0,1.0,115.0,73.0,59.0,30.0,21.0,1.0,2.0,6.0,2.0,127.0,74.0,55.0,31.0,20.0,5.0,7.0
2020-580,Australian Open,Hard,128,G,O,20200120,50,W367,15.0,,Stan Wawrinka,R,183.0,SUI,34.815,15.0,2045.0,D923,,,Damir Dzumhur,R,175.0,BIH,27.669,92.0,594.0,7-5 6-7(4) 6-4 6-4,5,R128,176.0,21.0,1.0,119.0,70.0,57.0,36.0,22.0,2.0,2.0,1.0,3.0,135.0,94.0,65.0,24.0,22.0,4.0,7.0
2020-580,Australian Open,Hard,128,G,O,20200120,51,SM37,14.0,,Diego Schwartzman,R,170.0,ARG,27.428,14.0,2130.0,HG86,,,Lloyd Harris,R,193.0,RSA,22.902,72.0,746.0,6-4 6-2 6-2,5,R128,105.0,4.0,2.0,76.0,46.0,33.0,20.0,13.0,2.0,3.0,8.0,2.0,79.0,49.0,31.0,12.0,13.0,6.0,12.0
2020-580,Australian Open,Hard,128,G,O,20200120,52,F724,,,Marton Fucsovics,R,188.0,HUN,27.948,67.0,827.0,SU55,13.0,,Denis Shapovalov,L,185.0,CAN,20.767,13.0,2200.0,6-3 6-7(7) 6-1 7-6(3),5,R128,193.0,3.0,5.0,126.0,80.0,65.0,25.0,19.0,6.0,7.0,7.0,8.0,142.0,86.0,65.0,22.0,21.0,5.0,11.0
2020-580,Australian Open,Hard,128,G,O,20200120,53,F510,12.0,,Fabio Fognini,R,178.0,ITA,32.66,12.0,2310.0,O522,,,Reilly Opelka,R,211.0,USA,22.396,38.0,1227.0,3-6 6-7(3) 6-4 6-3 7-6(5),5,R128,218.0,11.0,6.0,146.0,87.0,66.0,43.0,25.0,4.0,5.0,35.0,4.0,168.0,118.0,88.0,27.0,27.0,3.0,6.0
2020-580,Australian Open,Hard,128,G,O,20200120,54,GB88,11.0,,David Goffin,R,180.0,BEL,29.12,11.0,2555.0,CA12,,,Jeremy Chardy,R,188.0,FRA,32.936,58.0,920.0,6-4 6-3 6-1,5,R128,108.0,8.0,2.0,78.0,47.0,39.0,15.0,13.0,2.0,3.0,2.0,5.0,79.0,44.0,28.0,13.0,13.0,3.0,9.0
2020-580,Australian Open,Hard,128,G,O,20200120,55,MC65,10.0,,Gael Monfils,R,193.0,FRA,33.385,10.0,2565.0,L575,,PR,Yen-Hsun Lu,R,180.0,TPE,36.435,,,6-1 6-4 6-2,5,R128,104.0,6.0,4.0,84.0,56.0,44.0,15.0,13.0,7.0,7.0,3.0,3.0,72.0,41.0,26.0,12.0,12.0,3.0,8.0
2020-580,Australian Open,Hard,128,G,O,20200120,56,BD06,9.0,,Roberto Bautista Agut,R,183.0,ESP,31.767,9.0,2630.0,L397,,,Feliciano Lopez,L,188.0,ESP,38.333,57.0,933.0,6-2 6-2 7-5,5,R128,130.0,2.0,1.0,76.0,56.0,42.0,14.0,14.0,4.0,5.0,12.0,3.0,89.0,54.0,37.0,10.0,14.0,4.0,10.0
2020-580,Australian Open,Hard,128,G,O,20200120,57,BK40,8.0,,Matteo Berrettini,R,196.0,ITA,23.773,8.0,2870.0,HB29,,WC,Andrew Harris,R,183.0,AUS,25.873,162.0,316.0,6-3 6-1 6-3,5,R128,114.0,11.0,5.0,78.0,39.0,33.0,22.0,13.0,2.0,2.0,4.0,4.0,83.0,59.0,39.0,7.0,12.0,4.0,9.0
2020-580,Australian Open,Hard,128,G,O,20200120,58,Z355,7.0,,Alexander Zverev,R,198.0,GER,22.752,7.0,3345.0,CF01,,,Marco Cecchinato,R,185.0,ITA,27.305,77.0,710.0,6-4 7-6(4) 6-3,5,R128,143.0,8.0,4.0,109.0,92.0,66.0,8.0,16.0,8.0,11.0,3.0,1.0,115.0,73.0,44.0,20.0,15.0,7.0,12.0
2020-580,Australian Open,Hard,128,G,O,20200120,59,TE51,6.0,,Stefanos Tsitsipas,R,193.0,GRE,21.44,6.0,5375.0,CE25,,,Salvatore Caruso,R,185.0,ITA,27.097,95.0,586.0,6-0 6-2 6-3,5,R128,103.0,8.0,2.0,61.0,36.0,33.0,15.0,12.0,0.0,0.0,2.0,1.0,76.0,48.0,27.0,9.0,11.0,7.0,13.0
2020-580,Australian Open,Hard,128,G,O,20200120,60,TB69,5.0,,Dominic Thiem,R,185.0,AUT,26.379,5.0,5890.0,ME82,,,Adrian Mannarino,L,180.0,FRA,31.559,44.0,1111.0,6-3 7-5 6-2,5,R128,141.0,7.0,4.0,96.0,57.0,44.0,21.0,15.0,6.0,7.0,5.0,3.0,86.0,49.0,28.0,19.0,14.0,5.0,10.0
2020-580,Australian Open,Hard,128,G,O,20200120,61,MM58,4.0,,Daniil Medvedev,R,198.0,RUS,23.94,4.0,5960.0,TD51,,,Frances Tiafoe,R,188.0,USA,21.999,50.0,1050.0,6-3 4-6 6-4 6-2,5,R128,156.0,13.0,12.0,120.0,63.0,45.0,26.0,18.0,6.0,11.0,3.0,2.0,115.0,75.0,45.0,17.0,19.0,5.0,14.0
2020-580,Australian Open,Hard,128,G,O,20200120,62,F324,3.0,,Roger Federer,R,185.0,SUI,38.45,3.0,6590.0,J386,,,Steve Johnson,R,188.0,USA,30.073,75.0,720.0,6-3 6-2 6-2,5,R128,81.0,11.0,1.0,66.0,49.0,40.0,13.0,13.0,1.0,1.0,3.0,2.0,73.0,46.0,26.0,13.0,12.0,4.0,9.0
2020-580,Australian Open,Hard,128,G,O,20200120,63,D643,2.0,,Novak Djokovic,R,188.0,SRB,32.665,2.0,9720.0,SL28,,,Jan-Lennard Struff,R,193.0,GER,29.739,37.0,1270.0,7-6(5) 6-2 2-6 6-1,5,R128,136.0,14.0,3.0,92.0,60.0,46.0,16.0,17.0,1.0,5.0,13.0,7.0,112.0,63.0,41.0,20.0,18.0,4.0,11.0
2020-580,Australian Open,Hard,128,G,O,20200120,64,N409,1.0,,Rafael Nadal,L,185.0,ESP,33.632,1.0,10235.0,DA31,,,Hugo Dellien,R,180.0,BOL,26.595,73.0,743.0,6-2 6-3 6-0,5,R128,122.0,5.0,5.0,71.0,44.0,31.0,16.0,12.0,3.0,5.0,0.0,2.0,89.0,64.0,32.0,8.0,11.0,10.0,18.0
2020-580,Australian Open,Hard,128,G,O,20200120,65,Q927,,,Sam Querrey,R,198.0,USA,32.287,45.0,1100.0,BE90,,,Ricardas Berankis,R,175.0,LTU,29.582,69.0,804.0,7-6(2) 4-6 6-4 6-4,5,R64,155.0,26.0,4.0,112.0,68.0,59.0,23.0,21.0,3.0,6.0,7.0,8.0,136.0,74.0,53.0,33.0,21.0,6.0,10.0
2020-580,Australian Open,Hard,128,G,O,20200120,66,P09Z,,,Alexei Popyrin,R,196.0,AUS,20.46,96.0,585.0,MU94,,,Jaume Munar,R,183.0,ESP,22.71,90.0,608.0,6-2 7-6(5) 6-2,5,R64,124.0,8.0,6.0,95.0,64.0,48.0,18.0,14.0,4.0,4.0,1.0,2.0,92.0,55.0,38.0,17.0,14.0,5.0,9.0
2020-580,Australian Open,Hard,128,G,O,20200120,67,G858,,Q,Ernests Gulbis,R,191.0,LAT,31.389,255.0,179.0,BH09,,,Aljaz Bedene,R,183.0,SLO,30.508,55.0,950.0,7-5 6-3 6-2,5,R64,140.0,13.0,2.0,90.0,58.0,46.0,23.0,15.0,8.0,8.0,4.0,1.0,80.0,43.0,30.0,18.0,14.0,5.0,9.0
2020-580,Australian Open,Hard,128,G,O,20200120,68,F724,,,Marton Fucsovics,R,188.0,HUN,27.948,67.0,827.0,S0AG,,,Jannik Sinner,R,191.0,ITA,18.428,82.0,671.0,6-4 6-4 6-3,5,R64,136.0,6.0,3.0,88.0,55.0,38.0,16.0,14.0,1.0,4.0,0.0,4.0,101.0,55.0,36.0,17.0,15.0,5.0,12.0
2020-580,Australian Open,Hard,128,G,O,20200120,69,R975,32.0,,Milos Raonic,R,196.0,CAN,29.065,35.0,1305.0,GD64,,,Cristian Garin,R,185.0,CHI,23.641,36.0,1285.0,6-3 6-4 6-2,5,R64,97.0,19.0,6.0,74.0,39.0,36.0,22.0,14.0,3.0,3.0,2.0,3.0,70.0,54.0,35.0,7.0,13.0,0.0,4.0
2020-580,Australian Open,Hard,128,G,O,20200120,70,MH30,,,John Millman,R,183.0,AUS,30.601,47.0,1096.0,HB71,31.0,,Hubert Hurkacz,R,196.0,POL,22.938,31.0,1398.0,6-4 7-5 6-3,5,R64,148.0,5.0,5.0,117.0,65.0,42.0,23.0,16.0,5.0,10.0,9.0,8.0,81.0,45.0,29.0,11.0,15.0,2.0,10.0
2020-580,Australian Open,Hard,128,G,O,20200120,71,N732,,,Yoshihito Nishioka,L,170.0,JPN,24.315,71.0,797.0,E687,30.0,,Daniel Evans,R,175.0,GBR,29.662,32.0,1349.0,6-4 6-3 6-4,5,R64,119.0,2.0,1.0,87.0,65.0,49.0,12.0,14.0,2.0,2.0,7.0,1.0,87.0,52.0,37.0,19.0,15.0,3.0,7.0
2020-580,Australian Open,Hard,128,G,O,20200120,72,FB98,29.0,,Taylor Fritz,R,196.0,USA,22.229,34.0,1335.0,A678,,,Kevin Anderson,R,203.0,RSA,33.676,122.0,445.0,4-6 6-7(5) 7-6(4) 6-2 6-2,5,R64,201.0,20.0,5.0,136.0,85.0,68.0,36.0,25.0,1.0,3.0,21.0,6.0,163.0,109.0,83.0,21.0,25.0,9.0,14.0
2020-580,Australian Open,Hard,128,G,O,20200120,73,CD85,27.0,,Pablo Carreno Busta,R,188.0,ESP,28.526,30.0,1422.0,G967,,Q,Peter Gojowczyk,R,188.0,GER,30.516,120.0,463.0,6-4 6-1 1-6 6-4,5,R64,128.0,11.0,2.0,94.0,61.0,44.0,21.0,17.0,6.0,9.0,12.0,4.0,121.0,73.0,52.0,19.0,17.0,12.0,17.0
2020-580,Australian Open,Hard,128,G,O,20200120,74,V306,,,Fernando Verdasco,L,188.0,ESP,36.181,51.0,1050.0,BG23,26.0,,Nikoloz Basilashvili,R,185.0,GEO,27.907,29.0,1485.0,4-6 7-6(5) 6-4 6-4,5,R64,169.0,13.0,3.0,128.0,88.0,68.0,22.0,21.0,8.0,11.0,4.0,8.0,139.0,86.0,64.0,25.0,21.0,7.0,11.0
2020-580,Australian Open,Hard,128,G,O,20200120,75,L987,24.0,,Dusan Lajovic,R,183.0,SRB,29.558,27.0,1516.0,PG94,,WC,Marc Polmans,R,188.0,AUS,22.719,133.0,411.0,6-2 6-4 6-3,5,R64,112.0,12.0,0.0,88.0,66.0,46.0,14.0,13.0,5.0,5.0,2.0,1.0,86.0,62.0,34.0,14.0,14.0,4.0,9.0
2020-580,Australian Open,Hard,128,G,O,20200120,76,KE17,23.0,,Nick Kyrgios,R,193.0,AUS,24.734,26.0,1520.0,SD32,,,Gilles Simon,R,183.0,FRA,35.064,61.0,890.0,6-2 6-4 4-6 7-5,5,R64,169.0,28.0,4.0,110.0,76.0,59.0,19.0,20.0,1.0,3.0,8.0,3.0,116.0,76.0,55.0,18.0,20.0,6.0,11.0
2020-580,Australian Open,Hard,128,G,O,20200120,77,PC11,22.0,,Guido Pella,L,183.0,ARG,29.678,25.0,1585.0,BK24,,,Gregoire Barrere,R,183.0,FRA,25.925,84.0,649.0,6-1 6-4 3-6 6-3,5,R64,131.0,6.0,5.0,107.0,77.0,54.0,18.0,18.0,7.0,9.0,3.0,3.0,96.0,60.0,40.0,15.0,17.0,6.0,11.0
2020-580,Australian Open,Hard,128,G,O,20200120,78,C977,,,Marin Cilic,R,198.0,CRO,31.31,39.0,1205.0,PD31,21.0,,Benoit Paire,R,196.0,FRA,30.702,21.0,1703.0,6-2 6-7(6) 3-6 6-1 7-6(3),5,R64,213.0,17.0,6.0,160.0,107.0,85.0,26.0,24.0,6.0,9.0,30.0,10.0,153.0,88.0,73.0,24.0,24.0,4.0,10.0
2020-580,Australian Open,Hard,128,G,O,20200120,79,I186,19.0,,John Isner,R,208.0,USA,34.735,19.0,1860.0,TE30,,Q,Alejandro Tabilo,L,188.0,CHI,22.634,207.0,233.0,6-4 6-3 6-3,5,R64,84.0,32.0,2.0,73.0,58.0,50.0,8.0,14.0,0.0,0.0,7.0,5.0,83.0,55.0,38.0,14.0,14.0,3.0,7.0
2020-580,Australian Open,Hard,128,G,O,20200120,80,PL56,,,Tommy Paul,R,185.0,USA,22.678,80.0,696.0,D875,18.0,,Grigor Dimitrov,R,191.0,BUL,28.682,20.0,1772.0,6-4 7-6(6) 3-6 6-7(3) 7-6(3),5,R64,259.0,11.0,5.0,214.0,123.0,86.0,44.0,28.0,9.0,15.0,21.0,8.0,189.0,125.0,85.0,34.0,27.0,11.0,16.0
2020-580,Australian Open,Hard,128,G,O,20200120,81,RE44,17.0,,Andrey Rublev,R,188.0,RUS,22.251,16.0,2004.0,SE73,,,Yuichi Sugita,R,175.0,JPN,31.337,91.0,608.0,6-2 6-3 7-6(5),5,R64,113.0,20.0,2.0,77.0,42.0,38.0,24.0,14.0,0.0,0.0,3.0,3.0,120.0,79.0,49.0,21.0,15.0,8.0,12.0
2020-580,Australian Open,Hard,128,G,O,20200120,82,KE29,16.0,,Karen Khachanov,R,198.0,RUS,23.666,17.0,1995.0,Y268,,,Mikael Ymer,R,185.0,SWE,21.363,78.0,709.0,6-2 2-6 6-4 3-6 7-6(8),5,R64,274.0,7.0,6.0,163.0,104.0,64.0,22.0,23.0,14.0,24.0,4.0,1.0,189.0,123.0,71.0,28.0,24.0,14.0,24.0
2020-580,Australian Open,Hard,128,G,O,20200120,83,W367,15.0,,Stan Wawrinka,R,183.0,SUI,34.815,15.0,2045.0,SA93,,,Andreas Seppi,R,191.0,ITA,35.912,85.0,646.0,4-6 7-5 6-3 3-6 6-4,5,R64,218.0,19.0,4.0,138.0,83.0,66.0,29.0,25.0,0.0,5.0,5.0,2.0,155.0,94.0,63.0,34.0,25.0,10.0,16.0
2020-580,Australian Open,Hard,128,G,O,20200120,84,SM37,14.0,,Diego Schwartzman,R,170.0,ARG,27.428,14.0,2130.0,DH50,,,Alejandro Davidovich Fokina,R,180.0,ESP,20.627,88.0,627.0,6-1 6-4 6-2,5,R64,116.0,4.0,5.0,87.0,48.0,33.0,22.0,13.0,3.0,5.0,1.0,3.0,84.0,58.0,30.0,9.0,12.0,7.0,14.0
2020-580,Australian Open,Hard,128,G,O,20200120,85,F510,12.0,,Fabio Fognini,R,178.0,ITA,32.66,12.0,2310.0,TC61,,,Jordan Thompson,R,183.0,AUS,25.752,66.0,843.0,7-6(4) 6-1 3-6 4-6 7-6(4),5,R64,245.0,10.0,6.0,164.0,93.0,68.0,42.0,25.0,8.0,11.0,12.0,4.0,169.0,101.0,74.0,34.0,25.0,8.0,11.0
2020-580,Australian Open,Hard,128,G,O,20200120,86,GB88,11.0,,David Goffin,R,180.0,BEL,29.12,11.0,2555.0,H996,,,Pierre-Hugues Herbert,R,188.0,FRA,28.843,64.0,865.0,6-1 6-4 4-6 1-6 6-3,5,R64,186.0,3.0,12.0,132.0,82.0,52.0,21.0,22.0,8.0,16.0,9.0,6.0,145.0,81.0,44.0,32.0,21.0,9.0,18.0
2020-580,Australian Open,Hard,128,G,O,20200120,87,MC65,10.0,,Gael Monfils,R,193.0,FRA,33.385,10.0,2565.0,K336,,,Ivo Karlovic,R,211.0,CRO,40.893,124.0,436.0,4-6 7-6(8) 6-4 7-5,5,R64,152.0,5.0,7.0,127.0,92.0,79.0,15.0,22.0,1.0,2.0,17.0,8.0,138.0,85.0,71.0,25.0,22.0,4.0,6.0
2020-580,Australian Open,Hard,128,G,O,20200120,88,BD06,9.0,,Roberto Bautista Agut,R,183.0,ESP,31.767,9.0,2630.0,MP01,,WC,Michael Mmoh,R,188.0,USA,22.026,216.0,219.0,5-7 6-2 6-4 6-1,5,R64,164.0,3.0,1.0,100.0,72.0,57.0,16.0,18.0,1.0,2.0,14.0,6.0,134.0,100.0,65.0,11.0,19.0,11.0,17.0
2020-580,Australian Open,Hard,128,G,O,20200120,89,SL08,,,Tennys Sandgren,R,188.0,USA,28.498,100.0,573.0,BK40,8.0,,Matteo Berrettini,R,196.0,ITA,23.773,8.0,2870.0,7-6(7) 6-4 4-6 2-6 7-5,5,R64,203.0,22.0,2.0,146.0,105.0,84.0,23.0,26.0,8.0,11.0,16.0,3.0,154.0,100.0,82.0,31.0,26.0,3.0,5.0
2020-580,Australian Open,Hard,128,G,O,20200120,90,Z355,7.0,,Alexander Zverev,R,198.0,GER,22.752,7.0,3345.0,GC89,,,Egor Gerasimov,R,196.0,BLR,27.19,98.0,575.0,7-6(5) 6-4 7-5,5,R64,139.0,9.0,0.0,85.0,66.0,57.0,13.0,17.0,1.0,2.0,8.0,4.0,128.0,86.0,60.0,21.0,17.0,11.0,14.0
2020-580,Australian Open,Hard,128,G,O,20200120,91,TE51,6.0,,Stefanos Tsitsipas,R,193.0,GRE,21.44,6.0,5375.0,K435,,,Philipp Kohlschreiber,R,178.0,GER,36.263,79.0,700.0,W/O,5,R64,,,,,,,,,,,,,,,,,,,
2020-580,Australian Open,Hard,128,G,O,20200120,92,TB69,5.0,,Dominic Thiem,R,185.0,AUT,26.379,5.0,5890.0,BI81,,WC,Alex Bolt,L,183.0,AUS,27.039,140.0,377.0,6-2 5-7 6-7(5) 6-1 6-2,5,R64,202.0,12.0,3.0,137.0,92.0,76.0,24.0,24.0,5.0,7.0,14.0,5.0,166.0,110.0,67.0,30.0,23.0,17.0,24.0
2020-580,Australian Open,Hard,128,G,O,20200120,93,MM58,4.0,,Daniil Medvedev,R,198.0,RUS,23.94,4.0,5960.0,MO44,,Q,Pedro Martinez,R,185.0,ESP,22.735,168.0,300.0,7-5 6-1 6-3,5,R64,129.0,19.0,2.0,84.0,48.0,39.0,23.0,14.0,3.0,4.0,4.0,1.0,93.0,63.0,38.0,10.0,14.0,6.0,12.0
2020-580,Australian Open,Hard,128,G,O,20200120,94,F324,3.0,,Roger Federer,R,185.0,SUI,38.45,3.0,6590.0,KB05,,,Filip Krajinovic,R,185.0,SRB,27.896,41.0,1158.0,6-1 6-4 6-1,5,R64,92.0,14.0,0.0,68.0,47.0,36.0,13.0,12.0,2.0,3.0,4.0,2.0,77.0,57.0,33.0,4.0,12.0,7.0,14.0
2020-580,Australian Open,Hard,128,G,O,20200120,95,D643,2.0,,Novak Djokovic,R,188.0,SRB,32.665,2.0,9720.0,I230,,WC,Tatsuma Ito,R,180.0,JPN,31.674,146.0,362.0,6-1 6-4 6-2,5,R64,95.0,16.0,5.0,64.0,46.0,43.0,10.0,13.0,0.0,0.0,9.0,1.0,77.0,50.0,33.0,9.0,12.0,4.0,9.0
2020-580,Australian Open,Hard,128,G,O,20200120,96,N409,1.0,,Rafael Nadal,L,185.0,ESP,33.632,1.0,10235.0,D874,,,Federico Delbonis,L,193.0,ARG,29.292,76.0,711.0,6-3 7-6(4) 6-1,5,R64,150.0,8.0,1.0,89.0,61.0,52.0,17.0,15.0,0.0,0.0,2.0,8.0,110.0,69.0,45.0,18.0,13.0,17.0,20.0
2020-580,Australian Open,Hard,128,G,O,20200120,97,SL08,,,Tennys Sandgren,R,188.0,USA,28.498,100.0,573.0,Q927,,,Sam Querrey,R,198.0,USA,32.287,45.0,1100.0,6-4 6-4 6-4,5,R32,112.0,12.0,4.0,102.0,65.0,50.0,17.0,15.0,12.0,14.0,15.0,5.0,90.0,59.0,42.0,9.0,15.0,3.0,8.0
2020-580,Australian Open,Hard,128,G,O,20200120,98,F724,,,Marton Fucsovics,R,188.0,HUN,27.948,67.0,827.0,PL56,,,Tommy Paul,R,185.0,USA,22.678,80.0,696.0,6-1 6-1 6-4,5,R32,106.0,6.0,1.0,72.0,47.0,36.0,17.0,12.0,4.0,4.0,3.0,3.0,71.0,40.0,25.0,12.0,12.0,8.0,14.0
2020-580,Australian Open,Hard,128,G,O,20200120,99,KE17,23.0,,Nick Kyrgios,R,193.0,AUS,24.734,26.0,1520.0,KE29,16.0,,Karen Khachanov,R,198.0,RUS,23.666,17.0,1995.0,6-2 7-6(5) 6-7(6) 6-7(7) 7-6(8),5,R32,266.0,33.0,4.0,186.0,125.0,102.0,32.0,28.0,3.0,4.0,21.0,5.0,190.0,129.0,104.0,29.0,28.0,3.0,6.0
2020-580,Australian Open,Hard,128,G,O,20200120,100,W367,15.0,,Stan Wawrinka,R,183.0,SUI,34.815,15.0,2045.0,I186,19.0,,John Isner,R,208.0,USA,34.735,19.0,1860.0,6-4 4-1 RET,5,R32,65.0,8.0,0.0,46.0,21.0,18.0,16.0,7.0,3.0,3.0,7.0,1.0,49.0,36.0,23.0,5.0,8.0,5.0,8.0
2020-580,Australian Open,Hard,128,G,O,20200120,101,SM37,14.0,,Diego Schwartzman,R,170.0,ARG,27.428,14.0,2130.0,L987,24.0,,Dusan Lajovic,R,183.0,SRB,29.558,27.0,1516.0,6-2 6-3 7-6(7),5,R32,133.0,3.0,2.0,95.0,60.0,43.0,17.0,15.0,2.0,6.0,5.0,2.0,86.0,57.0,32.0,12.0,14.0,4.0,11.0
2020-580,Australian Open,Hard,128,G,O,20200120,102,F510,12.0,,Fabio Fognini,R,178.0,ITA,32.66,12.0,2310.0,PC11,22.0,,Guido Pella,L,183.0,ARG,29.678,25.0,1585.0,7-6(0) 6-2 6-3,5,R32,129.0,11.0,5.0,95.0,61.0,47.0,19.0,15.0,6.0,8.0,7.0,1.0,87.0,60.0,37.0,13.0,14.0,1.0,6.0
2020-580,Australian Open,Hard,128,G,O,20200120,103,RE44,17.0,,Andrey Rublev,R,188.0,RUS,22.251,16.0,2004.0,GB88,11.0,,David Goffin,R,180.0,BEL,29.12,11.0,2555.0,2-6 7-6(3) 6-4 7-6(4),5,R32,180.0,14.0,3.0,132.0,82.0,64.0,22.0,21.0,1.0,6.0,11.0,1.0,134.0,80.0,56.0,25.0,21.0,2.0,6.0
2020-580,Australian Open,Hard,128,G,O,20200120,104,MC65,10.0,,Gael Monfils,R,193.0,FRA,33.385,10.0,2565.0,G858,,Q,Ernests Gulbis,R,191.0,LAT,31.389,255.0,179.0,7-6(2) 6-4 6-3,5,R32,147.0,9.0,6.0,97.0,67.0,52.0,18.0,15.0,4.0,6.0,9.0,6.0,99.0,57.0,37.0,21.0,16.0,4.0,9.0
2020-580,Australian Open,Hard,128,G,O,20200120,105,C977,,,Marin Cilic,R,198.0,CRO,31.31,39.0,1205.0,BD06,9.0,,Roberto Bautista Agut,R,183.0,ESP,31.767,9.0,2630.0,6-7(3) 6-4 6-0 5-7 6-3,5,R32,250.0,24.0,2.0,149.0,97.0,75.0,28.0,24.0,8.0,10.0,9.0,2.0,168.0,116.0,76.0,27.0,25.0,12.0,19.0
2020-580,Australian Open,Hard,128,G,O,20200120,106,Z355,7.0,,Alexander Zverev,R,198.0,GER,22.752,7.0,3345.0,V306,,,Fernando Verdasco,L,188.0,ESP,36.181,51.0,1050.0,6-2 6-2 6-4,5,R32,116.0,15.0,3.0,82.0,61.0,47.0,8.0,13.0,4.0,5.0,3.0,2.0,84.0,49.0,27.0,16.0,13.0,4.0,10.0
2020-580,Australian Open,Hard,128,G,O,20200120,107,R975,32.0,,Milos Raonic,R,196.0,CAN,29.065,35.0,1305.0,TE51,6.0,,Stefanos Tsitsipas,R,193.0,GRE,21.44,6.0,5375.0,7-5 6-4 7-6(2),5,R32,150.0,19.0,1.0,97.0,63.0,56.0,20.0,17.0,0.0,0.0,9.0,3.0,106.0,70.0,52.0,18.0,17.0,4.0,6.0
2020-580,Australian Open,Hard,128,G,O,20200120,108,TB69,5.0,,Dominic Thiem,R,185.0,AUT,26.379,5.0,5890.0,FB98,29.0,,Taylor Fritz,R,196.0,USA,22.229,34.0,1335.0,6-2 6-4 6-7(5) 6-4,5,R32,170.0,12.0,5.0,134.0,90.0,69.0,24.0,20.0,6.0,7.0,20.0,4.0,122.0,85.0,60.0,17.0,20.0,4.0,9.0
2020-580,Australian Open,Hard,128,G,O,20200120,109,MM58,4.0,,Daniil Medvedev,R,198.0,RUS,23.94,4.0,5960.0,P09Z,,,Alexei Popyrin,R,196.0,AUS,20.46,96.0,585.0,6-4 6-3 6-2,5,R32,107.0,6.0,3.0,76.0,43.0,33.0,22.0,13.0,1.0,1.0,8.0,7.0,86.0,55.0,37.0,10.0,14.0,3.0,8.0
2020-580,Australian Open,Hard,128,G,O,20200120,110,F324,3.0,,Roger Federer,R,185.0,SUI,38.45,3.0,6590.0,MH30,,,John Millman,R,183.0,AUS,30.601,47.0,1096.0,4-6 7-6(2) 6-4 4-6 7-6(8),5,R32,243.0,16.0,6.0,170.0,111.0,85.0,30.0,27.0,4.0,8.0,11.0,4.0,189.0,118.0,80.0,43.0,27.0,7.0,10.0
2020-580,Australian Open,Hard,128,G,O,20200120,111,D643,2.0,,Novak Djokovic,R,188.0,SRB,32.665,2.0,9720.0,N732,,,Yoshihito Nishioka,L,170.0,JPN,24.315,71.0,797.0,6-3 6-2 6-2,5,R32,85.0,17.0,2.0,62.0,46.0,43.0,11.0,13.0,1.0,1.0,1.0,4.0,74.0,43.0,29.0,12.0,12.0,1.0,6.0
2020-580,Australian Open,Hard,128,G,O,20200120,112,N409,1.0,,Rafael Nadal,L,185.0,ESP,33.632,1.0,10235.0,CD85,27.0,,Pablo Carreno Busta,R,188.0,ESP,28.526,30.0,1422.0,6-1 6-2 6-4,5,R32,98.0,9.0,0.0,62.0,39.0,34.0,18.0,13.0,0.0,0.0,6.0,1.0,63.0,41.0,29.0,7.0,12.0,5.0,10.0
2020-580,Australian Open,Hard,128,G,O,20200120,113,R975,32.0,,Milos Raonic,R,196.0,CAN,29.065,35.0,1305.0,C977,,,Marin Cilic,R,198.0,CRO,31.31,39.0,1205.0,6-4 6-3 7-5,5,R16,139.0,35.0,3.0,94.0,69.0,55.0,14.0,16.0,4.0,4.0,5.0,3.0,84.0,50.0,38.0,18.0,15.0,5.0,8.0
2020-580,Australian Open,Hard,128,G,O,20200120,114,SL08,,,Tennys Sandgren,R,188.0,USA,28.498,100.0,573.0,F510,12.0,,Fabio Fognini,R,178.0,ITA,32.66,12.0,2310.0,7-6(5) 7-5 6-7(2) 6-4,5,R16,207.0,21.0,2.0,141.0,95.0,69.0,24.0,23.0,5.0,8.0,8.0,3.0,132.0,67.0,52.0,33.0,23.0,0.0,5.0
2020-580,Australian Open,Hard,128,G,O,20200120,115,Z355,7.0,,Alexander Zverev,R,198.0,GER,22.752,7.0,3345.0,RE44,17.0,,Andrey Rublev,R,188.0,RUS,22.251,16.0,2004.0,6-4 6-4 6-4,5,R16,97.0,11.0,3.0,72.0,54.0,49.0,11.0,15.0,0.0,0.0,5.0,5.0,81.0,53.0,41.0,14.0,15.0,4.0,7.0
2020-580,Australian Open,Hard,128,G,O,20200120,116,TB69,5.0,,Dominic Thiem,R,185.0,AUT,26.379,5.0,5890.0,MC65,10.0,,Gael Monfils,R,193.0,FRA,33.385,10.0,2565.0,6-2 6-4 6-4,5,R16,110.0,2.0,1.0,70.0,46.0,39.0,18.0,14.0,0.0,0.0,9.0,0.0,104.0,79.0,48.0,12.0,14.0,10.0,14.0
2020-580,Australian Open,Hard,128,G,O,20200120,117,W367,15.0,,Stan Wawrinka,R,183.0,SUI,34.815,15.0,2045.0,MM58,4.0,,Daniil Medvedev,R,198.0,RUS,23.94,4.0,5960.0,6-2 2-6 4-6 7-6(2) 6-2,5,R16,205.0,18.0,1.0,138.0,95.0,72.0,22.0,23.0,5.0,8.0,19.0,2.0,143.0,98.0,67.0,25.0,23.0,7.0,11.0
2020-580,Australian Open,Hard,128,G,O,20200120,118,F324,3.0,,Roger Federer,R,185.0,SUI,38.45,3.0,6590.0,F724,,,Marton Fucsovics,R,188.0,HUN,27.948,67.0,827.0,4-6 6-1 6-2 6-2,5,R16,131.0,5.0,0.0,103.0,63.0,48.0,21.0,17.0,7.0,9.0,1.0,1.0,89.0,42.0,24.0,25.0,16.0,5.0,12.0
2020-580,Australian Open,Hard,128,G,O,20200120,119,D643,2.0,,Novak Djokovic,R,188.0,SRB,32.665,2.0,9720.0,SM37,14.0,,Diego Schwartzman,R,170.0,ARG,27.428,14.0,2130.0,6-3 6-4 6-4,5,R16,126.0,8.0,1.0,86.0,55.0,41.0,21.0,15.0,2.0,3.0,1.0,4.0,89.0,50.0,31.0,19.0,14.0,4.0,8.0
2020-580,Australian Open,Hard,128,G,O,20200120,120,N409,1.0,,Rafael Nadal,L,185.0,ESP,33.632,1.0,10235.0,KE17,23.0,,Nick Kyrgios,R,193.0,AUS,24.734,26.0,1520.0,6-3 3-6 7-6(6) 7-6(4),5,R16,218.0,12.0,4.0,120.0,78.0,66.0,27.0,21.0,1.0,3.0,25.0,5.0,151.0,113.0,83.0,14.0,21.0,7.0,9.0
2020-580,Australian Open,Hard,128,G,O,20200120,121,Z355,7.0,,Alexander Zverev,R,198.0,GER,22.752,7.0,3345.0,W367,15.0,,Stan Wawrinka,R,183.0,SUI,34.815,15.0,2045.0,1-6 6-3 6-4 6-2,5,QF,139.0,13.0,1.0,93.0,74.0,56.0,8.0,17.0,3.0,6.0,4.0,5.0,105.0,59.0,41.0,24.0,17.0,8.0,13.0
2020-580,Australian Open,Hard,128,G,O,20200120,122,F324,3.0,,Roger Federer,R,185.0,SUI,38.45,3.0,6590.0,SL08,,,Tennys Sandgren,R,188.0,USA,28.498,100.0,573.0,6-3 2-6 2-6 7-6(8) 6-3,5,QF,211.0,5.0,3.0,171.0,112.0,80.0,31.0,24.0,10.0,14.0,27.0,5.0,150.0,97.0,77.0,24.0,22.0,11.0,13.0
2020-580,Australian Open,Hard,128,G,O,20200120,123,D643,2.0,,Novak Djokovic,R,188.0,SRB,32.665,2.0,9720.0,R975,32.0,,Milos Raonic,R,196.0,CAN,29.065,35.0,1305.0,6-4 6-3 7-6(1),5,QF,169.0,4.0,1.0,101.0,70.0,60.0,15.0,16.0,2.0,2.0,18.0,6.0,128.0,81.0,58.0,20.0,15.0,14.0,16.0
2020-580,Australian Open,Hard,128,G,O,20200120,124,TB69,5.0,,Dominic Thiem,R,185.0,AUT,26.379,5.0,5890.0,N409,1.0,,Rafael Nadal,L,185.0,ESP,33.632,1.0,10235.0,7-6(3) 7-6(4) 4-6 7-6(6),5,QF,250.0,14.0,4.0,140.0,83.0,65.0,28.0,23.0,5.0,9.0,11.0,3.0,151.0,105.0,72.0,24.0,23.0,5.0,8.0
2020-580,Australian Open,Hard,128,G,O,20200120,125,TB69,5.0,,Dominic Thiem,R,185.0,AUT,26.379,5.0,5890.0,Z355,7.0,,Alexander Zverev,R,198.0,GER,22.752,7.0,3345.0,3-6 6-4 7-6(3) 7-6(4),5,SF,222.0,10.0,4.0,144.0,96.0,74.0,19.0,22.0,9.0,14.0,16.0,3.0,127.0,103.0,70.0,12.0,21.0,5.0,9.0
2020-580,Australian Open,Hard,128,G,O,20200120,126,D643,2.0,,Novak Djokovic,R,188.0,SRB,32.665,2.0,9720.0,F324,3.0,,Roger Federer,R,185.0,SUI,38.45,3.0,6590.0,7-6(1) 6-4 6-3,5,SF,138.0,11.0,1.0,102.0,74.0,54.0,15.0,16.0,5.0,7.0,15.0,3.0,104.0,68.0,45.0,15.0,15.0,7.0,11.0
2020-580,Australian Open,Hard,128,G,O,20200120,127,D643,2.0,,Novak Djokovic,R,188.0,SRB,32.665,2.0,9720.0,TB69,5.0,,Dominic Thiem,R,185.0,AUT,26.379,5.0,5890.0,6-4 4-6 2-6 6-3 6-4,5,F,239.0,9.0,5.0,134.0,87.0,66.0,24.0,24.0,7.0,12.0,13.0,5.0,170.0,108.0,75.0,28.0,23.0,7.0,12.0
2020-375,Montpellier,Hard,28,250,I,20200203,1,Y268,,,Mikael Ymer,R,185.0,SWE,21.402,76.0,739.0,S0AG,,,Jannik Sinner,R,191.0,ITA,18.467,78.0,710.0,6-3 6-4,3,R32,85.0,3.0,3.0,58.0,38.0,29.0,10.0,10.0,2.0,4.0,2.0,3.0,52.0,31.0,22.0,7.0,9.0,2.0,6.0
2020-375,Montpellier,Hard,28,250,I,20200203,2,RH24,,Q,Emil Ruusuvuori,R,188.0,FIN,20.841,101.0,540.0,DB59,,,Dennis Novak,R,183.0,AUT,26.434,93.0,609.0,7-6(3) 4-6 6-2,3,R32,118.0,17.0,2.0,98.0,67.0,49.0,16.0,15.0,5.0,8.0,7.0,1.0,98.0,67.0,41.0,18.0,15.0,2.0,6.0
2020-375,Montpellier,Hard,28,250,I,20200203,3,PD07,,PR,Vasek Pospisil,R,193.0,CAN,29.615,132.0,402.0,BH09,,,Aljaz Bedene,R,183.0,SLO,30.546,51.0,985.0,6-3 6-4,3,R32,76.0,7.0,4.0,63.0,41.0,32.0,12.0,10.0,5.0,5.0,9.0,3.0,52.0,31.0,26.0,5.0,9.0,0.0,2.0
2020-375,Montpellier,Hard,28,250,I,20200203,4,ME82,,,Adrian Mannarino,L,180.0,FRA,31.598,45.0,1111.0,P09Z,,,Alexei Popyrin,R,196.0,AUS,20.498,99.0,585.0,6-0 6-7(7) 6-0,3,R32,115.0,12.0,3.0,85.0,53.0,41.0,20.0,12.0,4.0,4.0,13.0,4.0,89.0,49.0,30.0,18.0,12.0,9.0,15.0
2020-375,Montpellier,Hard,28,250,I,20200203,5,H996,,,Pierre-Hugues Herbert,R,188.0,FRA,28.882,67.0,820.0,SC77,,Q,Sergiy Stakhovsky,R,193.0,UKR,34.075,153.0,342.0,6-2 7-5,3,R32,90.0,7.0,3.0,58.0,34.0,30.0,9.0,10.0,0.0,1.0,4.0,3.0,76.0,51.0,30.0,12.0,10.0,8.0,12.0
2020-375,Montpellier,Hard,28,250,I,20200203,6,G628,,,Richard Gasquet,R,183.0,FRA,33.629,58.0,890.0,SD32,,,Gilles Simon,R,183.0,FRA,35.102,59.0,890.0,6-4 6-4,3,R32,87.0,6.0,1.0,58.0,34.0,25.0,17.0,10.0,4.0,5.0,2.0,1.0,55.0,30.0,19.0,12.0,10.0,2.0,5.0
2020-375,Montpellier,Hard,28,250,I,20200203,7,BK92,,,Alexander Bublik,R,196.0,KAZ,22.631,54.0,952.0,L949,,,Henri Laaksonen,R,185.0,SUI,27.844,112.0,480.0,6-7(2) 6-1 7-6(2),3,R32,129.0,20.0,12.0,115.0,64.0,48.0,24.0,16.0,5.0,8.0,5.0,1.0,97.0,52.0,34.0,22.0,15.0,4.0,9.0
2020-375,Montpellier,Hard,28,250,I,20200203,8,BK24,,,Gregoire Barrere,R,183.0,FRA,25.963,91.0,612.0,SH90,,,Joao Sousa,R,185.0,POR,30.847,69.0,811.0,6-2 7-6(6),3,R32,107.0,6.0,3.0,87.0,62.0,41.0,15.0,10.0,7.0,8.0,3.0,4.0,85.0,42.0,28.0,20.0,10.0,3.0,6.0
2020-375,Montpellier,Hard,28,250,I,20200203,9,L397,,,Feliciano Lopez,L,188.0,ESP,38.371,55.0,933.0,HH26,8.0,,Ugo Humbert,L,188.0,FRA,21.607,43.0,1121.0,6-4 6-1,3,R32,69.0,6.0,2.0,45.0,24.0,22.0,12.0,8.0,2.0,2.0,9.0,2.0,49.0,31.0,19.0,8.0,9.0,3.0,7.0
2020-375,Montpellier,Hard,28,250,I,20200203,10,KB05,7.0,,Filip Krajinovic,R,185.0,SRB,27.934,44.0,1113.0,CG94,,Q,Enzo Couacaud,R,183.0,FRA,24.928,214.0,221.0,6-4 6-4,3,R32,86.0,3.0,1.0,65.0,43.0,31.0,10.0,10.0,4.0,6.0,9.0,1.0,69.0,42.0,30.0,8.0,10.0,2.0,6.0
2020-375,Montpellier,Hard,28,250,I,20200203,11,GB93,,,Norbert Gombos,R,193.0,SVK,29.476,104.0,527.0,CD85,6.0,,Pablo Carreno Busta,R,188.0,ESP,28.564,29.0,1332.0,3-6 6-4 6-3,3,R32,103.0,9.0,0.0,77.0,57.0,41.0,8.0,14.0,2.0,5.0,5.0,2.0,79.0,51.0,38.0,8.0,14.0,5.0,9.0
2020-375,Montpellier,Hard,28,250,I,20200203,12,AG37,5.0,WC,Felix Auger-Aliassime,R,193.0,CAN,19.488,21.0,1666.0,D923,,Q,Damir Dzumhur,R,175.0,BIH,27.707,97.0,594.0,6-7(5) 6-2 6-2,3,R32,149.0,11.0,5.0,92.0,64.0,47.0,14.0,14.0,4.0,6.0,2.0,4.0,112.0,72.0,41.0,20.0,14.0,8.0,14.0
2020-375,Montpellier,Hard,28,250,I,20200203,13,GB93,,,Norbert Gombos,R,193.0,SVK,29.476,104.0,527.0,RH24,,Q,Emil Ruusuvuori,R,188.0,FIN,20.841,101.0,540.0,7-5 6-4,3,R16,72.0,5.0,2.0,69.0,50.0,37.0,10.0,11.0,2.0,3.0,4.0,1.0,55.0,27.0,22.0,16.0,11.0,0.0,3.0
2020-375,Montpellier,Hard,28,250,I,20200203,14,G628,,,Richard Gasquet,R,183.0,FRA,33.629,58.0,890.0,L397,,,Feliciano Lopez,L,188.0,ESP,38.371,55.0,933.0,6-7(1) 6-4 6-2,3,R16,125.0,7.0,2.0,88.0,46.0,42.0,22.0,15.0,3.0,3.0,22.0,6.0,96.0,49.0,40.0,24.0,15.0,6.0,9.0
2020-375,Montpellier,Hard,28,250,I,20200203,15,KB05,7.0,,Filip Krajinovic,R,185.0,SRB,27.934,44.0,1113.0,Y268,,,Mikael Ymer,R,185.0,SWE,21.402,76.0,739.0,6-1 6-1,3,R16,77.0,3.0,0.0,46.0,33.0,23.0,7.0,7.0,4.0,5.0,4.0,2.0,69.0,40.0,20.0,7.0,7.0,9.0,15.0
2020-375,Montpellier,Hard,28,250,I,20200203,16,H996,,,Pierre-Hugues Herbert,R,188.0,FRA,28.882,67.0,820.0,AG37,5.0,WC,Felix Auger-Aliassime,R,193.0,CAN,19.488,21.0,1666.0,7-6(2) 7-5,3,R16,108.0,9.0,2.0,69.0,35.0,31.0,22.0,12.0,1.0,1.0,9.0,3.0,65.0,40.0,35.0,14.0,12.0,1.0,2.0
2020-375,Montpellier,Hard,28,250,I,20200203,17,BK24,,,Gregoire Barrere,R,183.0,FRA,25.963,91.0,612.0,D875,4.0,WC,Grigor Dimitrov,R,191.0,BUL,28.72,23.0,1637.0,6-7(4) 6-4 7-5,3,R16,153.0,5.0,2.0,113.0,72.0,51.0,22.0,17.0,7.0,10.0,10.0,10.0,120.0,74.0,54.0,20.0,17.0,9.0,14.0
2020-375,Montpellier,Hard,28,250,I,20200203,18,PD07,,PR,Vasek Pospisil,R,193.0,CAN,29.615,132.0,402.0,SU55,3.0,,Denis Shapovalov,L,185.0,CAN,20.805,16.0,2120.0,6-2 6-3,3,R16,56.0,5.0,3.0,42.0,31.0,28.0,8.0,9.0,0.0,0.0,5.0,2.0,41.0,23.0,17.0,8.0,8.0,3.0,6.0
2020-375,Montpellier,Hard,28,250,I,20200203,19,GB88,2.0,,David Goffin,R,180.0,BEL,29.158,10.0,2555.0,BK92,,,Alexander Bublik,R,196.0,KAZ,22.631,54.0,952.0,6-3 7-6(9),3,R16,106.0,2.0,0.0,85.0,52.0,38.0,17.0,10.0,5.0,6.0,6.0,12.0,94.0,57.0,40.0,14.0,11.0,6.0,9.0
2020-375,Montpellier,Hard,28,250,I,20200203,20,MC65,1.0,WC,Gael Monfils,R,193.0,FRA,33.424,9.0,2700.0,ME82,,,Adrian Mannarino,L,180.0,FRA,31.598,45.0,1111.0,4-6 6-1 6-4,3,R16,120.0,6.0,6.0,86.0,53.0,38.0,17.0,14.0,1.0,4.0,2.0,1.0,86.0,50.0,33.0,15.0,13.0,9.0,14.0
2020-375,Montpellier,Hard,28,250,I,20200203,21,PD07,,PR,Vasek Pospisil,R,193.0,CAN,29.615,132.0,402.0,G628,,,Richard Gasquet,R,183.0,FRA,33.629,58.0,890.0,6-1 1-0 RET,3,QF,31.0,14.0,0.0,29.0,20.0,16.0,5.0,4.0,3.0,3.0,0.0,0.0,30.0,21.0,9.0,4.0,4.0,2.0,5.0
2020-375,Montpellier,Hard,28,250,I,20200203,22,KB05,7.0,,Filip Krajinovic,R,185.0,SRB,27.934,44.0,1113.0,BK24,,,Gregoire Barrere,R,183.0,FRA,25.963,91.0,612.0,6-2 7-5,3,QF,74.0,5.0,0.0,53.0,41.0,33.0,8.0,10.0,2.0,2.0,6.0,1.0,73.0,48.0,31.0,11.0,10.0,4.0,7.0
2020-375,Montpellier,Hard,28,250,I,20200203,23,GB88,2.0,,David Goffin,R,180.0,BEL,29.158,10.0,2555.0,H996,,,Pierre-Hugues Herbert,R,188.0,FRA,28.882,67.0,820.0,6-4 7-6(5),3,QF,98.0,3.0,6.0,72.0,40.0,30.0,17.0,11.0,2.0,3.0,6.0,3.0,68.0,38.0,28.0,15.0,11.0,3.0,5.0
2020-375,Montpellier,Hard,28,250,I,20200203,24,MC65,1.0,WC,Gael Monfils,R,193.0,FRA,33.424,9.0,2700.0,GB93,,,Norbert Gombos,R,193.0,SVK,29.476,104.0,527.0,6-3 6-4,3,QF,72.0,9.0,2.0,70.0,52.0,38.0,8.0,10.0,5.0,6.0,4.0,4.0,50.0,36.0,26.0,4.0,9.0,2.0,5.0
2020-375,Montpellier,Hard,28,250,I,20200203,25,PD07,,PR,Vasek Pospisil,R,193.0,CAN,29.615,132.0,402.0,GB88,2.0,,David Goffin,R,180.0,BEL,29.158,10.0,2555.0,6-3 1-6 7-5,3,SF,141.0,8.0,3.0,88.0,53.0,38.0,18.0,14.0,3.0,6.0,7.0,4.0,97.0,55.0,43.0,17.0,14.0,8.0,11.0
2020-375,Montpellier,Hard,28,250,I,20200203,26,MC65,1.0,WC,Gael Monfils,R,193.0,FRA,33.424,9.0,2700.0,KB05,7.0,,Filip Krajinovic,R,185.0,SRB,27.934,44.0,1113.0,7-6(4) 6-2,3,SF,82.0,12.0,2.0,67.0,48.0,39.0,8.0,10.0,3.0,3.0,2.0,0.0,60.0,41.0,26.0,11.0,10.0,1.0,3.0
2020-375,Montpellier,Hard,28,250,I,20200203,27,MC65,1.0,WC,Gael Monfils,R,193.0,FRA,33.424,9.0,2700.0,PD07,,,Vasek Pospisil,R,193.0,CAN,29.615,132.0,402.0,7-5 6-3,3,F,97.0,6.0,5.0,80.0,56.0,43.0,10.0,11.0,4.0,4.0,2.0,3.0,56.0,37.0,31.0,5.0,10.0,2.0,4.0
2020-891,Pune,Hard,28,250,O,20200203,1,V708,,,Jiri Vesely,L,198.0,CZE,26.568,107.0,520.0,KD43,,WC,Arjun Kadhe,R,185.0,IND,26.073,612.0,36.0,6-2 6-4,3,R32,75.0,13.0,2.0,48.0,31.0,26.0,11.0,9.0,0.0,0.0,3.0,2.0,64.0,43.0,26.0,10.0,9.0,9.0,12.0
2020-891,Pune,Hard,28,250,O,20200203,2,T840,,Q,Viktor Troicki,R,193.0,SRB,33.979,191.0,263.0,N897,,,Sumit Nagal,R,178.0,IND,22.467,125.0,416.0,6-2 6-7(4) 6-1,3,R32,139.0,9.0,2.0,110.0,83.0,56.0,14.0,14.0,9.0,10.0,4.0,4.0,96.0,65.0,43.0,15.0,13.0,11.0,16.0
2020-891,Pune,Hard,28,250,O,20200203,3,SK94,,PR,Cedrik-Marcel Stebe,L,180.0,GER,29.32,149.0,350.0,K336,,,Ivo Karlovic,R,211.0,CRO,40.931,121.0,436.0,6-3 6-4,3,R32,64.0,5.0,4.0,63.0,36.0,30.0,16.0,10.0,8.0,8.0,6.0,1.0,43.0,34.0,25.0,5.0,9.0,2.0,4.0
2020-891,Pune,Hard,28,250,O,20200203,4,MM66,,Q,Nikola Milojevic,R,188.0,SRB,24.627,148.0,357.0,HA71,,,Antoine Hoang,R,183.0,FRA,24.249,126.0,415.0,7-6(5) 6-4,3,R32,100.0,4.0,1.0,62.0,39.0,33.0,14.0,11.0,0.0,1.0,2.0,4.0,79.0,49.0,35.0,15.0,11.0,5.0,7.0
2020-891,Pune,Hard,28,250,O,20200203,5,MJ01,,Q,Roberto Marcora,R,193.0,ITA,30.428,174.0,297.0,R685,,Q,Lukas Rosol,R,193.0,CZE,34.53,176.0,292.0,6-3 6-2,3,R32,58.0,3.0,1.0,48.0,27.0,23.0,15.0,9.0,0.0,0.0,3.0,4.0,42.0,16.0,13.0,14.0,8.0,3.0,6.0
2020-891,Pune,Hard,28,250,O,20200203,6,I305,,,Ilya Ivashka,R,193.0,BLR,25.941,152.0,344.0,D864,,,Evgeny Donskoy,R,185.0,RUS,29.739,109.0,503.0,6-3 6-2,3,R32,69.0,5.0,4.0,51.0,29.0,25.0,11.0,9.0,3.0,4.0,1.0,4.0,54.0,29.0,19.0,10.0,8.0,2.0,6.0
2020-891,Pune,Hard,28,250,O,20200203,7,GA94,,,Prajnesh Gunneswaran,L,188.0,IND,30.226,122.0,433.0,MH16,,,Yannick Maden,R,185.0,GER,30.267,131.0,404.0,7-6(4) 7-6(5),3,R32,98.0,8.0,2.0,71.0,46.0,38.0,17.0,12.0,2.0,3.0,4.0,2.0,77.0,41.0,30.0,23.0,12.0,0.0,1.0
2020-891,Pune,Hard,28,250,O,20200203,8,DA81,,,Taro Daniel,R,191.0,JPN,27.017,102.0,536.0,MP13,,WC,Mukund Sasikumar,R,185.0,IND,23.053,263.0,168.0,6-2 7-6(7),3,R32,99.0,7.0,0.0,71.0,43.0,33.0,17.0,10.0,3.0,4.0,5.0,4.0,71.0,41.0,29.0,13.0,10.0,8.0,11.0
2020-891,Pune,Hard,28,250,O,20200203,9,GC89,8.0,,Egor Gerasimov,R,196.0,BLR,27.228,90.0,620.0,L503,,,Paolo Lorenzi,R,183.0,ITA,38.136,115.0,472.0,6-2 6-3,3,R32,72.0,9.0,3.0,49.0,35.0,26.0,9.0,9.0,3.0,4.0,4.0,3.0,54.0,32.0,21.0,7.0,8.0,3.0,7.0
2020-891,Pune,Hard,28,250,O,20200203,10,CE25,7.0,,Salvatore Caruso,R,185.0,ITA,27.135,98.0,588.0,RB56,,WC,Ramkumar Ramanathan,R,188.0,IND,25.238,182.0,280.0,3-6 6-4 7-5,3,R32,143.0,5.0,6.0,95.0,40.0,33.0,30.0,15.0,8.0,10.0,17.0,6.0,106.0,60.0,46.0,20.0,16.0,6.0,9.0
2020-891,Pune,Hard,28,250,O,20200203,11,D994,6.0,,James Duckworth,R,183.0,AUS,28.036,96.0,598.0,G967,,,Peter Gojowczyk,R,188.0,GER,30.554,106.0,523.0,7-6(5) 6-4,3,R32,83.0,9.0,3.0,75.0,43.0,30.0,21.0,11.0,2.0,2.0,10.0,3.0,69.0,37.0,28.0,18.0,11.0,0.0,1.0
2020-891,Pune,Hard,28,250,O,20200203,12,SE73,5.0,,Yuichi Sugita,R,175.0,JPN,31.376,86.0,645.0,F586,,,Thomas Fabbiano,R,173.0,ITA,30.691,134.0,394.0,6-3 6-0,3,R32,72.0,1.0,1.0,67.0,46.0,31.0,10.0,8.0,6.0,7.0,1.0,0.0,42.0,25.0,13.0,5.0,7.0,3.0,8.0
2020-891,Pune,Hard,28,250,O,20200203,13,GC89,8.0,,Egor Gerasimov,R,196.0,BLR,27.228,90.0,620.0,MM66,,Q,Nikola Milojevic,R,188.0,SRB,24.627,148.0,357.0,2-6 6-3 6-2,3,R16,106.0,8.0,3.0,89.0,61.0,47.0,10.0,13.0,4.0,6.0,4.0,1.0,67.0,42.0,30.0,13.0,12.0,4.0,7.0
2020-891,Pune,Hard,28,250,O,20200203,14,V708,,,Jiri Vesely,L,198.0,CZE,26.568,107.0,520.0,CE25,7.0,,Salvatore Caruso,R,185.0,ITA,27.135,98.0,588.0,7-6(5) 6-4,3,R16,110.0,14.0,5.0,72.0,47.0,38.0,13.0,11.0,7.0,8.0,7.0,3.0,79.0,42.0,30.0,20.0,11.0,8.0,10.0
2020-891,Pune,Hard,28,250,O,20200203,15,D994,6.0,,James Duckworth,R,183.0,AUS,28.036,96.0,598.0,DA81,,,Taro Daniel,R,191.0,JPN,27.017,102.0,536.0,6-7(4) 7-6(6) 6-3,3,R16,172.0,16.0,4.0,123.0,72.0,56.0,28.0,17.0,8.0,9.0,15.0,2.0,122.0,82.0,60.0,22.0,16.0,9.0,11.0
2020-891,Pune,Hard,28,250,O,20200203,16,SE73,5.0,,Yuichi Sugita,R,175.0,JPN,31.376,86.0,645.0,T840,,Q,Viktor Troicki,R,193.0,SRB,33.979,191.0,263.0,W/O,3,R16,,,,,,,,,,,,,,,,,,,
2020-891,Pune,Hard,28,250,O,20200203,17,KF17,4.0,,Soonwoo Kwon,R,180.0,KOR,22.171,88.0,637.0,GA94,,,Prajnesh Gunneswaran,L,188.0,IND,30.226,122.0,433.0,6-3 7-6(5),3,R16,103.0,6.0,1.0,70.0,40.0,33.0,17.0,11.0,2.0,3.0,6.0,0.0,83.0,55.0,35.0,15.0,10.0,8.0,10.0
2020-891,Pune,Hard,28,250,O,20200203,18,I305,,,Ilya Ivashka,R,193.0,BLR,25.941,152.0,344.0,TA12,3.0,,Stefano Travaglia,R,185.0,ITA,28.101,82.0,670.0,7-6(5) 7-6(3),3,R16,120.0,10.0,0.0,87.0,63.0,49.0,13.0,12.0,4.0,4.0,7.0,1.0,90.0,54.0,37.0,24.0,12.0,4.0,4.0
2020-891,Pune,Hard,28,250,O,20200203,19,BE90,2.0,,Ricardas Berankis,R,175.0,LTU,29.621,73.0,751.0,SK94,,PR,Cedrik-Marcel Stebe,L,180.0,GER,29.32,149.0,350.0,7-6(2) 6-1,3,R16,101.0,2.0,1.0,72.0,46.0,32.0,12.0,9.0,4.0,6.0,6.0,5.0,75.0,41.0,28.0,10.0,10.0,8.0,13.0
2020-891,Pune,Hard,28,250,O,20200203,20,MJ01,,Q,Roberto Marcora,R,193.0,ITA,30.428,174.0,297.0,PD31,1.0,,Benoit Paire,R,196.0,FRA,30.741,19.0,1738.0,6-4 6-4,3,R16,77.0,2.0,2.0,75.0,46.0,30.0,17.0,10.0,7.0,8.0,6.0,1.0,52.0,24.0,17.0,17.0,10.0,1.0,4.0
2020-891,Pune,Hard,28,250,O,20200203,21,V708,,,Jiri Vesely,L,198.0,CZE,26.568,107.0,520.0,I305,,,Ilya Ivashka,R,193.0,BLR,25.941,152.0,344.0,2-6 6-1 7-6(11),3,QF,149.0,13.0,4.0,93.0,64.0,49.0,13.0,13.0,3.0,5.0,8.0,3.0,106.0,60.0,43.0,21.0,14.0,7.0,10.0
2020-891,Pune,Hard,28,250,O,20200203,22,D994,6.0,,James Duckworth,R,183.0,AUS,28.036,96.0,598.0,MJ01,,Q,Roberto Marcora,R,193.0,ITA,30.428,174.0,297.0,6-3 7-6(4),3,QF,88.0,9.0,3.0,75.0,41.0,35.0,16.0,11.0,0.0,1.0,6.0,0.0,66.0,47.0,36.0,9.0,10.0,2.0,4.0
2020-891,Pune,Hard,28,250,O,20200203,23,GC89,8.0,,Egor Gerasimov,R,196.0,BLR,27.228,90.0,620.0,KF17,4.0,,Soonwoo Kwon,R,180.0,KOR,22.171,88.0,637.0,4-6 7-6(1) 6-4,3,QF,141.0,18.0,5.0,97.0,64.0,49.0,20.0,16.0,3.0,5.0,6.0,1.0,108.0,73.0,49.0,21.0,16.0,5.0,7.0
2020-891,Pune,Hard,28,250,O,20200203,24,BE90,2.0,,Ricardas Berankis,R,175.0,LTU,29.621,73.0,751.0,SE73,5.0,,Yuichi Sugita,R,175.0,JPN,31.376,86.0,645.0,4-6 7-6(4) 6-2,3,QF,136.0,8.0,4.0,102.0,63.0,46.0,19.0,15.0,6.0,9.0,4.0,0.0,97.0,60.0,39.0,21.0,15.0,8.0,12.0
2020-891,Pune,Hard,28,250,O,20200203,25,GC89,8.0,,Egor Gerasimov,R,196.0,BLR,27.228,90.0,620.0,D994,6.0,,James Duckworth,R,183.0,AUS,28.036,96.0,598.0,7-6(2) 6-4,3,SF,90.0,13.0,2.0,66.0,45.0,40.0,11.0,11.0,0.0,0.0,4.0,1.0,77.0,55.0,37.0,12.0,11.0,4.0,5.0
2020-891,Pune,Hard,28,250,O,20200203,26,V708,,,Jiri Vesely,L,198.0,CZE,26.568,107.0,520.0,BE90,2.0,,Ricardas Berankis,R,175.0,LTU,29.621,73.0,751.0,6-7(8) 7-6(3) 7-6(7),3,SF,182.0,28.0,7.0,112.0,73.0,63.0,17.0,18.0,1.0,4.0,3.0,8.0,126.0,82.0,57.0,24.0,18.0,4.0,7.0
2020-891,Pune,Hard,28,250,O,20200203,27,V708,,,Jiri Vesely,L,198.0,CZE,26.568,107.0,520.0,GC89,8.0,,Egor Gerasimov,R,196.0,BLR,27.228,90.0,620.0,7-6(2) 5-7 6-3,3,F,131.0,26.0,0.0,90.0,57.0,50.0,18.0,17.0,0.0,2.0,11.0,3.0,92.0,62.0,50.0,13.0,16.0,1.0,3.0
2020-9158,Cordoba,Clay,28,250,O,20200203,1,MU94,,,Jaume Munar,R,183.0,ESP,22.749,87.0,643.0,MD56,,,Leonardo Mayer,R,191.0,ARG,32.723,103.0,529.0,6-4 6-3,3,R32,80.0,2.0,0.0,43.0,32.0,27.0,9.0,9.0,0.0,0.0,3.0,6.0,66.0,36.0,29.0,10.0,10.0,4.0,7.0
2020-9158,Cordoba,Clay,28,250,O,20200203,2,MW02,,,Corentin Moutet,L,180.0,FRA,20.794,71.0,777.0,MJ08,,,Thiago Monteiro,L,183.0,BRA,25.678,89.0,634.0,6-4 6-3,3,R32,77.0,1.0,1.0,53.0,37.0,23.0,10.0,9.0,3.0,5.0,3.0,3.0,51.0,34.0,20.0,7.0,10.0,3.0,8.0
2020-9158,Cordoba,Clay,28,250,O,20200203,3,MO44,,Q,Pedro Martinez,R,185.0,ESP,22.773,150.0,347.0,GB53,,LL,Federico Gaio,R,178.0,ITA,27.915,124.0,422.0,4-6 6-3 6-4,3,R32,132.0,3.0,9.0,98.0,66.0,44.0,15.0,15.0,7.0,10.0,11.0,3.0,84.0,55.0,36.0,15.0,14.0,2.0,6.0
2020-9158,Cordoba,Clay,28,250,O,20200203,4,MF35,,,Andrej Martin,R,183.0,SVK,30.371,100.0,551.0,CE77,,,Federico Coria,R,180.0,ARG,27.904,116.0,466.0,7-6(5) 6-4,3,R32,128.0,0.0,1.0,95.0,71.0,47.0,9.0,11.0,7.0,10.0,0.0,4.0,94.0,69.0,41.0,12.0,11.0,10.0,14.0
2020-9158,Cordoba,Clay,28,250,O,20200203,5,ML57,,,Gianluca Mager,R,188.0,ITA,25.175,133.0,401.0,FA43,,Q,Juan Pablo Ficovich,R,188.0,ARG,23.025,244.0,196.0,6-2 3-6 6-2,3,R32,94.0,7.0,4.0,73.0,48.0,34.0,12.0,12.0,4.0,7.0,2.0,2.0,70.0,45.0,29.0,9.0,13.0,5.0,11.0
2020-9158,Cordoba,Clay,28,250,O,20200203,6,CG04,,WC,Pedro Cachin,R,185.0,ARG,24.813,354.0,104.0,DA31,,,Hugo Dellien,R,180.0,BOL,26.634,77.0,738.0,6-1 6-1,3,R32,57.0,3.0,0.0,42.0,26.0,17.0,10.0,7.0,1.0,2.0,1.0,6.0,52.0,35.0,17.0,3.0,7.0,5.0,11.0
2020-9158,Cordoba,Clay,28,250,O,20200203,7,BD80,,,Attila Balazs,R,180.0,HUN,31.351,108.0,505.0,SU87,,,Lorenzo Sonego,R,191.0,ITA,24.734,52.0,980.0,6-2 7-6(3),3,R32,120.0,3.0,3.0,81.0,47.0,35.0,21.0,10.0,8.0,8.0,3.0,4.0,76.0,52.0,35.0,10.0,10.0,6.0,8.0
2020-9158,Cordoba,Clay,28,250,O,20200203,8,A596,,,Pablo Andujar,R,180.0,ESP,34.029,63.0,867.0,HA28,,LL,Filip Horansky,R,191.0,SVK,27.072,173.0,300.0,6-2 6-2,3,R32,78.0,0.0,3.0,51.0,28.0,21.0,15.0,8.0,4.0,4.0,0.0,5.0,64.0,43.0,25.0,6.0,8.0,3.0,7.0
2020-9158,Cordoba,Clay,28,250,O,20200203,9,LB84,8.0,,Juan Ignacio Londero,R,180.0,ARG,26.47,50.0,1012.0,CF01,,,Marco Cecchinato,R,185.0,ITA,27.343,72.0,758.0,6-2 7-5,3,R32,69.0,3.0,3.0,58.0,37.0,26.0,16.0,10.0,0.0,0.0,9.0,1.0,57.0,42.0,26.0,8.0,10.0,1.0,4.0
2020-9158,Cordoba,Clay,28,250,O,20200203,10,TE16,,Q,Carlos Taberner,R,183.0,ESP,22.489,198.0,252.0,V306,7.0,,Fernando Verdasco,L,188.0,ESP,36.219,48.0,1050.0,4-6 6-1 6-4,3,R32,108.0,4.0,6.0,81.0,44.0,33.0,18.0,14.0,7.0,10.0,6.0,2.0,70.0,46.0,30.0,12.0,13.0,4.0,9.0
2020-9158,Cordoba,Clay,28,250,O,20200203,11,C882,6.0,,Pablo Cuevas,R,180.0,URU,34.089,47.0,1062.0,D874,,,Federico Delbonis,L,193.0,ARG,29.331,74.0,746.0,7-5 6-2,3,R32,95.0,5.0,6.0,73.0,36.0,27.0,17.0,10.0,8.0,10.0,3.0,3.0,64.0,43.0,25.0,9.0,10.0,6.0,11.0
2020-9158,Cordoba,Clay,28,250,O,20200203,12,R772,5.0,,Albert Ramos-Vinolas,L,188.0,ESP,32.047,42.0,1130.0,BF23,,Q,Facundo Bagnis,L,183.0,ARG,29.933,135.0,392.0,6-4 7-6(3),3,R32,119.0,3.0,2.0,81.0,41.0,26.0,27.0,11.0,6.0,8.0,2.0,4.0,69.0,37.0,21.0,20.0,11.0,1.0,4.0
2020-9158,Cordoba,Clay,28,250,O,20200203,13,MF35,,,Andrej Martin,R,183.0,SVK,30.371,100.0,551.0,TE16,,Q,Carlos Taberner,R,183.0,ESP,22.489,198.0,252.0,6-3 7-6(7),3,R16,120.0,6.0,1.0,76.0,57.0,40.0,15.0,11.0,4.0,4.0,2.0,1.0,74.0,52.0,34.0,14.0,10.0,4.0,5.0
2020-9158,Cordoba,Clay,28,250,O,20200203,14,LB84,8.0,,Juan Ignacio Londero,R,180.0,ARG,26.47,50.0,1012.0,CG04,,WC,Pedro Cachin,R,185.0,ARG,24.813,354.0,104.0,6-3 6-3,3,R16,85.0,4.0,3.0,60.0,33.0,26.0,16.0,9.0,5.0,5.0,6.0,1.0,69.0,45.0,28.0,9.0,9.0,3.0,6.0
2020-9158,Cordoba,Clay,28,250,O,20200203,15,C882,6.0,,Pablo Cuevas,R,180.0,URU,34.089,47.0,1062.0,ML57,,,Gianluca Mager,R,188.0,ITA,25.175,133.0,401.0,6-7(5) 7-6(2) 6-1,3,R16,139.0,8.0,6.0,95.0,54.0,42.0,23.0,15.0,5.0,8.0,5.0,4.0,120.0,65.0,42.0,29.0,16.0,9.0,15.0
2020-9158,Cordoba,Clay,28,250,O,20200203,16,R772,5.0,,Albert Ramos-Vinolas,L,188.0,ESP,32.047,42.0,1130.0,A596,,,Pablo Andujar,R,180.0,ESP,34.029,63.0,867.0,6-3 6-7(4) 6-4,3,R16,199.0,2.0,4.0,109.0,68.0,40.0,20.0,15.0,5.0,10.0,2.0,8.0,133.0,86.0,50.0,22.0,16.0,13.0,21.0
2020-9158,Cordoba,Clay,28,250,O,20200203,17,DB63,4.0,,Laslo Djere,R,188.0,SRB,24.674,39.0,1185.0,MO44,,Q,Pedro Martinez,R,185.0,ESP,22.773,150.0,347.0,6-3 6-4,3,R16,91.0,15.0,4.0,62.0,42.0,35.0,8.0,10.0,4.0,5.0,2.0,8.0,67.0,41.0,26.0,10.0,9.0,6.0,9.0
2020-9158,Cordoba,Clay,28,250,O,20200203,18,GD64,3.0,WC,Cristian Garin,R,185.0,CHI,23.68,31.0,1320.0,BD80,,,Attila Balazs,R,180.0,HUN,31.351,108.0,505.0,6-3 6-0,3,R16,68.0,2.0,2.0,37.0,21.0,17.0,12.0,7.0,0.0,0.0,0.0,4.0,67.0,37.0,21.0,10.0,8.0,11.0,16.0
2020-9158,Cordoba,Clay,28,250,O,20200203,19,MW02,,,Corentin Moutet,L,180.0,FRA,20.794,71.0,777.0,PC11,2.0,,Guido Pella,L,183.0,ARG,29.717,22.0,1665.0,6-7(4) 7-5 6-3,3,R16,180.0,7.0,1.0,115.0,78.0,51.0,15.0,17.0,6.0,11.0,4.0,6.0,106.0,70.0,40.0,18.0,16.0,3.0,10.0
2020-9158,Cordoba,Clay,28,250,O,20200203,20,SM37,1.0,,Diego Schwartzman,R,170.0,ARG,27.466,14.0,2220.0,MU94,,,Jaume Munar,R,183.0,ESP,22.749,87.0,643.0,6-1 7-5,3,R16,103.0,4.0,3.0,71.0,33.0,26.0,19.0,10.0,5.0,7.0,3.0,2.0,61.0,35.0,17.0,12.0,9.0,3.0,8.0
2020-9158,Cordoba,Clay,28,250,O,20200203,21,MF35,,,Andrej Martin,R,183.0,SVK,30.371,100.0,551.0,MW02,,,Corentin Moutet,L,180.0,FRA,20.794,71.0,777.0,6-3 6-2,3,QF,91.0,0.0,1.0,62.0,43.0,30.0,8.0,9.0,5.0,7.0,0.0,5.0,59.0,35.0,16.0,11.0,8.0,6.0,11.0
2020-9158,Cordoba,Clay,28,250,O,20200203,22,DB63,4.0,,Laslo Djere,R,188.0,SRB,24.674,39.0,1185.0,LB84,8.0,,Juan Ignacio Londero,R,180.0,ARG,26.47,50.0,1012.0,6-7(5) 6-3 7-6(5),3,QF,162.0,14.0,9.0,114.0,60.0,49.0,26.0,16.0,1.0,3.0,3.0,5.0,118.0,70.0,51.0,25.0,17.0,3.0,7.0
2020-9158,Cordoba,Clay,28,250,O,20200203,23,GD64,3.0,WC,Cristian Garin,R,185.0,CHI,23.68,31.0,1320.0,C882,6.0,,Pablo Cuevas,R,180.0,URU,34.089,47.0,1062.0,1-6 6-3 6-4,3,QF,117.0,5.0,2.0,83.0,52.0,35.0,18.0,13.0,7.0,10.0,7.0,3.0,81.0,50.0,36.0,16.0,13.0,5.0,8.0
2020-9158,Cordoba,Clay,28,250,O,20200203,24,SM37,1.0,,Diego Schwartzman,R,170.0,ARG,27.466,14.0,2220.0,R772,5.0,,Albert Ramos-Vinolas,L,188.0,ESP,32.047,42.0,1130.0,6-0 7-6(0),3,QF,100.0,4.0,3.0,65.0,38.0,30.0,16.0,9.0,2.0,2.0,1.0,1.0,61.0,35.0,17.0,15.0,9.0,5.0,8.0
2020-9158,Cordoba,Clay,28,250,O,20200203,25,GD64,3.0,WC,Cristian Garin,R,185.0,CHI,23.68,31.0,1320.0,MF35,,,Andrej Martin,R,183.0,SVK,30.371,100.0,551.0,2-6 6-2 6-2,3,SF,117.0,1.0,2.0,79.0,51.0,35.0,14.0,12.0,6.0,8.0,2.0,2.0,74.0,44.0,30.0,14.0,12.0,4.0,8.0
2020-9158,Cordoba,Clay,28,250,O,20200203,26,SM37,1.0,,Diego Schwartzman,R,170.0,ARG,27.466,14.0,2220.0,DB63,4.0,,Laslo Djere,R,188.0,SRB,24.674,39.0,1185.0,6-1 1-6 6-2,3,SF,117.0,0.0,3.0,79.0,47.0,28.0,17.0,11.0,9.0,12.0,3.0,7.0,69.0,39.0,27.0,9.0,11.0,7.0,12.0
2020-9158,Cordoba,Clay,28,250,O,20200203,27,GD64,3.0,WC,Cristian Garin,R,185.0,CHI,23.68,31.0,1320.0,SM37,1.0,,Diego Schwartzman,R,170.0,ARG,27.466,14.0,2220.0,2-6 6-4 6-0,3,F,124.0,2.0,3.0,82.0,52.0,35.0,10.0,12.0,9.0,13.0,0.0,3.0,79.0,48.0,24.0,17.0,12.0,4.0,10.0
2020-407,Rotterdam,Hard,32,500,I,20200210,1,S0AG,,WC,Jannik Sinner,R,191.0,ITA,18.486,79.0,710.0,A829,,,Radu Albot,R,175.0,MDA,30.248,50.0,977.0,W/O,3,R32,,,,,,,,,,,,,,,,,,,
2020-407,Rotterdam,Hard,32,500,I,20200210,2,SD32,,,Gilles Simon,R,183.0,FRA,35.121,57.0,890.0,K926,,Q,Mikhail Kukushkin,R,183.0,KAZ,32.126,67.0,816.0,7-6(3) 3-6 6-3,3,R32,161.0,9.0,1.0,94.0,47.0,35.0,24.0,15.0,1.0,4.0,3.0,2.0,105.0,69.0,48.0,17.0,15.0,8.0,11.0
2020-407,Rotterdam,Hard,32,500,I,20200210,3,KB05,,,Filip Krajinovic,R,185.0,SRB,27.953,39.0,1158.0,GJ37,,WC,Tallon Griekspoor,R,188.0,NED,23.608,172.0,294.0,6-4 6-1,3,R32,61.0,6.0,1.0,48.0,28.0,25.0,11.0,8.0,0.0,0.0,3.0,3.0,50.0,32.0,22.0,5.0,9.0,5.0,9.0
2020-407,Rotterdam,Hard,32,500,I,20200210,4,E687,,,Daniel Evans,R,175.0,GBR,29.719,33.0,1296.0,K435,,Q,Philipp Kohlschreiber,R,178.0,GER,36.32,81.0,700.0,6-3 7-5,3,R32,76.0,8.0,0.0,57.0,33.0,28.0,18.0,11.0,1.0,1.0,4.0,0.0,53.0,35.0,25.0,10.0,10.0,2.0,4.0
2020-407,Rotterdam,Hard,32,500,I,20200210,5,CD85,,,Pablo Carreno Busta,R,188.0,ESP,28.583,30.0,1332.0,ME82,,,Adrian Mannarino,L,180.0,FRA,31.617,44.0,1111.0,7-5 6-7(3) 6-4,3,R32,165.0,6.0,2.0,96.0,69.0,51.0,16.0,17.0,0.0,2.0,12.0,2.0,119.0,71.0,52.0,22.0,17.0,13.0,17.0
2020-407,Rotterdam,Hard,32,500,I,20200210,6,BK92,,,Alexander Bublik,R,196.0,KAZ,22.65,56.0,892.0,BK24,,Q,Gregoire Barrere,R,183.0,FRA,25.982,90.0,651.0,6-3 6-7(2) 6-4,3,R32,107.0,16.0,5.0,86.0,45.0,39.0,25.0,15.0,2.0,2.0,2.0,3.0,95.0,65.0,49.0,13.0,16.0,2.0,5.0
2020-407,Rotterdam,Hard,32,500,I,20200210,7,BH09,,,Aljaz Bedene,R,183.0,SLO,30.565,52.0,940.0,PD31,,,Benoit Paire,R,196.0,FRA,30.76,19.0,1738.0,6-2 6-4,3,R32,63.0,6.0,1.0,47.0,32.0,26.0,8.0,9.0,2.0,3.0,6.0,4.0,69.0,37.0,26.0,10.0,9.0,11.0,15.0
2020-407,Rotterdam,Hard,32,500,I,20200210,8,AG37,,,Felix Auger-Aliassime,R,193.0,CAN,19.507,21.0,1666.0,SL28,,,Jan-Lennard Struff,R,193.0,GER,29.796,34.0,1270.0,6-3 1-6 6-3,3,R32,119.0,16.0,7.0,87.0,64.0,46.0,10.0,13.0,10.0,12.0,11.0,5.0,93.0,58.0,47.0,10.0,12.0,9.0,11.0
2020-407,Rotterdam,Hard,32,500,I,20200210,9,D875,,,Grigor Dimitrov,R,191.0,BUL,28.739,22.0,1637.0,SU55,8.0,,Denis Shapovalov,L,185.0,CAN,20.824,16.0,2120.0,6-3 7-6(3),3,R32,89.0,3.0,5.0,70.0,44.0,35.0,16.0,11.0,3.0,3.0,6.0,4.0,62.0,41.0,34.0,9.0,10.0,2.0,3.0
2020-407,Rotterdam,Hard,32,500,I,20200210,10,RE44,7.0,,Andrey Rublev,R,188.0,RUS,22.308,15.0,2174.0,BG23,,,Nikoloz Basilashvili,R,185.0,GEO,27.964,28.0,1440.0,6-2 6-3,3,R32,55.0,6.0,0.0,39.0,22.0,20.0,12.0,8.0,0.0,0.0,3.0,8.0,53.0,22.0,17.0,10.0,9.0,1.0,5.0
2020-407,Rotterdam,Hard,32,500,I,20200210,11,BD06,6.0,,Roberto Bautista Agut,R,183.0,ESP,31.825,12.0,2360.0,F724,,Q,Marton Fucsovics,R,188.0,HUN,28.005,66.0,832.0,4-6 7-6(1) 6-1,3,R32,137.0,5.0,3.0,91.0,60.0,42.0,14.0,14.0,4.0,7.0,11.0,3.0,92.0,53.0,40.0,15.0,15.0,3.0,8.0
2020-407,Rotterdam,Hard,32,500,I,20200210,12,KE29,,,Karen Khachanov,R,198.0,RUS,23.723,17.0,1995.0,F510,5.0,,Fabio Fognini,R,178.0,ITA,32.717,11.0,2400.0,6-3 6-3,3,R32,79.0,7.0,0.0,48.0,33.0,23.0,12.0,9.0,0.0,1.0,1.0,3.0,61.0,27.0,16.0,14.0,9.0,3.0,7.0
2020-407,Rotterdam,Hard,32,500,I,20200210,13,GB88,4.0,,David Goffin,R,180.0,BEL,29.177,10.0,2600.0,H756,,WC,Robin Haase,R,191.0,NED,32.849,167.0,305.0,3-6 7-6(5) 6-4,3,R32,149.0,7.0,3.0,108.0,69.0,50.0,23.0,15.0,5.0,7.0,12.0,4.0,112.0,63.0,48.0,25.0,16.0,8.0,10.0
2020-407,Rotterdam,Hard,32,500,I,20200210,14,MC65,3.0,,Gael Monfils,R,193.0,FRA,33.443,9.0,2860.0,SH90,,,Joao Sousa,R,185.0,POR,30.867,68.0,811.0,6-3 6-2,3,R32,70.0,5.0,1.0,50.0,34.0,23.0,11.0,9.0,1.0,2.0,4.0,2.0,57.0,27.0,15.0,13.0,8.0,5.0,9.0
2020-407,Rotterdam,Hard,32,500,I,20200210,15,TE51,2.0,,Stefanos Tsitsipas,R,193.0,GRE,21.498,6.0,4745.0,HB71,,,Hubert Hurkacz,R,196.0,POL,22.995,29.0,1433.0,6-7(2) 6-3 6-1,3,R32,127.0,4.0,1.0,80.0,47.0,38.0,17.0,14.0,0.0,2.0,2.0,6.0,98.0,51.0,36.0,19.0,14.0,5.0,11.0
2020-407,Rotterdam,Hard,32,500,I,20200210,16,PD07,,SE,Vasek Pospisil,R,193.0,CAN,29.634,104.0,552.0,MM58,1.0,,Daniil Medvedev,R,198.0,RUS,23.997,5.0,5890.0,6-4 6-3,3,R32,67.0,8.0,2.0,57.0,37.0,30.0,11.0,10.0,5.0,6.0,7.0,3.0,45.0,29.0,22.0,8.0,9.0,2.0,5.0
2020-407,Rotterdam,Hard,32,500,I,20200210,17,KB05,,,Filip Krajinovic,R,185.0,SRB,27.953,39.0,1158.0,PD07,,SE,Vasek Pospisil,R,193.0,CAN,29.634,104.0,552.0,6-4 7-6(7),3,R16,115.0,5.0,2.0,92.0,58.0,39.0,20.0,11.0,8.0,9.0,12.0,1.0,73.0,46.0,34.0,13.0,11.0,2.0,4.0
2020-407,Rotterdam,Hard,32,500,I,20200210,18,E687,,,Daniel Evans,R,175.0,GBR,29.719,33.0,1296.0,KE29,,,Karen Khachanov,R,198.0,RUS,23.723,17.0,1995.0,4-6 6-3 6-4,3,R16,128.0,3.0,3.0,81.0,52.0,41.0,14.0,15.0,0.0,2.0,5.0,4.0,95.0,54.0,38.0,19.0,14.0,4.0,7.0
2020-407,Rotterdam,Hard,32,500,I,20200210,19,AG37,,,Felix Auger-Aliassime,R,193.0,CAN,19.507,21.0,1666.0,D875,,,Grigor Dimitrov,R,191.0,BUL,28.739,22.0,1637.0,6-4 6-2,3,R16,77.0,4.0,3.0,50.0,34.0,24.0,12.0,9.0,2.0,3.0,1.0,2.0,57.0,37.0,21.0,9.0,9.0,2.0,6.0
2020-407,Rotterdam,Hard,32,500,I,20200210,20,RE44,7.0,,Andrey Rublev,R,188.0,RUS,22.308,15.0,2174.0,BK92,,,Alexander Bublik,R,196.0,KAZ,22.65,56.0,892.0,7-5 6-3,3,R16,69.0,4.0,0.0,57.0,32.0,26.0,15.0,10.0,0.0,0.0,12.0,3.0,63.0,34.0,23.0,16.0,11.0,2.0,5.0
2020-407,Rotterdam,Hard,32,500,I,20200210,21,CD85,,,Pablo Carreno Busta,R,188.0,ESP,28.583,30.0,1332.0,BD06,6.0,,Roberto Bautista Agut,R,183.0,ESP,31.825,12.0,2360.0,6-4 2-6 7-6(4),3,R16,148.0,11.0,2.0,116.0,79.0,56.0,19.0,15.0,7.0,9.0,5.0,1.0,90.0,57.0,45.0,20.0,15.0,2.0,3.0
2020-407,Rotterdam,Hard,32,500,I,20200210,22,S0AG,,WC,Jannik Sinner,R,191.0,ITA,18.486,79.0,710.0,GB88,4.0,,David Goffin,R,180.0,BEL,29.177,10.0,2600.0,7-6(7) 7-5,3,R16,119.0,5.0,0.0,82.0,53.0,38.0,16.0,12.0,6.0,8.0,6.0,7.0,101.0,59.0,36.0,21.0,12.0,5.0,8.0
2020-407,Rotterdam,Hard,32,500,I,20200210,23,MC65,3.0,,Gael Monfils,R,193.0,FRA,33.443,9.0,2860.0,SD32,,,Gilles Simon,R,183.0,FRA,35.121,57.0,890.0,6-4 6-1,3,R16,90.0,5.0,2.0,57.0,40.0,28.0,6.0,8.0,4.0,6.0,2.0,1.0,51.0,25.0,13.0,10.0,9.0,1.0,7.0
2020-407,Rotterdam,Hard,32,500,I,20200210,24,BH09,,,Aljaz Bedene,R,183.0,SLO,30.565,52.0,940.0,TE51,2.0,,Stefanos Tsitsipas,R,193.0,GRE,21.498,6.0,4745.0,7-5 6-4,3,R16,92.0,9.0,2.0,77.0,47.0,38.0,15.0,11.0,5.0,5.0,3.0,2.0,53.0,34.0,26.0,13.0,11.0,0.0,2.0
2020-407,Rotterdam,Hard,32,500,I,20200210,25,CD85,,,Pablo Carreno Busta,R,188.0,ESP,28.583,30.0,1332.0,S0AG,,WC,Jannik Sinner,R,191.0,ITA,18.486,79.0,710.0,7-5 3-6 7-6(6),3,QF,164.0,6.0,2.0,120.0,81.0,57.0,21.0,16.0,12.0,14.0,9.0,1.0,113.0,68.0,54.0,21.0,17.0,5.0,7.0
2020-407,Rotterdam,Hard,32,500,I,20200210,26,AG37,,,Felix Auger-Aliassime,R,193.0,CAN,19.507,21.0,1666.0,BH09,,,Aljaz Bedene,R,183.0,SLO,30.565,52.0,940.0,6-4 7-6(6),3,QF,111.0,10.0,1.0,74.0,54.0,43.0,9.0,11.0,2.0,3.0,3.0,1.0,74.0,39.0,31.0,19.0,11.0,1.0,3.0
2020-407,Rotterdam,Hard,32,500,I,20200210,27,KB05,,,Filip Krajinovic,R,185.0,SRB,27.953,39.0,1158.0,RE44,7.0,,Andrey Rublev,R,188.0,RUS,22.308,15.0,2174.0,7-6(2) 6-4,3,QF,90.0,5.0,0.0,72.0,41.0,33.0,18.0,11.0,4.0,5.0,10.0,0.0,64.0,43.0,32.0,11.0,11.0,3.0,5.0
2020-407,Rotterdam,Hard,32,500,I,20200210,28,MC65,3.0,,Gael Monfils,R,193.0,FRA,33.443,9.0,2860.0,E687,,,Daniel Evans,R,175.0,GBR,29.719,33.0,1296.0,7-6(5) 6-2,3,QF,112.0,8.0,2.0,60.0,43.0,33.0,9.0,10.0,1.0,2.0,2.0,2.0,78.0,43.0,30.0,14.0,10.0,3.0,6.0
2020-407,Rotterdam,Hard,32,500,I,20200210,29,AG37,,,Felix Auger-Aliassime,R,193.0,CAN,19.507,21.0,1666.0,CD85,,,Pablo Carreno Busta,R,188.0,ESP,28.583,30.0,1332.0,7-6(2) 6-4,3,SF,109.0,16.0,2.0,71.0,48.0,45.0,9.0,11.0,4.0,4.0,4.0,1.0,79.0,49.0,33.0,18.0,11.0,4.0,5.0
2020-407,Rotterdam,Hard,32,500,I,20200210,30,MC65,3.0,,Gael Monfils,R,193.0,FRA,33.443,9.0,2860.0,KB05,,,Filip Krajinovic,R,185.0,SRB,27.953,39.0,1158.0,6-4 7-6(5),3,SF,105.0,14.0,1.0,71.0,55.0,43.0,8.0,11.0,0.0,1.0,3.0,2.0,86.0,63.0,40.0,12.0,11.0,7.0,9.0
2020-407,Rotterdam,Hard,32,500,I,20200210,31,MC65,3.0,,Gael Monfils,R,193.0,FRA,33.443,9.0,2860.0,AG37,,,Felix Auger-Aliassime,R,193.0,CAN,19.507,21.0,1666.0,6-2 6-4,3,F,86.0,5.0,0.0,61.0,41.0,29.0,11.0,9.0,1.0,2.0,1.0,5.0,55.0,32.0,20.0,9.0,9.0,7.0,11.0
2020-424,New York,Hard,28,250,I,20200210,1,TC61,,,Jordan Thompson,R,183.0,AUS,25.81,63.0,843.0,K336,,,Ivo Karlovic,R,211.0,CRO,40.95,122.0,436.0,6-3 7-6(2),3,R32,83.0,6.0,1.0,63.0,49.0,42.0,8.0,11.0,1.0,1.0,11.0,2.0,69.0,46.0,30.0,13.0,10.0,4.0,5.0
2020-424,New York,Hard,28,250,I,20200210,2,SA93,,,Andreas Seppi,R,191.0,ITA,35.97,98.0,601.0,D923,,,Damir Dzumhur,R,175.0,BIH,27.726,100.0,594.0,6-3 1-6 7-6(6),3,R32,127.0,6.0,3.0,94.0,54.0,33.0,22.0,14.0,3.0,7.0,7.0,4.0,100.0,57.0,42.0,19.0,14.0,6.0,9.0
2020-424,New York,Hard,28,250,I,20200210,3,N732,,,Yoshihito Nishioka,L,170.0,JPN,24.372,64.0,842.0,L949,,,Henri Laaksonen,R,185.0,SUI,27.863,114.0,480.0,6-3 0-6 6-2,3,R32,97.0,2.0,2.0,77.0,48.0,29.0,18.0,12.0,3.0,6.0,3.0,4.0,86.0,58.0,39.0,10.0,11.0,6.0,9.0
2020-424,New York,Hard,28,250,I,20200210,4,L503,,Q,Paolo Lorenzi,R,183.0,ITA,38.155,116.0,472.0,PE02,,Q,Danilo Petrovic,R,203.0,SRB,28.047,159.0,328.0,4-6 6-4 6-0,3,R32,121.0,2.0,4.0,93.0,59.0,38.0,18.0,13.0,8.0,11.0,12.0,10.0,88.0,57.0,35.0,10.0,13.0,8.0,14.0
2020-424,New York,Hard,28,250,I,20200210,5,KF17,,,Soonwoo Kwon,R,180.0,KOR,22.19,84.0,672.0,SC47,,Q,Go Soeda,R,178.0,JPN,35.431,112.0,500.0,6-2 6-7(2) 6-3,3,R32,134.0,10.0,4.0,90.0,51.0,38.0,25.0,15.0,3.0,4.0,7.0,3.0,100.0,61.0,39.0,20.0,14.0,5.0,9.0
2020-424,New York,Hard,28,250,I,20200210,6,KE73,,,Dominik Koepfer,L,180.0,GER,25.785,94.0,626.0,SP24,,WC,Brayden Schnur,R,193.0,CAN,24.605,121.0,440.0,6-4 6-3,3,R32,76.0,3.0,1.0,50.0,38.0,25.0,7.0,10.0,2.0,5.0,3.0,1.0,63.0,39.0,22.0,8.0,9.0,9.0,14.0
2020-424,New York,Hard,28,250,I,20200210,7,J380,,Q,Jason Jung,R,180.0,TPE,30.656,131.0,400.0,A678,,,Kevin Anderson,R,203.0,RSA,33.733,120.0,445.0,7-6(6) 6-4,3,R32,88.0,6.0,1.0,58.0,31.0,29.0,19.0,11.0,0.0,1.0,17.0,3.0,71.0,36.0,28.0,20.0,11.0,3.0,5.0
2020-424,New York,Hard,28,250,I,20200210,8,GC88,,,Marcos Giron,R,180.0,USA,26.549,113.0,483.0,SM25,,WC,Jack Sock,R,191.0,USA,27.379,,,6-3 6-4,3,R32,76.0,2.0,0.0,57.0,37.0,28.0,12.0,10.0,3.0,5.0,4.0,0.0,56.0,33.0,17.0,14.0,9.0,6.0,10.0
2020-424,New York,Hard,28,250,I,20200210,9,E831,8.0,,Kyle Edmund,R,188.0,GBR,25.09,62.0,845.0,U134,,,Yasutaka Uchiyama,R,183.0,JPN,27.515,97.0,604.0,7-5 6-4,3,R32,103.0,3.0,2.0,71.0,35.0,30.0,17.0,11.0,5.0,6.0,8.0,4.0,74.0,46.0,31.0,13.0,11.0,5.0,8.0
2020-424,New York,Hard,28,250,I,20200210,10,N771,7.0,,Cameron Norrie,L,188.0,GBR,24.468,59.0,885.0,S0IZ,,WC,Brian Shi,R,,USA,19.962,,,7-5 6-3,3,R32,79.0,5.0,3.0,51.0,35.0,25.0,10.0,10.0,1.0,3.0,5.0,2.0,68.0,38.0,22.0,14.0,11.0,4.0,9.0
2020-424,New York,Hard,28,250,I,20200210,11,KI95,6.0,,Miomir Kecmanovic,R,183.0,SRB,20.446,54.0,921.0,PL56,,,Tommy Paul,R,185.0,USA,22.735,70.0,778.0,6-4 6-2,3,R32,77.0,2.0,0.0,53.0,33.0,25.0,10.0,9.0,3.0,4.0,2.0,4.0,72.0,38.0,26.0,11.0,9.0,7.0,11.0
2020-424,New York,Hard,28,250,I,20200210,12,J386,,,Steve Johnson,R,188.0,USA,30.13,75.0,745.0,SL08,5.0,,Tennys Sandgren,R,188.0,USA,28.556,53.0,923.0,6-7(5) 6-3 7-6(3),3,R32,140.0,7.0,2.0,114.0,67.0,55.0,27.0,17.0,4.0,5.0,14.0,3.0,97.0,59.0,47.0,24.0,16.0,6.0,8.0
2020-424,New York,Hard,28,250,I,20200210,13,SA93,,,Andreas Seppi,R,191.0,ITA,35.97,98.0,601.0,J386,,,Steve Johnson,R,188.0,USA,30.13,75.0,745.0,7-6(4) 6-3,3,R16,89.0,2.0,3.0,68.0,44.0,31.0,11.0,11.0,4.0,8.0,4.0,2.0,63.0,33.0,24.0,10.0,10.0,2.0,7.0
2020-424,New York,Hard,28,250,I,20200210,14,E831,8.0,,Kyle Edmund,R,188.0,GBR,25.09,62.0,845.0,KE73,,,Dominik Koepfer,L,180.0,GER,25.785,94.0,626.0,6-2 6-4,3,R16,93.0,2.0,2.0,83.0,54.0,37.0,13.0,9.0,7.0,8.0,4.0,1.0,49.0,30.0,19.0,9.0,9.0,3.0,7.0
2020-424,New York,Hard,28,250,I,20200210,15,J380,,Q,Jason Jung,R,180.0,TPE,30.656,131.0,400.0,N771,7.0,,Cameron Norrie,L,188.0,GBR,24.468,59.0,885.0,6-4 6-4,3,R16,77.0,4.0,1.0,51.0,33.0,26.0,10.0,10.0,0.0,1.0,6.0,4.0,69.0,52.0,32.0,7.0,10.0,3.0,6.0
2020-424,New York,Hard,28,250,I,20200210,16,KI95,6.0,,Miomir Kecmanovic,R,183.0,SRB,20.446,54.0,921.0,L503,,Q,Paolo Lorenzi,R,183.0,ITA,38.155,116.0,472.0,6-3 6-3,3,R16,73.0,3.0,1.0,55.0,26.0,21.0,15.0,9.0,2.0,3.0,1.0,2.0,50.0,25.0,16.0,11.0,9.0,2.0,6.0
2020-424,New York,Hard,28,250,I,20200210,17,HH26,4.0,,Ugo Humbert,L,188.0,FRA,21.626,43.0,1121.0,GC88,,,Marcos Giron,R,180.0,USA,26.549,113.0,483.0,6-1 6-0,3,R16,50.0,5.0,0.0,37.0,24.0,21.0,7.0,7.0,0.0,0.0,1.0,1.0,44.0,34.0,17.0,1.0,6.0,3.0,8.0
2020-424,New York,Hard,28,250,I,20200210,18,O522,3.0,,Reilly Opelka,R,211.0,USA,22.453,40.0,1152.0,N732,,,Yoshihito Nishioka,L,170.0,JPN,24.372,64.0,842.0,6-4 6-4,3,R16,75.0,20.0,2.0,69.0,50.0,39.0,10.0,10.0,4.0,4.0,0.0,0.0,60.0,50.0,31.0,7.0,10.0,4.0,6.0
2020-424,New York,Hard,28,250,I,20200210,19,KF17,,,Soonwoo Kwon,R,180.0,KOR,22.19,84.0,672.0,R975,2.0,,Milos Raonic,R,196.0,CAN,29.123,32.0,1305.0,7-6(4) 6-7(4) 6-4,3,R16,144.0,5.0,1.0,105.0,75.0,59.0,20.0,17.0,7.0,7.0,33.0,4.0,96.0,64.0,57.0,17.0,17.0,1.0,2.0
2020-424,New York,Hard,28,250,I,20200210,20,TC61,,,Jordan Thompson,R,183.0,AUS,25.81,63.0,843.0,I186,1.0,,John Isner,R,208.0,USA,34.793,18.0,1940.0,7-6(2) 6-7(3) 6-3,3,R16,151.0,2.0,1.0,108.0,71.0,57.0,25.0,17.0,5.0,5.0,22.0,2.0,105.0,74.0,57.0,17.0,16.0,3.0,4.0
2020-424,New York,Hard,28,250,I,20200210,21,SA93,,,Andreas Seppi,R,191.0,ITA,35.97,98.0,601.0,TC61,,,Jordan Thompson,R,183.0,AUS,25.81,63.0,843.0,6-7(2) 6-4 6-1,3,QF,134.0,7.0,1.0,82.0,59.0,46.0,14.0,15.0,2.0,3.0,6.0,4.0,102.0,66.0,46.0,16.0,14.0,4.0,8.0
2020-424,New York,Hard,28,250,I,20200210,22,E831,8.0,,Kyle Edmund,R,188.0,GBR,25.09,62.0,845.0,KF17,,,Soonwoo Kwon,R,180.0,KOR,22.19,84.0,672.0,3-6 6-2 7-6(5),3,QF,127.0,7.0,3.0,90.0,59.0,44.0,15.0,15.0,2.0,5.0,6.0,2.0,80.0,51.0,37.0,16.0,14.0,3.0,6.0
2020-424,New York,Hard,28,250,I,20200210,23,KI95,6.0,,Miomir Kecmanovic,R,183.0,SRB,20.446,54.0,921.0,HH26,4.0,,Ugo Humbert,L,188.0,FRA,21.626,43.0,1121.0,3-6 6-2 6-4,3,QF,108.0,3.0,1.0,79.0,53.0,41.0,12.0,13.0,4.0,5.0,7.0,2.0,78.0,49.0,35.0,16.0,14.0,2.0,5.0
2020-424,New York,Hard,28,250,I,20200210,24,J380,,Q,Jason Jung,R,180.0,TPE,30.656,131.0,400.0,O522,3.0,,Reilly Opelka,R,211.0,USA,22.453,40.0,1152.0,5-7 6-4 6-4,3,QF,111.0,4.0,1.0,86.0,49.0,39.0,24.0,16.0,3.0,4.0,24.0,3.0,94.0,56.0,42.0,22.0,16.0,5.0,7.0
2020-424,New York,Hard,28,250,I,20200210,25,SA93,,,Andreas Seppi,R,191.0,ITA,35.97,98.0,601.0,J380,,Q,Jason Jung,R,180.0,TPE,30.656,131.0,400.0,6-3 6-2,3,SF,83.0,3.0,0.0,50.0,35.0,25.0,7.0,8.0,2.0,3.0,5.0,1.0,76.0,49.0,28.0,8.0,9.0,8.0,13.0
2020-424,New York,Hard,28,250,I,20200210,26,E831,8.0,,Kyle Edmund,R,188.0,GBR,25.09,62.0,845.0,KI95,6.0,,Miomir Kecmanovic,R,183.0,SRB,20.446,54.0,921.0,6-1 6-4,3,SF,71.0,8.0,2.0,63.0,42.0,33.0,10.0,9.0,2.0,2.0,3.0,3.0,49.0,30.0,16.0,12.0,8.0,4.0,7.0
2020-424,New York,Hard,28,250,I,20200210,27,E831,8.0,,Kyle Edmund,R,188.0,GBR,25.09,62.0,845.0,SA93,,,Andreas Seppi,R,191.0,ITA,35.97,98.0,601.0,7-5 6-1,3,F,81.0,11.0,0.0,48.0,33.0,31.0,9.0,10.0,0.0,0.0,4.0,2.0,65.0,44.0,29.0,7.0,9.0,4.0,7.0
2020-506,Buenos Aires,Clay,28,250,O,20200210,1,S483,,LL,Pedro Sousa,R,180.0,POR,31.707,145.0,373.0,D0CG,,WC,Facundo Diaz Acosta,L,183.0,ARG,19.154,471.0,65.0,4-6 6-2 6-3,3,R32,110.0,3.0,5.0,89.0,54.0,41.0,19.0,14.0,5.0,7.0,5.0,8.0,80.0,48.0,32.0,13.0,13.0,7.0,11.0
2020-506,Buenos Aires,Clay,28,250,O,20200210,2,MJ08,,,Thiago Monteiro,L,183.0,BRA,25.697,92.0,634.0,MU94,,,Jaume Munar,R,183.0,ESP,22.768,95.0,618.0,6-3 6-3,3,R32,101.0,5.0,0.0,74.0,50.0,40.0,6.0,9.0,10.0,11.0,3.0,7.0,72.0,40.0,24.0,14.0,9.0,7.0,11.0
2020-506,Buenos Aires,Clay,28,250,O,20200210,3,MO44,,Q,Pedro Martinez,R,185.0,ESP,22.793,142.0,379.0,D985,,LL,Joao Domingues,R,,POR,26.349,175.0,286.0,7-6(0) 7-5,3,R32,138.0,1.0,1.0,96.0,64.0,44.0,17.0,12.0,8.0,10.0,2.0,1.0,84.0,47.0,27.0,19.0,12.0,10.0,13.0
2020-506,Buenos Aires,Clay,28,250,O,20200210,4,LB84,,,Juan Ignacio Londero,R,180.0,ARG,26.489,69.0,807.0,HA28,,Q,Filip Horansky,R,191.0,SVK,27.091,182.0,277.0,6-4 4-6 6-2,3,R32,118.0,1.0,1.0,74.0,44.0,33.0,18.0,14.0,3.0,6.0,5.0,1.0,92.0,46.0,30.0,22.0,14.0,5.0,10.0
2020-506,Buenos Aires,Clay,28,250,O,20200210,5,KC04,,Q,Jozef Kovalik,R,183.0,SVK,27.266,129.0,405.0,MW02,,,Corentin Moutet,L,180.0,FRA,20.813,76.0,742.0,6-3 7-6(4),3,R32,130.0,4.0,3.0,83.0,39.0,31.0,23.0,11.0,7.0,8.0,1.0,2.0,78.0,55.0,34.0,11.0,10.0,6.0,8.0
2020-506,Buenos Aires,Clay,28,250,O,20200210,6,D874,,,Federico Delbonis,L,193.0,ARG,29.35,87.0,666.0,DA31,,,Hugo Dellien,R,180.0,BOL,26.653,77.0,738.0,1-6 6-3 7-5,3,R32,119.0,2.0,3.0,88.0,61.0,36.0,12.0,14.0,2.0,6.0,2.0,0.0,84.0,65.0,42.0,10.0,14.0,5.0,9.0
2020-506,Buenos Aires,Clay,28,250,O,20200210,7,C882,,,Pablo Cuevas,R,180.0,URU,34.108,48.0,1017.0,SU87,,,Lorenzo Sonego,R,191.0,ITA,24.753,49.0,980.0,6-4 6-4,3,R32,97.0,3.0,3.0,63.0,41.0,32.0,13.0,10.0,3.0,3.0,3.0,1.0,64.0,38.0,27.0,14.0,10.0,5.0,7.0
2020-506,Buenos Aires,Clay,28,250,O,20200210,8,CF59,,,Roberto Carballes Baena,R,183.0,ESP,26.886,88.0,664.0,CF01,,,Marco Cecchinato,R,185.0,ITA,27.362,73.0,758.0,6-4 7-6(3),3,R32,99.0,2.0,1.0,78.0,53.0,40.0,11.0,11.0,5.0,6.0,6.0,6.0,65.0,30.0,24.0,17.0,11.0,1.0,3.0
2020-506,Buenos Aires,Clay,28,250,O,20200210,9,BF23,,Q,Facundo Bagnis,L,183.0,ARG,29.952,134.0,392.0,MF35,,SE,Andrej Martin,R,183.0,SVK,30.39,93.0,629.0,6-4 6-1,3,R32,84.0,4.0,1.0,51.0,34.0,26.0,10.0,9.0,0.0,1.0,1.0,0.0,58.0,35.0,18.0,10.0,8.0,6.0,10.0
2020-506,Buenos Aires,Clay,28,250,O,20200210,10,RH16,8.0,,Casper Ruud,R,183.0,NOR,21.136,45.0,1079.0,A596,,,Pablo Andujar,R,180.0,ESP,34.048,58.0,887.0,6-2 6-3,3,R32,72.0,6.0,1.0,55.0,38.0,30.0,9.0,9.0,0.0,0.0,0.0,4.0,47.0,27.0,18.0,8.0,8.0,4.0,7.0
2020-506,Buenos Aires,Clay,28,250,O,20200210,11,R772,7.0,,Albert Ramos-Vinolas,L,188.0,ESP,32.066,42.0,1130.0,MD56,,WC,Leonardo Mayer,R,191.0,ARG,32.742,107.0,529.0,4-6 6-3 7-5,3,R32,134.0,3.0,1.0,88.0,61.0,47.0,17.0,16.0,2.0,3.0,9.0,6.0,86.0,59.0,44.0,14.0,15.0,4.0,6.0
2020-506,Buenos Aires,Clay,28,250,O,20200210,12,DB63,6.0,,Laslo Djere,R,188.0,SRB,24.693,35.0,1265.0,C0AU,,WC,Francisco Cerundolo,R,185.0,ARG,21.495,239.0,197.0,6-2 2-6 6-4,3,R32,119.0,0.0,6.0,80.0,51.0,32.0,15.0,13.0,1.0,5.0,0.0,2.0,91.0,54.0,29.0,18.0,13.0,6.0,11.0
2020-506,Buenos Aires,Clay,28,250,O,20200210,13,S483,,LL,Pedro Sousa,R,180.0,POR,31.707,145.0,373.0,KC04,,Q,Jozef Kovalik,R,183.0,SVK,27.266,129.0,405.0,7-6(3) 7-6(5),3,R16,130.0,4.0,3.0,103.0,71.0,45.0,19.0,12.0,9.0,10.0,3.0,4.0,95.0,54.0,36.0,22.0,12.0,6.0,7.0
2020-506,Buenos Aires,Clay,28,250,O,20200210,14,RH16,8.0,,Casper Ruud,R,183.0,NOR,21.136,45.0,1079.0,CF59,,,Roberto Carballes Baena,R,183.0,ESP,26.886,88.0,664.0,6-1 6-0,3,R16,57.0,3.0,2.0,38.0,28.0,21.0,7.0,7.0,0.0,0.0,1.0,4.0,39.0,21.0,11.0,4.0,6.0,2.0,7.0
2020-506,Buenos Aires,Clay,28,250,O,20200210,15,C882,,,Pablo Cuevas,R,180.0,URU,34.108,48.0,1017.0,R772,7.0,,Albert Ramos-Vinolas,L,188.0,ESP,32.066,42.0,1130.0,6-4 4-6 6-4,3,R16,160.0,9.0,4.0,100.0,55.0,37.0,25.0,15.0,10.0,13.0,4.0,3.0,95.0,58.0,38.0,19.0,15.0,7.0,11.0
2020-506,Buenos Aires,Clay,28,250,O,20200210,16,LB84,,,Juan Ignacio Londero,R,180.0,ARG,26.489,69.0,807.0,DB63,6.0,,Laslo Djere,R,188.0,SRB,24.693,35.0,1265.0,6-7(3) 6-2 6-1,3,R16,119.0,6.0,0.0,76.0,42.0,33.0,24.0,13.0,2.0,2.0,10.0,9.0,85.0,55.0,36.0,15.0,14.0,4.0,9.0
2020-506,Buenos Aires,Clay,28,250,O,20200210,17,MJ08,,,Thiago Monteiro,L,183.0,BRA,25.697,92.0,634.0,CG80,4.0,,Borna Coric,R,188.0,CRO,23.239,31.0,1320.0,6-4 7-6(6),3,R16,105.0,3.0,1.0,64.0,43.0,37.0,12.0,11.0,1.0,2.0,6.0,1.0,70.0,49.0,39.0,8.0,11.0,1.0,3.0
2020-506,Buenos Aires,Clay,28,250,O,20200210,18,L987,3.0,,Dusan Lajovic,R,183.0,SRB,29.615,23.0,1596.0,MO44,,Q,Pedro Martinez,R,185.0,ESP,22.793,142.0,379.0,7-6(6) 7-6(6),3,R16,127.0,7.0,4.0,93.0,55.0,40.0,21.0,12.0,4.0,5.0,1.0,1.0,93.0,74.0,49.0,9.0,12.0,3.0,4.0
2020-506,Buenos Aires,Clay,28,250,O,20200210,19,PC11,2.0,,Guido Pella,L,183.0,ARG,29.736,27.0,1560.0,BF23,,Q,Facundo Bagnis,L,183.0,ARG,29.952,134.0,392.0,7-6(2) 6-7(2) 6-4,3,R16,192.0,9.0,3.0,122.0,82.0,57.0,19.0,17.0,5.0,7.0,7.0,2.0,133.0,96.0,56.0,23.0,17.0,10.0,13.0
2020-506,Buenos Aires,Clay,28,250,O,20200210,20,SM37,1.0,,Diego Schwartzman,R,170.0,ARG,27.485,14.0,2325.0,D874,,,Federico Delbonis,L,193.0,ARG,29.35,87.0,666.0,6-3 4-6 6-2,3,R16,152.0,0.0,9.0,95.0,55.0,40.0,15.0,13.0,8.0,12.0,2.0,7.0,98.0,54.0,34.0,15.0,14.0,6.0,13.0
2020-506,Buenos Aires,Clay,28,250,O,20200210,21,S483,,LL,Pedro Sousa,R,180.0,POR,31.707,145.0,373.0,MJ08,,,Thiago Monteiro,L,183.0,BRA,25.697,92.0,634.0,7-6(5) 6-4,3,QF,102.0,8.0,4.0,81.0,50.0,37.0,13.0,11.0,6.0,8.0,3.0,2.0,77.0,50.0,32.0,15.0,11.0,4.0,7.0
2020-506,Buenos Aires,Clay,28,250,O,20200210,22,RH16,8.0,,Casper Ruud,R,183.0,NOR,21.136,45.0,1079.0,L987,3.0,,Dusan Lajovic,R,183.0,SRB,29.615,23.0,1596.0,7-5 6-1,3,QF,85.0,0.0,1.0,61.0,40.0,28.0,13.0,10.0,4.0,5.0,3.0,1.0,61.0,38.0,22.0,11.0,9.0,3.0,7.0
2020-506,Buenos Aires,Clay,28,250,O,20200210,23,LB84,,,Juan Ignacio Londero,R,180.0,ARG,26.489,69.0,807.0,PC11,2.0,,Guido Pella,L,183.0,ARG,29.736,27.0,1560.0,6-4 7-6(4),3,QF,114.0,5.0,3.0,68.0,41.0,29.0,20.0,11.0,2.0,4.0,1.0,3.0,85.0,51.0,33.0,17.0,11.0,8.0,11.0
2020-506,Buenos Aires,Clay,28,250,O,20200210,24,SM37,1.0,,Diego Schwartzman,R,170.0,ARG,27.485,14.0,2325.0,C882,,,Pablo Cuevas,R,180.0,URU,34.108,48.0,1017.0,5-7 7-6(11) 7-5,3,QF,221.0,1.0,3.0,142.0,107.0,67.0,16.0,18.0,8.0,12.0,14.0,4.0,124.0,74.0,53.0,22.0,18.0,8.0,12.0
2020-506,Buenos Aires,Clay,28,250,O,20200210,25,RH16,8.0,,Casper Ruud,R,183.0,NOR,21.136,45.0,1079.0,LB84,,,Juan Ignacio Londero,R,180.0,ARG,26.489,69.0,807.0,4-6 7-5 6-1,3,SF,132.0,11.0,1.0,82.0,55.0,42.0,18.0,15.0,4.0,6.0,4.0,3.0,69.0,44.0,28.0,15.0,14.0,2.0,6.0
2020-506,Buenos Aires,Clay,28,250,O,20200210,26,S483,,LL,Pedro Sousa,R,180.0,POR,31.707,145.0,373.0,SM37,1.0,,Diego Schwartzman,R,170.0,ARG,27.485,14.0,2325.0,W/O,3,SF,,,,,,,,,,,,,,,,,,,
2020-506,Buenos Aires,Clay,28,250,O,20200210,27,RH16,8.0,,Casper Ruud,R,183.0,NOR,21.136,45.0,1079.0,S483,,LL,Pedro Sousa,R,180.0,POR,31.707,145.0,373.0,6-1 6-4,3,F,70.0,3.0,0.0,48.0,32.0,27.0,10.0,9.0,0.0,0.0,1.0,3.0,49.0,28.0,19.0,9.0,8.0,1.0,4.0
2020-496,Marseille,Hard,28,250,I,20200217,1,Y268,,,Mikael Ymer,R,185.0,SWE,21.44,75.0,749.0,G628,,,Richard Gasquet,R,183.0,FRA,33.667,57.0,915.0,6-3 3-6 7-5,3,R32,142.0,6.0,3.0,104.0,73.0,50.0,16.0,15.0,7.0,10.0,4.0,4.0,92.0,46.0,36.0,22.0,15.0,3.0,7.0
2020-496,Marseille,Hard,28,250,I,20200217,2,S0AG,,,Jannik Sinner,R,191.0,ITA,18.505,68.0,793.0,GB93,,Q,Norbert Gombos,R,193.0,SVK,29.514,102.0,565.0,6-4 7-6(5),3,R32,123.0,9.0,2.0,84.0,46.0,36.0,20.0,11.0,6.0,6.0,4.0,0.0,71.0,38.0,25.0,20.0,11.0,2.0,3.0
2020-496,Marseille,Hard,28,250,I,20200217,3,SD32,,,Gilles Simon,R,183.0,FRA,35.14,58.0,890.0,M0G4,,WC,Harold Mayot,R,180.0,FRA,18.034,509.0,55.0,6-4 7-6(3),3,R32,116.0,9.0,0.0,64.0,40.0,35.0,13.0,11.0,1.0,2.0,3.0,2.0,86.0,47.0,33.0,19.0,11.0,4.0,6.0
2020-496,Marseille,Hard,28,250,I,20200217,4,PD07,,PR,Vasek Pospisil,R,193.0,CAN,29.654,98.0,597.0,RH24,,LL,Emil Ruusuvuori,R,188.0,FIN,20.879,101.0,576.0,7-6(6) 6-3,3,R32,89.0,14.0,1.0,75.0,49.0,37.0,12.0,11.0,5.0,6.0,1.0,3.0,72.0,47.0,32.0,14.0,10.0,3.0,5.0
2020-496,Marseille,Hard,28,250,I,20200217,5,H996,,,Pierre-Hugues Herbert,R,188.0,FRA,28.92,79.0,715.0,K926,,,Mikhail Kukushkin,R,183.0,KAZ,32.145,69.0,791.0,7-6(4) 6-4,3,R32,108.0,17.0,1.0,75.0,48.0,43.0,11.0,11.0,3.0,3.0,3.0,2.0,81.0,49.0,32.0,21.0,11.0,9.0,10.0
2020-496,Marseille,Hard,28,250,I,20200217,6,GC89,,Q,Egor Gerasimov,R,196.0,BLR,27.266,72.0,764.0,DB59,,Q,Dennis Novak,R,183.0,AUT,26.472,95.0,609.0,7-6(3) 6-3,3,R32,83.0,11.0,3.0,60.0,43.0,37.0,13.0,11.0,3.0,3.0,6.0,2.0,78.0,47.0,32.0,19.0,10.0,2.0,3.0
2020-496,Marseille,Hard,28,250,I,20200217,7,C977,,,Marin Cilic,R,198.0,CRO,31.387,39.0,1205.0,I305,,Q,Ilya Ivashka,R,193.0,BLR,25.979,137.0,394.0,3-6 7-6(5) 6-4,3,R32,143.0,9.0,2.0,93.0,63.0,52.0,12.0,15.0,6.0,9.0,10.0,2.0,102.0,70.0,51.0,14.0,16.0,2.0,5.0
2020-496,Marseille,Hard,28,250,I,20200217,8,BK92,,,Alexander Bublik,R,196.0,KAZ,22.669,55.0,930.0,F724,,,Marton Fucsovics,R,188.0,HUN,28.025,73.0,762.0,6-4 7-5,3,R32,84.0,4.0,2.0,70.0,40.0,31.0,14.0,11.0,6.0,8.0,3.0,5.0,62.0,35.0,23.0,13.0,11.0,4.0,8.0
2020-496,Marseille,Hard,28,250,I,20200217,9,HB71,8.0,,Hubert Hurkacz,R,196.0,POL,23.014,29.0,1433.0,HA71,,WC,Antoine Hoang,R,183.0,FRA,24.287,129.0,412.0,6-4 6-1,3,R32,64.0,5.0,2.0,46.0,24.0,22.0,10.0,8.0,0.0,1.0,0.0,1.0,50.0,34.0,17.0,6.0,9.0,2.0,7.0
2020-496,Marseille,Hard,28,250,I,20200217,10,AG37,7.0,,Felix Auger-Aliassime,R,193.0,CAN,19.526,18.0,1921.0,TA12,,,Stefano Travaglia,R,185.0,ITA,28.14,85.0,684.0,6-7(3) 7-6(6) 6-3,3,R32,151.0,13.0,4.0,124.0,92.0,75.0,10.0,17.0,9.0,10.0,12.0,2.0,91.0,57.0,48.0,20.0,16.0,1.0,3.0
2020-496,Marseille,Hard,28,250,I,20200217,11,PD31,6.0,,Benoit Paire,R,196.0,FRA,30.779,20.0,1738.0,BK24,,WC,Gregoire Barrere,R,183.0,FRA,26.001,89.0,665.0,6-4 7-6(1),3,R32,77.0,13.0,3.0,63.0,33.0,30.0,20.0,11.0,2.0,2.0,4.0,0.0,71.0,47.0,38.0,11.0,11.0,2.0,3.0
2020-496,Marseille,Hard,28,250,I,20200217,12,BH09,,,Aljaz Bedene,R,183.0,SLO,30.585,47.0,1010.0,KE29,5.0,,Karen Khachanov,R,198.0,RUS,23.743,17.0,2040.0,4-6 6-4 7-5,3,R32,142.0,18.0,7.0,100.0,60.0,50.0,19.0,16.0,2.0,3.0,8.0,2.0,109.0,67.0,51.0,20.0,16.0,9.0,11.0
2020-496,Marseille,Hard,28,250,I,20200217,13,SD32,,,Gilles Simon,R,183.0,FRA,35.14,58.0,890.0,BH09,,,Aljaz Bedene,R,183.0,SLO,30.585,47.0,1010.0,7-6(6) 6-4,3,R16,111.0,4.0,0.0,74.0,37.0,27.0,22.0,11.0,1.0,2.0,11.0,1.0,73.0,44.0,35.0,12.0,11.0,1.0,3.0
2020-496,Marseille,Hard,28,250,I,20200217,14,PD07,,PR,Vasek Pospisil,R,193.0,CAN,29.654,98.0,597.0,HB71,8.0,,Hubert Hurkacz,R,196.0,POL,23.014,29.0,1433.0,6-3 6-4,3,R16,88.0,9.0,1.0,62.0,41.0,33.0,12.0,10.0,4.0,4.0,3.0,5.0,65.0,31.0,21.0,18.0,9.0,6.0,8.0
2020-496,Marseille,Hard,28,250,I,20200217,15,AG37,7.0,,Felix Auger-Aliassime,R,193.0,CAN,19.526,18.0,1921.0,H996,,,Pierre-Hugues Herbert,R,188.0,FRA,28.92,79.0,715.0,6-0 6-7(6) 7-6(9),3,R16,160.0,16.0,2.0,93.0,66.0,56.0,17.0,15.0,0.0,0.0,3.0,4.0,119.0,74.0,54.0,20.0,15.0,4.0,7.0
2020-496,Marseille,Hard,28,250,I,20200217,16,BK92,,,Alexander Bublik,R,196.0,KAZ,22.669,55.0,930.0,PD31,6.0,,Benoit Paire,R,196.0,FRA,30.779,20.0,1738.0,3-6 6-4 6-4,3,R16,97.0,7.0,3.0,85.0,58.0,48.0,11.0,15.0,2.0,4.0,14.0,7.0,86.0,55.0,43.0,15.0,14.0,9.0,11.0
2020-496,Marseille,Hard,28,250,I,20200217,17,SU55,4.0,,Denis Shapovalov,L,185.0,CAN,20.843,15.0,2075.0,C977,,,Marin Cilic,R,198.0,CRO,31.387,39.0,1205.0,6-4 4-6 6-2,3,R16,119.0,17.0,2.0,87.0,59.0,45.0,15.0,14.0,6.0,7.0,7.0,5.0,79.0,52.0,32.0,17.0,14.0,6.0,9.0
2020-496,Marseille,Hard,28,250,I,20200217,18,GC89,,Q,Egor Gerasimov,R,196.0,BLR,27.266,72.0,764.0,GB88,3.0,,David Goffin,R,180.0,BEL,29.196,10.0,2600.0,6-4 7-6(5),3,R16,92.0,7.0,3.0,74.0,47.0,33.0,16.0,11.0,2.0,4.0,9.0,3.0,69.0,37.0,28.0,15.0,11.0,0.0,3.0
2020-496,Marseille,Hard,28,250,I,20200217,19,TE51,2.0,,Stefanos Tsitsipas,R,193.0,GRE,21.517,6.0,4745.0,Y268,,,Mikael Ymer,R,185.0,SWE,21.44,75.0,749.0,6-1 6-3,3,R16,71.0,6.0,0.0,42.0,24.0,21.0,12.0,8.0,0.0,0.0,2.0,3.0,54.0,38.0,19.0,7.0,8.0,4.0,8.0
2020-496,Marseille,Hard,28,250,I,20200217,20,MM58,1.0,,Daniil Medvedev,R,198.0,RUS,24.016,5.0,5890.0,S0AG,,,Jannik Sinner,R,191.0,ITA,18.505,68.0,793.0,1-6 6-1 6-2,3,R16,79.0,7.0,1.0,58.0,29.0,23.0,20.0,11.0,0.0,2.0,1.0,1.0,67.0,41.0,24.0,12.0,11.0,3.0,7.0
2020-496,Marseille,Hard,28,250,I,20200217,21,AG37,7.0,,Felix Auger-Aliassime,R,193.0,CAN,19.526,18.0,1921.0,GC89,,Q,Egor Gerasimov,R,196.0,BLR,27.266,72.0,764.0,7-5 6-2,3,QF,98.0,9.0,4.0,61.0,42.0,35.0,5.0,10.0,0.0,1.0,7.0,8.0,78.0,41.0,29.0,12.0,10.0,7.0,11.0
2020-496,Marseille,Hard,28,250,I,20200217,22,BK92,,,Alexander Bublik,R,196.0,KAZ,22.669,55.0,930.0,SU55,4.0,,Denis Shapovalov,L,185.0,CAN,20.843,15.0,2075.0,7-5 4-6 6-3,3,QF,137.0,14.0,7.0,100.0,53.0,42.0,24.0,16.0,8.0,10.0,7.0,5.0,101.0,61.0,42.0,19.0,15.0,6.0,9.0
2020-496,Marseille,Hard,28,250,I,20200217,23,TE51,2.0,,Stefanos Tsitsipas,R,193.0,GRE,21.517,6.0,4745.0,PD07,,PR,Vasek Pospisil,R,193.0,CAN,29.654,98.0,597.0,7-5 6-3,3,QF,86.0,8.0,1.0,52.0,30.0,26.0,16.0,10.0,0.0,0.0,6.0,2.0,66.0,38.0,24.0,15.0,11.0,2.0,5.0
2020-496,Marseille,Hard,28,250,I,20200217,24,SD32,,,Gilles Simon,R,183.0,FRA,35.14,58.0,890.0,MM58,1.0,,Daniil Medvedev,R,198.0,RUS,24.016,5.0,5890.0,6-4 6-0,3,QF,67.0,4.0,1.0,37.0,23.0,21.0,9.0,8.0,1.0,2.0,0.0,0.0,53.0,30.0,15.0,9.0,8.0,1.0,6.0
2020-496,Marseille,Hard,28,250,I,20200217,25,AG37,7.0,,Felix Auger-Aliassime,R,193.0,CAN,19.526,18.0,1921.0,SD32,,,Gilles Simon,R,183.0,FRA,35.14,58.0,890.0,7-5 7-6(2),3,SF,119.0,5.0,2.0,71.0,48.0,38.0,12.0,12.0,2.0,3.0,1.0,3.0,81.0,51.0,35.0,15.0,12.0,4.0,6.0
2020-496,Marseille,Hard,28,250,I,20200217,26,TE51,2.0,,Stefanos Tsitsipas,R,193.0,GRE,21.517,6.0,4745.0,BK92,,,Alexander Bublik,R,196.0,KAZ,22.669,55.0,930.0,7-5 6-3,3,SF,68.0,6.0,0.0,54.0,33.0,27.0,16.0,11.0,2.0,3.0,8.0,0.0,57.0,34.0,27.0,8.0,10.0,5.0,8.0
2020-496,Marseille,Hard,28,250,I,20200217,27,TE51,2.0,,Stefanos Tsitsipas,R,193.0,GRE,21.517,6.0,4745.0,AG37,7.0,,Felix Auger-Aliassime,R,193.0,CAN,19.526,18.0,1921.0,6-3 6-4,3,F,86.0,4.0,0.0,56.0,41.0,32.0,8.0,10.0,4.0,5.0,3.0,3.0,61.0,39.0,26.0,9.0,9.0,6.0,9.0
2020-499,Delray Beach,Hard,32,250,O,20200217,1,TD51,,,Frances Tiafoe,R,188.0,USA,22.075,84.0,700.0,GA36,,Q,Emilio Gomez,R,185.0,ECU,28.222,148.0,363.0,7-6(3) 6-2,3,R32,89.0,1.0,1.0,66.0,47.0,35.0,9.0,10.0,0.0,1.0,6.0,0.0,65.0,34.0,24.0,13.0,10.0,1.0,4.0
2020-499,Delray Beach,Hard,32,250,O,20200217,2,SK94,,PR,Cedrik-Marcel Stebe,L,180.0,GER,29.358,147.0,370.0,TA46,,LL,Bernard Tomic,R,196.0,AUS,27.324,197.0,249.0,6-2 3-6 6-2,3,R32,99.0,9.0,2.0,79.0,50.0,35.0,19.0,12.0,5.0,6.0,8.0,2.0,93.0,64.0,41.0,13.0,13.0,13.0,17.0
2020-499,Delray Beach,Hard,32,250,O,20200217,3,RC96,,Q,Noah Rubin,R,175.0,USA,23.989,269.0,162.0,J380,,SE,Jason Jung,R,180.0,TPE,30.675,119.0,457.0,6-3 4-3 RET,3,R32,74.0,5.0,1.0,53.0,33.0,24.0,9.0,8.0,5.0,7.0,4.0,1.0,58.0,40.0,21.0,9.0,8.0,4.0,8.0
2020-499,Delray Beach,Hard,32,250,O,20200217,4,PL56,,,Tommy Paul,R,185.0,USA,22.754,70.0,778.0,GE33,,LL,Daniel Elahi Galan,R,191.0,COL,23.666,146.0,376.0,6-2 6-4,3,R32,70.0,6.0,1.0,50.0,32.0,26.0,12.0,9.0,2.0,2.0,2.0,2.0,67.0,44.0,30.0,9.0,9.0,5.0,8.0
2020-499,Delray Beach,Hard,32,250,O,20200217,5,N0AE,,WC,Brandon Nakashima,R,188.0,USA,18.541,294.0,139.0,V708,,,Jiri Vesely,L,198.0,CZE,26.606,74.0,760.0,7-6(4) 6-1,3,R32,81.0,5.0,2.0,58.0,33.0,24.0,17.0,9.0,1.0,1.0,12.0,4.0,61.0,39.0,27.0,7.0,10.0,1.0,4.0
2020-499,Delray Beach,Hard,32,250,O,20200217,6,MK66,,PR,Mackenzie McDonald,R,178.0,USA,24.841,159.0,327.0,U134,,,Yasutaka Uchiyama,R,183.0,JPN,27.535,96.0,604.0,6-2 7-6(5),3,R32,90.0,6.0,5.0,68.0,43.0,35.0,14.0,10.0,3.0,4.0,5.0,1.0,66.0,40.0,25.0,14.0,10.0,3.0,6.0
2020-499,Delray Beach,Hard,32,250,O,20200217,7,KI95,,,Miomir Kecmanovic,R,183.0,SRB,20.465,50.0,999.0,TC61,,,Jordan Thompson,R,183.0,AUS,25.829,65.0,843.0,6-2 RET,3,R32,27.0,1.0,1.0,19.0,9.0,9.0,7.0,4.0,0.0,0.0,1.0,0.0,23.0,18.0,9.0,3.0,4.0,2.0,4.0
2020-499,Delray Beach,Hard,32,250,O,20200217,8,J386,,,Steve Johnson,R,188.0,USA,30.149,76.0,745.0,L949,,,Henri Laaksonen,R,185.0,SUI,27.882,134.0,400.0,7-6(5) 6-4,3,R32,85.0,10.0,2.0,65.0,45.0,37.0,12.0,11.0,0.0,0.0,15.0,3.0,66.0,40.0,37.0,10.0,11.0,0.0,1.0
2020-499,Delray Beach,Hard,32,250,O,20200217,9,H940,,WC,Ryan Harrison,R,185.0,USA,27.781,433.0,73.0,D923,,,Damir Dzumhur,R,175.0,BIH,27.745,108.0,520.0,6-3 6-2,3,R32,85.0,6.0,3.0,78.0,48.0,36.0,14.0,9.0,9.0,9.0,0.0,2.0,52.0,34.0,19.0,9.0,8.0,2.0,5.0
2020-499,Delray Beach,Hard,32,250,O,20200217,10,SM25,,WC,Jack Sock,R,191.0,USA,27.398,,,A829,8.0,,Radu Albot,R,175.0,MDA,30.267,51.0,977.0,3-6 6-3 7-6(2),3,R32,135.0,7.0,4.0,89.0,57.0,42.0,17.0,15.0,4.0,7.0,1.0,6.0,97.0,63.0,41.0,18.0,15.0,4.0,7.0
2020-499,Delray Beach,Hard,32,250,O,20200217,11,KF17,,,Soonwoo Kwon,R,180.0,KOR,22.209,82.0,702.0,ME82,7.0,,Adrian Mannarino,L,180.0,FRA,31.636,42.0,1111.0,1-6 6-3 6-2,3,R32,120.0,7.0,3.0,82.0,50.0,31.0,20.0,12.0,4.0,6.0,6.0,5.0,73.0,36.0,26.0,20.0,12.0,3.0,6.0
2020-499,Delray Beach,Hard,32,250,O,20200217,12,HH26,6.0,,Ugo Humbert,L,188.0,FRA,21.645,44.0,1086.0,KE64,,LL,Stefan Kozlov,R,183.0,USA,22.042,367.0,97.0,6-7(5) 6-3 6-1,3,R32,146.0,12.0,2.0,82.0,50.0,42.0,14.0,14.0,3.0,6.0,1.0,5.0,89.0,61.0,33.0,16.0,14.0,4.0,11.0
2020-499,Delray Beach,Hard,32,250,O,20200217,13,N732,,,Yoshihito Nishioka,L,170.0,JPN,24.392,63.0,862.0,MH30,5.0,,John Millman,R,183.0,AUS,30.678,40.0,1141.0,3-6 6-4 6-2,3,R32,116.0,1.0,0.0,76.0,50.0,33.0,17.0,13.0,0.0,2.0,6.0,0.0,72.0,39.0,26.0,19.0,14.0,3.0,7.0
2020-499,Delray Beach,Hard,32,250,O,20200217,14,O522,4.0,,Reilly Opelka,R,211.0,USA,22.472,54.0,947.0,G858,,Q,Ernests Gulbis,R,191.0,LAT,31.466,224.0,209.0,6-7(5) 6-4 7-6(4),3,R32,159.0,20.0,1.0,99.0,65.0,57.0,21.0,17.0,1.0,1.0,13.0,7.0,119.0,73.0,56.0,27.0,17.0,7.0,8.0
2020-499,Delray Beach,Hard,32,250,O,20200217,15,N771,,Q,Cameron Norrie,L,188.0,GBR,24.487,60.0,885.0,FB98,3.0,,Taylor Fritz,R,196.0,USA,22.305,38.0,1255.0,6-4 6-7(4) 6-4,3,R32,132.0,6.0,8.0,99.0,65.0,51.0,20.0,16.0,5.0,6.0,13.0,2.0,99.0,64.0,54.0,13.0,16.0,2.0,5.0
2020-499,Delray Beach,Hard,32,250,O,20200217,16,R975,2.0,,Milos Raonic,R,196.0,CAN,29.142,37.0,1260.0,I165,,LL,Denis Istomin,R,185.0,UZB,33.446,164.0,305.0,6-2 6-2,3,R32,65.0,9.0,5.0,46.0,22.0,21.0,12.0,8.0,2.0,2.0,2.0,2.0,50.0,32.0,21.0,5.0,8.0,6.0,10.0
2020-499,Delray Beach,Hard,32,250,O,20200217,17,TD51,,,Frances Tiafoe,R,188.0,USA,22.075,84.0,700.0,PL56,,,Tommy Paul,R,185.0,USA,22.754,70.0,778.0,7-5 7-6(4),3,R16,106.0,4.0,1.0,76.0,47.0,39.0,14.0,12.0,2.0,3.0,6.0,1.0,83.0,48.0,38.0,14.0,12.0,5.0,7.0
2020-499,Delray Beach,Hard,32,250,O,20200217,18,N732,,,Yoshihito Nishioka,L,170.0,JPN,24.392,63.0,862.0,RC96,,Q,Noah Rubin,R,175.0,USA,23.989,269.0,162.0,6-1 6-2,3,R16,55.0,3.0,0.0,39.0,25.0,22.0,10.0,8.0,0.0,0.0,2.0,0.0,40.0,21.0,11.0,8.0,7.0,2.0,6.0
2020-499,Delray Beach,Hard,32,250,O,20200217,19,N0AE,,WC,Brandon Nakashima,R,188.0,USA,18.541,294.0,139.0,N771,,Q,Cameron Norrie,L,188.0,GBR,24.487,60.0,885.0,7-5 6-2,3,R16,81.0,3.0,0.0,55.0,28.0,21.0,18.0,10.0,1.0,2.0,3.0,4.0,63.0,37.0,20.0,15.0,10.0,3.0,7.0
2020-499,Delray Beach,Hard,32,250,O,20200217,20,KF17,,,Soonwoo Kwon,R,180.0,KOR,22.209,82.0,702.0,H940,,WC,Ryan Harrison,R,185.0,USA,27.781,433.0,73.0,6-4 3-6 7-6(0),3,R16,158.0,1.0,1.0,87.0,52.0,39.0,20.0,15.0,4.0,7.0,11.0,7.0,117.0,74.0,51.0,19.0,16.0,9.0,12.0
2020-499,Delray Beach,Hard,32,250,O,20200217,21,J386,,,Steve Johnson,R,188.0,USA,30.149,76.0,745.0,SM25,,WC,Jack Sock,R,191.0,USA,27.398,,,6-4 5-7 6-1,3,R16,124.0,6.0,1.0,92.0,60.0,42.0,17.0,15.0,4.0,6.0,5.0,5.0,84.0,54.0,36.0,13.0,14.0,1.0,5.0
2020-499,Delray Beach,Hard,32,250,O,20200217,22,HH26,6.0,,Ugo Humbert,L,188.0,FRA,21.645,44.0,1086.0,KI95,,,Miomir Kecmanovic,R,183.0,SRB,20.465,50.0,999.0,6-4 7-6(6),3,R16,102.0,9.0,5.0,83.0,51.0,39.0,14.0,11.0,8.0,10.0,7.0,2.0,63.0,34.0,27.0,15.0,11.0,1.0,4.0
2020-499,Delray Beach,Hard,32,250,O,20200217,23,O522,4.0,,Reilly Opelka,R,211.0,USA,22.472,54.0,947.0,MK66,,PR,Mackenzie McDonald,R,178.0,USA,24.841,159.0,327.0,6-3 6-4,3,R16,64.0,17.0,0.0,50.0,36.0,32.0,9.0,10.0,2.0,2.0,2.0,0.0,49.0,29.0,22.0,12.0,9.0,1.0,3.0
2020-499,Delray Beach,Hard,32,250,O,20200217,24,R975,2.0,,Milos Raonic,R,196.0,CAN,29.142,37.0,1260.0,SK94,,PR,Cedrik-Marcel Stebe,L,180.0,GER,29.358,147.0,370.0,7-5 6-3,3,R16,96.0,11.0,3.0,66.0,36.0,28.0,19.0,11.0,3.0,3.0,5.0,1.0,62.0,34.0,20.0,20.0,10.0,2.0,4.0
2020-499,Delray Beach,Hard,32,250,O,20200217,25,N732,,,Yoshihito Nishioka,L,170.0,JPN,24.392,63.0,862.0,N0AE,,WC,Brandon Nakashima,R,188.0,USA,18.541,294.0,139.0,3-6 7-6(5) 6-4,3,QF,145.0,4.0,2.0,97.0,62.0,40.0,24.0,15.0,4.0,7.0,12.0,4.0,129.0,84.0,57.0,21.0,16.0,9.0,12.0
2020-499,Delray Beach,Hard,32,250,O,20200217,26,HH26,6.0,,Ugo Humbert,L,188.0,FRA,21.645,44.0,1086.0,TD51,,,Frances Tiafoe,R,188.0,USA,22.075,84.0,700.0,6-1 6-2,3,QF,71.0,8.0,0.0,48.0,33.0,24.0,10.0,8.0,2.0,2.0,1.0,0.0,54.0,35.0,16.0,10.0,7.0,6.0,10.0
2020-499,Delray Beach,Hard,32,250,O,20200217,27,O522,4.0,,Reilly Opelka,R,211.0,USA,22.472,54.0,947.0,KF17,,,Soonwoo Kwon,R,180.0,KOR,22.209,82.0,702.0,6-3 6-4,3,QF,66.0,16.0,0.0,53.0,38.0,30.0,10.0,10.0,0.0,0.0,4.0,2.0,46.0,31.0,21.0,9.0,9.0,2.0,4.0
2020-499,Delray Beach,Hard,32,250,O,20200217,28,R975,2.0,,Milos Raonic,R,196.0,CAN,29.142,37.0,1260.0,J386,,,Steve Johnson,R,188.0,USA,30.149,76.0,745.0,7-6(6) 6-3,3,QF,98.0,3.0,1.0,63.0,44.0,34.0,12.0,10.0,1.0,2.0,5.0,3.0,84.0,57.0,40.0,12.0,11.0,8.0,11.0
2020-499,Delray Beach,Hard,32,250,O,20200217,29,N732,,,Yoshihito Nishioka,L,170.0,JPN,24.392,63.0,862.0,HH26,6.0,,Ugo Humbert,L,188.0,FRA,21.645,44.0,1086.0,1-6 6-4 6-0,3,SF,101.0,0.0,3.0,66.0,46.0,34.0,9.0,11.0,6.0,8.0,4.0,1.0,71.0,45.0,30.0,12.0,12.0,4.0,8.0
2020-499,Delray Beach,Hard,32,250,O,20200217,30,O522,4.0,,Reilly Opelka,R,211.0,USA,22.472,54.0,947.0,R975,2.0,,Milos Raonic,R,196.0,CAN,29.142,37.0,1260.0,4-6 7-6(6) 6-3,3,SF,127.0,19.0,6.0,90.0,58.0,50.0,15.0,15.0,1.0,2.0,16.0,2.0,96.0,65.0,51.0,13.0,16.0,1.0,3.0
2020-499,Delray Beach,Hard,32,250,O,20200217,31,O522,4.0,,Reilly Opelka,R,211.0,USA,22.472,54.0,947.0,N732,,,Yoshihito Nishioka,L,170.0,JPN,24.392,63.0,862.0,7-5 6-7(4) 6-2,3,F,129.0,27.0,3.0,98.0,70.0,61.0,10.0,16.0,3.0,4.0,3.0,1.0,106.0,74.0,46.0,23.0,16.0,8.0,12.0
2020-6932,Rio De Janeiro,Clay,32,500,O,20200217,1,SU87,,,Lorenzo Sonego,R,191.0,ITA,24.772,52.0,960.0,MD56,,,Leonardo Mayer,R,191.0,ARG,32.761,109.0,509.0,6-1 5-7 6-4,3,R32,171.0,6.0,4.0,99.0,57.0,40.0,25.0,15.0,6.0,7.0,0.0,11.0,91.0,45.0,28.0,26.0,14.0,3.0,6.0
2020-6932,Rio De Janeiro,Clay,32,500,O,20200217,2,SX91,,WC,Thiago Seyboth Wild,R,185.0,BRA,19.94,206.0,235.0,DH50,,,Alejandro Davidovich Fokina,R,180.0,ESP,20.704,90.0,655.0,5-7 7-6(3) 7-5,3,R32,229.0,5.0,6.0,132.0,67.0,44.0,30.0,18.0,6.0,12.0,1.0,2.0,159.0,104.0,61.0,27.0,18.0,15.0,21.0
2020-6932,Rio De Janeiro,Clay,32,500,O,20200217,3,MU94,,,Jaume Munar,R,183.0,ESP,22.787,99.0,593.0,CE25,,,Salvatore Caruso,R,185.0,ITA,27.173,97.0,600.0,7-5 6-4,3,R32,124.0,2.0,0.0,64.0,35.0,24.0,14.0,11.0,2.0,5.0,1.0,4.0,74.0,44.0,25.0,14.0,11.0,2.0,7.0
2020-6932,Rio De Janeiro,Clay,32,500,O,20200217,4,MO44,,Q,Pedro Martinez,R,185.0,ESP,22.812,133.0,404.0,DA31,,,Hugo Dellien,R,180.0,BOL,26.672,78.0,738.0,3-6 6-2 7-5,3,R32,155.0,0.0,2.0,96.0,75.0,45.0,9.0,14.0,4.0,9.0,0.0,6.0,95.0,63.0,40.0,8.0,15.0,6.0,13.0
2020-6932,Rio De Janeiro,Clay,32,500,O,20200217,5,D985,,Q,Joao Domingues,R,,POR,26.368,169.0,292.0,GB53,,LL,Federico Gaio,R,178.0,ITA,27.953,127.0,422.0,7-6(8) 6-4,3,R32,106.0,2.0,2.0,72.0,48.0,30.0,14.0,11.0,2.0,4.0,7.0,2.0,68.0,41.0,33.0,11.0,11.0,1.0,4.0
2020-6932,Rio De Janeiro,Clay,32,500,O,20200217,6,D874,,,Federico Delbonis,L,193.0,ARG,29.369,86.0,676.0,CF59,,,Roberto Carballes Baena,R,183.0,ESP,26.905,93.0,639.0,6-2 6-4,3,R32,113.0,3.0,2.0,59.0,34.0,27.0,10.0,9.0,6.0,8.0,3.0,0.0,73.0,38.0,23.0,12.0,9.0,4.0,9.0
2020-6932,Rio De Janeiro,Clay,32,500,O,20200217,7,CE77,,Q,Federico Coria,R,180.0,ARG,27.943,116.0,466.0,MW02,,,Corentin Moutet,L,180.0,FRA,20.832,77.0,742.0,1-6 7-6(1) 7-6(3),3,R32,177.0,1.0,2.0,109.0,76.0,46.0,16.0,15.0,7.0,12.0,2.0,8.0,120.0,95.0,60.0,10.0,16.0,9.0,12.0
2020-6932,Rio De Janeiro,Clay,32,500,O,20200217,8,BD80,,LL,Attila Balazs,R,180.0,HUN,31.389,106.0,525.0,C882,,,Pablo Cuevas,R,180.0,URU,34.127,46.0,1017.0,6-4 6-3,3,R32,91.0,4.0,6.0,65.0,36.0,30.0,16.0,10.0,2.0,2.0,4.0,2.0,56.0,33.0,24.0,11.0,9.0,3.0,5.0
2020-6932,Rio De Janeiro,Clay,32,500,O,20200217,9,A596,,,Pablo Andujar,R,180.0,ESP,34.067,59.0,887.0,V306,9.0,,Fernando Verdasco,L,188.0,ESP,36.257,49.0,1000.0,6-3 6-3,3,R32,88.0,1.0,1.0,59.0,40.0,26.0,12.0,9.0,2.0,4.0,1.0,3.0,62.0,35.0,15.0,13.0,9.0,4.0,9.0
2020-6932,Rio De Janeiro,Clay,32,500,O,20200217,10,ML57,,Q,Gianluca Mager,R,188.0,ITA,25.213,128.0,413.0,RH16,8.0,,Casper Ruud,R,183.0,NOR,21.155,34.0,1313.0,7-6(4) 7-5,3,R32,111.0,8.0,0.0,81.0,60.0,46.0,15.0,12.0,7.0,7.0,7.0,1.0,83.0,61.0,43.0,14.0,12.0,5.0,6.0
2020-6932,Rio De Janeiro,Clay,32,500,O,20200217,11,A0E2,,WC,Carlos Alcaraz,R,183.0,ESP,16.789,406.0,82.0,R772,7.0,,Albert Ramos-Vinolas,L,188.0,ESP,32.085,41.0,1130.0,7-6(2) 4-6 7-6(2),3,R32,216.0,2.0,5.0,153.0,104.0,65.0,22.0,17.0,10.0,15.0,5.0,6.0,138.0,80.0,49.0,30.0,17.0,15.0,19.0
2020-6932,Rio De Janeiro,Clay,32,500,O,20200217,12,CG80,5.0,,Borna Coric,R,188.0,CRO,23.258,32.0,1320.0,LB84,,,Juan Ignacio Londero,R,180.0,ARG,26.508,61.0,881.0,7-6(5) 7-5,3,R32,117.0,9.0,2.0,68.0,40.0,32.0,15.0,12.0,0.0,2.0,0.0,3.0,80.0,49.0,34.0,16.0,12.0,7.0,10.0
2020-6932,Rio De Janeiro,Clay,32,500,O,20200217,13,MJ08,,,Thiago Monteiro,L,183.0,BRA,25.717,88.0,669.0,PC11,4.0,,Guido Pella,L,183.0,ARG,29.755,26.0,1515.0,5-7 6-4 7-6(3),3,R32,183.0,8.0,5.0,108.0,67.0,47.0,21.0,17.0,6.0,11.0,2.0,7.0,114.0,75.0,54.0,14.0,17.0,7.0,12.0
2020-6932,Rio De Janeiro,Clay,32,500,O,20200217,14,GD64,3.0,,Cristian Garin,R,185.0,CHI,23.718,25.0,1550.0,MF35,,,Andrej Martin,R,183.0,SVK,30.409,94.0,629.0,4-6 7-5 7-6(5),3,R32,189.0,3.0,5.0,104.0,58.0,44.0,23.0,17.0,4.0,8.0,4.0,3.0,132.0,88.0,56.0,22.0,17.0,12.0,16.0
2020-6932,Rio De Janeiro,Clay,32,500,O,20200217,15,L987,2.0,,Dusan Lajovic,R,183.0,SRB,29.634,23.0,1641.0,CF01,,,Marco Cecchinato,R,185.0,ITA,27.381,111.0,508.0,6-4 6-7(4) 6-1,3,R32,136.0,7.0,3.0,92.0,59.0,50.0,18.0,15.0,3.0,3.0,6.0,3.0,108.0,72.0,51.0,15.0,14.0,6.0,9.0
2020-6932,Rio De Janeiro,Clay,32,500,O,20200217,16,TB69,1.0,,Dominic Thiem,R,185.0,AUT,26.456,4.0,7045.0,MW75,,WC,Felipe Meligeni Alves,R,185.0,BRA,21.993,341.0,111.0,6-2 4-6 6-1,3,R32,124.0,3.0,2.0,75.0,41.0,30.0,23.0,13.0,0.0,1.0,3.0,1.0,77.0,60.0,33.0,10.0,12.0,4.0,8.0
2020-6932,Rio De Janeiro,Clay,32,500,O,20200217,17,MO44,,Q,Pedro Martinez,R,185.0,ESP,22.812,133.0,404.0,A596,,,Pablo Andujar,R,180.0,ESP,34.067,59.0,887.0,6-1 6-4,3,R16,86.0,4.0,0.0,55.0,41.0,30.0,8.0,9.0,3.0,3.0,1.0,2.0,47.0,30.0,18.0,7.0,8.0,2.0,5.0
2020-6932,Rio De Janeiro,Clay,32,500,O,20200217,18,ML57,,Q,Gianluca Mager,R,188.0,ITA,25.213,128.0,413.0,D985,,Q,Joao Domingues,R,,POR,26.368,169.0,292.0,6-3 7-6(5),3,R16,102.0,6.0,3.0,74.0,50.0,35.0,10.0,11.0,3.0,5.0,1.0,1.0,77.0,51.0,30.0,11.0,10.0,7.0,10.0
2020-6932,Rio De Janeiro,Clay,32,500,O,20200217,19,CE77,,Q,Federico Coria,R,180.0,ARG,27.943,116.0,466.0,A0E2,,WC,Carlos Alcaraz,R,183.0,ESP,16.789,406.0,82.0,6-4 4-6 6-4,3,R16,137.0,0.0,2.0,111.0,88.0,54.0,10.0,15.0,10.0,14.0,4.0,4.0,81.0,48.0,36.0,13.0,15.0,4.0,9.0
2020-6932,Rio De Janeiro,Clay,32,500,O,20200217,20,BD80,,LL,Attila Balazs,R,180.0,HUN,31.389,106.0,525.0,MJ08,,,Thiago Monteiro,L,183.0,BRA,25.717,88.0,669.0,1-6 6-1 6-4,3,R16,111.0,2.0,4.0,71.0,37.0,26.0,16.0,12.0,4.0,8.0,12.0,2.0,69.0,48.0,30.0,8.0,12.0,4.0,9.0
2020-6932,Rio De Janeiro,Clay,32,500,O,20200217,21,CG80,5.0,,Borna Coric,R,188.0,CRO,23.258,32.0,1320.0,SX91,,WC,Thiago Seyboth Wild,R,185.0,BRA,19.94,206.0,235.0,6-3 1-6 7-6(5),3,R16,139.0,7.0,2.0,89.0,53.0,40.0,17.0,14.0,9.0,12.0,8.0,0.0,90.0,60.0,46.0,15.0,14.0,5.0,7.0
2020-6932,Rio De Janeiro,Clay,32,500,O,20200217,22,GD64,3.0,,Cristian Garin,R,185.0,CHI,23.718,25.0,1550.0,D874,,,Federico Delbonis,L,193.0,ARG,29.369,86.0,676.0,6-4 6-3,3,R16,96.0,6.0,1.0,49.0,28.0,23.0,13.0,9.0,0.0,0.0,1.0,5.0,79.0,46.0,26.0,18.0,10.0,4.0,7.0
2020-6932,Rio De Janeiro,Clay,32,500,O,20200217,23,SU87,,,Lorenzo Sonego,R,191.0,ITA,24.772,52.0,960.0,L987,2.0,,Dusan Lajovic,R,183.0,SRB,29.634,23.0,1641.0,7-6(5) 7-6(5),3,R16,129.0,4.0,2.0,87.0,58.0,44.0,13.0,12.0,2.0,4.0,4.0,3.0,81.0,53.0,41.0,14.0,12.0,1.0,3.0
2020-6932,Rio De Janeiro,Clay,32,500,O,20200217,24,TB69,1.0,,Dominic Thiem,R,185.0,AUT,26.456,4.0,7045.0,MU94,,,Jaume Munar,R,183.0,ESP,22.787,99.0,593.0,6-7(5) 6-3 6-4,3,R16,161.0,4.0,5.0,99.0,74.0,50.0,13.0,15.0,6.0,8.0,0.0,3.0,99.0,67.0,47.0,12.0,16.0,3.0,8.0
2020-6932,Rio De Janeiro,Clay,32,500,O,20200217,25,BD80,,LL,Attila Balazs,R,180.0,HUN,31.389,106.0,525.0,MO44,,Q,Pedro Martinez,R,185.0,ESP,22.812,133.0,404.0,2-6 6-4 6-2,3,QF,148.0,4.0,5.0,95.0,50.0,30.0,21.0,13.0,9.0,14.0,1.0,0.0,83.0,56.0,29.0,16.0,13.0,8.0,14.0
2020-6932,Rio De Janeiro,Clay,32,500,O,20200217,26,CG80,5.0,,Borna Coric,R,188.0,CRO,23.258,32.0,1320.0,SU87,,,Lorenzo Sonego,R,191.0,ITA,24.772,52.0,960.0,7-6(5) 6-3,3,QF,129.0,4.0,1.0,86.0,49.0,40.0,17.0,11.0,8.0,8.0,3.0,2.0,74.0,48.0,35.0,11.0,10.0,2.0,3.0
2020-6932,Rio De Janeiro,Clay,32,500,O,20200217,27,GD64,3.0,,Cristian Garin,R,185.0,CHI,23.718,25.0,1550.0,CE77,,Q,Federico Coria,R,180.0,ARG,27.943,116.0,466.0,2-6 6-3 7-5,3,QF,134.0,4.0,7.0,94.0,54.0,41.0,15.0,15.0,3.0,7.0,1.0,0.0,101.0,72.0,42.0,15.0,14.0,8.0,12.0
2020-6932,Rio De Janeiro,Clay,32,500,O,20200217,28,ML57,,Q,Gianluca Mager,R,188.0,ITA,25.213,128.0,413.0,TB69,1.0,,Dominic Thiem,R,185.0,AUT,26.456,4.0,7045.0,7-6(4) 7-5,3,QF,115.0,4.0,1.0,84.0,65.0,43.0,12.0,12.0,5.0,7.0,1.0,1.0,82.0,51.0,33.0,15.0,12.0,3.0,6.0
2020-6932,Rio De Janeiro,Clay,32,500,O,20200217,29,ML57,,Q,Gianluca Mager,R,188.0,ITA,25.213,128.0,413.0,BD80,,LL,Attila Balazs,R,180.0,HUN,31.389,106.0,525.0,7-6(4) 4-6 7-6(2),3,SF,172.0,6.0,2.0,122.0,84.0,59.0,17.0,17.0,8.0,12.0,3.0,9.0,120.0,63.0,46.0,28.0,17.0,6.0,9.0
2020-6932,Rio De Janeiro,Clay,32,500,O,20200217,30,GD64,3.0,,Cristian Garin,R,185.0,CHI,23.718,25.0,1550.0,CG80,5.0,,Borna Coric,R,188.0,CRO,23.258,32.0,1320.0,6-4 7-5,3,SF,104.0,2.0,5.0,61.0,37.0,29.0,9.0,11.0,1.0,4.0,4.0,2.0,68.0,45.0,30.0,6.0,11.0,2.0,7.0
2020-6932,Rio De Janeiro,Clay,32,500,O,20200217,31,GD64,3.0,,Cristian Garin,R,185.0,CHI,23.718,25.0,1550.0,ML57,,Q,Gianluca Mager,R,188.0,ITA,25.213,128.0,413.0,7-6(3) 7-5,3,F,94.0,8.0,0.0,82.0,62.0,39.0,13.0,12.0,4.0,6.0,6.0,4.0,77.0,50.0,39.0,8.0,12.0,7.0,10.0
2020-495,Dubai,Hard,32,500,O,20200224,1,U134,,Q,Yasutaka Uchiyama,R,183.0,JPN,27.554,99.0,604.0,L575,,PR,Yen-Hsun Lu,R,180.0,TPE,36.531,962.0,10.0,3-6 6-1 6-2,3,R32,110.0,9.0,6.0,77.0,43.0,35.0,15.0,12.0,3.0,4.0,3.0,4.0,85.0,45.0,28.0,20.0,12.0,10.0,14.0
2020-495,Dubai,Hard,32,500,O,20200224,2,DB59,,Q,Dennis Novak,R,183.0,AUT,26.491,96.0,621.0,GA94,,WC,Prajnesh Gunneswaran,L,188.0,IND,30.283,134.0,405.0,6-4 6-3,3,R32,77.0,2.0,2.0,57.0,33.0,26.0,11.0,10.0,5.0,7.0,3.0,2.0,64.0,43.0,26.0,7.0,9.0,4.0,8.0
2020-495,Dubai,Hard,32,500,O,20200224,3,KB05,,,Filip Krajinovic,R,185.0,SRB,27.992,33.0,1318.0,SH90,,,Joao Sousa,R,185.0,POR,30.905,68.0,776.0,4-6 6-3 6-3,3,R32,124.0,8.0,5.0,94.0,55.0,39.0,20.0,14.0,9.0,11.0,14.0,4.0,91.0,47.0,34.0,20.0,14.0,5.0,9.0
2020-495,Dubai,Hard,32,500,O,20200224,4,K435,,,Philipp Kohlschreiber,R,178.0,GER,36.359,80.0,704.0,SK47,,WC,Mohamed Safwat,R,180.0,EGY,29.432,132.0,407.0,4-6 6-4 6-0,3,R32,121.0,8.0,2.0,71.0,41.0,29.0,16.0,13.0,4.0,7.0,5.0,4.0,101.0,60.0,37.0,13.0,13.0,7.0,13.0
2020-495,Dubai,Hard,32,500,O,20200224,5,H996,,,Pierre-Hugues Herbert,R,188.0,FRA,28.939,78.0,715.0,N732,,,Yoshihito Nishioka,L,170.0,JPN,24.411,48.0,1007.0,7-5 6-2,3,R32,78.0,8.0,2.0,54.0,32.0,28.0,7.0,10.0,0.0,2.0,0.0,1.0,69.0,46.0,23.0,13.0,10.0,4.0,9.0
2020-495,Dubai,Hard,32,500,O,20200224,6,G628,,,Richard Gasquet,R,183.0,FRA,33.687,56.0,915.0,HG86,,Q,Lloyd Harris,R,193.0,RSA,22.998,93.0,641.0,7-6(5) 6-4,3,R32,84.0,2.0,2.0,60.0,36.0,31.0,17.0,11.0,0.0,1.0,13.0,3.0,66.0,43.0,35.0,11.0,11.0,2.0,4.0
2020-495,Dubai,Hard,32,500,O,20200224,7,BK92,,,Alexander Bublik,R,196.0,KAZ,22.689,47.0,1010.0,HB71,,,Hubert Hurkacz,R,196.0,POL,23.034,30.0,1433.0,6-2 7-5,3,R32,76.0,6.0,7.0,59.0,33.0,27.0,14.0,10.0,3.0,4.0,3.0,3.0,67.0,35.0,22.0,13.0,10.0,5.0,9.0
2020-495,Dubai,Hard,32,500,O,20200224,8,BG23,,,Nikoloz Basilashvili,R,185.0,GEO,28.003,29.0,1440.0,BE90,,,Ricardas Berankis,R,175.0,LTU,29.678,62.0,841.0,5-7 7-6(2) 6-3,3,R32,157.0,14.0,10.0,118.0,63.0,48.0,24.0,16.0,9.0,12.0,9.0,3.0,122.0,65.0,43.0,27.0,17.0,4.0,8.0
2020-495,Dubai,Hard,32,500,O,20200224,9,PD31,8.0,,Benoit Paire,R,196.0,FRA,30.798,21.0,1738.0,C977,,,Marin Cilic,R,198.0,CRO,31.406,36.0,1225.0,2-6 7-5 7-6(1),3,R32,152.0,8.0,12.0,118.0,63.0,45.0,22.0,16.0,5.0,10.0,10.0,12.0,122.0,67.0,47.0,22.0,16.0,10.0,14.0
2020-495,Dubai,Hard,32,500,O,20200224,10,KE29,7.0,,Karen Khachanov,R,198.0,RUS,23.762,17.0,2040.0,K926,,,Mikhail Kukushkin,R,183.0,KAZ,32.164,89.0,661.0,7-6(2) 6-1,3,R32,90.0,6.0,2.0,59.0,36.0,29.0,12.0,10.0,3.0,5.0,1.0,1.0,60.0,39.0,22.0,10.0,9.0,4.0,8.0
2020-495,Dubai,Hard,32,500,O,20200224,11,RE44,6.0,,Andrey Rublev,R,188.0,RUS,22.346,14.0,2219.0,M0EJ,,Q,Lorenzo Musetti,R,185.0,ITA,17.979,311.0,129.0,6-4 6-4,3,R32,82.0,5.0,1.0,55.0,31.0,26.0,9.0,10.0,2.0,4.0,2.0,2.0,71.0,42.0,28.0,9.0,10.0,8.0,12.0
2020-495,Dubai,Hard,32,500,O,20200224,12,SL28,,,Jan-Lennard Struff,R,193.0,GER,29.834,34.0,1270.0,BD06,5.0,,Roberto Bautista Agut,R,183.0,ESP,31.863,12.0,2360.0,7-6(2) 7-5,3,R32,112.0,13.0,2.0,75.0,32.0,26.0,22.0,12.0,1.0,4.0,4.0,2.0,79.0,52.0,32.0,12.0,12.0,3.0,7.0
2020-495,Dubai,Hard,32,500,O,20200224,13,E687,,,Daniel Evans,R,175.0,GBR,29.758,37.0,1224.0,F510,4.0,,Fabio Fognini,R,178.0,ITA,32.756,11.0,2400.0,3-6 6-4 7-5,3,R32,159.0,10.0,1.0,96.0,56.0,40.0,16.0,15.0,6.0,11.0,6.0,6.0,115.0,63.0,38.0,28.0,16.0,13.0,19.0
2020-495,Dubai,Hard,32,500,O,20200224,14,MC65,3.0,,Gael Monfils,R,193.0,FRA,33.481,9.0,2860.0,F724,,,Marton Fucsovics,R,188.0,HUN,28.044,70.0,762.0,6-4 7-5,3,R32,119.0,3.0,3.0,71.0,43.0,26.0,18.0,11.0,1.0,3.0,0.0,4.0,102.0,62.0,40.0,14.0,11.0,11.0,15.0
2020-495,Dubai,Hard,32,500,O,20200224,15,TE51,2.0,,Stefanos Tsitsipas,R,193.0,GRE,21.536,6.0,4745.0,CD85,,,Pablo Carreno Busta,R,188.0,ESP,28.621,27.0,1500.0,7-6(1) 6-1,3,R32,94.0,4.0,2.0,55.0,30.0,23.0,17.0,9.0,1.0,2.0,2.0,2.0,78.0,54.0,26.0,13.0,10.0,7.0,11.0
2020-495,Dubai,Hard,32,500,O,20200224,16,D643,1.0,,Novak Djokovic,R,188.0,SRB,32.761,1.0,9720.0,J267,,WC,Malek Jaziri,R,185.0,TUN,36.096,260.0,181.0,6-1 6-2,3,R32,60.0,7.0,3.0,43.0,30.0,25.0,8.0,8.0,0.0,0.0,2.0,3.0,46.0,21.0,9.0,12.0,7.0,4.0,8.0
2020-495,Dubai,Hard,32,500,O,20200224,17,SL28,,,Jan-Lennard Struff,R,193.0,GER,29.834,34.0,1270.0,BG23,,,Nikoloz Basilashvili,R,185.0,GEO,28.003,29.0,1440.0,6-1 6-0,3,R16,39.0,7.0,2.0,34.0,24.0,23.0,5.0,7.0,0.0,0.0,1.0,4.0,39.0,22.0,10.0,4.0,6.0,4.0,9.0
2020-495,Dubai,Hard,32,500,O,20200224,18,E687,,,Daniel Evans,R,175.0,GBR,29.758,37.0,1224.0,H996,,,Pierre-Hugues Herbert,R,188.0,FRA,28.939,78.0,715.0,7-5 3-6 7-6(7),3,R16,166.0,3.0,3.0,109.0,72.0,50.0,18.0,16.0,7.0,11.0,17.0,8.0,115.0,65.0,48.0,23.0,17.0,9.0,13.0
2020-495,Dubai,Hard,32,500,O,20200224,19,G628,,,Richard Gasquet,R,183.0,FRA,33.687,56.0,915.0,PD31,8.0,,Benoit Paire,R,196.0,FRA,30.798,21.0,1738.0,6-4 6-4,3,R16,80.0,4.0,3.0,71.0,43.0,26.0,15.0,10.0,10.0,14.0,3.0,6.0,59.0,28.0,17.0,11.0,10.0,3.0,9.0
2020-495,Dubai,Hard,32,500,O,20200224,20,KE29,7.0,,Karen Khachanov,R,198.0,RUS,23.762,17.0,2040.0,DB59,,Q,Dennis Novak,R,183.0,AUT,26.491,96.0,621.0,6-3 6-4,3,R16,73.0,5.0,0.0,55.0,40.0,30.0,10.0,10.0,0.0,1.0,5.0,1.0,59.0,41.0,26.0,8.0,9.0,3.0,6.0
2020-495,Dubai,Hard,32,500,O,20200224,21,RE44,6.0,,Andrey Rublev,R,188.0,RUS,22.346,14.0,2219.0,KB05,,,Filip Krajinovic,R,185.0,SRB,27.992,33.0,1318.0,7-6(3) 6-0,3,R16,100.0,12.0,2.0,56.0,31.0,22.0,13.0,9.0,1.0,4.0,1.0,2.0,92.0,57.0,28.0,14.0,9.0,13.0,19.0
2020-495,Dubai,Hard,32,500,O,20200224,22,MC65,3.0,,Gael Monfils,R,193.0,FRA,33.481,9.0,2860.0,U134,,Q,Yasutaka Uchiyama,R,183.0,JPN,27.554,99.0,604.0,6-1 6-2,3,R16,66.0,4.0,1.0,50.0,36.0,26.0,8.0,8.0,5.0,6.0,0.0,1.0,48.0,19.0,10.0,11.0,7.0,2.0,7.0
2020-495,Dubai,Hard,32,500,O,20200224,23,TE51,2.0,,Stefanos Tsitsipas,R,193.0,GRE,21.536,6.0,4745.0,BK92,,,Alexander Bublik,R,196.0,KAZ,22.689,47.0,1010.0,7-6(1) 6-4,3,R16,95.0,3.0,0.0,70.0,49.0,41.0,14.0,11.0,5.0,5.0,4.0,5.0,76.0,43.0,30.0,17.0,11.0,4.0,5.0
2020-495,Dubai,Hard,32,500,O,20200224,24,D643,1.0,,Novak Djokovic,R,188.0,SRB,32.761,1.0,9720.0,K435,,,Philipp Kohlschreiber,R,178.0,GER,36.359,80.0,704.0,6-3 6-1,3,R16,59.0,2.0,2.0,44.0,24.0,19.0,14.0,8.0,0.0,0.0,2.0,1.0,44.0,28.0,19.0,3.0,8.0,3.0,7.0
2020-495,Dubai,Hard,32,500,O,20200224,25,E687,,,Daniel Evans,R,175.0,GBR,29.758,37.0,1224.0,RE44,6.0,,Andrey Rublev,R,188.0,RUS,22.346,14.0,2219.0,6-2 7-6(9),3,QF,131.0,3.0,6.0,99.0,65.0,42.0,16.0,10.0,8.0,10.0,5.0,0.0,74.0,39.0,24.0,18.0,10.0,7.0,11.0
2020-495,Dubai,Hard,32,500,O,20200224,26,MC65,3.0,,Gael Monfils,R,193.0,FRA,33.481,9.0,2860.0,G628,,,Richard Gasquet,R,183.0,FRA,33.687,56.0,915.0,6-3 6-3,3,QF,73.0,8.0,2.0,46.0,30.0,23.0,10.0,9.0,0.0,1.0,0.0,1.0,79.0,52.0,33.0,8.0,9.0,15.0,19.0
2020-495,Dubai,Hard,32,500,O,20200224,27,TE51,2.0,,Stefanos Tsitsipas,R,193.0,GRE,21.536,6.0,4745.0,SL28,,,Jan-Lennard Struff,R,193.0,GER,29.834,34.0,1270.0,4-6 6-4 6-4,3,QF,142.0,6.0,2.0,96.0,61.0,44.0,22.0,15.0,6.0,7.0,9.0,4.0,110.0,55.0,40.0,29.0,15.0,6.0,8.0
2020-495,Dubai,Hard,32,500,O,20200224,28,D643,1.0,,Novak Djokovic,R,188.0,SRB,32.761,1.0,9720.0,KE29,7.0,,Karen Khachanov,R,198.0,RUS,23.762,17.0,2040.0,6-2 6-2,3,QF,66.0,2.0,2.0,45.0,27.0,24.0,8.0,8.0,1.0,2.0,3.0,4.0,49.0,29.0,14.0,7.0,8.0,4.0,9.0
2020-495,Dubai,Hard,32,500,O,20200224,29,TE51,2.0,,Stefanos Tsitsipas,R,193.0,GRE,21.536,6.0,4745.0,E687,,,Daniel Evans,R,175.0,GBR,29.758,37.0,1224.0,6-2 6-3,3,SF,81.0,3.0,2.0,42.0,29.0,26.0,6.0,8.0,0.0,0.0,1.0,1.0,70.0,43.0,27.0,12.0,9.0,6.0,10.0
2020-495,Dubai,Hard,32,500,O,20200224,30,D643,1.0,,Novak Djokovic,R,188.0,SRB,32.761,1.0,9720.0,MC65,3.0,,Gael Monfils,R,193.0,FRA,33.481,9.0,2860.0,2-6 7-6(8) 6-1,3,SF,155.0,5.0,1.0,96.0,71.0,43.0,13.0,13.0,4.0,7.0,8.0,6.0,102.0,62.0,40.0,15.0,14.0,7.0,11.0
2020-495,Dubai,Hard,32,500,O,20200224,31,D643,1.0,,Novak Djokovic,R,188.0,SRB,32.761,1.0,9720.0,TE51,2.0,,Stefanos Tsitsipas,R,193.0,GRE,21.536,6.0,4745.0,6-3 6-4,3,F,77.0,2.0,0.0,57.0,36.0,28.0,12.0,10.0,1.0,2.0,8.0,3.0,48.0,31.0,24.0,4.0,9.0,0.0,3.0
2020-807,Acapulco,Hard,32,500,O,20200224,1,PL56,,Q,Tommy Paul,R,185.0,USA,22.773,66.0,792.0,MK66,,PR,Mackenzie McDonald,R,178.0,USA,24.86,196.0,257.0,6-7(4) 6-4 6-4,3,R32,140.0,8.0,4.0,103.0,57.0,42.0,25.0,16.0,4.0,7.0,5.0,1.0,103.0,67.0,44.0,17.0,16.0,4.0,9.0
2020-807,Acapulco,Hard,32,500,O,20200224,2,MO44,,SE,Pedro Martinez,R,185.0,ESP,22.831,113.0,504.0,A829,,,Radu Albot,R,175.0,MDA,30.286,69.0,772.0,6-3 6-2,3,R32,90.0,3.0,3.0,73.0,55.0,38.0,9.0,9.0,7.0,7.0,2.0,1.0,48.0,26.0,16.0,11.0,8.0,3.0,6.0
2020-807,Acapulco,Hard,32,500,O,20200224,3,ME82,,,Adrian Mannarino,L,180.0,FRA,31.655,42.0,1086.0,N771,,WC,Cameron Norrie,L,188.0,GBR,24.507,58.0,872.0,2-6 6-3 6-3,3,R32,116.0,9.0,8.0,76.0,36.0,25.0,18.0,13.0,6.0,12.0,5.0,9.0,78.0,45.0,24.0,14.0,13.0,2.0,9.0
2020-807,Acapulco,Hard,32,500,O,20200224,4,KF17,,,Soonwoo Kwon,R,180.0,KOR,22.229,76.0,732.0,DA81,,LL,Taro Daniel,R,191.0,JPN,27.075,110.0,511.0,6-2 2-6 6-3,3,R32,114.0,6.0,3.0,79.0,45.0,32.0,17.0,12.0,1.0,4.0,5.0,5.0,65.0,36.0,26.0,11.0,13.0,2.0,7.0
2020-807,Acapulco,Hard,32,500,O,20200224,5,KI95,,,Miomir Kecmanovic,R,183.0,SRB,20.485,50.0,1003.0,DH58,,,Alex de Minaur,R,183.0,AUS,21.018,25.0,1575.0,3-6 6-4 6-3,3,R32,119.0,3.0,2.0,93.0,65.0,47.0,15.0,14.0,11.0,13.0,5.0,2.0,81.0,42.0,31.0,19.0,14.0,1.0,4.0
2020-807,Acapulco,Hard,32,500,O,20200224,6,GC88,,Q,Marcos Giron,R,180.0,USA,26.587,115.0,498.0,LG87,,WC,Gerardo Lopez Villasenor,R,191.0,MEX,24.789,518.0,54.0,6-4 7-6(3),3,R32,94.0,8.0,0.0,61.0,32.0,27.0,24.0,11.0,3.0,3.0,1.0,2.0,73.0,44.0,31.0,16.0,11.0,2.0,3.0
2020-807,Acapulco,Hard,32,500,O,20200224,7,FB98,,,Taylor Fritz,R,196.0,USA,22.324,35.0,1255.0,MH30,,,John Millman,R,183.0,AUS,30.697,40.0,1141.0,7-5 3-6 6-1,3,R32,116.0,11.0,2.0,77.0,48.0,37.0,21.0,14.0,1.0,2.0,11.0,5.0,104.0,57.0,42.0,21.0,14.0,15.0,18.0
2020-807,Acapulco,Hard,32,500,O,20200224,8,E831,,,Kyle Edmund,R,188.0,GBR,25.128,44.0,1085.0,L397,,,Feliciano Lopez,L,188.0,ESP,38.428,52.0,953.0,6-4 6-1,3,R32,68.0,11.0,2.0,46.0,29.0,28.0,10.0,9.0,2.0,2.0,2.0,7.0,55.0,19.0,13.0,17.0,8.0,5.0,8.0
2020-807,Acapulco,Hard,32,500,O,20200224,9,L987,8.0,,Dusan Lajovic,R,183.0,SRB,29.654,24.0,1670.0,J386,,,Steve Johnson,R,188.0,USA,30.168,73.0,745.0,6-7(5) 6-4 6-3,3,R32,151.0,11.0,4.0,117.0,71.0,55.0,20.0,16.0,10.0,13.0,7.0,4.0,106.0,62.0,41.0,21.0,15.0,8.0,13.0
2020-807,Acapulco,Hard,32,500,O,20200224,10,D875,7.0,,Grigor Dimitrov,R,191.0,BUL,28.778,22.0,1682.0,D923,,Q,Damir Dzumhur,R,175.0,BIH,27.765,109.0,520.0,6-3 6-3,3,R32,73.0,2.0,8.0,59.0,26.0,24.0,14.0,9.0,4.0,5.0,2.0,2.0,52.0,36.0,22.0,6.0,9.0,2.0,6.0
2020-807,Acapulco,Hard,32,500,O,20200224,11,HH26,,,Ugo Humbert,L,188.0,FRA,21.665,43.0,1086.0,KE17,6.0,,Nick Kyrgios,R,193.0,AUS,24.83,23.0,1670.0,6-3 RET,3,R32,31.0,8.0,0.0,24.0,20.0,16.0,4.0,5.0,0.0,0.0,7.0,2.0,25.0,22.0,14.0,1.0,4.0,4.0,5.0
2020-807,Acapulco,Hard,32,500,O,20200224,12,I186,5.0,,John Isner,R,208.0,USA,34.831,20.0,1760.0,Z168,,WC,Mischa Zverev,L,191.0,GER,32.509,257.0,182.0,6-3 7-6(4),3,R32,67.0,22.0,1.0,56.0,38.0,35.0,13.0,11.0,0.0,0.0,3.0,1.0,56.0,38.0,30.0,10.0,10.0,1.0,2.0
2020-807,Acapulco,Hard,32,500,O,20200224,13,AG37,4.0,,Felix Auger-Aliassime,R,193.0,CAN,19.546,19.0,1771.0,BI81,,LL,Alex Bolt,L,183.0,AUS,27.135,137.0,395.0,6-3 7-6(5),3,R32,95.0,10.0,7.0,72.0,41.0,33.0,20.0,11.0,4.0,4.0,5.0,3.0,66.0,39.0,29.0,16.0,10.0,3.0,4.0
2020-807,Acapulco,Hard,32,500,O,20200224,14,W367,3.0,,Stan Wawrinka,R,183.0,SUI,34.91,16.0,2060.0,TD51,,,Frances Tiafoe,R,188.0,USA,22.094,82.0,700.0,6-3 6-7(4) 7-6(1),3,R32,164.0,35.0,1.0,116.0,72.0,67.0,17.0,17.0,9.0,9.0,5.0,3.0,107.0,68.0,49.0,23.0,16.0,7.0,8.0
2020-807,Acapulco,Hard,32,500,O,20200224,15,Z355,2.0,,Alexander Zverev,R,198.0,GER,22.847,7.0,3885.0,J380,,Q,Jason Jung,R,180.0,TPE,30.694,119.0,457.0,7-6(6) 6-1,3,R32,72.0,12.0,8.0,54.0,38.0,32.0,8.0,10.0,0.0,2.0,0.0,2.0,58.0,38.0,25.0,9.0,9.0,3.0,7.0
2020-807,Acapulco,Hard,32,500,O,20200224,16,N409,1.0,,Rafael Nadal,L,185.0,ESP,33.728,2.0,9395.0,A596,,,Pablo Andujar,R,180.0,ESP,34.086,54.0,932.0,6-3 6-2,3,R32,90.0,4.0,2.0,49.0,29.0,21.0,11.0,9.0,2.0,4.0,0.0,3.0,52.0,29.0,12.0,12.0,8.0,5.0,10.0
2020-807,Acapulco,Hard,32,500,O,20200224,17,FB98,,,Taylor Fritz,R,196.0,USA,22.324,35.0,1255.0,HH26,,,Ugo Humbert,L,188.0,FRA,21.665,43.0,1086.0,6-4 6-1,3,R16,79.0,4.0,1.0,56.0,34.0,27.0,11.0,9.0,0.0,1.0,4.0,5.0,57.0,35.0,21.0,7.0,8.0,8.0,12.0
2020-807,Acapulco,Hard,32,500,O,20200224,18,KF17,,,Soonwoo Kwon,R,180.0,KOR,22.229,76.0,732.0,L987,8.0,,Dusan Lajovic,R,183.0,SRB,29.654,24.0,1670.0,7-6(2) 6-0,3,R16,87.0,1.0,7.0,66.0,38.0,30.0,12.0,9.0,4.0,6.0,1.0,2.0,56.0,41.0,21.0,5.0,9.0,4.0,9.0
2020-807,Acapulco,Hard,32,500,O,20200224,19,D875,7.0,,Grigor Dimitrov,R,191.0,BUL,28.778,22.0,1682.0,ME82,,,Adrian Mannarino,L,180.0,FRA,31.655,42.0,1086.0,6-7(8) 6-2 7-6(2),3,R16,164.0,1.0,5.0,114.0,68.0,46.0,24.0,16.0,5.0,8.0,4.0,3.0,99.0,62.0,41.0,18.0,16.0,5.0,10.0
2020-807,Acapulco,Hard,32,500,O,20200224,20,I186,5.0,,John Isner,R,208.0,USA,34.831,20.0,1760.0,GC88,,Q,Marcos Giron,R,180.0,USA,26.587,115.0,498.0,6-3 7-6(4),3,R16,92.0,28.0,7.0,81.0,62.0,52.0,6.0,11.0,5.0,5.0,9.0,2.0,64.0,40.0,32.0,14.0,10.0,4.0,5.0
2020-807,Acapulco,Hard,32,500,O,20200224,21,E831,,,Kyle Edmund,R,188.0,GBR,25.128,44.0,1085.0,AG37,4.0,,Felix Auger-Aliassime,R,193.0,CAN,19.546,19.0,1771.0,6-4 6-4,3,R16,102.0,1.0,3.0,61.0,34.0,27.0,16.0,10.0,2.0,2.0,13.0,6.0,70.0,45.0,31.0,10.0,10.0,6.0,8.0
2020-807,Acapulco,Hard,32,500,O,20200224,22,W367,3.0,,Stan Wawrinka,R,183.0,SUI,34.91,16.0,2060.0,MO44,,SE,Pedro Martinez,R,185.0,ESP,22.831,113.0,504.0,6-4 6-4,3,R16,90.0,9.0,3.0,53.0,29.0,26.0,8.0,10.0,0.0,2.0,2.0,2.0,69.0,39.0,26.0,9.0,10.0,6.0,10.0
2020-807,Acapulco,Hard,32,500,O,20200224,23,PL56,,Q,Tommy Paul,R,185.0,USA,22.773,66.0,792.0,Z355,2.0,,Alexander Zverev,R,198.0,GER,22.847,7.0,3885.0,6-3 6-4,3,R16,88.0,5.0,0.0,69.0,45.0,34.0,13.0,10.0,4.0,4.0,3.0,9.0,59.0,32.0,27.0,11.0,9.0,6.0,8.0
2020-807,Acapulco,Hard,32,500,O,20200224,24,N409,1.0,,Rafael Nadal,L,185.0,ESP,33.728,2.0,9395.0,KI95,,,Miomir Kecmanovic,R,183.0,SRB,20.485,50.0,1003.0,6-2 7-5,3,R16,95.0,3.0,3.0,59.0,32.0,26.0,12.0,10.0,1.0,3.0,3.0,2.0,52.0,28.0,15.0,11.0,10.0,1.0,6.0
2020-807,Acapulco,Hard,32,500,O,20200224,25,FB98,,,Taylor Fritz,R,196.0,USA,22.324,35.0,1255.0,E831,,,Kyle Edmund,R,188.0,GBR,25.128,44.0,1085.0,6-4 6-3,3,QF,94.0,11.0,2.0,70.0,39.0,29.0,11.0,10.0,6.0,9.0,5.0,3.0,65.0,38.0,22.0,11.0,9.0,7.0,12.0
2020-807,Acapulco,Hard,32,500,O,20200224,26,I186,5.0,,John Isner,R,208.0,USA,34.831,20.0,1760.0,PL56,,Q,Tommy Paul,R,185.0,USA,22.773,66.0,792.0,7-6(3) 3-6 6-2,3,QF,119.0,22.0,4.0,80.0,60.0,49.0,10.0,14.0,3.0,4.0,3.0,0.0,99.0,66.0,43.0,20.0,15.0,3.0,5.0
2020-807,Acapulco,Hard,32,500,O,20200224,27,D875,7.0,,Grigor Dimitrov,R,191.0,BUL,28.778,22.0,1682.0,W367,3.0,,Stan Wawrinka,R,183.0,SUI,34.91,16.0,2060.0,6-4 6-4,3,QF,84.0,1.0,3.0,62.0,47.0,34.0,7.0,10.0,3.0,4.0,3.0,1.0,53.0,32.0,23.0,7.0,10.0,3.0,6.0
2020-807,Acapulco,Hard,32,500,O,20200224,28,N409,1.0,,Rafael Nadal,L,185.0,ESP,33.728,2.0,9395.0,KF17,,,Soonwoo Kwon,R,180.0,KOR,22.229,76.0,732.0,6-2 6-1,3,QF,91.0,5.0,2.0,57.0,32.0,24.0,16.0,8.0,8.0,8.0,0.0,3.0,47.0,25.0,15.0,8.0,7.0,2.0,6.0
2020-807,Acapulco,Hard,32,500,O,20200224,29,FB98,,,Taylor Fritz,R,196.0,USA,22.324,35.0,1255.0,I186,5.0,,John Isner,R,208.0,USA,34.831,20.0,1760.0,2-6 7-5 6-3,3,SF,101.0,15.0,4.0,83.0,51.0,41.0,14.0,15.0,5.0,8.0,13.0,7.0,81.0,51.0,37.0,14.0,14.0,2.0,5.0
2020-807,Acapulco,Hard,32,500,O,20200224,30,N409,1.0,,Rafael Nadal,L,185.0,ESP,33.728,2.0,9395.0,D875,7.0,,Grigor Dimitrov,R,191.0,BUL,28.778,22.0,1682.0,6-3 6-2,3,SF,103.0,4.0,3.0,65.0,41.0,28.0,9.0,9.0,4.0,6.0,2.0,1.0,46.0,33.0,16.0,5.0,8.0,1.0,6.0
2020-807,Acapulco,Hard,32,500,O,20200224,31,N409,1.0,,Rafael Nadal,L,185.0,ESP,33.728,2.0,9395.0,FB98,,,Taylor Fritz,R,196.0,USA,22.324,35.0,1255.0,6-3 6-2,3,F,74.0,1.0,2.0,46.0,29.0,24.0,13.0,9.0,1.0,1.0,10.0,0.0,47.0,30.0,21.0,6.0,8.0,4.0,7.0
2020-8996,Santiago,Clay,28,250,O,20200224,1,V836,,LL,Juan Pablo Varillas,R,185.0,PER,24.386,146.0,380.0,HA28,,Q,Filip Horansky,R,191.0,SVK,27.129,164.0,296.0,6-4 6-2,3,R32,70.0,2.0,0.0,49.0,27.0,21.0,12.0,9.0,3.0,4.0,3.0,1.0,49.0,24.0,15.0,13.0,9.0,2.0,6.0
2020-8996,Santiago,Clay,28,250,O,20200224,2,TE30,,WC,Alejandro Tabilo,L,188.0,CHI,22.73,166.0,290.0,L503,,,Paolo Lorenzi,R,183.0,ITA,38.193,121.0,446.0,6-3 6-4,3,R32,95.0,7.0,0.0,66.0,48.0,35.0,9.0,10.0,4.0,5.0,1.0,3.0,63.0,36.0,24.0,12.0,9.0,6.0,9.0
2020-8996,Santiago,Clay,28,250,O,20200224,3,SX91,,WC,Thiago Seyboth Wild,R,185.0,BRA,19.959,182.0,277.0,BF23,,,Facundo Bagnis,L,183.0,ARG,29.99,131.0,409.0,6-1 3-6 6-1,3,R32,106.0,7.0,3.0,79.0,50.0,40.0,15.0,12.0,7.0,8.0,7.0,2.0,62.0,35.0,24.0,13.0,11.0,2.0,6.0
2020-8996,Santiago,Clay,28,250,O,20200224,4,O376,,Q,Renzo Olivo,R,178.0,ARG,27.945,297.0,139.0,S483,,,Pedro Sousa,R,180.0,POR,31.745,108.0,522.0,4-6 6-3 6-4,3,R32,120.0,3.0,5.0,90.0,49.0,34.0,24.0,15.0,5.0,8.0,1.0,4.0,90.0,62.0,41.0,15.0,14.0,9.0,13.0
2020-8996,Santiago,Clay,28,250,O,20200224,5,DH50,,,Alejandro Davidovich Fokina,R,180.0,ESP,20.723,98.0,611.0,MF35,,,Andrej Martin,R,183.0,SVK,30.428,95.0,629.0,2-6 7-6(5) 6-3,3,R32,152.0,3.0,3.0,117.0,76.0,53.0,19.0,15.0,8.0,11.0,2.0,4.0,108.0,63.0,42.0,26.0,14.0,9.0,11.0
2020-8996,Santiago,Clay,28,250,O,20200224,6,CE25,,,Salvatore Caruso,R,185.0,ITA,27.192,100.0,600.0,KC04,,,Jozef Kovalik,R,183.0,SVK,27.305,120.0,447.0,6-2 6-3,3,R32,79.0,0.0,0.0,42.0,35.0,28.0,5.0,8.0,2.0,2.0,4.0,7.0,67.0,26.0,17.0,17.0,9.0,7.0,11.0
2020-8996,Santiago,Clay,28,250,O,20200224,7,CF59,,,Roberto Carballes Baena,R,183.0,ESP,26.924,97.0,614.0,MU94,,,Jaume Munar,R,183.0,ESP,22.806,105.0,548.0,6-4 4-6 6-4,3,R32,158.0,0.0,4.0,93.0,73.0,45.0,11.0,15.0,6.0,10.0,1.0,3.0,109.0,69.0,45.0,18.0,15.0,9.0,14.0
2020-8996,Santiago,Clay,28,250,O,20200224,8,BS86,,WC,Tomas Barrios Vera,R,191.0,CHI,22.207,300.0,134.0,TE16,,Q,Carlos Taberner,R,183.0,ESP,22.546,175.0,281.0,4-6 6-4 6-2,3,R32,130.0,5.0,2.0,89.0,49.0,41.0,20.0,14.0,5.0,7.0,3.0,3.0,88.0,56.0,38.0,16.0,14.0,6.0,10.0
2020-8996,Santiago,Clay,28,250,O,20200224,9,MJ08,8.0,,Thiago Monteiro,L,183.0,BRA,25.736,88.0,669.0,MD56,,,Leonardo Mayer,R,191.0,ARG,32.78,111.0,509.0,6-7(0) 6-3 6-4,3,R32,151.0,9.0,4.0,100.0,69.0,55.0,14.0,16.0,5.0,5.0,2.0,5.0,103.0,61.0,41.0,25.0,15.0,6.0,8.0
2020-8996,Santiago,Clay,28,250,O,20200224,10,D874,7.0,,Federico Delbonis,L,193.0,ARG,29.388,85.0,676.0,K966,,Q,Martin Klizan,L,191.0,SVK,30.623,158.0,315.0,6-1 7-6(5),3,R32,97.0,4.0,4.0,72.0,51.0,36.0,11.0,10.0,6.0,8.0,3.0,2.0,59.0,35.0,22.0,11.0,9.0,3.0,7.0
2020-8996,Santiago,Clay,28,250,O,20200224,11,DA31,6.0,,Hugo Dellien,R,180.0,BOL,26.691,94.0,638.0,CF01,,,Marco Cecchinato,R,185.0,ITA,27.4,112.0,508.0,6-3 1-6 6-3,3,R32,104.0,1.0,1.0,77.0,68.0,49.0,4.0,13.0,3.0,5.0,10.0,7.0,87.0,52.0,39.0,16.0,12.0,4.0,6.0
2020-8996,Santiago,Clay,28,250,O,20200224,12,LB84,5.0,,Juan Ignacio Londero,R,180.0,ARG,26.527,63.0,832.0,CE77,,,Federico Coria,R,180.0,ARG,27.962,104.0,569.0,6-4 6-2,3,R32,75.0,2.0,3.0,56.0,33.0,26.0,13.0,9.0,3.0,4.0,3.0,3.0,58.0,35.0,21.0,9.0,9.0,8.0,12.0
2020-8996,Santiago,Clay,28,250,O,20200224,13,MJ08,8.0,,Thiago Monteiro,L,183.0,BRA,25.736,88.0,669.0,CF59,,,Roberto Carballes Baena,R,183.0,ESP,26.924,97.0,614.0,6-1 6-4,3,R16,83.0,8.0,1.0,57.0,37.0,29.0,12.0,9.0,3.0,3.0,3.0,1.0,47.0,33.0,21.0,7.0,8.0,1.0,4.0
2020-8996,Santiago,Clay,28,250,O,20200224,14,D874,7.0,,Federico Delbonis,L,193.0,ARG,29.388,85.0,676.0,CE25,,,Salvatore Caruso,R,185.0,ITA,27.192,100.0,600.0,7-6(1) 6-3,3,R16,105.0,4.0,4.0,80.0,52.0,36.0,14.0,11.0,8.0,10.0,2.0,6.0,65.0,48.0,31.0,6.0,10.0,3.0,6.0
2020-8996,Santiago,Clay,28,250,O,20200224,15,DA31,6.0,,Hugo Dellien,R,180.0,BOL,26.691,94.0,638.0,BS86,,WC,Tomas Barrios Vera,R,191.0,CHI,22.207,300.0,134.0,6-3 7-6(2),3,R16,108.0,5.0,4.0,69.0,45.0,28.0,15.0,11.0,2.0,4.0,5.0,3.0,81.0,45.0,27.0,16.0,10.0,9.0,12.0
2020-8996,Santiago,Clay,28,250,O,20200224,16,SX91,,WC,Thiago Seyboth Wild,R,185.0,BRA,19.959,182.0,277.0,LB84,5.0,,Juan Ignacio Londero,R,180.0,ARG,26.527,63.0,832.0,7-6(7) 6-4,3,R16,105.0,5.0,5.0,70.0,43.0,37.0,15.0,11.0,3.0,3.0,0.0,3.0,76.0,38.0,28.0,24.0,11.0,5.0,6.0
2020-8996,Santiago,Clay,28,250,O,20200224,17,O376,,Q,Renzo Olivo,R,178.0,ARG,27.945,297.0,139.0,C882,4.0,,Pablo Cuevas,R,180.0,URU,34.146,60.0,857.0,5-7 7-6(5) 7-6(8),3,R16,203.0,2.0,10.0,120.0,66.0,49.0,22.0,18.0,5.0,10.0,6.0,9.0,141.0,73.0,48.0,34.0,18.0,9.0,13.0
2020-8996,Santiago,Clay,28,250,O,20200224,18,R772,3.0,,Albert Ramos-Vinolas,L,188.0,ESP,32.104,45.0,1085.0,V836,,LL,Juan Pablo Varillas,R,185.0,PER,24.386,146.0,380.0,7-6(3) 6-2,3,R16,98.0,2.0,0.0,60.0,40.0,27.0,16.0,10.0,1.0,2.0,1.0,0.0,60.0,34.0,22.0,14.0,10.0,2.0,5.0
2020-8996,Santiago,Clay,28,250,O,20200224,19,RH16,2.0,,Casper Ruud,R,183.0,NOR,21.175,38.0,1219.0,TE30,,WC,Alejandro Tabilo,L,188.0,CHI,22.73,166.0,290.0,6-4 7-5,3,R16,90.0,7.0,3.0,66.0,52.0,40.0,4.0,11.0,3.0,4.0,2.0,2.0,65.0,36.0,24.0,16.0,11.0,3.0,6.0
2020-8996,Santiago,Clay,28,250,O,20200224,20,GD64,1.0,,Cristian Garin,R,185.0,CHI,23.737,18.0,2005.0,DH50,,,Alejandro Davidovich Fokina,R,180.0,ESP,20.723,98.0,611.0,6-2 0-6 7-6(4),3,R16,120.0,3.0,6.0,104.0,61.0,35.0,18.0,13.0,6.0,13.0,0.0,11.0,84.0,55.0,34.0,10.0,13.0,1.0,7.0
2020-8996,Santiago,Clay,28,250,O,20200224,21,O376,,Q,Renzo Olivo,R,178.0,ARG,27.945,297.0,139.0,DA31,6.0,,Hugo Dellien,R,180.0,BOL,26.691,94.0,638.0,3-6 7-6(5) 7-5,3,QF,170.0,0.0,5.0,117.0,77.0,48.0,18.0,16.0,6.0,11.0,0.0,1.0,109.0,89.0,55.0,9.0,17.0,3.0,8.0
2020-8996,Santiago,Clay,28,250,O,20200224,22,R772,3.0,,Albert Ramos-Vinolas,L,188.0,ESP,32.104,45.0,1085.0,MJ08,8.0,,Thiago Monteiro,L,183.0,BRA,25.736,88.0,669.0,6-4 6-4,3,QF,101.0,2.0,2.0,62.0,43.0,30.0,10.0,10.0,2.0,3.0,7.0,2.0,58.0,30.0,20.0,16.0,10.0,3.0,6.0
2020-8996,Santiago,Clay,28,250,O,20200224,23,RH16,2.0,,Casper Ruud,R,183.0,NOR,21.175,38.0,1219.0,D874,7.0,,Federico Delbonis,L,193.0,ARG,29.388,85.0,676.0,7-5 7-5,3,QF,123.0,5.0,3.0,84.0,55.0,39.0,13.0,12.0,5.0,7.0,4.0,3.0,78.0,42.0,30.0,15.0,12.0,4.0,8.0
2020-8996,Santiago,Clay,28,250,O,20200224,24,SX91,,WC,Thiago Seyboth Wild,R,185.0,BRA,19.959,182.0,277.0,GD64,1.0,,Cristian Garin,R,185.0,CHI,23.737,18.0,2005.0,7-6(1) RET,3,QF,62.0,3.0,2.0,38.0,24.0,17.0,7.0,6.0,2.0,4.0,3.0,4.0,57.0,39.0,23.0,6.0,6.0,1.0,3.0
2020-8996,Santiago,Clay,28,250,O,20200224,25,SX91,,WC,Thiago Seyboth Wild,R,185.0,BRA,19.959,182.0,277.0,O376,,Q,Renzo Olivo,R,178.0,ARG,27.945,297.0,139.0,6-1 6-3,3,SF,79.0,0.0,0.0,51.0,33.0,24.0,11.0,8.0,3.0,3.0,2.0,4.0,61.0,40.0,23.0,7.0,8.0,10.0,14.0
2020-8996,Santiago,Clay,28,250,O,20200224,26,RH16,2.0,,Casper Ruud,R,183.0,NOR,21.175,38.0,1219.0,R772,3.0,,Albert Ramos-Vinolas,L,188.0,ESP,32.104,45.0,1085.0,7-6(5) 6-2,3,SF,110.0,5.0,4.0,65.0,37.0,32.0,16.0,10.0,0.0,0.0,1.0,0.0,68.0,45.0,26.0,15.0,10.0,6.0,8.0
2020-8996,Santiago,Clay,28,250,O,20200224,27,SX91,,WC,Thiago Seyboth Wild,R,185.0,BRA,19.959,182.0,277.0,RH16,2.0,,Casper Ruud,R,183.0,NOR,21.175,38.0,1219.0,7-5 4-6 6-3,3,F,136.0,17.0,3.0,104.0,63.0,45.0,22.0,16.0,8.0,11.0,4.0,5.0,80.0,43.0,31.0,18.0,15.0,3.0,7.0
2020-M-DC-2020-QLS-M-ARG-COL-01,Davis Cup QLS R1: ARG vs COL,Clay,4,D,,20200306,1,GE33,,,Daniel Elahi Galan,R,191.0,COL,23.715,148.0,379.0,MD56,,,Leonardo Mayer,R,191.0,ARG,32.81,118.0,464.0,6-1 6-4,3,RR,68.0,3.0,2.0,42.0,28.0,22.0,8.0,9.0,1.0,3.0,0.0,5.0,49.0,25.0,16.0,7.0,8.0,2.0,7.0
2020-M-DC-2020-QLS-M-ARG-COL-01,Davis Cup QLS R1: ARG vs COL,Clay,4,D,,20200306,2,LB84,,,Juan Ignacio Londero,R,180.0,ARG,26.557,62.0,832.0,G725,,,Santiago Giraldo,R,188.0,COL,32.274,292.0,140.0,6-7(6) 6-3 6-2,3,RR,138.0,5.0,6.0,82.0,48.0,40.0,17.0,15.0,2.0,4.0,4.0,4.0,111.0,64.0,43.0,20.0,14.0,9.0,15.0
2020-M-DC-2020-QLS-M-ARG-COL-01,Davis Cup QLS R1: ARG vs COL,Clay,4,D,,20200306,3,GE33,,,Daniel Elahi Galan,R,191.0,COL,23.715,148.0,379.0,LB84,,,Juan Ignacio Londero,R,180.0,ARG,26.557,62.0,832.0,6-3 6-4,3,RR,75.0,11.0,0.0,50.0,30.0,25.0,17.0,10.0,1.0,1.0,0.0,3.0,59.0,33.0,25.0,12.0,9.0,1.0,3.0
2020-M-DC-2020-QLS-M-AUS-BRA-01,Davis Cup QLS R1: AUS vs BRA,Hard,4,D,,20200306,1,TC61,,,Jordan Thompson,R,183.0,AUS,25.878,63.0,823.0,MJ08,,,Thiago Monteiro,L,183.0,BRA,25.766,82.0,699.0,6-4 6-4,3,RR,84.0,5.0,0.0,53.0,43.0,32.0,6.0,10.0,0.0,1.0,3.0,1.0,57.0,41.0,28.0,6.0,10.0,1.0,4.0
2020-M-DC-2020-QLS-M-AUS-BRA-01,Davis Cup QLS R1: AUS vs BRA,Hard,4,D,,20200306,2,MH30,,,John Millman,R,183.0,AUS,30.727,43.0,1071.0,SX91,,,Thiago Seyboth Wild,R,185.0,BRA,19.989,113.0,507.0,4-6 7-6(0) 6-2,3,RR,171.0,6.0,0.0,98.0,67.0,50.0,14.0,15.0,9.0,12.0,5.0,6.0,109.0,65.0,45.0,17.0,15.0,12.0,16.0
2020-M-DC-2020-QLS-M-AUS-BRA-01,Davis Cup QLS R1: AUS vs BRA,Hard,4,D,,20200306,3,MH30,,,John Millman,R,183.0,AUS,30.727,43.0,1071.0,MJ08,,,Thiago Monteiro,L,183.0,BRA,25.766,82.0,699.0,6-7(6) 7-6(3) 7-6(3),3,RR,185.0,10.0,3.0,104.0,64.0,57.0,24.0,18.0,2.0,3.0,17.0,1.0,126.0,87.0,65.0,22.0,18.0,9.0,10.0
2020-M-DC-2020-QLS-M-AUT-URU-01,Davis Cup QLS R1: AUT vs URU,Hard,4,D,,20200306,1,DB59,,,Dennis Novak,R,183.0,AUT,26.522,85.0,686.0,CC98,,,Martin Cuevas,R,191.0,URU,28.142,487.0,61.0,6-2 6-4,3,RR,78.0,6.0,1.0,49.0,34.0,26.0,11.0,9.0,1.0,1.0,3.0,4.0,78.0,49.0,33.0,10.0,9.0,14.0,17.0
2020-M-DC-2020-QLS-M-AUT-URU-01,Davis Cup QLS R1: AUT vs URU,Hard,4,D,,20200306,2,C882,,,Pablo Cuevas,R,180.0,URU,34.177,60.0,857.0,R09X,,,Jurij Rodionov,L,191.0,AUT,20.808,168.0,307.0,6-7(7) 6-3 7-6(5),3,RR,169.0,12.0,2.0,105.0,75.0,61.0,17.0,17.0,0.0,0.0,9.0,3.0,118.0,84.0,61.0,16.0,16.0,5.0,6.0
2020-M-DC-2020-QLS-M-AUT-URU-01,Davis Cup QLS R1: AUT vs URU,Hard,4,D,,20200306,3,DB59,,,Dennis Novak,R,183.0,AUT,26.522,85.0,686.0,C882,,,Pablo Cuevas,R,180.0,URU,34.177,60.0,857.0,2-6 6-3 6-4,3,RR,99.0,5.0,2.0,72.0,47.0,35.0,17.0,14.0,2.0,4.0,8.0,2.0,76.0,51.0,40.0,11.0,13.0,6.0,8.0
2020-M-DC-2020-QLS-M-BEL-HUN-01,Davis Cup QLS R1: BEL vs HUN,Clay,4,D,,20200306,1,BE54,,,Ruben Bemelmans,L,183.0,BEL,32.142,222.0,215.0,BD80,,,Attila Balazs,R,180.0,HUN,31.439,76.0,715.0,5-7 7-6(4) 6-4,3,RR,155.0,7.0,2.0,103.0,68.0,53.0,19.0,17.0,3.0,5.0,6.0,5.0,100.0,53.0,38.0,31.0,17.0,4.0,6.0
2020-M-DC-2020-QLS-M-BEL-HUN-01,Davis Cup QLS R1: BEL vs HUN,Clay,4,D,,20200306,2,F724,,,Marton Fucsovics,R,188.0,HUN,28.074,84.0,692.0,CG33,,,Kimmer Coppejans,R,178.0,BEL,26.075,154.0,343.0,6-2 5-7 6-4,3,RR,159.0,3.0,1.0,95.0,50.0,32.0,24.0,15.0,6.0,9.0,3.0,0.0,96.0,59.0,35.0,20.0,15.0,1.0,6.0
2020-M-DC-2020-QLS-M-BEL-HUN-01,Davis Cup QLS R1: BEL vs HUN,Clay,4,D,,20200306,3,BD80,,,Attila Balazs,R,180.0,HUN,31.439,76.0,715.0,CG33,,,Kimmer Coppejans,R,178.0,BEL,26.075,154.0,343.0,6-3 6-0,3,RR,80.0,3.0,5.0,54.0,30.0,22.0,14.0,8.0,3.0,3.0,0.0,1.0,41.0,21.0,14.0,7.0,7.0,3.0,7.0
2020-M-DC-2020-QLS-M-BEL-HUN-01,Davis Cup QLS R1: BEL vs HUN,Clay,4,D,,20200306,4,F724,,,Marton Fucsovics,R,188.0,HUN,28.074,84.0,692.0,BE54,,,Ruben Bemelmans,L,183.0,BEL,32.142,222.0,215.0,6-7(7) 6-4 6-2,3,RR,140.0,8.0,1.0,84.0,53.0,45.0,22.0,15.0,0.0,0.0,5.0,0.0,109.0,73.0,47.0,20.0,15.0,8.0,11.0
2020-M-DC-2020-QLS-M-CRO-IND-01,Davis Cup QLS R1: CRO vs IND,Hard,4,D,,20200306,1,GH92,,,Borna Gojo,R,196.0,CRO,22.021,277.0,162.0,GA94,,,Prajnesh Gunneswaran,L,188.0,IND,30.313,132.0,405.0,3-6 6-4 6-2,3,RR,117.0,9.0,4.0,96.0,59.0,44.0,15.0,14.0,6.0,9.0,3.0,0.0,85.0,60.0,41.0,13.0,13.0,10.0,14.0
2020-M-DC-2020-QLS-M-CRO-IND-01,Davis Cup QLS R1: CRO vs IND,Hard,4,D,,20200306,2,C977,,,Marin Cilic,R,198.0,CRO,31.436,37.0,1225.0,RB56,,,Ramkumar Ramanathan,R,188.0,IND,25.325,182.0,278.0,7-6(8) 7-6(8),3,RR,132.0,18.0,1.0,78.0,48.0,41.0,23.0,12.0,2.0,2.0,6.0,2.0,91.0,60.0,43.0,21.0,12.0,2.0,2.0
2020-M-DC-2020-QLS-M-CRO-IND-01,Davis Cup QLS R1: CRO vs IND,Hard,4,D,,20200306,3,C977,,,Marin Cilic,R,198.0,CRO,31.436,37.0,1225.0,N897,,,Sumit Nagal,R,178.0,IND,22.554,127.0,423.0,6-0 6-1,3,RR,56.0,8.0,0.0,37.0,21.0,17.0,12.0,7.0,1.0,1.0,0.0,2.0,36.0,19.0,9.0,4.0,6.0,6.0,11.0
2020-M-DC-2020-QLS-M-CZE-SVK-01,Davis Cup QLS R1: CZE vs SVK,Clay,4,D,,20200306,1,V708,,,Jiri Vesely,L,198.0,CZE,26.656,64.0,785.0,KC04,,,Jozef Kovalik,R,183.0,SVK,27.335,121.0,447.0,6-3 7-5,3,RR,94.0,8.0,0.0,52.0,41.0,33.0,5.0,11.0,0.0,1.0,2.0,3.0,68.0,32.0,18.0,19.0,10.0,4.0,8.0
2020-M-DC-2020-QLS-M-CZE-SVK-01,Davis Cup QLS R1: CZE vs SVK,Clay,4,D,,20200306,2,R685,,,Lukas Rosol,R,193.0,CZE,34.617,179.0,285.0,MF35,,,Andrej Martin,R,183.0,SVK,30.459,95.0,629.0,6-4 6-4,3,RR,88.0,3.0,1.0,64.0,47.0,32.0,10.0,10.0,3.0,4.0,3.0,3.0,63.0,36.0,26.0,12.0,10.0,5.0,8.0
2020-M-DC-2020-QLS-M-CZE-SVK-01,Davis Cup QLS R1: CZE vs SVK,Clay,4,D,,20200306,3,V708,,,Jiri Vesely,L,198.0,CZE,26.656,64.0,785.0,MF35,,,Andrej Martin,R,183.0,SVK,30.459,95.0,629.0,4-6 7-5 7-5,3,RR,167.0,6.0,2.0,99.0,65.0,45.0,19.0,17.0,2.0,5.0,3.0,2.0,115.0,83.0,52.0,18.0,17.0,10.0,14.0
2020-M-DC-2020-QLS-M-GER-BLR-01,Davis Cup QLS R1: GER vs BLR,Hard,4,D,,20200306,1,SL28,,,Jan-Lennard Struff,R,193.0,GER,29.864,34.0,1315.0,I305,,,Ilya Ivashka,R,193.0,BLR,26.029,138.0,396.0,6-4 6-4,3,RR,79.0,18.0,4.0,71.0,39.0,34.0,16.0,10.0,5.0,5.0,8.0,1.0,53.0,41.0,32.0,4.0,10.0,2.0,4.0
2020-M-DC-2020-QLS-M-GER-BLR-01,Davis Cup QLS R1: GER vs BLR,Hard,4,D,,20200306,2,GC89,,,Egor Gerasimov,R,196.0,BLR,27.316,68.0,744.0,K435,,,Philipp Kohlschreiber,R,178.0,GER,36.389,73.0,729.0,4-6 7-5 7-6(3),3,RR,158.0,20.0,5.0,109.0,85.0,66.0,10.0,17.0,4.0,5.0,3.0,2.0,123.0,79.0,52.0,27.0,17.0,6.0,7.0
2020-M-DC-2020-QLS-M-GER-BLR-01,Davis Cup QLS R1: GER vs BLR,Hard,4,D,,20200306,3,SL28,,,Jan-Lennard Struff,R,193.0,GER,29.864,34.0,1315.0,GC89,,,Egor Gerasimov,R,196.0,BLR,27.316,68.0,744.0,6-3 6-2,3,RR,58.0,12.0,1.0,48.0,27.0,22.0,13.0,9.0,1.0,2.0,1.0,5.0,50.0,34.0,22.0,4.0,8.0,5.0,9.0
2020-M-DC-2020-QLS-M-GER-BLR-01,Davis Cup QLS R1: GER vs BLR,Hard,4,D,,20200306,4,KE73,,,Dominik Koepfer,L,180.0,GER,25.854,92.0,643.0,O0BR,,,Daniil Ostapenkov,R,,BLR,16.83,,,6-0 6-2,3,RR,46.0,3.0,1.0,41.0,23.0,18.0,12.0,7.0,2.0,2.0,0.0,5.0,40.0,20.0,11.0,4.0,7.0,5.0,10.0
2020-M-DC-2020-QLS-M-JPN-ECU-01,Davis Cup QLS R1: JPN vs ECU,Hard,4,D,,20200306,1,GA36,,,Emilio Gomez,R,185.0,ECU,28.271,151.0,365.0,SC47,,,Go Soeda,R,178.0,JPN,35.499,117.0,480.0,7-5 7-6(3),3,RR,113.0,5.0,4.0,83.0,48.0,35.0,18.0,12.0,4.0,7.0,2.0,1.0,75.0,43.0,26.0,16.0,12.0,7.0,11.0
2020-M-DC-2020-QLS-M-JPN-ECU-01,Davis Cup QLS R1: JPN vs ECU,Hard,4,D,,20200306,2,Q941,,,Roberto Quiroz,L,193.0,ECU,28.033,276.0,163.0,U134,,,Yasutaka Uchiyama,R,183.0,JPN,27.584,90.0,669.0,7-6(4) 2-6 7-6(8),3,RR,151.0,16.0,2.0,123.0,81.0,63.0,22.0,16.0,7.0,9.0,9.0,1.0,105.0,71.0,56.0,22.0,16.0,6.0,6.0
2020-M-DC-2020-QLS-M-KAZ-NED-01,Davis Cup QLS R1: KAZ vs NED,Hard,4,D,,20200306,1,H756,,,Robin Haase,R,191.0,NED,32.917,169.0,305.0,K926,,,Mikhail Kukushkin,R,183.0,KAZ,32.194,91.0,661.0,6-4 6-7(2) 6-3,3,RR,148.0,10.0,3.0,96.0,55.0,42.0,21.0,16.0,2.0,4.0,6.0,1.0,90.0,55.0,38.0,20.0,15.0,6.0,10.0
2020-M-DC-2020-QLS-M-KAZ-NED-01,Davis Cup QLS R1: KAZ vs NED,Hard,4,D,,20200306,2,BK92,,,Alexander Bublik,R,196.0,KAZ,22.719,51.0,965.0,GJ37,,,Tallon Griekspoor,R,188.0,NED,23.677,196.0,256.0,7-6(4) 7-6(4),3,RR,118.0,8.0,5.0,75.0,45.0,39.0,13.0,12.0,3.0,5.0,3.0,6.0,99.0,57.0,39.0,20.0,12.0,8.0,10.0
2020-M-DC-2020-QLS-M-KAZ-NED-01,Davis Cup QLS R1: KAZ vs NED,Hard,4,D,,20200306,3,BK92,,,Alexander Bublik,R,196.0,KAZ,22.719,51.0,965.0,H756,,,Robin Haase,R,191.0,NED,32.917,169.0,305.0,7-6(4) 6-1,3,RR,78.0,6.0,3.0,64.0,40.0,32.0,14.0,10.0,4.0,4.0,2.0,2.0,71.0,47.0,33.0,9.0,9.0,5.0,8.0
2020-M-DC-2020-QLS-M-SWE-CHI-01,Davis Cup QLS R1: SWE vs CHI,Hard,4,D,,20200306,1,Y268,,,Mikael Ymer,R,185.0,SWE,21.489,67.0,759.0,BS86,,,Tomas Barrios Vera,R,191.0,CHI,22.237,282.0,154.0,6-2 6-3,3,RR,81.0,7.0,4.0,76.0,42.0,34.0,15.0,9.0,8.0,8.0,3.0,0.0,46.0,28.0,19.0,6.0,8.0,1.0,4.0
2020-M-DC-2020-QLS-M-SWE-CHI-01,Davis Cup QLS R1: SWE vs CHI,Hard,4,D,,20200306,2,TE30,,,Alejandro Tabilo,L,188.0,CHI,22.76,173.0,290.0,Y218,,,Elias Ymer,R,185.0,SWE,23.904,202.0,247.0,6-4 6-3,3,RR,75.0,8.0,0.0,58.0,35.0,28.0,15.0,10.0,1.0,1.0,7.0,1.0,54.0,30.0,22.0,12.0,9.0,4.0,6.0
2020-M-DC-2020-QLS-M-SWE-CHI-01,Davis Cup QLS R1: SWE vs CHI,Hard,4,D,,20200306,3,Y268,,,Mikael Ymer,R,185.0,SWE,21.489,67.0,759.0,TE30,,,Alejandro Tabilo,L,188.0,CHI,22.76,173.0,290.0,3-6 7-5 6-3,3,RR,125.0,9.0,3.0,86.0,60.0,45.0,12.0,15.0,4.0,7.0,5.0,3.0,96.0,62.0,42.0,17.0,15.0,6.0,10.0
2020-M-DC-2020-QLS-M-USA-UZB-01,Davis Cup QLS R1: USA vs UZB,Hard,4,D,,20200306,1,O522,,,Reilly Opelka,R,211.0,USA,22.522,38.0,1177.0,I165,,,Denis Istomin,R,185.0,UZB,33.495,156.0,339.0,6-2 7-5,3,RR,81.0,10.0,1.0,55.0,29.0,27.0,16.0,10.0,1.0,1.0,2.0,2.0,63.0,44.0,28.0,9.0,10.0,4.0,7.0
2020-M-DC-2020-QLS-M-USA-UZB-01,Davis Cup QLS R1: USA vs UZB,Hard,4,D,,20200306,2,FB98,,,Taylor Fritz,R,196.0,USA,22.355,24.0,1510.0,F786,,,Sanjar Fayziev,R,188.0,UZB,25.604,498.0,59.0,6-1 6-2,3,RR,65.0,9.0,2.0,50.0,28.0,22.0,14.0,8.0,3.0,3.0,2.0,3.0,55.0,35.0,18.0,9.0,7.0,5.0,9.0
2020-M-DC-2020-QLS-M-USA-UZB-01,Davis Cup QLS R1: USA vs UZB,Hard,4,D,,20200306,3,PL56,,,Tommy Paul,R,185.0,USA,22.804,57.0,894.0,I165,,,Denis Istomin,R,185.0,UZB,33.495,156.0,339.0,6-3 6-0,3,RR,55.0,3.0,3.0,41.0,20.0,15.0,10.0,8.0,1.0,2.0,0.0,1.0,54.0,40.0,18.0,5.0,7.0,5.0,11.0
2020-M-DC-2020-QLS-M-GEO-EST-01,Davis Cup G2 GEO vs EST,Hard,4,D,,20200306,1,BG23,,,Nikoloz Basilashvili,R,185.0,GEO,28.033,27.0,1395.0,I067,,,Vladimir Ivanov,R,,EST,32.906,732.0,24.0,6-4 6-1,3,RR,,,,,,,,,,,,,,,,,,,
2020-M-DC-2020-QLS-M-ITA-KOR-01,Davis Cup G2 ITA vs KOR,Clay,4,D,,20200306,1,F510,,,Fabio Fognini,R,178.0,ITA,32.786,11.0,2400.0,LE01,,,Duckhee Lee,R,170.0,KOR,21.771,251.0,193.0,6-0 6-3,3,RR,,,,,,,,,,,,,,,,,,,
2020-M-DC-2020-QLS-M-ITA-KOR-01,Davis Cup G2 ITA vs KOR,Clay,4,D,,20200306,2,TA12,,,Stefano Travaglia,R,185.0,ITA,28.189,86.0,684.0,CH90,,,Yun seong Chung,R,178.0,KOR,21.944,333.0,116.0,6-0 6-1,3,RR,,,,,,,,,,,,,,,,,,,
2020-M-DC-2020-QLS-M-ITA-KOR-01,Davis Cup G2 ITA vs KOR,Clay,4,D,,20200306,3,ML57,,,Gianluca Mager,R,188.0,ITA,25.262,79.0,711.0,N652,,,JiSung Nam,R,183.0,KOR,26.557,238.0,203.0,6-3 7-5,3,RR,,,,,,,,,,,,,,,,,,,
2020-M-DC-2020-WG1-PO-BIH-RSA-01,Davis Cup WG1 PO: BIH vs RSA,Hard,4,D,,20200306,1,D923,,,Damir Dzumhur,R,175.0,BIH,27.795,107.0,524.0,RA24,,,Ruan Roelofse,R,188.0,RSA,30.297,611.0,36.0,7-6(3) 7-5,3,RR,97.0,2.0,1.0,70.0,51.0,35.0,15.0,12.0,2.0,4.0,5.0,2.0,79.0,49.0,27.0,19.0,12.0,5.0,8.0
2020-M-DC-2020-WG1-PO-BIH-RSA-01,Davis Cup WG1 PO: BIH vs RSA,Hard,4,D,,20200306,2,HG86,,,Lloyd Harris,R,193.0,RSA,23.028,98.0,616.0,BE67,,,Mirza Basic,R,188.0,BIH,28.652,303.0,134.0,7-5 6-2,3,RR,78.0,10.0,2.0,55.0,34.0,27.0,12.0,10.0,1.0,2.0,4.0,1.0,68.0,47.0,29.0,10.0,10.0,4.0,8.0
2020-M-DC-2020-WG1-PO-BIH-RSA-01,Davis Cup WG1 PO: BIH vs RSA,Hard,4,D,,20200306,3,D923,,,Damir Dzumhur,R,175.0,BIH,27.795,107.0,524.0,HG86,,,Lloyd Harris,R,193.0,RSA,23.028,98.0,616.0,6-1 2-1 RET,3,RR,54.0,2.0,1.0,26.0,18.0,17.0,4.0,5.0,0.0,0.0,1.0,2.0,58.0,41.0,22.0,6.0,5.0,5.0,8.0
2020-M-DC-2020-WG1-PO-BOL-DOM-01,Davis Cup WG1 PO: BOL vs DOM,Clay,4,D,,20200306,1,DA31,,,Hugo Dellien,R,180.0,BOL,26.721,94.0,638.0,H896,,,Jose Hernandez-Fernandez,R,183.0,DOM,29.982,289.0,142.0,6-3 6-4,3,RR,88.0,3.0,2.0,58.0,42.0,33.0,6.0,10.0,2.0,4.0,1.0,1.0,60.0,46.0,26.0,7.0,9.0,6.0,10.0
2020-M-DC-2020-WG1-PO-BOL-DOM-01,Davis Cup WG1 PO: BOL vs DOM,Clay,4,D,,20200306,2,CF88,,,Roberto Cid Subervi,R,193.0,DOM,26.516,,,Z239,,,Federico Zeballos,R,185.0,BOL,31.767,543.0,50.0,6-3 6-4,3,RR,76.0,4.0,1.0,54.0,31.0,26.0,15.0,10.0,3.0,3.0,5.0,3.0,51.0,27.0,21.0,12.0,9.0,3.0,5.0
2020-M-DC-2020-WG1-PO-BOL-DOM-01,Davis Cup WG1 PO: BOL vs DOM,Clay,4,D,,20200306,3,DA31,,,Hugo Dellien,R,180.0,BOL,26.721,94.0,638.0,CF88,,,Roberto Cid Subervi,R,193.0,DOM,26.516,,,7-5 6-4,3,RR,124.0,3.0,1.0,89.0,64.0,45.0,11.0,11.0,12.0,13.0,4.0,7.0,76.0,42.0,33.0,11.0,11.0,8.0,11.0
2020-M-DC-2020-WG1-PO-LBN-THA-01,Davis Cup WG1 PO: LBN vs THA,Clay,4,D,,20200306,1,HG94,,,Benjamin Hassan,R,183.0,LBN,25.084,348.0,109.0,N831,,,Jirat Navasirisomboon,R,175.0,THA,23.299,1541.0,2.0,6-1 6-2,3,RR,57.0,2.0,1.0,43.0,26.0,19.0,12.0,8.0,3.0,3.0,0.0,3.0,50.0,26.0,10.0,12.0,7.0,1.0,6.0
2020-M-DC-2020-WG1-PO-LBN-THA-01,Davis Cup WG1 PO: LBN vs THA,Clay,4,D,,20200306,2,TB70,,,Wishaya Trongcharoenchaikul,R,,THA,24.912,623.0,35.0,I0AC,,,Hasan Ibrahim,,,GER,24.553,1507.0,2.0,7-6(8) 3-6 7-6(5),3,RR,137.0,11.0,2.0,107.0,62.0,47.0,24.0,17.0,4.0,6.0,1.0,2.0,112.0,82.0,60.0,18.0,16.0,7.0,8.0
2020-M-DC-2020-WG1-PO-LBN-THA-01,Davis Cup WG1 PO: LBN vs THA,Clay,4,D,,20200306,3,HG94,,,Benjamin Hassan,R,183.0,LBN,25.084,348.0,109.0,TB70,,,Wishaya Trongcharoenchaikul,R,,THA,24.912,623.0,35.0,6-2 6-0,3,RR,46.0,5.0,1.0,38.0,17.0,14.0,15.0,7.0,0.0,0.0,3.0,2.0,47.0,24.0,15.0,5.0,7.0,4.0,9.0
2020-M-DC-2020-WG1-PO-LTU-POR-01,Davis Cup WG1 PO: LTU vs POR,Hard,4,D,,20200306,1,SN54,,,Frederico Ferreira Silva,L,178.0,POR,24.969,190.0,268.0,GA71,,,Laurynas Grigelis,R,183.0,LTU,28.561,497.0,59.0,6-7(6) 6-3 6-0,3,RR,143.0,3.0,4.0,92.0,59.0,44.0,14.0,14.0,4.0,7.0,5.0,3.0,95.0,48.0,35.0,17.0,13.0,5.0,12.0
2020-M-DC-2020-WG1-PO-LTU-POR-01,Davis Cup WG1 PO: LTU vs POR,Hard,4,D,,20200306,2,SH90,,,Joao Sousa,R,185.0,POR,30.935,65.0,776.0,TC88,,,Julius Tverijonas,R,188.0,LTU,25.728,791.0,19.0,6-1 6-3,3,RR,65.0,8.0,2.0,52.0,37.0,28.0,8.0,8.0,1.0,1.0,2.0,3.0,53.0,29.0,20.0,8.0,8.0,4.0,8.0
2020-M-DC-2020-WG1-PO-LTU-POR-01,Davis Cup WG1 PO: LTU vs POR,Hard,4,D,,20200306,3,S483,,,Pedro Sousa,R,180.0,POR,31.775,110.0,522.0,GA71,,,Laurynas Grigelis,R,183.0,LTU,28.561,497.0,59.0,7-6(5) 5-7 [3-10],3,RR,95.0,9.0,5.0,79.0,49.0,38.0,18.0,12.0,5.0,7.0,6.0,1.0,92.0,60.0,44.0,14.0,12.0,5.0,6.0
2020-M-DC-2020-WG1-PO-MEX-FIN-01,Davis Cup WG1 PO: MEX vs FIN,Clay,4,D,,20200306,1,N754,,,Patrik Niklas-Salminen,L,188.0,FIN,23.003,418.0,81.0,SI82,,,Manuel Sanchez,R,,MEX,29.166,821.0,17.0,6-4 6-4,3,RR,84.0,5.0,4.0,56.0,33.0,29.0,14.0,10.0,3.0,3.0,1.0,7.0,66.0,43.0,30.0,11.0,10.0,4.0,6.0
2020-M-DC-2020-WG1-PO-MEX-FIN-01,Davis Cup WG1 PO: MEX vs FIN,Clay,4,D,,20200306,2,LG87,,,Gerardo Lopez Villasenor,R,191.0,MEX,24.819,522.0,54.0,V0AM,,,Otto Virtanen,R,193.0,FIN,18.708,719.0,24.0,6-3 6-7(5) 7-5,3,RR,135.0,5.0,3.0,98.0,63.0,50.0,20.0,17.0,2.0,5.0,14.0,8.0,132.0,76.0,50.0,28.0,16.0,15.0,20.0
2020-M-DC-2020-WG1-PO-MEX-FIN-01,Davis Cup WG1 PO: MEX vs FIN,Clay,4,D,,20200306,3,LG87,,,Gerardo Lopez Villasenor,R,191.0,MEX,24.819,522.0,54.0,H808,,,Harri Heliovaara,R,188.0,FIN,30.754,605.0,37.0,6-0 7-6(2),3,RR,68.0,7.0,1.0,58.0,45.0,33.0,7.0,9.0,2.0,4.0,4.0,5.0,59.0,40.0,19.0,8.0,9.0,5.0,10.0
2020-M-DC-2020-WG1-PO-MEX-FIN-01,Davis Cup WG1 PO: MEX vs FIN,Clay,4,D,,20200306,4,V0AM,,,Otto Virtanen,R,193.0,FIN,18.708,719.0,24.0,SI82,,,Manuel Sanchez,R,,MEX,29.166,821.0,17.0,6-2 7-6(6),3,RR,90.0,1.0,4.0,58.0,40.0,28.0,10.0,10.0,1.0,4.0,1.0,7.0,69.0,46.0,27.0,9.0,10.0,0.0,5.0
2020-M-DC-2020-WG1-PO-NOR-BAR-01,Davis Cup WG1 PO: NOR vs BAR,Hard,4,D,,20200306,1,DC76,,,Viktor Durasovic,R,185.0,NOR,22.965,337.0,115.0,KC86,,,Darian King,R,188.0,BAR,27.86,263.0,176.0,6-4 6-2,3,RR,76.0,1.0,1.0,44.0,28.0,17.0,10.0,9.0,0.0,3.0,0.0,4.0,59.0,39.0,20.0,6.0,9.0,3.0,9.0
2020-M-DC-2020-WG1-PO-NOR-BAR-01,Davis Cup WG1 PO: NOR vs BAR,Hard,4,D,,20200306,2,RH16,,,Casper Ruud,R,183.0,NOR,21.205,36.0,1279.0,L653,,,Haydn Lewis,,,BAR,,,,6-2 6-2,3,RR,57.0,1.0,0.0,34.0,25.0,24.0,8.0,8.0,0.0,0.0,6.0,3.0,50.0,28.0,20.0,5.0,8.0,5.0,9.0
2020-M-DC-2020-WG1-PO-NOR-BAR-01,Davis Cup WG1 PO: NOR vs BAR,Hard,4,D,,20200306,3,H0BC,,,Lukas Hellum-Lilleengen,R,180.0,NOR,19.305,1564.0,2.0,M0GR,,,Kaipo Marshall,,,BAR,17.96,,,6-2 6-1,3,RR,54.0,2.0,1.0,36.0,23.0,18.0,8.0,8.0,2.0,3.0,1.0,4.0,43.0,20.0,9.0,9.0,7.0,2.0,8.0
2020-M-DC-2020-WG1-PO-PAK-SLO-01,Davis Cup WG1 PO: PAK vs SLO,Grass,4,D,,20200306,1,Q019,,,Aisam-Ul-Haq Qureshi,R,183.0,PAK,39.97,,,RB89,,,Nik Razborsek,L,173.0,SLO,26.42,700.0,26.0,4-6 7-5 7-6(1),3,RR,143.0,21.0,8.0,110.0,70.0,59.0,14.0,17.0,4.0,6.0,8.0,4.0,116.0,77.0,53.0,20.0,17.0,7.0,9.0
2020-M-DC-2020-WG1-PO-PAK-SLO-01,Davis Cup WG1 PO: PAK vs SLO,Grass,4,D,,20200306,2,K425,,,Aqeel Khan,R,,PAK,40.099,,,K834,,,Blaz Kavcic,R,188.0,SLO,33.005,285.0,148.0,0-6 7-6(6) 6-4,3,RR,145.0,18.0,7.0,115.0,58.0,50.0,19.0,14.0,9.0,12.0,15.0,3.0,83.0,51.0,44.0,16.0,14.0,4.0,5.0
2020-M-DC-2020-WG1-PO-PER-SUI-01,Davis Cup WG1 PO: PER vs SUI,Clay,4,D,,20200306,1,V836,,,Juan Pablo Varillas,R,185.0,PER,24.416,135.0,403.0,E780,,,Sandro Ehrat,R,180.0,SUI,28.884,382.0,93.0,7-6(4) 7-6(3),3,RR,123.0,4.0,0.0,72.0,43.0,34.0,16.0,12.0,0.0,2.0,8.0,1.0,79.0,41.0,31.0,18.0,12.0,3.0,5.0
2020-M-DC-2020-WG1-PO-PER-SUI-01,Davis Cup WG1 PO: PER vs SUI,Clay,4,D,,20200306,2,L949,,,Henri Laaksonen,R,185.0,SUI,27.932,137.0,400.0,AC58,,,Nicolas Alvarez,R,185.0,PER,23.743,330.0,119.0,6-4 6-4,3,RR,97.0,10.0,2.0,59.0,31.0,23.0,19.0,10.0,3.0,4.0,7.0,2.0,73.0,45.0,30.0,15.0,10.0,6.0,9.0
2020-M-DC-2020-WG1-PO-PER-SUI-01,Davis Cup WG1 PO: PER vs SUI,Clay,4,D,,20200306,3,V836,,,Juan Pablo Varillas,R,185.0,PER,24.416,135.0,403.0,L949,,,Henri Laaksonen,R,185.0,SUI,27.932,137.0,400.0,6-3 3-6 7-6(3),3,RR,131.0,10.0,1.0,83.0,53.0,42.0,21.0,15.0,0.0,1.0,10.0,3.0,103.0,71.0,53.0,15.0,15.0,7.0,8.0
2020-M-DC-2020-WG1-PO-TUR-ISR-01,Davis Cup WG1 PO: TUR vs ISR,Clay,4,D,,20200306,1,CL82,,,Daniel Cukierman,R,,ISR,24.66,832.0,16.0,I306,,,Cem Ilkel,R,185.0,TUR,24.542,195.0,257.0,7-6(4) 6-2,3,RR,101.0,4.0,2.0,75.0,48.0,35.0,14.0,10.0,9.0,10.0,1.0,1.0,63.0,36.0,24.0,13.0,10.0,1.0,4.0
2020-M-DC-2020-WG1-PO-TUR-ISR-01,Davis Cup WG1 PO: TUR vs ISR,Clay,4,D,,20200306,2,CH05,,,Altug Celikbilek,R,183.0,TUR,23.493,329.0,119.0,FB18,,,Ben Patael,R,188.0,ISR,22.76,562.0,45.0,7-5 1-6 6-4,3,RR,129.0,3.0,5.0,93.0,61.0,39.0,14.0,15.0,7.0,12.0,3.0,2.0,100.0,66.0,39.0,17.0,14.0,7.0,12.0
2020-M-DC-2020-WG1-PO-TUR-ISR-01,Davis Cup WG1 PO: TUR vs ISR,Clay,4,D,,20200306,3,LD26,,,Edan Leshem,R,183.0,ISR,22.965,355.0,107.0,I306,,,Cem Ilkel,R,185.0,TUR,24.542,195.0,257.0,6-2 7-6(4),3,RR,95.0,2.0,5.0,66.0,43.0,28.0,14.0,10.0,2.0,4.0,3.0,0.0,69.0,48.0,28.0,11.0,10.0,2.0,6.0
2020-M-DC-2020-WG1-PO-UKR-TPE-01,Davis Cup WG1 PO: UKR vs TPE,Hard,4,D,,20200306,1,T0AP,,,Chun-Hsin Tseng,R,175.0,TPE,18.576,279.0,159.0,SC77,,,Sergiy Stakhovsky,R,193.0,UKR,34.163,167.0,307.0,3-6 6-1 6-2,3,RR,122.0,4.0,2.0,94.0,57.0,41.0,21.0,12.0,10.0,11.0,3.0,4.0,76.0,35.0,26.0,19.0,12.0,3.0,7.0
2020-M-DC-2020-WG1-PO-UKR-TPE-01,Davis Cup WG1 PO: UKR vs TPE,Hard,4,D,,20200306,2,W857,,,Tung-Lin Wu,R,188.0,TPE,21.818,232.0,209.0,ME89,,,Illya Marchenko,R,185.0,UKR,32.493,207.0,240.0,6-4 6-4,3,RR,94.0,6.0,1.0,59.0,37.0,27.0,10.0,10.0,4.0,6.0,6.0,4.0,57.0,31.0,20.0,11.0,10.0,1.0,5.0
2020-M-DC-2020-WG1-PO-UKR-TPE-01,Davis Cup WG1 PO: UKR vs TPE,Hard,4,D,,20200306,3,SC77,,,Sergiy Stakhovsky,R,193.0,UKR,34.163,167.0,307.0,W857,,,Tung-Lin Wu,R,188.0,TPE,21.818,232.0,209.0,7-6(3) 4-6 6-3,3,RR,153.0,9.0,4.0,89.0,52.0,45.0,20.0,16.0,5.0,7.0,5.0,3.0,109.0,66.0,43.0,24.0,15.0,8.0,10.0
2020-M-DC-2020-WG1-PO-UKR-TPE-01,Davis Cup WG1 PO: UKR vs TPE,Hard,4,D,,20200306,4,ME89,,,Illya Marchenko,R,185.0,UKR,32.493,207.0,240.0,T0AP,,,Chun-Hsin Tseng,R,175.0,TPE,18.576,279.0,159.0,6-3 6-2,3,RR,76.0,7.0,1.0,57.0,34.0,28.0,14.0,9.0,4.0,4.0,1.0,0.0,46.0,27.0,20.0,8.0,8.0,4.0,7.0
2020-M-DC-2020-WG1-PO-VEN-NZL-01,Davis Cup WG1 PO: VEN vs NZL,Hard,4,D,,20200306,1,TA04,,,Finn Tearney,R,183.0,NZL,29.44,1018.0,9.0,MG99,,,Jordi Munoz-Abreu,,,VEN,30.133,1234.0,4.0,6-4 6-4,3,RR,79.0,3.0,8.0,60.0,41.0,30.0,8.0,10.0,5.0,7.0,1.0,2.0,52.0,38.0,21.0,8.0,10.0,4.0,8.0
2020-M-DC-2020-WG1-PO-VEN-NZL-01,Davis Cup WG1 PO: VEN vs NZL,Hard,4,D,,20200306,2,MF70,,,Luis David Martinez,R,178.0,VEN,30.817,,,R0DC,,,Ajeet Rai,R,188.0,NZL,21.131,915.0,13.0,5-7 6-4 6-2,3,RR,137.0,4.0,1.0,86.0,56.0,40.0,17.0,15.0,5.0,8.0,9.0,5.0,105.0,56.0,40.0,19.0,15.0,10.0,15.0
2020-M-DC-2020-WG1-PO-VEN-NZL-01,Davis Cup WG1 PO: VEN vs NZL,Hard,4,D,,20200306,3,SF89,,,Rubin Statham,R,180.0,NZL,32.865,,,P0D4,,,Brandon Perez,L,191.0,VEN,20.142,1671.0,1.0,6-2 6-7(3) 4-1 RET,3,RR,125.0,9.0,2.0,72.0,47.0,39.0,20.0,13.0,4.0,4.0,9.0,6.0,92.0,55.0,36.0,18.0,12.0,6.0,9.0
2020-M-DC-2020-WG2-PO-CRC-BUL-01,Davis Cup WG2 PO: CRC vs BUL,Hard,4,D,,20200306,1,KC33,,,Dimitar Kuzmanov,R,183.0,BUL,26.606,318.0,126.0,SY66,,,Julian Saborio,R,185.0,CRC,23.34,,,6-4 6-2,3,RR,,,,,,,,,,,,,,,,,,,
2020-M-DC-2020-WG2-PO-CRC-BUL-01,Davis Cup WG2 PO: CRC vs BUL,Hard,4,D,,20200306,2,LI39,,,Alexandar Lazarov,R,191.0,BUL,22.33,537.0,51.0,F902,,,Jesse Flores,R,188.0,CRC,24.934,1146.0,6.0,7-5 4-6 6-3,3,RR,,,,,,,,,,,,,,,,,,,
2020-M-DC-2020-WG2-PO-CRC-BUL-01,Davis Cup WG2 PO: CRC vs BUL,Hard,4,D,,20200306,3,KC33,,,Dimitar Kuzmanov,R,183.0,BUL,26.606,318.0,126.0,F902,,,Jesse Flores,R,188.0,CRC,24.934,1146.0,6.0,6-4 6-3,3,RR,,,,,,,,,,,,,,,,,,,
2020-M-DC-2020-WG2-PO-CRC-BUL-01,Davis Cup WG2 PO: CRC vs BUL,Hard,4,D,,20200306,4,DH46,,,Alexander Donski,R,188.0,BUL,21.596,566.0,44.0,C0I8,,,Rodrigo Crespo Piedra,R,180.0,CRC,18.765,,,6-2 6-4,3,RR,,,,,,,,,,,,,,,,,,,
2020-M-DC-2020-WG2-PO-DEN-PUR-01,Davis Cup WG2 PO: DEN vs PUR,Hard,4,D,,20200306,1,TC12,,,Mikael Torpegaard,R,193.0,DEN,25.829,170.0,304.0,VA16,,,Quinton Vega,R,185.0,USA,27.285,,,7-6(5) 6-0,3,RR,,,,,,,,,,,,,,,,,,,
2020-M-DC-2020-WG2-PO-DEN-PUR-01,Davis Cup WG2 PO: DEN vs PUR,Hard,4,D,,20200306,2,R0DG,,,Holger Rune,R,188.0,DEN,16.854,861.0,15.0,G0AH,,,Ignacio Garcia,,,PUR,20.802,,,4-6 6-3 6-0,3,RR,,,,,,,,,,,,,,,,,,,
2020-M-DC-2020-WG2-PO-DEN-PUR-01,Davis Cup WG2 PO: DEN vs PUR,Hard,4,D,,20200306,3,N390,,,Frederik Nielsen,R,188.0,DEN,36.526,,,G0AH,,,Ignacio Garcia,,,PUR,20.802,,,7-6(5) 6-2,3,RR,,,,,,,,,,,,,,,,,,,
2020-M-DC-2020-WG2-PO-DEN-PUR-01,Davis Cup WG2 PO: DEN vs PUR,Hard,4,D,,20200306,4,R0DG,,,Holger Rune,R,188.0,DEN,16.854,861.0,15.0,VA16,,,Quinton Vega,R,185.0,USA,27.285,,,6-1 7-6(4),3,RR,,,,,,,,,,,,,,,,,,,
2020-M-DC-2020-WG2-PO-ESA-JAM-01,Davis Cup WG2 PO: ESA vs JAM,Hard,4,D,,20200306,1,B0I5,,,Blaise Bicknell,R,191.0,JAM,18.275,1316.0,3.0,AB55,,,Alberto Emmanuel Alvarado Larin,,,ESA,25.262,,,6-3 6-2,3,RR,,,,,,,,,,,,,,,,,,,
2020-M-DC-2020-WG2-PO-ESA-JAM-01,Davis Cup WG2 PO: ESA vs JAM,Hard,4,D,,20200306,2,A853,,,Marcelo Arevalo,R,191.0,ESA,29.385,410.0,82.0,P0AO,,,Rowland Phillips,,,JAM,26.116,1566.0,2.0,6-3 6-7(4) 6-2,3,RR,,,,,,,,,,,,,,,,,,,
2020-M-DC-2020-WG2-PO-ESA-JAM-01,Davis Cup WG2 PO: ESA vs JAM,Hard,4,D,,20200306,3,A853,,,Marcelo Arevalo,R,191.0,ESA,29.385,410.0,82.0,B0I5,,,Blaise Bicknell,R,191.0,JAM,18.275,1316.0,3.0,6-4 7-6(5),3,RR,,,,,,,,,,,,,,,,,,,
2020-M-DC-2020-WG2-PO-GEO-EST-01,Davis Cup WG2 PO: GEO vs EST,Hard,4,D,,20200306,1,BG23,,,Nikoloz Basilashvili,R,185.0,GEO,28.033,27.0,1395.0,I067,,,Vladimir Ivanov,R,,EST,32.906,732.0,24.0,6-4 6-1,3,RR,,,,,,,,,,,,,,,,,,,
2020-M-DC-2020-WG2-PO-GEO-EST-01,Davis Cup WG2 PO: GEO vs EST,Hard,4,D,,20200306,2,TG67,,,Kristjan Tamm,R,185.0,EST,21.722,729.0,24.0,MN23,,,Aleksandre Metreveli,R,183.0,GEO,26.571,564.0,44.0,6-4 4-6 6-3,3,RR,,,,,,,,,,,,,,,,,,,
2020-M-DC-2020-WG2-PO-GEO-EST-01,Davis Cup WG2 PO: GEO vs EST,Hard,4,D,,20200306,3,TG67,,,Kristjan Tamm,R,185.0,EST,21.722,729.0,24.0,T0AG,,,Zura Tkemaladze,R,188.0,GEO,19.754,,,6-3 2-6 7-5,3,RR,,,,,,,,,,,,,,,,,,,
2020-M-DC-2020-WG2-PO-GEO-EST-01,Davis Cup WG2 PO: GEO vs EST,Hard,4,D,,20200306,4,G0BY,,,Daniil Glinka,L,188.0,EST,19.817,961.0,11.0,D0B5,,,Nikoloz Davlianidze,,,GEO,20.178,,,6-0 5-7 [3-10],3,RR,,,,,,,,,,,,,,,,,,,
2020-M-DC-2020-WG2-PO-GUA-TUN-01,Davis Cup WG2 PO: GUA vs TUN,Hard,4,D,,20200306,1,GD01,,,Wilfredo Gonzalez,R,188.0,GUA,27.162,1089.0,7.0,DF88,,,Aziz Dougaz,L,188.0,TUN,22.946,356.0,107.0,6-3 3-6 7-5,3,RR,,,,,,,,,,,,,,,,,,,
2020-M-DC-2020-WG2-PO-GUA-TUN-01,Davis Cup WG2 PO: GUA vs TUN,Hard,4,D,,20200306,2,J267,,,Malek Jaziri,R,185.0,TUN,36.126,259.0,181.0,LI14,,,Franz Luna Lavidalie,R,,GUA,22.418,,,6-2 6-3,3,RR,,,,,,,,,,,,,,,,,,,
2020-M-DC-2020-WG2-PO-GUA-TUN-01,Davis Cup WG2 PO: GUA vs TUN,Hard,4,D,,20200306,3,J267,,,Malek Jaziri,R,185.0,TUN,36.126,259.0,181.0,GD01,,,Wilfredo Gonzalez,R,188.0,GUA,27.162,1089.0,7.0,6-2 6-4,3,RR,,,,,,,,,,,,,,,,,,,
2020-M-DC-2020-WG2-PO-INA-KEN-01,Davis Cup WG2 PO: INA vs KEN,Hard,4,D,,20200306,1,R862,,,Christopher Rungkat,R,175.0,INA,30.141,,,K0CF,,,Sheil Kotecha,R,,KEN,19.94,1385.0,3.0,6-1 6-2,3,RR,,,,,,,,,,,,,,,,,,,
2020-M-DC-2020-WG2-PO-INA-KEN-01,Davis Cup WG2 PO: INA vs KEN,Hard,4,D,,20200306,2,SK03,,,David Agung Susanto,,,INA,28.627,1346.0,3.0,M0L1,,,Ismael Changawa Ruwa Mzai,,,KEN,23.693,,,6-2 6-4,3,RR,,,,,,,,,,,,,,,,,,,
2020-M-DC-2020-WG2-PO-INA-KEN-01,Davis Cup WG2 PO: INA vs KEN,Hard,4,D,,20200306,3,T0EN,,,Gunawan Trismuwantara,,,INA,17.155,,,C0A4,,,Kevin Cheruiyot,R,,KEN,22.103,1752.0,1.0,6-4 6-2,3,RR,,,,,,,,,,,,,,,,,,,
2020-M-DC-2020-WG2-PO-LAT-EGY-01,Davis Cup WG2 PO: LAT vs EGY,Hard,4,D,,20200306,1,SK47,,,Mohamed Safwat,R,180.0,EGY,29.462,131.0,407.0,O0BQ,,,Karlis Ozolins,R,196.0,LAT,17.725,,,7-6(9) 7-5,3,RR,,,,,,,,,,,,,,,,,,,
2020-M-DC-2020-WG2-PO-LAT-EGY-01,Davis Cup WG2 PO: LAT vs EGY,Hard,4,D,,20200306,2,G858,,,Ernests Gulbis,R,191.0,LAT,31.515,161.0,321.0,MJ70,,,Karim-Mohamed Maamoun,R,175.0,EGY,28.909,390.0,90.0,6-4 6-3,3,RR,,,,,,,,,,,,,,,,,,,
2020-M-DC-2020-WG2-PO-LAT-EGY-01,Davis Cup WG2 PO: LAT vs EGY,Hard,4,D,,20200306,3,G858,,,Ernests Gulbis,R,191.0,LAT,31.515,161.0,321.0,SK47,,,Mohamed Safwat,R,180.0,EGY,29.462,131.0,407.0,6-2 6-4,3,RR,,,,,,,,,,,,,,,,,,,
2020-M-DC-2020-WG2-PO-LAT-EGY-01,Davis Cup WG2 PO: LAT vs EGY,Hard,4,D,,20200306,4,S0GV,,,Robert Strombachs,R,191.0,LAT,20.474,668.0,29.0,M0L0,,,Amr Elsayed Abdou Ah Mohamed,,,EGY,21.008,,,6-3 7-6(3),3,RR,,,,,,,,,,,,,,,,,,,
2020-M-DC-2020-WG2-PO-MAR-VIE-01,Davis Cup WG2 PO: MAR vs VIE,Clay,4,D,,20200306,1,O207,,,Lamine Ouahab,R,185.0,MAR,35.203,664.0,29.0,LD22,,,Nam Hoang Ly,R,175.0,VIE,23.025,714.0,25.0,6-3 6-2,3,RR,,,,,,,,,,,,,,,,,,,
2020-M-DC-2020-WG2-PO-MAR-VIE-01,Davis Cup WG2 PO: MAR vs VIE,Clay,4,D,,20200306,2,MP94,,,Adam Moundir,R,191.0,MAR,24.862,458.0,69.0,N0AC,,,Phuong Van Nguyen,R,175.0,VIE,19.02,,,6-1 6-4,3,RR,,,,,,,,,,,,,,,,,,,
2020-M-DC-2020-WG2-PO-MAR-VIE-01,Davis Cup WG2 PO: MAR vs VIE,Clay,4,D,,20200306,3,B0IG,,,Aissa Benchakroun,,,MAR,17.949,1671.0,1.0,T0AB,,,Linh Giang Trinh,R,183.0,VIE,22.59,,,2-6 6-3 [10-4],3,RR,,,,,,,,,,,,,,,,,,,
2020-M-DC-2020-WG2-PO-PAR-SRI-01,Davis Cup WG2 PO: PAR vs SRI,Clay,4,D,,20200306,1,V0DP,,,Adolfo Daniel Vallejo,R,183.0,PAR,15.855,,,DG51,,,Sharmal Dissanayake,R,,SRI,23.811,,,6-4 6-4,3,RR,,,,,,,,,,,,,,,,,,,
2020-M-DC-2020-WG2-PO-PAR-SRI-01,Davis Cup WG2 PO: PAR vs SRI,Clay,4,D,,20200306,2,V0DO,,,Martin Antonio Vergara Del Puerto,L,,PAR,15.874,,,DH19,,,Yasitha De Silva,,,SRI,24.676,,,7-5 6-3,3,RR,,,,,,,,,,,,,,,,,,,
2020-M-DC-2020-WG2-PO-PAR-SRI-01,Davis Cup WG2 PO: PAR vs SRI,Clay,4,D,,20200306,3,V0DP,,,Adolfo Daniel Vallejo,R,183.0,PAR,15.855,,,W0C5,,,Thehan Sanjaya Wijemanne,,,SRI,16.208,,,6-1 6-1,3,RR,,,,,,,,,,,,,,,,,,,
2020-M-DC-2020-WG2-PO-PHI-GRE-01,Davis Cup WG2 PO: PHI vs GRE,Clay,4,D,,20200306,1,TE51,,,Stefanos Tsitsipas,R,193.0,GRE,21.566,6.0,4745.0,L0A0,,,Alberto Lim,,,PHI,20.808,,,6-2 6-1,3,RR,,,,,,,,,,,,,,,,,,,
2020-M-DC-2020-WG2-PO-PHI-GRE-01,Davis Cup WG2 PO: PHI vs GRE,Clay,4,D,,20200306,2,TG77,,,Petros Tsitsipas,R,185.0,GRE,19.608,1169.0,6.0,PG17,,,Jeson Patrombon,R,,PHI,26.943,1421.0,2.0,6-2 6-1,3,RR,,,,,,,,,,,,,,,,,,,
2020-M-DC-2020-WG2-PO-PHI-GRE-01,Davis Cup WG2 PO: PHI vs GRE,Clay,4,D,,20200306,3,TE51,,,Stefanos Tsitsipas,R,193.0,GRE,21.566,6.0,4745.0,PG17,,,Jeson Patrombon,R,,PHI,26.943,1421.0,2.0,6-2 6-1,3,RR,,,,,,,,,,,,,,,,,,,
2020-M-DC-2020-WG2-PO-PHI-GRE-01,Davis Cup WG2 PO: PHI vs GRE,Clay,4,D,,20200306,4,TG77,,,Petros Tsitsipas,R,185.0,GRE,19.608,1169.0,6.0,O0BJ,,,Eric Jr. Olivarez,,,PHI,21.884,1590.0,1.0,6-4 7-5,3,RR,,,,,,,,,,,,,,,,,,,
2020-M-DC-2020-WG2-PO-POL-HKG-01,Davis Cup WG2 PO: POL vs HKG,Hard,4,D,,20200306,1,Z09D,,,Kacper Zuk,R,183.0,POL,21.123,302.0,136.0,LH78,,,Ching Lam,,,HKG,20.507,,,6-2 6-1,3,RR,,,,,,,,,,,,,,,,,,,
2020-M-DC-2020-WG2-PO-POL-HKG-01,Davis Cup WG2 PO: POL vs HKG,Hard,4,D,,20200306,2,J397,,,Jerzy Janowicz,R,203.0,POL,29.311,461.0,68.0,Y204,,,Pak Long Yeung,,,HKG,25.057,960.0,11.0,6-7(5) 7-5 6-4,3,RR,,,,,,,,,,,,,,,,,,,
2020-M-DC-2020-WG2-PO-POL-HKG-01,Davis Cup WG2 PO: POL vs HKG,Hard,4,D,,20200306,3,K0HC,,,Maks Kasnikowski,R,180.0,POL,16.668,,,K0D9,,,Wai Yu Kai,,,HKG,18.962,,,1-6 6-2 10-3,3,RR,,,,,,,,,,,,,,,,,,,
2020-M-DC-2020-WG2-PO-SYR-ZIM-01,Davis Cup WG2 PO: SYR vs ZIM,Hard,4,D,,20200306,1,N0BK,,,Hazem Naw,R,183.0,SYR,20.178,,,SZ29,,,Mehluli Don Ayanda Sibanda,R,173.0,ZIM,20.331,813.0,18.0,6-3 6-3,3,RR,,,,,,,,,,,,,,,,,,,
2020-M-DC-2020-WG2-PO-SYR-ZIM-01,Davis Cup WG2 PO: SYR vs ZIM,Hard,4,D,,20200306,2,LC54,,,Benjamin Lock,R,198.0,ZIM,27.006,430.0,79.0,N980,,,Amer Naow,R,,SYR,25.177,,,6-3 6-3,3,RR,,,,,,,,,,,,,,,,,,,
2020-M-DC-2020-WG2-PO-SYR-ZIM-01,Davis Cup WG2 PO: SYR vs ZIM,Hard,4,D,,20200306,3,LC54,,,Benjamin Lock,R,198.0,ZIM,27.006,430.0,79.0,N0BK,,,Hazem Naw,R,183.0,SYR,20.178,,,6-4 6-4,3,RR,,,,,,,,,,,,,,,,,,,
2020-422,Cincinnati Masters,Hard,56,M,O,20200822,1,SL28,,,Jan-Lennard Struff,R,193.0,GER,30.327,34.0,1315.0,DH58,,,Alex de Minaur,R,183.0,AUS,21.511,26.0,1485.0,6-2 6-4,3,R64,81.0,4.0,6.0,59.0,32.0,25.0,15.0,9.0,2.0,2.0,7.0,4.0,57.0,31.0,25.0,8.0,9.0,4.0,7.0
2020-422,Cincinnati Masters,Hard,56,M,O,20200822,2,SL08,,,Tennys Sandgren,R,188.0,USA,29.087,55.0,923.0,SU87,,,Lorenzo Sonego,R,191.0,ITA,25.284,46.0,1030.0,6-3 7-6(7),3,R64,104.0,7.0,3.0,74.0,49.0,39.0,13.0,11.0,1.0,1.0,7.0,3.0,68.0,46.0,33.0,12.0,10.0,0.0,1.0
2020-422,Cincinnati Masters,Hard,56,M,O,20200822,3,RH24,,,Emil Ruusuvuori,R,188.0,FIN,21.391,101.0,584.0,K0AH,,,Sebastian Korda,R,196.0,USA,20.131,224.0,220.0,7-6(3) 4-6 7-5,3,R64,127.0,9.0,4.0,95.0,62.0,46.0,19.0,17.0,4.0,8.0,15.0,3.0,97.0,69.0,51.0,11.0,17.0,2.0,6.0
2020-422,Cincinnati Masters,Hard,56,M,O,20200822,4,R975,,,Milos Raonic,R,196.0,CAN,29.654,30.0,1350.0,Q927,,,Sam Querrey,R,198.0,USA,32.876,45.0,1045.0,6-4 6-4,3,R64,75.0,19.0,8.0,62.0,38.0,33.0,12.0,10.0,3.0,3.0,5.0,1.0,47.0,25.0,21.0,14.0,10.0,0.0,2.0
2020-422,Cincinnati Masters,Hard,56,M,O,20200822,5,O522,,,Reilly Opelka,R,211.0,USA,22.984,39.0,1177.0,N771,,,Cameron Norrie,L,188.0,GBR,24.999,77.0,712.0,6-3 6-4,3,R64,80.0,18.0,3.0,64.0,41.0,30.0,15.0,10.0,2.0,2.0,3.0,2.0,49.0,31.0,22.0,12.0,9.0,2.0,4.0
2020-422,Cincinnati Masters,Hard,56,M,O,20200822,6,MC10,,,Andy Murray,R,191.0,GBR,33.273,129.0,412.0,TD51,,,Frances Tiafoe,R,188.0,USA,22.587,81.0,700.0,7-6(6) 3-6 6-1,3,R64,148.0,8.0,1.0,86.0,46.0,36.0,26.0,14.0,1.0,2.0,4.0,2.0,88.0,60.0,43.0,16.0,14.0,3.0,5.0
2020-422,Cincinnati Masters,Hard,56,M,O,20200822,7,MH30,,,John Millman,R,183.0,AUS,31.19,43.0,1071.0,ME82,,,Adrian Mannarino,L,180.0,FRA,32.148,38.0,1191.0,4-6 6-4 7-6(2),3,R64,166.0,6.0,5.0,109.0,60.0,40.0,28.0,16.0,11.0,15.0,5.0,5.0,106.0,54.0,38.0,27.0,16.0,7.0,11.0
2020-422,Cincinnati Masters,Hard,56,M,O,20200822,8,KB05,,,Filip Krajinovic,R,185.0,SRB,28.485,32.0,1343.0,CE25,,,Salvatore Caruso,R,185.0,ITA,27.685,100.0,597.0,7-5 6-4,3,R64,135.0,10.0,1.0,95.0,58.0,39.0,15.0,11.0,13.0,16.0,4.0,9.0,90.0,45.0,29.0,19.0,11.0,10.0,15.0
2020-422,Cincinnati Masters,Hard,56,M,O,20200822,9,GC88,,,Marcos Giron,R,180.0,USA,27.08,102.0,577.0,MK66,,,Mackenzie McDonald,R,178.0,USA,25.352,271.0,172.0,7-6(2) 7-5,3,R64,104.0,2.0,0.0,65.0,39.0,32.0,13.0,12.0,2.0,4.0,6.0,2.0,73.0,41.0,29.0,14.0,12.0,3.0,6.0
2020-422,Cincinnati Masters,Hard,56,M,O,20200822,10,G628,,,Richard Gasquet,R,183.0,FRA,34.179,50.0,985.0,W09G,,,J.J. Wolf,R,183.0,USA,21.67,144.0,383.0,6-4 6-4,3,R64,83.0,8.0,2.0,56.0,31.0,24.0,16.0,10.0,3.0,5.0,7.0,6.0,58.0,27.0,21.0,12.0,10.0,1.0,5.0
2020-422,Cincinnati Masters,Hard,56,M,O,20200822,11,F724,,,Marton Fucsovics,R,188.0,HUN,28.537,84.0,692.0,GB93,,,Norbert Gombos,R,193.0,SVK,30.026,109.0,522.0,6-3 6-4,3,R64,97.0,3.0,1.0,69.0,35.0,21.0,24.0,10.0,3.0,4.0,1.0,3.0,57.0,33.0,21.0,12.0,9.0,1.0,4.0
2020-422,Cincinnati Masters,Hard,56,M,O,20200822,12,FB98,,,Taylor Fritz,R,196.0,USA,22.817,24.0,1510.0,HG86,,,Lloyd Harris,R,193.0,RSA,23.491,98.0,616.0,6-1 6-3,3,R64,52.0,9.0,1.0,39.0,22.0,22.0,10.0,8.0,0.0,0.0,1.0,1.0,42.0,26.0,14.0,8.0,8.0,1.0,5.0
2020-422,Cincinnati Masters,Hard,56,M,O,20200822,13,CG80,,,Borna Coric,R,188.0,CRO,23.77,33.0,1320.0,PD31,,,Benoit Paire,R,196.0,FRA,31.291,22.0,1738.0,6-0 1-0 RET,3,R64,35.0,1.0,1.0,19.0,12.0,8.0,6.0,3.0,0.0,0.0,0.0,5.0,27.0,9.0,4.0,4.0,4.0,2.0,6.0
2020-422,Cincinnati Masters,Hard,56,M,O,20200822,14,CD85,,,Pablo Carreno Busta,R,188.0,ESP,29.114,25.0,1500.0,L987,,,Dusan Lajovic,R,183.0,SRB,30.146,23.0,1695.0,7-5 6-1,3,R64,88.0,5.0,6.0,73.0,45.0,32.0,15.0,10.0,6.0,7.0,2.0,2.0,52.0,30.0,20.0,8.0,9.0,2.0,6.0
2020-422,Cincinnati Masters,Hard,56,M,O,20200822,15,BE90,,,Ricardas Berankis,R,175.0,LTU,30.171,72.0,739.0,PL56,,,Tommy Paul,R,185.0,USA,23.266,57.0,894.0,6-7(4) 6-4 7-5,3,R64,151.0,1.0,5.0,102.0,64.0,48.0,21.0,17.0,2.0,4.0,6.0,6.0,111.0,52.0,34.0,34.0,17.0,6.0,10.0
2020-422,Cincinnati Masters,Hard,56,M,O,20200822,16,A678,,,Kevin Anderson,R,203.0,RSA,34.264,123.0,445.0,E831,,,Kyle Edmund,R,188.0,GBR,25.621,44.0,1050.0,7-6(3) 4-6 6-3,3,R64,178.0,20.0,7.0,105.0,62.0,50.0,19.0,16.0,7.0,10.0,8.0,7.0,98.0,52.0,38.0,24.0,15.0,5.0,8.0
2020-422,Cincinnati Masters,Hard,56,M,O,20200822,17,I186,,,John Isner,R,208.0,USA,35.324,21.0,1760.0,HB71,,,Hubert Hurkacz,R,196.0,POL,23.526,29.0,1353.0,7-5 6-4,3,R64,99.0,10.0,1.0,57.0,32.0,26.0,20.0,11.0,2.0,2.0,5.0,2.0,75.0,44.0,31.0,15.0,11.0,4.0,6.0
2020-422,Cincinnati Masters,Hard,56,M,O,20200822,18,AG37,,,Felix Auger-Aliassime,R,193.0,CAN,20.038,20.0,1771.0,BG23,,,Nikoloz Basilashvili,R,185.0,GEO,28.496,27.0,1395.0,6-4 6-1,3,R64,76.0,6.0,4.0,57.0,37.0,27.0,10.0,9.0,2.0,4.0,2.0,8.0,54.0,31.0,18.0,7.0,8.0,4.0,9.0
2020-422,Cincinnati Masters,Hard,56,M,O,20200822,19,D875,,,Grigor Dimitrov,R,191.0,BUL,29.27,19.0,1850.0,HH26,,,Ugo Humbert,L,188.0,FRA,22.157,42.0,1111.0,6-3 6-4,3,R64,84.0,3.0,3.0,55.0,31.0,22.0,16.0,10.0,1.0,2.0,3.0,2.0,53.0,30.0,19.0,13.0,9.0,3.0,6.0
2020-422,Cincinnati Masters,Hard,56,M,O,20200822,20,BH09,,,Aljaz Bedene,R,183.0,SLO,31.097,61.0,850.0,GD64,,,Cristian Garin,R,185.0,CHI,24.23,18.0,1900.0,6-4 6-7(8) 6-0,3,R64,170.0,17.0,13.0,106.0,63.0,51.0,13.0,14.0,8.0,12.0,8.0,14.0,124.0,64.0,41.0,22.0,14.0,9.0,17.0
2020-422,Cincinnati Masters,Hard,56,M,O,20200822,21,SU55,,,Denis Shapovalov,L,185.0,CAN,21.355,16.0,2075.0,C977,,,Marin Cilic,R,198.0,CRO,31.899,37.0,1225.0,6-3 6-3,3,R64,78.0,9.0,1.0,56.0,31.0,26.0,15.0,9.0,1.0,1.0,2.0,2.0,49.0,32.0,24.0,5.0,9.0,1.0,4.0
2020-422,Cincinnati Masters,Hard,56,M,O,20200822,22,KE29,,,Karen Khachanov,R,198.0,RUS,24.255,15.0,2120.0,BK92,,,Alexander Bublik,R,196.0,KAZ,23.181,51.0,965.0,6-4 6-4,3,R64,84.0,7.0,0.0,60.0,33.0,26.0,16.0,10.0,0.0,0.0,6.0,1.0,66.0,38.0,30.0,10.0,10.0,1.0,3.0
2020-422,Cincinnati Masters,Hard,56,M,O,20200822,23,E687,,,Daniel Evans,R,175.0,GBR,30.251,28.0,1359.0,RE44,,,Andrey Rublev,R,188.0,RUS,22.839,14.0,2234.0,7-5 3-6 6-2,3,R64,152.0,2.0,7.0,86.0,42.0,27.0,22.0,14.0,5.0,9.0,6.0,3.0,100.0,59.0,43.0,14.0,15.0,12.0,18.0
2020-422,Cincinnati Masters,Hard,56,M,O,20200822,24,SM37,,,Diego Schwartzman,R,170.0,ARG,28.016,13.0,2265.0,RH16,,,Casper Ruud,R,183.0,NOR,21.667,36.0,1279.0,7-6(2) 6-3,3,R64,115.0,3.0,2.0,73.0,38.0,32.0,18.0,11.0,0.0,1.0,4.0,1.0,68.0,36.0,26.0,15.0,10.0,2.0,4.0
2020-422,Cincinnati Masters,Hard,56,M,O,20200822,25,R975,,,Milos Raonic,R,196.0,CAN,29.654,30.0,1350.0,E687,,,Daniel Evans,R,175.0,GBR,30.251,28.0,1359.0,6-3 7-5,3,R32,96.0,23.0,5.0,58.0,37.0,33.0,11.0,11.0,0.0,0.0,5.0,3.0,67.0,31.0,22.0,19.0,10.0,2.0,4.0
2020-422,Cincinnati Masters,Hard,56,M,O,20200822,26,BH09,,,Aljaz Bedene,R,183.0,SLO,31.097,61.0,850.0,FB98,,,Taylor Fritz,R,196.0,USA,22.817,24.0,1510.0,7-6(5) 7-5,3,R32,104.0,11.0,3.0,77.0,43.0,36.0,17.0,12.0,3.0,4.0,10.0,1.0,71.0,45.0,33.0,16.0,12.0,4.0,6.0
2020-422,Cincinnati Masters,Hard,56,M,O,20200822,27,I186,,,John Isner,R,208.0,USA,35.324,21.0,1760.0,MH30,,,John Millman,R,183.0,AUS,31.19,43.0,1071.0,4-6 7-6(3) 7-6(5),3,R32,167.0,35.0,6.0,117.0,84.0,67.0,18.0,17.0,5.0,6.0,6.0,3.0,102.0,47.0,40.0,38.0,17.0,4.0,4.0
2020-422,Cincinnati Masters,Hard,56,M,O,20200822,28,SL08,,,Tennys Sandgren,R,188.0,USA,29.087,55.0,923.0,AG37,,,Felix Auger-Aliassime,R,193.0,CAN,20.038,20.0,1771.0,6-7(4) 6-2 7-6(5),3,R32,170.0,6.0,4.0,106.0,60.0,42.0,29.0,16.0,4.0,6.0,2.0,15.0,116.0,67.0,48.0,23.0,16.0,9.0,13.0
2020-422,Cincinnati Masters,Hard,56,M,O,20200822,29,F724,,,Marton Fucsovics,R,188.0,HUN,28.537,84.0,692.0,D875,,,Grigor Dimitrov,R,191.0,BUL,29.27,19.0,1850.0,7-5 4-6 6-2,3,R32,144.0,5.0,3.0,87.0,46.0,32.0,18.0,15.0,5.0,10.0,4.0,6.0,98.0,56.0,35.0,17.0,15.0,6.0,13.0
2020-422,Cincinnati Masters,Hard,56,M,O,20200822,30,SL28,,,Jan-Lennard Struff,R,193.0,GER,30.327,34.0,1315.0,SU55,,,Denis Shapovalov,L,185.0,CAN,21.355,16.0,2075.0,7-6(4) 3-6 6-4,3,R32,139.0,5.0,3.0,92.0,47.0,38.0,26.0,15.0,4.0,6.0,8.0,4.0,94.0,58.0,44.0,21.0,16.0,3.0,5.0
2020-422,Cincinnati Masters,Hard,56,M,O,20200822,31,KE29,,,Karen Khachanov,R,198.0,RUS,24.255,15.0,2120.0,CD85,,,Pablo Carreno Busta,R,188.0,ESP,29.114,25.0,1500.0,7-6(8) 6-1,3,R32,83.0,8.0,1.0,55.0,28.0,24.0,18.0,9.0,0.0,0.0,6.0,0.0,68.0,45.0,29.0,12.0,10.0,1.0,4.0
2020-422,Cincinnati Masters,Hard,56,M,O,20200822,32,O522,,,Reilly Opelka,R,211.0,USA,22.984,39.0,1177.0,SM37,,,Diego Schwartzman,R,170.0,ARG,28.016,13.0,2265.0,6-3 7-6(4),3,R32,102.0,13.0,6.0,77.0,41.0,33.0,16.0,11.0,5.0,7.0,2.0,4.0,66.0,40.0,31.0,11.0,10.0,1.0,4.0
2020-422,Cincinnati Masters,Hard,56,M,O,20200822,33,BD06,,,Roberto Bautista Agut,R,183.0,ESP,32.356,12.0,2360.0,G628,,,Richard Gasquet,R,183.0,FRA,34.179,50.0,985.0,7-5 6-1,3,R32,85.0,8.0,0.0,51.0,33.0,25.0,14.0,10.0,2.0,3.0,2.0,1.0,58.0,33.0,21.0,11.0,9.0,4.0,8.0
2020-422,Cincinnati Masters,Hard,56,M,O,20200822,34,GB88,,,David Goffin,R,180.0,BEL,29.708,10.0,2555.0,CG80,,,Borna Coric,R,188.0,CRO,23.77,33.0,1320.0,7-6(6) 6-4,3,R32,109.0,8.0,5.0,68.0,37.0,27.0,18.0,11.0,2.0,4.0,6.0,2.0,72.0,45.0,25.0,18.0,11.0,4.0,7.0
2020-422,Cincinnati Masters,Hard,56,M,O,20200822,35,BK40,,,Matteo Berrettini,R,196.0,ITA,24.361,8.0,2860.0,RH24,,,Emil Ruusuvuori,R,188.0,FIN,21.391,101.0,584.0,6-4 6-7(3) 7-5,3,R32,160.0,15.0,3.0,98.0,54.0,45.0,26.0,17.0,3.0,4.0,5.0,7.0,126.0,77.0,56.0,23.0,17.0,12.0,15.0
2020-422,Cincinnati Masters,Hard,56,M,O,20200822,36,MC10,,,Andy Murray,R,191.0,GBR,33.273,129.0,412.0,Z355,,,Alexander Zverev,R,198.0,GER,23.34,7.0,3630.0,6-3 3-6 7-5,3,R32,151.0,2.0,4.0,93.0,49.0,30.0,28.0,15.0,8.0,11.0,10.0,11.0,93.0,49.0,36.0,20.0,15.0,4.0,8.0
2020-422,Cincinnati Masters,Hard,56,M,O,20200822,37,TE51,,,Stefanos Tsitsipas,R,193.0,GRE,22.029,6.0,4745.0,A678,,,Kevin Anderson,R,203.0,RSA,34.264,123.0,445.0,6-1 6-3,3,R32,68.0,3.0,3.0,52.0,32.0,25.0,11.0,8.0,3.0,3.0,1.0,4.0,49.0,30.0,18.0,7.0,8.0,2.0,6.0
2020-422,Cincinnati Masters,Hard,56,M,O,20200822,38,MM58,,,Daniil Medvedev,R,198.0,RUS,24.528,5.0,5890.0,GC88,,,Marcos Giron,R,180.0,USA,27.08,102.0,577.0,6-4 6-4,3,R32,89.0,8.0,3.0,56.0,37.0,34.0,8.0,10.0,3.0,3.0,2.0,2.0,76.0,43.0,30.0,16.0,10.0,6.0,8.0
2020-422,Cincinnati Masters,Hard,56,M,O,20200822,39,KB05,,,Filip Krajinovic,R,185.0,SRB,28.485,32.0,1343.0,TB69,,,Dominic Thiem,R,185.0,AUT,26.968,3.0,7045.0,6-2 6-1,3,R32,61.0,5.0,0.0,34.0,22.0,20.0,12.0,8.0,0.0,0.0,1.0,3.0,59.0,33.0,18.0,10.0,7.0,3.0,7.0
2020-422,Cincinnati Masters,Hard,56,M,O,20200822,40,D643,,,Novak Djokovic,R,188.0,SRB,33.254,1.0,10220.0,BE90,,,Ricardas Berankis,R,175.0,LTU,30.171,72.0,739.0,7-6(2) 6-4,3,R32,101.0,8.0,7.0,64.0,35.0,25.0,15.0,11.0,2.0,5.0,0.0,4.0,70.0,40.0,25.0,12.0,11.0,3.0,7.0
2020-422,Cincinnati Masters,Hard,56,M,O,20200822,41,R975,,,Milos Raonic,R,196.0,CAN,29.654,30.0,1350.0,MC10,,,Andy Murray,R,191.0,GBR,33.273,129.0,412.0,6-2 6-2,3,R16,88.0,10.0,2.0,47.0,25.0,22.0,12.0,8.0,2.0,2.0,5.0,1.0,60.0,32.0,21.0,10.0,8.0,3.0,7.0
2020-422,Cincinnati Masters,Hard,56,M,O,20200822,42,KB05,,,Filip Krajinovic,R,185.0,SRB,28.485,32.0,1343.0,F724,,,Marton Fucsovics,R,188.0,HUN,28.537,84.0,692.0,6-2 6-1,3,R16,63.0,5.0,3.0,47.0,27.0,19.0,11.0,8.0,0.0,2.0,0.0,3.0,36.0,19.0,2.0,8.0,7.0,1.0,7.0
2020-422,Cincinnati Masters,Hard,56,M,O,20200822,43,BD06,,,Roberto Bautista Agut,R,183.0,ESP,32.356,12.0,2360.0,KE29,,,Karen Khachanov,R,198.0,RUS,24.255,15.0,2120.0,4-6 6-3 6-2,3,R16,126.0,3.0,7.0,87.0,56.0,49.0,9.0,14.0,2.0,3.0,10.0,3.0,83.0,49.0,33.0,16.0,13.0,5.0,8.0
2020-422,Cincinnati Masters,Hard,56,M,O,20200822,44,SL28,,,Jan-Lennard Struff,R,193.0,GER,30.327,34.0,1315.0,GB88,,,David Goffin,R,180.0,BEL,29.708,10.0,2555.0,6-4 3-6 6-4,3,R16,129.0,12.0,2.0,84.0,45.0,34.0,16.0,14.0,4.0,8.0,6.0,6.0,107.0,70.0,45.0,15.0,15.0,8.0,13.0
2020-422,Cincinnati Masters,Hard,56,M,O,20200822,45,O522,,,Reilly Opelka,R,211.0,USA,22.984,39.0,1177.0,BK40,,,Matteo Berrettini,R,196.0,ITA,24.361,8.0,2860.0,6-3 7-6(4),3,R16,75.0,19.0,1.0,58.0,35.0,33.0,16.0,11.0,0.0,0.0,7.0,3.0,53.0,34.0,28.0,12.0,10.0,0.0,1.0
2020-422,Cincinnati Masters,Hard,56,M,O,20200822,46,TE51,,,Stefanos Tsitsipas,R,193.0,GRE,22.029,6.0,4745.0,I186,,,John Isner,R,208.0,USA,35.324,21.0,1760.0,7-6(2) 7-6(4),3,R16,102.0,10.0,2.0,78.0,45.0,38.0,23.0,12.0,2.0,2.0,11.0,4.0,80.0,52.0,41.0,17.0,12.0,2.0,2.0
2020-422,Cincinnati Masters,Hard,56,M,O,20200822,47,MM58,,,Daniil Medvedev,R,198.0,RUS,24.528,5.0,5890.0,BH09,,,Aljaz Bedene,R,183.0,SLO,31.097,61.0,850.0,6-3 6-3,3,R16,68.0,6.0,0.0,46.0,27.0,24.0,13.0,9.0,0.0,0.0,6.0,1.0,49.0,35.0,25.0,3.0,9.0,1.0,4.0
2020-422,Cincinnati Masters,Hard,56,M,O,20200822,48,D643,,,Novak Djokovic,R,188.0,SRB,33.254,1.0,10220.0,SL08,,,Tennys Sandgren,R,188.0,USA,29.087,55.0,923.0,6-2 6-4,3,R16,88.0,2.0,4.0,55.0,31.0,26.0,15.0,9.0,4.0,4.0,7.0,3.0,73.0,42.0,32.0,10.0,9.0,6.0,9.0
2020-422,Cincinnati Masters,Hard,56,M,O,20200822,49,R975,,,Milos Raonic,R,196.0,CAN,29.654,30.0,1350.0,KB05,,,Filip Krajinovic,R,185.0,SRB,28.485,32.0,1343.0,4-6 7-6(2) 7-5,3,QF,162.0,24.0,4.0,107.0,65.0,52.0,21.0,17.0,4.0,6.0,5.0,2.0,103.0,66.0,48.0,21.0,17.0,7.0,9.0
2020-422,Cincinnati Masters,Hard,56,M,O,20200822,50,TE51,,,Stefanos Tsitsipas,R,193.0,GRE,22.029,6.0,4745.0,O522,,,Reilly Opelka,R,211.0,USA,22.984,39.0,1177.0,5-6 RET,3,QF,37.0,4.0,0.0,23.0,14.0,13.0,7.0,5.0,0.0,0.0,4.0,2.0,37.0,20.0,15.0,11.0,6.0,2.0,2.0
2020-422,Cincinnati Masters,Hard,56,M,O,20200822,51,BD06,,,Roberto Bautista Agut,R,183.0,ESP,32.356,12.0,2360.0,MM58,,,Daniil Medvedev,R,198.0,RUS,24.528,5.0,5890.0,1-6 6-4 6-3,3,QF,133.0,3.0,4.0,98.0,68.0,41.0,12.0,13.0,15.0,20.0,8.0,2.0,78.0,44.0,33.0,10.0,13.0,6.0,11.0
2020-422,Cincinnati Masters,Hard,56,M,O,20200822,52,D643,,,Novak Djokovic,R,188.0,SRB,33.254,1.0,10220.0,SL28,,,Jan-Lennard Struff,R,193.0,GER,30.327,34.0,1315.0,6-3 6-1,3,QF,62.0,5.0,3.0,48.0,33.0,24.0,9.0,8.0,2.0,3.0,5.0,8.0,46.0,18.0,12.0,8.0,8.0,4.0,9.0
2020-422,Cincinnati Masters,Hard,56,M,O,20200822,53,R975,,,Milos Raonic,R,196.0,CAN,29.654,30.0,1350.0,TE51,,,Stefanos Tsitsipas,R,193.0,GRE,22.029,6.0,4745.0,7-6(5) 6-3,3,SF,97.0,12.0,5.0,65.0,39.0,35.0,15.0,11.0,1.0,1.0,4.0,1.0,61.0,36.0,28.0,16.0,10.0,0.0,1.0
2020-422,Cincinnati Masters,Hard,56,M,O,20200822,54,D643,,,Novak Djokovic,R,188.0,SRB,33.254,1.0,10220.0,BD06,,,Roberto Bautista Agut,R,183.0,ESP,32.356,12.0,2360.0,4-6 6-4 7-6(0),3,SF,180.0,14.0,7.0,103.0,58.0,40.0,19.0,16.0,6.0,12.0,2.0,4.0,110.0,73.0,44.0,15.0,16.0,8.0,14.0
2020-422,Cincinnati Masters,Hard,56,M,O,20200822,55,D643,,,Novak Djokovic,R,188.0,SRB,33.254,1.0,10220.0,R975,,,Milos Raonic,R,196.0,CAN,29.654,30.0,1350.0,1-6 6-3 6-4,3,F,120.0,2.0,5.0,76.0,39.0,29.0,18.0,13.0,2.0,5.0,10.0,3.0,71.0,46.0,35.0,10.0,13.0,2.0,5.0
2020-560,US Open,Hard,128,G,O,20200831,1,D643,1.0,,Novak Djokovic,R,188.0,SRB,33.279,1.0,10860.0,D923,,,Damir Dzumhur,R,175.0,BIH,28.282,109.0,524.0,6-1 6-4 6-1,5,R128,118.0,5.0,5.0,82.0,49.0,36.0,18.0,12.0,6.0,7.0,2.0,8.0,95.0,53.0,29.0,15.0,12.0,12.0,19.0
2020-560,US Open,Hard,128,G,O,20200831,2,TB69,2.0,,Dominic Thiem,R,185.0,AUT,26.992,3.0,7135.0,MU94,,,Jaume Munar,R,183.0,ESP,23.324,105.0,548.0,7-6(6) 6-3 RET,5,R128,115.0,9.0,2.0,68.0,43.0,31.0,15.0,12.0,5.0,7.0,1.0,5.0,76.0,43.0,25.0,19.0,10.0,7.0,10.0
2020-560,US Open,Hard,128,G,O,20200831,3,MM58,3.0,,Daniil Medvedev,R,198.0,RUS,24.553,5.0,5890.0,D874,,,Federico Delbonis,L,193.0,ARG,29.906,79.0,711.0,6-1 6-2 6-4,5,R128,106.0,4.0,4.0,66.0,43.0,37.0,16.0,13.0,2.0,2.0,1.0,3.0,84.0,54.0,32.0,13.0,12.0,4.0,9.0
2020-560,US Open,Hard,128,G,O,20200831,4,TE51,4.0,,Stefanos Tsitsipas,R,193.0,GRE,22.053,6.0,5095.0,R772,,,Albert Ramos-Vinolas,L,188.0,ESP,32.621,41.0,1130.0,6-2 6-1 6-1,5,R128,98.0,13.0,5.0,64.0,39.0,35.0,11.0,11.0,0.0,0.0,0.0,7.0,77.0,37.0,20.0,16.0,11.0,7.0,14.0
2020-560,US Open,Hard,128,G,O,20200831,5,Z355,5.0,,Alexander Zverev,R,198.0,GER,23.365,7.0,3630.0,A678,,,Kevin Anderson,R,203.0,RSA,34.289,117.0,490.0,7-6(2) 5-7 6-3 7-5,5,R128,187.0,18.0,6.0,135.0,91.0,78.0,20.0,23.0,3.0,5.0,20.0,7.0,131.0,77.0,62.0,27.0,23.0,1.0,4.0
2020-560,US Open,Hard,128,G,O,20200831,6,BK40,6.0,,Matteo Berrettini,R,196.0,ITA,24.386,8.0,2940.0,SC47,,,Go Soeda,R,178.0,JPN,35.986,119.0,480.0,7-6(5) 6-1 6-4,5,R128,121.0,18.0,0.0,78.0,50.0,47.0,19.0,15.0,4.0,4.0,0.0,3.0,88.0,53.0,32.0,23.0,15.0,2.0,5.0
2020-560,US Open,Hard,128,G,O,20200831,7,GB88,7.0,,David Goffin,R,180.0,BEL,29.733,10.0,2555.0,O522,,,Reilly Opelka,R,211.0,USA,23.009,35.0,1312.0,7-6(2) 3-6 6-1 6-4,5,R128,147.0,3.0,7.0,117.0,65.0,53.0,30.0,19.0,6.0,8.0,18.0,4.0,125.0,77.0,59.0,19.0,20.0,3.0,7.0
2020-560,US Open,Hard,128,G,O,20200831,8,BD06,8.0,,Roberto Bautista Agut,R,183.0,ESP,32.381,11.0,2540.0,SL08,,,Tennys Sandgren,R,188.0,USA,29.112,48.0,1013.0,6-4 6-4 7-6(3),5,R128,166.0,4.0,2.0,113.0,78.0,51.0,23.0,17.0,17.0,19.0,14.0,5.0,111.0,59.0,45.0,21.0,16.0,7.0,11.0
2020-560,US Open,Hard,128,G,O,20200831,9,N771,,,Cameron Norrie,L,188.0,GBR,25.024,76.0,727.0,SM37,9.0,,Diego Schwartzman,R,170.0,ARG,28.041,13.0,2265.0,3-6 4-6 6-2 6-1 7-5,5,R128,239.0,11.0,5.0,171.0,107.0,66.0,30.0,23.0,19.0,27.0,1.0,8.0,175.0,119.0,63.0,26.0,23.0,20.0,31.0
2020-560,US Open,Hard,128,G,O,20200831,10,RE44,10.0,,Andrey Rublev,R,188.0,RUS,22.864,14.0,2234.0,CA12,,,Jeremy Chardy,R,188.0,FRA,33.55,60.0,860.0,6-4 6-4 6-3,5,R128,127.0,11.0,3.0,89.0,47.0,40.0,22.0,14.0,7.0,8.0,21.0,11.0,126.0,83.0,58.0,14.0,15.0,17.0,22.0
2020-560,US Open,Hard,128,G,O,20200831,11,KE29,11.0,,Karen Khachanov,R,198.0,RUS,24.279,16.0,2120.0,S0AG,,,Jannik Sinner,R,191.0,ITA,19.042,74.0,733.0,3-6 6-7(7) 6-2 6-0 7-6(4),5,R128,224.0,18.0,8.0,159.0,99.0,77.0,35.0,25.0,6.0,7.0,12.0,5.0,191.0,108.0,80.0,37.0,24.0,17.0,22.0
2020-560,US Open,Hard,128,G,O,20200831,12,SU55,12.0,,Denis Shapovalov,L,185.0,CAN,21.38,17.0,2075.0,K0AH,,,Sebastian Korda,R,196.0,USA,20.156,205.0,252.0,6-4 4-6 6-3 6-2,5,R128,167.0,13.0,4.0,100.0,64.0,53.0,21.0,19.0,1.0,2.0,1.0,3.0,139.0,100.0,58.0,23.0,18.0,10.0,14.0
2020-560,US Open,Hard,128,G,O,20200831,13,GD64,13.0,,Cristian Garin,R,185.0,CHI,24.255,19.0,1900.0,BV27,,,Ulises Blanch,R,188.0,USA,22.437,244.0,207.0,4-6 5-7 6-4 6-4 6-2,5,R128,192.0,15.0,7.0,140.0,94.0,74.0,23.0,25.0,6.0,9.0,13.0,5.0,159.0,87.0,61.0,39.0,25.0,11.0,16.0
2020-560,US Open,Hard,128,G,O,20200831,14,D875,14.0,,Grigor Dimitrov,R,191.0,BUL,29.295,20.0,1885.0,PL56,,,Tommy Paul,R,185.0,USA,23.291,58.0,894.0,6-4 6-3 6-1,5,R128,111.0,1.0,4.0,77.0,50.0,42.0,15.0,13.0,7.0,7.0,3.0,3.0,82.0,51.0,29.0,14.0,13.0,7.0,12.0
2020-560,US Open,Hard,128,G,O,20200831,15,AG37,15.0,,Felix Auger-Aliassime,R,193.0,CAN,20.063,21.0,1806.0,MJ08,,,Thiago Monteiro,L,183.0,BRA,26.253,83.0,700.0,6-3 6-7(7) 7-6(6) 7-6(6),5,R128,231.0,18.0,8.0,150.0,94.0,79.0,31.0,24.0,2.0,2.0,8.0,4.0,145.0,113.0,85.0,22.0,24.0,7.0,8.0
2020-560,US Open,Hard,128,G,O,20200831,16,J386,,,Steve Johnson,R,188.0,USA,30.686,64.0,825.0,I186,16.0,,John Isner,R,208.0,USA,35.348,22.0,1805.0,6-7(5) 6-3 6-7(5) 6-3 7-6(3),5,R128,230.0,22.0,4.0,185.0,113.0,96.0,40.0,29.0,5.0,5.0,52.0,4.0,171.0,134.0,99.0,23.0,28.0,9.0,11.0
2020-560,US Open,Hard,128,G,O,20200831,17,GC89,,,Egor Gerasimov,R,196.0,BLR,27.803,72.0,744.0,L987,18.0,,Dusan Lajovic,R,183.0,SRB,30.171,24.0,1695.0,6-1 4-6 6-4 6-4,5,R128,146.0,11.0,4.0,111.0,68.0,54.0,21.0,19.0,3.0,5.0,7.0,2.0,112.0,77.0,49.0,20.0,18.0,10.0,15.0
2020-560,US Open,Hard,128,G,O,20200831,18,FB98,19.0,,Taylor Fritz,R,196.0,USA,22.842,25.0,1545.0,KE73,,,Dominik Koepfer,L,180.0,GER,26.341,91.0,652.0,6-7(7) 6-3 6-2 6-4,5,R128,165.0,15.0,4.0,118.0,63.0,52.0,31.0,20.0,6.0,8.0,5.0,10.0,126.0,71.0,47.0,27.0,20.0,7.0,14.0
2020-560,US Open,Hard,128,G,O,20200831,19,CD85,20.0,,Pablo Carreno Busta,R,188.0,ESP,29.139,27.0,1500.0,U134,,,Yasutaka Uchiyama,R,183.0,JPN,28.071,86.0,685.0,4-6 6-3 1-6 6-3 6-3,5,R128,201.0,5.0,5.0,149.0,96.0,69.0,26.0,22.0,9.0,12.0,14.0,5.0,148.0,101.0,79.0,15.0,22.0,12.0,16.0
2020-560,US Open,Hard,128,G,O,20200831,20,DH58,21.0,,Alex de Minaur,R,183.0,AUS,21.536,28.0,1485.0,MF35,,,Andrej Martin,R,183.0,SVK,30.946,98.0,638.0,6-4 6-3 7-5,5,R128,131.0,2.0,4.0,97.0,59.0,41.0,21.0,15.0,6.0,8.0,6.0,2.0,102.0,64.0,38.0,18.0,16.0,2.0,8.0
2020-560,US Open,Hard,128,G,O,20200831,21,MH30,,,John Millman,R,183.0,AUS,31.214,43.0,1096.0,BG23,22.0,,Nikoloz Basilashvili,R,185.0,GEO,28.52,30.0,1395.0,6-1 6-4 6-4,5,R128,119.0,6.0,0.0,93.0,54.0,43.0,23.0,14.0,7.0,7.0,4.0,2.0,82.0,47.0,30.0,18.0,13.0,4.0,8.0
2020-560,US Open,Hard,128,G,O,20200831,22,E687,23.0,,Daniel Evans,R,175.0,GBR,30.275,31.0,1384.0,SX91,,,Thiago Seyboth Wild,R,185.0,BRA,20.476,113.0,507.0,6-2 6-1 7-6(5),5,R128,136.0,9.0,1.0,83.0,48.0,38.0,24.0,14.0,2.0,2.0,5.0,4.0,92.0,53.0,30.0,20.0,14.0,5.0,10.0
2020-560,US Open,Hard,128,G,O,20200831,23,HB71,24.0,,Hubert Hurkacz,R,196.0,POL,23.551,33.0,1353.0,G967,,,Peter Gojowczyk,R,188.0,GER,31.129,127.0,444.0,6-3 6-4 6-4,5,R128,110.0,14.0,2.0,90.0,54.0,39.0,22.0,15.0,3.0,5.0,3.0,10.0,91.0,47.0,33.0,19.0,14.0,6.0,11.0
2020-560,US Open,Hard,128,G,O,20200831,24,R975,25.0,,Milos Raonic,R,196.0,CAN,29.678,18.0,1950.0,MD56,,,Leonardo Mayer,R,191.0,ARG,33.298,120.0,464.0,6-3 6-2 6-3,5,R128,109.0,14.0,5.0,65.0,38.0,34.0,18.0,13.0,0.0,0.0,5.0,7.0,83.0,45.0,28.0,18.0,13.0,4.0,9.0
2020-560,US Open,Hard,128,G,O,20200831,25,KB05,26.0,,Filip Krajinovic,R,185.0,SRB,28.509,26.0,1503.0,Y268,,,Mikael Ymer,R,185.0,SWE,21.977,71.0,759.0,6-2 7-6(3) 6-3,5,R128,136.0,4.0,1.0,98.0,66.0,51.0,17.0,16.0,4.0,6.0,9.0,4.0,78.0,39.0,28.0,17.0,14.0,1.0,6.0
2020-560,US Open,Hard,128,G,O,20200831,26,CG80,27.0,,Borna Coric,R,188.0,CRO,23.795,32.0,1355.0,A596,,,Pablo Andujar,R,180.0,ESP,34.604,56.0,942.0,7-5 6-3 6-1,5,R128,141.0,12.0,2.0,99.0,61.0,46.0,21.0,14.0,8.0,9.0,0.0,3.0,82.0,54.0,34.0,10.0,14.0,2.0,8.0
2020-560,US Open,Hard,128,G,O,20200831,27,SL28,28.0,,Jan-Lennard Struff,R,193.0,GER,30.352,29.0,1405.0,MO44,,,Pedro Martinez,R,185.0,ESP,23.348,106.0,546.0,6-0 7-5 6-4,5,R128,131.0,13.0,2.0,85.0,41.0,36.0,20.0,14.0,4.0,7.0,3.0,6.0,110.0,66.0,37.0,14.0,14.0,10.0,18.0
2020-560,US Open,Hard,128,G,O,20200831,28,W09G,,,J.J. Wolf,R,183.0,USA,21.695,138.0,402.0,PC11,29.0,,Guido Pella,L,183.0,ARG,30.292,36.0,1310.0,6-2 0-6 6-3 6-3,5,R128,133.0,13.0,8.0,98.0,54.0,39.0,23.0,16.0,3.0,6.0,3.0,3.0,97.0,68.0,46.0,12.0,16.0,2.0,7.0
2020-560,US Open,Hard,128,G,O,20200831,29,RH16,30.0,,Casper Ruud,R,183.0,NOR,21.692,37.0,1279.0,MK66,,,Mackenzie McDonald,R,178.0,USA,25.377,243.0,207.0,4-6 4-6 6-4 6-3 6-2,5,R128,222.0,11.0,3.0,147.0,99.0,67.0,26.0,24.0,5.0,9.0,9.0,5.0,169.0,98.0,63.0,37.0,23.0,18.0,24.0
2020-560,US Open,Hard,128,G,O,20200831,30,C977,31.0,,Marin Cilic,R,198.0,CRO,31.923,38.0,1225.0,KB09,,,Denis Kudla,R,180.0,USA,28.038,111.0,521.0,6-7(3) 3-6 7-5 7-5 6-3,5,R128,213.0,26.0,8.0,150.0,90.0,75.0,29.0,27.0,1.0,4.0,19.0,7.0,168.0,104.0,77.0,33.0,28.0,7.0,12.0
2020-560,US Open,Hard,128,G,O,20200831,31,ME82,32.0,,Adrian Mannarino,L,180.0,FRA,32.172,39.0,1191.0,SU87,,,Lorenzo Sonego,R,191.0,ITA,25.309,46.0,1030.0,6-1 6-4 2-6 6-3,5,R128,161.0,1.0,2.0,99.0,66.0,43.0,18.0,17.0,4.0,8.0,9.0,2.0,99.0,66.0,44.0,11.0,17.0,7.0,14.0
2020-560,US Open,Hard,128,G,O,20200831,32,BK24,,,Gregoire Barrere,R,183.0,FRA,26.538,93.0,647.0,DA81,,,Taro Daniel,R,191.0,JPN,27.592,112.0,511.0,6-3 6-4 3-6 6-1,5,R128,155.0,15.0,5.0,116.0,67.0,52.0,26.0,18.0,4.0,6.0,6.0,5.0,113.0,64.0,39.0,26.0,17.0,7.0,12.0
2020-560,US Open,Hard,128,G,O,20200831,33,BE90,,,Ricardas Berankis,R,175.0,LTU,30.196,65.0,809.0,GB53,,,Federico Gaio,R,178.0,ITA,28.49,132.0,423.0,7-6(3) 4-6 6-4 6-4,5,R128,186.0,6.0,3.0,119.0,68.0,49.0,31.0,21.0,3.0,7.0,9.0,6.0,135.0,60.0,44.0,38.0,22.0,8.0,13.0
2020-560,US Open,Hard,128,G,O,20200831,34,CF59,,,Roberto Carballes Baena,R,183.0,ESP,27.441,101.0,614.0,L397,,,Feliciano Lopez,L,188.0,ESP,38.946,57.0,908.0,3-6 7-6(5) 6-4 6-3,5,R128,180.0,3.0,5.0,110.0,71.0,54.0,24.0,20.0,2.0,4.0,17.0,11.0,139.0,66.0,53.0,34.0,21.0,10.0,14.0
2020-560,US Open,Hard,128,G,O,20200831,35,CE25,,,Salvatore Caruso,R,185.0,ITA,27.71,100.0,623.0,D994,,,James Duckworth,R,183.0,AUS,28.611,84.0,697.0,4-6 7-5 7-5 6-2,5,R128,200.0,8.0,11.0,145.0,86.0,61.0,35.0,21.0,10.0,12.0,4.0,2.0,134.0,74.0,48.0,34.0,21.0,11.0,16.0
2020-560,US Open,Hard,128,G,O,20200831,36,CE77,,,Federico Coria,R,180.0,ARG,28.479,103.0,569.0,J380,,,Jason Jung,R,180.0,TPE,31.211,122.0,462.0,2-6 4-6 6-4 6-1 2-0 RET,5,R128,160.0,12.0,2.0,115.0,79.0,57.0,16.0,19.0,5.0,10.0,4.0,3.0,109.0,75.0,47.0,16.0,18.0,8.0,14.0
2020-560,US Open,Hard,128,G,O,20200831,37,C0BC,,,Maxime Cressy,R,201.0,USA,23.316,168.0,320.0,KC04,,,Jozef Kovalik,R,183.0,SVK,27.822,123.0,452.0,6-1 2-6 6-4 6-4,5,R128,138.0,23.0,15.0,102.0,50.0,42.0,29.0,18.0,3.0,6.0,4.0,3.0,92.0,65.0,46.0,13.0,17.0,1.0,6.0
2020-560,US Open,Hard,128,G,O,20200831,38,DH50,,,Alejandro Davidovich Fokina,R,180.0,ESP,21.24,99.0,627.0,DB59,,,Dennis Novak,R,183.0,AUT,27.009,85.0,695.0,3-6 6-4 6-3 1-6 6-0,5,R128,173.0,2.0,4.0,136.0,87.0,51.0,26.0,20.0,9.0,15.0,7.0,5.0,133.0,89.0,54.0,19.0,21.0,7.0,15.0
2020-560,US Open,Hard,128,G,O,20200831,39,E831,,,Kyle Edmund,R,188.0,GBR,25.645,44.0,1050.0,BK92,,,Alexander Bublik,R,196.0,KAZ,23.206,54.0,965.0,2-6 7-5 7-5 6-0,5,R128,167.0,2.0,4.0,109.0,70.0,53.0,22.0,19.0,4.0,7.0,18.0,10.0,124.0,72.0,56.0,18.0,19.0,10.0,16.0
2020-560,US Open,Hard,128,G,O,20200831,40,E873,,,Ernesto Escobedo,R,185.0,MEX,24.159,185.0,284.0,MQ75,,,Kamil Majchrzak,R,183.0,POL,24.632,107.0,532.0,7-6(3) 6-2 6-3,5,R128,119.0,14.0,6.0,95.0,54.0,44.0,22.0,16.0,5.0,6.0,9.0,7.0,97.0,44.0,35.0,22.0,14.0,4.0,8.0
2020-560,US Open,Hard,128,G,O,20200831,41,F724,,,Marton Fucsovics,R,188.0,HUN,28.561,66.0,787.0,DA31,,,Hugo Dellien,R,180.0,BOL,27.209,97.0,638.0,6-3 6-3 6-1,5,R128,106.0,7.0,2.0,73.0,36.0,29.0,25.0,13.0,4.0,5.0,1.0,2.0,72.0,52.0,24.0,11.0,12.0,4.0,10.0
2020-560,US Open,Hard,128,G,O,20200831,42,G628,,,Richard Gasquet,R,183.0,FRA,34.204,51.0,985.0,K336,,,Ivo Karlovic,R,211.0,CRO,41.506,126.0,444.0,7-6(0) 7-6(4) 6-1,5,R128,113.0,8.0,3.0,98.0,68.0,56.0,21.0,17.0,5.0,6.0,20.0,4.0,94.0,54.0,36.0,25.0,16.0,5.0,8.0
2020-560,US Open,Hard,128,G,O,20200831,43,GC88,,,Marcos Giron,R,180.0,USA,27.105,96.0,639.0,PG94,,,Marc Polmans,R,188.0,AUS,23.332,121.0,462.0,6-4 6-7(5) 3-6 6-4 6-2,5,R128,225.0,11.0,2.0,157.0,111.0,76.0,21.0,25.0,7.0,13.0,4.0,12.0,161.0,107.0,66.0,26.0,25.0,11.0,19.0
2020-560,US Open,Hard,128,G,O,20200831,44,GB93,,,Norbert Gombos,R,193.0,SVK,30.051,104.0,550.0,A829,,,Radu Albot,R,175.0,MDA,30.804,70.0,772.0,6-4 6-1 6-4,5,R128,133.0,6.0,2.0,88.0,57.0,43.0,18.0,14.0,2.0,3.0,7.0,5.0,104.0,67.0,45.0,12.0,13.0,8.0,13.0
2020-560,US Open,Hard,128,G,O,20200831,45,HG86,,,Lloyd Harris,R,193.0,RSA,23.515,95.0,641.0,CF01,,,Marco Cecchinato,R,185.0,ITA,27.918,108.0,526.0,6-4 7-5 6-2,5,R128,114.0,12.0,4.0,88.0,57.0,46.0,14.0,15.0,8.0,10.0,3.0,8.0,95.0,59.0,36.0,17.0,15.0,3.0,9.0
2020-560,US Open,Hard,128,G,O,20200831,46,HH26,,,Ugo Humbert,L,188.0,FRA,22.182,42.0,1111.0,SE73,,,Yuichi Sugita,R,175.0,JPN,31.951,88.0,682.0,6-3 6-4 6-3,5,R128,112.0,12.0,3.0,70.0,48.0,38.0,15.0,14.0,0.0,1.0,4.0,4.0,98.0,53.0,37.0,21.0,14.0,12.0,17.0
2020-560,US Open,Hard,128,G,O,20200831,47,KI95,,,Miomir Kecmanovic,R,183.0,SRB,21.002,47.0,1028.0,ML57,,,Gianluca Mager,R,188.0,ITA,25.749,80.0,711.0,6-4 6-4 6-7(6) 3-6 6-2,5,R128,174.0,26.0,10.0,163.0,91.0,75.0,39.0,0.0,9.0,10.0,22.0,6.0,155.0,95.0,72.0,39.0,0.0,7.0,11.0
2020-560,US Open,Hard,128,G,O,20200831,48,KC12,,,Mitchell Krueger,R,188.0,USA,26.634,198.0,264.0,S483,,,Pedro Sousa,R,180.0,POR,32.263,110.0,522.0,3-6 6-2 7-5 6-3,5,R128,157.0,11.0,2.0,121.0,77.0,54.0,25.0,19.0,5.0,8.0,10.0,3.0,115.0,71.0,52.0,16.0,19.0,5.0,11.0
2020-560,US Open,Hard,128,G,O,20200831,49,K926,,,Mikhail Kukushkin,R,183.0,KAZ,32.682,90.0,661.0,BD80,,,Attila Balazs,R,180.0,HUN,31.926,78.0,715.0,6-4 7-5 6-4,5,R128,136.0,3.0,1.0,92.0,51.0,38.0,26.0,16.0,5.0,7.0,4.0,9.0,89.0,47.0,36.0,18.0,16.0,1.0,6.0
2020-560,US Open,Hard,128,G,O,20200831,50,KB54,,,Andrey Kuznetsov,R,183.0,RUS,29.522,,,Q927,,,Sam Querrey,R,198.0,USA,32.901,45.0,1045.0,6-4 7-6(6) 6-2,5,R128,104.0,18.0,2.0,94.0,57.0,48.0,24.0,16.0,3.0,3.0,11.0,2.0,84.0,44.0,38.0,21.0,15.0,3.0,6.0
2020-560,US Open,Hard,128,G,O,20200831,51,KF17,,,Soonwoo Kwon,R,180.0,KOR,22.746,73.0,742.0,KD35,,,Thai-Son Kwiatkowski,R,188.0,USA,25.547,187.0,281.0,3-6 7-6(4) 6-1 6-2,5,R128,170.0,3.0,1.0,106.0,69.0,54.0,21.0,17.0,5.0,7.0,11.0,4.0,121.0,70.0,45.0,25.0,20.0,2.0,8.0
2020-560,US Open,Hard,128,G,O,20200831,52,LB84,,,Juan Ignacio Londero,R,180.0,ARG,27.044,62.0,832.0,D864,,,Evgeny Donskoy,R,185.0,RUS,30.313,114.0,505.0,6-3 6-3 7-5,5,R128,113.0,4.0,1.0,83.0,51.0,33.0,22.0,15.0,0.0,3.0,6.0,6.0,86.0,49.0,35.0,10.0,15.0,4.0,11.0
2020-560,US Open,Hard,128,G,O,20200831,53,MP01,,,Michael Mmoh,R,188.0,USA,22.639,186.0,281.0,SH90,,,Joao Sousa,R,185.0,POR,31.422,68.0,776.0,6-2 7-5 2-6 6-1,5,R128,154.0,8.0,4.0,116.0,79.0,58.0,19.0,18.0,7.0,10.0,7.0,2.0,94.0,56.0,32.0,25.0,17.0,4.0,10.0
2020-560,US Open,Hard,128,G,O,20200831,54,MW02,,,Corentin Moutet,L,180.0,FRA,21.369,77.0,722.0,V708,,,Jiri Vesely,L,198.0,CZE,27.143,67.0,785.0,6-4 6-4 7-5,5,R128,144.0,4.0,4.0,101.0,65.0,48.0,22.0,16.0,8.0,9.0,14.0,2.0,103.0,65.0,46.0,16.0,16.0,9.0,13.0
2020-560,US Open,Hard,128,G,O,20200831,55,MC10,,,Andy Murray,R,191.0,GBR,33.298,115.0,502.0,N732,,,Yoshihito Nishioka,L,170.0,JPN,24.928,49.0,1007.0,4-6 4-6 7-6(5) 7-6(4) 6-4,5,R128,279.0,14.0,13.0,193.0,110.0,85.0,39.0,29.0,11.0,16.0,8.0,5.0,162.0,109.0,77.0,30.0,27.0,2.0,6.0
2020-560,US Open,Hard,128,G,O,20200831,56,N897,,,Sumit Nagal,R,178.0,IND,23.042,124.0,448.0,KA98,,,Bradley Klahn,L,183.0,USA,30.031,129.0,436.0,6-1 6-3 3-6 6-1,5,R128,132.0,1.0,5.0,88.0,70.0,54.0,11.0,16.0,1.0,2.0,10.0,5.0,116.0,73.0,46.0,19.0,16.0,11.0,17.0
2020-560,US Open,Hard,128,G,O,20200831,57,N0AE,,,Brandon Nakashima,R,188.0,USA,19.077,223.0,229.0,L503,,,Paolo Lorenzi,R,183.0,ITA,38.71,125.0,447.0,6-3 6-2 7-6(3),5,R128,132.0,9.0,2.0,87.0,58.0,50.0,18.0,16.0,2.0,2.0,6.0,3.0,84.0,46.0,36.0,16.0,14.0,1.0,4.0
2020-560,US Open,Hard,128,G,O,20200831,58,O483,,,Christopher O'Connell,R,183.0,AUS,26.245,116.0,498.0,DB63,,,Laslo Djere,R,188.0,SRB,25.248,81.0,705.0,4-6 6-4 7-6(2) 6-4,5,R128,189.0,4.0,1.0,139.0,85.0,61.0,29.0,22.0,8.0,12.0,6.0,10.0,131.0,74.0,57.0,23.0,21.0,6.0,11.0
2020-560,US Open,Hard,128,G,O,20200831,59,PD07,,,Vasek Pospisil,R,193.0,CAN,30.19,94.0,642.0,K435,,,Philipp Kohlschreiber,R,178.0,GER,36.876,75.0,729.0,7-6(4) 7-5 7-6(3),5,R128,174.0,23.0,7.0,120.0,68.0,58.0,28.0,19.0,2.0,4.0,9.0,4.0,128.0,65.0,50.0,31.0,19.0,8.0,11.0
2020-560,US Open,Hard,128,G,O,20200831,60,RH24,,,Emil Ruusuvuori,R,188.0,FIN,21.415,92.0,648.0,BH09,,,Aljaz Bedene,R,183.0,SLO,31.121,53.0,965.0,6-3 3-6 6-1 4-6 6-1,5,R128,189.0,8.0,9.0,124.0,75.0,53.0,29.0,21.0,2.0,5.0,13.0,15.0,145.0,72.0,53.0,31.0,21.0,13.0,20.0
2020-560,US Open,Hard,128,G,O,20200831,61,SD32,,,Gilles Simon,R,183.0,FRA,35.677,52.0,970.0,SK47,,,Mohamed Safwat,R,180.0,EGY,29.949,135.0,407.0,6-1 6-4 6-4,5,R128,131.0,10.0,2.0,92.0,53.0,41.0,20.0,14.0,4.0,5.0,2.0,3.0,88.0,52.0,29.0,19.0,13.0,5.0,10.0
2020-560,US Open,Hard,128,G,O,20200831,62,SM25,,,Jack Sock,R,191.0,USA,27.934,389.0,95.0,C882,,,Pablo Cuevas,R,180.0,URU,34.664,61.0,857.0,3-6 6-4 6-2 4-6 7-6(2),5,R128,195.0,10.0,10.0,144.0,84.0,66.0,34.0,25.0,4.0,7.0,12.0,5.0,150.0,101.0,76.0,24.0,25.0,2.0,6.0
2020-560,US Open,Hard,128,G,O,20200831,63,TC61,,,Jordan Thompson,R,183.0,AUS,26.366,63.0,829.0,TA12,,,Stefano Travaglia,R,185.0,ITA,28.676,87.0,684.0,6-3 6-4 4-6 6-2,5,R128,161.0,6.0,1.0,99.0,65.0,50.0,21.0,19.0,2.0,5.0,6.0,5.0,121.0,73.0,56.0,18.0,18.0,16.0,22.0
2020-560,US Open,Hard,128,G,O,20200831,64,TD51,,,Frances Tiafoe,R,188.0,USA,22.612,82.0,700.0,SA93,,,Andreas Seppi,R,191.0,ITA,36.526,89.0,671.0,4-6 6-3 6-4 7-5,5,R128,182.0,12.0,5.0,135.0,80.0,64.0,30.0,21.0,8.0,9.0,13.0,4.0,125.0,80.0,58.0,23.0,20.0,7.0,10.0
2020-560,US Open,Hard,128,G,O,20200831,65,D643,1.0,,Novak Djokovic,R,188.0,SRB,33.279,1.0,10860.0,E831,,,Kyle Edmund,R,188.0,GBR,25.645,44.0,1050.0,6-7(5) 6-3 6-4 6-2,5,R64,193.0,16.0,3.0,108.0,72.0,60.0,21.0,20.0,3.0,5.0,7.0,6.0,139.0,82.0,53.0,27.0,20.0,6.0,12.0
2020-560,US Open,Hard,128,G,O,20200831,66,TB69,2.0,,Dominic Thiem,R,185.0,AUT,26.992,3.0,7135.0,N897,,,Sumit Nagal,R,178.0,IND,23.042,124.0,448.0,6-3 6-3 6-2,5,R64,119.0,7.0,1.0,74.0,47.0,35.0,18.0,13.0,6.0,8.0,1.0,4.0,90.0,64.0,36.0,10.0,13.0,8.0,15.0
2020-560,US Open,Hard,128,G,O,20200831,67,MM58,3.0,,Daniil Medvedev,R,198.0,RUS,24.553,5.0,5890.0,O483,,,Christopher O'Connell,R,183.0,AUS,26.245,116.0,498.0,6-3 6-2 6-4,5,R64,136.0,9.0,1.0,82.0,49.0,41.0,18.0,14.0,2.0,2.0,4.0,2.0,103.0,69.0,41.0,17.0,13.0,13.0,17.0
2020-560,US Open,Hard,128,G,O,20200831,68,TE51,4.0,,Stefanos Tsitsipas,R,193.0,GRE,22.053,6.0,5095.0,C0BC,,,Maxime Cressy,R,201.0,USA,23.316,168.0,320.0,7-6(2) 6-3 6-4,5,R64,144.0,9.0,6.0,107.0,62.0,52.0,22.0,16.0,4.0,4.0,21.0,10.0,112.0,72.0,50.0,21.0,16.0,8.0,10.0
2020-560,US Open,Hard,128,G,O,20200831,69,Z355,5.0,,Alexander Zverev,R,198.0,GER,23.365,7.0,3630.0,N0AE,,,Brandon Nakashima,R,188.0,USA,19.077,223.0,229.0,7-5 6-7(8) 6-3 6-1,5,R64,175.0,24.0,10.0,129.0,97.0,81.0,11.0,21.0,5.0,5.0,5.0,4.0,137.0,80.0,52.0,34.0,20.0,5.0,10.0
2020-560,US Open,Hard,128,G,O,20200831,70,BK40,6.0,,Matteo Berrettini,R,196.0,ITA,24.386,8.0,2940.0,HH26,,,Ugo Humbert,L,188.0,FRA,22.182,42.0,1111.0,6-4 6-4 7-6(6),5,R64,127.0,17.0,1.0,87.0,59.0,51.0,19.0,17.0,1.0,1.0,5.0,6.0,100.0,63.0,45.0,19.0,16.0,4.0,6.0
2020-560,US Open,Hard,128,G,O,20200831,71,KE29,11.0,,Karen Khachanov,R,198.0,RUS,24.279,16.0,2120.0,KB54,,,Andrey Kuznetsov,R,183.0,RUS,29.522,,,6-3 6-4 6-1,5,R64,,,,,,,,,,,,,,,,,,,
2020-560,US Open,Hard,128,G,O,20200831,72,GB88,7.0,,David Goffin,R,180.0,BEL,29.733,10.0,2555.0,HG86,,,Lloyd Harris,R,193.0,RSA,23.515,95.0,641.0,7-6(6) 4-6 6-1 6-4,5,R64,174.0,12.0,7.0,150.0,90.0,69.0,24.0,21.0,11.0,15.0,11.0,3.0,106.0,78.0,55.0,11.0,19.0,3.0,9.0
2020-560,US Open,Hard,128,G,O,20200831,73,BD06,8.0,,Roberto Bautista Agut,R,183.0,ESP,32.381,11.0,2540.0,KI95,,,Miomir Kecmanovic,R,183.0,SRB,21.002,47.0,1028.0,6-3 3-6 6-3 6-4,5,R64,158.0,7.0,4.0,123.0,72.0,54.0,33.0,10.0,5.0,6.0,12.0,1.0,120.0,81.0,57.0,18.0,10.0,14.0,17.0
2020-560,US Open,Hard,128,G,O,20200831,74,RE44,10.0,,Andrey Rublev,R,188.0,RUS,22.864,14.0,2234.0,BK24,,,Gregoire Barrere,R,183.0,FRA,26.538,93.0,647.0,6-2 6-4 7-6(4),5,R64,112.0,13.0,2.0,96.0,58.0,47.0,21.0,16.0,5.0,7.0,7.0,1.0,85.0,50.0,34.0,16.0,15.0,1.0,6.0
2020-560,US Open,Hard,128,G,O,20200831,75,SU55,12.0,,Denis Shapovalov,L,185.0,CAN,21.38,17.0,2075.0,KF17,,,Soonwoo Kwon,R,180.0,KOR,22.746,73.0,742.0,6-7(5) 6-4 6-4 6-2,5,R64,222.0,20.0,6.0,123.0,73.0,58.0,27.0,21.0,6.0,7.0,2.0,4.0,134.0,83.0,56.0,25.0,20.0,4.0,9.0
2020-560,US Open,Hard,128,G,O,20200831,76,K926,,,Mikhail Kukushkin,R,183.0,KAZ,32.682,90.0,661.0,GD64,13.0,,Cristian Garin,R,185.0,CHI,24.255,19.0,1900.0,6-2 6-1 3-6 4-6 7-5,5,R64,239.0,6.0,7.0,155.0,91.0,64.0,30.0,23.0,10.0,16.0,12.0,7.0,145.0,79.0,52.0,26.0,23.0,4.0,13.0
2020-560,US Open,Hard,128,G,O,20200831,77,F724,,,Marton Fucsovics,R,188.0,HUN,28.561,66.0,787.0,D875,14.0,,Grigor Dimitrov,R,191.0,BUL,29.295,20.0,1885.0,6-7(5) 7-6(4) 3-6 6-4 6-1,5,R64,290.0,5.0,3.0,168.0,103.0,69.0,38.0,25.0,8.0,14.0,6.0,9.0,213.0,137.0,89.0,34.0,27.0,27.0,35.0
2020-560,US Open,Hard,128,G,O,20200831,78,AG37,15.0,,Felix Auger-Aliassime,R,193.0,CAN,20.063,21.0,1806.0,MC10,,,Andy Murray,R,191.0,GBR,33.298,115.0,502.0,6-2 6-3 6-4,5,R64,128.0,24.0,2.0,70.0,46.0,41.0,15.0,14.0,0.0,0.0,2.0,2.0,95.0,52.0,29.0,25.0,13.0,5.0,9.0
2020-560,US Open,Hard,128,G,O,20200831,79,FB98,19.0,,Taylor Fritz,R,196.0,USA,22.842,25.0,1545.0,SD32,,,Gilles Simon,R,183.0,FRA,35.677,52.0,970.0,7-5 6-3 6-2,5,R64,120.0,16.0,2.0,94.0,51.0,39.0,27.0,15.0,8.0,9.0,4.0,2.0,75.0,44.0,31.0,15.0,14.0,3.0,8.0
2020-560,US Open,Hard,128,G,O,20200831,80,CD85,20.0,,Pablo Carreno Busta,R,188.0,ESP,29.139,27.0,1500.0,KC12,,,Mitchell Krueger,R,188.0,USA,26.634,198.0,264.0,6-1 6-2 6-2,5,R64,93.0,4.0,1.0,52.0,36.0,30.0,14.0,11.0,0.0,0.0,6.0,3.0,72.0,42.0,24.0,10.0,12.0,4.0,11.0
2020-560,US Open,Hard,128,G,O,20200831,81,DH58,21.0,,Alex de Minaur,R,183.0,AUS,21.536,28.0,1485.0,G628,,,Richard Gasquet,R,183.0,FRA,34.204,51.0,985.0,6-4 6-3 6-7(6) 7-5,5,R64,182.0,11.0,8.0,137.0,80.0,64.0,27.0,10.0,6.0,9.0,8.0,3.0,135.0,83.0,52.0,26.0,9.0,6.0,12.0
2020-560,US Open,Hard,128,G,O,20200831,82,MW02,,,Corentin Moutet,L,180.0,FRA,21.369,77.0,722.0,E687,23.0,,Daniel Evans,R,175.0,GBR,30.275,31.0,1384.0,4-6 6-3 7-6(5) 7-6(1),5,R64,255.0,6.0,6.0,150.0,97.0,67.0,26.0,22.0,6.0,11.0,5.0,12.0,163.0,88.0,59.0,35.0,23.0,12.0,18.0
2020-560,US Open,Hard,128,G,O,20200831,83,DH50,,,Alejandro Davidovich Fokina,R,180.0,ESP,21.24,99.0,627.0,HB71,24.0,,Hubert Hurkacz,R,196.0,POL,23.551,33.0,1353.0,6-4 1-6 6-2 6-2,5,R64,167.0,2.0,2.0,105.0,71.0,48.0,20.0,0.0,4.0,6.0,17.0,4.0,127.0,73.0,52.0,22.0,0.0,13.0,18.0
2020-560,US Open,Hard,128,G,O,20200831,84,PD07,,,Vasek Pospisil,R,193.0,CAN,30.19,94.0,642.0,R975,25.0,,Milos Raonic,R,196.0,CAN,29.678,18.0,1950.0,6-7(1) 6-3 7-6(4) 6-3,5,R64,198.0,20.0,5.0,132.0,88.0,72.0,27.0,23.0,5.0,5.0,29.0,11.0,133.0,91.0,75.0,19.0,21.0,8.0,10.0
2020-560,US Open,Hard,128,G,O,20200831,85,KB05,26.0,,Filip Krajinovic,R,185.0,SRB,28.509,26.0,1503.0,GC88,,,Marcos Giron,R,180.0,USA,27.105,96.0,639.0,6-4 6-1 6-3,5,R64,113.0,6.0,3.0,79.0,50.0,41.0,16.0,13.0,7.0,8.0,6.0,3.0,84.0,52.0,30.0,12.0,13.0,6.0,12.0
2020-560,US Open,Hard,128,G,O,20200831,86,CG80,27.0,,Borna Coric,R,188.0,CRO,23.795,32.0,1355.0,LB84,,,Juan Ignacio Londero,R,180.0,ARG,27.044,62.0,832.0,7-5 4-6 6-7(5) 6-2 6-3,5,R64,259.0,15.0,7.0,178.0,103.0,75.0,34.0,0.0,6.0,11.0,5.0,6.0,154.0,102.0,72.0,21.0,0.0,9.0,17.0
2020-560,US Open,Hard,128,G,O,20200831,87,SL28,28.0,,Jan-Lennard Struff,R,193.0,GER,30.352,29.0,1405.0,MP01,,,Michael Mmoh,R,188.0,USA,22.639,186.0,281.0,6-2 6-2 7-5,5,R64,100.0,14.0,1.0,72.0,43.0,39.0,20.0,14.0,1.0,1.0,3.0,1.0,81.0,51.0,35.0,12.0,14.0,4.0,9.0
2020-560,US Open,Hard,128,G,O,20200831,88,RH16,30.0,,Casper Ruud,R,183.0,NOR,21.692,37.0,1279.0,RH24,,,Emil Ruusuvuori,R,188.0,FIN,21.415,92.0,648.0,6-4 6-3 3-2 RET,5,R64,127.0,12.0,5.0,97.0,60.0,45.0,15.0,12.0,11.0,12.0,4.0,9.0,68.0,41.0,31.0,8.0,12.0,3.0,7.0
2020-560,US Open,Hard,128,G,O,20200831,89,C977,31.0,,Marin Cilic,R,198.0,CRO,31.923,38.0,1225.0,GB93,,,Norbert Gombos,R,193.0,SVK,30.051,104.0,550.0,6-3 1-6 7-6(2) 7-5,5,R64,178.0,15.0,8.0,124.0,77.0,57.0,22.0,21.0,4.0,8.0,6.0,7.0,127.0,74.0,55.0,26.0,20.0,8.0,12.0
2020-560,US Open,Hard,128,G,O,20200831,90,ME82,32.0,,Adrian Mannarino,L,180.0,FRA,32.172,39.0,1191.0,SM25,,,Jack Sock,R,191.0,USA,27.934,389.0,95.0,7-6(5) 7-5 6-2,5,R64,151.0,13.0,1.0,100.0,62.0,48.0,18.0,16.0,6.0,9.0,8.0,7.0,96.0,51.0,36.0,18.0,17.0,5.0,11.0
2020-560,US Open,Hard,128,G,O,20200831,91,BE90,,,Ricardas Berankis,R,175.0,LTU,30.196,65.0,809.0,J386,,,Steve Johnson,R,188.0,USA,30.686,64.0,825.0,7-5 6-2 1-6 7-6(1),5,R64,162.0,13.0,3.0,110.0,65.0,57.0,25.0,20.0,3.0,5.0,13.0,10.0,130.0,77.0,62.0,22.0,20.0,5.0,8.0
2020-560,US Open,Hard,128,G,O,20200831,92,CE25,,,Salvatore Caruso,R,185.0,ITA,27.71,100.0,623.0,E873,,,Ernesto Escobedo,R,185.0,MEX,24.159,185.0,284.0,3-6 6-4 6-3 6-4,5,R64,189.0,15.0,5.0,138.0,75.0,57.0,34.0,19.0,14.0,15.0,21.0,12.0,128.0,65.0,53.0,30.0,19.0,9.0,12.0
2020-560,US Open,Hard,128,G,O,20200831,93,N771,,,Cameron Norrie,L,188.0,GBR,25.024,76.0,727.0,CE77,,,Federico Coria,R,180.0,ARG,28.479,103.0,569.0,6-3 6-4 6-4,5,R64,127.0,5.0,2.0,108.0,79.0,51.0,20.0,15.0,13.0,14.0,5.0,3.0,84.0,50.0,34.0,17.0,14.0,6.0,10.0
2020-560,US Open,Hard,128,G,O,20200831,94,TC61,,,Jordan Thompson,R,183.0,AUS,26.366,63.0,829.0,GC89,,,Egor Gerasimov,R,196.0,BLR,27.803,72.0,744.0,6-1 6-4 3-6 6-3,5,R64,165.0,8.0,0.0,111.0,71.0,51.0,23.0,18.0,5.0,7.0,2.0,6.0,109.0,78.0,52.0,11.0,17.0,9.0,14.0
2020-560,US Open,Hard,128,G,O,20200831,95,TD51,,,Frances Tiafoe,R,188.0,USA,22.612,82.0,700.0,MH30,,,John Millman,R,183.0,AUS,31.214,43.0,1096.0,7-6(6) 3-6 1-6 6-3 6-3,5,R64,237.0,12.0,6.0,172.0,107.0,68.0,33.0,24.0,16.0,23.0,14.0,5.0,155.0,90.0,63.0,35.0,23.0,9.0,15.0
2020-560,US Open,Hard,128,G,O,20200831,96,W09G,,,J.J. Wolf,R,183.0,USA,21.695,138.0,402.0,CF59,,,Roberto Carballes Baena,R,183.0,ESP,27.441,101.0,614.0,6-2 6-4 6-3,5,R64,117.0,13.0,4.0,76.0,45.0,36.0,15.0,13.0,5.0,7.0,6.0,5.0,91.0,61.0,30.0,17.0,14.0,4.0,11.0
2020-560,US Open,Hard,128,G,O,20200831,97,D643,1.0,,Novak Djokovic,R,188.0,SRB,33.279,1.0,10860.0,SL28,28.0,,Jan-Lennard Struff,R,193.0,GER,30.352,29.0,1405.0,6-3 6-3 6-1,5,R32,103.0,4.0,5.0,81.0,51.0,41.0,17.0,13.0,4.0,4.0,8.0,3.0,76.0,44.0,27.0,14.0,12.0,6.0,11.0
2020-560,US Open,Hard,128,G,O,20200831,98,TB69,2.0,,Dominic Thiem,R,185.0,AUT,26.992,3.0,7135.0,C977,31.0,,Marin Cilic,R,198.0,CRO,31.923,38.0,1225.0,6-2 6-2 3-6 6-3,5,R32,147.0,9.0,2.0,104.0,61.0,53.0,20.0,17.0,7.0,8.0,5.0,3.0,98.0,61.0,45.0,16.0,17.0,5.0,10.0
2020-560,US Open,Hard,128,G,O,20200831,99,MM58,3.0,,Daniil Medvedev,R,198.0,RUS,24.553,5.0,5890.0,W09G,,,J.J. Wolf,R,183.0,USA,21.695,138.0,402.0,6-3 6-3 6-2,5,R32,108.0,13.0,1.0,77.0,40.0,32.0,20.0,13.0,2.0,4.0,3.0,8.0,89.0,46.0,28.0,15.0,13.0,3.0,10.0
2020-560,US Open,Hard,128,G,O,20200831,100,CG80,27.0,,Borna Coric,R,188.0,CRO,23.795,32.0,1355.0,TE51,4.0,,Stefanos Tsitsipas,R,193.0,GRE,22.053,6.0,5095.0,6-7(2) 6-4 4-6 7-5 7-6(4),5,R32,276.0,4.0,2.0,171.0,112.0,77.0,35.0,28.0,10.0,15.0,16.0,3.0,179.0,121.0,81.0,37.0,30.0,7.0,13.0
2020-560,US Open,Hard,128,G,O,20200831,101,Z355,5.0,,Alexander Zverev,R,198.0,GER,23.365,7.0,3630.0,ME82,32.0,,Adrian Mannarino,L,180.0,FRA,32.172,39.0,1191.0,6-7(4) 6-4 6-2 6-2,5,R32,172.0,14.0,11.0,116.0,73.0,58.0,22.0,20.0,6.0,8.0,4.0,2.0,121.0,75.0,47.0,23.0,19.0,2.0,9.0
2020-560,US Open,Hard,128,G,O,20200831,102,BK40,6.0,,Matteo Berrettini,R,196.0,ITA,24.386,8.0,2940.0,RH16,30.0,,Casper Ruud,R,183.0,NOR,21.692,37.0,1279.0,6-4 6-4 6-2,5,R32,123.0,13.0,4.0,88.0,53.0,45.0,19.0,14.0,5.0,5.0,2.0,3.0,86.0,54.0,37.0,16.0,14.0,6.0,10.0
2020-560,US Open,Hard,128,G,O,20200831,103,GB88,7.0,,David Goffin,R,180.0,BEL,29.733,10.0,2555.0,KB05,26.0,,Filip Krajinovic,R,185.0,SRB,28.509,26.0,1503.0,6-1 7-6(5) 6-4,5,R32,124.0,8.0,7.0,97.0,63.0,46.0,13.0,15.0,4.0,8.0,7.0,3.0,88.0,51.0,31.0,14.0,15.0,6.0,13.0
2020-560,US Open,Hard,128,G,O,20200831,104,PD07,,,Vasek Pospisil,R,193.0,CAN,30.19,94.0,642.0,BD06,8.0,,Roberto Bautista Agut,R,183.0,ESP,32.381,11.0,2540.0,7-5 2-6 4-6 6-3 6-2,5,R32,220.0,19.0,7.0,162.0,100.0,75.0,30.0,24.0,12.0,15.0,2.0,3.0,130.0,85.0,62.0,23.0,23.0,4.0,8.0
2020-560,US Open,Hard,128,G,O,20200831,105,RE44,10.0,,Andrey Rublev,R,188.0,RUS,22.864,14.0,2234.0,CE25,,,Salvatore Caruso,R,185.0,ITA,27.71,100.0,623.0,6-0 6-4 6-0,5,R32,84.0,17.0,3.0,60.0,38.0,33.0,9.0,11.0,1.0,2.0,3.0,2.0,70.0,40.0,20.0,8.0,11.0,5.0,13.0
2020-560,US Open,Hard,128,G,O,20200831,106,DH58,21.0,,Alex de Minaur,R,183.0,AUS,21.536,28.0,1485.0,KE29,11.0,,Karen Khachanov,R,198.0,RUS,24.279,16.0,2120.0,6-4 0-6 4-6 6-3 6-1,5,R32,182.0,8.0,6.0,141.0,81.0,56.0,27.0,21.0,5.0,10.0,6.0,5.0,137.0,90.0,52.0,28.0,21.0,7.0,13.0
2020-560,US Open,Hard,128,G,O,20200831,107,SU55,12.0,,Denis Shapovalov,L,185.0,CAN,21.38,17.0,2075.0,FB98,19.0,,Taylor Fritz,R,196.0,USA,22.842,25.0,1545.0,3-6 6-3 4-6 7-6(5) 6-2,5,R32,206.0,22.0,10.0,150.0,102.0,78.0,23.0,24.0,10.0,15.0,18.0,5.0,143.0,84.0,67.0,27.0,25.0,3.0,9.0
2020-560,US Open,Hard,128,G,O,20200831,108,AG37,15.0,,Felix Auger-Aliassime,R,193.0,CAN,20.063,21.0,1806.0,MW02,,,Corentin Moutet,L,180.0,FRA,21.369,77.0,722.0,6-1 6-0 6-4,5,R32,117.0,5.0,4.0,76.0,49.0,36.0,17.0,12.0,3.0,4.0,2.0,3.0,76.0,45.0,22.0,12.0,11.0,7.0,14.0
2020-560,US Open,Hard,128,G,O,20200831,109,CD85,20.0,,Pablo Carreno Busta,R,188.0,ESP,29.139,27.0,1500.0,BE90,,,Ricardas Berankis,R,175.0,LTU,30.196,65.0,809.0,6-4 6-3 6-2,5,R32,114.0,2.0,2.0,77.0,51.0,37.0,15.0,14.0,3.0,6.0,3.0,3.0,86.0,48.0,29.0,15.0,13.0,11.0,18.0
2020-560,US Open,Hard,128,G,O,20200831,110,DH50,,,Alejandro Davidovich Fokina,R,180.0,ESP,21.24,99.0,627.0,N771,,,Cameron Norrie,L,188.0,GBR,25.024,76.0,727.0,7-6(2) 4-6 6-2 6-1,5,R32,163.0,4.0,3.0,114.0,78.0,53.0,25.0,19.0,5.0,8.0,8.0,6.0,118.0,76.0,49.0,19.0,19.0,12.0,18.0
2020-560,US Open,Hard,128,G,O,20200831,111,TC61,,,Jordan Thompson,R,183.0,AUS,26.366,63.0,829.0,K926,,,Mikhail Kukushkin,R,183.0,KAZ,32.682,90.0,661.0,7-5 6-4 6-1,5,R32,143.0,11.0,2.0,86.0,56.0,43.0,15.0,15.0,3.0,5.0,2.0,2.0,97.0,48.0,24.0,25.0,14.0,7.0,13.0
2020-560,US Open,Hard,128,G,O,20200831,112,TD51,,,Frances Tiafoe,R,188.0,USA,22.612,82.0,700.0,F724,,,Marton Fucsovics,R,188.0,HUN,28.561,66.0,787.0,6-2 6-3 6-2,5,R32,104.0,4.0,1.0,81.0,47.0,39.0,18.0,13.0,5.0,6.0,4.0,2.0,65.0,38.0,20.0,12.0,12.0,3.0,9.0
2020-560,US Open,Hard,128,G,O,20200831,113,CD85,20.0,,Pablo Carreno Busta,R,188.0,ESP,29.139,27.0,1500.0,D643,1.0,,Novak Djokovic,R,188.0,SRB,33.279,1.0,10860.0,6-5 DEF,5,R16,60.0,3.0,0.0,36.0,24.0,18.0,6.0,5.0,4.0,4.0,9.0,0.0,28.0,20.0,16.0,5.0,6.0,1.0,2.0
2020-560,US Open,Hard,128,G,O,20200831,114,TB69,2.0,,Dominic Thiem,R,185.0,AUT,26.992,3.0,7135.0,AG37,15.0,,Felix Auger-Aliassime,R,193.0,CAN,20.063,21.0,1806.0,7-6(4) 6-1 6-1,5,R16,127.0,3.0,2.0,80.0,54.0,40.0,18.0,14.0,2.0,3.0,12.0,2.0,88.0,53.0,32.0,14.0,13.0,8.0,14.0
2020-560,US Open,Hard,128,G,O,20200831,115,MM58,3.0,,Daniil Medvedev,R,198.0,RUS,24.553,5.0,5890.0,TD51,,,Frances Tiafoe,R,188.0,USA,22.612,82.0,700.0,6-4 6-1 6-0,5,R16,98.0,7.0,1.0,60.0,31.0,22.0,20.0,11.0,0.0,1.0,1.0,1.0,70.0,44.0,24.0,6.0,12.0,3.0,11.0
2020-560,US Open,Hard,128,G,O,20200831,116,Z355,5.0,,Alexander Zverev,R,198.0,GER,23.365,7.0,3630.0,DH50,,,Alejandro Davidovich Fokina,R,180.0,ESP,21.24,99.0,627.0,6-2 6-2 6-1,5,R16,94.0,18.0,2.0,77.0,51.0,38.0,13.0,11.0,6.0,7.0,2.0,4.0,75.0,53.0,23.0,9.0,12.0,3.0,11.0
2020-560,US Open,Hard,128,G,O,20200831,117,RE44,10.0,,Andrey Rublev,R,188.0,RUS,22.864,14.0,2234.0,BK40,6.0,,Matteo Berrettini,R,196.0,ITA,24.386,8.0,2940.0,4-6 6-3 6-3 6-3,5,R16,162.0,9.0,4.0,117.0,68.0,58.0,24.0,19.0,7.0,8.0,5.0,3.0,110.0,62.0,44.0,25.0,18.0,5.0,9.0
2020-560,US Open,Hard,128,G,O,20200831,118,SU55,12.0,,Denis Shapovalov,L,185.0,CAN,21.38,17.0,2075.0,GB88,7.0,,David Goffin,R,180.0,BEL,29.733,10.0,2555.0,6-7(0) 6-3 6-4 6-3,5,R16,210.0,13.0,5.0,130.0,83.0,63.0,25.0,21.0,6.0,7.0,3.0,5.0,157.0,95.0,65.0,27.0,20.0,11.0,16.0
2020-560,US Open,Hard,128,G,O,20200831,119,DH58,21.0,,Alex de Minaur,R,183.0,AUS,21.536,28.0,1485.0,PD07,,,Vasek Pospisil,R,193.0,CAN,30.19,94.0,642.0,7-6(6) 6-3 6-2,5,R16,137.0,2.0,2.0,85.0,50.0,40.0,22.0,16.0,1.0,2.0,9.0,6.0,110.0,66.0,48.0,14.0,14.0,3.0,7.0
2020-560,US Open,Hard,128,G,O,20200831,120,CG80,27.0,,Borna Coric,R,188.0,CRO,23.795,32.0,1355.0,TC61,,,Jordan Thompson,R,183.0,AUS,26.366,63.0,829.0,7-5 6-1 6-3,5,R16,128.0,4.0,0.0,87.0,62.0,47.0,12.0,14.0,1.0,2.0,2.0,4.0,80.0,44.0,28.0,14.0,14.0,5.0,11.0
2020-560,US Open,Hard,128,G,O,20200831,121,TB69,2.0,,Dominic Thiem,R,185.0,AUT,26.992,3.0,7135.0,DH58,21.0,,Alex de Minaur,R,183.0,AUS,21.536,28.0,1485.0,6-1 6-2 6-4,5,QF,124.0,11.0,3.0,89.0,53.0,44.0,14.0,13.0,5.0,7.0,1.0,3.0,76.0,43.0,21.0,17.0,12.0,6.0,13.0
2020-560,US Open,Hard,128,G,O,20200831,122,MM58,3.0,,Daniil Medvedev,R,198.0,RUS,24.553,5.0,5890.0,RE44,10.0,,Andrey Rublev,R,188.0,RUS,22.864,14.0,2234.0,7-6(6) 6-3 7-6(5),5,QF,147.0,16.0,3.0,97.0,57.0,51.0,26.0,18.0,0.0,0.0,10.0,1.0,100.0,51.0,40.0,30.0,17.0,0.0,1.0
2020-560,US Open,Hard,128,G,O,20200831,123,Z355,5.0,,Alexander Zverev,R,198.0,GER,23.365,7.0,3630.0,CG80,27.0,,Borna Coric,R,188.0,CRO,23.795,32.0,1355.0,1-6 7-6(5) 7-6(1) 6-3,5,QF,205.0,18.0,12.0,141.0,100.0,76.0,17.0,21.0,11.0,15.0,5.0,2.0,127.0,92.0,64.0,20.0,21.0,5.0,8.0
2020-560,US Open,Hard,128,G,O,20200831,124,CD85,20.0,,Pablo Carreno Busta,R,188.0,ESP,29.139,27.0,1500.0,SU55,12.0,,Denis Shapovalov,L,185.0,CAN,21.38,17.0,2075.0,3-6 7-6(5) 7-6(4) 0-6 6-3,5,QF,248.0,5.0,1.0,144.0,102.0,69.0,23.0,26.0,8.0,16.0,26.0,11.0,169.0,104.0,82.0,26.0,24.0,16.0,21.0
2020-560,US Open,Hard,128,G,O,20200831,125,TB69,2.0,,Dominic Thiem,R,185.0,AUT,26.992,3.0,7135.0,MM58,3.0,,Daniil Medvedev,R,198.0,RUS,24.553,5.0,5890.0,6-2 7-6(7) 7-6(5),5,SF,176.0,2.0,3.0,114.0,67.0,53.0,26.0,17.0,6.0,8.0,12.0,4.0,126.0,74.0,56.0,21.0,17.0,6.0,10.0
2020-560,US Open,Hard,128,G,O,20200831,126,Z355,5.0,,Alexander Zverev,R,198.0,GER,23.365,7.0,3630.0,CD85,20.0,,Pablo Carreno Busta,R,188.0,ESP,29.139,27.0,1500.0,3-6 2-6 6-3 6-4 6-3,5,SF,203.0,24.0,8.0,138.0,86.0,67.0,19.0,22.0,9.0,16.0,4.0,1.0,149.0,106.0,68.0,18.0,23.0,14.0,22.0
2020-560,US Open,Hard,128,G,O,20200831,127,TB69,2.0,,Dominic Thiem,R,185.0,AUT,26.992,3.0,7135.0,Z355,5.0,,Alexander Zverev,R,198.0,GER,23.365,7.0,3630.0,2-6 4-6 6-4 6-3 7-6(6),5,F,242.0,8.0,8.0,165.0,103.0,70.0,30.0,26.0,10.0,18.0,15.0,15.0,157.0,101.0,71.0,23.0,24.0,6.0,13.0
2020-319,Kitzbuhel,Clay,32,250,O,20200907,1,HB71,5.0,,Hubert Hurkacz,R,196.0,POL,23.57,33.0,1353.0,SH90,,,Joao Sousa,R,185.0,POR,31.441,68.0,776.0,6-3 7-5,3,R32,84.0,6.0,4.0,58.0,26.0,24.0,19.0,11.0,0.0,1.0,1.0,3.0,60.0,34.0,24.0,12.0,10.0,2.0,5.0
2020-319,Kitzbuhel,Clay,32,250,O,20200907,2,KI95,,,Miomir Kecmanovic,R,183.0,SRB,21.021,47.0,1028.0,N552,6.0,,Kei Nishikori,R,178.0,JPN,30.691,34.0,1345.0,4-6 6-4 6-2,3,R32,118.0,3.0,4.0,75.0,36.0,24.0,21.0,14.0,1.0,6.0,2.0,6.0,85.0,45.0,24.0,20.0,14.0,3.0,10.0
2020-319,Kitzbuhel,Clay,32,250,O,20200907,3,PC11,7.0,,Guido Pella,L,183.0,ARG,30.311,36.0,1310.0,N732,,,Yoshihito Nishioka,L,170.0,JPN,24.947,49.0,1007.0,6-3 6-0,3,R32,61.0,1.0,0.0,42.0,28.0,22.0,10.0,8.0,0.0,0.0,0.0,2.0,50.0,28.0,16.0,8.0,7.0,4.0,8.0
2020-319,Kitzbuhel,Clay,32,250,O,20200907,4,DB63,,Q,Laslo Djere,R,188.0,SRB,25.268,81.0,705.0,R772,8.0,,Albert Ramos-Vinolas,L,188.0,ESP,32.641,41.0,1130.0,6-1 3-6 7-6(2),3,R32,142.0,7.0,7.0,88.0,47.0,37.0,19.0,14.0,2.0,6.0,1.0,5.0,86.0,44.0,28.0,21.0,14.0,3.0,8.0
2020-319,Kitzbuhel,Clay,32,250,O,20200907,5,D874,,Q,Federico Delbonis,L,193.0,ARG,29.925,79.0,711.0,LB84,,,Juan Ignacio Londero,R,180.0,ARG,27.064,62.0,832.0,6-4 6-0,3,R32,78.0,3.0,1.0,59.0,32.0,26.0,13.0,8.0,2.0,2.0,0.0,2.0,45.0,25.0,12.0,11.0,8.0,2.0,6.0
2020-319,Kitzbuhel,Clay,32,250,O,20200907,6,H997,,Q,Yannick Hanfmann,R,193.0,GER,28.819,118.0,486.0,BK92,,,Alexander Bublik,R,196.0,KAZ,23.225,54.0,965.0,7-5 6-2,3,R32,72.0,0.0,1.0,56.0,32.0,24.0,14.0,10.0,0.0,1.0,7.0,3.0,55.0,30.0,20.0,12.0,10.0,2.0,6.0
2020-319,Kitzbuhel,Clay,32,250,O,20200907,7,HH06,,Q,Marc-Andrea Huesler,L,196.0,SUI,24.205,303.0,139.0,RH24,,WC,Emil Ruusuvuori,R,188.0,FIN,21.435,92.0,648.0,3-6 6-4 7-6(2),3,R32,129.0,6.0,5.0,102.0,53.0,33.0,28.0,15.0,4.0,8.0,7.0,7.0,101.0,55.0,37.0,24.0,16.0,5.0,9.0
2020-319,Kitzbuhel,Clay,32,250,O,20200907,8,L397,,,Feliciano Lopez,L,188.0,ESP,38.965,57.0,908.0,H996,,Q,Pierre-Hugues Herbert,R,188.0,FRA,29.476,69.0,775.0,6-4 6-3,3,R32,73.0,9.0,1.0,56.0,28.0,24.0,18.0,10.0,2.0,2.0,10.0,3.0,58.0,33.0,23.0,12.0,9.0,5.0,7.0
2020-319,Kitzbuhel,Clay,32,250,O,20200907,9,MN13,,Q,Maximilian Marterer,L,188.0,GER,25.232,337.0,118.0,DB59,,WC,Dennis Novak,R,183.0,AUT,27.028,85.0,695.0,7-6(6) 6-4,3,R32,104.0,4.0,3.0,73.0,49.0,36.0,12.0,11.0,3.0,4.0,6.0,0.0,76.0,53.0,33.0,12.0,11.0,2.0,4.0
2020-319,Kitzbuhel,Clay,32,250,O,20200907,10,O513,,WC,Sebastian Ofner,R,191.0,AUT,24.323,159.0,341.0,A829,,,Radu Albot,R,175.0,MDA,30.823,70.0,772.0,6-7(5) 6-4 7-6(4),3,R32,165.0,7.0,9.0,119.0,58.0,41.0,27.0,17.0,10.0,15.0,2.0,4.0,108.0,64.0,38.0,24.0,17.0,7.0,13.0
2020-319,Kitzbuhel,Clay,32,250,O,20200907,11,S0AG,,WC,Jannik Sinner,R,191.0,ITA,19.061,74.0,733.0,K435,,WC,Philipp Kohlschreiber,R,178.0,GER,36.895,75.0,729.0,6-3 6-2,3,R32,67.0,5.0,0.0,44.0,26.0,22.0,11.0,9.0,1.0,2.0,1.0,0.0,50.0,30.0,16.0,9.0,8.0,3.0,7.0
2020-319,Kitzbuhel,Clay,32,250,O,20200907,12,TC61,,,Jordan Thompson,R,183.0,AUS,26.385,63.0,829.0,MH30,,,John Millman,R,183.0,AUS,31.233,43.0,1096.0,6-3 4-6 7-6(2),3,R32,178.0,6.0,5.0,109.0,53.0,37.0,27.0,16.0,7.0,13.0,2.0,10.0,108.0,58.0,37.0,22.0,15.0,8.0,14.0
2020-319,Kitzbuhel,Clay,32,250,O,20200907,13,HH06,,Q,Marc-Andrea Huesler,L,196.0,SUI,24.205,303.0,139.0,F510,1.0,,Fabio Fognini,R,178.0,ITA,33.292,12.0,2400.0,6-1 6-2,3,R16,56.0,5.0,1.0,44.0,25.0,22.0,12.0,8.0,3.0,3.0,1.0,6.0,45.0,20.0,13.0,8.0,7.0,5.0,9.0
2020-319,Kitzbuhel,Clay,32,250,O,20200907,14,SM37,2.0,,Diego Schwartzman,R,170.0,ARG,28.06,13.0,2265.0,O513,,WC,Sebastian Ofner,R,191.0,AUT,24.323,159.0,341.0,6-2 2-6 7-5,3,R16,133.0,2.0,6.0,86.0,50.0,36.0,15.0,14.0,1.0,5.0,5.0,4.0,94.0,59.0,36.0,17.0,14.0,8.0,13.0
2020-319,Kitzbuhel,Clay,32,250,O,20200907,15,H997,,Q,Yannick Hanfmann,R,193.0,GER,28.819,118.0,486.0,L987,3.0,,Dusan Lajovic,R,183.0,SRB,30.19,24.0,1695.0,4-6 6-3 6-4,3,R16,140.0,0.0,2.0,95.0,55.0,35.0,24.0,15.0,4.0,7.0,7.0,1.0,104.0,64.0,36.0,23.0,14.0,6.0,10.0
2020-319,Kitzbuhel,Clay,32,250,O,20200907,16,D874,,Q,Federico Delbonis,L,193.0,ARG,29.925,79.0,711.0,BG23,4.0,,Nikoloz Basilashvili,R,185.0,GEO,28.539,30.0,1395.0,7-5 6-3,3,R16,86.0,4.0,4.0,60.0,33.0,28.0,12.0,11.0,2.0,4.0,2.0,7.0,79.0,45.0,31.0,9.0,10.0,11.0,15.0
2020-319,Kitzbuhel,Clay,32,250,O,20200907,17,MN13,,Q,Maximilian Marterer,L,188.0,GER,25.232,337.0,118.0,HB71,5.0,,Hubert Hurkacz,R,196.0,POL,23.57,33.0,1353.0,6-1 6-4,3,R16,73.0,3.0,3.0,55.0,30.0,26.0,9.0,9.0,2.0,4.0,0.0,3.0,46.0,27.0,15.0,5.0,8.0,2.0,7.0
2020-319,Kitzbuhel,Clay,32,250,O,20200907,18,L397,,,Feliciano Lopez,L,188.0,ESP,38.965,57.0,908.0,PC11,7.0,,Guido Pella,L,183.0,ARG,30.311,36.0,1310.0,7-5 6-7(4) 7-6(3),3,R16,179.0,21.0,8.0,118.0,66.0,61.0,25.0,18.0,4.0,5.0,9.0,7.0,127.0,66.0,52.0,32.0,18.0,5.0,7.0
2020-319,Kitzbuhel,Clay,32,250,O,20200907,19,DB63,,Q,Laslo Djere,R,188.0,SRB,25.268,81.0,705.0,S0AG,,WC,Jannik Sinner,R,191.0,ITA,19.061,74.0,733.0,6-4 6-4,3,R16,79.0,1.0,3.0,50.0,22.0,20.0,17.0,10.0,0.0,1.0,1.0,0.0,63.0,31.0,22.0,15.0,10.0,4.0,7.0
2020-319,Kitzbuhel,Clay,32,250,O,20200907,20,KI95,,,Miomir Kecmanovic,R,183.0,SRB,21.021,47.0,1028.0,TC61,,,Jordan Thompson,R,183.0,AUS,26.385,63.0,829.0,6-2 6-2,3,R16,64.0,6.0,1.0,45.0,29.0,24.0,10.0,8.0,1.0,1.0,2.0,2.0,52.0,27.0,17.0,8.0,8.0,4.0,8.0
2020-319,Kitzbuhel,Clay,32,250,O,20200907,21,DB63,,Q,Laslo Djere,R,188.0,SRB,25.268,81.0,705.0,SM37,2.0,,Diego Schwartzman,R,170.0,ARG,28.06,13.0,2265.0,7-6(2) 6-3,3,QF,113.0,1.0,4.0,77.0,41.0,29.0,17.0,10.0,4.0,7.0,0.0,2.0,68.0,39.0,23.0,12.0,11.0,1.0,6.0
2020-319,Kitzbuhel,Clay,32,250,O,20200907,22,H997,,Q,Yannick Hanfmann,R,193.0,GER,28.819,118.0,486.0,MN13,,Q,Maximilian Marterer,L,188.0,GER,25.232,337.0,118.0,6-2 7-5,3,QF,77.0,10.0,2.0,54.0,36.0,28.0,10.0,10.0,2.0,3.0,0.0,0.0,58.0,33.0,22.0,11.0,10.0,4.0,8.0
2020-319,Kitzbuhel,Clay,32,250,O,20200907,23,HH06,,Q,Marc-Andrea Huesler,L,196.0,SUI,24.205,303.0,139.0,L397,,,Feliciano Lopez,L,188.0,ESP,38.965,57.0,908.0,6-4 6-3,3,QF,83.0,7.0,3.0,56.0,29.0,22.0,16.0,9.0,3.0,4.0,8.0,6.0,77.0,39.0,26.0,14.0,10.0,10.0,14.0
2020-319,Kitzbuhel,Clay,32,250,O,20200907,24,KI95,,,Miomir Kecmanovic,R,183.0,SRB,21.021,47.0,1028.0,D874,,Q,Federico Delbonis,L,193.0,ARG,29.925,79.0,711.0,6-4 6-7(5) 7-5,3,QF,153.0,13.0,3.0,101.0,53.0,46.0,29.0,17.0,3.0,3.0,11.0,6.0,118.0,75.0,58.0,21.0,17.0,10.0,12.0
2020-319,Kitzbuhel,Clay,32,250,O,20200907,25,H997,,Q,Yannick Hanfmann,R,193.0,GER,28.819,118.0,486.0,DB63,,Q,Laslo Djere,R,188.0,SRB,25.268,81.0,705.0,4-6 6-3 7-6(5),3,SF,145.0,3.0,4.0,100.0,58.0,42.0,21.0,16.0,0.0,4.0,4.0,5.0,98.0,50.0,39.0,18.0,15.0,6.0,10.0
2020-319,Kitzbuhel,Clay,32,250,O,20200907,26,KI95,,,Miomir Kecmanovic,R,183.0,SRB,21.021,47.0,1028.0,HH06,,Q,Marc-Andrea Huesler,L,196.0,SUI,24.205,303.0,139.0,6-2 5-7 6-3,3,SF,139.0,8.0,16.0,109.0,43.0,37.0,30.0,15.0,4.0,7.0,7.0,8.0,110.0,56.0,38.0,22.0,14.0,13.0,18.0
2020-319,Kitzbuhel,Clay,32,250,O,20200907,27,KI95,,,Miomir Kecmanovic,R,183.0,SRB,21.021,47.0,1028.0,H997,,Q,Yannick Hanfmann,R,193.0,GER,28.819,118.0,486.0,6-4 6-4,3,F,76.0,1.0,1.0,57.0,20.0,13.0,27.0,10.0,4.0,5.0,1.0,2.0,52.0,28.0,20.0,11.0,10.0,1.0,4.0
2020-416,Rome Masters,Clay,56,M,O,20200914,1,CE25,,WC,Salvatore Caruso,R,185.0,ITA,27.748,87.0,703.0,SL08,,Q,Tennys Sandgren,R,188.0,USA,29.15,49.0,1013.0,3-6 6-3 7-6(4),3,R64,171.0,5.0,4.0,117.0,59.0,43.0,31.0,15.0,4.0,6.0,7.0,3.0,95.0,59.0,40.0,21.0,15.0,3.0,5.0
2020-416,Rome Masters,Clay,56,M,O,20200914,2,CF01,,Q,Marco Cecchinato,R,185.0,ITA,27.956,113.0,526.0,E831,,,Kyle Edmund,R,188.0,GBR,25.684,45.0,1085.0,3-6 7-6(7) 6-2,3,R64,138.0,4.0,0.0,85.0,65.0,43.0,15.0,14.0,3.0,5.0,6.0,5.0,91.0,58.0,45.0,13.0,15.0,2.0,5.0
2020-416,Rome Masters,Clay,56,M,O,20200914,3,KB05,,,Filip Krajinovic,R,185.0,SRB,28.548,29.0,1583.0,AG37,16.0,,Felix Auger-Aliassime,R,193.0,CAN,20.101,20.0,1976.0,6-4 7-5,3,R64,103.0,1.0,1.0,59.0,30.0,27.0,17.0,11.0,2.0,3.0,6.0,6.0,74.0,47.0,31.0,13.0,11.0,7.0,10.0
2020-416,Rome Masters,Clay,56,M,O,20200914,4,M0EJ,,Q,Lorenzo Musetti,R,185.0,ITA,18.535,249.0,207.0,W367,10.0,,Stan Wawrinka,R,183.0,SUI,35.466,17.0,2185.0,6-0 7-6(2),3,R64,83.0,5.0,0.0,54.0,36.0,25.0,12.0,9.0,0.0,1.0,2.0,0.0,69.0,39.0,23.0,12.0,9.0,3.0,7.0
2020-416,Rome Masters,Clay,56,M,O,20200914,5,N552,,,Kei Nishikori,R,178.0,JPN,30.71,35.0,1345.0,R772,,,Albert Ramos-Vinolas,L,188.0,ESP,32.66,44.0,1130.0,6-4 7-6(3),3,R64,123.0,2.0,1.0,78.0,43.0,33.0,22.0,11.0,2.0,2.0,2.0,2.0,83.0,48.0,34.0,21.0,11.0,9.0,10.0
2020-416,Rome Masters,Clay,56,M,O,20200914,6,KE73,,Q,Dominik Koepfer,L,180.0,GER,26.379,97.0,652.0,DH58,,,Alex de Minaur,R,183.0,AUS,21.574,27.0,1665.0,3-6 6-3 7-6(5),3,R64,153.0,2.0,5.0,104.0,69.0,42.0,15.0,15.0,8.0,14.0,1.0,4.0,113.0,58.0,35.0,26.0,15.0,7.0,13.0
2020-416,Rome Masters,Clay,56,M,O,20200914,7,CE77,,Q,Federico Coria,R,180.0,ARG,28.517,104.0,607.0,SL28,,,Jan-Lennard Struff,R,193.0,GER,30.39,30.0,1450.0,6-1 7-6(5),3,R64,89.0,1.0,0.0,64.0,50.0,41.0,7.0,10.0,4.0,4.0,4.0,2.0,64.0,36.0,29.0,12.0,9.0,3.0,5.0
2020-416,Rome Masters,Clay,56,M,O,20200914,8,TA12,,WC,Stefano Travaglia,R,185.0,ITA,28.715,84.0,719.0,FB98,,,Taylor Fritz,R,196.0,USA,22.88,28.0,1625.0,6-4 7-6(4),3,R64,94.0,7.0,4.0,76.0,39.0,35.0,19.0,11.0,3.0,3.0,9.0,1.0,71.0,42.0,36.0,13.0,11.0,2.0,3.0
2020-416,Rome Masters,Clay,56,M,O,20200914,9,CG80,,,Borna Coric,R,188.0,CRO,23.833,26.0,1670.0,GD64,14.0,,Cristian Garin,R,185.0,CHI,24.293,21.0,1900.0,6-4 6-4,3,R64,126.0,5.0,4.0,66.0,35.0,25.0,14.0,10.0,3.0,6.0,4.0,11.0,69.0,39.0,24.0,12.0,10.0,8.0,13.0
2020-416,Rome Masters,Clay,56,M,O,20200914,10,RH16,,,Casper Ruud,R,183.0,NOR,21.73,34.0,1359.0,KE29,11.0,,Karen Khachanov,R,198.0,RUS,24.318,16.0,2200.0,6-3 3-6 6-1,3,R64,133.0,6.0,0.0,75.0,48.0,32.0,18.0,13.0,1.0,3.0,4.0,1.0,90.0,49.0,32.0,20.0,12.0,13.0,17.0
2020-416,Rome Masters,Clay,56,M,O,20200914,11,SU87,,,Lorenzo Sonego,R,191.0,ITA,25.347,47.0,1030.0,BG23,,,Nikoloz Basilashvili,R,185.0,GEO,28.559,32.0,1395.0,6-3 6-1,3,R64,79.0,4.0,3.0,51.0,32.0,23.0,10.0,8.0,6.0,7.0,1.0,4.0,52.0,24.0,12.0,11.0,8.0,5.0,10.0
2020-416,Rome Masters,Clay,56,M,O,20200914,12,C977,,,Marin Cilic,R,198.0,CRO,31.962,40.0,1225.0,BK92,,,Alexander Bublik,R,196.0,KAZ,23.244,56.0,965.0,6-7(4) 6-2 6-4,3,R64,134.0,7.0,5.0,100.0,58.0,44.0,28.0,15.0,9.0,9.0,17.0,6.0,91.0,49.0,37.0,22.0,15.0,2.0,5.0
2020-416,Rome Masters,Clay,56,M,O,20200914,13,HH26,,,Ugo Humbert,L,188.0,FRA,22.22,42.0,1146.0,A678,,PR,Kevin Anderson,R,203.0,RSA,34.327,119.0,500.0,6-3 7-6(5),3,R64,104.0,4.0,4.0,68.0,29.0,21.0,27.0,11.0,3.0,4.0,9.0,2.0,62.0,40.0,29.0,10.0,10.0,4.0,6.0
2020-416,Rome Masters,Clay,56,M,O,20200914,14,MO44,,Q,Pedro Martinez,R,185.0,ESP,23.387,109.0,548.0,Q927,,,Sam Querrey,R,198.0,USA,32.939,46.0,1045.0,6-3 7-6(3),3,R64,99.0,3.0,7.0,87.0,53.0,35.0,18.0,11.0,5.0,6.0,13.0,2.0,59.0,33.0,24.0,12.0,10.0,0.0,2.0
2020-416,Rome Masters,Clay,56,M,O,20200914,15,SU55,12.0,,Denis Shapovalov,L,185.0,CAN,21.418,14.0,2345.0,PC11,,,Guido Pella,L,183.0,ARG,30.33,37.0,1310.0,6-2 6-3,3,R64,85.0,7.0,6.0,50.0,26.0,22.0,13.0,8.0,2.0,2.0,0.0,2.0,68.0,40.0,25.0,11.0,9.0,7.0,11.0
2020-416,Rome Masters,Clay,56,M,O,20200914,16,D875,15.0,,Grigor Dimitrov,R,191.0,BUL,29.333,22.0,1885.0,ML57,,WC,Gianluca Mager,R,188.0,ITA,25.788,85.0,713.0,7-5 6-1,3,R64,74.0,3.0,5.0,57.0,27.0,22.0,18.0,10.0,1.0,2.0,0.0,0.0,51.0,35.0,21.0,6.0,9.0,2.0,6.0
2020-416,Rome Masters,Clay,56,M,O,20200914,17,N732,,,Yoshihito Nishioka,L,170.0,JPN,24.966,50.0,1007.0,KI95,,,Miomir Kecmanovic,R,183.0,SRB,21.04,39.0,1258.0,6-4 6-1,3,R64,77.0,4.0,1.0,48.0,34.0,20.0,12.0,8.0,3.0,4.0,2.0,1.0,73.0,37.0,22.0,14.0,9.0,7.0,12.0
2020-416,Rome Masters,Clay,56,M,O,20200914,18,S0AG,,WC,Jannik Sinner,R,191.0,ITA,19.08,81.0,743.0,PD31,,,Benoit Paire,R,196.0,FRA,31.354,24.0,1738.0,6-2 6-1,3,R64,64.0,4.0,0.0,51.0,36.0,26.0,11.0,8.0,4.0,4.0,4.0,0.0,48.0,25.0,14.0,9.0,7.0,5.0,9.0
2020-416,Rome Masters,Clay,56,M,O,20200914,19,MH30,,,John Millman,R,183.0,AUS,31.253,43.0,1131.0,SH90,,LL,Joao Sousa,R,185.0,POR,31.461,74.0,776.0,7-5 7-6(2),3,R64,124.0,6.0,1.0,78.0,50.0,37.0,15.0,12.0,4.0,6.0,3.0,2.0,85.0,48.0,33.0,17.0,12.0,5.0,8.0
2020-416,Rome Masters,Clay,56,M,O,20200914,20,HB71,,,Hubert Hurkacz,R,196.0,POL,23.589,31.0,1398.0,E687,,,Daniel Evans,R,175.0,GBR,30.313,33.0,1384.0,6-3 3-6 7-5,3,R64,148.0,2.0,2.0,87.0,52.0,36.0,17.0,15.0,2.0,7.0,2.0,5.0,94.0,63.0,43.0,9.0,15.0,6.0,12.0
2020-416,Rome Masters,Clay,56,M,O,20200914,21,RE44,9.0,,Andrey Rublev,R,188.0,RUS,22.902,12.0,2414.0,BF23,,Q,Facundo Bagnis,L,183.0,ARG,30.546,135.0,426.0,6-4 6-4,3,R64,98.0,7.0,1.0,62.0,39.0,29.0,12.0,10.0,6.0,8.0,4.0,3.0,70.0,37.0,23.0,15.0,10.0,7.0,11.0
2020-416,Rome Masters,Clay,56,M,O,20200914,22,R975,13.0,,Milos Raonic,R,196.0,CAN,29.717,19.0,1995.0,ME82,,,Adrian Mannarino,L,180.0,FRA,32.211,38.0,1271.0,7-6(3) 6-2,3,R64,127.0,12.0,1.0,55.0,31.0,29.0,15.0,10.0,0.0,0.0,1.0,5.0,70.0,29.0,20.0,22.0,10.0,3.0,5.0
2020-416,Rome Masters,Clay,56,M,O,20200914,23,L987,,,Dusan Lajovic,R,183.0,SRB,30.209,25.0,1695.0,DH50,,Q,Alejandro Davidovich Fokina,R,180.0,ESP,21.279,70.0,801.0,6-4 6-4,3,R64,103.0,6.0,0.0,58.0,31.0,24.0,16.0,10.0,2.0,3.0,1.0,4.0,71.0,45.0,31.0,9.0,10.0,5.0,8.0
2020-416,Rome Masters,Clay,56,M,O,20200914,24,D643,1.0,,Novak Djokovic,R,188.0,SRB,33.317,1.0,10860.0,CE25,,WC,Salvatore Caruso,R,185.0,ITA,27.748,87.0,703.0,6-3 6-2,3,R32,84.0,4.0,1.0,48.0,32.0,26.0,11.0,9.0,0.0,0.0,3.0,2.0,62.0,35.0,23.0,11.0,8.0,5.0,8.0
2020-416,Rome Masters,Clay,56,M,O,20200914,25,KB05,,,Filip Krajinovic,R,185.0,SRB,28.548,29.0,1583.0,CF01,,Q,Marco Cecchinato,R,185.0,ITA,27.956,113.0,526.0,6-4 6-1,3,R32,76.0,1.0,0.0,41.0,27.0,24.0,9.0,8.0,1.0,1.0,1.0,1.0,67.0,41.0,24.0,11.0,9.0,3.0,7.0
2020-416,Rome Masters,Clay,56,M,O,20200914,26,M0EJ,,Q,Lorenzo Musetti,R,185.0,ITA,18.535,249.0,207.0,N552,,,Kei Nishikori,R,178.0,JPN,30.71,35.0,1345.0,6-3 6-4,3,R32,102.0,2.0,2.0,73.0,50.0,39.0,10.0,10.0,5.0,5.0,1.0,4.0,61.0,38.0,28.0,10.0,9.0,4.0,6.0
2020-416,Rome Masters,Clay,56,M,O,20200914,27,KE73,,Q,Dominik Koepfer,L,180.0,GER,26.379,97.0,652.0,MC65,5.0,,Gael Monfils,R,193.0,FRA,34.037,9.0,2860.0,6-2 6-4,3,R32,91.0,1.0,3.0,60.0,37.0,26.0,14.0,9.0,2.0,3.0,4.0,6.0,57.0,31.0,19.0,11.0,9.0,5.0,9.0
2020-416,Rome Masters,Clay,56,M,O,20200914,28,BK40,4.0,,Matteo Berrettini,R,196.0,ITA,24.424,8.0,2940.0,CE77,,Q,Federico Coria,R,180.0,ARG,28.517,104.0,607.0,7-5 6-1,3,R32,80.0,7.0,2.0,48.0,34.0,31.0,7.0,10.0,0.0,1.0,1.0,1.0,70.0,52.0,28.0,9.0,9.0,7.0,11.0
2020-416,Rome Masters,Clay,56,M,O,20200914,29,TA12,,WC,Stefano Travaglia,R,185.0,ITA,28.715,84.0,719.0,CG80,,,Borna Coric,R,188.0,CRO,23.833,26.0,1670.0,7-6(2) 7-5,3,R32,141.0,9.0,2.0,80.0,35.0,28.0,20.0,12.0,3.0,6.0,7.0,2.0,87.0,40.0,27.0,21.0,12.0,1.0,5.0
2020-416,Rome Masters,Clay,56,M,O,20200914,30,RH16,,,Casper Ruud,R,183.0,NOR,21.73,34.0,1359.0,SU87,,,Lorenzo Sonego,R,191.0,ITA,25.347,47.0,1030.0,6-3 6-4,3,R32,107.0,0.0,0.0,61.0,45.0,30.0,8.0,10.0,1.0,3.0,4.0,1.0,71.0,46.0,26.0,11.0,9.0,7.0,11.0
2020-416,Rome Masters,Clay,56,M,O,20200914,31,C977,,,Marin Cilic,R,198.0,CRO,31.962,40.0,1225.0,GB88,6.0,,David Goffin,R,180.0,BEL,29.771,11.0,2555.0,6-2 6-2,3,R32,70.0,8.0,0.0,40.0,26.0,23.0,9.0,8.0,0.0,0.0,2.0,1.0,54.0,25.0,16.0,11.0,8.0,3.0,7.0
2020-416,Rome Masters,Clay,56,M,O,20200914,32,HH26,,,Ugo Humbert,L,188.0,FRA,22.22,42.0,1146.0,F510,7.0,,Fabio Fognini,R,178.0,ITA,33.311,13.0,2400.0,7-5 7-6(4),3,R32,119.0,2.0,2.0,79.0,50.0,31.0,11.0,12.0,2.0,7.0,3.0,3.0,71.0,37.0,25.0,13.0,12.0,6.0,12.0
2020-416,Rome Masters,Clay,56,M,O,20200914,33,SU55,12.0,,Denis Shapovalov,L,185.0,CAN,21.418,14.0,2345.0,MO44,,Q,Pedro Martinez,R,185.0,ESP,23.387,109.0,548.0,6-4 6-4,3,R32,100.0,3.0,2.0,61.0,30.0,17.0,21.0,10.0,2.0,4.0,1.0,7.0,65.0,38.0,26.0,10.0,10.0,2.0,6.0
2020-416,Rome Masters,Clay,56,M,O,20200914,34,D875,15.0,,Grigor Dimitrov,R,191.0,BUL,29.333,22.0,1885.0,N732,,,Yoshihito Nishioka,L,170.0,JPN,24.966,50.0,1007.0,6-1 6-0,3,R32,55.0,2.0,4.0,48.0,25.0,24.0,10.0,7.0,1.0,1.0,0.0,1.0,38.0,22.0,8.0,4.0,6.0,3.0,8.0
2020-416,Rome Masters,Clay,56,M,O,20200914,35,S0AG,,WC,Jannik Sinner,R,191.0,ITA,19.08,81.0,743.0,TE51,3.0,,Stefanos Tsitsipas,R,193.0,GRE,22.092,6.0,5175.0,6-1 6-7(9) 6-2,3,R32,133.0,1.0,1.0,81.0,55.0,38.0,18.0,13.0,1.0,3.0,5.0,6.0,101.0,60.0,32.0,20.0,14.0,7.0,14.0
2020-416,Rome Masters,Clay,56,M,O,20200914,36,SM37,8.0,,Diego Schwartzman,R,170.0,ARG,28.079,15.0,2265.0,MH30,,,John Millman,R,183.0,AUS,31.253,43.0,1131.0,6-4 7-6(1),3,R32,137.0,3.0,6.0,77.0,49.0,31.0,14.0,11.0,3.0,6.0,4.0,2.0,90.0,51.0,32.0,16.0,11.0,7.0,11.0
2020-416,Rome Masters,Clay,56,M,O,20200914,37,HB71,,,Hubert Hurkacz,R,196.0,POL,23.589,31.0,1398.0,RE44,9.0,,Andrey Rublev,R,188.0,RUS,22.902,12.0,2414.0,7-6(6) 3-6 6-2,3,R32,117.0,15.0,1.0,89.0,54.0,41.0,19.0,14.0,4.0,6.0,12.0,1.0,82.0,49.0,38.0,20.0,15.0,4.0,7.0
2020-416,Rome Masters,Clay,56,M,O,20200914,38,L987,,,Dusan Lajovic,R,183.0,SRB,30.209,25.0,1695.0,R975,13.0,,Milos Raonic,R,196.0,CAN,29.717,19.0,1995.0,7-6(3) 4-6 6-2,3,R32,152.0,8.0,4.0,106.0,75.0,52.0,16.0,15.0,4.0,7.0,8.0,10.0,91.0,51.0,38.0,19.0,15.0,6.0,10.0
2020-416,Rome Masters,Clay,56,M,O,20200914,39,N409,2.0,,Rafael Nadal,L,185.0,ESP,34.283,2.0,9850.0,CD85,,,Pablo Carreno Busta,R,188.0,ESP,29.177,18.0,2130.0,6-1 6-1,3,R32,73.0,2.0,2.0,39.0,19.0,15.0,16.0,7.0,1.0,1.0,0.0,1.0,56.0,41.0,19.0,5.0,7.0,4.0,9.0
2020-416,Rome Masters,Clay,56,M,O,20200914,40,D643,1.0,,Novak Djokovic,R,188.0,SRB,33.317,1.0,10860.0,KB05,,,Filip Krajinovic,R,185.0,SRB,28.548,29.0,1583.0,7-6(7) 6-3,3,R16,127.0,3.0,4.0,77.0,50.0,35.0,14.0,10.0,5.0,6.0,3.0,3.0,96.0,64.0,40.0,14.0,11.0,10.0,13.0
2020-416,Rome Masters,Clay,56,M,O,20200914,41,KE73,,Q,Dominik Koepfer,L,180.0,GER,26.379,97.0,652.0,M0EJ,,Q,Lorenzo Musetti,R,185.0,ITA,18.535,249.0,207.0,6-4 6-0,3,R16,70.0,2.0,1.0,52.0,29.0,22.0,14.0,8.0,5.0,5.0,1.0,2.0,46.0,27.0,17.0,7.0,8.0,0.0,4.0
2020-416,Rome Masters,Clay,56,M,O,20200914,42,BK40,4.0,,Matteo Berrettini,R,196.0,ITA,24.424,8.0,2940.0,TA12,,WC,Stefano Travaglia,R,185.0,ITA,28.715,84.0,719.0,7-6(5) 7-6(1),3,R16,119.0,3.0,0.0,70.0,51.0,36.0,14.0,12.0,1.0,3.0,6.0,3.0,82.0,50.0,34.0,18.0,12.0,7.0,9.0
2020-416,Rome Masters,Clay,56,M,O,20200914,43,RH16,,,Casper Ruud,R,183.0,NOR,21.73,34.0,1359.0,C977,,,Marin Cilic,R,198.0,CRO,31.962,40.0,1225.0,6-2 7-6(6),3,R16,93.0,3.0,1.0,63.0,40.0,34.0,12.0,10.0,2.0,2.0,4.0,3.0,58.0,29.0,27.0,15.0,10.0,1.0,3.0
2020-416,Rome Masters,Clay,56,M,O,20200914,44,SU55,12.0,,Denis Shapovalov,L,185.0,CAN,21.418,14.0,2345.0,HH26,,,Ugo Humbert,L,188.0,FRA,22.22,42.0,1146.0,6-7(5) 6-1 6-4,3,R16,171.0,4.0,6.0,95.0,55.0,47.0,25.0,15.0,5.0,5.0,4.0,3.0,115.0,66.0,51.0,20.0,14.0,13.0,16.0
2020-416,Rome Masters,Clay,56,M,O,20200914,45,D875,15.0,,Grigor Dimitrov,R,191.0,BUL,29.333,22.0,1885.0,S0AG,,WC,Jannik Sinner,R,191.0,ITA,19.08,81.0,743.0,4-6 6-4 6-4,3,R16,144.0,0.0,0.0,86.0,50.0,35.0,19.0,15.0,4.0,7.0,1.0,4.0,106.0,66.0,44.0,17.0,15.0,9.0,13.0
2020-416,Rome Masters,Clay,56,M,O,20200914,46,SM37,8.0,,Diego Schwartzman,R,170.0,ARG,28.079,15.0,2265.0,HB71,,,Hubert Hurkacz,R,196.0,POL,23.589,31.0,1398.0,3-6 6-2 6-4,3,R16,129.0,1.0,6.0,75.0,53.0,36.0,10.0,13.0,4.0,7.0,3.0,5.0,83.0,45.0,30.0,21.0,14.0,4.0,9.0
2020-416,Rome Masters,Clay,56,M,O,20200914,47,N409,2.0,,Rafael Nadal,L,185.0,ESP,34.283,2.0,9850.0,L987,,,Dusan Lajovic,R,183.0,SRB,30.209,25.0,1695.0,6-1 6-3,3,R16,90.0,2.0,1.0,41.0,27.0,17.0,9.0,8.0,2.0,4.0,1.0,4.0,62.0,42.0,17.0,9.0,8.0,8.0,14.0
2020-416,Rome Masters,Clay,56,M,O,20200914,48,D643,1.0,,Novak Djokovic,R,188.0,SRB,33.317,1.0,10860.0,KE73,,Q,Dominik Koepfer,L,180.0,GER,26.379,97.0,652.0,6-3 4-6 6-3,3,QF,130.0,5.0,0.0,75.0,48.0,31.0,14.0,14.0,0.0,4.0,4.0,4.0,102.0,62.0,38.0,13.0,14.0,15.0,21.0
2020-416,Rome Masters,Clay,56,M,O,20200914,49,RH16,,,Casper Ruud,R,183.0,NOR,21.73,34.0,1359.0,BK40,4.0,,Matteo Berrettini,R,196.0,ITA,24.424,8.0,2940.0,4-6 6-3 7-6(5),3,QF,177.0,4.0,3.0,103.0,61.0,46.0,23.0,16.0,4.0,6.0,12.0,1.0,106.0,70.0,54.0,14.0,15.0,7.0,9.0
2020-416,Rome Masters,Clay,56,M,O,20200914,50,SU55,12.0,,Denis Shapovalov,L,185.0,CAN,21.418,14.0,2345.0,D875,15.0,,Grigor Dimitrov,R,191.0,BUL,29.333,22.0,1885.0,6-2 3-6 6-2,3,QF,110.0,3.0,5.0,67.0,35.0,28.0,17.0,12.0,0.0,2.0,2.0,3.0,71.0,44.0,26.0,16.0,13.0,4.0,9.0
2020-416,Rome Masters,Clay,56,M,O,20200914,51,SM37,8.0,,Diego Schwartzman,R,170.0,ARG,28.079,15.0,2265.0,N409,2.0,,Rafael Nadal,L,185.0,ESP,34.283,2.0,9850.0,6-2 7-5,3,QF,123.0,0.0,0.0,60.0,36.0,23.0,14.0,10.0,3.0,5.0,2.0,0.0,63.0,27.0,13.0,16.0,10.0,4.0,9.0
2020-416,Rome Masters,Clay,56,M,O,20200914,52,D643,1.0,,Novak Djokovic,R,188.0,SRB,33.317,1.0,10860.0,RH16,,,Casper Ruud,R,183.0,NOR,21.73,34.0,1359.0,7-5 6-3,3,SF,131.0,12.0,1.0,79.0,53.0,37.0,16.0,11.0,7.0,8.0,2.0,1.0,84.0,59.0,36.0,12.0,10.0,6.0,9.0
2020-416,Rome Masters,Clay,56,M,O,20200914,53,SM37,8.0,,Diego Schwartzman,R,170.0,ARG,28.079,15.0,2265.0,SU55,12.0,,Denis Shapovalov,L,185.0,CAN,21.418,14.0,2345.0,6-4 5-7 7-6(4),3,SF,195.0,0.0,2.0,113.0,78.0,44.0,19.0,17.0,9.0,15.0,10.0,8.0,112.0,61.0,40.0,22.0,17.0,8.0,14.0
2020-416,Rome Masters,Clay,56,M,O,20200914,54,D643,1.0,,Novak Djokovic,R,188.0,SRB,33.317,1.0,10860.0,SM37,8.0,,Diego Schwartzman,R,170.0,ARG,28.079,15.0,2265.0,7-5 6-3,3,F,113.0,2.0,1.0,70.0,48.0,33.0,9.0,11.0,3.0,6.0,1.0,3.0,66.0,43.0,25.0,8.0,10.0,4.0,9.0
2020-414,Hamburg,Clay,32,500,O,20200921,1,HH26,,,Ugo Humbert,L,188.0,FRA,22.24,41.0,1216.0,MM58,1.0,,Daniil Medvedev,R,198.0,RUS,24.611,5.0,5890.0,6-4 6-3,3,R32,82.0,3.0,0.0,60.0,44.0,31.0,10.0,10.0,2.0,3.0,2.0,2.0,46.0,28.0,19.0,10.0,9.0,2.0,5.0
2020-414,Hamburg,Clay,32,500,O,20200921,2,TE51,2.0,,Stefanos Tsitsipas,R,193.0,GRE,22.111,6.0,5175.0,E687,,,Daniel Evans,R,175.0,GBR,30.333,34.0,1384.0,6-3 6-1,3,R32,59.0,4.0,1.0,48.0,35.0,27.0,7.0,8.0,1.0,1.0,0.0,1.0,41.0,22.0,13.0,9.0,8.0,1.0,5.0
2020-414,Hamburg,Clay,32,500,O,20200921,3,H997,,WC,Yannick Hanfmann,R,193.0,GER,28.857,103.0,642.0,MC65,3.0,,Gael Monfils,R,193.0,FRA,34.056,9.0,2860.0,6-4 6-3,3,R32,74.0,2.0,0.0,51.0,35.0,32.0,9.0,10.0,1.0,1.0,0.0,3.0,56.0,33.0,22.0,14.0,9.0,0.0,2.0
2020-414,Hamburg,Clay,32,500,O,20200921,4,BD06,4.0,,Roberto Bautista Agut,R,183.0,ESP,32.438,11.0,2620.0,BG23,,,Nikoloz Basilashvili,R,185.0,GEO,28.578,33.0,1395.0,6-4 6-3,3,R32,85.0,5.0,2.0,62.0,45.0,28.0,10.0,10.0,2.0,4.0,0.0,2.0,51.0,34.0,20.0,7.0,9.0,5.0,9.0
2020-414,Hamburg,Clay,32,500,O,20200921,5,RE44,5.0,,Andrey Rublev,R,188.0,RUS,22.921,14.0,2414.0,SL08,,Q,Tennys Sandgren,R,188.0,USA,29.169,48.0,1048.0,6-3 6-3,3,R32,68.0,6.0,0.0,46.0,30.0,27.0,9.0,9.0,0.0,0.0,4.0,0.0,63.0,41.0,22.0,13.0,9.0,5.0,8.0
2020-414,Hamburg,Clay,32,500,O,20200921,6,F510,6.0,,Fabio Fognini,R,178.0,ITA,33.331,15.0,2400.0,K435,,WC,Philipp Kohlschreiber,R,178.0,GER,36.934,85.0,729.0,4-6 6-1 7-5,3,R32,139.0,3.0,2.0,77.0,45.0,36.0,17.0,15.0,0.0,3.0,3.0,2.0,115.0,72.0,41.0,24.0,14.0,14.0,19.0
2020-414,Hamburg,Clay,32,500,O,20200921,7,KE29,8.0,,Karen Khachanov,R,198.0,RUS,24.337,16.0,2200.0,SL28,,,Jan-Lennard Struff,R,193.0,GER,30.409,32.0,1450.0,7-6(5) 4-6 7-5,3,R32,154.0,5.0,3.0,110.0,67.0,49.0,19.0,17.0,9.0,14.0,8.0,3.0,105.0,49.0,36.0,24.0,17.0,4.0,9.0
2020-414,Hamburg,Clay,32,500,O,20200921,8,AG37,,,Felix Auger-Aliassime,R,193.0,CAN,20.12,21.0,1976.0,SU87,,,Lorenzo Sonego,R,191.0,ITA,25.366,46.0,1075.0,6-2 7-6(2),3,R32,107.0,1.0,1.0,63.0,34.0,28.0,21.0,10.0,4.0,4.0,2.0,1.0,57.0,40.0,31.0,7.0,10.0,3.0,5.0
2020-414,Hamburg,Clay,32,500,O,20200921,9,BK92,,LL,Alexander Bublik,R,196.0,KAZ,23.264,56.0,965.0,R772,,,Albert Ramos-Vinolas,L,188.0,ESP,32.679,44.0,1130.0,6-2 7-6(5),3,R32,112.0,17.0,5.0,74.0,39.0,33.0,15.0,10.0,5.0,6.0,0.0,2.0,83.0,46.0,27.0,22.0,10.0,7.0,10.0
2020-414,Hamburg,Clay,32,500,O,20200921,10,C882,,Q,Pablo Cuevas,R,180.0,URU,34.721,63.0,862.0,FB98,,,Taylor Fritz,R,196.0,USA,22.899,29.0,1625.0,6-4 6-2,3,R32,80.0,1.0,1.0,60.0,42.0,29.0,10.0,9.0,5.0,6.0,3.0,1.0,60.0,38.0,21.0,10.0,9.0,3.0,7.0
2020-414,Hamburg,Clay,32,500,O,20200921,11,GD64,,,Cristian Garin,R,185.0,CHI,24.312,22.0,1910.0,N552,,,Kei Nishikori,R,178.0,JPN,30.73,35.0,1345.0,6-0 6-3,3,R32,76.0,1.0,4.0,59.0,43.0,33.0,4.0,8.0,6.0,7.0,0.0,0.0,51.0,40.0,19.0,4.0,7.0,4.0,9.0
2020-414,Hamburg,Clay,32,500,O,20200921,12,KE73,,SE,Dominik Koepfer,L,180.0,GER,26.398,66.0,849.0,N732,,,Yoshihito Nishioka,L,170.0,JPN,24.986,51.0,1017.0,7-6(0) 4-6 6-1,3,R32,149.0,10.0,1.0,127.0,78.0,49.0,27.0,15.0,16.0,19.0,0.0,1.0,98.0,73.0,43.0,15.0,14.0,11.0,15.0
2020-414,Hamburg,Clay,32,500,O,20200921,13,L987,,,Dusan Lajovic,R,183.0,SRB,30.229,24.0,1740.0,ME82,,,Adrian Mannarino,L,180.0,FRA,32.23,38.0,1271.0,6-4 6-1,3,R32,96.0,1.0,2.0,52.0,36.0,25.0,9.0,8.0,0.0,1.0,1.0,3.0,73.0,47.0,22.0,13.0,9.0,7.0,12.0
2020-414,Hamburg,Clay,32,500,O,20200921,14,PL56,,Q,Tommy Paul,R,185.0,USA,23.348,59.0,894.0,A678,,PR,Kevin Anderson,R,203.0,RSA,34.346,118.0,510.0,6-4 0-6 6-4,3,R32,115.0,1.0,1.0,88.0,51.0,33.0,21.0,13.0,7.0,10.0,14.0,2.0,70.0,42.0,35.0,14.0,13.0,4.0,6.0
2020-414,Hamburg,Clay,32,500,O,20200921,15,RH16,,,Casper Ruud,R,183.0,NOR,21.749,30.0,1604.0,PD31,,,Benoit Paire,R,196.0,FRA,31.373,25.0,1738.0,6-4 2-0 RET,3,R32,46.0,3.0,0.0,28.0,18.0,13.0,5.0,6.0,1.0,3.0,1.0,4.0,43.0,24.0,13.0,7.0,6.0,3.0,7.0
2020-414,Hamburg,Clay,32,500,O,20200921,16,V708,,Q,Jiri Vesely,L,198.0,CZE,27.201,75.0,785.0,SD32,,LL,Gilles Simon,R,183.0,FRA,35.734,53.0,1005.0,7-5 6-2,3,R32,103.0,6.0,1.0,59.0,36.0,27.0,12.0,10.0,2.0,4.0,3.0,5.0,59.0,31.0,18.0,12.0,10.0,4.0,9.0
2020-414,Hamburg,Clay,32,500,O,20200921,17,TE51,2.0,,Stefanos Tsitsipas,R,193.0,GRE,22.111,6.0,5175.0,C882,,Q,Pablo Cuevas,R,180.0,URU,34.721,63.0,862.0,7-5 6-4,3,R16,91.0,3.0,1.0,68.0,48.0,39.0,12.0,11.0,5.0,5.0,2.0,1.0,60.0,37.0,29.0,10.0,11.0,0.0,2.0
2020-414,Hamburg,Clay,32,500,O,20200921,18,BD06,4.0,,Roberto Bautista Agut,R,183.0,ESP,32.438,11.0,2620.0,KE73,,SE,Dominik Koepfer,L,180.0,GER,26.398,66.0,849.0,6-3 3-6 6-3,3,R16,124.0,2.0,2.0,83.0,57.0,32.0,14.0,14.0,3.0,9.0,4.0,3.0,84.0,59.0,32.0,9.0,13.0,10.0,17.0
2020-414,Hamburg,Clay,32,500,O,20200921,19,RE44,5.0,,Andrey Rublev,R,188.0,RUS,22.921,14.0,2414.0,PL56,,Q,Tommy Paul,R,185.0,USA,23.348,59.0,894.0,6-1 3-6 6-2,3,R16,96.0,4.0,2.0,64.0,40.0,33.0,12.0,12.0,3.0,5.0,3.0,0.0,78.0,47.0,27.0,13.0,12.0,5.0,10.0
2020-414,Hamburg,Clay,32,500,O,20200921,20,RH16,,,Casper Ruud,R,183.0,NOR,21.749,30.0,1604.0,F510,6.0,,Fabio Fognini,R,178.0,ITA,33.331,15.0,2400.0,6-3 6-3,3,R16,67.0,2.0,0.0,44.0,28.0,25.0,9.0,9.0,2.0,3.0,0.0,1.0,50.0,26.0,13.0,13.0,9.0,0.0,4.0
2020-414,Hamburg,Clay,32,500,O,20200921,21,L987,,,Dusan Lajovic,R,183.0,SRB,30.229,24.0,1740.0,KE29,8.0,,Karen Khachanov,R,198.0,RUS,24.337,16.0,2200.0,6-1 6-2,3,R16,62.0,2.0,3.0,43.0,29.0,20.0,9.0,8.0,0.0,2.0,0.0,3.0,45.0,21.0,9.0,7.0,7.0,7.0,13.0
2020-414,Hamburg,Clay,32,500,O,20200921,22,BK92,,LL,Alexander Bublik,R,196.0,KAZ,23.264,56.0,965.0,AG37,,,Felix Auger-Aliassime,R,193.0,CAN,20.12,21.0,1976.0,6-4 6-2,3,R16,78.0,2.0,0.0,52.0,29.0,22.0,14.0,9.0,5.0,6.0,5.0,4.0,56.0,32.0,16.0,13.0,9.0,4.0,8.0
2020-414,Hamburg,Clay,32,500,O,20200921,23,GD64,,,Cristian Garin,R,185.0,CHI,24.312,22.0,1910.0,H997,,WC,Yannick Hanfmann,R,193.0,GER,28.857,103.0,642.0,6-2 7-6(3),3,R16,97.0,5.0,2.0,60.0,39.0,30.0,11.0,10.0,2.0,4.0,0.0,2.0,77.0,45.0,29.0,12.0,10.0,5.0,9.0
2020-414,Hamburg,Clay,32,500,O,20200921,24,HH26,,,Ugo Humbert,L,188.0,FRA,22.24,41.0,1216.0,V708,,Q,Jiri Vesely,L,198.0,CZE,27.201,75.0,785.0,6-4 6-3,3,R16,105.0,3.0,3.0,66.0,42.0,31.0,11.0,10.0,4.0,6.0,2.0,3.0,68.0,44.0,26.0,10.0,9.0,4.0,8.0
2020-414,Hamburg,Clay,32,500,O,20200921,25,TE51,2.0,,Stefanos Tsitsipas,R,193.0,GRE,22.111,6.0,5175.0,L987,,,Dusan Lajovic,R,183.0,SRB,30.229,24.0,1740.0,7-6(5) 6-2,3,QF,96.0,3.0,0.0,68.0,48.0,32.0,16.0,10.0,6.0,7.0,0.0,0.0,72.0,51.0,29.0,14.0,10.0,4.0,7.0
2020-414,Hamburg,Clay,32,500,O,20200921,26,RE44,5.0,,Andrey Rublev,R,188.0,RUS,22.921,14.0,2414.0,BD06,4.0,,Roberto Bautista Agut,R,183.0,ESP,32.438,11.0,2620.0,6-2 7-5,3,QF,91.0,1.0,1.0,59.0,36.0,20.0,14.0,10.0,2.0,5.0,1.0,4.0,63.0,43.0,21.0,7.0,10.0,3.0,9.0
2020-414,Hamburg,Clay,32,500,O,20200921,27,GD64,,,Cristian Garin,R,185.0,CHI,24.312,22.0,1910.0,BK92,,LL,Alexander Bublik,R,196.0,KAZ,23.264,56.0,965.0,3-6 6-4 6-4,3,QF,114.0,3.0,5.0,88.0,55.0,37.0,23.0,15.0,6.0,8.0,8.0,3.0,85.0,45.0,36.0,21.0,14.0,3.0,5.0
2020-414,Hamburg,Clay,32,500,O,20200921,28,RH16,,,Casper Ruud,R,183.0,NOR,21.749,30.0,1604.0,HH26,,,Ugo Humbert,L,188.0,FRA,22.24,41.0,1216.0,7-5 3-6 6-1,3,QF,158.0,2.0,0.0,107.0,75.0,44.0,21.0,14.0,5.0,7.0,2.0,3.0,96.0,63.0,43.0,14.0,14.0,13.0,17.0
2020-414,Hamburg,Clay,32,500,O,20200921,29,TE51,2.0,,Stefanos Tsitsipas,R,193.0,GRE,22.111,6.0,5175.0,GD64,,,Cristian Garin,R,185.0,CHI,24.312,22.0,1910.0,7-5 3-6 6-4,3,SF,135.0,12.0,3.0,91.0,60.0,41.0,19.0,16.0,3.0,6.0,3.0,5.0,93.0,69.0,49.0,9.0,15.0,1.0,4.0
2020-414,Hamburg,Clay,32,500,O,20200921,30,RE44,5.0,,Andrey Rublev,R,188.0,RUS,22.921,14.0,2414.0,RH16,,,Casper Ruud,R,183.0,NOR,21.749,30.0,1604.0,6-4 6-2,3,SF,85.0,4.0,2.0,57.0,27.0,20.0,15.0,9.0,3.0,5.0,0.0,1.0,57.0,35.0,16.0,11.0,9.0,3.0,8.0
2020-414,Hamburg,Clay,32,500,O,20200921,31,RE44,5.0,,Andrey Rublev,R,188.0,RUS,22.921,14.0,2414.0,TE51,2.0,,Stefanos Tsitsipas,R,193.0,GRE,22.111,6.0,5175.0,6-4 3-6 7-5,3,F,139.0,3.0,0.0,87.0,53.0,38.0,18.0,15.0,9.0,13.0,11.0,6.0,101.0,71.0,48.0,12.0,16.0,5.0,10.0
2020-520,Roland Garros,Clay,128,G,O,20200928,1,D643,1.0,,Novak Djokovic,R,188.0,SRB,33.355,1.0,11260.0,Y268,,,Mikael Ymer,R,185.0,SWE,22.053,80.0,763.0,6-0 6-2 6-3,5,R128,98.0,2.0,2.0,58.0,35.0,26.0,14.0,12.0,0.0,2.0,2.0,5.0,72.0,48.0,20.0,8.0,11.0,2.0,11.0
2020-520,Roland Garros,Clay,128,G,O,20200928,2,BE90,,,Ricardas Berankis,R,175.0,LTU,30.272,66.0,854.0,DA31,,,Hugo Dellien,R,180.0,BOL,27.285,104.0,638.0,6-1 6-4 6-4,5,R128,149.0,3.0,1.0,102.0,56.0,46.0,22.0,14.0,6.0,6.0,2.0,0.0,93.0,73.0,44.0,8.0,13.0,7.0,11.0
2020-520,Roland Garros,Clay,128,G,O,20200928,3,GE33,,LL,Daniel Elahi Galan,R,191.0,COL,24.279,153.0,379.0,N771,,,Cameron Norrie,L,188.0,GBR,25.101,72.0,807.0,4-6 6-3 5-7 6-1 6-1,5,R128,222.0,6.0,0.0,169.0,111.0,70.0,26.0,23.0,12.0,19.0,2.0,6.0,148.0,99.0,54.0,21.0,22.0,11.0,22.0
2020-520,Roland Garros,Clay,128,G,O,20200928,4,SL08,,,Tennys Sandgren,R,188.0,USA,29.188,47.0,1068.0,HB71,29.0,,Hubert Hurkacz,R,196.0,POL,23.628,31.0,1468.0,7-5 2-6 4-6 7-6(1) 11-9,5,R128,271.0,14.0,7.0,186.0,112.0,74.0,41.0,31.0,7.0,14.0,10.0,8.0,200.0,123.0,86.0,39.0,31.0,12.0,18.0
2020-520,Roland Garros,Clay,128,G,O,20200928,5,GD64,20.0,,Cristian Garin,R,185.0,CHI,24.331,19.0,2090.0,K435,,,Philipp Kohlschreiber,R,178.0,GER,36.953,86.0,729.0,6-4 4-6 6-1 6-4,5,R128,174.0,7.0,4.0,119.0,73.0,53.0,26.0,19.0,2.0,4.0,1.0,3.0,132.0,70.0,43.0,37.0,18.0,11.0,16.0
2020-520,Roland Garros,Clay,128,G,O,20200928,6,PG94,,LL,Marc Polmans,R,188.0,AUS,23.409,122.0,485.0,HH26,,,Ugo Humbert,L,188.0,FRA,22.259,38.0,1286.0,6-2 6-2 3-6 6-3,5,R128,182.0,3.0,1.0,118.0,86.0,61.0,18.0,17.0,10.0,11.0,8.0,5.0,115.0,76.0,55.0,13.0,17.0,6.0,11.0
2020-520,Roland Garros,Clay,128,G,O,20200928,7,V708,,,Jiri Vesely,L,198.0,CZE,27.22,68.0,840.0,BI23,,Q,Liam Broady,L,183.0,GBR,26.732,207.0,260.0,6-2 5-7 6-3 6-2,5,R128,166.0,14.0,1.0,102.0,76.0,58.0,16.0,19.0,1.0,3.0,3.0,1.0,132.0,82.0,55.0,19.0,18.0,9.0,15.0
2020-520,Roland Garros,Clay,128,G,O,20200928,8,KE29,15.0,,Karen Khachanov,R,198.0,RUS,24.356,16.0,2200.0,MQ75,,,Kamil Majchrzak,R,183.0,POL,24.709,100.0,650.0,7-6(3) 6-3 6-3,5,R128,116.0,6.0,2.0,90.0,65.0,51.0,11.0,15.0,6.0,8.0,8.0,2.0,93.0,56.0,36.0,18.0,15.0,6.0,11.0
2020-520,Roland Garros,Clay,128,G,O,20200928,9,BD06,10.0,,Roberto Bautista Agut,R,183.0,ESP,32.457,10.0,2665.0,G628,,,Richard Gasquet,R,183.0,FRA,34.281,50.0,1030.0,7-6(5) 6-2 6-1,5,R128,118.0,6.0,0.0,79.0,52.0,35.0,15.0,14.0,4.0,7.0,1.0,4.0,108.0,64.0,38.0,16.0,13.0,9.0,17.0
2020-520,Roland Garros,Clay,128,G,O,20200928,10,BD80,,,Attila Balazs,R,180.0,HUN,32.003,87.0,722.0,U134,,,Yasutaka Uchiyama,R,183.0,JPN,28.148,95.0,685.0,6-2 6-3 7-5,5,R128,141.0,3.0,3.0,83.0,50.0,39.0,20.0,15.0,2.0,3.0,6.0,3.0,102.0,63.0,41.0,14.0,14.0,8.0,13.0
2020-520,Roland Garros,Clay,128,G,O,20200928,11,PC11,,,Guido Pella,L,183.0,ARG,30.368,37.0,1310.0,CE25,,,Salvatore Caruso,R,185.0,ITA,27.786,85.0,742.0,7-6(6) 6-7(4) 7-5 6-4,5,R128,225.0,9.0,3.0,158.0,106.0,75.0,26.0,23.0,6.0,11.0,5.0,3.0,156.0,99.0,62.0,31.0,23.0,4.0,11.0
2020-520,Roland Garros,Clay,128,G,O,20200928,12,CD85,17.0,,Pablo Carreno Busta,R,188.0,ESP,29.216,18.0,2130.0,MH30,,,John Millman,R,183.0,AUS,31.291,43.0,1166.0,6-3 6-2 7-5,5,R128,136.0,4.0,0.0,80.0,55.0,37.0,14.0,15.0,4.0,7.0,1.0,2.0,109.0,62.0,37.0,15.0,14.0,14.0,22.0
2020-520,Roland Garros,Clay,128,G,O,20200928,13,SL28,30.0,,Jan-Lennard Struff,R,193.0,GER,30.428,32.0,1450.0,TD51,,,Frances Tiafoe,R,188.0,USA,22.689,67.0,845.0,3-6 7-6(5) 6-3 6-7(2) 6-3,5,R128,240.0,23.0,4.0,161.0,94.0,67.0,38.0,26.0,7.0,10.0,10.0,4.0,197.0,111.0,75.0,43.0,25.0,9.0,15.0
2020-520,Roland Garros,Clay,128,G,O,20200928,14,AE14,,Q,Daniel Altmaier,R,188.0,GER,22.045,186.0,302.0,L397,,,Feliciano Lopez,L,188.0,ESP,39.023,57.0,953.0,7-6(1) 6-4 6-4,5,R128,158.0,10.0,1.0,107.0,63.0,45.0,25.0,16.0,9.0,12.0,11.0,3.0,124.0,70.0,40.0,28.0,16.0,10.0,15.0
2020-520,Roland Garros,Clay,128,G,O,20200928,15,HG86,,,Lloyd Harris,R,193.0,RSA,23.592,90.0,701.0,P09Z,,,Alexei Popyrin,R,196.0,AUS,21.15,108.0,576.0,6-4 6-4 7-6(7),5,R128,120.0,17.0,1.0,95.0,68.0,56.0,17.0,16.0,0.0,0.0,7.0,7.0,101.0,67.0,51.0,17.0,16.0,6.0,8.0
2020-520,Roland Garros,Clay,128,G,O,20200928,16,BK40,7.0,,Matteo Berrettini,R,196.0,ITA,24.463,8.0,3030.0,PD07,,,Vasek Pospisil,R,193.0,CAN,30.267,76.0,777.0,6-3 6-1 6-3,5,R128,108.0,4.0,2.0,64.0,37.0,29.0,20.0,13.0,1.0,1.0,3.0,5.0,99.0,52.0,31.0,20.0,12.0,14.0,20.0
2020-520,Roland Garros,Clay,128,G,O,20200928,17,F724,,,Marton Fucsovics,R,188.0,HUN,28.638,63.0,877.0,MM58,4.0,,Daniil Medvedev,R,198.0,RUS,24.63,5.0,5890.0,6-4 7-6(3) 2-6 6-1,5,R128,197.0,2.0,6.0,131.0,72.0,50.0,29.0,19.0,4.0,9.0,3.0,4.0,115.0,69.0,44.0,22.0,18.0,7.0,13.0
2020-520,Roland Garros,Clay,128,G,O,20200928,18,R772,,,Albert Ramos-Vinolas,L,188.0,ESP,32.698,44.0,1130.0,ME82,,,Adrian Mannarino,L,180.0,FRA,32.249,39.0,1271.0,6-4 6-3 6-0,5,R128,114.0,0.0,2.0,72.0,40.0,27.0,23.0,13.0,1.0,2.0,2.0,6.0,94.0,50.0,32.0,16.0,12.0,5.0,12.0
2020-520,Roland Garros,Clay,128,G,O,20200928,19,GC88,,,Marcos Giron,R,180.0,USA,27.181,96.0,684.0,HB64,,WC,Quentin Halys,R,191.0,FRA,23.923,202.0,274.0,7-5 3-6 6-7(5) 7-5 8-6,5,R128,262.0,8.0,1.0,201.0,134.0,87.0,36.0,30.0,9.0,16.0,15.0,15.0,194.0,117.0,79.0,36.0,29.0,11.0,20.0
2020-520,Roland Garros,Clay,128,G,O,20200928,20,MJ08,,,Thiago Monteiro,L,183.0,BRA,26.33,84.0,749.0,BG23,31.0,,Nikoloz Basilashvili,R,185.0,GEO,28.597,33.0,1395.0,7-5 6-4 6-2,5,R128,125.0,6.0,0.0,88.0,60.0,47.0,20.0,15.0,6.0,6.0,0.0,2.0,87.0,47.0,29.0,26.0,15.0,4.0,8.0
2020-520,Roland Garros,Clay,128,G,O,20200928,21,L987,22.0,,Dusan Lajovic,R,183.0,SRB,30.248,24.0,1785.0,ML57,,,Gianluca Mager,R,188.0,ITA,25.826,89.0,713.0,6-4 7-6(4) 4-6 6-1,5,R128,166.0,6.0,1.0,120.0,87.0,62.0,20.0,20.0,3.0,7.0,0.0,2.0,142.0,95.0,59.0,22.0,19.0,15.0,21.0
2020-520,Roland Garros,Clay,128,G,O,20200928,22,A678,,,Kevin Anderson,R,203.0,RSA,34.366,118.0,510.0,DB63,,,Laslo Djere,R,188.0,SRB,25.325,73.0,797.0,6-2 6-3 6-4,5,R128,131.0,11.0,1.0,81.0,56.0,42.0,14.0,14.0,3.0,5.0,1.0,3.0,90.0,63.0,38.0,8.0,13.0,8.0,14.0
2020-520,Roland Garros,Clay,128,G,O,20200928,23,DH50,,,Alejandro Davidovich Fokina,R,180.0,ESP,21.317,70.0,829.0,M0G4,,WC,Harold Mayot,R,180.0,FRA,18.648,412.0,88.0,7-6(5) 6-3 7-5,5,R128,165.0,2.0,2.0,109.0,67.0,46.0,24.0,17.0,7.0,10.0,4.0,1.0,122.0,59.0,34.0,35.0,16.0,4.0,9.0
2020-520,Roland Garros,Clay,128,G,O,20200928,24,RE44,13.0,,Andrey Rublev,R,188.0,RUS,22.94,12.0,2614.0,Q927,,,Sam Querrey,R,198.0,USA,32.977,48.0,1055.0,6-7(5) 6-7(4) 7-5 6-4 6-3,5,R128,197.0,23.0,2.0,158.0,92.0,71.0,40.0,28.0,5.0,9.0,29.0,11.0,175.0,105.0,79.0,32.0,27.0,7.0,15.0
2020-520,Roland Garros,Clay,128,G,O,20200928,25,SU55,9.0,,Denis Shapovalov,L,185.0,CAN,21.457,11.0,2660.0,SD32,,,Gilles Simon,R,183.0,FRA,35.754,54.0,1005.0,6-2 7-5 5-7 6-3,5,R128,209.0,6.0,7.0,119.0,82.0,49.0,18.0,21.0,6.0,13.0,5.0,12.0,158.0,83.0,48.0,31.0,20.0,13.0,24.0
2020-520,Roland Garros,Clay,128,G,O,20200928,26,CF59,,,Roberto Carballes Baena,R,183.0,ESP,27.518,101.0,649.0,J386,,,Steve Johnson,R,188.0,USA,30.762,64.0,870.0,6-1 6-1 6-0,5,R128,83.0,1.0,0.0,52.0,42.0,32.0,9.0,10.0,3.0,3.0,1.0,1.0,64.0,34.0,17.0,8.0,10.0,4.0,12.0
2020-520,Roland Garros,Clay,128,G,O,20200928,27,MF35,,,Andrej Martin,R,183.0,SVK,31.023,102.0,649.0,SH90,,,Joao Sousa,R,185.0,POR,31.499,77.0,776.0,7-5 6-1 6-2,5,R128,110.0,2.0,3.0,79.0,51.0,35.0,20.0,14.0,3.0,5.0,2.0,4.0,73.0,49.0,26.0,8.0,13.0,3.0,10.0
2020-520,Roland Garros,Clay,128,G,O,20200928,28,D875,18.0,,Grigor Dimitrov,R,191.0,BUL,29.372,20.0,2055.0,BK24,,,Gregoire Barrere,R,183.0,FRA,26.615,103.0,647.0,6-3 6-2 6-2,5,R128,123.0,3.0,8.0,95.0,49.0,33.0,24.0,13.0,6.0,8.0,1.0,5.0,94.0,56.0,31.0,13.0,12.0,17.0,24.0
2020-520,Roland Garros,Clay,128,G,O,20200928,29,MM66,,Q,Nikola Milojevic,R,188.0,SRB,25.279,144.0,392.0,KB05,26.0,,Filip Krajinovic,R,185.0,SRB,28.586,29.0,1628.0,6-4 3-6 6-3 6-1,5,R128,190.0,1.0,7.0,106.0,61.0,40.0,24.0,18.0,7.0,11.0,1.0,5.0,158.0,109.0,62.0,20.0,17.0,16.0,24.0
2020-520,Roland Garros,Clay,128,G,O,20200928,30,BH09,,,Aljaz Bedene,R,183.0,SLO,31.198,56.0,965.0,RC91,,WC,Arthur Rinderknech,R,196.0,FRA,25.185,162.0,354.0,6-2 6-7(7) 6-4 6-4,5,R128,203.0,10.0,3.0,126.0,66.0,53.0,36.0,20.0,9.0,9.0,12.0,2.0,149.0,97.0,66.0,24.0,20.0,10.0,14.0
2020-520,Roland Garros,Clay,128,G,O,20200928,31,C882,,,Pablo Cuevas,R,180.0,URU,34.741,60.0,907.0,L949,,Q,Henri Laaksonen,R,185.0,SUI,28.496,135.0,435.0,6-1 2-6 6-4 6-2,5,R128,140.0,8.0,3.0,94.0,59.0,47.0,17.0,17.0,6.0,9.0,4.0,0.0,110.0,62.0,38.0,20.0,16.0,12.0,18.0
2020-520,Roland Garros,Clay,128,G,O,20200928,32,TE51,5.0,,Stefanos Tsitsipas,R,193.0,GRE,22.13,6.0,5385.0,MU94,,,Jaume Munar,R,183.0,ESP,23.4,109.0,563.0,4-6 2-6 6-1 6-4 6-4,5,R128,192.0,6.0,6.0,134.0,96.0,70.0,16.0,23.0,2.0,7.0,3.0,0.0,126.0,89.0,65.0,16.0,22.0,8.0,14.0
2020-520,Roland Garros,Clay,128,G,O,20200928,33,BK92,,,Alexander Bublik,R,196.0,KAZ,23.283,49.0,1045.0,MC65,8.0,,Gael Monfils,R,193.0,FRA,34.075,9.0,2860.0,6-4 7-5 3-6 6-3,5,R128,155.0,6.0,6.0,115.0,60.0,47.0,22.0,20.0,9.0,15.0,5.0,12.0,156.0,107.0,68.0,16.0,20.0,17.0,25.0
2020-520,Roland Garros,Clay,128,G,O,20200928,34,SU87,,,Lorenzo Sonego,R,191.0,ITA,25.385,46.0,1075.0,GA36,,Q,Emilio Gomez,R,185.0,ECU,28.835,156.0,365.0,6-7(6) 6-3 6-1 6-7(4) 6-3,5,R128,247.0,5.0,4.0,162.0,105.0,75.0,30.0,25.0,8.0,12.0,0.0,4.0,160.0,108.0,67.0,23.0,24.0,8.0,17.0
2020-520,Roland Garros,Clay,128,G,O,20200928,35,A829,,,Radu Albot,R,175.0,MDA,30.88,79.0,772.0,TC61,,,Jordan Thompson,R,183.0,AUS,26.442,55.0,984.0,6-2 6-4 6-1,5,R128,126.0,1.0,2.0,70.0,42.0,32.0,16.0,13.0,2.0,3.0,7.0,2.0,105.0,63.0,35.0,16.0,12.0,11.0,18.0
2020-520,Roland Garros,Clay,128,G,O,20200928,36,FB98,27.0,,Taylor Fritz,R,196.0,USA,22.919,30.0,1625.0,M0FH,,Q,Tomas Machac,R,183.0,CZE,19.959,253.0,205.0,7-5 7-6(2) 1-6 2-6 6-3,5,R128,219.0,14.0,4.0,149.0,88.0,63.0,23.0,24.0,5.0,14.0,2.0,4.0,195.0,131.0,77.0,33.0,24.0,20.0,27.0
2020-520,Roland Garros,Clay,128,G,O,20200928,37,GB93,,,Norbert Gombos,R,193.0,SVK,30.127,106.0,587.0,CG80,24.0,,Borna Coric,R,188.0,CRO,23.871,27.0,1670.0,6-4 3-6 6-3 6-4,5,R128,182.0,3.0,5.0,110.0,63.0,50.0,27.0,19.0,8.0,10.0,5.0,3.0,136.0,85.0,60.0,21.0,19.0,9.0,13.0
2020-520,Roland Garros,Clay,128,G,O,20200928,38,R09X,,Q,Jurij Rodionov,L,191.0,AUT,21.372,170.0,338.0,CA12,,,Jeremy Chardy,R,188.0,FRA,33.626,65.0,860.0,3-6 4-6 7-6(6) 6-4 10-8,5,R128,276.0,13.0,4.0,201.0,139.0,90.0,27.0,30.0,14.0,23.0,6.0,9.0,195.0,116.0,77.0,34.0,29.0,7.0,16.0
2020-520,Roland Garros,Clay,128,G,O,20200928,39,GA79,,Q,Lorenzo Giustino,R,180.0,ITA,29.051,157.0,363.0,MW02,,,Corentin Moutet,L,180.0,FRA,21.446,71.0,818.0,0-6 7-6(7) 7-6(3) 2-6 18-16,5,R128,365.0,3.0,7.0,244.0,158.0,99.0,39.0,36.0,12.0,25.0,4.0,1.0,215.0,154.0,104.0,32.0,36.0,5.0,14.0
2020-520,Roland Garros,Clay,128,G,O,20200928,40,SM37,12.0,,Diego Schwartzman,R,170.0,ARG,28.118,14.0,2505.0,KI95,,,Miomir Kecmanovic,R,183.0,SRB,21.079,41.0,1258.0,6-0 6-1 6-3,5,R128,107.0,3.0,3.0,85.0,53.0,36.0,15.0,11.0,6.0,8.0,1.0,4.0,70.0,43.0,19.0,8.0,11.0,5.0,14.0
2020-520,Roland Garros,Clay,128,G,O,20200928,41,W367,16.0,,Stan Wawrinka,R,183.0,SUI,35.504,17.0,2185.0,MC10,,WC,Andy Murray,R,191.0,GBR,33.374,111.0,547.0,6-1 6-3 6-2,5,R128,97.0,9.0,1.0,65.0,30.0,26.0,23.0,12.0,3.0,3.0,2.0,3.0,76.0,27.0,17.0,21.0,12.0,2.0,8.0
2020-520,Roland Garros,Clay,128,G,O,20200928,42,KE73,,,Dominik Koepfer,L,180.0,GER,26.418,61.0,886.0,HA71,,WC,Antoine Hoang,R,183.0,FRA,24.901,126.0,462.0,6-2 3-6 6-1 6-1,5,R128,124.0,2.0,3.0,90.0,72.0,50.0,10.0,16.0,2.0,4.0,1.0,8.0,94.0,64.0,35.0,10.0,15.0,3.0,11.0
2020-520,Roland Garros,Clay,128,G,O,20200928,43,G09O,,WC,Hugo Gaston,L,173.0,FRA,20.005,239.0,215.0,J620,,WC,Maxime Janvier,R,196.0,FRA,23.945,204.0,270.0,7-6(5) 6-4 6-3,5,R128,143.0,1.0,4.0,113.0,65.0,44.0,26.0,16.0,5.0,8.0,2.0,2.0,115.0,73.0,42.0,23.0,15.0,4.0,9.0
2020-520,Roland Garros,Clay,128,G,O,20200928,44,N732,,,Yoshihito Nishioka,L,170.0,JPN,25.005,52.0,1017.0,AG37,19.0,,Felix Auger-Aliassime,R,193.0,CAN,20.14,22.0,1976.0,7-5 6-3 6-3,5,R128,152.0,1.0,1.0,103.0,72.0,45.0,19.0,15.0,11.0,13.0,5.0,6.0,95.0,52.0,30.0,21.0,15.0,7.0,13.0
2020-520,Roland Garros,Clay,128,G,O,20200928,45,RH16,28.0,,Casper Ruud,R,183.0,NOR,21.769,25.0,1739.0,SE73,,,Yuichi Sugita,R,175.0,JPN,32.027,94.0,686.0,6-1 6-3 6-1,5,R128,93.0,2.0,1.0,65.0,44.0,30.0,18.0,12.0,2.0,3.0,3.0,5.0,82.0,51.0,29.0,7.0,11.0,9.0,16.0
2020-520,Roland Garros,Clay,128,G,O,20200928,46,PL56,,,Tommy Paul,R,185.0,USA,23.368,58.0,949.0,D994,,,James Duckworth,R,183.0,AUS,28.687,91.0,699.0,6-2 6-3 6-2,5,R128,103.0,5.0,1.0,73.0,38.0,29.0,22.0,13.0,2.0,3.0,1.0,1.0,94.0,41.0,26.0,22.0,12.0,7.0,14.0
2020-520,Roland Garros,Clay,128,G,O,20200928,47,SM25,,Q,Jack Sock,R,191.0,USA,28.011,310.0,140.0,O522,,,Reilly Opelka,R,211.0,USA,23.086,36.0,1312.0,6-4 6-4 6-3,5,R128,115.0,3.0,4.0,78.0,49.0,39.0,19.0,15.0,3.0,4.0,16.0,4.0,109.0,71.0,46.0,15.0,14.0,10.0,15.0
2020-520,Roland Garros,Clay,128,G,O,20200928,48,TB69,3.0,,Dominic Thiem,R,185.0,AUT,27.069,3.0,9125.0,C977,,,Marin Cilic,R,198.0,CRO,32.0,40.0,1270.0,6-4 6-3 6-3,5,R128,126.0,3.0,1.0,78.0,53.0,37.0,16.0,14.0,5.0,7.0,1.0,2.0,88.0,49.0,31.0,17.0,14.0,7.0,13.0
2020-520,Roland Garros,Clay,128,G,O,20200928,49,Z355,6.0,,Alexander Zverev,R,198.0,GER,23.441,7.0,4650.0,DB59,,,Dennis Novak,R,183.0,AUT,27.086,92.0,698.0,7-5 6-2 6-4,5,R128,125.0,10.0,2.0,80.0,58.0,48.0,13.0,15.0,1.0,2.0,1.0,1.0,108.0,76.0,43.0,17.0,15.0,6.0,11.0
2020-520,Roland Garros,Clay,128,G,O,20200928,50,H996,,,Pierre-Hugues Herbert,R,188.0,FRA,29.533,78.0,775.0,MP01,,Q,Michael Mmoh,R,188.0,USA,22.716,178.0,326.0,6-3 6-2 6-3,5,R128,125.0,13.0,5.0,99.0,58.0,42.0,23.0,13.0,8.0,9.0,2.0,3.0,79.0,52.0,28.0,14.0,13.0,5.0,11.0
2020-520,Roland Garros,Clay,128,G,O,20200928,51,LB84,,,Juan Ignacio Londero,R,180.0,ARG,27.121,69.0,832.0,D874,,,Federico Delbonis,L,193.0,ARG,29.982,81.0,758.0,6-4 7-6(1) 2-6 1-6 14-12,5,R128,294.0,3.0,9.0,239.0,161.0,101.0,33.0,32.0,18.0,30.0,6.0,9.0,199.0,129.0,83.0,36.0,31.0,11.0,20.0
2020-520,Roland Garros,Clay,128,G,O,20200928,52,CF01,,Q,Marco Cecchinato,R,185.0,ITA,27.995,110.0,551.0,DH58,25.0,,Alex de Minaur,R,183.0,AUS,21.613,28.0,1665.0,7-6(9) 6-4 6-0,5,R128,171.0,2.0,2.0,116.0,91.0,56.0,13.0,14.0,4.0,8.0,0.0,5.0,132.0,79.0,43.0,22.0,14.0,16.0,24.0
2020-520,Roland Garros,Clay,128,G,O,20200928,53,PD31,23.0,,Benoit Paire,R,196.0,FRA,31.392,26.0,1738.0,KF17,,,Soonwoo Kwon,R,180.0,KOR,22.823,82.0,752.0,7-5 6-4 6-4,5,R128,136.0,12.0,6.0,95.0,54.0,41.0,16.0,16.0,4.0,8.0,5.0,4.0,109.0,61.0,38.0,21.0,16.0,11.0,18.0
2020-520,Roland Garros,Clay,128,G,O,20200928,54,CE77,,,Federico Coria,R,180.0,ARG,28.556,99.0,671.0,J380,,LL,Jason Jung,R,180.0,TPE,31.288,125.0,464.0,7-5 7-6(6) 7-6(3),5,R128,199.0,1.0,3.0,143.0,106.0,60.0,17.0,18.0,16.0,23.0,0.0,6.0,124.0,89.0,52.0,13.0,18.0,8.0,16.0
2020-520,Roland Garros,Clay,128,G,O,20200928,55,BM95,,Q,Benjamin Bonzi,R,183.0,FRA,24.304,227.0,239.0,RH24,,,Emil Ruusuvuori,R,188.0,FIN,21.492,93.0,686.0,6-2 6-4 4-6 6-4,5,R128,153.0,3.0,2.0,119.0,74.0,52.0,19.0,19.0,8.0,12.0,2.0,9.0,116.0,82.0,53.0,13.0,19.0,5.0,12.0
2020-520,Roland Garros,Clay,128,G,O,20200928,56,S0AG,,,Jannik Sinner,R,191.0,ITA,19.118,75.0,788.0,GB88,11.0,,David Goffin,R,180.0,BEL,29.81,13.0,2555.0,7-5 6-0 6-3,5,R128,119.0,2.0,2.0,80.0,54.0,42.0,12.0,14.0,4.0,6.0,1.0,4.0,87.0,51.0,30.0,13.0,13.0,4.0,11.0
2020-520,Roland Garros,Clay,128,G,O,20200928,57,K926,,,Mikhail Kukushkin,R,183.0,KAZ,32.758,88.0,716.0,F510,14.0,,Fabio Fognini,R,178.0,ITA,33.35,15.0,2400.0,7-5 3-6 7-6(1) 6-0,5,R128,172.0,4.0,0.0,112.0,87.0,59.0,16.0,20.0,6.0,10.0,6.0,7.0,129.0,80.0,47.0,24.0,19.0,5.0,12.0
2020-520,Roland Garros,Clay,128,G,O,20200928,58,MO44,,Q,Pedro Martinez,R,185.0,ESP,23.425,105.0,610.0,V832,,Q,Aleksandar Vukic,R,188.0,AUS,24.479,193.0,287.0,7-5 6-4 6-0,5,R128,132.0,2.0,6.0,99.0,73.0,50.0,15.0,14.0,10.0,11.0,8.0,2.0,85.0,42.0,30.0,16.0,14.0,8.0,14.0
2020-520,Roland Garros,Clay,128,G,O,20200928,59,K0AH,,Q,Sebastian Korda,R,196.0,USA,20.233,213.0,252.0,SA93,,,Andreas Seppi,R,191.0,ITA,36.602,98.0,679.0,6-2 4-6 6-3 6-3,5,R128,145.0,2.0,1.0,121.0,88.0,55.0,19.0,18.0,5.0,9.0,2.0,0.0,103.0,70.0,40.0,17.0,18.0,9.0,17.0
2020-520,Roland Garros,Clay,128,G,O,20200928,60,I186,21.0,,John Isner,R,208.0,USA,35.425,23.0,1805.0,BT68,,WC,Elliot Benchetrit,R,193.0,MAR,21.99,217.0,249.0,6-4 6-1 6-3,5,R128,102.0,7.0,1.0,73.0,50.0,39.0,17.0,13.0,4.0,4.0,4.0,5.0,78.0,42.0,23.0,20.0,13.0,2.0,7.0
2020-520,Roland Garros,Clay,128,G,O,20200928,61,N552,,,Kei Nishikori,R,178.0,JPN,30.749,35.0,1345.0,E687,32.0,,Daniel Evans,R,175.0,GBR,30.352,34.0,1384.0,1-6 6-1 7-6(3) 1-6 6-4,5,R128,229.0,1.0,2.0,130.0,84.0,51.0,23.0,22.0,10.0,18.0,5.0,5.0,143.0,85.0,58.0,24.0,21.0,12.0,19.0
2020-520,Roland Garros,Clay,128,G,O,20200928,62,TA12,,,Stefano Travaglia,R,185.0,ITA,28.753,74.0,794.0,A596,,,Pablo Andujar,R,180.0,ESP,34.68,51.0,1024.0,6-3 6-4 6-4,5,R128,143.0,4.0,3.0,104.0,60.0,48.0,18.0,15.0,5.0,7.0,0.0,6.0,87.0,55.0,39.0,9.0,14.0,6.0,11.0
2020-520,Roland Garros,Clay,128,G,O,20200928,63,MK66,,,Mackenzie McDonald,R,178.0,USA,25.454,236.0,217.0,D916,,Q,Steven Diez,R,175.0,CAN,29.536,181.0,322.0,4-6 6-3 6-3 6-4,5,R128,168.0,11.0,2.0,113.0,77.0,52.0,21.0,19.0,4.0,8.0,2.0,5.0,126.0,86.0,57.0,11.0,19.0,3.0,10.0
2020-520,Roland Garros,Clay,128,G,O,20200928,64,N409,2.0,,Rafael Nadal,L,185.0,ESP,34.322,2.0,9850.0,GC89,,,Egor Gerasimov,R,196.0,BLR,27.88,83.0,750.0,6-4 6-4 6-2,5,R128,125.0,3.0,2.0,71.0,45.0,37.0,17.0,14.0,1.0,2.0,8.0,1.0,77.0,49.0,34.0,9.0,14.0,0.0,5.0
2020-520,Roland Garros,Clay,128,G,O,20200928,65,D643,1.0,,Novak Djokovic,R,188.0,SRB,33.355,1.0,11260.0,BE90,,,Ricardas Berankis,R,175.0,LTU,30.272,66.0,854.0,6-1 6-2 6-2,5,R64,83.0,10.0,1.0,66.0,38.0,36.0,13.0,12.0,2.0,2.0,0.0,1.0,53.0,40.0,20.0,6.0,11.0,1.0,7.0
2020-520,Roland Garros,Clay,128,G,O,20200928,66,GE33,,LL,Daniel Elahi Galan,R,191.0,COL,24.279,153.0,379.0,SL08,,,Tennys Sandgren,R,188.0,USA,29.188,47.0,1068.0,6-2 6-2 6-3,5,R64,108.0,5.0,0.0,73.0,35.0,24.0,30.0,13.0,3.0,4.0,5.0,4.0,88.0,58.0,37.0,9.0,12.0,8.0,14.0
2020-520,Roland Garros,Clay,128,G,O,20200928,67,GD64,20.0,,Cristian Garin,R,185.0,CHI,24.331,19.0,2090.0,PG94,,LL,Marc Polmans,R,188.0,AUS,23.409,122.0,485.0,6-7(5) 6-2 7-6(3) 6-4,5,R64,221.0,12.0,6.0,129.0,74.0,58.0,28.0,21.0,2.0,6.0,4.0,4.0,178.0,113.0,65.0,31.0,21.0,13.0,20.0
2020-520,Roland Garros,Clay,128,G,O,20200928,68,KE29,15.0,,Karen Khachanov,R,198.0,RUS,24.356,16.0,2200.0,V708,,,Jiri Vesely,L,198.0,CZE,27.22,68.0,840.0,6-1 6-7(4) 7-6(7) 7-6(2),5,R64,215.0,7.0,10.0,130.0,81.0,67.0,19.0,22.0,2.0,7.0,7.0,2.0,159.0,109.0,74.0,18.0,21.0,6.0,14.0
2020-520,Roland Garros,Clay,128,G,O,20200928,69,BD06,10.0,,Roberto Bautista Agut,R,183.0,ESP,32.457,10.0,2665.0,BD80,,,Attila Balazs,R,180.0,HUN,32.003,87.0,722.0,6-3 6-1 6-2,5,R64,106.0,3.0,1.0,68.0,47.0,30.0,16.0,12.0,3.0,5.0,0.0,5.0,71.0,36.0,19.0,10.0,12.0,4.0,12.0
2020-520,Roland Garros,Clay,128,G,O,20200928,70,CD85,17.0,,Pablo Carreno Busta,R,188.0,ESP,29.216,18.0,2130.0,PC11,,,Guido Pella,L,183.0,ARG,30.368,37.0,1310.0,6-3 6-2 6-1,5,R64,86.0,6.0,1.0,64.0,44.0,39.0,11.0,12.0,1.0,1.0,2.0,3.0,66.0,47.0,26.0,7.0,12.0,5.0,11.0
2020-520,Roland Garros,Clay,128,G,O,20200928,71,AE14,,Q,Daniel Altmaier,R,188.0,GER,22.045,186.0,302.0,SL28,30.0,,Jan-Lennard Struff,R,193.0,GER,30.428,32.0,1450.0,6-3 7-6(4) 6-3,5,R64,152.0,9.0,4.0,106.0,55.0,46.0,23.0,15.0,5.0,6.0,3.0,3.0,108.0,65.0,42.0,19.0,15.0,8.0,13.0
2020-520,Roland Garros,Clay,128,G,O,20200928,72,BK40,7.0,,Matteo Berrettini,R,196.0,ITA,24.463,8.0,3030.0,HG86,,,Lloyd Harris,R,193.0,RSA,23.592,90.0,701.0,6-4 4-6 6-2 6-3,5,R64,161.0,5.0,0.0,116.0,69.0,52.0,28.0,19.0,7.0,9.0,3.0,3.0,115.0,75.0,51.0,18.0,18.0,4.0,9.0
2020-520,Roland Garros,Clay,128,G,O,20200928,73,F724,,,Marton Fucsovics,R,188.0,HUN,28.638,63.0,877.0,R772,,,Albert Ramos-Vinolas,L,188.0,ESP,32.698,44.0,1130.0,7-6(2) 6-3 7-5,5,R64,182.0,3.0,6.0,121.0,67.0,45.0,32.0,17.0,9.0,11.0,3.0,3.0,109.0,74.0,51.0,15.0,16.0,7.0,11.0
2020-520,Roland Garros,Clay,128,G,O,20200928,74,MJ08,,,Thiago Monteiro,L,183.0,BRA,26.33,84.0,749.0,GC88,,,Marcos Giron,R,180.0,USA,27.181,96.0,684.0,7-6(5) 6-4 6-1,5,R64,121.0,4.0,1.0,77.0,61.0,51.0,11.0,15.0,2.0,3.0,10.0,2.0,102.0,57.0,41.0,20.0,14.0,7.0,12.0
2020-520,Roland Garros,Clay,128,G,O,20200928,75,A678,,,Kevin Anderson,R,203.0,RSA,34.366,118.0,510.0,L987,22.0,,Dusan Lajovic,R,183.0,SRB,30.248,24.0,1785.0,6-2 6-4 4-6 3-6 6-3,5,R64,189.0,18.0,5.0,137.0,98.0,67.0,24.0,23.0,9.0,13.0,1.0,5.0,143.0,99.0,63.0,25.0,23.0,9.0,15.0
2020-520,Roland Garros,Clay,128,G,O,20200928,76,RE44,13.0,,Andrey Rublev,R,188.0,RUS,22.94,12.0,2614.0,DH50,,,Alejandro Davidovich Fokina,R,180.0,ESP,21.317,70.0,829.0,7-5 6-1 3-6 6-1,5,R64,131.0,12.0,1.0,102.0,65.0,50.0,20.0,18.0,3.0,6.0,3.0,1.0,108.0,71.0,40.0,17.0,17.0,7.0,14.0
2020-520,Roland Garros,Clay,128,G,O,20200928,77,CF59,,,Roberto Carballes Baena,R,183.0,ESP,27.518,101.0,649.0,SU55,9.0,,Denis Shapovalov,L,185.0,CAN,21.457,11.0,2660.0,7-5 6-7(5) 6-3 3-6 8-6,5,R64,300.0,3.0,8.0,196.0,127.0,78.0,41.0,28.0,15.0,21.0,7.0,12.0,194.0,121.0,80.0,37.0,28.0,13.0,21.0
2020-520,Roland Garros,Clay,128,G,O,20200928,78,D875,18.0,,Grigor Dimitrov,R,191.0,BUL,29.372,20.0,2055.0,MF35,,,Andrej Martin,R,183.0,SVK,31.023,102.0,649.0,6-4 7-6(5) 6-1,5,R64,135.0,4.0,2.0,103.0,73.0,50.0,19.0,15.0,6.0,8.0,0.0,1.0,94.0,62.0,35.0,18.0,14.0,7.0,12.0
2020-520,Roland Garros,Clay,128,G,O,20200928,79,BH09,,,Aljaz Bedene,R,183.0,SLO,31.198,56.0,965.0,MM66,,Q,Nikola Milojevic,R,188.0,SRB,25.279,144.0,392.0,7-5 2-6 6-1 7-6(4),5,R64,174.0,16.0,4.0,144.0,89.0,67.0,25.0,20.0,5.0,9.0,5.0,4.0,106.0,64.0,48.0,20.0,19.0,3.0,8.0
2020-520,Roland Garros,Clay,128,G,O,20200928,80,TE51,5.0,,Stefanos Tsitsipas,R,193.0,GRE,22.13,6.0,5385.0,C882,,,Pablo Cuevas,R,180.0,URU,34.741,60.0,907.0,6-1 6-4 6-2,5,R64,88.0,5.0,1.0,60.0,33.0,29.0,19.0,13.0,0.0,1.0,3.0,1.0,78.0,45.0,25.0,14.0,12.0,7.0,13.0
2020-520,Roland Garros,Clay,128,G,O,20200928,81,SU87,,,Lorenzo Sonego,R,191.0,ITA,25.385,46.0,1075.0,BK92,,,Alexander Bublik,R,196.0,KAZ,23.283,49.0,1045.0,7-6(8) 6-1 7-5,5,R64,144.0,4.0,1.0,98.0,75.0,61.0,9.0,16.0,2.0,3.0,2.0,7.0,121.0,75.0,47.0,23.0,15.0,10.0,15.0
2020-520,Roland Garros,Clay,128,G,O,20200928,82,FB98,27.0,,Taylor Fritz,R,196.0,USA,22.919,30.0,1625.0,A829,,,Radu Albot,R,175.0,MDA,30.88,79.0,772.0,6-3 6-2 6-4,5,R64,122.0,16.0,2.0,102.0,61.0,52.0,15.0,14.0,13.0,14.0,0.0,3.0,77.0,53.0,34.0,10.0,13.0,5.0,10.0
2020-520,Roland Garros,Clay,128,G,O,20200928,83,GB93,,,Norbert Gombos,R,193.0,SVK,30.127,106.0,587.0,R09X,,Q,Jurij Rodionov,L,191.0,AUT,21.372,170.0,338.0,6-2 2-6 7-6(4) 6-4,5,R64,170.0,6.0,5.0,114.0,74.0,52.0,23.0,19.0,5.0,10.0,10.0,2.0,134.0,87.0,57.0,20.0,19.0,9.0,15.0
2020-520,Roland Garros,Clay,128,G,O,20200928,84,SM37,12.0,,Diego Schwartzman,R,170.0,ARG,28.118,14.0,2505.0,GA79,,Q,Lorenzo Giustino,R,180.0,ITA,29.051,157.0,363.0,6-1 7-5 6-0,5,R64,124.0,1.0,2.0,79.0,49.0,31.0,17.0,13.0,7.0,10.0,5.0,5.0,78.0,46.0,21.0,11.0,12.0,4.0,14.0
2020-520,Roland Garros,Clay,128,G,O,20200928,85,W367,16.0,,Stan Wawrinka,R,183.0,SUI,35.504,17.0,2185.0,KE73,,,Dominik Koepfer,L,180.0,GER,26.418,61.0,886.0,6-3 6-2 3-6 6-1,5,R64,128.0,6.0,1.0,111.0,69.0,51.0,24.0,17.0,5.0,6.0,1.0,2.0,102.0,65.0,41.0,17.0,16.0,8.0,13.0
2020-520,Roland Garros,Clay,128,G,O,20200928,86,G09O,,WC,Hugo Gaston,L,173.0,FRA,20.005,239.0,215.0,N732,,,Yoshihito Nishioka,L,170.0,JPN,25.005,52.0,1017.0,6-4 7-6(4) 3-6 6-2,5,R64,182.0,2.0,1.0,147.0,87.0,48.0,38.0,20.0,17.0,22.0,3.0,0.0,129.0,94.0,54.0,19.0,19.0,6.0,12.0
2020-520,Roland Garros,Clay,128,G,O,20200928,87,RH16,28.0,,Casper Ruud,R,183.0,NOR,21.769,25.0,1739.0,PL56,,,Tommy Paul,R,185.0,USA,23.368,58.0,949.0,6-1 1-6 6-3 1-6 6-3,5,R64,156.0,3.0,3.0,119.0,76.0,54.0,25.0,20.0,5.0,9.0,8.0,2.0,119.0,74.0,52.0,23.0,19.0,6.0,10.0
2020-520,Roland Garros,Clay,128,G,O,20200928,88,TB69,3.0,,Dominic Thiem,R,185.0,AUT,27.069,3.0,9125.0,SM25,,Q,Jack Sock,R,191.0,USA,28.011,310.0,140.0,6-1 6-3 7-6(6),5,R64,142.0,8.0,1.0,96.0,67.0,45.0,19.0,14.0,1.0,3.0,2.0,3.0,99.0,62.0,39.0,16.0,14.0,2.0,8.0
2020-520,Roland Garros,Clay,128,G,O,20200928,89,Z355,6.0,,Alexander Zverev,R,198.0,GER,23.441,7.0,4650.0,H996,,,Pierre-Hugues Herbert,R,188.0,FRA,29.533,78.0,775.0,2-6 6-4 7-6(5) 4-6 6-4,5,R64,239.0,10.0,11.0,165.0,112.0,79.0,22.0,25.0,7.0,14.0,3.0,6.0,163.0,99.0,65.0,35.0,25.0,8.0,14.0
2020-520,Roland Garros,Clay,128,G,O,20200928,90,CF01,,Q,Marco Cecchinato,R,185.0,ITA,27.995,110.0,551.0,LB84,,,Juan Ignacio Londero,R,180.0,ARG,27.121,69.0,832.0,6-3 6-2 5-7 6-2,5,R64,157.0,8.0,2.0,111.0,72.0,54.0,21.0,19.0,4.0,7.0,4.0,1.0,116.0,76.0,43.0,24.0,18.0,8.0,15.0
2020-520,Roland Garros,Clay,128,G,O,20200928,91,CE77,,,Federico Coria,R,180.0,ARG,28.556,99.0,671.0,PD31,23.0,,Benoit Paire,R,196.0,FRA,31.392,26.0,1738.0,7-6(3) 4-6 6-3 6-1,5,R64,150.0,4.0,6.0,134.0,102.0,68.0,13.0,19.0,10.0,15.0,8.0,11.0,116.0,59.0,44.0,19.0,19.0,0.0,8.0
2020-520,Roland Garros,Clay,128,G,O,20200928,92,S0AG,,,Jannik Sinner,R,191.0,ITA,19.118,75.0,788.0,BM95,,Q,Benjamin Bonzi,R,183.0,FRA,24.304,227.0,239.0,6-2 6-4 6-4,5,R64,115.0,3.0,2.0,93.0,63.0,41.0,19.0,14.0,3.0,5.0,0.0,2.0,85.0,48.0,28.0,17.0,14.0,7.0,13.0
2020-520,Roland Garros,Clay,128,G,O,20200928,93,MO44,,Q,Pedro Martinez,R,185.0,ESP,23.425,105.0,610.0,K926,,,Mikhail Kukushkin,R,183.0,KAZ,32.758,88.0,716.0,6-3 6-1 6-0,5,R64,99.0,5.0,2.0,58.0,45.0,36.0,7.0,11.0,3.0,5.0,1.0,0.0,83.0,50.0,22.0,10.0,11.0,8.0,17.0
2020-520,Roland Garros,Clay,128,G,O,20200928,94,K0AH,,Q,Sebastian Korda,R,196.0,USA,20.233,213.0,252.0,I186,21.0,,John Isner,R,208.0,USA,35.425,23.0,1805.0,6-4 6-4 2-6 6-4,5,R64,146.0,7.0,6.0,104.0,69.0,50.0,20.0,19.0,6.0,10.0,13.0,8.0,114.0,72.0,52.0,18.0,19.0,7.0,12.0
2020-520,Roland Garros,Clay,128,G,O,20200928,95,TA12,,,Stefano Travaglia,R,185.0,ITA,28.753,74.0,794.0,N552,,,Kei Nishikori,R,178.0,JPN,30.749,35.0,1345.0,6-4 2-6 7-6(7) 4-6 6-2,5,R64,233.0,4.0,6.0,164.0,98.0,68.0,30.0,24.0,9.0,16.0,1.0,2.0,150.0,101.0,62.0,30.0,24.0,7.0,14.0
2020-520,Roland Garros,Clay,128,G,O,20200928,96,N409,2.0,,Rafael Nadal,L,185.0,ESP,34.322,2.0,9850.0,MK66,,,Mackenzie McDonald,R,178.0,USA,25.454,236.0,217.0,6-1 6-0 6-3,5,R64,100.0,1.0,4.0,72.0,49.0,37.0,14.0,11.0,0.0,0.0,1.0,2.0,60.0,40.0,18.0,8.0,11.0,1.0,8.0
2020-520,Roland Garros,Clay,128,G,O,20200928,97,D643,1.0,,Novak Djokovic,R,188.0,SRB,33.355,1.0,11260.0,GE33,,LL,Daniel Elahi Galan,R,191.0,COL,24.279,153.0,379.0,6-0 6-3 6-2,5,R32,128.0,2.0,2.0,74.0,51.0,38.0,13.0,12.0,5.0,5.0,4.0,2.0,94.0,57.0,30.0,13.0,11.0,4.0,11.0
2020-520,Roland Garros,Clay,128,G,O,20200928,98,KE29,15.0,,Karen Khachanov,R,198.0,RUS,24.356,16.0,2200.0,GD64,20.0,,Cristian Garin,R,185.0,CHI,24.331,19.0,2090.0,6-2 3-6 6-4 6-2,5,R32,149.0,3.0,2.0,103.0,59.0,38.0,27.0,18.0,4.0,8.0,1.0,5.0,116.0,72.0,42.0,18.0,17.0,8.0,16.0
2020-520,Roland Garros,Clay,128,G,O,20200928,99,CD85,17.0,,Pablo Carreno Busta,R,188.0,ESP,29.216,18.0,2130.0,BD06,10.0,,Roberto Bautista Agut,R,183.0,ESP,32.457,10.0,2665.0,6-4 6-3 5-7 6-4,5,R32,202.0,11.0,2.0,129.0,85.0,57.0,26.0,21.0,8.0,12.0,3.0,1.0,136.0,85.0,44.0,33.0,20.0,10.0,17.0
2020-520,Roland Garros,Clay,128,G,O,20200928,100,AE14,,Q,Daniel Altmaier,R,188.0,GER,22.045,186.0,302.0,BK40,7.0,,Matteo Berrettini,R,196.0,ITA,24.463,8.0,3030.0,6-2 7-6(5) 6-4,5,R32,135.0,4.0,3.0,95.0,57.0,42.0,24.0,15.0,6.0,7.0,5.0,1.0,92.0,59.0,41.0,17.0,15.0,3.0,7.0
2020-520,Roland Garros,Clay,128,G,O,20200928,101,F724,,,Marton Fucsovics,R,188.0,HUN,28.638,63.0,877.0,MJ08,,,Thiago Monteiro,L,183.0,BRA,26.33,84.0,749.0,7-5 6-1 6-3,5,R32,141.0,3.0,3.0,90.0,59.0,44.0,16.0,14.0,1.0,3.0,1.0,1.0,94.0,71.0,40.0,7.0,14.0,5.0,12.0
2020-520,Roland Garros,Clay,128,G,O,20200928,102,RE44,13.0,,Andrey Rublev,R,188.0,RUS,22.94,12.0,2614.0,A678,,,Kevin Anderson,R,203.0,RSA,34.366,118.0,510.0,6-3 6-2 6-3,5,R32,94.0,6.0,1.0,64.0,37.0,33.0,19.0,13.0,0.0,0.0,13.0,7.0,75.0,43.0,31.0,13.0,13.0,8.0,13.0
2020-520,Roland Garros,Clay,128,G,O,20200928,103,D875,18.0,,Grigor Dimitrov,R,191.0,BUL,29.372,20.0,2055.0,CF59,,,Roberto Carballes Baena,R,183.0,ESP,27.518,101.0,649.0,6-1 6-3 RET,5,R32,64.0,6.0,3.0,40.0,24.0,20.0,12.0,8.0,0.0,0.0,0.0,3.0,61.0,39.0,24.0,6.0,8.0,6.0,10.0
2020-520,Roland Garros,Clay,128,G,O,20200928,104,TE51,5.0,,Stefanos Tsitsipas,R,193.0,GRE,22.13,6.0,5385.0,BH09,,,Aljaz Bedene,R,183.0,SLO,31.198,56.0,965.0,6-1 6-2 3-1 RET,5,R32,80.0,10.0,0.0,54.0,36.0,29.0,13.0,10.0,2.0,2.0,1.0,4.0,64.0,25.0,15.0,14.0,9.0,4.0,9.0
2020-520,Roland Garros,Clay,128,G,O,20200928,105,SU87,,,Lorenzo Sonego,R,191.0,ITA,25.385,46.0,1075.0,FB98,27.0,,Taylor Fritz,R,196.0,USA,22.919,30.0,1625.0,7-6(5) 6-3 7-6(17),5,R32,187.0,4.0,0.0,135.0,89.0,69.0,26.0,17.0,4.0,4.0,9.0,1.0,119.0,64.0,48.0,37.0,16.0,5.0,6.0
2020-520,Roland Garros,Clay,128,G,O,20200928,106,SM37,12.0,,Diego Schwartzman,R,170.0,ARG,28.118,14.0,2505.0,GB93,,,Norbert Gombos,R,193.0,SVK,30.127,106.0,587.0,7-6(3) 6-3 6-3,5,R32,157.0,1.0,4.0,112.0,75.0,47.0,18.0,15.0,11.0,15.0,4.0,7.0,108.0,64.0,35.0,20.0,15.0,10.0,17.0
2020-520,Roland Garros,Clay,128,G,O,20200928,107,G09O,,WC,Hugo Gaston,L,173.0,FRA,20.005,239.0,215.0,W367,16.0,,Stan Wawrinka,R,183.0,SUI,35.504,17.0,2185.0,2-6 6-3 6-3 4-6 6-0,5,R32,190.0,2.0,3.0,152.0,79.0,50.0,38.0,21.0,12.0,17.0,7.0,2.0,147.0,84.0,50.0,32.0,21.0,13.0,21.0
2020-520,Roland Garros,Clay,128,G,O,20200928,108,TB69,3.0,,Dominic Thiem,R,185.0,AUT,27.069,3.0,9125.0,RH16,28.0,,Casper Ruud,R,183.0,NOR,21.769,25.0,1739.0,6-4 6-3 6-1,5,R32,135.0,5.0,2.0,95.0,57.0,38.0,24.0,13.0,7.0,8.0,1.0,0.0,80.0,55.0,28.0,14.0,13.0,9.0,15.0
2020-520,Roland Garros,Clay,128,G,O,20200928,109,Z355,6.0,,Alexander Zverev,R,198.0,GER,23.441,7.0,4650.0,CF01,,Q,Marco Cecchinato,R,185.0,ITA,27.995,110.0,551.0,6-1 7-5 6-3,5,R32,107.0,10.0,5.0,75.0,47.0,40.0,14.0,14.0,1.0,2.0,2.0,3.0,100.0,66.0,38.0,14.0,14.0,7.0,13.0
2020-520,Roland Garros,Clay,128,G,O,20200928,110,S0AG,,,Jannik Sinner,R,191.0,ITA,19.118,75.0,788.0,CE77,,,Federico Coria,R,180.0,ARG,28.556,99.0,671.0,6-3 7-5 7-5,5,R32,150.0,0.0,2.0,100.0,67.0,43.0,17.0,17.0,5.0,9.0,2.0,0.0,111.0,79.0,41.0,16.0,16.0,5.0,12.0
2020-520,Roland Garros,Clay,128,G,O,20200928,111,K0AH,,Q,Sebastian Korda,R,196.0,USA,20.233,213.0,252.0,MO44,,Q,Pedro Martinez,R,185.0,ESP,23.425,105.0,610.0,6-4 6-3 6-1,5,R32,119.0,8.0,0.0,81.0,58.0,45.0,12.0,13.0,5.0,6.0,0.0,8.0,95.0,59.0,37.0,12.0,13.0,10.0,16.0
2020-520,Roland Garros,Clay,128,G,O,20200928,112,N409,2.0,,Rafael Nadal,L,185.0,ESP,34.322,2.0,9850.0,TA12,,,Stefano Travaglia,R,185.0,ITA,28.753,74.0,794.0,6-1 6-4 6-0,5,R32,95.0,2.0,0.0,62.0,45.0,35.0,14.0,12.0,0.0,0.0,1.0,1.0,59.0,42.0,23.0,5.0,11.0,1.0,7.0
2020-520,Roland Garros,Clay,128,G,O,20200928,113,D643,1.0,,Novak Djokovic,R,188.0,SRB,33.355,1.0,11260.0,KE29,15.0,,Karen Khachanov,R,198.0,RUS,24.356,16.0,2200.0,6-4 6-3 6-3,5,R16,143.0,2.0,1.0,89.0,57.0,40.0,19.0,14.0,7.0,9.0,5.0,4.0,111.0,77.0,42.0,16.0,14.0,9.0,15.0
2020-520,Roland Garros,Clay,128,G,O,20200928,114,CD85,17.0,,Pablo Carreno Busta,R,188.0,ESP,29.216,18.0,2130.0,AE14,,Q,Daniel Altmaier,R,188.0,GER,22.045,186.0,302.0,6-2 7-5 6-2,5,R16,142.0,4.0,0.0,100.0,85.0,56.0,7.0,14.0,3.0,4.0,5.0,4.0,105.0,68.0,38.0,19.0,14.0,12.0,18.0
2020-520,Roland Garros,Clay,128,G,O,20200928,115,RE44,13.0,,Andrey Rublev,R,188.0,RUS,22.94,12.0,2614.0,F724,,,Marton Fucsovics,R,188.0,HUN,28.638,63.0,877.0,6-7(4) 7-5 6-4 7-6(3),5,R16,234.0,5.0,3.0,151.0,85.0,63.0,33.0,23.0,11.0,16.0,8.0,5.0,168.0,103.0,69.0,27.0,23.0,5.0,12.0
2020-520,Roland Garros,Clay,128,G,O,20200928,116,TE51,5.0,,Stefanos Tsitsipas,R,193.0,GRE,22.13,6.0,5385.0,D875,18.0,,Grigor Dimitrov,R,191.0,BUL,29.372,20.0,2055.0,6-3 7-6(9) 6-2,5,R16,146.0,3.0,0.0,100.0,62.0,44.0,27.0,15.0,3.0,3.0,1.0,4.0,105.0,74.0,46.0,15.0,14.0,9.0,12.0
2020-520,Roland Garros,Clay,128,G,O,20200928,117,SM37,12.0,,Diego Schwartzman,R,170.0,ARG,28.118,14.0,2505.0,SU87,,,Lorenzo Sonego,R,191.0,ITA,25.385,46.0,1075.0,6-1 6-3 6-4,5,R16,118.0,1.0,3.0,74.0,44.0,30.0,18.0,13.0,4.0,7.0,1.0,4.0,81.0,46.0,28.0,9.0,13.0,3.0,11.0
2020-520,Roland Garros,Clay,128,G,O,20200928,118,TB69,3.0,,Dominic Thiem,R,185.0,AUT,27.069,3.0,9125.0,G09O,,WC,Hugo Gaston,L,173.0,FRA,20.005,239.0,215.0,6-4 6-4 5-7 3-6 6-3,5,R16,212.0,7.0,2.0,146.0,98.0,74.0,28.0,25.0,10.0,13.0,1.0,1.0,159.0,99.0,67.0,36.0,25.0,7.0,11.0
2020-520,Roland Garros,Clay,128,G,O,20200928,119,S0AG,,,Jannik Sinner,R,191.0,ITA,19.118,75.0,788.0,Z355,6.0,,Alexander Zverev,R,198.0,GER,23.441,7.0,4650.0,6-3 6-3 4-6 6-3,5,R16,181.0,3.0,6.0,143.0,81.0,58.0,33.0,19.0,6.0,8.0,3.0,4.0,108.0,71.0,51.0,15.0,18.0,1.0,6.0
2020-520,Roland Garros,Clay,128,G,O,20200928,120,N409,2.0,,Rafael Nadal,L,185.0,ESP,34.322,2.0,9850.0,K0AH,,Q,Sebastian Korda,R,196.0,USA,20.233,213.0,252.0,6-1 6-1 6-2,5,R16,115.0,1.0,1.0,78.0,53.0,33.0,18.0,11.0,5.0,6.0,0.0,2.0,68.0,46.0,18.0,10.0,11.0,3.0,11.0
2020-520,Roland Garros,Clay,128,G,O,20200928,121,D643,1.0,,Novak Djokovic,R,188.0,SRB,33.355,1.0,11260.0,CD85,17.0,,Pablo Carreno Busta,R,188.0,ESP,29.216,18.0,2130.0,4-6 6-2 6-3 6-4,5,QF,190.0,2.0,5.0,131.0,74.0,53.0,30.0,19.0,10.0,13.0,3.0,3.0,112.0,78.0,50.0,15.0,18.0,7.0,13.0
2020-520,Roland Garros,Clay,128,G,O,20200928,122,TE51,5.0,,Stefanos Tsitsipas,R,193.0,GRE,22.13,6.0,5385.0,RE44,13.0,,Andrey Rublev,R,188.0,RUS,22.94,12.0,2614.0,7-5 6-2 6-3,5,QF,115.0,7.0,2.0,85.0,54.0,43.0,19.0,15.0,2.0,3.0,7.0,0.0,90.0,58.0,38.0,12.0,14.0,3.0,8.0
2020-520,Roland Garros,Clay,128,G,O,20200928,123,SM37,12.0,,Diego Schwartzman,R,170.0,ARG,28.118,14.0,2505.0,TB69,3.0,,Dominic Thiem,R,185.0,AUT,27.069,3.0,9125.0,7-6(1) 5-7 6-7(6) 7-6(5) 6-2,5,QF,308.0,1.0,5.0,189.0,124.0,77.0,34.0,28.0,13.0,22.0,7.0,3.0,187.0,111.0,69.0,32.0,28.0,6.0,16.0
2020-520,Roland Garros,Clay,128,G,O,20200928,124,N409,2.0,,Rafael Nadal,L,185.0,ESP,34.322,2.0,9850.0,S0AG,,,Jannik Sinner,R,191.0,ITA,19.118,75.0,788.0,7-6(4) 6-4 6-1,5,QF,169.0,0.0,1.0,97.0,63.0,42.0,20.0,15.0,5.0,7.0,2.0,3.0,93.0,63.0,36.0,13.0,14.0,2.0,8.0
2020-520,Roland Garros,Clay,128,G,O,20200928,125,D643,1.0,,Novak Djokovic,R,188.0,SRB,33.355,1.0,11260.0,TE51,5.0,,Stefanos Tsitsipas,R,193.0,GRE,22.13,6.0,5385.0,6-3 6-2 5-7 4-6 6-1,5,SF,234.0,5.0,6.0,153.0,102.0,74.0,24.0,23.0,11.0,15.0,7.0,5.0,168.0,113.0,67.0,27.0,23.0,14.0,22.0
2020-520,Roland Garros,Clay,128,G,O,20200928,126,N409,2.0,,Rafael Nadal,L,185.0,ESP,34.322,2.0,9850.0,SM37,12.0,,Diego Schwartzman,R,170.0,ARG,28.118,14.0,2505.0,6-3 6-3 7-6(0),5,SF,189.0,3.0,0.0,117.0,81.0,55.0,19.0,15.0,9.0,12.0,2.0,3.0,84.0,50.0,31.0,13.0,15.0,3.0,9.0
2020-520,Roland Garros,Clay,128,G,O,20200928,127,N409,2.0,,Rafael Nadal,L,185.0,ESP,34.322,2.0,9850.0,D643,1.0,,Novak Djokovic,R,188.0,SRB,33.355,1.0,11260.0,6-0 6-2 7-5,5,F,161.0,4.0,1.0,84.0,55.0,37.0,19.0,13.0,4.0,5.0,1.0,4.0,99.0,66.0,33.0,16.0,13.0,11.0,18.0
2020-568,St. Petersburg,Hard,32,500,I,20201012,1,MM58,1.0,,Daniil Medvedev,R,198.0,RUS,24.668,6.0,5890.0,G628,,,Richard Gasquet,R,183.0,FRA,34.319,53.0,1030.0,3-6 6-3 6-0,3,R32,97.0,22.0,3.0,62.0,41.0,34.0,13.0,12.0,2.0,3.0,0.0,3.0,83.0,52.0,37.0,9.0,12.0,2.0,6.0
2020-568,St. Petersburg,Hard,32,500,I,20201012,2,SU55,2.0,,Denis Shapovalov,L,185.0,CAN,21.495,12.0,2695.0,T840,,LL,Viktor Troicki,R,193.0,SRB,34.669,197.0,298.0,6-2 6-3,3,R32,62.0,10.0,1.0,43.0,28.0,24.0,8.0,8.0,0.0,0.0,5.0,1.0,51.0,38.0,22.0,6.0,9.0,0.0,4.0
2020-568,St. Petersburg,Hard,32,500,I,20201012,3,RE44,3.0,,Andrey Rublev,R,188.0,RUS,22.979,10.0,2974.0,PD07,,,Vasek Pospisil,R,193.0,CAN,30.305,79.0,787.0,6-2 6-4,3,R32,78.0,2.0,2.0,55.0,30.0,26.0,11.0,9.0,3.0,4.0,7.0,3.0,64.0,38.0,24.0,9.0,9.0,9.0,13.0
2020-568,St. Petersburg,Hard,32,500,I,20201012,4,KE29,4.0,,Karen Khachanov,R,198.0,RUS,24.394,17.0,2200.0,D994,,,James Duckworth,R,183.0,AUS,28.726,93.0,701.0,6-4 6-4,3,R32,77.0,2.0,2.0,56.0,34.0,25.0,15.0,10.0,1.0,2.0,4.0,1.0,57.0,32.0,21.0,12.0,10.0,3.0,6.0
2020-568,St. Petersburg,Hard,32,500,I,20201012,5,W367,5.0,,Stan Wawrinka,R,183.0,SUI,35.543,18.0,2185.0,E687,,,Daniel Evans,R,175.0,GBR,30.39,34.0,1384.0,3-6 7-6(3) 7-5,3,R32,151.0,7.0,0.0,100.0,68.0,48.0,15.0,17.0,3.0,7.0,4.0,2.0,113.0,78.0,52.0,19.0,16.0,6.0,9.0
2020-568,St. Petersburg,Hard,32,500,I,20201012,6,R975,6.0,,Milos Raonic,R,196.0,CAN,29.793,21.0,2040.0,W09G,,Q,J.J. Wolf,R,183.0,USA,21.81,123.0,492.0,7-6(5) 6-1,3,R32,100.0,21.0,0.0,68.0,49.0,38.0,14.0,10.0,5.0,5.0,0.0,1.0,67.0,40.0,27.0,13.0,9.0,4.0,6.0
2020-568,St. Petersburg,Hard,32,500,I,20201012,7,CG80,7.0,,Borna Coric,R,188.0,CRO,23.91,27.0,1670.0,L397,,,Feliciano Lopez,L,188.0,ESP,39.061,60.0,953.0,6-3 7-6(2),3,R32,96.0,12.0,1.0,54.0,40.0,33.0,12.0,10.0,0.0,0.0,13.0,4.0,79.0,46.0,33.0,16.0,11.0,3.0,5.0
2020-568,St. Petersburg,Hard,32,500,I,20201012,8,N771,,,Cameron Norrie,L,188.0,GBR,25.139,75.0,807.0,FB98,8.0,,Taylor Fritz,R,196.0,USA,22.957,28.0,1670.0,6-4 4-6 6-3,3,R32,116.0,16.0,5.0,95.0,72.0,54.0,10.0,15.0,2.0,3.0,13.0,0.0,78.0,45.0,39.0,15.0,14.0,0.0,2.0
2020-568,St. Petersburg,Hard,32,500,I,20201012,9,BK92,,,Alexander Bublik,R,196.0,KAZ,23.321,52.0,1045.0,MK66,,PR,Mackenzie McDonald,R,178.0,USA,25.492,221.0,252.0,2-6 7-6(2) 6-4,3,R32,123.0,25.0,6.0,94.0,58.0,49.0,15.0,15.0,1.0,3.0,6.0,1.0,89.0,64.0,48.0,14.0,15.0,0.0,1.0
2020-568,St. Petersburg,Hard,32,500,I,20201012,10,D864,,WC,Evgeny Donskoy,R,185.0,RUS,30.428,121.0,505.0,GC89,,,Egor Gerasimov,R,196.0,BLR,27.918,85.0,755.0,6-4 7-6(4),3,R32,100.0,2.0,3.0,74.0,41.0,31.0,15.0,11.0,2.0,4.0,8.0,5.0,76.0,43.0,30.0,15.0,11.0,5.0,8.0
2020-568,St. Petersburg,Hard,32,500,I,20201012,11,HH26,,,Ugo Humbert,L,188.0,FRA,22.297,38.0,1286.0,K09F,,Q,Pavel Kotov,R,191.0,RUS,21.9,286.0,166.0,4-6 6-2 6-3,3,R32,139.0,2.0,1.0,91.0,59.0,46.0,15.0,14.0,6.0,8.0,4.0,2.0,87.0,52.0,35.0,15.0,13.0,10.0,14.0
2020-568,St. Petersburg,Hard,32,500,I,20201012,12,I305,,Q,Ilya Ivashka,R,193.0,BLR,26.631,141.0,425.0,ME82,,,Adrian Mannarino,L,180.0,FRA,32.287,39.0,1271.0,6-3 7-6(6),3,R32,122.0,2.0,0.0,69.0,52.0,33.0,8.0,11.0,0.0,3.0,5.0,3.0,74.0,36.0,25.0,14.0,10.0,5.0,9.0
2020-568,St. Petersburg,Hard,32,500,I,20201012,13,KC56,,WC,Aslan Karatsev,R,185.0,RUS,27.105,117.0,534.0,SL08,,,Tennys Sandgren,R,188.0,USA,29.227,48.0,1078.0,7-5 3-6 7-5,3,R32,132.0,8.0,5.0,93.0,58.0,48.0,13.0,16.0,4.0,7.0,8.0,4.0,105.0,64.0,46.0,18.0,17.0,4.0,8.0
2020-568,St. Petersburg,Hard,32,500,I,20201012,14,KI95,,,Miomir Kecmanovic,R,183.0,SRB,21.117,41.0,1258.0,K926,,,Mikhail Kukushkin,R,183.0,KAZ,32.797,88.0,751.0,6-3 7-6(7),3,R32,96.0,5.0,4.0,78.0,44.0,31.0,19.0,11.0,3.0,5.0,3.0,3.0,64.0,40.0,26.0,11.0,10.0,1.0,4.0
2020-568,St. Petersburg,Hard,32,500,I,20201012,15,O522,,,Reilly Opelka,R,211.0,USA,23.124,36.0,1312.0,SP80,,Q,Nino Serdarusic,R,191.0,CRO,23.83,308.0,142.0,3-6 7-6(5) 6-2,3,R32,94.0,26.0,0.0,70.0,54.0,49.0,10.0,14.0,0.0,1.0,10.0,5.0,79.0,46.0,40.0,20.0,15.0,1.0,3.0
2020-568,St. Petersburg,Hard,32,500,I,20201012,16,SX50,,WC,Roman Safiullin,R,185.0,RUS,23.181,199.0,298.0,GA36,,LL,Emilio Gomez,R,185.0,ECU,28.873,151.0,392.0,6-4 6-2,3,R32,75.0,2.0,0.0,45.0,27.0,21.0,13.0,9.0,0.0,1.0,3.0,0.0,68.0,44.0,25.0,10.0,9.0,5.0,9.0
2020-568,St. Petersburg,Hard,32,500,I,20201012,17,O522,,,Reilly Opelka,R,211.0,USA,23.124,36.0,1312.0,MM58,1.0,,Daniil Medvedev,R,198.0,RUS,24.668,6.0,5890.0,2-6 7-5 6-4,3,R16,115.0,11.0,2.0,99.0,67.0,53.0,11.0,15.0,7.0,9.0,6.0,2.0,71.0,44.0,40.0,16.0,15.0,2.0,4.0
2020-568,St. Petersburg,Hard,32,500,I,20201012,18,SU55,2.0,,Denis Shapovalov,L,185.0,CAN,21.495,12.0,2695.0,I305,,Q,Ilya Ivashka,R,193.0,BLR,26.631,141.0,425.0,6-1 6-4,3,R16,66.0,8.0,2.0,53.0,39.0,32.0,7.0,9.0,5.0,5.0,1.0,1.0,42.0,32.0,22.0,4.0,8.0,4.0,7.0
2020-568,St. Petersburg,Hard,32,500,I,20201012,19,RE44,3.0,,Andrey Rublev,R,188.0,RUS,22.979,10.0,2974.0,HH26,,,Ugo Humbert,L,188.0,FRA,22.297,38.0,1286.0,4-6 6-4 7-5,3,R16,133.0,9.0,2.0,82.0,47.0,42.0,19.0,16.0,1.0,3.0,14.0,6.0,104.0,62.0,47.0,18.0,16.0,1.0,4.0
2020-568,St. Petersburg,Hard,32,500,I,20201012,20,KE29,4.0,,Karen Khachanov,R,198.0,RUS,24.394,17.0,2200.0,KC56,,WC,Aslan Karatsev,R,185.0,RUS,27.105,117.0,534.0,4-6 7-5 6-3,3,R16,136.0,7.0,0.0,86.0,64.0,47.0,14.0,16.0,1.0,3.0,1.0,6.0,99.0,55.0,39.0,20.0,15.0,3.0,6.0
2020-568,St. Petersburg,Hard,32,500,I,20201012,21,W367,5.0,,Stan Wawrinka,R,183.0,SUI,35.543,18.0,2185.0,D864,,WC,Evgeny Donskoy,R,185.0,RUS,30.428,121.0,505.0,6-1 3-6 6-3,3,R16,102.0,7.0,2.0,76.0,51.0,40.0,14.0,13.0,5.0,6.0,1.0,2.0,73.0,45.0,32.0,13.0,12.0,8.0,11.0
2020-568,St. Petersburg,Hard,32,500,I,20201012,22,R975,6.0,,Milos Raonic,R,196.0,CAN,29.793,21.0,2040.0,BK92,,,Alexander Bublik,R,196.0,KAZ,23.321,52.0,1045.0,6-3 6-2,3,R16,66.0,9.0,1.0,59.0,41.0,32.0,10.0,9.0,4.0,4.0,8.0,2.0,45.0,31.0,20.0,5.0,8.0,1.0,4.0
2020-568,St. Petersburg,Hard,32,500,I,20201012,23,CG80,7.0,,Borna Coric,R,188.0,CRO,23.91,27.0,1670.0,SX50,,WC,Roman Safiullin,R,185.0,RUS,23.181,199.0,298.0,6-3 7-5,3,R16,106.0,4.0,3.0,75.0,50.0,36.0,11.0,11.0,6.0,8.0,0.0,1.0,66.0,39.0,21.0,16.0,10.0,4.0,8.0
2020-568,St. Petersburg,Hard,32,500,I,20201012,24,N771,,,Cameron Norrie,L,188.0,GBR,25.139,75.0,807.0,KI95,,,Miomir Kecmanovic,R,183.0,SRB,21.117,41.0,1258.0,7-5 6-7(5) 6-3,3,R16,164.0,5.0,5.0,107.0,67.0,49.0,19.0,16.0,8.0,11.0,4.0,3.0,128.0,77.0,54.0,21.0,17.0,11.0,17.0
2020-568,St. Petersburg,Hard,32,500,I,20201012,25,SU55,2.0,,Denis Shapovalov,L,185.0,CAN,21.495,12.0,2695.0,W367,5.0,,Stan Wawrinka,R,183.0,SUI,35.543,18.0,2185.0,6-4 7-5,3,QF,100.0,7.0,7.0,75.0,50.0,42.0,7.0,11.0,6.0,7.0,2.0,1.0,76.0,46.0,33.0,12.0,11.0,5.0,8.0
2020-568,St. Petersburg,Hard,32,500,I,20201012,26,RE44,3.0,,Andrey Rublev,R,188.0,RUS,22.979,10.0,2974.0,N771,,,Cameron Norrie,L,188.0,GBR,25.139,75.0,807.0,6-2 6-1,3,QF,62.0,3.0,0.0,50.0,27.0,21.0,12.0,7.0,1.0,1.0,3.0,6.0,48.0,25.0,12.0,10.0,8.0,6.0,11.0
2020-568,St. Petersburg,Hard,32,500,I,20201012,27,R975,6.0,,Milos Raonic,R,196.0,CAN,29.793,21.0,2040.0,KE29,4.0,,Karen Khachanov,R,198.0,RUS,24.394,17.0,2200.0,6-1 7-6(1),3,QF,86.0,15.0,0.0,57.0,41.0,35.0,10.0,10.0,1.0,1.0,6.0,1.0,65.0,47.0,30.0,8.0,9.0,3.0,5.0
2020-568,St. Petersburg,Hard,32,500,I,20201012,28,CG80,7.0,,Borna Coric,R,188.0,CRO,23.91,27.0,1670.0,O522,,,Reilly Opelka,R,211.0,USA,23.124,36.0,1312.0,7-6(3) 6-3,3,QF,82.0,6.0,0.0,54.0,42.0,36.0,10.0,11.0,1.0,2.0,16.0,1.0,68.0,42.0,32.0,11.0,10.0,0.0,2.0
2020-568,St. Petersburg,Hard,32,500,I,20201012,29,RE44,3.0,,Andrey Rublev,R,188.0,RUS,22.979,10.0,2974.0,SU55,2.0,,Denis Shapovalov,L,185.0,CAN,21.495,12.0,2695.0,4-6 6-3 6-4,3,SF,129.0,8.0,2.0,94.0,58.0,46.0,20.0,15.0,5.0,6.0,9.0,8.0,88.0,50.0,38.0,21.0,14.0,3.0,5.0
2020-568,St. Petersburg,Hard,32,500,I,20201012,30,CG80,7.0,,Borna Coric,R,188.0,CRO,23.91,27.0,1670.0,R975,6.0,,Milos Raonic,R,196.0,CAN,29.793,21.0,2040.0,1-6 6-1 6-4,3,SF,116.0,4.0,1.0,76.0,49.0,37.0,14.0,12.0,6.0,8.0,18.0,2.0,66.0,45.0,33.0,10.0,12.0,2.0,5.0
2020-568,St. Petersburg,Hard,32,500,I,20201012,31,RE44,3.0,,Andrey Rublev,R,188.0,RUS,22.979,10.0,2974.0,CG80,7.0,,Borna Coric,R,188.0,CRO,23.91,27.0,1670.0,7-6(5) 6-4,3,F,99.0,7.0,1.0,61.0,37.0,32.0,17.0,11.0,0.0,0.0,8.0,4.0,76.0,51.0,41.0,10.0,11.0,2.0,3.0
2020-9404,Cologne 1,Hard,32,250,I,20201012,1,J386,,,Steve Johnson,R,188.0,USA,30.801,68.0,870.0,KB05,5.0,,Filip Krajinovic,R,185.0,SRB,28.624,30.0,1628.0,3-6 6-4 6-4,3,R32,122.0,10.0,4.0,104.0,62.0,47.0,19.0,15.0,7.0,9.0,4.0,0.0,75.0,53.0,42.0,11.0,14.0,1.0,3.0
2020-9404,Cologne 1,Hard,32,250,I,20201012,2,HB71,6.0,,Hubert Hurkacz,R,196.0,POL,23.666,31.0,1468.0,PG94,,LL,Marc Polmans,R,188.0,AUS,23.447,116.0,539.0,6-2 7-5,3,R32,92.0,1.0,1.0,63.0,41.0,29.0,11.0,10.0,3.0,5.0,1.0,6.0,63.0,39.0,25.0,8.0,10.0,5.0,10.0
2020-9404,Cologne 1,Hard,32,250,I,20201012,3,O449,,Q,Oscar Otte,R,193.0,GER,27.242,142.0,423.0,SL28,7.0,,Jan-Lennard Struff,R,193.0,GER,30.467,32.0,1450.0,6-4 6-3,3,R32,78.0,5.0,2.0,61.0,34.0,26.0,13.0,10.0,3.0,5.0,1.0,5.0,55.0,25.0,17.0,11.0,9.0,4.0,8.0
2020-9404,Cologne 1,Hard,32,250,I,20201012,4,C977,8.0,,Marin Cilic,R,198.0,CRO,32.038,40.0,1270.0,GC88,,LL,Marcos Giron,R,180.0,USA,27.22,90.0,721.0,6-2 4-6 6-3,3,R32,150.0,9.0,5.0,102.0,51.0,39.0,23.0,14.0,15.0,18.0,2.0,1.0,88.0,46.0,26.0,22.0,13.0,4.0,9.0
2020-9404,Cologne 1,Hard,32,250,I,20201012,5,A829,,,Radu Albot,R,175.0,MDA,30.919,82.0,772.0,H996,,,Pierre-Hugues Herbert,R,188.0,FRA,29.572,81.0,775.0,6-2 4-6 6-4,3,R32,121.0,0.0,1.0,83.0,55.0,36.0,15.0,14.0,3.0,6.0,4.0,8.0,74.0,41.0,30.0,15.0,14.0,4.0,9.0
2020-9404,Cologne 1,Hard,32,250,I,20201012,6,DH50,,,Alejandro Davidovich Fokina,R,180.0,ESP,21.355,71.0,848.0,RH24,,Q,Emil Ruusuvuori,R,188.0,FIN,21.53,98.0,689.0,7-5 6-4,3,R32,116.0,2.0,3.0,85.0,50.0,33.0,14.0,11.0,8.0,11.0,2.0,5.0,77.0,49.0,25.0,15.0,11.0,3.0,8.0
2020-9404,Cologne 1,Hard,32,250,I,20201012,7,HG86,,Q,Lloyd Harris,R,193.0,RSA,23.63,92.0,701.0,E831,,,Kyle Edmund,R,188.0,GBR,25.76,47.0,1085.0,7-5 7-6(1),3,R32,123.0,8.0,4.0,87.0,52.0,40.0,16.0,12.0,9.0,11.0,1.0,1.0,80.0,44.0,30.0,17.0,12.0,2.0,5.0
2020-9404,Cologne 1,Hard,32,250,I,20201012,8,L949,,Q,Henri Laaksonen,R,185.0,SUI,28.534,139.0,435.0,AE14,,WC,Daniel Altmaier,R,188.0,GER,22.084,122.0,501.0,3-6 6-3 7-6(5),3,R32,166.0,7.0,3.0,100.0,60.0,44.0,24.0,15.0,6.0,9.0,3.0,3.0,122.0,68.0,48.0,26.0,15.0,5.0,8.0
2020-9404,Cologne 1,Hard,32,250,I,20201012,9,DB59,,,Dennis Novak,R,183.0,AUT,27.124,94.0,700.0,TC61,,,Jordan Thompson,R,183.0,AUS,26.48,59.0,984.0,6-3 6-3,3,R32,76.0,1.0,0.0,47.0,28.0,21.0,14.0,9.0,3.0,4.0,4.0,3.0,60.0,36.0,22.0,11.0,9.0,7.0,11.0
2020-9404,Cologne 1,Hard,32,250,I,20201012,10,SD32,,,Gilles Simon,R,183.0,FRA,35.792,57.0,1005.0,F724,,,Marton Fucsovics,R,188.0,HUN,28.676,50.0,1047.0,6-0 6-3,3,R32,75.0,0.0,0.0,40.0,14.0,10.0,18.0,7.0,1.0,2.0,0.0,0.0,51.0,31.0,15.0,7.0,8.0,7.0,13.0
2020-9404,Cologne 1,Hard,32,250,I,20201012,11,V306,,,Fernando Verdasco,L,188.0,ESP,36.909,62.0,945.0,MC10,,,Andy Murray,R,191.0,GBR,33.413,115.0,547.0,6-4 6-4,3,R32,99.0,7.0,2.0,74.0,48.0,31.0,15.0,10.0,9.0,11.0,0.0,4.0,61.0,31.0,20.0,11.0,10.0,5.0,9.0
2020-9404,Cologne 1,Hard,32,250,I,20201012,12,Z168,,WC,Mischa Zverev,L,191.0,GER,33.142,268.0,188.0,MH30,,,John Millman,R,183.0,AUS,31.329,44.0,1166.0,6-1 6-4,3,R32,78.0,3.0,2.0,58.0,41.0,25.0,8.0,8.0,6.0,8.0,0.0,1.0,48.0,25.0,11.0,12.0,9.0,5.0,11.0
2020-9404,Cologne 1,Hard,32,250,I,20201012,13,Z355,1.0,,Alexander Zverev,R,198.0,GER,23.48,7.0,4650.0,V306,,,Fernando Verdasco,L,188.0,ESP,36.909,62.0,945.0,6-4 6-1,3,R16,63.0,7.0,0.0,38.0,25.0,21.0,11.0,8.0,0.0,0.0,1.0,1.0,54.0,38.0,22.0,7.0,9.0,1.0,5.0
2020-9404,Cologne 1,Hard,32,250,I,20201012,14,BD06,2.0,,Roberto Bautista Agut,R,183.0,ESP,32.496,13.0,2665.0,SD32,,,Gilles Simon,R,183.0,FRA,35.792,57.0,1005.0,6-4 7-6(5),3,R16,139.0,1.0,2.0,76.0,51.0,28.0,14.0,11.0,3.0,7.0,7.0,5.0,86.0,39.0,24.0,21.0,11.0,7.0,12.0
2020-9404,Cologne 1,Hard,32,250,I,20201012,15,AG37,3.0,,Felix Auger-Aliassime,R,193.0,CAN,20.178,22.0,2021.0,L949,,Q,Henri Laaksonen,R,185.0,SUI,28.534,139.0,435.0,6-4 6-1,3,R16,77.0,7.0,4.0,52.0,30.0,27.0,10.0,9.0,0.0,0.0,0.0,2.0,57.0,33.0,22.0,9.0,8.0,2.0,5.0
2020-9404,Cologne 1,Hard,32,250,I,20201012,16,DB59,,,Dennis Novak,R,183.0,AUT,27.124,94.0,700.0,PD31,4.0,,Benoit Paire,R,196.0,FRA,31.431,26.0,1738.0,6-3 6-4,3,R16,64.0,1.0,0.0,50.0,34.0,25.0,11.0,10.0,2.0,4.0,2.0,4.0,59.0,27.0,18.0,13.0,9.0,4.0,8.0
2020-9404,Cologne 1,Hard,32,250,I,20201012,17,HB71,6.0,,Hubert Hurkacz,R,196.0,POL,23.666,31.0,1468.0,Z168,,WC,Mischa Zverev,L,191.0,GER,33.142,268.0,188.0,6-4 6-3,3,R16,85.0,4.0,4.0,69.0,38.0,29.0,17.0,10.0,7.0,8.0,0.0,5.0,56.0,27.0,18.0,15.0,9.0,2.0,5.0
2020-9404,Cologne 1,Hard,32,250,I,20201012,18,DH50,,,Alejandro Davidovich Fokina,R,180.0,ESP,21.355,71.0,848.0,C977,8.0,,Marin Cilic,R,198.0,CRO,32.038,40.0,1270.0,3-6 7-6(3) 6-2,3,R16,142.0,2.0,1.0,95.0,64.0,48.0,18.0,14.0,3.0,5.0,12.0,0.0,100.0,59.0,41.0,23.0,15.0,7.0,10.0
2020-9404,Cologne 1,Hard,32,250,I,20201012,19,A829,,,Radu Albot,R,175.0,MDA,30.919,82.0,772.0,O449,,Q,Oscar Otte,R,193.0,GER,27.242,142.0,423.0,6-4 5-7 7-5,3,R16,150.0,2.0,3.0,108.0,70.0,43.0,22.0,17.0,9.0,13.0,4.0,6.0,98.0,54.0,40.0,18.0,17.0,4.0,9.0
2020-9404,Cologne 1,Hard,32,250,I,20201012,20,HG86,,Q,Lloyd Harris,R,193.0,RSA,23.63,92.0,701.0,J386,,,Steve Johnson,R,188.0,USA,30.801,68.0,870.0,7-6(5) 7-6(2),3,R16,133.0,12.0,3.0,82.0,58.0,43.0,11.0,12.0,0.0,1.0,6.0,2.0,98.0,62.0,41.0,16.0,12.0,1.0,2.0
2020-9404,Cologne 1,Hard,32,250,I,20201012,21,Z355,1.0,,Alexander Zverev,R,198.0,GER,23.48,7.0,4650.0,HG86,,Q,Lloyd Harris,R,193.0,RSA,23.63,92.0,701.0,6-4 3-6 6-0,3,QF,105.0,8.0,3.0,67.0,48.0,33.0,12.0,12.0,2.0,4.0,5.0,1.0,88.0,70.0,41.0,8.0,13.0,4.0,9.0
2020-9404,Cologne 1,Hard,32,250,I,20201012,22,BD06,2.0,,Roberto Bautista Agut,R,183.0,ESP,32.496,13.0,2665.0,HB71,6.0,,Hubert Hurkacz,R,196.0,POL,23.666,31.0,1468.0,7-6(4) 5-7 6-0,3,QF,149.0,2.0,4.0,112.0,69.0,50.0,24.0,15.0,11.0,13.0,14.0,4.0,118.0,71.0,52.0,17.0,15.0,6.0,10.0
2020-9404,Cologne 1,Hard,32,250,I,20201012,23,AG37,3.0,,Felix Auger-Aliassime,R,193.0,CAN,20.178,22.0,2021.0,A829,,,Radu Albot,R,175.0,MDA,30.919,82.0,772.0,6-3 6-0,3,QF,71.0,4.0,3.0,47.0,28.0,20.0,12.0,8.0,0.0,1.0,1.0,1.0,38.0,22.0,10.0,6.0,7.0,1.0,6.0
2020-9404,Cologne 1,Hard,32,250,I,20201012,24,DH50,,,Alejandro Davidovich Fokina,R,180.0,ESP,21.355,71.0,848.0,DB59,,,Dennis Novak,R,183.0,AUT,27.124,94.0,700.0,6-3 2-6 6-3,3,QF,115.0,0.0,3.0,79.0,56.0,32.0,8.0,13.0,6.0,13.0,5.0,3.0,89.0,52.0,32.0,11.0,13.0,8.0,16.0
2020-9404,Cologne 1,Hard,32,250,I,20201012,25,Z355,1.0,,Alexander Zverev,R,198.0,GER,23.48,7.0,4650.0,DH50,,,Alejandro Davidovich Fokina,R,180.0,ESP,21.355,71.0,848.0,7-5 7-6(3),3,SF,116.0,10.0,3.0,73.0,47.0,34.0,16.0,12.0,1.0,2.0,0.0,2.0,76.0,53.0,36.0,13.0,12.0,5.0,7.0
2020-9404,Cologne 1,Hard,32,250,I,20201012,26,AG37,3.0,,Felix Auger-Aliassime,R,193.0,CAN,20.178,22.0,2021.0,BD06,2.0,,Roberto Bautista Agut,R,183.0,ESP,32.496,13.0,2665.0,6-3 1-6 6-3,3,SF,110.0,7.0,5.0,77.0,48.0,35.0,14.0,13.0,3.0,6.0,0.0,1.0,63.0,42.0,30.0,14.0,12.0,3.0,6.0
2020-9404,Cologne 1,Hard,32,250,I,20201012,27,Z355,1.0,,Alexander Zverev,R,198.0,GER,23.48,7.0,4650.0,AG37,3.0,,Felix Auger-Aliassime,R,193.0,CAN,20.178,22.0,2021.0,6-3 6-3,3,F,79.0,1.0,5.0,47.0,25.0,20.0,15.0,9.0,2.0,3.0,1.0,3.0,58.0,34.0,20.0,12.0,9.0,6.0,10.0
2020-9408,Sardinia,Clay,32,250,O,20201012,1,SU87,5.0,,Lorenzo Sonego,R,191.0,ITA,25.424,42.0,1245.0,Z0A1,,WC,Giulio Zeppieri,L,183.0,ITA,18.847,317.0,135.0,6-2 7-6(4),3,R32,99.0,3.0,0.0,60.0,34.0,28.0,17.0,10.0,2.0,3.0,1.0,4.0,77.0,49.0,35.0,11.0,10.0,7.0,10.0
2020-9408,Sardinia,Clay,32,250,O,20201012,2,A596,6.0,,Pablo Andujar,R,180.0,ESP,34.719,54.0,1024.0,KC04,,Q,Jozef Kovalik,R,183.0,SVK,27.937,125.0,487.0,7-5 7-5,3,R32,123.0,0.0,4.0,67.0,40.0,30.0,12.0,12.0,2.0,5.0,3.0,3.0,80.0,45.0,27.0,15.0,12.0,2.0,7.0
2020-9408,Sardinia,Clay,32,250,O,20201012,3,PL56,7.0,,Tommy Paul,R,185.0,USA,23.406,58.0,994.0,MF35,,LL,Andrej Martin,R,183.0,SVK,31.061,100.0,686.0,5-7 6-3 7-5,3,R32,158.0,5.0,6.0,125.0,77.0,51.0,22.0,17.0,7.0,12.0,2.0,3.0,102.0,60.0,37.0,19.0,16.0,8.0,14.0
2020-9408,Sardinia,Clay,32,250,O,20201012,4,M0EJ,,WC,Lorenzo Musetti,R,185.0,ITA,18.612,143.0,422.0,C882,8.0,,Pablo Cuevas,R,180.0,URU,34.779,64.0,907.0,7-6(4) 7-5,3,R32,131.0,5.0,3.0,95.0,62.0,39.0,19.0,12.0,5.0,7.0,1.0,3.0,81.0,39.0,25.0,22.0,12.0,5.0,8.0
2020-9408,Sardinia,Clay,32,250,O,20201012,5,CF59,,,Roberto Carballes Baena,R,183.0,ESP,27.556,96.0,694.0,CE77,,Q,Federico Coria,R,180.0,ARG,28.594,86.0,753.0,7-5 6-4,3,R32,117.0,0.0,0.0,62.0,45.0,23.0,11.0,11.0,2.0,6.0,2.0,2.0,72.0,37.0,18.0,16.0,11.0,5.0,11.0
2020-9408,Sardinia,Clay,32,250,O,20201012,6,CF01,,WC,Marco Cecchinato,R,185.0,ITA,28.033,103.0,671.0,ML57,,,Gianluca Mager,R,188.0,ITA,25.864,91.0,717.0,5-7 7-6(7) 6-2,3,R32,153.0,11.0,1.0,92.0,66.0,49.0,16.0,16.0,2.0,4.0,11.0,9.0,144.0,87.0,59.0,24.0,16.0,8.0,11.0
2020-9408,Sardinia,Clay,32,250,O,20201012,7,D874,,,Federico Delbonis,L,193.0,ARG,30.021,78.0,791.0,SA93,,,Andreas Seppi,R,191.0,ITA,36.641,102.0,679.0,7-5 7-6(6),3,R32,117.0,4.0,1.0,77.0,47.0,37.0,21.0,12.0,3.0,3.0,2.0,2.0,79.0,45.0,33.0,21.0,12.0,2.0,3.0
2020-9408,Sardinia,Clay,32,250,O,20201012,8,DB63,,,Laslo Djere,R,188.0,SRB,25.363,74.0,812.0,N897,,Q,Sumit Nagal,R,178.0,IND,23.157,129.0,465.0,6-3 6-1,3,R32,70.0,2.0,2.0,43.0,27.0,22.0,8.0,8.0,2.0,3.0,0.0,2.0,58.0,41.0,23.0,3.0,8.0,2.0,7.0
2020-9408,Sardinia,Clay,32,250,O,20201012,9,H997,,,Yannick Hanfmann,R,193.0,GER,28.914,101.0,682.0,CE25,,,Salvatore Caruso,R,185.0,ITA,27.825,77.0,802.0,6-0 6-4,3,R32,84.0,3.0,2.0,51.0,31.0,24.0,11.0,8.0,2.0,2.0,0.0,2.0,60.0,32.0,18.0,13.0,8.0,3.0,7.0
2020-9408,Sardinia,Clay,32,250,O,20201012,10,MW02,,,Corentin Moutet,L,180.0,FRA,21.484,73.0,818.0,TD51,,,Frances Tiafoe,R,188.0,USA,22.727,61.0,950.0,7-6(0) 6-4,3,R32,142.0,2.0,1.0,77.0,52.0,36.0,12.0,11.0,8.0,11.0,0.0,3.0,87.0,50.0,27.0,18.0,11.0,9.0,13.0
2020-9408,Sardinia,Clay,32,250,O,20201012,11,PH64,,Q,Andrea Pellegrino,R,185.0,ITA,23.556,292.0,157.0,TA12,,,Stefano Travaglia,R,185.0,ITA,28.791,70.0,849.0,4-6 7-6(7) 3-0 RET,3,R32,139.0,1.0,4.0,80.0,57.0,36.0,9.0,12.0,4.0,8.0,3.0,4.0,99.0,58.0,34.0,17.0,13.0,4.0,9.0
2020-9408,Sardinia,Clay,32,250,O,20201012,12,V708,,,Jiri Vesely,L,198.0,CZE,27.258,67.0,875.0,MQ75,,,Kamil Majchrzak,R,183.0,POL,24.747,105.0,652.0,6-1 7-5,3,R32,82.0,7.0,0.0,48.0,35.0,27.0,7.0,9.0,0.0,1.0,1.0,3.0,70.0,38.0,22.0,15.0,10.0,4.0,9.0
2020-9408,Sardinia,Clay,32,250,O,20201012,13,DB63,,,Laslo Djere,R,188.0,SRB,25.363,74.0,812.0,L987,2.0,,Dusan Lajovic,R,183.0,SRB,30.286,24.0,1785.0,6-4 7-5,3,R16,102.0,1.0,1.0,64.0,39.0,21.0,17.0,11.0,3.0,6.0,0.0,2.0,75.0,51.0,28.0,10.0,11.0,9.0,14.0
2020-9408,Sardinia,Clay,32,250,O,20201012,14,H997,,,Yannick Hanfmann,R,193.0,GER,28.914,101.0,682.0,RH16,3.0,,Casper Ruud,R,183.0,NOR,21.807,25.0,1739.0,6-2 6-1,3,R16,64.0,2.0,0.0,51.0,36.0,25.0,10.0,7.0,8.0,8.0,0.0,3.0,46.0,27.0,13.0,8.0,8.0,2.0,7.0
2020-9408,Sardinia,Clay,32,250,O,20201012,15,R772,4.0,,Albert Ramos-Vinolas,L,188.0,ESP,32.736,45.0,1165.0,MW02,,,Corentin Moutet,L,180.0,FRA,21.484,73.0,818.0,6-0 6-3,3,R16,79.0,2.0,1.0,46.0,31.0,24.0,6.0,8.0,0.0,1.0,0.0,3.0,50.0,33.0,16.0,6.0,7.0,4.0,9.0
2020-9408,Sardinia,Clay,32,250,O,20201012,16,V708,,,Jiri Vesely,L,198.0,CZE,27.258,67.0,875.0,SU87,5.0,,Lorenzo Sonego,R,191.0,ITA,25.424,42.0,1245.0,6-4 3-6 6-1,3,R16,134.0,2.0,1.0,64.0,43.0,33.0,17.0,13.0,0.0,1.0,1.0,5.0,92.0,60.0,45.0,10.0,13.0,5.0,8.0
2020-9408,Sardinia,Clay,32,250,O,20201012,17,D874,,,Federico Delbonis,L,193.0,ARG,30.021,78.0,791.0,A596,6.0,,Pablo Andujar,R,180.0,ESP,34.719,54.0,1024.0,5-7 7-6(5) 6-4,3,R16,165.0,3.0,7.0,110.0,71.0,47.0,16.0,17.0,8.0,13.0,1.0,10.0,104.0,64.0,40.0,20.0,17.0,4.0,9.0
2020-9408,Sardinia,Clay,32,250,O,20201012,18,CF01,,WC,Marco Cecchinato,R,185.0,ITA,28.033,103.0,671.0,PL56,7.0,,Tommy Paul,R,185.0,USA,23.406,58.0,994.0,7-6(1) 6-4,3,R16,88.0,4.0,0.0,60.0,39.0,35.0,12.0,11.0,2.0,3.0,4.0,1.0,65.0,41.0,29.0,14.0,11.0,0.0,2.0
2020-9408,Sardinia,Clay,32,250,O,20201012,19,M0EJ,,WC,Lorenzo Musetti,R,185.0,ITA,18.612,143.0,422.0,PH64,,Q,Andrea Pellegrino,R,185.0,ITA,23.556,292.0,157.0,6-2 6-1,3,R16,59.0,2.0,2.0,46.0,28.0,23.0,11.0,8.0,1.0,1.0,0.0,0.0,40.0,27.0,13.0,5.0,7.0,1.0,5.0
2020-9408,Sardinia,Clay,32,250,O,20201012,20,PE02,,LL,Danilo Petrovic,R,203.0,SRB,28.717,166.0,362.0,CF59,,,Roberto Carballes Baena,R,183.0,ESP,27.556,96.0,694.0,6-1 6-4,3,R16,87.0,4.0,5.0,50.0,28.0,19.0,9.0,8.0,4.0,7.0,1.0,0.0,69.0,47.0,20.0,9.0,9.0,7.0,14.0
2020-9408,Sardinia,Clay,32,250,O,20201012,21,CF01,,WC,Marco Cecchinato,R,185.0,ITA,28.033,103.0,671.0,R772,4.0,,Albert Ramos-Vinolas,L,188.0,ESP,32.736,45.0,1165.0,4-6 6-1 6-1,3,QF,132.0,2.0,1.0,69.0,55.0,41.0,3.0,12.0,3.0,6.0,0.0,2.0,108.0,71.0,39.0,13.0,12.0,15.0,22.0
2020-9408,Sardinia,Clay,32,250,O,20201012,22,DB63,,,Laslo Djere,R,188.0,SRB,25.363,74.0,812.0,V708,,,Jiri Vesely,L,198.0,CZE,27.258,67.0,875.0,6-4 6-4,3,QF,83.0,4.0,1.0,54.0,38.0,29.0,12.0,10.0,0.0,0.0,6.0,1.0,57.0,42.0,32.0,6.0,10.0,0.0,2.0
2020-9408,Sardinia,Clay,32,250,O,20201012,23,M0EJ,,WC,Lorenzo Musetti,R,185.0,ITA,18.612,143.0,422.0,H997,,,Yannick Hanfmann,R,193.0,GER,28.914,101.0,682.0,6-2 6-4,3,QF,91.0,2.0,1.0,78.0,49.0,33.0,12.0,9.0,9.0,11.0,2.0,1.0,54.0,33.0,19.0,8.0,9.0,1.0,6.0
2020-9408,Sardinia,Clay,32,250,O,20201012,24,PE02,,LL,Danilo Petrovic,R,203.0,SRB,28.717,166.0,362.0,D874,,,Federico Delbonis,L,193.0,ARG,30.021,78.0,791.0,7-6(3) 6-1,3,QF,93.0,8.0,4.0,92.0,63.0,44.0,15.0,10.0,11.0,12.0,3.0,4.0,55.0,35.0,25.0,8.0,9.0,0.0,3.0
2020-9408,Sardinia,Clay,32,250,O,20201012,25,CF01,,WC,Marco Cecchinato,R,185.0,ITA,28.033,103.0,671.0,PE02,,LL,Danilo Petrovic,R,203.0,SRB,28.717,166.0,362.0,6-1 6-0,3,SF,58.0,3.0,0.0,43.0,28.0,21.0,9.0,7.0,0.0,0.0,1.0,2.0,46.0,28.0,14.0,4.0,6.0,6.0,11.0
2020-9408,Sardinia,Clay,32,250,O,20201012,26,DB63,,,Laslo Djere,R,188.0,SRB,25.363,74.0,812.0,M0EJ,,WC,Lorenzo Musetti,R,185.0,ITA,18.612,143.0,422.0,2-6 6-2 4-1 RET,3,SF,99.0,3.0,2.0,63.0,36.0,25.0,14.0,11.0,3.0,6.0,0.0,1.0,63.0,43.0,25.0,8.0,10.0,1.0,5.0
2020-9408,Sardinia,Clay,32,250,O,20201012,27,DB63,,,Laslo Djere,R,188.0,SRB,25.363,74.0,812.0,CF01,,WC,Marco Cecchinato,R,185.0,ITA,28.033,103.0,671.0,7-6(3) 7-5,3,F,139.0,3.0,3.0,93.0,62.0,38.0,18.0,12.0,8.0,11.0,1.0,3.0,96.0,67.0,44.0,10.0,12.0,7.0,11.0
2020-7485,Antwerp,Hard,32,250,I,20201019,1,R975,5.0,,Milos Raonic,R,196.0,CAN,29.812,19.0,2220.0,BH09,,,Aljaz Bedene,R,183.0,SLO,31.255,52.0,1045.0,6-3 7-6(4),3,R32,,,,,,,,,,,,,,,,,,,
2020-7485,Antwerp,Hard,32,250,I,20201019,2,TD51,,,Frances Tiafoe,R,188.0,USA,22.746,63.0,950.0,L987,6.0,,Dusan Lajovic,R,183.0,SRB,30.305,25.0,1785.0,6-3 7-6(6),3,R32,,,,,,,,,,,,,,,,,,,
2020-7485,Antwerp,Hard,32,250,I,20201019,3,FB98,7.0,,Taylor Fritz,R,196.0,USA,22.976,28.0,1670.0,O522,,,Reilly Opelka,R,211.0,USA,23.143,33.0,1402.0,7-6(5) 6-1,3,R32,,,,,,,,,,,,,,,,,,,
2020-7485,Antwerp,Hard,32,250,I,20201019,4,DH58,8.0,,Alex de Minaur,R,183.0,AUS,21.67,29.0,1665.0,G628,,,Richard Gasquet,R,183.0,FRA,34.338,54.0,1030.0,3-6 7-6(5) 6-3,3,R32,,,,,,,,,,,,,,,,,,,
2020-7485,Antwerp,Hard,32,250,I,20201019,5,A596,,,Pablo Andujar,R,180.0,ESP,34.738,55.0,1024.0,CE77,,LL,Federico Coria,R,180.0,ARG,28.613,86.0,757.0,6-2 6-3,3,R32,,,,,,,,,,,,,,,,,,,
2020-7485,Antwerp,Hard,32,250,I,20201019,6,BU13,,WC,Zizou Bergs,R,185.0,BEL,21.38,528.0,58.0,R772,,,Albert Ramos-Vinolas,L,188.0,ESP,32.756,45.0,1165.0,7-5 7-5,3,R32,,,,,,,,,,,,,,,,,,,
2020-7485,Antwerp,Hard,32,250,I,20201019,7,E687,,,Daniel Evans,R,175.0,GBR,30.409,35.0,1384.0,CE25,,Q,Salvatore Caruso,R,185.0,ITA,27.844,79.0,802.0,6-2 3-6 6-3,3,R32,,,,,,,,,,,,,,,,,,,
2020-7485,Antwerp,Hard,32,250,I,20201019,8,GC88,,Q,Marcos Giron,R,180.0,USA,27.239,94.0,721.0,N0BG,,WC,Luca Nardi,R,185.0,ITA,17.205,917.0,13.0,4-6 6-4 6-1,3,R32,,,,,,,,,,,,,,,,,,,
2020-7485,Antwerp,Hard,32,250,I,20201019,9,HG86,,Q,Lloyd Harris,R,193.0,RSA,23.65,90.0,748.0,MW02,,,Corentin Moutet,L,180.0,FRA,21.503,74.0,838.0,7-5 6-2,3,R32,,,,,,,,,,,,,,,,,,,
2020-7485,Antwerp,Hard,32,250,I,20201019,10,HH26,,,Ugo Humbert,L,188.0,FRA,22.316,38.0,1306.0,CG33,,WC,Kimmer Coppejans,R,178.0,BEL,26.697,172.0,353.0,6-4 6-3,3,R32,,,,,,,,,,,,,,,,,,,
2020-7485,Antwerp,Hard,32,250,I,20201019,11,L397,,,Feliciano Lopez,L,188.0,ESP,39.08,62.0,953.0,PL56,,,Tommy Paul,R,185.0,USA,23.425,59.0,1002.0,6-3 6-2,3,R32,,,,,,,,,,,,,,,,,,,
2020-7485,Antwerp,Hard,32,250,I,20201019,12,N771,,,Cameron Norrie,L,188.0,GBR,25.158,70.0,877.0,RH24,,Q,Emil Ruusuvuori,R,188.0,FIN,21.55,100.0,694.0,6-3 7-6(4),3,R32,,,,,,,,,,,,,,,,,,,
2020-7485,Antwerp,Hard,32,250,I,20201019,13,GC88,,Q,Marcos Giron,R,180.0,USA,27.239,94.0,721.0,GB88,1.0,,David Goffin,R,180.0,BEL,29.867,14.0,2555.0,6-3 7-5,3,R16,,,,,,,,,,,,,,,,,,,
2020-7485,Antwerp,Hard,32,250,I,20201019,14,HH26,,,Ugo Humbert,L,188.0,FRA,22.316,38.0,1306.0,CD85,2.0,,Pablo Carreno Busta,R,188.0,ESP,29.273,15.0,2400.0,5-7 6-3 6-4,3,R16,,,,,,,,,,,,,,,,,,,
2020-7485,Antwerp,Hard,32,250,I,20201019,15,KE29,3.0,,Karen Khachanov,R,198.0,RUS,24.413,17.0,2245.0,BU13,,WC,Zizou Bergs,R,185.0,BEL,21.38,528.0,58.0,5-7 6-4 6-4,3,R16,,,,,,,,,,,,,,,,,,,
2020-7485,Antwerp,Hard,32,250,I,20201019,16,D875,4.0,,Grigor Dimitrov,R,191.0,BUL,29.429,20.0,2145.0,A596,,,Pablo Andujar,R,180.0,ESP,34.738,55.0,1024.0,4-6 6-3 6-4,3,R16,,,,,,,,,,,,,,,,,,,
2020-7485,Antwerp,Hard,32,250,I,20201019,17,R975,5.0,,Milos Raonic,R,196.0,CAN,29.812,19.0,2220.0,N771,,,Cameron Norrie,L,188.0,GBR,25.158,70.0,877.0,7-5 7-6(4),3,R16,,,,,,,,,,,,,,,,,,,
2020-7485,Antwerp,Hard,32,250,I,20201019,18,HG86,,Q,Lloyd Harris,R,193.0,RSA,23.65,90.0,748.0,FB98,7.0,,Taylor Fritz,R,196.0,USA,22.976,28.0,1670.0,7-5 7-6(3),3,R16,,,,,,,,,,,,,,,,,,,
2020-7485,Antwerp,Hard,32,250,I,20201019,19,DH58,8.0,,Alex de Minaur,R,183.0,AUS,21.67,29.0,1665.0,L397,,,Feliciano Lopez,L,188.0,ESP,39.08,62.0,953.0,6-4 6-2,3,R16,,,,,,,,,,,,,,,,,,,
2020-7485,Antwerp,Hard,32,250,I,20201019,20,E687,,,Daniel Evans,R,175.0,GBR,30.409,35.0,1384.0,TD51,,,Frances Tiafoe,R,188.0,USA,22.746,63.0,950.0,7-6(3) 6-2,3,R16,,,,,,,,,,,,,,,,,,,
2020-7485,Antwerp,Hard,32,250,I,20201019,21,E687,,,Daniel Evans,R,175.0,GBR,30.409,35.0,1384.0,KE29,3.0,,Karen Khachanov,R,198.0,RUS,24.413,17.0,2245.0,3-6 7-6(7) 6-4,3,QF,,,,,,,,,,,,,,,,,,,
2020-7485,Antwerp,Hard,32,250,I,20201019,22,D875,4.0,,Grigor Dimitrov,R,191.0,BUL,29.429,20.0,2145.0,R975,5.0,,Milos Raonic,R,196.0,CAN,29.812,19.0,2220.0,W/O,3,QF,,,,,,,,,,,,,,,,,,,
2020-7485,Antwerp,Hard,32,250,I,20201019,23,DH58,8.0,,Alex de Minaur,R,183.0,AUS,21.67,29.0,1665.0,GC88,,Q,Marcos Giron,R,180.0,USA,27.239,94.0,721.0,6-3 6-0,3,QF,,,,,,,,,,,,,,,,,,,
2020-7485,Antwerp,Hard,32,250,I,20201019,24,HH26,,,Ugo Humbert,L,188.0,FRA,22.316,38.0,1306.0,HG86,,Q,Lloyd Harris,R,193.0,RSA,23.65,90.0,748.0,6-3 7-6(2),3,QF,,,,,,,,,,,,,,,,,,,
2020-7485,Antwerp,Hard,32,250,I,20201019,25,DH58,,Q,Alex de Minaur,R,183.0,AUS,21.67,29.0,1665.0,D875,4.0,,Grigor Dimitrov,R,191.0,BUL,29.429,20.0,2145.0,7-6(4) 6-7(3) 6-4,3,SF,,,,,,,,,,,,,,,,,,,
2020-7485,Antwerp,Hard,32,250,I,20201019,26,HH26,,,Ugo Humbert,L,188.0,FRA,22.316,38.0,1306.0,E687,,,Daniel Evans,R,175.0,GBR,30.409,35.0,1384.0,4-6 7-6(7) 6-4,3,SF,,,,,,,,,,,,,,,,,,,
2020-7485,Antwerp,Hard,32,250,I,20201019,27,HH26,,,Ugo Humbert,L,188.0,FRA,22.316,38.0,1306.0,DH58,8.0,,Alex de Minaur,R,183.0,AUS,21.67,29.0,1665.0,6-1 7-6(4),3,F,,,,,,,,,,,,,,,,,,,
2020-9406,Cologne 2,Hard,32,250,I,20201019,1,SL28,7.0,,Jan-Lennard Struff,R,193.0,GER,30.486,32.0,1450.0,CF01,,SE,Marco Cecchinato,R,185.0,ITA,28.052,77.0,811.0,6-3 6-1,3,R32,58.0,8.0,2.0,47.0,28.0,23.0,11.0,8.0,2.0,2.0,1.0,2.0,58.0,40.0,20.0,9.0,8.0,8.0,12.0
2020-9406,Cologne 2,Hard,32,250,I,20201019,2,ME82,8.0,,Adrian Mannarino,L,180.0,FRA,32.307,41.0,1271.0,P09Z,,LL,Alexei Popyrin,R,196.0,AUS,21.207,109.0,613.0,6-2 6-2,3,R32,61.0,3.0,1.0,55.0,38.0,28.0,8.0,8.0,4.0,4.0,3.0,3.0,46.0,31.0,19.0,5.0,8.0,1.0,5.0
2020-9406,Cologne 2,Hard,32,250,I,20201019,3,J386,,,Steve Johnson,R,188.0,USA,30.82,71.0,870.0,C977,9.0,,Marin Cilic,R,198.0,CRO,32.057,40.0,1280.0,7-6(3) 6-4,3,R32,118.0,11.0,2.0,78.0,40.0,27.0,26.0,11.0,3.0,3.0,12.0,3.0,84.0,46.0,31.0,20.0,11.0,8.0,9.0
2020-9406,Cologne 2,Hard,32,250,I,20201019,4,DH50,,,Alejandro Davidovich Fokina,R,180.0,ESP,21.374,64.0,928.0,D923,,Q,Damir Dzumhur,R,175.0,BIH,28.416,114.0,562.0,6-2 6-3,3,R32,71.0,3.0,1.0,64.0,44.0,31.0,10.0,9.0,8.0,9.0,1.0,2.0,48.0,31.0,22.0,4.0,8.0,1.0,5.0
2020-9406,Cologne 2,Hard,32,250,I,20201019,5,GC89,,Q,Egor Gerasimov,R,196.0,BLR,27.937,87.0,755.0,AE14,,WC,Daniel Altmaier,R,188.0,GER,22.103,124.0,501.0,6-1 6-0,3,R32,61.0,1.0,2.0,46.0,27.0,17.0,15.0,7.0,2.0,2.0,3.0,2.0,40.0,22.0,13.0,2.0,6.0,3.0,8.0
2020-9406,Cologne 2,Hard,32,250,I,20201019,6,H996,,Q,Pierre-Hugues Herbert,R,188.0,FRA,29.591,82.0,775.0,SL08,,,Tennys Sandgren,R,188.0,USA,29.246,48.0,1078.0,6-3 3-6 6-3,3,R32,136.0,3.0,5.0,89.0,46.0,34.0,21.0,14.0,5.0,8.0,10.0,6.0,96.0,56.0,39.0,17.0,13.0,7.0,11.0
2020-9406,Cologne 2,Hard,32,250,I,20201019,7,KI95,,,Miomir Kecmanovic,R,183.0,SRB,21.136,39.0,1283.0,N897,,LL,Sumit Nagal,R,178.0,IND,23.176,130.0,474.0,4-6 7-6(4) 6-1,3,R32,135.0,9.0,0.0,95.0,60.0,43.0,17.0,15.0,5.0,9.0,1.0,2.0,93.0,51.0,33.0,18.0,14.0,6.0,11.0
2020-9406,Cologne 2,Hard,32,250,I,20201019,8,MH30,,,John Millman,R,183.0,AUS,31.348,44.0,1166.0,V306,,,Fernando Verdasco,L,188.0,ESP,36.928,61.0,965.0,6-4 6-2,3,R32,98.0,0.0,3.0,65.0,39.0,31.0,11.0,9.0,8.0,9.0,3.0,8.0,80.0,48.0,34.0,5.0,9.0,10.0,14.0
2020-9406,Cologne 2,Hard,32,250,I,20201019,9,N732,,,Yoshihito Nishioka,L,170.0,JPN,25.062,56.0,1017.0,E831,,,Kyle Edmund,R,188.0,GBR,25.78,47.0,1085.0,6-4 6-0,3,R32,86.0,0.0,0.0,64.0,45.0,30.0,12.0,8.0,14.0,14.0,10.0,4.0,55.0,29.0,20.0,8.0,8.0,5.0,9.0
2020-9406,Cologne 2,Hard,32,250,I,20201019,10,O449,,LL,Oscar Otte,R,193.0,GER,27.261,141.0,448.0,DB59,,Q,Dennis Novak,R,183.0,AUT,27.143,91.0,735.0,6-3 6-2,3,R32,63.0,3.0,2.0,45.0,28.0,21.0,11.0,8.0,2.0,3.0,0.0,3.0,57.0,35.0,20.0,7.0,9.0,4.0,9.0
2020-9406,Cologne 2,Hard,32,250,I,20201019,11,SD32,,,Gilles Simon,R,183.0,FRA,35.811,58.0,1005.0,TC61,,,Jordan Thompson,R,183.0,AUS,26.5,60.0,984.0,6-3 7-5,3,R32,105.0,5.0,2.0,60.0,29.0,24.0,20.0,11.0,2.0,3.0,1.0,2.0,61.0,41.0,26.0,9.0,10.0,1.0,4.0
2020-9406,Cologne 2,Hard,32,250,I,20201019,12,S0AG,,WC,Jannik Sinner,R,191.0,ITA,19.176,46.0,1136.0,D994,,LL,James Duckworth,R,183.0,AUS,28.745,97.0,701.0,6-1 6-2,3,R32,61.0,0.0,0.0,47.0,32.0,25.0,9.0,7.0,2.0,2.0,2.0,2.0,44.0,21.0,11.0,7.0,8.0,2.0,7.0
2020-9406,Cologne 2,Hard,32,250,I,20201019,13,Z355,1.0,,Alexander Zverev,R,198.0,GER,23.499,7.0,4855.0,MH30,,,John Millman,R,183.0,AUS,31.348,44.0,1166.0,6-0 3-6 6-3,3,R16,114.0,5.0,10.0,80.0,53.0,42.0,12.0,12.0,6.0,7.0,0.0,0.0,75.0,53.0,34.0,8.0,12.0,1.0,5.0
2020-9406,Cologne 2,Hard,32,250,I,20201019,14,SM37,2.0,,Diego Schwartzman,R,170.0,ARG,28.175,9.0,3180.0,O449,,LL,Oscar Otte,R,193.0,GER,27.261,141.0,448.0,6-3 6-2,3,R16,79.0,2.0,2.0,56.0,34.0,25.0,15.0,9.0,2.0,2.0,1.0,3.0,59.0,31.0,16.0,15.0,8.0,3.0,6.0
2020-9406,Cologne 2,Hard,32,250,I,20201019,15,SD32,,,Gilles Simon,R,183.0,FRA,35.811,58.0,1005.0,SU55,3.0,,Denis Shapovalov,L,185.0,CAN,21.514,12.0,2830.0,6-1 4-6 6-2,3,R16,114.0,2.0,3.0,74.0,47.0,35.0,12.0,12.0,4.0,7.0,4.0,13.0,90.0,45.0,27.0,17.0,13.0,6.0,13.0
2020-9406,Cologne 2,Hard,32,250,I,20201019,16,AG37,5.0,,Felix Auger-Aliassime,R,193.0,CAN,20.197,22.0,2126.0,GC89,,Q,Egor Gerasimov,R,196.0,BLR,27.937,87.0,755.0,4-6 7-6(2) 7-6(4),3,R16,165.0,15.0,6.0,120.0,73.0,55.0,24.0,17.0,6.0,10.0,4.0,6.0,95.0,52.0,40.0,25.0,17.0,2.0,5.0
2020-9406,Cologne 2,Hard,32,250,I,20201019,17,N732,,,Yoshihito Nishioka,L,170.0,JPN,25.062,56.0,1017.0,SL28,7.0,,Jan-Lennard Struff,R,193.0,GER,30.486,32.0,1450.0,2-6 6-3 7-6(3),3,R16,129.0,5.0,1.0,102.0,75.0,48.0,13.0,15.0,4.0,9.0,8.0,3.0,91.0,53.0,35.0,18.0,14.0,5.0,9.0
2020-9406,Cologne 2,Hard,32,250,I,20201019,18,ME82,8.0,,Adrian Mannarino,L,180.0,FRA,32.307,41.0,1271.0,KI95,,,Miomir Kecmanovic,R,183.0,SRB,21.136,39.0,1283.0,6-3 6-3,3,R16,77.0,5.0,1.0,50.0,31.0,28.0,9.0,9.0,4.0,5.0,2.0,1.0,70.0,44.0,27.0,11.0,9.0,9.0,13.0
2020-9406,Cologne 2,Hard,32,250,I,20201019,19,DH50,,,Alejandro Davidovich Fokina,R,180.0,ESP,21.374,64.0,928.0,J386,,,Steve Johnson,R,188.0,USA,30.82,71.0,870.0,7-6(3) 6-3,3,R16,94.0,1.0,5.0,77.0,49.0,36.0,14.0,11.0,4.0,6.0,9.0,1.0,65.0,40.0,24.0,14.0,10.0,5.0,8.0
2020-9406,Cologne 2,Hard,32,250,I,20201019,20,S0AG,,WC,Jannik Sinner,R,191.0,ITA,19.176,46.0,1136.0,H996,,Q,Pierre-Hugues Herbert,R,188.0,FRA,29.591,82.0,775.0,6-3 6-1,3,R16,76.0,2.0,2.0,52.0,36.0,24.0,7.0,8.0,4.0,6.0,0.0,5.0,52.0,29.0,17.0,5.0,8.0,2.0,8.0
2020-9406,Cologne 2,Hard,32,250,I,20201019,21,Z355,1.0,,Alexander Zverev,R,198.0,GER,23.499,7.0,4855.0,ME82,8.0,,Adrian Mannarino,L,180.0,FRA,32.307,41.0,1271.0,6-4 6-7(5) 6-4,3,QF,160.0,16.0,9.0,98.0,64.0,53.0,15.0,16.0,5.0,7.0,5.0,6.0,111.0,63.0,46.0,21.0,16.0,7.0,11.0
2020-9406,Cologne 2,Hard,32,250,I,20201019,22,SM37,2.0,,Diego Schwartzman,R,170.0,ARG,28.175,9.0,3180.0,DH50,,,Alejandro Davidovich Fokina,R,180.0,ESP,21.374,64.0,928.0,2-6 7-6(3) 6-1,3,QF,129.0,0.0,0.0,75.0,52.0,31.0,8.0,13.0,2.0,9.0,1.0,3.0,94.0,59.0,34.0,10.0,14.0,7.0,15.0
2020-9406,Cologne 2,Hard,32,250,I,20201019,23,AG37,5.0,,Felix Auger-Aliassime,R,193.0,CAN,20.197,22.0,2126.0,N732,,,Yoshihito Nishioka,L,170.0,JPN,25.062,56.0,1017.0,6-3 6-4,3,QF,92.0,11.0,4.0,73.0,49.0,34.0,11.0,10.0,4.0,6.0,1.0,0.0,51.0,30.0,18.0,10.0,9.0,6.0,10.0
2020-9406,Cologne 2,Hard,32,250,I,20201019,24,S0AG,,WC,Jannik Sinner,R,191.0,ITA,19.176,46.0,1136.0,SD32,,,Gilles Simon,R,183.0,FRA,35.811,58.0,1005.0,6-3 0-6 6-4,3,QF,153.0,1.0,2.0,101.0,66.0,39.0,17.0,13.0,16.0,21.0,2.0,1.0,79.0,42.0,25.0,17.0,12.0,1.0,5.0
2020-9406,Cologne 2,Hard,32,250,I,20201019,25,Z355,1.0,,Alexander Zverev,R,198.0,GER,23.499,7.0,4855.0,S0AG,,WC,Jannik Sinner,R,191.0,ITA,19.176,46.0,1136.0,7-6(3) 6-3,3,SF,108.0,7.0,6.0,79.0,47.0,37.0,11.0,11.0,5.0,8.0,1.0,5.0,61.0,37.0,23.0,11.0,10.0,3.0,7.0
2020-9406,Cologne 2,Hard,32,250,I,20201019,26,SM37,2.0,,Diego Schwartzman,R,170.0,ARG,28.175,9.0,3180.0,AG37,5.0,,Felix Auger-Aliassime,R,193.0,CAN,20.197,22.0,2126.0,6-4 5-7 6-4,3,SF,151.0,0.0,2.0,98.0,68.0,46.0,17.0,16.0,8.0,11.0,4.0,8.0,86.0,53.0,42.0,15.0,16.0,1.0,5.0
2020-9406,Cologne 2,Hard,32,250,I,20201019,27,Z355,1.0,,Alexander Zverev,R,198.0,GER,23.499,7.0,4855.0,SM37,2.0,,Diego Schwartzman,R,170.0,ARG,28.175,9.0,3180.0,6-2 6-1,3,F,71.0,9.0,0.0,45.0,29.0,24.0,8.0,7.0,1.0,1.0,0.0,5.0,55.0,33.0,21.0,5.0,8.0,3.0,8.0
2020-337,Vienna,Hard,32,500,I,20201026,1,D643,1.0,,Novak Djokovic,R,188.0,SRB,33.432,1.0,11740.0,KB05,,,Filip Krajinovic,R,185.0,SRB,28.663,30.0,1628.0,7-6(6) 6-3,3,R32,118.0,8.0,5.0,78.0,50.0,38.0,10.0,10.0,3.0,5.0,4.0,2.0,95.0,55.0,33.0,17.0,11.0,7.0,11.0
2020-337,Vienna,Hard,32,500,I,20201026,2,TB69,2.0,,Dominic Thiem,R,185.0,AUT,27.146,3.0,9125.0,SS25,,LL,Vitaliy Sachko,R,188.0,UKR,23.285,529.0,58.0,6-4 7-5,3,R32,107.0,2.0,3.0,64.0,41.0,28.0,10.0,11.0,2.0,6.0,3.0,4.0,80.0,57.0,32.0,8.0,11.0,3.0,9.0
2020-337,Vienna,Hard,32,500,I,20201026,3,TE51,3.0,,Stefanos Tsitsipas,R,193.0,GRE,22.207,5.0,5925.0,SL28,,,Jan-Lennard Struff,R,193.0,GER,30.505,34.0,1450.0,6-7(3) 6-3 6-4,3,R32,112.0,12.0,2.0,90.0,67.0,55.0,15.0,16.0,3.0,3.0,10.0,2.0,87.0,53.0,42.0,21.0,15.0,3.0,5.0
2020-337,Vienna,Hard,32,500,I,20201026,4,MM58,4.0,,Daniil Medvedev,R,198.0,RUS,24.706,6.0,5890.0,J380,,LL,Jason Jung,R,180.0,TPE,31.365,127.0,490.0,6-3 6-1,3,R32,65.0,4.0,4.0,51.0,26.0,20.0,17.0,8.0,5.0,5.0,2.0,1.0,58.0,41.0,24.0,4.0,8.0,6.0,10.0
2020-337,Vienna,Hard,32,500,I,20201026,5,RE44,5.0,,Andrey Rublev,R,188.0,RUS,23.017,8.0,3429.0,GB93,,Q,Norbert Gombos,R,193.0,SVK,30.204,104.0,670.0,6-3 6-2,3,R32,60.0,11.0,0.0,47.0,32.0,26.0,11.0,9.0,0.0,0.0,5.0,1.0,50.0,31.0,20.0,8.0,8.0,1.0,4.0
2020-337,Vienna,Hard,32,500,I,20201026,6,CD85,,,Pablo Carreno Busta,R,188.0,ESP,29.292,15.0,2400.0,MC65,7.0,,Gael Monfils,R,193.0,FRA,34.152,11.0,2860.0,6-1 2-0 RET,3,R32,39.0,1.0,1.0,21.0,15.0,13.0,3.0,4.0,0.0,0.0,1.0,7.0,28.0,15.0,7.0,4.0,5.0,1.0,5.0
2020-337,Vienna,Hard,32,500,I,20201026,7,R09X,,WC,Jurij Rodionov,L,191.0,AUT,21.448,153.0,408.0,SU55,8.0,,Denis Shapovalov,L,185.0,CAN,21.533,12.0,2830.0,6-4 7-5,3,R32,87.0,5.0,2.0,58.0,33.0,25.0,17.0,11.0,1.0,2.0,5.0,10.0,64.0,40.0,29.0,9.0,11.0,1.0,4.0
2020-337,Vienna,Hard,32,500,I,20201026,8,A678,,PR,Kevin Anderson,R,203.0,RSA,34.442,111.0,600.0,DB59,,WC,Dennis Novak,R,183.0,AUT,27.162,92.0,737.0,6-7(2) 6-4 7-6(6),3,R32,164.0,18.0,7.0,103.0,63.0,53.0,20.0,17.0,0.0,1.0,2.0,3.0,118.0,77.0,54.0,24.0,17.0,7.0,9.0
2020-337,Vienna,Hard,32,500,I,20201026,9,CG80,,,Borna Coric,R,188.0,CRO,23.948,24.0,1820.0,FB98,,,Taylor Fritz,R,196.0,USA,22.995,29.0,1670.0,6-4 6-4,3,R32,88.0,8.0,2.0,62.0,41.0,30.0,15.0,10.0,3.0,3.0,12.0,0.0,67.0,40.0,30.0,13.0,10.0,1.0,3.0
2020-337,Vienna,Hard,32,500,I,20201026,10,D875,,,Grigor Dimitrov,R,191.0,BUL,29.448,20.0,2215.0,KE29,,,Karen Khachanov,R,198.0,RUS,24.433,18.0,2245.0,7-6(6) 6-3,3,R32,83.0,5.0,1.0,59.0,38.0,31.0,12.0,11.0,1.0,3.0,3.0,4.0,58.0,38.0,26.0,9.0,10.0,1.0,4.0
2020-337,Vienna,Hard,32,500,I,20201026,11,E687,,SE,Daniel Evans,R,175.0,GBR,30.428,33.0,1454.0,BH09,,Q,Aljaz Bedene,R,183.0,SLO,31.274,53.0,1045.0,6-3 4-5 RET,3,R32,77.0,4.0,2.0,54.0,30.0,25.0,15.0,9.0,3.0,3.0,5.0,3.0,52.0,26.0,21.0,15.0,9.0,0.0,1.0
2020-337,Vienna,Hard,32,500,I,20201026,12,GD64,,,Cristian Garin,R,185.0,CHI,24.408,22.0,2135.0,W367,,,Stan Wawrinka,R,183.0,SUI,35.581,19.0,2230.0,6-4 6-7(9) 6-3,3,R32,133.0,6.0,1.0,105.0,66.0,49.0,25.0,16.0,5.0,5.0,9.0,4.0,95.0,51.0,43.0,23.0,15.0,3.0,5.0
2020-337,Vienna,Hard,32,500,I,20201026,13,HB71,,,Hubert Hurkacz,R,196.0,POL,23.704,31.0,1493.0,BD80,,Q,Attila Balazs,R,180.0,HUN,32.079,88.0,759.0,6-3 7-5,3,R32,86.0,5.0,6.0,61.0,34.0,30.0,11.0,11.0,0.0,2.0,1.0,4.0,62.0,34.0,22.0,14.0,10.0,4.0,8.0
2020-337,Vienna,Hard,32,500,I,20201026,14,PD07,,Q,Vasek Pospisil,R,193.0,CAN,30.344,81.0,787.0,AG37,,,Felix Auger-Aliassime,R,193.0,CAN,20.216,21.0,2171.0,7-5 7-5,3,R32,109.0,8.0,3.0,69.0,35.0,29.0,18.0,12.0,2.0,3.0,6.0,3.0,72.0,53.0,37.0,8.0,12.0,5.0,8.0
2020-337,Vienna,Hard,32,500,I,20201026,15,S0AG,,WC,Jannik Sinner,R,191.0,ITA,19.195,43.0,1214.0,RH16,,,Casper Ruud,R,183.0,NOR,21.845,27.0,1739.0,7-6(2) 6-3,3,R32,104.0,6.0,5.0,73.0,41.0,31.0,20.0,11.0,1.0,2.0,4.0,4.0,75.0,49.0,32.0,12.0,10.0,5.0,7.0
2020-337,Vienna,Hard,32,500,I,20201026,16,SU87,,LL,Lorenzo Sonego,R,191.0,ITA,25.462,42.0,1253.0,L987,,,Dusan Lajovic,R,183.0,SRB,30.324,26.0,1785.0,6-4 6-3,3,R32,80.0,9.0,0.0,57.0,33.0,27.0,17.0,10.0,4.0,4.0,0.0,1.0,57.0,41.0,32.0,5.0,9.0,2.0,4.0
2020-337,Vienna,Hard,32,500,I,20201026,17,D643,1.0,,Novak Djokovic,R,188.0,SRB,33.432,1.0,11740.0,CG80,,,Borna Coric,R,188.0,CRO,23.948,24.0,1820.0,7-6(11) 6-3,3,R16,127.0,4.0,1.0,72.0,50.0,40.0,13.0,10.0,3.0,3.0,9.0,1.0,81.0,50.0,36.0,18.0,11.0,4.0,6.0
2020-337,Vienna,Hard,32,500,I,20201026,18,TB69,2.0,,Dominic Thiem,R,185.0,AUT,27.146,3.0,9125.0,GD64,,,Cristian Garin,R,185.0,CHI,24.408,22.0,2135.0,6-3 6-2,3,R16,65.0,8.0,1.0,46.0,30.0,25.0,11.0,9.0,0.0,0.0,3.0,3.0,47.0,24.0,18.0,9.0,8.0,4.0,7.0
2020-337,Vienna,Hard,32,500,I,20201026,19,D875,,,Grigor Dimitrov,R,191.0,BUL,29.448,20.0,2215.0,TE51,3.0,,Stefanos Tsitsipas,R,193.0,GRE,22.207,5.0,5925.0,6-7(5) 6-4 6-3,3,R16,133.0,5.0,5.0,93.0,63.0,48.0,18.0,15.0,2.0,2.0,15.0,3.0,102.0,62.0,46.0,20.0,16.0,6.0,9.0
2020-337,Vienna,Hard,32,500,I,20201026,20,MM58,4.0,,Daniil Medvedev,R,198.0,RUS,24.706,6.0,5890.0,PD07,,Q,Vasek Pospisil,R,193.0,CAN,30.344,81.0,787.0,4-6 6-3 6-2,3,R16,118.0,17.0,4.0,82.0,51.0,41.0,18.0,14.0,5.0,6.0,14.0,2.0,89.0,52.0,40.0,14.0,13.0,6.0,9.0
2020-337,Vienna,Hard,32,500,I,20201026,21,RE44,5.0,,Andrey Rublev,R,188.0,RUS,23.017,8.0,3429.0,S0AG,,WC,Jannik Sinner,R,191.0,ITA,19.195,43.0,1214.0,2-1 RET,3,R16,7.0,2.0,0.0,4.0,3.0,3.0,1.0,1.0,0.0,0.0,0.0,0.0,11.0,8.0,5.0,1.0,2.0,0.0,1.0
2020-337,Vienna,Hard,32,500,I,20201026,22,A678,,PR,Kevin Anderson,R,203.0,RSA,34.442,111.0,600.0,CD85,,,Pablo Carreno Busta,R,188.0,ESP,29.292,15.0,2400.0,7-5 6-1,3,R16,82.0,14.0,3.0,57.0,31.0,28.0,14.0,10.0,2.0,3.0,1.0,2.0,59.0,35.0,20.0,11.0,9.0,4.0,8.0
2020-337,Vienna,Hard,32,500,I,20201026,23,E687,,SE,Daniel Evans,R,175.0,GBR,30.428,33.0,1454.0,R09X,,WC,Jurij Rodionov,L,191.0,AUT,21.448,153.0,408.0,7-5 6-3,3,R16,102.0,4.0,1.0,70.0,42.0,32.0,12.0,11.0,3.0,5.0,5.0,5.0,72.0,41.0,24.0,14.0,10.0,5.0,9.0
2020-337,Vienna,Hard,32,500,I,20201026,24,SU87,,LL,Lorenzo Sonego,R,191.0,ITA,25.462,42.0,1253.0,HB71,,,Hubert Hurkacz,R,196.0,POL,23.704,31.0,1493.0,7-6(6) 7-6(2),3,R16,108.0,5.0,4.0,73.0,43.0,37.0,19.0,12.0,2.0,3.0,7.0,3.0,83.0,48.0,38.0,16.0,12.0,3.0,4.0
2020-337,Vienna,Hard,32,500,I,20201026,25,SU87,,LL,Lorenzo Sonego,R,191.0,ITA,25.462,42.0,1253.0,D643,1.0,,Novak Djokovic,R,188.0,SRB,33.432,1.0,11740.0,6-2 6-1,3,QF,68.0,8.0,0.0,52.0,35.0,28.0,7.0,7.0,6.0,6.0,3.0,3.0,51.0,28.0,17.0,7.0,8.0,1.0,6.0
2020-337,Vienna,Hard,32,500,I,20201026,26,RE44,5.0,,Andrey Rublev,R,188.0,RUS,23.017,8.0,3429.0,TB69,2.0,,Dominic Thiem,R,185.0,AUT,27.146,3.0,9125.0,7-6(5) 6-2,3,QF,94.0,11.0,2.0,63.0,39.0,35.0,14.0,10.0,2.0,2.0,10.0,4.0,76.0,33.0,27.0,21.0,10.0,4.0,6.0
2020-337,Vienna,Hard,32,500,I,20201026,27,A678,,PR,Kevin Anderson,R,203.0,RSA,34.442,111.0,600.0,MM58,4.0,,Daniil Medvedev,R,198.0,RUS,24.706,6.0,5890.0,6-4 7-6(5),3,QF,89.0,9.0,0.0,62.0,41.0,34.0,14.0,11.0,1.0,1.0,10.0,4.0,72.0,39.0,32.0,17.0,11.0,6.0,7.0
2020-337,Vienna,Hard,32,500,I,20201026,28,E687,,SE,Daniel Evans,R,175.0,GBR,30.428,33.0,1454.0,D875,,,Grigor Dimitrov,R,191.0,BUL,29.448,20.0,2215.0,7-6(3) 4-6 6-3,3,QF,162.0,7.0,3.0,107.0,56.0,43.0,26.0,16.0,3.0,6.0,4.0,3.0,115.0,81.0,52.0,16.0,15.0,6.0,9.0
2020-337,Vienna,Hard,32,500,I,20201026,29,RE44,5.0,,Andrey Rublev,R,188.0,RUS,23.017,8.0,3429.0,A678,,PR,Kevin Anderson,R,203.0,RSA,34.442,111.0,600.0,6-4 4-1 RET,3,SF,65.0,11.0,1.0,45.0,31.0,27.0,7.0,8.0,0.0,0.0,6.0,5.0,45.0,30.0,22.0,5.0,7.0,3.0,5.0
2020-337,Vienna,Hard,32,500,I,20201026,30,SU87,,LL,Lorenzo Sonego,R,191.0,ITA,25.462,42.0,1253.0,E687,,SE,Daniel Evans,R,175.0,GBR,30.428,33.0,1454.0,6-3 6-4,3,SF,80.0,3.0,1.0,50.0,30.0,24.0,15.0,10.0,1.0,2.0,0.0,0.0,48.0,29.0,16.0,13.0,9.0,1.0,4.0
2020-337,Vienna,Hard,32,500,I,20201026,31,RE44,5.0,,Andrey Rublev,R,188.0,RUS,23.017,8.0,3429.0,SU87,,LL,Lorenzo Sonego,R,191.0,ITA,25.462,42.0,1253.0,6-4 6-4,3,F,78.0,6.0,0.0,50.0,30.0,26.0,15.0,10.0,2.0,2.0,7.0,0.0,61.0,38.0,25.0,13.0,10.0,2.0,4.0
2020-9410,Nur-Sultan,Hard,32,250,I,20201026,1,V708,,,Jiri Vesely,L,198.0,CZE,27.296,66.0,908.0,SL08,5.0,,Tennys Sandgren,R,188.0,USA,29.265,48.0,1078.0,6-4 7-6(7),3,R32,100.0,9.0,2.0,72.0,47.0,34.0,18.0,11.0,5.0,5.0,13.0,4.0,71.0,43.0,36.0,13.0,11.0,3.0,4.0
2020-9410,Nur-Sultan,Hard,32,250,I,20201026,2,MK66,,PR,Mackenzie McDonald,R,178.0,USA,25.53,209.0,275.0,BK92,6.0,,Alexander Bublik,R,196.0,KAZ,23.359,49.0,1070.0,6-3 6-2,3,R32,72.0,1.0,0.0,49.0,37.0,27.0,8.0,9.0,1.0,2.0,11.0,8.0,69.0,34.0,21.0,12.0,8.0,7.0,11.0
2020-9410,Nur-Sultan,Hard,32,250,I,20201026,3,PL56,7.0,,Tommy Paul,R,185.0,USA,23.444,59.0,1002.0,TA12,,,Stefano Travaglia,R,185.0,ITA,28.83,73.0,849.0,7-6(2) 6-3,3,R32,95.0,5.0,4.0,64.0,32.0,26.0,18.0,10.0,6.0,8.0,6.0,4.0,77.0,40.0,26.0,16.0,11.0,4.0,8.0
2020-9410,Nur-Sultan,Hard,32,250,I,20201026,4,TC61,8.0,,Jordan Thompson,R,183.0,AUS,26.519,60.0,984.0,N771,,,Cameron Norrie,L,188.0,GBR,25.177,70.0,877.0,5-7 7-6(6) 6-2,3,R32,160.0,4.0,2.0,104.0,61.0,40.0,24.0,16.0,4.0,7.0,4.0,5.0,106.0,62.0,42.0,22.0,16.0,6.0,10.0
2020-9410,Nur-Sultan,Hard,32,250,I,20201026,5,A829,,,Radu Albot,R,175.0,MDA,30.957,85.0,772.0,PG20,,WC,Dmitry Popko,R,191.0,KAZ,24.005,172.0,361.0,4-6 6-4 6-4,3,R32,170.0,3.0,7.0,115.0,72.0,49.0,17.0,15.0,8.0,12.0,5.0,3.0,108.0,61.0,38.0,23.0,15.0,8.0,13.0
2020-9410,Nur-Sultan,Hard,32,250,I,20201026,6,GC89,,,Egor Gerasimov,R,196.0,BLR,27.956,83.0,781.0,HG86,,,Lloyd Harris,R,193.0,RSA,23.669,80.0,793.0,6-3 3-6 7-6(3),3,R32,121.0,8.0,0.0,90.0,50.0,38.0,25.0,15.0,3.0,6.0,9.0,1.0,86.0,52.0,41.0,19.0,15.0,2.0,5.0
2020-9410,Nur-Sultan,Hard,32,250,I,20201026,7,K926,,,Mikhail Kukushkin,R,183.0,KAZ,32.835,91.0,751.0,D874,,,Federico Delbonis,L,193.0,ARG,30.059,76.0,816.0,6-7(5) 6-3 6-2,3,R32,152.0,2.0,2.0,101.0,55.0,43.0,24.0,15.0,1.0,3.0,7.0,3.0,92.0,59.0,39.0,14.0,14.0,5.0,10.0
2020-9410,Nur-Sultan,Hard,32,250,I,20201026,8,RH24,,Q,Emil Ruusuvuori,R,188.0,FIN,21.569,98.0,698.0,S0GR,,WC,Timofey Skatov,R,173.0,KAZ,19.762,438.0,82.0,6-2 6-0,3,R32,60.0,4.0,3.0,36.0,23.0,22.0,5.0,7.0,0.0,1.0,0.0,4.0,47.0,36.0,13.0,4.0,7.0,6.0,12.0
2020-9410,Nur-Sultan,Hard,32,250,I,20201026,9,SA93,,WC,Andreas Seppi,R,191.0,ITA,36.679,103.0,679.0,KC56,,Q,Aslan Karatsev,R,185.0,RUS,27.143,113.0,577.0,6-3 1-6 6-3,3,R32,117.0,1.0,4.0,78.0,39.0,27.0,20.0,13.0,3.0,6.0,7.0,4.0,74.0,34.0,25.0,21.0,12.0,3.0,6.0
2020-9410,Nur-Sultan,Hard,32,250,I,20201026,10,SE73,,Q,Yuichi Sugita,R,175.0,JPN,32.104,101.0,689.0,D923,,Q,Damir Dzumhur,R,175.0,BIH,28.435,115.0,562.0,6-1 5-7 6-4,3,R32,127.0,1.0,3.0,97.0,58.0,42.0,18.0,15.0,7.0,10.0,5.0,5.0,81.0,42.0,28.0,19.0,14.0,1.0,6.0
2020-9410,Nur-Sultan,Hard,32,250,I,20201026,11,TD51,,,Frances Tiafoe,R,188.0,USA,22.765,64.0,950.0,MW02,,,Corentin Moutet,L,180.0,FRA,21.522,74.0,838.0,6-3 6-2,3,R32,82.0,5.0,3.0,61.0,36.0,25.0,15.0,9.0,4.0,5.0,1.0,4.0,52.0,30.0,15.0,11.0,8.0,5.0,9.0
2020-9410,Nur-Sultan,Hard,32,250,I,20201026,12,V306,,,Fernando Verdasco,L,188.0,ESP,36.947,61.0,965.0,D994,,,James Duckworth,R,183.0,AUS,28.764,97.0,701.0,6-4 7-6(5),3,R32,105.0,7.0,3.0,70.0,56.0,42.0,6.0,11.0,2.0,3.0,7.0,7.0,96.0,47.0,34.0,22.0,11.0,9.0,11.0
2020-9410,Nur-Sultan,Hard,32,250,I,20201026,13,K926,,,Mikhail Kukushkin,R,183.0,KAZ,32.835,91.0,751.0,PD31,1.0,,Benoit Paire,R,196.0,FRA,31.469,28.0,1738.0,6-7(4) 7-6(2) 6-1,3,R16,134.0,2.0,3.0,108.0,78.0,54.0,16.0,16.0,6.0,8.0,13.0,10.0,100.0,49.0,38.0,20.0,15.0,3.0,7.0
2020-9410,Nur-Sultan,Hard,32,250,I,20201026,14,TD51,,,Frances Tiafoe,R,188.0,USA,22.765,64.0,950.0,KI95,2.0,,Miomir Kecmanovic,R,183.0,SRB,21.155,40.0,1283.0,7-5 6-3,3,R16,80.0,7.0,1.0,53.0,33.0,27.0,14.0,10.0,3.0,4.0,5.0,7.0,82.0,37.0,22.0,22.0,11.0,6.0,10.0
2020-9410,Nur-Sultan,Hard,32,250,I,20201026,15,ME82,3.0,,Adrian Mannarino,L,180.0,FRA,32.326,39.0,1296.0,SE73,,Q,Yuichi Sugita,R,175.0,JPN,32.104,101.0,689.0,6-1 6-1,3,R16,61.0,6.0,0.0,35.0,22.0,16.0,12.0,7.0,0.0,0.0,0.0,1.0,50.0,29.0,17.0,5.0,7.0,8.0,13.0
2020-9410,Nur-Sultan,Hard,32,250,I,20201026,16,MH30,4.0,,John Millman,R,183.0,AUS,31.368,45.0,1166.0,V306,,,Fernando Verdasco,L,188.0,ESP,36.947,61.0,965.0,6-3 6-4,3,R16,81.0,2.0,2.0,67.0,48.0,38.0,11.0,10.0,4.0,4.0,5.0,2.0,48.0,36.0,26.0,7.0,9.0,2.0,4.0
2020-9410,Nur-Sultan,Hard,32,250,I,20201026,17,PL56,7.0,,Tommy Paul,R,185.0,USA,23.444,59.0,1002.0,A829,,,Radu Albot,R,175.0,MDA,30.957,85.0,772.0,6-4 6-0,3,R16,72.0,1.0,2.0,57.0,36.0,25.0,12.0,8.0,5.0,6.0,0.0,5.0,46.0,20.0,9.0,11.0,8.0,0.0,5.0
2020-9410,Nur-Sultan,Hard,32,250,I,20201026,18,RH24,,Q,Emil Ruusuvuori,R,188.0,FIN,21.569,98.0,698.0,TC61,8.0,,Jordan Thompson,R,183.0,AUS,26.519,60.0,984.0,6-2 3-6 6-4,3,R16,123.0,6.0,1.0,74.0,49.0,38.0,14.0,13.0,4.0,6.0,4.0,3.0,77.0,50.0,39.0,11.0,14.0,1.0,5.0
2020-9410,Nur-Sultan,Hard,32,250,I,20201026,19,GC89,,,Egor Gerasimov,R,196.0,BLR,27.956,83.0,781.0,V708,,,Jiri Vesely,L,198.0,CZE,27.296,66.0,908.0,4-6 6-3 6-4,3,R16,110.0,14.0,2.0,87.0,61.0,49.0,15.0,15.0,4.0,5.0,7.0,5.0,77.0,43.0,33.0,20.0,14.0,3.0,5.0
2020-9410,Nur-Sultan,Hard,32,250,I,20201026,20,MK66,,PR,Mackenzie McDonald,R,178.0,USA,25.53,209.0,275.0,SA93,,WC,Andreas Seppi,R,191.0,ITA,36.679,103.0,679.0,3-6 6-3 6-3,3,R16,121.0,7.0,1.0,87.0,55.0,36.0,15.0,13.0,5.0,9.0,1.0,3.0,89.0,45.0,29.0,19.0,14.0,6.0,12.0
2020-9410,Nur-Sultan,Hard,32,250,I,20201026,21,ME82,3.0,,Adrian Mannarino,L,180.0,FRA,32.326,39.0,1296.0,MK66,,PR,Mackenzie McDonald,R,178.0,USA,25.53,209.0,275.0,6-1 6-4,3,QF,100.0,2.0,5.0,77.0,43.0,30.0,16.0,9.0,6.0,7.0,1.0,2.0,58.0,35.0,20.0,7.0,8.0,4.0,8.0
2020-9410,Nur-Sultan,Hard,32,250,I,20201026,22,MH30,4.0,,John Millman,R,183.0,AUS,31.368,45.0,1166.0,PL56,7.0,,Tommy Paul,R,185.0,USA,23.444,59.0,1002.0,6-7(5) 6-4 7-6(5),3,QF,171.0,0.0,3.0,104.0,48.0,34.0,30.0,17.0,2.0,7.0,12.0,2.0,131.0,78.0,53.0,21.0,17.0,4.0,10.0
2020-9410,Nur-Sultan,Hard,32,250,I,20201026,23,RH24,,Q,Emil Ruusuvuori,R,188.0,FIN,21.569,98.0,698.0,K926,,,Mikhail Kukushkin,R,183.0,KAZ,32.835,91.0,751.0,6-3 6-1,3,QF,81.0,6.0,5.0,47.0,30.0,26.0,9.0,8.0,0.0,0.0,4.0,1.0,66.0,43.0,25.0,8.0,8.0,4.0,8.0
2020-9410,Nur-Sultan,Hard,32,250,I,20201026,24,TD51,,,Frances Tiafoe,R,188.0,USA,22.765,64.0,950.0,GC89,,,Egor Gerasimov,R,196.0,BLR,27.956,83.0,781.0,7-6(5) 5-7 7-5,3,QF,155.0,6.0,5.0,119.0,75.0,59.0,17.0,18.0,3.0,6.0,14.0,6.0,118.0,68.0,49.0,28.0,18.0,2.0,5.0
2020-9410,Nur-Sultan,Hard,32,250,I,20201026,25,ME82,3.0,,Adrian Mannarino,L,180.0,FRA,32.326,39.0,1296.0,RH24,,Q,Emil Ruusuvuori,R,188.0,FIN,21.569,98.0,698.0,7-5 6-2,3,SF,100.0,1.0,2.0,64.0,35.0,24.0,18.0,10.0,4.0,5.0,5.0,2.0,59.0,42.0,27.0,5.0,10.0,4.0,8.0
2020-9410,Nur-Sultan,Hard,32,250,I,20201026,26,MH30,4.0,,John Millman,R,183.0,AUS,31.368,45.0,1166.0,TD51,,,Frances Tiafoe,R,188.0,USA,22.765,64.0,950.0,3-6 6-4 6-4,3,SF,126.0,3.0,2.0,82.0,52.0,38.0,17.0,15.0,1.0,4.0,3.0,2.0,87.0,52.0,42.0,13.0,14.0,10.0,13.0
2020-9410,Nur-Sultan,Hard,32,250,I,20201026,27,MH30,4.0,,John Millman,R,183.0,AUS,31.368,45.0,1166.0,ME82,3.0,,Adrian Mannarino,L,180.0,FRA,32.326,39.0,1296.0,7-5 6-1,3,F,108.0,3.0,2.0,70.0,42.0,28.0,19.0,10.0,6.0,6.0,0.0,1.0,62.0,35.0,26.0,9.0,9.0,3.0,6.0
2020-352,Paris Masters,Hard,56,M,I,20201102,1,CD85,9.0,,Pablo Carreno Busta,R,188.0,ESP,29.311,15.0,2400.0,G09O,,WC,Hugo Gaston,L,173.0,FRA,20.101,161.0,390.0,6-3 6-2,3,R64,69.0,6.0,1.0,60.0,43.0,30.0,7.0,9.0,1.0,2.0,2.0,2.0,50.0,32.0,20.0,5.0,8.0,9.0,13.0
2020-352,Paris Masters,Hard,56,M,I,20201102,2,R975,10.0,,Milos Raonic,R,196.0,CAN,29.851,17.0,2265.0,BH09,,,Aljaz Bedene,R,183.0,SLO,31.294,53.0,1045.0,6-3 6-2,3,R64,63.0,18.0,0.0,43.0,21.0,18.0,19.0,9.0,0.0,0.0,4.0,4.0,51.0,28.0,19.0,9.0,8.0,2.0,5.0
2020-352,Paris Masters,Hard,56,M,I,20201102,3,DH50,,Q,Alejandro Davidovich Fokina,R,180.0,ESP,21.413,63.0,963.0,KE29,11.0,,Karen Khachanov,R,198.0,RUS,24.452,19.0,2245.0,6-3 2-6 6-2,3,R64,107.0,3.0,2.0,83.0,62.0,43.0,11.0,13.0,5.0,7.0,7.0,3.0,88.0,62.0,41.0,9.0,12.0,10.0,13.0
2020-352,Paris Masters,Hard,56,M,I,20201102,4,W367,12.0,,Stan Wawrinka,R,183.0,SUI,35.6,20.0,2230.0,E687,,,Daniel Evans,R,175.0,GBR,30.448,31.0,1589.0,6-3 7-6(3),3,R64,93.0,8.0,1.0,67.0,40.0,33.0,18.0,11.0,2.0,2.0,4.0,1.0,71.0,45.0,34.0,12.0,10.0,3.0,4.0
2020-352,Paris Masters,Hard,56,M,I,20201102,5,C977,,,Marin Cilic,R,198.0,CRO,32.096,43.0,1280.0,AG37,14.0,,Felix Auger-Aliassime,R,193.0,CAN,20.235,21.0,2171.0,6-0 3-6 6-3,3,R64,147.0,14.0,4.0,95.0,59.0,42.0,17.0,12.0,7.0,9.0,8.0,4.0,82.0,48.0,28.0,15.0,12.0,8.0,13.0
2020-352,Paris Masters,Hard,56,M,I,20201102,6,CG80,15.0,,Borna Coric,R,188.0,CRO,23.967,24.0,1820.0,F724,,Q,Marton Fucsovics,R,188.0,HUN,28.734,52.0,1047.0,7-6(5) 6-1,3,R64,106.0,5.0,1.0,64.0,48.0,35.0,9.0,10.0,3.0,4.0,1.0,1.0,61.0,32.0,22.0,12.0,9.0,3.0,6.0
2020-352,Paris Masters,Hard,56,M,I,20201102,7,DH58,16.0,,Alex de Minaur,R,183.0,AUS,21.708,25.0,1815.0,TA12,,Q,Stefano Travaglia,R,185.0,ITA,28.849,74.0,849.0,6-4 6-4,3,R64,76.0,3.0,2.0,57.0,36.0,30.0,12.0,10.0,3.0,3.0,6.0,1.0,55.0,35.0,29.0,7.0,10.0,0.0,2.0
2020-352,Paris Masters,Hard,56,M,I,20201102,8,A829,,LL,Radu Albot,R,175.0,MDA,30.976,90.0,772.0,HB71,,,Hubert Hurkacz,R,196.0,POL,23.723,33.0,1518.0,7-5 6-7(5) 6-4,3,R64,134.0,2.0,3.0,99.0,65.0,47.0,23.0,17.0,3.0,5.0,21.0,6.0,111.0,74.0,57.0,11.0,17.0,11.0,15.0
2020-352,Paris Masters,Hard,56,M,I,20201102,9,A678,,SE,Kevin Anderson,R,203.0,RSA,34.461,86.0,780.0,DB63,,LL,Laslo Djere,R,188.0,SRB,25.421,54.0,1042.0,5-2 RET,3,R64,24.0,2.0,0.0,14.0,8.0,7.0,5.0,3.0,0.0,0.0,1.0,0.0,26.0,15.0,6.0,7.0,4.0,0.0,2.0
2020-352,Paris Masters,Hard,56,M,I,20201102,10,BM95,,WC,Benjamin Bonzi,R,183.0,FRA,24.4,180.0,346.0,CE77,,LL,Federico Coria,R,180.0,ARG,28.652,93.0,757.0,6-2 6-1,3,R64,56.0,8.0,1.0,48.0,25.0,22.0,13.0,8.0,1.0,1.0,1.0,2.0,36.0,15.0,9.0,8.0,7.0,1.0,5.0
2020-352,Paris Masters,Hard,56,M,I,20201102,11,G628,,,Richard Gasquet,R,183.0,FRA,34.376,56.0,1030.0,FB98,,,Taylor Fritz,R,196.0,USA,23.014,29.0,1670.0,6-0 3-6 6-3,3,R64,96.0,9.0,2.0,79.0,45.0,34.0,17.0,12.0,5.0,6.0,11.0,4.0,66.0,37.0,30.0,9.0,12.0,4.0,8.0
2020-352,Paris Masters,Hard,56,M,I,20201102,12,GC88,,Q,Marcos Giron,R,180.0,USA,27.277,91.0,769.0,R772,,,Albert Ramos-Vinolas,L,188.0,ESP,32.794,46.0,1165.0,6-3 4-6 6-1,3,R64,111.0,12.0,2.0,87.0,59.0,46.0,10.0,13.0,4.0,6.0,2.0,4.0,84.0,57.0,35.0,12.0,13.0,3.0,8.0
2020-352,Paris Masters,Hard,56,M,I,20201102,13,GB93,,Q,Norbert Gombos,R,193.0,SVK,30.223,105.0,682.0,CF01,,Q,Marco Cecchinato,R,185.0,ITA,28.09,79.0,811.0,6-2 7-6(2),3,R64,79.0,9.0,5.0,57.0,29.0,26.0,17.0,10.0,1.0,2.0,7.0,3.0,77.0,49.0,34.0,11.0,10.0,6.0,9.0
2020-352,Paris Masters,Hard,56,M,I,20201102,14,H996,,WC,Pierre-Hugues Herbert,R,188.0,FRA,29.629,85.0,787.0,SL08,,,Tennys Sandgren,R,188.0,USA,29.284,48.0,1078.0,2-6 6-4 7-6(4),3,R64,136.0,7.0,6.0,99.0,48.0,38.0,28.0,15.0,3.0,6.0,11.0,1.0,99.0,54.0,44.0,20.0,15.0,3.0,5.0
2020-352,Paris Masters,Hard,56,M,I,20201102,15,HH26,,,Ugo Humbert,L,188.0,FRA,22.355,34.0,1466.0,RH16,,,Casper Ruud,R,183.0,NOR,21.864,27.0,1739.0,4-6 6-2 7-6(1),3,R64,130.0,9.0,4.0,80.0,50.0,42.0,20.0,15.0,1.0,2.0,5.0,4.0,97.0,62.0,41.0,18.0,15.0,2.0,4.0
2020-352,Paris Masters,Hard,56,M,I,20201102,16,KI95,,,Miomir Kecmanovic,R,183.0,SRB,21.175,42.0,1283.0,MH30,,,John Millman,R,183.0,AUS,31.387,38.0,1396.0,6-4 6-2,3,R64,77.0,5.0,1.0,51.0,27.0,22.0,13.0,9.0,2.0,3.0,8.0,1.0,57.0,42.0,25.0,6.0,9.0,3.0,7.0
2020-352,Paris Masters,Hard,56,M,I,20201102,17,L397,,,Feliciano Lopez,L,188.0,ESP,39.118,64.0,953.0,KB05,,,Filip Krajinovic,R,185.0,SRB,28.682,30.0,1628.0,7-6(11) 6-1,3,R64,84.0,21.0,4.0,62.0,34.0,34.0,14.0,10.0,1.0,2.0,5.0,3.0,63.0,36.0,25.0,13.0,9.0,1.0,4.0
2020-352,Paris Masters,Hard,56,M,I,20201102,18,ME82,,,Adrian Mannarino,L,180.0,FRA,32.345,36.0,1426.0,L987,,,Dusan Lajovic,R,183.0,SRB,30.344,26.0,1785.0,7-6(5) 6-3,3,R64,88.0,5.0,0.0,54.0,34.0,29.0,17.0,10.0,0.0,0.0,2.0,2.0,75.0,51.0,39.0,10.0,11.0,3.0,5.0
2020-352,Paris Masters,Hard,56,M,I,20201102,19,MW02,,WC,Corentin Moutet,L,180.0,FRA,21.541,75.0,838.0,CE25,,LL,Salvatore Caruso,R,185.0,ITA,27.882,81.0,802.0,3-6 7-6(2) 6-3,3,R64,150.0,1.0,3.0,102.0,73.0,51.0,14.0,14.0,9.0,12.0,5.0,2.0,93.0,60.0,39.0,18.0,16.0,4.0,8.0
2020-352,Paris Masters,Hard,56,M,I,20201102,20,N732,,,Yoshihito Nishioka,L,170.0,JPN,25.101,51.0,1052.0,A596,,,Pablo Andujar,R,180.0,ESP,34.776,57.0,1024.0,5-7 6-4 6-2,3,R64,134.0,6.0,2.0,88.0,58.0,45.0,15.0,15.0,2.0,4.0,1.0,9.0,87.0,56.0,41.0,13.0,15.0,8.0,12.0
2020-352,Paris Masters,Hard,56,M,I,20201102,21,PL56,,,Tommy Paul,R,185.0,USA,23.463,55.0,1035.0,SD32,,,Gilles Simon,R,183.0,FRA,35.849,59.0,1005.0,3-6 6-3 6-3,3,R64,120.0,5.0,0.0,66.0,44.0,31.0,12.0,13.0,0.0,3.0,2.0,5.0,95.0,52.0,33.0,21.0,14.0,4.0,9.0
2020-352,Paris Masters,Hard,56,M,I,20201102,22,SU87,,,Lorenzo Sonego,R,191.0,ITA,25.481,32.0,1543.0,BK92,,,Alexander Bublik,R,196.0,KAZ,23.379,49.0,1070.0,6-1 6-4,3,R64,59.0,2.0,1.0,51.0,30.0,23.0,15.0,9.0,2.0,3.0,2.0,4.0,43.0,23.0,13.0,8.0,8.0,2.0,6.0
2020-352,Paris Masters,Hard,56,M,I,20201102,23,SL28,,,Jan-Lennard Struff,R,193.0,GER,30.524,35.0,1450.0,BG23,,,Nikoloz Basilashvili,R,185.0,GEO,28.693,39.0,1395.0,6-4 6-2,3,R64,83.0,14.0,1.0,63.0,38.0,28.0,9.0,9.0,6.0,8.0,5.0,8.0,73.0,37.0,20.0,15.0,9.0,13.0,18.0
2020-352,Paris Masters,Hard,56,M,I,20201102,24,TC61,,,Jordan Thompson,R,183.0,AUS,26.538,61.0,994.0,D874,,Q,Federico Delbonis,L,193.0,ARG,30.078,78.0,816.0,6-2 6-3,3,R64,78.0,5.0,1.0,45.0,30.0,23.0,11.0,8.0,1.0,1.0,1.0,2.0,61.0,38.0,24.0,8.0,9.0,4.0,8.0
2020-352,Paris Masters,Hard,56,M,I,20201102,25,N409,1.0,,Rafael Nadal,L,185.0,ESP,34.418,2.0,9850.0,L397,,,Feliciano Lopez,L,188.0,ESP,39.118,64.0,953.0,4-6 7-6(5) 6-4,3,R32,150.0,16.0,3.0,91.0,57.0,51.0,19.0,16.0,3.0,4.0,22.0,7.0,110.0,59.0,48.0,27.0,16.0,6.0,7.0
2020-352,Paris Masters,Hard,56,M,I,20201102,26,HH26,,,Ugo Humbert,L,188.0,FRA,22.355,34.0,1466.0,TE51,2.0,,Stefanos Tsitsipas,R,193.0,GRE,22.226,6.0,5925.0,7-6(4) 6-7(6) 7-6(3),3,R32,196.0,10.0,6.0,136.0,83.0,62.0,28.0,18.0,7.0,9.0,19.0,2.0,120.0,85.0,64.0,19.0,18.0,7.0,9.0
2020-352,Paris Masters,Hard,56,M,I,20201102,27,MM58,3.0,,Daniil Medvedev,R,198.0,RUS,24.726,5.0,5980.0,A678,,SE,Kevin Anderson,R,203.0,RSA,34.461,86.0,780.0,6-6 RET,3,R32,47.0,7.0,0.0,34.0,25.0,23.0,6.0,6.0,1.0,1.0,3.0,1.0,44.0,32.0,23.0,7.0,6.0,5.0,5.0
2020-352,Paris Masters,Hard,56,M,I,20201102,28,Z355,4.0,,Alexander Zverev,R,198.0,GER,23.537,7.0,5015.0,KI95,,,Miomir Kecmanovic,R,183.0,SRB,21.175,42.0,1283.0,6-2 6-2,3,R32,55.0,8.0,2.0,42.0,26.0,23.0,11.0,8.0,0.0,0.0,2.0,3.0,47.0,26.0,16.0,7.0,8.0,2.0,6.0
2020-352,Paris Masters,Hard,56,M,I,20201102,29,RE44,5.0,,Andrey Rublev,R,188.0,RUS,23.036,8.0,3839.0,A829,,LL,Radu Albot,R,175.0,MDA,30.976,90.0,772.0,6-1 6-2,3,R32,58.0,6.0,0.0,42.0,23.0,21.0,12.0,8.0,0.0,0.0,2.0,2.0,46.0,32.0,17.0,4.0,7.0,2.0,6.0
2020-352,Paris Masters,Hard,56,M,I,20201102,30,SM37,6.0,,Diego Schwartzman,R,170.0,ARG,28.214,9.0,3285.0,G628,,,Richard Gasquet,R,183.0,FRA,34.376,56.0,1030.0,7-5 6-3,3,R32,84.0,6.0,0.0,55.0,38.0,32.0,11.0,11.0,3.0,4.0,6.0,3.0,67.0,43.0,30.0,10.0,10.0,3.0,6.0
2020-352,Paris Masters,Hard,56,M,I,20201102,31,GC88,,Q,Marcos Giron,R,180.0,USA,27.277,91.0,769.0,BK40,7.0,,Matteo Berrettini,R,196.0,ITA,24.559,10.0,3075.0,7-6(3) 6-7(0) 7-5,3,R32,170.0,8.0,3.0,137.0,78.0,59.0,30.0,18.0,7.0,8.0,14.0,6.0,118.0,65.0,56.0,26.0,18.0,2.0,4.0
2020-352,Paris Masters,Hard,56,M,I,20201102,32,GB93,,Q,Norbert Gombos,R,193.0,SVK,30.223,105.0,682.0,GB88,8.0,,David Goffin,R,180.0,BEL,29.906,14.0,2555.0,6-4 7-6(6),3,R32,96.0,3.0,3.0,79.0,44.0,33.0,17.0,11.0,6.0,8.0,6.0,2.0,64.0,37.0,26.0,12.0,11.0,1.0,4.0
2020-352,Paris Masters,Hard,56,M,I,20201102,33,CD85,9.0,,Pablo Carreno Busta,R,188.0,ESP,29.311,15.0,2400.0,SL28,,,Jan-Lennard Struff,R,193.0,GER,30.524,35.0,1450.0,7-6(3) 6-2,3,R32,79.0,9.0,1.0,57.0,30.0,26.0,19.0,10.0,1.0,1.0,8.0,1.0,68.0,41.0,29.0,14.0,10.0,1.0,3.0
2020-352,Paris Masters,Hard,56,M,I,20201102,34,R975,10.0,,Milos Raonic,R,196.0,CAN,29.851,17.0,2265.0,H996,,WC,Pierre-Hugues Herbert,R,188.0,FRA,29.629,85.0,787.0,6-4 6-4,3,R32,91.0,11.0,4.0,53.0,35.0,31.0,10.0,10.0,1.0,1.0,1.0,3.0,67.0,38.0,25.0,16.0,10.0,4.0,6.0
2020-352,Paris Masters,Hard,56,M,I,20201102,35,W367,12.0,,Stan Wawrinka,R,183.0,SUI,35.6,20.0,2230.0,PL56,,,Tommy Paul,R,185.0,USA,23.463,55.0,1035.0,4-6 7-6(3) 6-2,3,R32,141.0,8.0,3.0,122.0,81.0,54.0,18.0,15.0,11.0,16.0,4.0,3.0,98.0,58.0,34.0,21.0,15.0,7.0,13.0
2020-352,Paris Masters,Hard,56,M,I,20201102,36,TC61,,,Jordan Thompson,R,183.0,AUS,26.538,61.0,994.0,CG80,15.0,,Borna Coric,R,188.0,CRO,23.967,24.0,1820.0,2-6 6-4 6-2,3,R32,134.0,3.0,3.0,86.0,50.0,35.0,16.0,13.0,7.0,11.0,14.0,1.0,84.0,56.0,40.0,8.0,13.0,5.0,10.0
2020-352,Paris Masters,Hard,56,M,I,20201102,37,DH58,16.0,,Alex de Minaur,R,183.0,AUS,21.708,25.0,1815.0,SU87,,,Lorenzo Sonego,R,191.0,ITA,25.481,32.0,1543.0,6-3 7-5,3,R32,87.0,2.0,1.0,50.0,33.0,27.0,13.0,10.0,0.0,0.0,4.0,2.0,74.0,44.0,28.0,14.0,11.0,2.0,5.0
2020-352,Paris Masters,Hard,56,M,I,20201102,38,C977,,,Marin Cilic,R,198.0,CRO,32.096,43.0,1280.0,MW02,,WC,Corentin Moutet,L,180.0,FRA,21.541,75.0,838.0,W/O,3,R32,0.0,0.0,0.0,0.0,0.0,0.0,0.0,0.0,0.0,0.0,0.0,0.0,0.0,0.0,0.0,0.0,0.0,0.0,0.0
2020-352,Paris Masters,Hard,56,M,I,20201102,39,DH50,,Q,Alejandro Davidovich Fokina,R,180.0,ESP,21.413,63.0,963.0,BM95,,WC,Benjamin Bonzi,R,183.0,FRA,24.4,180.0,346.0,6-4 6-4,3,R32,78.0,0.0,2.0,51.0,33.0,24.0,10.0,10.0,2.0,4.0,7.0,1.0,65.0,34.0,23.0,13.0,10.0,2.0,6.0
2020-352,Paris Masters,Hard,56,M,I,20201102,40,ME82,,,Adrian Mannarino,L,180.0,FRA,32.345,36.0,1426.0,N732,,,Yoshihito Nishioka,L,170.0,JPN,25.101,51.0,1052.0,6-3 6-7(5) 6-3,3,R32,167.0,9.0,3.0,106.0,64.0,53.0,17.0,16.0,6.0,7.0,4.0,1.0,120.0,73.0,46.0,22.0,14.0,10.0,13.0
2020-352,Paris Masters,Hard,56,M,I,20201102,41,N409,1.0,,Rafael Nadal,L,185.0,ESP,34.418,2.0,9850.0,TC61,,,Jordan Thompson,R,183.0,AUS,26.538,61.0,994.0,6-1 7-6(3),3,R16,93.0,3.0,3.0,59.0,36.0,31.0,16.0,10.0,1.0,1.0,7.0,0.0,56.0,39.0,29.0,6.0,9.0,2.0,4.0
2020-352,Paris Masters,Hard,56,M,I,20201102,42,MM58,3.0,,Daniil Medvedev,R,198.0,RUS,24.726,5.0,5980.0,DH58,16.0,,Alex de Minaur,R,183.0,AUS,21.708,25.0,1815.0,5-7 6-2 6-2,3,R16,111.0,13.0,2.0,78.0,50.0,37.0,15.0,14.0,1.0,3.0,2.0,1.0,80.0,51.0,36.0,11.0,14.0,1.0,6.0
2020-352,Paris Masters,Hard,56,M,I,20201102,43,Z355,4.0,,Alexander Zverev,R,198.0,GER,23.537,7.0,5015.0,ME82,,,Adrian Mannarino,L,180.0,FRA,32.345,36.0,1426.0,7-6(11) 6-7(7) 6-4,3,R16,180.0,19.0,1.0,113.0,79.0,63.0,15.0,17.0,3.0,6.0,9.0,7.0,137.0,77.0,60.0,25.0,17.0,7.0,11.0
2020-352,Paris Masters,Hard,56,M,I,20201102,44,W367,12.0,,Stan Wawrinka,R,183.0,SUI,35.6,20.0,2230.0,RE44,5.0,,Andrey Rublev,R,188.0,RUS,23.036,8.0,3839.0,1-6 6-4 6-3,3,R16,101.0,12.0,2.0,80.0,53.0,36.0,16.0,13.0,3.0,6.0,10.0,4.0,77.0,49.0,35.0,15.0,13.0,2.0,5.0
2020-352,Paris Masters,Hard,56,M,I,20201102,45,SM37,6.0,,Diego Schwartzman,R,170.0,ARG,28.214,9.0,3285.0,DH50,,Q,Alejandro Davidovich Fokina,R,180.0,ESP,21.413,63.0,963.0,6-1 6-1,3,R16,60.0,0.0,1.0,51.0,27.0,18.0,15.0,7.0,4.0,4.0,0.0,2.0,34.0,20.0,9.0,3.0,7.0,1.0,6.0
2020-352,Paris Masters,Hard,56,M,I,20201102,46,CD85,9.0,,Pablo Carreno Busta,R,188.0,ESP,29.311,15.0,2400.0,GB93,,Q,Norbert Gombos,R,193.0,SVK,30.223,105.0,682.0,7-5 6-2,3,R16,80.0,3.0,2.0,58.0,36.0,26.0,8.0,10.0,3.0,6.0,2.0,2.0,54.0,30.0,17.0,7.0,10.0,4.0,10.0
2020-352,Paris Masters,Hard,56,M,I,20201102,47,R975,10.0,,Milos Raonic,R,196.0,CAN,29.851,17.0,2265.0,GC88,,Q,Marcos Giron,R,180.0,USA,27.277,91.0,769.0,7-6(1) 6-2,3,R16,81.0,17.0,1.0,53.0,34.0,30.0,14.0,10.0,0.0,0.0,2.0,1.0,72.0,46.0,32.0,11.0,10.0,5.0,7.0
2020-352,Paris Masters,Hard,56,M,I,20201102,48,HH26,,,Ugo Humbert,L,188.0,FRA,22.355,34.0,1466.0,C977,,,Marin Cilic,R,198.0,CRO,32.096,43.0,1280.0,6-3 6-7(4) 6-3,3,R16,144.0,19.0,3.0,106.0,63.0,53.0,18.0,16.0,3.0,4.0,11.0,4.0,83.0,45.0,38.0,18.0,14.0,5.0,8.0
2020-352,Paris Masters,Hard,56,M,I,20201102,49,N409,1.0,,Rafael Nadal,L,185.0,ESP,34.418,2.0,9850.0,CD85,9.0,,Pablo Carreno Busta,R,188.0,ESP,29.311,15.0,2400.0,4-6 7-5 6-1,3,QF,133.0,7.0,2.0,84.0,52.0,42.0,20.0,15.0,4.0,5.0,4.0,0.0,92.0,68.0,46.0,11.0,14.0,4.0,7.0
2020-352,Paris Masters,Hard,56,M,I,20201102,50,MM58,3.0,,Daniil Medvedev,R,198.0,RUS,24.726,5.0,5980.0,SM37,6.0,,Diego Schwartzman,R,170.0,ARG,28.214,9.0,3285.0,6-3 6-1,3,QF,62.0,8.0,2.0,37.0,28.0,27.0,5.0,8.0,0.0,0.0,0.0,0.0,52.0,35.0,18.0,8.0,8.0,2.0,6.0
2020-352,Paris Masters,Hard,56,M,I,20201102,51,Z355,4.0,,Alexander Zverev,R,198.0,GER,23.537,7.0,5015.0,W367,12.0,,Stan Wawrinka,R,183.0,SUI,35.6,20.0,2230.0,6-3 7-6(1),3,QF,85.0,8.0,2.0,62.0,46.0,37.0,6.0,10.0,2.0,4.0,2.0,1.0,65.0,36.0,23.0,14.0,11.0,0.0,4.0
2020-352,Paris Masters,Hard,56,M,I,20201102,52,R975,10.0,,Milos Raonic,R,196.0,CAN,29.851,17.0,2265.0,HH26,,,Ugo Humbert,L,188.0,FRA,22.355,34.0,1466.0,6-3 3-6 7-6(7),3,QF,138.0,25.0,4.0,87.0,63.0,50.0,15.0,15.0,5.0,6.0,9.0,1.0,101.0,71.0,51.0,19.0,15.0,9.0,10.0
2020-352,Paris Masters,Hard,56,M,I,20201102,53,Z355,4.0,,Alexander Zverev,R,198.0,GER,23.537,7.0,5015.0,N409,1.0,,Rafael Nadal,L,185.0,ESP,34.418,2.0,9850.0,6-4 7-5,3,SF,99.0,13.0,1.0,60.0,43.0,34.0,9.0,11.0,2.0,3.0,5.0,0.0,68.0,46.0,29.0,12.0,11.0,5.0,8.0
2020-352,Paris Masters,Hard,56,M,I,20201102,54,MM58,3.0,,Daniil Medvedev,R,198.0,RUS,24.726,5.0,5980.0,R975,10.0,,Milos Raonic,R,196.0,CAN,29.851,17.0,2265.0,6-4 7-6(4),3,SF,97.0,7.0,3.0,70.0,51.0,41.0,10.0,11.0,6.0,7.0,12.0,1.0,68.0,47.0,38.0,6.0,11.0,1.0,3.0
2020-352,Paris Masters,Hard,56,M,I,20201102,55,MM58,3.0,,Daniil Medvedev,R,198.0,RUS,24.726,5.0,5980.0,Z355,4.0,,Alexander Zverev,R,198.0,GER,23.537,7.0,5015.0,5-7 6-4 6-1,3,F,127.0,14.0,2.0,83.0,48.0,38.0,21.0,14.0,6.0,7.0,11.0,3.0,102.0,76.0,51.0,9.0,15.0,6.0,10.0
2020-7434,Sofia,Hard,28,250,I,20201109,1,ME82,5.0,,Adrian Mannarino,L,180.0,FRA,32.364,35.0,1471.0,K966,,LL,Martin Klizan,L,191.0,SVK,31.332,150.0,419.0,3-6 6-1 7-5,3,R32,129.0,10.0,5.0,92.0,53.0,39.0,21.0,14.0,3.0,5.0,7.0,1.0,79.0,41.0,30.0,19.0,14.0,6.0,10.0
2020-7434,Sofia,Hard,28,250,I,20201109,2,MH30,6.0,,John Millman,R,183.0,AUS,31.406,38.0,1396.0,A0AB,,WC,Adrian Andreev,R,175.0,BUL,19.496,666.0,32.0,6-3 6-1,3,R32,73.0,4.0,0.0,44.0,24.0,20.0,14.0,8.0,0.0,0.0,2.0,3.0,54.0,31.0,17.0,10.0,8.0,2.0,6.0
2020-7434,Sofia,Hard,28,250,I,20201109,3,MH30,,LL,Marc-Andrea Huesler,R,183.0,AUS,31.406,149.0,421.0,BG23,7.0,,Nikoloz Basilashvili,R,185.0,GEO,28.712,39.0,1395.0,6-1 4-6 7-6(6),3,R32,111.0,22.0,3.0,86.0,61.0,49.0,16.0,15.0,4.0,5.0,5.0,5.0,95.0,59.0,41.0,21.0,14.0,3.0,5.0
2020-7434,Sofia,Hard,28,250,I,20201109,4,F0BT,,WC,Jonas Forejtek,R,183.0,CZE,19.669,399.0,95.0,C977,8.0,,Marin Cilic,R,198.0,CRO,32.115,41.0,1325.0,6-3 6-2,3,R32,66.0,2.0,2.0,56.0,35.0,29.0,8.0,9.0,2.0,3.0,2.0,2.0,47.0,26.0,19.0,7.0,8.0,1.0,5.0
2020-7434,Sofia,Hard,28,250,I,20201109,5,A829,,,Radu Albot,R,175.0,MDA,30.995,93.0,772.0,SE73,,,Yuichi Sugita,R,175.0,JPN,32.142,100.0,713.0,6-4 6-1,3,R32,76.0,4.0,4.0,48.0,28.0,23.0,11.0,8.0,0.0,0.0,1.0,2.0,63.0,36.0,23.0,12.0,9.0,5.0,9.0
2020-7434,Sofia,Hard,28,250,I,20201109,6,CE25,,,Salvatore Caruso,R,185.0,ITA,27.901,82.0,813.0,KC33,,WC,Dimitar Kuzmanov,R,183.0,BUL,27.285,291.0,166.0,4-6 6-4 6-4,3,R32,142.0,11.0,3.0,87.0,40.0,31.0,27.0,15.0,8.0,11.0,4.0,2.0,90.0,57.0,40.0,16.0,15.0,6.0,10.0
2020-7434,Sofia,Hard,28,250,I,20201109,7,G628,,,Richard Gasquet,R,183.0,FRA,34.396,49.0,1075.0,CF59,,,Roberto Carballes Baena,R,183.0,ESP,27.633,103.0,694.0,6-3 6-4,3,R32,88.0,3.0,1.0,53.0,27.0,22.0,18.0,10.0,3.0,4.0,2.0,1.0,60.0,38.0,21.0,13.0,9.0,5.0,8.0
2020-7434,Sofia,Hard,28,250,I,20201109,8,GC89,,,Egor Gerasimov,R,196.0,BLR,27.995,81.0,820.0,T840,,Q,Viktor Troicki,R,193.0,SRB,34.746,196.0,314.0,6-3 3-6 6-3,3,R32,103.0,10.0,2.0,80.0,50.0,39.0,17.0,14.0,2.0,3.0,11.0,1.0,88.0,58.0,44.0,14.0,13.0,9.0,11.0
2020-7434,Sofia,Hard,28,250,I,20201109,9,KC56,,Q,Aslan Karatsev,R,185.0,RUS,27.181,114.0,586.0,DA81,,Q,Taro Daniel,R,191.0,JPN,27.784,115.0,581.0,7-6(2) 6-1,3,R32,102.0,10.0,7.0,85.0,47.0,38.0,19.0,10.0,9.0,9.0,5.0,1.0,55.0,27.0,18.0,16.0,9.0,0.0,2.0
2020-7434,Sofia,Hard,28,250,I,20201109,10,PD07,,,Vasek Pospisil,R,193.0,CAN,30.382,74.0,863.0,ME89,,LL,Illya Marchenko,R,185.0,UKR,33.172,216.0,263.0,6-2 5-7 7-6(5),3,R32,163.0,8.0,4.0,96.0,61.0,48.0,18.0,16.0,8.0,10.0,4.0,4.0,106.0,71.0,45.0,21.0,16.0,4.0,7.0
2020-7434,Sofia,Hard,28,250,I,20201109,11,SD32,,Q,Gilles Simon,R,183.0,FRA,35.869,62.0,1005.0,MF35,,,Andrej Martin,R,183.0,SVK,31.138,105.0,686.0,6-2 6-2,3,R32,80.0,2.0,0.0,49.0,27.0,20.0,15.0,8.0,1.0,1.0,1.0,2.0,60.0,37.0,21.0,10.0,8.0,7.0,11.0
2020-7434,Sofia,Hard,28,250,I,20201109,12,S0AG,,,Jannik Sinner,R,191.0,ITA,19.233,44.0,1214.0,F724,,,Marton Fucsovics,R,188.0,HUN,28.753,55.0,1062.0,6-2 6-4,3,R32,96.0,2.0,2.0,58.0,32.0,22.0,13.0,9.0,4.0,6.0,6.0,3.0,80.0,45.0,25.0,13.0,9.0,13.0,18.0
2020-7434,Sofia,Hard,28,250,I,20201109,13,A829,,,Radu Albot,R,175.0,MDA,30.995,93.0,772.0,SU55,1.0,,Denis Shapovalov,L,185.0,CAN,21.572,12.0,2830.0,6-2 6-4,3,R16,74.0,0.0,1.0,47.0,36.0,31.0,7.0,9.0,2.0,2.0,6.0,5.0,53.0,24.0,18.0,14.0,9.0,3.0,6.0
2020-7434,Sofia,Hard,28,250,I,20201109,14,CE25,,,Salvatore Caruso,R,185.0,ITA,27.901,82.0,813.0,AG37,2.0,,Felix Auger-Aliassime,R,193.0,CAN,20.255,21.0,2216.0,6-4 6-4,3,R16,100.0,2.0,0.0,70.0,31.0,24.0,24.0,10.0,6.0,6.0,7.0,5.0,54.0,32.0,23.0,13.0,10.0,1.0,3.0
2020-7434,Sofia,Hard,28,250,I,20201109,15,DH58,3.0,,Alex de Minaur,R,183.0,AUS,21.728,25.0,1815.0,KC56,,Q,Aslan Karatsev,R,185.0,RUS,27.181,114.0,586.0,6-4 7-6(5),3,R16,110.0,0.0,4.0,89.0,52.0,36.0,17.0,11.0,6.0,8.0,3.0,2.0,69.0,36.0,21.0,18.0,11.0,3.0,6.0
2020-7434,Sofia,Hard,28,250,I,20201109,16,PD07,,,Vasek Pospisil,R,193.0,CAN,30.382,74.0,863.0,SL28,4.0,,Jan-Lennard Struff,R,193.0,GER,30.543,36.0,1450.0,6-3 6-4,3,R16,81.0,5.0,4.0,62.0,31.0,28.0,16.0,10.0,1.0,1.0,5.0,1.0,59.0,37.0,26.0,11.0,9.0,8.0,10.0
2020-7434,Sofia,Hard,28,250,I,20201109,17,ME82,5.0,,Adrian Mannarino,L,180.0,FRA,32.364,35.0,1471.0,GC89,,,Egor Gerasimov,R,196.0,BLR,27.995,81.0,820.0,6-4 7-6(6),3,R16,106.0,5.0,1.0,77.0,45.0,35.0,18.0,11.0,6.0,7.0,10.0,4.0,72.0,48.0,36.0,10.0,11.0,1.0,3.0
2020-7434,Sofia,Hard,28,250,I,20201109,18,MH30,6.0,,John Millman,R,183.0,AUS,31.406,38.0,1396.0,SD32,,Q,Gilles Simon,R,183.0,FRA,35.869,62.0,1005.0,7-5 6-7(3) 6-2,3,R16,195.0,3.0,1.0,99.0,67.0,41.0,21.0,16.0,2.0,5.0,5.0,12.0,118.0,62.0,42.0,24.0,16.0,10.0,16.0
2020-7434,Sofia,Hard,28,250,I,20201109,19,G628,,,Richard Gasquet,R,183.0,FRA,34.396,49.0,1075.0,F0BT,,WC,Jonas Forejtek,R,183.0,CZE,19.669,399.0,95.0,6-4 6-2,3,R16,69.0,8.0,3.0,45.0,28.0,27.0,10.0,9.0,2.0,2.0,7.0,0.0,63.0,40.0,27.0,10.0,9.0,6.0,9.0
2020-7434,Sofia,Hard,28,250,I,20201109,20,S0AG,,,Jannik Sinner,R,191.0,ITA,19.233,44.0,1214.0,HH06,,LL,Marc-Andrea Huesler,L,196.0,SUI,24.378,149.0,421.0,6-3 6-4,3,R16,78.0,6.0,1.0,60.0,37.0,32.0,13.0,10.0,2.0,2.0,9.0,3.0,62.0,36.0,26.0,12.0,9.0,3.0,5.0
2020-7434,Sofia,Hard,28,250,I,20201109,21,S0AG,,,Jannik Sinner,R,191.0,ITA,19.233,44.0,1214.0,DH58,3.0,,Alex de Minaur,R,183.0,AUS,21.728,25.0,1815.0,6-7(3) 6-4 6-1,3,QF,131.0,4.0,4.0,89.0,54.0,43.0,17.0,14.0,6.0,7.0,2.0,4.0,106.0,66.0,44.0,17.0,15.0,4.0,9.0
2020-7434,Sofia,Hard,28,250,I,20201109,22,ME82,5.0,,Adrian Mannarino,L,180.0,FRA,32.364,35.0,1471.0,A829,,,Radu Albot,R,175.0,MDA,30.995,93.0,772.0,6-2 1-6 6-3,3,QF,121.0,7.0,1.0,71.0,46.0,33.0,13.0,12.0,2.0,4.0,0.0,2.0,80.0,41.0,27.0,21.0,12.0,7.0,10.0
2020-7434,Sofia,Hard,28,250,I,20201109,23,PD07,,,Vasek Pospisil,R,193.0,CAN,30.382,74.0,863.0,MH30,6.0,,John Millman,R,183.0,AUS,31.406,38.0,1396.0,6-3 6-2,3,QF,72.0,5.0,0.0,48.0,28.0,24.0,11.0,9.0,2.0,3.0,0.0,2.0,58.0,33.0,20.0,9.0,8.0,2.0,6.0
2020-7434,Sofia,Hard,28,250,I,20201109,24,G628,,,Richard Gasquet,R,183.0,FRA,34.396,49.0,1075.0,CE25,,,Salvatore Caruso,R,185.0,ITA,27.901,82.0,813.0,7-6(4) 7-5,3,QF,115.0,11.0,3.0,70.0,48.0,39.0,14.0,12.0,1.0,2.0,8.0,2.0,82.0,40.0,26.0,26.0,12.0,4.0,6.0
2020-7434,Sofia,Hard,28,250,I,20201109,25,S0AG,,,Jannik Sinner,R,191.0,ITA,19.233,44.0,1214.0,ME82,5.0,,Adrian Mannarino,L,180.0,FRA,32.364,35.0,1471.0,6-3 7-5,3,SF,87.0,9.0,3.0,71.0,36.0,29.0,19.0,11.0,3.0,3.0,1.0,0.0,52.0,38.0,27.0,8.0,10.0,0.0,2.0
2020-7434,Sofia,Hard,28,250,I,20201109,26,PD07,,,Vasek Pospisil,R,193.0,CAN,30.382,74.0,863.0,G628,,,Richard Gasquet,R,183.0,FRA,34.396,49.0,1075.0,6-7(6) 6-2 6-0,3,SF,111.0,19.0,3.0,74.0,41.0,35.0,22.0,13.0,1.0,1.0,1.0,3.0,90.0,56.0,33.0,18.0,13.0,2.0,7.0
2020-7434,Sofia,Hard,28,250,I,20201109,27,S0AG,,,Jannik Sinner,R,191.0,ITA,19.233,44.0,1214.0,PD07,,,Vasek Pospisil,R,193.0,CAN,30.382,74.0,863.0,6-4 3-6 7-6(3),3,F,134.0,4.0,5.0,92.0,60.0,45.0,18.0,15.0,3.0,5.0,14.0,3.0,98.0,62.0,49.0,19.0,16.0,3.0,5.0
2020-605,Tour Finals,Hard,8,F,I,20201116,1,MM58,4.0,,Daniil Medvedev,R,198.0,RUS,24.764,4.0,6970.0,D643,1.0,,Novak Djokovic,R,188.0,SRB,33.489,1.0,11830.0,6-3 6-3,3,RR,81.0,10.0,4.0,56.0,38.0,30.0,11.0,9.0,1.0,1.0,3.0,5.0,68.0,40.0,27.0,12.0,9.0,5.0,8.0
2020-605,Tour Finals,Hard,8,F,I,20201116,2,D643,1.0,,Novak Djokovic,R,188.0,SRB,33.489,1.0,11830.0,Z355,5.0,,Alexander Zverev,R,198.0,GER,23.576,7.0,5525.0,6-3 7-6(4),3,RR,96.0,3.0,3.0,78.0,51.0,40.0,14.0,11.0,3.0,3.0,12.0,6.0,57.0,43.0,36.0,5.0,10.0,3.0,4.0
2020-605,Tour Finals,Hard,8,F,I,20201116,3,D643,1.0,,Novak Djokovic,R,188.0,SRB,33.489,1.0,11830.0,SM37,8.0,,Diego Schwartzman,R,170.0,ARG,28.252,9.0,3455.0,6-3 6-2,3,RR,78.0,7.0,2.0,47.0,30.0,23.0,11.0,9.0,1.0,2.0,1.0,1.0,52.0,32.0,20.0,7.0,8.0,2.0,6.0
2020-605,Tour Finals,Hard,8,F,I,20201116,4,MM58,4.0,,Daniil Medvedev,R,198.0,RUS,24.764,4.0,6970.0,Z355,5.0,,Alexander Zverev,R,198.0,GER,23.576,7.0,5525.0,6-3 6-4,3,RR,89.0,4.0,2.0,63.0,42.0,31.0,12.0,10.0,5.0,6.0,3.0,7.0,68.0,49.0,34.0,4.0,9.0,6.0,9.0
2020-605,Tour Finals,Hard,8,F,I,20201116,5,MM58,4.0,,Daniil Medvedev,R,198.0,RUS,24.764,4.0,6970.0,SM37,8.0,,Diego Schwartzman,R,170.0,ARG,28.252,9.0,3455.0,6-3 6-3,3,RR,73.0,4.0,1.0,54.0,40.0,35.0,5.0,9.0,2.0,2.0,0.0,0.0,60.0,36.0,23.0,12.0,9.0,6.0,9.0
2020-605,Tour Finals,Hard,8,F,I,20201116,6,Z355,5.0,,Alexander Zverev,R,198.0,GER,23.576,7.0,5525.0,SM37,8.0,,Diego Schwartzman,R,170.0,ARG,28.252,9.0,3455.0,6-3 4-6 6-3,3,RR,131.0,10.0,3.0,82.0,60.0,44.0,10.0,14.0,6.0,9.0,0.0,3.0,93.0,59.0,36.0,16.0,14.0,7.0,12.0
2020-605,Tour Finals,Hard,8,F,I,20201116,7,TB69,3.0,,Dominic Thiem,R,185.0,AUT,27.203,3.0,9125.0,N409,2.0,,Rafael Nadal,L,185.0,ESP,34.456,2.0,9850.0,7-6(7) 7-6(4),3,RR,145.0,6.0,2.0,87.0,51.0,39.0,19.0,12.0,1.0,2.0,2.0,1.0,80.0,48.0,33.0,19.0,12.0,4.0,5.0
2020-605,Tour Finals,Hard,8,F,I,20201116,8,N409,2.0,,Rafael Nadal,L,185.0,ESP,34.456,2.0,9850.0,TE51,6.0,,Stefanos Tsitsipas,R,193.0,GRE,22.264,6.0,5925.0,6-4 4-6 6-2,3,RR,124.0,8.0,1.0,72.0,47.0,38.0,15.0,14.0,1.0,3.0,8.0,4.0,79.0,45.0,33.0,15.0,14.0,4.0,8.0
2020-605,Tour Finals,Hard,8,F,I,20201116,9,N409,2.0,,Rafael Nadal,L,185.0,ESP,34.456,2.0,9850.0,RE44,7.0,,Andrey Rublev,R,188.0,RUS,23.075,8.0,3919.0,6-3 6-4,3,RR,77.0,2.0,0.0,54.0,39.0,32.0,10.0,10.0,0.0,0.0,9.0,1.0,58.0,36.0,28.0,9.0,9.0,3.0,5.0
2020-605,Tour Finals,Hard,8,F,I,20201116,10,TB69,3.0,,Dominic Thiem,R,185.0,AUT,27.203,3.0,9125.0,TE51,6.0,,Stefanos Tsitsipas,R,193.0,GRE,22.264,6.0,5925.0,7-6(5) 4-6 6-3,3,RR,137.0,9.0,2.0,104.0,76.0,59.0,16.0,16.0,2.0,3.0,8.0,1.0,93.0,66.0,51.0,16.0,15.0,3.0,4.0
2020-605,Tour Finals,Hard,8,F,I,20201116,11,RE44,7.0,,Andrey Rublev,R,188.0,RUS,23.075,8.0,3919.0,TB69,3.0,,Dominic Thiem,R,185.0,AUT,27.203,3.0,9125.0,6-2 7-5,3,RR,74.0,11.0,0.0,52.0,35.0,28.0,11.0,10.0,0.0,1.0,10.0,3.0,70.0,50.0,33.0,7.0,10.0,6.0,10.0
2020-605,Tour Finals,Hard,8,F,I,20201116,12,TE51,6.0,,Stefanos Tsitsipas,R,193.0,GRE,22.264,6.0,5925.0,RE44,7.0,,Andrey Rublev,R,188.0,RUS,23.075,8.0,3919.0,6-1 4-6 7-6(6),3,RR,115.0,10.0,0.0,83.0,57.0,46.0,15.0,15.0,0.0,1.0,6.0,2.0,95.0,59.0,44.0,17.0,14.0,7.0,9.0
2020-605,Tour Finals,Hard,8,F,I,20201116,13,MM58,4.0,,Daniil Medvedev,R,198.0,RUS,24.764,4.0,6970.0,N409,2.0,,Rafael Nadal,L,185.0,ESP,34.456,2.0,9850.0,3-6 7-6(4) 6-3,3,SF,155.0,13.0,3.0,82.0,57.0,44.0,12.0,14.0,1.0,4.0,3.0,3.0,117.0,66.0,49.0,19.0,16.0,7.0,11.0
2020-605,Tour Finals,Hard,8,F,I,20201116,14,TB69,3.0,,Dominic Thiem,R,185.0,AUT,27.203,3.0,9125.0,D643,1.0,,Novak Djokovic,R,188.0,SRB,33.489,1.0,11830.0,7-5 6-7(10) 7-6(5),3,SF,174.0,12.0,5.0,120.0,77.0,63.0,23.0,18.0,3.0,3.0,5.0,0.0,114.0,74.0,63.0,18.0,18.0,1.0,2.0
2020-605,Tour Finals,Hard,8,F,I,20201116,15,MM58,4.0,,Daniil Medvedev,R,198.0,RUS,24.764,4.0,6970.0,TB69,3.0,,Dominic Thiem,R,185.0,AUT,27.203,3.0,9125.0,4-6 7-6(2) 6-4,3,F,162.0,12.0,3.0,110.0,66.0,51.0,24.0,16.0,3.0,4.0,6.0,1.0,117.0,85.0,63.0,14.0,16.0,8.0,9.0
