tourney_id,tourney_name,surface,draw_size,tourney_level,indoor,tourney_date,match_num,winner_id,winner_seed,winner_entry,winner_name,winner_hand,winner_ht,winner_ioc,winner_age,winner_rank,winner_rank_points,loser_id,loser_seed,loser_entry,loser_name,loser_hand,loser_ht,loser_ioc,loser_age,loser_rank,loser_rank_points,score,best_of,round,minutes,w_ace,w_df,w_svpt,w_1stIn,w_1stWon,w_2ndWon,w_SvGms,w_bpSaved,w_bpFaced,l_ace,l_df,l_svpt,l_1stIn,l_1stWon,l_2ndWon,l_SvGms,l_bpSaved,l_bpFaced
2024-339,Brisbane,Hard,32,250,O,20240101,1,D875,2.0,,Grigor Dimitrov,R,191.0,BUL,32.63,14.0,2570.0,MC10,,,Andy Murray,R,191.0,GBR,36.632,42.0,1050.0,4-6 7-5 6-2,3,R32,147.0,13.0,2.0,82.0,51.0,42.0,16.0,15.0,3.0,5.0,4.0,0.0,86.0,51.0,32.0,21.0,15.0,4.0,8.0
2024-339,Brisbane,Hard,32,250,O,20240101,2,AE14,,,Daniel Altmaier,R,188.0,GER,25.303,56.0,891.0,TC01,,Q,Li Tu,R,183.0,AUS,27.598,225.0,280.0,7-6(5) 7-6(4),3,R32,121.0,7.0,1.0,81.0,55.0,42.0,17.0,12.0,0.0,0.0,3.0,2.0,83.0,46.0,38.0,22.0,12.0,2.0,2.0
2024-339,Brisbane,Hard,32,250,O,20240101,3,H0BH,,WC,Rinky Hijikata,R,178.0,AUS,22.853,71.0,744.0,KD46,,,Thanasi Kokkinakis,R,193.0,AUS,27.726,65.0,802.0,7-6(8) 6-2,3,R32,97.0,4.0,1.0,67.0,39.0,33.0,16.0,10.0,2.0,2.0,16.0,1.0,62.0,47.0,36.0,6.0,10.0,2.0,4.0
2024-339,Brisbane,Hard,32,250,O,20240101,4,M0FH,,Q,Tomas Machac,R,183.0,CZE,23.217,78.0,722.0,EA24,7.0,,Tomas Martin Etcheverry,R,196.0,ARG,24.457,30.0,1375.0,6-7(5) 7-5 7-6(1),3,R32,189.0,5.0,1.0,111.0,70.0,57.0,21.0,18.0,4.0,6.0,6.0,2.0,116.0,82.0,59.0,17.0,18.0,5.0,8.0
2024-339,Brisbane,Hard,32,250,O,20240101,5,HH26,4.0,,Ugo Humbert,L,188.0,FRA,25.517,20.0,1765.0,M0QI,,Q,Alex Michelsen,R,193.0,USA,19.351,97.0,653.0,6-4 6-4,3,R32,95.0,4.0,1.0,53.0,29.0,24.0,19.0,10.0,2.0,2.0,5.0,5.0,72.0,38.0,24.0,18.0,10.0,8.0,10.0
2024-339,Brisbane,Hard,32,250,O,20240101,6,TC61,,,Jordan Thompson,R,183.0,AUS,29.7,55.0,902.0,V832,,,Aleksandar Vukic,R,188.0,AUS,27.737,62.0,835.0,6-3 6-2,3,R32,96.0,7.0,1.0,46.0,28.0,23.0,11.0,9.0,0.0,1.0,3.0,0.0,54.0,32.0,18.0,10.0,8.0,4.0,8.0
2024-339,Brisbane,Hard,32,250,O,20240101,7,N409,,WC,Rafael Nadal,L,185.0,ESP,37.58,672.0,45.0,TB69,,Q,Dominic Thiem,R,185.0,AUT,30.327,98.0,652.0,7-5 6-1,3,R32,89.0,3.0,1.0,46.0,31.0,28.0,12.0,10.0,0.0,0.0,3.0,3.0,54.0,34.0,23.0,10.0,9.0,3.0,6.0
2024-339,Brisbane,Hard,32,250,O,20240101,8,KB95,,WC,Jason Kubler,R,178.0,AUS,30.62,102.0,631.0,KC56,8.0,,Aslan Karatsev,R,185.0,RUS,30.324,35.0,1193.0,6-4 6-7(4) RET,3,R32,143.0,5.0,1.0,76.0,49.0,31.0,13.0,11.0,6.0,9.0,2.0,6.0,70.0,39.0,29.0,14.0,11.0,4.0,8.0
2024-339,Brisbane,Hard,32,250,O,20240101,9,KI63,,Q,Lukas Klein,R,193.0,SVK,25.78,170.0,359.0,B0BI,6.0,,Sebastian Baez,R,170.0,ARG,23.009,28.0,1435.0,4-6 6-3 6-4,3,R32,134.0,9.0,2.0,83.0,51.0,38.0,18.0,15.0,3.0,5.0,3.0,2.0,115.0,92.0,53.0,14.0,14.0,11.0,14.0
2024-339,Brisbane,Hard,32,250,O,20240101,10,A0FC,,,Matteo Arnaldi,R,185.0,ITA,22.856,44.0,1021.0,F724,,,Marton Fucsovics,R,188.0,HUN,31.896,59.0,882.0,6-7(5) 6-4 7-6(7),3,R32,187.0,6.0,2.0,122.0,66.0,48.0,39.0,17.0,2.0,2.0,11.0,1.0,101.0,61.0,47.0,30.0,17.0,1.0,2.0
2024-339,Brisbane,Hard,32,250,O,20240101,11,P09Z,,,Alexei Popyrin,R,196.0,AUS,24.408,40.0,1084.0,O483,,,Christopher O'Connell,R,183.0,AUS,29.58,68.0,780.0,6-4 6-7(5) 7-6(4),3,R32,185.0,12.0,2.0,107.0,68.0,55.0,23.0,17.0,4.0,5.0,21.0,0.0,127.0,78.0,56.0,26.0,17.0,7.0,9.0
2024-339,Brisbane,Hard,32,250,O,20240101,12,SX50,,,Roman Safiullin,R,185.0,RUS,26.401,39.0,1122.0,S0S1,3.0,,Ben Shelton,L,193.0,USA,21.229,17.0,2145.0,6-3 6-7(5) 6-3,3,R32,157.0,8.0,6.0,95.0,50.0,44.0,28.0,16.0,5.0,5.0,12.0,6.0,103.0,69.0,53.0,16.0,14.0,9.0,11.0
2024-339,Brisbane,Hard,32,250,O,20240101,13,H997,,,Yannick Hanfmann,R,193.0,GER,32.134,51.0,914.0,K0AH,5.0,,Sebastian Korda,R,196.0,USA,23.491,24.0,1530.0,7-5 6-4,3,R32,96.0,4.0,0.0,65.0,50.0,35.0,9.0,11.0,3.0,4.0,12.0,3.0,72.0,40.0,29.0,14.0,11.0,3.0,6.0
2024-339,Brisbane,Hard,32,250,O,20240101,14,D994,,Q,James Duckworth,R,183.0,AUS,31.945,116.0,573.0,W09G,,,J.J. Wolf,R,183.0,USA,25.029,53.0,910.0,6-3 6-4,3,R32,63.0,7.0,0.0,52.0,36.0,31.0,11.0,10.0,1.0,1.0,7.0,1.0,44.0,32.0,27.0,4.0,9.0,2.0,4.0
2024-339,Brisbane,Hard,32,250,O,20240101,15,S0H2,,,Alexander Shevchenko,R,188.0,KAZ,23.088,48.0,947.0,V0DZ,,,Luca Van Assche,R,178.0,FRA,19.641,90.0,687.0,6-3 6-2,3,R32,75.0,6.0,0.0,52.0,35.0,26.0,13.0,9.0,2.0,2.0,3.0,1.0,59.0,37.0,21.0,11.0,8.0,4.0,7.0
2024-339,Brisbane,Hard,32,250,O,20240101,16,R0DG,1.0,,Holger Rune,R,188.0,DEN,20.676,8.0,3660.0,PH71,,,Max Purcell,R,185.0,AUS,25.747,45.0,1012.0,4-6 6-4 6-2,3,R32,100.0,12.0,0.0,72.0,58.0,43.0,8.0,14.0,3.0,5.0,6.0,3.0,74.0,48.0,35.0,13.0,14.0,2.0,6.0
2024-339,Brisbane,Hard,32,250,O,20240101,17,D875,2.0,,Grigor Dimitrov,R,191.0,BUL,32.63,14.0,2570.0,AE14,,,Daniel Altmaier,R,188.0,GER,25.303,56.0,891.0,6-1 6-2,3,R16,67.0,6.0,1.0,41.0,26.0,24.0,10.0,8.0,3.0,3.0,3.0,3.0,49.0,28.0,17.0,6.0,7.0,2.0,6.0
2024-339,Brisbane,Hard,32,250,O,20240101,18,H0BH,,WC,Rinky Hijikata,R,178.0,AUS,22.853,71.0,744.0,M0FH,,Q,Tomas Machac,R,183.0,CZE,23.217,78.0,722.0,5-7 6-2 7-6(4),3,R16,148.0,11.0,4.0,104.0,64.0,44.0,23.0,16.0,10.0,13.0,6.0,2.0,89.0,61.0,45.0,12.0,16.0,1.0,5.0
2024-339,Brisbane,Hard,32,250,O,20240101,19,TC61,,,Jordan Thompson,R,183.0,AUS,29.7,55.0,902.0,HH26,4.0,,Ugo Humbert,L,188.0,FRA,25.517,20.0,1765.0,W/O,3,R16,0.0,,,,,,,,,,,,,,,,,,
2024-339,Brisbane,Hard,32,250,O,20240101,20,N409,,WC,Rafael Nadal,L,185.0,ESP,37.58,672.0,45.0,KB95,,WC,Jason Kubler,R,178.0,AUS,30.62,102.0,631.0,6-1 6-2,3,R16,84.0,4.0,3.0,46.0,30.0,24.0,10.0,8.0,4.0,4.0,1.0,3.0,46.0,35.0,20.0,2.0,7.0,2.0,6.0
2024-339,Brisbane,Hard,32,250,O,20240101,21,A0FC,,,Matteo Arnaldi,R,185.0,ITA,22.856,44.0,1021.0,KI63,,Q,Lukas Klein,R,193.0,SVK,25.78,170.0,359.0,6-4 3-6 7-5,3,R16,124.0,9.0,3.0,80.0,44.0,37.0,21.0,15.0,2.0,4.0,5.0,3.0,87.0,50.0,42.0,17.0,16.0,2.0,5.0
2024-339,Brisbane,Hard,32,250,O,20240101,22,SX50,,,Roman Safiullin,R,185.0,RUS,26.401,39.0,1122.0,P09Z,,,Alexei Popyrin,R,196.0,AUS,24.408,40.0,1084.0,6-7(9) 6-4 7-6(3),3,R16,174.0,23.0,4.0,121.0,77.0,62.0,26.0,17.0,13.0,14.0,13.0,6.0,113.0,79.0,64.0,15.0,17.0,7.0,9.0
2024-339,Brisbane,Hard,32,250,O,20240101,23,D994,,Q,James Duckworth,R,183.0,AUS,31.945,116.0,573.0,H997,,,Yannick Hanfmann,R,193.0,GER,32.134,51.0,914.0,4-6 6-1 7-6(2),3,R16,145.0,22.0,4.0,91.0,66.0,52.0,13.0,15.0,2.0,3.0,15.0,4.0,97.0,56.0,43.0,20.0,14.0,10.0,12.0
2024-339,Brisbane,Hard,32,250,O,20240101,24,R0DG,1.0,,Holger Rune,R,188.0,DEN,20.676,8.0,3660.0,S0H2,,,Alexander Shevchenko,R,188.0,KAZ,23.088,48.0,947.0,6-4 5-7 6-2,3,R16,147.0,12.0,2.0,91.0,57.0,43.0,22.0,15.0,5.0,6.0,5.0,2.0,108.0,62.0,45.0,23.0,15.0,7.0,10.0
2024-339,Brisbane,Hard,32,250,O,20240101,25,D875,2.0,,Grigor Dimitrov,R,191.0,BUL,32.63,14.0,2570.0,H0BH,,WC,Rinky Hijikata,R,178.0,AUS,22.853,71.0,744.0,6-1 6-4,3,QF,78.0,12.0,2.0,50.0,33.0,26.0,12.0,9.0,2.0,2.0,4.0,4.0,57.0,34.0,23.0,8.0,8.0,4.0,7.0
2024-339,Brisbane,Hard,32,250,O,20240101,26,TC61,,,Jordan Thompson,R,183.0,AUS,29.7,55.0,902.0,N409,,WC,Rafael Nadal,L,185.0,ESP,37.58,672.0,45.0,5-7 7-6(6) 6-3,3,QF,206.0,8.0,3.0,109.0,67.0,51.0,20.0,17.0,6.0,8.0,7.0,2.0,108.0,79.0,58.0,13.0,16.0,1.0,3.0
2024-339,Brisbane,Hard,32,250,O,20240101,27,SX50,,,Roman Safiullin,R,185.0,RUS,26.401,39.0,1122.0,A0FC,,,Matteo Arnaldi,R,185.0,ITA,22.856,44.0,1021.0,7-6(4) 6-2,3,QF,120.0,9.0,3.0,73.0,43.0,36.0,14.0,10.0,2.0,3.0,3.0,2.0,69.0,37.0,27.0,16.0,10.0,5.0,8.0
2024-339,Brisbane,Hard,32,250,O,20240101,28,R0DG,1.0,,Holger Rune,R,188.0,DEN,20.676,8.0,3660.0,D994,,Q,James Duckworth,R,183.0,AUS,31.945,116.0,573.0,6-2 7-6(6),3,QF,105.0,13.0,0.0,65.0,36.0,31.0,17.0,10.0,1.0,1.0,5.0,2.0,77.0,51.0,31.0,16.0,10.0,3.0,5.0
2024-339,Brisbane,Hard,32,250,O,20240101,29,D875,2.0,,Grigor Dimitrov,R,191.0,BUL,32.63,14.0,2570.0,TC61,,,Jordan Thompson,R,183.0,AUS,29.7,55.0,902.0,6-3 7-5,3,SF,109.0,10.0,3.0,67.0,45.0,39.0,10.0,11.0,6.0,6.0,5.0,1.0,62.0,39.0,24.0,14.0,10.0,5.0,7.0
2024-339,Brisbane,Hard,32,250,O,20240101,30,R0DG,1.0,,Holger Rune,R,188.0,DEN,20.676,8.0,3660.0,SX50,,,Roman Safiullin,R,185.0,RUS,26.401,39.0,1122.0,6-4 7-6(0),3,SF,97.0,7.0,4.0,72.0,48.0,39.0,11.0,11.0,1.0,2.0,5.0,5.0,66.0,35.0,31.0,10.0,11.0,5.0,7.0
2024-339,Brisbane,Hard,32,250,O,20240101,31,D875,2.0,,Grigor Dimitrov,R,191.0,BUL,32.63,14.0,2570.0,R0DG,1.0,,Holger Rune,R,188.0,DEN,20.676,8.0,3660.0,7-6(5) 6-4,3,F,136.0,8.0,2.0,74.0,52.0,40.0,13.0,11.0,3.0,3.0,9.0,3.0,95.0,58.0,44.0,16.0,11.0,8.0,9.0
2024-9900,United Cup,Hard,18,A,O,20240101,1,RH16,,,Casper Ruud,R,183.0,NOR,25.027,11.0,2825.0,GJ37,,,Tallon Griekspoor,R,188.0,NED,27.499,23.0,1640.0,6-3 6-4,3,RR,71.0,7.0,2.0,54.0,39.0,32.0,7.0,10.0,2.0,3.0,5.0,2.0,52.0,33.0,21.0,11.0,9.0,4.0,7.0
2024-9900,United Cup,Hard,18,A,O,20240101,2,RH16,,,Casper Ruud,R,183.0,NOR,25.027,11.0,2825.0,CG80,,,Borna Coric,R,188.0,CRO,27.129,37.0,1135.0,6-4 6-1,3,RR,89.0,7.0,2.0,50.0,32.0,28.0,10.0,9.0,3.0,3.0,3.0,1.0,53.0,38.0,25.0,5.0,8.0,3.0,6.0
2024-9900,United Cup,Hard,18,A,O,20240101,3,CG80,,,Borna Coric,R,188.0,CRO,27.129,37.0,1135.0,GJ37,,,Tallon Griekspoor,R,188.0,NED,27.499,23.0,1640.0,7-6(4) 6-4,3,RR,120.0,3.0,2.0,65.0,39.0,30.0,16.0,11.0,2.0,3.0,6.0,5.0,76.0,50.0,31.0,16.0,11.0,3.0,5.0
2024-9900,United Cup,Hard,18,A,O,20240101,4,D643,,,Novak Djokovic,R,188.0,SRB,36.613,1.0,11245.0,Z371,,,Zhizhen Zhang,R,193.0,CHN,27.209,58.0,885.0,6-3 6-2,3,RR,72.0,7.0,1.0,46.0,28.0,24.0,12.0,9.0,0.0,0.0,4.0,2.0,57.0,35.0,24.0,7.0,8.0,4.0,7.0
2024-9900,United Cup,Hard,18,A,O,20240101,5,D643,,,Novak Djokovic,R,188.0,SRB,36.613,1.0,11245.0,L0BV,,,Jiri Lehecka,R,185.0,CZE,22.146,31.0,1372.0,6-1 6-7(3) 6-1,3,RR,136.0,3.0,2.0,80.0,49.0,36.0,19.0,14.0,3.0,5.0,4.0,1.0,75.0,47.0,30.0,9.0,12.0,5.0,11.0
2024-9900,United Cup,Hard,18,A,O,20240101,6,Z371,,,Zhizhen Zhang,R,193.0,CHN,27.209,58.0,885.0,L0BV,,,Jiri Lehecka,R,185.0,CZE,22.146,31.0,1372.0,5-7 6-3 6-4,3,RR,140.0,5.0,3.0,97.0,59.0,42.0,19.0,16.0,7.0,10.0,10.0,1.0,79.0,43.0,33.0,20.0,15.0,6.0,10.0
2024-9900,United Cup,Hard,18,A,O,20240101,7,Z355,,,Alexander Zverev,R,198.0,GER,26.7,7.0,3985.0,SU87,,,Lorenzo Sonego,R,191.0,ITA,28.643,46.0,990.0,6-7(5) 6-3 6-4,3,RR,172.0,7.0,1.0,87.0,64.0,52.0,17.0,16.0,0.0,0.0,7.0,2.0,111.0,70.0,50.0,20.0,15.0,9.0,11.0
2024-9900,United Cup,Hard,18,A,O,20240101,8,Z355,,,Alexander Zverev,R,198.0,GER,26.7,7.0,3985.0,ME82,,,Adrian Mannarino,L,180.0,FRA,35.507,22.0,1755.0,4-6 6-4 6-3,3,RR,145.0,11.0,1.0,91.0,67.0,47.0,16.0,15.0,4.0,5.0,6.0,2.0,81.0,51.0,40.0,15.0,14.0,0.0,2.0
2024-9900,United Cup,Hard,18,A,O,20240101,9,ME82,,,Adrian Mannarino,L,180.0,FRA,35.507,22.0,1755.0,SU87,,,Lorenzo Sonego,R,191.0,ITA,28.643,46.0,990.0,6-4 6-4,3,RR,109.0,2.0,1.0,62.0,44.0,32.0,13.0,10.0,0.0,0.0,2.0,1.0,62.0,40.0,27.0,11.0,10.0,2.0,4.0
2024-9900,United Cup,Hard,18,A,O,20240101,10,N771,,,Cameron Norrie,L,188.0,GBR,28.359,18.0,1940.0,DH58,,,Alex de Minaur,R,183.0,AUS,24.871,12.0,2740.0,6-4 2-6 7-6(2),3,RR,140.0,7.0,1.0,89.0,57.0,51.0,12.0,15.0,1.0,3.0,8.0,3.0,81.0,45.0,35.0,23.0,15.0,2.0,3.0
2024-9900,United Cup,Hard,18,A,O,20240101,11,DH58,,,Alex de Minaur,R,183.0,AUS,24.871,12.0,2740.0,FB98,,,Taylor Fritz,R,196.0,USA,26.177,10.0,3100.0,6-4 6-2,3,RR,89.0,3.0,3.0,57.0,36.0,28.0,12.0,9.0,3.0,3.0,10.0,1.0,59.0,36.0,26.0,9.0,9.0,4.0,7.0
2024-9900,United Cup,Hard,18,A,O,20240101,12,FB98,,,Taylor Fritz,R,196.0,USA,26.177,10.0,3100.0,N771,,,Cameron Norrie,L,188.0,GBR,28.359,18.0,1940.0,7-6(5) 6-4,3,RR,105.0,14.0,0.0,68.0,43.0,33.0,15.0,11.0,1.0,2.0,3.0,1.0,67.0,36.0,29.0,16.0,11.0,3.0,5.0
2024-9900,United Cup,Hard,18,A,O,20240101,13,J551,,,Nicolas Jarry,R,201.0,CHI,28.225,19.0,1810.0,D916,,,Steven Diez,R,175.0,CAN,32.794,314.0,170.0,7-5 6-4,3,RR,118.0,6.0,0.0,55.0,36.0,31.0,14.0,11.0,0.0,0.0,1.0,2.0,91.0,58.0,37.0,16.0,11.0,2.0,4.0
2024-9900,United Cup,Hard,18,A,O,20240101,14,J551,,,Nicolas Jarry,R,201.0,CHI,28.225,19.0,1810.0,S0KT,,,Stefanos Sakellaridis,R,198.0,GRE,19.299,416.0,113.0,6-3 3-6 7-5,3,RR,142.0,8.0,0.0,68.0,49.0,41.0,17.0,15.0,0.0,1.0,4.0,1.0,104.0,61.0,43.0,22.0,15.0,10.0,12.0
2024-9900,United Cup,Hard,18,A,O,20240101,15,TE51,,,Stefanos Tsitsipas,R,193.0,GRE,25.388,6.0,4235.0,D916,,,Steven Diez,R,175.0,CAN,32.794,314.0,170.0,6-2 6-3,3,RR,77.0,6.0,2.0,51.0,31.0,28.0,9.0,9.0,1.0,1.0,0.0,3.0,48.0,27.0,16.0,11.0,8.0,3.0,6.0
2024-9900,United Cup,Hard,18,A,O,20240101,16,DH50,,,Alejandro Davidovich Fokina,R,180.0,ESP,24.575,26.0,1495.0,SX91,,,Thiago Seyboth Wild,R,185.0,BRA,23.811,79.0,718.0,6-4 6-0,3,RR,88.0,4.0,2.0,53.0,38.0,30.0,8.0,8.0,0.0,0.0,4.0,1.0,50.0,27.0,16.0,10.0,8.0,3.0,7.0
2024-9900,United Cup,Hard,18,A,O,20240101,17,HB71,,,Hubert Hurkacz,R,196.0,POL,26.886,9.0,3245.0,SX91,,,Thiago Seyboth Wild,R,185.0,BRA,23.811,79.0,718.0,6-7(4) 6-2 6-3,3,RR,141.0,10.0,3.0,81.0,52.0,39.0,19.0,14.0,1.0,2.0,6.0,2.0,110.0,82.0,54.0,10.0,15.0,8.0,13.0
2024-9900,United Cup,Hard,18,A,O,20240101,18,DH50,,,Alejandro Davidovich Fokina,R,180.0,ESP,24.575,26.0,1495.0,HB71,,,Hubert Hurkacz,R,196.0,POL,26.886,9.0,3245.0,3-6 6-3 6-4,3,RR,121.0,1.0,2.0,83.0,49.0,30.0,25.0,14.0,3.0,5.0,9.0,3.0,80.0,60.0,41.0,9.0,14.0,3.0,6.0
2024-9900,United Cup,Hard,18,A,O,20240101,19,Z355,,,Alexander Zverev,R,198.0,GER,26.7,7.0,3985.0,TE51,,,Stefanos Tsitsipas,R,193.0,GRE,25.388,6.0,4235.0,6-4 6-4,3,QF,96.0,5.0,0.0,56.0,45.0,34.0,8.0,10.0,2.0,2.0,4.0,1.0,64.0,40.0,34.0,6.0,10.0,6.0,8.0
2024-9900,United Cup,Hard,18,A,O,20240101,20,DH58,,,Alex de Minaur,R,183.0,AUS,24.871,12.0,2740.0,D643,,,Novak Djokovic,R,188.0,SRB,36.613,1.0,11245.0,6-4 6-4,3,QF,93.0,7.0,2.0,49.0,34.0,33.0,8.0,10.0,0.0,0.0,4.0,1.0,68.0,43.0,30.0,11.0,10.0,3.0,5.0
2024-9900,United Cup,Hard,18,A,O,20240101,21,RH16,,,Casper Ruud,R,183.0,NOR,25.027,11.0,2825.0,ME82,,,Adrian Mannarino,L,180.0,FRA,35.507,22.0,1755.0,6-1 6-4,3,QF,76.0,10.0,1.0,50.0,33.0,29.0,9.0,9.0,0.0,0.0,4.0,1.0,49.0,33.0,20.0,7.0,8.0,2.0,5.0
2024-9900,United Cup,Hard,18,A,O,20240101,22,HB71,,,Hubert Hurkacz,R,196.0,POL,26.886,9.0,3245.0,Z371,,,Zhizhen Zhang,R,193.0,CHN,27.209,58.0,885.0,6-3 6-4,3,QF,82.0,10.0,0.0,65.0,48.0,36.0,9.0,10.0,1.0,1.0,3.0,2.0,55.0,29.0,21.0,14.0,9.0,2.0,4.0
2024-9900,United Cup,Hard,18,A,O,20240101,23,DH58,,,Alex de Minaur,R,183.0,AUS,24.871,12.0,2740.0,Z355,,,Alexander Zverev,R,198.0,GER,26.7,7.0,3985.0,5-7 6-3 6-4,3,SF,160.0,4.0,2.0,97.0,62.0,43.0,24.0,16.0,3.0,4.0,10.0,0.0,83.0,57.0,42.0,15.0,15.0,2.0,4.0
2024-9900,United Cup,Hard,18,A,O,20240101,24,HB71,,,Hubert Hurkacz,R,196.0,POL,26.886,9.0,3245.0,ME82,,,Adrian Mannarino,L,180.0,FRA,35.507,22.0,1755.0,6-3 7-5,3,SF,101.0,15.0,0.0,58.0,36.0,31.0,14.0,11.0,0.0,0.0,1.0,1.0,70.0,45.0,30.0,12.0,10.0,3.0,5.0
2024-9900,United Cup,Hard,18,A,O,20240101,25,Z355,,,Alexander Zverev,R,198.0,GER,26.7,7.0,3985.0,HB71,,,Hubert Hurkacz,R,196.0,POL,26.886,9.0,3245.0,6-7(3) 7-6(6) 6-4,3,F,179.0,8.0,1.0,96.0,72.0,62.0,14.0,17.0,0.0,0.0,19.0,1.0,119.0,70.0,54.0,27.0,17.0,6.0,7.0
2024-336,Hong Kong,Hard,32,250,O,20240101,1,RH24,,,Emil Ruusuvuori,R,188.0,FIN,24.75,69.0,771.0,BM95,,,Benjamin Bonzi,R,183.0,FRA,27.562,73.0,738.0,6-7(5) 6-2 6-1,3,R32,157.0,5.0,4.0,98.0,51.0,33.0,25.0,13.0,4.0,7.0,5.0,2.0,113.0,71.0,44.0,13.0,14.0,17.0,25.0
2024-336,Hong Kong,Hard,32,250,O,20240101,2,K09F,,,Pavel Kotov,R,191.0,RUS,25.12,67.0,791.0,BT72,,,Nuno Borges,R,185.0,POR,26.864,66.0,799.0,6-2 6-4,3,R32,88.0,4.0,2.0,57.0,45.0,33.0,6.0,9.0,2.0,3.0,4.0,2.0,65.0,34.0,20.0,15.0,9.0,2.0,6.0
2024-336,Hong Kong,Hard,32,250,O,20240101,3,M0EJ,6.0,,Lorenzo Musetti,R,185.0,ITA,21.832,27.0,1470.0,W0BH,,WC,Coleman Wong,R,191.0,HKG,19.57,253.0,238.0,6-4 7-5,3,R32,106.0,4.0,2.0,63.0,42.0,32.0,13.0,11.0,2.0,3.0,6.0,4.0,80.0,46.0,32.0,16.0,11.0,5.0,8.0
2024-336,Hong Kong,Hard,32,250,O,20240101,4,BD06,,,Roberto Bautista Agut,R,183.0,ESP,35.715,57.0,886.0,M0CI,,,Fabian Marozsan,R,193.0,HUN,24.233,64.0,805.0,6-2 6-3,3,R32,68.0,3.0,0.0,56.0,38.0,27.0,12.0,9.0,5.0,6.0,7.0,4.0,44.0,30.0,21.0,3.0,8.0,2.0,6.0
2024-336,Hong Kong,Hard,32,250,O,20240101,5,O513,,,Sebastian Ofner,R,191.0,AUT,27.639,43.0,1048.0,MK66,,,Mackenzie McDonald,R,178.0,USA,28.712,41.0,1055.0,6-1 6-2,3,R32,61.0,6.0,2.0,44.0,27.0,20.0,8.0,8.0,0.0,1.0,0.0,3.0,46.0,30.0,17.0,4.0,7.0,2.0,7.0
2024-336,Hong Kong,Hard,32,250,O,20240101,6,SL28,5.0,,Jan-Lennard Struff,R,193.0,GER,33.687,25.0,1522.0,C977,,PR,Marin Cilic,R,198.0,CRO,35.258,674.0,45.0,3-6 7-6(4) 7-6(7),3,R32,186.0,11.0,4.0,124.0,69.0,49.0,26.0,16.0,6.0,10.0,20.0,12.0,130.0,64.0,49.0,31.0,17.0,7.0,10.0
2024-336,Hong Kong,Hard,32,250,O,20240101,7,S0RE,,WC,Juncheng Shang,L,180.0,CHN,18.91,183.0,335.0,DB63,7.0,,Laslo Djere,R,188.0,SRB,28.583,33.0,1285.0,6-7(5) 6-3 7-6(8),3,R32,171.0,4.0,0.0,96.0,64.0,52.0,19.0,16.0,0.0,2.0,11.0,3.0,122.0,88.0,65.0,11.0,17.0,7.0,11.0
2024-336,Hong Kong,Hard,32,250,O,20240101,8,V812,,,Botic van de Zandschulp,R,191.0,NED,28.244,50.0,930.0,M0HU,,WC,Shintaro Mochizuki,R,175.0,JPN,20.583,137.0,457.0,7-5 6-1,3,R32,97.0,3.0,3.0,71.0,42.0,30.0,14.0,10.0,10.0,12.0,1.0,1.0,59.0,26.0,20.0,10.0,9.0,5.0,10.0
2024-336,Hong Kong,Hard,32,250,O,20240101,9,KI95,,,Miomir Kecmanovic,R,183.0,SRB,24.337,54.0,905.0,DA81,,Q,Taro Daniel,R,191.0,JPN,30.927,75.0,737.0,6-3 6-2,3,R32,70.0,5.0,1.0,46.0,32.0,25.0,10.0,9.0,1.0,2.0,2.0,1.0,59.0,39.0,24.0,6.0,8.0,3.0,7.0
2024-336,Hong Kong,Hard,32,250,O,20240101,10,F0F1,8.0,,Arthur Fils,R,185.0,FRA,19.554,36.0,1158.0,GH92,,,Borna Gojo,R,196.0,CRO,25.843,72.0,744.0,6-3 4-6 6-1,3,R32,108.0,2.0,2.0,79.0,48.0,38.0,16.0,13.0,7.0,8.0,9.0,2.0,76.0,47.0,35.0,11.0,13.0,2.0,6.0
2024-336,Hong Kong,Hard,32,250,O,20240101,11,HH06,,Q,Marc-Andrea Huesler,L,196.0,SUI,27.521,194.0,312.0,SS25,,Q,Vitaliy Sachko,R,188.0,UKR,26.467,169.0,360.0,6-4 6-4,3,R32,86.0,10.0,1.0,61.0,39.0,28.0,15.0,10.0,4.0,4.0,3.0,2.0,54.0,36.0,28.0,9.0,10.0,1.0,3.0
2024-336,Hong Kong,Hard,32,250,O,20240101,12,BI23,,Q,Liam Broady,L,183.0,GBR,29.99,108.0,608.0,CG04,,,Pedro Cachin,R,185.0,ARG,28.723,70.0,763.0,6-4 6-0,3,R32,69.0,2.0,2.0,46.0,29.0,21.0,11.0,8.0,2.0,3.0,1.0,1.0,42.0,30.0,13.0,5.0,8.0,2.0,7.0
2024-336,Hong Kong,Hard,32,250,O,20240101,13,RH24,,,Emil Ruusuvuori,R,188.0,FIN,24.75,69.0,771.0,KE29,2.0,,Karen Khachanov,R,198.0,RUS,27.614,15.0,2520.0,7-6(2) 2-6 6-2,3,R16,145.0,5.0,3.0,96.0,58.0,41.0,20.0,14.0,5.0,8.0,10.0,0.0,99.0,55.0,37.0,22.0,14.0,5.0,8.0
2024-336,Hong Kong,Hard,32,250,O,20240101,14,K09F,,,Pavel Kotov,R,191.0,RUS,25.12,67.0,791.0,M0EJ,6.0,,Lorenzo Musetti,R,185.0,ITA,21.832,27.0,1470.0,6-4 6-3,3,R16,101.0,2.0,4.0,71.0,48.0,38.0,8.0,9.0,4.0,4.0,1.0,0.0,59.0,43.0,29.0,7.0,10.0,1.0,4.0
2024-336,Hong Kong,Hard,32,250,O,20240101,15,BD06,,,Roberto Bautista Agut,R,183.0,ESP,35.715,57.0,886.0,C0AU,4.0,,Francisco Cerundolo,R,185.0,ARG,25.385,21.0,1760.0,7-5 6-3,3,R16,99.0,2.0,0.0,67.0,47.0,38.0,9.0,11.0,4.0,4.0,6.0,3.0,60.0,36.0,26.0,12.0,10.0,0.0,2.0
2024-336,Hong Kong,Hard,32,250,O,20240101,16,O513,,,Sebastian Ofner,R,191.0,AUT,27.639,43.0,1048.0,SL28,5.0,,Jan-Lennard Struff,R,193.0,GER,33.687,25.0,1522.0,6-7(4) 7-6(5) 7-6(2),3,R16,167.0,16.0,1.0,123.0,70.0,55.0,29.0,18.0,4.0,6.0,14.0,4.0,131.0,76.0,56.0,29.0,18.0,10.0,12.0
2024-336,Hong Kong,Hard,32,250,O,20240101,17,S0RE,,WC,Juncheng Shang,L,180.0,CHN,18.91,183.0,335.0,V812,,,Botic van de Zandschulp,R,191.0,NED,28.244,50.0,930.0,6-7(5) 7-6(2) 7-6(2),3,R16,212.0,2.0,6.0,129.0,70.0,51.0,31.0,18.0,5.0,8.0,13.0,1.0,116.0,72.0,50.0,25.0,18.0,4.0,7.0
2024-336,Hong Kong,Hard,32,250,O,20240101,18,TD51,3.0,,Frances Tiafoe,R,188.0,USA,25.947,16.0,2310.0,KI95,,,Miomir Kecmanovic,R,183.0,SRB,24.337,54.0,905.0,6-3 7-6(4),3,R16,92.0,8.0,1.0,69.0,42.0,37.0,14.0,11.0,3.0,3.0,3.0,1.0,70.0,39.0,28.0,18.0,10.0,2.0,3.0
2024-336,Hong Kong,Hard,32,250,O,20240101,19,F0F1,8.0,,Arthur Fils,R,185.0,FRA,19.554,36.0,1158.0,HH06,,Q,Marc-Andrea Huesler,L,196.0,SUI,27.521,194.0,312.0,7-5 7-5,3,R16,120.0,3.0,5.0,78.0,51.0,38.0,11.0,12.0,5.0,7.0,9.0,4.0,94.0,55.0,37.0,16.0,12.0,11.0,15.0
2024-336,Hong Kong,Hard,32,250,O,20240101,20,RE44,1.0,,Andrey Rublev,R,188.0,RUS,26.198,5.0,4805.0,BI23,,Q,Liam Broady,L,183.0,GBR,29.99,108.0,608.0,6-4 7-6(8),3,R16,110.0,10.0,3.0,69.0,38.0,31.0,18.0,11.0,1.0,3.0,4.0,2.0,91.0,62.0,43.0,10.0,11.0,7.0,10.0
2024-336,Hong Kong,Hard,32,250,O,20240101,21,RH24,,,Emil Ruusuvuori,R,188.0,FIN,24.75,69.0,771.0,K09F,,,Pavel Kotov,R,191.0,RUS,25.12,67.0,791.0,6-3 7-6(4),3,QF,108.0,5.0,0.0,76.0,44.0,33.0,19.0,11.0,5.0,6.0,3.0,2.0,63.0,45.0,30.0,10.0,10.0,1.0,3.0
2024-336,Hong Kong,Hard,32,250,O,20240101,22,O513,,,Sebastian Ofner,R,191.0,AUT,27.639,43.0,1048.0,BD06,,,Roberto Bautista Agut,R,183.0,ESP,35.715,57.0,886.0,6-4 6-4,3,QF,84.0,21.0,0.0,57.0,43.0,35.0,7.0,10.0,0.0,0.0,0.0,2.0,68.0,50.0,35.0,8.0,10.0,4.0,6.0
2024-336,Hong Kong,Hard,32,250,O,20240101,23,S0RE,,WC,Juncheng Shang,L,180.0,CHN,18.91,183.0,335.0,TD51,3.0,,Frances Tiafoe,R,188.0,USA,25.947,16.0,2310.0,6-4 6-4,3,QF,89.0,3.0,1.0,54.0,25.0,19.0,23.0,10.0,1.0,1.0,12.0,2.0,56.0,34.0,28.0,11.0,10.0,6.0,8.0
2024-336,Hong Kong,Hard,32,250,O,20240101,24,RE44,1.0,,Andrey Rublev,R,188.0,RUS,26.198,5.0,4805.0,F0F1,8.0,,Arthur Fils,R,185.0,FRA,19.554,36.0,1158.0,6-4 1-6 6-2,3,QF,112.0,8.0,0.0,65.0,41.0,31.0,15.0,12.0,4.0,6.0,12.0,7.0,92.0,53.0,38.0,15.0,13.0,7.0,10.0
2024-336,Hong Kong,Hard,32,250,O,20240101,25,RH24,,,Emil Ruusuvuori,R,188.0,FIN,24.75,69.0,771.0,O513,,,Sebastian Ofner,R,191.0,AUT,27.639,43.0,1048.0,4-6 7-5 6-3,3,SF,132.0,9.0,1.0,88.0,60.0,48.0,16.0,16.0,2.0,4.0,11.0,1.0,100.0,56.0,40.0,22.0,15.0,9.0,12.0
2024-336,Hong Kong,Hard,32,250,O,20240101,26,RE44,1.0,,Andrey Rublev,R,188.0,RUS,26.198,5.0,4805.0,S0RE,,WC,Juncheng Shang,L,180.0,CHN,18.91,183.0,335.0,4-6 6-2 6-3,3,SF,129.0,12.0,1.0,98.0,55.0,38.0,29.0,14.0,13.0,14.0,4.0,3.0,78.0,45.0,27.0,19.0,13.0,5.0,8.0
2024-336,Hong Kong,Hard,32,250,O,20240101,27,RE44,1.0,,Andrey Rublev,R,188.0,RUS,26.198,5.0,4805.0,RH24,,,Emil Ruusuvuori,R,188.0,FIN,24.75,69.0,771.0,6-4 6-4,3,F,77.0,5.0,0.0,58.0,40.0,29.0,14.0,10.0,1.0,1.0,5.0,4.0,62.0,39.0,26.0,12.0,10.0,5.0,7.0
2024-8998,Adelaide,Hard,32,250,O,20240108,1,A0FC,,,Matteo Arnaldi,R,185.0,ITA,22.875,41.0,1062.0,Z419,,LL,Bernabe Zapata Miralles,R,183.0,ESP,26.987,77.0,715.0,6-4 6-3,3,R32,101.0,1.0,4.0,59.0,26.0,17.0,22.0,10.0,0.0,2.0,1.0,1.0,71.0,49.0,25.0,11.0,9.0,6.0,10.0
2024-8998,Adelaide,Hard,32,250,O,20240108,2,L987,,,Dusan Lajovic,R,183.0,SRB,33.525,52.0,914.0,KD46,,WC,Thanasi Kokkinakis,R,193.0,AUS,27.745,68.0,792.0,3-6 6-1 6-4,3,R32,131.0,3.0,0.0,84.0,62.0,41.0,14.0,13.0,4.0,6.0,4.0,4.0,81.0,56.0,36.0,10.0,13.0,5.0,9.0
2024-8998,Adelaide,Hard,32,250,O,20240108,3,L0BV,7.0,,Jiri Lehecka,R,185.0,CZE,22.166,32.0,1337.0,W09E,,Q,Adam Walton,R,183.0,AUS,24.728,176.0,348.0,6-1 6-3,3,R32,70.0,9.0,3.0,51.0,25.0,21.0,14.0,8.0,4.0,4.0,4.0,0.0,51.0,35.0,23.0,3.0,8.0,5.0,9.0
2024-8998,Adelaide,Hard,32,250,O,20240108,4,SU87,,,Lorenzo Sonego,R,191.0,ITA,28.663,46.0,990.0,H997,,,Yannick Hanfmann,R,193.0,GER,32.153,49.0,929.0,7-5 2-6 7-6(9),3,R32,172.0,14.0,2.0,103.0,76.0,64.0,8.0,16.0,2.0,4.0,5.0,0.0,111.0,71.0,50.0,27.0,16.0,3.0,4.0
2024-8998,Adelaide,Hard,32,250,O,20240108,5,O483,,WC,Christopher O'Connell,R,183.0,AUS,29.599,71.0,780.0,RC91,,Q,Arthur Rinderknech,R,196.0,FRA,28.463,97.0,626.0,6-4 6-4,3,R32,87.0,9.0,2.0,50.0,31.0,29.0,10.0,10.0,0.0,1.0,10.0,2.0,69.0,49.0,34.0,6.0,10.0,2.0,5.0
2024-8998,Adelaide,Hard,32,250,O,20240108,6,S0H2,,,Alexander Shevchenko,R,188.0,KAZ,23.107,48.0,961.0,EA24,6.0,,Tomas Martin Etcheverry,R,196.0,ARG,24.476,30.0,1375.0,7-6(4) 4-6 7-5,3,R32,176.0,5.0,4.0,117.0,72.0,50.0,19.0,17.0,9.0,14.0,9.0,2.0,110.0,73.0,50.0,16.0,17.0,6.0,11.0
2024-8998,Adelaide,Hard,32,250,O,20240108,7,BK92,8.0,,Alexander Bublik,R,196.0,KAZ,26.56,31.0,1369.0,M0OQ,,LL,James McCabe,R,188.0,AUS,20.512,278.0,207.0,6-2 6-3,3,R32,77.0,2.0,5.0,48.0,29.0,25.0,8.0,8.0,2.0,3.0,1.0,1.0,56.0,29.0,12.0,16.0,9.0,1.0,6.0
2024-8998,Adelaide,Hard,32,250,O,20240108,8,E687,,,Daniel Evans,R,175.0,GBR,33.629,40.0,1096.0,H0BH,,WC,Rinky Hijikata,R,178.0,AUS,22.872,70.0,782.0,6-3 6-4,3,R32,98.0,5.0,2.0,57.0,36.0,31.0,12.0,10.0,2.0,2.0,4.0,5.0,69.0,41.0,27.0,13.0,9.0,9.0,11.0
2024-8998,Adelaide,Hard,32,250,O,20240108,9,TC61,,,Jordan Thompson,R,183.0,AUS,29.719,47.0,982.0,D0CG,,Q,Facundo Diaz Acosta,L,183.0,ARG,23.064,93.0,655.0,6-2 6-2,3,R32,84.0,1.0,0.0,42.0,26.0,22.0,11.0,8.0,3.0,3.0,2.0,4.0,56.0,35.0,16.0,13.0,8.0,4.0,8.0
2024-8998,Adelaide,Hard,32,250,O,20240108,10,D0CO,,,Jack Draper,L,193.0,GBR,22.045,62.0,836.0,B0BI,5.0,,Sebastian Baez,R,170.0,ARG,23.028,26.0,1435.0,6-1 6-3,3,R32,78.0,5.0,2.0,51.0,31.0,25.0,10.0,8.0,0.0,0.0,1.0,1.0,49.0,34.0,19.0,7.0,8.0,1.0,5.0
2024-8998,Adelaide,Hard,32,250,O,20240108,11,KI95,,,Miomir Kecmanovic,R,183.0,SRB,24.356,55.0,910.0,MK66,,,Mackenzie McDonald,R,178.0,USA,28.731,42.0,1055.0,6-4 6-2,3,R32,73.0,2.0,2.0,47.0,34.0,23.0,7.0,9.0,3.0,5.0,2.0,5.0,55.0,36.0,21.0,5.0,9.0,4.0,9.0
2024-8998,Adelaide,Hard,32,250,O,20240108,12,BI81,,Q,Alex Bolt,L,183.0,AUS,31.006,325.0,159.0,SX91,,LL,Thiago Seyboth Wild,R,185.0,BRA,23.83,78.0,714.0,6-3 6-2,3,R32,72.0,7.0,1.0,39.0,27.0,22.0,10.0,8.0,0.0,0.0,2.0,6.0,71.0,46.0,28.0,9.0,9.0,7.0,11.0
2024-8998,Adelaide,Hard,32,250,O,20240108,13,J551,2.0,,Nicolas Jarry,R,201.0,CHI,28.244,18.0,1830.0,A0FC,,,Matteo Arnaldi,R,185.0,ITA,22.875,41.0,1062.0,6-7(5) 7-6(7) 6-4,3,R16,207.0,9.0,3.0,124.0,81.0,62.0,19.0,17.0,5.0,8.0,17.0,5.0,121.0,74.0,57.0,21.0,17.0,6.0,10.0
2024-8998,Adelaide,Hard,32,250,O,20240108,14,L0BV,7.0,,Jiri Lehecka,R,185.0,CZE,22.166,32.0,1337.0,L987,,,Dusan Lajovic,R,183.0,SRB,33.525,52.0,914.0,7-5 4-6 6-3,3,R16,139.0,8.0,6.0,100.0,58.0,43.0,21.0,16.0,9.0,12.0,2.0,1.0,87.0,64.0,42.0,10.0,15.0,6.0,10.0
2024-8998,Adelaide,Hard,32,250,O,20240108,15,K0AH,3.0,,Sebastian Korda,R,196.0,USA,23.51,29.0,1380.0,SU87,,,Lorenzo Sonego,R,191.0,ITA,28.663,46.0,990.0,6-4 7-6(10),3,R16,104.0,6.0,3.0,65.0,35.0,32.0,15.0,11.0,3.0,5.0,4.0,2.0,74.0,52.0,34.0,11.0,11.0,1.0,4.0
2024-8998,Adelaide,Hard,32,250,O,20240108,16,O483,,WC,Christopher O'Connell,R,183.0,AUS,29.599,71.0,780.0,S0H2,,,Alexander Shevchenko,R,188.0,KAZ,23.107,48.0,961.0,6-3 6-1,3,R16,60.0,12.0,1.0,45.0,28.0,25.0,10.0,8.0,0.0,0.0,3.0,1.0,46.0,31.0,18.0,6.0,8.0,4.0,8.0
2024-8998,Adelaide,Hard,32,250,O,20240108,17,BK92,8.0,,Alexander Bublik,R,196.0,KAZ,26.56,31.0,1369.0,E687,,,Daniel Evans,R,175.0,GBR,33.629,40.0,1096.0,4-6 6-2 6-1,3,R16,122.0,21.0,13.0,85.0,49.0,40.0,14.0,13.0,8.0,10.0,2.0,4.0,68.0,39.0,23.0,13.0,12.0,2.0,7.0
2024-8998,Adelaide,Hard,32,250,O,20240108,18,M0EJ,4.0,,Lorenzo Musetti,R,185.0,ITA,21.851,25.0,1435.0,TC61,,,Jordan Thompson,R,183.0,AUS,29.719,47.0,982.0,6-4 6-1,3,R16,85.0,3.0,0.0,33.0,24.0,23.0,9.0,8.0,0.0,0.0,5.0,0.0,66.0,36.0,20.0,14.0,9.0,3.0,7.0
2024-8998,Adelaide,Hard,32,250,O,20240108,19,D0CO,,,Jack Draper,L,193.0,GBR,22.045,62.0,836.0,KI95,,,Miomir Kecmanovic,R,183.0,SRB,24.356,55.0,910.0,5-7 7-6(9) 7-6(7),3,R16,219.0,12.0,4.0,137.0,76.0,57.0,30.0,18.0,9.0,12.0,12.0,5.0,122.0,69.0,47.0,32.0,18.0,1.0,3.0
2024-8998,Adelaide,Hard,32,250,O,20240108,20,PL56,1.0,,Tommy Paul,R,185.0,USA,26.645,14.0,2665.0,BI81,,Q,Alex Bolt,L,183.0,AUS,31.006,325.0,159.0,6-3 6-2,3,R16,69.0,11.0,0.0,51.0,31.0,25.0,15.0,9.0,2.0,2.0,5.0,0.0,53.0,35.0,22.0,7.0,8.0,2.0,5.0
2024-8998,Adelaide,Hard,32,250,O,20240108,21,L0BV,7.0,,Jiri Lehecka,R,185.0,CZE,22.166,32.0,1337.0,J551,2.0,,Nicolas Jarry,R,201.0,CHI,28.244,18.0,1830.0,6-4 7-5,3,QF,100.0,9.0,0.0,58.0,39.0,31.0,11.0,11.0,0.0,1.0,9.0,3.0,77.0,52.0,33.0,10.0,11.0,4.0,7.0
2024-8998,Adelaide,Hard,32,250,O,20240108,22,K0AH,3.0,,Sebastian Korda,R,196.0,USA,23.51,29.0,1380.0,O483,,WC,Christopher O'Connell,R,183.0,AUS,29.599,71.0,780.0,6-4 6-4,3,QF,89.0,10.0,1.0,64.0,38.0,31.0,16.0,10.0,3.0,3.0,5.0,4.0,66.0,43.0,30.0,11.0,10.0,5.0,7.0
2024-8998,Adelaide,Hard,32,250,O,20240108,23,BK92,8.0,,Alexander Bublik,R,196.0,KAZ,26.56,31.0,1369.0,M0EJ,4.0,,Lorenzo Musetti,R,185.0,ITA,21.851,25.0,1435.0,6-3 6-7(4) 7-5,3,QF,158.0,17.0,11.0,102.0,57.0,53.0,14.0,17.0,5.0,8.0,3.0,2.0,115.0,73.0,45.0,22.0,16.0,9.0,14.0
2024-8998,Adelaide,Hard,32,250,O,20240108,24,D0CO,,,Jack Draper,L,193.0,GBR,22.045,62.0,836.0,PL56,1.0,,Tommy Paul,R,185.0,USA,26.645,14.0,2665.0,6-1 6-4,3,QF,80.0,3.0,2.0,47.0,24.0,22.0,13.0,8.0,1.0,1.0,2.0,1.0,54.0,37.0,21.0,8.0,9.0,3.0,7.0
2024-8998,Adelaide,Hard,32,250,O,20240108,25,L0BV,7.0,,Jiri Lehecka,R,185.0,CZE,22.166,32.0,1337.0,K0AH,3.0,,Sebastian Korda,R,196.0,USA,23.51,29.0,1380.0,6-2 6-1,3,SF,72.0,7.0,1.0,58.0,39.0,30.0,11.0,8.0,3.0,3.0,0.0,2.0,56.0,33.0,18.0,9.0,7.0,10.0,14.0
2024-8998,Adelaide,Hard,32,250,O,20240108,26,D0CO,,,Jack Draper,L,193.0,GBR,22.045,62.0,836.0,BK92,8.0,,Alexander Bublik,R,196.0,KAZ,26.56,31.0,1369.0,7-6(2) 6-4,3,SF,96.0,8.0,0.0,59.0,35.0,28.0,16.0,11.0,1.0,3.0,7.0,9.0,74.0,45.0,36.0,7.0,11.0,1.0,4.0
2024-8998,Adelaide,Hard,32,250,O,20240108,27,L0BV,7.0,,Jiri Lehecka,R,185.0,CZE,22.166,32.0,1337.0,D0CO,,,Jack Draper,L,193.0,GBR,22.045,62.0,836.0,4-6 6-4 6-3,3,F,128.0,8.0,1.0,92.0,60.0,45.0,18.0,15.0,8.0,9.0,7.0,2.0,80.0,48.0,35.0,19.0,14.0,3.0,5.0
2024-301,Auckland,Hard,32,250,O,20240108,1,V0DZ,,Q,Luca Van Assche,R,178.0,FRA,19.661,87.0,687.0,W09G,,,J.J. Wolf,R,183.0,USA,25.049,54.0,910.0,6-4 6-2,3,R32,93.0,6.0,2.0,63.0,38.0,31.0,13.0,9.0,1.0,1.0,5.0,5.0,58.0,28.0,17.0,16.0,9.0,3.0,6.0
2024-301,Auckland,Hard,32,250,O,20240108,2,TE30,,Q,Alejandro Tabilo,L,188.0,CHI,26.601,82.0,707.0,GH92,,,Borna Gojo,R,196.0,CRO,25.862,91.0,664.0,1-6 6-3 6-2,3,R32,91.0,10.0,0.0,64.0,44.0,33.0,13.0,12.0,2.0,4.0,13.0,6.0,76.0,46.0,28.0,18.0,12.0,0.0,3.0
2024-301,Auckland,Hard,32,250,O,20240108,3,V812,,,Botic van de Zandschulp,R,191.0,NED,28.263,59.0,865.0,E865,5.0,,Christopher Eubanks,R,201.0,USA,27.677,34.0,1235.0,7-6(5) 6-2,3,R32,96.0,6.0,2.0,55.0,28.0,25.0,20.0,10.0,1.0,1.0,5.0,1.0,77.0,56.0,35.0,10.0,10.0,4.0,6.0
2024-301,Auckland,Hard,32,250,O,20240108,4,AE14,,,Daniel Altmaier,R,188.0,GER,25.322,57.0,906.0,GC88,,,Marcos Giron,R,180.0,USA,30.459,60.0,860.0,7-6(5) 6-2,3,R32,92.0,5.0,1.0,60.0,35.0,25.0,14.0,10.0,3.0,5.0,1.0,2.0,58.0,32.0,18.0,14.0,10.0,3.0,7.0
2024-301,Auckland,Hard,32,250,O,20240108,5,BT72,,,Nuno Borges,R,185.0,POR,26.883,66.0,799.0,M0QI,,Q,Alex Michelsen,R,193.0,USA,19.37,92.0,659.0,0-6 7-6(6) 6-3,3,R32,118.0,12.0,1.0,85.0,59.0,41.0,16.0,14.0,3.0,7.0,6.0,0.0,83.0,60.0,47.0,11.0,13.0,2.0,4.0
2024-301,Auckland,Hard,32,250,O,20240108,6,F0F1,6.0,,Arthur Fils,R,185.0,FRA,19.573,35.0,1208.0,G628,,WC,Richard Gasquet,R,183.0,FRA,37.558,76.0,735.0,6-3 6-4,3,R32,69.0,9.0,2.0,60.0,42.0,33.0,12.0,10.0,1.0,1.0,2.0,0.0,46.0,26.0,22.0,10.0,9.0,4.0,6.0
2024-301,Auckland,Hard,32,250,O,20240108,7,PH71,8.0,,Max Purcell,R,185.0,AUS,25.766,45.0,1006.0,P0ED,,WC,Kiranpal Pannu,R,185.0,NZL,27.001,716.0,37.0,6-4 6-4,3,R32,87.0,10.0,0.0,51.0,31.0,29.0,13.0,10.0,2.0,2.0,2.0,4.0,60.0,40.0,33.0,7.0,10.0,2.0,4.0
2024-301,Auckland,Hard,32,250,O,20240108,8,DA81,,,Taro Daniel,R,191.0,JPN,30.946,74.0,739.0,V832,,,Aleksandar Vukic,R,188.0,AUS,27.756,63.0,835.0,7-5 7-5,3,R32,99.0,6.0,5.0,78.0,49.0,38.0,10.0,12.0,5.0,7.0,4.0,1.0,65.0,35.0,25.0,16.0,12.0,3.0,7.0
2024-301,Auckland,Hard,32,250,O,20240108,9,MP20,,Q,Alexandre Muller,R,183.0,FRA,26.932,79.0,711.0,BM95,,,Benjamin Bonzi,R,183.0,FRA,27.581,110.0,588.0,6-3 7-5,3,R32,98.0,8.0,1.0,62.0,43.0,31.0,13.0,11.0,5.0,7.0,6.0,4.0,73.0,42.0,23.0,16.0,10.0,6.0,10.0
2024-301,Auckland,Hard,32,250,O,20240108,10,O513,7.0,,Sebastian Ofner,R,191.0,AUT,27.658,37.0,1132.0,SU55,,WC,Denis Shapovalov,L,185.0,CAN,24.734,116.0,560.0,6-4 6-2,3,R32,68.0,5.0,1.0,49.0,32.0,27.0,10.0,9.0,2.0,2.0,0.0,11.0,55.0,27.0,20.0,11.0,9.0,0.0,3.0
2024-301,Auckland,Hard,32,250,O,20240108,11,CF59,,,Roberto Carballes Baena,R,183.0,ESP,30.795,67.0,796.0,BD06,,,Roberto Bautista Agut,R,183.0,ESP,35.734,51.0,916.0,6-4 6-3,3,R32,104.0,3.0,4.0,54.0,34.0,25.0,8.0,9.0,1.0,3.0,3.0,3.0,73.0,50.0,31.0,5.0,10.0,10.0,15.0
2024-301,Auckland,Hard,32,250,O,20240108,12,M0CI,,,Fabian Marozsan,R,193.0,HUN,24.252,65.0,805.0,MC65,,,Gael Monfils,R,193.0,FRA,37.352,75.0,737.0,6-4 6-7(6) 7-6(4),3,R32,155.0,5.0,1.0,122.0,86.0,63.0,23.0,17.0,7.0,8.0,16.0,1.0,120.0,79.0,59.0,25.0,17.0,3.0,5.0
2024-301,Auckland,Hard,32,250,O,20240108,13,N771,2.0,,Cameron Norrie,L,188.0,GBR,28.378,19.0,1810.0,V0DZ,,Q,Luca Van Assche,R,178.0,FRA,19.661,87.0,687.0,6-3 6-7(6) 6-1,3,R16,148.0,12.0,1.0,100.0,61.0,45.0,24.0,15.0,5.0,6.0,10.0,1.0,90.0,53.0,34.0,21.0,13.0,5.0,9.0
2024-301,Auckland,Hard,32,250,O,20240108,14,TE30,,Q,Alejandro Tabilo,L,188.0,CHI,26.601,82.0,707.0,V812,,,Botic van de Zandschulp,R,191.0,NED,28.263,59.0,865.0,7-5 6-3,3,R16,82.0,2.0,1.0,57.0,36.0,32.0,9.0,11.0,0.0,2.0,3.0,5.0,54.0,33.0,22.0,10.0,10.0,3.0,7.0
2024-301,Auckland,Hard,32,250,O,20240108,15,AE14,,,Daniel Altmaier,R,188.0,GER,25.322,57.0,906.0,AG37,4.0,,Felix Auger-Aliassime,R,193.0,CAN,23.417,27.0,1425.0,7-6(9) 7-5,3,R16,154.0,5.0,4.0,92.0,60.0,44.0,17.0,12.0,8.0,9.0,9.0,2.0,87.0,57.0,37.0,17.0,12.0,4.0,6.0
2024-301,Auckland,Hard,32,250,O,20240108,16,F0F1,6.0,,Arthur Fils,R,185.0,FRA,19.573,35.0,1208.0,BT72,,,Nuno Borges,R,185.0,POR,26.883,66.0,799.0,6-2 6-0,3,R16,51.0,5.0,1.0,34.0,24.0,21.0,7.0,7.0,0.0,0.0,1.0,0.0,39.0,24.0,12.0,5.0,7.0,2.0,7.0
2024-301,Auckland,Hard,32,250,O,20240108,17,DA81,,,Taro Daniel,R,191.0,JPN,30.946,74.0,739.0,PH71,8.0,,Max Purcell,R,185.0,AUS,25.766,45.0,1006.0,6-2 6-4,3,R16,75.0,7.0,0.0,48.0,33.0,30.0,9.0,9.0,3.0,3.0,5.0,0.0,60.0,39.0,24.0,12.0,9.0,1.0,4.0
2024-301,Auckland,Hard,32,250,O,20240108,18,MP20,,Q,Alexandre Muller,R,183.0,FRA,26.932,79.0,711.0,C0AU,3.0,,Francisco Cerundolo,R,185.0,ARG,25.405,22.0,1760.0,6-1 6-1,3,R16,66.0,2.0,0.0,46.0,29.0,18.0,10.0,7.0,0.0,2.0,2.0,3.0,45.0,21.0,7.0,6.0,7.0,4.0,11.0
2024-301,Auckland,Hard,32,250,O,20240108,19,CF59,,,Roberto Carballes Baena,R,183.0,ESP,30.795,67.0,796.0,O513,7.0,,Sebastian Ofner,R,191.0,AUT,27.658,37.0,1132.0,7-5 6-3,3,R16,101.0,3.0,2.0,67.0,31.0,26.0,23.0,11.0,2.0,2.0,9.0,1.0,64.0,32.0,27.0,15.0,10.0,2.0,4.0
2024-301,Auckland,Hard,32,250,O,20240108,20,S0S1,1.0,,Ben Shelton,L,193.0,USA,21.248,16.0,2145.0,M0CI,,,Fabian Marozsan,R,193.0,HUN,24.252,65.0,805.0,6-3 6-4,3,R16,71.0,10.0,3.0,59.0,40.0,32.0,9.0,10.0,2.0,3.0,1.0,4.0,49.0,32.0,24.0,8.0,9.0,5.0,8.0
2024-301,Auckland,Hard,32,250,O,20240108,21,TE30,,Q,Alejandro Tabilo,L,188.0,CHI,26.601,82.0,707.0,N771,2.0,,Cameron Norrie,L,188.0,GBR,28.378,19.0,1810.0,W/O,3,QF,0.0,,,,,,,,,,,,,,,,,,
2024-301,Auckland,Hard,32,250,O,20240108,22,F0F1,6.0,,Arthur Fils,R,185.0,FRA,19.573,35.0,1208.0,AE14,,,Daniel Altmaier,R,188.0,GER,25.322,57.0,906.0,7-6(2) 1-0 RET,3,QF,74.0,0.0,0.0,41.0,27.0,21.0,11.0,6.0,0.0,0.0,2.0,1.0,46.0,24.0,16.0,15.0,7.0,1.0,2.0
2024-301,Auckland,Hard,32,250,O,20240108,23,DA81,,,Taro Daniel,R,191.0,JPN,30.946,74.0,739.0,MP20,,Q,Alexandre Muller,R,183.0,FRA,26.932,79.0,711.0,6-4 6-7(3) 6-3,3,QF,159.0,9.0,5.0,111.0,66.0,48.0,23.0,16.0,8.0,10.0,4.0,3.0,93.0,51.0,34.0,22.0,15.0,1.0,5.0
2024-301,Auckland,Hard,32,250,O,20240108,24,S0S1,1.0,,Ben Shelton,L,193.0,USA,21.248,16.0,2145.0,CF59,,,Roberto Carballes Baena,R,183.0,ESP,30.795,67.0,796.0,6-4 6-3,3,QF,100.0,7.0,3.0,71.0,42.0,31.0,15.0,10.0,7.0,8.0,1.0,1.0,55.0,32.0,22.0,11.0,9.0,4.0,7.0
2024-301,Auckland,Hard,32,250,O,20240108,25,TE30,,Q,Alejandro Tabilo,L,188.0,CHI,26.601,82.0,707.0,F0F1,6.0,,Arthur Fils,R,185.0,FRA,19.573,35.0,1208.0,6-2 7-5,3,SF,108.0,7.0,1.0,80.0,49.0,34.0,17.0,10.0,6.0,7.0,5.0,7.0,64.0,36.0,20.0,14.0,10.0,4.0,8.0
2024-301,Auckland,Hard,32,250,O,20240108,26,DA81,,,Taro Daniel,R,191.0,JPN,30.946,74.0,739.0,S0S1,1.0,,Ben Shelton,L,193.0,USA,21.248,16.0,2145.0,7-5 7-6(9),3,SF,120.0,3.0,2.0,87.0,53.0,43.0,21.0,12.0,3.0,3.0,9.0,3.0,84.0,57.0,44.0,15.0,12.0,1.0,2.0
2024-301,Auckland,Hard,32,250,O,20240108,27,TE30,,Q,Alejandro Tabilo,L,188.0,CHI,26.601,82.0,707.0,DA81,,,Taro Daniel,R,191.0,JPN,30.946,74.0,739.0,6-2 7-5,3,F,96.0,10.0,2.0,73.0,45.0,32.0,16.0,10.0,3.0,3.0,2.0,2.0,57.0,31.0,24.0,9.0,10.0,2.0,5.0
2024-580,Australian Open,Hard,128,G,O,20240115,1,D643,1.0,,Novak Djokovic,R,188.0,SRB,36.652,1.0,11055.0,P0HW,,Q,Dino Prizmic,R,188.0,CRO,18.445,187.0,321.0,6-2 6-7(5) 6-3 6-4,5,R128,241.0,11.0,1.0,129.0,77.0,51.0,32.0,20.0,5.0,9.0,7.0,7.0,123.0,84.0,55.0,12.0,19.0,9.0,17.0
2024-580,Australian Open,Hard,128,G,O,20240115,2,P09Z,,,Alexei Popyrin,R,196.0,AUS,24.446,43.0,1052.0,PG94,,WC,Marc Polmans,R,188.0,AUS,26.705,154.0,406.0,6-3 7-6(3) 6-2,5,R128,148.0,20.0,3.0,87.0,63.0,51.0,15.0,15.0,3.0,3.0,11.0,5.0,113.0,77.0,51.0,15.0,14.0,7.0,11.0
2024-580,Australian Open,Hard,128,G,O,20240115,3,MC65,,,Gael Monfils,R,193.0,FRA,37.372,76.0,737.0,H997,,,Yannick Hanfmann,R,193.0,GER,32.172,52.0,929.0,6-4 6-3 7-5,5,R128,139.0,16.0,5.0,94.0,49.0,36.0,29.0,16.0,4.0,5.0,6.0,4.0,108.0,70.0,45.0,18.0,15.0,8.0,12.0
2024-580,Australian Open,Hard,128,G,O,20240115,4,EA24,30.0,,Tomas Martin Etcheverry,R,196.0,ARG,24.496,32.0,1375.0,MC10,,,Andy Murray,R,191.0,GBR,36.671,44.0,1050.0,6-4 6-2 6-2,5,R128,143.0,11.0,0.0,80.0,57.0,43.0,14.0,13.0,4.0,5.0,6.0,2.0,82.0,43.0,31.0,13.0,13.0,8.0,14.0
2024-580,Australian Open,Hard,128,G,O,20240115,5,ME82,20.0,,Adrian Mannarino,L,180.0,FRA,35.546,19.0,1765.0,W367,,,Stan Wawrinka,R,183.0,SUI,38.801,56.0,907.0,6-4 3-6 5-7 6-3 6-0,5,R128,216.0,13.0,6.0,131.0,76.0,62.0,27.0,23.0,6.0,10.0,14.0,0.0,138.0,70.0,52.0,30.0,23.0,6.0,13.0
2024-580,Australian Open,Hard,128,G,O,20240115,6,MU94,,,Jaume Munar,R,183.0,ESP,26.697,82.0,706.0,S0H2,,,Alexander Shevchenko,R,188.0,KAZ,23.127,48.0,975.0,6-3 6-3 6-1,5,R128,115.0,8.0,3.0,70.0,49.0,40.0,11.0,13.0,3.0,4.0,3.0,5.0,91.0,49.0,31.0,15.0,12.0,9.0,15.0
2024-580,Australian Open,Hard,128,G,O,20240115,7,O483,,,Christopher O'Connell,R,183.0,AUS,29.618,68.0,814.0,GD64,,,Cristian Garin,R,185.0,CHI,27.628,86.0,680.0,3-6 7-5 4-6 6-1 7-5,5,R128,261.0,18.0,5.0,173.0,97.0,73.0,33.0,25.0,12.0,17.0,13.0,10.0,148.0,82.0,55.0,32.0,25.0,4.0,11.0
2024-580,Australian Open,Hard,128,G,O,20240115,8,S0S1,16.0,,Ben Shelton,L,193.0,USA,21.268,16.0,2225.0,BD06,,,Roberto Bautista Agut,R,183.0,ESP,35.754,72.0,776.0,6-2 7-6(2) 7-5,5,R128,166.0,14.0,2.0,103.0,70.0,55.0,13.0,16.0,9.0,11.0,1.0,2.0,114.0,87.0,50.0,13.0,16.0,1.0,6.0
2024-580,Australian Open,Hard,128,G,O,20240115,9,FB98,12.0,,Taylor Fritz,R,196.0,USA,26.215,12.0,2840.0,D0CG,,,Facundo Diaz Acosta,L,183.0,ARG,23.083,90.0,661.0,4-6 6-3 3-6 6-2 6-4,5,R128,243.0,8.0,1.0,150.0,98.0,65.0,27.0,23.0,12.0,17.0,4.0,7.0,157.0,99.0,65.0,25.0,23.0,9.0,16.0
2024-580,Australian Open,Hard,128,G,O,20240115,10,G09O,,LL,Hugo Gaston,L,173.0,FRA,23.302,97.0,626.0,CF59,,,Roberto Carballes Baena,R,183.0,ESP,30.815,63.0,846.0,6-3 6-2 3-6 6-4,5,R128,174.0,8.0,3.0,108.0,68.0,44.0,28.0,18.0,6.0,8.0,8.0,3.0,133.0,83.0,55.0,21.0,18.0,11.0,16.0
2024-580,Australian Open,Hard,128,G,O,20240115,11,M0CI,,,Fabian Marozsan,R,193.0,HUN,24.271,67.0,823.0,C977,,,Marin Cilic,R,198.0,CRO,35.296,674.0,45.0,6-1 2-6 6-2 7-5,5,R128,151.0,10.0,3.0,91.0,59.0,47.0,19.0,18.0,0.0,2.0,16.0,6.0,125.0,65.0,46.0,25.0,17.0,11.0,17.0
2024-580,Australian Open,Hard,128,G,O,20240115,12,C0AU,22.0,,Francisco Cerundolo,R,185.0,ARG,25.424,21.0,1760.0,S0IA,,Q,Dane Sweeny,R,170.0,AUS,22.921,257.0,228.0,3-6 6-3 6-4 2-6 6-2,5,R128,203.0,9.0,3.0,137.0,91.0,64.0,27.0,22.0,6.0,10.0,1.0,7.0,135.0,78.0,50.0,34.0,22.0,8.0,13.0
2024-580,Australian Open,Hard,128,G,O,20240115,13,M0EJ,25.0,,Lorenzo Musetti,R,185.0,ITA,21.87,28.0,1440.0,BM95,,,Benjamin Bonzi,R,183.0,FRA,27.6,106.0,588.0,7-6(3) 7-6(4) 4-6 6-2,5,R128,214.0,7.0,4.0,149.0,89.0,62.0,31.0,21.0,3.0,7.0,6.0,4.0,127.0,79.0,56.0,26.0,21.0,5.0,10.0
2024-580,Australian Open,Hard,128,G,O,20240115,14,V0DZ,,,Luca Van Assche,R,178.0,FRA,19.68,79.0,715.0,D994,,WC,James Duckworth,R,183.0,AUS,31.984,95.0,628.0,6-7(2) 6-3 3-6 6-3 6-3,5,R128,212.0,11.0,6.0,134.0,67.0,59.0,39.0,24.0,0.0,2.0,21.0,3.0,157.0,95.0,73.0,29.0,24.0,8.0,13.0
2024-580,Australian Open,Hard,128,G,O,20240115,15,TC61,,,Jordan Thompson,R,183.0,AUS,29.739,47.0,982.0,V832,,,Aleksandar Vukic,R,188.0,AUS,27.775,64.0,835.0,3-6 7-6(3) 6-2 3-6 6-4,5,R128,248.0,18.0,3.0,151.0,91.0,70.0,32.0,24.0,12.0,15.0,14.0,2.0,158.0,93.0,66.0,39.0,24.0,8.0,12.0
2024-580,Australian Open,Hard,128,G,O,20240115,16,TE51,7.0,,Stefanos Tsitsipas,R,193.0,GRE,25.426,7.0,4025.0,BU13,,LL,Zizou Bergs,R,185.0,BEL,24.619,129.0,508.0,5-7 6-1 6-1 6-3,5,R128,179.0,10.0,6.0,116.0,66.0,48.0,27.0,18.0,3.0,5.0,6.0,3.0,113.0,57.0,36.0,28.0,17.0,9.0,16.0
2024-580,Australian Open,Hard,128,G,O,20240115,17,S0AG,4.0,,Jannik Sinner,R,191.0,ITA,22.415,4.0,6490.0,V812,,,Botic van de Zandschulp,R,191.0,NED,28.282,59.0,890.0,6-4 7-5 6-3,5,R128,154.0,7.0,2.0,88.0,51.0,35.0,24.0,16.0,5.0,6.0,8.0,2.0,107.0,69.0,45.0,15.0,15.0,10.0,15.0
2024-580,Australian Open,Hard,128,G,O,20240115,18,D0C1,,Q,Jesper de Jong,R,180.0,NED,23.625,161.0,393.0,CG04,,,Pedro Cachin,R,185.0,ARG,28.761,74.0,763.0,4-6 6-2 6-3 6-4,5,R128,153.0,11.0,2.0,112.0,75.0,56.0,23.0,19.0,4.0,6.0,7.0,3.0,105.0,66.0,45.0,19.0,18.0,3.0,8.0
2024-580,Australian Open,Hard,128,G,O,20240115,19,GE33,,,Daniel Elahi Galan,R,191.0,COL,27.576,87.0,676.0,KB95,,WC,Jason Kubler,R,178.0,AUS,30.658,113.0,561.0,2-6 6-3 7-6(3) 4-6 7-6(8),5,R128,299.0,16.0,2.0,202.0,137.0,90.0,28.0,26.0,17.0,25.0,11.0,4.0,175.0,109.0,71.0,33.0,25.0,7.0,13.0
2024-580,Australian Open,Hard,128,G,O,20240115,20,B0BI,26.0,,Sebastian Baez,R,170.0,ARG,23.047,29.0,1435.0,W09G,,,J.J. Wolf,R,183.0,USA,25.068,57.0,900.0,3-6 6-2 6-3 3-0 RET,5,R128,133.0,6.0,2.0,90.0,66.0,42.0,15.0,15.0,8.0,11.0,13.0,5.0,98.0,57.0,34.0,17.0,14.0,7.0,14.0
2024-580,Australian Open,Hard,128,G,O,20240115,21,TD51,17.0,,Frances Tiafoe,R,188.0,USA,25.985,17.0,2100.0,CG80,,,Borna Coric,R,188.0,CRO,27.168,40.0,1100.0,6-3 7-6(7) 2-6 6-3,5,R128,208.0,15.0,8.0,163.0,97.0,71.0,29.0,19.0,10.0,14.0,12.0,2.0,118.0,80.0,56.0,19.0,19.0,5.0,9.0
2024-580,Australian Open,Hard,128,G,O,20240115,22,M0FH,,,Tomas Machac,R,183.0,CZE,23.255,75.0,748.0,M0HU,,LL,Shintaro Mochizuki,R,175.0,JPN,20.621,136.0,457.0,7-5 6-1 7-5,5,R128,150.0,4.0,0.0,103.0,72.0,56.0,13.0,16.0,6.0,7.0,4.0,4.0,104.0,56.0,40.0,19.0,15.0,7.0,12.0
2024-580,Australian Open,Hard,128,G,O,20240115,23,K0AZ,,Q,Aleksandar Kovacevic,R,183.0,USA,25.38,101.0,611.0,TE30,,,Alejandro Tabilo,L,188.0,CHI,26.62,49.0,970.0,6-7(2) 7-6(7) 1-6 6-1 6-3,5,R128,202.0,23.0,8.0,162.0,101.0,76.0,34.0,24.0,11.0,13.0,34.0,6.0,143.0,89.0,73.0,26.0,23.0,2.0,6.0
2024-580,Australian Open,Hard,128,G,O,20240115,24,KE29,15.0,,Karen Khachanov,R,198.0,RUS,27.652,15.0,2430.0,AE14,,,Daniel Altmaier,R,188.0,GER,25.342,50.0,946.0,5-7 6-3 7-6(5) 7-6(3),5,R128,242.0,15.0,4.0,147.0,85.0,65.0,33.0,23.0,7.0,11.0,10.0,3.0,145.0,90.0,68.0,26.0,22.0,8.0,12.0
2024-580,Australian Open,Hard,128,G,O,20240115,25,DH58,10.0,,Alex de Minaur,R,183.0,AUS,24.909,10.0,2950.0,R975,,,Milos Raonic,R,196.0,CAN,33.051,319.0,165.0,6-7(6) 6-3 2-0 RET,5,R128,115.0,10.0,1.0,80.0,41.0,35.0,24.0,12.0,4.0,4.0,12.0,1.0,70.0,40.0,30.0,18.0,11.0,1.0,3.0
2024-580,Australian Open,Hard,128,G,O,20240115,26,A0FC,,,Matteo Arnaldi,R,185.0,ITA,22.894,41.0,1077.0,W09E,,WC,Adam Walton,R,183.0,AUS,24.747,174.0,354.0,7-6(5) 6-2 6-4,5,R128,156.0,16.0,1.0,114.0,72.0,52.0,21.0,15.0,9.0,11.0,1.0,0.0,92.0,59.0,40.0,15.0,15.0,8.0,13.0
2024-580,Australian Open,Hard,128,G,O,20240115,27,K09F,,,Pavel Kotov,R,191.0,RUS,25.158,65.0,835.0,RC91,,,Arthur Rinderknech,R,196.0,FRA,28.482,94.0,629.0,7-5 6-1 6-7(6) 6-7(5) 6-3,5,R128,282.0,9.0,4.0,176.0,124.0,92.0,29.0,26.0,9.0,10.0,18.0,6.0,183.0,114.0,85.0,29.0,26.0,10.0,16.0
2024-580,Australian Open,Hard,128,G,O,20240115,28,C0E9,,Q,Flavio Cobolli,R,183.0,ITA,21.695,100.0,617.0,J551,18.0,,Nicolas Jarry,R,201.0,CHI,28.263,18.0,1870.0,6-4 3-6 6-3 2-6 7-5,5,R128,241.0,14.0,4.0,134.0,73.0,53.0,32.0,24.0,3.0,9.0,8.0,2.0,140.0,89.0,65.0,23.0,24.0,9.0,15.0
2024-580,Australian Open,Hard,128,G,O,20240115,29,K0AH,29.0,,Sebastian Korda,R,196.0,USA,23.529,26.0,1480.0,KI82,,Q,Vit Kopriva,R,178.0,CZE,26.585,132.0,498.0,6-1 6-4 2-6 4-6 6-2,5,R128,185.0,12.0,5.0,116.0,70.0,52.0,23.0,22.0,2.0,8.0,13.0,11.0,150.0,85.0,61.0,20.0,21.0,10.0,18.0
2024-580,Australian Open,Hard,128,G,O,20240115,30,HB64,,,Quentin Halys,R,191.0,FRA,27.22,110.0,575.0,HG86,,Q,Lloyd Harris,R,193.0,RSA,26.888,167.0,371.0,4-6 7-6(5) 7-5 7-6(2),5,R128,187.0,21.0,5.0,152.0,99.0,78.0,29.0,23.0,12.0,14.0,15.0,2.0,135.0,95.0,72.0,21.0,23.0,5.0,7.0
2024-580,Australian Open,Hard,128,G,O,20240115,31,E865,,,Christopher Eubanks,R,201.0,USA,27.696,35.0,1215.0,DA81,,,Taro Daniel,R,191.0,JPN,30.965,58.0,893.0,6-4 6-2 6-3,5,R128,99.0,9.0,2.0,73.0,57.0,50.0,9.0,14.0,1.0,1.0,4.0,3.0,76.0,45.0,30.0,18.0,13.0,7.0,11.0
2024-580,Australian Open,Hard,128,G,O,20240115,32,RE44,5.0,,Andrey Rublev,R,188.0,RUS,26.237,5.0,5010.0,SX91,,,Thiago Seyboth Wild,R,185.0,BRA,23.849,77.0,718.0,7-5 6-4 3-6 4-6 7-6(6),5,R128,222.0,21.0,1.0,154.0,100.0,83.0,25.0,27.0,4.0,8.0,15.0,6.0,202.0,130.0,91.0,34.0,26.0,19.0,23.0
2024-580,Australian Open,Hard,128,G,O,20240115,33,R0DG,8.0,,Holger Rune,R,188.0,DEN,20.715,8.0,3815.0,N732,,,Yoshihito Nishioka,L,170.0,JPN,28.301,61.0,865.0,6-2 4-6 7-6(3) 6-4,5,R128,205.0,17.0,5.0,135.0,86.0,66.0,29.0,20.0,6.0,7.0,4.0,4.0,135.0,83.0,57.0,26.0,20.0,8.0,11.0
2024-580,Australian Open,Hard,128,G,O,20240115,34,C0H0,,WC,Arthur Cazaux,R,183.0,FRA,21.396,122.0,529.0,DB63,,,Laslo Djere,R,188.0,SRB,28.621,33.0,1250.0,6-2 6-7(3) 6-2 3-6 6-2,5,R128,206.0,11.0,3.0,119.0,78.0,66.0,21.0,23.0,3.0,5.0,5.0,7.0,160.0,100.0,64.0,29.0,22.0,11.0,18.0
2024-580,Australian Open,Hard,128,G,O,20240115,35,F0F1,,,Arthur Fils,R,185.0,FRA,19.592,34.0,1233.0,V708,,,Jiri Vesely,L,198.0,CZE,30.516,293.0,188.0,4-6 7-5 6-2 6-3,5,R128,163.0,18.0,4.0,99.0,65.0,55.0,23.0,20.0,1.0,2.0,3.0,8.0,129.0,88.0,59.0,19.0,19.0,8.0,12.0
2024-580,Australian Open,Hard,128,G,O,20240115,36,GJ37,28.0,,Tallon Griekspoor,R,188.0,NED,27.537,31.0,1410.0,SX50,,,Roman Safiullin,R,185.0,RUS,26.439,36.0,1190.0,2-6 3-6 7-6(3) 6-4 7-5,5,R128,230.0,15.0,5.0,162.0,95.0,68.0,38.0,26.0,10.0,14.0,16.0,3.0,143.0,88.0,67.0,35.0,25.0,4.0,7.0
2024-580,Australian Open,Hard,128,G,O,20240115,37,HH26,21.0,,Ugo Humbert,L,188.0,FRA,25.555,20.0,1765.0,GB88,,Q,David Goffin,R,180.0,BEL,33.106,112.0,570.0,6-2 7-5 5-7 6-3,5,R128,176.0,9.0,1.0,120.0,72.0,55.0,30.0,21.0,7.0,9.0,9.0,3.0,130.0,77.0,55.0,26.0,20.0,12.0,17.0
2024-580,Australian Open,Hard,128,G,O,20240115,38,Z371,,,Zhizhen Zhang,R,193.0,CHN,27.247,54.0,911.0,CE77,,,Federico Coria,R,180.0,ARG,31.852,84.0,694.0,6-4 7-6(3) 7-6(5),5,R128,153.0,13.0,2.0,112.0,67.0,47.0,26.0,17.0,1.0,4.0,14.0,7.0,114.0,64.0,52.0,22.0,17.0,7.0,11.0
2024-580,Australian Open,Hard,128,G,O,20240115,39,M0NI,,Q,Jakub Mensik,R,196.0,CZE,18.371,142.0,433.0,SU55,,,Denis Shapovalov,L,185.0,CAN,24.753,114.0,560.0,6-3 7-5 7-5,5,R128,139.0,12.0,4.0,95.0,57.0,47.0,26.0,17.0,9.0,9.0,12.0,7.0,106.0,60.0,46.0,19.0,16.0,7.0,10.0
2024-580,Australian Open,Hard,128,G,O,20240115,40,HB71,9.0,,Hubert Hurkacz,R,196.0,POL,26.924,9.0,3320.0,J553,,Q,Omar Jasika,L,183.0,AUS,26.661,343.0,148.0,7-6(4) 6-4 6-2,5,R128,131.0,24.0,1.0,92.0,56.0,48.0,20.0,15.0,1.0,1.0,3.0,0.0,98.0,65.0,40.0,21.0,15.0,4.0,7.0
2024-580,Australian Open,Hard,128,G,O,20240115,41,D875,13.0,,Grigor Dimitrov,R,191.0,BUL,32.668,13.0,2775.0,F724,,,Marton Fucsovics,R,188.0,HUN,31.934,70.0,782.0,4-6 6-3 7-6(1) 6-2,5,R128,207.0,8.0,8.0,119.0,77.0,64.0,16.0,20.0,5.0,8.0,5.0,6.0,146.0,80.0,51.0,35.0,19.0,16.0,21.0
2024-580,Australian Open,Hard,128,G,O,20240115,42,KD46,,,Thanasi Kokkinakis,R,193.0,AUS,27.765,80.0,711.0,O513,,,Sebastian Ofner,R,191.0,AUT,27.677,37.0,1141.0,7-6(1) 2-6 6-7(4) 6-1 7-6(8),5,R128,258.0,26.0,3.0,165.0,114.0,87.0,31.0,26.0,2.0,4.0,15.0,3.0,160.0,97.0,78.0,33.0,25.0,5.0,7.0
2024-580,Australian Open,Hard,128,G,O,20240115,43,BT72,,,Nuno Borges,R,185.0,POR,26.902,69.0,814.0,MN13,,,Maximilian Marterer,L,188.0,GER,28.586,96.0,626.0,7-5 7-6(3) 6-2,5,R128,149.0,18.0,0.0,99.0,64.0,54.0,18.0,16.0,7.0,8.0,11.0,4.0,118.0,79.0,51.0,17.0,16.0,10.0,14.0
2024-580,Australian Open,Hard,128,G,O,20240115,44,DH50,23.0,,Alejandro Davidovich Fokina,R,180.0,ESP,24.613,24.0,1530.0,LB66,,,Constant Lestienne,R,180.0,FRA,31.647,99.0,619.0,6-4 6-4 7-6(5),5,R128,166.0,11.0,2.0,116.0,84.0,57.0,18.0,16.0,5.0,7.0,7.0,4.0,115.0,71.0,46.0,23.0,16.0,8.0,12.0
2024-580,Australian Open,Hard,128,G,O,20240115,45,AG37,27.0,,Felix Auger-Aliassime,R,193.0,CAN,23.436,30.0,1425.0,TB69,,,Dominic Thiem,R,185.0,AUT,30.366,92.0,654.0,6-3 7-5 6-7(5) 5-7 6-3,5,R128,299.0,16.0,10.0,166.0,97.0,75.0,40.0,27.0,5.0,8.0,15.0,8.0,180.0,121.0,85.0,28.0,27.0,8.0,13.0
2024-580,Australian Open,Hard,128,G,O,20240115,46,GF95,,Q,Hugo Grenier,R,196.0,FRA,27.814,178.0,340.0,MP20,,,Alexandre Muller,R,183.0,FRA,26.951,73.0,774.0,2-6 7-6(3) 4-6 6-4 7-6(7),5,R128,259.0,31.0,10.0,167.0,112.0,84.0,22.0,26.0,7.0,13.0,12.0,5.0,180.0,126.0,84.0,31.0,26.0,7.0,11.0
2024-580,Australian Open,Hard,128,G,O,20240115,47,RH24,,,Emil Ruusuvuori,R,188.0,FIN,24.789,53.0,921.0,K0A3,,WC,Patrick Kypson,R,188.0,USA,24.216,183.0,330.0,4-6 6-3 6-4 7-6(4),5,R128,181.0,19.0,5.0,123.0,77.0,66.0,27.0,21.0,4.0,5.0,17.0,1.0,129.0,81.0,59.0,25.0,20.0,4.0,6.0
2024-580,Australian Open,Hard,128,G,O,20240115,48,MM58,3.0,,Daniil Medvedev,R,198.0,RUS,27.926,3.0,7555.0,A0GC,,Q,Terence Atmane,L,193.0,FRA,22.015,144.0,429.0,5-7 6-2 6-4 1-0 RET,5,R128,157.0,9.0,4.0,90.0,54.0,39.0,21.0,16.0,5.0,8.0,12.0,7.0,121.0,69.0,50.0,19.0,15.0,13.0,19.0
2024-580,Australian Open,Hard,128,G,O,20240115,49,Z355,6.0,,Alexander Zverev,R,198.0,GER,26.738,6.0,4275.0,KE73,,,Dominik Koepfer,L,180.0,GER,29.714,62.0,858.0,4-6 6-3 7-6(3) 6-3,5,R128,192.0,19.0,2.0,131.0,94.0,73.0,22.0,20.0,8.0,9.0,8.0,1.0,131.0,91.0,59.0,27.0,20.0,6.0,8.0
2024-580,Australian Open,Hard,128,G,O,20240115,50,KI63,,Q,Lukas Klein,R,193.0,SVK,25.818,163.0,391.0,KF17,,,Soonwoo Kwon,R,180.0,KOR,26.119,697.0,40.0,7-6(0) 4-6 7-6(3) 6-3,5,R128,190.0,16.0,6.0,135.0,94.0,69.0,21.0,22.0,6.0,10.0,6.0,10.0,149.0,80.0,57.0,36.0,21.0,6.0,10.0
2024-580,Australian Open,Hard,128,G,O,20240115,51,M0QI,,,Alex Michelsen,R,193.0,USA,19.389,91.0,656.0,M0OQ,,WC,James McCabe,R,188.0,AUS,20.531,269.0,214.0,7-6(5) 3-6 6-1 6-2,5,R128,175.0,8.0,4.0,118.0,80.0,56.0,23.0,18.0,8.0,11.0,13.0,3.0,113.0,70.0,48.0,17.0,18.0,2.0,8.0
2024-580,Australian Open,Hard,128,G,O,20240115,52,L0BV,32.0,,Jiri Lehecka,R,185.0,CZE,22.185,23.0,1555.0,Z419,,,Bernabe Zapata Miralles,R,183.0,ESP,27.006,78.0,715.0,6-3 6-2 6-3,5,R128,102.0,6.0,2.0,78.0,44.0,32.0,21.0,13.0,3.0,4.0,3.0,3.0,75.0,52.0,30.0,10.0,13.0,4.0,10.0
2024-580,Australian Open,Hard,128,G,O,20240115,53,N771,19.0,,Cameron Norrie,L,188.0,GBR,28.397,22.0,1710.0,V836,,,Juan Pablo Varillas,R,185.0,PER,28.277,81.0,709.0,6-4 6-4 6-2,5,R128,135.0,6.0,3.0,81.0,44.0,36.0,21.0,14.0,3.0,4.0,2.0,4.0,92.0,44.0,24.0,26.0,14.0,8.0,13.0
2024-580,Australian Open,Hard,128,G,O,20240115,54,Z0A1,,Q,Giulio Zeppieri,L,183.0,ITA,22.105,133.0,487.0,L987,,,Dusan Lajovic,R,183.0,SRB,33.544,51.0,939.0,6-3 3-6 6-3 7-6(3),5,R128,146.0,15.0,6.0,114.0,60.0,50.0,36.0,20.0,6.0,8.0,2.0,1.0,112.0,80.0,58.0,17.0,19.0,5.0,8.0
2024-580,Australian Open,Hard,128,G,O,20240115,55,PH71,,,Max Purcell,R,185.0,AUS,25.785,45.0,1021.0,VA70,,Q,Mate Valkusz,R,183.0,HUN,25.424,214.0,291.0,3-6 7-6(2) 6-4 7-5,5,R128,172.0,17.0,3.0,136.0,81.0,61.0,30.0,22.0,6.0,10.0,9.0,11.0,135.0,89.0,66.0,21.0,21.0,8.0,13.0
2024-580,Australian Open,Hard,128,G,O,20240115,56,RH16,11.0,,Casper Ruud,R,183.0,NOR,25.065,11.0,2910.0,R772,,,Albert Ramos-Vinolas,L,188.0,ESP,35.995,85.0,688.0,6-1 6-3 6-1,5,R128,126.0,11.0,5.0,76.0,41.0,34.0,20.0,12.0,4.0,4.0,2.0,2.0,83.0,50.0,27.0,11.0,11.0,6.0,12.0
2024-580,Australian Open,Hard,128,G,O,20240115,57,PL56,14.0,,Tommy Paul,R,185.0,USA,26.664,14.0,2670.0,BK24,,,Gregoire Barrere,R,183.0,FRA,29.911,83.0,696.0,6-2 6-3 6-3,5,R128,94.0,9.0,2.0,70.0,43.0,37.0,18.0,13.0,4.0,4.0,6.0,2.0,73.0,47.0,30.0,11.0,13.0,2.0,7.0
2024-580,Australian Open,Hard,128,G,O,20240115,58,D0CO,,,Jack Draper,L,193.0,GBR,22.064,55.0,911.0,GC88,,,Marcos Giron,R,180.0,USA,30.478,66.0,825.0,6-4 3-6 4-6 6-0 6-2,5,R128,200.0,17.0,5.0,134.0,73.0,52.0,29.0,22.0,5.0,10.0,13.0,4.0,127.0,77.0,49.0,21.0,21.0,8.0,17.0
2024-580,Australian Open,Hard,128,G,O,20240115,59,KI95,,,Miomir Kecmanovic,R,183.0,SRB,24.375,60.0,890.0,WB08,,,Yosuke Watanuki,R,180.0,JPN,25.76,102.0,610.0,4-6 7-5 6-3 6-4,5,R128,157.0,8.0,1.0,123.0,83.0,62.0,24.0,21.0,3.0,5.0,11.0,4.0,114.0,73.0,57.0,17.0,20.0,2.0,6.0
2024-580,Australian Open,Hard,128,G,O,20240115,60,SL28,24.0,,Jan-Lennard Struff,R,193.0,GER,33.725,25.0,1511.0,H0BH,,,Rinky Hijikata,R,178.0,AUS,22.891,71.0,782.0,3-6 6-3 6-2 6-7(2) 7-6(8),5,R128,230.0,25.0,4.0,177.0,107.0,82.0,33.0,25.0,11.0,14.0,24.0,6.0,164.0,95.0,73.0,31.0,25.0,8.0,13.0
2024-580,Australian Open,Hard,128,G,O,20240115,61,N897,,Q,Sumit Nagal,R,178.0,IND,26.415,137.0,450.0,BK92,31.0,,Alexander Bublik,R,196.0,KAZ,26.579,27.0,1459.0,6-4 6-2 7-6(5),5,R128,157.0,1.0,0.0,93.0,70.0,47.0,13.0,15.0,4.0,7.0,13.0,9.0,109.0,58.0,40.0,19.0,15.0,6.0,12.0
2024-580,Australian Open,Hard,128,G,O,20240115,62,S0RE,,WC,Juncheng Shang,L,180.0,CHN,18.949,140.0,435.0,MK66,,,Mackenzie McDonald,R,178.0,USA,28.75,42.0,1055.0,6-3 1-6 3-6 6-4 6-2,5,R128,206.0,4.0,4.0,143.0,83.0,57.0,30.0,22.0,13.0,18.0,6.0,4.0,117.0,78.0,52.0,20.0,21.0,5.0,10.0
2024-580,Australian Open,Hard,128,G,O,20240115,63,SU87,,,Lorenzo Sonego,R,191.0,ITA,28.682,46.0,1005.0,E687,,,Daniel Evans,R,175.0,GBR,33.648,38.0,1121.0,4-6 7-6(8) 6-2 7-6(4),5,R128,223.0,23.0,1.0,133.0,88.0,72.0,24.0,21.0,5.0,6.0,3.0,6.0,141.0,79.0,59.0,34.0,21.0,8.0,10.0
2024-580,Australian Open,Hard,128,G,O,20240115,64,A0E2,2.0,,Carlos Alcaraz,R,183.0,ESP,20.698,2.0,8855.0,G628,,,Richard Gasquet,R,183.0,FRA,37.577,131.0,500.0,7-6(5) 6-1 6-2,5,R128,142.0,9.0,3.0,94.0,62.0,45.0,21.0,14.0,2.0,2.0,3.0,3.0,117.0,86.0,51.0,11.0,13.0,12.0,16.0
2024-580,Australian Open,Hard,128,G,O,20240115,65,D643,1.0,,Novak Djokovic,R,188.0,SRB,36.652,1.0,11055.0,P09Z,,,Alexei Popyrin,R,196.0,AUS,24.446,43.0,1052.0,6-3 4-6 7-6(4) 6-3,5,R64,191.0,11.0,0.0,119.0,73.0,60.0,27.0,20.0,5.0,7.0,17.0,4.0,111.0,64.0,47.0,27.0,20.0,8.0,11.0
2024-580,Australian Open,Hard,128,G,O,20240115,66,EA24,30.0,,Tomas Martin Etcheverry,R,196.0,ARG,24.496,32.0,1375.0,MC65,,,Gael Monfils,R,193.0,FRA,37.372,76.0,737.0,6-4 6-4 6-4,5,R64,133.0,5.0,0.0,102.0,80.0,54.0,13.0,15.0,4.0,5.0,12.0,4.0,86.0,53.0,44.0,12.0,15.0,4.0,8.0
2024-580,Australian Open,Hard,128,G,O,20240115,67,ME82,20.0,,Adrian Mannarino,L,180.0,FRA,35.546,19.0,1765.0,MU94,,,Jaume Munar,R,183.0,ESP,26.697,82.0,706.0,6-3 6-3 1-6 2-6 6-3,5,R64,204.0,7.0,3.0,120.0,77.0,56.0,24.0,21.0,4.0,8.0,10.0,8.0,143.0,90.0,66.0,22.0,21.0,8.0,12.0
2024-580,Australian Open,Hard,128,G,O,20240115,68,S0S1,16.0,,Ben Shelton,L,193.0,USA,21.268,16.0,2225.0,O483,,,Christopher O'Connell,R,183.0,AUS,29.618,68.0,814.0,6-4 6-1 3-6 7-6(5),5,R64,171.0,17.0,4.0,114.0,76.0,56.0,24.0,19.0,3.0,5.0,9.0,1.0,133.0,79.0,63.0,17.0,19.0,7.0,11.0
2024-580,Australian Open,Hard,128,G,O,20240115,69,FB98,12.0,,Taylor Fritz,R,196.0,USA,26.215,12.0,2840.0,G09O,,LL,Hugo Gaston,L,173.0,FRA,23.302,97.0,626.0,6-0 6-3 6-1,5,R64,88.0,11.0,2.0,68.0,44.0,34.0,13.0,11.0,1.0,1.0,2.0,5.0,81.0,48.0,27.0,11.0,11.0,6.0,13.0
2024-580,Australian Open,Hard,128,G,O,20240115,70,M0CI,,,Fabian Marozsan,R,193.0,HUN,24.271,67.0,823.0,C0AU,22.0,,Francisco Cerundolo,R,185.0,ARG,25.424,21.0,1760.0,7-6(5) 6-4 6-2,5,R64,121.0,7.0,3.0,94.0,60.0,42.0,18.0,15.0,5.0,8.0,6.0,6.0,118.0,71.0,45.0,17.0,15.0,12.0,18.0
2024-580,Australian Open,Hard,128,G,O,20240115,71,V0DZ,,,Luca Van Assche,R,178.0,FRA,19.68,79.0,715.0,M0EJ,25.0,,Lorenzo Musetti,R,185.0,ITA,21.87,28.0,1440.0,6-3 3-6 6-7(5) 6-3 6-0,5,R64,225.0,9.0,3.0,133.0,75.0,57.0,35.0,23.0,7.0,9.0,6.0,0.0,153.0,90.0,64.0,27.0,22.0,5.0,12.0
2024-580,Australian Open,Hard,128,G,O,20240115,72,TE51,7.0,,Stefanos Tsitsipas,R,193.0,GRE,25.426,7.0,4025.0,TC61,,,Jordan Thompson,R,183.0,AUS,29.739,47.0,982.0,4-6 7-6(6) 6-2 7-6(4),5,R64,216.0,13.0,2.0,151.0,77.0,58.0,47.0,21.0,9.0,11.0,5.0,0.0,125.0,76.0,56.0,31.0,21.0,4.0,7.0
2024-580,Australian Open,Hard,128,G,O,20240115,73,S0AG,4.0,,Jannik Sinner,R,191.0,ITA,22.415,4.0,6490.0,D0C1,,Q,Jesper de Jong,R,180.0,NED,23.625,161.0,393.0,6-2 6-2 6-2,5,R64,103.0,7.0,1.0,58.0,37.0,32.0,16.0,12.0,0.0,0.0,6.0,3.0,80.0,50.0,29.0,12.0,12.0,6.0,12.0
2024-580,Australian Open,Hard,128,G,O,20240115,74,B0BI,26.0,,Sebastian Baez,R,170.0,ARG,23.047,29.0,1435.0,GE33,,,Daniel Elahi Galan,R,191.0,COL,27.576,87.0,676.0,7-5 2-6 6-2 6-4,5,R64,194.0,4.0,5.0,113.0,77.0,53.0,20.0,19.0,1.0,5.0,6.0,2.0,141.0,82.0,53.0,28.0,19.0,14.0,20.0
2024-580,Australian Open,Hard,128,G,O,20240115,75,M0FH,,,Tomas Machac,R,183.0,CZE,23.255,75.0,748.0,TD51,17.0,,Frances Tiafoe,R,188.0,USA,25.985,17.0,2100.0,6-4 6-4 7-6(5),5,R64,155.0,10.0,1.0,97.0,66.0,50.0,15.0,16.0,2.0,5.0,13.0,2.0,128.0,81.0,54.0,18.0,16.0,7.0,12.0
2024-580,Australian Open,Hard,128,G,O,20240115,76,KE29,15.0,,Karen Khachanov,R,198.0,RUS,27.652,15.0,2430.0,K0AZ,,Q,Aleksandar Kovacevic,R,183.0,USA,25.38,101.0,611.0,6-4 6-3 4-6 6-3,5,R64,150.0,22.0,0.0,103.0,68.0,51.0,22.0,19.0,7.0,10.0,16.0,5.0,114.0,65.0,46.0,22.0,19.0,6.0,12.0
2024-580,Australian Open,Hard,128,G,O,20240115,77,DH58,10.0,,Alex de Minaur,R,183.0,AUS,24.909,10.0,2950.0,A0FC,,,Matteo Arnaldi,R,185.0,ITA,22.894,41.0,1077.0,6-3 6-0 6-3,5,R64,120.0,4.0,3.0,82.0,49.0,37.0,17.0,12.0,5.0,6.0,4.0,2.0,82.0,40.0,24.0,15.0,12.0,7.0,14.0
2024-580,Australian Open,Hard,128,G,O,20240115,78,C0E9,,Q,Flavio Cobolli,R,183.0,ITA,21.695,100.0,617.0,K09F,,,Pavel Kotov,R,191.0,RUS,25.158,65.0,835.0,7-5 6-3 5-7 6-2,5,R64,195.0,5.0,4.0,126.0,67.0,49.0,33.0,21.0,6.0,9.0,2.0,5.0,117.0,73.0,48.0,24.0,20.0,3.0,9.0
2024-580,Australian Open,Hard,128,G,O,20240115,79,K0AH,29.0,,Sebastian Korda,R,196.0,USA,23.529,26.0,1480.0,HB64,,,Quentin Halys,R,191.0,FRA,27.22,110.0,575.0,6-4 6-4 6-4,5,R64,121.0,12.0,4.0,84.0,50.0,38.0,25.0,15.0,1.0,1.0,19.0,4.0,124.0,70.0,54.0,19.0,15.0,14.0,17.0
2024-580,Australian Open,Hard,128,G,O,20240115,80,RE44,5.0,,Andrey Rublev,R,188.0,RUS,26.237,5.0,5010.0,E865,,,Christopher Eubanks,R,201.0,USA,27.696,35.0,1215.0,6-4 6-4 6-4,5,R64,99.0,10.0,0.0,79.0,60.0,51.0,14.0,15.0,3.0,3.0,10.0,2.0,95.0,74.0,49.0,11.0,15.0,7.0,10.0
2024-580,Australian Open,Hard,128,G,O,20240115,81,C0H0,,WC,Arthur Cazaux,R,183.0,FRA,21.396,122.0,529.0,R0DG,8.0,,Holger Rune,R,188.0,DEN,20.715,8.0,3815.0,7-6(4) 6-4 4-6 6-3,5,R64,202.0,18.0,2.0,118.0,74.0,61.0,25.0,21.0,3.0,4.0,6.0,4.0,137.0,76.0,55.0,35.0,20.0,5.0,8.0
2024-580,Australian Open,Hard,128,G,O,20240115,82,GJ37,28.0,,Tallon Griekspoor,R,188.0,NED,27.537,31.0,1410.0,F0F1,,,Arthur Fils,R,185.0,FRA,19.592,34.0,1233.0,3-6 6-1 7-5 6-4,5,R64,139.0,11.0,3.0,110.0,76.0,54.0,23.0,19.0,3.0,5.0,13.0,11.0,115.0,63.0,48.0,23.0,19.0,5.0,10.0
2024-580,Australian Open,Hard,128,G,O,20240115,83,HH26,21.0,,Ugo Humbert,L,188.0,FRA,25.555,20.0,1765.0,Z371,,,Zhizhen Zhang,R,193.0,CHN,27.247,54.0,911.0,6-2 5-7 6-1 7-6(3),5,R64,170.0,15.0,3.0,121.0,80.0,61.0,24.0,20.0,5.0,7.0,14.0,4.0,117.0,73.0,49.0,20.0,19.0,4.0,9.0
2024-580,Australian Open,Hard,128,G,O,20240115,84,HB71,9.0,,Hubert Hurkacz,R,196.0,POL,26.924,9.0,3320.0,M0NI,,Q,Jakub Mensik,R,196.0,CZE,18.371,142.0,433.0,6-7(9) 6-1 5-7 6-1 6-3,5,R64,205.0,19.0,2.0,135.0,90.0,74.0,27.0,24.0,1.0,3.0,19.0,10.0,167.0,101.0,76.0,24.0,23.0,14.0,21.0
2024-580,Australian Open,Hard,128,G,O,20240115,85,D875,13.0,,Grigor Dimitrov,R,191.0,BUL,32.668,13.0,2775.0,KD46,,,Thanasi Kokkinakis,R,193.0,AUS,27.765,80.0,711.0,6-3 6-2 4-6 6-4,5,R64,208.0,8.0,1.0,113.0,82.0,64.0,17.0,19.0,7.0,8.0,12.0,3.0,149.0,102.0,66.0,22.0,18.0,12.0,16.0
2024-580,Australian Open,Hard,128,G,O,20240115,86,BT72,,,Nuno Borges,R,185.0,POR,26.902,69.0,814.0,DH50,23.0,,Alejandro Davidovich Fokina,R,180.0,ESP,24.613,24.0,1530.0,7-6(7) 6-3 6-3,5,R64,138.0,7.0,5.0,114.0,73.0,53.0,22.0,15.0,7.0,9.0,5.0,4.0,98.0,65.0,40.0,17.0,15.0,4.0,9.0
2024-580,Australian Open,Hard,128,G,O,20240115,87,AG37,27.0,,Felix Auger-Aliassime,R,193.0,CAN,23.436,30.0,1425.0,GF95,,Q,Hugo Grenier,R,196.0,FRA,27.814,178.0,340.0,6-1 3-6 6-1 6-2,5,R64,176.0,4.0,8.0,101.0,73.0,49.0,15.0,16.0,8.0,11.0,6.0,6.0,116.0,69.0,33.0,21.0,15.0,12.0,20.0
2024-580,Australian Open,Hard,128,G,O,20240115,88,MM58,3.0,,Daniil Medvedev,R,198.0,RUS,27.926,3.0,7555.0,RH24,,,Emil Ruusuvuori,R,188.0,FIN,24.789,53.0,921.0,3-6 6-7(1) 6-4 7-6(1) 6-0,5,R64,263.0,23.0,8.0,175.0,104.0,73.0,32.0,25.0,13.0,18.0,1.0,4.0,177.0,109.0,63.0,36.0,24.0,8.0,16.0
2024-580,Australian Open,Hard,128,G,O,20240115,89,Z355,6.0,,Alexander Zverev,R,198.0,GER,26.738,6.0,4275.0,KI63,,Q,Lukas Klein,R,193.0,SVK,25.818,163.0,391.0,7-5 3-6 4-6 7-6(5) 7-6(7),5,R64,271.0,21.0,2.0,179.0,134.0,105.0,18.0,28.0,7.0,10.0,13.0,5.0,201.0,133.0,99.0,35.0,27.0,8.0,10.0
2024-580,Australian Open,Hard,128,G,O,20240115,90,M0QI,,,Alex Michelsen,R,193.0,USA,19.389,91.0,656.0,L0BV,32.0,,Jiri Lehecka,R,185.0,CZE,22.185,23.0,1555.0,4-6 6-3 6-4 6-4,5,R64,170.0,7.0,3.0,116.0,75.0,59.0,23.0,20.0,4.0,6.0,10.0,3.0,116.0,76.0,52.0,24.0,19.0,8.0,12.0
2024-580,Australian Open,Hard,128,G,O,20240115,91,N771,19.0,,Cameron Norrie,L,188.0,GBR,28.397,22.0,1710.0,Z0A1,,Q,Giulio Zeppieri,L,183.0,ITA,22.105,133.0,487.0,3-6 6-7(4) 6-2 6-4 6-4,5,R64,215.0,16.0,4.0,145.0,106.0,80.0,21.0,25.0,3.0,5.0,29.0,8.0,160.0,94.0,73.0,30.0,24.0,6.0,11.0
2024-580,Australian Open,Hard,128,G,O,20240115,92,RH16,11.0,,Casper Ruud,R,183.0,NOR,25.065,11.0,2910.0,PH71,,,Max Purcell,R,185.0,AUS,25.785,45.0,1021.0,6-3 6-7(5) 6-3 3-6 7-6(7),5,R64,230.0,22.0,5.0,175.0,126.0,99.0,28.0,26.0,12.0,13.0,27.0,6.0,160.0,107.0,84.0,30.0,25.0,8.0,10.0
2024-580,Australian Open,Hard,128,G,O,20240115,93,PL56,14.0,,Tommy Paul,R,185.0,USA,26.664,14.0,2670.0,D0CO,,,Jack Draper,L,193.0,GBR,22.064,55.0,911.0,6-2 3-6 6-3 7-5,5,R64,178.0,9.0,4.0,110.0,67.0,50.0,26.0,19.0,2.0,5.0,4.0,2.0,121.0,69.0,46.0,27.0,19.0,13.0,19.0
2024-580,Australian Open,Hard,128,G,O,20240115,94,KI95,,,Miomir Kecmanovic,R,183.0,SRB,24.375,60.0,890.0,SL28,24.0,,Jan-Lennard Struff,R,193.0,GER,33.725,25.0,1511.0,6-4 1-6 7-6(5) 1-6 7-6(9),5,R64,201.0,10.0,8.0,156.0,100.0,73.0,27.0,24.0,3.0,8.0,23.0,7.0,178.0,120.0,90.0,27.0,24.0,12.0,14.0
2024-580,Australian Open,Hard,128,G,O,20240115,95,S0RE,,WC,Juncheng Shang,L,180.0,CHN,18.949,140.0,435.0,N897,,Q,Sumit Nagal,R,178.0,IND,26.415,137.0,450.0,2-6 6-3 7-5 6-4,5,R64,170.0,8.0,3.0,128.0,86.0,62.0,25.0,20.0,5.0,7.0,7.0,1.0,110.0,73.0,49.0,25.0,19.0,7.0,10.0
2024-580,Australian Open,Hard,128,G,O,20240115,96,A0E2,2.0,,Carlos Alcaraz,R,183.0,ESP,20.698,2.0,8855.0,SU87,,,Lorenzo Sonego,R,191.0,ITA,28.682,46.0,1005.0,6-4 6-7(3) 6-3 7-6(3),5,R64,205.0,12.0,4.0,130.0,89.0,69.0,29.0,22.0,3.0,4.0,10.0,2.0,142.0,103.0,67.0,26.0,21.0,3.0,6.0
2024-580,Australian Open,Hard,128,G,O,20240115,97,D643,1.0,,Novak Djokovic,R,188.0,SRB,36.652,1.0,11055.0,EA24,30.0,,Tomas Martin Etcheverry,R,196.0,ARG,24.496,32.0,1375.0,6-3 6-3 7-6(2),5,R32,148.0,10.0,0.0,84.0,57.0,49.0,16.0,15.0,0.0,0.0,13.0,1.0,100.0,72.0,51.0,10.0,15.0,4.0,7.0
2024-580,Australian Open,Hard,128,G,O,20240115,98,ME82,20.0,,Adrian Mannarino,L,180.0,FRA,35.546,19.0,1765.0,S0S1,16.0,,Ben Shelton,L,193.0,USA,21.268,16.0,2225.0,7-6(4) 1-6 6-7(2) 6-3 6-4,5,R32,286.0,9.0,9.0,188.0,121.0,76.0,36.0,25.0,14.0,21.0,18.0,4.0,178.0,128.0,86.0,24.0,25.0,11.0,17.0
2024-580,Australian Open,Hard,128,G,O,20240115,99,FB98,12.0,,Taylor Fritz,R,196.0,USA,26.215,12.0,2840.0,M0CI,,,Fabian Marozsan,R,193.0,HUN,24.271,67.0,823.0,3-6 6-4 6-2 6-2,5,R32,143.0,19.0,2.0,84.0,53.0,42.0,20.0,18.0,1.0,3.0,7.0,10.0,157.0,100.0,57.0,28.0,17.0,17.0,23.0
2024-580,Australian Open,Hard,128,G,O,20240115,100,TE51,7.0,,Stefanos Tsitsipas,R,193.0,GRE,25.426,7.0,4025.0,V0DZ,,,Luca Van Assche,R,178.0,FRA,19.68,79.0,715.0,6-3 6-0 6-4,5,R32,122.0,12.0,0.0,87.0,52.0,39.0,20.0,13.0,8.0,9.0,1.0,5.0,72.0,45.0,23.0,12.0,12.0,2.0,8.0
2024-580,Australian Open,Hard,128,G,O,20240115,101,S0AG,4.0,,Jannik Sinner,R,191.0,ITA,22.415,4.0,6490.0,B0BI,26.0,,Sebastian Baez,R,170.0,ARG,23.047,29.0,1435.0,6-0 6-1 6-3,5,R32,112.0,6.0,0.0,70.0,45.0,35.0,13.0,11.0,4.0,4.0,2.0,0.0,74.0,54.0,29.0,5.0,11.0,5.0,12.0
2024-580,Australian Open,Hard,128,G,O,20240115,102,KE29,15.0,,Karen Khachanov,R,198.0,RUS,27.652,15.0,2430.0,M0FH,,,Tomas Machac,R,183.0,CZE,23.255,75.0,748.0,6-4 7-6(4) 4-6 7-6(5),5,R32,204.0,17.0,5.0,165.0,110.0,81.0,29.0,22.0,17.0,19.0,17.0,5.0,127.0,84.0,68.0,24.0,22.0,1.0,3.0
2024-580,Australian Open,Hard,128,G,O,20240115,103,DH58,10.0,,Alex de Minaur,R,183.0,AUS,24.909,10.0,2950.0,C0E9,,Q,Flavio Cobolli,R,183.0,ITA,21.695,100.0,617.0,6-3 6-3 6-1,5,R32,127.0,4.0,0.0,85.0,44.0,33.0,25.0,13.0,7.0,8.0,4.0,2.0,99.0,56.0,33.0,18.0,12.0,14.0,20.0
2024-580,Australian Open,Hard,128,G,O,20240115,104,RE44,5.0,,Andrey Rublev,R,188.0,RUS,26.237,5.0,5010.0,K0AH,29.0,,Sebastian Korda,R,196.0,USA,23.529,26.0,1480.0,6-2 7-6(6) 6-4,5,R32,119.0,13.0,3.0,88.0,65.0,54.0,13.0,15.0,1.0,1.0,18.0,5.0,102.0,68.0,50.0,13.0,15.0,6.0,9.0
2024-580,Australian Open,Hard,128,G,O,20240115,105,C0H0,,WC,Arthur Cazaux,R,183.0,FRA,21.396,122.0,529.0,GJ37,28.0,,Tallon Griekspoor,R,188.0,NED,27.537,31.0,1410.0,6-3 6-3 6-1,5,R32,106.0,14.0,3.0,70.0,46.0,39.0,14.0,13.0,0.0,0.0,4.0,4.0,83.0,48.0,31.0,14.0,12.0,9.0,14.0
2024-580,Australian Open,Hard,128,G,O,20240115,106,HB71,9.0,,Hubert Hurkacz,R,196.0,POL,26.924,9.0,3320.0,HH26,21.0,,Ugo Humbert,L,188.0,FRA,25.555,20.0,1765.0,3-6 6-1 7-6(4) 6-3,5,R32,167.0,17.0,3.0,125.0,78.0,63.0,20.0,19.0,5.0,7.0,4.0,0.0,122.0,80.0,51.0,24.0,18.0,7.0,11.0
2024-580,Australian Open,Hard,128,G,O,20240115,107,BT72,,,Nuno Borges,R,185.0,POR,26.902,69.0,814.0,D875,13.0,,Grigor Dimitrov,R,191.0,BUL,32.668,13.0,2775.0,6-7(3) 6-4 6-2 7-6(6),5,R32,185.0,21.0,4.0,150.0,103.0,80.0,22.0,21.0,11.0,12.0,11.0,2.0,118.0,72.0,57.0,25.0,21.0,3.0,7.0
2024-580,Australian Open,Hard,128,G,O,20240115,108,MM58,3.0,,Daniil Medvedev,R,198.0,RUS,27.926,3.0,7555.0,AG37,27.0,,Felix Auger-Aliassime,R,193.0,CAN,23.436,30.0,1425.0,6-3 6-4 6-3,5,R32,129.0,8.0,4.0,86.0,55.0,43.0,15.0,14.0,1.0,2.0,8.0,4.0,80.0,49.0,33.0,14.0,14.0,2.0,7.0
2024-580,Australian Open,Hard,128,G,O,20240115,109,Z355,6.0,,Alexander Zverev,R,198.0,GER,26.738,6.0,4275.0,M0QI,,,Alex Michelsen,R,193.0,USA,19.389,91.0,656.0,6-2 7-6(4) 6-2,5,R32,119.0,11.0,1.0,81.0,58.0,46.0,15.0,14.0,0.0,1.0,1.0,3.0,89.0,59.0,35.0,15.0,14.0,5.0,10.0
2024-580,Australian Open,Hard,128,G,O,20240115,110,N771,19.0,,Cameron Norrie,L,188.0,GBR,28.397,22.0,1710.0,RH16,11.0,,Casper Ruud,R,183.0,NOR,25.065,11.0,2910.0,6-4 6-7(7) 6-4 6-3,5,R32,183.0,11.0,3.0,129.0,79.0,61.0,31.0,21.0,9.0,10.0,19.0,4.0,122.0,84.0,63.0,18.0,20.0,2.0,6.0
2024-580,Australian Open,Hard,128,G,O,20240115,111,KI95,,,Miomir Kecmanovic,R,183.0,SRB,24.375,60.0,890.0,PL56,14.0,,Tommy Paul,R,185.0,USA,26.664,14.0,2670.0,6-4 3-6 2-6 7-6(7) 6-0,5,R32,237.0,10.0,0.0,142.0,87.0,61.0,27.0,23.0,4.0,9.0,16.0,2.0,185.0,108.0,69.0,37.0,22.0,16.0,22.0
2024-580,Australian Open,Hard,128,G,O,20240115,112,A0E2,2.0,,Carlos Alcaraz,R,183.0,ESP,20.698,2.0,8855.0,S0RE,,WC,Juncheng Shang,L,180.0,CHN,18.949,140.0,435.0,6-1 6-1 1-0 RET,5,R32,66.0,3.0,1.0,34.0,19.0,16.0,13.0,8.0,0.0,0.0,0.0,1.0,50.0,26.0,13.0,7.0,7.0,6.0,12.0
2024-580,Australian Open,Hard,128,G,O,20240115,113,D643,1.0,,Novak Djokovic,R,188.0,SRB,36.652,1.0,11055.0,ME82,20.0,,Adrian Mannarino,L,180.0,FRA,35.546,19.0,1765.0,6-0 6-0 6-3,5,R16,104.0,17.0,5.0,69.0,48.0,39.0,13.0,11.0,3.0,3.0,1.0,0.0,58.0,34.0,17.0,8.0,10.0,4.0,11.0
2024-580,Australian Open,Hard,128,G,O,20240115,114,FB98,12.0,,Taylor Fritz,R,196.0,USA,26.215,12.0,2840.0,TE51,7.0,,Stefanos Tsitsipas,R,193.0,GRE,25.426,7.0,4025.0,7-6(3) 5-7 6-3 6-3,5,R16,181.0,13.0,2.0,113.0,79.0,68.0,18.0,21.0,2.0,4.0,12.0,7.0,136.0,86.0,65.0,22.0,21.0,7.0,11.0
2024-580,Australian Open,Hard,128,G,O,20240115,115,S0AG,4.0,,Jannik Sinner,R,191.0,ITA,22.415,4.0,6490.0,KE29,15.0,,Karen Khachanov,R,198.0,RUS,27.652,15.0,2430.0,6-4 7-5 6-3,5,R16,154.0,8.0,3.0,97.0,52.0,41.0,26.0,16.0,9.0,10.0,7.0,0.0,91.0,61.0,40.0,14.0,15.0,3.0,8.0
2024-580,Australian Open,Hard,128,G,O,20240115,116,RE44,5.0,,Andrey Rublev,R,188.0,RUS,26.237,5.0,5010.0,DH58,10.0,,Alex de Minaur,R,183.0,AUS,24.909,10.0,2950.0,6-4 6-7(5) 6-7(4) 6-3 6-0,5,R16,254.0,6.0,6.0,180.0,107.0,72.0,40.0,25.0,13.0,16.0,6.0,6.0,161.0,85.0,54.0,38.0,24.0,5.0,13.0
2024-580,Australian Open,Hard,128,G,O,20240115,117,HB71,9.0,,Hubert Hurkacz,R,196.0,POL,26.924,9.0,3320.0,C0H0,,WC,Arthur Cazaux,R,183.0,FRA,21.396,122.0,529.0,7-6(6) 7-6(3) 6-4,5,R16,148.0,11.0,1.0,87.0,54.0,49.0,25.0,17.0,0.0,1.0,18.0,2.0,114.0,68.0,53.0,24.0,17.0,6.0,8.0
2024-580,Australian Open,Hard,128,G,O,20240115,118,MM58,3.0,,Daniil Medvedev,R,198.0,RUS,27.926,3.0,7555.0,BT72,,,Nuno Borges,R,185.0,POR,26.902,69.0,814.0,6-3 7-6(4) 5-7 6-1,5,R16,187.0,13.0,11.0,145.0,92.0,69.0,24.0,20.0,7.0,11.0,5.0,4.0,137.0,92.0,60.0,18.0,20.0,7.0,13.0
2024-580,Australian Open,Hard,128,G,O,20240115,119,Z355,6.0,,Alexander Zverev,R,198.0,GER,26.738,6.0,4275.0,N771,19.0,,Cameron Norrie,L,188.0,GBR,28.397,22.0,1710.0,7-5 3-6 6-3 4-6 7-6(3),5,R16,245.0,15.0,6.0,150.0,114.0,87.0,16.0,26.0,6.0,10.0,10.0,2.0,169.0,106.0,73.0,33.0,26.0,10.0,14.0
2024-580,Australian Open,Hard,128,G,O,20240115,120,A0E2,2.0,,Carlos Alcaraz,R,183.0,ESP,20.698,2.0,8855.0,KI95,,,Miomir Kecmanovic,R,183.0,SRB,24.375,60.0,890.0,6-4 6-4 6-0,5,R16,109.0,5.0,0.0,69.0,47.0,39.0,14.0,13.0,0.0,0.0,3.0,1.0,84.0,54.0,32.0,15.0,13.0,4.0,9.0
2024-580,Australian Open,Hard,128,G,O,20240115,121,D643,1.0,,Novak Djokovic,R,188.0,SRB,36.652,1.0,11055.0,FB98,12.0,,Taylor Fritz,R,196.0,USA,26.215,12.0,2840.0,7-6(3) 4-6 6-2 6-3,5,QF,225.0,20.0,3.0,115.0,72.0,59.0,25.0,20.0,4.0,6.0,16.0,2.0,154.0,90.0,59.0,31.0,19.0,17.0,21.0
2024-580,Australian Open,Hard,128,G,O,20240115,122,S0AG,4.0,,Jannik Sinner,R,191.0,ITA,22.415,4.0,6490.0,RE44,5.0,,Andrey Rublev,R,188.0,RUS,26.237,5.0,5010.0,6-4 7-6(5) 6-3,5,QF,159.0,10.0,3.0,117.0,75.0,57.0,22.0,16.0,8.0,8.0,10.0,2.0,101.0,71.0,54.0,11.0,15.0,5.0,7.0
2024-580,Australian Open,Hard,128,G,O,20240115,123,MM58,3.0,,Daniil Medvedev,R,198.0,RUS,27.926,3.0,7555.0,HB71,9.0,,Hubert Hurkacz,R,196.0,POL,26.924,9.0,3320.0,7-6(4) 2-6 6-3 5-7 6-4,5,QF,239.0,11.0,10.0,180.0,110.0,86.0,29.0,26.0,10.0,15.0,16.0,5.0,140.0,89.0,72.0,27.0,25.0,5.0,9.0
2024-580,Australian Open,Hard,128,G,O,20240115,124,Z355,6.0,,Alexander Zverev,R,198.0,GER,26.738,6.0,4275.0,A0E2,2.0,,Carlos Alcaraz,R,183.0,ESP,20.698,2.0,8855.0,6-1 6-3 6-7(2) 6-4,5,QF,185.0,7.0,1.0,111.0,94.0,69.0,8.0,19.0,3.0,5.0,6.0,2.0,117.0,79.0,53.0,16.0,19.0,3.0,10.0
2024-580,Australian Open,Hard,128,G,O,20240115,125,S0AG,4.0,,Jannik Sinner,R,191.0,ITA,22.415,4.0,6490.0,D643,1.0,,Novak Djokovic,R,188.0,SRB,36.652,1.0,11055.0,6-1 6-2 6-7(6) 6-3,5,SF,202.0,9.0,1.0,110.0,64.0,53.0,29.0,18.0,0.0,0.0,7.0,4.0,116.0,79.0,53.0,17.0,18.0,6.0,11.0
2024-580,Australian Open,Hard,128,G,O,20240115,126,MM58,3.0,,Daniil Medvedev,R,198.0,RUS,27.926,3.0,7555.0,Z355,6.0,,Alexander Zverev,R,198.0,GER,26.738,6.0,4275.0,5-7 3-6 7-6(4) 7-6(5) 6-3,5,SF,258.0,14.0,6.0,156.0,94.0,72.0,35.0,27.0,5.0,10.0,14.0,1.0,170.0,132.0,94.0,22.0,27.0,10.0,14.0
2024-580,Australian Open,Hard,128,G,O,20240115,127,S0AG,4.0,,Jannik Sinner,R,191.0,ITA,22.415,4.0,6490.0,MM58,3.0,,Daniil Medvedev,R,198.0,RUS,27.926,3.0,7555.0,3-6 3-6 6-4 6-4 6-3,5,F,224.0,14.0,5.0,144.0,88.0,65.0,30.0,24.0,8.0,12.0,11.0,3.0,139.0,95.0,72.0,20.0,23.0,5.0,9.0
2024-375,Montpellier,Hard,32,250,I,20240129,1,SU55,,,Denis Shapovalov,L,185.0,CAN,24.791,137.0,480.0,G09O,,,Hugo Gaston,L,173.0,FRA,23.34,88.0,684.0,6-1 6-3,3,R32,66.0,11.0,3.0,46.0,25.0,23.0,12.0,8.0,3.0,3.0,0.0,5.0,59.0,35.0,19.0,10.0,8.0,6.0,10.0
2024-375,Montpellier,Hard,32,250,I,20240129,2,BK24,,,Gregoire Barrere,R,183.0,FRA,29.949,104.0,591.0,BV16,,Q,Ugo Blanchet,R,175.0,FRA,25.065,214.0,287.0,6-7(7) 6-4 6-2,3,R32,123.0,10.0,1.0,92.0,68.0,51.0,15.0,15.0,7.0,8.0,6.0,7.0,98.0,55.0,40.0,21.0,15.0,4.0,8.0
2024-375,Montpellier,Hard,32,250,I,20240129,3,S0H2,6.0,,Alexander Shevchenko,R,188.0,KAZ,23.165,59.0,885.0,S0GD,,Q,Dalibor Svrcina,R,178.0,CZE,21.325,194.0,315.0,6-4 4-6 6-4,3,R32,170.0,8.0,4.0,116.0,60.0,38.0,24.0,15.0,8.0,14.0,0.0,7.0,131.0,99.0,55.0,12.0,15.0,15.0,22.0
2024-375,Montpellier,Hard,32,250,I,20240129,4,C0H0,,,Arthur Cazaux,R,183.0,FRA,21.435,83.0,696.0,MN13,,,Maximilian Marterer,L,188.0,GER,28.624,92.0,636.0,6-1 6-3,3,R32,83.0,11.0,2.0,57.0,27.0,23.0,17.0,8.0,3.0,3.0,2.0,1.0,45.0,30.0,18.0,5.0,8.0,3.0,7.0
2024-375,Montpellier,Hard,32,250,I,20240129,5,M0G4,,WC,Harold Mayot,R,180.0,FRA,21.982,144.0,449.0,PF39,,WC,Lucas Pouille,R,185.0,FRA,29.93,315.0,172.0,6-4 7-5,3,R32,118.0,9.0,7.0,106.0,66.0,46.0,13.0,11.0,14.0,17.0,4.0,3.0,68.0,33.0,22.0,14.0,11.0,0.0,5.0
2024-375,Montpellier,Hard,32,250,I,20240129,6,PD31,,,Benoit Paire,R,196.0,FRA,34.727,112.0,551.0,MC10,5.0,,Andy Murray,R,191.0,GBR,36.709,49.0,970.0,2-6 7-6(5) 6-3,3,R32,159.0,8.0,4.0,107.0,63.0,49.0,14.0,15.0,4.0,8.0,13.0,2.0,99.0,62.0,45.0,15.0,14.0,4.0,7.0
2024-375,Montpellier,Hard,32,250,I,20240129,7,C0E9,,,Flavio Cobolli,R,183.0,ITA,21.733,76.0,738.0,MC65,8.0,,Gael Monfils,R,193.0,FRA,37.41,70.0,787.0,6-7(8) 6-3 6-0,3,R32,160.0,1.0,5.0,97.0,53.0,38.0,22.0,14.0,7.0,10.0,6.0,7.0,103.0,52.0,32.0,22.0,13.0,9.0,16.0
2024-375,Montpellier,Hard,32,250,I,20240129,8,LB66,,,Constant Lestienne,R,180.0,FRA,31.685,106.0,584.0,Z419,,,Bernabe Zapata Miralles,R,183.0,ESP,27.044,80.0,715.0,4-6 6-4 6-2,3,R32,130.0,5.0,1.0,77.0,56.0,39.0,13.0,14.0,3.0,6.0,0.0,3.0,88.0,56.0,34.0,16.0,14.0,3.0,8.0
2024-375,Montpellier,Hard,32,250,I,20240129,9,MO44,,,Pedro Martinez,R,185.0,ESP,26.76,99.0,616.0,MU94,,,Jaume Munar,R,183.0,ESP,26.735,75.0,746.0,6-4 7-6(3),3,R32,137.0,2.0,2.0,94.0,57.0,37.0,18.0,11.0,2.0,5.0,2.0,3.0,73.0,46.0,34.0,6.0,11.0,3.0,7.0
2024-375,Montpellier,Hard,32,250,I,20240129,10,MP20,7.0,,Alexandre Muller,R,183.0,FRA,26.99,71.0,768.0,E768,,Q,Antoine Escoffier,R,185.0,FRA,31.915,172.0,354.0,7-6(4) 6-3,3,R32,98.0,0.0,4.0,68.0,51.0,35.0,5.0,10.0,3.0,6.0,8.0,7.0,73.0,45.0,26.0,12.0,11.0,2.0,7.0
2024-375,Montpellier,Hard,32,250,I,20240129,11,MP01,,,Michael Mmoh,R,188.0,USA,26.051,133.0,497.0,BM95,,,Benjamin Bonzi,R,183.0,FRA,27.639,126.0,508.0,6-3 7-5,3,R32,94.0,10.0,0.0,69.0,55.0,41.0,8.0,11.0,2.0,2.0,6.0,2.0,57.0,30.0,24.0,15.0,10.0,1.0,3.0
2024-375,Montpellier,Hard,32,250,I,20240129,12,L0CX,,Q,Pablo Llamas Ruiz,R,188.0,ESP,21.295,156.0,404.0,G628,,,Richard Gasquet,R,183.0,FRA,37.615,130.0,500.0,7-6(6) 7-5,3,R32,114.0,7.0,1.0,78.0,52.0,39.0,15.0,12.0,3.0,5.0,4.0,2.0,72.0,43.0,31.0,17.0,12.0,1.0,4.0
2024-375,Montpellier,Hard,32,250,I,20240129,13,BK92,2.0,,Alexander Bublik,R,196.0,KAZ,26.617,27.0,1459.0,SU55,,,Denis Shapovalov,L,185.0,CAN,24.791,137.0,480.0,1-6 7-6(12) 6-3,3,R16,145.0,10.0,9.0,100.0,52.0,41.0,28.0,15.0,3.0,6.0,16.0,6.0,107.0,60.0,45.0,24.0,13.0,5.0,6.0
2024-375,Montpellier,Hard,32,250,I,20240129,14,S0H2,6.0,,Alexander Shevchenko,R,188.0,KAZ,23.165,59.0,885.0,BK24,,,Gregoire Barrere,R,183.0,FRA,29.949,104.0,591.0,7-6(3) 2-6 6-3,3,R16,119.0,7.0,4.0,95.0,57.0,44.0,21.0,15.0,3.0,5.0,5.0,1.0,91.0,53.0,41.0,21.0,14.0,6.0,7.0
2024-375,Montpellier,Hard,32,250,I,20240129,15,AG37,3.0,,Felix Auger-Aliassime,R,193.0,CAN,23.474,30.0,1345.0,C0H0,,,Arthur Cazaux,R,183.0,FRA,21.435,83.0,696.0,7-5 2-6 7-6(4),3,R16,168.0,6.0,7.0,90.0,53.0,39.0,16.0,16.0,1.0,6.0,12.0,2.0,101.0,57.0,42.0,18.0,16.0,6.0,10.0
2024-375,Montpellier,Hard,32,250,I,20240129,16,M0G4,,WC,Harold Mayot,R,180.0,FRA,21.982,144.0,449.0,PD31,,,Benoit Paire,R,196.0,FRA,34.727,112.0,551.0,6-1 6-4,3,R16,70.0,4.0,3.0,63.0,45.0,32.0,10.0,9.0,1.0,1.0,6.0,2.0,46.0,28.0,19.0,7.0,8.0,0.0,3.0
2024-375,Montpellier,Hard,32,250,I,20240129,17,C0E9,,,Flavio Cobolli,R,183.0,ITA,21.733,76.0,738.0,LB66,,,Constant Lestienne,R,180.0,FRA,31.685,106.0,584.0,6-4 6-1,3,R16,80.0,3.0,1.0,42.0,23.0,16.0,13.0,8.0,2.0,3.0,6.0,2.0,67.0,36.0,21.0,12.0,9.0,3.0,8.0
2024-375,Montpellier,Hard,32,250,I,20240129,18,CG80,4.0,,Borna Coric,R,188.0,CRO,27.206,37.0,1154.0,MO44,,,Pedro Martinez,R,185.0,ESP,26.76,99.0,616.0,6-4 6-0,3,R16,94.0,8.0,0.0,61.0,35.0,27.0,14.0,8.0,4.0,4.0,4.0,5.0,53.0,30.0,16.0,12.0,8.0,3.0,7.0
2024-375,Montpellier,Hard,32,250,I,20240129,19,MP01,,,Michael Mmoh,R,188.0,USA,26.051,133.0,497.0,MP20,7.0,,Alexandre Muller,R,183.0,FRA,26.99,71.0,768.0,6-4 6-4,3,R16,95.0,4.0,2.0,59.0,35.0,25.0,14.0,10.0,1.0,3.0,0.0,2.0,52.0,30.0,20.0,8.0,10.0,0.0,4.0
2024-375,Montpellier,Hard,32,250,I,20240129,20,R0DG,1.0,,Holger Rune,R,188.0,DEN,20.753,7.0,3685.0,L0CX,,Q,Pablo Llamas Ruiz,R,188.0,ESP,21.295,156.0,404.0,7-5 6-2,3,R16,86.0,6.0,3.0,59.0,38.0,28.0,12.0,10.0,1.0,2.0,1.0,0.0,69.0,48.0,30.0,9.0,10.0,9.0,13.0
2024-375,Montpellier,Hard,32,250,I,20240129,21,BK92,2.0,,Alexander Bublik,R,196.0,KAZ,26.617,27.0,1459.0,S0H2,6.0,,Alexander Shevchenko,R,188.0,KAZ,23.165,59.0,885.0,4-6 6-3 6-4,3,QF,126.0,15.0,8.0,93.0,54.0,39.0,18.0,15.0,5.0,8.0,3.0,4.0,100.0,50.0,30.0,24.0,14.0,5.0,9.0
2024-375,Montpellier,Hard,32,250,I,20240129,22,AG37,3.0,,Felix Auger-Aliassime,R,193.0,CAN,23.474,30.0,1345.0,M0G4,,WC,Harold Mayot,R,180.0,FRA,21.982,144.0,449.0,7-5 6-1,3,QF,79.0,10.0,2.0,54.0,39.0,27.0,8.0,10.0,0.0,2.0,2.0,4.0,50.0,28.0,17.0,8.0,9.0,1.0,6.0
2024-375,Montpellier,Hard,32,250,I,20240129,23,CG80,4.0,,Borna Coric,R,188.0,CRO,27.206,37.0,1154.0,C0E9,,,Flavio Cobolli,R,183.0,ITA,21.733,76.0,738.0,6-3 6-4,3,QF,95.0,3.0,0.0,63.0,42.0,30.0,16.0,10.0,3.0,3.0,3.0,2.0,63.0,43.0,26.0,11.0,9.0,7.0,9.0
2024-375,Montpellier,Hard,32,250,I,20240129,24,R0DG,1.0,,Holger Rune,R,188.0,DEN,20.753,7.0,3685.0,MP01,,,Michael Mmoh,R,188.0,USA,26.051,133.0,497.0,7-6(6) 6-4,3,QF,122.0,17.0,1.0,72.0,44.0,33.0,19.0,11.0,3.0,4.0,8.0,7.0,88.0,61.0,42.0,11.0,11.0,7.0,9.0
2024-375,Montpellier,Hard,32,250,I,20240129,25,BK92,2.0,,Alexander Bublik,R,196.0,KAZ,26.617,27.0,1459.0,AG37,3.0,,Felix Auger-Aliassime,R,193.0,CAN,23.474,30.0,1345.0,4-6 6-4 6-4,3,SF,157.0,14.0,4.0,99.0,62.0,46.0,18.0,15.0,2.0,4.0,9.0,6.0,104.0,65.0,46.0,17.0,15.0,6.0,9.0
2024-375,Montpellier,Hard,32,250,I,20240129,26,CG80,4.0,,Borna Coric,R,188.0,CRO,27.206,37.0,1154.0,R0DG,1.0,,Holger Rune,R,188.0,DEN,20.753,7.0,3685.0,6-3 4-1 RET,3,SF,57.0,0.0,0.0,35.0,29.0,23.0,4.0,7.0,1.0,2.0,2.0,3.0,44.0,24.0,12.0,9.0,7.0,6.0,10.0
2024-375,Montpellier,Hard,32,250,I,20240129,27,BK92,2.0,,Alexander Bublik,R,196.0,KAZ,26.617,27.0,1459.0,CG80,4.0,,Borna Coric,R,188.0,CRO,27.206,37.0,1154.0,5-7 6-2 6-3,3,F,138.0,19.0,6.0,90.0,55.0,44.0,15.0,15.0,5.0,7.0,5.0,1.0,84.0,55.0,32.0,17.0,14.0,5.0,9.0
2024-M-DC-2024-QLS-M-ARG-KAZ-01,Davis Cup QLS R1: ARG vs KAZ,Clay,4,D,,20240203,1,C0AU,,,Francisco Cerundolo,R,185.0,ARG,25.476,22.0,1720.0,PG20,,,Dmitry Popko,R,191.0,KAZ,27.277,338.0,150.0,7-5 6-2,3,RR,97.0,3.0,3.0,66.0,44.0,27.0,12.0,10.0,3.0,6.0,0.0,3.0,61.0,34.0,17.0,9.0,10.0,3.0,9.0
2024-M-DC-2024-QLS-M-ARG-KAZ-01,Davis Cup QLS R1: ARG vs KAZ,Clay,4,D,,20240203,2,S0GR,,,Timofey Skatov,R,173.0,KAZ,23.034,278.0,205.0,EA24,,,Tomas Martin Etcheverry,R,196.0,ARG,24.548,28.0,1430.0,6-4 7-5,3,RR,142.0,0.0,3.0,73.0,44.0,35.0,15.0,11.0,5.0,5.0,5.0,2.0,74.0,47.0,29.0,16.0,11.0,5.0,7.0
2024-M-DC-2024-QLS-M-ARG-KAZ-01,Davis Cup QLS R1: ARG vs KAZ,Clay,4,D,,20240203,3,S0GR,,,Timofey Skatov,R,173.0,KAZ,23.034,278.0,205.0,C0AU,,,Francisco Cerundolo,R,185.0,ARG,25.476,22.0,1720.0,7-6(1) 6-4,3,RR,123.0,2.0,4.0,64.0,42.0,31.0,13.0,11.0,1.0,3.0,3.0,1.0,89.0,63.0,36.0,14.0,11.0,8.0,11.0
2024-M-DC-2024-QLS-M-ARG-KAZ-01,Davis Cup QLS R1: ARG vs KAZ,Clay,4,D,,20240203,4,B0BI,,,Sebastian Baez,R,170.0,ARG,23.099,25.0,1525.0,PG20,,,Dmitry Popko,R,191.0,KAZ,27.277,338.0,150.0,6-4 3-6 7-6(6),3,RR,168.0,3.0,2.0,105.0,70.0,51.0,14.0,16.0,9.0,12.0,3.0,3.0,110.0,77.0,50.0,18.0,15.0,7.0,10.0
2024-M-DC-2024-QLS-M-CAN-KOR-01,Davis Cup QLS R1: CAN vs KOR,Hard,4,D,,20240202,1,D0F6,,,Gabriel Diallo,R,203.0,CAN,22.357,132.0,498.0,KF17,,,Soonwoo Kwon,R,180.0,KOR,26.168,700.0,40.0,6-4 6-4,3,RR,102.0,11.0,2.0,65.0,41.0,26.0,15.0,10.0,1.0,3.0,2.0,4.0,76.0,47.0,26.0,14.0,10.0,5.0,9.0
2024-M-DC-2024-QLS-M-CAN-KOR-01,Davis Cup QLS R1: CAN vs KOR,Hard,4,D,,20240202,2,PD07,,,Vasek Pospisil,R,193.0,CAN,33.613,486.0,84.0,HC21,,,Seongchan Hong,R,175.0,KOR,26.593,224.0,273.0,6-4 6-3,3,RR,108.0,6.0,5.0,67.0,40.0,30.0,11.0,10.0,3.0,5.0,2.0,2.0,67.0,44.0,25.0,10.0,9.0,6.0,10.0
2024-M-DC-2024-QLS-M-CAN-KOR-01,Davis Cup QLS R1: CAN vs KOR,Hard,4,D,,20240202,3,D0F6,,,Gabriel Diallo,R,203.0,CAN,22.357,132.0,498.0,HC21,,,Seongchan Hong,R,175.0,KOR,26.593,224.0,273.0,7-5 4-6 6-1,3,RR,153.0,9.0,1.0,83.0,62.0,47.0,12.0,15.0,2.0,4.0,1.0,1.0,106.0,71.0,41.0,19.0,14.0,8.0,12.0
2024-M-DC-2024-QLS-M-CHI-PER-01,Davis Cup QLS R1: CHI vs PER,Hard,4,D,,20240203,1,TE30,,,Alejandro Tabilo,L,188.0,CHI,26.672,54.0,936.0,V836,,,Juan Pablo Varillas,R,185.0,PER,28.329,87.0,684.0,4-6 6-2 6-1,3,RR,107.0,13.0,3.0,71.0,43.0,38.0,13.0,13.0,0.0,1.0,9.0,3.0,78.0,44.0,31.0,16.0,12.0,4.0,8.0
2024-M-DC-2024-QLS-M-CHI-PER-01,Davis Cup QLS R1: CHI vs PER,Hard,4,D,,20240203,2,B0ID,,,Ignacio Buse,R,183.0,PER,19.86,438.0,98.0,J551,,,Nicolas Jarry,R,201.0,CHI,28.315,20.0,1810.0,6-2 2-6 6-3,3,RR,125.0,2.0,1.0,76.0,50.0,34.0,13.0,13.0,1.0,3.0,10.0,1.0,82.0,39.0,27.0,22.0,12.0,3.0,7.0
2024-M-DC-2024-QLS-M-CHI-PER-01,Davis Cup QLS R1: CHI vs PER,Hard,4,D,,20240203,3,J551,,,Nicolas Jarry,R,201.0,CHI,28.315,20.0,1810.0,V836,,,Juan Pablo Varillas,R,185.0,PER,28.329,87.0,684.0,6-2 6-4,3,RR,96.0,8.0,0.0,40.0,25.0,24.0,12.0,9.0,0.0,0.0,4.0,3.0,84.0,54.0,36.0,10.0,9.0,11.0,14.0
2024-M-DC-2024-QLS-M-CHI-PER-01,Davis Cup QLS R1: CHI vs PER,Hard,4,D,,20240203,4,TE30,,,Alejandro Tabilo,L,188.0,CHI,26.672,54.0,936.0,B0ID,,,Ignacio Buse,R,183.0,PER,19.86,438.0,98.0,2-6 6-3 6-2,3,RR,104.0,14.0,4.0,75.0,52.0,40.0,11.0,13.0,7.0,9.0,1.0,1.0,75.0,54.0,39.0,7.0,12.0,5.0,8.0
2024-M-DC-2024-QLS-M-CRO-BEL-01,Davis Cup QLS R1: CRO vs BEL,Hard,4,D,,20240203,1,BU13,,,Zizou Bergs,R,185.0,BEL,24.671,131.0,499.0,C977,,,Marin Cilic,R,198.0,CRO,35.348,1044.0,10.0,6-4 4-6 6-4,3,RR,160.0,15.0,1.0,87.0,57.0,45.0,18.0,15.0,6.0,7.0,9.0,6.0,99.0,56.0,42.0,21.0,15.0,14.0,16.0
2024-M-DC-2024-QLS-M-CRO-BEL-01,Davis Cup QLS R1: CRO vs BEL,Hard,4,D,,20240203,2,A0CJ,,,Duje Ajdukovic,R,188.0,CRO,22.992,125.0,510.0,DA86,,,Joris De Loore,R,191.0,BEL,30.787,192.0,317.0,6-1 6-4,3,RR,79.0,11.0,4.0,52.0,35.0,27.0,9.0,9.0,3.0,4.0,4.0,1.0,55.0,37.0,20.0,6.0,8.0,5.0,9.0
2024-M-DC-2024-QLS-M-CRO-BEL-01,Davis Cup QLS R1: CRO vs BEL,Hard,4,D,,20240203,3,BU13,,,Zizou Bergs,R,185.0,BEL,24.671,131.0,499.0,A0CJ,,,Duje Ajdukovic,R,188.0,CRO,22.992,125.0,510.0,6-1 7-5,3,RR,95.0,6.0,1.0,72.0,43.0,32.0,14.0,10.0,3.0,4.0,1.0,1.0,50.0,30.0,19.0,8.0,9.0,0.0,4.0
2024-M-DC-2024-QLS-M-CZE-ISR-01,Davis Cup QLS R1: CZE vs ISR,Hard,4,D,,20240203,1,M0NI,,,Jakub Mensik,R,196.0,CZE,18.423,127.0,506.0,O674,,,Yshai Oliel,L,188.0,ISR,24.079,415.0,109.0,6-1 7-6(4),3,RR,94.0,10.0,3.0,63.0,37.0,32.0,16.0,10.0,3.0,3.0,4.0,1.0,62.0,41.0,26.0,11.0,9.0,3.0,5.0
2024-M-DC-2024-QLS-M-CZE-ISR-01,Davis Cup QLS R1: CZE vs ISR,Hard,4,D,,20240203,2,L0BV,,,Jiri Lehecka,R,185.0,CZE,22.237,31.0,1245.0,CL82,,,Daniel Cukierman,R,,ISR,28.572,465.0,91.0,6-1 7-6(2),3,RR,88.0,3.0,2.0,57.0,37.0,28.0,11.0,10.0,0.0,1.0,1.0,3.0,65.0,41.0,22.0,10.0,9.0,1.0,5.0
2024-M-DC-2024-QLS-M-CZE-ISR-01,Davis Cup QLS R1: CZE vs ISR,Hard,4,D,,20240203,3,KI82,,,Vit Kopriva,R,178.0,CZE,26.637,115.0,546.0,K0HO,,,Orel Kimhi,R,173.0,ISR,20.46,456.0,93.0,3-6 6-3 [11-9],3,RR,93.0,7.0,5.0,57.0,36.0,31.0,9.0,9.0,0.0,1.0,0.0,1.0,67.0,48.0,34.0,8.0,9.0,2.0,3.0
2024-M-DC-2024-QLS-M-FIN-POR-01,Davis Cup QLS R1: FIN vs POR,Hard,4,D,,20240202,1,V0AM,,,Otto Virtanen,R,193.0,FIN,22.617,166.0,370.0,BT72,,,Nuno Borges,R,185.0,POR,26.951,47.0,1004.0,6-2 6-1,3,RR,60.0,10.0,3.0,53.0,33.0,26.0,9.0,8.0,5.0,5.0,1.0,1.0,43.0,31.0,18.0,3.0,7.0,4.0,9.0
2024-M-DC-2024-QLS-M-FIN-POR-01,Davis Cup QLS R1: FIN vs POR,Hard,4,D,,20240202,2,RH24,,,Emil Ruusuvuori,R,188.0,FIN,24.838,55.0,926.0,SH90,,,Joao Sousa,R,185.0,POR,34.845,245.0,245.0,6-2 6-3,3,RR,68.0,4.0,0.0,42.0,21.0,17.0,15.0,9.0,0.0,1.0,1.0,1.0,52.0,39.0,22.0,4.0,8.0,3.0,7.0
2024-M-DC-2024-QLS-M-FIN-POR-01,Davis Cup QLS R1: FIN vs POR,Hard,4,D,,20240202,3,R0GO,,,Henrique Rocha,R,180.0,POR,19.825,243.0,247.0,V993,,,Eero Vasa,R,185.0,FIN,27.001,1005.0,12.0,6-4 7-5,3,RR,87.0,3.0,3.0,62.0,35.0,24.0,17.0,11.0,1.0,3.0,4.0,1.0,77.0,55.0,33.0,9.0,11.0,4.0,8.0
2024-M-DC-2024-QLS-M-HUN-GER-01,Davis Cup QLS R1: HUN vs GER,Hard,4,D,,20240202,1,KE73,,,Dominik Koepfer,L,180.0,GER,29.763,60.0,868.0,M0CI,,,Fabian Marozsan,R,193.0,HUN,24.32,57.0,896.0,6-2 7-6(4),3,RR,91.0,7.0,2.0,68.0,47.0,37.0,12.0,10.0,4.0,4.0,2.0,0.0,75.0,57.0,38.0,8.0,10.0,7.0,9.0
2024-M-DC-2024-QLS-M-HUN-GER-01,Davis Cup QLS R1: HUN vs GER,Hard,4,D,,20240202,2,F724,,,Marton Fucsovics,R,188.0,HUN,31.984,82.0,702.0,SL28,,,Jan-Lennard Struff,R,193.0,GER,33.774,24.0,1526.0,6-3 7-5,3,RR,99.0,10.0,0.0,79.0,51.0,36.0,18.0,11.0,11.0,11.0,3.0,4.0,64.0,30.0,26.0,15.0,10.0,5.0,7.0
2024-M-DC-2024-QLS-M-HUN-GER-01,Davis Cup QLS R1: HUN vs GER,Hard,4,D,,20240202,3,SL28,,,Jan-Lennard Struff,R,193.0,GER,33.774,24.0,1526.0,VA70,,,Mate Valkusz,R,183.0,HUN,25.473,213.0,290.0,6-3 6-2,3,RR,59.0,10.0,2.0,50.0,28.0,22.0,14.0,9.0,1.0,2.0,4.0,3.0,48.0,32.0,18.0,6.0,8.0,2.0,6.0
2024-M-DC-2024-QLS-M-HUN-GER-01,Davis Cup QLS R1: HUN vs GER,Hard,4,D,,20240202,4,P09O,,,Zsombor Piros,R,180.0,HUN,24.307,129.0,505.0,KB92,,,Kevin Krawietz,R,188.0,GER,32.025,,,7-6(2) 6-3,3,RR,77.0,7.0,1.0,70.0,42.0,30.0,16.0,11.0,4.0,6.0,0.0,1.0,71.0,49.0,27.0,12.0,10.0,8.0,11.0
2024-M-DC-2024-QLS-M-NED-SUI-01,Davis Cup QLS R1: NED vs SUI,Hard,4,D,,20240202,1,GJ37,,,Tallon Griekspoor,R,188.0,NED,27.587,29.0,1420.0,HH06,,,Marc-Andrea Huesler,L,196.0,SUI,27.608,199.0,311.0,7-6(3) 7-6(3),3,RR,110.0,12.0,2.0,76.0,52.0,44.0,12.0,12.0,2.0,3.0,10.0,0.0,77.0,49.0,38.0,14.0,12.0,1.0,2.0
2024-M-DC-2024-QLS-M-NED-SUI-01,Davis Cup QLS R1: NED vs SUI,Hard,4,D,,20240202,2,R0FS,,,Leandro Riedi,R,191.0,SUI,22.015,175.0,352.0,V812,,,Botic van de Zandschulp,R,191.0,NED,28.331,63.0,855.0,6-4 7-6(3),3,RR,101.0,2.0,1.0,71.0,50.0,35.0,11.0,11.0,4.0,6.0,8.0,3.0,65.0,35.0,25.0,16.0,11.0,2.0,5.0
2024-M-DC-2024-QLS-M-NED-SUI-01,Davis Cup QLS R1: NED vs SUI,Hard,4,D,,20240202,3,GJ37,,,Tallon Griekspoor,R,188.0,NED,27.587,29.0,1420.0,R0FS,,,Leandro Riedi,R,191.0,SUI,22.015,175.0,352.0,7-6(6) 7-6(3),3,RR,103.0,7.0,2.0,70.0,47.0,43.0,17.0,12.0,0.0,0.0,8.0,3.0,79.0,51.0,42.0,17.0,12.0,0.0,0.0
2024-M-DC-2024-QLS-M-NED-SUI-01,Davis Cup QLS R1: NED vs SUI,Hard,4,D,,20240202,4,V812,,,Botic van de Zandschulp,R,191.0,NED,28.331,63.0,855.0,HH06,,,Marc-Andrea Huesler,L,196.0,SUI,27.608,199.0,311.0,5-7 7-6(5) 6-3,3,RR,149.0,10.0,1.0,92.0,72.0,52.0,13.0,17.0,1.0,4.0,10.0,1.0,103.0,64.0,47.0,19.0,16.0,6.0,9.0
2024-M-DC-2024-QLS-M-SRB-SVK-01,Davis Cup QLS R1: SRB vs SVK,Clay,4,D,,20240202,1,KI63,,,Lukas Klein,R,193.0,SVK,25.867,142.0,464.0,KI95,,,Miomir Kecmanovic,R,183.0,SRB,24.424,41.0,1080.0,7-6(2) 6-2,3,RR,89.0,13.0,0.0,66.0,48.0,35.0,9.0,10.0,3.0,5.0,0.0,1.0,65.0,42.0,25.0,10.0,10.0,3.0,7.0
2024-M-DC-2024-QLS-M-SRB-SVK-01,Davis Cup QLS R1: SRB vs SVK,Clay,4,D,,20240202,2,MV14,,,Alex Molcan,L,178.0,SVK,26.171,122.0,518.0,L987,,,Dusan Lajovic,R,183.0,SRB,33.593,53.0,939.0,4-6 6-2 6-0,3,RR,115.0,2.0,2.0,74.0,48.0,36.0,8.0,12.0,2.0,5.0,5.0,0.0,74.0,56.0,30.0,4.0,12.0,2.0,9.0
2024-M-DC-2024-QLS-M-SRB-SVK-01,Davis Cup QLS R1: SRB vs SVK,Clay,4,D,,20240202,3,P0HP,,,Lukas Pokorny,R,191.0,SVK,21.927,589.0,60.0,DB63,,,Laslo Djere,R,188.0,SRB,28.671,34.0,1215.0,4-3 RET,3,RR,24.0,3.0,0.0,25.0,14.0,10.0,5.0,4.0,2.0,3.0,0.0,1.0,17.0,11.0,6.0,4.0,3.0,0.0,1.0
2024-M-DC-2024-QLS-M-SWE-BRA-01,Davis Cup QLS R1: SWE vs BRA,Hard,4,D,,20240202,1,MJ08,,,Thiago Monteiro,L,183.0,BRA,29.676,119.0,535.0,F09J,,,Karl Friberg,R,191.0,SWE,24.86,364.0,134.0,6-3 7-6(5),3,RR,110.0,9.0,3.0,78.0,51.0,37.0,17.0,11.0,7.0,8.0,7.0,2.0,65.0,36.0,24.0,16.0,10.0,3.0,5.0
2024-M-DC-2024-QLS-M-SWE-BRA-01,Davis Cup QLS R1: SWE vs BRA,Hard,4,D,,20240202,2,Y218,,,Elias Ymer,R,185.0,SWE,27.814,160.0,399.0,H0DU,,,Gustavo Heide,R,191.0,BRA,21.927,241.0,249.0,4-6 6-1 6-3,3,RR,107.0,10.0,2.0,64.0,34.0,32.0,19.0,13.0,0.0,1.0,5.0,4.0,89.0,49.0,33.0,20.0,13.0,8.0,12.0
2024-M-DC-2024-QLS-M-SWE-BRA-01,Davis Cup QLS R1: SWE vs BRA,Hard,4,D,,20240202,3,MJ08,,,Thiago Monteiro,L,183.0,BRA,29.676,119.0,535.0,Y218,,,Elias Ymer,R,185.0,SWE,27.814,160.0,399.0,4-6 6-4 6-2,3,RR,142.0,5.0,2.0,89.0,53.0,38.0,21.0,14.0,4.0,7.0,9.0,9.0,88.0,49.0,36.0,14.0,14.0,3.0,8.0
2024-M-DC-2024-QLS-M-TPE-FRA-01,Davis Cup QLS R1: TPE vs FRA,Hard,4,D,,20240203,1,V0DZ,,,Luca Van Assche,R,178.0,FRA,19.732,68.0,814.0,H09F,,,Yu Hsiou Hsu,R,178.0,TPE,24.841,230.0,266.0,6-4 6-4,3,RR,95.0,3.0,3.0,56.0,37.0,28.0,8.0,10.0,3.0,5.0,1.0,2.0,57.0,32.0,17.0,14.0,10.0,1.0,5.0
2024-M-DC-2024-QLS-M-TPE-FRA-01,Davis Cup QLS R1: TPE vs FRA,Hard,4,D,,20240203,2,ME82,,,Adrian Mannarino,L,180.0,FRA,35.598,17.0,1920.0,W857,,,Tung-Lin Wu,R,188.0,TPE,25.73,238.0,255.0,6-3 7-5,3,RR,102.0,10.0,0.0,70.0,48.0,33.0,12.0,11.0,6.0,8.0,6.0,1.0,59.0,36.0,23.0,8.0,10.0,2.0,6.0
2024-M-DC-2024-QLS-M-TPE-FRA-01,Davis Cup QLS R1: TPE vs FRA,Hard,4,D,,20240203,3,HB64,,,Quentin Halys,R,191.0,FRA,27.272,100.0,615.0,T0AP,,,Chun-Hsin Tseng,R,175.0,TPE,22.489,305.0,177.0,6-3 7-6(3),3,RR,83.0,15.0,0.0,62.0,45.0,35.0,12.0,11.0,0.0,1.0,2.0,3.0,65.0,33.0,27.0,14.0,10.0,3.0,5.0
2024-M-DC-2024-QLS-M-UKR-USA-01,Davis Cup QLS R1: UKR vs USA,Hard,4,D,,20240201,1,K0AH,,,Sebastian Korda,R,196.0,USA,23.576,33.0,1220.0,K0DP,,,Oleksii Krutykh,R,185.0,UKR,23.896,342.0,149.0,6-3 6-7(3) 6-4,3,RR,132.0,16.0,3.0,88.0,51.0,40.0,17.0,16.0,1.0,3.0,4.0,4.0,114.0,65.0,40.0,24.0,15.0,5.0,10.0
2024-M-DC-2024-QLS-M-UKR-USA-01,Davis Cup QLS R1: UKR vs USA,Hard,4,D,,20240201,2,E865,,,Christopher Eubanks,R,201.0,USA,27.743,32.0,1220.0,B0LL,,,Viacheslav Bielinskyi,R,,UKR,20.167,498.0,81.0,6-3 6-2,3,RR,78.0,7.0,2.0,61.0,46.0,31.0,9.0,9.0,6.0,7.0,1.0,4.0,59.0,32.0,20.0,11.0,8.0,7.0,11.0
2024-M-DC-2024-QLS-M-UKR-USA-01,Davis Cup QLS R1: UKR vs USA,Hard,4,D,,20240201,3,FB98,,,Taylor Fritz,R,196.0,USA,26.261,9.0,3195.0,O659,,,Vladyslav Orlov,R,188.0,UKR,28.712,598.0,58.0,6-3 6-4 RET,3,RR,75.0,9.0,4.0,60.0,32.0,28.0,14.0,10.0,3.0,4.0,3.0,3.0,55.0,26.0,16.0,15.0,9.0,0.0,3.0
2024-M-DC-2024-WG1-PO-BUL-BIH-01,Davis Cup WG1 PO: BUL vs BIH,Hard,4,D,,20240203,1,F840,,,Nerman Fatic,R,191.0,BIH,29.279,204.0,301.0,KC33,,,Dimitar Kuzmanov,R,183.0,BUL,30.519,225.0,269.0,3-6 6-3 6-4,3,RR,146.0,5.0,5.0,77.0,41.0,30.0,21.0,14.0,1.0,4.0,0.0,4.0,95.0,61.0,39.0,16.0,14.0,7.0,11.0
2024-M-DC-2024-WG1-PO-BUL-BIH-01,Davis Cup WG1 PO: BUL vs BIH,Hard,4,D,,20240203,2,D923,,,Damir Dzumhur,R,175.0,BIH,31.707,147.0,427.0,M0KA,,,Yanaki Milev,R,180.0,BUL,19.803,550.0,68.0,6-3 6-2,3,RR,74.0,0.0,1.0,55.0,39.0,25.0,12.0,9.0,2.0,3.0,1.0,3.0,49.0,27.0,15.0,9.0,8.0,3.0,7.0
2024-M-DC-2024-WG1-PO-BUL-BIH-01,Davis Cup WG1 PO: BUL vs BIH,Hard,4,D,,20240203,3,N0CJ,,,Petr Nesterov,R,,BUL,20.912,564.0,65.0,N0DB,,,Andrej Nedic,R,185.0,BIH,19.299,591.0,59.0,4-6 6-2 [10-8],3,RR,127.0,3.0,5.0,71.0,39.0,28.0,16.0,9.0,2.0,3.0,2.0,6.0,98.0,52.0,36.0,20.0,9.0,18.0,20.0
2024-M-DC-2024-WG1-PO-COL-LUX-01,Davis Cup WG1 PO: COL vs LUX,Clay,4,D,,20240202,1,R0E0,,,Chris Rodesch,R,198.0,LUX,22.543,648.0,50.0,M0AW,,,Nicolas Mejia,R,183.0,COL,23.975,411.0,111.0,7-6(3) 6-3,3,RR,110.0,9.0,2.0,71.0,55.0,39.0,9.0,11.0,1.0,2.0,1.0,2.0,70.0,51.0,32.0,12.0,10.0,3.0,6.0
2024-M-DC-2024-WG1-PO-COL-LUX-01,Davis Cup WG1 PO: COL vs LUX,Clay,4,D,,20240202,2,KJ00,,,Alex Knaff,R,193.0,LUX,26.185,500.0,80.0,S0BT,,,Adria Soriano Barrera,R,191.0,COL,24.671,593.0,59.0,6-4 2-6 6-4,3,RR,125.0,2.0,5.0,81.0,46.0,31.0,21.0,14.0,3.0,6.0,11.0,6.0,87.0,49.0,38.0,20.0,14.0,6.0,9.0
2024-M-DC-2024-WG1-PO-COL-LUX-01,Davis Cup WG1 PO: COL vs LUX,Clay,4,D,,20240202,3,M0AW,,,Nicolas Mejia,R,183.0,COL,23.975,411.0,111.0,KJ00,,,Alex Knaff,R,193.0,LUX,26.185,500.0,80.0,6-2 6-3,3,RR,82.0,4.0,1.0,58.0,40.0,29.0,10.0,9.0,3.0,4.0,0.0,5.0,53.0,34.0,21.0,7.0,8.0,3.0,7.0
2024-M-DC-2024-WG1-PO-COL-LUX-01,Davis Cup WG1 PO: COL vs LUX,Clay,4,D,,20240202,4,S0BT,,,Adria Soriano Barrera,R,191.0,COL,24.671,593.0,59.0,R0E0,,,Chris Rodesch,R,198.0,LUX,22.543,648.0,50.0,6-3 7-6(5),3,RR,107.0,6.0,5.0,77.0,50.0,37.0,12.0,11.0,3.0,4.0,6.0,3.0,79.0,61.0,37.0,10.0,10.0,8.0,11.0
2024-M-DC-2024-WG1-PO-EGY-ECU-01,Davis Cup WG1 PO: EGY vs ECU,Clay,4,D,,20240202,1,SK47,,,Mohamed Safwat,R,180.0,EGY,33.372,358.0,138.0,G0DH,,,Alvaro Guillen Meza,R,175.0,ECU,21.084,312.0,173.0,4-6 7-6(6) 7-6(6),3,RR,216.0,2.0,2.0,135.0,78.0,53.0,23.0,17.0,9.0,15.0,2.0,5.0,116.0,88.0,53.0,15.0,17.0,7.0,12.0
2024-M-DC-2024-WG1-PO-EGY-ECU-01,Davis Cup WG1 PO: EGY vs ECU,Clay,4,D,,20240202,2,M0L0,,,Amr Elsayed Abdou Ah Mohamed,,,EGY,24.917,,,GA36,,,Emilio Gomez,R,185.0,ECU,32.181,307.0,175.0,7-5 6-3,3,RR,93.0,2.0,0.0,52.0,34.0,26.0,9.0,11.0,0.0,2.0,0.0,3.0,72.0,47.0,29.0,9.0,10.0,8.0,13.0
2024-M-DC-2024-WG1-PO-EGY-ECU-01,Davis Cup WG1 PO: EGY vs ECU,Clay,4,D,,20240202,3,AG08,,,Andres Andrade,R,180.0,ECU,25.136,669.0,46.0,B0LV,,,Michael Bassem Sobhy,R,,EGY,19.74,1090.0,9.0,4-6 7-5 [7-10],3,RR,109.0,0.0,4.0,81.0,49.0,32.0,17.0,11.0,5.0,8.0,2.0,1.0,71.0,37.0,23.0,20.0,11.0,3.0,6.0
2024-M-DC-2024-WG1-PO-GRE-ROU-01,Davis Cup WG1 PO: GRE vs ROU,Hard,4,D,,20240203,1,TE51,,,Stefanos Tsitsipas,R,193.0,GRE,25.478,10.0,3025.0,CA99,,,Marius Copil,R,191.0,ROU,33.298,283.0,198.0,6-3 6-4,3,RR,77.0,6.0,2.0,60.0,30.0,25.0,20.0,10.0,3.0,3.0,6.0,2.0,50.0,32.0,28.0,6.0,9.0,5.0,7.0
2024-M-DC-2024-WG1-PO-GRE-ROU-01,Davis Cup WG1 PO: GRE vs ROU,Hard,4,D,,20240203,2,T0EI,,,Aristotelis Thanos,R,193.0,GRE,22.825,1433.0,3.0,I0A7,,,Nicholas David Ionel,R,,ROU,21.311,265.0,219.0,4-6 6-3 6-2,3,RR,136.0,4.0,8.0,87.0,56.0,43.0,15.0,14.0,3.0,5.0,0.0,0.0,87.0,70.0,44.0,9.0,13.0,5.0,9.0
2024-M-DC-2024-WG1-PO-GRE-ROU-01,Davis Cup WG1 PO: GRE vs ROU,Hard,4,D,,20240203,3,X01C,,,Ioannis Xilas,R,178.0,GRE,22.73,1286.0,5.0,P0ME,,,Luca Preda,R,201.0,ROU,17.878,1099.0,8.0,6-1 6-4,3,RR,83.0,0.0,1.0,47.0,32.0,20.0,8.0,9.0,0.0,2.0,3.0,1.0,64.0,42.0,19.0,9.0,8.0,8.0,14.0
2024-M-DC-2024-WG1-PO-IRL-AUT-01,Davis Cup WG1 PO: IRL vs AUT,Hard,4,D,,20240203,1,TB69,,,Dominic Thiem,R,185.0,AUT,30.418,90.0,664.0,A0JA,,,Michael Agwi,R,193.0,IRL,20.416,935.0,16.0,7-6(6) 6-3,3,RR,106.0,4.0,5.0,69.0,44.0,33.0,13.0,11.0,1.0,3.0,9.0,2.0,65.0,38.0,28.0,10.0,10.0,1.0,4.0
2024-M-DC-2024-WG1-PO-IRL-AUT-01,Davis Cup WG1 PO: IRL vs AUT,Hard,4,D,,20240203,2,O513,,,Sebastian Ofner,R,191.0,AUT,27.729,40.0,1091.0,O684,,,Osgar O'Hoisin,R,193.0,IRL,27.417,1015.0,12.0,6-4 6-4,3,RR,69.0,8.0,1.0,49.0,33.0,32.0,9.0,10.0,2.0,2.0,11.0,4.0,54.0,29.0,24.0,12.0,10.0,1.0,3.0
2024-M-DC-2024-WG1-PO-IRL-AUT-01,Davis Cup WG1 PO: IRL vs AUT,Hard,4,D,,20240203,3,MO55,,,Lucas Miedler,R,183.0,AUT,27.619,1071.0,9.0,A0JA,,,Michael Agwi,R,193.0,IRL,20.416,935.0,16.0,6-3 3-6 [8-10],3,RR,88.0,3.0,1.0,71.0,41.0,28.0,17.0,9.0,6.0,7.0,13.0,2.0,56.0,41.0,30.0,9.0,9.0,1.0,2.0
2024-M-DC-2024-WG1-PO-LBN-JPN-01,Davis Cup WG1 PO: LBN vs JPN,Clay,4,D,,20240202,1,N732,,,Yoshihito Nishioka,L,170.0,JPN,28.35,84.0,695.0,HF80,,,Hady Habib,R,188.0,LBN,25.451,304.0,179.0,6-3 6-4,3,RR,90.0,0.0,1.0,64.0,44.0,31.0,6.0,10.0,6.0,8.0,5.0,2.0,71.0,41.0,28.0,10.0,9.0,2.0,7.0
2024-M-DC-2024-WG1-PO-LBN-JPN-01,Davis Cup WG1 PO: LBN vs JPN,Clay,4,D,,20240202,2,HG94,,,Benjamin Hassan,R,183.0,LBN,28.994,152.0,419.0,WB08,,,Yosuke Watanuki,R,180.0,JPN,25.81,113.0,550.0,6-2 7-6(3),3,RR,89.0,4.0,4.0,70.0,39.0,33.0,17.0,10.0,3.0,3.0,2.0,3.0,62.0,28.0,22.0,16.0,10.0,1.0,3.0
2024-M-DC-2024-WG1-PO-LBN-JPN-01,Davis Cup WG1 PO: LBN vs JPN,Clay,4,D,,20240202,3,N732,,,Yoshihito Nishioka,L,170.0,JPN,28.35,84.0,695.0,HG94,,,Benjamin Hassan,R,183.0,LBN,28.994,152.0,419.0,1-6 7-6(2) 6-4,3,RR,130.0,1.0,2.0,77.0,50.0,34.0,16.0,15.0,2.0,6.0,8.0,3.0,110.0,61.0,37.0,27.0,14.0,5.0,8.0
2024-M-DC-2024-WG1-PO-LTU-GEO-01,Davis Cup WG1 PO: LTU vs GEO,Hard,4,D,,20240203,1,P0EA,,,Saba Purtseladze,R,191.0,GEO,22.456,450.0,95.0,G0FW,,,Vilius Gaubas,R,178.0,LTU,19.097,366.0,132.0,6-3 1-6 7-5,3,RR,115.0,2.0,0.0,81.0,35.0,23.0,25.0,14.0,5.0,9.0,2.0,5.0,76.0,48.0,36.0,13.0,14.0,4.0,8.0
2024-M-DC-2024-WG1-PO-LTU-GEO-01,Davis Cup WG1 PO: LTU vs GEO,Hard,4,D,,20240203,2,BE90,,,Ricardas Berankis,R,175.0,LTU,33.621,248.0,238.0,T0AG,,,Zura Tkemaladze,R,188.0,GEO,23.666,721.0,37.0,6-2 6-2,3,RR,91.0,0.0,2.0,53.0,30.0,22.0,12.0,8.0,4.0,5.0,0.0,3.0,85.0,62.0,29.0,12.0,8.0,13.0,18.0
2024-M-DC-2024-WG1-PO-LTU-GEO-01,Davis Cup WG1 PO: LTU vs GEO,Hard,4,D,,20240203,3,BE90,,,Ricardas Berankis,R,175.0,LTU,33.621,248.0,238.0,P0EA,,,Saba Purtseladze,R,191.0,GEO,22.456,450.0,95.0,7-6(5) 3-6 7-6(7),3,RR,175.0,1.0,7.0,146.0,82.0,55.0,34.0,17.0,13.0,16.0,17.0,4.0,107.0,69.0,55.0,16.0,16.0,2.0,3.0
2024-M-DC-2024-WG1-PO-LTU-GEO-01,Davis Cup WG1 PO: LTU vs GEO,Hard,4,D,,20240203,4,G0FW,,,Vilius Gaubas,R,178.0,LTU,19.097,366.0,132.0,T0AG,,,Zura Tkemaladze,R,188.0,GEO,23.666,721.0,37.0,7-5 6-3,3,RR,109.0,2.0,3.0,83.0,60.0,42.0,11.0,11.0,7.0,8.0,0.0,3.0,62.0,42.0,28.0,8.0,10.0,4.0,7.0
2024-M-DC-2024-WG1-PO-MEX-DEN-01,Davis Cup WG1 PO: MEX vs DEN,Clay,4,D,,20240203,1,M0K4,,,Elmer Moller,R,183.0,DEN,20.572,361.0,136.0,E873,,,Ernesto Escobedo,R,185.0,MEX,27.584,493.0,82.0,5-7 6-2 6-2,3,RR,138.0,2.0,10.0,78.0,36.0,31.0,23.0,14.0,4.0,6.0,0.0,5.0,97.0,59.0,37.0,17.0,14.0,4.0,9.0
2024-M-DC-2024-WG1-PO-MEX-DEN-01,Davis Cup WG1 PO: MEX vs DEN,Clay,4,D,,20240203,2,P0J1,,,Rodrigo Pacheco Mendez,L,191.0,MEX,18.776,696.0,41.0,H09N,,,August Holmgren,R,188.0,DEN,25.785,292.0,189.0,7-6(5) 6-7(2) 6-3,3,RR,141.0,11.0,4.0,111.0,68.0,50.0,31.0,17.0,2.0,2.0,22.0,8.0,104.0,64.0,52.0,23.0,16.0,4.0,5.0
2024-M-DC-2024-WG1-PO-MEX-DEN-01,Davis Cup WG1 PO: MEX vs DEN,Clay,4,D,,20240203,3,H09N,,,August Holmgren,R,188.0,DEN,25.785,292.0,189.0,E873,,,Ernesto Escobedo,R,185.0,MEX,27.584,493.0,82.0,6-4 6-4,3,RR,84.0,10.0,6.0,52.0,31.0,28.0,10.0,10.0,0.0,1.0,4.0,3.0,64.0,39.0,28.0,10.0,10.0,7.0,10.0
2024-M-DC-2024-WG1-PO-NOR-LAT-01,Davis Cup WG1 PO: NOR vs LAT,Hard,4,D,,20240202,1,DC76,,,Viktor Durasovic,R,185.0,NOR,26.875,413.0,110.0,S0GV,,,Robert Strombachs,R,191.0,LAT,24.383,346.0,146.0,7-5 6-2,3,RR,75.0,5.0,5.0,61.0,36.0,31.0,13.0,10.0,1.0,1.0,3.0,0.0,60.0,46.0,31.0,7.0,10.0,5.0,8.0
2024-M-DC-2024-WG1-PO-NOR-LAT-01,Davis Cup WG1 PO: NOR vs LAT,Hard,4,D,,20240202,2,RH16,,,Casper Ruud,R,183.0,NOR,25.114,12.0,2965.0,R0CT,,,Martins Rocens,R,185.0,LAT,23.817,1763.0,1.0,6-1 6-1,3,RR,48.0,2.0,0.0,34.0,22.0,21.0,7.0,7.0,0.0,0.0,4.0,10.0,41.0,22.0,15.0,3.0,7.0,3.0,8.0
2024-M-DC-2024-WG1-PO-NOR-LAT-01,Davis Cup WG1 PO: NOR vs LAT,Hard,4,D,,20240202,3,B0U4,,,Nicolai Budkov Kjaer,R,191.0,NOR,17.421,,,R0JJ,,,Davis Rolis,,,LAT,19.017,,,6-3 6-4,3,RR,61.0,8.0,2.0,59.0,42.0,38.0,5.0,10.0,6.0,7.0,1.0,2.0,47.0,30.0,17.0,9.0,9.0,1.0,4.0
2024-M-DC-2024-WG1-PO-NZL-TUR-01,Davis Cup WG1 PO: NZL vs TUR,Hard,4,D,,20240202,1,P0ED,,,Kiranpal Pannu,R,185.0,NZL,27.069,716.0,37.0,I306,,,Cem Ilkel,R,185.0,TUR,28.452,284.0,198.0,6-3 6-2,3,RR,104.0,2.0,2.0,54.0,37.0,28.0,9.0,9.0,4.0,5.0,3.0,6.0,65.0,33.0,19.0,14.0,8.0,7.0,11.0
2024-M-DC-2024-WG1-PO-NZL-TUR-01,Davis Cup WG1 PO: NZL vs TUR,Hard,4,D,,20240202,2,E0AA,,,Yanki Erel,L,178.0,TUR,23.354,325.0,163.0,R0DC,,,Ajeet Rai,R,188.0,NZL,25.04,538.0,70.0,6-7(5) 6-2 6-4,3,RR,125.0,2.0,7.0,82.0,47.0,37.0,20.0,15.0,1.0,3.0,13.0,9.0,94.0,46.0,35.0,18.0,15.0,4.0,9.0
2024-M-DC-2024-WG1-PO-NZL-TUR-01,Davis Cup WG1 PO: NZL vs TUR,Hard,4,D,,20240202,3,CH05,,,Altug Celikbilek,R,183.0,TUR,27.403,371.0,131.0,R0DC,,,Ajeet Rai,R,188.0,NZL,25.04,538.0,70.0,6-3 6-2,3,RR,116.0,1.0,3.0,68.0,43.0,31.0,14.0,9.0,7.0,7.0,6.0,3.0,61.0,29.0,16.0,16.0,8.0,1.0,5.0
2024-M-DC-2024-WG1-PO-PAK-IND-01,Davis Cup WG1 PO: PAK vs IND,Grass,4,D,,20240203,1,RB56,,,Ramkumar Ramanathan,R,188.0,IND,29.238,461.0,91.0,Q019,,,Aisam-Ul-Haq Qureshi,R,183.0,PAK,43.882,,,6-7(3) 7-6(4) 6-0,3,RR,120.0,20.0,1.0,85.0,45.0,35.0,33.0,15.0,2.0,3.0,13.0,10.0,92.0,56.0,44.0,15.0,15.0,2.0,6.0
2024-M-DC-2024-WG1-PO-PAK-IND-01,Davis Cup WG1 PO: PAK vs IND,Grass,4,D,,20240203,2,N558,,,N.Sriram Balaji,R,180.0,IND,33.881,,,K425,,,Aqeel Khan,R,,PAK,44.011,,,7-5 6-3,3,RR,75.0,8.0,1.0,55.0,33.0,27.0,17.0,11.0,0.0,0.0,3.0,1.0,55.0,27.0,23.0,16.0,10.0,3.0,5.0
2024-M-DC-2024-WG1-PO-PAK-IND-01,Davis Cup WG1 PO: PAK vs IND,Grass,4,D,,20240203,3,KH77,,,Niki Kaliyanda Poonacha,R,191.0,IND,28.772,795.0,27.0,S0HP,,,Muhammad Shoaib,,,PAK,21.966,,,6-3 6-4,3,RR,63.0,8.0,0.0,52.0,33.0,27.0,13.0,10.0,0.0,0.0,6.0,8.0,76.0,42.0,31.0,13.0,9.0,7.0,9.0
2024-M-DC-2024-WG1-PO-UZB-POL-01,Davis Cup WG1 PO: UZB vs POL,Hard,4,D,,20240202,1,HB71,,,Hubert Hurkacz,R,196.0,POL,26.973,8.0,3540.0,F0A3,,,Sergey Fomin,R,180.0,UZB,23.001,665.0,47.0,6-2 6-1,3,RR,70.0,7.0,2.0,55.0,35.0,26.0,11.0,8.0,1.0,1.0,1.0,2.0,64.0,38.0,23.0,8.0,7.0,5.0,9.0
2024-M-DC-2024-WG1-PO-UZB-POL-01,Davis Cup WG1 PO: UZB vs POL,Hard,4,D,,20240202,2,K0HC,,,Maks Kasnikowski,R,180.0,POL,20.578,271.0,214.0,SR81,,,Khumoyun Sultanov,R,180.0,UZB,25.268,330.0,156.0,6-3 6-1,3,RR,85.0,9.0,2.0,67.0,42.0,28.0,14.0,8.0,6.0,7.0,2.0,2.0,53.0,32.0,17.0,8.0,8.0,4.0,9.0
2024-M-DC-2024-WG1-PO-UZB-POL-01,Davis Cup WG1 PO: UZB vs POL,Hard,4,D,,20240202,3,MQ75,,,Kamil Majchrzak,R,183.0,POL,28.055,807.0,25.0,S0UU,,,Maxim Shin,R,191.0,UZB,20.665,1469.0,3.0,6-1 6-1,3,RR,49.0,1.0,1.0,44.0,29.0,22.0,9.0,7.0,8.0,8.0,2.0,4.0,33.0,19.0,8.0,4.0,7.0,1.0,6.0
2024-M-DC-2024-WG2-PO-BOL-THA-01,Davis Cup WG2 PO: BOL vs THA,Clay,4,D,,20240203,1,P0IY,,,Juan Carlos Prado Angelo,R,185.0,BOL,18.913,605.0,56.0,J0D2,,,Maximus Jones,R,185.0,THA,19.411,581.0,61.0,6-3 6-2,3,RR,77.0,4.0,3.0,47.0,23.0,17.0,14.0,9.0,0.0,1.0,3.0,14.0,71.0,33.0,22.0,12.0,8.0,7.0,12.0
2024-M-DC-2024-WG2-PO-BOL-THA-01,Davis Cup WG2 PO: BOL vs THA,Clay,4,D,,20240203,2,DC48,,,Murkel Dellien,R,193.0,BOL,26.382,288.0,192.0,TB70,,,Wishaya Trongcharoenchaikul,R,,THA,28.824,780.0,29.0,6-1 6-1,3,RR,48.0,3.0,0.0,33.0,19.0,18.0,10.0,7.0,0.0,0.0,1.0,6.0,39.0,26.0,15.0,2.0,7.0,2.0,7.0
2024-M-DC-2024-WG2-PO-BOL-THA-01,Davis Cup WG2 PO: BOL vs THA,Clay,4,D,,20240203,3,AA49,,,Boris Arias,R,185.0,BOL,30.234,,,C0DS,,,Thanapet Chanta,R,168.0,THA,24.402,938.0,16.0,6-4 6-3,3,RR,63.0,8.0,3.0,53.0,33.0,27.0,13.0,10.0,3.0,3.0,4.0,7.0,70.0,38.0,28.0,13.0,9.0,6.0,9.0
2024-M-DC-2024-WG2-PO-CHN-SLO-01,Davis Cup WG2 PO: CHN vs SLO,Hard,4,D,,20240202,1,Z371,,,Zhizhen Zhang,R,193.0,CHN,27.296,50.0,951.0,K0JY,,,Matic Kriznik,L,,SLO,18.415,1274.0,5.0,6-0 6-2,3,RR,63.0,5.0,3.0,42.0,18.0,15.0,16.0,7.0,2.0,2.0,3.0,4.0,45.0,17.0,12.0,6.0,7.0,3.0,8.0
2024-M-DC-2024-WG2-PO-CHN-SLO-01,Davis Cup WG2 PO: CHN vs SLO,Hard,4,D,,20240202,2,Z0CQ,,,Yi Zhou,R,193.0,CHN,18.888,877.0,20.0,D0I0,,,Sebastian Dominko,L,203.0,SLO,20.726,1107.0,8.0,7-5 6-7(3) 6-3,3,RR,128.0,3.0,5.0,108.0,55.0,40.0,33.0,17.0,3.0,5.0,9.0,0.0,98.0,60.0,43.0,21.0,16.0,4.0,8.0
2024-M-DC-2024-WG2-PO-CHN-SLO-01,Davis Cup WG2 PO: CHN vs SLO,Hard,4,D,,20240202,3,D0I0,,,Sebastian Dominko,L,203.0,SLO,20.726,1107.0,8.0,Z371,,,Zhizhen Zhang,R,193.0,CHN,27.296,50.0,951.0,6-3 6-4,3,RR,59.0,14.0,3.0,56.0,40.0,34.0,10.0,10.0,2.0,2.0,6.0,4.0,58.0,30.0,22.0,15.0,9.0,8.0,10.0
2024-M-DC-2024-WG2-PO-CHN-SLO-01,Davis Cup WG2 PO: CHN vs SLO,Hard,4,D,,20240202,4,Z0CQ,,,Yi Zhou,R,193.0,CHN,18.888,877.0,20.0,K0JY,,,Matic Kriznik,L,,SLO,18.415,1274.0,5.0,5-7 6-1 6-3,3,RR,118.0,9.0,4.0,82.0,45.0,34.0,18.0,14.0,5.0,8.0,1.0,2.0,82.0,41.0,24.0,19.0,14.0,4.0,10.0
2024-M-DC-2024-WG2-PO-CYP-MAR-01,Davis Cup WG2 PO: CYP vs MAR,Hard,4,D,,20240203,1,D0FA,,,Yassine Dlimi,R,191.0,MAR,20.75,604.0,56.0,CH73,,,Petros Chrysochos,R,185.0,CYP,27.822,1410.0,3.0,7-5 7-6(2),3,RR,123.0,0.0,7.0,87.0,48.0,31.0,23.0,12.0,8.0,11.0,4.0,2.0,81.0,55.0,34.0,12.0,12.0,7.0,11.0
2024-M-DC-2024-WG2-PO-CYP-MAR-01,Davis Cup WG2 PO: CYP vs MAR,Hard,4,D,,20240203,2,BT68,,,Elliot Benchetrit,R,193.0,MAR,25.339,614.0,55.0,EA31,,,Menelaos Efstathiou,R,183.0,CYP,24.925,1222.0,6.0,6-3 6-2,3,RR,78.0,2.0,2.0,51.0,25.0,19.0,17.0,9.0,0.0,0.0,1.0,2.0,48.0,32.0,23.0,5.0,8.0,2.0,5.0
2024-M-DC-2024-WG2-PO-CYP-MAR-01,Davis Cup WG2 PO: CYP vs MAR,Hard,4,D,,20240203,3,C0L4,,,Stylianos Christodoulou,,,CYP,19.247,1114.0,8.0,KE25,,,Hamza Karmoussi,,,MAR,30.188,,,6-3 6-1,3,RR,60.0,7.0,1.0,50.0,37.0,29.0,6.0,8.0,3.0,3.0,0.0,3.0,49.0,30.0,14.0,9.0,8.0,2.0,6.0
2024-M-DC-2024-WG2-PO-ESA-POC-01,Davis Cup WG2 PO: ESA vs POC,Hard,4,D,,20240202,1,D0FO,,,Diego Duran,,,ESA,19.146,,,O0CG,,,Gillian Osmont,R,188.0,FRA,20.726,,,6-3 6-0,3,RR,69.0,4.0,1.0,46.0,27.0,19.0,13.0,8.0,0.0,1.0,2.0,5.0,46.0,24.0,16.0,3.0,7.0,4.0,9.0
2024-M-DC-2024-WG2-PO-ESA-POC-01,Davis Cup WG2 PO: ESA vs POC,Hard,4,D,,20240202,2,A853,,,Marcelo Arevalo,R,191.0,ESA,33.295,,,K0N7,,,Heve Kelley,,,,26.847,,,6-0 6-2,3,RR,46.0,3.0,0.0,33.0,27.0,25.0,3.0,7.0,0.0,0.0,0.0,1.0,35.0,21.0,10.0,3.0,7.0,1.0,6.0
2024-M-DC-2024-WG2-PO-ESA-POC-01,Davis Cup WG2 PO: ESA vs POC,Hard,4,D,,20240202,3,F0IK,,,Juan Carlos Fuentes Vasquez,,,ESA,18.376,,,F0IL,,,Matavao Fanguna,,,,27.288,,,6-0 6-3,3,RR,78.0,1.0,1.0,40.0,28.0,20.0,9.0,8.0,1.0,1.0,2.0,5.0,58.0,36.0,19.0,8.0,7.0,5.0,10.0
2024-M-DC-2024-WG2-PO-HKG-ZIM-01,Davis Cup WG2 PO: HKG vs ZIM,Hard,4,D,,20240203,1,WB15,,,Hong Kit Wong,,,HKG,25.429,,,LC54,,,Benjamin Lock,R,198.0,ZIM,30.919,348.0,144.0,3-6 6-3 7-6(5),3,RR,139.0,10.0,1.0,95.0,63.0,47.0,16.0,15.0,6.0,8.0,6.0,0.0,80.0,55.0,42.0,18.0,15.0,3.0,5.0
2024-M-DC-2024-WG2-PO-HKG-ZIM-01,Davis Cup WG2 PO: HKG vs ZIM,Hard,4,D,,20240203,2,W0BH,,,Coleman Wong,R,191.0,HKG,19.661,247.0,243.0,LH62,,,Courtney John Lock,R,193.0,ZIM,27.294,,,6-2 6-0,3,RR,59.0,10.0,2.0,40.0,25.0,22.0,7.0,7.0,1.0,1.0,1.0,2.0,51.0,31.0,14.0,8.0,7.0,4.0,9.0
2024-M-DC-2024-WG2-PO-HKG-ZIM-01,Davis Cup WG2 PO: HKG vs ZIM,Hard,4,D,,20240203,3,B0VR,,,Benedict Badza,,,ZIM,18.877,,,C0Q0,,,Kwok Shun Dasson Chan,,,HKG,18.552,,,6-7(5) 6-4 [6-10],3,RR,119.0,11.0,4.0,82.0,51.0,40.0,16.0,11.0,1.0,2.0,2.0,2.0,83.0,49.0,35.0,17.0,11.0,0.0,2.0
2024-M-DC-2024-WG2-PO-IRI-EST-01,Davis Cup WG2 PO: IRI vs EST,Clay,4,D,,20240315,1,O0CI,,,Oliver Ojakaar,R,191.0,EST,19.091,939.0,16.0,N693,,,Hamidreza Nadaf,R,183.0,IRI,31.318,1588.0,2.0,6-3 6-0,3,RR,100.0,2.0,1.0,38.0,26.0,24.0,9.0,8.0,1.0,1.0,3.0,5.0,68.0,44.0,21.0,12.0,7.0,9.0,13.0
2024-M-DC-2024-WG2-PO-IRI-EST-01,Davis Cup WG2 PO: IRI vs EST,Clay,4,D,,20240315,2,M09X,,,Sina Moghimi,,,IRI,22.634,1086.0,9.0,TG67,,,Kristjan Tamm,R,185.0,EST,25.747,1063.0,10.0,1-6 7-5 6-4,3,RR,169.0,0.0,6.0,84.0,61.0,37.0,11.0,15.0,6.0,10.0,6.0,7.0,117.0,66.0,43.0,24.0,14.0,16.0,20.0
2024-M-DC-2024-WG2-PO-IRI-EST-01,Davis Cup WG2 PO: IRI vs EST,Clay,4,D,,20240315,3,O0CI,,,Oliver Ojakaar,R,191.0,EST,19.091,939.0,16.0,M09X,,,Sina Moghimi,,,IRI,22.634,1086.0,9.0,6-3 6-1,3,RR,84.0,7.0,6.0,51.0,30.0,26.0,9.0,8.0,1.0,1.0,0.0,1.0,54.0,45.0,21.0,6.0,8.0,4.0,8.0
2024-M-DC-2024-WG2-PO-JAM-BAR-01,Davis Cup WG2 PO: JAM vs BAR,Hard,4,D,,20240203,1,B0I5,,,Blaise Bicknell,R,191.0,JAM,22.188,319.0,169.0,M0GR,,,Kaipo Marshall,,,BAR,21.873,,,6-1 3-6 6-1,3,RR,102.0,5.0,4.0,73.0,46.0,32.0,16.0,12.0,4.0,6.0,2.0,20.0,79.0,36.0,24.0,14.0,11.0,8.0,13.0
2024-M-DC-2024-WG2-PO-JAM-BAR-01,Davis Cup WG2 PO: JAM vs BAR,Hard,4,D,,20240203,2,KC86,,,Darian King,R,188.0,BAR,31.773,547.0,68.0,P0AO,,,Rowland Phillips,,,JAM,30.029,,,6-3 3-6 7-5,3,RR,172.0,1.0,5.0,105.0,64.0,38.0,14.0,15.0,12.0,20.0,2.0,4.0,103.0,65.0,34.0,16.0,15.0,3.0,12.0
2024-M-DC-2024-WG2-PO-JAM-BAR-01,Davis Cup WG2 PO: JAM vs BAR,Hard,4,D,,20240203,3,B0I5,,,Blaise Bicknell,R,191.0,JAM,22.188,319.0,169.0,KC86,,,Darian King,R,188.0,BAR,31.773,547.0,68.0,6-1 6-0,3,RR,48.0,3.0,4.0,44.0,27.0,17.0,11.0,7.0,2.0,3.0,1.0,4.0,40.0,27.0,11.0,1.0,6.0,5.0,11.0
2024-M-DC-2024-WG2-PO-JAM-BAR-01,Davis Cup WG2 PO: JAM vs BAR,Hard,4,D,,20240203,4,M0GR,,,Kaipo Marshall,,,BAR,21.873,,,P0AO,,,Rowland Phillips,,,JAM,30.029,,,6-4 1-6 6-2,3,RR,128.0,1.0,14.0,84.0,52.0,35.0,11.0,13.0,5.0,9.0,3.0,3.0,84.0,55.0,34.0,12.0,12.0,3.0,8.0
2024-M-DC-2024-WG2-PO-PAR-MON-01,Davis Cup WG2 PO: PAR vs MON,Clay,4,D,,20240203,1,V0DP,,,Adolfo Daniel Vallejo,R,183.0,PAR,19.767,,,B946,,,Benjamin Balleret,R,183.0,MON,41.051,,,6-2 6-4,3,RR,67.0,5.0,0.0,42.0,29.0,20.0,12.0,9.0,0.0,1.0,3.0,0.0,54.0,31.0,17.0,10.0,9.0,3.0,7.0
2024-M-DC-2024-WG2-PO-PAR-MON-01,Davis Cup WG2 PO: PAR vs MON,Clay,4,D,,20240203,2,VA25,,,Valentin Vacherot,R,193.0,MON,25.216,171.0,356.0,V0DO,,,Martin Antonio Vergara Del Puerto,L,,PAR,19.786,,,6-2 6-1,3,RR,67.0,3.0,1.0,46.0,32.0,25.0,6.0,8.0,0.0,1.0,2.0,2.0,39.0,23.0,10.0,4.0,7.0,1.0,6.0
2024-M-DC-2024-WG2-PO-PAR-MON-01,Davis Cup WG2 PO: PAR vs MON,Clay,4,D,,20240203,3,VA25,,,Valentin Vacherot,R,193.0,MON,25.216,171.0,356.0,V0DP,,,Adolfo Daniel Vallejo,R,183.0,PAR,19.767,,,6-7(0) 6-4 6-4,3,RR,167.0,5.0,1.0,95.0,62.0,44.0,17.0,16.0,2.0,4.0,4.0,3.0,102.0,67.0,44.0,19.0,16.0,4.0,8.0
2024-M-DC-2024-WG2-PO-TOG-INA-01,Davis Cup WG2 PO: TOG vs INA,Hard,4,D,,20240203,1,M0D4,,,M Rifki Fitriadi,R,175.0,INA,25.029,569.0,64.0,L596,,,Komlavi Loglo,R,183.0,TOG,39.094,,,6-1 6-4,3,RR,80.0,6.0,2.0,52.0,33.0,24.0,14.0,9.0,2.0,3.0,2.0,2.0,56.0,41.0,23.0,6.0,8.0,6.0,10.0
2024-M-DC-2024-WG2-PO-TOG-INA-01,Davis Cup WG2 PO: TOG vs INA,Hard,4,D,,20240203,2,133933,,,Thomas Yaka Kofi Setodji,,,TOG,,,,SY76,,,Anthony Susanto,,,INA,26.7,2043.0,1.0,6-1 6-2,3,RR,69.0,10.0,4.0,52.0,33.0,28.0,8.0,8.0,1.0,1.0,1.0,4.0,44.0,28.0,16.0,5.0,7.0,3.0,7.0
2024-M-DC-2024-WG2-PO-TOG-INA-01,Davis Cup WG2 PO: TOG vs INA,Hard,4,D,,20240203,3,M0D4,,,M Rifki Fitriadi,R,175.0,INA,25.029,569.0,64.0,133933,,,Thomas Yaka Kofi Setodji,,,TOG,,,,6-2 6-3,3,RR,87.0,1.0,2.0,52.0,32.0,25.0,11.0,9.0,2.0,3.0,2.0,1.0,50.0,35.0,19.0,5.0,8.0,5.0,9.0
2024-M-DC-2024-WG2-PO-TOG-INA-01,Davis Cup WG2 PO: TOG vs INA,Hard,4,D,,20240203,4,L596,,,Komlavi Loglo,R,183.0,TOG,39.094,,,SY76,,,Anthony Susanto,,,INA,26.7,2043.0,1.0,6-2 6-2,3,RR,77.0,3.0,2.0,43.0,32.0,25.0,8.0,8.0,1.0,1.0,1.0,4.0,57.0,42.0,22.0,7.0,8.0,3.0,7.0
2024-M-DC-2024-WG2-PO-TUN-CRC-01,Davis Cup WG2 PO: TUN vs CRC,Hard,4,D,,20240202,1,EA13,,,Moez Echargui,R,178.0,TUN,31.061,279.0,205.0,F902,,,Jesse Flores,R,188.0,CRC,28.843,900.0,18.0,6-2 6-3,3,RR,65.0,4.0,2.0,56.0,35.0,30.0,11.0,9.0,4.0,4.0,3.0,2.0,49.0,30.0,17.0,9.0,8.0,2.0,5.0
2024-M-DC-2024-WG2-PO-TUN-CRC-01,Davis Cup WG2 PO: TUN vs CRC,Hard,4,D,,20240202,2,DF88,,,Aziz Dougaz,L,188.0,TUN,26.856,219.0,278.0,C0I8,,,Rodrigo Crespo Piedra,R,180.0,CRC,22.675,,,6-3 5-7 6-4,3,RR,112.0,9.0,4.0,89.0,57.0,39.0,20.0,16.0,3.0,7.0,3.0,5.0,88.0,51.0,36.0,15.0,15.0,4.0,9.0
2024-M-DC-2024-WG2-PO-URU-MDA-01,Davis Cup WG2 PO: URU vs MDA,Clay,4,D,,20240203,1,R0BT,,,Franco Roncadelli,L,185.0,URU,23.992,616.0,55.0,S0R5,,,Ilya Snitari,R,188.0,MDA,21.875,740.0,34.0,4-6 6-1 6-1,3,RR,137.0,1.0,2.0,74.0,50.0,31.0,13.0,12.0,5.0,9.0,0.0,5.0,92.0,52.0,24.0,18.0,12.0,8.0,16.0
2024-M-DC-2024-WG2-PO-URU-MDA-01,Davis Cup WG2 PO: URU vs MDA,Clay,4,D,,20240203,2,A829,,,Radu Albot,R,175.0,MDA,34.229,136.0,489.0,A0JW,,,Joaquin  Aguilar Cardozo,R,168.0,URU,18.823,,,6-2 6-3,3,RR,81.0,2.0,1.0,52.0,33.0,24.0,8.0,9.0,2.0,4.0,1.0,4.0,51.0,31.0,13.0,6.0,8.0,0.0,6.0
2024-M-DC-2024-WG2-PO-URU-MDA-01,Davis Cup WG2 PO: URU vs MDA,Clay,4,D,,20240203,3,A829,,,Radu Albot,R,175.0,MDA,34.229,136.0,489.0,R0BT,,,Franco Roncadelli,L,185.0,URU,23.992,616.0,55.0,6-3 6-1,3,RR,95.0,2.0,1.0,50.0,30.0,19.0,14.0,8.0,3.0,4.0,1.0,1.0,82.0,66.0,33.0,6.0,8.0,6.0,11.0
2024-M-DC-2024-WG2-PO-URU-MDA-01,Davis Cup WG2 PO: URU vs MDA,Clay,4,D,,20240203,4,A0JW,,,Joaquin  Aguilar Cardozo,R,168.0,URU,18.823,,,S0R5,,,Ilya Snitari,R,188.0,MDA,21.875,740.0,34.0,6-1 6-0,3,RR,77.0,0.0,0.0,36.0,22.0,15.0,10.0,7.0,1.0,1.0,1.0,1.0,61.0,30.0,17.0,7.0,6.0,8.0,14.0
2024-M-DC-2024-WG2-PO-VIE-RSA-01,Davis Cup WG2 PO: VIE vs RSA,Hard,4,D,,20240202,1,LD22,,,Nam Hoang Ly,R,175.0,VIE,26.935,554.0,67.0,H0BF,,,Philip Henning,R,180.0,RSA,23.228,748.0,32.0,6-3 6-4,3,RR,131.0,1.0,1.0,86.0,60.0,40.0,13.0,10.0,8.0,9.0,2.0,1.0,56.0,41.0,25.0,6.0,9.0,1.0,4.0
2024-M-DC-2024-WG2-PO-VIE-RSA-01,Davis Cup WG2 PO: VIE vs RSA,Hard,4,D,,20240202,2,VA23,,,Kris Van Wyk,R,185.0,RSA,27.343,416.0,109.0,T0AB,,,Linh Giang Trinh,R,183.0,VIE,26.5,,,4-6 6-3 4-0,3,RR,131.0,4.0,2.0,76.0,46.0,32.0,10.0,12.0,6.0,11.0,0.0,2.0,71.0,51.0,25.0,7.0,11.0,5.0,12.0
2024-M-DC-2024-WG2-PO-VIE-RSA-01,Davis Cup WG2 PO: VIE vs RSA,Hard,4,D,,20240202,3,LD22,,,Nam Hoang Ly,R,175.0,VIE,26.935,554.0,67.0,VA23,,,Kris Van Wyk,R,185.0,RSA,27.343,416.0,109.0,6-4 3-6 6-3,3,RR,159.0,0.0,1.0,84.0,61.0,41.0,13.0,14.0,2.0,5.0,5.0,3.0,86.0,51.0,32.0,17.0,14.0,5.0,9.0
2024-M-DC-2024-WG2-PO-VIE-RSA-01,Davis Cup WG2 PO: VIE vs RSA,Hard,4,D,,20240202,4,H0BF,,,Philip Henning,R,180.0,RSA,23.228,748.0,32.0,T0AB,,,Linh Giang Trinh,R,183.0,VIE,26.5,,,6-2 6-2,3,RR,101.0,1.0,0.0,47.0,28.0,21.0,11.0,8.0,0.0,1.0,0.0,0.0,71.0,53.0,25.0,8.0,8.0,9.0,14.0
2024-424,Dallas,Hard,32,250,I,20240205,1,PL56,2.0,,Tommy Paul,R,185.0,USA,26.721,15.0,2050.0,GC88,,,Marcos Giron,R,180.0,USA,30.535,67.0,825.0,7-6(3) 5-7 6-3,3,F,152.0,7.0,0.0,109.0,77.0,55.0,21.0,17.0,4.0,6.0,1.0,3.0,96.0,66.0,45.0,20.0,16.0,0.0,2.0
2024-424,Dallas,Hard,32,250,I,20240205,2,GC88,,,Marcos Giron,R,180.0,USA,30.535,67.0,825.0,ME82,4.0,,Adrian Mannarino,L,180.0,FRA,35.603,17.0,1920.0,6-1 6-3,3,SF,74.0,2.0,0.0,41.0,28.0,24.0,9.0,8.0,1.0,1.0,5.0,2.0,55.0,34.0,20.0,8.0,8.0,4.0,8.0
2024-424,Dallas,Hard,32,250,I,20240205,3,PL56,2.0,,Tommy Paul,R,185.0,USA,26.721,15.0,2050.0,S0S1,3.0,,Ben Shelton,L,193.0,USA,21.325,16.0,1965.0,6-2 6-4,3,SF,79.0,2.0,0.0,59.0,37.0,27.0,14.0,9.0,3.0,3.0,2.0,2.0,57.0,35.0,23.0,9.0,9.0,5.0,8.0
2024-424,Dallas,Hard,32,250,I,20240205,4,GC88,,,Marcos Giron,R,180.0,USA,30.535,67.0,825.0,TD51,1.0,,Frances Tiafoe,R,188.0,USA,26.042,14.0,2060.0,6-1 6-4,3,QF,63.0,7.0,0.0,45.0,35.0,30.0,7.0,9.0,0.0,0.0,5.0,1.0,53.0,32.0,22.0,7.0,8.0,3.0,6.0
2024-424,Dallas,Hard,32,250,I,20240205,5,ME82,4.0,,Adrian Mannarino,L,180.0,FRA,35.603,17.0,1920.0,D994,,,James Duckworth,R,183.0,AUS,32.041,106.0,591.0,6-2 3-1 RET,3,QF,52.0,7.0,0.0,31.0,20.0,19.0,6.0,6.0,2.0,2.0,3.0,0.0,38.0,22.0,10.0,8.0,6.0,4.0,7.0
2024-424,Dallas,Hard,32,250,I,20240205,6,S0S1,3.0,,Ben Shelton,L,193.0,USA,21.325,16.0,1965.0,TC61,7.0,,Jordan Thompson,R,183.0,AUS,29.796,44.0,1022.0,6-7(2) 6-4 6-4,3,QF,150.0,11.0,2.0,104.0,70.0,55.0,21.0,16.0,6.0,6.0,11.0,0.0,85.0,56.0,41.0,21.0,16.0,2.0,4.0
2024-424,Dallas,Hard,32,250,I,20240205,7,PL56,2.0,,Tommy Paul,R,185.0,USA,26.721,15.0,2050.0,KE73,8.0,,Dominik Koepfer,L,180.0,GER,29.771,60.0,868.0,7-5 6-3,3,QF,88.0,6.0,3.0,66.0,38.0,27.0,15.0,11.0,0.0,2.0,2.0,1.0,54.0,29.0,21.0,8.0,10.0,2.0,6.0
2024-424,Dallas,Hard,32,250,I,20240205,8,TD51,1.0,,Frances Tiafoe,R,188.0,USA,26.042,14.0,2060.0,M0QI,,,Alex Michelsen,R,193.0,USA,19.447,75.0,741.0,6-4 6-3,3,R16,78.0,1.0,1.0,56.0,34.0,26.0,9.0,9.0,4.0,6.0,9.0,4.0,58.0,39.0,21.0,7.0,10.0,3.0,8.0
2024-424,Dallas,Hard,32,250,I,20240205,9,GC88,,,Marcos Giron,R,180.0,USA,30.535,67.0,825.0,PH71,6.0,,Max Purcell,R,185.0,AUS,25.843,43.0,1036.0,6-4 6-3,3,R16,86.0,3.0,0.0,55.0,33.0,25.0,13.0,9.0,1.0,1.0,9.0,0.0,71.0,41.0,25.0,16.0,10.0,5.0,8.0
2024-424,Dallas,Hard,32,250,I,20240205,10,ME82,4.0,,Adrian Mannarino,L,180.0,FRA,35.603,17.0,1920.0,N732,,,Yoshihito Nishioka,L,170.0,JPN,28.359,83.0,695.0,W/O,3,R16,0.0,,,,,,,,,,,,,,,,,,
2024-424,Dallas,Hard,32,250,I,20240205,11,D994,,,James Duckworth,R,183.0,AUS,32.041,106.0,591.0,E865,5.0,,Christopher Eubanks,R,201.0,USA,27.754,33.0,1220.0,7-6(3) 6-4,3,R16,77.0,10.0,1.0,55.0,41.0,37.0,11.0,11.0,0.0,0.0,12.0,1.0,70.0,53.0,38.0,10.0,11.0,2.0,3.0
2024-424,Dallas,Hard,32,250,I,20240205,12,TC61,7.0,,Jordan Thompson,R,183.0,AUS,29.796,44.0,1022.0,KB09,,LL,Denis Kudla,R,180.0,USA,31.469,174.0,355.0,6-1 6-1,3,R16,67.0,7.0,0.0,44.0,34.0,26.0,7.0,7.0,3.0,3.0,0.0,0.0,41.0,22.0,9.0,8.0,7.0,3.0,8.0
2024-424,Dallas,Hard,32,250,I,20240205,13,S0S1,3.0,,Ben Shelton,L,193.0,USA,21.325,16.0,1965.0,MP01,,,Michael Mmoh,R,188.0,USA,26.07,115.0,547.0,6-3 6-3,3,R16,63.0,7.0,0.0,39.0,29.0,27.0,9.0,9.0,0.0,0.0,6.0,1.0,52.0,40.0,27.0,5.0,9.0,3.0,6.0
2024-424,Dallas,Hard,32,250,I,20240205,14,KE73,8.0,,Dominik Koepfer,L,180.0,GER,29.771,60.0,868.0,H0BH,,,Rinky Hijikata,R,178.0,AUS,22.949,88.0,680.0,6-3 7-6(5),3,R16,95.0,9.0,2.0,85.0,61.0,46.0,12.0,11.0,6.0,6.0,4.0,3.0,59.0,32.0,28.0,13.0,10.0,1.0,2.0
2024-424,Dallas,Hard,32,250,I,20240205,15,PL56,2.0,,Tommy Paul,R,185.0,USA,26.721,15.0,2050.0,DA81,,,Taro Daniel,R,191.0,JPN,31.023,62.0,858.0,6-3 6-2,3,R16,91.0,5.0,1.0,53.0,33.0,26.0,14.0,9.0,4.0,4.0,3.0,1.0,75.0,40.0,21.0,19.0,8.0,11.0,14.0
2024-424,Dallas,Hard,32,250,I,20240205,16,M0QI,,,Alex Michelsen,R,193.0,USA,19.447,75.0,741.0,SL08,,Q,Tennys Sandgren,R,188.0,USA,32.542,281.0,200.0,6-3 3-6 6-1,3,R32,116.0,12.0,3.0,78.0,55.0,42.0,13.0,13.0,3.0,4.0,13.0,0.0,79.0,52.0,38.0,11.0,12.0,6.0,9.0
2024-424,Dallas,Hard,32,250,I,20240205,17,GC88,,,Marcos Giron,R,180.0,USA,30.535,67.0,825.0,MW18,,Q,Nicolas Moreno De Alboran,R,185.0,USA,26.563,154.0,412.0,6-1 6-4,3,R32,63.0,5.0,1.0,49.0,31.0,28.0,10.0,9.0,3.0,3.0,6.0,2.0,47.0,25.0,17.0,9.0,8.0,2.0,5.0
2024-424,Dallas,Hard,32,250,I,20240205,18,PH71,6.0,,Max Purcell,R,185.0,AUS,25.843,43.0,1036.0,KC12,,WC,Mitchell Krueger,R,188.0,USA,30.064,244.0,243.0,6-2 4-6 7-6(3),3,R32,139.0,14.0,5.0,112.0,66.0,48.0,24.0,15.0,3.0,5.0,6.0,1.0,86.0,66.0,43.0,13.0,15.0,3.0,6.0
2024-424,Dallas,Hard,32,250,I,20240205,19,N732,,,Yoshihito Nishioka,L,170.0,JPN,28.359,83.0,695.0,A0GC,,LL,Terence Atmane,L,193.0,FRA,22.073,144.0,453.0,7-6(5) 4-6 6-3,3,R32,146.0,0.0,1.0,97.0,64.0,47.0,18.0,16.0,2.0,5.0,13.0,3.0,97.0,65.0,50.0,10.0,15.0,2.0,5.0
2024-424,Dallas,Hard,32,250,I,20240205,20,D994,,,James Duckworth,R,183.0,AUS,32.041,106.0,591.0,S0K7,,,Zachary Svajda,R,175.0,USA,21.185,145.0,442.0,7-6(3) 6-1,3,R32,75.0,10.0,0.0,50.0,34.0,29.0,13.0,9.0,2.0,2.0,2.0,2.0,67.0,46.0,31.0,10.0,10.0,1.0,4.0
2024-424,Dallas,Hard,32,250,I,20240205,21,E865,5.0,,Christopher Eubanks,R,201.0,USA,27.754,33.0,1220.0,J386,,Q,Steve Johnson,R,188.0,USA,34.116,246.0,240.0,6-1 6-4,3,R32,72.0,10.0,0.0,54.0,41.0,29.0,11.0,9.0,4.0,4.0,4.0,2.0,63.0,33.0,20.0,14.0,8.0,9.0,12.0
2024-424,Dallas,Hard,32,250,I,20240205,22,TC61,7.0,,Jordan Thompson,R,183.0,AUS,29.796,44.0,1022.0,N0BE,,WC,Adam Neff,R,185.0,USA,22.686,829.0,23.0,6-3 6-1,3,R32,78.0,8.0,0.0,38.0,26.0,23.0,10.0,8.0,0.0,0.0,4.0,8.0,72.0,41.0,24.0,12.0,8.0,7.0,11.0
2024-424,Dallas,Hard,32,250,I,20240205,23,KB09,,LL,Denis Kudla,R,180.0,USA,31.469,174.0,355.0,A829,,,Radu Albot,R,175.0,MDA,34.234,137.0,489.0,6-3 7-6(3),3,R32,104.0,8.0,1.0,75.0,46.0,36.0,13.0,11.0,1.0,2.0,5.0,2.0,68.0,48.0,32.0,9.0,10.0,2.0,4.0
2024-424,Dallas,Hard,32,250,I,20240205,24,MP01,,,Michael Mmoh,R,188.0,USA,26.07,115.0,547.0,N0AM,,Q,Emilio Nava,R,185.0,USA,22.177,149.0,430.0,7-5 6-2,3,R32,90.0,0.0,2.0,49.0,30.0,26.0,10.0,10.0,0.0,2.0,1.0,1.0,66.0,46.0,26.0,7.0,10.0,2.0,7.0
2024-424,Dallas,Hard,32,250,I,20240205,25,KE73,8.0,,Dominik Koepfer,L,180.0,GER,29.771,60.0,868.0,K0AZ,,,Aleksandar Kovacevic,R,183.0,USA,25.437,100.0,616.0,6-4 7-6(5),3,R32,88.0,7.0,1.0,67.0,44.0,36.0,16.0,11.0,3.0,3.0,12.0,2.0,71.0,44.0,36.0,15.0,11.0,3.0,4.0
2024-424,Dallas,Hard,32,250,I,20240205,26,H0BH,,,Rinky Hijikata,R,178.0,AUS,22.949,88.0,680.0,Q02L,,WC,Ethan Quinn,R,191.0,USA,19.901,288.0,196.0,6-4 6-4,3,R32,98.0,4.0,1.0,66.0,35.0,23.0,20.0,10.0,6.0,7.0,5.0,2.0,72.0,45.0,28.0,12.0,10.0,7.0,10.0
2024-424,Dallas,Hard,32,250,I,20240205,27,DA81,,,Taro Daniel,R,191.0,JPN,31.023,62.0,858.0,LB66,,,Constant Lestienne,R,180.0,FRA,31.704,104.0,599.0,4-6 6-4 5-0 RET,3,R32,132.0,8.0,0.0,79.0,56.0,32.0,16.0,13.0,1.0,5.0,5.0,1.0,77.0,49.0,27.0,13.0,12.0,4.0,10.0
2024-9158,Cordoba,Clay,32,250,O,20240205,1,DA31,,,Hugo Dellien,R,180.0,BOL,30.639,112.0,559.0,SX91,,,Thiago Seyboth Wild,R,185.0,BRA,23.907,81.0,708.0,6-4 2-6 6-3,3,R32,146.0,3.0,0.0,81.0,50.0,32.0,19.0,13.0,4.0,7.0,2.0,6.0,93.0,63.0,41.0,13.0,14.0,5.0,9.0
2024-9158,Cordoba,Clay,32,250,O,20240205,2,D0CG,,,Facundo Diaz Acosta,L,183.0,ARG,23.14,95.0,634.0,GJ16,,Q,Federico Agustin Gomez,R,191.0,ARG,27.192,365.0,135.0,6-1 6-4,3,R32,91.0,1.0,4.0,49.0,25.0,21.0,14.0,9.0,3.0,4.0,1.0,6.0,61.0,32.0,17.0,12.0,8.0,10.0,14.0
2024-9158,Cordoba,Clay,32,250,O,20240205,3,T0A1,,LL,Thiago Agustin Tirante,R,185.0,ARG,22.823,109.0,573.0,C0DF,,WC,Francisco Comesana,R,178.0,ARG,23.332,120.0,534.0,6-1 7-6(4),3,R32,118.0,2.0,1.0,82.0,55.0,39.0,14.0,10.0,5.0,6.0,1.0,3.0,63.0,39.0,26.0,13.0,9.0,3.0,6.0
2024-9158,Cordoba,Clay,32,250,O,20240205,4,D0FJ,,Q,Luciano Darderi,R,183.0,ITA,21.974,136.0,491.0,BS86,,,Tomas Barrios Vera,R,191.0,CHI,26.155,108.0,578.0,4-6 6-1 6-2,3,R32,116.0,6.0,2.0,69.0,42.0,35.0,16.0,13.0,0.0,1.0,3.0,5.0,72.0,48.0,34.0,10.0,12.0,3.0,7.0
2024-9158,Cordoba,Clay,32,250,O,20240205,5,B0FV,,Q,Roman Andres Burruchaga,R,183.0,ARG,22.034,170.0,359.0,SM37,,,Diego Schwartzman,R,170.0,ARG,31.472,117.0,538.0,6-1 4-6 6-4,3,R32,138.0,0.0,4.0,99.0,65.0,43.0,14.0,14.0,2.0,6.0,2.0,6.0,75.0,49.0,28.0,9.0,13.0,4.0,10.0
2024-9158,Cordoba,Clay,32,250,O,20240205,6,H997,7.0,,Yannick Hanfmann,R,193.0,GER,32.23,59.0,889.0,V836,,,Juan Pablo Varillas,R,185.0,PER,28.334,85.0,684.0,5-7 7-6(1) 6-1,3,R32,170.0,3.0,3.0,102.0,61.0,43.0,22.0,16.0,6.0,10.0,3.0,1.0,93.0,42.0,25.0,28.0,15.0,3.0,8.0
2024-9158,Cordoba,Clay,32,250,O,20240205,7,CE77,,,Federico Coria,R,180.0,ARG,31.91,93.0,638.0,AE14,5.0,,Daniel Altmaier,R,188.0,GER,25.399,52.0,946.0,5-7 6-3 6-4,3,R32,164.0,5.0,5.0,99.0,71.0,46.0,12.0,16.0,2.0,7.0,0.0,6.0,96.0,48.0,29.0,22.0,15.0,8.0,14.0
2024-9158,Cordoba,Clay,32,250,O,20240205,8,R772,,,Albert Ramos-Vinolas,L,188.0,ESP,36.052,84.0,688.0,CG04,,,Pedro Cachin,R,185.0,ARG,28.819,73.0,763.0,6-4 3-6 6-1,3,R32,125.0,1.0,3.0,75.0,43.0,31.0,18.0,13.0,2.0,4.0,7.0,2.0,70.0,41.0,31.0,11.0,13.0,2.0,6.0
2024-9158,Cordoba,Clay,32,250,O,20240205,9,Z419,,,Bernabe Zapata Miralles,R,183.0,ESP,27.064,79.0,715.0,GD64,,,Cristian Garin,R,185.0,CHI,27.685,87.0,680.0,1-6 7-6(3) 3-0 RET,3,R32,122.0,3.0,3.0,81.0,59.0,35.0,12.0,12.0,4.0,8.0,3.0,1.0,64.0,40.0,30.0,10.0,10.0,3.0,5.0
2024-9158,Cordoba,Clay,32,250,O,20240205,10,CF59,8.0,,Roberto Carballes Baena,R,183.0,ESP,30.872,65.0,846.0,N0BS,,WC,Mariano Navone,R,178.0,ARG,22.938,118.0,538.0,3-6 6-3 6-3,3,R32,163.0,1.0,1.0,87.0,54.0,32.0,20.0,14.0,2.0,6.0,2.0,3.0,86.0,57.0,32.0,14.0,13.0,4.0,9.0
2024-9158,Cordoba,Clay,32,250,O,20240205,11,BF23,,Q,Facundo Bagnis,L,183.0,ARG,33.938,207.0,295.0,C0C8,,WC,Juan Manuel Cerundolo,L,183.0,ARG,22.223,148.0,435.0,6-4 6-2,3,R32,89.0,0.0,2.0,59.0,41.0,27.0,10.0,9.0,2.0,4.0,2.0,4.0,47.0,31.0,16.0,5.0,9.0,0.0,5.0
2024-9158,Cordoba,Clay,32,250,O,20240205,12,MU94,,,Jaume Munar,R,183.0,ESP,26.754,74.0,746.0,GE33,,,Daniel Elahi Galan,R,191.0,COL,27.633,78.0,716.0,6-2 6-4,3,R32,101.0,1.0,1.0,54.0,37.0,29.0,10.0,9.0,2.0,2.0,2.0,1.0,62.0,32.0,19.0,16.0,9.0,5.0,8.0
2024-9158,Cordoba,Clay,32,250,O,20240205,13,B0BI,2.0,,Sebastian Baez,R,170.0,ARG,23.105,26.0,1525.0,DA31,,,Hugo Dellien,R,180.0,BOL,30.639,112.0,559.0,4-6 6-3 6-4,3,R16,135.0,4.0,0.0,90.0,62.0,40.0,16.0,15.0,5.0,9.0,2.0,1.0,76.0,59.0,39.0,5.0,14.0,4.0,9.0
2024-9158,Cordoba,Clay,32,250,O,20240205,14,D0CG,,,Facundo Diaz Acosta,L,183.0,ARG,23.14,95.0,634.0,T0A1,,LL,Thiago Agustin Tirante,R,185.0,ARG,22.823,109.0,573.0,6-2 6-7(5) 6-2,3,R16,167.0,2.0,5.0,79.0,46.0,34.0,20.0,14.0,4.0,6.0,0.0,2.0,88.0,63.0,41.0,7.0,14.0,6.0,12.0
2024-9158,Cordoba,Clay,32,250,O,20240205,15,D0FJ,,Q,Luciano Darderi,R,183.0,ITA,21.974,136.0,491.0,O513,4.0,,Sebastian Ofner,R,191.0,AUT,27.734,38.0,1091.0,6-0 6-3,3,R16,64.0,3.0,0.0,47.0,28.0,22.0,13.0,8.0,1.0,1.0,4.0,3.0,44.0,22.0,14.0,6.0,7.0,3.0,7.0
2024-9158,Cordoba,Clay,32,250,O,20240205,16,H997,7.0,,Yannick Hanfmann,R,193.0,GER,32.23,59.0,889.0,B0FV,,Q,Roman Andres Burruchaga,R,183.0,ARG,22.034,170.0,359.0,3-6 6-1 6-4,3,R16,131.0,3.0,2.0,78.0,52.0,34.0,10.0,13.0,5.0,9.0,2.0,3.0,88.0,52.0,35.0,12.0,13.0,12.0,18.0
2024-9158,Cordoba,Clay,32,250,O,20240205,17,CE77,,,Federico Coria,R,180.0,ARG,31.91,93.0,638.0,R772,,,Albert Ramos-Vinolas,L,188.0,ESP,36.052,84.0,688.0,6-1 6-3,3,R16,84.0,3.0,2.0,47.0,32.0,20.0,8.0,8.0,3.0,5.0,0.0,1.0,51.0,29.0,14.0,8.0,8.0,5.0,11.0
2024-9158,Cordoba,Clay,32,250,O,20240205,18,EA24,3.0,,Tomas Martin Etcheverry,R,196.0,ARG,24.553,29.0,1430.0,Z419,,,Bernabe Zapata Miralles,R,183.0,ESP,27.064,79.0,715.0,7-5 6-4,3,R16,138.0,5.0,2.0,77.0,59.0,41.0,8.0,11.0,5.0,6.0,1.0,1.0,79.0,54.0,32.0,14.0,11.0,7.0,10.0
2024-9158,Cordoba,Clay,32,250,O,20240205,19,BF23,,Q,Facundo Bagnis,L,183.0,ARG,33.938,207.0,295.0,CF59,8.0,,Roberto Carballes Baena,R,183.0,ESP,30.872,65.0,846.0,7-6(5) 6-4,3,R16,152.0,2.0,3.0,77.0,44.0,34.0,17.0,11.0,2.0,4.0,1.0,5.0,82.0,57.0,42.0,7.0,11.0,4.0,7.0
2024-9158,Cordoba,Clay,32,250,O,20240205,20,MU94,,,Jaume Munar,R,183.0,ESP,26.754,74.0,746.0,C0AU,1.0,,Francisco Cerundolo,R,185.0,ARG,25.481,22.0,1720.0,7-5 6-4,3,R16,114.0,0.0,2.0,80.0,56.0,36.0,12.0,11.0,10.0,12.0,1.0,1.0,71.0,55.0,31.0,8.0,11.0,4.0,8.0
2024-9158,Cordoba,Clay,32,250,O,20240205,21,B0BI,2.0,,Sebastian Baez,R,170.0,ARG,23.105,26.0,1525.0,D0CG,,,Facundo Diaz Acosta,L,183.0,ARG,23.14,95.0,634.0,6-3 6-1,3,QF,65.0,2.0,1.0,46.0,30.0,23.0,9.0,8.0,0.0,1.0,1.0,4.0,42.0,25.0,14.0,4.0,8.0,0.0,5.0
2024-9158,Cordoba,Clay,32,250,O,20240205,22,D0FJ,,Q,Luciano Darderi,R,183.0,ITA,21.974,136.0,491.0,H997,7.0,,Yannick Hanfmann,R,193.0,GER,32.23,59.0,889.0,7-6(2) 6-1,3,QF,98.0,5.0,1.0,68.0,43.0,32.0,11.0,9.0,5.0,7.0,5.0,1.0,57.0,34.0,20.0,10.0,10.0,6.0,11.0
2024-9158,Cordoba,Clay,32,250,O,20240205,23,CE77,,,Federico Coria,R,180.0,ARG,31.91,93.0,638.0,EA24,3.0,,Tomas Martin Etcheverry,R,196.0,ARG,24.553,29.0,1430.0,6-3 6-4,3,QF,109.0,1.0,0.0,51.0,30.0,27.0,14.0,10.0,0.0,0.0,4.0,2.0,62.0,33.0,24.0,14.0,9.0,6.0,8.0
2024-9158,Cordoba,Clay,32,250,O,20240205,24,BF23,,Q,Facundo Bagnis,L,183.0,ARG,33.938,207.0,295.0,MU94,,,Jaume Munar,R,183.0,ESP,26.754,74.0,746.0,7-5 6-4,3,QF,144.0,1.0,0.0,81.0,53.0,35.0,13.0,11.0,9.0,12.0,3.0,3.0,71.0,52.0,27.0,11.0,11.0,7.0,12.0
2024-9158,Cordoba,Clay,32,250,O,20240205,25,D0FJ,,Q,Luciano Darderi,R,183.0,ITA,21.974,136.0,491.0,B0BI,2.0,,Sebastian Baez,R,170.0,ARG,23.105,26.0,1525.0,6-1 3-6 6-3,3,SF,142.0,3.0,2.0,103.0,54.0,32.0,29.0,13.0,6.0,9.0,1.0,1.0,73.0,54.0,32.0,8.0,12.0,4.0,9.0
2024-9158,Cordoba,Clay,32,250,O,20240205,26,BF23,,Q,Facundo Bagnis,L,183.0,ARG,33.938,207.0,295.0,CE77,,,Federico Coria,R,180.0,ARG,31.91,93.0,638.0,6-3 7-5,3,SF,117.0,5.0,1.0,81.0,55.0,42.0,10.0,11.0,10.0,11.0,0.0,1.0,66.0,49.0,29.0,11.0,10.0,2.0,5.0
2024-9158,Cordoba,Clay,32,250,O,20240205,27,D0FJ,,Q,Luciano Darderi,R,183.0,ITA,21.974,136.0,491.0,BF23,,Q,Facundo Bagnis,L,183.0,ARG,33.938,207.0,295.0,6-1 6-4,3,F,84.0,8.0,0.0,50.0,27.0,21.0,14.0,9.0,1.0,2.0,1.0,1.0,60.0,37.0,19.0,10.0,8.0,6.0,10.0
2024-496,Marseille,Hard,32,250,I,20240205,1,K0AH,,,Sebastian Korda,R,196.0,USA,23.587,34.0,1220.0,GF95,,Q,Hugo Grenier,R,196.0,FRA,27.871,155.0,411.0,6-3 2-6 7-6(3),3,R32,128.0,10.0,2.0,84.0,53.0,38.0,17.0,14.0,2.0,5.0,7.0,8.0,97.0,65.0,48.0,15.0,15.0,8.0,11.0
2024-496,Marseille,Hard,32,250,I,20240205,2,RC91,,ALT,Arthur Rinderknech,R,196.0,FRA,28.539,94.0,635.0,C0BC,,Q,Maxime Cressy,R,201.0,USA,26.746,128.0,505.0,6-7(6) 7-5 6-2,3,R32,155.0,10.0,2.0,96.0,71.0,53.0,15.0,16.0,2.0,3.0,14.0,12.0,104.0,55.0,38.0,28.0,16.0,7.0,11.0
2024-496,Marseille,Hard,32,250,I,20240205,3,L0BV,8.0,,Jiri Lehecka,R,185.0,CZE,22.242,32.0,1245.0,GB88,,Q,David Goffin,R,180.0,BEL,33.164,134.0,496.0,3-6 7-5 6-2,3,R32,111.0,10.0,1.0,87.0,68.0,46.0,9.0,15.0,6.0,9.0,6.0,1.0,77.0,46.0,29.0,17.0,14.0,5.0,9.0
2024-496,Marseille,Hard,32,250,I,20240205,4,BD06,,,Roberto Bautista Agut,R,183.0,ESP,35.811,102.0,606.0,G628,,,Richard Gasquet,R,183.0,FRA,37.634,131.0,500.0,6-3 7-5,3,R32,111.0,9.0,1.0,77.0,52.0,38.0,14.0,11.0,5.0,5.0,3.0,4.0,64.0,29.0,21.0,19.0,10.0,3.0,5.0
2024-496,Marseille,Hard,32,250,I,20240205,5,Z371,,,Zhizhen Zhang,R,193.0,CHN,27.305,50.0,951.0,Z0A1,,LL,Giulio Zeppieri,L,183.0,ITA,22.163,111.0,560.0,6-7(7) 6-1 6-4,3,R32,129.0,10.0,3.0,91.0,63.0,52.0,15.0,15.0,4.0,4.0,4.0,2.0,83.0,51.0,35.0,19.0,14.0,1.0,4.0
2024-496,Marseille,Hard,32,250,I,20240205,6,AG37,7.0,,Felix Auger-Aliassime,R,193.0,CAN,23.493,28.0,1445.0,HB64,,WC,Quentin Halys,R,191.0,FRA,27.277,101.0,615.0,6-2 7-5,3,R32,78.0,8.0,2.0,51.0,29.0,27.0,14.0,10.0,1.0,1.0,10.0,3.0,64.0,37.0,27.0,9.0,10.0,2.0,5.0
2024-496,Marseille,Hard,32,250,I,20240205,7,DH50,5.0,,Alejandro Davidovich Fokina,R,180.0,ESP,24.671,24.0,1535.0,BK24,,,Gregoire Barrere,R,183.0,FRA,29.969,105.0,596.0,4-6 6-4 6-4,3,R32,124.0,4.0,1.0,100.0,66.0,51.0,15.0,15.0,5.0,7.0,8.0,2.0,78.0,49.0,40.0,11.0,15.0,1.0,4.0
2024-496,Marseille,Hard,32,250,I,20240205,8,RH24,,,Emil Ruusuvuori,R,188.0,FIN,24.846,55.0,926.0,V0DZ,,,Luca Van Assche,R,178.0,FRA,19.737,68.0,814.0,7-6(2) 6-4,3,R32,92.0,8.0,3.0,57.0,31.0,28.0,18.0,11.0,1.0,2.0,5.0,2.0,66.0,36.0,24.0,19.0,11.0,3.0,5.0
2024-496,Marseille,Hard,32,250,I,20240205,9,G09O,,Q,Hugo Gaston,L,173.0,FRA,23.359,86.0,684.0,SU55,,WC,Denis Shapovalov,L,185.0,CAN,24.81,127.0,505.0,7-5 1-6 6-3,3,R32,114.0,3.0,2.0,85.0,59.0,39.0,15.0,14.0,3.0,7.0,17.0,8.0,91.0,57.0,39.0,13.0,14.0,10.0,14.0
2024-496,Marseille,Hard,32,250,I,20240205,10,M0EJ,6.0,,Lorenzo Musetti,R,185.0,ITA,21.927,27.0,1480.0,MN13,,ALT,Maximilian Marterer,L,188.0,GER,28.643,99.0,616.0,6-4 6-2,3,R32,107.0,2.0,1.0,57.0,27.0,20.0,15.0,9.0,3.0,5.0,3.0,2.0,73.0,38.0,22.0,13.0,9.0,9.0,14.0
2024-496,Marseille,Hard,32,250,I,20240205,11,M0FH,,,Tomas Machac,R,183.0,CZE,23.313,66.0,838.0,MC10,,,Andy Murray,R,191.0,GBR,36.728,49.0,970.0,7-5 6-4,3,R32,97.0,3.0,2.0,62.0,40.0,33.0,12.0,11.0,2.0,3.0,3.0,2.0,59.0,29.0,21.0,17.0,11.0,2.0,5.0
2024-496,Marseille,Hard,32,250,I,20240205,12,S0H2,,,Alexander Shevchenko,R,188.0,KAZ,23.184,56.0,915.0,BM95,,WC,Benjamin Bonzi,R,183.0,FRA,27.658,126.0,508.0,7-6(4) 6-4,3,R32,85.0,7.0,4.0,72.0,44.0,33.0,16.0,11.0,3.0,4.0,6.0,0.0,63.0,43.0,31.0,10.0,11.0,1.0,3.0
2024-496,Marseille,Hard,32,250,I,20240205,13,D875,2.0,,Grigor Dimitrov,R,191.0,BUL,32.726,13.0,2785.0,K0AH,,,Sebastian Korda,R,196.0,USA,23.587,34.0,1220.0,6-1 7-6(5),3,R16,92.0,8.0,1.0,60.0,36.0,29.0,16.0,10.0,2.0,3.0,7.0,0.0,58.0,31.0,22.0,12.0,9.0,3.0,6.0
2024-496,Marseille,Hard,32,250,I,20240205,14,RC91,,ALT,Arthur Rinderknech,R,196.0,FRA,28.539,94.0,635.0,L0BV,8.0,,Jiri Lehecka,R,185.0,CZE,22.242,32.0,1245.0,7-5 7-6(5),3,R16,116.0,10.0,0.0,76.0,47.0,38.0,12.0,12.0,4.0,6.0,2.0,3.0,74.0,48.0,34.0,12.0,12.0,4.0,7.0
2024-496,Marseille,Hard,32,250,I,20240205,15,KE29,3.0,,Karen Khachanov,R,198.0,RUS,27.71,18.0,1910.0,BD06,,,Roberto Bautista Agut,R,183.0,ESP,35.811,102.0,606.0,6-2 6-2,3,R16,76.0,14.0,0.0,48.0,31.0,25.0,9.0,8.0,1.0,1.0,5.0,2.0,46.0,31.0,21.0,4.0,8.0,0.0,4.0
2024-496,Marseille,Hard,32,250,I,20240205,16,Z371,,,Zhizhen Zhang,R,193.0,CHN,27.305,50.0,951.0,AG37,7.0,,Felix Auger-Aliassime,R,193.0,CAN,23.493,28.0,1445.0,6-4 6-4,3,R16,88.0,6.0,4.0,58.0,39.0,30.0,10.0,10.0,3.0,4.0,4.0,4.0,60.0,36.0,24.0,10.0,10.0,1.0,4.0
2024-496,Marseille,Hard,32,250,I,20240205,17,DH50,5.0,,Alejandro Davidovich Fokina,R,180.0,ESP,24.671,24.0,1535.0,RH24,,,Emil Ruusuvuori,R,188.0,FIN,24.846,55.0,926.0,6-3 7-5,3,R16,96.0,9.0,1.0,69.0,52.0,38.0,8.0,10.0,4.0,5.0,2.0,3.0,75.0,43.0,28.0,15.0,11.0,3.0,7.0
2024-496,Marseille,Hard,32,250,I,20240205,18,HH26,4.0,,Ugo Humbert,L,188.0,FRA,25.613,21.0,1775.0,G09O,,Q,Hugo Gaston,L,173.0,FRA,23.359,86.0,684.0,2-6 6-1 6-3,3,R16,109.0,5.0,1.0,68.0,35.0,25.0,17.0,12.0,6.0,9.0,1.0,4.0,76.0,42.0,29.0,11.0,12.0,6.0,11.0
2024-496,Marseille,Hard,32,250,I,20240205,19,M0FH,,,Tomas Machac,R,183.0,CZE,23.313,66.0,838.0,M0EJ,6.0,,Lorenzo Musetti,R,185.0,ITA,21.927,27.0,1480.0,6-3 6-2,3,R16,83.0,6.0,1.0,66.0,45.0,29.0,12.0,9.0,5.0,6.0,2.0,0.0,46.0,28.0,17.0,7.0,8.0,1.0,5.0
2024-496,Marseille,Hard,32,250,I,20240205,20,HB71,1.0,,Hubert Hurkacz,R,196.0,POL,26.982,8.0,3540.0,S0H2,,,Alexander Shevchenko,R,188.0,KAZ,23.184,56.0,915.0,6-1 6-4,3,R16,65.0,13.0,1.0,47.0,27.0,22.0,12.0,9.0,3.0,5.0,3.0,0.0,58.0,33.0,20.0,6.0,8.0,3.0,8.0
2024-496,Marseille,Hard,32,250,I,20240205,21,D875,2.0,,Grigor Dimitrov,R,191.0,BUL,32.726,13.0,2785.0,RC91,,ALT,Arthur Rinderknech,R,196.0,FRA,28.539,94.0,635.0,6-3 7-6(3),3,QF,86.0,10.0,2.0,57.0,37.0,35.0,14.0,11.0,0.0,0.0,13.0,0.0,58.0,39.0,32.0,10.0,10.0,3.0,4.0
2024-496,Marseille,Hard,32,250,I,20240205,22,KE29,3.0,,Karen Khachanov,R,198.0,RUS,27.71,18.0,1910.0,Z371,,,Zhizhen Zhang,R,193.0,CHN,27.305,50.0,951.0,6-4 6-1,3,QF,61.0,7.0,0.0,43.0,32.0,28.0,8.0,9.0,0.0,0.0,7.0,2.0,45.0,30.0,20.0,7.0,8.0,2.0,5.0
2024-496,Marseille,Hard,32,250,I,20240205,23,HH26,4.0,,Ugo Humbert,L,188.0,FRA,25.613,21.0,1775.0,DH50,5.0,,Alejandro Davidovich Fokina,R,180.0,ESP,24.671,24.0,1535.0,6-1 6-4,3,QF,69.0,7.0,0.0,45.0,26.0,24.0,12.0,9.0,0.0,0.0,1.0,3.0,52.0,39.0,23.0,6.0,8.0,5.0,8.0
2024-496,Marseille,Hard,32,250,I,20240205,24,HB71,1.0,,Hubert Hurkacz,R,196.0,POL,26.982,8.0,3540.0,M0FH,,,Tomas Machac,R,183.0,CZE,23.313,66.0,838.0,6-3 6-4,3,QF,62.0,11.0,2.0,49.0,31.0,28.0,12.0,10.0,0.0,0.0,7.0,1.0,50.0,34.0,24.0,10.0,9.0,2.0,4.0
2024-496,Marseille,Hard,32,250,I,20240205,25,D875,2.0,,Grigor Dimitrov,R,191.0,BUL,32.726,13.0,2785.0,KE29,3.0,,Karen Khachanov,R,198.0,RUS,27.71,18.0,1910.0,6-7(3) 6-4 7-6(5),3,SF,177.0,19.0,7.0,118.0,73.0,60.0,21.0,17.0,4.0,6.0,10.0,3.0,119.0,71.0,55.0,20.0,17.0,5.0,8.0
2024-496,Marseille,Hard,32,250,I,20240205,26,HH26,4.0,,Ugo Humbert,L,188.0,FRA,25.613,21.0,1775.0,HB71,1.0,,Hubert Hurkacz,R,196.0,POL,26.982,8.0,3540.0,6-4 6-4,3,SF,82.0,7.0,1.0,60.0,46.0,37.0,8.0,10.0,3.0,3.0,9.0,2.0,51.0,32.0,28.0,7.0,10.0,0.0,2.0
2024-496,Marseille,Hard,32,250,I,20240205,27,HH26,4.0,,Ugo Humbert,L,188.0,FRA,25.613,21.0,1775.0,D875,2.0,,Grigor Dimitrov,R,191.0,BUL,32.726,13.0,2785.0,6-4 6-3,3,F,83.0,10.0,1.0,55.0,38.0,33.0,10.0,10.0,2.0,2.0,6.0,2.0,57.0,38.0,30.0,7.0,9.0,2.0,4.0
2024-499,Delray Beach,Hard,32,250,O,20240212,1,A829,,Q,Radu Albot,R,175.0,MDA,34.253,137.0,475.0,S0RE,,,Juncheng Shang,L,180.0,CHN,19.025,139.0,465.0,4-6 6-4 6-2,3,R32,153.0,6.0,4.0,92.0,63.0,42.0,13.0,14.0,9.0,13.0,8.0,7.0,109.0,69.0,43.0,15.0,14.0,14.0,20.0
2024-499,Delray Beach,Hard,32,250,O,20240212,2,C0E9,,LL,Flavio Cobolli,R,183.0,ITA,21.771,72.0,779.0,DA81,,,Taro Daniel,R,191.0,JPN,31.042,63.0,870.0,1-6 6-2 7-6(1),3,R32,143.0,7.0,2.0,95.0,43.0,29.0,29.0,13.0,10.0,13.0,7.0,1.0,88.0,51.0,37.0,16.0,14.0,3.0,6.0
2024-499,Delray Beach,Hard,32,250,O,20240212,3,S0K7,,Q,Zachary Svajda,R,175.0,USA,21.205,146.0,430.0,PH71,8.0,,Max Purcell,R,185.0,AUS,25.862,41.0,1051.0,7-5 6-3,3,R32,96.0,5.0,6.0,82.0,55.0,40.0,12.0,11.0,7.0,8.0,1.0,2.0,58.0,25.0,17.0,17.0,10.0,3.0,6.0
2024-499,Delray Beach,Hard,32,250,O,20240212,4,M0QI,,,Alex Michelsen,R,193.0,USA,19.466,75.0,759.0,KD46,,Q,Thanasi Kokkinakis,R,193.0,AUS,27.841,79.0,716.0,6-1 6-2,3,R32,71.0,1.0,2.0,47.0,30.0,22.0,13.0,8.0,4.0,4.0,5.0,4.0,56.0,34.0,19.0,8.0,7.0,7.0,11.0
2024-499,Delray Beach,Hard,32,250,O,20240212,5,MW18,,Q,Nicolas Moreno De Alboran,R,185.0,USA,26.582,149.0,418.0,K0AZ,,WC,Aleksandar Kovacevic,R,183.0,USA,25.457,102.0,616.0,6-2 7-6(3),3,R32,92.0,5.0,2.0,63.0,39.0,33.0,15.0,10.0,2.0,2.0,5.0,1.0,60.0,33.0,27.0,10.0,10.0,0.0,2.0
2024-499,Delray Beach,Hard,32,250,O,20240212,6,TC61,,,Jordan Thompson,R,183.0,AUS,29.815,42.0,1047.0,E687,7.0,,Daniel Evans,R,175.0,GBR,33.725,44.0,1041.0,7-5 6-0,3,R32,91.0,10.0,2.0,46.0,29.0,27.0,10.0,9.0,1.0,1.0,1.0,4.0,53.0,29.0,18.0,10.0,9.0,2.0,6.0
2024-499,Delray Beach,Hard,32,250,O,20240212,7,K0A3,,WC,Patrick Kypson,R,188.0,USA,24.293,155.0,404.0,KI95,5.0,,Miomir Kecmanovic,R,183.0,SRB,24.452,40.0,1080.0,6-4 7-6(3),3,R32,90.0,12.0,0.0,64.0,41.0,37.0,11.0,11.0,2.0,3.0,9.0,1.0,64.0,45.0,32.0,12.0,11.0,3.0,5.0
2024-499,Delray Beach,Hard,32,250,O,20240212,8,LB66,,,Constant Lestienne,R,180.0,FRA,31.723,104.0,599.0,V832,,,Aleksandar Vukic,R,188.0,AUS,27.852,69.0,810.0,6-4 6-4,3,R32,86.0,4.0,2.0,72.0,38.0,28.0,18.0,10.0,4.0,5.0,6.0,2.0,52.0,27.0,20.0,12.0,10.0,1.0,4.0
2024-499,Delray Beach,Hard,32,250,O,20240212,9,GC88,,,Marcos Giron,R,180.0,USA,30.554,52.0,945.0,N0AM,,WC,Emilio Nava,R,185.0,USA,22.196,144.0,443.0,6-4 7-6(5),3,R32,88.0,1.0,1.0,64.0,47.0,40.0,10.0,11.0,0.0,0.0,9.0,5.0,73.0,46.0,34.0,13.0,11.0,5.0,6.0
2024-499,Delray Beach,Hard,32,250,O,20240212,10,A0FC,6.0,,Matteo Arnaldi,R,185.0,ITA,22.971,43.0,1046.0,N732,,,Yoshihito Nishioka,L,170.0,JPN,28.378,77.0,720.0,4-6 6-4 6-3,3,R32,142.0,21.0,2.0,108.0,68.0,48.0,21.0,15.0,7.0,9.0,0.0,0.0,79.0,53.0,41.0,13.0,14.0,5.0,8.0
2024-499,Delray Beach,Hard,32,250,O,20240212,11,H0BH,,,Rinky Hijikata,R,178.0,AUS,22.968,84.0,697.0,BI23,,,Liam Broady,L,183.0,GBR,30.105,121.0,524.0,6-2 1-6 6-1,3,R32,125.0,9.0,5.0,85.0,48.0,34.0,18.0,11.0,9.0,11.0,4.0,4.0,85.0,50.0,26.0,20.0,11.0,13.0,17.0
2024-499,Delray Beach,Hard,32,250,O,20240212,12,BT72,,,Nuno Borges,R,185.0,POR,26.979,46.0,1004.0,D0F6,,,Gabriel Diallo,R,203.0,CAN,22.385,136.0,481.0,6-4 7-6(1),3,R32,110.0,4.0,1.0,69.0,56.0,40.0,8.0,11.0,2.0,3.0,8.0,1.0,87.0,63.0,40.0,8.0,11.0,4.0,6.0
2024-499,Delray Beach,Hard,32,250,O,20240212,13,TD51,2.0,,Frances Tiafoe,R,188.0,USA,26.062,15.0,2065.0,A829,,Q,Radu Albot,R,175.0,MDA,34.253,137.0,475.0,7-6(5) 7-6(4),3,R16,113.0,11.0,2.0,81.0,45.0,36.0,17.0,12.0,4.0,7.0,6.0,2.0,81.0,53.0,34.0,15.0,12.0,2.0,5.0
2024-499,Delray Beach,Hard,32,250,O,20240212,14,C0E9,,LL,Flavio Cobolli,R,183.0,ITA,21.771,72.0,779.0,S0K7,,Q,Zachary Svajda,R,175.0,USA,21.205,146.0,430.0,6-4 6-7(1) 6-2,3,R16,134.0,4.0,6.0,97.0,57.0,41.0,19.0,15.0,4.0,6.0,4.0,1.0,105.0,71.0,45.0,16.0,15.0,8.0,13.0
2024-499,Delray Beach,Hard,32,250,O,20240212,15,PL56,3.0,,Tommy Paul,R,185.0,USA,26.741,14.0,2255.0,M0QI,,,Alex Michelsen,R,193.0,USA,19.466,75.0,759.0,5-7 6-4 7-6(4),3,R16,180.0,15.0,5.0,112.0,63.0,51.0,22.0,17.0,9.0,11.0,2.0,6.0,125.0,74.0,52.0,23.0,17.0,6.0,8.0
2024-499,Delray Beach,Hard,32,250,O,20240212,16,TC61,,,Jordan Thompson,R,183.0,AUS,29.815,42.0,1047.0,MW18,,Q,Nicolas Moreno De Alboran,R,185.0,USA,26.582,149.0,418.0,6-2 6-2,3,R16,101.0,6.0,0.0,53.0,29.0,22.0,15.0,8.0,4.0,4.0,4.0,3.0,66.0,40.0,21.0,13.0,8.0,6.0,10.0
2024-499,Delray Beach,Hard,32,250,O,20240212,17,K0A3,,WC,Patrick Kypson,R,188.0,USA,24.293,155.0,404.0,LB66,,,Constant Lestienne,R,180.0,FRA,31.723,104.0,599.0,6-4 6-4,3,R16,87.0,8.0,3.0,56.0,31.0,25.0,13.0,10.0,3.0,5.0,7.0,2.0,65.0,37.0,24.0,14.0,10.0,3.0,7.0
2024-499,Delray Beach,Hard,32,250,O,20240212,18,GC88,,,Marcos Giron,R,180.0,USA,30.554,52.0,945.0,ME82,4.0,,Adrian Mannarino,L,180.0,FRA,35.622,19.0,1975.0,6-0 6-7(5) 6-1,3,R16,124.0,7.0,2.0,79.0,52.0,41.0,19.0,13.0,2.0,2.0,4.0,3.0,88.0,62.0,40.0,9.0,12.0,9.0,14.0
2024-499,Delray Beach,Hard,32,250,O,20240212,19,H0BH,,,Rinky Hijikata,R,178.0,AUS,22.968,84.0,697.0,A0FC,6.0,,Matteo Arnaldi,R,185.0,ITA,22.971,43.0,1046.0,6-2 3-6 6-4,3,R16,151.0,4.0,2.0,100.0,65.0,43.0,20.0,13.0,8.0,9.0,14.0,7.0,98.0,52.0,39.0,19.0,14.0,7.0,10.0
2024-499,Delray Beach,Hard,32,250,O,20240212,20,FB98,1.0,,Taylor Fritz,R,196.0,USA,26.292,9.0,3150.0,BT72,,,Nuno Borges,R,185.0,POR,26.979,46.0,1004.0,7-6(5) 6-4,3,R16,92.0,14.0,1.0,69.0,39.0,34.0,18.0,11.0,1.0,2.0,3.0,1.0,72.0,47.0,36.0,12.0,11.0,3.0,5.0
2024-499,Delray Beach,Hard,32,250,O,20240212,21,TD51,2.0,,Frances Tiafoe,R,188.0,USA,26.062,15.0,2065.0,C0E9,,LL,Flavio Cobolli,R,183.0,ITA,21.771,72.0,779.0,6-4 6-2,3,QF,68.0,4.0,1.0,47.0,29.0,23.0,13.0,9.0,2.0,3.0,7.0,3.0,62.0,39.0,25.0,7.0,9.0,7.0,11.0
2024-499,Delray Beach,Hard,32,250,O,20240212,22,PL56,3.0,,Tommy Paul,R,185.0,USA,26.741,14.0,2255.0,TC61,,,Jordan Thompson,R,183.0,AUS,29.815,42.0,1047.0,6-4 6-3,3,QF,92.0,1.0,2.0,54.0,28.0,23.0,13.0,10.0,2.0,4.0,3.0,3.0,61.0,30.0,18.0,15.0,9.0,4.0,8.0
2024-499,Delray Beach,Hard,32,250,O,20240212,23,GC88,,,Marcos Giron,R,180.0,USA,30.554,52.0,945.0,K0A3,,WC,Patrick Kypson,R,188.0,USA,24.293,155.0,404.0,6-4 6-4,3,QF,77.0,6.0,0.0,49.0,36.0,30.0,10.0,10.0,0.0,0.0,7.0,2.0,58.0,42.0,33.0,4.0,10.0,3.0,5.0
2024-499,Delray Beach,Hard,32,250,O,20240212,24,FB98,1.0,,Taylor Fritz,R,196.0,USA,26.292,9.0,3150.0,H0BH,,,Rinky Hijikata,R,178.0,AUS,22.968,84.0,697.0,6-3 6-3,3,QF,74.0,6.0,1.0,50.0,35.0,28.0,10.0,9.0,0.0,0.0,1.0,1.0,53.0,29.0,19.0,11.0,9.0,2.0,5.0
2024-499,Delray Beach,Hard,32,250,O,20240212,25,PL56,3.0,,Tommy Paul,R,185.0,USA,26.741,14.0,2255.0,TD51,2.0,,Frances Tiafoe,R,188.0,USA,26.062,15.0,2065.0,6-2 6-2,3,SF,61.0,8.0,1.0,42.0,31.0,25.0,8.0,8.0,0.0,0.0,1.0,0.0,49.0,30.0,17.0,9.0,8.0,0.0,4.0
2024-499,Delray Beach,Hard,32,250,O,20240212,26,FB98,1.0,,Taylor Fritz,R,196.0,USA,26.292,9.0,3150.0,GC88,,,Marcos Giron,R,180.0,USA,30.554,52.0,945.0,7-6(8) 6-2,3,SF,107.0,10.0,1.0,62.0,43.0,32.0,8.0,10.0,0.0,2.0,1.0,5.0,95.0,65.0,40.0,12.0,10.0,11.0,15.0
2024-499,Delray Beach,Hard,32,250,O,20240212,27,FB98,1.0,,Taylor Fritz,R,196.0,USA,26.292,9.0,3150.0,PL56,3.0,,Tommy Paul,R,185.0,USA,26.741,14.0,2255.0,6-2 6-3,3,F,100.0,5.0,2.0,74.0,43.0,31.0,19.0,9.0,7.0,7.0,3.0,4.0,53.0,26.0,16.0,14.0,8.0,2.0,5.0
2024-506,Buenos Aires,Clay,32,250,O,20240212,1,CE77,,SE,Federico Coria,R,180.0,ARG,31.929,106.0,588.0,O513,,,Sebastian Ofner,R,191.0,AUT,27.754,38.0,1091.0,7-5 4-6 7-5,3,R32,178.0,4.0,6.0,97.0,59.0,40.0,17.0,17.0,3.0,9.0,5.0,4.0,121.0,67.0,44.0,22.0,17.0,10.0,17.0
2024-506,Buenos Aires,Clay,32,250,O,20240212,2,D0FJ,,SE,Luciano Darderi,R,183.0,ITA,21.993,76.0,722.0,N0BS,,Q,Mariano Navone,R,178.0,ARG,22.957,117.0,538.0,6-2 6-1,3,R32,76.0,1.0,0.0,53.0,32.0,23.0,13.0,8.0,2.0,2.0,1.0,1.0,43.0,29.0,14.0,7.0,7.0,1.0,5.0
2024-506,Buenos Aires,Clay,32,250,O,20240212,3,B0BI,5.0,,Sebastian Baez,R,170.0,ARG,23.124,30.0,1375.0,Z419,,,Bernabe Zapata Miralles,R,183.0,ESP,27.083,78.0,720.0,6-3 6-3,3,R32,72.0,2.0,0.0,51.0,44.0,31.0,5.0,9.0,1.0,2.0,2.0,0.0,53.0,41.0,21.0,7.0,9.0,5.0,9.0
2024-506,Buenos Aires,Clay,32,250,O,20240212,4,D0CG,,WC,Facundo Diaz Acosta,L,183.0,ARG,23.159,87.0,677.0,AE14,,,Daniel Altmaier,R,188.0,GER,25.418,53.0,936.0,6-3 7-6(1),3,R32,125.0,1.0,4.0,72.0,44.0,28.0,13.0,10.0,3.0,6.0,0.0,2.0,75.0,52.0,25.0,11.0,11.0,6.0,11.0
2024-506,Buenos Aires,Clay,32,250,O,20240212,5,TE30,,,Alejandro Tabilo,L,188.0,CHI,26.697,54.0,936.0,H997,,,Yannick Hanfmann,R,193.0,GER,32.249,56.0,929.0,6-1 6-3,3,R32,82.0,3.0,1.0,64.0,44.0,29.0,12.0,8.0,7.0,7.0,1.0,4.0,54.0,35.0,22.0,6.0,8.0,3.0,7.0
2024-506,Buenos Aires,Clay,32,250,O,20240212,6,L987,,,Dusan Lajovic,R,183.0,SRB,33.621,58.0,919.0,F0F1,8.0,,Arthur Fils,R,185.0,FRA,19.669,36.0,1118.0,6-3 6-4,3,R32,90.0,1.0,0.0,56.0,38.0,25.0,12.0,9.0,3.0,4.0,5.0,9.0,72.0,38.0,26.0,13.0,10.0,7.0,11.0
2024-506,Buenos Aires,Clay,32,250,O,20240212,7,EA24,6.0,,Tomas Martin Etcheverry,R,196.0,ARG,24.572,27.0,1465.0,CF59,,,Roberto Carballes Baena,R,183.0,ESP,30.891,64.0,861.0,6-4 6-1,3,R32,101.0,4.0,0.0,56.0,40.0,29.0,8.0,9.0,1.0,2.0,0.0,5.0,57.0,36.0,21.0,8.0,8.0,0.0,4.0
2024-506,Buenos Aires,Clay,32,250,O,20240212,8,GE33,,Q,Daniel Elahi Galan,R,191.0,COL,27.652,80.0,716.0,SM37,,WC,Diego Schwartzman,R,170.0,ARG,31.491,116.0,538.0,2-6 6-1 6-4,3,R32,138.0,3.0,0.0,99.0,62.0,38.0,20.0,13.0,6.0,9.0,0.0,2.0,68.0,52.0,30.0,10.0,12.0,2.0,6.0
2024-506,Buenos Aires,Clay,32,250,O,20240212,9,W367,,,Stan Wawrinka,R,183.0,SUI,38.877,60.0,907.0,CG04,,,Pedro Cachin,R,185.0,ARG,28.838,74.0,763.0,6-7(4) 6-1 6-2,3,R32,141.0,10.0,3.0,89.0,47.0,39.0,22.0,13.0,5.0,5.0,3.0,2.0,106.0,74.0,48.0,13.0,14.0,8.0,13.0
2024-506,Buenos Aires,Clay,32,250,O,20240212,10,DB63,7.0,,Laslo Djere,R,188.0,SRB,28.698,35.0,1215.0,C977,,WC,Marin Cilic,R,198.0,CRO,35.373,1044.0,10.0,4-6 6-3 6-0,3,R32,118.0,5.0,2.0,65.0,39.0,30.0,19.0,12.0,4.0,5.0,3.0,4.0,84.0,48.0,30.0,17.0,13.0,4.0,9.0
2024-506,Buenos Aires,Clay,32,250,O,20240212,11,VA08,,Q,Andrea Vavassori,R,193.0,ITA,28.775,152.0,414.0,SX91,,,Thiago Seyboth Wild,R,185.0,BRA,23.926,83.0,708.0,6-3 6-1,3,R32,97.0,5.0,4.0,49.0,27.0,23.0,12.0,8.0,4.0,4.0,1.0,4.0,79.0,50.0,30.0,10.0,8.0,17.0,21.0
2024-506,Buenos Aires,Clay,32,250,O,20240212,12,U182,,Q,Camilo Ugo Carabelli,R,185.0,ARG,24.657,134.0,494.0,V836,,,Juan Pablo Varillas,R,185.0,PER,28.353,85.0,684.0,7-6(5) 6-4,3,R32,128.0,2.0,1.0,81.0,56.0,40.0,9.0,11.0,10.0,13.0,0.0,0.0,67.0,37.0,23.0,13.0,11.0,2.0,6.0
2024-506,Buenos Aires,Clay,32,250,O,20240212,13,CE77,,SE,Federico Coria,R,180.0,ARG,31.929,106.0,588.0,N771,2.0,,Cameron Norrie,L,188.0,GBR,28.474,20.0,1820.0,6-2 4-6 6-3,3,R16,140.0,5.0,3.0,94.0,63.0,48.0,13.0,14.0,7.0,9.0,2.0,5.0,87.0,41.0,33.0,18.0,13.0,5.0,9.0
2024-506,Buenos Aires,Clay,32,250,O,20240212,14,B0BI,5.0,,Sebastian Baez,R,170.0,ARG,23.124,30.0,1375.0,D0FJ,,SE,Luciano Darderi,R,183.0,ITA,21.993,76.0,722.0,6-4 7-5,3,R16,99.0,0.0,4.0,61.0,41.0,30.0,13.0,11.0,1.0,2.0,4.0,2.0,76.0,42.0,27.0,18.0,11.0,6.0,9.0
2024-506,Buenos Aires,Clay,32,250,O,20240212,15,D0CG,,WC,Facundo Diaz Acosta,L,183.0,ARG,23.159,87.0,677.0,C0AU,4.0,,Francisco Cerundolo,R,185.0,ARG,25.5,22.0,1720.0,7-6(3) 6-0,3,R16,98.0,1.0,2.0,67.0,43.0,27.0,15.0,9.0,3.0,5.0,0.0,3.0,60.0,37.0,24.0,7.0,9.0,4.0,9.0
2024-506,Buenos Aires,Clay,32,250,O,20240212,16,L987,,,Dusan Lajovic,R,183.0,SRB,33.621,58.0,919.0,TE30,,,Alejandro Tabilo,L,188.0,CHI,26.697,54.0,936.0,6-4 1-6 6-1,3,R16,97.0,3.0,3.0,71.0,49.0,37.0,11.0,12.0,3.0,5.0,2.0,3.0,69.0,45.0,34.0,11.0,12.0,3.0,6.0
2024-506,Buenos Aires,Clay,32,250,O,20240212,17,EA24,6.0,,Tomas Martin Etcheverry,R,196.0,ARG,24.572,27.0,1465.0,GE33,,Q,Daniel Elahi Galan,R,191.0,COL,27.652,80.0,716.0,6-3 6-0,3,R16,83.0,3.0,0.0,37.0,18.0,14.0,12.0,7.0,0.0,1.0,0.0,0.0,49.0,25.0,12.0,8.0,8.0,6.0,12.0
2024-506,Buenos Aires,Clay,32,250,O,20240212,18,J551,3.0,,Nicolas Jarry,R,201.0,CHI,28.339,21.0,1810.0,W367,,,Stan Wawrinka,R,183.0,SUI,38.877,60.0,907.0,6-7(3) 6-2 7-6(5),3,R16,171.0,11.0,3.0,102.0,61.0,45.0,25.0,16.0,5.0,7.0,8.0,3.0,102.0,54.0,40.0,25.0,16.0,4.0,8.0
2024-506,Buenos Aires,Clay,32,250,O,20240212,19,VA08,,Q,Andrea Vavassori,R,193.0,ITA,28.775,152.0,414.0,DB63,7.0,,Laslo Djere,R,188.0,SRB,28.698,35.0,1215.0,6-4 7-5,3,R16,91.0,3.0,1.0,60.0,42.0,31.0,11.0,11.0,3.0,5.0,4.0,3.0,56.0,31.0,21.0,10.0,11.0,0.0,4.0
2024-506,Buenos Aires,Clay,32,250,O,20240212,20,A0E2,1.0,,Carlos Alcaraz,R,183.0,ESP,20.775,2.0,9255.0,U182,,Q,Camilo Ugo Carabelli,R,185.0,ARG,24.657,134.0,494.0,6-2 7-5,3,R16,105.0,1.0,5.0,61.0,44.0,31.0,2.0,10.0,5.0,9.0,0.0,5.0,76.0,51.0,25.0,6.0,10.0,11.0,18.0
2024-506,Buenos Aires,Clay,32,250,O,20240212,21,CE77,,SE,Federico Coria,R,180.0,ARG,31.929,106.0,588.0,B0BI,5.0,,Sebastian Baez,R,170.0,ARG,23.124,30.0,1375.0,6-1 6-4,3,QF,88.0,3.0,0.0,56.0,41.0,29.0,6.0,9.0,3.0,5.0,1.0,1.0,57.0,42.0,20.0,5.0,8.0,4.0,9.0
2024-506,Buenos Aires,Clay,32,250,O,20240212,22,D0CG,,WC,Facundo Diaz Acosta,L,183.0,ARG,23.159,87.0,677.0,L987,,,Dusan Lajovic,R,183.0,SRB,33.621,58.0,919.0,6-4 6-3,3,QF,83.0,4.0,2.0,52.0,36.0,27.0,11.0,10.0,2.0,3.0,0.0,1.0,53.0,35.0,22.0,8.0,9.0,1.0,4.0
2024-506,Buenos Aires,Clay,32,250,O,20240212,23,J551,3.0,,Nicolas Jarry,R,201.0,CHI,28.339,21.0,1810.0,EA24,6.0,,Tomas Martin Etcheverry,R,196.0,ARG,24.572,27.0,1465.0,4-6 7-5 RET,3,QF,140.0,5.0,3.0,75.0,42.0,31.0,14.0,11.0,7.0,10.0,0.0,2.0,75.0,48.0,35.0,10.0,11.0,4.0,7.0
2024-506,Buenos Aires,Clay,32,250,O,20240212,24,A0E2,1.0,,Carlos Alcaraz,R,183.0,ESP,20.775,2.0,9255.0,VA08,,Q,Andrea Vavassori,R,193.0,ITA,28.775,152.0,414.0,7-6(1) 6-1,3,QF,100.0,1.0,1.0,69.0,55.0,37.0,10.0,10.0,1.0,1.0,2.0,1.0,65.0,44.0,28.0,10.0,9.0,6.0,8.0
2024-506,Buenos Aires,Clay,32,250,O,20240212,25,D0CG,,WC,Facundo Diaz Acosta,L,183.0,ARG,23.159,87.0,677.0,CE77,,SE,Federico Coria,R,180.0,ARG,31.929,106.0,588.0,6-2 6-3,3,SF,84.0,3.0,1.0,54.0,38.0,28.0,9.0,9.0,4.0,5.0,1.0,1.0,51.0,34.0,19.0,6.0,8.0,7.0,11.0
2024-506,Buenos Aires,Clay,32,250,O,20240212,26,J551,3.0,,Nicolas Jarry,R,201.0,CHI,28.339,21.0,1810.0,A0E2,1.0,,Carlos Alcaraz,R,183.0,ESP,20.775,2.0,9255.0,7-6(2) 6-3,3,SF,115.0,7.0,2.0,77.0,53.0,39.0,11.0,11.0,3.0,4.0,0.0,2.0,61.0,40.0,29.0,11.0,10.0,2.0,4.0
2024-506,Buenos Aires,Clay,32,250,O,20240212,27,D0CG,,WC,Facundo Diaz Acosta,L,183.0,ARG,23.159,87.0,677.0,J551,3.0,,Nicolas Jarry,R,201.0,CHI,28.339,21.0,1810.0,6-3 6-4,3,F,104.0,2.0,2.0,70.0,52.0,38.0,11.0,10.0,6.0,6.0,1.0,1.0,54.0,37.0,26.0,8.0,9.0,3.0,5.0
2024-407,Rotterdam,Hard,32,500,I,20240212,1,RE44,2.0,,Andrey Rublev,R,188.0,RUS,26.313,5.0,5050.0,BU13,,Q,Zizou Bergs,R,185.0,BEL,24.695,132.0,499.0,7-5 6-3,3,R32,82.0,3.0,2.0,68.0,43.0,31.0,17.0,11.0,3.0,3.0,8.0,4.0,60.0,42.0,31.0,7.0,10.0,1.0,3.0
2024-407,Rotterdam,Hard,32,500,I,20240212,2,AG37,,,Felix Auger-Aliassime,R,193.0,CAN,23.513,28.0,1460.0,C0BC,,Q,Maxime Cressy,R,201.0,USA,26.765,170.0,368.0,7-6(3) 7-6(8),3,R32,140.0,18.0,4.0,85.0,57.0,43.0,18.0,12.0,1.0,1.0,7.0,4.0,85.0,57.0,44.0,17.0,12.0,5.0,5.0
2024-407,Rotterdam,Hard,32,500,I,20240212,3,GB88,,Q,David Goffin,R,180.0,BEL,33.183,133.0,498.0,P0HW,,WC,Dino Prizmic,R,188.0,CRO,18.522,171.0,361.0,6-4 6-7(12) 6-1,3,R32,175.0,8.0,2.0,115.0,67.0,46.0,20.0,15.0,5.0,9.0,2.0,1.0,91.0,57.0,32.0,19.0,14.0,5.0,12.0
2024-407,Rotterdam,Hard,32,500,I,20240212,4,DH58,5.0,,Alex de Minaur,R,183.0,AUS,24.986,11.0,2970.0,K0AH,,,Sebastian Korda,R,196.0,USA,23.606,33.0,1245.0,6-4 6-3,3,R32,82.0,5.0,1.0,57.0,38.0,33.0,10.0,10.0,4.0,4.0,11.0,1.0,72.0,44.0,32.0,10.0,9.0,6.0,8.0
2024-407,Rotterdam,Hard,32,500,I,20240212,5,R0DG,3.0,,Holger Rune,R,188.0,DEN,20.791,7.0,3695.0,SX50,,,Roman Safiullin,R,185.0,RUS,26.516,39.0,1090.0,6-4 2-6 6-1,3,R32,113.0,6.0,3.0,81.0,51.0,35.0,19.0,13.0,6.0,8.0,9.0,1.0,81.0,46.0,35.0,15.0,12.0,7.0,10.0
2024-407,Rotterdam,Hard,32,500,I,20240212,6,S0H2,,,Alexander Shevchenko,R,188.0,KAZ,23.203,57.0,920.0,Z371,,,Zhizhen Zhang,R,193.0,CHN,27.324,47.0,991.0,4-6 6-4 6-3,3,R32,115.0,13.0,0.0,87.0,55.0,38.0,20.0,14.0,5.0,7.0,5.0,1.0,91.0,58.0,37.0,19.0,15.0,4.0,8.0
2024-407,Rotterdam,Hard,32,500,I,20240212,7,F724,,,Marton Fucsovics,R,188.0,HUN,32.011,86.0,682.0,M0CI,,,Fabian Marozsan,R,193.0,HUN,24.348,61.0,896.0,7-6(5) 6-1,3,R32,91.0,11.0,0.0,78.0,50.0,37.0,15.0,10.0,7.0,8.0,0.0,1.0,53.0,29.0,18.0,14.0,9.0,2.0,5.0
2024-407,Rotterdam,Hard,32,500,I,20240212,8,D875,6.0,,Grigor Dimitrov,R,191.0,BUL,32.745,13.0,2905.0,SU87,,,Lorenzo Sonego,R,191.0,ITA,28.758,48.0,975.0,7-6(4) 6-3,3,R32,93.0,6.0,3.0,62.0,39.0,39.0,9.0,11.0,3.0,4.0,5.0,1.0,62.0,44.0,34.0,6.0,10.0,4.0,6.0
2024-407,Rotterdam,Hard,32,500,I,20240212,9,RH24,,,Emil Ruusuvuori,R,188.0,FIN,24.865,55.0,931.0,HH26,7.0,,Ugo Humbert,L,188.0,FRA,25.632,18.0,1990.0,7-6(5) 4-6 6-3,3,R32,140.0,6.0,3.0,110.0,67.0,50.0,24.0,16.0,3.0,5.0,10.0,1.0,87.0,66.0,48.0,12.0,15.0,2.0,4.0
2024-407,Rotterdam,Hard,32,500,I,20240212,10,SL28,,,Jan-Lennard Struff,R,193.0,GER,33.802,25.0,1526.0,DH50,,,Alejandro Davidovich Fokina,R,180.0,ESP,24.69,24.0,1575.0,4-6 7-6(5) 7-6(4),3,R32,145.0,16.0,4.0,107.0,58.0,49.0,28.0,17.0,7.0,9.0,15.0,3.0,120.0,76.0,59.0,23.0,17.0,2.0,3.0
2024-407,Rotterdam,Hard,32,500,I,20240212,11,GJ37,,,Tallon Griekspoor,R,188.0,NED,27.614,29.0,1420.0,M0EJ,,,Lorenzo Musetti,R,185.0,ITA,21.947,26.0,1480.0,3-6 7-6(7) 7-6(3),3,R32,173.0,19.0,3.0,116.0,68.0,55.0,26.0,16.0,11.0,13.0,8.0,1.0,109.0,69.0,52.0,25.0,17.0,3.0,4.0
2024-407,Rotterdam,Hard,32,500,I,20240212,12,HB71,4.0,,Hubert Hurkacz,R,196.0,POL,27.001,8.0,3595.0,L0BV,,,Jiri Lehecka,R,185.0,CZE,22.261,32.0,1250.0,6-3 6-7(9) 7-6(9),3,R32,138.0,18.0,1.0,116.0,79.0,66.0,22.0,17.0,3.0,3.0,14.0,2.0,105.0,73.0,64.0,16.0,16.0,1.0,2.0
2024-407,Rotterdam,Hard,32,500,I,20240212,13,BK92,8.0,,Alexander Bublik,R,196.0,KAZ,26.656,23.0,1699.0,CG80,,,Borna Coric,R,188.0,CRO,27.244,31.0,1274.0,6-3 6-4,3,R32,111.0,13.0,7.0,84.0,44.0,34.0,20.0,10.0,5.0,5.0,3.0,1.0,77.0,50.0,33.0,13.0,9.0,6.0,8.0
2024-407,Rotterdam,Hard,32,500,I,20240212,14,R975,,PR,Milos Raonic,R,196.0,CAN,33.128,309.0,175.0,D0C1,,WC,Jesper de Jong,R,180.0,NED,23.702,141.0,463.0,7-6(5) 6-4,3,R32,102.0,20.0,7.0,66.0,37.0,36.0,15.0,11.0,1.0,1.0,7.0,4.0,79.0,44.0,37.0,17.0,11.0,7.0,8.0
2024-407,Rotterdam,Hard,32,500,I,20240212,15,MC65,,WC,Gael Monfils,R,193.0,FRA,37.448,70.0,787.0,SU55,,Q,Denis Shapovalov,L,185.0,CAN,24.83,127.0,505.0,7-6(4) 7-6(5),3,R32,97.0,4.0,0.0,80.0,53.0,41.0,20.0,12.0,3.0,3.0,14.0,2.0,79.0,46.0,38.0,18.0,12.0,1.0,1.0
2024-407,Rotterdam,Hard,32,500,I,20240212,16,S0AG,1.0,,Jannik Sinner,R,191.0,ITA,22.491,4.0,8070.0,V812,,,Botic van de Zandschulp,R,191.0,NED,28.359,66.0,855.0,6-3 6-3,3,R32,86.0,4.0,2.0,47.0,32.0,28.0,9.0,9.0,3.0,3.0,5.0,1.0,71.0,46.0,32.0,8.0,9.0,5.0,8.0
2024-407,Rotterdam,Hard,32,500,I,20240212,17,RE44,2.0,,Andrey Rublev,R,188.0,RUS,26.313,5.0,5050.0,AG37,,,Felix Auger-Aliassime,R,193.0,CAN,23.513,28.0,1460.0,3-6 7-6(6) 7-5,3,R16,153.0,5.0,2.0,100.0,59.0,40.0,29.0,16.0,4.0,5.0,20.0,5.0,109.0,70.0,56.0,19.0,17.0,4.0,5.0
2024-407,Rotterdam,Hard,32,500,I,20240212,18,DH58,5.0,,Alex de Minaur,R,183.0,AUS,24.986,11.0,2970.0,GB88,,Q,David Goffin,R,180.0,BEL,33.183,133.0,498.0,6-3 6-1,3,R16,82.0,4.0,0.0,48.0,29.0,20.0,9.0,8.0,5.0,7.0,1.0,4.0,64.0,39.0,20.0,7.0,8.0,5.0,11.0
2024-407,Rotterdam,Hard,32,500,I,20240212,19,S0H2,,,Alexander Shevchenko,R,188.0,KAZ,23.203,57.0,920.0,R0DG,3.0,,Holger Rune,R,188.0,DEN,20.791,7.0,3695.0,6-4 1-6 6-3,3,R16,96.0,6.0,1.0,80.0,53.0,43.0,9.0,13.0,4.0,6.0,9.0,0.0,67.0,40.0,34.0,15.0,13.0,1.0,3.0
2024-407,Rotterdam,Hard,32,500,I,20240212,20,D875,6.0,,Grigor Dimitrov,R,191.0,BUL,32.745,13.0,2905.0,F724,,,Marton Fucsovics,R,188.0,HUN,32.011,86.0,682.0,6-3 7-5,3,R16,88.0,6.0,2.0,59.0,39.0,33.0,14.0,11.0,3.0,3.0,3.0,0.0,59.0,35.0,27.0,12.0,10.0,2.0,4.0
2024-407,Rotterdam,Hard,32,500,I,20240212,21,RH24,,,Emil Ruusuvuori,R,188.0,FIN,24.865,55.0,931.0,SL28,,,Jan-Lennard Struff,R,193.0,GER,33.802,25.0,1526.0,6-3 6-3,3,R16,65.0,5.0,3.0,56.0,35.0,26.0,12.0,9.0,1.0,2.0,10.0,2.0,48.0,31.0,22.0,5.0,9.0,1.0,5.0
2024-407,Rotterdam,Hard,32,500,I,20240212,22,GJ37,,,Tallon Griekspoor,R,188.0,NED,27.614,29.0,1420.0,HB71,4.0,,Hubert Hurkacz,R,196.0,POL,27.001,8.0,3595.0,6-7(5) 7-6(5) 7-6(4),3,R16,154.0,23.0,4.0,121.0,89.0,71.0,17.0,18.0,3.0,4.0,28.0,1.0,109.0,69.0,58.0,26.0,18.0,1.0,2.0
2024-407,Rotterdam,Hard,32,500,I,20240212,23,R975,,PR,Milos Raonic,R,196.0,CAN,33.128,309.0,175.0,BK92,8.0,,Alexander Bublik,R,196.0,KAZ,26.656,23.0,1699.0,6-4 6-4,3,R16,72.0,12.0,5.0,54.0,33.0,28.0,14.0,10.0,3.0,3.0,4.0,4.0,65.0,41.0,27.0,14.0,10.0,4.0,6.0
2024-407,Rotterdam,Hard,32,500,I,20240212,24,S0AG,1.0,,Jannik Sinner,R,191.0,ITA,22.491,4.0,8070.0,MC65,,WC,Gael Monfils,R,193.0,FRA,37.448,70.0,787.0,6-3 3-6 6-3,3,R16,112.0,3.0,2.0,72.0,49.0,37.0,17.0,14.0,0.0,1.0,6.0,4.0,80.0,47.0,33.0,18.0,13.0,3.0,5.0
2024-407,Rotterdam,Hard,32,500,I,20240212,25,DH58,5.0,,Alex de Minaur,R,183.0,AUS,24.986,11.0,2970.0,RE44,2.0,,Andrey Rublev,R,188.0,RUS,26.313,5.0,5050.0,7-6(5) 4-6 6-3,3,QF,151.0,10.0,4.0,111.0,57.0,44.0,28.0,16.0,5.0,6.0,7.0,4.0,107.0,71.0,51.0,18.0,15.0,2.0,3.0
2024-407,Rotterdam,Hard,32,500,I,20240212,26,D875,6.0,,Grigor Dimitrov,R,191.0,BUL,32.745,13.0,2905.0,S0H2,,,Alexander Shevchenko,R,188.0,KAZ,23.203,57.0,920.0,7-6(2) 3-6 6-4,3,QF,120.0,8.0,2.0,86.0,61.0,49.0,14.0,15.0,0.0,1.0,15.0,1.0,100.0,63.0,48.0,21.0,16.0,2.0,3.0
2024-407,Rotterdam,Hard,32,500,I,20240212,27,GJ37,,,Tallon Griekspoor,R,188.0,NED,27.614,29.0,1420.0,RH24,,,Emil Ruusuvuori,R,188.0,FIN,24.865,55.0,931.0,7-5 7-6(4),3,QF,103.0,13.0,6.0,73.0,46.0,39.0,14.0,12.0,1.0,1.0,3.0,1.0,76.0,54.0,42.0,12.0,12.0,4.0,5.0
2024-407,Rotterdam,Hard,32,500,I,20240212,28,S0AG,1.0,,Jannik Sinner,R,191.0,ITA,22.491,4.0,8070.0,R975,,PR,Milos Raonic,R,196.0,CAN,33.128,309.0,175.0,7-6(4) 1-1 RET,3,QF,65.0,3.0,0.0,45.0,32.0,26.0,7.0,7.0,3.0,4.0,11.0,0.0,38.0,29.0,23.0,6.0,7.0,0.0,1.0
2024-407,Rotterdam,Hard,32,500,I,20240212,29,DH58,5.0,,Alex de Minaur,R,183.0,AUS,24.986,11.0,2970.0,D875,6.0,,Grigor Dimitrov,R,191.0,BUL,32.745,13.0,2905.0,6-4 6-3,3,SF,83.0,6.0,0.0,63.0,37.0,27.0,16.0,9.0,3.0,3.0,4.0,2.0,50.0,38.0,28.0,5.0,10.0,0.0,3.0
2024-407,Rotterdam,Hard,32,500,I,20240212,30,S0AG,1.0,,Jannik Sinner,R,191.0,ITA,22.491,4.0,8070.0,GJ37,,,Tallon Griekspoor,R,188.0,NED,27.614,29.0,1420.0,6-2 6-4,3,SF,81.0,7.0,1.0,57.0,37.0,30.0,11.0,9.0,6.0,6.0,3.0,2.0,47.0,29.0,21.0,8.0,9.0,1.0,4.0
2024-407,Rotterdam,Hard,32,500,I,20240212,31,S0AG,1.0,,Jannik Sinner,R,191.0,ITA,22.491,4.0,8070.0,DH58,5.0,,Alex de Minaur,R,183.0,AUS,24.986,11.0,2970.0,7-5 6-4,3,F,125.0,4.0,1.0,81.0,45.0,35.0,14.0,11.0,4.0,6.0,10.0,3.0,74.0,46.0,29.0,15.0,11.0,4.0,8.0
2024-451,Doha,Hard,32,A,O,20240219,1,M0CI,,,Fabian Marozsan,R,193.0,HUN,24.367,60.0,896.0,KI82,,Q,Vit Kopriva,R,178.0,CZE,26.68,118.0,535.0,7-5 7-6(6),3,R32,104.0,5.0,1.0,73.0,55.0,37.0,9.0,12.0,1.0,5.0,4.0,1.0,75.0,46.0,29.0,12.0,12.0,4.0,9.0
2024-451,Doha,Hard,32,A,O,20240219,2,RH24,,,Emil Ruusuvuori,R,188.0,FIN,24.884,43.0,1011.0,Z0A1,,Q,Giulio Zeppieri,L,183.0,ITA,22.201,133.0,498.0,7-6(2) 7-5,3,R32,106.0,2.0,5.0,79.0,54.0,43.0,12.0,12.0,7.0,8.0,5.0,1.0,76.0,49.0,38.0,11.0,12.0,2.0,4.0
2024-451,Doha,Hard,32,A,O,20240219,3,O483,,,Christopher O'Connell,R,183.0,AUS,29.714,65.0,854.0,SL28,6.0,,Jan-Lennard Struff,R,193.0,GER,33.821,25.0,1531.0,6-4 6-4,3,R32,92.0,6.0,3.0,76.0,43.0,30.0,18.0,10.0,2.0,3.0,5.0,0.0,63.0,39.0,26.0,11.0,10.0,3.0,6.0
2024-451,Doha,Hard,32,A,O,20240219,4,F724,,,Marton Fucsovics,R,188.0,HUN,32.03,80.0,732.0,BD06,,,Roberto Bautista Agut,R,183.0,ESP,35.849,97.0,621.0,6-1 6-3,3,R32,82.0,2.0,0.0,50.0,26.0,18.0,15.0,8.0,3.0,4.0,0.0,2.0,51.0,30.0,17.0,7.0,8.0,5.0,10.0
2024-451,Doha,Hard,32,A,O,20240219,5,P09Z,,,Alexei Popyrin,R,196.0,AUS,24.542,46.0,997.0,S0NV,,WC,Abdullah Shelbayh,L,180.0,JOR,20.26,230.0,265.0,3-6 6-3 6-4,3,R32,120.0,10.0,4.0,81.0,51.0,35.0,19.0,14.0,3.0,5.0,3.0,2.0,96.0,67.0,41.0,17.0,14.0,6.0,9.0
2024-451,Doha,Hard,32,A,O,20240219,6,GF95,,Q,Hugo Grenier,R,196.0,FRA,27.91,151.0,417.0,MN13,,LL,Maximilian Marterer,L,188.0,GER,28.682,99.0,616.0,7-6(5) 7-5,3,R32,113.0,5.0,6.0,70.0,40.0,34.0,14.0,12.0,1.0,3.0,2.0,1.0,72.0,40.0,26.0,18.0,12.0,1.0,4.0
2024-451,Doha,Hard,32,A,O,20240219,7,Z371,,,Zhizhen Zhang,R,193.0,CHN,27.343,48.0,991.0,M0EJ,7.0,,Lorenzo Musetti,R,185.0,ITA,21.966,26.0,1480.0,6-2 6-0,3,R32,61.0,7.0,1.0,39.0,30.0,23.0,4.0,7.0,3.0,4.0,0.0,1.0,48.0,29.0,12.0,7.0,7.0,3.0,9.0
2024-451,Doha,Hard,32,A,O,20240219,8,MC65,,WC,Gael Monfils,R,193.0,FRA,37.467,68.0,837.0,V812,,,Botic van de Zandschulp,R,191.0,NED,28.378,70.0,810.0,6-1 7-6(9),3,R32,102.0,2.0,4.0,81.0,54.0,38.0,13.0,10.0,7.0,8.0,1.0,4.0,66.0,45.0,28.0,11.0,9.0,5.0,8.0
2024-451,Doha,Hard,32,A,O,20240219,9,K09F,,,Pavel Kotov,R,191.0,RUS,25.254,64.0,859.0,SU87,,,Lorenzo Sonego,R,191.0,ITA,28.778,49.0,975.0,6-2 7-5,3,R32,107.0,3.0,4.0,73.0,52.0,39.0,9.0,10.0,6.0,7.0,4.0,1.0,63.0,44.0,25.0,10.0,10.0,6.0,10.0
2024-451,Doha,Hard,32,A,O,20240219,10,M0NI,,,Jakub Mensik,R,196.0,CZE,18.467,116.0,536.0,DH50,5.0,,Alejandro Davidovich Fokina,R,180.0,ESP,24.709,24.0,1575.0,7-6(3) 6-4,3,R32,93.0,4.0,2.0,66.0,37.0,26.0,16.0,11.0,2.0,4.0,1.0,0.0,64.0,42.0,27.0,9.0,11.0,2.0,5.0
2024-451,Doha,Hard,32,A,O,20240219,11,MC10,,,Andy Murray,R,191.0,GBR,36.767,50.0,970.0,MP20,,Q,Alexandre Muller,R,183.0,FRA,27.047,75.0,773.0,6-1 7-6(5),3,R32,117.0,4.0,1.0,74.0,45.0,33.0,16.0,10.0,3.0,4.0,5.0,2.0,71.0,45.0,30.0,11.0,9.0,2.0,5.0
2024-451,Doha,Hard,32,A,O,20240219,12,G628,,WC,Richard Gasquet,R,183.0,FRA,37.673,126.0,519.0,S0H2,,,Alexander Shevchenko,R,188.0,KAZ,23.222,45.0,1000.0,6-4 6-4,3,R32,89.0,3.0,1.0,64.0,39.0,30.0,16.0,10.0,2.0,2.0,4.0,3.0,69.0,43.0,29.0,14.0,10.0,5.0,7.0
2024-451,Doha,Hard,32,A,O,20240219,13,KE29,2.0,,Karen Khachanov,R,198.0,RUS,27.748,17.0,2010.0,M0CI,,,Fabian Marozsan,R,193.0,HUN,24.367,60.0,896.0,6-4 7-5,3,R16,88.0,6.0,1.0,56.0,37.0,31.0,9.0,11.0,2.0,4.0,2.0,3.0,69.0,42.0,32.0,8.0,11.0,0.0,4.0
2024-451,Doha,Hard,32,A,O,20240219,14,RH24,,,Emil Ruusuvuori,R,188.0,FIN,24.884,43.0,1011.0,O483,,,Christopher O'Connell,R,183.0,AUS,29.714,65.0,854.0,6-3 6-3,3,R16,106.0,3.0,4.0,56.0,36.0,26.0,12.0,9.0,2.0,3.0,7.0,2.0,84.0,42.0,29.0,13.0,9.0,11.0,15.0
2024-451,Doha,Hard,32,A,O,20240219,15,BK92,4.0,,Alexander Bublik,R,196.0,KAZ,26.675,21.0,1739.0,F724,,,Marton Fucsovics,R,188.0,HUN,32.03,80.0,732.0,2-6 6-3 6-4,3,R16,127.0,5.0,6.0,86.0,55.0,37.0,14.0,14.0,3.0,7.0,2.0,0.0,79.0,50.0,32.0,15.0,13.0,7.0,11.0
2024-451,Doha,Hard,32,A,O,20240219,16,P09Z,,,Alexei Popyrin,R,196.0,AUS,24.542,46.0,997.0,GF95,,Q,Hugo Grenier,R,196.0,FRA,27.91,151.0,417.0,7-6(3) 6-7(8) 6-1,3,R16,149.0,14.0,2.0,111.0,75.0,59.0,20.0,16.0,4.0,5.0,7.0,2.0,99.0,67.0,46.0,16.0,15.0,1.0,4.0
2024-451,Doha,Hard,32,A,O,20240219,17,MC65,,WC,Gael Monfils,R,193.0,FRA,37.467,68.0,837.0,Z371,,,Zhizhen Zhang,R,193.0,CHN,27.343,48.0,991.0,4-6 7-5 7-6(2),3,R16,143.0,13.0,6.0,106.0,62.0,54.0,18.0,17.0,2.0,4.0,4.0,3.0,105.0,71.0,52.0,20.0,17.0,4.0,6.0
2024-451,Doha,Hard,32,A,O,20240219,18,HH26,3.0,,Ugo Humbert,L,188.0,FRA,25.651,18.0,1990.0,K09F,,,Pavel Kotov,R,191.0,RUS,25.254,64.0,859.0,6-4 6-1,3,R16,85.0,4.0,1.0,53.0,36.0,32.0,8.0,9.0,2.0,2.0,1.0,1.0,65.0,37.0,23.0,10.0,8.0,5.0,8.0
2024-451,Doha,Hard,32,A,O,20240219,19,M0NI,,,Jakub Mensik,R,196.0,CZE,18.467,116.0,536.0,MC10,,,Andy Murray,R,191.0,GBR,36.767,50.0,970.0,7-6(6) 6-7(3) 7-6(4),3,R16,203.0,12.0,1.0,125.0,77.0,52.0,28.0,18.0,4.0,7.0,8.0,3.0,121.0,78.0,54.0,25.0,18.0,0.0,3.0
2024-451,Doha,Hard,32,A,O,20240219,20,RE44,1.0,,Andrey Rublev,R,188.0,RUS,26.333,5.0,5105.0,G628,,WC,Richard Gasquet,R,183.0,FRA,37.673,126.0,519.0,6-3 6-4,3,R16,56.0,7.0,2.0,48.0,31.0,28.0,12.0,10.0,0.0,0.0,4.0,0.0,51.0,36.0,27.0,6.0,9.0,2.0,4.0
2024-451,Doha,Hard,32,A,O,20240219,21,KE29,2.0,,Karen Khachanov,R,198.0,RUS,27.748,17.0,2010.0,RH24,,,Emil Ruusuvuori,R,188.0,FIN,24.884,43.0,1011.0,3-0 RET,3,QF,13.0,0.0,0.0,5.0,5.0,4.0,0.0,1.0,0.0,0.0,0.0,0.0,14.0,10.0,4.0,1.0,2.0,1.0,3.0
2024-451,Doha,Hard,32,A,O,20240219,22,P09Z,,,Alexei Popyrin,R,196.0,AUS,24.542,46.0,997.0,BK92,4.0,,Alexander Bublik,R,196.0,KAZ,26.675,21.0,1739.0,6-4 6-4,3,QF,77.0,2.0,1.0,56.0,31.0,22.0,17.0,10.0,0.0,1.0,5.0,5.0,59.0,41.0,27.0,6.0,10.0,4.0,7.0
2024-451,Doha,Hard,32,A,O,20240219,23,MC65,,WC,Gael Monfils,R,193.0,FRA,37.467,68.0,837.0,HH26,3.0,,Ugo Humbert,L,188.0,FRA,25.651,18.0,1990.0,6-2 6-4,3,QF,71.0,7.0,4.0,52.0,35.0,29.0,5.0,9.0,1.0,3.0,0.0,2.0,45.0,28.0,14.0,8.0,9.0,1.0,6.0
2024-451,Doha,Hard,32,A,O,20240219,24,M0NI,,,Jakub Mensik,R,196.0,CZE,18.467,116.0,536.0,RE44,1.0,,Andrey Rublev,R,188.0,RUS,26.333,5.0,5105.0,6-4 7-6(6),3,QF,96.0,10.0,0.0,79.0,52.0,42.0,13.0,11.0,6.0,6.0,7.0,2.0,67.0,45.0,36.0,12.0,11.0,2.0,3.0
2024-451,Doha,Hard,32,A,O,20240219,25,KE29,2.0,,Karen Khachanov,R,198.0,RUS,27.748,17.0,2010.0,P09Z,,,Alexei Popyrin,R,196.0,AUS,24.542,46.0,997.0,7-6(12) 6-2,3,SF,108.0,7.0,1.0,72.0,50.0,41.0,10.0,10.0,4.0,5.0,7.0,2.0,70.0,48.0,31.0,11.0,10.0,2.0,5.0
2024-451,Doha,Hard,32,A,O,20240219,26,M0NI,,,Jakub Mensik,R,196.0,CZE,18.467,116.0,536.0,MC65,,WC,Gael Monfils,R,193.0,FRA,37.467,68.0,837.0,6-4 1-6 6-3,3,SF,114.0,5.0,0.0,83.0,60.0,38.0,12.0,13.0,9.0,12.0,6.0,2.0,75.0,45.0,32.0,15.0,13.0,2.0,5.0
2024-451,Doha,Hard,32,A,O,20240219,27,KE29,2.0,,Karen Khachanov,R,198.0,RUS,27.748,17.0,2010.0,M0NI,,,Jakub Mensik,R,196.0,CZE,18.467,116.0,536.0,7-6(12) 6-4,3,F,109.0,9.0,1.0,71.0,52.0,43.0,13.0,11.0,0.0,0.0,16.0,3.0,75.0,55.0,41.0,13.0,11.0,1.0,2.0
2024-7480,Los Cabos,Hard,32,A,O,20240219,1,V832,,,Aleksandar Vukic,R,188.0,AUS,27.871,72.0,792.0,P0J1,,WC,Rodrigo Pacheco Mendez,L,191.0,MEX,18.82,692.0,41.0,7-6(5) 7-6(10),3,R32,138.0,10.0,2.0,94.0,50.0,32.0,20.0,12.0,3.0,7.0,0.0,5.0,86.0,50.0,29.0,19.0,12.0,1.0,5.0
2024-7480,Los Cabos,Hard,32,A,O,20240219,2,K0AZ,,Q,Aleksandar Kovacevic,R,183.0,USA,25.476,100.0,616.0,H09P,,Q,Brandon Holt,R,185.0,USA,25.873,295.0,190.0,6-1 6-4,3,R32,68.0,4.0,1.0,48.0,30.0,24.0,15.0,9.0,2.0,2.0,1.0,0.0,53.0,34.0,21.0,8.0,8.0,2.0,5.0
2024-7480,Los Cabos,Hard,32,A,O,20240219,3,H0BH,,,Rinky Hijikata,R,178.0,AUS,22.987,79.0,737.0,KI95,6.0,,Miomir Kecmanovic,R,183.0,SRB,24.471,54.0,940.0,6-3 7-6(2),3,R32,112.0,2.0,2.0,65.0,32.0,19.0,18.0,10.0,2.0,6.0,1.0,3.0,90.0,48.0,27.0,16.0,11.0,7.0,13.0
2024-7480,Los Cabos,Hard,32,A,O,20240219,4,GC88,,,Marcos Giron,R,180.0,USA,30.574,44.0,1000.0,DA81,,,Taro Daniel,R,191.0,JPN,31.061,62.0,870.0,6-4 7-5,3,R32,102.0,2.0,1.0,61.0,30.0,23.0,18.0,11.0,2.0,4.0,6.0,4.0,70.0,35.0,23.0,18.0,11.0,7.0,11.0
2024-7480,Los Cabos,Hard,32,A,O,20240219,5,BT72,,,Nuno Borges,R,185.0,POR,26.998,47.0,997.0,KE73,,,Dominik Koepfer,L,180.0,GER,29.81,57.0,918.0,7-6(2) 6-2,3,R32,82.0,7.0,2.0,60.0,38.0,30.0,10.0,10.0,2.0,4.0,6.0,8.0,69.0,41.0,31.0,7.0,10.0,4.0,8.0
2024-7480,Los Cabos,Hard,32,A,O,20240219,6,PH71,7.0,,Max Purcell,R,185.0,AUS,25.881,51.0,961.0,A0FC,,,Matteo Arnaldi,R,185.0,ITA,22.99,41.0,1061.0,6-4 4-6 6-4,3,R32,150.0,5.0,4.0,103.0,55.0,37.0,24.0,15.0,5.0,9.0,7.0,1.0,97.0,56.0,35.0,22.0,15.0,5.0,10.0
2024-7480,Los Cabos,Hard,32,A,O,20240219,7,TC61,8.0,,Jordan Thompson,R,183.0,AUS,29.834,40.0,1071.0,E873,,WC,Ernesto Escobedo,R,185.0,MEX,27.628,494.0,82.0,6-4 6-3,3,R32,104.0,8.0,0.0,52.0,37.0,28.0,10.0,9.0,4.0,5.0,1.0,4.0,68.0,41.0,23.0,13.0,10.0,8.0,12.0
2024-7480,Los Cabos,Hard,32,A,O,20240219,8,N0AM,,Q,Emilio Nava,R,185.0,USA,22.215,146.0,443.0,SM37,,WC,Diego Schwartzman,R,170.0,ARG,31.51,115.0,538.0,6-4 6-3,3,R32,90.0,5.0,5.0,65.0,34.0,25.0,14.0,10.0,1.0,3.0,0.0,2.0,49.0,39.0,21.0,5.0,9.0,1.0,5.0
2024-7480,Los Cabos,Hard,32,A,O,20240219,9,M0QI,,,Alex Michelsen,R,193.0,USA,19.485,74.0,776.0,LB66,,,Constant Lestienne,R,180.0,FRA,31.743,104.0,604.0,6-3 7-6(3),3,R32,109.0,4.0,1.0,70.0,42.0,29.0,13.0,11.0,5.0,8.0,2.0,6.0,71.0,43.0,28.0,10.0,10.0,7.0,11.0
2024-7480,Los Cabos,Hard,32,A,O,20240219,10,E687,,,Daniel Evans,R,175.0,GBR,33.744,42.0,1041.0,SX50,5.0,,Roman Safiullin,R,185.0,RUS,26.535,38.0,1080.0,6-2 6-4,3,R32,101.0,2.0,4.0,59.0,31.0,23.0,14.0,9.0,4.0,6.0,2.0,5.0,62.0,39.0,23.0,7.0,9.0,3.0,8.0
2024-7480,Los Cabos,Hard,32,A,O,20240219,11,KD46,,,Thanasi Kokkinakis,R,193.0,AUS,27.86,103.0,604.0,D0CO,,,Jack Draper,L,193.0,GBR,22.16,53.0,951.0,4-6 7-6(5) 6-4,3,R32,178.0,10.0,2.0,103.0,61.0,42.0,21.0,16.0,3.0,8.0,2.0,5.0,97.0,51.0,38.0,18.0,16.0,4.0,9.0
2024-7480,Los Cabos,Hard,32,A,O,20240219,12,N732,,,Yoshihito Nishioka,L,170.0,JPN,28.397,84.0,700.0,C0E9,,Q,Flavio Cobolli,R,183.0,ITA,21.791,69.0,825.0,6-1 6-0,3,R32,49.0,1.0,1.0,36.0,20.0,15.0,10.0,6.0,0.0,0.0,0.0,2.0,43.0,23.0,12.0,2.0,7.0,1.0,7.0
2024-7480,Los Cabos,Hard,32,A,O,20240219,13,TE51,2.0,,Stefanos Tsitsipas,R,193.0,GRE,25.522,11.0,2990.0,V832,,,Aleksandar Vukic,R,188.0,AUS,27.871,72.0,792.0,6-3 6-0,3,R16,63.0,6.0,0.0,48.0,29.0,22.0,13.0,8.0,3.0,3.0,2.0,1.0,45.0,24.0,15.0,8.0,7.0,7.0,11.0
2024-7480,Los Cabos,Hard,32,A,O,20240219,14,K0AZ,,Q,Aleksandar Kovacevic,R,183.0,USA,25.476,100.0,616.0,H0BH,,,Rinky Hijikata,R,178.0,AUS,22.987,79.0,737.0,6-3 4-6 6-4,3,R16,143.0,11.0,2.0,90.0,51.0,38.0,15.0,15.0,3.0,8.0,2.0,4.0,90.0,49.0,28.0,19.0,14.0,8.0,14.0
2024-7480,Los Cabos,Hard,32,A,O,20240219,15,RH16,4.0,,Casper Ruud,R,183.0,NOR,25.161,12.0,2965.0,GC88,,,Marcos Giron,R,180.0,USA,30.574,44.0,1000.0,6-1 6-0,3,R16,62.0,3.0,0.0,45.0,26.0,19.0,10.0,7.0,2.0,3.0,0.0,1.0,47.0,26.0,12.0,3.0,6.0,5.0,11.0
2024-7480,Los Cabos,Hard,32,A,O,20240219,16,BT72,,,Nuno Borges,R,185.0,POR,26.998,47.0,997.0,PH71,7.0,,Max Purcell,R,185.0,AUS,25.881,51.0,961.0,6-3 6-3,3,R16,78.0,5.0,0.0,49.0,27.0,23.0,15.0,9.0,1.0,1.0,0.0,5.0,64.0,36.0,24.0,13.0,9.0,3.0,6.0
2024-7480,Los Cabos,Hard,32,A,O,20240219,17,TC61,8.0,,Jordan Thompson,R,183.0,AUS,29.834,40.0,1071.0,N0AM,,Q,Emilio Nava,R,185.0,USA,22.215,146.0,443.0,7-6(5) 6-3,3,R16,117.0,4.0,0.0,66.0,43.0,35.0,14.0,10.0,5.0,5.0,6.0,5.0,85.0,57.0,41.0,9.0,11.0,6.0,8.0
2024-7480,Los Cabos,Hard,32,A,O,20240219,18,M0QI,,,Alex Michelsen,R,193.0,USA,19.485,74.0,776.0,DH58,3.0,,Alex de Minaur,R,183.0,AUS,25.005,9.0,3210.0,6-4 6-1,3,R16,82.0,1.0,1.0,53.0,33.0,25.0,12.0,9.0,4.0,5.0,1.0,2.0,47.0,18.0,10.0,13.0,8.0,2.0,6.0
2024-7480,Los Cabos,Hard,32,A,O,20240219,19,KD46,,,Thanasi Kokkinakis,R,193.0,AUS,27.86,103.0,604.0,E687,,,Daniel Evans,R,175.0,GBR,33.744,42.0,1041.0,6-4 6-2,3,R16,128.0,5.0,1.0,65.0,35.0,23.0,19.0,9.0,4.0,5.0,3.0,3.0,80.0,39.0,27.0,16.0,9.0,6.0,10.0
2024-7480,Los Cabos,Hard,32,A,O,20240219,20,Z355,1.0,,Alexander Zverev,R,198.0,GER,26.834,6.0,5030.0,N732,,,Yoshihito Nishioka,L,170.0,JPN,28.397,84.0,700.0,6-3 6-0,3,R16,60.0,10.0,0.0,39.0,29.0,22.0,8.0,7.0,3.0,3.0,0.0,1.0,44.0,24.0,15.0,5.0,8.0,1.0,6.0
2024-7480,Los Cabos,Hard,32,A,O,20240219,21,TE51,2.0,,Stefanos Tsitsipas,R,193.0,GRE,25.522,11.0,2990.0,K0AZ,,Q,Aleksandar Kovacevic,R,183.0,USA,25.476,100.0,616.0,7-6(1) 6-3,3,QF,99.0,6.0,3.0,66.0,39.0,34.0,14.0,11.0,4.0,5.0,4.0,4.0,61.0,36.0,26.0,12.0,10.0,4.0,6.0
2024-7480,Los Cabos,Hard,32,A,O,20240219,22,RH16,4.0,,Casper Ruud,R,183.0,NOR,25.161,12.0,2965.0,BT72,,,Nuno Borges,R,185.0,POR,26.998,47.0,997.0,6-3 6-2,3,QF,67.0,4.0,1.0,52.0,36.0,28.0,10.0,9.0,2.0,2.0,5.0,1.0,39.0,21.0,15.0,6.0,8.0,0.0,3.0
2024-7480,Los Cabos,Hard,32,A,O,20240219,23,TC61,8.0,,Jordan Thompson,R,183.0,AUS,29.834,40.0,1071.0,M0QI,,,Alex Michelsen,R,193.0,USA,19.485,74.0,776.0,0-6 7-6(1) 7-5,3,QF,159.0,6.0,2.0,107.0,60.0,40.0,22.0,15.0,11.0,16.0,2.0,4.0,86.0,53.0,37.0,15.0,15.0,0.0,3.0
2024-7480,Los Cabos,Hard,32,A,O,20240219,24,Z355,1.0,,Alexander Zverev,R,198.0,GER,26.834,6.0,5030.0,KD46,,,Thanasi Kokkinakis,R,193.0,AUS,27.86,103.0,604.0,6-3 6-4,3,QF,118.0,4.0,3.0,82.0,52.0,39.0,14.0,10.0,12.0,12.0,6.0,3.0,53.0,33.0,24.0,9.0,9.0,1.0,3.0
2024-7480,Los Cabos,Hard,32,A,O,20240219,25,RH16,4.0,,Casper Ruud,R,183.0,NOR,25.161,12.0,2965.0,TE51,2.0,,Stefanos Tsitsipas,R,193.0,GRE,25.522,11.0,2990.0,6-4 7-6(4),3,SF,109.0,5.0,0.0,70.0,40.0,35.0,17.0,11.0,5.0,5.0,12.0,1.0,71.0,40.0,32.0,16.0,11.0,0.0,1.0
2024-7480,Los Cabos,Hard,32,A,O,20240219,26,TC61,8.0,,Jordan Thompson,R,183.0,AUS,29.834,40.0,1071.0,Z355,1.0,,Alexander Zverev,R,198.0,GER,26.834,6.0,5030.0,7-5 4-6 7-6(2),3,SF,220.0,5.0,0.0,123.0,69.0,43.0,32.0,17.0,7.0,10.0,5.0,1.0,119.0,87.0,53.0,17.0,17.0,9.0,12.0
2024-7480,Los Cabos,Hard,32,A,O,20240219,27,TC61,8.0,,Jordan Thompson,R,183.0,AUS,29.834,40.0,1071.0,RH16,4.0,,Casper Ruud,R,183.0,NOR,25.161,12.0,2965.0,6-3 7-6(4),3,F,122.0,7.0,1.0,80.0,46.0,37.0,18.0,11.0,11.0,13.0,0.0,3.0,65.0,39.0,26.0,12.0,10.0,0.0,3.0
2024-6932,Rio De Janeiro,Clay,32,500,O,20240219,1,N771,2.0,,Cameron Norrie,L,188.0,GBR,28.493,23.0,1680.0,DA31,,,Hugo Dellien,R,180.0,BOL,30.678,135.0,489.0,6-3 6-2,3,R32,81.0,4.0,1.0,51.0,31.0,26.0,12.0,9.0,1.0,1.0,2.0,0.0,50.0,36.0,22.0,7.0,8.0,4.0,7.0
2024-6932,Rio De Janeiro,Clay,32,500,O,20240219,2,BS86,,,Tomas Barrios Vera,R,191.0,CHI,26.193,120.0,533.0,H0DU,,WC,Gustavo Heide,R,191.0,BRA,21.974,236.0,249.0,7-5 6-3,3,R32,106.0,4.0,3.0,63.0,40.0,32.0,11.0,11.0,3.0,4.0,2.0,2.0,61.0,34.0,25.0,11.0,10.0,3.0,6.0
2024-6932,Rio De Janeiro,Clay,32,500,O,20240219,3,SX91,,,Thiago Seyboth Wild,R,185.0,BRA,23.945,82.0,708.0,TE30,,,Alejandro Tabilo,L,188.0,CHI,26.716,52.0,961.0,2-6 6-4 6-4,3,R32,135.0,5.0,3.0,96.0,64.0,44.0,17.0,14.0,5.0,7.0,8.0,2.0,75.0,53.0,41.0,10.0,14.0,0.0,2.0
2024-6932,Rio De Janeiro,Clay,32,500,O,20240219,4,MU94,,,Jaume Munar,R,183.0,ESP,26.793,73.0,776.0,O513,8.0,,Sebastian Ofner,R,191.0,AUT,27.773,37.0,1091.0,6-3 6-1,3,R32,67.0,2.0,1.0,47.0,36.0,27.0,5.0,8.0,3.0,4.0,2.0,2.0,49.0,26.0,13.0,7.0,8.0,4.0,9.0
2024-6932,Rio De Janeiro,Clay,32,500,O,20240219,5,H997,,,Yannick Hanfmann,R,193.0,GER,32.268,56.0,927.0,J551,3.0,,Nicolas Jarry,R,201.0,CHI,28.359,19.0,1965.0,6-1 1-6 7-5,3,R32,114.0,2.0,1.0,77.0,56.0,35.0,15.0,13.0,4.0,7.0,5.0,1.0,66.0,43.0,30.0,12.0,13.0,2.0,6.0
2024-6932,Rio De Janeiro,Clay,32,500,O,20240219,6,N0BS,,Q,Mariano Navone,R,178.0,ARG,22.976,113.0,551.0,CE77,,,Federico Coria,R,180.0,ARG,31.948,85.0,678.0,1-6 6-4 6-2,3,R32,138.0,0.0,0.0,72.0,51.0,30.0,7.0,12.0,8.0,14.0,0.0,0.0,97.0,61.0,34.0,13.0,13.0,14.0,21.0
2024-6932,Rio De Janeiro,Clay,32,500,O,20240219,7,GD64,,,Cristian Garin,R,185.0,CHI,27.723,88.0,660.0,CF59,,,Roberto Carballes Baena,R,183.0,ESP,30.91,66.0,851.0,2-6 7-6(1) 6-3,3,R32,184.0,2.0,10.0,115.0,66.0,46.0,22.0,15.0,5.0,9.0,2.0,1.0,102.0,70.0,44.0,17.0,14.0,6.0,9.0
2024-6932,Rio De Janeiro,Clay,32,500,O,20240219,8,F0FV,,WC,Joao Fonseca,R,188.0,BRA,17.498,655.0,49.0,F0F1,7.0,,Arthur Fils,R,185.0,FRA,19.688,36.0,1118.0,6-0 6-4,3,R32,90.0,2.0,0.0,54.0,29.0,20.0,17.0,8.0,0.0,0.0,3.0,2.0,63.0,46.0,26.0,6.0,8.0,5.0,9.0
2024-6932,Rio De Janeiro,Clay,32,500,O,20240219,9,DB63,6.0,,Laslo Djere,R,188.0,SRB,28.717,35.0,1220.0,Z419,,,Bernabe Zapata Miralles,R,183.0,ESP,27.102,93.0,637.0,6-3 6-1,3,R32,94.0,3.0,1.0,55.0,33.0,25.0,11.0,8.0,8.0,9.0,0.0,3.0,69.0,45.0,21.0,9.0,8.0,8.0,13.0
2024-6932,Rio De Janeiro,Clay,32,500,O,20240219,10,L987,,,Dusan Lajovic,R,183.0,SRB,33.64,58.0,912.0,GE33,,,Daniel Elahi Galan,R,191.0,COL,27.671,78.0,744.0,4-6 7-6(8) 6-1,3,R32,163.0,4.0,1.0,104.0,68.0,48.0,18.0,15.0,2.0,5.0,4.0,4.0,103.0,52.0,38.0,24.0,14.0,7.0,11.0
2024-6932,Rio De Janeiro,Clay,32,500,O,20240219,11,R772,,,Albert Ramos-Vinolas,L,188.0,ESP,36.09,96.0,623.0,V836,,,Juan Pablo Varillas,R,185.0,PER,28.372,108.0,582.0,3-6 6-3 7-5,3,R32,163.0,1.0,1.0,84.0,55.0,38.0,14.0,15.0,4.0,8.0,6.0,3.0,85.0,48.0,37.0,16.0,15.0,6.0,11.0
2024-6932,Rio De Janeiro,Clay,32,500,O,20240219,12,C0AU,4.0,,Francisco Cerundolo,R,185.0,ARG,25.52,22.0,1685.0,C0DF,,Q,Francisco Comesana,R,178.0,ARG,23.37,119.0,534.0,6-1 1-6 6-2,3,R32,114.0,0.0,1.0,70.0,45.0,28.0,15.0,11.0,3.0,6.0,3.0,2.0,59.0,32.0,22.0,8.0,11.0,2.0,7.0
2024-6932,Rio De Janeiro,Clay,32,500,O,20240219,13,B0BI,5.0,,Sebastian Baez,R,170.0,ARG,23.143,30.0,1415.0,MW02,,Q,Corentin Moutet,L,180.0,FRA,24.838,147.0,439.0,6-4 6-3,3,R32,98.0,1.0,4.0,65.0,48.0,32.0,9.0,10.0,3.0,5.0,1.0,1.0,63.0,42.0,23.0,10.0,9.0,5.0,9.0
2024-6932,Rio De Janeiro,Clay,32,500,O,20240219,14,D0CG,,,Facundo Diaz Acosta,L,183.0,ARG,23.179,59.0,907.0,W367,,,Stan Wawrinka,R,183.0,SUI,38.897,67.0,842.0,7-5 6-4,3,R32,114.0,1.0,2.0,75.0,50.0,33.0,13.0,11.0,7.0,9.0,2.0,5.0,71.0,38.0,27.0,14.0,11.0,5.0,9.0
2024-6932,Rio De Janeiro,Clay,32,500,O,20240219,15,MW75,,Q,Felipe Meligeni Alves,R,185.0,BRA,25.999,153.0,416.0,CG04,,,Pedro Cachin,R,185.0,ARG,28.857,76.0,754.0,6-2 3-6 6-3,3,R32,116.0,7.0,1.0,81.0,50.0,36.0,13.0,13.0,5.0,9.0,2.0,3.0,71.0,47.0,28.0,8.0,13.0,1.0,7.0
2024-6932,Rio De Janeiro,Clay,32,500,O,20240219,16,MJ08,,WC,Thiago Monteiro,L,183.0,BRA,29.722,117.0,536.0,A0E2,1.0,,Carlos Alcaraz,R,183.0,ESP,20.794,2.0,9105.0,1-1 RET,3,R32,18.0,0.0,0.0,6.0,3.0,1.0,1.0,1.0,0.0,1.0,0.0,1.0,5.0,2.0,0.0,1.0,1.0,0.0,1.0
2024-6932,Rio De Janeiro,Clay,32,500,O,20240219,17,N771,2.0,,Cameron Norrie,L,188.0,GBR,28.493,23.0,1680.0,BS86,,,Tomas Barrios Vera,R,191.0,CHI,26.193,120.0,533.0,6-1 6-1,3,R16,61.0,4.0,0.0,39.0,21.0,16.0,11.0,7.0,2.0,3.0,2.0,0.0,38.0,21.0,6.0,6.0,7.0,4.0,10.0
2024-6932,Rio De Janeiro,Clay,32,500,O,20240219,18,SX91,,,Thiago Seyboth Wild,R,185.0,BRA,23.945,82.0,708.0,MU94,,,Jaume Munar,R,183.0,ESP,26.793,73.0,776.0,6-2 4-6 6-3,3,R16,135.0,4.0,3.0,74.0,45.0,29.0,16.0,13.0,1.0,4.0,4.0,7.0,85.0,49.0,32.0,15.0,14.0,4.0,10.0
2024-6932,Rio De Janeiro,Clay,32,500,O,20240219,19,N0BS,,Q,Mariano Navone,R,178.0,ARG,22.976,113.0,551.0,H997,,,Yannick Hanfmann,R,193.0,GER,32.268,56.0,927.0,6-1 6-2,3,R16,76.0,1.0,2.0,50.0,34.0,24.0,11.0,8.0,2.0,2.0,0.0,1.0,49.0,33.0,19.0,5.0,7.0,4.0,8.0
2024-6932,Rio De Janeiro,Clay,32,500,O,20240219,20,F0FV,,WC,Joao Fonseca,R,188.0,BRA,17.498,655.0,49.0,GD64,,,Cristian Garin,R,185.0,CHI,27.723,88.0,660.0,6-4 6-4,3,R16,91.0,4.0,1.0,56.0,37.0,25.0,11.0,10.0,1.0,3.0,2.0,6.0,59.0,36.0,27.0,7.0,10.0,5.0,9.0
2024-6932,Rio De Janeiro,Clay,32,500,O,20240219,21,L987,,,Dusan Lajovic,R,183.0,SRB,33.64,58.0,912.0,DB63,6.0,,Laslo Djere,R,188.0,SRB,28.717,35.0,1220.0,6-2 7-5,3,R16,107.0,1.0,0.0,63.0,47.0,35.0,8.0,10.0,3.0,4.0,4.0,0.0,70.0,49.0,32.0,7.0,10.0,4.0,8.0
2024-6932,Rio De Janeiro,Clay,32,500,O,20240219,22,C0AU,4.0,,Francisco Cerundolo,R,185.0,ARG,25.52,22.0,1685.0,R772,,,Albert Ramos-Vinolas,L,188.0,ESP,36.09,96.0,623.0,6-2 6-1,3,R16,81.0,3.0,2.0,50.0,37.0,26.0,8.0,8.0,1.0,1.0,0.0,0.0,56.0,30.0,13.0,13.0,7.0,6.0,10.0
2024-6932,Rio De Janeiro,Clay,32,500,O,20240219,23,B0BI,5.0,,Sebastian Baez,R,170.0,ARG,23.143,30.0,1415.0,D0CG,,,Facundo Diaz Acosta,L,183.0,ARG,23.179,59.0,907.0,7-6(1) 6-3,3,R16,108.0,2.0,2.0,68.0,46.0,34.0,13.0,11.0,0.0,1.0,3.0,1.0,69.0,50.0,31.0,10.0,10.0,7.0,9.0
2024-6932,Rio De Janeiro,Clay,32,500,O,20240219,24,MJ08,,WC,Thiago Monteiro,L,183.0,BRA,29.722,117.0,536.0,MW75,,Q,Felipe Meligeni Alves,R,185.0,BRA,25.999,153.0,416.0,7-5 6-3,3,R16,102.0,6.0,1.0,63.0,37.0,29.0,15.0,11.0,0.0,1.0,7.0,0.0,65.0,46.0,32.0,7.0,10.0,4.0,7.0
2024-6932,Rio De Janeiro,Clay,32,500,O,20240219,25,N771,2.0,,Cameron Norrie,L,188.0,GBR,28.493,23.0,1680.0,SX91,,,Thiago Seyboth Wild,R,185.0,BRA,23.945,82.0,708.0,6-1 3-6 6-2,3,QF,120.0,4.0,5.0,73.0,48.0,36.0,12.0,12.0,1.0,3.0,3.0,3.0,74.0,42.0,29.0,11.0,12.0,4.0,9.0
2024-6932,Rio De Janeiro,Clay,32,500,O,20240219,26,N0BS,,Q,Mariano Navone,R,178.0,ARG,22.976,113.0,551.0,F0FV,,WC,Joao Fonseca,R,188.0,BRA,17.498,655.0,49.0,2-6 6-3 6-3,3,QF,140.0,0.0,1.0,87.0,66.0,38.0,7.0,13.0,5.0,11.0,0.0,3.0,82.0,39.0,23.0,18.0,13.0,6.0,13.0
2024-6932,Rio De Janeiro,Clay,32,500,O,20240219,27,C0AU,4.0,,Francisco Cerundolo,R,185.0,ARG,25.52,22.0,1685.0,L987,,,Dusan Lajovic,R,183.0,SRB,33.64,58.0,912.0,3-6 6-4 6-4,3,QF,143.0,1.0,2.0,100.0,66.0,43.0,22.0,15.0,12.0,14.0,5.0,1.0,79.0,55.0,42.0,13.0,14.0,1.0,3.0
2024-6932,Rio De Janeiro,Clay,32,500,O,20240219,28,B0BI,5.0,,Sebastian Baez,R,170.0,ARG,23.143,30.0,1415.0,MJ08,,WC,Thiago Monteiro,L,183.0,BRA,29.722,117.0,536.0,6-4 1-6 6-2,3,QF,133.0,3.0,2.0,83.0,57.0,39.0,12.0,12.0,5.0,8.0,4.0,2.0,70.0,39.0,30.0,11.0,13.0,2.0,6.0
2024-6932,Rio De Janeiro,Clay,32,500,O,20240219,29,N0BS,,Q,Mariano Navone,R,178.0,ARG,22.976,113.0,551.0,N771,2.0,,Cameron Norrie,L,188.0,GBR,28.493,23.0,1680.0,6-4 6-2,3,SF,119.0,3.0,1.0,56.0,36.0,24.0,12.0,9.0,2.0,4.0,1.0,5.0,84.0,46.0,24.0,17.0,9.0,13.0,18.0
2024-6932,Rio De Janeiro,Clay,32,500,O,20240219,30,B0BI,5.0,,Sebastian Baez,R,170.0,ARG,23.143,30.0,1415.0,C0AU,4.0,,Francisco Cerundolo,R,185.0,ARG,25.52,22.0,1685.0,7-5 6-0,3,SF,84.0,2.0,0.0,54.0,42.0,29.0,8.0,9.0,6.0,7.0,0.0,1.0,59.0,40.0,20.0,8.0,9.0,5.0,10.0
2024-6932,Rio De Janeiro,Clay,32,500,O,20240219,31,B0BI,5.0,,Sebastian Baez,R,170.0,ARG,23.143,30.0,1415.0,N0BS,,Q,Mariano Navone,R,178.0,ARG,22.976,113.0,551.0,6-2 6-1,3,F,82.0,2.0,0.0,43.0,34.0,23.0,6.0,8.0,1.0,3.0,0.0,1.0,60.0,43.0,18.0,7.0,7.0,8.0,14.0
2024-807,Acapulco,Hard,32,500,O,20240226,1,R0DG,2.0,,Holger Rune,R,188.0,DEN,20.83,7.0,3700.0,MP01,,Q,Michael Mmoh,R,188.0,USA,26.127,122.0,527.0,6-2 6-3,3,R32,92.0,6.0,2.0,54.0,29.0,25.0,13.0,9.0,5.0,5.0,2.0,6.0,53.0,31.0,22.0,6.0,8.0,3.0,6.0
2024-807,Acapulco,Hard,32,500,O,20240226,2,K0AZ,,Q,Aleksandar Kovacevic,R,183.0,USA,25.495,93.0,654.0,TC61,,,Jordan Thompson,R,183.0,AUS,29.854,32.0,1246.0,6-3 5-7 6-4,3,R32,161.0,5.0,8.0,110.0,65.0,48.0,23.0,16.0,9.0,11.0,4.0,2.0,91.0,51.0,39.0,20.0,15.0,3.0,6.0
2024-807,Acapulco,Hard,32,500,O,20240226,3,KE73,,,Dominik Koepfer,L,180.0,GER,29.829,58.0,918.0,A0GC,,Q,Terence Atmane,L,193.0,FRA,22.13,146.0,453.0,6-4 4-6 6-0,3,R32,141.0,1.0,2.0,72.0,38.0,28.0,19.0,13.0,2.0,5.0,6.0,4.0,101.0,50.0,30.0,22.0,13.0,16.0,22.0
2024-807,Acapulco,Hard,32,500,O,20240226,4,TD51,8.0,,Frances Tiafoe,R,188.0,USA,26.1,16.0,2155.0,PH71,,,Max Purcell,R,185.0,AUS,25.9,62.0,886.0,4-6 6-3 6-0,3,R32,121.0,4.0,3.0,78.0,43.0,31.0,23.0,13.0,7.0,8.0,11.0,6.0,84.0,43.0,31.0,17.0,12.0,9.0,13.0
2024-807,Acapulco,Hard,32,500,O,20240226,5,A0FC,,,Matteo Arnaldi,R,185.0,ITA,23.009,42.0,1061.0,FB98,4.0,,Taylor Fritz,R,196.0,USA,26.33,10.0,3150.0,6-4 4-6 6-3,3,R32,155.0,8.0,4.0,89.0,51.0,40.0,18.0,15.0,3.0,6.0,9.0,3.0,101.0,61.0,39.0,20.0,14.0,11.0,15.0
2024-807,Acapulco,Hard,32,500,O,20240226,6,S0S1,,,Ben Shelton,L,193.0,USA,21.383,17.0,2055.0,E687,,,Daniel Evans,R,175.0,GBR,33.763,41.0,1066.0,2-6 7-5 7-6(5),3,R32,164.0,12.0,4.0,94.0,63.0,50.0,14.0,16.0,2.0,5.0,5.0,3.0,94.0,50.0,40.0,25.0,16.0,3.0,5.0
2024-807,Acapulco,Hard,32,500,O,20240226,7,L987,,,Dusan Lajovic,R,183.0,SRB,33.659,55.0,922.0,P0J1,,WC,Rodrigo Pacheco Mendez,L,191.0,MEX,18.839,700.0,40.0,6-2 6-2,3,R32,61.0,3.0,1.0,43.0,31.0,26.0,6.0,8.0,0.0,0.0,3.0,3.0,43.0,27.0,17.0,5.0,8.0,1.0,5.0
2024-807,Acapulco,Hard,32,500,O,20240226,8,RH16,6.0,,Casper Ruud,R,183.0,NOR,25.18,11.0,3120.0,E865,,,Christopher Eubanks,R,201.0,USA,27.811,34.0,1234.0,6-4 6-7(5) 6-3,3,R32,133.0,6.0,2.0,90.0,55.0,47.0,22.0,16.0,0.0,0.0,10.0,3.0,95.0,62.0,50.0,16.0,15.0,2.0,4.0
2024-807,Acapulco,Hard,32,500,O,20240226,9,TE51,5.0,,Stefanos Tsitsipas,R,193.0,GRE,25.541,12.0,3080.0,SX50,,,Roman Safiullin,R,185.0,RUS,26.554,39.0,1080.0,6-3 6-4,3,R32,80.0,5.0,0.0,57.0,30.0,25.0,17.0,10.0,1.0,1.0,4.0,0.0,52.0,25.0,15.0,17.0,9.0,2.0,4.0
2024-807,Acapulco,Hard,32,500,O,20240226,10,C0E9,,Q,Flavio Cobolli,R,183.0,ITA,21.81,69.0,825.0,AG37,,,Felix Auger-Aliassime,R,193.0,CAN,23.551,30.0,1340.0,2-6 6-3 6-2,3,R32,117.0,4.0,2.0,65.0,34.0,25.0,18.0,12.0,2.0,4.0,5.0,9.0,72.0,37.0,28.0,15.0,13.0,2.0,6.0
2024-807,Acapulco,Hard,32,500,O,20240226,11,O513,,,Sebastian Ofner,R,191.0,AUT,27.792,37.0,1091.0,E873,,WC,Ernesto Escobedo,R,185.0,MEX,27.647,493.0,82.0,6-7(7) 6-4 7-6(4),3,R32,183.0,14.0,6.0,119.0,63.0,55.0,30.0,17.0,7.0,7.0,10.0,1.0,112.0,73.0,56.0,21.0,17.0,2.0,3.0
2024-807,Acapulco,Hard,32,500,O,20240226,12,DH58,3.0,,Alex de Minaur,R,183.0,AUS,25.024,9.0,3210.0,DA81,,,Taro Daniel,R,191.0,JPN,31.08,64.0,870.0,6-2 6-1,3,R32,79.0,4.0,1.0,49.0,18.0,14.0,21.0,8.0,3.0,3.0,1.0,0.0,48.0,19.0,11.0,11.0,7.0,5.0,9.0
2024-807,Acapulco,Hard,32,500,O,20240226,13,D0CO,,,Jack Draper,L,193.0,GBR,22.179,50.0,951.0,PL56,7.0,,Tommy Paul,R,185.0,USA,26.779,14.0,2375.0,6-0 6-4,3,R32,86.0,2.0,1.0,49.0,28.0,21.0,14.0,8.0,3.0,3.0,3.0,2.0,56.0,32.0,20.0,10.0,8.0,1.0,5.0
2024-807,Acapulco,Hard,32,500,O,20240226,14,N732,,LL,Yoshihito Nishioka,L,170.0,JPN,28.416,82.0,725.0,BT72,,,Nuno Borges,R,185.0,POR,27.017,56.0,922.0,3-6 6-2 6-4,3,R32,148.0,1.0,2.0,105.0,60.0,41.0,21.0,13.0,7.0,10.0,4.0,7.0,85.0,42.0,31.0,18.0,14.0,6.0,11.0
2024-807,Acapulco,Hard,32,500,O,20240226,15,KI95,,,Miomir Kecmanovic,R,183.0,SRB,24.49,53.0,940.0,SM37,,WC,Diego Schwartzman,R,170.0,ARG,31.529,117.0,538.0,4-6 6-3 6-1,3,R32,142.0,3.0,1.0,63.0,45.0,31.0,13.0,13.0,2.0,5.0,1.0,8.0,104.0,47.0,29.0,26.0,13.0,8.0,14.0
2024-807,Acapulco,Hard,32,500,O,20240226,16,AE14,,,Daniel Altmaier,R,188.0,GER,25.457,57.0,921.0,Z355,1.0,,Alexander Zverev,R,198.0,GER,26.853,6.0,5085.0,6-3 3-6 6-3,3,R32,146.0,9.0,2.0,90.0,52.0,39.0,19.0,14.0,6.0,7.0,8.0,4.0,68.0,46.0,35.0,13.0,13.0,1.0,3.0
2024-807,Acapulco,Hard,32,500,O,20240226,17,R0DG,2.0,,Holger Rune,R,188.0,DEN,20.83,7.0,3700.0,K0AZ,,Q,Aleksandar Kovacevic,R,183.0,USA,25.495,93.0,654.0,7-6(5) 6-2,3,R16,110.0,11.0,1.0,74.0,43.0,32.0,21.0,10.0,7.0,7.0,7.0,2.0,66.0,40.0,32.0,9.0,10.0,5.0,7.0
2024-807,Acapulco,Hard,32,500,O,20240226,18,KE73,,,Dominik Koepfer,L,180.0,GER,29.829,58.0,918.0,TD51,8.0,,Frances Tiafoe,R,188.0,USA,26.1,16.0,2155.0,6-4 5-7 6-1,3,R16,145.0,11.0,3.0,85.0,51.0,34.0,23.0,14.0,7.0,10.0,8.0,4.0,95.0,51.0,34.0,18.0,15.0,6.0,12.0
2024-807,Acapulco,Hard,32,500,O,20240226,19,S0S1,,,Ben Shelton,L,193.0,USA,21.383,17.0,2055.0,A0FC,,,Matteo Arnaldi,R,185.0,ITA,23.009,42.0,1061.0,7-6(1) 3-6 6-3,3,R16,151.0,7.0,3.0,83.0,62.0,46.0,11.0,15.0,1.0,4.0,5.0,5.0,109.0,53.0,38.0,27.0,15.0,6.0,9.0
2024-807,Acapulco,Hard,32,500,O,20240226,20,RH16,6.0,,Casper Ruud,R,183.0,NOR,25.18,11.0,3120.0,L987,,,Dusan Lajovic,R,183.0,SRB,33.659,55.0,922.0,6-4 7-5,3,R16,86.0,5.0,2.0,61.0,39.0,35.0,12.0,11.0,1.0,1.0,2.0,0.0,56.0,34.0,28.0,12.0,11.0,3.0,5.0
2024-807,Acapulco,Hard,32,500,O,20240226,21,TE51,5.0,,Stefanos Tsitsipas,R,193.0,GRE,25.541,12.0,3080.0,C0E9,,Q,Flavio Cobolli,R,183.0,ITA,21.81,69.0,825.0,6-3 7-6(6),3,R16,120.0,5.0,4.0,70.0,36.0,29.0,20.0,11.0,2.0,3.0,5.0,1.0,88.0,48.0,33.0,17.0,10.0,7.0,9.0
2024-807,Acapulco,Hard,32,500,O,20240226,22,DH58,3.0,,Alex de Minaur,R,183.0,AUS,25.024,9.0,3210.0,O513,,,Sebastian Ofner,R,191.0,AUT,27.792,37.0,1091.0,6-1 6-3,3,R16,88.0,3.0,0.0,44.0,21.0,19.0,13.0,8.0,1.0,2.0,1.0,2.0,74.0,35.0,24.0,11.0,8.0,7.0,12.0
2024-807,Acapulco,Hard,32,500,O,20240226,23,D0CO,,,Jack Draper,L,193.0,GBR,22.179,50.0,951.0,N732,,LL,Yoshihito Nishioka,L,170.0,JPN,28.416,82.0,725.0,6-3 6-0,3,R16,68.0,11.0,4.0,50.0,28.0,26.0,11.0,8.0,3.0,3.0,1.0,0.0,39.0,22.0,10.0,7.0,7.0,2.0,6.0
2024-807,Acapulco,Hard,32,500,O,20240226,24,KI95,,,Miomir Kecmanovic,R,183.0,SRB,24.49,53.0,940.0,AE14,,,Daniel Altmaier,R,188.0,GER,25.457,57.0,921.0,6-4 6-4,3,R16,93.0,3.0,2.0,53.0,27.0,22.0,20.0,10.0,1.0,1.0,5.0,1.0,60.0,36.0,26.0,13.0,10.0,1.0,3.0
2024-807,Acapulco,Hard,32,500,O,20240226,25,R0DG,2.0,,Holger Rune,R,188.0,DEN,20.83,7.0,3700.0,KE73,,,Dominik Koepfer,L,180.0,GER,29.829,58.0,918.0,7-6(2) 7-6(0),3,QF,119.0,7.0,1.0,80.0,52.0,40.0,13.0,12.0,2.0,5.0,4.0,4.0,68.0,39.0,28.0,15.0,12.0,0.0,3.0
2024-807,Acapulco,Hard,32,500,O,20240226,26,RH16,6.0,,Casper Ruud,R,183.0,NOR,25.18,11.0,3120.0,S0S1,,,Ben Shelton,L,193.0,USA,21.383,17.0,2055.0,6-7(7) 6-4 6-4,3,QF,154.0,8.0,1.0,91.0,63.0,50.0,19.0,16.0,0.0,0.0,10.0,4.0,104.0,73.0,50.0,19.0,16.0,4.0,6.0
2024-807,Acapulco,Hard,32,500,O,20240226,27,DH58,3.0,,Alex de Minaur,R,183.0,AUS,25.024,9.0,3210.0,TE51,5.0,,Stefanos Tsitsipas,R,193.0,GRE,25.541,12.0,3080.0,1-6 6-3 6-3,3,QF,126.0,2.0,1.0,74.0,41.0,26.0,13.0,12.0,2.0,7.0,5.0,8.0,85.0,45.0,26.0,18.0,13.0,6.0,12.0
2024-807,Acapulco,Hard,32,500,O,20240226,28,D0CO,,,Jack Draper,L,193.0,GBR,22.179,50.0,951.0,KI95,,,Miomir Kecmanovic,R,183.0,SRB,24.49,53.0,940.0,6-2 6-2,3,QF,81.0,5.0,2.0,49.0,25.0,22.0,14.0,8.0,2.0,2.0,0.0,3.0,59.0,36.0,20.0,10.0,8.0,6.0,10.0
2024-807,Acapulco,Hard,32,500,O,20240226,29,RH16,6.0,,Casper Ruud,R,183.0,NOR,25.18,11.0,3120.0,R0DG,2.0,,Holger Rune,R,188.0,DEN,20.83,7.0,3700.0,3-6 6-3 6-4,3,SF,143.0,5.0,1.0,88.0,56.0,42.0,14.0,14.0,7.0,10.0,10.0,3.0,82.0,40.0,29.0,23.0,14.0,5.0,9.0
2024-807,Acapulco,Hard,32,500,O,20240226,30,DH58,3.0,,Alex de Minaur,R,183.0,AUS,25.024,9.0,3210.0,D0CO,,,Jack Draper,L,193.0,GBR,22.179,50.0,951.0,6-3 2-6 4-0 RET,3,SF,108.0,5.0,0.0,62.0,38.0,26.0,14.0,10.0,4.0,6.0,3.0,4.0,70.0,39.0,25.0,13.0,11.0,2.0,6.0
2024-807,Acapulco,Hard,32,500,O,20240226,31,DH58,3.0,,Alex de Minaur,R,183.0,AUS,25.024,9.0,3210.0,RH16,6.0,,Casper Ruud,R,183.0,NOR,25.18,11.0,3120.0,6-4 6-4,3,F,117.0,3.0,3.0,57.0,30.0,20.0,20.0,10.0,3.0,4.0,1.0,0.0,81.0,56.0,30.0,15.0,10.0,1.0,4.0
2024-495,Dubai,Hard,32,500,O,20240226,1,RE44,2.0,,Andrey Rublev,R,188.0,RUS,26.352,5.0,5110.0,Z371,,,Zhizhen Zhang,R,193.0,CHN,27.362,46.0,1006.0,6-7(4) 6-2 6-4,3,R32,110.0,18.0,2.0,88.0,64.0,53.0,13.0,15.0,2.0,2.0,17.0,2.0,90.0,68.0,54.0,6.0,15.0,0.0,3.0
2024-495,Dubai,Hard,32,500,O,20240226,2,C0H0,,Q,Arthur Cazaux,R,183.0,FRA,21.511,86.0,701.0,M0EJ,,,Lorenzo Musetti,R,185.0,ITA,21.985,26.0,1480.0,6-4 7-6(2),3,R32,117.0,8.0,1.0,75.0,46.0,32.0,19.0,11.0,0.0,1.0,1.0,2.0,73.0,49.0,32.0,13.0,11.0,3.0,5.0
2024-495,Dubai,Hard,32,500,O,20240226,3,K0AH,,,Sebastian Korda,R,196.0,USA,23.644,33.0,1245.0,K09F,,,Pavel Kotov,R,191.0,RUS,25.273,63.0,878.0,6-0 6-2,3,R32,54.0,7.0,1.0,39.0,28.0,22.0,5.0,7.0,0.0,1.0,1.0,2.0,42.0,26.0,12.0,2.0,7.0,3.0,9.0
2024-495,Dubai,Hard,32,500,O,20240226,4,V812,,,Botic van de Zandschulp,R,191.0,NED,28.397,75.0,790.0,ME82,6.0,,Adrian Mannarino,L,180.0,FRA,35.661,19.0,1950.0,7-6(3) 7-5,3,R32,112.0,5.0,3.0,67.0,42.0,34.0,13.0,12.0,2.0,4.0,5.0,1.0,69.0,41.0,30.0,12.0,12.0,1.0,4.0
2024-495,Dubai,Hard,32,500,O,20240226,5,KE29,4.0,,Karen Khachanov,R,198.0,RUS,27.767,15.0,2260.0,V0DZ,,LL,Luca Van Assche,R,178.0,FRA,19.795,72.0,808.0,6-2 6-3,3,R32,80.0,9.0,3.0,55.0,35.0,25.0,11.0,9.0,2.0,3.0,4.0,3.0,54.0,34.0,19.0,9.0,8.0,4.0,8.0
2024-495,Dubai,Hard,32,500,O,20240226,6,L0BV,,,Jiri Lehecka,R,185.0,CZE,22.3,36.0,1180.0,F724,,Q,Marton Fucsovics,R,188.0,HUN,32.049,77.0,757.0,6-4 3-6 7-5,3,R32,142.0,4.0,1.0,86.0,51.0,42.0,18.0,15.0,3.0,5.0,2.0,4.0,101.0,60.0,38.0,26.0,16.0,8.0,11.0
2024-495,Dubai,Hard,32,500,O,20240226,7,GJ37,,,Tallon Griekspoor,R,188.0,NED,27.652,28.0,1440.0,S0NV,,WC,Abdullah Shelbayh,L,180.0,JOR,20.279,228.0,265.0,7-5 2-0 RET,3,R32,62.0,4.0,1.0,40.0,29.0,21.0,6.0,7.0,1.0,2.0,3.0,7.0,50.0,24.0,16.0,10.0,7.0,4.0,7.0
2024-495,Dubai,Hard,32,500,O,20240226,8,BK92,7.0,,Alexander Bublik,R,196.0,KAZ,26.694,23.0,1699.0,M0FH,,Q,Tomas Machac,R,183.0,CZE,23.37,65.0,863.0,2-6 6-3 7-6(5),3,R32,117.0,7.0,6.0,87.0,49.0,39.0,20.0,15.0,4.0,8.0,3.0,3.0,85.0,51.0,36.0,18.0,14.0,3.0,6.0
2024-495,Dubai,Hard,32,500,O,20240226,9,HH26,5.0,,Ugo Humbert,L,188.0,FRA,25.67,18.0,1990.0,MC65,,WC,Gael Monfils,R,193.0,FRA,37.487,54.0,937.0,4-6 6-3 6-3,3,R32,132.0,5.0,0.0,85.0,58.0,42.0,19.0,14.0,3.0,4.0,10.0,5.0,86.0,50.0,38.0,16.0,14.0,4.0,7.0
2024-495,Dubai,Hard,32,500,O,20240226,10,MC10,,,Andy Murray,R,191.0,GBR,36.786,67.0,845.0,SU55,,PR,Denis Shapovalov,L,185.0,CAN,24.868,120.0,530.0,4-6 7-6(5) 6-3,3,R32,152.0,3.0,1.0,97.0,67.0,50.0,16.0,15.0,4.0,6.0,15.0,10.0,102.0,57.0,44.0,21.0,16.0,3.0,6.0
2024-495,Dubai,Hard,32,500,O,20240226,11,O483,,,Christopher O'Connell,R,183.0,AUS,29.733,68.0,834.0,MN13,,Q,Maximilian Marterer,L,188.0,GER,28.701,96.0,612.0,6-2 6-4,3,R32,76.0,5.0,0.0,47.0,28.0,23.0,14.0,9.0,0.0,0.0,4.0,3.0,59.0,41.0,23.0,9.0,9.0,3.0,6.0
2024-495,Dubai,Hard,32,500,O,20240226,12,HB71,3.0,,Hubert Hurkacz,R,196.0,POL,27.039,8.0,3395.0,SL28,,,Jan-Lennard Struff,R,193.0,GER,33.84,25.0,1531.0,7-6(5) 6-7(4) 7-6(6),3,R32,159.0,24.0,5.0,137.0,93.0,73.0,25.0,18.0,6.0,6.0,17.0,2.0,118.0,80.0,70.0,21.0,18.0,3.0,3.0
2024-495,Dubai,Hard,32,500,O,20240226,13,DH50,8.0,,Alejandro Davidovich Fokina,R,180.0,ESP,24.728,24.0,1540.0,M0CI,,,Fabian Marozsan,R,193.0,HUN,24.386,59.0,914.0,6-3 4-6 6-1,3,R32,100.0,8.0,2.0,80.0,55.0,40.0,13.0,13.0,4.0,6.0,7.0,5.0,73.0,40.0,28.0,12.0,13.0,1.0,6.0
2024-495,Dubai,Hard,32,500,O,20240226,14,M0NI,,SE,Jakub Mensik,R,196.0,CZE,18.486,87.0,701.0,CG80,,,Borna Coric,R,188.0,CRO,27.283,31.0,1274.0,4-6 6-3 7-6(7),3,R32,174.0,18.0,2.0,109.0,66.0,49.0,20.0,16.0,4.0,6.0,5.0,6.0,111.0,66.0,50.0,19.0,15.0,12.0,14.0
2024-495,Dubai,Hard,32,500,O,20240226,15,SU87,,,Lorenzo Sonego,R,191.0,ITA,28.797,48.0,975.0,N897,,WC,Sumit Nagal,R,178.0,IND,26.53,97.0,612.0,6-4 5-7 6-1,3,R32,139.0,7.0,3.0,72.0,49.0,42.0,12.0,14.0,1.0,2.0,1.0,2.0,93.0,58.0,39.0,20.0,15.0,7.0,11.0
2024-495,Dubai,Hard,32,500,O,20240226,16,MM58,1.0,,Daniil Medvedev,R,198.0,RUS,28.041,4.0,8015.0,S0H2,,,Alexander Shevchenko,R,188.0,KAZ,23.242,47.0,1000.0,6-3 7-5,3,R32,88.0,2.0,5.0,63.0,40.0,26.0,12.0,10.0,2.0,4.0,6.0,3.0,71.0,46.0,28.0,9.0,11.0,4.0,9.0
2024-495,Dubai,Hard,32,500,O,20240226,17,RE44,2.0,,Andrey Rublev,R,188.0,RUS,26.352,5.0,5110.0,C0H0,,Q,Arthur Cazaux,R,183.0,FRA,21.511,86.0,701.0,6-4 6-4,3,R16,78.0,7.0,0.0,53.0,38.0,31.0,9.0,10.0,0.0,0.0,16.0,2.0,58.0,31.0,25.0,12.0,10.0,4.0,6.0
2024-495,Dubai,Hard,32,500,O,20240226,18,K0AH,,,Sebastian Korda,R,196.0,USA,23.644,33.0,1245.0,V812,,,Botic van de Zandschulp,R,191.0,NED,28.397,75.0,790.0,6-1 6-0,3,R16,43.0,10.0,1.0,38.0,25.0,22.0,6.0,7.0,0.0,0.0,2.0,3.0,31.0,18.0,9.0,1.0,6.0,0.0,5.0
2024-495,Dubai,Hard,32,500,O,20240226,19,L0BV,,,Jiri Lehecka,R,185.0,CZE,22.3,36.0,1180.0,KE29,4.0,,Karen Khachanov,R,198.0,RUS,27.767,15.0,2260.0,6-7(6) 7-6(5) 6-4,3,R16,173.0,16.0,6.0,131.0,87.0,60.0,23.0,17.0,9.0,11.0,11.0,0.0,116.0,78.0,54.0,21.0,17.0,11.0,14.0
2024-495,Dubai,Hard,32,500,O,20240226,20,BK92,7.0,,Alexander Bublik,R,196.0,KAZ,26.694,23.0,1699.0,GJ37,,,Tallon Griekspoor,R,188.0,NED,27.652,28.0,1440.0,7-6(8) 7-6(2),3,R16,108.0,22.0,3.0,85.0,48.0,38.0,23.0,12.0,3.0,4.0,7.0,1.0,85.0,55.0,42.0,17.0,12.0,1.0,2.0
2024-495,Dubai,Hard,32,500,O,20240226,21,HH26,5.0,,Ugo Humbert,L,188.0,FRA,25.67,18.0,1990.0,MC10,,,Andy Murray,R,191.0,GBR,36.786,67.0,845.0,6-2 6-4,3,R16,89.0,4.0,0.0,43.0,29.0,24.0,12.0,9.0,0.0,0.0,5.0,3.0,67.0,33.0,23.0,15.0,9.0,4.0,7.0
2024-495,Dubai,Hard,32,500,O,20240226,22,HB71,3.0,,Hubert Hurkacz,R,196.0,POL,27.039,8.0,3395.0,O483,,,Christopher O'Connell,R,183.0,AUS,29.733,68.0,834.0,7-6(5) 6-4,3,R16,92.0,11.0,0.0,63.0,36.0,32.0,18.0,11.0,0.0,0.0,10.0,2.0,69.0,42.0,36.0,12.0,11.0,1.0,2.0
2024-495,Dubai,Hard,32,500,O,20240226,23,DH50,8.0,,Alejandro Davidovich Fokina,R,180.0,ESP,24.728,24.0,1540.0,M0NI,,SE,Jakub Mensik,R,196.0,CZE,18.486,87.0,701.0,7-6(7) 1-0 RET,3,R16,73.0,9.0,1.0,42.0,30.0,23.0,8.0,7.0,0.0,1.0,7.0,3.0,61.0,40.0,25.0,10.0,6.0,4.0,5.0
2024-495,Dubai,Hard,32,500,O,20240226,24,MM58,1.0,,Daniil Medvedev,R,198.0,RUS,28.041,4.0,8015.0,SU87,,,Lorenzo Sonego,R,191.0,ITA,28.797,48.0,975.0,3-6 6-3 6-3,3,R16,120.0,0.0,3.0,75.0,45.0,32.0,20.0,13.0,7.0,9.0,7.0,1.0,84.0,59.0,37.0,15.0,14.0,6.0,10.0
2024-495,Dubai,Hard,32,500,O,20240226,25,RE44,2.0,,Andrey Rublev,R,188.0,RUS,26.352,5.0,5110.0,K0AH,,,Sebastian Korda,R,196.0,USA,23.644,33.0,1245.0,6-4 4-3 RET,3,QF,68.0,2.0,0.0,48.0,23.0,17.0,14.0,8.0,3.0,4.0,5.0,1.0,52.0,29.0,24.0,6.0,9.0,0.0,3.0
2024-495,Dubai,Hard,32,500,O,20240226,26,BK92,7.0,,Alexander Bublik,R,196.0,KAZ,26.694,23.0,1699.0,L0BV,,,Jiri Lehecka,R,185.0,CZE,22.3,36.0,1180.0,6-4 4-1 RET,3,QF,58.0,6.0,1.0,39.0,31.0,22.0,5.0,7.0,0.0,1.0,2.0,1.0,46.0,27.0,14.0,11.0,8.0,6.0,10.0
2024-495,Dubai,Hard,32,500,O,20240226,27,HH26,5.0,,Ugo Humbert,L,188.0,FRA,25.67,18.0,1990.0,HB71,3.0,,Hubert Hurkacz,R,196.0,POL,27.039,8.0,3395.0,3-6 7-6(8) 6-3,3,QF,144.0,8.0,2.0,107.0,82.0,52.0,14.0,14.0,5.0,7.0,11.0,3.0,95.0,65.0,52.0,13.0,16.0,8.0,11.0
2024-495,Dubai,Hard,32,500,O,20240226,28,MM58,1.0,,Daniil Medvedev,R,198.0,RUS,28.041,4.0,8015.0,DH50,8.0,,Alejandro Davidovich Fokina,R,180.0,ESP,24.728,24.0,1540.0,6-2 6-3,3,QF,77.0,3.0,4.0,55.0,34.0,25.0,11.0,9.0,4.0,5.0,0.0,0.0,48.0,32.0,19.0,5.0,8.0,3.0,7.0
2024-495,Dubai,Hard,32,500,O,20240226,29,BK92,7.0,,Alexander Bublik,R,196.0,KAZ,26.694,23.0,1699.0,RE44,2.0,,Andrey Rublev,R,188.0,RUS,26.352,5.0,5110.0,6-7(4) 7-6(5) 6-5 DEF,3,SF,,21.0,6.0,122.0,82.0,57.0,22.0,18.0,11.0,14.0,9.0,2.0,98.0,67.0,49.0,21.0,17.0,1.0,4.0
2024-495,Dubai,Hard,32,500,O,20240226,30,HH26,5.0,,Ugo Humbert,L,188.0,FRA,25.67,18.0,1990.0,MM58,1.0,,Daniil Medvedev,R,198.0,RUS,28.041,4.0,8015.0,7-5 6-3,3,SF,110.0,4.0,0.0,80.0,57.0,35.0,15.0,11.0,7.0,8.0,6.0,4.0,73.0,42.0,28.0,14.0,10.0,6.0,9.0
2024-495,Dubai,Hard,32,500,O,20240226,31,HH26,5.0,,Ugo Humbert,L,188.0,FRA,25.67,18.0,1990.0,BK92,7.0,,Alexander Bublik,R,196.0,KAZ,26.694,23.0,1699.0,6-4 6-3,3,F,85.0,9.0,0.0,62.0,45.0,33.0,11.0,10.0,2.0,2.0,8.0,6.0,63.0,39.0,26.0,12.0,9.0,4.0,6.0
2024-8996,Santiago,Clay,32,250,O,20240226,1,V836,,,Juan Pablo Varillas,R,185.0,PER,28.392,119.0,537.0,C0DF,,LL,Francisco Comesana,R,178.0,ARG,23.389,114.0,552.0,6-2 3-6 6-1,3,R32,117.0,5.0,2.0,69.0,42.0,30.0,19.0,12.0,4.0,5.0,4.0,3.0,75.0,43.0,29.0,15.0,12.0,3.0,7.0
2024-8996,Santiago,Clay,32,250,O,20240226,2,R772,,,Albert Ramos-Vinolas,L,188.0,ESP,36.11,104.0,583.0,DA31,,,Hugo Dellien,R,180.0,BOL,30.697,157.0,399.0,6-3 6-2,3,R32,93.0,1.0,6.0,66.0,40.0,28.0,14.0,9.0,3.0,4.0,1.0,2.0,50.0,32.0,19.0,8.0,8.0,2.0,6.0
2024-8996,Santiago,Clay,32,250,O,20240226,3,MU94,8.0,,Jaume Munar,R,183.0,ESP,26.812,70.0,816.0,Z419,,,Bernabe Zapata Miralles,R,183.0,ESP,27.121,143.0,457.0,6-4 6-1,3,R32,81.0,0.0,3.0,52.0,43.0,32.0,3.0,8.0,2.0,3.0,2.0,4.0,53.0,31.0,14.0,9.0,9.0,1.0,6.0
2024-8996,Santiago,Clay,32,250,O,20240226,4,SX91,,,Thiago Seyboth Wild,R,185.0,BRA,23.964,73.0,802.0,B0FV,,Q,Roman Andres Burruchaga,R,183.0,ARG,22.092,159.0,397.0,6-4 6-4,3,R32,102.0,2.0,2.0,60.0,36.0,26.0,13.0,10.0,3.0,5.0,4.0,4.0,70.0,42.0,28.0,10.0,10.0,9.0,13.0
2024-8996,Santiago,Clay,32,250,O,20240226,5,MO44,,,Pedro Martinez,R,185.0,ESP,26.836,101.0,596.0,P0CT,,WC,Francesco Passaro,R,180.0,ITA,23.135,224.0,271.0,6-4 6-1,3,R32,100.0,1.0,6.0,57.0,40.0,29.0,7.0,9.0,1.0,3.0,3.0,4.0,61.0,35.0,19.0,9.0,8.0,7.0,12.0
2024-8996,Santiago,Clay,32,250,O,20240226,6,D0CG,6.0,,Facundo Diaz Acosta,L,183.0,ARG,23.198,52.0,948.0,CG04,,,Pedro Cachin,R,185.0,ARG,28.876,78.0,754.0,5-7 6-3 7-6(2),3,R32,188.0,7.0,3.0,135.0,86.0,59.0,24.0,17.0,15.0,18.0,5.0,3.0,103.0,69.0,47.0,20.0,16.0,4.0,7.0
2024-8996,Santiago,Clay,32,250,O,20240226,7,C0C8,,Q,Juan Manuel Cerundolo,L,183.0,ARG,22.281,161.0,393.0,H997,5.0,,Yannick Hanfmann,R,193.0,GER,32.287,49.0,967.0,3-6 6-3 7-5,3,R32,167.0,3.0,4.0,92.0,48.0,31.0,27.0,15.0,8.0,11.0,7.0,6.0,95.0,55.0,35.0,22.0,15.0,2.0,6.0
2024-8996,Santiago,Clay,32,250,O,20240226,8,D0FJ,,WC,Luciano Darderi,R,183.0,ITA,22.031,80.0,747.0,BF23,,LL,Facundo Bagnis,L,183.0,ARG,33.996,148.0,447.0,7-6(4) 6-7(6) 7-6(5),3,R32,199.0,13.0,1.0,125.0,74.0,50.0,35.0,18.0,2.0,3.0,11.0,3.0,115.0,74.0,56.0,25.0,18.0,4.0,5.0
2024-8996,Santiago,Clay,32,250,O,20240226,9,BS86,,,Tomas Barrios Vera,R,191.0,CHI,26.212,111.0,563.0,GD64,,,Cristian Garin,R,185.0,CHI,27.743,83.0,710.0,7-6(3) 7-5,3,R32,121.0,5.0,3.0,72.0,52.0,38.0,12.0,12.0,5.0,7.0,3.0,3.0,78.0,44.0,30.0,16.0,12.0,4.0,7.0
2024-8996,Santiago,Clay,32,250,O,20240226,10,MW02,,Q,Corentin Moutet,L,180.0,FRA,24.857,140.0,464.0,CF59,7.0,,Roberto Carballes Baena,R,183.0,ESP,30.93,66.0,851.0,6-3 5-7 6-2,3,R32,178.0,2.0,1.0,91.0,56.0,38.0,22.0,15.0,2.0,4.0,1.0,1.0,98.0,66.0,39.0,18.0,14.0,6.0,10.0
2024-8996,Santiago,Clay,32,250,O,20240226,11,T0A1,,,Thiago Agustin Tirante,R,185.0,ARG,22.88,100.0,598.0,F0FV,,WC,Joao Fonseca,R,188.0,BRA,17.517,343.0,149.0,7-5 7-6(3),3,R32,128.0,0.0,1.0,75.0,57.0,42.0,12.0,12.0,1.0,2.0,1.0,4.0,88.0,51.0,32.0,23.0,12.0,1.0,3.0
2024-8996,Santiago,Clay,32,250,O,20240226,12,CE77,,,Federico Coria,R,180.0,ARG,31.967,88.0,678.0,MV14,,Q,Alex Molcan,L,178.0,SVK,26.237,135.0,473.0,6-1 7-6(1),3,R32,95.0,5.0,4.0,58.0,37.0,24.0,11.0,10.0,2.0,5.0,2.0,4.0,64.0,41.0,19.0,9.0,9.0,2.0,7.0
2024-8996,Santiago,Clay,32,250,O,20240226,13,B0BI,2.0,,Sebastian Baez,R,170.0,ARG,23.162,21.0,1825.0,V836,,,Juan Pablo Varillas,R,185.0,PER,28.392,119.0,537.0,4-6 6-4 6-2,3,R16,157.0,3.0,2.0,87.0,61.0,38.0,13.0,14.0,4.0,8.0,2.0,2.0,97.0,57.0,34.0,20.0,14.0,10.0,16.0
2024-8996,Santiago,Clay,32,250,O,20240226,14,MU94,8.0,,Jaume Munar,R,183.0,ESP,26.812,70.0,816.0,R772,,,Albert Ramos-Vinolas,L,188.0,ESP,36.11,104.0,583.0,6-3 6-1,3,R16,92.0,0.0,0.0,62.0,46.0,28.0,6.0,8.0,10.0,13.0,1.0,2.0,42.0,22.0,11.0,2.0,8.0,3.0,10.0
2024-8996,Santiago,Clay,32,250,O,20240226,15,F0F1,3.0,,Arthur Fils,R,185.0,FRA,19.707,44.0,1028.0,SX91,,,Thiago Seyboth Wild,R,185.0,BRA,23.964,73.0,802.0,6-3 6-3,3,R16,76.0,7.0,2.0,47.0,27.0,24.0,9.0,9.0,0.0,1.0,4.0,5.0,48.0,21.0,11.0,15.0,9.0,1.0,5.0
2024-8996,Santiago,Clay,32,250,O,20240226,16,MO44,,,Pedro Martinez,R,185.0,ESP,26.836,101.0,596.0,D0CG,6.0,,Facundo Diaz Acosta,L,183.0,ARG,23.198,52.0,948.0,7-6(4) 6-7(5) 6-1,3,R16,188.0,3.0,3.0,93.0,57.0,45.0,17.0,16.0,2.0,5.0,5.0,4.0,110.0,69.0,43.0,20.0,15.0,8.0,13.0
2024-8996,Santiago,Clay,32,250,O,20240226,17,D0FJ,,WC,Luciano Darderi,R,183.0,ITA,22.031,80.0,747.0,C0C8,,Q,Juan Manuel Cerundolo,L,183.0,ARG,22.281,161.0,393.0,6-3 3-6 6-3,3,R16,138.0,7.0,5.0,86.0,44.0,34.0,23.0,14.0,6.0,8.0,3.0,2.0,85.0,58.0,37.0,16.0,13.0,2.0,5.0
2024-8996,Santiago,Clay,32,250,O,20240226,18,TE30,4.0,,Alejandro Tabilo,L,188.0,CHI,26.735,51.0,951.0,BS86,,,Tomas Barrios Vera,R,191.0,CHI,26.212,111.0,563.0,6-2 7-5,3,R16,94.0,9.0,1.0,51.0,35.0,32.0,9.0,10.0,0.0,0.0,5.0,4.0,71.0,48.0,32.0,9.0,10.0,6.0,9.0
2024-8996,Santiago,Clay,32,250,O,20240226,19,MW02,,Q,Corentin Moutet,L,180.0,FRA,24.857,140.0,464.0,T0A1,,,Thiago Agustin Tirante,R,185.0,ARG,22.88,100.0,598.0,6-3 6-7(5) 6-2,3,R16,164.0,1.0,3.0,93.0,62.0,52.0,14.0,15.0,5.0,6.0,2.0,5.0,97.0,69.0,42.0,15.0,14.0,7.0,11.0
2024-8996,Santiago,Clay,32,250,O,20240226,20,J551,1.0,,Nicolas Jarry,R,201.0,CHI,28.378,22.0,1775.0,CE77,,,Federico Coria,R,180.0,ARG,31.967,88.0,678.0,7-6(4) 6-2,3,R16,102.0,10.0,0.0,58.0,41.0,35.0,12.0,10.0,1.0,1.0,3.0,2.0,71.0,40.0,30.0,14.0,10.0,4.0,6.0
2024-8996,Santiago,Clay,32,250,O,20240226,21,B0BI,2.0,,Sebastian Baez,R,170.0,ARG,23.162,21.0,1825.0,MU94,8.0,,Jaume Munar,R,183.0,ESP,26.812,70.0,816.0,6-4 6-4,3,QF,108.0,0.0,2.0,86.0,61.0,37.0,14.0,10.0,6.0,7.0,0.0,5.0,58.0,39.0,25.0,9.0,10.0,2.0,5.0
2024-8996,Santiago,Clay,32,250,O,20240226,22,MO44,,,Pedro Martinez,R,185.0,ESP,26.836,101.0,596.0,F0F1,3.0,,Arthur Fils,R,185.0,FRA,19.707,44.0,1028.0,6-3 6-7(5) 6-2,3,QF,145.0,5.0,0.0,82.0,59.0,48.0,13.0,15.0,1.0,2.0,7.0,6.0,93.0,48.0,31.0,22.0,14.0,4.0,8.0
2024-8996,Santiago,Clay,32,250,O,20240226,23,TE30,4.0,,Alejandro Tabilo,L,188.0,CHI,26.735,51.0,951.0,D0FJ,,WC,Luciano Darderi,R,183.0,ITA,22.031,80.0,747.0,6-0 7-5,3,QF,77.0,9.0,1.0,60.0,36.0,28.0,15.0,9.0,4.0,4.0,5.0,3.0,53.0,29.0,21.0,8.0,9.0,3.0,7.0
2024-8996,Santiago,Clay,32,250,O,20240226,24,MW02,,Q,Corentin Moutet,L,180.0,FRA,24.857,140.0,464.0,J551,1.0,,Nicolas Jarry,R,201.0,CHI,28.378,22.0,1775.0,7-6(5) 7-6(3),3,QF,131.0,5.0,1.0,76.0,52.0,38.0,16.0,12.0,0.0,2.0,7.0,1.0,80.0,51.0,32.0,20.0,12.0,1.0,3.0
2024-8996,Santiago,Clay,32,250,O,20240226,25,B0BI,2.0,,Sebastian Baez,R,170.0,ARG,23.162,21.0,1825.0,MO44,,,Pedro Martinez,R,185.0,ESP,26.836,101.0,596.0,6-4 6-2,3,SF,101.0,5.0,0.0,65.0,44.0,33.0,10.0,9.0,2.0,2.0,0.0,2.0,67.0,40.0,24.0,13.0,9.0,3.0,6.0
2024-8996,Santiago,Clay,32,250,O,20240226,26,TE30,4.0,,Alejandro Tabilo,L,188.0,CHI,26.735,51.0,951.0,MW02,,Q,Corentin Moutet,L,180.0,FRA,24.857,140.0,464.0,4-6 6-4 7-5,3,SF,152.0,2.0,3.0,82.0,51.0,38.0,19.0,16.0,2.0,5.0,4.0,1.0,95.0,68.0,49.0,10.0,16.0,8.0,12.0
2024-8996,Santiago,Clay,32,250,O,20240226,27,B0BI,2.0,,Sebastian Baez,R,170.0,ARG,23.162,21.0,1825.0,TE30,4.0,,Alejandro Tabilo,L,188.0,CHI,26.735,51.0,951.0,3-6 6-0 6-4,3,F,134.0,5.0,2.0,83.0,54.0,38.0,16.0,12.0,8.0,10.0,4.0,2.0,95.0,66.0,39.0,11.0,13.0,11.0,16.0
2024-404,Indian Wells Masters,Hard,128,M,O,20240304,1,A0FC,,,Matteo Arnaldi,R,185.0,ITA,23.028,40.0,1091.0,V0DZ,,,Luca Van Assche,R,178.0,FRA,19.814,86.0,696.0,7-6(6) 7-6(3),3,R128,126.0,11.0,0.0,80.0,48.0,38.0,15.0,12.0,1.0,3.0,2.0,5.0,81.0,44.0,33.0,19.0,12.0,7.0,9.0
2024-404,Indian Wells Masters,Hard,128,M,O,20240304,2,LB66,,Q,Constant Lestienne,R,180.0,FRA,31.781,100.0,606.0,KB09,,Q,Denis Kudla,R,180.0,USA,31.546,179.0,342.0,3-6 6-2 6-4,3,R128,153.0,5.0,2.0,119.0,69.0,42.0,23.0,14.0,13.0,18.0,4.0,4.0,85.0,39.0,29.0,16.0,13.0,3.0,9.0
2024-404,Indian Wells Masters,Hard,128,M,O,20240304,3,M0CI,,,Fabian Marozsan,R,193.0,HUN,24.405,58.0,914.0,R09X,,LL,Jurij Rodionov,L,191.0,AUT,24.802,96.0,631.0,6-3 6-2,3,R128,71.0,3.0,1.0,57.0,35.0,26.0,11.0,9.0,7.0,8.0,3.0,4.0,52.0,27.0,17.0,9.0,8.0,2.0,6.0
2024-404,Indian Wells Masters,Hard,128,M,O,20240304,4,SX91,,Q,Thiago Seyboth Wild,R,185.0,BRA,23.984,65.0,820.0,W09G,,,J.J. Wolf,R,183.0,USA,25.202,94.0,640.0,6-2 6-1,3,R128,60.0,5.0,3.0,44.0,27.0,24.0,9.0,8.0,0.0,0.0,2.0,7.0,44.0,17.0,10.0,10.0,7.0,3.0,7.0
2024-404,Indian Wells Masters,Hard,128,M,O,20240304,5,DA81,,,Taro Daniel,R,191.0,JPN,31.099,76.0,773.0,GE33,,,Daniel Elahi Galan,R,191.0,COL,27.71,84.0,709.0,6-4 6-1,3,R128,106.0,1.0,1.0,65.0,38.0,24.0,15.0,9.0,4.0,6.0,1.0,5.0,69.0,35.0,22.0,11.0,8.0,5.0,10.0
2024-404,Indian Wells Masters,Hard,128,M,O,20240304,6,S0RE,,Q,Juncheng Shang,L,180.0,CHN,19.083,139.0,465.0,TC61,,,Jordan Thompson,R,183.0,AUS,29.873,33.0,1246.0,6-2 6-3,3,R128,98.0,1.0,4.0,72.0,38.0,24.0,18.0,9.0,4.0,6.0,4.0,2.0,56.0,29.0,16.0,11.0,8.0,7.0,12.0
2024-404,Indian Wells Masters,Hard,128,M,O,20240304,7,H997,,,Yannick Hanfmann,R,193.0,GER,32.307,57.0,920.0,CG04,,,Pedro Cachin,R,185.0,ARG,28.895,79.0,754.0,6-7(7) 6-4 6-1,3,R128,139.0,7.0,2.0,87.0,51.0,38.0,20.0,14.0,2.0,4.0,1.0,3.0,102.0,62.0,38.0,17.0,15.0,4.0,10.0
2024-404,Indian Wells Masters,Hard,128,M,O,20240304,8,O483,,,Christopher O'Connell,R,183.0,AUS,29.752,66.0,819.0,D0CO,,,Jack Draper,L,193.0,GBR,22.198,37.0,1151.0,1-6 6-3 6-2,3,R128,142.0,8.0,4.0,85.0,41.0,31.0,19.0,12.0,8.0,11.0,4.0,5.0,82.0,39.0,27.0,18.0,12.0,11.0,15.0
2024-404,Indian Wells Masters,Hard,128,M,O,20240304,9,KD46,,,Thanasi Kokkinakis,R,193.0,AUS,27.899,99.0,609.0,GC88,,,Marcos Giron,R,180.0,USA,30.612,48.0,1015.0,6-3 7-5,3,R128,99.0,13.0,3.0,65.0,43.0,37.0,12.0,11.0,4.0,4.0,2.0,1.0,63.0,34.0,23.0,16.0,10.0,2.0,4.0
2024-404,Indian Wells Masters,Hard,128,M,O,20240304,10,CG80,,,Borna Coric,R,188.0,CRO,27.302,35.0,1194.0,O513,,,Sebastian Ofner,R,191.0,AUT,27.811,38.0,1116.0,6-2 3-6 6-0,3,R128,96.0,4.0,4.0,62.0,38.0,28.0,12.0,11.0,0.0,2.0,3.0,5.0,67.0,30.0,19.0,16.0,12.0,0.0,6.0
2024-404,Indian Wells Masters,Hard,128,M,O,20240304,11,S0H2,,,Alexander Shevchenko,R,188.0,KAZ,23.261,51.0,1000.0,KE73,,,Dominik Koepfer,L,180.0,GER,29.848,49.0,1008.0,6-3 1-6 7-6(3),3,R128,129.0,7.0,6.0,100.0,60.0,41.0,19.0,14.0,7.0,11.0,7.0,3.0,94.0,56.0,38.0,17.0,14.0,7.0,10.0
2024-404,Indian Wells Masters,Hard,128,M,O,20240304,12,M0NI,,WC,Jakub Mensik,R,196.0,CZE,18.505,81.0,751.0,HC21,,Q,Seongchan Hong,R,175.0,KOR,26.678,227.0,268.0,6-3 6-4,3,R128,79.0,7.0,2.0,60.0,29.0,24.0,15.0,10.0,5.0,7.0,5.0,2.0,53.0,24.0,16.0,14.0,9.0,5.0,9.0
2024-404,Indian Wells Masters,Hard,128,M,O,20240304,13,PF39,,Q,Lucas Pouille,R,185.0,FRA,30.026,273.0,202.0,AE14,,,Daniel Altmaier,R,188.0,GER,25.476,53.0,961.0,6-4 6-3,3,R128,101.0,2.0,4.0,59.0,38.0,31.0,11.0,10.0,1.0,2.0,2.0,4.0,72.0,50.0,31.0,7.0,9.0,3.0,6.0
2024-404,Indian Wells Masters,Hard,128,M,O,20240304,14,L987,,,Dusan Lajovic,R,183.0,SRB,33.678,56.0,927.0,RH24,,,Emil Ruusuvuori,R,188.0,FIN,24.923,46.0,1041.0,7-5 6-2,3,R128,115.0,3.0,2.0,72.0,54.0,38.0,7.0,10.0,5.0,6.0,2.0,2.0,66.0,43.0,26.0,8.0,10.0,8.0,12.0
2024-404,Indian Wells Masters,Hard,128,M,O,20240304,15,N0AE,,WC,Brandon Nakashima,R,188.0,USA,22.585,93.0,645.0,E865,,,Christopher Eubanks,R,201.0,USA,27.83,34.0,1234.0,6-3 7-6(3),3,R128,81.0,5.0,0.0,64.0,41.0,34.0,17.0,11.0,0.0,0.0,5.0,4.0,60.0,40.0,29.0,13.0,10.0,0.0,1.0
2024-404,Indian Wells Masters,Hard,128,M,O,20240304,16,MC10,,,Andy Murray,R,191.0,GBR,36.805,61.0,885.0,GB88,,Q,David Goffin,R,180.0,BEL,33.24,112.0,553.0,6-3 6-2,3,R128,80.0,4.0,1.0,45.0,27.0,23.0,13.0,9.0,0.0,0.0,2.0,1.0,55.0,35.0,19.0,11.0,8.0,2.0,5.0
2024-404,Indian Wells Masters,Hard,128,M,O,20240304,17,R975,,PR,Milos Raonic,R,196.0,CAN,33.185,224.0,275.0,N897,,LL,Sumit Nagal,R,178.0,IND,26.549,101.0,603.0,6-3 6-3,3,R128,88.0,9.0,4.0,67.0,34.0,26.0,17.0,9.0,2.0,2.0,0.0,2.0,63.0,38.0,24.0,12.0,9.0,9.0,12.0
2024-404,Indian Wells Masters,Hard,128,M,O,20240304,18,SU55,,PR,Denis Shapovalov,L,185.0,CAN,24.887,131.0,485.0,V812,,,Botic van de Zandschulp,R,191.0,NED,28.416,82.0,750.0,6-1 6-4,3,R128,77.0,8.0,4.0,51.0,29.0,23.0,13.0,9.0,3.0,4.0,3.0,6.0,57.0,32.0,21.0,7.0,8.0,3.0,7.0
2024-404,Indian Wells Masters,Hard,128,M,O,20240304,19,F510,,WC,Fabio Fognini,R,178.0,ITA,36.78,108.0,568.0,Z419,,,Bernabe Zapata Miralles,R,183.0,ESP,27.14,144.0,457.0,4-6 6-2 6-3,3,R128,128.0,3.0,4.0,67.0,30.0,19.0,17.0,13.0,2.0,7.0,0.0,2.0,89.0,62.0,30.0,11.0,14.0,8.0,16.0
2024-404,Indian Wells Masters,Hard,128,M,O,20240304,20,TE30,,,Alejandro Tabilo,L,188.0,CHI,26.754,39.0,1116.0,K09F,,,Pavel Kotov,R,191.0,RUS,25.292,67.0,819.0,4-6 6-3 7-5,3,R128,127.0,3.0,3.0,89.0,52.0,43.0,21.0,16.0,5.0,7.0,3.0,6.0,76.0,53.0,42.0,9.0,15.0,2.0,5.0
2024-404,Indian Wells Masters,Hard,128,M,O,20240304,21,MP20,,,Alexandre Muller,R,183.0,FRA,27.086,88.0,689.0,GF95,,Q,Hugo Grenier,R,196.0,FRA,27.948,146.0,455.0,7-6(5) 7-5,3,R128,119.0,5.0,0.0,76.0,45.0,30.0,21.0,12.0,2.0,4.0,11.0,3.0,77.0,45.0,37.0,9.0,12.0,10.0,13.0
2024-404,Indian Wells Masters,Hard,128,M,O,20240304,22,M0FH,,,Tomas Machac,R,183.0,CZE,23.389,63.0,868.0,W367,,,Stan Wawrinka,R,183.0,SUI,38.935,70.0,797.0,7-6(3) 4-6 6-2,3,R128,125.0,2.0,2.0,86.0,49.0,33.0,22.0,15.0,2.0,6.0,3.0,2.0,92.0,51.0,35.0,17.0,15.0,2.0,7.0
2024-404,Indian Wells Masters,Hard,128,M,O,20240304,23,SX50,,,Roman Safiullin,R,185.0,RUS,26.574,42.0,1080.0,E687,,,Daniel Evans,R,175.0,GBR,33.782,45.0,1066.0,6-1 5-7 6-2,3,R128,116.0,11.0,5.0,78.0,46.0,35.0,18.0,14.0,3.0,5.0,3.0,8.0,79.0,40.0,28.0,15.0,13.0,7.0,12.0
2024-404,Indian Wells Masters,Hard,128,M,O,20240304,24,CF59,,,Roberto Carballes Baena,R,183.0,ESP,30.949,64.0,831.0,C0E9,,,Flavio Cobolli,R,183.0,ITA,21.829,62.0,880.0,6-4 6-4,3,R128,100.0,0.0,1.0,70.0,50.0,32.0,11.0,10.0,3.0,5.0,4.0,6.0,62.0,31.0,22.0,12.0,10.0,4.0,8.0
2024-404,Indian Wells Masters,Hard,128,M,O,20240304,25,MC65,,,Gael Monfils,R,193.0,FRA,37.506,54.0,937.0,PH71,,,Max Purcell,R,185.0,AUS,25.919,71.0,796.0,6-1 6-2,3,R128,70.0,10.0,1.0,53.0,32.0,25.0,12.0,8.0,1.0,1.0,0.0,5.0,54.0,27.0,18.0,8.0,7.0,4.0,8.0
2024-404,Indian Wells Masters,Hard,128,M,O,20240304,26,SU87,,,Lorenzo Sonego,R,191.0,ITA,28.816,55.0,935.0,KI95,,,Miomir Kecmanovic,R,183.0,SRB,24.509,47.0,1030.0,7-6(1) 6-4,3,R128,90.0,12.0,2.0,61.0,39.0,37.0,11.0,11.0,1.0,2.0,0.0,1.0,62.0,35.0,20.0,21.0,11.0,2.0,4.0
2024-404,Indian Wells Masters,Hard,128,M,O,20240304,27,F0F1,,,Arthur Fils,R,185.0,FRA,19.726,43.0,1078.0,BT72,,,Nuno Borges,R,185.0,POR,27.036,60.0,887.0,7-6(5) 6-2,3,R128,96.0,4.0,0.0,71.0,45.0,35.0,13.0,10.0,2.0,3.0,2.0,3.0,64.0,25.0,20.0,19.0,10.0,2.0,5.0
2024-404,Indian Wells Masters,Hard,128,M,O,20240304,28,KI63,,Q,Lukas Klein,R,193.0,SVK,25.952,141.0,459.0,MW18,,Q,Nicolas Moreno De Alboran,R,185.0,USA,26.639,166.0,387.0,7-6(8) 6-4,3,R128,105.0,6.0,4.0,75.0,41.0,37.0,17.0,11.0,4.0,5.0,4.0,3.0,79.0,51.0,36.0,15.0,11.0,1.0,3.0
2024-404,Indian Wells Masters,Hard,128,M,O,20240304,29,K0A3,,WC,Patrick Kypson,R,188.0,USA,24.35,151.0,443.0,Q02L,,Q,Ethan Quinn,R,191.0,USA,19.978,284.0,196.0,6-1 7-6(1),3,R128,95.0,10.0,0.0,63.0,47.0,38.0,10.0,10.0,2.0,2.0,5.0,4.0,63.0,37.0,30.0,7.0,9.0,3.0,5.0
2024-404,Indian Wells Masters,Hard,128,M,O,20240304,30,M0QI,,,Alex Michelsen,R,193.0,USA,19.524,80.0,754.0,MU94,,,Jaume Munar,R,183.0,ESP,26.831,75.0,776.0,6-2 6-3,3,R128,94.0,4.0,0.0,66.0,47.0,34.0,10.0,9.0,2.0,2.0,1.0,3.0,60.0,34.0,20.0,12.0,8.0,3.0,6.0
2024-404,Indian Wells Masters,Hard,128,M,O,20240304,31,Z371,,,Zhizhen Zhang,R,193.0,CHN,27.381,50.0,1006.0,K0AZ,,WC,Aleksandar Kovacevic,R,183.0,USA,25.514,92.0,654.0,6-7(2) 6-3 7-5,3,R128,153.0,12.0,4.0,104.0,53.0,41.0,30.0,17.0,4.0,5.0,13.0,10.0,104.0,53.0,43.0,26.0,16.0,6.0,9.0
2024-404,Indian Wells Masters,Hard,128,M,O,20240304,32,V832,,,Aleksandar Vukic,R,188.0,AUS,27.91,69.0,801.0,M0HU,,Q,Shintaro Mochizuki,R,175.0,JPN,20.756,149.0,448.0,7-6(4) 7-6(6),3,R128,114.0,6.0,1.0,82.0,46.0,30.0,25.0,12.0,3.0,5.0,5.0,5.0,80.0,38.0,29.0,22.0,12.0,1.0,3.0
2024-404,Indian Wells Masters,Hard,128,M,O,20240304,33,A0E2,2.0,,Carlos Alcaraz,R,183.0,ESP,20.832,2.0,8805.0,A0FC,,,Matteo Arnaldi,R,185.0,ITA,23.028,40.0,1091.0,6-7(5) 6-0 6-1,3,R64,134.0,2.0,1.0,76.0,43.0,37.0,18.0,13.0,3.0,4.0,3.0,0.0,92.0,52.0,31.0,17.0,12.0,7.0,13.0
2024-404,Indian Wells Masters,Hard,128,M,O,20240304,34,AG37,31.0,,Felix Auger-Aliassime,R,193.0,CAN,23.57,31.0,1295.0,LB66,,Q,Constant Lestienne,R,180.0,FRA,31.781,100.0,606.0,6-4 6-1,3,R64,88.0,4.0,6.0,47.0,27.0,23.0,11.0,8.0,3.0,3.0,1.0,4.0,69.0,35.0,21.0,15.0,9.0,6.0,10.0
2024-404,Indian Wells Masters,Hard,128,M,O,20240304,35,M0CI,,,Fabian Marozsan,R,193.0,HUN,24.405,58.0,914.0,J551,24.0,,Nicolas Jarry,R,201.0,CHI,28.397,24.0,1575.0,3-6 7-5 6-4,3,R64,159.0,4.0,2.0,95.0,61.0,45.0,17.0,16.0,3.0,6.0,12.0,9.0,120.0,63.0,48.0,23.0,15.0,10.0,13.0
2024-404,Indian Wells Masters,Hard,128,M,O,20240304,36,SX91,,Q,Thiago Seyboth Wild,R,185.0,BRA,23.984,65.0,820.0,KE29,15.0,,Karen Khachanov,R,198.0,RUS,27.786,15.0,2300.0,6-1 7-5,3,R64,83.0,6.0,2.0,57.0,39.0,34.0,8.0,10.0,1.0,1.0,3.0,1.0,58.0,31.0,22.0,12.0,9.0,1.0,4.0
2024-404,Indian Wells Masters,Hard,128,M,O,20240304,37,DH58,10.0,,Alex de Minaur,R,183.0,AUS,25.043,10.0,3210.0,DA81,,,Taro Daniel,R,191.0,JPN,31.099,76.0,773.0,6-1 6-2,3,R64,58.0,3.0,1.0,41.0,22.0,18.0,12.0,7.0,1.0,1.0,1.0,3.0,43.0,27.0,14.0,3.0,8.0,1.0,6.0
2024-404,Indian Wells Masters,Hard,128,M,O,20240304,38,BK92,20.0,,Alexander Bublik,R,196.0,KAZ,26.713,20.0,1984.0,S0RE,,Q,Juncheng Shang,L,180.0,CHN,19.083,139.0,465.0,6-4 6-1,3,R64,63.0,10.0,2.0,57.0,37.0,28.0,10.0,9.0,3.0,4.0,0.0,1.0,44.0,29.0,17.0,6.0,8.0,1.0,5.0
2024-404,Indian Wells Masters,Hard,128,M,O,20240304,39,GJ37,27.0,,Tallon Griekspoor,R,188.0,NED,27.671,27.0,1445.0,H997,,,Yannick Hanfmann,R,193.0,GER,32.307,57.0,920.0,6-3 6-3,3,R64,76.0,6.0,2.0,50.0,27.0,22.0,15.0,9.0,0.0,0.0,1.0,3.0,55.0,37.0,23.0,9.0,9.0,3.0,6.0
2024-404,Indian Wells Masters,Hard,128,M,O,20240304,40,Z355,6.0,,Alexander Zverev,R,198.0,GER,26.872,6.0,4950.0,O483,,,Christopher O'Connell,R,183.0,AUS,29.752,66.0,819.0,6-4 6-4,3,R64,116.0,3.0,3.0,65.0,37.0,28.0,17.0,10.0,5.0,6.0,7.0,2.0,70.0,35.0,20.0,20.0,10.0,6.0,9.0
2024-404,Indian Wells Masters,Hard,128,M,O,20240304,41,S0AG,3.0,,Jannik Sinner,R,191.0,ITA,22.549,3.0,8270.0,KD46,,,Thanasi Kokkinakis,R,193.0,AUS,27.899,99.0,609.0,6-3 6-0,3,R64,81.0,3.0,0.0,47.0,29.0,22.0,13.0,8.0,1.0,1.0,7.0,2.0,44.0,26.0,15.0,5.0,7.0,2.0,6.0
2024-404,Indian Wells Masters,Hard,128,M,O,20240304,42,SL28,25.0,,Jan-Lennard Struff,R,193.0,GER,33.859,25.0,1531.0,CG80,,,Borna Coric,R,188.0,CRO,27.302,35.0,1194.0,6-7(3) 6-2 7-6(9),3,R64,178.0,9.0,4.0,113.0,53.0,42.0,32.0,16.0,5.0,7.0,15.0,2.0,123.0,69.0,49.0,27.0,16.0,11.0,15.0
2024-404,Indian Wells Masters,Hard,128,M,O,20240304,43,C0AU,22.0,,Francisco Cerundolo,R,185.0,ARG,25.558,22.0,1840.0,S0H2,,,Alexander Shevchenko,R,188.0,KAZ,23.261,51.0,1000.0,6-2 3-1 RET,3,R64,45.0,1.0,2.0,36.0,23.0,18.0,7.0,6.0,0.0,0.0,1.0,1.0,30.0,12.0,8.0,7.0,6.0,0.0,3.0
2024-404,Indian Wells Masters,Hard,128,M,O,20240304,44,S0S1,16.0,,Ben Shelton,L,193.0,USA,21.402,16.0,2145.0,M0NI,,WC,Jakub Mensik,R,196.0,CZE,18.505,81.0,751.0,4-6 6-3 6-4,3,R64,120.0,8.0,5.0,83.0,56.0,46.0,13.0,15.0,3.0,5.0,7.0,4.0,91.0,50.0,37.0,19.0,14.0,3.0,6.0
2024-404,Indian Wells Masters,Hard,128,M,O,20240304,45,TE51,11.0,,Stefanos Tsitsipas,R,193.0,GRE,25.561,11.0,3170.0,PF39,,Q,Lucas Pouille,R,185.0,FRA,30.026,273.0,202.0,6-3 6-2,3,R64,68.0,8.0,2.0,41.0,24.0,22.0,10.0,8.0,0.0,0.0,4.0,2.0,56.0,28.0,20.0,10.0,9.0,3.0,7.0
2024-404,Indian Wells Masters,Hard,128,M,O,20240304,46,TD51,18.0,,Frances Tiafoe,R,188.0,USA,26.119,18.0,2115.0,L987,,,Dusan Lajovic,R,183.0,SRB,33.678,56.0,927.0,6-3 6-3,3,R64,77.0,7.0,4.0,61.0,35.0,28.0,11.0,9.0,4.0,5.0,3.0,0.0,66.0,44.0,27.0,9.0,9.0,3.0,7.0
2024-404,Indian Wells Masters,Hard,128,M,O,20240304,47,L0BV,32.0,,Jiri Lehecka,R,185.0,CZE,22.319,32.0,1260.0,N0AE,,WC,Brandon Nakashima,R,188.0,USA,22.585,93.0,645.0,3-6 6-3 6-4,3,R64,135.0,8.0,5.0,91.0,60.0,41.0,17.0,14.0,2.0,5.0,4.0,1.0,89.0,50.0,31.0,22.0,14.0,2.0,6.0
2024-404,Indian Wells Masters,Hard,128,M,O,20240304,48,RE44,5.0,,Andrey Rublev,R,188.0,RUS,26.371,5.0,5010.0,MC10,,,Andy Murray,R,191.0,GBR,36.805,61.0,885.0,7-6(3) 6-1,3,R64,108.0,9.0,0.0,78.0,42.0,31.0,23.0,10.0,6.0,6.0,5.0,4.0,72.0,45.0,31.0,11.0,9.0,3.0,5.0
2024-404,Indian Wells Masters,Hard,128,M,O,20240304,49,R0DG,7.0,,Holger Rune,R,188.0,DEN,20.849,7.0,3720.0,R975,,PR,Milos Raonic,R,196.0,CAN,33.185,224.0,275.0,W/O,3,R64,0.0,,,,,,,,,,,,,,,,,,
2024-404,Indian Wells Masters,Hard,128,M,O,20240304,50,M0EJ,26.0,,Lorenzo Musetti,R,185.0,ITA,22.004,26.0,1480.0,SU55,,PR,Denis Shapovalov,L,185.0,CAN,24.887,131.0,485.0,6-4 2-6 7-5,3,R64,140.0,2.0,3.0,95.0,58.0,37.0,21.0,15.0,7.0,11.0,9.0,12.0,97.0,55.0,42.0,17.0,15.0,9.0,13.0
2024-404,Indian Wells Masters,Hard,128,M,O,20240304,51,B0BI,19.0,,Sebastian Baez,R,170.0,ARG,23.181,19.0,1985.0,F510,,WC,Fabio Fognini,R,178.0,ITA,36.78,108.0,568.0,7-5 6-3,3,R64,99.0,4.0,0.0,75.0,45.0,29.0,21.0,11.0,5.0,6.0,3.0,6.0,63.0,28.0,19.0,16.0,10.0,2.0,5.0
2024-404,Indian Wells Masters,Hard,128,M,O,20240304,52,FB98,12.0,,Taylor Fritz,R,196.0,USA,26.349,12.0,3015.0,TE30,,,Alejandro Tabilo,L,188.0,CHI,26.754,39.0,1116.0,7-6(2) 6-2,3,R64,74.0,14.0,1.0,53.0,36.0,31.0,14.0,10.0,0.0,0.0,6.0,3.0,63.0,44.0,32.0,8.0,10.0,6.0,8.0
2024-404,Indian Wells Masters,Hard,128,M,O,20240304,53,D875,13.0,,Grigor Dimitrov,R,191.0,BUL,32.802,13.0,2880.0,MP20,,,Alexandre Muller,R,183.0,FRA,27.086,88.0,689.0,7-5 6-2,3,R64,89.0,5.0,2.0,56.0,31.0,25.0,14.0,10.0,2.0,3.0,4.0,3.0,65.0,36.0,26.0,11.0,10.0,4.0,8.0
2024-404,Indian Wells Masters,Hard,128,M,O,20240304,54,ME82,21.0,,Adrian Mannarino,L,180.0,FRA,35.68,21.0,1950.0,M0FH,,,Tomas Machac,R,183.0,CZE,23.389,63.0,868.0,6-1 6-2,3,R64,74.0,5.0,2.0,58.0,35.0,26.0,13.0,8.0,6.0,6.0,3.0,3.0,51.0,29.0,18.0,7.0,7.0,3.0,7.0
2024-404,Indian Wells Masters,Hard,128,M,O,20240304,55,K0AH,29.0,,Sebastian Korda,R,196.0,USA,23.663,29.0,1345.0,SX50,,,Roman Safiullin,R,185.0,RUS,26.574,42.0,1080.0,6-4 6-2,3,R64,70.0,6.0,0.0,60.0,33.0,21.0,19.0,9.0,3.0,4.0,2.0,3.0,54.0,29.0,17.0,12.0,9.0,4.0,8.0
2024-404,Indian Wells Masters,Hard,128,M,O,20240304,56,MM58,4.0,,Daniil Medvedev,R,198.0,RUS,28.06,4.0,7715.0,CF59,,,Roberto Carballes Baena,R,183.0,ESP,30.949,64.0,831.0,6-2 6-3,3,R64,87.0,1.0,1.0,48.0,28.0,23.0,12.0,9.0,1.0,2.0,0.0,0.0,46.0,35.0,19.0,5.0,8.0,3.0,7.0
2024-404,Indian Wells Masters,Hard,128,M,O,20240304,57,MC65,,,Gael Monfils,R,193.0,FRA,37.506,54.0,937.0,HB71,8.0,,Hubert Hurkacz,R,196.0,POL,27.058,8.0,3405.0,6-0 6-7(5) 6-2,3,R64,120.0,6.0,6.0,84.0,40.0,27.0,28.0,13.0,1.0,3.0,2.0,3.0,81.0,41.0,25.0,17.0,13.0,6.0,13.0
2024-404,Indian Wells Masters,Hard,128,M,O,20240304,58,N771,28.0,,Cameron Norrie,L,188.0,GBR,28.531,28.0,1380.0,SU87,,,Lorenzo Sonego,R,191.0,ITA,28.816,55.0,935.0,6-4 6-4,3,R64,90.0,2.0,4.0,62.0,35.0,23.0,16.0,10.0,1.0,3.0,8.0,1.0,55.0,37.0,25.0,6.0,10.0,3.0,7.0
2024-404,Indian Wells Masters,Hard,128,M,O,20240304,59,F0F1,,,Arthur Fils,R,185.0,FRA,19.726,43.0,1078.0,DH50,23.0,,Alejandro Davidovich Fokina,R,180.0,ESP,24.747,23.0,1595.0,6-3 6-4,3,R64,77.0,9.0,2.0,52.0,27.0,24.0,18.0,10.0,0.0,0.0,6.0,3.0,59.0,32.0,27.0,11.0,9.0,5.0,7.0
2024-404,Indian Wells Masters,Hard,128,M,O,20240304,60,RH16,9.0,,Casper Ruud,R,183.0,NOR,25.199,9.0,3405.0,KI63,,Q,Lukas Klein,R,193.0,SVK,25.952,141.0,459.0,6-4 7-6(4),3,R64,105.0,4.0,0.0,79.0,51.0,38.0,17.0,11.0,7.0,7.0,4.0,4.0,74.0,39.0,27.0,21.0,11.0,2.0,3.0
2024-404,Indian Wells Masters,Hard,128,M,O,20240304,61,HH26,14.0,,Ugo Humbert,L,188.0,FRA,25.689,14.0,2415.0,K0A3,,WC,Patrick Kypson,R,188.0,USA,24.35,151.0,443.0,6-4 6-4,3,R64,89.0,10.0,2.0,61.0,31.0,26.0,18.0,10.0,2.0,2.0,1.0,3.0,55.0,31.0,22.0,15.0,10.0,4.0,6.0
2024-404,Indian Wells Masters,Hard,128,M,O,20240304,62,PL56,17.0,,Tommy Paul,R,185.0,USA,26.798,17.0,2120.0,M0QI,,,Alex Michelsen,R,193.0,USA,19.524,80.0,754.0,6-2 6-2,3,R64,77.0,0.0,1.0,41.0,23.0,19.0,10.0,8.0,0.0,1.0,2.0,6.0,73.0,50.0,28.0,7.0,8.0,3.0,8.0
2024-404,Indian Wells Masters,Hard,128,M,O,20240304,63,N0BG,,LL,Luca Nardi,R,185.0,ITA,20.578,123.0,513.0,Z371,,,Zhizhen Zhang,R,193.0,CHN,27.381,50.0,1006.0,6-3 3-6 6-3,3,R64,120.0,7.0,2.0,80.0,51.0,43.0,14.0,14.0,5.0,7.0,5.0,3.0,88.0,52.0,37.0,15.0,13.0,2.0,5.0
2024-404,Indian Wells Masters,Hard,128,M,O,20240304,64,D643,1.0,,Novak Djokovic,R,188.0,SRB,36.786,1.0,9675.0,V832,,,Aleksandar Vukic,R,188.0,AUS,27.91,69.0,801.0,6-2 5-7 6-3,3,R64,130.0,11.0,5.0,76.0,46.0,38.0,16.0,14.0,4.0,6.0,9.0,3.0,100.0,56.0,44.0,12.0,15.0,8.0,13.0
2024-404,Indian Wells Masters,Hard,128,M,O,20240304,65,A0E2,2.0,,Carlos Alcaraz,R,183.0,ESP,20.832,2.0,8805.0,AG37,31.0,,Felix Auger-Aliassime,R,193.0,CAN,23.57,31.0,1295.0,6-2 6-3,3,R32,77.0,3.0,1.0,44.0,32.0,25.0,8.0,8.0,1.0,1.0,1.0,5.0,52.0,35.0,19.0,8.0,9.0,3.0,7.0
2024-404,Indian Wells Masters,Hard,128,M,O,20240304,66,M0CI,,,Fabian Marozsan,R,193.0,HUN,24.405,58.0,914.0,SX91,,Q,Thiago Seyboth Wild,R,185.0,BRA,23.984,65.0,820.0,6-2 6-2,3,R32,67.0,5.0,1.0,39.0,21.0,19.0,14.0,8.0,0.0,0.0,2.0,1.0,55.0,30.0,19.0,8.0,8.0,5.0,9.0
2024-404,Indian Wells Masters,Hard,128,M,O,20240304,67,DH58,10.0,,Alex de Minaur,R,183.0,AUS,25.043,10.0,3210.0,BK92,20.0,,Alexander Bublik,R,196.0,KAZ,26.713,20.0,1984.0,7-5 6-0,3,R32,87.0,3.0,3.0,65.0,36.0,24.0,17.0,9.0,5.0,7.0,6.0,10.0,69.0,36.0,27.0,5.0,9.0,9.0,15.0
2024-404,Indian Wells Masters,Hard,128,M,O,20240304,68,Z355,6.0,,Alexander Zverev,R,198.0,GER,26.872,6.0,4950.0,GJ37,27.0,,Tallon Griekspoor,R,188.0,NED,27.671,27.0,1445.0,7-6(7) 6-3,3,R32,103.0,8.0,1.0,67.0,51.0,39.0,7.0,10.0,2.0,3.0,8.0,6.0,74.0,50.0,35.0,11.0,11.0,5.0,8.0
2024-404,Indian Wells Masters,Hard,128,M,O,20240304,69,S0AG,3.0,,Jannik Sinner,R,191.0,ITA,22.549,3.0,8270.0,SL28,25.0,,Jan-Lennard Struff,R,193.0,GER,33.859,25.0,1531.0,6-3 6-4,3,R32,74.0,7.0,2.0,52.0,35.0,29.0,13.0,10.0,3.0,3.0,3.0,1.0,58.0,40.0,29.0,8.0,9.0,2.0,4.0
2024-404,Indian Wells Masters,Hard,128,M,O,20240304,70,S0S1,16.0,,Ben Shelton,L,193.0,USA,21.402,16.0,2145.0,C0AU,22.0,,Francisco Cerundolo,R,185.0,ARG,25.558,22.0,1840.0,7-6(5) 3-6 7-6(5),3,R32,163.0,6.0,5.0,103.0,62.0,49.0,25.0,16.0,1.0,3.0,1.0,3.0,119.0,85.0,62.0,20.0,17.0,9.0,10.0
2024-404,Indian Wells Masters,Hard,128,M,O,20240304,71,TE51,11.0,,Stefanos Tsitsipas,R,193.0,GRE,25.561,11.0,3170.0,TD51,18.0,,Frances Tiafoe,R,188.0,USA,26.119,18.0,2115.0,6-3 6-3,3,R32,78.0,11.0,1.0,65.0,40.0,28.0,14.0,9.0,3.0,4.0,2.0,1.0,50.0,28.0,16.0,10.0,9.0,2.0,6.0
2024-404,Indian Wells Masters,Hard,128,M,O,20240304,72,L0BV,32.0,,Jiri Lehecka,R,185.0,CZE,22.319,32.0,1260.0,RE44,5.0,,Andrey Rublev,R,188.0,RUS,26.371,5.0,5010.0,6-4 6-4,3,R32,73.0,9.0,2.0,51.0,27.0,25.0,15.0,10.0,0.0,0.0,1.0,1.0,59.0,33.0,21.0,16.0,10.0,2.0,4.0
2024-404,Indian Wells Masters,Hard,128,M,O,20240304,73,R0DG,7.0,,Holger Rune,R,188.0,DEN,20.849,7.0,3720.0,M0EJ,26.0,,Lorenzo Musetti,R,185.0,ITA,22.004,26.0,1480.0,6-2 7-6(5),3,R32,96.0,3.0,1.0,59.0,38.0,31.0,15.0,10.0,2.0,2.0,1.0,2.0,68.0,46.0,31.0,12.0,10.0,4.0,6.0
2024-404,Indian Wells Masters,Hard,128,M,O,20240304,74,FB98,12.0,,Taylor Fritz,R,196.0,USA,26.349,12.0,3015.0,B0BI,19.0,,Sebastian Baez,R,170.0,ARG,23.181,19.0,1985.0,6-2 6-2,3,R32,68.0,9.0,1.0,40.0,25.0,22.0,10.0,8.0,0.0,0.0,0.0,1.0,56.0,38.0,18.0,11.0,8.0,5.0,9.0
2024-404,Indian Wells Masters,Hard,128,M,O,20240304,75,D875,13.0,,Grigor Dimitrov,R,191.0,BUL,32.802,13.0,2880.0,ME82,21.0,,Adrian Mannarino,L,180.0,FRA,35.68,21.0,1950.0,6-3 6-3,3,R32,80.0,9.0,2.0,47.0,24.0,21.0,17.0,9.0,1.0,1.0,4.0,3.0,63.0,37.0,25.0,11.0,9.0,9.0,12.0
2024-404,Indian Wells Masters,Hard,128,M,O,20240304,76,MM58,4.0,,Daniil Medvedev,R,198.0,RUS,28.06,4.0,7715.0,K0AH,29.0,,Sebastian Korda,R,196.0,USA,23.663,29.0,1345.0,6-4 5-7 6-3,3,R32,151.0,2.0,10.0,87.0,44.0,31.0,18.0,15.0,2.0,9.0,3.0,5.0,121.0,68.0,43.0,17.0,16.0,13.0,22.0
2024-404,Indian Wells Masters,Hard,128,M,O,20240304,77,MC65,,,Gael Monfils,R,193.0,FRA,37.506,54.0,937.0,N771,28.0,,Cameron Norrie,L,188.0,GBR,28.531,28.0,1380.0,6-7(5) 7-6(5) 6-3,3,R32,192.0,12.0,12.0,146.0,92.0,60.0,27.0,17.0,18.0,21.0,4.0,4.0,105.0,57.0,35.0,29.0,16.0,6.0,10.0
2024-404,Indian Wells Masters,Hard,128,M,O,20240304,78,RH16,9.0,,Casper Ruud,R,183.0,NOR,25.199,9.0,3405.0,F0F1,,,Arthur Fils,R,185.0,FRA,19.726,43.0,1078.0,6-2 6-4,3,R32,76.0,2.0,1.0,43.0,31.0,27.0,9.0,9.0,0.0,0.0,5.0,4.0,62.0,37.0,26.0,9.0,9.0,4.0,7.0
2024-404,Indian Wells Masters,Hard,128,M,O,20240304,79,PL56,17.0,,Tommy Paul,R,185.0,USA,26.798,17.0,2120.0,HH26,14.0,,Ugo Humbert,L,188.0,FRA,25.689,14.0,2415.0,6-4 6-4,3,R32,87.0,3.0,1.0,56.0,37.0,30.0,9.0,10.0,0.0,1.0,3.0,0.0,59.0,31.0,23.0,11.0,10.0,3.0,6.0
2024-404,Indian Wells Masters,Hard,128,M,O,20240304,80,N0BG,,LL,Luca Nardi,R,185.0,ITA,20.578,123.0,513.0,D643,1.0,,Novak Djokovic,R,188.0,SRB,36.786,1.0,9675.0,6-4 3-6 6-3,3,R32,140.0,6.0,7.0,90.0,64.0,44.0,13.0,14.0,2.0,4.0,4.0,1.0,95.0,57.0,44.0,16.0,14.0,8.0,11.0
2024-404,Indian Wells Masters,Hard,128,M,O,20240304,81,A0E2,2.0,,Carlos Alcaraz,R,183.0,ESP,20.832,2.0,8805.0,M0CI,,,Fabian Marozsan,R,193.0,HUN,24.405,58.0,914.0,6-3 6-3,3,R16,75.0,4.0,2.0,49.0,31.0,26.0,12.0,9.0,2.0,2.0,2.0,1.0,58.0,32.0,23.0,10.0,9.0,5.0,8.0
2024-404,Indian Wells Masters,Hard,128,M,O,20240304,82,Z355,6.0,,Alexander Zverev,R,198.0,GER,26.872,6.0,4950.0,DH58,10.0,,Alex de Minaur,R,183.0,AUS,25.043,10.0,3210.0,5-7 6-2 6-3,3,R16,167.0,7.0,3.0,115.0,77.0,53.0,17.0,15.0,8.0,11.0,2.0,2.0,78.0,38.0,27.0,18.0,14.0,2.0,7.0
2024-404,Indian Wells Masters,Hard,128,M,O,20240304,83,S0AG,3.0,,Jannik Sinner,R,191.0,ITA,22.549,3.0,8270.0,S0S1,16.0,,Ben Shelton,L,193.0,USA,21.402,16.0,2145.0,7-6(4) 6-1,3,R16,98.0,3.0,1.0,65.0,44.0,34.0,13.0,10.0,4.0,5.0,4.0,6.0,70.0,47.0,27.0,10.0,9.0,6.0,9.0
2024-404,Indian Wells Masters,Hard,128,M,O,20240304,84,L0BV,32.0,,Jiri Lehecka,R,185.0,CZE,22.319,32.0,1260.0,TE51,11.0,,Stefanos Tsitsipas,R,193.0,GRE,25.561,11.0,3170.0,6-2 6-4,3,R16,77.0,7.0,1.0,50.0,31.0,26.0,13.0,9.0,4.0,4.0,4.0,4.0,63.0,28.0,18.0,17.0,9.0,7.0,10.0
2024-404,Indian Wells Masters,Hard,128,M,O,20240304,85,R0DG,7.0,,Holger Rune,R,188.0,DEN,20.849,7.0,3720.0,FB98,12.0,,Taylor Fritz,R,196.0,USA,26.349,12.0,3015.0,2-6 7-6(2) 6-3,3,R16,138.0,4.0,4.0,94.0,53.0,41.0,25.0,15.0,4.0,6.0,8.0,3.0,91.0,52.0,36.0,24.0,14.0,2.0,3.0
2024-404,Indian Wells Masters,Hard,128,M,O,20240304,86,MM58,4.0,,Daniil Medvedev,R,198.0,RUS,28.06,4.0,7715.0,D875,13.0,,Grigor Dimitrov,R,191.0,BUL,32.802,13.0,2880.0,6-4 6-4,3,R16,76.0,5.0,2.0,51.0,31.0,26.0,13.0,10.0,1.0,2.0,4.0,5.0,58.0,40.0,29.0,6.0,10.0,3.0,6.0
2024-404,Indian Wells Masters,Hard,128,M,O,20240304,87,RH16,9.0,,Casper Ruud,R,183.0,NOR,25.199,9.0,3405.0,MC65,,,Gael Monfils,R,193.0,FRA,37.506,54.0,937.0,3-6 7-6(3) 6-4,3,R16,147.0,3.0,2.0,99.0,60.0,43.0,24.0,15.0,3.0,4.0,14.0,0.0,91.0,56.0,44.0,22.0,16.0,5.0,6.0
2024-404,Indian Wells Masters,Hard,128,M,O,20240304,88,PL56,17.0,,Tommy Paul,R,185.0,USA,26.798,17.0,2120.0,N0BG,,LL,Luca Nardi,R,185.0,ITA,20.578,123.0,513.0,6-4 6-3,3,R16,80.0,5.0,0.0,51.0,32.0,25.0,12.0,9.0,1.0,1.0,2.0,2.0,67.0,40.0,29.0,11.0,10.0,6.0,9.0
2024-404,Indian Wells Masters,Hard,128,M,O,20240304,89,A0E2,2.0,,Carlos Alcaraz,R,183.0,ESP,20.832,2.0,8805.0,Z355,6.0,,Alexander Zverev,R,198.0,GER,26.872,6.0,4950.0,6-3 6-1,3,QF,89.0,1.0,0.0,39.0,31.0,27.0,6.0,8.0,0.0,0.0,3.0,2.0,63.0,49.0,25.0,7.0,8.0,1.0,5.0
2024-404,Indian Wells Masters,Hard,128,M,O,20240304,90,S0AG,3.0,,Jannik Sinner,R,191.0,ITA,22.549,3.0,8270.0,L0BV,32.0,,Jiri Lehecka,R,185.0,CZE,22.319,32.0,1260.0,6-3 6-3,3,QF,84.0,3.0,2.0,51.0,27.0,23.0,15.0,9.0,1.0,1.0,5.0,3.0,70.0,47.0,32.0,7.0,9.0,8.0,11.0
2024-404,Indian Wells Masters,Hard,128,M,O,20240304,91,MM58,4.0,,Daniil Medvedev,R,198.0,RUS,28.06,4.0,7715.0,R0DG,7.0,,Holger Rune,R,188.0,DEN,20.849,7.0,3720.0,7-5 6-4,3,QF,119.0,4.0,1.0,73.0,44.0,30.0,18.0,11.0,6.0,8.0,0.0,6.0,84.0,47.0,32.0,14.0,11.0,6.0,10.0
2024-404,Indian Wells Masters,Hard,128,M,O,20240304,92,PL56,17.0,,Tommy Paul,R,185.0,USA,26.798,17.0,2120.0,RH16,9.0,,Casper Ruud,R,183.0,NOR,25.199,9.0,3405.0,6-2 1-6 6-3,3,QF,129.0,5.0,2.0,86.0,47.0,34.0,15.0,12.0,7.0,11.0,2.0,0.0,94.0,67.0,40.0,11.0,12.0,10.0,15.0
2024-404,Indian Wells Masters,Hard,128,M,O,20240304,93,A0E2,2.0,,Carlos Alcaraz,R,183.0,ESP,20.832,2.0,8805.0,S0AG,3.0,,Jannik Sinner,R,191.0,ITA,22.549,3.0,8270.0,1-6 6-3 6-2,3,SF,125.0,0.0,2.0,72.0,47.0,33.0,13.0,12.0,2.0,4.0,1.0,2.0,74.0,46.0,30.0,15.0,12.0,3.0,6.0
2024-404,Indian Wells Masters,Hard,128,M,O,20240304,94,MM58,4.0,,Daniil Medvedev,R,198.0,RUS,28.06,4.0,7715.0,PL56,17.0,,Tommy Paul,R,185.0,USA,26.798,17.0,2120.0,1-6 7-6(3) 6-2,3,SF,143.0,2.0,3.0,103.0,64.0,38.0,16.0,13.0,6.0,11.0,5.0,3.0,100.0,53.0,34.0,21.0,14.0,5.0,10.0
2024-404,Indian Wells Masters,Hard,128,M,O,20240304,95,A0E2,2.0,,Carlos Alcaraz,R,183.0,ESP,20.832,2.0,8805.0,MM58,4.0,,Daniil Medvedev,R,198.0,RUS,28.06,4.0,7715.0,7-6(5) 6-1,3,F,102.0,3.0,1.0,62.0,40.0,30.0,15.0,10.0,1.0,2.0,3.0,3.0,79.0,48.0,30.0,14.0,9.0,7.0,10.0
2024-403,Miami Masters,Hard,128,M,O,20240318,1,VA08,,Q,Andrea Vavassori,R,193.0,ITA,28.871,148.0,450.0,CG04,,,Pedro Cachin,R,185.0,ARG,28.934,79.0,739.0,6-2 6-2,3,R128,69.0,3.0,2.0,42.0,27.0,22.0,11.0,8.0,2.0,2.0,2.0,0.0,53.0,40.0,20.0,6.0,8.0,1.0,5.0
2024-403,Miami Masters,Hard,128,M,O,20240318,2,M0QI,,,Alex Michelsen,R,193.0,USA,19.562,73.0,776.0,KI63,,Q,Lukas Klein,R,193.0,SVK,25.99,128.0,502.0,7-6(5) 6-2,3,R128,92.0,4.0,0.0,67.0,51.0,36.0,8.0,10.0,4.0,7.0,5.0,3.0,62.0,39.0,24.0,12.0,10.0,5.0,10.0
2024-403,Miami Masters,Hard,128,M,O,20240318,3,O483,,,Christopher O'Connell,R,183.0,AUS,29.791,66.0,833.0,KI82,,Q,Vit Kopriva,R,178.0,CZE,26.757,116.0,531.0,6-2 6-4,3,R128,75.0,10.0,1.0,55.0,36.0,30.0,11.0,9.0,4.0,4.0,3.0,4.0,45.0,30.0,21.0,6.0,9.0,1.0,4.0
2024-403,Miami Masters,Hard,128,M,O,20240318,4,D0DT,,WC,Martin Damm,L,203.0,USA,20.465,204.0,296.0,Z371,,,Zhizhen Zhang,R,193.0,CHN,27.42,49.0,1005.0,7-6(2) 7-6(3),3,R128,123.0,14.0,3.0,83.0,50.0,38.0,18.0,12.0,4.0,6.0,5.0,4.0,87.0,63.0,43.0,12.0,12.0,3.0,5.0
2024-403,Miami Masters,Hard,128,M,O,20240318,5,SU55,,PR,Denis Shapovalov,L,185.0,CAN,24.925,126.0,505.0,D0FJ,,,Luciano Darderi,R,183.0,ITA,22.089,75.0,771.0,6-3 6-7(3) 6-4,3,R128,147.0,16.0,8.0,90.0,61.0,47.0,15.0,15.0,0.0,1.0,5.0,4.0,135.0,78.0,53.0,25.0,16.0,8.0,12.0
2024-403,Miami Masters,Hard,128,M,O,20240318,6,A0FC,,,Matteo Arnaldi,R,185.0,ITA,23.066,38.0,1096.0,F0F1,,,Arthur Fils,R,185.0,FRA,19.765,37.0,1128.0,6-3 6-4,3,R128,86.0,5.0,1.0,49.0,29.0,27.0,14.0,10.0,0.0,0.0,1.0,1.0,71.0,42.0,30.0,12.0,9.0,8.0,10.0
2024-403,Miami Masters,Hard,128,M,O,20240318,7,MC10,,,Andy Murray,R,191.0,GBR,36.843,62.0,870.0,BK40,,PR,Matteo Berrettini,R,196.0,ITA,27.932,142.0,470.0,4-6 6-3 6-4,3,R128,168.0,9.0,1.0,83.0,56.0,44.0,18.0,15.0,4.0,5.0,8.0,0.0,107.0,68.0,51.0,18.0,14.0,9.0,11.0
2024-403,Miami Masters,Hard,128,M,O,20240318,8,M0FH,,,Tomas Machac,R,183.0,CZE,23.428,60.0,891.0,B0NO,,WC,Darwin Blanch,L,185.0,USA,16.471,1034.0,11.0,6-4 6-2,3,R128,80.0,3.0,2.0,54.0,38.0,28.0,6.0,9.0,3.0,5.0,1.0,1.0,69.0,53.0,26.0,8.0,9.0,6.0,11.0
2024-403,Miami Masters,Hard,128,M,O,20240318,9,F724,,,Marton Fucsovics,R,188.0,HUN,32.107,86.0,692.0,PH71,,,Max Purcell,R,185.0,AUS,25.958,68.0,796.0,6-2 6-1,3,R128,61.0,4.0,0.0,38.0,26.0,23.0,6.0,7.0,0.0,0.0,1.0,1.0,49.0,35.0,17.0,5.0,8.0,1.0,6.0
2024-403,Miami Masters,Hard,128,M,O,20240318,10,C0E9,,,Flavio Cobolli,R,183.0,ITA,21.867,63.0,865.0,N732,,LL,Yoshihito Nishioka,L,170.0,JPN,28.474,71.0,778.0,1-6 6-1 6-4,3,R128,112.0,5.0,3.0,75.0,39.0,30.0,19.0,12.0,4.0,6.0,2.0,0.0,70.0,45.0,30.0,13.0,12.0,3.0,6.0
2024-403,Miami Masters,Hard,128,M,O,20240318,11,KE73,,,Dominik Koepfer,L,180.0,GER,29.886,50.0,1002.0,GC88,,,Marcos Giron,R,180.0,USA,30.65,51.0,1000.0,4-6 6-1 6-4,3,R128,109.0,8.0,1.0,88.0,65.0,44.0,16.0,14.0,4.0,5.0,2.0,1.0,72.0,44.0,28.0,17.0,13.0,1.0,4.0
2024-403,Miami Masters,Hard,128,M,O,20240318,12,V812,,,Botic van de Zandschulp,R,191.0,NED,28.454,77.0,750.0,H0BH,,,Rinky Hijikata,R,178.0,AUS,23.064,81.0,724.0,7-5 7-6(3),3,R128,113.0,8.0,2.0,84.0,61.0,42.0,14.0,12.0,7.0,8.0,3.0,3.0,67.0,36.0,26.0,20.0,12.0,1.0,3.0
2024-403,Miami Masters,Hard,128,M,O,20240318,13,SX91,,Q,Thiago Seyboth Wild,R,185.0,BRA,24.022,76.0,768.0,BT72,,,Nuno Borges,R,185.0,POR,27.075,61.0,887.0,6-4 7-5,3,R128,102.0,8.0,4.0,74.0,47.0,35.0,13.0,11.0,7.0,8.0,3.0,0.0,64.0,42.0,29.0,13.0,11.0,2.0,5.0
2024-403,Miami Masters,Hard,128,M,O,20240318,14,D0CO,,,Jack Draper,L,193.0,GBR,22.237,42.0,1071.0,DA81,,,Taro Daniel,R,191.0,JPN,31.138,78.0,742.0,6-3 6-2,3,R128,69.0,10.0,1.0,44.0,29.0,28.0,8.0,9.0,0.0,0.0,0.0,1.0,45.0,27.0,16.0,8.0,8.0,1.0,4.0
2024-403,Miami Masters,Hard,128,M,O,20240318,15,S0RE,,WC,Juncheng Shang,L,180.0,CHN,19.121,124.0,507.0,KI95,,,Miomir Kecmanovic,R,183.0,SRB,24.548,46.0,1030.0,7-6(5) 4-6 7-6(5),3,R128,166.0,8.0,0.0,108.0,74.0,48.0,18.0,17.0,3.0,7.0,6.0,5.0,124.0,87.0,57.0,17.0,17.0,10.0,13.0
2024-403,Miami Masters,Hard,128,M,O,20240318,16,V0DZ,,,Luca Van Assche,R,178.0,FRA,19.852,80.0,736.0,K09F,,,Pavel Kotov,R,191.0,RUS,25.331,67.0,823.0,6-3 7-5,3,R128,99.0,0.0,2.0,66.0,34.0,26.0,18.0,11.0,4.0,5.0,5.0,1.0,59.0,42.0,28.0,9.0,10.0,3.0,6.0
2024-403,Miami Masters,Hard,128,M,O,20240318,17,M0CI,,,Fabian Marozsan,R,193.0,HUN,24.444,57.0,929.0,K0AZ,,Q,Aleksandar Kovacevic,R,183.0,USA,25.552,98.0,616.0,6-3 6-2,3,R128,66.0,1.0,1.0,58.0,39.0,27.0,13.0,9.0,3.0,3.0,4.0,2.0,47.0,36.0,24.0,2.0,8.0,3.0,6.0
2024-403,Miami Masters,Hard,128,M,O,20240318,18,P09Z,,,Alexei Popyrin,R,196.0,AUS,24.619,45.0,1032.0,D0CG,,,Facundo Diaz Acosta,L,183.0,ARG,23.255,55.0,943.0,6-2 6-2,3,R128,76.0,3.0,1.0,58.0,42.0,32.0,8.0,8.0,4.0,4.0,2.0,4.0,53.0,35.0,19.0,8.0,8.0,2.0,6.0
2024-403,Miami Masters,Hard,128,M,O,20240318,19,AE14,,,Daniel Altmaier,R,188.0,GER,25.514,54.0,951.0,M0G4,,Q,Harold Mayot,R,180.0,FRA,22.116,141.0,472.0,6-2 7-5,3,R128,109.0,6.0,2.0,69.0,52.0,35.0,9.0,10.0,6.0,7.0,1.0,2.0,60.0,32.0,21.0,13.0,10.0,5.0,9.0
2024-403,Miami Masters,Hard,128,M,O,20240318,20,KF17,,PR,Soonwoo Kwon,R,180.0,KOR,26.292,863.0,20.0,MP20,,,Alexandre Muller,R,183.0,FRA,27.124,85.0,709.0,7-6(3) 6-3,3,R128,89.0,5.0,0.0,65.0,44.0,34.0,15.0,11.0,2.0,3.0,4.0,2.0,63.0,42.0,31.0,9.0,10.0,2.0,4.0
2024-403,Miami Masters,Hard,128,M,O,20240318,21,DB63,,,Laslo Djere,R,188.0,SRB,28.794,35.0,1180.0,W0BH,,Q,Coleman Wong,R,191.0,HKG,19.781,212.0,285.0,7-5 7-6(3),3,R128,141.0,4.0,2.0,89.0,63.0,41.0,14.0,12.0,8.0,11.0,6.0,5.0,86.0,48.0,35.0,12.0,12.0,5.0,9.0
2024-403,Miami Masters,Hard,128,M,O,20240318,22,O513,,,Sebastian Ofner,R,191.0,AUT,27.849,40.0,1076.0,N552,,WC,Kei Nishikori,R,178.0,JPN,34.218,351.0,143.0,6-3 6-4,3,R128,79.0,9.0,0.0,63.0,37.0,30.0,16.0,10.0,3.0,3.0,0.0,0.0,57.0,37.0,22.0,14.0,9.0,2.0,4.0
2024-403,Miami Masters,Hard,128,M,O,20240318,23,E687,,,Daniel Evans,R,175.0,GBR,33.821,43.0,1066.0,SU87,,,Lorenzo Sonego,R,191.0,ITA,28.854,53.0,955.0,1-6 6-3 6-4,3,R128,143.0,1.0,4.0,76.0,43.0,30.0,18.0,13.0,2.0,4.0,12.0,1.0,88.0,60.0,46.0,10.0,13.0,5.0,7.0
2024-403,Miami Masters,Hard,128,M,O,20240318,24,AG37,,,Felix Auger-Aliassime,R,193.0,CAN,23.608,36.0,1165.0,W09E,,Q,Adam Walton,R,183.0,AUS,24.92,150.0,445.0,7-5 6-4,3,R128,120.0,11.0,4.0,64.0,43.0,35.0,13.0,11.0,5.0,5.0,2.0,1.0,69.0,52.0,33.0,10.0,11.0,2.0,4.0
2024-403,Miami Masters,Hard,128,M,O,20240318,25,S0H2,,,Alexander Shevchenko,R,188.0,KAZ,23.299,58.0,924.0,GE33,,,Daniel Elahi Galan,R,191.0,COL,27.748,84.0,712.0,6-7(4) 7-6(4) 7-5,3,R128,176.0,12.0,10.0,134.0,80.0,58.0,21.0,18.0,7.0,11.0,7.0,2.0,117.0,74.0,56.0,10.0,18.0,8.0,13.0
2024-403,Miami Masters,Hard,128,M,O,20240318,26,BD06,,Q,Roberto Bautista Agut,R,183.0,ESP,35.926,100.0,614.0,N0AM,,Q,Emilio Nava,R,185.0,USA,22.292,132.0,488.0,6-3 7-6(4),3,R128,113.0,1.0,1.0,83.0,66.0,45.0,10.0,11.0,6.0,7.0,14.0,2.0,79.0,57.0,40.0,8.0,10.0,6.0,8.0
2024-403,Miami Masters,Hard,128,M,O,20240318,27,H997,,,Yannick Hanfmann,R,193.0,GER,32.345,56.0,940.0,RH24,,,Emil Ruusuvuori,R,188.0,FIN,24.961,48.0,1006.0,6-4 4-6 6-4,3,R128,126.0,11.0,2.0,87.0,56.0,37.0,18.0,15.0,2.0,5.0,3.0,3.0,81.0,48.0,34.0,18.0,15.0,2.0,6.0
2024-403,Miami Masters,Hard,128,M,O,20240318,28,TE30,,,Alejandro Tabilo,L,188.0,CHI,26.793,44.0,1040.0,N0AE,,Q,Brandon Nakashima,R,188.0,USA,22.623,92.0,650.0,6-4 3-6 6-3,3,R128,132.0,13.0,2.0,98.0,71.0,51.0,9.0,14.0,6.0,9.0,12.0,1.0,82.0,55.0,38.0,12.0,14.0,4.0,8.0
2024-403,Miami Masters,Hard,128,M,O,20240318,29,L0IL,,WC,Martin Landaluce,R,193.0,ESP,18.19,360.0,137.0,MU94,,,Jaume Munar,R,183.0,ESP,26.869,72.0,776.0,6-3 1-6 7-5,3,R128,149.0,5.0,3.0,98.0,63.0,41.0,15.0,14.0,4.0,8.0,1.0,2.0,79.0,56.0,38.0,10.0,14.0,4.0,8.0
2024-403,Miami Masters,Hard,128,M,O,20240318,30,SX50,,,Roman Safiullin,R,185.0,RUS,26.612,39.0,1085.0,SM37,,Q,Diego Schwartzman,R,170.0,ARG,31.587,122.0,513.0,6-2 6-4,3,R128,86.0,6.0,1.0,65.0,38.0,26.0,14.0,9.0,5.0,7.0,0.0,1.0,62.0,46.0,27.0,3.0,9.0,2.0,7.0
2024-403,Miami Masters,Hard,128,M,O,20240318,31,MC65,,,Gael Monfils,R,193.0,FRA,37.544,47.0,1027.0,L987,,,Dusan Lajovic,R,183.0,SRB,33.717,52.0,957.0,7-6(5) 6-4,3,R128,92.0,11.0,0.0,57.0,36.0,31.0,17.0,11.0,0.0,0.0,1.0,0.0,79.0,59.0,41.0,10.0,11.0,4.0,5.0
2024-403,Miami Masters,Hard,128,M,O,20240318,32,CF59,,,Roberto Carballes Baena,R,183.0,ESP,30.987,64.0,851.0,V832,,,Aleksandar Vukic,R,188.0,AUS,27.948,65.0,834.0,7-6(2) 6-3,3,R128,99.0,3.0,1.0,65.0,47.0,36.0,14.0,11.0,3.0,3.0,6.0,2.0,64.0,38.0,25.0,15.0,10.0,1.0,2.0
2024-403,Miami Masters,Hard,128,M,O,20240318,33,S0AG,2.0,,Jannik Sinner,R,191.0,ITA,22.587,3.0,8310.0,VA08,,Q,Andrea Vavassori,R,193.0,ITA,28.871,148.0,450.0,6-3 6-4,3,R64,80.0,3.0,3.0,52.0,36.0,33.0,7.0,10.0,0.0,0.0,7.0,1.0,51.0,33.0,22.0,11.0,9.0,2.0,4.0
2024-403,Miami Masters,Hard,128,M,O,20240318,34,GJ37,25.0,,Tallon Griekspoor,R,188.0,NED,27.71,26.0,1450.0,M0QI,,,Alex Michelsen,R,193.0,USA,19.562,73.0,776.0,7-6(5) 6-7(7) 6-4,3,R64,161.0,25.0,2.0,102.0,65.0,53.0,17.0,17.0,2.0,5.0,6.0,5.0,103.0,71.0,49.0,16.0,17.0,0.0,4.0
2024-403,Miami Masters,Hard,128,M,O,20240318,35,O483,,,Christopher O'Connell,R,183.0,AUS,29.791,66.0,833.0,TD51,21.0,,Frances Tiafoe,R,188.0,USA,26.157,22.0,1805.0,7-5 7-6(5),3,R64,114.0,17.0,0.0,74.0,58.0,44.0,10.0,12.0,4.0,5.0,11.0,4.0,77.0,44.0,35.0,16.0,12.0,1.0,3.0
2024-403,Miami Masters,Hard,128,M,O,20240318,36,D0DT,,WC,Martin Damm,L,203.0,USA,20.465,204.0,296.0,PL56,13.0,,Tommy Paul,R,185.0,USA,26.836,14.0,2430.0,4-6 2-1 RET,3,R64,68.0,10.0,2.0,42.0,30.0,21.0,7.0,7.0,2.0,3.0,1.0,2.0,44.0,26.0,17.0,12.0,6.0,5.0,5.0
2024-403,Miami Masters,Hard,128,M,O,20240318,37,SU55,,PR,Denis Shapovalov,L,185.0,CAN,24.925,126.0,505.0,TE51,10.0,,Stefanos Tsitsipas,R,193.0,GRE,25.599,11.0,3255.0,6-2 6-4,3,R64,103.0,3.0,3.0,47.0,28.0,25.0,12.0,9.0,0.0,0.0,8.0,2.0,99.0,64.0,39.0,15.0,9.0,15.0,18.0
2024-403,Miami Masters,Hard,128,M,O,20240318,38,A0FC,,,Matteo Arnaldi,R,185.0,ITA,23.066,38.0,1096.0,BK92,17.0,,Alexander Bublik,R,196.0,KAZ,26.752,18.0,2002.0,6-4 6-1,3,R64,79.0,6.0,2.0,62.0,36.0,27.0,13.0,9.0,4.0,5.0,5.0,5.0,59.0,35.0,24.0,7.0,8.0,4.0,8.0
2024-403,Miami Masters,Hard,128,M,O,20240318,39,MC10,,,Andy Murray,R,191.0,GBR,36.843,62.0,870.0,EA24,29.0,,Tomas Martin Etcheverry,R,196.0,ARG,24.668,30.0,1325.0,7-6(0) 6-3,3,R64,137.0,10.0,1.0,68.0,41.0,34.0,18.0,11.0,7.0,7.0,3.0,0.0,76.0,52.0,33.0,14.0,10.0,3.0,4.0
2024-403,Miami Masters,Hard,128,M,O,20240318,40,M0FH,,,Tomas Machac,R,183.0,CZE,23.428,60.0,891.0,RE44,5.0,,Andrey Rublev,R,188.0,RUS,26.409,6.0,4970.0,6-4 6-4,3,R64,66.0,1.0,2.0,56.0,37.0,32.0,10.0,10.0,2.0,2.0,7.0,0.0,52.0,33.0,23.0,13.0,10.0,2.0,4.0
2024-403,Miami Masters,Hard,128,M,O,20240318,41,MM58,3.0,,Daniil Medvedev,R,198.0,RUS,28.099,4.0,7765.0,F724,,,Marton Fucsovics,R,188.0,HUN,32.107,86.0,692.0,6-4 6-2,3,R64,79.0,5.0,3.0,55.0,37.0,30.0,10.0,9.0,2.0,2.0,6.0,0.0,47.0,33.0,24.0,4.0,9.0,0.0,3.0
2024-403,Miami Masters,Hard,128,M,O,20240318,42,N771,30.0,,Cameron Norrie,L,188.0,GBR,28.569,31.0,1250.0,C0E9,,,Flavio Cobolli,R,183.0,ITA,21.867,63.0,865.0,7-5 6-7(4) 6-2,3,R64,154.0,11.0,2.0,94.0,66.0,50.0,17.0,16.0,2.0,4.0,15.0,5.0,124.0,60.0,44.0,30.0,16.0,18.0,23.0
2024-403,Miami Masters,Hard,128,M,O,20240318,43,KE73,,,Dominik Koepfer,L,180.0,GER,29.886,50.0,1002.0,B0BI,18.0,,Sebastian Baez,R,170.0,ARG,23.22,19.0,1990.0,6-3 6-2,3,R64,67.0,5.0,3.0,47.0,28.0,21.0,13.0,9.0,0.0,1.0,1.0,3.0,44.0,32.0,20.0,3.0,8.0,2.0,6.0
2024-403,Miami Masters,Hard,128,M,O,20240318,44,HH26,14.0,,Ugo Humbert,L,188.0,FRA,25.728,15.0,2420.0,V812,,,Botic van de Zandschulp,R,191.0,NED,28.454,77.0,750.0,6-4 6-3,3,R64,86.0,3.0,4.0,63.0,44.0,37.0,6.0,10.0,2.0,3.0,7.0,2.0,54.0,35.0,23.0,8.0,9.0,3.0,6.0
2024-403,Miami Masters,Hard,128,M,O,20240318,45,SX91,,Q,Thiago Seyboth Wild,R,185.0,BRA,24.022,76.0,768.0,FB98,12.0,,Taylor Fritz,R,196.0,USA,26.387,13.0,2935.0,6-3 6-4,3,R64,71.0,8.0,3.0,50.0,24.0,23.0,18.0,10.0,1.0,1.0,2.0,0.0,54.0,29.0,22.0,13.0,9.0,3.0,5.0
2024-403,Miami Masters,Hard,128,M,O,20240318,46,J551,22.0,,Nicolas Jarry,R,201.0,CHI,28.435,23.0,1575.0,D0CO,,,Jack Draper,L,193.0,GBR,22.237,42.0,1071.0,7-6(5) 4-6 7-6(2),3,R64,215.0,18.0,6.0,115.0,76.0,60.0,15.0,17.0,4.0,8.0,20.0,7.0,128.0,77.0,58.0,22.0,17.0,8.0,11.0
2024-403,Miami Masters,Hard,128,M,O,20240318,47,DH50,27.0,,Alejandro Davidovich Fokina,R,180.0,ESP,24.786,28.0,1425.0,S0RE,,WC,Juncheng Shang,L,180.0,CHN,19.121,124.0,507.0,6-3 7-5,3,R64,104.0,2.0,0.0,67.0,43.0,33.0,16.0,11.0,4.0,4.0,2.0,2.0,69.0,45.0,29.0,12.0,10.0,1.0,3.0
2024-403,Miami Masters,Hard,128,M,O,20240318,48,RH16,7.0,,Casper Ruud,R,183.0,NOR,25.238,8.0,3560.0,V0DZ,,,Luca Van Assche,R,178.0,FRA,19.852,80.0,736.0,7-6(5) 1-6 6-1,3,R64,119.0,7.0,1.0,76.0,49.0,36.0,15.0,13.0,0.0,2.0,6.0,0.0,74.0,51.0,45.0,9.0,13.0,5.0,7.0
2024-403,Miami Masters,Hard,128,M,O,20240318,49,M0CI,,,Fabian Marozsan,R,193.0,HUN,24.444,57.0,929.0,R0DG,6.0,,Holger Rune,R,188.0,DEN,20.887,7.0,3875.0,6-1 6-1,3,R64,59.0,4.0,1.0,50.0,41.0,31.0,3.0,7.0,3.0,3.0,1.0,2.0,41.0,25.0,10.0,7.0,7.0,0.0,5.0
2024-403,Miami Masters,Hard,128,M,O,20240318,50,P09Z,,,Alexei Popyrin,R,196.0,AUS,24.619,45.0,1032.0,L0BV,26.0,,Jiri Lehecka,R,185.0,CZE,22.357,27.0,1435.0,6-4 6-4,3,R64,72.0,10.0,1.0,55.0,35.0,27.0,14.0,10.0,2.0,3.0,10.0,2.0,51.0,35.0,26.0,7.0,10.0,3.0,6.0
2024-403,Miami Masters,Hard,128,M,O,20240318,51,SL28,24.0,,Jan-Lennard Struff,R,193.0,GER,33.897,25.0,1484.0,AE14,,,Daniel Altmaier,R,188.0,GER,25.514,54.0,951.0,6-3 6-3,3,R64,80.0,4.0,2.0,52.0,32.0,25.0,12.0,9.0,4.0,5.0,8.0,4.0,66.0,45.0,26.0,9.0,9.0,5.0,9.0
2024-403,Miami Masters,Hard,128,M,O,20240318,52,DH58,9.0,,Alex de Minaur,R,183.0,AUS,25.081,10.0,3300.0,KF17,,PR,Soonwoo Kwon,R,180.0,KOR,26.292,863.0,20.0,6-3 6-2,3,R64,77.0,7.0,1.0,47.0,25.0,21.0,12.0,8.0,3.0,3.0,1.0,2.0,62.0,40.0,21.0,9.0,9.0,5.0,9.0
2024-403,Miami Masters,Hard,128,M,O,20240318,53,KE29,15.0,,Karen Khachanov,R,198.0,RUS,27.825,16.0,2265.0,DB63,,,Laslo Djere,R,188.0,SRB,28.794,35.0,1180.0,6-2 6-4,3,R64,87.0,6.0,1.0,47.0,32.0,27.0,8.0,9.0,3.0,4.0,5.0,4.0,70.0,44.0,27.0,10.0,9.0,15.0,19.0
2024-403,Miami Masters,Hard,128,M,O,20240318,54,C0AU,20.0,,Francisco Cerundolo,R,185.0,ARG,25.596,21.0,1845.0,O513,,,Sebastian Ofner,R,191.0,AUT,27.849,40.0,1076.0,7-6(2) 6-7(2) 6-1,3,R64,135.0,9.0,5.0,112.0,70.0,56.0,21.0,16.0,4.0,4.0,13.0,4.0,104.0,71.0,53.0,17.0,15.0,5.0,7.0
2024-403,Miami Masters,Hard,128,M,O,20240318,55,E865,31.0,,Christopher Eubanks,R,201.0,USA,27.869,32.0,1233.0,E687,,,Daniel Evans,R,175.0,GBR,33.821,43.0,1066.0,7-6(3) 3-6 7-6(7),3,R64,160.0,21.0,3.0,110.0,78.0,58.0,17.0,16.0,1.0,2.0,8.0,1.0,95.0,63.0,53.0,22.0,17.0,2.0,2.0
2024-403,Miami Masters,Hard,128,M,O,20240318,56,Z355,4.0,,Alexander Zverev,R,198.0,GER,26.91,5.0,5060.0,AG37,,,Felix Auger-Aliassime,R,193.0,CAN,23.608,36.0,1165.0,6-2 6-4,3,R64,76.0,2.0,0.0,38.0,28.0,26.0,10.0,9.0,0.0,0.0,7.0,0.0,49.0,35.0,25.0,5.0,9.0,4.0,7.0
2024-403,Miami Masters,Hard,128,M,O,20240318,57,HB71,8.0,,Hubert Hurkacz,R,196.0,POL,27.097,9.0,3370.0,S0H2,,,Alexander Shevchenko,R,188.0,KAZ,23.299,58.0,924.0,6-4 6-7(2) 6-3,3,R64,119.0,28.0,1.0,87.0,63.0,51.0,16.0,16.0,0.0,0.0,5.0,1.0,92.0,62.0,46.0,17.0,15.0,2.0,4.0
2024-403,Miami Masters,Hard,128,M,O,20240318,58,K0AH,28.0,,Sebastian Korda,R,196.0,USA,23.702,29.0,1395.0,BD06,,Q,Roberto Bautista Agut,R,183.0,ESP,35.926,100.0,614.0,6-7(2) 6-3 6-4,3,R64,136.0,21.0,2.0,92.0,65.0,53.0,13.0,16.0,4.0,5.0,4.0,0.0,95.0,70.0,47.0,14.0,15.0,2.0,5.0
2024-403,Miami Masters,Hard,128,M,O,20240318,59,H997,,,Yannick Hanfmann,R,193.0,GER,32.345,56.0,940.0,ME82,19.0,,Adrian Mannarino,L,180.0,FRA,35.718,20.0,1955.0,3-6 7-6(1) 6-4,3,R64,164.0,4.0,3.0,118.0,75.0,50.0,23.0,16.0,10.0,13.0,8.0,2.0,88.0,54.0,35.0,22.0,15.0,1.0,3.0
2024-403,Miami Masters,Hard,128,M,O,20240318,60,D875,11.0,,Grigor Dimitrov,R,191.0,BUL,32.841,12.0,2935.0,TE30,,,Alejandro Tabilo,L,188.0,CHI,26.793,44.0,1040.0,6-7(5) 7-6(5) 6-2,3,R64,146.0,23.0,4.0,97.0,67.0,59.0,17.0,16.0,3.0,3.0,18.0,4.0,113.0,87.0,65.0,15.0,16.0,7.0,9.0
2024-403,Miami Masters,Hard,128,M,O,20240318,61,S0S1,16.0,,Ben Shelton,L,193.0,USA,21.44,17.0,2220.0,L0IL,,WC,Martin Landaluce,R,193.0,ESP,18.19,360.0,137.0,6-3 6-4,3,R64,75.0,7.0,1.0,49.0,35.0,29.0,11.0,10.0,0.0,0.0,2.0,3.0,54.0,30.0,23.0,12.0,9.0,1.0,3.0
2024-403,Miami Masters,Hard,128,M,O,20240318,62,M0EJ,23.0,,Lorenzo Musetti,R,185.0,ITA,22.042,24.0,1520.0,SX50,,,Roman Safiullin,R,185.0,RUS,26.612,39.0,1085.0,7-5 6-1,3,R64,93.0,5.0,3.0,67.0,45.0,35.0,7.0,10.0,4.0,6.0,3.0,3.0,57.0,33.0,23.0,7.0,9.0,2.0,7.0
2024-403,Miami Masters,Hard,128,M,O,20240318,63,MC65,,,Gael Monfils,R,193.0,FRA,37.544,47.0,1027.0,TC61,33.0,,Jordan Thompson,R,183.0,AUS,29.911,34.0,1211.0,6-7(3) 6-1 6-2,3,R64,133.0,8.0,3.0,78.0,52.0,42.0,16.0,14.0,1.0,2.0,3.0,1.0,86.0,48.0,32.0,17.0,13.0,4.0,9.0
2024-403,Miami Masters,Hard,128,M,O,20240318,64,A0E2,1.0,,Carlos Alcaraz,R,183.0,ESP,20.871,2.0,8805.0,CF59,,,Roberto Carballes Baena,R,183.0,ESP,30.987,64.0,851.0,6-2 6-1,3,R64,85.0,3.0,1.0,48.0,34.0,27.0,5.0,7.0,3.0,3.0,0.0,3.0,53.0,33.0,19.0,6.0,8.0,4.0,9.0
2024-403,Miami Masters,Hard,128,M,O,20240318,65,S0AG,2.0,,Jannik Sinner,R,191.0,ITA,22.587,3.0,8310.0,GJ37,25.0,,Tallon Griekspoor,R,188.0,NED,27.71,26.0,1450.0,5-7 7-5 6-1,3,R32,143.0,15.0,1.0,75.0,51.0,46.0,16.0,16.0,1.0,2.0,11.0,0.0,112.0,80.0,53.0,15.0,15.0,6.0,9.0
2024-403,Miami Masters,Hard,128,M,O,20240318,66,O483,,,Christopher O'Connell,R,183.0,AUS,29.791,66.0,833.0,D0DT,,WC,Martin Damm,L,203.0,USA,20.465,204.0,296.0,7-6(5) 7-6(5),3,R32,130.0,13.0,1.0,91.0,59.0,48.0,16.0,12.0,9.0,10.0,18.0,1.0,74.0,49.0,40.0,13.0,12.0,0.0,1.0
2024-403,Miami Masters,Hard,128,M,O,20240318,67,A0FC,,,Matteo Arnaldi,R,185.0,ITA,23.066,38.0,1096.0,SU55,,PR,Denis Shapovalov,L,185.0,CAN,24.925,126.0,505.0,6-3 7-6(7),3,R32,99.0,5.0,2.0,73.0,44.0,32.0,18.0,11.0,3.0,4.0,5.0,0.0,59.0,35.0,28.0,12.0,10.0,0.0,2.0
2024-403,Miami Masters,Hard,128,M,O,20240318,68,M0FH,,,Tomas Machac,R,183.0,CZE,23.428,60.0,891.0,MC10,,,Andy Murray,R,191.0,GBR,36.843,62.0,870.0,5-7 7-5 7-6(5),3,R32,208.0,6.0,3.0,130.0,77.0,58.0,27.0,18.0,13.0,15.0,15.0,3.0,110.0,62.0,51.0,21.0,18.0,3.0,5.0
2024-403,Miami Masters,Hard,128,M,O,20240318,69,MM58,3.0,,Daniil Medvedev,R,198.0,RUS,28.099,4.0,7765.0,N771,30.0,,Cameron Norrie,L,188.0,GBR,28.569,31.0,1250.0,7-5 6-1,3,R32,81.0,6.0,4.0,55.0,32.0,23.0,12.0,9.0,1.0,3.0,4.0,2.0,64.0,40.0,22.0,10.0,10.0,5.0,11.0
2024-403,Miami Masters,Hard,128,M,O,20240318,70,KE73,,,Dominik Koepfer,L,180.0,GER,29.886,50.0,1002.0,HH26,14.0,,Ugo Humbert,L,188.0,FRA,25.728,15.0,2420.0,3-6 6-4 6-3,3,R32,134.0,3.0,2.0,88.0,54.0,40.0,17.0,14.0,8.0,10.0,7.0,2.0,94.0,75.0,48.0,9.0,14.0,6.0,9.0
2024-403,Miami Masters,Hard,128,M,O,20240318,71,J551,22.0,,Nicolas Jarry,R,201.0,CHI,28.435,23.0,1575.0,SX91,,Q,Thiago Seyboth Wild,R,185.0,BRA,24.022,76.0,768.0,6-7(1) 7-5 6-3,3,R32,179.0,13.0,1.0,93.0,67.0,59.0,13.0,17.0,0.0,0.0,14.0,3.0,104.0,70.0,51.0,19.0,16.0,6.0,8.0
2024-403,Miami Masters,Hard,128,M,O,20240318,72,RH16,7.0,,Casper Ruud,R,183.0,NOR,25.238,8.0,3560.0,DH50,27.0,,Alejandro Davidovich Fokina,R,180.0,ESP,24.786,28.0,1425.0,6-3 6-4,3,R32,96.0,5.0,0.0,77.0,55.0,39.0,11.0,10.0,7.0,7.0,3.0,0.0,54.0,37.0,29.0,7.0,9.0,1.0,3.0
2024-403,Miami Masters,Hard,128,M,O,20240318,73,M0CI,,,Fabian Marozsan,R,193.0,HUN,24.444,57.0,929.0,P09Z,,,Alexei Popyrin,R,196.0,AUS,24.619,45.0,1032.0,7-5 6-3,3,R32,92.0,3.0,1.0,71.0,58.0,40.0,7.0,11.0,7.0,8.0,5.0,1.0,64.0,40.0,27.0,12.0,10.0,4.0,7.0
2024-403,Miami Masters,Hard,128,M,O,20240318,74,DH58,9.0,,Alex de Minaur,R,183.0,AUS,25.081,10.0,3300.0,SL28,24.0,,Jan-Lennard Struff,R,193.0,GER,33.897,25.0,1484.0,7-6(3) 6-4,3,R32,109.0,7.0,0.0,77.0,37.0,28.0,26.0,11.0,1.0,1.0,8.0,3.0,80.0,49.0,33.0,17.0,11.0,5.0,6.0
2024-403,Miami Masters,Hard,128,M,O,20240318,75,KE29,15.0,,Karen Khachanov,R,198.0,RUS,27.825,16.0,2265.0,C0AU,20.0,,Francisco Cerundolo,R,185.0,ARG,25.596,21.0,1845.0,6-1 5-7 7-6(5),3,R32,168.0,6.0,1.0,95.0,57.0,42.0,21.0,15.0,3.0,5.0,9.0,1.0,107.0,71.0,42.0,24.0,16.0,4.0,8.0
2024-403,Miami Masters,Hard,128,M,O,20240318,76,Z355,4.0,,Alexander Zverev,R,198.0,GER,26.91,5.0,5060.0,E865,31.0,,Christopher Eubanks,R,201.0,USA,27.869,32.0,1233.0,7-6(4) 6-3,3,R32,104.0,8.0,0.0,74.0,58.0,40.0,13.0,11.0,4.0,5.0,7.0,2.0,62.0,46.0,32.0,8.0,10.0,0.0,2.0
2024-403,Miami Masters,Hard,128,M,O,20240318,77,HB71,8.0,,Hubert Hurkacz,R,196.0,POL,27.097,9.0,3370.0,K0AH,28.0,,Sebastian Korda,R,196.0,USA,23.702,29.0,1395.0,7-6(5) 6-7(5) 6-3,3,R32,135.0,15.0,1.0,100.0,69.0,59.0,22.0,17.0,2.0,2.0,11.0,0.0,102.0,70.0,59.0,17.0,16.0,1.0,2.0
2024-403,Miami Masters,Hard,128,M,O,20240318,78,D875,11.0,,Grigor Dimitrov,R,191.0,BUL,32.841,12.0,2935.0,H997,,,Yannick Hanfmann,R,193.0,GER,32.345,56.0,940.0,6-1 6-0,3,R32,46.0,2.0,1.0,32.0,23.0,21.0,7.0,7.0,0.0,0.0,2.0,3.0,34.0,20.0,11.0,2.0,6.0,4.0,9.0
2024-403,Miami Masters,Hard,128,M,O,20240318,79,M0EJ,23.0,,Lorenzo Musetti,R,185.0,ITA,22.042,24.0,1520.0,S0S1,16.0,,Ben Shelton,L,193.0,USA,21.44,17.0,2220.0,6-4 7-6(5),3,R32,112.0,1.0,0.0,63.0,40.0,33.0,16.0,11.0,0.0,1.0,4.0,5.0,83.0,58.0,39.0,12.0,11.0,6.0,8.0
2024-403,Miami Masters,Hard,128,M,O,20240318,80,A0E2,1.0,,Carlos Alcaraz,R,183.0,ESP,20.871,2.0,8805.0,MC65,,,Gael Monfils,R,193.0,FRA,37.544,47.0,1027.0,6-2 6-4,3,R32,74.0,1.0,0.0,47.0,38.0,29.0,4.0,9.0,1.0,2.0,2.0,6.0,47.0,30.0,20.0,3.0,9.0,2.0,6.0
2024-403,Miami Masters,Hard,128,M,O,20240318,81,S0AG,2.0,,Jannik Sinner,R,191.0,ITA,22.587,3.0,8310.0,O483,,,Christopher O'Connell,R,183.0,AUS,29.791,66.0,833.0,6-4 6-3,3,R16,111.0,2.0,2.0,54.0,33.0,25.0,15.0,10.0,3.0,4.0,5.0,1.0,71.0,40.0,26.0,13.0,9.0,3.0,6.0
2024-403,Miami Masters,Hard,128,M,O,20240318,82,M0FH,,,Tomas Machac,R,183.0,CZE,23.428,60.0,891.0,A0FC,,,Matteo Arnaldi,R,185.0,ITA,23.066,38.0,1096.0,6-3 6-3,3,R16,80.0,1.0,1.0,60.0,38.0,27.0,14.0,9.0,0.0,0.0,4.0,2.0,48.0,31.0,22.0,7.0,9.0,0.0,3.0
2024-403,Miami Masters,Hard,128,M,O,20240318,83,MM58,3.0,,Daniil Medvedev,R,198.0,RUS,28.099,4.0,7765.0,KE73,,,Dominik Koepfer,L,180.0,GER,29.886,50.0,1002.0,7-6(5) 6-0,3,R16,89.0,7.0,1.0,56.0,40.0,28.0,9.0,9.0,0.0,1.0,5.0,2.0,69.0,54.0,32.0,4.0,9.0,5.0,9.0
2024-403,Miami Masters,Hard,128,M,O,20240318,84,J551,22.0,,Nicolas Jarry,R,201.0,CHI,28.435,23.0,1575.0,RH16,7.0,,Casper Ruud,R,183.0,NOR,25.238,8.0,3560.0,7-6(3) 6-3,3,R16,110.0,8.0,1.0,65.0,41.0,36.0,15.0,11.0,1.0,2.0,7.0,1.0,67.0,47.0,33.0,10.0,10.0,4.0,6.0
2024-403,Miami Masters,Hard,128,M,O,20240318,85,M0CI,,,Fabian Marozsan,R,193.0,HUN,24.444,57.0,929.0,DH58,9.0,,Alex de Minaur,R,183.0,AUS,25.081,10.0,3300.0,6-4 0-6 6-1,3,R16,103.0,3.0,2.0,80.0,59.0,37.0,12.0,12.0,2.0,5.0,4.0,2.0,62.0,37.0,24.0,16.0,11.0,4.0,7.0
2024-403,Miami Masters,Hard,128,M,O,20240318,86,Z355,4.0,,Alexander Zverev,R,198.0,GER,26.91,5.0,5060.0,KE29,15.0,,Karen Khachanov,R,198.0,RUS,27.825,16.0,2265.0,6-1 6-4,3,R16,69.0,9.0,0.0,45.0,33.0,26.0,10.0,9.0,0.0,0.0,5.0,0.0,41.0,26.0,17.0,6.0,8.0,1.0,4.0
2024-403,Miami Masters,Hard,128,M,O,20240318,87,D875,11.0,,Grigor Dimitrov,R,191.0,BUL,32.841,12.0,2935.0,HB71,8.0,,Hubert Hurkacz,R,196.0,POL,27.097,9.0,3370.0,3-6 6-3 7-6(3),3,R16,162.0,9.0,2.0,104.0,72.0,50.0,21.0,15.0,4.0,5.0,8.0,2.0,110.0,64.0,49.0,23.0,15.0,4.0,5.0
2024-403,Miami Masters,Hard,128,M,O,20240318,88,A0E2,1.0,,Carlos Alcaraz,R,183.0,ESP,20.871,2.0,8805.0,M0EJ,23.0,,Lorenzo Musetti,R,185.0,ITA,22.042,24.0,1520.0,6-3 6-3,3,R16,86.0,3.0,1.0,55.0,35.0,26.0,11.0,9.0,2.0,3.0,1.0,0.0,59.0,40.0,25.0,7.0,9.0,7.0,11.0
2024-403,Miami Masters,Hard,128,M,O,20240318,89,S0AG,2.0,,Jannik Sinner,R,191.0,ITA,22.587,3.0,8310.0,M0FH,,,Tomas Machac,R,183.0,CZE,23.428,60.0,891.0,6-4 6-2,3,QF,91.0,3.0,2.0,50.0,30.0,23.0,13.0,9.0,0.0,1.0,2.0,3.0,72.0,38.0,24.0,14.0,9.0,7.0,11.0
2024-403,Miami Masters,Hard,128,M,O,20240318,90,MM58,3.0,,Daniil Medvedev,R,198.0,RUS,28.099,4.0,7765.0,J551,22.0,,Nicolas Jarry,R,201.0,CHI,28.435,23.0,1575.0,6-2 7-6(7),3,QF,101.0,6.0,3.0,64.0,45.0,36.0,11.0,10.0,1.0,1.0,8.0,1.0,63.0,38.0,30.0,10.0,10.0,2.0,4.0
2024-403,Miami Masters,Hard,128,M,O,20240318,91,Z355,4.0,,Alexander Zverev,R,198.0,GER,26.91,5.0,5060.0,M0CI,,,Fabian Marozsan,R,193.0,HUN,24.444,57.0,929.0,6-3 7-5,3,QF,97.0,6.0,0.0,62.0,46.0,37.0,7.0,10.0,2.0,2.0,8.0,1.0,73.0,48.0,33.0,12.0,11.0,4.0,7.0
2024-403,Miami Masters,Hard,128,M,O,20240318,92,D875,11.0,,Grigor Dimitrov,R,191.0,BUL,32.841,12.0,2935.0,A0E2,1.0,,Carlos Alcaraz,R,183.0,ESP,20.871,2.0,8805.0,6-2 6-4,3,QF,92.0,4.0,0.0,56.0,35.0,27.0,10.0,9.0,4.0,5.0,4.0,3.0,59.0,34.0,19.0,13.0,9.0,4.0,8.0
2024-403,Miami Masters,Hard,128,M,O,20240318,93,S0AG,2.0,,Jannik Sinner,R,191.0,ITA,22.587,3.0,8310.0,MM58,3.0,,Daniil Medvedev,R,198.0,RUS,28.099,4.0,7765.0,6-1 6-2,3,SF,69.0,7.0,1.0,47.0,30.0,24.0,10.0,8.0,3.0,3.0,3.0,2.0,50.0,32.0,17.0,7.0,7.0,5.0,9.0
2024-403,Miami Masters,Hard,128,M,O,20240318,94,D875,11.0,,Grigor Dimitrov,R,191.0,BUL,32.841,12.0,2935.0,Z355,4.0,,Alexander Zverev,R,198.0,GER,26.91,5.0,5060.0,6-4 6-7(4) 6-4,3,SF,157.0,18.0,2.0,96.0,65.0,51.0,20.0,16.0,2.0,2.0,14.0,1.0,92.0,69.0,54.0,10.0,16.0,0.0,2.0
2024-403,Miami Masters,Hard,128,M,O,20240318,95,S0AG,2.0,,Jannik Sinner,R,191.0,ITA,22.587,3.0,8310.0,D875,11.0,,Grigor Dimitrov,R,191.0,BUL,32.841,12.0,2935.0,6-3 6-1,3,F,73.0,4.0,1.0,43.0,24.0,21.0,12.0,8.0,1.0,1.0,6.0,1.0,50.0,32.0,19.0,9.0,8.0,4.0,8.0
2024-7290,Estoril,Clay,32,250,O,20240401,1,CH12,,Q,Jan Choinski,R,196.0,GBR,27.808,188.0,325.0,F0FV,,WC,Joao Fonseca,R,188.0,BRA,17.613,288.0,193.0,6-2 6-7(5) 6-4,3,R32,145.0,3.0,1.0,103.0,77.0,54.0,12.0,15.0,11.0,13.0,3.0,7.0,93.0,60.0,42.0,12.0,15.0,3.0,8.0
2024-7290,Estoril,Clay,32,250,O,20240401,2,J476,,LL,David Jorda Sanchis,R,198.0,ESP,29.799,329.0,159.0,F0F2,,Q,Jaime Faria,R,188.0,POR,20.654,262.0,217.0,7-6(4) 6-1,3,R32,105.0,8.0,3.0,81.0,50.0,35.0,15.0,9.0,5.0,6.0,1.0,1.0,64.0,41.0,27.0,10.0,10.0,3.0,7.0
2024-7290,Estoril,Clay,32,250,O,20240401,3,L0CX,,Q,Pablo Llamas Ruiz,R,188.0,ESP,21.467,152.0,421.0,KE73,8.0,,Dominik Koepfer,L,180.0,GER,29.925,52.0,972.0,6-4 6-3,3,R32,97.0,1.0,0.0,69.0,41.0,26.0,16.0,10.0,6.0,8.0,1.0,5.0,63.0,32.0,21.0,13.0,9.0,7.0,11.0
2024-7290,Estoril,Clay,32,250,O,20240401,4,BT72,,,Nuno Borges,R,185.0,POR,27.113,62.0,871.0,PF39,,Q,Lucas Pouille,R,185.0,FRA,30.103,241.0,252.0,0-6 7-6(6) 6-3,3,R32,141.0,3.0,2.0,76.0,48.0,32.0,14.0,13.0,1.0,6.0,5.0,1.0,108.0,51.0,34.0,28.0,14.0,3.0,7.0
2024-7290,Estoril,Clay,32,250,O,20240401,5,GD64,,,Cristian Garin,R,185.0,CHI,27.838,112.0,543.0,R09X,,,Jurij Rodionov,L,191.0,AUT,24.879,119.0,515.0,7-6(3) 7-5,3,R32,140.0,3.0,5.0,95.0,61.0,47.0,11.0,12.0,10.0,12.0,1.0,0.0,79.0,49.0,35.0,12.0,12.0,2.0,5.0
2024-7290,Estoril,Clay,32,250,O,20240401,6,F0F1,5.0,,Arthur Fils,R,185.0,FRA,19.803,37.0,1130.0,SH90,,WC,Joao Sousa,R,185.0,POR,35.006,272.0,209.0,7-5 6-4,3,R32,110.0,7.0,3.0,75.0,48.0,36.0,13.0,11.0,3.0,4.0,2.0,2.0,80.0,45.0,29.0,18.0,11.0,3.0,6.0
2024-7290,Estoril,Clay,32,250,O,20240401,7,BD06,,,Roberto Bautista Agut,R,183.0,ESP,35.964,93.0,654.0,KI95,6.0,,Miomir Kecmanovic,R,183.0,SRB,24.586,50.0,995.0,6-1 7-5,3,R32,84.0,4.0,0.0,57.0,37.0,30.0,12.0,10.0,2.0,2.0,2.0,1.0,49.0,29.0,19.0,11.0,9.0,0.0,3.0
2024-7290,Estoril,Clay,32,250,O,20240401,8,MO44,,,Pedro Martinez,R,185.0,ESP,26.932,77.0,741.0,AE14,,,Daniel Altmaier,R,188.0,GER,25.552,54.0,955.0,6-4 6-2,3,R32,100.0,0.0,2.0,56.0,32.0,25.0,15.0,9.0,7.0,7.0,5.0,3.0,71.0,43.0,29.0,10.0,9.0,5.0,8.0
2024-7290,Estoril,Clay,32,250,O,20240401,9,TB69,,,Dominic Thiem,R,185.0,AUT,30.576,91.0,655.0,MN13,,,Maximilian Marterer,L,188.0,GER,28.797,97.0,616.0,6-1 6-7(3) 6-4,3,R32,134.0,6.0,3.0,85.0,52.0,38.0,16.0,14.0,4.0,6.0,3.0,7.0,95.0,59.0,35.0,16.0,15.0,6.0,12.0
2024-7290,Estoril,Clay,32,250,O,20240401,10,MC65,7.0,,Gael Monfils,R,193.0,FRA,37.582,45.0,1067.0,R0GO,,WC,Henrique Rocha,R,180.0,POR,19.986,197.0,306.0,7-5 7-5,3,R32,102.0,3.0,1.0,65.0,36.0,27.0,17.0,12.0,1.0,3.0,3.0,4.0,75.0,34.0,22.0,23.0,12.0,4.0,8.0
2024-7290,Estoril,Clay,32,250,O,20240401,11,F724,,,Marton Fucsovics,R,188.0,HUN,32.145,85.0,697.0,CG04,,,Pedro Cachin,R,185.0,ARG,28.972,78.0,733.0,7-5 6-2,3,R32,89.0,4.0,2.0,50.0,28.0,22.0,17.0,10.0,0.0,1.0,3.0,7.0,66.0,32.0,21.0,14.0,10.0,6.0,10.0
2024-7290,Estoril,Clay,32,250,O,20240401,12,V812,,,Botic van de Zandschulp,R,191.0,NED,28.493,87.0,690.0,CE77,,,Federico Coria,R,180.0,ARG,32.063,88.0,687.0,6-4 4-6 6-1,3,R32,141.0,1.0,5.0,102.0,65.0,42.0,17.0,14.0,4.0,8.0,2.0,0.0,81.0,52.0,25.0,16.0,13.0,8.0,14.0
2024-7290,Estoril,Clay,32,250,O,20240401,13,HB71,2.0,,Hubert Hurkacz,R,196.0,POL,27.135,10.0,3425.0,CH12,,Q,Jan Choinski,R,196.0,GBR,27.808,188.0,325.0,7-6(5) 6-4,3,R16,107.0,12.0,1.0,71.0,49.0,34.0,15.0,11.0,3.0,4.0,1.0,1.0,77.0,46.0,31.0,16.0,11.0,5.0,7.0
2024-7290,Estoril,Clay,32,250,O,20240401,14,L0CX,,Q,Pablo Llamas Ruiz,R,188.0,ESP,21.467,152.0,421.0,J476,,LL,David Jorda Sanchis,R,198.0,ESP,29.799,329.0,159.0,7-6(2) 6-4,3,R16,130.0,1.0,0.0,71.0,56.0,39.0,9.0,11.0,5.0,7.0,9.0,0.0,102.0,64.0,39.0,18.0,11.0,9.0,12.0
2024-7290,Estoril,Clay,32,250,O,20240401,15,BT72,,,Nuno Borges,R,185.0,POR,27.113,62.0,871.0,M0EJ,3.0,,Lorenzo Musetti,R,185.0,ITA,22.081,24.0,1610.0,7-6(4) 6-3,3,R16,96.0,1.0,1.0,71.0,48.0,35.0,15.0,11.0,3.0,4.0,2.0,0.0,59.0,41.0,31.0,9.0,10.0,3.0,5.0
2024-7290,Estoril,Clay,32,250,O,20240401,16,GD64,,,Cristian Garin,R,185.0,CHI,27.838,112.0,543.0,F0F1,5.0,,Arthur Fils,R,185.0,FRA,19.803,37.0,1130.0,2-6 6-4 6-4,3,R16,132.0,1.0,3.0,88.0,60.0,37.0,14.0,14.0,3.0,7.0,3.0,4.0,85.0,47.0,29.0,23.0,14.0,3.0,7.0
2024-7290,Estoril,Clay,32,250,O,20240401,17,MO44,,,Pedro Martinez,R,185.0,ESP,26.932,77.0,741.0,BD06,,,Roberto Bautista Agut,R,183.0,ESP,35.964,93.0,654.0,7-5 6-4,3,R16,119.0,3.0,1.0,74.0,59.0,31.0,8.0,11.0,4.0,9.0,1.0,1.0,61.0,40.0,19.0,10.0,11.0,5.0,12.0
2024-7290,Estoril,Clay,32,250,O,20240401,18,G628,,LL,Richard Gasquet,R,183.0,FRA,37.788,122.0,508.0,TB69,,,Dominic Thiem,R,185.0,AUT,30.576,91.0,655.0,6-4 7-6(6),3,R16,121.0,3.0,1.0,61.0,32.0,23.0,21.0,11.0,0.0,1.0,4.0,4.0,91.0,52.0,34.0,20.0,11.0,6.0,8.0
2024-7290,Estoril,Clay,32,250,O,20240401,19,F724,,,Marton Fucsovics,R,188.0,HUN,32.145,85.0,697.0,MC65,7.0,,Gael Monfils,R,193.0,FRA,37.582,45.0,1067.0,1-6 6-1 7-5,3,R16,123.0,3.0,4.0,86.0,56.0,37.0,16.0,13.0,4.0,7.0,2.0,2.0,76.0,44.0,27.0,17.0,13.0,2.0,6.0
2024-7290,Estoril,Clay,32,250,O,20240401,20,RH16,1.0,,Casper Ruud,R,183.0,NOR,25.276,8.0,3615.0,V812,,,Botic van de Zandschulp,R,191.0,NED,28.493,87.0,690.0,6-1 6-2,3,R16,76.0,3.0,0.0,55.0,41.0,30.0,7.0,8.0,2.0,2.0,1.0,5.0,54.0,31.0,18.0,8.0,7.0,2.0,6.0
2024-7290,Estoril,Clay,32,250,O,20240401,21,HB71,2.0,,Hubert Hurkacz,R,196.0,POL,27.135,10.0,3425.0,L0CX,,Q,Pablo Llamas Ruiz,R,188.0,ESP,21.467,152.0,421.0,7-6(4) 6-4,3,QF,105.0,4.0,1.0,74.0,49.0,36.0,16.0,11.0,8.0,8.0,1.0,1.0,74.0,49.0,33.0,15.0,11.0,1.0,2.0
2024-7290,Estoril,Clay,32,250,O,20240401,22,GD64,,,Cristian Garin,R,185.0,CHI,27.838,112.0,543.0,BT72,,,Nuno Borges,R,185.0,POR,27.113,62.0,871.0,6-2 7-6(3),3,QF,130.0,3.0,4.0,98.0,62.0,43.0,18.0,10.0,6.0,6.0,2.0,5.0,73.0,47.0,32.0,12.0,10.0,6.0,8.0
2024-7290,Estoril,Clay,32,250,O,20240401,23,MO44,,,Pedro Martinez,R,185.0,ESP,26.932,77.0,741.0,G628,,LL,Richard Gasquet,R,183.0,FRA,37.788,122.0,508.0,6-4 6-4,3,QF,105.0,0.0,4.0,57.0,39.0,28.0,9.0,10.0,1.0,3.0,2.0,3.0,72.0,41.0,25.0,13.0,10.0,5.0,9.0
2024-7290,Estoril,Clay,32,250,O,20240401,24,RH16,1.0,,Casper Ruud,R,183.0,NOR,25.276,8.0,3615.0,F724,,,Marton Fucsovics,R,188.0,HUN,32.145,85.0,697.0,6-3 6-2,3,QF,72.0,1.0,1.0,47.0,34.0,28.0,9.0,9.0,1.0,1.0,1.0,0.0,50.0,35.0,21.0,7.0,8.0,2.0,5.0
2024-7290,Estoril,Clay,32,250,O,20240401,25,HB71,2.0,,Hubert Hurkacz,R,196.0,POL,27.135,10.0,3425.0,GD64,,,Cristian Garin,R,185.0,CHI,27.838,112.0,543.0,6-3 3-6 6-3,3,SF,118.0,4.0,1.0,84.0,52.0,39.0,16.0,14.0,5.0,7.0,5.0,1.0,87.0,64.0,43.0,10.0,13.0,6.0,9.0
2024-7290,Estoril,Clay,32,250,O,20240401,26,MO44,,,Pedro Martinez,R,185.0,ESP,26.932,77.0,741.0,RH16,1.0,,Casper Ruud,R,183.0,NOR,25.276,8.0,3615.0,6-4 4-6 6-4,3,SF,187.0,2.0,4.0,101.0,74.0,47.0,16.0,15.0,9.0,12.0,8.0,6.0,108.0,59.0,44.0,20.0,15.0,6.0,10.0
2024-7290,Estoril,Clay,32,250,O,20240401,27,HB71,2.0,,Hubert Hurkacz,R,196.0,POL,27.135,10.0,3425.0,MO44,,,Pedro Martinez,R,185.0,ESP,26.932,77.0,741.0,6-3 6-4,3,F,86.0,15.0,0.0,51.0,35.0,29.0,11.0,10.0,0.0,0.0,0.0,3.0,68.0,47.0,31.0,8.0,9.0,3.0,5.0
2024-717,Houston,Clay,32,250,O,20240401,1,D0FJ,,,Luciano Darderi,R,183.0,ITA,22.127,72.0,781.0,KB09,,WC,Denis Kudla,R,180.0,USA,31.622,160.0,409.0,3-6 7-6(3) 6-2,3,R32,137.0,8.0,3.0,89.0,55.0,42.0,18.0,15.0,9.0,12.0,7.0,5.0,89.0,50.0,35.0,19.0,14.0,5.0,8.0
2024-717,Houston,Clay,32,250,O,20240401,2,W09G,,,J.J. Wolf,R,183.0,USA,25.279,96.0,625.0,RC04,,Q,Alexander Ritschard,R,193.0,SUI,30.023,194.0,309.0,6-3 2-6 6-4,3,R32,118.0,7.0,0.0,72.0,48.0,35.0,15.0,14.0,2.0,5.0,4.0,7.0,78.0,53.0,40.0,10.0,13.0,6.0,9.0
2024-717,Houston,Clay,32,250,O,20240401,3,GC88,7.0,,Marcos Giron,R,180.0,USA,30.689,51.0,990.0,SU55,,WC,Denis Shapovalov,L,185.0,CAN,24.964,121.0,510.0,6-2 7-5,3,R32,68.0,3.0,2.0,56.0,36.0,28.0,13.0,10.0,1.0,1.0,3.0,8.0,56.0,28.0,21.0,12.0,10.0,3.0,6.0
2024-717,Houston,Clay,32,250,O,20240401,4,D994,,,James Duckworth,R,183.0,AUS,32.194,105.0,565.0,BO10,,Q,Gijs Brouwer,L,191.0,NED,28.049,199.0,300.0,6-3 6-3,3,R32,87.0,8.0,1.0,76.0,43.0,32.0,14.0,9.0,11.0,12.0,5.0,4.0,64.0,44.0,29.0,6.0,9.0,7.0,11.0
2024-717,Houston,Clay,32,250,O,20240401,5,K0AZ,,,Aleksandar Kovacevic,R,183.0,USA,25.591,98.0,613.0,KD46,,,Thanasi Kokkinakis,R,193.0,AUS,27.975,104.0,584.0,7-6(3) 6-7(2) 6-4,3,R32,195.0,14.0,3.0,106.0,70.0,56.0,19.0,17.0,5.0,6.0,10.0,3.0,121.0,74.0,55.0,23.0,17.0,6.0,8.0
2024-717,Houston,Clay,32,250,O,20240401,6,TC61,6.0,,Jordan Thompson,R,183.0,AUS,29.949,33.0,1195.0,WB32,,Q,Yibing Wu,R,183.0,CHN,24.465,298.0,185.0,6-4 6-4,3,R32,109.0,6.0,2.0,76.0,49.0,37.0,13.0,10.0,6.0,6.0,3.0,3.0,59.0,35.0,23.0,14.0,10.0,6.0,8.0
2024-717,Houston,Clay,32,250,O,20240401,7,PH71,8.0,,Max Purcell,R,185.0,AUS,25.996,79.0,726.0,M0QI,,,Alex Michelsen,R,193.0,USA,19.6,70.0,790.0,7-5 6-7(4) 6-4,3,R32,168.0,8.0,3.0,105.0,44.0,34.0,37.0,17.0,5.0,7.0,13.0,5.0,119.0,82.0,54.0,20.0,17.0,10.0,14.0
2024-717,Houston,Clay,32,250,O,20240401,8,MP01,,WC,Michael Mmoh,R,188.0,USA,26.223,123.0,507.0,V836,,,Juan Pablo Varillas,R,185.0,PER,28.487,101.0,596.0,6-2 7-6(4),3,R32,120.0,10.0,2.0,73.0,52.0,38.0,9.0,10.0,2.0,3.0,1.0,1.0,72.0,42.0,26.0,13.0,10.0,7.0,10.0
2024-717,Houston,Clay,32,250,O,20240401,9,GE33,,,Daniel Elahi Galan,R,191.0,COL,27.786,83.0,711.0,PD31,,,Benoit Paire,R,196.0,FRA,34.899,142.0,460.0,7-6(13) 6-4,3,R32,113.0,7.0,2.0,90.0,60.0,42.0,13.0,11.0,6.0,8.0,8.0,9.0,90.0,53.0,38.0,15.0,11.0,11.0,14.0
2024-717,Houston,Clay,32,250,O,20240401,10,H0BH,,,Rinky Hijikata,R,178.0,AUS,23.102,80.0,723.0,E865,5.0,,Christopher Eubanks,R,201.0,USA,27.907,41.0,1087.0,7-6(4) 7-6(2),3,R32,110.0,7.0,2.0,77.0,52.0,41.0,15.0,12.0,1.0,2.0,8.0,2.0,76.0,52.0,39.0,13.0,12.0,2.0,3.0
2024-717,Houston,Clay,32,250,O,20240401,11,N0AE,,,Brandon Nakashima,R,188.0,USA,22.661,92.0,655.0,A0CJ,,,Duje Ajdukovic,R,188.0,CRO,23.151,115.0,528.0,6-1 6-4,3,R32,79.0,4.0,1.0,50.0,29.0,23.0,14.0,9.0,2.0,2.0,1.0,1.0,47.0,25.0,15.0,13.0,8.0,2.0,5.0
2024-717,Houston,Clay,32,250,O,20240401,12,BU13,,,Zizou Bergs,R,185.0,BEL,24.83,111.0,545.0,K0A3,,Q,Patrick Kypson,R,188.0,USA,24.427,133.0,472.0,7-6(5) 6-3,3,R32,113.0,12.0,2.0,71.0,47.0,37.0,16.0,11.0,4.0,4.0,5.0,3.0,64.0,32.0,25.0,16.0,10.0,0.0,1.0
2024-717,Houston,Clay,32,250,O,20240401,13,D0FJ,,,Luciano Darderi,R,183.0,ITA,22.127,72.0,781.0,C0AU,2.0,,Francisco Cerundolo,R,185.0,ARG,25.634,23.0,1715.0,6-4 2-6 7-6(4),3,R16,150.0,3.0,0.0,95.0,58.0,39.0,22.0,15.0,5.0,9.0,4.0,4.0,110.0,68.0,45.0,21.0,15.0,5.0,8.0
2024-717,Houston,Clay,32,250,O,20240401,14,GC88,7.0,,Marcos Giron,R,180.0,USA,30.689,51.0,990.0,W09G,,,J.J. Wolf,R,183.0,USA,25.279,96.0,625.0,6-4 6-3,3,R16,103.0,9.0,0.0,70.0,41.0,27.0,18.0,10.0,6.0,7.0,3.0,4.0,72.0,40.0,25.0,15.0,9.0,8.0,11.0
2024-717,Houston,Clay,32,250,O,20240401,15,TD51,3.0,,Frances Tiafoe,R,188.0,USA,26.196,21.0,1770.0,D994,,,James Duckworth,R,183.0,AUS,32.194,105.0,565.0,6-2 6-7(4) 7-5,3,R16,134.0,15.0,1.0,88.0,50.0,42.0,25.0,16.0,0.0,0.0,11.0,4.0,101.0,63.0,47.0,21.0,16.0,2.0,5.0
2024-717,Houston,Clay,32,250,O,20240401,16,TC61,6.0,,Jordan Thompson,R,183.0,AUS,29.949,33.0,1195.0,K0AZ,,,Aleksandar Kovacevic,R,183.0,USA,25.591,98.0,613.0,4-6 7-6(1) 7-6(7),3,R16,214.0,3.0,3.0,133.0,84.0,60.0,25.0,17.0,10.0,13.0,9.0,1.0,108.0,67.0,53.0,19.0,17.0,4.0,6.0
2024-717,Houston,Clay,32,250,O,20240401,17,MP01,,WC,Michael Mmoh,R,188.0,USA,26.223,123.0,507.0,PH71,8.0,,Max Purcell,R,185.0,AUS,25.996,79.0,726.0,6-2 7-5,3,R16,94.0,7.0,0.0,55.0,39.0,32.0,10.0,10.0,1.0,1.0,5.0,4.0,65.0,31.0,22.0,16.0,10.0,3.0,6.0
2024-717,Houston,Clay,32,250,O,20240401,18,EA24,4.0,,Tomas Martin Etcheverry,R,196.0,ARG,24.706,30.0,1310.0,GE33,,,Daniel Elahi Galan,R,191.0,COL,27.786,83.0,711.0,6-4 6-4,3,R16,112.0,2.0,3.0,63.0,41.0,30.0,9.0,10.0,4.0,6.0,3.0,1.0,59.0,39.0,21.0,12.0,10.0,2.0,6.0
2024-717,Houston,Clay,32,250,O,20240401,19,N0AE,,,Brandon Nakashima,R,188.0,USA,22.661,92.0,655.0,H0BH,,,Rinky Hijikata,R,178.0,AUS,23.102,80.0,723.0,6-1 6-4,3,R16,68.0,7.0,2.0,44.0,31.0,29.0,9.0,9.0,0.0,0.0,2.0,5.0,49.0,23.0,17.0,11.0,8.0,4.0,7.0
2024-717,Houston,Clay,32,250,O,20240401,20,S0S1,1.0,,Ben Shelton,L,193.0,USA,21.478,16.0,2260.0,BU13,,,Zizou Bergs,R,185.0,BEL,24.83,111.0,545.0,3-6 6-4 6-3,3,R16,145.0,3.0,4.0,84.0,57.0,43.0,13.0,14.0,7.0,9.0,5.0,6.0,100.0,63.0,43.0,17.0,14.0,13.0,16.0
2024-717,Houston,Clay,32,250,O,20240401,21,D0FJ,,,Luciano Darderi,R,183.0,ITA,22.127,72.0,781.0,GC88,7.0,,Marcos Giron,R,180.0,USA,30.689,51.0,990.0,6-0 6-4,3,QF,86.0,5.0,1.0,48.0,26.0,21.0,15.0,8.0,1.0,1.0,3.0,1.0,75.0,41.0,27.0,11.0,8.0,9.0,13.0
2024-717,Houston,Clay,32,250,O,20240401,22,TD51,3.0,,Frances Tiafoe,R,188.0,USA,26.196,21.0,1770.0,TC61,6.0,,Jordan Thompson,R,183.0,AUS,29.949,33.0,1195.0,7-6(8) 6-4,3,QF,119.0,3.0,1.0,77.0,46.0,31.0,21.0,11.0,4.0,5.0,4.0,0.0,72.0,50.0,32.0,16.0,11.0,5.0,7.0
2024-717,Houston,Clay,32,250,O,20240401,23,EA24,4.0,,Tomas Martin Etcheverry,R,196.0,ARG,24.706,30.0,1310.0,MP01,,WC,Michael Mmoh,R,188.0,USA,26.223,123.0,507.0,6-3 0-1 RET,3,QF,52.0,5.0,0.0,25.0,17.0,16.0,5.0,5.0,0.0,0.0,2.0,1.0,30.0,19.0,12.0,8.0,5.0,2.0,3.0
2024-717,Houston,Clay,32,250,O,20240401,24,S0S1,1.0,,Ben Shelton,L,193.0,USA,21.478,16.0,2260.0,N0AE,,,Brandon Nakashima,R,188.0,USA,22.661,92.0,655.0,7-5 7-6(9),3,QF,133.0,6.0,2.0,94.0,70.0,52.0,15.0,12.0,7.0,7.0,8.0,3.0,89.0,69.0,51.0,10.0,12.0,5.0,6.0
2024-717,Houston,Clay,32,250,O,20240401,25,TD51,3.0,,Frances Tiafoe,R,188.0,USA,26.196,21.0,1770.0,D0FJ,,,Luciano Darderi,R,183.0,ITA,22.127,72.0,781.0,6-2 7-6(2),3,SF,94.0,9.0,1.0,64.0,46.0,38.0,9.0,10.0,2.0,2.0,6.0,2.0,70.0,43.0,29.0,12.0,10.0,4.0,6.0
2024-717,Houston,Clay,32,250,O,20240401,26,S0S1,1.0,,Ben Shelton,L,193.0,USA,21.478,16.0,2260.0,EA24,4.0,,Tomas Martin Etcheverry,R,196.0,ARG,24.706,30.0,1310.0,6-7(4) 6-4 6-4,3,SF,149.0,7.0,2.0,83.0,57.0,48.0,16.0,16.0,2.0,3.0,6.0,0.0,97.0,65.0,44.0,19.0,16.0,1.0,4.0
2024-717,Houston,Clay,32,250,O,20240401,27,S0S1,1.0,,Ben Shelton,L,193.0,USA,21.478,16.0,2260.0,TD51,3.0,,Frances Tiafoe,R,188.0,USA,26.196,21.0,1770.0,7-5 4-6 6-3,3,F,136.0,11.0,8.0,88.0,54.0,45.0,18.0,16.0,1.0,2.0,3.0,3.0,87.0,55.0,38.0,20.0,15.0,1.0,3.0
2024-360,Marrakech,Clay,32,250,O,20240401,1,V832,,,Aleksandar Vukic,R,188.0,AUS,27.986,67.0,818.0,MP20,,,Alexandre Muller,R,183.0,FRA,27.162,86.0,694.0,6-3 7-6(5),3,R32,101.0,9.0,2.0,83.0,55.0,43.0,14.0,11.0,9.0,10.0,3.0,3.0,66.0,40.0,28.0,14.0,10.0,2.0,4.0
2024-360,Marrakech,Clay,32,250,O,20240401,2,W367,,,Stan Wawrinka,R,183.0,SUI,39.012,82.0,717.0,R772,,,Albert Ramos-Vinolas,L,188.0,ESP,36.205,103.0,590.0,6-1 6-4,3,R32,75.0,8.0,1.0,57.0,33.0,29.0,8.0,9.0,4.0,5.0,1.0,1.0,46.0,33.0,21.0,3.0,8.0,3.0,7.0
2024-360,Marrakech,Clay,32,250,O,20240401,3,N0BS,7.0,,Mariano Navone,R,178.0,ARG,23.091,60.0,883.0,DF88,,WC,Aziz Dougaz,L,188.0,TUN,27.017,235.0,261.0,6-3 6-2,3,R32,76.0,0.0,1.0,50.0,37.0,28.0,10.0,9.0,0.0,0.0,2.0,2.0,47.0,27.0,16.0,11.0,8.0,0.0,3.0
2024-360,Marrakech,Clay,32,250,O,20240401,4,N897,,,Sumit Nagal,R,178.0,IND,26.626,95.0,633.0,MW02,,,Corentin Moutet,L,180.0,FRA,24.953,99.0,612.0,4-6 6-3 6-2,3,R32,130.0,6.0,0.0,89.0,66.0,44.0,16.0,14.0,6.0,7.0,3.0,2.0,66.0,53.0,37.0,8.0,13.0,2.0,5.0
2024-360,Marrakech,Clay,32,250,O,20240401,5,MU94,,,Jaume Munar,R,183.0,ESP,26.908,73.0,770.0,V0DZ,,,Luca Van Assche,R,178.0,FRA,19.89,94.0,641.0,7-6(3) 6-2,3,R32,109.0,8.0,0.0,68.0,42.0,26.0,17.0,10.0,2.0,4.0,1.0,1.0,75.0,54.0,30.0,9.0,10.0,3.0,7.0
2024-360,Marrakech,Clay,32,250,O,20240401,6,BK40,,PR,Matteo Berrettini,R,196.0,ITA,27.97,135.0,470.0,S0H2,6.0,,Alexander Shevchenko,R,188.0,KAZ,23.337,56.0,934.0,6-2 6-1,3,R32,74.0,3.0,2.0,45.0,25.0,21.0,10.0,7.0,2.0,2.0,2.0,3.0,60.0,31.0,16.0,12.0,8.0,4.0,9.0
2024-360,Marrakech,Clay,32,250,O,20240401,7,MW18,,Q,Nicolas Moreno De Alboran,R,185.0,USA,26.716,157.0,413.0,D0CG,5.0,,Facundo Diaz Acosta,L,183.0,ARG,23.294,55.0,943.0,6-4 3-6 6-3,3,R32,138.0,4.0,2.0,88.0,56.0,44.0,16.0,14.0,2.0,3.0,4.0,3.0,80.0,50.0,34.0,20.0,14.0,5.0,7.0
2024-360,Marrakech,Clay,32,250,O,20240401,8,GB88,,Q,David Goffin,R,180.0,BEL,33.317,102.0,594.0,RC91,,,Arthur Rinderknech,R,196.0,FRA,28.693,81.0,723.0,6-4 6-4,3,R32,98.0,5.0,1.0,63.0,33.0,22.0,18.0,10.0,0.0,2.0,4.0,2.0,61.0,28.0,17.0,15.0,10.0,4.0,8.0
2024-360,Marrakech,Clay,32,250,O,20240401,9,CF59,,,Roberto Carballes Baena,R,183.0,ESP,31.025,64.0,856.0,G0GD,,,Matteo Gigante,L,180.0,ITA,22.24,145.0,450.0,6-2 2-0 RET,3,R32,49.0,2.0,0.0,25.0,14.0,12.0,8.0,5.0,0.0,0.0,0.0,5.0,38.0,18.0,12.0,5.0,5.0,6.0,9.0
2024-360,Marrakech,Clay,32,250,O,20240401,10,C0E9,8.0,,Flavio Cobolli,R,183.0,ITA,21.906,63.0,865.0,S0NV,,WC,Abdullah Shelbayh,L,180.0,JOR,20.375,230.0,265.0,6-1 6-4,3,R32,71.0,3.0,2.0,43.0,28.0,27.0,9.0,9.0,0.0,0.0,1.0,1.0,54.0,32.0,20.0,9.0,8.0,5.0,8.0
2024-360,Marrakech,Clay,32,250,O,20240401,11,K09F,,,Pavel Kotov,R,191.0,RUS,25.369,68.0,807.0,BT68,,WC,Elliot Benchetrit,R,193.0,MAR,25.498,661.0,48.0,7-5 6-3,3,R32,110.0,1.0,3.0,61.0,41.0,27.0,13.0,10.0,3.0,5.0,5.0,1.0,78.0,45.0,31.0,8.0,11.0,6.0,11.0
2024-360,Marrakech,Clay,32,250,O,20240401,12,F510,,Q,Fabio Fognini,R,178.0,ITA,36.857,100.0,599.0,G09O,,,Hugo Gaston,L,173.0,FRA,23.513,89.0,662.0,6-7(4) 6-1 6-4,3,R32,154.0,4.0,8.0,105.0,62.0,39.0,20.0,14.0,11.0,16.0,3.0,3.0,113.0,59.0,34.0,23.0,15.0,6.0,15.0
2024-360,Marrakech,Clay,32,250,O,20240401,13,V832,,,Aleksandar Vukic,R,188.0,AUS,27.986,67.0,818.0,O513,2.0,,Sebastian Ofner,R,191.0,AUT,27.888,47.0,1056.0,7-6(11) 2-6 7-6(7),3,R16,168.0,8.0,2.0,115.0,71.0,51.0,26.0,16.0,5.0,9.0,12.0,3.0,128.0,71.0,56.0,30.0,16.0,10.0,12.0
2024-360,Marrakech,Clay,32,250,O,20240401,14,N0BS,7.0,,Mariano Navone,R,178.0,ARG,23.091,60.0,883.0,W367,,,Stan Wawrinka,R,183.0,SUI,39.012,82.0,717.0,3-6 7-5 6-2,3,R16,138.0,1.0,5.0,80.0,55.0,41.0,14.0,14.0,4.0,6.0,3.0,5.0,102.0,62.0,47.0,12.0,15.0,2.0,6.0
2024-360,Marrakech,Clay,32,250,O,20240401,15,SU87,4.0,,Lorenzo Sonego,R,191.0,ITA,28.893,61.0,875.0,N897,,,Sumit Nagal,R,178.0,IND,26.626,95.0,633.0,1-6 6-3 6-4,3,R16,139.0,4.0,2.0,74.0,43.0,34.0,18.0,13.0,2.0,4.0,2.0,0.0,85.0,62.0,40.0,17.0,13.0,6.0,8.0
2024-360,Marrakech,Clay,32,250,O,20240401,16,BK40,,PR,Matteo Berrettini,R,196.0,ITA,27.97,135.0,470.0,MU94,,,Jaume Munar,R,183.0,ESP,26.908,73.0,770.0,6-4 4-6 6-3,3,R16,140.0,8.0,0.0,85.0,58.0,43.0,12.0,14.0,4.0,6.0,5.0,1.0,86.0,46.0,29.0,26.0,15.0,9.0,13.0
2024-360,Marrakech,Clay,32,250,O,20240401,17,MW18,,Q,Nicolas Moreno De Alboran,R,185.0,USA,26.716,157.0,413.0,GB88,,Q,David Goffin,R,180.0,BEL,33.317,102.0,594.0,6-3 6-4,3,R16,93.0,5.0,0.0,61.0,41.0,33.0,11.0,10.0,3.0,3.0,2.0,1.0,60.0,34.0,24.0,12.0,9.0,5.0,7.0
2024-360,Marrakech,Clay,32,250,O,20240401,18,CF59,,,Roberto Carballes Baena,R,183.0,ESP,31.025,64.0,856.0,E687,3.0,,Daniel Evans,R,175.0,GBR,33.859,42.0,1086.0,6-4 7-6(3),3,R16,139.0,1.0,1.0,83.0,57.0,41.0,14.0,11.0,6.0,7.0,2.0,1.0,78.0,46.0,31.0,17.0,11.0,6.0,8.0
2024-360,Marrakech,Clay,32,250,O,20240401,19,K09F,,,Pavel Kotov,R,191.0,RUS,25.369,68.0,807.0,C0E9,8.0,,Flavio Cobolli,R,183.0,ITA,21.906,63.0,865.0,6-1 7-6(5),3,R16,118.0,1.0,1.0,87.0,57.0,40.0,16.0,10.0,7.0,7.0,4.0,4.0,58.0,25.0,19.0,18.0,9.0,3.0,5.0
2024-360,Marrakech,Clay,32,250,O,20240401,20,F510,,Q,Fabio Fognini,R,178.0,ITA,36.857,100.0,599.0,DB63,1.0,,Laslo Djere,R,188.0,SRB,28.832,34.0,1185.0,7-6(1) 2-6 6-4,3,R16,147.0,3.0,0.0,90.0,58.0,41.0,17.0,15.0,0.0,3.0,7.0,1.0,97.0,69.0,50.0,15.0,15.0,5.0,7.0
2024-360,Marrakech,Clay,32,250,O,20240401,21,N0BS,7.0,,Mariano Navone,R,178.0,ARG,23.091,60.0,883.0,V832,,,Aleksandar Vukic,R,188.0,AUS,27.986,67.0,818.0,6-2 6-4,3,QF,81.0,1.0,2.0,47.0,35.0,31.0,6.0,9.0,0.0,0.0,1.0,2.0,63.0,34.0,24.0,12.0,9.0,4.0,7.0
2024-360,Marrakech,Clay,32,250,O,20240401,22,BK40,,PR,Matteo Berrettini,R,196.0,ITA,27.97,135.0,470.0,SU87,4.0,,Lorenzo Sonego,R,191.0,ITA,28.893,61.0,875.0,6-3 7-6(5),3,QF,100.0,5.0,4.0,68.0,55.0,46.0,6.0,11.0,1.0,1.0,4.0,2.0,64.0,45.0,34.0,10.0,10.0,3.0,4.0
2024-360,Marrakech,Clay,32,250,O,20240401,23,CF59,,,Roberto Carballes Baena,R,183.0,ESP,31.025,64.0,856.0,MW18,,Q,Nicolas Moreno De Alboran,R,185.0,USA,26.716,157.0,413.0,6-4 4-6 6-4,3,QF,151.0,1.0,2.0,81.0,59.0,45.0,14.0,15.0,0.0,1.0,8.0,3.0,101.0,71.0,48.0,15.0,15.0,7.0,9.0
2024-360,Marrakech,Clay,32,250,O,20240401,24,K09F,,,Pavel Kotov,R,191.0,RUS,25.369,68.0,807.0,F510,,Q,Fabio Fognini,R,178.0,ITA,36.857,100.0,599.0,6-1 6-2,3,QF,77.0,4.0,1.0,50.0,37.0,32.0,4.0,8.0,3.0,3.0,1.0,3.0,50.0,33.0,19.0,5.0,7.0,1.0,5.0
2024-360,Marrakech,Clay,32,250,O,20240401,25,BK40,,PR,Matteo Berrettini,R,196.0,ITA,27.97,135.0,470.0,N0BS,7.0,,Mariano Navone,R,178.0,ARG,23.091,60.0,883.0,6-7(4) 6-3 6-2,3,SF,162.0,6.0,2.0,86.0,65.0,50.0,11.0,14.0,1.0,2.0,0.0,1.0,107.0,86.0,53.0,8.0,15.0,7.0,12.0
2024-360,Marrakech,Clay,32,250,O,20240401,26,CF59,,,Roberto Carballes Baena,R,183.0,ESP,31.025,64.0,856.0,K09F,,,Pavel Kotov,R,191.0,RUS,25.369,68.0,807.0,6-4 6-2,3,SF,99.0,2.0,0.0,59.0,43.0,28.0,11.0,9.0,6.0,7.0,1.0,6.0,54.0,33.0,21.0,7.0,9.0,2.0,6.0
2024-360,Marrakech,Clay,32,250,O,20240401,27,BK40,,PR,Matteo Berrettini,R,196.0,ITA,27.97,135.0,470.0,CF59,,,Roberto Carballes Baena,R,183.0,ESP,31.025,64.0,856.0,7-5 6-2,3,F,106.0,5.0,1.0,66.0,47.0,35.0,9.0,10.0,7.0,8.0,0.0,1.0,61.0,44.0,24.0,11.0,10.0,3.0,7.0
2024-410,Monte Carlo Masters,Clay,64,M,O,20240408,1,K0AH,,,Sebastian Korda,R,196.0,USA,23.759,27.0,1445.0,DH50,,,Alejandro Davidovich Fokina,R,180.0,ESP,24.843,29.0,1395.0,6-1 6-2,3,R64,63.0,8.0,1.0,54.0,36.0,26.0,8.0,8.0,4.0,5.0,0.0,1.0,50.0,37.0,16.0,6.0,7.0,5.0,10.0
2024-410,Monte Carlo Masters,Clay,64,M,O,20240408,2,SL28,,,Jan-Lennard Struff,R,193.0,GER,33.955,25.0,1493.0,B0BI,,,Sebastian Baez,R,170.0,ARG,23.277,19.0,1955.0,1-6 7-6(3) 6-2,3,R64,143.0,9.0,5.0,96.0,49.0,38.0,17.0,14.0,8.0,13.0,2.0,5.0,117.0,72.0,44.0,20.0,13.0,20.0,24.0
2024-410,Monte Carlo Masters,Clay,64,M,O,20240408,3,CG80,,,Borna Coric,R,188.0,CRO,27.398,33.0,1204.0,BK92,16.0,,Alexander Bublik,R,196.0,KAZ,26.809,18.0,1992.0,6-1 6-1,3,R64,64.0,2.0,5.0,43.0,21.0,15.0,13.0,7.0,0.0,1.0,2.0,8.0,52.0,25.0,15.0,6.0,7.0,7.0,13.0
2024-410,Monte Carlo Masters,Clay,64,M,O,20240408,4,D875,9.0,,Grigor Dimitrov,R,191.0,BUL,32.898,9.0,3540.0,VA25,,WC,Valentin Vacherot,R,193.0,MON,25.394,138.0,464.0,7-5 6-2,3,R64,89.0,3.0,3.0,55.0,27.0,20.0,19.0,10.0,0.0,1.0,0.0,4.0,59.0,40.0,24.0,10.0,10.0,2.0,6.0
2024-410,Monte Carlo Masters,Clay,64,M,O,20240408,5,KI95,,,Miomir Kecmanovic,R,183.0,SRB,24.605,66.0,855.0,BK40,,WC,Matteo Berrettini,R,196.0,ITA,27.989,84.0,720.0,6-3 6-1,3,R64,73.0,4.0,0.0,51.0,30.0,24.0,10.0,8.0,2.0,3.0,1.0,1.0,47.0,33.0,16.0,5.0,8.0,4.0,9.0
2024-410,Monte Carlo Masters,Clay,64,M,O,20240408,6,N897,,Q,Sumit Nagal,R,178.0,IND,26.645,93.0,656.0,A0FC,,,Matteo Arnaldi,R,185.0,ITA,23.124,38.0,1121.0,5-7 6-2 6-4,3,R64,157.0,1.0,1.0,100.0,64.0,35.0,26.0,15.0,5.0,9.0,6.0,6.0,97.0,53.0,36.0,19.0,15.0,3.0,9.0
2024-410,Monte Carlo Masters,Clay,64,M,O,20240408,7,MC65,,WC,Gael Monfils,R,193.0,FRA,37.602,40.0,1092.0,V832,,LL,Aleksandar Vukic,R,188.0,AUS,28.005,65.0,856.0,6-7(7) 6-3 7-5,3,R64,132.0,15.0,4.0,107.0,75.0,52.0,15.0,16.0,5.0,8.0,4.0,0.0,95.0,60.0,41.0,16.0,17.0,3.0,9.0
2024-410,Monte Carlo Masters,Clay,64,M,O,20240408,8,C0AU,,,Francisco Cerundolo,R,185.0,ARG,25.654,22.0,1715.0,AE14,,LL,Daniel Altmaier,R,188.0,GER,25.572,52.0,955.0,6-2 7-6(3),3,R64,109.0,2.0,1.0,71.0,45.0,34.0,13.0,10.0,4.0,5.0,1.0,1.0,69.0,42.0,27.0,12.0,10.0,4.0,7.0
2024-410,Monte Carlo Masters,Clay,64,M,O,20240408,9,KE29,15.0,,Karen Khachanov,R,198.0,RUS,27.882,17.0,2005.0,N771,,,Cameron Norrie,L,188.0,GBR,28.627,30.0,1290.0,7-5 7-6(3),3,R64,144.0,13.0,2.0,88.0,51.0,33.0,19.0,12.0,5.0,9.0,2.0,2.0,92.0,42.0,26.0,22.0,12.0,10.0,15.0
2024-410,Monte Carlo Masters,Clay,64,M,O,20240408,10,TE51,12.0,,Stefanos Tsitsipas,R,193.0,GRE,25.656,12.0,3175.0,DB63,,,Laslo Djere,R,188.0,SRB,28.851,34.0,1185.0,6-3 3-2 RET,3,R64,62.0,3.0,2.0,50.0,26.0,19.0,14.0,7.0,2.0,3.0,2.0,1.0,41.0,23.0,14.0,10.0,7.0,1.0,4.0
2024-410,Monte Carlo Masters,Clay,64,M,O,20240408,11,EA24,,,Tomas Martin Etcheverry,R,196.0,ARG,24.726,31.0,1260.0,J551,,,Nicolas Jarry,R,201.0,CHI,28.493,21.0,1755.0,6-4 7-5,3,R64,125.0,3.0,0.0,81.0,62.0,40.0,13.0,11.0,8.0,9.0,3.0,1.0,68.0,37.0,23.0,18.0,11.0,4.0,7.0
2024-410,Monte Carlo Masters,Clay,64,M,O,20240408,12,O513,,,Sebastian Ofner,R,191.0,AUT,27.907,44.0,1056.0,E687,,,Daniel Evans,R,175.0,GBR,33.878,50.0,996.0,6-1 6-4,3,R64,69.0,7.0,2.0,58.0,35.0,27.0,15.0,9.0,3.0,3.0,2.0,1.0,43.0,29.0,19.0,7.0,8.0,1.0,4.0
2024-410,Monte Carlo Masters,Clay,64,M,O,20240408,13,TE30,,,Alejandro Tabilo,L,188.0,CHI,26.85,45.0,1051.0,O483,,Q,Christopher O'Connell,R,183.0,AUS,29.848,62.0,886.0,6-3 6-4,3,R64,97.0,1.0,1.0,73.0,37.0,26.0,21.0,10.0,4.0,5.0,5.0,6.0,59.0,30.0,20.0,12.0,9.0,4.0,7.0
2024-410,Monte Carlo Masters,Clay,64,M,O,20240408,14,BD06,,Q,Roberto Bautista Agut,R,183.0,ESP,35.984,90.0,668.0,D0CG,,LL,Facundo Diaz Acosta,L,183.0,ARG,23.313,53.0,943.0,6-2 6-4,3,R64,94.0,2.0,1.0,50.0,36.0,25.0,10.0,9.0,3.0,4.0,2.0,3.0,63.0,36.0,20.0,13.0,9.0,3.0,7.0
2024-410,Monte Carlo Masters,Clay,64,M,O,20240408,15,HB71,10.0,,Hubert Hurkacz,R,196.0,POL,27.154,8.0,3665.0,D0CO,,,Jack Draper,L,193.0,GBR,22.294,39.0,1101.0,6-4 3-6 7-6(2),3,R64,144.0,7.0,1.0,93.0,62.0,45.0,14.0,16.0,2.0,6.0,6.0,1.0,98.0,59.0,40.0,23.0,15.0,3.0,6.0
2024-410,Monte Carlo Masters,Clay,64,M,O,20240408,16,HH26,14.0,,Ugo Humbert,L,188.0,FRA,25.785,15.0,2425.0,CE77,,Q,Federico Coria,R,180.0,ARG,32.082,89.0,687.0,4-6 6-1 6-2,3,R64,135.0,3.0,0.0,86.0,58.0,37.0,16.0,13.0,6.0,8.0,1.0,4.0,80.0,52.0,30.0,11.0,12.0,2.0,7.0
2024-410,Monte Carlo Masters,Clay,64,M,O,20240408,17,Z371,,,Zhizhen Zhang,R,193.0,CHN,27.477,49.0,1005.0,GC88,,,Marcos Giron,R,180.0,USA,30.708,48.0,1030.0,6-4 3-6 6-3,3,R64,124.0,5.0,2.0,104.0,72.0,49.0,16.0,14.0,7.0,9.0,5.0,0.0,78.0,40.0,27.0,24.0,14.0,2.0,5.0
2024-410,Monte Carlo Masters,Clay,64,M,O,20240408,18,AG37,,,Felix Auger-Aliassime,R,193.0,CAN,23.666,35.0,1150.0,N0BG,,Q,Luca Nardi,R,185.0,ITA,20.674,76.0,748.0,6-2 6-3,3,R64,82.0,6.0,2.0,47.0,26.0,23.0,13.0,9.0,0.0,0.0,1.0,4.0,54.0,34.0,20.0,11.0,8.0,4.0,7.0
2024-410,Monte Carlo Masters,Clay,64,M,O,20240408,19,P09Z,,,Alexei Popyrin,R,196.0,AUS,24.676,46.0,1047.0,MW02,,Q,Corentin Moutet,L,180.0,FRA,24.972,101.0,612.0,3-6 7-5 6-2,3,R64,162.0,6.0,4.0,101.0,72.0,47.0,19.0,15.0,7.0,9.0,1.0,0.0,97.0,67.0,43.0,15.0,14.0,8.0,11.0
2024-410,Monte Carlo Masters,Clay,64,M,O,20240408,20,GJ37,,,Tallon Griekspoor,R,188.0,NED,27.767,26.0,1475.0,KE73,,,Dominik Koepfer,L,180.0,GER,29.944,54.0,938.0,7-6(2) 4-6 6-2,3,R64,142.0,7.0,4.0,98.0,63.0,44.0,18.0,15.0,8.0,12.0,4.0,2.0,96.0,50.0,26.0,26.0,15.0,2.0,7.0
2024-410,Monte Carlo Masters,Clay,64,M,O,20240408,21,DH58,11.0,,Alex de Minaur,R,183.0,AUS,25.139,11.0,3355.0,W367,,WC,Stan Wawrinka,R,183.0,SUI,39.031,79.0,742.0,6-3 6-0,3,R64,62.0,3.0,4.0,44.0,19.0,12.0,16.0,7.0,2.0,3.0,0.0,3.0,54.0,34.0,16.0,7.0,8.0,6.0,12.0
2024-410,Monte Carlo Masters,Clay,64,M,O,20240408,22,M0EJ,,,Lorenzo Musetti,R,185.0,ITA,22.1,24.0,1590.0,FB98,13.0,,Taylor Fritz,R,196.0,USA,26.445,13.0,2765.0,6-4 6-4,3,R64,84.0,3.0,2.0,55.0,31.0,25.0,10.0,10.0,2.0,4.0,1.0,1.0,55.0,24.0,17.0,14.0,10.0,1.0,5.0
2024-410,Monte Carlo Masters,Clay,64,M,O,20240408,23,F0F1,,,Arthur Fils,R,185.0,FRA,19.822,36.0,1145.0,H997,,LL,Yannick Hanfmann,R,193.0,GER,32.402,61.0,888.0,6-0 6-2,3,R64,62.0,0.0,3.0,42.0,25.0,21.0,8.0,7.0,3.0,4.0,0.0,2.0,43.0,28.0,12.0,3.0,7.0,3.0,9.0
2024-410,Monte Carlo Masters,Clay,64,M,O,20240408,24,SX50,,,Roman Safiullin,R,185.0,RUS,26.669,41.0,1089.0,MU94,,Q,Jaume Munar,R,183.0,ESP,26.927,72.0,775.0,7-5 6-1,3,R64,96.0,2.0,4.0,65.0,41.0,31.0,12.0,10.0,5.0,6.0,1.0,3.0,61.0,43.0,26.0,6.0,9.0,6.0,10.0
2024-410,Monte Carlo Masters,Clay,64,M,O,20240408,25,S0AG,2.0,,Jannik Sinner,R,191.0,ITA,22.645,2.0,8710.0,K0AH,,,Sebastian Korda,R,196.0,USA,23.759,27.0,1445.0,6-1 6-2,3,R32,75.0,2.0,1.0,43.0,21.0,20.0,12.0,7.0,3.0,3.0,2.0,2.0,62.0,32.0,16.0,13.0,8.0,7.0,12.0
2024-410,Monte Carlo Masters,Clay,64,M,O,20240408,26,SL28,,,Jan-Lennard Struff,R,193.0,GER,33.955,25.0,1493.0,CG80,,,Borna Coric,R,188.0,CRO,27.398,33.0,1204.0,7-6(2) 6-1,3,R32,91.0,2.0,5.0,65.0,27.0,21.0,20.0,10.0,2.0,4.0,1.0,3.0,57.0,31.0,20.0,8.0,9.0,2.0,6.0
2024-410,Monte Carlo Masters,Clay,64,M,O,20240408,27,D875,9.0,,Grigor Dimitrov,R,191.0,BUL,32.898,9.0,3540.0,KI95,,,Miomir Kecmanovic,R,183.0,SRB,24.605,66.0,855.0,6-4 6-3,3,R32,91.0,4.0,3.0,54.0,33.0,25.0,12.0,10.0,0.0,1.0,6.0,1.0,62.0,44.0,28.0,7.0,9.0,7.0,10.0
2024-410,Monte Carlo Masters,Clay,64,M,O,20240408,28,R0DG,7.0,,Holger Rune,R,188.0,DEN,20.945,7.0,3795.0,N897,,Q,Sumit Nagal,R,178.0,IND,26.645,93.0,656.0,6-3 3-6 6-2,3,R32,131.0,3.0,3.0,70.0,38.0,31.0,18.0,13.0,4.0,7.0,0.0,5.0,88.0,55.0,34.0,15.0,13.0,6.0,11.0
2024-410,Monte Carlo Masters,Clay,64,M,O,20240408,29,MM58,4.0,,Daniil Medvedev,R,198.0,RUS,28.156,4.0,7165.0,MC65,,WC,Gael Monfils,R,193.0,FRA,37.602,40.0,1092.0,6-2 6-4,3,R32,88.0,0.0,4.0,50.0,24.0,20.0,16.0,9.0,1.0,2.0,2.0,0.0,64.0,48.0,25.0,7.0,9.0,6.0,10.0
2024-410,Monte Carlo Masters,Clay,64,M,O,20240408,30,KE29,15.0,,Karen Khachanov,R,198.0,RUS,27.882,17.0,2005.0,C0AU,,,Francisco Cerundolo,R,185.0,ARG,25.654,22.0,1715.0,4-6 6-4 6-3,3,R32,136.0,3.0,1.0,88.0,57.0,41.0,14.0,15.0,4.0,8.0,6.0,4.0,93.0,64.0,38.0,16.0,14.0,3.0,8.0
2024-410,Monte Carlo Masters,Clay,64,M,O,20240408,31,TE51,12.0,,Stefanos Tsitsipas,R,193.0,GRE,25.656,12.0,3175.0,EA24,,,Tomas Martin Etcheverry,R,196.0,ARG,24.726,31.0,1260.0,6-1 6-0,3,R32,63.0,2.0,1.0,46.0,27.0,14.0,15.0,7.0,2.0,3.0,5.0,0.0,40.0,26.0,11.0,2.0,6.0,4.0,10.0
2024-410,Monte Carlo Masters,Clay,64,M,O,20240408,32,Z355,5.0,,Alexander Zverev,R,198.0,GER,26.968,5.0,5415.0,O513,,,Sebastian Ofner,R,191.0,AUT,27.907,44.0,1056.0,6-3 6-4,3,R32,78.0,1.0,0.0,49.0,34.0,27.0,11.0,10.0,1.0,2.0,5.0,0.0,59.0,30.0,20.0,13.0,9.0,6.0,9.0
2024-410,Monte Carlo Masters,Clay,64,M,O,20240408,33,RH16,8.0,,Casper Ruud,R,183.0,NOR,25.295,10.0,3465.0,TE30,,,Alejandro Tabilo,L,188.0,CHI,26.85,45.0,1051.0,6-2 6-4,3,R32,81.0,7.0,2.0,53.0,36.0,29.0,10.0,9.0,2.0,3.0,2.0,2.0,63.0,46.0,24.0,7.0,9.0,6.0,10.0
2024-410,Monte Carlo Masters,Clay,64,M,O,20240408,34,HB71,10.0,,Hubert Hurkacz,R,196.0,POL,27.154,8.0,3665.0,BD06,,Q,Roberto Bautista Agut,R,183.0,ESP,35.984,90.0,668.0,7-5 7-6(4),3,R32,124.0,15.0,0.0,79.0,53.0,42.0,12.0,12.0,1.0,2.0,3.0,2.0,89.0,61.0,40.0,15.0,12.0,3.0,5.0
2024-410,Monte Carlo Masters,Clay,64,M,O,20240408,35,HH26,14.0,,Ugo Humbert,L,188.0,FRA,25.785,15.0,2425.0,Z371,,,Zhizhen Zhang,R,193.0,CHN,27.477,49.0,1005.0,6-1 6-4,3,R32,73.0,4.0,2.0,53.0,24.0,22.0,16.0,9.0,3.0,3.0,4.0,5.0,50.0,32.0,20.0,7.0,8.0,3.0,6.0
2024-410,Monte Carlo Masters,Clay,64,M,O,20240408,36,SU87,,LL,Lorenzo Sonego,R,191.0,ITA,28.912,57.0,915.0,AG37,,,Felix Auger-Aliassime,R,193.0,CAN,23.666,35.0,1150.0,6-4 7-5,3,R32,121.0,3.0,3.0,76.0,49.0,34.0,15.0,11.0,2.0,3.0,3.0,2.0,60.0,40.0,28.0,12.0,11.0,4.0,7.0
2024-410,Monte Carlo Masters,Clay,64,M,O,20240408,37,P09Z,,,Alexei Popyrin,R,196.0,AUS,24.676,46.0,1047.0,RE44,6.0,,Andrey Rublev,R,188.0,RUS,26.467,6.0,4890.0,6-4 6-4,3,R32,100.0,4.0,3.0,68.0,34.0,26.0,18.0,10.0,5.0,6.0,5.0,2.0,72.0,42.0,27.0,14.0,10.0,5.0,8.0
2024-410,Monte Carlo Masters,Clay,64,M,O,20240408,38,DH58,11.0,,Alex de Minaur,R,183.0,AUS,25.139,11.0,3355.0,GJ37,,,Tallon Griekspoor,R,188.0,NED,27.767,26.0,1475.0,2-6 6-2 6-3,3,R32,123.0,2.0,3.0,70.0,36.0,28.0,16.0,12.0,2.0,4.0,6.0,4.0,103.0,68.0,44.0,15.0,13.0,9.0,13.0
2024-410,Monte Carlo Masters,Clay,64,M,O,20240408,39,M0EJ,,,Lorenzo Musetti,R,185.0,ITA,22.1,24.0,1590.0,F0F1,,,Arthur Fils,R,185.0,FRA,19.822,36.0,1145.0,6-3 7-5,3,R32,100.0,2.0,2.0,62.0,31.0,21.0,18.0,11.0,1.0,3.0,1.0,1.0,62.0,39.0,21.0,13.0,10.0,4.0,8.0
2024-410,Monte Carlo Masters,Clay,64,M,O,20240408,40,D643,1.0,,Novak Djokovic,R,188.0,SRB,36.882,1.0,9725.0,SX50,,,Roman Safiullin,R,185.0,RUS,26.669,41.0,1089.0,6-1 6-2,3,R32,70.0,1.0,0.0,34.0,22.0,17.0,11.0,7.0,0.0,0.0,1.0,2.0,61.0,26.0,16.0,11.0,8.0,14.0,19.0
2024-410,Monte Carlo Masters,Clay,64,M,O,20240408,41,S0AG,2.0,,Jannik Sinner,R,191.0,ITA,22.645,2.0,8710.0,SL28,,,Jan-Lennard Struff,R,193.0,GER,33.955,25.0,1493.0,6-4 6-2,3,R16,76.0,3.0,0.0,46.0,26.0,22.0,13.0,9.0,0.0,1.0,4.0,4.0,63.0,28.0,17.0,16.0,9.0,4.0,8.0
2024-410,Monte Carlo Masters,Clay,64,M,O,20240408,42,R0DG,7.0,,Holger Rune,R,188.0,DEN,20.945,7.0,3795.0,D875,9.0,,Grigor Dimitrov,R,191.0,BUL,32.898,9.0,3540.0,7-6(9) 3-6 7-6(2),3,R16,210.0,3.0,3.0,135.0,94.0,60.0,22.0,17.0,7.0,10.0,3.0,4.0,117.0,74.0,54.0,20.0,16.0,3.0,4.0
2024-410,Monte Carlo Masters,Clay,64,M,O,20240408,43,KE29,15.0,,Karen Khachanov,R,198.0,RUS,27.882,17.0,2005.0,MM58,4.0,,Daniil Medvedev,R,198.0,RUS,28.156,4.0,7165.0,6-3 7-5,3,R16,113.0,1.0,0.0,64.0,45.0,36.0,6.0,11.0,2.0,4.0,5.0,8.0,86.0,52.0,32.0,13.0,10.0,5.0,9.0
2024-410,Monte Carlo Masters,Clay,64,M,O,20240408,44,TE51,12.0,,Stefanos Tsitsipas,R,193.0,GRE,25.656,12.0,3175.0,Z355,5.0,,Alexander Zverev,R,198.0,GER,26.968,5.0,5415.0,7-5 7-6(3),3,R16,126.0,2.0,7.0,83.0,48.0,39.0,15.0,12.0,8.0,10.0,10.0,3.0,79.0,60.0,38.0,11.0,12.0,5.0,8.0
2024-410,Monte Carlo Masters,Clay,64,M,O,20240408,45,RH16,8.0,,Casper Ruud,R,183.0,NOR,25.295,10.0,3465.0,HB71,10.0,,Hubert Hurkacz,R,196.0,POL,27.154,8.0,3665.0,6-4 6-2,3,R16,73.0,2.0,0.0,49.0,30.0,23.0,15.0,9.0,0.0,0.0,6.0,1.0,63.0,37.0,24.0,12.0,9.0,7.0,10.0
2024-410,Monte Carlo Masters,Clay,64,M,O,20240408,46,HH26,14.0,,Ugo Humbert,L,188.0,FRA,25.785,15.0,2425.0,SU87,,LL,Lorenzo Sonego,R,191.0,ITA,28.912,57.0,915.0,5-7 6-3 6-1,3,R16,172.0,5.0,1.0,98.0,63.0,45.0,19.0,14.0,9.0,10.0,0.0,2.0,100.0,62.0,40.0,18.0,14.0,9.0,13.0
2024-410,Monte Carlo Masters,Clay,64,M,O,20240408,47,DH58,11.0,,Alex de Minaur,R,183.0,AUS,25.139,11.0,3355.0,P09Z,,,Alexei Popyrin,R,196.0,AUS,24.676,46.0,1047.0,6-3 6-4,3,R16,75.0,2.0,0.0,43.0,27.0,19.0,15.0,9.0,0.0,1.0,1.0,1.0,57.0,38.0,25.0,7.0,10.0,1.0,5.0
2024-410,Monte Carlo Masters,Clay,64,M,O,20240408,48,D643,1.0,,Novak Djokovic,R,188.0,SRB,36.882,1.0,9725.0,M0EJ,,,Lorenzo Musetti,R,185.0,ITA,22.1,24.0,1590.0,7-5 6-3,3,R16,118.0,3.0,2.0,67.0,46.0,31.0,11.0,11.0,3.0,6.0,1.0,1.0,62.0,33.0,20.0,12.0,10.0,1.0,6.0
2024-410,Monte Carlo Masters,Clay,64,M,O,20240408,49,S0AG,2.0,,Jannik Sinner,R,191.0,ITA,22.645,2.0,8710.0,R0DG,7.0,,Holger Rune,R,188.0,DEN,20.945,7.0,3795.0,6-4 6-7(6) 6-3,3,QF,160.0,5.0,2.0,90.0,53.0,46.0,25.0,16.0,2.0,2.0,6.0,5.0,95.0,50.0,41.0,22.0,15.0,6.0,8.0
2024-410,Monte Carlo Masters,Clay,64,M,O,20240408,50,TE51,12.0,,Stefanos Tsitsipas,R,193.0,GRE,25.656,12.0,3175.0,KE29,15.0,,Karen Khachanov,R,198.0,RUS,27.882,17.0,2005.0,6-4 6-2,3,QF,82.0,7.0,3.0,52.0,32.0,27.0,9.0,9.0,2.0,3.0,1.0,1.0,49.0,33.0,16.0,11.0,9.0,4.0,8.0
2024-410,Monte Carlo Masters,Clay,64,M,O,20240408,51,RH16,8.0,,Casper Ruud,R,183.0,NOR,25.295,10.0,3465.0,HH26,14.0,,Ugo Humbert,L,188.0,FRA,25.785,15.0,2425.0,6-3 4-6 6-1,3,QF,125.0,4.0,4.0,78.0,45.0,33.0,18.0,13.0,5.0,7.0,1.0,2.0,79.0,55.0,31.0,13.0,13.0,3.0,8.0
2024-410,Monte Carlo Masters,Clay,64,M,O,20240408,52,D643,1.0,,Novak Djokovic,R,188.0,SRB,36.882,1.0,9725.0,DH58,11.0,,Alex de Minaur,R,183.0,AUS,25.139,11.0,3355.0,7-5 6-4,3,QF,124.0,2.0,1.0,64.0,42.0,27.0,13.0,11.0,4.0,7.0,3.0,4.0,71.0,30.0,18.0,20.0,11.0,6.0,11.0
2024-410,Monte Carlo Masters,Clay,64,M,O,20240408,53,TE51,12.0,,Stefanos Tsitsipas,R,193.0,GRE,25.656,12.0,3175.0,S0AG,2.0,,Jannik Sinner,R,191.0,ITA,22.645,2.0,8710.0,6-4 3-6 6-4,3,SF,160.0,7.0,3.0,84.0,50.0,35.0,21.0,14.0,3.0,5.0,1.0,2.0,102.0,59.0,44.0,20.0,15.0,12.0,15.0
2024-410,Monte Carlo Masters,Clay,64,M,O,20240408,54,RH16,8.0,,Casper Ruud,R,183.0,NOR,25.295,10.0,3465.0,D643,1.0,,Novak Djokovic,R,188.0,SRB,36.882,1.0,9725.0,6-4 1-6 6-4,3,SF,137.0,4.0,4.0,78.0,44.0,28.0,16.0,13.0,1.0,5.0,3.0,2.0,79.0,46.0,31.0,19.0,14.0,3.0,7.0
2024-410,Monte Carlo Masters,Clay,64,M,O,20240408,55,TE51,12.0,,Stefanos Tsitsipas,R,193.0,GRE,25.656,12.0,3175.0,RH16,8.0,,Casper Ruud,R,183.0,NOR,25.295,10.0,3465.0,6-1 6-4,3,F,96.0,3.0,1.0,73.0,35.0,21.0,26.0,8.0,8.0,8.0,2.0,1.0,55.0,36.0,24.0,7.0,9.0,4.0,8.0
2024-425,Barcelona,Clay,64,500,O,20240415,1,N0AE,,,Brandon Nakashima,R,188.0,USA,22.7,87.0,695.0,E687,,,Daniel Evans,R,175.0,GBR,33.897,49.0,996.0,7-6(5) 6-2,3,R64,129.0,3.0,2.0,68.0,33.0,21.0,22.0,10.0,2.0,4.0,1.0,5.0,92.0,55.0,27.0,22.0,10.0,8.0,12.0
2024-425,Barcelona,Clay,64,500,O,20240415,2,H0A4,,Q,Nick Hardt,R,185.0,DOM,23.567,229.0,260.0,L0IL,,WC,Martin Landaluce,R,193.0,ESP,18.267,328.0,160.0,2-6 6-4 6-3,3,R64,140.0,4.0,6.0,81.0,54.0,34.0,17.0,13.0,2.0,5.0,3.0,5.0,88.0,45.0,33.0,19.0,14.0,5.0,9.0
2024-425,Barcelona,Clay,64,500,O,20240415,3,M0G4,,Q,Harold Mayot,R,180.0,FRA,22.193,116.0,525.0,CG04,,,Pedro Cachin,R,185.0,ARG,29.01,88.0,673.0,7-6(5) 2-6 6-3,3,R64,144.0,4.0,1.0,90.0,60.0,44.0,14.0,15.0,3.0,7.0,8.0,4.0,107.0,68.0,47.0,16.0,14.0,3.0,6.0
2024-425,Barcelona,Clay,64,500,O,20240415,4,BD06,,WC,Roberto Bautista Agut,R,183.0,ESP,36.003,84.0,703.0,SX50,,,Roman Safiullin,R,185.0,RUS,26.689,38.0,1139.0,6-3 7-6(8),3,R64,118.0,2.0,0.0,67.0,48.0,33.0,15.0,10.0,0.0,0.0,5.0,1.0,84.0,50.0,33.0,18.0,11.0,6.0,8.0
2024-425,Barcelona,Clay,64,500,O,20240415,5,MP20,,,Alexandre Muller,R,183.0,FRA,27.201,110.0,560.0,R772,,WC,Albert Ramos-Vinolas,L,188.0,ESP,36.244,108.0,590.0,7-6(4) 6-0,3,R64,103.0,0.0,1.0,60.0,33.0,25.0,16.0,9.0,1.0,2.0,2.0,1.0,74.0,48.0,26.0,12.0,9.0,5.0,9.0
2024-425,Barcelona,Clay,64,500,O,20240415,6,MU94,,,Jaume Munar,R,183.0,ESP,26.946,73.0,770.0,N732,,,Yoshihito Nishioka,L,170.0,JPN,28.55,71.0,788.0,6-3 6-1,3,R64,80.0,1.0,4.0,54.0,35.0,25.0,10.0,8.0,5.0,7.0,0.0,4.0,57.0,35.0,15.0,8.0,8.0,9.0,15.0
2024-425,Barcelona,Clay,64,500,O,20240415,7,TA29,,Q,Marco Trungelliti,R,178.0,ARG,34.204,197.0,310.0,A0CJ,,Q,Duje Ajdukovic,R,188.0,CRO,23.19,123.0,507.0,6-2 7-6(3),3,R64,92.0,3.0,0.0,65.0,45.0,31.0,13.0,10.0,3.0,4.0,4.0,0.0,63.0,34.0,21.0,17.0,10.0,3.0,6.0
2024-425,Barcelona,Clay,64,500,O,20240415,8,A0FC,,,Matteo Arnaldi,R,185.0,ITA,23.143,40.0,1121.0,C0H0,,,Arthur Cazaux,R,183.0,FRA,21.645,75.0,748.0,5-5 RET,3,R64,60.0,3.0,1.0,40.0,24.0,17.0,5.0,5.0,6.0,8.0,2.0,0.0,35.0,24.0,13.0,5.0,5.0,0.0,2.0
2024-425,Barcelona,Clay,64,500,O,20240415,9,L987,,,Dusan Lajovic,R,183.0,SRB,33.793,59.0,896.0,SM37,,Q,Diego Schwartzman,R,170.0,ARG,31.663,142.0,453.0,6-1 6-2,3,R64,66.0,1.0,1.0,49.0,31.0,23.0,12.0,8.0,4.0,4.0,2.0,2.0,50.0,26.0,17.0,7.0,7.0,4.0,8.0
2024-425,Barcelona,Clay,64,500,O,20240415,10,M0FH,,,Tomas Machac,R,183.0,CZE,23.504,50.0,988.0,S0RE,,Q,Juncheng Shang,L,180.0,CHN,19.198,114.0,544.0,6-4 6-4,3,R64,88.0,4.0,2.0,61.0,41.0,28.0,12.0,10.0,4.0,5.0,0.0,1.0,57.0,33.0,21.0,15.0,10.0,2.0,5.0
2024-425,Barcelona,Clay,64,500,O,20240415,11,AE14,,,Daniel Altmaier,R,188.0,GER,25.591,66.0,856.0,P09Z,,,Alexei Popyrin,R,196.0,AUS,24.695,44.0,1077.0,6-3 7-6(4),3,R64,103.0,2.0,2.0,70.0,50.0,39.0,12.0,11.0,2.0,2.0,5.0,0.0,69.0,36.0,23.0,19.0,10.0,2.0,3.0
2024-425,Barcelona,Clay,64,500,O,20240415,12,N409,,PR,Rafael Nadal,L,185.0,ESP,37.867,644.0,50.0,C0E9,,,Flavio Cobolli,R,183.0,ITA,21.944,62.0,880.0,6-2 6-3,3,R64,85.0,0.0,3.0,49.0,32.0,25.0,9.0,9.0,1.0,2.0,3.0,3.0,55.0,27.0,19.0,10.0,8.0,6.0,10.0
2024-425,Barcelona,Clay,64,500,O,20240415,13,O513,,,Sebastian Ofner,R,191.0,AUT,27.926,43.0,1081.0,K09F,,,Pavel Kotov,R,191.0,RUS,25.407,69.0,817.0,5-7 6-3 6-2,3,R64,135.0,3.0,2.0,84.0,46.0,38.0,20.0,14.0,3.0,5.0,5.0,3.0,86.0,54.0,34.0,14.0,15.0,7.0,12.0
2024-425,Barcelona,Clay,64,500,O,20240415,14,CF59,,,Roberto Carballes Baena,R,183.0,ESP,31.064,72.0,771.0,GF95,,LL,Hugo Grenier,R,196.0,FRA,28.063,159.0,407.0,6-2 6-4,3,R64,82.0,0.0,0.0,44.0,29.0,24.0,7.0,9.0,4.0,6.0,1.0,8.0,53.0,29.0,17.0,7.0,9.0,3.0,8.0
2024-425,Barcelona,Clay,64,500,O,20240415,15,D0CG,,,Facundo Diaz Acosta,L,183.0,ARG,23.332,53.0,958.0,R0FP,,WC,Daniel Rincon,L,185.0,ESP,21.27,216.0,283.0,6-1 6-4,3,R64,89.0,0.0,1.0,50.0,24.0,20.0,18.0,9.0,1.0,1.0,3.0,3.0,51.0,26.0,15.0,14.0,8.0,2.0,5.0
2024-425,Barcelona,Clay,64,500,O,20240415,16,V0DZ,,,Luca Van Assche,R,178.0,FRA,19.929,99.0,625.0,Z371,,,Zhizhen Zhang,R,193.0,CHN,27.496,47.0,1044.0,7-5 6-2,3,R64,94.0,0.0,2.0,67.0,41.0,28.0,10.0,10.0,5.0,8.0,2.0,0.0,63.0,38.0,20.0,10.0,10.0,1.0,7.0
2024-425,Barcelona,Clay,64,500,O,20240415,17,N0AE,,,Brandon Nakashima,R,188.0,USA,22.7,87.0,695.0,RE44,2.0,,Andrey Rublev,R,188.0,RUS,26.486,8.0,3935.0,6-4 7-6(6),3,R32,113.0,6.0,0.0,75.0,41.0,33.0,19.0,11.0,1.0,1.0,7.0,5.0,79.0,38.0,30.0,23.0,11.0,8.0,9.0
2024-425,Barcelona,Clay,64,500,O,20240415,18,EA24,13.0,,Tomas Martin Etcheverry,R,196.0,ARG,24.745,30.0,1295.0,H0A4,,Q,Nick Hardt,R,185.0,DOM,23.567,229.0,260.0,7-5 6-2,3,R32,104.0,5.0,1.0,68.0,54.0,38.0,5.0,10.0,3.0,4.0,0.0,2.0,60.0,49.0,27.0,5.0,10.0,3.0,7.0
2024-425,Barcelona,Clay,64,500,O,20240415,19,N771,12.0,,Cameron Norrie,L,188.0,GBR,28.646,31.0,1290.0,M0G4,,Q,Harold Mayot,R,180.0,FRA,22.193,116.0,525.0,7-6(3) 6-7(6) RET,3,R32,129.0,3.0,2.0,75.0,53.0,40.0,12.0,12.0,1.0,3.0,4.0,0.0,96.0,62.0,40.0,18.0,12.0,7.0,9.0
2024-425,Barcelona,Clay,64,500,O,20240415,20,BD06,,WC,Roberto Bautista Agut,R,183.0,ESP,36.003,84.0,703.0,VA08,,LL,Andrea Vavassori,R,193.0,ITA,28.947,156.0,413.0,4-6 6-3 6-1,3,R32,125.0,2.0,3.0,84.0,55.0,41.0,15.0,13.0,5.0,7.0,2.0,3.0,87.0,46.0,29.0,20.0,13.0,6.0,11.0
2024-425,Barcelona,Clay,64,500,O,20240415,21,RH16,3.0,,Casper Ruud,R,183.0,NOR,25.314,6.0,4025.0,MP20,,,Alexandre Muller,R,183.0,FRA,27.201,110.0,560.0,6-3 6-4,3,R32,87.0,3.0,2.0,56.0,30.0,22.0,12.0,9.0,5.0,8.0,1.0,3.0,70.0,40.0,19.0,14.0,10.0,10.0,16.0
2024-425,Barcelona,Clay,64,500,O,20240415,22,TC61,14.0,,Jordan Thompson,R,183.0,AUS,29.988,33.0,1235.0,MU94,,,Jaume Munar,R,183.0,ESP,26.946,73.0,770.0,6-4 2-6 6-4,3,R32,190.0,0.0,1.0,107.0,60.0,37.0,26.0,14.0,13.0,16.0,1.0,4.0,105.0,86.0,57.0,8.0,14.0,7.0,10.0
2024-425,Barcelona,Clay,64,500,O,20240415,23,TA29,,Q,Marco Trungelliti,R,178.0,ARG,34.204,197.0,310.0,J551,9.0,,Nicolas Jarry,R,201.0,CHI,28.512,22.0,1685.0,7-6(5) 6-3,3,R32,119.0,1.0,2.0,86.0,53.0,41.0,17.0,11.0,4.0,4.0,8.0,1.0,66.0,42.0,28.0,16.0,10.0,2.0,3.0
2024-425,Barcelona,Clay,64,500,O,20240415,24,A0FC,,,Matteo Arnaldi,R,185.0,ITA,23.143,40.0,1121.0,B0BI,8.0,,Sebastian Baez,R,170.0,ARG,23.296,19.0,1955.0,5-7 7-6(8) 6-2,3,R32,170.0,11.0,9.0,95.0,52.0,37.0,19.0,16.0,1.0,6.0,0.0,5.0,125.0,83.0,46.0,21.0,16.0,10.0,16.0
2024-425,Barcelona,Clay,64,500,O,20240415,25,L987,,,Dusan Lajovic,R,183.0,SRB,33.793,59.0,896.0,HH26,6.0,,Ugo Humbert,L,188.0,FRA,25.804,13.0,2535.0,6-4 6-4,3,R32,76.0,3.0,2.0,53.0,37.0,28.0,7.0,10.0,3.0,5.0,1.0,1.0,54.0,40.0,22.0,9.0,10.0,1.0,5.0
2024-425,Barcelona,Clay,64,500,O,20240415,26,DH50,11.0,,Alejandro Davidovich Fokina,R,180.0,ESP,24.862,27.0,1395.0,M0FH,,,Tomas Machac,R,183.0,CZE,23.504,50.0,988.0,W/O,3,R32,0.0,,,,,,,,,,,,,,,,,,
2024-425,Barcelona,Clay,64,500,O,20240415,27,F0F1,16.0,,Arthur Fils,R,185.0,FRA,19.841,36.0,1185.0,AE14,,,Daniel Altmaier,R,188.0,GER,25.591,66.0,856.0,6-4 1-6 6-1,3,R32,105.0,1.0,0.0,65.0,41.0,32.0,12.0,12.0,1.0,3.0,0.0,0.0,73.0,49.0,31.0,13.0,12.0,2.0,5.0
2024-425,Barcelona,Clay,64,500,O,20240415,28,DH58,4.0,,Alex de Minaur,R,183.0,AUS,25.158,11.0,3510.0,N409,,PR,Rafael Nadal,L,185.0,ESP,37.867,644.0,50.0,7-5 6-1,3,R32,112.0,2.0,3.0,54.0,28.0,21.0,17.0,9.0,2.0,3.0,0.0,1.0,73.0,50.0,29.0,8.0,10.0,4.0,9.0
2024-425,Barcelona,Clay,64,500,O,20240415,29,TE51,5.0,,Stefanos Tsitsipas,R,193.0,GRE,25.676,7.0,3995.0,O513,,,Sebastian Ofner,R,191.0,AUT,27.926,43.0,1081.0,6-4 7-5,3,R32,96.0,3.0,2.0,72.0,52.0,36.0,7.0,11.0,5.0,8.0,5.0,2.0,65.0,35.0,21.0,16.0,11.0,3.0,8.0
2024-425,Barcelona,Clay,64,500,O,20240415,30,CF59,,,Roberto Carballes Baena,R,183.0,ESP,31.064,72.0,771.0,M0EJ,10.0,,Lorenzo Musetti,R,185.0,ITA,22.119,24.0,1510.0,7-6(4) 6-4,3,R32,134.0,2.0,0.0,80.0,60.0,44.0,10.0,11.0,4.0,5.0,5.0,2.0,87.0,57.0,38.0,16.0,11.0,11.0,13.0
2024-425,Barcelona,Clay,64,500,O,20240415,31,D0CG,,,Facundo Diaz Acosta,L,183.0,ARG,23.332,53.0,958.0,CG80,15.0,,Borna Coric,R,188.0,CRO,27.417,32.0,1244.0,6-2 7-5,3,R32,97.0,3.0,0.0,53.0,37.0,26.0,13.0,10.0,2.0,3.0,4.0,4.0,60.0,31.0,25.0,8.0,10.0,3.0,7.0
2024-425,Barcelona,Clay,64,500,O,20240415,32,M0CI,17.0,,Fabian Marozsan,R,193.0,HUN,24.52,39.0,1122.0,V0DZ,,,Luca Van Assche,R,178.0,FRA,19.929,99.0,625.0,6-0 3-2 RET,3,R32,42.0,6.0,0.0,33.0,24.0,18.0,6.0,6.0,0.0,0.0,1.0,3.0,32.0,19.0,10.0,4.0,5.0,2.0,5.0
2024-425,Barcelona,Clay,64,500,O,20240415,33,EA24,13.0,,Tomas Martin Etcheverry,R,196.0,ARG,24.745,30.0,1295.0,N0AE,,,Brandon Nakashima,R,188.0,USA,22.7,87.0,695.0,3-6 7-6(5) 6-4,3,R16,190.0,6.0,3.0,93.0,62.0,48.0,14.0,15.0,2.0,4.0,14.0,0.0,125.0,77.0,53.0,26.0,16.0,10.0,12.0
2024-425,Barcelona,Clay,64,500,O,20240415,34,N771,12.0,,Cameron Norrie,L,188.0,GBR,28.646,31.0,1290.0,BD06,,WC,Roberto Bautista Agut,R,183.0,ESP,36.003,84.0,703.0,6-4 6-3,3,R16,84.0,4.0,3.0,46.0,26.0,19.0,9.0,9.0,0.0,2.0,1.0,1.0,54.0,36.0,22.0,7.0,10.0,2.0,7.0
2024-425,Barcelona,Clay,64,500,O,20240415,35,RH16,3.0,,Casper Ruud,R,183.0,NOR,25.314,6.0,4025.0,TC61,14.0,,Jordan Thompson,R,183.0,AUS,29.988,33.0,1235.0,6-1 6-4,3,R16,72.0,1.0,0.0,45.0,32.0,26.0,11.0,9.0,2.0,2.0,4.0,1.0,50.0,27.0,18.0,10.0,8.0,3.0,6.0
2024-425,Barcelona,Clay,64,500,O,20240415,36,A0FC,,,Matteo Arnaldi,R,185.0,ITA,23.143,40.0,1121.0,TA29,,Q,Marco Trungelliti,R,178.0,ARG,34.204,197.0,310.0,6-3 6-0,3,R16,84.0,2.0,0.0,47.0,26.0,22.0,14.0,8.0,1.0,1.0,2.0,2.0,62.0,38.0,21.0,9.0,7.0,10.0,14.0
2024-425,Barcelona,Clay,64,500,O,20240415,37,L987,,,Dusan Lajovic,R,183.0,SRB,33.793,59.0,896.0,DH50,11.0,,Alejandro Davidovich Fokina,R,180.0,ESP,24.862,27.0,1395.0,7-6(10) 3-6 6-1,3,R16,150.0,2.0,3.0,117.0,86.0,56.0,10.0,14.0,10.0,15.0,0.0,3.0,92.0,62.0,35.0,16.0,14.0,4.0,10.0
2024-425,Barcelona,Clay,64,500,O,20240415,38,F0F1,16.0,,Arthur Fils,R,185.0,FRA,19.841,36.0,1185.0,DH58,4.0,,Alex de Minaur,R,183.0,AUS,25.158,11.0,3510.0,7-5 6-2,3,R16,94.0,4.0,1.0,56.0,34.0,24.0,12.0,10.0,1.0,3.0,2.0,4.0,69.0,41.0,25.0,11.0,10.0,5.0,10.0
2024-425,Barcelona,Clay,64,500,O,20240415,39,TE51,5.0,,Stefanos Tsitsipas,R,193.0,GRE,25.676,7.0,3995.0,CF59,,,Roberto Carballes Baena,R,183.0,ESP,31.064,72.0,771.0,7-5 6-3,3,R16,106.0,7.0,2.0,80.0,48.0,34.0,18.0,11.0,5.0,6.0,1.0,2.0,67.0,49.0,30.0,11.0,10.0,8.0,11.0
2024-425,Barcelona,Clay,64,500,O,20240415,40,D0CG,,,Facundo Diaz Acosta,L,183.0,ARG,23.332,53.0,958.0,M0CI,17.0,,Fabian Marozsan,R,193.0,HUN,24.52,39.0,1122.0,3-6 6-3 6-1,3,R16,106.0,3.0,2.0,67.0,47.0,34.0,10.0,13.0,0.0,2.0,0.0,0.0,82.0,57.0,33.0,13.0,12.0,4.0,8.0
2024-425,Barcelona,Clay,64,500,O,20240415,41,EA24,13.0,,Tomas Martin Etcheverry,R,196.0,ARG,24.745,30.0,1295.0,N771,12.0,,Cameron Norrie,L,188.0,GBR,28.646,31.0,1290.0,7-6(4) 7-6(1),3,QF,149.0,7.0,2.0,92.0,57.0,44.0,17.0,12.0,4.0,5.0,3.0,2.0,88.0,59.0,43.0,13.0,12.0,3.0,4.0
2024-425,Barcelona,Clay,64,500,O,20240415,42,RH16,3.0,,Casper Ruud,R,183.0,NOR,25.314,6.0,4025.0,A0FC,,,Matteo Arnaldi,R,185.0,ITA,23.143,40.0,1121.0,6-4 6-3,3,QF,92.0,2.0,0.0,67.0,50.0,30.0,12.0,10.0,6.0,8.0,1.0,1.0,51.0,27.0,15.0,11.0,9.0,2.0,6.0
2024-425,Barcelona,Clay,64,500,O,20240415,43,L987,,,Dusan Lajovic,R,183.0,SRB,33.793,59.0,896.0,F0F1,16.0,,Arthur Fils,R,185.0,FRA,19.841,36.0,1185.0,6-4 3-6 6-2,3,QF,126.0,1.0,0.0,83.0,65.0,37.0,12.0,13.0,3.0,6.0,6.0,5.0,92.0,54.0,37.0,15.0,14.0,3.0,8.0
2024-425,Barcelona,Clay,64,500,O,20240415,44,TE51,5.0,,Stefanos Tsitsipas,R,193.0,GRE,25.676,7.0,3995.0,D0CG,,,Facundo Diaz Acosta,L,183.0,ARG,23.332,53.0,958.0,4-6 6-3 7-6(8),3,QF,152.0,3.0,7.0,104.0,67.0,49.0,17.0,16.0,4.0,8.0,1.0,3.0,85.0,52.0,41.0,17.0,15.0,3.0,7.0
2024-425,Barcelona,Clay,64,500,O,20240415,45,RH16,3.0,,Casper Ruud,R,183.0,NOR,25.314,6.0,4025.0,EA24,13.0,,Tomas Martin Etcheverry,R,196.0,ARG,24.745,30.0,1295.0,7-6(6) 6-4,3,SF,117.0,1.0,1.0,71.0,42.0,33.0,15.0,11.0,2.0,4.0,4.0,2.0,64.0,41.0,30.0,12.0,11.0,3.0,6.0
2024-425,Barcelona,Clay,64,500,O,20240415,46,TE51,5.0,,Stefanos Tsitsipas,R,193.0,GRE,25.676,7.0,3995.0,L987,,,Dusan Lajovic,R,183.0,SRB,33.793,59.0,896.0,5-7 6-4 6-2,3,SF,130.0,5.0,6.0,87.0,50.0,41.0,22.0,15.0,2.0,3.0,0.0,2.0,90.0,65.0,43.0,13.0,15.0,1.0,4.0
2024-425,Barcelona,Clay,64,500,O,20240415,47,RH16,3.0,,Casper Ruud,R,183.0,NOR,25.314,6.0,4025.0,TE51,5.0,,Stefanos Tsitsipas,R,193.0,GRE,25.676,7.0,3995.0,7-5 6-3,3,F,89.0,2.0,2.0,56.0,45.0,35.0,7.0,11.0,1.0,2.0,3.0,4.0,61.0,35.0,22.0,13.0,10.0,3.0,6.0
2024-308,Munich,Clay,32,250,O,20240415,1,GE33,,,Daniel Elahi Galan,R,191.0,COL,27.825,93.0,651.0,U182,,,Camilo Ugo Carabelli,R,185.0,ARG,24.83,109.0,579.0,7-6(2) 6-4,3,R32,134.0,5.0,2.0,70.0,45.0,35.0,15.0,11.0,2.0,3.0,3.0,4.0,103.0,56.0,37.0,21.0,11.0,15.0,17.0
2024-308,Munich,Clay,32,250,O,20240415,2,HH06,,Q,Marc-Andrea Huesler,L,196.0,SUI,27.808,223.0,266.0,T0FI,,WC,Marko Topo,R,185.0,GER,20.589,320.0,165.0,3-6 6-1 6-3,3,R32,114.0,4.0,3.0,70.0,42.0,27.0,19.0,12.0,2.0,4.0,1.0,3.0,86.0,50.0,30.0,16.0,13.0,6.0,11.0
2024-308,Munich,Clay,32,250,O,20240415,3,H997,,,Yannick Hanfmann,R,193.0,GER,32.422,61.0,894.0,S0H2,8.0,,Alexander Shevchenko,R,188.0,KAZ,23.376,63.0,879.0,6-7(6) 6-3 7-5,3,R32,149.0,0.0,2.0,109.0,76.0,56.0,17.0,17.0,2.0,3.0,7.0,1.0,107.0,73.0,50.0,17.0,16.0,2.0,5.0
2024-308,Munich,Clay,32,250,O,20240415,4,V812,,,Botic van de Zandschulp,R,191.0,NED,28.531,89.0,670.0,GE28,,Q,Ivan Gakhov,L,191.0,RUS,27.444,280.0,202.0,6-4 2-6 6-3,3,R32,162.0,2.0,5.0,93.0,48.0,29.0,21.0,14.0,9.0,15.0,2.0,4.0,110.0,57.0,33.0,22.0,13.0,15.0,21.0
2024-308,Munich,Clay,32,250,O,20240415,5,DA81,,,Taro Daniel,R,191.0,JPN,31.214,85.0,702.0,O483,,,Christopher O'Connell,R,183.0,AUS,29.867,58.0,896.0,6-3 6-4,3,R32,87.0,3.0,0.0,53.0,45.0,32.0,7.0,10.0,1.0,2.0,3.0,1.0,62.0,46.0,26.0,7.0,9.0,1.0,4.0
2024-308,Munich,Clay,32,250,O,20240415,6,AG37,5.0,,Felix Auger-Aliassime,R,193.0,CAN,23.685,34.0,1200.0,MN13,,,Maximilian Marterer,L,188.0,GER,28.835,101.0,616.0,6-7(5) 7-6(6) 7-6(3),3,R32,204.0,11.0,5.0,120.0,72.0,56.0,26.0,18.0,3.0,5.0,4.0,2.0,116.0,79.0,55.0,23.0,18.0,6.0,8.0
2024-308,Munich,Clay,32,250,O,20240415,7,D0CO,6.0,,Jack Draper,L,193.0,GBR,22.313,46.0,1066.0,KI82,,,Vit Kopriva,R,178.0,CZE,26.834,119.0,520.0,6-1 5-7 6-4,3,R32,132.0,4.0,1.0,82.0,56.0,42.0,10.0,15.0,2.0,6.0,4.0,3.0,82.0,53.0,35.0,10.0,14.0,4.0,10.0
2024-308,Munich,Clay,32,250,O,20240415,8,M0AC,,WC,Rudolf Molleker,R,188.0,GER,23.469,179.0,341.0,P0CT,,Q,Francesco Passaro,R,180.0,ITA,23.269,235.0,252.0,6-4 6-2,3,R32,68.0,9.0,1.0,55.0,28.0,21.0,18.0,9.0,1.0,1.0,4.0,3.0,45.0,28.0,20.0,9.0,9.0,0.0,3.0
2024-308,Munich,Clay,32,250,O,20240415,9,M0HT,,Q,Alejandro Moro Canas,R,183.0,ESP,23.354,240.0,243.0,TB69,,,Dominic Thiem,R,185.0,AUT,30.615,105.0,601.0,6-4 6-4,3,R32,109.0,3.0,1.0,77.0,58.0,38.0,7.0,10.0,5.0,8.0,2.0,2.0,57.0,29.0,16.0,14.0,10.0,1.0,6.0
2024-308,Munich,Clay,32,250,O,20240415,10,GD64,,,Cristian Garin,R,185.0,CHI,27.877,106.0,598.0,KE73,7.0,,Dominik Koepfer,L,180.0,GER,29.963,54.0,938.0,7-6(3) 6-3,3,R32,97.0,5.0,2.0,64.0,44.0,35.0,13.0,11.0,4.0,5.0,0.0,1.0,69.0,45.0,32.0,10.0,10.0,7.0,9.0
2024-308,Munich,Clay,32,250,O,20240415,11,M0QI,,,Alex Michelsen,R,193.0,USA,19.639,70.0,790.0,R0ED,,WC,Max Hans Rehberg,R,183.0,GER,20.589,473.0,87.0,7-6(2) 6-3,3,R32,102.0,2.0,1.0,76.0,56.0,34.0,14.0,11.0,4.0,7.0,0.0,5.0,55.0,36.0,20.0,9.0,10.0,0.0,4.0
2024-308,Munich,Clay,32,250,O,20240415,12,R09X,,,Jurij Rodionov,L,191.0,AUT,24.917,118.0,520.0,V832,,,Aleksandar Vukic,R,188.0,AUS,28.025,65.0,857.0,6-2 6-3,3,R32,84.0,4.0,4.0,68.0,40.0,32.0,10.0,9.0,0.0,1.0,7.0,2.0,57.0,36.0,22.0,5.0,8.0,6.0,10.0
2024-308,Munich,Clay,32,250,O,20240415,13,R0DG,2.0,,Holger Rune,R,188.0,DEN,20.964,12.0,3395.0,GE33,,,Daniel Elahi Galan,R,191.0,COL,27.825,93.0,651.0,6-4 6-2,3,R16,99.0,7.0,2.0,54.0,28.0,26.0,13.0,9.0,1.0,1.0,2.0,1.0,65.0,43.0,25.0,11.0,9.0,1.0,4.0
2024-308,Munich,Clay,32,250,O,20240415,14,HH06,,Q,Marc-Andrea Huesler,L,196.0,SUI,27.808,223.0,266.0,H997,,,Yannick Hanfmann,R,193.0,GER,32.422,61.0,894.0,6-2 6-4,3,R16,91.0,5.0,2.0,59.0,37.0,27.0,13.0,9.0,4.0,5.0,2.0,1.0,61.0,38.0,21.0,12.0,9.0,0.0,4.0
2024-308,Munich,Clay,32,250,O,20240415,15,SL28,4.0,,Jan-Lennard Struff,R,193.0,GER,33.974,28.0,1388.0,V812,,,Botic van de Zandschulp,R,191.0,NED,28.531,89.0,670.0,7-6(0) 6-4,3,R16,127.0,7.0,2.0,75.0,42.0,30.0,20.0,11.0,4.0,5.0,3.0,4.0,105.0,74.0,46.0,13.0,11.0,11.0,13.0
2024-308,Munich,Clay,32,250,O,20240415,16,AG37,5.0,,Felix Auger-Aliassime,R,193.0,CAN,23.685,34.0,1200.0,DA81,,,Taro Daniel,R,191.0,JPN,31.214,85.0,702.0,6-3 6-2,3,R16,84.0,9.0,2.0,63.0,40.0,32.0,9.0,9.0,3.0,4.0,0.0,1.0,44.0,35.0,17.0,5.0,8.0,0.0,4.0
2024-308,Munich,Clay,32,250,O,20240415,17,D0CO,6.0,,Jack Draper,L,193.0,GBR,22.313,46.0,1066.0,M0AC,,WC,Rudolf Molleker,R,188.0,GER,23.469,179.0,341.0,4-6 6-1 6-1,3,R16,95.0,9.0,2.0,69.0,49.0,39.0,9.0,12.0,1.0,2.0,1.0,1.0,70.0,41.0,27.0,13.0,12.0,4.0,9.0
2024-308,Munich,Clay,32,250,O,20240415,18,FB98,3.0,,Taylor Fritz,R,196.0,USA,26.464,15.0,2450.0,M0HT,,Q,Alejandro Moro Canas,R,183.0,ESP,23.354,240.0,243.0,6-3 6-1,3,R16,73.0,9.0,0.0,40.0,25.0,22.0,10.0,8.0,0.0,0.0,4.0,2.0,66.0,50.0,25.0,8.0,8.0,6.0,10.0
2024-308,Munich,Clay,32,250,O,20240415,19,GD64,,,Cristian Garin,R,185.0,CHI,27.877,106.0,598.0,M0QI,,,Alex Michelsen,R,193.0,USA,19.639,70.0,790.0,6-7(7) 6-2 6-1,3,R16,146.0,3.0,2.0,81.0,49.0,33.0,18.0,13.0,5.0,8.0,0.0,5.0,114.0,83.0,45.0,12.0,14.0,11.0,19.0
2024-308,Munich,Clay,32,250,O,20240415,20,Z355,1.0,,Alexander Zverev,R,198.0,GER,26.987,5.0,5425.0,R09X,,,Jurij Rodionov,L,191.0,AUT,24.917,118.0,520.0,7-6(3) 6-2,3,R16,100.0,1.0,0.0,68.0,51.0,39.0,10.0,10.0,4.0,4.0,2.0,2.0,69.0,40.0,31.0,12.0,10.0,2.0,4.0
2024-308,Munich,Clay,32,250,O,20240415,21,R0DG,2.0,,Holger Rune,R,188.0,DEN,20.964,12.0,3395.0,HH06,,Q,Marc-Andrea Huesler,L,196.0,SUI,27.808,223.0,266.0,6-4 7-6(3),3,QF,101.0,3.0,0.0,76.0,52.0,41.0,15.0,11.0,4.0,4.0,7.0,1.0,72.0,49.0,33.0,14.0,11.0,5.0,6.0
2024-308,Munich,Clay,32,250,O,20240415,22,SL28,4.0,,Jan-Lennard Struff,R,193.0,GER,33.974,28.0,1388.0,AG37,5.0,,Felix Auger-Aliassime,R,193.0,CAN,23.685,34.0,1200.0,7-5 6-4,3,QF,103.0,6.0,0.0,65.0,50.0,33.0,12.0,11.0,1.0,2.0,3.0,3.0,65.0,42.0,24.0,14.0,11.0,4.0,7.0
2024-308,Munich,Clay,32,250,O,20240415,23,FB98,3.0,,Taylor Fritz,R,196.0,USA,26.464,15.0,2450.0,D0CO,6.0,,Jack Draper,L,193.0,GBR,22.313,46.0,1066.0,4-6 6-3 7-6(1),3,QF,135.0,18.0,0.0,96.0,75.0,60.0,13.0,16.0,6.0,7.0,10.0,2.0,92.0,60.0,46.0,18.0,15.0,0.0,1.0
2024-308,Munich,Clay,32,250,O,20240415,24,GD64,,,Cristian Garin,R,185.0,CHI,27.877,106.0,598.0,Z355,1.0,,Alexander Zverev,R,198.0,GER,26.987,5.0,5425.0,6-4 6-4,3,QF,120.0,2.0,0.0,65.0,36.0,23.0,22.0,10.0,2.0,2.0,3.0,1.0,76.0,57.0,36.0,10.0,10.0,4.0,6.0
2024-308,Munich,Clay,32,250,O,20240415,25,SL28,4.0,,Jan-Lennard Struff,R,193.0,GER,33.974,28.0,1388.0,R0DG,2.0,,Holger Rune,R,188.0,DEN,20.964,12.0,3395.0,6-2 6-0,3,SF,45.0,8.0,1.0,36.0,20.0,19.0,10.0,7.0,1.0,1.0,0.0,2.0,41.0,26.0,13.0,4.0,7.0,2.0,7.0
2024-308,Munich,Clay,32,250,O,20240415,26,FB98,3.0,,Taylor Fritz,R,196.0,USA,26.464,15.0,2450.0,GD64,,,Cristian Garin,R,185.0,CHI,27.877,106.0,598.0,6-3 6-4,3,SF,79.0,4.0,1.0,52.0,35.0,31.0,10.0,10.0,0.0,0.0,2.0,1.0,56.0,33.0,27.0,11.0,9.0,9.0,11.0
2024-308,Munich,Clay,32,250,O,20240415,27,SL28,4.0,,Jan-Lennard Struff,R,193.0,GER,33.974,28.0,1388.0,FB98,3.0,,Taylor Fritz,R,196.0,USA,26.464,15.0,2450.0,7-5 6-3,3,F,79.0,2.0,0.0,58.0,33.0,26.0,12.0,10.0,4.0,6.0,8.0,2.0,64.0,37.0,25.0,9.0,11.0,6.0,11.0
2024-4462,Bucharest,Clay,32,250,O,20240415,1,F724,,,Marton Fucsovics,R,188.0,HUN,32.183,82.0,712.0,VA25,,Q,Valentin Vacherot,R,193.0,MON,25.413,136.0,464.0,7-6(8) 6-2,3,R32,129.0,6.0,1.0,86.0,62.0,42.0,14.0,10.0,9.0,10.0,2.0,2.0,68.0,44.0,30.0,10.0,10.0,5.0,8.0
2024-4462,Bucharest,Clay,32,250,O,20240415,2,MW02,,,Corentin Moutet,L,180.0,FRA,24.991,92.0,652.0,SU55,,WC,Denis Shapovalov,L,185.0,CAN,25.002,121.0,510.0,6-4 6-2,3,R32,83.0,0.0,0.0,45.0,30.0,24.0,9.0,9.0,1.0,2.0,5.0,6.0,63.0,31.0,21.0,10.0,9.0,7.0,11.0
2024-4462,Bucharest,Clay,32,250,O,20240415,3,BT72,7.0,,Nuno Borges,R,185.0,POR,27.151,55.0,911.0,W367,,,Stan Wawrinka,R,183.0,SUI,39.05,86.0,697.0,3-6 7-5 6-2,3,R32,129.0,6.0,1.0,87.0,49.0,40.0,22.0,14.0,6.0,7.0,2.0,1.0,85.0,42.0,30.0,26.0,15.0,2.0,5.0
2024-4462,Bucharest,Clay,32,250,O,20240415,4,RC91,,,Arthur Rinderknech,R,196.0,FRA,28.731,79.0,729.0,G09O,,,Hugo Gaston,L,173.0,FRA,23.551,96.0,642.0,6-7(6) 6-4 7-5,3,R32,165.0,11.0,2.0,104.0,65.0,49.0,27.0,17.0,3.0,4.0,3.0,3.0,104.0,59.0,48.0,24.0,17.0,7.0,10.0
2024-4462,Bucharest,Clay,32,250,O,20240415,5,A829,,Q,Radu Albot,R,175.0,MDA,34.426,139.0,459.0,K0AZ,,,Aleksandar Kovacevic,R,183.0,USA,25.629,97.0,638.0,7-6(4) 4-6 6-1,3,R32,155.0,3.0,4.0,85.0,54.0,42.0,18.0,15.0,1.0,3.0,11.0,3.0,109.0,61.0,45.0,22.0,14.0,8.0,11.0
2024-4462,Bucharest,Clay,32,250,O,20240415,6,F0FV,,WC,Joao Fonseca,R,188.0,BRA,17.651,276.0,207.0,SU87,6.0,,Lorenzo Sonego,R,191.0,ITA,28.931,51.0,986.0,7-6(5) 7-5,3,R32,124.0,4.0,2.0,77.0,54.0,38.0,13.0,12.0,1.0,3.0,2.0,1.0,72.0,51.0,34.0,12.0,12.0,5.0,8.0
2024-4462,Bucharest,Clay,32,250,O,20240415,7,MO44,8.0,,Pedro Martinez,R,185.0,ESP,26.971,57.0,897.0,TE16,,Q,Carlos Taberner,R,183.0,ESP,26.686,352.0,144.0,6-1 3-6 6-3,3,R32,160.0,1.0,5.0,76.0,57.0,34.0,10.0,13.0,4.0,9.0,1.0,4.0,87.0,60.0,34.0,8.0,12.0,10.0,17.0
2024-4462,Bucharest,Clay,32,250,O,20240415,8,KI95,,,Miomir Kecmanovic,R,183.0,SRB,24.624,60.0,895.0,GB88,,,David Goffin,R,180.0,BEL,33.355,100.0,621.0,6-4 3-6 6-3,3,R32,124.0,2.0,1.0,88.0,57.0,40.0,15.0,14.0,5.0,7.0,3.0,2.0,85.0,50.0,38.0,17.0,14.0,4.0,7.0
2024-4462,Bucharest,Clay,32,250,O,20240415,9,BK24,,Q,Gregoire Barrere,R,183.0,FRA,30.16,128.0,482.0,KD46,,,Thanasi Kokkinakis,R,193.0,AUS,28.014,94.0,650.0,7-5 6-3,3,R32,106.0,2.0,2.0,76.0,49.0,36.0,16.0,11.0,4.0,4.0,3.0,1.0,63.0,42.0,28.0,12.0,10.0,4.0,6.0
2024-4462,Bucharest,Clay,32,250,O,20240415,10,N0BS,5.0,,Mariano Navone,R,178.0,ARG,23.129,52.0,976.0,D0FJ,,,Luciano Darderi,R,183.0,ITA,22.166,64.0,875.0,6-2 6-3,3,R32,93.0,0.0,0.0,60.0,42.0,25.0,8.0,8.0,4.0,7.0,0.0,3.0,61.0,30.0,16.0,8.0,9.0,6.0,13.0
2024-4462,Bucharest,Clay,32,250,O,20240415,11,SX91,,,Thiago Seyboth Wild,R,185.0,BRA,24.099,67.0,831.0,N0BG,,,Luca Nardi,R,185.0,ITA,20.693,81.0,718.0,6-3 6-7(5) 7-6(2),3,R32,196.0,5.0,7.0,127.0,85.0,64.0,22.0,17.0,8.0,9.0,3.0,1.0,101.0,72.0,49.0,20.0,16.0,2.0,4.0
2024-4462,Bucharest,Clay,32,250,O,20240415,12,CE77,,,Federico Coria,R,180.0,ARG,32.101,83.0,711.0,BM95,,LL,Benjamin Bonzi,R,183.0,FRA,27.849,182.0,336.0,6-4 6-2,3,R32,87.0,1.0,1.0,58.0,39.0,29.0,12.0,9.0,5.0,6.0,0.0,0.0,52.0,32.0,21.0,6.0,9.0,2.0,6.0
2024-4462,Bucharest,Clay,32,250,O,20240415,13,F724,,,Marton Fucsovics,R,188.0,HUN,32.183,82.0,712.0,GJ37,2.0,,Tallon Griekspoor,R,188.0,NED,27.786,25.0,1505.0,7-5 6-1,3,R16,91.0,5.0,2.0,60.0,44.0,33.0,9.0,9.0,4.0,4.0,1.0,2.0,65.0,40.0,22.0,13.0,10.0,2.0,6.0
2024-4462,Bucharest,Clay,32,250,O,20240415,14,MW02,,,Corentin Moutet,L,180.0,FRA,24.991,92.0,652.0,BT72,7.0,,Nuno Borges,R,185.0,POR,27.151,55.0,911.0,6-2 6-7(3) 6-2,3,R16,157.0,1.0,0.0,85.0,61.0,37.0,15.0,14.0,3.0,7.0,3.0,4.0,111.0,83.0,47.0,10.0,14.0,7.0,15.0
2024-4462,Bucharest,Clay,32,250,O,20240415,15,TE30,4.0,,Alejandro Tabilo,L,188.0,CHI,26.869,41.0,1101.0,RC91,,,Arthur Rinderknech,R,196.0,FRA,28.731,79.0,729.0,6-3 6-4,3,R16,77.0,3.0,0.0,53.0,34.0,29.0,12.0,10.0,1.0,1.0,6.0,1.0,51.0,37.0,29.0,5.0,9.0,2.0,4.0
2024-4462,Bucharest,Clay,32,250,O,20240415,16,F0FV,,WC,Joao Fonseca,R,188.0,BRA,17.651,276.0,207.0,A829,,Q,Radu Albot,R,175.0,MDA,34.426,139.0,459.0,7-6(2) 6-2,3,R16,97.0,1.0,1.0,68.0,45.0,30.0,16.0,10.0,1.0,2.0,3.0,2.0,63.0,42.0,28.0,9.0,10.0,1.0,4.0
2024-4462,Bucharest,Clay,32,250,O,20240415,17,MO44,8.0,,Pedro Martinez,R,185.0,ESP,26.971,57.0,897.0,KI95,,,Miomir Kecmanovic,R,183.0,SRB,24.624,60.0,895.0,7-6(4) 3-6 6-3,3,R16,161.0,2.0,4.0,101.0,68.0,48.0,16.0,15.0,9.0,12.0,5.0,1.0,102.0,70.0,47.0,17.0,15.0,7.0,10.0
2024-4462,Bucharest,Clay,32,250,O,20240415,18,BK24,,Q,Gregoire Barrere,R,183.0,FRA,30.16,128.0,482.0,K0AH,3.0,,Sebastian Korda,R,196.0,USA,23.778,26.0,1485.0,6-4 6-4,3,R16,76.0,1.0,0.0,60.0,42.0,24.0,8.0,10.0,4.0,8.0,1.0,0.0,52.0,28.0,16.0,10.0,10.0,2.0,8.0
2024-4462,Bucharest,Clay,32,250,O,20240415,19,N0BS,5.0,,Mariano Navone,R,178.0,ARG,23.129,52.0,976.0,SX91,,,Thiago Seyboth Wild,R,185.0,BRA,24.099,67.0,831.0,6-3 2-6 7-5,3,R16,171.0,4.0,5.0,95.0,61.0,43.0,14.0,15.0,8.0,13.0,3.0,3.0,102.0,65.0,40.0,16.0,14.0,7.0,12.0
2024-4462,Bucharest,Clay,32,250,O,20240415,20,C0AU,1.0,,Francisco Cerundolo,R,185.0,ARG,25.673,21.0,1720.0,CE77,,,Federico Coria,R,180.0,ARG,32.101,83.0,711.0,7-5 6-1,3,R16,93.0,1.0,3.0,63.0,45.0,25.0,7.0,10.0,3.0,7.0,0.0,0.0,60.0,40.0,20.0,3.0,9.0,4.0,11.0
2024-4462,Bucharest,Clay,32,250,O,20240415,21,F724,,,Marton Fucsovics,R,188.0,HUN,32.183,82.0,712.0,MW02,,,Corentin Moutet,L,180.0,FRA,24.991,92.0,652.0,4-6 6-4 6-1,3,QF,176.0,0.0,2.0,96.0,58.0,35.0,21.0,13.0,6.0,10.0,0.0,3.0,108.0,71.0,37.0,18.0,14.0,7.0,14.0
2024-4462,Bucharest,Clay,32,250,O,20240415,22,TE30,4.0,,Alejandro Tabilo,L,188.0,CHI,26.869,41.0,1101.0,F0FV,,WC,Joao Fonseca,R,188.0,BRA,17.651,276.0,207.0,4-6 7-6(5) 6-4,3,QF,138.0,8.0,1.0,96.0,67.0,47.0,12.0,16.0,3.0,7.0,4.0,4.0,100.0,66.0,44.0,20.0,16.0,7.0,11.0
2024-4462,Bucharest,Clay,32,250,O,20240415,23,BK24,,Q,Gregoire Barrere,R,183.0,FRA,30.16,128.0,482.0,MO44,8.0,,Pedro Martinez,R,185.0,ESP,26.971,57.0,897.0,6-7(2) 6-3 6-4,3,QF,173.0,7.0,3.0,98.0,63.0,44.0,19.0,16.0,2.0,5.0,2.0,2.0,109.0,74.0,45.0,17.0,15.0,8.0,13.0
2024-4462,Bucharest,Clay,32,250,O,20240415,24,N0BS,5.0,,Mariano Navone,R,178.0,ARG,23.129,52.0,976.0,C0AU,1.0,,Francisco Cerundolo,R,185.0,ARG,25.673,21.0,1720.0,5-7 6-4 7-5,3,QF,178.0,1.0,0.0,128.0,91.0,46.0,21.0,17.0,14.0,21.0,0.0,3.0,105.0,81.0,43.0,12.0,17.0,10.0,18.0
2024-4462,Bucharest,Clay,32,250,O,20240415,25,F724,,,Marton Fucsovics,R,188.0,HUN,32.183,82.0,712.0,TE30,4.0,,Alejandro Tabilo,L,188.0,CHI,26.869,41.0,1101.0,6-4 6-4,3,SF,84.0,12.0,0.0,54.0,35.0,27.0,11.0,10.0,0.0,1.0,3.0,3.0,63.0,45.0,30.0,6.0,10.0,3.0,6.0
2024-4462,Bucharest,Clay,32,250,O,20240415,26,N0BS,5.0,,Mariano Navone,R,178.0,ARG,23.129,52.0,976.0,BK24,,Q,Gregoire Barrere,R,183.0,FRA,30.16,128.0,482.0,6-3 6-4,3,SF,96.0,1.0,0.0,57.0,41.0,30.0,6.0,9.0,3.0,5.0,1.0,1.0,75.0,47.0,24.0,13.0,10.0,9.0,14.0
2024-4462,Bucharest,Clay,32,250,O,20240415,27,F724,,,Marton Fucsovics,R,188.0,HUN,32.183,82.0,712.0,N0BS,5.0,,Mariano Navone,R,178.0,ARG,23.129,52.0,976.0,6-4 7-5,3,F,126.0,1.0,6.0,67.0,40.0,25.0,16.0,11.0,4.0,7.0,2.0,1.0,77.0,53.0,30.0,10.0,11.0,3.0,8.0
2024-1536,Madrid Masters,Clay,128,M,O,20240422,1,S0H2,,,Alexander Shevchenko,R,188.0,KAZ,23.395,59.0,879.0,RC91,,,Arthur Rinderknech,R,196.0,FRA,28.75,77.0,744.0,6-4 5-7 6-3,3,R128,137.0,3.0,1.0,96.0,57.0,42.0,24.0,16.0,6.0,7.0,5.0,0.0,86.0,47.0,37.0,21.0,15.0,1.0,3.0
2024-1536,Madrid Masters,Clay,128,M,O,20240422,2,SX91,,,Thiago Seyboth Wild,R,185.0,BRA,24.118,63.0,849.0,SX50,,,Roman Safiullin,R,185.0,RUS,26.708,42.0,1139.0,6-4 6-4,3,R128,84.0,11.0,0.0,51.0,36.0,29.0,8.0,10.0,1.0,2.0,6.0,8.0,81.0,49.0,33.0,11.0,10.0,5.0,8.0
2024-1536,Madrid Masters,Clay,128,M,O,20240422,3,MU94,,,Jaume Munar,R,183.0,ESP,26.965,73.0,785.0,BT72,,,Nuno Borges,R,185.0,POR,27.17,56.0,916.0,7-5 6-4,3,R128,117.0,6.0,1.0,68.0,47.0,34.0,10.0,11.0,1.0,3.0,2.0,3.0,87.0,57.0,33.0,14.0,11.0,9.0,13.0
2024-1536,Madrid Masters,Clay,128,M,O,20240422,4,V812,,,Botic van de Zandschulp,R,191.0,NED,28.55,115.0,545.0,E865,,,Christopher Eubanks,R,201.0,USA,27.964,44.0,1087.0,6-3 6-3,3,R128,65.0,5.0,1.0,48.0,32.0,28.0,6.0,9.0,2.0,3.0,0.0,4.0,48.0,32.0,17.0,7.0,9.0,1.0,5.0
2024-1536,Madrid Masters,Clay,128,M,O,20240422,5,N0BS,,,Mariano Navone,R,178.0,ARG,23.149,41.0,1141.0,P09Z,,,Alexei Popyrin,R,196.0,AUS,24.715,46.0,1057.0,7-5 6-2,3,R128,87.0,4.0,3.0,52.0,30.0,25.0,13.0,10.0,0.0,1.0,2.0,2.0,54.0,35.0,24.0,8.0,10.0,1.0,5.0
2024-1536,Madrid Masters,Clay,128,M,O,20240422,6,DA81,,,Taro Daniel,R,191.0,JPN,31.233,85.0,717.0,V832,,,Aleksandar Vukic,R,188.0,AUS,28.044,62.0,857.0,6-2 6-7(1) 6-1,3,R128,141.0,2.0,0.0,96.0,73.0,48.0,12.0,14.0,9.0,10.0,10.0,7.0,93.0,60.0,40.0,10.0,13.0,4.0,9.0
2024-1536,Madrid Masters,Clay,128,M,O,20240422,7,S0RE,,WC,Juncheng Shang,L,180.0,CHN,19.217,111.0,560.0,MW02,,Q,Corentin Moutet,L,180.0,FRA,25.01,88.0,695.0,6-7(9) 6-2 7-6(10),3,R128,239.0,2.0,4.0,136.0,97.0,68.0,20.0,16.0,11.0,13.0,1.0,0.0,154.0,98.0,62.0,30.0,16.0,13.0,17.0
2024-1536,Madrid Masters,Clay,128,M,O,20240422,8,BF23,,Q,Facundo Bagnis,L,183.0,ARG,34.149,136.0,460.0,N0AE,,Q,Brandon Nakashima,R,188.0,USA,22.719,81.0,725.0,6-3 7-6(5),3,R128,112.0,5.0,2.0,67.0,39.0,30.0,20.0,11.0,3.0,3.0,7.0,0.0,80.0,58.0,40.0,12.0,10.0,9.0,10.0
2024-1536,Madrid Masters,Clay,128,M,O,20240422,9,CG80,,,Borna Coric,R,188.0,CRO,27.436,34.0,1244.0,HG94,,Q,Benjamin Hassan,R,183.0,LBN,29.213,159.0,395.0,6-7(5) 7-5 6-3,3,R128,154.0,6.0,1.0,101.0,69.0,56.0,19.0,17.0,2.0,2.0,4.0,4.0,118.0,76.0,58.0,19.0,16.0,7.0,9.0
2024-1536,Madrid Masters,Clay,128,M,O,20240422,10,SU55,,PR,Denis Shapovalov,L,185.0,CAN,25.021,132.0,465.0,D0CG,,,Facundo Diaz Acosta,L,183.0,ARG,23.351,47.0,1048.0,6-4 3-6 6-3,3,R128,114.0,7.0,6.0,80.0,45.0,36.0,18.0,14.0,5.0,7.0,1.0,0.0,75.0,52.0,36.0,13.0,14.0,3.0,6.0
2024-1536,Madrid Masters,Clay,128,M,O,20240422,11,M0CI,,,Fabian Marozsan,R,193.0,HUN,24.539,37.0,1164.0,KC56,,,Aslan Karatsev,R,185.0,RUS,30.631,48.0,1041.0,7-6(6) 7-6(2),3,R128,122.0,2.0,4.0,71.0,48.0,36.0,12.0,12.0,0.0,2.0,1.0,7.0,93.0,48.0,31.0,22.0,12.0,4.0,6.0
2024-1536,Madrid Masters,Clay,128,M,O,20240422,12,KI63,,Q,Lukas Klein,R,193.0,SVK,26.086,120.0,524.0,L0CX,,Q,Pablo Llamas Ruiz,R,188.0,ESP,21.525,146.0,434.0,6-1 4-6 7-6(4),3,R128,131.0,5.0,5.0,89.0,64.0,48.0,14.0,15.0,1.0,3.0,4.0,0.0,95.0,61.0,41.0,17.0,14.0,4.0,7.0
2024-1536,Madrid Masters,Clay,128,M,O,20240422,13,D0FJ,,,Luciano Darderi,R,183.0,ITA,22.185,60.0,875.0,MC65,,,Gael Monfils,R,193.0,FRA,37.64,40.0,1142.0,6-4 6-2,3,R128,77.0,2.0,1.0,48.0,26.0,21.0,14.0,9.0,1.0,2.0,2.0,4.0,62.0,30.0,18.0,14.0,9.0,1.0,5.0
2024-1536,Madrid Masters,Clay,128,M,O,20240422,14,V0DZ,,,Luca Van Assche,R,178.0,FRA,19.948,99.0,630.0,BU13,,WC,Zizou Bergs,R,185.0,BEL,24.887,103.0,597.0,6-4 6-7(0) 6-1,3,R128,173.0,1.0,4.0,109.0,75.0,52.0,16.0,14.0,10.0,11.0,10.0,3.0,105.0,67.0,47.0,14.0,15.0,8.0,13.0
2024-1536,Madrid Masters,Clay,128,M,O,20240422,15,AE14,,,Daniel Altmaier,R,188.0,GER,25.61,61.0,871.0,L0IL,,WC,Martin Landaluce,R,193.0,ESP,18.286,322.0,160.0,6-1 7-5,3,R128,94.0,7.0,3.0,58.0,36.0,29.0,8.0,10.0,4.0,6.0,1.0,5.0,58.0,31.0,17.0,11.0,9.0,7.0,12.0
2024-1536,Madrid Masters,Clay,128,M,O,20240422,16,D0CO,,,Jack Draper,L,193.0,GBR,22.333,43.0,1106.0,KD46,,Q,Thanasi Kokkinakis,R,193.0,AUS,28.033,93.0,650.0,6-3 3-6 7-5,3,R128,124.0,6.0,1.0,79.0,53.0,43.0,15.0,15.0,2.0,3.0,9.0,2.0,77.0,52.0,43.0,14.0,15.0,2.0,4.0
2024-1536,Madrid Masters,Clay,128,M,O,20240422,17,MJ08,,Q,Thiago Monteiro,L,183.0,BRA,29.895,118.0,545.0,L987,,,Dusan Lajovic,R,183.0,SRB,33.812,65.0,846.0,6-4 6-3,3,R128,72.0,3.0,1.0,50.0,35.0,31.0,10.0,10.0,0.0,0.0,2.0,1.0,50.0,31.0,19.0,13.0,9.0,0.0,2.0
2024-1536,Madrid Masters,Clay,128,M,O,20240422,18,M0JF,,Q,Hamad Medjedovic,R,188.0,SRB,20.764,130.0,475.0,K0AZ,,Q,Aleksandar Kovacevic,R,183.0,USA,25.648,97.0,638.0,4-6 7-5 6-4,3,R128,141.0,20.0,5.0,101.0,68.0,52.0,20.0,16.0,6.0,7.0,6.0,2.0,103.0,57.0,44.0,25.0,16.0,7.0,9.0
2024-1536,Madrid Masters,Clay,128,M,O,20240422,19,CG04,,,Pedro Cachin,R,185.0,ARG,29.029,91.0,653.0,O513,,,Sebastian Ofner,R,191.0,AUT,27.945,45.0,1076.0,6-3 6-3,3,R128,81.0,2.0,1.0,59.0,42.0,31.0,9.0,9.0,4.0,4.0,4.0,0.0,61.0,37.0,24.0,11.0,9.0,4.0,7.0
2024-1536,Madrid Masters,Clay,128,M,O,20240422,20,N409,,PR,Rafael Nadal,L,185.0,ESP,37.886,512.0,75.0,B0NO,,WC,Darwin Blanch,L,185.0,USA,16.567,1028.0,12.0,6-1 6-0,3,R128,64.0,2.0,0.0,39.0,24.0,19.0,11.0,7.0,0.0,0.0,2.0,2.0,39.0,27.0,14.0,2.0,6.0,4.0,9.0
2024-1536,Madrid Masters,Clay,128,M,O,20240422,21,M0FH,,,Tomas Machac,R,183.0,CZE,23.524,50.0,1013.0,RH24,,,Emil Ruusuvuori,R,188.0,FIN,25.057,71.0,795.0,6-4 1-6 6-2,3,R128,118.0,3.0,3.0,74.0,44.0,27.0,14.0,12.0,3.0,8.0,5.0,1.0,95.0,62.0,35.0,15.0,13.0,5.0,11.0
2024-1536,Madrid Masters,Clay,128,M,O,20240422,22,CF59,,,Roberto Carballes Baena,R,183.0,ESP,31.083,68.0,821.0,KE73,,,Dominik Koepfer,L,180.0,GER,29.982,54.0,938.0,6-1 3-6 7-6(5),3,R128,137.0,2.0,2.0,85.0,58.0,47.0,12.0,14.0,3.0,5.0,3.0,2.0,86.0,54.0,38.0,15.0,14.0,2.0,5.0
2024-1536,Madrid Masters,Clay,128,M,O,20240422,23,PH71,,,Max Purcell,R,185.0,AUS,26.053,80.0,731.0,GC88,,,Marcos Giron,R,180.0,USA,30.746,51.0,995.0,4-6 6-4 7-6(2),3,R128,136.0,6.0,2.0,100.0,52.0,40.0,27.0,16.0,2.0,4.0,9.0,1.0,97.0,59.0,45.0,20.0,16.0,2.0,4.0
2024-1536,Madrid Masters,Clay,128,M,O,20240422,24,A0FC,,,Matteo Arnaldi,R,185.0,ITA,23.162,36.0,1191.0,O483,,,Christopher O'Connell,R,183.0,AUS,29.886,67.0,822.0,6-4 6-1,3,R128,76.0,8.0,3.0,53.0,33.0,24.0,14.0,9.0,1.0,1.0,0.0,1.0,52.0,37.0,22.0,8.0,8.0,2.0,5.0
2024-1536,Madrid Masters,Clay,128,M,O,20240422,25,KI95,,,Miomir Kecmanovic,R,183.0,SRB,24.643,66.0,830.0,Z371,,,Zhizhen Zhang,R,193.0,CHN,27.515,49.0,1038.0,6-3 6-2,3,R128,68.0,4.0,1.0,55.0,37.0,30.0,9.0,9.0,2.0,2.0,1.0,2.0,48.0,34.0,20.0,7.0,8.0,3.0,6.0
2024-1536,Madrid Masters,Clay,128,M,O,20240422,26,F0FV,,WC,Joao Fonseca,R,188.0,BRA,17.67,242.0,241.0,M0QI,,,Alex Michelsen,R,193.0,USA,19.658,70.0,799.0,4-6 6-0 6-2,3,R128,121.0,3.0,0.0,82.0,56.0,35.0,17.0,12.0,7.0,9.0,2.0,0.0,83.0,55.0,31.0,11.0,12.0,5.0,11.0
2024-1536,Madrid Masters,Clay,128,M,O,20240422,27,AG37,,,Felix Auger-Aliassime,R,193.0,CAN,23.704,35.0,1240.0,N732,,,Yoshihito Nishioka,L,170.0,JPN,28.569,78.0,743.0,4-6 6-1 6-4,3,R128,139.0,11.0,0.0,69.0,54.0,44.0,8.0,14.0,0.0,1.0,2.0,0.0,101.0,70.0,40.0,18.0,13.0,7.0,10.0
2024-1536,Madrid Masters,Clay,128,M,O,20240422,28,M0NI,,,Jakub Mensik,R,196.0,CZE,18.639,74.0,766.0,H997,,,Yannick Hanfmann,R,193.0,GER,32.441,58.0,899.0,6-4 7-6(3),3,R128,121.0,3.0,3.0,86.0,43.0,30.0,23.0,11.0,7.0,9.0,3.0,1.0,74.0,49.0,30.0,10.0,11.0,4.0,7.0
2024-1536,Madrid Masters,Clay,128,M,O,20240422,29,BD06,,LL,Roberto Bautista Agut,R,183.0,ESP,36.022,86.0,708.0,GE33,,,Daniel Elahi Galan,R,191.0,COL,27.844,89.0,666.0,7-6(4) 4-6 6-1,3,R128,162.0,3.0,3.0,97.0,69.0,47.0,15.0,15.0,4.0,7.0,13.0,1.0,110.0,68.0,45.0,19.0,14.0,4.0,8.0
2024-1536,Madrid Masters,Clay,128,M,O,20240422,30,C0E9,,,Flavio Cobolli,R,183.0,ITA,21.963,64.0,848.0,TE30,,,Alejandro Tabilo,L,188.0,CHI,26.888,38.0,1151.0,5-7 6-4 6-4,3,R128,124.0,12.0,1.0,89.0,61.0,39.0,19.0,16.0,3.0,6.0,3.0,5.0,96.0,59.0,46.0,13.0,16.0,6.0,10.0
2024-1536,Madrid Masters,Clay,128,M,O,20240422,31,K09F,,,Pavel Kotov,R,191.0,RUS,25.426,72.0,787.0,R772,,Q,Albert Ramos-Vinolas,L,188.0,ESP,36.263,105.0,590.0,6-3 6-4,3,R128,87.0,8.0,1.0,55.0,42.0,33.0,6.0,10.0,2.0,3.0,0.0,0.0,48.0,37.0,21.0,6.0,9.0,2.0,5.0
2024-1536,Madrid Masters,Clay,128,M,O,20240422,32,SU87,,,Lorenzo Sonego,R,191.0,ITA,28.95,52.0,976.0,G628,,Q,Richard Gasquet,R,183.0,FRA,37.845,116.0,545.0,6-2 7-5,3,R128,83.0,9.0,0.0,55.0,40.0,33.0,9.0,10.0,3.0,3.0,0.0,0.0,53.0,33.0,20.0,13.0,10.0,1.0,4.0
2024-1536,Madrid Masters,Clay,128,M,O,20240422,33,A0E2,2.0,,Carlos Alcaraz,R,183.0,ESP,20.966,3.0,8145.0,S0H2,,,Alexander Shevchenko,R,188.0,KAZ,23.395,59.0,879.0,6-2 6-1,3,R64,68.0,1.0,0.0,38.0,26.0,17.0,7.0,7.0,1.0,3.0,0.0,0.0,55.0,32.0,15.0,5.0,8.0,4.0,11.0
2024-1536,Madrid Masters,Clay,128,M,O,20240422,34,SX91,,,Thiago Seyboth Wild,R,185.0,BRA,24.118,63.0,849.0,M0EJ,28.0,,Lorenzo Musetti,R,185.0,ITA,22.138,29.0,1355.0,6-4 6-4,3,R64,88.0,4.0,2.0,65.0,37.0,31.0,16.0,10.0,4.0,4.0,2.0,1.0,57.0,37.0,29.0,10.0,10.0,3.0,5.0
2024-1536,Madrid Masters,Clay,128,M,O,20240422,35,SL28,23.0,,Jan-Lennard Struff,R,193.0,GER,33.993,24.0,1628.0,MU94,,,Jaume Munar,R,183.0,ESP,26.965,73.0,785.0,6-1 7-5,3,R64,85.0,4.0,1.0,56.0,35.0,30.0,11.0,10.0,2.0,3.0,1.0,3.0,69.0,43.0,23.0,12.0,9.0,6.0,10.0
2024-1536,Madrid Masters,Clay,128,M,O,20240422,36,HH26,13.0,,Ugo Humbert,L,188.0,FRA,25.823,14.0,2535.0,V812,,,Botic van de Zandschulp,R,191.0,NED,28.55,115.0,545.0,6-3 6-3,3,R64,79.0,1.0,2.0,59.0,41.0,30.0,7.0,9.0,0.0,1.0,5.0,4.0,52.0,33.0,20.0,8.0,9.0,3.0,7.0
2024-1536,Madrid Masters,Clay,128,M,O,20240422,37,R0DG,11.0,,Holger Rune,R,188.0,DEN,20.983,12.0,3245.0,N0BS,,,Mariano Navone,R,178.0,ARG,23.149,41.0,1141.0,5-7 7-6(2) 6-4,3,R64,178.0,6.0,3.0,131.0,86.0,56.0,21.0,17.0,7.0,12.0,0.0,3.0,106.0,73.0,43.0,21.0,17.0,6.0,11.0
2024-1536,Madrid Masters,Clay,128,M,O,20240422,38,GJ37,24.0,,Tallon Griekspoor,R,188.0,NED,27.806,25.0,1505.0,DA81,,,Taro Daniel,R,191.0,JPN,31.233,85.0,717.0,4-6 6-3 6-4,3,R64,126.0,11.0,0.0,83.0,54.0,44.0,19.0,15.0,3.0,4.0,3.0,2.0,93.0,68.0,44.0,14.0,14.0,3.0,5.0
2024-1536,Madrid Masters,Clay,128,M,O,20240422,39,DH50,27.0,,Alejandro Davidovich Fokina,R,180.0,ESP,24.882,28.0,1355.0,S0RE,,WC,Juncheng Shang,L,180.0,CHN,19.217,111.0,560.0,7-5 6-3,3,R64,105.0,7.0,2.0,57.0,37.0,28.0,9.0,11.0,5.0,8.0,0.0,1.0,71.0,44.0,22.0,14.0,10.0,4.0,9.0
2024-1536,Madrid Masters,Clay,128,M,O,20240422,40,RE44,7.0,,Andrey Rublev,R,188.0,RUS,26.505,8.0,3830.0,BF23,,Q,Facundo Bagnis,L,183.0,ARG,34.149,136.0,460.0,6-1 6-4,3,R64,89.0,5.0,2.0,60.0,40.0,28.0,11.0,9.0,3.0,4.0,5.0,3.0,74.0,52.0,27.0,10.0,8.0,6.0,10.0
2024-1536,Madrid Masters,Clay,128,M,O,20240422,41,Z355,4.0,,Alexander Zverev,R,198.0,GER,27.006,5.0,5425.0,CG80,,,Borna Coric,R,188.0,CRO,27.436,34.0,1244.0,6-3 6-2,3,R64,86.0,5.0,1.0,43.0,32.0,26.0,6.0,8.0,0.0,0.0,1.0,0.0,65.0,39.0,24.0,10.0,9.0,7.0,11.0
2024-1536,Madrid Masters,Clay,128,M,O,20240422,42,SU55,,PR,Denis Shapovalov,L,185.0,CAN,25.021,132.0,465.0,EA24,26.0,,Tomas Martin Etcheverry,R,196.0,ARG,24.764,27.0,1475.0,7-6(3) 6-3,3,R64,123.0,8.0,12.0,90.0,52.0,40.0,16.0,11.0,3.0,5.0,1.0,3.0,71.0,51.0,32.0,10.0,10.0,4.0,7.0
2024-1536,Madrid Masters,Clay,128,M,O,20240422,43,C0AU,21.0,,Francisco Cerundolo,R,185.0,ARG,25.692,22.0,1680.0,M0CI,,,Fabian Marozsan,R,193.0,HUN,24.539,37.0,1164.0,6-2 7-6(5),3,R64,88.0,4.0,3.0,72.0,55.0,39.0,7.0,10.0,5.0,7.0,1.0,0.0,70.0,53.0,33.0,7.0,10.0,1.0,5.0
2024-1536,Madrid Masters,Clay,128,M,O,20240422,44,PL56,15.0,,Tommy Paul,R,185.0,USA,26.932,16.0,2350.0,KI63,,Q,Lukas Klein,R,193.0,SVK,26.086,120.0,524.0,6-7(5) 6-1 6-4,3,R64,140.0,1.0,1.0,104.0,58.0,45.0,27.0,15.0,8.0,8.0,4.0,4.0,88.0,58.0,42.0,13.0,14.0,4.0,7.0
2024-1536,Madrid Masters,Clay,128,M,O,20240422,45,FB98,12.0,,Taylor Fritz,R,196.0,USA,26.483,13.0,2560.0,D0FJ,,,Luciano Darderi,R,183.0,ITA,22.185,60.0,875.0,7-6(1) 6-4,3,R64,85.0,9.0,0.0,57.0,38.0,33.0,12.0,11.0,1.0,2.0,1.0,0.0,69.0,43.0,31.0,14.0,11.0,4.0,6.0
2024-1536,Madrid Masters,Clay,128,M,O,20240422,46,B0BI,18.0,,Sebastian Baez,R,170.0,ARG,23.316,19.0,1955.0,V0DZ,,,Luca Van Assche,R,178.0,FRA,19.948,99.0,630.0,6-4 6-7(2) 6-3,3,R64,178.0,3.0,0.0,108.0,72.0,48.0,20.0,16.0,7.0,10.0,2.0,4.0,121.0,87.0,56.0,15.0,15.0,10.0,15.0
2024-1536,Madrid Masters,Clay,128,M,O,20240422,47,AE14,,,Daniel Altmaier,R,188.0,GER,25.61,61.0,871.0,F0F1,31.0,,Arthur Fils,R,185.0,FRA,19.86,32.0,1273.0,6-2 6-3,3,R64,78.0,5.0,0.0,50.0,42.0,29.0,5.0,9.0,1.0,2.0,3.0,7.0,63.0,36.0,23.0,9.0,8.0,5.0,9.0
2024-1536,Madrid Masters,Clay,128,M,O,20240422,48,HB71,8.0,,Hubert Hurkacz,R,196.0,POL,27.192,9.0,3675.0,D0CO,,,Jack Draper,L,193.0,GBR,22.333,43.0,1106.0,6-1 7-5,3,R64,77.0,9.0,0.0,53.0,31.0,26.0,15.0,10.0,0.0,0.0,3.0,4.0,61.0,26.0,20.0,16.0,9.0,6.0,9.0
2024-1536,Madrid Masters,Clay,128,M,O,20240422,49,MJ08,,Q,Thiago Monteiro,L,183.0,BRA,29.895,118.0,545.0,TE51,6.0,,Stefanos Tsitsipas,R,193.0,GRE,25.695,7.0,4030.0,6-4 6-4,3,R64,96.0,4.0,0.0,62.0,55.0,42.0,4.0,10.0,1.0,1.0,4.0,1.0,68.0,42.0,28.0,14.0,10.0,4.0,6.0
2024-1536,Madrid Masters,Clay,128,M,O,20240422,50,L0BV,30.0,,Jiri Lehecka,R,185.0,CZE,22.453,31.0,1305.0,M0JF,,Q,Hamad Medjedovic,R,188.0,SRB,20.764,130.0,475.0,7-5 6-4,3,R64,89.0,6.0,1.0,58.0,39.0,35.0,11.0,11.0,2.0,2.0,7.0,1.0,73.0,50.0,35.0,11.0,11.0,7.0,9.0
2024-1536,Madrid Masters,Clay,128,M,O,20240422,51,CG04,,,Pedro Cachin,R,185.0,ARG,29.029,91.0,653.0,TD51,20.0,,Frances Tiafoe,R,188.0,USA,26.253,21.0,1685.0,7-6(1) 3-6 6-4,3,R64,161.0,9.0,1.0,110.0,70.0,48.0,20.0,15.0,4.0,7.0,3.0,4.0,103.0,54.0,37.0,26.0,16.0,6.0,9.0
2024-1536,Madrid Masters,Clay,128,M,O,20240422,52,N409,,PR,Rafael Nadal,L,185.0,ESP,37.886,512.0,75.0,DH58,10.0,,Alex de Minaur,R,183.0,AUS,25.177,11.0,3470.0,7-6(6) 6-3,3,R64,122.0,0.0,2.0,62.0,45.0,32.0,9.0,10.0,2.0,4.0,2.0,3.0,67.0,44.0,29.0,12.0,11.0,1.0,5.0
2024-1536,Madrid Masters,Clay,128,M,O,20240422,53,S0S1,14.0,,Ben Shelton,L,193.0,USA,21.536,15.0,2480.0,M0FH,,,Tomas Machac,R,183.0,CZE,23.524,50.0,1013.0,6-0 6-2,3,R64,58.0,4.0,2.0,44.0,28.0,22.0,8.0,7.0,1.0,1.0,1.0,4.0,51.0,34.0,17.0,5.0,7.0,8.0,13.0
2024-1536,Madrid Masters,Clay,128,M,O,20240422,54,BK92,17.0,,Alexander Bublik,R,196.0,KAZ,26.847,18.0,1992.0,CF59,,,Roberto Carballes Baena,R,183.0,ESP,31.083,68.0,821.0,1-6 6-2 6-2,3,R64,89.0,6.0,7.0,73.0,46.0,34.0,12.0,12.0,2.0,5.0,0.0,3.0,64.0,44.0,27.0,10.0,11.0,3.0,7.0
2024-1536,Madrid Masters,Clay,128,M,O,20240422,55,K0AH,25.0,,Sebastian Korda,R,196.0,USA,23.797,26.0,1485.0,PH71,,,Max Purcell,R,185.0,AUS,26.053,80.0,731.0,6-3 6-3,3,R64,66.0,5.0,1.0,42.0,28.0,26.0,10.0,9.0,0.0,0.0,3.0,0.0,66.0,41.0,24.0,14.0,9.0,5.0,8.0
2024-1536,Madrid Masters,Clay,128,M,O,20240422,56,MM58,3.0,,Daniil Medvedev,R,198.0,RUS,28.194,4.0,7085.0,A0FC,,,Matteo Arnaldi,R,185.0,ITA,23.162,36.0,1191.0,2-6 6-4 6-4,3,R64,123.0,3.0,5.0,81.0,52.0,43.0,15.0,14.0,3.0,5.0,7.0,4.0,89.0,51.0,37.0,19.0,14.0,5.0,7.0
2024-1536,Madrid Masters,Clay,128,M,O,20240422,57,RH16,5.0,,Casper Ruud,R,183.0,NOR,25.333,6.0,4480.0,KI95,,,Miomir Kecmanovic,R,183.0,SRB,24.643,66.0,830.0,6-4 6-1,3,R64,73.0,4.0,2.0,53.0,31.0,21.0,10.0,9.0,4.0,7.0,0.0,0.0,41.0,27.0,13.0,4.0,8.0,3.0,9.0
2024-1536,Madrid Masters,Clay,128,M,O,20240422,58,N771,29.0,,Cameron Norrie,L,188.0,GBR,28.665,30.0,1345.0,F0FV,,WC,Joao Fonseca,R,188.0,BRA,17.67,242.0,241.0,6-1 6-4,3,R64,67.0,1.0,2.0,54.0,38.0,32.0,9.0,9.0,4.0,4.0,3.0,1.0,49.0,35.0,23.0,6.0,8.0,2.0,5.0
2024-1536,Madrid Masters,Clay,128,M,O,20240422,59,AG37,,,Felix Auger-Aliassime,R,193.0,CAN,23.704,35.0,1240.0,ME82,19.0,,Adrian Mannarino,L,180.0,FRA,35.814,20.0,1875.0,6-0 6-4,3,R64,71.0,3.0,3.0,43.0,24.0,20.0,13.0,8.0,0.0,0.0,1.0,0.0,44.0,25.0,13.0,9.0,8.0,3.0,7.0
2024-1536,Madrid Masters,Clay,128,M,O,20240422,60,M0NI,,,Jakub Mensik,R,196.0,CZE,18.639,74.0,766.0,D875,9.0,,Grigor Dimitrov,R,191.0,BUL,32.936,10.0,3640.0,6-2 6-7(4) 6-3,3,R64,154.0,16.0,5.0,126.0,74.0,51.0,28.0,15.0,7.0,8.0,7.0,5.0,87.0,59.0,44.0,12.0,14.0,3.0,7.0
2024-1536,Madrid Masters,Clay,128,M,O,20240422,61,KE29,16.0,,Karen Khachanov,R,198.0,RUS,27.921,17.0,2080.0,BD06,,LL,Roberto Bautista Agut,R,183.0,ESP,36.022,86.0,708.0,3-6 6-3 7-5,3,R64,146.0,8.0,1.0,85.0,55.0,41.0,19.0,15.0,3.0,4.0,1.0,2.0,90.0,64.0,47.0,13.0,15.0,0.0,2.0
2024-1536,Madrid Masters,Clay,128,M,O,20240422,62,C0E9,,,Flavio Cobolli,R,183.0,ITA,21.963,64.0,848.0,J551,22.0,,Nicolas Jarry,R,201.0,CHI,28.531,23.0,1675.0,6-3 3-6 6-3,3,R64,141.0,3.0,3.0,91.0,53.0,41.0,19.0,14.0,7.0,9.0,7.0,3.0,94.0,58.0,39.0,15.0,13.0,8.0,11.0
2024-1536,Madrid Masters,Clay,128,M,O,20240422,63,K09F,,,Pavel Kotov,R,191.0,RUS,25.426,72.0,787.0,TC61,32.0,,Jordan Thompson,R,183.0,AUS,30.007,33.0,1256.0,5-7 6-4 7-5,3,R64,196.0,0.0,3.0,112.0,79.0,54.0,14.0,17.0,7.0,11.0,6.0,1.0,113.0,72.0,47.0,21.0,17.0,8.0,13.0
2024-1536,Madrid Masters,Clay,128,M,O,20240422,64,S0AG,1.0,,Jannik Sinner,R,191.0,ITA,22.683,2.0,8660.0,SU87,,,Lorenzo Sonego,R,191.0,ITA,28.95,52.0,976.0,6-0 6-3,3,R64,69.0,2.0,0.0,42.0,29.0,25.0,8.0,8.0,0.0,0.0,1.0,1.0,44.0,26.0,14.0,7.0,7.0,3.0,7.0
2024-1536,Madrid Masters,Clay,128,M,O,20240422,65,A0E2,2.0,,Carlos Alcaraz,R,183.0,ESP,20.966,3.0,8145.0,SX91,,,Thiago Seyboth Wild,R,185.0,BRA,24.118,63.0,849.0,6-3 6-3,3,R32,75.0,2.0,1.0,46.0,31.0,27.0,7.0,9.0,1.0,2.0,3.0,5.0,61.0,33.0,22.0,9.0,9.0,2.0,6.0
2024-1536,Madrid Masters,Clay,128,M,O,20240422,66,SL28,23.0,,Jan-Lennard Struff,R,193.0,GER,33.993,24.0,1628.0,HH26,13.0,,Ugo Humbert,L,188.0,FRA,25.823,14.0,2535.0,7-5 6-4,3,R32,97.0,6.0,5.0,63.0,34.0,26.0,21.0,11.0,0.0,0.0,5.0,0.0,68.0,48.0,36.0,10.0,11.0,2.0,4.0
2024-1536,Madrid Masters,Clay,128,M,O,20240422,67,GJ37,24.0,,Tallon Griekspoor,R,188.0,NED,27.806,25.0,1505.0,R0DG,11.0,,Holger Rune,R,188.0,DEN,20.983,12.0,3245.0,6-4 4-6 6-3,3,R32,133.0,5.0,2.0,84.0,52.0,42.0,20.0,15.0,2.0,3.0,5.0,2.0,105.0,67.0,42.0,22.0,14.0,10.0,12.0
2024-1536,Madrid Masters,Clay,128,M,O,20240422,68,RE44,7.0,,Andrey Rublev,R,188.0,RUS,26.505,8.0,3830.0,DH50,27.0,,Alejandro Davidovich Fokina,R,180.0,ESP,24.882,28.0,1355.0,7-6(10) 6-4,3,R32,124.0,5.0,1.0,75.0,55.0,38.0,15.0,11.0,5.0,6.0,3.0,3.0,86.0,66.0,43.0,10.0,11.0,5.0,7.0
2024-1536,Madrid Masters,Clay,128,M,O,20240422,69,Z355,4.0,,Alexander Zverev,R,198.0,GER,27.006,5.0,5425.0,SU55,,PR,Denis Shapovalov,L,185.0,CAN,25.021,132.0,465.0,6-4 7-5,3,R32,104.0,10.0,1.0,60.0,47.0,37.0,7.0,11.0,1.0,2.0,5.0,5.0,86.0,55.0,37.0,10.0,11.0,11.0,14.0
2024-1536,Madrid Masters,Clay,128,M,O,20240422,70,C0AU,21.0,,Francisco Cerundolo,R,185.0,ARG,25.692,22.0,1680.0,PL56,15.0,,Tommy Paul,R,185.0,USA,26.932,16.0,2350.0,6-7(7) 6-4 6-2,3,R32,147.0,3.0,5.0,103.0,68.0,50.0,16.0,15.0,5.0,7.0,2.0,1.0,95.0,63.0,41.0,14.0,15.0,6.0,11.0
2024-1536,Madrid Masters,Clay,128,M,O,20240422,71,FB98,12.0,,Taylor Fritz,R,196.0,USA,26.483,13.0,2560.0,B0BI,18.0,,Sebastian Baez,R,170.0,ARG,23.316,19.0,1955.0,6-2 6-3,3,R32,64.0,11.0,1.0,44.0,34.0,29.0,7.0,9.0,0.0,0.0,0.0,1.0,53.0,42.0,23.0,7.0,8.0,4.0,7.0
2024-1536,Madrid Masters,Clay,128,M,O,20240422,72,HB71,8.0,,Hubert Hurkacz,R,196.0,POL,27.192,9.0,3675.0,AE14,,,Daniel Altmaier,R,188.0,GER,25.61,61.0,871.0,6-4 7-6(2),3,R32,104.0,7.0,0.0,73.0,44.0,30.0,17.0,11.0,3.0,6.0,1.0,1.0,76.0,54.0,29.0,12.0,11.0,1.0,5.0
2024-1536,Madrid Masters,Clay,128,M,O,20240422,73,L0BV,30.0,,Jiri Lehecka,R,185.0,CZE,22.453,31.0,1305.0,MJ08,,Q,Thiago Monteiro,L,183.0,BRA,29.895,118.0,545.0,6-4 7-6(7),3,R32,121.0,10.0,3.0,68.0,44.0,34.0,15.0,11.0,1.0,2.0,3.0,2.0,77.0,52.0,36.0,14.0,11.0,2.0,4.0
2024-1536,Madrid Masters,Clay,128,M,O,20240422,74,N409,,PR,Rafael Nadal,L,185.0,ESP,37.886,512.0,75.0,CG04,,,Pedro Cachin,R,185.0,ARG,29.029,91.0,653.0,6-1 6-7(5) 6-3,3,R32,184.0,0.0,0.0,76.0,59.0,38.0,6.0,13.0,2.0,6.0,3.0,3.0,122.0,74.0,39.0,18.0,15.0,9.0,18.0
2024-1536,Madrid Masters,Clay,128,M,O,20240422,75,BK92,17.0,,Alexander Bublik,R,196.0,KAZ,26.847,18.0,1992.0,S0S1,14.0,,Ben Shelton,L,193.0,USA,21.536,15.0,2480.0,3-6 7-6(2) 6-4,3,R32,129.0,8.0,8.0,92.0,59.0,47.0,19.0,15.0,7.0,8.0,9.0,1.0,103.0,62.0,45.0,27.0,16.0,4.0,5.0
2024-1536,Madrid Masters,Clay,128,M,O,20240422,76,MM58,3.0,,Daniil Medvedev,R,198.0,RUS,28.194,4.0,7085.0,K0AH,25.0,,Sebastian Korda,R,196.0,USA,23.797,26.0,1485.0,5-7 7-6(4) 6-3,3,R32,145.0,7.0,1.0,116.0,77.0,59.0,20.0,17.0,9.0,11.0,13.0,0.0,101.0,59.0,41.0,25.0,16.0,3.0,5.0
2024-1536,Madrid Masters,Clay,128,M,O,20240422,77,RH16,5.0,,Casper Ruud,R,183.0,NOR,25.333,6.0,4480.0,N771,29.0,,Cameron Norrie,L,188.0,GBR,28.665,30.0,1345.0,6-2 6-4,3,R32,79.0,3.0,0.0,49.0,33.0,23.0,10.0,9.0,1.0,3.0,3.0,1.0,53.0,37.0,20.0,4.0,9.0,6.0,11.0
2024-1536,Madrid Masters,Clay,128,M,O,20240422,78,AG37,,,Felix Auger-Aliassime,R,193.0,CAN,23.704,35.0,1240.0,M0NI,,,Jakub Mensik,R,196.0,CZE,18.639,74.0,766.0,6-1 1-0 RET,3,R32,36.0,3.0,0.0,21.0,12.0,11.0,5.0,4.0,0.0,0.0,0.0,1.0,18.0,10.0,3.0,3.0,4.0,0.0,3.0
2024-1536,Madrid Masters,Clay,128,M,O,20240422,79,KE29,16.0,,Karen Khachanov,R,198.0,RUS,27.921,17.0,2080.0,C0E9,,,Flavio Cobolli,R,183.0,ITA,21.963,64.0,848.0,7-5 6-4,3,R32,93.0,3.0,1.0,58.0,38.0,34.0,11.0,11.0,0.0,0.0,5.0,5.0,72.0,41.0,29.0,14.0,11.0,1.0,3.0
2024-1536,Madrid Masters,Clay,128,M,O,20240422,80,S0AG,1.0,,Jannik Sinner,R,191.0,ITA,22.683,2.0,8660.0,K09F,,,Pavel Kotov,R,191.0,RUS,25.426,72.0,787.0,6-2 7-5,3,R32,98.0,3.0,0.0,57.0,38.0,27.0,9.0,10.0,3.0,6.0,0.0,3.0,61.0,34.0,18.0,13.0,10.0,7.0,13.0
2024-1536,Madrid Masters,Clay,128,M,O,20240422,81,A0E2,2.0,,Carlos Alcaraz,R,183.0,ESP,20.966,3.0,8145.0,SL28,23.0,,Jan-Lennard Struff,R,193.0,GER,33.993,24.0,1628.0,6-3 6-7(5) 7-6(4),3,R16,172.0,3.0,4.0,131.0,83.0,49.0,33.0,17.0,8.0,10.0,10.0,4.0,103.0,63.0,49.0,17.0,16.0,3.0,6.0
2024-1536,Madrid Masters,Clay,128,M,O,20240422,82,RE44,7.0,,Andrey Rublev,R,188.0,RUS,26.505,8.0,3830.0,GJ37,24.0,,Tallon Griekspoor,R,188.0,NED,27.806,25.0,1505.0,6-2 6-4,3,R16,64.0,8.0,1.0,43.0,33.0,32.0,4.0,9.0,0.0,0.0,6.0,1.0,57.0,41.0,26.0,7.0,9.0,4.0,7.0
2024-1536,Madrid Masters,Clay,128,M,O,20240422,83,C0AU,21.0,,Francisco Cerundolo,R,185.0,ARG,25.692,22.0,1680.0,Z355,4.0,,Alexander Zverev,R,198.0,GER,27.006,5.0,5425.0,6-3 6-4,3,R16,89.0,1.0,1.0,64.0,42.0,33.0,12.0,10.0,2.0,2.0,1.0,0.0,51.0,40.0,28.0,5.0,9.0,1.0,3.0
2024-1536,Madrid Masters,Clay,128,M,O,20240422,84,FB98,12.0,,Taylor Fritz,R,196.0,USA,26.483,13.0,2560.0,HB71,8.0,,Hubert Hurkacz,R,196.0,POL,27.192,9.0,3675.0,7-6(2) 6-4,3,R16,85.0,10.0,1.0,61.0,40.0,35.0,16.0,11.0,0.0,0.0,11.0,1.0,72.0,49.0,34.0,15.0,11.0,4.0,5.0
2024-1536,Madrid Masters,Clay,128,M,O,20240422,85,L0BV,30.0,,Jiri Lehecka,R,185.0,CZE,22.453,31.0,1305.0,N409,,PR,Rafael Nadal,L,185.0,ESP,37.886,512.0,75.0,7-5 6-4,3,R16,121.0,7.0,1.0,65.0,46.0,41.0,7.0,11.0,1.0,1.0,2.0,2.0,72.0,44.0,30.0,14.0,11.0,3.0,5.0
2024-1536,Madrid Masters,Clay,128,M,O,20240422,86,MM58,3.0,,Daniil Medvedev,R,198.0,RUS,28.194,4.0,7085.0,BK92,17.0,,Alexander Bublik,R,196.0,KAZ,26.847,18.0,1992.0,7-6(3) 6-4,3,R16,104.0,0.0,2.0,65.0,37.0,25.0,17.0,11.0,2.0,4.0,2.0,4.0,81.0,46.0,33.0,12.0,11.0,1.0,4.0
2024-1536,Madrid Masters,Clay,128,M,O,20240422,87,AG37,,,Felix Auger-Aliassime,R,193.0,CAN,23.704,35.0,1240.0,RH16,5.0,,Casper Ruud,R,183.0,NOR,25.333,6.0,4480.0,6-4 7-5,3,R16,119.0,3.0,4.0,69.0,41.0,32.0,14.0,11.0,2.0,3.0,6.0,0.0,72.0,59.0,35.0,9.0,11.0,5.0,8.0
2024-1536,Madrid Masters,Clay,128,M,O,20240422,88,S0AG,1.0,,Jannik Sinner,R,191.0,ITA,22.683,2.0,8660.0,KE29,16.0,,Karen Khachanov,R,198.0,RUS,27.921,17.0,2080.0,5-7 6-3 6-3,3,R16,130.0,5.0,3.0,85.0,59.0,47.0,14.0,15.0,5.0,6.0,8.0,0.0,84.0,58.0,39.0,17.0,15.0,0.0,3.0
2024-1536,Madrid Masters,Clay,128,M,O,20240422,89,RE44,7.0,,Andrey Rublev,R,188.0,RUS,26.505,8.0,3830.0,A0E2,2.0,,Carlos Alcaraz,R,183.0,ESP,20.966,3.0,8145.0,4-6 6-3 6-2,3,QF,119.0,5.0,2.0,86.0,64.0,51.0,10.0,14.0,7.0,8.0,1.0,2.0,81.0,57.0,34.0,17.0,13.0,10.0,13.0
2024-1536,Madrid Masters,Clay,128,M,O,20240422,90,FB98,12.0,,Taylor Fritz,R,196.0,USA,26.483,13.0,2560.0,C0AU,21.0,,Francisco Cerundolo,R,185.0,ARG,25.692,22.0,1680.0,6-1 3-6 6-3,3,QF,107.0,5.0,1.0,75.0,46.0,38.0,14.0,13.0,1.0,2.0,1.0,4.0,75.0,53.0,36.0,10.0,12.0,3.0,6.0
2024-1536,Madrid Masters,Clay,128,M,O,20240422,91,L0BV,30.0,,Jiri Lehecka,R,185.0,CZE,22.453,31.0,1305.0,MM58,3.0,,Daniil Medvedev,R,198.0,RUS,28.194,4.0,7085.0,6-4 RET,3,QF,41.0,2.0,0.0,24.0,16.0,15.0,5.0,5.0,0.0,0.0,1.0,1.0,33.0,23.0,15.0,6.0,5.0,2.0,3.0
2024-1536,Madrid Masters,Clay,128,M,O,20240422,92,AG37,,,Felix Auger-Aliassime,R,193.0,CAN,23.704,35.0,1240.0,S0AG,1.0,,Jannik Sinner,R,191.0,ITA,22.683,2.0,8660.0,W/O,3,QF,,,,,,,,,,,,,,,,,,,
2024-1536,Madrid Masters,Clay,128,M,O,20240422,93,RE44,7.0,,Andrey Rublev,R,188.0,RUS,26.505,8.0,3830.0,FB98,12.0,,Taylor Fritz,R,196.0,USA,26.483,13.0,2560.0,6-4 6-3,3,SF,72.0,5.0,3.0,61.0,46.0,38.0,6.0,10.0,2.0,3.0,7.0,0.0,47.0,26.0,18.0,12.0,9.0,3.0,6.0
2024-1536,Madrid Masters,Clay,128,M,O,20240422,94,AG37,,,Felix Auger-Aliassime,R,193.0,CAN,23.704,35.0,1240.0,L0BV,30.0,,Jiri Lehecka,R,185.0,CZE,22.453,31.0,1305.0,3-3 RET,3,SF,33.0,5.0,0.0,15.0,9.0,9.0,3.0,3.0,0.0,0.0,0.0,0.0,19.0,15.0,13.0,2.0,3.0,1.0,1.0
2024-1536,Madrid Masters,Clay,128,M,O,20240422,95,RE44,7.0,,Andrey Rublev,R,188.0,RUS,26.505,8.0,3830.0,AG37,,,Felix Auger-Aliassime,R,193.0,CAN,23.704,35.0,1240.0,4-6 7-5 7-5,3,F,168.0,7.0,5.0,91.0,61.0,47.0,18.0,17.0,2.0,4.0,14.0,5.0,123.0,84.0,60.0,14.0,17.0,8.0,11.0
2024-416,Rome Masters,Clay,128,M,O,20240506,1,D0CO,,,Jack Draper,L,193.0,GBR,22.371,40.0,1136.0,CG80,,,Borna Coric,R,188.0,CRO,27.474,55.0,914.0,7-5 6-1,3,R128,96.0,8.0,1.0,49.0,38.0,35.0,6.0,10.0,0.0,0.0,2.0,0.0,72.0,43.0,29.0,13.0,9.0,10.0,13.0
2024-416,Rome Masters,Clay,128,M,O,20240506,2,M0JF,,Q,Hamad Medjedovic,R,188.0,SRB,20.802,121.0,522.0,P09Z,,,Alexei Popyrin,R,196.0,AUS,24.753,42.0,1057.0,6-3 6-2,3,R128,75.0,9.0,2.0,47.0,24.0,21.0,16.0,9.0,1.0,1.0,9.0,2.0,49.0,26.0,16.0,13.0,8.0,0.0,3.0
2024-416,Rome Masters,Clay,128,M,O,20240506,3,KE73,,,Dominik Koepfer,L,180.0,GER,30.021,52.0,932.0,VA08,,WC,Andrea Vavassori,R,193.0,ITA,29.005,168.0,355.0,6-4 6-3,3,R128,87.0,5.0,3.0,62.0,39.0,33.0,10.0,10.0,3.0,4.0,3.0,1.0,64.0,43.0,28.0,8.0,9.0,5.0,8.0
2024-416,Rome Masters,Clay,128,M,O,20240506,4,KC56,,,Aslan Karatsev,R,185.0,RUS,30.669,86.0,675.0,MK66,,,Mackenzie McDonald,R,178.0,USA,29.057,76.0,735.0,4-6 6-3 6-4,3,R128,149.0,2.0,4.0,99.0,63.0,42.0,19.0,15.0,4.0,7.0,0.0,3.0,83.0,58.0,41.0,9.0,14.0,2.0,6.0
2024-416,Rome Masters,Clay,128,M,O,20240506,5,N0BG,,,Luca Nardi,R,185.0,ITA,20.75,81.0,718.0,AE14,,,Daniel Altmaier,R,188.0,GER,25.648,78.0,733.0,6-4 6-4,3,R128,88.0,1.0,1.0,61.0,40.0,30.0,8.0,10.0,4.0,6.0,2.0,1.0,53.0,42.0,25.0,3.0,10.0,0.0,4.0
2024-416,Rome Masters,Clay,128,M,O,20240506,6,L987,,,Dusan Lajovic,R,183.0,SRB,33.851,64.0,811.0,SU87,,,Lorenzo Sonego,R,191.0,ITA,28.988,47.0,996.0,6-3 6-7(5) 6-3,3,R128,151.0,3.0,1.0,100.0,75.0,56.0,15.0,16.0,4.0,5.0,7.0,4.0,94.0,57.0,44.0,17.0,14.0,5.0,8.0
2024-416,Rome Masters,Clay,128,M,O,20240506,7,SX91,,,Thiago Seyboth Wild,R,185.0,BRA,24.156,61.0,839.0,BK24,,Q,Gregoire Barrere,R,183.0,FRA,30.218,115.0,560.0,6-4 6-2,3,R128,88.0,8.0,2.0,57.0,36.0,27.0,8.0,9.0,6.0,9.0,1.0,0.0,65.0,40.0,22.0,5.0,9.0,11.0,17.0
2024-416,Rome Masters,Clay,128,M,O,20240506,8,N409,,PR,Rafael Nadal,L,185.0,ESP,37.925,305.0,175.0,BU13,,Q,Zizou Bergs,R,185.0,BEL,24.925,108.0,581.0,4-6 6-3 6-4,3,R128,173.0,3.0,4.0,93.0,58.0,39.0,22.0,15.0,7.0,9.0,7.0,4.0,78.0,44.0,30.0,21.0,14.0,4.0,7.0
2024-416,Rome Masters,Clay,128,M,O,20240506,9,GC88,,,Marcos Giron,R,180.0,USA,30.784,49.0,980.0,RH24,,,Emil Ruusuvuori,R,188.0,FIN,25.095,71.0,780.0,3-6 6-3 6-3,3,R128,147.0,2.0,0.0,93.0,54.0,35.0,18.0,13.0,4.0,8.0,2.0,3.0,86.0,55.0,31.0,15.0,14.0,9.0,15.0
2024-416,Rome Masters,Clay,128,M,O,20240506,10,MP20,,Q,Alexandre Muller,R,183.0,FRA,27.258,109.0,577.0,F724,,,Marton Fucsovics,R,188.0,HUN,32.241,50.0,957.0,4-6 7-6(5) 6-2,3,R128,141.0,3.0,1.0,90.0,62.0,46.0,16.0,15.0,0.0,2.0,4.0,1.0,87.0,50.0,40.0,18.0,15.0,4.0,7.0
2024-416,Rome Masters,Clay,128,M,O,20240506,11,A0FC,,,Matteo Arnaldi,R,185.0,ITA,23.201,37.0,1160.0,M0G4,,LL,Harold Mayot,R,180.0,FRA,22.251,130.0,499.0,3-6 7-5 6-4,3,R128,152.0,7.0,6.0,107.0,57.0,40.0,28.0,16.0,7.0,10.0,3.0,2.0,89.0,59.0,40.0,17.0,15.0,4.0,7.0
2024-416,Rome Masters,Clay,128,M,O,20240506,12,N679,,WC,Stefano Napolitano,R,196.0,ITA,29.07,125.0,506.0,W09G,,LL,J.J. Wolf,R,183.0,USA,25.374,101.0,605.0,6-2 7-6(3),3,R128,102.0,11.0,1.0,65.0,35.0,27.0,18.0,10.0,4.0,5.0,4.0,4.0,63.0,27.0,22.0,15.0,10.0,3.0,6.0
2024-416,Rome Masters,Clay,128,M,O,20240506,13,CF59,,,Roberto Carballes Baena,R,183.0,ESP,31.121,62.0,826.0,O483,,,Christopher O'Connell,R,183.0,AUS,29.925,66.0,807.0,6-7(7) 5-0 RET,3,R128,115.0,2.0,1.0,75.0,56.0,35.0,12.0,9.0,6.0,7.0,3.0,2.0,62.0,37.0,26.0,10.0,8.0,2.0,5.0
2024-416,Rome Masters,Clay,128,M,O,20240506,14,V812,,Q,Botic van de Zandschulp,R,191.0,NED,28.589,112.0,565.0,MW18,,Q,Nicolas Moreno De Alboran,R,185.0,USA,26.812,136.0,466.0,7-5 6-7(5) 7-6(4),3,R128,198.0,4.0,3.0,132.0,87.0,62.0,26.0,18.0,7.0,8.0,5.0,1.0,121.0,71.0,50.0,30.0,18.0,5.0,7.0
2024-416,Rome Masters,Clay,128,M,O,20240506,15,MU94,,,Jaume Munar,R,183.0,ESP,27.003,68.0,805.0,H0BH,,,Rinky Hijikata,R,178.0,AUS,23.198,79.0,724.0,6-4 7-5,3,R128,124.0,1.0,3.0,65.0,42.0,29.0,12.0,11.0,4.0,7.0,1.0,4.0,93.0,57.0,30.0,18.0,11.0,9.0,14.0
2024-416,Rome Masters,Clay,128,M,O,20240506,16,SL28,,,Jan-Lennard Struff,R,193.0,GER,34.031,41.0,1120.0,CG04,,,Pedro Cachin,R,185.0,ARG,29.068,99.0,613.0,6-4 6-4,3,R128,77.0,3.0,2.0,54.0,29.0,20.0,15.0,10.0,0.0,2.0,3.0,3.0,62.0,45.0,24.0,9.0,10.0,4.0,8.0
2024-416,Rome Masters,Clay,128,M,O,20240506,17,N732,,,Yoshihito Nishioka,L,170.0,JPN,28.608,80.0,721.0,O513,,,Sebastian Ofner,R,191.0,AUT,27.984,46.0,1036.0,6-3 2-6 7-6(4),3,R128,138.0,1.0,1.0,98.0,61.0,40.0,24.0,14.0,4.0,6.0,9.0,2.0,84.0,48.0,37.0,22.0,15.0,3.0,5.0
2024-416,Rome Masters,Clay,128,M,O,20240506,18,A0GC,,Q,Terence Atmane,L,193.0,FRA,22.322,137.0,463.0,E865,,,Christopher Eubanks,R,201.0,USA,28.003,43.0,1053.0,6-4 6-4,3,R128,81.0,2.0,3.0,61.0,43.0,33.0,11.0,10.0,6.0,6.0,4.0,1.0,65.0,47.0,33.0,9.0,10.0,5.0,7.0
2024-416,Rome Masters,Clay,128,M,O,20240506,19,C0E9,,,Flavio Cobolli,R,183.0,ITA,22.001,57.0,868.0,MN13,,Q,Maximilian Marterer,L,188.0,GER,28.893,98.0,616.0,6-4 6-2,3,R128,76.0,4.0,1.0,53.0,35.0,29.0,9.0,9.0,0.0,1.0,3.0,1.0,57.0,40.0,24.0,7.0,9.0,3.0,7.0
2024-416,Rome Masters,Clay,128,M,O,20240506,20,F510,,WC,Fabio Fognini,R,178.0,ITA,36.953,92.0,650.0,E687,,,Daniel Evans,R,175.0,GBR,33.955,67.0,806.0,6-4 3-6 6-2,3,R128,152.0,3.0,7.0,88.0,49.0,36.0,16.0,13.0,8.0,12.0,4.0,5.0,97.0,54.0,30.0,23.0,14.0,6.0,12.0
2024-416,Rome Masters,Clay,128,M,O,20240506,21,BT72,,,Nuno Borges,R,185.0,POR,27.209,53.0,931.0,MO44,,,Pedro Martinez,R,185.0,ESP,27.028,51.0,937.0,6-7(3) 6-4 7-6(8),3,R128,218.0,7.0,6.0,129.0,70.0,49.0,34.0,17.0,10.0,12.0,1.0,6.0,132.0,95.0,59.0,21.0,17.0,7.0,10.0
2024-416,Rome Masters,Clay,128,M,O,20240506,22,P0CT,,Q,Francesco Passaro,R,180.0,ITA,23.326,240.0,248.0,RC91,,,Arthur Rinderknech,R,196.0,FRA,28.789,73.0,754.0,6-7(3) 7-5 7-6(7),3,R128,194.0,6.0,2.0,117.0,71.0,53.0,32.0,18.0,3.0,4.0,5.0,6.0,117.0,69.0,58.0,24.0,18.0,3.0,5.0
2024-416,Rome Masters,Clay,128,M,O,20240506,23,D0FJ,,,Luciano Darderi,R,183.0,ITA,22.223,54.0,918.0,SU55,,PR,Denis Shapovalov,L,185.0,CAN,25.06,126.0,505.0,6-7(4) 6-3 7-6(4),3,R128,190.0,3.0,5.0,123.0,67.0,43.0,28.0,16.0,8.0,12.0,2.0,14.0,119.0,66.0,46.0,19.0,17.0,5.0,11.0
2024-416,Rome Masters,Clay,128,M,O,20240506,24,V832,,,Aleksandar Vukic,R,188.0,AUS,28.082,70.0,792.0,SM37,,Q,Diego Schwartzman,R,170.0,ARG,31.721,142.0,439.0,6-2 6-2,3,R128,92.0,5.0,1.0,73.0,39.0,27.0,18.0,8.0,8.0,8.0,1.0,0.0,52.0,29.0,17.0,9.0,8.0,1.0,5.0
2024-416,Rome Masters,Clay,128,M,O,20240506,25,KI95,,,Miomir Kecmanovic,R,183.0,SRB,24.682,58.0,850.0,N0AE,,Q,Brandon Nakashima,R,188.0,USA,22.757,72.0,760.0,6-4 6-4,3,R128,99.0,4.0,3.0,61.0,35.0,26.0,19.0,10.0,5.0,5.0,3.0,1.0,61.0,40.0,28.0,12.0,10.0,4.0,6.0
2024-416,Rome Masters,Clay,128,M,O,20240506,26,MJ08,,Q,Thiago Monteiro,L,183.0,BRA,29.933,106.0,590.0,MC65,,,Gael Monfils,R,193.0,FRA,37.678,38.0,1145.0,6-2 7-5,3,R128,87.0,7.0,0.0,55.0,39.0,31.0,12.0,10.0,2.0,2.0,3.0,3.0,53.0,25.0,17.0,16.0,10.0,2.0,5.0
2024-416,Rome Masters,Clay,128,M,O,20240506,27,Z371,,,Zhizhen Zhang,R,193.0,CHN,27.554,56.0,868.0,GE33,,,Daniel Elahi Galan,R,191.0,COL,27.882,90.0,656.0,6-2 7-5,3,R128,103.0,3.0,2.0,73.0,43.0,28.0,17.0,10.0,10.0,12.0,3.0,0.0,57.0,27.0,18.0,12.0,10.0,3.0,8.0
2024-416,Rome Masters,Clay,128,M,O,20240506,28,K09F,,,Pavel Kotov,R,191.0,RUS,25.465,63.0,819.0,M0QI,,,Alex Michelsen,R,193.0,USA,19.696,69.0,798.0,6-1 6-1,3,R128,81.0,4.0,0.0,43.0,32.0,22.0,8.0,7.0,0.0,0.0,0.0,3.0,50.0,34.0,16.0,5.0,7.0,3.0,8.0
2024-416,Rome Masters,Clay,128,M,O,20240506,29,S0H2,,,Alexander Shevchenko,R,188.0,KAZ,23.433,60.0,848.0,M0CI,,,Fabian Marozsan,R,193.0,HUN,24.578,36.0,1179.0,6-3 6-2,3,R128,71.0,2.0,0.0,45.0,28.0,20.0,12.0,8.0,0.0,0.0,0.0,2.0,58.0,35.0,19.0,10.0,9.0,2.0,6.0
2024-416,Rome Masters,Clay,128,M,O,20240506,30,G0GD,,,Matteo Gigante,L,180.0,ITA,22.335,139.0,456.0,Z0A1,,WC,Giulio Zeppieri,L,183.0,ITA,22.412,144.0,427.0,7-6(2) 6-4,3,R128,133.0,4.0,4.0,78.0,50.0,35.0,15.0,11.0,7.0,10.0,2.0,0.0,93.0,49.0,28.0,21.0,11.0,5.0,9.0
2024-416,Rome Masters,Clay,128,M,O,20240506,31,H997,,,Yannick Hanfmann,R,193.0,GER,32.479,59.0,848.0,M0NI,,,Jakub Mensik,R,196.0,CZE,18.678,65.0,809.0,6-3 6-2,3,R128,87.0,1.0,0.0,49.0,35.0,28.0,8.0,8.0,1.0,1.0,7.0,6.0,75.0,41.0,26.0,13.0,9.0,10.0,14.0
2024-416,Rome Masters,Clay,128,M,O,20240506,32,MW02,,LL,Corentin Moutet,L,180.0,FRA,25.049,83.0,715.0,SX50,,,Roman Safiullin,R,185.0,RUS,26.746,39.0,1138.0,3-6 7-6(1) 6-2,3,R128,153.0,2.0,4.0,89.0,52.0,41.0,17.0,14.0,5.0,8.0,3.0,4.0,99.0,64.0,42.0,18.0,15.0,5.0,9.0
2024-416,Rome Masters,Clay,128,M,O,20240506,33,MM58,2.0,,Daniil Medvedev,R,198.0,RUS,28.233,4.0,7195.0,D0CO,,,Jack Draper,L,193.0,GBR,22.371,40.0,1136.0,7-5 6-4,3,R64,107.0,3.0,2.0,70.0,35.0,29.0,14.0,11.0,7.0,10.0,2.0,3.0,66.0,32.0,21.0,14.0,11.0,4.0,9.0
2024-416,Rome Masters,Clay,128,M,O,20240506,34,M0JF,,Q,Hamad Medjedovic,R,188.0,SRB,20.802,121.0,522.0,DH50,30.0,,Alejandro Davidovich Fokina,R,180.0,ESP,24.92,33.0,1315.0,7-6(4) 6-4,3,R64,107.0,10.0,4.0,68.0,39.0,29.0,17.0,11.0,3.0,5.0,1.0,1.0,77.0,52.0,31.0,15.0,11.0,4.0,7.0
2024-416,Rome Masters,Clay,128,M,O,20240506,35,KE73,,,Dominik Koepfer,L,180.0,GER,30.021,52.0,932.0,TD51,22.0,,Frances Tiafoe,R,188.0,USA,26.292,25.0,1650.0,6-4 6-2,3,R64,94.0,5.0,5.0,69.0,39.0,27.0,20.0,9.0,5.0,5.0,5.0,2.0,61.0,32.0,21.0,14.0,9.0,3.0,6.0
2024-416,Rome Masters,Clay,128,M,O,20240506,36,PL56,14.0,,Tommy Paul,R,185.0,USA,26.971,16.0,2300.0,KC56,,,Aslan Karatsev,R,185.0,RUS,30.669,86.0,675.0,6-4 6-2,3,R64,94.0,3.0,2.0,67.0,43.0,29.0,16.0,9.0,9.0,9.0,1.0,1.0,55.0,33.0,20.0,13.0,9.0,1.0,4.0
2024-416,Rome Masters,Clay,128,M,O,20240506,37,R0DG,10.0,,Holger Rune,R,188.0,DEN,21.021,12.0,3250.0,N0BG,,,Luca Nardi,R,185.0,ITA,20.75,81.0,718.0,6-4 6-4,3,R64,102.0,1.0,1.0,67.0,39.0,31.0,17.0,10.0,6.0,6.0,1.0,3.0,59.0,28.0,20.0,17.0,10.0,2.0,4.0
2024-416,Rome Masters,Clay,128,M,O,20240506,38,B0BI,17.0,,Sebastian Baez,R,170.0,ARG,23.354,19.0,1960.0,L987,,,Dusan Lajovic,R,183.0,SRB,33.851,64.0,811.0,7-6(3) 7-6(6),3,R64,131.0,1.0,2.0,88.0,69.0,39.0,9.0,12.0,7.0,13.0,2.0,3.0,83.0,51.0,28.0,12.0,12.0,9.0,15.0
2024-416,Rome Masters,Clay,128,M,O,20240506,39,EA24,25.0,,Tomas Martin Etcheverry,R,196.0,ARG,24.802,28.0,1460.0,SX91,,,Thiago Seyboth Wild,R,185.0,BRA,24.156,61.0,839.0,6-3 7-5,3,R64,120.0,5.0,0.0,54.0,32.0,19.0,18.0,10.0,2.0,4.0,1.0,2.0,71.0,38.0,21.0,17.0,11.0,10.0,15.0
2024-416,Rome Masters,Clay,128,M,O,20240506,40,HB71,7.0,,Hubert Hurkacz,R,196.0,POL,27.231,9.0,3730.0,N409,,PR,Rafael Nadal,L,185.0,ESP,37.925,305.0,175.0,6-1 6-3,3,R64,93.0,9.0,1.0,56.0,30.0,25.0,16.0,8.0,7.0,7.0,1.0,1.0,53.0,38.0,20.0,8.0,8.0,3.0,7.0
2024-416,Rome Masters,Clay,128,M,O,20240506,41,RE44,4.0,,Andrey Rublev,R,188.0,RUS,26.543,6.0,4740.0,GC88,,,Marcos Giron,R,180.0,USA,30.784,49.0,980.0,5-7 6-4 7-5,3,R64,143.0,5.0,7.0,108.0,57.0,41.0,27.0,17.0,7.0,12.0,3.0,3.0,102.0,57.0,36.0,21.0,17.0,3.0,9.0
2024-416,Rome Masters,Clay,128,M,O,20240506,42,MP20,,Q,Alexandre Muller,R,183.0,FRA,27.258,109.0,577.0,F0F1,31.0,,Arthur Fils,R,185.0,FRA,19.899,34.0,1251.0,7-5 6-3,3,R64,92.0,1.0,2.0,61.0,34.0,24.0,18.0,10.0,2.0,3.0,11.0,6.0,72.0,35.0,27.0,15.0,11.0,3.0,7.0
2024-416,Rome Masters,Clay,128,M,O,20240506,43,J551,21.0,,Nicolas Jarry,R,201.0,CHI,28.569,24.0,1675.0,A0FC,,,Matteo Arnaldi,R,185.0,ITA,23.201,37.0,1160.0,6-2 7-6(6),3,R64,126.0,5.0,2.0,72.0,43.0,34.0,16.0,10.0,4.0,5.0,3.0,5.0,75.0,39.0,28.0,15.0,10.0,7.0,10.0
2024-416,Rome Masters,Clay,128,M,O,20240506,44,N679,,WC,Stefano Napolitano,R,196.0,ITA,29.07,125.0,506.0,S0RE,,LL,Juncheng Shang,L,180.0,CHN,19.255,105.0,590.0,6-7(3) 6-1 6-0,3,R64,139.0,3.0,3.0,85.0,45.0,35.0,22.0,13.0,2.0,3.0,1.0,2.0,72.0,45.0,28.0,11.0,12.0,3.0,9.0
2024-416,Rome Masters,Clay,128,M,O,20240506,45,DH58,9.0,,Alex de Minaur,R,183.0,AUS,25.216,11.0,3435.0,CF59,,,Roberto Carballes Baena,R,183.0,ESP,31.121,62.0,826.0,6-3 6-2,3,R64,89.0,4.0,3.0,47.0,27.0,20.0,11.0,8.0,2.0,4.0,1.0,5.0,56.0,35.0,14.0,9.0,9.0,7.0,13.0
2024-416,Rome Masters,Clay,128,M,O,20240506,46,AG37,18.0,,Felix Auger-Aliassime,R,193.0,CAN,23.743,20.0,1880.0,V812,,Q,Botic van de Zandschulp,R,191.0,NED,28.589,112.0,565.0,6-1 7-6(6),3,R64,124.0,3.0,6.0,88.0,54.0,39.0,14.0,10.0,5.0,7.0,3.0,5.0,59.0,28.0,17.0,16.0,9.0,4.0,8.0
2024-416,Rome Masters,Clay,128,M,O,20240506,47,N771,27.0,,Cameron Norrie,L,188.0,GBR,28.704,30.0,1350.0,MU94,,,Jaume Munar,R,183.0,ESP,27.003,68.0,805.0,6-3 1-6 6-3,3,R64,143.0,4.0,5.0,101.0,59.0,38.0,18.0,13.0,11.0,15.0,5.0,3.0,67.0,42.0,26.0,15.0,12.0,3.0,7.0
2024-416,Rome Masters,Clay,128,M,O,20240506,48,TE51,6.0,,Stefanos Tsitsipas,R,193.0,GRE,25.733,8.0,3860.0,SL28,,,Jan-Lennard Struff,R,193.0,GER,34.031,41.0,1120.0,6-7(1) 6-4 6-4,3,R64,152.0,5.0,4.0,103.0,64.0,46.0,20.0,16.0,5.0,8.0,9.0,4.0,122.0,77.0,57.0,15.0,16.0,11.0,16.0
2024-416,Rome Masters,Clay,128,M,O,20240506,49,D875,8.0,,Grigor Dimitrov,R,191.0,BUL,32.975,10.0,3605.0,N732,,,Yoshihito Nishioka,L,170.0,JPN,28.608,80.0,721.0,7-5 6-4,3,R64,97.0,11.0,1.0,53.0,25.0,23.0,21.0,11.0,0.0,0.0,3.0,2.0,67.0,36.0,25.0,18.0,11.0,1.0,3.0
2024-416,Rome Masters,Clay,128,M,O,20240506,50,A0GC,,Q,Terence Atmane,L,193.0,FRA,22.322,137.0,463.0,M0EJ,26.0,,Lorenzo Musetti,R,185.0,ITA,22.177,29.0,1405.0,7-5 1-0 RET,3,R64,67.0,2.0,2.0,42.0,23.0,21.0,9.0,7.0,2.0,2.0,1.0,0.0,40.0,29.0,20.0,4.0,6.0,0.0,1.0
2024-416,Rome Masters,Clay,128,M,O,20240506,51,K0AH,24.0,,Sebastian Korda,R,196.0,USA,23.836,27.0,1525.0,C0E9,,,Flavio Cobolli,R,183.0,ITA,22.001,57.0,868.0,7-6(6) 4-6 6-4,3,R64,163.0,4.0,0.0,101.0,50.0,39.0,30.0,16.0,3.0,5.0,7.0,4.0,120.0,65.0,48.0,29.0,16.0,7.0,9.0
2024-416,Rome Masters,Clay,128,M,O,20240506,52,FB98,11.0,,Taylor Fritz,R,196.0,USA,26.522,13.0,2870.0,F510,,WC,Fabio Fognini,R,178.0,ITA,36.953,92.0,650.0,6-3 6-4,3,R64,79.0,6.0,1.0,62.0,35.0,29.0,16.0,10.0,2.0,2.0,3.0,4.0,51.0,30.0,23.0,10.0,9.0,1.0,3.0
2024-416,Rome Masters,Clay,128,M,O,20240506,53,BT72,,,Nuno Borges,R,185.0,POR,27.209,53.0,931.0,BK92,15.0,,Alexander Bublik,R,196.0,KAZ,26.886,17.0,2055.0,6-4 6-4,3,R64,80.0,1.0,1.0,54.0,37.0,24.0,9.0,10.0,2.0,5.0,7.0,6.0,76.0,48.0,29.0,11.0,10.0,7.0,12.0
2024-416,Rome Masters,Clay,128,M,O,20240506,54,P0CT,,Q,Francesco Passaro,R,180.0,ITA,23.326,240.0,248.0,GJ37,23.0,,Tallon Griekspoor,R,188.0,NED,27.844,26.0,1595.0,4-6 6-3 7-6(5),3,R64,142.0,7.0,6.0,95.0,56.0,45.0,24.0,16.0,2.0,3.0,9.0,4.0,94.0,57.0,50.0,15.0,15.0,6.0,7.0
2024-416,Rome Masters,Clay,128,M,O,20240506,55,D0FJ,,,Luciano Darderi,R,183.0,ITA,22.223,54.0,918.0,N0BS,28.0,,Mariano Navone,R,178.0,ARG,23.187,31.0,1329.0,6-3 6-2,3,R64,93.0,2.0,1.0,57.0,31.0,20.0,15.0,8.0,6.0,7.0,1.0,2.0,58.0,42.0,20.0,6.0,9.0,3.0,8.0
2024-416,Rome Masters,Clay,128,M,O,20240506,56,Z355,3.0,,Alexander Zverev,R,198.0,GER,27.044,5.0,5435.0,V832,,,Aleksandar Vukic,R,188.0,AUS,28.082,70.0,792.0,6-0 6-4,3,R64,79.0,8.0,2.0,46.0,30.0,24.0,10.0,8.0,2.0,2.0,2.0,1.0,60.0,34.0,20.0,11.0,8.0,6.0,10.0
2024-416,Rome Masters,Clay,128,M,O,20240506,57,KI95,,,Miomir Kecmanovic,R,183.0,SRB,24.682,58.0,850.0,RH16,5.0,,Casper Ruud,R,183.0,NOR,25.372,7.0,4535.0,0-6 6-4 6-4,3,R64,139.0,7.0,1.0,78.0,46.0,29.0,14.0,13.0,4.0,9.0,6.0,5.0,90.0,49.0,31.0,21.0,13.0,10.0,14.0
2024-416,Rome Masters,Clay,128,M,O,20240506,58,MJ08,,Q,Thiago Monteiro,L,183.0,BRA,29.933,106.0,590.0,TC61,32.0,,Jordan Thompson,R,183.0,AUS,30.045,35.0,1191.0,6-1 6-3,3,R64,88.0,2.0,1.0,47.0,28.0,23.0,11.0,8.0,4.0,4.0,3.0,0.0,58.0,32.0,18.0,10.0,8.0,9.0,13.0
2024-416,Rome Masters,Clay,128,M,O,20240506,59,Z371,,,Zhizhen Zhang,R,193.0,CHN,27.554,56.0,868.0,ME82,19.0,,Adrian Mannarino,L,180.0,FRA,35.852,21.0,1875.0,6-1 6-3,3,R64,71.0,4.0,2.0,49.0,30.0,24.0,11.0,8.0,1.0,1.0,2.0,1.0,45.0,20.0,11.0,10.0,8.0,0.0,4.0
2024-416,Rome Masters,Clay,128,M,O,20240506,60,S0S1,12.0,,Ben Shelton,L,193.0,USA,21.574,14.0,2460.0,K09F,,,Pavel Kotov,R,191.0,RUS,25.465,63.0,819.0,4-6 6-3 6-4,3,R64,158.0,2.0,4.0,79.0,46.0,36.0,25.0,15.0,1.0,2.0,0.0,2.0,94.0,57.0,41.0,19.0,14.0,5.0,7.0
2024-416,Rome Masters,Clay,128,M,O,20240506,61,KE29,16.0,,Karen Khachanov,R,198.0,RUS,27.959,18.0,2000.0,S0H2,,,Alexander Shevchenko,R,188.0,KAZ,23.433,60.0,848.0,6-4 6-4,3,R64,101.0,6.0,2.0,69.0,37.0,31.0,17.0,10.0,3.0,3.0,3.0,2.0,68.0,36.0,25.0,17.0,10.0,1.0,3.0
2024-416,Rome Masters,Clay,128,M,O,20240506,62,C0AU,20.0,,Francisco Cerundolo,R,185.0,ARG,25.73,22.0,1870.0,G0GD,,,Matteo Gigante,L,180.0,ITA,22.335,139.0,456.0,6-1 6-3,3,R64,77.0,2.0,1.0,43.0,32.0,24.0,7.0,8.0,3.0,4.0,0.0,1.0,60.0,28.0,14.0,13.0,8.0,9.0,14.0
2024-416,Rome Masters,Clay,128,M,O,20240506,63,TE30,29.0,,Alejandro Tabilo,L,188.0,CHI,26.927,32.0,1320.0,H997,,,Yannick Hanfmann,R,193.0,GER,32.479,59.0,848.0,6-3 7-6(4),3,R64,120.0,7.0,2.0,89.0,56.0,45.0,12.0,11.0,7.0,8.0,5.0,2.0,73.0,46.0,30.0,14.0,10.0,3.0,5.0
2024-416,Rome Masters,Clay,128,M,O,20240506,64,D643,1.0,,Novak Djokovic,R,188.0,SRB,36.958,1.0,9990.0,MW02,,LL,Corentin Moutet,L,180.0,FRA,25.049,83.0,715.0,6-3 6-1,3,R64,84.0,1.0,0.0,42.0,26.0,17.0,11.0,8.0,5.0,7.0,0.0,0.0,59.0,45.0,21.0,5.0,8.0,3.0,9.0
2024-416,Rome Masters,Clay,128,M,O,20240506,65,MM58,2.0,,Daniil Medvedev,R,198.0,RUS,28.233,4.0,7195.0,M0JF,,Q,Hamad Medjedovic,R,188.0,SRB,20.802,121.0,522.0,7-6(5) 2-6 7-5,3,R32,170.0,7.0,10.0,117.0,67.0,46.0,21.0,16.0,8.0,13.0,2.0,3.0,108.0,70.0,47.0,19.0,16.0,4.0,8.0
2024-416,Rome Masters,Clay,128,M,O,20240506,66,PL56,14.0,,Tommy Paul,R,185.0,USA,26.971,16.0,2300.0,KE73,,,Dominik Koepfer,L,180.0,GER,30.021,52.0,932.0,6-4 6-3,3,R32,97.0,2.0,3.0,53.0,33.0,26.0,11.0,10.0,5.0,7.0,0.0,4.0,79.0,44.0,28.0,11.0,9.0,12.0,16.0
2024-416,Rome Masters,Clay,128,M,O,20240506,67,B0BI,17.0,,Sebastian Baez,R,170.0,ARG,23.354,19.0,1960.0,R0DG,10.0,,Holger Rune,R,188.0,DEN,21.021,12.0,3250.0,2-6 6-2 6-3,3,R32,108.0,0.0,3.0,72.0,55.0,38.0,9.0,12.0,3.0,6.0,1.0,4.0,75.0,43.0,25.0,15.0,13.0,1.0,6.0
2024-416,Rome Masters,Clay,128,M,O,20240506,68,HB71,7.0,,Hubert Hurkacz,R,196.0,POL,27.231,9.0,3730.0,EA24,25.0,,Tomas Martin Etcheverry,R,196.0,ARG,24.802,28.0,1460.0,7-6(7) 6-2,3,R32,120.0,11.0,0.0,77.0,46.0,36.0,17.0,10.0,3.0,3.0,2.0,1.0,66.0,37.0,26.0,16.0,10.0,0.0,2.0
2024-416,Rome Masters,Clay,128,M,O,20240506,69,MP20,,Q,Alexandre Muller,R,183.0,FRA,27.258,109.0,577.0,RE44,4.0,,Andrey Rublev,R,188.0,RUS,26.543,6.0,4740.0,3-6 6-3 6-2,3,R32,109.0,6.0,0.0,80.0,58.0,42.0,12.0,13.0,4.0,5.0,5.0,4.0,84.0,49.0,35.0,17.0,13.0,8.0,11.0
2024-416,Rome Masters,Clay,128,M,O,20240506,70,J551,21.0,,Nicolas Jarry,R,201.0,CHI,28.569,24.0,1675.0,N679,,WC,Stefano Napolitano,R,196.0,ITA,29.07,125.0,506.0,6-2 4-6 6-4,3,R32,141.0,8.0,3.0,84.0,51.0,39.0,16.0,14.0,5.0,7.0,2.0,3.0,81.0,42.0,26.0,24.0,14.0,4.0,8.0
2024-416,Rome Masters,Clay,128,M,O,20240506,71,DH58,9.0,,Alex de Minaur,R,183.0,AUS,25.216,11.0,3435.0,AG37,18.0,,Felix Auger-Aliassime,R,193.0,CAN,23.743,20.0,1880.0,6-7(2) 6-4 6-4,3,R32,180.0,1.0,1.0,88.0,44.0,31.0,27.0,16.0,2.0,4.0,5.0,13.0,105.0,54.0,42.0,22.0,16.0,8.0,12.0
2024-416,Rome Masters,Clay,128,M,O,20240506,72,TE51,6.0,,Stefanos Tsitsipas,R,193.0,GRE,25.733,8.0,3860.0,N771,27.0,,Cameron Norrie,L,188.0,GBR,28.704,30.0,1350.0,6-2 7-6(1),3,R32,91.0,5.0,2.0,56.0,37.0,30.0,11.0,10.0,0.0,1.0,2.0,0.0,63.0,41.0,28.0,10.0,10.0,6.0,9.0
2024-416,Rome Masters,Clay,128,M,O,20240506,73,D875,8.0,,Grigor Dimitrov,R,191.0,BUL,32.975,10.0,3605.0,A0GC,,Q,Terence Atmane,L,193.0,FRA,22.322,137.0,463.0,7-6(3) 6-3,3,R32,103.0,5.0,5.0,66.0,38.0,30.0,17.0,11.0,0.0,1.0,6.0,5.0,71.0,40.0,29.0,14.0,10.0,2.0,4.0
2024-416,Rome Masters,Clay,128,M,O,20240506,74,FB98,11.0,,Taylor Fritz,R,196.0,USA,26.522,13.0,2870.0,K0AH,24.0,,Sebastian Korda,R,196.0,USA,23.836,27.0,1525.0,6-3 6-4,3,R32,71.0,8.0,1.0,50.0,30.0,27.0,13.0,10.0,0.0,0.0,5.0,1.0,53.0,32.0,20.0,12.0,9.0,3.0,5.0
2024-416,Rome Masters,Clay,128,M,O,20240506,75,BT72,,,Nuno Borges,R,185.0,POR,27.209,53.0,931.0,P0CT,,Q,Francesco Passaro,R,180.0,ITA,23.326,240.0,248.0,4-6 7-6(8) 7-6(4),3,R32,187.0,9.0,3.0,111.0,64.0,52.0,28.0,17.0,4.0,6.0,12.0,5.0,131.0,75.0,57.0,28.0,17.0,6.0,7.0
2024-416,Rome Masters,Clay,128,M,O,20240506,76,Z355,3.0,,Alexander Zverev,R,198.0,GER,27.044,5.0,5435.0,D0FJ,,,Luciano Darderi,R,183.0,ITA,22.223,54.0,918.0,7-6(3) 6-2,3,R32,108.0,12.0,1.0,67.0,49.0,41.0,8.0,10.0,1.0,1.0,4.0,1.0,60.0,34.0,25.0,14.0,10.0,2.0,4.0
2024-416,Rome Masters,Clay,128,M,O,20240506,77,MJ08,,Q,Thiago Monteiro,L,183.0,BRA,29.933,106.0,590.0,KI95,,,Miomir Kecmanovic,R,183.0,SRB,24.682,58.0,850.0,6-2 4-6 7-6(6),3,R32,157.0,5.0,2.0,94.0,63.0,51.0,14.0,15.0,6.0,8.0,4.0,4.0,92.0,63.0,45.0,12.0,15.0,1.0,4.0
2024-416,Rome Masters,Clay,128,M,O,20240506,78,Z371,,,Zhizhen Zhang,R,193.0,CHN,27.554,56.0,868.0,S0S1,12.0,,Ben Shelton,L,193.0,USA,21.574,14.0,2460.0,6-2 6-4,3,R32,71.0,2.0,1.0,51.0,27.0,20.0,18.0,9.0,2.0,2.0,4.0,6.0,52.0,33.0,23.0,8.0,9.0,5.0,8.0
2024-416,Rome Masters,Clay,128,M,O,20240506,79,KE29,16.0,,Karen Khachanov,R,198.0,RUS,27.959,18.0,2000.0,C0AU,20.0,,Francisco Cerundolo,R,185.0,ARG,25.73,22.0,1870.0,6-2 6-4,3,R32,93.0,2.0,0.0,58.0,43.0,30.0,7.0,9.0,2.0,3.0,0.0,2.0,62.0,44.0,22.0,10.0,9.0,2.0,6.0
2024-416,Rome Masters,Clay,128,M,O,20240506,80,TE30,29.0,,Alejandro Tabilo,L,188.0,CHI,26.927,32.0,1320.0,D643,1.0,,Novak Djokovic,R,188.0,SRB,36.958,1.0,9990.0,6-2 6-3,3,R32,67.0,4.0,0.0,42.0,30.0,23.0,9.0,8.0,0.0,0.0,8.0,5.0,52.0,27.0,19.0,11.0,9.0,3.0,7.0
2024-416,Rome Masters,Clay,128,M,O,20240506,81,PL56,14.0,,Tommy Paul,R,185.0,USA,26.971,16.0,2300.0,MM58,2.0,,Daniil Medvedev,R,198.0,RUS,28.233,4.0,7195.0,6-1 6-4,3,R16,73.0,2.0,0.0,58.0,39.0,23.0,14.0,9.0,3.0,5.0,1.0,2.0,42.0,19.0,11.0,10.0,8.0,1.0,6.0
2024-416,Rome Masters,Clay,128,M,O,20240506,82,HB71,7.0,,Hubert Hurkacz,R,196.0,POL,27.231,9.0,3730.0,B0BI,17.0,,Sebastian Baez,R,170.0,ARG,23.354,19.0,1960.0,5-7 7-6(4) 6-4,3,R16,159.0,17.0,2.0,102.0,58.0,49.0,18.0,17.0,3.0,6.0,1.0,3.0,109.0,78.0,49.0,19.0,17.0,1.0,4.0
2024-416,Rome Masters,Clay,128,M,O,20240506,83,J551,21.0,,Nicolas Jarry,R,201.0,CHI,28.569,24.0,1675.0,MP20,,Q,Alexandre Muller,R,183.0,FRA,27.258,109.0,577.0,7-5 6-3,3,R16,94.0,15.0,1.0,60.0,41.0,33.0,10.0,11.0,2.0,3.0,3.0,2.0,74.0,46.0,27.0,15.0,10.0,6.0,9.0
2024-416,Rome Masters,Clay,128,M,O,20240506,84,TE51,6.0,,Stefanos Tsitsipas,R,193.0,GRE,25.733,8.0,3860.0,DH58,9.0,,Alex de Minaur,R,183.0,AUS,25.216,11.0,3435.0,6-1 6-2,3,R16,60.0,0.0,0.0,39.0,27.0,20.0,10.0,8.0,1.0,2.0,0.0,1.0,41.0,27.0,13.0,5.0,7.0,3.0,8.0
2024-416,Rome Masters,Clay,128,M,O,20240506,85,FB98,11.0,,Taylor Fritz,R,196.0,USA,26.522,13.0,2870.0,D875,8.0,,Grigor Dimitrov,R,191.0,BUL,32.975,10.0,3605.0,6-2 6-7(11) 6-1,3,R16,162.0,13.0,1.0,104.0,66.0,50.0,25.0,14.0,11.0,11.0,1.0,11.0,96.0,46.0,33.0,25.0,13.0,12.0,16.0
2024-416,Rome Masters,Clay,128,M,O,20240506,86,Z355,3.0,,Alexander Zverev,R,198.0,GER,27.044,5.0,5435.0,BT72,,,Nuno Borges,R,185.0,POR,27.209,53.0,931.0,6-2 7-5,3,R16,86.0,9.0,3.0,54.0,38.0,31.0,8.0,10.0,1.0,2.0,2.0,1.0,58.0,37.0,24.0,8.0,10.0,1.0,5.0
2024-416,Rome Masters,Clay,128,M,O,20240506,87,Z371,,,Zhizhen Zhang,R,193.0,CHN,27.554,56.0,868.0,MJ08,,Q,Thiago Monteiro,L,183.0,BRA,29.933,106.0,590.0,7-6(4) 6-3,3,R16,116.0,10.0,2.0,77.0,34.0,28.0,26.0,11.0,4.0,4.0,6.0,3.0,66.0,38.0,27.0,18.0,10.0,4.0,5.0
2024-416,Rome Masters,Clay,128,M,O,20240506,88,TE30,29.0,,Alejandro Tabilo,L,188.0,CHI,26.927,32.0,1320.0,KE29,16.0,,Karen Khachanov,R,198.0,RUS,27.959,18.0,2000.0,7-6(5) 7-6(10),3,R16,152.0,8.0,1.0,81.0,47.0,36.0,17.0,12.0,0.0,2.0,7.0,2.0,97.0,58.0,40.0,18.0,12.0,6.0,8.0
2024-416,Rome Masters,Clay,128,M,O,20240506,89,PL56,14.0,,Tommy Paul,R,185.0,USA,26.971,16.0,2300.0,HB71,7.0,,Hubert Hurkacz,R,196.0,POL,27.231,9.0,3730.0,7-5 3-6 6-3,3,QF,163.0,3.0,5.0,117.0,81.0,44.0,20.0,15.0,12.0,18.0,8.0,1.0,97.0,52.0,32.0,18.0,15.0,6.0,13.0
2024-416,Rome Masters,Clay,128,M,O,20240506,90,J551,21.0,,Nicolas Jarry,R,201.0,CHI,28.569,24.0,1675.0,TE51,6.0,,Stefanos Tsitsipas,R,193.0,GRE,25.733,8.0,3860.0,3-6 7-5 6-4,3,QF,158.0,8.0,2.0,103.0,68.0,47.0,21.0,15.0,11.0,13.0,5.0,7.0,103.0,71.0,51.0,15.0,16.0,6.0,9.0
2024-416,Rome Masters,Clay,128,M,O,20240506,91,Z355,3.0,,Alexander Zverev,R,198.0,GER,27.044,5.0,5435.0,FB98,11.0,,Taylor Fritz,R,196.0,USA,26.522,13.0,2870.0,6-4 6-3,3,QF,90.0,6.0,1.0,48.0,37.0,29.0,7.0,9.0,0.0,0.0,1.0,0.0,55.0,34.0,25.0,9.0,10.0,2.0,5.0
2024-416,Rome Masters,Clay,128,M,O,20240506,92,TE30,29.0,,Alejandro Tabilo,L,188.0,CHI,26.927,32.0,1320.0,Z371,,,Zhizhen Zhang,R,193.0,CHN,27.554,56.0,868.0,6-3 6-4,3,QF,86.0,7.0,3.0,64.0,40.0,33.0,11.0,10.0,2.0,2.0,4.0,2.0,60.0,30.0,24.0,13.0,9.0,3.0,5.0
2024-416,Rome Masters,Clay,128,M,O,20240506,93,J551,21.0,,Nicolas Jarry,R,201.0,CHI,28.569,24.0,1675.0,PL56,14.0,,Tommy Paul,R,185.0,USA,26.971,16.0,2300.0,6-3 6-7(3) 6-3,3,SF,164.0,13.0,2.0,118.0,78.0,52.0,21.0,16.0,5.0,6.0,7.0,2.0,88.0,55.0,37.0,21.0,14.0,3.0,6.0
2024-416,Rome Masters,Clay,128,M,O,20240506,94,Z355,3.0,,Alexander Zverev,R,198.0,GER,27.044,5.0,5435.0,TE30,29.0,,Alejandro Tabilo,L,188.0,CHI,26.927,32.0,1320.0,1-6 7-6(4) 6-2,3,SF,137.0,10.0,5.0,81.0,56.0,45.0,9.0,13.0,2.0,4.0,7.0,3.0,86.0,50.0,41.0,17.0,14.0,4.0,6.0
2024-416,Rome Masters,Clay,128,M,O,20240506,95,Z355,3.0,,Alexander Zverev,R,198.0,GER,27.044,5.0,5435.0,J551,21.0,,Nicolas Jarry,R,201.0,CHI,28.569,24.0,1675.0,6-4 7-5,3,F,101.0,6.0,1.0,49.0,39.0,37.0,7.0,11.0,0.0,0.0,4.0,2.0,72.0,49.0,38.0,8.0,11.0,7.0,9.0
2024-322,Geneva,Clay,32,250,O,20240520,1,O513,,Q,Sebastian Ofner,R,191.0,AUT,28.022,45.0,1010.0,H0BH,,,Rinky Hijikata,R,178.0,AUS,23.236,78.0,723.0,4-6 6-4 6-3,3,R32,119.0,6.0,2.0,79.0,40.0,33.0,18.0,15.0,2.0,6.0,0.0,2.0,85.0,52.0,33.0,14.0,14.0,4.0,9.0
2024-322,Geneva,Clay,32,250,O,20240520,2,CF59,,,Roberto Carballes Baena,R,183.0,ESP,31.159,62.0,811.0,AE14,,,Daniel Altmaier,R,188.0,GER,25.687,83.0,702.0,7-6(2) 6-4,3,R32,129.0,0.0,1.0,78.0,50.0,36.0,18.0,11.0,5.0,6.0,5.0,0.0,78.0,34.0,24.0,24.0,11.0,6.0,8.0
2024-322,Geneva,Clay,32,250,O,20240520,3,B0BI,5.0,,Sebastian Baez,R,170.0,ARG,23.392,20.0,1985.0,N897,,,Sumit Nagal,R,178.0,IND,26.76,94.0,646.0,7-6(7) 6-3,3,R32,99.0,2.0,1.0,71.0,55.0,40.0,10.0,11.0,0.0,1.0,0.0,0.0,59.0,43.0,30.0,10.0,10.0,1.0,3.0
2024-322,Geneva,Clay,32,250,O,20240520,4,C0E9,,,Flavio Cobolli,R,183.0,ITA,22.04,56.0,860.0,KC56,,,Aslan Karatsev,R,185.0,RUS,30.708,82.0,705.0,7-5 6-1,3,R32,86.0,5.0,1.0,55.0,32.0,23.0,13.0,10.0,2.0,4.0,0.0,5.0,73.0,48.0,28.0,7.0,9.0,10.0,15.0
2024-322,Geneva,Clay,32,250,O,20240520,5,RH24,,,Emil Ruusuvuori,R,188.0,FIN,25.133,66.0,768.0,GC88,,,Marcos Giron,R,180.0,USA,30.823,48.0,1000.0,6-3 6-3,3,R32,95.0,3.0,1.0,55.0,34.0,22.0,17.0,9.0,3.0,4.0,5.0,3.0,72.0,41.0,26.0,12.0,9.0,7.0,11.0
2024-322,Geneva,Clay,32,250,O,20240520,6,S0H2,,,Alexander Shevchenko,R,188.0,KAZ,23.472,61.0,825.0,M0CI,7.0,,Fabian Marozsan,R,193.0,HUN,24.616,41.0,1083.0,6-4 7-6(4),3,R32,91.0,6.0,1.0,74.0,46.0,35.0,15.0,11.0,2.0,3.0,2.0,2.0,71.0,40.0,24.0,20.0,11.0,2.0,4.0
2024-322,Geneva,Clay,32,250,O,20240520,7,M0FH,,,Tomas Machac,R,183.0,CZE,23.6,44.0,1029.0,D0CO,8.0,,Jack Draper,L,193.0,GBR,22.409,35.0,1166.0,7-6(6) 6-1,3,R32,107.0,6.0,3.0,93.0,60.0,44.0,19.0,10.0,4.0,4.0,6.0,5.0,57.0,28.0,23.0,15.0,9.0,1.0,3.0
2024-322,Geneva,Clay,32,250,O,20240520,8,MW18,,Q,Nicolas Moreno De Alboran,R,185.0,USA,26.85,140.0,462.0,GB88,,Q,David Goffin,R,180.0,BEL,33.451,115.0,550.0,6-2 6-1,3,R32,68.0,5.0,1.0,52.0,32.0,24.0,13.0,8.0,1.0,1.0,3.0,4.0,45.0,17.0,12.0,9.0,7.0,1.0,5.0
2024-322,Geneva,Clay,32,250,O,20240520,9,M0QI,,,Alex Michelsen,R,193.0,USA,19.734,65.0,795.0,K0AZ,,Q,Aleksandar Kovacevic,R,183.0,USA,25.725,88.0,668.0,3-6 6-3 6-4,3,R32,116.0,5.0,3.0,78.0,55.0,40.0,17.0,14.0,2.0,3.0,5.0,4.0,80.0,47.0,36.0,18.0,14.0,0.0,2.0
2024-322,Geneva,Clay,32,250,O,20240520,10,GJ37,6.0,,Tallon Griekspoor,R,188.0,NED,27.882,27.0,1605.0,E865,,,Christopher Eubanks,R,201.0,USA,28.041,43.0,1038.0,6-4 1-6 6-3,3,R32,104.0,4.0,3.0,70.0,32.0,23.0,24.0,13.0,1.0,3.0,10.0,4.0,83.0,57.0,44.0,11.0,13.0,5.0,7.0
2024-322,Geneva,Clay,32,250,O,20240520,11,SU55,,WC,Denis Shapovalov,L,185.0,CAN,25.098,123.0,515.0,CE77,,,Federico Coria,R,180.0,ARG,32.197,69.0,761.0,7-5 6-0,3,R32,83.0,1.0,2.0,57.0,31.0,22.0,15.0,9.0,3.0,4.0,0.0,0.0,63.0,50.0,25.0,6.0,9.0,2.0,7.0
2024-322,Geneva,Clay,32,250,O,20240520,12,H997,,,Yannick Hanfmann,R,193.0,GER,32.517,85.0,682.0,MC10,,WC,Andy Murray,R,191.0,GBR,37.016,75.0,728.0,7-5 6-2,3,R32,102.0,4.0,1.0,60.0,43.0,32.0,11.0,10.0,0.0,0.0,2.0,3.0,57.0,23.0,14.0,19.0,10.0,2.0,5.0
2024-322,Geneva,Clay,32,250,O,20240520,13,RH16,2.0,,Casper Ruud,R,183.0,NOR,25.41,7.0,4185.0,O513,,Q,Sebastian Ofner,R,191.0,AUT,28.022,45.0,1010.0,4-6 6-2 6-2,3,R16,107.0,4.0,1.0,70.0,42.0,29.0,19.0,13.0,0.0,2.0,1.0,0.0,81.0,39.0,28.0,19.0,13.0,7.0,12.0
2024-322,Geneva,Clay,32,250,O,20240520,14,B0BI,5.0,,Sebastian Baez,R,170.0,ARG,23.392,20.0,1985.0,CF59,,,Roberto Carballes Baena,R,183.0,ESP,31.159,62.0,811.0,6-3 6-0,3,R16,71.0,1.0,1.0,52.0,42.0,29.0,6.0,7.0,6.0,6.0,0.0,1.0,49.0,38.0,19.0,4.0,8.0,4.0,9.0
2024-322,Geneva,Clay,32,250,O,20240520,15,C0E9,,,Flavio Cobolli,R,183.0,ITA,22.04,56.0,860.0,S0S1,4.0,,Ben Shelton,L,193.0,USA,21.613,15.0,2500.0,4-6 7-6(1) 6-2,3,R16,121.0,6.0,4.0,86.0,60.0,47.0,13.0,15.0,3.0,5.0,8.0,9.0,101.0,61.0,46.0,14.0,15.0,4.0,7.0
2024-322,Geneva,Clay,32,250,O,20240520,16,S0H2,,,Alexander Shevchenko,R,188.0,KAZ,23.472,61.0,825.0,RH24,,,Emil Ruusuvuori,R,188.0,FIN,25.133,66.0,768.0,W/O,3,R16,,,,,,,,,,,,,,,,,,,
2024-322,Geneva,Clay,32,250,O,20240520,17,M0FH,,,Tomas Machac,R,183.0,CZE,23.6,44.0,1029.0,MW18,,Q,Nicolas Moreno De Alboran,R,185.0,USA,26.85,140.0,462.0,4-6 7-5 6-0,3,R16,116.0,10.0,2.0,86.0,61.0,47.0,13.0,14.0,3.0,4.0,12.0,2.0,81.0,48.0,34.0,14.0,14.0,1.0,5.0
2024-322,Geneva,Clay,32,250,O,20240520,18,M0QI,,,Alex Michelsen,R,193.0,USA,19.734,65.0,795.0,FB98,3.0,,Taylor Fritz,R,196.0,USA,26.56,12.0,3025.0,6-4 4-6 7-5,3,R16,159.0,2.0,2.0,95.0,70.0,44.0,15.0,16.0,4.0,8.0,10.0,3.0,118.0,67.0,42.0,22.0,16.0,8.0,13.0
2024-322,Geneva,Clay,32,250,O,20240520,19,GJ37,6.0,,Tallon Griekspoor,R,188.0,NED,27.882,27.0,1605.0,SU55,,WC,Denis Shapovalov,L,185.0,CAN,25.098,123.0,515.0,6-7(7) 7-6(4) 6-3,3,R16,142.0,5.0,6.0,104.0,59.0,50.0,28.0,17.0,0.0,1.0,10.0,4.0,97.0,62.0,51.0,20.0,16.0,0.0,2.0
2024-322,Geneva,Clay,32,250,O,20240520,20,D643,1.0,,Novak Djokovic,R,188.0,SRB,36.997,1.0,9860.0,H997,,,Yannick Hanfmann,R,193.0,GER,32.517,85.0,682.0,6-3 6-3,3,R16,89.0,3.0,2.0,68.0,45.0,32.0,12.0,9.0,10.0,11.0,3.0,0.0,50.0,42.0,24.0,3.0,9.0,5.0,9.0
2024-322,Geneva,Clay,32,250,O,20240520,21,RH16,2.0,,Casper Ruud,R,183.0,NOR,25.41,7.0,4185.0,B0BI,5.0,,Sebastian Baez,R,170.0,ARG,23.392,20.0,1985.0,6-3 3-6 6-4,3,QF,123.0,3.0,0.0,79.0,50.0,34.0,16.0,14.0,0.0,3.0,2.0,2.0,84.0,67.0,46.0,6.0,14.0,1.0,5.0
2024-322,Geneva,Clay,32,250,O,20240520,22,C0E9,,,Flavio Cobolli,R,183.0,ITA,22.04,56.0,860.0,S0H2,,,Alexander Shevchenko,R,188.0,KAZ,23.472,61.0,825.0,6-4 6-4,3,QF,82.0,1.0,1.0,69.0,38.0,31.0,14.0,10.0,5.0,6.0,2.0,1.0,56.0,40.0,25.0,11.0,10.0,2.0,5.0
2024-322,Geneva,Clay,32,250,O,20240520,23,M0FH,,,Tomas Machac,R,183.0,CZE,23.6,44.0,1029.0,M0QI,,,Alex Michelsen,R,193.0,USA,19.734,65.0,795.0,6-3 7-6(2),3,QF,89.0,5.0,2.0,62.0,41.0,33.0,12.0,11.0,1.0,2.0,1.0,1.0,57.0,43.0,31.0,6.0,10.0,1.0,3.0
2024-322,Geneva,Clay,32,250,O,20240520,24,D643,1.0,,Novak Djokovic,R,188.0,SRB,36.997,1.0,9860.0,GJ37,6.0,,Tallon Griekspoor,R,188.0,NED,27.882,27.0,1605.0,7-5 6-1,3,QF,77.0,4.0,1.0,53.0,38.0,33.0,7.0,9.0,7.0,7.0,4.0,5.0,55.0,32.0,23.0,9.0,10.0,5.0,9.0
2024-322,Geneva,Clay,32,250,O,20240520,25,RH16,2.0,,Casper Ruud,R,183.0,NOR,25.41,7.0,4185.0,C0E9,,,Flavio Cobolli,R,183.0,ITA,22.04,56.0,860.0,1-6 6-1 7-6(4),3,SF,110.0,2.0,2.0,77.0,49.0,32.0,18.0,13.0,3.0,6.0,8.0,1.0,83.0,51.0,34.0,16.0,13.0,6.0,9.0
2024-322,Geneva,Clay,32,250,O,20240520,26,M0FH,,,Tomas Machac,R,183.0,CZE,23.6,44.0,1029.0,D643,1.0,,Novak Djokovic,R,188.0,SRB,36.997,1.0,9860.0,6-4 0-6 6-1,3,SF,126.0,4.0,2.0,75.0,46.0,27.0,14.0,11.0,7.0,11.0,4.0,2.0,92.0,60.0,38.0,11.0,12.0,7.0,12.0
2024-322,Geneva,Clay,32,250,O,20240520,27,RH16,2.0,,Casper Ruud,R,183.0,NOR,25.41,7.0,4185.0,M0FH,,,Tomas Machac,R,183.0,CZE,23.6,44.0,1029.0,7-5 6-3,3,F,107.0,2.0,0.0,74.0,48.0,33.0,14.0,11.0,0.0,1.0,3.0,3.0,71.0,38.0,23.0,18.0,10.0,1.0,4.0
2024-7694,Lyon,Clay,32,250,O,20240520,1,V832,,,Aleksandar Vukic,R,188.0,AUS,28.12,93.0,647.0,MK66,,,Mackenzie McDonald,R,178.0,USA,29.095,74.0,735.0,6-2 6-2,3,R32,75.0,8.0,0.0,46.0,25.0,21.0,11.0,8.0,2.0,3.0,1.0,2.0,56.0,36.0,19.0,6.0,8.0,3.0,8.0
2024-7694,Lyon,Clay,32,250,O,20240520,2,MP20,,WC,Alexandre Muller,R,183.0,FRA,27.296,90.0,656.0,G628,,WC,Richard Gasquet,R,183.0,FRA,37.922,124.0,515.0,6-4 6-4,3,R32,101.0,3.0,1.0,65.0,39.0,27.0,14.0,10.0,4.0,5.0,7.0,4.0,71.0,40.0,27.0,13.0,10.0,6.0,9.0
2024-7694,Lyon,Clay,32,250,O,20240520,3,K09F,,,Pavel Kotov,R,191.0,RUS,25.503,57.0,849.0,CG04,,LL,Pedro Cachin,R,185.0,ARG,29.106,106.0,597.0,6-1 6-4,3,R32,69.0,6.0,1.0,38.0,24.0,22.0,10.0,8.0,0.0,0.0,0.0,2.0,53.0,32.0,18.0,10.0,9.0,2.0,6.0
2024-7694,Lyon,Clay,32,250,O,20240520,4,G09O,,Q,Hugo Gaston,L,173.0,FRA,23.647,104.0,610.0,GE33,,Q,Daniel Elahi Galan,R,191.0,COL,27.921,105.0,606.0,7-6(2) 7-6(4),3,R32,155.0,3.0,2.0,96.0,48.0,34.0,24.0,12.0,8.0,11.0,4.0,2.0,108.0,68.0,42.0,17.0,12.0,9.0,12.0
2024-7694,Lyon,Clay,32,250,O,20240520,5,M0GZ,,WC,Giovanni Mpetshi Perricard,R,203.0,FRA,20.868,117.0,541.0,SU87,,,Lorenzo Sonego,R,191.0,ITA,29.027,50.0,991.0,6-3 6-4,3,R32,79.0,8.0,0.0,50.0,34.0,28.0,12.0,10.0,0.0,0.0,2.0,3.0,53.0,37.0,28.0,7.0,9.0,2.0,4.0
2024-7694,Lyon,Clay,32,250,O,20240520,6,N732,,,Yoshihito Nishioka,L,170.0,JPN,28.646,72.0,741.0,F664,,LL,Sebastian Fanselow,R,,GER,32.389,316.0,166.0,6-0 6-1,3,R32,62.0,0.0,0.0,37.0,25.0,19.0,11.0,7.0,1.0,1.0,1.0,3.0,49.0,27.0,15.0,6.0,6.0,6.0,11.0
2024-7694,Lyon,Clay,32,250,O,20240520,7,TD51,5.0,,Frances Tiafoe,R,188.0,USA,26.33,26.0,1615.0,MU94,,,Jaume Munar,R,183.0,ESP,27.042,63.0,810.0,7-6(5) 6-4,3,R32,116.0,3.0,0.0,68.0,39.0,30.0,17.0,11.0,4.0,6.0,6.0,6.0,83.0,59.0,42.0,7.0,11.0,3.0,6.0
2024-7694,Lyon,Clay,32,250,O,20240520,8,RC91,,,Arthur Rinderknech,R,196.0,FRA,28.827,73.0,739.0,E687,,,Daniel Evans,R,175.0,GBR,33.993,60.0,831.0,6-3 4-6 7-6(6),3,R32,179.0,20.0,2.0,93.0,61.0,48.0,16.0,15.0,6.0,8.0,4.0,4.0,114.0,60.0,42.0,29.0,16.0,7.0,10.0
2024-7694,Lyon,Clay,32,250,O,20240520,9,D0FJ,,,Luciano Darderi,R,183.0,ITA,22.261,47.0,1002.0,DA81,,Q,Taro Daniel,R,191.0,JPN,31.31,81.0,713.0,7-5 7-6(3),3,R32,117.0,6.0,2.0,87.0,45.0,34.0,21.0,12.0,4.0,7.0,9.0,3.0,75.0,41.0,29.0,15.0,12.0,5.0,9.0
2024-7694,Lyon,Clay,32,250,O,20240520,10,EA24,6.0,,Tomas Martin Etcheverry,R,196.0,ARG,24.841,29.0,1410.0,S0GZ,,Q,Nikolas Sanchez Izquierdo,R,185.0,ESP,25.183,260.0,221.0,1-6 6-2 6-2,3,R32,159.0,4.0,2.0,78.0,46.0,31.0,13.0,11.0,7.0,11.0,2.0,4.0,81.0,52.0,32.0,8.0,12.0,4.0,10.0
2024-7694,Lyon,Clay,32,250,O,20240520,11,SX91,,,Thiago Seyboth Wild,R,185.0,BRA,24.194,58.0,837.0,MO44,,,Pedro Martinez,R,185.0,ESP,27.066,49.0,995.0,6-4 6-1,3,R32,78.0,6.0,2.0,50.0,26.0,19.0,13.0,9.0,1.0,3.0,0.0,4.0,58.0,45.0,24.0,4.0,8.0,2.0,7.0
2024-7694,Lyon,Clay,32,250,O,20240520,12,KE73,,,Dominik Koepfer,L,180.0,GER,30.059,67.0,767.0,BV25,,LL,Javier Barranco Cosano,L,180.0,ESP,25.506,254.0,233.0,6-4 6-7(4) 6-4,3,R32,154.0,3.0,3.0,94.0,57.0,43.0,25.0,16.0,3.0,4.0,2.0,4.0,111.0,71.0,49.0,23.0,16.0,7.0,10.0
2024-7694,Lyon,Clay,32,250,O,20240520,13,BK92,2.0,,Alexander Bublik,R,196.0,KAZ,26.924,19.0,2020.0,V832,,,Aleksandar Vukic,R,188.0,AUS,28.12,93.0,647.0,6-4 6-2,3,R16,69.0,10.0,4.0,53.0,29.0,24.0,15.0,9.0,2.0,2.0,3.0,0.0,52.0,27.0,21.0,12.0,9.0,0.0,3.0
2024-7694,Lyon,Clay,32,250,O,20240520,14,K09F,,,Pavel Kotov,R,191.0,RUS,25.503,57.0,849.0,MP20,,WC,Alexandre Muller,R,183.0,FRA,27.296,90.0,656.0,7-6(8) 6-1,3,R16,94.0,2.0,4.0,69.0,44.0,34.0,12.0,10.0,1.0,2.0,1.0,1.0,56.0,40.0,25.0,8.0,9.0,0.0,3.0
2024-7694,Lyon,Clay,32,250,O,20240520,15,G09O,,Q,Hugo Gaston,L,173.0,FRA,23.647,104.0,610.0,C0AU,4.0,,Francisco Cerundolo,R,185.0,ARG,25.769,23.0,1740.0,6-2 2-6 6-3,3,R16,97.0,2.0,1.0,75.0,48.0,30.0,14.0,12.0,2.0,5.0,4.0,0.0,75.0,52.0,30.0,13.0,13.0,3.0,8.0
2024-7694,Lyon,Clay,32,250,O,20240520,16,M0GZ,,WC,Giovanni Mpetshi Perricard,R,203.0,FRA,20.868,117.0,541.0,N732,,,Yoshihito Nishioka,L,170.0,JPN,28.646,72.0,741.0,W/O,3,R16,0.0,,,,,,,,,,,,,,,,,,
2024-7694,Lyon,Clay,32,250,O,20240520,17,RC91,,,Arthur Rinderknech,R,196.0,FRA,28.827,73.0,739.0,TD51,5.0,,Frances Tiafoe,R,188.0,USA,26.33,26.0,1615.0,7-6(7) 6-4,3,R16,132.0,8.0,5.0,82.0,43.0,37.0,19.0,11.0,8.0,9.0,13.0,2.0,88.0,49.0,37.0,17.0,11.0,7.0,9.0
2024-7694,Lyon,Clay,32,250,O,20240520,18,D0FJ,,,Luciano Darderi,R,183.0,ITA,22.261,47.0,1002.0,ME82,3.0,,Adrian Mannarino,L,180.0,FRA,35.89,22.0,1865.0,7-6(4) 6-3,3,R16,120.0,3.0,0.0,69.0,53.0,40.0,8.0,11.0,2.0,4.0,6.0,0.0,81.0,47.0,33.0,13.0,10.0,9.0,12.0
2024-7694,Lyon,Clay,32,250,O,20240520,19,EA24,6.0,,Tomas Martin Etcheverry,R,196.0,ARG,24.841,29.0,1410.0,SX91,,,Thiago Seyboth Wild,R,185.0,BRA,24.194,58.0,837.0,7-5 3-0 RET,3,R16,100.0,3.0,1.0,55.0,39.0,29.0,6.0,8.0,6.0,7.0,0.0,2.0,52.0,33.0,18.0,8.0,7.0,5.0,8.0
2024-7694,Lyon,Clay,32,250,O,20240520,20,KE73,,,Dominik Koepfer,L,180.0,GER,30.059,67.0,767.0,HH26,1.0,,Ugo Humbert,L,188.0,FRA,25.9,17.0,2285.0,2-6 6-4 6-4,3,R16,124.0,6.0,2.0,76.0,54.0,34.0,11.0,14.0,5.0,9.0,2.0,2.0,93.0,62.0,41.0,13.0,14.0,1.0,5.0
2024-7694,Lyon,Clay,32,250,O,20240520,21,BK92,2.0,,Alexander Bublik,R,196.0,KAZ,26.924,19.0,2020.0,K09F,,,Pavel Kotov,R,191.0,RUS,25.503,57.0,849.0,6-7(4) 7-6(4) 6-3,3,QF,191.0,11.0,8.0,136.0,87.0,60.0,23.0,17.0,13.0,17.0,3.0,2.0,115.0,79.0,46.0,21.0,16.0,3.0,8.0
2024-7694,Lyon,Clay,32,250,O,20240520,22,M0GZ,,WC,Giovanni Mpetshi Perricard,R,203.0,FRA,20.868,117.0,541.0,G09O,,Q,Hugo Gaston,L,173.0,FRA,23.647,104.0,610.0,6-4 4-6 6-3,3,QF,118.0,13.0,6.0,93.0,59.0,43.0,17.0,15.0,7.0,10.0,1.0,3.0,99.0,66.0,44.0,14.0,14.0,7.0,11.0
2024-7694,Lyon,Clay,32,250,O,20240520,23,D0FJ,,,Luciano Darderi,R,183.0,ITA,22.261,47.0,1002.0,RC91,,,Arthur Rinderknech,R,196.0,FRA,28.827,73.0,739.0,W/O,3,QF,0.0,,,,,,,,,,,,,,,,,,
2024-7694,Lyon,Clay,32,250,O,20240520,24,EA24,6.0,,Tomas Martin Etcheverry,R,196.0,ARG,24.841,29.0,1410.0,KE73,,,Dominik Koepfer,L,180.0,GER,30.059,67.0,767.0,6-4 6-1,3,QF,100.0,2.0,0.0,76.0,55.0,37.0,9.0,9.0,14.0,15.0,1.0,2.0,41.0,23.0,12.0,7.0,8.0,1.0,5.0
2024-7694,Lyon,Clay,32,250,O,20240520,25,M0GZ,,WC,Giovanni Mpetshi Perricard,R,203.0,FRA,20.868,117.0,541.0,BK92,2.0,,Alexander Bublik,R,196.0,KAZ,26.924,19.0,2020.0,6-4 7-5,3,SF,77.0,3.0,2.0,55.0,40.0,34.0,8.0,11.0,1.0,2.0,8.0,8.0,82.0,49.0,31.0,15.0,11.0,7.0,10.0
2024-7694,Lyon,Clay,32,250,O,20240520,26,EA24,6.0,,Tomas Martin Etcheverry,R,196.0,ARG,24.841,29.0,1410.0,D0FJ,,,Luciano Darderi,R,183.0,ITA,22.261,47.0,1002.0,6-2 6-4,3,SF,90.0,8.0,1.0,52.0,30.0,25.0,14.0,9.0,3.0,3.0,1.0,2.0,53.0,28.0,17.0,14.0,9.0,3.0,6.0
2024-7694,Lyon,Clay,32,250,O,20240520,27,M0GZ,,WC,Giovanni Mpetshi Perricard,R,203.0,FRA,20.868,117.0,541.0,EA24,6.0,,Tomas Martin Etcheverry,R,196.0,ARG,24.841,29.0,1410.0,6-4 1-6 7-6(7),3,F,148.0,11.0,2.0,105.0,75.0,51.0,13.0,15.0,9.0,14.0,5.0,2.0,97.0,66.0,43.0,19.0,14.0,3.0,6.0
2024-520,Roland Garros,Clay,128,G,O,20240526,1,N0AE,,,Brandon Nakashima,R,188.0,USA,22.812,84.0,700.0,MW18,,WC,Nicolas Moreno De Alboran,R,185.0,USA,26.867,130.0,497.0,6-1 6-7(6) 6-3 6-2,5,R128,,13.0,1.0,106.0,71.0,61.0,24.0,19.0,2.0,2.0,9.0,4.0,127.0,78.0,49.0,26.0,17.0,10.0,15.0
2024-520,Roland Garros,Clay,128,G,O,20240526,2,RE44,6.0,,Andrey Rublev,R,188.0,RUS,26.598,6.0,4700.0,DA81,,,Taro Daniel,R,191.0,JPN,31.326,80.0,715.0,6-2 6-7(3) 6-3 7-5,5,R128,,17.0,9.0,140.0,76.0,58.0,36.0,20.0,9.0,9.0,10.0,6.0,172.0,87.0,55.0,38.0,21.0,10.0,15.0
2024-520,Roland Garros,Clay,128,G,O,20240526,3,MO44,,,Pedro Martinez,R,185.0,ESP,27.083,48.0,995.0,T0A1,,,Thiago Agustin Tirante,R,185.0,ARG,23.127,109.0,580.0,5-7 6-4 3-6 6-4 6-3,5,R128,,7.0,5.0,138.0,106.0,83.0,13.0,25.0,5.0,8.0,9.0,2.0,146.0,108.0,75.0,21.0,25.0,2.0,6.0
2024-520,Roland Garros,Clay,128,G,O,20240526,4,SU87,,,Lorenzo Sonego,R,191.0,ITA,29.043,49.0,991.0,HH26,17.0,,Ugo Humbert,L,188.0,FRA,25.916,16.0,2285.0,6-4 2-6 6-4 6-3,5,R128,,8.0,4.0,104.0,74.0,56.0,17.0,18.0,4.0,6.0,3.0,6.0,115.0,63.0,47.0,25.0,19.0,8.0,12.0
2024-520,Roland Garros,Clay,128,G,O,20240526,5,Z371,,,Zhizhen Zhang,R,193.0,CHN,27.608,44.0,1056.0,V832,,,Aleksandar Vukic,R,188.0,AUS,28.137,89.0,672.0,6-4 4-6 6-3 7-5,5,R128,,18.0,2.0,112.0,69.0,57.0,25.0,21.0,1.0,3.0,17.0,1.0,134.0,72.0,53.0,30.0,20.0,8.0,12.0
2024-520,Roland Garros,Clay,128,G,O,20240526,6,D0C1,,,Jesper de Jong,R,180.0,NED,23.986,176.0,344.0,D0CO,,,Jack Draper,L,193.0,GBR,22.426,39.0,1131.0,7-5 6-4 6-7(3) 3-6 6-3,5,R128,,11.0,6.0,154.0,77.0,57.0,40.0,25.0,4.0,11.0,7.0,9.0,149.0,75.0,51.0,38.0,26.0,1.0,10.0
2024-520,Roland Garros,Clay,128,G,O,20240526,7,HB71,8.0,,Hubert Hurkacz,R,196.0,POL,27.285,8.0,3885.0,M0HU,,Q,Shintaro Mochizuki,R,175.0,JPN,20.983,162.0,366.0,4-6 6-3 3-6 6-0 6-3,5,R128,,21.0,4.0,138.0,93.0,69.0,24.0,22.0,6.0,9.0,4.0,11.0,148.0,78.0,51.0,33.0,21.0,13.0,19.0
2024-520,Roland Garros,Clay,128,G,O,20240526,8,D875,10.0,,Grigor Dimitrov,R,191.0,BUL,33.029,10.0,3555.0,K0AZ,,,Aleksandar Kovacevic,R,183.0,USA,25.741,87.0,681.0,6-4 6-3 6-4,5,R128,,8.0,2.0,77.0,46.0,38.0,17.0,15.0,1.0,3.0,8.0,3.0,83.0,45.0,33.0,16.0,14.0,2.0,7.0
2024-520,Roland Garros,Clay,128,G,O,20240526,9,MN13,,,Maximilian Marterer,L,188.0,GER,28.947,101.0,622.0,TC61,,,Jordan Thompson,R,183.0,AUS,30.1,36.0,1156.0,6-3 6-2 6-0,5,R128,,4.0,3.0,67.0,40.0,28.0,19.0,12.0,2.0,3.0,5.0,4.0,91.0,54.0,26.0,16.0,11.0,13.0,20.0
2024-520,Roland Garros,Clay,128,G,O,20240526,10,A0E2,,,Carlos Alcaraz,R,183.0,ESP,21.06,3.0,7300.0,W09G,,,J.J. Wolf,R,183.0,USA,25.429,107.0,585.0,6-1 6-2 6-1,5,R128,,5.0,1.0,68.0,48.0,33.0,13.0,11.0,5.0,7.0,0.0,1.0,67.0,38.0,17.0,8.0,11.0,6.0,15.0
2024-520,Roland Garros,Clay,128,G,O,20240526,11,G628,,WC,Richard Gasquet,R,183.0,FRA,37.938,124.0,515.0,CG80,,,Borna Coric,R,188.0,CRO,27.529,73.0,744.0,7-6(5) 7-6(2) 6-4,5,R128,,9.0,4.0,125.0,70.0,51.0,31.0,17.0,1.0,3.0,12.0,4.0,127.0,83.0,54.0,23.0,17.0,12.0,15.0
2024-520,Roland Garros,Clay,128,G,O,20240526,12,MP20,,WC,Alexandre Muller,R,183.0,FRA,27.313,90.0,670.0,N0BG,,,Luca Nardi,R,185.0,ITA,20.805,72.0,748.0,6-4 6-1 6-3,5,R128,,2.0,3.0,78.0,51.0,37.0,12.0,13.0,3.0,6.0,1.0,7.0,70.0,37.0,21.0,8.0,13.0,2.0,10.0
2024-520,Roland Garros,Clay,128,G,O,20240526,13,BU13,,Q,Zizou Bergs,R,185.0,BEL,24.98,104.0,611.0,TE30,24.0,,Alejandro Tabilo,L,188.0,CHI,26.982,24.0,1645.0,3-6 7-6(5) 6-2 6-2,5,R128,,15.0,7.0,141.0,100.0,60.0,19.0,18.0,9.0,15.0,8.0,3.0,125.0,87.0,53.0,11.0,19.0,2.0,11.0
2024-520,Roland Garros,Clay,128,G,O,20240526,14,N552,,,Kei Nishikori,R,178.0,JPN,34.407,350.0,143.0,D0F6,,Q,Gabriel Diallo,R,203.0,CAN,22.669,166.0,360.0,7-5 7-6(3) 3-6 1-6 7-5,5,R128,,1.0,3.0,214.0,152.0,68.0,33.0,26.0,6.0,14.0,15.0,5.0,191.0,138.0,80.0,22.0,26.0,12.0,18.0
2024-520,Roland Garros,Clay,128,G,O,20240526,15,M0CI,,,Fabian Marozsan,R,193.0,HUN,24.632,43.0,1083.0,K926,,Q,Mikhail Kukushkin,R,183.0,KAZ,36.416,136.0,492.0,6-2 6-2 6-3,5,R128,,9.0,2.0,69.0,49.0,38.0,11.0,13.0,3.0,5.0,1.0,0.0,76.0,52.0,26.0,8.0,12.0,8.0,15.0
2024-520,Roland Garros,Clay,128,G,O,20240526,16,K0AH,27.0,,Sebastian Korda,R,196.0,USA,23.89,28.0,1565.0,M0G4,,WC,Harold Mayot,R,180.0,FRA,22.305,122.0,522.0,6-2 7-6(4) 6-4,5,R128,,6.0,1.0,93.0,51.0,39.0,24.0,15.0,2.0,3.0,4.0,1.0,101.0,64.0,36.0,22.0,15.0,4.0,8.0
2024-520,Roland Garros,Clay,128,G,O,20240526,17,AE14,,,Daniel Altmaier,R,188.0,GER,25.703,83.0,702.0,DB63,,,Laslo Djere,R,188.0,SRB,28.983,52.0,960.0,7-5 6-4 6-7(6) 5-7 7-6(6),5,R128,,11.0,7.0,183.0,122.0,89.0,32.0,29.0,10.0,15.0,2.0,6.0,217.0,137.0,95.0,38.0,29.0,9.0,15.0
2024-520,Roland Garros,Clay,128,G,O,20240526,18,MW02,,,Corentin Moutet,L,180.0,FRA,25.103,79.0,720.0,J551,16.0,,Nicolas Jarry,R,201.0,CHI,28.624,19.0,2075.0,6-2 6-1 3-6 6-0,5,R128,,4.0,1.0,96.0,64.0,49.0,16.0,15.0,4.0,5.0,5.0,2.0,110.0,75.0,45.0,13.0,15.0,12.0,19.0
2024-520,Roland Garros,Clay,128,G,O,20240526,19,O513,,,Sebastian Ofner,R,191.0,AUT,28.038,45.0,1038.0,A0GC,,WC,Terence Atmane,L,193.0,FRA,22.376,121.0,525.0,3-6 4-6 7-6(2) 6-2 7-5,5,R128,,11.0,6.0,156.0,87.0,63.0,35.0,25.0,8.0,14.0,7.0,8.0,156.0,85.0,63.0,29.0,26.0,5.0,12.0
2024-520,Roland Garros,Clay,128,G,O,20240526,20,W367,,,Stan Wawrinka,R,183.0,SUI,39.162,98.0,628.0,MC10,,,Andy Murray,R,191.0,GBR,37.032,75.0,728.0,6-4 6-4 6-2,5,R128,,3.0,2.0,89.0,48.0,38.0,23.0,14.0,2.0,2.0,5.0,1.0,81.0,45.0,32.0,18.0,14.0,6.0,10.0
2024-520,Roland Garros,Clay,128,G,O,20240526,21,KF17,,,Soonwoo Kwon,R,180.0,KOR,26.48,494.0,85.0,RH24,,,Emil Ruusuvuori,R,188.0,FIN,25.15,67.0,783.0,6-3 6-4 6-3,5,R128,,2.0,3.0,89.0,52.0,36.0,21.0,13.0,2.0,4.0,8.0,1.0,126.0,85.0,43.0,23.0,14.0,19.0,25.0
2024-520,Roland Garros,Clay,128,G,O,20240526,22,S0H2,,,Alexander Shevchenko,R,188.0,KAZ,23.488,59.0,855.0,KC56,,,Aslan Karatsev,R,185.0,RUS,30.724,82.0,705.0,6-4 4-6 1-6 6-1 6-4,5,R128,,13.0,4.0,161.0,89.0,54.0,34.0,21.0,14.0,22.0,1.0,3.0,130.0,89.0,59.0,13.0,22.0,6.0,15.0
2024-520,Roland Garros,Clay,128,G,O,20240526,23,S0AG,2.0,,Jannik Sinner,R,191.0,ITA,22.776,2.0,8770.0,E865,,,Christopher Eubanks,R,201.0,USA,28.057,46.0,1028.0,6-3 6-3 6-4,5,R128,,6.0,4.0,89.0,54.0,42.0,18.0,14.0,9.0,10.0,4.0,9.0,93.0,56.0,35.0,14.0,14.0,5.0,10.0
2024-520,Roland Garros,Clay,128,G,O,20240526,24,S0AK,,Q,Henri Squire,R,196.0,GER,23.661,221.0,280.0,PH71,,,Max Purcell,R,185.0,AUS,26.146,94.0,647.0,6-2 6-2 3-6 4-6 7-6(10),5,R128,,10.0,6.0,149.0,96.0,68.0,30.0,23.0,8.0,13.0,7.0,3.0,157.0,85.0,53.0,42.0,24.0,5.0,12.0
2024-520,Roland Garros,Clay,128,G,O,20240526,25,S0S1,15.0,,Ben Shelton,L,193.0,USA,21.629,15.0,2500.0,G09O,,,Hugo Gaston,L,173.0,FRA,23.663,88.0,673.0,3-6 6-3 6-4 6-4,5,R128,,8.0,4.0,111.0,79.0,55.0,17.0,19.0,5.0,9.0,2.0,2.0,119.0,72.0,46.0,25.0,18.0,8.0,14.0
2024-520,Roland Garros,Clay,128,G,O,20240526,26,AG37,,,Felix Auger-Aliassime,R,193.0,CAN,23.797,21.0,1885.0,N732,,,Yoshihito Nishioka,L,170.0,JPN,28.663,70.0,766.0,6-2 6-4 6-4,5,R128,,7.0,2.0,75.0,45.0,38.0,20.0,13.0,0.0,0.0,2.0,4.0,110.0,68.0,43.0,18.0,14.0,9.0,13.0
2024-520,Roland Garros,Clay,128,G,O,20240526,27,B0BI,20.0,,Sebastian Baez,R,170.0,ARG,23.409,20.0,1990.0,H0DU,,Q,Gustavo Heide,R,191.0,BRA,22.24,174.0,346.0,4-6 6-3 6-1 4-6 6-3,5,R128,,5.0,1.0,165.0,124.0,78.0,20.0,22.0,10.0,16.0,2.0,3.0,138.0,68.0,40.0,32.0,22.0,5.0,14.0
2024-520,Roland Garros,Clay,128,G,O,20240526,28,A0FC,,,Matteo Arnaldi,R,185.0,ITA,23.255,35.0,1165.0,F0F1,29.0,,Arthur Fils,R,185.0,FRA,19.953,38.0,1145.0,6-3 4-6 6-4 6-2,5,R128,,5.0,0.0,112.0,71.0,44.0,22.0,19.0,9.0,15.0,7.0,1.0,100.0,64.0,36.0,15.0,18.0,6.0,15.0
2024-520,Roland Garros,Clay,128,G,O,20240526,29,TE51,9.0,,Stefanos Tsitsipas,R,193.0,GRE,25.788,9.0,3700.0,F724,,,Marton Fucsovics,R,188.0,HUN,32.296,54.0,922.0,7-6(7) 6-4 6-1,5,R128,,3.0,2.0,85.0,56.0,47.0,15.0,14.0,4.0,5.0,2.0,3.0,111.0,72.0,52.0,13.0,15.0,6.0,11.0
2024-520,Roland Garros,Clay,128,G,O,20240526,30,KC04,,LL,Jozef Kovalik,R,183.0,SVK,31.556,145.0,427.0,GC88,,,Marcos Giron,R,180.0,USA,30.839,50.0,990.0,7-6(3) 6-4 3-6 7-6(5),5,R128,,4.0,6.0,149.0,87.0,62.0,29.0,21.0,10.0,15.0,9.0,2.0,152.0,95.0,66.0,27.0,22.0,12.0,17.0
2024-520,Roland Garros,Clay,128,G,O,20240526,31,KE29,18.0,,Karen Khachanov,R,198.0,RUS,28.014,18.0,2090.0,N897,,,Sumit Nagal,R,178.0,IND,26.776,95.0,635.0,6-2 6-0 7-6(5),5,R128,,8.0,2.0,99.0,63.0,48.0,18.0,13.0,8.0,9.0,0.0,4.0,88.0,64.0,38.0,9.0,13.0,7.0,13.0
2024-520,Roland Garros,Clay,128,G,O,20240526,32,Z355,4.0,,Alexander Zverev,R,198.0,GER,27.099,4.0,6305.0,N409,,,Rafael Nadal,L,185.0,ESP,37.979,275.0,205.0,6-3 7-6(5) 6-3,5,R128,,8.0,3.0,93.0,72.0,52.0,10.0,14.0,9.0,11.0,2.0,3.0,111.0,78.0,45.0,16.0,16.0,12.0,18.0
2024-520,Roland Garros,Clay,128,G,O,20240526,33,K09F,,,Pavel Kotov,R,191.0,RUS,25.52,56.0,892.0,N771,32.0,,Cameron Norrie,L,188.0,GBR,28.758,33.0,1230.0,4-6 6-3 3-6 7-6(5) 6-2,5,R128,,5.0,3.0,152.0,97.0,68.0,25.0,24.0,6.0,11.0,1.0,3.0,153.0,93.0,69.0,25.0,24.0,12.0,18.0
2024-520,Roland Garros,Clay,128,G,O,20240526,34,C0AU,23.0,,Francisco Cerundolo,R,185.0,ARG,25.785,27.0,1590.0,H997,,,Yannick Hanfmann,R,193.0,GER,32.534,85.0,697.0,6-3 6-3 6-4,5,R128,,7.0,2.0,76.0,56.0,41.0,13.0,14.0,0.0,1.0,2.0,1.0,83.0,53.0,29.0,20.0,14.0,6.0,11.0
2024-520,Roland Garros,Clay,128,G,O,20240526,35,M0JZ,,Q,Filip Misolic,R,180.0,AUT,22.798,243.0,255.0,V0AM,,LL,Otto Virtanen,R,193.0,FIN,22.93,156.0,387.0,4-6 4-6 6-3 6-4 6-2,5,R128,,1.0,3.0,156.0,99.0,65.0,26.0,24.0,5.0,12.0,17.0,7.0,145.0,86.0,58.0,22.0,23.0,7.0,16.0
2024-520,Roland Garros,Clay,128,G,O,20240526,36,TD51,25.0,,Frances Tiafoe,R,188.0,USA,26.346,26.0,1630.0,B0GG,,Q,Mattia Bellucci,L,175.0,ITA,22.984,173.0,349.0,6-3 3-6 6-7(6) 6-4 6-4,5,R128,,14.0,2.0,151.0,82.0,63.0,41.0,25.0,1.0,3.0,17.0,11.0,153.0,90.0,76.0,25.0,25.0,9.0,13.0
2024-520,Roland Garros,Clay,128,G,O,20240526,37,M0EJ,30.0,,Lorenzo Musetti,R,185.0,ITA,22.231,30.0,1370.0,GE33,,,Daniel Elahi Galan,R,191.0,COL,27.937,106.0,609.0,6-3 6-3 7-5,5,R128,,4.0,2.0,82.0,53.0,46.0,16.0,15.0,2.0,3.0,5.0,0.0,103.0,60.0,37.0,23.0,15.0,7.0,12.0
2024-520,Roland Garros,Clay,128,G,O,20240526,38,PL56,14.0,,Tommy Paul,R,185.0,USA,27.025,14.0,2655.0,CG04,,,Pedro Cachin,R,185.0,ARG,29.123,108.0,584.0,6-2 6-3 6-1,5,R128,,4.0,2.0,67.0,37.0,29.0,17.0,12.0,1.0,3.0,2.0,1.0,91.0,54.0,25.0,15.0,12.0,8.0,16.0
2024-520,Roland Garros,Clay,128,G,O,20240526,39,SU55,,,Denis Shapovalov,L,185.0,CAN,25.114,118.0,540.0,V0DZ,,,Luca Van Assche,R,178.0,FRA,20.041,103.0,613.0,6-3 6-4 6-4,5,R128,,8.0,5.0,92.0,52.0,41.0,24.0,15.0,3.0,3.0,1.0,1.0,76.0,44.0,32.0,20.0,14.0,3.0,6.0
2024-520,Roland Garros,Clay,128,G,O,20240526,40,KI95,,,Miomir Kecmanovic,R,183.0,SRB,24.736,57.0,880.0,MJ08,,Q,Thiago Monteiro,L,183.0,BRA,29.988,86.0,685.0,6-2 6-1 4-6 7-5,5,R128,,11.0,3.0,99.0,64.0,54.0,21.0,19.0,3.0,5.0,9.0,4.0,111.0,78.0,47.0,15.0,18.0,4.0,10.0
2024-520,Roland Garros,Clay,128,G,O,20240526,41,L987,,,Dusan Lajovic,R,183.0,SRB,33.906,61.0,831.0,SX50,,,Roman Safiullin,R,185.0,RUS,26.801,42.0,1087.0,4-6 7-5 6-4 6-7(6) 6-4,5,R128,,3.0,2.0,179.0,117.0,72.0,35.0,27.0,14.0,22.0,3.0,4.0,172.0,109.0,68.0,30.0,27.0,6.0,16.0
2024-520,Roland Garros,Clay,128,G,O,20240526,42,MC65,,,Gael Monfils,R,193.0,FRA,37.733,37.0,1155.0,SX91,,,Thiago Seyboth Wild,R,185.0,BRA,24.211,58.0,855.0,6-2 3-6 6-3 6-4,5,R128,,9.0,5.0,99.0,61.0,48.0,17.0,18.0,3.0,6.0,3.0,3.0,112.0,72.0,44.0,22.0,18.0,9.0,15.0
2024-520,Roland Garros,Clay,128,G,O,20240526,43,F510,,,Fabio Fognini,R,178.0,ITA,37.008,93.0,648.0,V812,,,Botic van de Zandschulp,R,191.0,NED,28.643,102.0,618.0,6-1 6-1 7-5,5,R128,,1.0,5.0,85.0,50.0,37.0,18.0,13.0,5.0,7.0,4.0,3.0,76.0,41.0,24.0,10.0,13.0,6.0,14.0
2024-520,Roland Garros,Clay,128,G,O,20240526,44,MM58,5.0,,Daniil Medvedev,R,198.0,RUS,28.287,5.0,6295.0,KE73,,,Dominik Koepfer,L,180.0,GER,30.075,65.0,807.0,6-3 6-4 5-7 6-3,5,R128,,1.0,3.0,108.0,73.0,56.0,15.0,20.0,0.0,4.0,2.0,5.0,135.0,88.0,50.0,22.0,20.0,4.0,11.0
2024-520,Roland Garros,Clay,128,G,O,20240526,45,EA24,28.0,,Tomas Martin Etcheverry,R,196.0,ARG,24.857,29.0,1550.0,C0H0,,,Arthur Cazaux,R,183.0,FRA,21.758,77.0,725.0,3-6 6-2 6-1 6-4,5,R128,,5.0,2.0,108.0,59.0,46.0,25.0,17.0,8.0,11.0,10.0,4.0,128.0,79.0,49.0,19.0,17.0,14.0,21.0
2024-520,Roland Garros,Clay,128,G,O,20240526,46,RH16,7.0,,Casper Ruud,R,183.0,NOR,25.426,7.0,4425.0,MW75,,Q,Felipe Meligeni Alves,R,185.0,BRA,26.264,137.0,490.0,6-3 6-4 6-3,5,R128,,1.0,0.0,72.0,64.0,51.0,7.0,14.0,1.0,1.0,4.0,0.0,90.0,62.0,40.0,14.0,14.0,7.0,11.0
2024-520,Roland Garros,Clay,128,G,O,20240526,47,M0FH,,,Tomas Machac,R,183.0,CZE,23.617,34.0,1185.0,BT72,,,Nuno Borges,R,185.0,POR,27.264,47.0,1006.0,7-6(3) 6-4 6-3,5,R128,,1.0,6.0,95.0,60.0,47.0,15.0,15.0,1.0,4.0,5.0,5.0,121.0,74.0,49.0,16.0,16.0,6.0,12.0
2024-520,Roland Garros,Clay,128,G,O,20240526,48,DH50,,,Alejandro Davidovich Fokina,R,180.0,ESP,24.975,32.0,1280.0,VA25,,Q,Valentin Vacherot,R,193.0,MON,25.525,116.0,543.0,4-6 6-2 6-2 7-6(2),5,R128,,7.0,2.0,125.0,88.0,59.0,26.0,19.0,3.0,5.0,6.0,4.0,105.0,71.0,46.0,20.0,19.0,4.0,9.0
2024-520,Roland Garros,Clay,128,G,O,20240526,49,MU94,,,Jaume Munar,R,183.0,ESP,27.058,64.0,810.0,BD06,,,Roberto Bautista Agut,R,183.0,ESP,36.115,81.0,715.0,6-1 4-6 6-4 6-1,5,R128,,4.0,3.0,107.0,65.0,48.0,20.0,17.0,8.0,11.0,0.0,1.0,128.0,81.0,38.0,25.0,17.0,11.0,19.0
2024-520,Roland Garros,Clay,128,G,O,20240526,50,DH58,,,Alex de Minaur,R,183.0,AUS,25.27,11.0,3490.0,M0QI,,,Alex Michelsen,R,193.0,USA,19.751,60.0,835.0,6-1 6-0 6-2,5,R128,,2.0,4.0,62.0,32.0,24.0,20.0,11.0,2.0,3.0,0.0,2.0,81.0,61.0,28.0,6.0,10.0,5.0,13.0
2024-520,Roland Garros,Clay,128,G,O,20240526,51,N0BS,31.0,,Mariano Navone,R,178.0,ARG,23.242,31.0,1339.0,CD85,,,Pablo Carreno Busta,R,188.0,ESP,32.873,1049.0,11.0,5-7 6-1 6-3 6-0,5,R128,,6.0,1.0,111.0,77.0,50.0,17.0,17.0,9.0,14.0,0.0,5.0,128.0,79.0,42.0,16.0,17.0,11.0,22.0
2024-520,Roland Garros,Clay,128,G,O,20240526,52,RC91,,,Arthur Rinderknech,R,196.0,FRA,28.843,69.0,772.0,W09E,,WC,Adam Walton,R,183.0,AUS,25.109,96.0,635.0,6-2 6-4 7-5,5,R128,,10.0,3.0,94.0,61.0,49.0,15.0,15.0,3.0,4.0,1.0,1.0,108.0,65.0,41.0,20.0,15.0,13.0,18.0
2024-520,Roland Garros,Clay,128,G,O,20240526,53,FB98,12.0,,Taylor Fritz,R,196.0,USA,26.576,12.0,2980.0,CE77,,,Federico Coria,R,180.0,ARG,32.214,71.0,761.0,2-6 6-1 6-2 6-1,5,R128,,9.0,3.0,95.0,56.0,42.0,16.0,15.0,1.0,4.0,1.0,3.0,87.0,53.0,32.0,13.0,15.0,3.0,11.0
2024-520,Roland Garros,Clay,128,G,O,20240526,54,GB88,,,David Goffin,R,180.0,BEL,33.467,115.0,543.0,M0GZ,,WC,Giovanni Mpetshi Perricard,R,203.0,FRA,20.884,66.0,786.0,4-6 6-4 6-3 6-7(4) 6-3,5,R128,,10.0,6.0,138.0,75.0,62.0,37.0,24.0,0.0,3.0,22.0,5.0,162.0,105.0,70.0,28.0,26.0,10.0,17.0
2024-520,Roland Garros,Clay,128,G,O,20240526,55,C0E9,,,Flavio Cobolli,R,183.0,ITA,22.056,53.0,940.0,M0JF,,Q,Hamad Medjedovic,R,188.0,SRB,20.857,135.0,492.0,6-2 6-3 6-7(2) 6-3,5,R128,,13.0,5.0,124.0,70.0,51.0,27.0,18.0,7.0,10.0,4.0,5.0,132.0,81.0,50.0,19.0,20.0,12.0,21.0
2024-520,Roland Garros,Clay,128,G,O,20240526,56,SL28,,,Jan-Lennard Struff,R,193.0,GER,34.086,41.0,1090.0,B0FV,,,Roman Andres Burruchaga,R,183.0,ARG,22.338,144.0,431.0,6-3 6-2 6-1,5,R128,,9.0,2.0,70.0,38.0,31.0,20.0,12.0,1.0,1.0,0.0,4.0,83.0,57.0,31.0,9.0,12.0,10.0,16.0
2024-520,Roland Garros,Clay,128,G,O,20240526,57,R0DG,13.0,,Holger Rune,R,188.0,DEN,21.076,13.0,2700.0,E687,,,Daniel Evans,R,175.0,GBR,34.01,62.0,831.0,6-4 6-4 6-4,5,R128,,8.0,2.0,96.0,57.0,43.0,22.0,15.0,3.0,4.0,2.0,5.0,101.0,49.0,34.0,27.0,15.0,7.0,11.0
2024-520,Roland Garros,Clay,128,G,O,20240526,58,Z0A1,,Q,Giulio Zeppieri,L,183.0,ITA,22.467,148.0,420.0,ME82,22.0,,Adrian Mannarino,L,180.0,FRA,35.907,22.0,1865.0,4-6 6-2 6-1 6-2,5,R128,,6.0,3.0,105.0,61.0,41.0,29.0,17.0,6.0,9.0,2.0,3.0,94.0,45.0,25.0,27.0,16.0,5.0,13.0
2024-520,Roland Garros,Clay,128,G,O,20240526,59,D0FJ,,,Luciano Darderi,R,183.0,ITA,22.278,40.0,1092.0,H0BH,,,Rinky Hijikata,R,178.0,AUS,23.253,78.0,723.0,6-3 7-6(6) 6-1,5,R128,,10.0,3.0,93.0,57.0,44.0,23.0,15.0,2.0,3.0,0.0,3.0,108.0,68.0,45.0,16.0,13.0,14.0,18.0
2024-520,Roland Garros,Clay,128,G,O,20240526,60,KD46,,,Thanasi Kokkinakis,R,193.0,AUS,28.126,100.0,623.0,P09Z,,,Alexei Popyrin,R,196.0,AUS,24.808,51.0,961.0,4-6 7-6(8) 6-3 5-7 6-3,5,R128,,13.0,5.0,154.0,95.0,75.0,32.0,26.0,7.0,12.0,11.0,7.0,167.0,104.0,70.0,31.0,26.0,8.0,14.0
2024-520,Roland Garros,Clay,128,G,O,20240526,61,CF59,,,Roberto Carballes Baena,R,183.0,ESP,31.176,63.0,816.0,LB66,,,Constant Lestienne,R,180.0,FRA,32.008,91.0,669.0,6-3 7-5 4-6 6-2,5,R128,,2.0,2.0,117.0,78.0,50.0,22.0,19.0,5.0,10.0,2.0,2.0,128.0,87.0,50.0,18.0,20.0,13.0,22.0
2024-520,Roland Garros,Clay,128,G,O,20240526,62,GJ37,,,Tallon Griekspoor,R,188.0,NED,27.899,25.0,1635.0,MK66,,,Mackenzie McDonald,R,178.0,USA,29.112,74.0,735.0,6-3 6-4 1-6 6-2,5,R128,,9.0,7.0,107.0,61.0,35.0,26.0,17.0,8.0,14.0,0.0,5.0,103.0,66.0,37.0,17.0,17.0,5.0,13.0
2024-520,Roland Garros,Clay,128,G,O,20240526,63,D643,,,Novak Djokovic,R,188.0,SRB,37.013,1.0,9960.0,H996,,,Pierre-Hugues Herbert,R,188.0,FRA,33.191,142.0,450.0,6-4 7-6(3) 6-4,5,R128,,4.0,2.0,82.0,57.0,48.0,18.0,16.0,0.0,1.0,7.0,6.0,102.0,68.0,48.0,17.0,16.0,4.0,7.0
2024-520,Roland Garros,Clay,128,G,O,20240526,64,BK92,19.0,,Alexander Bublik,R,196.0,KAZ,26.94,17.0,2110.0,BK24,,Q,Gregoire Barrere,R,183.0,FRA,30.272,112.0,575.0,6-4 7-5 6-3,5,R128,,11.0,12.0,116.0,63.0,43.0,25.0,16.0,9.0,13.0,2.0,3.0,98.0,62.0,35.0,17.0,15.0,9.0,16.0
2024-520,Roland Garros,Clay,128,G,O,20240526,65,TE51,9.0,,Stefanos Tsitsipas,R,193.0,GRE,25.788,9.0,3700.0,AE14,,,Daniel Altmaier,R,188.0,GER,25.703,83.0,702.0,6-3 6-2 6-7(2) 6-4,5,R64,,7.0,3.0,127.0,85.0,54.0,29.0,20.0,2.0,3.0,10.0,2.0,117.0,78.0,51.0,19.0,19.0,2.0,7.0
2024-520,Roland Garros,Clay,128,G,O,20240526,66,A0E2,,,Carlos Alcaraz,R,183.0,ESP,21.06,3.0,7300.0,D0C1,,,Jesper de Jong,R,180.0,NED,23.986,176.0,344.0,6-3 6-4 2-6 6-2,5,R64,,2.0,2.0,112.0,78.0,50.0,17.0,17.0,7.0,12.0,2.0,7.0,124.0,72.0,40.0,23.0,18.0,10.0,18.0
2024-520,Roland Garros,Clay,128,G,O,20240526,67,RE44,6.0,,Andrey Rublev,R,188.0,RUS,26.598,6.0,4700.0,MO44,,,Pedro Martinez,R,185.0,ESP,27.083,48.0,995.0,6-3 6-4 6-3,5,R64,,10.0,2.0,85.0,54.0,43.0,19.0,14.0,1.0,2.0,2.0,4.0,96.0,63.0,38.0,15.0,14.0,9.0,14.0
2024-520,Roland Garros,Clay,128,G,O,20240526,68,K09F,,,Pavel Kotov,R,191.0,RUS,25.52,56.0,892.0,W367,,,Stan Wawrinka,R,183.0,SUI,39.162,98.0,628.0,7-6(5) 6-4 1-6 7-6(5),5,R64,,6.0,2.0,131.0,89.0,59.0,26.0,21.0,9.0,15.0,3.0,0.0,127.0,69.0,47.0,34.0,20.0,3.0,7.0
2024-520,Roland Garros,Clay,128,G,O,20240526,69,S0AG,2.0,,Jannik Sinner,R,191.0,ITA,22.776,2.0,8770.0,G628,,WC,Richard Gasquet,R,183.0,FRA,37.938,124.0,515.0,6-4 6-2 6-4,5,R64,,8.0,3.0,76.0,58.0,46.0,9.0,14.0,1.0,2.0,0.0,4.0,92.0,45.0,28.0,21.0,14.0,2.0,7.0
2024-520,Roland Garros,Clay,128,G,O,20240526,70,A0FC,,,Matteo Arnaldi,R,185.0,ITA,23.255,35.0,1165.0,MP20,,WC,Alexandre Muller,R,183.0,FRA,27.313,90.0,670.0,6-4 6-1 6-3,5,R64,,11.0,3.0,119.0,65.0,45.0,23.0,13.0,18.0,21.0,3.0,2.0,87.0,52.0,23.0,16.0,13.0,10.0,18.0
2024-520,Roland Garros,Clay,128,G,O,20240526,71,K0AH,,,Sebastian Korda,R,196.0,USA,23.89,28.0,1565.0,KF17,,,Soonwoo Kwon,R,180.0,KOR,26.48,494.0,85.0,6-4 6-4 1-6 6-3,5,R64,,13.0,5.0,114.0,79.0,51.0,17.0,18.0,6.0,11.0,4.0,4.0,121.0,79.0,45.0,24.0,18.0,9.0,15.0
2024-520,Roland Garros,Clay,128,G,O,20240526,72,SU55,,,Denis Shapovalov,L,185.0,CAN,25.114,118.0,540.0,TD51,25.0,,Frances Tiafoe,R,188.0,USA,26.346,26.0,1630.0,6-7(4) 6-4 6-2 6-4,5,R64,,21.0,10.0,138.0,97.0,62.0,32.0,19.0,19.0,20.0,1.0,4.0,147.0,110.0,52.0,37.0,20.0,9.0,14.0
2024-520,Roland Garros,Clay,128,G,O,20240526,73,O513,,,Sebastian Ofner,R,191.0,AUT,28.038,45.0,1038.0,B0BI,20.0,,Sebastian Baez,R,170.0,ARG,23.409,20.0,1990.0,3-6 3-6 6-4 7-5 7-6(5),5,R64,,6.0,2.0,190.0,115.0,71.0,43.0,26.0,12.0,19.0,7.0,2.0,166.0,130.0,79.0,23.0,26.0,8.0,14.0
2024-520,Roland Garros,Clay,128,G,O,20240526,74,BU13,,Q,Zizou Bergs,R,185.0,BEL,24.98,104.0,611.0,MN13,,,Maximilian Marterer,L,188.0,GER,28.947,101.0,622.0,3-6 6-3 6-1 6-3,5,R64,,8.0,3.0,83.0,57.0,48.0,17.0,16.0,3.0,5.0,4.0,1.0,111.0,67.0,42.0,20.0,17.0,4.0,10.0
2024-520,Roland Garros,Clay,128,G,O,20240526,75,HB71,8.0,,Hubert Hurkacz,R,196.0,POL,27.285,8.0,3885.0,N0AE,,,Brandon Nakashima,R,188.0,USA,22.812,84.0,700.0,6-7(2) 6-1 6-3 7-6(5),5,R64,,16.0,2.0,130.0,81.0,67.0,26.0,20.0,8.0,8.0,16.0,2.0,137.0,88.0,63.0,24.0,20.0,7.0,11.0
2024-520,Roland Garros,Clay,128,G,O,20240526,76,D875,10.0,,Grigor Dimitrov,R,191.0,BUL,33.029,10.0,3555.0,M0CI,,,Fabian Marozsan,R,193.0,HUN,24.632,43.0,1083.0,6-0 6-3 6-4,5,R64,,7.0,2.0,71.0,38.0,34.0,17.0,13.0,1.0,2.0,0.0,3.0,68.0,43.0,26.0,9.0,12.0,5.0,11.0
2024-520,Roland Garros,Clay,128,G,O,20240526,77,MM58,5.0,,Daniil Medvedev,R,198.0,RUS,28.287,5.0,6295.0,KI95,,,Miomir Kecmanovic,R,183.0,SRB,24.736,57.0,880.0,6-1 5-0 RET,5,R64,,6.0,1.0,31.0,27.0,23.0,1.0,6.0,0.0,0.0,1.0,1.0,44.0,26.0,13.0,5.0,6.0,4.0,9.0
2024-520,Roland Garros,Clay,128,G,O,20240526,78,AG37,,,Felix Auger-Aliassime,R,193.0,CAN,23.797,21.0,1885.0,S0AK,,,Henri Squire,R,196.0,GER,23.661,221.0,280.0,6-4 4-6 6-3 6-2,5,R64,,12.0,4.0,108.0,62.0,49.0,24.0,18.0,5.0,9.0,5.0,5.0,111.0,65.0,47.0,15.0,18.0,4.0,11.0
2024-520,Roland Garros,Clay,128,G,O,20240526,79,GJ37,26.0,,Tallon Griekspoor,R,188.0,NED,27.899,25.0,1635.0,D0FJ,,,Luciano Darderi,R,183.0,ITA,22.278,40.0,1092.0,7-6(2) 6-3 6-3,5,R64,,15.0,5.0,94.0,59.0,42.0,25.0,14.0,4.0,5.0,4.0,4.0,100.0,61.0,40.0,18.0,15.0,4.0,8.0
2024-520,Roland Garros,Clay,128,G,O,20240526,80,Z371,,,Zhizhen Zhang,R,193.0,CHN,27.608,44.0,1056.0,SU87,,,Lorenzo Sonego,R,191.0,ITA,29.043,49.0,991.0,7-5 3-6 6-1 6-4,5,R64,,17.0,2.0,127.0,75.0,60.0,24.0,19.0,5.0,8.0,7.0,5.0,132.0,83.0,54.0,23.0,19.0,5.0,11.0
2024-520,Roland Garros,Clay,128,G,O,20240526,81,Z355,4.0,,Alexander Zverev,R,198.0,GER,27.099,4.0,6305.0,GB88,,,David Goffin,R,180.0,BEL,33.467,115.0,543.0,7-6(4) 6-2 6-2,5,R64,,8.0,3.0,82.0,59.0,46.0,15.0,14.0,2.0,2.0,3.0,5.0,102.0,58.0,41.0,19.0,14.0,6.0,10.0
2024-520,Roland Garros,Clay,128,G,O,20240526,82,D643,1.0,,Novak Djokovic,R,188.0,SRB,37.013,1.0,9960.0,CF59,,,Roberto Carballes Baena,R,183.0,ESP,31.176,63.0,816.0,6-4 6-1 6-2,5,R64,,5.0,1.0,73.0,46.0,33.0,16.0,13.0,1.0,3.0,2.0,3.0,78.0,48.0,23.0,12.0,12.0,5.0,12.0
2024-520,Roland Garros,Clay,128,G,O,20240526,83,MW02,,,Corentin Moutet,L,180.0,FRA,25.103,79.0,720.0,S0H2,,,Alexander Shevchenko,R,188.0,KAZ,23.488,59.0,855.0,6-4 6-2 0-6 6-3,5,R64,,0.0,0.0,110.0,66.0,42.0,21.0,17.0,6.0,11.0,3.0,2.0,98.0,54.0,32.0,22.0,16.0,4.0,10.0
2024-520,Roland Garros,Clay,128,G,O,20240526,84,DH58,,,Alex de Minaur,R,183.0,AUS,25.27,11.0,3490.0,MU94,,,Jaume Munar,R,183.0,ESP,27.058,64.0,810.0,7-5 6-1 6-4,5,R64,,1.0,3.0,81.0,54.0,30.0,25.0,14.0,2.0,4.0,1.0,12.0,99.0,60.0,34.0,18.0,15.0,6.0,13.0
2024-520,Roland Garros,Clay,128,G,O,20240526,85,S0S1,15.0,,Ben Shelton,L,193.0,USA,21.629,15.0,2500.0,N552,,,Kei Nishikori,R,178.0,JPN,34.407,350.0,143.0,7-6(7) 6-4,5,R64,,9.0,5.0,74.0,50.0,39.0,12.0,11.0,2.0,3.0,0.0,3.0,87.0,62.0,41.0,12.0,11.0,4.0,6.0
2024-520,Roland Garros,Clay,128,G,O,20240526,86,PL56,14.0,,Tommy Paul,R,185.0,USA,27.025,14.0,2655.0,F510,,,Fabio Fognini,R,178.0,ITA,37.008,93.0,648.0,6-1 6-0 6-2,5,R64,,7.0,0.0,62.0,31.0,24.0,22.0,11.0,0.0,0.0,0.0,2.0,65.0,38.0,15.0,13.0,10.0,4.0,11.0
2024-520,Roland Garros,Clay,128,G,O,20240526,87,R0DG,13.0,,Holger Rune,R,188.0,DEN,21.076,13.0,2700.0,C0E9,,,Flavio Cobolli,R,183.0,ITA,22.056,53.0,940.0,6-4 6-3 3-6 3-6 7-6(7),5,R64,,3.0,7.0,152.0,79.0,58.0,42.0,24.0,6.0,10.0,14.0,6.0,173.0,94.0,70.0,40.0,25.0,15.0,19.0
2024-520,Roland Garros,Clay,128,G,O,20240526,88,M0FH,,,Tomas Machac,R,183.0,CZE,23.617,34.0,1185.0,N0BS,31.0,,Mariano Navone,R,178.0,ARG,23.242,31.0,1339.0,6-2 6-1 3-6 1-6 6-1,5,R64,,2.0,5.0,135.0,122.0,52.0,21.0,19.0,7.0,14.0,3.0,7.0,122.0,109.0,48.0,10.0,19.0,4.0,14.0
2024-520,Roland Garros,Clay,128,G,O,20240526,89,KD46,,,Thanasi Kokkinakis,R,193.0,AUS,28.126,100.0,623.0,Z0A1,,Q,Giulio Zeppieri,L,183.0,ITA,22.467,148.0,420.0,1-6 4-6 6-3 7-6(5) 6-2,5,R64,,9.0,4.0,141.0,80.0,59.0,30.0,23.0,5.0,9.0,10.0,6.0,154.0,90.0,62.0,34.0,22.0,8.0,12.0
2024-520,Roland Garros,Clay,128,G,O,20240526,90,KC04,,LL,Jozef Kovalik,R,183.0,SVK,31.556,145.0,427.0,KE29,18.0,,Karen Khachanov,R,198.0,RUS,28.014,18.0,2090.0,4-6 4-6 6-4 6-3 6-4,5,R64,,9.0,3.0,159.0,98.0,60.0,42.0,25.0,13.0,18.0,11.0,7.0,146.0,92.0,67.0,25.0,24.0,7.0,13.0
2024-520,Roland Garros,Clay,128,G,O,20240526,91,SL28,,,Jan-Lennard Struff,R,193.0,GER,34.086,41.0,1090.0,BK92,,,Alexander Bublik,R,196.0,KAZ,26.94,17.0,2110.0,6-2 6-2 6-3,5,R64,,8.0,3.0,69.0,43.0,38.0,14.0,13.0,1.0,2.0,11.0,7.0,83.0,45.0,27.0,15.0,12.0,7.0,13.0
2024-520,Roland Garros,Clay,128,G,O,20240526,92,C0AU,23.0,,Francisco Cerundolo,R,185.0,ARG,25.785,27.0,1590.0,M0JZ,,Q,Filip Misolic,R,180.0,AUT,22.798,243.0,255.0,6-2 7-6(2) 6-0,5,R64,,4.0,2.0,76.0,41.0,33.0,20.0,13.0,3.0,5.0,2.0,2.0,103.0,55.0,31.0,19.0,13.0,3.0,10.0
2024-520,Roland Garros,Clay,128,G,O,20240526,93,RH16,7.0,,Casper Ruud,R,183.0,NOR,25.426,7.0,4425.0,DH50,,,Alejandro Davidovich Fokina,R,180.0,ESP,24.975,32.0,1280.0,7-6(5) 1-6 6-3 4-6 6-3,5,R64,,11.0,3.0,146.0,97.0,67.0,23.0,23.0,9.0,14.0,4.0,4.0,161.0,115.0,75.0,21.0,24.0,9.0,14.0
2024-520,Roland Garros,Clay,128,G,O,20240526,94,FB98,12.0,,Taylor Fritz,R,196.0,USA,26.576,12.0,2980.0,L987,,,Dusan Lajovic,R,183.0,SRB,33.906,61.0,831.0,6-3 3-6 6-3 6-4,5,R64,,15.0,2.0,109.0,73.0,57.0,20.0,19.0,4.0,6.0,1.0,1.0,102.0,73.0,51.0,14.0,18.0,4.0,8.0
2024-520,Roland Garros,Clay,128,G,O,20240526,95,M0EJ,30.0,,Lorenzo Musetti,R,185.0,ITA,22.231,30.0,1370.0,MC65,,,Gael Monfils,R,193.0,FRA,37.733,37.0,1155.0,7-5 6-1 6-4,5,R64,,2.0,1.0,97.0,62.0,46.0,18.0,15.0,3.0,5.0,4.0,4.0,74.0,51.0,34.0,8.0,14.0,5.0,11.0
2024-520,Roland Garros,Clay,128,G,O,20240526,96,EA24,28.0,,Tomas Martin Etcheverry,R,196.0,ARG,24.857,29.0,1550.0,RC91,,,Arthur Rinderknech,R,196.0,FRA,28.843,69.0,772.0,3-6 6-7(8) 6-1 5-0 RET,5,R64,,7.0,2.0,110.0,68.0,53.0,23.0,16.0,5.0,6.0,5.0,1.0,110.0,72.0,46.0,20.0,17.0,4.0,9.0
2024-520,Roland Garros,Clay,128,G,O,20240526,97,A0FC,,,Matteo Arnaldi,R,185.0,ITA,23.255,35.0,1165.0,RE44,6.0,,Andrey Rublev,R,188.0,RUS,26.598,6.0,4700.0,7-6(6) 6-2 6-4,5,R32,,13.0,1.0,87.0,59.0,44.0,20.0,15.0,1.0,3.0,9.0,4.0,123.0,64.0,46.0,25.0,15.0,8.0,13.0
2024-520,Roland Garros,Clay,128,G,O,20240526,98,S0AG,2.0,,Jannik Sinner,R,191.0,ITA,22.776,2.0,8770.0,K09F,,,Pavel Kotov,R,191.0,RUS,25.52,56.0,892.0,6-4 6-4 6-4,5,R32,,4.0,1.0,83.0,52.0,41.0,21.0,15.0,1.0,1.0,1.0,1.0,101.0,66.0,47.0,16.0,15.0,10.0,13.0
2024-520,Roland Garros,Clay,128,G,O,20240526,99,TE51,9.0,,Stefanos Tsitsipas,R,193.0,GRE,25.788,9.0,3700.0,Z371,,,Zhizhen Zhang,R,193.0,CHN,27.608,44.0,1056.0,6-3 6-3 6-1,5,R32,,4.0,0.0,64.0,46.0,38.0,14.0,13.0,0.0,0.0,2.0,1.0,73.0,46.0,28.0,12.0,12.0,1.0,6.0
2024-520,Roland Garros,Clay,128,G,O,20240526,100,MW02,,,Corentin Moutet,L,180.0,FRA,25.103,79.0,720.0,O513,,,Sebastian Ofner,R,191.0,AUT,28.038,45.0,1038.0,3-6 6-4 6-4 6-1,5,R32,,5.0,0.0,102.0,79.0,53.0,16.0,18.0,8.0,13.0,1.0,1.0,106.0,81.0,46.0,13.0,18.0,4.0,12.0
2024-520,Roland Garros,Clay,128,G,O,20240526,101,A0E2,3.0,,Carlos Alcaraz,R,183.0,ESP,21.06,3.0,7300.0,K0AH,27.0,,Sebastian Korda,R,196.0,USA,23.89,28.0,1565.0,6-4 7-6(5) 6-3,5,R32,,3.0,0.0,90.0,70.0,51.0,13.0,16.0,1.0,3.0,1.0,2.0,124.0,73.0,44.0,25.0,15.0,8.0,12.0
2024-520,Roland Garros,Clay,128,G,O,20240526,102,DH58,,,Alex de Minaur,R,183.0,AUS,25.27,11.0,3490.0,SL28,,,Jan-Lennard Struff,R,193.0,GER,34.086,41.0,1090.0,4-6 6-4 6-3 6-3,5,R32,,5.0,3.0,141.0,84.0,55.0,29.0,19.0,11.0,15.0,7.0,6.0,105.0,54.0,31.0,30.0,18.0,3.0,10.0
2024-520,Roland Garros,Clay,128,G,O,20240526,103,AG37,,,Felix Auger-Aliassime,R,193.0,CAN,23.797,21.0,1885.0,S0S1,,,Ben Shelton,L,193.0,USA,21.629,15.0,2500.0,6-4 6-2 6-1,5,R32,,2.0,4.0,63.0,37.0,32.0,17.0,12.0,0.0,0.0,3.0,6.0,98.0,68.0,37.0,11.0,13.0,5.0,11.0
2024-520,Roland Garros,Clay,128,G,O,20240526,104,MM58,5.0,,Daniil Medvedev,R,198.0,RUS,28.287,5.0,6295.0,M0FH,,,Tomas Machac,R,183.0,CZE,23.617,34.0,1185.0,7-6(4) 7-5 1-6 6-4,5,R32,,14.0,9.0,149.0,93.0,61.0,28.0,20.0,10.0,15.0,3.0,2.0,136.0,86.0,52.0,29.0,21.0,5.0,10.0
2024-520,Roland Garros,Clay,128,G,O,20240526,105,Z355,4.0,,Alexander Zverev,R,198.0,GER,27.099,4.0,6305.0,GJ37,26.0,,Tallon Griekspoor,R,188.0,NED,27.899,25.0,1635.0,3-6 6-4 6-2 4-6 7-6(3),5,R32,,11.0,5.0,153.0,115.0,80.0,21.0,24.0,6.0,10.0,5.0,6.0,161.0,111.0,74.0,24.0,25.0,13.0,18.0
2024-520,Roland Garros,Clay,128,G,O,20240526,106,HB71,8.0,,Hubert Hurkacz,R,196.0,POL,27.285,8.0,3885.0,SU55,,,Denis Shapovalov,L,185.0,CAN,25.114,118.0,540.0,6-3 7-6(0) 4-6 6-1,5,R32,,9.0,2.0,111.0,80.0,63.0,19.0,20.0,3.0,5.0,5.0,6.0,125.0,70.0,47.0,27.0,18.0,5.0,9.0
2024-520,Roland Garros,Clay,128,G,O,20240526,107,R0DG,13.0,,Holger Rune,R,188.0,DEN,21.076,13.0,2700.0,KC04,,LL,Jozef Kovalik,R,183.0,SVK,31.556,145.0,427.0,7-5 6-1 7-6(2),5,R32,,5.0,8.0,100.0,53.0,38.0,29.0,16.0,4.0,6.0,1.0,6.0,103.0,64.0,35.0,21.0,15.0,6.0,11.0
2024-520,Roland Garros,Clay,128,G,O,20240526,108,C0AU,23.0,,Francisco Cerundolo,R,185.0,ARG,25.785,27.0,1590.0,PL56,14.0,,Tommy Paul,R,185.0,USA,27.025,14.0,2655.0,3-6 6-3 6-3 6-2,5,R32,,1.0,5.0,106.0,78.0,50.0,12.0,17.0,5.0,10.0,3.0,0.0,115.0,64.0,35.0,23.0,18.0,10.0,19.0
2024-520,Roland Garros,Clay,128,G,O,20240526,109,FB98,12.0,,Taylor Fritz,R,196.0,USA,26.576,12.0,2980.0,KD46,,,Thanasi Kokkinakis,R,193.0,AUS,28.126,100.0,623.0,6-3 6-2 6-7(4) 5-7 6-3,5,R32,,12.0,6.0,168.0,104.0,83.0,33.0,26.0,4.0,6.0,9.0,2.0,140.0,100.0,65.0,24.0,24.0,4.0,9.0
2024-520,Roland Garros,Clay,128,G,O,20240526,110,D875,10.0,,Grigor Dimitrov,R,191.0,BUL,33.029,10.0,3555.0,BU13,,Q,Zizou Bergs,R,185.0,BEL,24.98,104.0,611.0,6-3 7-6(4) 4-6 6-4,5,R32,,4.0,6.0,136.0,85.0,64.0,23.0,21.0,11.0,16.0,7.0,3.0,128.0,83.0,56.0,23.0,20.0,8.0,14.0
2024-520,Roland Garros,Clay,128,G,O,20240526,111,RH16,7.0,,Casper Ruud,R,183.0,NOR,25.426,7.0,4425.0,EA24,28.0,,Tomas Martin Etcheverry,R,196.0,ARG,24.857,29.0,1550.0,6-4 1-6 6-2 6-2,5,R32,,6.0,5.0,119.0,89.0,57.0,12.0,17.0,12.0,18.0,6.0,6.0,91.0,63.0,34.0,13.0,16.0,3.0,11.0
2024-520,Roland Garros,Clay,128,G,O,20240526,112,D643,1.0,,Novak Djokovic,R,188.0,SRB,37.013,1.0,9960.0,M0EJ,30.0,,Lorenzo Musetti,R,185.0,ITA,22.231,30.0,1370.0,7-5 6-7(6) 2-6 6-3 6-0,5,R32,,5.0,2.0,139.0,91.0,63.0,23.0,23.0,0.0,5.0,1.0,2.0,145.0,87.0,52.0,29.0,24.0,6.0,15.0
2024-520,Roland Garros,Clay,128,G,O,20240526,113,TE51,9.0,,Stefanos Tsitsipas,R,193.0,GRE,25.788,9.0,3700.0,A0FC,,,Matteo Arnaldi,R,185.0,ITA,23.255,35.0,1165.0,3-6 7-6(4) 6-2 6-2,5,R16,,7.0,5.0,116.0,77.0,57.0,21.0,18.0,4.0,6.0,7.0,2.0,151.0,88.0,57.0,30.0,19.0,16.0,21.0
2024-520,Roland Garros,Clay,128,G,O,20240526,114,A0E2,,,Carlos Alcaraz,R,183.0,ESP,21.06,3.0,7300.0,AG37,,,Felix Auger-Aliassime,R,193.0,CAN,23.797,21.0,1885.0,6-3 6-3 6-1,5,R16,,1.0,2.0,79.0,53.0,40.0,14.0,13.0,4.0,5.0,0.0,5.0,84.0,48.0,29.0,14.0,12.0,10.0,16.0
2024-520,Roland Garros,Clay,128,G,O,20240526,115,D875,10.0,,Grigor Dimitrov,R,191.0,BUL,33.029,10.0,3555.0,HB71,8.0,,Hubert Hurkacz,R,196.0,POL,27.285,8.0,3885.0,7-6(5) 6-4 7-6(3),5,R16,,4.0,4.0,114.0,71.0,55.0,26.0,17.0,6.0,7.0,20.0,1.0,120.0,77.0,56.0,21.0,17.0,6.0,8.0
2024-520,Roland Garros,Clay,128,G,O,20240526,116,S0AG,2.0,,Jannik Sinner,R,191.0,ITA,22.776,2.0,8770.0,MW02,,,Corentin Moutet,L,180.0,FRA,25.103,79.0,720.0,2-6 6-3 6-2 6-1,5,R16,,5.0,5.0,95.0,62.0,45.0,14.0,16.0,2.0,6.0,1.0,2.0,99.0,71.0,39.0,8.0,16.0,6.0,14.0
2024-520,Roland Garros,Clay,128,G,O,20240526,117,DH58,11.0,,Alex de Minaur,R,183.0,AUS,25.27,11.0,3490.0,MM58,5.0,,Daniil Medvedev,R,198.0,RUS,28.287,5.0,6295.0,4-6 6-2 6-1 6-3,5,R16,,7.0,3.0,101.0,55.0,42.0,26.0,17.0,8.0,10.0,7.0,2.0,114.0,65.0,40.0,22.0,17.0,7.0,14.0
2024-520,Roland Garros,Clay,128,G,O,20240526,118,D643,1.0,,Novak Djokovic,R,188.0,SRB,37.013,1.0,9960.0,C0AU,23.0,,Francisco Cerundolo,R,185.0,ARG,25.785,27.0,1590.0,6-1 5-7 3-6 7-5 6-3,5,R16,,6.0,2.0,183.0,123.0,85.0,30.0,25.0,15.0,19.0,3.0,2.0,146.0,95.0,58.0,32.0,24.0,5.0,11.0
2024-520,Roland Garros,Clay,128,G,O,20240526,119,RH16,7.0,,Casper Ruud,R,183.0,NOR,25.426,7.0,4425.0,FB98,12.0,,Taylor Fritz,R,196.0,USA,26.576,12.0,2980.0,7-6(6) 3-6 6-4 6-2,5,R16,,11.0,7.0,128.0,75.0,52.0,32.0,19.0,8.0,12.0,19.0,4.0,163.0,91.0,65.0,27.0,20.0,21.0,27.0
2024-520,Roland Garros,Clay,128,G,O,20240526,120,Z355,4.0,,Alexander Zverev,R,198.0,GER,27.099,4.0,6305.0,R0DG,13.0,,Holger Rune,R,188.0,DEN,21.076,13.0,2700.0,4-6 6-1 5-7 7-6(2) 6-2,5,R16,,16.0,3.0,137.0,96.0,74.0,17.0,25.0,4.0,10.0,10.0,3.0,168.0,96.0,63.0,33.0,24.0,15.0,23.0
2024-520,Roland Garros,Clay,128,G,O,20240526,121,S0AG,2.0,,Jannik Sinner,R,191.0,ITA,22.776,2.0,8770.0,D875,10.0,,Grigor Dimitrov,R,191.0,BUL,33.029,10.0,3555.0,6-2 6-4 7-6(3),5,QF,,8.0,0.0,89.0,53.0,43.0,23.0,15.0,1.0,2.0,5.0,5.0,106.0,67.0,45.0,17.0,15.0,6.0,10.0
2024-520,Roland Garros,Clay,128,G,O,20240526,122,A0E2,3.0,,Carlos Alcaraz,R,183.0,ESP,21.06,3.0,7300.0,TE51,9.0,,Stefanos Tsitsipas,R,193.0,GRE,25.788,9.0,3700.0,6-3 7-6(3) 6-4,5,QF,,3.0,1.0,84.0,61.0,45.0,17.0,15.0,1.0,2.0,2.0,4.0,98.0,60.0,39.0,20.0,16.0,2.0,6.0
2024-520,Roland Garros,Clay,128,G,O,20240526,123,RH16,7.0,,Casper Ruud,R,183.0,NOR,25.426,7.0,4425.0,D643,1.0,,Novak Djokovic,R,188.0,SRB,37.013,1.0,9960.0,W/O,5,QF,,,,,,,,,,,,,,,,,,,
2024-520,Roland Garros,Clay,128,G,O,20240526,124,Z355,,,Alexander Zverev,R,198.0,GER,27.099,4.0,6305.0,DH58,,,Alex de Minaur,R,183.0,AUS,25.27,11.0,3490.0,6-4 7-6(5) 6-4,5,QF,,2.0,5.0,110.0,76.0,53.0,15.0,16.0,5.0,8.0,3.0,4.0,91.0,45.0,28.0,27.0,16.0,1.0,6.0
2024-520,Roland Garros,Clay,128,G,O,20240526,125,A0E2,3.0,,Carlos Alcaraz,R,183.0,ESP,21.06,3.0,7300.0,S0AG,2.0,,Jannik Sinner,R,191.0,ITA,22.776,2.0,8770.0,2-6 6-3 3-6 6-4 6-3,5,SF,250.0,8.0,7.0,157.0,103.0,68.0,25.0,23.0,4.0,10.0,7.0,8.0,135.0,76.0,56.0,27.0,22.0,8.0,14.0
2024-520,Roland Garros,Clay,128,G,O,20240526,126,Z355,4.0,,Alexander Zverev,R,198.0,GER,27.099,4.0,6305.0,RH16,7.0,,Casper Ruud,R,183.0,NOR,25.426,7.0,4425.0,2-6 6-2 6-4 6-2,5,SF,,19.0,4.0,82.0,56.0,48.0,14.0,17.0,1.0,3.0,4.0,0.0,106.0,71.0,49.0,14.0,17.0,7.0,12.0
2024-520,Roland Garros,Clay,128,G,O,20240526,127,A0E2,3.0,,Carlos Alcaraz,R,183.0,ESP,21.06,3.0,7300.0,Z355,4.0,,Alexander Zverev,R,198.0,GER,27.099,4.0,6305.0,6-3 2-6 5-7 6-1 6-2,5,F,,3.0,6.0,159.0,96.0,62.0,31.0,22.0,17.0,23.0,8.0,6.0,133.0,97.0,61.0,12.0,22.0,7.0,16.0
2024-321,Stuttgart,Grass,28,250,O,20240610,1,D0CO,6.0,,Jack Draper,L,193.0,GBR,22.467,40.0,1131.0,O513,,,Sebastian Ofner,R,191.0,AUT,28.079,52.0,933.0,7-6(4) 7-6(5),3,R32,98.0,8.0,3.0,77.0,46.0,41.0,16.0,12.0,3.0,4.0,12.0,5.0,85.0,48.0,36.0,22.0,12.0,4.0,5.0
2024-321,Stuttgart,Grass,28,250,O,20240610,2,KE73,,,Dominik Koepfer,L,180.0,GER,30.116,65.0,801.0,Z371,,,Zhizhen Zhang,R,193.0,CHN,27.65,44.0,1066.0,4-6 7-6(5) 7-6(6),3,R32,156.0,12.0,8.0,119.0,68.0,46.0,30.0,17.0,6.0,9.0,13.0,3.0,112.0,68.0,51.0,25.0,17.0,5.0,7.0
2024-321,Stuttgart,Grass,28,250,O,20240610,3,H997,,,Yannick Hanfmann,R,193.0,GER,32.575,91.0,646.0,S0AK,,WC,Henri Squire,R,196.0,GER,23.702,178.0,344.0,6-3 6-3,3,R32,62.0,7.0,1.0,50.0,41.0,33.0,5.0,9.0,0.0,0.0,6.0,2.0,49.0,28.0,20.0,9.0,9.0,2.0,5.0
2024-321,Stuttgart,Grass,28,250,O,20240610,4,M0JF,,WC,Hamad Medjedovic,R,188.0,SRB,20.898,131.0,497.0,M0CI,,,Fabian Marozsan,R,193.0,HUN,24.674,42.0,1122.0,6-7(3) 6-1 6-4,3,R32,107.0,25.0,7.0,98.0,71.0,59.0,12.0,15.0,7.0,7.0,9.0,4.0,87.0,56.0,40.0,16.0,14.0,3.0,6.0
2024-321,Stuttgart,Grass,28,250,O,20240610,5,M0EJ,5.0,,Lorenzo Musetti,R,185.0,ITA,22.272,30.0,1290.0,M0GZ,,Q,Giovanni Mpetshi Perricard,R,203.0,FRA,20.925,66.0,786.0,7-6(9) 7-6(9),3,R32,122.0,4.0,3.0,93.0,68.0,53.0,15.0,12.0,0.0,0.0,21.0,5.0,107.0,77.0,59.0,15.0,12.0,8.0,8.0
2024-321,Stuttgart,Grass,28,250,O,20240610,6,D994,,,James Duckworth,R,183.0,AUS,32.386,101.0,611.0,H996,,,Pierre-Hugues Herbert,R,188.0,FRA,33.232,139.0,448.0,6-4 7-6(2),3,R32,81.0,10.0,0.0,62.0,43.0,38.0,12.0,11.0,2.0,2.0,20.0,6.0,63.0,43.0,38.0,6.0,11.0,1.0,2.0
2024-321,Stuttgart,Grass,28,250,O,20240610,7,N0AE,,,Brandon Nakashima,R,188.0,USA,22.853,70.0,750.0,E865,,,Christopher Eubanks,R,201.0,USA,28.099,45.0,1017.0,7-6(4) 6-4,3,R32,81.0,7.0,0.0,59.0,44.0,37.0,11.0,11.0,0.0,0.0,11.0,2.0,64.0,44.0,33.0,13.0,11.0,1.0,2.0
2024-321,Stuttgart,Grass,28,250,O,20240610,8,BK40,,PR,Matteo Berrettini,R,196.0,ITA,28.162,95.0,630.0,SX50,8.0,,Roman Safiullin,R,185.0,RUS,26.842,43.0,1097.0,7-6(8) 5-7 7-5,3,R32,175.0,27.0,1.0,132.0,95.0,68.0,22.0,18.0,5.0,6.0,6.0,0.0,108.0,72.0,62.0,20.0,18.0,4.0,5.0
2024-321,Stuttgart,Grass,28,250,O,20240610,9,RC91,,,Arthur Rinderknech,R,196.0,FRA,28.884,67.0,777.0,M0QI,,,Alex Michelsen,R,193.0,USA,19.792,61.0,832.0,6-4 7-5,3,R32,82.0,18.0,2.0,71.0,54.0,45.0,4.0,11.0,2.0,3.0,3.0,0.0,57.0,42.0,29.0,9.0,11.0,1.0,4.0
2024-321,Stuttgart,Grass,28,250,O,20240610,10,SU55,,WC,Denis Shapovalov,L,185.0,CAN,25.155,117.0,550.0,MW76,,Q,Matteo Martineau,R,183.0,FRA,25.399,179.0,344.0,7-6(5) 7-5,3,R32,103.0,9.0,10.0,96.0,59.0,47.0,16.0,12.0,6.0,7.0,4.0,3.0,71.0,50.0,36.0,13.0,12.0,2.0,4.0
2024-321,Stuttgart,Grass,28,250,O,20240610,11,GC88,,,Marcos Giron,R,180.0,USA,30.88,54.0,910.0,MC10,,,Andy Murray,R,191.0,GBR,37.073,97.0,623.0,6-3 6-4,3,R32,75.0,7.0,0.0,63.0,41.0,33.0,12.0,10.0,3.0,3.0,3.0,1.0,49.0,34.0,23.0,9.0,9.0,3.0,5.0
2024-321,Stuttgart,Grass,28,250,O,20240610,12,SL28,,,Jan-Lennard Struff,R,193.0,GER,34.127,35.0,1180.0,C0E9,,,Flavio Cobolli,R,183.0,ITA,22.097,50.0,955.0,7-6(7) 6-3,3,R32,67.0,13.0,3.0,58.0,36.0,33.0,17.0,11.0,0.0,0.0,10.0,2.0,64.0,36.0,31.0,11.0,10.0,0.0,1.0
2024-321,Stuttgart,Grass,28,250,O,20240610,13,M0EJ,5.0,,Lorenzo Musetti,R,185.0,ITA,22.272,30.0,1290.0,KE73,,,Dominik Koepfer,L,180.0,GER,30.116,65.0,801.0,6-7(9) 7-6(5) 6-3,3,R16,167.0,5.0,2.0,117.0,79.0,60.0,20.0,17.0,4.0,5.0,3.0,5.0,116.0,71.0,51.0,26.0,16.0,4.0,6.0
2024-321,Stuttgart,Grass,28,250,O,20240610,14,TD51,4.0,,Frances Tiafoe,R,188.0,USA,26.387,28.0,1590.0,H997,,,Yannick Hanfmann,R,193.0,GER,32.575,91.0,646.0,7-5 7-6(5),3,R16,113.0,13.0,3.0,100.0,61.0,48.0,18.0,12.0,11.0,11.0,10.0,3.0,85.0,67.0,49.0,8.0,12.0,4.0,5.0
2024-321,Stuttgart,Grass,28,250,O,20240610,15,BK92,3.0,,Alexander Bublik,R,196.0,KAZ,26.982,17.0,2150.0,M0JF,,WC,Hamad Medjedovic,R,188.0,SRB,20.898,131.0,497.0,6-1 7-6(4),3,R16,79.0,18.0,5.0,69.0,42.0,38.0,13.0,10.0,1.0,1.0,14.0,4.0,63.0,44.0,32.0,8.0,9.0,4.0,6.0
2024-321,Stuttgart,Grass,28,250,O,20240610,16,D0CO,6.0,,Jack Draper,L,193.0,GBR,22.467,40.0,1131.0,GC88,,,Marcos Giron,R,180.0,USA,30.88,54.0,910.0,6-4 3-6 6-3,3,R16,113.0,9.0,4.0,86.0,55.0,46.0,15.0,14.0,4.0,5.0,7.0,0.0,91.0,49.0,33.0,26.0,14.0,7.0,9.0
2024-321,Stuttgart,Grass,28,250,O,20240610,17,N0AE,,,Brandon Nakashima,R,188.0,USA,22.853,70.0,750.0,G628,,LL,Richard Gasquet,R,183.0,FRA,37.979,116.0,555.0,6-3 6-4,3,R16,71.0,10.0,1.0,55.0,41.0,32.0,7.0,10.0,2.0,3.0,7.0,5.0,56.0,29.0,21.0,12.0,9.0,4.0,7.0
2024-321,Stuttgart,Grass,28,250,O,20240610,18,SL28,,,Jan-Lennard Struff,R,193.0,GER,34.127,35.0,1180.0,RC91,,,Arthur Rinderknech,R,196.0,FRA,28.884,67.0,777.0,6-4 7-6(0),3,R16,79.0,13.0,3.0,58.0,34.0,29.0,18.0,11.0,0.0,0.0,11.0,3.0,70.0,44.0,33.0,14.0,11.0,7.0,8.0
2024-321,Stuttgart,Grass,28,250,O,20240610,19,BK40,,PR,Matteo Berrettini,R,196.0,ITA,28.162,95.0,630.0,SU55,,WC,Denis Shapovalov,L,185.0,CAN,25.155,117.0,550.0,6-4 6-4,3,R16,74.0,3.0,1.0,57.0,39.0,33.0,10.0,10.0,1.0,1.0,4.0,4.0,53.0,28.0,24.0,14.0,10.0,1.0,3.0
2024-321,Stuttgart,Grass,28,250,O,20240610,20,D994,,Q,James Duckworth,R,183.0,AUS,32.386,101.0,611.0,S0S1,2.0,,Ben Shelton,L,193.0,USA,21.67,14.0,2590.0,7-6(5) 4-6 6-3,3,R16,124.0,9.0,4.0,103.0,66.0,50.0,20.0,16.0,0.0,1.0,21.0,8.0,97.0,67.0,56.0,12.0,15.0,3.0,4.0
2024-321,Stuttgart,Grass,28,250,O,20240610,21,D0CO,6.0,,Jack Draper,L,193.0,GBR,22.467,40.0,1131.0,TD51,4.0,,Frances Tiafoe,R,188.0,USA,26.387,28.0,1590.0,5-7 6-4 7-6(1),3,QF,126.0,31.0,3.0,95.0,62.0,53.0,20.0,17.0,1.0,2.0,12.0,3.0,118.0,82.0,60.0,17.0,17.0,5.0,6.0
2024-321,Stuttgart,Grass,28,250,O,20240610,22,N0AE,,,Brandon Nakashima,R,188.0,USA,22.853,70.0,750.0,SL28,,,Jan-Lennard Struff,R,193.0,GER,34.127,35.0,1180.0,W/O,3,QF,,,,,,,,,,,,,,,,,,,
2024-321,Stuttgart,Grass,28,250,O,20240610,23,BK40,,PR,Matteo Berrettini,R,196.0,ITA,28.162,95.0,630.0,D994,,Q,James Duckworth,R,183.0,AUS,32.386,101.0,611.0,6-4 7-5,3,QF,87.0,13.0,3.0,56.0,37.0,33.0,12.0,11.0,0.0,0.0,3.0,1.0,79.0,45.0,29.0,19.0,11.0,6.0,8.0
2024-321,Stuttgart,Grass,28,250,O,20240610,24,M0EJ,5.0,,Lorenzo Musetti,R,185.0,ITA,22.272,30.0,1290.0,BK92,3.0,,Alexander Bublik,R,196.0,KAZ,26.982,17.0,2150.0,4-6 6-1 1-0 RET,3,QF,78.0,4.0,2.0,61.0,35.0,27.0,14.0,9.0,3.0,4.0,13.0,6.0,58.0,31.0,24.0,10.0,9.0,0.0,3.0
2024-321,Stuttgart,Grass,28,250,O,20240610,25,D0CO,6.0,,Jack Draper,L,193.0,GBR,22.467,40.0,1131.0,N0AE,,,Brandon Nakashima,R,188.0,USA,22.853,70.0,750.0,6-3 6-3,3,SF,72.0,13.0,4.0,47.0,33.0,31.0,5.0,9.0,0.0,0.0,8.0,3.0,67.0,44.0,30.0,7.0,9.0,9.0,12.0
2024-321,Stuttgart,Grass,28,250,O,20240610,26,BK40,,PR,Matteo Berrettini,R,196.0,ITA,28.162,95.0,630.0,M0EJ,5.0,,Lorenzo Musetti,R,185.0,ITA,22.272,30.0,1290.0,6-4 6-0,3,SF,66.0,6.0,1.0,47.0,32.0,25.0,9.0,8.0,4.0,4.0,1.0,0.0,52.0,40.0,20.0,8.0,8.0,3.0,7.0
2024-321,Stuttgart,Grass,28,250,O,20240610,27,D0CO,6.0,,Jack Draper,L,193.0,GBR,22.467,40.0,1131.0,BK40,,PR,Matteo Berrettini,R,196.0,ITA,28.162,95.0,630.0,3-6 7-6(5) 6-4,3,F,124.0,12.0,2.0,85.0,54.0,47.0,18.0,15.0,3.0,4.0,14.0,3.0,97.0,66.0,55.0,16.0,16.0,2.0,3.0
2024-440,'s-Hertogenbosch,Grass,28,250,O,20240610,1,N0BG,,,Luca Nardi,R,185.0,ITA,20.846,73.0,742.0,GB88,,WC,David Goffin,R,180.0,BEL,33.509,109.0,583.0,7-5 7-5,3,R32,124.0,1.0,7.0,85.0,53.0,33.0,17.0,12.0,7.0,10.0,7.0,2.0,79.0,50.0,31.0,12.0,12.0,3.0,8.0
2024-440,'s-Hertogenbosch,Grass,28,250,O,20240610,2,ME82,5.0,,Adrian Mannarino,L,180.0,FRA,35.948,21.0,1865.0,N679,,Q,Stefano Napolitano,R,196.0,ITA,29.166,125.0,517.0,3-6 7-6(5) 6-2,3,R32,147.0,7.0,1.0,107.0,62.0,42.0,21.0,14.0,7.0,10.0,11.0,1.0,96.0,66.0,45.0,14.0,15.0,2.0,6.0
2024-440,'s-Hertogenbosch,Grass,28,250,O,20240610,3,BO10,,Q,Gijs Brouwer,L,191.0,NED,28.241,232.0,259.0,M0NI,,,Jakub Mensik,R,196.0,CZE,18.773,79.0,708.0,6-1 3-6 6-3,3,R32,103.0,6.0,2.0,90.0,64.0,42.0,15.0,13.0,7.0,9.0,12.0,8.0,74.0,39.0,30.0,13.0,12.0,1.0,5.0
2024-440,'s-Hertogenbosch,Grass,28,250,O,20240610,4,MK66,,,Mackenzie McDonald,R,178.0,USA,29.153,74.0,735.0,V812,,,Botic van de Zandschulp,R,191.0,NED,28.684,99.0,618.0,6-4 4-6 6-2,3,R32,130.0,2.0,5.0,85.0,57.0,36.0,13.0,14.0,4.0,8.0,6.0,8.0,92.0,51.0,37.0,12.0,14.0,11.0,17.0
2024-440,'s-Hertogenbosch,Grass,28,250,O,20240610,5,F0F1,,,Arthur Fils,R,185.0,FRA,19.995,38.0,1155.0,C0H0,,,Arthur Cazaux,R,183.0,FRA,21.799,75.0,735.0,6-4 6-4,3,R32,92.0,3.0,4.0,60.0,38.0,30.0,12.0,10.0,0.0,0.0,7.0,9.0,72.0,37.0,28.0,14.0,10.0,2.0,4.0
2024-440,'s-Hertogenbosch,Grass,28,250,O,20240610,6,R975,,PR,Milos Raonic,R,196.0,CAN,33.454,197.0,305.0,TC61,8.0,,Jordan Thompson,R,183.0,AUS,30.141,37.0,1156.0,6-3 6-4,3,R32,89.0,14.0,1.0,48.0,37.0,33.0,7.0,10.0,0.0,0.0,4.0,3.0,81.0,48.0,30.0,16.0,9.0,10.0,12.0
2024-440,'s-Hertogenbosch,Grass,28,250,O,20240610,7,V832,,,Aleksandar Vukic,R,188.0,AUS,28.178,87.0,674.0,PH71,,,Max Purcell,R,185.0,AUS,26.188,100.0,612.0,6-3 7-6(5),3,R32,91.0,11.0,0.0,68.0,46.0,38.0,11.0,10.0,2.0,2.0,4.0,0.0,66.0,43.0,32.0,12.0,11.0,4.0,6.0
2024-440,'s-Hertogenbosch,Grass,28,250,O,20240610,8,GJ37,6.0,,Tallon Griekspoor,R,188.0,NED,27.94,23.0,1690.0,KI95,,,Miomir Kecmanovic,R,183.0,SRB,24.778,53.0,920.0,6-7(3) 7-6(7) 7-6(3),3,R32,156.0,16.0,5.0,119.0,77.0,63.0,24.0,18.0,4.0,5.0,4.0,4.0,121.0,77.0,64.0,26.0,18.0,0.0,1.0
2024-440,'s-Hertogenbosch,Grass,28,250,O,20240610,9,BD06,,,Roberto Bautista Agut,R,183.0,ESP,36.156,85.0,680.0,HH06,,,Marc-Andrea Huesler,L,196.0,SUI,27.962,201.0,303.0,7-6(7) 6-2,3,R32,98.0,1.0,2.0,62.0,47.0,35.0,10.0,10.0,0.0,0.0,15.0,0.0,73.0,44.0,35.0,11.0,10.0,3.0,5.0
2024-440,'s-Hertogenbosch,Grass,28,250,O,20240610,10,P09Z,,,Alexei Popyrin,R,196.0,AUS,24.849,49.0,961.0,H0BH,,,Rinky Hijikata,R,178.0,AUS,23.294,80.0,708.0,6-4 6-4,3,R32,78.0,5.0,2.0,61.0,47.0,35.0,7.0,10.0,4.0,5.0,6.0,2.0,61.0,37.0,27.0,10.0,10.0,4.0,7.0
2024-440,'s-Hertogenbosch,Grass,28,250,O,20240610,11,K0AH,7.0,,Sebastian Korda,R,196.0,USA,23.932,26.0,1620.0,S0N0,,Q,Tristan Schoolkate,R,183.0,AUS,23.285,185.0,335.0,6-4 7-6(4),3,R32,79.0,15.0,1.0,63.0,43.0,36.0,16.0,11.0,3.0,3.0,9.0,1.0,65.0,36.0,32.0,14.0,11.0,3.0,4.0
2024-440,'s-Hertogenbosch,Grass,28,250,O,20240610,12,BU13,,,Zizou Bergs,R,185.0,BEL,25.021,81.0,688.0,V942,,,Tim van Rijthoven,R,188.0,NED,27.129,871.0,20.0,6-4 6-3,3,R32,76.0,0.0,2.0,50.0,35.0,27.0,7.0,9.0,1.0,2.0,4.0,3.0,55.0,35.0,20.0,10.0,10.0,1.0,5.0
2024-440,'s-Hertogenbosch,Grass,28,250,O,20240610,13,BO10,,Q,Gijs Brouwer,L,191.0,NED,28.241,232.0,259.0,ME82,5.0,,Adrian Mannarino,L,180.0,FRA,35.948,21.0,1865.0,6-3 6-3,3,R16,78.0,5.0,0.0,52.0,42.0,34.0,3.0,9.0,2.0,3.0,3.0,2.0,56.0,29.0,16.0,14.0,9.0,3.0,7.0
2024-440,'s-Hertogenbosch,Grass,28,250,O,20240610,14,GJ37,,,Tallon Griekspoor,R,188.0,NED,27.94,23.0,1690.0,MK66,,,Mackenzie McDonald,R,178.0,USA,29.153,74.0,735.0,6-3 7-6(5),3,R16,104.0,9.0,3.0,65.0,41.0,32.0,14.0,11.0,1.0,2.0,2.0,2.0,84.0,53.0,35.0,14.0,10.0,5.0,7.0
2024-440,'s-Hertogenbosch,Grass,28,250,O,20240610,15,HH26,3.0,,Ugo Humbert,L,188.0,FRA,25.958,16.0,2250.0,F0F1,,,Arthur Fils,R,185.0,FRA,19.995,38.0,1155.0,6-3 7-6(1),3,R16,87.0,9.0,2.0,64.0,49.0,40.0,10.0,11.0,2.0,2.0,3.0,4.0,62.0,39.0,29.0,12.0,10.0,1.0,2.0
2024-440,'s-Hertogenbosch,Grass,28,250,O,20240610,16,K0AH,7.0,,Sebastian Korda,R,196.0,USA,23.932,26.0,1620.0,N0BG,,,Luca Nardi,R,185.0,ITA,20.846,73.0,742.0,7-5 7-5,3,R16,107.0,7.0,3.0,75.0,44.0,37.0,13.0,12.0,3.0,5.0,1.0,4.0,89.0,60.0,37.0,12.0,12.0,8.0,12.0
2024-440,'s-Hertogenbosch,Grass,28,250,O,20240610,17,PL56,2.0,,Tommy Paul,R,185.0,USA,27.066,13.0,2710.0,P09Z,,,Alexei Popyrin,R,196.0,AUS,24.849,49.0,961.0,5-7 6-4 6-3,3,R16,120.0,10.0,2.0,87.0,57.0,42.0,20.0,16.0,5.0,7.0,8.0,2.0,105.0,79.0,53.0,10.0,15.0,8.0,11.0
2024-440,'s-Hertogenbosch,Grass,28,250,O,20240610,18,V832,,,Aleksandar Vukic,R,188.0,AUS,28.178,87.0,674.0,KE29,4.0,,Karen Khachanov,R,198.0,RUS,28.055,22.0,1780.0,6-4 5-7 7-6(4),3,R16,159.0,14.0,0.0,110.0,64.0,48.0,25.0,17.0,4.0,7.0,7.0,3.0,101.0,66.0,49.0,19.0,17.0,5.0,8.0
2024-440,'s-Hertogenbosch,Grass,28,250,O,20240610,19,DH58,,,Alex de Minaur,R,183.0,AUS,25.311,9.0,3845.0,BU13,,,Zizou Bergs,R,185.0,BEL,25.021,81.0,688.0,7-5 6-4,3,R16,100.0,4.0,2.0,59.0,37.0,32.0,11.0,11.0,3.0,4.0,1.0,1.0,71.0,43.0,29.0,14.0,11.0,5.0,8.0
2024-440,'s-Hertogenbosch,Grass,28,250,O,20240610,20,R975,,PR,Milos Raonic,R,196.0,CAN,33.454,197.0,305.0,BD06,,,Roberto Bautista Agut,R,183.0,ESP,36.156,85.0,680.0,4-6 6-2 7-5,3,R16,107.0,25.0,2.0,73.0,44.0,39.0,18.0,15.0,0.0,1.0,2.0,2.0,83.0,53.0,37.0,16.0,15.0,1.0,4.0
2024-440,'s-Hertogenbosch,Grass,28,250,O,20240610,21,K0AH,7.0,,Sebastian Korda,R,196.0,USA,23.932,26.0,1620.0,PL56,2.0,,Tommy Paul,R,185.0,USA,27.066,13.0,2710.0,6-4 6-2,3,QF,67.0,2.0,0.0,44.0,32.0,27.0,8.0,9.0,0.0,1.0,2.0,3.0,59.0,31.0,24.0,9.0,9.0,4.0,8.0
2024-440,'s-Hertogenbosch,Grass,28,250,O,20240610,22,GJ37,6.0,,Tallon Griekspoor,R,188.0,NED,27.94,23.0,1690.0,V832,,,Aleksandar Vukic,R,188.0,AUS,28.178,87.0,674.0,4-6 6-3 7-6(4),3,QF,123.0,13.0,7.0,104.0,65.0,52.0,22.0,16.0,5.0,6.0,14.0,1.0,93.0,64.0,46.0,20.0,15.0,6.0,7.0
2024-440,'s-Hertogenbosch,Grass,28,250,O,20240610,23,DH58,,,Alex de Minaur,R,183.0,AUS,25.311,9.0,3845.0,R975,,,Milos Raonic,R,196.0,CAN,33.454,197.0,305.0,7-5 6-2,3,QF,86.0,3.0,2.0,58.0,30.0,23.0,17.0,10.0,3.0,4.0,8.0,3.0,59.0,34.0,26.0,6.0,10.0,3.0,7.0
2024-440,'s-Hertogenbosch,Grass,28,250,O,20240610,24,HH26,3.0,,Ugo Humbert,L,188.0,FRA,25.958,16.0,2250.0,BO10,,Q,Gijs Brouwer,L,191.0,NED,28.241,232.0,259.0,4-6 6-3 6-3,3,QF,123.0,4.0,2.0,95.0,61.0,44.0,14.0,14.0,6.0,9.0,5.0,2.0,93.0,68.0,44.0,9.0,14.0,11.0,16.0
2024-440,'s-Hertogenbosch,Grass,28,250,O,20240610,25,K0AH,7.0,,Sebastian Korda,R,196.0,USA,23.932,26.0,1620.0,GJ37,6.0,,Tallon Griekspoor,R,188.0,NED,27.94,23.0,1690.0,6-2 6-4,3,SF,64.0,5.0,1.0,46.0,30.0,24.0,13.0,9.0,0.0,0.0,3.0,1.0,57.0,33.0,21.0,13.0,9.0,1.0,4.0
2024-440,'s-Hertogenbosch,Grass,28,250,O,20240610,26,DH58,,,Alex de Minaur,R,183.0,AUS,25.311,9.0,3845.0,HH26,,,Ugo Humbert,L,188.0,FRA,25.958,16.0,2250.0,7-6(4) 6-3,3,SF,104.0,2.0,4.0,68.0,39.0,31.0,15.0,11.0,3.0,5.0,3.0,1.0,78.0,44.0,31.0,13.0,10.0,7.0,10.0
2024-440,'s-Hertogenbosch,Grass,28,250,O,20240610,27,DH58,,,Alex de Minaur,R,183.0,AUS,25.311,9.0,3845.0,K0AH,,,Sebastian Korda,R,196.0,USA,23.932,26.0,1620.0,6-2 6-4,3,F,94.0,2.0,3.0,57.0,30.0,23.0,10.0,9.0,4.0,6.0,3.0,4.0,72.0,44.0,24.0,10.0,9.0,9.0,14.0
2024-500,Halle,Grass,32,500,O,20240617,1,KE73,,,Dominik Koepfer,L,180.0,GER,30.136,70.0,781.0,AG37,,,Felix Auger-Aliassime,R,193.0,CAN,23.858,18.0,2075.0,6-4 4-3 RET,3,R32,70.0,3.0,0.0,44.0,30.0,22.0,11.0,8.0,0.0,0.0,16.0,0.0,52.0,38.0,29.0,7.0,9.0,3.0,5.0
2024-500,Halle,Grass,32,500,O,20240617,2,SU87,,,Lorenzo Sonego,R,191.0,ITA,29.103,57.0,861.0,KI95,,,Miomir Kecmanovic,R,183.0,SRB,24.797,54.0,920.0,7-6(6) 7-6(5),3,R32,117.0,5.0,2.0,76.0,53.0,45.0,13.0,12.0,1.0,1.0,2.0,3.0,85.0,52.0,42.0,18.0,12.0,2.0,2.0
2024-500,Halle,Grass,32,500,O,20240617,3,Z371,,,Zhizhen Zhang,R,193.0,CHN,27.669,42.0,1066.0,O513,,,Sebastian Ofner,R,191.0,AUT,28.099,52.0,933.0,7-6(8) 6-7(3) 6-4,3,R32,141.0,23.0,3.0,111.0,75.0,59.0,20.0,17.0,0.0,0.0,21.0,3.0,121.0,72.0,55.0,31.0,17.0,6.0,7.0
2024-500,Halle,Grass,32,500,O,20240617,4,M0CI,,,Fabian Marozsan,R,193.0,HUN,24.693,45.0,997.0,SX50,,,Roman Safiullin,R,185.0,RUS,26.861,40.0,1097.0,7-5 4-6 6-1,3,R32,116.0,14.0,1.0,90.0,61.0,48.0,17.0,15.0,4.0,5.0,16.0,3.0,82.0,52.0,42.0,12.0,14.0,1.0,4.0
2024-500,Halle,Grass,32,500,O,20240617,5,MM58,3.0,,Daniil Medvedev,R,198.0,RUS,28.348,5.0,6485.0,BT72,,,Nuno Borges,R,185.0,POR,27.324,51.0,936.0,7-6(4) 6-4,3,R32,91.0,9.0,4.0,75.0,45.0,34.0,17.0,11.0,5.0,6.0,7.0,2.0,68.0,49.0,37.0,8.0,11.0,2.0,4.0
2024-500,Halle,Grass,32,500,O,20240617,6,HB71,5.0,,Hubert Hurkacz,R,196.0,POL,27.346,9.0,3950.0,C0E9,,,Flavio Cobolli,R,183.0,ITA,22.116,49.0,955.0,7-5 7-6(2),3,R32,95.0,19.0,2.0,68.0,51.0,41.0,10.0,12.0,0.0,1.0,7.0,3.0,87.0,48.0,36.0,19.0,12.0,7.0,9.0
2024-500,Halle,Grass,32,500,O,20240617,7,F0F1,,,Arthur Fils,R,185.0,FRA,20.014,37.0,1170.0,M0FH,,,Tomas Machac,R,183.0,CZE,23.677,36.0,1214.0,6-4 6-4,3,R32,70.0,10.0,2.0,58.0,36.0,29.0,14.0,10.0,4.0,5.0,3.0,0.0,62.0,50.0,31.0,6.0,10.0,5.0,8.0
2024-500,Halle,Grass,32,500,O,20240617,8,D994,,Q,James Duckworth,R,183.0,AUS,32.405,88.0,665.0,F0FV,,WC,Joao Fonseca,R,188.0,BRA,17.823,217.0,283.0,6-4 6-4,3,R32,90.0,8.0,2.0,61.0,35.0,25.0,19.0,10.0,2.0,2.0,14.0,2.0,85.0,51.0,35.0,15.0,10.0,10.0,12.0
2024-500,Halle,Grass,32,500,O,20240617,9,GC88,,,Marcos Giron,R,180.0,USA,30.899,53.0,925.0,RE44,4.0,,Andrey Rublev,R,188.0,RUS,26.658,6.0,4710.0,6-4 7-6(5),3,R32,88.0,8.0,1.0,65.0,35.0,27.0,16.0,11.0,1.0,2.0,9.0,3.0,70.0,49.0,34.0,8.0,11.0,4.0,6.0
2024-500,Halle,Grass,32,500,O,20240617,10,E865,,,Christopher Eubanks,R,201.0,USA,28.118,44.0,1005.0,MO44,,,Pedro Martinez,R,185.0,ESP,27.143,46.0,975.0,6-3 6-4,3,R32,76.0,12.0,2.0,54.0,40.0,31.0,8.0,10.0,1.0,2.0,3.0,6.0,55.0,39.0,25.0,5.0,9.0,4.0,7.0
2024-500,Halle,Grass,32,500,O,20240617,11,BK92,7.0,,Alexander Bublik,R,196.0,KAZ,27.001,17.0,2180.0,PH71,,Q,Max Purcell,R,185.0,AUS,26.207,101.0,612.0,7-6(1) 6-4,3,R32,86.0,14.0,8.0,71.0,40.0,36.0,13.0,11.0,5.0,7.0,5.0,2.0,63.0,36.0,26.0,13.0,11.0,0.0,3.0
2024-500,Halle,Grass,32,500,O,20240617,12,S0AG,1.0,,Jannik Sinner,R,191.0,ITA,22.836,1.0,9480.0,GJ37,,,Tallon Griekspoor,R,188.0,NED,27.959,27.0,1540.0,6-7(8) 6-3 6-2,3,R32,142.0,15.0,2.0,93.0,62.0,49.0,20.0,15.0,4.0,4.0,11.0,2.0,102.0,64.0,43.0,22.0,14.0,1.0,4.0
2024-500,Halle,Grass,32,500,O,20240617,13,Z355,2.0,,Alexander Zverev,R,198.0,GER,27.159,4.0,6885.0,O449,,Q,Oscar Otte,R,193.0,GER,30.921,474.0,92.0,6-7(5) 6-3 6-4,3,R32,137.0,28.0,2.0,107.0,73.0,58.0,19.0,16.0,3.0,3.0,4.0,2.0,98.0,58.0,45.0,21.0,15.0,5.0,7.0
2024-500,Halle,Grass,32,500,O,20240617,14,TE51,6.0,,Stefanos Tsitsipas,R,193.0,GRE,25.848,11.0,3740.0,S0AK,,WC,Henri Squire,R,196.0,GER,23.721,181.0,344.0,7-6(7) 7-6(2),3,R32,92.0,7.0,1.0,69.0,45.0,38.0,21.0,12.0,0.0,0.0,6.0,4.0,78.0,58.0,49.0,9.0,12.0,1.0,1.0
2024-500,Halle,Grass,32,500,O,20240617,15,BK40,,SE,Matteo Berrettini,R,196.0,ITA,28.181,65.0,795.0,M0QI,,Q,Alex Michelsen,R,193.0,USA,19.811,61.0,829.0,7-6(5) 6-2,3,R32,92.0,13.0,1.0,61.0,42.0,34.0,10.0,10.0,1.0,2.0,5.0,2.0,63.0,46.0,29.0,9.0,10.0,1.0,4.0
2024-500,Halle,Grass,32,500,O,20240617,16,SL28,,,Jan-Lennard Struff,R,193.0,GER,34.146,41.0,1080.0,D0FJ,,,Luciano Darderi,R,183.0,ITA,22.338,34.0,1231.0,6-7(2) 7-5 7-6(10),3,R32,151.0,21.0,8.0,106.0,63.0,57.0,24.0,18.0,2.0,3.0,14.0,8.0,145.0,73.0,60.0,35.0,18.0,7.0,9.0
2024-500,Halle,Grass,32,500,O,20240617,17,F0F1,,,Arthur Fils,R,185.0,FRA,20.014,37.0,1170.0,KE73,,WC,Dominik Koepfer,L,180.0,GER,30.136,70.0,781.0,6-3 6-4,3,R16,79.0,4.0,2.0,71.0,35.0,28.0,20.0,10.0,5.0,5.0,4.0,1.0,53.0,32.0,22.0,11.0,9.0,1.0,3.0
2024-500,Halle,Grass,32,500,O,20240617,18,E865,,,Christopher Eubanks,R,201.0,USA,28.118,44.0,1005.0,BK92,7.0,,Alexander Bublik,R,196.0,KAZ,27.001,17.0,2180.0,7-6(5) 4-6 6-3,3,R16,130.0,10.0,4.0,123.0,87.0,59.0,20.0,16.0,14.0,16.0,22.0,4.0,89.0,57.0,44.0,17.0,15.0,2.0,4.0
2024-500,Halle,Grass,32,500,O,20240617,19,Z371,,,Zhizhen Zhang,R,193.0,CHN,27.669,42.0,1066.0,MM58,3.0,,Daniil Medvedev,R,198.0,RUS,28.348,5.0,6485.0,6-3 2-6 7-6(5),3,R16,125.0,12.0,4.0,106.0,71.0,51.0,17.0,15.0,2.0,5.0,13.0,5.0,92.0,58.0,47.0,15.0,14.0,3.0,5.0
2024-500,Halle,Grass,32,500,O,20240617,20,Z355,2.0,,Alexander Zverev,R,198.0,GER,27.159,4.0,6885.0,SU87,,,Lorenzo Sonego,R,191.0,ITA,29.103,57.0,861.0,6-4 7-6(5),3,R16,103.0,7.0,1.0,56.0,44.0,38.0,10.0,11.0,0.0,0.0,6.0,3.0,77.0,43.0,32.0,19.0,11.0,5.0,6.0
2024-500,Halle,Grass,32,500,O,20240617,21,HB71,5.0,,Hubert Hurkacz,R,196.0,POL,27.346,9.0,3950.0,D994,,Q,James Duckworth,R,183.0,AUS,32.405,88.0,665.0,7-6(3) 6-4,3,R16,86.0,17.0,0.0,59.0,42.0,39.0,11.0,11.0,1.0,1.0,5.0,2.0,76.0,37.0,31.0,19.0,11.0,3.0,4.0
2024-500,Halle,Grass,32,500,O,20240617,22,S0AG,1.0,,Jannik Sinner,R,191.0,ITA,22.836,1.0,9480.0,M0CI,,,Fabian Marozsan,R,193.0,HUN,24.693,45.0,997.0,6-4 6-7(4) 6-3,3,R16,135.0,12.0,2.0,93.0,60.0,45.0,17.0,16.0,0.0,2.0,9.0,0.0,106.0,67.0,44.0,20.0,15.0,11.0,15.0
2024-500,Halle,Grass,32,500,O,20240617,23,GC88,,,Marcos Giron,R,180.0,USA,30.899,53.0,925.0,BK40,,SE,Matteo Berrettini,R,196.0,ITA,28.181,65.0,795.0,3-6 6-4 6-3,3,R16,104.0,2.0,1.0,71.0,50.0,42.0,11.0,14.0,2.0,3.0,13.0,2.0,79.0,50.0,38.0,18.0,14.0,2.0,4.0
2024-500,Halle,Grass,32,500,O,20240617,24,SL28,,,Jan-Lennard Struff,R,193.0,GER,34.146,41.0,1080.0,TE51,,,Stefanos Tsitsipas,R,193.0,GRE,25.848,11.0,3740.0,6-4 6-4,3,R16,67.0,8.0,1.0,53.0,31.0,26.0,16.0,10.0,0.0,0.0,5.0,3.0,58.0,35.0,26.0,12.0,10.0,1.0,3.0
2024-500,Halle,Grass,32,500,O,20240617,25,HB71,5.0,,Hubert Hurkacz,R,196.0,POL,27.346,9.0,3950.0,GC88,,,Marcos Giron,R,180.0,USA,30.899,53.0,925.0,7-6(5) 6-4,3,QF,95.0,11.0,1.0,77.0,49.0,38.0,15.0,11.0,2.0,3.0,4.0,1.0,72.0,47.0,36.0,12.0,11.0,5.0,7.0
2024-500,Halle,Grass,32,500,O,20240617,26,Z355,2.0,,Alexander Zverev,R,198.0,GER,27.159,4.0,6885.0,F0F1,,,Arthur Fils,R,185.0,FRA,20.014,37.0,1170.0,6-7(5) 6-3 6-4,3,QF,150.0,8.0,1.0,95.0,66.0,55.0,16.0,16.0,1.0,1.0,6.0,5.0,91.0,54.0,45.0,17.0,15.0,4.0,6.0
2024-500,Halle,Grass,32,500,O,20240617,27,S0AG,,,Jannik Sinner,R,191.0,ITA,22.836,1.0,9480.0,SL28,,,Jan-Lennard Struff,R,193.0,GER,34.146,41.0,1080.0,6-2 6-7(1) 7-6(3),3,QF,150.0,14.0,3.0,97.0,64.0,55.0,17.0,16.0,1.0,1.0,18.0,2.0,125.0,80.0,58.0,24.0,16.0,16.0,18.0
2024-500,Halle,Grass,32,500,O,20240617,28,Z371,,,Zhizhen Zhang,R,193.0,CHN,27.669,42.0,1066.0,E865,,,Christopher Eubanks,R,201.0,USA,28.118,44.0,1005.0,6-4 4-6 7-5,3,QF,111.0,10.0,2.0,84.0,55.0,43.0,18.0,16.0,0.0,2.0,18.0,0.0,87.0,68.0,52.0,7.0,16.0,1.0,4.0
2024-500,Halle,Grass,32,500,O,20240617,29,HB71,5.0,,Hubert Hurkacz,R,196.0,POL,27.346,9.0,3950.0,Z355,2.0,,Alexander Zverev,R,198.0,GER,27.159,4.0,6885.0,7-6(2) 6-4,3,SF,95.0,17.0,2.0,71.0,53.0,43.0,10.0,11.0,4.0,4.0,5.0,0.0,62.0,42.0,36.0,11.0,11.0,0.0,1.0
2024-500,Halle,Grass,32,500,O,20240617,30,S0AG,1.0,,Jannik Sinner,R,191.0,ITA,22.836,1.0,9480.0,Z371,,,Zhizhen Zhang,R,193.0,CHN,27.669,42.0,1066.0,6-4 7-6(3),3,SF,99.0,8.0,1.0,66.0,43.0,35.0,14.0,11.0,1.0,1.0,9.0,2.0,73.0,49.0,39.0,8.0,11.0,0.0,1.0
2024-500,Halle,Grass,32,500,O,20240617,31,S0AG,1.0,,Jannik Sinner,R,191.0,ITA,22.836,1.0,9480.0,HB71,5.0,,Hubert Hurkacz,R,196.0,POL,27.346,9.0,3950.0,7-6(8) 7-6(2),3,F,109.0,10.0,1.0,72.0,47.0,44.0,17.0,12.0,1.0,1.0,13.0,0.0,89.0,66.0,52.0,9.0,12.0,3.0,3.0
2024-311,Queen's Club,Grass,32,500,O,20240617,1,D875,3.0,,Grigor Dimitrov,R,191.0,BUL,33.09,10.0,3775.0,ME82,,,Adrian Mannarino,L,180.0,FRA,35.967,21.0,1845.0,6-1 6-2,3,R32,62.0,12.0,2.0,41.0,22.0,19.0,13.0,8.0,0.0,0.0,2.0,2.0,50.0,24.0,13.0,10.0,7.0,5.0,9.0
2024-311,Queen's Club,Grass,32,500,O,20240617,2,H0BH,,Q,Rinky Hijikata,R,178.0,AUS,23.313,98.0,622.0,TD51,,,Frances Tiafoe,R,188.0,USA,26.407,28.0,1390.0,7-5 4-6 1-0 RET,3,R32,106.0,6.0,6.0,71.0,48.0,37.0,8.0,12.0,3.0,5.0,2.0,6.0,75.0,34.0,23.0,22.0,11.0,4.0,6.0
2024-311,Queen's Club,Grass,32,500,O,20240617,3,TC61,,,Jordan Thompson,R,183.0,AUS,30.16,43.0,1051.0,R0DG,7.0,,Holger Rune,R,188.0,DEN,21.136,15.0,2540.0,4-6 7-6(4) 6-3,3,R32,123.0,8.0,1.0,83.0,54.0,45.0,20.0,16.0,0.0,1.0,9.0,2.0,91.0,58.0,45.0,18.0,15.0,2.0,3.0
2024-311,Queen's Club,Grass,32,500,O,20240617,4,R975,,PR,Milos Raonic,R,196.0,CAN,33.473,186.0,335.0,N771,,,Cameron Norrie,L,188.0,GBR,28.819,39.0,1150.0,6-7(6) 6-3 7-6(9),3,R32,135.0,47.0,6.0,110.0,76.0,65.0,19.0,17.0,2.0,2.0,12.0,2.0,102.0,75.0,60.0,16.0,16.0,3.0,4.0
2024-311,Queen's Club,Grass,32,500,O,20240617,5,FB98,4.0,,Taylor Fritz,R,196.0,USA,26.637,12.0,3090.0,DA81,,Q,Taro Daniel,R,191.0,JPN,31.387,85.0,680.0,6-3 6-3,3,R32,65.0,13.0,0.0,48.0,31.0,26.0,11.0,9.0,1.0,1.0,5.0,3.0,57.0,29.0,21.0,12.0,9.0,6.0,9.0
2024-311,Queen's Club,Grass,32,500,O,20240617,6,M0EJ,,,Lorenzo Musetti,R,185.0,ITA,22.292,30.0,1380.0,DH58,,,Alex de Minaur,R,183.0,AUS,25.331,7.0,4085.0,1-6 6-4 6-2,3,R32,123.0,7.0,3.0,102.0,61.0,44.0,13.0,13.0,8.0,12.0,0.0,2.0,65.0,35.0,29.0,12.0,12.0,0.0,4.0
2024-311,Queen's Club,Grass,32,500,O,20240617,7,A0FC,,,Matteo Arnaldi,R,185.0,ITA,23.316,35.0,1220.0,HH26,8.0,,Ugo Humbert,L,188.0,FRA,25.977,16.0,2300.0,3-6 6-1 7-6(6),3,R32,128.0,9.0,6.0,90.0,49.0,37.0,25.0,14.0,4.0,5.0,5.0,1.0,86.0,55.0,40.0,19.0,14.0,4.0,6.0
2024-311,Queen's Club,Grass,32,500,O,20240617,8,K0AH,,,Sebastian Korda,R,196.0,USA,23.951,23.0,1775.0,KE29,,,Karen Khachanov,R,198.0,RUS,28.074,22.0,1780.0,7-5 7-6(5),3,R32,96.0,11.0,0.0,65.0,39.0,36.0,17.0,12.0,1.0,1.0,5.0,4.0,81.0,46.0,38.0,16.0,12.0,6.0,7.0
2024-311,Queen's Club,Grass,32,500,O,20240617,9,TE30,,,Alejandro Tabilo,L,188.0,CHI,27.042,24.0,1639.0,DH50,,,Alejandro Davidovich Fokina,R,180.0,ESP,25.035,33.0,1240.0,7-6(6) 3-6 6-1,3,R32,129.0,14.0,2.0,85.0,61.0,51.0,10.0,14.0,3.0,4.0,14.0,4.0,103.0,69.0,51.0,15.0,14.0,4.0,6.0
2024-311,Queen's Club,Grass,32,500,O,20240617,10,PL56,5.0,,Tommy Paul,R,185.0,USA,27.086,13.0,2750.0,B0BI,,,Sebastian Baez,R,170.0,ARG,23.469,19.0,2030.0,6-4 6-4,3,R32,96.0,5.0,2.0,75.0,50.0,38.0,12.0,10.0,7.0,8.0,1.0,2.0,82.0,59.0,30.0,14.0,10.0,7.0,10.0
2024-311,Queen's Club,Grass,32,500,O,20240617,11,A0E2,1.0,,Carlos Alcaraz,R,183.0,ESP,21.12,2.0,8580.0,C0AU,,,Francisco Cerundolo,R,185.0,ARG,25.845,26.0,1610.0,6-1 7-5,3,R32,82.0,2.0,3.0,56.0,33.0,26.0,15.0,10.0,3.0,4.0,1.0,3.0,54.0,30.0,17.0,11.0,9.0,4.0,8.0
2024-311,Queen's Club,Grass,32,500,O,20240617,12,HD68,,WC,Billy Harris,R,193.0,GBR,29.394,162.0,366.0,EA24,,,Tomas Martin Etcheverry,R,196.0,ARG,24.917,32.0,1290.0,6-4 3-6 6-3,3,R32,111.0,8.0,1.0,69.0,40.0,35.0,19.0,14.0,1.0,2.0,11.0,3.0,84.0,59.0,45.0,14.0,14.0,8.0,10.0
2024-311,Queen's Club,Grass,32,500,O,20240617,13,N0AE,,SE,Brandon Nakashima,R,188.0,USA,22.872,63.0,820.0,E687,,WC,Daniel Evans,R,175.0,GBR,34.07,59.0,844.0,4-6 6-3 RET,3,R32,94.0,11.0,2.0,66.0,49.0,34.0,6.0,10.0,7.0,10.0,3.0,3.0,49.0,22.0,19.0,12.0,9.0,4.0,7.0
2024-311,Queen's Club,Grass,32,500,O,20240617,14,M0GZ,,Q,Giovanni Mpetshi Perricard,R,203.0,FRA,20.945,67.0,787.0,S0S1,6.0,,Ben Shelton,L,193.0,USA,21.689,14.0,2590.0,6-3 7-6(3),3,R32,71.0,16.0,5.0,60.0,42.0,38.0,10.0,11.0,0.0,0.0,9.0,3.0,61.0,41.0,34.0,8.0,10.0,1.0,2.0
2024-311,Queen's Club,Grass,32,500,O,20240617,15,MC10,,WC,Andy Murray,R,191.0,GBR,37.092,129.0,498.0,P09Z,,Q,Alexei Popyrin,R,196.0,AUS,24.868,48.0,966.0,6-3 3-6 6-3,3,R32,111.0,9.0,4.0,83.0,56.0,43.0,15.0,14.0,1.0,2.0,12.0,3.0,75.0,45.0,37.0,14.0,13.0,2.0,4.0
2024-311,Queen's Club,Grass,32,500,O,20240617,16,D0CO,,,Jack Draper,L,193.0,GBR,22.486,31.0,1371.0,N0BS,,,Mariano Navone,R,178.0,ARG,23.302,29.0,1382.0,6-3 6-2,3,R32,54.0,6.0,1.0,36.0,26.0,23.0,9.0,8.0,0.0,0.0,5.0,4.0,57.0,34.0,23.0,7.0,9.0,5.0,9.0
2024-311,Queen's Club,Grass,32,500,O,20240617,17,H0BH,,Q,Rinky Hijikata,R,178.0,AUS,23.313,98.0,622.0,A0FC,,,Matteo Arnaldi,R,185.0,ITA,23.316,35.0,1220.0,7-6(0) 7-6(7),3,R16,126.0,2.0,0.0,90.0,57.0,41.0,18.0,12.0,3.0,5.0,8.0,6.0,90.0,50.0,33.0,19.0,12.0,7.0,9.0
2024-311,Queen's Club,Grass,32,500,O,20240617,18,K0AH,,,Sebastian Korda,R,196.0,USA,23.951,23.0,1775.0,D875,3.0,,Grigor Dimitrov,R,191.0,BUL,33.09,10.0,3775.0,6-4 3-6 7-5,3,R16,119.0,8.0,0.0,82.0,54.0,45.0,13.0,15.0,2.0,4.0,11.0,5.0,103.0,64.0,49.0,17.0,16.0,11.0,14.0
2024-311,Queen's Club,Grass,32,500,O,20240617,19,TC61,,,Jordan Thompson,R,183.0,AUS,30.16,43.0,1051.0,MC10,,WC,Andy Murray,R,191.0,GBR,37.092,129.0,498.0,4-1 RET,3,R16,23.0,2.0,0.0,10.0,5.0,5.0,3.0,2.0,0.0,0.0,1.0,3.0,16.0,9.0,3.0,3.0,3.0,0.0,2.0
2024-311,Queen's Club,Grass,32,500,O,20240617,20,FB98,4.0,,Taylor Fritz,R,196.0,USA,26.637,12.0,3090.0,R975,,PR,Milos Raonic,R,196.0,CAN,33.473,186.0,335.0,7-6(5) 6-4,3,R16,82.0,11.0,0.0,65.0,43.0,35.0,14.0,11.0,3.0,3.0,9.0,3.0,59.0,34.0,27.0,18.0,11.0,0.0,1.0
2024-311,Queen's Club,Grass,32,500,O,20240617,21,PL56,5.0,,Tommy Paul,R,185.0,USA,27.086,13.0,2750.0,TE30,,,Alejandro Tabilo,L,188.0,CHI,27.042,24.0,1639.0,6-3 6-4,3,R16,69.0,10.0,1.0,53.0,36.0,31.0,13.0,10.0,2.0,2.0,5.0,1.0,63.0,41.0,30.0,9.0,9.0,8.0,10.0
2024-311,Queen's Club,Grass,32,500,O,20240617,22,D0CO,,,Jack Draper,L,193.0,GBR,22.486,31.0,1371.0,A0E2,1.0,,Carlos Alcaraz,R,183.0,ESP,21.12,2.0,8580.0,7-6(3) 6-3,3,R16,99.0,8.0,3.0,66.0,39.0,32.0,18.0,11.0,1.0,1.0,7.0,1.0,75.0,50.0,38.0,12.0,10.0,3.0,4.0
2024-311,Queen's Club,Grass,32,500,O,20240617,23,HD68,,WC,Billy Harris,R,193.0,GBR,29.394,162.0,366.0,M0GZ,,Q,Giovanni Mpetshi Perricard,R,203.0,FRA,20.945,67.0,787.0,6-4 7-5,3,R16,70.0,9.0,0.0,51.0,31.0,27.0,17.0,11.0,0.0,0.0,15.0,1.0,61.0,42.0,35.0,6.0,11.0,2.0,4.0
2024-311,Queen's Club,Grass,32,500,O,20240617,24,M0EJ,,,Lorenzo Musetti,R,185.0,ITA,22.292,30.0,1380.0,N0AE,,SE,Brandon Nakashima,R,188.0,USA,22.872,63.0,820.0,6-4 4-6 6-4,3,R16,147.0,6.0,3.0,106.0,70.0,52.0,17.0,15.0,10.0,12.0,7.0,0.0,93.0,53.0,37.0,20.0,15.0,3.0,6.0
2024-311,Queen's Club,Grass,32,500,O,20240617,25,TC61,,,Jordan Thompson,R,183.0,AUS,30.16,43.0,1051.0,FB98,4.0,,Taylor Fritz,R,196.0,USA,26.637,12.0,3090.0,6-4 6-3,3,QF,79.0,9.0,4.0,60.0,40.0,31.0,10.0,9.0,0.0,0.0,7.0,4.0,56.0,34.0,25.0,9.0,10.0,7.0,10.0
2024-311,Queen's Club,Grass,32,500,O,20240617,26,M0EJ,,,Lorenzo Musetti,R,185.0,ITA,22.292,30.0,1380.0,HD68,,WC,Billy Harris,R,193.0,GBR,29.394,162.0,366.0,6-3 7-5,3,QF,99.0,4.0,2.0,63.0,33.0,28.0,22.0,11.0,2.0,2.0,2.0,1.0,68.0,46.0,29.0,13.0,10.0,2.0,4.0
2024-311,Queen's Club,Grass,32,500,O,20240617,27,PL56,5.0,,Tommy Paul,R,185.0,USA,27.086,13.0,2750.0,D0CO,,,Jack Draper,L,193.0,GBR,22.486,31.0,1371.0,6-3 5-7 6-4,3,QF,121.0,7.0,3.0,95.0,57.0,43.0,20.0,16.0,2.0,4.0,7.0,4.0,81.0,46.0,37.0,17.0,15.0,1.0,4.0
2024-311,Queen's Club,Grass,32,500,O,20240617,28,K0AH,,,Sebastian Korda,R,196.0,USA,23.951,23.0,1775.0,H0BH,,Q,Rinky Hijikata,R,178.0,AUS,23.313,98.0,622.0,6-7(4) 6-3 6-4,3,QF,131.0,6.0,3.0,106.0,58.0,41.0,26.0,16.0,4.0,6.0,3.0,3.0,89.0,46.0,35.0,18.0,15.0,3.0,7.0
2024-311,Queen's Club,Grass,32,500,O,20240617,29,M0EJ,,,Lorenzo Musetti,R,185.0,ITA,22.292,30.0,1380.0,TC61,,,Jordan Thompson,R,183.0,AUS,30.16,43.0,1051.0,6-3 3-6 6-3,3,SF,138.0,2.0,2.0,87.0,60.0,45.0,14.0,14.0,4.0,6.0,4.0,0.0,89.0,49.0,33.0,22.0,13.0,8.0,11.0
2024-311,Queen's Club,Grass,32,500,O,20240617,30,PL56,5.0,,Tommy Paul,R,185.0,USA,27.086,13.0,2750.0,K0AH,,,Sebastian Korda,R,196.0,USA,23.951,23.0,1775.0,6-4 7-6(2),3,SF,101.0,5.0,0.0,73.0,50.0,31.0,15.0,11.0,1.0,3.0,3.0,1.0,66.0,35.0,26.0,12.0,11.0,3.0,6.0
2024-311,Queen's Club,Grass,32,500,O,20240617,31,PL56,5.0,,Tommy Paul,R,185.0,USA,27.086,13.0,2750.0,M0EJ,,,Lorenzo Musetti,R,185.0,ITA,22.292,30.0,1380.0,6-1 7-6(8),3,F,88.0,6.0,1.0,69.0,47.0,36.0,13.0,10.0,2.0,3.0,2.0,0.0,56.0,43.0,28.0,8.0,9.0,1.0,4.0
2024-741,Eastbourne,Grass,28,250,O,20240624,1,HD68,,WC,Billy Harris,R,193.0,GBR,29.413,139.0,456.0,F0BY,,WC,Jacob Fearnley,R,183.0,GBR,22.943,271.0,206.0,6-4 7-6(7),3,R32,97.0,10.0,2.0,68.0,47.0,40.0,12.0,11.0,1.0,1.0,2.0,4.0,70.0,39.0,28.0,20.0,11.0,0.0,1.0
2024-741,Eastbourne,Grass,28,250,O,20240624,2,V832,,LL,Aleksandar Vukic,R,188.0,AUS,28.216,81.0,714.0,M0CI,,,Fabian Marozsan,R,193.0,HUN,24.712,45.0,1047.0,6-2 6-4,3,R32,64.0,9.0,1.0,55.0,37.0,29.0,12.0,9.0,2.0,2.0,6.0,1.0,46.0,23.0,18.0,12.0,9.0,0.0,3.0
2024-741,Eastbourne,Grass,28,250,O,20240624,3,PH71,,Q,Max Purcell,R,185.0,AUS,26.226,94.0,627.0,DB63,,,Laslo Djere,R,188.0,SRB,29.062,52.0,936.0,6-1 4-6 6-3,3,R32,119.0,10.0,1.0,76.0,51.0,38.0,13.0,13.0,5.0,7.0,4.0,1.0,88.0,47.0,26.0,22.0,13.0,7.0,12.0
2024-741,Eastbourne,Grass,28,250,O,20240624,4,S0RE,,Q,Juncheng Shang,L,180.0,CHN,19.389,104.0,595.0,EA24,7.0,,Tomas Martin Etcheverry,R,196.0,ARG,24.936,31.0,1290.0,7-5 3-6 7-6(4),3,R32,145.0,11.0,1.0,99.0,73.0,52.0,17.0,16.0,2.0,3.0,14.0,5.0,97.0,71.0,59.0,13.0,17.0,3.0,4.0
2024-741,Eastbourne,Grass,28,250,O,20240624,5,GC88,,,Marcos Giron,R,180.0,USA,30.919,46.0,1005.0,C0AU,5.0,,Francisco Cerundolo,R,185.0,ARG,25.864,27.0,1565.0,7-6(5) 7-6(4),3,R32,100.0,4.0,0.0,73.0,46.0,41.0,19.0,12.0,0.0,0.0,5.0,1.0,83.0,52.0,41.0,20.0,12.0,1.0,1.0
2024-741,Eastbourne,Grass,28,250,O,20240624,6,RH24,,,Emil Ruusuvuori,R,188.0,FIN,25.229,88.0,668.0,N771,,,Cameron Norrie,L,188.0,GBR,28.838,44.0,1070.0,7-6(9) 6-3,3,R32,95.0,5.0,1.0,73.0,55.0,39.0,16.0,11.0,7.0,7.0,3.0,2.0,67.0,44.0,37.0,11.0,10.0,1.0,2.0
2024-741,Eastbourne,Grass,32,250,O,20240624,7,SX91,,,Thiago Seyboth Wild,R,185.0,BRA,24.29,74.0,750.0,M0OQ,,Q,James McCabe,R,188.0,AUS,20.972,342.0,149.0,6-4 6-4,3,R32,100.0,5.0,2.0,75.0,51.0,35.0,12.0,10.0,5.0,6.0,3.0,2.0,64.0,50.0,35.0,4.0,10.0,4.0,7.0
2024-741,Eastbourne,Grass,28,250,O,20240624,8,N732,,Q,Yoshihito Nishioka,L,170.0,JPN,28.742,102.0,603.0,BI23,,WC,Liam Broady,L,183.0,GBR,30.47,146.0,404.0,6-3 6-4,3,R32,105.0,3.0,1.0,48.0,27.0,19.0,16.0,9.0,3.0,4.0,6.0,8.0,100.0,54.0,34.0,19.0,10.0,10.0,14.0
2024-741,Eastbourne,Grass,28,250,O,20240624,9,KI95,,,Miomir Kecmanovic,R,183.0,SRB,24.816,53.0,920.0,Z371,,,Zhizhen Zhang,R,193.0,CHN,27.688,33.0,1256.0,6-2 7-6(2),3,R32,85.0,9.0,2.0,77.0,48.0,37.0,16.0,10.0,4.0,4.0,9.0,3.0,61.0,46.0,30.0,8.0,10.0,0.0,2.0
2024-741,Eastbourne,Grass,28,250,O,20240624,10,H0DC,,LL,Giles Hussey,L,185.0,GBR,27.08,359.0,141.0,N0BS,6.0,,Mariano Navone,R,178.0,ARG,23.321,32.0,1282.0,6-4 6-2,3,R32,63.0,2.0,2.0,40.0,27.0,24.0,8.0,9.0,0.0,1.0,1.0,1.0,49.0,28.0,16.0,9.0,9.0,2.0,6.0
2024-741,Eastbourne,Grass,28,250,O,20240624,11,C0E9,,,Flavio Cobolli,R,183.0,ITA,22.136,49.0,955.0,RC91,,,Arthur Rinderknech,R,196.0,FRA,28.923,68.0,792.0,6-4 7-5,3,R32,81.0,5.0,4.0,66.0,36.0,24.0,20.0,11.0,2.0,4.0,6.0,4.0,54.0,29.0,26.0,8.0,11.0,0.0,4.0
2024-741,Eastbourne,Grass,28,250,O,20240624,12,SU87,,,Lorenzo Sonego,R,191.0,ITA,29.123,57.0,869.0,S0TX,,LL,Henry Searle,L,193.0,GBR,18.24,568.0,66.0,6-3 6-2,3,R32,67.0,5.0,0.0,40.0,36.0,30.0,3.0,9.0,0.0,1.0,0.0,4.0,54.0,33.0,20.0,7.0,8.0,3.0,7.0
2024-741,Eastbourne,Grass,28,250,O,20240624,13,HD68,,WC,Billy Harris,R,193.0,GBR,29.413,139.0,456.0,BV21,,LL,Charles Broom,R,178.0,GBR,26.168,245.0,239.0,3-6 6-2 6-2,3,R16,124.0,5.0,2.0,83.0,49.0,34.0,17.0,12.0,6.0,8.0,2.0,4.0,90.0,65.0,39.0,10.0,13.0,10.0,15.0
2024-741,Eastbourne,Grass,28,250,O,20240624,14,N732,,Q,Yoshihito Nishioka,L,170.0,JPN,28.742,102.0,603.0,GC88,,,Marcos Giron,R,180.0,USA,30.919,46.0,1005.0,6-7(8) 6-4 6-2,3,R16,131.0,4.0,3.0,95.0,64.0,48.0,18.0,15.0,4.0,5.0,9.0,3.0,87.0,50.0,33.0,22.0,15.0,2.0,6.0
2024-741,Eastbourne,Grass,28,250,O,20240624,15,KI95,,,Miomir Kecmanovic,R,183.0,SRB,24.816,53.0,920.0,B0BI,4.0,,Sebastian Baez,R,170.0,ARG,23.488,18.0,2030.0,6-3 6-2,3,R16,69.0,8.0,0.0,55.0,37.0,26.0,11.0,9.0,3.0,4.0,2.0,2.0,48.0,34.0,19.0,7.0,8.0,3.0,7.0
2024-741,Eastbourne,Grass,28,250,O,20240624,16,S0RE,,Q,Juncheng Shang,L,180.0,CHN,19.389,104.0,595.0,RH24,,,Emil Ruusuvuori,R,188.0,FIN,25.229,88.0,668.0,4-6 6-3 6-4,3,R16,126.0,8.0,2.0,93.0,56.0,43.0,20.0,15.0,4.0,5.0,6.0,0.0,81.0,52.0,39.0,16.0,14.0,2.0,4.0
2024-741,Eastbourne,Grass,28,250,O,20240624,17,PH71,,Q,Max Purcell,R,185.0,AUS,26.226,94.0,627.0,SU87,,,Lorenzo Sonego,R,191.0,ITA,29.123,57.0,869.0,6-4 6-4,3,R16,88.0,5.0,0.0,54.0,31.0,27.0,12.0,10.0,2.0,3.0,4.0,2.0,68.0,47.0,34.0,6.0,10.0,8.0,11.0
2024-741,Eastbourne,Grass,28,250,O,20240624,18,C0E9,,,Flavio Cobolli,R,183.0,ITA,22.136,49.0,955.0,H0DC,,LL,Giles Hussey,L,185.0,GBR,27.08,359.0,141.0,4-6 6-3 6-4,3,R16,111.0,8.0,5.0,82.0,46.0,38.0,17.0,15.0,2.0,5.0,2.0,4.0,84.0,54.0,39.0,13.0,14.0,4.0,8.0
2024-741,Eastbourne,Grass,28,250,O,20240624,19,V832,,LL,Aleksandar Vukic,R,188.0,AUS,28.216,81.0,714.0,BK92,3.0,,Alexander Bublik,R,196.0,KAZ,27.02,23.0,1730.0,6-4 6-4,3,R16,65.0,8.0,1.0,54.0,29.0,26.0,16.0,10.0,3.0,3.0,12.0,5.0,56.0,38.0,29.0,7.0,10.0,5.0,7.0
2024-741,Eastbourne,Grass,28,250,O,20240624,20,FB98,1.0,,Taylor Fritz,R,196.0,USA,26.656,13.0,3145.0,SX91,,,Thiago Seyboth Wild,R,185.0,BRA,24.29,74.0,750.0,7-6(4) 6-3,3,R16,74.0,15.0,1.0,54.0,44.0,42.0,7.0,11.0,0.0,0.0,6.0,2.0,61.0,36.0,26.0,17.0,10.0,1.0,2.0
2024-741,Eastbourne,Grass,28,250,O,20240624,21,HD68,,WC,Billy Harris,R,193.0,GBR,29.413,139.0,456.0,C0E9,,,Flavio Cobolli,R,183.0,ITA,22.136,49.0,955.0,6-7(3) 7-6(4) 6-2,3,QF,148.0,8.0,1.0,99.0,70.0,54.0,21.0,16.0,3.0,3.0,1.0,3.0,104.0,56.0,39.0,32.0,16.0,4.0,6.0
2024-741,Eastbourne,Grass,28,250,O,20240624,22,PH71,,Q,Max Purcell,R,185.0,AUS,26.226,94.0,627.0,KI95,,,Miomir Kecmanovic,R,183.0,SRB,24.816,53.0,920.0,6-3 7-6(4),3,QF,85.0,5.0,2.0,69.0,46.0,35.0,13.0,11.0,1.0,2.0,0.0,2.0,56.0,36.0,27.0,10.0,10.0,0.0,2.0
2024-741,Eastbourne,Grass,28,250,O,20240624,23,V832,,LL,Aleksandar Vukic,R,188.0,AUS,28.216,81.0,714.0,N732,,Q,Yoshihito Nishioka,L,170.0,JPN,28.742,102.0,603.0,6-3 3-6 7-6(5),3,QF,127.0,12.0,1.0,90.0,57.0,47.0,18.0,15.0,0.0,1.0,3.0,3.0,92.0,59.0,45.0,22.0,15.0,6.0,7.0
2024-741,Eastbourne,Grass,28,250,O,20240624,24,FB98,1.0,,Taylor Fritz,R,196.0,USA,26.656,13.0,3145.0,S0RE,,Q,Juncheng Shang,L,180.0,CHN,19.389,104.0,595.0,7-6(5) 7-6(5),3,QF,106.0,20.0,2.0,74.0,54.0,50.0,11.0,12.0,4.0,4.0,8.0,2.0,88.0,59.0,43.0,20.0,12.0,5.0,5.0
2024-741,Eastbourne,Grass,28,250,O,20240624,25,PH71,,Q,Max Purcell,R,185.0,AUS,26.226,94.0,627.0,HD68,,WC,Billy Harris,R,193.0,GBR,29.413,139.0,456.0,6-4 4-6 6-4,3,SF,133.0,6.0,1.0,82.0,55.0,42.0,19.0,15.0,3.0,4.0,8.0,5.0,101.0,70.0,52.0,13.0,15.0,7.0,9.0
2024-741,Eastbourne,Grass,28,250,O,20240624,26,FB98,1.0,,Taylor Fritz,R,196.0,USA,26.656,13.0,3145.0,V832,,LL,Aleksandar Vukic,R,188.0,AUS,28.216,81.0,714.0,7-6(5) 7-6(4),3,SF,107.0,15.0,1.0,75.0,48.0,46.0,13.0,12.0,1.0,1.0,7.0,4.0,92.0,60.0,49.0,15.0,12.0,5.0,5.0
2024-741,Eastbourne,Grass,28,250,O,20240624,27,FB98,1.0,,Taylor Fritz,R,196.0,USA,26.656,13.0,3145.0,PH71,,Q,Max Purcell,R,185.0,AUS,26.226,94.0,627.0,6-4 6-3,3,F,70.0,9.0,0.0,53.0,35.0,31.0,12.0,10.0,0.0,0.0,3.0,2.0,50.0,30.0,22.0,9.0,9.0,3.0,5.0
2024-8994,Mallorca,Grass,28,250,O,20240623,1,M0QI,,,Alex Michelsen,R,193.0,USA,19.828,62.0,844.0,BT72,,,Nuno Borges,R,185.0,POR,27.34,51.0,936.0,6-3 7-6(4),3,R32,107.0,3.0,0.0,68.0,56.0,46.0,6.0,11.0,2.0,2.0,10.0,1.0,66.0,47.0,35.0,11.0,10.0,6.0,7.0
2024-8994,Mallorca,Grass,28,250,O,20240623,2,BD06,,,Roberto Bautista Agut,R,183.0,ESP,36.192,122.0,525.0,DA81,,,Taro Daniel,R,191.0,JPN,31.403,83.0,692.0,6-1 6-0,3,R32,53.0,6.0,1.0,37.0,24.0,19.0,10.0,7.0,2.0,2.0,1.0,2.0,35.0,17.0,8.0,6.0,6.0,0.0,5.0
2024-8994,Mallorca,Grass,28,250,O,20240623,3,CF59,,,Roberto Carballes Baena,R,183.0,ESP,31.253,65.0,821.0,CD85,,WC,Pablo Carreno Busta,R,188.0,ESP,32.95,796.0,27.0,7-6(4) 4-6 7-6(3),3,R32,168.0,8.0,1.0,108.0,61.0,45.0,29.0,17.0,4.0,7.0,2.0,1.0,118.0,89.0,65.0,14.0,17.0,5.0,7.0
2024-8994,Mallorca,Grass,28,250,O,20240623,4,H0BH,,,Rinky Hijikata,R,178.0,AUS,23.329,75.0,736.0,N0BG,,,Luca Nardi,R,185.0,ITA,20.882,73.0,760.0,6-2 2-6 7-5,3,R32,127.0,0.0,4.0,77.0,49.0,37.0,13.0,14.0,4.0,7.0,5.0,4.0,107.0,67.0,46.0,15.0,14.0,14.0,18.0
2024-8994,Mallorca,Grass,28,250,O,20240623,5,F510,,WC,Fabio Fognini,R,178.0,ITA,37.084,97.0,618.0,BO10,,LL,Gijs Brouwer,L,191.0,NED,28.277,190.0,317.0,7-6(4) 7-6(5),3,R32,100.0,10.0,6.0,79.0,50.0,39.0,20.0,12.0,3.0,4.0,5.0,1.0,84.0,65.0,46.0,11.0,12.0,3.0,4.0
2024-8994,Mallorca,Grass,28,250,O,20240623,6,S0H2,,,Alexander Shevchenko,R,188.0,KAZ,23.565,58.0,860.0,LB66,,Q,Constant Lestienne,R,180.0,FRA,32.085,90.0,657.0,7-5 7-6(5),3,R32,101.0,10.0,0.0,83.0,54.0,41.0,11.0,12.0,3.0,5.0,0.0,1.0,81.0,51.0,36.0,14.0,12.0,3.0,6.0
2024-8994,Mallorca,Grass,28,250,O,20240623,7,D0FJ,5.0,,Luciano Darderi,R,183.0,ITA,22.355,37.0,1231.0,MO44,,,Pedro Martinez,R,185.0,ESP,27.159,48.0,975.0,7-5 7-5,3,R32,118.0,11.0,3.0,87.0,50.0,38.0,15.0,12.0,10.0,12.0,3.0,10.0,83.0,59.0,36.0,10.0,12.0,9.0,13.0
2024-8994,Mallorca,Grass,28,250,O,20240623,8,O513,,,Sebastian Ofner,R,191.0,AUT,28.115,54.0,883.0,MU94,,,Jaume Munar,R,183.0,ESP,27.135,63.0,835.0,3-6 6-4 7-6(4),3,R32,124.0,15.0,5.0,90.0,50.0,40.0,19.0,15.0,6.0,9.0,8.0,7.0,100.0,67.0,50.0,15.0,16.0,2.0,5.0
2024-8994,Mallorca,Grass,28,250,O,20240623,9,MC65,6.0,,Gael Monfils,R,193.0,FRA,37.81,40.0,1160.0,TB69,,WC,Dominic Thiem,R,185.0,AUT,30.804,134.0,483.0,6-3 7-6(3),3,R32,78.0,13.0,4.0,62.0,39.0,35.0,14.0,11.0,0.0,0.0,7.0,1.0,57.0,34.0,21.0,20.0,10.0,4.0,5.0
2024-8994,Mallorca,Grass,28,250,O,20240623,10,J0A4,,Q,Paul Jubb,R,180.0,GBR,24.646,289.0,191.0,MN13,,Q,Maximilian Marterer,L,188.0,GER,29.024,87.0,679.0,6-1 6-2,3,R32,70.0,5.0,4.0,43.0,24.0,21.0,10.0,7.0,2.0,2.0,3.0,3.0,66.0,42.0,19.0,11.0,8.0,6.0,11.0
2024-8994,Mallorca,Grass,28,250,O,20240623,11,W09E,,Q,Adam Walton,R,183.0,AUS,25.185,107.0,594.0,H997,,,Yannick Hanfmann,R,193.0,GER,32.611,95.0,626.0,7-5 6-2,3,R32,100.0,3.0,1.0,63.0,35.0,29.0,14.0,10.0,3.0,4.0,3.0,2.0,65.0,50.0,30.0,5.0,10.0,4.0,8.0
2024-8994,Mallorca,Grass,28,250,O,20240623,12,M0NI,,,Jakub Mensik,R,196.0,CZE,18.809,85.0,688.0,E865,8.0,,Christopher Eubanks,R,201.0,USA,28.134,42.0,1085.0,6-3 3-6 6-1,3,R32,90.0,12.0,1.0,68.0,45.0,38.0,14.0,13.0,3.0,4.0,9.0,1.0,67.0,53.0,36.0,7.0,12.0,2.0,5.0
2024-8994,Mallorca,Grass,28,250,O,20240623,13,M0QI,,,Alex Michelsen,R,193.0,USA,19.828,62.0,844.0,ME82,3.0,,Adrian Mannarino,L,180.0,FRA,35.984,22.0,1765.0,7-6(5) 6-4,3,R16,109.0,4.0,0.0,72.0,50.0,37.0,11.0,11.0,2.0,4.0,6.0,4.0,77.0,47.0,32.0,15.0,11.0,4.0,7.0
2024-8994,Mallorca,Grass,28,250,O,20240623,14,BD06,,,Roberto Bautista Agut,R,183.0,ESP,36.192,122.0,525.0,HH26,2.0,,Ugo Humbert,L,188.0,FRA,25.993,16.0,2300.0,3-6 6-3 6-4,3,R16,149.0,3.0,2.0,94.0,67.0,43.0,17.0,14.0,6.0,8.0,12.0,2.0,97.0,60.0,39.0,21.0,14.0,13.0,16.0
2024-8994,Mallorca,Grass,28,250,O,20240623,15,O513,,,Sebastian Ofner,R,191.0,AUT,28.115,54.0,883.0,D0FJ,5.0,,Luciano Darderi,R,183.0,ITA,22.355,37.0,1231.0,6-3 7-5,3,R16,79.0,14.0,1.0,67.0,33.0,28.0,20.0,11.0,3.0,4.0,3.0,1.0,57.0,31.0,21.0,15.0,10.0,3.0,6.0
2024-8994,Mallorca,Grass,28,250,O,20240623,16,MC65,6.0,,Gael Monfils,R,193.0,FRA,37.81,40.0,1160.0,CF59,,,Roberto Carballes Baena,R,183.0,ESP,31.253,65.0,821.0,6-3 6-4,3,R16,77.0,9.0,3.0,57.0,31.0,27.0,15.0,10.0,1.0,1.0,2.0,1.0,46.0,22.0,17.0,14.0,9.0,1.0,3.0
2024-8994,Mallorca,Grass,28,250,O,20240623,17,TE30,4.0,,Alejandro Tabilo,L,188.0,CHI,27.058,24.0,1679.0,S0H2,,,Alexander Shevchenko,R,188.0,KAZ,23.565,58.0,860.0,6-3 6-2,3,R16,69.0,6.0,5.0,63.0,43.0,35.0,10.0,9.0,5.0,5.0,2.0,1.0,58.0,41.0,29.0,4.0,8.0,4.0,7.0
2024-8994,Mallorca,Grass,28,250,O,20240623,18,M0NI,,,Jakub Mensik,R,196.0,CZE,18.809,85.0,688.0,F510,,WC,Fabio Fognini,R,178.0,ITA,37.084,97.0,618.0,4-6 6-3 7-5,3,R16,160.0,11.0,6.0,92.0,50.0,40.0,21.0,16.0,5.0,8.0,5.0,11.0,94.0,51.0,37.0,20.0,15.0,4.0,8.0
2024-8994,Mallorca,Grass,28,250,O,20240623,19,J0A4,,Q,Paul Jubb,R,180.0,GBR,24.646,289.0,191.0,W09E,,Q,Adam Walton,R,183.0,AUS,25.185,107.0,594.0,6-0 6-3,3,R16,55.0,4.0,4.0,39.0,25.0,24.0,8.0,8.0,0.0,0.0,1.0,2.0,40.0,23.0,12.0,8.0,7.0,2.0,6.0
2024-8994,Mallorca,Grass,28,250,O,20240623,20,S0S1,1.0,,Ben Shelton,L,193.0,USA,21.706,14.0,2545.0,H0BH,,,Rinky Hijikata,R,178.0,AUS,23.329,75.0,736.0,6-4 6-0,3,R16,67.0,13.0,2.0,56.0,40.0,27.0,10.0,8.0,6.0,6.0,2.0,0.0,47.0,35.0,21.0,4.0,8.0,3.0,7.0
2024-8994,Mallorca,Grass,28,250,O,20240623,21,TE30,4.0,,Alejandro Tabilo,L,188.0,CHI,27.058,24.0,1679.0,M0NI,,,Jakub Mensik,R,196.0,CZE,18.809,85.0,688.0,6-4 6-4,3,QF,90.0,6.0,1.0,59.0,36.0,28.0,10.0,10.0,1.0,2.0,7.0,5.0,65.0,38.0,26.0,12.0,10.0,3.0,6.0
2024-8994,Mallorca,Grass,28,250,O,20240623,22,MC65,6.0,,Gael Monfils,R,193.0,FRA,37.81,40.0,1160.0,BD06,,,Roberto Bautista Agut,R,183.0,ESP,36.192,122.0,525.0,6-3 4-6 6-4,3,QF,152.0,15.0,6.0,94.0,52.0,40.0,20.0,15.0,6.0,9.0,3.0,2.0,93.0,56.0,36.0,18.0,14.0,4.0,8.0
2024-8994,Mallorca,Grass,28,250,O,20240623,23,O513,,,Sebastian Ofner,R,191.0,AUT,28.115,54.0,883.0,M0QI,,,Alex Michelsen,R,193.0,USA,19.828,62.0,844.0,3-6 7-5 6-3,3,QF,113.0,12.0,10.0,103.0,52.0,41.0,25.0,15.0,8.0,9.0,5.0,3.0,81.0,60.0,44.0,13.0,15.0,1.0,3.0
2024-8994,Mallorca,Grass,28,250,O,20240623,24,J0A4,,Q,Paul Jubb,R,180.0,GBR,24.646,289.0,191.0,S0S1,1.0,,Ben Shelton,L,193.0,USA,21.706,14.0,2545.0,6-3 3-6 7-6(8),3,QF,164.0,1.0,5.0,116.0,71.0,54.0,19.0,15.0,9.0,12.0,13.0,6.0,129.0,92.0,60.0,17.0,15.0,15.0,18.0
2024-8994,Mallorca,Grass,28,250,O,20240623,25,TE30,4.0,,Alejandro Tabilo,L,188.0,CHI,27.058,24.0,1679.0,MC65,6.0,,Gael Monfils,R,193.0,FRA,37.81,40.0,1160.0,2-6 6-2 7-6(3),3,SF,114.0,6.0,5.0,77.0,49.0,40.0,16.0,14.0,2.0,4.0,12.0,6.0,84.0,49.0,39.0,16.0,14.0,2.0,4.0
2024-8994,Mallorca,Grass,28,250,O,20240623,26,O513,,,Sebastian Ofner,R,191.0,AUT,28.115,54.0,883.0,J0A4,,Q,Paul Jubb,R,180.0,GBR,24.646,289.0,191.0,6-4 7-5,3,SF,82.0,15.0,1.0,65.0,39.0,35.0,14.0,11.0,2.0,2.0,3.0,4.0,63.0,38.0,27.0,15.0,11.0,1.0,3.0
2024-8994,Mallorca,Grass,28,250,O,20240623,27,TE30,4.0,,Alejandro Tabilo,L,188.0,CHI,27.058,24.0,1679.0,O513,,,Sebastian Ofner,R,191.0,AUT,28.115,54.0,883.0,6-3 6-4,3,F,74.0,5.0,1.0,63.0,36.0,31.0,13.0,10.0,3.0,3.0,2.0,2.0,52.0,28.0,22.0,11.0,9.0,3.0,5.0
2024-540,Wimbledon,Grass,128,G,O,20240701,1,F510,,,Fabio Fognini,R,178.0,ITA,37.106,94.0,635.0,V0DZ,,LL,Luca Van Assche,R,178.0,FRA,20.14,104.0,585.0,6-1 6-3 7-5,5,R128,124.0,12.0,7.0,106.0,63.0,46.0,21.0,14.0,10.0,11.0,7.0,8.0,100.0,69.0,41.0,14.0,14.0,8.0,14.0
2024-540,Wimbledon,Grass,128,G,O,20240701,2,S0RE,,,Juncheng Shang,L,180.0,CHN,19.409,91.0,658.0,GD64,,Q,Cristian Garin,R,185.0,CHI,28.088,106.0,570.0,7-5 6-4 6-4,5,R128,123.0,13.0,2.0,95.0,63.0,55.0,19.0,16.0,5.0,5.0,14.0,2.0,92.0,58.0,45.0,16.0,16.0,6.0,9.0
2024-540,Wimbledon,Grass,128,G,O,20240701,3,RH16,8.0,,Casper Ruud,R,183.0,NOR,25.525,8.0,4025.0,BI81,,Q,Alex Bolt,L,183.0,AUS,31.485,234.0,252.0,7-6(2) 6-4 6-4,5,R128,133.0,18.0,5.0,98.0,62.0,53.0,20.0,17.0,9.0,10.0,12.0,3.0,113.0,71.0,46.0,24.0,15.0,10.0,13.0
2024-540,Wimbledon,Grass,128,G,O,20240701,4,CG80,,,Borna Coric,R,188.0,CRO,27.628,89.0,664.0,MW75,,Q,Felipe Meligeni Alves,R,185.0,BRA,26.363,145.0,403.0,6-3 7-6(2) 6-3,5,R128,132.0,13.0,2.0,103.0,62.0,50.0,26.0,15.0,6.0,6.0,5.0,3.0,88.0,57.0,43.0,13.0,15.0,2.0,4.0
2024-540,Wimbledon,Grass,128,G,O,20240701,5,SL28,,,Jan-Lennard Struff,R,193.0,GER,34.185,41.0,1135.0,M0CI,,,Fabian Marozsan,R,193.0,HUN,24.731,43.0,1047.0,6-4 6-7(4) 6-2 6-3,5,R128,125.0,23.0,9.0,124.0,68.0,56.0,30.0,20.0,4.0,6.0,10.0,4.0,118.0,69.0,46.0,24.0,19.0,8.0,14.0
2024-540,Wimbledon,Grass,128,G,O,20240701,6,D875,10.0,,Grigor Dimitrov,R,191.0,BUL,33.128,10.0,3750.0,L987,,,Dusan Lajovic,R,183.0,SRB,34.004,56.0,871.0,6-3 6-4 7-5,5,R128,104.0,16.0,2.0,84.0,48.0,44.0,21.0,16.0,3.0,4.0,3.0,0.0,82.0,58.0,38.0,10.0,15.0,0.0,4.0
2024-540,Wimbledon,Grass,128,G,O,20240701,7,SU55,,,Denis Shapovalov,L,185.0,CAN,25.213,121.0,530.0,J551,19.0,,Nicolas Jarry,R,201.0,CHI,28.723,20.0,1825.0,6-1 7-5 6-4,5,R128,113.0,9.0,3.0,81.0,52.0,43.0,22.0,15.0,2.0,2.0,5.0,3.0,81.0,48.0,32.0,16.0,14.0,6.0,10.0
2024-540,Wimbledon,Grass,128,G,O,20240701,8,TD51,29.0,,Frances Tiafoe,R,188.0,USA,26.445,29.0,1355.0,A0FC,,,Matteo Arnaldi,R,185.0,ITA,23.354,35.0,1245.0,6-7(5) 2-6 6-1 6-3 6-3,5,R128,189.0,12.0,3.0,137.0,83.0,66.0,25.0,22.0,4.0,8.0,15.0,3.0,137.0,93.0,59.0,24.0,23.0,4.0,11.0
2024-540,Wimbledon,Grass,128,G,O,20240701,9,TC61,,,Jordan Thompson,R,183.0,AUS,30.198,40.0,1206.0,K09F,,,Pavel Kotov,R,191.0,RUS,25.618,53.0,893.0,5-7 5-7 6-4 6-4 6-4,5,R128,246.0,13.0,3.0,143.0,92.0,74.0,29.0,27.0,0.0,3.0,11.0,4.0,173.0,117.0,80.0,33.0,27.0,14.0,18.0
2024-540,Wimbledon,Grass,128,G,O,20240701,10,Z371,32.0,,Zhizhen Zhang,R,193.0,CHN,27.707,38.0,1221.0,J620,,Q,Maxime Janvier,R,196.0,FRA,27.702,225.0,269.0,7-6(4) 6-3 6-2,5,R128,117.0,14.0,1.0,97.0,58.0,46.0,22.0,15.0,4.0,5.0,6.0,0.0,87.0,64.0,41.0,12.0,14.0,3.0,7.0
2024-540,Wimbledon,Grass,128,G,O,20240701,11,BK40,,,Matteo Berrettini,R,196.0,ITA,28.219,59.0,845.0,F724,,,Marton Fucsovics,R,188.0,HUN,32.394,70.0,785.0,7-6(3) 6-2 3-6 6-1,5,R128,176.0,11.0,0.0,111.0,73.0,59.0,22.0,18.0,9.0,10.0,13.0,4.0,121.0,75.0,49.0,25.0,18.0,9.0,13.0
2024-540,Wimbledon,Grass,128,G,O,20240701,12,N0AE,,,Brandon Nakashima,R,188.0,USA,22.91,65.0,825.0,B0BI,18.0,,Sebastian Baez,R,170.0,ARG,23.507,18.0,2020.0,6-2 6-3 6-4,5,R128,115.0,14.0,0.0,80.0,56.0,42.0,16.0,14.0,2.0,2.0,0.0,2.0,87.0,64.0,38.0,12.0,13.0,7.0,11.0
2024-540,Wimbledon,Grass,128,G,O,20240701,13,MC65,,,Gael Monfils,R,193.0,FRA,37.832,33.0,1260.0,ME82,22.0,,Adrian Mannarino,L,180.0,FRA,36.005,24.0,1625.0,6-4 3-6 7-5 6-4,5,R128,175.0,16.0,2.0,119.0,77.0,62.0,22.0,21.0,1.0,3.0,1.0,5.0,141.0,88.0,57.0,32.0,20.0,8.0,11.0
2024-540,Wimbledon,Grass,128,G,O,20240701,14,MM58,5.0,,Daniil Medvedev,R,198.0,RUS,28.386,5.0,6445.0,K0AZ,,,Aleksandar Kovacevic,R,183.0,USA,25.84,88.0,681.0,6-3 6-4 6-2,5,R128,106.0,16.0,4.0,81.0,53.0,42.0,17.0,14.0,3.0,3.0,9.0,4.0,84.0,53.0,38.0,11.0,13.0,4.0,8.0
2024-540,Wimbledon,Grass,128,G,O,20240701,15,W367,,,Stan Wawrinka,R,183.0,SUI,39.261,95.0,633.0,BV21,,WC,Charles Broom,R,178.0,GBR,26.188,248.0,242.0,6-3 7-5 6-4,5,R128,109.0,11.0,1.0,98.0,56.0,43.0,22.0,16.0,4.0,6.0,6.0,2.0,93.0,62.0,39.0,17.0,15.0,7.0,12.0
2024-540,Wimbledon,Grass,128,G,O,20240701,16,MP20,,,Alexandre Muller,R,183.0,FRA,27.411,102.0,601.0,G09O,,Q,Hugo Gaston,L,173.0,FRA,23.762,71.0,783.0,6-4 7-6(2) 7-6(5),5,R128,139.0,6.0,1.0,111.0,82.0,51.0,16.0,17.0,7.0,12.0,2.0,2.0,109.0,62.0,39.0,21.0,17.0,4.0,10.0
2024-540,Wimbledon,Grass,128,G,O,20240701,17,AE14,,,Daniel Altmaier,R,188.0,GER,25.802,80.0,731.0,F0DM,,WC,Arthur Fery,R,175.0,GBR,21.971,247.0,243.0,4-6 7-6(6) 1-6 6-3 6-1,5,R128,223.0,13.0,9.0,142.0,78.0,62.0,24.0,22.0,7.0,14.0,6.0,4.0,167.0,106.0,63.0,34.0,23.0,13.0,21.0
2024-540,Wimbledon,Grass,128,G,O,20240701,18,A0E2,3.0,,Carlos Alcaraz,R,183.0,ESP,21.158,3.0,8130.0,L0GH,,Q,Mark Lajal,R,191.0,EST,21.139,269.0,212.0,7-6(3) 7-5 6-2,5,R128,142.0,4.0,4.0,89.0,56.0,47.0,18.0,16.0,2.0,4.0,7.0,2.0,102.0,69.0,40.0,19.0,16.0,5.0,10.0
2024-540,Wimbledon,Grass,128,G,O,20240701,19,HG86,,Q,Lloyd Harris,R,193.0,RSA,27.348,118.0,541.0,M0QI,,,Alex Michelsen,R,193.0,USA,19.849,55.0,881.0,3-6 4-6 7-6(5) 6-2 7-6(9),5,R128,208.0,34.0,6.0,151.0,93.0,81.0,24.0,25.0,5.0,9.0,9.0,1.0,175.0,131.0,94.0,22.0,26.0,11.0,15.0
2024-540,Wimbledon,Grass,128,G,O,20240701,20,C0H0,,,Arthur Cazaux,R,183.0,FRA,21.856,98.0,616.0,BU13,,Q,Zizou Bergs,R,185.0,BEL,25.079,82.0,722.0,6-1 6-4 6-7(2) 6-7(4) 7-6(8),5,R128,274.0,22.0,10.0,198.0,108.0,89.0,47.0,26.0,7.0,7.0,13.0,4.0,160.0,107.0,88.0,29.0,27.0,9.0,12.0
2024-540,Wimbledon,Grass,128,G,O,20240701,21,HH26,16.0,,Ugo Humbert,L,188.0,FRA,26.015,16.0,2300.0,S0H2,,,Alexander Shevchenko,R,188.0,KAZ,23.587,57.0,860.0,6-1 4-6 7-6(2) 6-7(3) 6-1,5,R128,198.0,16.0,0.0,134.0,86.0,68.0,28.0,25.0,7.0,10.0,11.0,8.0,161.0,89.0,57.0,40.0,23.0,9.0,16.0
2024-540,Wimbledon,Grass,128,G,O,20240701,22,V832,,,Aleksandar Vukic,R,188.0,AUS,28.235,69.0,789.0,O513,,,Sebastian Ofner,R,191.0,AUT,28.137,45.0,1038.0,6-7(9) 6-4 6-4 3-6 7-6(8),5,R128,229.0,16.0,5.0,195.0,118.0,85.0,37.0,27.0,16.0,22.0,24.0,9.0,180.0,100.0,76.0,38.0,26.0,9.0,16.0
2024-540,Wimbledon,Grass,128,G,O,20240701,23,BK92,23.0,,Alexander Bublik,R,196.0,KAZ,27.039,23.0,1730.0,M0NI,,,Jakub Mensik,R,196.0,CZE,18.831,78.0,738.0,4-6 6-7(2) 6-4 6-4 6-2,5,R128,209.0,32.0,6.0,140.0,95.0,79.0,22.0,26.0,5.0,7.0,14.0,8.0,188.0,108.0,77.0,38.0,24.0,18.0,23.0
2024-540,Wimbledon,Grass,128,G,O,20240701,24,V812,,,Botic van de Zandschulp,R,191.0,NED,28.742,97.0,618.0,BI23,,,Liam Broady,L,183.0,GBR,30.489,156.0,384.0,6-2 4-6 6-3 6-2,5,R128,148.0,9.0,11.0,104.0,59.0,51.0,20.0,18.0,5.0,8.0,2.0,9.0,110.0,61.0,38.0,22.0,17.0,13.0,20.0
2024-540,Wimbledon,Grass,128,G,O,20240701,25,BD06,,,Roberto Bautista Agut,R,183.0,ESP,36.214,112.0,555.0,MN13,,,Maximilian Marterer,L,188.0,GER,29.046,85.0,692.0,6-3 6-1 6-4,5,R128,109.0,9.0,2.0,86.0,59.0,43.0,17.0,13.0,7.0,7.0,8.0,4.0,78.0,49.0,33.0,11.0,13.0,5.0,10.0
2024-540,Wimbledon,Grass,128,G,O,20240701,26,SU87,,,Lorenzo Sonego,R,191.0,ITA,29.142,54.0,881.0,N0BS,31.0,,Mariano Navone,R,178.0,ARG,23.34,32.0,1282.0,6-4 7-6(2) 6-4,5,R128,144.0,8.0,3.0,96.0,71.0,54.0,16.0,17.0,3.0,4.0,8.0,1.0,112.0,72.0,48.0,19.0,15.0,8.0,11.0
2024-540,Wimbledon,Grass,128,G,O,20240701,27,GJ37,27.0,,Tallon Griekspoor,R,188.0,NED,27.997,27.0,1470.0,GE33,,LL,Daniel Elahi Galan,R,191.0,COL,28.036,103.0,592.0,7-6(3) 6-3 6-4,5,R128,121.0,14.0,9.0,97.0,54.0,45.0,28.0,16.0,0.0,0.0,10.0,2.0,88.0,59.0,45.0,18.0,15.0,7.0,9.0
2024-540,Wimbledon,Grass,128,G,O,20240701,28,S0AG,1.0,,Jannik Sinner,R,191.0,ITA,22.875,1.0,9890.0,H997,,,Yannick Hanfmann,R,193.0,GER,32.632,110.0,556.0,6-3 6-4 3-6 6-3,5,R128,178.0,16.0,3.0,126.0,73.0,58.0,26.0,19.0,9.0,11.0,12.0,3.0,114.0,78.0,53.0,17.0,18.0,1.0,5.0
2024-540,Wimbledon,Grass,128,G,O,20240701,29,V0AM,,Q,Otto Virtanen,R,193.0,FIN,23.028,147.0,401.0,PH71,,,Max Purcell,R,185.0,AUS,26.245,68.0,795.0,6-3 6-2 6-2,5,R128,89.0,19.0,3.0,79.0,54.0,43.0,14.0,13.0,6.0,6.0,4.0,3.0,77.0,50.0,35.0,9.0,12.0,7.0,12.0
2024-540,Wimbledon,Grass,128,G,O,20240701,30,PL56,12.0,,Tommy Paul,R,185.0,USA,27.124,13.0,3100.0,MO44,,,Pedro Martinez,R,185.0,ESP,27.181,49.0,975.0,6-2 6-1 4-6 6-3,5,R128,136.0,10.0,0.0,91.0,48.0,39.0,25.0,17.0,2.0,4.0,1.0,9.0,107.0,71.0,46.0,13.0,17.0,4.0,11.0
2024-540,Wimbledon,Grass,128,G,O,20240701,31,KI95,,,Miomir Kecmanovic,R,183.0,SRB,24.835,52.0,925.0,N897,,,Sumit Nagal,R,178.0,IND,26.875,73.0,768.0,6-2 3-6 6-3 6-4,5,R128,159.0,6.0,2.0,105.0,63.0,43.0,25.0,18.0,7.0,11.0,3.0,4.0,121.0,79.0,52.0,15.0,18.0,12.0,19.0
2024-540,Wimbledon,Grass,128,G,O,20240701,32,N732,,,Yoshihito Nishioka,L,170.0,JPN,28.761,90.0,659.0,BT72,,,Nuno Borges,R,185.0,POR,27.362,50.0,936.0,6-2 7-6(6) 2-6 6-3,5,R128,148.0,3.0,1.0,126.0,77.0,53.0,29.0,19.0,6.0,9.0,21.0,7.0,112.0,72.0,58.0,16.0,18.0,7.0,11.0
2024-540,Wimbledon,Grass,128,G,O,20240701,33,SX91,,,Thiago Seyboth Wild,R,185.0,BRA,24.309,74.0,767.0,J0A4,,WC,Paul Jubb,R,180.0,GBR,24.668,201.0,301.0,1-6 3-6 7-6(6) 6-4 7-5,5,R128,241.0,17.0,7.0,160.0,101.0,69.0,27.0,25.0,7.0,14.0,10.0,8.0,181.0,103.0,70.0,41.0,25.0,14.0,19.0
2024-540,Wimbledon,Grass,128,G,O,20240701,34,M0GZ,,LL,Giovanni Mpetshi Perricard,R,203.0,FRA,20.983,58.0,853.0,K0AH,20.0,,Sebastian Korda,R,196.0,USA,23.989,21.0,1795.0,7-6(5) 6-7(4) 7-6(6) 6-7(4) 6-3,5,R128,201.0,51.0,10.0,195.0,138.0,116.0,29.0,30.0,11.0,11.0,18.0,4.0,171.0,112.0,95.0,35.0,27.0,3.0,4.0
2024-540,Wimbledon,Grass,128,G,O,20240701,35,M0EJ,25.0,,Lorenzo Musetti,R,185.0,ITA,22.33,25.0,1620.0,LB66,,,Constant Lestienne,R,180.0,FRA,32.107,92.0,650.0,4-6 7-6(4) 6-2 6-2,5,R128,187.0,12.0,0.0,137.0,90.0,57.0,24.0,19.0,11.0,16.0,3.0,5.0,133.0,77.0,54.0,18.0,19.0,7.0,15.0
2024-540,Wimbledon,Grass,128,G,O,20240701,36,D0FJ,,,Luciano Darderi,R,183.0,ITA,22.376,37.0,1236.0,CH12,,WC,Jan Choinski,R,196.0,GBR,28.057,174.0,344.0,7-5 4-6 2-6 7-5 6-2,5,R128,210.0,17.0,8.0,143.0,92.0,72.0,24.0,25.0,9.0,14.0,6.0,4.0,176.0,126.0,84.0,23.0,25.0,16.0,22.0
2024-540,Wimbledon,Grass,128,G,O,20240701,37,HB71,7.0,,Hubert Hurkacz,R,196.0,POL,27.384,7.0,4235.0,A829,,Q,Radu Albot,R,175.0,MDA,34.637,144.0,406.0,5-7 6-4 6-3 6-4,5,R128,169.0,24.0,3.0,122.0,78.0,66.0,20.0,21.0,3.0,5.0,0.0,7.0,111.0,68.0,48.0,24.0,20.0,1.0,5.0
2024-540,Wimbledon,Grass,128,G,O,20240701,38,DH58,,,Alex de Minaur,R,183.0,AUS,25.369,9.0,3830.0,D994,,,James Duckworth,R,183.0,AUS,32.444,81.0,728.0,7-6(1) 7-6(3) 7-6(4),5,R128,184.0,16.0,7.0,124.0,63.0,51.0,30.0,17.0,4.0,7.0,9.0,4.0,173.0,100.0,64.0,34.0,19.0,16.0,19.0
2024-540,Wimbledon,Grass,128,G,O,20240701,39,MU94,,,Jaume Munar,R,183.0,ESP,27.157,63.0,835.0,HD68,,WC,Billy Harris,R,193.0,GBR,29.432,116.0,545.0,6-4 6-4 3-6 6-3,5,R128,166.0,12.0,3.0,102.0,67.0,57.0,21.0,19.0,4.0,5.0,9.0,3.0,147.0,98.0,68.0,22.0,19.0,15.0,18.0
2024-540,Wimbledon,Grass,128,G,O,20240701,40,P09Z,,,Alexei Popyrin,R,196.0,AUS,24.906,47.0,981.0,MJ08,,,Thiago Monteiro,L,183.0,BRA,30.086,86.0,690.0,6-4 6-7(8) 6-3 6-4,5,R128,157.0,24.0,0.0,104.0,83.0,75.0,14.0,21.0,0.0,0.0,7.0,4.0,117.0,70.0,52.0,31.0,20.0,1.0,4.0
2024-540,Wimbledon,Grass,128,G,O,20240701,41,EA24,30.0,,Tomas Martin Etcheverry,R,196.0,ARG,24.956,31.0,1290.0,N0BG,,,Luca Nardi,R,185.0,ITA,20.903,75.0,760.0,6-1 6-4 6-2,5,R128,107.0,3.0,1.0,68.0,48.0,41.0,12.0,13.0,0.0,0.0,8.0,3.0,68.0,44.0,31.0,6.0,12.0,2.0,7.0
2024-540,Wimbledon,Grass,128,G,O,20240701,42,C0DF,,,Francisco Comesana,R,178.0,ARG,23.734,122.0,529.0,RE44,6.0,,Andrey Rublev,R,188.0,RUS,26.697,6.0,4420.0,6-4 5-7 6-2 7-6(5),5,R128,179.0,21.0,2.0,136.0,95.0,70.0,22.0,20.0,8.0,10.0,6.0,4.0,131.0,72.0,56.0,29.0,22.0,1.0,5.0
2024-540,Wimbledon,Grass,128,G,O,20240701,43,S0S1,14.0,,Ben Shelton,L,193.0,USA,21.728,14.0,2595.0,B0GG,,Q,Mattia Bellucci,L,175.0,ITA,23.083,148.0,401.0,4-6 6-3 3-6 6-3 6-4,5,R128,209.0,19.0,5.0,149.0,108.0,80.0,22.0,24.0,12.0,14.0,11.0,6.0,147.0,76.0,60.0,40.0,23.0,9.0,12.0
2024-540,Wimbledon,Grass,128,G,O,20240701,44,F0BY,,WC,Jacob Fearnley,R,183.0,GBR,22.962,277.0,206.0,M0HT,,Q,Alejandro Moro Canas,R,183.0,ESP,23.565,188.0,321.0,7-5 6-4 7-6(12),5,R128,167.0,8.0,4.0,107.0,67.0,57.0,24.0,17.0,3.0,3.0,1.0,1.0,129.0,91.0,65.0,19.0,17.0,8.0,10.0
2024-540,Wimbledon,Grass,128,G,O,20240701,45,W09E,,,Adam Walton,R,183.0,AUS,25.207,101.0,607.0,CE77,,,Federico Coria,R,180.0,ARG,32.312,72.0,776.0,6-3 6-3 7-5,5,R128,125.0,4.0,1.0,78.0,49.0,36.0,23.0,15.0,2.0,3.0,4.0,1.0,93.0,70.0,43.0,11.0,15.0,3.0,8.0
2024-540,Wimbledon,Grass,128,G,O,20240701,46,Z355,4.0,,Alexander Zverev,R,198.0,GER,27.198,4.0,6905.0,CF59,,,Roberto Carballes Baena,R,183.0,ESP,31.274,64.0,826.0,6-2 6-4 6-2,5,R128,113.0,18.0,2.0,69.0,51.0,44.0,11.0,13.0,5.0,5.0,7.0,3.0,95.0,53.0,30.0,22.0,13.0,9.0,14.0
2024-540,Wimbledon,Grass,128,G,O,20240701,47,D643,2.0,,Novak Djokovic,R,188.0,SRB,37.112,2.0,8360.0,KI82,,Q,Vit Kopriva,R,178.0,CZE,27.044,123.0,523.0,6-1 6-2 6-2,5,R128,118.0,10.0,2.0,58.0,39.0,35.0,13.0,12.0,0.0,0.0,4.0,5.0,96.0,53.0,29.0,17.0,11.0,9.0,15.0
2024-540,Wimbledon,Grass,128,G,O,20240701,48,F0F1,,,Arthur Fils,R,185.0,FRA,20.052,34.0,1250.0,S0LA,,,Dominic Stricker,L,183.0,SUI,21.875,149.0,400.0,6-3 6-2 3-6 6-4,5,R128,126.0,15.0,2.0,110.0,79.0,63.0,16.0,18.0,5.0,6.0,11.0,6.0,105.0,62.0,48.0,19.0,18.0,6.0,10.0
2024-540,Wimbledon,Grass,128,G,O,20240701,49,TE51,11.0,,Stefanos Tsitsipas,R,193.0,GRE,25.886,11.0,3745.0,DA81,,,Taro Daniel,R,191.0,JPN,31.425,84.0,692.0,7-6(5) 6-4 7-5,5,R128,143.0,15.0,2.0,108.0,74.0,57.0,20.0,18.0,6.0,7.0,10.0,2.0,121.0,62.0,42.0,35.0,16.0,7.0,10.0
2024-540,Wimbledon,Grass,128,G,O,20240701,50,R0DG,,,Holger Rune,R,188.0,DEN,21.175,15.0,2370.0,KF17,,,Soonwoo Kwon,R,180.0,KOR,26.579,367.0,135.0,6-1 6-4 6-4,5,R128,96.0,16.0,2.0,68.0,42.0,40.0,16.0,14.0,0.0,0.0,2.0,3.0,86.0,53.0,35.0,14.0,13.0,9.0,13.0
2024-540,Wimbledon,Grass,128,G,O,20240701,51,GC88,,,Marcos Giron,R,180.0,USA,30.938,46.0,1020.0,S0TX,,WC,Henry Searle,L,193.0,GBR,18.259,539.0,73.0,3-6 6-3 6-4 6-4,5,R128,147.0,10.0,1.0,114.0,73.0,60.0,21.0,19.0,5.0,6.0,17.0,5.0,122.0,70.0,53.0,25.0,19.0,9.0,12.0
2024-540,Wimbledon,Grass,128,G,O,20240701,52,D0CO,28.0,,Jack Draper,L,193.0,GBR,22.524,28.0,1461.0,Y218,,Q,Elias Ymer,R,185.0,SWE,28.225,205.0,293.0,3-6 6-3 6-3 4-6 6-3,5,R128,198.0,14.0,3.0,132.0,80.0,60.0,27.0,23.0,6.0,11.0,13.0,7.0,151.0,86.0,56.0,30.0,23.0,10.0,17.0
2024-540,Wimbledon,Grass,128,G,O,20240701,53,C0E9,,,Flavio Cobolli,R,183.0,ITA,22.155,48.0,980.0,H0BH,,,Rinky Hijikata,R,178.0,AUS,23.351,77.0,751.0,7-5 4-6 6-4 6-4,5,R128,175.0,13.0,2.0,126.0,61.0,46.0,40.0,21.0,4.0,6.0,12.0,6.0,148.0,85.0,63.0,29.0,21.0,14.0,18.0
2024-540,Wimbledon,Grass,128,G,O,20240701,54,N771,,,Cameron Norrie,L,188.0,GBR,28.857,42.0,1070.0,D0CG,,,Facundo Diaz Acosta,L,183.0,ARG,23.543,67.0,808.0,7-5 7-5 6-3,5,R128,137.0,4.0,5.0,80.0,54.0,41.0,14.0,16.0,1.0,5.0,3.0,7.0,108.0,70.0,38.0,17.0,17.0,5.0,13.0
2024-540,Wimbledon,Grass,128,G,O,20240701,55,FB98,,,Taylor Fritz,R,196.0,USA,26.675,12.0,3350.0,O483,,,Christopher O'Connell,R,183.0,AUS,30.078,79.0,733.0,6-1 6-2 6-4,5,R128,91.0,18.0,2.0,63.0,38.0,36.0,17.0,13.0,2.0,2.0,3.0,2.0,88.0,56.0,33.0,12.0,12.0,3.0,8.0
2024-540,Wimbledon,Grass,128,G,O,20240701,56,HB64,,Q,Quentin Halys,R,191.0,FRA,27.68,220.0,272.0,E865,,,Christopher Eubanks,R,201.0,USA,28.156,62.0,835.0,6-4 6-4 6-2,5,R128,79.0,17.0,3.0,64.0,42.0,40.0,16.0,14.0,0.0,0.0,9.0,4.0,80.0,50.0,32.0,15.0,14.0,2.0,6.0
2024-540,Wimbledon,Grass,128,G,O,20240701,57,KE29,21.0,,Karen Khachanov,R,198.0,RUS,28.112,22.0,1780.0,KC56,,,Aslan Karatsev,R,185.0,RUS,30.823,99.0,615.0,6-3 6-7(4) 7-6(11) 2-0 RET,5,R128,173.0,15.0,4.0,118.0,86.0,72.0,16.0,18.0,5.0,5.0,4.0,5.0,127.0,81.0,61.0,22.0,17.0,4.0,6.0
2024-540,Wimbledon,Grass,128,G,O,20240701,58,SX50,,,Roman Safiullin,R,185.0,RUS,26.899,44.0,1045.0,C0AU,26.0,,Francisco Cerundolo,R,185.0,ARG,25.884,30.0,1315.0,6-7(5) 3-6 7-5 6-3 6-4,5,R128,206.0,11.0,3.0,148.0,100.0,76.0,29.0,26.0,7.0,10.0,13.0,8.0,179.0,109.0,78.0,33.0,26.0,14.0,19.0
2024-540,Wimbledon,Grass,128,G,O,20240701,59,RH24,,,Emil Ruusuvuori,R,188.0,FIN,25.248,87.0,683.0,MK66,,,Mackenzie McDonald,R,178.0,USA,29.21,96.0,626.0,7-6(6) 4-6 5-7 7-6(6) 6-3,5,R128,224.0,14.0,6.0,182.0,122.0,86.0,32.0,27.0,4.0,8.0,14.0,1.0,170.0,117.0,84.0,32.0,28.0,4.0,8.0
2024-540,Wimbledon,Grass,128,G,O,20240701,60,PF39,,Q,Lucas Pouille,R,185.0,FRA,30.352,212.0,284.0,DB63,,,Laslo Djere,R,188.0,SRB,29.081,51.0,936.0,3-6 7-6(4) 3-6 6-3 6-1,5,R128,170.0,11.0,4.0,136.0,79.0,57.0,30.0,24.0,8.0,14.0,12.0,7.0,137.0,86.0,58.0,26.0,22.0,9.0,15.0
2024-540,Wimbledon,Grass,128,G,O,20240701,61,RC91,,,Arthur Rinderknech,R,196.0,FRA,28.942,76.0,754.0,N552,,,Kei Nishikori,R,178.0,JPN,34.505,401.0,118.0,5-7 6-4 6-7(2) 6-3 6-2,5,R128,210.0,33.0,2.0,140.0,97.0,73.0,28.0,26.0,5.0,8.0,5.0,5.0,175.0,124.0,76.0,31.0,25.0,14.0,20.0
2024-540,Wimbledon,Grass,128,G,O,20240701,62,M0FH,,,Tomas Machac,R,183.0,CZE,23.715,39.0,1214.0,GB88,,LL,David Goffin,R,180.0,BEL,33.566,83.0,694.0,3-6 3-6 6-4 6-1 7-6(5),5,R128,197.0,6.0,2.0,164.0,103.0,60.0,30.0,24.0,6.0,15.0,10.0,8.0,159.0,91.0,58.0,28.0,23.0,16.0,25.0
2024-540,Wimbledon,Grass,128,G,O,20240701,63,TE30,24.0,,Alejandro Tabilo,L,188.0,CHI,27.08,19.0,1904.0,E687,,,Daniel Evans,R,175.0,GBR,34.108,60.0,844.0,6-2 7-5 6-3,5,R128,136.0,13.0,2.0,90.0,59.0,49.0,18.0,15.0,7.0,7.0,5.0,7.0,95.0,41.0,30.0,25.0,14.0,5.0,9.0
2024-540,Wimbledon,Grass,128,G,O,20240701,64,KD46,,,Thanasi Kokkinakis,R,193.0,AUS,28.225,93.0,639.0,AG37,,,Felix Auger-Aliassime,R,193.0,CAN,23.896,17.0,2075.0,4-6 5-7 7-6(9) 6-4 6-4,5,R128,278.0,19.0,4.0,155.0,97.0,79.0,31.0,27.0,5.0,8.0,22.0,8.0,169.0,111.0,89.0,28.0,27.0,7.0,10.0
2024-540,Wimbledon,Grass,128,G,O,20240701,65,F510,,,Fabio Fognini,R,178.0,ITA,37.106,94.0,635.0,RH16,8.0,,Casper Ruud,R,183.0,NOR,25.525,8.0,4025.0,6-4 7-5 6-7(1) 6-3,5,R64,198.0,8.0,10.0,169.0,95.0,68.0,37.0,22.0,11.0,13.0,15.0,2.0,134.0,81.0,58.0,29.0,21.0,3.0,8.0
2024-540,Wimbledon,Grass,128,G,O,20240701,66,TD51,29.0,,Frances Tiafoe,R,188.0,USA,26.445,29.0,1355.0,CG80,,,Borna Coric,R,188.0,CRO,27.628,89.0,664.0,7-6(5) 6-1 6-3,5,R64,120.0,10.0,3.0,85.0,52.0,45.0,16.0,14.0,3.0,4.0,6.0,1.0,91.0,58.0,34.0,19.0,14.0,5.0,10.0
2024-540,Wimbledon,Grass,128,G,O,20240701,67,N0AE,,,Brandon Nakashima,R,188.0,USA,22.91,65.0,825.0,TC61,,,Jordan Thompson,R,183.0,AUS,30.198,40.0,1206.0,6-3 6-2 6-2,5,R64,97.0,9.0,1.0,69.0,50.0,41.0,12.0,13.0,2.0,2.0,4.0,3.0,78.0,44.0,29.0,12.0,12.0,7.0,12.0
2024-540,Wimbledon,Grass,128,G,O,20240701,68,HH26,,,Ugo Humbert,L,188.0,FRA,26.015,16.0,2300.0,V812,,,Botic van de Zandschulp,R,191.0,NED,28.742,97.0,618.0,7-6(9) 6-1 6-3,5,R64,134.0,5.0,1.0,84.0,51.0,42.0,21.0,14.0,2.0,3.0,12.0,6.0,103.0,57.0,41.0,18.0,14.0,8.0,13.0
2024-540,Wimbledon,Grass,128,G,O,20240701,69,MM58,5.0,,Daniil Medvedev,R,198.0,RUS,28.386,5.0,6445.0,MP20,,,Alexandre Muller,R,183.0,FRA,27.411,102.0,601.0,6-7(3) 7-6(4) 6-4 7-5,5,R64,208.0,14.0,5.0,148.0,95.0,71.0,32.0,23.0,5.0,7.0,5.0,4.0,162.0,104.0,74.0,26.0,23.0,8.0,12.0
2024-540,Wimbledon,Grass,128,G,O,20240701,70,A0E2,3.0,,Carlos Alcaraz,R,183.0,ESP,21.158,3.0,8130.0,V832,,,Aleksandar Vukic,R,188.0,AUS,28.235,69.0,789.0,7-6(5) 6-2 6-2,5,R64,108.0,11.0,2.0,74.0,49.0,40.0,14.0,14.0,1.0,3.0,2.0,2.0,87.0,54.0,32.0,14.0,14.0,5.0,11.0
2024-540,Wimbledon,Grass,128,G,O,20240701,71,BD06,,,Roberto Bautista Agut,R,183.0,ESP,36.214,112.0,555.0,SU87,,,Lorenzo Sonego,R,191.0,ITA,29.142,54.0,881.0,6-3 3-6 6-3 6-4,5,R64,167.0,3.0,4.0,120.0,80.0,59.0,24.0,19.0,10.0,12.0,18.0,4.0,114.0,84.0,57.0,14.0,18.0,4.0,8.0
2024-540,Wimbledon,Grass,128,G,O,20240701,72,BK92,23.0,,Alexander Bublik,R,196.0,KAZ,27.039,23.0,1730.0,C0H0,,,Arthur Cazaux,R,183.0,FRA,21.856,98.0,616.0,6-4 7-6(1) 6-4,5,R64,124.0,19.0,4.0,81.0,52.0,49.0,18.0,16.0,0.0,0.0,7.0,9.0,95.0,53.0,42.0,17.0,16.0,2.0,4.0
2024-540,Wimbledon,Grass,128,G,O,20240701,73,PL56,12.0,,Tommy Paul,R,185.0,USA,27.124,13.0,3100.0,V0AM,,Q,Otto Virtanen,R,193.0,FIN,23.028,147.0,401.0,4-6 6-3 5-7 7-5 6-4,5,R64,199.0,9.0,2.0,151.0,104.0,82.0,27.0,27.0,8.0,11.0,11.0,5.0,149.0,82.0,58.0,41.0,26.0,7.0,11.0
2024-540,Wimbledon,Grass,128,G,O,20240701,74,KI95,,,Miomir Kecmanovic,R,183.0,SRB,24.835,52.0,925.0,GJ37,27.0,,Tallon Griekspoor,R,188.0,NED,27.997,27.0,1470.0,4-6 7-6(7) 1-6 6-2 6-3,5,R64,171.0,15.0,2.0,138.0,85.0,65.0,31.0,23.0,8.0,12.0,17.0,9.0,157.0,91.0,65.0,32.0,23.0,12.0,16.0
2024-540,Wimbledon,Grass,128,G,O,20240701,75,SL28,,,Jan-Lennard Struff,R,193.0,GER,34.185,41.0,1135.0,Z371,,,Zhizhen Zhang,R,193.0,CHN,27.707,38.0,1221.0,5-7 6-3 7-6(1) 7-6(8),5,R64,173.0,20.0,9.0,137.0,74.0,62.0,39.0,23.0,4.0,6.0,19.0,2.0,146.0,96.0,79.0,22.0,22.0,8.0,10.0
2024-540,Wimbledon,Grass,128,G,O,20240701,76,S0AG,1.0,,Jannik Sinner,R,191.0,ITA,22.875,1.0,9890.0,BK40,,,Matteo Berrettini,R,196.0,ITA,28.219,59.0,845.0,7-6(3) 7-6(4) 2-6 7-6(4),5,R64,222.0,10.0,2.0,135.0,88.0,72.0,25.0,22.0,3.0,7.0,28.0,3.0,162.0,116.0,82.0,21.0,22.0,8.0,10.0
2024-540,Wimbledon,Grass,128,G,O,20240701,77,DH58,,,Alex de Minaur,R,183.0,AUS,25.369,9.0,3830.0,MU94,,,Jaume Munar,R,183.0,ESP,27.157,63.0,835.0,6-2 6-2 7-5,5,R64,125.0,8.0,0.0,81.0,45.0,32.0,20.0,14.0,3.0,6.0,3.0,9.0,88.0,41.0,26.0,15.0,14.0,9.0,17.0
2024-540,Wimbledon,Grass,128,G,O,20240701,78,F0F1,,,Arthur Fils,R,185.0,FRA,20.052,34.0,1250.0,HB71,7.0,,Hubert Hurkacz,R,196.0,POL,27.384,7.0,4235.0,7-6(2) 6-4 2-6 6-6 RET,5,R64,210.0,7.0,12.0,152.0,95.0,71.0,27.0,21.0,13.0,17.0,12.0,2.0,136.0,83.0,59.0,35.0,21.0,7.0,10.0
2024-540,Wimbledon,Grass,128,G,O,20240701,79,C0DF,,,Francisco Comesana,R,178.0,ARG,23.734,122.0,529.0,W09E,,,Adam Walton,R,183.0,AUS,25.207,101.0,607.0,7-5 1-6 6-7(12) 6-1 7-6(8),5,R64,248.0,19.0,6.0,169.0,101.0,74.0,39.0,26.0,5.0,9.0,9.0,5.0,172.0,121.0,83.0,28.0,24.0,7.0,11.0
2024-540,Wimbledon,Grass,128,G,O,20240701,80,S0S1,14.0,,Ben Shelton,L,193.0,USA,21.728,14.0,2595.0,HG86,,Q,Lloyd Harris,R,193.0,RSA,27.348,118.0,541.0,4-6 7-6(5) 6-7(5) 6-3 7-6(7),5,R64,229.0,14.0,6.0,182.0,124.0,101.0,32.0,28.0,6.0,7.0,31.0,3.0,171.0,125.0,98.0,26.0,27.0,4.0,5.0
2024-540,Wimbledon,Grass,128,G,O,20240701,81,D875,10.0,,Grigor Dimitrov,R,191.0,BUL,33.128,10.0,3750.0,S0RE,,,Juncheng Shang,L,180.0,CHN,19.409,91.0,658.0,5-7 6-7(4) 6-4 6-2 6-4,5,R64,206.0,19.0,9.0,138.0,83.0,74.0,29.0,26.0,1.0,3.0,18.0,9.0,164.0,98.0,73.0,36.0,26.0,7.0,12.0
2024-540,Wimbledon,Grass,128,G,O,20240701,82,SU55,,,Denis Shapovalov,L,185.0,CAN,25.213,121.0,530.0,AE14,,,Daniel Altmaier,R,188.0,GER,25.802,80.0,731.0,7-6(3) 6-3 1-6 6-7(3) 6-4,5,R64,209.0,9.0,16.0,149.0,86.0,68.0,32.0,25.0,4.0,8.0,5.0,2.0,148.0,85.0,68.0,35.0,25.0,5.0,9.0
2024-540,Wimbledon,Grass,128,G,O,20240701,83,P09Z,,,Alexei Popyrin,R,196.0,AUS,24.906,47.0,981.0,EA24,30.0,,Tomas Martin Etcheverry,R,196.0,ARG,24.956,31.0,1290.0,3-6 6-4 4-6 6-4 6-3,5,R64,238.0,17.0,8.0,152.0,108.0,82.0,22.0,24.0,10.0,13.0,10.0,2.0,162.0,106.0,75.0,30.0,24.0,3.0,7.0
2024-540,Wimbledon,Grass,128,G,O,20240701,84,M0EJ,25.0,,Lorenzo Musetti,R,185.0,ITA,22.33,25.0,1620.0,D0FJ,,,Luciano Darderi,R,183.0,ITA,22.376,37.0,1236.0,6-4 4-6 6-7(5) 6-4 6-4,5,R64,227.0,13.0,4.0,141.0,105.0,83.0,22.0,26.0,4.0,7.0,10.0,7.0,191.0,121.0,83.0,34.0,26.0,11.0,16.0
2024-540,Wimbledon,Grass,128,G,O,20240701,85,SX50,,,Roman Safiullin,R,185.0,RUS,26.899,44.0,1045.0,M0FH,,,Tomas Machac,R,183.0,CZE,23.715,39.0,1214.0,6-2 6-4 5-7 6-3,5,R64,154.0,8.0,8.0,116.0,77.0,61.0,15.0,20.0,7.0,12.0,3.0,2.0,121.0,77.0,44.0,23.0,19.0,4.0,12.0
2024-540,Wimbledon,Grass,128,G,O,20240701,86,D643,2.0,,Novak Djokovic,R,188.0,SRB,37.112,2.0,8360.0,F0BY,,WC,Jacob Fearnley,R,183.0,GBR,22.962,277.0,206.0,6-3 6-4 5-7 7-5,5,R64,180.0,14.0,3.0,123.0,82.0,66.0,23.0,22.0,4.0,6.0,13.0,5.0,122.0,80.0,59.0,22.0,21.0,3.0,7.0
2024-540,Wimbledon,Grass,128,G,O,20240701,87,TE30,24.0,,Alejandro Tabilo,L,188.0,CHI,27.08,19.0,1904.0,C0E9,,,Flavio Cobolli,R,183.0,ITA,22.155,48.0,980.0,7-6(4) 7-6(4) 4-6 4-6 6-4,5,R64,233.0,15.0,5.0,176.0,112.0,87.0,35.0,27.0,7.0,10.0,15.0,8.0,168.0,83.0,65.0,52.0,27.0,5.0,7.0
2024-540,Wimbledon,Grass,128,G,O,20240701,88,MC65,,,Gael Monfils,R,193.0,FRA,37.832,33.0,1260.0,W367,,,Stan Wawrinka,R,183.0,SUI,39.261,95.0,633.0,7-6(5) 6-4 7-6(3),5,R64,123.0,13.0,1.0,100.0,62.0,51.0,29.0,17.0,2.0,2.0,5.0,0.0,105.0,60.0,44.0,30.0,17.0,9.0,10.0
2024-540,Wimbledon,Grass,128,G,O,20240701,89,HB64,,Q,Quentin Halys,R,191.0,FRA,27.68,220.0,272.0,KE29,21.0,,Karen Khachanov,R,198.0,RUS,28.112,22.0,1780.0,4-6 6-3 3-6 6-3 6-4,5,R64,164.0,24.0,5.0,138.0,90.0,77.0,22.0,24.0,9.0,11.0,10.0,4.0,129.0,87.0,66.0,23.0,23.0,4.0,7.0
2024-540,Wimbledon,Grass,128,G,O,20240701,90,R0DG,15.0,,Holger Rune,R,188.0,DEN,21.175,15.0,2370.0,SX91,,,Thiago Seyboth Wild,R,185.0,BRA,24.309,74.0,767.0,3-6 6-3 6-2 6-2,5,R64,130.0,16.0,4.0,95.0,60.0,49.0,21.0,17.0,6.0,7.0,7.0,6.0,112.0,70.0,46.0,23.0,16.0,8.0,13.0
2024-540,Wimbledon,Grass,128,G,O,20240701,91,FB98,13.0,,Taylor Fritz,R,196.0,USA,26.675,12.0,3350.0,RC91,,,Arthur Rinderknech,R,196.0,FRA,28.942,76.0,754.0,6-3 6-4 3-6 6-4,5,R64,137.0,15.0,2.0,101.0,60.0,49.0,27.0,19.0,3.0,4.0,17.0,6.0,115.0,70.0,58.0,18.0,19.0,5.0,8.0
2024-540,Wimbledon,Grass,128,G,O,20240701,92,PF39,,Q,Lucas Pouille,R,185.0,FRA,30.352,212.0,284.0,KD46,,,Thanasi Kokkinakis,R,193.0,AUS,28.225,93.0,639.0,2-6 7-5 5-2 RET,5,R64,131.0,7.0,5.0,101.0,69.0,49.0,16.0,14.0,6.0,8.0,16.0,5.0,87.0,56.0,47.0,11.0,13.0,7.0,9.0
2024-540,Wimbledon,Grass,128,G,O,20240701,93,N771,,,Cameron Norrie,L,188.0,GBR,28.857,42.0,1070.0,D0CO,28.0,,Jack Draper,L,193.0,GBR,22.524,28.0,1461.0,7-6(3) 6-4 7-6(6),5,R64,154.0,10.0,4.0,119.0,78.0,58.0,22.0,17.0,3.0,5.0,18.0,7.0,112.0,68.0,57.0,13.0,17.0,1.0,4.0
2024-540,Wimbledon,Grass,128,G,O,20240701,94,RH24,,,Emil Ruusuvuori,R,188.0,FIN,25.248,87.0,683.0,TE51,11.0,,Stefanos Tsitsipas,R,193.0,GRE,25.886,11.0,3745.0,7-6(6) 7-6(10) 3-6 6-3,5,R64,167.0,7.0,5.0,132.0,89.0,71.0,23.0,20.0,1.0,3.0,20.0,6.0,135.0,91.0,73.0,22.0,21.0,4.0,6.0
2024-540,Wimbledon,Grass,128,G,O,20240701,95,M0GZ,,LL,Giovanni Mpetshi Perricard,R,203.0,FRA,20.983,58.0,853.0,N732,,,Yoshihito Nishioka,L,170.0,JPN,28.761,90.0,659.0,6-4 6-1 6-2,5,R64,71.0,27.0,4.0,65.0,45.0,40.0,13.0,13.0,2.0,2.0,2.0,0.0,67.0,50.0,29.0,8.0,12.0,2.0,7.0
2024-540,Wimbledon,Grass,128,G,O,20240701,96,Z355,4.0,,Alexander Zverev,R,198.0,GER,27.198,4.0,6905.0,GC88,,,Marcos Giron,R,180.0,USA,30.938,46.0,1020.0,6-2 6-1 6-4,5,R64,94.0,12.0,2.0,61.0,41.0,36.0,13.0,12.0,0.0,0.0,1.0,1.0,73.0,41.0,26.0,12.0,13.0,2.0,8.0
2024-540,Wimbledon,Grass,128,G,O,20240701,97,PL56,12.0,,Tommy Paul,R,185.0,USA,27.124,13.0,3100.0,BK92,23.0,,Alexander Bublik,R,196.0,KAZ,27.039,23.0,1730.0,6-3 6-4 6-2,5,R32,85.0,9.0,3.0,75.0,52.0,44.0,14.0,14.0,1.0,1.0,15.0,2.0,79.0,51.0,36.0,9.0,13.0,5.0,9.0
2024-540,Wimbledon,Grass,128,G,O,20240701,98,A0E2,3.0,,Carlos Alcaraz,R,183.0,ESP,21.158,3.0,8130.0,TD51,29.0,,Frances Tiafoe,R,188.0,USA,26.445,29.0,1355.0,5-7 6-2 4-6 7-6(2) 6-2,5,R32,230.0,16.0,5.0,163.0,106.0,75.0,35.0,25.0,7.0,10.0,9.0,6.0,151.0,91.0,70.0,30.0,25.0,3.0,8.0
2024-540,Wimbledon,Grass,128,G,O,20240701,99,D875,10.0,,Grigor Dimitrov,R,191.0,BUL,33.128,10.0,3750.0,MC65,,,Gael Monfils,R,193.0,FRA,37.832,33.0,1260.0,6-3 6-4 6-3,5,R32,107.0,6.0,1.0,65.0,39.0,37.0,20.0,14.0,2.0,2.0,16.0,8.0,101.0,59.0,44.0,15.0,14.0,6.0,10.0
2024-540,Wimbledon,Grass,128,G,O,20240701,100,S0AG,1.0,,Jannik Sinner,R,191.0,ITA,22.875,1.0,9890.0,KI95,,,Miomir Kecmanovic,R,183.0,SRB,24.835,52.0,925.0,6-1 6-4 6-2,5,R32,96.0,11.0,2.0,69.0,42.0,36.0,18.0,13.0,1.0,1.0,2.0,1.0,71.0,45.0,33.0,8.0,12.0,2.0,7.0
2024-540,Wimbledon,Grass,128,G,O,20240701,101,DH58,,,Alex de Minaur,R,183.0,AUS,25.369,9.0,3830.0,PF39,,,Lucas Pouille,R,185.0,FRA,30.352,212.0,284.0,W/O,5,R32,,,,,,,,,,,,,,,,,,,
2024-540,Wimbledon,Grass,128,G,O,20240701,102,S0S1,14.0,,Ben Shelton,L,193.0,USA,21.728,14.0,2595.0,SU55,,,Denis Shapovalov,L,185.0,CAN,25.213,121.0,530.0,6-7(4) 6-2 6-4 4-6 6-2,5,R32,185.0,7.0,4.0,137.0,90.0,73.0,29.0,24.0,3.0,4.0,6.0,13.0,154.0,94.0,69.0,31.0,24.0,11.0,16.0
2024-540,Wimbledon,Grass,128,G,O,20240701,103,HH26,16.0,,Ugo Humbert,L,188.0,FRA,26.015,16.0,2300.0,N0AE,,,Brandon Nakashima,R,188.0,USA,22.91,65.0,825.0,7-6(9) 6-3 6-7(5) 7-6(6),5,R32,217.0,25.0,4.0,151.0,92.0,73.0,38.0,23.0,2.0,2.0,18.0,3.0,155.0,106.0,79.0,28.0,22.0,7.0,8.0
2024-540,Wimbledon,Grass,128,G,O,20240701,104,Z355,4.0,,Alexander Zverev,R,198.0,GER,27.198,4.0,6905.0,N771,,,Cameron Norrie,L,188.0,GBR,28.857,42.0,1070.0,6-4 6-4 7-6(15),5,R32,151.0,15.0,2.0,96.0,73.0,66.0,15.0,16.0,0.0,0.0,10.0,1.0,117.0,90.0,64.0,16.0,16.0,6.0,8.0
2024-540,Wimbledon,Grass,128,G,O,20240701,105,F0F1,,,Arthur Fils,R,185.0,FRA,20.052,34.0,1250.0,SX50,,,Roman Safiullin,R,185.0,RUS,26.899,44.0,1045.0,4-6 6-3 1-6 6-4 6-3,5,R32,198.0,7.0,5.0,139.0,83.0,64.0,29.0,23.0,8.0,12.0,5.0,1.0,133.0,83.0,57.0,29.0,22.0,9.0,13.0
2024-540,Wimbledon,Grass,128,G,O,20240701,106,M0GZ,,LL,Giovanni Mpetshi Perricard,R,203.0,FRA,20.983,58.0,853.0,RH24,,,Emil Ruusuvuori,R,188.0,FIN,25.248,87.0,683.0,4-6 6-2 7-6(5) 6-4,5,R32,132.0,27.0,5.0,112.0,77.0,65.0,20.0,20.0,0.0,1.0,9.0,3.0,133.0,90.0,62.0,24.0,20.0,8.0,11.0
2024-540,Wimbledon,Grass,128,G,O,20240701,107,BD06,,,Roberto Bautista Agut,R,183.0,ESP,36.214,112.0,555.0,F510,,,Fabio Fognini,R,178.0,ITA,37.106,94.0,635.0,7-6(6) 3-6 5-7 7-6(1) 6-4,5,R32,266.0,4.0,4.0,180.0,131.0,89.0,23.0,27.0,9.0,15.0,23.0,15.0,197.0,110.0,91.0,29.0,28.0,11.0,16.0
2024-540,Wimbledon,Grass,128,G,O,20240701,108,M0EJ,25.0,,Lorenzo Musetti,R,185.0,ITA,22.33,25.0,1620.0,C0DF,,,Francisco Comesana,R,178.0,ARG,23.734,122.0,529.0,6-2 6-7(4) 7-6(3) 6-3,5,R32,209.0,4.0,1.0,141.0,96.0,69.0,32.0,21.0,4.0,4.0,5.0,3.0,155.0,98.0,67.0,31.0,20.0,13.0,16.0
2024-540,Wimbledon,Grass,128,G,O,20240701,109,R0DG,15.0,,Holger Rune,R,188.0,DEN,21.175,15.0,2370.0,HB64,,Q,Quentin Halys,R,191.0,FRA,27.68,220.0,272.0,1-6 6-7(4) 6-4 7-6(4) 6-1,5,R32,179.0,16.0,5.0,147.0,94.0,70.0,35.0,24.0,4.0,6.0,29.0,4.0,148.0,89.0,75.0,29.0,24.0,6.0,9.0
2024-540,Wimbledon,Grass,128,G,O,20240701,110,MM58,,,Daniil Medvedev,R,198.0,RUS,28.386,5.0,6445.0,SL28,,,Jan-Lennard Struff,R,193.0,GER,34.185,41.0,1135.0,6-1 6-3 4-6 7-6(3),5,R32,137.0,13.0,5.0,104.0,75.0,59.0,17.0,19.0,2.0,4.0,10.0,9.0,126.0,76.0,55.0,22.0,19.0,6.0,11.0
2024-540,Wimbledon,Grass,128,G,O,20240701,111,D643,2.0,,Novak Djokovic,R,188.0,SRB,37.112,2.0,8360.0,P09Z,,,Alexei Popyrin,R,196.0,AUS,24.906,47.0,981.0,4-6 6-3 6-4 7-6(3),5,R32,185.0,19.0,3.0,113.0,78.0,69.0,21.0,21.0,1.0,2.0,19.0,4.0,133.0,98.0,72.0,16.0,20.0,6.0,8.0
2024-540,Wimbledon,Grass,128,G,O,20240701,112,FB98,13.0,,Taylor Fritz,R,196.0,USA,26.675,12.0,3350.0,TE30,24.0,,Alejandro Tabilo,L,188.0,CHI,27.08,19.0,1904.0,7-6(3) 6-3 7-5,5,R32,114.0,20.0,1.0,85.0,61.0,56.0,17.0,17.0,0.0,0.0,8.0,3.0,121.0,81.0,57.0,20.0,16.0,12.0,14.0
2024-540,Wimbledon,Grass,128,G,O,20240701,113,A0E2,3.0,,Carlos Alcaraz,R,183.0,ESP,21.158,3.0,8130.0,HH26,16.0,,Ugo Humbert,L,188.0,FRA,26.015,16.0,2300.0,6-3 6-4 1-6 7-5,5,R16,180.0,14.0,6.0,135.0,95.0,63.0,17.0,19.0,8.0,13.0,10.0,1.0,103.0,67.0,45.0,17.0,19.0,2.0,8.0
2024-540,Wimbledon,Grass,128,G,O,20240701,114,S0AG,1.0,,Jannik Sinner,R,191.0,ITA,22.875,1.0,9890.0,S0S1,14.0,,Ben Shelton,L,193.0,USA,21.728,14.0,2595.0,6-2 6-4 7-6(9),5,R16,129.0,7.0,0.0,90.0,63.0,48.0,19.0,15.0,1.0,2.0,15.0,4.0,96.0,69.0,48.0,11.0,15.0,2.0,6.0
2024-540,Wimbledon,Grass,128,G,O,20240701,115,MM58,5.0,,Daniil Medvedev,R,198.0,RUS,28.386,5.0,6445.0,D875,10.0,,Grigor Dimitrov,R,191.0,BUL,33.128,10.0,3750.0,5-3 RET,5,R16,40.0,6.0,1.0,23.0,14.0,9.0,6.0,4.0,1.0,2.0,1.0,0.0,25.0,14.0,8.0,4.0,4.0,1.0,3.0
2024-540,Wimbledon,Grass,128,G,O,20240701,116,PL56,12.0,,Tommy Paul,R,185.0,USA,27.124,13.0,3100.0,BD06,,,Roberto Bautista Agut,R,183.0,ESP,36.214,112.0,555.0,6-2 7-6(3) 6-2,5,R16,122.0,11.0,2.0,88.0,54.0,43.0,21.0,14.0,3.0,4.0,0.0,0.0,88.0,67.0,36.0,13.0,14.0,2.0,7.0
2024-540,Wimbledon,Grass,128,G,O,20240701,117,M0EJ,25.0,,Lorenzo Musetti,R,185.0,ITA,22.33,25.0,1620.0,M0GZ,,LL,Giovanni Mpetshi Perricard,R,203.0,FRA,20.983,58.0,853.0,4-6 6-3 6-3 6-2,5,R16,123.0,3.0,0.0,88.0,63.0,50.0,21.0,18.0,0.0,1.0,10.0,8.0,108.0,70.0,47.0,20.0,18.0,10.0,15.0
2024-540,Wimbledon,Grass,128,G,O,20240701,118,DH58,,,Alex de Minaur,R,183.0,AUS,25.369,9.0,3830.0,F0F1,,,Arthur Fils,R,185.0,FRA,20.052,34.0,1250.0,6-2 6-4 4-6 6-3,5,R16,174.0,2.0,4.0,112.0,60.0,43.0,27.0,18.0,9.0,14.0,8.0,7.0,124.0,71.0,40.0,23.0,19.0,7.0,16.0
2024-540,Wimbledon,Grass,128,G,O,20240701,119,FB98,13.0,,Taylor Fritz,R,196.0,USA,26.675,12.0,3350.0,Z355,4.0,,Alexander Zverev,R,198.0,GER,27.198,4.0,6905.0,4-6 6-7(4) 6-4 7-6(3) 6-3,5,R16,209.0,15.0,0.0,145.0,96.0,80.0,34.0,27.0,1.0,2.0,19.0,3.0,153.0,115.0,92.0,18.0,26.0,2.0,4.0
2024-540,Wimbledon,Grass,128,G,O,20240701,120,D643,2.0,,Novak Djokovic,R,188.0,SRB,37.112,2.0,8360.0,R0DG,15.0,,Holger Rune,R,188.0,DEN,21.175,15.0,2370.0,6-3 6-4 6-2,5,R16,123.0,5.0,2.0,80.0,51.0,38.0,21.0,14.0,2.0,2.0,3.0,4.0,80.0,43.0,30.0,18.0,13.0,10.0,14.0
2024-540,Wimbledon,Grass,128,G,O,20240701,121,MM58,5.0,,Daniil Medvedev,R,198.0,RUS,28.386,5.0,6445.0,S0AG,1.0,,Jannik Sinner,R,191.0,ITA,22.875,1.0,9890.0,6-7(7) 6-4 7-6(4) 2-6 6-3,5,QF,240.0,15.0,11.0,174.0,119.0,91.0,25.0,26.0,3.0,6.0,17.0,4.0,150.0,97.0,78.0,28.0,25.0,4.0,7.0
2024-540,Wimbledon,Grass,128,G,O,20240701,122,A0E2,3.0,,Carlos Alcaraz,R,183.0,ESP,21.158,3.0,8130.0,PL56,12.0,,Tommy Paul,R,185.0,USA,27.124,13.0,3100.0,5-7 6-4 6-2 6-2,5,QF,191.0,7.0,2.0,119.0,73.0,48.0,29.0,19.0,6.0,10.0,2.0,2.0,136.0,82.0,47.0,27.0,19.0,19.0,27.0
2024-540,Wimbledon,Grass,128,G,O,20240701,123,D643,,,Novak Djokovic,R,188.0,SRB,37.112,2.0,8360.0,DH58,,,Alex de Minaur,R,183.0,AUS,25.369,9.0,3830.0,W/O,5,QF,,,,,,,,,,,,,,,,,,,
2024-540,Wimbledon,Grass,128,G,O,20240701,124,M0EJ,25.0,,Lorenzo Musetti,R,185.0,ITA,22.33,25.0,1620.0,FB98,13.0,,Taylor Fritz,R,196.0,USA,26.675,12.0,3350.0,3-6 7-6(5) 6-2 3-6 6-1,5,QF,207.0,7.0,3.0,137.0,83.0,63.0,29.0,22.0,5.0,9.0,10.0,1.0,144.0,88.0,57.0,32.0,23.0,7.0,13.0
2024-540,Wimbledon,Grass,128,G,O,20240701,125,A0E2,3.0,,Carlos Alcaraz,R,183.0,ESP,21.158,3.0,8130.0,MM58,5.0,,Daniil Medvedev,R,198.0,RUS,28.386,5.0,6445.0,6-7(1) 6-3 6-4 6-4,5,SF,175.0,6.0,2.0,113.0,64.0,47.0,30.0,21.0,0.0,3.0,5.0,6.0,131.0,90.0,59.0,22.0,20.0,9.0,15.0
2024-540,Wimbledon,Grass,128,G,O,20240701,126,D643,2.0,,Novak Djokovic,R,188.0,SRB,37.112,2.0,8360.0,M0EJ,25.0,,Lorenzo Musetti,R,185.0,ITA,22.33,25.0,1620.0,6-4 7-6(2) 6-4,5,SF,168.0,6.0,4.0,103.0,69.0,52.0,15.0,16.0,2.0,4.0,2.0,1.0,111.0,82.0,50.0,12.0,16.0,9.0,13.0
2024-540,Wimbledon,Grass,128,G,O,20240701,127,A0E2,3.0,,Carlos Alcaraz,R,183.0,ESP,21.158,3.0,8130.0,D643,2.0,,Novak Djokovic,R,188.0,SRB,37.112,2.0,8360.0,6-2 6-2 7-6(4),5,F,147.0,5.0,6.0,95.0,56.0,47.0,20.0,14.0,2.0,3.0,8.0,4.0,101.0,71.0,47.0,12.0,14.0,9.0,14.0
2024-414,Hamburg,Clay,32,500,O,20240715,1,R0DG,2.0,,Holger Rune,R,188.0,DEN,21.213,17.0,2210.0,M0CI,,,Fabian Marozsan,R,193.0,HUN,24.769,45.0,1031.0,6-4 6-4,3,R32,80.0,6.0,3.0,56.0,36.0,32.0,11.0,10.0,4.0,4.0,2.0,1.0,69.0,47.0,31.0,13.0,10.0,3.0,5.0
2024-414,Hamburg,Clay,32,500,O,20240715,2,TA29,,Q,Marco Trungelliti,R,178.0,ARG,34.453,151.0,393.0,O513,,,Sebastian Ofner,R,191.0,AUT,28.175,50.0,939.0,6-1 4-3 RET,3,R32,68.0,2.0,2.0,54.0,32.0,21.0,14.0,7.0,8.0,8.0,3.0,1.0,48.0,27.0,16.0,11.0,7.0,7.0,10.0
2024-414,Hamburg,Clay,32,500,O,20240715,3,DB63,,,Laslo Djere,R,188.0,SRB,29.12,57.0,856.0,BU13,,,Zizou Bergs,R,185.0,BEL,25.117,73.0,754.0,6-3 7-6(4),3,R32,107.0,5.0,2.0,80.0,49.0,38.0,14.0,11.0,5.0,6.0,4.0,0.0,64.0,44.0,30.0,10.0,10.0,1.0,3.0
2024-414,Hamburg,Clay,32,500,O,20240715,4,F0F1,5.0,,Arthur Fils,R,185.0,FRA,20.09,28.0,1450.0,MU94,,,Jaume Munar,R,183.0,ESP,27.195,59.0,840.0,5-7 6-3 6-1,3,R32,131.0,2.0,1.0,81.0,54.0,38.0,17.0,14.0,3.0,5.0,2.0,3.0,79.0,43.0,27.0,18.0,14.0,5.0,10.0
2024-414,Hamburg,Clay,32,500,O,20240715,5,B0BI,3.0,,Sebastian Baez,R,170.0,ARG,23.546,19.0,2020.0,KE73,,,Dominik Koepfer,L,180.0,GER,30.212,62.0,811.0,6-2 6-3,3,R32,64.0,4.0,0.0,44.0,29.0,24.0,9.0,8.0,0.0,0.0,2.0,4.0,49.0,25.0,14.0,13.0,9.0,4.0,8.0
2024-414,Hamburg,Clay,32,500,O,20240715,6,L987,,,Dusan Lajovic,R,183.0,SRB,34.042,55.0,871.0,MW75,,Q,Felipe Meligeni Alves,R,185.0,BRA,26.401,144.0,427.0,6-2 6-7(5) 6-3,3,R32,146.0,9.0,2.0,123.0,81.0,60.0,21.0,15.0,5.0,5.0,6.0,2.0,94.0,64.0,43.0,13.0,14.0,3.0,6.0
2024-414,Hamburg,Clay,32,500,O,20240715,7,S0H2,,,Alexander Shevchenko,R,188.0,KAZ,23.625,56.0,860.0,M0AC,,WC,Rudolf Molleker,R,188.0,GER,23.718,197.0,309.0,6-4 4-6 6-4,3,R32,123.0,10.0,3.0,93.0,53.0,37.0,20.0,15.0,6.0,10.0,6.0,3.0,102.0,63.0,40.0,18.0,15.0,5.0,10.0
2024-414,Hamburg,Clay,32,500,O,20240715,8,D0FJ,7.0,,Luciano Darderi,R,183.0,ITA,22.415,35.0,1256.0,H0A4,,LL,Nick Hardt,R,185.0,DOM,23.817,191.0,313.0,6-1 2-6 6-0,3,R32,97.0,8.0,2.0,74.0,43.0,32.0,14.0,11.0,5.0,7.0,0.0,1.0,58.0,37.0,22.0,8.0,10.0,1.0,6.0
2024-414,Hamburg,Clay,32,500,O,20240715,9,MO44,,,Pedro Martinez,R,185.0,ESP,27.22,49.0,974.0,A0FC,6.0,,Matteo Arnaldi,R,185.0,ITA,23.392,39.0,1220.0,7-6(4) 6-1,3,R32,100.0,1.0,3.0,68.0,49.0,33.0,7.0,10.0,1.0,4.0,7.0,4.0,58.0,30.0,20.0,7.0,9.0,3.0,8.0
2024-414,Hamburg,Clay,32,500,O,20240715,10,BV16,,Q,Ugo Blanchet,R,175.0,FRA,25.525,161.0,370.0,P09Z,,,Alexei Popyrin,R,196.0,AUS,24.945,43.0,1071.0,4-6 7-6(6) 6-2,3,R32,153.0,7.0,5.0,101.0,47.0,34.0,31.0,15.0,4.0,7.0,14.0,4.0,101.0,67.0,48.0,13.0,15.0,6.0,10.0
2024-414,Hamburg,Clay,32,500,O,20240715,11,MN13,,WC,Maximilian Marterer,L,188.0,GER,29.084,108.0,587.0,KF17,,PR,Soonwoo Kwon,R,180.0,KOR,26.617,349.0,145.0,6-4 6-7(6) 7-5,3,R32,169.0,10.0,3.0,104.0,60.0,49.0,24.0,17.0,3.0,4.0,8.0,1.0,119.0,69.0,48.0,28.0,17.0,9.0,12.0
2024-414,Hamburg,Clay,32,500,O,20240715,12,C0AU,4.0,,Francisco Cerundolo,R,185.0,ARG,25.922,33.0,1280.0,C0DF,,LL,Francisco Comesana,R,178.0,ARG,23.773,100.0,612.0,7-5 6-4,3,R32,99.0,4.0,4.0,67.0,44.0,29.0,12.0,11.0,4.0,7.0,3.0,0.0,68.0,53.0,29.0,9.0,11.0,7.0,12.0
2024-414,Hamburg,Clay,32,500,O,20240715,13,Z371,8.0,,Zhizhen Zhang,R,193.0,CHN,27.745,34.0,1261.0,SX91,,,Thiago Seyboth Wild,R,185.0,BRA,24.348,72.0,755.0,7-6(6) 6-0,3,R32,99.0,6.0,2.0,64.0,36.0,28.0,16.0,9.0,2.0,3.0,1.0,2.0,70.0,42.0,23.0,13.0,9.0,5.0,9.0
2024-414,Hamburg,Clay,32,500,O,20240715,14,C0E9,,,Flavio Cobolli,R,183.0,ITA,22.193,48.0,1000.0,AE14,,,Daniel Altmaier,R,188.0,GER,25.84,71.0,766.0,6-4 6-7(6) 6-3,3,R32,158.0,8.0,4.0,99.0,56.0,44.0,26.0,16.0,2.0,3.0,10.0,4.0,110.0,66.0,46.0,24.0,15.0,8.0,11.0
2024-414,Hamburg,Clay,32,500,O,20240715,15,G09O,,,Hugo Gaston,L,173.0,FRA,23.8,81.0,715.0,D0CG,,,Facundo Diaz Acosta,L,183.0,ARG,23.581,77.0,743.0,7-6(4) 1-6 6-4,3,R32,153.0,3.0,4.0,109.0,60.0,32.0,30.0,15.0,10.0,15.0,3.0,3.0,97.0,63.0,39.0,19.0,14.0,3.0,6.0
2024-414,Hamburg,Clay,32,500,O,20240715,16,Z355,1.0,,Alexander Zverev,R,198.0,GER,27.236,4.0,7015.0,D0C1,,Q,Jesper de Jong,R,180.0,NED,24.123,114.0,533.0,6-2 6-2,3,R32,77.0,4.0,1.0,48.0,33.0,26.0,9.0,8.0,0.0,0.0,1.0,1.0,54.0,24.0,16.0,12.0,8.0,1.0,5.0
2024-414,Hamburg,Clay,32,500,O,20240715,17,R0DG,2.0,,Holger Rune,R,188.0,DEN,21.213,17.0,2210.0,TA29,,Q,Marco Trungelliti,R,178.0,ARG,34.453,151.0,393.0,6-4 6-3,3,R16,79.0,8.0,0.0,58.0,41.0,30.0,10.0,10.0,3.0,4.0,0.0,3.0,49.0,25.0,17.0,12.0,9.0,3.0,6.0
2024-414,Hamburg,Clay,32,500,O,20240715,18,F0F1,5.0,,Arthur Fils,R,185.0,FRA,20.09,28.0,1450.0,DB63,,,Laslo Djere,R,188.0,SRB,29.12,57.0,856.0,7-6(3) 6-2,3,R16,106.0,3.0,2.0,68.0,45.0,34.0,13.0,10.0,6.0,7.0,2.0,1.0,70.0,51.0,30.0,10.0,10.0,6.0,9.0
2024-414,Hamburg,Clay,32,500,O,20240715,19,B0BI,3.0,,Sebastian Baez,R,170.0,ARG,23.546,19.0,2020.0,L987,,,Dusan Lajovic,R,183.0,SRB,34.042,55.0,871.0,4-6 7-5 6-2,3,R16,160.0,3.0,3.0,99.0,66.0,44.0,20.0,15.0,9.0,11.0,3.0,0.0,130.0,99.0,60.0,13.0,15.0,15.0,19.0
2024-414,Hamburg,Clay,32,500,O,20240715,20,D0FJ,7.0,,Luciano Darderi,R,183.0,ITA,22.415,35.0,1256.0,S0H2,,,Alexander Shevchenko,R,188.0,KAZ,23.625,56.0,860.0,6-3 2-6 6-3,3,R16,113.0,4.0,2.0,79.0,43.0,28.0,18.0,13.0,4.0,8.0,1.0,4.0,75.0,39.0,22.0,18.0,13.0,3.0,8.0
2024-414,Hamburg,Clay,32,500,O,20240715,21,MO44,,,Pedro Martinez,R,185.0,ESP,27.22,49.0,974.0,BV16,,Q,Ugo Blanchet,R,175.0,FRA,25.525,161.0,370.0,6-4 0-6 7-5,3,R16,132.0,1.0,2.0,76.0,60.0,40.0,4.0,14.0,2.0,7.0,8.0,4.0,85.0,49.0,33.0,20.0,14.0,7.0,11.0
2024-414,Hamburg,Clay,32,500,O,20240715,22,C0AU,4.0,,Francisco Cerundolo,R,185.0,ARG,25.922,33.0,1280.0,MN13,,WC,Maximilian Marterer,L,188.0,GER,29.084,108.0,587.0,6-0 6-2,3,R16,68.0,3.0,2.0,52.0,31.0,23.0,11.0,7.0,3.0,3.0,0.0,2.0,41.0,29.0,11.0,5.0,7.0,5.0,10.0
2024-414,Hamburg,Clay,32,500,O,20240715,23,Z371,8.0,,Zhizhen Zhang,R,193.0,CHN,27.745,34.0,1261.0,C0E9,,,Flavio Cobolli,R,183.0,ITA,22.193,48.0,1000.0,6-1 7-6(5),3,R16,75.0,3.0,1.0,50.0,30.0,27.0,10.0,9.0,1.0,2.0,6.0,2.0,67.0,45.0,28.0,10.0,10.0,3.0,7.0
2024-414,Hamburg,Clay,32,500,O,20240715,24,Z355,1.0,,Alexander Zverev,R,198.0,GER,27.236,4.0,7015.0,G09O,,,Hugo Gaston,L,173.0,FRA,23.8,81.0,715.0,4-6 6-2 7-5,3,R16,157.0,8.0,1.0,107.0,72.0,54.0,13.0,15.0,11.0,15.0,4.0,1.0,91.0,49.0,31.0,19.0,15.0,8.0,14.0
2024-414,Hamburg,Clay,32,500,O,20240715,25,F0F1,5.0,,Arthur Fils,R,185.0,FRA,20.09,28.0,1450.0,R0DG,2.0,,Holger Rune,R,188.0,DEN,21.213,17.0,2210.0,6-4 4-1 RET,3,QF,65.0,2.0,2.0,38.0,24.0,19.0,10.0,7.0,0.0,0.0,2.0,1.0,46.0,32.0,19.0,7.0,8.0,0.0,3.0
2024-414,Hamburg,Clay,32,500,O,20240715,26,B0BI,3.0,,Sebastian Baez,R,170.0,ARG,23.546,19.0,2020.0,D0FJ,7.0,,Luciano Darderi,R,183.0,ITA,22.415,35.0,1256.0,2-6 6-4 6-4,3,QF,137.0,6.0,4.0,90.0,67.0,46.0,5.0,14.0,5.0,10.0,6.0,3.0,98.0,66.0,41.0,14.0,14.0,8.0,13.0
2024-414,Hamburg,Clay,32,500,O,20240715,27,MO44,,,Pedro Martinez,R,185.0,ESP,27.22,49.0,974.0,C0AU,4.0,,Francisco Cerundolo,R,185.0,ARG,25.922,33.0,1280.0,1-6 6-1 6-4,3,QF,116.0,0.0,0.0,66.0,50.0,29.0,9.0,12.0,1.0,5.0,2.0,3.0,70.0,40.0,24.0,12.0,12.0,5.0,10.0
2024-414,Hamburg,Clay,32,500,O,20240715,28,Z355,1.0,,Alexander Zverev,R,198.0,GER,27.236,4.0,7015.0,Z371,8.0,,Zhizhen Zhang,R,193.0,CHN,27.745,34.0,1261.0,6-4 6-3,3,QF,66.0,10.0,2.0,45.0,33.0,29.0,7.0,9.0,0.0,0.0,3.0,0.0,54.0,35.0,25.0,9.0,10.0,1.0,4.0
2024-414,Hamburg,Clay,32,500,O,20240715,29,F0F1,5.0,,Arthur Fils,R,185.0,FRA,20.09,28.0,1450.0,B0BI,3.0,,Sebastian Baez,R,170.0,ARG,23.546,19.0,2020.0,6-2 6-2,3,SF,66.0,6.0,0.0,45.0,33.0,25.0,8.0,8.0,1.0,1.0,1.0,0.0,48.0,34.0,20.0,5.0,8.0,3.0,7.0
2024-414,Hamburg,Clay,32,500,O,20240715,30,Z355,1.0,,Alexander Zverev,R,198.0,GER,27.236,4.0,7015.0,MO44,,,Pedro Martinez,R,185.0,ESP,27.22,49.0,974.0,6-2 6-4,3,SF,84.0,13.0,3.0,51.0,35.0,31.0,8.0,9.0,1.0,1.0,1.0,2.0,65.0,45.0,25.0,11.0,9.0,5.0,8.0
2024-414,Hamburg,Clay,32,500,O,20240715,31,F0F1,5.0,,Arthur Fils,R,185.0,FRA,20.09,28.0,1450.0,Z355,1.0,,Alexander Zverev,R,198.0,GER,27.236,4.0,7015.0,6-3 3-6 7-6(1),3,F,213.0,0.0,2.0,147.0,97.0,67.0,23.0,15.0,21.0,22.0,8.0,2.0,111.0,74.0,49.0,20.0,15.0,3.0,4.0
2024-315,Newport,Grass,32,250,O,20240715,1,GC88,2.0,,Marcos Giron,R,180.0,USA,30.976,46.0,1025.0,M0QI,3.0,,Alex Michelsen,R,193.0,USA,19.888,61.0,816.0,6-7(4) 6-3 7-5,3,F,157.0,13.0,2.0,107.0,67.0,55.0,18.0,17.0,8.0,9.0,0.0,2.0,123.0,86.0,58.0,16.0,16.0,10.0,13.0
2024-315,Newport,Grass,32,250,O,20240715,2,M0QI,3.0,,Alex Michelsen,R,193.0,USA,19.888,61.0,816.0,O522,,WC,Reilly Opelka,R,211.0,USA,26.88,1188.0,7.0,6-2 6-0,3,SF,59.0,1.0,0.0,41.0,27.0,23.0,7.0,7.0,3.0,3.0,8.0,1.0,48.0,26.0,13.0,8.0,7.0,4.0,9.0
2024-315,Newport,Grass,32,250,O,20240715,3,GC88,2.0,,Marcos Giron,R,180.0,USA,30.976,46.0,1025.0,E865,4.0,,Christopher Eubanks,R,201.0,USA,28.194,128.0,485.0,6-4 3-6 6-2,3,SF,100.0,6.0,1.0,81.0,44.0,36.0,17.0,13.0,1.0,3.0,5.0,4.0,76.0,41.0,30.0,18.0,14.0,6.0,10.0
2024-315,Newport,Grass,32,250,O,20240715,4,O522,,WC,Reilly Opelka,R,211.0,USA,26.88,1188.0,7.0,MK66,,,Mackenzie McDonald,R,178.0,USA,29.248,99.0,626.0,4-6 6-3 6-4,3,QF,108.0,27.0,8.0,79.0,50.0,44.0,16.0,15.0,1.0,2.0,4.0,5.0,77.0,41.0,33.0,20.0,14.0,1.0,3.0
2024-315,Newport,Grass,32,250,O,20240715,5,M0QI,3.0,,Alex Michelsen,R,193.0,USA,19.888,61.0,816.0,K0AZ,,,Aleksandar Kovacevic,R,183.0,USA,25.878,91.0,668.0,6-4 6-4,3,QF,85.0,5.0,3.0,59.0,40.0,28.0,14.0,10.0,1.0,1.0,12.0,0.0,68.0,46.0,31.0,11.0,10.0,4.0,6.0
2024-315,Newport,Grass,32,250,O,20240715,6,E865,4.0,,Christopher Eubanks,R,201.0,USA,28.194,128.0,485.0,V832,6.0,,Aleksandar Vukic,R,188.0,AUS,28.274,65.0,794.0,6-2 4-6 7-6(3),3,QF,125.0,13.0,7.0,95.0,66.0,53.0,12.0,15.0,6.0,8.0,13.0,5.0,103.0,61.0,47.0,18.0,15.0,4.0,7.0
2024-315,Newport,Grass,32,250,O,20240715,7,GC88,2.0,,Marcos Giron,R,180.0,USA,30.976,46.0,1025.0,BI81,,Q,Alex Bolt,L,183.0,AUS,31.524,210.0,292.0,6-4 6-1,3,QF,74.0,2.0,0.0,50.0,31.0,21.0,14.0,8.0,3.0,3.0,3.0,3.0,63.0,37.0,23.0,10.0,9.0,6.0,10.0
2024-315,Newport,Grass,32,250,O,20240715,8,O522,,WC,Reilly Opelka,R,211.0,USA,26.88,1188.0,7.0,ME82,1.0,,Adrian Mannarino,L,180.0,FRA,36.044,25.0,1590.0,6-4 3-6 6-4,3,R16,114.0,19.0,1.0,78.0,48.0,42.0,14.0,15.0,1.0,3.0,3.0,2.0,77.0,53.0,36.0,17.0,14.0,2.0,4.0
2024-315,Newport,Grass,32,250,O,20240715,9,MK66,,,Mackenzie McDonald,R,178.0,USA,29.248,99.0,626.0,HD68,,Q,Billy Harris,R,193.0,GBR,29.47,116.0,529.0,6-3 6-4,3,R16,82.0,6.0,0.0,40.0,28.0,26.0,10.0,9.0,0.0,0.0,6.0,8.0,79.0,44.0,28.0,16.0,10.0,6.0,9.0
2024-315,Newport,Grass,32,250,O,20240715,10,M0QI,3.0,,Alex Michelsen,R,193.0,USA,19.888,61.0,816.0,C0BC,,,Maxime Cressy,R,201.0,USA,27.187,180.0,333.0,6-4 6-4,3,R16,82.0,1.0,1.0,56.0,35.0,27.0,16.0,10.0,2.0,2.0,6.0,6.0,54.0,29.0,25.0,10.0,10.0,1.0,3.0
2024-315,Newport,Grass,32,250,O,20240715,11,K0AZ,,,Aleksandar Kovacevic,R,183.0,USA,25.878,91.0,668.0,RC91,7.0,,Arthur Rinderknech,R,196.0,FRA,28.98,66.0,794.0,6-3 3-6 7-5,3,R16,136.0,6.0,2.0,84.0,50.0,36.0,20.0,15.0,1.0,3.0,14.0,8.0,99.0,59.0,40.0,23.0,15.0,6.0,9.0
2024-315,Newport,Grass,32,250,O,20240715,12,V832,6.0,,Aleksandar Vukic,R,188.0,AUS,28.274,65.0,794.0,S0JA,,WC,Eliot Spizzirri,R,185.0,USA,22.56,393.0,123.0,6-2 7-6(3),3,R16,88.0,5.0,0.0,55.0,39.0,31.0,11.0,10.0,1.0,2.0,6.0,3.0,66.0,40.0,27.0,11.0,10.0,3.0,6.0
2024-315,Newport,Grass,32,250,O,20240715,13,E865,4.0,,Christopher Eubanks,R,201.0,USA,28.194,128.0,485.0,Q02L,,WC,Ethan Quinn,R,191.0,USA,20.342,254.0,225.0,7-6(4) 3-6 6-3,3,R16,145.0,16.0,8.0,113.0,76.0,53.0,20.0,15.0,9.0,11.0,4.0,2.0,104.0,66.0,47.0,19.0,15.0,4.0,6.0
2024-315,Newport,Grass,32,250,O,20240715,14,BI81,,Q,Alex Bolt,L,183.0,AUS,31.524,210.0,292.0,N0AE,5.0,,Brandon Nakashima,R,188.0,USA,22.949,53.0,915.0,7-6(2) 6-4,3,R16,95.0,9.0,2.0,71.0,47.0,35.0,13.0,11.0,4.0,6.0,3.0,2.0,71.0,46.0,28.0,14.0,11.0,9.0,12.0
2024-315,Newport,Grass,32,250,O,20240715,15,GC88,2.0,,Marcos Giron,R,180.0,USA,30.976,46.0,1025.0,PD31,,,Benoit Paire,R,196.0,FRA,35.187,227.0,261.0,4-6 7-5 6-4,3,R16,132.0,8.0,4.0,101.0,54.0,40.0,21.0,16.0,3.0,7.0,2.0,9.0,96.0,50.0,36.0,21.0,16.0,5.0,10.0
2024-315,Newport,Grass,32,250,O,20240715,16,O522,,WC,Reilly Opelka,R,211.0,USA,26.88,1188.0,7.0,LB66,,,Constant Lestienne,R,180.0,FRA,32.145,94.0,650.0,6-1 2-6 7-6(2),3,R32,125.0,16.0,6.0,81.0,47.0,42.0,16.0,14.0,2.0,4.0,3.0,3.0,89.0,50.0,38.0,18.0,13.0,8.0,10.0
2024-315,Newport,Grass,32,250,O,20240715,17,HD68,,Q,Billy Harris,R,193.0,GBR,29.47,116.0,529.0,D0F6,,,Gabriel Diallo,R,203.0,CAN,22.806,165.0,355.0,7-6(4) 7-5,3,R32,145.0,4.0,2.0,89.0,56.0,39.0,20.0,12.0,7.0,8.0,7.0,6.0,98.0,52.0,36.0,23.0,12.0,6.0,8.0
2024-315,Newport,Grass,32,250,O,20240715,18,MK66,,,Mackenzie McDonald,R,178.0,USA,29.248,99.0,626.0,H0BH,8.0,,Rinky Hijikata,R,178.0,AUS,23.389,74.0,751.0,4-6 7-6(4) 6-2,3,R32,132.0,3.0,4.0,96.0,66.0,46.0,9.0,15.0,6.0,12.0,2.0,4.0,95.0,54.0,32.0,17.0,15.0,6.0,13.0
2024-315,Newport,Grass,32,250,O,20240715,19,C0BC,,,Maxime Cressy,R,201.0,USA,27.187,180.0,333.0,A829,,,Radu Albot,R,175.0,MDA,34.675,149.0,411.0,6-4 4-6 7-6(4),3,R32,171.0,14.0,23.0,108.0,53.0,39.0,21.0,16.0,8.0,14.0,3.0,4.0,122.0,71.0,43.0,24.0,16.0,9.0,15.0
2024-315,Newport,Grass,32,250,O,20240715,20,K0AZ,,,Aleksandar Kovacevic,R,183.0,USA,25.878,91.0,668.0,M0G4,,,Harold Mayot,R,180.0,FRA,22.442,124.0,499.0,7-6(1) 6-4,3,R32,89.0,7.0,2.0,60.0,35.0,31.0,17.0,11.0,0.0,0.0,10.0,4.0,69.0,40.0,28.0,17.0,11.0,2.0,3.0
2024-315,Newport,Grass,32,250,O,20240715,21,RC91,7.0,,Arthur Rinderknech,R,196.0,FRA,28.98,66.0,794.0,M0HU,,,Shintaro Mochizuki,R,175.0,JPN,21.12,156.0,385.0,6-3 7-6(5),3,R32,111.0,9.0,9.0,87.0,47.0,41.0,13.0,11.0,5.0,7.0,3.0,3.0,65.0,29.0,17.0,21.0,10.0,4.0,7.0
2024-315,Newport,Grass,32,250,O,20240715,22,V832,6.0,,Aleksandar Vukic,R,188.0,AUS,28.274,65.0,794.0,W0BH,,,Coleman Wong,R,191.0,HKG,20.107,179.0,333.0,6-1 6-2,3,R32,66.0,4.0,0.0,56.0,28.0,22.0,16.0,8.0,6.0,6.0,5.0,5.0,53.0,20.0,15.0,10.0,7.0,2.0,6.0
2024-315,Newport,Grass,32,250,O,20240715,23,S0JA,,WC,Eliot Spizzirri,R,185.0,USA,22.56,393.0,123.0,TC01,,Q,Li Tu,R,183.0,AUS,28.134,208.0,294.0,6-1 7-6(4),3,R32,80.0,5.0,3.0,64.0,41.0,33.0,12.0,9.0,4.0,5.0,1.0,1.0,73.0,46.0,27.0,13.0,10.0,5.0,9.0
2024-315,Newport,Grass,32,250,O,20240715,24,Q02L,,WC,Ethan Quinn,R,191.0,USA,20.342,254.0,225.0,PG94,,Q,Marc Polmans,R,188.0,AUS,27.203,217.0,278.0,6-3 6-7(3) 6-1,3,R32,137.0,4.0,3.0,93.0,59.0,40.0,17.0,13.0,6.0,8.0,0.0,9.0,97.0,63.0,41.0,13.0,15.0,7.0,14.0
2024-315,Newport,Grass,32,250,O,20240715,25,N0AE,5.0,,Brandon Nakashima,R,188.0,USA,22.949,53.0,915.0,N0AM,,,Emilio Nava,R,185.0,USA,22.617,148.0,415.0,7-5 6-2,3,R32,77.0,0.0,1.0,51.0,30.0,25.0,13.0,10.0,1.0,2.0,3.0,2.0,60.0,36.0,22.0,11.0,10.0,1.0,5.0
2024-315,Newport,Grass,32,250,O,20240715,26,BI81,,Q,Alex Bolt,L,183.0,AUS,31.524,210.0,292.0,M0NI,,,Jakub Mensik,R,196.0,CZE,18.869,79.0,728.0,6-2 6-4,3,R32,101.0,4.0,2.0,52.0,31.0,26.0,9.0,9.0,0.0,1.0,4.0,6.0,52.0,26.0,18.0,9.0,9.0,2.0,6.0
2024-315,Newport,Grass,32,250,O,20240715,27,PD31,,,Benoit Paire,R,196.0,FRA,35.187,227.0,261.0,S0K7,,,Zachary Svajda,R,175.0,USA,21.626,113.0,541.0,6-3 3-6 7-6(4),3,R32,109.0,9.0,12.0,97.0,55.0,42.0,16.0,15.0,8.0,13.0,1.0,7.0,96.0,65.0,45.0,12.0,15.0,3.0,8.0
2024-316,Bastad,Clay,28,250,O,20240715,1,K09F,8.0,,Pavel Kotov,R,191.0,RUS,25.656,60.0,821.0,GD64,,,Cristian Garin,R,185.0,CHI,28.126,106.0,590.0,6-4 6-7(6) 6-1,3,R32,153.0,5.0,1.0,102.0,66.0,42.0,25.0,15.0,4.0,5.0,1.0,7.0,94.0,63.0,44.0,14.0,14.0,3.0,7.0
2024-316,Bastad,Clay,28,250,O,20240715,2,N771,5.0,,Cameron Norrie,L,188.0,GBR,28.895,42.0,1125.0,KC04,,,Jozef Kovalik,R,183.0,SVK,31.693,102.0,607.0,7-6(4) 6-4,3,R32,95.0,7.0,2.0,66.0,45.0,37.0,14.0,11.0,0.0,0.0,4.0,1.0,76.0,59.0,39.0,9.0,11.0,5.0,6.0
2024-316,Bastad,Clay,28,250,O,20240715,3,CF59,,,Roberto Carballes Baena,R,183.0,ESP,31.313,54.0,906.0,SX50,6.0,,Roman Safiullin,R,185.0,RUS,26.938,67.0,785.0,5-7 7-6(3) 6-3,3,R32,176.0,4.0,0.0,105.0,71.0,47.0,22.0,17.0,2.0,6.0,11.0,1.0,108.0,64.0,41.0,23.0,16.0,6.0,10.0
2024-316,Bastad,Clay,32,250,O,20240715,4,T0A1,,,Thiago Agustin Tirante,R,185.0,ARG,23.264,121.0,508.0,F0F2,,Q,Jaime Faria,R,188.0,POR,20.942,170.0,349.0,3-6 6-1 6-4,3,R32,115.0,5.0,2.0,73.0,45.0,38.0,16.0,13.0,2.0,3.0,12.0,5.0,88.0,52.0,35.0,20.0,13.0,9.0,12.0
2024-316,Bastad,Clay,28,250,O,20240715,5,MJ08,,,Thiago Monteiro,L,183.0,BRA,30.125,85.0,700.0,CE77,,,Federico Coria,R,180.0,ARG,32.35,69.0,776.0,6-1 6-3,3,R32,66.0,1.0,1.0,43.0,28.0,24.0,9.0,8.0,0.0,0.0,2.0,2.0,52.0,36.0,20.0,6.0,8.0,6.0,10.0
2024-316,Bastad,Clay,28,250,O,20240715,6,S0GR,,Q,Timofey Skatov,R,173.0,KAZ,23.48,223.0,265.0,DA81,,,Taro Daniel,R,191.0,JPN,31.463,90.0,676.0,6-7(7) 6-2 7-6(4),3,R32,211.0,8.0,5.0,126.0,78.0,55.0,22.0,16.0,5.0,8.0,9.0,1.0,132.0,75.0,52.0,25.0,16.0,7.0,12.0
2024-316,Bastad,Clay,28,250,O,20240715,7,Y171,,Q,Denis Yevseyev,R,188.0,KAZ,31.149,160.0,370.0,MP20,,,Alexandre Muller,R,183.0,FRA,27.45,103.0,606.0,7-5 7-5,3,R32,95.0,4.0,2.0,84.0,50.0,40.0,14.0,12.0,2.0,3.0,4.0,2.0,62.0,41.0,31.0,9.0,12.0,1.0,4.0
2024-316,Bastad,Clay,28,250,O,20240715,8,A0CJ,,Q,Duje Ajdukovic,R,188.0,CRO,23.439,130.0,478.0,V0DZ,,,Luca Van Assche,R,178.0,FRA,20.178,104.0,601.0,6-3 6-3,3,R32,74.0,3.0,0.0,47.0,25.0,20.0,13.0,9.0,0.0,1.0,1.0,5.0,61.0,44.0,24.0,9.0,9.0,5.0,9.0
2024-316,Bastad,Clay,28,250,O,20240715,9,N897,,,Sumit Nagal,R,178.0,IND,26.913,68.0,779.0,Y218,,WC,Elias Ymer,R,185.0,SWE,28.263,202.0,300.0,6-4 6-3,3,R32,98.0,2.0,0.0,65.0,44.0,31.0,13.0,9.0,4.0,4.0,2.0,4.0,70.0,39.0,27.0,14.0,10.0,7.0,10.0
2024-316,Bastad,Clay,28,250,O,20240715,10,R0GO,,,Henrique Rocha,R,180.0,POR,20.274,182.0,329.0,U182,,,Camilo Ugo Carabelli,R,185.0,ARG,25.079,96.0,645.0,4-6 6-2 6-2,3,R32,127.0,5.0,5.0,63.0,37.0,28.0,12.0,13.0,0.0,3.0,2.0,2.0,102.0,60.0,38.0,16.0,13.0,10.0,16.0
2024-316,Bastad,Clay,28,250,O,20240715,11,N409,,WC,Rafael Nadal,L,185.0,ESP,38.116,261.0,215.0,B0JG,,WC,Leo Borg,R,183.0,SWE,21.169,461.0,91.0,6-3 6-4,3,R32,85.0,5.0,0.0,53.0,39.0,32.0,9.0,10.0,0.0,0.0,2.0,2.0,56.0,34.0,25.0,11.0,9.0,2.0,4.0
2024-316,Bastad,Clay,28,250,O,20240715,12,BT72,7.0,,Nuno Borges,R,185.0,POR,27.4,51.0,936.0,PH64,,LL,Andrea Pellegrino,R,185.0,ITA,27.313,153.0,389.0,6-2 7-6(3),3,R32,91.0,1.0,0.0,63.0,48.0,33.0,6.0,10.0,3.0,5.0,1.0,2.0,70.0,47.0,29.0,8.0,10.0,2.0,6.0
2024-316,Bastad,Clay,28,250,O,20240715,13,MJ08,,,Thiago Monteiro,L,183.0,BRA,30.125,85.0,700.0,RH16,2.0,,Casper Ruud,R,183.0,NOR,25.563,9.0,4030.0,6-3 6-3,3,R16,88.0,2.0,1.0,51.0,32.0,25.0,13.0,9.0,1.0,1.0,7.0,2.0,62.0,37.0,24.0,11.0,9.0,3.0,6.0
2024-316,Bastad,Clay,28,250,O,20240715,14,CF59,,,Roberto Carballes Baena,R,183.0,ESP,31.313,54.0,906.0,Y171,,Q,Denis Yevseyev,R,188.0,KAZ,31.149,160.0,370.0,2-6 6-3 6-2,3,R16,137.0,2.0,4.0,97.0,60.0,41.0,17.0,13.0,10.0,13.0,3.0,4.0,83.0,54.0,32.0,15.0,12.0,9.0,13.0
2024-316,Bastad,Clay,28,250,O,20240715,15,A0CJ,,Q,Duje Ajdukovic,R,188.0,CRO,23.439,130.0,478.0,K09F,8.0,,Pavel Kotov,R,191.0,RUS,25.656,60.0,821.0,7-6(7) 3-6 6-3,3,R16,151.0,3.0,4.0,97.0,61.0,46.0,20.0,15.0,5.0,7.0,8.0,3.0,93.0,61.0,47.0,16.0,15.0,3.0,5.0
2024-316,Bastad,Clay,28,250,O,20240715,16,T0A1,,,Thiago Agustin Tirante,R,185.0,ARG,23.264,121.0,508.0,RE44,,,Andrey Rublev,R,188.0,RUS,26.735,8.0,4070.0,7-6(5) 3-6 6-4,3,R16,144.0,5.0,6.0,106.0,62.0,45.0,20.0,16.0,1.0,4.0,2.0,5.0,93.0,57.0,38.0,22.0,15.0,1.0,3.0
2024-316,Bastad,Clay,28,250,O,20240715,17,N0BS,4.0,,Mariano Navone,R,178.0,ARG,23.379,36.0,1242.0,N897,,,Sumit Nagal,R,178.0,IND,26.913,68.0,779.0,6-4 6-2,3,R16,100.0,1.0,3.0,78.0,58.0,38.0,6.0,9.0,10.0,12.0,1.0,1.0,69.0,54.0,28.0,6.0,9.0,4.0,9.0
2024-316,Bastad,Clay,28,250,O,20240715,18,S0GR,,Q,Timofey Skatov,R,173.0,KAZ,23.48,223.0,265.0,GJ37,3.0,,Tallon Griekspoor,R,188.0,NED,28.036,27.0,1510.0,1-6 6-3 6-4,3,R16,129.0,2.0,1.0,82.0,61.0,38.0,9.0,13.0,2.0,6.0,6.0,3.0,78.0,43.0,31.0,17.0,13.0,1.0,5.0
2024-316,Bastad,Clay,28,250,O,20240715,19,N409,,WC,Rafael Nadal,L,185.0,ESP,38.116,261.0,215.0,N771,5.0,,Cameron Norrie,L,188.0,GBR,28.895,42.0,1125.0,6-4 6-4,3,R16,103.0,5.0,0.0,60.0,43.0,32.0,11.0,10.0,3.0,4.0,1.0,0.0,61.0,44.0,28.0,8.0,10.0,4.0,7.0
2024-316,Bastad,Clay,28,250,O,20240715,20,BT72,,,Nuno Borges,R,185.0,POR,27.4,51.0,936.0,R0GO,,,Henrique Rocha,R,180.0,POR,20.274,182.0,329.0,1-6 6-4 6-0,3,R16,128.0,1.0,2.0,90.0,55.0,30.0,20.0,11.0,7.0,11.0,3.0,3.0,90.0,52.0,23.0,19.0,12.0,7.0,13.0
2024-316,Bastad,Clay,28,250,O,20240715,21,A0CJ,,Q,Duje Ajdukovic,R,188.0,CRO,23.439,130.0,478.0,MJ08,,,Thiago Monteiro,L,183.0,BRA,30.125,85.0,700.0,6-2 4-6 6-4,3,QF,129.0,6.0,3.0,80.0,43.0,34.0,19.0,14.0,5.0,8.0,6.0,3.0,84.0,57.0,37.0,13.0,14.0,4.0,9.0
2024-316,Bastad,Clay,28,250,O,20240715,22,N409,,WC,Rafael Nadal,L,185.0,ESP,38.116,261.0,215.0,N0BS,4.0,,Mariano Navone,R,178.0,ARG,23.379,36.0,1242.0,6-7(2) 7-5 7-5,3,QF,239.0,1.0,4.0,121.0,78.0,48.0,17.0,18.0,7.0,15.0,0.0,3.0,141.0,90.0,46.0,24.0,18.0,11.0,21.0
2024-316,Bastad,Clay,28,250,O,20240715,23,T0A1,,,Thiago Agustin Tirante,R,185.0,ARG,23.264,121.0,508.0,CF59,,,Roberto Carballes Baena,R,183.0,ESP,31.313,54.0,906.0,6-3 2-6 7-5,3,QF,135.0,8.0,2.0,87.0,60.0,42.0,13.0,15.0,3.0,7.0,1.0,1.0,86.0,72.0,44.0,8.0,14.0,7.0,11.0
2024-316,Bastad,Clay,28,250,O,20240715,24,BT72,7.0,,Nuno Borges,R,185.0,POR,27.4,51.0,936.0,S0GR,,Q,Timofey Skatov,R,173.0,KAZ,23.48,223.0,265.0,6-4 6-3,3,QF,90.0,4.0,3.0,60.0,39.0,32.0,8.0,10.0,1.0,2.0,0.0,1.0,63.0,31.0,20.0,14.0,9.0,4.0,7.0
2024-316,Bastad,Clay,28,250,O,20240715,25,N409,,WC,Rafael Nadal,L,185.0,ESP,38.116,261.0,215.0,A0CJ,,Q,Duje Ajdukovic,R,188.0,CRO,23.439,130.0,478.0,4-6 6-3 6-4,3,SF,132.0,0.0,0.0,79.0,63.0,39.0,10.0,15.0,5.0,10.0,4.0,5.0,80.0,39.0,25.0,18.0,14.0,0.0,6.0
2024-316,Bastad,Clay,28,250,O,20240715,26,BT72,,,Nuno Borges,R,185.0,POR,27.4,51.0,936.0,T0A1,,,Thiago Agustin Tirante,R,185.0,ARG,23.264,121.0,508.0,6-3 6-4,3,SF,69.0,3.0,1.0,49.0,34.0,28.0,11.0,10.0,2.0,3.0,4.0,3.0,57.0,35.0,26.0,6.0,9.0,3.0,6.0
2024-316,Bastad,Clay,28,250,O,20240715,27,BT72,7.0,,Nuno Borges,R,185.0,POR,27.4,51.0,936.0,N409,,WC,Rafael Nadal,L,185.0,ESP,38.116,261.0,215.0,6-3 6-2,3,F,87.0,2.0,1.0,53.0,33.0,22.0,12.0,9.0,3.0,5.0,0.0,3.0,56.0,38.0,20.0,5.0,8.0,7.0,12.0
2024-314,Gstaad,Clay,28,250,O,20240715,1,R0FS,,WC,Leandro Riedi,R,191.0,SUI,22.464,134.0,473.0,BK24,,,Gregoire Barrere,R,183.0,FRA,30.409,131.0,475.0,7-6(2) 7-5,3,R32,103.0,5.0,1.0,65.0,38.0,29.0,23.0,12.0,3.0,4.0,6.0,1.0,94.0,53.0,39.0,20.0,12.0,7.0,9.0
2024-314,Gstaad,Clay,28,250,O,20240715,2,SL28,,,Jan-Lennard Struff,R,193.0,GER,34.223,37.0,1235.0,R772,,,Albert Ramos-Vinolas,L,188.0,ESP,36.493,97.0,635.0,7-6(6) 7-6(4),3,R32,108.0,11.0,6.0,75.0,42.0,36.0,21.0,12.0,1.0,2.0,2.0,1.0,79.0,50.0,37.0,17.0,12.0,2.0,3.0
2024-314,Gstaad,Clay,28,250,O,20240715,3,F510,7.0,,Fabio Fognini,R,178.0,ITA,37.144,80.0,727.0,D0DW,,Q,Titouan Droguet,R,191.0,FRA,23.083,141.0,445.0,6-4 6-3,3,R32,83.0,1.0,3.0,72.0,45.0,32.0,13.0,10.0,4.0,5.0,6.0,3.0,53.0,30.0,25.0,7.0,9.0,3.0,6.0
2024-314,Gstaad,Clay,28,250,O,20240715,4,V836,,Q,Juan Pablo Varillas,R,185.0,PER,28.775,162.0,367.0,TB69,,,Dominic Thiem,R,185.0,AUT,30.864,133.0,473.0,6-3 5-7 7-6(4),3,R32,172.0,7.0,3.0,122.0,73.0,56.0,23.0,17.0,9.0,12.0,5.0,2.0,95.0,54.0,39.0,24.0,16.0,2.0,5.0
2024-314,Gstaad,Clay,28,250,O,20240715,5,GE33,,,Daniel Elahi Galan,R,191.0,COL,28.074,142.0,444.0,KI82,,,Vit Kopriva,R,178.0,CZE,27.083,112.0,554.0,6-3 6-2,3,R32,80.0,2.0,2.0,54.0,33.0,25.0,10.0,9.0,2.0,3.0,0.0,4.0,53.0,30.0,14.0,12.0,8.0,3.0,7.0
2024-314,Gstaad,Clay,28,250,O,20240715,6,H997,,,Yannick Hanfmann,R,193.0,GER,32.671,111.0,556.0,MW18,,LL,Nicolas Moreno De Alboran,R,185.0,USA,27.003,143.0,429.0,7-6(2) 6-7(2) 6-4,3,R32,156.0,9.0,4.0,100.0,73.0,63.0,13.0,17.0,2.0,2.0,9.0,0.0,110.0,72.0,54.0,24.0,17.0,5.0,6.0
2024-314,Gstaad,Clay,28,250,O,20240715,7,HB64,,Q,Quentin Halys,R,191.0,FRA,27.718,192.0,312.0,G628,,,Richard Gasquet,R,183.0,FRA,38.075,132.0,474.0,7-6(4) 7-6(5),3,R32,120.0,9.0,9.0,102.0,47.0,38.0,29.0,12.0,5.0,5.0,6.0,2.0,77.0,44.0,34.0,22.0,12.0,3.0,3.0
2024-314,Gstaad,Clay,28,250,O,20240715,8,M0JF,,,Hamad Medjedovic,R,188.0,SRB,20.994,122.0,506.0,HH06,,,Marc-Andrea Huesler,L,196.0,SUI,28.057,226.0,262.0,6-7(3) 7-6(2) 6-3,3,R32,140.0,7.0,1.0,102.0,78.0,62.0,15.0,17.0,0.0,0.0,11.0,2.0,99.0,54.0,41.0,27.0,16.0,2.0,3.0
2024-314,Gstaad,Clay,28,250,O,20240715,9,H0DU,,Q,Gustavo Heide,R,191.0,BRA,22.376,178.0,334.0,N679,,,Stefano Napolitano,R,196.0,ITA,29.262,125.0,497.0,7-6(4) 5-7 7-6(3),3,R32,191.0,6.0,1.0,113.0,70.0,53.0,26.0,18.0,3.0,5.0,7.0,3.0,138.0,85.0,60.0,30.0,18.0,9.0,10.0
2024-314,Gstaad,Clay,28,250,O,20240715,10,BK40,6.0,,Matteo Berrettini,R,196.0,ITA,28.257,82.0,715.0,CG04,,,Pedro Cachin,R,185.0,ARG,29.259,110.0,568.0,6-4 7-6(2),3,R32,101.0,5.0,1.0,70.0,52.0,38.0,14.0,11.0,3.0,3.0,2.0,1.0,69.0,47.0,33.0,12.0,11.0,1.0,2.0
2024-314,Gstaad,Clay,28,250,O,20240715,11,V812,,,Botic van de Zandschulp,R,191.0,NED,28.78,87.0,687.0,S0LA,,,Dominic Stricker,L,183.0,SUI,21.914,175.0,340.0,6-3 6-3,3,R32,81.0,7.0,1.0,62.0,37.0,29.0,13.0,9.0,4.0,4.0,7.0,6.0,60.0,25.0,19.0,15.0,9.0,4.0,7.0
2024-314,Gstaad,Clay,28,250,O,20240715,12,KI63,,,Lukas Klein,R,193.0,SVK,26.316,118.0,511.0,W367,8.0,,Stan Wawrinka,R,183.0,SUI,39.299,105.0,593.0,7-6(4) 2-6 7-5,3,R32,121.0,9.0,3.0,90.0,57.0,46.0,21.0,16.0,0.0,2.0,7.0,7.0,98.0,50.0,43.0,27.0,16.0,3.0,4.0
2024-314,Gstaad,Clay,28,250,O,20240715,13,F510,7.0,,Fabio Fognini,R,178.0,ITA,37.144,80.0,727.0,V836,,Q,Juan Pablo Varillas,R,185.0,PER,28.775,162.0,367.0,3-6 7-6(5) 7-5,3,R16,167.0,2.0,3.0,99.0,55.0,40.0,21.0,16.0,9.0,13.0,3.0,1.0,107.0,61.0,36.0,30.0,17.0,2.0,6.0
2024-314,Gstaad,Clay,28,250,O,20240715,14,EA24,,,Tomas Martin Etcheverry,R,196.0,ARG,24.994,32.0,1295.0,V812,,,Botic van de Zandschulp,R,191.0,NED,28.78,87.0,687.0,6-2 2-6 6-3,3,R16,137.0,4.0,0.0,82.0,52.0,34.0,14.0,13.0,6.0,10.0,2.0,4.0,69.0,37.0,27.0,13.0,12.0,4.0,9.0
2024-314,Gstaad,Clay,28,250,O,20240715,15,TE51,1.0,,Stefanos Tsitsipas,R,193.0,GRE,25.925,12.0,3615.0,M0JF,,,Hamad Medjedovic,R,188.0,SRB,20.994,122.0,506.0,7-6(6) 6-3,3,R16,103.0,11.0,3.0,76.0,48.0,36.0,16.0,11.0,5.0,5.0,8.0,2.0,65.0,42.0,32.0,12.0,10.0,3.0,4.0
2024-314,Gstaad,Clay,28,250,O,20240715,16,SL28,,,Jan-Lennard Struff,R,193.0,GER,34.223,37.0,1235.0,R0FS,,,Leandro Riedi,R,191.0,SUI,22.464,134.0,473.0,7-6(6) 7-6(1),3,R16,98.0,12.0,7.0,85.0,45.0,36.0,24.0,12.0,3.0,3.0,9.0,5.0,77.0,46.0,38.0,16.0,12.0,1.0,1.0
2024-314,Gstaad,Clay,28,250,O,20240715,17,HB64,,Q,Quentin Halys,R,191.0,FRA,27.718,192.0,312.0,KI63,,,Lukas Klein,R,193.0,SVK,26.316,118.0,511.0,6-3 6-7(7) 6-4,3,R16,129.0,16.0,9.0,94.0,46.0,42.0,28.0,16.0,1.0,2.0,3.0,4.0,102.0,65.0,48.0,18.0,15.0,5.0,8.0
2024-314,Gstaad,Clay,28,250,O,20240715,18,H0DU,,Q,Gustavo Heide,R,191.0,BRA,22.376,178.0,334.0,HH26,2.0,,Ugo Humbert,L,188.0,FRA,26.053,15.0,2490.0,6-7(2) 6-2 6-3,3,R16,140.0,10.0,3.0,106.0,56.0,41.0,33.0,15.0,9.0,9.0,10.0,5.0,82.0,49.0,38.0,18.0,14.0,2.0,5.0
2024-314,Gstaad,Clay,28,250,O,20240715,19,BK40,6.0,,Matteo Berrettini,R,196.0,ITA,28.257,82.0,715.0,GE33,,,Daniel Elahi Galan,R,191.0,COL,28.074,142.0,444.0,6-4 6-2,3,R16,79.0,12.0,2.0,45.0,31.0,24.0,9.0,9.0,0.0,1.0,4.0,1.0,71.0,45.0,28.0,10.0,9.0,5.0,9.0
2024-314,Gstaad,Clay,28,250,O,20240715,20,AG37,,,Felix Auger-Aliassime,R,193.0,CAN,23.934,18.0,2075.0,H997,,,Yannick Hanfmann,R,193.0,GER,32.671,111.0,556.0,7-6(6) 6-2,3,R16,112.0,4.0,3.0,73.0,48.0,37.0,12.0,10.0,5.0,6.0,2.0,4.0,67.0,44.0,28.0,11.0,10.0,5.0,8.0
2024-314,Gstaad,Clay,28,250,O,20240715,21,HB64,,Q,Quentin Halys,R,191.0,FRA,27.718,192.0,312.0,H0DU,,Q,Gustavo Heide,R,191.0,BRA,22.376,178.0,334.0,6-1 7-5,3,QF,82.0,5.0,5.0,59.0,27.0,22.0,19.0,10.0,1.0,2.0,3.0,3.0,57.0,31.0,19.0,12.0,9.0,6.0,10.0
2024-314,Gstaad,Clay,28,250,O,20240715,22,SL28,,,Jan-Lennard Struff,R,193.0,GER,34.223,37.0,1235.0,EA24,,,Tomas Martin Etcheverry,R,196.0,ARG,24.994,32.0,1295.0,7-5 3-6 6-3,3,QF,136.0,8.0,8.0,102.0,56.0,45.0,24.0,15.0,6.0,7.0,5.0,1.0,93.0,57.0,40.0,20.0,15.0,5.0,7.0
2024-314,Gstaad,Clay,28,250,O,20240715,23,TE51,1.0,,Stefanos Tsitsipas,R,193.0,GRE,25.925,12.0,3615.0,F510,7.0,,Fabio Fognini,R,178.0,ITA,37.144,80.0,727.0,6-4 6-3,3,QF,66.0,5.0,0.0,51.0,31.0,23.0,12.0,10.0,1.0,3.0,3.0,4.0,47.0,24.0,17.0,8.0,9.0,2.0,6.0
2024-314,Gstaad,Clay,28,250,O,20240715,24,BK40,,,Matteo Berrettini,R,196.0,ITA,28.257,82.0,715.0,AG37,,,Felix Auger-Aliassime,R,193.0,CAN,23.934,18.0,2075.0,7-6(7) 7-6(2),3,QF,130.0,5.0,1.0,79.0,55.0,43.0,15.0,12.0,3.0,3.0,5.0,5.0,84.0,54.0,40.0,18.0,12.0,4.0,4.0
2024-314,Gstaad,Clay,28,250,O,20240715,25,HB64,,,Quentin Halys,R,191.0,FRA,27.718,192.0,312.0,SL28,,,Jan-Lennard Struff,R,193.0,GER,34.223,37.0,1235.0,6-3 7-6(2),3,SF,80.0,16.0,4.0,67.0,37.0,32.0,17.0,11.0,4.0,4.0,2.0,6.0,68.0,33.0,28.0,15.0,10.0,2.0,3.0
2024-314,Gstaad,Clay,28,250,O,20240715,26,BK40,6.0,,Matteo Berrettini,R,196.0,ITA,28.257,82.0,715.0,TE51,1.0,,Stefanos Tsitsipas,R,193.0,GRE,25.925,12.0,3615.0,7-6(6) 7-5,3,SF,102.0,7.0,0.0,63.0,50.0,46.0,8.0,12.0,0.0,0.0,6.0,4.0,85.0,57.0,41.0,16.0,12.0,2.0,3.0
2024-314,Gstaad,Clay,28,250,O,20240715,27,BK40,6.0,,Matteo Berrettini,R,196.0,ITA,28.257,82.0,715.0,HB64,,Q,Quentin Halys,R,191.0,FRA,27.718,192.0,312.0,6-3 6-1,3,F,59.0,1.0,1.0,37.0,29.0,26.0,7.0,8.0,3.0,3.0,4.0,1.0,43.0,19.0,13.0,9.0,8.0,2.0,6.0
2024-319,Kitzbuhel,Clay,28,250,O,20240722,1,H997,,,Yannick Hanfmann,R,193.0,GER,32.69,116.0,536.0,MU94,,,Jaume Munar,R,183.0,ESP,27.214,65.0,805.0,6-3 6-4,3,R32,93.0,2.0,1.0,65.0,48.0,33.0,9.0,10.0,4.0,5.0,4.0,3.0,56.0,31.0,18.0,15.0,9.0,0.0,3.0
2024-319,Kitzbuhel,Clay,28,250,O,20240722,2,MW18,,,Nicolas Moreno De Alboran,R,185.0,USA,27.023,143.0,430.0,CC66,,,Andrea Collarini,L,183.0,ARG,32.474,264.0,213.0,6-4 6-4,3,R32,87.0,3.0,1.0,51.0,25.0,20.0,18.0,10.0,1.0,2.0,0.0,2.0,65.0,42.0,26.0,11.0,10.0,2.0,5.0
2024-319,Kitzbuhel,Clay,28,250,O,20240722,3,SX91,,,Thiago Seyboth Wild,R,185.0,BRA,24.367,72.0,755.0,S0WT,,WC,Joel Schwaerzler,L,188.0,AUT,18.483,392.0,123.0,6-2 7-6(6),3,R32,115.0,7.0,4.0,95.0,56.0,39.0,20.0,10.0,9.0,9.0,5.0,1.0,60.0,38.0,21.0,16.0,10.0,1.0,3.0
2024-319,Kitzbuhel,Clay,28,250,O,20240722,4,N897,,,Sumit Nagal,R,178.0,IND,26.932,80.0,729.0,KI63,,Q,Lukas Klein,R,193.0,SVK,26.335,119.0,520.0,6-4 1-6 7-6(3),3,R32,138.0,1.0,6.0,97.0,65.0,41.0,15.0,14.0,4.0,8.0,9.0,5.0,98.0,67.0,46.0,14.0,15.0,11.0,14.0
2024-319,Kitzbuhel,Clay,28,250,O,20240722,5,DB63,8.0,,Laslo Djere,R,188.0,SRB,29.139,57.0,896.0,KI82,,Q,Vit Kopriva,R,178.0,CZE,27.102,113.0,553.0,7-6(6) 6-3,3,R32,100.0,6.0,2.0,71.0,45.0,35.0,12.0,11.0,3.0,5.0,2.0,3.0,62.0,40.0,31.0,7.0,10.0,1.0,4.0
2024-319,Kitzbuhel,Clay,28,250,O,20240722,6,GE33,,Q,Daniel Elahi Galan,R,191.0,COL,28.093,137.0,459.0,M0JF,,LL,Hamad Medjedovic,R,188.0,SRB,21.013,144.0,429.0,6-4 5-7 6-3,3,R32,173.0,10.0,2.0,133.0,85.0,56.0,26.0,16.0,9.0,11.0,3.0,2.0,95.0,57.0,40.0,21.0,15.0,5.0,8.0
2024-319,Kitzbuhel,Clay,28,250,O,20240722,7,G09O,,,Hugo Gaston,L,173.0,FRA,23.819,91.0,665.0,AE14,,,Daniel Altmaier,R,188.0,GER,25.859,71.0,756.0,6-4 6-7(5) 6-4,3,R32,154.0,2.0,2.0,97.0,42.0,29.0,37.0,16.0,0.0,2.0,9.0,5.0,104.0,61.0,42.0,23.0,16.0,2.0,6.0
2024-319,Kitzbuhel,Clay,28,250,O,20240722,8,D0CG,,,Facundo Diaz Acosta,L,183.0,ARG,23.6,77.0,737.0,CE77,,,Federico Coria,R,180.0,ARG,32.37,73.0,747.0,2-6 6-3 6-0,3,R32,104.0,1.0,3.0,66.0,41.0,28.0,15.0,12.0,1.0,4.0,1.0,1.0,57.0,36.0,20.0,10.0,11.0,4.0,9.0
2024-319,Kitzbuhel,Clay,28,250,O,20240722,9,N0CS,,WC,Lukas Neumayer,R,183.0,AUT,21.875,289.0,190.0,O513,5.0,,Sebastian Ofner,R,191.0,AUT,28.194,56.0,904.0,6-4 4-6 7-6(3),3,R32,135.0,0.0,5.0,91.0,50.0,36.0,20.0,16.0,3.0,8.0,10.0,2.0,92.0,47.0,34.0,22.0,16.0,5.0,10.0
2024-319,Kitzbuhel,Clay,28,250,O,20240722,10,CF59,7.0,,Roberto Carballes Baena,R,183.0,ESP,31.332,51.0,940.0,F724,,,Marton Fucsovics,R,188.0,HUN,32.452,83.0,705.0,4-6 6-2 6-3,3,R32,142.0,4.0,3.0,83.0,56.0,42.0,13.0,14.0,3.0,5.0,4.0,4.0,87.0,53.0,35.0,15.0,13.0,5.0,9.0
2024-319,Kitzbuhel,Clay,28,250,O,20240722,11,BK40,,,Matteo Berrettini,R,196.0,ITA,28.277,50.0,965.0,K09F,,,Pavel Kotov,R,191.0,RUS,25.676,62.0,814.0,7-6(6) 7-6(5),3,R32,136.0,7.0,0.0,71.0,57.0,49.0,9.0,12.0,0.0,1.0,6.0,4.0,110.0,76.0,54.0,16.0,12.0,4.0,5.0
2024-319,Kitzbuhel,Clay,28,250,O,20240722,12,T0A1,,,Thiago Agustin Tirante,R,185.0,ARG,23.283,101.0,608.0,TB69,,,Dominic Thiem,R,185.0,AUT,30.883,138.0,453.0,6-2 6-4,3,R32,73.0,7.0,1.0,49.0,34.0,28.0,10.0,9.0,0.0,0.0,4.0,2.0,55.0,32.0,23.0,9.0,9.0,0.0,3.0
2024-319,Kitzbuhel,Clay,28,250,O,20240722,13,SX91,,,Thiago Seyboth Wild,R,185.0,BRA,24.367,72.0,755.0,DB63,8.0,,Laslo Djere,R,188.0,SRB,29.139,57.0,896.0,4-6 6-3 6-2,3,R16,128.0,2.0,2.0,79.0,57.0,42.0,14.0,14.0,0.0,1.0,2.0,0.0,75.0,42.0,26.0,22.0,13.0,3.0,6.0
2024-319,Kitzbuhel,Clay,28,250,O,20240722,14,H997,,,Yannick Hanfmann,R,193.0,GER,32.69,116.0,536.0,H0DU,,LL,Gustavo Heide,R,191.0,BRA,22.396,155.0,397.0,6-3 1-6 6-2,3,R16,112.0,7.0,1.0,66.0,41.0,28.0,13.0,12.0,0.0,3.0,6.0,1.0,87.0,56.0,30.0,20.0,12.0,6.0,10.0
2024-319,Kitzbuhel,Clay,28,250,O,20240722,15,MW18,,,Nicolas Moreno De Alboran,R,185.0,USA,27.023,143.0,430.0,N0CS,,,Lukas Neumayer,R,183.0,AUT,21.875,289.0,190.0,6-4 6-4,3,R16,84.0,1.0,2.0,49.0,30.0,26.0,14.0,10.0,0.0,0.0,1.0,2.0,59.0,41.0,27.0,10.0,10.0,2.0,4.0
2024-319,Kitzbuhel,Clay,28,250,O,20240722,16,MO44,4.0,,Pedro Martinez,R,185.0,ESP,27.239,45.0,1138.0,N897,,,Sumit Nagal,R,178.0,IND,26.932,80.0,729.0,7-5 7-5,3,R16,156.0,1.0,6.0,105.0,74.0,50.0,12.0,12.0,15.0,17.0,1.0,0.0,86.0,63.0,38.0,11.0,12.0,14.0,18.0
2024-319,Kitzbuhel,Clay,28,250,O,20240722,17,BK40,,,Matteo Berrettini,R,196.0,ITA,28.277,50.0,965.0,TE30,2.0,,Alejandro Tabilo,L,188.0,CHI,27.138,21.0,1918.0,7-6(4) 7-6(5),3,R16,108.0,15.0,1.0,77.0,62.0,49.0,8.0,12.0,1.0,2.0,7.0,1.0,79.0,42.0,32.0,25.0,12.0,5.0,6.0
2024-319,Kitzbuhel,Clay,28,250,O,20240722,18,D0CG,,,Facundo Diaz Acosta,L,183.0,ARG,23.6,77.0,737.0,GE33,,Q,Daniel Elahi Galan,R,191.0,COL,28.093,137.0,459.0,6-2 4-6 6-3,3,R16,140.0,3.0,3.0,91.0,65.0,43.0,12.0,14.0,6.0,9.0,2.0,1.0,87.0,57.0,35.0,11.0,13.0,4.0,9.0
2024-319,Kitzbuhel,Clay,28,250,O,20240722,19,B0BI,,,Sebastian Baez,R,170.0,ARG,23.565,18.0,2210.0,T0A1,,,Thiago Agustin Tirante,R,185.0,ARG,23.283,101.0,608.0,6-3 6-3,3,R16,82.0,4.0,1.0,70.0,49.0,30.0,16.0,9.0,9.0,9.0,2.0,2.0,49.0,27.0,18.0,12.0,9.0,1.0,4.0
2024-319,Kitzbuhel,Clay,28,250,O,20240722,20,G09O,,,Hugo Gaston,L,173.0,FRA,23.819,91.0,665.0,CF59,7.0,,Roberto Carballes Baena,R,183.0,ESP,31.332,51.0,940.0,6-2 7-6(5),3,R16,94.0,5.0,2.0,68.0,34.0,22.0,24.0,10.0,3.0,4.0,2.0,1.0,61.0,35.0,21.0,13.0,10.0,3.0,6.0
2024-319,Kitzbuhel,Clay,28,250,O,20240722,21,H997,,,Yannick Hanfmann,R,193.0,GER,32.69,116.0,536.0,SX91,,,Thiago Seyboth Wild,R,185.0,BRA,24.367,72.0,755.0,7-6(2) 6-4,3,QF,108.0,2.0,0.0,78.0,56.0,39.0,13.0,11.0,6.0,7.0,4.0,2.0,75.0,50.0,35.0,11.0,11.0,4.0,6.0
2024-319,Kitzbuhel,Clay,28,250,O,20240722,22,BK40,,,Matteo Berrettini,R,196.0,ITA,28.277,50.0,965.0,MW18,,,Nicolas Moreno De Alboran,R,185.0,USA,27.023,143.0,430.0,7-6(5) 6-3,3,QF,111.0,7.0,3.0,68.0,47.0,42.0,11.0,11.0,3.0,3.0,2.0,3.0,75.0,46.0,33.0,16.0,10.0,4.0,5.0
2024-319,Kitzbuhel,Clay,28,250,O,20240722,23,D0CG,,,Facundo Diaz Acosta,L,183.0,ARG,23.6,77.0,737.0,MO44,4.0,,Pedro Martinez,R,185.0,ESP,27.239,45.0,1138.0,6-7(2) 6-3 6-4,3,QF,212.0,7.0,3.0,116.0,73.0,52.0,20.0,15.0,7.0,8.0,1.0,8.0,133.0,95.0,59.0,17.0,16.0,15.0,19.0
2024-319,Kitzbuhel,Clay,28,250,O,20240722,24,G09O,,,Hugo Gaston,L,173.0,FRA,23.819,91.0,665.0,B0BI,1.0,,Sebastian Baez,R,170.0,ARG,23.565,18.0,2210.0,7-5 5-7 7-6(6),3,QF,188.0,5.0,2.0,138.0,65.0,44.0,40.0,18.0,12.0,16.0,2.0,7.0,138.0,92.0,60.0,24.0,18.0,7.0,11.0
2024-319,Kitzbuhel,Clay,28,250,O,20240722,25,BK40,,,Matteo Berrettini,R,196.0,ITA,28.277,50.0,965.0,H997,,,Yannick Hanfmann,R,193.0,GER,32.69,116.0,536.0,6-4 6-4,3,SF,90.0,11.0,2.0,54.0,36.0,32.0,9.0,10.0,1.0,1.0,2.0,1.0,61.0,45.0,31.0,9.0,10.0,6.0,8.0
2024-319,Kitzbuhel,Clay,28,250,O,20240722,26,G09O,,,Hugo Gaston,L,173.0,FRA,23.819,91.0,665.0,D0CG,,,Facundo Diaz Acosta,L,183.0,ARG,23.6,77.0,737.0,6-1 2-0 RET,3,SF,35.0,1.0,0.0,22.0,14.0,12.0,6.0,4.0,0.0,0.0,1.0,2.0,26.0,15.0,5.0,4.0,5.0,1.0,5.0
2024-319,Kitzbuhel,Clay,28,250,O,20240722,27,BK40,,,Matteo Berrettini,R,196.0,ITA,28.277,50.0,965.0,G09O,,,Hugo Gaston,L,173.0,FRA,23.819,91.0,665.0,7-5 6-3,3,F,81.0,8.0,0.0,55.0,41.0,33.0,6.0,10.0,2.0,3.0,3.0,2.0,61.0,40.0,25.0,9.0,11.0,0.0,4.0
2024-439,Umag,Clay,28,250,O,20240722,1,MP20,,,Alexandre Muller,R,183.0,FRA,27.469,102.0,606.0,A0FC,8.0,,Matteo Arnaldi,R,185.0,ITA,23.411,40.0,1220.0,7-6(8) 6-4,3,R32,139.0,0.0,1.0,71.0,41.0,29.0,13.0,11.0,1.0,4.0,10.0,6.0,96.0,45.0,29.0,22.0,11.0,9.0,13.0
2024-439,Umag,Clay,28,250,O,20240722,2,M0CI,,,Fabian Marozsan,R,193.0,HUN,24.789,49.0,995.0,S0H2,,,Alexander Shevchenko,R,188.0,KAZ,23.644,58.0,885.0,6-4 4-6 7-6(8),3,R32,137.0,0.0,3.0,102.0,55.0,39.0,22.0,16.0,7.0,12.0,3.0,5.0,107.0,66.0,43.0,20.0,16.0,8.0,13.0
2024-439,Umag,Clay,28,250,O,20240722,3,U182,,,Camilo Ugo Carabelli,R,185.0,ARG,25.098,96.0,645.0,M0N1,,WC,Luka Mikrut,R,188.0,CRO,20.266,350.0,143.0,6-2 7-5,3,R32,100.0,1.0,1.0,67.0,41.0,32.0,12.0,10.0,5.0,6.0,0.0,2.0,59.0,21.0,13.0,20.0,10.0,1.0,5.0
2024-439,Umag,Clay,28,250,O,20240722,4,MJ08,,,Thiago Monteiro,L,183.0,BRA,30.144,79.0,730.0,M0FH,7.0,,Tomas Machac,R,183.0,CZE,23.773,39.0,1229.0,3-6 6-3 6-4,3,R32,136.0,6.0,3.0,92.0,57.0,40.0,18.0,14.0,9.0,12.0,7.0,2.0,79.0,49.0,34.0,16.0,14.0,4.0,8.0
2024-439,Umag,Clay,28,250,O,20240722,5,M0NI,,,Jakub Mensik,R,196.0,CZE,18.888,81.0,721.0,P09Z,,,Alexei Popyrin,R,196.0,AUS,24.964,46.0,1071.0,6-3 6-2,3,R32,83.0,6.0,5.0,59.0,33.0,27.0,14.0,9.0,4.0,4.0,6.0,2.0,55.0,39.0,26.0,7.0,8.0,5.0,8.0
2024-439,Umag,Clay,28,250,O,20240722,6,TA29,,Q,Marco Trungelliti,R,178.0,ARG,34.472,136.0,461.0,A887,,Q,Guido Andreozzi,R,183.0,ARG,32.964,406.0,118.0,4-6 6-3 6-2,3,R32,122.0,4.0,3.0,87.0,57.0,41.0,14.0,14.0,6.0,9.0,5.0,0.0,70.0,44.0,24.0,15.0,13.0,0.0,5.0
2024-439,Umag,Clay,28,250,O,20240722,7,C0E9,,,Flavio Cobolli,R,183.0,ITA,22.212,48.0,1025.0,N0BS,6.0,,Mariano Navone,R,178.0,ARG,23.398,36.0,1292.0,6-2 6-3,3,R32,85.0,1.0,2.0,60.0,27.0,20.0,21.0,9.0,2.0,2.0,1.0,1.0,52.0,38.0,21.0,7.0,8.0,3.0,6.0
2024-439,Umag,Clay,28,250,O,20240722,8,L987,,,Dusan Lajovic,R,183.0,SRB,34.062,53.0,921.0,M0JZ,,Q,Filip Misolic,R,180.0,AUT,22.954,228.0,258.0,6-4 3-6 6-2,3,R32,137.0,0.0,2.0,86.0,59.0,43.0,14.0,13.0,5.0,7.0,0.0,3.0,95.0,56.0,39.0,16.0,14.0,11.0,15.0
2024-439,Umag,Clay,28,250,O,20240722,9,SU87,,,Lorenzo Sonego,R,191.0,ITA,29.199,54.0,921.0,P0GQ,,WC,Mili Poljicak,R,185.0,CRO,20.025,481.0,87.0,6-2 6-7(1) 7-6(9),3,R32,196.0,5.0,2.0,104.0,73.0,55.0,19.0,16.0,2.0,3.0,5.0,3.0,122.0,59.0,43.0,34.0,16.0,4.0,7.0
2024-439,Umag,Clay,28,250,O,20240722,10,D0L3,,WC,Matej Dodig,R,188.0,CRO,19.009,310.0,172.0,CG94,,Q,Enzo Couacaud,R,183.0,FRA,29.394,205.0,292.0,3-6 6-3 6-2,3,R32,130.0,4.0,6.0,97.0,60.0,43.0,19.0,13.0,8.0,9.0,2.0,1.0,79.0,41.0,29.0,21.0,13.0,6.0,9.0
2024-439,Umag,Clay,28,250,O,20240722,11,F510,,,Fabio Fognini,R,178.0,ITA,37.164,70.0,769.0,V0DZ,,,Luca Van Assche,R,178.0,FRA,20.197,104.0,589.0,6-4 6-3,3,R32,111.0,2.0,1.0,78.0,43.0,29.0,19.0,10.0,5.0,6.0,1.0,4.0,59.0,37.0,25.0,9.0,9.0,3.0,6.0
2024-439,Umag,Clay,28,250,O,20240722,12,D0FJ,5.0,,Luciano Darderi,R,183.0,ITA,22.434,33.0,1331.0,A0CJ,,SE,Duje Ajdukovic,R,188.0,CRO,23.458,110.0,571.0,6-1 6-4,3,R32,69.0,4.0,1.0,50.0,34.0,23.0,13.0,9.0,2.0,3.0,2.0,1.0,49.0,26.0,16.0,7.0,8.0,0.0,4.0
2024-439,Umag,Clay,28,250,O,20240722,13,RE44,1.0,,Andrey Rublev,R,188.0,RUS,26.754,9.0,3830.0,U182,,,Camilo Ugo Carabelli,R,185.0,ARG,25.098,96.0,645.0,6-4 7-5,3,R16,106.0,1.0,2.0,71.0,40.0,30.0,15.0,11.0,2.0,4.0,6.0,6.0,72.0,46.0,30.0,10.0,11.0,3.0,7.0
2024-439,Umag,Clay,28,250,O,20240722,14,M0CI,,,Fabian Marozsan,R,193.0,HUN,24.789,49.0,995.0,MJ08,,,Thiago Monteiro,L,183.0,BRA,30.144,79.0,730.0,6-2 7-6(7),3,R16,93.0,5.0,2.0,61.0,37.0,30.0,17.0,10.0,1.0,1.0,5.0,4.0,68.0,45.0,33.0,11.0,10.0,3.0,5.0
2024-439,Umag,Clay,28,250,O,20240722,15,SU87,,,Lorenzo Sonego,R,191.0,ITA,29.199,54.0,921.0,MP20,,,Alexandre Muller,R,183.0,FRA,27.469,102.0,606.0,7-5 6-1,3,R16,94.0,4.0,1.0,53.0,31.0,26.0,15.0,9.0,4.0,4.0,0.0,4.0,60.0,33.0,23.0,10.0,10.0,6.0,10.0
2024-439,Umag,Clay,28,250,O,20240722,16,C0AU,4.0,,Francisco Cerundolo,R,185.0,ARG,25.941,37.0,1290.0,D0L3,,WC,Matej Dodig,R,188.0,CRO,19.009,310.0,172.0,6-3 6-4,3,R16,89.0,1.0,4.0,49.0,31.0,28.0,12.0,10.0,0.0,0.0,2.0,4.0,70.0,46.0,32.0,8.0,9.0,8.0,10.0
2024-439,Umag,Clay,28,250,O,20240722,17,M0EJ,2.0,,Lorenzo Musetti,R,185.0,ITA,22.387,17.0,2265.0,TA29,,Q,Marco Trungelliti,R,178.0,ARG,34.472,136.0,461.0,6-4 6-3,3,R16,112.0,2.0,3.0,50.0,34.0,27.0,8.0,9.0,2.0,3.0,1.0,6.0,89.0,39.0,22.0,24.0,10.0,7.0,11.0
2024-439,Umag,Clay,28,250,O,20240722,18,L987,,,Dusan Lajovic,R,183.0,SRB,34.062,53.0,921.0,C0E9,,,Flavio Cobolli,R,183.0,ITA,22.212,48.0,1025.0,7-6(5) 7-6(3),3,R16,131.0,1.0,0.0,91.0,62.0,41.0,13.0,12.0,5.0,9.0,1.0,2.0,82.0,49.0,34.0,12.0,12.0,3.0,7.0
2024-439,Umag,Clay,28,250,O,20240722,19,M0NI,,,Jakub Mensik,R,196.0,CZE,18.888,81.0,721.0,D0FJ,5.0,,Luciano Darderi,R,183.0,ITA,22.434,33.0,1331.0,6-4 6-3,3,R16,87.0,9.0,1.0,66.0,37.0,28.0,13.0,10.0,2.0,4.0,3.0,1.0,51.0,36.0,22.0,6.0,9.0,1.0,5.0
2024-439,Umag,Clay,28,250,O,20240722,20,T0AP,,,Chun-Hsin Tseng,R,175.0,TPE,22.954,159.0,388.0,F510,,,Fabio Fognini,R,178.0,ITA,37.164,70.0,769.0,6-1 6-0,3,R16,55.0,1.0,0.0,40.0,22.0,15.0,15.0,7.0,0.0,0.0,0.0,2.0,35.0,22.0,10.0,3.0,6.0,2.0,7.0
2024-439,Umag,Clay,28,250,O,20240722,21,C0AU,4.0,,Francisco Cerundolo,R,185.0,ARG,25.941,37.0,1290.0,SU87,,,Lorenzo Sonego,R,191.0,ITA,29.199,54.0,921.0,6-4 2-6 7-6(2),3,QF,153.0,1.0,2.0,95.0,68.0,50.0,16.0,15.0,4.0,6.0,3.0,1.0,88.0,62.0,44.0,19.0,15.0,0.0,1.0
2024-439,Umag,Clay,28,250,O,20240722,22,M0NI,,,Jakub Mensik,R,196.0,CZE,18.888,81.0,721.0,T0AP,,,Chun-Hsin Tseng,R,175.0,TPE,22.954,159.0,388.0,6-0 6-4,3,QF,80.0,2.0,3.0,56.0,35.0,26.0,9.0,8.0,3.0,4.0,2.0,1.0,49.0,31.0,17.0,7.0,8.0,2.0,7.0
2024-439,Umag,Clay,28,250,O,20240722,23,RE44,1.0,,Andrey Rublev,R,188.0,RUS,26.754,9.0,3830.0,M0CI,,,Fabian Marozsan,R,193.0,HUN,24.789,49.0,995.0,5-7 6-3 6-2,3,QF,114.0,10.0,0.0,84.0,46.0,34.0,21.0,14.0,3.0,6.0,4.0,4.0,98.0,51.0,37.0,18.0,15.0,9.0,15.0
2024-439,Umag,Clay,28,250,O,20240722,24,M0EJ,2.0,,Lorenzo Musetti,R,185.0,ITA,22.387,17.0,2265.0,L987,,,Dusan Lajovic,R,183.0,SRB,34.062,53.0,921.0,5-7 6-3 6-0,3,QF,136.0,1.0,0.0,90.0,66.0,43.0,14.0,13.0,2.0,4.0,1.0,0.0,89.0,75.0,42.0,6.0,14.0,11.0,17.0
2024-439,Umag,Clay,28,250,O,20240722,25,C0AU,4.0,,Francisco Cerundolo,R,185.0,ARG,25.941,37.0,1290.0,RE44,1.0,,Andrey Rublev,R,188.0,RUS,26.754,9.0,3830.0,7-6(6) 6-4,3,SF,113.0,4.0,6.0,79.0,43.0,34.0,19.0,11.0,5.0,6.0,3.0,5.0,74.0,43.0,31.0,14.0,11.0,3.0,5.0
2024-439,Umag,Clay,28,250,O,20240722,26,M0EJ,2.0,,Lorenzo Musetti,R,185.0,ITA,22.387,17.0,2265.0,M0NI,,,Jakub Mensik,R,196.0,CZE,18.888,81.0,721.0,6-4 6-1,3,SF,76.0,1.0,0.0,42.0,25.0,19.0,10.0,8.0,0.0,1.0,1.0,2.0,45.0,20.0,11.0,9.0,9.0,0.0,5.0
2024-439,Umag,Clay,28,250,O,20240722,27,C0AU,4.0,,Francisco Cerundolo,R,185.0,ARG,25.941,37.0,1290.0,M0EJ,2.0,,Lorenzo Musetti,R,185.0,ITA,22.387,17.0,2265.0,2-6 6-4 7-6(5),3,F,180.0,1.0,4.0,126.0,91.0,57.0,16.0,15.0,7.0,11.0,3.0,1.0,98.0,62.0,41.0,18.0,15.0,2.0,5.0
2024-6116,Atlanta,Hard,32,250,O,20240722,1,B0GG,,Q,Mattia Bellucci,L,175.0,ITA,23.14,146.0,418.0,V832,,,Aleksandar Vukic,R,188.0,AUS,28.293,60.0,834.0,1-6 6-4 3-1 RET,3,R32,108.0,8.0,1.0,54.0,41.0,27.0,7.0,10.0,1.0,4.0,10.0,1.0,79.0,55.0,36.0,12.0,11.0,5.0,8.0
2024-6116,Atlanta,Hard,32,250,O,20240722,2,RC91,,,Arthur Rinderknech,R,196.0,FRA,28.999,64.0,806.0,W09G,,LL,J.J. Wolf,R,183.0,USA,25.585,120.0,519.0,6-3 6-2,3,R32,72.0,11.0,0.0,41.0,33.0,29.0,3.0,8.0,0.0,0.0,3.0,2.0,50.0,28.0,19.0,7.0,9.0,0.0,4.0
2024-6116,Atlanta,Hard,32,250,O,20240722,3,W09E,,LL,Adam Walton,R,183.0,AUS,25.265,95.0,648.0,KI95,6.0,,Miomir Kecmanovic,R,183.0,SRB,24.893,52.0,935.0,6-4 6-4,3,R32,78.0,6.0,4.0,59.0,39.0,33.0,11.0,10.0,3.0,3.0,4.0,0.0,51.0,33.0,25.0,8.0,10.0,1.0,3.0
2024-6116,Atlanta,Hard,32,250,O,20240722,4,KC56,,,Aslan Karatsev,R,185.0,RUS,30.88,107.0,580.0,HD68,,Q,Billy Harris,R,193.0,GBR,29.489,114.0,551.0,6-2 6-2,3,R32,70.0,6.0,0.0,40.0,28.0,23.0,10.0,8.0,0.0,0.0,3.0,4.0,50.0,32.0,20.0,5.0,8.0,3.0,7.0
2024-6116,Atlanta,Hard,32,250,O,20240722,5,N732,,,Yoshihito Nishioka,L,170.0,JPN,28.819,86.0,699.0,S0K7,,Q,Zachary Svajda,R,175.0,USA,21.645,115.0,541.0,7-6(4) 6-3,3,R32,85.0,9.0,0.0,65.0,44.0,35.0,12.0,11.0,0.0,1.0,5.0,0.0,63.0,49.0,29.0,12.0,10.0,4.0,6.0
2024-6116,Atlanta,Hard,32,250,O,20240722,6,MK66,,,Mackenzie McDonald,R,178.0,USA,29.268,97.0,631.0,N0AE,7.0,,Brandon Nakashima,R,188.0,USA,22.968,55.0,915.0,6-2 6-4,3,R32,72.0,5.0,0.0,57.0,39.0,26.0,15.0,9.0,3.0,3.0,9.0,1.0,48.0,34.0,23.0,5.0,9.0,0.0,3.0
2024-6116,Atlanta,Hard,32,250,O,20240722,7,DH50,5.0,,Alejandro Davidovich Fokina,R,180.0,ESP,25.131,43.0,1150.0,C0H0,,,Arthur Cazaux,R,183.0,FRA,21.914,92.0,657.0,6-2 7-6(4),3,R32,111.0,11.0,0.0,70.0,47.0,39.0,12.0,10.0,5.0,5.0,8.0,1.0,73.0,37.0,28.0,18.0,10.0,1.0,3.0
2024-6116,Atlanta,Hard,32,250,O,20240722,8,O522,,SE,Reilly Opelka,R,211.0,USA,26.899,430.0,107.0,K0AZ,,,Aleksandar Kovacevic,R,183.0,USA,25.897,82.0,718.0,6-3 7-6(5),3,R32,83.0,19.0,1.0,65.0,44.0,38.0,14.0,11.0,2.0,2.0,9.0,3.0,59.0,43.0,37.0,8.0,10.0,3.0,4.0
2024-6116,Atlanta,Hard,32,250,O,20240722,9,M0G4,,LL,Harold Mayot,R,180.0,FRA,22.461,122.0,499.0,CG80,,,Borna Coric,R,188.0,CRO,27.685,84.0,704.0,7-6(9) 6-3,3,R32,123.0,8.0,3.0,70.0,51.0,41.0,13.0,10.0,6.0,6.0,15.0,2.0,84.0,54.0,41.0,13.0,11.0,5.0,7.0
2024-6116,Atlanta,Hard,32,250,O,20240722,10,PH71,8.0,,Max Purcell,R,185.0,AUS,26.303,66.0,795.0,O483,,,Christopher O'Connell,R,183.0,AUS,30.136,93.0,653.0,4-6 7-5 6-2,3,R32,136.0,17.0,1.0,81.0,48.0,40.0,20.0,15.0,2.0,3.0,7.0,4.0,91.0,54.0,36.0,21.0,15.0,4.0,7.0
2024-6116,Atlanta,Hard,32,250,O,20240722,11,GB88,,,David Goffin,R,180.0,BEL,33.624,98.0,630.0,SU55,,WC,Denis Shapovalov,L,185.0,CAN,25.27,140.0,450.0,6-4 3-6 6-1,3,R32,124.0,0.0,2.0,94.0,64.0,44.0,14.0,13.0,7.0,9.0,7.0,4.0,87.0,48.0,33.0,18.0,13.0,7.0,11.0
2024-6116,Atlanta,Hard,32,250,O,20240722,12,S0RE,,Q,Juncheng Shang,L,180.0,CHN,19.466,89.0,678.0,M0NP,,WC,Andres Martin,R,183.0,USA,23.042,483.0,86.0,6-1 6-1,3,R32,55.0,3.0,1.0,43.0,28.0,24.0,7.0,7.0,2.0,2.0,4.0,1.0,35.0,20.0,10.0,2.0,7.0,4.0,9.0
2024-6116,Atlanta,Hard,32,250,O,20240722,13,B0GG,,Q,Mattia Bellucci,L,175.0,ITA,23.14,146.0,418.0,ME82,2.0,,Adrian Mannarino,L,180.0,FRA,36.063,32.0,1340.0,7-6(6) 4-6 6-3,3,R16,161.0,17.0,2.0,111.0,80.0,62.0,17.0,16.0,10.0,11.0,10.0,1.0,94.0,61.0,46.0,19.0,15.0,5.0,6.0
2024-6116,Atlanta,Hard,32,250,O,20240722,14,RC91,,,Arthur Rinderknech,R,196.0,FRA,28.999,64.0,806.0,W09E,,LL,Adam Walton,R,183.0,AUS,25.265,95.0,648.0,7-6(4) 6-3,3,R16,92.0,17.0,0.0,57.0,43.0,40.0,8.0,11.0,0.0,0.0,8.0,0.0,56.0,38.0,33.0,8.0,10.0,3.0,4.0
2024-6116,Atlanta,Hard,32,250,O,20240722,15,TD51,3.0,,Frances Tiafoe,R,188.0,USA,26.502,29.0,1365.0,KC56,,,Aslan Karatsev,R,185.0,RUS,30.88,107.0,580.0,6-4 3-6 6-3,3,R16,125.0,18.0,3.0,84.0,55.0,46.0,12.0,14.0,3.0,4.0,14.0,4.0,91.0,60.0,41.0,19.0,14.0,4.0,6.0
2024-6116,Atlanta,Hard,32,250,O,20240722,16,N732,,,Yoshihito Nishioka,L,170.0,JPN,28.819,86.0,699.0,MK66,,,Mackenzie McDonald,R,178.0,USA,29.268,97.0,631.0,6-3 6-4,3,R16,87.0,0.0,1.0,63.0,37.0,26.0,15.0,10.0,0.0,1.0,4.0,3.0,64.0,41.0,25.0,11.0,9.0,4.0,7.0
2024-6116,Atlanta,Hard,32,250,O,20240722,17,DH50,5.0,,Alejandro Davidovich Fokina,R,180.0,ESP,25.131,43.0,1150.0,O522,,SE,Reilly Opelka,R,211.0,USA,26.899,430.0,107.0,7-5 7-5,3,R16,106.0,3.0,1.0,75.0,55.0,41.0,14.0,12.0,4.0,4.0,16.0,3.0,70.0,43.0,35.0,13.0,12.0,8.0,10.0
2024-6116,Atlanta,Hard,32,250,O,20240722,18,TC61,4.0,,Jordan Thompson,R,183.0,AUS,30.256,41.0,1191.0,M0G4,,LL,Harold Mayot,R,180.0,FRA,22.461,122.0,499.0,6-2 7-5,3,R16,85.0,9.0,1.0,50.0,37.0,31.0,10.0,10.0,0.0,0.0,1.0,3.0,60.0,39.0,24.0,11.0,10.0,0.0,3.0
2024-6116,Atlanta,Hard,32,250,O,20240722,19,PH71,8.0,,Max Purcell,R,185.0,AUS,26.303,66.0,795.0,GB88,,,David Goffin,R,180.0,BEL,33.624,98.0,630.0,6-3 6-3,3,R16,61.0,8.0,0.0,47.0,29.0,24.0,12.0,9.0,0.0,0.0,4.0,1.0,47.0,36.0,24.0,4.0,9.0,0.0,3.0
2024-6116,Atlanta,Hard,32,250,O,20240722,20,S0RE,,Q,Juncheng Shang,L,180.0,CHN,19.466,89.0,678.0,S0S1,1.0,,Ben Shelton,L,193.0,USA,21.785,14.0,2750.0,7-6(6) 6-4,3,R16,98.0,2.0,1.0,65.0,36.0,26.0,21.0,11.0,0.0,1.0,13.0,1.0,66.0,48.0,36.0,8.0,11.0,2.0,4.0
2024-6116,Atlanta,Hard,32,250,O,20240722,21,RC91,,,Arthur Rinderknech,R,196.0,FRA,28.999,64.0,806.0,B0GG,,Q,Mattia Bellucci,L,175.0,ITA,23.14,146.0,418.0,7-6(5) 3-6 6-1,3,QF,143.0,21.0,1.0,98.0,64.0,47.0,18.0,14.0,7.0,9.0,6.0,2.0,85.0,47.0,31.0,24.0,14.0,4.0,7.0
2024-6116,Atlanta,Hard,32,250,O,20240722,22,N732,,,Yoshihito Nishioka,L,170.0,JPN,28.819,86.0,699.0,TD51,3.0,,Frances Tiafoe,R,188.0,USA,26.502,29.0,1365.0,7-6(2) 6-2,3,QF,84.0,9.0,0.0,58.0,39.0,33.0,12.0,10.0,1.0,1.0,11.0,1.0,65.0,43.0,30.0,10.0,10.0,4.0,6.0
2024-6116,Atlanta,Hard,32,250,O,20240722,23,TC61,4.0,,Jordan Thompson,R,183.0,AUS,30.256,41.0,1191.0,DH50,5.0,,Alejandro Davidovich Fokina,R,180.0,ESP,25.131,43.0,1150.0,7-6(5) 4-6 6-3,3,QF,183.0,21.0,0.0,96.0,61.0,44.0,22.0,16.0,1.0,3.0,4.0,5.0,113.0,76.0,49.0,22.0,15.0,12.0,14.0
2024-6116,Atlanta,Hard,32,250,O,20240722,24,S0RE,,Q,Juncheng Shang,L,180.0,CHN,19.466,89.0,678.0,PH71,8.0,,Max Purcell,R,185.0,AUS,26.303,66.0,795.0,7-6(3) 6-4,3,QF,121.0,4.0,3.0,75.0,45.0,33.0,18.0,11.0,2.0,3.0,12.0,2.0,79.0,41.0,32.0,17.0,11.0,8.0,10.0
2024-6116,Atlanta,Hard,32,250,O,20240722,25,N732,,,Yoshihito Nishioka,L,170.0,JPN,28.819,86.0,699.0,RC91,,,Arthur Rinderknech,R,196.0,FRA,28.999,64.0,806.0,6-3 4-6 6-4,3,SF,139.0,2.0,0.0,90.0,60.0,41.0,17.0,14.0,4.0,6.0,12.0,5.0,89.0,51.0,38.0,18.0,15.0,4.0,8.0
2024-6116,Atlanta,Hard,32,250,O,20240722,26,TC61,4.0,,Jordan Thompson,R,183.0,AUS,30.256,41.0,1191.0,S0RE,,Q,Juncheng Shang,L,180.0,CHN,19.466,89.0,678.0,6-3 4-6 6-3,3,SF,141.0,13.0,1.0,85.0,64.0,50.0,10.0,14.0,2.0,3.0,6.0,5.0,97.0,59.0,43.0,17.0,14.0,9.0,12.0
2024-6116,Atlanta,Hard,32,250,O,20240722,27,N732,,,Yoshihito Nishioka,L,170.0,JPN,28.819,86.0,699.0,TC61,4.0,,Jordan Thompson,R,183.0,AUS,30.256,41.0,1191.0,4-6 7-6(2) 6-2,3,F,160.0,1.0,1.0,110.0,74.0,54.0,21.0,15.0,10.0,11.0,16.0,0.0,86.0,61.0,47.0,12.0,15.0,4.0,6.0
2024-96,Paris Olympics,Clay,64,O,O,20240729,1,D643,1.0,,Novak Djokovic,R,188.0,SRB,37.188,2.0,8460.0,E690,,ALT,Matthew Ebden,R,188.0,AUS,36.674,,,6-0 6-1,3,R64,,4.0,0.0,30.0,25.0,20.0,5.0,6.0,0.0,0.0,0.0,3.0,46.0,38.0,14.0,2.0,7.0,4.0,10.0
2024-96,Paris Olympics,Clay,64,O,O,20240729,2,N409,,PR,Rafael Nadal,L,185.0,ESP,38.155,161.0,380.0,F724,,,Marton Fucsovics,R,188.0,HUN,32.471,86.0,685.0,6-1 4-6 6-4,3,R64,,1.0,3.0,92.0,66.0,46.0,15.0,14.0,8.0,10.0,1.0,1.0,83.0,53.0,33.0,14.0,13.0,4.0,8.0
2024-96,Paris Olympics,Clay,64,O,O,20240729,3,KE73,,,Dominik Koepfer,L,180.0,GER,30.251,70.0,776.0,R975,,PR,Milos Raonic,R,196.0,CAN,33.588,177.0,340.0,6-7(2) 7-6(5) 7-6(1),3,R64,,12.0,6.0,107.0,67.0,59.0,24.0,18.0,0.0,0.0,29.0,10.0,126.0,83.0,69.0,19.0,18.0,3.0,3.0
2024-96,Paris Olympics,Clay,64,O,O,20240729,4,A0FC,,,Matteo Arnaldi,R,185.0,ITA,23.431,45.0,1155.0,F0F1,14.0,,Arthur Fils,R,185.0,FRA,20.129,23.0,1770.0,6-4 7-6(7),3,R64,,6.0,1.0,67.0,37.0,32.0,18.0,11.0,1.0,1.0,3.0,0.0,75.0,55.0,40.0,10.0,11.0,5.0,6.0
2024-96,Paris Olympics,Clay,64,O,O,20240729,5,B0BI,12.0,,Sebastian Baez,R,170.0,ARG,23.584,18.0,2250.0,MJ08,,ITF,Thiago Monteiro,L,183.0,BRA,30.163,77.0,745.0,6-4 6-3,3,R64,,8.0,0.0,60.0,44.0,38.0,7.0,10.0,7.0,7.0,4.0,2.0,52.0,38.0,25.0,9.0,9.0,2.0,4.0
2024-96,Paris Olympics,Clay,64,O,O,20240729,6,HG94,,UP,Benjamin Hassan,R,183.0,LBN,29.481,170.0,353.0,E865,,,Christopher Eubanks,R,201.0,USA,28.233,110.0,540.0,6-4 6-2,3,R64,,2.0,0.0,49.0,40.0,31.0,5.0,9.0,4.0,5.0,4.0,1.0,52.0,46.0,27.0,2.0,9.0,2.0,6.0
2024-96,Paris Olympics,Clay,64,O,O,20240729,7,E687,,,Daniel Evans,R,175.0,GBR,34.185,58.0,844.0,EA13,,ITF,Moez Echargui,R,178.0,TUN,31.548,382.0,127.0,6-2 4-6 6-2,3,R64,,8.0,3.0,90.0,57.0,43.0,14.0,13.0,11.0,13.0,3.0,3.0,81.0,44.0,31.0,15.0,13.0,5.0,10.0
2024-96,Paris Olympics,Clay,64,O,O,20240729,8,TE51,8.0,,Stefanos Tsitsipas,R,193.0,GRE,25.963,11.0,3705.0,BU13,,,Zizou Bergs,R,185.0,BEL,25.155,88.0,672.0,7-6(6) 1-6 6-1,3,R64,,5.0,3.0,102.0,68.0,41.0,19.0,13.0,7.0,10.0,7.0,2.0,88.0,57.0,38.0,16.0,13.0,4.0,7.0
2024-96,Paris Olympics,Clay,64,O,O,20240729,9,Z355,3.0,,Alexander Zverev,R,198.0,GER,27.274,4.0,6845.0,MU94,,,Jaume Munar,R,183.0,ESP,27.233,72.0,767.0,6-2 6-2,3,R64,,8.0,0.0,46.0,31.0,25.0,10.0,8.0,1.0,1.0,3.0,3.0,66.0,45.0,24.0,9.0,8.0,5.0,9.0
2024-96,Paris Olympics,Clay,64,O,O,20240729,10,M0FH,,,Tomas Machac,R,183.0,CZE,23.792,39.0,1229.0,Z371,,ITF,Zhizhen Zhang,R,193.0,CHN,27.784,41.0,1181.0,6-2 4-6 6-2,3,R64,,4.0,0.0,69.0,65.0,44.0,3.0,13.0,4.0,7.0,1.0,1.0,84.0,81.0,46.0,0.0,13.0,6.0,12.0
2024-96,Paris Olympics,Clay,64,O,O,20240729,11,W367,,ITF,Stan Wawrinka,R,183.0,SUI,39.337,149.0,423.0,K09F,,,Pavel Kotov,R,191.0,RUS,25.695,64.0,814.0,6-1 6-1,3,R64,,4.0,0.0,34.0,18.0,16.0,12.0,7.0,0.0,0.0,0.0,2.0,39.0,22.0,10.0,7.0,7.0,0.0,5.0
2024-96,Paris Olympics,Clay,64,O,O,20240729,12,P09Z,,,Alexei Popyrin,R,196.0,AUS,24.983,63.0,821.0,J551,16.0,,Nicolas Jarry,R,201.0,CHI,28.799,24.0,1745.0,6-3 7-6(5),3,R64,,6.0,3.0,55.0,35.0,31.0,9.0,10.0,2.0,4.0,3.0,1.0,71.0,41.0,24.0,16.0,11.0,6.0,10.0
2024-96,Paris Olympics,Clay,64,O,O,20240729,13,M0EJ,11.0,,Lorenzo Musetti,R,185.0,ITA,22.407,16.0,2340.0,MC65,,,Gael Monfils,R,193.0,FRA,37.908,31.0,1360.0,6-1 6-4,3,R64,,3.0,1.0,50.0,30.0,22.0,14.0,9.0,2.0,3.0,3.0,1.0,70.0,47.0,24.0,10.0,8.0,7.0,11.0
2024-96,Paris Olympics,Clay,64,O,O,20240729,14,N0BS,,,Mariano Navone,R,178.0,ARG,23.417,37.0,1292.0,BT72,,,Nuno Borges,R,185.0,POR,27.439,43.0,1176.0,6-2 6-2,3,R64,,0.0,1.0,49.0,44.0,32.0,2.0,8.0,0.0,0.0,0.0,0.0,46.0,41.0,20.0,3.0,8.0,4.0,8.0
2024-96,Paris Olympics,Clay,64,O,O,20240729,15,D0CO,,,Jack Draper,L,193.0,GBR,22.601,27.0,1511.0,N552,,PR,Kei Nishikori,R,178.0,JPN,34.582,581.0,60.0,6-1 6-4,3,R64,,3.0,1.0,59.0,53.0,39.0,3.0,9.0,4.0,4.0,0.0,0.0,48.0,43.0,25.0,2.0,8.0,2.0,5.0
2024-96,Paris Olympics,Clay,64,O,O,20240729,16,FB98,7.0,,Taylor Fritz,R,196.0,USA,26.752,12.0,3500.0,BK92,,,Alexander Bublik,R,196.0,KAZ,27.116,25.0,1650.0,6-4 6-4,3,R64,,12.0,1.0,47.0,32.0,29.0,12.0,10.0,2.0,2.0,6.0,1.0,55.0,41.0,31.0,5.0,10.0,3.0,5.0
2024-96,Paris Olympics,Clay,64,O,O,20240729,17,RH16,6.0,,Casper Ruud,R,183.0,NOR,25.602,9.0,3880.0,DA81,,,Taro Daniel,R,191.0,JPN,31.502,90.0,669.0,7-5 6-1,3,R64,,8.0,3.0,59.0,37.0,26.0,15.0,10.0,0.0,1.0,0.0,1.0,65.0,40.0,20.0,14.0,9.0,2.0,6.0
2024-96,Paris Olympics,Clay,64,O,O,20240729,18,VA08,,ALT,Andrea Vavassori,R,193.0,ITA,29.235,206.0,291.0,MO44,,,Pedro Martinez,R,185.0,ESP,27.258,42.0,1178.0,6-4 4-6 6-4,3,R64,,15.0,2.0,105.0,63.0,45.0,22.0,15.0,7.0,9.0,0.0,4.0,78.0,57.0,42.0,11.0,15.0,1.0,4.0
2024-96,Paris Olympics,Clay,64,O,O,20240729,19,C0AU,,,Francisco Cerundolo,R,185.0,ARG,25.96,26.0,1540.0,BS86,,ITF,Tomas Barrios Vera,R,191.0,CHI,26.634,165.0,363.0,6-2 6-1,3,R64,,1.0,1.0,42.0,33.0,21.0,6.0,7.0,2.0,4.0,0.0,1.0,63.0,44.0,19.0,7.0,8.0,9.0,16.0
2024-96,Paris Olympics,Clay,64,O,O,20240729,20,HH26,10.0,,Ugo Humbert,L,188.0,FRA,26.092,15.0,2405.0,M0CI,,,Fabian Marozsan,R,193.0,HUN,24.808,47.0,1025.0,6-3 6-2,3,R64,,3.0,0.0,54.0,37.0,29.0,8.0,9.0,6.0,7.0,2.0,1.0,52.0,33.0,20.0,6.0,8.0,2.0,6.0
2024-96,Paris Olympics,Clay,64,O,O,20240729,21,AG37,,,Felix Auger-Aliassime,R,193.0,CAN,23.973,19.0,2115.0,GC88,,,Marcos Giron,R,180.0,USA,31.014,38.0,1265.0,6-1 6-4,3,R64,,12.0,0.0,40.0,28.0,26.0,11.0,9.0,0.0,0.0,0.0,1.0,54.0,34.0,23.0,8.0,8.0,3.0,6.0
2024-96,Paris Olympics,Clay,64,O,O,20240729,22,MN13,,,Maximilian Marterer,L,188.0,GER,29.123,116.0,517.0,L987,,,Dusan Lajovic,R,183.0,SRB,34.081,52.0,926.0,6-3 6-7(6) 6-3,3,R64,,4.0,3.0,122.0,67.0,46.0,29.0,16.0,8.0,11.0,0.0,4.0,112.0,80.0,52.0,13.0,14.0,10.0,15.0
2024-96,Paris Olympics,Clay,64,O,O,20240729,23,O513,,,Sebastian Ofner,R,191.0,AUT,28.214,55.0,904.0,H756,,ALT,Robin Haase,R,191.0,NED,37.314,1199.0,7.0,7-5 6-2,3,R64,,6.0,1.0,62.0,27.0,22.0,19.0,10.0,6.0,7.0,5.0,5.0,68.0,43.0,26.0,11.0,10.0,6.0,10.0
2024-96,Paris Olympics,Clay,64,O,O,20240729,24,MM58,4.0,,Daniil Medvedev,R,198.0,RUS,28.463,5.0,6525.0,H0BH,,,Rinky Hijikata,R,178.0,AUS,23.428,80.0,741.0,6-2 6-1,3,R64,,3.0,0.0,39.0,25.0,18.0,9.0,7.0,0.0,1.0,0.0,0.0,46.0,28.0,9.0,8.0,8.0,4.0,10.0
2024-96,Paris Olympics,Clay,64,O,O,20240729,25,SL28,,,Jan-Lennard Struff,R,193.0,GER,34.261,35.0,1310.0,CL84,,,Francisco Cabral,R,191.0,POR,27.554,,,6-2 6-2,3,R64,,5.0,4.0,52.0,37.0,28.0,9.0,8.0,1.0,1.0,4.0,4.0,68.0,39.0,24.0,9.0,8.0,6.0,10.0
2024-96,Paris Olympics,Clay,64,O,O,20240729,26,MW02,,,Corentin Moutet,L,180.0,FRA,25.279,69.0,778.0,N897,,,Sumit Nagal,R,178.0,IND,26.951,75.0,747.0,6-2 2-6 7-5,3,R64,,3.0,5.0,91.0,58.0,41.0,15.0,14.0,9.0,12.0,1.0,0.0,89.0,69.0,42.0,11.0,14.0,5.0,9.0
2024-96,Paris Olympics,Clay,64,O,O,20240729,27,M0NI,,,Jakub Mensik,R,196.0,CZE,18.908,65.0,796.0,S0H2,,,Alexander Shevchenko,R,188.0,KAZ,23.663,56.0,885.0,6-3 6-4,3,R64,,2.0,0.0,53.0,50.0,36.0,2.0,10.0,0.0,1.0,0.0,1.0,59.0,52.0,32.0,4.0,9.0,8.0,11.0
2024-96,Paris Olympics,Clay,64,O,O,20240729,28,PL56,9.0,,Tommy Paul,R,185.0,USA,27.201,13.0,3410.0,D0FJ,,,Luciano Darderi,R,183.0,ITA,22.453,34.0,1331.0,6-3 6-4,3,R64,,4.0,1.0,61.0,36.0,26.0,15.0,10.0,1.0,2.0,2.0,0.0,65.0,43.0,26.0,12.0,9.0,9.0,12.0
2024-96,Paris Olympics,Clay,64,O,O,20240729,29,SX50,,,Roman Safiullin,R,185.0,RUS,26.976,66.0,785.0,TE30,15.0,,Alejandro Tabilo,L,188.0,CHI,27.157,20.0,1918.0,6-4 6-4,3,R64,,10.0,0.0,61.0,41.0,32.0,13.0,10.0,2.0,2.0,8.0,0.0,76.0,56.0,36.0,9.0,10.0,8.0,10.0
2024-96,Paris Olympics,Clay,64,O,O,20240729,30,EA24,,,Tomas Martin Etcheverry,R,196.0,ARG,25.032,36.0,1300.0,SX91,,,Thiago Seyboth Wild,R,185.0,BRA,24.386,67.0,785.0,7-6(7) 6-2,3,R64,,2.0,0.0,61.0,40.0,31.0,13.0,10.0,1.0,2.0,3.0,3.0,67.0,37.0,25.0,15.0,10.0,3.0,6.0
2024-96,Paris Olympics,Clay,64,O,O,20240729,31,GJ37,,,Tallon Griekspoor,R,188.0,NED,28.074,28.0,1510.0,TG77,,ALT,Petros Tsitsipas,R,185.0,GRE,24.005,,,6-2 6-3,3,R64,,8.0,1.0,44.0,30.0,26.0,10.0,9.0,0.0,0.0,4.0,4.0,52.0,36.0,23.0,6.0,8.0,5.0,8.0
2024-96,Paris Olympics,Clay,64,O,O,20240729,32,A0E2,2.0,,Carlos Alcaraz,R,183.0,ESP,21.235,3.0,8130.0,HF80,,ALT,Hady Habib,R,188.0,LBN,25.938,274.0,204.0,6-3 6-1,3,R64,,5.0,2.0,47.0,32.0,26.0,10.0,8.0,4.0,4.0,3.0,3.0,63.0,42.0,21.0,10.0,8.0,9.0,13.0
2024-96,Paris Olympics,Clay,64,O,O,20240729,33,D643,1.0,,Novak Djokovic,R,188.0,SRB,37.188,2.0,8460.0,N409,,PR,Rafael Nadal,L,185.0,ESP,38.155,161.0,380.0,6-1 6-4,3,R32,,5.0,1.0,48.0,29.0,24.0,10.0,9.0,1.0,3.0,1.0,2.0,58.0,42.0,20.0,5.0,8.0,7.0,12.0
2024-96,Paris Olympics,Clay,64,O,O,20240729,34,KE73,,,Dominik Koepfer,L,180.0,GER,30.251,70.0,776.0,A0FC,,,Matteo Arnaldi,R,185.0,ITA,23.431,45.0,1155.0,3-6 6-2 6-1,3,R32,,2.0,1.0,67.0,43.0,30.0,16.0,12.0,4.0,6.0,7.0,4.0,81.0,48.0,34.0,10.0,12.0,7.0,12.0
2024-96,Paris Olympics,Clay,64,O,O,20240729,35,B0BI,12.0,,Sebastian Baez,R,170.0,ARG,23.584,18.0,2250.0,HG94,,UP,Benjamin Hassan,R,183.0,LBN,29.481,170.0,353.0,6-2 3-6 7-6(3),3,R32,,4.0,5.0,99.0,76.0,57.0,12.0,14.0,2.0,3.0,3.0,3.0,106.0,71.0,47.0,19.0,15.0,7.0,9.0
2024-96,Paris Olympics,Clay,64,O,O,20240729,36,TE51,8.0,,Stefanos Tsitsipas,R,193.0,GRE,25.963,11.0,3705.0,E687,,,Daniel Evans,R,175.0,GBR,34.185,58.0,844.0,6-1 6-2,3,R32,,2.0,0.0,38.0,28.0,25.0,6.0,8.0,0.0,0.0,3.0,2.0,41.0,24.0,16.0,5.0,7.0,1.0,5.0
2024-96,Paris Olympics,Clay,64,O,O,20240729,37,Z355,3.0,,Alexander Zverev,R,198.0,GER,27.274,4.0,6845.0,M0FH,,,Tomas Machac,R,183.0,CZE,23.792,39.0,1229.0,6-3 7-5,3,R32,,0.0,0.0,57.0,52.0,37.0,3.0,11.0,0.0,2.0,0.0,1.0,62.0,58.0,28.0,3.0,10.0,3.0,7.0
2024-96,Paris Olympics,Clay,64,O,O,20240729,38,P09Z,,,Alexei Popyrin,R,196.0,AUS,24.983,63.0,821.0,W367,,ITF,Stan Wawrinka,R,183.0,SUI,39.337,149.0,423.0,6-4 7-5,3,R32,,9.0,3.0,63.0,45.0,36.0,11.0,11.0,0.0,0.0,8.0,0.0,60.0,39.0,31.0,11.0,11.0,0.0,2.0
2024-96,Paris Olympics,Clay,64,O,O,20240729,39,M0EJ,11.0,,Lorenzo Musetti,R,185.0,ITA,22.407,16.0,2340.0,N0BS,,,Mariano Navone,R,178.0,ARG,23.417,37.0,1292.0,7-6(2) 6-3,3,R32,,2.0,0.0,71.0,46.0,33.0,12.0,11.0,1.0,3.0,3.0,1.0,65.0,44.0,28.0,8.0,10.0,1.0,4.0
2024-96,Paris Olympics,Clay,64,O,O,20240729,40,FB98,7.0,,Taylor Fritz,R,196.0,USA,26.752,12.0,3500.0,D0CO,,,Jack Draper,L,193.0,GBR,22.601,27.0,1511.0,6-7(3) 6-3 6-2,3,R32,,16.0,3.0,95.0,75.0,59.0,17.0,15.0,9.0,9.0,10.0,1.0,66.0,51.0,41.0,14.0,14.0,1.0,4.0
2024-96,Paris Olympics,Clay,64,O,O,20240729,41,RH16,6.0,,Casper Ruud,R,183.0,NOR,25.602,9.0,3880.0,VA08,,ALT,Andrea Vavassori,R,193.0,ITA,29.235,206.0,291.0,4-6 6-4 6-3,3,R32,,2.0,0.0,78.0,63.0,49.0,11.0,15.0,1.0,2.0,3.0,1.0,86.0,55.0,41.0,15.0,14.0,5.0,7.0
2024-96,Paris Olympics,Clay,64,O,O,20240729,42,C0AU,,,Francisco Cerundolo,R,185.0,ARG,25.96,26.0,1540.0,HH26,10.0,,Ugo Humbert,L,188.0,FRA,26.092,15.0,2405.0,7-5 6-7(5) 7-5,3,R32,,6.0,3.0,103.0,73.0,56.0,19.0,18.0,2.0,3.0,8.0,3.0,110.0,65.0,50.0,21.0,18.0,1.0,4.0
2024-96,Paris Olympics,Clay,64,O,O,20240729,43,AG37,,,Felix Auger-Aliassime,R,193.0,CAN,23.973,19.0,2115.0,MN13,,,Maximilian Marterer,L,188.0,GER,29.123,116.0,517.0,6-0 6-1,3,R32,,7.0,0.0,37.0,28.0,21.0,6.0,6.0,0.0,0.0,1.0,0.0,50.0,40.0,19.0,1.0,7.0,6.0,12.0
2024-96,Paris Olympics,Clay,64,O,O,20240729,44,MM58,4.0,,Daniil Medvedev,R,198.0,RUS,28.463,5.0,6525.0,O513,,,Sebastian Ofner,R,191.0,AUT,28.214,55.0,904.0,6-2 6-2,3,R32,,0.0,0.0,46.0,44.0,32.0,2.0,8.0,2.0,2.0,0.0,0.0,58.0,57.0,28.0,1.0,8.0,3.0,7.0
2024-96,Paris Olympics,Clay,64,O,O,20240729,45,MW02,,,Corentin Moutet,L,180.0,FRA,25.279,69.0,778.0,SL28,,,Jan-Lennard Struff,R,193.0,GER,34.261,35.0,1310.0,W/O,3,R32,,,,,,,,,,,,,,,,,,,
2024-96,Paris Olympics,Clay,64,O,O,20240729,46,PL56,9.0,,Tommy Paul,R,185.0,USA,27.201,13.0,3410.0,M0NI,,,Jakub Mensik,R,196.0,CZE,18.908,65.0,796.0,6-3 6-1,3,R32,,5.0,1.0,44.0,41.0,32.0,2.0,8.0,1.0,1.0,3.0,4.0,60.0,54.0,30.0,1.0,8.0,8.0,12.0
2024-96,Paris Olympics,Clay,64,O,O,20240729,47,SX50,,,Roman Safiullin,R,185.0,RUS,26.976,66.0,785.0,EA24,,,Tomas Martin Etcheverry,R,196.0,ARG,25.032,36.0,1300.0,6-0 7-6(1),3,R32,,4.0,2.0,67.0,40.0,26.0,18.0,9.0,5.0,7.0,1.0,2.0,60.0,42.0,21.0,7.0,9.0,3.0,8.0
2024-96,Paris Olympics,Clay,64,O,O,20240729,48,A0E2,2.0,,Carlos Alcaraz,R,183.0,ESP,21.235,3.0,8130.0,GJ37,,,Tallon Griekspoor,R,188.0,NED,28.074,28.0,1510.0,6-1 7-6(3),3,R32,,2.0,0.0,32.0,26.0,18.0,5.0,5.0,1.0,1.0,1.0,3.0,30.0,19.0,15.0,2.0,5.0,1.0,3.0
2024-96,Paris Olympics,Clay,64,O,O,20240729,49,D643,1.0,,Novak Djokovic,R,188.0,SRB,37.188,2.0,8460.0,KE73,,,Dominik Koepfer,L,180.0,GER,30.251,70.0,776.0,7-5 6-3,3,R16,,5.0,0.0,56.0,36.0,31.0,20.0,11.0,1.0,2.0,7.0,2.0,59.0,39.0,27.0,18.0,10.0,1.0,4.0
2024-96,Paris Olympics,Clay,64,O,O,20240729,50,TE51,8.0,,Stefanos Tsitsipas,R,193.0,GRE,25.963,11.0,3705.0,B0BI,12.0,,Sebastian Baez,R,170.0,ARG,23.584,18.0,2250.0,7-5 6-1,3,R16,,5.0,5.0,59.0,36.0,32.0,18.0,10.0,3.0,5.0,2.0,0.0,56.0,46.0,24.0,10.0,9.0,2.0,7.0
2024-96,Paris Olympics,Clay,64,O,O,20240729,51,Z355,3.0,,Alexander Zverev,R,198.0,GER,27.274,4.0,6845.0,P09Z,,,Alexei Popyrin,R,196.0,AUS,24.983,63.0,821.0,7-5 6-3,3,R16,,,,,,,,,,,,,,,,,,,
2024-96,Paris Olympics,Clay,64,O,O,20240729,52,M0EJ,11.0,,Lorenzo Musetti,R,185.0,ITA,22.407,16.0,2340.0,FB98,7.0,,Taylor Fritz,R,196.0,USA,26.752,12.0,3500.0,6-4 7-5,3,R16,,4.0,0.0,58.0,52.0,37.0,4.0,11.0,1.0,2.0,1.0,0.0,58.0,53.0,35.0,3.0,11.0,1.0,4.0
2024-96,Paris Olympics,Clay,64,O,O,20240729,53,RH16,6.0,,Casper Ruud,R,183.0,NOR,25.602,9.0,3880.0,C0AU,,,Francisco Cerundolo,R,185.0,ARG,25.96,26.0,1540.0,6-3 6-4,3,R16,,3.0,4.0,62.0,43.0,34.0,12.0,,3.0,3.0,4.0,1.0,52.0,38.0,25.0,8.0,,2.0,4.0
2024-96,Paris Olympics,Clay,64,O,O,20240729,54,AG37,,,Felix Auger-Aliassime,R,193.0,CAN,23.973,19.0,2115.0,MM58,,,Daniil Medvedev,R,198.0,RUS,28.463,5.0,6525.0,6-3 7-6(5),3,R16,,9.0,2.0,62.0,43.0,38.0,10.0,5.0,0.0,0.0,5.0,3.0,70.0,49.0,36.0,9.0,4.0,3.0,4.0
2024-96,Paris Olympics,Clay,64,O,O,20240729,55,PL56,9.0,,Tommy Paul,R,185.0,USA,27.201,13.0,3410.0,MW02,,,Corentin Moutet,L,180.0,FRA,25.279,69.0,778.0,7-6(5) 6-3,3,R16,,3.0,1.0,79.0,74.0,49.0,2.0,11.0,3.0,5.0,0.0,1.0,76.0,64.0,39.0,4.0,10.0,9.0,12.0
2024-96,Paris Olympics,Clay,64,O,O,20240729,56,A0E2,2.0,,Carlos Alcaraz,R,183.0,ESP,21.235,3.0,8130.0,SX50,,,Roman Safiullin,R,185.0,RUS,26.976,66.0,785.0,6-4 6-2,3,R16,,5.0,0.0,47.0,30.0,24.0,8.0,9.0,0.0,1.0,0.0,4.0,58.0,41.0,22.0,7.0,9.0,4.0,8.0
2024-96,Paris Olympics,Clay,64,O,O,20240729,57,D643,1.0,,Novak Djokovic,R,188.0,SRB,37.188,2.0,8460.0,TE51,8.0,,Stefanos Tsitsipas,R,193.0,GRE,25.963,11.0,3705.0,6-3 7-6(3),3,QF,,6.0,1.0,80.0,57.0,37.0,13.0,11.0,4.0,6.0,3.0,3.0,71.0,47.0,29.0,10.0,10.0,3.0,6.0
2024-96,Paris Olympics,Clay,64,O,O,20240729,58,M0EJ,11.0,,Lorenzo Musetti,R,185.0,ITA,22.407,16.0,2340.0,Z355,3.0,,Alexander Zverev,R,198.0,GER,27.274,4.0,6845.0,7-5 7-5,3,QF,,,,,,,,,,,,,,,,,,,
2024-96,Paris Olympics,Clay,64,O,O,20240729,59,AG37,,,Felix Auger-Aliassime,R,193.0,CAN,23.973,19.0,2115.0,RH16,,,Casper Ruud,R,183.0,NOR,25.602,9.0,3880.0,6-4 6-7(8) 6-3,3,QF,,14.0,4.0,89.0,57.0,47.0,19.0,16.0,0.0,1.0,8.0,2.0,110.0,72.0,48.0,23.0,15.0,13.0,16.0
2024-96,Paris Olympics,Clay,64,O,O,20240729,60,A0E2,2.0,,Carlos Alcaraz,R,183.0,ESP,21.235,3.0,8130.0,PL56,9.0,,Tommy Paul,R,185.0,USA,27.201,13.0,3410.0,6-3 7-6(7),3,QF,,6.0,2.0,79.0,59.0,42.0,11.0,11.0,4.0,5.0,2.0,0.0,68.0,46.0,33.0,12.0,10.0,3.0,5.0
2024-96,Paris Olympics,Clay,64,O,O,20240729,61,D643,1.0,,Novak Djokovic,R,188.0,SRB,37.188,2.0,8460.0,M0EJ,11.0,,Lorenzo Musetti,R,185.0,ITA,22.407,16.0,2340.0,6-4 6-2,3,SF,,3.0,0.0,55.0,37.0,23.0,12.0,9.0,2.0,4.0,0.0,2.0,65.0,38.0,22.0,10.0,9.0,8.0,13.0
2024-96,Paris Olympics,Clay,64,O,O,20240729,62,A0E2,,,Carlos Alcaraz,R,183.0,ESP,21.235,3.0,8130.0,AG37,,,Felix Auger-Aliassime,R,193.0,CAN,23.973,19.0,2115.0,6-1 6-1,3,SF,,2.0,2.0,38.0,22.0,17.0,11.0,7.0,0.0,0.0,1.0,4.0,55.0,35.0,21.0,4.0,7.0,4.0,9.0
2024-96,Paris Olympics,Clay,64,O,O,20240729,63,M0EJ,,,Lorenzo Musetti,R,185.0,ITA,22.407,16.0,2340.0,AG37,,,Felix Auger-Aliassime,R,193.0,CAN,23.973,19.0,2115.0,6-4 1-6 6-3,3,BR,,2.0,2.0,81.0,54.0,39.0,11.0,13.0,1.0,4.0,9.0,2.0,81.0,55.0,42.0,8.0,13.0,9.0,12.0
2024-96,Paris Olympics,Clay,64,O,O,20240729,64,D643,1.0,,Novak Djokovic,R,188.0,SRB,37.188,2.0,8460.0,A0E2,2.0,,Carlos Alcaraz,R,183.0,ESP,21.235,3.0,8130.0,7-6(3) 7-6(2),3,F,170.0,1.0,2.0,93.0,69.0,54.0,12.0,12.0,8.0,8.0,1.0,1.0,98.0,65.0,47.0,16.0,12.0,6.0,6.0
2024-418,Washington,Hard,48,500,O,20240729,1,W09G,,,J.J. Wolf,R,183.0,USA,25.604,143.0,436.0,S0K7,,,Zachary Svajda,R,175.0,USA,21.665,109.0,547.0,6-4 7-5,3,R64,99.0,10.0,4.0,75.0,40.0,28.0,20.0,11.0,5.0,7.0,5.0,1.0,64.0,40.0,27.0,11.0,11.0,4.0,8.0
2024-418,Washington,Hard,48,500,O,20240729,2,O483,,,Christopher O'Connell,R,183.0,AUS,30.155,94.0,653.0,M0G4,,,Harold Mayot,R,180.0,FRA,22.48,114.0,520.0,6-4 7-6(3),3,R64,97.0,7.0,1.0,59.0,27.0,23.0,23.0,11.0,0.0,0.0,3.0,4.0,71.0,42.0,33.0,12.0,11.0,4.0,5.0
2024-418,Washington,Hard,48,500,O,20240729,3,GD64,,,Cristian Garin,R,185.0,CHI,28.164,115.0,518.0,KC56,,,Aslan Karatsev,R,185.0,RUS,30.899,102.0,605.0,6-4 6-2,3,R64,93.0,6.0,6.0,61.0,28.0,24.0,19.0,9.0,5.0,5.0,3.0,5.0,53.0,34.0,24.0,7.0,9.0,2.0,5.0
2024-418,Washington,Hard,48,500,O,20240729,4,GE33,,,Daniel Elahi Galan,R,191.0,COL,28.112,124.0,486.0,C0BC,,Q,Maxime Cressy,R,201.0,USA,27.225,173.0,345.0,6-4 6-3,3,R64,88.0,2.0,3.0,56.0,29.0,20.0,17.0,9.0,0.0,1.0,6.0,10.0,58.0,34.0,27.0,6.0,10.0,5.0,9.0
2024-418,Washington,Hard,48,500,O,20240729,5,RH24,,,Emil Ruusuvuori,R,188.0,FIN,25.325,71.0,773.0,CG80,,,Borna Coric,R,188.0,CRO,27.704,83.0,704.0,6-7(4) 7-6(8) 6-4,3,R64,178.0,11.0,1.0,118.0,67.0,51.0,34.0,17.0,5.0,5.0,21.0,6.0,114.0,62.0,48.0,34.0,17.0,2.0,3.0
2024-418,Washington,Hard,48,500,O,20240729,6,B0GG,,,Mattia Bellucci,L,175.0,ITA,23.159,125.0,481.0,MK66,,,Mackenzie McDonald,R,178.0,USA,29.287,93.0,656.0,7-6(4) 7-6(3),3,R64,123.0,9.0,4.0,78.0,52.0,41.0,15.0,12.0,6.0,8.0,11.0,4.0,87.0,55.0,37.0,16.0,12.0,5.0,7.0
2024-418,Washington,Hard,48,500,O,20240729,7,HC21,,,Seongchan Hong,R,175.0,KOR,27.08,175.0,343.0,W09E,,,Adam Walton,R,183.0,AUS,25.284,89.0,671.0,7-6(6) 7-6(4),3,R64,123.0,6.0,1.0,89.0,55.0,40.0,22.0,12.0,8.0,9.0,11.0,6.0,78.0,44.0,40.0,17.0,12.0,3.0,4.0
2024-418,Washington,Hard,48,500,O,20240729,8,SU55,,WC,Denis Shapovalov,L,185.0,CAN,25.29,139.0,450.0,BD06,,,Roberto Bautista Agut,R,183.0,ESP,36.29,76.0,745.0,6-1 6-4,3,R64,88.0,4.0,9.0,67.0,45.0,30.0,8.0,9.0,5.0,7.0,0.0,7.0,59.0,39.0,23.0,5.0,8.0,10.0,15.0
2024-418,Washington,Hard,48,500,O,20240729,9,GB88,,,David Goffin,R,180.0,BEL,33.643,100.0,619.0,U182,,,Camilo Ugo Carabelli,R,185.0,ARG,25.117,92.0,663.0,6-2 7-5,3,R64,88.0,5.0,2.0,61.0,38.0,22.0,12.0,10.0,2.0,6.0,3.0,2.0,69.0,40.0,22.0,8.0,10.0,9.0,16.0
2024-418,Washington,Hard,48,500,O,20240729,10,O522,,WC,Reilly Opelka,R,211.0,USA,26.919,371.0,132.0,D994,,,James Duckworth,R,183.0,AUS,32.52,81.0,734.0,6-7(12) 7-5 6-4,3,R64,141.0,27.0,0.0,99.0,59.0,49.0,28.0,17.0,0.0,0.0,7.0,4.0,102.0,58.0,48.0,27.0,17.0,2.0,4.0
2024-418,Washington,Hard,48,500,O,20240729,11,V0DZ,,,Luca Van Assche,R,178.0,FRA,20.216,118.0,499.0,C0H0,,,Arthur Cazaux,R,183.0,FRA,21.933,95.0,651.0,6-4 6-3,3,R64,90.0,1.0,5.0,49.0,25.0,19.0,11.0,9.0,2.0,5.0,3.0,3.0,63.0,28.0,19.0,10.0,10.0,5.0,11.0
2024-418,Washington,Hard,48,500,O,20240729,12,KC12,,Q,Mitchell Krueger,R,188.0,USA,30.543,192.0,308.0,N0BG,,,Luca Nardi,R,185.0,ITA,20.98,78.0,744.0,7-6(3) 4-1 RET,3,R64,87.0,4.0,3.0,46.0,28.0,23.0,9.0,8.0,0.0,1.0,0.0,3.0,75.0,49.0,26.0,12.0,9.0,8.0,11.0
2024-418,Washington,Hard,48,500,O,20240729,13,KD46,,,Thanasi Kokkinakis,R,193.0,AUS,28.301,91.0,667.0,PH71,,,Max Purcell,R,185.0,AUS,26.322,59.0,835.0,6-7(4) 6-4 6-3,3,R64,133.0,15.0,1.0,73.0,43.0,40.0,24.0,15.0,0.0,0.0,11.0,5.0,104.0,56.0,47.0,21.0,16.0,7.0,10.0
2024-418,Washington,Hard,48,500,O,20240729,14,K0AZ,,,Aleksandar Kovacevic,R,183.0,USA,25.916,82.0,718.0,N732,,,Yoshihito Nishioka,L,170.0,JPN,28.838,50.0,939.0,4-6 6-4 6-2,3,R64,143.0,19.0,6.0,104.0,60.0,48.0,20.0,14.0,6.0,8.0,5.0,2.0,100.0,70.0,43.0,17.0,14.0,7.0,11.0
2024-418,Washington,Hard,48,500,O,20240729,15,S0RE,,,Juncheng Shang,L,180.0,CHN,19.485,73.0,759.0,Y218,,Q,Elias Ymer,R,185.0,SWE,28.301,216.0,280.0,6-4 6-3,3,R64,89.0,8.0,1.0,46.0,22.0,19.0,18.0,9.0,0.0,0.0,7.0,6.0,82.0,45.0,31.0,16.0,10.0,10.0,13.0
2024-418,Washington,Hard,48,500,O,20240729,16,A829,,Q,Radu Albot,R,175.0,MDA,34.713,152.0,411.0,D0CG,,,Facundo Diaz Acosta,L,183.0,ARG,23.619,62.0,827.0,7-6(5) 6-3,3,R64,133.0,4.0,6.0,94.0,54.0,36.0,22.0,11.0,9.0,11.0,2.0,7.0,85.0,57.0,35.0,12.0,10.0,7.0,10.0
2024-418,Washington,Hard,48,500,O,20240729,17,KI95,,,Miomir Kecmanovic,R,183.0,SRB,24.912,51.0,935.0,W09G,,,J.J. Wolf,R,183.0,USA,25.604,143.0,436.0,6-2 6-3,3,R32,85.0,3.0,1.0,63.0,33.0,25.0,19.0,9.0,5.0,5.0,3.0,0.0,70.0,42.0,24.0,14.0,8.0,9.0,12.0
2024-418,Washington,Hard,48,500,O,20240729,18,K0AH,4.0,,Sebastian Korda,R,196.0,USA,24.066,22.0,1795.0,GD64,,,Cristian Garin,R,185.0,CHI,28.164,115.0,518.0,6-3 6-2,3,R32,71.0,7.0,1.0,58.0,29.0,24.0,18.0,9.0,3.0,3.0,2.0,2.0,48.0,32.0,22.0,5.0,8.0,3.0,6.0
2024-418,Washington,Hard,48,500,O,20240729,19,N0AE,,,Brandon Nakashima,R,188.0,USA,22.987,54.0,915.0,O483,,,Christopher O'Connell,R,183.0,AUS,30.155,94.0,653.0,6-2 6-2,3,R32,66.0,11.0,2.0,45.0,29.0,27.0,9.0,8.0,1.0,1.0,2.0,5.0,48.0,26.0,19.0,7.0,8.0,2.0,6.0
2024-418,Washington,Hard,48,500,O,20240729,20,TD51,5.0,,Frances Tiafoe,R,188.0,USA,26.522,29.0,1405.0,GE33,,,Daniel Elahi Galan,R,191.0,COL,28.112,124.0,486.0,6-7(8) 6-3 6-3,3,R32,142.0,14.0,2.0,100.0,55.0,45.0,23.0,15.0,5.0,7.0,22.0,2.0,98.0,68.0,46.0,16.0,15.0,5.0,10.0
2024-418,Washington,Hard,48,500,O,20240729,21,SU55,,WC,Denis Shapovalov,L,185.0,CAN,25.29,139.0,450.0,ME82,6.0,,Adrian Mannarino,L,180.0,FRA,36.082,32.0,1340.0,6-2 6-1,3,R32,58.0,7.0,2.0,48.0,35.0,30.0,6.0,8.0,0.0,0.0,0.0,3.0,40.0,20.0,11.0,7.0,7.0,3.0,7.0
2024-418,Washington,Hard,48,500,O,20240729,22,DH50,8.0,,Alejandro Davidovich Fokina,R,180.0,ESP,25.15,44.0,1155.0,KC12,,Q,Mitchell Krueger,R,188.0,USA,30.543,192.0,308.0,3-6 7-6(3) 6-4,3,R32,151.0,15.0,8.0,86.0,48.0,36.0,22.0,16.0,3.0,7.0,16.0,6.0,105.0,65.0,47.0,17.0,15.0,9.0,12.0
2024-418,Washington,Hard,48,500,O,20240729,23,KD46,,,Thanasi Kokkinakis,R,193.0,AUS,28.301,91.0,667.0,V832,14.0,,Aleksandar Vukic,R,188.0,AUS,28.312,85.0,694.0,6-4 7-6(4),3,R32,109.0,12.0,5.0,78.0,43.0,36.0,18.0,11.0,4.0,4.0,9.0,1.0,62.0,32.0,29.0,17.0,11.0,0.0,1.0
2024-418,Washington,Hard,48,500,O,20240729,24,RC91,16.0,,Arthur Rinderknech,R,196.0,FRA,29.018,68.0,781.0,S0RE,,,Juncheng Shang,L,180.0,CHN,19.485,73.0,759.0,2-3 RET,3,R32,31.0,4.0,1.0,17.0,10.0,8.0,1.0,2.0,1.0,2.0,0.0,2.0,24.0,9.0,5.0,9.0,3.0,2.0,3.0
2024-418,Washington,Hard,48,500,O,20240729,25,K0AZ,,,Aleksandar Kovacevic,R,183.0,USA,25.916,82.0,718.0,CF59,11.0,,Roberto Carballes Baena,R,183.0,ESP,31.351,53.0,920.0,7-6(4) 7-6(3),3,R32,125.0,11.0,4.0,86.0,46.0,37.0,23.0,12.0,6.0,7.0,9.0,1.0,78.0,45.0,34.0,20.0,12.0,0.0,1.0
2024-418,Washington,Hard,48,500,O,20240729,26,C0E9,10.0,,Flavio Cobolli,R,183.0,ITA,22.231,48.0,1018.0,GB88,,,David Goffin,R,180.0,BEL,33.643,100.0,619.0,7-6(4) 6-3,3,R32,99.0,11.0,6.0,66.0,32.0,28.0,18.0,10.0,2.0,3.0,7.0,9.0,80.0,41.0,30.0,18.0,11.0,5.0,8.0
2024-418,Washington,Hard,48,500,O,20240729,27,M0GZ,9.0,,Giovanni Mpetshi Perricard,R,203.0,FRA,21.06,49.0,1002.0,RH24,,,Emil Ruusuvuori,R,188.0,FIN,25.325,71.0,773.0,7-6(6) 7-6(6),3,R32,110.0,25.0,8.0,84.0,52.0,42.0,19.0,12.0,2.0,3.0,6.0,4.0,85.0,51.0,39.0,21.0,12.0,1.0,2.0
2024-418,Washington,Hard,48,500,O,20240729,28,M0QI,15.0,,Alex Michelsen,R,193.0,USA,19.926,60.0,831.0,B0GG,,Q,Mattia Bellucci,L,175.0,ITA,23.159,125.0,481.0,6-3 7-6(1),3,R32,97.0,6.0,2.0,72.0,52.0,36.0,15.0,11.0,5.0,6.0,16.0,2.0,68.0,44.0,30.0,11.0,10.0,4.0,6.0
2024-418,Washington,Hard,48,500,O,20240729,29,HC21,,,Seongchan Hong,R,175.0,KOR,27.08,175.0,343.0,KE29,,,Karen Khachanov,R,198.0,RUS,28.189,21.0,1830.0,6-2 6-4,3,R32,70.0,6.0,1.0,49.0,32.0,25.0,13.0,9.0,1.0,1.0,8.0,2.0,51.0,36.0,25.0,5.0,9.0,1.0,4.0
2024-418,Washington,Hard,48,500,O,20240729,30,RE44,1.0,,Andrey Rublev,R,188.0,RUS,26.773,8.0,3885.0,V0DZ,,,Luca Van Assche,R,178.0,FRA,20.216,118.0,499.0,4-6 6-3 6-4,3,R32,102.0,15.0,5.0,84.0,59.0,49.0,13.0,15.0,4.0,5.0,8.0,5.0,75.0,44.0,33.0,19.0,14.0,3.0,5.0
2024-418,Washington,Hard,48,500,O,20240729,31,TC61,7.0,,Jordan Thompson,R,183.0,AUS,30.275,33.0,1331.0,O522,,WC,Reilly Opelka,R,211.0,USA,26.919,371.0,132.0,6-4 6-3,3,R32,80.0,1.0,1.0,51.0,33.0,24.0,11.0,9.0,4.0,5.0,9.0,4.0,61.0,41.0,28.0,5.0,10.0,3.0,7.0
2024-418,Washington,Hard,48,500,O,20240729,32,S0S1,2.0,,Ben Shelton,L,193.0,USA,21.804,14.0,2750.0,A829,,Q,Radu Albot,R,175.0,MDA,34.713,152.0,411.0,6-4 6-7(5) 6-3,3,R32,137.0,12.0,4.0,92.0,62.0,49.0,19.0,16.0,2.0,3.0,0.0,3.0,102.0,63.0,41.0,23.0,15.0,7.0,10.0
2024-418,Washington,Hard,48,500,O,20240729,33,SU55,,WC,Denis Shapovalov,L,185.0,CAN,25.29,139.0,450.0,KI95,12.0,,Miomir Kecmanovic,R,183.0,SRB,24.912,51.0,935.0,4-6 6-4 6-2,3,R16,103.0,8.0,7.0,77.0,48.0,39.0,15.0,14.0,2.0,4.0,1.0,0.0,78.0,50.0,32.0,17.0,14.0,3.0,7.0
2024-418,Washington,Hard,48,500,O,20240729,34,C0E9,10.0,,Flavio Cobolli,R,183.0,ITA,22.231,48.0,1018.0,DH50,8.0,,Alejandro Davidovich Fokina,R,180.0,ESP,25.15,44.0,1155.0,1-6 7-6(0) 7-6(7),3,R16,194.0,7.0,8.0,123.0,55.0,41.0,30.0,15.0,8.0,13.0,12.0,6.0,116.0,71.0,49.0,20.0,16.0,9.0,12.0
2024-418,Washington,Hard,48,500,O,20240729,35,M0QI,,,Alex Michelsen,R,193.0,USA,19.926,60.0,831.0,HC21,,,Seongchan Hong,R,175.0,KOR,27.08,175.0,343.0,6-3 6-3,3,R16,80.0,1.0,2.0,58.0,33.0,26.0,15.0,9.0,2.0,2.0,2.0,5.0,57.0,29.0,19.0,14.0,9.0,1.0,4.0
2024-418,Washington,Hard,48,500,O,20240729,36,K0AH,4.0,,Sebastian Korda,R,196.0,USA,24.066,22.0,1795.0,KD46,,,Thanasi Kokkinakis,R,193.0,AUS,28.301,91.0,667.0,6-7(1) 7-5 3-2 RET,3,R16,136.0,12.0,1.0,92.0,51.0,37.0,26.0,14.0,2.0,3.0,20.0,5.0,89.0,55.0,38.0,22.0,15.0,0.0,3.0
2024-418,Washington,Hard,48,500,O,20240729,37,TC61,7.0,,Jordan Thompson,R,183.0,AUS,30.275,33.0,1331.0,M0GZ,9.0,,Giovanni Mpetshi Perricard,R,203.0,FRA,21.06,49.0,1002.0,7-5 6-4,3,R16,103.0,5.0,1.0,67.0,39.0,28.0,19.0,11.0,3.0,4.0,13.0,7.0,70.0,36.0,28.0,14.0,11.0,7.0,10.0
2024-418,Washington,Hard,48,500,O,20240729,38,S0S1,2.0,,Ben Shelton,L,193.0,USA,21.804,14.0,2750.0,N0AE,13.0,,Brandon Nakashima,R,188.0,USA,22.987,54.0,915.0,7-6(5) 7-6(4),3,R16,105.0,14.0,4.0,90.0,62.0,50.0,14.0,12.0,4.0,5.0,5.0,0.0,70.0,44.0,35.0,19.0,12.0,0.0,1.0
2024-418,Washington,Hard,48,500,O,20240729,39,TD51,5.0,,Frances Tiafoe,R,188.0,USA,26.522,29.0,1405.0,K0AZ,,,Aleksandar Kovacevic,R,183.0,USA,25.916,82.0,718.0,7-6(3) 4-6 6-3,3,R16,149.0,16.0,2.0,94.0,54.0,45.0,22.0,16.0,4.0,6.0,14.0,6.0,105.0,58.0,41.0,24.0,15.0,9.0,11.0
2024-418,Washington,Hard,48,500,O,20240729,40,RE44,1.0,,Andrey Rublev,R,188.0,RUS,26.773,8.0,3885.0,RC91,16.0,,Arthur Rinderknech,R,196.0,FRA,29.018,68.0,781.0,7-6(4) 6-4,3,R16,88.0,19.0,1.0,65.0,43.0,39.0,14.0,11.0,2.0,2.0,18.0,3.0,74.0,45.0,33.0,17.0,11.0,6.0,7.0
2024-418,Washington,Hard,48,500,O,20240729,41,C0E9,10.0,,Flavio Cobolli,R,183.0,ITA,22.231,48.0,1018.0,M0QI,15.0,,Alex Michelsen,R,193.0,USA,19.926,60.0,831.0,7-5 3-6 7-6(2),3,QF,159.0,17.0,13.0,112.0,54.0,45.0,24.0,16.0,8.0,11.0,9.0,6.0,102.0,59.0,42.0,24.0,17.0,6.0,9.0
2024-418,Washington,Hard,48,500,O,20240729,42,S0S1,2.0,,Ben Shelton,L,193.0,USA,21.804,14.0,2750.0,SU55,,WC,Denis Shapovalov,L,185.0,CAN,25.29,139.0,450.0,7-6(5) 6-6 RET,3,QF,,3.0,1.0,90.0,66.0,47.0,14.0,12.0,5.0,6.0,4.0,7.0,82.0,59.0,45.0,10.0,12.0,5.0,6.0
2024-418,Washington,Hard,48,500,O,20240729,43,K0AH,4.0,,Sebastian Korda,R,196.0,USA,24.066,22.0,1795.0,TC61,7.0,,Jordan Thompson,R,183.0,AUS,30.275,33.0,1331.0,6-4 6-2,3,QF,71.0,10.0,1.0,46.0,31.0,27.0,10.0,9.0,1.0,1.0,5.0,0.0,53.0,34.0,23.0,9.0,9.0,2.0,5.0
2024-418,Washington,Hard,48,500,O,20240729,44,TD51,5.0,,Frances Tiafoe,R,188.0,USA,26.522,29.0,1405.0,RE44,1.0,,Andrey Rublev,R,188.0,RUS,26.773,8.0,3885.0,6-4 7-6(3),3,QF,98.0,9.0,5.0,64.0,38.0,33.0,14.0,11.0,0.0,1.0,8.0,4.0,81.0,41.0,32.0,18.0,11.0,3.0,5.0
2024-418,Washington,Hard,48,500,O,20240729,45,C0E9,10.0,,Flavio Cobolli,R,183.0,ITA,22.231,48.0,1018.0,S0S1,2.0,,Ben Shelton,L,193.0,USA,21.804,14.0,2750.0,4-6 7-5 6-3,3,SF,124.0,6.0,7.0,89.0,52.0,42.0,18.0,16.0,3.0,5.0,12.0,3.0,85.0,56.0,45.0,13.0,15.0,2.0,5.0
2024-418,Washington,Hard,48,500,O,20240729,46,K0AH,4.0,,Sebastian Korda,R,196.0,USA,24.066,22.0,1795.0,TD51,5.0,,Frances Tiafoe,R,188.0,USA,26.522,29.0,1405.0,6-4 6-4,3,SF,85.0,12.0,0.0,54.0,34.0,27.0,16.0,10.0,1.0,1.0,8.0,0.0,75.0,45.0,29.0,17.0,10.0,3.0,5.0
2024-418,Washington,Hard,48,500,O,20240729,47,K0AH,4.0,,Sebastian Korda,R,196.0,USA,24.066,22.0,1795.0,C0E9,10.0,,Flavio Cobolli,R,183.0,ITA,22.231,48.0,1018.0,4-6 6-2 6-0,3,F,94.0,7.0,0.0,63.0,41.0,34.0,14.0,12.0,2.0,3.0,6.0,4.0,76.0,42.0,28.0,13.0,12.0,7.0,12.0
2024-421,Canada Masters,Hard,56,M,O,20240806,1,SU87,,,Lorenzo Sonego,R,191.0,ITA,29.24,57.0,881.0,GJ37,,,Tallon Griekspoor,R,188.0,NED,28.096,40.0,1220.0,7-6(7) 5-7 6-4,3,R64,164.0,12.0,2.0,103.0,66.0,48.0,21.0,17.0,2.0,4.0,7.0,6.0,108.0,73.0,54.0,18.0,17.0,1.0,3.0
2024-421,Canada Masters,Hard,56,M,O,20240806,2,N552,,PR,Kei Nishikori,R,178.0,JPN,34.604,576.0,60.0,M0QI,,,Alex Michelsen,R,193.0,USA,19.948,55.0,915.0,3-6 7-5 6-4,3,R64,153.0,1.0,3.0,88.0,56.0,37.0,20.0,15.0,1.0,4.0,3.0,7.0,121.0,71.0,51.0,22.0,16.0,8.0,12.0
2024-421,Canada Masters,Hard,56,M,O,20240806,3,EA24,,,Tomas Martin Etcheverry,R,196.0,ARG,25.054,38.0,1255.0,J551,,,Nicolas Jarry,R,201.0,CHI,28.821,24.0,1710.0,7-6(5) 6-7(5) 6-2,3,R64,165.0,4.0,3.0,95.0,64.0,48.0,20.0,16.0,2.0,4.0,15.0,5.0,104.0,56.0,44.0,22.0,16.0,4.0,8.0
2024-421,Canada Masters,Hard,56,M,O,20240806,4,BT72,,,Nuno Borges,R,185.0,POR,27.461,43.0,1176.0,KI95,,,Miomir Kecmanovic,R,183.0,SRB,24.934,50.0,975.0,5-7 6-4 6-4,3,R64,121.0,13.0,6.0,97.0,68.0,48.0,19.0,16.0,3.0,5.0,5.0,5.0,92.0,54.0,38.0,20.0,16.0,4.0,7.0
2024-421,Canada Masters,Hard,56,M,O,20240806,5,KE29,16.0,,Karen Khachanov,R,198.0,RUS,28.211,22.0,1830.0,D0F6,,,Gabriel Diallo,R,203.0,CAN,22.867,141.0,436.0,6-4 6-4,3,R64,87.0,3.0,2.0,61.0,33.0,26.0,18.0,10.0,3.0,3.0,7.0,4.0,61.0,42.0,28.0,9.0,10.0,2.0,4.0
2024-421,Canada Masters,Hard,56,M,O,20240806,6,CD85,,PR,Pablo Carreno Busta,R,188.0,ESP,33.07,799.0,27.0,M0CI,,,Fabian Marozsan,R,193.0,HUN,24.83,49.0,1016.0,6-7(8) 7-6(6) 6-3,3,R64,157.0,4.0,4.0,110.0,69.0,44.0,21.0,16.0,3.0,7.0,6.0,5.0,135.0,79.0,48.0,29.0,17.0,8.0,14.0
2024-421,Canada Masters,Hard,56,M,O,20240806,7,R0DG,13.0,,Holger Rune,R,188.0,DEN,21.273,17.0,2300.0,BD06,,LL,Roberto Bautista Agut,R,183.0,ESP,36.312,72.0,745.0,6-2 3-6 6-2,3,R64,124.0,8.0,7.0,84.0,42.0,31.0,23.0,12.0,3.0,4.0,0.0,3.0,90.0,52.0,34.0,19.0,13.0,4.0,8.0
2024-421,Canada Masters,Hard,56,M,O,20240806,8,TE30,15.0,,Alejandro Tabilo,L,188.0,CHI,27.179,21.0,1918.0,TD51,,,Frances Tiafoe,R,188.0,USA,26.543,27.0,1515.0,6-4 6-2,3,R64,93.0,3.0,4.0,62.0,32.0,20.0,17.0,9.0,2.0,4.0,6.0,7.0,66.0,33.0,21.0,10.0,9.0,6.0,11.0
2024-421,Canada Masters,Hard,56,M,O,20240806,9,TC61,,,Jordan Thompson,R,183.0,AUS,30.297,30.0,1341.0,D0CO,,,Jack Draper,L,193.0,GBR,22.623,28.0,1511.0,7-5 6-2,3,R64,91.0,5.0,1.0,55.0,30.0,22.0,17.0,10.0,1.0,2.0,4.0,6.0,60.0,37.0,25.0,10.0,10.0,5.0,9.0
2024-421,Canada Masters,Hard,56,M,O,20240806,10,PL56,10.0,,Tommy Paul,R,185.0,USA,27.222,12.0,3375.0,D0FJ,,,Luciano Darderi,R,183.0,ITA,22.475,32.0,1331.0,6-4 7-6(2),3,R64,105.0,9.0,3.0,73.0,39.0,31.0,22.0,11.0,3.0,3.0,1.0,5.0,81.0,43.0,30.0,21.0,11.0,2.0,3.0
2024-421,Canada Masters,Hard,56,M,O,20240806,11,H0BH,,Q,Rinky Hijikata,R,178.0,AUS,23.45,74.0,741.0,DA81,,Q,Taro Daniel,R,191.0,JPN,31.524,87.0,669.0,6-1 7-5,3,R64,74.0,2.0,2.0,47.0,28.0,20.0,12.0,9.0,2.0,4.0,3.0,4.0,58.0,35.0,19.0,6.0,10.0,2.0,8.0
2024-421,Canada Masters,Hard,56,M,O,20240806,12,A0FC,,,Matteo Arnaldi,R,185.0,ITA,23.452,46.0,1155.0,MK66,,,Mackenzie McDonald,R,178.0,USA,29.309,93.0,636.0,4-6 6-4 6-4,3,R64,142.0,4.0,1.0,99.0,46.0,31.0,25.0,15.0,3.0,8.0,1.0,3.0,82.0,57.0,35.0,11.0,15.0,3.0,9.0
2024-421,Canada Masters,Hard,56,M,O,20240806,13,S0S1,11.0,,Ben Shelton,L,193.0,USA,21.826,14.0,2950.0,BK92,,,Alexander Bublik,R,196.0,KAZ,27.138,25.0,1650.0,7-6(4) 6-2,3,R64,89.0,9.0,1.0,61.0,38.0,28.0,15.0,10.0,0.0,1.0,7.0,6.0,77.0,47.0,33.0,12.0,10.0,6.0,9.0
2024-421,Canada Masters,Hard,56,M,O,20240806,14,DH50,,,Alejandro Davidovich Fokina,R,180.0,ESP,25.172,42.0,1195.0,SX50,,,Roman Safiullin,R,185.0,RUS,26.998,66.0,785.0,6-2 7-5,3,R64,86.0,2.0,2.0,61.0,41.0,30.0,12.0,10.0,1.0,2.0,2.0,3.0,57.0,33.0,23.0,12.0,10.0,3.0,7.0
2024-421,Canada Masters,Hard,56,M,O,20240806,15,HH26,12.0,,Ugo Humbert,L,188.0,FRA,26.114,15.0,2360.0,F0F1,,,Arthur Fils,R,185.0,FRA,20.151,23.0,1770.0,6-2 6-2,3,R64,76.0,7.0,0.0,60.0,37.0,27.0,13.0,8.0,5.0,5.0,2.0,3.0,48.0,27.0,17.0,8.0,8.0,1.0,5.0
2024-421,Canada Masters,Hard,56,M,O,20240806,16,CG80,,Q,Borna Coric,R,188.0,CRO,27.726,94.0,622.0,MO44,,,Pedro Martinez,R,185.0,ESP,27.28,45.0,1168.0,6-4 6-4,3,R64,93.0,12.0,3.0,62.0,41.0,31.0,9.0,10.0,2.0,4.0,2.0,3.0,60.0,43.0,27.0,6.0,10.0,0.0,4.0
2024-421,Canada Masters,Hard,56,M,O,20240806,17,N0AE,,Q,Brandon Nakashima,R,188.0,USA,23.009,52.0,935.0,SU55,,WC,Denis Shapovalov,L,185.0,CAN,25.311,106.0,550.0,6-4 7-5,3,R64,97.0,4.0,5.0,79.0,54.0,40.0,13.0,11.0,4.0,4.0,5.0,5.0,64.0,35.0,26.0,17.0,11.0,1.0,3.0
2024-421,Canada Masters,Hard,56,M,O,20240806,18,D994,,LL,James Duckworth,R,183.0,AUS,32.542,80.0,723.0,GC88,,,Marcos Giron,R,180.0,USA,31.036,37.0,1265.0,6-4 6-1,3,R64,73.0,3.0,5.0,49.0,23.0,19.0,15.0,9.0,0.0,1.0,5.0,2.0,63.0,32.0,21.0,11.0,8.0,8.0,12.0
2024-421,Canada Masters,Hard,56,M,O,20240806,19,P09Z,,,Alexei Popyrin,R,196.0,AUS,25.005,62.0,821.0,M0FH,,,Tomas Machac,R,183.0,CZE,23.814,39.0,1229.0,6-3 6-4,3,R64,78.0,6.0,5.0,48.0,24.0,23.0,14.0,10.0,1.0,2.0,5.0,6.0,63.0,39.0,28.0,7.0,9.0,2.0,5.0
2024-421,Canada Masters,Hard,56,M,O,20240806,20,FB98,9.0,,Taylor Fritz,R,196.0,USA,26.773,13.0,3330.0,N0BS,,,Mariano Navone,R,178.0,ARG,23.439,36.0,1292.0,6-4 6-1,3,R64,74.0,7.0,2.0,50.0,27.0,21.0,16.0,9.0,0.0,0.0,1.0,3.0,56.0,23.0,15.0,17.0,8.0,4.0,7.0
2024-421,Canada Masters,Hard,56,M,O,20240806,21,RC91,,Q,Arthur Rinderknech,R,196.0,FRA,29.04,65.0,786.0,ME82,,,Adrian Mannarino,L,180.0,FRA,36.104,31.0,1340.0,6-4 2-6 6-4,3,R64,126.0,12.0,4.0,79.0,39.0,29.0,24.0,14.0,2.0,5.0,3.0,3.0,79.0,44.0,31.0,23.0,14.0,3.0,6.0
2024-421,Canada Masters,Hard,56,M,O,20240806,22,K0AH,,,Sebastian Korda,R,196.0,USA,24.088,18.0,2270.0,PD07,,WC,Vasek Pospisil,R,193.0,CAN,34.122,610.0,53.0,2-1 RET,3,R64,19.0,0.0,0.0,6.0,4.0,2.0,2.0,1.0,0.0,0.0,1.0,0.0,11.0,6.0,5.0,1.0,2.0,0.0,1.0
2024-421,Canada Masters,Hard,56,M,O,20240806,23,C0E9,,,Flavio Cobolli,R,183.0,ITA,22.253,33.0,1323.0,AG37,,,Felix Auger-Aliassime,R,193.0,CAN,23.995,19.0,2115.0,6-3 6-2,3,R64,67.0,3.0,1.0,46.0,24.0,21.0,15.0,9.0,0.0,0.0,0.0,5.0,41.0,19.0,14.0,9.0,8.0,0.0,3.0
2024-421,Canada Masters,Hard,56,M,O,20240806,24,KD46,,Q,Thanasi Kokkinakis,R,193.0,AUS,28.323,81.0,697.0,MC65,,,Gael Monfils,R,193.0,FRA,37.93,34.0,1315.0,6-3 6-3,3,R64,77.0,4.0,4.0,55.0,35.0,27.0,9.0,9.0,2.0,3.0,9.0,5.0,60.0,33.0,24.0,9.0,9.0,7.0,11.0
2024-421,Canada Masters,Hard,56,M,O,20240806,25,BT72,,,Nuno Borges,R,185.0,POR,27.461,43.0,1176.0,HH26,12.0,,Ugo Humbert,L,188.0,FRA,26.114,15.0,2360.0,3-6 7-6(2) 7-6(4),3,R32,168.0,8.0,4.0,107.0,67.0,47.0,24.0,16.0,6.0,10.0,3.0,7.0,125.0,67.0,49.0,27.0,17.0,8.0,11.0
2024-421,Canada Masters,Hard,56,M,O,20240806,26,DH50,,,Alejandro Davidovich Fokina,R,180.0,ESP,25.172,42.0,1195.0,MM58,3.0,,Daniil Medvedev,R,198.0,RUS,28.485,5.0,6525.0,6-4 1-6 6-2,3,R32,115.0,3.0,5.0,77.0,45.0,29.0,16.0,13.0,3.0,7.0,9.0,4.0,75.0,47.0,35.0,9.0,12.0,3.0,7.0
2024-421,Canada Masters,Hard,56,M,O,20240806,27,N0AE,,Q,Brandon Nakashima,R,188.0,USA,23.009,52.0,935.0,PL56,10.0,,Tommy Paul,R,185.0,USA,27.222,12.0,3375.0,6-2 6-7(5) 6-1,3,R32,133.0,9.0,0.0,86.0,60.0,43.0,19.0,13.0,2.0,2.0,4.0,0.0,100.0,59.0,39.0,18.0,14.0,8.0,13.0
2024-421,Canada Masters,Hard,56,M,O,20240806,28,N552,,PR,Kei Nishikori,R,178.0,JPN,34.604,576.0,60.0,TE51,8.0,,Stefanos Tsitsipas,R,193.0,GRE,25.985,11.0,3465.0,6-4 6-4,3,R32,78.0,2.0,1.0,56.0,34.0,27.0,11.0,10.0,2.0,3.0,9.0,1.0,54.0,39.0,29.0,6.0,10.0,1.0,4.0
2024-421,Canada Masters,Hard,56,M,O,20240806,29,RE44,5.0,,Andrey Rublev,R,188.0,RUS,26.795,8.0,3975.0,EA24,,,Tomas Martin Etcheverry,R,196.0,ARG,25.054,38.0,1255.0,7-6(3) 6-2,3,R32,85.0,9.0,1.0,56.0,29.0,25.0,16.0,10.0,0.0,1.0,5.0,2.0,68.0,48.0,34.0,5.0,10.0,0.0,3.0
2024-421,Canada Masters,Hard,56,M,O,20240806,30,Z355,2.0,,Alexander Zverev,R,198.0,GER,27.296,4.0,6845.0,TC61,,,Jordan Thompson,R,183.0,AUS,30.297,30.0,1341.0,6-1 6-1,3,R32,63.0,6.0,2.0,36.0,17.0,16.0,12.0,7.0,0.0,0.0,0.0,2.0,41.0,20.0,10.0,7.0,7.0,2.0,7.0
2024-421,Canada Masters,Hard,56,M,O,20240806,31,D875,7.0,,Grigor Dimitrov,R,191.0,BUL,33.227,10.0,3600.0,H0BH,,Q,Rinky Hijikata,R,178.0,AUS,23.45,74.0,741.0,6-1 6-0,3,R32,55.0,6.0,0.0,36.0,28.0,24.0,5.0,7.0,0.0,0.0,0.0,5.0,50.0,26.0,15.0,5.0,6.0,5.0,10.0
2024-421,Canada Masters,Hard,56,M,O,20240806,32,A0FC,,,Matteo Arnaldi,R,185.0,ITA,23.452,46.0,1155.0,KE29,16.0,,Karen Khachanov,R,198.0,RUS,28.211,22.0,1830.0,7-5 7-5,3,R32,103.0,6.0,2.0,68.0,46.0,37.0,7.0,12.0,3.0,5.0,2.0,5.0,79.0,50.0,32.0,13.0,12.0,4.0,8.0
2024-421,Canada Masters,Hard,56,M,O,20240806,33,RH16,6.0,,Casper Ruud,R,183.0,NOR,25.624,9.0,3880.0,D994,,LL,James Duckworth,R,183.0,AUS,32.542,80.0,723.0,6-2 6-7(5) 6-3,3,R32,122.0,9.0,1.0,80.0,60.0,46.0,14.0,15.0,0.0,1.0,8.0,4.0,90.0,39.0,27.0,29.0,14.0,6.0,10.0
2024-421,Canada Masters,Hard,56,M,O,20240806,34,S0AG,1.0,,Jannik Sinner,R,191.0,ITA,22.973,1.0,9570.0,CG80,,Q,Borna Coric,R,188.0,CRO,27.726,94.0,622.0,6-2 6-4,3,R32,96.0,9.0,2.0,53.0,26.0,22.0,18.0,9.0,1.0,1.0,6.0,3.0,69.0,38.0,28.0,10.0,9.0,8.0,11.0
2024-421,Canada Masters,Hard,56,M,O,20240806,35,R0DG,13.0,,Holger Rune,R,188.0,DEN,21.273,17.0,2300.0,CD85,,PR,Pablo Carreno Busta,R,188.0,ESP,33.07,799.0,27.0,6-1 6-3,3,R32,66.0,4.0,0.0,43.0,25.0,19.0,14.0,8.0,0.0,0.0,2.0,3.0,58.0,33.0,21.0,10.0,8.0,6.0,10.0
2024-421,Canada Masters,Hard,56,M,O,20240806,36,P09Z,,,Alexei Popyrin,R,196.0,AUS,25.005,62.0,821.0,S0S1,11.0,,Ben Shelton,L,193.0,USA,21.826,14.0,2950.0,6-4 7-6(4),3,R32,99.0,6.0,1.0,69.0,39.0,33.0,19.0,11.0,0.0,0.0,7.0,1.0,80.0,55.0,35.0,17.0,11.0,5.0,6.0
2024-421,Canada Masters,Hard,56,M,O,20240806,37,TE30,15.0,,Alejandro Tabilo,L,188.0,CHI,27.179,21.0,1918.0,SU87,,,Lorenzo Sonego,R,191.0,ITA,29.24,57.0,881.0,6-4 6-2,3,R32,79.0,2.0,1.0,50.0,33.0,27.0,10.0,9.0,1.0,2.0,3.0,6.0,58.0,31.0,24.0,7.0,9.0,4.0,8.0
2024-421,Canada Masters,Hard,56,M,O,20240806,38,K0AH,,,Sebastian Korda,R,196.0,USA,24.088,18.0,2270.0,FB98,9.0,,Taylor Fritz,R,196.0,USA,26.773,13.0,3330.0,6-4 7-6(4),3,R32,97.0,7.0,2.0,73.0,39.0,28.0,25.0,11.0,4.0,4.0,7.0,4.0,81.0,42.0,32.0,22.0,11.0,6.0,7.0
2024-421,Canada Masters,Hard,56,M,O,20240806,39,HB71,4.0,,Hubert Hurkacz,R,196.0,POL,27.483,6.0,4105.0,KD46,,Q,Thanasi Kokkinakis,R,193.0,AUS,28.323,81.0,697.0,4-6 6-3 7-6(6),3,R32,148.0,14.0,5.0,102.0,55.0,46.0,27.0,16.0,6.0,7.0,15.0,3.0,92.0,60.0,48.0,18.0,15.0,3.0,4.0
2024-421,Canada Masters,Hard,56,M,O,20240806,40,RC91,,Q,Arthur Rinderknech,R,196.0,FRA,29.04,65.0,786.0,C0E9,,,Flavio Cobolli,R,183.0,ITA,22.253,33.0,1323.0,6-3 6-2,3,R32,71.0,3.0,1.0,47.0,29.0,22.0,12.0,9.0,2.0,3.0,1.0,4.0,49.0,25.0,15.0,11.0,8.0,5.0,9.0
2024-421,Canada Masters,Hard,56,M,O,20240806,41,A0FC,,,Matteo Arnaldi,R,185.0,ITA,23.452,46.0,1155.0,DH50,,,Alejandro Davidovich Fokina,R,180.0,ESP,25.172,42.0,1195.0,4-6 7-6(5) 3-0 RET,3,R16,154.0,4.0,7.0,97.0,48.0,32.0,25.0,12.0,10.0,14.0,2.0,5.0,87.0,56.0,32.0,16.0,13.0,4.0,9.0
2024-421,Canada Masters,Hard,56,M,O,20240806,42,RE44,5.0,,Andrey Rublev,R,188.0,RUS,26.795,8.0,3975.0,N0AE,,Q,Brandon Nakashima,R,188.0,USA,23.009,52.0,935.0,6-2 6-2,3,R16,62.0,4.0,2.0,41.0,24.0,21.0,11.0,8.0,0.0,0.0,2.0,2.0,55.0,29.0,18.0,10.0,8.0,6.0,10.0
2024-421,Canada Masters,Hard,56,M,O,20240806,43,N552,,PR,Kei Nishikori,R,178.0,JPN,34.604,576.0,60.0,BT72,,,Nuno Borges,R,185.0,POR,27.461,43.0,1176.0,6-3 6-4,3,R16,88.0,2.0,2.0,72.0,46.0,33.0,10.0,10.0,8.0,10.0,1.0,2.0,53.0,30.0,17.0,12.0,9.0,1.0,5.0
2024-421,Canada Masters,Hard,56,M,O,20240806,44,P09Z,,,Alexei Popyrin,R,196.0,AUS,25.005,62.0,821.0,D875,7.0,,Grigor Dimitrov,R,191.0,BUL,33.227,10.0,3600.0,4-6 7-6(5) 6-3,3,R16,158.0,9.0,6.0,121.0,65.0,52.0,28.0,16.0,8.0,9.0,7.0,9.0,97.0,58.0,46.0,20.0,15.0,0.0,1.0
2024-421,Canada Masters,Hard,56,M,O,20240806,45,S0AG,1.0,,Jannik Sinner,R,191.0,ITA,22.973,1.0,9570.0,TE30,15.0,,Alejandro Tabilo,L,188.0,CHI,27.179,21.0,1918.0,6-4 6-3,3,R16,80.0,5.0,3.0,48.0,25.0,23.0,14.0,9.0,0.0,0.0,2.0,1.0,67.0,39.0,27.0,12.0,10.0,3.0,6.0
2024-421,Canada Masters,Hard,56,M,O,20240806,46,Z355,2.0,,Alexander Zverev,R,198.0,GER,27.296,4.0,6845.0,R0DG,13.0,,Holger Rune,R,188.0,DEN,21.273,17.0,2300.0,6-3 7-6(5),3,R16,103.0,8.0,2.0,59.0,39.0,30.0,13.0,10.0,2.0,3.0,2.0,6.0,73.0,44.0,31.0,14.0,11.0,4.0,7.0
2024-421,Canada Masters,Hard,56,M,O,20240806,47,K0AH,,,Sebastian Korda,R,196.0,USA,24.088,18.0,2270.0,RH16,6.0,,Casper Ruud,R,183.0,NOR,25.624,9.0,3880.0,W/O,3,R16,0.0,,,,,,,,,,,,,,,,,,
2024-421,Canada Masters,Hard,56,M,O,20240806,48,HB71,4.0,,Hubert Hurkacz,R,196.0,POL,27.483,6.0,4105.0,RC91,,Q,Arthur Rinderknech,R,196.0,FRA,29.04,65.0,786.0,4-6 6-3 6-4,3,R16,128.0,4.0,0.0,91.0,45.0,37.0,25.0,15.0,4.0,6.0,8.0,6.0,78.0,48.0,38.0,14.0,14.0,3.0,6.0
2024-421,Canada Masters,Hard,56,M,O,20240806,49,RE44,5.0,,Andrey Rublev,R,188.0,RUS,26.795,8.0,3975.0,S0AG,1.0,,Jannik Sinner,R,191.0,ITA,22.973,1.0,9570.0,6-3 1-6 6-2,3,QF,107.0,4.0,1.0,79.0,49.0,36.0,14.0,12.0,10.0,12.0,10.0,4.0,73.0,43.0,32.0,13.0,12.0,4.0,7.0
2024-421,Canada Masters,Hard,56,M,O,20240806,50,A0FC,,,Matteo Arnaldi,R,185.0,ITA,23.452,46.0,1155.0,N552,,PR,Kei Nishikori,R,178.0,JPN,34.604,576.0,60.0,6-4 7-5,3,QF,120.0,5.0,5.0,73.0,35.0,26.0,17.0,11.0,4.0,6.0,0.0,1.0,76.0,52.0,30.0,13.0,11.0,5.0,9.0
2024-421,Canada Masters,Hard,56,M,O,20240806,51,P09Z,,,Alexei Popyrin,R,196.0,AUS,25.005,62.0,821.0,HB71,4.0,,Hubert Hurkacz,R,196.0,POL,27.483,6.0,4105.0,3-6 7-6(5) 7-5,3,QF,167.0,11.0,6.0,105.0,68.0,51.0,17.0,16.0,8.0,11.0,8.0,3.0,141.0,78.0,54.0,30.0,17.0,17.0,20.0
2024-421,Canada Masters,Hard,56,M,O,20240806,52,K0AH,,,Sebastian Korda,R,196.0,USA,24.088,18.0,2270.0,Z355,2.0,,Alexander Zverev,R,198.0,GER,27.296,4.0,6845.0,7-6(5) 1-6 6-4,3,QF,138.0,7.0,2.0,93.0,57.0,42.0,14.0,15.0,5.0,9.0,5.0,11.0,98.0,65.0,51.0,11.0,14.0,7.0,9.0
2024-421,Canada Masters,Hard,56,M,O,20240806,53,RE44,5.0,,Andrey Rublev,R,188.0,RUS,26.795,8.0,3975.0,A0FC,,,Matteo Arnaldi,R,185.0,ITA,23.452,46.0,1155.0,6-4 6-2,3,SF,78.0,4.0,1.0,52.0,34.0,27.0,11.0,9.0,1.0,1.0,2.0,1.0,53.0,26.0,17.0,14.0,9.0,0.0,3.0
2024-421,Canada Masters,Hard,56,M,O,20240806,54,P09Z,,,Alexei Popyrin,R,196.0,AUS,25.005,62.0,821.0,K0AH,,,Sebastian Korda,R,196.0,USA,24.088,18.0,2270.0,7-6(0) 6-3,3,SF,92.0,2.0,6.0,70.0,41.0,34.0,10.0,10.0,2.0,4.0,2.0,5.0,73.0,41.0,27.0,12.0,11.0,7.0,11.0
2024-421,Canada Masters,Hard,56,M,O,20240806,55,P09Z,,,Alexei Popyrin,R,196.0,AUS,25.005,62.0,821.0,RE44,5.0,,Andrey Rublev,R,188.0,RUS,26.795,8.0,3975.0,6-2 6-4,3,F,89.0,10.0,3.0,64.0,38.0,32.0,9.0,9.0,5.0,6.0,4.0,5.0,62.0,27.0,17.0,14.0,9.0,5.0,9.0
2024-422,Cincinnati Masters,Hard,56,M,O,20240812,1,C0E9,,,Flavio Cobolli,R,183.0,ITA,22.27,31.0,1348.0,PL56,10.0,,Tommy Paul,R,185.0,USA,27.239,13.0,3065.0,6-2 4-6 7-5,3,R64,126.0,9.0,4.0,97.0,54.0,39.0,22.0,15.0,7.0,11.0,5.0,4.0,88.0,61.0,42.0,10.0,15.0,6.0,12.0
2024-422,Cincinnati Masters,Hard,56,M,O,20240812,2,KE29,,,Karen Khachanov,R,198.0,RUS,28.227,22.0,1880.0,C0AU,,,Francisco Cerundolo,R,185.0,ARG,25.999,29.0,1495.0,6-0 6-3,3,R64,64.0,9.0,3.0,48.0,31.0,24.0,9.0,7.0,2.0,2.0,2.0,3.0,48.0,30.0,19.0,3.0,8.0,2.0,7.0
2024-422,Cincinnati Masters,Hard,56,M,O,20240812,3,Z371,,,Zhizhen Zhang,R,193.0,CHN,27.822,44.0,1161.0,M0GZ,,,Giovanni Mpetshi Perricard,R,203.0,FRA,21.098,48.0,1052.0,6-3 7-6(4),3,R64,79.0,6.0,2.0,51.0,25.0,19.0,21.0,10.0,0.0,1.0,13.0,10.0,69.0,39.0,27.0,13.0,11.0,0.0,3.0
2024-422,Cincinnati Masters,Hard,56,M,O,20240812,4,D0FJ,,,Luciano Darderi,R,183.0,ITA,22.491,34.0,1316.0,TE30,,,Alejandro Tabilo,L,188.0,CHI,27.195,21.0,1993.0,6-3 7-6(5),3,R64,115.0,16.0,4.0,93.0,51.0,39.0,20.0,11.0,10.0,11.0,8.0,4.0,73.0,35.0,27.0,17.0,10.0,3.0,5.0
2024-422,Cincinnati Masters,Hard,56,M,O,20240812,5,B0BI,,,Sebastian Baez,R,170.0,ARG,23.622,20.0,2000.0,GC88,,,Marcos Giron,R,180.0,USA,31.053,45.0,1160.0,6-4 5-7 7-6(6),3,R64,155.0,1.0,6.0,111.0,73.0,53.0,17.0,17.0,4.0,7.0,8.0,2.0,105.0,54.0,39.0,29.0,17.0,7.0,10.0
2024-422,Cincinnati Masters,Hard,56,M,O,20240812,6,TD51,,,Frances Tiafoe,R,188.0,USA,26.56,27.0,1515.0,DH50,,,Alejandro Davidovich Fokina,R,180.0,ESP,25.188,53.0,935.0,6-3 7-6(6),3,R64,103.0,6.0,3.0,67.0,26.0,20.0,23.0,10.0,1.0,3.0,3.0,6.0,85.0,54.0,36.0,10.0,11.0,10.0,14.0
2024-422,Cincinnati Masters,Hard,56,M,O,20240812,7,L0BV,,,Jiri Lehecka,R,185.0,CZE,22.76,35.0,1315.0,N0BS,,,Mariano Navone,R,178.0,ARG,23.455,38.0,1293.0,7-6(3) 6-3,3,R64,87.0,3.0,6.0,66.0,37.0,31.0,15.0,11.0,2.0,3.0,3.0,2.0,60.0,38.0,26.0,14.0,10.0,1.0,3.0
2024-422,Cincinnati Masters,Hard,56,M,O,20240812,8,M0QI,,Q,Alex Michelsen,R,193.0,USA,19.964,57.0,905.0,GJ37,,,Tallon Griekspoor,R,188.0,NED,28.112,41.0,1220.0,6-1 5-7 6-2,3,R64,106.0,10.0,1.0,73.0,48.0,42.0,15.0,14.0,2.0,3.0,6.0,7.0,78.0,45.0,31.0,14.0,13.0,6.0,10.0
2024-422,Cincinnati Masters,Hard,56,M,O,20240812,9,TC61,,,Jordan Thompson,R,183.0,AUS,30.313,32.0,1346.0,HH26,13.0,,Ugo Humbert,L,188.0,FRA,26.13,17.0,2365.0,3-6 6-3 7-6(4),3,R64,152.0,7.0,1.0,91.0,56.0,45.0,19.0,15.0,1.0,3.0,8.0,3.0,98.0,62.0,46.0,20.0,15.0,4.0,6.0
2024-422,Cincinnati Masters,Hard,56,M,O,20240812,10,S0S1,12.0,,Ben Shelton,L,193.0,USA,21.843,14.0,2955.0,O522,,WC,Reilly Opelka,R,211.0,USA,26.957,322.0,157.0,7-6(3) 7-6(3),3,R64,98.0,6.0,4.0,83.0,58.0,53.0,12.0,12.0,5.0,5.0,19.0,3.0,73.0,49.0,41.0,15.0,12.0,2.0,2.0
2024-422,Cincinnati Masters,Hard,56,M,O,20240812,11,M0EJ,14.0,,Lorenzo Musetti,R,185.0,ITA,22.445,18.0,2250.0,J551,,,Nicolas Jarry,R,201.0,CHI,28.838,25.0,1710.0,4-6 7-6(5) 7-6(4),3,R64,167.0,9.0,5.0,104.0,62.0,53.0,26.0,17.0,1.0,2.0,13.0,5.0,103.0,57.0,46.0,32.0,17.0,2.0,2.0
2024-422,Cincinnati Masters,Hard,56,M,O,20240812,12,N732,,Q,Yoshihito Nishioka,L,170.0,JPN,28.876,52.0,939.0,KI95,,,Miomir Kecmanovic,R,183.0,SRB,24.95,51.0,940.0,6-4 7-5,3,R64,80.0,3.0,0.0,63.0,40.0,27.0,16.0,11.0,1.0,2.0,5.0,2.0,58.0,28.0,21.0,17.0,11.0,1.0,4.0
2024-422,Cincinnati Masters,Hard,56,M,O,20240812,13,N0AE,,WC,Brandon Nakashima,R,188.0,USA,23.025,49.0,1035.0,FB98,11.0,,Taylor Fritz,R,196.0,USA,26.79,12.0,3290.0,6-4 4-6 7-6(4),3,R64,137.0,15.0,1.0,101.0,67.0,52.0,21.0,16.0,4.0,5.0,13.0,6.0,92.0,59.0,49.0,20.0,16.0,5.0,6.0
2024-422,Cincinnati Masters,Hard,56,M,O,20240812,14,F0F1,,,Arthur Fils,R,185.0,FRA,20.167,24.0,1755.0,H09P,,Q,Brandon Holt,R,185.0,USA,26.352,227.0,255.0,6-4 6-1,3,R64,70.0,2.0,5.0,50.0,34.0,27.0,7.0,9.0,0.0,1.0,3.0,0.0,57.0,34.0,20.0,8.0,8.0,5.0,9.0
2024-422,Cincinnati Masters,Hard,56,M,O,20240812,15,BT72,,Q,Nuno Borges,R,185.0,POR,27.477,39.0,1265.0,ME82,,,Adrian Mannarino,L,180.0,FRA,36.12,33.0,1340.0,6-4 3-6 6-1,3,R64,123.0,8.0,3.0,101.0,68.0,47.0,19.0,13.0,9.0,10.0,2.0,2.0,85.0,49.0,33.0,18.0,13.0,8.0,11.0
2024-422,Cincinnati Masters,Hard,56,M,O,20240812,16,M0CI,,,Fabian Marozsan,R,193.0,HUN,24.846,50.0,990.0,MW02,,Q,Corentin Moutet,L,180.0,FRA,25.317,71.0,762.0,6-4 7-6(2),3,R64,108.0,3.0,6.0,67.0,46.0,35.0,8.0,11.0,1.0,4.0,1.0,4.0,77.0,37.0,27.0,17.0,11.0,7.0,11.0
2024-422,Cincinnati Masters,Hard,56,M,O,20240812,17,AG37,,,Felix Auger-Aliassime,R,193.0,CAN,24.011,19.0,2115.0,K0AZ,,,Aleksandar Kovacevic,R,183.0,USA,25.955,79.0,723.0,6-3 6-1,3,R64,73.0,2.0,3.0,50.0,22.0,15.0,17.0,8.0,3.0,4.0,5.0,6.0,45.0,23.0,14.0,8.0,8.0,2.0,7.0
2024-422,Cincinnati Masters,Hard,56,M,O,20240812,18,TE51,,,Stefanos Tsitsipas,R,193.0,GRE,26.001,11.0,3465.0,SL28,,,Jan-Lennard Struff,R,193.0,GER,34.3,36.0,1310.0,4-6 6-4 6-3,3,R64,117.0,18.0,7.0,84.0,47.0,38.0,21.0,15.0,3.0,5.0,9.0,10.0,106.0,62.0,46.0,17.0,14.0,11.0,14.0
2024-422,Cincinnati Masters,Hard,56,M,O,20240812,19,R0DG,15.0,,Holger Rune,R,188.0,DEN,21.29,16.0,2390.0,BK40,,WC,Matteo Berrettini,R,196.0,ITA,28.334,42.0,1170.0,2-6 6-1 6-4,3,R64,109.0,4.0,2.0,68.0,42.0,26.0,16.0,13.0,0.0,3.0,7.0,3.0,72.0,44.0,32.0,12.0,12.0,4.0,8.0
2024-422,Cincinnati Masters,Hard,56,M,O,20240812,20,PH71,,WC,Max Purcell,R,185.0,AUS,26.36,68.0,775.0,M0FH,,,Tomas Machac,R,183.0,CZE,23.83,40.0,1230.0,6-4 7-6(1),3,R64,93.0,15.0,3.0,65.0,31.0,29.0,20.0,11.0,3.0,4.0,6.0,5.0,80.0,51.0,33.0,14.0,11.0,4.0,6.0
2024-422,Cincinnati Masters,Hard,56,M,O,20240812,21,D0CO,,,Jack Draper,L,193.0,GBR,22.639,28.0,1511.0,MU94,,Q,Jaume Munar,R,183.0,ESP,27.272,89.0,642.0,7-5 3-6 7-6(5),3,R64,153.0,13.0,3.0,103.0,62.0,45.0,20.0,16.0,3.0,7.0,7.0,5.0,97.0,58.0,42.0,21.0,17.0,1.0,5.0
2024-422,Cincinnati Masters,Hard,56,M,O,20240812,22,MC65,,,Gael Monfils,R,193.0,FRA,37.947,46.0,1145.0,P09Z,,,Alexei Popyrin,R,196.0,AUS,25.021,23.0,1821.0,7-5 6-3,3,R64,81.0,6.0,3.0,61.0,32.0,25.0,18.0,11.0,1.0,2.0,4.0,1.0,54.0,35.0,23.0,9.0,10.0,2.0,5.0
2024-422,Cincinnati Masters,Hard,56,M,O,20240812,23,CD85,,PR,Pablo Carreno Busta,R,188.0,ESP,33.087,513.0,77.0,K0AH,16.0,,Sebastian Korda,R,196.0,USA,24.104,15.0,2625.0,7-5 6-1,3,R64,77.0,7.0,2.0,66.0,44.0,34.0,13.0,10.0,2.0,2.0,5.0,0.0,44.0,27.0,20.0,7.0,9.0,2.0,5.0
2024-422,Cincinnati Masters,Hard,56,M,O,20240812,24,EA24,,,Tomas Martin Etcheverry,R,196.0,ARG,25.07,37.0,1295.0,A0FC,,,Matteo Arnaldi,R,185.0,ITA,23.469,30.0,1485.0,6-3 6-7(3) 6-2,3,R64,154.0,4.0,2.0,95.0,54.0,36.0,23.0,14.0,6.0,9.0,9.0,8.0,88.0,44.0,30.0,18.0,15.0,5.0,12.0
2024-422,Cincinnati Masters,Hard,56,M,O,20240812,25,S0AG,1.0,,Jannik Sinner,R,191.0,ITA,22.99,1.0,8770.0,M0QI,,Q,Alex Michelsen,R,193.0,USA,19.964,57.0,905.0,6-4 7-5,3,R32,111.0,9.0,4.0,83.0,42.0,31.0,25.0,11.0,8.0,8.0,1.0,2.0,76.0,44.0,32.0,14.0,11.0,3.0,5.0
2024-422,Cincinnati Masters,Hard,56,M,O,20240812,26,TD51,,,Frances Tiafoe,R,188.0,USA,26.56,27.0,1515.0,M0EJ,14.0,,Lorenzo Musetti,R,185.0,ITA,22.445,18.0,2250.0,6-3 6-2,3,R32,67.0,2.0,1.0,41.0,31.0,26.0,6.0,8.0,0.0,0.0,2.0,4.0,60.0,32.0,19.0,12.0,9.0,8.0,12.0
2024-422,Cincinnati Masters,Hard,56,M,O,20240812,27,TC61,,,Jordan Thompson,R,183.0,AUS,30.313,32.0,1346.0,B0BI,,,Sebastian Baez,R,170.0,ARG,23.622,20.0,2000.0,6-2 6-4,3,R32,85.0,2.0,3.0,54.0,25.0,19.0,12.0,9.0,2.0,5.0,1.0,5.0,53.0,38.0,19.0,1.0,9.0,2.0,8.0
2024-422,Cincinnati Masters,Hard,56,M,O,20240812,28,L0BV,,,Jiri Lehecka,R,185.0,CZE,22.76,35.0,1315.0,MM58,4.0,,Daniil Medvedev,R,198.0,RUS,28.501,5.0,6355.0,7-6(2) 6-4,3,R32,99.0,4.0,4.0,83.0,52.0,39.0,18.0,11.0,5.0,5.0,7.0,7.0,66.0,29.0,21.0,25.0,11.0,3.0,4.0
2024-422,Cincinnati Masters,Hard,56,M,O,20240812,29,HB71,5.0,,Hubert Hurkacz,R,196.0,POL,27.499,7.0,4215.0,N732,,Q,Yoshihito Nishioka,L,170.0,JPN,28.876,52.0,939.0,3-6 7-6(4) 6-1,3,R32,132.0,21.0,2.0,114.0,70.0,53.0,22.0,15.0,17.0,19.0,5.0,1.0,82.0,53.0,35.0,18.0,13.0,3.0,5.0
2024-422,Cincinnati Masters,Hard,56,M,O,20240812,30,C0E9,,,Flavio Cobolli,R,183.0,ITA,22.27,31.0,1348.0,D0FJ,,,Luciano Darderi,R,183.0,ITA,22.491,34.0,1316.0,7-6(4) 3-1 RET,3,R32,66.0,7.0,1.0,56.0,36.0,29.0,13.0,8.0,4.0,5.0,5.0,2.0,46.0,24.0,20.0,9.0,8.0,0.0,2.0
2024-422,Cincinnati Masters,Hard,56,M,O,20240812,31,Z355,3.0,,Alexander Zverev,R,198.0,GER,27.313,4.0,6995.0,KE29,,,Karen Khachanov,R,198.0,RUS,28.227,22.0,1880.0,6-3 6-2,3,R32,81.0,7.0,2.0,56.0,37.0,31.0,7.0,9.0,3.0,4.0,5.0,2.0,53.0,30.0,18.0,10.0,8.0,4.0,8.0
2024-422,Cincinnati Masters,Hard,56,M,O,20240812,32,CD85,,PR,Pablo Carreno Busta,R,188.0,ESP,33.087,513.0,77.0,PH71,,WC,Max Purcell,R,185.0,AUS,26.36,68.0,775.0,6-3 6-3,3,R32,66.0,11.0,0.0,43.0,27.0,23.0,13.0,9.0,0.0,0.0,4.0,1.0,45.0,21.0,15.0,13.0,9.0,1.0,4.0
2024-422,Cincinnati Masters,Hard,56,M,O,20240812,33,M0CI,,,Fabian Marozsan,R,193.0,HUN,24.846,50.0,990.0,D875,8.0,,Grigor Dimitrov,R,191.0,BUL,33.243,9.0,3690.0,4-6 6-4 6-3,3,R32,115.0,6.0,5.0,93.0,58.0,47.0,15.0,15.0,2.0,4.0,10.0,9.0,83.0,37.0,32.0,20.0,14.0,4.0,7.0
2024-422,Cincinnati Masters,Hard,56,M,O,20240812,34,RE44,6.0,,Andrey Rublev,R,188.0,RUS,26.812,6.0,4615.0,Z371,,,Zhizhen Zhang,R,193.0,CHN,27.822,44.0,1161.0,6-4 6-3,3,R32,60.0,10.0,0.0,49.0,34.0,29.0,11.0,10.0,0.0,0.0,6.0,4.0,55.0,32.0,26.0,8.0,9.0,1.0,3.0
2024-422,Cincinnati Masters,Hard,56,M,O,20240812,35,N0AE,,WC,Brandon Nakashima,R,188.0,USA,23.025,49.0,1035.0,F0F1,,,Arthur Fils,R,185.0,FRA,20.167,24.0,1755.0,7-5 7-6(3),3,R32,109.0,15.0,2.0,90.0,58.0,46.0,16.0,12.0,6.0,6.0,7.0,4.0,75.0,48.0,38.0,15.0,12.0,0.0,1.0
2024-422,Cincinnati Masters,Hard,56,M,O,20240812,36,S0S1,12.0,,Ben Shelton,L,193.0,USA,21.843,14.0,2955.0,EA24,,,Tomas Martin Etcheverry,R,196.0,ARG,25.07,37.0,1295.0,6-7(6) 7-6(7) 6-3,3,R32,172.0,13.0,7.0,118.0,83.0,65.0,19.0,17.0,4.0,5.0,16.0,5.0,123.0,81.0,61.0,21.0,16.0,9.0,11.0
2024-422,Cincinnati Masters,Hard,56,M,O,20240812,37,D0CO,,,Jack Draper,L,193.0,GBR,22.639,28.0,1511.0,TE51,9.0,,Stefanos Tsitsipas,R,193.0,GRE,26.001,11.0,3465.0,3-6 6-4 7-5,3,R32,140.0,5.0,7.0,91.0,48.0,40.0,21.0,15.0,4.0,6.0,5.0,7.0,100.0,55.0,40.0,21.0,16.0,2.0,5.0
2024-422,Cincinnati Masters,Hard,56,M,O,20240812,38,R0DG,15.0,,Holger Rune,R,188.0,DEN,21.29,16.0,2390.0,BT72,,Q,Nuno Borges,R,185.0,POR,27.477,39.0,1265.0,6-3 7-6(8),3,R32,110.0,3.0,2.0,65.0,33.0,24.0,19.0,11.0,0.0,2.0,3.0,5.0,82.0,42.0,33.0,15.0,10.0,4.0,7.0
2024-422,Cincinnati Masters,Hard,56,M,O,20240812,39,MC65,,,Gael Monfils,R,193.0,FRA,37.947,46.0,1145.0,A0E2,2.0,,Carlos Alcaraz,R,183.0,ESP,21.273,3.0,7950.0,4-6 7-6(5) 6-4,3,R32,150.0,15.0,12.0,116.0,65.0,51.0,25.0,16.0,6.0,7.0,7.0,8.0,102.0,56.0,43.0,28.0,16.0,7.0,8.0
2024-422,Cincinnati Masters,Hard,56,M,O,20240812,40,AG37,,,Felix Auger-Aliassime,R,193.0,CAN,24.011,19.0,2115.0,RH16,,,Casper Ruud,R,183.0,NOR,25.64,8.0,3890.0,6-3 6-1,3,R32,67.0,14.0,4.0,41.0,28.0,24.0,6.0,8.0,0.0,1.0,0.0,5.0,48.0,25.0,11.0,11.0,8.0,5.0,10.0
2024-422,Cincinnati Masters,Hard,56,M,O,20240812,41,Z355,3.0,,Alexander Zverev,R,198.0,GER,27.313,4.0,6995.0,CD85,,PR,Pablo Carreno Busta,R,188.0,ESP,33.087,513.0,77.0,7-5 7-6(6),3,R16,123.0,8.0,3.0,75.0,42.0,30.0,22.0,12.0,3.0,5.0,6.0,7.0,82.0,50.0,36.0,13.0,12.0,7.0,10.0
2024-422,Cincinnati Masters,Hard,56,M,O,20240812,42,RE44,6.0,,Andrey Rublev,R,188.0,RUS,26.812,6.0,4615.0,N0AE,,WC,Brandon Nakashima,R,188.0,USA,23.025,49.0,1035.0,7-6(5) 6-1,3,R16,81.0,6.0,1.0,62.0,42.0,37.0,11.0,10.0,3.0,3.0,4.0,1.0,53.0,25.0,19.0,16.0,9.0,2.0,4.0
2024-422,Cincinnati Masters,Hard,56,M,O,20240812,43,S0AG,1.0,,Jannik Sinner,R,191.0,ITA,22.99,1.0,8770.0,TC61,,,Jordan Thompson,R,183.0,AUS,30.313,32.0,1346.0,W/O,3,R16,0.0,,,,,,,,,,,,,,,,,,
2024-422,Cincinnati Masters,Hard,56,M,O,20240812,44,S0S1,12.0,,Ben Shelton,L,193.0,USA,21.843,14.0,2955.0,M0CI,,,Fabian Marozsan,R,193.0,HUN,24.846,50.0,990.0,6-4 6-3,3,R16,69.0,8.0,1.0,50.0,33.0,26.0,9.0,9.0,1.0,2.0,6.0,2.0,65.0,45.0,30.0,5.0,10.0,4.0,8.0
2024-422,Cincinnati Masters,Hard,56,M,O,20240812,45,HB71,5.0,,Hubert Hurkacz,R,196.0,POL,27.499,7.0,4215.0,C0E9,,,Flavio Cobolli,R,183.0,ITA,22.27,31.0,1348.0,6-3 3-6 6-1,3,R16,118.0,10.0,1.0,70.0,45.0,34.0,16.0,13.0,1.0,2.0,5.0,1.0,77.0,45.0,33.0,15.0,12.0,7.0,10.0
2024-422,Cincinnati Masters,Hard,56,M,O,20240812,46,R0DG,15.0,,Holger Rune,R,188.0,DEN,21.29,16.0,2390.0,MC65,,,Gael Monfils,R,193.0,FRA,37.947,46.0,1145.0,3-6 6-3 6-4,3,R16,134.0,4.0,4.0,93.0,50.0,35.0,29.0,14.0,7.0,8.0,8.0,5.0,73.0,38.0,32.0,20.0,14.0,1.0,3.0
2024-422,Cincinnati Masters,Hard,56,M,O,20240812,47,D0CO,,,Jack Draper,L,193.0,GBR,22.639,28.0,1511.0,AG37,,,Felix Auger-Aliassime,R,193.0,CAN,24.011,19.0,2115.0,5-7 6-4 6-4,3,R16,157.0,5.0,5.0,83.0,49.0,40.0,21.0,16.0,0.0,1.0,12.0,12.0,116.0,60.0,44.0,29.0,16.0,6.0,8.0
2024-422,Cincinnati Masters,Hard,56,M,O,20240812,48,TD51,,,Frances Tiafoe,R,188.0,USA,26.56,27.0,1515.0,L0BV,,,Jiri Lehecka,R,185.0,CZE,22.76,35.0,1315.0,6-4 6-7(10) 7-6(5),3,R16,172.0,11.0,6.0,120.0,58.0,47.0,38.0,17.0,6.0,7.0,24.0,5.0,130.0,79.0,60.0,26.0,17.0,6.0,8.0
2024-422,Cincinnati Masters,Hard,56,M,O,20240812,49,S0AG,1.0,,Jannik Sinner,R,191.0,ITA,22.99,1.0,8770.0,RE44,6.0,,Andrey Rublev,R,188.0,RUS,26.812,6.0,4615.0,4-6 7-5 6-4,3,QF,146.0,10.0,5.0,90.0,43.0,36.0,20.0,16.0,4.0,9.0,4.0,7.0,122.0,72.0,47.0,20.0,16.0,10.0,16.0
2024-422,Cincinnati Masters,Hard,56,M,O,20240812,50,Z355,3.0,,Alexander Zverev,R,198.0,GER,27.313,4.0,6995.0,S0S1,12.0,,Ben Shelton,L,193.0,USA,21.843,14.0,2955.0,3-6 7-6(3) 7-5,3,QF,149.0,10.0,8.0,89.0,54.0,44.0,24.0,16.0,3.0,4.0,14.0,4.0,109.0,74.0,54.0,20.0,17.0,7.0,8.0
2024-422,Cincinnati Masters,Hard,56,M,O,20240812,51,TD51,,,Frances Tiafoe,R,188.0,USA,26.56,27.0,1515.0,HB71,5.0,,Hubert Hurkacz,R,196.0,POL,27.499,7.0,4215.0,6-3 RET,3,QF,46.0,4.0,0.0,25.0,15.0,12.0,6.0,4.0,2.0,2.0,3.0,1.0,26.0,12.0,7.0,8.0,5.0,2.0,4.0
2024-422,Cincinnati Masters,Hard,56,M,O,20240812,52,R0DG,15.0,,Holger Rune,R,188.0,DEN,21.29,16.0,2390.0,D0CO,,,Jack Draper,L,193.0,GBR,22.639,28.0,1511.0,6-4 6-2,3,QF,76.0,1.0,3.0,58.0,30.0,24.0,16.0,9.0,3.0,3.0,3.0,2.0,47.0,23.0,19.0,11.0,9.0,0.0,3.0
2024-422,Cincinnati Masters,Hard,56,M,O,20240812,53,S0AG,1.0,,Jannik Sinner,R,191.0,ITA,22.99,1.0,8770.0,Z355,3.0,,Alexander Zverev,R,198.0,GER,27.313,4.0,6995.0,7-6(9) 5-7 7-6(4),3,SF,187.0,12.0,1.0,118.0,73.0,51.0,29.0,18.0,2.0,5.0,15.0,5.0,127.0,82.0,59.0,24.0,18.0,2.0,4.0
2024-422,Cincinnati Masters,Hard,56,M,O,20240812,54,TD51,,,Frances Tiafoe,R,188.0,USA,26.56,27.0,1515.0,R0DG,15.0,,Holger Rune,R,188.0,DEN,21.29,16.0,2390.0,4-6 6-1 7-6(4),3,SF,128.0,13.0,1.0,92.0,46.0,36.0,28.0,15.0,4.0,6.0,12.0,8.0,89.0,43.0,34.0,21.0,14.0,3.0,6.0
2024-422,Cincinnati Masters,Hard,56,M,O,20240812,55,S0AG,1.0,,Jannik Sinner,R,191.0,ITA,22.99,1.0,8770.0,TD51,,,Frances Tiafoe,R,188.0,USA,26.56,27.0,1515.0,7-6(4) 6-2,3,F,96.0,13.0,2.0,58.0,33.0,28.0,19.0,10.0,3.0,3.0,5.0,2.0,84.0,46.0,32.0,18.0,10.0,6.0,8.0
2024-6242,Winston-Salem,Hard,48,250,O,20240818,1,V832,,,Aleksandar Vukic,R,188.0,AUS,28.367,94.0,604.0,E687,,,Daniel Evans,R,175.0,GBR,34.24,186.0,324.0,2-6 6-4 6-1,3,R64,118.0,11.0,1.0,56.0,38.0,34.0,9.0,12.0,1.0,3.0,5.0,6.0,96.0,45.0,30.0,25.0,13.0,11.0,15.0
2024-6242,Winston-Salem,Hard,48,250,O,20240818,2,CG80,,,Borna Coric,R,188.0,CRO,27.759,87.0,647.0,N897,,,Sumit Nagal,R,178.0,IND,27.006,72.0,747.0,6-4 6-2,3,R64,70.0,7.0,2.0,48.0,27.0,24.0,11.0,9.0,0.0,1.0,3.0,1.0,50.0,35.0,17.0,11.0,9.0,1.0,5.0
2024-6242,Winston-Salem,Hard,48,250,O,20240818,3,F724,,,Marton Fucsovics,R,188.0,HUN,32.526,79.0,701.0,DA81,,,Taro Daniel,R,191.0,JPN,31.556,88.0,639.0,4-6 6-1 6-2,3,R64,114.0,5.0,3.0,69.0,43.0,36.0,14.0,13.0,1.0,2.0,0.0,3.0,79.0,40.0,26.0,19.0,12.0,6.0,10.0
2024-6242,Winston-Salem,Hard,48,250,O,20240819,4,C0H0,,,Arthur Cazaux,R,183.0,FRA,21.99,97.0,596.0,V812,,,Botic van de Zandschulp,R,191.0,NED,28.876,73.0,739.0,6-1 7-6(3),3,R64,100.0,4.0,4.0,62.0,33.0,26.0,15.0,10.0,1.0,3.0,3.0,4.0,64.0,39.0,20.0,13.0,9.0,7.0,11.0
2024-6242,Winston-Salem,Hard,48,250,O,20240818,5,BU13,,,Zizou Bergs,R,185.0,BEL,25.21,85.0,672.0,O522,,WC,Reilly Opelka,R,211.0,USA,26.973,322.0,157.0,6-4 3-6 7-6(1),3,R64,140.0,6.0,4.0,92.0,61.0,45.0,22.0,15.0,3.0,4.0,14.0,7.0,97.0,59.0,47.0,21.0,16.0,1.0,2.0
2024-6242,Winston-Salem,Hard,48,250,O,20240818,6,SX91,,,Thiago Seyboth Wild,R,185.0,BRA,24.441,69.0,765.0,D994,,,James Duckworth,R,183.0,AUS,32.575,70.0,764.0,3-6 6-3 6-4,3,R64,121.0,5.0,2.0,79.0,52.0,40.0,17.0,14.0,2.0,3.0,5.0,1.0,83.0,48.0,33.0,22.0,14.0,3.0,5.0
2024-6242,Winston-Salem,Hard,48,250,O,20240818,7,E865,,WC,Christopher Eubanks,R,201.0,USA,28.287,120.0,495.0,W09E,,,Adam Walton,R,183.0,AUS,25.339,96.0,601.0,2-6 7-5 6-4,3,R64,124.0,14.0,6.0,89.0,47.0,38.0,23.0,15.0,2.0,4.0,7.0,2.0,91.0,56.0,41.0,18.0,15.0,4.0,6.0
2024-6242,Winston-Salem,Hard,48,250,O,20240818,8,MP20,,ALT,Alexandre Muller,R,183.0,FRA,27.543,76.0,732.0,LB66,,,Constant Lestienne,R,180.0,FRA,32.238,110.0,527.0,6-3 6-2,3,R64,77.0,3.0,1.0,49.0,34.0,25.0,10.0,9.0,2.0,3.0,5.0,2.0,54.0,25.0,17.0,11.0,8.0,2.0,6.0
2024-6242,Winston-Salem,Hard,48,250,O,20240818,9,S0RE,,,Juncheng Shang,L,180.0,CHN,19.54,77.0,729.0,C0DF,,,Francisco Comesana,R,178.0,ARG,23.866,108.0,532.0,6-2 6-1,3,R64,68.0,4.0,2.0,46.0,30.0,24.0,10.0,8.0,1.0,1.0,2.0,2.0,48.0,31.0,19.0,5.0,7.0,3.0,7.0
2024-6242,Winston-Salem,Hard,48,250,O,20240818,10,S0LA,,PR,Dominic Stricker,L,183.0,SUI,22.007,181.0,332.0,CE77,,,Federico Coria,R,180.0,ARG,32.444,78.0,714.0,7-5 6-2,3,R64,84.0,10.0,4.0,60.0,36.0,30.0,13.0,10.0,1.0,1.0,5.0,2.0,70.0,47.0,28.0,12.0,10.0,3.0,6.0
2024-6242,Winston-Salem,Hard,48,250,O,20240818,11,S0K7,,LL,Zachary Svajda,R,175.0,USA,21.719,107.0,533.0,DB63,,,Laslo Djere,R,188.0,SRB,29.213,100.0,566.0,6-4 6-1,3,R64,65.0,3.0,0.0,57.0,38.0,26.0,13.0,9.0,2.0,3.0,5.0,1.0,43.0,31.0,20.0,2.0,8.0,0.0,4.0
2024-6242,Winston-Salem,Hard,48,250,O,20240819,12,O483,,,Christopher O'Connell,R,183.0,AUS,30.212,86.0,668.0,KG27,,Q,Strong Kirchheimer,R,185.0,USA,29.317,511.0,77.0,7-5 6-4,3,R64,98.0,5.0,3.0,62.0,37.0,32.0,15.0,11.0,3.0,3.0,5.0,2.0,70.0,40.0,27.0,18.0,11.0,2.0,4.0
2024-6242,Winston-Salem,Hard,48,250,O,20240819,13,T0HA,,Q,Learner Tien,L,180.0,USA,18.713,230.0,251.0,S0N0,,Q,Tristan Schoolkate,R,183.0,AUS,23.477,195.0,306.0,3-6 6-2 6-3,3,R64,116.0,4.0,3.0,82.0,52.0,34.0,18.0,13.0,6.0,8.0,13.0,1.0,81.0,49.0,36.0,13.0,13.0,7.0,11.0
2024-6242,Winston-Salem,Hard,48,250,O,20240818,14,GB88,,,David Goffin,R,180.0,BEL,33.697,90.0,635.0,MU94,,,Jaume Munar,R,183.0,ESP,27.288,82.0,682.0,7-5 4-6 6-3,3,R64,154.0,5.0,3.0,100.0,56.0,37.0,26.0,15.0,9.0,12.0,9.0,1.0,97.0,63.0,44.0,14.0,16.0,6.0,11.0
2024-6242,Winston-Salem,Hard,48,250,O,20240818,15,CD85,,WC,Pablo Carreno Busta,R,188.0,ESP,33.103,299.0,177.0,K0EE,,Q,Omni Kumar,L,173.0,USA,22.856,433.0,101.0,6-2 6-0,3,R64,57.0,6.0,3.0,47.0,26.0,20.0,12.0,7.0,4.0,4.0,1.0,4.0,40.0,24.0,13.0,4.0,7.0,2.0,7.0
2024-6242,Winston-Salem,Hard,48,250,O,20240818,16,MW02,,,Corentin Moutet,L,180.0,FRA,25.333,68.0,767.0,M0AW,,,Nicolas Mejia,R,183.0,COL,24.517,235.0,245.0,7-6(5) 6-1,3,R64,100.0,3.0,1.0,67.0,47.0,29.0,10.0,10.0,3.0,6.0,1.0,2.0,64.0,40.0,22.0,7.0,9.0,3.0,8.0
2024-6242,Winston-Salem,Hard,48,250,O,20240818,17,H0BH,16.0,,Rinky Hijikata,R,178.0,AUS,23.483,65.0,811.0,C0H0,,,Arthur Cazaux,R,183.0,FRA,21.988,97.0,596.0,4-6 6-3 7-6(4),3,R32,163.0,2.0,0.0,99.0,57.0,37.0,23.0,15.0,6.0,10.0,10.0,2.0,96.0,53.0,35.0,23.0,16.0,8.0,13.0
2024-6242,Winston-Salem,Hard,48,250,O,20240818,18,V832,,,Aleksandar Vukic,R,188.0,AUS,28.367,94.0,604.0,ME82,4.0,,Adrian Mannarino,L,180.0,FRA,36.137,42.0,1170.0,7-6(5) 2-6 6-1,3,R32,119.0,15.0,2.0,82.0,44.0,37.0,19.0,14.0,2.0,5.0,9.0,3.0,83.0,51.0,39.0,14.0,13.0,3.0,6.0
2024-6242,Winston-Salem,Hard,48,250,O,20240818,19,SX91,,,Thiago Seyboth Wild,R,185.0,BRA,24.441,69.0,765.0,BT72,8.0,,Nuno Borges,R,185.0,POR,27.493,35.0,1325.0,7-6(2) 6-2,3,R32,88.0,3.0,1.0,62.0,42.0,29.0,11.0,10.0,3.0,5.0,4.0,2.0,58.0,35.0,23.0,8.0,10.0,0.0,4.0
2024-6242,Winston-Salem,Hard,48,250,O,20240818,20,S0K7,,LL,Zachary Svajda,R,175.0,USA,21.719,107.0,533.0,C0AU,3.0,,Francisco Cerundolo,R,185.0,ARG,26.015,29.0,1495.0,6-4 6-4,3,R32,94.0,2.0,0.0,69.0,46.0,34.0,14.0,10.0,7.0,8.0,1.0,5.0,67.0,34.0,24.0,16.0,10.0,5.0,8.0
2024-6242,Winston-Salem,Hard,48,250,O,20240819,21,RC91,12.0,,Arthur Rinderknech,R,196.0,FRA,29.076,56.0,903.0,O483,,,Christopher O'Connell,R,183.0,AUS,30.212,86.0,668.0,6-3 6-4,3,R32,88.0,7.0,0.0,49.0,33.0,25.0,9.0,9.0,3.0,4.0,3.0,3.0,67.0,39.0,26.0,11.0,10.0,5.0,9.0
2024-6242,Winston-Salem,Hard,48,250,O,20240818,22,K09F,15.0,,Pavel Kotov,R,191.0,RUS,25.749,63.0,814.0,MP20,,ALT,Alexandre Muller,R,183.0,FRA,27.543,76.0,732.0,6-4 5-7 6-2,3,R32,150.0,12.0,5.0,92.0,51.0,43.0,16.0,15.0,8.0,11.0,1.0,3.0,97.0,66.0,43.0,12.0,15.0,8.0,13.0
2024-6242,Winston-Salem,Hard,48,250,O,20240818,23,GB88,,,David Goffin,R,180.0,BEL,33.697,90.0,635.0,D0FJ,5.0,,Luciano Darderi,R,183.0,ITA,22.508,38.0,1291.0,6-2 6-4,3,R32,77.0,9.0,3.0,58.0,35.0,26.0,11.0,9.0,4.0,6.0,5.0,6.0,57.0,31.0,21.0,6.0,9.0,3.0,8.0
2024-6242,Winston-Salem,Hard,48,250,O,20240818,24,SU87,10.0,,Lorenzo Sonego,R,191.0,ITA,29.273,58.0,886.0,S0LA,,PR,Dominic Stricker,L,183.0,SUI,22.007,181.0,332.0,6-4 6-1,3,R32,80.0,7.0,1.0,67.0,41.0,32.0,12.0,9.0,8.0,8.0,3.0,2.0,42.0,23.0,16.0,7.0,8.0,1.0,4.0
2024-6242,Winston-Salem,Hard,48,250,O,20240818,25,CG80,,,Borna Coric,R,188.0,CRO,27.759,87.0,647.0,B0BI,1.0,,Sebastian Baez,R,170.0,ARG,23.639,21.0,2040.0,6-3 6-4,3,R32,81.0,7.0,2.0,61.0,34.0,30.0,10.0,10.0,2.0,3.0,1.0,0.0,49.0,39.0,24.0,6.0,9.0,1.0,4.0
2024-6242,Winston-Salem,Hard,48,250,O,20240819,26,T0HA,,Q,Learner Tien,L,180.0,USA,18.713,230.0,251.0,M0CI,9.0,,Fabian Marozsan,R,193.0,HUN,24.865,49.0,1090.0,6-2 6-7(1) 7-6(2),3,R32,129.0,3.0,0.0,97.0,70.0,44.0,16.0,16.0,5.0,9.0,5.0,7.0,113.0,74.0,49.0,13.0,16.0,8.0,14.0
2024-6242,Winston-Salem,Hard,48,250,O,20240818,27,CD85,,WC,Pablo Carreno Busta,R,188.0,ESP,33.103,299.0,177.0,S0H2,13.0,,Alexander Shevchenko,R,188.0,KAZ,23.718,60.0,855.0,6-2 6-2,3,R32,69.0,2.0,3.0,53.0,23.0,20.0,15.0,8.0,3.0,4.0,2.0,3.0,50.0,24.0,15.0,8.0,8.0,4.0,9.0
2024-6242,Winston-Salem,Hard,48,250,O,20240818,28,S0RE,,,Juncheng Shang,L,180.0,CHN,19.54,77.0,729.0,N0BS,7.0,,Mariano Navone,R,178.0,ARG,23.472,37.0,1303.0,7-5 6-3,3,R32,92.0,1.0,4.0,60.0,36.0,23.0,15.0,10.0,2.0,4.0,3.0,4.0,70.0,38.0,25.0,11.0,11.0,5.0,10.0
2024-6242,Winston-Salem,Hard,48,250,O,20240818,29,E865,,WC,Christopher Eubanks,R,201.0,USA,28.287,120.0,495.0,G09O,14.0,,Hugo Gaston,L,173.0,FRA,23.893,61.0,830.0,6-1 6-4,3,R32,56.0,6.0,2.0,49.0,33.0,29.0,10.0,9.0,1.0,1.0,2.0,1.0,49.0,29.0,18.0,9.0,8.0,4.0,7.0
2024-6242,Winston-Salem,Hard,48,250,O,20240818,30,BU13,,,Zizou Bergs,R,185.0,BEL,25.21,85.0,672.0,EA24,6.0,,Tomas Martin Etcheverry,R,196.0,ARG,25.087,34.0,1335.0,4-6 7-5 6-3,3,R32,158.0,4.0,2.0,94.0,58.0,40.0,24.0,16.0,4.0,6.0,4.0,4.0,94.0,56.0,39.0,20.0,15.0,6.0,9.0
2024-6242,Winston-Salem,Hard,48,250,O,20240818,31,M0QI,11.0,,Alex Michelsen,R,193.0,USA,19.981,52.0,960.0,F724,,,Marton Fucsovics,R,188.0,HUN,32.526,79.0,701.0,7-6(3) 6-4,3,R32,113.0,1.0,2.0,72.0,52.0,33.0,13.0,11.0,0.0,1.0,5.0,0.0,83.0,62.0,41.0,8.0,11.0,3.0,5.0
2024-6242,Winston-Salem,Hard,48,250,O,20240818,32,SX50,17.0,,Roman Safiullin,R,185.0,RUS,27.031,59.0,885.0,MW02,,,Corentin Moutet,L,180.0,FRA,25.333,68.0,767.0,6-1 7-5,3,R32,79.0,2.0,3.0,59.0,40.0,29.0,11.0,10.0,2.0,3.0,1.0,1.0,51.0,39.0,25.0,3.0,9.0,1.0,5.0
2024-6242,Winston-Salem,Hard,48,250,O,20240818,33,K09F,15.0,,Pavel Kotov,R,191.0,RUS,25.749,63.0,814.0,S0K7,,LL,Zachary Svajda,R,175.0,USA,21.719,107.0,533.0,3-6 6-3 6-4,3,R16,128.0,4.0,4.0,96.0,56.0,45.0,18.0,14.0,5.0,7.0,6.0,4.0,83.0,53.0,39.0,16.0,14.0,4.0,7.0
2024-6242,Winston-Salem,Hard,48,250,O,20240818,34,GB88,,,David Goffin,R,180.0,BEL,33.697,90.0,635.0,RC91,12.0,,Arthur Rinderknech,R,196.0,FRA,29.073,56.0,903.0,6-3 6-3,3,R16,81.0,2.0,1.0,47.0,31.0,26.0,11.0,9.0,0.0,0.0,8.0,2.0,66.0,40.0,30.0,8.0,9.0,9.0,12.0
2024-6242,Winston-Salem,Hard,48,250,O,20240818,35,SU87,10.0,,Lorenzo Sonego,R,191.0,ITA,29.273,58.0,886.0,S0RE,,,Juncheng Shang,L,180.0,CHN,19.54,77.0,729.0,W/O,3,R16,,,,,,,,,,,,,,,,,,,
2024-6242,Winston-Salem,Hard,48,250,O,20240818,36,H0BH,16.0,,Rinky Hijikata,R,178.0,AUS,23.483,65.0,811.0,CG80,,,Borna Coric,R,188.0,CRO,27.759,87.0,647.0,3-6 6-3 7-5,3,R16,157.0,7.0,3.0,104.0,66.0,47.0,22.0,15.0,6.0,8.0,8.0,1.0,95.0,63.0,40.0,20.0,15.0,2.0,5.0
2024-6242,Winston-Salem,Hard,48,250,O,20240819,37,T0HA,,Q,Learner Tien,L,180.0,USA,18.713,230.0,251.0,SX91,,,Thiago Seyboth Wild,R,185.0,BRA,24.444,69.0,765.0,6-4 6-3,3,R16,88.0,1.0,1.0,63.0,49.0,33.0,10.0,10.0,2.0,3.0,0.0,1.0,63.0,40.0,25.0,11.0,9.0,7.0,10.0
2024-6242,Winston-Salem,Hard,48,250,O,20240818,38,E865,,WC,Christopher Eubanks,R,201.0,USA,28.287,120.0,495.0,SX50,17.0,,Roman Safiullin,R,185.0,RUS,27.031,59.0,885.0,6-3 1-6 7-6(8),3,R16,126.0,16.0,5.0,103.0,74.0,53.0,15.0,14.0,9.0,11.0,7.0,5.0,94.0,60.0,48.0,18.0,14.0,3.0,4.0
2024-6242,Winston-Salem,Hard,48,250,O,20240818,39,M0QI,11.0,,Alex Michelsen,R,193.0,USA,19.981,52.0,960.0,BU13,,,Zizou Bergs,R,185.0,BEL,25.21,85.0,672.0,6-1 6-2,3,R16,76.0,2.0,2.0,53.0,37.0,28.0,8.0,8.0,3.0,3.0,0.0,5.0,52.0,21.0,15.0,11.0,7.0,5.0,9.0
2024-6242,Winston-Salem,Hard,48,250,O,20240818,40,CD85,,WC,Pablo Carreno Busta,R,188.0,ESP,33.103,299.0,177.0,V832,,,Aleksandar Vukic,R,188.0,AUS,28.367,94.0,604.0,6-3 4-6 6-3,3,R16,116.0,3.0,3.0,80.0,56.0,42.0,13.0,14.0,4.0,7.0,10.0,6.0,87.0,39.0,29.0,19.0,14.0,3.0,8.0
2024-6242,Winston-Salem,Hard,48,250,O,20240818,41,SU87,10.0,,Lorenzo Sonego,R,191.0,ITA,29.273,58.0,886.0,K09F,15.0,,Pavel Kotov,R,191.0,RUS,25.749,63.0,814.0,6-3 7-5,3,QF,102.0,6.0,1.0,62.0,48.0,37.0,7.0,11.0,5.0,6.0,3.0,1.0,77.0,51.0,33.0,10.0,10.0,11.0,14.0
2024-6242,Winston-Salem,Hard,48,250,O,20240818,42,GB88,,,David Goffin,R,180.0,BEL,33.697,90.0,635.0,H0BH,16.0,,Rinky Hijikata,R,178.0,AUS,23.483,65.0,811.0,6-1 6-3,3,QF,63.0,6.0,1.0,45.0,28.0,21.0,14.0,8.0,1.0,1.0,1.0,1.0,46.0,21.0,13.0,10.0,8.0,4.0,8.0
2024-6242,Winston-Salem,Hard,48,250,O,20240818,43,M0QI,11.0,,Alex Michelsen,R,193.0,USA,19.981,52.0,960.0,E865,,WC,Christopher Eubanks,R,201.0,USA,28.287,120.0,495.0,7-5 6-7(6) 7-6(5),3,QF,149.0,8.0,2.0,111.0,79.0,61.0,16.0,18.0,3.0,6.0,7.0,5.0,109.0,69.0,50.0,21.0,18.0,1.0,5.0
2024-6242,Winston-Salem,Hard,48,250,O,20240819,44,CD85,,WC,Pablo Carreno Busta,R,188.0,ESP,33.106,299.0,177.0,T0HA,,Q,Learner Tien,L,180.0,USA,18.713,230.0,251.0,6-4 6-2,3,QF,85.0,2.0,0.0,67.0,47.0,30.0,13.0,9.0,4.0,5.0,4.0,0.0,54.0,39.0,21.0,8.0,9.0,5.0,9.0
2024-6242,Winston-Salem,Hard,48,250,O,20240818,45,SU87,10.0,,Lorenzo Sonego,R,191.0,ITA,29.273,58.0,886.0,GB88,,,David Goffin,R,180.0,BEL,33.697,90.0,635.0,6-3 6-2,3,SF,79.0,2.0,0.0,51.0,32.0,24.0,13.0,9.0,0.0,0.0,0.0,3.0,50.0,22.0,17.0,11.0,8.0,3.0,6.0
2024-6242,Winston-Salem,Hard,48,250,O,20240818,46,M0QI,11.0,,Alex Michelsen,R,193.0,USA,19.981,52.0,960.0,CD85,,WC,Pablo Carreno Busta,R,188.0,ESP,33.103,299.0,177.0,7-6(5) 2-1 RET,3,SF,74.0,2.0,0.0,46.0,31.0,22.0,6.0,7.0,0.0,2.0,0.0,5.0,60.0,38.0,24.0,9.0,8.0,4.0,7.0
2024-6242,Winston-Salem,Hard,48,250,O,20240818,47,SU87,10.0,,Lorenzo Sonego,R,191.0,ITA,29.273,58.0,886.0,M0QI,11.0,,Alex Michelsen,R,193.0,USA,19.981,52.0,960.0,6-0 6-3,3,F,63.0,4.0,2.0,41.0,31.0,27.0,5.0,8.0,0.0,0.0,1.0,1.0,43.0,27.0,12.0,9.0,7.0,4.0,8.0
2024-560,US Open,Hard,128,G,O,20240826,1,Z355,4.0,,Alexander Zverev,R,198.0,GER,27.351,4.0,7035.0,MN13,,LL,Maximilian Marterer,L,188.0,GER,29.199,100.0,561.0,6-2 6-7(5) 6-3 6-2,5,R128,173.0,21.0,6.0,115.0,68.0,54.0,27.0,19.0,6.0,7.0,7.0,5.0,117.0,74.0,45.0,21.0,18.0,10.0,16.0
2024-560,US Open,Hard,128,G,O,20240826,2,BD06,,,Roberto Bautista Agut,R,183.0,ESP,36.367,67.0,791.0,N0BG,,,Luca Nardi,R,185.0,ITA,21.057,90.0,612.0,7-5 7-6(3) 7-6(5),5,R128,196.0,10.0,12.0,136.0,67.0,51.0,31.0,18.0,9.0,14.0,5.0,11.0,124.0,65.0,45.0,25.0,18.0,5.0,11.0
2024-560,US Open,Hard,128,G,O,20240826,3,C0DF,,,Francisco Comesana,R,178.0,ARG,23.888,108.0,532.0,S0LA,,,Dominic Stricker,L,183.0,SUI,22.029,169.0,345.0,4-6 6-3 7-6(4) 6-3,5,R128,186.0,10.0,6.0,144.0,86.0,67.0,25.0,21.0,8.0,12.0,7.0,10.0,123.0,51.0,39.0,35.0,19.0,3.0,8.0
2024-560,US Open,Hard,128,G,O,20240826,4,HH26,17.0,,Ugo Humbert,L,188.0,FRA,26.168,17.0,2330.0,MJ08,,,Thiago Monteiro,L,183.0,BRA,30.24,75.0,739.0,6-3 6-4 6-4,5,R128,137.0,16.0,4.0,83.0,50.0,40.0,19.0,15.0,1.0,2.0,6.0,6.0,90.0,59.0,37.0,16.0,14.0,12.0,16.0
2024-560,US Open,Hard,128,G,O,20240826,5,KC12,,Q,Mitchell Krueger,R,188.0,USA,30.62,179.0,332.0,GF95,,Q,Hugo Grenier,R,196.0,FRA,28.427,173.0,341.0,4-6 6-3 6-4 7-5,5,R128,217.0,10.0,5.0,136.0,72.0,51.0,38.0,21.0,4.0,7.0,19.0,10.0,141.0,81.0,57.0,24.0,20.0,5.0,10.0
2024-560,US Open,Hard,128,G,O,20240826,6,CF59,,,Roberto Carballes Baena,R,183.0,ESP,31.428,55.0,916.0,CH12,,Q,Jan Choinski,R,196.0,GBR,28.211,276.0,199.0,6-2 6-3 5-7 6-7(5) 6-3,5,R128,271.0,18.0,8.0,168.0,85.0,67.0,45.0,26.0,14.0,17.0,9.0,5.0,165.0,102.0,71.0,30.0,24.0,12.0,18.0
2024-560,US Open,Hard,128,G,O,20240826,7,S0RE,,,Juncheng Shang,L,180.0,CHN,19.562,72.0,754.0,BK92,27.0,,Alexander Bublik,R,196.0,KAZ,27.192,27.0,1650.0,6-4 3-6 5-7 6-3 6-4,5,R128,214.0,4.0,8.0,144.0,86.0,62.0,34.0,25.0,6.0,11.0,22.0,10.0,151.0,81.0,67.0,29.0,25.0,9.0,15.0
2024-560,US Open,Hard,128,G,O,20240826,8,S0S1,13.0,,Ben Shelton,L,193.0,USA,21.881,13.0,3110.0,TB69,,WC,Dominic Thiem,R,185.0,AUT,30.979,210.0,283.0,6-4 6-2 6-2,5,R128,110.0,8.0,2.0,61.0,45.0,41.0,12.0,13.0,1.0,1.0,2.0,7.0,93.0,43.0,29.0,22.0,13.0,6.0,11.0
2024-560,US Open,Hard,128,G,O,20240826,9,BK40,,,Matteo Berrettini,R,196.0,ITA,28.372,44.0,1160.0,R772,,,Albert Ramos-Vinolas,L,188.0,ESP,36.608,122.0,483.0,7-6(2) 6-2 6-3,5,R128,141.0,16.0,6.0,83.0,48.0,42.0,20.0,14.0,1.0,2.0,1.0,4.0,105.0,57.0,34.0,29.0,15.0,4.0,9.0
2024-560,US Open,Hard,128,G,O,20240826,10,RH16,,,Casper Ruud,R,183.0,NOR,25.678,8.0,3855.0,Y09V,,,Yunchaokete Bu,R,185.0,CHN,22.601,123.0,483.0,7-6(2) 6-2 6-2,5,R128,134.0,14.0,6.0,79.0,42.0,37.0,21.0,14.0,1.0,3.0,11.0,2.0,92.0,46.0,31.0,15.0,14.0,3.0,9.0
2024-560,US Open,Hard,128,G,O,20240826,11,P09Z,,,Alexei Popyrin,R,196.0,AUS,25.06,28.0,1635.0,KF17,,,Soonwoo Kwon,R,180.0,KOR,26.732,340.0,145.0,7-5 6-2 6-3,5,R128,121.0,14.0,5.0,74.0,37.0,34.0,22.0,14.0,4.0,5.0,6.0,13.0,95.0,52.0,35.0,15.0,15.0,4.0,10.0
2024-560,US Open,Hard,128,G,O,20240826,12,MO44,,,Pedro Martinez,R,185.0,ESP,27.335,43.0,1168.0,K0HC,,Q,Maks Kasnikowski,R,180.0,POL,21.142,194.0,308.0,6-7(6) 6-1 6-2 3-6 7-6(6),5,R128,261.0,9.0,12.0,153.0,92.0,63.0,35.0,24.0,4.0,9.0,6.0,5.0,165.0,97.0,60.0,31.0,24.0,8.0,16.0
2024-560,US Open,Hard,128,G,O,20240826,13,RE44,6.0,,Andrey Rublev,R,188.0,RUS,26.85,6.0,4805.0,SX91,,,Thiago Seyboth Wild,R,185.0,BRA,24.463,68.0,790.0,6-3 7-6(3) 7-5,5,R128,140.0,16.0,4.0,86.0,52.0,41.0,27.0,16.0,1.0,2.0,6.0,8.0,105.0,54.0,38.0,27.0,17.0,2.0,6.0
2024-560,US Open,Hard,128,G,O,20240826,14,FB98,12.0,,Taylor Fritz,R,196.0,USA,26.828,12.0,3120.0,U182,,,Camilo Ugo Carabelli,R,185.0,ARG,25.194,93.0,608.0,7-5 6-1 6-2,5,R128,111.0,10.0,2.0,76.0,41.0,33.0,20.0,14.0,2.0,4.0,1.0,7.0,79.0,30.0,19.0,20.0,13.0,4.0,11.0
2024-560,US Open,Hard,128,G,O,20240826,15,L0BV,32.0,,Jiri Lehecka,R,185.0,CZE,22.798,38.0,1255.0,F724,,,Marton Fucsovics,R,188.0,HUN,32.548,81.0,694.0,1-6 6-4 6-3 3-0 RET,5,R128,142.0,5.0,5.0,90.0,47.0,36.0,23.0,14.0,5.0,7.0,11.0,8.0,94.0,52.0,33.0,24.0,15.0,8.0,12.0
2024-560,US Open,Hard,128,G,O,20240826,16,M0EJ,18.0,,Lorenzo Musetti,R,185.0,ITA,22.483,18.0,2255.0,O522,,,Reilly Opelka,R,211.0,USA,26.995,324.0,157.0,7-6(3) 1-6 6-1 7-5,5,R128,174.0,7.0,6.0,114.0,57.0,43.0,36.0,19.0,3.0,6.0,23.0,10.0,135.0,81.0,59.0,21.0,19.0,7.0,11.0
2024-560,US Open,Hard,128,G,O,20240826,17,C0AU,29.0,,Francisco Cerundolo,R,185.0,ARG,26.037,29.0,1495.0,O513,,,Sebastian Ofner,R,191.0,AUT,28.29,58.0,904.0,5-7 6-4 6-4 6-2,5,R128,146.0,5.0,11.0,116.0,65.0,48.0,28.0,20.0,3.0,6.0,12.0,9.0,123.0,67.0,47.0,25.0,20.0,5.0,11.0
2024-560,US Open,Hard,128,G,O,20240826,18,KI95,,,Miomir Kecmanovic,R,183.0,SRB,24.988,54.0,940.0,N732,,,Yoshihito Nishioka,L,170.0,JPN,28.914,53.0,974.0,7-6(2) 2-6 5-7 7-5 1-0 RET,5,R128,216.0,6.0,9.0,145.0,86.0,56.0,28.0,24.0,7.0,16.0,8.0,5.0,150.0,78.0,51.0,36.0,22.0,8.0,15.0
2024-560,US Open,Hard,128,G,O,20240826,19,EA24,,,Tomas Martin Etcheverry,R,196.0,ARG,25.109,33.0,1335.0,M0GZ,,,Giovanni Mpetshi Perricard,R,203.0,FRA,21.136,52.0,1062.0,6-4 6-2 6-3,5,R128,118.0,10.0,0.0,62.0,45.0,39.0,14.0,13.0,0.0,0.0,15.0,14.0,97.0,52.0,36.0,18.0,14.0,9.0,14.0
2024-560,US Open,Hard,128,G,O,20240826,20,MP20,,WC,Alexandre Muller,R,183.0,FRA,27.565,77.0,732.0,W09E,,,Adam Walton,R,183.0,AUS,25.361,95.0,601.0,3-6 7-6(7) 6-3 6-4,5,R128,183.0,14.0,3.0,144.0,97.0,71.0,21.0,21.0,9.0,13.0,11.0,4.0,116.0,74.0,54.0,21.0,19.0,1.0,5.0
2024-560,US Open,Hard,128,G,O,20240826,21,MC65,,,Gael Monfils,R,193.0,FRA,37.985,45.0,1155.0,SM37,,Q,Diego Schwartzman,R,170.0,ARG,32.027,244.0,236.0,6-7(2) 6-2 6-2 6-1,5,R128,162.0,16.0,5.0,121.0,65.0,51.0,30.0,17.0,5.0,6.0,2.0,2.0,115.0,73.0,39.0,21.0,18.0,8.0,16.0
2024-560,US Open,Hard,128,G,O,20240826,22,D875,9.0,,Grigor Dimitrov,R,191.0,BUL,33.281,9.0,3655.0,J0AZ,,Q,Kyrian Jacquet,R,175.0,FRA,23.294,209.0,285.0,6-3 6-4 6-2,5,R128,105.0,11.0,7.0,80.0,38.0,33.0,22.0,13.0,5.0,6.0,1.0,2.0,89.0,60.0,32.0,14.0,14.0,10.0,16.0
2024-560,US Open,Hard,128,G,O,20240826,23,S0H2,,,Alexander Shevchenko,R,188.0,KAZ,23.74,61.0,855.0,KE73,,,Dominik Koepfer,L,180.0,GER,30.327,83.0,686.0,6-3 7-5 5-7 6-2,5,R128,174.0,9.0,8.0,127.0,77.0,49.0,29.0,21.0,5.0,9.0,1.0,8.0,133.0,84.0,53.0,20.0,20.0,9.0,16.0
2024-560,US Open,Hard,128,G,O,20240826,24,RC91,,,Arthur Rinderknech,R,196.0,FRA,29.095,56.0,915.0,E865,,WC,Christopher Eubanks,R,201.0,USA,28.309,106.0,545.0,6-4 4-6 3-6 6-3 7-6(8),5,R128,229.0,21.0,4.0,146.0,88.0,70.0,37.0,25.0,2.0,4.0,17.0,7.0,173.0,111.0,85.0,33.0,25.0,7.0,9.0
2024-560,US Open,Hard,128,G,O,20240826,25,H0BH,,,Rinky Hijikata,R,178.0,AUS,23.504,62.0,848.0,DH50,,,Alejandro Davidovich Fokina,R,180.0,ESP,25.227,59.0,900.0,7-6(1) 3-6 6-4 6-3,5,R128,197.0,8.0,8.0,133.0,71.0,50.0,28.0,20.0,9.0,16.0,6.0,6.0,145.0,92.0,57.0,23.0,20.0,8.0,16.0
2024-560,US Open,Hard,128,G,O,20240826,26,N0AE,,,Brandon Nakashima,R,188.0,USA,23.064,50.0,1105.0,R0DG,15.0,,Holger Rune,R,188.0,DEN,21.328,15.0,2780.0,6-2 6-1 6-4,5,R128,115.0,11.0,1.0,73.0,49.0,41.0,15.0,13.0,6.0,6.0,2.0,5.0,84.0,33.0,23.0,21.0,12.0,8.0,13.0
2024-560,US Open,Hard,128,G,O,20240826,27,B0BI,21.0,,Sebastian Baez,R,170.0,ARG,23.661,23.0,1800.0,D0FJ,,,Luciano Darderi,R,183.0,ITA,22.53,37.0,1291.0,6-4 6-7(3) 6-0 7-6(4),5,R128,214.0,6.0,3.0,149.0,104.0,66.0,26.0,20.0,12.0,15.0,10.0,9.0,138.0,69.0,44.0,35.0,20.0,10.0,17.0
2024-560,US Open,Hard,128,G,O,20240826,28,TD51,20.0,,Frances Tiafoe,R,188.0,USA,26.598,20.0,2120.0,K0AZ,,,Aleksandar Kovacevic,R,183.0,USA,25.993,76.0,738.0,6-4 6-3 4-6 7-5,5,R128,196.0,18.0,5.0,131.0,76.0,61.0,29.0,21.0,6.0,8.0,25.0,6.0,135.0,71.0,54.0,27.0,20.0,10.0,14.0
2024-560,US Open,Hard,128,G,O,20240826,29,DB63,,,Laslo Djere,R,188.0,SRB,29.235,109.0,531.0,SL28,,,Jan-Lennard Struff,R,193.0,GER,34.338,35.0,1320.0,6-7(7) 6-1 6-7(7) 6-4 6-2,5,R128,233.0,16.0,14.0,176.0,100.0,73.0,32.0,24.0,8.0,12.0,11.0,20.0,162.0,86.0,66.0,24.0,25.0,8.0,18.0
2024-560,US Open,Hard,128,G,O,20240826,30,C0H0,,,Arthur Cazaux,R,183.0,FRA,22.01,91.0,609.0,CD85,,,Pablo Carreno Busta,R,188.0,ESP,33.125,213.0,277.0,6-1 6-3 6-3,5,R128,132.0,11.0,1.0,74.0,35.0,29.0,21.0,13.0,3.0,5.0,1.0,5.0,73.0,42.0,25.0,9.0,12.0,2.0,9.0
2024-560,US Open,Hard,128,G,O,20240826,31,GJ37,,,Tallon Griekspoor,R,188.0,NED,28.151,40.0,1210.0,N897,,,Sumit Nagal,R,178.0,IND,27.028,73.0,747.0,6-1 6-3 7-6(6),5,R128,140.0,10.0,5.0,82.0,45.0,39.0,20.0,14.0,1.0,3.0,2.0,5.0,94.0,62.0,38.0,15.0,14.0,5.0,11.0
2024-560,US Open,Hard,128,G,O,20240826,32,D643,2.0,,Novak Djokovic,R,188.0,SRB,37.265,2.0,7460.0,A829,,Q,Radu Albot,R,175.0,MDA,34.79,138.0,424.0,6-2 6-2 6-4,5,R128,127.0,8.0,10.0,83.0,39.0,29.0,25.0,13.0,2.0,3.0,2.0,3.0,93.0,67.0,39.0,10.0,13.0,10.0,16.0
2024-560,US Open,Hard,128,G,O,20240826,33,HB71,7.0,,Hubert Hurkacz,R,196.0,POL,27.537,7.0,4055.0,S0GR,,Q,Timofey Skatov,R,173.0,KAZ,23.595,188.0,315.0,6-3 7-6(4) 7-6(3),5,R128,175.0,27.0,5.0,106.0,56.0,48.0,26.0,17.0,2.0,4.0,3.0,7.0,135.0,77.0,54.0,26.0,16.0,6.0,9.0
2024-560,US Open,Hard,128,G,O,20240826,34,GB88,,,David Goffin,R,180.0,BEL,33.719,78.0,725.0,TE30,22.0,,Alejandro Tabilo,L,188.0,CHI,27.233,21.0,1978.0,7-6(7) 6-1 7-5,5,R128,141.0,16.0,9.0,99.0,57.0,44.0,19.0,16.0,4.0,7.0,9.0,8.0,117.0,59.0,42.0,22.0,15.0,13.0,19.0
2024-560,US Open,Hard,128,G,O,20240826,35,TC61,,,Jordan Thompson,R,183.0,AUS,30.352,32.0,1376.0,LB66,,,Constant Lestienne,R,180.0,FRA,32.26,111.0,527.0,6-1 6-3 6-2,5,R128,119.0,11.0,0.0,81.0,51.0,39.0,18.0,12.0,7.0,7.0,1.0,6.0,78.0,44.0,27.0,11.0,12.0,10.0,16.0
2024-560,US Open,Hard,128,G,O,20240826,36,N0BS,,,Mariano Navone,R,178.0,ARG,23.493,36.0,1303.0,AE14,,,Daniel Altmaier,R,188.0,GER,25.955,89.0,637.0,1-6 6-2 6-4 6-1,5,R128,157.0,2.0,4.0,104.0,55.0,39.0,25.0,16.0,4.0,7.0,6.0,7.0,104.0,63.0,48.0,12.0,16.0,7.0,13.0
2024-560,US Open,Hard,128,G,O,20240826,37,KD46,,,Thanasi Kokkinakis,R,193.0,AUS,28.378,86.0,672.0,TE51,11.0,,Stefanos Tsitsipas,R,193.0,GRE,26.04,11.0,3425.0,7-6(5) 4-6 6-3 7-5,5,R128,234.0,17.0,7.0,141.0,69.0,54.0,41.0,22.0,6.0,9.0,10.0,6.0,134.0,66.0,47.0,37.0,21.0,4.0,8.0
2024-560,US Open,Hard,128,G,O,20240826,38,S0N0,,WC,Tristan Schoolkate,R,183.0,AUS,23.496,193.0,308.0,DA81,,,Taro Daniel,R,191.0,JPN,31.578,88.0,639.0,4-6 4-6 6-4 7-6(6) 6-4,5,R128,230.0,18.0,7.0,154.0,94.0,73.0,30.0,26.0,4.0,8.0,8.0,6.0,161.0,90.0,68.0,37.0,26.0,5.0,9.0
2024-560,US Open,Hard,128,G,O,20240826,39,M0NI,,,Jakub Mensik,R,196.0,CZE,18.984,65.0,812.0,AG37,,,Felix Auger-Aliassime,R,193.0,CAN,24.049,19.0,2170.0,6-2 6-4 6-2,5,R128,123.0,8.0,5.0,86.0,44.0,39.0,17.0,13.0,1.0,2.0,7.0,10.0,78.0,41.0,28.0,14.0,13.0,10.0,16.0
2024-560,US Open,Hard,128,G,O,20240826,40,V0AM,,Q,Otto Virtanen,R,193.0,FIN,23.181,125.0,476.0,HB64,,Q,Quentin Halys,R,191.0,FRA,27.833,119.0,498.0,6-3 6-3 6-7(4) 6-2,5,R128,163.0,10.0,4.0,104.0,57.0,49.0,31.0,19.0,2.0,2.0,18.0,12.0,142.0,80.0,58.0,26.0,19.0,11.0,16.0
2024-560,US Open,Hard,128,G,O,20240826,41,M0FH,,,Tomas Machac,R,183.0,CZE,23.869,39.0,1224.0,F510,,,Fabio Fognini,R,178.0,ITA,37.259,71.0,759.0,7-5 6-1 6-3,5,R128,106.0,8.0,5.0,82.0,45.0,35.0,24.0,14.0,6.0,7.0,3.0,8.0,76.0,36.0,25.0,15.0,14.0,1.0,7.0
2024-560,US Open,Hard,128,G,O,20240826,42,E687,,,Daniel Evans,R,175.0,GBR,34.261,184.0,324.0,KE29,23.0,,Karen Khachanov,R,198.0,RUS,28.266,22.0,1930.0,6-7(6) 7-6(2) 7-6(4) 4-6 6-4,5,R128,335.0,14.0,12.0,208.0,108.0,80.0,47.0,28.0,15.0,23.0,13.0,7.0,184.0,103.0,66.0,44.0,28.0,10.0,18.0
2024-560,US Open,Hard,128,G,O,20240826,43,M0QI,,,Alex Michelsen,R,193.0,USA,20.003,49.0,1115.0,S0JA,,Q,Eliot Spizzirri,R,185.0,USA,22.675,341.0,145.0,6-1 7-5 6-3,5,R128,118.0,4.0,6.0,79.0,43.0,30.0,19.0,14.0,3.0,7.0,1.0,6.0,76.0,40.0,18.0,14.0,14.0,4.0,13.0
2024-560,US Open,Hard,128,G,O,20240826,44,ME82,,,Adrian Mannarino,L,180.0,FRA,36.159,42.0,1170.0,CG80,,,Borna Coric,R,188.0,CRO,27.781,98.0,582.0,7-5 6-2 6-3,5,R128,138.0,4.0,3.0,85.0,40.0,32.0,25.0,15.0,4.0,6.0,7.0,5.0,77.0,37.0,26.0,18.0,14.0,3.0,9.0
2024-560,US Open,Hard,128,G,O,20240826,45,D0CO,25.0,,Jack Draper,L,193.0,GBR,22.678,25.0,1695.0,Z371,,,Zhizhen Zhang,R,193.0,CHN,27.86,41.0,1185.0,6-3 6-0 4-0 RET,5,R128,66.0,5.0,1.0,50.0,30.0,23.0,15.0,9.0,1.0,1.0,1.0,1.0,55.0,36.0,17.0,6.0,10.0,3.0,10.0
2024-560,US Open,Hard,128,G,O,20240826,46,SX50,,,Roman Safiullin,R,185.0,RUS,27.053,57.0,910.0,F0I8,,WC,Matthew Forbes,,,USA,18.39,1848.0,1.0,6-4 7-6(2) 6-2,5,R128,148.0,7.0,5.0,103.0,61.0,47.0,22.0,15.0,9.0,11.0,5.0,7.0,112.0,73.0,45.0,15.0,15.0,9.0,14.0
2024-560,US Open,Hard,128,G,O,20240826,47,S0AG,,,Jannik Sinner,R,191.0,ITA,23.028,1.0,9360.0,MK66,,,Mackenzie McDonald,R,178.0,USA,29.363,140.0,422.0,2-6 6-2 6-1 6-2,5,R128,144.0,11.0,5.0,94.0,52.0,39.0,21.0,16.0,7.0,11.0,4.0,6.0,98.0,57.0,31.0,18.0,15.0,7.0,15.0
2024-560,US Open,Hard,128,G,O,20240826,48,A0FC,30.0,,Matteo Arnaldi,R,185.0,ITA,23.507,30.0,1470.0,S0K7,,WC,Zachary Svajda,R,175.0,USA,21.741,102.0,554.0,6-3 6-2 6-1,5,R128,104.0,12.0,6.0,89.0,49.0,41.0,16.0,12.0,8.0,9.0,1.0,4.0,70.0,33.0,19.0,15.0,12.0,5.0,12.0
2024-560,US Open,Hard,128,G,O,20240826,49,BT72,,,Nuno Borges,R,185.0,POR,27.515,34.0,1325.0,CE77,,,Federico Coria,R,180.0,ARG,32.465,79.0,714.0,6-2 6-4 6-1,5,R128,101.0,8.0,8.0,72.0,35.0,29.0,19.0,13.0,1.0,3.0,2.0,7.0,86.0,53.0,33.0,8.0,12.0,8.0,15.0
2024-560,US Open,Hard,128,G,O,20240826,50,D0CG,,,Facundo Diaz Acosta,L,183.0,ARG,23.696,64.0,827.0,G09O,,,Hugo Gaston,L,173.0,FRA,23.915,63.0,830.0,6-1 6-4 6-2,5,R128,107.0,3.0,2.0,68.0,41.0,31.0,20.0,13.0,3.0,4.0,2.0,4.0,76.0,35.0,19.0,18.0,12.0,5.0,11.0
2024-560,US Open,Hard,128,G,O,20240826,51,DH58,,,Alex de Minaur,R,183.0,AUS,25.522,10.0,3435.0,GC88,,,Marcos Giron,R,180.0,USA,31.091,46.0,1150.0,6-3 6-4 5-7 6-4,5,R128,210.0,9.0,12.0,139.0,57.0,38.0,48.0,21.0,9.0,13.0,2.0,6.0,138.0,68.0,43.0,34.0,20.0,8.0,14.0
2024-560,US Open,Hard,128,G,O,20240826,52,F0F1,,,Arthur Fils,R,185.0,FRA,20.205,24.0,1770.0,T0HA,,,Learner Tien,L,180.0,USA,18.732,191.0,309.0,6-4 3-6 6-1 6-2,5,R128,155.0,5.0,2.0,110.0,65.0,50.0,21.0,17.0,4.0,7.0,2.0,5.0,107.0,62.0,34.0,23.0,17.0,12.0,19.0
2024-560,US Open,Hard,128,G,O,20240826,53,MM58,5.0,,Daniil Medvedev,R,198.0,RUS,28.539,5.0,6275.0,L987,,,Dusan Lajovic,R,183.0,SRB,34.157,66.0,811.0,6-3 3-6 6-3 6-1,5,R128,153.0,14.0,11.0,125.0,70.0,53.0,26.0,17.0,6.0,8.0,1.0,2.0,107.0,70.0,45.0,18.0,17.0,5.0,11.0
2024-560,US Open,Hard,128,G,O,20240826,54,V812,,,Botic van de Zandschulp,R,191.0,NED,28.895,74.0,739.0,SU55,,,Denis Shapovalov,L,185.0,CAN,25.366,105.0,550.0,6-4 7-5 6-4,5,R128,140.0,0.0,5.0,93.0,57.0,41.0,20.0,16.0,5.0,8.0,4.0,11.0,99.0,53.0,37.0,18.0,16.0,4.0,10.0
2024-560,US Open,Hard,128,G,O,20240826,55,PH71,,,Max Purcell,R,185.0,AUS,26.398,97.0,585.0,V832,,,Aleksandar Vukic,R,188.0,AUS,28.389,92.0,609.0,7-5 6-4 6-3,5,R128,135.0,9.0,4.0,107.0,53.0,39.0,33.0,16.0,3.0,4.0,15.0,5.0,93.0,48.0,32.0,22.0,15.0,5.0,9.0
2024-560,US Open,Hard,128,G,O,20240826,56,K0AH,16.0,,Sebastian Korda,R,196.0,USA,24.142,16.0,2545.0,MW02,,,Corentin Moutet,L,180.0,FRA,25.355,69.0,780.0,7-6(3) 6-1 6-0,5,R128,133.0,3.0,2.0,85.0,49.0,38.0,20.0,13.0,6.0,7.0,1.0,5.0,87.0,47.0,28.0,16.0,12.0,7.0,13.0
2024-560,US Open,Hard,128,G,O,20240826,57,C0E9,31.0,,Flavio Cobolli,R,183.0,ITA,22.308,31.0,1418.0,D994,,,James Duckworth,R,183.0,AUS,32.597,70.0,764.0,6-1 4-6 6-4 6-4,5,R128,156.0,11.0,5.0,120.0,61.0,48.0,32.0,18.0,6.0,8.0,5.0,7.0,117.0,63.0,44.0,23.0,19.0,4.0,10.0
2024-560,US Open,Hard,128,G,O,20240826,58,M0CI,,,Fabian Marozsan,R,193.0,HUN,24.884,51.0,1090.0,M0JF,,Q,Hamad Medjedovic,R,188.0,SRB,21.109,137.0,431.0,2-6 6-1 3-6 6-1 6-4,5,R128,196.0,18.0,10.0,133.0,75.0,57.0,32.0,21.0,6.0,9.0,17.0,9.0,132.0,81.0,62.0,20.0,21.0,10.0,15.0
2024-560,US Open,Hard,128,G,O,20240826,59,D0F6,,Q,Gabriel Diallo,R,203.0,CAN,22.921,143.0,413.0,MU94,,,Jaume Munar,R,183.0,ESP,27.31,84.0,682.0,6-4 3-6 6-3 7-5,5,R128,203.0,20.0,7.0,140.0,84.0,62.0,20.0,20.0,7.0,12.0,2.0,8.0,128.0,75.0,48.0,25.0,20.0,13.0,20.0
2024-560,US Open,Hard,128,G,O,20240826,60,BU13,,,Zizou Bergs,R,185.0,BEL,25.232,80.0,697.0,K09F,,,Pavel Kotov,R,191.0,RUS,25.771,60.0,864.0,6-2 4-6 6-2 3-6 7-6(7),5,R128,263.0,8.0,5.0,148.0,86.0,60.0,30.0,23.0,6.0,12.0,9.0,6.0,174.0,100.0,65.0,33.0,24.0,14.0,22.0
2024-560,US Open,Hard,128,G,O,20240826,61,O483,,,Christopher O'Connell,R,183.0,AUS,30.231,87.0,671.0,J551,,,Nicolas Jarry,R,201.0,CHI,28.876,26.0,1675.0,6-4 6-3 4-6 6-3,5,R128,176.0,11.0,4.0,114.0,58.0,46.0,32.0,19.0,4.0,5.0,13.0,7.0,118.0,71.0,55.0,23.0,19.0,12.0,16.0
2024-560,US Open,Hard,128,G,O,20240826,62,B0GG,,Q,Mattia Bellucci,L,175.0,ITA,23.236,101.0,555.0,W367,,WC,Stan Wawrinka,R,183.0,SUI,39.414,176.0,333.0,6-4 7-6(5) 6-3,5,R128,133.0,12.0,1.0,90.0,58.0,51.0,20.0,16.0,2.0,3.0,9.0,7.0,101.0,48.0,38.0,28.0,15.0,3.0,6.0
2024-560,US Open,Hard,128,G,O,20240826,63,A0E2,3.0,,Carlos Alcaraz,R,183.0,ESP,21.311,3.0,7360.0,TC01,,Q,Li Tu,R,183.0,AUS,28.249,186.0,322.0,6-2 4-6 6-3 6-1,5,R128,162.0,8.0,4.0,90.0,55.0,44.0,23.0,17.0,4.0,6.0,2.0,6.0,121.0,67.0,40.0,23.0,17.0,12.0,19.0
2024-560,US Open,Hard,128,G,O,20240826,64,PL56,14.0,,Tommy Paul,R,185.0,USA,27.277,14.0,2985.0,SU87,,,Lorenzo Sonego,R,191.0,ITA,29.295,48.0,1116.0,6-4 6-2 5-7 6-2,5,R128,181.0,8.0,5.0,138.0,88.0,62.0,25.0,19.0,11.0,13.0,4.0,5.0,101.0,62.0,42.0,21.0,19.0,4.0,10.0
2024-560,US Open,Hard,128,G,O,20240826,65,L0BV,32.0,,Jiri Lehecka,R,185.0,CZE,22.798,38.0,1255.0,KC12,,Q,Mitchell Krueger,R,188.0,USA,30.62,179.0,332.0,6-7(5) 0-6 6-4 6-4 7-5,5,R64,239.0,29.0,13.0,165.0,89.0,70.0,38.0,25.0,10.0,14.0,9.0,4.0,168.0,97.0,72.0,37.0,25.0,12.0,16.0
2024-560,US Open,Hard,128,G,O,20240826,66,EA24,,,Tomas Martin Etcheverry,R,196.0,ARG,25.109,33.0,1335.0,C0AU,29.0,,Francisco Cerundolo,R,185.0,ARG,26.037,29.0,1495.0,6-3 4-6 6-4 1-6 6-3,5,R64,244.0,23.0,5.0,137.0,85.0,68.0,23.0,23.0,2.0,7.0,9.0,5.0,155.0,86.0,60.0,36.0,22.0,11.0,16.0
2024-560,US Open,Hard,128,G,O,20240826,67,D875,9.0,,Grigor Dimitrov,R,191.0,BUL,33.281,9.0,3655.0,H0BH,,,Rinky Hijikata,R,178.0,AUS,23.504,62.0,848.0,6-1 6-1 7-6(4),5,R64,130.0,15.0,6.0,67.0,40.0,36.0,16.0,13.0,0.0,1.0,5.0,3.0,101.0,70.0,41.0,10.0,13.0,6.0,12.0
2024-560,US Open,Hard,128,G,O,20240826,68,GJ37,,,Tallon Griekspoor,R,188.0,NED,28.151,40.0,1210.0,B0BI,21.0,,Sebastian Baez,R,170.0,ARG,23.661,23.0,1800.0,6-1 2-0 RET,5,R64,55.0,4.0,4.0,32.0,22.0,20.0,4.0,5.0,3.0,3.0,0.0,1.0,42.0,32.0,17.0,2.0,4.0,8.0,11.0
2024-560,US Open,Hard,128,G,O,20240826,69,N0AE,,,Brandon Nakashima,R,188.0,USA,23.064,50.0,1105.0,C0H0,,,Arthur Cazaux,R,183.0,FRA,22.01,91.0,609.0,6-4 6-4 6-2,5,R64,123.0,12.0,1.0,78.0,52.0,39.0,19.0,14.0,2.0,2.0,6.0,3.0,83.0,44.0,32.0,19.0,14.0,3.0,7.0
2024-560,US Open,Hard,128,G,O,20240826,70,Z355,4.0,,Alexander Zverev,R,198.0,GER,27.351,4.0,7035.0,MP20,,WC,Alexandre Muller,R,183.0,FRA,27.565,77.0,732.0,6-4 7-6(5) 6-1,5,R64,146.0,15.0,2.0,86.0,55.0,46.0,17.0,15.0,1.0,2.0,4.0,1.0,114.0,73.0,48.0,18.0,14.0,8.0,12.0
2024-560,US Open,Hard,128,G,O,20240826,71,TD51,20.0,,Frances Tiafoe,R,188.0,USA,26.598,20.0,2120.0,S0H2,,,Alexander Shevchenko,R,188.0,KAZ,23.74,61.0,855.0,6-4 6-1 1-0 RET,5,R64,96.0,5.0,1.0,64.0,41.0,27.0,14.0,9.0,4.0,5.0,3.0,7.0,56.0,24.0,12.0,14.0,9.0,6.0,11.0
2024-560,US Open,Hard,128,G,O,20240826,72,RE44,6.0,,Andrey Rublev,R,188.0,RUS,26.85,6.0,4805.0,RC91,,,Arthur Rinderknech,R,196.0,FRA,29.095,56.0,915.0,4-6 5-7 6-1 6-2 6-2,5,R64,246.0,26.0,8.0,165.0,89.0,68.0,35.0,23.0,19.0,24.0,18.0,7.0,145.0,78.0,53.0,26.0,22.0,14.0,23.0
2024-560,US Open,Hard,128,G,O,20240826,73,C0DF,,,Francisco Comesana,R,178.0,ARG,23.888,108.0,532.0,HH26,17.0,,Ugo Humbert,L,188.0,FRA,26.168,17.0,2330.0,5-7 6-4 6-4 6-4,5,R64,181.0,11.0,8.0,116.0,71.0,55.0,26.0,21.0,3.0,6.0,15.0,11.0,122.0,67.0,47.0,30.0,21.0,8.0,13.0
2024-560,US Open,Hard,128,G,O,20240826,74,S0RE,,,Juncheng Shang,L,180.0,CHN,19.562,72.0,754.0,CF59,,,Roberto Carballes Baena,R,183.0,ESP,31.428,55.0,916.0,6-2 6-3 7-6(2),5,R64,164.0,5.0,2.0,88.0,45.0,40.0,22.0,14.0,4.0,5.0,3.0,8.0,115.0,65.0,37.0,26.0,15.0,12.0,17.0
2024-560,US Open,Hard,128,G,O,20240826,75,P09Z,28.0,,Alexei Popyrin,R,196.0,AUS,25.06,28.0,1635.0,MO44,,,Pedro Martinez,R,185.0,ESP,27.335,43.0,1168.0,6-2 6-4 6-0,5,R64,109.0,13.0,7.0,69.0,39.0,32.0,12.0,12.0,1.0,4.0,1.0,8.0,75.0,43.0,22.0,8.0,12.0,7.0,16.0
2024-560,US Open,Hard,128,G,O,20240826,76,S0S1,13.0,,Ben Shelton,L,193.0,USA,21.881,13.0,3110.0,BD06,,,Roberto Bautista Agut,R,183.0,ESP,36.367,67.0,791.0,6-3 6-4 6-4,5,R64,128.0,17.0,2.0,82.0,53.0,44.0,19.0,15.0,2.0,2.0,1.0,4.0,89.0,49.0,31.0,22.0,14.0,7.0,10.0
2024-560,US Open,Hard,128,G,O,20240826,77,M0EJ,18.0,,Lorenzo Musetti,R,185.0,ITA,22.483,18.0,2255.0,KI95,,,Miomir Kecmanovic,R,183.0,SRB,24.988,54.0,940.0,3-6 6-4 6-4 2-6 7-5,5,R64,227.0,12.0,9.0,153.0,100.0,67.0,25.0,25.0,11.0,18.0,4.0,8.0,157.0,83.0,59.0,36.0,24.0,7.0,13.0
2024-560,US Open,Hard,128,G,O,20240826,78,RH16,8.0,,Casper Ruud,R,183.0,NOR,25.678,8.0,3855.0,MC65,,,Gael Monfils,R,193.0,FRA,37.985,45.0,1155.0,6-4 6-2 2-6 7-6(3),5,R64,175.0,7.0,1.0,107.0,72.0,52.0,21.0,19.0,0.0,4.0,14.0,13.0,120.0,61.0,46.0,27.0,19.0,5.0,10.0
2024-560,US Open,Hard,128,G,O,20240826,79,FB98,12.0,,Taylor Fritz,R,196.0,USA,26.828,12.0,3120.0,BK40,,,Matteo Berrettini,R,196.0,ITA,28.372,44.0,1160.0,6-3 7-6(1) 6-1,5,R64,129.0,7.0,1.0,71.0,40.0,36.0,27.0,15.0,0.0,0.0,9.0,5.0,91.0,44.0,33.0,20.0,13.0,3.0,6.0
2024-560,US Open,Hard,128,G,O,20240826,80,D643,2.0,,Novak Djokovic,R,188.0,SRB,37.265,2.0,7460.0,DB63,,,Laslo Djere,R,188.0,SRB,29.235,109.0,531.0,6-4 6-4 2-0 RET,5,R64,136.0,3.0,8.0,89.0,42.0,33.0,23.0,11.0,7.0,8.0,11.0,1.0,73.0,43.0,28.0,11.0,11.0,6.0,10.0
2024-560,US Open,Hard,128,G,O,20240826,81,A0FC,30.0,,Matteo Arnaldi,R,185.0,ITA,23.507,30.0,1470.0,SX50,,,Roman Safiullin,R,185.0,RUS,27.053,57.0,910.0,6-2 6-4 6-4,5,R64,124.0,7.0,3.0,86.0,56.0,42.0,17.0,14.0,2.0,3.0,3.0,3.0,83.0,49.0,29.0,18.0,14.0,4.0,9.0
2024-560,US Open,Hard,128,G,O,20240826,82,M0FH,,,Tomas Machac,R,183.0,CZE,23.869,39.0,1224.0,K0AH,16.0,,Sebastian Korda,R,196.0,USA,24.142,16.0,2545.0,6-4 6-2 6-4,5,R64,125.0,4.0,4.0,94.0,58.0,39.0,22.0,14.0,6.0,8.0,6.0,4.0,89.0,51.0,28.0,20.0,14.0,5.0,11.0
2024-560,US Open,Hard,128,G,O,20240826,83,O483,,,Christopher O'Connell,R,183.0,AUS,30.231,87.0,671.0,B0GG,,,Mattia Bellucci,L,175.0,ITA,23.236,101.0,555.0,6-3 6-4 3-6 6-3,5,R64,168.0,17.0,2.0,105.0,56.0,47.0,28.0,19.0,1.0,3.0,23.0,9.0,138.0,95.0,67.0,17.0,18.0,14.0,18.0
2024-560,US Open,Hard,128,G,O,20240826,84,TC61,,,Jordan Thompson,R,183.0,AUS,30.352,32.0,1376.0,HB71,7.0,,Hubert Hurkacz,R,196.0,POL,27.537,7.0,4055.0,7-6(2) 6-1 7-5,5,R64,143.0,13.0,2.0,104.0,51.0,42.0,26.0,16.0,5.0,7.0,6.0,2.0,92.0,53.0,33.0,19.0,15.0,5.0,10.0
2024-560,US Open,Hard,128,G,O,20240826,85,S0AG,1.0,,Jannik Sinner,R,191.0,ITA,23.028,1.0,9360.0,M0QI,,,Alex Michelsen,R,193.0,USA,20.003,49.0,1115.0,6-4 6-0 6-2,5,R64,99.0,3.0,2.0,65.0,37.0,30.0,15.0,12.0,3.0,5.0,3.0,5.0,73.0,43.0,28.0,5.0,12.0,8.0,16.0
2024-560,US Open,Hard,128,G,O,20240826,86,BT72,,,Nuno Borges,R,185.0,POR,27.515,34.0,1325.0,KD46,,,Thanasi Kokkinakis,R,193.0,AUS,28.378,86.0,672.0,6-4 7-5 7-5,5,R64,169.0,9.0,3.0,100.0,58.0,45.0,28.0,17.0,5.0,6.0,10.0,6.0,114.0,51.0,43.0,26.0,17.0,8.0,12.0
2024-560,US Open,Hard,128,G,O,20240826,87,GB88,,,David Goffin,R,180.0,BEL,33.719,78.0,725.0,ME82,,,Adrian Mannarino,L,180.0,FRA,36.159,42.0,1170.0,6-7(8) 6-3 6-2 7-6(1),5,R64,227.0,9.0,10.0,146.0,86.0,61.0,26.0,21.0,12.0,19.0,5.0,7.0,145.0,73.0,41.0,34.0,20.0,16.0,26.0
2024-560,US Open,Hard,128,G,O,20240826,88,D0CO,25.0,,Jack Draper,L,193.0,GBR,22.678,25.0,1695.0,D0CG,,,Facundo Diaz Acosta,L,183.0,ARG,23.696,64.0,827.0,6-4 6-2 6-2,5,R64,125.0,6.0,5.0,77.0,38.0,34.0,23.0,13.0,4.0,4.0,2.0,4.0,86.0,53.0,34.0,13.0,13.0,5.0,10.0
2024-560,US Open,Hard,128,G,O,20240826,89,DH58,,,Alex de Minaur,R,183.0,AUS,25.522,10.0,3435.0,V0AM,,,Otto Virtanen,R,193.0,FIN,23.181,125.0,476.0,7-5 6-1 7-6(3),5,R64,137.0,5.0,3.0,86.0,39.0,28.0,34.0,15.0,0.0,1.0,6.0,8.0,116.0,64.0,41.0,21.0,16.0,9.0,14.0
2024-560,US Open,Hard,128,G,O,20240826,90,C0E9,31.0,,Flavio Cobolli,R,183.0,ITA,22.308,31.0,1418.0,BU13,,,Zizou Bergs,R,185.0,BEL,25.232,80.0,697.0,4-6 6-3 7-5 6-3,5,R64,204.0,8.0,6.0,135.0,73.0,57.0,30.0,20.0,3.0,5.0,15.0,13.0,133.0,68.0,53.0,28.0,20.0,7.0,12.0
2024-560,US Open,Hard,128,G,O,20240826,91,D0F6,,Q,Gabriel Diallo,R,203.0,CAN,22.921,143.0,413.0,F0F1,24.0,,Arthur Fils,R,185.0,FRA,20.205,24.0,1770.0,7-5 6-7(3) 6-4 6-4,5,R64,209.0,12.0,5.0,129.0,74.0,57.0,32.0,22.0,1.0,3.0,12.0,3.0,136.0,77.0,53.0,32.0,22.0,5.0,10.0
2024-560,US Open,Hard,128,G,O,20240826,92,M0NI,,,Jakub Mensik,R,196.0,CZE,18.984,65.0,812.0,S0N0,,WC,Tristan Schoolkate,R,183.0,AUS,23.496,193.0,308.0,6-7(4) 2-6 6-2 7-6(5) 7-6(3),5,R64,254.0,27.0,13.0,185.0,111.0,81.0,29.0,26.0,9.0,17.0,15.0,12.0,169.0,92.0,69.0,33.0,26.0,5.0,13.0
2024-560,US Open,Hard,128,G,O,20240826,93,E687,,,Daniel Evans,R,175.0,GBR,34.261,184.0,324.0,N0BS,,,Mariano Navone,R,178.0,ARG,23.493,36.0,1303.0,6-4 6-3 6-3,5,R64,157.0,3.0,4.0,87.0,48.0,38.0,19.0,14.0,5.0,8.0,5.0,3.0,103.0,59.0,35.0,16.0,14.0,9.0,16.0
2024-560,US Open,Hard,128,G,O,20240826,94,PL56,14.0,,Tommy Paul,R,185.0,USA,27.277,14.0,2985.0,PH71,,,Max Purcell,R,185.0,AUS,26.398,97.0,585.0,7-5 6-0 1-0 RET,5,R64,76.0,5.0,2.0,47.0,28.0,24.0,14.0,9.0,0.0,0.0,5.0,3.0,67.0,35.0,22.0,14.0,10.0,9.0,14.0
2024-560,US Open,Hard,128,G,O,20240826,95,MM58,5.0,,Daniil Medvedev,R,198.0,RUS,28.539,5.0,6275.0,M0CI,,,Fabian Marozsan,R,193.0,HUN,24.884,51.0,1090.0,6-3 6-2 7-6(5),5,R64,124.0,8.0,10.0,95.0,45.0,30.0,27.0,14.0,2.0,6.0,2.0,3.0,99.0,64.0,41.0,10.0,15.0,6.0,14.0
2024-560,US Open,Hard,128,G,O,20240826,96,V812,,,Botic van de Zandschulp,R,191.0,NED,28.895,74.0,739.0,A0E2,,,Carlos Alcaraz,R,183.0,ESP,21.311,3.0,7360.0,6-1 7-5 6-4,5,R64,139.0,2.0,7.0,95.0,63.0,49.0,13.0,15.0,3.0,5.0,2.0,1.0,70.0,43.0,26.0,14.0,14.0,3.0,9.0
2024-560,US Open,Hard,128,G,O,20240826,97,TD51,20.0,,Frances Tiafoe,R,188.0,USA,26.598,20.0,2120.0,S0S1,13.0,,Ben Shelton,L,193.0,USA,21.881,13.0,3110.0,4-6 7-5 6-7(5) 6-4 6-3,5,R32,243.0,5.0,5.0,159.0,91.0,69.0,41.0,27.0,4.0,7.0,23.0,4.0,172.0,114.0,81.0,28.0,26.0,16.0,21.0
2024-560,US Open,Hard,128,G,O,20240826,98,RE44,6.0,,Andrey Rublev,R,188.0,RUS,26.85,6.0,4805.0,L0BV,32.0,,Jiri Lehecka,R,185.0,CZE,22.798,38.0,1255.0,6-3 7-5 6-4,5,R32,123.0,13.0,6.0,88.0,54.0,48.0,14.0,16.0,5.0,7.0,15.0,7.0,108.0,62.0,39.0,22.0,15.0,11.0,16.0
2024-560,US Open,Hard,128,G,O,20240826,99,D875,9.0,,Grigor Dimitrov,R,191.0,BUL,33.281,9.0,3655.0,GJ37,,,Tallon Griekspoor,R,188.0,NED,28.151,40.0,1210.0,6-3 6-3 6-1,5,R32,99.0,11.0,3.0,70.0,38.0,35.0,18.0,13.0,0.0,0.0,4.0,6.0,70.0,36.0,25.0,15.0,12.0,1.0,6.0
2024-560,US Open,Hard,128,G,O,20240826,100,FB98,12.0,,Taylor Fritz,R,196.0,USA,26.828,12.0,3120.0,C0DF,,,Francisco Comesana,R,178.0,ARG,23.888,108.0,532.0,6-3 6-4 6-2,5,R32,120.0,6.0,4.0,80.0,48.0,39.0,19.0,14.0,3.0,3.0,3.0,2.0,87.0,45.0,31.0,18.0,13.0,4.0,8.0
2024-560,US Open,Hard,128,G,O,20240826,101,RH16,8.0,,Casper Ruud,R,183.0,NOR,25.678,8.0,3855.0,S0RE,,,Juncheng Shang,L,180.0,CHN,19.562,72.0,754.0,6-7(1) 3-6 6-0 6-3 6-1,5,R32,224.0,10.0,7.0,151.0,98.0,66.0,28.0,21.0,14.0,17.0,4.0,5.0,153.0,94.0,60.0,25.0,22.0,14.0,23.0
2024-560,US Open,Hard,128,G,O,20240826,102,N0AE,,,Brandon Nakashima,R,188.0,USA,23.064,50.0,1105.0,M0EJ,18.0,,Lorenzo Musetti,R,185.0,ITA,22.483,18.0,2255.0,6-2 3-6 6-3 7-6(4),5,R32,192.0,17.0,1.0,124.0,82.0,63.0,21.0,19.0,10.0,13.0,8.0,5.0,121.0,68.0,47.0,28.0,19.0,6.0,11.0
2024-560,US Open,Hard,128,G,O,20240826,103,P09Z,28.0,,Alexei Popyrin,R,196.0,AUS,25.06,28.0,1635.0,D643,2.0,,Novak Djokovic,R,188.0,SRB,37.265,2.0,7460.0,6-4 6-4 2-6 6-4,5,R32,199.0,15.0,6.0,127.0,74.0,55.0,24.0,19.0,12.0,16.0,16.0,14.0,130.0,76.0,54.0,25.0,19.0,7.0,12.0
2024-560,US Open,Hard,128,G,O,20240826,104,Z355,4.0,,Alexander Zverev,R,198.0,GER,27.351,4.0,7035.0,EA24,,,Tomas Martin Etcheverry,R,196.0,ARG,25.109,33.0,1335.0,5-7 7-5 6-1 6-3,5,R32,216.0,12.0,6.0,125.0,78.0,58.0,21.0,20.0,11.0,15.0,8.0,2.0,133.0,75.0,52.0,22.0,20.0,4.0,12.0
2024-560,US Open,Hard,128,G,O,20240826,105,M0FH,,,Tomas Machac,R,183.0,CZE,23.869,39.0,1224.0,GB88,,,David Goffin,R,180.0,BEL,33.719,78.0,725.0,6-3 6-1 6-2,5,R32,94.0,11.0,5.0,64.0,31.0,27.0,19.0,12.0,2.0,3.0,2.0,6.0,72.0,39.0,24.0,12.0,12.0,3.0,10.0
2024-560,US Open,Hard,128,G,O,20240826,106,D0CO,,,Jack Draper,L,193.0,GBR,22.678,25.0,1695.0,V812,,,Botic van de Zandschulp,R,191.0,NED,28.895,74.0,739.0,6-3 6-4 6-2,5,R32,134.0,13.0,5.0,106.0,61.0,47.0,20.0,14.0,9.0,10.0,6.0,8.0,70.0,41.0,29.0,9.0,13.0,3.0,8.0
2024-560,US Open,Hard,128,G,O,20240826,107,S0AG,,,Jannik Sinner,R,191.0,ITA,23.028,1.0,9360.0,O483,,,Christopher O'Connell,R,183.0,AUS,30.231,87.0,671.0,6-1 6-4 6-2,5,R32,113.0,15.0,2.0,69.0,45.0,37.0,16.0,13.0,0.0,0.0,5.0,4.0,80.0,45.0,26.0,15.0,12.0,5.0,10.0
2024-560,US Open,Hard,128,G,O,20240826,108,PL56,14.0,,Tommy Paul,R,185.0,USA,27.277,14.0,2985.0,D0F6,,Q,Gabriel Diallo,R,203.0,CAN,22.921,143.0,413.0,6-7(5) 6-3 6-1 7-6(3),5,R32,206.0,8.0,7.0,140.0,84.0,57.0,30.0,20.0,10.0,15.0,12.0,6.0,146.0,99.0,59.0,15.0,20.0,11.0,20.0
2024-560,US Open,Hard,128,G,O,20240826,109,BT72,,,Nuno Borges,R,185.0,POR,27.515,34.0,1325.0,M0NI,,,Jakub Mensik,R,196.0,CZE,18.984,65.0,812.0,6-7(5) 6-1 3-6 7-6(6) 6-0,5,R32,228.0,13.0,11.0,158.0,90.0,67.0,34.0,23.0,8.0,12.0,19.0,13.0,176.0,90.0,64.0,33.0,23.0,10.0,18.0
2024-560,US Open,Hard,128,G,O,20240826,110,TC61,,,Jordan Thompson,R,183.0,AUS,30.352,32.0,1376.0,A0FC,30.0,,Matteo Arnaldi,R,185.0,ITA,23.507,30.0,1470.0,7-5 6-2 7-6(5),5,R32,153.0,9.0,0.0,91.0,52.0,43.0,26.0,16.0,1.0,2.0,5.0,9.0,101.0,50.0,40.0,19.0,16.0,2.0,6.0
2024-560,US Open,Hard,128,G,O,20240826,111,DH58,,,Alex de Minaur,R,183.0,AUS,25.522,10.0,3435.0,E687,,,Daniel Evans,R,175.0,GBR,34.261,184.0,324.0,6-3 6-7(4) 6-0 6-0,5,R32,168.0,11.0,9.0,100.0,49.0,40.0,29.0,16.0,4.0,5.0,4.0,9.0,112.0,64.0,41.0,16.0,17.0,6.0,15.0
2024-560,US Open,Hard,128,G,O,20240826,112,MM58,5.0,,Daniil Medvedev,R,198.0,RUS,28.539,5.0,6275.0,C0E9,31.0,,Flavio Cobolli,R,183.0,ITA,22.308,31.0,1418.0,6-3 6-4 6-3,5,R32,138.0,9.0,7.0,85.0,47.0,38.0,17.0,14.0,6.0,9.0,2.0,4.0,96.0,37.0,18.0,29.0,14.0,13.0,20.0
2024-560,US Open,Hard,128,G,O,20240826,113,D875,9.0,,Grigor Dimitrov,R,191.0,BUL,33.281,9.0,3655.0,RE44,6.0,,Andrey Rublev,R,188.0,RUS,26.85,6.0,4805.0,6-3 7-6(3) 1-6 3-6 6-3,5,R16,219.0,17.0,12.0,173.0,99.0,79.0,31.0,24.0,13.0,18.0,21.0,10.0,131.0,75.0,60.0,28.0,22.0,7.0,10.0
2024-560,US Open,Hard,128,G,O,20240826,114,FB98,12.0,,Taylor Fritz,R,196.0,USA,26.828,12.0,3120.0,RH16,8.0,,Casper Ruud,R,183.0,NOR,25.678,8.0,3855.0,3-6 6-4 6-3 6-2,5,R16,163.0,24.0,7.0,104.0,63.0,53.0,22.0,18.0,5.0,6.0,4.0,8.0,113.0,70.0,56.0,18.0,18.0,6.0,10.0
2024-560,US Open,Hard,128,G,O,20240826,115,Z355,4.0,,Alexander Zverev,R,198.0,GER,27.351,4.0,7035.0,N0AE,,,Brandon Nakashima,R,188.0,USA,23.064,50.0,1105.0,3-6 6-1 6-2 6-2,5,R16,156.0,14.0,3.0,79.0,56.0,49.0,13.0,16.0,0.0,1.0,6.0,2.0,115.0,71.0,45.0,18.0,16.0,12.0,18.0
2024-560,US Open,Hard,128,G,O,20240826,116,TD51,20.0,,Frances Tiafoe,R,188.0,USA,26.598,20.0,2120.0,P09Z,28.0,,Alexei Popyrin,R,196.0,AUS,25.06,28.0,1635.0,6-4 7-6(3) 2-6 6-3,5,R16,182.0,14.0,1.0,117.0,61.0,47.0,32.0,20.0,6.0,9.0,24.0,9.0,120.0,66.0,55.0,24.0,19.0,2.0,5.0
2024-560,US Open,Hard,128,G,O,20240826,117,D0CO,25.0,,Jack Draper,L,193.0,GBR,22.678,25.0,1695.0,M0FH,,,Tomas Machac,R,183.0,CZE,23.869,39.0,1224.0,6-3 6-1 6-2,5,R16,102.0,11.0,6.0,79.0,37.0,29.0,26.0,12.0,6.0,6.0,5.0,7.0,73.0,43.0,27.0,12.0,12.0,3.0,9.0
2024-560,US Open,Hard,128,G,O,20240826,118,MM58,5.0,,Daniil Medvedev,R,198.0,RUS,28.539,5.0,6275.0,BT72,,,Nuno Borges,R,185.0,POR,27.515,34.0,1325.0,6-0 6-1 6-3,5,R16,111.0,9.0,5.0,73.0,46.0,36.0,14.0,11.0,4.0,5.0,5.0,10.0,90.0,37.0,20.0,19.0,11.0,8.0,16.0
2024-560,US Open,Hard,128,G,O,20240826,119,DH58,,,Alex de Minaur,R,183.0,AUS,25.522,10.0,3435.0,TC61,,,Jordan Thompson,R,183.0,AUS,30.352,32.0,1376.0,6-0 3-6 6-3 7-5,5,R16,177.0,5.0,7.0,99.0,52.0,41.0,27.0,18.0,1.0,4.0,6.0,2.0,119.0,73.0,44.0,20.0,18.0,6.0,13.0
2024-560,US Open,Hard,128,G,O,20240826,120,S0AG,1.0,,Jannik Sinner,R,191.0,ITA,23.028,1.0,9360.0,PL56,14.0,,Tommy Paul,R,185.0,USA,27.277,14.0,2985.0,7-6(3) 7-6(5) 6-1,5,R16,162.0,10.0,1.0,98.0,48.0,39.0,28.0,16.0,2.0,4.0,4.0,3.0,111.0,67.0,43.0,19.0,15.0,10.0,14.0
2024-560,US Open,Hard,128,G,O,20240826,121,FB98,12.0,,Taylor Fritz,R,196.0,USA,26.828,12.0,3120.0,Z355,4.0,,Alexander Zverev,R,198.0,GER,27.351,4.0,7035.0,7-6(2) 3-6 6-4 7-6(3),5,QF,206.0,12.0,5.0,128.0,81.0,66.0,25.0,21.0,2.0,4.0,14.0,4.0,145.0,103.0,77.0,20.0,22.0,11.0,13.0
2024-560,US Open,Hard,128,G,O,20240826,122,TD51,20.0,,Frances Tiafoe,R,188.0,USA,26.598,20.0,2120.0,D875,9.0,,Grigor Dimitrov,R,191.0,BUL,33.281,9.0,3655.0,6-3 6-7(5) 6-3 4-1 RET,5,QF,184.0,3.0,5.0,107.0,53.0,39.0,36.0,17.0,3.0,4.0,8.0,11.0,130.0,71.0,53.0,22.0,18.0,8.0,14.0
2024-560,US Open,Hard,128,G,O,20240826,123,D0CO,,,Jack Draper,L,193.0,GBR,22.678,25.0,1695.0,DH58,,,Alex de Minaur,R,183.0,AUS,25.522,10.0,3435.0,6-3 7-5 6-2,5,QF,127.0,11.0,4.0,89.0,50.0,42.0,19.0,15.0,5.0,7.0,7.0,2.0,92.0,48.0,32.0,16.0,14.0,14.0,20.0
2024-560,US Open,Hard,128,G,O,20240826,124,S0AG,1.0,,Jannik Sinner,R,191.0,ITA,23.028,1.0,9360.0,MM58,5.0,,Daniil Medvedev,R,198.0,RUS,28.539,5.0,6275.0,6-2 1-6 6-1 6-4,5,QF,159.0,4.0,1.0,97.0,51.0,39.0,28.0,16.0,6.0,8.0,5.0,6.0,109.0,61.0,41.0,20.0,16.0,10.0,15.0
2024-560,US Open,Hard,128,G,O,20240826,125,S0AG,1.0,,Jannik Sinner,R,191.0,ITA,23.028,1.0,9360.0,D0CO,25.0,,Jack Draper,L,193.0,GBR,22.678,25.0,1695.0,7-5 7-6(3) 6-2,5,SF,183.0,11.0,2.0,96.0,62.0,48.0,25.0,16.0,3.0,4.0,8.0,10.0,131.0,64.0,43.0,32.0,16.0,7.0,11.0
2024-560,US Open,Hard,128,G,O,20240826,126,FB98,12.0,,Taylor Fritz,R,196.0,USA,26.828,12.0,3120.0,TD51,20.0,,Frances Tiafoe,R,188.0,USA,26.598,20.0,2120.0,4-6 7-5 4-6 6-4 6-1,5,SF,198.0,16.0,3.0,131.0,76.0,57.0,36.0,25.0,1.0,5.0,11.0,9.0,131.0,71.0,57.0,27.0,24.0,5.0,11.0
2024-560,US Open,Hard,128,G,O,20240826,127,S0AG,1.0,,Jannik Sinner,R,191.0,ITA,23.028,1.0,9360.0,FB98,12.0,,Taylor Fritz,R,196.0,USA,26.828,12.0,3120.0,6-3 6-4 7-5,5,F,136.0,6.0,5.0,85.0,43.0,38.0,20.0,15.0,5.0,7.0,10.0,4.0,90.0,53.0,36.0,16.0,16.0,6.0,12.0
2024-M-DC-2024-FLS-1-M-A-BEL-BRA-01,Davis Cup Finals RR: BEL vs BRA,Hard,2,D,,20240914,1,F0FV,,,Joao Fonseca,R,188.0,BRA,18.067,158.0,374.0,C0JP,,,Raphael Collignon,R,191.0,BEL,22.669,194.0,309.0,6-3 6-7(2) 6-3,3,RR,111.0,7.0,0.0,92.0,68.0,53.0,14.0,15.0,2.0,2.0,5.0,8.0,90.0,60.0,43.0,19.0,15.0,12.0,14.0
2024-M-DC-2024-FLS-1-M-A-BEL-BRA-01,Davis Cup Finals RR: BEL vs BRA,Hard,2,D,,20240914,2,MJ08,,,Thiago Monteiro,L,183.0,BRA,30.292,76.0,720.0,BU13,,,Zizou Bergs,R,185.0,BEL,25.284,72.0,747.0,4-6 7-6(5) 7-5,3,RR,164.0,4.0,2.0,104.0,65.0,51.0,25.0,17.0,6.0,7.0,10.0,4.0,97.0,61.0,52.0,21.0,17.0,1.0,2.0
2024-M-DC-2024-FLS-1-M-A-ITA-BEL-01,Davis Cup Finals RR: ITA vs BEL,Hard,2,D,,20240913,1,BK40,,,Matteo Berrettini,R,196.0,ITA,28.422,43.0,1165.0,B0PG,,,Alexander Blockx,R,193.0,BEL,19.433,253.0,224.0,3-6 6-2 7-5,3,RR,118.0,5.0,0.0,73.0,50.0,43.0,12.0,15.0,3.0,4.0,4.0,1.0,91.0,57.0,42.0,15.0,14.0,4.0,7.0
2024-M-DC-2024-FLS-1-M-A-ITA-BEL-01,Davis Cup Finals RR: ITA vs BEL,Hard,2,D,,20240913,2,BU13,,,Zizou Bergs,R,185.0,BEL,25.281,72.0,747.0,C0E9,,,Flavio Cobolli,R,183.0,ITA,22.357,32.0,1482.0,6-3 6-7(5) 6-0,3,RR,147.0,11.0,3.0,85.0,57.0,45.0,12.0,14.0,3.0,5.0,10.0,4.0,111.0,64.0,38.0,20.0,13.0,9.0,15.0
2024-M-DC-2024-FLS-1-M-A-ITA-BRA-01,Davis Cup Finals RR: ITA vs BRA,Hard,2,D,,20240911,1,BK40,,,Matteo Berrettini,R,196.0,ITA,28.416,43.0,1165.0,F0FV,,,Joao Fonseca,R,188.0,BRA,18.059,158.0,374.0,6-1 7-6(5),3,RR,82.0,10.0,2.0,63.0,43.0,35.0,8.0,10.0,1.0,2.0,4.0,1.0,60.0,36.0,25.0,9.0,9.0,4.0,7.0
2024-M-DC-2024-FLS-1-M-A-ITA-BRA-01,Davis Cup Finals RR: ITA vs BRA,Hard,2,D,,20240911,2,A0FC,,,Matteo Arnaldi,R,185.0,ITA,23.551,33.0,1390.0,MJ08,,,Thiago Monteiro,L,183.0,BRA,30.283,76.0,720.0,7-5 6-7(4) 7-6(5),3,RR,219.0,8.0,2.0,131.0,81.0,55.0,30.0,18.0,3.0,4.0,10.0,2.0,124.0,91.0,66.0,20.0,18.0,6.0,8.0
2024-M-DC-2024-FLS-1-M-A-ITA-NED-01,Davis Cup Finals RR: ITA vs NED,Hard,2,D,,20240915,1,BK40,,,Matteo Berrettini,R,196.0,ITA,28.427,43.0,1165.0,V812,,,Botic van de Zandschulp,R,191.0,NED,28.95,68.0,794.0,3-6 6-4 6-4,3,RR,142.0,11.0,0.0,91.0,68.0,50.0,8.0,15.0,1.0,3.0,4.0,2.0,101.0,71.0,50.0,15.0,14.0,9.0,12.0
2024-M-DC-2024-FLS-1-M-A-ITA-NED-01,Davis Cup Finals RR: ITA vs NED,Hard,2,D,,20240915,2,C0E9,,,Flavio Cobolli,R,183.0,ITA,22.363,32.0,1482.0,GJ37,,,Tallon Griekspoor,R,188.0,NED,28.205,38.0,1300.0,7-6(4) 4-6 6-3,3,RR,127.0,6.0,2.0,101.0,69.0,52.0,21.0,16.0,2.0,3.0,8.0,1.0,88.0,62.0,51.0,13.0,15.0,2.0,3.0
2024-M-DC-2024-FLS-1-M-A-NED-BEL-01,Davis Cup Finals RR: NED vs BEL,Hard,2,D,,20240910,1,V812,,,Botic van de Zandschulp,R,191.0,NED,28.936,68.0,794.0,C0JP,,,Raphael Collignon,R,191.0,BEL,22.658,194.0,309.0,7-5 7-6(6),3,RR,119.0,2.0,3.0,81.0,57.0,40.0,16.0,12.0,3.0,4.0,4.0,3.0,75.0,58.0,45.0,9.0,12.0,2.0,4.0
2024-M-DC-2024-FLS-1-M-A-NED-BEL-01,Davis Cup Finals RR: NED vs BEL,Hard,2,D,,20240910,2,BU13,,,Zizou Bergs,R,185.0,BEL,25.273,72.0,747.0,GJ37,,,Tallon Griekspoor,R,188.0,NED,28.192,39.0,1300.0,6-2 6-7(2) 6-3,3,RR,132.0,20.0,1.0,84.0,54.0,44.0,20.0,15.0,1.0,1.0,6.0,1.0,90.0,67.0,45.0,13.0,14.0,4.0,7.0
2024-M-DC-2024-FLS-1-M-A-NED-BRA-01,Davis Cup Finals RR: NED vs BRA,Hard,2,D,,20240912,1,F0FV,,,Joao Fonseca,R,188.0,BRA,18.062,158.0,374.0,V812,,,Botic van de Zandschulp,R,191.0,NED,28.942,68.0,794.0,6-4 7-6(3),3,RR,92.0,8.0,0.0,61.0,50.0,42.0,8.0,11.0,0.0,0.0,4.0,4.0,76.0,53.0,42.0,9.0,11.0,2.0,3.0
2024-M-DC-2024-FLS-1-M-A-NED-BRA-01,Davis Cup Finals RR: NED vs BRA,Hard,2,D,,20240912,2,GJ37,,,Tallon Griekspoor,R,188.0,NED,28.197,39.0,1300.0,MJ08,,,Thiago Monteiro,L,183.0,BRA,30.286,76.0,720.0,7-6(2) 6-4,3,RR,88.0,14.0,0.0,58.0,46.0,42.0,6.0,11.0,0.0,0.0,9.0,0.0,67.0,44.0,30.0,18.0,11.0,3.0,4.0
2024-M-DC-2024-FLS-2-M-B-AUS-CZE-01,Davis Cup Finals RR: AUS vs CZE,Hard,2,D,,20240912,1,KD46,,,Thanasi Kokkinakis,R,193.0,AUS,28.424,78.0,712.0,M0NI,,,Jakub Mensik,R,196.0,CZE,19.031,67.0,797.0,6-2 6-7(2) 6-3,3,RR,141.0,19.0,3.0,84.0,57.0,47.0,15.0,15.0,3.0,4.0,14.0,3.0,106.0,58.0,39.0,25.0,14.0,9.0,13.0
2024-M-DC-2024-FLS-2-M-B-AUS-CZE-01,Davis Cup Finals RR: AUS vs CZE,Hard,2,D,,20240912,2,P09Z,,,Alexei Popyrin,R,196.0,AUS,25.106,24.0,1825.0,M0FH,,,Tomas Machac,R,183.0,CZE,23.915,35.0,1374.0,1-0 RET,3,RR,6.0,1.0,0.0,6.0,4.0,3.0,1.0,1.0,0.0,0.0,0.0,0.0,3.0,3.0,1.0,0.0,0.0,0.0,0.0
2024-M-DC-2024-FLS-2-M-B-AUS-ESP-01,Davis Cup Finals RR: AUS vs ESP,Hard,2,D,,20240915,1,CD85,,,Pablo Carreno Busta,R,188.0,ESP,33.18,204.0,287.0,TC61,,,Jordan Thompson,R,183.0,AUS,30.407,29.0,1566.0,2-6 6-2 7-6(3),3,RR,156.0,5.0,0.0,88.0,55.0,37.0,21.0,14.0,1.0,4.0,18.0,1.0,84.0,56.0,45.0,12.0,14.0,6.0,9.0
2024-M-DC-2024-FLS-2-M-B-AUS-ESP-01,Davis Cup Finals RR: AUS vs ESP,Hard,2,D,,20240915,2,P09Z,,,Alexei Popyrin,R,196.0,AUS,25.114,24.0,1825.0,MO44,,,Pedro Martinez,R,185.0,ESP,27.389,42.0,1167.0,6-4 6-4,3,RR,89.0,9.0,2.0,67.0,43.0,33.0,13.0,10.0,3.0,3.0,2.0,2.0,55.0,34.0,23.0,13.0,10.0,0.0,2.0
2024-M-DC-2024-FLS-2-M-B-AUS-FRA-01,Davis Cup Finals RR: AUS vs FRA,Hard,2,D,,20240910,1,KD46,,,Thanasi Kokkinakis,R,193.0,AUS,28.419,78.0,712.0,F0F1,,,Arthur Fils,R,185.0,FRA,20.246,25.0,1775.0,7-6(4) 7-6(3),3,RR,128.0,8.0,3.0,87.0,48.0,39.0,23.0,12.0,7.0,8.0,9.0,3.0,73.0,48.0,41.0,12.0,12.0,1.0,2.0
2024-M-DC-2024-FLS-2-M-B-AUS-FRA-01,Davis Cup Finals RR: AUS vs FRA,Hard,2,D,,20240910,2,HH26,,,Ugo Humbert,L,188.0,FRA,26.209,18.0,2370.0,P09Z,,,Alexei Popyrin,R,196.0,AUS,25.101,24.0,1825.0,6-3 6-2,3,RR,71.0,5.0,1.0,51.0,35.0,28.0,8.0,9.0,3.0,4.0,4.0,1.0,53.0,37.0,22.0,6.0,8.0,3.0,7.0
2024-M-DC-2024-FLS-2-M-B-CZE-ESP-01,Davis Cup Finals RR: CZE vs ESP,Hard,2,D,,20240911,1,BD06,,,Roberto Bautista Agut,R,183.0,ESP,36.411,62.0,841.0,L0BV,,,Jiri Lehecka,R,185.0,CZE,22.842,37.0,1345.0,7-6(1) 6-4,3,RR,108.0,5.0,0.0,70.0,50.0,36.0,11.0,11.0,2.0,4.0,10.0,2.0,71.0,42.0,32.0,10.0,11.0,5.0,8.0
2024-M-DC-2024-FLS-2-M-B-CZE-ESP-01,Davis Cup Finals RR: CZE vs ESP,Hard,2,D,,20240911,2,A0E2,,,Carlos Alcaraz,R,183.0,ESP,21.355,3.0,6690.0,M0FH,,,Tomas Machac,R,183.0,CZE,23.912,35.0,1374.0,6-7(3) 6-1 RET,3,RR,98.0,5.0,1.0,50.0,28.0,24.0,14.0,10.0,0.0,1.0,5.0,3.0,75.0,47.0,29.0,14.0,9.0,3.0,6.0
2024-M-DC-2024-FLS-2-M-B-CZE-FRA-01,Davis Cup Finals RR: CZE vs FRA,Hard,2,D,,20240914,1,M0NI,,,Jakub Mensik,R,196.0,CZE,19.036,67.0,797.0,RC91,,,Arthur Rinderknech,R,196.0,FRA,29.147,58.0,875.0,2-6 6-3 7-5,3,RR,122.0,14.0,1.0,87.0,57.0,43.0,16.0,15.0,4.0,6.0,8.0,1.0,72.0,52.0,41.0,9.0,14.0,1.0,3.0
2024-M-DC-2024-FLS-2-M-B-CZE-FRA-01,Davis Cup Finals RR: CZE vs FRA,Hard,2,D,,20240914,2,F0F1,,,Arthur Fils,R,185.0,FRA,20.257,25.0,1775.0,L0BV,,,Jiri Lehecka,R,185.0,CZE,22.85,37.0,1345.0,6-7(5) 7-5 6-4,3,RR,139.0,13.0,4.0,111.0,66.0,50.0,25.0,17.0,5.0,7.0,15.0,2.0,107.0,69.0,49.0,18.0,17.0,4.0,8.0
2024-M-DC-2024-FLS-2-M-B-FRA-ESP-01,Davis Cup Finals RR: FRA vs ESP,Hard,2,D,,20240913,1,BD06,,,Roberto Bautista Agut,R,183.0,ESP,36.416,62.0,841.0,F0F1,,,Arthur Fils,R,185.0,FRA,20.255,25.0,1775.0,2-6 7-5 6-3,3,RR,174.0,4.0,1.0,125.0,87.0,54.0,18.0,15.0,11.0,15.0,13.0,4.0,79.0,47.0,36.0,13.0,14.0,6.0,10.0
2024-M-DC-2024-FLS-2-M-B-FRA-ESP-01,Davis Cup Finals RR: FRA vs ESP,Hard,2,D,,20240913,2,A0E2,,,Carlos Alcaraz,R,183.0,ESP,21.361,3.0,6690.0,HH26,,,Ugo Humbert,L,188.0,FRA,26.218,18.0,2370.0,6-3 6-3,3,RR,80.0,5.0,1.0,51.0,31.0,25.0,14.0,9.0,6.0,6.0,3.0,1.0,58.0,40.0,25.0,9.0,9.0,4.0,7.0
2024-M-DC-2024-FLS-3-M-C-GER-CHI-01,Davis Cup Finals RR: GER vs CHI,Hard,2,D,,20240912,1,MN13,,,Maximilian Marterer,L,188.0,GER,29.246,104.0,543.0,BS86,,,Tomas Barrios Vera,R,191.0,CHI,26.757,162.0,370.0,6-1 6-3,3,RR,84.0,11.0,0.0,50.0,34.0,28.0,8.0,8.0,4.0,4.0,3.0,0.0,50.0,34.0,18.0,7.0,8.0,2.0,6.0
2024-M-DC-2024-FLS-3-M-C-GER-CHI-01,Davis Cup Finals RR: GER vs CHI,Hard,2,D,,20240912,2,H997,,,Yannick Hanfmann,R,193.0,GER,32.832,96.0,594.0,TE30,,,Alejandro Tabilo,L,188.0,CHI,27.28,22.0,1963.0,7-5 6-4,3,RR,98.0,13.0,1.0,66.0,51.0,41.0,7.0,11.0,1.0,1.0,11.0,2.0,73.0,51.0,34.0,13.0,11.0,3.0,5.0
2024-M-DC-2024-FLS-3-M-C-GER-SVK-01,Davis Cup Finals RR: GER vs SVK,Hard,2,D,,20240910,1,MN13,,,Maximilian Marterer,L,188.0,GER,29.24,104.0,543.0,KI63,,,Lukas Klein,R,193.0,SVK,26.472,128.0,468.0,6-4 7-5,3,RR,91.0,6.0,0.0,61.0,37.0,29.0,17.0,11.0,1.0,1.0,9.0,0.0,57.0,37.0,31.0,8.0,11.0,0.0,2.0
2024-M-DC-2024-FLS-3-M-C-GER-SVK-01,Davis Cup Finals RR: GER vs SVK,Hard,2,D,,20240910,2,H997,,,Yannick Hanfmann,R,193.0,GER,32.827,96.0,594.0,KC04,,,Jozef Kovalik,R,183.0,SVK,31.849,114.0,511.0,3-6 6-3 7-6(3),3,RR,135.0,13.0,1.0,93.0,69.0,53.0,12.0,15.0,6.0,8.0,8.0,2.0,88.0,54.0,44.0,18.0,15.0,3.0,5.0
2024-M-DC-2024-FLS-3-M-C-GER-USA-01,Davis Cup Finals RR: GER vs USA,Hard,2,D,,20240914,1,O522,,,Reilly Opelka,R,211.0,USA,27.047,309.0,167.0,S0AK,,,Henri Squire,R,196.0,GER,23.964,187.0,314.0,6-7(4) 7-6(9) 6-3,3,RR,142.0,33.0,1.0,97.0,70.0,61.0,22.0,17.0,2.0,2.0,18.0,5.0,100.0,65.0,57.0,20.0,16.0,2.0,3.0
2024-M-DC-2024-FLS-3-M-C-GER-USA-01,Davis Cup Finals RR: GER vs USA,Hard,2,D,,20240914,2,N0AE,,,Brandon Nakashima,R,188.0,USA,23.116,40.0,1295.0,MN13,,,Maximilian Marterer,L,188.0,GER,29.251,104.0,543.0,6-4 6-2,3,RR,86.0,9.0,1.0,45.0,33.0,28.0,8.0,9.0,0.0,0.0,6.0,2.0,73.0,48.0,30.0,10.0,9.0,8.0,11.0
2024-M-DC-2024-FLS-3-M-C-SVK-CHI-01,Davis Cup Finals RR: SVK vs CHI,Hard,2,D,,20240915,1,GD64,,,Cristian Garin,R,185.0,CHI,28.296,114.0,508.0,GB93,,,Norbert Gombos,R,193.0,SVK,34.092,407.0,114.0,2-6 6-1 6-2,3,RR,95.0,10.0,3.0,62.0,46.0,34.0,9.0,12.0,2.0,4.0,4.0,3.0,61.0,36.0,24.0,11.0,11.0,1.0,5.0
2024-M-DC-2024-FLS-3-M-C-SVK-CHI-01,Davis Cup Finals RR: SVK vs CHI,Hard,2,D,,20240915,2,KC04,,,Jozef Kovalik,R,183.0,SVK,31.863,117.0,500.0,TE30,,,Alejandro Tabilo,L,188.0,CHI,27.288,22.0,1963.0,6-4 6-7(5) 6-1,3,RR,123.0,6.0,3.0,100.0,66.0,50.0,19.0,15.0,1.0,2.0,9.0,3.0,78.0,50.0,36.0,14.0,14.0,2.0,6.0
2024-M-DC-2024-FLS-3-M-C-USA-CHI-01,Davis Cup Finals RR: USA vs CHI,Hard,2,D,,20240911,1,O522,,,Reilly Opelka,R,211.0,USA,27.039,309.0,167.0,GD64,,,Cristian Garin,R,185.0,CHI,28.285,116.0,508.0,6-3 4-6 7-6(3),3,RR,146.0,27.0,4.0,98.0,68.0,53.0,14.0,16.0,4.0,5.0,6.0,3.0,91.0,69.0,53.0,12.0,15.0,2.0,4.0
2024-M-DC-2024-FLS-3-M-C-USA-CHI-01,Davis Cup Finals RR: USA vs CHI,Hard,2,D,,20240911,2,N0AE,,,Brandon Nakashima,R,188.0,USA,23.107,40.0,1295.0,TE30,,,Alejandro Tabilo,L,188.0,CHI,27.277,22.0,1963.0,7-6(5) 2-6 7-6(3),3,RR,164.0,18.0,2.0,119.0,80.0,55.0,21.0,16.0,7.0,9.0,27.0,4.0,107.0,69.0,58.0,18.0,16.0,7.0,7.0
2024-M-DC-2024-FLS-3-M-C-USA-SVK-01,Davis Cup Finals RR: USA vs SVK,Hard,2,D,,20240913,1,MK66,,,Mackenzie McDonald,R,178.0,USA,29.413,149.0,387.0,KI63,,,Lukas Klein,R,193.0,SVK,26.48,128.0,468.0,6-4 6-3,3,RR,76.0,5.0,1.0,57.0,35.0,23.0,16.0,10.0,2.0,3.0,3.0,4.0,58.0,36.0,27.0,5.0,9.0,2.0,6.0
2024-M-DC-2024-FLS-3-M-C-USA-SVK-01,Davis Cup Finals RR: USA vs SVK,Hard,2,D,,20240913,2,N0AE,,,Brandon Nakashima,R,188.0,USA,23.113,40.0,1295.0,KC04,,,Jozef Kovalik,R,183.0,SVK,31.858,114.0,511.0,6-3 6-3,3,RR,74.0,8.0,1.0,46.0,35.0,28.0,8.0,9.0,0.0,0.0,2.0,5.0,61.0,34.0,21.0,13.0,9.0,3.0,6.0
2024-M-DC-2024-FLS-4-M-D-CAN-ARG-01,Davis Cup Finals RR: CAN vs ARG,Hard,2,D,,20240910,1,SU55,,,Denis Shapovalov,L,185.0,CAN,25.407,100.0,560.0,C0AU,,,Francisco Cerundolo,R,185.0,ARG,26.078,31.0,1500.0,7-5 6-3,3,RR,96.0,6.0,4.0,71.0,44.0,32.0,14.0,11.0,4.0,6.0,0.0,2.0,56.0,41.0,24.0,5.0,10.0,0.0,4.0
2024-M-DC-2024-FLS-4-M-D-CAN-ARG-01,Davis Cup Finals RR: CAN vs ARG,Hard,2,D,,20240910,2,AG37,,,Felix Auger-Aliassime,R,193.0,CAN,24.09,21.0,2170.0,B0BI,,,Sebastian Baez,R,170.0,ARG,23.702,26.0,1760.0,6-3 6-3,3,RR,86.0,7.0,3.0,51.0,32.0,25.0,8.0,9.0,2.0,4.0,0.0,1.0,75.0,54.0,27.0,10.0,9.0,7.0,12.0
2024-M-DC-2024-FLS-4-M-D-CAN-FIN-01,Davis Cup Finals RR: CAN vs FIN,Hard,2,D,,20240912,1,SU55,,,Denis Shapovalov,L,185.0,CAN,25.413,100.0,560.0,V993,,,Eero Vasa,R,185.0,FIN,27.611,703.0,39.0,7-6(2) 6-2,3,RR,74.0,5.0,1.0,51.0,33.0,28.0,13.0,10.0,1.0,2.0,3.0,4.0,67.0,44.0,26.0,10.0,10.0,3.0,6.0
2024-M-DC-2024-FLS-4-M-D-CAN-FIN-01,Davis Cup Finals RR: CAN vs FIN,Hard,2,D,,20240912,2,AG37,,,Felix Auger-Aliassime,R,193.0,CAN,24.096,21.0,2170.0,V0AM,,,Otto Virtanen,R,193.0,FIN,23.228,110.0,521.0,6-2 6-3,3,RR,71.0,7.0,1.0,53.0,37.0,32.0,7.0,9.0,3.0,3.0,3.0,4.0,54.0,30.0,21.0,9.0,8.0,3.0,6.0
2024-M-DC-2024-FLS-4-M-D-CAN-GBR-01,Davis Cup Finals RR: CAN vs GBR,Hard,2,D,,20240915,1,SU55,,,Denis Shapovalov,L,185.0,CAN,25.421,101.0,560.0,E687,,,Daniel Evans,R,175.0,GBR,34.316,177.0,334.0,6-0 7-5,3,RR,81.0,6.0,2.0,47.0,35.0,31.0,7.0,9.0,2.0,2.0,2.0,2.0,56.0,33.0,22.0,9.0,9.0,1.0,5.0
2024-M-DC-2024-FLS-4-M-D-CAN-GBR-01,Davis Cup Finals RR: CAN vs GBR,Hard,2,D,,20240915,2,AG37,,,Felix Auger-Aliassime,R,193.0,CAN,24.104,21.0,2170.0,D0CO,,,Jack Draper,L,193.0,GBR,22.732,20.0,2315.0,7-6(8) 7-5,3,RR,125.0,8.0,2.0,78.0,46.0,35.0,19.0,12.0,3.0,4.0,7.0,2.0,81.0,55.0,40.0,14.0,12.0,3.0,5.0
2024-M-DC-2024-FLS-4-M-D-FIN-ARG-01,Davis Cup Finals RR: FIN vs ARG,Hard,2,D,,20240914,1,EA24,,,Tomas Martin Etcheverry,R,196.0,ARG,25.161,34.0,1390.0,V993,,,Eero Vasa,R,185.0,FIN,27.617,703.0,39.0,7-6(5) 6-3,3,RR,111.0,4.0,3.0,75.0,50.0,39.0,9.0,11.0,3.0,4.0,7.0,3.0,73.0,40.0,30.0,13.0,10.0,4.0,6.0
2024-M-DC-2024-FLS-4-M-D-FIN-ARG-01,Davis Cup Finals RR: FIN vs ARG,Hard,2,D,,20240914,2,C0AU,,,Francisco Cerundolo,R,185.0,ARG,26.089,31.0,1500.0,V0AM,,,Otto Virtanen,R,193.0,FIN,23.233,110.0,521.0,6-7(4) 6-1 6-0,3,RR,105.0,1.0,3.0,79.0,49.0,41.0,19.0,13.0,4.0,4.0,11.0,6.0,81.0,51.0,34.0,11.0,12.0,6.0,11.0
2024-M-DC-2024-FLS-4-M-D-FIN-GBR-01,Davis Cup Finals RR: FIN vs GBR,Hard,2,D,,20240911,1,E687,,,Daniel Evans,R,175.0,GBR,34.305,178.0,334.0,V993,,,Eero Vasa,R,185.0,FIN,27.608,703.0,39.0,7-6(3) 6-2,3,RR,98.0,1.0,0.0,59.0,36.0,33.0,12.0,10.0,2.0,2.0,6.0,4.0,79.0,49.0,32.0,12.0,10.0,4.0,6.0
2024-M-DC-2024-FLS-4-M-D-FIN-GBR-01,Davis Cup Finals RR: FIN vs GBR,Hard,2,D,,20240911,2,HD68,,,Billy Harris,R,193.0,GBR,29.629,101.0,552.0,V0AM,,,Otto Virtanen,R,193.0,FIN,23.225,110.0,521.0,6-4 7-6(4),3,RR,102.0,3.0,1.0,64.0,49.0,40.0,7.0,11.0,2.0,3.0,9.0,3.0,81.0,49.0,31.0,19.0,11.0,7.0,9.0
2024-M-DC-2024-FLS-4-M-D-GBR-ARG-01,Davis Cup Finals RR: GBR vs ARG,Hard,2,D,,20240913,1,EA24,,,Tomas Martin Etcheverry,R,196.0,ARG,25.158,34.0,1390.0,E687,,,Daniel Evans,R,175.0,GBR,34.311,178.0,334.0,6-2 7-5,3,RR,126.0,4.0,1.0,83.0,63.0,46.0,9.0,10.0,7.0,7.0,1.0,2.0,59.0,38.0,27.0,8.0,10.0,1.0,4.0
2024-M-DC-2024-FLS-4-M-D-GBR-ARG-01,Davis Cup Finals RR: GBR vs ARG,Hard,2,D,,20240913,2,C0AU,,,Francisco Cerundolo,R,185.0,ARG,26.086,31.0,1500.0,D0CO,,,Jack Draper,L,193.0,GBR,22.727,20.0,2315.0,7-6(4) 7-5,3,RR,129.0,7.0,3.0,96.0,65.0,43.0,16.0,12.0,8.0,10.0,7.0,0.0,70.0,43.0,30.0,14.0,12.0,1.0,4.0
2024-M-DC-2024-WG1-M-AUT-TUR-01,Davis Cup WG1 R1: AUT vs TUR,Clay,4,D,,20240913,1,R09X,,,Jurij Rodionov,L,191.0,AUT,25.331,170.0,348.0,E0AA,,,Yanki Erel,L,178.0,TUR,23.967,536.0,70.0,6-3 6-4,3,RR,,,,,,,,,,,,,,,,,,,
2024-M-DC-2024-WG1-M-AUT-TUR-01,Davis Cup WG1 R1: AUT vs TUR,Clay,4,D,,20240913,2,N0CS,,,Lukas Neumayer,R,183.0,AUT,22.021,262.0,210.0,I306,,,Cem Ilkel,R,185.0,TUR,29.065,474.0,87.0,7-6(3) 6-2,3,RR,,,,,,,,,,,,,,,,,,,
2024-M-DC-2024-WG1-M-AUT-TUR-01,Davis Cup WG1 R1: AUT vs TUR,Clay,4,D,,20240913,3,N0CS,,,Lukas Neumayer,R,183.0,AUT,22.021,262.0,210.0,I306,,,Cem Ilkel,R,185.0,TUR,29.065,474.0,87.0,7-6(3) 6-2,3,RR,,,,,,,,,,,,,,,,,,,
2024-M-DC-2024-WG1-M-CRO-LTU-01,Davis Cup WG1 R1: CRO vs LTU,Hard,4,D,,20240913,1,GH92,,,Borna Gojo,R,196.0,CRO,26.543,439.0,98.0,G0FW,,,Vilius Gaubas,R,178.0,LTU,19.707,182.0,324.0,6-4 6-2,3,RR,,,,,,,,,,,,,,,,,,,
2024-M-DC-2024-WG1-M-CRO-LTU-01,Davis Cup WG1 R1: CRO vs LTU,Hard,4,D,,20240913,2,A0CJ,,,Duje Ajdukovic,R,188.0,CRO,23.603,105.0,539.0,B0MM,,,Edas Butvilas,R,191.0,LTU,20.142,368.0,134.0,7-5 6-7(6) 6-2,3,RR,,,,,,,,,,,,,,,,,,,
2024-M-DC-2024-WG1-M-CRO-LTU-01,Davis Cup WG1 R1: CRO vs LTU,Hard,4,D,,20240913,3,D0L3,,,Matej Dodig,R,188.0,CRO,19.154,291.0,182.0,G0FW,,,Vilius Gaubas,R,178.0,LTU,19.707,182.0,324.0,6-3 6-4,3,RR,,,,,,,,,,,,,,,,,,,
2024-M-DC-2024-WG1-M-EGY-HUN-01,Davis Cup WG1 R1: EGY vs HUN,Clay,4,D,,20240913,1,P09O,,,Zsombor Piros,R,180.0,HUN,24.92,222.0,261.0,M0L0,,,Amr Elsayed Abdou Ah Mohamed,,,EGY,25.53,,,5-7 6-3 6-4,3,RR,,,,,,,,,,,,,,,,,,,
2024-M-DC-2024-WG1-M-EGY-HUN-01,Davis Cup WG1 R1: EGY vs HUN,Clay,4,D,,20240913,2,SK47,,,Mohamed Safwat,R,180.0,EGY,33.985,415.0,110.0,VA70,,,Mate Valkusz,R,183.0,HUN,26.086,402.0,117.0,6-3 5-7 7-6(5),3,RR,,,,,,,,,,,,,,,,,,,
2024-M-DC-2024-WG1-M-EGY-HUN-01,Davis Cup WG1 R1: EGY vs HUN,Clay,4,D,,20240913,3,P09O,,,Zsombor Piros,R,180.0,HUN,24.92,222.0,261.0,SK47,,,Mohamed Safwat,R,180.0,EGY,33.985,415.0,110.0,7-6(3) 6-1,3,RR,,,,,,,,,,,,,,,,,,,
2024-M-DC-2024-WG1-M-EGY-HUN-01,Davis Cup WG1 R1: EGY vs HUN,Clay,4,D,,20240913,4,VA70,,,Mate Valkusz,R,183.0,HUN,26.086,402.0,117.0,Z0BL,,,Fares Zakaria,R,183.0,EGY,23.337,,,6-3 6-4,3,RR,,,,,,,,,,,,,,,,,,,
2024-M-DC-2024-WG1-M-ISR-UKR-01,Davis Cup WG1 R1: ISR vs UKR,Hard,4,D,,20240913,1,O674,,,Yshai Oliel,L,188.0,ISR,24.69,463.0,91.0,O0BE,,,Oleksandr Ovcharenko,R,185.0,UKR,22.908,416.0,107.0,0-6 6-4 6-4,3,RR,,,,,,,,,,,,,,,,,,,
2024-M-DC-2024-WG1-M-ISR-UKR-01,Davis Cup WG1 R1: ISR vs UKR,Hard,4,D,,20240913,2,CL82,,,Daniel Cukierman,R,,ISR,29.183,508.0,77.0,SS25,,,Vitaliy Sachko,R,188.0,UKR,27.168,386.0,125.0,6-2 6-2,3,RR,,,,,,,,,,,,,,,,,,,
2024-M-DC-2024-WG1-M-ISR-UKR-01,Davis Cup WG1 R1: ISR vs UKR,Hard,4,D,,20240913,3,O674,,,Yshai Oliel,L,188.0,ISR,24.69,463.0,91.0,K0DP,,,Oleksii Krutykh,R,185.0,UKR,24.512,493.0,82.0,6-2 3-6 7-6(3),3,RR,,,,,,,,,,,,,,,,,,,
2024-M-DC-2024-WG1-M-JPN-COL-01,Davis Cup WG1 R1: JPN vs COL,Hard,4,D,,20240914,1,N732,,,Yoshihito Nishioka,L,170.0,JPN,28.966,54.0,974.0,S0BT,,,Adria Soriano Barrera,R,191.0,COL,25.287,460.0,91.0,6-2 6-4,3,RR,,,,,,,,,,,,,,,,,,,
2024-M-DC-2024-WG1-M-JPN-COL-01,Davis Cup WG1 R1: JPN vs COL,Hard,4,D,,20240914,2,N552,,,Kei Nishikori,R,178.0,JPN,34.71,205.0,288.0,M0AW,,,Nicolas Mejia,R,183.0,COL,24.591,237.0,242.0,6-4 6-4,3,RR,,,,,,,,,,,,,,,,,,,
2024-M-DC-2024-WG1-M-JPN-COL-01,Davis Cup WG1 R1: JPN vs COL,Hard,4,D,,20240914,3,N732,,,Yoshihito Nishioka,L,170.0,JPN,28.966,54.0,974.0,M0AW,,,Nicolas Mejia,R,183.0,COL,24.591,237.0,242.0,7-5 6-4,3,RR,,,,,,,,,,,,,,,,,,,
2024-M-DC-2024-WG1-M-KAZ-DEN-01,Davis Cup WG1 R1: KAZ vs DEN,Hard,4,D,,20240914,1,M0K4,,,Elmer Moller,R,183.0,DEN,21.185,247.0,231.0,BK92,,,Alexander Bublik,R,196.0,KAZ,27.244,27.0,1650.0,1-6 6-2 6-2,3,RR,,,,,,,,,,,,,,,,,,,
2024-M-DC-2024-WG1-M-KAZ-DEN-01,Davis Cup WG1 R1: KAZ vs DEN,Hard,4,D,,20240914,2,H09N,,,August Holmgren,R,188.0,DEN,26.398,166.0,353.0,S0H2,,,Alexander Shevchenko,R,188.0,KAZ,23.792,57.0,895.0,7-6(4) 6-3,3,RR,,,,,,,,,,,,,,,,,,,
2024-M-DC-2024-WG1-M-KAZ-DEN-01,Davis Cup WG1 R1: KAZ vs DEN,Hard,4,D,,20240914,3,Z09Z,,,Beibit Zhukayev,R,198.0,KAZ,23.923,200.0,296.0,H0CE,,,Philip Hjorth,,,DEN,25.533,880.0,20.0,3-6 6-4 [10-8],3,RR,,,,,,,,,,,,,,,,,,,
2024-M-DC-2024-WG1-M-NOR-POR-01,Davis Cup WG1 R1: NOR vs POR,Hard,4,D,,20240913,1,B0U4,,,Nicolai Budkov Kjaer,R,191.0,NOR,18.034,737.0,34.0,F0F2,,,Jaime Faria,R,188.0,POR,21.106,157.0,376.0,4-6 6-3 7-6(4),3,RR,,,,,,,,,,,,,,,,,,,
2024-M-DC-2024-WG1-M-NOR-POR-01,Davis Cup WG1 R1: NOR vs POR,Hard,4,D,,20240913,2,R0GO,,,Henrique Rocha,R,180.0,POR,20.438,159.0,374.0,RH16,,,Casper Ruud,R,183.0,NOR,25.728,9.0,4010.0,6-3 6-4,3,RR,,,,,,,,,,,,,,,,,,,
2024-M-DC-2024-WG1-M-NOR-POR-01,Davis Cup WG1 R1: NOR vs POR,Hard,4,D,,20240913,3,RH16,,,Casper Ruud,R,183.0,NOR,25.728,9.0,4010.0,F0F2,,,Jaime Faria,R,188.0,POR,21.106,157.0,376.0,7-6(3) 6-2,3,RR,,,,,,,,,,,,,,,,,,,
2024-M-DC-2024-WG1-M-POL-KOR-01,Davis Cup WG1 R1: POL vs KOR,Hard,4,D,,20240913,1,HC21,,,Seongchan Hong,R,175.0,KOR,27.206,141.0,413.0,K0HC,,,Maks Kasnikowski,R,180.0,POL,21.191,173.0,345.0,7-6(8) 6-2,3,RR,,,,,,,,,,,,,,,,,,,
2024-M-DC-2024-WG1-M-POL-KOR-01,Davis Cup WG1 R1: POL vs KOR,Hard,4,D,,20240913,2,KF17,,,Soonwoo Kwon,R,180.0,KOR,26.782,344.0,145.0,MQ75,,,Kamil Majchrzak,R,183.0,POL,28.668,163.0,364.0,7-5 7-6(3),3,RR,,,,,,,,,,,,,,,,,,,
2024-M-DC-2024-WG1-M-POL-KOR-01,Davis Cup WG1 R1: POL vs KOR,Hard,4,D,,20240913,3,P0IG,,,Martyn Pawelski,R,196.0,POL,19.849,661.0,46.0,SN70,,,MinKyu Song,R,183.0,KOR,34.053,,,6-3 6-4,3,RR,,,,,,,,,,,,,,,,,,,
2024-M-DC-2024-WG1-M-SRB-GRE-01,Davis Cup WG1 R1: SRB vs GRE,Hard,4,D,,20240914,1,KI95,,,Miomir Kecmanovic,R,183.0,SRB,25.04,53.0,980.0,T0EI,,,Aristotelis Thanos,R,193.0,GRE,23.439,713.0,37.0,6-3 6-3,3,RR,,,,,,,,,,,,,,,,,,,
2024-M-DC-2024-WG1-M-SRB-GRE-01,Davis Cup WG1 R1: SRB vs GRE,Hard,4,D,,20240914,2,D643,,,Novak Djokovic,R,188.0,SRB,37.317,4.0,5560.0,X01C,,,Ioannis Xilas,R,178.0,GRE,23.343,770.0,29.0,6-0 6-1,3,RR,,,,,,,,,,,,,,,,,,,
2024-M-DC-2024-WG1-M-SRB-GRE-01,Davis Cup WG1 R1: SRB vs GRE,Hard,4,D,,20240914,3,A0C5,,,Dimitris Azoidis,L,,GRE,23.932,,,L987,,,Dusan Lajovic,R,183.0,SRB,34.209,65.0,811.0,1-6 3-2 RET,3,RR,,,,,,,,,,,,,,,,,,,
2024-M-DC-2024-WG1-M-SUI-PER-01,Davis Cup WG1 R1: SUI vs PER,Hard,4,D,,20240913,1,K0EP,,,Jerome Kym,R,198.0,SUI,21.585,151.0,383.0,B0ID,,,Ignacio Buse,R,183.0,PER,20.471,212.0,282.0,6-1 6-4,3,RR,,,,,,,,,,,,,,,,,,,
2024-M-DC-2024-WG1-M-SUI-PER-01,Davis Cup WG1 R1: SUI vs PER,Hard,4,D,,20240913,2,HH06,,,Marc-Andrea Huesler,L,196.0,SUI,28.222,171.0,348.0,V836,,,Juan Pablo Varillas,R,185.0,PER,28.939,179.0,331.0,6-3 6-4,3,RR,,,,,,,,,,,,,,,,,,,
2024-M-DC-2024-WG1-M-SUI-PER-01,Davis Cup WG1 R1: SUI vs PER,Hard,4,D,,20240913,3,BU70,,,Remy Bertola,R,175.0,SUI,26.037,286.0,185.0,B0GR,,,Gonzalo Bueno,R,173.0,PER,20.446,273.0,199.0,5-7 7-5 [10-5],3,RR,,,,,,,,,,,,,,,,,,,
2024-M-DC-2024-WG1-M-SWE-IND-01,Davis Cup WG1 R1: SWE vs IND,Hard,4,D,,20240914,1,Y218,,,Elias Ymer,R,185.0,SWE,28.43,238.0,241.0,N558,,,N.Sriram Balaji,R,180.0,IND,34.494,,,6-4 6-2,3,RR,,,,,,,,,,,,,,,,,,,
2024-M-DC-2024-WG1-M-SWE-IND-01,Davis Cup WG1 R1: SWE vs IND,Hard,4,D,,20240914,2,B0JG,,,Leo Borg,R,183.0,SWE,21.336,603.0,53.0,RB56,,,Ramkumar Ramanathan,R,188.0,IND,29.851,332.0,153.0,6-3 6-4,3,RR,,,,,,,,,,,,,,,,,,,
2024-M-DC-2024-WG1-M-SWE-IND-01,Davis Cup WG1 R1: SWE vs IND,Hard,4,D,,20240914,3,Y218,,,Elias Ymer,R,185.0,SWE,28.43,238.0,241.0,VA48,,,Siddharth Vishwakarma,L,191.0,IND,29.938,588.0,57.0,6-2 6-2,3,RR,,,,,,,,,,,,,,,,,,,
2024-M-DC-2024-WG1-M-TPE-BIH-01,Davis Cup WG1 R1: TPE vs BIH,Hard,4,D,,20240914,1,BE67,,,Mirza Basic,R,188.0,BIH,33.177,579.0,59.0,T0AP,,,Chun-Hsin Tseng,R,175.0,TPE,23.102,123.0,489.0,3-6 7-5 6-4,3,RR,,,,,,,,,,,,,,,,,,,
2024-M-DC-2024-WG1-M-TPE-BIH-01,Davis Cup WG1 R1: TPE vs BIH,Hard,4,D,,20240914,2,W857,,,Tung-Lin Wu,R,188.0,TPE,26.344,318.0,164.0,D923,,,Damir Dzumhur,R,175.0,BIH,32.32,86.0,655.0,6-2 6-1,3,RR,,,,,,,,,,,,,,,,,,,
2024-M-DC-2024-WG1-M-TPE-BIH-01,Davis Cup WG1 R1: TPE vs BIH,Hard,4,D,,20240914,3,D923,,,Damir Dzumhur,R,175.0,BIH,32.32,86.0,655.0,T0AP,,,Chun-Hsin Tseng,R,175.0,TPE,23.102,123.0,489.0,6-4 2-6 6-2,3,RR,,,,,,,,,,,,,,,,,,,
2024-M-DC-2024-WG1-M-TPE-BIH-01,Davis Cup WG1 R1: TPE vs BIH,Hard,4,D,,20240914,4,W857,,,Tung-Lin Wu,R,188.0,TPE,26.344,318.0,164.0,BE67,,,Mirza Basic,R,188.0,BIH,33.177,579.0,59.0,6-1 6-4,3,RR,,,,,,,,,,,,,,,,,,,
2024-M-DC-2024-WG2-M-BAR-PAK-01,Davis Cup WG2 R1: BAR vs PAK,Hard,4,D,,20240914,1,KC86,,,Darian King,R,188.0,BAR,32.386,1230.0,6.0,S0HP,,,Muhammad Shoaib,,,PAK,22.579,,,6-3 6-0,3,RR,85.0,2.0,1.0,44.0,27.0,21.0,10.0,8.0,1.0,1.0,0.0,2.0,61.0,25.0,10.0,19.0,7.0,3.0,8.0
2024-M-DC-2024-WG2-M-BAR-PAK-01,Davis Cup WG2 R1: BAR vs PAK,Hard,4,D,,20240914,2,K425,,,Aqeel Khan,R,,PAK,44.624,,,M0GR,,,Kaipo Marshall,,,BAR,22.486,,,3-6 6-1 6-4,3,RR,135.0,4.0,1.0,81.0,46.0,30.0,23.0,13.0,4.0,6.0,5.0,11.0,81.0,59.0,43.0,4.0,13.0,7.0,11.0
2024-M-DC-2024-WG2-M-BAR-PAK-01,Davis Cup WG2 R1: BAR vs PAK,Hard,4,D,,20240914,3,KC86,,,Darian King,R,188.0,BAR,32.386,1230.0,6.0,K0D6,,,Yousaf Khalil,,,PAK,25.457,,,6-3 6-0,3,RR,54.0,5.0,0.0,44.0,36.0,29.0,5.0,8.0,0.0,0.0,4.0,3.0,37.0,19.0,13.0,5.0,7.0,2.0,6.0
2024-M-DC-2024-WG2-M-BOL-URU-01,Davis Cup WG2 R1: BOL vs URU,Clay,4,D,,20240913,1,DA31,,,Hugo Dellien,R,180.0,BOL,31.244,107.0,529.0,A0JW,,,Joaquin  Aguilar Cardozo,R,168.0,URU,19.433,,,6-2 6-3,3,RR,103.0,2.0,0.0,59.0,38.0,24.0,13.0,9.0,3.0,5.0,0.0,1.0,65.0,44.0,23.0,7.0,8.0,13.0,18.0
2024-M-DC-2024-WG2-M-BOL-URU-01,Davis Cup WG2 R1: BOL vs URU,Clay,4,D,,20240913,2,R0BT,,,Franco Roncadelli,L,185.0,URU,24.602,366.0,136.0,DC48,,,Murkel Dellien,R,193.0,BOL,26.992,183.0,324.0,6-2 6-2,3,RR,104.0,1.0,1.0,80.0,56.0,34.0,14.0,8.0,11.0,12.0,1.0,3.0,51.0,33.0,15.0,6.0,8.0,1.0,6.0
2024-M-DC-2024-WG2-M-BOL-URU-01,Davis Cup WG2 R1: BOL vs URU,Clay,4,D,,20240913,3,R0BT,,,Franco Roncadelli,L,185.0,URU,24.602,366.0,136.0,DA31,,,Hugo Dellien,R,180.0,BOL,31.244,107.0,529.0,2-6 6-3 6-2,3,RR,130.0,1.0,4.0,85.0,64.0,43.0,8.0,13.0,3.0,6.0,4.0,1.0,83.0,56.0,34.0,13.0,12.0,7.0,11.0
2024-M-DC-2024-WG2-M-BUL-ESA-01,Davis Cup WG2 R1: BUL vs ESA,Clay,4,D,,20240914,1,A853,,,Marcelo Arevalo,R,191.0,ESA,33.911,,,N0CJ,,,Petr Nesterov,R,,BUL,21.525,413.0,112.0,6-3 6-3,3,RR,88.0,0.0,4.0,57.0,30.0,21.0,10.0,9.0,3.0,7.0,2.0,1.0,53.0,32.0,17.0,5.0,9.0,3.0,10.0
2024-M-DC-2024-WG2-M-BUL-ESA-01,Davis Cup WG2 R1: BUL vs ESA,Clay,4,D,,20240914,2,M0KA,,,Yanaki Milev,R,180.0,BUL,20.416,445.0,97.0,C0NU,,,Cesar Cruz,,,ESA,18.01,,,6-3 4-6 6-3,3,RR,148.0,4.0,4.0,89.0,56.0,39.0,19.0,14.0,3.0,5.0,1.0,5.0,107.0,69.0,43.0,15.0,14.0,10.0,14.0
2024-M-DC-2024-WG2-M-BUL-ESA-01,Davis Cup WG2 R1: BUL vs ESA,Clay,4,D,,20240914,3,R0IL,,,Iliyan Radulov,R,187.0,BUL,19.261,766.0,30.0,F0IK,,,Juan Carlos Fuentes Vasquez,,,ESA,18.992,,,6-1 6-2,3,RR,67.0,1.0,1.0,42.0,25.0,20.0,8.0,8.0,2.0,3.0,0.0,2.0,48.0,31.0,11.0,9.0,7.0,6.0,12.0
2024-M-DC-2024-WG2-M-BUL-ESA-01,Davis Cup WG2 R1: BUL vs ESA,Clay,4,D,,20240914,4,M0KA,,,Yanaki Milev,R,180.0,BUL,20.416,445.0,97.0,A853,,,Marcelo Arevalo,R,191.0,ESA,33.911,,,2-6 6-1 7-6(6),3,RR,145.0,4.0,11.0,103.0,61.0,42.0,14.0,14.0,8.0,13.0,5.0,4.0,86.0,49.0,30.0,18.0,13.0,9.0,14.0
2024-M-DC-2024-WG2-M-GEO-MEX-01,Davis Cup WG2 R1: GEO vs MEX,Hard,4,D,,20240914,1,RH88,,,Alan Fernando Rubio Fierros,R,175.0,MEX,25.613,707.0,38.0,P0EA,,,Saba Purtseladze,R,191.0,GEO,23.069,427.0,103.0,7-6(3) 6-4,3,RR,114.0,7.0,4.0,87.0,48.0,40.0,19.0,11.0,10.0,10.0,5.0,0.0,65.0,39.0,28.0,17.0,11.0,0.0,1.0
2024-M-DC-2024-WG2-M-GEO-MEX-01,Davis Cup WG2 R1: GEO vs MEX,Hard,4,D,,20240914,2,BP74,,,Aleksandre Bakshi,L,180.0,GEO,27.168,512.0,75.0,P0J1,,,Rodrigo Pacheco Mendez,L,191.0,MEX,19.389,444.0,97.0,7-6(2) 7-6(5),3,RR,126.0,6.0,4.0,93.0,52.0,39.0,17.0,12.0,6.0,9.0,4.0,7.0,78.0,50.0,33.0,14.0,12.0,4.0,7.0
2024-M-DC-2024-WG2-M-GEO-MEX-01,Davis Cup WG2 R1: GEO vs MEX,Hard,4,D,,20240914,3,P0J1,,,Rodrigo Pacheco Mendez,L,191.0,MEX,19.389,444.0,97.0,P0EA,,,Saba Purtseladze,R,191.0,GEO,23.069,427.0,103.0,6-2 2-1 RET,3,RR,54.0,5.0,1.0,29.0,17.0,15.0,9.0,6.0,0.0,0.0,2.0,1.0,45.0,29.0,17.0,6.0,5.0,2.0,4.0
2024-M-DC-2024-WG2-M-GEO-MEX-01,Davis Cup WG2 R1: GEO vs MEX,Hard,4,D,,20240914,4,BP74,,,Aleksandre Bakshi,L,180.0,GEO,27.168,512.0,75.0,RH88,,,Alan Fernando Rubio Fierros,R,175.0,MEX,25.613,707.0,38.0,6-3 7-6(5),3,RR,86.0,4.0,2.0,53.0,32.0,25.0,14.0,11.0,1.0,3.0,2.0,2.0,64.0,39.0,26.0,10.0,10.0,0.0,4.0
2024-M-DC-2024-WG2-M-HKG-ECU-01,Davis Cup WG2 R1: HKG vs ECU,Hard,4,D,,20240914,1,AG08,,,Andres Andrade,R,180.0,ECU,25.752,250.0,229.0,C0R5,,,Jack Cheng,,,HKG,15.713,1600.0,2.0,6-1 6-1,3,RR,75.0,3.0,1.0,42.0,27.0,21.0,9.0,7.0,1.0,1.0,0.0,3.0,53.0,25.0,13.0,11.0,7.0,5.0,10.0
2024-M-DC-2024-WG2-M-HKG-ECU-01,Davis Cup WG2 R1: HKG vs ECU,Hard,4,D,,20240914,2,W0BH,,,Coleman Wong,R,191.0,HKG,20.274,137.0,428.0,C0KL,,,Marcos Lee Chan Baratau,R,178.0,ECU,18.831,1320.0,5.0,6-3 3-6 6-1,3,RR,106.0,10.0,2.0,74.0,48.0,36.0,14.0,13.0,1.0,3.0,1.0,2.0,76.0,59.0,35.0,9.0,12.0,1.0,5.0
2024-M-DC-2024-WG2-M-HKG-ECU-01,Davis Cup WG2 R1: HKG vs ECU,Hard,4,D,,20240914,3,W0BH,,,Coleman Wong,R,191.0,HKG,20.274,137.0,428.0,AG08,,,Andres Andrade,R,180.0,ECU,25.752,250.0,229.0,6-4 6-2,3,RR,73.0,9.0,0.0,51.0,40.0,32.0,5.0,9.0,0.0,0.0,3.0,1.0,45.0,27.0,22.0,7.0,9.0,2.0,5.0
2024-M-DC-2024-WG2-M-HKG-ECU-01,Davis Cup WG2 R1: HKG vs ECU,Hard,4,D,,20240914,4,E661,,,Gonzalo Escobar,L,178.0,ECU,35.65,,,N0AJ,,,Ki Lung Ng,R,170.0,HKG,23.121,2102.0,1.0,6-1 6-3,3,RR,101.0,3.0,1.0,44.0,27.0,20.0,11.0,8.0,0.0,1.0,2.0,4.0,70.0,52.0,28.0,5.0,8.0,6.0,11.0
2024-M-DC-2024-WG2-M-LBN-RSA-01,Davis Cup WG2 R1: LBN vs RSA,Clay,4,D,,20240914,1,HG94,,,Benjamin Hassan,R,183.0,LBN,29.61,195.0,305.0,B0IY,,,Alec Beckley,R,183.0,RSA,23.242,641.0,48.0,6-4 6-2,3,RR,75.0,1.0,2.0,60.0,39.0,31.0,12.0,9.0,4.0,4.0,2.0,1.0,56.0,33.0,22.0,10.0,9.0,2.0,5.0
2024-M-DC-2024-WG2-M-LBN-RSA-01,Davis Cup WG2 R1: LBN vs RSA,Clay,4,D,,20240914,2,HF80,,,Hady Habib,R,188.0,LBN,26.067,268.0,205.0,H0BF,,,Philip Henning,R,180.0,RSA,23.844,360.0,137.0,6-4 3-6 7-6(3),3,RR,133.0,13.0,5.0,90.0,54.0,44.0,21.0,16.0,3.0,6.0,5.0,1.0,97.0,65.0,47.0,17.0,15.0,4.0,6.0
2024-M-DC-2024-WG2-M-LBN-RSA-01,Davis Cup WG2 R1: LBN vs RSA,Clay,4,D,,20240914,3,HG94,,,Benjamin Hassan,R,183.0,LBN,29.61,195.0,305.0,H0BF,,,Philip Henning,R,180.0,RSA,23.844,360.0,137.0,6-2 6-3,3,RR,64.0,4.0,3.0,52.0,30.0,26.0,10.0,9.0,0.0,1.0,1.0,1.0,58.0,47.0,22.0,7.0,8.0,7.0,11.0
2024-M-DC-2024-WG2-M-MAR-MON-01,Davis Cup WG2 R1: MAR vs MON,Clay,4,D,,20240914,1,N670,,,Hugo Nys,R,183.0,MON,33.577,,,D0FA,,,Yassine Dlimi,R,191.0,MAR,21.363,1123.0,9.0,6-2 7-6(4),3,RR,130.0,7.0,2.0,90.0,47.0,36.0,20.0,10.0,7.0,8.0,0.0,9.0,75.0,44.0,31.0,12.0,10.0,4.0,7.0
2024-M-DC-2024-WG2-M-MAR-MON-01,Davis Cup WG2 R1: MAR vs MON,Clay,4,D,,20240914,2,AA81,,,Romain Arneodo,R,175.0,MON,32.112,,,BT68,,,Elliot Benchetrit,R,193.0,MAR,25.952,670.0,44.0,4-6 7-5 6-3,3,RR,150.0,3.0,3.0,94.0,67.0,49.0,15.0,16.0,4.0,6.0,3.0,6.0,99.0,50.0,35.0,28.0,15.0,4.0,7.0
2024-M-DC-2024-WG2-M-MAR-MON-01,Davis Cup WG2 R1: MAR vs MON,Clay,4,D,,20240914,3,B946,,,Benjamin Balleret,R,183.0,MON,41.665,,,L0CK,,,Younes Lalami Laaroussi,R,188.0,MAR,23.409,1074.0,11.0,6-3 6-3,3,RR,69.0,4.0,3.0,53.0,32.0,27.0,9.0,9.0,2.0,3.0,3.0,5.0,63.0,41.0,26.0,7.0,9.0,4.0,8.0
2024-M-DC-2024-WG2-M-NZL-LUX-01,Davis Cup WG2 R1: NZL vs LUX,Hard,4,D,,20240914,1,KJ00,,,Alex Knaff,R,193.0,LUX,26.801,644.0,48.0,P0ED,,,Kiranpal Pannu,R,185.0,NZL,27.685,454.0,94.0,6-1 6-7(8) 7-5,3,RR,170.0,6.0,2.0,108.0,65.0,45.0,28.0,16.0,8.0,10.0,3.0,3.0,104.0,69.0,47.0,14.0,15.0,8.0,13.0
2024-M-DC-2024-WG2-M-NZL-LUX-01,Davis Cup WG2 R1: NZL vs LUX,Hard,4,D,,20240914,2,R0E0,,,Chris Rodesch,R,198.0,LUX,23.159,507.0,77.0,R0DC,,,Ajeet Rai,R,188.0,NZL,25.656,498.0,81.0,6-2 6-4,3,RR,67.0,4.0,2.0,47.0,30.0,25.0,9.0,9.0,0.0,1.0,0.0,2.0,58.0,33.0,20.0,12.0,9.0,2.0,6.0
2024-M-DC-2024-WG2-M-NZL-LUX-01,Davis Cup WG2 R1: NZL vs LUX,Hard,4,D,,20240914,3,L0IP,,,Jack Loutit,L,,NZL,20.227,790.0,27.0,R0E0,,,Chris Rodesch,R,198.0,LUX,23.159,507.0,77.0,7-5 6-4,3,RR,91.0,0.0,3.0,75.0,45.0,36.0,16.0,11.0,4.0,4.0,11.0,4.0,62.0,41.0,30.0,13.0,11.0,4.0,6.0
2024-M-DC-2024-WG2-M-NZL-LUX-01,Davis Cup WG2 R1: NZL vs LUX,Hard,4,D,,20240914,4,KJ00,,,Alex Knaff,R,193.0,LUX,26.801,644.0,48.0,SF89,,,Rubin Statham,R,180.0,NZL,37.391,,,6-3 6-2,3,RR,70.0,5.0,2.0,45.0,31.0,25.0,8.0,9.0,0.0,1.0,3.0,1.0,56.0,41.0,26.0,2.0,8.0,4.0,8.0
2024-M-DC-2024-WG2-M-ROU-CHN-01,Davis Cup WG2 R1: ROU vs CHN,Hard,4,D,,20240913,1,C0B2,,,Cezar Cretu,R,188.0,ROU,23.389,292.0,182.0,Y09V,,,Yunchaokete Bu,R,185.0,CHN,22.65,113.0,514.0,3-6 6-4 7-6(4),3,RR,186.0,9.0,4.0,106.0,65.0,39.0,22.0,16.0,5.0,10.0,6.0,3.0,99.0,50.0,39.0,23.0,15.0,6.0,10.0
2024-M-DC-2024-WG2-M-ROU-CHN-01,Davis Cup WG2 R1: ROU vs CHN,Hard,4,D,,20240913,2,B0C0,,,Gabi Adrian Boitan,R,185.0,ROU,25.177,364.0,136.0,Z0CQ,,,Yi Zhou,R,193.0,CHN,19.502,527.0,72.0,7-6(4) 6-2,3,RR,100.0,6.0,0.0,69.0,50.0,34.0,14.0,10.0,3.0,4.0,3.0,1.0,54.0,35.0,27.0,9.0,10.0,2.0,5.0
2024-M-DC-2024-WG2-M-ROU-CHN-01,Davis Cup WG2 R1: ROU vs CHN,Hard,4,D,,20240913,3,Y09V,,,Yunchaokete Bu,R,185.0,CHN,22.65,113.0,514.0,B0C0,,,Gabi Adrian Boitan,R,185.0,ROU,25.177,364.0,136.0,6-3 7-6(3),3,RR,101.0,1.0,1.0,68.0,43.0,32.0,17.0,11.0,1.0,2.0,7.0,2.0,57.0,38.0,28.0,11.0,10.0,3.0,5.0
2024-M-DC-2024-WG2-M-ROU-CHN-01,Davis Cup WG2 R1: ROU vs CHN,Hard,4,D,,20240913,4,C0B2,,,Cezar Cretu,R,188.0,ROU,23.389,292.0,182.0,TG30,,,Rigele Te,R,188.0,CHN,26.93,636.0,48.0,3-6 6-3 6-3,3,RR,158.0,10.0,4.0,100.0,60.0,42.0,20.0,14.0,7.0,9.0,5.0,3.0,93.0,48.0,34.0,22.0,13.0,7.0,11.0
2024-M-DC-2024-WG2-M-TOG-LAT-01,Davis Cup WG2 R1: TOG vs LAT,Hard,4,D,,20240914,1,133933,,,Thomas Yaka Kofi Setodji,,,TOG,,,,R0JJ,,,Davis Rolis,,,LAT,19.633,,,6-4 6-4,3,RR,93.0,5.0,1.0,56.0,36.0,30.0,10.0,10.0,0.0,1.0,9.0,5.0,65.0,34.0,28.0,12.0,10.0,7.0,10.0
2024-M-DC-2024-WG2-M-TOG-LAT-01,Davis Cup WG2 R1: TOG vs LAT,Hard,4,D,,20240914,2,A0GB,,,Liova Ajavon,,,TOG,25.246,,,T0HY,,,Daniels Tens,,,LAT,19.025,,,7-5 6-3,3,RR,104.0,0.0,3.0,62.0,38.0,29.0,14.0,11.0,2.0,4.0,0.0,5.0,67.0,33.0,23.0,14.0,10.0,5.0,9.0
2024-M-DC-2024-WG2-M-TOG-LAT-01,Davis Cup WG2 R1: TOG vs LAT,Hard,4,D,,20240914,3,133933,,,Thomas Yaka Kofi Setodji,,,TOG,,,,T0HY,,,Daniels Tens,,,LAT,19.025,,,7-6(5) 6-4,3,RR,99.0,2.0,3.0,62.0,36.0,31.0,15.0,11.0,0.0,1.0,0.0,1.0,94.0,51.0,31.0,25.0,11.0,12.0,14.0
2024-M-DC-2024-WG2-M-TUN-IRL-01,Davis Cup WG2 R1: TUN vs IRL,Clay,4,D,,20240913,1,A0JA,,,Michael Agwi,R,193.0,IRL,21.027,487.0,83.0,ML73,,,Skander Mansouri,R,193.0,TUN,29.144,681.0,41.0,7-6(5) 6-3,3,RR,89.0,1.0,2.0,71.0,51.0,33.0,11.0,11.0,3.0,6.0,1.0,3.0,62.0,46.0,26.0,6.0,10.0,1.0,5.0
2024-M-DC-2024-WG2-M-TUN-IRL-01,Davis Cup WG2 R1: TUN vs IRL,Clay,4,D,,20240913,2,DF88,,,Aziz Dougaz,L,188.0,TUN,27.469,228.0,252.0,G0G4,,,Conor Gannon,,,IRL,22.272,1294.0,5.0,6-3 6-1,3,RR,63.0,1.0,3.0,42.0,25.0,19.0,13.0,8.0,0.0,0.0,2.0,4.0,44.0,25.0,16.0,7.0,8.0,3.0,7.0
2024-M-DC-2024-WG2-M-TUN-IRL-01,Davis Cup WG2 R1: TUN vs IRL,Clay,4,D,,20240913,3,A0JA,,,Michael Agwi,R,193.0,IRL,21.027,487.0,83.0,DF88,,,Aziz Dougaz,L,188.0,TUN,27.469,228.0,252.0,6-3 6-4,3,RR,98.0,1.0,5.0,62.0,36.0,20.0,13.0,10.0,6.0,9.0,0.0,6.0,68.0,44.0,20.0,10.0,9.0,3.0,9.0
2024-M-DC-2024-WG2-M-TUN-IRL-01,Davis Cup WG2 R1: TUN vs IRL,Clay,4,D,,20240913,4,ML73,,,Skander Mansouri,R,193.0,TUN,29.144,681.0,41.0,G0G4,,,Conor Gannon,,,IRL,22.272,1294.0,5.0,6-3 6-1,3,RR,70.0,5.0,2.0,39.0,24.0,23.0,10.0,8.0,0.0,0.0,0.0,4.0,57.0,31.0,20.0,10.0,8.0,6.0,10.0
2024-M-DC-2024-WG2-M-UZB-EST-01,Davis Cup WG2 R1: UZB vs EST,Hard,4,D,,20240913,1,L0GH,,,Mark Lajal,R,191.0,EST,21.342,224.0,260.0,F0A3,,,Sergey Fomin,R,180.0,UZB,23.614,537.0,70.0,6-4 4-6 7-6(6),3,RR,164.0,16.0,4.0,99.0,72.0,56.0,10.0,16.0,1.0,4.0,14.0,4.0,136.0,84.0,53.0,29.0,16.0,13.0,16.0
2024-M-DC-2024-WG2-M-UZB-EST-01,Davis Cup WG2 R1: UZB vs EST,Hard,4,D,,20240913,2,SR81,,,Khumoyun Sultanov,R,180.0,UZB,25.881,236.0,243.0,TG67,,,Kristjan Tamm,R,185.0,EST,26.245,978.0,15.0,7-6(2) 6-4,3,RR,104.0,10.0,0.0,66.0,42.0,35.0,18.0,11.0,2.0,2.0,11.0,2.0,91.0,55.0,44.0,14.0,11.0,7.0,8.0
2024-M-DC-2024-WG2-M-UZB-EST-01,Davis Cup WG2 R1: UZB vs EST,Hard,4,D,,20240913,3,SR81,,,Khumoyun Sultanov,R,180.0,UZB,25.881,236.0,243.0,L0GH,,,Mark Lajal,R,191.0,EST,21.342,224.0,260.0,6-4 6-1,3,RR,74.0,7.0,1.0,57.0,34.0,23.0,16.0,9.0,5.0,6.0,1.0,2.0,41.0,22.0,10.0,10.0,8.0,0.0,4.0
2024-7581,Chengdu,Hard,28,250,O,20240918,1,KI63,,,Lukas Klein,R,193.0,SVK,26.494,127.0,468.0,W09E,,,Adam Walton,R,183.0,AUS,25.424,94.0,604.0,7-6(3) 6-4,3,R32,100.0,12.0,2.0,63.0,40.0,31.0,18.0,11.0,1.0,1.0,7.0,2.0,72.0,51.0,37.0,11.0,11.0,4.0,5.0
2024-7581,Chengdu,Hard,28,250,O,20240918,2,DA81,,,Taro Daniel,R,191.0,JPN,31.641,90.0,614.0,SU87,6.0,,Lorenzo Sonego,R,191.0,ITA,29.358,50.0,1081.0,6-4 7-5,3,R32,89.0,1.0,0.0,56.0,45.0,36.0,9.0,11.0,1.0,1.0,5.0,3.0,56.0,40.0,33.0,7.0,11.0,0.0,2.0
2024-7581,Chengdu,Hard,28,250,O,20240918,3,M0GZ,7.0,,Giovanni Mpetshi Perricard,R,203.0,FRA,21.199,51.0,1048.0,SX90,,WC,Fajing Sun,R,178.0,CHN,27.959,359.0,139.0,6-7(5) 7-5 6-4,3,R32,148.0,34.0,10.0,106.0,73.0,61.0,17.0,17.0,2.0,2.0,10.0,2.0,98.0,71.0,55.0,15.0,17.0,0.0,2.0
2024-7581,Chengdu,Hard,28,250,O,20240918,4,V832,,,Aleksandar Vukic,R,188.0,AUS,28.452,92.0,609.0,CG80,,,Borna Coric,R,188.0,CRO,27.844,97.0,582.0,3-6 7-6(9) 6-4,3,R32,156.0,21.0,3.0,94.0,51.0,44.0,24.0,15.0,3.0,4.0,9.0,3.0,100.0,62.0,50.0,22.0,16.0,2.0,3.0
2024-7581,Chengdu,Hard,28,250,O,20240918,5,Z0CQ,,WC,Yi Zhou,R,193.0,CHN,19.515,531.0,72.0,T0AP,,,Chun-Hsin Tseng,R,175.0,TPE,23.113,121.0,489.0,2-6 6-1 3-1 RET,3,R32,86.0,4.0,1.0,51.0,30.0,24.0,12.0,10.0,2.0,4.0,5.0,3.0,63.0,30.0,21.0,13.0,9.0,3.0,6.0
2024-7581,Chengdu,Hard,28,250,O,20240918,6,K0E6,,Q,Alibek Kachmazov,R,185.0,RUS,22.089,252.0,226.0,K0AZ,,,Aleksandar Kovacevic,R,183.0,USA,26.056,72.0,740.0,6-4 7-6(7),3,R32,120.0,8.0,5.0,75.0,41.0,30.0,19.0,11.0,3.0,4.0,12.0,5.0,80.0,38.0,28.0,21.0,11.0,7.0,9.0
2024-7581,Chengdu,Hard,28,250,O,20240918,7,S0RE,,,Juncheng Shang,L,180.0,CHN,19.625,67.0,795.0,N552,,WC,Kei Nishikori,R,178.0,JPN,34.721,201.0,288.0,6-4 6-4,3,R32,103.0,5.0,3.0,71.0,42.0,33.0,13.0,10.0,8.0,9.0,8.0,3.0,64.0,39.0,26.0,12.0,10.0,5.0,8.0
2024-7581,Chengdu,Hard,28,250,O,20240918,8,H997,,,Yannick Hanfmann,R,193.0,GER,32.849,95.0,594.0,M0HU,,Q,Shintaro Mochizuki,R,175.0,JPN,21.298,147.0,395.0,6-4 7-6(4),3,R32,106.0,10.0,1.0,73.0,47.0,34.0,16.0,11.0,2.0,3.0,2.0,3.0,74.0,44.0,32.0,15.0,11.0,5.0,7.0
2024-7581,Chengdu,Hard,28,250,O,20240918,9,O483,,,Christopher O'Connell,R,183.0,AUS,30.294,75.0,720.0,K09F,,,Pavel Kotov,R,191.0,RUS,25.834,61.0,864.0,6-4 7-5,3,R32,98.0,8.0,1.0,56.0,34.0,29.0,15.0,11.0,0.0,0.0,7.0,4.0,71.0,39.0,31.0,14.0,11.0,3.0,5.0
2024-7581,Chengdu,Hard,28,250,O,20240918,10,SX50,8.0,,Roman Safiullin,R,185.0,RUS,27.116,56.0,915.0,F510,,,Fabio Fognini,R,178.0,ITA,37.322,79.0,694.0,6-3 4-6 6-4,3,R32,128.0,13.0,6.0,88.0,45.0,36.0,22.0,15.0,2.0,5.0,9.0,5.0,90.0,61.0,38.0,14.0,14.0,7.0,11.0
2024-7581,Chengdu,Hard,28,250,O,20240918,11,GJ16,,Q,Federico Agustin Gomez,R,191.0,ARG,27.811,174.0,346.0,MP20,,,Alexandre Muller,R,183.0,FRA,27.628,70.0,755.0,6-4 7-5,3,R32,92.0,13.0,3.0,57.0,30.0,27.0,15.0,11.0,1.0,2.0,6.0,4.0,73.0,42.0,31.0,14.0,11.0,8.0,11.0
2024-7581,Chengdu,Hard,28,250,O,20240918,12,ME82,5.0,,Adrian Mannarino,L,180.0,FRA,36.222,46.0,1144.0,A0GC,,Q,Terence Atmane,L,193.0,FRA,22.691,164.0,363.0,6-7(9) 6-1 6-3,3,R32,151.0,6.0,3.0,105.0,64.0,51.0,14.0,14.0,7.0,9.0,10.0,9.0,104.0,52.0,33.0,21.0,14.0,5.0,11.0
2024-7581,Chengdu,Hard,28,250,O,20240918,13,K0E6,,Q,Alibek Kachmazov,R,185.0,RUS,22.089,252.0,226.0,DA81,,,Taro Daniel,R,191.0,JPN,31.641,90.0,614.0,7-6(1) 6-1,3,R16,80.0,8.0,0.0,51.0,34.0,28.0,9.0,9.0,0.0,1.0,2.0,1.0,61.0,39.0,20.0,12.0,10.0,0.0,4.0
2024-7581,Chengdu,Hard,28,250,O,20240918,14,H997,,,Yannick Hanfmann,R,193.0,GER,32.849,95.0,594.0,M0GZ,7.0,,Giovanni Mpetshi Perricard,R,203.0,FRA,21.199,51.0,1048.0,6-4 3-6 6-3,3,R16,109.0,8.0,2.0,73.0,47.0,37.0,20.0,14.0,1.0,2.0,22.0,5.0,75.0,55.0,46.0,8.0,14.0,4.0,6.0
2024-7581,Chengdu,Hard,28,250,O,20240918,15,J551,3.0,,Nicolas Jarry,R,201.0,CHI,28.939,28.0,1595.0,KI63,,,Lukas Klein,R,193.0,SVK,26.494,127.0,468.0,7-6(2) 3-6 6-4,3,R16,138.0,19.0,2.0,93.0,63.0,50.0,13.0,15.0,5.0,7.0,8.0,1.0,93.0,68.0,50.0,13.0,16.0,5.0,7.0
2024-7581,Chengdu,Hard,28,250,O,20240918,16,MO44,4.0,,Pedro Martinez,R,185.0,ESP,27.398,42.0,1167.0,V832,,,Aleksandar Vukic,R,188.0,AUS,28.452,92.0,609.0,6-3 6-4,3,R16,84.0,8.0,2.0,52.0,38.0,31.0,8.0,10.0,1.0,2.0,12.0,1.0,61.0,39.0,26.0,9.0,9.0,8.0,11.0
2024-7581,Chengdu,Hard,28,250,O,20240918,17,ME82,5.0,,Adrian Mannarino,L,180.0,FRA,36.222,46.0,1144.0,Z0CQ,,WC,Yi Zhou,R,193.0,CHN,19.515,531.0,72.0,7-6(3) 2-6 6-4,3,R16,165.0,8.0,1.0,112.0,63.0,39.0,27.0,15.0,8.0,12.0,11.0,2.0,90.0,55.0,42.0,18.0,15.0,9.0,12.0
2024-7581,Chengdu,Hard,28,250,O,20240918,18,M0EJ,1.0,,Lorenzo Musetti,R,185.0,ITA,22.546,19.0,2345.0,O483,,,Christopher O'Connell,R,183.0,AUS,30.294,75.0,720.0,6-7(5) 6-4 7-6(4),3,R16,157.0,7.0,2.0,107.0,81.0,61.0,11.0,17.0,0.0,3.0,6.0,1.0,103.0,70.0,55.0,15.0,17.0,6.0,10.0
2024-7581,Chengdu,Hard,28,250,O,20240918,19,BK92,2.0,,Alexander Bublik,R,196.0,KAZ,27.255,27.0,1650.0,GJ16,,Q,Federico Agustin Gomez,R,191.0,ARG,27.811,174.0,346.0,6-4 6-4,3,R16,87.0,8.0,9.0,65.0,41.0,32.0,10.0,10.0,4.0,5.0,8.0,4.0,69.0,36.0,26.0,14.0,10.0,3.0,6.0
2024-7581,Chengdu,Hard,28,250,O,20240918,20,S0RE,,,Juncheng Shang,L,180.0,CHN,19.625,67.0,795.0,SX50,8.0,,Roman Safiullin,R,185.0,RUS,27.116,56.0,915.0,5-7 6-3 6-3,3,R16,138.0,7.0,3.0,98.0,70.0,48.0,13.0,15.0,6.0,9.0,12.0,3.0,80.0,43.0,33.0,17.0,15.0,3.0,8.0
2024-7581,Chengdu,Hard,28,250,O,20240918,21,K0E6,,Q,Alibek Kachmazov,R,185.0,RUS,22.089,252.0,226.0,J551,3.0,,Nicolas Jarry,R,201.0,CHI,28.939,28.0,1595.0,6-3 6-4,3,QF,93.0,3.0,0.0,56.0,22.0,21.0,21.0,10.0,0.0,0.0,11.0,1.0,57.0,32.0,25.0,9.0,9.0,4.0,6.0
2024-7581,Chengdu,Hard,28,250,O,20240918,22,M0EJ,1.0,,Lorenzo Musetti,R,185.0,ITA,22.546,19.0,2345.0,ME82,5.0,,Adrian Mannarino,L,180.0,FRA,36.222,46.0,1144.0,6-2 5-7 6-2,3,QF,136.0,8.0,2.0,89.0,60.0,46.0,16.0,14.0,3.0,4.0,6.0,3.0,84.0,55.0,36.0,16.0,14.0,8.0,12.0
2024-7581,Chengdu,Hard,28,250,O,20240918,23,H997,,,Yannick Hanfmann,R,193.0,GER,32.849,95.0,594.0,MO44,4.0,,Pedro Martinez,R,185.0,ESP,27.398,42.0,1167.0,7-6(1) 6-2,3,QF,112.0,6.0,1.0,57.0,37.0,27.0,14.0,10.0,0.0,1.0,2.0,5.0,90.0,60.0,33.0,16.0,10.0,7.0,10.0
2024-7581,Chengdu,Hard,28,250,O,20240918,24,S0RE,,,Juncheng Shang,L,180.0,CHN,19.625,67.0,795.0,BK92,2.0,,Alexander Bublik,R,196.0,KAZ,27.255,27.0,1650.0,6-4 7-6(8),3,QF,111.0,7.0,0.0,79.0,59.0,47.0,12.0,11.0,5.0,5.0,18.0,4.0,84.0,51.0,46.0,12.0,11.0,2.0,3.0
2024-7581,Chengdu,Hard,28,250,O,20240918,25,M0EJ,1.0,,Lorenzo Musetti,R,185.0,ITA,22.546,19.0,2345.0,K0E6,,Q,Alibek Kachmazov,R,185.0,RUS,22.089,252.0,226.0,6-4 6-2,3,SF,101.0,3.0,1.0,73.0,52.0,34.0,14.0,9.0,3.0,3.0,6.0,1.0,62.0,35.0,24.0,12.0,9.0,5.0,8.0
2024-7581,Chengdu,Hard,28,250,O,20240918,26,S0RE,,,Juncheng Shang,L,180.0,CHN,19.625,67.0,795.0,H997,,,Yannick Hanfmann,R,193.0,GER,32.849,95.0,594.0,6-4 6-4,3,SF,89.0,2.0,0.0,54.0,30.0,23.0,19.0,10.0,0.0,0.0,12.0,1.0,67.0,50.0,36.0,6.0,10.0,4.0,6.0
2024-7581,Chengdu,Hard,28,250,O,20240918,27,S0RE,,,Juncheng Shang,L,180.0,CHN,19.625,67.0,795.0,M0EJ,1.0,,Lorenzo Musetti,R,185.0,ITA,22.546,19.0,2345.0,7-6(4) 6-1,3,F,99.0,5.0,0.0,72.0,49.0,36.0,12.0,10.0,2.0,3.0,2.0,0.0,61.0,46.0,28.0,8.0,9.0,2.0,5.0
2024-4713,Hangzhou,Hard,28,250,O,20240918,1,M0CI,7.0,,Fabian Marozsan,R,193.0,HUN,24.947,49.0,1095.0,N0BG,,,Luca Nardi,R,185.0,ITA,21.12,87.0,647.0,6-0 6-2,3,R32,70.0,2.0,0.0,43.0,25.0,17.0,13.0,7.0,2.0,3.0,0.0,8.0,57.0,38.0,17.0,6.0,7.0,6.0,12.0
2024-4713,Hangzhou,Hard,28,250,O,20240918,2,K926,,,Mikhail Kukushkin,R,183.0,KAZ,36.731,112.0,515.0,D0FJ,5.0,,Luciano Darderi,R,183.0,ITA,22.593,41.0,1271.0,6-3 6-4,3,R32,99.0,6.0,3.0,63.0,37.0,28.0,11.0,10.0,5.0,7.0,8.0,1.0,56.0,31.0,20.0,7.0,9.0,1.0,5.0
2024-4713,Hangzhou,Hard,28,250,O,20240918,3,C977,,WC,Marin Cilic,R,198.0,CRO,35.973,777.0,28.0,S0K7,,,Zachary Svajda,R,175.0,USA,21.804,135.0,452.0,5-7 6-3 6-0,3,R32,119.0,14.0,7.0,78.0,40.0,35.0,12.0,14.0,1.0,5.0,1.0,4.0,77.0,46.0,26.0,13.0,13.0,5.0,12.0
2024-4713,Hangzhou,Hard,28,250,O,20240918,4,N732,8.0,,Yoshihito Nishioka,L,170.0,JPN,28.977,54.0,974.0,MN13,,,Maximilian Marterer,L,188.0,GER,29.262,105.0,543.0,6-4 6-2,3,R32,76.0,1.0,0.0,50.0,33.0,25.0,13.0,9.0,0.0,0.0,8.0,3.0,45.0,26.0,17.0,8.0,9.0,0.0,3.0
2024-4713,Hangzhou,Hard,28,250,O,20240918,5,H0BH,,,Rinky Hijikata,R,178.0,AUS,23.567,81.0,681.0,D923,,,Damir Dzumhur,R,175.0,BIH,32.331,86.0,655.0,2-6 7-6(6) 6-2,3,R32,150.0,7.0,2.0,96.0,60.0,41.0,18.0,14.0,4.0,8.0,1.0,2.0,99.0,66.0,43.0,14.0,14.0,5.0,9.0
2024-4713,Hangzhou,Hard,28,250,O,20240918,6,Y09V,,WC,Yunchaokete Bu,R,185.0,CHN,22.664,124.0,484.0,G09O,,,Hugo Gaston,L,173.0,FRA,23.978,77.0,714.0,7-5 6-3,3,R32,101.0,9.0,1.0,60.0,38.0,31.0,14.0,11.0,2.0,3.0,4.0,1.0,66.0,35.0,23.0,16.0,10.0,5.0,8.0
2024-4713,Hangzhou,Hard,28,250,O,20240918,7,S0H2,,,Alexander Shevchenko,R,188.0,KAZ,23.803,58.0,870.0,TA29,,Q,Marco Trungelliti,R,178.0,ARG,34.631,138.0,423.0,6-1 6-1,3,R32,46.0,4.0,0.0,29.0,18.0,17.0,11.0,7.0,0.0,0.0,2.0,3.0,45.0,25.0,15.0,5.0,7.0,1.0,6.0
2024-4713,Hangzhou,Hard,28,250,O,20240918,8,CF59,,,Roberto Carballes Baena,R,183.0,ESP,31.491,55.0,921.0,MW02,,,Corentin Moutet,L,180.0,FRA,25.418,69.0,771.0,7-6(6) 6-1,3,R32,129.0,3.0,1.0,71.0,53.0,38.0,8.0,10.0,2.0,4.0,3.0,3.0,67.0,36.0,24.0,11.0,9.0,5.0,9.0
2024-4713,Hangzhou,Hard,28,250,O,20240918,9,U134,,Q,Yasutaka Uchiyama,R,183.0,JPN,32.12,160.0,370.0,M0OQ,,LL,James McCabe,R,188.0,AUS,21.207,302.0,172.0,6-4 6-4,3,R32,101.0,2.0,0.0,61.0,35.0,26.0,20.0,10.0,3.0,3.0,8.0,1.0,74.0,38.0,29.0,16.0,10.0,6.0,8.0
2024-4713,Hangzhou,Hard,28,250,O,20240918,10,W0BH,,Q,Coleman Wong,R,191.0,HKG,20.285,141.0,409.0,WB32,,WC,Yibing Wu,R,183.0,CHN,24.931,566.0,63.0,6-3 RET,3,R32,38.0,8.0,0.0,21.0,15.0,14.0,3.0,4.0,0.0,0.0,0.0,0.0,35.0,21.0,13.0,5.0,5.0,3.0,5.0
2024-4713,Hangzhou,Hard,28,250,O,20240918,11,B0GG,,,Mattia Bellucci,L,175.0,ITA,23.299,108.0,529.0,KC56,,,Aslan Karatsev,R,185.0,RUS,31.039,115.0,508.0,6-4 6-0,3,R32,69.0,7.0,1.0,37.0,24.0,20.0,9.0,8.0,1.0,2.0,3.0,1.0,57.0,33.0,16.0,10.0,8.0,6.0,11.0
2024-4713,Hangzhou,Hard,28,250,O,20240918,12,Z371,6.0,,Zhizhen Zhang,R,193.0,CHN,27.923,48.0,1105.0,Y171,,Q,Denis Yevseyev,R,188.0,KAZ,31.326,207.0,282.0,6-2 1-6 6-4,3,R32,121.0,7.0,1.0,84.0,55.0,33.0,17.0,13.0,2.0,5.0,6.0,6.0,93.0,57.0,40.0,13.0,12.0,11.0,14.0
2024-4713,Hangzhou,Hard,28,250,O,20240918,13,K926,,,Mikhail Kukushkin,R,183.0,KAZ,36.731,112.0,515.0,S0H2,,,Alexander Shevchenko,R,188.0,KAZ,23.803,58.0,870.0,6-4 7-6(3),3,R16,103.0,2.0,1.0,65.0,43.0,33.0,12.0,11.0,1.0,3.0,11.0,4.0,62.0,39.0,30.0,8.0,11.0,2.0,5.0
2024-4713,Hangzhou,Hard,28,250,O,20240918,14,H0BH,,,Rinky Hijikata,R,178.0,AUS,23.567,81.0,681.0,M0CI,7.0,,Fabian Marozsan,R,193.0,HUN,24.947,49.0,1095.0,W/O,3,R16,,,,,,,,,,,,,,,,,,,
2024-4713,Hangzhou,Hard,28,250,O,20240918,15,N0AE,4.0,,Brandon Nakashima,R,188.0,USA,23.127,39.0,1295.0,W0BH,,Q,Coleman Wong,R,191.0,HKG,20.285,141.0,409.0,6-7(7) 7-6(4) 6-1,3,R16,160.0,21.0,0.0,101.0,67.0,56.0,23.0,16.0,4.0,4.0,10.0,0.0,94.0,59.0,46.0,19.0,15.0,5.0,7.0
2024-4713,Hangzhou,Hard,28,250,O,20240918,16,Y09V,,WC,Yunchaokete Bu,R,185.0,CHN,22.664,124.0,484.0,KE29,2.0,,Karen Khachanov,R,198.0,RUS,28.329,23.0,1930.0,7-6(7) 4-6 6-3,3,R16,147.0,13.0,2.0,91.0,58.0,47.0,17.0,16.0,1.0,4.0,18.0,2.0,92.0,61.0,47.0,15.0,15.0,2.0,5.0
2024-4713,Hangzhou,Hard,28,250,O,20240918,17,C977,,WC,Marin Cilic,R,198.0,CRO,35.973,777.0,28.0,N732,8.0,,Yoshihito Nishioka,L,170.0,JPN,28.977,54.0,974.0,6-4 6-1,3,R16,69.0,15.0,2.0,45.0,28.0,26.0,8.0,9.0,0.0,1.0,1.0,0.0,46.0,29.0,16.0,9.0,8.0,2.0,6.0
2024-4713,Hangzhou,Hard,28,250,O,20240918,18,CF59,,,Roberto Carballes Baena,R,183.0,ESP,31.491,55.0,921.0,KC12,,LL,Mitchell Krueger,R,188.0,USA,30.683,140.0,409.0,3-6 6-3 6-4,3,R16,150.0,3.0,4.0,85.0,59.0,45.0,16.0,14.0,2.0,3.0,5.0,3.0,106.0,67.0,45.0,20.0,14.0,3.0,5.0
2024-4713,Hangzhou,Hard,28,250,O,20240918,19,U134,,Q,Yasutaka Uchiyama,R,183.0,JPN,32.12,160.0,370.0,R0DG,1.0,,Holger Rune,R,188.0,DEN,21.391,14.0,2780.0,7-5 6-4,3,R16,100.0,8.0,1.0,64.0,43.0,33.0,10.0,11.0,2.0,4.0,7.0,5.0,88.0,63.0,39.0,8.0,11.0,10.0,14.0
2024-4713,Hangzhou,Hard,28,250,O,20240918,20,Z371,6.0,,Zhizhen Zhang,R,193.0,CHN,27.923,48.0,1105.0,B0GG,,,Mattia Bellucci,L,175.0,ITA,23.299,108.0,529.0,6-3 6-0,3,R16,77.0,6.0,0.0,41.0,32.0,26.0,6.0,8.0,0.0,0.0,5.0,4.0,68.0,36.0,20.0,13.0,7.0,7.0,11.0
2024-4713,Hangzhou,Hard,28,250,O,20240918,21,N0AE,4.0,,Brandon Nakashima,R,188.0,USA,23.127,39.0,1295.0,H0BH,,,Rinky Hijikata,R,178.0,AUS,23.567,81.0,681.0,7-5 6-3,3,QF,89.0,8.0,2.0,57.0,32.0,26.0,17.0,11.0,1.0,2.0,1.0,1.0,56.0,32.0,21.0,11.0,10.0,0.0,3.0
2024-4713,Hangzhou,Hard,28,250,O,20240918,22,C977,,WC,Marin Cilic,R,198.0,CRO,35.973,777.0,28.0,U134,,Q,Yasutaka Uchiyama,R,183.0,JPN,32.12,160.0,370.0,6-2 6-7(4) 7-6(5),3,QF,165.0,19.0,5.0,102.0,59.0,49.0,25.0,16.0,8.0,9.0,9.0,3.0,105.0,63.0,50.0,20.0,16.0,3.0,6.0
2024-4713,Hangzhou,Hard,28,250,O,20240918,23,Y09V,,WC,Yunchaokete Bu,R,185.0,CHN,22.664,124.0,484.0,K926,,,Mikhail Kukushkin,R,183.0,KAZ,36.731,112.0,515.0,6-4 6-2,3,QF,83.0,8.0,1.0,52.0,29.0,23.0,13.0,9.0,3.0,4.0,1.0,2.0,50.0,33.0,19.0,7.0,9.0,3.0,7.0
2024-4713,Hangzhou,Hard,28,250,O,20240918,24,Z371,6.0,,Zhizhen Zhang,R,193.0,CHN,27.923,48.0,1105.0,CF59,,,Roberto Carballes Baena,R,183.0,ESP,31.491,55.0,921.0,6-3 6-3,3,QF,72.0,7.0,0.0,48.0,35.0,27.0,10.0,9.0,0.0,0.0,3.0,3.0,50.0,32.0,20.0,9.0,9.0,3.0,6.0
2024-4713,Hangzhou,Hard,28,250,O,20240918,25,C977,,WC,Marin Cilic,R,198.0,CRO,35.973,777.0,28.0,N0AE,4.0,,Brandon Nakashima,R,188.0,USA,23.127,39.0,1295.0,6-4 7-6(6),3,SF,104.0,8.0,1.0,71.0,41.0,34.0,17.0,11.0,2.0,2.0,8.0,0.0,69.0,48.0,35.0,10.0,11.0,0.0,1.0
2024-4713,Hangzhou,Hard,28,250,O,20240918,26,Z371,6.0,,Zhizhen Zhang,R,193.0,CHN,27.923,48.0,1105.0,Y09V,,WC,Yunchaokete Bu,R,185.0,CHN,22.664,124.0,484.0,7-6(3) 6-4,3,SF,101.0,10.0,0.0,78.0,59.0,44.0,12.0,11.0,4.0,4.0,8.0,1.0,61.0,34.0,25.0,19.0,11.0,1.0,2.0
2024-4713,Hangzhou,Hard,28,250,O,20240918,27,C977,,WC,Marin Cilic,R,198.0,CRO,35.973,777.0,28.0,Z371,6.0,,Zhizhen Zhang,R,193.0,CHN,27.923,48.0,1105.0,7-6(5) 7-6(5),3,F,110.0,18.0,2.0,83.0,50.0,42.0,22.0,12.0,2.0,2.0,14.0,2.0,78.0,55.0,45.0,15.0,12.0,2.0,2.0
2024-9210,Laver Cup,Hard,12,A,O,20240920,1,A0E2,,,Carlos Alcaraz,R,183.0,ESP,21.38,3.0,6690.0,FB98,,,Taylor Fritz,R,196.0,USA,26.897,7.0,4060.0,6-2 7-5,3,RR,89.0,1.0,1.0,56.0,41.0,33.0,7.0,10.0,3.0,4.0,7.0,4.0,65.0,44.0,28.0,10.0,10.0,2.0,6.0
2024-9210,Laver Cup,Hard,12,A,O,20240920,2,S0S1,,,Ben Shelton,L,193.0,USA,21.949,17.0,2490.0,MM58,,,Daniil Medvedev,R,198.0,RUS,28.608,5.0,5475.0,6-7(6) 7-5 1-0(7),3,RR,123.0,5.0,1.0,91.0,66.0,46.0,19.0,12.0,4.0,4.0,9.0,3.0,87.0,61.0,47.0,12.0,12.0,1.0,2.0
2024-9210,Laver Cup,Hard,12,A,O,20240920,3,Z355,,,Alexander Zverev,R,198.0,GER,27.42,2.0,7075.0,TD51,,,Frances Tiafoe,R,188.0,USA,26.667,16.0,2560.0,6-7(5) 7-5 1-0(5),3,RR,154.0,12.0,0.0,85.0,63.0,50.0,10.0,12.0,1.0,2.0,7.0,2.0,96.0,53.0,39.0,21.0,12.0,7.0,9.0
2024-9210,Laver Cup,Hard,12,A,O,20240920,4,A0E2,,,Carlos Alcaraz,R,183.0,ESP,21.38,3.0,6690.0,S0S1,,,Ben Shelton,L,193.0,USA,21.949,17.0,2490.0,6-4 6-4,3,RR,103.0,0.0,0.0,59.0,46.0,36.0,8.0,10.0,5.0,5.0,4.0,3.0,70.0,50.0,33.0,12.0,10.0,9.0,11.0
2024-9210,Laver Cup,Hard,12,A,O,20240920,5,FB98,,,Taylor Fritz,R,196.0,USA,26.897,7.0,4060.0,Z355,,,Alexander Zverev,R,198.0,GER,27.42,2.0,7075.0,6-4 7-5,3,RR,117.0,8.0,3.0,71.0,38.0,33.0,16.0,11.0,4.0,5.0,3.0,2.0,69.0,52.0,31.0,9.0,11.0,4.0,7.0
2024-9210,Laver Cup,Hard,12,A,O,20240920,6,TD51,,,Frances Tiafoe,R,188.0,USA,26.667,16.0,2560.0,MM58,,,Daniil Medvedev,R,198.0,RUS,28.608,5.0,5475.0,3-6 6-4 1-0(5),3,RR,95.0,2.0,0.0,61.0,34.0,28.0,15.0,10.0,2.0,4.0,4.0,3.0,68.0,45.0,30.0,13.0,9.0,2.0,3.0
2024-9210,Laver Cup,Hard,12,A,O,20240920,7,C0AU,,,Francisco Cerundolo,R,185.0,ARG,26.105,31.0,1500.0,RH16,,,Casper Ruud,R,183.0,NOR,25.747,9.0,4010.0,6-4 6-4,3,RR,98.0,3.0,5.0,74.0,43.0,30.0,16.0,10.0,3.0,4.0,3.0,2.0,53.0,39.0,29.0,5.0,10.0,1.0,4.0
2024-9210,Laver Cup,Hard,12,A,O,20240920,8,D875,,,Grigor Dimitrov,R,191.0,BUL,33.35,10.0,3965.0,TE30,,,Alejandro Tabilo,L,188.0,CHI,27.302,22.0,1963.0,7-6(4) 7-6(2),3,RR,135.0,11.0,4.0,75.0,46.0,37.0,18.0,12.0,3.0,5.0,8.0,3.0,98.0,63.0,47.0,15.0,12.0,4.0,6.0
2024-9210,Laver Cup,Hard,12,A,O,20240920,9,TE51,,,Stefanos Tsitsipas,R,193.0,GRE,26.108,12.0,3390.0,KD46,,,Thanasi Kokkinakis,R,193.0,AUS,28.446,78.0,712.0,6-1 6-4,3,RR,81.0,4.0,0.0,55.0,35.0,27.0,12.0,9.0,2.0,2.0,4.0,1.0,55.0,35.0,24.0,8.0,8.0,3.0,6.0
2024-747,Beijing,Hard,32,500,O,20240926,1,ME82,,,Adrian Mannarino,L,180.0,FRA,36.244,44.0,1184.0,SU87,,,Lorenzo Sonego,R,191.0,ITA,29.38,50.0,1081.0,1-6 6-2 6-3,3,R32,117.0,1.0,0.0,68.0,42.0,32.0,13.0,12.0,3.0,5.0,5.0,3.0,75.0,50.0,36.0,10.0,12.0,3.0,6.0
2024-747,Beijing,Hard,32,500,O,20240926,2,K09F,,Q,Pavel Kotov,R,191.0,RUS,25.856,63.0,832.0,Z0CQ,,WC,Yi Zhou,R,193.0,CHN,19.537,446.0,97.0,1-6 6-3 7-5,3,R32,140.0,2.0,1.0,88.0,62.0,41.0,11.0,14.0,5.0,9.0,6.0,3.0,93.0,53.0,37.0,17.0,14.0,6.0,10.0
2024-747,Beijing,Hard,32,500,O,20240926,3,S0AG,1.0,,Jannik Sinner,R,191.0,ITA,23.113,1.0,11180.0,J551,,,Nicolas Jarry,R,201.0,CHI,28.961,28.0,1635.0,4-6 6-3 6-1,3,R32,115.0,1.0,1.0,66.0,45.0,37.0,14.0,13.0,4.0,5.0,12.0,2.0,78.0,52.0,40.0,5.0,13.0,4.0,8.0
2024-747,Beijing,Hard,32,500,O,20240926,4,GJ37,,,Tallon Griekspoor,R,188.0,NED,28.235,39.0,1300.0,KI95,,,Miomir Kecmanovic,R,183.0,SRB,25.073,55.0,945.0,6-7(3) 6-4 6-3,3,R32,133.0,13.0,4.0,96.0,58.0,46.0,21.0,16.0,1.0,2.0,5.0,6.0,101.0,68.0,49.0,14.0,15.0,6.0,9.0
2024-747,Beijing,Hard,32,500,O,20240926,5,L0BV,,,Jiri Lehecka,R,185.0,CZE,22.883,37.0,1345.0,MO44,,,Pedro Martinez,R,185.0,ESP,27.42,43.0,1207.0,7-6(4) 6-2,3,R32,102.0,8.0,2.0,68.0,38.0,36.0,13.0,10.0,3.0,4.0,1.0,4.0,64.0,45.0,32.0,8.0,10.0,6.0,9.0
2024-747,Beijing,Hard,32,500,O,20240926,6,C0E9,,,Flavio Cobolli,R,183.0,ITA,22.393,32.0,1482.0,BK92,8.0,,Alexander Bublik,R,196.0,KAZ,27.277,26.0,1690.0,4-6 6-1 7-6(4),3,R32,123.0,6.0,4.0,109.0,62.0,50.0,21.0,15.0,3.0,5.0,8.0,4.0,83.0,57.0,42.0,12.0,14.0,2.0,5.0
2024-747,Beijing,Hard,32,500,O,20240926,7,C0AU,,,Francisco Cerundolo,R,185.0,ARG,26.122,31.0,1500.0,M0NI,,Q,Jakub Mensik,R,196.0,CZE,19.069,66.0,797.0,7-6(4) 6-1,3,R32,100.0,7.0,5.0,89.0,56.0,39.0,15.0,10.0,5.0,7.0,1.0,5.0,56.0,27.0,15.0,12.0,9.0,3.0,7.0
2024-747,Beijing,Hard,32,500,O,20240926,8,SX50,,LL,Roman Safiullin,R,185.0,RUS,27.138,69.0,790.0,W367,,WC,Stan Wawrinka,R,183.0,SUI,39.499,234.0,243.0,6-3 6-4,3,R32,80.0,11.0,2.0,63.0,37.0,31.0,13.0,10.0,2.0,2.0,5.0,3.0,61.0,29.0,19.0,20.0,9.0,1.0,3.0
2024-747,Beijing,Hard,32,500,O,20240926,9,Y09V,,WC,Yunchaokete Bu,R,185.0,CHN,22.686,96.0,584.0,S0RE,,SE,Juncheng Shang,L,180.0,CHN,19.647,52.0,1045.0,6-7(3) 6-2 6-4,3,R32,149.0,8.0,2.0,84.0,45.0,31.0,23.0,15.0,2.0,6.0,5.0,4.0,106.0,67.0,40.0,19.0,15.0,11.0,18.0
2024-747,Beijing,Hard,32,500,O,20240926,10,M0EJ,6.0,,Lorenzo Musetti,R,185.0,ITA,22.568,18.0,2420.0,BU13,,Q,Zizou Bergs,R,185.0,BEL,25.317,74.0,738.0,7-5 4-6 6-3,3,R32,131.0,5.0,2.0,90.0,55.0,42.0,25.0,16.0,3.0,4.0,6.0,4.0,84.0,49.0,41.0,17.0,15.0,4.0,6.0
2024-747,Beijing,Hard,32,500,O,20240926,11,MM58,3.0,,Daniil Medvedev,R,198.0,RUS,28.624,5.0,5475.0,MC65,,,Gael Monfils,R,193.0,FRA,38.07,46.0,1160.0,6-3 6-4,3,R32,92.0,2.0,6.0,64.0,32.0,23.0,18.0,9.0,4.0,6.0,1.0,8.0,69.0,43.0,24.0,8.0,10.0,5.0,10.0
2024-747,Beijing,Hard,32,500,O,20240926,12,BD06,,Q,Roberto Bautista Agut,R,183.0,ESP,36.452,61.0,841.0,RC91,,LL,Arthur Rinderknech,R,196.0,FRA,29.18,60.0,843.0,6-3 6-4,3,R32,83.0,5.0,2.0,63.0,45.0,34.0,11.0,10.0,5.0,5.0,6.0,3.0,44.0,25.0,21.0,10.0,9.0,2.0,4.0
2024-747,Beijing,Hard,32,500,O,20240926,13,KE29,7.0,,Karen Khachanov,R,198.0,RUS,28.35,27.0,1680.0,CF59,,LL,Roberto Carballes Baena,R,183.0,ESP,31.513,54.0,955.0,6-4 6-4,3,R32,101.0,4.0,0.0,56.0,35.0,28.0,11.0,10.0,0.0,1.0,5.0,3.0,76.0,44.0,31.0,13.0,10.0,7.0,10.0
2024-747,Beijing,Hard,32,500,O,20240926,14,A0E2,2.0,,Carlos Alcaraz,R,183.0,ESP,21.396,3.0,6690.0,M0GZ,,,Giovanni Mpetshi Perricard,R,203.0,FRA,21.221,51.0,1073.0,6-4 6-4,3,R32,81.0,5.0,1.0,56.0,34.0,25.0,18.0,10.0,3.0,3.0,7.0,6.0,55.0,24.0,20.0,17.0,10.0,0.0,2.0
2024-747,Beijing,Hard,32,500,O,20240926,15,DH50,,,Alejandro Davidovich Fokina,R,180.0,ESP,25.311,64.0,820.0,Z371,,,Zhizhen Zhang,R,193.0,CHN,27.945,41.0,1270.0,6-3 4-6 6-3,3,R32,121.0,7.0,1.0,92.0,68.0,46.0,15.0,14.0,7.0,9.0,7.0,1.0,76.0,43.0,31.0,17.0,14.0,0.0,4.0
2024-747,Beijing,Hard,32,500,O,20240926,16,RE44,4.0,,Andrey Rublev,R,188.0,RUS,26.935,6.0,4645.0,CD85,,PR,Pablo Carreno Busta,R,188.0,ESP,33.21,201.0,287.0,6-0 4-6 6-4,3,R32,109.0,12.0,1.0,75.0,43.0,33.0,17.0,13.0,4.0,6.0,3.0,2.0,78.0,45.0,28.0,17.0,13.0,3.0,8.0
2024-747,Beijing,Hard,32,500,O,20240926,17,C0E9,,,Flavio Cobolli,R,183.0,ITA,22.393,32.0,1482.0,K09F,,Q,Pavel Kotov,R,191.0,RUS,25.856,63.0,832.0,6-4 6-2,3,R16,76.0,3.0,2.0,50.0,31.0,27.0,11.0,9.0,1.0,1.0,2.0,4.0,54.0,31.0,24.0,9.0,9.0,4.0,7.0
2024-747,Beijing,Hard,32,500,O,20240926,18,L0BV,,,Jiri Lehecka,R,185.0,CZE,22.883,37.0,1345.0,BD06,,Q,Roberto Bautista Agut,R,183.0,ESP,36.452,61.0,841.0,3-6 6-2 6-1,3,R16,100.0,12.0,1.0,70.0,36.0,30.0,21.0,12.0,5.0,6.0,3.0,2.0,64.0,42.0,28.0,13.0,12.0,2.0,6.0
2024-747,Beijing,Hard,32,500,O,20240926,19,S0AG,1.0,,Jannik Sinner,R,191.0,ITA,23.113,1.0,11180.0,SX50,,LL,Roman Safiullin,R,185.0,RUS,27.138,69.0,790.0,3-6 6-2 6-3,3,R16,141.0,4.0,3.0,77.0,45.0,36.0,15.0,13.0,4.0,6.0,6.0,2.0,93.0,51.0,34.0,19.0,13.0,9.0,13.0
2024-747,Beijing,Hard,32,500,O,20240926,20,MM58,3.0,,Daniil Medvedev,R,198.0,RUS,28.624,5.0,5475.0,ME82,,,Adrian Mannarino,L,180.0,FRA,36.244,44.0,1184.0,7-6(6) 6-2,3,R16,101.0,8.0,6.0,68.0,45.0,36.0,10.0,10.0,5.0,7.0,1.0,3.0,68.0,41.0,23.0,15.0,10.0,2.0,6.0
2024-747,Beijing,Hard,32,500,O,20240926,21,Y09V,,WC,Yunchaokete Bu,R,185.0,CHN,22.686,96.0,584.0,M0EJ,6.0,,Lorenzo Musetti,R,185.0,ITA,22.568,18.0,2420.0,6-2 6-4,3,R16,89.0,5.0,1.0,55.0,29.0,23.0,13.0,9.0,3.0,5.0,0.0,3.0,56.0,30.0,14.0,12.0,9.0,3.0,8.0
2024-747,Beijing,Hard,32,500,O,20240926,22,KE29,7.0,,Karen Khachanov,R,198.0,RUS,28.35,27.0,1680.0,C0AU,,,Francisco Cerundolo,R,185.0,ARG,26.122,31.0,1500.0,7-6(4) 7-6(9),3,R16,129.0,3.0,5.0,85.0,49.0,40.0,17.0,12.0,3.0,6.0,2.0,3.0,80.0,45.0,33.0,19.0,12.0,2.0,5.0
2024-747,Beijing,Hard,32,500,O,20240926,23,A0E2,2.0,,Carlos Alcaraz,R,183.0,ESP,21.396,3.0,6690.0,GJ37,,,Tallon Griekspoor,R,188.0,NED,28.235,39.0,1300.0,6-1 6-2,3,R16,56.0,4.0,0.0,41.0,23.0,23.0,9.0,8.0,0.0,0.0,0.0,1.0,43.0,25.0,15.0,5.0,7.0,3.0,7.0
2024-747,Beijing,Hard,32,500,O,20240926,24,RE44,4.0,,Andrey Rublev,R,188.0,RUS,26.935,6.0,4645.0,DH50,,,Alejandro Davidovich Fokina,R,180.0,ESP,25.311,64.0,820.0,6-4 7-5,3,R16,103.0,6.0,4.0,67.0,43.0,30.0,10.0,11.0,1.0,4.0,1.0,1.0,77.0,56.0,28.0,11.0,11.0,6.0,11.0
2024-747,Beijing,Hard,32,500,O,20240926,25,A0E2,2.0,,Carlos Alcaraz,R,183.0,ESP,21.396,3.0,6690.0,KE29,7.0,,Karen Khachanov,R,198.0,RUS,28.35,27.0,1680.0,7-5 6-2,3,QF,96.0,2.0,2.0,52.0,33.0,25.0,13.0,10.0,1.0,2.0,3.0,1.0,82.0,53.0,34.0,11.0,10.0,8.0,12.0
2024-747,Beijing,Hard,32,500,O,20240926,26,MM58,3.0,,Daniil Medvedev,R,198.0,RUS,28.624,5.0,5475.0,C0E9,,,Flavio Cobolli,R,183.0,ITA,22.393,32.0,1482.0,6-2 6-4,3,QF,88.0,5.0,4.0,71.0,37.0,29.0,16.0,9.0,10.0,11.0,1.0,5.0,54.0,28.0,20.0,6.0,9.0,4.0,8.0
2024-747,Beijing,Hard,32,500,O,20240926,27,S0AG,1.0,,Jannik Sinner,R,191.0,ITA,23.113,1.0,11180.0,L0BV,,,Jiri Lehecka,R,185.0,CZE,22.883,37.0,1345.0,6-2 7-6(6),3,QF,104.0,7.0,3.0,67.0,40.0,35.0,15.0,10.0,2.0,2.0,2.0,0.0,67.0,29.0,19.0,23.0,10.0,2.0,4.0
2024-747,Beijing,Hard,32,500,O,20240926,28,Y09V,,WC,Yunchaokete Bu,R,185.0,CHN,22.686,96.0,584.0,RE44,4.0,,Andrey Rublev,R,188.0,RUS,26.935,6.0,4645.0,7-5 6-4,3,QF,93.0,6.0,1.0,71.0,40.0,32.0,19.0,11.0,4.0,4.0,6.0,0.0,60.0,37.0,28.0,12.0,11.0,1.0,3.0
2024-747,Beijing,Hard,32,500,O,20240926,29,A0E2,2.0,,Carlos Alcaraz,R,183.0,ESP,21.396,3.0,6690.0,MM58,3.0,,Daniil Medvedev,R,198.0,RUS,28.624,5.0,5475.0,7-5 6-3,3,SF,87.0,3.0,1.0,53.0,36.0,27.0,9.0,10.0,0.0,2.0,3.0,2.0,66.0,42.0,23.0,12.0,11.0,6.0,11.0
2024-747,Beijing,Hard,32,500,O,20240926,30,S0AG,1.0,,Jannik Sinner,R,191.0,ITA,23.113,1.0,11180.0,Y09V,,WC,Yunchaokete Bu,R,185.0,CHN,22.686,96.0,584.0,6-3 7-6(3),3,SF,125.0,11.0,0.0,77.0,52.0,38.0,17.0,11.0,3.0,3.0,3.0,3.0,79.0,41.0,28.0,20.0,10.0,8.0,9.0
2024-747,Beijing,Hard,32,500,O,20240926,31,A0E2,2.0,,Carlos Alcaraz,R,183.0,ESP,21.396,3.0,6690.0,S0AG,1.0,,Jannik Sinner,R,191.0,ITA,23.113,1.0,11180.0,6-7(6) 6-4 7-6(3),3,F,201.0,6.0,2.0,123.0,74.0,54.0,27.0,17.0,4.0,6.0,6.0,4.0,129.0,71.0,47.0,31.0,17.0,12.0,15.0
2024-329,Tokyo,Hard,32,500,O,20240925,1,N0BS,,,Mariano Navone,R,178.0,ARG,23.576,40.0,1278.0,D0FJ,,,Luciano Darderi,R,183.0,ITA,22.612,42.0,1265.0,6-4 6-4,3,R32,107.0,6.0,2.0,60.0,40.0,30.0,12.0,10.0,8.0,9.0,4.0,2.0,88.0,60.0,35.0,13.0,10.0,3.0,6.0
2024-329,Tokyo,Hard,32,500,O,20240925,2,BK40,,,Matteo Berrettini,R,196.0,ITA,28.454,45.0,1165.0,V812,,Q,Botic van de Zandschulp,R,191.0,NED,28.977,67.0,794.0,6-3 6-4,3,R32,90.0,7.0,0.0,58.0,42.0,30.0,7.0,10.0,1.0,3.0,5.0,4.0,65.0,41.0,27.0,8.0,9.0,4.0,8.0
2024-329,Tokyo,Hard,32,500,O,20240925,3,HB71,2.0,,Hubert Hurkacz,R,196.0,POL,27.619,8.0,4060.0,GC88,,,Marcos Giron,R,180.0,USA,31.173,47.0,1150.0,6-4 6-7(5) 6-4,3,R32,125.0,17.0,3.0,89.0,56.0,46.0,21.0,16.0,2.0,3.0,4.0,1.0,93.0,56.0,42.0,21.0,16.0,3.0,6.0
2024-329,Tokyo,Hard,32,500,O,20240925,4,HH26,,,Ugo Humbert,L,188.0,FRA,26.251,19.0,2370.0,M0HU,,WC,Shintaro Mochizuki,R,175.0,JPN,21.317,146.0,408.0,6-1 6-2,3,R32,76.0,2.0,1.0,48.0,28.0,21.0,12.0,8.0,2.0,2.0,2.0,2.0,55.0,27.0,15.0,12.0,7.0,4.0,8.0
2024-329,Tokyo,Hard,32,500,O,20240925,5,N732,,WC,Yoshihito Nishioka,L,170.0,JPN,28.997,59.0,849.0,AG37,,,Felix Auger-Aliassime,R,193.0,CAN,24.131,21.0,2170.0,7-6(5) 3-6 7-6(5),3,R32,192.0,1.0,4.0,126.0,81.0,57.0,23.0,17.0,9.0,12.0,13.0,3.0,110.0,68.0,52.0,21.0,16.0,4.0,5.0
2024-329,Tokyo,Hard,32,500,O,20240925,6,D0CO,,,Jack Draper,L,193.0,GBR,22.76,20.0,2315.0,B0GG,,Q,Mattia Bellucci,L,175.0,ITA,23.318,103.0,554.0,6-4 6-2,3,R32,70.0,9.0,1.0,45.0,30.0,27.0,10.0,9.0,0.0,0.0,6.0,1.0,54.0,35.0,21.0,10.0,9.0,3.0,6.0
2024-329,Tokyo,Hard,32,500,O,20240925,7,PL56,5.0,,Tommy Paul,R,185.0,USA,27.359,13.0,3005.0,A0FC,,,Matteo Arnaldi,R,185.0,ITA,23.589,33.0,1390.0,6-3 6-2,3,R32,68.0,3.0,0.0,41.0,24.0,17.0,15.0,8.0,0.0,0.0,0.0,2.0,54.0,33.0,16.0,11.0,9.0,2.0,6.0
2024-329,Tokyo,Hard,32,500,O,20240925,8,M0FH,,,Tomas Machac,R,183.0,CZE,23.951,34.0,1374.0,P09Z,,,Alexei Popyrin,R,196.0,AUS,25.142,23.0,1825.0,6-3 6-7(5) 7-5,3,R32,149.0,10.0,1.0,101.0,71.0,60.0,18.0,17.0,4.0,4.0,21.0,2.0,112.0,76.0,58.0,18.0,16.0,4.0,6.0
2024-329,Tokyo,Hard,32,500,O,20240925,9,M0QI,,Q,Alex Michelsen,R,193.0,USA,20.085,49.0,1115.0,TE51,4.0,,Stefanos Tsitsipas,R,193.0,GRE,26.122,12.0,3390.0,4-6 6-1 6-2,3,R32,108.0,9.0,0.0,71.0,46.0,32.0,17.0,13.0,1.0,3.0,5.0,4.0,66.0,45.0,25.0,10.0,12.0,0.0,5.0
2024-329,Tokyo,Hard,32,500,O,20240925,10,S0S1,8.0,,Ben Shelton,L,193.0,USA,21.963,17.0,2490.0,O522,,PR,Reilly Opelka,R,211.0,USA,27.077,307.0,167.0,3-6 6-1 6-4,3,R32,106.0,8.0,3.0,72.0,52.0,40.0,10.0,13.0,3.0,5.0,12.0,2.0,84.0,49.0,39.0,14.0,13.0,9.0,13.0
2024-329,Tokyo,Hard,32,500,O,20240925,11,N0AE,,SE,Brandon Nakashima,R,188.0,USA,23.146,36.0,1360.0,TD51,7.0,,Frances Tiafoe,R,188.0,USA,26.68,15.0,2560.0,7-5 6-3,3,R32,81.0,12.0,1.0,61.0,50.0,36.0,8.0,11.0,0.0,1.0,8.0,1.0,57.0,38.0,25.0,12.0,10.0,4.0,7.0
2024-329,Tokyo,Hard,32,500,O,20240925,12,O483,,Q,Christopher O'Connell,R,183.0,AUS,30.313,79.0,700.0,EA24,,,Tomas Martin Etcheverry,R,196.0,ARG,25.191,35.0,1370.0,6-4 7-6(5),3,R32,145.0,8.0,2.0,101.0,56.0,45.0,15.0,11.0,9.0,10.0,3.0,5.0,85.0,51.0,37.0,14.0,11.0,6.0,8.0
2024-329,Tokyo,Hard,32,500,O,20240925,13,R0DG,6.0,,Holger Rune,R,188.0,DEN,21.41,14.0,2780.0,TE30,,,Alejandro Tabilo,L,188.0,CHI,27.316,22.0,1963.0,6-2 5-7 6-4,3,R32,135.0,10.0,2.0,92.0,60.0,47.0,15.0,15.0,3.0,5.0,7.0,3.0,96.0,66.0,44.0,16.0,15.0,5.0,9.0
2024-329,Tokyo,Hard,32,500,O,20240925,14,F0F1,,,Arthur Fils,R,185.0,FRA,20.287,24.0,1775.0,FB98,1.0,,Taylor Fritz,R,196.0,USA,26.91,7.0,4060.0,6-4 3-6 6-3,3,R32,123.0,10.0,1.0,81.0,54.0,40.0,18.0,14.0,3.0,4.0,15.0,6.0,86.0,53.0,41.0,15.0,14.0,3.0,5.0
2024-329,Tokyo,Hard,32,500,O,20240925,15,N552,,WC,Kei Nishikori,R,178.0,JPN,34.741,200.0,288.0,C977,,PR,Marin Cilic,R,198.0,CRO,35.992,212.0,278.0,6-4 3-6 6-3,3,R32,124.0,7.0,2.0,81.0,57.0,43.0,10.0,14.0,2.0,4.0,9.0,4.0,76.0,43.0,35.0,16.0,14.0,4.0,7.0
2024-329,Tokyo,Hard,32,500,O,20240925,16,TC61,,,Jordan Thompson,R,183.0,AUS,30.434,29.0,1566.0,RH16,3.0,,Casper Ruud,R,183.0,NOR,25.76,9.0,4010.0,7-6(5) 6-1,3,R32,110.0,14.0,2.0,74.0,44.0,37.0,14.0,10.0,8.0,8.0,3.0,2.0,64.0,48.0,32.0,7.0,9.0,2.0,4.0
2024-329,Tokyo,Hard,32,500,O,20240925,17,D0CO,,,Jack Draper,L,193.0,GBR,22.76,20.0,2315.0,HB71,2.0,,Hubert Hurkacz,R,196.0,POL,27.619,8.0,4060.0,6-4 6-4,3,R16,84.0,11.0,0.0,64.0,38.0,29.0,16.0,10.0,3.0,3.0,11.0,5.0,62.0,39.0,28.0,12.0,10.0,5.0,7.0
2024-329,Tokyo,Hard,32,500,O,20240925,18,S0S1,8.0,,Ben Shelton,L,193.0,USA,21.963,17.0,2490.0,N0BS,,,Mariano Navone,R,178.0,ARG,23.576,40.0,1278.0,6-4 6-3,3,R16,86.0,5.0,6.0,57.0,41.0,32.0,8.0,10.0,3.0,4.0,3.0,3.0,63.0,37.0,21.0,15.0,9.0,2.0,5.0
2024-329,Tokyo,Hard,32,500,O,20240925,19,F0F1,,,Arthur Fils,R,185.0,FRA,20.287,24.0,1775.0,BK40,,,Matteo Berrettini,R,196.0,ITA,28.454,45.0,1165.0,6-7(5) RET,3,R16,77.0,2.0,1.0,39.0,20.0,17.0,8.0,6.0,2.0,3.0,3.0,0.0,49.0,34.0,21.0,8.0,6.0,2.0,3.0
2024-329,Tokyo,Hard,32,500,O,20240925,20,HH26,,,Ugo Humbert,L,188.0,FRA,26.251,19.0,2370.0,N0AE,,SE,Brandon Nakashima,R,188.0,USA,23.146,36.0,1360.0,6-3 6-2,3,R16,67.0,7.0,0.0,48.0,35.0,31.0,8.0,9.0,3.0,3.0,2.0,1.0,44.0,32.0,22.0,3.0,8.0,2.0,5.0
2024-329,Tokyo,Hard,32,500,O,20240925,21,M0FH,,,Tomas Machac,R,183.0,CZE,23.951,34.0,1374.0,PL56,5.0,,Tommy Paul,R,185.0,USA,27.359,13.0,3005.0,2-6 6-3 7-6(4),3,R16,155.0,4.0,3.0,118.0,68.0,44.0,26.0,15.0,11.0,15.0,5.0,0.0,95.0,56.0,39.0,23.0,14.0,7.0,10.0
2024-329,Tokyo,Hard,32,500,O,20240925,22,M0QI,,Q,Alex Michelsen,R,193.0,USA,20.085,49.0,1115.0,O483,,Q,Christopher O'Connell,R,183.0,AUS,30.313,79.0,700.0,6-1 6-4,3,R16,79.0,4.0,2.0,62.0,48.0,35.0,9.0,9.0,3.0,3.0,2.0,1.0,48.0,28.0,15.0,11.0,8.0,2.0,5.0
2024-329,Tokyo,Hard,32,500,O,20240925,23,N552,,WC,Kei Nishikori,R,178.0,JPN,34.741,200.0,288.0,TC61,,,Jordan Thompson,R,183.0,AUS,30.434,29.0,1566.0,6-2 6-3,3,R16,82.0,1.0,3.0,50.0,32.0,21.0,13.0,8.0,1.0,2.0,5.0,2.0,48.0,27.0,17.0,7.0,9.0,2.0,7.0
2024-329,Tokyo,Hard,32,500,O,20240925,24,R0DG,6.0,,Holger Rune,R,188.0,DEN,21.41,14.0,2780.0,N732,,WC,Yoshihito Nishioka,L,170.0,JPN,28.997,59.0,849.0,6-2 6-4,3,R16,67.0,11.0,1.0,43.0,34.0,30.0,4.0,9.0,0.0,1.0,2.0,3.0,52.0,33.0,17.0,9.0,9.0,4.0,8.0
2024-329,Tokyo,Hard,32,500,O,20240925,25,M0FH,,,Tomas Machac,R,183.0,CZE,23.951,34.0,1374.0,M0QI,,Q,Alex Michelsen,R,193.0,USA,20.085,49.0,1115.0,7-6(2) 6-3,3,QF,95.0,8.0,3.0,66.0,43.0,38.0,9.0,11.0,0.0,1.0,6.0,3.0,71.0,51.0,32.0,9.0,10.0,8.0,10.0
2024-329,Tokyo,Hard,32,500,O,20240925,26,HH26,,,Ugo Humbert,L,188.0,FRA,26.251,19.0,2370.0,D0CO,,,Jack Draper,L,193.0,GBR,22.76,20.0,2315.0,7-5 2-1 RET,3,QF,74.0,4.0,0.0,43.0,28.0,18.0,10.0,8.0,1.0,3.0,1.0,1.0,49.0,32.0,22.0,6.0,7.0,5.0,8.0
2024-329,Tokyo,Hard,32,500,O,20240925,27,R0DG,6.0,,Holger Rune,R,188.0,DEN,21.41,14.0,2780.0,N552,,WC,Kei Nishikori,R,178.0,JPN,34.741,200.0,288.0,3-6 6-2 7-5,3,QF,136.0,6.0,0.0,91.0,63.0,45.0,16.0,14.0,6.0,8.0,1.0,0.0,91.0,64.0,44.0,14.0,15.0,5.0,9.0
2024-329,Tokyo,Hard,32,500,O,20240925,28,F0F1,,,Arthur Fils,R,185.0,FRA,20.287,24.0,1775.0,S0S1,8.0,,Ben Shelton,L,193.0,USA,21.963,17.0,2490.0,7-5 6-7(5) 7-6(2),3,QF,180.0,8.0,2.0,108.0,70.0,60.0,19.0,18.0,0.0,3.0,14.0,3.0,145.0,101.0,69.0,18.0,18.0,15.0,19.0
2024-329,Tokyo,Hard,32,500,O,20240925,29,HH26,,,Ugo Humbert,L,188.0,FRA,26.251,19.0,2370.0,M0FH,,,Tomas Machac,R,183.0,CZE,23.951,34.0,1374.0,6-3 3-6 6-2,3,SF,106.0,8.0,2.0,73.0,39.0,31.0,21.0,13.0,0.0,1.0,5.0,3.0,71.0,38.0,26.0,19.0,13.0,5.0,8.0
2024-329,Tokyo,Hard,32,500,O,20240925,30,F0F1,,,Arthur Fils,R,185.0,FRA,20.287,24.0,1775.0,R0DG,6.0,,Holger Rune,R,188.0,DEN,21.41,14.0,2780.0,7-6(8) 7-6(10),3,SF,143.0,5.0,3.0,95.0,58.0,45.0,16.0,12.0,3.0,4.0,7.0,4.0,88.0,56.0,41.0,18.0,12.0,2.0,3.0
2024-329,Tokyo,Hard,32,500,O,20240925,31,F0F1,,,Arthur Fils,R,185.0,FRA,20.287,24.0,1775.0,HH26,,,Ugo Humbert,L,188.0,FRA,26.251,19.0,2370.0,5-7 7-6(6) 6-3,3,F,184.0,10.0,4.0,98.0,55.0,44.0,25.0,17.0,3.0,5.0,13.0,3.0,129.0,84.0,59.0,20.0,16.0,7.0,9.0
2024-5014,Shanghai Masters,Hard,96,M,O,20241002,1,MP20,,,Alexandre Muller,R,183.0,FRA,27.666,74.0,748.0,N0BG,,,Luca Nardi,R,185.0,ITA,21.158,89.0,649.0,4-6 6-1 6-1,3,R128,95.0,6.0,2.0,69.0,53.0,42.0,6.0,12.0,5.0,7.0,1.0,2.0,67.0,38.0,25.0,7.0,12.0,0.0,6.0
2024-5014,Shanghai Masters,Hard,96,M,O,20241002,2,RC91,,,Arthur Rinderknech,R,196.0,FRA,29.196,62.0,843.0,O522,,PR,Reilly Opelka,R,211.0,USA,27.097,309.0,167.0,6-4 7-6(5),3,R128,112.0,6.0,0.0,71.0,51.0,40.0,12.0,11.0,1.0,1.0,13.0,2.0,86.0,51.0,37.0,18.0,11.0,11.0,12.0
2024-5014,Shanghai Masters,Hard,96,M,O,20241002,3,WB32,,WC,Yibing Wu,R,183.0,CHN,24.969,560.0,63.0,N897,,,Sumit Nagal,R,178.0,IND,27.129,83.0,681.0,6-3 6-3,3,R128,79.0,7.0,4.0,52.0,28.0,22.0,14.0,9.0,1.0,2.0,0.0,1.0,57.0,40.0,22.0,7.0,9.0,3.0,7.0
2024-5014,Shanghai Masters,Hard,96,M,O,20241002,4,V812,,,Botic van de Zandschulp,R,191.0,NED,28.997,67.0,799.0,CD85,,PR,Pablo Carreno Busta,R,188.0,ESP,33.227,203.0,287.0,7-6(5) 6-2,3,R128,101.0,5.0,0.0,68.0,43.0,33.0,15.0,10.0,1.0,1.0,4.0,1.0,60.0,43.0,29.0,12.0,10.0,1.0,3.0
2024-5014,Shanghai Masters,Hard,96,M,O,20241002,5,MC65,,,Gael Monfils,R,193.0,FRA,38.086,46.0,1160.0,D923,,,Damir Dzumhur,R,175.0,BIH,32.37,96.0,599.0,6-4 6-3,3,R128,81.0,4.0,2.0,63.0,46.0,31.0,10.0,9.0,7.0,8.0,0.0,2.0,62.0,37.0,24.0,11.0,10.0,3.0,7.0
2024-5014,Shanghai Masters,Hard,96,M,O,20241002,6,CF59,,,Roberto Carballes Baena,R,183.0,ESP,31.529,54.0,955.0,BD06,,,Roberto Bautista Agut,R,183.0,ESP,36.468,57.0,896.0,3-6 6-3 6-2,3,R128,157.0,6.0,2.0,87.0,59.0,43.0,10.0,13.0,2.0,5.0,2.0,2.0,96.0,66.0,39.0,12.0,13.0,9.0,14.0
2024-5014,Shanghai Masters,Hard,96,M,O,20241002,7,C0H0,,,Arthur Cazaux,R,183.0,FRA,22.111,92.0,622.0,C977,,PR,Marin Cilic,R,198.0,CRO,36.011,211.0,278.0,6-4 6-4,3,R128,96.0,6.0,1.0,65.0,34.0,29.0,16.0,10.0,2.0,3.0,8.0,5.0,53.0,27.0,21.0,13.0,10.0,6.0,9.0
2024-5014,Shanghai Masters,Hard,96,M,O,20241002,8,F510,,,Fabio Fognini,R,178.0,ITA,37.361,81.0,691.0,D0FJ,,,Luciano Darderi,R,183.0,ITA,22.631,42.0,1265.0,6-4 6-7(5) 6-4,3,R128,141.0,9.0,2.0,101.0,50.0,42.0,29.0,16.0,3.0,4.0,11.0,3.0,99.0,59.0,43.0,22.0,16.0,5.0,8.0
2024-5014,Shanghai Masters,Hard,96,M,O,20241002,9,SU55,,Q,Denis Shapovalov,L,185.0,CAN,25.467,102.0,568.0,SU87,,,Lorenzo Sonego,R,191.0,ITA,29.396,49.0,1081.0,7-6(5) 7-6(8),3,R128,129.0,2.0,3.0,81.0,60.0,46.0,9.0,12.0,0.0,2.0,3.0,2.0,88.0,56.0,39.0,17.0,12.0,4.0,6.0
2024-5014,Shanghai Masters,Hard,96,M,O,20241002,10,V832,,Q,Aleksandar Vukic,R,188.0,AUS,28.49,91.0,624.0,MW02,,,Corentin Moutet,L,180.0,FRA,25.457,72.0,764.0,2-6 6-3 6-4,3,R128,121.0,6.0,1.0,85.0,46.0,32.0,24.0,14.0,3.0,6.0,3.0,1.0,84.0,59.0,36.0,15.0,13.0,3.0,6.0
2024-5014,Shanghai Masters,Hard,96,M,O,20241002,11,S0K7,,Q,Zachary Svajda,R,175.0,USA,21.843,131.0,452.0,ME82,,,Adrian Mannarino,L,180.0,FRA,36.26,53.0,984.0,6-3 1-6 6-0,3,R128,94.0,5.0,0.0,59.0,40.0,28.0,11.0,11.0,1.0,3.0,2.0,1.0,74.0,44.0,25.0,16.0,11.0,6.0,10.0
2024-5014,Shanghai Masters,Hard,96,M,O,20241002,12,S0RE,,,Juncheng Shang,L,180.0,CHN,19.663,51.0,1045.0,W0BH,,WC,Coleman Wong,R,191.0,HKG,20.323,128.0,460.0,6-4 6-4,3,R128,96.0,4.0,1.0,56.0,28.0,23.0,15.0,10.0,1.0,3.0,8.0,2.0,70.0,44.0,32.0,6.0,10.0,6.0,10.0
2024-5014,Shanghai Masters,Hard,96,M,O,20241002,13,DH50,,,Alejandro Davidovich Fokina,R,180.0,ESP,25.328,64.0,825.0,D0F6,,Q,Gabriel Diallo,R,203.0,CAN,23.023,105.0,557.0,7-5 7-6(7),3,R128,111.0,3.0,5.0,80.0,58.0,40.0,11.0,12.0,10.0,13.0,9.0,0.0,78.0,54.0,37.0,12.0,12.0,1.0,5.0
2024-5014,Shanghai Masters,Hard,96,M,O,20241002,14,DA81,,,Taro Daniel,R,191.0,JPN,31.68,93.0,619.0,GC89,,Q,Egor Gerasimov,R,196.0,BLR,31.89,304.0,170.0,6-7(5) 6-3 6-4,3,R128,135.0,6.0,0.0,85.0,61.0,47.0,20.0,16.0,0.0,0.0,10.0,1.0,101.0,66.0,47.0,20.0,15.0,4.0,6.0
2024-5014,Shanghai Masters,Hard,96,M,O,20241002,15,SX91,,,Thiago Seyboth Wild,R,185.0,BRA,24.564,88.0,656.0,E687,,Q,Daniel Evans,R,175.0,GBR,34.363,170.0,341.0,6-2 4-6 7-6(3),3,R128,159.0,13.0,3.0,94.0,64.0,44.0,16.0,15.0,2.0,5.0,6.0,4.0,101.0,65.0,42.0,19.0,15.0,6.0,10.0
2024-5014,Shanghai Masters,Hard,96,M,O,20241002,16,N552,,WC,Kei Nishikori,R,178.0,JPN,34.76,153.0,388.0,N0BS,,,Mariano Navone,R,178.0,ARG,23.595,38.0,1328.0,3-6 6-4 6-3,3,R128,136.0,1.0,0.0,82.0,56.0,38.0,16.0,14.0,5.0,7.0,4.0,4.0,107.0,60.0,40.0,23.0,14.0,13.0,16.0
2024-5014,Shanghai Masters,Hard,96,M,O,20241002,17,KI95,,,Miomir Kecmanovic,R,183.0,SRB,25.09,55.0,945.0,H0BH,,,Rinky Hijikata,R,178.0,AUS,23.606,78.0,718.0,6-2 6-2,3,R128,79.0,2.0,0.0,47.0,28.0,21.0,13.0,8.0,0.0,0.0,3.0,5.0,58.0,26.0,20.0,9.0,8.0,6.0,10.0
2024-5014,Shanghai Masters,Hard,96,M,O,20241002,18,MU94,,,Jaume Munar,R,183.0,ESP,27.411,63.0,839.0,G09O,,,Hugo Gaston,L,173.0,FRA,24.016,80.0,703.0,6-3 6-3,3,R128,106.0,1.0,4.0,80.0,58.0,37.0,10.0,9.0,10.0,12.0,0.0,4.0,60.0,34.0,21.0,10.0,9.0,6.0,11.0
2024-5014,Shanghai Masters,Hard,96,M,O,20241002,19,GB88,,,David Goffin,R,180.0,BEL,33.821,66.0,800.0,D994,,,James Duckworth,R,183.0,AUS,32.698,75.0,748.0,6-4 6-2,3,R128,87.0,6.0,2.0,76.0,44.0,31.0,17.0,9.0,3.0,4.0,4.0,1.0,54.0,36.0,23.0,5.0,9.0,3.0,7.0
2024-5014,Shanghai Masters,Hard,96,M,O,20241002,20,Z0CQ,,WC,Yi Zhou,R,193.0,CHN,19.554,440.0,97.0,N732,,,Yoshihito Nishioka,L,170.0,JPN,29.016,60.0,854.0,2-4 RET,3,R128,32.0,0.0,1.0,23.0,13.0,8.0,3.0,3.0,0.0,2.0,1.0,0.0,17.0,12.0,7.0,4.0,3.0,1.0,2.0
2024-5014,Shanghai Masters,Hard,96,M,O,20241002,21,BK40,,,Matteo Berrettini,R,196.0,ITA,28.474,44.0,1215.0,O483,,,Christopher O'Connell,R,183.0,AUS,30.333,71.0,765.0,7-6(9) 7-6(6),3,R128,133.0,11.0,0.0,84.0,53.0,40.0,19.0,12.0,2.0,4.0,5.0,1.0,85.0,51.0,35.0,23.0,12.0,3.0,5.0
2024-5014,Shanghai Masters,Hard,96,M,O,20241002,22,M0NI,,,Jakub Mensik,R,196.0,CZE,19.086,65.0,822.0,MO44,,,Pedro Martinez,R,185.0,ESP,27.436,45.0,1207.0,6-1 5-7 6-4,3,R128,118.0,14.0,4.0,81.0,53.0,41.0,16.0,15.0,2.0,4.0,3.0,3.0,81.0,58.0,35.0,12.0,14.0,2.0,6.0
2024-5014,Shanghai Masters,Hard,96,M,O,20241002,23,GJ37,,,Tallon Griekspoor,R,188.0,NED,28.252,40.0,1305.0,D0CG,,,Facundo Diaz Acosta,L,183.0,ARG,23.797,59.0,865.0,6-4 6-7(6) 6-3,3,R128,134.0,2.0,4.0,100.0,75.0,58.0,12.0,16.0,3.0,4.0,6.0,4.0,89.0,63.0,45.0,16.0,15.0,3.0,6.0
2024-5014,Shanghai Masters,Hard,96,M,O,20241002,24,GC88,,,Marcos Giron,R,180.0,USA,31.192,47.0,1140.0,TC01,,Q,Li Tu,R,183.0,AUS,28.35,191.0,304.0,6-1 7-6(4),3,R128,87.0,1.0,1.0,53.0,36.0,25.0,9.0,9.0,1.0,3.0,4.0,2.0,73.0,45.0,29.0,9.0,10.0,6.0,11.0
2024-5014,Shanghai Masters,Hard,96,M,O,20241002,25,WB08,,Q,Yosuke Watanuki,R,180.0,JPN,26.475,336.0,149.0,K09F,,,Pavel Kotov,R,191.0,RUS,25.873,56.0,907.0,6-7(6) 6-4 7-5,3,R128,187.0,7.0,5.0,121.0,70.0,51.0,30.0,17.0,4.0,5.0,6.0,1.0,137.0,97.0,63.0,22.0,17.0,14.0,17.0
2024-5014,Shanghai Masters,Hard,96,M,O,20241002,26,S0H2,,,Alexander Shevchenko,R,188.0,KAZ,23.841,58.0,875.0,RB56,,Q,Ramkumar Ramanathan,R,188.0,IND,29.9,332.0,153.0,6-1 7-6(3),3,R128,72.0,3.0,2.0,60.0,39.0,32.0,15.0,10.0,4.0,4.0,8.0,8.0,65.0,39.0,27.0,11.0,9.0,2.0,4.0
2024-5014,Shanghai Masters,Hard,96,M,O,20241002,27,SX50,,,Roman Safiullin,R,185.0,RUS,27.154,61.0,853.0,Z09Z,,Q,Beibit Zhukayev,R,198.0,KAZ,23.973,196.0,298.0,7-6(0) 6-4,3,R128,100.0,5.0,2.0,66.0,45.0,36.0,13.0,11.0,2.0,3.0,14.0,1.0,66.0,45.0,31.0,11.0,11.0,1.0,3.0
2024-5014,Shanghai Masters,Hard,96,M,O,20241002,28,BU13,,,Zizou Bergs,R,185.0,BEL,25.333,73.0,763.0,Z371,,,Zhizhen Zhang,R,193.0,CHN,27.962,41.0,1270.0,6-4 6-3,3,R128,79.0,8.0,2.0,65.0,45.0,32.0,11.0,10.0,5.0,6.0,3.0,1.0,50.0,32.0,22.0,8.0,9.0,2.0,5.0
2024-5014,Shanghai Masters,Hard,96,M,O,20241002,29,B0GG,,Q,Mattia Bellucci,L,175.0,ITA,23.337,101.0,574.0,HD68,,LL,Billy Harris,R,193.0,GBR,29.687,106.0,552.0,6-3 6-4,3,R128,78.0,3.0,1.0,57.0,35.0,26.0,13.0,10.0,1.0,2.0,4.0,0.0,51.0,33.0,20.0,10.0,9.0,5.0,8.0
2024-5014,Shanghai Masters,Hard,96,M,O,20241002,30,A0GC,,Q,Terence Atmane,L,193.0,FRA,22.73,161.0,369.0,K0AZ,,,Aleksandar Kovacevic,R,183.0,USA,26.094,76.0,740.0,6-4 7-6(4),3,R128,98.0,8.0,4.0,68.0,40.0,28.0,17.0,11.0,1.0,3.0,7.0,3.0,75.0,40.0,26.0,19.0,11.0,9.0,12.0
2024-5014,Shanghai Masters,Hard,96,M,O,20241002,31,W367,,WC,Stan Wawrinka,R,183.0,SUI,39.515,236.0,243.0,M0GZ,,,Giovanni Mpetshi Perricard,R,203.0,FRA,21.238,50.0,1073.0,7-6(2) 7-6(6),3,R128,108.0,13.0,4.0,81.0,40.0,36.0,26.0,12.0,3.0,3.0,10.0,4.0,86.0,52.0,45.0,17.0,12.0,6.0,6.0
2024-5014,Shanghai Masters,Hard,96,M,O,20241002,32,M0QI,,,Alex Michelsen,R,193.0,USA,20.104,43.0,1215.0,Y09V,,SE,Yunchaokete Bu,R,185.0,CHN,22.702,69.0,780.0,6-3 6-4,3,R128,77.0,6.0,2.0,53.0,34.0,28.0,13.0,10.0,2.0,2.0,2.0,3.0,50.0,24.0,18.0,14.0,9.0,3.0,5.0
2024-5014,Shanghai Masters,Hard,96,M,O,20241002,33,PL56,11.0,,Tommy Paul,R,185.0,USA,27.379,13.0,3045.0,F510,,,Fabio Fognini,R,178.0,ITA,37.361,81.0,691.0,6-1 6-3,3,R64,60.0,7.0,0.0,42.0,26.0,20.0,13.0,8.0,0.0,0.0,0.0,4.0,50.0,30.0,17.0,7.0,8.0,0.0,4.0
2024-5014,Shanghai Masters,Hard,96,M,O,20241002,34,TE30,19.0,,Alejandro Tabilo,L,188.0,CHI,27.335,23.0,1963.0,RC91,,,Arthur Rinderknech,R,196.0,FRA,29.196,62.0,843.0,6-3 6-2,3,R64,76.0,3.0,1.0,46.0,25.0,20.0,13.0,9.0,1.0,2.0,4.0,2.0,61.0,37.0,21.0,10.0,8.0,8.0,12.0
2024-5014,Shanghai Masters,Hard,96,M,O,20241002,35,S0S1,14.0,,Ben Shelton,L,193.0,USA,21.982,16.0,2580.0,SU55,,Q,Denis Shapovalov,L,185.0,CAN,25.467,102.0,568.0,6-3 7-5,3,R64,77.0,11.0,1.0,55.0,42.0,32.0,12.0,11.0,0.0,0.0,2.0,5.0,57.0,40.0,28.0,9.0,10.0,3.0,5.0
2024-5014,Shanghai Masters,Hard,96,M,O,20241002,36,MP20,,,Alexandre Muller,R,183.0,FRA,27.666,74.0,748.0,AG37,18.0,,Felix Auger-Aliassime,R,193.0,CAN,24.151,22.0,2170.0,6-3 6-2,3,R64,79.0,2.0,0.0,61.0,39.0,27.0,15.0,9.0,3.0,3.0,6.0,4.0,43.0,30.0,20.0,7.0,8.0,5.0,8.0
2024-5014,Shanghai Masters,Hard,96,M,O,20241002,37,MC65,,,Gael Monfils,R,193.0,FRA,38.086,46.0,1160.0,B0BI,22.0,,Sebastian Baez,R,170.0,ARG,23.762,26.0,1760.0,6-3 4-6 6-4,3,R64,132.0,15.0,6.0,95.0,63.0,45.0,15.0,15.0,10.0,13.0,2.0,2.0,93.0,75.0,50.0,5.0,14.0,11.0,15.0
2024-5014,Shanghai Masters,Hard,96,M,O,20241002,38,A0FC,29.0,,Matteo Arnaldi,R,185.0,ITA,23.608,36.0,1350.0,S0K7,,Q,Zachary Svajda,R,175.0,USA,21.843,131.0,452.0,6-7(2) 6-2 6-4,3,R64,155.0,11.0,3.0,99.0,55.0,45.0,23.0,15.0,4.0,5.0,3.0,4.0,117.0,75.0,50.0,20.0,15.0,9.0,13.0
2024-5014,Shanghai Masters,Hard,96,M,O,20241002,39,TE51,10.0,,Stefanos Tsitsipas,R,193.0,GRE,26.141,12.0,3390.0,N552,,WC,Kei Nishikori,R,178.0,JPN,34.76,153.0,388.0,7-6(6) 6-4,3,R64,105.0,14.0,3.0,75.0,43.0,37.0,18.0,11.0,3.0,3.0,1.0,0.0,67.0,43.0,35.0,14.0,11.0,5.0,6.0
2024-5014,Shanghai Masters,Hard,96,M,O,20241002,40,HH26,16.0,,Ugo Humbert,L,188.0,FRA,26.27,15.0,2645.0,C0H0,,,Arthur Cazaux,R,183.0,FRA,22.111,92.0,622.0,6-3 6-2,3,R64,82.0,7.0,4.0,57.0,37.0,31.0,9.0,9.0,1.0,1.0,8.0,2.0,58.0,31.0,23.0,10.0,8.0,5.0,8.0
2024-5014,Shanghai Masters,Hard,96,M,O,20241002,41,CF59,,,Roberto Carballes Baena,R,183.0,ESP,31.529,54.0,955.0,F0F1,21.0,,Arthur Fils,R,185.0,FRA,20.307,21.0,2250.0,7-6(4) 7-6(5),3,R64,126.0,3.0,2.0,78.0,52.0,43.0,14.0,12.0,1.0,3.0,7.0,3.0,86.0,54.0,43.0,13.0,12.0,7.0,9.0
2024-5014,Shanghai Masters,Hard,96,M,O,20241002,42,EA24,31.0,,Tomas Martin Etcheverry,R,196.0,ARG,25.21,37.0,1335.0,V812,,,Botic van de Zandschulp,R,191.0,NED,28.997,67.0,799.0,7-6(5) 3-6 7-5,3,R64,223.0,9.0,2.0,133.0,83.0,57.0,27.0,16.0,13.0,16.0,6.0,5.0,124.0,75.0,59.0,20.0,17.0,7.0,10.0
2024-5014,Shanghai Masters,Hard,96,M,O,20241002,43,M0FH,30.0,,Tomas Machac,R,183.0,CZE,23.97,33.0,1449.0,DH50,,,Alejandro Davidovich Fokina,R,180.0,ESP,25.328,64.0,825.0,1-6 7-6(3) 6-4,3,R64,125.0,10.0,6.0,91.0,45.0,32.0,22.0,14.0,3.0,7.0,6.0,1.0,84.0,65.0,44.0,10.0,15.0,0.0,3.0
2024-5014,Shanghai Masters,Hard,96,M,O,20241002,44,MM58,5.0,,Daniil Medvedev,R,198.0,RUS,28.641,5.0,5375.0,SX91,,,Thiago Seyboth Wild,R,185.0,BRA,24.564,88.0,656.0,7-5 7-5,3,R64,116.0,6.0,3.0,68.0,44.0,32.0,11.0,12.0,1.0,3.0,2.0,1.0,91.0,62.0,37.0,12.0,12.0,8.0,12.0
2024-5014,Shanghai Masters,Hard,96,M,O,20241002,45,WB32,,WC,Yibing Wu,R,183.0,CHN,24.969,560.0,63.0,J551,25.0,,Nicolas Jarry,R,201.0,CHI,28.977,29.0,1555.0,6-2 6-1,3,R64,61.0,2.0,1.0,49.0,31.0,29.0,7.0,8.0,2.0,2.0,2.0,3.0,43.0,29.0,17.0,3.0,7.0,4.0,8.0
2024-5014,Shanghai Masters,Hard,96,M,O,20241002,46,V832,,Q,Aleksandar Vukic,R,188.0,AUS,28.49,91.0,624.0,RH16,8.0,,Casper Ruud,R,183.0,NOR,25.78,9.0,3965.0,6-4 6-4,3,R64,78.0,7.0,3.0,55.0,40.0,34.0,9.0,10.0,3.0,3.0,5.0,1.0,56.0,41.0,31.0,7.0,10.0,0.0,2.0
2024-5014,Shanghai Masters,Hard,96,M,O,20241002,47,A0E2,3.0,,Carlos Alcaraz,R,183.0,ESP,21.413,2.0,7010.0,S0RE,,,Juncheng Shang,L,180.0,CHN,19.663,51.0,1045.0,6-2 6-2,3,R64,76.0,3.0,0.0,48.0,24.0,19.0,16.0,8.0,1.0,1.0,1.0,2.0,51.0,27.0,15.0,9.0,8.0,3.0,7.0
2024-5014,Shanghai Masters,Hard,96,M,O,20241002,48,WB08,,Q,Yosuke Watanuki,R,180.0,JPN,26.475,336.0,149.0,N0AE,32.0,,Brandon Nakashima,R,188.0,USA,23.165,35.0,1375.0,7-6(4) 6-3,3,R64,93.0,5.0,6.0,70.0,43.0,32.0,17.0,11.0,3.0,4.0,4.0,0.0,68.0,44.0,29.0,13.0,10.0,4.0,6.0
2024-5014,Shanghai Masters,Hard,96,M,O,20241002,49,M0NI,,,Jakub Mensik,R,196.0,CZE,19.086,65.0,822.0,RE44,6.0,,Andrey Rublev,R,188.0,RUS,26.951,6.0,4700.0,6-7(7) 6-4 6-3,3,R64,150.0,11.0,2.0,107.0,58.0,41.0,26.0,15.0,8.0,12.0,14.0,4.0,116.0,72.0,51.0,16.0,16.0,12.0,19.0
2024-5014,Shanghai Masters,Hard,96,M,O,20241002,50,S0H2,,,Alexander Shevchenko,R,188.0,KAZ,23.841,58.0,875.0,C0AU,27.0,,Francisco Cerundolo,R,185.0,ARG,26.138,31.0,1550.0,7-6(7) 7-5,3,R64,111.0,7.0,2.0,73.0,53.0,41.0,9.0,12.0,3.0,5.0,1.0,3.0,88.0,64.0,42.0,11.0,12.0,4.0,7.0
2024-5014,Shanghai Masters,Hard,96,M,O,20241002,51,S0AG,1.0,,Jannik Sinner,R,191.0,ITA,23.129,1.0,11010.0,DA81,,,Taro Daniel,R,191.0,JPN,31.68,93.0,619.0,6-1 6-4,3,R64,77.0,12.0,1.0,49.0,38.0,32.0,5.0,9.0,0.0,0.0,5.0,0.0,64.0,44.0,28.0,6.0,8.0,6.0,9.0
2024-5014,Shanghai Masters,Hard,96,M,O,20241002,52,L0BV,,,Jiri Lehecka,R,185.0,CZE,22.899,34.0,1400.0,MU94,,,Jaume Munar,R,183.0,ESP,27.411,63.0,839.0,7-6(6) 6-4,3,R64,112.0,6.0,2.0,79.0,50.0,36.0,15.0,11.0,4.0,5.0,4.0,2.0,88.0,56.0,37.0,17.0,11.0,3.0,5.0
2024-5014,Shanghai Masters,Hard,96,M,O,20241002,53,P09Z,20.0,,Alexei Popyrin,R,196.0,AUS,25.161,24.0,1825.0,KI95,,,Miomir Kecmanovic,R,183.0,SRB,25.09,55.0,945.0,6-3 6-2,3,R64,61.0,13.0,2.0,53.0,37.0,32.0,6.0,9.0,4.0,4.0,4.0,1.0,43.0,23.0,16.0,11.0,8.0,0.0,3.0
2024-5014,Shanghai Masters,Hard,96,M,O,20241002,54,D643,4.0,,Novak Djokovic,R,188.0,SRB,37.366,4.0,5560.0,M0QI,,,Alex Michelsen,R,193.0,USA,20.104,43.0,1215.0,7-6(3) 7-6(9),3,R64,115.0,7.0,3.0,76.0,52.0,40.0,15.0,12.0,3.0,5.0,10.0,0.0,86.0,59.0,43.0,11.0,12.0,5.0,7.0
2024-5014,Shanghai Masters,Hard,96,M,O,20241002,55,Z355,2.0,,Alexander Zverev,R,198.0,GER,27.452,3.0,6705.0,B0GG,,Q,Mattia Bellucci,L,175.0,ITA,23.337,101.0,574.0,6-4 6-2,3,R64,96.0,7.0,2.0,51.0,36.0,30.0,8.0,9.0,1.0,1.0,7.0,2.0,73.0,46.0,29.0,12.0,9.0,7.0,10.0
2024-5014,Shanghai Masters,Hard,96,M,O,20241002,56,FB98,7.0,,Taylor Fritz,R,196.0,USA,26.93,7.0,4060.0,A0GC,,Q,Terence Atmane,L,193.0,FRA,22.73,161.0,369.0,7-6(4) 7-6(5),3,R64,122.0,6.0,0.0,82.0,52.0,38.0,17.0,12.0,2.0,3.0,14.0,1.0,81.0,54.0,41.0,15.0,12.0,5.0,6.0
2024-5014,Shanghai Masters,Hard,96,M,O,20241002,57,SX50,,,Roman Safiullin,R,185.0,RUS,27.154,61.0,853.0,BK92,23.0,,Alexander Bublik,R,196.0,KAZ,27.294,27.0,1690.0,6-4 6-2,3,R64,80.0,7.0,1.0,53.0,35.0,27.0,13.0,9.0,3.0,3.0,5.0,7.0,68.0,38.0,27.0,11.0,9.0,3.0,6.0
2024-5014,Shanghai Masters,Hard,96,M,O,20241002,58,GJ37,,,Tallon Griekspoor,R,188.0,NED,28.252,40.0,1305.0,TC61,26.0,,Jordan Thompson,R,183.0,AUS,30.453,28.0,1571.0,6-3 6-2,3,R64,74.0,10.0,1.0,61.0,42.0,32.0,11.0,9.0,4.0,4.0,4.0,2.0,47.0,29.0,21.0,7.0,8.0,4.0,7.0
2024-5014,Shanghai Masters,Hard,96,M,O,20241002,59,D875,9.0,,Grigor Dimitrov,R,191.0,BUL,33.383,10.0,3840.0,BU13,,,Zizou Bergs,R,185.0,BEL,25.333,73.0,763.0,6-3 3-6 6-2,3,R64,148.0,4.0,6.0,97.0,58.0,42.0,16.0,13.0,9.0,12.0,7.0,4.0,82.0,50.0,31.0,14.0,13.0,2.0,7.0
2024-5014,Shanghai Masters,Hard,96,M,O,20241002,60,GB88,,,David Goffin,R,180.0,BEL,33.821,66.0,800.0,M0EJ,15.0,,Lorenzo Musetti,R,185.0,ITA,22.585,18.0,2425.0,1-6 7-6(6) 6-2,3,R64,147.0,6.0,4.0,108.0,77.0,51.0,11.0,13.0,11.0,15.0,4.0,0.0,89.0,58.0,43.0,13.0,14.0,6.0,10.0
2024-5014,Shanghai Masters,Hard,96,M,O,20241002,61,GC88,,,Marcos Giron,R,180.0,USA,31.192,47.0,1140.0,KE29,24.0,,Karen Khachanov,R,198.0,RUS,28.367,25.0,1780.0,6-4 6-3,3,R64,81.0,8.0,0.0,60.0,37.0,29.0,13.0,9.0,3.0,3.0,4.0,2.0,57.0,32.0,21.0,13.0,10.0,3.0,6.0
2024-5014,Shanghai Masters,Hard,96,M,O,20241002,62,TD51,13.0,,Frances Tiafoe,R,188.0,USA,26.7,17.0,2560.0,Z0CQ,,WC,Yi Zhou,R,193.0,CHN,19.554,440.0,97.0,6-2 6-4,3,R64,64.0,5.0,1.0,48.0,36.0,32.0,6.0,9.0,1.0,1.0,3.0,0.0,48.0,31.0,18.0,11.0,9.0,1.0,4.0
2024-5014,Shanghai Masters,Hard,96,M,O,20241002,63,R0DG,12.0,,Holger Rune,R,188.0,DEN,21.429,14.0,2935.0,BK40,,,Matteo Berrettini,R,196.0,ITA,28.474,44.0,1215.0,4-6 6-4 6-3,3,R64,119.0,7.0,0.0,82.0,51.0,42.0,21.0,15.0,2.0,3.0,16.0,1.0,79.0,51.0,38.0,17.0,14.0,3.0,5.0
2024-5014,Shanghai Masters,Hard,96,M,O,20241002,64,C0E9,28.0,,Flavio Cobolli,R,183.0,ITA,22.409,30.0,1552.0,W367,,WC,Stan Wawrinka,R,183.0,SUI,39.515,236.0,243.0,6-7(6) 7-6(4) 6-3,3,R64,150.0,7.0,1.0,114.0,65.0,51.0,33.0,17.0,3.0,3.0,18.0,2.0,98.0,61.0,51.0,20.0,16.0,3.0,4.0
2024-5014,Shanghai Masters,Hard,96,M,O,20241002,65,MM58,5.0,,Daniil Medvedev,R,198.0,RUS,28.641,5.0,5375.0,A0FC,29.0,,Matteo Arnaldi,R,185.0,ITA,23.608,36.0,1350.0,5-7 6-4 6-4,3,R32,164.0,10.0,6.0,110.0,71.0,49.0,18.0,16.0,5.0,8.0,9.0,2.0,106.0,77.0,49.0,15.0,16.0,8.0,12.0
2024-5014,Shanghai Masters,Hard,96,M,O,20241002,66,S0AG,1.0,,Jannik Sinner,R,191.0,ITA,23.129,1.0,11010.0,EA24,31.0,,Tomas Martin Etcheverry,R,196.0,ARG,25.21,37.0,1335.0,6-7(3) 6-4 6-2,3,R32,159.0,12.0,1.0,92.0,64.0,50.0,15.0,15.0,4.0,5.0,11.0,1.0,94.0,49.0,41.0,17.0,15.0,9.0,13.0
2024-5014,Shanghai Masters,Hard,96,M,O,20241002,67,A0E2,3.0,,Carlos Alcaraz,R,183.0,ESP,21.413,2.0,7010.0,WB32,,WC,Yibing Wu,R,183.0,CHN,24.969,560.0,63.0,7-6(5) 6-3,3,R32,100.0,11.0,1.0,70.0,43.0,35.0,15.0,11.0,0.0,0.0,7.0,1.0,69.0,49.0,36.0,10.0,10.0,2.0,3.0
2024-5014,Shanghai Masters,Hard,96,M,O,20241002,68,PL56,11.0,,Tommy Paul,R,185.0,USA,27.379,13.0,3045.0,TE30,19.0,,Alejandro Tabilo,L,188.0,CHI,27.335,23.0,1963.0,6-7(2) 7-6(6) 6-2,3,R32,163.0,13.0,1.0,109.0,71.0,52.0,20.0,16.0,1.0,3.0,11.0,2.0,124.0,87.0,61.0,15.0,16.0,9.0,13.0
2024-5014,Shanghai Masters,Hard,96,M,O,20241002,69,M0FH,30.0,,Tomas Machac,R,183.0,CZE,23.97,33.0,1449.0,V832,,Q,Aleksandar Vukic,R,188.0,AUS,28.49,91.0,624.0,6-4 6-2,3,R32,86.0,5.0,2.0,49.0,27.0,25.0,13.0,9.0,4.0,4.0,9.0,1.0,71.0,40.0,30.0,11.0,9.0,4.0,7.0
2024-5014,Shanghai Masters,Hard,96,M,O,20241002,70,MC65,,,Gael Monfils,R,193.0,FRA,38.086,46.0,1160.0,HH26,16.0,,Ugo Humbert,L,188.0,FRA,26.27,15.0,2645.0,7-6(7) 2-6 6-1,3,R32,135.0,10.0,3.0,96.0,63.0,47.0,15.0,14.0,6.0,9.0,5.0,2.0,84.0,50.0,36.0,20.0,13.0,5.0,8.0
2024-5014,Shanghai Masters,Hard,96,M,O,20241002,71,TE51,10.0,,Stefanos Tsitsipas,R,193.0,GRE,26.141,12.0,3390.0,MP20,,,Alexandre Muller,R,183.0,FRA,27.666,74.0,748.0,6-3 7-5,3,R32,88.0,7.0,0.0,54.0,33.0,25.0,15.0,10.0,3.0,4.0,3.0,0.0,73.0,53.0,32.0,9.0,11.0,3.0,7.0
2024-5014,Shanghai Masters,Hard,96,M,O,20241002,72,M0NI,,,Jakub Mensik,R,196.0,CZE,19.086,65.0,822.0,S0H2,,,Alexander Shevchenko,R,188.0,KAZ,23.841,58.0,875.0,6-1 6-7(5) 6-2,3,R32,116.0,9.0,1.0,81.0,47.0,39.0,20.0,14.0,1.0,2.0,4.0,2.0,88.0,50.0,30.0,19.0,13.0,4.0,9.0
2024-5014,Shanghai Masters,Hard,96,M,O,20241002,73,FB98,7.0,,Taylor Fritz,R,196.0,USA,26.93,7.0,4060.0,WB08,,Q,Yosuke Watanuki,R,180.0,JPN,26.475,336.0,149.0,6-3 6-4,3,R32,75.0,10.0,0.0,60.0,39.0,30.0,10.0,10.0,3.0,4.0,5.0,2.0,53.0,32.0,24.0,7.0,9.0,1.0,4.0
2024-5014,Shanghai Masters,Hard,96,M,O,20241002,74,S0S1,14.0,,Ben Shelton,L,193.0,USA,21.982,16.0,2580.0,CF59,,,Roberto Carballes Baena,R,183.0,ESP,31.529,54.0,955.0,6-3 6-4,3,R32,67.0,8.0,2.0,49.0,35.0,32.0,8.0,10.0,0.0,0.0,2.0,1.0,51.0,34.0,26.0,9.0,9.0,1.0,3.0
2024-5014,Shanghai Masters,Hard,96,M,O,20241002,75,D875,9.0,,Grigor Dimitrov,R,191.0,BUL,33.383,10.0,3840.0,P09Z,20.0,,Alexei Popyrin,R,196.0,AUS,25.161,24.0,1825.0,7-6(5) 6-2,3,R32,88.0,7.0,1.0,53.0,34.0,33.0,13.0,10.0,0.0,0.0,13.0,1.0,72.0,49.0,33.0,13.0,10.0,4.0,6.0
2024-5014,Shanghai Masters,Hard,96,M,O,20241002,76,SX50,,,Roman Safiullin,R,185.0,RUS,27.154,61.0,853.0,TD51,13.0,,Frances Tiafoe,R,188.0,USA,26.7,17.0,2560.0,5-7 7-5 7-6(5),3,R32,184.0,17.0,4.0,118.0,81.0,64.0,12.0,18.0,7.0,10.0,6.0,1.0,127.0,82.0,56.0,26.0,18.0,6.0,9.0
2024-5014,Shanghai Masters,Hard,96,M,O,20241002,77,R0DG,12.0,,Holger Rune,R,188.0,DEN,21.429,14.0,2935.0,L0BV,,,Jiri Lehecka,R,185.0,CZE,22.899,34.0,1400.0,6-4 7-5,3,R32,109.0,3.0,1.0,69.0,36.0,27.0,23.0,11.0,2.0,2.0,11.0,4.0,73.0,44.0,31.0,14.0,11.0,4.0,6.0
2024-5014,Shanghai Masters,Hard,96,M,O,20241002,78,D643,4.0,,Novak Djokovic,R,188.0,SRB,37.366,4.0,5560.0,C0E9,28.0,,Flavio Cobolli,R,183.0,ITA,22.409,30.0,1552.0,6-1 6-2,3,R32,63.0,3.0,2.0,40.0,24.0,20.0,13.0,8.0,0.0,0.0,3.0,1.0,55.0,35.0,20.0,6.0,7.0,5.0,9.0
2024-5014,Shanghai Masters,Hard,96,M,O,20241002,79,GB88,,,David Goffin,R,180.0,BEL,33.821,66.0,800.0,GC88,,,Marcos Giron,R,180.0,USA,31.192,47.0,1140.0,1-6 6-3 7-5,3,R32,131.0,4.0,1.0,97.0,65.0,46.0,14.0,14.0,5.0,8.0,8.0,2.0,91.0,53.0,41.0,15.0,14.0,6.0,9.0
2024-5014,Shanghai Masters,Hard,96,M,O,20241002,80,Z355,2.0,,Alexander Zverev,R,198.0,GER,27.452,3.0,6705.0,GJ37,,,Tallon Griekspoor,R,188.0,NED,28.252,40.0,1305.0,7-6(6) 2-6 7-6(5),3,R32,168.0,11.0,2.0,105.0,81.0,60.0,11.0,16.0,7.0,10.0,11.0,1.0,115.0,84.0,61.0,15.0,16.0,9.0,10.0
2024-5014,Shanghai Masters,Hard,96,M,O,20241002,81,S0AG,1.0,,Jannik Sinner,R,191.0,ITA,23.129,1.0,11010.0,S0S1,14.0,,Ben Shelton,L,193.0,USA,21.982,16.0,2580.0,6-4 7-6(1),3,R16,88.0,7.0,0.0,66.0,46.0,40.0,13.0,11.0,7.0,7.0,7.0,1.0,58.0,43.0,37.0,6.0,11.0,0.0,1.0
2024-5014,Shanghai Masters,Hard,96,M,O,20241002,82,MM58,5.0,,Daniil Medvedev,R,198.0,RUS,28.641,5.0,5375.0,TE51,10.0,,Stefanos Tsitsipas,R,193.0,GRE,26.141,12.0,3390.0,7-6(3) 6-3,3,R16,110.0,10.0,3.0,63.0,42.0,35.0,13.0,11.0,0.0,1.0,4.0,4.0,83.0,52.0,37.0,13.0,10.0,9.0,11.0
2024-5014,Shanghai Masters,Hard,96,M,O,20241002,83,A0E2,3.0,,Carlos Alcaraz,R,183.0,ESP,21.413,2.0,7010.0,MC65,,,Gael Monfils,R,193.0,FRA,38.086,46.0,1160.0,6-4 7-5,3,R16,87.0,5.0,0.0,59.0,41.0,32.0,14.0,11.0,1.0,1.0,10.0,1.0,70.0,49.0,36.0,10.0,11.0,4.0,6.0
2024-5014,Shanghai Masters,Hard,96,M,O,20241002,84,M0FH,30.0,,Tomas Machac,R,183.0,CZE,23.97,33.0,1449.0,PL56,11.0,,Tommy Paul,R,185.0,USA,27.379,13.0,3045.0,3-6 6-4 6-3,3,R16,122.0,5.0,5.0,87.0,55.0,41.0,18.0,14.0,8.0,10.0,2.0,3.0,93.0,55.0,40.0,18.0,14.0,6.0,9.0
2024-5014,Shanghai Masters,Hard,96,M,O,20241002,85,M0NI,,,Jakub Mensik,R,196.0,CZE,19.086,65.0,822.0,D875,9.0,,Grigor Dimitrov,R,191.0,BUL,33.383,10.0,3840.0,6-3 3-6 6-4,3,R16,123.0,10.0,6.0,89.0,54.0,42.0,14.0,14.0,2.0,4.0,5.0,3.0,91.0,53.0,35.0,22.0,14.0,12.0,15.0
2024-5014,Shanghai Masters,Hard,96,M,O,20241002,86,D643,4.0,,Novak Djokovic,R,188.0,SRB,37.366,4.0,5560.0,SX50,,,Roman Safiullin,R,185.0,RUS,27.154,61.0,853.0,6-3 6-2,3,R16,73.0,4.0,1.0,51.0,33.0,29.0,9.0,9.0,3.0,3.0,2.0,2.0,43.0,24.0,15.0,8.0,8.0,2.0,5.0
2024-5014,Shanghai Masters,Hard,96,M,O,20241002,87,FB98,7.0,,Taylor Fritz,R,196.0,USA,26.93,7.0,4060.0,R0DG,12.0,,Holger Rune,R,188.0,DEN,21.429,14.0,2935.0,6-1 6-2,3,R16,55.0,9.0,0.0,48.0,35.0,30.0,6.0,8.0,1.0,1.0,2.0,5.0,40.0,23.0,14.0,5.0,7.0,0.0,4.0
2024-5014,Shanghai Masters,Hard,96,M,O,20241002,88,GB88,,,David Goffin,R,180.0,BEL,33.821,66.0,800.0,Z355,2.0,,Alexander Zverev,R,198.0,GER,27.452,3.0,6705.0,6-4 7-5,3,R16,116.0,3.0,2.0,80.0,52.0,34.0,15.0,11.0,5.0,7.0,8.0,2.0,72.0,48.0,32.0,9.0,11.0,7.0,11.0
2024-5014,Shanghai Masters,Hard,96,M,O,20241002,89,S0AG,1.0,,Jannik Sinner,R,191.0,ITA,23.129,1.0,11010.0,MM58,5.0,,Daniil Medvedev,R,198.0,RUS,28.641,5.0,5375.0,6-1 6-4,3,QF,84.0,9.0,0.0,50.0,33.0,28.0,10.0,9.0,1.0,1.0,3.0,4.0,58.0,31.0,25.0,6.0,8.0,1.0,4.0
2024-5014,Shanghai Masters,Hard,96,M,O,20241002,90,M0FH,30.0,,Tomas Machac,R,183.0,CZE,23.97,33.0,1449.0,A0E2,3.0,,Carlos Alcaraz,R,183.0,ESP,21.413,2.0,7010.0,7-6(5) 7-5,3,QF,114.0,5.0,2.0,93.0,54.0,39.0,21.0,12.0,7.0,8.0,8.0,1.0,67.0,45.0,34.0,12.0,12.0,2.0,4.0
2024-5014,Shanghai Masters,Hard,96,M,O,20241002,91,FB98,7.0,,Taylor Fritz,R,196.0,USA,26.93,7.0,4060.0,GB88,,,David Goffin,R,180.0,BEL,33.821,66.0,800.0,6-3 6-4,3,QF,82.0,10.0,0.0,61.0,41.0,28.0,14.0,10.0,3.0,4.0,3.0,1.0,59.0,42.0,28.0,6.0,9.0,4.0,7.0
2024-5014,Shanghai Masters,Hard,96,M,O,20241002,92,D643,4.0,,Novak Djokovic,R,188.0,SRB,37.366,4.0,5560.0,M0NI,,,Jakub Mensik,R,196.0,CZE,19.086,65.0,822.0,6-7(4) 6-1 6-4,3,QF,139.0,7.0,1.0,82.0,52.0,43.0,17.0,15.0,0.0,1.0,17.0,6.0,109.0,65.0,51.0,15.0,14.0,5.0,9.0
2024-5014,Shanghai Masters,Hard,96,M,O,20241002,93,S0AG,1.0,,Jannik Sinner,R,191.0,ITA,23.129,1.0,11010.0,M0FH,30.0,,Tomas Machac,R,183.0,CZE,23.97,33.0,1449.0,6-4 7-5,3,SF,103.0,10.0,1.0,69.0,46.0,34.0,14.0,11.0,2.0,3.0,5.0,1.0,69.0,45.0,29.0,12.0,11.0,4.0,7.0
2024-5014,Shanghai Masters,Hard,96,M,O,20241002,94,D643,4.0,,Novak Djokovic,R,188.0,SRB,37.366,4.0,5560.0,FB98,7.0,,Taylor Fritz,R,196.0,USA,26.93,7.0,4060.0,6-4 7-6(6),3,SF,116.0,7.0,0.0,71.0,50.0,39.0,13.0,11.0,2.0,2.0,6.0,5.0,84.0,49.0,35.0,19.0,11.0,8.0,9.0
2024-5014,Shanghai Masters,Hard,96,M,O,20241002,95,S0AG,1.0,,Jannik Sinner,R,191.0,ITA,23.129,1.0,11010.0,D643,4.0,,Novak Djokovic,R,188.0,SRB,37.366,4.0,5560.0,7-6(4) 6-3,3,F,97.0,8.0,0.0,67.0,41.0,31.0,17.0,11.0,0.0,0.0,4.0,0.0,58.0,38.0,29.0,12.0,10.0,1.0,2.0
2024-9410,Almaty,Hard,28,250,I,20241014,1,E0DD,,WC,Justin Engel,R,185.0,GER,17.038,458.0,91.0,W0BH,,,Coleman Wong,R,191.0,HKG,20.356,133.0,452.0,7-5 6-4,3,R32,94.0,5.0,2.0,74.0,56.0,40.0,8.0,11.0,9.0,10.0,10.0,2.0,81.0,51.0,34.0,13.0,11.0,6.0,9.0
2024-9410,Almaty,Hard,28,250,I,20241014,2,MN13,,,Maximilian Marterer,L,188.0,GER,29.333,114.0,507.0,D923,,,Damir Dzumhur,R,175.0,BIH,32.402,100.0,584.0,7-5 6-4,3,R32,81.0,4.0,3.0,57.0,25.0,20.0,19.0,11.0,0.0,2.0,1.0,4.0,58.0,33.0,22.0,10.0,11.0,0.0,4.0
2024-9410,Almaty,Hard,28,250,I,20241014,3,CG80,,,Borna Coric,R,188.0,CRO,27.915,96.0,595.0,M0CI,7.0,,Fabian Marozsan,R,193.0,HUN,25.018,57.0,940.0,6-4 7-6(4),3,R32,111.0,5.0,4.0,65.0,39.0,28.0,15.0,11.0,1.0,4.0,1.0,1.0,89.0,53.0,32.0,16.0,11.0,5.0,9.0
2024-9410,Almaty,Hard,28,250,I,20241014,4,D0F6,,,Gabriel Diallo,R,203.0,CAN,23.055,118.0,497.0,O483,,,Christopher O'Connell,R,183.0,AUS,30.366,72.0,762.0,7-6(5) 6-2,3,R32,96.0,9.0,3.0,62.0,52.0,43.0,4.0,10.0,1.0,1.0,2.0,1.0,68.0,38.0,27.0,18.0,10.0,4.0,6.0
2024-9410,Almaty,Hard,28,250,I,20241014,5,ME82,8.0,,Adrian Mannarino,L,180.0,FRA,36.293,56.0,949.0,SX50,,,Roman Safiullin,R,185.0,RUS,27.187,58.0,908.0,5-7 7-6(4) 6-3,3,R32,165.0,2.0,5.0,112.0,61.0,41.0,29.0,17.0,7.0,10.0,9.0,2.0,95.0,62.0,43.0,17.0,16.0,3.0,6.0
2024-9410,Almaty,Hard,28,250,I,20241014,6,V0AM,,,Otto Virtanen,R,193.0,FIN,23.316,116.0,499.0,F510,,,Fabio Fognini,R,178.0,ITA,37.394,76.0,721.0,6-3 7-6(4),3,R32,83.0,9.0,3.0,61.0,31.0,25.0,21.0,11.0,1.0,2.0,2.0,1.0,70.0,53.0,34.0,8.0,10.0,1.0,3.0
2024-9410,Almaty,Hard,28,250,I,20241014,7,Z09Z,,WC,Beibit Zhukayev,R,198.0,KAZ,24.005,213.0,272.0,HG94,,Q,Benjamin Hassan,R,183.0,LBN,29.692,245.0,227.0,6-4 6-1,3,R32,65.0,8.0,2.0,50.0,33.0,28.0,10.0,9.0,0.0,0.0,1.0,1.0,50.0,27.0,20.0,10.0,8.0,5.0,8.0
2024-9410,Almaty,Hard,28,250,I,20241014,8,E687,,Q,Daniel Evans,R,175.0,GBR,34.396,180.0,326.0,DA81,,,Taro Daniel,R,191.0,JPN,31.713,89.0,636.0,6-2 7-6(4),3,R32,111.0,9.0,2.0,77.0,41.0,33.0,17.0,10.0,4.0,5.0,2.0,2.0,73.0,50.0,27.0,12.0,10.0,5.0,8.0
2024-9410,Almaty,Hard,28,250,I,20241014,9,KC56,,Q,Aslan Karatsev,R,185.0,RUS,31.11,139.0,425.0,Z371,6.0,,Zhizhen Zhang,R,193.0,CHN,27.995,46.0,1190.0,6-4 7-6(2),3,R32,90.0,13.0,2.0,69.0,47.0,38.0,11.0,11.0,1.0,1.0,6.0,0.0,65.0,45.0,36.0,9.0,11.0,0.0,1.0
2024-9410,Almaty,Hard,28,250,I,20241014,10,S0H2,,,Alexander Shevchenko,R,188.0,KAZ,23.874,61.0,900.0,K926,,Q,Mikhail Kukushkin,R,183.0,KAZ,36.802,111.0,524.0,7-6(5) 7-6(4),3,R32,142.0,9.0,1.0,75.0,48.0,36.0,15.0,12.0,2.0,4.0,4.0,1.0,112.0,74.0,49.0,17.0,12.0,8.0,10.0
2024-9410,Almaty,Hard,28,250,I,20241014,11,V832,,,Aleksandar Vukic,R,188.0,AUS,28.523,85.0,669.0,D994,,,James Duckworth,R,183.0,AUS,32.731,63.0,848.0,6-4 7-5,3,R32,82.0,14.0,2.0,68.0,49.0,39.0,10.0,11.0,3.0,3.0,4.0,2.0,67.0,44.0,33.0,11.0,11.0,2.0,4.0
2024-9410,Almaty,Hard,28,250,I,20241014,12,M0FH,5.0,,Tomas Machac,R,183.0,CZE,24.003,25.0,1749.0,S0GR,,WC,Timofey Skatov,R,173.0,KAZ,23.729,192.0,299.0,6-3 6-4,3,R32,79.0,8.0,4.0,54.0,29.0,26.0,12.0,10.0,2.0,3.0,3.0,2.0,51.0,25.0,16.0,14.0,9.0,1.0,4.0
2024-9410,Almaty,Hard,28,250,I,20241014,13,C0AU,4.0,,Francisco Cerundolo,R,185.0,ARG,26.171,31.0,1470.0,E0DD,,WC,Justin Engel,R,185.0,GER,17.038,458.0,91.0,6-4 7-6(3),3,R16,89.0,6.0,2.0,62.0,36.0,29.0,17.0,11.0,0.0,1.0,4.0,1.0,73.0,46.0,33.0,14.0,11.0,2.0,4.0
2024-9410,Almaty,Hard,28,250,I,20241014,14,D0F6,,,Gabriel Diallo,R,203.0,CAN,23.055,118.0,497.0,CG80,,,Borna Coric,R,188.0,CRO,27.915,96.0,595.0,7-6(1) 6-4,3,R16,104.0,8.0,2.0,67.0,48.0,40.0,9.0,11.0,2.0,2.0,3.0,1.0,70.0,47.0,29.0,18.0,11.0,3.0,4.0
2024-9410,Almaty,Hard,28,250,I,20241014,15,TE30,2.0,,Alejandro Tabilo,L,188.0,CHI,27.368,23.0,1983.0,MN13,,,Maximilian Marterer,L,188.0,GER,29.333,114.0,507.0,6-2 6-4,3,R16,65.0,4.0,2.0,43.0,27.0,24.0,12.0,9.0,0.0,0.0,8.0,3.0,58.0,44.0,28.0,8.0,9.0,3.0,6.0
2024-9410,Almaty,Hard,28,250,I,20241014,16,S0H2,,,Alexander Shevchenko,R,188.0,KAZ,23.874,61.0,900.0,KC56,,Q,Aslan Karatsev,R,185.0,RUS,31.11,139.0,425.0,6-1 6-7(5) 7-5,3,R16,140.0,7.0,0.0,93.0,60.0,47.0,20.0,16.0,1.0,2.0,3.0,1.0,89.0,57.0,40.0,19.0,15.0,3.0,7.0
2024-9410,Almaty,Hard,28,250,I,20241014,17,Z09Z,,WC,Beibit Zhukayev,R,198.0,KAZ,24.005,213.0,272.0,M0FH,5.0,,Tomas Machac,R,183.0,CZE,24.003,25.0,1749.0,3-1 RET,3,R16,17.0,4.0,0.0,9.0,8.0,8.0,1.0,2.0,0.0,0.0,0.0,0.0,18.0,10.0,4.0,5.0,2.0,2.0,3.0
2024-9410,Almaty,Hard,28,250,I,20241014,18,KE29,3.0,,Karen Khachanov,R,198.0,RUS,28.4,26.0,1745.0,V0AM,,,Otto Virtanen,R,193.0,FIN,23.316,116.0,499.0,7-6(2) 7-6(3),3,R16,96.0,5.0,1.0,67.0,42.0,37.0,17.0,12.0,1.0,2.0,14.0,5.0,71.0,44.0,37.0,11.0,12.0,0.0,1.0
2024-9410,Almaty,Hard,28,250,I,20241014,19,V832,,,Aleksandar Vukic,R,188.0,AUS,28.523,85.0,669.0,ME82,8.0,,Adrian Mannarino,L,180.0,FRA,36.293,56.0,949.0,7-6(4) 6-3,3,R16,94.0,9.0,0.0,70.0,37.0,30.0,20.0,10.0,3.0,3.0,4.0,3.0,66.0,41.0,31.0,12.0,11.0,1.0,3.0
2024-9410,Almaty,Hard,28,250,I,20241014,20,TD51,1.0,,Frances Tiafoe,R,188.0,USA,26.732,15.0,2600.0,E687,,Q,Daniel Evans,R,175.0,GBR,34.396,180.0,326.0,6-7(10) 7-6(4) 6-3,3,R16,159.0,21.0,0.0,105.0,71.0,52.0,24.0,16.0,1.0,2.0,15.0,5.0,128.0,87.0,65.0,15.0,17.0,3.0,6.0
2024-9410,Almaty,Hard,28,250,I,20241014,21,D0F6,,,Gabriel Diallo,R,203.0,CAN,23.055,118.0,497.0,TE30,2.0,,Alejandro Tabilo,L,188.0,CHI,27.368,23.0,1983.0,3-6 6-3 6-4,3,QF,119.0,6.0,0.0,82.0,62.0,44.0,14.0,14.0,3.0,4.0,9.0,2.0,88.0,54.0,39.0,18.0,14.0,4.0,6.0
2024-9410,Almaty,Hard,28,250,I,20241014,22,C0AU,4.0,,Francisco Cerundolo,R,185.0,ARG,26.171,31.0,1470.0,S0H2,,,Alexander Shevchenko,R,188.0,KAZ,23.874,61.0,900.0,6-2 6-3,3,QF,64.0,4.0,2.0,50.0,26.0,24.0,13.0,9.0,1.0,1.0,4.0,1.0,53.0,34.0,24.0,7.0,8.0,3.0,6.0
2024-9410,Almaty,Hard,28,250,I,20241014,23,V832,,,Aleksandar Vukic,R,188.0,AUS,28.523,85.0,669.0,TD51,1.0,,Frances Tiafoe,R,188.0,USA,26.732,15.0,2600.0,6-2 7-6(11),3,QF,88.0,13.0,2.0,67.0,47.0,37.0,13.0,10.0,0.0,0.0,6.0,2.0,74.0,42.0,30.0,18.0,10.0,6.0,8.0
2024-9410,Almaty,Hard,28,250,I,20241014,24,KE29,3.0,,Karen Khachanov,R,198.0,RUS,28.4,26.0,1745.0,Z09Z,,WC,Beibit Zhukayev,R,198.0,KAZ,24.005,213.0,272.0,6-2 6-4,3,QF,83.0,2.0,0.0,48.0,34.0,28.0,9.0,9.0,0.0,0.0,14.0,1.0,62.0,36.0,28.0,8.0,9.0,7.0,10.0
2024-9410,Almaty,Hard,28,250,I,20241014,25,D0F6,,,Gabriel Diallo,R,203.0,CAN,23.055,118.0,497.0,C0AU,4.0,,Francisco Cerundolo,R,185.0,ARG,26.171,31.0,1470.0,6-4 6-2,3,SF,67.0,5.0,0.0,52.0,38.0,30.0,8.0,9.0,1.0,1.0,1.0,6.0,47.0,26.0,20.0,8.0,9.0,0.0,3.0
2024-9410,Almaty,Hard,28,250,I,20241014,26,KE29,3.0,,Karen Khachanov,R,198.0,RUS,28.4,26.0,1745.0,V832,,,Aleksandar Vukic,R,188.0,AUS,28.523,85.0,669.0,6-7(3) 6-3 6-4,3,SF,134.0,15.0,1.0,91.0,59.0,46.0,17.0,16.0,3.0,5.0,13.0,2.0,107.0,69.0,48.0,14.0,15.0,5.0,9.0
2024-9410,Almaty,Hard,28,250,I,20241014,27,KE29,3.0,,Karen Khachanov,R,198.0,RUS,28.4,26.0,1745.0,D0F6,,,Gabriel Diallo,R,203.0,CAN,23.055,118.0,497.0,6-2 5-7 6-3,3,F,142.0,6.0,1.0,81.0,58.0,40.0,13.0,14.0,3.0,6.0,7.0,0.0,111.0,78.0,51.0,11.0,15.0,13.0,19.0
2024-7485,Antwerp,Hard,28,250,I,20241014,1,CF59,,,Roberto Carballes Baena,R,183.0,ESP,31.562,54.0,980.0,KE73,,,Dominik Koepfer,L,180.0,GER,30.461,81.0,686.0,6-4 6-0,3,R32,73.0,4.0,3.0,53.0,38.0,30.0,5.0,8.0,4.0,5.0,1.0,3.0,50.0,30.0,18.0,5.0,8.0,1.0,6.0
2024-7485,Antwerp,Hard,28,250,I,20241014,2,N0BS,7.0,,Mariano Navone,R,178.0,ARG,23.628,43.0,1238.0,MJ08,,,Thiago Monteiro,L,183.0,BRA,30.374,88.0,636.0,6-3 4-6 7-6(6),3,R32,161.0,10.0,1.0,96.0,59.0,47.0,24.0,16.0,3.0,4.0,15.0,3.0,110.0,74.0,58.0,15.0,15.0,4.0,5.0
2024-7485,Antwerp,Hard,28,250,I,20241014,3,EA24,6.0,,Tomas Martin Etcheverry,R,196.0,ARG,25.243,35.0,1375.0,G628,,WC,Richard Gasquet,R,183.0,FRA,38.324,135.0,446.0,7-6(4) 6-4,3,R32,108.0,7.0,1.0,62.0,41.0,29.0,13.0,11.0,2.0,4.0,8.0,1.0,80.0,43.0,29.0,16.0,11.0,1.0,4.0
2024-7485,Antwerp,Hard,28,250,I,20241014,4,F724,,,Marton Fucsovics,R,188.0,HUN,32.682,93.0,614.0,C0JP,,WC,Raphael Collignon,R,191.0,BEL,22.752,164.0,358.0,6-2 6-0,3,R32,62.0,7.0,1.0,46.0,34.0,29.0,4.0,7.0,2.0,2.0,1.0,12.0,39.0,17.0,10.0,4.0,7.0,1.0,6.0
2024-7485,Antwerp,Hard,28,250,I,20241014,5,L0BV,5.0,,Jiri Lehecka,R,185.0,CZE,22.932,33.0,1440.0,MU94,,,Jaume Munar,R,183.0,ESP,27.444,65.0,844.0,6-1 6-4,3,R32,85.0,6.0,2.0,50.0,28.0,21.0,14.0,8.0,2.0,2.0,1.0,4.0,60.0,38.0,22.0,8.0,9.0,5.0,9.0
2024-7485,Antwerp,Hard,28,250,I,20241014,6,G09O,,,Hugo Gaston,L,173.0,FRA,24.049,77.0,693.0,V717,,Q,Alexey Vatutin,R,178.0,RUS,31.964,336.0,148.0,3-6 6-3 6-3,3,R32,107.0,7.0,0.0,99.0,61.0,42.0,16.0,14.0,9.0,12.0,1.0,2.0,72.0,47.0,24.0,18.0,13.0,2.0,6.0
2024-7485,Antwerp,Hard,28,250,I,20241014,7,GC88,8.0,,Marcos Giron,R,180.0,USA,31.225,47.0,1165.0,V812,,,Botic van de Zandschulp,R,191.0,NED,29.029,68.0,804.0,6-4 6-1,3,R32,79.0,4.0,1.0,46.0,27.0,25.0,10.0,8.0,0.0,0.0,4.0,2.0,71.0,37.0,24.0,13.0,9.0,4.0,8.0
2024-7485,Antwerp,Hard,28,250,I,20241014,8,BD06,,,Roberto Bautista Agut,R,183.0,ESP,36.501,60.0,906.0,V0DZ,,Q,Luca Van Assche,R,178.0,FRA,20.427,119.0,496.0,6-2 6-1,3,R32,73.0,5.0,0.0,48.0,36.0,29.0,6.0,8.0,3.0,3.0,2.0,1.0,41.0,21.0,13.0,8.0,7.0,3.0,7.0
2024-7485,Antwerp,Hard,28,250,I,20241014,9,SX91,,Q,Thiago Seyboth Wild,R,185.0,BRA,24.597,80.0,686.0,M0GZ,,,Giovanni Mpetshi Perricard,R,203.0,FRA,21.27,48.0,1076.0,7-6(4) 6-3,3,R32,78.0,11.0,1.0,68.0,46.0,39.0,14.0,11.0,0.0,0.0,12.0,0.0,60.0,43.0,31.0,12.0,10.0,2.0,3.0
2024-7485,Antwerp,Hard,28,250,I,20241014,10,BU13,,,Zizou Bergs,R,185.0,BEL,25.366,69.0,793.0,D0CG,,,Facundo Diaz Acosta,L,183.0,ARG,23.83,67.0,830.0,7-5 6-4,3,R32,105.0,7.0,2.0,64.0,39.0,31.0,13.0,11.0,2.0,3.0,4.0,1.0,72.0,48.0,36.0,6.0,11.0,5.0,8.0
2024-7485,Antwerp,Hard,28,250,I,20241014,11,RC91,,,Arthur Rinderknech,R,196.0,FRA,29.229,62.0,860.0,B0PG,,WC,Alexander Blockx,R,193.0,BEL,19.518,231.0,247.0,6-3 6-1,3,R32,80.0,5.0,0.0,68.0,50.0,35.0,6.0,8.0,8.0,9.0,3.0,4.0,50.0,33.0,17.0,5.0,8.0,3.0,8.0
2024-7485,Antwerp,Hard,28,250,I,20241014,12,AE14,,,Daniel Altmaier,R,188.0,GER,26.089,84.0,672.0,B0QC,,Q,Gilles Arnaud Bailly,R,180.0,BEL,19.069,869.0,21.0,6-4 6-3,3,R32,76.0,16.0,2.0,58.0,39.0,34.0,12.0,10.0,4.0,4.0,1.0,0.0,52.0,42.0,27.0,8.0,9.0,3.0,5.0
2024-7485,Antwerp,Hard,28,250,I,20241014,13,BD06,,,Roberto Bautista Agut,R,183.0,ESP,36.501,60.0,906.0,EA24,6.0,,Tomas Martin Etcheverry,R,196.0,ARG,25.243,35.0,1375.0,7-6(2) 6-4,3,R16,110.0,2.0,0.0,57.0,38.0,34.0,12.0,11.0,0.0,1.0,17.0,2.0,74.0,42.0,35.0,11.0,11.0,2.0,4.0
2024-7485,Antwerp,Hard,28,250,I,20241014,14,G09O,,,Hugo Gaston,L,173.0,FRA,24.049,77.0,693.0,N0BS,7.0,,Mariano Navone,R,178.0,ARG,23.628,43.0,1238.0,6-4 6-7(3) 7-6(4),3,R16,169.0,3.0,2.0,111.0,67.0,48.0,22.0,17.0,4.0,8.0,4.0,3.0,115.0,69.0,48.0,26.0,17.0,8.0,13.0
2024-7485,Antwerp,Hard,28,250,I,20241014,15,DH58,1.0,,Alex de Minaur,R,183.0,AUS,25.656,9.0,3610.0,CF59,,,Roberto Carballes Baena,R,183.0,ESP,31.562,54.0,980.0,2-6 6-4 6-2,3,R16,138.0,1.0,1.0,85.0,46.0,34.0,17.0,13.0,2.0,5.0,7.0,2.0,80.0,38.0,28.0,21.0,13.0,3.0,7.0
2024-7485,Antwerp,Hard,28,250,I,20241014,16,AG37,3.0,,Felix Auger-Aliassime,R,193.0,CAN,24.183,21.0,2155.0,F724,,,Marton Fucsovics,R,188.0,HUN,32.682,93.0,614.0,6-7(4) 6-4 6-2,3,R16,154.0,13.0,2.0,96.0,66.0,51.0,17.0,15.0,3.0,3.0,9.0,4.0,111.0,72.0,51.0,20.0,15.0,10.0,13.0
2024-7485,Antwerp,Hard,28,250,I,20241014,17,L0BV,5.0,,Jiri Lehecka,R,185.0,CZE,22.932,33.0,1440.0,AE14,,,Daniel Altmaier,R,188.0,GER,26.089,84.0,672.0,6-4 6-3,3,R16,73.0,6.0,4.0,57.0,33.0,30.0,10.0,9.0,3.0,3.0,9.0,1.0,54.0,33.0,28.0,8.0,10.0,2.0,5.0
2024-7485,Antwerp,Hard,28,250,I,20241014,18,GC88,8.0,,Marcos Giron,R,180.0,USA,31.225,47.0,1165.0,RC91,,,Arthur Rinderknech,R,196.0,FRA,29.229,62.0,860.0,7-6(6) 7-6(4),3,R16,114.0,12.0,0.0,82.0,56.0,49.0,14.0,12.0,1.0,1.0,9.0,0.0,86.0,63.0,50.0,11.0,12.0,4.0,4.0
2024-7485,Antwerp,Hard,28,250,I,20241014,19,TE51,2.0,,Stefanos Tsitsipas,R,193.0,GRE,26.174,11.0,3445.0,SX91,,Q,Thiago Seyboth Wild,R,185.0,BRA,24.597,80.0,686.0,7-6(5) 4-6 7-5,3,R16,140.0,5.0,6.0,104.0,66.0,53.0,21.0,17.0,3.0,4.0,14.0,2.0,97.0,57.0,46.0,25.0,17.0,1.0,2.0
2024-7485,Antwerp,Hard,28,250,I,20241014,20,BU13,,,Zizou Bergs,R,185.0,BEL,25.366,69.0,793.0,B0BI,4.0,,Sebastian Baez,R,170.0,ARG,23.795,27.0,1725.0,6-3 6-4,3,R16,93.0,8.0,0.0,60.0,43.0,29.0,7.0,9.0,4.0,6.0,1.0,4.0,75.0,52.0,27.0,11.0,10.0,5.0,10.0
2024-7485,Antwerp,Hard,28,250,I,20241014,21,BD06,,,Roberto Bautista Agut,R,183.0,ESP,36.501,60.0,906.0,AG37,3.0,,Felix Auger-Aliassime,R,193.0,CAN,24.183,21.0,2155.0,3-6 6-2 7-6(6),3,QF,162.0,2.0,5.0,102.0,64.0,43.0,20.0,14.0,4.0,6.0,19.0,5.0,108.0,71.0,49.0,17.0,15.0,8.0,11.0
2024-7485,Antwerp,Hard,28,250,I,20241014,22,G09O,,,Hugo Gaston,L,173.0,FRA,24.049,77.0,693.0,DH58,1.0,,Alex de Minaur,R,183.0,AUS,25.656,9.0,3610.0,6-3 3-6 7-5,3,QF,129.0,6.0,0.0,98.0,64.0,42.0,19.0,15.0,2.0,4.0,8.0,3.0,81.0,53.0,41.0,12.0,15.0,1.0,4.0
2024-7485,Antwerp,Hard,28,250,I,20241014,23,L0BV,5.0,,Jiri Lehecka,R,185.0,CZE,22.932,33.0,1440.0,TE51,2.0,,Stefanos Tsitsipas,R,193.0,GRE,26.174,11.0,3445.0,6-4 6-4,3,QF,84.0,8.0,0.0,52.0,32.0,29.0,12.0,10.0,0.0,0.0,8.0,1.0,72.0,41.0,27.0,18.0,10.0,5.0,7.0
2024-7485,Antwerp,Hard,28,250,I,20241014,24,GC88,8.0,,Marcos Giron,R,180.0,USA,31.225,47.0,1165.0,BU13,,,Zizou Bergs,R,185.0,BEL,25.366,69.0,793.0,6-2 6-2,3,QF,74.0,3.0,0.0,45.0,32.0,30.0,5.0,8.0,2.0,2.0,3.0,2.0,63.0,39.0,24.0,8.0,8.0,7.0,11.0
2024-7485,Antwerp,Hard,28,250,I,20241014,25,BD06,,,Roberto Bautista Agut,R,183.0,ESP,36.501,60.0,906.0,G09O,,,Hugo Gaston,L,173.0,FRA,24.049,77.0,693.0,6-3 6-4,3,SF,88.0,1.0,0.0,53.0,33.0,25.0,15.0,10.0,0.0,0.0,5.0,2.0,65.0,40.0,27.0,13.0,9.0,6.0,8.0
2024-7485,Antwerp,Hard,28,250,I,20241014,26,L0BV,5.0,,Jiri Lehecka,R,185.0,CZE,22.932,33.0,1440.0,GC88,8.0,,Marcos Giron,R,180.0,USA,31.225,47.0,1165.0,6-3 4-6 6-2,3,SF,116.0,7.0,1.0,81.0,55.0,39.0,19.0,14.0,3.0,4.0,8.0,0.0,89.0,62.0,43.0,12.0,13.0,3.0,6.0
2024-7485,Antwerp,Hard,28,250,I,20241014,27,BD06,,,Roberto Bautista Agut,R,183.0,ESP,36.501,60.0,906.0,L0BV,5.0,,Jiri Lehecka,R,185.0,CZE,22.932,33.0,1440.0,7-5 6-1,3,F,75.0,1.0,1.0,50.0,38.0,30.0,9.0,10.0,1.0,2.0,12.0,2.0,57.0,41.0,25.0,5.0,9.0,2.0,6.0
2024-429,Stockholm,Hard,28,250,I,20241014,1,S0LA,,PR,Dominic Stricker,L,183.0,SUI,22.163,317.0,162.0,K0AZ,,,Aleksandar Kovacevic,R,183.0,USA,26.127,90.0,624.0,6-4 5-7 6-4,3,R32,139.0,16.0,1.0,85.0,46.0,41.0,21.0,16.0,1.0,2.0,8.0,3.0,120.0,75.0,58.0,18.0,16.0,9.0,11.0
2024-429,Stockholm,Hard,28,250,I,20241014,2,SU87,,,Lorenzo Sonego,R,191.0,ITA,29.429,50.0,1046.0,HH06,,Q,Marc-Andrea Huesler,L,196.0,SUI,28.307,152.0,383.0,7-6(1) 7-5,3,R32,110.0,8.0,1.0,67.0,40.0,33.0,20.0,12.0,1.0,1.0,3.0,1.0,76.0,49.0,33.0,17.0,12.0,0.0,1.0
2024-429,Stockholm,Hard,28,250,I,20241014,3,GJ37,7.0,,Tallon Griekspoor,R,188.0,NED,28.285,37.0,1345.0,K09F,,,Pavel Kotov,R,191.0,RUS,25.906,59.0,907.0,6-4 6-3,3,R32,72.0,8.0,1.0,47.0,28.0,25.0,13.0,10.0,1.0,2.0,1.0,1.0,58.0,37.0,26.0,7.0,9.0,6.0,9.0
2024-429,Stockholm,Hard,28,250,I,20241014,4,BK40,,,Matteo Berrettini,R,196.0,ITA,28.507,42.0,1245.0,D0FJ,8.0,,Luciano Darderi,R,183.0,ITA,22.664,44.0,1228.0,6-4 6-3,3,R32,77.0,11.0,1.0,51.0,35.0,31.0,8.0,10.0,0.0,1.0,0.0,1.0,48.0,31.0,20.0,8.0,9.0,2.0,5.0
2024-429,Stockholm,Hard,28,250,I,20241014,5,F0BY,,Q,Jacob Fearnley,R,183.0,GBR,23.25,99.0,588.0,MW02,,,Corentin Moutet,L,180.0,FRA,25.489,71.0,764.0,6-2 7-6(5),3,R32,111.0,4.0,5.0,76.0,43.0,30.0,15.0,10.0,4.0,7.0,3.0,3.0,77.0,47.0,27.0,14.0,10.0,8.0,13.0
2024-429,Stockholm,Hard,28,250,I,20241014,6,KI95,,,Miomir Kecmanovic,R,183.0,SRB,25.123,55.0,965.0,N771,,,Cameron Norrie,L,188.0,GBR,29.144,52.0,989.0,6-4 6-4,3,R32,77.0,4.0,0.0,51.0,35.0,30.0,11.0,10.0,0.0,0.0,2.0,1.0,73.0,47.0,35.0,10.0,10.0,4.0,6.0
2024-429,Stockholm,Hard,28,250,I,20241014,7,DB63,,Q,Laslo Djere,R,188.0,SRB,29.369,113.0,516.0,MO44,,,Pedro Martinez,R,185.0,ESP,27.469,39.0,1321.0,6-2 6-0,3,R32,51.0,6.0,1.0,33.0,20.0,18.0,10.0,7.0,0.0,0.0,0.0,2.0,37.0,21.0,12.0,3.0,7.0,3.0,8.0
2024-429,Stockholm,Hard,28,250,I,20241014,8,J551,5.0,,Nicolas Jarry,R,201.0,CHI,29.01,34.0,1385.0,Y218,,WC,Elias Ymer,R,185.0,SWE,28.512,252.0,219.0,2-6 6-4 7-6(7),3,R32,146.0,8.0,4.0,96.0,66.0,49.0,18.0,15.0,6.0,9.0,12.0,3.0,97.0,67.0,46.0,18.0,15.0,2.0,4.0
2024-429,Stockholm,Hard,28,250,I,20241014,9,MP20,,,Alexandre Muller,R,183.0,FRA,27.699,70.0,785.0,B0JG,,WC,Leo Borg,R,183.0,SWE,21.418,590.0,57.0,6-3 7-6(5),3,R32,90.0,4.0,1.0,53.0,32.0,27.0,15.0,10.0,0.0,1.0,5.0,3.0,76.0,51.0,36.0,9.0,11.0,4.0,7.0
2024-429,Stockholm,Hard,28,250,I,20241014,10,DH50,,,Alejandro Davidovich Fokina,R,180.0,ESP,25.361,64.0,845.0,T0A1,,Q,Thiago Agustin Tirante,R,185.0,ARG,23.513,121.0,484.0,7-6(2) 6-2,3,R32,102.0,3.0,0.0,69.0,50.0,38.0,12.0,10.0,3.0,3.0,10.0,1.0,76.0,45.0,32.0,13.0,10.0,7.0,9.0
2024-429,Stockholm,Hard,28,250,I,20241014,11,W367,,WC,Stan Wawrinka,R,183.0,SUI,39.548,217.0,263.0,N0AE,6.0,,Brandon Nakashima,R,188.0,USA,23.198,38.0,1340.0,6-4 6-4,3,R32,80.0,4.0,1.0,54.0,32.0,28.0,13.0,10.0,1.0,1.0,6.0,1.0,61.0,44.0,33.0,6.0,10.0,5.0,7.0
2024-429,Stockholm,Hard,28,250,I,20241014,12,HB64,,,Quentin Halys,R,191.0,FRA,27.967,95.0,603.0,N897,,,Sumit Nagal,R,178.0,IND,27.162,78.0,691.0,6-0 6-4,3,R32,63.0,14.0,1.0,47.0,25.0,21.0,15.0,8.0,3.0,3.0,1.0,2.0,54.0,38.0,20.0,6.0,8.0,3.0,7.0
2024-429,Stockholm,Hard,28,250,I,20241014,13,GJ37,7.0,,Tallon Griekspoor,R,188.0,NED,28.285,37.0,1345.0,F0BY,,Q,Jacob Fearnley,R,183.0,GBR,23.25,99.0,588.0,7-6(0) 6-3,3,R16,89.0,9.0,1.0,55.0,38.0,32.0,8.0,10.0,0.0,1.0,1.0,6.0,77.0,42.0,27.0,15.0,11.0,7.0,10.0
2024-429,Stockholm,Hard,28,250,I,20241014,14,S0LA,,PR,Dominic Stricker,L,183.0,SUI,22.163,317.0,162.0,BK40,,,Matteo Berrettini,R,196.0,ITA,28.507,42.0,1245.0,7-6(6) 6-4,3,R16,107.0,5.0,6.0,85.0,52.0,37.0,20.0,11.0,5.0,5.0,8.0,1.0,73.0,42.0,34.0,14.0,11.0,3.0,4.0
2024-429,Stockholm,Hard,28,250,I,20241014,15,RH16,2.0,,Casper Ruud,R,183.0,NOR,25.812,8.0,3885.0,SU87,,,Lorenzo Sonego,R,191.0,ITA,29.429,50.0,1046.0,6-3 7-6(3),3,R16,104.0,8.0,2.0,66.0,39.0,27.0,22.0,11.0,0.0,0.0,8.0,2.0,68.0,45.0,31.0,11.0,10.0,2.0,3.0
2024-429,Stockholm,Hard,28,250,I,20241014,16,PL56,4.0,,Tommy Paul,R,185.0,USA,27.411,13.0,3055.0,DB63,,Q,Laslo Djere,R,188.0,SRB,29.369,113.0,516.0,6-2 7-6(2),3,R16,98.0,7.0,1.0,64.0,37.0,29.0,17.0,10.0,1.0,2.0,2.0,2.0,72.0,40.0,27.0,14.0,10.0,9.0,12.0
2024-429,Stockholm,Hard,28,250,I,20241014,17,KI95,,,Miomir Kecmanovic,R,183.0,SRB,25.123,55.0,965.0,J551,5.0,,Nicolas Jarry,R,201.0,CHI,29.01,34.0,1385.0,6-4 4-6 7-6(2),3,R16,141.0,4.0,1.0,97.0,70.0,53.0,13.0,16.0,5.0,7.0,14.0,2.0,98.0,67.0,51.0,13.0,16.0,1.0,3.0
2024-429,Stockholm,Hard,28,250,I,20241014,18,W367,,WC,Stan Wawrinka,R,183.0,SUI,39.548,217.0,263.0,DH50,,,Alejandro Davidovich Fokina,R,180.0,ESP,25.361,64.0,845.0,6-4 3-6 7-5,3,R16,132.0,10.0,2.0,99.0,63.0,47.0,15.0,15.0,6.0,9.0,10.0,1.0,83.0,51.0,39.0,15.0,16.0,0.0,4.0
2024-429,Stockholm,Hard,28,250,I,20241014,19,RE44,1.0,,Andrey Rublev,R,188.0,RUS,26.984,7.0,4110.0,MP20,,,Alexandre Muller,R,183.0,FRA,27.699,70.0,785.0,6-4 6-1,3,R16,64.0,6.0,0.0,48.0,28.0,24.0,11.0,8.0,3.0,3.0,1.0,0.0,57.0,33.0,17.0,13.0,9.0,6.0,10.0
2024-429,Stockholm,Hard,28,250,I,20241014,20,D875,3.0,,Grigor Dimitrov,R,191.0,BUL,33.415,10.0,3580.0,HB64,,,Quentin Halys,R,191.0,FRA,27.967,95.0,603.0,7-6(1) 6-3,3,R16,99.0,8.0,4.0,79.0,45.0,37.0,14.0,11.0,3.0,4.0,19.0,4.0,70.0,45.0,34.0,8.0,10.0,7.0,9.0
2024-429,Stockholm,Hard,28,250,I,20241014,21,PL56,4.0,,Tommy Paul,R,185.0,USA,27.411,13.0,3055.0,KI95,,,Miomir Kecmanovic,R,183.0,SRB,25.123,55.0,965.0,7-6(9) 6-2,3,QF,102.0,10.0,2.0,74.0,40.0,32.0,18.0,10.0,2.0,4.0,1.0,0.0,74.0,49.0,34.0,10.0,10.0,4.0,8.0
2024-429,Stockholm,Hard,28,250,I,20241014,22,W367,,WC,Stan Wawrinka,R,183.0,SUI,39.548,217.0,263.0,RE44,1.0,,Andrey Rublev,R,188.0,RUS,26.984,7.0,4110.0,7-6(5) 7-6(5),3,QF,112.0,14.0,2.0,91.0,53.0,41.0,19.0,12.0,3.0,4.0,10.0,2.0,78.0,45.0,33.0,19.0,12.0,2.0,3.0
2024-429,Stockholm,Hard,28,250,I,20241014,23,GJ37,7.0,,Tallon Griekspoor,R,188.0,NED,28.285,37.0,1345.0,RH16,2.0,,Casper Ruud,R,183.0,NOR,25.812,8.0,3885.0,7-5 7-6(5),3,QF,117.0,13.0,2.0,86.0,58.0,45.0,15.0,12.0,3.0,3.0,6.0,2.0,84.0,59.0,40.0,17.0,12.0,2.0,3.0
2024-429,Stockholm,Hard,28,250,I,20241014,24,D875,3.0,,Grigor Dimitrov,R,191.0,BUL,33.415,10.0,3580.0,S0LA,,PR,Dominic Stricker,L,183.0,SUI,22.163,317.0,162.0,6-3 6-2,3,QF,71.0,6.0,4.0,60.0,43.0,35.0,7.0,9.0,7.0,7.0,8.0,2.0,49.0,26.0,21.0,8.0,8.0,3.0,6.0
2024-429,Stockholm,Hard,28,250,I,20241014,25,PL56,4.0,,Tommy Paul,R,185.0,USA,27.411,13.0,3055.0,W367,,WC,Stan Wawrinka,R,183.0,SUI,39.548,217.0,263.0,6-3 6-2,3,SF,80.0,2.0,0.0,60.0,40.0,30.0,12.0,9.0,3.0,3.0,8.0,2.0,60.0,37.0,25.0,7.0,8.0,4.0,7.0
2024-429,Stockholm,Hard,28,250,I,20241014,26,D875,3.0,,Grigor Dimitrov,R,191.0,BUL,33.415,10.0,3580.0,GJ37,7.0,,Tallon Griekspoor,R,188.0,NED,28.285,37.0,1345.0,2-6 7-5 6-4,3,SF,145.0,8.0,5.0,92.0,58.0,40.0,19.0,15.0,3.0,6.0,11.0,5.0,103.0,69.0,52.0,12.0,15.0,10.0,13.0
2024-429,Stockholm,Hard,28,250,I,20241014,27,PL56,4.0,,Tommy Paul,R,185.0,USA,27.411,13.0,3055.0,D875,3.0,,Grigor Dimitrov,R,191.0,BUL,33.415,10.0,3580.0,6-4 6-3,3,F,85.0,6.0,1.0,63.0,40.0,26.0,16.0,10.0,2.0,4.0,2.0,4.0,58.0,33.0,20.0,9.0,9.0,4.0,8.0
2024-328,Basel,Hard,32,500,I,20241021,1,HH26,5.0,,Ugo Humbert,L,188.0,FRA,26.322,16.0,2515.0,K0EP,,Q,Jerome Kym,R,198.0,SUI,21.689,140.0,421.0,6-4 6-7(5) 7-5,3,R32,149.0,13.0,1.0,93.0,68.0,56.0,18.0,17.0,1.0,1.0,8.0,3.0,109.0,74.0,53.0,21.0,17.0,7.0,9.0
2024-328,Basel,Hard,32,500,I,20241021,2,GB88,,LL,David Goffin,R,180.0,BEL,33.873,54.0,980.0,A0FC,,,Matteo Arnaldi,R,185.0,ITA,23.661,37.0,1355.0,6-7(5) 6-3 6-2,3,R32,150.0,4.0,2.0,101.0,59.0,42.0,25.0,15.0,4.0,6.0,10.0,4.0,99.0,59.0,37.0,20.0,14.0,5.0,10.0
2024-328,Basel,Hard,32,500,I,20241021,3,F0F1,7.0,,Arthur Fils,R,185.0,FRA,20.359,20.0,2090.0,AE14,,Q,Daniel Altmaier,R,188.0,GER,26.108,82.0,690.0,7-6(5) 6-3,3,R32,99.0,7.0,3.0,72.0,44.0,33.0,14.0,11.0,5.0,6.0,7.0,3.0,64.0,36.0,28.0,11.0,10.0,2.0,4.0
2024-328,Basel,Hard,32,500,I,20241021,4,M0GZ,,,Giovanni Mpetshi Perricard,R,203.0,FRA,21.29,50.0,1026.0,D994,,Q,James Duckworth,R,183.0,AUS,32.75,69.0,781.0,7-6(4) 6-3,3,R32,79.0,21.0,3.0,65.0,44.0,37.0,12.0,11.0,0.0,0.0,2.0,3.0,68.0,40.0,31.0,13.0,10.0,3.0,4.0
2024-328,Basel,Hard,32,500,I,20241021,5,RE44,1.0,,Andrey Rublev,R,188.0,RUS,27.003,7.0,4150.0,BT72,,,Nuno Borges,R,185.0,POR,27.669,33.0,1446.0,6-3 6-2,3,R32,64.0,4.0,0.0,47.0,26.0,25.0,10.0,9.0,0.0,1.0,5.0,3.0,56.0,30.0,19.0,11.0,8.0,6.0,10.0
2024-328,Basel,Hard,32,500,I,20241021,6,SU55,,WC,Denis Shapovalov,L,185.0,CAN,25.52,95.0,618.0,S0RE,,,Juncheng Shang,L,180.0,CHN,19.715,47.0,1075.0,6-1 6-4,3,R32,68.0,11.0,3.0,55.0,28.0,25.0,16.0,9.0,1.0,1.0,4.0,2.0,52.0,35.0,23.0,6.0,8.0,3.0,6.0
2024-328,Basel,Hard,32,500,I,20241021,7,S0LA,,WC,Dominic Stricker,L,183.0,SUI,22.182,258.0,212.0,GJ37,,,Tallon Griekspoor,R,188.0,NED,28.304,35.0,1400.0,6-4 6-4,3,R32,66.0,14.0,1.0,53.0,35.0,31.0,10.0,10.0,2.0,2.0,8.0,3.0,57.0,39.0,30.0,8.0,10.0,2.0,4.0
2024-328,Basel,Hard,32,500,I,20241021,8,V812,,Q,Botic van de Zandschulp,R,191.0,NED,29.049,67.0,804.0,BK92,,,Alexander Bublik,R,196.0,KAZ,27.346,32.0,1460.0,3-6 6-4 4-0 RET,3,R32,106.0,5.0,2.0,81.0,57.0,42.0,10.0,11.0,3.0,4.0,16.0,11.0,86.0,42.0,32.0,18.0,12.0,5.0,8.0
2024-328,Basel,Hard,32,500,I,20241021,9,S0S1,6.0,,Ben Shelton,L,193.0,USA,22.034,23.0,2010.0,EA24,,,Tomas Martin Etcheverry,R,196.0,ARG,25.262,36.0,1375.0,6-3 6-4,3,R32,73.0,8.0,0.0,52.0,38.0,32.0,9.0,10.0,1.0,1.0,7.0,2.0,51.0,26.0,23.0,10.0,9.0,0.0,2.0
2024-328,Basel,Hard,32,500,I,20241021,10,TE30,,,Alejandro Tabilo,L,188.0,CHI,27.387,21.0,2023.0,C977,,PR,Marin Cilic,R,198.0,CRO,36.063,202.0,288.0,7-6(4) 7-6(2),3,R32,125.0,11.0,3.0,78.0,52.0,41.0,11.0,12.0,0.0,2.0,7.0,2.0,95.0,53.0,34.0,24.0,12.0,7.0,9.0
2024-328,Basel,Hard,32,500,I,20241021,11,R0DG,4.0,,Holger Rune,R,188.0,DEN,21.481,14.0,2985.0,J551,,,Nicolas Jarry,R,201.0,CHI,29.029,34.0,1400.0,6-4 7-6(3),3,R32,86.0,9.0,4.0,60.0,38.0,34.0,14.0,11.0,0.0,0.0,11.0,4.0,62.0,38.0,33.0,11.0,11.0,1.0,2.0
2024-328,Basel,Hard,32,500,I,20241021,12,TE51,3.0,,Stefanos Tsitsipas,R,193.0,GRE,26.193,11.0,3405.0,C0AU,,,Francisco Cerundolo,R,185.0,ARG,26.19,30.0,1570.0,6-3 6-7(3) 7-6(4),3,R32,152.0,6.0,1.0,120.0,73.0,56.0,22.0,17.0,5.0,7.0,9.0,3.0,111.0,70.0,43.0,26.0,16.0,9.0,12.0
2024-328,Basel,Hard,32,500,I,20241021,13,AG37,8.0,,Felix Auger-Aliassime,R,193.0,CAN,24.203,19.0,2130.0,B0BI,,,Sebastian Baez,R,170.0,ARG,23.814,26.0,1725.0,7-5 6-1,3,R32,74.0,8.0,1.0,51.0,36.0,31.0,11.0,10.0,2.0,2.0,2.0,0.0,55.0,43.0,30.0,4.0,9.0,1.0,4.0
2024-328,Basel,Hard,32,500,I,20241021,14,MO44,,,Pedro Martinez,R,185.0,ESP,27.488,39.0,1320.0,L0BV,,,Jiri Lehecka,R,185.0,CZE,22.951,28.0,1605.0,6-2 6-2,3,R32,67.0,4.0,0.0,46.0,31.0,26.0,8.0,8.0,1.0,1.0,3.0,3.0,47.0,31.0,20.0,5.0,8.0,4.0,8.0
2024-328,Basel,Hard,32,500,I,20241021,15,BD06,,SE,Roberto Bautista Agut,R,183.0,ESP,36.52,45.0,1146.0,RH16,2.0,,Casper Ruud,R,183.0,NOR,25.832,8.0,3890.0,6-3 3-6 6-3,3,R32,123.0,5.0,0.0,71.0,51.0,41.0,14.0,14.0,3.0,4.0,11.0,5.0,87.0,51.0,42.0,13.0,13.0,4.0,6.0
2024-328,Basel,Hard,32,500,I,20241021,16,W367,,WC,Stan Wawrinka,R,183.0,SUI,39.567,169.0,343.0,ME82,,,Adrian Mannarino,L,180.0,FRA,36.312,57.0,929.0,6-3 3-6 7-5,3,R32,121.0,13.0,1.0,83.0,51.0,44.0,15.0,15.0,1.0,3.0,6.0,3.0,86.0,46.0,31.0,24.0,15.0,1.0,4.0
2024-328,Basel,Hard,32,500,I,20241021,17,GB88,,LL,David Goffin,R,180.0,BEL,33.873,54.0,980.0,HH26,5.0,,Ugo Humbert,L,188.0,FRA,26.322,16.0,2515.0,3-6 6-1 7-6(7),3,R16,147.0,5.0,3.0,97.0,57.0,42.0,22.0,14.0,4.0,5.0,9.0,2.0,101.0,56.0,40.0,26.0,14.0,6.0,8.0
2024-328,Basel,Hard,32,500,I,20241021,18,RE44,1.0,,Andrey Rublev,R,188.0,RUS,27.003,7.0,4150.0,TE30,,,Alejandro Tabilo,L,188.0,CHI,27.387,21.0,2023.0,7-6(3) 6-1,3,R16,73.0,14.0,4.0,66.0,47.0,39.0,8.0,10.0,1.0,1.0,12.0,3.0,57.0,42.0,31.0,5.0,9.0,1.0,3.0
2024-328,Basel,Hard,32,500,I,20241021,19,TE51,3.0,,Stefanos Tsitsipas,R,193.0,GRE,26.193,11.0,3405.0,V812,,Q,Botic van de Zandschulp,R,191.0,NED,29.049,67.0,804.0,7-6(3) 7-5,3,R16,106.0,8.0,2.0,79.0,51.0,37.0,16.0,12.0,4.0,5.0,5.0,3.0,77.0,54.0,39.0,11.0,12.0,2.0,4.0
2024-328,Basel,Hard,32,500,I,20241021,20,F0F1,7.0,,Arthur Fils,R,185.0,FRA,20.359,20.0,2090.0,MO44,,,Pedro Martinez,R,185.0,ESP,27.488,39.0,1320.0,7-5 6-3,3,R16,90.0,13.0,1.0,64.0,42.0,36.0,8.0,11.0,2.0,3.0,5.0,4.0,60.0,37.0,27.0,8.0,10.0,4.0,7.0
2024-328,Basel,Hard,32,500,I,20241021,21,S0S1,6.0,,Ben Shelton,L,193.0,USA,22.034,23.0,2010.0,W367,,WC,Stan Wawrinka,R,183.0,SUI,39.567,169.0,343.0,7-6(2) 7-5,3,R16,95.0,9.0,1.0,73.0,54.0,45.0,13.0,12.0,5.0,5.0,4.0,2.0,65.0,34.0,29.0,18.0,12.0,0.0,1.0
2024-328,Basel,Hard,32,500,I,20241021,22,SU55,,WC,Denis Shapovalov,L,185.0,CAN,25.52,95.0,618.0,BD06,,SE,Roberto Bautista Agut,R,183.0,ESP,36.52,45.0,1146.0,6-3 7-6(4),3,R16,99.0,18.0,2.0,66.0,39.0,31.0,17.0,11.0,1.0,2.0,2.0,4.0,80.0,62.0,39.0,6.0,10.0,6.0,8.0
2024-328,Basel,Hard,32,500,I,20241021,23,R0DG,4.0,,Holger Rune,R,188.0,DEN,21.481,14.0,2985.0,S0LA,,WC,Dominic Stricker,L,183.0,SUI,22.182,258.0,212.0,6-3 7-6(2),3,R16,87.0,10.0,2.0,74.0,48.0,39.0,13.0,11.0,1.0,2.0,7.0,0.0,62.0,36.0,25.0,14.0,10.0,2.0,4.0
2024-328,Basel,Hard,32,500,I,20241021,24,M0GZ,,,Giovanni Mpetshi Perricard,R,203.0,FRA,21.29,50.0,1026.0,AG37,8.0,,Felix Auger-Aliassime,R,193.0,CAN,24.203,19.0,2130.0,6-1 7-6(6),3,R16,82.0,22.0,2.0,56.0,39.0,32.0,14.0,10.0,0.0,0.0,8.0,3.0,61.0,38.0,28.0,12.0,9.0,5.0,7.0
2024-328,Basel,Hard,32,500,I,20241021,25,F0F1,7.0,,Arthur Fils,R,185.0,FRA,20.359,20.0,2090.0,TE51,3.0,,Stefanos Tsitsipas,R,193.0,GRE,26.193,11.0,3405.0,7-6(5) 6-3,3,QF,83.0,10.0,3.0,54.0,33.0,29.0,16.0,10.0,0.0,0.0,9.0,2.0,73.0,46.0,37.0,12.0,11.0,4.0,6.0
2024-328,Basel,Hard,32,500,I,20241021,26,S0S1,6.0,,Ben Shelton,L,193.0,USA,22.034,23.0,2010.0,RE44,1.0,,Andrey Rublev,R,188.0,RUS,27.003,7.0,4150.0,7-5 6-7(3) 6-4,3,QF,135.0,13.0,2.0,111.0,79.0,58.0,22.0,17.0,6.0,6.0,12.0,3.0,87.0,63.0,55.0,15.0,17.0,0.0,2.0
2024-328,Basel,Hard,32,500,I,20241021,27,R0DG,4.0,,Holger Rune,R,188.0,DEN,21.481,14.0,2985.0,GB88,,LL,David Goffin,R,180.0,BEL,33.873,54.0,980.0,6-2 6-4,3,QF,80.0,6.0,5.0,57.0,31.0,24.0,15.0,9.0,1.0,2.0,5.0,3.0,63.0,33.0,22.0,9.0,9.0,7.0,11.0
2024-328,Basel,Hard,32,500,I,20241021,28,M0GZ,,,Giovanni Mpetshi Perricard,R,203.0,FRA,21.29,50.0,1026.0,SU55,,WC,Denis Shapovalov,L,185.0,CAN,25.52,95.0,618.0,6-7(7) 6-3 7-6(3),3,QF,126.0,27.0,6.0,110.0,72.0,58.0,24.0,17.0,3.0,3.0,7.0,6.0,99.0,56.0,45.0,28.0,16.0,2.0,3.0
2024-328,Basel,Hard,32,500,I,20241021,29,S0S1,6.0,,Ben Shelton,L,193.0,USA,22.034,23.0,2010.0,F0F1,7.0,,Arthur Fils,R,185.0,FRA,20.359,20.0,2090.0,6-3 7-6(9),3,SF,77.0,8.0,2.0,61.0,51.0,45.0,7.0,11.0,0.0,0.0,9.0,2.0,58.0,36.0,32.0,13.0,10.0,1.0,2.0
2024-328,Basel,Hard,32,500,I,20241021,30,M0GZ,,,Giovanni Mpetshi Perricard,R,203.0,FRA,21.29,50.0,1026.0,R0DG,4.0,,Holger Rune,R,188.0,DEN,21.481,14.0,2985.0,7-6(6) 6-4,3,SF,78.0,17.0,2.0,63.0,38.0,33.0,18.0,11.0,0.0,0.0,5.0,2.0,59.0,31.0,25.0,22.0,11.0,1.0,2.0
2024-328,Basel,Hard,32,500,I,20241021,31,M0GZ,,,Giovanni Mpetshi Perricard,R,203.0,FRA,21.29,50.0,1026.0,S0S1,6.0,,Ben Shelton,L,193.0,USA,22.034,23.0,2010.0,6-4 7-6(4),3,F,86.0,22.0,2.0,64.0,39.0,33.0,18.0,11.0,0.0,0.0,10.0,2.0,74.0,51.0,38.0,13.0,11.0,2.0,3.0
2024-337,Vienna,Hard,32,500,I,20241021,1,C0E9,,,Flavio Cobolli,R,183.0,ITA,22.461,31.0,1482.0,DH50,,,Alejandro Davidovich Fokina,R,180.0,ESP,25.38,62.0,860.0,7-6 6-3,3,R32,94.0,5.0,0.0,70.0,49.0,35.0,16.0,11.0,3.0,3.0,0.0,3.0,75.0,52.0,38.0,10.0,10.0,6.0,7.0
2024-337,Vienna,Hard,32,500,I,20241021,2,BK40,,,Matteo Berrettini,R,196.0,ITA,28.526,41.0,1270.0,F724,,Q,Marton Fucsovics,R,188.0,HUN,32.701,88.0,639.0,7-5 6-4,3,R32,107.0,7.0,0.0,58.0,37.0,32.0,13.0,11.0,0.0,0.0,0.0,3.0,66.0,37.0,25.0,16.0,11.0,2.0,4.0
2024-337,Vienna,Hard,32,500,I,20241021,3,Z355,1.0,,Alexander Zverev,R,198.0,GER,27.504,3.0,6795.0,S0WT,,WC,Joel Schwaerzler,L,188.0,AUT,18.732,347.0,141.0,6-2 6-2,3,R32,68.0,6.0,1.0,38.0,24.0,23.0,9.0,8.0,0.0,0.0,1.0,1.0,54.0,33.0,20.0,6.0,8.0,4.0,8.0
2024-337,Vienna,Hard,32,500,I,20241021,4,M0NI,,Q,Jakub Mensik,R,196.0,CZE,19.138,51.0,1022.0,P09Z,8.0,,Alexei Popyrin,R,196.0,AUS,25.213,25.0,1775.0,7-6 6-2,3,R32,102.0,5.0,3.0,63.0,35.0,29.0,17.0,10.0,5.0,5.0,4.0,2.0,83.0,48.0,29.0,18.0,10.0,4.0,6.0
2024-337,Vienna,Hard,32,500,I,20241021,5,KI95,,,Miomir Kecmanovic,R,183.0,SRB,25.142,58.0,925.0,N0BS,,,Mariano Navone,R,178.0,ARG,23.647,44.0,1188.0,6-2 6-4,3,R32,73.0,8.0,1.0,48.0,32.0,27.0,10.0,9.0,1.0,1.0,7.0,3.0,59.0,30.0,23.0,11.0,9.0,4.0,7.0
2024-337,Vienna,Hard,32,500,I,20241021,6,DH58,2.0,,Alex de Minaur,R,183.0,AUS,25.676,10.0,3570.0,SL28,,,Jan-Lennard Struff,R,193.0,GER,34.491,40.0,1285.0,2-6 6-2 6-2,3,R32,101.0,7.0,3.0,77.0,36.0,27.0,22.0,12.0,4.0,6.0,5.0,6.0,68.0,36.0,26.0,14.0,12.0,2.0,6.0
2024-337,Vienna,Hard,32,500,I,20241021,7,GC88,,,Marcos Giron,R,180.0,USA,31.244,48.0,1065.0,M0QI,,,Alex Michelsen,R,193.0,USA,20.156,43.0,1220.0,7-6 6-3,3,R32,112.0,1.0,0.0,79.0,53.0,36.0,15.0,11.0,5.0,7.0,2.0,4.0,83.0,57.0,36.0,12.0,10.0,3.0,6.0
2024-337,Vienna,Hard,32,500,I,20241021,8,TD51,5.0,,Frances Tiafoe,R,188.0,USA,26.752,15.0,2625.0,N771,,,Cameron Norrie,L,188.0,GBR,29.164,53.0,989.0,6-4 7-6,3,R32,87.0,11.0,0.0,63.0,38.0,31.0,18.0,11.0,2.0,3.0,11.0,3.0,65.0,44.0,36.0,8.0,11.0,0.0,2.0
2024-337,Vienna,Hard,32,500,I,20241021,9,MC65,,,Gael Monfils,R,193.0,FRA,38.138,52.0,1010.0,HB64,,Q,Quentin Halys,R,191.0,FRA,27.986,90.0,628.0,7-6 6-3,3,R32,86.0,4.0,1.0,54.0,31.0,24.0,17.0,10.0,0.0,1.0,6.0,4.0,75.0,43.0,31.0,15.0,11.0,4.0,7.0
2024-337,Vienna,Hard,32,500,I,20241021,10,D0FJ,,,Luciano Darderi,R,183.0,ITA,22.683,42.0,1228.0,TB69,,WC,Dominic Thiem,R,185.0,AUT,31.132,318.0,162.0,7-6 6-2,3,R32,91.0,6.0,2.0,64.0,40.0,33.0,14.0,10.0,4.0,5.0,11.0,1.0,60.0,36.0,25.0,13.0,10.0,2.0,5.0
2024-337,Vienna,Hard,32,500,I,20241021,11,M0EJ,6.0,,Lorenzo Musetti,R,185.0,ITA,22.637,17.0,2425.0,SU87,,,Lorenzo Sonego,R,191.0,ITA,29.448,49.0,1061.0,6-3 6-2,3,R32,72.0,2.0,0.0,43.0,35.0,29.0,7.0,9.0,0.0,0.0,2.0,1.0,56.0,37.0,23.0,7.0,8.0,6.0,9.0
2024-337,Vienna,Hard,32,500,I,20241021,12,D0CO,7.0,,Jack Draper,L,193.0,GBR,22.831,18.0,2310.0,N552,,WC,Kei Nishikori,R,178.0,JPN,34.812,141.0,418.0,7-6 7-5,3,R32,96.0,11.0,2.0,71.0,48.0,41.0,10.0,12.0,0.0,1.0,1.0,0.0,77.0,51.0,35.0,14.0,12.0,2.0,4.0
2024-337,Vienna,Hard,32,500,I,20241021,13,D875,3.0,,Grigor Dimitrov,R,191.0,BUL,33.435,9.0,3735.0,Z371,,,Zhizhen Zhang,R,193.0,CHN,28.014,46.0,1145.0,6-4 7-5,3,R32,97.0,12.0,3.0,68.0,41.0,34.0,14.0,11.0,6.0,7.0,4.0,3.0,68.0,34.0,25.0,16.0,11.0,5.0,8.0
2024-337,Vienna,Hard,32,500,I,20241021,14,M0FH,,,Tomas Machac,R,183.0,CZE,24.022,27.0,1723.0,M0CI,,,Fabian Marozsan,R,193.0,HUN,25.038,56.0,940.0,7-6 6-1,3,R32,72.0,10.0,1.0,56.0,31.0,28.0,16.0,10.0,0.0,0.0,2.0,1.0,60.0,37.0,24.0,14.0,9.0,1.0,3.0
2024-337,Vienna,Hard,32,500,I,20241021,15,KE29,,,Karen Khachanov,R,198.0,RUS,28.419,24.0,1985.0,SX91,,Q,Thiago Seyboth Wild,R,185.0,BRA,24.616,78.0,717.0,6-2 6-4,3,R32,87.0,3.0,1.0,52.0,33.0,27.0,11.0,9.0,1.0,1.0,4.0,1.0,63.0,39.0,24.0,10.0,9.0,0.0,3.0
2024-337,Vienna,Hard,32,500,I,20241021,16,N0AE,,,Brandon Nakashima,R,188.0,USA,23.217,38.0,1340.0,PL56,4.0,,Tommy Paul,R,185.0,USA,27.431,12.0,3215.0,6-4 6-4,3,R32,106.0,5.0,0.0,57.0,44.0,33.0,8.0,10.0,1.0,1.0,2.0,0.0,85.0,47.0,33.0,18.0,10.0,9.0,11.0
2024-337,Vienna,Hard,32,500,I,20241021,17,Z355,1.0,,Alexander Zverev,R,198.0,GER,27.504,3.0,6795.0,GC88,,,Marcos Giron,R,180.0,USA,31.244,48.0,1065.0,6-2 7-5,3,R16,72.0,10.0,0.0,44.0,36.0,32.0,8.0,10.0,0.0,0.0,5.0,1.0,61.0,38.0,28.0,8.0,10.0,0.0,3.0
2024-337,Vienna,Hard,32,500,I,20241021,18,BK40,,,Matteo Berrettini,R,196.0,ITA,28.526,41.0,1270.0,TD51,5.0,,Frances Tiafoe,R,188.0,USA,26.752,15.0,2625.0,6-3 6-7 6-3,3,R16,182.0,16.0,3.0,131.0,89.0,63.0,16.0,16.0,15.0,17.0,7.0,1.0,106.0,66.0,43.0,19.0,14.0,6.0,10.0
2024-337,Vienna,Hard,32,500,I,20241021,19,M0NI,,Q,Jakub Mensik,R,196.0,CZE,19.138,51.0,1022.0,KI95,,,Miomir Kecmanovic,R,183.0,SRB,25.142,58.0,925.0,6-3 7-6,3,R16,113.0,23.0,2.0,78.0,56.0,48.0,9.0,11.0,4.0,4.0,3.0,5.0,96.0,48.0,35.0,25.0,10.0,7.0,8.0
2024-337,Vienna,Hard,32,500,I,20241021,20,D0CO,7.0,,Jack Draper,L,193.0,GBR,22.831,18.0,2310.0,D0FJ,,,Luciano Darderi,R,183.0,ITA,22.683,42.0,1228.0,7-5 6-1,3,R16,76.0,15.0,2.0,46.0,34.0,31.0,6.0,9.0,1.0,1.0,8.0,1.0,71.0,52.0,32.0,8.0,10.0,6.0,10.0
2024-337,Vienna,Hard,32,500,I,20241021,21,M0EJ,6.0,,Lorenzo Musetti,R,185.0,ITA,22.637,17.0,2425.0,MC65,,,Gael Monfils,R,193.0,FRA,38.138,52.0,1010.0,W/O,3,R16,,,,,,,,,,,,,,,,,,,
2024-337,Vienna,Hard,32,500,I,20241021,22,M0FH,,,Tomas Machac,R,183.0,CZE,24.022,27.0,1723.0,D875,3.0,,Grigor Dimitrov,R,191.0,BUL,33.435,9.0,3735.0,6-7 6-4 6-3,3,R16,151.0,9.0,5.0,108.0,67.0,48.0,22.0,16.0,2.0,4.0,12.0,4.0,103.0,57.0,44.0,22.0,15.0,5.0,9.0
2024-337,Vienna,Hard,32,500,I,20241021,23,DH58,,,Alex de Minaur,R,183.0,AUS,25.676,10.0,3570.0,C0E9,,,Flavio Cobolli,R,183.0,ITA,22.461,31.0,1482.0,7-6 3-1 RET,3,R16,,,,,,,,,,,,,,,,,,,
2024-337,Vienna,Hard,32,500,I,20241021,24,KE29,,,Karen Khachanov,R,198.0,RUS,28.419,24.0,1985.0,N0AE,,,Brandon Nakashima,R,188.0,USA,23.217,38.0,1340.0,1-6 6-3 6-4,3,R16,110.0,11.0,1.0,67.0,48.0,37.0,12.0,13.0,0.0,2.0,9.0,1.0,80.0,60.0,47.0,6.0,13.0,8.0,10.0
2024-337,Vienna,Hard,32,500,I,20241021,25,D0CO,7.0,,Jack Draper,L,193.0,GBR,22.831,18.0,2310.0,M0FH,,,Tomas Machac,R,183.0,CZE,24.022,27.0,1723.0,6-3 3-6 6-1,3,QF,127.0,11.0,2.0,88.0,61.0,48.0,12.0,13.0,7.0,8.0,7.0,2.0,92.0,53.0,33.0,21.0,12.0,5.0,8.0
2024-337,Vienna,Hard,32,500,I,20241021,26,M0EJ,6.0,,Lorenzo Musetti,R,185.0,ITA,22.637,17.0,2425.0,Z355,1.0,,Alexander Zverev,R,198.0,GER,27.504,3.0,6795.0,2-6 7-6 6-4,3,QF,157.0,2.0,1.0,101.0,71.0,46.0,14.0,15.0,8.0,12.0,10.0,5.0,99.0,69.0,49.0,14.0,15.0,6.0,9.0
2024-337,Vienna,Hard,32,500,I,20241021,27,KE29,,,Karen Khachanov,R,198.0,RUS,28.419,24.0,1985.0,BK40,,,Matteo Berrettini,R,196.0,ITA,28.526,41.0,1270.0,6-1 6-4,3,QF,78.0,5.0,0.0,52.0,33.0,26.0,13.0,9.0,2.0,2.0,6.0,0.0,51.0,37.0,25.0,5.0,8.0,9.0,12.0
2024-337,Vienna,Hard,32,500,I,20241021,28,DH58,2.0,,Alex de Minaur,R,183.0,AUS,25.676,10.0,3570.0,M0NI,,Q,Jakub Mensik,R,196.0,CZE,19.138,51.0,1022.0,6-7(2) 6-3 6-4,3,QF,154.0,3.0,6.0,114.0,69.0,54.0,24.0,16.0,4.0,4.0,15.0,2.0,101.0,64.0,49.0,17.0,15.0,3.0,5.0
2024-337,Vienna,Hard,32,500,I,20241021,29,D0CO,7.0,,Jack Draper,L,193.0,GBR,22.831,18.0,2310.0,M0EJ,6.0,,Lorenzo Musetti,R,185.0,ITA,22.637,17.0,2425.0,6-2 6-4,3,SF,108.0,8.0,5.0,92.0,62.0,44.0,9.0,9.0,8.0,10.0,2.0,2.0,60.0,40.0,22.0,6.0,9.0,6.0,11.0
2024-337,Vienna,Hard,32,500,I,20241021,30,KE29,,,Karen Khachanov,R,198.0,RUS,28.419,24.0,1985.0,DH58,2.0,,Alex de Minaur,R,183.0,AUS,25.676,10.0,3570.0,6-2 6-4,3,SF,90.0,9.0,0.0,52.0,36.0,28.0,9.0,9.0,2.0,3.0,4.0,2.0,58.0,35.0,21.0,9.0,9.0,2.0,6.0
2024-337,Vienna,Hard,32,500,I,20241021,31,D0CO,7.0,,Jack Draper,L,193.0,GBR,22.831,18.0,2310.0,KE29,,,Karen Khachanov,R,198.0,RUS,28.419,24.0,1985.0,6-4 7-5,3,F,95.0,6.0,2.0,58.0,40.0,32.0,7.0,11.0,3.0,5.0,6.0,3.0,67.0,45.0,29.0,9.0,11.0,4.0,8.0
2024-352,Paris Masters,Hard,56,M,I,20241028,1,RC91,,WC,Arthur Rinderknech,R,196.0,FRA,29.268,60.0,872.0,M0FH,,,Tomas Machac,R,183.0,CZE,24.041,25.0,1758.0,6-7(3) 5-3 RET,3,R64,96.0,11.0,1.0,58.0,37.0,29.0,14.0,10.0,1.0,2.0,2.0,2.0,73.0,47.0,32.0,14.0,10.0,5.0,7.0
2024-352,Paris Masters,Hard,56,M,I,20241028,2,GJ37,,,Tallon Griekspoor,R,188.0,NED,28.323,39.0,1320.0,D0FJ,,,Luciano Darderi,R,183.0,ITA,22.702,43.0,1263.0,6-3 6-4,3,R64,57.0,19.0,6.0,49.0,36.0,35.0,5.0,10.0,0.0,0.0,5.0,2.0,51.0,23.0,20.0,14.0,9.0,1.0,3.0
2024-352,Paris Masters,Hard,56,M,I,20241028,3,TC61,,,Jordan Thompson,R,183.0,AUS,30.524,28.0,1571.0,MO44,,,Pedro Martinez,R,185.0,ESP,27.507,41.0,1270.0,6-4 6-4,3,R64,106.0,9.0,1.0,65.0,31.0,26.0,21.0,10.0,3.0,3.0,7.0,4.0,62.0,33.0,25.0,15.0,10.0,3.0,5.0
2024-352,Paris Masters,Hard,56,M,I,20241028,4,C0AU,,,Francisco Cerundolo,R,185.0,ARG,26.209,29.0,1570.0,HB64,,Q,Quentin Halys,R,191.0,FRA,28.005,90.0,653.0,7-6(5) 6-3,3,R64,88.0,4.0,3.0,76.0,43.0,34.0,17.0,11.0,2.0,3.0,6.0,0.0,58.0,34.0,27.0,13.0,10.0,0.0,2.0
2024-352,Paris Masters,Hard,56,M,I,20241028,5,EA24,,,Tomas Martin Etcheverry,R,196.0,ARG,25.281,40.0,1310.0,Z371,,,Zhizhen Zhang,R,193.0,CHN,28.033,47.0,1145.0,6-3 7-6(6),3,R64,96.0,14.0,2.0,76.0,55.0,43.0,11.0,11.0,5.0,5.0,9.0,2.0,68.0,41.0,30.0,14.0,10.0,6.0,7.0
2024-352,Paris Masters,Hard,56,M,I,20241028,6,GC88,,Q,Marcos Giron,R,180.0,USA,31.264,49.0,1105.0,S0RE,,Q,Juncheng Shang,L,180.0,CHN,19.734,51.0,1075.0,7-6(6) 7-6(6),3,R64,125.0,9.0,3.0,96.0,47.0,34.0,29.0,12.0,5.0,6.0,6.0,2.0,82.0,45.0,35.0,20.0,12.0,1.0,2.0
2024-352,Paris Masters,Hard,56,M,I,20241028,7,HH26,15.0,,Ugo Humbert,L,188.0,FRA,26.341,18.0,2385.0,N0AE,,,Brandon Nakashima,R,188.0,USA,23.236,35.0,1375.0,6-3 4-6 6-4,3,R64,124.0,9.0,1.0,84.0,51.0,43.0,20.0,15.0,2.0,3.0,5.0,1.0,82.0,48.0,35.0,21.0,14.0,2.0,4.0
2024-352,Paris Masters,Hard,56,M,I,20241028,8,KI95,,LL,Miomir Kecmanovic,R,183.0,SRB,25.161,55.0,965.0,B0BI,,,Sebastian Baez,R,170.0,ARG,23.833,26.0,1690.0,6-4 6-7(6) 7-5,3,R64,148.0,12.0,2.0,108.0,56.0,44.0,28.0,17.0,2.0,4.0,1.0,1.0,95.0,60.0,44.0,19.0,17.0,5.0,9.0
2024-352,Paris Masters,Hard,56,M,I,20241028,9,BK92,,,Alexander Bublik,R,196.0,KAZ,27.365,33.0,1460.0,F510,,Q,Fabio Fognini,R,178.0,ITA,37.432,79.0,721.0,7-5 7-5,3,R64,88.0,15.0,7.0,70.0,40.0,35.0,15.0,12.0,2.0,3.0,3.0,3.0,68.0,39.0,25.0,16.0,12.0,2.0,5.0
2024-352,Paris Masters,Hard,56,M,I,20241028,10,TE51,10.0,,Stefanos Tsitsipas,R,193.0,GRE,26.212,11.0,3325.0,CF59,,LL,Roberto Carballes Baena,R,183.0,ESP,31.6,54.0,980.0,4-6 6-3 6-3,3,R64,119.0,11.0,4.0,79.0,45.0,36.0,17.0,14.0,4.0,6.0,4.0,2.0,79.0,52.0,35.0,16.0,14.0,6.0,10.0
2024-352,Paris Masters,Hard,56,M,I,20241028,11,J551,,,Nicolas Jarry,R,201.0,CHI,29.049,37.0,1365.0,SU87,,Q,Lorenzo Sonego,R,191.0,ITA,29.467,52.0,1022.0,7-6(4) 6-3,3,R64,100.0,7.0,2.0,73.0,46.0,35.0,20.0,11.0,8.0,8.0,9.0,1.0,53.0,35.0,29.0,12.0,10.0,1.0,2.0
2024-352,Paris Masters,Hard,56,M,I,20241028,12,TE30,,,Alejandro Tabilo,L,188.0,CHI,27.406,22.0,2043.0,BT72,,,Nuno Borges,R,185.0,POR,27.688,34.0,1446.0,3-6 7-6(5) 6-3,3,R64,130.0,10.0,6.0,111.0,64.0,48.0,21.0,16.0,5.0,7.0,9.0,2.0,93.0,59.0,46.0,15.0,14.0,1.0,2.0
2024-352,Paris Masters,Hard,56,M,I,20241028,13,ME82,,WC,Adrian Mannarino,L,180.0,FRA,36.331,58.0,929.0,PL56,11.0,,Tommy Paul,R,185.0,USA,27.45,12.0,3180.0,6-3 7-5,3,R64,102.0,4.0,0.0,58.0,41.0,27.0,10.0,10.0,2.0,4.0,5.0,1.0,69.0,39.0,26.0,10.0,11.0,6.0,11.0
2024-352,Paris Masters,Hard,56,M,I,20241028,14,SL28,,,Jan-Lennard Struff,R,193.0,GER,34.511,42.0,1265.0,M0EJ,16.0,,Lorenzo Musetti,R,185.0,ITA,22.656,16.0,2600.0,6-4 6-2,3,R64,76.0,9.0,4.0,72.0,45.0,37.0,6.0,9.0,3.0,4.0,5.0,2.0,52.0,36.0,21.0,7.0,9.0,1.0,5.0
2024-352,Paris Masters,Hard,56,M,I,20241028,15,M0QI,,,Alex Michelsen,R,193.0,USA,20.175,44.0,1220.0,HB71,12.0,,Hubert Hurkacz,R,196.0,POL,27.71,14.0,2810.0,6-1 6-3,3,R64,51.0,5.0,1.0,41.0,28.0,24.0,8.0,8.0,0.0,0.0,6.0,2.0,53.0,35.0,21.0,4.0,8.0,9.0,13.0
2024-352,Paris Masters,Hard,56,M,I,20241028,16,F0F1,,,Arthur Fils,R,185.0,FRA,20.378,20.0,2265.0,C977,,PR,Marin Cilic,R,198.0,CRO,36.082,201.0,288.0,7-6(5) 6-4,3,R64,94.0,8.0,3.0,63.0,34.0,31.0,12.0,11.0,2.0,4.0,7.0,2.0,64.0,34.0,22.0,17.0,11.0,0.0,3.0
2024-352,Paris Masters,Hard,56,M,I,20241028,17,P09Z,,,Alexei Popyrin,R,196.0,AUS,25.232,24.0,1775.0,BK40,,,Matteo Berrettini,R,196.0,ITA,28.545,36.0,1370.0,7-5 7-6(2),3,R64,116.0,11.0,2.0,86.0,53.0,42.0,18.0,12.0,5.0,6.0,7.0,1.0,80.0,52.0,35.0,17.0,12.0,11.0,13.0
2024-352,Paris Masters,Hard,56,M,I,20241028,18,M0GZ,,WC,Giovanni Mpetshi Perricard,R,203.0,FRA,21.309,31.0,1519.0,TD51,14.0,,Frances Tiafoe,R,188.0,USA,26.771,17.0,2585.0,6-7(5) 7-6(4) 6-3,3,R64,121.0,28.0,13.0,110.0,61.0,56.0,23.0,17.0,2.0,2.0,10.0,1.0,87.0,57.0,45.0,23.0,16.0,0.0,1.0
2024-352,Paris Masters,Hard,56,M,I,20241028,19,KE29,,,Karen Khachanov,R,198.0,RUS,28.438,21.0,2225.0,O483,,LL,Christopher O'Connell,R,183.0,AUS,30.404,71.0,755.0,6-4 3-6 7-6(6),3,R64,142.0,10.0,3.0,98.0,60.0,48.0,17.0,15.0,5.0,7.0,17.0,1.0,94.0,54.0,45.0,21.0,16.0,4.0,6.0
2024-352,Paris Masters,Hard,56,M,I,20241028,20,R0DG,13.0,,Holger Rune,R,188.0,DEN,21.5,13.0,3005.0,A0FC,,,Matteo Arnaldi,R,185.0,ITA,23.68,38.0,1335.0,6-4 6-4,3,R64,89.0,7.0,3.0,77.0,48.0,34.0,18.0,10.0,5.0,5.0,4.0,5.0,57.0,25.0,22.0,16.0,10.0,1.0,3.0
2024-352,Paris Masters,Hard,56,M,I,20241028,21,BU13,,LL,Zizou Bergs,R,185.0,BEL,25.405,65.0,833.0,G628,,WC,Richard Gasquet,R,183.0,FRA,38.363,133.0,452.0,6-3 6-4,3,R64,80.0,8.0,5.0,67.0,38.0,31.0,16.0,10.0,5.0,5.0,0.0,3.0,46.0,22.0,15.0,16.0,9.0,2.0,4.0
2024-352,Paris Masters,Hard,56,M,I,20241028,22,DH58,9.0,,Alex de Minaur,R,183.0,AUS,25.695,10.0,3725.0,N0BS,,,Mariano Navone,R,178.0,ARG,23.666,45.0,1188.0,7-5 6-1,3,R64,79.0,7.0,1.0,64.0,30.0,22.0,22.0,10.0,5.0,6.0,4.0,3.0,49.0,27.0,19.0,6.0,9.0,3.0,7.0
2024-352,Paris Masters,Hard,56,M,I,20241028,23,S0S1,,,Ben Shelton,L,193.0,USA,22.053,19.0,2330.0,MW02,,Q,Corentin Moutet,L,180.0,FRA,25.528,70.0,764.0,6-3 6-7(8) 6-3,3,R64,150.0,4.0,2.0,96.0,72.0,56.0,16.0,16.0,2.0,2.0,0.0,4.0,106.0,71.0,52.0,17.0,14.0,4.0,6.0
2024-352,Paris Masters,Hard,56,M,I,20241028,24,D0CO,,,Jack Draper,L,193.0,GBR,22.85,15.0,2800.0,L0BV,,,Jiri Lehecka,R,185.0,CZE,22.971,30.0,1560.0,7-5 6-2,3,R64,68.0,6.0,4.0,49.0,26.0,25.0,15.0,10.0,0.0,0.0,5.0,4.0,55.0,27.0,22.0,12.0,10.0,4.0,7.0
2024-352,Paris Masters,Hard,56,M,I,20241028,25,C0AU,,,Francisco Cerundolo,R,185.0,ARG,26.209,29.0,1570.0,RE44,6.0,,Andrey Rublev,R,188.0,RUS,27.023,7.0,4070.0,7-6(6) 7-6(5),3,R32,138.0,8.0,4.0,99.0,54.0,36.0,20.0,12.0,9.0,13.0,4.0,4.0,112.0,72.0,46.0,14.0,12.0,12.0,16.0
2024-352,Paris Masters,Hard,56,M,I,20241028,26,A0E2,2.0,,Carlos Alcaraz,R,183.0,ESP,21.484,2.0,7120.0,J551,,,Nicolas Jarry,R,201.0,CHI,29.049,37.0,1365.0,7-5 6-1,3,R32,90.0,9.0,0.0,60.0,42.0,32.0,9.0,10.0,5.0,6.0,6.0,1.0,58.0,34.0,22.0,10.0,9.0,1.0,5.0
2024-352,Paris Masters,Hard,56,M,I,20241028,27,TE51,10.0,,Stefanos Tsitsipas,R,193.0,GRE,26.212,11.0,3325.0,TE30,,,Alejandro Tabilo,L,188.0,CHI,27.406,22.0,2043.0,6-3 6-4,3,R32,66.0,7.0,5.0,61.0,36.0,27.0,14.0,10.0,3.0,4.0,3.0,3.0,48.0,30.0,21.0,9.0,9.0,1.0,4.0
2024-352,Paris Masters,Hard,56,M,I,20241028,28,TC61,,,Jordan Thompson,R,183.0,AUS,30.524,28.0,1571.0,RH16,7.0,,Casper Ruud,R,183.0,NOR,25.851,8.0,3855.0,7-6(3) 3-6 6-4,3,R32,153.0,10.0,1.0,99.0,50.0,37.0,26.0,16.0,2.0,6.0,7.0,5.0,86.0,49.0,36.0,19.0,15.0,1.0,4.0
2024-352,Paris Masters,Hard,56,M,I,20241028,29,D875,8.0,,Grigor Dimitrov,R,191.0,BUL,33.454,9.0,3740.0,EA24,,,Tomas Martin Etcheverry,R,196.0,ARG,25.281,40.0,1310.0,6-7(9) 6-3 7-5,3,R32,164.0,10.0,5.0,106.0,70.0,55.0,23.0,16.0,3.0,3.0,17.0,2.0,112.0,69.0,52.0,22.0,17.0,6.0,9.0
2024-352,Paris Masters,Hard,56,M,I,20241028,30,RC91,,WC,Arthur Rinderknech,R,196.0,FRA,29.268,60.0,872.0,M0QI,,,Alex Michelsen,R,193.0,USA,20.175,44.0,1220.0,7-6(6) 7-6(7),3,R32,134.0,4.0,3.0,92.0,58.0,41.0,17.0,12.0,3.0,5.0,2.0,3.0,94.0,51.0,37.0,20.0,12.0,5.0,7.0
2024-352,Paris Masters,Hard,56,M,I,20241028,31,P09Z,,,Alexei Popyrin,R,196.0,AUS,25.232,24.0,1775.0,MM58,4.0,,Daniil Medvedev,R,198.0,RUS,28.712,5.0,5230.0,6-4 2-6 7-6(4),3,R32,150.0,5.0,2.0,116.0,77.0,54.0,16.0,15.0,9.0,13.0,11.0,14.0,101.0,58.0,44.0,20.0,15.0,7.0,10.0
2024-352,Paris Masters,Hard,56,M,I,20241028,32,ME82,,WC,Adrian Mannarino,L,180.0,FRA,36.331,58.0,929.0,BU13,,LL,Zizou Bergs,R,185.0,BEL,25.405,65.0,833.0,3-6 6-2 6-4,3,R32,132.0,5.0,3.0,84.0,41.0,32.0,25.0,14.0,4.0,6.0,5.0,4.0,86.0,47.0,31.0,23.0,13.0,9.0,12.0
2024-352,Paris Masters,Hard,56,M,I,20241028,33,F0F1,,,Arthur Fils,R,185.0,FRA,20.378,20.0,2265.0,SL28,,,Jan-Lennard Struff,R,193.0,GER,34.511,42.0,1265.0,6-3 6-4,3,R32,93.0,11.0,3.0,81.0,51.0,39.0,14.0,10.0,8.0,8.0,10.0,4.0,66.0,35.0,29.0,12.0,9.0,2.0,4.0
2024-352,Paris Masters,Hard,56,M,I,20241028,34,HH26,15.0,,Ugo Humbert,L,188.0,FRA,26.341,18.0,2385.0,GC88,,Q,Marcos Giron,R,180.0,USA,31.264,49.0,1105.0,6-3 6-2,3,R32,59.0,9.0,0.0,48.0,31.0,24.0,10.0,9.0,0.0,1.0,3.0,3.0,48.0,29.0,20.0,3.0,8.0,1.0,5.0
2024-352,Paris Masters,Hard,56,M,I,20241028,35,R0DG,13.0,,Holger Rune,R,188.0,DEN,21.5,13.0,3005.0,BK92,,,Alexander Bublik,R,196.0,KAZ,27.365,33.0,1460.0,6-4 6-2,3,R32,71.0,3.0,1.0,53.0,35.0,29.0,10.0,9.0,2.0,2.0,9.0,10.0,68.0,45.0,32.0,8.0,9.0,4.0,7.0
2024-352,Paris Masters,Hard,56,M,I,20241028,36,KE29,,,Karen Khachanov,R,198.0,RUS,28.438,21.0,2225.0,M0GZ,,WC,Giovanni Mpetshi Perricard,R,203.0,FRA,21.309,31.0,1519.0,6-7(12) 6-1 6-4,3,R32,114.0,6.0,0.0,81.0,56.0,52.0,19.0,15.0,0.0,0.0,20.0,8.0,92.0,52.0,45.0,19.0,14.0,0.0,3.0
2024-352,Paris Masters,Hard,56,M,I,20241028,37,DH58,9.0,,Alex de Minaur,R,183.0,AUS,25.695,10.0,3725.0,KI95,,LL,Miomir Kecmanovic,R,183.0,SRB,25.161,55.0,965.0,6-4 7-6(5),3,R32,104.0,6.0,5.0,82.0,49.0,36.0,15.0,11.0,4.0,7.0,1.0,3.0,71.0,36.0,23.0,18.0,11.0,0.0,4.0
2024-352,Paris Masters,Hard,56,M,I,20241028,38,Z355,3.0,,Alexander Zverev,R,198.0,GER,27.524,3.0,6805.0,GJ37,,,Tallon Griekspoor,R,188.0,NED,28.323,39.0,1320.0,7-6(2) 6-3,3,R32,92.0,9.0,2.0,68.0,42.0,36.0,16.0,11.0,3.0,3.0,8.0,4.0,62.0,40.0,33.0,10.0,10.0,0.0,1.0
2024-352,Paris Masters,Hard,56,M,I,20241028,39,D0CO,,,Jack Draper,L,193.0,GBR,22.85,15.0,2800.0,FB98,5.0,,Taylor Fritz,R,196.0,USA,27.001,6.0,4335.0,7-6(6) 4-6 6-4,3,R32,142.0,14.0,3.0,90.0,52.0,40.0,23.0,16.0,0.0,2.0,8.0,4.0,120.0,63.0,43.0,34.0,16.0,8.0,10.0
2024-352,Paris Masters,Hard,56,M,I,20241028,40,C0H0,,LL,Arthur Cazaux,R,183.0,FRA,22.182,85.0,678.0,S0S1,,,Ben Shelton,L,193.0,USA,22.053,19.0,2330.0,6-3 7-6(4),3,R32,81.0,9.0,0.0,60.0,40.0,36.0,14.0,11.0,1.0,1.0,5.0,1.0,54.0,41.0,33.0,8.0,10.0,0.0,1.0
2024-352,Paris Masters,Hard,56,M,I,20241028,41,TC61,,,Jordan Thompson,R,183.0,AUS,30.524,28.0,1571.0,ME82,,WC,Adrian Mannarino,L,180.0,FRA,36.331,58.0,929.0,7-5 7-6(5),3,R16,140.0,7.0,1.0,72.0,37.0,33.0,16.0,12.0,4.0,6.0,4.0,4.0,89.0,55.0,38.0,13.0,12.0,2.0,5.0
2024-352,Paris Masters,Hard,56,M,I,20241028,42,TE51,10.0,,Stefanos Tsitsipas,R,193.0,GRE,26.212,11.0,3325.0,C0AU,,,Francisco Cerundolo,R,185.0,ARG,26.209,29.0,1570.0,6-7(1) 6-4 6-2,3,R16,141.0,9.0,3.0,92.0,58.0,49.0,17.0,15.0,3.0,3.0,3.0,2.0,101.0,55.0,40.0,24.0,15.0,8.0,11.0
2024-352,Paris Masters,Hard,56,M,I,20241028,43,KE29,,,Karen Khachanov,R,198.0,RUS,28.438,21.0,2225.0,P09Z,,,Alexei Popyrin,R,196.0,AUS,25.232,24.0,1775.0,7-6(5) 6-4,3,R16,116.0,10.0,2.0,68.0,51.0,38.0,11.0,11.0,3.0,5.0,10.0,2.0,89.0,52.0,38.0,16.0,11.0,8.0,11.0
2024-352,Paris Masters,Hard,56,M,I,20241028,44,Z355,3.0,,Alexander Zverev,R,198.0,GER,27.524,3.0,6805.0,F0F1,,,Arthur Fils,R,185.0,FRA,20.378,20.0,2265.0,6-4 3-6 6-3,3,R16,129.0,16.0,2.0,86.0,58.0,43.0,16.0,14.0,4.0,5.0,9.0,6.0,89.0,52.0,46.0,13.0,14.0,4.0,6.0
2024-352,Paris Masters,Hard,56,M,I,20241028,45,DH58,9.0,,Alex de Minaur,R,183.0,AUS,25.695,10.0,3725.0,D0CO,,,Jack Draper,L,193.0,GBR,22.85,15.0,2800.0,5-7 6-2 6-3,3,R16,125.0,4.0,1.0,79.0,39.0,30.0,20.0,14.0,1.0,4.0,10.0,5.0,85.0,46.0,31.0,15.0,15.0,3.0,9.0
2024-352,Paris Masters,Hard,56,M,I,20241028,46,HH26,15.0,,Ugo Humbert,L,188.0,FRA,26.341,18.0,2385.0,A0E2,2.0,,Carlos Alcaraz,R,183.0,ESP,21.484,2.0,7120.0,6-1 3-6 7-5,3,R16,136.0,8.0,3.0,96.0,54.0,39.0,25.0,14.0,3.0,4.0,7.0,5.0,75.0,46.0,38.0,12.0,14.0,3.0,6.0
2024-352,Paris Masters,Hard,56,M,I,20241028,47,R0DG,13.0,,Holger Rune,R,188.0,DEN,21.5,13.0,3005.0,C0H0,,LL,Arthur Cazaux,R,183.0,FRA,22.182,85.0,678.0,3-6 6-3 6-4,3,R16,125.0,14.0,5.0,84.0,55.0,40.0,16.0,14.0,2.0,4.0,9.0,1.0,83.0,53.0,37.0,16.0,14.0,2.0,5.0
2024-352,Paris Masters,Hard,56,M,I,20241028,48,D875,8.0,,Grigor Dimitrov,R,191.0,BUL,33.454,9.0,3740.0,RC91,,WC,Arthur Rinderknech,R,196.0,FRA,29.268,60.0,872.0,6-2 4-6 7-6(5),3,R16,123.0,17.0,1.0,79.0,51.0,47.0,18.0,15.0,0.0,1.0,13.0,0.0,93.0,62.0,46.0,19.0,15.0,2.0,4.0
2024-352,Paris Masters,Hard,56,M,I,20241028,49,Z355,3.0,,Alexander Zverev,R,198.0,GER,27.524,3.0,6805.0,TE51,10.0,,Stefanos Tsitsipas,R,193.0,GRE,26.212,11.0,3325.0,7-5 6-4,3,QF,101.0,9.0,2.0,61.0,43.0,34.0,13.0,11.0,1.0,1.0,3.0,2.0,70.0,34.0,24.0,22.0,11.0,5.0,7.0
2024-352,Paris Masters,Hard,56,M,I,20241028,50,R0DG,13.0,,Holger Rune,R,188.0,DEN,21.5,13.0,3005.0,DH58,9.0,,Alex de Minaur,R,183.0,AUS,25.695,10.0,3725.0,6-4 4-6 7-5,3,QF,146.0,5.0,1.0,87.0,58.0,46.0,15.0,16.0,2.0,4.0,5.0,5.0,94.0,44.0,34.0,27.0,16.0,6.0,9.0
2024-352,Paris Masters,Hard,56,M,I,20241028,51,HH26,15.0,,Ugo Humbert,L,188.0,FRA,26.341,18.0,2385.0,TC61,,,Jordan Thompson,R,183.0,AUS,30.524,28.0,1571.0,6-2 7-6(4),3,QF,96.0,8.0,2.0,61.0,43.0,34.0,10.0,10.0,1.0,2.0,4.0,0.0,58.0,35.0,25.0,10.0,10.0,4.0,7.0
2024-352,Paris Masters,Hard,56,M,I,20241028,52,KE29,,,Karen Khachanov,R,198.0,RUS,28.438,21.0,2225.0,D875,8.0,,Grigor Dimitrov,R,191.0,BUL,33.454,9.0,3740.0,6-2 6-3,3,QF,68.0,6.0,0.0,45.0,34.0,27.0,7.0,8.0,0.0,0.0,4.0,2.0,50.0,24.0,21.0,6.0,9.0,2.0,6.0
2024-352,Paris Masters,Hard,56,M,I,20241028,53,Z355,3.0,,Alexander Zverev,R,198.0,GER,27.524,3.0,6805.0,R0DG,13.0,,Holger Rune,R,188.0,DEN,21.5,13.0,3005.0,6-3 7-6(4),3,SF,106.0,9.0,3.0,67.0,45.0,37.0,13.0,11.0,2.0,3.0,9.0,2.0,75.0,46.0,33.0,14.0,10.0,3.0,5.0
2024-352,Paris Masters,Hard,56,M,I,20241028,54,HH26,15.0,,Ugo Humbert,L,188.0,FRA,26.341,18.0,2385.0,KE29,,,Karen Khachanov,R,198.0,RUS,28.438,21.0,2225.0,6-7(6) 6-4 6-3,3,SF,165.0,9.0,4.0,98.0,65.0,45.0,18.0,15.0,2.0,4.0,11.0,1.0,100.0,65.0,44.0,14.0,16.0,5.0,10.0
2024-352,Paris Masters,Hard,56,M,I,20241028,55,Z355,3.0,,Alexander Zverev,R,198.0,GER,27.524,3.0,6805.0,HH26,15.0,,Ugo Humbert,L,188.0,FRA,26.341,18.0,2385.0,6-2 6-2,3,F,75.0,4.0,0.0,37.0,23.0,21.0,11.0,8.0,0.0,0.0,3.0,4.0,52.0,27.0,17.0,9.0,8.0,2.0,6.0
2024-4787,Belgrade,Hard,28,250,I,20241103,1,M0CI,,,Fabian Marozsan,R,193.0,HUN,25.073,59.0,930.0,S0RE,,,Juncheng Shang,L,180.0,CHN,19.751,50.0,1115.0,2-6 7-6(5) 7-5,3,R32,127.0,6.0,1.0,116.0,82.0,53.0,18.0,16.0,5.0,8.0,5.0,2.0,90.0,58.0,47.0,15.0,16.0,1.0,3.0
2024-4787,Belgrade,Hard,28,250,I,20241103,2,M0JF,,WC,Hamad Medjedovic,R,188.0,SRB,21.298,156.0,378.0,N0AE,6.0,,Brandon Nakashima,R,188.0,USA,23.253,37.0,1350.0,3-6 7-5 6-3,3,R32,119.0,16.0,3.0,81.0,59.0,46.0,14.0,15.0,2.0,3.0,14.0,0.0,93.0,69.0,49.0,13.0,15.0,3.0,5.0
2024-4787,Belgrade,Hard,28,250,I,20241103,3,AE14,,,Daniel Altmaier,R,188.0,GER,26.144,93.0,625.0,D0FJ,8.0,,Luciano Darderi,R,183.0,ITA,22.719,43.0,1248.0,7-6(1) 6-3,3,R32,76.0,10.0,1.0,60.0,43.0,35.0,12.0,11.0,0.0,0.0,2.0,0.0,52.0,29.0,21.0,15.0,10.0,0.0,1.0
2024-4787,Belgrade,Hard,28,250,I,20241103,4,C977,,PR,Marin Cilic,R,198.0,CRO,36.099,196.0,298.0,MP20,,,Alexandre Muller,R,183.0,FRA,27.754,68.0,790.0,7-6(2) 6-3,3,R32,93.0,11.0,2.0,65.0,40.0,31.0,14.0,10.0,2.0,3.0,1.0,2.0,70.0,47.0,31.0,11.0,11.0,5.0,8.0
2024-4787,Belgrade,Hard,28,250,I,20241103,5,EA24,7.0,,Tomas Martin Etcheverry,R,196.0,ARG,25.298,39.0,1315.0,K09F,,,Pavel Kotov,R,191.0,RUS,25.96,75.0,745.0,6-3 6-4,3,R32,84.0,5.0,1.0,58.0,46.0,37.0,6.0,10.0,4.0,4.0,3.0,3.0,56.0,40.0,26.0,7.0,9.0,5.0,7.0
2024-4787,Belgrade,Hard,28,250,I,20241103,6,K0AZ,,,Aleksandar Kovacevic,R,183.0,USA,26.182,101.0,607.0,D0HJ,,Q,Branko Djuric,R,188.0,SRB,19.729,781.0,30.0,6-2 6-2,3,R32,62.0,11.0,1.0,38.0,26.0,22.0,10.0,8.0,0.0,0.0,9.0,2.0,53.0,32.0,20.0,8.0,8.0,3.0,7.0
2024-4787,Belgrade,Hard,28,250,I,20241103,7,KI63,,Q,Lukas Klein,R,193.0,SVK,26.62,153.0,380.0,D994,,,James Duckworth,R,183.0,AUS,32.786,77.0,731.0,6-4 6-2,3,R32,77.0,5.0,2.0,45.0,27.0,19.0,11.0,9.0,2.0,4.0,4.0,3.0,73.0,44.0,27.0,7.0,9.0,16.0,21.0
2024-4787,Belgrade,Hard,28,250,I,20241103,8,L987,,,Dusan Lajovic,R,183.0,SRB,34.346,86.0,685.0,N0BS,9.0,,Mariano Navone,R,178.0,ARG,23.682,45.0,1198.0,6-0 7-6(3),3,R32,84.0,5.0,0.0,60.0,38.0,29.0,14.0,9.0,4.0,4.0,2.0,2.0,62.0,36.0,23.0,12.0,9.0,4.0,7.0
2024-4787,Belgrade,Hard,28,250,I,20241103,9,SU55,,Q,Denis Shapovalov,L,185.0,CAN,25.555,78.0,718.0,F724,,Q,Marton Fucsovics,R,188.0,HUN,32.736,91.0,629.0,6-7(6) 7-5 6-1,3,R32,156.0,8.0,9.0,116.0,72.0,52.0,20.0,15.0,6.0,7.0,4.0,1.0,99.0,70.0,45.0,16.0,16.0,3.0,8.0
2024-4787,Belgrade,Hard,28,250,I,20241104,10,O483,,,Christopher O'Connell,R,183.0,AUS,30.423,71.0,765.0,KI95,,,Miomir Kecmanovic,R,183.0,SRB,25.18,53.0,1021.0,6-1 6-1,3,R32,62.0,8.0,2.0,47.0,30.0,25.0,8.0,7.0,5.0,5.0,0.0,0.0,50.0,29.0,16.0,6.0,7.0,5.0,10.0
2024-4787,Belgrade,Hard,28,250,I,20241103,11,SX50,,,Roman Safiullin,R,185.0,RUS,27.242,60.0,898.0,F510,,,Fabio Fognini,R,178.0,ITA,37.448,74.0,745.0,6-3 6-3,3,R32,74.0,9.0,2.0,47.0,29.0,28.0,7.0,9.0,0.0,1.0,2.0,0.0,59.0,35.0,21.0,10.0,9.0,3.0,7.0
2024-4787,Belgrade,Hard,28,250,I,20241103,12,DB63,,WC,Laslo Djere,R,188.0,SRB,29.424,141.0,419.0,W367,,WC,Stan Wawrinka,R,183.0,SUI,39.603,148.0,391.0,6-4 6-4,3,R32,83.0,10.0,0.0,56.0,41.0,32.0,10.0,10.0,3.0,3.0,10.0,0.0,74.0,47.0,34.0,10.0,10.0,6.0,8.0
2024-4787,Belgrade,Hard,28,250,I,20241103,13,M0JF,,WC,Hamad Medjedovic,R,188.0,SRB,21.298,156.0,378.0,K0AZ,,,Aleksandar Kovacevic,R,183.0,USA,26.182,101.0,607.0,7-6(5) 6-4,3,R16,80.0,10.0,1.0,57.0,46.0,39.0,9.0,11.0,0.0,0.0,16.0,2.0,69.0,52.0,40.0,8.0,11.0,1.0,2.0
2024-4787,Belgrade,Hard,28,250,I,20241103,14,KI63,,Q,Lukas Klein,R,193.0,SVK,26.62,153.0,380.0,EA24,7.0,,Tomas Martin Etcheverry,R,196.0,ARG,25.298,39.0,1315.0,6-4 7-6(6),3,R16,106.0,7.0,2.0,66.0,47.0,35.0,13.0,11.0,0.0,1.0,8.0,1.0,83.0,56.0,38.0,13.0,11.0,5.0,7.0
2024-4787,Belgrade,Hard,28,250,I,20241103,15,L0BV,4.0,,Jiri Lehecka,R,185.0,CZE,22.987,31.0,1560.0,C977,,PR,Marin Cilic,R,198.0,CRO,36.099,196.0,298.0,6-4 7-6(4),3,R16,103.0,5.0,0.0,60.0,37.0,33.0,16.0,11.0,0.0,0.0,15.0,2.0,77.0,47.0,40.0,12.0,11.0,4.0,5.0
2024-4787,Belgrade,Hard,28,250,I,20241103,16,C0AU,3.0,,Francisco Cerundolo,R,185.0,ARG,26.226,29.0,1580.0,SX50,,,Roman Safiullin,R,185.0,RUS,27.242,60.0,898.0,6-4 6-4,3,R16,91.0,6.0,1.0,59.0,33.0,28.0,13.0,10.0,2.0,2.0,4.0,1.0,63.0,42.0,29.0,11.0,10.0,2.0,4.0
2024-4787,Belgrade,Hard,28,250,I,20241104,17,O483,,,Christopher O'Connell,R,183.0,AUS,30.423,71.0,765.0,AE14,,,Daniel Altmaier,R,188.0,GER,26.146,93.0,625.0,6-3 6-1,3,R16,78.0,2.0,0.0,50.0,30.0,24.0,13.0,8.0,1.0,1.0,5.0,1.0,65.0,36.0,22.0,10.0,8.0,7.0,11.0
2024-4787,Belgrade,Hard,28,250,I,20241103,18,SU55,,Q,Denis Shapovalov,L,185.0,CAN,25.555,78.0,718.0,BT72,5.0,,Nuno Borges,R,185.0,POR,27.704,33.0,1446.0,6-2 6-4,3,R16,64.0,9.0,4.0,47.0,34.0,31.0,7.0,9.0,1.0,1.0,1.0,2.0,52.0,37.0,21.0,8.0,9.0,2.0,5.0
2024-4787,Belgrade,Hard,28,250,I,20241103,19,M0CI,,,Fabian Marozsan,R,193.0,HUN,25.073,59.0,930.0,L987,,,Dusan Lajovic,R,183.0,SRB,34.346,86.0,685.0,6-3 7-5,3,R16,73.0,6.0,1.0,60.0,51.0,39.0,6.0,11.0,0.0,0.0,9.0,2.0,65.0,49.0,35.0,6.0,10.0,3.0,5.0
2024-4787,Belgrade,Hard,28,250,I,20241103,20,DB63,,WC,Laslo Djere,R,188.0,SRB,29.424,141.0,419.0,A0CJ,,LL,Duje Ajdukovic,R,188.0,CRO,23.743,115.0,506.0,6-1 7-6(8),3,R16,85.0,12.0,2.0,66.0,41.0,32.0,13.0,10.0,1.0,2.0,5.0,0.0,59.0,39.0,26.0,10.0,9.0,4.0,7.0
2024-4787,Belgrade,Hard,28,250,I,20241103,21,L0BV,4.0,,Jiri Lehecka,R,185.0,CZE,22.987,31.0,1560.0,KI63,,Q,Lukas Klein,R,193.0,SVK,26.62,153.0,380.0,3-6 7-6(3) 6-3,3,QF,120.0,11.0,2.0,99.0,63.0,49.0,16.0,16.0,3.0,6.0,12.0,1.0,96.0,70.0,48.0,13.0,14.0,8.0,10.0
2024-4787,Belgrade,Hard,28,250,I,20241104,22,SU55,,Q,Denis Shapovalov,L,185.0,CAN,25.558,78.0,718.0,O483,,,Christopher O'Connell,R,183.0,AUS,30.423,71.0,765.0,6-2 6-2,3,QF,71.0,12.0,2.0,43.0,32.0,29.0,5.0,8.0,2.0,2.0,2.0,1.0,62.0,42.0,23.0,9.0,8.0,2.0,6.0
2024-4787,Belgrade,Hard,28,250,I,20241103,23,DB63,,WC,Laslo Djere,R,188.0,SRB,29.424,141.0,419.0,M0CI,,,Fabian Marozsan,R,193.0,HUN,25.073,59.0,930.0,6-4 6-2,3,QF,68.0,12.0,1.0,53.0,36.0,29.0,10.0,9.0,1.0,1.0,2.0,0.0,58.0,46.0,31.0,4.0,9.0,4.0,7.0
2024-4787,Belgrade,Hard,28,250,I,20241103,24,M0JF,,WC,Hamad Medjedovic,R,188.0,SRB,21.298,156.0,378.0,C0AU,3.0,,Francisco Cerundolo,R,185.0,ARG,26.226,29.0,1580.0,6-4 6-2,3,QF,73.0,5.0,1.0,44.0,29.0,23.0,11.0,9.0,3.0,4.0,1.0,4.0,58.0,34.0,21.0,10.0,9.0,6.0,10.0
2024-4787,Belgrade,Hard,28,250,I,20241103,25,SU55,,Q,Denis Shapovalov,L,185.0,CAN,25.555,78.0,718.0,L0BV,4.0,,Jiri Lehecka,R,185.0,CZE,22.987,31.0,1560.0,6-2 6-1,3,SF,56.0,4.0,4.0,38.0,26.0,25.0,7.0,8.0,0.0,0.0,3.0,2.0,51.0,33.0,20.0,3.0,7.0,7.0,11.0
2024-4787,Belgrade,Hard,28,250,I,20241103,26,M0JF,,WC,Hamad Medjedovic,R,188.0,SRB,21.298,156.0,378.0,DB63,,WC,Laslo Djere,R,188.0,SRB,29.424,141.0,419.0,6-2 3-6 7-6(2),3,SF,147.0,9.0,2.0,101.0,71.0,51.0,18.0,14.0,9.0,10.0,14.0,3.0,104.0,73.0,49.0,17.0,15.0,5.0,7.0
2024-4787,Belgrade,Hard,28,250,I,20241103,27,SU55,,Q,Denis Shapovalov,L,185.0,CAN,25.555,78.0,718.0,M0JF,,WC,Hamad Medjedovic,R,188.0,SRB,21.298,156.0,378.0,6-4 6-4,3,F,74.0,13.0,3.0,54.0,34.0,28.0,13.0,10.0,2.0,2.0,3.0,2.0,61.0,46.0,30.0,8.0,10.0,0.0,2.0
2024-341,Metz,Hard,28,250,I,20241103,1,MW02,,,Corentin Moutet,L,180.0,FRA,25.544,66.0,804.0,N897,,,Sumit Nagal,R,178.0,IND,27.217,83.0,697.0,7-5 4-0 RET,3,R32,97.0,1.0,1.0,65.0,44.0,26.0,13.0,8.0,4.0,6.0,3.0,2.0,66.0,43.0,20.0,11.0,8.0,9.0,14.0
2024-341,Metz,Hard,28,250,I,20241103,2,M0QI,8.0,,Alex Michelsen,R,193.0,USA,20.192,44.0,1245.0,M0G4,,WC,Harold Mayot,R,180.0,FRA,22.746,107.0,567.0,6-3 6-1,3,R32,76.0,7.0,2.0,68.0,47.0,35.0,9.0,8.0,9.0,9.0,2.0,1.0,49.0,23.0,11.0,15.0,8.0,1.0,5.0
2024-341,Metz,Hard,28,250,I,20241103,3,SU87,,,Lorenzo Sonego,R,191.0,ITA,29.484,51.0,1046.0,BK24,,LL,Gregoire Barrere,R,183.0,FRA,30.713,166.0,362.0,6-4 7-5,3,R32,95.0,7.0,0.0,61.0,45.0,32.0,10.0,11.0,4.0,5.0,3.0,0.0,71.0,53.0,31.0,11.0,11.0,3.0,6.0
2024-341,Metz,Hard,28,250,I,20241104,4,SL28,7.0,,Jan-Lennard Struff,R,193.0,GER,34.53,40.0,1290.0,S0H2,,,Alexander Shevchenko,R,188.0,KAZ,23.932,64.0,840.0,3-6 6-4 6-4,3,R32,101.0,10.0,3.0,82.0,57.0,44.0,11.0,15.0,5.0,8.0,8.0,7.0,106.0,54.0,37.0,26.0,14.0,6.0,9.0
2024-341,Metz,Hard,28,250,I,20241104,5,H996,,LL,Pierre-Hugues Herbert,R,188.0,FRA,33.634,127.0,471.0,MO44,6.0,,Pedro Martinez,R,185.0,ESP,27.526,42.0,1270.0,6-3 3-6 7-6(4),3,R32,151.0,12.0,5.0,97.0,61.0,46.0,12.0,15.0,5.0,9.0,4.0,5.0,106.0,82.0,51.0,10.0,15.0,10.0,14.0
2024-341,Metz,Hard,28,250,I,20241103,6,HB64,,Q,Quentin Halys,R,191.0,FRA,28.022,84.0,693.0,P0K5,,LL,Theo Papamalamis,R,183.0,FRA,18.817,721.0,37.0,6-3 6-1,3,R32,64.0,3.0,0.0,37.0,21.0,20.0,12.0,8.0,0.0,0.0,1.0,2.0,58.0,27.0,13.0,14.0,8.0,6.0,10.0
2024-341,Metz,Hard,28,250,I,20241103,7,G628,,WC,Richard Gasquet,R,183.0,FRA,38.379,133.0,445.0,MJ08,,,Thiago Monteiro,L,183.0,BRA,30.428,100.0,609.0,4-6 6-4 7-6(6),3,R32,139.0,14.0,4.0,90.0,55.0,49.0,20.0,16.0,1.0,2.0,10.0,2.0,97.0,63.0,52.0,18.0,16.0,2.0,3.0
2024-341,Metz,Hard,28,250,I,20241103,8,N771,,,Cameron Norrie,L,188.0,GBR,29.199,57.0,962.0,CF59,,,Roberto Carballes Baena,R,183.0,ESP,31.617,56.0,981.0,3-6 6-4 6-3,3,R32,136.0,9.0,2.0,112.0,81.0,49.0,16.0,14.0,12.0,15.0,4.0,1.0,79.0,58.0,38.0,10.0,14.0,4.0,8.0
2024-341,Metz,Hard,28,250,I,20241103,9,BU13,,,Zizou Bergs,R,185.0,BEL,25.421,61.0,886.0,GH33,,LL,Manuel Guinard,R,198.0,FRA,28.969,264.0,204.0,6-4 6-4,3,R32,82.0,4.0,2.0,56.0,36.0,27.0,15.0,10.0,0.0,0.0,5.0,1.0,72.0,47.0,35.0,10.0,10.0,6.0,8.0
2024-341,Metz,Hard,28,250,I,20241103,10,G09O,,,Hugo Gaston,L,173.0,FRA,24.104,81.0,712.0,D0DW,,LL,Titouan Droguet,R,191.0,FRA,23.387,174.0,338.0,7-6(6) 4-6 6-3,3,R32,122.0,4.0,1.0,97.0,51.0,37.0,26.0,16.0,1.0,5.0,16.0,3.0,98.0,65.0,45.0,15.0,15.0,4.0,8.0
2024-341,Metz,Hard,28,250,I,20241104,11,Y09V,,,Yunchaokete Bu,R,185.0,CHN,22.793,72.0,749.0,ME82,,,Adrian Mannarino,L,180.0,FRA,36.35,54.0,1019.0,7-6(4) 6-4,3,R32,95.0,8.0,0.0,66.0,43.0,32.0,17.0,11.0,3.0,3.0,9.0,0.0,63.0,37.0,28.0,15.0,11.0,0.0,1.0
2024-341,Metz,Hard,28,250,I,20241103,12,BM95,,Q,Benjamin Bonzi,R,183.0,FRA,28.402,124.0,473.0,BD06,,,Roberto Bautista Agut,R,183.0,ESP,36.556,47.0,1151.0,7-6(3) 6-3,3,R32,98.0,9.0,3.0,68.0,43.0,35.0,12.0,11.0,0.0,2.0,3.0,2.0,74.0,54.0,34.0,10.0,10.0,5.0,8.0
2024-341,Metz,Hard,28,250,I,20241103,13,RE44,1.0,,Andrey Rublev,R,188.0,RUS,27.039,9.0,3720.0,SU87,,,Lorenzo Sonego,R,191.0,ITA,29.484,51.0,1046.0,7-6(3) 7-5,3,R16,112.0,6.0,1.0,82.0,50.0,38.0,20.0,12.0,5.0,5.0,12.0,0.0,84.0,63.0,44.0,10.0,12.0,5.0,6.0
2024-341,Metz,Hard,28,250,I,20241103,14,M0QI,8.0,,Alex Michelsen,R,193.0,USA,20.192,44.0,1245.0,G628,,WC,Richard Gasquet,R,183.0,FRA,38.379,133.0,445.0,6-7(4) 7-6(3) 7-6(8),3,R16,164.0,13.0,2.0,124.0,98.0,71.0,14.0,18.0,2.0,3.0,4.0,3.0,125.0,74.0,57.0,26.0,18.0,5.0,6.0
2024-341,Metz,Hard,28,250,I,20241104,15,MW02,,,Corentin Moutet,L,180.0,FRA,25.547,66.0,804.0,SL28,7.0,,Jan-Lennard Struff,R,193.0,GER,34.53,40.0,1290.0,7-6(2) 5-7 6-3,3,R16,154.0,4.0,2.0,106.0,78.0,57.0,11.0,17.0,6.0,9.0,9.0,4.0,115.0,66.0,45.0,28.0,16.0,11.0,14.0
2024-341,Metz,Hard,28,250,I,20241104,16,HB64,,Q,Quentin Halys,R,191.0,FRA,28.025,84.0,693.0,H996,,LL,Pierre-Hugues Herbert,R,188.0,FRA,33.634,127.0,471.0,6-1 4-6 6-4,3,R16,128.0,10.0,7.0,100.0,57.0,45.0,19.0,14.0,6.0,7.0,11.0,3.0,93.0,64.0,45.0,14.0,13.0,2.0,5.0
2024-341,Metz,Hard,28,250,I,20241103,17,BU13,,,Zizou Bergs,R,185.0,BEL,25.421,61.0,886.0,G09O,,,Hugo Gaston,L,173.0,FRA,24.104,81.0,712.0,6-4 7-5,3,R16,78.0,3.0,1.0,55.0,30.0,24.0,17.0,11.0,0.0,1.0,1.0,2.0,64.0,41.0,30.0,9.0,11.0,1.0,4.0
2024-341,Metz,Hard,28,250,I,20241103,18,N771,,,Cameron Norrie,L,188.0,GBR,29.199,57.0,962.0,V0DZ,,LL,Luca Van Assche,R,178.0,FRA,20.482,112.0,509.0,6-3 3-6 6-1,3,R16,112.0,5.0,2.0,75.0,53.0,39.0,15.0,13.0,3.0,4.0,6.0,3.0,77.0,51.0,36.0,10.0,12.0,3.0,6.0
2024-341,Metz,Hard,28,250,I,20241103,19,BM95,,Q,Benjamin Bonzi,R,183.0,FRA,28.402,124.0,473.0,RH16,2.0,,Casper Ruud,R,183.0,NOR,25.867,7.0,3855.0,6-4 6-4,3,R16,77.0,7.0,0.0,55.0,39.0,33.0,9.0,10.0,1.0,1.0,6.0,4.0,62.0,44.0,30.0,9.0,10.0,3.0,5.0
2024-341,Metz,Hard,28,250,I,20241104,20,Y09V,,,Yunchaokete Bu,R,185.0,CHN,22.793,72.0,749.0,D0C1,,Q,Jesper de Jong,R,180.0,NED,24.43,109.0,541.0,6-4 7-6(1),3,R16,100.0,7.0,1.0,61.0,40.0,31.0,17.0,11.0,0.0,0.0,11.0,2.0,74.0,45.0,34.0,14.0,11.0,5.0,6.0
2024-341,Metz,Hard,28,250,I,20241103,21,MW02,,,Corentin Moutet,L,180.0,FRA,25.544,66.0,804.0,RE44,1.0,,Andrey Rublev,R,188.0,RUS,27.039,9.0,3720.0,W/O,3,QF,,,,,,,,,,,,,,,,,,,
2024-341,Metz,Hard,28,250,I,20241103,22,N771,,,Cameron Norrie,L,188.0,GBR,29.199,57.0,962.0,BU13,,,Zizou Bergs,R,185.0,BEL,25.421,61.0,886.0,6-3 6-7(6) 6-1,3,QF,128.0,3.0,1.0,90.0,63.0,47.0,16.0,15.0,3.0,4.0,5.0,2.0,81.0,61.0,40.0,11.0,13.0,4.0,8.0
2024-341,Metz,Hard,28,250,I,20241103,23,BM95,,Q,Benjamin Bonzi,R,183.0,FRA,28.402,124.0,473.0,HB64,,Q,Quentin Halys,R,191.0,FRA,28.022,84.0,693.0,6-3 7-6(1),3,QF,78.0,0.0,1.0,55.0,35.0,30.0,15.0,10.0,2.0,2.0,13.0,0.0,65.0,35.0,29.0,14.0,11.0,4.0,6.0
2024-341,Metz,Hard,28,250,I,20241104,24,M0QI,8.0,,Alex Michelsen,R,193.0,USA,20.194,44.0,1245.0,Y09V,,,Yunchaokete Bu,R,185.0,CHN,22.793,72.0,749.0,6-7(6) 6-2 6-4,3,QF,142.0,10.0,4.0,96.0,72.0,52.0,13.0,15.0,7.0,9.0,8.0,3.0,110.0,75.0,50.0,15.0,15.0,9.0,14.0
2024-341,Metz,Hard,28,250,I,20241103,25,N771,,,Cameron Norrie,L,188.0,GBR,29.199,57.0,962.0,MW02,,,Corentin Moutet,L,180.0,FRA,25.544,66.0,804.0,6-2 7-6(5),3,SF,92.0,3.0,0.0,65.0,49.0,30.0,12.0,10.0,2.0,4.0,0.0,0.0,56.0,42.0,24.0,6.0,10.0,1.0,5.0
2024-341,Metz,Hard,28,250,I,20241103,26,BM95,,Q,Benjamin Bonzi,R,183.0,FRA,28.402,124.0,473.0,M0QI,8.0,,Alex Michelsen,R,193.0,USA,20.192,44.0,1245.0,4-6 6-0 7-5,3,SF,121.0,9.0,0.0,81.0,57.0,37.0,16.0,14.0,7.0,10.0,2.0,2.0,104.0,71.0,40.0,15.0,14.0,8.0,14.0
2024-341,Metz,Hard,28,250,I,20241103,27,BM95,,Q,Benjamin Bonzi,R,183.0,FRA,28.402,124.0,473.0,N771,,,Cameron Norrie,L,188.0,GBR,29.199,57.0,962.0,7-6(6) 6-4,3,F,114.0,10.0,0.0,89.0,60.0,45.0,15.0,11.0,13.0,14.0,5.0,2.0,68.0,47.0,34.0,13.0,11.0,4.0,6.0
2024-605,ATP Tour Finals,Hard,8,F,I,20241111,1,S0AG,1.0,,Jannik Sinner,R,191.0,ITA,23.239,1.0,10330.0,MM58,4.0,,Daniil Medvedev,R,198.0,RUS,28.75,4.0,4830.0,6-3 6-4,3,RR,73.0,4.0,0.0,49.0,28.0,23.0,15.0,10.0,1.0,2.0,6.0,0.0,52.0,33.0,24.0,8.0,9.0,2.0,5.0
2024-605,ATP Tour Finals,Hard,8,F,I,20241111,2,S0AG,1.0,,Jannik Sinner,R,191.0,ITA,23.239,1.0,10330.0,FB98,5.0,,Taylor Fritz,R,196.0,USA,27.039,5.0,4300.0,6-4 6-4,3,RR,100.0,6.0,0.0,66.0,39.0,30.0,16.0,10.0,1.0,1.0,7.0,0.0,64.0,38.0,30.0,10.0,10.0,4.0,6.0
2024-605,ATP Tour Finals,Hard,8,F,I,20241111,3,S0AG,1.0,,Jannik Sinner,R,191.0,ITA,23.239,1.0,10330.0,DH58,7.0,,Alex de Minaur,R,183.0,AUS,25.733,9.0,3745.0,6-3 6-4,3,RR,85.0,8.0,1.0,49.0,32.0,26.0,13.0,10.0,0.0,1.0,3.0,2.0,55.0,36.0,24.0,7.0,9.0,4.0,7.0
2024-605,ATP Tour Finals,Hard,8,F,I,20241111,4,FB98,5.0,,Taylor Fritz,R,196.0,USA,27.039,5.0,4300.0,MM58,4.0,,Daniil Medvedev,R,198.0,RUS,28.75,4.0,4830.0,6-4 6-3,3,RR,80.0,9.0,0.0,58.0,40.0,34.0,10.0,10.0,3.0,3.0,8.0,8.0,60.0,38.0,30.0,6.0,9.0,2.0,4.0
2024-605,ATP Tour Finals,Hard,8,F,I,20241111,5,MM58,4.0,,Daniil Medvedev,R,198.0,RUS,28.75,4.0,4830.0,DH58,7.0,,Alex de Minaur,R,183.0,AUS,25.733,9.0,3745.0,6-2 6-4,3,RR,78.0,3.0,3.0,47.0,32.0,27.0,11.0,9.0,0.0,0.0,1.0,1.0,62.0,42.0,24.0,13.0,9.0,1.0,4.0
2024-605,ATP Tour Finals,Hard,8,F,I,20241111,6,FB98,5.0,,Taylor Fritz,R,196.0,USA,27.039,5.0,4300.0,DH58,7.0,,Alex de Minaur,R,183.0,AUS,25.733,9.0,3745.0,5-7 6-4 6-3,3,RR,128.0,6.0,1.0,97.0,62.0,52.0,16.0,16.0,4.0,6.0,6.0,3.0,75.0,44.0,37.0,15.0,15.0,3.0,6.0
2024-605,ATP Tour Finals,Hard,8,F,I,20241111,7,Z355,2.0,,Alexander Zverev,R,198.0,GER,27.562,2.0,7315.0,A0E2,3.0,,Carlos Alcaraz,R,183.0,ESP,21.522,3.0,6810.0,7-6(5) 6-4,3,RR,117.0,9.0,1.0,70.0,55.0,40.0,10.0,11.0,2.0,2.0,6.0,0.0,87.0,58.0,39.0,15.0,11.0,7.0,8.0
2024-605,ATP Tour Finals,Hard,8,F,I,20241111,8,Z355,2.0,,Alexander Zverev,R,198.0,GER,27.562,2.0,7315.0,RH16,6.0,,Casper Ruud,R,183.0,NOR,25.889,7.0,3855.0,7-6(3) 6-3,3,RR,86.0,11.0,1.0,61.0,47.0,41.0,9.0,11.0,0.0,0.0,3.0,0.0,56.0,45.0,33.0,7.0,10.0,0.0,1.0
2024-605,ATP Tour Finals,Hard,8,F,I,20241111,9,Z355,2.0,,Alexander Zverev,R,198.0,GER,27.562,2.0,7315.0,RE44,8.0,,Andrey Rublev,R,188.0,RUS,27.061,8.0,3760.0,6-4 6-4,3,RR,72.0,9.0,0.0,50.0,35.0,28.0,12.0,10.0,0.0,0.0,3.0,0.0,49.0,34.0,26.0,8.0,10.0,0.0,2.0
2024-605,ATP Tour Finals,Hard,8,F,I,20241111,10,RH16,6.0,,Casper Ruud,R,183.0,NOR,25.889,7.0,3855.0,A0E2,3.0,,Carlos Alcaraz,R,183.0,ESP,21.522,3.0,6810.0,6-1 7-5,3,RR,85.0,5.0,0.0,74.0,50.0,34.0,14.0,10.0,5.0,6.0,4.0,2.0,44.0,29.0,17.0,8.0,9.0,0.0,4.0
2024-605,ATP Tour Finals,Hard,8,F,I,20241111,11,A0E2,3.0,,Carlos Alcaraz,R,183.0,ESP,21.522,3.0,6810.0,RE44,8.0,,Andrey Rublev,R,188.0,RUS,27.061,8.0,3760.0,6-3 7-6(8),3,RR,96.0,10.0,3.0,63.0,44.0,37.0,12.0,10.0,0.0,0.0,7.0,1.0,76.0,53.0,40.0,12.0,11.0,2.0,4.0
2024-605,ATP Tour Finals,Hard,8,F,I,20241111,12,RH16,6.0,,Casper Ruud,R,183.0,NOR,25.889,7.0,3855.0,RE44,8.0,,Andrey Rublev,R,188.0,RUS,27.061,8.0,3760.0,6-4 5-7 6-2,3,RR,104.0,15.0,1.0,85.0,64.0,51.0,8.0,15.0,3.0,4.0,10.0,3.0,76.0,43.0,33.0,17.0,15.0,1.0,4.0
2024-605,ATP Tour Finals,Hard,8,F,I,20241111,13,S0AG,1.0,,Jannik Sinner,R,191.0,ITA,23.239,1.0,10330.0,RH16,6.0,,Casper Ruud,R,183.0,NOR,25.889,7.0,3855.0,6-1 6-2,3,SF,69.0,9.0,0.0,46.0,27.0,22.0,12.0,8.0,2.0,2.0,1.0,0.0,39.0,22.0,14.0,4.0,7.0,3.0,7.0
2024-605,ATP Tour Finals,Hard,8,F,I,20241111,14,FB98,5.0,,Taylor Fritz,R,196.0,USA,27.039,5.0,4300.0,Z355,2.0,,Alexander Zverev,R,198.0,GER,27.562,2.0,7315.0,6-3 3-6 7-6(3),3,SF,141.0,15.0,1.0,104.0,74.0,63.0,10.0,15.0,6.0,7.0,10.0,2.0,90.0,70.0,56.0,10.0,15.0,5.0,6.0
2024-605,ATP Tour Finals,Hard,8,F,I,20241111,15,S0AG,1.0,,Jannik Sinner,R,191.0,ITA,23.239,1.0,10330.0,FB98,5.0,,Taylor Fritz,R,196.0,USA,27.039,5.0,4300.0,6-4 6-4,3,F,84.0,14.0,0.0,56.0,40.0,33.0,10.0,10.0,1.0,1.0,8.0,2.0,61.0,46.0,32.0,9.0,10.0,4.0,6.0
2024-7696,Next Gen Finals,Hard,8,A,I,20241218,1,F0FV,8.0,,Joao Fonseca,R,188.0,BRA,18.327,145.0,409.0,T0HA,5.0,,Learner Tien,L,180.0,USA,19.044,122.0,493.0,2-4 4-3(8) 4-0 4-2 RET,5,F,87.0,8.0,0.0,63.0,41.0,34.0,15.0,11.0,2.0,3.0,4.0,1.0,72.0,51.0,33.0,10.0,11.0,6.0,9.0
2024-7696,Next Gen Finals,Hard,8,A,I,20241218,2,F0FV,8.0,,Joao Fonseca,R,188.0,BRA,18.327,145.0,409.0,V0DZ,6.0,,Luca Van Assche,R,178.0,FRA,20.605,128.0,471.0,4-2 4-2 4-1,5,SF,60.0,6.0,0.0,38.0,27.0,23.0,9.0,8.0,0.0,0.0,7.0,2.0,51.0,35.0,19.0,7.0,9.0,10.0,14.0
2024-7696,Next Gen Finals,Hard,8,A,I,20241218,3,T0HA,5.0,,Learner Tien,L,180.0,USA,19.044,122.0,493.0,M0QI,2.0,,Alex Michelsen,R,193.0,USA,20.315,41.0,1245.0,2-4 4-2 1-4 4-0 4-1,5,SF,95.0,5.0,3.0,67.0,41.0,31.0,16.0,13.0,2.0,4.0,7.0,0.0,73.0,55.0,38.0,7.0,13.0,5.0,9.0
2024-7696,Next Gen Finals,Hard,8,A,I,20241218,4,F0F1,1.0,,Arthur Fils,R,185.0,FRA,20.517,20.0,2355.0,M0NI,3.0,,Jakub Mensik,R,196.0,CZE,19.296,48.0,1136.0,4-2 4-3(4) 4-2 RET,5,RR,77.0,6.0,2.0,55.0,33.0,25.0,13.0,9.0,4.0,5.0,2.0,4.0,57.0,33.0,24.0,8.0,9.0,4.0,7.0
2024-7696,Next Gen Finals,Hard,8,A,I,20241218,5,T0HA,5.0,,Learner Tien,L,180.0,USA,19.044,122.0,493.0,F0F1,1.0,,Arthur Fils,R,185.0,FRA,20.517,20.0,2355.0,4-2 4-2 3-4(4) 4-3(5) RET,5,RR,102.0,6.0,1.0,80.0,53.0,43.0,12.0,12.0,3.0,3.0,9.0,3.0,77.0,49.0,40.0,9.0,12.0,4.0,6.0
2024-7696,Next Gen Finals,Hard,8,A,I,20241218,6,F0FV,8.0,,Joao Fonseca,R,188.0,BRA,18.327,145.0,409.0,F0F1,1.0,,Arthur Fils,R,185.0,FRA,20.517,20.0,2355.0,3-4(9) 4-2 4-1 1-4 4-1 RET,5,RR,110.0,7.0,3.0,84.0,56.0,41.0,18.0,14.0,3.0,5.0,12.0,6.0,84.0,45.0,34.0,22.0,13.0,7.0,11.0
2024-7696,Next Gen Finals,Hard,8,A,I,20241218,7,T0HA,5.0,,Learner Tien,L,180.0,USA,19.044,122.0,493.0,M0NI,3.0,,Jakub Mensik,R,196.0,CZE,19.296,48.0,1136.0,4-3(6) 4-3(3) 2-4 2-4 4-3(8) RET,5,RR,137.0,1.0,1.0,113.0,76.0,51.0,21.0,15.0,6.0,9.0,24.0,2.0,93.0,61.0,51.0,18.0,15.0,0.0,1.0
2024-7696,Next Gen Finals,Hard,8,A,I,20241218,8,F0FV,8.0,,Joao Fonseca,R,188.0,BRA,18.327,145.0,409.0,M0NI,3.0,,Jakub Mensik,R,196.0,CZE,19.296,48.0,1136.0,3-4(4) 4-3(8) 4-3(5) 3-4(4) 4-3(5) RET,5,RR,131.0,11.0,2.0,111.0,81.0,62.0,18.0,15.0,4.0,5.0,22.0,4.0,113.0,76.0,61.0,18.0,15.0,3.0,4.0
2024-7696,Next Gen Finals,Hard,8,A,I,20241218,9,F0FV,8.0,,Joao Fonseca,R,188.0,BRA,18.327,145.0,409.0,T0HA,5.0,,Learner Tien,L,180.0,USA,19.044,122.0,493.0,4-0 4-0 1-4 4-2 RET,5,RR,67.0,3.0,0.0,43.0,30.0,23.0,9.0,9.0,0.0,1.0,4.0,2.0,59.0,43.0,28.0,5.0,10.0,10.0,15.0
2024-7696,Next Gen Finals,Hard,8,A,I,20241218,10,M0QI,2.0,,Alex Michelsen,R,193.0,USA,20.315,41.0,1245.0,S0RE,4.0,,Juncheng Shang,L,180.0,CHN,19.874,50.0,1115.0,4-1 1-1 RET,5,RR,20.0,4.0,1.0,21.0,16.0,13.0,3.0,4.0,0.0,0.0,0.0,0.0,17.0,14.0,9.0,0.0,3.0,1.0,2.0
2024-7696,Next Gen Finals,Hard,8,A,I,20241218,11,M0QI,2.0,,Alex Michelsen,R,193.0,USA,20.315,41.0,1245.0,V0DZ,6.0,,Luca Van Assche,R,178.0,FRA,20.605,128.0,471.0,1-4 4-2 4-3(6) 4-3(5) RET,5,RR,102.0,6.0,0.0,81.0,55.0,39.0,14.0,12.0,3.0,6.0,4.0,3.0,71.0,48.0,31.0,15.0,11.0,1.0,3.0
2024-7696,Next Gen Finals,Hard,8,A,I,20241218,12,M0QI,2.0,,Alex Michelsen,R,193.0,USA,20.315,41.0,1245.0,B0NN,7.0,,Nishesh Basavareddy,R,180.0,USA,19.63,138.0,440.0,2-4 4-3(5) 4-3(4) 4-2 RET,5,RR,112.0,9.0,4.0,79.0,47.0,39.0,12.0,12.0,2.0,5.0,3.0,4.0,76.0,48.0,35.0,15.0,12.0,4.0,7.0
2024-7696,Next Gen Finals,Hard,8,A,I,20241218,13,V0DZ,6.0,,Luca Van Assche,R,178.0,FRA,20.605,128.0,471.0,S0RE,4.0,,Juncheng Shang,L,180.0,CHN,19.874,50.0,1115.0,4-3(3) 2-4 4-1 4-3(5) RET,5,RR,116.0,8.0,1.0,76.0,57.0,39.0,11.0,12.0,2.0,4.0,7.0,3.0,78.0,50.0,35.0,9.0,11.0,11.0,13.0
2024-7696,Next Gen Finals,Hard,8,A,I,20241218,14,B0NN,7.0,,Nishesh Basavareddy,R,180.0,USA,19.63,138.0,440.0,S0RE,4.0,,Juncheng Shang,L,180.0,CHN,19.874,50.0,1115.0,3-4(4) 4-2 4-2 4-1 RET,5,RR,93.0,14.0,2.0,64.0,45.0,35.0,9.0,11.0,5.0,6.0,6.0,3.0,78.0,44.0,27.0,18.0,12.0,6.0,11.0
2024-7696,Next Gen Finals,Hard,8,A,I,20241218,15,V0DZ,6.0,,Luca Van Assche,R,178.0,FRA,20.605,128.0,471.0,B0NN,7.0,,Nishesh Basavareddy,R,180.0,USA,19.63,138.0,440.0,3-4(2) 4-3(7) 4-2 4-2 RET,5,RR,120.0,11.0,3.0,73.0,45.0,39.0,14.0,12.0,2.0,3.0,3.0,3.0,86.0,50.0,35.0,14.0,12.0,11.0,14.0
2024-M-DC-2024-FLS-M-NED-ESP-01,Davis Cup Finals QF: NED vs ESP,Hard,2,D,I,20241119,1,V812,,,Botic van de Zandschulp,R,191.0,NED,29.128,80.0,712.0,N409,,,Rafael Nadal,L,185.0,ESP,38.464,154.0,380.0,6-4 6-4,3,RR,113.0,8.0,9.0,66.0,45.0,35.0,8.0,10.0,2.0,3.0,2.0,3.0,72.0,42.0,28.0,13.0,10.0,3.0,6.0
2024-M-DC-2024-FLS-M-NED-ESP-01,Davis Cup Finals QF: NED vs ESP,Hard,2,D,I,20241119,2,A0E2,,,Carlos Alcaraz,R,183.0,ESP,21.544,3.0,7010.0,GJ37,,,Tallon Griekspoor,R,188.0,NED,28.383,40.0,1280.0,7-6(0) 6-3,3,RR,85.0,11.0,1.0,51.0,29.0,28.0,16.0,11.0,0.0,1.0,11.0,1.0,64.0,41.0,30.0,9.0,10.0,3.0,5.0
2024-M-DC-2024-FLS-M-USA-AUS-01,Davis Cup Finals QF: USA vs AUS,Hard,2,D,I,20241121,1,KD46,,,Thanasi Kokkinakis,R,193.0,AUS,28.616,77.0,716.0,S0S1,,,Ben Shelton,L,193.0,USA,22.119,21.0,2330.0,6-1 4-6 7-6(14),3,RR,137.0,18.0,1.0,97.0,66.0,55.0,16.0,15.0,3.0,4.0,21.0,2.0,110.0,87.0,60.0,12.0,14.0,8.0,11.0
2024-M-DC-2024-FLS-M-USA-AUS-01,Davis Cup Finals QF: USA vs AUS,Hard,2,D,I,20241121,2,FB98,,,Taylor Fritz,R,196.0,USA,27.066,4.0,5100.0,DH58,,,Alex de Minaur,R,183.0,AUS,25.76,9.0,3745.0,6-3 6-4,3,RR,69.0,10.0,0.0,59.0,34.0,27.0,15.0,10.0,3.0,4.0,12.0,3.0,55.0,29.0,23.0,10.0,9.0,6.0,9.0
2024-M-DC-2024-FLS-M-GER-CAN-01,Davis Cup Finals QF: GER vs CAN,Hard,2,D,I,20241120,1,AE14,,,Daniel Altmaier,R,188.0,GER,26.19,88.0,640.0,D0F6,,,Gabriel Diallo,R,203.0,CAN,23.157,86.0,643.0,7-6(5) 6-4,3,RR,117.0,10.0,1.0,74.0,48.0,36.0,14.0,11.0,5.0,6.0,9.0,6.0,90.0,62.0,39.0,13.0,11.0,6.0,8.0
2024-M-DC-2024-FLS-M-GER-CAN-01,Davis Cup Finals QF: GER vs CAN,Hard,2,D,I,20241120,2,SL28,,,Jan-Lennard Struff,R,193.0,GER,34.574,43.0,1240.0,SU55,,,Denis Shapovalov,L,185.0,CAN,25.602,56.0,981.0,4-6 7-5 7-6(5),3,RR,127.0,8.0,4.0,109.0,66.0,51.0,22.0,17.0,6.0,8.0,27.0,13.0,106.0,58.0,52.0,23.0,17.0,6.0,8.0
2024-M-DC-2024-FLS-M-GER-NED-01,Davis Cup Finals SF: GER vs NED,Hard,2,D,I,20241122,1,V812,,,Botic van de Zandschulp,R,191.0,NED,29.136,80.0,712.0,AE14,,,Daniel Altmaier,R,188.0,GER,26.196,88.0,640.0,6-4 6-7(12) 6-3,3,RR,162.0,4.0,4.0,124.0,86.0,58.0,21.0,16.0,7.0,9.0,16.0,3.0,99.0,61.0,45.0,19.0,15.0,6.0,10.0
2024-M-DC-2024-FLS-M-GER-NED-01,Davis Cup Finals SF: GER vs NED,Hard,2,D,I,20241122,2,GJ37,,,Tallon Griekspoor,R,188.0,NED,28.392,40.0,1280.0,SL28,,,Jan-Lennard Struff,R,193.0,GER,34.579,43.0,1240.0,6-7(4) 7-5 6-4,3,RR,121.0,25.0,1.0,95.0,65.0,54.0,20.0,17.0,2.0,2.0,13.0,1.0,97.0,63.0,48.0,23.0,17.0,2.0,4.0
2024-M-DC-2024-FLS-M-ITA-ARG-01,Davis Cup Finals QF: ITA vs ARG,Hard,2,D,I,20241121,1,C0AU,,,Francisco Cerundolo,R,185.0,ARG,26.275,30.0,1620.0,M0EJ,,,Lorenzo Musetti,R,185.0,ITA,22.721,17.0,2600.0,6-4 6-1,3,RR,90.0,3.0,2.0,51.0,27.0,19.0,13.0,9.0,6.0,8.0,0.0,2.0,64.0,31.0,16.0,12.0,8.0,7.0,13.0
2024-M-DC-2024-FLS-M-ITA-ARG-01,Davis Cup Finals QF: ITA vs ARG,Hard,2,D,I,20241121,2,S0AG,,,Jannik Sinner,R,191.0,ITA,23.266,1.0,11830.0,B0BI,,,Sebastian Baez,R,170.0,ARG,23.899,27.0,1690.0,6-2 6-1,3,RR,72.0,7.0,2.0,58.0,31.0,22.0,17.0,8.0,4.0,4.0,1.0,0.0,49.0,35.0,16.0,5.0,7.0,5.0,9.0
2024-M-DC-2024-FLS-M-ITA-AUS-01,Davis Cup Finals SF: ITA vs AUS,Hard,2,D,I,20241123,1,BK40,,,Matteo Berrettini,R,196.0,ITA,28.616,35.0,1380.0,KD46,,,Thanasi Kokkinakis,R,193.0,AUS,28.621,77.0,716.0,6-7(6) 6-3 7-5,3,RR,163.0,14.0,0.0,103.0,76.0,62.0,14.0,17.0,1.0,2.0,12.0,4.0,102.0,60.0,47.0,20.0,16.0,7.0,10.0
2024-M-DC-2024-FLS-M-ITA-AUS-01,Davis Cup Finals SF: ITA vs AUS,Hard,2,D,I,20241123,2,S0AG,,,Jannik Sinner,R,191.0,ITA,23.272,1.0,11830.0,DH58,,,Alex de Minaur,R,183.0,AUS,25.766,9.0,3745.0,6-3 6-4,3,RR,88.0,4.0,0.0,57.0,37.0,30.0,9.0,10.0,0.0,1.0,5.0,1.0,59.0,34.0,21.0,12.0,9.0,3.0,6.0
2024-M-DC-2024-FLS-M-ITA-NED-01,Davis Cup Finals F: ITA vs NED,Hard,2,D,I,20241124,1,BK40,,,Matteo Berrettini,R,196.0,ITA,28.619,35.0,1380.0,V812,,,Botic van de Zandschulp,R,191.0,NED,29.142,80.0,712.0,6-4 6-2,3,RR,76.0,16.0,1.0,51.0,35.0,30.0,8.0,9.0,0.0,0.0,3.0,1.0,56.0,36.0,25.0,7.0,9.0,1.0,4.0
2024-M-DC-2024-FLS-M-ITA-NED-01,Davis Cup Finals F: ITA vs NED,Hard,2,D,I,20241124,2,S0AG,,,Jannik Sinner,R,191.0,ITA,23.274,1.0,11830.0,GJ37,,,Tallon Griekspoor,R,188.0,NED,28.397,40.0,1280.0,7-6(2) 6-2,3,RR,91.0,15.0,1.0,60.0,44.0,35.0,9.0,10.0,2.0,3.0,6.0,3.0,59.0,39.0,28.0,9.0,10.0,2.0,5.0
