tourney_id,tourney_name,surface,draw_size,tourney_level,indoor,tourney_date,match_num,winner_id,winner_seed,winner_entry,winner_name,winner_hand,winner_ht,winner_ioc,winner_age,winner_rank,winner_rank_points,loser_id,loser_seed,loser_entry,loser_name,loser_hand,loser_ht,loser_ioc,loser_age,loser_rank,loser_rank_points,score,best_of,round,minutes,w_ace,w_df,w_svpt,w_1stIn,w_1stWon,w_2ndWon,w_SvGms,w_bpSaved,w_bpFaced,l_ace,l_df,l_svpt,l_1stIn,l_1stWon,l_2ndWon,l_SvGms,l_bpSaved,l_bpFaced
2014-339,Brisbane,Hard,28,250,O,20131229,1,N289,,,Jarkko Nieminen,L,185.0,FIN,32.435,39.0,1090.0,D994,,WC,James Duckworth,R,183.0,AUS,21.938,136.0,425.0,6-2 6-3,3,R32,72.0,5.0,3.0,71.0,54.0,36.0,9.0,9.0,5.0,5.0,9.0,7.0,51.0,29.0,23.0,6.0,8.0,2.0,5.0
2014-339,Brisbane,Hard,28,250,O,20131229,2,D875,5.0,,Grigor Dimitrov,R,191.0,BUL,22.623,23.0,1520.0,H756,,,Robin Haase,R,191.0,NED,26.732,43.0,977.0,6-2 6-3,3,R32,58.0,6.0,1.0,43.0,23.0,21.0,15.0,9.0,0.0,0.0,2.0,1.0,56.0,39.0,24.0,8.0,8.0,5.0,8.0
2014-339,Brisbane,Hard,28,250,O,20131229,3,C977,,,Marin Cilic,R,198.0,CRO,25.251,37.0,1130.0,I165,,,Denis Istomin,R,185.0,UZB,27.31,45.0,965.0,6-7(3) 7-6(5) 6-4,3,R32,142.0,14.0,7.0,111.0,59.0,51.0,27.0,17.0,2.0,2.0,8.0,2.0,100.0,56.0,45.0,29.0,17.0,2.0,3.0
2014-339,Brisbane,Hard,28,250,O,20131229,4,E690,,,Matthew Ebden,R,188.0,AUS,26.092,68.0,706.0,K737,,LL,Alex Kuznetsov,R,183.0,USA,26.897,142.0,397.0,6-3 6-4,3,R32,73.0,5.0,7.0,61.0,40.0,32.0,6.0,10.0,1.0,3.0,4.0,1.0,56.0,43.0,24.0,7.0,9.0,6.0,10.0
2014-339,Brisbane,Hard,28,250,O,20131229,5,ME05,,,Marinko Matosevic,R,193.0,AUS,28.392,61.0,774.0,B747,,,Julien Benneteau,R,185.0,FRA,32.025,35.0,1160.0,5-7 6-4 7-6(4),3,R32,161.0,11.0,3.0,112.0,68.0,43.0,26.0,17.0,5.0,9.0,14.0,1.0,117.0,76.0,51.0,18.0,17.0,7.0,11.0
2014-339,Brisbane,Hard,28,250,O,20131229,6,Q927,,,Sam Querrey,R,198.0,USA,26.229,46.0,960.0,T315,7.0,,Dmitry Tursunov,R,185.0,RUS,31.047,29.0,1244.0,7-5 6-4,3,R32,77.0,18.0,1.0,58.0,40.0,36.0,7.0,11.0,2.0,3.0,4.0,0.0,63.0,40.0,26.0,12.0,11.0,6.0,9.0
2014-339,Brisbane,Hard,28,250,O,20131229,7,G940,,WC,Sam Groth,R,193.0,AUS,26.196,172.0,307.0,H940,,Q,Ryan Harrison,R,185.0,USA,21.645,100.0,549.0,7-6(3) 7-6(2),3,R32,95.0,23.0,2.0,70.0,51.0,46.0,10.0,12.0,1.0,1.0,5.0,4.0,86.0,59.0,43.0,15.0,12.0,4.0,4.0
2014-339,Brisbane,Hard,28,250,O,20131229,8,M873,,,Nicolas Mahut,R,191.0,FRA,31.937,50.0,918.0,SF36,,,Igor Sijsling,R,191.0,NED,26.366,70.0,697.0,3-6 6-4 6-4,3,R32,107.0,15.0,4.0,100.0,59.0,46.0,18.0,15.0,4.0,6.0,13.0,2.0,78.0,50.0,43.0,12.0,14.0,2.0,4.0
2014-339,Brisbane,Hard,28,250,O,20131229,9,CA12,8.0,,Jeremy Chardy,R,188.0,FRA,26.877,34.0,1175.0,ME82,,,Adrian Mannarino,L,180.0,FRA,25.5,59.0,784.0,7-6(4) 7-5,3,R32,109.0,10.0,2.0,76.0,50.0,34.0,15.0,12.0,4.0,7.0,4.0,3.0,88.0,54.0,31.0,17.0,12.0,5.0,9.0
2014-339,Brisbane,Hard,28,250,O,20131229,10,L397,6.0,,Feliciano Lopez,L,188.0,ESP,32.274,28.0,1310.0,K926,,,Mikhail Kukushkin,R,183.0,KAZ,26.01,67.0,721.0,6-4 6-4,3,R32,75.0,13.0,3.0,55.0,30.0,24.0,14.0,10.0,1.0,3.0,4.0,2.0,58.0,28.0,12.0,19.0,10.0,2.0,6.0
2014-339,Brisbane,Hard,28,250,O,20131229,11,H432,,,Lleyton Hewitt,R,178.0,AUS,32.843,60.0,780.0,KD46,,Q,Thanasi Kokkinakis,R,193.0,AUS,17.719,628.0,41.0,6-3 7-5,3,R32,101.0,4.0,1.0,62.0,32.0,27.0,16.0,10.0,3.0,4.0,8.0,5.0,76.0,45.0,29.0,15.0,11.0,11.0,15.0
2014-339,Brisbane,Hard,28,250,O,20131229,12,CA99,,Q,Marius Copil,R,191.0,ROU,23.201,147.0,369.0,SE73,,Q,Yuichi Sugita,R,175.0,JPN,25.279,170.0,310.0,7-6(5) 6-7(2) 7-6(7),3,R32,174.0,31.0,2.0,128.0,75.0,66.0,27.0,18.0,2.0,2.0,4.0,1.0,126.0,90.0,71.0,22.0,18.0,8.0,8.0
2014-339,Brisbane,Hard,28,250,O,20131229,13,F324,1.0,,Roger Federer,R,185.0,SUI,32.392,6.0,4205.0,N289,,,Jarkko Nieminen,L,185.0,FIN,32.435,39.0,1090.0,6-4 6-2,3,R16,68.0,9.0,0.0,56.0,34.0,27.0,14.0,9.0,4.0,4.0,1.0,4.0,63.0,35.0,21.0,14.0,9.0,1.0,4.0
2014-339,Brisbane,Hard,28,250,O,20131229,14,ME05,,,Marinko Matosevic,R,193.0,AUS,28.392,61.0,774.0,Q927,,,Sam Querrey,R,198.0,USA,26.229,46.0,960.0,5-7 7-6(3) 6-4,3,R16,139.0,4.0,3.0,112.0,64.0,46.0,26.0,17.0,9.0,12.0,19.0,2.0,101.0,59.0,45.0,23.0,17.0,3.0,6.0
2014-339,Brisbane,Hard,28,250,O,20131229,15,G940,,WC,Sam Groth,R,193.0,AUS,26.196,172.0,307.0,H996,,LL,Pierre-Hugues Herbert,R,188.0,FRA,22.784,151.0,344.0,4-6 7-6(3) 7-6(5),3,R16,146.0,18.0,7.0,113.0,62.0,49.0,27.0,17.0,5.0,8.0,8.0,6.0,110.0,68.0,51.0,22.0,17.0,3.0,5.0
2014-339,Brisbane,Hard,28,250,O,20131229,16,CA12,8.0,,Jeremy Chardy,R,188.0,FRA,26.877,34.0,1175.0,M873,,,Nicolas Mahut,R,191.0,FRA,31.937,50.0,918.0,7-5 6-7(4) 6-3,3,R16,122.0,10.0,3.0,85.0,45.0,39.0,26.0,17.0,1.0,3.0,12.0,6.0,102.0,53.0,39.0,23.0,16.0,4.0,8.0
2014-339,Brisbane,Hard,28,250,O,20131229,17,H432,,,Lleyton Hewitt,R,178.0,AUS,32.843,60.0,780.0,L397,6.0,,Feliciano Lopez,L,188.0,ESP,32.274,28.0,1310.0,7-5 6-3,3,R16,99.0,11.0,2.0,80.0,43.0,33.0,20.0,11.0,9.0,10.0,8.0,8.0,62.0,36.0,29.0,9.0,10.0,3.0,6.0
2014-339,Brisbane,Hard,28,250,O,20131229,18,CA99,,Q,Marius Copil,R,191.0,ROU,23.201,147.0,369.0,SD32,3.0,,Gilles Simon,R,183.0,FRA,29.005,19.0,1790.0,7-5 6-3,3,R16,88.0,10.0,0.0,66.0,38.0,33.0,16.0,11.0,4.0,4.0,2.0,2.0,74.0,32.0,23.0,22.0,10.0,4.0,6.0
2014-339,Brisbane,Hard,28,250,O,20131229,19,C977,,,Marin Cilic,R,198.0,CRO,25.251,37.0,1130.0,D875,5.0,,Grigor Dimitrov,R,191.0,BUL,22.623,23.0,1520.0,7-5 7-5,3,R16,96.0,16.0,4.0,77.0,47.0,40.0,16.0,12.0,5.0,5.0,8.0,1.0,72.0,42.0,32.0,16.0,12.0,4.0,6.0
2014-339,Brisbane,Hard,28,250,O,20131229,20,N552,2.0,,Kei Nishikori,R,178.0,JPN,24.0,17.0,1915.0,E690,,,Matthew Ebden,R,188.0,AUS,26.092,68.0,706.0,6-2 6-4,3,R16,62.0,1.0,1.0,48.0,27.0,22.0,15.0,9.0,0.0,0.0,3.0,2.0,47.0,26.0,19.0,10.0,9.0,3.0,6.0
2014-339,Brisbane,Hard,28,250,O,20131229,21,F324,1.0,,Roger Federer,R,185.0,SUI,32.392,6.0,4205.0,ME05,,,Marinko Matosevic,R,193.0,AUS,28.392,61.0,774.0,6-1 6-1,3,QF,58.0,9.0,1.0,41.0,25.0,21.0,9.0,7.0,3.0,3.0,3.0,5.0,54.0,30.0,16.0,7.0,7.0,4.0,9.0
2014-339,Brisbane,Hard,28,250,O,20131229,22,CA12,8.0,,Jeremy Chardy,R,188.0,FRA,26.877,34.0,1175.0,G940,,WC,Sam Groth,R,193.0,AUS,26.196,172.0,307.0,7-5 6-4,3,QF,69.0,7.0,0.0,52.0,40.0,34.0,11.0,11.0,2.0,2.0,12.0,1.0,60.0,41.0,32.0,11.0,11.0,3.0,5.0
2014-339,Brisbane,Hard,28,250,O,20131229,23,H432,,,Lleyton Hewitt,R,178.0,AUS,32.843,60.0,780.0,CA99,,Q,Marius Copil,R,191.0,ROU,23.201,147.0,369.0,6-4 6-2,3,QF,72.0,5.0,1.0,48.0,25.0,21.0,15.0,9.0,2.0,3.0,7.0,3.0,59.0,30.0,22.0,9.0,9.0,1.0,5.0
2014-339,Brisbane,Hard,28,250,O,20131229,24,N552,2.0,,Kei Nishikori,R,178.0,JPN,24.0,17.0,1915.0,C977,,,Marin Cilic,R,198.0,CRO,25.251,37.0,1130.0,6-4 5-7 6-2,3,QF,157.0,6.0,2.0,105.0,58.0,45.0,26.0,15.0,14.0,15.0,14.0,11.0,119.0,52.0,38.0,33.0,15.0,12.0,15.0
2014-339,Brisbane,Hard,28,250,O,20131229,25,F324,1.0,,Roger Federer,R,185.0,SUI,32.392,6.0,4205.0,CA12,8.0,,Jeremy Chardy,R,188.0,FRA,26.877,34.0,1175.0,6-3 6-7(3) 6-3,3,SF,116.0,20.0,3.0,95.0,56.0,46.0,23.0,16.0,1.0,1.0,4.0,7.0,86.0,43.0,36.0,21.0,14.0,1.0,3.0
2014-339,Brisbane,Hard,28,250,O,20131229,26,H432,,,Lleyton Hewitt,R,178.0,AUS,32.843,60.0,780.0,N552,2.0,,Kei Nishikori,R,178.0,JPN,24.0,17.0,1915.0,5-7 6-4 6-3,3,SF,150.0,7.0,3.0,102.0,45.0,40.0,30.0,16.0,6.0,7.0,12.0,6.0,101.0,61.0,44.0,20.0,15.0,10.0,12.0
2014-339,Brisbane,Hard,28,250,O,20131229,27,H432,,,Lleyton Hewitt,R,178.0,AUS,32.843,60.0,780.0,F324,1.0,,Roger Federer,R,185.0,SUI,32.392,6.0,4205.0,6-1 4-6 6-3,3,F,127.0,4.0,4.0,101.0,50.0,40.0,26.0,13.0,9.0,10.0,13.0,0.0,86.0,55.0,38.0,14.0,13.0,7.0,11.0
2014-451,Doha,Hard,32,250,O,20140101,1,N409,1.0,,Rafael Nadal,L,185.0,ESP,27.581,1.0,13030.0,R685,,,Lukas Rosol,R,193.0,CZE,28.441,47.0,956.0,6-2 7-6(7),3,R32,104.0,3.0,3.0,76.0,52.0,35.0,14.0,10.0,4.0,5.0,3.0,2.0,84.0,48.0,27.0,19.0,10.0,3.0,6.0
2014-451,Doha,Hard,32,250,O,20140101,2,H528,,,Victor Hanescu,R,198.0,ROU,32.449,80.0,636.0,SH90,,,Joao Sousa,R,185.0,POR,24.758,49.0,934.0,6-3 6-2,3,R32,67.0,11.0,1.0,50.0,35.0,27.0,10.0,9.0,1.0,1.0,1.0,2.0,48.0,31.0,19.0,6.0,8.0,3.0,6.0
2014-451,Doha,Hard,32,250,O,20140101,3,MB02,,,Florian Mayer,R,191.0,GER,30.242,40.0,1065.0,P701,,,Michal Przysiezny,R,185.0,POL,29.875,66.0,730.0,6-2 3-6 7-6(5),3,R32,125.0,6.0,0.0,99.0,64.0,42.0,17.0,14.0,6.0,10.0,8.0,5.0,101.0,57.0,41.0,19.0,15.0,7.0,12.0
2014-451,Doha,Hard,32,250,O,20140101,4,MC10,3.0,,Andy Murray,R,191.0,GBR,26.634,4.0,5790.0,Z367,,WC,Mousa Shanan Zayed,,,QAT,19.817,2129.0,1.0,6-0 6-0,3,R32,37.0,3.0,3.0,32.0,20.0,20.0,4.0,6.0,0.0,0.0,0.0,2.0,34.0,16.0,4.0,5.0,6.0,3.0,9.0
2014-451,Doha,Hard,32,250,O,20140101,5,G628,5.0,,Richard Gasquet,R,183.0,FRA,27.54,9.0,3300.0,HA95,,WC,Karim Hossam,R,,EGY,19.734,338.0,127.0,7-5 6-1,3,R32,68.0,0.0,0.0,51.0,36.0,28.0,7.0,10.0,2.0,5.0,3.0,0.0,49.0,27.0,14.0,9.0,9.0,1.0,7.0
2014-451,Doha,Hard,32,250,O,20140101,6,MC65,,,Gael Monfils,R,193.0,FRA,27.335,31.0,1230.0,G725,,,Santiago Giraldo,R,188.0,COL,26.097,69.0,703.0,7-6(1) 6-2,3,R32,78.0,9.0,3.0,55.0,37.0,32.0,12.0,10.0,0.0,0.0,2.0,0.0,68.0,42.0,27.0,13.0,10.0,7.0,9.0
2014-451,Doha,Hard,32,250,O,20140101,7,BC72,,,Daniel Brands,R,196.0,GER,26.461,54.0,836.0,D402,,,Nikolay Davydenko,R,178.0,RUS,32.583,53.0,890.0,6-4 6-4,3,R32,80.0,8.0,1.0,74.0,54.0,37.0,14.0,10.0,5.0,5.0,0.0,5.0,66.0,51.0,34.0,5.0,10.0,5.0,7.0
2014-451,Doha,Hard,32,250,O,20140101,8,F401,2.0,,David Ferrer,R,175.0,ESP,31.751,3.0,5800.0,D801,,,Alexandr Dolgopolov,R,180.0,UKR,25.15,57.0,825.0,6-3 5-7 6-3,3,R32,124.0,2.0,1.0,92.0,66.0,42.0,13.0,15.0,5.0,9.0,2.0,1.0,98.0,63.0,37.0,15.0,15.0,5.0,11.0
2014-451,Doha,Hard,32,250,O,20140101,9,K839,,,Tobias Kamke,R,178.0,GER,27.617,74.0,663.0,J267,,WC,Malek Jaziri,R,185.0,TUN,29.949,168.0,312.0,6-3 6-4,3,R32,71.0,2.0,2.0,60.0,40.0,28.0,13.0,10.0,5.0,6.0,0.0,5.0,46.0,25.0,22.0,6.0,9.0,0.0,3.0
2014-451,Doha,Hard,32,250,O,20140101,10,K540,,,Lukasz Kubot,R,191.0,POL,31.63,72.0,686.0,G676,,,Daniel Gimeno-Traver,R,183.0,ESP,28.402,77.0,650.0,6-4 6-3,3,R32,79.0,0.0,2.0,62.0,39.0,27.0,11.0,10.0,0.0,2.0,2.0,0.0,59.0,39.0,24.0,9.0,9.0,7.0,11.0
2014-451,Doha,Hard,32,250,O,20140101,11,G858,7.0,,Ernests Gulbis,R,191.0,LAT,25.339,24.0,1393.0,E687,,Q,Daniel Evans,R,175.0,GBR,23.611,150.0,346.0,6-2 4-6 6-0,3,R32,90.0,9.0,3.0,66.0,39.0,30.0,12.0,12.0,2.0,5.0,3.0,5.0,79.0,46.0,18.0,19.0,12.0,6.0,13.0
2014-451,Doha,Hard,32,250,O,20140101,12,K336,,,Ivo Karlovic,R,211.0,CRO,34.842,78.0,647.0,BA47,4.0,,Tomas Berdych,R,196.0,CZE,28.29,7.0,4180.0,7-6(7) 7-6(4),3,R32,107.0,24.0,2.0,83.0,54.0,45.0,17.0,12.0,2.0,2.0,8.0,2.0,74.0,43.0,37.0,20.0,12.0,1.0,1.0
2014-451,Doha,Hard,32,250,O,20140101,13,BA65,,Q,Dustin Brown,R,196.0,JAM,29.065,111.0,506.0,D646,,,Ivan Dodig,R,183.0,CRO,28.997,33.0,1190.0,6-4 6-2,3,R32,56.0,5.0,3.0,47.0,30.0,25.0,10.0,9.0,1.0,2.0,6.0,3.0,58.0,32.0,19.0,10.0,9.0,3.0,7.0
2014-451,Doha,Hard,32,250,O,20140101,14,G967,,Q,Peter Gojowczyk,R,188.0,GER,24.465,162.0,321.0,TB69,,Q,Dominic Thiem,R,185.0,AUT,20.329,139.0,410.0,7-5 6-0,3,R32,65.0,3.0,0.0,53.0,31.0,22.0,17.0,9.0,1.0,1.0,2.0,6.0,55.0,30.0,18.0,9.0,9.0,4.0,8.0
2014-451,Doha,Hard,32,250,O,20140101,15,K435,6.0,,Philipp Kohlschreiber,R,178.0,GER,30.212,22.0,1525.0,A596,,,Pablo Andujar,R,180.0,ESP,27.94,48.0,946.0,7-6(7) 6-2,3,R32,96.0,2.0,4.0,71.0,37.0,25.0,16.0,10.0,4.0,8.0,0.0,5.0,67.0,35.0,19.0,12.0,10.0,3.0,9.0
2014-451,Doha,Hard,32,250,O,20140101,16,V306,8.0,,Fernando Verdasco,L,188.0,ESP,30.13,30.0,1235.0,V254,,,Filippo Volandri,R,183.0,ITA,32.323,71.0,694.0,6-3 6-3,3,R32,67.0,3.0,3.0,57.0,42.0,33.0,6.0,9.0,5.0,6.0,0.0,1.0,55.0,38.0,20.0,8.0,9.0,3.0,7.0
2014-451,Doha,Hard,32,250,O,20140101,17,N409,1.0,,Rafael Nadal,L,185.0,ESP,27.581,1.0,13030.0,K839,,,Tobias Kamke,R,178.0,GER,27.617,74.0,663.0,6-3 6-7(3) 6-3,3,R16,146.0,5.0,0.0,92.0,68.0,50.0,15.0,16.0,1.0,2.0,3.0,6.0,100.0,54.0,39.0,23.0,14.0,9.0,12.0
2014-451,Doha,Hard,32,250,O,20140101,18,G858,7.0,,Ernests Gulbis,R,191.0,LAT,25.339,24.0,1393.0,K540,,,Lukasz Kubot,R,191.0,POL,31.63,72.0,686.0,6-2 4-6 6-3,3,R16,129.0,12.0,3.0,87.0,64.0,44.0,14.0,14.0,3.0,5.0,1.0,3.0,105.0,65.0,38.0,21.0,13.0,12.0,16.0
2014-451,Doha,Hard,32,250,O,20140101,19,BA65,,Q,Dustin Brown,R,196.0,JAM,29.065,111.0,506.0,K336,,,Ivo Karlovic,R,211.0,CRO,34.842,78.0,647.0,3-6 7-6(13) 6-4,3,R16,109.0,4.0,4.0,91.0,61.0,47.0,18.0,15.0,0.0,2.0,21.0,3.0,110.0,80.0,61.0,13.0,16.0,4.0,6.0
2014-451,Doha,Hard,32,250,O,20140101,20,G967,,Q,Peter Gojowczyk,R,188.0,GER,24.465,162.0,321.0,K435,6.0,,Philipp Kohlschreiber,R,178.0,GER,30.212,22.0,1525.0,7-6(4) 7-6(7),3,R16,101.0,7.0,0.0,80.0,47.0,36.0,20.0,12.0,1.0,3.0,4.0,0.0,81.0,47.0,32.0,21.0,12.0,0.0,2.0
2014-451,Doha,Hard,32,250,O,20140101,21,H528,,,Victor Hanescu,R,198.0,ROU,32.449,80.0,636.0,V306,8.0,,Fernando Verdasco,L,188.0,ESP,30.13,30.0,1235.0,4-6 7-6(0) 6-2,3,R16,117.0,3.0,0.0,96.0,76.0,57.0,11.0,15.0,3.0,4.0,4.0,4.0,85.0,60.0,42.0,16.0,15.0,1.0,3.0
2014-451,Doha,Hard,32,250,O,20140101,22,MB02,,,Florian Mayer,R,191.0,GER,30.242,40.0,1065.0,MC10,3.0,,Andy Murray,R,191.0,GBR,26.634,4.0,5790.0,3-6 6-4 6-2,3,R16,112.0,4.0,1.0,87.0,57.0,38.0,19.0,14.0,7.0,10.0,5.0,3.0,83.0,45.0,28.0,21.0,13.0,5.0,9.0
2014-451,Doha,Hard,32,250,O,20140101,23,MC65,,,Gael Monfils,R,193.0,FRA,27.335,31.0,1230.0,G628,5.0,,Richard Gasquet,R,183.0,FRA,27.54,9.0,3300.0,6-2 7-5,3,R16,63.0,9.0,2.0,53.0,37.0,32.0,8.0,10.0,0.0,1.0,0.0,1.0,59.0,51.0,28.0,6.0,10.0,3.0,7.0
2014-451,Doha,Hard,32,250,O,20140101,24,BC72,,,Daniel Brands,R,196.0,GER,26.461,54.0,836.0,F401,2.0,,David Ferrer,R,175.0,ESP,31.751,3.0,5800.0,6-4 7-5,3,R16,75.0,5.0,0.0,57.0,42.0,33.0,10.0,11.0,2.0,3.0,2.0,1.0,66.0,48.0,31.0,9.0,11.0,4.0,7.0
2014-451,Doha,Hard,32,250,O,20140101,25,N409,1.0,,Rafael Nadal,L,185.0,ESP,27.581,1.0,13030.0,G858,7.0,,Ernests Gulbis,R,191.0,LAT,25.339,24.0,1393.0,7-5 6-4,3,QF,115.0,3.0,0.0,72.0,58.0,37.0,9.0,11.0,3.0,5.0,9.0,3.0,72.0,45.0,33.0,10.0,11.0,4.0,8.0
2014-451,Doha,Hard,32,250,O,20140101,26,G967,,Q,Peter Gojowczyk,R,188.0,GER,24.465,162.0,321.0,BA65,,Q,Dustin Brown,R,196.0,JAM,29.065,111.0,506.0,6-3 3-6 7-6(5),3,QF,117.0,4.0,2.0,110.0,60.0,41.0,24.0,15.0,11.0,15.0,9.0,4.0,110.0,70.0,43.0,19.0,15.0,4.0,8.0
2014-451,Doha,Hard,32,250,O,20140101,27,MB02,,,Florian Mayer,R,191.0,GER,30.242,40.0,1065.0,H528,,,Victor Hanescu,R,198.0,ROU,32.449,80.0,636.0,6-4 6-7(8) 6-4,3,QF,135.0,4.0,3.0,99.0,58.0,40.0,25.0,16.0,4.0,6.0,6.0,2.0,111.0,84.0,55.0,12.0,16.0,7.0,11.0
2014-451,Doha,Hard,32,250,O,20140101,28,MC65,,,Gael Monfils,R,193.0,FRA,27.335,31.0,1230.0,BC72,,,Daniel Brands,R,196.0,GER,26.461,54.0,836.0,6-2 6-1,3,QF,49.0,6.0,2.0,42.0,32.0,27.0,5.0,8.0,0.0,0.0,2.0,0.0,42.0,29.0,15.0,4.0,7.0,3.0,7.0
2014-451,Doha,Hard,32,250,O,20140101,29,N409,1.0,,Rafael Nadal,L,185.0,ESP,27.581,1.0,13030.0,G967,,Q,Peter Gojowczyk,R,188.0,GER,24.465,162.0,321.0,4-6 6-2 6-3,3,SF,120.0,5.0,2.0,72.0,46.0,35.0,11.0,13.0,1.0,4.0,1.0,4.0,84.0,46.0,29.0,17.0,14.0,10.0,16.0
2014-451,Doha,Hard,32,250,O,20140101,30,MC65,,,Gael Monfils,R,193.0,FRA,27.335,31.0,1230.0,MB02,,,Florian Mayer,R,191.0,GER,30.242,40.0,1065.0,6-3 6-2,3,SF,55.0,9.0,4.0,50.0,38.0,29.0,5.0,9.0,1.0,2.0,1.0,1.0,52.0,35.0,19.0,7.0,8.0,6.0,10.0
2014-451,Doha,Hard,32,250,O,20140101,31,N409,1.0,,Rafael Nadal,L,185.0,ESP,27.581,1.0,13030.0,MC65,,,Gael Monfils,R,193.0,FRA,27.335,31.0,1230.0,6-1 6-7(5) 6-2,3,F,120.0,2.0,0.0,82.0,63.0,46.0,16.0,14.0,4.0,5.0,13.0,4.0,87.0,63.0,42.0,11.0,13.0,6.0,11.0
2014-891,Chennai,Hard,28,250,O,20140101,1,B896,,,Benjamin Becker,R,178.0,GER,32.545,79.0,637.0,R782,,,Julian Reister,R,188.0,GER,27.751,86.0,612.0,6-4 2-1 RET,3,R32,50.0,4.0,2.0,29.0,17.0,13.0,8.0,6.0,0.0,1.0,1.0,2.0,46.0,28.0,15.0,9.0,7.0,2.0,5.0
2014-891,Chennai,Hard,28,250,O,20140101,2,R613,7.0,,Edouard Roger-Vasselin,R,185.0,FRA,30.094,52.0,908.0,R772,,,Albert Ramos-Vinolas,L,188.0,ESP,25.958,83.0,617.0,6-1 6-3,3,R32,71.0,2.0,2.0,53.0,37.0,23.0,11.0,8.0,2.0,3.0,1.0,5.0,55.0,30.0,18.0,6.0,8.0,5.0,10.0
2014-891,Chennai,Hard,28,250,O,20140101,3,V708,,,Jiri Vesely,L,198.0,CZE,20.479,85.0,616.0,N480,,WC,Jeevan Nedunchezhiyan,L,173.0,IND,25.199,314.0,141.0,7-5 6-2,3,R32,83.0,5.0,6.0,57.0,32.0,24.0,14.0,10.0,2.0,4.0,0.0,3.0,58.0,35.0,16.0,13.0,10.0,1.0,6.0
2014-891,Chennai,Hard,28,250,O,20140101,4,SC56,,,Dudi Sela,R,175.0,ISR,28.745,73.0,681.0,L797,,,Lukas Lacko,R,188.0,SVK,26.163,81.0,625.0,6-4 6-2,3,R32,87.0,2.0,1.0,67.0,42.0,29.0,14.0,9.0,5.0,6.0,4.0,6.0,77.0,46.0,26.0,15.0,9.0,6.0,10.0
2014-891,Chennai,Hard,28,250,O,20140101,5,BH09,,,Aljaz Bedene,R,183.0,SLO,24.457,95.0,573.0,L949,,Q,Henri Laaksonen,R,185.0,SUI,21.755,244.0,191.0,6-3 5-7 7-6(0),3,R32,149.0,8.0,3.0,111.0,66.0,50.0,27.0,17.0,6.0,7.0,4.0,8.0,107.0,60.0,48.0,20.0,16.0,5.0,6.0
2014-891,Chennai,Hard,28,250,O,20140101,6,K596,,Q,Alexander Kudryavtsev,R,183.0,RUS,28.183,270.0,170.0,BD06,8.0,,Roberto Bautista Agut,R,183.0,ESP,25.717,58.0,810.0,6-4 3-6 6-3,3,R32,107.0,0.0,1.0,84.0,49.0,35.0,21.0,14.0,2.0,4.0,1.0,1.0,86.0,53.0,41.0,13.0,14.0,4.0,7.0
2014-891,Chennai,Hard,28,250,O,20140101,7,BF55,,WC,Yuki Bhambri,R,185.0,IND,21.495,195.0,258.0,CD85,,,Pablo Carreno Busta,R,188.0,ESP,22.475,64.0,739.0,6-4 6-3,3,R32,76.0,2.0,2.0,46.0,23.0,18.0,15.0,9.0,0.0,1.0,3.0,3.0,61.0,35.0,25.0,10.0,10.0,0.0,4.0
2014-891,Chennai,Hard,28,250,O,20140101,8,L575,,,Yen-Hsun Lu,R,180.0,TPE,30.385,65.0,730.0,SF62,,,Tim Smyczek,R,175.0,USA,26.007,89.0,600.0,6-4 6-2,3,R32,73.0,0.0,3.0,51.0,31.0,22.0,8.0,9.0,2.0,5.0,0.0,1.0,61.0,44.0,23.0,4.0,9.0,4.0,10.0
2014-891,Chennai,Hard,28,250,O,20140101,9,PD07,5.0,,Vasek Pospisil,R,193.0,CAN,23.526,32.0,1219.0,E831,,WC,Kyle Edmund,R,188.0,GBR,18.982,376.0,110.0,6-3 7-5,3,R32,81.0,4.0,3.0,63.0,40.0,32.0,15.0,11.0,4.0,4.0,3.0,2.0,61.0,47.0,34.0,4.0,10.0,4.0,6.0
2014-891,Chennai,Hard,28,250,O,20140101,10,G710,6.0,,Marcel Granollers,R,191.0,ESP,27.723,38.0,1110.0,A829,,Q,Radu Albot,R,175.0,MDA,24.14,169.0,311.0,6-4 3-6 6-0,3,R32,140.0,1.0,2.0,69.0,36.0,28.0,17.0,12.0,0.0,2.0,2.0,4.0,105.0,56.0,30.0,26.0,13.0,14.0,19.0
2014-891,Chennai,Hard,28,250,O,20140101,11,RB56,,Q,Ramkumar Ramanathan,R,188.0,IND,19.149,526.0,65.0,D616,,,Somdev Devvarman,R,180.0,IND,28.882,90.0,599.0,4-6 6-3 6-4,3,R32,142.0,6.0,8.0,114.0,59.0,41.0,26.0,15.0,5.0,8.0,2.0,1.0,88.0,57.0,37.0,15.0,14.0,5.0,9.0
2014-891,Chennai,Hard,28,250,O,20140101,12,G476,,,Guillermo Garcia-Lopez,R,185.0,ESP,30.579,62.0,768.0,N503,,,Aleksandr Nedovyesov,R,188.0,KAZ,26.877,93.0,586.0,7-5 6-0,3,R32,71.0,3.0,2.0,47.0,26.0,20.0,16.0,9.0,0.0,0.0,1.0,5.0,59.0,32.0,19.0,12.0,9.0,5.0,9.0
2014-891,Chennai,Hard,28,250,O,20140101,13,W367,1.0,,Stan Wawrinka,R,183.0,SUI,28.764,8.0,3730.0,B896,,,Benjamin Becker,R,178.0,GER,32.545,79.0,637.0,6-3 6-1,3,R16,55.0,4.0,3.0,46.0,29.0,25.0,10.0,8.0,4.0,4.0,2.0,3.0,51.0,26.0,14.0,11.0,8.0,4.0,8.0
2014-891,Chennai,Hard,28,250,O,20140101,14,BH09,,,Aljaz Bedene,R,183.0,SLO,24.457,95.0,573.0,K596,,Q,Alexander Kudryavtsev,R,183.0,RUS,28.183,270.0,170.0,1-6 3-0 RET,3,R16,43.0,4.0,1.0,25.0,16.0,11.0,5.0,5.0,0.0,2.0,1.0,0.0,32.0,20.0,14.0,7.0,5.0,0.0,1.0
2014-891,Chennai,Hard,28,250,O,20140101,15,BF55,,WC,Yuki Bhambri,R,185.0,IND,21.495,195.0,258.0,F510,3.0,,Fabio Fognini,R,178.0,ITA,26.609,16.0,1930.0,6-1 5-5 RET,3,R16,66.0,2.0,2.0,57.0,35.0,25.0,12.0,9.0,2.0,3.0,1.0,3.0,45.0,30.0,19.0,7.0,8.0,3.0,6.0
2014-891,Chennai,Hard,28,250,O,20140101,16,PD07,5.0,,Vasek Pospisil,R,193.0,CAN,23.526,32.0,1219.0,L575,,,Yen-Hsun Lu,R,180.0,TPE,30.385,65.0,730.0,W/O,3,R16,,2.0,2.0,57.0,35.0,25.0,12.0,9.0,2.0,3.0,1.0,3.0,45.0,30.0,19.0,7.0,8.0,3.0,6.0
2014-891,Chennai,Hard,28,250,O,20140101,17,G710,6.0,,Marcel Granollers,R,191.0,ESP,27.723,38.0,1110.0,RB56,,Q,Ramkumar Ramanathan,R,188.0,IND,19.149,526.0,65.0,6-2 6-4,3,R16,71.0,1.0,1.0,45.0,29.0,20.0,10.0,9.0,1.0,3.0,3.0,6.0,57.0,28.0,18.0,8.0,9.0,4.0,9.0
2014-891,Chennai,Hard,28,250,O,20140101,18,PD31,4.0,,Benoit Paire,R,196.0,FRA,24.652,26.0,1345.0,G476,,,Guillermo Garcia-Lopez,R,185.0,ESP,30.579,62.0,768.0,6-1 6-4,3,R16,78.0,5.0,8.0,75.0,31.0,23.0,22.0,9.0,11.0,12.0,1.0,3.0,50.0,29.0,18.0,8.0,8.0,2.0,6.0
2014-891,Chennai,Hard,28,250,O,20140101,19,R613,7.0,,Edouard Roger-Vasselin,R,185.0,FRA,30.094,52.0,908.0,V708,,,Jiri Vesely,L,198.0,CZE,20.479,85.0,616.0,6-4 6-4,3,R16,82.0,2.0,2.0,65.0,42.0,29.0,17.0,10.0,8.0,8.0,6.0,3.0,57.0,30.0,23.0,15.0,10.0,1.0,3.0
2014-891,Chennai,Hard,28,250,O,20140101,20,SC56,,,Dudi Sela,R,175.0,ISR,28.745,73.0,681.0,Y061,2.0,,Mikhail Youzhny,R,183.0,RUS,31.521,15.0,2145.0,3-1 RET,3,R16,24.0,0.0,1.0,14.0,8.0,6.0,2.0,2.0,2.0,3.0,1.0,1.0,22.0,14.0,6.0,3.0,2.0,4.0,6.0
2014-891,Chennai,Hard,28,250,O,20140101,21,W367,1.0,,Stan Wawrinka,R,183.0,SUI,28.764,8.0,3730.0,BH09,,,Aljaz Bedene,R,183.0,SLO,24.457,95.0,573.0,6-2 6-1,3,QF,66.0,4.0,4.0,54.0,32.0,20.0,10.0,7.0,5.0,7.0,3.0,4.0,52.0,23.0,9.0,11.0,8.0,4.0,11.0
2014-891,Chennai,Hard,28,250,O,20140101,22,PD07,5.0,,Vasek Pospisil,R,193.0,CAN,23.526,32.0,1219.0,BF55,,WC,Yuki Bhambri,R,185.0,IND,21.495,195.0,258.0,6-3 6-3,3,QF,71.0,5.0,1.0,48.0,33.0,27.0,10.0,9.0,0.0,0.0,1.0,3.0,55.0,32.0,20.0,12.0,9.0,4.0,7.0
2014-891,Chennai,Hard,28,250,O,20140101,23,G710,6.0,,Marcel Granollers,R,191.0,ESP,27.723,38.0,1110.0,PD31,4.0,,Benoit Paire,R,196.0,FRA,24.652,26.0,1345.0,6-2 3-6 7-6(5),3,QF,133.0,0.0,3.0,97.0,75.0,49.0,8.0,14.0,6.0,11.0,4.0,3.0,91.0,39.0,30.0,21.0,15.0,4.0,10.0
2014-891,Chennai,Hard,28,250,O,20140101,24,R613,7.0,,Edouard Roger-Vasselin,R,185.0,FRA,30.094,52.0,908.0,SC56,,,Dudi Sela,R,175.0,ISR,28.745,73.0,681.0,7-5 6-7(6) 6-0,3,QF,126.0,3.0,4.0,114.0,71.0,50.0,20.0,15.0,8.0,10.0,1.0,3.0,83.0,51.0,32.0,16.0,15.0,2.0,8.0
2014-891,Chennai,Hard,28,250,O,20140101,25,W367,1.0,,Stan Wawrinka,R,183.0,SUI,28.764,8.0,3730.0,PD07,5.0,,Vasek Pospisil,R,193.0,CAN,23.526,32.0,1219.0,6-4 5-5 RET,3,SF,111.0,4.0,3.0,90.0,51.0,38.0,17.0,10.0,9.0,10.0,3.0,5.0,61.0,35.0,25.0,13.0,10.0,2.0,4.0
2014-891,Chennai,Hard,28,250,O,20140101,26,R613,7.0,,Edouard Roger-Vasselin,R,185.0,FRA,30.094,52.0,908.0,G710,6.0,,Marcel Granollers,R,191.0,ESP,27.723,38.0,1110.0,6-2 4-6 6-3,3,SF,122.0,3.0,0.0,78.0,55.0,38.0,13.0,14.0,3.0,6.0,4.0,3.0,85.0,40.0,26.0,21.0,13.0,11.0,16.0
2014-891,Chennai,Hard,28,250,O,20140101,27,W367,1.0,,Stan Wawrinka,R,183.0,SUI,28.764,8.0,3730.0,R613,7.0,,Edouard Roger-Vasselin,R,185.0,FRA,30.094,52.0,908.0,7-5 6-2,3,F,96.0,5.0,2.0,63.0,35.0,25.0,20.0,10.0,1.0,1.0,1.0,1.0,79.0,54.0,36.0,9.0,10.0,5.0,8.0
2014-301,Auckland,Hard,28,250,O,20140106,1,Y124,,Q,Donald Young,L,183.0,USA,24.457,96.0,563.0,D874,,,Federico Delbonis,L,193.0,ARG,23.255,54.0,826.0,7-5 6-2,3,R32,86.0,2.0,4.0,59.0,41.0,33.0,9.0,10.0,2.0,3.0,2.0,2.0,82.0,59.0,33.0,12.0,10.0,9.0,13.0
2014-301,Auckland,Hard,28,250,O,20140106,2,PD31,6.0,,Benoit Paire,R,196.0,FRA,24.665,28.0,1300.0,P701,,,Michal Przysiezny,R,185.0,POL,29.889,63.0,730.0,6-4 6-2,3,R32,49.0,12.0,2.0,42.0,23.0,21.0,15.0,9.0,0.0,0.0,2.0,2.0,57.0,33.0,24.0,11.0,9.0,3.0,6.0
2014-301,Auckland,Hard,28,250,O,20140106,3,BD06,,,Roberto Bautista Agut,R,183.0,ESP,25.73,73.0,680.0,G676,,Q,Daniel Gimeno-Traver,R,183.0,ESP,28.416,80.0,650.0,6-1 3-6 6-4,3,R32,96.0,1.0,1.0,76.0,54.0,41.0,12.0,13.0,2.0,4.0,1.0,2.0,87.0,46.0,30.0,20.0,13.0,4.0,8.0
2014-301,Auckland,Hard,28,250,O,20140106,4,SM25,,WC,Jack Sock,R,191.0,USA,21.284,100.0,545.0,ME82,,,Adrian Mannarino,L,180.0,FRA,25.522,71.0,692.0,6-3 6-4,3,R32,62.0,11.0,3.0,58.0,35.0,27.0,16.0,10.0,2.0,2.0,0.0,1.0,51.0,34.0,24.0,9.0,9.0,1.0,3.0
2014-301,Auckland,Hard,28,250,O,20140106,5,G725,,,Santiago Giraldo,R,188.0,COL,26.111,68.0,703.0,M824,,,Albert Montanes,R,175.0,ESP,33.112,59.0,766.0,6-1 7-6(3),3,R32,75.0,10.0,2.0,63.0,38.0,30.0,11.0,9.0,2.0,3.0,1.0,4.0,68.0,38.0,27.0,10.0,10.0,6.0,10.0
2014-301,Auckland,Hard,28,250,O,20140106,6,G476,,,Guillermo Garcia-Lopez,R,185.0,ESP,30.593,58.0,776.0,H756,8.0,,Robin Haase,R,191.0,NED,26.754,44.0,977.0,4-6 7-5 7-6(4),3,R32,131.0,4.0,6.0,107.0,55.0,41.0,27.0,17.0,4.0,7.0,7.0,4.0,100.0,72.0,54.0,10.0,17.0,0.0,3.0
2014-301,Auckland,Hard,28,250,O,20140106,7,J386,,LL,Steve Johnson,R,188.0,USA,24.036,160.0,327.0,B837,,WC,Marcos Baghdatis,R,178.0,CYP,28.556,109.0,515.0,7-5 6-7(3) 6-4,3,R32,122.0,13.0,2.0,103.0,59.0,44.0,28.0,17.0,1.0,2.0,8.0,7.0,105.0,63.0,47.0,22.0,17.0,4.0,7.0
2014-301,Auckland,Hard,28,250,O,20140106,8,L575,,,Yen-Hsun Lu,R,180.0,TPE,30.398,62.0,730.0,SF36,,,Igor Sijsling,R,191.0,NED,26.387,69.0,697.0,7-5 7-6(7),3,R32,85.0,3.0,2.0,76.0,49.0,34.0,16.0,12.0,1.0,3.0,11.0,2.0,76.0,36.0,30.0,18.0,12.0,4.0,7.0
2014-301,Auckland,Hard,28,250,O,20140106,9,KA98,,Q,Bradley Klahn,L,183.0,USA,23.381,95.0,568.0,BC72,9.0,,Daniel Brands,R,196.0,GER,26.475,57.0,779.0,7-5 4-6 6-3,3,R32,112.0,12.0,2.0,103.0,76.0,56.0,13.0,16.0,6.0,7.0,8.0,4.0,110.0,83.0,56.0,12.0,15.0,13.0,15.0
2014-301,Auckland,Hard,28,250,O,20140106,10,K435,5.0,,Philipp Kohlschreiber,R,178.0,GER,30.226,22.0,1525.0,CD85,,,Pablo Carreno Busta,R,188.0,ESP,22.489,61.0,739.0,6-2 3-6 7-5,3,R32,99.0,9.0,0.0,74.0,46.0,34.0,16.0,14.0,0.0,2.0,4.0,5.0,88.0,56.0,40.0,14.0,15.0,3.0,7.0
2014-301,Auckland,Hard,28,250,O,20140106,11,Z184,,,Horacio Zeballos,L,188.0,ARG,28.695,66.0,710.0,V254,,,Filippo Volandri,R,183.0,ITA,32.337,70.0,694.0,6-0 7-6(1),3,R32,81.0,5.0,6.0,71.0,41.0,30.0,12.0,9.0,3.0,5.0,2.0,2.0,64.0,41.0,23.0,7.0,9.0,4.0,9.0
2014-301,Auckland,Hard,28,250,O,20140106,12,L797,,Q,Lukas Lacko,R,188.0,SVK,26.177,90.0,595.0,SF89,,WC,Rubin Statham,R,180.0,NZL,26.702,288.0,155.0,6-3 6-1,3,R32,70.0,7.0,2.0,53.0,32.0,24.0,11.0,8.0,4.0,4.0,3.0,3.0,66.0,44.0,25.0,7.0,8.0,7.0,11.0
2014-301,Auckland,Hard,28,250,O,20140106,13,F401,1.0,,David Ferrer,R,175.0,ESP,31.765,3.0,5800.0,Y124,,Q,Donald Young,L,183.0,USA,24.457,96.0,563.0,6-7(5) 6-3 6-1,3,R16,115.0,3.0,4.0,103.0,65.0,45.0,18.0,14.0,10.0,13.0,1.0,2.0,89.0,60.0,35.0,12.0,14.0,6.0,13.0
2014-301,Auckland,Hard,28,250,O,20140106,14,G476,,,Guillermo Garcia-Lopez,R,185.0,ESP,30.593,58.0,776.0,G725,,,Santiago Giraldo,R,188.0,COL,26.111,68.0,703.0,6-7(7) 6-2 6-3,3,R16,143.0,8.0,4.0,118.0,76.0,50.0,19.0,15.0,15.0,19.0,5.0,2.0,94.0,50.0,29.0,20.0,14.0,5.0,12.0
2014-301,Auckland,Hard,28,250,O,20140106,15,J386,,LL,Steve Johnson,R,188.0,USA,24.036,160.0,327.0,A678,4.0,,Kevin Anderson,R,203.0,RSA,27.639,20.0,1685.0,7-5 6-4,3,R16,77.0,6.0,3.0,68.0,43.0,34.0,14.0,11.0,1.0,1.0,11.0,2.0,57.0,34.0,23.0,17.0,11.0,4.0,6.0
2014-301,Auckland,Hard,28,250,O,20140106,16,L575,,,Yen-Hsun Lu,R,180.0,TPE,30.398,62.0,730.0,KA98,,Q,Bradley Klahn,L,183.0,USA,23.381,95.0,568.0,6-7(3) 6-2 6-3,3,R16,110.0,1.0,2.0,98.0,69.0,51.0,15.0,15.0,6.0,7.0,8.0,1.0,80.0,51.0,38.0,15.0,14.0,2.0,6.0
2014-301,Auckland,Hard,28,250,O,20140106,17,K435,5.0,,Philipp Kohlschreiber,R,178.0,GER,30.226,22.0,1525.0,Z184,,,Horacio Zeballos,L,188.0,ARG,28.695,66.0,710.0,6-4 6-2,3,R16,62.0,13.0,1.0,41.0,26.0,24.0,12.0,9.0,0.0,0.0,3.0,2.0,62.0,37.0,27.0,7.0,9.0,7.0,10.0
2014-301,Auckland,Hard,28,250,O,20140106,18,I186,3.0,,John Isner,R,208.0,USA,28.698,14.0,2150.0,L797,,Q,Lukas Lacko,R,188.0,SVK,26.177,90.0,595.0,7-6(1) 3-6 6-2,3,R16,111.0,21.0,2.0,85.0,63.0,49.0,11.0,14.0,2.0,3.0,5.0,3.0,102.0,53.0,36.0,28.0,15.0,6.0,8.0
2014-301,Auckland,Hard,28,250,O,20140106,19,BD06,,,Roberto Bautista Agut,R,183.0,ESP,25.73,73.0,680.0,PD31,6.0,,Benoit Paire,R,196.0,FRA,24.665,28.0,1300.0,6-3 6-4,3,R16,66.0,1.0,0.0,63.0,50.0,34.0,10.0,10.0,2.0,3.0,9.0,3.0,54.0,29.0,21.0,10.0,9.0,1.0,4.0
2014-301,Auckland,Hard,28,250,O,20140106,20,SM25,,WC,Jack Sock,R,191.0,USA,21.284,100.0,545.0,H355,2.0,,Tommy Haas,R,188.0,GER,35.762,12.0,2435.0,6-4 6-4,3,R16,73.0,7.0,5.0,57.0,30.0,24.0,15.0,10.0,1.0,2.0,3.0,1.0,57.0,32.0,23.0,14.0,10.0,2.0,5.0
2014-301,Auckland,Hard,28,250,O,20140106,21,F401,1.0,,David Ferrer,R,175.0,ESP,31.765,3.0,5800.0,G476,,,Guillermo Garcia-Lopez,R,185.0,ESP,30.593,58.0,776.0,6-3 5-7 6-4,3,QF,131.0,1.0,3.0,102.0,72.0,48.0,15.0,16.0,7.0,10.0,2.0,0.0,81.0,44.0,32.0,19.0,15.0,0.0,4.0
2014-301,Auckland,Hard,28,250,O,20140106,22,L575,,,Yen-Hsun Lu,R,180.0,TPE,30.398,62.0,730.0,J386,,LL,Steve Johnson,R,188.0,USA,24.036,160.0,327.0,6-4 6-4,3,QF,72.0,0.0,0.0,58.0,44.0,33.0,9.0,10.0,4.0,5.0,8.0,3.0,71.0,42.0,29.0,13.0,10.0,3.0,6.0
2014-301,Auckland,Hard,28,250,O,20140106,23,I186,3.0,,John Isner,R,208.0,USA,28.698,14.0,2150.0,K435,5.0,,Philipp Kohlschreiber,R,178.0,GER,30.226,22.0,1525.0,6-7(4) 7-6(4) 7-6(5),3,QF,145.0,18.0,2.0,112.0,93.0,77.0,14.0,18.0,3.0,3.0,8.0,1.0,140.0,87.0,61.0,40.0,18.0,7.0,7.0
2014-301,Auckland,Hard,28,250,O,20140106,24,BD06,,,Roberto Bautista Agut,R,183.0,ESP,25.73,73.0,680.0,SM25,,WC,Jack Sock,R,191.0,USA,21.284,100.0,545.0,6-1 6-3,3,QF,63.0,1.0,2.0,55.0,41.0,31.0,8.0,8.0,6.0,6.0,4.0,2.0,50.0,30.0,21.0,5.0,8.0,4.0,8.0
2014-301,Auckland,Hard,28,250,O,20140106,25,L575,,,Yen-Hsun Lu,R,180.0,TPE,30.398,62.0,730.0,F401,1.0,,David Ferrer,R,175.0,ESP,31.765,3.0,5800.0,6-4 7-6(4),3,SF,88.0,4.0,6.0,74.0,46.0,35.0,12.0,11.0,3.0,5.0,3.0,0.0,75.0,53.0,35.0,12.0,11.0,8.0,11.0
2014-301,Auckland,Hard,28,250,O,20140106,26,I186,3.0,,John Isner,R,208.0,USA,28.698,14.0,2150.0,BD06,,,Roberto Bautista Agut,R,183.0,ESP,25.73,73.0,680.0,3-6 7-6(2) 6-4,3,SF,110.0,17.0,2.0,86.0,57.0,46.0,15.0,15.0,1.0,3.0,5.0,1.0,102.0,74.0,49.0,19.0,16.0,5.0,7.0
2014-301,Auckland,Hard,28,250,O,20140106,27,I186,3.0,,John Isner,R,208.0,USA,28.698,14.0,2150.0,L575,,,Yen-Hsun Lu,R,180.0,TPE,30.398,62.0,730.0,7-6(4) 7-6(7),3,F,101.0,23.0,4.0,80.0,59.0,51.0,11.0,12.0,1.0,1.0,5.0,1.0,93.0,62.0,45.0,19.0,12.0,10.0,10.0
2014-338,Sydney,Hard,28,250,O,20140106,1,M873,,,Nicolas Mahut,R,191.0,FRA,31.959,50.0,938.0,H940,,Q,Ryan Harrison,R,185.0,USA,21.667,99.0,549.0,7-6(2) 7-5,3,R32,107.0,12.0,0.0,72.0,47.0,38.0,12.0,12.0,0.0,1.0,6.0,5.0,92.0,56.0,40.0,13.0,12.0,4.0,6.0
2014-338,Sydney,Hard,28,250,O,20140106,2,TA46,,,Bernard Tomic,R,196.0,AUS,21.21,52.0,910.0,G710,8.0,,Marcel Granollers,R,191.0,ESP,27.737,36.0,1155.0,6-3 6-0,3,R32,60.0,3.0,0.0,51.0,35.0,25.0,10.0,8.0,7.0,8.0,0.0,2.0,40.0,27.0,13.0,3.0,7.0,3.0,8.0
2014-338,Sydney,Hard,28,250,O,20140106,3,K834,,Q,Blaz Kavcic,R,188.0,SLO,26.842,102.0,542.0,N289,,,Jarkko Nieminen,L,185.0,FIN,32.457,39.0,1090.0,6-4 6-3,3,R32,78.0,5.0,2.0,58.0,40.0,28.0,8.0,9.0,4.0,6.0,1.0,3.0,62.0,36.0,18.0,14.0,10.0,5.0,10.0
2014-338,Sydney,Hard,28,250,O,20140106,4,D801,,,Alexandr Dolgopolov,R,180.0,UKR,25.164,55.0,825.0,R613,,,Edouard Roger-Vasselin,R,185.0,FRA,30.108,40.0,1038.0,6-3 RET,3,R32,29.0,6.0,0.0,23.0,15.0,13.0,7.0,5.0,0.0,0.0,2.0,0.0,26.0,17.0,10.0,5.0,4.0,2.0,3.0
2014-338,Sydney,Hard,28,250,O,20140106,5,S694,,,Radek Stepanek,R,185.0,CZE,35.11,45.0,970.0,G940,,WC,Sam Groth,R,193.0,AUS,26.218,157.0,334.0,6-7(6) 7-6(5) 6-2,3,R32,135.0,5.0,2.0,110.0,84.0,64.0,16.0,16.0,3.0,3.0,18.0,5.0,107.0,65.0,49.0,22.0,16.0,9.0,11.0
2014-338,Sydney,Hard,28,250,O,20140106,6,R772,,LL,Albert Ramos-Vinolas,L,188.0,ESP,25.971,85.0,617.0,Q927,,,Sam Querrey,R,198.0,USA,26.251,46.0,960.0,4-6 6-3 6-4,3,R32,122.0,7.0,2.0,96.0,67.0,46.0,16.0,14.0,5.0,6.0,16.0,1.0,104.0,66.0,48.0,17.0,15.0,11.0,14.0
2014-338,Sydney,Hard,28,250,O,20140106,7,R685,,,Lukas Rosol,R,193.0,CZE,28.454,47.0,956.0,SH90,,,Joao Sousa,R,185.0,POR,24.772,51.0,934.0,7-6(5) 4-6 7-6(1),3,R32,128.0,7.0,7.0,117.0,60.0,42.0,31.0,17.0,6.0,10.0,6.0,2.0,105.0,59.0,39.0,24.0,17.0,2.0,5.0
2014-338,Sydney,Hard,28,250,O,20140106,8,I165,,,Denis Istomin,R,185.0,UZB,27.332,49.0,945.0,A596,,,Pablo Andujar,R,180.0,ESP,27.953,48.0,946.0,6-1 6-2,3,R32,58.0,5.0,3.0,45.0,29.0,25.0,8.0,8.0,0.0,0.0,2.0,4.0,43.0,26.0,16.0,5.0,7.0,4.0,8.0
2014-338,Sydney,Hard,28,250,O,20140106,9,C977,7.0,,Marin Cilic,R,198.0,CRO,25.273,37.0,1130.0,SL28,,Q,Jan-Lennard Struff,R,193.0,GER,23.702,106.0,523.0,3-6 6-3 6-3,3,R32,103.0,8.0,3.0,78.0,41.0,35.0,19.0,13.0,2.0,3.0,7.0,3.0,85.0,57.0,38.0,15.0,14.0,2.0,5.0
2014-338,Sydney,Hard,28,250,O,20140106,10,B747,6.0,,Julien Benneteau,R,185.0,FRA,32.047,35.0,1160.0,E690,,WC,Matthew Ebden,R,188.0,AUS,26.114,65.0,711.0,6-2 6-2,3,R32,57.0,4.0,0.0,41.0,28.0,22.0,10.0,8.0,0.0,0.0,6.0,5.0,51.0,27.0,16.0,9.0,8.0,4.0,8.0
2014-338,Sydney,Hard,28,250,O,20140106,11,SC77,,Q,Sergiy Stakhovsky,R,193.0,UKR,28.0,101.0,544.0,B884,,,Carlos Berlocq,R,183.0,ARG,30.924,41.0,1020.0,6-3 6-4,3,R32,71.0,2.0,1.0,45.0,30.0,27.0,7.0,9.0,1.0,2.0,3.0,1.0,64.0,37.0,23.0,11.0,10.0,3.0,7.0
2014-338,Sydney,Hard,28,250,O,20140106,12,ME05,,WC,Marinko Matosevic,R,193.0,AUS,28.413,56.0,819.0,MB02,,,Florian Mayer,R,191.0,GER,30.256,38.0,1110.0,6-2 4-6 6-3,3,R32,101.0,5.0,4.0,86.0,54.0,42.0,15.0,14.0,4.0,7.0,4.0,1.0,71.0,40.0,27.0,12.0,13.0,2.0,7.0
2014-338,Sydney,Hard,28,250,O,20140106,13,D683,1.0,,Juan Martin del Potro,R,198.0,ARG,25.287,5.0,5255.0,M873,,,Nicolas Mahut,R,191.0,FRA,31.959,50.0,938.0,1-6 6-3 6-4,3,R16,111.0,15.0,2.0,88.0,58.0,41.0,15.0,13.0,2.0,4.0,11.0,1.0,73.0,42.0,36.0,15.0,13.0,3.0,5.0
2014-338,Sydney,Hard,28,250,O,20140106,14,S694,,,Radek Stepanek,R,185.0,CZE,35.11,45.0,970.0,R772,,LL,Albert Ramos-Vinolas,L,188.0,ESP,25.971,85.0,617.0,6-2 7-6(5),3,R16,91.0,10.0,2.0,58.0,38.0,29.0,13.0,10.0,3.0,5.0,1.0,2.0,71.0,45.0,29.0,9.0,10.0,3.0,7.0
2014-338,Sydney,Hard,28,250,O,20140106,15,T315,4.0,,Dmitry Tursunov,R,185.0,RUS,31.069,32.0,1244.0,R685,,,Lukas Rosol,R,193.0,CZE,28.454,47.0,956.0,3-6 6-3 6-3,3,R16,91.0,6.0,1.0,78.0,59.0,42.0,11.0,13.0,7.0,8.0,17.0,4.0,89.0,47.0,39.0,16.0,14.0,3.0,6.0
2014-338,Sydney,Hard,28,250,O,20140106,16,I165,,,Denis Istomin,R,185.0,UZB,27.332,49.0,945.0,C977,7.0,,Marin Cilic,R,198.0,CRO,25.273,37.0,1130.0,6-3 6-4,3,R16,77.0,2.0,0.0,64.0,39.0,34.0,12.0,10.0,2.0,2.0,8.0,1.0,54.0,37.0,27.0,6.0,9.0,1.0,3.0
2014-338,Sydney,Hard,28,250,O,20140106,17,SC77,,Q,Sergiy Stakhovsky,R,193.0,UKR,28.0,101.0,544.0,B747,6.0,,Julien Benneteau,R,185.0,FRA,32.047,35.0,1160.0,6-3 6-2,3,R16,67.0,9.0,4.0,54.0,34.0,26.0,8.0,8.0,2.0,3.0,6.0,2.0,50.0,32.0,17.0,5.0,9.0,2.0,7.0
2014-338,Sydney,Hard,28,250,O,20140106,18,ME05,,WC,Marinko Matosevic,R,193.0,AUS,28.413,56.0,819.0,SA93,3.0,,Andreas Seppi,R,191.0,ITA,29.875,25.0,1360.0,6-3 6-4,3,R16,72.0,7.0,1.0,54.0,33.0,28.0,14.0,10.0,1.0,1.0,3.0,1.0,58.0,34.0,24.0,12.0,9.0,6.0,8.0
2014-338,Sydney,Hard,28,250,O,20140106,19,TA46,,,Bernard Tomic,R,196.0,AUS,21.21,52.0,910.0,K834,,Q,Blaz Kavcic,R,188.0,SLO,26.842,102.0,542.0,6-3 4-6 6-4,3,R16,122.0,8.0,0.0,80.0,56.0,42.0,16.0,15.0,0.0,1.0,9.0,2.0,103.0,76.0,51.0,13.0,14.0,8.0,10.0
2014-338,Sydney,Hard,28,250,O,20140106,20,D801,,,Alexandr Dolgopolov,R,180.0,UKR,25.164,55.0,825.0,J397,2.0,,Jerzy Janowicz,R,203.0,POL,23.149,21.0,1615.0,6-2 6-2,3,R16,57.0,3.0,0.0,39.0,26.0,23.0,9.0,8.0,0.0,0.0,4.0,5.0,56.0,33.0,22.0,6.0,8.0,6.0,10.0
2014-338,Sydney,Hard,28,250,O,20140106,21,D683,1.0,,Juan Martin del Potro,R,198.0,ARG,25.287,5.0,5255.0,S694,,,Radek Stepanek,R,185.0,CZE,35.11,45.0,970.0,6-4 3-6 6-3,3,QF,129.0,14.0,3.0,97.0,64.0,46.0,14.0,14.0,7.0,10.0,3.0,3.0,81.0,39.0,26.0,23.0,14.0,3.0,7.0
2014-338,Sydney,Hard,28,250,O,20140106,22,T315,4.0,,Dmitry Tursunov,R,185.0,RUS,31.069,32.0,1244.0,I165,,,Denis Istomin,R,185.0,UZB,27.332,49.0,945.0,7-6(5) 6-2,3,QF,96.0,6.0,3.0,76.0,45.0,35.0,16.0,10.0,3.0,3.0,9.0,4.0,78.0,55.0,37.0,9.0,10.0,7.0,9.0
2014-338,Sydney,Hard,28,250,O,20140106,23,SC77,,Q,Sergiy Stakhovsky,R,193.0,UKR,28.0,101.0,544.0,ME05,,WC,Marinko Matosevic,R,193.0,AUS,28.413,56.0,819.0,6-4 6-3,3,QF,73.0,7.0,3.0,65.0,46.0,32.0,9.0,9.0,2.0,3.0,2.0,2.0,57.0,36.0,27.0,5.0,10.0,3.0,7.0
2014-338,Sydney,Hard,28,250,O,20140106,24,TA46,,,Bernard Tomic,R,196.0,AUS,21.21,52.0,910.0,D801,,,Alexandr Dolgopolov,R,180.0,UKR,25.164,55.0,825.0,6-4 6-3,3,QF,66.0,7.0,1.0,57.0,39.0,26.0,12.0,10.0,2.0,4.0,10.0,0.0,56.0,34.0,25.0,6.0,9.0,6.0,10.0
2014-338,Sydney,Hard,28,250,O,20140106,25,D683,1.0,,Juan Martin del Potro,R,198.0,ARG,25.287,5.0,5255.0,T315,4.0,,Dmitry Tursunov,R,185.0,RUS,31.069,32.0,1244.0,6-4 6-2,3,SF,65.0,9.0,0.0,43.0,26.0,24.0,13.0,9.0,1.0,1.0,3.0,1.0,51.0,35.0,24.0,6.0,9.0,2.0,5.0
2014-338,Sydney,Hard,28,250,O,20140106,26,TA46,,,Bernard Tomic,R,196.0,AUS,21.21,52.0,910.0,SC77,,Q,Sergiy Stakhovsky,R,193.0,UKR,28.0,101.0,544.0,6-7(4) 7-5 6-3,3,SF,134.0,8.0,0.0,108.0,70.0,52.0,21.0,16.0,7.0,8.0,11.0,6.0,106.0,51.0,38.0,29.0,17.0,6.0,10.0
2014-338,Sydney,Hard,28,250,O,20140106,27,D683,1.0,,Juan Martin del Potro,R,198.0,ARG,25.287,5.0,5255.0,TA46,,,Bernard Tomic,R,196.0,AUS,21.21,52.0,910.0,6-3 6-1,3,F,54.0,8.0,0.0,38.0,24.0,20.0,12.0,8.0,0.0,0.0,2.0,1.0,42.0,30.0,18.0,3.0,8.0,2.0,6.0
2014-580,Australian Open,Hard,128,G,O,20140113,1,N409,1.0,,Rafael Nadal,L,185.0,ESP,27.614,1.0,13130.0,TA46,,,Bernard Tomic,R,196.0,AUS,21.229,57.0,810.0,6-4 RET,5,R128,41.0,5.0,1.0,26.0,16.0,14.0,6.0,5.0,0.0,0.0,3.0,1.0,28.0,19.0,15.0,3.0,5.0,0.0,1.0
2014-580,Australian Open,Hard,128,G,O,20140113,2,H528,,,Victor Hanescu,R,198.0,ROU,32.482,76.0,665.0,G967,,Q,Peter Gojowczyk,R,188.0,GER,24.498,135.0,423.0,7-6(5) 7-6(5) 6-3,5,R128,136.0,8.0,4.0,120.0,78.0,59.0,24.0,17.0,5.0,6.0,7.0,6.0,104.0,57.0,44.0,22.0,16.0,5.0,7.0
2014-580,Australian Open,Hard,128,G,O,20140113,3,L575,,,Yen-Hsun Lu,R,180.0,TPE,30.418,53.0,860.0,W373,,Q,Jimmy Wang,R,180.0,TPE,28.928,173.0,302.0,6-3 6-2 6-1,5,R128,108.0,9.0,5.0,76.0,47.0,33.0,11.0,12.0,4.0,7.0,1.0,3.0,101.0,64.0,32.0,12.0,12.0,10.0,19.0
2014-580,Australian Open,Hard,128,G,O,20140113,4,D875,22.0,,Grigor Dimitrov,R,191.0,BUL,22.664,22.0,1460.0,KA98,,,Bradley Klahn,L,183.0,USA,23.4,93.0,592.0,6-7(7) 6-4 6-4 6-3,5,R128,154.0,14.0,4.0,108.0,62.0,55.0,30.0,20.0,0.0,0.0,10.0,9.0,130.0,75.0,54.0,28.0,21.0,4.0,8.0
2014-580,Australian Open,Hard,128,G,O,20140113,5,PD31,27.0,,Benoit Paire,R,196.0,FRA,24.684,28.0,1300.0,D499,,Q,Frank Dancevic,R,185.0,CAN,29.298,122.0,460.0,7-6(12) 6-3 6-4,5,R128,132.0,24.0,6.0,106.0,60.0,54.0,22.0,16.0,3.0,4.0,12.0,3.0,108.0,65.0,48.0,19.0,15.0,9.0,12.0
2014-580,Australian Open,Hard,128,G,O,20140113,6,KE17,,WC,Nick Kyrgios,R,193.0,AUS,18.716,183.0,277.0,B896,,,Benjamin Becker,R,178.0,GER,32.578,81.0,640.0,6-3 6-7(5) 6-2 7-6(2),5,R128,152.0,34.0,13.0,123.0,69.0,63.0,22.0,21.0,4.0,7.0,12.0,5.0,124.0,65.0,44.0,32.0,20.0,2.0,8.0
2014-580,Australian Open,Hard,128,G,O,20140113,7,BD06,,,Roberto Bautista Agut,R,183.0,ESP,25.749,62.0,750.0,SF62,,,Tim Smyczek,R,175.0,USA,26.04,90.0,600.0,6-2 6-1 6-1,5,R128,90.0,1.0,1.0,61.0,50.0,37.0,7.0,11.0,1.0,2.0,8.0,5.0,89.0,54.0,28.0,10.0,11.0,10.0,18.0
2014-580,Australian Open,Hard,128,G,O,20140113,8,D683,5.0,,Juan Martin del Potro,R,198.0,ARG,25.306,5.0,5415.0,W522,,Q,Rhyne Williams,R,185.0,USA,22.815,130.0,428.0,6-7(1) 6-3 6-4 6-4,5,R128,184.0,16.0,3.0,115.0,73.0,61.0,24.0,21.0,1.0,2.0,29.0,1.0,114.0,65.0,52.0,25.0,20.0,4.0,8.0
2014-580,Australian Open,Hard,128,G,O,20140113,9,MC10,4.0,,Andy Murray,R,191.0,GBR,26.667,4.0,5560.0,SC47,,,Go Soeda,R,178.0,JPN,29.355,112.0,498.0,6-1 6-1 6-3,5,R128,87.0,11.0,2.0,59.0,41.0,33.0,11.0,11.0,0.0,0.0,6.0,3.0,74.0,45.0,28.0,6.0,12.0,6.0,13.0
2014-580,Australian Open,Hard,128,G,O,20140113,10,ME31,,Q,Vincent Millot,L,173.0,FRA,27.953,267.0,170.0,O234,,Q,Wayne Odesnik,L,180.0,USA,28.145,139.0,410.0,7-5 4-6 6-7(4) 6-1 6-3,5,R128,209.0,18.0,9.0,166.0,96.0,64.0,33.0,25.0,13.0,20.0,11.0,2.0,165.0,110.0,66.0,23.0,25.0,15.0,26.0
2014-580,Australian Open,Hard,128,G,O,20140113,11,B678,,Q,Michael Berrer,L,193.0,GER,33.536,144.0,391.0,L428,,,Michael Llodra,L,191.0,FRA,33.656,102.0,541.0,6-4 7-5 6-1,5,R128,94.0,9.0,6.0,73.0,46.0,39.0,19.0,14.0,2.0,2.0,10.0,5.0,96.0,69.0,47.0,12.0,15.0,7.0,12.0
2014-580,Australian Open,Hard,128,G,O,20140113,12,KD46,,WC,Thanasi Kokkinakis,R,193.0,AUS,17.76,570.0,53.0,SF36,,,Igor Sijsling,R,191.0,NED,26.407,73.0,681.0,7-6(4) 0-6 7-6(3) 6-2,5,R128,182.0,6.0,9.0,147.0,79.0,55.0,36.0,19.0,5.0,9.0,20.0,4.0,123.0,73.0,57.0,22.0,19.0,2.0,5.0
2014-580,Australian Open,Hard,128,G,O,20140113,13,L397,26.0,,Feliciano Lopez,L,188.0,ESP,32.315,27.0,1310.0,D616,,,Somdev Devvarman,R,180.0,IND,28.914,97.0,579.0,6-4 6-4 7-6(2),5,R128,133.0,12.0,2.0,95.0,62.0,50.0,18.0,16.0,5.0,7.0,6.0,1.0,104.0,54.0,34.0,28.0,16.0,3.0,7.0
2014-580,Australian Open,Hard,128,G,O,20140113,14,R612,,LL,Stephane Robert,R,185.0,FRA,33.659,119.0,479.0,BH09,,,Aljaz Bedene,R,183.0,SLO,24.49,104.0,528.0,7-6(3) 6-3 6-0,5,R128,113.0,4.0,2.0,71.0,33.0,25.0,21.0,13.0,1.0,5.0,16.0,11.0,107.0,58.0,40.0,9.0,14.0,8.0,17.0
2014-580,Australian Open,Hard,128,G,O,20140113,15,P701,,,Michal Przysiezny,R,185.0,POL,29.908,64.0,730.0,Z184,,,Horacio Zeballos,L,188.0,ARG,28.715,65.0,730.0,6-3 7-6(4) 7-5,5,R128,126.0,15.0,0.0,89.0,61.0,48.0,17.0,16.0,2.0,4.0,11.0,4.0,100.0,60.0,43.0,18.0,17.0,3.0,8.0
2014-580,Australian Open,Hard,128,G,O,20140113,16,RA51,,Q,Blaz Rola,L,193.0,SLO,23.274,185.0,276.0,D874,,,Federico Delbonis,L,193.0,ARG,23.274,55.0,826.0,6-4 6-2 7-5,5,R128,128.0,6.0,8.0,102.0,69.0,57.0,13.0,15.0,8.0,8.0,4.0,1.0,92.0,58.0,38.0,16.0,15.0,5.0,9.0
2014-580,Australian Open,Hard,128,G,O,20140113,17,K966,,LL,Martin Klizan,L,191.0,SVK,24.509,106.0,518.0,I186,13.0,,John Isner,R,208.0,USA,28.717,13.0,2310.0,6-2 7-6(6) RET,5,R128,82.0,9.0,2.0,58.0,32.0,27.0,21.0,11.0,3.0,3.0,10.0,0.0,67.0,52.0,36.0,6.0,10.0,3.0,5.0
2014-580,Australian Open,Hard,128,G,O,20140113,18,T786,10.0,,Jo-Wilfried Tsonga,R,188.0,FRA,28.742,10.0,3065.0,V254,,,Filippo Volandri,R,183.0,ITA,32.356,70.0,694.0,7-5 6-3 6-3,5,R128,110.0,15.0,1.0,82.0,51.0,37.0,23.0,15.0,1.0,2.0,2.0,6.0,99.0,60.0,37.0,18.0,15.0,8.0,13.0
2014-580,Australian Open,Hard,128,G,O,20140113,19,BD20,,Q,Thomaz Bellucci,L,188.0,BRA,26.04,129.0,430.0,R782,,,Julian Reister,R,188.0,GER,27.784,88.0,612.0,4-6 6-3 7-6(5) RET,5,R128,132.0,8.0,6.0,99.0,53.0,40.0,23.0,16.0,4.0,8.0,5.0,8.0,92.0,57.0,43.0,14.0,15.0,3.0,7.0
2014-580,Australian Open,Hard,128,G,O,20140113,20,C977,,,Marin Cilic,R,198.0,CRO,25.292,36.0,1130.0,G710,,,Marcel Granollers,R,191.0,ESP,27.756,35.0,1155.0,4-6 4-6 6-3 6-3 6-2,5,R128,192.0,22.0,4.0,120.0,70.0,58.0,29.0,23.0,1.0,3.0,13.0,3.0,149.0,91.0,64.0,27.0,23.0,3.0,8.0
2014-580,Australian Open,Hard,128,G,O,20140113,21,SD32,18.0,,Gilles Simon,R,183.0,FRA,29.046,19.0,1790.0,BC72,,,Daniel Brands,R,196.0,GER,26.494,59.0,779.0,6-7(4) 6-4 3-6 6-3 16-14,5,R128,272.0,32.0,17.0,257.0,143.0,114.0,57.0,35.0,23.0,25.0,41.0,4.0,204.0,128.0,108.0,37.0,35.0,6.0,10.0
2014-580,Australian Open,Hard,128,G,O,20140113,22,V306,31.0,,Fernando Verdasco,L,188.0,ESP,30.163,33.0,1235.0,Z272,,Q,Ze Zhang,R,188.0,CHN,23.529,253.0,182.0,5-7 6-3 6-2 6-3,5,R128,146.0,20.0,6.0,115.0,70.0,59.0,24.0,19.0,4.0,5.0,7.0,6.0,111.0,64.0,44.0,25.0,19.0,9.0,14.0
2014-580,Australian Open,Hard,128,G,O,20140113,23,SM25,,,Jack Sock,R,191.0,USA,21.303,95.0,582.0,K839,,,Tobias Kamke,R,178.0,GER,27.65,78.0,651.0,7-6(5) 5-7 6-2 6-4,5,R128,242.0,16.0,12.0,148.0,74.0,54.0,43.0,21.0,10.0,12.0,6.0,8.0,136.0,66.0,51.0,36.0,21.0,6.0,10.0
2014-580,Australian Open,Hard,128,G,O,20140113,24,G681,,,Teymuraz Gabashvili,R,185.0,GEO,28.643,79.0,651.0,SC77,,,Sergiy Stakhovsky,R,193.0,UKR,28.019,82.0,636.0,6-7(3) 6-4 6-2 6-0,5,R128,171.0,5.0,4.0,114.0,66.0,49.0,24.0,18.0,3.0,6.0,14.0,8.0,131.0,72.0,50.0,21.0,18.0,8.0,17.0
2014-580,Australian Open,Hard,128,G,O,20140113,25,K834,,,Blaz Kavcic,R,188.0,SLO,26.861,99.0,559.0,S694,,,Radek Stepanek,R,185.0,CZE,35.129,44.0,995.0,6-7(3) 4-6 6-1 2-0 RET,5,R128,167.0,10.0,6.0,103.0,65.0,43.0,22.0,16.0,7.0,11.0,5.0,11.0,122.0,62.0,37.0,29.0,16.0,8.0,14.0
2014-580,Australian Open,Hard,128,G,O,20140113,26,F324,6.0,,Roger Federer,R,185.0,SUI,32.433,6.0,4355.0,D994,,WC,James Duckworth,R,183.0,AUS,21.979,133.0,425.0,6-4 6-4 6-2,5,R128,106.0,11.0,5.0,78.0,45.0,40.0,19.0,14.0,1.0,1.0,13.0,3.0,92.0,48.0,36.0,19.0,14.0,13.0,17.0
2014-580,Australian Open,Hard,128,G,O,20140113,27,BA47,7.0,,Tomas Berdych,R,196.0,CZE,28.323,7.0,4180.0,N503,,,Aleksandr Nedovyesov,R,188.0,KAZ,26.91,94.0,586.0,6-3 6-4 6-3,5,R128,110.0,8.0,0.0,71.0,47.0,39.0,19.0,14.0,2.0,2.0,8.0,2.0,93.0,57.0,37.0,17.0,14.0,10.0,14.0
2014-580,Australian Open,Hard,128,G,O,20140113,28,D750,,,Kenny De Schepper,L,203.0,FRA,26.628,86.0,617.0,W571,,WC,Di Wu,R,173.0,CHN,22.333,203.0,246.0,7-5 7-5 7-6(2),5,R128,162.0,19.0,13.0,133.0,84.0,63.0,20.0,18.0,11.0,13.0,3.0,5.0,126.0,74.0,46.0,29.0,18.0,7.0,11.0
2014-580,Australian Open,Hard,128,G,O,20140113,29,D923,,Q,Damir Dzumhur,R,175.0,BIH,21.651,188.0,272.0,H571,,,Jan Hajek,R,180.0,CZE,30.437,103.0,540.0,6-4 6-2 6-1,5,R128,86.0,4.0,3.0,68.0,36.0,31.0,19.0,12.0,1.0,2.0,2.0,6.0,82.0,60.0,31.0,6.0,13.0,5.0,12.0
2014-580,Australian Open,Hard,128,G,O,20140113,30,D646,32.0,,Ivan Dodig,R,183.0,CRO,29.029,34.0,1190.0,K336,,,Ivo Karlovic,R,211.0,CRO,34.875,75.0,667.0,7-6(8) 6-3 7-6(4),5,R128,114.0,8.0,2.0,100.0,83.0,68.0,12.0,17.0,2.0,3.0,25.0,1.0,101.0,67.0,55.0,18.0,16.0,1.0,3.0
2014-580,Australian Open,Hard,128,G,O,20140113,31,A678,19.0,,Kevin Anderson,R,203.0,RSA,27.658,21.0,1580.0,V708,,,Jiri Vesely,L,198.0,CZE,20.512,83.0,636.0,2-6 6-7(4) 6-4 6-4 6-4,5,R128,229.0,21.0,9.0,146.0,92.0,76.0,28.0,25.0,4.0,6.0,16.0,10.0,162.0,92.0,69.0,43.0,25.0,11.0,14.0
2014-580,Australian Open,Hard,128,G,O,20140113,32,TB69,,Q,Dominic Thiem,R,185.0,AUT,20.361,136.0,422.0,SH90,,,Joao Sousa,R,185.0,POR,24.791,50.0,925.0,5-7 6-4 6-3 7-6(3),5,R128,185.0,20.0,3.0,137.0,76.0,60.0,31.0,21.0,5.0,8.0,8.0,0.0,144.0,94.0,57.0,30.0,22.0,7.0,12.0
2014-580,Australian Open,Hard,128,G,O,20140113,33,R613,,,Edouard Roger-Vasselin,R,185.0,FRA,30.127,40.0,1038.0,B884,,,Carlos Berlocq,R,183.0,ARG,30.943,41.0,1020.0,6-4 7-6(5) 6-7(9) 6-2,5,R128,228.0,6.0,6.0,168.0,109.0,67.0,32.0,21.0,9.0,13.0,9.0,4.0,145.0,83.0,49.0,32.0,21.0,9.0,16.0
2014-580,Australian Open,Hard,128,G,O,20140113,34,MC65,25.0,,Gael Monfils,R,193.0,FRA,27.368,32.0,1245.0,H940,,,Ryan Harrison,R,185.0,USA,21.687,110.0,504.0,6-4 6-4 6-4,5,R128,111.0,10.0,5.0,78.0,51.0,44.0,17.0,15.0,0.0,0.0,2.0,1.0,93.0,57.0,42.0,17.0,15.0,1.0,4.0
2014-580,Australian Open,Hard,128,G,O,20140113,35,G476,,,Guillermo Garcia-Lopez,R,185.0,ESP,30.612,58.0,801.0,H355,12.0,,Tommy Haas,R,188.0,GER,35.781,12.0,2435.0,7-5 5-2 RET,5,R128,80.0,7.0,3.0,60.0,35.0,27.0,11.0,9.0,1.0,2.0,4.0,7.0,60.0,31.0,22.0,11.0,10.0,0.0,4.0
2014-580,Australian Open,Hard,128,G,O,20140113,36,Y061,14.0,,Mikhail Youzhny,R,183.0,RUS,31.554,15.0,2145.0,SL28,,,Jan-Lennard Struff,R,193.0,GER,23.721,105.0,527.0,6-1 6-4 6-2,5,R128,109.0,5.0,2.0,86.0,59.0,39.0,17.0,13.0,3.0,5.0,2.0,8.0,75.0,37.0,24.0,12.0,12.0,2.0,9.0
2014-580,Australian Open,Hard,128,G,O,20140113,37,MB02,,,Florian Mayer,R,191.0,GER,30.275,37.0,1110.0,KB09,,Q,Denis Kudla,R,180.0,USA,21.407,113.0,497.0,6-4 6-2 6-4,5,R128,105.0,6.0,1.0,83.0,49.0,37.0,21.0,14.0,2.0,3.0,1.0,2.0,96.0,57.0,35.0,18.0,14.0,6.0,11.0
2014-580,Australian Open,Hard,128,G,O,20140113,38,A596,,,Pablo Andujar,R,180.0,ESP,27.973,48.0,946.0,R772,,,Albert Ramos-Vinolas,L,188.0,ESP,25.99,84.0,626.0,6-4 6-2 6-4,5,R128,115.0,2.0,1.0,90.0,66.0,40.0,15.0,14.0,4.0,7.0,2.0,3.0,84.0,51.0,32.0,10.0,14.0,5.0,12.0
2014-580,Australian Open,Hard,128,G,O,20140113,39,J397,20.0,,Jerzy Janowicz,R,203.0,POL,23.168,20.0,1615.0,TC61,,WC,Jordan Thompson,R,183.0,AUS,19.734,319.0,139.0,1-6 4-6 6-4 6-2 6-1,5,R128,196.0,17.0,11.0,162.0,104.0,74.0,27.0,21.0,7.0,10.0,13.0,7.0,131.0,79.0,57.0,22.0,21.0,4.0,9.0
2014-580,Australian Open,Hard,128,G,O,20140113,40,CA12,29.0,,Jeremy Chardy,R,188.0,FRA,26.919,31.0,1255.0,H704,,,Jesse Huta Galung,R,,NED,28.271,100.0,557.0,6-2 6-4 6-4,5,R128,110.0,9.0,3.0,88.0,58.0,46.0,16.0,14.0,5.0,5.0,9.0,7.0,86.0,47.0,39.0,15.0,14.0,5.0,9.0
2014-580,Australian Open,Hard,128,G,O,20140113,41,D801,,,Alexandr Dolgopolov,R,180.0,UKR,25.183,56.0,825.0,BE90,,Q,Ricardas Berankis,R,175.0,LTU,23.565,128.0,433.0,7-5 7-5 6-2,5,R128,123.0,8.0,4.0,91.0,53.0,42.0,23.0,16.0,2.0,3.0,10.0,3.0,114.0,57.0,40.0,25.0,16.0,11.0,16.0
2014-580,Australian Open,Hard,128,G,O,20140113,42,ME82,,,Adrian Mannarino,L,180.0,FRA,25.541,71.0,692.0,J386,,WC,Steve Johnson,R,188.0,USA,24.055,147.0,378.0,3-6 6-3 6-0 5-7 6-4,5,R128,177.0,3.0,3.0,140.0,81.0,52.0,37.0,23.0,2.0,6.0,21.0,12.0,131.0,69.0,50.0,28.0,23.0,4.0,11.0
2014-580,Australian Open,Hard,128,G,O,20140113,43,F401,3.0,,David Ferrer,R,175.0,ESP,31.784,3.0,5640.0,G892,,,Alejandro Gonzalez,R,191.0,COL,24.931,74.0,672.0,6-3 6-4 6-4,5,R128,125.0,2.0,6.0,83.0,44.0,28.0,21.0,15.0,2.0,7.0,2.0,4.0,88.0,60.0,34.0,7.0,14.0,4.0,12.0
2014-580,Australian Open,Hard,128,G,O,20140113,44,W367,8.0,,Stan Wawrinka,R,183.0,SUI,28.797,8.0,3890.0,G806,,,Andrey Golubev,R,180.0,KAZ,26.48,85.0,620.0,6-4 4-1 RET,5,R128,65.0,4.0,1.0,35.0,22.0,20.0,6.0,7.0,1.0,2.0,0.0,0.0,56.0,36.0,18.0,10.0,8.0,5.0,9.0
2014-580,Australian Open,Hard,128,G,O,20140113,45,SA93,24.0,,Andreas Seppi,R,191.0,ITA,29.895,25.0,1360.0,H432,,,Lleyton Hewitt,R,178.0,AUS,32.884,43.0,1010.0,7-6(4) 6-3 5-7 5-7 7-5,5,R128,258.0,17.0,5.0,176.0,103.0,72.0,40.0,29.0,6.0,13.0,23.0,5.0,177.0,90.0,76.0,38.0,28.0,11.0,18.0
2014-580,Australian Open,Hard,128,G,O,20140113,46,F444,,,Alejandro Falla,L,185.0,COL,30.166,87.0,612.0,K926,,,Mikhail Kukushkin,R,183.0,KAZ,26.051,66.0,721.0,6-7(2) 6-2 6-2 6-3,5,R128,189.0,4.0,2.0,123.0,74.0,50.0,23.0,18.0,10.0,14.0,2.0,3.0,156.0,86.0,55.0,23.0,19.0,18.0,28.0
2014-580,Australian Open,Hard,128,G,O,20140113,47,E690,,,Matthew Ebden,R,188.0,AUS,26.133,67.0,711.0,M873,,,Nicolas Mahut,R,191.0,FRA,31.978,46.0,958.0,6-3 7-5 4-6 0-6 6-3,5,R128,184.0,7.0,7.0,132.0,89.0,58.0,23.0,23.0,9.0,15.0,7.0,4.0,136.0,87.0,63.0,23.0,23.0,6.0,12.0
2014-580,Australian Open,Hard,128,G,O,20140113,48,PD07,28.0,,Vasek Pospisil,R,193.0,CAN,23.559,30.0,1289.0,G940,,WC,Sam Groth,R,193.0,AUS,26.237,157.0,334.0,6-4 6-3 6-4,5,R128,103.0,6.0,4.0,75.0,50.0,45.0,13.0,14.0,2.0,2.0,16.0,4.0,93.0,60.0,40.0,17.0,15.0,6.0,10.0
2014-580,Australian Open,Hard,128,G,O,20140113,49,R419,17.0,,Tommy Robredo,R,180.0,ESP,31.704,18.0,1810.0,R685,,,Lukas Rosol,R,193.0,CZE,28.474,47.0,956.0,6-1 6-7(7) 3-6 7-6(5) 8-6,5,R128,212.0,13.0,0.0,144.0,82.0,62.0,43.0,26.0,4.0,7.0,11.0,12.0,185.0,91.0,71.0,42.0,28.0,12.0,18.0
2014-580,Australian Open,Hard,128,G,O,20140113,50,B747,,,Julien Benneteau,R,185.0,FRA,32.066,38.0,1090.0,CD85,,,Pablo Carreno Busta,R,188.0,ESP,22.508,63.0,739.0,6-3 3-6 4-6 6-1 6-2,5,R128,183.0,16.0,4.0,131.0,87.0,62.0,24.0,22.0,1.0,5.0,7.0,7.0,147.0,78.0,47.0,34.0,21.0,12.0,19.0
2014-580,Australian Open,Hard,128,G,O,20140113,51,D402,,,Nikolay Davydenko,R,178.0,RUS,32.616,61.0,760.0,K540,,,Lukasz Kubot,R,191.0,POL,31.663,72.0,686.0,3-6 6-3 3-6 6-3 6-4,5,R128,219.0,6.0,4.0,135.0,104.0,76.0,11.0,23.0,8.0,14.0,8.0,12.0,168.0,100.0,68.0,25.0,23.0,17.0,24.0
2014-580,Australian Open,Hard,128,G,O,20140113,52,G628,9.0,,Richard Gasquet,R,183.0,FRA,27.573,9.0,3140.0,G753,,Q,David Guez,R,185.0,FRA,31.099,176.0,286.0,7-5 6-4 6-1,5,R128,113.0,12.0,0.0,85.0,58.0,43.0,13.0,15.0,4.0,7.0,3.0,0.0,76.0,48.0,26.0,12.0,14.0,3.0,10.0
2014-580,Australian Open,Hard,128,G,O,20140113,53,F510,15.0,,Fabio Fognini,R,178.0,ITA,26.642,16.0,1930.0,B842,,,Alex Bogomolov Jr.,R,178.0,RUS,30.727,89.0,611.0,6-3 6-2 RET,5,R128,89.0,3.0,4.0,55.0,27.0,19.0,14.0,8.0,4.0,6.0,0.0,11.0,84.0,44.0,25.0,14.0,9.0,14.0,20.0
2014-580,Australian Open,Hard,128,G,O,20140113,54,N289,,,Jarkko Nieminen,L,185.0,FIN,32.476,39.0,1090.0,SC56,,,Dudi Sela,R,175.0,ISR,28.778,68.0,706.0,3-6 7-6(3) 6-7(3) 6-3 6-3,5,R128,218.0,2.0,5.0,176.0,103.0,66.0,34.0,26.0,8.0,17.0,5.0,3.0,170.0,113.0,72.0,25.0,25.0,7.0,17.0
2014-580,Australian Open,Hard,128,G,O,20140113,55,Q927,,,Sam Querrey,R,198.0,USA,26.27,51.0,915.0,G725,,,Santiago Giraldo,R,188.0,COL,26.13,69.0,703.0,6-3 6-2 3-6 7-6(3),5,R128,133.0,24.0,4.0,117.0,74.0,60.0,22.0,19.0,5.0,7.0,9.0,3.0,113.0,72.0,50.0,23.0,19.0,3.0,7.0
2014-580,Australian Open,Hard,128,G,O,20140113,56,Y124,,,Donald Young,L,183.0,USA,24.476,91.0,595.0,H756,,,Robin Haase,R,191.0,NED,26.773,45.0,977.0,6-7(4) 7-6(2) 6-2 1-0 RET,5,R128,154.0,0.0,5.0,106.0,77.0,58.0,16.0,16.0,3.0,4.0,11.0,6.0,124.0,81.0,55.0,19.0,15.0,5.0,7.0
2014-580,Australian Open,Hard,128,G,O,20140113,57,G858,23.0,,Ernests Gulbis,R,191.0,LAT,25.372,24.0,1418.0,MA21,,,Juan Monaco,R,185.0,ARG,29.793,42.0,1015.0,1-6 6-4 7-6(4) 6-2,5,R128,189.0,17.0,11.0,144.0,76.0,59.0,32.0,19.0,9.0,12.0,0.0,4.0,111.0,84.0,63.0,12.0,18.0,2.0,5.0
2014-580,Australian Open,Hard,128,G,O,20140113,58,T315,30.0,,Dmitry Tursunov,R,185.0,RUS,31.088,26.0,1314.0,R368,,,Michael Russell,R,173.0,USA,35.704,92.0,594.0,6-2 6-2 6-3,5,R128,116.0,8.0,6.0,99.0,52.0,39.0,24.0,13.0,6.0,7.0,1.0,8.0,84.0,42.0,24.0,19.0,12.0,3.0,9.0
2014-580,Australian Open,Hard,128,G,O,20140113,59,I165,,,Denis Istomin,R,185.0,UZB,27.351,49.0,945.0,B837,,,Marcos Baghdatis,R,178.0,CYP,28.575,108.0,515.0,6-4 7-5 6-4,5,R128,156.0,9.0,1.0,105.0,80.0,56.0,16.0,16.0,8.0,9.0,9.0,4.0,127.0,66.0,53.0,20.0,16.0,9.0,13.0
2014-580,Australian Open,Hard,128,G,O,20140113,60,MD56,,,Leonardo Mayer,R,191.0,ARG,26.667,98.0,579.0,M824,,,Albert Montanes,R,175.0,ESP,33.131,60.0,766.0,6-1 6-3 6-1,5,R128,70.0,13.0,1.0,54.0,33.0,31.0,13.0,11.0,0.0,0.0,1.0,4.0,68.0,41.0,23.0,9.0,12.0,7.0,14.0
2014-580,Australian Open,Hard,128,G,O,20140113,61,D643,2.0,,Novak Djokovic,R,188.0,SRB,26.648,2.0,12260.0,L797,,,Lukas Lacko,R,188.0,SVK,26.196,96.0,582.0,6-3 7-6(2) 6-1,5,R128,110.0,9.0,0.0,79.0,54.0,45.0,17.0,15.0,2.0,3.0,5.0,1.0,92.0,56.0,35.0,18.0,13.0,4.0,8.0
2014-580,Australian Open,Hard,128,G,O,20140113,62,L987,,Q,Dusan Lajovic,R,183.0,SRB,23.54,117.0,483.0,PF39,,WC,Lucas Pouille,R,185.0,FRA,19.888,193.0,262.0,6-4 7-6(9) 4-6 6-3,5,R128,183.0,7.0,7.0,132.0,80.0,53.0,30.0,21.0,4.0,8.0,2.0,10.0,135.0,84.0,56.0,21.0,20.0,5.0,10.0
2014-580,Australian Open,Hard,128,G,O,20140113,63,N552,16.0,,Kei Nishikori,R,178.0,JPN,24.041,17.0,1915.0,ME05,,,Marinko Matosevic,R,193.0,AUS,28.433,54.0,856.0,6-3 5-7 6-2 4-6 6-2,5,R128,221.0,6.0,5.0,143.0,96.0,69.0,26.0,23.0,6.0,9.0,13.0,9.0,172.0,103.0,68.0,30.0,24.0,8.0,15.0
2014-580,Australian Open,Hard,128,G,O,20140113,64,R975,11.0,,Milos Raonic,R,196.0,CAN,23.047,11.0,2860.0,G676,,,Daniel Gimeno-Traver,R,183.0,ESP,28.435,77.0,662.0,7-6(2) 6-1 4-6 6-2,5,R128,144.0,21.0,7.0,101.0,65.0,56.0,17.0,18.0,3.0,6.0,5.0,5.0,122.0,69.0,43.0,25.0,19.0,13.0,20.0
2014-580,Australian Open,Hard,128,G,O,20140113,65,N409,1.0,,Rafael Nadal,L,185.0,ESP,27.614,1.0,13130.0,KD46,,WC,Thanasi Kokkinakis,R,193.0,AUS,17.76,570.0,53.0,6-2 6-4 6-2,5,R64,113.0,7.0,1.0,74.0,56.0,46.0,10.0,13.0,3.0,3.0,4.0,2.0,78.0,52.0,33.0,10.0,13.0,5.0,10.0
2014-580,Australian Open,Hard,128,G,O,20140113,66,MC65,25.0,,Gael Monfils,R,193.0,FRA,27.368,32.0,1245.0,SM25,,,Jack Sock,R,191.0,USA,21.303,95.0,582.0,7-6(2) 7-5 6-2,5,R64,123.0,13.0,3.0,91.0,56.0,47.0,23.0,16.0,0.0,1.0,5.0,9.0,118.0,69.0,48.0,23.0,16.0,7.0,11.0
2014-580,Australian Open,Hard,128,G,O,20140113,67,Y124,,,Donald Young,L,183.0,USA,24.476,91.0,595.0,SA93,24.0,,Andreas Seppi,R,191.0,ITA,29.895,25.0,1360.0,6-4 2-6 6-3 4-6 7-5,5,R64,211.0,6.0,15.0,177.0,106.0,71.0,30.0,25.0,12.0,18.0,12.0,10.0,148.0,84.0,57.0,33.0,24.0,9.0,15.0
2014-580,Australian Open,Hard,128,G,O,20140113,68,N552,16.0,,Kei Nishikori,R,178.0,JPN,24.041,17.0,1915.0,L987,,Q,Dusan Lajovic,R,183.0,SRB,23.54,117.0,483.0,6-1 6-1 7-6(3),5,R64,109.0,5.0,3.0,81.0,52.0,43.0,15.0,13.0,4.0,5.0,7.0,3.0,91.0,63.0,35.0,10.0,13.0,6.0,12.0
2014-580,Australian Open,Hard,128,G,O,20140113,69,R975,11.0,,Milos Raonic,R,196.0,CAN,23.047,11.0,2860.0,H528,,,Victor Hanescu,R,198.0,ROU,32.482,76.0,665.0,7-6(9) 6-4 6-4,5,R64,139.0,27.0,3.0,104.0,67.0,57.0,23.0,16.0,5.0,5.0,6.0,1.0,113.0,76.0,55.0,22.0,16.0,4.0,6.0
2014-580,Australian Open,Hard,128,G,O,20140113,70,D875,22.0,,Grigor Dimitrov,R,191.0,BUL,22.664,22.0,1460.0,L575,,,Yen-Hsun Lu,R,180.0,TPE,30.418,53.0,860.0,6-3 6-3 7-6(11),5,R64,124.0,15.0,7.0,96.0,58.0,50.0,17.0,15.0,2.0,4.0,2.0,2.0,116.0,82.0,47.0,19.0,15.0,16.0,21.0
2014-580,Australian Open,Hard,128,G,O,20140113,71,PD31,27.0,,Benoit Paire,R,196.0,FRA,24.684,28.0,1300.0,KE17,,WC,Nick Kyrgios,R,193.0,AUS,18.716,183.0,277.0,6-7(5) 6-7(5) 6-4 6-2 6-2,5,R64,200.0,32.0,5.0,161.0,82.0,69.0,46.0,25.0,8.0,10.0,24.0,11.0,186.0,124.0,87.0,26.0,25.0,17.0,24.0
2014-580,Australian Open,Hard,128,G,O,20140113,72,BD06,,,Roberto Bautista Agut,R,183.0,ESP,25.749,62.0,750.0,D683,5.0,,Juan Martin del Potro,R,198.0,ARG,25.306,5.0,5415.0,4-6 6-3 5-7 6-4 7-5,5,R64,233.0,12.0,6.0,166.0,116.0,89.0,22.0,27.0,13.0,17.0,28.0,2.0,148.0,107.0,76.0,21.0,26.0,3.0,8.0
2014-580,Australian Open,Hard,128,G,O,20140113,73,MC10,4.0,,Andy Murray,R,191.0,GBR,26.667,4.0,5560.0,ME31,,Q,Vincent Millot,L,173.0,FRA,27.953,267.0,170.0,6-2 6-2 7-5,5,R64,121.0,5.0,5.0,75.0,44.0,35.0,17.0,14.0,1.0,4.0,2.0,7.0,99.0,54.0,25.0,20.0,14.0,9.0,17.0
2014-580,Australian Open,Hard,128,G,O,20140113,74,L397,26.0,,Feliciano Lopez,L,188.0,ESP,32.315,27.0,1310.0,B678,,Q,Michael Berrer,L,193.0,GER,33.536,144.0,391.0,6-4 7-6(6) 6-4,5,R64,133.0,8.0,3.0,97.0,60.0,45.0,23.0,16.0,2.0,4.0,6.0,3.0,108.0,75.0,49.0,17.0,16.0,8.0,12.0
2014-580,Australian Open,Hard,128,G,O,20140113,75,R612,,LL,Stephane Robert,R,185.0,FRA,33.659,119.0,479.0,P701,,,Michal Przysiezny,R,185.0,POL,29.908,64.0,730.0,7-6(3) 6-1 6-7(3) 6-1,5,R64,153.0,12.0,8.0,124.0,71.0,55.0,31.0,20.0,5.0,7.0,12.0,6.0,131.0,72.0,47.0,27.0,18.0,11.0,17.0
2014-580,Australian Open,Hard,128,G,O,20140113,76,K966,,LL,Martin Klizan,L,191.0,SVK,24.509,106.0,518.0,RA51,,Q,Blaz Rola,L,193.0,SLO,23.274,185.0,276.0,6-4 6-3 5-7 7-6(2),5,R64,172.0,16.0,5.0,116.0,67.0,49.0,34.0,21.0,1.0,4.0,12.0,8.0,146.0,92.0,66.0,24.0,22.0,9.0,14.0
2014-580,Australian Open,Hard,128,G,O,20140113,77,T786,10.0,,Jo-Wilfried Tsonga,R,188.0,FRA,28.742,10.0,3065.0,BD20,,Q,Thomaz Bellucci,L,188.0,BRA,26.04,129.0,430.0,7-6(6) 6-4 6-4,5,R64,135.0,13.0,6.0,92.0,59.0,51.0,18.0,16.0,3.0,4.0,9.0,5.0,106.0,48.0,31.0,34.0,16.0,6.0,9.0
2014-580,Australian Open,Hard,128,G,O,20140113,78,SD32,18.0,,Gilles Simon,R,183.0,FRA,29.046,19.0,1790.0,C977,,,Marin Cilic,R,198.0,CRO,25.292,36.0,1130.0,4-6 7-6(3) 6-7(5) 6-1 6-2,5,R64,237.0,7.0,8.0,180.0,89.0,65.0,41.0,25.0,8.0,15.0,15.0,7.0,147.0,73.0,50.0,32.0,24.0,2.0,12.0
2014-580,Australian Open,Hard,128,G,O,20140113,79,G681,,,Teymuraz Gabashvili,R,185.0,GEO,28.643,79.0,651.0,V306,31.0,,Fernando Verdasco,L,188.0,ESP,30.163,33.0,1235.0,7-6(1) 3-6 2-6 6-4 6-4,5,R64,211.0,2.0,4.0,143.0,98.0,63.0,25.0,24.0,4.0,10.0,11.0,18.0,159.0,93.0,64.0,37.0,25.0,12.0,17.0
2014-580,Australian Open,Hard,128,G,O,20140113,80,F324,6.0,,Roger Federer,R,185.0,SUI,32.433,6.0,4355.0,K834,,,Blaz Kavcic,R,188.0,SLO,26.861,99.0,559.0,6-2 6-1 7-6(4),5,R64,107.0,11.0,0.0,76.0,58.0,45.0,9.0,13.0,1.0,2.0,6.0,3.0,99.0,61.0,32.0,18.0,14.0,5.0,11.0
2014-580,Australian Open,Hard,128,G,O,20140113,81,BA47,7.0,,Tomas Berdych,R,196.0,CZE,28.323,7.0,4180.0,D750,,,Kenny De Schepper,L,203.0,FRA,26.628,86.0,617.0,6-4 6-1 6-3,5,R64,102.0,5.0,4.0,66.0,42.0,37.0,15.0,13.0,0.0,0.0,8.0,9.0,84.0,54.0,33.0,10.0,13.0,3.0,8.0
2014-580,Australian Open,Hard,128,G,O,20140113,82,D923,,Q,Damir Dzumhur,R,175.0,BIH,21.651,188.0,272.0,D646,32.0,,Ivan Dodig,R,183.0,CRO,29.029,34.0,1190.0,4-6 4-6 6-3 4-1 RET,5,R64,142.0,7.0,6.0,94.0,48.0,36.0,26.0,16.0,4.0,7.0,14.0,2.0,92.0,52.0,40.0,19.0,16.0,2.0,5.0
2014-580,Australian Open,Hard,128,G,O,20140113,83,A678,19.0,,Kevin Anderson,R,203.0,RSA,27.658,21.0,1580.0,TB69,,Q,Dominic Thiem,R,185.0,AUT,20.361,136.0,422.0,6-4 6-3 6-4,5,R64,107.0,15.0,5.0,80.0,51.0,43.0,18.0,15.0,2.0,2.0,10.0,3.0,76.0,44.0,34.0,16.0,14.0,2.0,5.0
2014-580,Australian Open,Hard,128,G,O,20140113,84,R613,,,Edouard Roger-Vasselin,R,185.0,FRA,30.127,40.0,1038.0,G476,,,Guillermo Garcia-Lopez,R,185.0,ESP,30.612,58.0,801.0,7-6(1) 6-4 4-6 6-1,5,R64,171.0,11.0,2.0,122.0,70.0,49.0,28.0,19.0,9.0,13.0,9.0,10.0,125.0,64.0,46.0,26.0,20.0,10.0,17.0
2014-580,Australian Open,Hard,128,G,O,20140113,85,MB02,,,Florian Mayer,R,191.0,GER,30.275,37.0,1110.0,Y061,14.0,,Mikhail Youzhny,R,183.0,RUS,31.554,15.0,2145.0,6-4 3-6 6-3 3-6 6-3,5,R64,186.0,18.0,2.0,127.0,76.0,58.0,34.0,23.0,4.0,7.0,14.0,6.0,135.0,71.0,53.0,38.0,23.0,9.0,13.0
2014-580,Australian Open,Hard,128,G,O,20140113,86,J397,20.0,,Jerzy Janowicz,R,203.0,POL,23.168,20.0,1615.0,A596,,,Pablo Andujar,R,180.0,ESP,27.973,48.0,946.0,4-6 7-6(3) 7-6(5) 6-3,5,R64,205.0,15.0,5.0,159.0,107.0,76.0,25.0,22.0,8.0,11.0,11.0,1.0,141.0,112.0,72.0,19.0,21.0,8.0,11.0
2014-580,Australian Open,Hard,128,G,O,20140113,87,CA12,29.0,,Jeremy Chardy,R,188.0,FRA,26.919,31.0,1255.0,D801,,,Alexandr Dolgopolov,R,180.0,UKR,25.183,56.0,825.0,7-5 7-6(5) 6-7(3) 7-6(5),5,R64,211.0,22.0,10.0,160.0,95.0,74.0,30.0,24.0,8.0,12.0,15.0,2.0,163.0,115.0,80.0,23.0,24.0,9.0,14.0
2014-580,Australian Open,Hard,128,G,O,20140113,88,F401,3.0,,David Ferrer,R,175.0,ESP,31.784,3.0,5640.0,ME82,,,Adrian Mannarino,L,180.0,FRA,25.541,71.0,692.0,7-6(2) 5-7 6-0 6-3,5,R64,182.0,0.0,3.0,118.0,81.0,56.0,18.0,19.0,5.0,10.0,3.0,1.0,137.0,77.0,44.0,25.0,20.0,8.0,17.0
2014-580,Australian Open,Hard,128,G,O,20140113,89,W367,8.0,,Stan Wawrinka,R,183.0,SUI,28.797,8.0,3890.0,F444,,,Alejandro Falla,L,185.0,COL,30.166,87.0,612.0,6-3 6-3 6-7(4) 6-4,5,R64,167.0,9.0,4.0,124.0,68.0,57.0,31.0,20.0,5.0,7.0,1.0,3.0,135.0,80.0,56.0,25.0,20.0,11.0,17.0
2014-580,Australian Open,Hard,128,G,O,20140113,90,PD07,28.0,,Vasek Pospisil,R,193.0,CAN,23.559,30.0,1289.0,E690,,,Matthew Ebden,R,188.0,AUS,26.133,67.0,711.0,3-6 7-6(6) 7-6(9) 6-1,5,R64,169.0,14.0,3.0,128.0,77.0,59.0,31.0,20.0,8.0,11.0,9.0,3.0,125.0,86.0,64.0,19.0,20.0,1.0,5.0
2014-580,Australian Open,Hard,128,G,O,20140113,91,R419,17.0,,Tommy Robredo,R,180.0,ESP,31.704,18.0,1810.0,B747,,,Julien Benneteau,R,185.0,FRA,32.066,38.0,1090.0,6-3 6-7(4) 6-1 7-6(6),5,R64,212.0,17.0,2.0,142.0,81.0,61.0,38.0,21.0,10.0,11.0,14.0,6.0,155.0,97.0,68.0,27.0,19.0,9.0,13.0
2014-580,Australian Open,Hard,128,G,O,20140113,92,G628,9.0,,Richard Gasquet,R,183.0,FRA,27.573,9.0,3140.0,D402,,,Nikolay Davydenko,R,178.0,RUS,32.616,61.0,760.0,7-6(3) 6-4 6-4,5,R64,140.0,9.0,5.0,100.0,57.0,40.0,22.0,16.0,1.0,5.0,7.0,1.0,105.0,79.0,47.0,11.0,16.0,4.0,10.0
2014-580,Australian Open,Hard,128,G,O,20140113,93,F510,15.0,,Fabio Fognini,R,178.0,ITA,26.642,16.0,1930.0,N289,,,Jarkko Nieminen,L,185.0,FIN,32.476,39.0,1090.0,7-5 6-4 3-6 6-2,5,R64,167.0,9.0,12.0,146.0,88.0,66.0,26.0,19.0,14.0,16.0,3.0,5.0,132.0,86.0,57.0,23.0,20.0,10.0,15.0
2014-580,Australian Open,Hard,128,G,O,20140113,94,Q927,,,Sam Querrey,R,198.0,USA,26.27,51.0,915.0,G858,23.0,,Ernests Gulbis,R,191.0,LAT,25.372,24.0,1418.0,6-2 6-3 6-4,5,R64,97.0,19.0,4.0,71.0,51.0,45.0,11.0,14.0,2.0,3.0,7.0,4.0,76.0,35.0,23.0,21.0,13.0,4.0,9.0
2014-580,Australian Open,Hard,128,G,O,20140113,95,I165,,,Denis Istomin,R,185.0,UZB,27.351,49.0,945.0,T315,30.0,,Dmitry Tursunov,R,185.0,RUS,31.088,26.0,1314.0,7-6(3) 4-6 6-1 6-4,5,R64,164.0,14.0,1.0,118.0,66.0,48.0,35.0,20.0,7.0,10.0,5.0,5.0,115.0,62.0,45.0,26.0,19.0,3.0,8.0
2014-580,Australian Open,Hard,128,G,O,20140113,96,D643,2.0,,Novak Djokovic,R,188.0,SRB,26.648,2.0,12260.0,MD56,,,Leonardo Mayer,R,191.0,ARG,26.667,98.0,579.0,6-0 6-4 6-4,5,R64,107.0,12.0,2.0,67.0,44.0,36.0,17.0,13.0,0.0,0.0,3.0,7.0,85.0,44.0,28.0,17.0,13.0,1.0,6.0
2014-580,Australian Open,Hard,128,G,O,20140113,97,BD06,,,Roberto Bautista Agut,R,183.0,ESP,25.749,62.0,750.0,PD31,27.0,,Benoit Paire,R,196.0,FRA,24.684,28.0,1300.0,6-2 6-1 6-4,5,R32,90.0,4.0,1.0,78.0,65.0,46.0,7.0,13.0,5.0,7.0,14.0,3.0,83.0,48.0,30.0,10.0,12.0,13.0,20.0
2014-580,Australian Open,Hard,128,G,O,20140113,98,MC10,4.0,,Andy Murray,R,191.0,GBR,26.667,4.0,5560.0,L397,26.0,,Feliciano Lopez,L,188.0,ESP,32.315,27.0,1310.0,7-6(2) 6-4 6-2,5,R32,135.0,6.0,2.0,91.0,58.0,50.0,16.0,15.0,0.0,1.0,8.0,7.0,99.0,57.0,40.0,19.0,15.0,7.0,11.0
2014-580,Australian Open,Hard,128,G,O,20140113,99,R612,,LL,Stephane Robert,R,185.0,FRA,33.659,119.0,479.0,K966,,LL,Martin Klizan,L,191.0,SVK,24.509,106.0,518.0,6-0 7-6(2) 6-4,5,R32,105.0,7.0,5.0,87.0,63.0,54.0,11.0,14.0,3.0,3.0,6.0,4.0,93.0,49.0,32.0,21.0,14.0,6.0,10.0
2014-580,Australian Open,Hard,128,G,O,20140113,100,T786,10.0,,Jo-Wilfried Tsonga,R,188.0,FRA,28.742,10.0,3065.0,SD32,18.0,,Gilles Simon,R,183.0,FRA,29.046,19.0,1790.0,7-6(5) 6-4 6-2,5,R32,113.0,17.0,0.0,92.0,60.0,48.0,21.0,15.0,3.0,3.0,7.0,3.0,81.0,43.0,34.0,22.0,15.0,3.0,6.0
2014-580,Australian Open,Hard,128,G,O,20140113,101,F324,6.0,,Roger Federer,R,185.0,SUI,32.433,6.0,4355.0,G681,,,Teymuraz Gabashvili,R,185.0,GEO,28.643,79.0,651.0,6-2 6-2 6-3,5,R32,101.0,6.0,1.0,73.0,45.0,39.0,16.0,13.0,5.0,5.0,3.0,5.0,91.0,63.0,38.0,10.0,12.0,9.0,14.0
2014-580,Australian Open,Hard,128,G,O,20140113,102,BA47,7.0,,Tomas Berdych,R,196.0,CZE,28.323,7.0,4180.0,D923,,Q,Damir Dzumhur,R,175.0,BIH,21.651,188.0,272.0,6-4 6-2 6-2,5,R32,105.0,13.0,1.0,72.0,41.0,37.0,19.0,13.0,2.0,2.0,5.0,6.0,79.0,35.0,25.0,17.0,13.0,4.0,9.0
2014-580,Australian Open,Hard,128,G,O,20140113,103,A678,19.0,,Kevin Anderson,R,203.0,RSA,27.658,21.0,1580.0,R613,,,Edouard Roger-Vasselin,R,185.0,FRA,30.127,40.0,1038.0,3-6 4-6 6-3 7-6(5) 7-5,5,R32,234.0,27.0,6.0,151.0,101.0,77.0,26.0,26.0,4.0,7.0,8.0,4.0,175.0,129.0,93.0,21.0,26.0,9.0,12.0
2014-580,Australian Open,Hard,128,G,O,20140113,104,MB02,,,Florian Mayer,R,191.0,GER,30.275,37.0,1110.0,J397,20.0,,Jerzy Janowicz,R,203.0,POL,23.168,20.0,1615.0,7-5 6-2 6-2,5,R32,98.0,17.0,0.0,68.0,45.0,41.0,16.0,14.0,1.0,1.0,3.0,7.0,93.0,48.0,34.0,18.0,14.0,6.0,11.0
2014-580,Australian Open,Hard,128,G,O,20140113,105,F401,3.0,,David Ferrer,R,175.0,ESP,31.784,3.0,5640.0,CA12,29.0,,Jeremy Chardy,R,188.0,FRA,26.919,31.0,1255.0,6-2 7-6(5) 6-2,5,R32,132.0,2.0,1.0,87.0,63.0,44.0,17.0,14.0,2.0,3.0,9.0,8.0,111.0,64.0,44.0,17.0,14.0,6.0,11.0
2014-580,Australian Open,Hard,128,G,O,20140113,106,W367,8.0,,Stan Wawrinka,R,183.0,SUI,28.797,8.0,3890.0,PD07,28.0,,Vasek Pospisil,R,193.0,CAN,23.559,30.0,1289.0,W/O,5,R32,,2.0,1.0,87.0,63.0,44.0,17.0,14.0,2.0,3.0,9.0,8.0,111.0,64.0,44.0,17.0,14.0,6.0,11.0
2014-580,Australian Open,Hard,128,G,O,20140113,107,R419,17.0,,Tommy Robredo,R,180.0,ESP,31.704,18.0,1810.0,G628,9.0,,Richard Gasquet,R,183.0,FRA,27.573,9.0,3140.0,2-6 7-5 6-4 7-6(6),5,R32,199.0,16.0,3.0,139.0,90.0,70.0,21.0,21.0,6.0,9.0,3.0,5.0,138.0,86.0,62.0,27.0,21.0,4.0,7.0
2014-580,Australian Open,Hard,128,G,O,20140113,108,F510,15.0,,Fabio Fognini,R,178.0,ITA,26.642,16.0,1930.0,Q927,,,Sam Querrey,R,198.0,USA,26.27,51.0,915.0,7-5 6-4 6-4,5,R32,115.0,9.0,3.0,91.0,54.0,40.0,27.0,16.0,3.0,4.0,10.0,1.0,103.0,65.0,43.0,19.0,16.0,6.0,10.0
2014-580,Australian Open,Hard,128,G,O,20140113,109,D643,2.0,,Novak Djokovic,R,188.0,SRB,26.648,2.0,12260.0,I165,,,Denis Istomin,R,185.0,UZB,27.351,49.0,945.0,6-3 6-3 7-5,5,R32,119.0,6.0,1.0,78.0,48.0,37.0,21.0,15.0,0.0,1.0,5.0,1.0,86.0,57.0,41.0,10.0,15.0,3.0,8.0
2014-580,Australian Open,Hard,128,G,O,20140113,110,N409,1.0,,Rafael Nadal,L,185.0,ESP,27.614,1.0,13130.0,MC65,25.0,,Gael Monfils,R,193.0,FRA,27.368,32.0,1245.0,6-1 6-2 6-3,5,R32,124.0,2.0,0.0,79.0,52.0,38.0,20.0,12.0,6.0,6.0,10.0,5.0,98.0,67.0,38.0,11.0,12.0,6.0,12.0
2014-580,Australian Open,Hard,128,G,O,20140113,111,N552,16.0,,Kei Nishikori,R,178.0,JPN,24.041,17.0,1915.0,Y124,,,Donald Young,L,183.0,USA,24.476,91.0,595.0,7-5 6-1 6-0,5,R32,107.0,3.0,1.0,76.0,41.0,29.0,21.0,12.0,3.0,4.0,1.0,5.0,73.0,47.0,23.0,7.0,13.0,4.0,12.0
2014-580,Australian Open,Hard,128,G,O,20140113,112,D875,22.0,,Grigor Dimitrov,R,191.0,BUL,22.664,22.0,1460.0,R975,11.0,,Milos Raonic,R,196.0,CAN,23.047,11.0,2860.0,6-3 3-6 6-4 7-6(10),5,R32,156.0,15.0,5.0,110.0,67.0,56.0,32.0,20.0,2.0,3.0,21.0,5.0,125.0,74.0,55.0,30.0,20.0,2.0,4.0
2014-580,Australian Open,Hard,128,G,O,20140113,113,N409,1.0,,Rafael Nadal,L,185.0,ESP,27.614,1.0,13130.0,N552,16.0,,Kei Nishikori,R,178.0,JPN,24.041,17.0,1915.0,7-6(3) 7-5 7-6(3),5,R16,197.0,12.0,1.0,124.0,88.0,67.0,14.0,18.0,6.0,10.0,3.0,1.0,115.0,76.0,51.0,16.0,18.0,3.0,8.0
2014-580,Australian Open,Hard,128,G,O,20140113,114,D875,22.0,,Grigor Dimitrov,R,191.0,BUL,22.664,22.0,1460.0,BD06,,,Roberto Bautista Agut,R,183.0,ESP,25.749,62.0,750.0,6-3 3-6 6-2 6-4,5,R16,144.0,11.0,3.0,112.0,67.0,57.0,21.0,18.0,4.0,5.0,5.0,1.0,102.0,65.0,44.0,22.0,18.0,1.0,5.0
2014-580,Australian Open,Hard,128,G,O,20140113,115,MC10,4.0,,Andy Murray,R,191.0,GBR,26.667,4.0,5560.0,R612,,LL,Stephane Robert,R,185.0,FRA,33.659,119.0,479.0,6-1 6-2 6-7(6) 6-2,5,R16,162.0,7.0,3.0,126.0,77.0,58.0,26.0,18.0,5.0,6.0,3.0,8.0,114.0,59.0,40.0,21.0,17.0,7.0,14.0
2014-580,Australian Open,Hard,128,G,O,20140113,116,F324,6.0,,Roger Federer,R,185.0,SUI,32.433,6.0,4355.0,T786,10.0,,Jo-Wilfried Tsonga,R,188.0,FRA,28.742,10.0,3065.0,6-3 7-5 6-4,5,R16,112.0,7.0,1.0,84.0,48.0,42.0,25.0,16.0,1.0,1.0,8.0,1.0,88.0,46.0,32.0,23.0,15.0,4.0,7.0
2014-580,Australian Open,Hard,128,G,O,20140113,117,BA47,7.0,,Tomas Berdych,R,196.0,CZE,28.323,7.0,4180.0,A678,19.0,,Kevin Anderson,R,203.0,RSA,27.658,21.0,1580.0,6-2 6-2 6-3,5,R16,118.0,7.0,3.0,71.0,37.0,33.0,21.0,13.0,0.0,0.0,17.0,1.0,87.0,62.0,39.0,10.0,12.0,12.0,17.0
2014-580,Australian Open,Hard,128,G,O,20140113,118,F401,3.0,,David Ferrer,R,175.0,ESP,31.784,3.0,5640.0,MB02,,,Florian Mayer,R,191.0,GER,30.275,37.0,1110.0,6-7(5) 7-5 6-2 6-1,5,R16,175.0,3.0,1.0,118.0,76.0,56.0,23.0,19.0,8.0,11.0,4.0,3.0,153.0,94.0,52.0,27.0,20.0,10.0,19.0
2014-580,Australian Open,Hard,128,G,O,20140113,119,W367,8.0,,Stan Wawrinka,R,183.0,SUI,28.797,8.0,3890.0,R419,17.0,,Tommy Robredo,R,180.0,ESP,31.704,18.0,1810.0,6-3 7-6(3) 7-6(5),5,R16,143.0,14.0,3.0,107.0,62.0,54.0,24.0,17.0,3.0,4.0,1.0,0.0,107.0,76.0,53.0,14.0,16.0,3.0,5.0
2014-580,Australian Open,Hard,128,G,O,20140113,120,D643,2.0,,Novak Djokovic,R,188.0,SRB,26.648,2.0,12260.0,F510,15.0,,Fabio Fognini,R,178.0,ITA,26.642,16.0,1930.0,6-3 6-0 6-2,5,R16,93.0,8.0,2.0,60.0,43.0,38.0,12.0,12.0,0.0,0.0,3.0,7.0,91.0,54.0,32.0,13.0,11.0,16.0,22.0
2014-580,Australian Open,Hard,128,G,O,20140113,121,N409,1.0,,Rafael Nadal,L,185.0,ESP,27.614,1.0,13130.0,D875,22.0,,Grigor Dimitrov,R,191.0,BUL,22.664,22.0,1460.0,3-6 7-6(3) 7-6(7) 6-2,5,QF,217.0,3.0,7.0,124.0,91.0,66.0,22.0,20.0,3.0,6.0,18.0,5.0,155.0,90.0,64.0,32.0,21.0,7.0,11.0
2014-580,Australian Open,Hard,128,G,O,20140113,122,F324,6.0,,Roger Federer,R,185.0,SUI,32.433,6.0,4355.0,MC10,4.0,,Andy Murray,R,191.0,GBR,26.667,4.0,5560.0,6-3 6-4 6-7(6) 6-3,5,QF,200.0,10.0,0.0,122.0,78.0,60.0,29.0,21.0,1.0,2.0,9.0,1.0,146.0,89.0,60.0,28.0,19.0,13.0,17.0
2014-580,Australian Open,Hard,128,G,O,20140113,123,BA47,7.0,,Tomas Berdych,R,196.0,CZE,28.323,7.0,4180.0,F401,3.0,,David Ferrer,R,175.0,ESP,31.784,3.0,5640.0,6-1 6-4 2-6 6-4,5,QF,184.0,10.0,4.0,129.0,67.0,52.0,27.0,18.0,9.0,12.0,2.0,1.0,118.0,72.0,46.0,23.0,17.0,8.0,13.0
2014-580,Australian Open,Hard,128,G,O,20140113,124,W367,8.0,,Stan Wawrinka,R,183.0,SUI,28.797,8.0,3890.0,D643,2.0,,Novak Djokovic,R,188.0,SRB,26.648,2.0,12260.0,2-6 6-4 6-2 3-6 9-7,5,QF,240.0,17.0,5.0,170.0,98.0,71.0,36.0,25.0,3.0,7.0,7.0,1.0,144.0,105.0,75.0,23.0,26.0,5.0,10.0
2014-580,Australian Open,Hard,128,G,O,20140113,125,N409,1.0,,Rafael Nadal,L,185.0,ESP,27.614,1.0,13130.0,F324,6.0,,Roger Federer,R,185.0,SUI,32.433,6.0,4355.0,7-6(4) 6-3 6-3,5,SF,144.0,3.0,1.0,86.0,56.0,41.0,22.0,15.0,1.0,2.0,8.0,1.0,105.0,69.0,45.0,18.0,15.0,10.0,14.0
2014-580,Australian Open,Hard,128,G,O,20140113,126,W367,8.0,,Stan Wawrinka,R,183.0,SUI,28.797,8.0,3890.0,BA47,7.0,,Tomas Berdych,R,196.0,CZE,28.323,7.0,4180.0,6-3 6-7(1) 7-6(3) 7-6(4),5,SF,211.0,18.0,4.0,145.0,88.0,72.0,32.0,23.0,1.0,1.0,21.0,7.0,140.0,87.0,71.0,30.0,22.0,3.0,4.0
2014-580,Australian Open,Hard,128,G,O,20140113,127,W367,8.0,,Stan Wawrinka,R,183.0,SUI,28.797,8.0,3890.0,N409,1.0,,Rafael Nadal,L,185.0,ESP,27.614,1.0,13130.0,6-3 6-2 3-6 6-3,5,F,141.0,19.0,2.0,96.0,53.0,46.0,22.0,18.0,4.0,6.0,1.0,3.0,108.0,84.0,50.0,10.0,17.0,10.0,15.0
2014-D032,Davis Cup G1 R1: CHN vs NZL,Hard,4,D,,20140127,1,W571,,,Di Wu,R,173.0,CHN,22.371,198.0,246.0,V576,,,Michael Venus,R,191.0,NZL,26.283,384.0,105.0,3-6 7-6(4) 6-2 1-6 6-3,5,RR,,,,,,,,,,,,,,,,,,,
2014-D032,Davis Cup G1 R1: CHN vs NZL,Hard,4,D,,20140127,2,Z272,,,Ze Zhang,R,188.0,CHN,23.567,220.0,217.0,SF89,,,Rubin Statham,R,180.0,NZL,26.76,291.0,155.0,6-7(5) 6-3 6-4 6-4,5,RR,,,,,,,,,,,,,,,,,,,
2014-D032,Davis Cup G1 R1: CHN vs NZL,Hard,4,D,,20140127,3,W571,,,Di Wu,R,173.0,CHN,22.371,198.0,246.0,SF89,,,Rubin Statham,R,180.0,NZL,26.76,291.0,155.0,6-7(5) 6-7(1) 6-3 7-5 6-4,5,RR,,,,,,,,,,,,,,,,,,,
2014-D001,Davis Cup WG R1: CZE vs NED,Hard,4,D,,20140131,1,H756,,,Robin Haase,R,191.0,NED,26.823,46.0,977.0,S694,,,Radek Stepanek,R,185.0,CZE,35.179,50.0,915.0,3-6 6-4 6-7(4) 6-2 6-1,5,RR,,,,,,,,,,,,,,,,,,,
2014-D001,Davis Cup WG R1: CZE vs NED,Hard,4,D,,20140131,2,BA47,,,Tomas Berdych,R,196.0,CZE,28.372,7.0,4540.0,SF36,,,Igor Sijsling,R,191.0,NED,26.456,62.0,740.0,6-3 6-3 6-0,5,RR,,,,,,,,,,,,,,,,,,,
2014-D001,Davis Cup WG R1: CZE vs NED,Hard,4,D,,20140131,3,BA47,,,Tomas Berdych,R,196.0,CZE,28.372,7.0,4540.0,D776,,,Thiemo de Bakker,R,193.0,NED,25.366,139.0,392.0,6-1 6-4 6-3,5,RR,,,,,,,,,,,,,,,,,,,
2014-D001,Davis Cup WG R1: CZE vs NED,Hard,4,D,,20140131,4,SF36,,,Igor Sijsling,R,191.0,NED,26.456,62.0,740.0,R685,,,Lukas Rosol,R,193.0,CZE,28.523,48.0,921.0,6-3 6-3,3,RR,,,,,,,,,,,,,,,,,,,
2014-D002,Davis Cup WG R1: JPN vs CAN,Hard,4,D,,20140131,1,N552,,,Kei Nishikori,R,178.0,JPN,24.09,18.0,1915.0,PB22,,,Peter Polansky,R,183.0,CAN,25.629,135.0,398.0,6-4 6-4 6-4,5,RR,,,,,,,,,,,,,,,,,,,
2014-D002,Davis Cup WG R1: JPN vs CAN,Hard,4,D,,20140131,2,D499,,,Frank Dancevic,R,185.0,CAN,29.347,119.0,482.0,SC47,,,Go Soeda,R,178.0,JPN,29.405,140.0,383.0,6-4 7-6(2) 6-1,5,RR,,,,,,,,,,,,,,,,,,,
2014-D002,Davis Cup WG R1: JPN vs CAN,Hard,4,D,,20140131,3,N552,,,Kei Nishikori,R,178.0,JPN,24.09,18.0,1915.0,D499,,,Frank Dancevic,R,185.0,CAN,29.347,119.0,482.0,6-2 1-0 RET,5,RR,,,,,,,,,,,,,,,,,,,
2014-D002,Davis Cup WG R1: JPN vs CAN,Hard,4,D,,20140131,4,SC47,,,Go Soeda,R,178.0,JPN,29.405,140.0,383.0,PB22,,,Peter Polansky,R,183.0,CAN,25.629,135.0,398.0,6-1 6-4,3,RR,,,,,,,,,,,,,,,,,,,
2014-D003,Davis Cup WG R1: GER vs ESP,Hard,4,D,,20140131,1,K435,,,Philipp Kohlschreiber,R,178.0,GER,30.294,27.0,1330.0,BD06,,,Roberto Bautista Agut,R,183.0,ESP,25.799,52.0,885.0,6-2 6-4 6-2,5,RR,,,,,,,,,,,,,,,,,,,
2014-D003,Davis Cup WG R1: GER vs ESP,Hard,4,D,,20140131,2,MB02,,,Florian Mayer,R,191.0,GER,30.324,29.0,1245.0,L397,,,Feliciano Lopez,L,188.0,ESP,32.364,26.0,1355.0,7-6(6) 7-6(4) 1-6 5-7 6-3,5,RR,,,,,,,,,,,,,,,,,,,
2014-D003,Davis Cup WG R1: GER vs ESP,Hard,4,D,,20140131,3,L397,,,Feliciano Lopez,L,188.0,ESP,32.364,26.0,1355.0,K435,,,Philipp Kohlschreiber,R,178.0,GER,30.294,27.0,1330.0,W/O,3,RR,,,,,,,,,,,,,,,,,,,
2014-D003,Davis Cup WG R1: GER vs ESP,Hard,4,D,,20140131,4,BC72,,,Daniel Brands,R,196.0,GER,26.543,68.0,719.0,BD06,,,Roberto Bautista Agut,R,183.0,ESP,25.799,52.0,885.0,7-6(5) 6-4,3,RR,,,,,,,,,,,,,,,,,,,
2014-D004,Davis Cup WG R1: FRA vs AUS,Clay,4,D,,20140131,1,G628,,,Richard Gasquet,R,183.0,FRA,27.622,9.0,3050.0,KE17,,,Nick Kyrgios,R,193.0,AUS,18.765,162.0,322.0,7-6(3) 6-2 6-2,5,RR,,,,,,,,,,,,,,,,,,,
2014-D004,Davis Cup WG R1: FRA vs AUS,Clay,4,D,,20140131,2,T786,,,Jo-Wilfried Tsonga,R,188.0,FRA,28.791,10.0,2885.0,H432,,,Lleyton Hewitt,R,178.0,AUS,32.934,41.0,1010.0,6-3 6-2 7-6(2),5,RR,,,,,,,,,,,,,,,,,,,
2014-D004,Davis Cup WG R1: FRA vs AUS,Clay,4,D,,20140131,3,B747,,,Julien Benneteau,R,185.0,FRA,32.115,39.0,1045.0,KD46,,,Thanasi Kokkinakis,R,193.0,AUS,17.81,401.0,98.0,6-4 6-1,3,RR,,,,,,,,,,,,,,,,,,,
2014-D004,Davis Cup WG R1: FRA vs AUS,Clay,4,D,,20140131,4,MC65,,,Gael Monfils,R,193.0,FRA,27.417,30.0,1245.0,KE17,,,Nick Kyrgios,R,193.0,AUS,18.765,162.0,322.0,7-6(5) 6-4,3,RR,,,,,,,,,,,,,,,,,,,
2014-D005,Davis Cup WG R1: USA vs GBR,Clay,4,D,,20140131,1,MC10,,,Andy Murray,R,191.0,GBR,26.716,6.0,4720.0,Y124,,,Donald Young,L,183.0,USA,24.526,79.0,669.0,6-1 6-2 6-3,5,RR,,,,,,,,,,,,,,,,,,,
2014-D005,Davis Cup WG R1: USA vs GBR,Clay,4,D,,20140131,2,W503,,,James Ward,R,188.0,GBR,26.976,175.0,300.0,Q927,,,Sam Querrey,R,198.0,USA,26.319,49.0,915.0,1-6 7-6(3) 3-6 6-4 6-1,5,RR,,,,,,,,,,,,,,,,,,,
2014-D005,Davis Cup WG R1: USA vs GBR,Clay,4,D,,20140131,3,MC10,,,Andy Murray,R,191.0,GBR,26.716,6.0,4720.0,Q927,,,Sam Querrey,R,198.0,USA,26.319,49.0,915.0,7-6(5) 6-7(3) 6-1 6-3,5,RR,,,,,,,,,,,,,,,,,,,
2014-D006,Davis Cup WG R1: ARG vs ITA,Clay,4,D,,20140131,1,B884,,,Carlos Berlocq,R,183.0,ARG,30.992,44.0,985.0,SA93,,,Andreas Seppi,R,191.0,ITA,29.944,31.0,1225.0,4-6 6-0 6-2 6-1,5,RR,,,,,,,,,,,,,,,,,,,
2014-D006,Davis Cup WG R1: ARG vs ITA,Clay,4,D,,20140131,2,F510,,,Fabio Fognini,R,178.0,ITA,26.691,15.0,2100.0,MA21,,,Juan Monaco,R,185.0,ARG,29.843,40.0,1015.0,7-5 6-2 6-2,5,RR,,,,,,,,,,,,,,,,,,,
2014-D006,Davis Cup WG R1: ARG vs ITA,Clay,4,D,,20140131,3,F510,,,Fabio Fognini,R,178.0,ITA,26.691,15.0,2100.0,B884,,,Carlos Berlocq,R,183.0,ARG,30.992,44.0,985.0,7-6(5) 4-6 6-1 6-4,5,RR,,,,,,,,,,,,,,,,,,,
2014-D007,Davis Cup WG R1: KAZ vs BEL,Hard,4,D,,20140131,1,K926,,,Mikhail Kukushkin,R,183.0,KAZ,26.1,67.0,721.0,BE54,,,Ruben Bemelmans,L,183.0,BEL,26.048,163.0,320.0,6-4 6-7(3) 6-2 6-3,5,RR,,,,,,,,,,,,,,,,,,,
2014-D007,Davis Cup WG R1: KAZ vs BEL,Hard,4,D,,20140131,2,G806,,,Andrey Golubev,R,180.0,KAZ,26.53,88.0,620.0,GB88,,,David Goffin,R,180.0,BEL,23.151,113.0,500.0,7-6(9) 3-6 4-6 6-2 12-10,5,RR,,,,,,,,,,,,,,,,,,,
2014-D007,Davis Cup WG R1: KAZ vs BEL,Hard,4,D,,20140131,3,GB88,,,David Goffin,R,180.0,BEL,23.151,113.0,500.0,K926,,,Mikhail Kukushkin,R,183.0,KAZ,26.1,67.0,721.0,4-6 6-3 3-6 6-4 6-0,5,RR,,,,,,,,,,,,,,,,,,,
2014-D007,Davis Cup WG R1: KAZ vs BEL,Hard,4,D,,20140131,4,G806,,,Andrey Golubev,R,180.0,KAZ,26.53,88.0,620.0,BE54,,,Ruben Bemelmans,L,183.0,BEL,26.048,163.0,320.0,6-2 6-3 6-1,5,RR,,,,,,,,,,,,,,,,,,,
2014-D008,Davis Cup WG R1: SRB vs SUI,Hard,4,D,,20140131,1,F324,,,Roger Federer,R,185.0,SUI,32.482,8.0,4355.0,BA57,,,Ilija Bozoljac,R,193.0,SRB,28.498,268.0,170.0,6-4 7-5 6-2,5,RR,,,,,,,,,,,,,,,,,,,
2014-D008,Davis Cup WG R1: SRB vs SUI,Hard,4,D,,20140131,2,W367,,,Stan Wawrinka,R,183.0,SUI,28.846,3.0,5710.0,L987,,,Dusan Lajovic,R,183.0,SRB,23.589,102.0,545.0,6-4 4-6 6-1 7-6(7),5,RR,,,,,,,,,,,,,,,,,,,
2014-D008,Davis Cup WG R1: SRB vs SUI,Hard,4,D,,20140131,3,L987,,,Dusan Lajovic,R,183.0,SRB,23.589,102.0,545.0,L523,,,Michael Lammer,R,185.0,SUI,31.855,441.0,85.0,6-3 3-6 6-4,3,RR,,,,,,,,,,,,,,,,,,,
2014-D008,Davis Cup WG R1: SRB vs SUI,Hard,4,D,,20140131,4,KB05,,,Filip Krajinovic,R,185.0,SRB,21.927,237.0,202.0,C582,,,Marco Chiudinelli,R,185.0,SUI,32.392,180.0,287.0,6-4 6-4,3,RR,,,,,,,,,,,,,,,,,,,
2014-D024,Davis Cup G2 R1: BAR vs CHI,Hard,4,D,,20140131,1,LB07,,,Gonzalo Lama,R,180.0,CHI,20.764,289.0,155.0,L653,,,Haydn Lewis,,,BAR,,,,6-4 6-1 7-6(4),5,RR,,,,,,,,,,,,,,,,,,,
2014-D024,Davis Cup G2 R1: BAR vs CHI,Hard,4,D,,20140131,2,KC86,,,Darian King,R,188.0,BAR,21.766,458.0,80.0,GD64,,,Cristian Garin,R,185.0,CHI,17.673,380.0,106.0,2-6 7-6(2) 7-5 6-3,5,RR,,,,,,,,,,,,,,,,,,,
2014-D024,Davis Cup G2 R1: BAR vs CHI,Hard,4,D,,20140131,3,KC86,,,Darian King,R,188.0,BAR,21.766,458.0,80.0,LB07,,,Gonzalo Lama,R,180.0,CHI,20.764,289.0,155.0,6-2 6-4 6-3,5,RR,,,,,,,,,,,,,,,,,,,
2014-D024,Davis Cup G2 R1: BAR vs CHI,Hard,4,D,,20140131,4,A457,,,Jorge Aguilar,R,178.0,CHI,29.062,362.0,117.0,MB81,,,Russell Moseley,,,BAR,,,,6-1 6-2,3,RR,,,,,,,,,,,,,,,,,,,
2014-D025,Davis Cup G2 R1: PAR vs ESA,Clay,4,D,,20140131,1,A853,,,Marcelo Arevalo,R,191.0,ESA,23.291,442.0,85.0,BT50,,,Juan Borba,R,,PAR,17.804,,,6-2 6-2 6-4,5,RR,,,,,,,,,,,,,,,,,,,
2014-D025,Davis Cup G2 R1: PAR vs ESA,Clay,4,D,,20140131,2,A620,,,Rafael Arevalo,R,,ESA,27.578,1674.0,1.0,GC34,,,Diego Galeano,,,PAR,21.999,,,7-6(2) 1-6 7-6(3) 3-6 6-3,5,RR,,,,,,,,,,,,,,,,,,,
2014-D025,Davis Cup G2 R1: PAR vs ESA,Clay,4,D,,20140131,3,R836,,,Juan-Carlos Ramirez,,,PAR,25.183,,,Q975,,,Sebastian Quiros,R,,ESA,15.871,,,6-0 6-0,3,RR,,,,,,,,,,,,,,,,,,,
2014-D025,Davis Cup G2 R1: PAR vs ESA,Clay,4,D,,20140131,4,BT50,,,Juan Borba,R,,PAR,17.804,,,BT51,,,Salvador Andres Bolanos,R,,ESA,15.644,,,6-2 6-0,3,RR,,,,,,,,,,,,,,,,,,,
2014-D026,Davis Cup G2 R1: BOL vs PER,Clay,4,D,,20140131,1,E702,,,Mauricio Echazu,,,PER,25.027,518.0,65.0,Z239,,,Federico Zeballos,R,185.0,BOL,25.673,787.0,23.0,4-6 6-2 6-2 6-7(3) 6-2,5,RR,,,,,,,,,,,,,,,,,,,
2014-D026,Davis Cup G2 R1: BOL vs PER,Clay,4,D,,20140131,2,DA31,,,Hugo Dellien,R,180.0,BOL,20.627,327.0,131.0,GA46,,,Sergio Galdos,R,180.0,PER,24.079,860.0,17.0,6-3 6-4 2-6 6-4,5,RR,,,,,,,,,,,,,,,,,,,
2014-D026,Davis Cup G2 R1: BOL vs PER,Clay,4,D,,20140131,3,E702,,,Mauricio Echazu,,,PER,25.027,518.0,65.0,DA31,,,Hugo Dellien,R,180.0,BOL,20.627,327.0,131.0,7-6(4) 6-2 6-3,5,RR,,,,,,,,,,,,,,,,,,,
2014-D026,Davis Cup G2 R1: BOL vs PER,Clay,4,D,,20140131,4,GA46,,,Sergio Galdos,R,180.0,PER,24.079,860.0,17.0,Z239,,,Federico Zeballos,R,185.0,BOL,25.673,787.0,23.0,1-6 6-3 6-1 4-6 6-1,5,RR,,,,,,,,,,,,,,,,,,,
2014-D027,Davis Cup G2 R1: GUA vs MEX,Hard,4,D,,20140131,1,R736,,,Miguel Reyes-Varela,R,175.0,MEX,26.615,,,RB15,,,Luciano Ramazzini,,,GUA,20.074,,,6-1 6-1 6-3,5,RR,,,,,,,,,,,,,,,,,,,
2014-D027,Davis Cup G2 R1: GUA vs MEX,Hard,4,D,,20140131,2,D868,,,Christopher Diaz-Figueroa,R,175.0,GUA,23.885,422.0,93.0,H917,,,Tigre Hank,L,188.0,MEX,22.338,645.0,39.0,6-4 6-4 6-4,5,RR,,,,,,,,,,,,,,,,,,,
2014-D027,Davis Cup G2 R1: GUA vs MEX,Hard,4,D,,20140131,3,D868,,,Christopher Diaz-Figueroa,R,175.0,GUA,23.885,422.0,93.0,R736,,,Miguel Reyes-Varela,R,175.0,MEX,26.615,,,7-5 7-6(9) 6-1,5,RR,,,,,,,,,,,,,,,,,,,
2014-D027,Davis Cup G2 R1: GUA vs MEX,Hard,4,D,,20140131,4,G510,,,Miguel Gallardo-Valles,R,,MEX,32.816,434.0,88.0,RB15,,,Luciano Ramazzini,,,GUA,20.074,,,6-1 6-0 6-1,5,RR,,,,,,,,,,,,,,,,,,,
2014-D028,Davis Cup G1 R1: ECU vs VEN,Clay,4,D,,20140131,1,C775,,,Julio Cesar Campozano,R,,ECU,28.0,418.0,94.0,SK06,,,David Souto,L,191.0,VEN,21.851,217.0,220.0,6-3 6-7(5) 4-6 6-4 6-2,5,RR,,,,,,,,,,,,,,,,,,,
2014-D028,Davis Cup G1 R1: ECU vs VEN,Clay,4,D,,20140131,2,GA36,,,Emilio Gomez,R,185.0,ECU,22.177,298.0,150.0,RB00,,,Ricardo Rodriguez - Pace,,,VEN,20.761,350.0,124.0,6-0 6-3 6-4,5,RR,,,,,,,,,,,,,,,,,,,
2014-D028,Davis Cup G1 R1: ECU vs VEN,Clay,4,D,,20140131,3,GA36,,,Emilio Gomez,R,185.0,ECU,22.177,298.0,150.0,SK06,,,David Souto,L,191.0,VEN,21.851,217.0,220.0,6-1 6-1 6-1,5,RR,,,,,,,,,,,,,,,,,,,
2014-D028,Davis Cup G1 R1: ECU vs VEN,Clay,4,D,,20140131,4,RB00,,,Ricardo Rodriguez - Pace,,,VEN,20.761,350.0,124.0,E661,,,Gonzalo Escobar,L,178.0,ECU,25.029,660.0,37.0,5-7 6-4 6-2,3,RR,,,,,,,,,,,,,,,,,,,
2014-D029,Davis Cup G1 R1: DOM vs URU,Hard,4,D,,20140131,1,H896,,,Jose Hernandez-Fernandez,R,183.0,DOM,23.888,293.0,154.0,CC98,,,Martin Cuevas,R,191.0,URU,22.048,516.0,65.0,6-3 7-6(3) 6-3,5,RR,,,,,,,,,,,,,,,,,,,
2014-D029,Davis Cup G1 R1: DOM vs URU,Hard,4,D,,20140131,2,E224,,,Victor Estrella Burgos,R,170.0,DOM,33.498,137.0,394.0,BD52,,,Ariel Behar,R,180.0,URU,24.219,827.0,19.0,6-3 6-4 6-4,5,RR,,,,,,,,,,,,,,,,,,,
2014-D029,Davis Cup G1 R1: DOM vs URU,Hard,4,D,,20140131,3,O634,,,Jose Olivares,R,163.0,DOM,17.062,,,SO28,,,Rodrigo Senattore,,,URU,20.008,1083.0,8.0,5-7 6-1 7-5,3,RR,,,,,,,,,,,,,,,,,,,
2014-D029,Davis Cup G1 R1: DOM vs URU,Hard,4,D,,20140131,4,ML08,,,Santiago Maresca,,,URU,19.381,1296.0,4.0,KI45,,,William Kirkman,R,,DOM,16.208,,,2-2 WEA,3,RR,,,,,,,,,,,,,,,,,,,
2014-D033,Davis Cup G1 R1: IND vs TPE,Hard,4,D,,20140131,1,BF55,,,Yuki Bhambri,R,185.0,IND,21.577,173.0,303.0,T982,,,Tsung-Hua Yang,R,178.0,TPE,22.845,216.0,220.0,6-2 6-4 6-7(1) 6-3,5,RR,,,,,,,,,,,,,,,,,,,
2014-D033,Davis Cup G1 R1: IND vs TPE,Hard,4,D,,20140131,2,D616,,,Somdev Devvarman,R,180.0,IND,28.964,103.0,544.0,C813,,,Ti Chen,R,178.0,TPE,30.33,284.0,157.0,6-7(4) 7-6(3) 1-6 6-2 9-7,5,RR,,,,,,,,,,,,,,,,,,,
2014-D033,Davis Cup G1 R1: IND vs TPE,Hard,4,D,,20140131,3,ME64,,,Saketh Myneni,R,193.0,IND,26.286,313.0,139.0,T982,,,Tsung-Hua Yang,R,178.0,TPE,22.845,216.0,220.0,6-1 6-4,3,RR,,,,,,,,,,,,,,,,,,,
2014-D033,Davis Cup G1 R1: IND vs TPE,Hard,4,D,,20140131,4,BF55,,,Yuki Bhambri,R,185.0,IND,21.577,173.0,303.0,PC73,,,Hsien-Yin Peng,R,180.0,TPE,24.11,,,7-5 6-0,3,RR,,,,,,,,,,,,,,,,,,,
2014-D043,Davis Cup G2 R1: SRI vs PHI,Hard,4,D,,20140131,1,104631,,,Harshana Godamanna,,,SRI,26.138,,,T879,,,Patrick Tierro,,,PHI,28.501,,,6-3 6-7(8) 4-6 6-2 6-3,5,RR,,,,,,,,,,,,,,,,,,,
2014-D043,Davis Cup G2 R1: SRI vs PHI,Hard,4,D,,20140131,2,G810,,,Ruben Gonzales,R,,PHI,28.389,1117.0,7.0,TB65,,,Dineshkanthan Thangarajah,,,SRI,23.072,,,6-3 6-3 6-0,5,RR,,,,,,,,,,,,,,,,,,,
2014-D043,Davis Cup G2 R1: SRI vs PHI,Hard,4,D,,20140131,3,H788,,,Treat Huey,L,178.0,PHI,28.427,,,104631,,,Harshana Godamanna,,,SRI,26.138,,,2-6 6-4 6-4 6-4,5,RR,,,,,,,,,,,,,,,,,,,
2014-D046,Davis Cup G2 R1: KUW vs INA,Hard,4,D,,20140131,1,G531,,,Mohammad Ghareeb,R,,KUW,33.528,825.0,19.0,SK03,,,David Agung Susanto,,,INA,22.533,1387.0,3.0,6-3 6-3 7-6(2),5,RR,,,,,,,,,,,,,,,,,,,
2014-D046,Davis Cup G2 R1: KUW vs INA,Hard,4,D,,20140131,2,MB94,,,Abdullah Maqdes,,,KUW,26.839,,,SH34,,,Elbert Sie,R,,INA,26.404,1421.0,3.0,6-3 6-4 4-6 6-0,5,RR,,,,,,,,,,,,,,,,,,,
2014-D046,Davis Cup G2 R1: KUW vs INA,Hard,4,D,,20140131,3,MB94,,,Abdullah Maqdes,,,KUW,26.839,,,SK03,,,David Agung Susanto,,,INA,22.533,1387.0,3.0,6-4 6-4 6-1,5,RR,,,,,,,,,,,,,,,,,,,
2014-D046,Davis Cup G2 R1: KUW vs INA,Hard,4,D,,20140131,4,SH33,,,Aditya Hari Sasongko,,,INA,25.577,,,AB23,,,Abdulhameed Alshatti,R,,KUW,18.511,1984.0,1.0,6-2 6-1,3,RR,,,,,,,,,,,,,,,,,,,
2014-D052,Davis Cup G1 R1: RUS vs POL,Hard,4,D,,20140131,1,J397,,,Jerzy Janowicz,R,203.0,POL,23.217,21.0,1615.0,KE29,,,Karen Khachanov,R,198.0,RUS,17.697,448.0,83.0,6-2 6-4 6-4,5,RR,,,,,,,,,,,,,,,,,,,
2014-D052,Davis Cup G1 R1: RUS vs POL,Hard,4,D,,20140131,2,T315,,,Dmitry Tursunov,R,185.0,RUS,31.138,28.0,1314.0,P701,,,Michal Przysiezny,R,185.0,POL,29.958,57.0,775.0,6-3 3-6 7-6(3) 6-2,5,RR,,,,,,,,,,,,,,,,,,,
2014-D052,Davis Cup G1 R1: RUS vs POL,Hard,4,D,,20140131,3,J397,,,Jerzy Janowicz,R,203.0,POL,23.217,21.0,1615.0,T315,,,Dmitry Tursunov,R,185.0,RUS,31.138,28.0,1314.0,6-3 7-5 7-6(3),5,RR,,,,,,,,,,,,,,,,,,,
2014-D052,Davis Cup G1 R1: RUS vs POL,Hard,4,D,,20140131,4,G681,,,Teymuraz Gabashvili,R,185.0,GEO,28.693,63.0,731.0,P701,,,Michal Przysiezny,R,185.0,POL,29.958,57.0,775.0,7-5 7-5,3,RR,,,,,,,,,,,,,,,,,,,
2014-D053,Davis Cup G1 R1: SLO vs POR,Hard,4,D,,20140131,1,SH90,,,Joao Sousa,R,185.0,POR,24.841,51.0,890.0,SI56,,,Janez Semrajc,,,SLO,24.523,305.0,146.0,6-1 6-4 4-6 6-0,5,RR,,,,,,,,,,,,,,,,,,,
2014-D053,Davis Cup G1 R1: SLO vs POR,Hard,4,D,,20140131,2,K834,,,Blaz Kavcic,R,188.0,SLO,26.91,111.0,514.0,E698,,,Gastao Elias,R,180.0,POR,23.187,174.0,302.0,7-6(14) 6-1 6-4,5,RR,,,,,,,,,,,,,,,,,,,
2014-D053,Davis Cup G1 R1: SLO vs POR,Hard,4,D,,20140131,3,K834,,,Blaz Kavcic,R,188.0,SLO,26.91,111.0,514.0,SH90,,,Joao Sousa,R,185.0,POR,24.841,51.0,890.0,7-5 7-5 6-2,5,RR,,,,,,,,,,,,,,,,,,,
2014-D053,Davis Cup G1 R1: SLO vs POR,Hard,4,D,,20140131,4,SN54,,,Frederico Ferreira Silva,L,178.0,POR,18.875,601.0,46.0,U133,,,Mike Urbanija,R,183.0,SLO,24.099,589.0,49.0,4-6 4-3 RET,5,RR,,,,,,,,,,,,,,,,,,,
2014-D054,Davis Cup G1 R1: UKR vs ROU,Hard,4,D,,20140131,1,SC77,,,Sergiy Stakhovsky,R,193.0,UKR,28.068,85.0,636.0,U061,,,Adrian Ungur,R,178.0,ROU,29.024,122.0,469.0,6-3 6-1 6-4,5,RR,,,,,,,,,,,,,,,,,,,
2014-D054,Davis Cup G1 R1: UKR vs ROU,Hard,4,D,,20140131,2,ME89,,,Illya Marchenko,R,185.0,UKR,26.398,160.0,328.0,H528,,,Victor Hanescu,R,198.0,ROU,32.531,72.0,700.0,4-6 2-6 6-3 7-6(6) 6-4,5,RR,,,,,,,,,,,,,,,,,,,
2014-D054,Davis Cup G1 R1: UKR vs ROU,Hard,4,D,,20140131,3,SC77,,,Sergiy Stakhovsky,R,193.0,UKR,28.068,85.0,636.0,H528,,,Victor Hanescu,R,198.0,ROU,32.531,72.0,700.0,3-6 6-3 6-2 6-3,5,RR,,,,,,,,,,,,,,,,,,,
2014-D055,Davis Cup G1 R1: SVK vs LAT,Hard,4,D,,20140131,1,L797,,,Lukas Lacko,R,188.0,SVK,26.245,101.0,547.0,PG04,,,Martins Podzus,R,188.0,LAT,19.592,650.0,38.0,3-6 6-3 6-3 6-1,5,RR,,,,,,,,,,,,,,,,,,,
2014-D055,Davis Cup G1 R1: SVK vs LAT,Hard,4,D,,20140131,2,K966,,,Martin Klizan,L,191.0,SVK,24.559,91.0,614.0,J259,,,Andis Juska,R,,LAT,28.695,569.0,53.0,6-4 6-7(4) 6-3 4-6 8-6,5,RR,,,,,,,,,,,,,,,,,,,
2014-D055,Davis Cup G1 R1: SVK vs LAT,Hard,4,D,,20140131,3,MF35,,,Andrej Martin,R,183.0,SVK,24.364,133.0,403.0,PG10,,,Janis Podzus,L,193.0,LAT,19.592,1054.0,9.0,6-4 6-7(5) 6-3,3,RR,,,,,,,,,,,,,,,,,,,
2014-D055,Davis Cup G1 R1: SVK vs LAT,Hard,4,D,,20140131,4,K966,,,Martin Klizan,L,191.0,SVK,24.559,91.0,614.0,LD60,,,Arturs Lazdins,R,,LAT,16.813,,,6-3 6-3,3,RR,,,,,,,,,,,,,,,,,,,
2014-D062,Davis Cup G2 R1: RSA vs MON,,4,D,,20140131,1,AA81,,,Romain Arneodo,R,175.0,MON,21.492,528.0,62.0,D424,,,Rik De Voest,R,180.0,RSA,33.656,170.0,309.0,7-5 3-6 7-5 5-7 6-4,5,RR,,,,,,,,,,,,,,,,,,,
2014-D062,Davis Cup G2 R1: RSA vs MON,,4,D,,20140131,2,SK41,,,Nicolaas Scholtz,R,,RSA,22.987,952.0,12.0,B946,,,Benjamin Balleret,R,183.0,MON,31.044,276.0,165.0,7-5 7-6(4) 3-6 3-6 6-3,5,RR,,,,,,,,,,,,,,,,,,,
2014-D062,Davis Cup G2 R1: RSA vs MON,,4,D,,20140131,3,D424,,,Rik De Voest,R,180.0,RSA,33.656,170.0,309.0,B946,,,Benjamin Balleret,R,183.0,MON,31.044,276.0,165.0,7-6(2) 6-2 6-3,5,RR,,,,,,,,,,,,,,,,,,,
2014-D062,Davis Cup G2 R1: RSA vs MON,,4,D,,20140131,4,AA81,,,Romain Arneodo,R,175.0,MON,21.492,528.0,62.0,SK41,,,Nicolaas Scholtz,R,,RSA,22.987,952.0,12.0,7-5 RET,5,RR,,,,,,,,,,,,,,,,,,,
2014-D063,Davis Cup G2 R1: NOR vs LTU,Hard,4,D,,20140131,1,GA71,,,Laurynas Grigelis,R,183.0,LTU,22.467,242.0,196.0,BM15,,,Joachim Bjerke,R,178.0,NOR,19.222,938.0,13.0,6-7(4) 6-3 6-3 6-2,5,RR,,,,,,,,,,,,,,,,,,,
2014-D063,Davis Cup G2 R1: NOR vs LTU,Hard,4,D,,20140131,2,BE90,,,Ricardas Berankis,R,175.0,LTU,23.614,150.0,353.0,DC76,,,Viktor Durasovic,R,185.0,NOR,16.871,1296.0,4.0,7-5 6-3 6-2,5,RR,,,,,,,,,,,,,,,,,,,
2014-D063,Davis Cup G2 R1: NOR vs LTU,Hard,4,D,,20140131,3,ML78,,,Lukas Mugevicius,R,188.0,LTU,19.151,962.0,12.0,BM15,,,Joachim Bjerke,R,178.0,NOR,19.222,938.0,13.0,3-1 RET,5,RR,,,,,,,,,,,,,,,,,,,
2014-D063,Davis Cup G2 R1: NOR vs LTU,Hard,4,D,,20140131,4,BM55,,,Mantas Bugailiskis,,,LTU,17.749,,,DC76,,,Viktor Durasovic,R,185.0,NOR,16.871,1296.0,4.0,7-6(4) 4-6 6-3,3,RR,,,,,,,,,,,,,,,,,,,
2014-D064,Davis Cup G2 R1: FIN vs BUL,Hard,4,D,,20140131,1,N289,,,Jarkko Nieminen,L,185.0,FIN,32.526,36.0,1090.0,L950,,,Alexandar Lazov,L,183.0,BUL,23.565,598.0,47.0,6-3 6-0 6-3,5,RR,,,,,,,,,,,,,,,,,,,
2014-D064,Davis Cup G2 R1: FIN vs BUL,Hard,4,D,,20140131,2,K918,,,Dimitar Kutrovsky,R,175.0,BUL,26.431,472.0,76.0,KB56,,,Micke Kontinen,,,FIN,21.12,457.0,80.0,6-4 6-2 6-1,5,RR,,,,,,,,,,,,,,,,,,,
2014-D064,Davis Cup G2 R1: FIN vs BUL,Hard,4,D,,20140131,3,N289,,,Jarkko Nieminen,L,185.0,FIN,32.526,36.0,1090.0,K918,,,Dimitar Kutrovsky,R,175.0,BUL,26.431,472.0,76.0,4-6 6-1 2-6 6-4 6-3,5,RR,,,,,,,,,,,,,,,,,,,
2014-D064,Davis Cup G2 R1: FIN vs BUL,Hard,4,D,,20140131,4,G925,,,Tihomir Grozdanov,,,BUL,26.76,409.0,96.0,PF69,,,Herkko Pollanen,,,FIN,19.532,713.0,30.0,6-7(3) 6-2 6-3,3,RR,,,,,,,,,,,,,,,,,,,
2014-D065,Davis Cup G2 R1: BIH vs GRE,Carpet,4,D,,20140131,1,BE67,,,Mirza Basic,R,188.0,BIH,22.557,236.0,203.0,J206,,,Alexandros Jakupovic,R,,GRE,32.131,519.0,65.0,6-3 6-2 6-2,5,RR,,,,,,,,,,,,,,,,,,,
2014-D065,Davis Cup G2 R1: BIH vs GRE,Carpet,4,D,,20140131,2,KD48,,,Markos Kalovelonis,R,191.0,GRE,19.707,691.0,33.0,D923,,,Damir Dzumhur,R,175.0,BIH,21.7,144.0,378.0,7-6(4) 7-6(1) 3-6 6-2,5,RR,,,,,,,,,,,,,,,,,,,
2014-D065,Davis Cup G2 R1: BIH vs GRE,Carpet,4,D,,20140131,3,D923,,,Damir Dzumhur,R,175.0,BIH,21.7,144.0,378.0,J206,,,Alexandros Jakupovic,R,,GRE,32.131,519.0,65.0,4-6 3-6 6-2 6-3 6-4,5,RR,,,,,,,,,,,,,,,,,,,
2014-D066,Davis Cup G2 R1: BLR vs IRL,Hard,4,D,,20140131,1,Z248,,,Dzmitry Zhyrmont,R,188.0,BLR,24.92,314.0,139.0,GA84,,,Daniel Glancy,,,IRL,25.216,723.0,29.0,6-2 6-4 6-2,5,RR,,,,,,,,,,,,,,,,,,,
2014-D066,Davis Cup G2 R1: BLR vs IRL,Hard,4,D,,20140131,2,GC89,,,Egor Gerasimov,R,196.0,BLR,21.221,252.0,184.0,MK69,,,John Morrissey,,,IRL,21.443,,,6-4 6-1 6-2,5,RR,,,,,,,,,,,,,,,,,,,
2014-D066,Davis Cup G2 R1: BLR vs IRL,Hard,4,D,,20140131,3,GC89,,,Egor Gerasimov,R,196.0,BLR,21.221,252.0,184.0,GA84,,,Daniel Glancy,,,IRL,25.216,723.0,29.0,6-3 6-3,3,RR,,,,,,,,,,,,,,,,,,,
2014-D066,Davis Cup G2 R1: BLR vs IRL,Hard,4,D,,20140131,4,MK69,,,John Morrissey,,,IRL,21.443,,,Z248,,,Dzmitry Zhyrmont,R,188.0,BLR,24.92,314.0,139.0,W/O,5,RR,,,,,,,,,,,,,,,,,,,
2014-D067,Davis Cup G2 R1: MDA vs EGY,Hard,4,D,,20140131,1,SK47,,,Mohamed Safwat,R,180.0,EGY,23.368,203.0,239.0,DA02,,,Maxim Dubarenco,,,MDA,20.605,335.0,128.0,6-2 6-2 6-2,5,RR,,,,,,,,,,,,,,,,,,,
2014-D067,Davis Cup G2 R1: MDA vs EGY,Hard,4,D,,20140131,2,A829,,,Radu Albot,R,175.0,MDA,24.222,167.0,315.0,HA95,,,Karim Hossam,R,,EGY,19.817,339.0,127.0,6-2 3-6 6-3 3-0 RET,5,RR,,,,,,,,,,,,,,,,,,,
2014-D067,Davis Cup G2 R1: MDA vs EGY,Hard,4,D,,20140131,3,A829,,,Radu Albot,R,175.0,MDA,24.222,167.0,315.0,SK47,,,Mohamed Safwat,R,180.0,EGY,23.368,203.0,239.0,2-6 6-3 6-4 6-4,5,RR,,,,,,,,,,,,,,,,,,,
2014-D067,Davis Cup G2 R1: MDA vs EGY,Hard,4,D,,20140131,4,DA02,,,Maxim Dubarenco,,,MDA,20.605,335.0,128.0,SG01,,,Sherif Sabry,,,EGY,27.425,430.0,90.0,6-7(6) 6-4 6-4,3,RR,,,,,,,,,,,,,,,,,,,
2014-D068,Davis Cup G2 R1: MAR vs LUX,Clay,4,D,,20140131,1,MA30,,,Gilles Muller,L,193.0,LUX,30.732,364.0,114.0,I201,,,Yassine Idmbarek,,,MAR,27.151,741.0,26.0,6-1 7-6(0) 6-4,5,RR,,,,,,,,,,,,,,,,,,,
2014-D068,Davis Cup G2 R1: MAR vs LUX,Clay,4,D,,20140131,2,KB07,,,Hicham Khaddari,,,MAR,22.453,512.0,66.0,N718,,,Ugo Nastasi,R,185.0,LUX,20.794,966.0,12.0,6-3 1-6 6-4 6-2,5,RR,,,,,,,,,,,,,,,,,,,
2014-D068,Davis Cup G2 R1: MAR vs LUX,Clay,4,D,,20140131,3,MA30,,,Gilles Muller,L,193.0,LUX,30.732,364.0,114.0,KB07,,,Hicham Khaddari,,,MAR,22.453,512.0,66.0,6-4 6-2 6-3,5,RR,,,,,,,,,,,,,,,,,,,
2014-D068,Davis Cup G2 R1: MAR vs LUX,Clay,4,D,,20140131,4,R847,,,Younes Rachidi,,,MAR,27.384,869.0,17.0,TG10,,,Christophe Tholl,,,LUX,19.118,,,6-2 7-5,3,RR,,,,,,,,,,,,,,,,,,,
2014-D069,Davis Cup G2 R1: DEN vs CYP,Hard,4,D,,20140131,1,PB29,,,Martin Pedersen,,,DEN,26.631,1011.0,10.0,KD02,,,Sergis Kyratzis,L,,CYP,18.724,1549.0,2.0,6-2 6-3 6-2,5,RR,,,,,,,,,,,,,,,,,,,
2014-D069,Davis Cup G2 R1: DEN vs CYP,Hard,4,D,,20140131,2,N390,,,Frederik Nielsen,R,188.0,DEN,30.431,618.0,42.0,CH73,,,Petros Chrysochos,R,185.0,CYP,17.815,,,2-6 6-1 6-0 7-6(4),5,RR,,,,,,,,,,,,,,,,,,,
2014-D069,Davis Cup G2 R1: DEN vs CYP,Hard,4,D,,20140131,3,TC12,,,Mikael Torpegaard,R,193.0,DEN,19.734,1175.0,6.0,KD02,,,Sergis Kyratzis,L,,CYP,18.724,1549.0,2.0,6-0 6-4,3,RR,,,,,,,,,,,,,,,,,,,
2014-D069,Davis Cup G2 R1: DEN vs CYP,Hard,4,D,,20140131,4,CH73,,,Petros Chrysochos,R,185.0,CYP,17.815,,,PB29,,,Martin Pedersen,,,DEN,26.631,1011.0,10.0,6-3 6-4,3,RR,,,,,,,,,,,,,,,,,,,
2014-2276,Zagreb,Hard,28,250,I,20140203,1,B896,,,Benjamin Becker,R,178.0,GER,32.635,93.0,602.0,H704,,,Jesse Huta Galung,R,,NED,28.329,92.0,609.0,6-7(4) 6-3 7-6(6),3,R32,142.0,12.0,0.0,109.0,59.0,46.0,27.0,17.0,3.0,5.0,19.0,8.0,121.0,75.0,51.0,24.0,16.0,5.0,8.0
2014-2276,Zagreb,Hard,28,250,I,20140203,2,SC56,,,Dudi Sela,R,175.0,ISR,28.835,78.0,671.0,R685,6.0,,Lukas Rosol,R,193.0,CZE,28.531,49.0,911.0,6-3 7-6(2),3,R32,92.0,2.0,4.0,92.0,59.0,37.0,17.0,11.0,6.0,8.0,2.0,3.0,70.0,35.0,21.0,17.0,10.0,3.0,6.0
2014-2276,Zagreb,Hard,28,250,I,20140203,3,L797,,,Lukas Lacko,R,188.0,SVK,26.253,102.0,547.0,SL28,,,Jan-Lennard Struff,R,193.0,GER,23.778,119.0,481.0,6-4 6-4,3,R32,62.0,10.0,1.0,50.0,32.0,27.0,10.0,10.0,0.0,1.0,5.0,5.0,62.0,34.0,22.0,16.0,10.0,1.0,4.0
2014-2276,Zagreb,Hard,28,250,I,20140203,4,P436,,Q,Bjorn Phau,R,175.0,GER,34.335,358.0,117.0,PC78,,WC,Ante Pavic,R,196.0,CRO,24.912,229.0,210.0,6-3 6-4,3,R32,66.0,5.0,2.0,52.0,30.0,24.0,14.0,9.0,1.0,2.0,3.0,6.0,59.0,31.0,21.0,11.0,10.0,3.0,7.0
2014-2276,Zagreb,Hard,28,250,I,20140203,5,KB54,,Q,Andrey Kuznetsov,R,183.0,RUS,22.949,142.0,382.0,SC77,,,Sergiy Stakhovsky,R,193.0,UKR,28.077,83.0,636.0,6-4 7-6(8),3,R32,89.0,2.0,3.0,73.0,43.0,32.0,20.0,11.0,0.0,1.0,5.0,3.0,77.0,51.0,40.0,8.0,11.0,1.0,3.0
2014-2276,Zagreb,Hard,28,250,I,20140203,6,SF36,8.0,,Igor Sijsling,R,191.0,NED,26.464,63.0,740.0,K834,,,Blaz Kavcic,R,188.0,SLO,26.919,112.0,514.0,6-7(4) 6-3 6-4,3,R32,121.0,13.0,0.0,99.0,57.0,40.0,25.0,16.0,3.0,5.0,7.0,4.0,90.0,54.0,38.0,16.0,15.0,5.0,9.0
2014-2276,Zagreb,Hard,28,250,I,20140203,7,G806,,,Andrey Golubev,R,180.0,KAZ,26.538,87.0,620.0,H528,,,Victor Hanescu,R,198.0,ROU,32.539,73.0,700.0,7-6(6) 4-6 7-6(5),3,R32,142.0,3.0,4.0,115.0,77.0,57.0,23.0,17.0,8.0,10.0,6.0,0.0,99.0,83.0,65.0,9.0,17.0,1.0,2.0
2014-2276,Zagreb,Hard,28,250,I,20140203,8,B678,,Q,Michael Berrer,L,193.0,GER,33.593,148.0,360.0,CG80,,WC,Borna Coric,R,188.0,CRO,17.221,303.0,147.0,6-4 3-6 6-4,3,R32,144.0,8.0,2.0,93.0,56.0,41.0,19.0,15.0,4.0,7.0,5.0,3.0,96.0,52.0,36.0,22.0,14.0,3.0,6.0
2014-2276,Zagreb,Hard,28,250,I,20140203,9,E687,,LL,Daniel Evans,R,175.0,GBR,23.702,147.0,362.0,H571,,,Jan Hajek,R,180.0,CZE,30.494,106.0,540.0,6-3 6-1,3,R32,51.0,8.0,0.0,38.0,22.0,21.0,11.0,8.0,0.0,0.0,2.0,1.0,50.0,36.0,23.0,4.0,8.0,2.0,6.0
2014-2276,Zagreb,Hard,28,250,I,20140203,10,C977,5.0,,Marin Cilic,R,198.0,CRO,25.35,37.0,1085.0,DA89,,WC,Mate Delic,R,196.0,CRO,20.767,370.0,110.0,6-4 6-4,3,R32,71.0,14.0,0.0,50.0,34.0,31.0,10.0,10.0,2.0,2.0,3.0,1.0,66.0,46.0,32.0,9.0,10.0,3.0,5.0
2014-2276,Zagreb,Hard,28,250,I,20140203,11,L987,,,Dusan Lajovic,R,183.0,SRB,23.598,101.0,547.0,KD70,,Q,Pedja Krstin,R,183.0,SRB,19.42,373.0,109.0,6-2 6-3,3,R32,58.0,8.0,1.0,51.0,32.0,24.0,11.0,8.0,2.0,2.0,3.0,2.0,45.0,28.0,17.0,8.0,9.0,1.0,5.0
2014-2276,Zagreb,Hard,28,250,I,20140203,12,K336,,,Ivo Karlovic,R,211.0,CRO,34.932,79.0,667.0,BC72,,,Daniel Brands,R,196.0,GER,26.552,68.0,719.0,6-7(4) 7-5 7-6(3),3,R32,117.0,44.0,2.0,93.0,69.0,63.0,18.0,18.0,0.0,0.0,15.0,0.0,119.0,86.0,66.0,22.0,18.0,5.0,6.0
2014-2276,Zagreb,Hard,28,250,I,20140203,13,H355,1.0,,Tommy Haas,R,188.0,GER,35.838,12.0,2435.0,B896,,,Benjamin Becker,R,178.0,GER,32.635,93.0,602.0,4-6 6-3 6-3,3,R16,107.0,11.0,2.0,85.0,58.0,46.0,12.0,14.0,1.0,3.0,10.0,2.0,82.0,52.0,36.0,15.0,14.0,4.0,8.0
2014-2276,Zagreb,Hard,28,250,I,20140203,14,KB54,,Q,Andrey Kuznetsov,R,183.0,RUS,22.949,142.0,382.0,SF36,8.0,,Igor Sijsling,R,191.0,NED,26.464,63.0,740.0,1-6 6-3 7-6(5),3,R16,104.0,8.0,2.0,109.0,70.0,53.0,16.0,14.0,11.0,13.0,8.0,3.0,89.0,50.0,42.0,17.0,14.0,2.0,3.0
2014-2276,Zagreb,Hard,28,250,I,20140203,15,K435,3.0,,Philipp Kohlschreiber,R,178.0,GER,30.303,27.0,1330.0,G806,,,Andrey Golubev,R,180.0,KAZ,26.538,87.0,620.0,6-4 6-2,3,R16,68.0,6.0,0.0,42.0,21.0,20.0,16.0,9.0,0.0,0.0,3.0,2.0,68.0,47.0,29.0,9.0,9.0,5.0,8.0
2014-2276,Zagreb,Hard,28,250,I,20140203,16,E687,,LL,Daniel Evans,R,175.0,GBR,23.702,147.0,362.0,B678,,Q,Michael Berrer,L,193.0,GER,33.593,148.0,360.0,1-6 6-1 7-6(4),3,R16,97.0,10.0,2.0,73.0,42.0,33.0,18.0,13.0,0.0,2.0,10.0,1.0,76.0,58.0,42.0,11.0,13.0,3.0,5.0
2014-2276,Zagreb,Hard,28,250,I,20140203,17,C977,5.0,,Marin Cilic,R,198.0,CRO,25.35,37.0,1085.0,L987,,,Dusan Lajovic,R,183.0,SRB,23.598,101.0,547.0,6-4 7-5,3,R16,98.0,12.0,1.0,65.0,42.0,33.0,12.0,11.0,3.0,4.0,1.0,6.0,80.0,47.0,31.0,14.0,11.0,7.0,10.0
2014-2276,Zagreb,Hard,28,250,I,20140203,18,D646,4.0,,Ivan Dodig,R,183.0,CRO,29.087,34.0,1145.0,K336,,,Ivo Karlovic,R,211.0,CRO,34.932,79.0,667.0,7-6(5) 6-3,3,R16,80.0,6.0,4.0,73.0,56.0,44.0,10.0,11.0,7.0,7.0,12.0,0.0,57.0,41.0,33.0,9.0,10.0,0.0,1.0
2014-2276,Zagreb,Hard,28,250,I,20140203,19,SC56,,,Dudi Sela,R,175.0,ISR,28.835,78.0,671.0,L797,,,Lukas Lacko,R,188.0,SVK,26.253,102.0,547.0,6-3 6-2,3,R16,51.0,3.0,1.0,52.0,33.0,27.0,8.0,9.0,1.0,2.0,0.0,3.0,39.0,26.0,18.0,2.0,8.0,0.0,4.0
2014-2276,Zagreb,Hard,28,250,I,20140203,20,P436,,Q,Bjorn Phau,R,175.0,GER,34.335,358.0,117.0,Y061,2.0,,Mikhail Youzhny,R,183.0,RUS,31.611,14.0,2145.0,4-6 7-5 6-1,3,R16,132.0,4.0,5.0,92.0,47.0,34.0,23.0,14.0,5.0,8.0,7.0,2.0,106.0,66.0,40.0,19.0,15.0,9.0,15.0
2014-2276,Zagreb,Hard,28,250,I,20140203,21,H355,1.0,,Tommy Haas,R,188.0,GER,35.838,12.0,2435.0,KB54,,Q,Andrey Kuznetsov,R,183.0,RUS,22.949,142.0,382.0,7-6(6) 6-4,3,QF,85.0,9.0,1.0,78.0,60.0,47.0,9.0,11.0,2.0,2.0,10.0,3.0,65.0,45.0,35.0,11.0,11.0,0.0,1.0
2014-2276,Zagreb,Hard,28,250,I,20140203,22,E687,,LL,Daniel Evans,R,175.0,GBR,23.702,147.0,362.0,K435,3.0,,Philipp Kohlschreiber,R,178.0,GER,30.303,27.0,1330.0,6-4 2-6 6-4,3,QF,120.0,5.0,1.0,109.0,60.0,42.0,24.0,14.0,6.0,8.0,10.0,2.0,95.0,59.0,44.0,17.0,14.0,4.0,6.0
2014-2276,Zagreb,Hard,28,250,I,20140203,23,C977,5.0,,Marin Cilic,R,198.0,CRO,25.35,37.0,1085.0,D646,4.0,,Ivan Dodig,R,183.0,CRO,29.087,34.0,1145.0,7-5 6-4,3,QF,92.0,6.0,1.0,70.0,48.0,36.0,9.0,11.0,5.0,7.0,2.0,2.0,61.0,36.0,27.0,10.0,11.0,1.0,5.0
2014-2276,Zagreb,Hard,28,250,I,20140203,24,P436,,Q,Bjorn Phau,R,175.0,GER,34.335,358.0,117.0,SC56,,,Dudi Sela,R,175.0,ISR,28.835,78.0,671.0,6-4 6-3,3,QF,69.0,1.0,1.0,49.0,24.0,18.0,15.0,9.0,3.0,5.0,0.0,2.0,58.0,30.0,18.0,12.0,10.0,1.0,6.0
2014-2276,Zagreb,Hard,28,250,I,20140203,25,H355,1.0,,Tommy Haas,R,188.0,GER,35.838,12.0,2435.0,E687,,LL,Daniel Evans,R,175.0,GBR,23.702,147.0,362.0,5-7 6-4 6-3,3,SF,119.0,7.0,0.0,89.0,57.0,46.0,17.0,16.0,4.0,6.0,7.0,2.0,95.0,56.0,40.0,19.0,15.0,5.0,8.0
2014-2276,Zagreb,Hard,28,250,I,20140203,26,C977,5.0,,Marin Cilic,R,198.0,CRO,25.35,37.0,1085.0,P436,,Q,Bjorn Phau,R,175.0,GER,34.335,358.0,117.0,6-3 6-4,3,SF,84.0,6.0,3.0,63.0,31.0,25.0,15.0,10.0,3.0,5.0,2.0,5.0,64.0,37.0,22.0,11.0,9.0,6.0,10.0
2014-2276,Zagreb,Hard,28,250,I,20140203,27,C977,5.0,,Marin Cilic,R,198.0,CRO,25.35,37.0,1085.0,H355,1.0,,Tommy Haas,R,188.0,GER,35.838,12.0,2435.0,6-3 6-4,3,F,80.0,10.0,4.0,60.0,31.0,25.0,15.0,10.0,2.0,3.0,2.0,0.0,56.0,37.0,21.0,12.0,9.0,5.0,8.0
2014-375,Montpellier,Hard,28,250,I,20140203,1,M850,,WC,Paul-Henri Mathieu,R,185.0,FRA,32.06,140.0,392.0,M873,,,Nicolas Mahut,R,191.0,FRA,32.036,47.0,968.0,6-1 3-0 RET,3,R32,44.0,4.0,1.0,34.0,15.0,12.0,12.0,5.0,1.0,1.0,2.0,4.0,28.0,16.0,6.0,3.0,5.0,2.0,6.0
2014-375,Montpellier,Hard,28,250,I,20140203,2,N289,6.0,,Jarkko Nieminen,L,185.0,FIN,32.534,36.0,1090.0,N503,,,Aleksandr Nedovyesov,R,188.0,KAZ,26.968,95.0,588.0,4-6 6-2 4-4 RET,3,R32,88.0,3.0,1.0,67.0,49.0,39.0,11.0,13.0,1.0,3.0,8.0,2.0,74.0,47.0,33.0,13.0,13.0,1.0,4.0
2014-375,Montpellier,Hard,28,250,I,20140203,3,H996,,WC,Pierre-Hugues Herbert,R,188.0,FRA,22.883,160.0,331.0,AB17,,Q,Andres Artunedo Martinavarro,R,183.0,ESP,20.389,340.0,126.0,6-4 6-3,3,R32,64.0,5.0,1.0,53.0,23.0,21.0,18.0,10.0,1.0,2.0,3.0,1.0,47.0,36.0,24.0,6.0,9.0,3.0,6.0
2014-375,Montpellier,Hard,28,250,I,20140203,4,G436,,Q,Marc Gicquel,R,188.0,FRA,36.849,127.0,440.0,L428,,,Michael Llodra,L,191.0,FRA,33.714,105.0,541.0,6-4 7-6(4),3,R32,87.0,6.0,0.0,74.0,58.0,42.0,8.0,11.0,7.0,8.0,6.0,1.0,77.0,50.0,37.0,11.0,11.0,3.0,5.0
2014-375,Montpellier,Hard,28,250,I,20140203,5,O411,,Q,Albano Olivetti,R,203.0,FRA,22.196,249.0,186.0,D750,,,Kenny De Schepper,L,203.0,FRA,26.686,82.0,652.0,4-6 7-6(2) 6-4,3,R32,112.0,14.0,3.0,93.0,60.0,50.0,20.0,16.0,2.0,3.0,6.0,2.0,80.0,53.0,42.0,20.0,16.0,0.0,1.0
2014-375,Montpellier,Hard,28,250,I,20140203,6,D402,,,Nikolay Davydenko,R,178.0,RUS,32.674,60.0,760.0,B747,8.0,,Julien Benneteau,R,185.0,FRA,32.123,39.0,1045.0,7-6(6) 7-5,3,R32,102.0,8.0,2.0,86.0,54.0,42.0,19.0,12.0,3.0,3.0,6.0,1.0,76.0,49.0,39.0,16.0,12.0,2.0,3.0
2014-375,Montpellier,Hard,28,250,I,20140203,7,ME82,,,Adrian Mannarino,L,180.0,FRA,25.599,72.0,702.0,ME31,,LL,Vincent Millot,L,173.0,FRA,28.011,203.0,240.0,6-4 6-4,3,R32,76.0,6.0,1.0,67.0,35.0,31.0,15.0,10.0,3.0,3.0,1.0,3.0,52.0,33.0,28.0,7.0,10.0,2.0,4.0
2014-375,Montpellier,Hard,28,250,I,20140203,8,BA65,,,Dustin Brown,R,196.0,JAM,29.155,104.0,543.0,G681,,,Teymuraz Gabashvili,R,185.0,GEO,28.701,64.0,731.0,4-6 6-1 7-6(1),3,R32,110.0,9.0,3.0,103.0,71.0,50.0,14.0,15.0,3.0,6.0,3.0,1.0,87.0,67.0,44.0,9.0,14.0,2.0,6.0
2014-375,Montpellier,Hard,28,250,I,20140203,9,R613,7.0,,Edouard Roger-Vasselin,R,185.0,FRA,30.185,38.0,1083.0,P701,,,Michal Przysiezny,R,185.0,POL,29.966,57.0,775.0,7-6(3) 6-3,3,R32,98.0,3.0,4.0,65.0,40.0,34.0,17.0,11.0,1.0,1.0,10.0,2.0,88.0,53.0,37.0,18.0,10.0,13.0,14.0
2014-375,Montpellier,Hard,28,250,I,20140203,10,MC65,5.0,,Gael Monfils,R,193.0,FRA,27.425,30.0,1245.0,K540,,,Lukasz Kubot,R,191.0,POL,31.721,75.0,686.0,6-4 4-6 6-3,3,R32,118.0,11.0,1.0,92.0,67.0,56.0,9.0,15.0,6.0,7.0,9.0,5.0,88.0,51.0,38.0,20.0,14.0,6.0,8.0
2014-375,Montpellier,Hard,28,250,I,20140203,11,SH90,,,Joao Sousa,R,185.0,POR,24.849,50.0,890.0,K839,,,Tobias Kamke,R,178.0,GER,27.707,89.0,616.0,3-6 6-1 6-4,3,R32,104.0,6.0,0.0,73.0,48.0,34.0,14.0,13.0,4.0,6.0,1.0,1.0,84.0,50.0,29.0,22.0,13.0,5.0,9.0
2014-375,Montpellier,Hard,28,250,I,20140203,12,I165,,,Denis Istomin,R,185.0,UZB,27.409,43.0,990.0,K771,,Q,Marsel Ilhan,R,191.0,TUR,26.65,188.0,268.0,6-4 7-5,3,R32,74.0,9.0,1.0,59.0,40.0,31.0,14.0,11.0,0.0,0.0,2.0,1.0,62.0,37.0,28.0,16.0,11.0,1.0,3.0
2014-375,Montpellier,Hard,28,250,I,20140203,13,G628,1.0,,Richard Gasquet,R,183.0,FRA,27.63,9.0,3050.0,M850,,WC,Paul-Henri Mathieu,R,185.0,FRA,32.06,140.0,392.0,6-1 6-3,3,R16,95.0,3.0,2.0,69.0,42.0,29.0,16.0,8.0,7.0,7.0,4.0,5.0,73.0,36.0,24.0,14.0,8.0,5.0,9.0
2014-375,Montpellier,Hard,28,250,I,20140203,14,O411,,Q,Albano Olivetti,R,203.0,FRA,22.196,249.0,186.0,D402,,,Nikolay Davydenko,R,178.0,RUS,32.674,60.0,760.0,7-6(5) 6-7(5) 7-5,3,R16,152.0,28.0,4.0,107.0,57.0,52.0,30.0,18.0,3.0,5.0,8.0,2.0,137.0,97.0,67.0,24.0,18.0,7.0,10.0
2014-375,Montpellier,Hard,28,250,I,20140203,15,J397,3.0,,Jerzy Janowicz,R,203.0,POL,23.225,21.0,1615.0,ME82,,,Adrian Mannarino,L,180.0,FRA,25.599,72.0,702.0,7-6(2) 6-3,3,R16,72.0,17.0,2.0,62.0,39.0,34.0,16.0,11.0,0.0,0.0,6.0,2.0,57.0,44.0,32.0,8.0,10.0,3.0,4.0
2014-375,Montpellier,Hard,28,250,I,20140203,16,R613,7.0,,Edouard Roger-Vasselin,R,185.0,FRA,30.185,38.0,1083.0,BA65,,,Dustin Brown,R,196.0,JAM,29.155,104.0,543.0,6-3 6-4,3,R16,67.0,4.0,3.0,65.0,54.0,41.0,4.0,10.0,4.0,4.0,7.0,2.0,63.0,40.0,26.0,13.0,9.0,1.0,3.0
2014-375,Montpellier,Hard,28,250,I,20140203,17,MC65,5.0,,Gael Monfils,R,193.0,FRA,27.425,30.0,1245.0,SH90,,,Joao Sousa,R,185.0,POR,24.849,50.0,890.0,6-3 6-2,3,R16,65.0,9.0,2.0,52.0,35.0,27.0,10.0,9.0,0.0,0.0,2.0,2.0,62.0,39.0,24.0,10.0,8.0,5.0,8.0
2014-375,Montpellier,Hard,28,250,I,20140203,18,I165,,,Denis Istomin,R,185.0,UZB,27.409,43.0,990.0,T315,4.0,,Dmitry Tursunov,R,185.0,RUS,31.146,28.0,1314.0,7-5 6-4,3,R16,94.0,6.0,0.0,61.0,44.0,28.0,10.0,11.0,4.0,7.0,8.0,0.0,73.0,42.0,20.0,18.0,11.0,5.0,10.0
2014-375,Montpellier,Hard,28,250,I,20140203,19,N289,6.0,,Jarkko Nieminen,L,185.0,FIN,32.534,36.0,1090.0,H996,,WC,Pierre-Hugues Herbert,R,188.0,FRA,22.883,160.0,331.0,7-6(5) 7-6(5),3,R16,97.0,3.0,0.0,71.0,51.0,43.0,11.0,12.0,1.0,2.0,23.0,5.0,94.0,50.0,42.0,19.0,12.0,6.0,7.0
2014-375,Montpellier,Hard,28,250,I,20140203,20,G436,,Q,Marc Gicquel,R,188.0,FRA,36.849,127.0,440.0,SD32,2.0,,Gilles Simon,R,183.0,FRA,29.103,20.0,1700.0,7-6(4) 6-3,3,R16,89.0,6.0,2.0,62.0,35.0,27.0,14.0,11.0,2.0,5.0,3.0,3.0,81.0,45.0,28.0,16.0,10.0,3.0,7.0
2014-375,Montpellier,Hard,28,250,I,20140203,21,G628,1.0,,Richard Gasquet,R,183.0,FRA,27.63,9.0,3050.0,O411,,Q,Albano Olivetti,R,203.0,FRA,22.196,249.0,186.0,6-4 6-2,3,QF,70.0,3.0,0.0,43.0,28.0,24.0,12.0,9.0,0.0,0.0,13.0,7.0,71.0,36.0,28.0,11.0,9.0,7.0,10.0
2014-375,Montpellier,Hard,28,250,I,20140203,22,J397,3.0,,Jerzy Janowicz,R,203.0,POL,23.225,21.0,1615.0,R613,7.0,,Edouard Roger-Vasselin,R,185.0,FRA,30.185,38.0,1083.0,6-2 6-4,3,QF,70.0,18.0,1.0,55.0,36.0,28.0,13.0,9.0,3.0,3.0,3.0,2.0,58.0,41.0,26.0,8.0,9.0,4.0,7.0
2014-375,Montpellier,Hard,28,250,I,20140203,23,MC65,5.0,,Gael Monfils,R,193.0,FRA,27.425,30.0,1245.0,I165,,,Denis Istomin,R,185.0,UZB,27.409,43.0,990.0,6-4 6-4,3,QF,69.0,7.0,4.0,55.0,38.0,28.0,10.0,10.0,4.0,6.0,3.0,0.0,61.0,45.0,27.0,9.0,10.0,2.0,6.0
2014-375,Montpellier,Hard,28,250,I,20140203,24,N289,6.0,,Jarkko Nieminen,L,185.0,FIN,32.534,36.0,1090.0,G436,,Q,Marc Gicquel,R,188.0,FRA,36.849,127.0,440.0,6-3 3-6 7-6(5),3,QF,105.0,1.0,4.0,101.0,74.0,52.0,12.0,15.0,5.0,7.0,11.0,1.0,79.0,47.0,39.0,19.0,15.0,1.0,3.0
2014-375,Montpellier,Hard,28,250,I,20140203,25,G628,1.0,,Richard Gasquet,R,183.0,FRA,27.63,9.0,3050.0,J397,3.0,,Jerzy Janowicz,R,203.0,POL,23.225,21.0,1615.0,7-6(6) 7-6(4),3,SF,102.0,8.0,0.0,70.0,50.0,40.0,14.0,12.0,0.0,1.0,16.0,4.0,84.0,52.0,39.0,18.0,12.0,3.0,4.0
2014-375,Montpellier,Hard,28,250,I,20140203,26,MC65,5.0,,Gael Monfils,R,193.0,FRA,27.425,30.0,1245.0,N289,6.0,,Jarkko Nieminen,L,185.0,FIN,32.534,36.0,1090.0,6-2 3-6 6-1,3,SF,79.0,15.0,3.0,67.0,51.0,41.0,7.0,12.0,0.0,1.0,0.0,0.0,76.0,53.0,31.0,13.0,12.0,7.0,11.0
2014-375,Montpellier,Hard,28,250,I,20140203,27,MC65,5.0,,Gael Monfils,R,193.0,FRA,27.425,30.0,1245.0,G628,1.0,,Richard Gasquet,R,183.0,FRA,27.63,9.0,3050.0,6-4 6-4,3,F,85.0,9.0,4.0,50.0,28.0,26.0,14.0,10.0,0.0,0.0,0.0,0.0,73.0,55.0,34.0,11.0,10.0,3.0,5.0
2014-8996,Vina del Mar,Clay,28,250,O,20140203,1,BH09,,,Aljaz Bedene,R,183.0,SLO,24.548,109.0,528.0,R612,,,Stephane Robert,R,185.0,FRA,33.717,84.0,627.0,2-6 6-3 6-3,3,R32,117.0,13.0,4.0,81.0,43.0,34.0,17.0,13.0,4.0,7.0,3.0,4.0,95.0,51.0,31.0,22.0,13.0,6.0,10.0
2014-8996,Vina del Mar,Clay,28,250,O,20140203,2,G676,,,Daniel Gimeno-Traver,R,183.0,ESP,28.493,85.0,627.0,D801,6.0,,Alexandr Dolgopolov,R,180.0,UKR,25.24,52.0,860.0,7-6(4) 3-6 7-5,3,R32,126.0,8.0,3.0,106.0,63.0,51.0,21.0,17.0,3.0,6.0,7.0,1.0,95.0,49.0,36.0,32.0,16.0,4.0,6.0
2014-8996,Vina del Mar,Clay,28,250,O,20140203,3,Z184,,,Horacio Zeballos,L,188.0,ARG,28.772,67.0,730.0,LB07,,WC,Gonzalo Lama,R,180.0,CHI,20.772,289.0,155.0,6-3 6-3,3,R32,61.0,6.0,0.0,42.0,26.0,20.0,16.0,9.0,0.0,0.0,3.0,2.0,54.0,34.0,20.0,12.0,9.0,4.0,7.0
2014-8996,Vina del Mar,Clay,28,250,O,20140203,4,MD56,,,Leonardo Mayer,R,191.0,ARG,26.724,91.0,614.0,H804,,,Andreas Haider-Maurer,R,191.0,AUT,26.872,111.0,521.0,7-5 7-5,3,R32,109.0,12.0,2.0,73.0,49.0,39.0,14.0,12.0,6.0,7.0,7.0,8.0,98.0,57.0,40.0,16.0,12.0,17.0,20.0
2014-8996,Vina del Mar,Clay,28,250,O,20140203,5,CD85,,,Pablo Carreno Busta,R,188.0,ESP,22.565,65.0,731.0,V254,,,Filippo Volandri,R,183.0,ITA,32.413,74.0,694.0,6-0 3-6 6-1,3,R32,99.0,1.0,4.0,70.0,44.0,30.0,12.0,11.0,4.0,7.0,0.0,1.0,93.0,69.0,33.0,10.0,11.0,12.0,19.0
2014-8996,Vina del Mar,Clay,28,250,O,20140203,6,CA12,5.0,,Jeremy Chardy,R,188.0,FRA,26.976,44.0,985.0,GD64,,WC,Cristian Garin,R,185.0,CHI,17.681,379.0,106.0,7-5 6-0,3,R32,74.0,5.0,0.0,60.0,34.0,25.0,14.0,9.0,4.0,5.0,2.0,1.0,60.0,39.0,22.0,7.0,9.0,4.0,9.0
2014-8996,Vina del Mar,Clay,28,250,O,20140203,7,A539,,Q,Martin Alund,R,183.0,ARG,28.107,133.0,404.0,R772,,,Albert Ramos-Vinolas,L,188.0,ESP,26.048,86.0,626.0,6-3 6-4,3,R32,91.0,3.0,0.0,61.0,39.0,31.0,14.0,10.0,5.0,5.0,2.0,3.0,61.0,39.0,26.0,13.0,9.0,4.0,6.0
2014-8996,Vina del Mar,Clay,28,250,O,20140203,8,DA81,,Q,Taro Daniel,R,191.0,JPN,21.018,226.0,213.0,BD20,,Q,Thomaz Bellucci,L,188.0,BRA,26.097,125.0,450.0,6-3 6-3,3,R32,91.0,1.0,3.0,68.0,44.0,29.0,13.0,9.0,2.0,3.0,5.0,2.0,55.0,29.0,19.0,11.0,9.0,5.0,9.0
2014-8996,Vina del Mar,Clay,28,250,O,20140203,9,D874,8.0,,Federico Delbonis,L,193.0,ARG,23.332,61.0,756.0,C882,,,Pablo Cuevas,R,180.0,URU,28.09,224.0,215.0,6-3 6-4,3,R32,84.0,4.0,2.0,53.0,32.0,28.0,13.0,10.0,1.0,1.0,4.0,1.0,69.0,41.0,26.0,15.0,9.0,3.0,5.0
2014-8996,Vina del Mar,Clay,28,250,O,20140203,10,G476,7.0,,Guillermo Garcia-Lopez,R,185.0,ESP,30.669,56.0,836.0,R782,,,Julian Reister,R,188.0,GER,27.841,96.0,587.0,3-6 6-4 6-4,3,R32,160.0,2.0,6.0,99.0,53.0,38.0,18.0,14.0,12.0,17.0,0.0,5.0,126.0,85.0,50.0,16.0,15.0,18.0,24.0
2014-8996,Vina del Mar,Clay,28,250,O,20140203,11,L503,,,Paolo Lorenzi,R,183.0,ITA,32.137,107.0,537.0,G892,,,Alejandro Gonzalez,R,191.0,COL,24.988,76.0,676.0,6-2 6-1,3,R32,73.0,1.0,0.0,49.0,37.0,24.0,8.0,7.0,3.0,3.0,3.0,1.0,58.0,28.0,14.0,13.0,8.0,3.0,8.0
2014-8996,Vina del Mar,Clay,28,250,O,20140203,12,G725,,,Santiago Giraldo,R,188.0,COL,26.188,71.0,703.0,R383,,Q,Ruben Ramirez Hidalgo,R,183.0,ESP,36.077,173.0,304.0,6-4 6-2,3,R32,76.0,5.0,2.0,52.0,34.0,25.0,11.0,9.0,5.0,6.0,1.0,1.0,51.0,23.0,12.0,15.0,9.0,2.0,6.0
2014-8996,Vina del Mar,Clay,28,250,O,20140203,13,F510,1.0,,Fabio Fognini,R,178.0,ITA,26.7,15.0,2100.0,BH09,,,Aljaz Bedene,R,183.0,SLO,24.548,109.0,528.0,6-4 7-6(0),3,R16,101.0,4.0,0.0,59.0,36.0,31.0,16.0,11.0,1.0,2.0,3.0,1.0,83.0,50.0,33.0,16.0,11.0,4.0,6.0
2014-8996,Vina del Mar,Clay,28,250,O,20140203,14,CA12,5.0,,Jeremy Chardy,R,188.0,FRA,26.976,44.0,985.0,CD85,,,Pablo Carreno Busta,R,188.0,ESP,22.565,65.0,731.0,6-3 7-6(5),3,R16,88.0,10.0,3.0,59.0,39.0,34.0,12.0,10.0,2.0,2.0,2.0,1.0,84.0,69.0,45.0,7.0,11.0,6.0,8.0
2014-8996,Vina del Mar,Clay,28,250,O,20140203,15,A479,3.0,,Nicolas Almagro,R,183.0,ESP,28.454,18.0,1930.0,A539,,Q,Martin Alund,R,183.0,ARG,28.107,133.0,404.0,4-6 6-3 6-4,3,R16,99.0,11.0,1.0,71.0,44.0,40.0,18.0,15.0,0.0,1.0,2.0,5.0,86.0,50.0,35.0,21.0,14.0,1.0,3.0
2014-8996,Vina del Mar,Clay,28,250,O,20140203,16,DA81,,Q,Taro Daniel,R,191.0,JPN,21.018,226.0,213.0,D874,8.0,,Federico Delbonis,L,193.0,ARG,23.332,61.0,756.0,1-6 7-6(5) 7-6(7),3,R16,172.0,2.0,1.0,113.0,84.0,49.0,15.0,15.0,7.0,12.0,11.0,5.0,121.0,84.0,59.0,15.0,16.0,8.0,11.0
2014-8996,Vina del Mar,Clay,28,250,O,20140203,17,G476,7.0,,Guillermo Garcia-Lopez,R,185.0,ESP,30.669,56.0,836.0,L503,,,Paolo Lorenzi,R,183.0,ITA,32.137,107.0,537.0,3-6 7-5 6-4,3,R16,156.0,5.0,1.0,104.0,62.0,39.0,20.0,15.0,6.0,11.0,4.0,0.0,95.0,55.0,36.0,19.0,16.0,3.0,9.0
2014-8996,Vina del Mar,Clay,28,250,O,20140203,18,G725,,,Santiago Giraldo,R,188.0,COL,26.188,71.0,703.0,G710,4.0,,Marcel Granollers,R,191.0,ESP,27.814,35.0,1120.0,7-6(7) 7-6(2),3,R16,133.0,11.0,3.0,84.0,45.0,39.0,18.0,12.0,2.0,4.0,3.0,1.0,89.0,55.0,39.0,17.0,12.0,1.0,3.0
2014-8996,Vina del Mar,Clay,28,250,O,20140203,19,G676,,,Daniel Gimeno-Traver,R,183.0,ESP,28.493,85.0,627.0,Z184,,,Horacio Zeballos,L,188.0,ARG,28.772,67.0,730.0,6-2 6-4,3,R16,80.0,9.0,0.0,59.0,40.0,32.0,11.0,9.0,5.0,5.0,1.0,1.0,61.0,42.0,24.0,11.0,9.0,6.0,9.0
2014-8996,Vina del Mar,Clay,28,250,O,20140203,20,MD56,,,Leonardo Mayer,R,191.0,ARG,26.724,91.0,614.0,R419,2.0,,Tommy Robredo,R,180.0,ESP,31.762,16.0,1980.0,3-6 7-6(8) 6-4,3,R16,140.0,5.0,4.0,85.0,56.0,44.0,21.0,15.0,1.0,2.0,7.0,3.0,106.0,65.0,49.0,23.0,16.0,2.0,3.0
2014-8996,Vina del Mar,Clay,28,250,O,20140203,21,F510,1.0,,Fabio Fognini,R,178.0,ITA,26.7,15.0,2100.0,CA12,5.0,,Jeremy Chardy,R,188.0,FRA,26.976,44.0,985.0,6-4 3-6 6-2,3,QF,115.0,2.0,2.0,81.0,54.0,35.0,17.0,13.0,3.0,5.0,7.0,5.0,96.0,55.0,38.0,18.0,14.0,8.0,12.0
2014-8996,Vina del Mar,Clay,28,250,O,20140203,22,A479,3.0,,Nicolas Almagro,R,183.0,ESP,28.454,18.0,1930.0,DA81,,Q,Taro Daniel,R,191.0,JPN,21.018,226.0,213.0,6-2 7-5,3,QF,81.0,12.0,2.0,47.0,22.0,21.0,17.0,10.0,2.0,3.0,1.0,1.0,70.0,40.0,26.0,12.0,10.0,2.0,6.0
2014-8996,Vina del Mar,Clay,28,250,O,20140203,23,G725,,,Santiago Giraldo,R,188.0,COL,26.188,71.0,703.0,G476,7.0,,Guillermo Garcia-Lopez,R,185.0,ESP,30.669,56.0,836.0,3-6 6-4 6-2,3,QF,122.0,5.0,1.0,99.0,62.0,47.0,15.0,14.0,8.0,10.0,4.0,6.0,86.0,53.0,36.0,15.0,13.0,6.0,9.0
2014-8996,Vina del Mar,Clay,28,250,O,20140203,24,MD56,,,Leonardo Mayer,R,191.0,ARG,26.724,91.0,614.0,G676,,,Daniel Gimeno-Traver,R,183.0,ESP,28.493,85.0,627.0,3-6 7-5 6-3,3,QF,110.0,4.0,7.0,80.0,48.0,38.0,17.0,15.0,2.0,5.0,6.0,2.0,82.0,46.0,37.0,15.0,15.0,2.0,6.0
2014-8996,Vina del Mar,Clay,28,250,O,20140203,25,F510,1.0,,Fabio Fognini,R,178.0,ITA,26.7,15.0,2100.0,A479,3.0,,Nicolas Almagro,R,183.0,ESP,28.454,18.0,1930.0,6-4 1-6 7-6(5),3,SF,131.0,8.0,4.0,94.0,51.0,36.0,19.0,14.0,6.0,11.0,11.0,1.0,93.0,54.0,39.0,22.0,15.0,6.0,10.0
2014-8996,Vina del Mar,Clay,28,250,O,20140203,26,MD56,,,Leonardo Mayer,R,191.0,ARG,26.724,91.0,614.0,G725,,,Santiago Giraldo,R,188.0,COL,26.188,71.0,703.0,7-6(2) 6-3,3,SF,91.0,6.0,2.0,58.0,34.0,26.0,18.0,10.0,0.0,1.0,2.0,2.0,69.0,37.0,26.0,16.0,11.0,0.0,3.0
2014-8996,Vina del Mar,Clay,28,250,O,20140203,27,F510,1.0,,Fabio Fognini,R,178.0,ITA,26.7,15.0,2100.0,MD56,,,Leonardo Mayer,R,191.0,ARG,26.724,91.0,614.0,6-2 6-4,3,F,83.0,5.0,1.0,45.0,34.0,30.0,8.0,9.0,0.0,0.0,0.0,2.0,88.0,58.0,36.0,12.0,9.0,10.0,13.0
2014-424,Memphis,Hard,28,250,I,20140210,1,B896,,,Benjamin Becker,R,178.0,GER,32.654,88.0,605.0,L797,,,Lukas Lacko,R,188.0,SVK,26.272,101.0,552.0,6-3 6-2,3,R32,69.0,5.0,1.0,62.0,35.0,30.0,12.0,9.0,3.0,3.0,6.0,1.0,54.0,30.0,21.0,10.0,8.0,4.0,7.0
2014-424,Memphis,Hard,28,250,I,20140210,2,V708,,,Jiri Vesely,L,198.0,CZE,20.589,81.0,655.0,ME05,5.0,,Marinko Matosevic,R,193.0,AUS,28.509,55.0,856.0,6-3 6-2,3,R32,71.0,5.0,3.0,58.0,34.0,26.0,12.0,9.0,0.0,1.0,1.0,2.0,49.0,27.0,19.0,8.0,8.0,3.0,7.0
2014-424,Memphis,Hard,28,250,I,20140210,3,SM25,,,Jack Sock,R,191.0,USA,21.38,85.0,617.0,ME82,,,Adrian Mannarino,L,180.0,FRA,25.618,71.0,714.0,7-5 1-6 7-6(5),3,R32,122.0,10.0,5.0,88.0,51.0,39.0,15.0,15.0,3.0,8.0,7.0,5.0,93.0,53.0,39.0,21.0,16.0,2.0,6.0
2014-424,Memphis,Hard,28,250,I,20140210,4,K336,,,Ivo Karlovic,R,211.0,CRO,34.951,80.0,667.0,E690,,,Matthew Ebden,R,188.0,AUS,26.209,62.0,746.0,7-5 6-4,3,R32,82.0,14.0,3.0,63.0,48.0,39.0,8.0,11.0,0.0,0.0,2.0,7.0,66.0,35.0,30.0,13.0,11.0,3.0,5.0
2014-424,Memphis,Hard,28,250,I,20140210,5,H940,,,Ryan Harrison,R,185.0,USA,21.763,119.0,471.0,P436,,,Bjorn Phau,R,175.0,GER,34.355,223.0,219.0,6-3 6-4,3,R32,68.0,2.0,2.0,56.0,36.0,31.0,12.0,10.0,3.0,3.0,3.0,3.0,59.0,34.0,21.0,15.0,9.0,3.0,5.0
2014-424,Memphis,Hard,28,250,I,20140210,6,B842,,,Alex Bogomolov Jr.,R,178.0,RUS,30.804,96.0,579.0,Q927,6.0,,Sam Querrey,R,198.0,USA,26.346,56.0,845.0,2-6 6-4 7-6(7),3,R32,122.0,2.0,5.0,103.0,79.0,49.0,13.0,15.0,6.0,10.0,18.0,2.0,98.0,54.0,44.0,17.0,15.0,3.0,6.0
2014-424,Memphis,Hard,28,250,I,20140210,7,B837,,WC,Marcos Baghdatis,R,178.0,CYP,28.652,134.0,415.0,R548,,Q,Rajeev Ram,R,193.0,USA,29.9,150.0,365.0,6-3 6-4,3,R32,75.0,10.0,5.0,60.0,30.0,22.0,19.0,10.0,4.0,5.0,1.0,1.0,53.0,36.0,23.0,6.0,9.0,4.0,7.0
2014-424,Memphis,Hard,28,250,I,20140210,8,SF62,,,Tim Smyczek,R,175.0,USA,26.116,102.0,549.0,KE17,,WC,Nick Kyrgios,R,193.0,AUS,18.793,171.0,303.0,6-7(5) 6-4 6-3,3,R32,115.0,4.0,6.0,103.0,62.0,42.0,21.0,16.0,1.0,4.0,1.0,5.0,101.0,63.0,37.0,20.0,15.0,5.0,10.0
2014-424,Memphis,Hard,28,250,I,20140210,9,R368,,,Michael Russell,R,173.0,USA,35.781,98.0,561.0,P701,7.0,,Michal Przysiezny,R,185.0,POL,29.985,76.0,685.0,3-6 6-3 6-1,3,R32,115.0,1.0,6.0,88.0,50.0,31.0,20.0,13.0,6.0,10.0,6.0,9.0,96.0,48.0,31.0,17.0,12.0,6.0,12.0
2014-424,Memphis,Hard,28,250,I,20140210,10,K926,8.0,,Mikhail Kukushkin,R,183.0,KAZ,26.127,59.0,761.0,G681,,,Teymuraz Gabashvili,R,185.0,GEO,28.72,66.0,731.0,7-6(9) 7-5,3,R32,112.0,6.0,1.0,82.0,50.0,36.0,18.0,12.0,2.0,4.0,6.0,3.0,88.0,50.0,34.0,17.0,12.0,5.0,8.0
2014-424,Memphis,Hard,28,250,I,20140210,11,K737,,Q,Alex Kuznetsov,R,183.0,USA,27.014,141.0,394.0,GB88,,Q,David Goffin,R,180.0,BEL,23.179,105.0,530.0,6-4 6-3,3,R32,71.0,14.0,2.0,46.0,32.0,28.0,6.0,9.0,2.0,3.0,5.0,4.0,65.0,33.0,26.0,9.0,10.0,4.0,8.0
2014-424,Memphis,Hard,28,250,I,20140210,12,KB09,,Q,Denis Kudla,R,180.0,USA,21.484,106.0,524.0,Y124,,,Donald Young,L,183.0,USA,24.553,79.0,673.0,6-1 6-1,3,R32,60.0,0.0,0.0,43.0,29.0,21.0,10.0,7.0,2.0,2.0,0.0,4.0,53.0,31.0,14.0,8.0,7.0,4.0,9.0
2014-424,Memphis,Hard,28,250,I,20140210,13,N552,1.0,,Kei Nishikori,R,178.0,JPN,24.118,16.0,1965.0,B896,,,Benjamin Becker,R,178.0,GER,32.654,88.0,605.0,6-4 6-4,3,R16,85.0,4.0,2.0,64.0,42.0,28.0,10.0,10.0,5.0,8.0,2.0,1.0,64.0,31.0,20.0,12.0,10.0,3.0,8.0
2014-424,Memphis,Hard,28,250,I,20140210,14,B842,,,Alex Bogomolov Jr.,R,178.0,RUS,30.804,96.0,579.0,H940,,,Ryan Harrison,R,185.0,USA,21.763,119.0,471.0,6-3 2-6 6-2,3,R16,111.0,2.0,5.0,102.0,71.0,42.0,19.0,13.0,9.0,12.0,7.0,3.0,70.0,44.0,30.0,12.0,12.0,3.0,7.0
2014-424,Memphis,Hard,28,250,I,20140210,15,H432,3.0,,Lleyton Hewitt,R,178.0,AUS,32.961,40.0,1020.0,B837,,WC,Marcos Baghdatis,R,178.0,CYP,28.652,134.0,415.0,1-6 6-2 6-0,3,R16,91.0,1.0,3.0,66.0,35.0,26.0,14.0,10.0,1.0,3.0,4.0,4.0,62.0,22.0,14.0,17.0,11.0,1.0,6.0
2014-424,Memphis,Hard,28,250,I,20140210,16,R368,,,Michael Russell,R,173.0,USA,35.781,98.0,561.0,SF62,,,Tim Smyczek,R,175.0,USA,26.116,102.0,549.0,6-2 7-6(5),3,R16,88.0,1.0,2.0,72.0,45.0,34.0,12.0,10.0,4.0,6.0,2.0,2.0,62.0,44.0,28.0,7.0,10.0,4.0,8.0
2014-424,Memphis,Hard,28,250,I,20140210,17,K737,,Q,Alex Kuznetsov,R,183.0,USA,27.014,141.0,394.0,K926,8.0,,Mikhail Kukushkin,R,183.0,KAZ,26.127,59.0,761.0,2-6 6-3 7-6(1),3,R16,122.0,15.0,4.0,97.0,63.0,50.0,16.0,15.0,4.0,7.0,6.0,4.0,93.0,48.0,31.0,27.0,14.0,6.0,8.0
2014-424,Memphis,Hard,28,250,I,20140210,18,L575,4.0,,Yen-Hsun Lu,R,180.0,TPE,30.494,54.0,860.0,KB09,,Q,Denis Kudla,R,180.0,USA,21.484,106.0,524.0,3-6 6-3 6-3,3,R16,117.0,4.0,5.0,97.0,60.0,40.0,16.0,14.0,10.0,14.0,2.0,1.0,93.0,60.0,35.0,15.0,13.0,14.0,19.0
2014-424,Memphis,Hard,28,250,I,20140210,19,SM25,,,Jack Sock,R,191.0,USA,21.38,85.0,617.0,V708,,,Jiri Vesely,L,198.0,CZE,20.589,81.0,655.0,6-2 6-1,3,R16,69.0,5.0,6.0,56.0,23.0,18.0,18.0,8.0,7.0,8.0,2.0,6.0,52.0,28.0,15.0,8.0,7.0,6.0,11.0
2014-424,Memphis,Hard,28,250,I,20140210,20,K336,,,Ivo Karlovic,R,211.0,CRO,34.951,80.0,667.0,L397,2.0,,Feliciano Lopez,L,188.0,ESP,32.392,26.0,1355.0,7-6(2) 6-4,3,R16,70.0,19.0,1.0,55.0,37.0,35.0,14.0,11.0,0.0,0.0,4.0,2.0,62.0,40.0,31.0,14.0,11.0,3.0,4.0
2014-424,Memphis,Hard,28,250,I,20140210,21,N552,1.0,,Kei Nishikori,R,178.0,JPN,24.118,16.0,1965.0,B842,,,Alex Bogomolov Jr.,R,178.0,RUS,30.804,96.0,579.0,3-6 6-3 6-2,3,QF,138.0,5.0,3.0,94.0,57.0,40.0,15.0,13.0,5.0,9.0,1.0,2.0,93.0,53.0,27.0,21.0,13.0,9.0,15.0
2014-424,Memphis,Hard,28,250,I,20140210,22,R368,,,Michael Russell,R,173.0,USA,35.781,98.0,561.0,H432,3.0,,Lleyton Hewitt,R,178.0,AUS,32.961,40.0,1020.0,6-3 7-6(6),3,QF,108.0,2.0,6.0,74.0,40.0,26.0,15.0,11.0,2.0,6.0,2.0,6.0,73.0,37.0,25.0,14.0,10.0,4.0,9.0
2014-424,Memphis,Hard,28,250,I,20140210,23,L575,4.0,,Yen-Hsun Lu,R,180.0,TPE,30.494,54.0,860.0,K737,,Q,Alex Kuznetsov,R,183.0,USA,27.014,141.0,394.0,6-1 6-4,3,QF,74.0,6.0,3.0,49.0,32.0,24.0,9.0,8.0,2.0,3.0,6.0,3.0,60.0,33.0,22.0,8.0,9.0,6.0,11.0
2014-424,Memphis,Hard,28,250,I,20140210,24,K336,,,Ivo Karlovic,R,211.0,CRO,34.951,80.0,667.0,SM25,,,Jack Sock,R,191.0,USA,21.38,85.0,617.0,7-6(4) 6-7(3) 6-3,3,QF,145.0,16.0,7.0,104.0,66.0,56.0,23.0,16.0,5.0,5.0,5.0,9.0,125.0,85.0,68.0,17.0,17.0,9.0,11.0
2014-424,Memphis,Hard,28,250,I,20140210,25,N552,1.0,,Kei Nishikori,R,178.0,JPN,24.118,16.0,1965.0,R368,,,Michael Russell,R,173.0,USA,35.781,98.0,561.0,6-3 6-2,3,SF,64.0,6.0,3.0,47.0,28.0,22.0,12.0,9.0,1.0,2.0,1.0,1.0,46.0,30.0,16.0,6.0,8.0,0.0,4.0
2014-424,Memphis,Hard,28,250,I,20140210,26,K336,,,Ivo Karlovic,R,211.0,CRO,34.951,80.0,667.0,L575,4.0,,Yen-Hsun Lu,R,180.0,TPE,30.494,54.0,860.0,6-1 RET,3,SF,29.0,7.0,1.0,17.0,10.0,10.0,6.0,4.0,0.0,0.0,0.0,2.0,34.0,23.0,11.0,5.0,3.0,6.0,8.0
2014-424,Memphis,Hard,28,250,I,20140210,27,N552,1.0,,Kei Nishikori,R,178.0,JPN,24.118,16.0,1965.0,K336,,,Ivo Karlovic,R,211.0,CRO,34.951,80.0,667.0,6-4 7-6(0),3,F,90.0,8.0,2.0,68.0,44.0,38.0,15.0,11.0,2.0,2.0,20.0,3.0,75.0,57.0,44.0,6.0,11.0,8.0,9.0
2014-407,Rotterdam,Hard,32,500,I,20140210,1,D683,1.0,,Juan Martin del Potro,R,198.0,ARG,25.383,4.0,5370.0,MC65,,,Gael Monfils,R,193.0,FRA,27.444,23.0,1475.0,7-6(6) 6-3,3,R32,101.0,2.0,4.0,78.0,53.0,39.0,13.0,11.0,3.0,5.0,7.0,2.0,61.0,36.0,28.0,11.0,10.0,1.0,4.0
2014-407,Rotterdam,Hard,32,500,I,20140210,2,B678,,Q,Michael Berrer,L,193.0,GER,33.613,147.0,380.0,H704,,WC,Jesse Huta Galung,R,,NED,28.348,91.0,601.0,6-4 2-6 6-3,3,R32,118.0,4.0,0.0,97.0,71.0,49.0,11.0,14.0,5.0,8.0,11.0,4.0,74.0,41.0,31.0,17.0,13.0,4.0,7.0
2014-407,Rotterdam,Hard,32,500,I,20140210,3,K435,,,Philipp Kohlschreiber,R,178.0,GER,30.322,27.0,1330.0,SC77,,Q,Sergiy Stakhovsky,R,193.0,UKR,28.096,90.0,601.0,6-2 7-5,3,R32,65.0,4.0,0.0,50.0,24.0,21.0,19.0,10.0,0.0,0.0,5.0,0.0,59.0,45.0,27.0,8.0,10.0,3.0,6.0
2014-407,Rotterdam,Hard,32,500,I,20140210,4,G628,4.0,,Richard Gasquet,R,183.0,FRA,27.65,9.0,2950.0,D776,,WC,Thiemo de Bakker,R,193.0,NED,25.394,140.0,401.0,6-7(5) 7-6(2) 6-3,3,R32,144.0,13.0,1.0,106.0,78.0,62.0,18.0,17.0,5.0,6.0,16.0,2.0,103.0,56.0,45.0,24.0,16.0,3.0,5.0
2014-407,Rotterdam,Hard,32,500,I,20140210,5,T786,5.0,,Jo-Wilfried Tsonga,R,188.0,FRA,28.819,10.0,2885.0,MB02,,,Florian Mayer,R,191.0,GER,30.352,30.0,1245.0,4-6 6-3 6-1,3,R32,87.0,10.0,1.0,71.0,50.0,40.0,11.0,13.0,0.0,1.0,5.0,1.0,77.0,47.0,28.0,16.0,13.0,2.0,6.0
2014-407,Rotterdam,Hard,32,500,I,20140210,6,C977,,,Marin Cilic,R,198.0,CRO,25.369,37.0,1085.0,R685,,,Lukas Rosol,R,193.0,CZE,28.55,50.0,906.0,6-2 6-2,3,R32,61.0,8.0,1.0,49.0,34.0,26.0,9.0,8.0,1.0,1.0,3.0,1.0,54.0,34.0,20.0,6.0,8.0,2.0,6.0
2014-407,Rotterdam,Hard,32,500,I,20140210,7,TB69,,Q,Dominic Thiem,R,185.0,AUT,20.438,113.0,492.0,N289,,,Jarkko Nieminen,L,185.0,FIN,32.553,36.0,1090.0,6-4 4-6 6-4,3,R32,121.0,15.0,2.0,85.0,46.0,40.0,22.0,15.0,7.0,8.0,2.0,4.0,116.0,85.0,56.0,16.0,15.0,14.0,16.0
2014-407,Rotterdam,Hard,32,500,I,20140210,8,MC10,2.0,,Andy Murray,R,191.0,GBR,26.743,6.0,4795.0,R613,,,Edouard Roger-Vasselin,R,185.0,FRA,30.204,35.0,1108.0,6-3 6-3,3,R32,89.0,3.0,1.0,56.0,34.0,25.0,15.0,9.0,4.0,4.0,1.0,1.0,65.0,40.0,29.0,7.0,9.0,7.0,10.0
2014-407,Rotterdam,Hard,32,500,I,20140210,9,M850,,Q,Paul-Henri Mathieu,R,185.0,FRA,32.079,135.0,412.0,D646,,,Ivan Dodig,R,183.0,CRO,29.106,33.0,1145.0,4-6 7-6(2) 6-4,3,R32,135.0,4.0,0.0,104.0,58.0,43.0,28.0,16.0,5.0,6.0,21.0,4.0,87.0,51.0,49.0,15.0,16.0,2.0,3.0
2014-407,Rotterdam,Hard,32,500,I,20140210,10,G858,,,Ernests Gulbis,R,191.0,LAT,25.448,24.0,1443.0,I165,,,Denis Istomin,R,185.0,UZB,27.428,41.0,1010.0,6-4 7-6(4),3,R32,91.0,7.0,1.0,61.0,36.0,29.0,16.0,11.0,2.0,4.0,3.0,2.0,71.0,53.0,33.0,9.0,11.0,2.0,5.0
2014-407,Rotterdam,Hard,32,500,I,20140210,11,D875,8.0,,Grigor Dimitrov,R,191.0,BUL,22.741,19.0,1810.0,T315,,,Dmitry Tursunov,R,185.0,RUS,31.165,28.0,1314.0,6-2 1-6 6-4,3,R32,120.0,7.0,2.0,72.0,36.0,25.0,18.0,12.0,3.0,7.0,3.0,3.0,85.0,46.0,30.0,19.0,13.0,9.0,14.0
2014-407,Rotterdam,Hard,32,500,I,20140210,12,BA47,3.0,,Tomas Berdych,R,196.0,CZE,28.4,7.0,4540.0,SA93,,,Andreas Seppi,R,191.0,ITA,29.971,31.0,1210.0,6-3 6-3,3,R32,66.0,9.0,0.0,43.0,31.0,27.0,9.0,9.0,0.0,0.0,2.0,1.0,61.0,39.0,24.0,10.0,9.0,7.0,10.0
2014-407,Rotterdam,Hard,32,500,I,20140210,13,M873,,,Nicolas Mahut,R,191.0,FRA,32.055,44.0,968.0,BC72,,LL,Daniel Brands,R,196.0,GER,26.571,69.0,719.0,7-5 6-3,3,R32,71.0,13.0,4.0,60.0,38.0,35.0,11.0,11.0,2.0,2.0,6.0,0.0,60.0,46.0,29.0,10.0,10.0,2.0,4.0
2014-407,Rotterdam,Hard,32,500,I,20140210,14,J397,,,Jerzy Janowicz,R,203.0,POL,23.244,20.0,1705.0,B747,,,Julien Benneteau,R,185.0,FRA,32.142,39.0,1020.0,3-6 6-4 6-4,3,R32,116.0,5.0,2.0,87.0,49.0,38.0,22.0,15.0,1.0,3.0,8.0,1.0,83.0,62.0,44.0,11.0,14.0,3.0,5.0
2014-407,Rotterdam,Hard,32,500,I,20140210,15,H355,6.0,,Tommy Haas,R,188.0,GER,35.858,12.0,2495.0,V306,,,Fernando Verdasco,L,188.0,ESP,30.24,32.0,1190.0,6-7(4) 7-6(1) 7-5,3,R32,150.0,2.0,3.0,106.0,75.0,53.0,20.0,18.0,3.0,7.0,10.0,6.0,119.0,76.0,53.0,21.0,18.0,5.0,10.0
2014-407,Rotterdam,Hard,32,500,I,20140210,16,SF36,,WC,Igor Sijsling,R,191.0,NED,26.483,64.0,740.0,Y061,7.0,,Mikhail Youzhny,R,183.0,RUS,31.63,15.0,2100.0,6-2 6-2,3,R32,74.0,9.0,1.0,49.0,36.0,29.0,6.0,8.0,1.0,1.0,0.0,3.0,73.0,46.0,26.0,11.0,8.0,8.0,12.0
2014-407,Rotterdam,Hard,32,500,I,20140210,17,D683,1.0,,Juan Martin del Potro,R,198.0,ARG,25.383,4.0,5370.0,M850,,Q,Paul-Henri Mathieu,R,185.0,FRA,32.079,135.0,412.0,6-2 7-6(2),3,R16,86.0,10.0,1.0,54.0,33.0,29.0,15.0,10.0,2.0,2.0,5.0,2.0,60.0,28.0,17.0,21.0,10.0,3.0,5.0
2014-407,Rotterdam,Hard,32,500,I,20140210,18,G858,,,Ernests Gulbis,R,191.0,LAT,25.448,24.0,1443.0,D875,8.0,,Grigor Dimitrov,R,191.0,BUL,22.741,19.0,1810.0,6-4 7-6(3),3,R16,88.0,12.0,3.0,71.0,54.0,46.0,7.0,11.0,5.0,5.0,5.0,1.0,71.0,39.0,28.0,21.0,11.0,4.0,5.0
2014-407,Rotterdam,Hard,32,500,I,20140210,19,BA47,3.0,,Tomas Berdych,R,196.0,CZE,28.4,7.0,4540.0,M873,,,Nicolas Mahut,R,191.0,FRA,32.055,44.0,968.0,6-4 6-3,3,R16,72.0,10.0,0.0,51.0,32.0,28.0,14.0,10.0,4.0,4.0,6.0,2.0,51.0,32.0,22.0,9.0,9.0,1.0,3.0
2014-407,Rotterdam,Hard,32,500,I,20140210,20,J397,,,Jerzy Janowicz,R,203.0,POL,23.244,20.0,1705.0,H355,6.0,,Tommy Haas,R,188.0,GER,35.858,12.0,2495.0,6-4 6-4,3,R16,81.0,18.0,2.0,53.0,35.0,28.0,13.0,10.0,0.0,0.0,5.0,3.0,79.0,55.0,35.0,12.0,10.0,5.0,7.0
2014-407,Rotterdam,Hard,32,500,I,20140210,21,SF36,,WC,Igor Sijsling,R,191.0,NED,26.483,64.0,740.0,B678,,Q,Michael Berrer,L,193.0,GER,33.613,147.0,380.0,6-1 6-2,3,R16,56.0,4.0,3.0,41.0,24.0,20.0,10.0,7.0,1.0,1.0,1.0,1.0,52.0,26.0,13.0,10.0,8.0,3.0,8.0
2014-407,Rotterdam,Hard,32,500,I,20140210,22,K435,,,Philipp Kohlschreiber,R,178.0,GER,30.322,27.0,1330.0,G628,4.0,,Richard Gasquet,R,183.0,FRA,27.65,9.0,2950.0,7-5 7-5,3,R16,96.0,6.0,1.0,66.0,38.0,27.0,16.0,12.0,4.0,6.0,5.0,2.0,85.0,55.0,34.0,14.0,12.0,10.0,14.0
2014-407,Rotterdam,Hard,32,500,I,20140210,23,C977,,,Marin Cilic,R,198.0,CRO,25.369,37.0,1085.0,T786,5.0,,Jo-Wilfried Tsonga,R,188.0,FRA,28.819,10.0,2885.0,6-4 6-4,3,R16,71.0,5.0,2.0,53.0,34.0,30.0,12.0,10.0,3.0,3.0,3.0,0.0,60.0,41.0,29.0,11.0,10.0,3.0,5.0
2014-407,Rotterdam,Hard,32,500,I,20140210,24,MC10,2.0,,Andy Murray,R,191.0,GBR,26.743,6.0,4795.0,TB69,,Q,Dominic Thiem,R,185.0,AUT,20.438,113.0,492.0,6-4 3-6 6-3,3,R16,142.0,3.0,5.0,99.0,66.0,47.0,14.0,14.0,5.0,7.0,2.0,7.0,113.0,63.0,46.0,22.0,14.0,8.0,11.0
2014-407,Rotterdam,Hard,32,500,I,20140210,25,G858,,,Ernests Gulbis,R,191.0,LAT,25.448,24.0,1443.0,D683,1.0,,Juan Martin del Potro,R,198.0,ARG,25.383,4.0,5370.0,6-3 6-4,3,QF,82.0,12.0,1.0,54.0,35.0,29.0,13.0,10.0,1.0,1.0,5.0,1.0,60.0,44.0,30.0,6.0,9.0,7.0,9.0
2014-407,Rotterdam,Hard,32,500,I,20140210,26,BA47,3.0,,Tomas Berdych,R,196.0,CZE,28.4,7.0,4540.0,J397,,,Jerzy Janowicz,R,203.0,POL,23.244,20.0,1705.0,6-7(9) 6-2 6-4,3,QF,148.0,13.0,1.0,99.0,60.0,46.0,22.0,15.0,3.0,4.0,13.0,10.0,103.0,60.0,44.0,17.0,15.0,8.0,12.0
2014-407,Rotterdam,Hard,32,500,I,20140210,27,SF36,,WC,Igor Sijsling,R,191.0,NED,26.483,64.0,740.0,K435,,,Philipp Kohlschreiber,R,178.0,GER,30.322,27.0,1330.0,6-2 2-6 6-1,3,QF,75.0,5.0,0.0,63.0,37.0,29.0,14.0,12.0,0.0,2.0,3.0,0.0,56.0,35.0,22.0,12.0,11.0,2.0,6.0
2014-407,Rotterdam,Hard,32,500,I,20140210,28,C977,,,Marin Cilic,R,198.0,CRO,25.369,37.0,1085.0,MC10,2.0,,Andy Murray,R,191.0,GBR,26.743,6.0,4795.0,6-3 6-4,3,QF,72.0,8.0,1.0,58.0,36.0,32.0,10.0,10.0,4.0,4.0,4.0,3.0,47.0,27.0,23.0,10.0,9.0,3.0,5.0
2014-407,Rotterdam,Hard,32,500,I,20140210,29,BA47,3.0,,Tomas Berdych,R,196.0,CZE,28.4,7.0,4540.0,G858,,,Ernests Gulbis,R,191.0,LAT,25.448,24.0,1443.0,6-3 6-2,3,SF,66.0,7.0,3.0,53.0,37.0,32.0,6.0,9.0,1.0,1.0,4.0,1.0,41.0,24.0,16.0,8.0,8.0,0.0,3.0
2014-407,Rotterdam,Hard,32,500,I,20140210,30,C977,,,Marin Cilic,R,198.0,CRO,25.369,37.0,1085.0,SF36,,WC,Igor Sijsling,R,191.0,NED,26.483,64.0,740.0,5-7 6-3 6-2,3,SF,112.0,15.0,6.0,78.0,44.0,38.0,17.0,15.0,3.0,5.0,7.0,1.0,93.0,47.0,36.0,19.0,14.0,9.0,13.0
2014-407,Rotterdam,Hard,32,500,I,20140210,31,BA47,3.0,,Tomas Berdych,R,196.0,CZE,28.4,7.0,4540.0,C977,,,Marin Cilic,R,198.0,CRO,25.369,37.0,1085.0,6-4 6-2,3,F,76.0,9.0,0.0,52.0,29.0,24.0,16.0,9.0,3.0,3.0,8.0,4.0,52.0,28.0,21.0,10.0,9.0,1.0,4.0
2014-506,Buenos Aires,Clay,32,250,O,20140210,1,F401,1.0,,David Ferrer,R,175.0,ESP,31.86,5.0,5280.0,G585,,Q,Maximo Gonzalez,R,173.0,ARG,30.563,160.0,332.0,7-6(7) 6-4,3,R32,124.0,1.0,1.0,76.0,48.0,35.0,12.0,11.0,2.0,5.0,2.0,0.0,86.0,59.0,34.0,14.0,11.0,5.0,9.0
2014-506,Buenos Aires,Clay,32,250,O,20140210,2,B884,,,Carlos Berlocq,R,183.0,ARG,31.02,48.0,915.0,SH90,,,Joao Sousa,R,185.0,POR,24.868,49.0,907.0,6-4 6-2,3,R32,86.0,1.0,0.0,53.0,38.0,24.0,12.0,9.0,1.0,2.0,1.0,3.0,55.0,28.0,19.0,10.0,9.0,3.0,7.0
2014-506,Buenos Aires,Clay,32,250,O,20140210,3,PC11,,WC,Guido Pella,L,183.0,ARG,23.737,108.0,513.0,G476,,,Guillermo Garcia-Lopez,R,185.0,ESP,30.689,52.0,861.0,7-6(6) 6-4,3,R32,105.0,2.0,1.0,71.0,49.0,40.0,11.0,11.0,4.0,5.0,2.0,3.0,88.0,53.0,39.0,15.0,11.0,5.0,7.0
2014-506,Buenos Aires,Clay,32,250,O,20140210,4,R419,3.0,,Tommy Robredo,R,180.0,ESP,31.781,17.0,1960.0,CD85,,,Pablo Carreno Busta,R,188.0,ESP,22.585,65.0,733.0,6-4 6-4,3,R32,86.0,1.0,2.0,63.0,40.0,30.0,10.0,10.0,6.0,8.0,0.0,1.0,56.0,42.0,25.0,6.0,10.0,3.0,7.0
2014-506,Buenos Aires,Clay,32,250,O,20140210,5,G710,5.0,,Marcel Granollers,R,191.0,ESP,27.833,34.0,1120.0,BH09,,,Aljaz Bedene,R,183.0,SLO,24.567,103.0,548.0,7-5 3-6 6-2,3,R32,169.0,2.0,2.0,74.0,49.0,29.0,15.0,14.0,0.0,4.0,3.0,2.0,115.0,59.0,40.0,22.0,15.0,8.0,14.0
2014-506,Buenos Aires,Clay,32,250,O,20140210,6,A596,,,Pablo Andujar,R,180.0,ESP,28.049,43.0,981.0,D874,,,Federico Delbonis,L,193.0,ARG,23.351,63.0,744.0,3-6 7-5 6-1,3,R32,135.0,2.0,3.0,92.0,64.0,44.0,17.0,14.0,11.0,13.0,5.0,4.0,99.0,64.0,42.0,15.0,14.0,5.0,9.0
2014-506,Buenos Aires,Clay,32,250,O,20140210,7,MD56,,,Leonardo Mayer,R,191.0,ARG,26.743,58.0,764.0,A941,,WC,Facundo Arguello,R,178.0,ARG,21.52,112.0,500.0,6-3 6-4,3,R32,88.0,0.0,2.0,57.0,34.0,23.0,14.0,9.0,0.0,2.0,0.0,0.0,62.0,40.0,19.0,11.0,10.0,2.0,7.0
2014-506,Buenos Aires,Clay,32,250,O,20140210,8,F510,2.0,,Fabio Fognini,R,178.0,ITA,26.719,14.0,2260.0,R782,,,Julian Reister,R,188.0,GER,27.86,94.0,587.0,7-5 6-2,3,R32,86.0,1.0,3.0,75.0,48.0,30.0,11.0,10.0,13.0,17.0,0.0,2.0,58.0,39.0,20.0,5.0,10.0,6.0,13.0
2014-506,Buenos Aires,Clay,32,250,O,20140210,9,G725,,,Santiago Giraldo,R,188.0,COL,26.207,57.0,773.0,M824,,,Albert Montanes,R,175.0,ESP,33.207,61.0,746.0,7-6(4) 6-2,3,R32,110.0,4.0,0.0,82.0,39.0,32.0,21.0,10.0,8.0,8.0,1.0,3.0,75.0,45.0,32.0,12.0,10.0,4.0,6.0
2014-506,Buenos Aires,Clay,32,250,O,20140210,10,V254,,,Filippo Volandri,R,183.0,ITA,32.433,77.0,683.0,GD64,,Q,Cristian Garin,R,185.0,CHI,17.7,439.0,86.0,5-7 6-0 6-3,3,R32,114.0,2.0,1.0,97.0,76.0,47.0,9.0,14.0,6.0,10.0,2.0,4.0,88.0,56.0,32.0,10.0,13.0,7.0,14.0
2014-506,Buenos Aires,Clay,32,250,O,20140210,11,R772,,,Albert Ramos-Vinolas,L,188.0,ESP,26.067,92.0,598.0,MA21,7.0,,Juan Monaco,R,185.0,ARG,29.87,42.0,1000.0,6-7(3) 6-4 6-2,3,R32,140.0,4.0,0.0,92.0,65.0,41.0,19.0,15.0,2.0,4.0,1.0,1.0,96.0,76.0,49.0,9.0,15.0,2.0,7.0
2014-506,Buenos Aires,Clay,32,250,O,20140210,12,A479,4.0,,Nicolas Almagro,R,183.0,ESP,28.474,18.0,1930.0,Z184,,,Horacio Zeballos,L,188.0,ARG,28.791,111.0,500.0,6-2 7-5,3,R32,89.0,9.0,3.0,62.0,36.0,29.0,15.0,10.0,4.0,4.0,4.0,1.0,73.0,42.0,26.0,16.0,10.0,5.0,8.0
2014-506,Buenos Aires,Clay,32,250,O,20140210,13,G676,,,Daniel Gimeno-Traver,R,183.0,ESP,28.512,84.0,627.0,R383,,Q,Ruben Ramirez Hidalgo,R,183.0,ESP,36.096,165.0,316.0,7-5 6-2,3,R32,99.0,8.0,2.0,59.0,31.0,24.0,15.0,10.0,1.0,2.0,0.0,5.0,68.0,35.0,22.0,15.0,10.0,4.0,8.0
2014-506,Buenos Aires,Clay,32,250,O,20140210,14,D801,,,Alexandr Dolgopolov,R,180.0,UKR,25.259,53.0,860.0,C882,,,Pablo Cuevas,R,180.0,URU,28.11,230.0,215.0,6-3 4-6 7-6(5),3,R32,122.0,10.0,1.0,103.0,58.0,43.0,26.0,16.0,5.0,7.0,2.0,11.0,93.0,52.0,43.0,18.0,15.0,1.0,3.0
2014-506,Buenos Aires,Clay,32,250,O,20140210,15,CA12,8.0,,Jeremy Chardy,R,188.0,FRA,26.995,45.0,940.0,G892,,,Alejandro Gonzalez,R,191.0,COL,25.008,78.0,676.0,6-4 7-5,3,R32,102.0,5.0,2.0,67.0,35.0,24.0,18.0,11.0,4.0,6.0,3.0,1.0,82.0,51.0,30.0,15.0,11.0,10.0,14.0
2014-506,Buenos Aires,Clay,32,250,O,20140210,16,H756,6.0,,Robin Haase,R,191.0,NED,26.85,46.0,932.0,A539,,Q,Martin Alund,R,183.0,ARG,28.126,131.0,430.0,6-4 6-7(6) 6-3,3,R32,145.0,4.0,2.0,96.0,52.0,42.0,25.0,16.0,2.0,3.0,5.0,3.0,111.0,70.0,47.0,22.0,15.0,9.0,12.0
2014-506,Buenos Aires,Clay,32,250,O,20140210,17,F401,1.0,,David Ferrer,R,175.0,ESP,31.86,5.0,5280.0,G725,,,Santiago Giraldo,R,188.0,COL,26.207,57.0,773.0,6-4 7-6(1),3,R16,112.0,1.0,1.0,79.0,58.0,33.0,11.0,11.0,6.0,10.0,4.0,2.0,92.0,49.0,30.0,16.0,11.0,11.0,16.0
2014-506,Buenos Aires,Clay,32,250,O,20140210,18,R772,,,Albert Ramos-Vinolas,L,188.0,ESP,26.067,92.0,598.0,V254,,,Filippo Volandri,R,183.0,ITA,32.433,77.0,683.0,6-2 6-1,3,R16,59.0,3.0,0.0,42.0,32.0,24.0,6.0,8.0,2.0,3.0,0.0,2.0,51.0,37.0,17.0,6.0,7.0,1.0,6.0
2014-506,Buenos Aires,Clay,32,250,O,20140210,19,A479,4.0,,Nicolas Almagro,R,183.0,ESP,28.474,18.0,1930.0,G676,,,Daniel Gimeno-Traver,R,183.0,ESP,28.512,84.0,627.0,1-6 7-5 6-4,3,R16,118.0,4.0,2.0,99.0,70.0,43.0,17.0,15.0,7.0,11.0,5.0,0.0,75.0,43.0,29.0,21.0,14.0,2.0,5.0
2014-506,Buenos Aires,Clay,32,250,O,20140210,20,CA12,8.0,,Jeremy Chardy,R,188.0,FRA,26.995,45.0,940.0,D801,,,Alexandr Dolgopolov,R,180.0,UKR,25.259,53.0,860.0,6-3 3-6 7-6(3),3,R16,106.0,6.0,3.0,92.0,61.0,49.0,16.0,15.0,4.0,5.0,8.0,2.0,87.0,58.0,44.0,17.0,15.0,3.0,4.0
2014-506,Buenos Aires,Clay,32,250,O,20140210,21,H756,6.0,,Robin Haase,R,191.0,NED,26.85,46.0,932.0,B884,,,Carlos Berlocq,R,183.0,ARG,31.02,48.0,915.0,6-2 6-7(4) 6-2,3,R16,128.0,4.0,2.0,85.0,56.0,45.0,18.0,14.0,4.0,4.0,4.0,2.0,93.0,72.0,51.0,9.0,14.0,7.0,11.0
2014-506,Buenos Aires,Clay,32,250,O,20140210,22,R419,3.0,,Tommy Robredo,R,180.0,ESP,31.781,17.0,1960.0,PC11,,WC,Guido Pella,L,183.0,ARG,23.737,108.0,513.0,4-6 6-1 6-4,3,R16,94.0,12.0,3.0,73.0,42.0,37.0,19.0,14.0,1.0,2.0,2.0,3.0,81.0,46.0,33.0,18.0,13.0,5.0,8.0
2014-506,Buenos Aires,Clay,32,250,O,20140210,23,A596,,,Pablo Andujar,R,180.0,ESP,28.049,43.0,981.0,G710,5.0,,Marcel Granollers,R,191.0,ESP,27.833,34.0,1120.0,6-3 6-0,3,R16,74.0,1.0,4.0,41.0,25.0,20.0,7.0,7.0,2.0,3.0,2.0,3.0,55.0,29.0,17.0,7.0,8.0,9.0,15.0
2014-506,Buenos Aires,Clay,32,250,O,20140210,24,F510,2.0,,Fabio Fognini,R,178.0,ITA,26.719,14.0,2260.0,MD56,,,Leonardo Mayer,R,191.0,ARG,26.743,58.0,764.0,6-7(4) 6-3 6-2,3,R16,139.0,2.0,5.0,127.0,85.0,60.0,17.0,15.0,12.0,13.0,1.0,3.0,83.0,60.0,40.0,12.0,14.0,4.0,8.0
2014-506,Buenos Aires,Clay,32,250,O,20140210,25,F401,1.0,,David Ferrer,R,175.0,ESP,31.86,5.0,5280.0,R772,,,Albert Ramos-Vinolas,L,188.0,ESP,26.067,92.0,598.0,6-1 6-2,3,QF,70.0,0.0,3.0,53.0,32.0,23.0,12.0,8.0,2.0,3.0,0.0,1.0,49.0,35.0,17.0,5.0,7.0,2.0,7.0
2014-506,Buenos Aires,Clay,32,250,O,20140210,26,A479,4.0,,Nicolas Almagro,R,183.0,ESP,28.474,18.0,1930.0,CA12,8.0,,Jeremy Chardy,R,188.0,FRA,26.995,45.0,940.0,7-6(7) 6-3,3,QF,104.0,4.0,1.0,84.0,54.0,37.0,17.0,11.0,5.0,8.0,3.0,1.0,66.0,47.0,28.0,11.0,10.0,0.0,4.0
2014-506,Buenos Aires,Clay,32,250,O,20140210,27,R419,3.0,,Tommy Robredo,R,180.0,ESP,31.781,17.0,1960.0,H756,6.0,,Robin Haase,R,191.0,NED,26.85,46.0,932.0,6-1 2-0 RET,3,QF,41.0,1.0,0.0,18.0,13.0,12.0,4.0,4.0,0.0,0.0,1.0,1.0,40.0,28.0,12.0,5.0,5.0,6.0,10.0
2014-506,Buenos Aires,Clay,32,250,O,20140210,28,F510,2.0,,Fabio Fognini,R,178.0,ITA,26.719,14.0,2260.0,A596,,,Pablo Andujar,R,180.0,ESP,28.049,43.0,981.0,6-4 6-3,3,QF,94.0,2.0,2.0,61.0,34.0,27.0,15.0,10.0,3.0,4.0,0.0,2.0,63.0,40.0,25.0,10.0,9.0,7.0,10.0
2014-506,Buenos Aires,Clay,32,250,O,20140210,29,F401,1.0,,David Ferrer,R,175.0,ESP,31.86,5.0,5280.0,A479,4.0,,Nicolas Almagro,R,183.0,ESP,28.474,18.0,1930.0,6-4 6-2,3,SF,87.0,0.0,2.0,76.0,53.0,36.0,12.0,9.0,6.0,7.0,0.0,0.0,51.0,27.0,18.0,10.0,9.0,1.0,5.0
2014-506,Buenos Aires,Clay,32,250,O,20140210,30,F510,2.0,,Fabio Fognini,R,178.0,ITA,26.719,14.0,2260.0,R419,3.0,,Tommy Robredo,R,180.0,ESP,31.781,17.0,1960.0,3-6 7-5 6-3,3,SF,119.0,2.0,3.0,87.0,56.0,38.0,14.0,15.0,2.0,6.0,3.0,4.0,88.0,61.0,39.0,13.0,15.0,8.0,13.0
2014-506,Buenos Aires,Clay,32,250,O,20140210,31,F401,1.0,,David Ferrer,R,175.0,ESP,31.86,5.0,5280.0,F510,2.0,,Fabio Fognini,R,178.0,ITA,26.719,14.0,2260.0,6-4 6-3,3,F,74.0,0.0,2.0,54.0,39.0,26.0,11.0,10.0,0.0,1.0,2.0,3.0,52.0,34.0,24.0,5.0,9.0,2.0,5.0
2014-D044,Davis Cup G2 R1: VIE vs PAK,Hard,4,D,,20140214,1,K425,,,Aqeel Khan,R,,PAK,34.042,,,N413,,,Quang-Huy Ngo,R,,VIE,29.933,,,6-0 6-4 6-3,5,RR,,,,,,,,,,,,,,,,,,,
2014-D044,Davis Cup G2 R1: VIE vs PAK,Hard,4,D,,20140214,2,N744,,,Thien Nguyen Hoang,R,,VIE,18.93,,,AC35,,,Muhammad Abid,,,PAK,19.702,,,6-3 6-2 6-0,5,RR,,,,,,,,,,,,,,,,,,,
2014-D044,Davis Cup G2 R1: VIE vs PAK,Hard,4,D,,20140214,3,K425,,,Aqeel Khan,R,,PAK,34.042,,,N744,,,Thien Nguyen Hoang,R,,VIE,18.93,,,6-2 6-4 6-2,5,RR,,,,,,,,,,,,,,,,,,,
2014-D044,Davis Cup G2 R1: VIE vs PAK,Hard,4,D,,20140214,4,T0AB,,,Linh Giang Trinh,R,183.0,VIE,16.534,,,KA41,,,Yasir Khan,,,PAK,24.821,,,7-6(4) 6-2,3,RR,,,,,,,,,,,,,,,,,,,
2014-D045,Davis Cup G2 R1: THA vs HKG,Hard,4,D,,20140214,1,K409,,,Phillip King,R,175.0,USA,32.156,,,SO02,,,Warit Sornbutnark,R,180.0,THA,20.964,1258.0,5.0,6-2 7-6(2) 6-3,5,RR,,,,,,,,,,,,,,,,,,,
2014-D045,Davis Cup G2 R1: THA vs HKG,Hard,4,D,,20140214,2,TB70,,,Wishaya Trongcharoenchaikul,R,,THA,18.856,915.0,14.0,K479,,,Ognian Kolev,L,,HKG,34.691,,,6-4 7-5 7-5,5,RR,,,,,,,,,,,,,,,,,,,
2014-D045,Davis Cup G2 R1: THA vs HKG,Hard,4,D,,20140214,3,I326,,,Pruchya Isaro,R,175.0,THA,18.333,,,K409,,,Phillip King,R,175.0,USA,32.156,,,6-4 6-1 6-2,5,RR,,,,,,,,,,,,,,,,,,,
2014-D045,Davis Cup G2 R1: THA vs HKG,Hard,4,D,,20140214,4,KB80,,,Nuttanon Kadchapanan,R,,THA,20.69,,,K479,,,Ognian Kolev,L,,HKG,34.691,,,6-1 2-6 6-2,3,RR,,,,,,,,,,,,,,,,,,,
2014-496,Marseille,Hard,28,250,I,20140217,1,K834,,,Blaz Kavcic,R,188.0,SLO,26.957,116.0,484.0,KD46,,WC,Thanasi Kokkinakis,R,193.0,AUS,17.856,397.0,98.0,6-4 6-2,3,R32,77.0,6.0,1.0,57.0,36.0,28.0,13.0,9.0,3.0,3.0,7.0,5.0,57.0,34.0,24.0,10.0,9.0,2.0,5.0
2014-496,Marseille,Hard,28,250,I,20140217,2,R613,6.0,,Edouard Roger-Vasselin,R,185.0,FRA,30.223,36.0,1108.0,PC78,,Q,Ante Pavic,R,196.0,CRO,24.95,237.0,204.0,3-6 7-6(5) 7-5,3,R32,133.0,13.0,2.0,105.0,75.0,58.0,13.0,16.0,7.0,9.0,23.0,3.0,109.0,64.0,55.0,21.0,17.0,2.0,4.0
2014-496,Marseille,Hard,28,250,I,20140217,3,SC77,,,Sergiy Stakhovsky,R,193.0,UKR,28.115,91.0,611.0,E687,,Q,Daniel Evans,R,175.0,GBR,23.74,124.0,457.0,3-6 7-6(4) 6-4,3,R32,117.0,15.0,3.0,98.0,64.0,47.0,16.0,15.0,10.0,12.0,5.0,4.0,114.0,75.0,53.0,18.0,16.0,14.0,16.0
2014-496,Marseille,Hard,28,250,I,20140217,4,D402,,,Nikolay Davydenko,R,178.0,RUS,32.712,63.0,735.0,SF36,,,Igor Sijsling,R,191.0,NED,26.502,52.0,875.0,6-4 6-4,3,R32,82.0,12.0,1.0,64.0,40.0,29.0,14.0,10.0,2.0,3.0,5.0,4.0,70.0,37.0,28.0,13.0,10.0,9.0,12.0
2014-496,Marseille,Hard,28,250,I,20140217,5,K839,,,Tobias Kamke,R,178.0,GER,27.745,89.0,616.0,E831,,WC,Kyle Edmund,R,188.0,GBR,19.11,322.0,136.0,7-5 6-1,3,R32,92.0,7.0,0.0,71.0,36.0,26.0,20.0,9.0,6.0,6.0,2.0,3.0,65.0,35.0,24.0,12.0,10.0,1.0,5.0
2014-496,Marseille,Hard,28,250,I,20140217,6,D646,5.0,,Ivan Dodig,R,183.0,CRO,29.125,34.0,1145.0,O411,,WC,Albano Olivetti,R,203.0,FRA,22.234,194.0,260.0,7-5 6-2,3,R32,96.0,11.0,4.0,83.0,53.0,39.0,15.0,10.0,11.0,11.0,13.0,5.0,69.0,38.0,25.0,15.0,10.0,4.0,7.0
2014-496,Marseille,Hard,28,250,I,20140217,7,BD06,,,Roberto Bautista Agut,R,183.0,ESP,25.845,51.0,885.0,BA65,,,Dustin Brown,R,196.0,JAM,29.194,94.0,596.0,7-5 4-6 6-3,3,R32,120.0,3.0,2.0,99.0,68.0,53.0,14.0,16.0,6.0,8.0,8.0,3.0,103.0,58.0,41.0,24.0,15.0,9.0,12.0
2014-496,Marseille,Hard,28,250,I,20140217,8,BE90,,Q,Ricardas Berankis,R,175.0,LTU,23.661,149.0,361.0,H571,,,Jan Hajek,R,180.0,CZE,30.533,111.0,505.0,6-5 RET,3,R32,44.0,3.0,0.0,30.0,16.0,14.0,4.0,5.0,1.0,3.0,0.0,0.0,34.0,27.0,12.0,6.0,6.0,2.0,5.0
2014-496,Marseille,Hard,28,250,I,20140217,9,M873,8.0,,Nicolas Mahut,R,191.0,FRA,32.074,41.0,1005.0,D750,,,Kenny De Schepper,L,203.0,FRA,26.724,83.0,645.0,7-6(2) 6-3,3,R32,87.0,4.0,6.0,70.0,39.0,32.0,18.0,11.0,0.0,0.0,11.0,6.0,61.0,39.0,30.0,11.0,10.0,1.0,2.0
2014-496,Marseille,Hard,28,250,I,20140217,10,B747,7.0,,Julien Benneteau,R,185.0,FRA,32.162,67.0,730.0,H704,,,Jesse Huta Galung,R,,NED,28.367,95.0,591.0,6-1 6-4,3,R32,60.0,11.0,4.0,54.0,30.0,24.0,16.0,9.0,4.0,4.0,3.0,2.0,44.0,28.0,19.0,5.0,8.0,1.0,4.0
2014-496,Marseille,Hard,28,250,I,20140217,11,SL28,,,Jan-Lennard Struff,R,193.0,GER,23.817,117.0,481.0,G753,,Q,David Guez,R,185.0,FRA,31.195,171.0,301.0,3-6 6-1 6-1,3,R32,96.0,8.0,4.0,60.0,30.0,26.0,12.0,11.0,2.0,4.0,4.0,1.0,88.0,53.0,32.0,11.0,12.0,7.0,13.0
2014-496,Marseille,Hard,28,250,I,20140217,12,L428,,,Michael Llodra,L,191.0,FRA,33.752,126.0,451.0,L797,,,Lukas Lacko,R,188.0,SVK,26.292,101.0,552.0,6-3 7-6(2),3,R32,78.0,9.0,1.0,63.0,36.0,29.0,17.0,11.0,1.0,2.0,11.0,3.0,74.0,36.0,24.0,20.0,10.0,3.0,5.0
2014-496,Marseille,Hard,28,250,I,20140217,13,G628,1.0,,Richard Gasquet,R,183.0,FRA,27.669,9.0,2950.0,K834,,,Blaz Kavcic,R,188.0,SLO,26.957,116.0,484.0,6-3 6-3,3,R16,70.0,2.0,0.0,47.0,32.0,25.0,11.0,9.0,0.0,0.0,2.0,2.0,60.0,38.0,27.0,8.0,9.0,8.0,11.0
2014-496,Marseille,Hard,28,250,I,20140217,14,D646,5.0,,Ivan Dodig,R,183.0,CRO,29.125,34.0,1145.0,K839,,,Tobias Kamke,R,178.0,GER,27.745,89.0,616.0,6-7(4) 6-0 6-3,3,R16,114.0,16.0,3.0,73.0,44.0,37.0,20.0,13.0,1.0,1.0,0.0,2.0,99.0,69.0,35.0,22.0,14.0,3.0,8.0
2014-496,Marseille,Hard,28,250,I,20140217,15,G858,3.0,,Ernests Gulbis,R,191.0,LAT,25.467,23.0,1558.0,BD06,,,Roberto Bautista Agut,R,183.0,ESP,25.845,51.0,885.0,6-3 5-7 6-4,3,R16,135.0,23.0,3.0,105.0,74.0,58.0,13.0,16.0,5.0,6.0,3.0,1.0,94.0,67.0,50.0,12.0,15.0,7.0,9.0
2014-496,Marseille,Hard,28,250,I,20140217,16,M873,8.0,,Nicolas Mahut,R,191.0,FRA,32.074,41.0,1005.0,BE90,,Q,Ricardas Berankis,R,175.0,LTU,23.661,149.0,361.0,7-6(5) 6-3,3,R16,88.0,12.0,2.0,61.0,43.0,39.0,9.0,10.0,1.0,1.0,0.0,2.0,75.0,46.0,33.0,16.0,11.0,2.0,4.0
2014-496,Marseille,Hard,28,250,I,20140217,17,SL28,,,Jan-Lennard Struff,R,193.0,GER,23.817,117.0,481.0,B747,7.0,,Julien Benneteau,R,185.0,FRA,32.162,67.0,730.0,4-6 7-6(3) 6-3,3,R16,116.0,12.0,1.0,87.0,48.0,42.0,24.0,15.0,1.0,2.0,17.0,1.0,94.0,60.0,49.0,15.0,16.0,6.0,8.0
2014-496,Marseille,Hard,28,250,I,20140217,18,L428,,,Michael Llodra,L,191.0,FRA,33.752,126.0,451.0,SA93,4.0,,Andreas Seppi,R,191.0,ITA,29.99,32.0,1210.0,7-6(3) 6-4,3,R16,95.0,14.0,4.0,71.0,51.0,43.0,8.0,11.0,5.0,6.0,10.0,2.0,85.0,51.0,38.0,15.0,11.0,4.0,6.0
2014-496,Marseille,Hard,28,250,I,20140217,19,R613,6.0,,Edouard Roger-Vasselin,R,185.0,FRA,30.223,36.0,1108.0,SC77,,,Sergiy Stakhovsky,R,193.0,UKR,28.115,91.0,611.0,7-6(2) 6-4,3,R16,96.0,3.0,3.0,74.0,50.0,39.0,12.0,11.0,2.0,3.0,9.0,2.0,75.0,42.0,30.0,17.0,11.0,2.0,4.0
2014-496,Marseille,Hard,28,250,I,20140217,20,T786,2.0,,Jo-Wilfried Tsonga,R,188.0,FRA,28.838,10.0,2885.0,D402,,,Nikolay Davydenko,R,178.0,RUS,32.712,63.0,735.0,7-6(4) 7-6(8),3,R16,107.0,19.0,2.0,85.0,63.0,49.0,12.0,12.0,3.0,4.0,9.0,3.0,80.0,50.0,38.0,18.0,12.0,2.0,3.0
2014-496,Marseille,Hard,28,250,I,20140217,21,G628,1.0,,Richard Gasquet,R,183.0,FRA,27.669,9.0,2950.0,D646,5.0,,Ivan Dodig,R,183.0,CRO,29.125,34.0,1145.0,7-5 6-3,3,QF,84.0,3.0,2.0,69.0,46.0,33.0,13.0,11.0,5.0,6.0,7.0,2.0,58.0,36.0,26.0,8.0,10.0,4.0,7.0
2014-496,Marseille,Hard,28,250,I,20140217,22,G858,3.0,,Ernests Gulbis,R,191.0,LAT,25.467,23.0,1558.0,M873,8.0,,Nicolas Mahut,R,191.0,FRA,32.074,41.0,1005.0,6-3 7-6(1),3,QF,81.0,9.0,0.0,56.0,41.0,38.0,10.0,11.0,0.0,0.0,6.0,2.0,70.0,46.0,30.0,14.0,10.0,5.0,6.0
2014-496,Marseille,Hard,28,250,I,20140217,23,SL28,,,Jan-Lennard Struff,R,193.0,GER,23.817,117.0,481.0,L428,,,Michael Llodra,L,191.0,FRA,33.752,126.0,451.0,6-4 6-3,3,QF,60.0,9.0,1.0,48.0,32.0,28.0,8.0,9.0,0.0,0.0,8.0,2.0,70.0,52.0,31.0,8.0,10.0,1.0,4.0
2014-496,Marseille,Hard,28,250,I,20140217,24,T786,2.0,,Jo-Wilfried Tsonga,R,188.0,FRA,28.838,10.0,2885.0,R613,6.0,,Edouard Roger-Vasselin,R,185.0,FRA,30.223,36.0,1108.0,6-7(3) 6-2 6-2,3,QF,112.0,13.0,2.0,86.0,54.0,41.0,21.0,14.0,2.0,2.0,4.0,1.0,90.0,59.0,36.0,20.0,14.0,4.0,8.0
2014-496,Marseille,Hard,28,250,I,20140217,25,G858,3.0,,Ernests Gulbis,R,191.0,LAT,25.467,23.0,1558.0,G628,1.0,,Richard Gasquet,R,183.0,FRA,27.669,9.0,2950.0,6-3 6-2,3,SF,65.0,15.0,1.0,48.0,32.0,30.0,7.0,9.0,0.0,0.0,3.0,1.0,53.0,41.0,24.0,6.0,8.0,1.0,4.0
2014-496,Marseille,Hard,28,250,I,20140217,26,T786,2.0,,Jo-Wilfried Tsonga,R,188.0,FRA,28.838,10.0,2885.0,SL28,,,Jan-Lennard Struff,R,193.0,GER,23.817,117.0,481.0,7-6(4) 7-5,3,SF,99.0,10.0,3.0,68.0,43.0,40.0,12.0,12.0,5.0,6.0,2.0,0.0,80.0,46.0,30.0,21.0,12.0,5.0,7.0
2014-496,Marseille,Hard,28,250,I,20140217,27,G858,3.0,,Ernests Gulbis,R,191.0,LAT,25.467,23.0,1558.0,T786,2.0,,Jo-Wilfried Tsonga,R,188.0,FRA,28.838,10.0,2885.0,7-6(5) 6-4,3,F,94.0,14.0,3.0,66.0,41.0,35.0,16.0,11.0,2.0,2.0,8.0,0.0,74.0,50.0,40.0,11.0,11.0,10.0,11.0
2014-499,Delray Beach,Hard,32,250,O,20140217,1,H355,1.0,,Tommy Haas,R,188.0,GER,35.877,12.0,2435.0,O234,,Q,Wayne Odesnik,L,180.0,USA,28.241,118.0,477.0,6-2 6-1,3,R32,55.0,5.0,1.0,35.0,20.0,19.0,9.0,7.0,0.0,0.0,3.0,3.0,51.0,34.0,17.0,7.0,8.0,1.0,6.0
2014-499,Delray Beach,Hard,32,250,O,20140217,2,H940,,WC,Ryan Harrison,R,185.0,USA,21.782,115.0,484.0,L575,,,Yen-Hsun Lu,R,180.0,TPE,30.513,46.0,930.0,4-6 1-0 RET,3,R32,39.0,3.0,1.0,33.0,17.0,11.0,12.0,6.0,1.0,2.0,0.0,1.0,29.0,20.0,15.0,6.0,5.0,0.0,0.0
2014-499,Delray Beach,Hard,32,250,O,20140217,3,G681,,,Teymuraz Gabashvili,R,185.0,GEO,28.739,65.0,731.0,E690,,,Matthew Ebden,R,188.0,AUS,26.229,62.0,741.0,2-6 6-3 6-2,3,R32,106.0,2.0,8.0,78.0,45.0,27.0,12.0,12.0,4.0,10.0,6.0,15.0,74.0,32.0,20.0,13.0,13.0,7.0,15.0
2014-499,Delray Beach,Hard,32,250,O,20140217,4,N552,3.0,,Kei Nishikori,R,178.0,JPN,24.137,15.0,2170.0,E698,,Q,Gastao Elias,R,180.0,POR,23.233,169.0,302.0,6-1 5-7 6-2,3,R32,116.0,3.0,7.0,89.0,52.0,33.0,22.0,14.0,2.0,5.0,3.0,3.0,92.0,47.0,25.0,21.0,13.0,7.0,13.0
2014-499,Delray Beach,Hard,32,250,O,20140217,5,W522,,Q,Rhyne Williams,R,185.0,USA,22.91,146.0,374.0,F444,,,Alejandro Falla,L,185.0,COL,30.261,79.0,662.0,6-3 4-0 RET,3,R32,55.0,2.0,0.0,39.0,23.0,16.0,8.0,6.0,2.0,3.0,2.0,7.0,43.0,17.0,10.0,7.0,7.0,4.0,9.0
2014-499,Delray Beach,Hard,32,250,O,20140217,6,B837,,WC,Marcos Baghdatis,R,178.0,CYP,28.671,155.0,345.0,V708,,,Jiri Vesely,L,198.0,CZE,20.608,77.0,669.0,3-6 6-2 6-1,3,R32,98.0,4.0,4.0,66.0,33.0,28.0,20.0,12.0,0.0,1.0,2.0,10.0,82.0,46.0,29.0,16.0,12.0,2.0,6.0
2014-499,Delray Beach,Hard,32,250,O,20140217,7,SC56,,,Dudi Sela,R,175.0,ISR,28.873,75.0,683.0,B842,,,Alex Bogomolov Jr.,R,178.0,RUS,30.823,88.0,618.0,6-0 6-2,3,R32,54.0,0.0,2.0,33.0,15.0,13.0,15.0,7.0,0.0,0.0,0.0,1.0,47.0,33.0,13.0,7.0,7.0,2.0,7.0
2014-499,Delray Beach,Hard,32,250,O,20140217,8,I186,2.0,,John Isner,R,208.0,USA,28.813,13.0,2320.0,R368,,,Michael Russell,R,173.0,USA,35.8,85.0,631.0,4-6 7-6(3) 6-4,3,R32,114.0,20.0,2.0,93.0,61.0,50.0,18.0,16.0,2.0,3.0,2.0,3.0,97.0,72.0,56.0,12.0,16.0,2.0,3.0
2014-499,Delray Beach,Hard,32,250,O,20140217,9,J386,,Q,Steve Johnson,R,188.0,USA,24.151,142.0,390.0,K926,,,Mikhail Kukushkin,R,183.0,KAZ,26.146,58.0,781.0,6-4 6-3,3,R32,73.0,9.0,1.0,56.0,38.0,29.0,12.0,9.0,5.0,5.0,1.0,2.0,70.0,33.0,24.0,17.0,10.0,6.0,9.0
2014-499,Delray Beach,Hard,32,250,O,20140217,10,ME82,,,Adrian Mannarino,L,180.0,FRA,25.637,70.0,714.0,SM25,,WC,Jack Sock,R,191.0,USA,21.399,82.0,652.0,6-4 6-2,3,R32,73.0,1.0,6.0,68.0,47.0,33.0,9.0,9.0,7.0,8.0,7.0,4.0,57.0,33.0,22.0,8.0,9.0,5.0,9.0
2014-499,Delray Beach,Hard,32,250,O,20140217,11,L397,6.0,,Feliciano Lopez,L,188.0,ESP,32.411,27.0,1355.0,Q927,,,Sam Querrey,R,198.0,USA,26.366,57.0,800.0,4-6 6-2 6-3,3,R32,94.0,4.0,5.0,67.0,32.0,28.0,20.0,13.0,4.0,6.0,7.0,4.0,98.0,52.0,32.0,22.0,14.0,9.0,14.0
2014-499,Delray Beach,Hard,32,250,O,20140217,12,A678,4.0,,Kevin Anderson,R,203.0,RSA,27.754,21.0,1580.0,SF62,,,Tim Smyczek,R,175.0,USA,26.136,105.0,537.0,4-6 6-1 6-3,3,R32,107.0,11.0,5.0,72.0,44.0,36.0,15.0,13.0,1.0,2.0,2.0,5.0,92.0,55.0,36.0,18.0,13.0,8.0,12.0
2014-499,Delray Beach,Hard,32,250,O,20140217,13,K336,,,Ivo Karlovic,R,211.0,CRO,34.971,56.0,817.0,G940,,LL,Sam Groth,R,193.0,AUS,26.333,160.0,330.0,7-6(4) 6-3,3,R32,72.0,19.0,2.0,60.0,40.0,36.0,16.0,11.0,2.0,2.0,6.0,2.0,64.0,42.0,32.0,14.0,10.0,3.0,4.0
2014-499,Delray Beach,Hard,32,250,O,20140217,14,ME05,,,Marinko Matosevic,R,193.0,AUS,28.528,55.0,844.0,GB88,,,David Goffin,R,180.0,BEL,23.198,106.0,532.0,6-2 6-4,3,R32,77.0,7.0,1.0,65.0,29.0,24.0,20.0,9.0,5.0,5.0,2.0,4.0,60.0,26.0,14.0,21.0,9.0,5.0,8.0
2014-499,Delray Beach,Hard,32,250,O,20140217,15,H432,8.0,,Lleyton Hewitt,R,178.0,AUS,32.98,38.0,1045.0,KA98,,,Bradley Klahn,L,183.0,USA,23.496,66.0,731.0,6-3 6-1,3,R32,65.0,0.0,3.0,46.0,27.0,21.0,8.0,8.0,0.0,1.0,3.0,5.0,52.0,21.0,11.0,13.0,8.0,2.0,7.0
2014-499,Delray Beach,Hard,32,250,O,20140217,16,C977,7.0,,Marin Cilic,R,198.0,CRO,25.388,29.0,1295.0,B896,,,Benjamin Becker,R,178.0,GER,32.674,93.0,605.0,6-1 6-3,3,R32,56.0,9.0,3.0,42.0,25.0,22.0,9.0,8.0,1.0,2.0,3.0,3.0,55.0,35.0,21.0,4.0,8.0,4.0,9.0
2014-499,Delray Beach,Hard,32,250,O,20140217,17,J386,,Q,Steve Johnson,R,188.0,USA,24.151,142.0,390.0,H355,1.0,,Tommy Haas,R,188.0,GER,35.877,12.0,2435.0,6-4 2-6 7-6(2),3,R16,127.0,13.0,2.0,106.0,65.0,47.0,17.0,15.0,9.0,12.0,9.0,5.0,98.0,54.0,35.0,26.0,15.0,3.0,5.0
2014-499,Delray Beach,Hard,32,250,O,20140217,18,L397,6.0,,Feliciano Lopez,L,188.0,ESP,32.411,27.0,1355.0,ME82,,,Adrian Mannarino,L,180.0,FRA,25.637,70.0,714.0,4-6 6-4 6-2,3,R16,103.0,10.0,2.0,75.0,43.0,34.0,19.0,14.0,0.0,1.0,3.0,5.0,85.0,44.0,28.0,24.0,14.0,4.0,7.0
2014-499,Delray Beach,Hard,32,250,O,20140217,19,A678,4.0,,Kevin Anderson,R,203.0,RSA,27.754,21.0,1580.0,K336,,,Ivo Karlovic,R,211.0,CRO,34.971,56.0,817.0,1-0 RET,3,R16,4.0,1.0,1.0,5.0,3.0,3.0,1.0,1.0,0.0,0.0,0.0,2.0,3.0,1.0,0.0,0.0,0.0,0.0,0.0
2014-499,Delray Beach,Hard,32,250,O,20140217,20,ME05,,,Marinko Matosevic,R,193.0,AUS,28.528,55.0,844.0,H432,8.0,,Lleyton Hewitt,R,178.0,AUS,32.98,38.0,1045.0,7-6(2) RET,3,R16,67.0,4.0,0.0,43.0,23.0,16.0,8.0,6.0,3.0,5.0,2.0,7.0,45.0,24.0,13.0,9.0,6.0,1.0,3.0
2014-499,Delray Beach,Hard,32,250,O,20140217,21,C977,7.0,,Marin Cilic,R,198.0,CRO,25.388,29.0,1295.0,H940,,WC,Ryan Harrison,R,185.0,USA,21.782,115.0,484.0,6-3 6-4,3,R16,74.0,9.0,2.0,57.0,30.0,26.0,18.0,10.0,1.0,1.0,5.0,2.0,56.0,33.0,24.0,12.0,9.0,4.0,6.0
2014-499,Delray Beach,Hard,32,250,O,20140217,22,G681,,,Teymuraz Gabashvili,R,185.0,GEO,28.739,65.0,731.0,N552,3.0,,Kei Nishikori,R,178.0,JPN,24.137,15.0,2170.0,4-2 RET,3,R16,19.0,2.0,0.0,16.0,9.0,7.0,6.0,3.0,2.0,2.0,1.0,2.0,18.0,12.0,8.0,2.0,3.0,2.0,3.0
2014-499,Delray Beach,Hard,32,250,O,20140217,23,W522,,Q,Rhyne Williams,R,185.0,USA,22.91,146.0,374.0,B837,,WC,Marcos Baghdatis,R,178.0,CYP,28.671,155.0,345.0,6-7(7) 6-4 6-2,3,R16,146.0,6.0,4.0,95.0,64.0,52.0,11.0,15.0,1.0,3.0,4.0,10.0,99.0,35.0,20.0,38.0,15.0,5.0,10.0
2014-499,Delray Beach,Hard,32,250,O,20140217,24,I186,2.0,,John Isner,R,208.0,USA,28.813,13.0,2320.0,SC56,,,Dudi Sela,R,175.0,ISR,28.873,75.0,683.0,3-6 6-1 7-6(5),3,R16,116.0,12.0,3.0,93.0,61.0,42.0,17.0,14.0,4.0,7.0,2.0,5.0,97.0,62.0,38.0,19.0,14.0,9.0,13.0
2014-499,Delray Beach,Hard,32,250,O,20140217,25,J386,,Q,Steve Johnson,R,188.0,USA,24.151,142.0,390.0,L397,6.0,,Feliciano Lopez,L,188.0,ESP,32.411,27.0,1355.0,6-3 6-2,3,QF,74.0,4.0,2.0,58.0,36.0,26.0,14.0,9.0,3.0,3.0,7.0,3.0,59.0,35.0,24.0,8.0,8.0,7.0,10.0
2014-499,Delray Beach,Hard,32,250,O,20140217,26,A678,4.0,,Kevin Anderson,R,203.0,RSA,27.754,21.0,1580.0,ME05,,,Marinko Matosevic,R,193.0,AUS,28.528,55.0,844.0,6-7(3) 6-3 6-3,3,QF,144.0,10.0,2.0,86.0,53.0,41.0,21.0,15.0,4.0,5.0,9.0,6.0,116.0,57.0,42.0,27.0,15.0,9.0,13.0
2014-499,Delray Beach,Hard,32,250,O,20140217,27,C977,7.0,,Marin Cilic,R,198.0,CRO,25.388,29.0,1295.0,G681,,,Teymuraz Gabashvili,R,185.0,GEO,28.739,65.0,731.0,6-2 6-3,3,QF,80.0,12.0,2.0,61.0,31.0,25.0,10.0,9.0,4.0,6.0,1.0,0.0,50.0,21.0,8.0,13.0,8.0,1.0,6.0
2014-499,Delray Beach,Hard,32,250,O,20140217,28,I186,2.0,,John Isner,R,208.0,USA,28.813,13.0,2320.0,W522,,Q,Rhyne Williams,R,185.0,USA,22.91,146.0,374.0,4-6 6-3 6-2,3,QF,102.0,18.0,5.0,71.0,45.0,40.0,15.0,14.0,1.0,2.0,5.0,1.0,85.0,58.0,38.0,14.0,13.0,4.0,7.0
2014-499,Delray Beach,Hard,32,250,O,20140217,29,A678,4.0,,Kevin Anderson,R,203.0,RSA,27.754,21.0,1580.0,J386,,Q,Steve Johnson,R,188.0,USA,24.151,142.0,390.0,6-2 6-4,3,SF,76.0,13.0,1.0,56.0,35.0,30.0,10.0,9.0,0.0,0.0,6.0,3.0,55.0,33.0,23.0,10.0,9.0,5.0,8.0
2014-499,Delray Beach,Hard,32,250,O,20140217,30,C977,7.0,,Marin Cilic,R,198.0,CRO,25.388,29.0,1295.0,I186,2.0,,John Isner,R,208.0,USA,28.813,13.0,2320.0,7-6(5) 6-3,3,SF,86.0,12.0,2.0,68.0,39.0,33.0,18.0,11.0,0.0,0.0,9.0,3.0,72.0,52.0,34.0,10.0,10.0,6.0,7.0
2014-499,Delray Beach,Hard,32,250,O,20140217,31,C977,7.0,,Marin Cilic,R,198.0,CRO,25.388,29.0,1295.0,A678,4.0,,Kevin Anderson,R,203.0,RSA,27.754,21.0,1580.0,7-6(6) 6-7(7) 6-4,3,F,189.0,16.0,8.0,123.0,66.0,50.0,30.0,17.0,10.0,13.0,18.0,12.0,145.0,88.0,66.0,23.0,17.0,10.0,14.0
2014-6932,Rio de Janeiro,Clay,32,500,O,20140217,1,N409,1.0,,Rafael Nadal,L,185.0,ESP,27.71,1.0,14085.0,G676,,,Daniel Gimeno-Traver,R,183.0,ESP,28.531,84.0,637.0,6-3 7-5,3,R32,101.0,1.0,1.0,61.0,35.0,27.0,17.0,11.0,2.0,3.0,5.0,5.0,64.0,36.0,25.0,12.0,10.0,3.0,6.0
2014-6932,Rio de Janeiro,Clay,32,500,O,20140217,2,BF23,,Q,Facundo Bagnis,L,183.0,ARG,23.973,125.0,456.0,SG64,,WC,Joao Souza,R,193.0,BRA,25.728,123.0,458.0,7-5 2-6 6-2,3,R32,147.0,7.0,5.0,88.0,56.0,37.0,20.0,14.0,3.0,6.0,3.0,2.0,97.0,55.0,32.0,24.0,14.0,5.0,9.0
2014-6932,Rio de Janeiro,Clay,32,500,O,20140217,3,C882,,,Pablo Cuevas,R,180.0,URU,28.129,231.0,215.0,G892,,,Alejandro Gonzalez,R,191.0,COL,25.027,76.0,676.0,6-7(0) 6-1 6-3,3,R32,141.0,6.0,4.0,89.0,50.0,36.0,15.0,14.0,8.0,13.0,6.0,4.0,110.0,63.0,41.0,14.0,14.0,9.0,18.0
2014-6932,Rio de Janeiro,Clay,32,500,O,20140217,4,F510,3.0,,Fabio Fognini,R,178.0,ITA,26.738,14.0,2260.0,BH09,,Q,Aljaz Bedene,R,183.0,SLO,24.586,103.0,548.0,7-6(5) 0-6 6-1,3,R32,119.0,3.0,6.0,79.0,41.0,26.0,13.0,12.0,4.0,10.0,7.0,3.0,83.0,35.0,19.0,22.0,13.0,2.0,8.0
2014-6932,Rio de Janeiro,Clay,32,500,O,20140217,5,MA21,7.0,,Juan Monaco,R,185.0,ARG,29.889,42.0,1000.0,Z184,,,Horacio Zeballos,L,188.0,ARG,28.81,112.0,500.0,6-3 6-1,3,R32,64.0,1.0,0.0,43.0,33.0,26.0,7.0,8.0,2.0,2.0,2.0,1.0,47.0,23.0,19.0,6.0,8.0,2.0,6.0
2014-6932,Rio de Janeiro,Clay,32,500,O,20140217,6,BD20,,WC,Thomaz Bellucci,L,188.0,BRA,26.136,130.0,442.0,G725,,,Santiago Giraldo,R,188.0,COL,26.226,60.0,773.0,3-6 6-4 6-3,3,R32,146.0,3.0,4.0,90.0,58.0,35.0,19.0,14.0,4.0,8.0,8.0,5.0,103.0,47.0,34.0,24.0,14.0,9.0,14.0
2014-6932,Rio de Janeiro,Clay,32,500,O,20140217,7,D874,,,Federico Delbonis,L,193.0,ARG,23.37,61.0,744.0,CC32,,WC,Guilherme Clezar,R,180.0,BRA,21.131,163.0,326.0,6-1 6-1,3,R32,56.0,2.0,1.0,40.0,20.0,16.0,14.0,7.0,0.0,0.0,4.0,3.0,49.0,32.0,18.0,2.0,7.0,5.0,10.0
2014-6932,Rio de Janeiro,Clay,32,500,O,20140217,8,F401,2.0,,David Ferrer,R,175.0,ESP,31.88,4.0,5440.0,CA12,,,Jeremy Chardy,R,188.0,FRA,27.014,45.0,940.0,6-2 6-3,3,R32,68.0,1.0,4.0,55.0,33.0,25.0,10.0,9.0,4.0,6.0,1.0,5.0,53.0,25.0,16.0,7.0,8.0,7.0,12.0
2014-6932,Rio de Janeiro,Clay,32,500,O,20140217,9,M824,,,Albert Montanes,R,175.0,ESP,33.227,72.0,701.0,H756,,,Robin Haase,R,191.0,NED,26.869,44.0,957.0,6-1 7-6(4),3,R32,84.0,1.0,0.0,63.0,43.0,30.0,16.0,10.0,4.0,5.0,0.0,3.0,70.0,39.0,25.0,13.0,9.0,4.0,7.0
2014-6932,Rio de Janeiro,Clay,32,500,O,20140217,10,R772,,,Albert Ramos-Vinolas,L,188.0,ESP,26.086,87.0,623.0,MD56,,,Leonardo Mayer,R,191.0,ARG,26.762,59.0,775.0,6-2 6-0,3,R32,62.0,0.0,0.0,42.0,25.0,21.0,9.0,7.0,0.0,0.0,2.0,3.0,42.0,21.0,9.0,9.0,7.0,2.0,7.0
2014-6932,Rio de Janeiro,Clay,32,500,O,20140217,11,SH90,,,Joao Sousa,R,185.0,POR,24.887,48.0,907.0,G710,6.0,,Marcel Granollers,R,191.0,ESP,27.852,35.0,1120.0,2-6 6-3 7-5,3,R32,148.0,0.0,4.0,119.0,59.0,40.0,31.0,15.0,12.0,15.0,7.0,4.0,75.0,49.0,35.0,15.0,14.0,4.0,7.0
2014-6932,Rio de Janeiro,Clay,32,500,O,20140217,12,R419,4.0,,Tommy Robredo,R,180.0,ESP,31.8,17.0,2050.0,CD85,,,Pablo Carreno Busta,R,188.0,ESP,22.604,64.0,733.0,7-6(5) 6-3,3,R32,97.0,6.0,1.0,66.0,34.0,30.0,19.0,11.0,0.0,0.0,2.0,2.0,63.0,35.0,28.0,13.0,10.0,3.0,4.0
2014-6932,Rio de Janeiro,Clay,32,500,O,20140217,13,L987,,Q,Dusan Lajovic,R,183.0,SRB,23.636,100.0,555.0,V254,,,Filippo Volandri,R,183.0,ITA,32.452,81.0,658.0,6-7(7) 6-3 4-0 RET,3,R32,132.0,4.0,3.0,89.0,47.0,29.0,23.0,12.0,9.0,14.0,0.0,1.0,97.0,55.0,29.0,16.0,13.0,4.0,13.0
2014-6932,Rio de Janeiro,Clay,32,500,O,20140217,14,K966,,Q,Martin Klizan,L,191.0,SVK,24.605,108.0,514.0,G476,,,Guillermo Garcia-Lopez,R,185.0,ESP,30.708,53.0,861.0,6-4 4-6 7-6(4),3,R32,172.0,6.0,3.0,104.0,44.0,32.0,31.0,16.0,4.0,8.0,11.0,7.0,116.0,57.0,39.0,26.0,16.0,7.0,11.0
2014-6932,Rio de Janeiro,Clay,32,500,O,20140217,15,A596,8.0,,Pablo Andujar,R,180.0,ESP,28.068,40.0,1006.0,R782,,,Julian Reister,R,188.0,GER,27.88,97.0,581.0,6-4 6-3,3,R32,106.0,0.0,2.0,50.0,37.0,23.0,7.0,9.0,3.0,6.0,2.0,2.0,76.0,49.0,27.0,8.0,10.0,4.0,10.0
2014-6932,Rio de Janeiro,Clay,32,500,O,20140217,16,D801,,,Alexandr Dolgopolov,R,180.0,UKR,25.279,54.0,860.0,A479,5.0,,Nicolas Almagro,R,183.0,ESP,28.493,18.0,1930.0,2-6 6-3 6-0,3,R32,95.0,9.0,2.0,70.0,30.0,24.0,21.0,11.0,5.0,7.0,8.0,4.0,74.0,39.0,27.0,14.0,12.0,3.0,8.0
2014-6932,Rio de Janeiro,Clay,32,500,O,20140217,17,N409,1.0,,Rafael Nadal,L,185.0,ESP,27.71,1.0,14085.0,M824,,,Albert Montanes,R,175.0,ESP,33.227,72.0,701.0,6-1 6-2,3,R16,75.0,0.0,2.0,51.0,33.0,21.0,10.0,7.0,2.0,3.0,0.0,4.0,57.0,36.0,16.0,7.0,8.0,4.0,10.0
2014-6932,Rio de Janeiro,Clay,32,500,O,20140217,18,SH90,,,Joao Sousa,R,185.0,POR,24.887,48.0,907.0,R772,,,Albert Ramos-Vinolas,L,188.0,ESP,26.086,87.0,623.0,7-6(6) 2-6 6-3,3,R16,127.0,7.0,2.0,103.0,70.0,47.0,15.0,15.0,4.0,8.0,5.0,2.0,80.0,56.0,40.0,13.0,14.0,2.0,5.0
2014-6932,Rio de Janeiro,Clay,32,500,O,20140217,19,R419,4.0,,Tommy Robredo,R,180.0,ESP,31.8,17.0,2050.0,L987,,Q,Dusan Lajovic,R,183.0,SRB,23.636,100.0,555.0,6-2 6-1,3,R16,68.0,2.0,2.0,39.0,18.0,16.0,14.0,7.0,1.0,1.0,1.0,6.0,51.0,20.0,12.0,10.0,8.0,4.0,9.0
2014-6932,Rio de Janeiro,Clay,32,500,O,20140217,20,A596,8.0,,Pablo Andujar,R,180.0,ESP,28.068,40.0,1006.0,K966,,Q,Martin Klizan,L,191.0,SVK,24.605,108.0,514.0,W/O,3,R16,,1.0,0.0,63.0,43.0,30.0,16.0,10.0,4.0,5.0,0.0,3.0,70.0,39.0,25.0,13.0,9.0,4.0,7.0
2014-6932,Rio de Janeiro,Clay,32,500,O,20140217,21,D801,,,Alexandr Dolgopolov,R,180.0,UKR,25.279,54.0,860.0,BF23,,Q,Facundo Bagnis,L,183.0,ARG,23.973,125.0,456.0,6-7(4) 6-2 7-6(4),3,R16,151.0,8.0,1.0,101.0,50.0,37.0,30.0,16.0,3.0,6.0,8.0,2.0,111.0,70.0,43.0,20.0,16.0,7.0,12.0
2014-6932,Rio de Janeiro,Clay,32,500,O,20140217,22,F510,3.0,,Fabio Fognini,R,178.0,ITA,26.738,14.0,2260.0,C882,,,Pablo Cuevas,R,180.0,URU,28.129,231.0,215.0,7-6(1) 4-6 6-3,3,R16,120.0,2.0,3.0,100.0,63.0,45.0,23.0,16.0,1.0,3.0,1.0,2.0,78.0,51.0,38.0,18.0,15.0,0.0,2.0
2014-6932,Rio de Janeiro,Clay,32,500,O,20140217,23,BD20,,WC,Thomaz Bellucci,L,188.0,BRA,26.136,130.0,442.0,MA21,7.0,,Juan Monaco,R,185.0,ARG,29.889,42.0,1000.0,4-6 6-3 6-3,3,R16,122.0,3.0,0.0,83.0,41.0,34.0,24.0,14.0,2.0,4.0,0.0,0.0,79.0,57.0,37.0,10.0,14.0,2.0,6.0
2014-6932,Rio de Janeiro,Clay,32,500,O,20140217,24,F401,2.0,,David Ferrer,R,175.0,ESP,31.88,4.0,5440.0,D874,,,Federico Delbonis,L,193.0,ARG,23.37,61.0,744.0,7-6(2) 6-1,3,R16,87.0,0.0,4.0,53.0,30.0,25.0,13.0,9.0,1.0,2.0,3.0,2.0,78.0,44.0,24.0,15.0,10.0,12.0,16.0
2014-6932,Rio de Janeiro,Clay,32,500,O,20140217,25,N409,1.0,,Rafael Nadal,L,185.0,ESP,27.71,1.0,14085.0,SH90,,,Joao Sousa,R,185.0,POR,24.887,48.0,907.0,6-1 6-0,3,QF,76.0,4.0,3.0,47.0,33.0,24.0,7.0,7.0,3.0,3.0,1.0,5.0,57.0,30.0,17.0,7.0,6.0,5.0,10.0
2014-6932,Rio de Janeiro,Clay,32,500,O,20140217,26,A596,8.0,,Pablo Andujar,R,180.0,ESP,28.068,40.0,1006.0,R419,4.0,,Tommy Robredo,R,180.0,ESP,31.8,17.0,2050.0,6-1 6-1,3,QF,61.0,0.0,0.0,51.0,40.0,26.0,8.0,7.0,5.0,5.0,2.0,4.0,41.0,17.0,10.0,7.0,7.0,3.0,8.0
2014-6932,Rio de Janeiro,Clay,32,500,O,20140217,27,D801,,,Alexandr Dolgopolov,R,180.0,UKR,25.279,54.0,860.0,F510,3.0,,Fabio Fognini,R,178.0,ITA,26.738,14.0,2260.0,6-1 6-1,3,QF,67.0,12.0,3.0,54.0,28.0,23.0,12.0,7.0,5.0,6.0,2.0,3.0,57.0,37.0,17.0,6.0,7.0,1.0,7.0
2014-6932,Rio de Janeiro,Clay,32,500,O,20140217,28,F401,2.0,,David Ferrer,R,175.0,ESP,31.88,4.0,5440.0,BD20,,WC,Thomaz Bellucci,L,188.0,BRA,26.136,130.0,442.0,4-6 6-3 6-3,3,QF,143.0,1.0,3.0,101.0,68.0,47.0,16.0,14.0,6.0,8.0,5.0,4.0,99.0,56.0,39.0,18.0,14.0,8.0,12.0
2014-6932,Rio de Janeiro,Clay,32,500,O,20140217,29,N409,1.0,,Rafael Nadal,L,185.0,ESP,27.71,1.0,14085.0,A596,8.0,,Pablo Andujar,R,180.0,ESP,28.068,40.0,1006.0,2-6 6-3 7-6(10),3,SF,167.0,4.0,4.0,121.0,72.0,52.0,22.0,15.0,11.0,14.0,0.0,0.0,93.0,71.0,48.0,13.0,14.0,2.0,4.0
2014-6932,Rio de Janeiro,Clay,32,500,O,20140217,30,D801,,,Alexandr Dolgopolov,R,180.0,UKR,25.279,54.0,860.0,F401,2.0,,David Ferrer,R,175.0,ESP,31.88,4.0,5440.0,6-4 6-4,3,SF,84.0,4.0,1.0,62.0,30.0,23.0,18.0,10.0,3.0,4.0,2.0,1.0,72.0,51.0,28.0,11.0,10.0,7.0,10.0
2014-6932,Rio de Janeiro,Clay,32,500,O,20140217,31,N409,1.0,,Rafael Nadal,L,185.0,ESP,27.71,1.0,14085.0,D801,,,Alexandr Dolgopolov,R,180.0,UKR,25.279,54.0,860.0,6-3 7-6(3),3,F,101.0,3.0,0.0,68.0,43.0,34.0,14.0,11.0,3.0,4.0,10.0,1.0,67.0,30.0,22.0,17.0,10.0,1.0,3.0
2014-495,Dubai,Hard,32,500,O,20140224,1,D643,1.0,,Novak Djokovic,R,188.0,SRB,26.762,2.0,10580.0,I165,,,Denis Istomin,R,185.0,UZB,27.466,54.0,830.0,6-3 6-3,3,R32,84.0,6.0,2.0,66.0,44.0,32.0,12.0,9.0,4.0,4.0,3.0,1.0,71.0,43.0,28.0,11.0,9.0,9.0,12.0
2014-495,Dubai,Hard,32,500,O,20140224,2,D402,,,Nikolay Davydenko,R,178.0,RUS,32.731,63.0,735.0,G806,,,Andrey Golubev,R,180.0,KAZ,26.595,72.0,705.0,7-6(6) 6-4,3,R32,91.0,1.0,2.0,62.0,40.0,28.0,14.0,11.0,1.0,4.0,3.0,4.0,72.0,43.0,28.0,11.0,11.0,1.0,5.0
2014-495,Dubai,Hard,32,500,O,20140224,3,SC77,,,Sergiy Stakhovsky,R,193.0,UKR,28.134,88.0,619.0,D646,,,Ivan Dodig,R,183.0,CRO,29.144,33.0,1170.0,7-6(6) 6-7(4) 6-2,3,R32,137.0,8.0,0.0,99.0,67.0,54.0,23.0,16.0,5.0,5.0,12.0,5.0,113.0,64.0,47.0,29.0,16.0,5.0,7.0
2014-495,Dubai,Hard,32,500,O,20140224,4,BA47,3.0,,Tomas Berdych,R,196.0,CZE,28.438,6.0,4890.0,CA99,,Q,Marius Copil,R,191.0,ROU,23.357,159.0,335.0,6-3 6-4,3,R32,79.0,3.0,6.0,54.0,30.0,28.0,14.0,10.0,1.0,1.0,8.0,5.0,67.0,35.0,25.0,14.0,9.0,5.0,7.0
2014-495,Dubai,Hard,32,500,O,20140224,5,K435,7.0,,Philipp Kohlschreiber,R,178.0,GER,30.36,26.0,1375.0,D776,,Q,Thiemo de Bakker,R,193.0,NED,25.432,150.0,362.0,6-3 6-3,3,R32,65.0,4.0,4.0,57.0,29.0,23.0,16.0,9.0,4.0,5.0,5.0,1.0,55.0,29.0,22.0,10.0,9.0,4.0,8.0
2014-495,Dubai,Hard,32,500,O,20140224,6,SA93,,,Andreas Seppi,R,191.0,ITA,30.01,31.0,1210.0,MB02,,,Florian Mayer,R,191.0,GER,30.39,30.0,1245.0,4-6 6-1 7-5,3,R32,118.0,5.0,2.0,90.0,43.0,30.0,27.0,15.0,6.0,9.0,3.0,2.0,98.0,54.0,30.0,24.0,14.0,12.0,17.0
2014-495,Dubai,Hard,32,500,O,20140224,7,J267,,WC,Malek Jaziri,R,185.0,TUN,30.097,137.0,412.0,SF36,,,Igor Sijsling,R,191.0,NED,26.522,53.0,846.0,0-6 6-4 7-6(4),3,R32,112.0,6.0,7.0,105.0,52.0,37.0,24.0,14.0,8.0,12.0,7.0,2.0,79.0,51.0,38.0,16.0,14.0,2.0,4.0
2014-495,Dubai,Hard,32,500,O,20140224,8,D616,,WC,Somdev Devvarman,R,180.0,IND,29.029,78.0,662.0,D683,2.0,,Juan Martin del Potro,R,198.0,ARG,25.421,5.0,4960.0,7-6(3) RET,3,R32,67.0,5.0,1.0,43.0,19.0,12.0,16.0,6.0,3.0,4.0,4.0,0.0,42.0,24.0,17.0,11.0,6.0,4.0,5.0
2014-495,Dubai,Hard,32,500,O,20140224,9,BD06,,,Roberto Bautista Agut,R,183.0,ESP,25.864,51.0,885.0,U061,,Q,Adrian Ungur,R,178.0,ROU,29.09,126.0,469.0,6-1 6-3,3,R32,66.0,3.0,2.0,51.0,34.0,26.0,8.0,8.0,5.0,6.0,2.0,6.0,56.0,30.0,15.0,10.0,8.0,7.0,12.0
2014-495,Dubai,Hard,32,500,O,20140224,10,W503,,WC,James Ward,R,188.0,GBR,27.042,177.0,291.0,G681,,,Teymuraz Gabashvili,R,185.0,GEO,28.758,60.0,761.0,2-6 6-4 7-6(6),3,R32,141.0,6.0,3.0,100.0,68.0,46.0,14.0,15.0,3.0,7.0,7.0,4.0,104.0,61.0,43.0,19.0,15.0,7.0,10.0
2014-495,Dubai,Hard,32,500,O,20140224,11,Y061,6.0,,Mikhail Youzhny,R,183.0,RUS,31.669,15.0,2100.0,P701,,,Michal Przysiezny,R,185.0,POL,30.023,75.0,685.0,6-3 6-4,3,R32,74.0,2.0,2.0,51.0,28.0,21.0,16.0,9.0,2.0,3.0,3.0,3.0,57.0,34.0,19.0,12.0,10.0,3.0,7.0
2014-495,Dubai,Hard,32,500,O,20140224,12,F324,4.0,,Roger Federer,R,185.0,SUI,32.548,8.0,4305.0,B896,,,Benjamin Becker,R,178.0,GER,32.693,90.0,605.0,6-1 6-4,3,R32,62.0,5.0,2.0,50.0,31.0,26.0,12.0,9.0,1.0,1.0,1.0,3.0,62.0,34.0,21.0,13.0,8.0,1.0,4.0
2014-495,Dubai,Hard,32,500,O,20140224,13,S694,,,Radek Stepanek,R,185.0,CZE,35.244,48.0,925.0,R368,,,Michael Russell,R,173.0,USA,35.819,106.0,537.0,5-7 6-3 6-1,3,R32,122.0,4.0,1.0,86.0,52.0,35.0,18.0,14.0,2.0,5.0,3.0,4.0,87.0,45.0,24.0,21.0,14.0,4.0,10.0
2014-495,Dubai,Hard,32,500,O,20140224,14,R685,,,Lukas Rosol,R,193.0,CZE,28.589,49.0,906.0,BC72,,,Daniel Brands,R,196.0,GER,26.609,69.0,719.0,7-6(4) 6-4,3,R32,75.0,9.0,3.0,70.0,42.0,34.0,15.0,11.0,3.0,4.0,10.0,3.0,72.0,47.0,34.0,14.0,11.0,3.0,5.0
2014-495,Dubai,Hard,32,500,O,20140224,15,T315,8.0,,Dmitry Tursunov,R,185.0,RUS,31.203,29.0,1257.0,L797,,Q,Lukas Lacko,R,188.0,SVK,26.311,101.0,552.0,7-5 6-1,3,R32,70.0,7.0,3.0,59.0,19.0,15.0,28.0,10.0,4.0,4.0,6.0,0.0,54.0,30.0,20.0,11.0,9.0,2.0,5.0
2014-495,Dubai,Hard,32,500,O,20140224,16,T786,5.0,,Jo-Wilfried Tsonga,R,188.0,FRA,28.857,10.0,2785.0,H528,,,Victor Hanescu,R,198.0,ROU,32.597,80.0,661.0,6-2 6-4,3,R32,72.0,5.0,0.0,47.0,27.0,22.0,12.0,9.0,0.0,1.0,1.0,1.0,58.0,38.0,23.0,6.0,9.0,6.0,10.0
2014-495,Dubai,Hard,32,500,O,20140224,17,D643,1.0,,Novak Djokovic,R,188.0,SRB,26.762,2.0,10580.0,BD06,,,Roberto Bautista Agut,R,183.0,ESP,25.864,51.0,885.0,6-1 6-3,3,R16,58.0,4.0,2.0,47.0,34.0,26.0,6.0,8.0,1.0,2.0,0.0,1.0,46.0,31.0,13.0,8.0,8.0,3.0,8.0
2014-495,Dubai,Hard,32,500,O,20140224,18,Y061,6.0,,Mikhail Youzhny,R,183.0,RUS,31.669,15.0,2100.0,W503,,WC,James Ward,R,188.0,GBR,27.042,177.0,291.0,6-1 7-6(3),3,R16,95.0,4.0,1.0,64.0,35.0,29.0,15.0,10.0,0.0,1.0,3.0,2.0,64.0,36.0,25.0,11.0,9.0,4.0,7.0
2014-495,Dubai,Hard,32,500,O,20140224,19,F324,4.0,,Roger Federer,R,185.0,SUI,32.548,8.0,4305.0,S694,,,Radek Stepanek,R,185.0,CZE,35.244,48.0,925.0,6-2 6-7(4) 6-3,3,R16,129.0,8.0,5.0,87.0,54.0,39.0,16.0,14.0,4.0,8.0,3.0,3.0,97.0,48.0,30.0,20.0,15.0,4.0,12.0
2014-495,Dubai,Hard,32,500,O,20140224,20,R685,,,Lukas Rosol,R,193.0,CZE,28.589,49.0,906.0,T315,8.0,,Dmitry Tursunov,R,185.0,RUS,31.203,29.0,1257.0,6-4 7-6(4),3,R16,89.0,14.0,4.0,77.0,45.0,36.0,19.0,11.0,5.0,5.0,11.0,3.0,88.0,47.0,33.0,22.0,11.0,4.0,5.0
2014-495,Dubai,Hard,32,500,O,20140224,21,T786,5.0,,Jo-Wilfried Tsonga,R,188.0,FRA,28.857,10.0,2785.0,D402,,,Nikolay Davydenko,R,178.0,RUS,32.731,63.0,735.0,W/O,3,R16,,14.0,4.0,77.0,45.0,36.0,19.0,11.0,5.0,5.0,11.0,3.0,88.0,47.0,33.0,22.0,11.0,4.0,5.0
2014-495,Dubai,Hard,32,500,O,20140224,22,BA47,3.0,,Tomas Berdych,R,196.0,CZE,28.438,6.0,4890.0,SC77,,,Sergiy Stakhovsky,R,193.0,UKR,28.134,88.0,619.0,6-2 6-1,3,R16,57.0,1.0,0.0,40.0,15.0,12.0,17.0,8.0,0.0,1.0,2.0,2.0,40.0,19.0,10.0,8.0,7.0,4.0,9.0
2014-495,Dubai,Hard,32,500,O,20140224,23,K435,7.0,,Philipp Kohlschreiber,R,178.0,GER,30.36,26.0,1375.0,SA93,,,Andreas Seppi,R,191.0,ITA,30.01,31.0,1210.0,6-3 6-3,3,R16,80.0,5.0,0.0,71.0,41.0,32.0,15.0,9.0,4.0,4.0,7.0,1.0,61.0,38.0,24.0,10.0,9.0,1.0,4.0
2014-495,Dubai,Hard,32,500,O,20140224,24,J267,,WC,Malek Jaziri,R,185.0,TUN,30.097,137.0,412.0,D616,,WC,Somdev Devvarman,R,180.0,IND,29.029,78.0,662.0,6-3 7-5,3,R16,95.0,9.0,0.0,69.0,36.0,25.0,19.0,10.0,8.0,10.0,4.0,3.0,64.0,32.0,19.0,15.0,11.0,4.0,9.0
2014-495,Dubai,Hard,32,500,O,20140224,25,D643,1.0,,Novak Djokovic,R,188.0,SRB,26.762,2.0,10580.0,Y061,6.0,,Mikhail Youzhny,R,183.0,RUS,31.669,15.0,2100.0,W/O,3,QF,,9.0,0.0,69.0,36.0,25.0,19.0,10.0,8.0,10.0,4.0,3.0,64.0,32.0,19.0,15.0,11.0,4.0,9.0
2014-495,Dubai,Hard,32,500,O,20140224,26,F324,4.0,,Roger Federer,R,185.0,SUI,32.548,8.0,4305.0,R685,,,Lukas Rosol,R,193.0,CZE,28.589,49.0,906.0,6-2 6-2,3,QF,58.0,4.0,1.0,48.0,30.0,24.0,8.0,8.0,1.0,2.0,2.0,2.0,55.0,27.0,13.0,11.0,8.0,6.0,11.0
2014-495,Dubai,Hard,32,500,O,20140224,27,BA47,3.0,,Tomas Berdych,R,196.0,CZE,28.438,6.0,4890.0,T786,5.0,,Jo-Wilfried Tsonga,R,188.0,FRA,28.857,10.0,2785.0,6-4 6-3,3,QF,88.0,3.0,3.0,64.0,40.0,30.0,15.0,10.0,5.0,5.0,5.0,3.0,61.0,29.0,24.0,14.0,9.0,5.0,7.0
2014-495,Dubai,Hard,32,500,O,20140224,28,K435,7.0,,Philipp Kohlschreiber,R,178.0,GER,30.36,26.0,1375.0,J267,,WC,Malek Jaziri,R,185.0,TUN,30.097,137.0,412.0,6-2 6-3,3,QF,72.0,2.0,1.0,51.0,28.0,26.0,13.0,9.0,0.0,0.0,3.0,5.0,50.0,21.0,12.0,14.0,8.0,1.0,4.0
2014-495,Dubai,Hard,32,500,O,20140224,29,F324,4.0,,Roger Federer,R,185.0,SUI,32.548,8.0,4305.0,D643,1.0,,Novak Djokovic,R,188.0,SRB,26.762,2.0,10580.0,3-6 6-3 6-2,3,SF,106.0,7.0,0.0,77.0,46.0,35.0,18.0,13.0,5.0,6.0,5.0,2.0,86.0,53.0,36.0,19.0,13.0,4.0,7.0
2014-495,Dubai,Hard,32,500,O,20140224,30,BA47,3.0,,Tomas Berdych,R,196.0,CZE,28.438,6.0,4890.0,K435,7.0,,Philipp Kohlschreiber,R,178.0,GER,30.36,26.0,1375.0,7-5 7-5,3,SF,89.0,5.0,1.0,64.0,39.0,32.0,14.0,12.0,0.0,1.0,1.0,0.0,69.0,36.0,25.0,20.0,12.0,4.0,7.0
2014-495,Dubai,Hard,32,500,O,20140224,31,F324,4.0,,Roger Federer,R,185.0,SUI,32.548,8.0,4305.0,BA47,3.0,,Tomas Berdych,R,196.0,CZE,28.438,6.0,4890.0,3-6 6-4 6-3,3,F,119.0,8.0,1.0,84.0,43.0,36.0,19.0,14.0,7.0,10.0,5.0,1.0,85.0,41.0,27.0,20.0,14.0,6.0,10.0
2014-533,Sao Paulo,Clay,28,250,I,20140224,1,S843,,Q,Potito Starace,R,188.0,ITA,32.616,152.0,354.0,G892,,,Alejandro Gonzalez,R,191.0,COL,25.046,76.0,676.0,4-6 6-2 6-3,3,R32,110.0,3.0,1.0,88.0,64.0,43.0,12.0,13.0,5.0,7.0,6.0,2.0,91.0,59.0,39.0,13.0,14.0,7.0,12.0
2014-533,Sao Paulo,Clay,28,250,I,20140224,2,SG64,,WC,Joao Souza,R,193.0,BRA,25.747,129.0,458.0,H756,5.0,,Robin Haase,R,191.0,NED,26.888,45.0,957.0,7-5 6-4,3,R32,103.0,4.0,0.0,66.0,48.0,40.0,8.0,11.0,4.0,4.0,3.0,0.0,74.0,43.0,32.0,14.0,11.0,3.0,5.0
2014-533,Sao Paulo,Clay,28,250,I,20140224,3,M824,,,Albert Montanes,R,175.0,ESP,33.246,68.0,726.0,BH09,,,Aljaz Bedene,R,183.0,SLO,24.605,103.0,548.0,6-2 6-2,3,R32,60.0,0.0,0.0,40.0,30.0,25.0,8.0,8.0,3.0,3.0,1.0,1.0,43.0,20.0,13.0,11.0,8.0,0.0,4.0
2014-533,Sao Paulo,Clay,28,250,I,20140224,4,D874,,,Federico Delbonis,L,193.0,ARG,23.389,61.0,744.0,V254,,,Filippo Volandri,R,183.0,ITA,32.471,82.0,658.0,6-1 6-2,3,R32,47.0,8.0,1.0,40.0,30.0,25.0,6.0,8.0,2.0,3.0,2.0,1.0,39.0,24.0,11.0,4.0,7.0,2.0,7.0
2014-533,Sao Paulo,Clay,28,250,I,20140224,5,Z184,,,Horacio Zeballos,L,188.0,ARG,28.83,116.0,500.0,C882,,,Pablo Cuevas,R,180.0,URU,28.148,197.0,260.0,7-6(3) 3-6 6-3,3,R32,127.0,5.0,0.0,109.0,56.0,43.0,31.0,15.0,8.0,9.0,18.0,2.0,80.0,44.0,39.0,24.0,15.0,0.0,1.0
2014-533,Sao Paulo,Clay,28,250,I,20140224,6,PC11,,,Guido Pella,L,183.0,ARG,23.775,113.0,513.0,MD56,7.0,,Leonardo Mayer,R,191.0,ARG,26.782,59.0,764.0,7-6(4) 6-7(3) 7-6(4),3,R32,154.0,9.0,1.0,123.0,78.0,65.0,25.0,18.0,6.0,7.0,11.0,7.0,120.0,77.0,64.0,22.0,18.0,2.0,3.0
2014-533,Sao Paulo,Clay,28,250,I,20140224,7,R772,,,Albert Ramos-Vinolas,L,188.0,ESP,26.105,86.0,623.0,E698,,Q,Gastao Elias,R,180.0,POR,23.253,169.0,302.0,6-3 3-6 6-2,3,R32,131.0,2.0,3.0,88.0,56.0,37.0,19.0,13.0,4.0,6.0,6.0,2.0,89.0,42.0,33.0,21.0,13.0,7.0,11.0
2014-533,Sao Paulo,Clay,28,250,I,20140224,8,L503,,,Paolo Lorenzi,R,183.0,ITA,32.194,114.0,512.0,R750,,Q,Pere Riba,R,183.0,ESP,25.884,127.0,468.0,7-5 6-3,3,R32,99.0,6.0,2.0,71.0,41.0,32.0,19.0,11.0,3.0,3.0,9.0,2.0,72.0,37.0,28.0,19.0,10.0,5.0,7.0
2014-533,Sao Paulo,Clay,28,250,I,20140224,9,SC73,,Q,Rogerio Dutra Silva,R,178.0,BRA,30.053,147.0,367.0,G476,6.0,,Guillermo Garcia-Lopez,R,185.0,ESP,30.727,52.0,861.0,1-6 7-5 6-3,3,R32,138.0,4.0,2.0,115.0,77.0,48.0,19.0,14.0,12.0,15.0,4.0,5.0,91.0,43.0,30.0,25.0,14.0,5.0,8.0
2014-533,Sao Paulo,Clay,28,250,I,20140224,10,BD20,,WC,Thomaz Bellucci,L,188.0,BRA,26.155,108.0,532.0,G725,8.0,,Santiago Giraldo,R,188.0,COL,26.245,58.0,773.0,4-6 7-5 6-3,3,R32,126.0,6.0,1.0,91.0,56.0,38.0,23.0,16.0,4.0,7.0,2.0,1.0,86.0,55.0,37.0,16.0,15.0,6.0,10.0
2014-533,Sao Paulo,Clay,28,250,I,20140224,11,H804,,,Andreas Haider-Maurer,R,191.0,AUT,26.93,110.0,521.0,R782,,,Julian Reister,R,188.0,GER,27.899,109.0,524.0,6-2 4-6 6-1,3,R32,109.0,8.0,0.0,93.0,56.0,43.0,17.0,13.0,6.0,7.0,3.0,1.0,68.0,43.0,28.0,12.0,12.0,4.0,8.0
2014-533,Sao Paulo,Clay,28,250,I,20140224,12,K966,,,Martin Klizan,L,191.0,SVK,24.624,97.0,579.0,CC32,,WC,Guilherme Clezar,R,180.0,BRA,21.15,166.0,321.0,6-4 6-3,3,R32,71.0,12.0,7.0,57.0,26.0,23.0,19.0,10.0,2.0,2.0,3.0,0.0,50.0,32.0,25.0,8.0,9.0,0.0,2.0
2014-533,Sao Paulo,Clay,28,250,I,20140224,13,H355,1.0,,Tommy Haas,R,188.0,GER,35.896,12.0,2435.0,S843,,Q,Potito Starace,R,188.0,ITA,32.616,152.0,354.0,7-6(2) 6-3,3,R16,90.0,5.0,3.0,68.0,40.0,35.0,13.0,10.0,1.0,1.0,6.0,2.0,78.0,52.0,36.0,13.0,11.0,6.0,8.0
2014-533,Sao Paulo,Clay,28,250,I,20140224,14,Z184,,,Horacio Zeballos,L,188.0,ARG,28.83,116.0,500.0,PC11,,,Guido Pella,L,183.0,ARG,23.775,113.0,513.0,6-3 6-4,3,R16,74.0,6.0,0.0,53.0,39.0,33.0,6.0,10.0,1.0,2.0,6.0,1.0,58.0,37.0,25.0,9.0,9.0,7.0,10.0
2014-533,Sao Paulo,Clay,28,250,I,20140224,15,MA21,4.0,,Juan Monaco,R,185.0,ARG,29.908,43.0,1000.0,R772,,,Albert Ramos-Vinolas,L,188.0,ESP,26.105,86.0,623.0,7-6(4) 2-6 7-5,3,R16,173.0,5.0,4.0,129.0,85.0,53.0,23.0,16.0,14.0,18.0,5.0,4.0,108.0,65.0,42.0,21.0,16.0,4.0,7.0
2014-533,Sao Paulo,Clay,28,250,I,20140224,16,L503,,,Paolo Lorenzi,R,183.0,ITA,32.194,114.0,512.0,SC73,,Q,Rogerio Dutra Silva,R,178.0,BRA,30.053,147.0,367.0,6-4 6-3,3,R16,71.0,1.0,3.0,51.0,26.0,22.0,14.0,10.0,0.0,2.0,1.0,2.0,45.0,29.0,16.0,8.0,9.0,0.0,4.0
2014-533,Sao Paulo,Clay,28,250,I,20140224,17,BD20,,WC,Thomaz Bellucci,L,188.0,BRA,26.155,108.0,532.0,H804,,,Andreas Haider-Maurer,R,191.0,AUT,26.93,110.0,521.0,7-6(4) 5-7 6-3,3,R16,157.0,16.0,1.0,103.0,65.0,50.0,22.0,17.0,6.0,8.0,6.0,4.0,122.0,63.0,48.0,29.0,16.0,7.0,9.0
2014-533,Sao Paulo,Clay,28,250,I,20140224,18,K966,,,Martin Klizan,L,191.0,SVK,24.624,97.0,579.0,G710,3.0,,Marcel Granollers,R,191.0,ESP,27.871,36.0,1120.0,6-4 6-3,3,R16,86.0,4.0,3.0,67.0,34.0,25.0,18.0,10.0,5.0,7.0,1.0,1.0,54.0,25.0,15.0,13.0,9.0,0.0,4.0
2014-533,Sao Paulo,Clay,28,250,I,20140224,19,M824,,,Albert Montanes,R,175.0,ESP,33.246,68.0,726.0,SG64,,WC,Joao Souza,R,193.0,BRA,25.747,129.0,458.0,6-4 2-3 RET,3,R16,72.0,2.0,1.0,41.0,27.0,21.0,9.0,7.0,3.0,3.0,2.0,0.0,47.0,33.0,26.0,7.0,8.0,3.0,4.0
2014-533,Sao Paulo,Clay,28,250,I,20140224,20,D874,,,Federico Delbonis,L,193.0,ARG,23.389,61.0,744.0,A479,2.0,,Nicolas Almagro,R,183.0,ESP,28.512,17.0,1930.0,3-6 6-3 6-2,3,R16,91.0,10.0,0.0,82.0,56.0,44.0,12.0,13.0,9.0,10.0,10.0,5.0,69.0,38.0,32.0,13.0,13.0,2.0,5.0
2014-533,Sao Paulo,Clay,28,250,I,20140224,21,H355,1.0,,Tommy Haas,R,188.0,GER,35.896,12.0,2435.0,Z184,,,Horacio Zeballos,L,188.0,ARG,28.83,116.0,500.0,6-3 5-7 6-2,3,QF,102.0,10.0,4.0,81.0,43.0,37.0,25.0,15.0,5.0,6.0,7.0,2.0,85.0,51.0,40.0,14.0,14.0,3.0,6.0
2014-533,Sao Paulo,Clay,28,250,I,20140224,22,L503,,,Paolo Lorenzi,R,183.0,ITA,32.194,114.0,512.0,MA21,4.0,,Juan Monaco,R,185.0,ARG,29.908,43.0,1000.0,7-6(6) 6-7(4) 6-4,3,QF,154.0,12.0,4.0,99.0,58.0,46.0,22.0,17.0,2.0,6.0,0.0,2.0,114.0,79.0,51.0,16.0,17.0,2.0,7.0
2014-533,Sao Paulo,Clay,28,250,I,20140224,23,BD20,,WC,Thomaz Bellucci,L,188.0,BRA,26.155,108.0,532.0,K966,,,Martin Klizan,L,191.0,SVK,24.624,97.0,579.0,6-3 6-3,3,QF,75.0,5.0,2.0,47.0,30.0,29.0,7.0,9.0,0.0,0.0,4.0,3.0,65.0,36.0,26.0,12.0,9.0,5.0,8.0
2014-533,Sao Paulo,Clay,28,250,I,20140224,24,D874,,,Federico Delbonis,L,193.0,ARG,23.389,61.0,744.0,M824,,,Albert Montanes,R,175.0,ESP,33.246,68.0,726.0,6-4 6-3,3,QF,66.0,6.0,0.0,50.0,28.0,22.0,15.0,10.0,0.0,1.0,0.0,1.0,62.0,47.0,26.0,9.0,9.0,6.0,9.0
2014-533,Sao Paulo,Clay,28,250,I,20140224,25,L503,,,Paolo Lorenzi,R,183.0,ITA,32.194,114.0,512.0,H355,1.0,,Tommy Haas,R,188.0,GER,35.896,12.0,2435.0,6-3 3-2 RET,3,SF,62.0,6.0,1.0,42.0,20.0,16.0,13.0,7.0,0.0,0.0,2.0,2.0,48.0,28.0,20.0,8.0,7.0,1.0,3.0
2014-533,Sao Paulo,Clay,28,250,I,20140224,26,D874,,,Federico Delbonis,L,193.0,ARG,23.389,61.0,744.0,BD20,,WC,Thomaz Bellucci,L,188.0,BRA,26.155,108.0,532.0,6-4 6-7(5) 6-4,3,SF,130.0,8.0,2.0,92.0,57.0,42.0,24.0,16.0,0.0,2.0,6.0,6.0,97.0,56.0,41.0,23.0,16.0,3.0,7.0
2014-533,Sao Paulo,Clay,28,250,I,20140224,27,D874,,,Federico Delbonis,L,193.0,ARG,23.389,61.0,744.0,L503,,,Paolo Lorenzi,R,183.0,ITA,32.194,114.0,512.0,4-6 6-3 6-4,3,F,127.0,12.0,0.0,87.0,55.0,46.0,19.0,15.0,2.0,3.0,6.0,3.0,87.0,49.0,33.0,23.0,14.0,1.0,3.0
2014-807,Acapulco,Hard,32,500,O,20140224,1,F401,1.0,,David Ferrer,R,175.0,ESP,31.899,4.0,5370.0,K926,,,Mikhail Kukushkin,R,183.0,KAZ,26.166,57.0,781.0,6-2 6-3,3,R32,88.0,5.0,1.0,56.0,38.0,29.0,11.0,9.0,2.0,2.0,1.0,3.0,82.0,45.0,27.0,16.0,8.0,13.0,16.0
2014-807,Acapulco,Hard,32,500,O,20140224,2,GB88,,Q,David Goffin,R,180.0,BEL,23.217,107.0,532.0,K540,,,Lukasz Kubot,R,191.0,POL,31.778,83.0,651.0,6-4 2-6 6-4,3,R32,117.0,12.0,6.0,87.0,58.0,37.0,10.0,14.0,5.0,10.0,12.0,5.0,93.0,62.0,40.0,14.0,14.0,9.0,14.0
2014-807,Acapulco,Hard,32,500,O,20140224,3,B837,,WC,Marcos Baghdatis,R,178.0,CYP,28.69,149.0,365.0,R736,,WC,Miguel Reyes-Varela,R,175.0,MEX,26.68,502.0,69.0,6-2 6-4,3,R32,72.0,6.0,2.0,53.0,24.0,22.0,14.0,9.0,1.0,2.0,0.0,1.0,53.0,27.0,17.0,11.0,9.0,4.0,8.0
2014-807,Acapulco,Hard,32,500,O,20140224,4,D875,4.0,,Grigor Dimitrov,R,191.0,BUL,22.779,22.0,1675.0,ME05,,,Marinko Matosevic,R,193.0,AUS,28.548,71.0,709.0,7-5 6-1,3,R32,79.0,7.0,6.0,64.0,38.0,28.0,14.0,10.0,3.0,4.0,6.0,4.0,58.0,38.0,24.0,6.0,9.0,2.0,6.0
2014-807,Acapulco,Hard,32,500,O,20140224,5,SD32,6.0,,Gilles Simon,R,183.0,FRA,29.161,23.0,1485.0,SF62,,Q,Tim Smyczek,R,175.0,USA,26.155,105.0,537.0,6-1 6-2,3,R32,66.0,1.0,0.0,42.0,18.0,16.0,18.0,8.0,3.0,3.0,2.0,0.0,62.0,42.0,23.0,8.0,7.0,6.0,10.0
2014-807,Acapulco,Hard,32,500,O,20140224,6,Y124,,LL,Donald Young,L,183.0,USA,24.591,91.0,602.0,N289,,,Jarkko Nieminen,L,185.0,FIN,32.591,41.0,1020.0,6-3 6-3,3,R32,66.0,1.0,2.0,48.0,39.0,26.0,3.0,9.0,1.0,4.0,1.0,5.0,61.0,32.0,17.0,10.0,9.0,5.0,11.0
2014-807,Acapulco,Hard,32,500,O,20140224,7,SH90,,,Joao Sousa,R,185.0,POR,24.906,44.0,991.0,ME82,,,Adrian Mannarino,L,180.0,FRA,25.656,67.0,726.0,1-6 6-2 6-2,3,R32,96.0,2.0,2.0,73.0,45.0,31.0,12.0,11.0,5.0,8.0,3.0,2.0,69.0,41.0,26.0,12.0,12.0,3.0,8.0
2014-807,Acapulco,Hard,32,500,O,20140224,8,MC10,2.0,,Andy Murray,R,191.0,GBR,26.782,7.0,4795.0,A596,,,Pablo Andujar,R,180.0,ESP,28.088,34.0,1166.0,3-6 6-1 6-2,3,R32,121.0,7.0,4.0,81.0,50.0,35.0,14.0,12.0,7.0,10.0,0.0,3.0,86.0,58.0,31.0,12.0,12.0,9.0,15.0
2014-807,Acapulco,Hard,32,500,O,20140224,9,L397,,,Feliciano Lopez,L,188.0,ESP,32.43,37.0,1100.0,R613,,,Edouard Roger-Vasselin,R,185.0,FRA,30.242,35.0,1133.0,6-4 6-2,3,R32,81.0,15.0,3.0,64.0,31.0,26.0,18.0,9.0,7.0,8.0,2.0,5.0,62.0,36.0,23.0,10.0,9.0,5.0,9.0
2014-807,Acapulco,Hard,32,500,O,20140224,10,Q927,,,Sam Querrey,R,198.0,USA,26.385,56.0,800.0,H917,,WC,Tigre Hank,L,188.0,MEX,22.404,646.0,39.0,6-7(5) 6-4 6-3,3,R32,116.0,4.0,1.0,80.0,51.0,45.0,21.0,15.0,2.0,2.0,11.0,2.0,103.0,59.0,42.0,27.0,16.0,6.0,9.0
2014-807,Acapulco,Hard,32,500,O,20140224,11,A678,5.0,,Kevin Anderson,R,203.0,RSA,27.773,21.0,1685.0,R612,,Q,Stephane Robert,R,185.0,FRA,33.774,94.0,595.0,6-2 7-6(7),3,R32,85.0,8.0,2.0,63.0,42.0,36.0,13.0,10.0,0.0,0.0,7.0,4.0,64.0,30.0,24.0,20.0,10.0,4.0,6.0
2014-807,Acapulco,Hard,32,500,O,20140224,12,K336,,,Ivo Karlovic,R,211.0,CRO,34.99,55.0,827.0,I186,3.0,,John Isner,R,208.0,USA,28.832,13.0,2320.0,7-6(4) 7-6(5),3,R32,99.0,15.0,2.0,68.0,43.0,36.0,21.0,12.0,1.0,2.0,8.0,1.0,74.0,51.0,42.0,13.0,12.0,1.0,2.0
2014-807,Acapulco,Hard,32,500,O,20140224,13,SC56,,,Dudi Sela,R,175.0,ISR,28.893,73.0,703.0,F444,,Q,Alejandro Falla,L,185.0,COL,30.281,79.0,662.0,6-1 6-4,3,R32,76.0,2.0,2.0,49.0,29.0,22.0,10.0,9.0,1.0,3.0,2.0,3.0,54.0,27.0,15.0,8.0,8.0,3.0,8.0
2014-807,Acapulco,Hard,32,500,O,20140224,14,CA12,,,Jeremy Chardy,R,188.0,FRA,27.034,46.0,940.0,E690,,,Matthew Ebden,R,188.0,AUS,26.248,62.0,741.0,7-5 6-0,3,R32,66.0,7.0,1.0,52.0,30.0,24.0,15.0,9.0,1.0,1.0,2.0,4.0,46.0,22.0,14.0,11.0,9.0,1.0,5.0
2014-807,Acapulco,Hard,32,500,O,20140224,15,D801,,,Alexandr Dolgopolov,R,180.0,UKR,25.298,38.0,1070.0,PD07,8.0,,Vasek Pospisil,R,193.0,CAN,23.674,27.0,1359.0,6-2 6-2,3,R32,68.0,5.0,0.0,45.0,26.0,20.0,13.0,8.0,1.0,1.0,5.0,2.0,56.0,34.0,19.0,8.0,8.0,3.0,7.0
2014-807,Acapulco,Hard,32,500,O,20140224,16,G858,7.0,,Ernests Gulbis,R,191.0,LAT,25.487,18.0,1788.0,L575,,,Yen-Hsun Lu,R,180.0,TPE,30.533,47.0,930.0,6-1 6-1,3,R32,60.0,4.0,5.0,52.0,24.0,22.0,11.0,7.0,2.0,2.0,0.0,2.0,43.0,28.0,10.0,7.0,7.0,2.0,7.0
2014-807,Acapulco,Hard,32,500,O,20140224,17,F401,1.0,,David Ferrer,R,175.0,ESP,31.899,4.0,5370.0,L397,,,Feliciano Lopez,L,188.0,ESP,32.43,37.0,1100.0,7-6(1) 6-2,3,R16,83.0,2.0,1.0,66.0,46.0,34.0,14.0,10.0,2.0,2.0,4.0,3.0,53.0,36.0,27.0,7.0,10.0,0.0,2.0
2014-807,Acapulco,Hard,32,500,O,20140224,18,A678,5.0,,Kevin Anderson,R,203.0,RSA,27.773,21.0,1685.0,Q927,,,Sam Querrey,R,198.0,USA,26.385,56.0,800.0,7-6(2) 6-4,3,R16,85.0,11.0,3.0,60.0,40.0,37.0,13.0,11.0,0.0,0.0,3.0,3.0,73.0,46.0,35.0,12.0,11.0,3.0,4.0
2014-807,Acapulco,Hard,32,500,O,20140224,19,K336,,,Ivo Karlovic,R,211.0,CRO,34.99,55.0,827.0,SC56,,,Dudi Sela,R,175.0,ISR,28.893,73.0,703.0,7-6(4) 6-2,3,R16,80.0,16.0,2.0,60.0,38.0,35.0,13.0,10.0,3.0,3.0,2.0,4.0,60.0,38.0,25.0,15.0,10.0,2.0,4.0
2014-807,Acapulco,Hard,32,500,O,20140224,20,D801,,,Alexandr Dolgopolov,R,180.0,UKR,25.298,38.0,1070.0,CA12,,,Jeremy Chardy,R,188.0,FRA,27.034,46.0,940.0,6-3 6-4,3,R16,66.0,11.0,0.0,48.0,28.0,26.0,14.0,10.0,0.0,0.0,7.0,2.0,55.0,26.0,17.0,19.0,9.0,6.0,8.0
2014-807,Acapulco,Hard,32,500,O,20140224,21,G858,7.0,,Ernests Gulbis,R,191.0,LAT,25.487,18.0,1788.0,GB88,,Q,David Goffin,R,180.0,BEL,23.217,107.0,532.0,6-1 3-6 7-6(5),3,R16,140.0,22.0,3.0,107.0,69.0,52.0,16.0,14.0,10.0,12.0,2.0,6.0,109.0,55.0,38.0,28.0,14.0,7.0,10.0
2014-807,Acapulco,Hard,32,500,O,20140224,22,D875,4.0,,Grigor Dimitrov,R,191.0,BUL,22.779,22.0,1675.0,B837,,WC,Marcos Baghdatis,R,178.0,CYP,28.69,149.0,365.0,6-1 6-4,3,R16,60.0,1.0,1.0,50.0,32.0,24.0,10.0,9.0,0.0,1.0,2.0,5.0,46.0,21.0,14.0,9.0,8.0,0.0,4.0
2014-807,Acapulco,Hard,32,500,O,20140224,23,SD32,6.0,,Gilles Simon,R,183.0,FRA,29.161,23.0,1485.0,Y124,,LL,Donald Young,L,183.0,USA,24.591,91.0,602.0,6-4 6-3,3,R16,80.0,1.0,1.0,55.0,38.0,24.0,7.0,9.0,4.0,7.0,2.0,2.0,58.0,40.0,16.0,9.0,10.0,3.0,9.0
2014-807,Acapulco,Hard,32,500,O,20140224,24,MC10,2.0,,Andy Murray,R,191.0,GBR,26.782,7.0,4795.0,SH90,,,Joao Sousa,R,185.0,POR,24.906,44.0,991.0,6-3 6-4,3,R16,101.0,6.0,0.0,64.0,33.0,21.0,22.0,10.0,2.0,3.0,0.0,3.0,68.0,35.0,24.0,13.0,9.0,6.0,9.0
2014-807,Acapulco,Hard,32,500,O,20140224,25,A678,5.0,,Kevin Anderson,R,203.0,RSA,27.773,21.0,1685.0,F401,1.0,,David Ferrer,R,175.0,ESP,31.899,4.0,5370.0,2-6 4-2 RET,3,QF,76.0,3.0,1.0,47.0,28.0,21.0,6.0,7.0,3.0,6.0,0.0,1.0,42.0,27.0,17.0,8.0,7.0,3.0,5.0
2014-807,Acapulco,Hard,32,500,O,20140224,26,D801,,,Alexandr Dolgopolov,R,180.0,UKR,25.298,38.0,1070.0,K336,,,Ivo Karlovic,R,211.0,CRO,34.99,55.0,827.0,6-4 7-6(4),3,QF,100.0,11.0,3.0,74.0,42.0,34.0,21.0,11.0,3.0,3.0,18.0,4.0,73.0,50.0,42.0,10.0,11.0,7.0,8.0
2014-807,Acapulco,Hard,32,500,O,20140224,27,D875,4.0,,Grigor Dimitrov,R,191.0,BUL,22.779,22.0,1675.0,G858,7.0,,Ernests Gulbis,R,191.0,LAT,25.487,18.0,1788.0,4-6 7-6(2) 7-5,3,QF,160.0,4.0,7.0,114.0,71.0,50.0,18.0,17.0,7.0,12.0,15.0,12.0,101.0,64.0,49.0,8.0,17.0,2.0,7.0
2014-807,Acapulco,Hard,32,500,O,20140224,28,MC10,2.0,,Andy Murray,R,191.0,GBR,26.782,7.0,4795.0,SD32,6.0,,Gilles Simon,R,183.0,FRA,29.161,23.0,1485.0,1-6 7-6(4) 6-2,3,QF,155.0,5.0,3.0,96.0,51.0,35.0,20.0,14.0,3.0,9.0,2.0,2.0,78.0,44.0,24.0,19.0,13.0,0.0,5.0
2014-807,Acapulco,Hard,32,500,O,20140224,29,A678,5.0,,Kevin Anderson,R,203.0,RSA,27.773,21.0,1685.0,D801,,,Alexandr Dolgopolov,R,180.0,UKR,25.298,38.0,1070.0,6-1 5-7 6-4,3,SF,120.0,19.0,2.0,77.0,50.0,43.0,17.0,15.0,0.0,1.0,7.0,1.0,92.0,60.0,40.0,18.0,14.0,10.0,13.0
2014-807,Acapulco,Hard,32,500,O,20140224,30,D875,4.0,,Grigor Dimitrov,R,191.0,BUL,22.779,22.0,1675.0,MC10,2.0,,Andy Murray,R,191.0,GBR,26.782,7.0,4795.0,4-6 7-6(5) 7-6(3),3,SF,175.0,5.0,2.0,107.0,74.0,59.0,16.0,17.0,3.0,6.0,4.0,1.0,109.0,72.0,57.0,20.0,17.0,5.0,7.0
2014-807,Acapulco,Hard,32,500,O,20140224,31,D875,4.0,,Grigor Dimitrov,R,191.0,BUL,22.779,22.0,1675.0,A678,5.0,,Kevin Anderson,R,203.0,RSA,27.773,21.0,1685.0,7-6(1) 3-6 7-6(5),3,F,178.0,7.0,1.0,105.0,72.0,50.0,23.0,16.0,3.0,5.0,13.0,7.0,119.0,82.0,59.0,19.0,17.0,2.0,3.0
2014-404,Indian Wells Masters,Hard,96,M,O,20140306,1,S694,,,Radek Stepanek,R,185.0,CZE,35.272,50.0,925.0,I165,,,Denis Istomin,R,185.0,UZB,27.493,56.0,830.0,6-1 3-6 6-1,3,R128,116.0,4.0,0.0,84.0,44.0,34.0,20.0,12.0,5.0,6.0,3.0,5.0,77.0,43.0,30.0,12.0,11.0,3.0,7.0
2014-404,Indian Wells Masters,Hard,96,M,O,20140306,2,Q927,,,Sam Querrey,R,198.0,USA,26.412,57.0,800.0,K737,,Q,Alex Kuznetsov,R,183.0,USA,27.08,127.0,451.0,6-3 6-3,3,R128,69.0,8.0,1.0,53.0,26.0,22.0,18.0,9.0,2.0,2.0,4.0,0.0,59.0,40.0,25.0,10.0,9.0,3.0,6.0
2014-404,Indian Wells Masters,Hard,96,M,O,20140306,3,H432,,,Lleyton Hewitt,R,178.0,AUS,33.027,41.0,1020.0,E690,,,Matthew Ebden,R,188.0,AUS,26.275,62.0,741.0,7-6(2) 3-6 6-3,3,R128,133.0,4.0,10.0,89.0,49.0,31.0,17.0,15.0,7.0,14.0,4.0,8.0,98.0,50.0,32.0,19.0,15.0,8.0,15.0
2014-404,Indian Wells Masters,Hard,96,M,O,20140306,4,R368,,,Michael Russell,R,173.0,USA,35.847,107.0,537.0,Y124,,,Donald Young,L,183.0,USA,24.619,81.0,657.0,4-6 6-1 6-2,3,R128,113.0,1.0,5.0,67.0,36.0,25.0,17.0,12.0,1.0,4.0,2.0,3.0,86.0,50.0,28.0,13.0,13.0,10.0,17.0
2014-404,Indian Wells Masters,Hard,96,M,O,20140306,5,CA12,,,Jeremy Chardy,R,188.0,FRA,27.061,48.0,940.0,W522,,WC,Rhyne Williams,R,185.0,USA,22.957,153.0,366.0,7-6(5) 7-5,3,R128,101.0,13.0,5.0,65.0,36.0,33.0,18.0,12.0,0.0,1.0,13.0,4.0,86.0,63.0,45.0,10.0,12.0,3.0,5.0
2014-404,Indian Wells Masters,Hard,96,M,O,20140306,6,G725,,,Santiago Giraldo,R,188.0,COL,26.272,71.0,703.0,G676,,,Daniel Gimeno-Traver,R,183.0,ESP,28.578,97.0,582.0,6-3 4-6 6-4,3,R128,126.0,4.0,2.0,97.0,48.0,34.0,29.0,15.0,5.0,7.0,5.0,3.0,87.0,39.0,27.0,29.0,14.0,2.0,5.0
2014-404,Indian Wells Masters,Hard,96,M,O,20140306,7,MA21,,,Juan Monaco,R,185.0,ARG,29.936,43.0,1000.0,PB22,,Q,Peter Polansky,R,183.0,CAN,25.722,143.0,394.0,6-4 6-7(5) 6-4,3,R128,144.0,2.0,2.0,91.0,65.0,48.0,18.0,16.0,1.0,3.0,2.0,3.0,101.0,61.0,40.0,24.0,16.0,6.0,10.0
2014-404,Indian Wells Masters,Hard,96,M,O,20140306,8,M850,,Q,Paul-Henri Mathieu,R,185.0,FRA,32.145,123.0,477.0,G569,,Q,Robby Ginepri,R,183.0,USA,31.411,311.0,144.0,6-2 6-3,3,R128,83.0,4.0,2.0,68.0,37.0,26.0,17.0,9.0,5.0,6.0,1.0,3.0,58.0,38.0,23.0,6.0,8.0,4.0,8.0
2014-404,Indian Wells Masters,Hard,96,M,O,20140306,9,G681,,,Teymuraz Gabashvili,R,185.0,GEO,28.786,60.0,761.0,M873,,,Nicolas Mahut,R,191.0,FRA,32.12,39.0,1042.0,6-2 7-5,3,R128,89.0,2.0,1.0,64.0,47.0,33.0,6.0,10.0,3.0,6.0,5.0,3.0,73.0,49.0,24.0,9.0,10.0,3.0,9.0
2014-404,Indian Wells Masters,Hard,96,M,O,20140306,10,Z184,,,Horacio Zeballos,L,188.0,ARG,28.857,126.0,455.0,R548,,WC,Rajeev Ram,R,193.0,USA,29.966,141.0,402.0,6-3 7-6(4),3,R128,100.0,6.0,2.0,77.0,44.0,34.0,23.0,11.0,3.0,3.0,8.0,2.0,69.0,43.0,34.0,11.0,10.0,2.0,3.0
2014-404,Indian Wells Masters,Hard,96,M,O,20140306,11,L575,,,Yen-Hsun Lu,R,180.0,TPE,30.56,49.0,930.0,K839,,,Tobias Kamke,R,178.0,GER,27.792,94.0,591.0,6-0 6-4,3,R128,60.0,1.0,1.0,45.0,31.0,25.0,6.0,8.0,4.0,5.0,1.0,1.0,51.0,32.0,17.0,6.0,8.0,4.0,9.0
2014-404,Indian Wells Masters,Hard,96,M,O,20140306,12,SF62,,,Tim Smyczek,R,175.0,USA,26.182,105.0,545.0,SM25,,WC,Jack Sock,R,191.0,USA,21.446,102.0,562.0,6-4 1-6 6-4,3,R128,123.0,3.0,5.0,98.0,63.0,38.0,18.0,13.0,9.0,13.0,6.0,9.0,93.0,48.0,38.0,17.0,14.0,6.0,10.0
2014-404,Indian Wells Masters,Hard,96,M,O,20140306,13,D402,,,Nikolay Davydenko,R,178.0,RUS,32.758,73.0,690.0,GB88,,LL,David Goffin,R,180.0,BEL,23.244,95.0,587.0,7-6(5) 4-6 7-6(3),3,R128,150.0,8.0,4.0,117.0,72.0,47.0,20.0,17.0,6.0,12.0,2.0,8.0,118.0,64.0,43.0,27.0,17.0,4.0,9.0
2014-404,Indian Wells Masters,Hard,96,M,O,20140306,14,H756,,,Robin Haase,R,191.0,NED,26.916,46.0,957.0,SJ55,,Q,John-Patrick Smith,L,188.0,AUS,25.112,219.0,231.0,6-4 6-4,3,R128,84.0,1.0,3.0,51.0,28.0,25.0,16.0,10.0,0.0,0.0,4.0,2.0,73.0,44.0,32.0,13.0,10.0,5.0,7.0
2014-404,Indian Wells Masters,Hard,96,M,O,20140306,15,SH90,,,Joao Sousa,R,185.0,POR,24.934,45.0,991.0,N503,,,Aleksandr Nedovyesov,R,188.0,KAZ,27.053,79.0,661.0,6-4 6-1,3,R128,59.0,2.0,0.0,38.0,29.0,27.0,5.0,8.0,0.0,0.0,3.0,1.0,54.0,37.0,20.0,9.0,9.0,5.0,9.0
2014-404,Indian Wells Masters,Hard,96,M,O,20140306,16,N289,,,Jarkko Nieminen,L,185.0,FIN,32.619,40.0,1020.0,BC72,,,Daniel Brands,R,196.0,GER,26.637,84.0,629.0,4-6 6-2 6-2,3,R128,98.0,2.0,5.0,78.0,51.0,36.0,16.0,13.0,3.0,5.0,2.0,0.0,91.0,61.0,41.0,9.0,13.0,8.0,13.0
2014-404,Indian Wells Masters,Hard,96,M,O,20140306,17,BD06,,,Roberto Bautista Agut,R,183.0,ESP,25.892,53.0,885.0,J386,,WC,Steve Johnson,R,188.0,USA,24.197,119.0,492.0,6-3 6-3,3,R128,81.0,1.0,2.0,57.0,36.0,29.0,12.0,9.0,2.0,2.0,3.0,1.0,68.0,47.0,33.0,5.0,9.0,3.0,6.0
2014-404,Indian Wells Masters,Hard,96,M,O,20140306,18,L397,,,Feliciano Lopez,L,188.0,ESP,32.457,37.0,1100.0,SC56,,,Dudi Sela,R,175.0,ISR,28.92,61.0,748.0,7-5 6-3,3,R128,97.0,9.0,2.0,79.0,55.0,40.0,13.0,11.0,5.0,5.0,1.0,2.0,72.0,43.0,29.0,15.0,10.0,5.0,7.0
2014-404,Indian Wells Masters,Hard,96,M,O,20140306,19,K926,,,Mikhail Kukushkin,R,183.0,KAZ,26.193,58.0,781.0,G940,,Q,Sam Groth,R,193.0,AUS,26.379,176.0,285.0,6-4 2-6 7-6(4),3,R128,123.0,3.0,0.0,92.0,57.0,36.0,21.0,15.0,4.0,8.0,17.0,11.0,97.0,56.0,47.0,14.0,15.0,4.0,7.0
2014-404,Indian Wells Masters,Hard,96,M,O,20140306,20,TB69,,Q,Dominic Thiem,R,185.0,AUT,20.504,101.0,567.0,KC11,,Q,Daniel Kosakowski,R,185.0,USA,22.037,366.0,114.0,6-2 7-6(1),3,R128,89.0,4.0,1.0,56.0,27.0,24.0,21.0,10.0,2.0,2.0,4.0,2.0,63.0,42.0,29.0,7.0,10.0,2.0,4.0
2014-404,Indian Wells Masters,Hard,96,M,O,20140306,21,B747,,,Julien Benneteau,R,185.0,FRA,32.208,65.0,730.0,M915,,Q,Daniel Munoz de la Nava,L,175.0,ESP,32.099,287.0,157.0,3-6 6-1 6-3,3,R128,124.0,9.0,4.0,67.0,38.0,31.0,16.0,12.0,1.0,3.0,4.0,7.0,107.0,66.0,39.0,20.0,13.0,8.0,13.0
2014-404,Indian Wells Masters,Hard,96,M,O,20140306,22,ME05,,,Marinko Matosevic,R,193.0,AUS,28.575,69.0,709.0,KA98,,,Bradley Klahn,L,183.0,USA,23.543,64.0,731.0,6-4 6-4,3,R128,85.0,1.0,2.0,55.0,31.0,22.0,17.0,10.0,2.0,3.0,1.0,4.0,69.0,30.0,22.0,16.0,10.0,5.0,8.0
2014-404,Indian Wells Masters,Hard,96,M,O,20140306,23,SC77,,,Sergiy Stakhovsky,R,193.0,UKR,28.162,83.0,631.0,K540,,,Lukasz Kubot,R,191.0,POL,31.806,82.0,651.0,6-4 7-5,3,R128,88.0,1.0,1.0,59.0,41.0,30.0,12.0,11.0,2.0,3.0,4.0,4.0,65.0,39.0,29.0,12.0,11.0,6.0,9.0
2014-404,Indian Wells Masters,Hard,96,M,O,20140306,24,L503,,Q,Paolo Lorenzi,R,183.0,ITA,32.222,100.0,572.0,CD85,,,Pablo Carreno Busta,R,188.0,ESP,22.65,63.0,733.0,3-6 6-1 6-2,3,R128,95.0,4.0,2.0,66.0,44.0,35.0,13.0,12.0,1.0,2.0,1.0,3.0,74.0,49.0,35.0,8.0,12.0,3.0,7.0
2014-404,Indian Wells Masters,Hard,96,M,O,20140306,25,G892,,,Alejandro Gonzalez,R,191.0,COL,25.073,91.0,602.0,ME82,,,Adrian Mannarino,L,180.0,FRA,25.684,66.0,726.0,5-7 6-4 7-6(6),3,R128,163.0,9.0,2.0,126.0,82.0,52.0,21.0,17.0,7.0,12.0,3.0,5.0,126.0,76.0,52.0,21.0,17.0,8.0,13.0
2014-404,Indian Wells Masters,Hard,96,M,O,20140306,26,H528,,,Victor Hanescu,R,198.0,ROU,32.624,87.0,616.0,R612,,Q,Stephane Robert,R,185.0,FRA,33.802,96.0,586.0,7-5 3-6 6-4,3,R128,102.0,8.0,2.0,86.0,60.0,45.0,12.0,15.0,5.0,8.0,5.0,3.0,98.0,54.0,40.0,24.0,16.0,9.0,13.0
2014-404,Indian Wells Masters,Hard,96,M,O,20140306,27,H940,,WC,Ryan Harrison,R,185.0,USA,21.829,117.0,496.0,G806,,,Andrey Golubev,R,180.0,KAZ,26.623,70.0,705.0,6-4 7-5,3,R128,92.0,2.0,3.0,68.0,42.0,30.0,18.0,11.0,3.0,3.0,0.0,2.0,69.0,34.0,20.0,24.0,11.0,6.0,8.0
2014-404,Indian Wells Masters,Hard,96,M,O,20140306,28,R613,,,Edouard Roger-Vasselin,R,185.0,FRA,30.27,42.0,1003.0,B896,,,Benjamin Becker,R,178.0,GER,32.72,90.0,605.0,6-4 6-2,3,R128,73.0,2.0,1.0,59.0,36.0,28.0,12.0,9.0,6.0,7.0,6.0,2.0,46.0,22.0,17.0,8.0,9.0,1.0,5.0
2014-404,Indian Wells Masters,Hard,96,M,O,20140306,29,F444,,,Alejandro Falla,L,185.0,COL,30.308,75.0,682.0,D874,,,Federico Delbonis,L,193.0,ARG,23.417,44.0,994.0,6-3 6-4,3,R128,70.0,4.0,4.0,63.0,34.0,31.0,13.0,10.0,2.0,2.0,2.0,4.0,55.0,33.0,24.0,10.0,9.0,2.0,4.0
2014-404,Indian Wells Masters,Hard,96,M,O,20140306,30,V708,,,Jiri Vesely,L,198.0,CZE,20.654,77.0,667.0,SF36,,,Igor Sijsling,R,191.0,NED,26.549,55.0,846.0,3-6 6-4 7-6(1),3,R128,113.0,15.0,10.0,88.0,58.0,47.0,12.0,16.0,4.0,8.0,5.0,5.0,100.0,50.0,37.0,25.0,15.0,8.0,11.0
2014-404,Indian Wells Masters,Hard,96,M,O,20140306,31,R685,,,Lukas Rosol,R,193.0,CZE,28.616,47.0,951.0,L987,,Q,Dusan Lajovic,R,183.0,SRB,23.682,93.0,596.0,6-7(2) 7-5 6-4,3,R128,124.0,7.0,6.0,102.0,55.0,45.0,24.0,17.0,3.0,4.0,13.0,2.0,110.0,69.0,53.0,20.0,17.0,5.0,8.0
2014-404,Indian Wells Masters,Hard,96,M,O,20140306,32,K336,,,Ivo Karlovic,R,211.0,CRO,35.017,51.0,897.0,B842,,,Alex Bogomolov Jr.,R,178.0,RUS,30.869,92.0,598.0,6-4 6-4,3,R128,69.0,8.0,1.0,53.0,32.0,25.0,10.0,10.0,2.0,4.0,0.0,1.0,52.0,36.0,22.0,8.0,10.0,1.0,5.0
2014-404,Indian Wells Masters,Hard,96,M,O,20140306,33,N409,1.0,,Rafael Nadal,L,185.0,ESP,27.756,1.0,14085.0,S694,,,Radek Stepanek,R,185.0,CZE,35.272,50.0,925.0,2-6 6-4 7-5,3,R64,144.0,2.0,8.0,81.0,53.0,44.0,11.0,15.0,5.0,8.0,12.0,5.0,102.0,58.0,42.0,20.0,15.0,7.0,10.0
2014-404,Indian Wells Masters,Hard,96,M,O,20140306,34,D801,28.0,,Alexandr Dolgopolov,R,180.0,UKR,25.325,31.0,1205.0,SF62,,,Tim Smyczek,R,175.0,USA,26.182,105.0,545.0,7-6(3) 6-4,3,R64,88.0,9.0,3.0,78.0,39.0,29.0,19.0,11.0,5.0,7.0,4.0,4.0,81.0,56.0,33.0,14.0,11.0,2.0,5.0
2014-404,Indian Wells Masters,Hard,96,M,O,20140306,35,MC65,23.0,,Gael Monfils,R,193.0,FRA,27.51,25.0,1475.0,SC77,,,Sergiy Stakhovsky,R,193.0,UKR,28.162,83.0,631.0,6-2 6-4,3,R64,61.0,8.0,4.0,53.0,38.0,26.0,7.0,9.0,2.0,4.0,3.0,1.0,50.0,32.0,17.0,7.0,9.0,3.0,8.0
2014-404,Indian Wells Masters,Hard,96,M,O,20140306,36,F510,13.0,,Fabio Fognini,R,178.0,ITA,26.784,14.0,2230.0,H940,,WC,Ryan Harrison,R,185.0,USA,21.829,117.0,496.0,5-7 6-1 6-4,3,R64,126.0,7.0,5.0,101.0,68.0,43.0,19.0,15.0,7.0,10.0,9.0,3.0,93.0,53.0,37.0,17.0,14.0,6.0,11.0
2014-404,Indian Wells Masters,Hard,96,M,O,20140306,37,R975,10.0,,Milos Raonic,R,196.0,CAN,23.19,11.0,2485.0,R613,,,Edouard Roger-Vasselin,R,185.0,FRA,30.27,42.0,1003.0,7-6(4) 4-6 7-6(2),3,R64,145.0,33.0,5.0,102.0,59.0,53.0,25.0,17.0,2.0,3.0,3.0,1.0,106.0,70.0,49.0,28.0,17.0,0.0,0.0
2014-404,Indian Wells Masters,Hard,96,M,O,20140306,38,F444,,,Alejandro Falla,L,185.0,COL,30.308,75.0,682.0,J397,18.0,,Jerzy Janowicz,R,203.0,POL,23.31,20.0,1750.0,6-3 2-6 7-6(5),3,R64,123.0,7.0,4.0,95.0,54.0,36.0,23.0,15.0,5.0,9.0,10.0,8.0,88.0,47.0,36.0,20.0,14.0,2.0,5.0
2014-404,Indian Wells Masters,Hard,96,M,O,20140306,39,V708,,,Jiri Vesely,L,198.0,CZE,20.654,77.0,667.0,A596,32.0,,Pablo Andujar,R,180.0,ESP,28.115,35.0,1141.0,6-1 2-6 6-1,3,R64,106.0,6.0,6.0,69.0,37.0,26.0,16.0,11.0,5.0,8.0,0.0,4.0,77.0,52.0,31.0,6.0,11.0,10.0,16.0
2014-404,Indian Wells Masters,Hard,96,M,O,20140306,40,MC10,5.0,,Andy Murray,R,191.0,GBR,26.809,6.0,4885.0,R685,,,Lukas Rosol,R,193.0,CZE,28.616,47.0,951.0,4-6 6-3 6-2,3,R64,106.0,4.0,1.0,80.0,49.0,35.0,19.0,14.0,3.0,6.0,5.0,6.0,80.0,39.0,29.0,16.0,13.0,3.0,8.0
2014-404,Indian Wells Masters,Hard,96,M,O,20140306,41,W367,3.0,,Stan Wawrinka,R,183.0,SUI,28.939,3.0,5650.0,K336,,,Ivo Karlovic,R,211.0,CRO,35.017,51.0,897.0,6-3 7-5,3,R64,64.0,8.0,1.0,56.0,32.0,28.0,17.0,11.0,0.0,0.0,9.0,1.0,46.0,32.0,26.0,8.0,10.0,0.0,2.0
2014-404,Indian Wells Masters,Hard,96,M,O,20140306,42,SA93,29.0,,Andreas Seppi,R,191.0,ITA,30.037,32.0,1195.0,Q927,,,Sam Querrey,R,198.0,USA,26.412,57.0,800.0,4-6 7-6(3) 6-3,3,R64,132.0,3.0,4.0,107.0,61.0,48.0,25.0,16.0,10.0,12.0,11.0,8.0,96.0,50.0,40.0,21.0,15.0,3.0,5.0
2014-404,Indian Wells Masters,Hard,96,M,O,20140306,43,A678,17.0,,Kevin Anderson,R,203.0,RSA,27.8,18.0,1940.0,H432,,,Lleyton Hewitt,R,178.0,AUS,33.027,41.0,1020.0,7-6(5) 6-4,3,R64,110.0,7.0,2.0,72.0,46.0,36.0,14.0,11.0,1.0,1.0,2.0,2.0,78.0,42.0,31.0,21.0,11.0,10.0,11.0
2014-404,Indian Wells Masters,Hard,96,M,O,20140306,44,D864,,LL,Evgeny Donskoy,R,185.0,RUS,23.825,114.0,505.0,R368,,,Michael Russell,R,173.0,USA,35.847,107.0,537.0,6-4 6-3,3,R64,84.0,8.0,0.0,62.0,41.0,33.0,13.0,10.0,6.0,6.0,0.0,2.0,65.0,39.0,22.0,18.0,9.0,4.0,6.0
2014-404,Indian Wells Masters,Hard,96,M,O,20140306,45,H355,11.0,,Tommy Haas,R,188.0,GER,35.923,12.0,2435.0,CA12,,,Jeremy Chardy,R,188.0,FRA,27.061,48.0,940.0,6-3 6-4,3,R64,78.0,5.0,2.0,67.0,40.0,30.0,15.0,10.0,2.0,2.0,1.0,1.0,53.0,31.0,20.0,14.0,9.0,2.0,4.0
2014-404,Indian Wells Masters,Hard,96,M,O,20140306,46,N552,19.0,,Kei Nishikori,R,178.0,JPN,24.183,21.0,1715.0,G725,,,Santiago Giraldo,R,188.0,COL,26.272,71.0,703.0,6-1 6-3,3,R64,58.0,1.0,0.0,43.0,27.0,21.0,12.0,8.0,1.0,1.0,1.0,1.0,54.0,31.0,20.0,7.0,8.0,4.0,8.0
2014-404,Indian Wells Masters,Hard,96,M,O,20140306,47,T315,27.0,,Dmitry Tursunov,R,185.0,RUS,31.231,30.0,1212.0,MA21,,,Juan Monaco,R,185.0,ARG,29.936,43.0,1000.0,7-6(4) 6-4,3,R64,110.0,3.0,4.0,95.0,58.0,36.0,19.0,11.0,10.0,12.0,2.0,0.0,73.0,49.0,30.0,12.0,11.0,4.0,7.0
2014-404,Indian Wells Masters,Hard,96,M,O,20140306,48,F324,7.0,,Roger Federer,R,185.0,SUI,32.575,8.0,4625.0,M850,,Q,Paul-Henri Mathieu,R,185.0,FRA,32.145,123.0,477.0,6-2 7-6(5),3,R64,91.0,9.0,1.0,62.0,38.0,32.0,12.0,10.0,1.0,2.0,1.0,7.0,72.0,38.0,25.0,17.0,10.0,2.0,5.0
2014-404,Indian Wells Masters,Hard,96,M,O,20140306,49,G628,8.0,,Richard Gasquet,R,183.0,FRA,27.715,9.0,2950.0,G681,,,Teymuraz Gabashvili,R,185.0,GEO,28.786,60.0,761.0,6-0 2-0 RET,3,R64,35.0,1.0,0.0,20.0,11.0,10.0,7.0,4.0,1.0,1.0,0.0,0.0,26.0,16.0,6.0,2.0,4.0,3.0,7.0
2014-404,Indian Wells Masters,Hard,96,M,O,20140306,50,V306,30.0,,Fernando Verdasco,L,188.0,ESP,30.305,33.0,1190.0,Z184,,,Horacio Zeballos,L,188.0,ARG,28.857,126.0,455.0,7-5 7-5,3,R64,101.0,2.0,5.0,73.0,41.0,30.0,15.0,12.0,1.0,4.0,0.0,6.0,74.0,35.0,20.0,19.0,12.0,4.0,9.0
2014-404,Indian Wells Masters,Hard,96,M,O,20140306,51,L575,,,Yen-Hsun Lu,R,180.0,TPE,30.56,49.0,930.0,K435,22.0,,Philipp Kohlschreiber,R,178.0,GER,30.387,24.0,1510.0,6-2 6-2,3,R64,68.0,6.0,0.0,49.0,37.0,31.0,5.0,8.0,3.0,3.0,3.0,1.0,58.0,30.0,21.0,9.0,8.0,4.0,8.0
2014-404,Indian Wells Masters,Hard,96,M,O,20140306,52,I186,12.0,,John Isner,R,208.0,USA,28.86,13.0,2320.0,D402,,,Nikolay Davydenko,R,178.0,RUS,32.758,73.0,690.0,7-6(5) 6-3,3,R64,81.0,15.0,2.0,57.0,37.0,35.0,14.0,11.0,0.0,0.0,3.0,3.0,67.0,42.0,29.0,16.0,10.0,7.0,8.0
2014-404,Indian Wells Masters,Hard,96,M,O,20140306,53,D875,15.0,,Grigor Dimitrov,R,191.0,BUL,22.806,16.0,2130.0,H756,,,Robin Haase,R,191.0,NED,26.916,46.0,957.0,6-4 6-3,3,R64,71.0,9.0,2.0,47.0,23.0,20.0,16.0,10.0,0.0,1.0,2.0,5.0,67.0,42.0,27.0,10.0,9.0,4.0,7.0
2014-404,Indian Wells Masters,Hard,96,M,O,20140306,54,G858,20.0,,Ernests Gulbis,R,191.0,LAT,25.514,22.0,1616.0,SH90,,,Joao Sousa,R,185.0,POR,24.934,45.0,991.0,6-3 6-3,3,R64,65.0,10.0,3.0,42.0,25.0,25.0,11.0,9.0,0.0,0.0,1.0,2.0,59.0,30.0,23.0,12.0,9.0,5.0,8.0
2014-404,Indian Wells Masters,Hard,96,M,O,20140306,55,N289,,,Jarkko Nieminen,L,185.0,FIN,32.619,40.0,1020.0,MB02,26.0,,Florian Mayer,R,191.0,GER,30.418,29.0,1245.0,6-2 1-0 RET,3,R64,36.0,0.0,2.0,31.0,17.0,12.0,6.0,5.0,0.0,1.0,1.0,3.0,23.0,13.0,7.0,2.0,4.0,1.0,4.0
2014-404,Indian Wells Masters,Hard,96,M,O,20140306,56,BD06,,,Roberto Bautista Agut,R,183.0,ESP,25.892,53.0,885.0,BA47,4.0,,Tomas Berdych,R,196.0,CZE,28.465,5.0,4890.0,4-6 6-2 6-4,3,R64,143.0,2.0,4.0,107.0,70.0,47.0,17.0,14.0,12.0,15.0,6.0,2.0,91.0,48.0,34.0,17.0,14.0,9.0,14.0
2014-404,Indian Wells Masters,Hard,96,M,O,20140306,57,L397,,,Feliciano Lopez,L,188.0,ESP,32.457,37.0,1100.0,W503,,LL,James Ward,R,188.0,GBR,27.069,160.0,336.0,3-6 6-2 6-4,3,R64,122.0,9.0,5.0,96.0,56.0,41.0,21.0,13.0,9.0,10.0,9.0,1.0,85.0,52.0,40.0,13.0,14.0,5.0,8.0
2014-404,Indian Wells Masters,Hard,96,M,O,20140306,58,K926,,,Mikhail Kukushkin,R,183.0,KAZ,26.193,58.0,781.0,PD07,25.0,,Vasek Pospisil,R,193.0,CAN,23.702,27.0,1359.0,6-0 6-2,3,R64,65.0,2.0,0.0,43.0,22.0,17.0,16.0,7.0,4.0,4.0,2.0,1.0,50.0,28.0,15.0,6.0,7.0,5.0,10.0
2014-404,Indian Wells Masters,Hard,96,M,O,20140306,59,TB69,,Q,Dominic Thiem,R,185.0,AUT,20.504,101.0,567.0,SD32,21.0,,Gilles Simon,R,183.0,FRA,29.188,23.0,1565.0,7-6(5) 6-2,3,R64,99.0,7.0,4.0,62.0,31.0,26.0,18.0,10.0,2.0,3.0,5.0,4.0,80.0,40.0,28.0,18.0,10.0,7.0,10.0
2014-404,Indian Wells Masters,Hard,96,M,O,20140306,60,B747,,,Julien Benneteau,R,185.0,FRA,32.208,65.0,730.0,T786,9.0,,Jo-Wilfried Tsonga,R,188.0,FRA,28.884,10.0,2785.0,6-4 6-4,3,R64,85.0,2.0,4.0,62.0,35.0,28.0,12.0,10.0,1.0,3.0,7.0,2.0,64.0,34.0,22.0,14.0,10.0,8.0,12.0
2014-404,Indian Wells Masters,Hard,96,M,O,20140306,61,R419,16.0,,Tommy Robredo,R,180.0,ESP,31.847,17.0,2005.0,ME05,,,Marinko Matosevic,R,193.0,AUS,28.575,69.0,709.0,7-6(6) 5-7 6-4,3,R64,153.0,9.0,3.0,114.0,66.0,52.0,24.0,17.0,4.0,6.0,8.0,4.0,108.0,62.0,49.0,24.0,17.0,4.0,6.0
2014-404,Indian Wells Masters,Hard,96,M,O,20140306,62,C977,24.0,,Marin Cilic,R,198.0,CRO,25.435,26.0,1455.0,L503,,Q,Paolo Lorenzi,R,183.0,ITA,32.222,100.0,572.0,6-2 6-2,3,R64,71.0,6.0,1.0,44.0,24.0,18.0,13.0,8.0,0.0,1.0,2.0,2.0,52.0,30.0,17.0,6.0,8.0,8.0,13.0
2014-404,Indian Wells Masters,Hard,96,M,O,20140306,63,G892,,,Alejandro Gonzalez,R,191.0,COL,25.073,91.0,602.0,D646,31.0,,Ivan Dodig,R,183.0,CRO,29.172,34.0,1145.0,6-4 2-6 7-6(5),3,R64,138.0,3.0,4.0,102.0,54.0,35.0,25.0,15.0,3.0,7.0,13.0,8.0,95.0,48.0,37.0,24.0,15.0,4.0,7.0
2014-404,Indian Wells Masters,Hard,96,M,O,20140306,64,D643,2.0,,Novak Djokovic,R,188.0,SRB,26.79,2.0,10260.0,H528,,,Victor Hanescu,R,198.0,ROU,32.624,87.0,616.0,7-6(1) 6-2,3,R64,84.0,5.0,0.0,68.0,53.0,43.0,6.0,10.0,5.0,5.0,1.0,1.0,65.0,45.0,29.0,12.0,10.0,3.0,5.0
2014-404,Indian Wells Masters,Hard,96,M,O,20140306,65,D801,28.0,,Alexandr Dolgopolov,R,180.0,UKR,25.325,31.0,1205.0,N409,1.0,,Rafael Nadal,L,185.0,ESP,27.756,1.0,14085.0,6-3 3-6 7-6(5),3,R32,139.0,11.0,3.0,96.0,39.0,30.0,27.0,15.0,2.0,6.0,2.0,1.0,87.0,55.0,39.0,17.0,15.0,1.0,5.0
2014-404,Indian Wells Masters,Hard,96,M,O,20140306,66,F510,13.0,,Fabio Fognini,R,178.0,ITA,26.784,14.0,2230.0,MC65,23.0,,Gael Monfils,R,193.0,FRA,27.51,25.0,1475.0,6-2 3-6 7-5,3,R32,110.0,1.0,3.0,81.0,39.0,26.0,21.0,14.0,6.0,11.0,8.0,10.0,100.0,51.0,32.0,18.0,15.0,6.0,13.0
2014-404,Indian Wells Masters,Hard,96,M,O,20140306,67,R975,10.0,,Milos Raonic,R,196.0,CAN,23.19,11.0,2485.0,F444,,,Alejandro Falla,L,185.0,COL,30.308,75.0,682.0,6-4 6-3,3,R32,80.0,11.0,1.0,54.0,36.0,30.0,13.0,10.0,2.0,2.0,1.0,1.0,63.0,41.0,25.0,12.0,9.0,2.0,4.0
2014-404,Indian Wells Masters,Hard,96,M,O,20140306,68,MC10,5.0,,Andy Murray,R,191.0,GBR,26.809,6.0,4885.0,V708,,,Jiri Vesely,L,198.0,CZE,20.654,77.0,667.0,6-7(2) 6-4 6-4,3,R32,168.0,7.0,5.0,102.0,60.0,37.0,19.0,16.0,6.0,12.0,4.0,11.0,116.0,58.0,39.0,22.0,16.0,12.0,20.0
2014-404,Indian Wells Masters,Hard,96,M,O,20140306,69,W367,3.0,,Stan Wawrinka,R,183.0,SUI,28.939,3.0,5650.0,SA93,29.0,,Andreas Seppi,R,191.0,ITA,30.037,32.0,1195.0,6-0 6-2,3,R32,49.0,7.0,3.0,38.0,22.0,19.0,10.0,7.0,0.0,0.0,0.0,3.0,47.0,25.0,11.0,8.0,7.0,9.0,14.0
2014-404,Indian Wells Masters,Hard,96,M,O,20140306,70,A678,17.0,,Kevin Anderson,R,203.0,RSA,27.8,18.0,1940.0,D864,,LL,Evgeny Donskoy,R,185.0,RUS,23.825,114.0,505.0,4-6 6-0 6-3,3,R32,108.0,14.0,4.0,95.0,61.0,43.0,17.0,13.0,12.0,14.0,1.0,2.0,70.0,41.0,24.0,14.0,12.0,4.0,9.0
2014-404,Indian Wells Masters,Hard,96,M,O,20140306,71,H355,11.0,,Tommy Haas,R,188.0,GER,35.923,12.0,2435.0,N552,19.0,,Kei Nishikori,R,178.0,JPN,24.183,21.0,1715.0,7-6(3) 6-2,3,R32,91.0,1.0,5.0,64.0,36.0,23.0,16.0,10.0,1.0,3.0,2.0,2.0,61.0,30.0,21.0,11.0,10.0,1.0,5.0
2014-404,Indian Wells Masters,Hard,96,M,O,20140306,72,F324,7.0,,Roger Federer,R,185.0,SUI,32.575,8.0,4625.0,T315,27.0,,Dmitry Tursunov,R,185.0,RUS,31.231,30.0,1212.0,7-6(7) 7-6(2),3,R32,106.0,9.0,1.0,78.0,53.0,38.0,17.0,12.0,1.0,3.0,7.0,6.0,80.0,37.0,27.0,23.0,12.0,1.0,3.0
2014-404,Indian Wells Masters,Hard,96,M,O,20140306,73,V306,30.0,,Fernando Verdasco,L,188.0,ESP,30.305,33.0,1190.0,G628,8.0,,Richard Gasquet,R,183.0,FRA,27.715,9.0,2950.0,7-6(5) 6-1,3,R32,98.0,5.0,1.0,73.0,57.0,41.0,9.0,10.0,8.0,8.0,2.0,3.0,79.0,51.0,32.0,14.0,9.0,8.0,10.0
2014-404,Indian Wells Masters,Hard,96,M,O,20140306,74,I186,12.0,,John Isner,R,208.0,USA,28.86,13.0,2320.0,L575,,,Yen-Hsun Lu,R,180.0,TPE,30.56,49.0,930.0,6-4 6-3,3,R32,67.0,13.0,0.0,55.0,36.0,30.0,12.0,10.0,0.0,0.0,0.0,2.0,51.0,36.0,25.0,8.0,9.0,3.0,5.0
2014-404,Indian Wells Masters,Hard,96,M,O,20140306,75,G858,20.0,,Ernests Gulbis,R,191.0,LAT,25.514,22.0,1616.0,D875,15.0,,Grigor Dimitrov,R,191.0,BUL,22.806,16.0,2130.0,2-6 6-1 7-5,3,R32,115.0,10.0,6.0,85.0,54.0,41.0,16.0,14.0,2.0,4.0,5.0,3.0,81.0,54.0,36.0,13.0,13.0,4.0,7.0
2014-404,Indian Wells Masters,Hard,96,M,O,20140306,76,BD06,,,Roberto Bautista Agut,R,183.0,ESP,25.892,53.0,885.0,N289,,,Jarkko Nieminen,L,185.0,FIN,32.619,40.0,1020.0,6-2 4-6 7-6(6),3,R32,130.0,5.0,3.0,100.0,64.0,44.0,20.0,15.0,4.0,7.0,7.0,0.0,92.0,64.0,41.0,16.0,15.0,3.0,7.0
2014-404,Indian Wells Masters,Hard,96,M,O,20140306,77,L397,,,Feliciano Lopez,L,188.0,ESP,32.457,37.0,1100.0,K926,,,Mikhail Kukushkin,R,183.0,KAZ,26.193,58.0,781.0,1-6 6-3 6-4,3,R32,104.0,10.0,6.0,94.0,54.0,40.0,20.0,13.0,8.0,10.0,4.0,0.0,67.0,37.0,29.0,18.0,13.0,1.0,3.0
2014-404,Indian Wells Masters,Hard,96,M,O,20140306,78,B747,,,Julien Benneteau,R,185.0,FRA,32.208,65.0,730.0,TB69,,Q,Dominic Thiem,R,185.0,AUT,20.504,101.0,567.0,7-6(4) 6-3,3,R32,106.0,8.0,4.0,72.0,44.0,32.0,12.0,10.0,1.0,4.0,2.0,5.0,74.0,40.0,22.0,17.0,11.0,4.0,9.0
2014-404,Indian Wells Masters,Hard,96,M,O,20140306,79,C977,24.0,,Marin Cilic,R,198.0,CRO,25.435,26.0,1455.0,R419,16.0,,Tommy Robredo,R,180.0,ESP,31.847,17.0,2005.0,6-4 6-3,3,R32,83.0,6.0,2.0,63.0,30.0,21.0,25.0,10.0,2.0,2.0,2.0,1.0,62.0,38.0,27.0,9.0,9.0,4.0,6.0
2014-404,Indian Wells Masters,Hard,96,M,O,20140306,80,D643,2.0,,Novak Djokovic,R,188.0,SRB,26.79,2.0,10260.0,G892,,,Alejandro Gonzalez,R,191.0,COL,25.073,91.0,602.0,6-1 3-6 6-1,3,R32,97.0,7.0,2.0,64.0,50.0,39.0,9.0,12.0,0.0,1.0,3.0,4.0,90.0,50.0,33.0,17.0,11.0,8.0,12.0
2014-404,Indian Wells Masters,Hard,96,M,O,20140306,81,D801,28.0,,Alexandr Dolgopolov,R,180.0,UKR,25.325,31.0,1205.0,F510,13.0,,Fabio Fognini,R,178.0,ITA,26.784,14.0,2230.0,6-2 6-4,3,R16,76.0,6.0,1.0,56.0,28.0,23.0,17.0,9.0,3.0,3.0,4.0,6.0,65.0,36.0,26.0,11.0,9.0,3.0,6.0
2014-404,Indian Wells Masters,Hard,96,M,O,20140306,82,R975,10.0,,Milos Raonic,R,196.0,CAN,23.19,11.0,2485.0,MC10,5.0,,Andy Murray,R,191.0,GBR,26.809,6.0,4885.0,4-6 7-5 6-3,3,R16,130.0,15.0,3.0,80.0,53.0,44.0,14.0,16.0,0.0,2.0,4.0,3.0,90.0,60.0,43.0,13.0,15.0,4.0,7.0
2014-404,Indian Wells Masters,Hard,96,M,O,20140306,83,A678,17.0,,Kevin Anderson,R,203.0,RSA,27.8,18.0,1940.0,W367,3.0,,Stan Wawrinka,R,183.0,SUI,28.939,3.0,5650.0,7-6(1) 4-6 6-1,3,R16,140.0,12.0,8.0,105.0,67.0,48.0,16.0,14.0,10.0,13.0,5.0,2.0,89.0,38.0,28.0,23.0,15.0,5.0,10.0
2014-404,Indian Wells Masters,Hard,96,M,O,20140306,84,F324,7.0,,Roger Federer,R,185.0,SUI,32.575,8.0,4625.0,H355,11.0,,Tommy Haas,R,188.0,GER,35.923,12.0,2435.0,6-4 6-4,3,R16,84.0,7.0,1.0,62.0,40.0,33.0,10.0,10.0,4.0,5.0,3.0,3.0,69.0,45.0,31.0,10.0,10.0,8.0,11.0
2014-404,Indian Wells Masters,Hard,96,M,O,20140306,85,I186,12.0,,John Isner,R,208.0,USA,28.86,13.0,2320.0,V306,30.0,,Fernando Verdasco,L,188.0,ESP,30.305,33.0,1190.0,7-6(3) 3-6 6-3,3,R16,112.0,10.0,0.0,88.0,62.0,46.0,19.0,15.0,0.0,1.0,4.0,3.0,85.0,57.0,44.0,16.0,15.0,2.0,3.0
2014-404,Indian Wells Masters,Hard,96,M,O,20140306,86,G858,20.0,,Ernests Gulbis,R,191.0,LAT,25.514,22.0,1616.0,BD06,,,Roberto Bautista Agut,R,183.0,ESP,25.892,53.0,885.0,7-6(0) 4-6 6-2,3,R16,145.0,7.0,6.0,99.0,52.0,39.0,23.0,15.0,4.0,7.0,1.0,4.0,108.0,63.0,43.0,17.0,15.0,8.0,12.0
2014-404,Indian Wells Masters,Hard,96,M,O,20140306,87,B747,,,Julien Benneteau,R,185.0,FRA,32.208,65.0,730.0,L397,,,Feliciano Lopez,L,188.0,ESP,32.457,37.0,1100.0,6-3 7-6(4),3,R16,92.0,13.0,2.0,62.0,40.0,35.0,15.0,11.0,1.0,1.0,8.0,3.0,80.0,47.0,36.0,14.0,10.0,4.0,5.0
2014-404,Indian Wells Masters,Hard,96,M,O,20140306,88,D643,2.0,,Novak Djokovic,R,188.0,SRB,26.79,2.0,10260.0,C977,24.0,,Marin Cilic,R,198.0,CRO,25.435,26.0,1455.0,1-6 6-2 6-3,3,R16,105.0,2.0,3.0,72.0,40.0,29.0,18.0,12.0,2.0,4.0,13.0,2.0,70.0,41.0,32.0,13.0,12.0,4.0,7.0
2014-404,Indian Wells Masters,Hard,96,M,O,20140306,89,D801,28.0,,Alexandr Dolgopolov,R,180.0,UKR,25.325,31.0,1205.0,R975,10.0,,Milos Raonic,R,196.0,CAN,23.19,11.0,2485.0,6-3 6-4,3,QF,79.0,6.0,5.0,54.0,29.0,26.0,13.0,10.0,0.0,1.0,4.0,3.0,62.0,38.0,27.0,11.0,9.0,6.0,9.0
2014-404,Indian Wells Masters,Hard,96,M,O,20140306,90,F324,7.0,,Roger Federer,R,185.0,SUI,32.575,8.0,4625.0,A678,17.0,,Kevin Anderson,R,203.0,RSA,27.8,18.0,1940.0,7-5 6-1,3,QF,69.0,3.0,0.0,51.0,33.0,26.0,16.0,10.0,1.0,1.0,3.0,1.0,54.0,32.0,23.0,7.0,9.0,4.0,7.0
2014-404,Indian Wells Masters,Hard,96,M,O,20140306,91,I186,12.0,,John Isner,R,208.0,USA,28.86,13.0,2320.0,G858,20.0,,Ernests Gulbis,R,191.0,LAT,25.514,22.0,1616.0,7-6(4) 7-6(3),3,QF,109.0,13.0,3.0,80.0,59.0,48.0,9.0,12.0,3.0,4.0,7.0,7.0,90.0,49.0,37.0,22.0,12.0,5.0,6.0
2014-404,Indian Wells Masters,Hard,96,M,O,20140306,92,D643,2.0,,Novak Djokovic,R,188.0,SRB,26.79,2.0,10260.0,B747,,,Julien Benneteau,R,185.0,FRA,32.208,65.0,730.0,6-1 6-3,3,QF,69.0,7.0,3.0,41.0,27.0,25.0,8.0,8.0,0.0,0.0,2.0,2.0,64.0,34.0,22.0,9.0,8.0,11.0,15.0
2014-404,Indian Wells Masters,Hard,96,M,O,20140306,93,F324,7.0,,Roger Federer,R,185.0,SUI,32.575,8.0,4625.0,D801,28.0,,Alexandr Dolgopolov,R,180.0,UKR,25.325,31.0,1205.0,6-3 6-1,3,SF,62.0,7.0,1.0,43.0,31.0,23.0,10.0,8.0,0.0,0.0,2.0,3.0,61.0,24.0,16.0,14.0,8.0,5.0,9.0
2014-404,Indian Wells Masters,Hard,96,M,O,20140306,94,D643,2.0,,Novak Djokovic,R,188.0,SRB,26.79,2.0,10260.0,I186,12.0,,John Isner,R,208.0,USA,28.86,13.0,2320.0,7-5 6-7(2) 6-1,3,SF,144.0,7.0,2.0,92.0,63.0,47.0,15.0,16.0,4.0,6.0,8.0,2.0,114.0,78.0,49.0,16.0,15.0,7.0,12.0
2014-404,Indian Wells Masters,Hard,96,M,O,20140306,95,D643,2.0,,Novak Djokovic,R,188.0,SRB,26.79,2.0,10260.0,F324,7.0,,Roger Federer,R,185.0,SUI,32.575,8.0,4625.0,3-6 6-3 7-6(3),3,F,132.0,6.0,5.0,96.0,62.0,47.0,17.0,15.0,1.0,3.0,6.0,4.0,101.0,64.0,45.0,21.0,15.0,4.0,6.0
2014-403,Miami Masters,Hard,96,M,O,20140319,1,H432,,,Lleyton Hewitt,R,178.0,AUS,33.062,44.0,1000.0,H756,,,Robin Haase,R,191.0,NED,26.951,46.0,972.0,3-6 6-3 6-3,3,R128,117.0,3.0,2.0,71.0,40.0,30.0,18.0,13.0,3.0,5.0,7.0,5.0,102.0,55.0,36.0,23.0,14.0,4.0,8.0
2014-403,Miami Masters,Hard,96,M,O,20140319,2,R613,,,Edouard Roger-Vasselin,R,185.0,FRA,30.305,43.0,1008.0,SF36,,,Igor Sijsling,R,191.0,NED,26.585,54.0,846.0,3-6 6-3 7-6(3),3,R128,121.0,6.0,2.0,94.0,62.0,48.0,19.0,15.0,3.0,4.0,10.0,1.0,99.0,56.0,46.0,22.0,15.0,8.0,9.0
2014-403,Miami Masters,Hard,96,M,O,20140319,3,N289,,,Jarkko Nieminen,L,185.0,FIN,32.654,40.0,1020.0,TA46,,,Bernard Tomic,R,196.0,AUS,21.407,74.0,675.0,6-0 6-1,3,R128,28.0,2.0,0.0,34.0,28.0,24.0,4.0,7.0,0.0,0.0,2.0,1.0,27.0,17.0,6.0,1.0,6.0,0.0,5.0
2014-403,Miami Masters,Hard,96,M,O,20140319,4,L575,,,Yen-Hsun Lu,R,180.0,TPE,30.595,50.0,930.0,K926,,,Mikhail Kukushkin,R,183.0,KAZ,26.229,56.0,822.0,6-1 3-1 RET,3,R128,40.0,2.0,1.0,29.0,19.0,16.0,8.0,6.0,0.0,0.0,2.0,3.0,40.0,30.0,14.0,5.0,5.0,1.0,4.0
2014-403,Miami Masters,Hard,96,M,O,20140319,5,Y124,,,Donald Young,L,183.0,USA,24.654,77.0,661.0,B884,,,Carlos Berlocq,R,183.0,ARG,31.121,58.0,800.0,6-2 6-2,3,R128,68.0,3.0,3.0,51.0,28.0,20.0,13.0,8.0,4.0,5.0,1.0,3.0,54.0,33.0,17.0,7.0,8.0,2.0,7.0
2014-403,Miami Masters,Hard,96,M,O,20140319,6,Q927,,,Sam Querrey,R,198.0,USA,26.448,62.0,735.0,SC77,,,Sergiy Stakhovsky,R,193.0,UKR,28.197,79.0,660.0,7-6(2) 6-3,3,R128,75.0,6.0,2.0,60.0,33.0,29.0,17.0,10.0,1.0,1.0,4.0,3.0,72.0,44.0,31.0,15.0,11.0,8.0,10.0
2014-403,Miami Masters,Hard,96,M,O,20140319,7,SH90,,,Joao Sousa,R,185.0,POR,24.969,42.0,1010.0,CD85,,,Pablo Carreno Busta,R,188.0,ESP,22.686,64.0,725.0,6-4 7-6(3),3,R128,109.0,3.0,0.0,87.0,64.0,42.0,12.0,11.0,9.0,11.0,6.0,0.0,74.0,44.0,29.0,16.0,11.0,6.0,9.0
2014-403,Miami Masters,Hard,96,M,O,20140319,8,R612,,,Stephane Robert,R,185.0,FRA,33.837,90.0,612.0,B842,,Q,Alex Bogomolov Jr.,R,178.0,RUS,30.905,94.0,608.0,7-5 6-4,3,R128,91.0,8.0,4.0,61.0,29.0,24.0,18.0,11.0,3.0,5.0,2.0,0.0,86.0,46.0,26.0,22.0,11.0,7.0,11.0
2014-403,Miami Masters,Hard,96,M,O,20140319,9,K336,,,Ivo Karlovic,R,211.0,CRO,35.053,53.0,881.0,M850,,Q,Paul-Henri Mathieu,R,185.0,FRA,32.181,114.0,508.0,7-6(3) 7-6(5),3,R128,100.0,21.0,1.0,72.0,45.0,36.0,22.0,12.0,0.0,0.0,3.0,1.0,80.0,50.0,39.0,17.0,12.0,0.0,0.0
2014-403,Miami Masters,Hard,96,M,O,20140319,10,D776,,Q,Thiemo de Bakker,R,193.0,NED,25.495,162.0,334.0,H528,,,Victor Hanescu,R,198.0,ROU,32.66,84.0,631.0,6-3 6-2,3,R128,64.0,4.0,1.0,48.0,27.0,23.0,14.0,9.0,2.0,2.0,1.0,1.0,58.0,39.0,23.0,9.0,8.0,3.0,6.0
2014-403,Miami Masters,Hard,96,M,O,20140319,11,Z184,,,Horacio Zeballos,L,188.0,ARG,28.893,125.0,470.0,GB88,,Q,David Goffin,R,180.0,BEL,23.28,97.0,580.0,7-5 6-3,3,R128,77.0,3.0,2.0,65.0,32.0,25.0,18.0,11.0,3.0,5.0,6.0,2.0,49.0,28.0,19.0,10.0,10.0,2.0,6.0
2014-403,Miami Masters,Hard,96,M,O,20140319,12,I165,,,Denis Istomin,R,185.0,UZB,27.529,57.0,810.0,M873,,,Nicolas Mahut,R,191.0,FRA,32.156,39.0,1042.0,7-6(8) 7-6(2),3,R128,116.0,9.0,1.0,85.0,58.0,48.0,12.0,12.0,1.0,2.0,3.0,2.0,82.0,56.0,39.0,14.0,12.0,0.0,1.0
2014-403,Miami Masters,Hard,96,M,O,20140319,13,G892,,,Alejandro Gonzalez,R,191.0,COL,25.109,83.0,632.0,J267,,Q,Malek Jaziri,R,185.0,TUN,30.16,118.0,496.0,7-6(9) 6-1,3,R128,87.0,2.0,3.0,65.0,34.0,27.0,20.0,9.0,6.0,6.0,4.0,3.0,65.0,37.0,25.0,15.0,10.0,3.0,6.0
2014-403,Miami Masters,Hard,96,M,O,20140319,14,M824,,,Albert Montanes,R,175.0,ESP,33.309,59.0,771.0,P701,,,Michal Przysiezny,R,185.0,POL,30.086,75.0,670.0,5-7 7-6(5) 6-3,3,R128,121.0,5.0,3.0,100.0,58.0,47.0,23.0,17.0,2.0,4.0,12.0,7.0,104.0,62.0,44.0,27.0,16.0,7.0,9.0
2014-403,Miami Masters,Hard,96,M,O,20140319,15,ME05,,,Marinko Matosevic,R,193.0,AUS,28.611,72.0,689.0,F444,,,Alejandro Falla,L,185.0,COL,30.344,68.0,707.0,1-6 6-4 7-6(6),3,R128,145.0,2.0,4.0,109.0,60.0,39.0,23.0,15.0,5.0,10.0,7.0,5.0,122.0,58.0,40.0,30.0,14.0,13.0,16.0
2014-403,Miami Masters,Hard,96,M,O,20140319,16,S694,,,Radek Stepanek,R,185.0,CZE,35.307,49.0,950.0,BC72,,,Daniel Brands,R,196.0,GER,26.672,95.0,598.0,6-3 6-0,3,R128,58.0,7.0,0.0,37.0,25.0,21.0,8.0,7.0,3.0,3.0,4.0,3.0,51.0,33.0,19.0,3.0,8.0,6.0,11.0
2014-403,Miami Masters,Hard,96,M,O,20140319,17,G681,,,Teymuraz Gabashvili,R,185.0,GEO,28.821,60.0,771.0,G710,,,Marcel Granollers,R,191.0,ESP,27.934,36.0,1110.0,6-4 6-3,3,R128,77.0,5.0,2.0,52.0,23.0,20.0,17.0,9.0,0.0,0.0,9.0,3.0,62.0,34.0,25.0,11.0,10.0,5.0,8.0
2014-403,Miami Masters,Hard,96,M,O,20140319,18,E690,,,Matthew Ebden,R,188.0,AUS,26.311,67.0,710.0,K540,,,Lukasz Kubot,R,191.0,POL,31.841,81.0,651.0,4-6 6-4 6-4,3,R128,115.0,6.0,8.0,88.0,56.0,44.0,16.0,15.0,4.0,6.0,8.0,9.0,84.0,45.0,35.0,21.0,15.0,4.0,7.0
2014-403,Miami Masters,Hard,96,M,O,20140319,19,V708,,,Jiri Vesely,L,198.0,CZE,20.69,73.0,685.0,V254,,,Filippo Volandri,R,183.0,ITA,32.534,82.0,649.0,6-4 7-6(1),3,R128,88.0,8.0,3.0,76.0,54.0,41.0,12.0,11.0,4.0,5.0,1.0,3.0,72.0,43.0,32.0,14.0,11.0,8.0,10.0
2014-403,Miami Masters,Hard,96,M,O,20140319,20,B837,,WC,Marcos Baghdatis,R,178.0,CYP,28.753,143.0,400.0,G725,,,Santiago Giraldo,R,188.0,COL,26.308,65.0,718.0,1-6 6-2 7-5,3,R128,111.0,5.0,4.0,75.0,40.0,25.0,21.0,13.0,3.0,7.0,4.0,3.0,91.0,48.0,33.0,18.0,14.0,9.0,14.0
2014-403,Miami Masters,Hard,96,M,O,20140319,21,ME82,,,Adrian Mannarino,L,180.0,FRA,25.719,80.0,656.0,D402,,,Nikolay Davydenko,R,178.0,RUS,32.794,71.0,690.0,6-4 7-5,3,R128,84.0,3.0,1.0,61.0,44.0,35.0,6.0,11.0,2.0,4.0,2.0,7.0,72.0,51.0,32.0,7.0,11.0,2.0,6.0
2014-403,Miami Masters,Hard,96,M,O,20140319,22,TB69,,Q,Dominic Thiem,R,185.0,AUT,20.539,86.0,625.0,R685,,,Lukas Rosol,R,193.0,CZE,28.652,38.0,1051.0,7-6(6) 6-4,3,R128,94.0,5.0,2.0,70.0,35.0,30.0,21.0,11.0,3.0,4.0,10.0,5.0,84.0,47.0,35.0,17.0,11.0,6.0,8.0
2014-403,Miami Masters,Hard,96,M,O,20140319,23,BD06,,,Roberto Bautista Agut,R,183.0,ESP,25.927,47.0,965.0,J386,,Q,Steve Johnson,R,188.0,USA,24.233,101.0,567.0,4-6 6-3 6-1,3,R128,113.0,2.0,5.0,70.0,51.0,41.0,11.0,13.0,1.0,2.0,17.0,2.0,101.0,65.0,41.0,15.0,13.0,9.0,13.0
2014-403,Miami Masters,Hard,96,M,O,20140319,24,B747,,,Julien Benneteau,R,185.0,FRA,32.244,52.0,900.0,E831,,WC,Kyle Edmund,R,188.0,GBR,19.192,298.0,154.0,6-7(2) 6-3 6-2,3,R128,116.0,15.0,3.0,91.0,48.0,39.0,24.0,15.0,3.0,5.0,6.0,3.0,85.0,52.0,35.0,16.0,14.0,5.0,10.0
2014-403,Miami Masters,Hard,96,M,O,20140319,25,D646,,,Ivan Dodig,R,183.0,CRO,29.207,37.0,1110.0,G806,,Q,Andrey Golubev,R,180.0,KAZ,26.658,70.0,700.0,4-6 6-1 6-4,3,R128,119.0,5.0,5.0,74.0,49.0,36.0,14.0,14.0,1.0,4.0,7.0,6.0,100.0,55.0,38.0,18.0,13.0,8.0,13.0
2014-403,Miami Masters,Hard,96,M,O,20140319,26,CA12,,,Jeremy Chardy,R,188.0,FRA,27.097,48.0,955.0,MA21,,,Juan Monaco,R,185.0,ARG,29.971,41.0,1015.0,7-5 3-6 7-6(5),3,R128,159.0,22.0,9.0,118.0,63.0,51.0,22.0,16.0,11.0,14.0,3.0,4.0,116.0,83.0,53.0,19.0,17.0,8.0,11.0
2014-403,Miami Masters,Hard,96,M,O,20140319,27,L797,,Q,Lukas Lacko,R,188.0,SVK,26.374,105.0,562.0,D750,,,Kenny De Schepper,L,203.0,FRA,26.806,66.0,712.0,6-4 6-4,3,R128,69.0,10.0,0.0,57.0,26.0,23.0,21.0,10.0,3.0,3.0,10.0,5.0,62.0,38.0,28.0,13.0,10.0,4.0,6.0
2014-403,Miami Masters,Hard,96,M,O,20140319,28,SM25,,Q,Jack Sock,R,191.0,USA,21.481,103.0,562.0,PC11,,WC,Guido Pella,L,183.0,ARG,23.838,113.0,509.0,6-3 6-4,3,R128,64.0,8.0,3.0,60.0,31.0,25.0,18.0,10.0,0.0,0.0,8.0,1.0,45.0,26.0,19.0,12.0,9.0,1.0,3.0
2014-403,Miami Masters,Hard,96,M,O,20140319,29,G476,,,Guillermo Garcia-Lopez,R,185.0,ESP,30.79,55.0,841.0,KA98,,,Bradley Klahn,L,183.0,USA,23.578,63.0,729.0,1-6 6-1 6-4,3,R128,83.0,7.0,2.0,60.0,35.0,28.0,18.0,12.0,4.0,6.0,6.0,3.0,68.0,35.0,24.0,19.0,12.0,2.0,5.0
2014-403,Miami Masters,Hard,96,M,O,20140319,30,BH09,,Q,Aljaz Bedene,R,183.0,SLO,24.668,119.0,493.0,W373,,Q,Jimmy Wang,R,180.0,TPE,29.106,145.0,393.0,1-6 6-2 6-4,3,R128,113.0,18.0,5.0,81.0,42.0,35.0,15.0,12.0,8.0,11.0,3.0,2.0,87.0,50.0,32.0,17.0,13.0,1.0,5.0
2014-403,Miami Masters,Hard,96,M,O,20140319,31,H940,,WC,Ryan Harrison,R,185.0,USA,21.864,112.0,509.0,D874,,,Federico Delbonis,L,193.0,ARG,23.452,45.0,999.0,6-2 6-4,3,R128,75.0,4.0,1.0,52.0,28.0,19.0,16.0,9.0,2.0,3.0,2.0,3.0,59.0,39.0,19.0,12.0,9.0,7.0,11.0
2014-403,Miami Masters,Hard,96,M,O,20140319,32,G676,,,Daniel Gimeno-Traver,R,183.0,ESP,28.613,99.0,577.0,KE29,,WC,Karen Khachanov,R,198.0,RUS,17.826,453.0,84.0,6-7(8) 6-1 6-1,3,R128,108.0,6.0,2.0,79.0,43.0,36.0,22.0,13.0,1.0,2.0,5.0,4.0,94.0,52.0,33.0,18.0,13.0,6.0,12.0
2014-403,Miami Masters,Hard,96,M,O,20140319,33,N409,1.0,,Rafael Nadal,L,185.0,ESP,27.792,1.0,13130.0,H432,,,Lleyton Hewitt,R,178.0,AUS,33.062,44.0,1000.0,6-1 6-3,3,R64,69.0,1.0,0.0,40.0,25.0,20.0,13.0,8.0,0.0,0.0,3.0,0.0,50.0,37.0,19.0,7.0,8.0,1.0,5.0
2014-403,Miami Masters,Hard,96,M,O,20140319,34,I165,,,Denis Istomin,R,185.0,UZB,27.529,57.0,810.0,T315,29.0,,Dmitry Tursunov,R,185.0,RUS,31.266,30.0,1231.0,6-7(8) 6-0 6-3,3,R64,125.0,19.0,2.0,102.0,73.0,53.0,13.0,14.0,5.0,6.0,8.0,14.0,91.0,46.0,32.0,20.0,13.0,5.0,10.0
2014-403,Miami Masters,Hard,96,M,O,20140319,35,BD06,,,Roberto Bautista Agut,R,183.0,ESP,25.927,47.0,965.0,J397,19.0,,Jerzy Janowicz,R,203.0,POL,23.346,20.0,1715.0,6-4 6-1,3,R64,70.0,3.0,3.0,55.0,36.0,27.0,12.0,9.0,5.0,5.0,1.0,3.0,52.0,31.0,16.0,11.0,8.0,2.0,5.0
2014-403,Miami Masters,Hard,96,M,O,20140319,36,F510,14.0,,Fabio Fognini,R,178.0,ITA,26.82,14.0,2295.0,L797,,Q,Lukas Lacko,R,188.0,SVK,26.374,105.0,562.0,6-4 6-4,3,R64,72.0,4.0,3.0,52.0,26.0,23.0,18.0,10.0,0.0,0.0,3.0,3.0,65.0,30.0,26.0,16.0,10.0,4.0,6.0
2014-403,Miami Masters,Hard,96,M,O,20140319,37,R975,12.0,,Milos Raonic,R,196.0,CAN,23.225,12.0,2575.0,SM25,,Q,Jack Sock,R,191.0,USA,21.481,103.0,562.0,6-4 7-6(1),3,R64,87.0,14.0,2.0,57.0,32.0,30.0,18.0,11.0,0.0,0.0,2.0,1.0,62.0,35.0,28.0,18.0,11.0,1.0,2.0
2014-403,Miami Masters,Hard,96,M,O,20140319,38,G476,,,Guillermo Garcia-Lopez,R,185.0,ESP,30.79,55.0,841.0,MC65,23.0,,Gael Monfils,R,193.0,FRA,27.546,24.0,1520.0,6-2 7-5,3,R64,73.0,2.0,3.0,51.0,22.0,18.0,15.0,10.0,0.0,3.0,2.0,6.0,59.0,35.0,20.0,7.0,10.0,4.0,10.0
2014-403,Miami Masters,Hard,96,M,O,20140319,39,BH09,,Q,Aljaz Bedene,R,183.0,SLO,24.668,119.0,493.0,PD07,27.0,,Vasek Pospisil,R,193.0,CAN,23.737,28.0,1343.0,6-7(5) 7-5 6-3,3,R64,145.0,8.0,3.0,93.0,46.0,42.0,31.0,17.0,0.0,0.0,7.0,2.0,106.0,59.0,44.0,28.0,16.0,2.0,4.0
2014-403,Miami Masters,Hard,96,M,O,20140319,40,B896,,LL,Benjamin Becker,R,178.0,GER,32.756,93.0,610.0,H940,,WC,Ryan Harrison,R,185.0,USA,21.864,112.0,509.0,7-5 3-6 7-6(2),3,R64,141.0,7.0,3.0,95.0,55.0,45.0,16.0,16.0,1.0,5.0,11.0,5.0,116.0,78.0,52.0,18.0,17.0,6.0,10.0
2014-403,Miami Masters,Hard,96,M,O,20140319,41,W367,3.0,,Stan Wawrinka,R,183.0,SUI,28.975,3.0,5650.0,G676,,,Daniel Gimeno-Traver,R,183.0,ESP,28.613,99.0,577.0,6-0 3-6 6-3,3,R64,89.0,8.0,3.0,83.0,49.0,40.0,15.0,12.0,4.0,6.0,4.0,2.0,70.0,42.0,25.0,12.0,12.0,1.0,6.0
2014-403,Miami Masters,Hard,96,M,O,20140319,42,R613,,,Edouard Roger-Vasselin,R,185.0,FRA,30.305,43.0,1008.0,C977,25.0,,Marin Cilic,R,198.0,CRO,25.47,26.0,1500.0,6-2 7-6(5),3,R64,97.0,4.0,1.0,59.0,37.0,29.0,18.0,10.0,3.0,3.0,10.0,4.0,77.0,34.0,28.0,17.0,10.0,6.0,8.0
2014-403,Miami Masters,Hard,96,M,O,20140319,43,D801,22.0,,Alexandr Dolgopolov,R,180.0,UKR,25.361,23.0,1555.0,N289,,,Jarkko Nieminen,L,185.0,FIN,32.654,40.0,1020.0,6-4 6-2,3,R64,72.0,2.0,1.0,55.0,31.0,21.0,16.0,9.0,5.0,6.0,2.0,2.0,67.0,41.0,21.0,15.0,9.0,7.0,11.0
2014-403,Miami Masters,Hard,96,M,O,20140319,44,L987,,LL,Dusan Lajovic,R,183.0,SRB,23.718,89.0,614.0,L575,,,Yen-Hsun Lu,R,180.0,TPE,30.595,50.0,930.0,6-1 6-7(3) 6-3,3,R64,104.0,8.0,2.0,103.0,55.0,44.0,27.0,15.0,5.0,6.0,4.0,1.0,75.0,51.0,40.0,10.0,13.0,1.0,5.0
2014-403,Miami Masters,Hard,96,M,O,20140319,45,I186,10.0,,John Isner,R,208.0,USA,28.895,10.0,2670.0,Y124,,,Donald Young,L,183.0,USA,24.654,77.0,661.0,6-7(5) 6-3 6-4,3,R64,116.0,16.0,1.0,88.0,62.0,50.0,14.0,16.0,0.0,2.0,7.0,5.0,94.0,61.0,41.0,20.0,15.0,2.0,6.0
2014-403,Miami Masters,Hard,96,M,O,20140319,46,A479,18.0,,Nicolas Almagro,R,183.0,ESP,28.575,19.0,1795.0,Q927,,,Sam Querrey,R,198.0,USA,26.448,62.0,735.0,6-4 6-4,3,R64,68.0,13.0,0.0,50.0,29.0,27.0,13.0,10.0,0.0,0.0,8.0,2.0,62.0,29.0,23.0,17.0,10.0,4.0,6.0
2014-403,Miami Masters,Hard,96,M,O,20140319,47,SH90,,,Joao Sousa,R,185.0,POR,24.969,42.0,1010.0,SD32,26.0,,Gilles Simon,R,183.0,FRA,29.224,27.0,1485.0,7-6(5) 3-6 6-3,3,R64,184.0,1.0,2.0,100.0,60.0,38.0,20.0,15.0,5.0,9.0,7.0,3.0,109.0,59.0,34.0,30.0,15.0,6.0,10.0
2014-403,Miami Masters,Hard,96,M,O,20140319,48,BA47,7.0,,Tomas Berdych,R,196.0,CZE,28.501,7.0,4540.0,R612,,,Stephane Robert,R,185.0,FRA,33.837,90.0,612.0,7-6(5) 6-1,3,R64,76.0,9.0,0.0,50.0,31.0,27.0,11.0,9.0,2.0,3.0,3.0,7.0,76.0,22.0,18.0,24.0,10.0,2.0,6.0
2014-403,Miami Masters,Hard,96,M,O,20140319,49,F324,5.0,,Roger Federer,R,185.0,SUI,32.611,5.0,5045.0,K336,,,Ivo Karlovic,R,211.0,CRO,35.053,53.0,881.0,6-4 7-6(4),3,R64,75.0,6.0,0.0,52.0,39.0,37.0,12.0,11.0,0.0,0.0,13.0,1.0,68.0,44.0,36.0,11.0,11.0,2.0,3.0
2014-403,Miami Masters,Hard,96,M,O,20140319,50,D776,,Q,Thiemo de Bakker,R,193.0,NED,25.495,162.0,334.0,V306,28.0,,Fernando Verdasco,L,188.0,ESP,30.341,29.0,1270.0,7-6(4) 6-7(3) 6-2,3,R64,139.0,16.0,3.0,108.0,61.0,48.0,25.0,16.0,5.0,7.0,6.0,10.0,113.0,77.0,55.0,15.0,16.0,7.0,11.0
2014-403,Miami Masters,Hard,96,M,O,20140319,51,A678,17.0,,Kevin Anderson,R,203.0,RSA,27.836,18.0,1940.0,Z184,,,Horacio Zeballos,L,188.0,ARG,28.893,125.0,470.0,6-4 6-3,3,R64,65.0,8.0,1.0,43.0,33.0,30.0,7.0,9.0,0.0,0.0,0.0,0.0,56.0,35.0,24.0,10.0,10.0,1.0,4.0
2014-403,Miami Masters,Hard,96,M,O,20140319,52,G628,9.0,,Richard Gasquet,R,183.0,FRA,27.751,9.0,2905.0,G892,,,Alejandro Gonzalez,R,191.0,COL,25.109,83.0,632.0,7-6(7) 6-4,3,R64,121.0,7.0,0.0,62.0,41.0,30.0,15.0,11.0,0.0,2.0,4.0,2.0,106.0,58.0,41.0,22.0,11.0,10.0,13.0
2014-403,Miami Masters,Hard,96,M,O,20140319,53,D875,15.0,,Grigor Dimitrov,R,191.0,BUL,22.842,16.0,2130.0,M824,,,Albert Montanes,R,175.0,ESP,33.309,59.0,771.0,6-1 6-7(5) 6-3,3,R64,100.0,12.0,3.0,82.0,48.0,46.0,20.0,15.0,2.0,2.0,3.0,4.0,89.0,56.0,40.0,17.0,13.0,5.0,8.0
2014-403,Miami Masters,Hard,96,M,O,20140319,54,N552,20.0,,Kei Nishikori,R,178.0,JPN,24.219,21.0,1715.0,ME05,,,Marinko Matosevic,R,193.0,AUS,28.611,72.0,689.0,6-4 6-1,3,R64,79.0,6.0,2.0,59.0,37.0,25.0,10.0,8.0,3.0,5.0,5.0,5.0,59.0,32.0,20.0,5.0,9.0,5.0,11.0
2014-403,Miami Masters,Hard,96,M,O,20140319,55,SA93,31.0,,Andreas Seppi,R,191.0,ITA,30.073,33.0,1195.0,S694,,,Radek Stepanek,R,185.0,CZE,35.307,49.0,950.0,7-6(8) 4-6 6-4,3,R64,172.0,6.0,6.0,113.0,48.0,28.0,33.0,16.0,10.0,16.0,6.0,6.0,115.0,50.0,32.0,32.0,16.0,8.0,14.0
2014-403,Miami Masters,Hard,96,M,O,20140319,56,F401,4.0,,David Ferrer,R,175.0,ESP,31.962,4.0,5150.0,G681,,,Teymuraz Gabashvili,R,185.0,GEO,28.821,60.0,771.0,6-4 6-0,3,R64,78.0,2.0,2.0,66.0,42.0,32.0,13.0,8.0,6.0,6.0,1.0,5.0,43.0,15.0,9.0,15.0,8.0,5.0,9.0
2014-403,Miami Masters,Hard,96,M,O,20140319,57,MC10,6.0,,Andy Murray,R,191.0,GBR,26.845,6.0,4795.0,E690,,,Matthew Ebden,R,188.0,AUS,26.311,67.0,710.0,3-6 6-0 6-1,3,R64,97.0,5.0,3.0,69.0,46.0,32.0,13.0,11.0,9.0,11.0,3.0,7.0,83.0,47.0,24.0,16.0,11.0,10.0,16.0
2014-403,Miami Masters,Hard,96,M,O,20140319,58,L397,32.0,,Feliciano Lopez,L,188.0,ESP,32.493,34.0,1180.0,V708,,,Jiri Vesely,L,198.0,CZE,20.69,73.0,685.0,6-2 7-6(3),3,R64,93.0,12.0,2.0,73.0,37.0,31.0,20.0,10.0,4.0,4.0,9.0,3.0,63.0,44.0,28.0,11.0,10.0,3.0,5.0
2014-403,Miami Masters,Hard,96,M,O,20140319,59,B837,,WC,Marcos Baghdatis,R,178.0,CYP,28.753,143.0,400.0,K435,24.0,,Philipp Kohlschreiber,R,178.0,GER,30.423,25.0,1510.0,3-6 7-6(1) 7-6(5),3,R64,136.0,8.0,6.0,112.0,56.0,43.0,35.0,17.0,5.0,8.0,7.0,1.0,98.0,50.0,39.0,29.0,16.0,0.0,1.0
2014-403,Miami Masters,Hard,96,M,O,20140319,60,T786,11.0,,Jo-Wilfried Tsonga,R,188.0,FRA,28.92,11.0,2615.0,ME82,,,Adrian Mannarino,L,180.0,FRA,25.719,80.0,656.0,6-2 6-4,3,R64,61.0,4.0,4.0,47.0,26.0,22.0,15.0,9.0,0.0,0.0,1.0,3.0,53.0,33.0,23.0,7.0,9.0,3.0,6.0
2014-403,Miami Masters,Hard,96,M,O,20140319,61,R419,16.0,,Tommy Robredo,R,180.0,ESP,31.882,17.0,2050.0,TB69,,Q,Dominic Thiem,R,185.0,AUT,20.539,86.0,625.0,6-4 7-6(8),3,R64,101.0,7.0,1.0,70.0,39.0,28.0,18.0,11.0,0.0,2.0,1.0,4.0,74.0,52.0,38.0,7.0,11.0,4.0,7.0
2014-403,Miami Masters,Hard,96,M,O,20140319,62,B747,,,Julien Benneteau,R,185.0,FRA,32.244,52.0,900.0,G858,21.0,,Ernests Gulbis,R,191.0,LAT,25.55,22.0,1690.0,6-4 4-6 7-5,3,R64,142.0,7.0,5.0,96.0,55.0,43.0,21.0,16.0,2.0,4.0,14.0,10.0,105.0,51.0,36.0,30.0,16.0,6.0,9.0
2014-403,Miami Masters,Hard,96,M,O,20140319,63,MB02,30.0,,Florian Mayer,R,191.0,GER,30.453,32.0,1210.0,D646,,,Ivan Dodig,R,183.0,CRO,29.207,37.0,1110.0,6-3 6-2,3,R64,66.0,5.0,0.0,50.0,41.0,31.0,5.0,8.0,2.0,2.0,6.0,4.0,55.0,26.0,14.0,14.0,9.0,4.0,8.0
2014-403,Miami Masters,Hard,96,M,O,20140319,64,D643,2.0,,Novak Djokovic,R,188.0,SRB,26.825,2.0,10900.0,CA12,,,Jeremy Chardy,R,188.0,FRA,27.097,48.0,955.0,6-4 6-3,3,R64,85.0,8.0,2.0,65.0,44.0,31.0,11.0,10.0,2.0,3.0,2.0,2.0,49.0,25.0,18.0,9.0,9.0,0.0,3.0
2014-403,Miami Masters,Hard,96,M,O,20140319,65,N409,1.0,,Rafael Nadal,L,185.0,ESP,27.792,1.0,13130.0,I165,,,Denis Istomin,R,185.0,UZB,27.529,57.0,810.0,6-1 6-0,3,R32,60.0,3.0,0.0,35.0,27.0,19.0,7.0,6.0,3.0,3.0,4.0,1.0,44.0,25.0,11.0,5.0,7.0,1.0,7.0
2014-403,Miami Masters,Hard,96,M,O,20140319,66,F510,14.0,,Fabio Fognini,R,178.0,ITA,26.82,14.0,2295.0,BD06,,,Roberto Bautista Agut,R,183.0,ESP,25.927,47.0,965.0,4-6 6-3 6-3,3,R32,121.0,6.0,4.0,82.0,45.0,35.0,19.0,14.0,2.0,4.0,3.0,2.0,92.0,65.0,39.0,15.0,14.0,3.0,7.0
2014-403,Miami Masters,Hard,96,M,O,20140319,67,R975,12.0,,Milos Raonic,R,196.0,CAN,23.225,12.0,2575.0,G476,,,Guillermo Garcia-Lopez,R,185.0,ESP,30.79,55.0,841.0,6-1 6-2,3,R32,57.0,10.0,0.0,37.0,22.0,20.0,12.0,8.0,0.0,0.0,0.0,1.0,50.0,23.0,18.0,6.0,7.0,3.0,7.0
2014-403,Miami Masters,Hard,96,M,O,20140319,68,B896,,LL,Benjamin Becker,R,178.0,GER,32.756,93.0,610.0,BH09,,Q,Aljaz Bedene,R,183.0,SLO,24.668,119.0,493.0,6-3 7-5,3,R32,91.0,7.0,4.0,71.0,39.0,30.0,19.0,11.0,4.0,5.0,12.0,1.0,60.0,31.0,23.0,14.0,10.0,5.0,8.0
2014-403,Miami Masters,Hard,96,M,O,20140319,69,W367,3.0,,Stan Wawrinka,R,183.0,SUI,28.975,3.0,5650.0,R613,,,Edouard Roger-Vasselin,R,185.0,FRA,30.305,43.0,1008.0,7-5 6-4,3,R32,94.0,6.0,2.0,63.0,34.0,26.0,17.0,11.0,2.0,3.0,1.0,0.0,81.0,56.0,33.0,14.0,11.0,7.0,10.0
2014-403,Miami Masters,Hard,96,M,O,20140319,70,D801,22.0,,Alexandr Dolgopolov,R,180.0,UKR,25.361,23.0,1555.0,L987,,LL,Dusan Lajovic,R,183.0,SRB,23.718,89.0,614.0,3-6 6-0 7-6(5),3,R32,120.0,6.0,5.0,84.0,43.0,35.0,20.0,13.0,1.0,4.0,6.0,3.0,100.0,66.0,44.0,15.0,14.0,6.0,11.0
2014-403,Miami Masters,Hard,96,M,O,20140319,71,I186,10.0,,John Isner,R,208.0,USA,28.895,10.0,2670.0,A479,18.0,,Nicolas Almagro,R,183.0,ESP,28.575,19.0,1795.0,7-5 6-3,3,R32,71.0,17.0,1.0,61.0,43.0,34.0,11.0,11.0,2.0,2.0,7.0,2.0,58.0,40.0,31.0,9.0,10.0,3.0,5.0
2014-403,Miami Masters,Hard,96,M,O,20140319,72,BA47,7.0,,Tomas Berdych,R,196.0,CZE,28.501,7.0,4540.0,SH90,,,Joao Sousa,R,185.0,POR,24.969,42.0,1010.0,6-2 6-4,3,R32,82.0,4.0,1.0,50.0,26.0,16.0,17.0,9.0,3.0,5.0,0.0,5.0,69.0,37.0,26.0,9.0,9.0,4.0,9.0
2014-403,Miami Masters,Hard,96,M,O,20140319,73,F324,5.0,,Roger Federer,R,185.0,SUI,32.611,5.0,5045.0,D776,,Q,Thiemo de Bakker,R,193.0,NED,25.495,162.0,334.0,6-3 6-3,3,R32,63.0,6.0,1.0,43.0,26.0,22.0,14.0,9.0,0.0,0.0,7.0,2.0,68.0,41.0,27.0,11.0,9.0,6.0,9.0
2014-403,Miami Masters,Hard,96,M,O,20140319,74,G628,9.0,,Richard Gasquet,R,183.0,FRA,27.751,9.0,2905.0,A678,17.0,,Kevin Anderson,R,203.0,RSA,27.836,18.0,1940.0,6-3 6-4,3,R32,91.0,6.0,0.0,66.0,44.0,32.0,14.0,10.0,5.0,5.0,8.0,1.0,67.0,45.0,30.0,11.0,9.0,6.0,8.0
2014-403,Miami Masters,Hard,96,M,O,20140319,75,N552,20.0,,Kei Nishikori,R,178.0,JPN,24.219,21.0,1715.0,D875,15.0,,Grigor Dimitrov,R,191.0,BUL,22.842,16.0,2130.0,7-6(1) 7-5,3,R32,102.0,9.0,0.0,74.0,44.0,38.0,16.0,12.0,1.0,1.0,11.0,4.0,76.0,46.0,34.0,16.0,12.0,1.0,2.0
2014-403,Miami Masters,Hard,96,M,O,20140319,76,F401,4.0,,David Ferrer,R,175.0,ESP,31.962,4.0,5150.0,SA93,31.0,,Andreas Seppi,R,191.0,ITA,30.073,33.0,1195.0,6-3 6-2,3,R32,70.0,1.0,2.0,48.0,24.0,18.0,17.0,9.0,0.0,1.0,2.0,2.0,48.0,24.0,14.0,10.0,8.0,4.0,8.0
2014-403,Miami Masters,Hard,96,M,O,20140319,77,MC10,6.0,,Andy Murray,R,191.0,GBR,26.845,6.0,4795.0,L397,32.0,,Feliciano Lopez,L,188.0,ESP,32.493,34.0,1180.0,6-4 6-1,3,R32,73.0,1.0,3.0,48.0,23.0,18.0,15.0,8.0,3.0,4.0,2.0,4.0,47.0,20.0,10.0,12.0,9.0,1.0,6.0
2014-403,Miami Masters,Hard,96,M,O,20140319,78,T786,11.0,,Jo-Wilfried Tsonga,R,188.0,FRA,28.92,11.0,2615.0,B837,,WC,Marcos Baghdatis,R,178.0,CYP,28.753,143.0,400.0,4-6 7-6(6) 7-5,3,R32,150.0,16.0,5.0,115.0,66.0,51.0,25.0,17.0,5.0,6.0,9.0,4.0,101.0,55.0,44.0,28.0,17.0,3.0,4.0
2014-403,Miami Masters,Hard,96,M,O,20140319,79,R419,16.0,,Tommy Robredo,R,180.0,ESP,31.882,17.0,2050.0,B747,,,Julien Benneteau,R,185.0,FRA,32.244,52.0,900.0,6-3 6-4,3,R32,78.0,8.0,3.0,63.0,36.0,25.0,15.0,10.0,6.0,8.0,6.0,0.0,46.0,33.0,21.0,6.0,9.0,0.0,4.0
2014-403,Miami Masters,Hard,96,M,O,20140319,80,D643,2.0,,Novak Djokovic,R,188.0,SRB,26.825,2.0,10900.0,MB02,30.0,,Florian Mayer,R,191.0,GER,30.453,32.0,1210.0,W/O,3,R32,,4.0,1.0,52.0,28.0,19.0,16.0,9.0,2.0,3.0,2.0,3.0,59.0,39.0,19.0,12.0,9.0,7.0,11.0
2014-403,Miami Masters,Hard,96,M,O,20140319,81,N409,1.0,,Rafael Nadal,L,185.0,ESP,27.792,1.0,13130.0,F510,14.0,,Fabio Fognini,R,178.0,ITA,26.82,14.0,2295.0,6-2 6-2,3,R16,62.0,3.0,1.0,35.0,23.0,22.0,10.0,8.0,0.0,0.0,2.0,1.0,48.0,27.0,17.0,9.0,8.0,4.0,8.0
2014-403,Miami Masters,Hard,96,M,O,20140319,82,R975,12.0,,Milos Raonic,R,196.0,CAN,23.225,12.0,2575.0,B896,,LL,Benjamin Becker,R,178.0,GER,32.756,93.0,610.0,6-3 6-4,3,R16,90.0,15.0,3.0,67.0,41.0,35.0,14.0,10.0,8.0,8.0,0.0,3.0,60.0,32.0,23.0,13.0,9.0,4.0,6.0
2014-403,Miami Masters,Hard,96,M,O,20140319,83,D801,22.0,,Alexandr Dolgopolov,R,180.0,UKR,25.361,23.0,1555.0,W367,3.0,,Stan Wawrinka,R,183.0,SUI,28.975,3.0,5650.0,6-4 3-6 6-1,3,R16,105.0,5.0,2.0,68.0,30.0,24.0,23.0,13.0,2.0,4.0,4.0,7.0,94.0,43.0,28.0,26.0,13.0,2.0,6.0
2014-403,Miami Masters,Hard,96,M,O,20140319,84,BA47,7.0,,Tomas Berdych,R,196.0,CZE,28.501,7.0,4540.0,I186,10.0,,John Isner,R,208.0,USA,28.895,10.0,2670.0,6-3 7-5,3,R16,91.0,7.0,3.0,59.0,34.0,30.0,15.0,11.0,2.0,2.0,9.0,1.0,73.0,47.0,30.0,13.0,10.0,6.0,8.0
2014-403,Miami Masters,Hard,96,M,O,20140319,85,F324,5.0,,Roger Federer,R,185.0,SUI,32.611,5.0,5045.0,G628,9.0,,Richard Gasquet,R,183.0,FRA,27.751,9.0,2905.0,6-1 6-2,3,R16,49.0,6.0,0.0,37.0,25.0,22.0,7.0,7.0,1.0,1.0,0.0,4.0,43.0,26.0,14.0,6.0,8.0,1.0,6.0
2014-403,Miami Masters,Hard,96,M,O,20140319,86,N552,20.0,,Kei Nishikori,R,178.0,JPN,24.219,21.0,1715.0,F401,4.0,,David Ferrer,R,175.0,ESP,31.962,4.0,5150.0,7-6(7) 2-6 7-6(9),3,R16,185.0,4.0,3.0,114.0,64.0,43.0,20.0,16.0,7.0,14.0,2.0,5.0,123.0,72.0,45.0,26.0,16.0,8.0,13.0
2014-403,Miami Masters,Hard,96,M,O,20140319,87,MC10,6.0,,Andy Murray,R,191.0,GBR,26.845,6.0,4795.0,T786,11.0,,Jo-Wilfried Tsonga,R,188.0,FRA,28.92,11.0,2615.0,6-4 6-1,3,R16,74.0,2.0,1.0,38.0,27.0,24.0,8.0,8.0,0.0,0.0,3.0,3.0,68.0,37.0,17.0,17.0,9.0,8.0,12.0
2014-403,Miami Masters,Hard,96,M,O,20140319,88,D643,2.0,,Novak Djokovic,R,188.0,SRB,26.825,2.0,10900.0,R419,16.0,,Tommy Robredo,R,180.0,ESP,31.882,17.0,2050.0,6-3 7-5,3,R16,82.0,5.0,2.0,60.0,39.0,32.0,14.0,11.0,1.0,1.0,2.0,1.0,58.0,44.0,31.0,6.0,10.0,0.0,2.0
2014-403,Miami Masters,Hard,96,M,O,20140319,89,N409,1.0,,Rafael Nadal,L,185.0,ESP,27.792,1.0,13130.0,R975,12.0,,Milos Raonic,R,196.0,CAN,23.225,12.0,2575.0,4-6 6-2 6-4,3,QF,156.0,2.0,2.0,84.0,63.0,47.0,12.0,14.0,2.0,3.0,8.0,5.0,103.0,57.0,43.0,18.0,14.0,6.0,9.0
2014-403,Miami Masters,Hard,96,M,O,20140319,90,BA47,7.0,,Tomas Berdych,R,196.0,CZE,28.501,7.0,4540.0,D801,22.0,,Alexandr Dolgopolov,R,180.0,UKR,25.361,23.0,1555.0,6-4 7-6(3),3,QF,105.0,11.0,2.0,64.0,44.0,36.0,10.0,11.0,1.0,3.0,9.0,3.0,83.0,40.0,33.0,15.0,11.0,6.0,9.0
2014-403,Miami Masters,Hard,96,M,O,20140319,91,N552,20.0,,Kei Nishikori,R,178.0,JPN,24.219,21.0,1715.0,F324,5.0,,Roger Federer,R,185.0,SUI,32.611,5.0,5045.0,3-6 7-5 6-4,3,QF,129.0,6.0,5.0,108.0,71.0,46.0,18.0,15.0,5.0,9.0,7.0,3.0,88.0,47.0,33.0,20.0,16.0,7.0,12.0
2014-403,Miami Masters,Hard,96,M,O,20140319,92,D643,2.0,,Novak Djokovic,R,188.0,SRB,26.825,2.0,10900.0,MC10,6.0,,Andy Murray,R,191.0,GBR,26.845,6.0,4795.0,7-5 6-3,3,QF,90.0,7.0,3.0,66.0,48.0,35.0,10.0,11.0,1.0,2.0,1.0,5.0,60.0,39.0,25.0,10.0,10.0,3.0,6.0
2014-403,Miami Masters,Hard,96,M,O,20140319,93,N409,1.0,,Rafael Nadal,L,185.0,ESP,27.792,1.0,13130.0,BA47,7.0,,Tomas Berdych,R,196.0,CZE,28.501,7.0,4540.0,W/O,3,SF,,7.0,3.0,66.0,48.0,35.0,10.0,11.0,1.0,2.0,1.0,5.0,60.0,39.0,25.0,10.0,10.0,3.0,6.0
2014-403,Miami Masters,Hard,96,M,O,20140319,94,D643,2.0,,Novak Djokovic,R,188.0,SRB,26.825,2.0,10900.0,N552,20.0,,Kei Nishikori,R,178.0,JPN,24.219,21.0,1715.0,W/O,3,SF,,7.0,3.0,66.0,48.0,35.0,10.0,11.0,1.0,2.0,1.0,5.0,60.0,39.0,25.0,10.0,10.0,3.0,6.0
2014-403,Miami Masters,Hard,96,M,O,20140319,95,D643,2.0,,Novak Djokovic,R,188.0,SRB,26.825,2.0,10900.0,N409,1.0,,Rafael Nadal,L,185.0,ESP,27.792,1.0,13130.0,6-3 6-3,3,F,84.0,5.0,0.0,49.0,35.0,30.0,8.0,9.0,1.0,1.0,2.0,1.0,52.0,37.0,22.0,7.0,9.0,1.0,4.0
2014-D009,Davis Cup WG QF: JPN vs CZE,Hard,4,D,,20140404,1,S694,,,Radek Stepanek,R,185.0,CZE,35.351,47.0,975.0,I230,,,Tatsuma Ito,R,180.0,JPN,25.878,146.0,384.0,6-7(5) 7-6(5) 6-1 7-5,5,RR,,,,,,,,,,,,,,,,,,,
2014-D009,Davis Cup WG QF: JPN vs CZE,Hard,4,D,,20140404,2,R685,,,Lukas Rosol,R,193.0,CZE,28.695,40.0,1036.0,DA81,,,Taro Daniel,R,191.0,JPN,21.183,190.0,262.0,6-4 6-4 3-6 4-6 6-2,5,RR,,,,,,,,,,,,,,,,,,,
2014-D009,Davis Cup WG QF: JPN vs CZE,Hard,4,D,,20140404,3,R685,,,Lukas Rosol,R,193.0,CZE,28.695,40.0,1036.0,U134,,,Yasutaka Uchiyama,R,183.0,JPN,21.662,268.0,171.0,6-3 3-6 6-4,3,RR,,,,,,,,,,,,,,,,,,,
2014-D009,Davis Cup WG QF: JPN vs CZE,Hard,4,D,,20140404,4,V708,,,Jiri Vesely,L,198.0,CZE,20.734,67.0,704.0,DA81,,,Taro Daniel,R,191.0,JPN,21.183,190.0,262.0,6-4 6-4,3,RR,,,,,,,,,,,,,,,,,,,
2014-D010,Davis Cup WG QF: FRA vs GER,Hard,4,D,,20140404,1,K839,,,Tobias Kamke,R,178.0,GER,27.871,96.0,585.0,B747,,,Julien Benneteau,R,185.0,FRA,32.287,50.0,935.0,7-6(8) 6-3 6-2,5,RR,,,,,,,,,,,,,,,,,,,
2014-D010,Davis Cup WG QF: FRA vs GER,Hard,4,D,,20140404,2,G967,,,Peter Gojowczyk,R,188.0,GER,24.72,119.0,504.0,T786,,,Jo-Wilfried Tsonga,R,188.0,FRA,28.964,12.0,2615.0,5-7 7-6(3) 3-6 7-6(8) 8-6,5,RR,,,,,,,,,,,,,,,,,,,
2014-D010,Davis Cup WG QF: FRA vs GER,Hard,4,D,,20140404,3,T786,,,Jo-Wilfried Tsonga,R,188.0,FRA,28.964,12.0,2615.0,K839,,,Tobias Kamke,R,178.0,GER,27.871,96.0,585.0,6-3 6-2 6-4,5,RR,,,,,,,,,,,,,,,,,,,
2014-D010,Davis Cup WG QF: FRA vs GER,Hard,4,D,,20140404,4,MC65,,,Gael Monfils,R,193.0,FRA,27.589,25.0,1510.0,G967,,,Peter Gojowczyk,R,188.0,GER,24.72,119.0,504.0,6-1 7-6(0) 6-2,5,RR,,,,,,,,,,,,,,,,,,,
2014-D011,Davis Cup WG QF: ITA vs GBR,Clay,4,D,,20140404,1,F510,,,Fabio Fognini,R,178.0,ITA,26.864,13.0,2340.0,W503,,,James Ward,R,188.0,GBR,27.149,161.0,348.0,6-4 2-6 6-4 6-1,5,RR,,,,,,,,,,,,,,,,,,,
2014-D011,Davis Cup WG QF: ITA vs GBR,Clay,4,D,,20140404,2,MC10,,,Andy Murray,R,191.0,GBR,26.888,8.0,3975.0,SA93,,,Andreas Seppi,R,191.0,ITA,30.116,34.0,1150.0,6-4 7-5 6-3,5,RR,,,,,,,,,,,,,,,,,,,
2014-D011,Davis Cup WG QF: ITA vs GBR,Clay,4,D,,20140404,3,F510,,,Fabio Fognini,R,178.0,ITA,26.864,13.0,2340.0,MC10,,,Andy Murray,R,191.0,GBR,26.888,8.0,3975.0,6-3 6-3 6-4,5,RR,,,,,,,,,,,,,,,,,,,
2014-D011,Davis Cup WG QF: ITA vs GBR,Clay,4,D,,20140404,4,SA93,,,Andreas Seppi,R,191.0,ITA,30.116,34.0,1150.0,W503,,,James Ward,R,188.0,GBR,27.149,161.0,348.0,6-4 6-3 6-4,5,RR,,,,,,,,,,,,,,,,,,,
2014-D012,Davis Cup WG QF: SUI vs KAZ,Hard,4,D,,20140404,1,G806,,,Andrey Golubev,R,180.0,KAZ,26.702,64.0,711.0,W367,,,Stan Wawrinka,R,183.0,SUI,29.018,3.0,5740.0,7-6(5) 6-2 3-6 7-6(5),5,RR,,,,,,,,,,,,,,,,,,,
2014-D012,Davis Cup WG QF: SUI vs KAZ,Hard,4,D,,20140404,2,F324,,,Roger Federer,R,185.0,SUI,32.654,4.0,5225.0,K926,,,Mikhail Kukushkin,R,183.0,KAZ,26.272,56.0,827.0,6-4 6-4 6-2,5,RR,,,,,,,,,,,,,,,,,,,
2014-D012,Davis Cup WG QF: SUI vs KAZ,Hard,4,D,,20140404,3,W367,,,Stan Wawrinka,R,183.0,SUI,29.018,3.0,5740.0,K926,,,Mikhail Kukushkin,R,183.0,KAZ,26.272,56.0,827.0,6-7(4) 6-4 6-4 6-4,5,RR,,,,,,,,,,,,,,,,,,,
2014-D012,Davis Cup WG QF: SUI vs KAZ,Hard,4,D,,20140404,4,F324,,,Roger Federer,R,185.0,SUI,32.654,4.0,5225.0,G806,,,Andrey Golubev,R,180.0,KAZ,26.702,64.0,711.0,7-6(0) 6-2 6-3,5,RR,,,,,,,,,,,,,,,,,,,
2014-D030,Davis Cup G1 R2: ECU vs BRA,Clay,4,D,,20140404,1,SC73,,,Rogerio Dutra Silva,R,178.0,BRA,30.16,157.0,368.0,C775,,,Julio Cesar Campozano,R,,ECU,28.172,495.0,71.0,6-4 2-6 6-4 6-4,5,RR,,,,,,,,,,,,,,,,,,,
2014-D030,Davis Cup G1 R2: ECU vs BRA,Clay,4,D,,20140404,2,GA36,,,Emilio Gomez,R,185.0,ECU,22.349,252.0,185.0,CC32,,,Guilherme Clezar,R,180.0,BRA,21.257,170.0,313.0,6-7(3) 6-4 1-1 RET,5,RR,,,,,,,,,,,,,,,,,,,
2014-D030,Davis Cup G1 R2: ECU vs BRA,Clay,4,D,,20140404,3,SC73,,,Rogerio Dutra Silva,R,178.0,BRA,30.16,157.0,368.0,GA36,,,Emilio Gomez,R,185.0,ECU,22.349,252.0,185.0,6-4 6-7(10) 6-1 6-1,5,RR,,,,,,,,,,,,,,,,,,,
2014-D031,Davis Cup G1 R2: COL vs DOM,Clay,4,D,,20140404,1,G725,,,Santiago Giraldo,R,188.0,COL,26.352,86.0,633.0,H896,,,Jose Hernandez-Fernandez,R,183.0,DOM,24.06,287.0,160.0,6-2 4-6 6-4 6-7(3) 6-2,5,RR,,,,,,,,,,,,,,,,,,,
2014-D031,Davis Cup G1 R2: COL vs DOM,Clay,4,D,,20140404,2,F444,,,Alejandro Falla,L,185.0,COL,30.387,70.0,687.0,E224,,,Victor Estrella Burgos,R,170.0,DOM,33.67,99.0,582.0,4-6 6-2 5-7 6-2 6-2,5,RR,,,,,,,,,,,,,,,,,,,
2014-D031,Davis Cup G1 R2: COL vs DOM,Clay,4,D,,20140404,3,BP79,,,Peter Bertran,R,183.0,DOM,18.081,,,F525,,,Robert Farah,R,193.0,COL,27.203,,,2-6 6-1 6-4,3,RR,,,,,,,,,,,,,,,,,,,
2014-D031,Davis Cup G1 R2: COL vs DOM,Clay,4,D,,20140404,4,C834,,,Juan Sebastian Cabal,R,185.0,COL,27.943,,,O634,,,Jose Olivares,R,163.0,DOM,17.235,,,6-0 6-1,3,RR,,,,,,,,,,,,,,,,,,,
2014-D034,Davis Cup G1 R2: CHN vs UZB,Hard,4,D,,20140404,1,I165,,,Denis Istomin,R,185.0,UZB,27.573,54.0,845.0,Z272,,,Ze Zhang,R,188.0,CHN,23.751,204.0,239.0,6-4 4-6 3-6 6-3 6-4,5,RR,,,,,,,,,,,,,,,,,,,
2014-D034,Davis Cup G1 R2: CHN vs UZB,Hard,4,D,,20140404,2,W571,,,Di Wu,R,173.0,CHN,22.554,195.0,256.0,D551,,,Farrukh Dustov,R,193.0,UZB,27.869,167.0,321.0,1-6 7-6(4) 7-6(4) 3-6 9-7,5,RR,,,,,,,,,,,,,,,,,,,
2014-D034,Davis Cup G1 R2: CHN vs UZB,Hard,4,D,,20140404,3,W571,,,Di Wu,R,173.0,CHN,22.554,195.0,256.0,I165,,,Denis Istomin,R,185.0,UZB,27.573,54.0,845.0,1-6 7-5 6-3 7-5,5,RR,,,,,,,,,,,,,,,,,,,
2014-D034,Davis Cup G1 R2: CHN vs UZB,Hard,4,D,,20140404,4,D551,,,Farrukh Dustov,R,193.0,UZB,27.869,167.0,321.0,Z272,,,Ze Zhang,R,188.0,CHN,23.751,204.0,239.0,6-2 1-6 6-3 6-7(4) 6-3,5,RR,,,,,,,,,,,,,,,,,,,
2014-D035,Davis Cup G1 R2: KOR vs IND,Hard,4,D,,20140404,1,D616,,,Somdev Devvarman,R,180.0,IND,29.136,88.0,617.0,CH27,,,Hyeon Chung,R,188.0,KOR,17.875,377.0,112.0,7-6(4) 7-6(3) 6-4,5,RR,,,,,,,,,,,,,,,,,,,
2014-D035,Davis Cup G1 R2: KOR vs IND,Hard,4,D,,20140404,2,L918,,,Yong-Kyu Lim,R,185.0,KOR,22.795,300.0,154.0,SG33,,,Sanam Singh,R,175.0,IND,26.229,371.0,115.0,7-6(5) 6-4 6-4,5,RR,,,,,,,,,,,,,,,,,,,
2014-D035,Davis Cup G1 R2: KOR vs IND,Hard,4,D,,20140404,3,D616,,,Somdev Devvarman,R,180.0,IND,29.136,88.0,617.0,L918,,,Yong-Kyu Lim,R,185.0,KOR,22.795,300.0,154.0,6-4 5-7 6-3 6-1,5,RR,,,,,,,,,,,,,,,,,,,
2014-D036,Davis Cup G2 R2: BAR vs ESA,Hard,4,D,,20140404,1,KC86,,,Darian King,R,188.0,BAR,21.938,399.0,101.0,A620,,,Rafael Arevalo,R,,ESA,27.751,1818.0,1.0,6-1 6-3 6-3,5,RR,,,,,,,,,,,,,,,,,,,
2014-D036,Davis Cup G2 R2: BAR vs ESA,Hard,4,D,,20140404,2,A853,,,Marcelo Arevalo,R,191.0,ESA,23.463,419.0,96.0,L653,,,Haydn Lewis,,,BAR,,,,7-6(5) 5-7 6-4 7-6(1),5,RR,,,,,,,,,,,,,,,,,,,
2014-D036,Davis Cup G2 R2: BAR vs ESA,Hard,4,D,,20140404,3,KC86,,,Darian King,R,188.0,BAR,21.938,399.0,101.0,A853,,,Marcelo Arevalo,R,191.0,ESA,23.463,419.0,96.0,6-0 1-0 RET,5,RR,,,,,,,,,,,,,,,,,,,
2014-D036,Davis Cup G2 R2: BAR vs ESA,Hard,4,D,,20140404,4,W692,,,Seanon Williams,,,BAR,23.146,,,BT51,,,Salvador Andres Bolanos,R,,ESA,15.817,,,6-2 6-7(5) 7-6(8),3,RR,,,,,,,,,,,,,,,,,,,
2014-D037,Davis Cup G2 R2: MEX vs PER,Hard,4,D,,20140404,1,R736,,,Miguel Reyes-Varela,R,175.0,MEX,26.787,,,E702,,,Mauricio Echazu,,,PER,25.199,513.0,66.0,6-3 4-6 7-6(2) 6-4,5,RR,,,,,,,,,,,,,,,,,,,
2014-D037,Davis Cup G2 R2: MEX vs PER,Hard,4,D,,20140404,2,BG25,,,Duilio Beretta,,,PER,22.105,464.0,81.0,R835,,,Cesar Ramirez,R,,MEX,24.189,660.0,37.0,2-6 6-4 2-6 6-1 6-1,5,RR,,,,,,,,,,,,,,,,,,,
2014-D037,Davis Cup G2 R2: MEX vs PER,Hard,4,D,,20140404,3,R736,,,Miguel Reyes-Varela,R,175.0,MEX,26.787,,,BG25,,,Duilio Beretta,,,PER,22.105,464.0,81.0,6-3 7-6(2) 4-6 6-3,5,RR,,,,,,,,,,,,,,,,,,,
2014-D037,Davis Cup G2 R2: MEX vs PER,Hard,4,D,,20140404,4,E702,,,Mauricio Echazu,,,PER,25.199,513.0,66.0,G510,,,Miguel Gallardo-Valles,R,,MEX,32.988,544.0,59.0,6-3 6-4,3,RR,,,,,,,,,,,,,,,,,,,
2014-D039,Davis Cup G2 PO: CHI vs PAR,Clay,4,D,,20140404,1,LB07,,,Gonzalo Lama,R,180.0,CHI,20.936,312.0,144.0,BT50,,,Juan Borba,R,,PAR,17.977,,,6-3 6-0 6-1,5,RR,,,,,,,,,,,,,,,,,,,
2014-D039,Davis Cup G2 PO: CHI vs PAR,Clay,4,D,,20140404,2,GD64,,,Cristian Garin,R,185.0,CHI,17.845,397.0,101.0,R695,,,Gustavo Ramirez,,,PAR,28.244,1818.0,1.0,4-6 6-3 6-0 6-3,5,RR,,,,,,,,,,,,,,,,,,,
2014-D039,Davis Cup G2 PO: CHI vs PAR,Clay,4,D,,20140404,3,A457,,,Jorge Aguilar,R,178.0,CHI,29.235,431.0,91.0,R836,,,Juan-Carlos Ramirez,,,PAR,25.355,,,6-4 6-2,3,RR,,,,,,,,,,,,,,,,,,,
2014-D039,Davis Cup G2 PO: CHI vs PAR,Clay,4,D,,20140404,4,GD64,,,Cristian Garin,R,185.0,CHI,17.845,397.0,101.0,BT50,,,Juan Borba,R,,PAR,17.977,,,6-2 6-1,3,RR,,,,,,,,,,,,,,,,,,,
2014-D040,Davis Cup G2 PO: BOL vs GUA,Clay,4,D,,20140404,1,D868,,,Christopher Diaz-Figueroa,R,175.0,GUA,24.057,429.0,91.0,Z239,,,Federico Zeballos,R,185.0,BOL,25.845,789.0,23.0,7-6(8) 7-6(4) 7-6(4),5,RR,,,,,,,,,,,,,,,,,,,
2014-D040,Davis Cup G2 PO: BOL vs GUA,Clay,4,D,,20140404,2,DA31,,,Hugo Dellien,R,180.0,BOL,20.799,321.0,139.0,BE60,,,Andres Bucaro,,,GUA,23.354,,,6-2 6-3 7-5,5,RR,,,,,,,,,,,,,,,,,,,
2014-D040,Davis Cup G2 PO: BOL vs GUA,Clay,4,D,,20140404,3,DA31,,,Hugo Dellien,R,180.0,BOL,20.799,321.0,139.0,D868,,,Christopher Diaz-Figueroa,R,175.0,GUA,24.057,429.0,91.0,6-3 3-6 6-2 4-6 6-2,5,RR,,,,,,,,,,,,,,,,,,,
2014-D047,Davis Cup G2 R2: PHI vs PAK,Clay,4,D,,20140404,1,T879,,,Patrick Tierro,,,PHI,28.674,,,K425,,,Aqeel Khan,R,,PAK,34.177,,,7-5 6-4 6-4,5,RR,,,,,,,,,,,,,,,,,,,
2014-D047,Davis Cup G2 R2: PHI vs PAK,Clay,4,D,,20140404,2,G810,,,Ruben Gonzales,R,,PHI,28.561,1276.0,4.0,I308,,,Samir Iftikhar,,,PAK,22.031,,,6-4 6-3 6-1,5,RR,,,,,,,,,,,,,,,,,,,
2014-D047,Davis Cup G2 R2: PHI vs PAK,Clay,4,D,,20140404,3,K425,,,Aqeel Khan,R,,PAK,34.177,,,A339,,,Johnny Arcilla,R,,PHI,34.133,,,4-6 6-1 2-6 6-3 5-1 RET,5,RR,,,,,,,,,,,,,,,,,,,
2014-D047,Davis Cup G2 R2: PHI vs PAK,Clay,4,D,,20140404,4,Q019,,,Aisam-Ul-Haq Qureshi,R,183.0,PAK,34.048,,,T879,,,Patrick Tierro,,,PHI,28.674,,,6-2 6-3 3-6 6-4,5,RR,,,,,,,,,,,,,,,,,,,
2014-D048,Davis Cup G2 R2: THA vs KUW,Hard,4,D,,20140404,1,I326,,,Pruchya Isaro,R,175.0,THA,18.467,,,AB23,,,Abdulhameed Alshatti,R,,KUW,18.683,2017.0,1.0,6-0 6-0 6-0,5,RR,,,,,,,,,,,,,,,,,,,
2014-D048,Davis Cup G2 R2: THA vs KUW,Hard,4,D,,20140404,2,G531,,,Mohammad Ghareeb,R,,KUW,33.7,833.0,19.0,TB70,,,Wishaya Trongcharoenchaikul,R,,THA,18.99,905.0,15.0,3-6 7-6(8) 7-6(4) 3-6 7-5,5,RR,,,,,,,,,,,,,,,,,,,
2014-D048,Davis Cup G2 R2: THA vs KUW,Hard,4,D,,20140404,3,I326,,,Pruchya Isaro,R,175.0,THA,18.467,,,G531,,,Mohammad Ghareeb,R,,KUW,33.7,833.0,19.0,6-2 7-6(12) 1-6 6-1,5,RR,,,,,,,,,,,,,,,,,,,
2014-D048,Davis Cup G2 R2: THA vs KUW,Hard,4,D,,20140404,4,SO02,,,Warit Sornbutnark,R,180.0,THA,21.098,1358.0,4.0,A570,,,Ali Ghareeb,,,KUW,28.052,1929.0,1.0,6-3 6-4,3,RR,,,,,,,,,,,,,,,,,,,
2014-D050,Davis Cup G2 PO: VIE vs SRI,Hard,4,D,,20140404,1,D532,,,Minh-Quan Do,,,VIE,30.24,,,TB65,,,Dineshkanthan Thangarajah,,,SRI,23.244,,,6-3 6-4 6-4,5,RR,,,,,,,,,,,,,,,,,,,
2014-D050,Davis Cup G2 PO: VIE vs SRI,Hard,4,D,,20140404,2,104631,,,Harshana Godamanna,,,SRI,26.311,,,N744,,,Thien Nguyen Hoang,R,,VIE,19.064,,,6-2 6-3 6-2,5,RR,,,,,,,,,,,,,,,,,,,
2014-D050,Davis Cup G2 PO: VIE vs SRI,Hard,4,D,,20140404,3,N744,,,Thien Nguyen Hoang,R,,VIE,19.064,,,DG51,,,Sharmal Dissanayake,R,,SRI,17.889,,,6-2 6-3 6-4,5,RR,,,,,,,,,,,,,,,,,,,
2014-D050,Davis Cup G2 PO: VIE vs SRI,Hard,4,D,,20140404,4,104631,,,Harshana Godamanna,,,SRI,26.311,,,D532,,,Minh-Quan Do,,,VIE,30.24,,,6-3 7-5 6-0,5,RR,,,,,,,,,,,,,,,,,,,
2014-D056,Davis Cup G1 R2: POL vs CRO,Hard,4,D,,20140404,1,C977,,,Marin Cilic,R,198.0,CRO,25.514,26.0,1330.0,P701,,,Michal Przysiezny,R,185.0,POL,30.13,73.0,674.0,6-1 6-4 6-4,5,RR,,,,,,,,,,,,,,,,,,,
2014-D056,Davis Cup G1 R2: POL vs CRO,Hard,4,D,,20140404,2,CG80,,,Borna Coric,R,188.0,CRO,17.385,295.0,157.0,J397,,,Jerzy Janowicz,R,203.0,POL,23.389,21.0,1715.0,2-6 6-2 7-5 5-7 6-4,5,RR,,,,,,,,,,,,,,,,,,,
2014-D056,Davis Cup G1 R2: POL vs CRO,Hard,4,D,,20140404,3,C977,,,Marin Cilic,R,198.0,CRO,25.514,26.0,1330.0,J397,,,Jerzy Janowicz,R,203.0,POL,23.389,21.0,1715.0,3-6 6-7(5) 6-4 6-1 6-3,5,RR,,,,,,,,,,,,,,,,,,,
2014-D057,Davis Cup G1 R2: SLO vs ISR,Clay,4,D,,20140404,1,W471,,,Amir Weintraub,R,185.0,ISR,27.548,198.0,250.0,K834,,,Blaz Kavcic,R,188.0,SLO,27.083,121.0,494.0,4-6 7-5 6-3 3-6 6-4,5,RR,,,,,,,,,,,,,,,,,,,
2014-D057,Davis Cup G1 R2: SLO vs ISR,Clay,4,D,,20140404,2,RA51,,,Blaz Rola,L,193.0,SLO,23.496,118.0,510.0,SC56,,,Dudi Sela,R,175.0,ISR,28.999,69.0,697.0,6-3 6-4 6-4,5,RR,,,,,,,,,,,,,,,,,,,
2014-D057,Davis Cup G1 R2: SLO vs ISR,Clay,4,D,,20140404,3,SC56,,,Dudi Sela,R,175.0,ISR,28.999,69.0,697.0,Z189,,,Grega Zemlja,R,183.0,SLO,27.513,154.0,372.0,6-2 6-7(5) 6-0 6-2,5,RR,,,,,,,,,,,,,,,,,,,
2014-D058,Davis Cup G1 R2: SVK vs AUT,Hard,4,D,,20140404,1,GB93,,,Norbert Gombos,R,193.0,SVK,23.641,164.0,330.0,TB69,,,Dominic Thiem,R,185.0,AUT,20.583,79.0,656.0,6-4 3-6 6-3 6-4,5,RR,,,,,,,,,,,,,,,,,,,
2014-D058,Davis Cup G1 R2: SVK vs AUT,Hard,4,D,,20140404,2,L797,,,Lukas Lacko,R,188.0,SVK,26.418,95.0,588.0,H804,,,Andreas Haider-Maurer,R,191.0,AUT,27.036,108.0,545.0,7-6(3) 4-6 4-6 6-2 6-3,5,RR,,,,,,,,,,,,,,,,,,,
2014-D058,Davis Cup G1 R2: SVK vs AUT,Hard,4,D,,20140404,3,H804,,,Andreas Haider-Maurer,R,191.0,AUT,27.036,108.0,545.0,GB93,,,Norbert Gombos,R,193.0,SVK,23.641,164.0,330.0,7-6(5) 7-5,3,RR,,,,,,,,,,,,,,,,,,,
2014-D058,Davis Cup G1 R2: SVK vs AUT,Hard,4,D,,20140404,4,L797,,,Lukas Lacko,R,188.0,SVK,26.418,95.0,588.0,MI43,,,Gerald Melzer,L,188.0,AUT,23.726,150.0,380.0,4-6 6-3 6-2,3,RR,,,,,,,,,,,,,,,,,,,
2014-D070,Davis Cup G2 R2: RSA vs LTU,Hard,4,D,,20140404,1,BE90,,,Ricardas Berankis,R,175.0,LTU,23.786,143.0,392.0,A741,,,Jean Andersen,,,RSA,25.796,863.0,17.0,6-3 7-6(2) 6-3,5,RR,,,,,,,,,,,,,,,,,,,
2014-D070,Davis Cup G2 R2: RSA vs LTU,Hard,4,D,,20140404,2,D424,,,Rik De Voest,R,180.0,RSA,33.829,261.0,176.0,GA71,,,Laurynas Grigelis,R,183.0,LTU,22.639,234.0,207.0,7-6(5) 7-6(3) 2-6 7-6(4),5,RR,,,,,,,,,,,,,,,,,,,
2014-D070,Davis Cup G2 R2: RSA vs LTU,Hard,4,D,,20140404,3,BE90,,,Ricardas Berankis,R,175.0,LTU,23.786,143.0,392.0,D424,,,Rik De Voest,R,180.0,RSA,33.829,261.0,176.0,6-2 6-4 5-7 7-5,5,RR,,,,,,,,,,,,,,,,,,,
2014-D070,Davis Cup G2 R2: RSA vs LTU,Hard,4,D,,20140404,4,GA71,,,Laurynas Grigelis,R,183.0,LTU,22.639,234.0,207.0,RA24,,,Ruan Roelofse,R,188.0,RSA,24.375,744.0,27.0,7-6(5) 3-6 7-6(3) 6-4,5,RR,,,,,,,,,,,,,,,,,,,
2014-D071,Davis Cup G2 R2: FIN vs BIH,Hard,4,D,,20140404,1,D923,,,Damir Dzumhur,R,175.0,BIH,21.873,158.0,356.0,PA15,,,Juho Paukku,,,FIN,27.71,1455.0,3.0,6-3 7-6(4) 6-4,5,RR,,,,,,,,,,,,,,,,,,,
2014-D071,Davis Cup G2 R2: FIN vs BIH,Hard,4,D,,20140404,2,BE67,,,Mirza Basic,R,188.0,BIH,22.73,221.0,219.0,N289,,,Jarkko Nieminen,L,185.0,FIN,32.698,45.0,1000.0,3-6 7-6(3) 3-6 6-3 8-6,5,RR,,,,,,,,,,,,,,,,,,,
2014-D071,Davis Cup G2 R2: FIN vs BIH,Hard,4,D,,20140404,3,N289,,,Jarkko Nieminen,L,185.0,FIN,32.698,45.0,1000.0,D923,,,Damir Dzumhur,R,175.0,BIH,21.873,158.0,356.0,7-5 7-6(1) 6-1,5,RR,,,,,,,,,,,,,,,,,,,
2014-D071,Davis Cup G2 R2: FIN vs BIH,Hard,4,D,,20140404,4,BE67,,,Mirza Basic,R,188.0,BIH,22.73,221.0,219.0,PA15,,,Juho Paukku,,,FIN,27.71,1455.0,3.0,3-6 4-6 6-3 7-5 6-4,5,RR,,,,,,,,,,,,,,,,,,,
2014-D072,Davis Cup G2 R2: MDA vs BLR,Clay,4,D,,20140404,1,A829,,,Radu Albot,R,175.0,MDA,24.394,177.0,290.0,Z248,,,Dzmitry Zhyrmont,R,188.0,BLR,25.092,327.0,136.0,6-2 6-2 3-6 6-2,5,RR,,,,,,,,,,,,,,,,,,,
2014-D072,Davis Cup G2 R2: MDA vs BLR,Clay,4,D,,20140404,2,DA02,,,Maxim Dubarenco,,,MDA,20.778,353.0,123.0,I236,,,Uladzimir Ignatik,R,183.0,BLR,23.723,251.0,186.0,7-5 7-6(5) 6-3,5,RR,,,,,,,,,,,,,,,,,,,
2014-D072,Davis Cup G2 R2: MDA vs BLR,Clay,4,D,,20140404,3,A829,,,Radu Albot,R,175.0,MDA,24.394,177.0,290.0,GC89,,,Egor Gerasimov,R,196.0,BLR,21.394,265.0,174.0,3-6 1-6 6-3 6-1 6-2,5,RR,,,,,,,,,,,,,,,,,,,
2014-D072,Davis Cup G2 R2: MDA vs BLR,Clay,4,D,,20140404,4,DA02,,,Maxim Dubarenco,,,MDA,20.778,353.0,123.0,Z248,,,Dzmitry Zhyrmont,R,188.0,BLR,25.092,327.0,136.0,7-6(3) 7-6(2),3,RR,,,,,,,,,,,,,,,,,,,
2014-D073,Davis Cup G2 R2: DEN vs LUX,Hard,4,D,,20140404,1,PB29,,,Martin Pedersen,,,DEN,26.804,1012.0,10.0,N718,,,Ugo Nastasi,R,185.0,LUX,20.966,948.0,13.0,6-4 6-4 6-1,5,RR,,,,,,,,,,,,,,,,,,,
2014-D073,Davis Cup G2 R2: DEN vs LUX,Hard,4,D,,20140404,2,N390,,,Frederik Nielsen,R,188.0,DEN,30.604,741.0,27.0,S887,,,Mike Scheidweiler,R,188.0,LUX,32.386,,,6-3 6-4 5-7 6-7(5) 6-1,5,RR,,,,,,,,,,,,,,,,,,,
2014-D073,Davis Cup G2 R2: DEN vs LUX,Hard,4,D,,20140404,3,N390,,,Frederik Nielsen,R,188.0,DEN,30.604,741.0,27.0,N718,,,Ugo Nastasi,R,185.0,LUX,20.966,948.0,13.0,6-4 3-6 6-2,3,RR,,,,,,,,,,,,,,,,,,,
2014-D073,Davis Cup G2 R2: DEN vs LUX,Hard,4,D,,20140404,4,TC12,,,Mikael Torpegaard,R,193.0,DEN,19.907,1184.0,6.0,TG10,,,Christophe Tholl,,,LUX,19.291,,,6-2 6-3,3,RR,,,,,,,,,,,,,,,,,,,
2014-D076,Davis Cup G2 PO: NOR vs MON,Hard,4,D,,20140404,1,B946,,,Benjamin Balleret,R,183.0,MON,31.217,276.0,167.0,DC76,,,Viktor Durasovic,R,185.0,NOR,17.043,1307.0,4.0,6-1 6-2 6-4,5,RR,,,,,,,,,,,,,,,,,,,
2014-D076,Davis Cup G2 PO: NOR vs MON,Hard,4,D,,20140404,2,AA81,,,Romain Arneodo,R,175.0,MON,21.665,541.0,60.0,BM15,,,Joachim Bjerke,R,178.0,NOR,19.395,938.0,13.0,7-6(7) 6-3 6-3,5,RR,,,,,,,,,,,,,,,,,,,
2014-D076,Davis Cup G2 PO: NOR vs MON,Hard,4,D,,20140404,3,B946,,,Benjamin Balleret,R,183.0,MON,31.217,276.0,167.0,BM15,,,Joachim Bjerke,R,178.0,NOR,19.395,938.0,13.0,7-6(5) 6-4,3,RR,,,,,,,,,,,,,,,,,,,
2014-D076,Davis Cup G2 PO: NOR vs MON,Hard,4,D,,20140404,4,AA81,,,Romain Arneodo,R,175.0,MON,21.665,541.0,60.0,DC76,,,Viktor Durasovic,R,185.0,NOR,17.043,1307.0,4.0,6-1 6-2,3,RR,,,,,,,,,,,,,,,,,,,
2014-D077,Davis Cup G2 PO: GRE vs BUL,Clay,4,D,,20140404,1,D875,,,Grigor Dimitrov,R,191.0,BUL,22.886,15.0,2130.0,KD48,,,Markos Kalovelonis,R,191.0,GRE,19.88,690.0,34.0,6-3 6-3 6-0,5,RR,,,,,,,,,,,,,,,,,,,
2014-D077,Davis Cup G2 PO: GRE vs BUL,Clay,4,D,,20140404,2,K918,,,Dimitar Kutrovsky,R,175.0,BUL,26.604,344.0,126.0,A584,,,Theodoros Angelinos,,,GRE,29.848,280.0,165.0,6-4 6-3 1-6 6-3,5,RR,,,,,,,,,,,,,,,,,,,
2014-D077,Davis Cup G2 PO: GRE vs BUL,Clay,4,D,,20140404,3,J206,,,Alexandros Jakupovic,R,,GRE,32.304,503.0,69.0,H950,,,Dinko Halachev,,,BUL,29.448,1155.0,7.0,7-6(2) 6-1,3,RR,,,,,,,,,,,,,,,,,,,
2014-D077,Davis Cup G2 PO: GRE vs BUL,Clay,4,D,,20140404,4,K918,,,Dimitar Kutrovsky,R,175.0,BUL,26.604,344.0,126.0,KB13,,,Charalampos Kapogiannis,,,GRE,24.222,949.0,13.0,5-7 6-0 6-1,3,RR,,,,,,,,,,,,,,,,,,,
2014-D078,Davis Cup G2 PO: IRL vs EGY,Hard,4,D,,20140404,1,MG47,,,James McGee,R,183.0,IRL,26.817,231.0,210.0,MJ70,,,Karim-Mohamed Maamoun,R,175.0,EGY,22.987,535.0,61.0,6-0 6-3 6-2,5,RR,,,,,,,,,,,,,,,,,,,
2014-D078,Davis Cup G2 PO: IRL vs EGY,Hard,4,D,,20140404,2,SK47,,,Mohamed Safwat,R,180.0,EGY,23.54,187.0,265.0,BH22,,,Sam Barry,R,191.0,IRL,22.185,392.0,103.0,3-6 7-5 7-5 7-6(5),5,RR,,,,,,,,,,,,,,,,,,,
2014-D078,Davis Cup G2 PO: IRL vs EGY,Hard,4,D,,20140404,3,MG47,,,James McGee,R,183.0,IRL,26.817,231.0,210.0,SK47,,,Mohamed Safwat,R,180.0,EGY,23.54,187.0,265.0,7-5 6-4 6-3,5,RR,,,,,,,,,,,,,,,,,,,
2014-D078,Davis Cup G2 PO: IRL vs EGY,Hard,4,D,,20140404,4,O466,,,Mazen Osama,A,,EGY,19.149,480.0,76.0,GA84,,,Daniel Glancy,,,IRL,25.388,738.0,28.0,7-6(4) 7-6(5),3,RR,,,,,,,,,,,,,,,,,,,
2014-D079,Davis Cup G2 PO: MAR vs CYP,Clay,4,D,,20140404,1,KD02,,,Sergis Kyratzis,L,,CYP,18.897,1574.0,2.0,KB07,,,Hicham Khaddari,,,MAR,22.626,512.0,66.0,2-6 6-2 6-1 7-5,5,RR,,,,,,,,,,,,,,,,,,,
2014-D079,Davis Cup G2 PO: MAR vs CYP,Clay,4,D,,20140404,2,O207,,,Lamine Ouahab,R,185.0,MAR,29.281,262.0,175.0,CH73,,,Petros Chrysochos,R,185.0,CYP,17.988,,,6-3 6-4 6-4,5,RR,,,,,,,,,,,,,,,,,,,
2014-D079,Davis Cup G2 PO: MAR vs CYP,Clay,4,D,,20140404,3,O207,,,Lamine Ouahab,R,185.0,MAR,29.281,262.0,175.0,KD02,,,Sergis Kyratzis,L,,CYP,18.897,1574.0,2.0,6-0 6-0 6-0,5,RR,,,,,,,,,,,,,,,,,,,
2014-D079,Davis Cup G2 PO: MAR vs CYP,Clay,4,D,,20140404,4,CG73,,,Ayoub Chakrouni,,,MAR,22.817,1206.0,6.0,I403,,,Constantinos Ioannides,R,178.0,CYP,18.825,,,6-3 6-2,3,RR,,,,,,,,,,,,,,,,,,,
2014-360,Casablanca,Clay,28,250,O,20140407,1,H528,,,Victor Hanescu,R,198.0,ROU,32.712,89.0,616.0,KB07,,WC,Hicham Khaddari,,,MAR,22.634,513.0,66.0,7-6(3) 6-3,3,R32,102.0,3.0,6.0,56.0,33.0,27.0,9.0,10.0,1.0,4.0,3.0,2.0,80.0,42.0,27.0,15.0,11.0,8.0,13.0
2014-360,Casablanca,Clay,28,250,O,20140407,2,SH90,5.0,,Joao Sousa,R,185.0,POR,25.021,38.0,1045.0,SF36,,,Igor Sijsling,R,191.0,NED,26.637,55.0,831.0,6-2 6-4,3,R32,58.0,2.0,0.0,46.0,27.0,22.0,11.0,9.0,1.0,2.0,3.0,4.0,60.0,26.0,16.0,15.0,9.0,7.0,11.0
2014-360,Casablanca,Clay,28,250,O,20140407,3,CF59,,Q,Roberto Carballes Baena,R,183.0,ESP,21.04,273.0,168.0,GB88,,Q,David Goffin,R,180.0,BEL,23.332,106.0,561.0,6-2 7-5,3,R32,108.0,3.0,1.0,79.0,39.0,27.0,22.0,10.0,5.0,6.0,1.0,3.0,59.0,26.0,17.0,15.0,10.0,1.0,5.0
2014-360,Casablanca,Clay,28,250,O,20140407,4,V708,,,Jiri Vesely,L,198.0,CZE,20.742,67.0,704.0,MD56,,,Leonardo Mayer,R,191.0,ARG,26.897,87.0,619.0,6-4 6-3,3,R32,85.0,1.0,3.0,58.0,28.0,24.0,17.0,10.0,1.0,2.0,1.0,8.0,59.0,24.0,18.0,17.0,9.0,5.0,8.0
2014-360,Casablanca,Clay,28,250,O,20140407,5,PF65,,Q,Filip Peliwo,R,180.0,POL,20.183,266.0,176.0,V254,,,Filippo Volandri,R,183.0,ITA,32.586,80.0,643.0,7-6(6) 6-3,3,R32,89.0,1.0,1.0,64.0,26.0,18.0,24.0,10.0,5.0,7.0,2.0,5.0,82.0,50.0,33.0,12.0,11.0,3.0,7.0
2014-360,Casablanca,Clay,28,250,O,20140407,6,D874,6.0,,Federico Delbonis,L,193.0,ARG,23.504,43.0,1009.0,SD32,,Q,Gilles Simon,R,183.0,FRA,29.276,27.0,1315.0,6-4 6-4,3,R32,84.0,1.0,2.0,63.0,38.0,29.0,15.0,10.0,2.0,2.0,1.0,2.0,57.0,26.0,21.0,16.0,10.0,1.0,3.0
2014-360,Casablanca,Clay,28,250,O,20140407,7,R772,,,Albert Ramos-Vinolas,L,188.0,ESP,26.22,104.0,569.0,O207,,WC,Lamine Ouahab,R,185.0,MAR,29.29,248.0,191.0,6-3 2-6 6-1,3,R32,100.0,2.0,1.0,62.0,39.0,24.0,11.0,12.0,2.0,7.0,0.0,1.0,81.0,48.0,27.0,12.0,12.0,4.0,11.0
2014-360,Casablanca,Clay,28,250,O,20140407,8,CD85,,,Pablo Carreno Busta,R,188.0,ESP,22.738,64.0,717.0,K839,,,Tobias Kamke,R,178.0,GER,27.88,92.0,605.0,6-1 6-2,3,R32,52.0,7.0,0.0,47.0,25.0,20.0,14.0,8.0,0.0,0.0,0.0,5.0,36.0,21.0,11.0,4.0,7.0,0.0,4.0
2014-360,Casablanca,Clay,28,250,O,20140407,9,N503,,,Aleksandr Nedovyesov,R,188.0,KAZ,27.14,77.0,654.0,H756,7.0,,Robin Haase,R,191.0,NED,27.003,47.0,972.0,7-6(6) 6-4,3,R32,92.0,4.0,1.0,73.0,45.0,30.0,12.0,11.0,4.0,8.0,4.0,2.0,68.0,42.0,29.0,10.0,11.0,4.0,9.0
2014-360,Casablanca,Clay,28,250,O,20140407,10,G476,8.0,,Guillermo Garcia-Lopez,R,185.0,ESP,30.842,53.0,866.0,K926,,,Mikhail Kukushkin,R,183.0,KAZ,26.281,56.0,827.0,7-6(5) 7-6(6),3,R32,136.0,3.0,7.0,91.0,46.0,32.0,20.0,12.0,1.0,5.0,0.0,1.0,106.0,59.0,38.0,21.0,12.0,7.0,11.0
2014-360,Casablanca,Clay,28,250,O,20140407,11,B884,,,Carlos Berlocq,R,183.0,ARG,31.173,61.0,735.0,G681,,,Teymuraz Gabashvili,R,185.0,GEO,28.873,58.0,779.0,6-4 6-1,3,R32,76.0,3.0,2.0,52.0,36.0,25.0,11.0,9.0,2.0,3.0,1.0,8.0,48.0,18.0,15.0,10.0,8.0,4.0,8.0
2014-360,Casablanca,Clay,28,250,O,20140407,12,M824,,,Albert Montanes,R,175.0,ESP,33.361,57.0,796.0,D750,,,Kenny De Schepper,L,203.0,FRA,26.858,62.0,729.0,6-2 6-3,3,R32,70.0,4.0,3.0,48.0,29.0,27.0,8.0,8.0,4.0,4.0,3.0,8.0,71.0,45.0,28.0,10.0,9.0,7.0,11.0
2014-360,Casablanca,Clay,28,250,O,20140407,13,H528,,,Victor Hanescu,R,198.0,ROU,32.712,89.0,616.0,A678,1.0,,Kevin Anderson,R,203.0,RSA,27.888,19.0,1940.0,6-4 6-4,3,R16,86.0,0.0,5.0,71.0,48.0,36.0,12.0,10.0,5.0,5.0,4.0,4.0,55.0,30.0,24.0,13.0,10.0,3.0,5.0
2014-360,Casablanca,Clay,28,250,O,20140407,14,D874,6.0,,Federico Delbonis,L,193.0,ARG,23.504,43.0,1009.0,PF65,,Q,Filip Peliwo,R,180.0,POL,20.183,266.0,176.0,6-2 6-7(5) 6-4,3,R16,130.0,5.0,3.0,93.0,53.0,40.0,22.0,15.0,1.0,3.0,7.0,10.0,99.0,54.0,42.0,15.0,15.0,5.0,10.0
2014-360,Casablanca,Clay,28,250,O,20140407,15,G710,4.0,,Marcel Granollers,R,191.0,ESP,27.986,36.0,1110.0,R772,,,Albert Ramos-Vinolas,L,188.0,ESP,26.22,104.0,569.0,6-3 7-6(3),3,R16,100.0,8.0,0.0,61.0,38.0,33.0,15.0,11.0,0.0,0.0,0.0,2.0,63.0,31.0,23.0,19.0,10.0,3.0,4.0
2014-360,Casablanca,Clay,28,250,O,20140407,16,CD85,,,Pablo Carreno Busta,R,188.0,ESP,22.738,64.0,717.0,N503,,,Aleksandr Nedovyesov,R,188.0,KAZ,27.14,77.0,654.0,3-6 6-1 7-6(3),3,R16,111.0,4.0,3.0,88.0,42.0,30.0,30.0,14.0,4.0,6.0,3.0,3.0,85.0,57.0,43.0,11.0,14.0,3.0,6.0
2014-360,Casablanca,Clay,28,250,O,20140407,17,G476,8.0,,Guillermo Garcia-Lopez,R,185.0,ESP,30.842,53.0,866.0,B884,,,Carlos Berlocq,R,183.0,ARG,31.173,61.0,735.0,6-2 7-5,3,R16,113.0,0.0,1.0,62.0,33.0,21.0,17.0,10.0,0.0,2.0,0.0,5.0,73.0,45.0,25.0,11.0,10.0,4.0,9.0
2014-360,Casablanca,Clay,28,250,O,20140407,18,PD31,3.0,,Benoit Paire,R,196.0,FRA,24.914,33.0,1155.0,M824,,,Albert Montanes,R,175.0,ESP,33.361,57.0,796.0,6-4 5-7 6-4,3,R16,98.0,13.0,3.0,93.0,53.0,40.0,24.0,16.0,3.0,5.0,3.0,6.0,98.0,58.0,43.0,21.0,16.0,4.0,7.0
2014-360,Casablanca,Clay,28,250,O,20140407,19,CF59,,Q,Roberto Carballes Baena,R,183.0,ESP,21.04,273.0,168.0,SH90,5.0,,Joao Sousa,R,185.0,POR,25.021,38.0,1045.0,6-7(7) 7-6(5) 6-2,3,R16,193.0,2.0,9.0,132.0,71.0,44.0,28.0,16.0,3.0,10.0,1.0,4.0,128.0,60.0,36.0,29.0,16.0,9.0,18.0
2014-360,Casablanca,Clay,28,250,O,20140407,20,KB54,,LL,Andrey Kuznetsov,R,183.0,RUS,23.121,142.0,399.0,V708,,,Jiri Vesely,L,198.0,CZE,20.742,67.0,704.0,6-2 3-1 RET,3,R16,44.0,1.0,0.0,36.0,23.0,18.0,6.0,6.0,0.0,1.0,0.0,3.0,35.0,20.0,11.0,5.0,6.0,2.0,6.0
2014-360,Casablanca,Clay,28,250,O,20140407,21,D874,6.0,,Federico Delbonis,L,193.0,ARG,23.504,43.0,1009.0,H528,,,Victor Hanescu,R,198.0,ROU,32.712,89.0,616.0,7-6(5) 6-3,3,QF,100.0,1.0,1.0,77.0,49.0,35.0,12.0,10.0,7.0,9.0,3.0,3.0,74.0,52.0,37.0,6.0,11.0,2.0,6.0
2014-360,Casablanca,Clay,28,250,O,20140407,22,G710,4.0,,Marcel Granollers,R,191.0,ESP,27.986,36.0,1110.0,CD85,,,Pablo Carreno Busta,R,188.0,ESP,22.738,64.0,717.0,6-7(4) 6-3 6-0,3,QF,142.0,9.0,6.0,94.0,49.0,41.0,21.0,13.0,2.0,3.0,3.0,0.0,96.0,48.0,31.0,24.0,14.0,9.0,15.0
2014-360,Casablanca,Clay,28,250,O,20140407,23,G476,8.0,,Guillermo Garcia-Lopez,R,185.0,ESP,30.842,53.0,866.0,PD31,3.0,,Benoit Paire,R,196.0,FRA,24.914,33.0,1155.0,7-5 7-6(4),3,QF,97.0,0.0,5.0,77.0,48.0,34.0,13.0,12.0,3.0,7.0,3.0,5.0,75.0,31.0,22.0,16.0,12.0,1.0,6.0
2014-360,Casablanca,Clay,28,250,O,20140407,24,CF59,,Q,Roberto Carballes Baena,R,183.0,ESP,21.04,273.0,168.0,KB54,,LL,Andrey Kuznetsov,R,183.0,RUS,23.121,142.0,399.0,6-4 6-2,3,QF,88.0,2.0,2.0,91.0,58.0,35.0,19.0,9.0,14.0,15.0,2.0,2.0,52.0,24.0,17.0,10.0,9.0,2.0,6.0
2014-360,Casablanca,Clay,28,250,O,20140407,25,G710,4.0,,Marcel Granollers,R,191.0,ESP,27.986,36.0,1110.0,D874,6.0,,Federico Delbonis,L,193.0,ARG,23.504,43.0,1009.0,6-1 6-4,3,SF,75.0,1.0,0.0,46.0,24.0,17.0,14.0,8.0,0.0,1.0,0.0,3.0,53.0,31.0,11.0,12.0,9.0,2.0,7.0
2014-360,Casablanca,Clay,28,250,O,20140407,26,G476,8.0,,Guillermo Garcia-Lopez,R,185.0,ESP,30.842,53.0,866.0,CF59,,Q,Roberto Carballes Baena,R,183.0,ESP,21.04,273.0,168.0,6-2 6-7(6) 6-4,3,SF,167.0,1.0,5.0,107.0,75.0,48.0,14.0,15.0,3.0,7.0,1.0,4.0,108.0,72.0,42.0,13.0,15.0,7.0,14.0
2014-360,Casablanca,Clay,28,250,O,20140407,27,G476,8.0,,Guillermo Garcia-Lopez,R,185.0,ESP,30.842,53.0,866.0,G710,4.0,,Marcel Granollers,R,191.0,ESP,27.986,36.0,1110.0,5-7 6-4 6-3,3,F,159.0,1.0,6.0,89.0,56.0,43.0,16.0,16.0,3.0,7.0,3.0,2.0,88.0,53.0,32.0,19.0,15.0,7.0,12.0
2014-717,Houston,Clay,28,250,O,20140407,1,BA65,,,Dustin Brown,R,196.0,JAM,29.328,101.0,580.0,W522,,WC,Rhyne Williams,R,185.0,USA,23.044,153.0,371.0,6-1 6-2,3,R32,49.0,5.0,1.0,43.0,24.0,20.0,12.0,8.0,0.0,0.0,0.0,0.0,42.0,26.0,13.0,7.0,7.0,3.0,7.0
2014-717,Houston,Clay,28,250,O,20140407,2,L397,5.0,,Feliciano Lopez,L,188.0,ESP,32.545,31.0,1225.0,G569,,Q,Robby Ginepri,R,183.0,USA,31.499,329.0,134.0,7-5 6-2,3,R32,84.0,6.0,1.0,59.0,29.0,20.0,18.0,10.0,2.0,4.0,2.0,2.0,62.0,38.0,20.0,12.0,10.0,7.0,12.0
2014-717,Houston,Clay,28,250,O,20140407,3,G892,,,Alejandro Gonzalez,R,191.0,COL,25.161,79.0,651.0,B837,,WC,Marcos Baghdatis,R,178.0,CYP,28.805,129.0,445.0,4-6 6-2 6-1,3,R32,119.0,0.0,1.0,100.0,52.0,31.0,26.0,12.0,10.0,13.0,5.0,9.0,77.0,41.0,28.0,10.0,13.0,2.0,9.0
2014-717,Houston,Clay,28,250,O,20140407,4,G725,,,Santiago Giraldo,R,188.0,COL,26.36,84.0,633.0,E690,,,Matthew Ebden,R,188.0,AUS,26.363,63.0,720.0,6-1 6-2,3,R32,58.0,0.0,0.0,39.0,28.0,20.0,9.0,7.0,0.0,0.0,3.0,9.0,48.0,22.0,18.0,3.0,8.0,3.0,8.0
2014-717,Houston,Clay,28,250,O,20140407,5,Q927,,,Sam Querrey,R,198.0,USA,26.5,82.0,640.0,B842,,,Alex Bogomolov Jr.,R,178.0,RUS,30.957,85.0,625.0,6-4 7-6(6),3,R32,97.0,17.0,4.0,83.0,46.0,31.0,14.0,11.0,4.0,8.0,1.0,3.0,81.0,53.0,31.0,12.0,11.0,6.0,11.0
2014-717,Houston,Clay,28,250,O,20140407,6,H432,7.0,,Lleyton Hewitt,R,178.0,AUS,33.114,46.0,1000.0,PB22,,Q,Peter Polansky,R,183.0,CAN,25.81,135.0,416.0,6-4 3-6 6-4,3,R32,124.0,1.0,12.0,101.0,59.0,30.0,19.0,15.0,8.0,16.0,3.0,3.0,80.0,51.0,32.0,7.0,14.0,5.0,13.0
2014-717,Houston,Clay,28,250,O,20140407,7,R368,,,Michael Russell,R,173.0,USA,35.934,97.0,588.0,G676,,,Daniel Gimeno-Traver,R,183.0,ESP,28.665,102.0,577.0,6-3 7-6(2),3,R32,90.0,1.0,2.0,72.0,52.0,40.0,9.0,11.0,1.0,2.0,6.0,2.0,85.0,52.0,34.0,15.0,10.0,4.0,6.0
2014-717,Houston,Clay,28,250,O,20140407,8,B896,,,Benjamin Becker,R,178.0,GER,32.808,68.0,698.0,R383,,Q,Ruben Ramirez Hidalgo,R,183.0,ESP,36.249,165.0,337.0,6-1 1-6 6-3,3,R32,99.0,7.0,9.0,72.0,39.0,31.0,13.0,12.0,1.0,4.0,1.0,5.0,73.0,41.0,27.0,12.0,11.0,6.0,10.0
2014-717,Houston,Clay,28,250,O,20140407,9,SM25,,,Jack Sock,R,191.0,USA,21.533,94.0,593.0,K336,8.0,,Ivo Karlovic,R,211.0,CRO,35.105,52.0,898.0,6-1 6-4,3,R32,56.0,3.0,4.0,44.0,31.0,29.0,5.0,9.0,1.0,2.0,8.0,2.0,46.0,24.0,19.0,6.0,8.0,2.0,6.0
2014-717,Houston,Clay,28,250,O,20140407,10,MA21,6.0,,Juan Monaco,R,185.0,ARG,30.023,42.0,1015.0,D616,,,Somdev Devvarman,R,180.0,IND,29.144,88.0,617.0,7-6(4) 6-2,3,R32,85.0,3.0,0.0,59.0,36.0,24.0,15.0,10.0,0.0,2.0,3.0,1.0,67.0,39.0,26.0,11.0,10.0,4.0,8.0
2014-717,Houston,Clay,28,250,O,20140407,11,Y124,,,Donald Young,L,183.0,USA,24.706,91.0,606.0,H940,,Q,Ryan Harrison,R,185.0,USA,21.916,115.0,524.0,6-0 6-1,3,R32,41.0,1.0,0.0,32.0,21.0,18.0,10.0,7.0,0.0,0.0,0.0,1.0,37.0,24.0,12.0,2.0,6.0,3.0,8.0
2014-717,Houston,Clay,28,250,O,20140407,12,J386,,WC,Steve Johnson,R,188.0,USA,24.285,69.0,688.0,KB09,,,Denis Kudla,R,180.0,USA,21.637,108.0,549.0,6-3 7-6(4),3,R32,112.0,5.0,2.0,76.0,39.0,29.0,20.0,11.0,2.0,3.0,1.0,4.0,88.0,56.0,34.0,16.0,10.0,6.0,8.0
2014-717,Houston,Clay,28,250,O,20140407,13,BA65,,,Dustin Brown,R,196.0,JAM,29.328,101.0,580.0,I186,1.0,,John Isner,R,208.0,USA,28.947,9.0,2715.0,6-4 6-7(7) 7-6(4),3,R16,139.0,12.0,10.0,135.0,83.0,68.0,26.0,17.0,9.0,9.0,13.0,2.0,116.0,68.0,50.0,29.0,17.0,2.0,3.0
2014-717,Houston,Clay,28,250,O,20140407,14,Q927,,,Sam Querrey,R,198.0,USA,26.5,82.0,640.0,H432,7.0,,Lleyton Hewitt,R,178.0,AUS,33.114,46.0,1000.0,6-3 6-4,3,R16,76.0,8.0,3.0,62.0,39.0,31.0,8.0,10.0,3.0,5.0,1.0,4.0,57.0,21.0,17.0,13.0,9.0,1.0,5.0
2014-717,Houston,Clay,28,250,O,20140407,15,A479,3.0,,Nicolas Almagro,R,183.0,ESP,28.627,20.0,1750.0,R368,,,Michael Russell,R,173.0,USA,35.934,97.0,588.0,6-2 6-3,3,R16,68.0,7.0,6.0,53.0,23.0,20.0,17.0,9.0,1.0,2.0,2.0,2.0,52.0,27.0,15.0,12.0,8.0,4.0,8.0
2014-717,Houston,Clay,28,250,O,20140407,16,SM25,,,Jack Sock,R,191.0,USA,21.533,94.0,593.0,B896,,,Benjamin Becker,R,178.0,GER,32.808,68.0,698.0,6-4 6-3,3,R16,74.0,3.0,2.0,48.0,22.0,15.0,20.0,9.0,4.0,5.0,3.0,3.0,70.0,35.0,21.0,17.0,10.0,6.0,10.0
2014-717,Houston,Clay,28,250,O,20140407,17,Y124,,,Donald Young,L,183.0,USA,24.706,91.0,606.0,MA21,6.0,,Juan Monaco,R,185.0,ARG,30.023,42.0,1015.0,6-7(4) 6-4 6-3,3,R16,135.0,3.0,6.0,94.0,55.0,43.0,19.0,15.0,10.0,14.0,1.0,2.0,99.0,63.0,36.0,18.0,16.0,1.0,8.0
2014-717,Houston,Clay,28,250,O,20140407,18,V306,4.0,,Fernando Verdasco,L,188.0,ESP,30.393,29.0,1270.0,J386,,WC,Steve Johnson,R,188.0,USA,24.285,69.0,688.0,6-0 4-6 6-3,3,R16,95.0,3.0,4.0,69.0,45.0,38.0,13.0,13.0,3.0,4.0,1.0,3.0,73.0,36.0,29.0,14.0,12.0,1.0,5.0
2014-717,Houston,Clay,28,250,O,20140407,19,G892,,,Alejandro Gonzalez,R,191.0,COL,25.161,79.0,651.0,L397,5.0,,Feliciano Lopez,L,188.0,ESP,32.545,31.0,1225.0,6-3 2-0 RET,3,R16,46.0,3.0,2.0,32.0,17.0,15.0,10.0,6.0,0.0,0.0,4.0,3.0,32.0,14.0,11.0,7.0,5.0,0.0,2.0
2014-717,Houston,Clay,28,250,O,20140407,20,G725,,,Santiago Giraldo,R,188.0,COL,26.36,84.0,633.0,R419,2.0,,Tommy Robredo,R,180.0,ESP,31.934,14.0,2140.0,6-3 6-4,3,R16,80.0,5.0,1.0,65.0,36.0,25.0,20.0,10.0,4.0,4.0,3.0,2.0,58.0,34.0,23.0,11.0,9.0,2.0,4.0
2014-717,Houston,Clay,28,250,O,20140407,21,Q927,,,Sam Querrey,R,198.0,USA,26.5,82.0,640.0,BA65,,,Dustin Brown,R,196.0,JAM,29.328,101.0,580.0,6-3 6-7(8) 6-3,3,QF,104.0,15.0,6.0,106.0,59.0,49.0,24.0,16.0,4.0,4.0,10.0,6.0,101.0,57.0,42.0,21.0,14.0,4.0,6.0
2014-717,Houston,Clay,28,250,O,20140407,22,A479,3.0,,Nicolas Almagro,R,183.0,ESP,28.627,20.0,1750.0,SM25,,,Jack Sock,R,191.0,USA,21.533,94.0,593.0,6-2 6-4,3,QF,73.0,7.0,0.0,41.0,25.0,22.0,14.0,9.0,0.0,0.0,5.0,5.0,57.0,31.0,20.0,13.0,9.0,3.0,6.0
2014-717,Houston,Clay,28,250,O,20140407,23,V306,4.0,,Fernando Verdasco,L,188.0,ESP,30.393,29.0,1270.0,Y124,,,Donald Young,L,183.0,USA,24.706,91.0,606.0,7-6(1) 6-1,3,QF,83.0,5.0,2.0,64.0,50.0,34.0,10.0,10.0,4.0,5.0,0.0,5.0,60.0,39.0,25.0,7.0,9.0,0.0,3.0
2014-717,Houston,Clay,28,250,O,20140407,24,G725,,,Santiago Giraldo,R,188.0,COL,26.36,84.0,633.0,G892,,,Alejandro Gonzalez,R,191.0,COL,25.161,79.0,651.0,6-3 6-4,3,QF,88.0,1.0,0.0,67.0,40.0,28.0,16.0,10.0,7.0,8.0,1.0,2.0,49.0,22.0,13.0,18.0,9.0,3.0,6.0
2014-717,Houston,Clay,28,250,O,20140407,25,A479,3.0,,Nicolas Almagro,R,183.0,ESP,28.627,20.0,1750.0,Q927,,,Sam Querrey,R,198.0,USA,26.5,82.0,640.0,W/O,3,SF,,1.0,0.0,67.0,40.0,28.0,16.0,10.0,7.0,8.0,1.0,2.0,49.0,22.0,13.0,18.0,9.0,3.0,6.0
2014-717,Houston,Clay,28,250,O,20140407,26,V306,4.0,,Fernando Verdasco,L,188.0,ESP,30.393,29.0,1270.0,G725,,,Santiago Giraldo,R,188.0,COL,26.36,84.0,633.0,6-4 7-5,3,SF,92.0,1.0,4.0,64.0,47.0,32.0,9.0,11.0,3.0,6.0,1.0,3.0,62.0,35.0,20.0,13.0,11.0,1.0,6.0
2014-717,Houston,Clay,28,250,O,20140407,27,V306,4.0,,Fernando Verdasco,L,188.0,ESP,30.393,29.0,1270.0,A479,3.0,,Nicolas Almagro,R,183.0,ESP,28.627,20.0,1750.0,6-3 7-6(4),3,F,112.0,4.0,1.0,96.0,76.0,50.0,10.0,11.0,6.0,7.0,8.0,1.0,66.0,36.0,26.0,16.0,10.0,7.0,9.0
2014-410,Monte Carlo Masters,Clay,56,M,O,20140413,1,G681,,Q,Teymuraz Gabashvili,R,185.0,GEO,28.89,58.0,779.0,SD32,,,Gilles Simon,R,183.0,FRA,29.292,28.0,1315.0,4-6 6-4 6-4,3,R64,163.0,5.0,2.0,113.0,60.0,39.0,23.0,15.0,5.0,10.0,4.0,3.0,111.0,65.0,42.0,18.0,15.0,5.0,11.0
2014-410,Monte Carlo Masters,Clay,56,M,O,20140413,2,R419,11.0,,Tommy Robredo,R,180.0,ESP,31.951,18.0,1890.0,GB88,,Q,David Goffin,R,180.0,BEL,23.348,105.0,561.0,6-4 6-1,3,R64,83.0,3.0,2.0,67.0,43.0,29.0,14.0,9.0,8.0,9.0,1.0,2.0,49.0,30.0,19.0,6.0,8.0,7.0,11.0
2014-410,Monte Carlo Masters,Clay,56,M,O,20140413,3,B747,,,Julien Benneteau,R,185.0,FRA,32.312,51.0,935.0,M762,,,Jurgen Melzer,L,183.0,AUT,32.893,60.0,735.0,6-4 3-6 6-4,3,R64,121.0,4.0,4.0,83.0,57.0,40.0,15.0,15.0,2.0,5.0,3.0,7.0,92.0,57.0,40.0,16.0,14.0,5.0,8.0
2014-410,Monte Carlo Masters,Clay,56,M,O,20140413,4,L575,,,Yen-Hsun Lu,R,180.0,TPE,30.664,52.0,930.0,D874,,,Federico Delbonis,L,193.0,ARG,23.521,44.0,1009.0,7-6(5) 6-1,3,R64,83.0,1.0,0.0,65.0,45.0,30.0,14.0,10.0,5.0,7.0,2.0,4.0,64.0,41.0,26.0,9.0,9.0,3.0,7.0
2014-410,Monte Carlo Masters,Clay,56,M,O,20140413,5,K435,,,Philipp Kohlschreiber,R,178.0,GER,30.491,25.0,1510.0,BA98,,WC,Simone Bolelli,R,183.0,ITA,28.512,329.0,135.0,6-3 6-4,3,R64,76.0,2.0,1.0,59.0,37.0,28.0,15.0,10.0,0.0,0.0,2.0,1.0,62.0,42.0,25.0,14.0,9.0,1.0,3.0
2014-410,Monte Carlo Masters,Clay,56,M,O,20140413,6,BD06,,,Roberto Bautista Agut,R,183.0,ESP,25.996,45.0,1000.0,PD07,,,Vasek Pospisil,R,193.0,CAN,23.806,29.0,1290.0,6-2 6-2,3,R64,83.0,1.0,0.0,60.0,43.0,31.0,9.0,8.0,5.0,5.0,2.0,5.0,61.0,40.0,23.0,8.0,8.0,6.0,10.0
2014-410,Monte Carlo Masters,Clay,56,M,O,20140413,7,F510,10.0,,Fabio Fognini,R,178.0,ITA,26.888,13.0,2400.0,SH90,,,Joao Sousa,R,185.0,POR,25.038,39.0,1050.0,5-7 7-5 6-4,3,R64,141.0,1.0,3.0,100.0,54.0,33.0,26.0,17.0,4.0,9.0,0.0,0.0,109.0,69.0,37.0,25.0,17.0,3.0,9.0
2014-410,Monte Carlo Masters,Clay,56,M,O,20140413,8,L428,,Q,Michael Llodra,L,191.0,FRA,33.903,147.0,381.0,J397,16.0,,Jerzy Janowicz,R,203.0,POL,23.414,21.0,1715.0,6-4 6-2,3,R64,66.0,4.0,1.0,46.0,32.0,27.0,8.0,9.0,2.0,3.0,1.0,7.0,61.0,31.0,22.0,9.0,9.0,3.0,7.0
2014-410,Monte Carlo Masters,Clay,56,M,O,20140413,9,R685,,,Lukas Rosol,R,193.0,CZE,28.72,47.0,971.0,D864,,Q,Evgeny Donskoy,R,185.0,RUS,23.929,108.0,556.0,7-5 6-1,3,R64,68.0,2.0,2.0,54.0,33.0,25.0,12.0,9.0,2.0,3.0,2.0,0.0,60.0,41.0,21.0,9.0,10.0,2.0,7.0
2014-410,Monte Carlo Masters,Clay,56,M,O,20140413,10,S694,,,Radek Stepanek,R,185.0,CZE,35.376,41.0,1040.0,K336,,,Ivo Karlovic,R,211.0,CRO,35.121,53.0,892.0,6-1 6-2,3,R64,58.0,1.0,3.0,42.0,25.0,21.0,12.0,8.0,1.0,1.0,2.0,4.0,46.0,25.0,16.0,7.0,7.0,7.0,11.0
2014-410,Monte Carlo Masters,Clay,56,M,O,20140413,11,T315,,,Dmitry Tursunov,R,185.0,RUS,31.335,33.0,1200.0,H756,,,Robin Haase,R,191.0,NED,27.02,50.0,947.0,6-1 5-7 6-3,3,R64,108.0,7.0,1.0,99.0,62.0,45.0,15.0,14.0,8.0,11.0,8.0,4.0,79.0,52.0,34.0,11.0,14.0,2.0,8.0
2014-410,Monte Carlo Masters,Clay,56,M,O,20140413,12,A596,,,Pablo Andujar,R,180.0,ESP,28.219,36.0,1116.0,R613,,,Edouard Roger-Vasselin,R,185.0,FRA,30.374,42.0,1035.0,2-6 7-5 7-6(5),3,R64,156.0,5.0,4.0,110.0,67.0,41.0,25.0,16.0,6.0,11.0,0.0,2.0,113.0,68.0,48.0,19.0,16.0,7.0,11.0
2014-410,Monte Carlo Masters,Clay,56,M,O,20140413,13,G476,,,Guillermo Garcia-Lopez,R,185.0,ESP,30.858,38.0,1071.0,B946,,WC,Benjamin Balleret,R,183.0,MON,31.242,275.0,167.0,7-5 6-2,3,R64,78.0,0.0,4.0,52.0,31.0,28.0,13.0,10.0,1.0,1.0,3.0,1.0,69.0,38.0,20.0,18.0,10.0,6.0,9.0
2014-410,Monte Carlo Masters,Clay,56,M,O,20140413,14,D801,17.0,,Alexandr Dolgopolov,R,180.0,UKR,25.429,22.0,1690.0,G858,,,Ernests Gulbis,R,191.0,LAT,25.618,23.0,1655.0,6-2 6-4,3,R64,82.0,5.0,1.0,54.0,24.0,20.0,17.0,9.0,1.0,2.0,7.0,7.0,77.0,40.0,28.0,13.0,9.0,7.0,11.0
2014-410,Monte Carlo Masters,Clay,56,M,O,20140413,15,MC65,,,Gael Monfils,R,193.0,FRA,27.614,24.0,1555.0,A678,14.0,,Kevin Anderson,R,203.0,RSA,27.904,19.0,1835.0,6-4 7-6(4),3,R64,92.0,7.0,0.0,61.0,36.0,31.0,18.0,11.0,0.0,0.0,6.0,2.0,82.0,54.0,35.0,18.0,11.0,6.0,7.0
2014-410,Monte Carlo Masters,Clay,56,M,O,20140413,16,CD85,,LL,Pablo Carreno Busta,R,188.0,ESP,22.754,62.0,730.0,D646,,,Ivan Dodig,R,183.0,CRO,29.276,37.0,1110.0,6-3 6-3,3,R64,65.0,4.0,1.0,41.0,21.0,19.0,17.0,9.0,0.0,0.0,3.0,3.0,60.0,32.0,23.0,12.0,9.0,5.0,8.0
2014-410,Monte Carlo Masters,Clay,56,M,O,20140413,17,M824,,Q,Albert Montanes,R,175.0,ESP,33.377,57.0,810.0,PD31,,,Benoit Paire,R,196.0,FRA,24.931,34.0,1155.0,7-5 4-6 6-2,3,R64,118.0,3.0,1.0,89.0,61.0,44.0,18.0,15.0,4.0,6.0,5.0,6.0,109.0,52.0,39.0,24.0,15.0,11.0,15.0
2014-410,Monte Carlo Masters,Clay,56,M,O,20140413,18,SA93,,,Andreas Seppi,R,191.0,ITA,30.141,35.0,1150.0,Y061,13.0,,Mikhail Youzhny,R,183.0,RUS,31.8,15.0,2090.0,6-3 7-6(4),3,R64,121.0,2.0,0.0,79.0,51.0,37.0,17.0,11.0,6.0,7.0,3.0,2.0,91.0,66.0,43.0,10.0,10.0,9.0,11.0
2014-410,Monte Carlo Masters,Clay,56,M,O,20140413,19,D875,12.0,,Grigor Dimitrov,R,191.0,BUL,22.91,14.0,2130.0,G710,,,Marcel Granollers,R,191.0,ESP,28.003,32.0,1215.0,6-2 4-6 6-2,3,R64,122.0,5.0,2.0,69.0,44.0,32.0,16.0,13.0,0.0,2.0,1.0,3.0,98.0,58.0,40.0,12.0,13.0,5.0,10.0
2014-410,Monte Carlo Masters,Clay,56,M,O,20140413,20,R772,,Q,Albert Ramos-Vinolas,L,188.0,ESP,26.237,101.0,569.0,N289,,,Jarkko Nieminen,L,185.0,FIN,32.723,46.0,1000.0,6-2 7-5,3,R64,82.0,5.0,0.0,59.0,42.0,27.0,11.0,10.0,3.0,5.0,1.0,1.0,57.0,33.0,16.0,11.0,10.0,4.0,9.0
2014-410,Monte Carlo Masters,Clay,56,M,O,20140413,21,CA12,,,Jeremy Chardy,R,188.0,FRA,27.165,48.0,970.0,SF36,,,Igor Sijsling,R,191.0,NED,26.653,55.0,831.0,1-6 6-2 7-6(5),3,R64,127.0,5.0,6.0,97.0,43.0,33.0,20.0,13.0,5.0,10.0,4.0,4.0,96.0,54.0,34.0,20.0,14.0,6.0,11.0
2014-410,Monte Carlo Masters,Clay,56,M,O,20140413,22,C977,,,Marin Cilic,R,198.0,CRO,25.539,27.0,1330.0,ME05,,LL,Marinko Matosevic,R,193.0,AUS,28.679,66.0,704.0,6-1 3-6 6-2,3,R64,103.0,9.0,2.0,64.0,37.0,32.0,9.0,12.0,1.0,4.0,5.0,3.0,87.0,50.0,23.0,22.0,12.0,7.0,13.0
2014-410,Monte Carlo Masters,Clay,56,M,O,20140413,23,M873,,,Nicolas Mahut,R,191.0,FRA,32.225,40.0,1042.0,TB69,,WC,Dominic Thiem,R,185.0,AUT,20.608,84.0,635.0,4-6 6-3 6-2,3,R64,127.0,11.0,4.0,102.0,62.0,48.0,16.0,14.0,10.0,12.0,1.0,2.0,96.0,66.0,38.0,17.0,13.0,7.0,11.0
2014-410,Monte Carlo Masters,Clay,56,M,O,20140413,24,A479,15.0,,Nicolas Almagro,R,183.0,ESP,28.643,20.0,1750.0,M850,,Q,Paul-Henri Mathieu,R,185.0,FRA,32.249,113.0,534.0,6-3 6-2,3,R64,65.0,4.0,1.0,46.0,25.0,22.0,11.0,8.0,1.0,1.0,0.0,2.0,55.0,34.0,21.0,8.0,9.0,2.0,6.0
2014-410,Monte Carlo Masters,Clay,56,M,O,20140413,25,N409,1.0,,Rafael Nadal,L,185.0,ESP,27.86,1.0,13730.0,G681,,Q,Teymuraz Gabashvili,R,185.0,GEO,28.89,58.0,779.0,6-4 6-1,3,R32,73.0,2.0,0.0,52.0,39.0,31.0,3.0,9.0,2.0,4.0,1.0,2.0,42.0,21.0,10.0,6.0,8.0,0.0,5.0
2014-410,Monte Carlo Masters,Clay,56,M,O,20140413,26,SA93,,,Andreas Seppi,R,191.0,ITA,30.141,35.0,1150.0,A596,,,Pablo Andujar,R,180.0,ESP,28.219,36.0,1116.0,7-6(5) 5-7 6-4,3,R32,169.0,10.0,1.0,122.0,64.0,45.0,31.0,17.0,12.0,15.0,5.0,2.0,112.0,82.0,53.0,16.0,17.0,6.0,9.0
2014-410,Monte Carlo Masters,Clay,56,M,O,20140413,27,D875,12.0,,Grigor Dimitrov,R,191.0,BUL,22.91,14.0,2130.0,R772,,Q,Albert Ramos-Vinolas,L,188.0,ESP,26.237,101.0,569.0,4-6 6-3 6-4,3,R32,121.0,8.0,2.0,76.0,48.0,42.0,17.0,15.0,0.0,1.0,3.0,1.0,83.0,53.0,35.0,19.0,14.0,3.0,5.0
2014-410,Monte Carlo Masters,Clay,56,M,O,20140413,28,F401,6.0,,David Ferrer,R,175.0,ESP,32.03,6.0,4640.0,CA12,,,Jeremy Chardy,R,188.0,FRA,27.165,48.0,970.0,6-3 6-0,3,R32,66.0,0.0,3.0,45.0,29.0,25.0,8.0,8.0,0.0,1.0,0.0,5.0,46.0,15.0,5.0,15.0,7.0,4.0,9.0
2014-410,Monte Carlo Masters,Clay,56,M,O,20140413,29,W367,3.0,,Stan Wawrinka,R,183.0,SUI,29.043,3.0,5760.0,C977,,,Marin Cilic,R,198.0,CRO,25.539,27.0,1330.0,6-0 6-2,3,R32,46.0,3.0,1.0,34.0,23.0,18.0,10.0,7.0,0.0,0.0,0.0,1.0,36.0,17.0,12.0,3.0,7.0,2.0,7.0
2014-410,Monte Carlo Masters,Clay,56,M,O,20140413,30,A479,15.0,,Nicolas Almagro,R,183.0,ESP,28.643,20.0,1750.0,M873,,,Nicolas Mahut,R,191.0,FRA,32.225,40.0,1042.0,7-6(3) 6-3,3,R32,96.0,7.0,1.0,86.0,51.0,41.0,18.0,11.0,4.0,4.0,2.0,1.0,66.0,42.0,32.0,10.0,10.0,1.0,2.0
2014-410,Monte Carlo Masters,Clay,56,M,O,20140413,31,R419,11.0,,Tommy Robredo,R,180.0,ESP,31.951,18.0,1890.0,B747,,,Julien Benneteau,R,185.0,FRA,32.312,51.0,935.0,4-6 6-0 6-1,3,R32,92.0,4.0,0.0,65.0,46.0,32.0,14.0,12.0,5.0,7.0,1.0,0.0,70.0,57.0,29.0,5.0,11.0,6.0,12.0
2014-410,Monte Carlo Masters,Clay,56,M,O,20140413,32,R975,8.0,,Milos Raonic,R,196.0,CAN,23.294,10.0,2580.0,L575,,,Yen-Hsun Lu,R,180.0,TPE,30.664,52.0,930.0,6-7(4) 6-2 6-1,3,R32,119.0,19.0,3.0,84.0,53.0,43.0,18.0,14.0,2.0,3.0,4.0,6.0,107.0,76.0,41.0,16.0,13.0,14.0,19.0
2014-410,Monte Carlo Masters,Clay,56,M,O,20140413,33,T786,9.0,,Jo-Wilfried Tsonga,R,188.0,FRA,28.988,12.0,2550.0,K435,,,Philipp Kohlschreiber,R,178.0,GER,30.491,25.0,1510.0,6-4 1-6 6-4,3,R32,113.0,4.0,0.0,68.0,41.0,31.0,14.0,13.0,0.0,2.0,3.0,1.0,95.0,51.0,37.0,23.0,14.0,5.0,7.0
2014-410,Monte Carlo Masters,Clay,56,M,O,20140413,34,F510,10.0,,Fabio Fognini,R,178.0,ITA,26.888,13.0,2400.0,BD06,,,Roberto Bautista Agut,R,183.0,ESP,25.996,45.0,1000.0,7-6(6) 6-4,3,R32,104.0,2.0,5.0,77.0,43.0,28.0,14.0,11.0,0.0,5.0,0.0,4.0,73.0,53.0,31.0,6.0,11.0,1.0,7.0
2014-410,Monte Carlo Masters,Clay,56,M,O,20140413,35,R685,,,Lukas Rosol,R,193.0,CZE,28.72,47.0,971.0,L428,,Q,Michael Llodra,L,191.0,FRA,33.903,147.0,381.0,6-4 6-4,3,R32,62.0,7.0,2.0,56.0,38.0,29.0,11.0,10.0,3.0,4.0,2.0,1.0,61.0,41.0,28.0,8.0,10.0,4.0,7.0
2014-410,Monte Carlo Masters,Clay,56,M,O,20140413,36,F324,4.0,,Roger Federer,R,185.0,SUI,32.679,4.0,5355.0,S694,,,Radek Stepanek,R,185.0,CZE,35.376,41.0,1040.0,6-1 6-2,3,R32,52.0,2.0,1.0,42.0,33.0,29.0,4.0,8.0,2.0,2.0,0.0,5.0,41.0,25.0,14.0,7.0,7.0,0.0,4.0
2014-410,Monte Carlo Masters,Clay,56,M,O,20140413,37,BA47,5.0,,Tomas Berdych,R,196.0,CZE,28.569,5.0,4720.0,T315,,,Dmitry Tursunov,R,185.0,RUS,31.335,33.0,1200.0,7-5 6-4,3,R32,101.0,7.0,3.0,58.0,37.0,29.0,12.0,11.0,4.0,6.0,1.0,6.0,86.0,59.0,35.0,13.0,11.0,5.0,9.0
2014-410,Monte Carlo Masters,Clay,56,M,O,20140413,38,G476,,,Guillermo Garcia-Lopez,R,185.0,ESP,30.858,38.0,1071.0,D801,17.0,,Alexandr Dolgopolov,R,180.0,UKR,25.429,22.0,1690.0,6-1 7-5,3,R32,78.0,1.0,1.0,56.0,38.0,23.0,11.0,9.0,7.0,9.0,2.0,2.0,56.0,24.0,12.0,12.0,10.0,3.0,9.0
2014-410,Monte Carlo Masters,Clay,56,M,O,20140413,39,CD85,,LL,Pablo Carreno Busta,R,188.0,ESP,22.754,62.0,730.0,MC65,,,Gael Monfils,R,193.0,FRA,27.614,24.0,1555.0,6-3 7-6(6),3,R32,98.0,2.0,2.0,84.0,53.0,36.0,16.0,10.0,7.0,9.0,5.0,4.0,69.0,44.0,26.0,13.0,11.0,3.0,7.0
2014-410,Monte Carlo Masters,Clay,56,M,O,20140413,40,D643,2.0,,Novak Djokovic,R,188.0,SRB,26.894,2.0,11680.0,M824,,Q,Albert Montanes,R,175.0,ESP,33.377,57.0,810.0,6-1 6-0,3,R32,45.0,5.0,0.0,41.0,29.0,24.0,7.0,7.0,4.0,4.0,0.0,1.0,37.0,21.0,7.0,6.0,6.0,7.0,12.0
2014-410,Monte Carlo Masters,Clay,56,M,O,20140413,41,N409,1.0,,Rafael Nadal,L,185.0,ESP,27.86,1.0,13730.0,SA93,,,Andreas Seppi,R,191.0,ITA,30.141,35.0,1150.0,6-1 6-3,3,R16,74.0,2.0,2.0,45.0,29.0,24.0,7.0,8.0,5.0,6.0,1.0,0.0,49.0,27.0,15.0,7.0,8.0,0.0,5.0
2014-410,Monte Carlo Masters,Clay,56,M,O,20140413,42,F401,6.0,,David Ferrer,R,175.0,ESP,32.03,6.0,4640.0,D875,12.0,,Grigor Dimitrov,R,191.0,BUL,22.91,14.0,2130.0,6-4 6-2,3,R16,96.0,0.0,0.0,58.0,36.0,21.0,14.0,9.0,2.0,4.0,1.0,1.0,70.0,35.0,21.0,15.0,9.0,8.0,13.0
2014-410,Monte Carlo Masters,Clay,56,M,O,20140413,43,W367,3.0,,Stan Wawrinka,R,183.0,SUI,29.043,3.0,5760.0,A479,15.0,,Nicolas Almagro,R,183.0,ESP,28.643,20.0,1750.0,W/O,3,R16,,,,,,,,,,,,,,,,,,,
2014-410,Monte Carlo Masters,Clay,56,M,O,20140413,44,R975,8.0,,Milos Raonic,R,196.0,CAN,23.294,10.0,2580.0,R419,11.0,,Tommy Robredo,R,180.0,ESP,31.951,18.0,1890.0,6-4 6-3,3,R16,73.0,7.0,2.0,53.0,29.0,27.0,14.0,10.0,0.0,0.0,1.0,1.0,49.0,33.0,18.0,14.0,9.0,4.0,6.0
2014-410,Monte Carlo Masters,Clay,56,M,O,20140413,45,T786,9.0,,Jo-Wilfried Tsonga,R,188.0,FRA,28.988,12.0,2550.0,F510,10.0,,Fabio Fognini,R,178.0,ITA,26.888,13.0,2400.0,5-7 6-3 6-0,3,R16,116.0,6.0,2.0,86.0,49.0,36.0,19.0,14.0,7.0,10.0,1.0,3.0,75.0,51.0,30.0,9.0,13.0,2.0,8.0
2014-410,Monte Carlo Masters,Clay,56,M,O,20140413,46,F324,4.0,,Roger Federer,R,185.0,SUI,32.679,4.0,5355.0,R685,,,Lukas Rosol,R,193.0,CZE,28.72,47.0,971.0,6-4 6-1,3,R16,58.0,6.0,1.0,53.0,31.0,28.0,9.0,9.0,3.0,4.0,0.0,1.0,43.0,25.0,14.0,6.0,8.0,0.0,4.0
2014-410,Monte Carlo Masters,Clay,56,M,O,20140413,47,G476,,,Guillermo Garcia-Lopez,R,185.0,ESP,30.858,38.0,1071.0,BA47,5.0,,Tomas Berdych,R,196.0,CZE,28.569,5.0,4720.0,4-6 6-3 6-1,3,R16,126.0,0.0,1.0,77.0,59.0,41.0,7.0,13.0,2.0,5.0,6.0,2.0,85.0,42.0,28.0,16.0,13.0,4.0,10.0
2014-410,Monte Carlo Masters,Clay,56,M,O,20140413,48,D643,2.0,,Novak Djokovic,R,188.0,SRB,26.894,2.0,11680.0,CD85,,LL,Pablo Carreno Busta,R,188.0,ESP,22.754,62.0,730.0,6-0 6-1,3,R16,48.0,2.0,0.0,34.0,25.0,19.0,9.0,7.0,0.0,0.0,0.0,0.0,38.0,22.0,8.0,6.0,6.0,2.0,7.0
2014-410,Monte Carlo Masters,Clay,56,M,O,20140413,49,F401,6.0,,David Ferrer,R,175.0,ESP,32.03,6.0,4640.0,N409,1.0,,Rafael Nadal,L,185.0,ESP,27.86,1.0,13730.0,7-6(1) 6-4,3,QF,134.0,1.0,1.0,90.0,55.0,33.0,20.0,11.0,7.0,10.0,1.0,2.0,80.0,49.0,29.0,14.0,11.0,6.0,10.0
2014-410,Monte Carlo Masters,Clay,56,M,O,20140413,50,W367,3.0,,Stan Wawrinka,R,183.0,SUI,29.043,3.0,5760.0,R975,8.0,,Milos Raonic,R,196.0,CAN,23.294,10.0,2580.0,7-6(5) 6-2,3,QF,91.0,5.0,3.0,63.0,30.0,24.0,22.0,10.0,0.0,0.0,6.0,0.0,62.0,38.0,28.0,14.0,10.0,1.0,3.0
2014-410,Monte Carlo Masters,Clay,56,M,O,20140413,51,F324,4.0,,Roger Federer,R,185.0,SUI,32.679,4.0,5355.0,T786,9.0,,Jo-Wilfried Tsonga,R,188.0,FRA,28.988,12.0,2550.0,2-6 7-6(6) 6-1,3,QF,146.0,4.0,0.0,92.0,61.0,42.0,18.0,14.0,2.0,4.0,3.0,2.0,139.0,93.0,57.0,22.0,13.0,17.0,19.0
2014-410,Monte Carlo Masters,Clay,56,M,O,20140413,52,D643,2.0,,Novak Djokovic,R,188.0,SRB,26.894,2.0,11680.0,G476,,,Guillermo Garcia-Lopez,R,185.0,ESP,30.858,38.0,1071.0,4-6 6-3 6-1,3,QF,132.0,6.0,1.0,87.0,55.0,41.0,16.0,13.0,3.0,5.0,0.0,1.0,93.0,55.0,33.0,18.0,13.0,6.0,11.0
2014-410,Monte Carlo Masters,Clay,56,M,O,20140413,53,W367,3.0,,Stan Wawrinka,R,183.0,SUI,29.043,3.0,5760.0,F401,6.0,,David Ferrer,R,175.0,ESP,32.03,6.0,4640.0,6-1 7-6(3),3,SF,90.0,6.0,1.0,66.0,34.0,29.0,18.0,10.0,2.0,2.0,1.0,2.0,65.0,39.0,27.0,13.0,9.0,4.0,6.0
2014-410,Monte Carlo Masters,Clay,56,M,O,20140413,54,F324,4.0,,Roger Federer,R,185.0,SUI,32.679,4.0,5355.0,D643,2.0,,Novak Djokovic,R,188.0,SRB,26.894,2.0,11680.0,7-5 6-2,3,SF,75.0,3.0,1.0,57.0,40.0,33.0,10.0,10.0,2.0,2.0,2.0,0.0,59.0,40.0,24.0,12.0,10.0,2.0,5.0
2014-410,Monte Carlo Masters,Clay,56,M,O,20140413,55,W367,3.0,,Stan Wawrinka,R,183.0,SUI,29.043,3.0,5760.0,F324,4.0,,Roger Federer,R,185.0,SUI,32.679,4.0,5355.0,4-6 7-6(5) 6-2,3,F,134.0,5.0,2.0,93.0,54.0,43.0,22.0,15.0,1.0,3.0,3.0,1.0,103.0,69.0,51.0,15.0,15.0,4.0,7.0
2014-425,Barcelona,Clay,48,500,O,20140421,1,R772,,,Albert Ramos-Vinolas,L,188.0,ESP,26.259,103.0,569.0,D402,,,Nikolay Davydenko,R,178.0,RUS,32.884,82.0,630.0,6-4 6-4,3,R64,84.0,3.0,0.0,57.0,37.0,28.0,12.0,10.0,1.0,2.0,3.0,3.0,60.0,34.0,24.0,13.0,10.0,1.0,4.0
2014-425,Barcelona,Clay,48,500,O,20140421,2,KB54,,Q,Andrey Kuznetsov,R,183.0,RUS,23.159,131.0,444.0,CD85,,,Pablo Carreno Busta,R,188.0,ESP,22.776,58.0,816.0,2-6 6-1 6-2,3,R64,94.0,3.0,2.0,69.0,33.0,23.0,18.0,12.0,2.0,5.0,2.0,1.0,69.0,33.0,19.0,16.0,11.0,6.0,11.0
2014-425,Barcelona,Clay,48,500,O,20140421,3,G806,,,Andrey Golubev,R,180.0,KAZ,26.749,60.0,776.0,V490,,Q,Matteo Viola,R,185.0,ITA,26.79,190.0,268.0,6-4 6-3,3,R64,75.0,4.0,2.0,53.0,36.0,26.0,10.0,9.0,4.0,5.0,2.0,2.0,66.0,46.0,26.0,10.0,10.0,4.0,8.0
2014-425,Barcelona,Clay,48,500,O,20140421,4,BD06,,,Roberto Bautista Agut,R,183.0,ESP,26.018,45.0,1000.0,K540,,,Lukasz Kubot,R,191.0,POL,31.932,75.0,646.0,6-1 6-0,3,R64,61.0,2.0,1.0,47.0,34.0,27.0,7.0,7.0,8.0,8.0,1.0,1.0,39.0,22.0,7.0,7.0,6.0,2.0,7.0
2014-425,Barcelona,Clay,48,500,O,20140421,5,M824,,,Albert Montanes,R,175.0,ESP,33.399,59.0,810.0,L480,,Q,Marc Lopez,R,175.0,ESP,31.723,1014.0,10.0,7-6(4) 6-2,3,R64,102.0,2.0,4.0,67.0,48.0,34.0,9.0,10.0,6.0,8.0,1.0,0.0,74.0,57.0,30.0,8.0,10.0,1.0,5.0
2014-425,Barcelona,Clay,48,500,O,20140421,6,G676,,WC,Daniel Gimeno-Traver,R,183.0,ESP,28.704,104.0,567.0,CF59,,WC,Roberto Carballes Baena,R,183.0,ESP,21.079,187.0,270.0,6-3 7-5,3,R64,92.0,2.0,1.0,66.0,35.0,26.0,15.0,10.0,5.0,7.0,0.0,2.0,68.0,45.0,25.0,10.0,11.0,2.0,7.0
2014-425,Barcelona,Clay,48,500,O,20140421,7,CA33,,WC,Inigo Cervantes,R,180.0,ESP,24.389,824.0,20.0,N503,,,Aleksandr Nedovyesov,R,188.0,KAZ,27.179,72.0,659.0,3-6 6-2 6-4,3,R64,124.0,1.0,3.0,107.0,56.0,42.0,25.0,14.0,9.0,11.0,1.0,1.0,86.0,62.0,37.0,14.0,13.0,2.0,5.0
2014-425,Barcelona,Clay,48,500,O,20140421,8,G681,,,Teymuraz Gabashvili,R,185.0,GEO,28.912,55.0,833.0,P701,,,Michal Przysiezny,R,185.0,POL,30.177,77.0,637.0,6-3 6-4,3,R64,71.0,5.0,1.0,58.0,42.0,34.0,9.0,10.0,4.0,5.0,3.0,0.0,54.0,30.0,20.0,13.0,9.0,2.0,5.0
2014-425,Barcelona,Clay,48,500,O,20140421,9,D646,,,Ivan Dodig,R,183.0,CRO,29.298,37.0,1110.0,A941,,WC,Facundo Arguello,R,178.0,ARG,21.711,107.0,559.0,6-3 6-7(5) 6-2,3,R64,120.0,6.0,2.0,90.0,53.0,41.0,26.0,15.0,6.0,7.0,3.0,3.0,95.0,65.0,46.0,12.0,14.0,6.0,10.0
2014-425,Barcelona,Clay,48,500,O,20140421,10,D750,,,Kenny De Schepper,L,203.0,FRA,26.897,63.0,719.0,K771,,Q,Marsel Ilhan,R,191.0,TUR,26.861,154.0,356.0,6-3 7-5,3,R64,85.0,6.0,3.0,83.0,62.0,45.0,10.0,11.0,6.0,6.0,4.0,0.0,61.0,42.0,28.0,11.0,10.0,1.0,3.0
2014-425,Barcelona,Clay,48,500,O,20140421,11,K966,,,Martin Klizan,L,191.0,SVK,24.778,108.0,558.0,D616,,,Somdev Devvarman,R,180.0,IND,29.183,100.0,582.0,6-2 6-4,3,R64,79.0,0.0,1.0,50.0,34.0,24.0,10.0,9.0,3.0,4.0,8.0,2.0,72.0,44.0,25.0,13.0,9.0,7.0,11.0
2014-425,Barcelona,Clay,48,500,O,20140421,12,G725,,,Santiago Giraldo,R,188.0,COL,26.398,65.0,703.0,SF36,,,Igor Sijsling,R,191.0,NED,26.675,56.0,831.0,6-4 6-2,3,R64,59.0,3.0,0.0,54.0,41.0,28.0,10.0,9.0,0.0,0.0,5.0,1.0,57.0,38.0,21.0,13.0,9.0,3.0,6.0
2014-425,Barcelona,Clay,48,500,O,20140421,13,TB69,,Q,Dominic Thiem,R,185.0,AUT,20.63,80.0,632.0,S694,,,Radek Stepanek,R,185.0,CZE,35.398,41.0,1040.0,6-4 6-4,3,R64,71.0,5.0,3.0,65.0,33.0,28.0,14.0,10.0,3.0,4.0,5.0,5.0,55.0,38.0,27.0,8.0,10.0,3.0,6.0
2014-425,Barcelona,Clay,48,500,O,20140421,14,R613,,,Edouard Roger-Vasselin,R,185.0,FRA,30.396,46.0,985.0,BA86,,Q,Andreas Beck,L,191.0,GER,28.205,141.0,402.0,6-2 6-2,3,R64,68.0,11.0,1.0,53.0,36.0,28.0,10.0,8.0,6.0,6.0,3.0,2.0,56.0,37.0,24.0,5.0,8.0,6.0,10.0
2014-425,Barcelona,Clay,48,500,O,20140421,15,M762,,,Jurgen Melzer,L,183.0,AUT,32.914,73.0,655.0,K926,,,Mikhail Kukushkin,R,183.0,KAZ,26.319,57.0,825.0,7-6(5) 3-6 6-3,3,R64,149.0,5.0,4.0,93.0,49.0,40.0,20.0,15.0,2.0,6.0,6.0,3.0,113.0,73.0,48.0,21.0,15.0,7.0,11.0
2014-425,Barcelona,Clay,48,500,O,20140421,16,ME05,,,Marinko Matosevic,R,193.0,AUS,28.701,70.0,685.0,SH90,,,Joao Sousa,R,185.0,POR,25.06,40.0,1050.0,6-3 6-2,3,R64,74.0,4.0,0.0,53.0,34.0,26.0,10.0,9.0,1.0,2.0,0.0,1.0,63.0,39.0,24.0,8.0,8.0,10.0,14.0
2014-425,Barcelona,Clay,48,500,O,20140421,17,N409,1.0,,Rafael Nadal,L,185.0,ESP,27.882,1.0,13310.0,R772,,,Albert Ramos-Vinolas,L,188.0,ESP,26.259,103.0,569.0,7-6(2) 6-4,3,R32,117.0,1.0,0.0,70.0,51.0,35.0,12.0,11.0,2.0,4.0,1.0,3.0,67.0,40.0,26.0,11.0,11.0,0.0,3.0
2014-425,Barcelona,Clay,48,500,O,20140421,18,D646,,,Ivan Dodig,R,183.0,CRO,29.298,37.0,1110.0,L397,13.0,,Feliciano Lopez,L,188.0,ESP,32.583,30.0,1225.0,6-1 6-4,3,R32,61.0,10.0,0.0,45.0,28.0,23.0,13.0,9.0,0.0,0.0,4.0,2.0,44.0,25.0,17.0,8.0,8.0,4.0,7.0
2014-425,Barcelona,Clay,48,500,O,20140421,19,V306,11.0,,Fernando Verdasco,L,188.0,ESP,30.431,25.0,1500.0,D750,,,Kenny De Schepper,L,203.0,FRA,26.897,63.0,719.0,6-4 6-3,3,R32,79.0,1.0,1.0,54.0,40.0,28.0,9.0,9.0,7.0,8.0,3.0,3.0,64.0,43.0,28.0,8.0,10.0,3.0,7.0
2014-425,Barcelona,Clay,48,500,O,20140421,20,A479,6.0,,Nicolas Almagro,R,183.0,ESP,28.665,20.0,1750.0,K966,,,Martin Klizan,L,191.0,SVK,24.778,108.0,558.0,7-5 7-6(4),3,R32,109.0,12.0,2.0,71.0,40.0,32.0,19.0,12.0,2.0,3.0,4.0,2.0,100.0,62.0,38.0,21.0,12.0,8.0,10.0
2014-425,Barcelona,Clay,48,500,O,20140421,21,G725,,,Santiago Giraldo,R,188.0,COL,26.398,65.0,703.0,F510,3.0,,Fabio Fognini,R,178.0,ITA,26.91,13.0,2190.0,6-0 4-0 RET,3,R32,38.0,2.0,0.0,30.0,22.0,18.0,4.0,5.0,0.0,0.0,0.0,1.0,27.0,16.0,5.0,2.0,5.0,1.0,6.0
2014-425,Barcelona,Clay,48,500,O,20140421,22,TB69,,Q,Dominic Thiem,R,185.0,AUT,20.63,80.0,632.0,G710,14.0,,Marcel Granollers,R,191.0,ESP,28.025,31.0,1215.0,3-6 6-3 6-2,3,R32,135.0,0.0,1.0,103.0,63.0,36.0,22.0,13.0,9.0,13.0,3.0,1.0,77.0,49.0,30.0,11.0,13.0,7.0,13.0
2014-425,Barcelona,Clay,48,500,O,20140421,23,K435,10.0,,Philipp Kohlschreiber,R,178.0,GER,30.513,26.0,1465.0,R613,,,Edouard Roger-Vasselin,R,185.0,FRA,30.396,46.0,985.0,7-6(4) 6-2,3,R32,81.0,10.0,2.0,63.0,37.0,30.0,15.0,10.0,1.0,2.0,2.0,1.0,63.0,42.0,26.0,14.0,10.0,5.0,8.0
2014-425,Barcelona,Clay,48,500,O,20140421,24,M762,,,Jurgen Melzer,L,183.0,AUT,32.914,73.0,655.0,J397,7.0,,Jerzy Janowicz,R,203.0,POL,23.436,21.0,1715.0,6-4 7-6(1),3,R32,92.0,5.0,3.0,68.0,45.0,29.0,11.0,11.0,3.0,7.0,6.0,5.0,77.0,34.0,19.0,17.0,11.0,4.0,9.0
2014-425,Barcelona,Clay,48,500,O,20140421,25,R419,5.0,,Tommy Robredo,R,180.0,ESP,31.973,18.0,1980.0,ME05,,,Marinko Matosevic,R,193.0,AUS,28.701,70.0,685.0,6-3 6-4,3,R32,82.0,1.0,0.0,62.0,43.0,30.0,9.0,10.0,3.0,5.0,1.0,3.0,61.0,36.0,23.0,9.0,9.0,5.0,9.0
2014-425,Barcelona,Clay,48,500,O,20140421,26,C977,12.0,,Marin Cilic,R,198.0,CRO,25.561,27.0,1330.0,KB54,,Q,Andrey Kuznetsov,R,183.0,RUS,23.159,131.0,444.0,6-1 7-6(2),3,R32,77.0,10.0,1.0,67.0,39.0,34.0,13.0,10.0,4.0,5.0,0.0,2.0,63.0,34.0,24.0,11.0,9.0,2.0,5.0
2014-425,Barcelona,Clay,48,500,O,20140421,27,G806,,,Andrey Golubev,R,180.0,KAZ,26.749,60.0,776.0,PD31,16.0,,Benoit Paire,R,196.0,FRA,24.953,36.0,1155.0,6-4 5-1 RET,3,R32,61.0,1.0,2.0,51.0,36.0,28.0,5.0,8.0,2.0,3.0,0.0,2.0,48.0,30.0,19.0,6.0,8.0,4.0,8.0
2014-425,Barcelona,Clay,48,500,O,20140421,28,N552,4.0,,Kei Nishikori,R,178.0,JPN,24.309,17.0,1985.0,BD06,,,Roberto Bautista Agut,R,183.0,ESP,26.018,45.0,1000.0,6-1 4-6 6-3,3,R32,118.0,5.0,2.0,77.0,45.0,31.0,15.0,13.0,3.0,7.0,1.0,1.0,90.0,60.0,33.0,14.0,13.0,8.0,15.0
2014-425,Barcelona,Clay,48,500,O,20140421,29,M824,,,Albert Montanes,R,175.0,ESP,33.399,59.0,810.0,D801,8.0,,Alexandr Dolgopolov,R,180.0,UKR,25.451,22.0,1690.0,7-6(5) 6-3,3,R32,93.0,3.0,1.0,74.0,53.0,44.0,7.0,11.0,4.0,4.0,4.0,0.0,68.0,34.0,28.0,18.0,10.0,1.0,2.0
2014-425,Barcelona,Clay,48,500,O,20140421,30,G858,9.0,,Ernests Gulbis,R,191.0,LAT,25.64,23.0,1655.0,G676,,WC,Daniel Gimeno-Traver,R,183.0,ESP,28.704,104.0,567.0,7-5 7-6(1),3,R32,97.0,4.0,1.0,68.0,43.0,36.0,14.0,12.0,1.0,3.0,7.0,0.0,76.0,50.0,35.0,11.0,12.0,1.0,4.0
2014-425,Barcelona,Clay,48,500,O,20140421,31,CA33,,WC,Inigo Cervantes,R,180.0,ESP,24.389,824.0,20.0,T315,15.0,,Dmitry Tursunov,R,185.0,RUS,31.357,34.0,1200.0,5-7 6-0 6-3,3,R32,103.0,2.0,2.0,72.0,37.0,29.0,14.0,13.0,3.0,7.0,3.0,2.0,79.0,51.0,31.0,5.0,14.0,1.0,9.0
2014-425,Barcelona,Clay,48,500,O,20140421,32,G681,,,Teymuraz Gabashvili,R,185.0,GEO,28.912,55.0,833.0,F401,2.0,,David Ferrer,R,175.0,ESP,32.052,5.0,4910.0,6-4 6-2,3,R32,81.0,1.0,2.0,65.0,33.0,22.0,19.0,9.0,7.0,8.0,0.0,4.0,52.0,32.0,19.0,7.0,9.0,4.0,8.0
2014-425,Barcelona,Clay,48,500,O,20140421,33,N409,1.0,,Rafael Nadal,L,185.0,ESP,27.882,1.0,13310.0,D646,,,Ivan Dodig,R,183.0,CRO,29.298,37.0,1110.0,6-3 6-3,3,R16,84.0,1.0,0.0,48.0,36.0,25.0,9.0,9.0,0.0,1.0,5.0,3.0,57.0,32.0,21.0,9.0,9.0,4.0,8.0
2014-425,Barcelona,Clay,48,500,O,20140421,34,A479,6.0,,Nicolas Almagro,R,183.0,ESP,28.665,20.0,1750.0,V306,11.0,,Fernando Verdasco,L,188.0,ESP,30.431,25.0,1500.0,6-3 6-3,3,R16,73.0,4.0,0.0,48.0,23.0,20.0,15.0,9.0,3.0,4.0,2.0,2.0,64.0,50.0,27.0,7.0,9.0,5.0,9.0
2014-425,Barcelona,Clay,48,500,O,20140421,35,G725,,,Santiago Giraldo,R,188.0,COL,26.398,65.0,703.0,TB69,,Q,Dominic Thiem,R,185.0,AUT,20.63,80.0,632.0,4-6 6-4 7-5,3,R16,147.0,4.0,1.0,119.0,82.0,55.0,19.0,16.0,18.0,21.0,4.0,6.0,110.0,67.0,44.0,20.0,16.0,10.0,14.0
2014-425,Barcelona,Clay,48,500,O,20140421,36,K435,10.0,,Philipp Kohlschreiber,R,178.0,GER,30.513,26.0,1465.0,M762,,,Jurgen Melzer,L,183.0,AUT,32.914,73.0,655.0,7-5 6-3,3,R16,86.0,3.0,1.0,62.0,37.0,27.0,17.0,10.0,2.0,2.0,2.0,3.0,80.0,52.0,35.0,12.0,11.0,4.0,7.0
2014-425,Barcelona,Clay,48,500,O,20140421,37,C977,12.0,,Marin Cilic,R,198.0,CRO,25.561,27.0,1330.0,R419,5.0,,Tommy Robredo,R,180.0,ESP,31.973,18.0,1980.0,7-5 6-7(3) 7-6(5),3,R16,167.0,8.0,2.0,117.0,61.0,46.0,34.0,18.0,5.0,6.0,2.0,3.0,113.0,81.0,59.0,18.0,18.0,3.0,5.0
2014-425,Barcelona,Clay,48,500,O,20140421,38,N552,4.0,,Kei Nishikori,R,178.0,JPN,24.309,17.0,1985.0,G806,,,Andrey Golubev,R,180.0,KAZ,26.749,60.0,776.0,6-0 6-4,3,R16,76.0,3.0,2.0,59.0,42.0,26.0,8.0,8.0,4.0,6.0,0.0,2.0,55.0,34.0,14.0,9.0,8.0,6.0,12.0
2014-425,Barcelona,Clay,48,500,O,20140421,39,G858,9.0,,Ernests Gulbis,R,191.0,LAT,25.64,23.0,1655.0,M824,,,Albert Montanes,R,175.0,ESP,33.399,59.0,810.0,7-5 6-1,3,R16,75.0,6.0,1.0,51.0,36.0,28.0,9.0,10.0,0.0,1.0,0.0,3.0,66.0,37.0,24.0,11.0,9.0,2.0,6.0
2014-425,Barcelona,Clay,48,500,O,20140421,40,G681,,,Teymuraz Gabashvili,R,185.0,GEO,28.912,55.0,833.0,CA33,,WC,Inigo Cervantes,R,180.0,ESP,24.389,824.0,20.0,6-4 6-2,3,R16,80.0,1.0,1.0,51.0,26.0,23.0,13.0,9.0,1.0,2.0,4.0,3.0,55.0,31.0,21.0,9.0,9.0,2.0,6.0
2014-425,Barcelona,Clay,48,500,O,20140421,41,A479,6.0,,Nicolas Almagro,R,183.0,ESP,28.665,20.0,1750.0,N409,1.0,,Rafael Nadal,L,185.0,ESP,27.882,1.0,13310.0,2-6 7-6(5) 6-4,3,QF,167.0,4.0,2.0,121.0,65.0,43.0,25.0,15.0,13.0,18.0,2.0,4.0,91.0,61.0,43.0,14.0,15.0,3.0,7.0
2014-425,Barcelona,Clay,48,500,O,20140421,42,G725,,,Santiago Giraldo,R,188.0,COL,26.398,65.0,703.0,K435,10.0,,Philipp Kohlschreiber,R,178.0,GER,30.513,26.0,1465.0,6-4 4-3 RET,3,QF,67.0,4.0,0.0,54.0,34.0,23.0,11.0,9.0,1.0,3.0,3.0,1.0,47.0,26.0,18.0,9.0,8.0,1.0,4.0
2014-425,Barcelona,Clay,48,500,O,20140421,43,N552,4.0,,Kei Nishikori,R,178.0,JPN,24.309,17.0,1985.0,C977,12.0,,Marin Cilic,R,198.0,CRO,25.561,27.0,1330.0,6-1 6-3,3,QF,71.0,2.0,2.0,47.0,29.0,22.0,9.0,8.0,1.0,2.0,5.0,2.0,53.0,25.0,17.0,7.0,8.0,3.0,8.0
2014-425,Barcelona,Clay,48,500,O,20140421,44,G858,9.0,,Ernests Gulbis,R,191.0,LAT,25.64,23.0,1655.0,G681,,,Teymuraz Gabashvili,R,185.0,GEO,28.912,55.0,833.0,6-1 6-4,3,QF,88.0,1.0,0.0,54.0,38.0,28.0,11.0,9.0,5.0,5.0,0.0,3.0,71.0,45.0,28.0,9.0,8.0,5.0,8.0
2014-425,Barcelona,Clay,48,500,O,20140421,45,G725,,,Santiago Giraldo,R,188.0,COL,26.398,65.0,703.0,A479,6.0,,Nicolas Almagro,R,183.0,ESP,28.665,20.0,1750.0,7-5 6-3,3,SF,86.0,7.0,0.0,75.0,52.0,40.0,11.0,11.0,6.0,7.0,5.0,4.0,56.0,37.0,25.0,10.0,10.0,2.0,5.0
2014-425,Barcelona,Clay,48,500,O,20140421,46,N552,4.0,,Kei Nishikori,R,178.0,JPN,24.309,17.0,1985.0,G858,9.0,,Ernests Gulbis,R,191.0,LAT,25.64,23.0,1655.0,6-2 6-4,3,SF,86.0,1.0,3.0,50.0,31.0,25.0,12.0,9.0,0.0,0.0,5.0,2.0,66.0,39.0,25.0,12.0,9.0,7.0,10.0
2014-425,Barcelona,Clay,48,500,O,20140421,47,N552,4.0,,Kei Nishikori,R,178.0,JPN,24.309,17.0,1985.0,G725,,,Santiago Giraldo,R,188.0,COL,26.398,65.0,703.0,6-2 6-2,3,F,73.0,2.0,1.0,53.0,28.0,21.0,13.0,8.0,1.0,2.0,2.0,5.0,53.0,25.0,17.0,7.0,8.0,2.0,7.0
2014-773,Bucharest,Clay,28,250,O,20140421,1,V708,,,Jiri Vesely,L,198.0,CZE,20.78,79.0,635.0,CA12,,,Jeremy Chardy,R,188.0,FRA,27.187,48.0,970.0,7-6(3) 6-0,3,R32,89.0,4.0,0.0,54.0,38.0,32.0,9.0,9.0,1.0,1.0,2.0,5.0,83.0,51.0,29.0,16.0,9.0,7.0,10.0
2014-773,Bucharest,Clay,28,250,O,20140421,2,U061,,Q,Adrian Ungur,R,178.0,ROU,29.243,118.0,517.0,PD07,5.0,,Vasek Pospisil,R,193.0,CAN,23.828,29.0,1290.0,5-7 6-2 6-1,3,R32,113.0,1.0,2.0,76.0,48.0,34.0,15.0,13.0,4.0,7.0,3.0,3.0,95.0,56.0,33.0,15.0,14.0,10.0,17.0
2014-773,Bucharest,Clay,28,250,O,20140421,3,I165,,,Denis Istomin,R,185.0,UZB,27.619,53.0,845.0,BD20,,,Thomaz Bellucci,L,188.0,BRA,26.308,109.0,557.0,7-6(6) 7-6(6),3,R32,124.0,6.0,3.0,84.0,58.0,42.0,14.0,12.0,4.0,6.0,1.0,3.0,74.0,40.0,32.0,20.0,12.0,0.0,2.0
2014-773,Bucharest,Clay,28,250,O,20140421,4,H756,,,Robin Haase,R,191.0,NED,27.042,50.0,947.0,E690,,,Matthew Ebden,R,188.0,AUS,26.401,62.0,720.0,6-4 6-3,3,R32,84.0,4.0,2.0,59.0,34.0,22.0,12.0,9.0,4.0,7.0,3.0,5.0,69.0,48.0,27.0,5.0,10.0,2.0,8.0
2014-773,Bucharest,Clay,28,250,O,20140421,5,SC77,,,Sergiy Stakhovsky,R,193.0,UKR,28.287,92.0,605.0,CG40,,WC,Patrick Ciorcila,R,180.0,ROU,17.582,589.0,52.0,2-6 6-2 6-1,3,R32,92.0,1.0,3.0,74.0,55.0,40.0,8.0,12.0,5.0,7.0,0.0,0.0,69.0,45.0,25.0,15.0,11.0,4.0,8.0
2014-773,Bucharest,Clay,28,250,O,20140421,6,B884,,,Carlos Berlocq,R,183.0,ARG,31.211,61.0,735.0,SA93,6.0,,Andreas Seppi,R,191.0,ITA,30.163,35.0,1165.0,6-0 2-6 7-6(4),3,R32,151.0,2.0,1.0,84.0,72.0,42.0,4.0,13.0,5.0,10.0,1.0,0.0,106.0,73.0,42.0,14.0,13.0,13.0,19.0
2014-773,Bucharest,Clay,28,250,O,20140421,7,BE90,,Q,Ricardas Berankis,R,175.0,LTU,23.833,157.0,347.0,BG23,,Q,Nikoloz Basilashvili,R,185.0,GEO,22.157,310.0,145.0,6-7(2) 6-3 6-4,3,R32,131.0,3.0,1.0,106.0,64.0,47.0,19.0,16.0,6.0,8.0,4.0,5.0,103.0,61.0,42.0,19.0,15.0,4.0,8.0
2014-773,Bucharest,Clay,28,250,O,20140421,8,CA99,,WC,Marius Copil,R,191.0,ROU,23.51,167.0,326.0,ME82,,,Adrian Mannarino,L,180.0,FRA,25.81,90.0,606.0,6-1 6-4,3,R32,64.0,11.0,1.0,60.0,46.0,31.0,9.0,9.0,3.0,3.0,0.0,1.0,45.0,29.0,20.0,7.0,8.0,3.0,6.0
2014-773,Bucharest,Clay,28,250,O,20140421,9,M850,,Q,Paul-Henri Mathieu,R,185.0,FRA,32.271,102.0,569.0,M873,7.0,,Nicolas Mahut,R,191.0,FRA,32.246,39.0,1077.0,6-3 6-1,3,R32,83.0,1.0,0.0,47.0,26.0,17.0,15.0,8.0,1.0,2.0,3.0,1.0,58.0,36.0,21.0,6.0,8.0,2.0,7.0
2014-773,Bucharest,Clay,28,250,O,20140421,10,N289,8.0,,Jarkko Nieminen,L,185.0,FIN,32.745,54.0,840.0,MD56,,,Leonardo Mayer,R,191.0,ARG,26.935,86.0,619.0,6-3 3-6 7-6(4),3,R32,137.0,2.0,2.0,98.0,68.0,49.0,13.0,15.0,8.0,11.0,9.0,8.0,103.0,54.0,39.0,24.0,15.0,6.0,9.0
2014-773,Bucharest,Clay,28,250,O,20140421,11,R685,,,Lukas Rosol,R,193.0,CZE,28.742,43.0,1016.0,V254,,,Filippo Volandri,R,183.0,ITA,32.624,83.0,627.0,6-1 7-6(6),3,R32,67.0,8.0,1.0,61.0,39.0,30.0,13.0,10.0,1.0,2.0,0.0,1.0,58.0,45.0,29.0,4.0,9.0,1.0,4.0
2014-773,Bucharest,Clay,28,250,O,20140421,12,H528,,,Victor Hanescu,R,198.0,ROU,32.75,84.0,626.0,SC56,,,Dudi Sela,R,175.0,ISR,29.046,81.0,631.0,6-3 6-4,3,R32,75.0,1.0,0.0,61.0,46.0,34.0,6.0,10.0,4.0,5.0,1.0,2.0,57.0,34.0,21.0,12.0,9.0,2.0,5.0
2014-773,Bucharest,Clay,28,250,O,20140421,13,D875,1.0,,Grigor Dimitrov,R,191.0,BUL,22.932,16.0,2040.0,V708,,,Jiri Vesely,L,198.0,CZE,20.78,79.0,635.0,7-6(5) 6-2,3,R16,83.0,9.0,0.0,60.0,45.0,34.0,11.0,10.0,1.0,1.0,5.0,1.0,58.0,39.0,26.0,13.0,10.0,6.0,8.0
2014-773,Bucharest,Clay,28,250,O,20140421,14,SC77,,,Sergiy Stakhovsky,R,193.0,UKR,28.287,92.0,605.0,B884,,,Carlos Berlocq,R,183.0,ARG,31.211,61.0,735.0,4-6 7-6(5) 6-2,3,R16,142.0,3.0,3.0,100.0,74.0,52.0,12.0,15.0,3.0,6.0,1.0,1.0,97.0,59.0,39.0,20.0,15.0,2.0,6.0
2014-773,Bucharest,Clay,28,250,O,20140421,15,MC65,3.0,,Gael Monfils,R,193.0,FRA,27.636,24.0,1580.0,BE90,,Q,Ricardas Berankis,R,175.0,LTU,23.833,157.0,347.0,6-1 6-3,3,R16,59.0,7.0,1.0,61.0,43.0,32.0,9.0,8.0,5.0,5.0,0.0,0.0,42.0,23.0,11.0,9.0,8.0,1.0,5.0
2014-773,Bucharest,Clay,28,250,O,20140421,16,M850,,Q,Paul-Henri Mathieu,R,185.0,FRA,32.271,102.0,569.0,CA99,,WC,Marius Copil,R,191.0,ROU,23.51,167.0,326.0,6-3 6-2,3,R16,70.0,0.0,0.0,52.0,38.0,29.0,9.0,9.0,2.0,2.0,3.0,3.0,54.0,35.0,21.0,8.0,8.0,3.0,6.0
2014-773,Bucharest,Clay,28,250,O,20140421,17,R685,,,Lukas Rosol,R,193.0,CZE,28.742,43.0,1016.0,N289,8.0,,Jarkko Nieminen,L,185.0,FIN,32.745,54.0,840.0,6-2 6-4,3,R16,69.0,4.0,3.0,64.0,38.0,29.0,12.0,9.0,7.0,8.0,0.0,3.0,56.0,38.0,19.0,10.0,9.0,2.0,6.0
2014-773,Bucharest,Clay,28,250,O,20140421,18,SD32,4.0,,Gilles Simon,R,183.0,FRA,29.314,28.0,1315.0,H528,,,Victor Hanescu,R,198.0,ROU,32.75,84.0,626.0,2-6 6-3 6-3,3,R16,124.0,5.0,3.0,88.0,48.0,37.0,17.0,13.0,3.0,5.0,1.0,1.0,91.0,70.0,48.0,6.0,13.0,5.0,8.0
2014-773,Bucharest,Clay,28,250,O,20140421,19,I165,,,Denis Istomin,R,185.0,UZB,27.619,53.0,845.0,U061,,Q,Adrian Ungur,R,178.0,ROU,29.243,118.0,517.0,4-6 6-0 6-3,3,R16,104.0,3.0,0.0,77.0,54.0,43.0,12.0,13.0,2.0,3.0,1.0,2.0,80.0,57.0,36.0,11.0,12.0,2.0,6.0
2014-773,Bucharest,Clay,28,250,O,20140421,20,H756,,,Robin Haase,R,191.0,NED,27.042,50.0,947.0,Y061,2.0,,Mikhail Youzhny,R,183.0,RUS,31.822,15.0,2065.0,6-3 6-3,3,R16,69.0,3.0,2.0,49.0,25.0,20.0,16.0,9.0,1.0,2.0,0.0,5.0,52.0,31.0,20.0,8.0,9.0,1.0,5.0
2014-773,Bucharest,Clay,28,250,O,20140421,21,D875,1.0,,Grigor Dimitrov,R,191.0,BUL,22.932,16.0,2040.0,SC77,,,Sergiy Stakhovsky,R,193.0,UKR,28.287,92.0,605.0,6-3 6-4,3,QF,68.0,2.0,2.0,55.0,35.0,28.0,12.0,10.0,1.0,2.0,0.0,1.0,52.0,33.0,21.0,9.0,9.0,3.0,6.0
2014-773,Bucharest,Clay,28,250,O,20140421,22,MC65,3.0,,Gael Monfils,R,193.0,FRA,27.636,24.0,1580.0,M850,,Q,Paul-Henri Mathieu,R,185.0,FRA,32.271,102.0,569.0,3-6 7-6(8) 6-2,3,QF,141.0,5.0,3.0,100.0,66.0,48.0,16.0,14.0,5.0,7.0,1.0,1.0,106.0,77.0,51.0,13.0,15.0,10.0,13.0
2014-773,Bucharest,Clay,28,250,O,20140421,23,R685,,,Lukas Rosol,R,193.0,CZE,28.742,43.0,1016.0,SD32,4.0,,Gilles Simon,R,183.0,FRA,29.314,28.0,1315.0,7-6(2) 6-2,3,QF,99.0,3.0,2.0,73.0,45.0,30.0,15.0,10.0,2.0,5.0,3.0,3.0,93.0,60.0,40.0,7.0,10.0,7.0,12.0
2014-773,Bucharest,Clay,28,250,O,20140421,24,H756,,,Robin Haase,R,191.0,NED,27.042,50.0,947.0,I165,,,Denis Istomin,R,185.0,UZB,27.619,53.0,845.0,3-6 6-1 6-3,3,QF,97.0,1.0,2.0,73.0,44.0,34.0,15.0,12.0,4.0,6.0,3.0,1.0,74.0,51.0,36.0,7.0,13.0,6.0,11.0
2014-773,Bucharest,Clay,28,250,O,20140421,25,D875,1.0,,Grigor Dimitrov,R,191.0,BUL,22.932,16.0,2040.0,MC65,3.0,,Gael Monfils,R,193.0,FRA,27.636,24.0,1580.0,5-1 RET,3,SF,16.0,2.0,2.0,15.0,11.0,11.0,1.0,3.0,0.0,0.0,0.0,0.0,15.0,11.0,5.0,1.0,3.0,0.0,2.0
2014-773,Bucharest,Clay,28,250,O,20140421,26,R685,,,Lukas Rosol,R,193.0,CZE,28.742,43.0,1016.0,H756,,,Robin Haase,R,191.0,NED,27.042,50.0,947.0,3-6 6-3 6-2,3,SF,106.0,4.0,1.0,80.0,51.0,29.0,21.0,13.0,3.0,6.0,5.0,2.0,84.0,53.0,34.0,13.0,13.0,2.0,7.0
2014-773,Bucharest,Clay,28,250,O,20140421,27,D875,1.0,,Grigor Dimitrov,R,191.0,BUL,22.932,16.0,2040.0,R685,,,Lukas Rosol,R,193.0,CZE,28.742,43.0,1016.0,7-6(2) 6-1,3,F,81.0,4.0,1.0,53.0,31.0,26.0,12.0,9.0,1.0,2.0,1.0,0.0,79.0,49.0,29.0,12.0,10.0,5.0,9.0
2014-D051,Davis Cup G2 PO: INA vs HKG,Hard,4,D,,20140425,1,R862,,,Christopher Rungkat,R,175.0,INA,24.277,1064.0,9.0,K479,,,Ognian Kolev,L,,HKG,34.883,,,7-6(1) 6-4 6-4,5,RR,,,,,,,,,,,,,,,,,,,
2014-D051,Davis Cup G2 PO: INA vs HKG,Hard,4,D,,20140425,2,K409,,,Phillip King,R,175.0,USA,32.348,,,SK03,,,David Agung Susanto,,,INA,22.762,1312.0,4.0,6-2 2-6 7-6(5) 6-1,5,RR,,,,,,,,,,,,,,,,,,,
2014-D051,Davis Cup G2 PO: INA vs HKG,Hard,4,D,,20140425,3,R862,,,Christopher Rungkat,R,175.0,INA,24.277,1064.0,9.0,K409,,,Phillip King,R,175.0,USA,32.348,,,1-6 6-3 6-4 4-6 6-3,5,RR,,,,,,,,,,,,,,,,,,,
2014-D051,Davis Cup G2 PO: INA vs HKG,Hard,4,D,,20140425,4,K479,,,Ognian Kolev,L,,HKG,34.883,,,SK03,,,David Agung Susanto,,,INA,22.762,1312.0,4.0,1-6 1-4,5,RR,,,,,,,,,,,,,,,,,,,
2014-308,Munich,Clay,28,250,O,20140428,1,BA65,,WC,Dustin Brown,R,196.0,JAM,29.385,86.0,620.0,K336,,,Ivo Karlovic,R,211.0,CRO,35.162,53.0,902.0,7-6(4) 7-6(5),3,R32,87.0,3.0,1.0,74.0,49.0,40.0,19.0,12.0,1.0,1.0,11.0,0.0,80.0,55.0,42.0,17.0,12.0,1.0,1.0
2014-308,Munich,Clay,28,250,O,20140428,2,SA93,7.0,,Andreas Seppi,R,191.0,ITA,30.182,33.0,1165.0,B678,,LL,Michael Berrer,L,193.0,GER,33.823,116.0,513.0,6-3 7-5,3,R32,84.0,3.0,2.0,62.0,40.0,27.0,17.0,11.0,0.0,1.0,4.0,1.0,78.0,57.0,37.0,6.0,10.0,6.0,9.0
2014-308,Munich,Clay,28,250,O,20140428,3,R772,,Q,Albert Ramos-Vinolas,L,188.0,ESP,26.278,117.0,499.0,H432,,,Lleyton Hewitt,R,178.0,AUS,33.172,42.0,1020.0,6-7(6) 6-1 6-0,3,R32,137.0,4.0,2.0,91.0,62.0,43.0,16.0,13.0,3.0,4.0,6.0,6.0,86.0,46.0,31.0,14.0,12.0,3.0,9.0
2014-308,Munich,Clay,28,250,O,20140428,4,F444,,,Alejandro Falla,L,185.0,COL,30.453,71.0,687.0,N289,,,Jarkko Nieminen,L,185.0,FIN,32.764,56.0,840.0,6-2 6-1,3,R32,52.0,2.0,0.0,40.0,22.0,17.0,9.0,7.0,3.0,4.0,0.0,3.0,48.0,26.0,13.0,6.0,8.0,4.0,10.0
2014-308,Munich,Clay,28,250,O,20140428,5,D874,,,Federico Delbonis,L,193.0,ARG,23.562,44.0,1013.0,D402,,,Nikolay Davydenko,R,178.0,RUS,32.903,90.0,610.0,6-2 7-6(4),3,R32,93.0,1.0,0.0,56.0,45.0,39.0,7.0,10.0,0.0,0.0,6.0,1.0,87.0,53.0,37.0,16.0,10.0,7.0,9.0
2014-308,Munich,Clay,28,250,O,20140428,6,BD20,,Q,Thomaz Bellucci,L,188.0,BRA,26.327,122.0,467.0,D646,8.0,,Ivan Dodig,R,183.0,CRO,29.317,36.0,1135.0,7-6(0) 6-4,3,R32,102.0,2.0,3.0,77.0,43.0,34.0,18.0,11.0,5.0,6.0,4.0,3.0,70.0,32.0,24.0,18.0,11.0,1.0,3.0
2014-308,Munich,Clay,28,250,O,20140428,7,M762,,,Jurgen Melzer,L,183.0,AUT,32.934,66.0,700.0,Z355,,WC,Alexander Zverev,R,198.0,GER,17.021,765.0,25.0,6-1 6-2,3,R32,63.0,2.0,4.0,47.0,30.0,24.0,9.0,8.0,6.0,7.0,1.0,1.0,44.0,20.0,9.0,8.0,7.0,2.0,7.0
2014-308,Munich,Clay,28,250,O,20140428,8,SC77,,,Sergiy Stakhovsky,R,193.0,UKR,28.307,89.0,618.0,G967,,WC,Peter Gojowczyk,R,188.0,GER,24.786,113.0,530.0,3-6 6-4 6-1,3,R32,87.0,6.0,2.0,75.0,52.0,37.0,11.0,13.0,4.0,6.0,11.0,4.0,84.0,48.0,35.0,15.0,13.0,5.0,9.0
2014-308,Munich,Clay,28,250,O,20140428,9,SL28,,Q,Jan-Lennard Struff,R,193.0,GER,24.008,96.0,593.0,L397,6.0,,Feliciano Lopez,L,188.0,ESP,32.602,30.0,1225.0,6-3 6-4,3,R32,79.0,5.0,0.0,58.0,29.0,24.0,18.0,10.0,3.0,3.0,6.0,2.0,60.0,45.0,28.0,6.0,9.0,5.0,7.0
2014-308,Munich,Clay,28,250,O,20140428,10,I165,,,Denis Istomin,R,185.0,UZB,27.639,55.0,870.0,K435,5.0,,Philipp Kohlschreiber,R,178.0,GER,30.533,26.0,1375.0,7-5 2-6 6-4,3,R32,123.0,7.0,1.0,97.0,74.0,50.0,12.0,15.0,11.0,14.0,5.0,0.0,86.0,54.0,35.0,21.0,15.0,4.0,7.0
2014-308,Munich,Clay,28,250,O,20140428,11,ME05,,,Marinko Matosevic,R,193.0,AUS,28.72,68.0,697.0,P701,,,Michal Przysiezny,R,185.0,POL,30.196,79.0,637.0,2-6 6-5 RET,3,R32,88.0,5.0,2.0,65.0,38.0,25.0,11.0,9.0,7.0,11.0,4.0,0.0,58.0,36.0,25.0,9.0,10.0,1.0,4.0
2014-308,Munich,Clay,28,250,O,20140428,12,K966,,Q,Martin Klizan,L,191.0,SVK,24.797,111.0,533.0,SC56,,,Dudi Sela,R,175.0,ISR,29.065,82.0,631.0,6-1 6-2,3,R32,52.0,5.0,1.0,46.0,24.0,19.0,13.0,8.0,3.0,4.0,1.0,2.0,39.0,16.0,10.0,7.0,7.0,4.0,9.0
2014-308,Munich,Clay,28,250,O,20140428,13,F510,1.0,,Fabio Fognini,R,178.0,ITA,26.93,15.0,2190.0,BA65,,WC,Dustin Brown,R,196.0,JAM,29.385,86.0,620.0,7-6(4) 6-2,3,R16,65.0,2.0,1.0,54.0,37.0,27.0,11.0,10.0,1.0,3.0,4.0,3.0,72.0,48.0,31.0,9.0,10.0,3.0,7.0
2014-308,Munich,Clay,28,250,O,20140428,14,BD20,,Q,Thomaz Bellucci,L,188.0,BRA,26.327,122.0,467.0,D874,,,Federico Delbonis,L,193.0,ARG,23.562,44.0,1013.0,5-7 6-3 6-2,3,R16,127.0,7.0,2.0,104.0,59.0,40.0,25.0,15.0,5.0,7.0,3.0,4.0,94.0,64.0,42.0,15.0,14.0,10.0,14.0
2014-308,Munich,Clay,28,250,O,20140428,15,BE90,,LL,Ricardas Berankis,R,175.0,LTU,23.852,150.0,379.0,M762,,,Jurgen Melzer,L,183.0,AUT,32.934,66.0,700.0,7-6(5) 3-6 7-6(6),3,R16,146.0,3.0,1.0,114.0,67.0,48.0,21.0,16.0,5.0,10.0,9.0,1.0,116.0,72.0,50.0,23.0,17.0,5.0,9.0
2014-308,Munich,Clay,28,250,O,20140428,16,SL28,,Q,Jan-Lennard Struff,R,193.0,GER,24.008,96.0,593.0,SC77,,,Sergiy Stakhovsky,R,193.0,UKR,28.307,89.0,618.0,6-3 6-3,3,R16,73.0,1.0,0.0,62.0,43.0,30.0,12.0,9.0,6.0,6.0,3.0,2.0,63.0,52.0,35.0,2.0,9.0,8.0,11.0
2014-308,Munich,Clay,28,250,O,20140428,17,I165,,,Denis Istomin,R,185.0,UZB,27.639,55.0,870.0,ME05,,,Marinko Matosevic,R,193.0,AUS,28.72,68.0,697.0,6-7(6) 6-3 7-5,3,R16,131.0,8.0,1.0,99.0,78.0,58.0,11.0,16.0,5.0,6.0,11.0,2.0,104.0,62.0,46.0,21.0,17.0,3.0,7.0
2014-308,Munich,Clay,28,250,O,20140428,18,K966,,Q,Martin Klizan,L,191.0,SVK,24.797,111.0,533.0,Y061,3.0,,Mikhail Youzhny,R,183.0,RUS,31.841,17.0,2065.0,6-7(5) 6-2 7-6(2),3,R16,170.0,10.0,1.0,106.0,71.0,51.0,20.0,16.0,4.0,7.0,5.0,2.0,114.0,66.0,41.0,26.0,16.0,7.0,12.0
2014-308,Munich,Clay,28,250,O,20140428,19,SA93,7.0,,Andreas Seppi,R,191.0,ITA,30.182,33.0,1165.0,R772,,Q,Albert Ramos-Vinolas,L,188.0,ESP,26.278,117.0,499.0,6-3 6-4,3,R16,87.0,3.0,0.0,66.0,46.0,31.0,6.0,9.0,9.0,12.0,4.0,0.0,57.0,44.0,20.0,5.0,10.0,5.0,11.0
2014-308,Munich,Clay,28,250,O,20140428,20,H355,2.0,,Tommy Haas,R,188.0,GER,36.068,16.0,2075.0,F444,,,Alejandro Falla,L,185.0,COL,30.453,71.0,687.0,6-2 6-4,3,R16,74.0,4.0,1.0,65.0,44.0,31.0,10.0,9.0,5.0,7.0,1.0,2.0,56.0,36.0,22.0,6.0,9.0,2.0,7.0
2014-308,Munich,Clay,28,250,O,20140428,21,F510,1.0,,Fabio Fognini,R,178.0,ITA,26.93,15.0,2190.0,BD20,,Q,Thomaz Bellucci,L,188.0,BRA,26.327,122.0,467.0,6-2 6-2,3,QF,69.0,2.0,0.0,44.0,32.0,18.0,7.0,8.0,1.0,4.0,5.0,3.0,56.0,41.0,19.0,3.0,8.0,2.0,9.0
2014-308,Munich,Clay,28,250,O,20140428,22,SL28,,Q,Jan-Lennard Struff,R,193.0,GER,24.008,96.0,593.0,BE90,,LL,Ricardas Berankis,R,175.0,LTU,23.852,150.0,379.0,4-6 6-3 6-4,3,QF,120.0,12.0,2.0,107.0,60.0,47.0,23.0,15.0,9.0,10.0,2.0,0.0,77.0,39.0,30.0,24.0,14.0,1.0,3.0
2014-308,Munich,Clay,28,250,O,20140428,23,K966,,Q,Martin Klizan,L,191.0,SVK,24.797,111.0,533.0,I165,,,Denis Istomin,R,185.0,UZB,27.639,55.0,870.0,7-6(3) 1-6 6-1,3,QF,109.0,3.0,0.0,88.0,55.0,42.0,14.0,13.0,3.0,6.0,2.0,1.0,76.0,57.0,41.0,11.0,13.0,2.0,5.0
2014-308,Munich,Clay,28,250,O,20140428,24,H355,2.0,,Tommy Haas,R,188.0,GER,36.068,16.0,2075.0,SA93,7.0,,Andreas Seppi,R,191.0,ITA,30.182,33.0,1165.0,6-3 3-6 6-3,3,QF,116.0,3.0,0.0,84.0,55.0,38.0,17.0,14.0,3.0,5.0,8.0,2.0,98.0,55.0,38.0,23.0,13.0,4.0,7.0
2014-308,Munich,Clay,28,250,O,20140428,25,F510,1.0,,Fabio Fognini,R,178.0,ITA,26.93,15.0,2190.0,SL28,,Q,Jan-Lennard Struff,R,193.0,GER,24.008,96.0,593.0,6-3 6-1,3,SF,63.0,2.0,1.0,48.0,33.0,25.0,9.0,8.0,1.0,1.0,0.0,0.0,53.0,34.0,21.0,6.0,8.0,7.0,11.0
2014-308,Munich,Clay,28,250,O,20140428,26,K966,,Q,Martin Klizan,L,191.0,SVK,24.797,111.0,533.0,H355,2.0,,Tommy Haas,R,188.0,GER,36.068,16.0,2075.0,6-3 6-2,3,SF,64.0,7.0,1.0,46.0,24.0,20.0,12.0,8.0,2.0,3.0,1.0,1.0,61.0,44.0,20.0,8.0,9.0,5.0,10.0
2014-308,Munich,Clay,28,250,O,20140428,27,K966,,Q,Martin Klizan,L,191.0,SVK,24.797,111.0,533.0,F510,1.0,,Fabio Fognini,R,178.0,ITA,26.93,15.0,2190.0,2-6 6-1 6-2,3,F,89.0,5.0,5.0,74.0,42.0,30.0,14.0,12.0,4.0,7.0,4.0,1.0,60.0,40.0,25.0,9.0,11.0,0.0,5.0
2014-468,Estoril,Clay,28,250,O,20140428,1,D616,,,Somdev Devvarman,R,180.0,IND,29.202,102.0,575.0,E690,,,Matthew Ebden,R,188.0,AUS,26.42,64.0,720.0,6-2 6-3,3,R32,73.0,3.0,0.0,49.0,22.0,14.0,19.0,8.0,3.0,4.0,3.0,5.0,60.0,37.0,22.0,7.0,9.0,3.0,8.0
2014-468,Estoril,Clay,28,250,O,20140428,2,K540,,,Lukasz Kubot,R,191.0,POL,31.951,76.0,646.0,G681,7.0,,Teymuraz Gabashvili,R,185.0,GEO,28.931,52.0,903.0,6-3 7-5,3,R32,97.0,2.0,3.0,83.0,55.0,36.0,14.0,11.0,4.0,6.0,2.0,0.0,53.0,34.0,21.0,8.0,10.0,0.0,4.0
2014-468,Estoril,Clay,28,250,O,20140428,3,B884,,,Carlos Berlocq,R,183.0,ARG,31.231,62.0,735.0,DA81,,Q,Taro Daniel,R,191.0,JPN,21.248,190.0,269.0,6-3 6-2,3,R32,82.0,8.0,2.0,53.0,32.0,23.0,8.0,8.0,2.0,5.0,0.0,3.0,51.0,31.0,11.0,8.0,9.0,4.0,11.0
2014-468,Estoril,Clay,28,250,O,20140428,4,C882,,,Pablo Cuevas,R,180.0,URU,28.32,161.0,341.0,N503,,,Aleksandr Nedovyesov,R,188.0,KAZ,27.198,73.0,659.0,4-6 6-3 6-4,3,R32,113.0,3.0,1.0,79.0,44.0,28.0,23.0,15.0,3.0,7.0,4.0,1.0,86.0,57.0,33.0,16.0,14.0,3.0,8.0
2014-468,Estoril,Clay,28,250,O,20140428,5,G806,,,Andrey Golubev,R,180.0,KAZ,26.768,61.0,806.0,ME82,,,Adrian Mannarino,L,180.0,FRA,25.829,92.0,606.0,6-3 3-6 6-4,3,R32,123.0,2.0,6.0,85.0,46.0,30.0,21.0,14.0,3.0,8.0,1.0,5.0,85.0,48.0,28.0,15.0,14.0,1.0,7.0
2014-468,Estoril,Clay,28,250,O,20140428,6,MD56,,Q,Leonardo Mayer,R,191.0,ARG,26.954,88.0,619.0,SH90,6.0,,Joao Sousa,R,185.0,POR,25.079,40.0,1050.0,3-6 6-1 6-2,3,R32,118.0,5.0,10.0,85.0,43.0,35.0,19.0,12.0,7.0,9.0,2.0,5.0,84.0,44.0,34.0,12.0,12.0,9.0,14.0
2014-468,Estoril,Clay,28,250,O,20140428,7,E698,,WC,Gastao Elias,R,180.0,POR,23.425,179.0,294.0,V254,,,Filippo Volandri,R,183.0,ITA,32.643,84.0,627.0,6-4 6-3,3,R32,105.0,8.0,4.0,75.0,35.0,22.0,22.0,9.0,7.0,9.0,1.0,5.0,111.0,72.0,37.0,18.0,10.0,16.0,21.0
2014-468,Estoril,Clay,28,250,O,20140428,8,H528,,,Victor Hanescu,R,198.0,ROU,32.769,93.0,601.0,A829,,Q,Radu Albot,R,175.0,MDA,24.46,178.0,298.0,3-6 6-4 6-4,3,R32,126.0,3.0,4.0,91.0,63.0,39.0,12.0,14.0,7.0,12.0,0.0,4.0,98.0,78.0,44.0,6.0,15.0,6.0,12.0
2014-468,Estoril,Clay,28,250,O,20140428,9,CD85,,,Pablo Carreno Busta,R,188.0,ESP,22.795,60.0,816.0,K926,8.0,,Mikhail Kukushkin,R,183.0,KAZ,26.338,59.0,825.0,6-1 7-6(3),3,R32,76.0,6.0,4.0,56.0,33.0,25.0,13.0,10.0,1.0,4.0,1.0,1.0,57.0,29.0,17.0,11.0,9.0,2.0,7.0
2014-468,Estoril,Clay,28,250,O,20140428,10,MA49,,WC,Rui Machado,R,178.0,POR,30.048,243.0,200.0,T315,5.0,,Dmitry Tursunov,R,185.0,RUS,31.376,32.0,1190.0,6-0 6-0,3,R32,48.0,3.0,1.0,38.0,26.0,17.0,10.0,6.0,0.0,0.0,0.0,4.0,32.0,16.0,4.0,3.0,6.0,0.0,6.0
2014-468,Estoril,Clay,28,250,O,20140428,11,G676,,Q,Daniel Gimeno-Traver,R,183.0,ESP,28.723,98.0,587.0,G892,,,Alejandro Gonzalez,R,191.0,COL,25.218,80.0,637.0,6-4 6-1,3,R32,70.0,4.0,4.0,63.0,36.0,28.0,13.0,9.0,2.0,3.0,0.0,0.0,54.0,37.0,20.0,7.0,8.0,8.0,12.0
2014-468,Estoril,Clay,28,250,O,20140428,12,M824,,,Albert Montanes,R,175.0,ESP,33.418,57.0,835.0,CF59,,LL,Roberto Carballes Baena,R,183.0,ESP,21.098,188.0,270.0,7-6(4) 6-3,3,R32,99.0,4.0,2.0,70.0,40.0,30.0,17.0,11.0,1.0,3.0,2.0,3.0,72.0,42.0,24.0,17.0,10.0,3.0,6.0
2014-468,Estoril,Clay,28,250,O,20140428,13,BA47,1.0,,Tomas Berdych,R,196.0,CZE,28.611,6.0,4720.0,D616,,,Somdev Devvarman,R,180.0,IND,29.202,102.0,575.0,6-3 6-2,3,R16,76.0,6.0,4.0,54.0,34.0,29.0,10.0,9.0,3.0,3.0,1.0,0.0,53.0,25.0,13.0,16.0,8.0,2.0,5.0
2014-468,Estoril,Clay,28,250,O,20140428,14,MD56,,Q,Leonardo Mayer,R,191.0,ARG,26.954,88.0,619.0,G806,,,Andrey Golubev,R,180.0,KAZ,26.768,61.0,806.0,6-1 7-6(3),3,R16,94.0,1.0,3.0,65.0,30.0,22.0,25.0,10.0,4.0,5.0,0.0,5.0,70.0,36.0,23.0,15.0,9.0,4.0,7.0
2014-468,Estoril,Clay,28,250,O,20140428,15,E698,,WC,Gastao Elias,R,180.0,POR,23.425,179.0,294.0,G476,4.0,,Guillermo Garcia-Lopez,R,185.0,ESP,30.899,39.0,1073.0,6-4 3-6 6-2,3,R16,124.0,2.0,4.0,83.0,36.0,27.0,23.0,13.0,2.0,5.0,0.0,2.0,84.0,61.0,37.0,12.0,14.0,2.0,7.0
2014-468,Estoril,Clay,28,250,O,20140428,16,H528,,,Victor Hanescu,R,198.0,ROU,32.769,93.0,601.0,CD85,,,Pablo Carreno Busta,R,188.0,ESP,22.795,60.0,816.0,6-3 4-6 6-3,3,R16,129.0,2.0,2.0,88.0,59.0,38.0,18.0,14.0,5.0,8.0,1.0,6.0,82.0,38.0,25.0,23.0,14.0,7.0,12.0
2014-468,Estoril,Clay,28,250,O,20140428,17,G676,,Q,Daniel Gimeno-Traver,R,183.0,ESP,28.723,98.0,587.0,MA49,,WC,Rui Machado,R,178.0,POR,30.048,243.0,200.0,6-3 7-6(2),3,R16,97.0,7.0,4.0,80.0,38.0,31.0,22.0,11.0,5.0,6.0,1.0,3.0,67.0,45.0,30.0,10.0,10.0,2.0,4.0
2014-468,Estoril,Clay,28,250,O,20140428,18,G710,3.0,,Marcel Granollers,R,191.0,ESP,28.044,31.0,1215.0,M824,,,Albert Montanes,R,175.0,ESP,33.418,57.0,835.0,3-6 7-6(5) 6-2,3,R16,139.0,6.0,2.0,99.0,50.0,37.0,25.0,15.0,7.0,10.0,1.0,9.0,102.0,63.0,40.0,22.0,14.0,4.0,7.0
2014-468,Estoril,Clay,28,250,O,20140428,19,B884,,,Carlos Berlocq,R,183.0,ARG,31.231,62.0,735.0,K540,,,Lukasz Kubot,R,191.0,POL,31.951,76.0,646.0,6-4 6-3,3,R16,79.0,5.0,2.0,50.0,35.0,30.0,8.0,9.0,2.0,2.0,0.0,8.0,66.0,42.0,26.0,12.0,10.0,3.0,6.0
2014-468,Estoril,Clay,28,250,O,20140428,20,R975,2.0,,Milos Raonic,R,196.0,CAN,23.335,9.0,2580.0,C882,,,Pablo Cuevas,R,180.0,URU,28.32,161.0,341.0,6-3 6-2,3,R16,68.0,6.0,5.0,47.0,27.0,23.0,13.0,9.0,0.0,0.0,0.0,3.0,48.0,25.0,16.0,10.0,8.0,5.0,8.0
2014-468,Estoril,Clay,28,250,O,20140428,21,BA47,1.0,,Tomas Berdych,R,196.0,CZE,28.611,6.0,4720.0,MD56,,Q,Leonardo Mayer,R,191.0,ARG,26.954,88.0,619.0,3-6 6-4 6-4,3,QF,129.0,5.0,2.0,86.0,52.0,38.0,13.0,14.0,1.0,6.0,7.0,5.0,91.0,58.0,40.0,12.0,15.0,6.0,12.0
2014-468,Estoril,Clay,28,250,O,20140428,22,H528,,,Victor Hanescu,R,198.0,ROU,32.769,93.0,601.0,E698,,WC,Gastao Elias,R,180.0,POR,23.425,179.0,294.0,6-1 7-5,3,QF,82.0,2.0,0.0,65.0,44.0,30.0,10.0,10.0,3.0,5.0,2.0,3.0,50.0,23.0,15.0,9.0,9.0,4.0,9.0
2014-468,Estoril,Clay,28,250,O,20140428,23,G676,,Q,Daniel Gimeno-Traver,R,183.0,ESP,28.723,98.0,587.0,G710,3.0,,Marcel Granollers,R,191.0,ESP,28.044,31.0,1215.0,6-1 6-2,3,QF,73.0,2.0,1.0,58.0,28.0,21.0,19.0,8.0,2.0,2.0,0.0,0.0,41.0,24.0,11.0,9.0,7.0,2.0,6.0
2014-468,Estoril,Clay,28,250,O,20140428,24,B884,,,Carlos Berlocq,R,183.0,ARG,31.231,62.0,735.0,R975,2.0,,Milos Raonic,R,196.0,CAN,23.335,9.0,2580.0,7-5 6-4,3,QF,86.0,2.0,2.0,57.0,42.0,31.0,8.0,11.0,1.0,3.0,6.0,6.0,65.0,37.0,28.0,11.0,11.0,2.0,6.0
2014-468,Estoril,Clay,28,250,O,20140428,25,BA47,1.0,,Tomas Berdych,R,196.0,CZE,28.611,6.0,4720.0,H528,,,Victor Hanescu,R,198.0,ROU,32.769,93.0,601.0,6-2 6-2,3,SF,63.0,5.0,2.0,43.0,28.0,24.0,9.0,8.0,1.0,1.0,0.0,1.0,48.0,35.0,20.0,4.0,8.0,0.0,4.0
2014-468,Estoril,Clay,28,250,O,20140428,26,B884,,,Carlos Berlocq,R,183.0,ARG,31.231,62.0,735.0,G676,,Q,Daniel Gimeno-Traver,R,183.0,ESP,28.723,98.0,587.0,7-6(6) 6-2,3,SF,94.0,2.0,4.0,68.0,51.0,41.0,7.0,10.0,2.0,3.0,1.0,3.0,66.0,33.0,23.0,20.0,10.0,4.0,7.0
2014-468,Estoril,Clay,28,250,O,20140428,27,B884,,,Carlos Berlocq,R,183.0,ARG,31.231,62.0,735.0,BA47,1.0,,Tomas Berdych,R,196.0,CZE,28.611,6.0,4720.0,0-6 7-5 6-1,3,F,130.0,0.0,3.0,77.0,55.0,32.0,6.0,12.0,6.0,12.0,6.0,3.0,97.0,55.0,34.0,13.0,13.0,3.0,10.0
2014-1536,Madrid Masters,Clay,56,M,O,20140504,1,MA21,,,Juan Monaco,R,185.0,ARG,30.097,56.0,880.0,M762,,,Jurgen Melzer,L,183.0,AUT,32.95,64.0,720.0,6-4 6-3,3,R64,68.0,2.0,0.0,48.0,34.0,24.0,9.0,9.0,1.0,2.0,2.0,2.0,61.0,44.0,26.0,10.0,10.0,3.0,7.0
2014-1536,Madrid Masters,Clay,56,M,O,20140504,2,T786,11.0,,Jo-Wilfried Tsonga,R,188.0,FRA,29.046,13.0,2370.0,R613,,,Edouard Roger-Vasselin,R,185.0,FRA,30.431,47.0,975.0,6-3 4-6 6-3,3,R64,129.0,8.0,3.0,93.0,64.0,47.0,13.0,14.0,2.0,5.0,4.0,1.0,99.0,72.0,45.0,10.0,14.0,5.0,10.0
2014-1536,Madrid Masters,Clay,56,M,O,20140504,3,G725,,Q,Santiago Giraldo,R,188.0,COL,26.434,46.0,983.0,H432,,,Lleyton Hewitt,R,178.0,AUS,33.188,43.0,1020.0,7-5 4-6 6-2,3,R64,145.0,4.0,1.0,84.0,49.0,35.0,23.0,15.0,2.0,4.0,7.0,3.0,101.0,60.0,42.0,20.0,15.0,10.0,14.0
2014-1536,Madrid Masters,Clay,56,M,O,20140504,4,A479,,,Nicolas Almagro,R,183.0,ESP,28.701,24.0,1630.0,G806,,Q,Andrey Golubev,R,180.0,KAZ,26.784,61.0,810.0,6-3 6-7(9) 7-6(4),3,R64,151.0,7.0,1.0,120.0,56.0,49.0,37.0,17.0,2.0,3.0,8.0,2.0,124.0,86.0,60.0,22.0,16.0,7.0,9.0
2014-1536,Madrid Masters,Clay,56,M,O,20140504,5,CA12,,,Jeremy Chardy,R,188.0,FRA,27.222,49.0,970.0,R685,,,Lukas Rosol,R,193.0,CZE,28.778,52.0,916.0,4-6 6-3 6-4,3,R64,100.0,12.0,0.0,80.0,47.0,41.0,20.0,15.0,4.0,5.0,7.0,2.0,94.0,61.0,42.0,18.0,14.0,7.0,9.0
2014-1536,Madrid Masters,Clay,56,M,O,20140504,6,G476,,WC,Guillermo Garcia-Lopez,R,185.0,ESP,30.916,38.0,1073.0,A596,,,Pablo Andujar,R,180.0,ESP,28.277,36.0,1091.0,6-2 2-6 6-2,3,R64,106.0,4.0,1.0,69.0,48.0,35.0,12.0,12.0,2.0,4.0,4.0,2.0,77.0,52.0,30.0,14.0,12.0,4.0,8.0
2014-1536,Madrid Masters,Clay,56,M,O,20140504,7,N552,10.0,,Kei Nishikori,R,178.0,JPN,24.345,12.0,2440.0,D646,,,Ivan Dodig,R,183.0,CRO,29.333,39.0,1065.0,6-4 6-4,3,R64,90.0,2.0,1.0,61.0,43.0,29.0,12.0,10.0,3.0,4.0,5.0,2.0,68.0,39.0,24.0,14.0,10.0,1.0,4.0
2014-1536,Madrid Masters,Clay,56,M,O,20140504,8,Y061,15.0,,Mikhail Youzhny,R,183.0,RUS,31.858,16.0,2065.0,B896,,Q,Benjamin Becker,R,178.0,GER,32.882,67.0,698.0,6-3 6-4,3,R64,87.0,5.0,1.0,58.0,41.0,29.0,12.0,10.0,4.0,5.0,5.0,2.0,72.0,40.0,26.0,14.0,9.0,7.0,10.0
2014-1536,Madrid Masters,Clay,56,M,O,20140504,9,L397,,,Feliciano Lopez,L,188.0,ESP,32.619,29.0,1225.0,D874,,,Federico Delbonis,L,193.0,ARG,23.578,42.0,1023.0,7-6(4) 4-6 6-2,3,R64,127.0,18.0,2.0,105.0,69.0,53.0,19.0,15.0,13.0,14.0,4.0,1.0,85.0,63.0,50.0,11.0,15.0,2.0,4.0
2014-1536,Madrid Masters,Clay,56,M,O,20140504,10,TB69,,Q,Dominic Thiem,R,185.0,AUT,20.665,70.0,687.0,T315,,,Dmitry Tursunov,R,185.0,RUS,31.392,32.0,1190.0,6-4 6-2,3,R64,66.0,6.0,1.0,54.0,27.0,22.0,17.0,9.0,1.0,1.0,4.0,2.0,55.0,35.0,26.0,6.0,9.0,2.0,5.0
2014-1536,Madrid Masters,Clay,56,M,O,20140504,11,R772,,WC,Albert Ramos-Vinolas,L,188.0,ESP,26.294,115.0,511.0,M873,,,Nicolas Mahut,R,191.0,FRA,32.282,37.0,1077.0,6-1 7-6(7),3,R64,92.0,1.0,2.0,53.0,33.0,26.0,13.0,9.0,0.0,1.0,5.0,4.0,74.0,49.0,28.0,11.0,10.0,4.0,8.0
2014-1536,Madrid Masters,Clay,56,M,O,20140504,12,N289,,,Jarkko Nieminen,L,185.0,FIN,32.78,57.0,840.0,H756,,,Robin Haase,R,191.0,NED,27.077,44.0,1005.0,6-3 6-2,3,R64,61.0,1.0,1.0,56.0,38.0,31.0,6.0,9.0,3.0,4.0,4.0,4.0,45.0,25.0,16.0,6.0,8.0,1.0,5.0
2014-1536,Madrid Masters,Clay,56,M,O,20140504,13,ME05,,LL,Marinko Matosevic,R,193.0,AUS,28.736,68.0,697.0,K435,,,Philipp Kohlschreiber,R,178.0,GER,30.549,27.0,1270.0,6-2 6-2,3,R64,68.0,5.0,0.0,58.0,35.0,27.0,11.0,8.0,4.0,4.0,2.0,4.0,51.0,25.0,15.0,11.0,8.0,5.0,9.0
2014-1536,Madrid Masters,Clay,56,M,O,20140504,14,I186,9.0,,John Isner,R,208.0,USA,29.021,10.0,2555.0,G681,,Q,Teymuraz Gabashvili,R,185.0,GEO,28.947,53.0,903.0,7-6(8) 6-4,3,R64,106.0,14.0,1.0,66.0,52.0,42.0,10.0,11.0,2.0,2.0,1.0,3.0,92.0,63.0,44.0,13.0,11.0,6.0,7.0
2014-1536,Madrid Masters,Clay,56,M,O,20140504,15,D801,,,Alexandr Dolgopolov,R,180.0,UKR,25.487,22.0,1690.0,F510,13.0,,Fabio Fognini,R,178.0,ITA,26.946,15.0,2190.0,7-5 4-6 6-3,3,R64,125.0,7.0,0.0,88.0,45.0,36.0,24.0,16.0,4.0,7.0,2.0,3.0,100.0,66.0,46.0,17.0,15.0,3.0,7.0
2014-1536,Madrid Masters,Clay,56,M,O,20140504,16,G858,,,Ernests Gulbis,R,191.0,LAT,25.676,20.0,1780.0,J397,,,Jerzy Janowicz,R,203.0,POL,23.472,21.0,1715.0,7-6(5) 3-6 6-2,3,R64,136.0,18.0,4.0,99.0,57.0,43.0,22.0,14.0,5.0,7.0,11.0,6.0,103.0,70.0,52.0,13.0,15.0,4.0,7.0
2014-1536,Madrid Masters,Clay,56,M,O,20140504,17,C977,,,Marin Cilic,R,198.0,CRO,25.596,26.0,1330.0,SH90,,,Joao Sousa,R,185.0,POR,25.095,40.0,1050.0,6-1 6-1,3,R64,54.0,7.0,4.0,38.0,20.0,18.0,12.0,7.0,1.0,1.0,1.0,0.0,42.0,22.0,9.0,8.0,7.0,2.0,7.0
2014-1536,Madrid Masters,Clay,56,M,O,20140504,18,SF36,,Q,Igor Sijsling,R,191.0,NED,26.71,59.0,831.0,H355,14.0,,Tommy Haas,R,188.0,GER,36.085,17.0,1915.0,3-6 6-1 6-4,3,R64,94.0,6.0,1.0,81.0,56.0,39.0,12.0,13.0,9.0,12.0,4.0,0.0,76.0,53.0,36.0,6.0,13.0,3.0,8.0
2014-1536,Madrid Masters,Clay,56,M,O,20140504,19,D875,12.0,,Grigor Dimitrov,R,191.0,BUL,22.968,14.0,2200.0,CD85,,WC,Pablo Carreno Busta,R,188.0,ESP,22.812,63.0,734.0,6-2 6-4,3,R64,71.0,3.0,1.0,51.0,31.0,24.0,11.0,9.0,0.0,1.0,1.0,2.0,53.0,32.0,19.0,9.0,9.0,2.0,6.0
2014-1536,Madrid Masters,Clay,56,M,O,20140504,20,CA99,,WC,Marius Copil,R,191.0,ROU,23.546,164.0,340.0,G710,,,Marcel Granollers,R,191.0,ESP,28.06,30.0,1215.0,6-3 6-4,3,R64,90.0,5.0,3.0,66.0,39.0,30.0,12.0,10.0,4.0,5.0,0.0,2.0,63.0,44.0,27.0,10.0,9.0,4.0,7.0
2014-1536,Madrid Masters,Clay,56,M,O,20140504,21,A678,,,Kevin Anderson,R,203.0,RSA,27.962,19.0,1800.0,S694,,,Radek Stepanek,R,185.0,CZE,35.433,41.0,1040.0,3-6 6-3 6-4,3,R64,114.0,10.0,1.0,79.0,54.0,36.0,17.0,14.0,1.0,3.0,6.0,0.0,80.0,43.0,35.0,18.0,14.0,3.0,6.0
2014-1536,Madrid Masters,Clay,56,M,O,20140504,22,SD32,,,Gilles Simon,R,183.0,FRA,29.35,28.0,1270.0,PD31,,,Benoit Paire,R,196.0,FRA,24.988,33.0,1155.0,2-0 RET,3,R64,10.0,1.0,0.0,10.0,7.0,7.0,0.0,1.0,0.0,0.0,0.0,1.0,5.0,1.0,1.0,0.0,1.0,1.0,2.0
2014-1536,Madrid Masters,Clay,56,M,O,20140504,23,V306,,,Fernando Verdasco,L,188.0,ESP,30.467,25.0,1500.0,SA93,,,Andreas Seppi,R,191.0,ITA,30.198,34.0,1150.0,6-3 7-6(3),3,R64,99.0,2.0,2.0,74.0,59.0,40.0,10.0,11.0,5.0,7.0,4.0,5.0,74.0,46.0,31.0,12.0,10.0,7.0,10.0
2014-1536,Madrid Masters,Clay,56,M,O,20140504,24,BD06,,,Roberto Bautista Agut,R,183.0,ESP,26.053,45.0,1000.0,R419,16.0,,Tommy Robredo,R,180.0,ESP,32.008,18.0,1890.0,6-4 6-4,3,R64,87.0,0.0,5.0,71.0,47.0,35.0,13.0,10.0,3.0,3.0,1.0,2.0,52.0,25.0,20.0,14.0,10.0,2.0,4.0
2014-1536,Madrid Masters,Clay,56,M,O,20140504,25,N409,1.0,,Rafael Nadal,L,185.0,ESP,27.918,1.0,12900.0,MA21,,,Juan Monaco,R,185.0,ARG,30.097,56.0,880.0,6-1 6-0,3,R32,69.0,3.0,0.0,44.0,35.0,24.0,5.0,7.0,1.0,2.0,0.0,1.0,38.0,22.0,8.0,3.0,6.0,4.0,10.0
2014-1536,Madrid Masters,Clay,56,M,O,20140504,26,N289,,,Jarkko Nieminen,L,185.0,FIN,32.78,57.0,840.0,SF36,,Q,Igor Sijsling,R,191.0,NED,26.71,59.0,831.0,6-3 6-2,3,R32,52.0,0.0,1.0,47.0,33.0,30.0,7.0,9.0,0.0,0.0,8.0,0.0,44.0,32.0,24.0,3.0,8.0,4.0,7.0
2014-1536,Madrid Masters,Clay,56,M,O,20140504,27,D875,12.0,,Grigor Dimitrov,R,191.0,BUL,22.968,14.0,2200.0,CA99,,WC,Marius Copil,R,191.0,ROU,23.546,164.0,340.0,4-6 6-3 7-6(7),3,R32,131.0,6.0,4.0,101.0,61.0,49.0,24.0,16.0,3.0,4.0,10.0,1.0,97.0,56.0,40.0,25.0,15.0,3.0,4.0
2014-1536,Madrid Masters,Clay,56,M,O,20140504,28,BA47,6.0,,Tomas Berdych,R,196.0,CZE,28.627,6.0,4780.0,A678,,,Kevin Anderson,R,203.0,RSA,27.962,19.0,1800.0,6-1 6-4,3,R32,70.0,5.0,1.0,45.0,28.0,24.0,12.0,9.0,0.0,0.0,5.0,0.0,58.0,44.0,27.0,4.0,8.0,7.0,10.0
2014-1536,Madrid Masters,Clay,56,M,O,20140504,29,K540,,LL,Lukasz Kubot,R,191.0,POL,31.967,78.0,654.0,SD32,,,Gilles Simon,R,183.0,FRA,29.35,28.0,1270.0,7-5 2-6 6-4,3,R32,147.0,6.0,4.0,107.0,66.0,44.0,21.0,15.0,11.0,14.0,12.0,2.0,102.0,69.0,46.0,17.0,15.0,10.0,13.0
2014-1536,Madrid Masters,Clay,56,M,O,20140504,30,BD06,,,Roberto Bautista Agut,R,183.0,ESP,26.053,45.0,1000.0,V306,,,Fernando Verdasco,L,188.0,ESP,30.467,25.0,1500.0,2-6 7-6(4) 6-1,3,R32,121.0,5.0,0.0,86.0,62.0,43.0,13.0,14.0,4.0,7.0,1.0,1.0,78.0,60.0,38.0,12.0,13.0,0.0,3.0
2014-1536,Madrid Masters,Clay,56,M,O,20140504,31,G725,,Q,Santiago Giraldo,R,188.0,COL,26.434,46.0,983.0,T786,11.0,,Jo-Wilfried Tsonga,R,188.0,FRA,29.046,13.0,2370.0,6-4 6-3,3,R32,69.0,2.0,1.0,49.0,35.0,27.0,10.0,9.0,1.0,1.0,4.0,0.0,55.0,40.0,27.0,8.0,10.0,0.0,3.0
2014-1536,Madrid Masters,Clay,56,M,O,20140504,32,MC10,7.0,,Andy Murray,R,191.0,GBR,26.971,8.0,4040.0,A479,,,Nicolas Almagro,R,183.0,ESP,28.701,24.0,1630.0,6-1 1-6 6-4,3,R32,107.0,5.0,0.0,72.0,38.0,28.0,18.0,12.0,4.0,7.0,8.0,4.0,72.0,31.0,23.0,22.0,12.0,2.0,6.0
2014-1536,Madrid Masters,Clay,56,M,O,20140504,33,R975,8.0,,Milos Raonic,R,196.0,CAN,23.351,9.0,2580.0,CA12,,,Jeremy Chardy,R,188.0,FRA,27.222,49.0,970.0,6-3 6-3,3,R32,62.0,11.0,0.0,45.0,28.0,24.0,12.0,9.0,0.0,0.0,5.0,4.0,50.0,27.0,21.0,9.0,9.0,2.0,5.0
2014-1536,Madrid Masters,Clay,56,M,O,20140504,34,N552,10.0,,Kei Nishikori,R,178.0,JPN,24.345,12.0,2440.0,G476,,WC,Guillermo Garcia-Lopez,R,185.0,ESP,30.916,38.0,1073.0,6-3 6-1,3,R32,65.0,1.0,0.0,50.0,32.0,23.0,10.0,8.0,3.0,4.0,2.0,1.0,43.0,30.0,15.0,5.0,8.0,2.0,7.0
2014-1536,Madrid Masters,Clay,56,M,O,20140504,35,L397,,,Feliciano Lopez,L,188.0,ESP,32.619,29.0,1225.0,Y061,15.0,,Mikhail Youzhny,R,183.0,RUS,31.858,16.0,2065.0,3-6 6-3 6-4,3,R32,139.0,11.0,2.0,88.0,51.0,39.0,21.0,14.0,9.0,10.0,3.0,1.0,104.0,69.0,45.0,21.0,14.0,8.0,10.0
2014-1536,Madrid Masters,Clay,56,M,O,20140504,36,TB69,,Q,Dominic Thiem,R,185.0,AUT,20.665,70.0,687.0,W367,3.0,,Stan Wawrinka,R,183.0,SUI,29.101,3.0,6375.0,1-6 6-2 6-4,3,R32,105.0,1.0,1.0,85.0,51.0,40.0,14.0,12.0,9.0,11.0,7.0,0.0,71.0,47.0,32.0,14.0,13.0,3.0,6.0
2014-1536,Madrid Masters,Clay,56,M,O,20140504,37,F401,5.0,,David Ferrer,R,175.0,ESP,32.088,5.0,4850.0,R772,,WC,Albert Ramos-Vinolas,L,188.0,ESP,26.294,115.0,511.0,7-6(6) 5-7 6-3,3,R32,170.0,1.0,3.0,106.0,70.0,47.0,17.0,17.0,2.0,7.0,2.0,3.0,108.0,72.0,46.0,15.0,16.0,7.0,12.0
2014-1536,Madrid Masters,Clay,56,M,O,20140504,38,I186,9.0,,John Isner,R,208.0,USA,29.021,10.0,2555.0,ME05,,LL,Marinko Matosevic,R,193.0,AUS,28.736,68.0,697.0,7-6(9) 6-7(5) 7-5,3,R32,158.0,23.0,3.0,125.0,88.0,70.0,21.0,18.0,1.0,1.0,4.0,3.0,115.0,86.0,66.0,17.0,18.0,5.0,6.0
2014-1536,Madrid Masters,Clay,56,M,O,20140504,39,G858,,,Ernests Gulbis,R,191.0,LAT,25.676,20.0,1780.0,D801,,,Alexandr Dolgopolov,R,180.0,UKR,25.487,22.0,1690.0,6-3 6-4,3,R32,77.0,4.0,2.0,60.0,40.0,31.0,11.0,10.0,6.0,7.0,2.0,1.0,56.0,33.0,22.0,12.0,9.0,6.0,9.0
2014-1536,Madrid Masters,Clay,56,M,O,20140504,40,C977,,,Marin Cilic,R,198.0,CRO,25.596,26.0,1330.0,M850,,Q,Paul-Henri Mathieu,R,185.0,FRA,32.307,87.0,626.0,6-4 1-6 6-2,3,R32,108.0,14.0,2.0,69.0,36.0,26.0,21.0,12.0,1.0,3.0,1.0,1.0,73.0,41.0,27.0,21.0,13.0,3.0,6.0
2014-1536,Madrid Masters,Clay,56,M,O,20140504,41,N409,1.0,,Rafael Nadal,L,185.0,ESP,27.918,1.0,12900.0,N289,,,Jarkko Nieminen,L,185.0,FIN,32.78,57.0,840.0,6-1 6-4,3,R16,80.0,2.0,0.0,51.0,38.0,25.0,8.0,8.0,3.0,4.0,2.0,0.0,52.0,41.0,23.0,2.0,9.0,6.0,11.0
2014-1536,Madrid Masters,Clay,56,M,O,20140504,42,BA47,6.0,,Tomas Berdych,R,196.0,CZE,28.627,6.0,4780.0,D875,12.0,,Grigor Dimitrov,R,191.0,BUL,22.968,14.0,2200.0,3-6 6-3 6-2,3,R16,110.0,7.0,1.0,78.0,46.0,34.0,19.0,13.0,3.0,4.0,12.0,2.0,74.0,46.0,33.0,16.0,13.0,4.0,7.0
2014-1536,Madrid Masters,Clay,56,M,O,20140504,43,BD06,,,Roberto Bautista Agut,R,183.0,ESP,26.053,45.0,1000.0,K540,,LL,Lukasz Kubot,R,191.0,POL,31.967,78.0,654.0,6-4 6-2,3,R16,75.0,3.0,0.0,61.0,49.0,34.0,8.0,9.0,7.0,8.0,3.0,1.0,46.0,31.0,21.0,5.0,9.0,2.0,6.0
2014-1536,Madrid Masters,Clay,56,M,O,20140504,44,G725,,Q,Santiago Giraldo,R,188.0,COL,26.434,46.0,983.0,MC10,7.0,,Andy Murray,R,191.0,GBR,26.971,8.0,4040.0,6-3 6-2,3,R16,70.0,3.0,0.0,54.0,35.0,31.0,9.0,9.0,1.0,1.0,6.0,1.0,48.0,27.0,19.0,9.0,8.0,4.0,7.0
2014-1536,Madrid Masters,Clay,56,M,O,20140504,45,N552,10.0,,Kei Nishikori,R,178.0,JPN,24.345,12.0,2440.0,R975,8.0,,Milos Raonic,R,196.0,CAN,23.351,9.0,2580.0,7-6(5) 7-6(5),3,R16,126.0,9.0,1.0,91.0,60.0,44.0,20.0,12.0,6.0,7.0,12.0,3.0,84.0,52.0,40.0,18.0,12.0,5.0,6.0
2014-1536,Madrid Masters,Clay,56,M,O,20140504,46,L397,,,Feliciano Lopez,L,188.0,ESP,32.619,29.0,1225.0,TB69,,Q,Dominic Thiem,R,185.0,AUT,20.665,70.0,687.0,W/O,3,R16,,9.0,1.0,91.0,60.0,44.0,20.0,12.0,6.0,7.0,12.0,3.0,84.0,52.0,40.0,18.0,12.0,5.0,6.0
2014-1536,Madrid Masters,Clay,56,M,O,20140504,47,F401,5.0,,David Ferrer,R,175.0,ESP,32.088,5.0,4850.0,I186,9.0,,John Isner,R,208.0,USA,29.021,10.0,2555.0,6-4 6-4,3,R16,78.0,2.0,1.0,52.0,37.0,33.0,9.0,10.0,2.0,2.0,6.0,0.0,64.0,50.0,30.0,9.0,10.0,5.0,7.0
2014-1536,Madrid Masters,Clay,56,M,O,20140504,48,G858,,,Ernests Gulbis,R,191.0,LAT,25.676,20.0,1780.0,C977,,,Marin Cilic,R,198.0,CRO,25.596,26.0,1330.0,6-3 6-4,3,R16,87.0,11.0,3.0,64.0,45.0,38.0,7.0,10.0,1.0,1.0,9.0,3.0,59.0,22.0,19.0,17.0,9.0,3.0,5.0
2014-1536,Madrid Masters,Clay,56,M,O,20140504,49,N409,1.0,,Rafael Nadal,L,185.0,ESP,27.918,1.0,12900.0,BA47,6.0,,Tomas Berdych,R,196.0,CZE,28.627,6.0,4780.0,6-4 6-2,3,QF,88.0,4.0,0.0,54.0,41.0,32.0,7.0,9.0,1.0,1.0,0.0,1.0,55.0,39.0,23.0,9.0,9.0,2.0,5.0
2014-1536,Madrid Masters,Clay,56,M,O,20140504,50,BD06,,,Roberto Bautista Agut,R,183.0,ESP,26.053,45.0,1000.0,G725,,Q,Santiago Giraldo,R,188.0,COL,26.434,46.0,983.0,6-3 6-4,3,QF,87.0,5.0,1.0,65.0,40.0,31.0,14.0,10.0,6.0,6.0,5.0,0.0,54.0,32.0,22.0,13.0,9.0,3.0,5.0
2014-1536,Madrid Masters,Clay,56,M,O,20140504,51,N552,10.0,,Kei Nishikori,R,178.0,JPN,24.345,12.0,2440.0,L397,,,Feliciano Lopez,L,188.0,ESP,32.619,29.0,1225.0,6-4 6-4,3,QF,91.0,1.0,0.0,62.0,35.0,25.0,20.0,10.0,3.0,3.0,9.0,1.0,68.0,51.0,36.0,4.0,10.0,7.0,9.0
2014-1536,Madrid Masters,Clay,56,M,O,20140504,52,F401,5.0,,David Ferrer,R,175.0,ESP,32.088,5.0,4850.0,G858,,,Ernests Gulbis,R,191.0,LAT,25.676,20.0,1780.0,7-6(3) 6-3,3,QF,101.0,1.0,1.0,73.0,48.0,35.0,16.0,11.0,0.0,1.0,5.0,2.0,65.0,41.0,30.0,11.0,10.0,3.0,5.0
2014-1536,Madrid Masters,Clay,56,M,O,20140504,53,N409,1.0,,Rafael Nadal,L,185.0,ESP,27.918,1.0,12900.0,BD06,,,Roberto Bautista Agut,R,183.0,ESP,26.053,45.0,1000.0,6-4 6-3,3,SF,103.0,2.0,3.0,51.0,35.0,25.0,9.0,9.0,2.0,4.0,0.0,1.0,77.0,55.0,33.0,6.0,10.0,8.0,13.0
2014-1536,Madrid Masters,Clay,56,M,O,20140504,54,N552,10.0,,Kei Nishikori,R,178.0,JPN,24.345,12.0,2440.0,F401,5.0,,David Ferrer,R,175.0,ESP,32.088,5.0,4850.0,7-6(5) 5-7 6-3,3,SF,176.0,5.0,3.0,137.0,88.0,62.0,24.0,17.0,12.0,15.0,9.0,2.0,96.0,62.0,42.0,23.0,16.0,4.0,7.0
2014-1536,Madrid Masters,Clay,56,M,O,20140504,55,N409,1.0,,Rafael Nadal,L,185.0,ESP,27.918,1.0,12900.0,N552,10.0,,Kei Nishikori,R,178.0,JPN,24.345,12.0,2440.0,2-6 6-4 3-0 RET,3,F,103.0,4.0,2.0,55.0,43.0,31.0,7.0,11.0,3.0,6.0,2.0,3.0,65.0,38.0,25.0,13.0,10.0,6.0,9.0
2014-416,Rome Masters,Clay,56,M,O,20140511,1,SD32,,,Gilles Simon,R,183.0,FRA,29.369,30.0,1225.0,V254,,WC,Filippo Volandri,R,183.0,ITA,32.679,97.0,592.0,6-2 6-3,3,R64,71.0,3.0,1.0,57.0,29.0,22.0,12.0,9.0,2.0,4.0,0.0,0.0,46.0,30.0,14.0,6.0,8.0,2.0,7.0
2014-416,Rome Masters,Clay,56,M,O,20140511,2,D875,12.0,,Grigor Dimitrov,R,191.0,BUL,22.987,14.0,2200.0,R613,,,Edouard Roger-Vasselin,R,185.0,FRA,30.45,45.0,975.0,4-6 6-3 6-4,3,R64,127.0,9.0,7.0,96.0,53.0,39.0,24.0,15.0,5.0,7.0,2.0,3.0,89.0,61.0,43.0,12.0,14.0,6.0,9.0
2014-416,Rome Masters,Clay,56,M,O,20140511,3,K336,,,Ivo Karlovic,R,211.0,CRO,35.198,52.0,902.0,CD85,,Q,Pablo Carreno Busta,R,188.0,ESP,22.831,68.0,714.0,3-6 6-3 7-6(4),3,R64,120.0,12.0,1.0,94.0,66.0,55.0,13.0,15.0,3.0,4.0,1.0,0.0,90.0,75.0,58.0,9.0,15.0,0.0,1.0
2014-416,Rome Masters,Clay,56,M,O,20140511,4,T315,,,Dmitry Tursunov,R,185.0,RUS,31.411,33.0,1155.0,BD06,,,Roberto Bautista Agut,R,183.0,ESP,26.073,28.0,1340.0,6-0 7-6(4),3,R64,83.0,3.0,2.0,62.0,45.0,32.0,8.0,9.0,4.0,5.0,1.0,1.0,58.0,46.0,27.0,3.0,9.0,0.0,4.0
2014-416,Rome Masters,Clay,56,M,O,20140511,5,BA98,,WC,Simone Bolelli,R,183.0,ITA,28.589,162.0,340.0,TA12,,Q,Stefano Travaglia,R,185.0,ITA,22.368,293.0,157.0,3-6 7-5 7-6(5),3,R64,142.0,2.0,0.0,86.0,64.0,44.0,16.0,16.0,0.0,4.0,9.0,4.0,136.0,78.0,48.0,32.0,17.0,10.0,14.0
2014-416,Rome Masters,Clay,56,M,O,20140511,6,A678,,,Kevin Anderson,R,203.0,RSA,27.981,20.0,1755.0,PD07,,,Vasek Pospisil,R,193.0,CAN,23.882,32.0,1180.0,7-5 7-6(4),3,R64,94.0,7.0,2.0,69.0,45.0,39.0,15.0,12.0,0.0,0.0,3.0,3.0,70.0,41.0,28.0,23.0,12.0,0.0,1.0
2014-416,Rome Masters,Clay,56,M,O,20140511,7,T786,11.0,,Jo-Wilfried Tsonga,R,188.0,FRA,29.065,13.0,2235.0,D801,,,Alexandr Dolgopolov,R,180.0,UKR,25.506,21.0,1725.0,6-3 7-6(5),3,R64,87.0,8.0,0.0,70.0,46.0,32.0,16.0,11.0,3.0,4.0,7.0,1.0,64.0,35.0,29.0,13.0,10.0,2.0,4.0
2014-416,Rome Masters,Clay,56,M,O,20140511,8,R685,,,Lukas Rosol,R,193.0,CZE,28.797,56.0,866.0,F510,13.0,,Fabio Fognini,R,178.0,ITA,26.965,15.0,2190.0,6-3 6-2,3,R64,67.0,2.0,0.0,50.0,29.0,24.0,13.0,9.0,0.0,0.0,2.0,1.0,55.0,33.0,19.0,12.0,8.0,2.0,5.0
2014-416,Rome Masters,Clay,56,M,O,20140511,9,D646,,,Ivan Dodig,R,183.0,CRO,29.352,40.0,1055.0,D874,,,Federico Delbonis,L,193.0,ARG,23.598,44.0,1004.0,6-3 6-4,3,R64,92.0,9.0,1.0,61.0,38.0,30.0,11.0,10.0,2.0,4.0,1.0,1.0,59.0,36.0,21.0,9.0,9.0,2.0,6.0
2014-416,Rome Masters,Clay,56,M,O,20140511,10,CA12,,,Jeremy Chardy,R,188.0,FRA,27.242,47.0,970.0,H756,,,Robin Haase,R,191.0,NED,27.097,50.0,945.0,6-4 6-4,3,R64,85.0,9.0,0.0,55.0,34.0,29.0,12.0,10.0,2.0,2.0,1.0,0.0,69.0,36.0,24.0,16.0,10.0,4.0,6.0
2014-416,Rome Masters,Clay,56,M,O,20140511,11,K926,,,Mikhail Kukushkin,R,183.0,KAZ,26.374,60.0,819.0,SH90,,,Joao Sousa,R,185.0,POR,25.114,41.0,1045.0,6-3 6-7(1) 6-3,3,R64,151.0,1.0,0.0,122.0,86.0,56.0,24.0,16.0,7.0,7.0,4.0,0.0,91.0,63.0,48.0,13.0,14.0,6.0,8.0
2014-416,Rome Masters,Clay,56,M,O,20140511,12,G806,,Q,Andrey Golubev,R,180.0,KAZ,26.804,59.0,827.0,V306,,,Fernando Verdasco,L,188.0,ESP,30.486,25.0,1455.0,6-4 7-5,3,R64,94.0,2.0,2.0,68.0,46.0,30.0,10.0,11.0,1.0,5.0,0.0,2.0,63.0,44.0,24.0,7.0,11.0,2.0,8.0
2014-416,Rome Masters,Clay,56,M,O,20140511,13,R612,,Q,Stephane Robert,R,185.0,FRA,33.982,85.0,629.0,G892,,Q,Alejandro Gonzalez,R,191.0,COL,25.254,79.0,647.0,1-6 6-4 6-1,3,R64,96.0,7.0,2.0,72.0,47.0,35.0,13.0,12.0,1.0,3.0,5.0,1.0,77.0,53.0,34.0,13.0,12.0,2.0,5.0
2014-416,Rome Masters,Clay,56,M,O,20140511,14,G858,,,Ernests Gulbis,R,191.0,LAT,25.695,17.0,1915.0,F444,,LL,Alejandro Falla,L,185.0,COL,30.489,73.0,687.0,6-1 RET,3,R64,25.0,4.0,1.0,19.0,9.0,9.0,7.0,4.0,0.0,0.0,0.0,0.0,15.0,11.0,6.0,0.0,3.0,1.0,3.0
2014-416,Rome Masters,Clay,56,M,O,20140511,15,R419,16.0,,Tommy Robredo,R,180.0,ESP,32.027,18.0,1855.0,MA21,,,Juan Monaco,R,185.0,ARG,30.116,54.0,880.0,7-6(3) 6-4,3,R64,93.0,1.0,1.0,63.0,40.0,24.0,15.0,11.0,1.0,4.0,1.0,0.0,65.0,49.0,28.0,7.0,11.0,0.0,4.0
2014-416,Rome Masters,Clay,56,M,O,20140511,16,K435,,,Philipp Kohlschreiber,R,178.0,GER,30.568,29.0,1280.0,J397,,,Jerzy Janowicz,R,203.0,POL,23.491,22.0,1680.0,4-6 7-6(6) 6-2,3,R64,139.0,5.0,2.0,113.0,73.0,49.0,20.0,15.0,12.0,15.0,8.0,6.0,119.0,73.0,48.0,21.0,15.0,8.0,12.0
2014-416,Rome Masters,Clay,56,M,O,20140511,17,S694,,,Radek Stepanek,R,185.0,CZE,35.452,43.0,1005.0,A596,,,Pablo Andujar,R,180.0,ESP,28.296,64.0,741.0,5-7 6-3 6-4,3,R64,156.0,7.0,5.0,110.0,69.0,52.0,15.0,15.0,10.0,13.0,0.0,0.0,104.0,75.0,42.0,19.0,16.0,4.0,9.0
2014-416,Rome Masters,Clay,56,M,O,20140511,18,Y061,14.0,,Mikhail Youzhny,R,183.0,RUS,31.877,16.0,2020.0,M873,,,Nicolas Mahut,R,191.0,FRA,32.301,39.0,1077.0,6-4 6-4,3,R64,90.0,1.0,1.0,48.0,30.0,26.0,14.0,10.0,0.0,0.0,1.0,0.0,73.0,51.0,31.0,14.0,10.0,6.0,8.0
2014-416,Rome Masters,Clay,56,M,O,20140511,19,M762,,,Jurgen Melzer,L,183.0,AUT,32.969,67.0,720.0,I186,9.0,,John Isner,R,208.0,USA,29.04,11.0,2600.0,7-6(7) 6-3,3,R64,87.0,4.0,0.0,75.0,59.0,42.0,12.0,11.0,7.0,8.0,13.0,0.0,70.0,49.0,34.0,10.0,10.0,1.0,3.0
2014-416,Rome Masters,Clay,56,M,O,20140511,20,C977,,,Marin Cilic,R,198.0,CRO,25.615,26.0,1410.0,G725,,Q,Santiago Giraldo,R,188.0,COL,26.453,36.0,1118.0,6-4 2-0 RET,3,R64,68.0,3.0,0.0,30.0,20.0,16.0,6.0,6.0,0.0,1.0,1.0,0.0,48.0,38.0,19.0,5.0,6.0,2.0,5.0
2014-416,Rome Masters,Clay,56,M,O,20140511,21,G710,,,Marcel Granollers,R,191.0,ESP,28.079,31.0,1215.0,L397,,,Feliciano Lopez,L,188.0,ESP,32.638,27.0,1395.0,7-5 6-1,3,R64,82.0,2.0,2.0,54.0,31.0,26.0,12.0,10.0,0.0,1.0,1.0,0.0,55.0,38.0,24.0,6.0,9.0,5.0,9.0
2014-416,Rome Masters,Clay,56,M,O,20140511,22,R750,,Q,Pere Riba,R,183.0,ESP,26.092,98.0,588.0,L503,,WC,Paolo Lorenzi,R,183.0,ITA,32.402,90.0,615.0,7-6(3) 6-3,3,R64,97.0,2.0,2.0,61.0,38.0,25.0,16.0,10.0,5.0,7.0,3.0,2.0,74.0,41.0,25.0,18.0,11.0,3.0,7.0
2014-416,Rome Masters,Clay,56,M,O,20140511,23,SF36,,,Igor Sijsling,R,191.0,NED,26.73,53.0,885.0,CF01,,WC,Marco Cecchinato,R,185.0,ITA,21.61,149.0,391.0,7-6(4) 7-5,3,R64,94.0,1.0,3.0,80.0,51.0,39.0,14.0,12.0,5.0,7.0,1.0,2.0,74.0,47.0,31.0,13.0,12.0,0.0,3.0
2014-416,Rome Masters,Clay,56,M,O,20140511,24,H355,15.0,,Tommy Haas,R,188.0,GER,36.104,19.0,1835.0,SA93,,,Andreas Seppi,R,191.0,ITA,30.218,34.0,1150.0,6-1 4-6 6-3,3,R64,108.0,6.0,3.0,75.0,46.0,31.0,17.0,13.0,2.0,4.0,5.0,1.0,73.0,35.0,21.0,20.0,13.0,1.0,6.0
2014-416,Rome Masters,Clay,56,M,O,20140511,25,N409,1.0,,Rafael Nadal,L,185.0,ESP,27.937,1.0,12900.0,SD32,,,Gilles Simon,R,183.0,FRA,29.369,30.0,1225.0,7-6(1) 6-7(4) 6-2,3,R32,199.0,4.0,2.0,109.0,86.0,53.0,13.0,16.0,6.0,10.0,7.0,1.0,132.0,78.0,49.0,24.0,16.0,7.0,13.0
2014-416,Rome Masters,Clay,56,M,O,20140511,26,Y061,14.0,,Mikhail Youzhny,R,183.0,RUS,31.877,16.0,2020.0,G806,,Q,Andrey Golubev,R,180.0,KAZ,26.804,59.0,827.0,7-5 4-1 RET,3,R32,105.0,0.0,1.0,72.0,47.0,26.0,18.0,9.0,5.0,7.0,2.0,3.0,64.0,25.0,11.0,22.0,8.0,10.0,14.0
2014-416,Rome Masters,Clay,56,M,O,20140511,27,M762,,,Jurgen Melzer,L,183.0,AUT,32.969,67.0,720.0,C977,,,Marin Cilic,R,198.0,CRO,25.615,26.0,1410.0,6-2 6-7(5) 6-3,3,R32,142.0,4.0,0.0,94.0,67.0,50.0,14.0,15.0,1.0,2.0,7.0,3.0,94.0,55.0,35.0,21.0,14.0,6.0,10.0
2014-416,Rome Masters,Clay,56,M,O,20140511,28,MC10,7.0,,Andy Murray,R,191.0,GBR,26.99,8.0,3950.0,G710,,,Marcel Granollers,R,191.0,ESP,28.079,31.0,1215.0,6-2 7-5,3,R32,86.0,0.0,0.0,49.0,40.0,29.0,8.0,10.0,0.0,1.0,0.0,2.0,60.0,40.0,26.0,8.0,10.0,4.0,8.0
2014-416,Rome Masters,Clay,56,M,O,20140511,29,W367,3.0,,Stan Wawrinka,R,183.0,SUI,29.12,3.0,5785.0,R750,,Q,Pere Riba,R,183.0,ESP,26.092,98.0,588.0,6-0 6-3,3,R32,51.0,3.0,0.0,41.0,25.0,24.0,9.0,8.0,1.0,1.0,2.0,0.0,45.0,34.0,18.0,4.0,7.0,5.0,9.0
2014-416,Rome Masters,Clay,56,M,O,20140511,30,H355,15.0,,Tommy Haas,R,188.0,GER,36.104,19.0,1835.0,SF36,,,Igor Sijsling,R,191.0,NED,26.73,53.0,885.0,7-6(6) 6-1,3,R32,80.0,2.0,3.0,57.0,37.0,31.0,13.0,9.0,0.0,0.0,4.0,2.0,76.0,51.0,32.0,12.0,10.0,4.0,7.0
2014-416,Rome Masters,Clay,56,M,O,20140511,31,D875,12.0,,Grigor Dimitrov,R,191.0,BUL,22.987,14.0,2200.0,K336,,,Ivo Karlovic,R,211.0,CRO,35.198,52.0,902.0,7-6(3) 6-4,3,R32,73.0,8.0,0.0,60.0,37.0,33.0,15.0,11.0,0.0,0.0,15.0,0.0,55.0,44.0,37.0,6.0,11.0,0.0,1.0
2014-416,Rome Masters,Clay,56,M,O,20140511,32,BA47,6.0,,Tomas Berdych,R,196.0,CZE,28.646,6.0,4600.0,T315,,,Dmitry Tursunov,R,185.0,RUS,31.411,33.0,1155.0,6-4 6-3,3,R32,83.0,4.0,2.0,54.0,31.0,25.0,9.0,9.0,0.0,2.0,2.0,1.0,60.0,43.0,23.0,9.0,10.0,4.0,9.0
2014-416,Rome Masters,Clay,56,M,O,20140511,33,R975,8.0,,Milos Raonic,R,196.0,CAN,23.37,10.0,2625.0,BA98,,WC,Simone Bolelli,R,183.0,ITA,28.589,162.0,340.0,6-3 7-6(5),3,R32,100.0,18.0,0.0,81.0,47.0,37.0,20.0,11.0,3.0,3.0,3.0,1.0,59.0,41.0,28.0,14.0,10.0,0.0,1.0
2014-416,Rome Masters,Clay,56,M,O,20140511,34,T786,11.0,,Jo-Wilfried Tsonga,R,188.0,FRA,29.065,13.0,2235.0,A678,,,Kevin Anderson,R,203.0,RSA,27.981,20.0,1755.0,7-6(14) 7-6(5),3,R32,135.0,11.0,2.0,95.0,64.0,52.0,17.0,12.0,5.0,5.0,9.0,3.0,87.0,51.0,42.0,22.0,12.0,3.0,3.0
2014-416,Rome Masters,Clay,56,M,O,20140511,35,D646,,,Ivan Dodig,R,183.0,CRO,29.352,40.0,1055.0,R685,,,Lukas Rosol,R,193.0,CZE,28.797,56.0,866.0,6-1 6-2,3,R32,75.0,3.0,1.0,42.0,21.0,13.0,17.0,7.0,2.0,2.0,2.0,1.0,55.0,29.0,16.0,9.0,8.0,3.0,8.0
2014-416,Rome Masters,Clay,56,M,O,20140511,36,CA12,,,Jeremy Chardy,R,188.0,FRA,27.242,47.0,970.0,F324,4.0,,Roger Federer,R,185.0,SUI,32.756,4.0,5715.0,1-6 6-3 7-6(6),3,R32,127.0,2.0,5.0,92.0,52.0,42.0,18.0,14.0,4.0,7.0,9.0,1.0,101.0,69.0,47.0,16.0,14.0,9.0,11.0
2014-416,Rome Masters,Clay,56,M,O,20140511,37,F401,5.0,,David Ferrer,R,175.0,ESP,32.107,5.0,5030.0,K926,,,Mikhail Kukushkin,R,183.0,KAZ,26.374,60.0,819.0,6-1 6-2,3,R32,67.0,2.0,0.0,55.0,30.0,22.0,12.0,8.0,5.0,7.0,1.0,0.0,41.0,27.0,11.0,3.0,7.0,3.0,9.0
2014-416,Rome Masters,Clay,56,M,O,20140511,38,G858,,,Ernests Gulbis,R,191.0,LAT,25.695,17.0,1915.0,R612,,Q,Stephane Robert,R,185.0,FRA,33.982,85.0,629.0,6-7(1) 6-4 6-3,3,R32,118.0,14.0,1.0,88.0,65.0,46.0,11.0,15.0,0.0,2.0,5.0,3.0,95.0,56.0,38.0,19.0,16.0,4.0,9.0
2014-416,Rome Masters,Clay,56,M,O,20140511,39,K435,,,Philipp Kohlschreiber,R,178.0,GER,30.568,29.0,1280.0,R419,16.0,,Tommy Robredo,R,180.0,ESP,32.027,18.0,1855.0,6-2 6-4,3,R32,79.0,0.0,1.0,58.0,40.0,26.0,12.0,9.0,2.0,3.0,2.0,1.0,60.0,46.0,27.0,5.0,9.0,6.0,10.0
2014-416,Rome Masters,Clay,56,M,O,20140511,40,D643,2.0,,Novak Djokovic,R,188.0,SRB,26.971,2.0,11030.0,S694,,,Radek Stepanek,R,185.0,CZE,35.452,43.0,1005.0,6-3 7-5,3,R32,97.0,2.0,0.0,58.0,39.0,26.0,12.0,11.0,2.0,5.0,4.0,7.0,79.0,49.0,32.0,8.0,10.0,6.0,11.0
2014-416,Rome Masters,Clay,56,M,O,20140511,41,N409,1.0,,Rafael Nadal,L,185.0,ESP,27.937,1.0,12900.0,Y061,14.0,,Mikhail Youzhny,R,183.0,RUS,31.877,16.0,2020.0,6-7(4) 6-2 6-1,3,R16,164.0,1.0,4.0,99.0,75.0,55.0,7.0,14.0,7.0,9.0,0.0,2.0,102.0,73.0,38.0,15.0,13.0,9.0,15.0
2014-416,Rome Masters,Clay,56,M,O,20140511,42,MC10,7.0,,Andy Murray,R,191.0,GBR,26.99,8.0,3950.0,M762,,,Jurgen Melzer,L,183.0,AUT,32.969,67.0,720.0,7-6(1) 6-4,3,R16,102.0,6.0,1.0,80.0,49.0,33.0,18.0,11.0,8.0,10.0,4.0,1.0,64.0,47.0,28.0,8.0,11.0,2.0,5.0
2014-416,Rome Masters,Clay,56,M,O,20140511,43,H355,15.0,,Tommy Haas,R,188.0,GER,36.104,19.0,1835.0,W367,3.0,,Stan Wawrinka,R,183.0,SUI,29.12,3.0,5785.0,5-7 6-2 6-3,3,R16,120.0,7.0,0.0,81.0,54.0,41.0,16.0,15.0,0.0,3.0,8.0,4.0,93.0,47.0,29.0,22.0,14.0,9.0,14.0
2014-416,Rome Masters,Clay,56,M,O,20140511,44,D875,12.0,,Grigor Dimitrov,R,191.0,BUL,22.987,14.0,2200.0,BA47,6.0,,Tomas Berdych,R,196.0,CZE,28.646,6.0,4600.0,6-7(3) 6-2 6-2,3,R16,145.0,8.0,2.0,89.0,58.0,48.0,15.0,14.0,2.0,3.0,7.0,3.0,99.0,62.0,42.0,17.0,14.0,8.0,13.0
2014-416,Rome Masters,Clay,56,M,O,20140511,45,R975,8.0,,Milos Raonic,R,196.0,CAN,23.37,10.0,2625.0,T786,11.0,,Jo-Wilfried Tsonga,R,188.0,FRA,29.065,13.0,2235.0,7-6(5) 6-4,3,R16,108.0,7.0,3.0,80.0,50.0,38.0,19.0,11.0,5.0,5.0,6.0,1.0,64.0,40.0,30.0,17.0,11.0,3.0,4.0
2014-416,Rome Masters,Clay,56,M,O,20140511,46,CA12,,,Jeremy Chardy,R,188.0,FRA,27.242,47.0,970.0,D646,,,Ivan Dodig,R,183.0,CRO,29.352,40.0,1055.0,6-3 6-2,3,R16,72.0,3.0,3.0,46.0,30.0,25.0,9.0,8.0,0.0,0.0,2.0,2.0,50.0,35.0,21.0,5.0,9.0,2.0,6.0
2014-416,Rome Masters,Clay,56,M,O,20140511,47,F401,5.0,,David Ferrer,R,175.0,ESP,32.107,5.0,5030.0,G858,,,Ernests Gulbis,R,191.0,LAT,25.695,17.0,1915.0,6-2 6-3,3,R16,71.0,3.0,1.0,51.0,36.0,27.0,8.0,8.0,5.0,6.0,7.0,4.0,54.0,34.0,22.0,3.0,9.0,1.0,6.0
2014-416,Rome Masters,Clay,56,M,O,20140511,48,D643,2.0,,Novak Djokovic,R,188.0,SRB,26.971,2.0,11030.0,K435,,,Philipp Kohlschreiber,R,178.0,GER,30.568,29.0,1280.0,4-6 6-2 6-1,3,R16,96.0,2.0,1.0,72.0,54.0,38.0,9.0,13.0,1.0,4.0,2.0,0.0,70.0,42.0,27.0,8.0,12.0,4.0,10.0
2014-416,Rome Masters,Clay,56,M,O,20140511,49,N409,1.0,,Rafael Nadal,L,185.0,ESP,27.937,1.0,12900.0,MC10,7.0,,Andy Murray,R,191.0,GBR,26.99,8.0,3950.0,1-6 6-3 7-5,3,QF,161.0,6.0,1.0,86.0,61.0,41.0,13.0,14.0,6.0,10.0,5.0,4.0,98.0,63.0,44.0,11.0,14.0,8.0,12.0
2014-416,Rome Masters,Clay,56,M,O,20140511,50,D875,12.0,,Grigor Dimitrov,R,191.0,BUL,22.987,14.0,2200.0,H355,15.0,,Tommy Haas,R,188.0,GER,36.104,19.0,1835.0,6-2 RET,3,QF,36.0,2.0,0.0,24.0,15.0,11.0,8.0,4.0,2.0,2.0,0.0,0.0,32.0,23.0,11.0,5.0,4.0,6.0,8.0
2014-416,Rome Masters,Clay,56,M,O,20140511,51,R975,8.0,,Milos Raonic,R,196.0,CAN,23.37,10.0,2625.0,CA12,,,Jeremy Chardy,R,188.0,FRA,27.242,47.0,970.0,6-3 5-7 6-2,3,QF,122.0,14.0,2.0,85.0,54.0,47.0,12.0,15.0,5.0,7.0,8.0,3.0,88.0,54.0,40.0,14.0,14.0,5.0,9.0
2014-416,Rome Masters,Clay,56,M,O,20140511,52,D643,2.0,,Novak Djokovic,R,188.0,SRB,26.971,2.0,11030.0,F401,5.0,,David Ferrer,R,175.0,ESP,32.107,5.0,5030.0,7-5 4-6 6-3,3,QF,152.0,3.0,2.0,97.0,60.0,41.0,20.0,16.0,3.0,6.0,2.0,0.0,92.0,59.0,38.0,17.0,15.0,8.0,12.0
2014-416,Rome Masters,Clay,56,M,O,20140511,53,N409,1.0,,Rafael Nadal,L,185.0,ESP,27.937,1.0,12900.0,D875,12.0,,Grigor Dimitrov,R,191.0,BUL,22.987,14.0,2200.0,6-2 6-2,3,SF,83.0,1.0,0.0,55.0,44.0,29.0,8.0,8.0,3.0,3.0,2.0,3.0,46.0,29.0,17.0,4.0,8.0,3.0,7.0
2014-416,Rome Masters,Clay,56,M,O,20140511,54,D643,2.0,,Novak Djokovic,R,188.0,SRB,26.971,2.0,11030.0,R975,8.0,,Milos Raonic,R,196.0,CAN,23.37,10.0,2625.0,6-7(5) 7-6(4) 6-3,3,SF,181.0,3.0,1.0,114.0,82.0,58.0,21.0,16.0,7.0,8.0,17.0,3.0,121.0,81.0,61.0,18.0,17.0,7.0,10.0
2014-416,Rome Masters,Clay,56,M,O,20140511,55,D643,2.0,,Novak Djokovic,R,188.0,SRB,26.971,2.0,11030.0,N409,1.0,,Rafael Nadal,L,185.0,ESP,27.937,1.0,12900.0,4-6 6-3 6-3,3,F,139.0,7.0,0.0,72.0,45.0,32.0,15.0,14.0,2.0,6.0,0.0,2.0,93.0,70.0,38.0,10.0,14.0,8.0,14.0
2014-6120,Nice,Clay,28,250,O,20140518,1,SM25,,Q,Jack Sock,R,191.0,USA,21.645,79.0,656.0,D750,,,Kenny De Schepper,L,203.0,FRA,26.971,74.0,704.0,6-4 6-2,3,R32,68.0,5.0,4.0,53.0,32.0,25.0,14.0,9.0,5.0,5.0,3.0,5.0,58.0,38.0,26.0,7.0,9.0,2.0,5.0
2014-6120,Nice,Clay,28,250,O,20140518,2,T315,5.0,,Dmitry Tursunov,R,185.0,RUS,31.431,32.0,1155.0,N503,,,Aleksandr Nedovyesov,R,188.0,KAZ,27.253,99.0,591.0,6-1 6-4,3,R32,56.0,4.0,0.0,48.0,34.0,28.0,9.0,9.0,0.0,0.0,1.0,0.0,39.0,24.0,17.0,5.0,8.0,0.0,3.0
2014-6120,Nice,Clay,28,250,O,20140518,3,H756,,,Robin Haase,R,191.0,NED,27.116,50.0,935.0,V254,,,Filippo Volandri,R,183.0,ITA,32.698,97.0,592.0,6-3 6-2,3,R32,62.0,3.0,1.0,55.0,38.0,32.0,7.0,9.0,0.0,0.0,0.0,0.0,48.0,38.0,20.0,7.0,8.0,5.0,8.0
2014-6120,Nice,Clay,28,250,O,20140518,4,K966,,,Martin Klizan,L,191.0,SVK,24.851,62.0,775.0,TA46,,,Bernard Tomic,R,196.0,AUS,21.572,81.0,646.0,4-6 6-3 6-4,3,R32,108.0,6.0,2.0,83.0,42.0,35.0,20.0,14.0,4.0,6.0,11.0,1.0,88.0,56.0,37.0,17.0,15.0,2.0,6.0
2014-6120,Nice,Clay,28,250,O,20140518,5,M850,,WC,Paul-Henri Mathieu,R,185.0,FRA,32.345,83.0,636.0,PF39,,Q,Lucas Pouille,R,185.0,FRA,20.23,195.0,256.0,2-6 6-4 6-0,3,R32,98.0,1.0,3.0,72.0,48.0,25.0,14.0,12.0,3.0,8.0,6.0,2.0,77.0,43.0,25.0,12.0,12.0,6.0,13.0
2014-6120,Nice,Clay,28,250,O,20140518,6,D874,7.0,,Federico Delbonis,L,193.0,ARG,23.617,45.0,1004.0,K926,,,Mikhail Kukushkin,R,183.0,KAZ,26.393,56.0,859.0,7-5 6-3,3,R32,92.0,3.0,1.0,76.0,50.0,36.0,13.0,11.0,3.0,5.0,2.0,2.0,53.0,35.0,21.0,9.0,10.0,0.0,4.0
2014-6120,Nice,Clay,28,250,O,20140518,7,TB69,,,Dominic Thiem,R,185.0,AUT,20.704,58.0,802.0,J386,,,Steve Johnson,R,188.0,USA,24.397,67.0,748.0,3-6 7-6(5) 7-5,3,R32,137.0,5.0,3.0,104.0,71.0,46.0,20.0,16.0,5.0,9.0,7.0,6.0,113.0,68.0,45.0,22.0,17.0,8.0,12.0
2014-6120,Nice,Clay,28,250,O,20140518,8,B884,,,Carlos Berlocq,R,183.0,ARG,31.285,48.0,950.0,B747,,,Julien Benneteau,R,185.0,FRA,32.408,43.0,1035.0,6-1 4-6 6-3,3,R32,142.0,3.0,3.0,76.0,53.0,39.0,13.0,13.0,7.0,9.0,8.0,4.0,101.0,60.0,39.0,15.0,13.0,11.0,16.0
2014-6120,Nice,Clay,28,250,O,20140518,9,M873,6.0,,Nicolas Mahut,R,191.0,FRA,32.32,38.0,1067.0,V790,,Q,Martin Vaisse,,,FRA,26.768,309.0,146.0,6-7(4) 6-3 6-2,3,R32,114.0,9.0,2.0,94.0,54.0,43.0,24.0,15.0,6.0,7.0,2.0,0.0,82.0,49.0,31.0,22.0,14.0,2.0,6.0
2014-6120,Nice,Clay,28,250,O,20140518,10,R613,8.0,,Edouard Roger-Vasselin,R,185.0,FRA,30.47,47.0,965.0,G892,,,Alejandro Gonzalez,R,191.0,COL,25.273,78.0,675.0,6-3 6-1,3,R32,66.0,2.0,0.0,50.0,37.0,29.0,7.0,8.0,2.0,2.0,6.0,1.0,50.0,29.0,18.0,8.0,8.0,1.0,5.0
2014-6120,Nice,Clay,28,250,O,20140518,11,MD56,,Q,Leonardo Mayer,R,191.0,ARG,27.009,77.0,676.0,CG80,,WC,Borna Coric,R,188.0,CRO,17.506,245.0,199.0,4-6 6-3 6-4,3,R32,110.0,7.0,3.0,80.0,55.0,43.0,14.0,15.0,0.0,2.0,5.0,0.0,74.0,51.0,33.0,15.0,14.0,1.0,4.0
2014-6120,Nice,Clay,28,250,O,20140518,12,M824,,,Albert Montanes,R,175.0,ESP,33.473,61.0,785.0,E690,,,Matthew Ebden,R,188.0,AUS,26.475,75.0,700.0,6-1 6-3,3,R32,73.0,4.0,2.0,57.0,32.0,24.0,14.0,8.0,2.0,2.0,1.0,7.0,59.0,35.0,21.0,8.0,8.0,5.0,9.0
2014-6120,Nice,Clay,28,250,O,20140518,13,I186,1.0,,John Isner,R,208.0,USA,29.06,11.0,2600.0,SM25,,Q,Jack Sock,R,191.0,USA,21.645,79.0,656.0,6-4 6-3,3,R16,78.0,8.0,0.0,53.0,35.0,29.0,12.0,10.0,2.0,2.0,2.0,2.0,65.0,45.0,29.0,10.0,9.0,4.0,6.0
2014-6120,Nice,Clay,28,250,O,20140518,14,D874,7.0,,Federico Delbonis,L,193.0,ARG,23.617,45.0,1004.0,M850,,WC,Paul-Henri Mathieu,R,185.0,FRA,32.345,83.0,636.0,6-2 6-4,3,R16,81.0,1.0,1.0,60.0,42.0,30.0,8.0,9.0,2.0,3.0,3.0,2.0,53.0,29.0,17.0,10.0,9.0,1.0,5.0
2014-6120,Nice,Clay,28,250,O,20140518,15,SD32,4.0,,Gilles Simon,R,183.0,FRA,29.388,30.0,1180.0,TB69,,,Dominic Thiem,R,185.0,AUT,20.704,58.0,802.0,6-3 4-6 6-2,3,R16,122.0,5.0,2.0,90.0,47.0,37.0,18.0,14.0,4.0,7.0,0.0,4.0,96.0,51.0,34.0,21.0,13.0,14.0,19.0
2014-6120,Nice,Clay,28,250,O,20140518,16,B884,,,Carlos Berlocq,R,183.0,ARG,31.285,48.0,950.0,M873,6.0,,Nicolas Mahut,R,191.0,FRA,32.32,38.0,1067.0,6-2 6-3,3,R16,82.0,0.0,1.0,53.0,41.0,25.0,7.0,8.0,2.0,4.0,2.0,4.0,58.0,35.0,18.0,7.0,9.0,3.0,9.0
2014-6120,Nice,Clay,28,250,O,20140518,17,MD56,,Q,Leonardo Mayer,R,191.0,ARG,27.009,77.0,676.0,R613,8.0,,Edouard Roger-Vasselin,R,185.0,FRA,30.47,47.0,965.0,6-4 3-6 7-5,3,R16,140.0,10.0,5.0,87.0,54.0,40.0,19.0,15.0,4.0,6.0,0.0,3.0,113.0,84.0,54.0,15.0,16.0,10.0,13.0
2014-6120,Nice,Clay,28,250,O,20140518,18,M824,,,Albert Montanes,R,175.0,ESP,33.473,61.0,785.0,Q927,,LL,Sam Querrey,R,198.0,USA,26.612,64.0,755.0,4-6 6-3 6-2,3,R16,105.0,5.0,2.0,85.0,61.0,48.0,12.0,14.0,2.0,3.0,8.0,4.0,88.0,49.0,36.0,19.0,13.0,5.0,8.0
2014-6120,Nice,Clay,28,250,O,20140518,19,T315,5.0,,Dmitry Tursunov,R,185.0,RUS,31.431,32.0,1155.0,H756,,,Robin Haase,R,191.0,NED,27.116,50.0,935.0,6-3 6-4,3,R16,80.0,3.0,1.0,60.0,43.0,35.0,8.0,10.0,2.0,2.0,5.0,3.0,74.0,48.0,31.0,12.0,9.0,6.0,8.0
2014-6120,Nice,Clay,28,250,O,20140518,20,G858,2.0,,Ernests Gulbis,R,191.0,LAT,25.714,19.0,1890.0,K966,,,Martin Klizan,L,191.0,SVK,24.851,62.0,775.0,6-7(4) 6-4 6-1,3,R16,129.0,11.0,3.0,82.0,49.0,39.0,17.0,14.0,2.0,4.0,4.0,1.0,93.0,54.0,36.0,16.0,15.0,2.0,8.0
2014-6120,Nice,Clay,28,250,O,20140518,21,D874,7.0,,Federico Delbonis,L,193.0,ARG,23.617,45.0,1004.0,I186,1.0,,John Isner,R,208.0,USA,29.06,11.0,2600.0,6-4 5-7 7-6(6),3,QF,133.0,5.0,2.0,100.0,56.0,44.0,27.0,17.0,2.0,4.0,16.0,1.0,99.0,69.0,53.0,18.0,17.0,2.0,4.0
2014-6120,Nice,Clay,28,250,O,20140518,22,SD32,4.0,,Gilles Simon,R,183.0,FRA,29.388,30.0,1180.0,B884,,,Carlos Berlocq,R,183.0,ARG,31.285,48.0,950.0,6-4 6-1,3,QF,86.0,5.0,2.0,66.0,35.0,27.0,16.0,9.0,5.0,6.0,2.0,0.0,57.0,44.0,21.0,7.0,8.0,5.0,9.0
2014-6120,Nice,Clay,28,250,O,20140518,23,M824,,,Albert Montanes,R,175.0,ESP,33.473,61.0,785.0,MD56,,Q,Leonardo Mayer,R,191.0,ARG,27.009,77.0,676.0,6-7(6) 6-4 6-4,3,QF,130.0,2.0,2.0,104.0,66.0,50.0,17.0,16.0,1.0,3.0,5.0,4.0,92.0,60.0,41.0,19.0,16.0,4.0,8.0
2014-6120,Nice,Clay,28,250,O,20140518,24,G858,2.0,,Ernests Gulbis,R,191.0,LAT,25.714,19.0,1890.0,T315,5.0,,Dmitry Tursunov,R,185.0,RUS,31.431,32.0,1155.0,6-3 3-6 7-6(5),3,QF,123.0,18.0,5.0,94.0,58.0,47.0,19.0,15.0,8.0,10.0,4.0,0.0,84.0,61.0,48.0,13.0,15.0,1.0,3.0
2014-6120,Nice,Clay,28,250,O,20140518,25,D874,7.0,,Federico Delbonis,L,193.0,ARG,23.617,45.0,1004.0,SD32,4.0,,Gilles Simon,R,183.0,FRA,29.388,30.0,1180.0,6-2 6-4,3,SF,71.0,2.0,5.0,52.0,33.0,27.0,7.0,9.0,2.0,3.0,1.0,1.0,55.0,28.0,14.0,17.0,9.0,7.0,11.0
2014-6120,Nice,Clay,28,250,O,20140518,26,G858,2.0,,Ernests Gulbis,R,191.0,LAT,25.714,19.0,1890.0,M824,,,Albert Montanes,R,175.0,ESP,33.473,61.0,785.0,6-0 6-3,3,SF,70.0,4.0,6.0,56.0,27.0,26.0,11.0,8.0,6.0,7.0,0.0,5.0,43.0,26.0,12.0,6.0,7.0,1.0,6.0
2014-6120,Nice,Clay,28,250,O,20140518,27,G858,2.0,,Ernests Gulbis,R,191.0,LAT,25.714,19.0,1890.0,D874,7.0,,Federico Delbonis,L,193.0,ARG,23.617,45.0,1004.0,6-1 7-6(5),3,F,99.0,9.0,6.0,65.0,35.0,32.0,16.0,10.0,3.0,3.0,1.0,3.0,68.0,44.0,27.0,14.0,9.0,4.0,6.0
2014-6710,Dusseldorf,Clay,28,250,O,20140518,1,G681,,,Teymuraz Gabashvili,R,185.0,GEO,28.986,60.0,798.0,L987,,,Dusan Lajovic,R,183.0,SRB,23.882,84.0,632.0,3-6 6-3 6-4,3,R32,121.0,2.0,3.0,78.0,55.0,39.0,17.0,14.0,5.0,7.0,14.0,1.0,109.0,72.0,47.0,17.0,14.0,13.0,16.0
2014-6710,Dusseldorf,Clay,28,250,O,20140518,2,K336,7.0,,Ivo Karlovic,R,211.0,CRO,35.217,49.0,947.0,K839,,WC,Tobias Kamke,R,178.0,GER,27.992,101.0,582.0,3-6 7-5 7-6(5),3,R32,132.0,23.0,4.0,96.0,59.0,51.0,20.0,16.0,4.0,6.0,2.0,7.0,110.0,67.0,54.0,21.0,17.0,9.0,11.0
2014-6710,Dusseldorf,Clay,28,250,O,20140518,3,MM66,,WC,Nikola Milojevic,R,188.0,SRB,18.913,581.0,52.0,BE67,,Q,Mirza Basic,R,188.0,BIH,22.85,281.0,167.0,6-2 5-7 6-4,3,R32,124.0,7.0,6.0,93.0,50.0,36.0,15.0,15.0,5.0,11.0,3.0,3.0,103.0,64.0,38.0,13.0,15.0,6.0,14.0
2014-6710,Dusseldorf,Clay,28,250,O,20140518,4,MA21,,,Juan Monaco,R,185.0,ARG,30.136,54.0,880.0,B896,,,Benjamin Becker,R,178.0,GER,32.92,71.0,713.0,6-2 6-1,3,R32,57.0,4.0,1.0,37.0,26.0,23.0,7.0,7.0,2.0,2.0,2.0,3.0,51.0,23.0,15.0,10.0,8.0,3.0,8.0
2014-6710,Dusseldorf,Clay,28,250,O,20140518,5,DA89,,Q,Mate Delic,R,196.0,CRO,21.051,211.0,231.0,P701,,,Michal Przysiezny,R,185.0,POL,30.251,102.0,572.0,7-5 7-5,3,R32,80.0,10.0,2.0,62.0,41.0,34.0,12.0,12.0,2.0,3.0,5.0,3.0,74.0,36.0,30.0,13.0,12.0,0.0,3.0
2014-6710,Dusseldorf,Clay,28,250,O,20140518,6,BA65,,WC,Dustin Brown,R,196.0,JAM,29.44,87.0,620.0,L575,5.0,,Yen-Hsun Lu,R,180.0,TPE,30.76,46.0,968.0,7-6(3) 6-2,3,R32,84.0,8.0,2.0,72.0,49.0,34.0,12.0,10.0,4.0,6.0,2.0,6.0,85.0,58.0,34.0,11.0,10.0,10.0,14.0
2014-6710,Dusseldorf,Clay,28,250,O,20140518,7,ME82,,,Adrian Mannarino,L,180.0,FRA,25.884,96.0,592.0,ME05,,,Marinko Matosevic,R,193.0,AUS,28.775,68.0,732.0,3-6 6-3 6-4,3,R32,118.0,4.0,3.0,99.0,63.0,37.0,19.0,14.0,7.0,11.0,4.0,1.0,88.0,54.0,36.0,14.0,14.0,4.0,9.0
2014-6710,Dusseldorf,Clay,28,250,O,20140518,8,KB95,,Q,Jason Kubler,R,178.0,AUS,20.997,352.0,125.0,G983,,Q,Alessandro Giannessi,L,185.0,ITA,23.967,366.0,120.0,7-5 3-6 6-1,3,R32,120.0,2.0,10.0,91.0,62.0,43.0,11.0,14.0,4.0,8.0,4.0,2.0,88.0,52.0,34.0,13.0,14.0,6.0,12.0
2014-6710,Dusseldorf,Clay,28,250,O,20140518,9,I165,,,Denis Istomin,R,185.0,UZB,27.693,57.0,845.0,N289,6.0,,Jarkko Nieminen,L,185.0,FIN,32.819,51.0,920.0,6-7(5) 6-3 6-2,3,R32,116.0,9.0,3.0,81.0,52.0,42.0,16.0,14.0,5.0,6.0,3.0,3.0,101.0,59.0,40.0,17.0,15.0,5.0,10.0
2014-6710,Dusseldorf,Clay,28,250,O,20140518,10,V708,,,Jiri Vesely,L,198.0,CZE,20.854,104.0,559.0,SF36,8.0,,Igor Sijsling,R,191.0,NED,26.749,52.0,910.0,7-6(2) 6-3,3,R32,94.0,7.0,3.0,73.0,43.0,35.0,14.0,10.0,4.0,5.0,7.0,1.0,74.0,40.0,30.0,15.0,11.0,4.0,7.0
2014-6710,Dusseldorf,Clay,28,250,O,20140518,11,D402,,,Nikolay Davydenko,R,178.0,RUS,32.958,100.0,590.0,SC56,,,Dudi Sela,R,175.0,ISR,29.12,110.0,531.0,6-3 6-1,3,R32,60.0,2.0,1.0,52.0,30.0,21.0,13.0,8.0,3.0,4.0,1.0,3.0,50.0,26.0,10.0,12.0,8.0,2.0,7.0
2014-6710,Dusseldorf,Clay,28,250,O,20140518,12,M762,,,Jurgen Melzer,L,183.0,AUT,32.988,59.0,800.0,CD85,,,Pablo Carreno Busta,R,188.0,ESP,22.85,70.0,729.0,6-4 6-1,3,R32,61.0,3.0,1.0,53.0,35.0,24.0,11.0,9.0,1.0,3.0,2.0,4.0,43.0,25.0,14.0,6.0,8.0,3.0,8.0
2014-6710,Dusseldorf,Clay,28,250,O,20140518,13,K435,1.0,,Philipp Kohlschreiber,R,178.0,GER,30.587,29.0,1280.0,G681,,,Teymuraz Gabashvili,R,185.0,GEO,28.986,60.0,798.0,6-3 6-1,3,R16,67.0,3.0,1.0,41.0,29.0,27.0,6.0,8.0,1.0,1.0,0.0,4.0,61.0,32.0,21.0,9.0,8.0,2.0,6.0
2014-6710,Dusseldorf,Clay,28,250,O,20140518,14,DA89,,Q,Mate Delic,R,196.0,CRO,21.051,211.0,231.0,BA65,,WC,Dustin Brown,R,196.0,JAM,29.44,87.0,620.0,6-3 6-0,3,R16,46.0,2.0,0.0,49.0,37.0,26.0,8.0,8.0,1.0,1.0,0.0,4.0,43.0,24.0,18.0,3.0,7.0,2.0,6.0
2014-6710,Dusseldorf,Clay,28,250,O,20140518,15,SA93,3.0,,Andreas Seppi,R,191.0,ITA,30.237,33.0,1150.0,ME82,,,Adrian Mannarino,L,180.0,FRA,25.884,96.0,592.0,6-2 6-1,3,R16,57.0,3.0,1.0,40.0,25.0,20.0,10.0,7.0,0.0,0.0,1.0,1.0,52.0,25.0,13.0,11.0,8.0,3.0,8.0
2014-6710,Dusseldorf,Clay,28,250,O,20140518,16,I165,,,Denis Istomin,R,185.0,UZB,27.693,57.0,845.0,KB95,,Q,Jason Kubler,R,178.0,AUS,20.997,352.0,125.0,3-6 6-4 6-2,3,R16,98.0,4.0,1.0,83.0,57.0,38.0,14.0,14.0,4.0,7.0,0.0,5.0,77.0,46.0,29.0,15.0,13.0,5.0,9.0
2014-6710,Dusseldorf,Clay,28,250,O,20140518,17,V708,,,Jiri Vesely,L,198.0,CZE,20.854,104.0,559.0,D402,,,Nikolay Davydenko,R,178.0,RUS,32.958,100.0,590.0,6-1 7-6(5),3,R16,82.0,8.0,1.0,54.0,35.0,29.0,14.0,9.0,2.0,2.0,2.0,1.0,73.0,46.0,26.0,17.0,10.0,9.0,12.0
2014-6710,Dusseldorf,Clay,28,250,O,20140518,18,M762,,,Jurgen Melzer,L,183.0,AUT,32.988,59.0,800.0,SH90,4.0,,Joao Sousa,R,185.0,POR,25.133,42.0,1039.0,7-6(6) 4-6 6-4,3,R16,142.0,5.0,4.0,109.0,61.0,46.0,28.0,16.0,8.0,10.0,3.0,2.0,109.0,66.0,44.0,28.0,16.0,9.0,11.0
2014-6710,Dusseldorf,Clay,28,250,O,20140518,19,K336,7.0,,Ivo Karlovic,R,211.0,CRO,35.217,49.0,947.0,MM66,,WC,Nikola Milojevic,R,188.0,SRB,18.913,581.0,52.0,6-4 7-5,3,R16,72.0,11.0,0.0,49.0,38.0,36.0,8.0,11.0,0.0,0.0,0.0,3.0,65.0,37.0,28.0,14.0,11.0,3.0,5.0
2014-6710,Dusseldorf,Clay,28,250,O,20140518,20,MA21,,,Juan Monaco,R,185.0,ARG,30.136,54.0,880.0,G710,2.0,,Marcel Granollers,R,191.0,ESP,28.099,37.0,1080.0,6-1 6-2,3,R16,73.0,0.0,0.0,40.0,31.0,22.0,4.0,7.0,1.0,2.0,0.0,1.0,49.0,31.0,12.0,8.0,8.0,5.0,11.0
2014-6710,Dusseldorf,Clay,28,250,O,20140518,21,K435,1.0,,Philipp Kohlschreiber,R,178.0,GER,30.587,29.0,1280.0,DA89,,Q,Mate Delic,R,196.0,CRO,21.051,211.0,231.0,7-5 4-6 6-1,3,QF,104.0,9.0,3.0,82.0,57.0,42.0,13.0,14.0,3.0,5.0,2.0,1.0,98.0,68.0,41.0,18.0,15.0,5.0,10.0
2014-6710,Dusseldorf,Clay,28,250,O,20140518,22,I165,,,Denis Istomin,R,185.0,UZB,27.693,57.0,845.0,SA93,3.0,,Andreas Seppi,R,191.0,ITA,30.237,33.0,1150.0,6-3 6-4,3,QF,75.0,6.0,2.0,66.0,45.0,32.0,12.0,10.0,3.0,4.0,1.0,3.0,56.0,33.0,21.0,10.0,9.0,3.0,6.0
2014-6710,Dusseldorf,Clay,28,250,O,20140518,23,V708,,,Jiri Vesely,L,198.0,CZE,20.854,104.0,559.0,M762,,,Jurgen Melzer,L,183.0,AUT,32.988,59.0,800.0,6-1 6-1,3,QF,63.0,5.0,1.0,47.0,30.0,23.0,9.0,7.0,2.0,2.0,2.0,2.0,49.0,25.0,10.0,11.0,7.0,7.0,12.0
2014-6710,Dusseldorf,Clay,28,250,O,20140518,24,K336,7.0,,Ivo Karlovic,R,211.0,CRO,35.217,49.0,947.0,MA21,,,Juan Monaco,R,185.0,ARG,30.136,54.0,880.0,6-4 3-6 6-3,3,QF,114.0,19.0,6.0,101.0,60.0,53.0,12.0,14.0,7.0,8.0,1.0,1.0,72.0,55.0,41.0,10.0,14.0,1.0,3.0
2014-6710,Dusseldorf,Clay,28,250,O,20140518,25,K435,1.0,,Philipp Kohlschreiber,R,178.0,GER,30.587,29.0,1280.0,I165,,,Denis Istomin,R,185.0,UZB,27.693,57.0,845.0,6-2 4-6 6-4,3,SF,115.0,3.0,2.0,77.0,51.0,40.0,16.0,14.0,2.0,3.0,3.0,2.0,103.0,77.0,53.0,9.0,14.0,9.0,12.0
2014-6710,Dusseldorf,Clay,28,250,O,20140518,26,K336,7.0,,Ivo Karlovic,R,211.0,CRO,35.217,49.0,947.0,V708,,,Jiri Vesely,L,198.0,CZE,20.854,104.0,559.0,7-6(6) 7-6(7),3,SF,116.0,16.0,1.0,102.0,71.0,53.0,15.0,12.0,9.0,9.0,6.0,4.0,81.0,53.0,42.0,17.0,12.0,1.0,1.0
2014-6710,Dusseldorf,Clay,28,250,O,20140518,27,K435,1.0,,Philipp Kohlschreiber,R,178.0,GER,30.587,29.0,1280.0,K336,7.0,,Ivo Karlovic,R,211.0,CRO,35.217,49.0,947.0,6-2 7-6(4),3,F,73.0,1.0,1.0,58.0,44.0,34.0,10.0,10.0,3.0,4.0,4.0,1.0,59.0,36.0,23.0,12.0,10.0,0.0,3.0
2014-520,Roland Garros,Clay,128,G,O,20140526,1,N409,1.0,,Rafael Nadal,L,185.0,ESP,27.978,1.0,12500.0,G569,,WC,Robby Ginepri,R,183.0,USA,31.633,279.0,169.0,6-0 6-3 6-0,5,R128,102.0,1.0,0.0,52.0,30.0,26.0,15.0,10.0,1.0,1.0,2.0,4.0,86.0,59.0,25.0,11.0,11.0,11.0,19.0
2014-520,Roland Garros,Clay,128,G,O,20140526,2,H804,,Q,Andreas Haider-Maurer,R,191.0,AUT,27.179,104.0,553.0,BC72,,,Daniel Brands,R,196.0,GER,26.858,131.0,430.0,4-6 4-6 6-2 6-3 6-4,5,R128,168.0,14.0,9.0,137.0,77.0,61.0,30.0,24.0,2.0,6.0,12.0,6.0,144.0,98.0,65.0,23.0,23.0,12.0,18.0
2014-520,Roland Garros,Clay,128,G,O,20140526,3,MI11,,WC,Axel Michon,L,,FRA,23.441,206.0,238.0,KA98,,,Bradley Klahn,L,183.0,USA,23.765,71.0,705.0,6-1 6-7(4) 5-7 6-1 6-4,5,R128,226.0,3.0,1.0,141.0,105.0,57.0,20.0,23.0,11.0,20.0,3.0,8.0,187.0,119.0,63.0,22.0,25.0,16.0,31.0
2014-520,Roland Garros,Clay,128,G,O,20140526,4,A678,19.0,,Kevin Anderson,R,203.0,RSA,28.022,20.0,1710.0,R612,,,Stephane Robert,R,185.0,FRA,34.023,74.0,695.0,7-5 6-3 6-4,5,R128,110.0,11.0,5.0,83.0,51.0,45.0,19.0,16.0,1.0,2.0,3.0,3.0,104.0,50.0,33.0,30.0,15.0,14.0,18.0
2014-520,Roland Garros,Clay,128,G,O,20140526,5,SA93,32.0,,Andreas Seppi,R,191.0,ITA,30.259,33.0,1150.0,G725,,,Santiago Giraldo,R,188.0,COL,26.494,35.0,1118.0,6-3 7-5 6-3,5,R128,111.0,8.0,1.0,85.0,46.0,33.0,26.0,15.0,1.0,3.0,3.0,1.0,101.0,69.0,41.0,14.0,15.0,11.0,17.0
2014-520,Roland Garros,Clay,128,G,O,20140526,6,MA21,,,Juan Monaco,R,185.0,ARG,30.157,76.0,675.0,PF39,,WC,Lucas Pouille,R,185.0,FRA,20.252,190.0,268.0,6-3 6-1 6-4,5,R128,100.0,0.0,3.0,79.0,60.0,39.0,9.0,13.0,8.0,12.0,2.0,0.0,78.0,54.0,27.0,8.0,13.0,4.0,13.0
2014-520,Roland Garros,Clay,128,G,O,20140526,7,BA98,,Q,Simone Bolelli,R,183.0,ITA,28.63,150.0,385.0,A622,,Q,Andrea Arnaboldi,L,180.0,ITA,26.412,173.0,307.0,6-4 6-4 6-2,5,R128,124.0,3.0,2.0,99.0,68.0,47.0,18.0,14.0,5.0,6.0,7.0,1.0,83.0,57.0,35.0,13.0,14.0,5.0,10.0
2014-520,Roland Garros,Clay,128,G,O,20140526,8,F401,5.0,,David Ferrer,R,175.0,ESP,32.148,5.0,5030.0,SF36,,,Igor Sijsling,R,191.0,NED,26.771,55.0,840.0,6-4 6-3 6-1,5,R128,100.0,1.0,1.0,77.0,48.0,33.0,22.0,13.0,1.0,2.0,3.0,3.0,88.0,56.0,32.0,15.0,13.0,4.0,10.0
2014-520,Roland Garros,Clay,128,G,O,20140526,9,G476,,,Guillermo Garcia-Lopez,R,185.0,ESP,30.976,41.0,1063.0,W367,3.0,,Stan Wawrinka,R,183.0,SUI,29.161,3.0,5830.0,6-4 5-7 6-2 6-0,5,R128,143.0,2.0,5.0,113.0,56.0,42.0,29.0,18.0,4.0,7.0,5.0,1.0,98.0,56.0,30.0,23.0,18.0,4.0,12.0
2014-520,Roland Garros,Clay,128,G,O,20140526,10,ME82,,,Adrian Mannarino,L,180.0,FRA,25.906,89.0,612.0,L575,,,Yen-Hsun Lu,R,180.0,TPE,30.782,48.0,968.0,6-2 6-1 6-1,5,R128,74.0,6.0,1.0,62.0,38.0,29.0,18.0,11.0,0.0,0.0,1.0,5.0,61.0,37.0,23.0,5.0,11.0,3.0,10.0
2014-520,Roland Garros,Clay,128,G,O,20140526,11,Y124,,,Donald Young,L,183.0,USA,24.841,79.0,647.0,SC56,,,Dudi Sela,R,175.0,ISR,29.142,110.0,531.0,6-1 2-6 6-1 6-0,5,R128,134.0,3.0,4.0,103.0,69.0,46.0,19.0,14.0,4.0,6.0,0.0,8.0,112.0,76.0,41.0,15.0,14.0,10.0,18.0
2014-520,Roland Garros,Clay,128,G,O,20140526,12,TB69,,,Dominic Thiem,R,185.0,AUT,20.726,57.0,812.0,M850,,WC,Paul-Henri Mathieu,R,185.0,FRA,32.367,90.0,611.0,6-4 7-6(3) 6-2,5,R128,128.0,4.0,5.0,90.0,42.0,33.0,28.0,15.0,3.0,5.0,2.0,4.0,85.0,53.0,31.0,19.0,15.0,4.0,9.0
2014-520,Roland Garros,Clay,128,G,O,20140526,13,L397,26.0,,Feliciano Lopez,L,188.0,ESP,32.679,27.0,1395.0,D923,,Q,Damir Dzumhur,R,175.0,BIH,22.015,129.0,431.0,6-3 7-6(8) 6-3,5,R128,153.0,8.0,1.0,115.0,71.0,52.0,26.0,16.0,6.0,7.0,1.0,0.0,96.0,61.0,41.0,20.0,14.0,6.0,9.0
2014-520,Roland Garros,Clay,128,G,O,20140526,14,MC65,23.0,,Gael Monfils,R,193.0,FRA,27.732,28.0,1390.0,H528,,,Victor Hanescu,R,198.0,ROU,32.846,85.0,626.0,6-2 4-6 6-4 6-2,5,R128,151.0,10.0,4.0,114.0,69.0,47.0,24.0,18.0,8.0,12.0,1.0,2.0,114.0,85.0,50.0,10.0,18.0,9.0,17.0
2014-520,Roland Garros,Clay,128,G,O,20140526,15,SL28,,,Jan-Lennard Struff,R,193.0,GER,24.085,62.0,753.0,O411,,WC,Albano Olivetti,R,203.0,FRA,22.502,161.0,340.0,6-1 6-4 6-4,5,R128,101.0,8.0,1.0,81.0,47.0,38.0,22.0,14.0,4.0,4.0,14.0,6.0,80.0,43.0,34.0,13.0,13.0,3.0,7.0
2014-520,Roland Garros,Clay,128,G,O,20140526,16,BD20,,,Thomaz Bellucci,L,188.0,BRA,26.404,108.0,540.0,B896,,,Benjamin Becker,R,178.0,GER,32.942,69.0,713.0,6-2 6-4 3-6 4-6 6-2,5,R128,175.0,15.0,3.0,121.0,65.0,47.0,33.0,22.0,3.0,7.0,8.0,5.0,148.0,75.0,54.0,33.0,23.0,5.0,12.0
2014-520,Roland Garros,Clay,128,G,O,20140526,17,F510,14.0,,Fabio Fognini,R,178.0,ITA,27.006,15.0,2155.0,BA86,,Q,Andreas Beck,L,191.0,GER,28.301,123.0,455.0,6-4 6-4 6-1,5,R128,101.0,7.0,4.0,81.0,46.0,36.0,16.0,13.0,0.0,2.0,1.0,4.0,87.0,56.0,29.0,15.0,14.0,7.0,14.0
2014-520,Roland Garros,Clay,128,G,O,20140526,18,G628,12.0,,Richard Gasquet,R,183.0,FRA,27.937,13.0,2445.0,TA46,,,Bernard Tomic,R,196.0,AUS,21.593,80.0,646.0,6-2 6-1 7-5,5,R128,97.0,6.0,0.0,78.0,45.0,38.0,18.0,14.0,0.0,1.0,4.0,1.0,82.0,55.0,31.0,12.0,13.0,7.0,13.0
2014-520,Roland Garros,Clay,128,G,O,20140526,19,B884,,,Carlos Berlocq,R,183.0,ARG,31.307,47.0,975.0,H432,,,Lleyton Hewitt,R,178.0,AUS,33.248,46.0,1030.0,3-6 6-2 6-1 6-4,5,R128,188.0,1.0,1.0,131.0,104.0,72.0,8.0,17.0,11.0,13.0,3.0,7.0,112.0,58.0,38.0,25.0,17.0,10.0,16.0
2014-520,Roland Garros,Clay,128,G,O,20140526,20,C882,,,Pablo Cuevas,R,180.0,URU,28.397,136.0,416.0,E690,,,Matthew Ebden,R,188.0,AUS,26.497,73.0,700.0,6-1 6-2 6-3,5,R128,80.0,5.0,1.0,63.0,44.0,37.0,9.0,12.0,0.0,1.0,5.0,2.0,72.0,38.0,24.0,9.0,12.0,6.0,13.0
2014-520,Roland Garros,Clay,128,G,O,20140526,21,V306,24.0,,Fernando Verdasco,L,188.0,ESP,30.527,25.0,1420.0,L428,,WC,Michael Llodra,L,191.0,FRA,34.021,153.0,370.0,6-2 7-6(4) 7-6(3),5,R128,152.0,3.0,3.0,109.0,83.0,61.0,19.0,16.0,5.0,6.0,6.0,3.0,122.0,83.0,55.0,20.0,16.0,10.0,13.0
2014-520,Roland Garros,Clay,128,G,O,20140526,22,K435,28.0,,Philipp Kohlschreiber,R,178.0,GER,30.609,24.0,1485.0,R750,,,Pere Riba,R,183.0,ESP,26.133,84.0,629.0,7-5 6-4 6-1,5,R128,107.0,5.0,1.0,85.0,61.0,44.0,15.0,14.0,1.0,2.0,3.0,5.0,94.0,48.0,32.0,20.0,15.0,7.0,13.0
2014-520,Roland Garros,Clay,128,G,O,20140526,23,MD56,,,Leonardo Mayer,R,191.0,ARG,27.031,65.0,733.0,D994,,Q,James Duckworth,R,183.0,AUS,22.344,165.0,331.0,5-7 6-2 6-4 7-6(2),5,R128,158.0,14.0,7.0,107.0,67.0,62.0,21.0,21.0,1.0,3.0,5.0,0.0,128.0,83.0,57.0,27.0,21.0,2.0,6.0
2014-520,Roland Garros,Clay,128,G,O,20140526,24,I165,,,Denis Istomin,R,185.0,UZB,27.715,49.0,915.0,SC77,,,Sergiy Stakhovsky,R,193.0,UKR,28.383,93.0,600.0,6-3 6-4 2-6 6-3,5,R128,139.0,9.0,2.0,105.0,71.0,55.0,19.0,18.0,3.0,5.0,0.0,6.0,114.0,73.0,49.0,20.0,18.0,4.0,8.0
2014-520,Roland Garros,Clay,128,G,O,20140526,25,ME05,,,Marinko Matosevic,R,193.0,AUS,28.797,66.0,732.0,BA65,,,Dustin Brown,R,196.0,JAM,29.462,82.0,633.0,7-6(5) 6-4 6-7(1) 7-5,5,R128,181.0,5.0,0.0,153.0,87.0,61.0,34.0,23.0,6.0,10.0,18.0,8.0,157.0,101.0,68.0,27.0,23.0,3.0,9.0
2014-520,Roland Garros,Clay,128,G,O,20140526,26,MC10,7.0,,Andy Murray,R,191.0,GBR,27.031,8.0,4120.0,G806,,,Andrey Golubev,R,180.0,KAZ,26.845,53.0,862.0,6-1 6-4 3-6 6-3,5,R128,155.0,5.0,3.0,127.0,65.0,40.0,33.0,18.0,5.0,10.0,2.0,5.0,104.0,58.0,33.0,23.0,17.0,5.0,13.0
2014-520,Roland Garros,Clay,128,G,O,20140526,27,BA47,6.0,,Tomas Berdych,R,196.0,CZE,28.687,6.0,4330.0,PB22,,Q,Peter Polansky,R,183.0,CAN,25.944,135.0,421.0,6-3 6-4 6-4,5,R128,118.0,15.0,4.0,93.0,56.0,45.0,20.0,15.0,5.0,6.0,2.0,4.0,86.0,53.0,31.0,20.0,14.0,2.0,6.0
2014-520,Roland Garros,Clay,128,G,O,20140526,28,N503,,,Aleksandr Nedovyesov,R,188.0,KAZ,27.274,101.0,591.0,D616,,,Somdev Devvarman,R,180.0,IND,29.279,96.0,595.0,5-7 6-3 7-6(4) 6-3,5,R128,193.0,7.0,3.0,145.0,94.0,63.0,32.0,22.0,2.0,6.0,2.0,1.0,140.0,89.0,61.0,21.0,20.0,4.0,9.0
2014-520,Roland Garros,Clay,128,G,O,20140526,29,PD31,,,Benoit Paire,R,196.0,FRA,25.049,61.0,760.0,F444,,,Alejandro Falla,L,185.0,COL,30.53,70.0,713.0,6-3 6-4 7-6(4),5,R128,98.0,9.0,4.0,98.0,45.0,37.0,27.0,16.0,3.0,6.0,0.0,1.0,94.0,54.0,35.0,18.0,15.0,3.0,8.0
2014-520,Roland Garros,Clay,128,G,O,20140526,30,BD06,27.0,,Roberto Bautista Agut,R,183.0,ESP,26.114,29.0,1330.0,L503,,Q,Paolo Lorenzi,R,183.0,ITA,32.444,88.0,615.0,6-3 7-5 6-2,5,R128,139.0,1.0,0.0,99.0,72.0,48.0,20.0,15.0,6.0,7.0,2.0,1.0,90.0,57.0,40.0,10.0,14.0,10.0,15.0
2014-520,Roland Garros,Clay,128,G,O,20140526,31,R419,17.0,,Tommy Robredo,R,180.0,ESP,32.068,19.0,1900.0,W503,,Q,James Ward,R,188.0,GBR,27.291,168.0,326.0,4-6 6-4 6-2 6-4,5,R128,173.0,3.0,3.0,115.0,72.0,51.0,24.0,19.0,7.0,10.0,1.0,4.0,137.0,92.0,57.0,22.0,19.0,10.0,16.0
2014-520,Roland Garros,Clay,128,G,O,20140526,32,D750,,,Kenny De Schepper,L,203.0,FRA,26.992,72.0,704.0,M824,,,Albert Montanes,R,175.0,ESP,33.495,86.0,625.0,3-1 RET,5,R128,20.0,2.0,0.0,13.0,9.0,7.0,3.0,2.0,0.0,0.0,1.0,1.0,11.0,8.0,5.0,1.0,2.0,0.0,1.0
2014-520,Roland Garros,Clay,128,G,O,20140526,33,K926,,,Mikhail Kukushkin,R,183.0,KAZ,26.415,54.0,859.0,M873,,,Nicolas Mahut,R,191.0,FRA,32.342,40.0,1067.0,6-3 6-7(4) 6-3 6-4,5,R128,196.0,6.0,3.0,156.0,100.0,65.0,24.0,21.0,13.0,19.0,7.0,8.0,121.0,64.0,42.0,20.0,19.0,10.0,19.0
2014-520,Roland Garros,Clay,128,G,O,20140526,34,G681,,,Teymuraz Gabashvili,R,185.0,GEO,29.008,58.0,798.0,PD07,30.0,,Vasek Pospisil,R,193.0,CAN,23.923,31.0,1170.0,6-4 6-2 6-3,5,R128,100.0,1.0,1.0,69.0,42.0,32.0,18.0,13.0,1.0,2.0,6.0,3.0,91.0,57.0,34.0,14.0,14.0,9.0,15.0
2014-520,Roland Garros,Clay,128,G,O,20140526,35,I186,10.0,,John Isner,R,208.0,USA,29.081,11.0,2600.0,H996,,WC,Pierre-Hugues Herbert,R,188.0,FRA,23.19,130.0,431.0,7-6(5) 7-6(4) 7-5,5,R128,153.0,23.0,3.0,110.0,67.0,56.0,28.0,18.0,2.0,2.0,11.0,3.0,110.0,54.0,44.0,35.0,18.0,0.0,1.0
2014-520,Roland Garros,Clay,128,G,O,20140526,36,Y061,15.0,,Mikhail Youzhny,R,183.0,RUS,31.918,16.0,2065.0,CD85,,,Pablo Carreno Busta,R,188.0,ESP,22.872,68.0,729.0,3-6 1-6 6-3 6-4 6-0,5,R128,179.0,8.0,5.0,146.0,91.0,59.0,23.0,21.0,8.0,15.0,5.0,2.0,121.0,79.0,53.0,13.0,20.0,6.0,14.0
2014-520,Roland Garros,Clay,128,G,O,20140526,37,S694,,,Radek Stepanek,R,185.0,CZE,35.493,43.0,1040.0,A941,,,Facundo Arguello,R,178.0,ARG,21.807,114.0,512.0,6-7(8) 3-6 6-4 6-3 6-2,5,R128,208.0,4.0,7.0,159.0,106.0,69.0,29.0,24.0,8.0,13.0,7.0,11.0,154.0,87.0,63.0,26.0,24.0,8.0,16.0
2014-520,Roland Garros,Clay,128,G,O,20140526,38,BF23,,Q,Facundo Bagnis,L,183.0,ARG,24.241,143.0,398.0,B747,,,Julien Benneteau,R,185.0,FRA,32.43,45.0,1035.0,6-1 6-2 1-6 3-6 18-16,5,R128,267.0,5.0,1.0,197.0,127.0,89.0,38.0,33.0,13.0,19.0,16.0,7.0,185.0,112.0,80.0,37.0,32.0,9.0,16.0
2014-520,Roland Garros,Clay,128,G,O,20140526,39,G858,18.0,,Ernests Gulbis,R,191.0,LAT,25.736,17.0,2050.0,K540,,,Lukasz Kubot,R,191.0,POL,32.027,63.0,748.0,4-6 6-4 7-5 6-1,5,R128,162.0,11.0,6.0,117.0,63.0,50.0,32.0,20.0,5.0,8.0,9.0,10.0,104.0,55.0,40.0,23.0,19.0,3.0,9.0
2014-520,Roland Garros,Clay,128,G,O,20140526,40,T315,31.0,,Dmitry Tursunov,R,185.0,RUS,31.452,32.0,1155.0,S843,,Q,Potito Starace,R,188.0,ITA,32.865,176.0,304.0,6-1 7-5 6-2,5,R128,105.0,6.0,3.0,82.0,46.0,38.0,24.0,14.0,4.0,4.0,4.0,6.0,83.0,61.0,43.0,4.0,13.0,4.0,9.0
2014-520,Roland Garros,Clay,128,G,O,20140526,41,Q927,,,Sam Querrey,R,198.0,USA,26.634,67.0,730.0,V254,,,Filippo Volandri,R,183.0,ITA,32.72,99.0,592.0,7-6(3) 6-4 6-3,5,R128,116.0,24.0,3.0,109.0,71.0,59.0,17.0,15.0,10.0,10.0,1.0,2.0,106.0,80.0,53.0,15.0,16.0,6.0,9.0
2014-520,Roland Garros,Clay,128,G,O,20140526,42,SM37,,Q,Diego Schwartzman,R,170.0,ARG,21.774,109.0,533.0,E698,,Q,Gastao Elias,R,180.0,POR,23.502,178.0,294.0,6-4 6-2 7-5,5,R128,144.0,0.0,3.0,97.0,67.0,38.0,16.0,15.0,4.0,10.0,6.0,4.0,112.0,67.0,29.0,22.0,15.0,15.0,25.0
2014-520,Roland Garros,Clay,128,G,O,20140526,43,F324,4.0,,Roger Federer,R,185.0,SUI,32.797,4.0,5125.0,L797,,,Lukas Lacko,R,188.0,SVK,26.56,87.0,617.0,6-2 6-4 6-2,5,R128,84.0,7.0,1.0,61.0,44.0,39.0,13.0,13.0,0.0,0.0,3.0,5.0,91.0,57.0,32.0,18.0,13.0,6.0,11.0
2014-520,Roland Garros,Clay,128,G,O,20140526,44,R975,8.0,,Milos Raonic,R,196.0,CAN,23.411,9.0,2975.0,KE17,,WC,Nick Kyrgios,R,193.0,AUS,19.08,160.0,350.0,6-3 7-6(1) 6-3,5,R128,120.0,27.0,8.0,107.0,63.0,57.0,17.0,16.0,6.0,8.0,4.0,6.0,93.0,52.0,34.0,22.0,14.0,6.0,10.0
2014-520,Roland Garros,Clay,128,G,O,20140526,45,SM25,,,Jack Sock,R,191.0,USA,21.667,75.0,678.0,A479,21.0,,Nicolas Almagro,R,183.0,ESP,28.761,22.0,1620.0,5-0 RET,5,R128,21.0,1.0,0.0,10.0,4.0,3.0,5.0,2.0,0.0,0.0,0.0,2.0,17.0,8.0,2.0,3.0,3.0,1.0,4.0
2014-520,Roland Garros,Clay,128,G,O,20140526,46,V708,,,Jiri Vesely,L,198.0,CZE,20.876,81.0,641.0,R685,,,Lukas Rosol,R,193.0,CZE,28.838,52.0,885.0,6-2 7-6(6) 7-5,5,R128,126.0,4.0,3.0,103.0,69.0,54.0,18.0,16.0,0.0,1.0,6.0,3.0,96.0,57.0,39.0,23.0,16.0,2.0,6.0
2014-520,Roland Garros,Clay,128,G,O,20140526,47,G892,,,Alejandro Gonzalez,R,191.0,COL,25.295,77.0,675.0,R368,,,Michael Russell,R,173.0,USA,36.068,98.0,593.0,6-2 6-4 6-7(6) 6-1,5,R128,157.0,10.0,2.0,117.0,78.0,55.0,24.0,19.0,1.0,3.0,0.0,2.0,114.0,74.0,45.0,18.0,18.0,4.0,11.0
2014-520,Roland Garros,Clay,128,G,O,20140526,48,SD32,29.0,,Gilles Simon,R,183.0,FRA,29.41,30.0,1225.0,PC78,,Q,Ante Pavic,R,196.0,CRO,25.218,177.0,303.0,6-1 6-1 6-3,5,R128,94.0,6.0,2.0,67.0,36.0,31.0,16.0,11.0,2.0,2.0,5.0,5.0,78.0,45.0,28.0,9.0,12.0,2.0,9.0
2014-520,Roland Garros,Clay,128,G,O,20140526,49,D801,20.0,,Alexandr Dolgopolov,R,180.0,UKR,25.547,21.0,1645.0,R772,,,Albert Ramos-Vinolas,L,188.0,ESP,26.355,115.0,511.0,7-6(4) 6-4 6-1,5,R128,130.0,10.0,2.0,97.0,57.0,48.0,20.0,15.0,6.0,7.0,3.0,3.0,107.0,61.0,37.0,22.0,14.0,5.0,9.0
2014-520,Roland Garros,Clay,128,G,O,20140526,50,G710,,,Marcel Granollers,R,191.0,ESP,28.12,39.0,1080.0,D646,,,Ivan Dodig,R,183.0,CRO,29.394,36.0,1100.0,2-2 RET,5,R128,11.0,1.0,0.0,11.0,10.0,9.0,1.0,2.0,0.0,0.0,0.0,2.0,14.0,5.0,4.0,5.0,2.0,0.0,0.0
2014-520,Roland Garros,Clay,128,G,O,20140526,51,H756,,,Robin Haase,R,191.0,NED,27.138,50.0,910.0,D402,,,Nikolay Davydenko,R,178.0,RUS,32.98,92.0,610.0,7-5 6-4 6-2,5,R128,120.0,10.0,1.0,97.0,61.0,46.0,22.0,15.0,4.0,4.0,3.0,4.0,93.0,61.0,36.0,17.0,15.0,2.0,6.0
2014-520,Roland Garros,Clay,128,G,O,20140526,52,K966,,,Martin Klizan,L,191.0,SVK,24.873,59.0,795.0,N552,9.0,,Kei Nishikori,R,178.0,JPN,24.405,10.0,2815.0,7-6(4) 6-1 6-2,5,R128,117.0,3.0,3.0,95.0,50.0,37.0,26.0,14.0,3.0,5.0,1.0,10.0,84.0,42.0,28.0,16.0,13.0,4.0,10.0
2014-520,Roland Garros,Clay,128,G,O,20140526,53,T786,13.0,,Jo-Wilfried Tsonga,R,188.0,FRA,29.106,14.0,2315.0,R613,,,Edouard Roger-Vasselin,R,185.0,FRA,30.491,51.0,895.0,7-6(4) 7-5 6-2,5,R128,141.0,9.0,3.0,91.0,59.0,49.0,18.0,16.0,0.0,2.0,7.0,1.0,118.0,72.0,46.0,22.0,16.0,10.0,15.0
2014-520,Roland Garros,Clay,128,G,O,20140526,54,M762,,,Jurgen Melzer,L,183.0,AUT,33.01,56.0,835.0,GB88,,,David Goffin,R,180.0,BEL,23.466,105.0,548.0,6-4 5-7 7-5 6-4,5,R128,207.0,3.0,7.0,145.0,86.0,55.0,27.0,22.0,11.0,19.0,10.0,15.0,172.0,106.0,60.0,32.0,22.0,9.0,19.0
2014-520,Roland Garros,Clay,128,G,O,20140526,55,N289,,,Jarkko Nieminen,L,185.0,FIN,32.841,60.0,790.0,P701,,,Michal Przysiezny,R,185.0,POL,30.272,102.0,572.0,6-7(7) 6-4 6-7(3) 6-3 6-4,5,R128,228.0,9.0,11.0,183.0,111.0,90.0,32.0,27.0,9.0,11.0,6.0,9.0,182.0,104.0,73.0,43.0,26.0,16.0,21.0
2014-520,Roland Garros,Clay,128,G,O,20140526,56,J386,,,Steve Johnson,R,188.0,USA,24.419,64.0,748.0,LC12,,Q,Laurent Lokoli,R,188.0,FRA,19.603,406.0,104.0,4-6 6-7(7) 7-6(3) 6-3 6-3,5,R128,237.0,5.0,3.0,180.0,88.0,56.0,58.0,26.0,11.0,16.0,18.0,10.0,164.0,80.0,58.0,43.0,26.0,7.0,14.0
2014-520,Roland Garros,Clay,128,G,O,20140526,57,J397,22.0,,Jerzy Janowicz,R,203.0,POL,23.532,23.0,1510.0,E224,,,Victor Estrella Burgos,R,170.0,DOM,33.812,100.0,592.0,6-1 6-4 6-7(6) 6-4,5,R128,143.0,15.0,13.0,118.0,69.0,57.0,23.0,20.0,2.0,4.0,3.0,5.0,110.0,73.0,45.0,21.0,19.0,5.0,11.0
2014-520,Roland Garros,Clay,128,G,O,20140526,58,C977,25.0,,Marin Cilic,R,198.0,CRO,25.656,26.0,1410.0,A596,,,Pablo Andujar,R,180.0,ESP,28.337,78.0,661.0,6-0 6-3 7-6(6),5,R128,131.0,16.0,1.0,91.0,59.0,47.0,18.0,14.0,8.0,9.0,3.0,2.0,106.0,77.0,44.0,12.0,13.0,8.0,13.0
2014-520,Roland Garros,Clay,128,G,O,20140526,59,K839,,,Tobias Kamke,R,178.0,GER,28.014,106.0,547.0,MF36,,Q,Miloslav Mecir,R,196.0,SVK,26.346,211.0,233.0,7-5 7-6(2) 7-6(1),5,R128,151.0,7.0,2.0,122.0,84.0,62.0,24.0,18.0,3.0,4.0,6.0,0.0,123.0,75.0,53.0,23.0,18.0,4.0,6.0
2014-520,Roland Garros,Clay,128,G,O,20140526,60,CA12,,,Jeremy Chardy,R,188.0,FRA,27.283,42.0,1060.0,G676,,,Daniel Gimeno-Traver,R,183.0,ESP,28.799,94.0,599.0,7-5 6-2 6-2,5,R128,97.0,10.0,3.0,74.0,49.0,39.0,16.0,14.0,2.0,3.0,1.0,3.0,83.0,49.0,30.0,15.0,14.0,2.0,8.0
2014-520,Roland Garros,Clay,128,G,O,20140526,61,D643,2.0,,Novak Djokovic,R,188.0,SRB,27.012,2.0,11850.0,SH90,,,Joao Sousa,R,185.0,POR,25.155,44.0,1039.0,6-1 6-2 6-4,5,R128,110.0,9.0,3.0,83.0,58.0,38.0,14.0,13.0,7.0,10.0,0.0,2.0,87.0,52.0,32.0,8.0,12.0,7.0,15.0
2014-520,Roland Garros,Clay,128,G,O,20140526,62,L987,,,Dusan Lajovic,R,183.0,SRB,23.904,83.0,632.0,D874,,,Federico Delbonis,L,193.0,ARG,23.639,34.0,1138.0,6-3 6-2 6-3,5,R128,111.0,2.0,1.0,77.0,45.0,39.0,19.0,13.0,2.0,2.0,2.0,1.0,85.0,52.0,34.0,13.0,13.0,3.0,8.0
2014-520,Roland Garros,Clay,128,G,O,20140526,63,Z254,,,Jurgen Zopp,R,191.0,EST,26.157,335.0,133.0,H355,16.0,,Tommy Haas,R,188.0,GER,36.145,18.0,2005.0,2-5 RET,5,R128,27.0,2.0,0.0,21.0,11.0,8.0,5.0,3.0,0.0,1.0,4.0,0.0,18.0,12.0,11.0,5.0,4.0,0.0,0.0
2014-520,Roland Garros,Clay,128,G,O,20140526,64,K336,,,Ivo Karlovic,R,211.0,CRO,35.239,37.0,1097.0,D875,11.0,,Grigor Dimitrov,R,191.0,BUL,23.028,12.0,2515.0,6-4 7-5 7-6(4),5,R128,118.0,22.0,2.0,95.0,60.0,53.0,23.0,17.0,1.0,1.0,11.0,6.0,100.0,59.0,45.0,24.0,17.0,2.0,4.0
2014-520,Roland Garros,Clay,128,G,O,20140526,65,N409,1.0,,Rafael Nadal,L,185.0,ESP,27.978,1.0,12500.0,TB69,,,Dominic Thiem,R,185.0,AUT,20.726,57.0,812.0,6-2 6-2 6-3,5,R64,125.0,0.0,0.0,79.0,54.0,36.0,17.0,13.0,2.0,4.0,2.0,3.0,70.0,45.0,18.0,14.0,12.0,3.0,10.0
2014-520,Roland Garros,Clay,128,G,O,20140526,66,MD56,,,Leonardo Mayer,R,191.0,ARG,27.031,65.0,733.0,G681,,,Teymuraz Gabashvili,R,185.0,GEO,29.008,58.0,798.0,6-2 4-6 6-4 6-4,5,R64,168.0,7.0,9.0,120.0,71.0,47.0,30.0,19.0,9.0,12.0,4.0,2.0,113.0,71.0,46.0,21.0,19.0,5.0,11.0
2014-520,Roland Garros,Clay,128,G,O,20140526,67,SM25,,,Jack Sock,R,191.0,USA,21.667,75.0,678.0,J386,,,Steve Johnson,R,188.0,USA,24.419,64.0,748.0,7-5 6-4 6-2,5,R64,107.0,8.0,0.0,78.0,46.0,36.0,23.0,15.0,3.0,4.0,8.0,1.0,97.0,58.0,38.0,17.0,15.0,5.0,10.0
2014-520,Roland Garros,Clay,128,G,O,20140526,68,L987,,,Dusan Lajovic,R,183.0,SRB,23.904,83.0,632.0,Z254,,,Jurgen Zopp,R,191.0,EST,26.157,335.0,133.0,6-2 6-4 6-4,5,R64,95.0,8.0,1.0,74.0,40.0,31.0,23.0,14.0,6.0,8.0,2.0,3.0,81.0,52.0,31.0,12.0,14.0,2.0,8.0
2014-520,Roland Garros,Clay,128,G,O,20140526,69,K336,,,Ivo Karlovic,R,211.0,CRO,35.239,37.0,1097.0,H804,,Q,Andreas Haider-Maurer,R,191.0,AUT,27.179,104.0,553.0,7-5 6-3 6-4,5,R64,107.0,24.0,1.0,81.0,62.0,55.0,10.0,16.0,0.0,0.0,6.0,6.0,94.0,54.0,39.0,22.0,15.0,6.0,9.0
2014-520,Roland Garros,Clay,128,G,O,20140526,70,A678,19.0,,Kevin Anderson,R,203.0,RSA,28.022,20.0,1710.0,MI11,,WC,Axel Michon,L,,FRA,23.441,206.0,238.0,6-2 6-3 6-2,5,R64,125.0,7.0,1.0,74.0,54.0,40.0,9.0,13.0,2.0,4.0,2.0,5.0,90.0,55.0,33.0,10.0,12.0,11.0,18.0
2014-520,Roland Garros,Clay,128,G,O,20140526,71,SA93,32.0,,Andreas Seppi,R,191.0,ITA,30.259,33.0,1150.0,MA21,,,Juan Monaco,R,185.0,ARG,30.157,76.0,675.0,6-2 6-4 6-4,5,R64,143.0,5.0,4.0,86.0,44.0,34.0,23.0,14.0,4.0,6.0,1.0,1.0,131.0,101.0,55.0,13.0,14.0,15.0,21.0
2014-520,Roland Garros,Clay,128,G,O,20140526,72,F401,5.0,,David Ferrer,R,175.0,ESP,32.148,5.0,5030.0,BA98,,Q,Simone Bolelli,R,183.0,ITA,28.63,150.0,385.0,6-2 6-3 6-2,5,R64,108.0,2.0,3.0,87.0,57.0,44.0,17.0,13.0,4.0,4.0,0.0,3.0,74.0,46.0,27.0,12.0,12.0,3.0,8.0
2014-520,Roland Garros,Clay,128,G,O,20140526,73,G476,,,Guillermo Garcia-Lopez,R,185.0,ESP,30.976,41.0,1063.0,ME82,,,Adrian Mannarino,L,180.0,FRA,25.906,89.0,612.0,6-4 6-3 4-6 6-0,5,R64,157.0,6.0,2.0,126.0,78.0,54.0,22.0,18.0,11.0,15.0,2.0,2.0,105.0,64.0,36.0,20.0,17.0,6.0,14.0
2014-520,Roland Garros,Clay,128,G,O,20140526,74,Y124,,,Donald Young,L,183.0,USA,24.841,79.0,647.0,L397,26.0,,Feliciano Lopez,L,188.0,ESP,32.679,27.0,1395.0,6-3 7-6(1) 6-3,5,R64,115.0,3.0,4.0,97.0,60.0,44.0,23.0,16.0,4.0,6.0,2.0,1.0,82.0,51.0,35.0,14.0,14.0,1.0,5.0
2014-520,Roland Garros,Clay,128,G,O,20140526,75,MC65,23.0,,Gael Monfils,R,193.0,FRA,27.732,28.0,1390.0,SL28,,,Jan-Lennard Struff,R,193.0,GER,24.085,62.0,753.0,7-6(4) 6-4 6-1,5,R64,133.0,8.0,10.0,110.0,65.0,45.0,21.0,15.0,12.0,16.0,3.0,2.0,91.0,57.0,32.0,15.0,14.0,0.0,7.0
2014-520,Roland Garros,Clay,128,G,O,20140526,76,F510,14.0,,Fabio Fognini,R,178.0,ITA,27.006,15.0,2155.0,BD20,,,Thomaz Bellucci,L,188.0,BRA,26.404,108.0,540.0,6-3 6-4 7-6(2),5,R64,126.0,4.0,2.0,101.0,66.0,50.0,19.0,16.0,4.0,5.0,9.0,4.0,93.0,54.0,37.0,21.0,15.0,5.0,8.0
2014-520,Roland Garros,Clay,128,G,O,20140526,77,G628,12.0,,Richard Gasquet,R,183.0,FRA,27.937,13.0,2445.0,B884,,,Carlos Berlocq,R,183.0,ARG,31.307,47.0,975.0,7-6(5) 6-4 6-4,5,R64,162.0,2.0,6.0,123.0,78.0,58.0,19.0,16.0,9.0,11.0,3.0,2.0,98.0,76.0,49.0,13.0,16.0,6.0,10.0
2014-520,Roland Garros,Clay,128,G,O,20140526,78,V306,24.0,,Fernando Verdasco,L,188.0,ESP,30.527,25.0,1420.0,C882,,,Pablo Cuevas,R,180.0,URU,28.397,136.0,416.0,4-6 6-7(6) 7-5 6-4 6-3,5,R64,233.0,15.0,4.0,142.0,92.0,69.0,29.0,26.0,5.0,10.0,16.0,7.0,207.0,126.0,87.0,36.0,27.0,15.0,23.0
2014-520,Roland Garros,Clay,128,G,O,20140526,79,K435,28.0,,Philipp Kohlschreiber,R,178.0,GER,30.609,24.0,1485.0,I165,,,Denis Istomin,R,185.0,UZB,27.715,49.0,915.0,6-3 7-6(5) 6-2,5,R64,118.0,4.0,2.0,78.0,45.0,37.0,19.0,14.0,3.0,5.0,1.0,0.0,97.0,59.0,36.0,16.0,15.0,2.0,8.0
2014-520,Roland Garros,Clay,128,G,O,20140526,80,MC10,7.0,,Andy Murray,R,191.0,GBR,27.031,8.0,4120.0,ME05,,,Marinko Matosevic,R,193.0,AUS,28.797,66.0,732.0,6-3 6-1 6-3,5,R64,116.0,9.0,1.0,75.0,43.0,31.0,21.0,12.0,5.0,6.0,2.0,4.0,104.0,67.0,42.0,10.0,13.0,13.0,20.0
2014-520,Roland Garros,Clay,128,G,O,20140526,81,BA47,6.0,,Tomas Berdych,R,196.0,CZE,28.687,6.0,4330.0,N503,,,Aleksandr Nedovyesov,R,188.0,KAZ,27.274,101.0,591.0,6-7(4) 6-4 7-5 6-3,5,R64,174.0,5.0,3.0,122.0,72.0,60.0,31.0,21.0,2.0,3.0,7.0,2.0,149.0,107.0,72.0,22.0,22.0,8.0,13.0
2014-520,Roland Garros,Clay,128,G,O,20140526,82,BD06,27.0,,Roberto Bautista Agut,R,183.0,ESP,26.114,29.0,1330.0,PD31,,,Benoit Paire,R,196.0,FRA,25.049,61.0,760.0,6-4 7-6(4) 6-2,5,R64,130.0,3.0,1.0,92.0,73.0,49.0,10.0,15.0,1.0,4.0,9.0,3.0,129.0,59.0,35.0,30.0,15.0,18.0,24.0
2014-520,Roland Garros,Clay,128,G,O,20140526,83,R419,17.0,,Tommy Robredo,R,180.0,ESP,32.068,19.0,1900.0,D750,,,Kenny De Schepper,L,203.0,FRA,26.992,72.0,704.0,6-2 6-3 6-3,5,R64,101.0,2.0,0.0,70.0,49.0,40.0,15.0,13.0,1.0,1.0,6.0,8.0,90.0,59.0,37.0,12.0,13.0,7.0,12.0
2014-520,Roland Garros,Clay,128,G,O,20140526,84,I186,10.0,,John Isner,R,208.0,USA,29.081,11.0,2600.0,K926,,,Mikhail Kukushkin,R,183.0,KAZ,26.415,54.0,859.0,6-7(6) 7-6(4) 6-3 7-6(4),5,R64,198.0,35.0,2.0,165.0,118.0,95.0,22.0,23.0,10.0,11.0,5.0,4.0,153.0,120.0,87.0,21.0,22.0,6.0,8.0
2014-520,Roland Garros,Clay,128,G,O,20140526,85,S694,,,Radek Stepanek,R,185.0,CZE,35.493,43.0,1040.0,Y061,15.0,,Mikhail Youzhny,R,183.0,RUS,31.918,16.0,2065.0,6-0 6-3 3-6 6-4,5,R64,141.0,7.0,1.0,108.0,58.0,40.0,27.0,17.0,5.0,9.0,3.0,5.0,91.0,64.0,42.0,8.0,17.0,4.0,12.0
2014-520,Roland Garros,Clay,128,G,O,20140526,86,G858,18.0,,Ernests Gulbis,R,191.0,LAT,25.736,17.0,2050.0,BF23,,Q,Facundo Bagnis,L,183.0,ARG,24.241,143.0,398.0,6-2 7-5 6-0,5,R64,117.0,9.0,3.0,65.0,33.0,28.0,25.0,13.0,1.0,1.0,4.0,8.0,110.0,71.0,48.0,9.0,13.0,13.0,19.0
2014-520,Roland Garros,Clay,128,G,O,20140526,87,T315,31.0,,Dmitry Tursunov,R,185.0,RUS,31.452,32.0,1155.0,Q927,,,Sam Querrey,R,198.0,USA,26.634,67.0,730.0,6-4 7-5 6-1,5,R64,101.0,11.0,2.0,83.0,57.0,44.0,17.0,14.0,5.0,6.0,13.0,1.0,91.0,52.0,31.0,18.0,15.0,2.0,8.0
2014-520,Roland Garros,Clay,128,G,O,20140526,88,F324,4.0,,Roger Federer,R,185.0,SUI,32.797,4.0,5125.0,SM37,,Q,Diego Schwartzman,R,170.0,ARG,21.774,109.0,533.0,6-3 6-4 6-4,5,R64,103.0,9.0,2.0,81.0,51.0,42.0,17.0,15.0,1.0,2.0,1.0,4.0,95.0,51.0,30.0,24.0,14.0,6.0,10.0
2014-520,Roland Garros,Clay,128,G,O,20140526,89,R975,8.0,,Milos Raonic,R,196.0,CAN,23.411,9.0,2975.0,V708,,,Jiri Vesely,L,198.0,CZE,20.876,81.0,641.0,7-6(4) 6-4 6-1,5,R64,128.0,20.0,2.0,86.0,49.0,40.0,22.0,14.0,5.0,7.0,5.0,1.0,98.0,64.0,37.0,18.0,15.0,3.0,9.0
2014-520,Roland Garros,Clay,128,G,O,20140526,90,SD32,29.0,,Gilles Simon,R,183.0,FRA,29.41,30.0,1225.0,G892,,,Alejandro Gonzalez,R,191.0,COL,25.295,77.0,675.0,6-4 6-0 6-2,5,R64,104.0,1.0,2.0,72.0,41.0,31.0,18.0,12.0,2.0,3.0,4.0,0.0,74.0,46.0,22.0,12.0,12.0,4.0,11.0
2014-520,Roland Garros,Clay,128,G,O,20140526,91,G710,,,Marcel Granollers,R,191.0,ESP,28.12,39.0,1080.0,D801,20.0,,Alexandr Dolgopolov,R,180.0,UKR,25.547,21.0,1645.0,1-6 3-6 6-3 6-0 6-2,5,R64,187.0,5.0,1.0,137.0,88.0,59.0,22.0,20.0,4.0,9.0,12.0,6.0,139.0,75.0,48.0,29.0,19.0,7.0,14.0
2014-520,Roland Garros,Clay,128,G,O,20140526,92,K966,,,Martin Klizan,L,191.0,SVK,24.873,59.0,795.0,H756,,,Robin Haase,R,191.0,NED,27.138,50.0,910.0,6-1 3-6 6-1 1-6 7-5,5,R64,185.0,5.0,3.0,143.0,86.0,53.0,31.0,21.0,9.0,14.0,10.0,2.0,139.0,75.0,52.0,26.0,21.0,4.0,11.0
2014-520,Roland Garros,Clay,128,G,O,20140526,93,T786,13.0,,Jo-Wilfried Tsonga,R,188.0,FRA,29.106,14.0,2315.0,M762,,,Jurgen Melzer,L,183.0,AUT,33.01,56.0,835.0,6-2 6-3 6-4,5,R64,107.0,13.0,2.0,81.0,58.0,48.0,8.0,14.0,3.0,4.0,5.0,4.0,85.0,49.0,31.0,15.0,13.0,7.0,12.0
2014-520,Roland Garros,Clay,128,G,O,20140526,94,J397,22.0,,Jerzy Janowicz,R,203.0,POL,23.532,23.0,1510.0,N289,,,Jarkko Nieminen,L,185.0,FIN,32.841,60.0,790.0,7-6(4) 7-6(4) 6-4,5,R64,134.0,6.0,9.0,99.0,62.0,49.0,17.0,17.0,8.0,13.0,9.0,4.0,135.0,91.0,62.0,14.0,17.0,12.0,18.0
2014-520,Roland Garros,Clay,128,G,O,20140526,95,C977,25.0,,Marin Cilic,R,198.0,CRO,25.656,26.0,1410.0,K839,,,Tobias Kamke,R,178.0,GER,28.014,106.0,547.0,6-3 3-6 6-3 6-0,5,R64,122.0,19.0,3.0,101.0,59.0,48.0,22.0,17.0,3.0,4.0,1.0,4.0,93.0,60.0,39.0,15.0,16.0,6.0,11.0
2014-520,Roland Garros,Clay,128,G,O,20140526,96,D643,2.0,,Novak Djokovic,R,188.0,SRB,27.012,2.0,11850.0,CA12,,,Jeremy Chardy,R,188.0,FRA,27.283,42.0,1060.0,6-1 6-4 6-2,5,R64,92.0,2.0,1.0,69.0,42.0,32.0,17.0,13.0,2.0,4.0,3.0,3.0,76.0,45.0,26.0,10.0,12.0,2.0,9.0
2014-520,Roland Garros,Clay,128,G,O,20140526,97,F401,5.0,,David Ferrer,R,175.0,ESP,32.148,5.0,5030.0,SA93,32.0,,Andreas Seppi,R,191.0,ITA,30.259,33.0,1150.0,6-2 7-6(2) 6-3,5,R32,142.0,4.0,5.0,106.0,66.0,48.0,21.0,15.0,4.0,6.0,1.0,3.0,101.0,60.0,35.0,22.0,14.0,8.0,13.0
2014-520,Roland Garros,Clay,128,G,O,20140526,98,G476,,,Guillermo Garcia-Lopez,R,185.0,ESP,30.976,41.0,1063.0,Y124,,,Donald Young,L,183.0,USA,24.841,79.0,647.0,6-2 6-4 2-6 6-7(4) 6-4,5,R32,227.0,10.0,9.0,146.0,85.0,66.0,28.0,24.0,7.0,11.0,11.0,8.0,178.0,109.0,74.0,33.0,24.0,12.0,18.0
2014-520,Roland Garros,Clay,128,G,O,20140526,99,MC65,23.0,,Gael Monfils,R,193.0,FRA,27.732,28.0,1390.0,F510,14.0,,Fabio Fognini,R,178.0,ITA,27.006,15.0,2155.0,5-7 6-2 6-4 0-6 6-2,5,R32,204.0,5.0,5.0,149.0,116.0,63.0,17.0,22.0,15.0,24.0,3.0,4.0,129.0,73.0,35.0,29.0,22.0,8.0,18.0
2014-520,Roland Garros,Clay,128,G,O,20140526,100,V306,24.0,,Fernando Verdasco,L,188.0,ESP,30.527,25.0,1420.0,G628,12.0,,Richard Gasquet,R,183.0,FRA,27.937,13.0,2445.0,6-3 6-2 6-3,5,R32,118.0,2.0,0.0,79.0,65.0,44.0,9.0,13.0,7.0,9.0,0.0,1.0,77.0,51.0,28.0,9.0,13.0,2.0,9.0
2014-520,Roland Garros,Clay,128,G,O,20140526,101,MC10,7.0,,Andy Murray,R,191.0,GBR,27.031,8.0,4120.0,K435,28.0,,Philipp Kohlschreiber,R,178.0,GER,30.609,24.0,1485.0,3-6 6-3 6-3 4-6 12-10,5,R32,247.0,10.0,8.0,174.0,84.0,61.0,43.0,29.0,4.0,12.0,4.0,4.0,201.0,125.0,77.0,39.0,30.0,11.0,21.0
2014-520,Roland Garros,Clay,128,G,O,20140526,102,BA47,6.0,,Tomas Berdych,R,196.0,CZE,28.687,6.0,4330.0,BD06,27.0,,Roberto Bautista Agut,R,183.0,ESP,26.114,29.0,1330.0,6-1 6-2 6-7(4) 6-4,5,R32,163.0,12.0,2.0,112.0,60.0,47.0,27.0,19.0,2.0,6.0,1.0,3.0,116.0,75.0,42.0,18.0,18.0,6.0,15.0
2014-520,Roland Garros,Clay,128,G,O,20140526,103,I186,10.0,,John Isner,R,208.0,USA,29.081,11.0,2600.0,R419,17.0,,Tommy Robredo,R,180.0,ESP,32.068,19.0,1900.0,7-6(13) 7-6(3) 6-7(5) 7-5,5,R32,198.0,17.0,4.0,179.0,124.0,95.0,35.0,24.0,13.0,13.0,7.0,2.0,144.0,113.0,90.0,24.0,24.0,5.0,6.0
2014-520,Roland Garros,Clay,128,G,O,20140526,104,G858,18.0,,Ernests Gulbis,R,191.0,LAT,25.736,17.0,2050.0,S694,,,Radek Stepanek,R,185.0,CZE,35.493,43.0,1040.0,6-3 6-2 7-5,5,R32,119.0,19.0,5.0,75.0,47.0,44.0,17.0,15.0,1.0,1.0,3.0,2.0,97.0,58.0,36.0,22.0,14.0,8.0,12.0
2014-520,Roland Garros,Clay,128,G,O,20140526,105,F324,4.0,,Roger Federer,R,185.0,SUI,32.797,4.0,5125.0,T315,31.0,,Dmitry Tursunov,R,185.0,RUS,31.452,32.0,1155.0,7-5 6-7(7) 6-2 6-4,5,R32,187.0,15.0,1.0,120.0,81.0,65.0,27.0,21.0,2.0,2.0,6.0,5.0,159.0,98.0,67.0,31.0,21.0,17.0,21.0
2014-520,Roland Garros,Clay,128,G,O,20140526,106,R975,8.0,,Milos Raonic,R,196.0,CAN,23.411,9.0,2975.0,SD32,29.0,,Gilles Simon,R,183.0,FRA,29.41,30.0,1225.0,4-6 6-3 2-6 6-2 7-5,5,R32,196.0,19.0,7.0,152.0,94.0,70.0,24.0,24.0,10.0,15.0,8.0,2.0,130.0,75.0,49.0,31.0,23.0,6.0,12.0
2014-520,Roland Garros,Clay,128,G,O,20140526,107,G710,,,Marcel Granollers,R,191.0,ESP,28.12,39.0,1080.0,K966,,,Martin Klizan,L,191.0,SVK,24.873,59.0,795.0,6-7(5) 6-2 7-6(4) 7-5,5,R32,254.0,6.0,5.0,160.0,93.0,63.0,32.0,22.0,16.0,22.0,0.0,7.0,194.0,100.0,64.0,38.0,22.0,14.0,23.0
2014-520,Roland Garros,Clay,128,G,O,20140526,108,T786,13.0,,Jo-Wilfried Tsonga,R,188.0,FRA,29.106,14.0,2315.0,J397,22.0,,Jerzy Janowicz,R,203.0,POL,23.532,23.0,1510.0,6-4 6-4 6-3,5,R32,121.0,4.0,0.0,83.0,45.0,34.0,23.0,15.0,1.0,3.0,5.0,9.0,88.0,50.0,35.0,16.0,14.0,3.0,8.0
2014-520,Roland Garros,Clay,128,G,O,20140526,109,D643,2.0,,Novak Djokovic,R,188.0,SRB,27.012,2.0,11850.0,C977,25.0,,Marin Cilic,R,198.0,CRO,25.656,26.0,1410.0,6-3 6-2 6-7(2) 6-4,5,R32,191.0,5.0,3.0,138.0,90.0,62.0,26.0,20.0,8.0,11.0,5.0,5.0,137.0,68.0,48.0,30.0,19.0,15.0,22.0
2014-520,Roland Garros,Clay,128,G,O,20140526,110,N409,1.0,,Rafael Nadal,L,185.0,ESP,27.978,1.0,12500.0,MD56,,,Leonardo Mayer,R,191.0,ARG,27.031,65.0,733.0,6-2 7-5 6-2,5,R32,137.0,0.0,1.0,83.0,60.0,42.0,15.0,14.0,6.0,8.0,2.0,5.0,92.0,50.0,26.0,19.0,14.0,3.0,10.0
2014-520,Roland Garros,Clay,128,G,O,20140526,111,L987,,,Dusan Lajovic,R,183.0,SRB,23.904,83.0,632.0,SM25,,,Jack Sock,R,191.0,USA,21.667,75.0,678.0,6-4 7-5 6-3,5,R32,134.0,3.0,1.0,98.0,50.0,39.0,28.0,15.0,8.0,9.0,3.0,5.0,90.0,47.0,34.0,19.0,16.0,3.0,8.0
2014-520,Roland Garros,Clay,128,G,O,20140526,112,A678,19.0,,Kevin Anderson,R,203.0,RSA,28.022,20.0,1710.0,K336,,,Ivo Karlovic,R,211.0,CRO,35.239,37.0,1097.0,6-3 RET,5,R32,43.0,7.0,0.0,26.0,19.0,16.0,5.0,5.0,0.0,0.0,6.0,1.0,29.0,18.0,14.0,2.0,4.0,4.0,5.0
2014-520,Roland Garros,Clay,128,G,O,20140526,113,N409,1.0,,Rafael Nadal,L,185.0,ESP,27.978,1.0,12500.0,L987,,,Dusan Lajovic,R,183.0,SRB,23.904,83.0,632.0,6-1 6-2 6-1,5,R16,93.0,0.0,1.0,59.0,37.0,30.0,14.0,11.0,3.0,4.0,3.0,3.0,57.0,28.0,14.0,4.0,11.0,2.0,10.0
2014-520,Roland Garros,Clay,128,G,O,20140526,114,F401,5.0,,David Ferrer,R,175.0,ESP,32.148,5.0,5030.0,A678,19.0,,Kevin Anderson,R,203.0,RSA,28.022,20.0,1710.0,6-3 6-3 6-7(5) 6-1,5,R16,171.0,2.0,4.0,123.0,89.0,66.0,16.0,19.0,5.0,7.0,9.0,4.0,126.0,81.0,52.0,18.0,18.0,9.0,16.0
2014-520,Roland Garros,Clay,128,G,O,20140526,115,MC65,23.0,,Gael Monfils,R,193.0,FRA,27.732,28.0,1390.0,G476,,,Guillermo Garcia-Lopez,R,185.0,ESP,30.976,41.0,1063.0,6-0 6-2 7-5,5,R16,118.0,4.0,6.0,77.0,45.0,34.0,18.0,13.0,2.0,4.0,0.0,0.0,82.0,42.0,21.0,16.0,13.0,9.0,17.0
2014-520,Roland Garros,Clay,128,G,O,20140526,116,MC10,7.0,,Andy Murray,R,191.0,GBR,27.031,8.0,4120.0,V306,24.0,,Fernando Verdasco,L,188.0,ESP,30.527,25.0,1420.0,6-4 7-5 7-6(3),5,R16,174.0,4.0,3.0,112.0,69.0,52.0,24.0,17.0,4.0,6.0,1.0,2.0,138.0,104.0,61.0,18.0,17.0,15.0,19.0
2014-520,Roland Garros,Clay,128,G,O,20140526,117,BA47,6.0,,Tomas Berdych,R,196.0,CZE,28.687,6.0,4330.0,I186,10.0,,John Isner,R,208.0,USA,29.081,11.0,2600.0,6-4 6-4 6-4,5,R16,111.0,11.0,1.0,83.0,53.0,44.0,19.0,15.0,2.0,2.0,7.0,1.0,86.0,54.0,38.0,16.0,15.0,5.0,8.0
2014-520,Roland Garros,Clay,128,G,O,20140526,118,G858,18.0,,Ernests Gulbis,R,191.0,LAT,25.736,17.0,2050.0,F324,4.0,,Roger Federer,R,185.0,SUI,32.797,4.0,5125.0,6-7(5) 7-6(3) 6-2 4-6 6-3,5,R16,222.0,13.0,4.0,154.0,93.0,65.0,37.0,26.0,2.0,7.0,7.0,3.0,161.0,102.0,70.0,30.0,25.0,5.0,12.0
2014-520,Roland Garros,Clay,128,G,O,20140526,119,R975,8.0,,Milos Raonic,R,196.0,CAN,23.411,9.0,2975.0,G710,,,Marcel Granollers,R,191.0,ESP,28.12,39.0,1080.0,6-3 6-3 6-3,5,R16,114.0,6.0,2.0,98.0,62.0,49.0,17.0,14.0,2.0,2.0,3.0,0.0,75.0,53.0,36.0,9.0,13.0,1.0,5.0
2014-520,Roland Garros,Clay,128,G,O,20140526,120,D643,2.0,,Novak Djokovic,R,188.0,SRB,27.012,2.0,11850.0,T786,13.0,,Jo-Wilfried Tsonga,R,188.0,FRA,29.106,14.0,2315.0,6-1 6-4 6-1,5,R16,89.0,1.0,1.0,66.0,44.0,31.0,17.0,12.0,1.0,2.0,5.0,2.0,71.0,40.0,22.0,11.0,12.0,2.0,9.0
2014-520,Roland Garros,Clay,128,G,O,20140526,121,N409,1.0,,Rafael Nadal,L,185.0,ESP,27.978,1.0,12500.0,F401,5.0,,David Ferrer,R,175.0,ESP,32.148,5.0,5030.0,4-6 6-4 6-0 6-1,5,QF,154.0,1.0,1.0,102.0,63.0,43.0,22.0,16.0,11.0,14.0,2.0,1.0,95.0,60.0,32.0,15.0,17.0,5.0,14.0
2014-520,Roland Garros,Clay,128,G,O,20140526,122,MC10,7.0,,Andy Murray,R,191.0,GBR,27.031,8.0,4120.0,MC65,23.0,,Gael Monfils,R,193.0,FRA,27.732,28.0,1390.0,6-4 6-1 4-6 1-6 6-0,5,QF,195.0,1.0,2.0,135.0,84.0,55.0,31.0,20.0,9.0,13.0,4.0,5.0,139.0,105.0,63.0,14.0,20.0,11.0,18.0
2014-520,Roland Garros,Clay,128,G,O,20140526,123,G858,18.0,,Ernests Gulbis,R,191.0,LAT,25.736,17.0,2050.0,BA47,6.0,,Tomas Berdych,R,196.0,CZE,28.687,6.0,4330.0,6-3 6-2 6-4,5,QF,119.0,10.0,1.0,79.0,47.0,38.0,19.0,14.0,2.0,3.0,3.0,2.0,78.0,39.0,27.0,17.0,13.0,3.0,8.0
2014-520,Roland Garros,Clay,128,G,O,20140526,124,D643,2.0,,Novak Djokovic,R,188.0,SRB,27.012,2.0,11850.0,R975,8.0,,Milos Raonic,R,196.0,CAN,23.411,9.0,2975.0,7-5 7-6(5) 6-4,5,QF,142.0,4.0,1.0,98.0,67.0,50.0,23.0,17.0,1.0,2.0,21.0,4.0,114.0,80.0,63.0,10.0,17.0,6.0,9.0
2014-520,Roland Garros,Clay,128,G,O,20140526,125,N409,1.0,,Rafael Nadal,L,185.0,ESP,27.978,1.0,12500.0,MC10,7.0,,Andy Murray,R,191.0,GBR,27.031,8.0,4120.0,6-3 6-2 6-1,5,SF,100.0,2.0,2.0,59.0,45.0,41.0,8.0,12.0,0.0,0.0,2.0,3.0,67.0,35.0,22.0,11.0,12.0,0.0,6.0
2014-520,Roland Garros,Clay,128,G,O,20140526,126,D643,2.0,,Novak Djokovic,R,188.0,SRB,27.012,2.0,11850.0,G858,18.0,,Ernests Gulbis,R,191.0,LAT,25.736,17.0,2050.0,6-3 6-3 3-6 6-3,5,SF,154.0,9.0,1.0,111.0,74.0,59.0,16.0,18.0,5.0,7.0,13.0,5.0,105.0,60.0,42.0,24.0,18.0,5.0,10.0
2014-520,Roland Garros,Clay,128,G,O,20140526,127,N409,1.0,,Rafael Nadal,L,185.0,ESP,27.978,1.0,12500.0,D643,2.0,,Novak Djokovic,R,188.0,SRB,27.012,2.0,11850.0,3-6 7-5 6-2 6-4,5,F,211.0,3.0,4.0,120.0,84.0,61.0,18.0,19.0,6.0,9.0,11.0,3.0,126.0,82.0,59.0,16.0,20.0,4.0,10.0
2014-311,Queen's Club,Grass,56,250,O,20140609,1,B837,,WC,Marcos Baghdatis,R,178.0,CYP,28.977,118.0,505.0,KA98,,,Bradley Klahn,L,183.0,USA,23.803,72.0,707.0,6-7(6) 6-2 6-1,3,R64,102.0,9.0,3.0,87.0,47.0,37.0,22.0,14.0,3.0,4.0,6.0,7.0,95.0,65.0,38.0,12.0,13.0,7.0,12.0
2014-311,Queen's Club,Grass,56,250,O,20140609,2,T315,12.0,,Dmitry Tursunov,R,185.0,RUS,31.491,32.0,1200.0,SF36,,,Igor Sijsling,R,191.0,NED,26.809,58.0,818.0,6-3 6-4,3,R64,54.0,6.0,1.0,54.0,33.0,26.0,16.0,10.0,2.0,2.0,4.0,4.0,51.0,31.0,23.0,9.0,9.0,1.0,3.0
2014-311,Queen's Club,Grass,56,250,O,20140609,3,N289,,,Jarkko Nieminen,L,185.0,FIN,32.879,62.0,790.0,PD31,,,Benoit Paire,R,196.0,FRA,25.087,67.0,715.0,2-6 6-3 7-6(1),3,R64,101.0,5.0,5.0,94.0,53.0,34.0,22.0,15.0,1.0,6.0,14.0,5.0,101.0,61.0,45.0,13.0,14.0,5.0,9.0
2014-311,Queen's Club,Grass,56,250,O,20140609,4,I165,,,Denis Istomin,R,185.0,UZB,27.754,49.0,915.0,D551,,Q,Farrukh Dustov,R,193.0,UZB,28.049,152.0,374.0,7-6(9) 6-3,3,R64,85.0,10.0,2.0,76.0,57.0,43.0,7.0,11.0,1.0,3.0,1.0,2.0,68.0,50.0,32.0,8.0,10.0,2.0,5.0
2014-311,Queen's Club,Grass,56,250,O,20140609,5,E687,,WC,Daniel Evans,R,175.0,GBR,24.047,139.0,414.0,M762,,,Jurgen Melzer,L,183.0,AUT,33.049,51.0,870.0,6-3 6-7(5) 7-6(2),3,R64,131.0,18.0,7.0,112.0,65.0,58.0,20.0,17.0,4.0,6.0,11.0,4.0,101.0,68.0,53.0,13.0,16.0,3.0,6.0
2014-311,Queen's Club,Grass,56,250,O,20140609,6,SC77,,,Sergiy Stakhovsky,R,193.0,UKR,28.422,93.0,600.0,BC72,,Q,Daniel Brands,R,196.0,GER,26.897,130.0,430.0,7-5 6-2,3,R64,60.0,8.0,2.0,55.0,41.0,33.0,8.0,10.0,2.0,2.0,6.0,0.0,53.0,36.0,24.0,10.0,10.0,1.0,4.0
2014-311,Queen's Club,Grass,56,250,O,20140609,7,PD07,11.0,,Vasek Pospisil,R,193.0,CAN,23.962,35.0,1145.0,L503,,,Paolo Lorenzi,R,183.0,ITA,32.482,81.0,658.0,6-3 3-6 6-3,3,R64,109.0,5.0,4.0,86.0,59.0,42.0,12.0,14.0,5.0,7.0,1.0,3.0,77.0,46.0,33.0,15.0,13.0,3.0,6.0
2014-311,Queen's Club,Grass,56,250,O,20140609,8,S694,15.0,,Radek Stepanek,R,185.0,CZE,35.532,42.0,1040.0,K926,,,Mikhail Kukushkin,R,183.0,KAZ,26.453,50.0,915.0,6-4 6-1,3,R64,78.0,9.0,1.0,62.0,41.0,31.0,10.0,9.0,4.0,5.0,1.0,0.0,60.0,40.0,21.0,8.0,8.0,4.0,8.0
2014-311,Queen's Club,Grass,56,250,O,20140609,9,TA46,,,Bernard Tomic,R,196.0,AUS,21.632,82.0,646.0,SF62,,,Tim Smyczek,R,175.0,USA,26.442,106.0,548.0,6-4 3-6 7-5,3,R64,93.0,10.0,1.0,77.0,59.0,46.0,7.0,15.0,2.0,4.0,7.0,2.0,93.0,65.0,45.0,14.0,16.0,4.0,7.0
2014-311,Queen's Club,Grass,56,250,O,20140609,10,M850,,,Paul-Henri Mathieu,R,185.0,FRA,32.405,92.0,601.0,BH09,,,Aljaz Bedene,R,183.0,SLO,24.893,132.0,426.0,7-6(2) 6-4,3,R64,83.0,9.0,2.0,59.0,36.0,31.0,18.0,11.0,0.0,0.0,18.0,2.0,69.0,41.0,36.0,13.0,11.0,2.0,3.0
2014-311,Queen's Club,Grass,56,250,O,20140609,11,D750,,,Kenny De Schepper,L,203.0,FRA,27.031,66.0,723.0,D616,,,Somdev Devvarman,R,180.0,IND,29.317,119.0,495.0,6-4 7-5,3,R64,75.0,14.0,1.0,60.0,43.0,35.0,11.0,11.0,0.0,0.0,2.0,0.0,60.0,39.0,27.0,14.0,11.0,4.0,6.0
2014-311,Queen's Club,Grass,56,250,O,20140609,12,KB09,,,Denis Kudla,R,180.0,USA,21.81,122.0,463.0,R368,,,Michael Russell,R,173.0,USA,36.107,97.0,593.0,4-6 6-3 6-1,3,R64,108.0,4.0,1.0,85.0,43.0,31.0,28.0,13.0,5.0,6.0,12.0,2.0,101.0,67.0,42.0,16.0,13.0,7.0,11.0
2014-311,Queen's Club,Grass,56,250,O,20140609,13,H432,,,Lleyton Hewitt,R,178.0,AUS,33.287,43.0,1030.0,G676,,,Daniel Gimeno-Traver,R,183.0,ESP,28.838,99.0,587.0,6-3 6-3,3,R64,69.0,3.0,2.0,51.0,29.0,24.0,14.0,9.0,3.0,3.0,3.0,1.0,60.0,44.0,25.0,8.0,9.0,1.0,4.0
2014-311,Queen's Club,Grass,56,250,O,20140609,14,L397,10.0,,Feliciano Lopez,L,188.0,ESP,32.717,29.0,1350.0,L987,,,Dusan Lajovic,R,183.0,SRB,23.943,76.0,692.0,6-3 6-7(3) 6-1,3,R64,116.0,16.0,6.0,101.0,53.0,40.0,24.0,15.0,6.0,8.0,3.0,4.0,94.0,53.0,37.0,14.0,13.0,5.0,10.0
2014-311,Queen's Club,Grass,56,250,O,20140609,15,E224,,,Victor Estrella Burgos,R,170.0,DOM,33.851,95.0,596.0,B747,16.0,,Julien Benneteau,R,185.0,FRA,32.468,46.0,955.0,6-7(3) 6-3 7-6(3),3,R64,137.0,12.0,4.0,117.0,73.0,57.0,22.0,17.0,4.0,5.0,12.0,3.0,94.0,62.0,49.0,19.0,16.0,3.0,5.0
2014-311,Queen's Club,Grass,56,250,O,20140609,16,ME82,,,Adrian Mannarino,L,180.0,FRA,25.944,83.0,640.0,CB14,,WC,Daniel Cox,R,170.0,GBR,23.696,214.0,225.0,7-5 6-2,3,R64,64.0,5.0,4.0,58.0,39.0,31.0,8.0,10.0,1.0,3.0,4.0,3.0,53.0,32.0,18.0,10.0,10.0,3.0,8.0
2014-311,Queen's Club,Grass,56,250,O,20140609,17,D994,,Q,James Duckworth,R,183.0,AUS,22.382,167.0,331.0,SC56,,,Dudi Sela,R,175.0,ISR,29.18,107.0,541.0,0-6 7-6(5) 6-4,3,R64,106.0,11.0,3.0,104.0,67.0,43.0,20.0,14.0,7.0,10.0,6.0,3.0,79.0,52.0,40.0,19.0,14.0,1.0,2.0
2014-311,Queen's Club,Grass,56,250,O,20140609,18,Q927,,,Sam Querrey,R,198.0,USA,26.672,78.0,685.0,CA12,14.0,,Jeremy Chardy,R,188.0,FRA,27.321,44.0,1015.0,6-7(4) 7-6(4) 7-6(5),3,R64,124.0,31.0,2.0,120.0,79.0,68.0,25.0,18.0,4.0,4.0,25.0,4.0,109.0,77.0,68.0,20.0,18.0,1.0,1.0
2014-311,Queen's Club,Grass,56,250,O,20140609,19,ME05,,,Marinko Matosevic,R,193.0,AUS,28.835,60.0,802.0,C977,9.0,,Marin Cilic,R,198.0,CRO,25.695,26.0,1410.0,6-4 6-4,3,R64,77.0,4.0,1.0,57.0,39.0,32.0,10.0,10.0,2.0,2.0,8.0,1.0,60.0,30.0,22.0,16.0,10.0,3.0,5.0
2014-311,Queen's Club,Grass,56,250,O,20140609,20,L797,,,Lukas Lacko,R,188.0,SVK,26.598,89.0,617.0,E690,,,Matthew Ebden,R,188.0,AUS,26.535,86.0,620.0,7-6(10) 5-7 6-4,3,R64,112.0,5.0,3.0,103.0,64.0,51.0,18.0,17.0,0.0,3.0,4.0,5.0,93.0,71.0,52.0,14.0,17.0,0.0,3.0
2014-311,Queen's Club,Grass,56,250,O,20140609,21,GB88,,,David Goffin,R,180.0,BEL,23.504,105.0,548.0,TB69,,,Dominic Thiem,R,185.0,AUT,20.764,55.0,851.0,6-4 6-2,3,R64,65.0,3.0,2.0,50.0,32.0,25.0,12.0,9.0,0.0,0.0,4.0,1.0,58.0,34.0,23.0,12.0,9.0,5.0,8.0
2014-311,Queen's Club,Grass,56,250,O,20140609,22,W503,,WC,James Ward,R,188.0,GBR,27.329,155.0,361.0,RA51,,,Blaz Rola,L,193.0,SLO,23.677,91.0,602.0,7-5 6-4,3,R64,88.0,2.0,3.0,73.0,52.0,35.0,13.0,11.0,2.0,3.0,5.0,2.0,64.0,41.0,31.0,7.0,11.0,1.0,4.0
2014-311,Queen's Club,Grass,56,250,O,20140609,23,R613,,,Edouard Roger-Vasselin,R,185.0,FRA,30.53,53.0,860.0,D864,,,Evgeny Donskoy,R,185.0,RUS,24.085,102.0,563.0,6-3 6-7(9) 6-1,3,R64,102.0,9.0,5.0,94.0,63.0,54.0,16.0,15.0,0.0,0.0,4.0,4.0,79.0,53.0,35.0,15.0,13.0,1.0,4.0
2014-311,Queen's Club,Grass,56,250,O,20140609,24,M873,13.0,,Nicolas Mahut,R,191.0,FRA,32.381,40.0,1077.0,K771,,Q,Marsel Ilhan,R,191.0,TUR,26.995,149.0,394.0,6-3 6-4,3,R64,67.0,15.0,3.0,56.0,44.0,37.0,6.0,10.0,0.0,0.0,6.0,1.0,59.0,38.0,23.0,15.0,9.0,5.0,7.0
2014-311,Queen's Club,Grass,56,250,O,20140609,25,W367,1.0,,Stan Wawrinka,R,183.0,SUI,29.199,3.0,5480.0,B837,,WC,Marcos Baghdatis,R,178.0,CYP,28.977,118.0,505.0,3-2 RET,3,R32,18.0,4.0,1.0,15.0,8.0,7.0,5.0,3.0,0.0,0.0,0.0,0.0,11.0,9.0,7.0,1.0,2.0,0.0,0.0
2014-311,Queen's Club,Grass,56,250,O,20140609,26,Q927,,,Sam Querrey,R,198.0,USA,26.672,78.0,685.0,KB09,,,Denis Kudla,R,180.0,USA,21.81,122.0,463.0,6-4 6-3,3,R32,59.0,14.0,2.0,52.0,38.0,33.0,8.0,10.0,0.0,0.0,4.0,3.0,61.0,43.0,30.0,7.0,9.0,5.0,7.0
2014-311,Queen's Club,Grass,56,250,O,20140609,27,ME05,,,Marinko Matosevic,R,193.0,AUS,28.835,60.0,802.0,L797,,,Lukas Lacko,R,188.0,SVK,26.598,89.0,617.0,7-6(3) 6-3,3,R32,72.0,14.0,2.0,60.0,41.0,34.0,12.0,11.0,0.0,1.0,3.0,2.0,63.0,40.0,27.0,11.0,10.0,0.0,2.0
2014-311,Queen's Club,Grass,56,250,O,20140609,28,T786,5.0,,Jo-Wilfried Tsonga,R,188.0,FRA,29.144,17.0,1775.0,GB88,,,David Goffin,R,180.0,BEL,23.504,105.0,548.0,7-6(5) 6-2,3,R32,82.0,9.0,2.0,64.0,39.0,32.0,17.0,10.0,3.0,3.0,4.0,2.0,65.0,46.0,33.0,11.0,10.0,4.0,6.0
2014-311,Queen's Club,Grass,56,250,O,20140609,29,D875,4.0,,Grigor Dimitrov,R,191.0,BUL,23.066,13.0,2435.0,W503,,WC,James Ward,R,188.0,GBR,27.329,155.0,361.0,7-5 6-3,3,R32,68.0,8.0,5.0,57.0,39.0,32.0,11.0,11.0,1.0,2.0,1.0,2.0,60.0,50.0,33.0,4.0,10.0,3.0,6.0
2014-311,Queen's Club,Grass,56,250,O,20140609,30,R613,,,Edouard Roger-Vasselin,R,185.0,FRA,30.53,53.0,860.0,M873,13.0,,Nicolas Mahut,R,191.0,FRA,32.381,40.0,1077.0,6-3 1-6 7-6(5),3,R32,119.0,7.0,1.0,102.0,69.0,47.0,18.0,14.0,6.0,8.0,18.0,3.0,87.0,61.0,47.0,14.0,14.0,2.0,3.0
2014-311,Queen's Club,Grass,56,250,O,20140609,31,N289,,,Jarkko Nieminen,L,185.0,FIN,32.879,62.0,790.0,T315,12.0,,Dmitry Tursunov,R,185.0,RUS,31.491,32.0,1200.0,7-6(3) 7-6(3),3,R32,100.0,1.0,1.0,70.0,58.0,45.0,7.0,12.0,2.0,4.0,9.0,5.0,97.0,62.0,50.0,7.0,12.0,3.0,5.0
2014-311,Queen's Club,Grass,56,250,O,20140609,32,D801,8.0,,Alexandr Dolgopolov,R,180.0,UKR,25.585,19.0,1680.0,I165,,,Denis Istomin,R,185.0,UZB,27.754,49.0,915.0,7-6(3) 7-6(7),3,R32,111.0,11.0,4.0,97.0,65.0,48.0,17.0,12.0,6.0,7.0,7.0,1.0,102.0,83.0,51.0,12.0,12.0,7.0,8.0
2014-311,Queen's Club,Grass,56,250,O,20140609,33,A678,7.0,,Kevin Anderson,R,203.0,RSA,28.06,18.0,1710.0,E687,,WC,Daniel Evans,R,175.0,GBR,24.047,139.0,414.0,6-2 6-3,3,R32,65.0,10.0,5.0,57.0,34.0,32.0,8.0,9.0,1.0,1.0,2.0,2.0,49.0,30.0,18.0,11.0,8.0,4.0,7.0
2014-311,Queen's Club,Grass,56,250,O,20140609,34,SC77,,,Sergiy Stakhovsky,R,193.0,UKR,28.422,93.0,600.0,PD07,11.0,,Vasek Pospisil,R,193.0,CAN,23.962,35.0,1145.0,6-4 6-4,3,R32,65.0,2.0,2.0,58.0,35.0,28.0,13.0,10.0,2.0,3.0,4.0,4.0,55.0,37.0,28.0,6.0,10.0,2.0,5.0
2014-311,Queen's Club,Grass,56,250,O,20140609,35,S694,15.0,,Radek Stepanek,R,185.0,CZE,35.532,42.0,1040.0,TA46,,,Bernard Tomic,R,196.0,AUS,21.632,82.0,646.0,7-6(4) 7-6(5),3,R32,104.0,8.0,2.0,82.0,59.0,46.0,11.0,12.0,2.0,3.0,2.0,0.0,89.0,56.0,38.0,18.0,12.0,5.0,6.0
2014-311,Queen's Club,Grass,56,250,O,20140609,36,MC10,3.0,,Andy Murray,R,191.0,GBR,27.069,5.0,4840.0,M850,,,Paul-Henri Mathieu,R,185.0,FRA,32.405,92.0,601.0,6-4 6-4,3,R32,87.0,10.0,2.0,56.0,38.0,35.0,7.0,10.0,3.0,3.0,5.0,6.0,81.0,45.0,32.0,15.0,10.0,5.0,7.0
2014-311,Queen's Club,Grass,56,250,O,20140609,37,D750,,,Kenny De Schepper,L,203.0,FRA,27.031,66.0,723.0,G858,6.0,,Ernests Gulbis,R,191.0,LAT,25.774,10.0,2725.0,7-6(3) 7-5,3,R32,78.0,10.0,4.0,72.0,58.0,50.0,7.0,12.0,6.0,6.0,9.0,2.0,67.0,46.0,39.0,10.0,12.0,1.0,2.0
2014-311,Queen's Club,Grass,56,250,O,20140609,38,L397,10.0,,Feliciano Lopez,L,188.0,ESP,32.717,29.0,1350.0,H432,,,Lleyton Hewitt,R,178.0,AUS,33.287,43.0,1030.0,6-3 6-4,3,R32,67.0,10.0,4.0,52.0,28.0,24.0,16.0,10.0,0.0,0.0,6.0,4.0,47.0,25.0,19.0,11.0,9.0,1.0,3.0
2014-311,Queen's Club,Grass,56,250,O,20140609,39,ME82,,,Adrian Mannarino,L,180.0,FRA,25.944,83.0,640.0,E224,,,Victor Estrella Burgos,R,170.0,DOM,33.851,95.0,596.0,6-1 6-2,3,R32,56.0,6.0,0.0,50.0,36.0,27.0,9.0,8.0,3.0,3.0,3.0,1.0,42.0,27.0,14.0,5.0,7.0,2.0,6.0
2014-311,Queen's Club,Grass,56,250,O,20140609,40,BA47,2.0,,Tomas Berdych,R,196.0,CZE,28.726,6.0,4680.0,D994,,Q,James Duckworth,R,183.0,AUS,22.382,167.0,331.0,7-6(3) 5-7 6-4,3,R32,127.0,19.0,8.0,97.0,56.0,48.0,20.0,17.0,0.0,2.0,8.0,4.0,117.0,75.0,55.0,20.0,17.0,5.0,7.0
2014-311,Queen's Club,Grass,56,250,O,20140609,41,W367,1.0,,Stan Wawrinka,R,183.0,SUI,29.199,3.0,5480.0,Q927,,,Sam Querrey,R,198.0,USA,26.672,78.0,685.0,6-2 6-2,3,R16,50.0,7.0,1.0,42.0,26.0,21.0,11.0,8.0,0.0,0.0,3.0,4.0,48.0,24.0,13.0,14.0,8.0,2.0,6.0
2014-311,Queen's Club,Grass,56,250,O,20140609,42,ME05,,,Marinko Matosevic,R,193.0,AUS,28.835,60.0,802.0,T786,5.0,,Jo-Wilfried Tsonga,R,188.0,FRA,29.144,17.0,1775.0,6-2 6-4,3,R16,75.0,1.0,1.0,48.0,26.0,21.0,17.0,9.0,3.0,3.0,4.0,2.0,64.0,38.0,24.0,11.0,9.0,5.0,8.0
2014-311,Queen's Club,Grass,56,250,O,20140609,43,D875,4.0,,Grigor Dimitrov,R,191.0,BUL,23.066,13.0,2435.0,R613,,,Edouard Roger-Vasselin,R,185.0,FRA,30.53,53.0,860.0,7-6(3) 6-4,3,R16,82.0,15.0,3.0,63.0,41.0,36.0,10.0,11.0,1.0,2.0,5.0,4.0,83.0,57.0,38.0,12.0,11.0,4.0,6.0
2014-311,Queen's Club,Grass,56,250,O,20140609,44,D801,8.0,,Alexandr Dolgopolov,R,180.0,UKR,25.585,19.0,1680.0,N289,,,Jarkko Nieminen,L,185.0,FIN,32.879,62.0,790.0,6-4 4-2 RET,3,R16,56.0,11.0,2.0,53.0,28.0,23.0,14.0,8.0,4.0,4.0,4.0,2.0,48.0,35.0,20.0,7.0,8.0,2.0,4.0
2014-311,Queen's Club,Grass,56,250,O,20140609,45,A678,7.0,,Kevin Anderson,R,203.0,RSA,28.06,18.0,1710.0,SC77,,,Sergiy Stakhovsky,R,193.0,UKR,28.422,93.0,600.0,6-3 3-6 7-6(4),3,R16,117.0,12.0,2.0,81.0,47.0,38.0,21.0,15.0,0.0,2.0,10.0,4.0,114.0,75.0,56.0,15.0,15.0,9.0,11.0
2014-311,Queen's Club,Grass,56,250,O,20140609,46,S694,15.0,,Radek Stepanek,R,185.0,CZE,35.532,42.0,1040.0,MC10,3.0,,Andy Murray,R,191.0,GBR,27.069,5.0,4840.0,7-6(10) 6-2,3,R16,115.0,11.0,4.0,67.0,42.0,38.0,8.0,10.0,1.0,2.0,6.0,5.0,94.0,60.0,38.0,15.0,10.0,4.0,7.0
2014-311,Queen's Club,Grass,56,250,O,20140609,47,L397,10.0,,Feliciano Lopez,L,188.0,ESP,32.717,29.0,1350.0,D750,,,Kenny De Schepper,L,203.0,FRA,27.031,66.0,723.0,7-6(3) 6-7(4) 7-6(3),3,R16,128.0,15.0,2.0,107.0,76.0,67.0,18.0,18.0,0.0,0.0,24.0,3.0,116.0,89.0,74.0,12.0,18.0,4.0,4.0
2014-311,Queen's Club,Grass,56,250,O,20140609,48,BA47,2.0,,Tomas Berdych,R,196.0,CZE,28.726,6.0,4680.0,ME82,,,Adrian Mannarino,L,180.0,FRA,25.944,83.0,640.0,7-6(2) 6-4,3,R16,124.0,13.0,2.0,60.0,34.0,34.0,14.0,11.0,2.0,3.0,8.0,2.0,125.0,75.0,45.0,24.0,11.0,17.0,19.0
2014-311,Queen's Club,Grass,56,250,O,20140609,49,W367,1.0,,Stan Wawrinka,R,183.0,SUI,29.199,3.0,5480.0,ME05,,,Marinko Matosevic,R,193.0,AUS,28.835,60.0,802.0,7-5 6-3,3,QF,70.0,10.0,3.0,59.0,33.0,27.0,18.0,11.0,0.0,0.0,2.0,1.0,57.0,31.0,26.0,11.0,10.0,3.0,5.0
2014-311,Queen's Club,Grass,56,250,O,20140609,50,D875,4.0,,Grigor Dimitrov,R,191.0,BUL,23.066,13.0,2435.0,D801,8.0,,Alexandr Dolgopolov,R,180.0,UKR,25.585,19.0,1680.0,W/O,3,QF,,5.0,3.0,103.0,64.0,51.0,18.0,17.0,0.0,3.0,4.0,5.0,93.0,71.0,52.0,14.0,17.0,0.0,3.0
2014-311,Queen's Club,Grass,56,250,O,20140609,51,S694,15.0,,Radek Stepanek,R,185.0,CZE,35.532,42.0,1040.0,A678,7.0,,Kevin Anderson,R,203.0,RSA,28.06,18.0,1710.0,1-6 6-3 6-2,3,QF,97.0,5.0,1.0,71.0,49.0,36.0,12.0,12.0,3.0,5.0,15.0,1.0,74.0,48.0,36.0,9.0,12.0,2.0,5.0
2014-311,Queen's Club,Grass,56,250,O,20140609,52,L397,10.0,,Feliciano Lopez,L,188.0,ESP,32.717,29.0,1350.0,BA47,2.0,,Tomas Berdych,R,196.0,CZE,28.726,6.0,4680.0,6-4 7-6(7),3,QF,97.0,13.0,2.0,65.0,48.0,43.0,8.0,11.0,1.0,1.0,7.0,4.0,74.0,46.0,36.0,13.0,11.0,3.0,4.0
2014-311,Queen's Club,Grass,56,250,O,20140609,53,D875,4.0,,Grigor Dimitrov,R,191.0,BUL,23.066,13.0,2435.0,W367,1.0,,Stan Wawrinka,R,183.0,SUI,29.199,3.0,5480.0,6-2 6-4,3,SF,62.0,9.0,2.0,53.0,33.0,28.0,11.0,9.0,4.0,4.0,6.0,2.0,50.0,33.0,24.0,7.0,9.0,4.0,7.0
2014-311,Queen's Club,Grass,56,250,O,20140609,54,L397,10.0,,Feliciano Lopez,L,188.0,ESP,32.717,29.0,1350.0,S694,15.0,,Radek Stepanek,R,185.0,CZE,35.532,42.0,1040.0,7-6(7) 6-4,3,SF,102.0,6.0,1.0,70.0,41.0,33.0,21.0,11.0,1.0,1.0,10.0,3.0,79.0,45.0,34.0,19.0,11.0,5.0,6.0
2014-311,Queen's Club,Grass,56,250,O,20140609,55,D875,4.0,,Grigor Dimitrov,R,191.0,BUL,23.066,13.0,2435.0,L397,10.0,,Feliciano Lopez,L,188.0,ESP,32.717,29.0,1350.0,6-7(8) 7-6(1) 7-6(6),3,F,151.0,27.0,6.0,117.0,86.0,74.0,13.0,18.0,1.0,2.0,13.0,5.0,127.0,91.0,72.0,15.0,18.0,2.0,3.0
2014-500,Halle,Grass,28,250,O,20140609,1,BA65,,WC,Dustin Brown,R,196.0,JAM,29.5,85.0,633.0,KB54,,Q,Andrey Kuznetsov,R,183.0,RUS,23.294,111.0,515.0,6-3 6-4,3,R32,58.0,15.0,6.0,52.0,33.0,29.0,8.0,10.0,1.0,3.0,4.0,3.0,62.0,36.0,23.0,10.0,9.0,6.0,10.0
2014-500,Halle,Grass,28,250,O,20140609,2,K336,,,Ivo Karlovic,R,211.0,CRO,35.277,33.0,1177.0,Y061,6.0,,Mikhail Youzhny,R,183.0,RUS,31.956,16.0,1930.0,6-3 6-4,3,R32,63.0,22.0,0.0,52.0,38.0,32.0,10.0,10.0,1.0,1.0,2.0,0.0,49.0,36.0,24.0,8.0,9.0,1.0,3.0
2014-500,Halle,Grass,28,250,O,20140609,3,L575,,,Yen-Hsun Lu,R,180.0,TPE,30.82,48.0,933.0,PF00,,Q,Mate Pavic,L,191.0,CRO,20.931,515.0,67.0,7-6(2) 6-7(11) 7-6(5),3,R32,164.0,3.0,7.0,127.0,80.0,61.0,30.0,18.0,4.0,6.0,21.0,6.0,154.0,99.0,71.0,28.0,18.0,10.0,12.0
2014-500,Halle,Grass,28,250,O,20140609,4,SH90,,,Joao Sousa,R,185.0,POR,25.194,47.0,940.0,SL28,,WC,Jan-Lennard Struff,R,193.0,GER,24.123,64.0,763.0,6-4 6-2,3,R32,70.0,2.0,0.0,51.0,38.0,30.0,9.0,9.0,2.0,2.0,6.0,5.0,71.0,43.0,30.0,10.0,9.0,7.0,10.0
2014-500,Halle,Grass,28,250,O,20140609,5,K435,,,Philipp Kohlschreiber,R,178.0,GER,30.648,27.0,1395.0,SA93,,,Andreas Seppi,R,191.0,ITA,30.297,34.0,1150.0,6-3 6-4,3,R32,69.0,9.0,0.0,61.0,40.0,31.0,13.0,10.0,3.0,3.0,9.0,0.0,49.0,31.0,20.0,10.0,9.0,0.0,2.0
2014-500,Halle,Grass,28,250,O,20140609,6,H996,,Q,Pierre-Hugues Herbert,R,188.0,FRA,23.228,135.0,423.0,J397,8.0,,Jerzy Janowicz,R,203.0,POL,23.57,24.0,1510.0,7-6(5) 6-2,3,R32,91.0,11.0,3.0,59.0,37.0,28.0,13.0,10.0,3.0,5.0,6.0,13.0,81.0,48.0,33.0,12.0,10.0,10.0,14.0
2014-500,Halle,Grass,28,250,O,20140609,7,G967,,WC,Peter Gojowczyk,R,188.0,GER,24.901,120.0,493.0,P701,,,Michal Przysiezny,R,185.0,POL,30.311,112.0,512.0,7-5 6-4,3,R32,76.0,12.0,3.0,59.0,37.0,32.0,13.0,11.0,2.0,2.0,12.0,3.0,71.0,50.0,38.0,8.0,11.0,6.0,8.0
2014-500,Halle,Grass,28,250,O,20140609,8,F444,,,Alejandro Falla,L,185.0,COL,30.568,69.0,713.0,K540,,,Lukasz Kubot,R,191.0,POL,32.066,68.0,713.0,6-2 3-6 6-3,3,R32,109.0,8.0,3.0,79.0,49.0,35.0,19.0,13.0,5.0,6.0,5.0,7.0,82.0,42.0,35.0,15.0,13.0,3.0,6.0
2014-500,Halle,Grass,28,250,O,20140609,9,H756,,,Robin Haase,R,191.0,NED,27.176,52.0,865.0,G628,5.0,,Richard Gasquet,R,183.0,FRA,27.975,14.0,2355.0,6-4 6-4,3,R32,70.0,13.0,0.0,56.0,38.0,31.0,11.0,10.0,0.0,0.0,2.0,0.0,64.0,50.0,35.0,6.0,10.0,1.0,3.0
2014-500,Halle,Grass,28,250,O,20140609,10,J386,,,Steve Johnson,R,188.0,USA,24.457,63.0,767.0,O411,,LL,Albano Olivetti,R,203.0,FRA,22.541,161.0,339.0,6-4 6-2,3,R32,62.0,12.0,1.0,43.0,24.0,23.0,13.0,9.0,0.0,0.0,10.0,7.0,53.0,24.0,18.0,13.0,9.0,3.0,6.0
2014-500,Halle,Grass,28,250,O,20140609,11,G681,,,Teymuraz Gabashvili,R,185.0,GEO,29.046,61.0,798.0,ME89,,Q,Illya Marchenko,R,185.0,UKR,26.752,180.0,286.0,6-7(9) 6-4 7-6(4),3,R32,159.0,9.0,3.0,115.0,67.0,51.0,28.0,17.0,3.0,5.0,13.0,4.0,121.0,73.0,55.0,24.0,17.0,6.0,9.0
2014-500,Halle,Grass,28,250,O,20140609,12,MC65,,,Gael Monfils,R,193.0,FRA,27.77,20.0,1660.0,B896,,,Benjamin Becker,R,178.0,GER,32.98,79.0,678.0,6-1 7-5,3,R32,74.0,9.0,2.0,55.0,38.0,32.0,11.0,10.0,3.0,3.0,4.0,5.0,76.0,43.0,25.0,17.0,9.0,9.0,12.0
2014-500,Halle,Grass,28,250,O,20140609,13,BA65,,WC,Dustin Brown,R,196.0,JAM,29.5,85.0,633.0,N409,1.0,,Rafael Nadal,L,185.0,ESP,28.016,1.0,12500.0,6-4 6-1,3,R16,60.0,11.0,5.0,51.0,31.0,26.0,12.0,9.0,1.0,1.0,2.0,0.0,47.0,32.0,22.0,6.0,8.0,6.0,9.0
2014-500,Halle,Grass,28,250,O,20140609,14,K435,,,Philipp Kohlschreiber,R,178.0,GER,30.648,27.0,1395.0,H996,,Q,Pierre-Hugues Herbert,R,188.0,FRA,23.228,135.0,423.0,6-2 6-4,3,R16,61.0,2.0,0.0,47.0,35.0,25.0,12.0,9.0,0.0,0.0,4.0,2.0,50.0,27.0,15.0,15.0,9.0,2.0,5.0
2014-500,Halle,Grass,28,250,O,20140609,15,G967,,WC,Peter Gojowczyk,R,188.0,GER,24.901,120.0,493.0,R975,3.0,,Milos Raonic,R,196.0,CAN,23.45,9.0,3245.0,6-4 6-4,3,R16,72.0,4.0,2.0,56.0,38.0,31.0,10.0,10.0,2.0,2.0,8.0,2.0,60.0,39.0,28.0,11.0,10.0,1.0,3.0
2014-500,Halle,Grass,28,250,O,20140609,16,F444,,,Alejandro Falla,L,185.0,COL,30.568,69.0,713.0,H756,,,Robin Haase,R,191.0,NED,27.176,52.0,865.0,7-6(1) 6-4,3,R16,82.0,1.0,2.0,69.0,46.0,34.0,15.0,11.0,2.0,3.0,3.0,0.0,64.0,41.0,28.0,14.0,11.0,0.0,2.0
2014-500,Halle,Grass,28,250,O,20140609,17,J386,,,Steve Johnson,R,188.0,USA,24.457,63.0,767.0,G681,,,Teymuraz Gabashvili,R,185.0,GEO,29.046,61.0,798.0,W/O,3,R16,,1.0,2.0,69.0,46.0,34.0,15.0,11.0,2.0,3.0,3.0,0.0,64.0,41.0,28.0,14.0,11.0,0.0,2.0
2014-500,Halle,Grass,28,250,O,20140609,18,N552,4.0,,Kei Nishikori,R,178.0,JPN,24.444,12.0,2645.0,MC65,,,Gael Monfils,R,193.0,FRA,27.77,20.0,1660.0,6-1 3-6 6-3,3,R16,89.0,2.0,1.0,71.0,48.0,36.0,12.0,13.0,4.0,6.0,8.0,5.0,74.0,49.0,34.0,11.0,12.0,3.0,7.0
2014-500,Halle,Grass,28,250,O,20140609,19,L575,,,Yen-Hsun Lu,R,180.0,TPE,30.82,48.0,933.0,K336,,,Ivo Karlovic,R,211.0,CRO,35.277,33.0,1177.0,7-6(2) 7-6(3),3,R16,89.0,6.0,4.0,78.0,54.0,46.0,15.0,12.0,2.0,2.0,21.0,1.0,72.0,51.0,44.0,10.0,12.0,0.0,0.0
2014-500,Halle,Grass,28,250,O,20140609,20,F324,2.0,,Roger Federer,R,185.0,SUI,32.835,4.0,4945.0,SH90,,,Joao Sousa,R,185.0,POR,25.194,47.0,940.0,6-7(8) 6-4 6-2,3,R16,110.0,11.0,1.0,87.0,72.0,57.0,11.0,15.0,2.0,2.0,3.0,1.0,113.0,79.0,51.0,20.0,15.0,9.0,12.0
2014-500,Halle,Grass,28,250,O,20140609,21,K435,,,Philipp Kohlschreiber,R,178.0,GER,30.648,27.0,1395.0,BA65,,WC,Dustin Brown,R,196.0,JAM,29.5,85.0,633.0,6-4 5-7 7-6(16),3,QF,131.0,8.0,3.0,118.0,84.0,63.0,14.0,17.0,2.0,6.0,19.0,13.0,120.0,72.0,58.0,20.0,17.0,3.0,7.0
2014-500,Halle,Grass,28,250,O,20140609,22,F444,,,Alejandro Falla,L,185.0,COL,30.568,69.0,713.0,G967,,WC,Peter Gojowczyk,R,188.0,GER,24.901,120.0,493.0,7-6(4) 7-6(2),3,QF,106.0,6.0,1.0,86.0,53.0,39.0,17.0,12.0,4.0,6.0,11.0,3.0,95.0,64.0,47.0,12.0,12.0,3.0,5.0
2014-500,Halle,Grass,28,250,O,20140609,23,N552,4.0,,Kei Nishikori,R,178.0,JPN,24.444,12.0,2645.0,J386,,,Steve Johnson,R,188.0,USA,24.457,63.0,767.0,6-1 7-6(4),3,QF,79.0,2.0,2.0,69.0,42.0,33.0,16.0,10.0,5.0,5.0,7.0,0.0,55.0,31.0,26.0,10.0,9.0,5.0,7.0
2014-500,Halle,Grass,28,250,O,20140609,24,F324,2.0,,Roger Federer,R,185.0,SUI,32.835,4.0,4945.0,L575,,,Yen-Hsun Lu,R,180.0,TPE,30.82,48.0,933.0,W/O,3,QF,,2.0,2.0,69.0,42.0,33.0,16.0,10.0,5.0,5.0,7.0,0.0,55.0,31.0,26.0,10.0,9.0,5.0,7.0
2014-500,Halle,Grass,28,250,O,20140609,25,F444,,,Alejandro Falla,L,185.0,COL,30.568,69.0,713.0,K435,,,Philipp Kohlschreiber,R,178.0,GER,30.648,27.0,1395.0,5-7 7-6(5) 6-4,3,SF,142.0,8.0,8.0,134.0,77.0,57.0,27.0,17.0,6.0,9.0,9.0,3.0,94.0,69.0,54.0,12.0,17.0,0.0,3.0
2014-500,Halle,Grass,28,250,O,20140609,26,F324,2.0,,Roger Federer,R,185.0,SUI,32.835,4.0,4945.0,N552,4.0,,Kei Nishikori,R,178.0,JPN,24.444,12.0,2645.0,6-3 7-6(4),3,SF,73.0,10.0,2.0,70.0,53.0,37.0,11.0,11.0,1.0,2.0,1.0,0.0,54.0,37.0,24.0,14.0,10.0,0.0,2.0
2014-500,Halle,Grass,28,250,O,20140609,27,F324,2.0,,Roger Federer,R,185.0,SUI,32.835,4.0,4945.0,F444,,,Alejandro Falla,L,185.0,COL,30.568,69.0,713.0,7-6(2) 7-6(3),3,F,88.0,5.0,2.0,75.0,46.0,38.0,17.0,12.0,3.0,5.0,5.0,0.0,76.0,49.0,38.0,11.0,12.0,0.0,2.0
2014-440,'s-Hertogenbosch,Grass,32,250,O,20140615,1,SH90,,Q,Joao Sousa,R,185.0,POR,25.21,48.0,944.0,L503,,LL,Paolo Lorenzi,R,183.0,ITA,32.498,81.0,658.0,6-3 3-6 6-3,3,R32,138.0,1.0,2.0,112.0,73.0,47.0,14.0,14.0,11.0,16.0,3.0,2.0,92.0,56.0,32.0,15.0,13.0,5.0,11.0
2014-440,'s-Hertogenbosch,Grass,32,250,O,20140615,2,J386,,,Steve Johnson,R,188.0,USA,24.474,68.0,722.0,D750,,,Kenny De Schepper,L,203.0,FRA,27.047,67.0,723.0,7-6(3) 7-5,3,R32,95.0,5.0,2.0,77.0,48.0,41.0,16.0,12.0,1.0,1.0,15.0,1.0,79.0,54.0,39.0,15.0,12.0,3.0,4.0
2014-440,'s-Hertogenbosch,Grass,32,250,O,20140615,3,E690,,,Matthew Ebden,R,188.0,AUS,26.552,86.0,618.0,ME82,,Q,Adrian Mannarino,L,180.0,FRA,25.96,80.0,660.0,6-3 4-6 6-3,3,R32,97.0,4.0,6.0,88.0,53.0,39.0,15.0,14.0,4.0,7.0,9.0,3.0,72.0,51.0,35.0,9.0,14.0,5.0,10.0
2014-440,'s-Hertogenbosch,Grass,32,250,O,20140615,4,BD06,3.0,,Roberto Bautista Agut,R,183.0,ESP,26.168,28.0,1375.0,G676,,,Daniel Gimeno-Traver,R,183.0,ESP,28.854,97.0,587.0,6-1 6-3,3,R32,60.0,0.0,1.0,50.0,29.0,23.0,11.0,8.0,2.0,3.0,1.0,4.0,46.0,24.0,11.0,8.0,8.0,4.0,9.0
2014-440,'s-Hertogenbosch,Grass,32,250,O,20140615,5,M762,8.0,,Jurgen Melzer,L,183.0,AUT,33.065,52.0,860.0,F444,,,Alejandro Falla,L,185.0,COL,30.585,54.0,853.0,6-4 6-3,3,R32,79.0,3.0,2.0,55.0,33.0,25.0,8.0,9.0,4.0,7.0,2.0,2.0,69.0,40.0,18.0,12.0,10.0,11.0,17.0
2014-440,'s-Hertogenbosch,Grass,32,250,O,20140615,6,L797,,Q,Lukas Lacko,R,188.0,SVK,26.615,87.0,617.0,H528,,,Victor Hanescu,R,198.0,ROU,32.901,103.0,552.0,6-3 6-4,3,R32,84.0,4.0,2.0,50.0,32.0,27.0,8.0,10.0,2.0,4.0,3.0,0.0,64.0,50.0,28.0,5.0,9.0,5.0,9.0
2014-440,'s-Hertogenbosch,Grass,32,250,O,20140615,7,H704,,WC,Jesse Huta Galung,R,,NED,28.69,146.0,400.0,N503,,,Aleksandr Nedovyesov,R,188.0,KAZ,27.329,101.0,560.0,6-2 1-0 RET,3,R32,37.0,1.0,0.0,23.0,19.0,15.0,2.0,4.0,0.0,0.0,0.0,0.0,39.0,31.0,17.0,2.0,5.0,2.0,5.0
2014-440,'s-Hertogenbosch,Grass,32,250,O,20140615,8,V306,2.0,,Fernando Verdasco,L,188.0,ESP,30.582,23.0,1555.0,M850,,,Paul-Henri Mathieu,R,185.0,FRA,32.422,88.0,611.0,2-6 6-4 6-4,3,R32,113.0,13.0,15.0,100.0,47.0,38.0,24.0,14.0,11.0,13.0,5.0,3.0,78.0,51.0,39.0,15.0,14.0,4.0,6.0
2014-440,'s-Hertogenbosch,Grass,32,250,O,20140615,9,PF00,,Q,Mate Pavic,L,191.0,CRO,20.947,475.0,79.0,G892,,,Alejandro Gonzalez,R,191.0,COL,25.35,74.0,705.0,7-6(4) 6-3,3,R32,81.0,11.0,0.0,78.0,55.0,42.0,8.0,11.0,2.0,3.0,1.0,1.0,57.0,42.0,29.0,6.0,10.0,1.0,3.0
2014-440,'s-Hertogenbosch,Grass,32,250,O,20140615,10,D776,,WC,Thiemo de Bakker,R,193.0,NED,25.736,143.0,405.0,SF36,,,Igor Sijsling,R,191.0,NED,26.825,60.0,818.0,6-4 7-6(4),3,R32,77.0,8.0,1.0,76.0,49.0,36.0,15.0,11.0,2.0,4.0,4.0,5.0,74.0,49.0,35.0,10.0,11.0,1.0,4.0
2014-440,'s-Hertogenbosch,Grass,32,250,O,20140615,11,T315,5.0,,Dmitry Tursunov,R,185.0,RUS,31.507,32.0,1200.0,KA98,,,Bradley Klahn,L,183.0,USA,23.819,73.0,707.0,6-3 7-6(3),3,R32,77.0,8.0,2.0,68.0,46.0,32.0,16.0,11.0,2.0,3.0,6.0,5.0,69.0,44.0,30.0,12.0,10.0,5.0,7.0
2014-440,'s-Hertogenbosch,Grass,32,250,O,20140615,12,B896,,,Benjamin Becker,R,178.0,GER,32.997,83.0,653.0,G710,4.0,,Marcel Granollers,R,191.0,ESP,28.175,30.0,1250.0,4-6 6-3 6-4,3,R32,105.0,7.0,2.0,97.0,53.0,41.0,23.0,15.0,8.0,10.0,9.0,3.0,94.0,66.0,44.0,11.0,14.0,7.0,10.0
2014-440,'s-Hertogenbosch,Grass,32,250,O,20140615,13,SC56,,,Dudi Sela,R,175.0,ISR,29.196,107.0,541.0,PD31,,,Benoit Paire,R,196.0,FRA,25.103,70.0,715.0,6-4 7-6(2),3,R32,77.0,3.0,3.0,73.0,54.0,40.0,12.0,11.0,3.0,4.0,7.0,0.0,67.0,42.0,29.0,14.0,11.0,2.0,4.0
2014-440,'s-Hertogenbosch,Grass,32,250,O,20140615,14,SL28,,,Jan-Lennard Struff,R,193.0,GER,24.14,65.0,763.0,R685,,,Lukas Rosol,R,193.0,CZE,28.893,50.0,865.0,6-4 6-2,3,R32,59.0,5.0,2.0,54.0,33.0,26.0,10.0,9.0,2.0,3.0,4.0,3.0,49.0,31.0,17.0,8.0,9.0,0.0,4.0
2014-440,'s-Hertogenbosch,Grass,32,250,O,20140615,15,PD07,6.0,,Vasek Pospisil,R,193.0,CAN,23.978,35.0,1145.0,L987,,,Dusan Lajovic,R,183.0,SRB,23.959,84.0,650.0,6-4 7-5,3,R32,86.0,7.0,2.0,66.0,41.0,34.0,14.0,11.0,2.0,2.0,3.0,1.0,63.0,46.0,31.0,9.0,11.0,4.0,6.0
2014-440,'s-Hertogenbosch,Grass,32,250,O,20140615,16,M873,7.0,,Nicolas Mahut,R,191.0,FRA,32.397,41.0,1077.0,CG33,,WC,Kimmer Coppejans,R,178.0,BEL,20.35,205.0,243.0,6-3 3-6 6-3,3,R32,99.0,9.0,4.0,76.0,48.0,38.0,16.0,14.0,2.0,4.0,4.0,3.0,81.0,51.0,33.0,18.0,13.0,6.0,9.0
2014-440,'s-Hertogenbosch,Grass,32,250,O,20140615,17,SH90,,Q,Joao Sousa,R,185.0,POR,25.21,48.0,944.0,PF00,,Q,Mate Pavic,L,191.0,CRO,20.947,475.0,79.0,6-2 6-4,3,R16,60.0,5.0,0.0,41.0,25.0,22.0,14.0,9.0,0.0,0.0,5.0,3.0,66.0,43.0,27.0,9.0,9.0,2.0,5.0
2014-440,'s-Hertogenbosch,Grass,32,250,O,20140615,18,D776,,WC,Thiemo de Bakker,R,193.0,NED,25.736,143.0,405.0,T315,5.0,,Dmitry Tursunov,R,185.0,RUS,31.507,32.0,1200.0,W/O,3,R16,,5.0,0.0,41.0,25.0,22.0,14.0,9.0,0.0,0.0,5.0,3.0,66.0,43.0,27.0,9.0,9.0,2.0,5.0
2014-440,'s-Hertogenbosch,Grass,32,250,O,20140615,19,B896,,,Benjamin Becker,R,178.0,GER,32.997,83.0,653.0,SC56,,,Dudi Sela,R,175.0,ISR,29.196,107.0,541.0,6-2 7-5,3,R16,76.0,8.0,4.0,61.0,41.0,30.0,6.0,10.0,2.0,6.0,1.0,2.0,76.0,45.0,19.0,12.0,10.0,6.0,13.0
2014-440,'s-Hertogenbosch,Grass,32,250,O,20140615,20,PD07,6.0,,Vasek Pospisil,R,193.0,CAN,23.978,35.0,1145.0,SL28,,,Jan-Lennard Struff,R,193.0,GER,24.14,65.0,763.0,6-4 6-2,3,R16,65.0,11.0,2.0,54.0,35.0,29.0,9.0,9.0,2.0,3.0,2.0,1.0,53.0,35.0,21.0,9.0,9.0,2.0,6.0
2014-440,'s-Hertogenbosch,Grass,32,250,O,20140615,21,M873,7.0,,Nicolas Mahut,R,191.0,FRA,32.397,41.0,1077.0,J386,,,Steve Johnson,R,188.0,USA,24.474,68.0,722.0,6-2 7-6(4),3,R16,72.0,14.0,2.0,54.0,36.0,33.0,11.0,10.0,0.0,0.0,6.0,2.0,63.0,41.0,30.0,11.0,10.0,3.0,5.0
2014-440,'s-Hertogenbosch,Grass,32,250,O,20140615,22,BD06,3.0,,Roberto Bautista Agut,R,183.0,ESP,26.168,28.0,1375.0,E690,,,Matthew Ebden,R,188.0,AUS,26.552,86.0,618.0,7-5 7-6(1),3,R16,106.0,1.0,0.0,76.0,56.0,39.0,12.0,12.0,2.0,5.0,6.0,8.0,83.0,54.0,36.0,11.0,12.0,3.0,7.0
2014-440,'s-Hertogenbosch,Grass,32,250,O,20140615,23,M762,8.0,,Jurgen Melzer,L,183.0,AUT,33.065,52.0,860.0,L797,,Q,Lukas Lacko,R,188.0,SVK,26.615,87.0,617.0,5-7 6-3 6-3,3,R16,116.0,4.0,0.0,92.0,68.0,48.0,14.0,15.0,4.0,6.0,8.0,4.0,85.0,54.0,35.0,17.0,15.0,3.0,7.0
2014-440,'s-Hertogenbosch,Grass,32,250,O,20140615,24,V306,2.0,,Fernando Verdasco,L,188.0,ESP,30.582,23.0,1555.0,H704,,WC,Jesse Huta Galung,R,,NED,28.69,146.0,400.0,7-5 6-3,3,R16,72.0,7.0,3.0,62.0,40.0,34.0,12.0,11.0,1.0,1.0,3.0,1.0,55.0,37.0,25.0,11.0,10.0,4.0,6.0
2014-440,'s-Hertogenbosch,Grass,32,250,O,20140615,25,SH90,,Q,Joao Sousa,R,185.0,POR,25.21,48.0,944.0,D776,,WC,Thiemo de Bakker,R,193.0,NED,25.736,143.0,405.0,6-4 6-2,3,QF,58.0,3.0,1.0,50.0,35.0,26.0,12.0,9.0,1.0,1.0,5.0,1.0,50.0,32.0,23.0,5.0,9.0,3.0,6.0
2014-440,'s-Hertogenbosch,Grass,32,250,O,20140615,26,B896,,,Benjamin Becker,R,178.0,GER,32.997,83.0,653.0,PD07,6.0,,Vasek Pospisil,R,193.0,CAN,23.978,35.0,1145.0,6-7(3) 7-6(5) 6-4,3,QF,164.0,8.0,5.0,124.0,78.0,61.0,21.0,17.0,3.0,4.0,13.0,6.0,123.0,72.0,49.0,33.0,17.0,7.0,9.0
2014-440,'s-Hertogenbosch,Grass,32,250,O,20140615,27,BD06,3.0,,Roberto Bautista Agut,R,183.0,ESP,26.168,28.0,1375.0,M873,7.0,,Nicolas Mahut,R,191.0,FRA,32.397,41.0,1077.0,6-3 4-6 6-3,3,QF,122.0,0.0,3.0,89.0,64.0,38.0,17.0,14.0,5.0,9.0,6.0,5.0,83.0,48.0,28.0,17.0,14.0,5.0,11.0
2014-440,'s-Hertogenbosch,Grass,32,250,O,20140615,28,M762,8.0,,Jurgen Melzer,L,183.0,AUT,33.065,52.0,860.0,V306,2.0,,Fernando Verdasco,L,188.0,ESP,30.582,23.0,1555.0,7-6(3) 6-7(6) 7-6(9),3,QF,185.0,5.0,3.0,143.0,101.0,68.0,28.0,18.0,6.0,8.0,11.0,9.0,144.0,89.0,68.0,24.0,18.0,7.0,9.0
2014-440,'s-Hertogenbosch,Grass,32,250,O,20140615,29,B896,,,Benjamin Becker,R,178.0,GER,32.997,83.0,653.0,SH90,,Q,Joao Sousa,R,185.0,POR,25.21,48.0,944.0,6-3 7-6(3),3,SF,88.0,13.0,2.0,75.0,45.0,36.0,17.0,11.0,4.0,5.0,6.0,1.0,60.0,42.0,29.0,9.0,10.0,2.0,4.0
2014-440,'s-Hertogenbosch,Grass,32,250,O,20140615,30,BD06,3.0,,Roberto Bautista Agut,R,183.0,ESP,26.168,28.0,1375.0,M762,8.0,,Jurgen Melzer,L,183.0,AUT,33.065,52.0,860.0,4-6 6-2 7-6(4),3,SF,160.0,3.0,3.0,111.0,78.0,54.0,16.0,15.0,9.0,11.0,6.0,6.0,95.0,67.0,44.0,15.0,15.0,5.0,8.0
2014-440,'s-Hertogenbosch,Grass,32,250,O,20140615,31,BD06,3.0,,Roberto Bautista Agut,R,183.0,ESP,26.168,28.0,1375.0,B896,,,Benjamin Becker,R,178.0,GER,32.997,83.0,653.0,2-6 7-6(2) 6-4,3,F,120.0,2.0,1.0,86.0,61.0,47.0,14.0,15.0,0.0,2.0,13.0,1.0,92.0,62.0,47.0,17.0,15.0,3.0,4.0
2014-741,Eastbourne,Grass,28,250,O,20140616,1,TA46,,,Bernard Tomic,R,196.0,AUS,21.651,82.0,656.0,G806,,,Andrey Golubev,R,180.0,KAZ,26.902,55.0,852.0,6-4 6-4,3,R32,68.0,12.0,3.0,57.0,37.0,33.0,12.0,10.0,4.0,4.0,7.0,2.0,74.0,54.0,38.0,6.0,10.0,8.0,10.0
2014-741,Eastbourne,Grass,28,250,O,20140616,2,SD32,6.0,,Gilles Simon,R,183.0,FRA,29.467,36.0,1135.0,G621,,Q,Chris Guccione,L,201.0,AUS,28.879,613.0,45.0,7-6(2) 6-4,3,R32,66.0,15.0,4.0,61.0,33.0,31.0,19.0,11.0,1.0,1.0,13.0,1.0,68.0,44.0,36.0,10.0,11.0,2.0,3.0
2014-741,Eastbourne,Grass,28,250,O,20140616,3,B747,,,Julien Benneteau,R,185.0,FRA,32.487,47.0,945.0,L575,,,Yen-Hsun Lu,R,180.0,TPE,30.839,45.0,958.0,6-2 6-4,3,R32,73.0,8.0,1.0,59.0,41.0,29.0,11.0,9.0,1.0,1.0,4.0,3.0,48.0,31.0,20.0,10.0,9.0,6.0,9.0
2014-741,Eastbourne,Grass,28,250,O,20140616,4,Q927,,,Sam Querrey,R,198.0,USA,26.691,77.0,685.0,E831,,WC,Kyle Edmund,R,188.0,GBR,19.436,284.0,165.0,7-6(5) 6-3,3,R32,83.0,12.0,1.0,58.0,44.0,38.0,8.0,10.0,2.0,2.0,5.0,1.0,92.0,54.0,35.0,21.0,11.0,6.0,8.0
2014-741,Eastbourne,Grass,28,250,O,20140616,5,Y124,,,Donald Young,L,183.0,USA,24.898,69.0,719.0,W503,,WC,James Ward,R,188.0,GBR,27.348,155.0,371.0,6-3 6-2,3,R32,63.0,1.0,1.0,48.0,27.0,23.0,14.0,9.0,0.0,0.0,1.0,1.0,56.0,41.0,20.0,8.0,8.0,7.0,10.0
2014-741,Eastbourne,Grass,28,250,O,20140616,6,K966,,,Martin Klizan,L,191.0,SVK,24.931,57.0,840.0,D874,8.0,,Federico Delbonis,L,193.0,ARG,23.696,39.0,1099.0,6-4 6-4,3,R32,70.0,4.0,2.0,62.0,34.0,28.0,15.0,10.0,0.0,0.0,2.0,2.0,52.0,35.0,26.0,11.0,10.0,2.0,4.0
2014-741,Eastbourne,Grass,28,250,O,20140616,7,I165,,,Denis Istomin,R,185.0,UZB,27.773,49.0,915.0,K926,,,Mikhail Kukushkin,R,183.0,KAZ,26.472,58.0,835.0,7-6(6) 6-7(7) 6-3,3,R32,158.0,12.0,0.0,121.0,85.0,64.0,23.0,17.0,6.0,7.0,7.0,1.0,126.0,75.0,55.0,30.0,16.0,7.0,9.0
2014-741,Eastbourne,Grass,28,250,O,20140616,8,R613,,,Edouard Roger-Vasselin,R,185.0,FRA,30.549,53.0,860.0,KB54,,Q,Andrey Kuznetsov,R,183.0,RUS,23.313,114.0,527.0,6-3 6-4,3,R32,73.0,4.0,3.0,60.0,40.0,32.0,10.0,10.0,2.0,3.0,5.0,1.0,71.0,47.0,29.0,10.0,9.0,7.0,10.0
2014-741,Eastbourne,Grass,28,250,O,20140616,9,N289,,,Jarkko Nieminen,L,185.0,FIN,32.898,63.0,790.0,G725,7.0,,Santiago Giraldo,R,188.0,COL,26.552,37.0,1118.0,6-3 6-7(5) 6-3,3,R32,101.0,8.0,0.0,93.0,66.0,47.0,20.0,16.0,4.0,5.0,10.0,4.0,93.0,57.0,47.0,12.0,14.0,1.0,4.0
2014-741,Eastbourne,Grass,28,250,O,20140616,10,CA12,,,Jeremy Chardy,R,188.0,FRA,27.34,43.0,1015.0,K336,5.0,,Ivo Karlovic,R,211.0,CRO,35.296,33.0,1181.0,6-4 6-4,3,R32,65.0,9.0,1.0,51.0,35.0,29.0,13.0,10.0,1.0,1.0,14.0,8.0,59.0,40.0,34.0,4.0,10.0,3.0,5.0
2014-741,Eastbourne,Grass,28,250,O,20140616,11,B884,,,Carlos Berlocq,R,183.0,ARG,31.365,44.0,1010.0,RA51,,Q,Blaz Rola,L,193.0,SLO,23.696,91.0,602.0,6-2 3-1 RET,3,R32,47.0,6.0,0.0,33.0,23.0,18.0,7.0,6.0,2.0,2.0,2.0,1.0,40.0,25.0,14.0,7.0,6.0,1.0,4.0
2014-741,Eastbourne,Grass,28,250,O,20140616,12,K839,,Q,Tobias Kamke,R,178.0,GER,28.071,90.0,607.0,E687,,WC,Daniel Evans,R,175.0,GBR,24.066,144.0,404.0,6-2 6-3,3,R32,66.0,6.0,2.0,53.0,35.0,28.0,11.0,9.0,2.0,2.0,2.0,3.0,56.0,31.0,20.0,11.0,8.0,3.0,6.0
2014-741,Eastbourne,Grass,28,250,O,20140616,13,G628,1.0,,Richard Gasquet,R,183.0,FRA,27.995,14.0,2310.0,TA46,,,Bernard Tomic,R,196.0,AUS,21.651,82.0,656.0,6-4 3-6 6-3,3,R16,103.0,8.0,1.0,99.0,73.0,54.0,11.0,14.0,9.0,10.0,16.0,0.0,73.0,52.0,44.0,10.0,14.0,3.0,5.0
2014-741,Eastbourne,Grass,28,250,O,20140616,14,K966,,,Martin Klizan,L,191.0,SVK,24.931,57.0,840.0,Y124,,,Donald Young,L,183.0,USA,24.898,69.0,719.0,7-6(4) 6-4,3,R16,93.0,3.0,2.0,71.0,38.0,27.0,19.0,11.0,4.0,6.0,4.0,2.0,68.0,46.0,32.0,11.0,11.0,3.0,6.0
2014-741,Eastbourne,Grass,28,250,O,20140616,15,I165,,,Denis Istomin,R,185.0,UZB,27.773,49.0,915.0,G476,4.0,,Guillermo Garcia-Lopez,R,185.0,ESP,31.034,31.0,1233.0,6-2 7-5,3,R16,89.0,7.0,1.0,68.0,46.0,35.0,10.0,10.0,6.0,7.0,5.0,5.0,67.0,41.0,30.0,7.0,10.0,6.0,10.0
2014-741,Eastbourne,Grass,28,250,O,20140616,16,R613,,,Edouard Roger-Vasselin,R,185.0,FRA,30.549,53.0,860.0,N289,,,Jarkko Nieminen,L,185.0,FIN,32.898,63.0,790.0,6-2 7-6(4),3,R16,77.0,7.0,4.0,72.0,48.0,38.0,11.0,10.0,4.0,5.0,11.0,1.0,69.0,46.0,33.0,8.0,10.0,0.0,3.0
2014-741,Eastbourne,Grass,28,250,O,20140616,17,CA12,,,Jeremy Chardy,R,188.0,FRA,27.34,43.0,1015.0,B884,,,Carlos Berlocq,R,183.0,ARG,31.365,44.0,1010.0,6-4 7-5,3,R16,94.0,7.0,2.0,64.0,35.0,30.0,17.0,11.0,5.0,6.0,1.0,3.0,65.0,42.0,28.0,13.0,11.0,3.0,6.0
2014-741,Eastbourne,Grass,28,250,O,20140616,18,L397,3.0,,Feliciano Lopez,L,188.0,ESP,32.736,25.0,1455.0,K839,,Q,Tobias Kamke,R,178.0,GER,28.071,90.0,607.0,7-6(10) 7-5,3,R16,121.0,10.0,1.0,72.0,47.0,39.0,12.0,12.0,2.0,4.0,3.0,4.0,113.0,76.0,47.0,19.0,12.0,11.0,14.0
2014-741,Eastbourne,Grass,28,250,O,20140616,19,B747,,,Julien Benneteau,R,185.0,FRA,32.487,47.0,945.0,SD32,6.0,,Gilles Simon,R,183.0,FRA,29.467,36.0,1135.0,6-3 6-4,3,R16,60.0,7.0,2.0,51.0,36.0,31.0,10.0,10.0,2.0,2.0,8.0,5.0,55.0,33.0,23.0,10.0,9.0,5.0,7.0
2014-741,Eastbourne,Grass,28,250,O,20140616,20,Q927,,,Sam Querrey,R,198.0,USA,26.691,77.0,685.0,E224,,LL,Victor Estrella Burgos,R,170.0,DOM,33.87,92.0,600.0,7-5 RET,3,R16,40.0,6.0,1.0,32.0,21.0,19.0,7.0,6.0,0.0,0.0,2.0,0.0,36.0,25.0,17.0,8.0,6.0,0.0,1.0
2014-741,Eastbourne,Grass,28,250,O,20140616,21,G628,1.0,,Richard Gasquet,R,183.0,FRA,27.995,14.0,2310.0,K966,,,Martin Klizan,L,191.0,SVK,24.931,57.0,840.0,6-3 6-4,3,QF,69.0,7.0,1.0,57.0,45.0,35.0,8.0,10.0,2.0,2.0,5.0,1.0,50.0,27.0,23.0,10.0,9.0,2.0,4.0
2014-741,Eastbourne,Grass,28,250,O,20140616,22,I165,,,Denis Istomin,R,185.0,UZB,27.773,49.0,915.0,R613,,,Edouard Roger-Vasselin,R,185.0,FRA,30.549,53.0,860.0,7-6(5) 6-2,3,QF,77.0,4.0,2.0,59.0,40.0,34.0,11.0,10.0,1.0,2.0,2.0,1.0,64.0,43.0,28.0,11.0,10.0,2.0,5.0
2014-741,Eastbourne,Grass,28,250,O,20140616,23,L397,3.0,,Feliciano Lopez,L,188.0,ESP,32.736,25.0,1455.0,CA12,,,Jeremy Chardy,R,188.0,FRA,27.34,43.0,1015.0,6-3 6-4,3,QF,63.0,7.0,0.0,53.0,39.0,33.0,8.0,10.0,0.0,0.0,10.0,2.0,55.0,38.0,29.0,5.0,9.0,5.0,7.0
2014-741,Eastbourne,Grass,28,250,O,20140616,24,Q927,,,Sam Querrey,R,198.0,USA,26.691,77.0,685.0,B747,,,Julien Benneteau,R,185.0,FRA,32.487,47.0,945.0,7-6(5) 6-4,3,QF,83.0,16.0,3.0,67.0,41.0,37.0,14.0,11.0,3.0,3.0,5.0,5.0,76.0,51.0,38.0,13.0,11.0,3.0,4.0
2014-741,Eastbourne,Grass,28,250,O,20140616,25,G628,1.0,,Richard Gasquet,R,183.0,FRA,27.995,14.0,2310.0,I165,,,Denis Istomin,R,185.0,UZB,27.773,49.0,915.0,6-4 6-2,3,SF,71.0,3.0,2.0,60.0,38.0,30.0,12.0,9.0,3.0,3.0,6.0,0.0,53.0,41.0,26.0,6.0,9.0,3.0,6.0
2014-741,Eastbourne,Grass,28,250,O,20140616,26,L397,3.0,,Feliciano Lopez,L,188.0,ESP,32.736,25.0,1455.0,Q927,,,Sam Querrey,R,198.0,USA,26.691,77.0,685.0,6-4 7-6(4),3,SF,78.0,12.0,3.0,67.0,45.0,41.0,11.0,11.0,1.0,1.0,15.0,4.0,66.0,44.0,36.0,10.0,11.0,3.0,4.0
2014-741,Eastbourne,Grass,28,250,O,20140616,27,L397,3.0,,Feliciano Lopez,L,188.0,ESP,32.736,25.0,1455.0,G628,1.0,,Richard Gasquet,R,183.0,FRA,27.995,14.0,2310.0,6-3 6-7(5) 7-5,3,F,133.0,14.0,3.0,107.0,65.0,47.0,26.0,16.0,5.0,6.0,9.0,2.0,92.0,63.0,47.0,19.0,17.0,2.0,6.0
2014-540,Wimbledon,Grass,128,G,O,20140623,1,D643,1.0,,Novak Djokovic,R,188.0,SRB,27.088,2.0,12330.0,G806,,,Andrey Golubev,R,180.0,KAZ,26.921,56.0,852.0,6-0 6-1 6-4,5,R128,88.0,7.0,0.0,62.0,41.0,33.0,15.0,12.0,0.0,0.0,1.0,3.0,87.0,50.0,25.0,18.0,11.0,9.0,15.0
2014-540,Wimbledon,Grass,128,G,O,20140623,2,SC77,,,Sergiy Stakhovsky,R,193.0,UKR,28.46,90.0,610.0,B884,,,Carlos Berlocq,R,183.0,ARG,31.384,43.0,1010.0,6-3 6-3 6-3,5,R128,92.0,11.0,1.0,66.0,49.0,40.0,11.0,13.0,1.0,2.0,2.0,1.0,90.0,61.0,38.0,12.0,14.0,11.0,17.0
2014-540,Wimbledon,Grass,128,G,O,20140623,3,CA12,,,Jeremy Chardy,R,188.0,FRA,27.359,42.0,1015.0,CB14,,WC,Daniel Cox,R,170.0,GBR,23.734,214.0,226.0,6-2 7-6(3) 6-7(6) 6-3,5,R128,157.0,23.0,5.0,117.0,72.0,55.0,28.0,20.0,6.0,9.0,12.0,6.0,144.0,96.0,64.0,21.0,21.0,10.0,17.0
2014-540,Wimbledon,Grass,128,G,O,20140623,4,ME05,,,Marinko Matosevic,R,193.0,AUS,28.873,58.0,827.0,V306,18.0,,Fernando Verdasco,L,188.0,ESP,30.604,24.0,1555.0,6-4 4-6 6-4 6-2,5,R128,136.0,11.0,2.0,113.0,74.0,56.0,22.0,19.0,6.0,8.0,14.0,8.0,112.0,64.0,47.0,20.0,19.0,7.0,12.0
2014-540,Wimbledon,Grass,128,G,O,20140623,5,C977,26.0,,Marin Cilic,R,198.0,CRO,25.733,29.0,1350.0,M850,,,Paul-Henri Mathieu,R,185.0,FRA,32.444,89.0,611.0,6-4 6-7(2) 6-2 6-1,5,R128,151.0,27.0,3.0,107.0,66.0,57.0,23.0,19.0,3.0,4.0,5.0,4.0,130.0,80.0,55.0,23.0,18.0,16.0,22.0
2014-540,Wimbledon,Grass,128,G,O,20140623,6,H804,,,Andreas Haider-Maurer,R,191.0,AUT,27.255,95.0,589.0,E831,,WC,Kyle Edmund,R,188.0,GBR,19.455,320.0,145.0,6-3 7-6(4) 6-2,5,R128,110.0,7.0,4.0,88.0,54.0,45.0,17.0,14.0,5.0,6.0,12.0,5.0,100.0,55.0,39.0,20.0,15.0,6.0,11.0
2014-540,Wimbledon,Grass,128,G,O,20140623,7,TA46,,,Bernard Tomic,R,196.0,AUS,21.67,86.0,631.0,D864,,,Evgeny Donskoy,R,185.0,RUS,24.123,114.0,526.0,6-4 6-3 6-2,5,R128,87.0,11.0,1.0,68.0,49.0,40.0,13.0,14.0,1.0,2.0,7.0,3.0,89.0,49.0,31.0,17.0,13.0,5.0,10.0
2014-540,Wimbledon,Grass,128,G,O,20140623,8,BA47,6.0,,Tomas Berdych,R,196.0,CZE,28.764,6.0,4680.0,H528,,,Victor Hanescu,R,198.0,ROU,32.923,104.0,552.0,6-7(5) 6-1 6-4 6-3,5,R128,176.0,22.0,3.0,112.0,72.0,54.0,30.0,19.0,3.0,3.0,10.0,2.0,166.0,131.0,83.0,14.0,19.0,20.0,25.0
2014-540,Wimbledon,Grass,128,G,O,20140623,9,MC10,3.0,,Andy Murray,R,191.0,GBR,27.107,5.0,4680.0,GB88,,,David Goffin,R,180.0,BEL,23.543,105.0,548.0,6-1 6-4 7-5,5,R128,122.0,8.0,1.0,78.0,55.0,47.0,14.0,15.0,2.0,2.0,2.0,4.0,95.0,55.0,35.0,19.0,14.0,4.0,8.0
2014-540,Wimbledon,Grass,128,G,O,20140623,10,RA51,,,Blaz Rola,L,193.0,SLO,23.715,92.0,596.0,A596,,,Pablo Andujar,R,180.0,ESP,28.413,80.0,666.0,6-3 6-1 6-4,5,R128,101.0,4.0,4.0,80.0,51.0,41.0,15.0,13.0,6.0,7.0,1.0,3.0,83.0,49.0,28.0,15.0,13.0,6.0,12.0
2014-540,Wimbledon,Grass,128,G,O,20140623,11,H442,,Q,Jan Hernych,R,188.0,CZE,34.962,285.0,165.0,K839,,,Tobias Kamke,R,178.0,GER,28.09,87.0,629.0,6-3 6-7(5) 6-3 5-7 6-4,5,R128,199.0,18.0,0.0,182.0,135.0,99.0,23.0,27.0,11.0,14.0,7.0,7.0,151.0,105.0,76.0,21.0,25.0,5.0,10.0
2014-540,Wimbledon,Grass,128,G,O,20140623,12,S694,,,Radek Stepanek,R,185.0,CZE,35.57,38.0,1085.0,C882,,,Pablo Cuevas,R,180.0,URU,28.474,112.0,531.0,6-2 6-4 6-4,5,R128,108.0,10.0,2.0,68.0,49.0,44.0,12.0,14.0,0.0,0.0,3.0,4.0,105.0,64.0,41.0,21.0,14.0,12.0,16.0
2014-540,Wimbledon,Grass,128,G,O,20140623,13,BD06,27.0,,Roberto Bautista Agut,R,183.0,ESP,26.19,23.0,1580.0,J386,,,Steve Johnson,R,188.0,USA,24.496,70.0,727.0,6-3 6-7(3) 6-4 7-5,5,R128,170.0,3.0,1.0,135.0,100.0,73.0,23.0,22.0,8.0,9.0,10.0,7.0,132.0,77.0,56.0,28.0,21.0,3.0,7.0
2014-540,Wimbledon,Grass,128,G,O,20140623,14,A678,20.0,,Kevin Anderson,R,203.0,RSA,28.099,18.0,1745.0,BH09,,LL,Aljaz Bedene,R,183.0,SLO,24.931,140.0,416.0,6-3 7-5 6-2,5,R128,108.0,23.0,3.0,98.0,69.0,59.0,12.0,15.0,8.0,8.0,9.0,2.0,78.0,43.0,34.0,14.0,14.0,1.0,5.0
2014-540,Wimbledon,Grass,128,G,O,20140623,15,R613,,,Edouard Roger-Vasselin,R,185.0,FRA,30.568,50.0,885.0,V254,,,Filippo Volandri,R,183.0,ITA,32.797,117.0,523.0,7-6(1) 6-2 6-4,5,R128,98.0,12.0,2.0,84.0,53.0,39.0,21.0,15.0,3.0,6.0,2.0,3.0,94.0,66.0,39.0,10.0,15.0,1.0,7.0
2014-540,Wimbledon,Grass,128,G,O,20140623,16,PC68,,Q,Tim Puetz,R,185.0,GER,26.593,251.0,191.0,G681,,,Teymuraz Gabashvili,R,185.0,GEO,29.084,61.0,798.0,2-6 6-4 6-2 6-2,5,R128,137.0,19.0,5.0,92.0,56.0,44.0,19.0,17.0,3.0,6.0,6.0,4.0,115.0,70.0,42.0,21.0,17.0,7.0,13.0
2014-540,Wimbledon,Grass,128,G,O,20140623,17,F510,16.0,,Fabio Fognini,R,178.0,ITA,27.083,15.0,2155.0,K737,,Q,Alex Kuznetsov,R,183.0,USA,27.379,148.0,394.0,2-6 1-6 6-4 6-1 9-7,5,R128,189.0,9.0,7.0,157.0,94.0,66.0,27.0,24.0,11.0,17.0,20.0,3.0,143.0,90.0,66.0,24.0,24.0,8.0,14.0
2014-540,Wimbledon,Grass,128,G,O,20140623,18,D875,11.0,,Grigor Dimitrov,R,191.0,BUL,23.105,13.0,2595.0,H940,,Q,Ryan Harrison,R,185.0,USA,22.127,150.0,386.0,7-6(1) 6-3 6-2,5,R128,101.0,4.0,3.0,83.0,51.0,42.0,21.0,14.0,4.0,4.0,9.0,4.0,87.0,53.0,36.0,13.0,15.0,3.0,7.0
2014-540,Wimbledon,Grass,128,G,O,20140623,19,SM09,,Q,Luke Saville,R,188.0,AUS,20.471,236.0,204.0,TB69,,,Dominic Thiem,R,185.0,AUT,20.802,57.0,851.0,7-5 6-4 3-6 6-4,5,R128,174.0,14.0,4.0,146.0,90.0,62.0,31.0,20.0,9.0,12.0,7.0,2.0,128.0,85.0,52.0,26.0,21.0,6.0,11.0
2014-540,Wimbledon,Grass,128,G,O,20140623,20,B896,,,Benjamin Becker,R,178.0,GER,33.018,65.0,783.0,Y124,,,Donald Young,L,183.0,USA,24.917,69.0,732.0,6-4 6-3 6-4,5,R128,99.0,13.0,4.0,92.0,66.0,52.0,13.0,14.0,5.0,5.0,7.0,0.0,90.0,60.0,41.0,12.0,15.0,10.0,14.0
2014-540,Wimbledon,Grass,128,G,O,20140623,21,D801,21.0,,Alexandr Dolgopolov,R,180.0,UKR,25.624,19.0,1680.0,G940,,Q,Sam Groth,R,193.0,AUS,26.678,124.0,471.0,7-5 7-6(2) 7-6(5),5,R128,115.0,14.0,1.0,105.0,78.0,63.0,19.0,18.0,0.0,0.0,24.0,3.0,113.0,76.0,64.0,18.0,18.0,3.0,4.0
2014-540,Wimbledon,Grass,128,G,O,20140623,22,MD56,,,Leonardo Mayer,R,191.0,ARG,27.107,64.0,784.0,SA93,25.0,,Andreas Seppi,R,191.0,ITA,30.335,36.0,1105.0,6-3 2-6 4-6 7-6(5) 6-4,5,R128,195.0,22.0,5.0,162.0,97.0,70.0,36.0,24.0,6.0,9.0,6.0,5.0,142.0,89.0,74.0,27.0,25.0,5.0,8.0
2014-540,Wimbledon,Grass,128,G,O,20140623,23,SD32,,,Gilles Simon,R,183.0,FRA,29.487,44.0,1005.0,K776,,Q,Konstantin Kravchuk,R,191.0,RUS,29.328,221.0,221.0,6-2 7-6(4) 7-5,5,R128,128.0,8.0,1.0,98.0,54.0,44.0,30.0,16.0,1.0,1.0,3.0,0.0,99.0,68.0,49.0,15.0,16.0,2.0,5.0
2014-540,Wimbledon,Grass,128,G,O,20140623,24,B837,,WC,Marcos Baghdatis,R,178.0,CYP,29.016,119.0,515.0,BA65,,,Dustin Brown,R,196.0,JAM,29.539,79.0,668.0,6-4 7-5 2-6 7-6(4),5,R128,137.0,13.0,5.0,127.0,77.0,59.0,27.0,21.0,2.0,5.0,14.0,3.0,142.0,102.0,73.0,19.0,21.0,9.0,12.0
2014-540,Wimbledon,Grass,128,G,O,20140623,25,KB54,,,Andrey Kuznetsov,R,183.0,RUS,23.332,118.0,519.0,E687,,WC,Daniel Evans,R,175.0,GBR,24.085,143.0,404.0,6-1 7-5 3-6 7-6(5),5,R128,145.0,19.0,0.0,132.0,83.0,65.0,23.0,20.0,3.0,5.0,15.0,7.0,121.0,73.0,56.0,18.0,20.0,5.0,9.0
2014-540,Wimbledon,Grass,128,G,O,20140623,26,F401,7.0,,David Ferrer,R,175.0,ESP,32.225,7.0,4190.0,CD85,,,Pablo Carreno Busta,R,188.0,ESP,22.949,60.0,809.0,6-0 6-7(3) 6-1 6-1,5,R128,143.0,10.0,3.0,116.0,88.0,62.0,13.0,16.0,9.0,11.0,11.0,1.0,100.0,71.0,41.0,8.0,16.0,5.0,15.0
2014-540,Wimbledon,Grass,128,G,O,20140623,27,W367,5.0,,Stan Wawrinka,R,183.0,SUI,29.238,3.0,5420.0,SH90,,,Joao Sousa,R,185.0,POR,25.232,41.0,1030.0,6-3 6-4 6-3,5,R128,95.0,18.0,2.0,80.0,51.0,44.0,16.0,14.0,0.0,0.0,0.0,0.0,90.0,66.0,45.0,12.0,14.0,8.0,12.0
2014-540,Wimbledon,Grass,128,G,O,20140623,28,L575,,,Yen-Hsun Lu,R,180.0,TPE,30.858,47.0,958.0,N503,,,Aleksandr Nedovyesov,R,188.0,KAZ,27.351,102.0,560.0,6-4 4-6 6-4 1-6 6-1,5,R128,159.0,9.0,5.0,134.0,94.0,70.0,21.0,22.0,12.0,15.0,22.0,2.0,125.0,85.0,67.0,15.0,22.0,2.0,6.0
2014-540,Wimbledon,Grass,128,G,O,20140623,29,R782,,,Julian Reister,R,188.0,GER,28.225,110.0,535.0,R368,,,Michael Russell,R,173.0,USA,36.145,94.0,593.0,6-4 6-4 6-7(5) 4-6 7-5,5,R128,230.0,16.0,7.0,195.0,145.0,106.0,18.0,27.0,24.0,28.0,8.0,8.0,180.0,116.0,79.0,33.0,27.0,16.0,22.0
2014-540,Wimbledon,Grass,128,G,O,20140623,30,I165,,,Denis Istomin,R,185.0,UZB,27.792,45.0,985.0,T315,32.0,,Dmitry Tursunov,R,185.0,RUS,31.529,31.0,1200.0,7-5 6-4 3-6 6-2,5,R128,143.0,16.0,1.0,95.0,65.0,57.0,16.0,19.0,1.0,3.0,11.0,6.0,159.0,103.0,61.0,32.0,20.0,15.0,20.0
2014-540,Wimbledon,Grass,128,G,O,20140623,31,L397,19.0,,Feliciano Lopez,L,188.0,ESP,32.756,26.0,1455.0,SE73,,Q,Yuichi Sugita,R,175.0,JPN,25.76,145.0,399.0,7-6(6) 7-6(6) 7-6(7),5,R128,165.0,20.0,5.0,116.0,69.0,59.0,27.0,18.0,6.0,7.0,18.0,5.0,147.0,95.0,71.0,23.0,18.0,3.0,4.0
2014-540,Wimbledon,Grass,128,G,O,20140623,32,PC78,,Q,Ante Pavic,R,196.0,CRO,25.295,163.0,345.0,F444,,,Alejandro Falla,L,185.0,COL,30.606,55.0,853.0,6-4 6-3 7-5,5,R128,104.0,18.0,6.0,106.0,65.0,47.0,22.0,16.0,8.0,10.0,5.0,6.0,86.0,52.0,35.0,17.0,15.0,5.0,10.0
2014-540,Wimbledon,Grass,128,G,O,20140623,33,N289,,,Jarkko Nieminen,L,185.0,FIN,32.917,62.0,790.0,D874,,,Federico Delbonis,L,193.0,ARG,23.715,37.0,1099.0,6-3 7-6(3) 7-5,5,R128,107.0,4.0,0.0,92.0,67.0,58.0,16.0,17.0,1.0,1.0,7.0,3.0,93.0,55.0,45.0,19.0,16.0,4.0,6.0
2014-540,Wimbledon,Grass,128,G,O,20140623,34,H756,,,Robin Haase,R,191.0,NED,27.214,53.0,865.0,PD07,31.0,,Vasek Pospisil,R,193.0,CAN,24.0,33.0,1170.0,7-6(6) 4-6 7-5 6-3,5,R128,158.0,12.0,2.0,134.0,84.0,70.0,28.0,22.0,4.0,5.0,21.0,6.0,126.0,77.0,64.0,25.0,21.0,2.0,4.0
2014-540,Wimbledon,Grass,128,G,O,20140623,35,I186,9.0,,John Isner,R,208.0,USA,29.158,11.0,2690.0,SI57,,WC,Daniel Smethurst,R,188.0,GBR,23.693,234.0,205.0,7-5 6-3 6-4,5,R128,110.0,26.0,1.0,90.0,66.0,54.0,14.0,16.0,7.0,7.0,4.0,6.0,97.0,58.0,43.0,20.0,15.0,5.0,8.0
2014-540,Wimbledon,Grass,128,G,O,20140623,36,J397,15.0,,Jerzy Janowicz,R,203.0,POL,23.608,25.0,1510.0,D616,,,Somdev Devvarman,R,180.0,IND,29.355,125.0,462.0,4-6 6-3 6-3 3-6 6-3,5,R128,184.0,8.0,19.0,133.0,71.0,58.0,30.0,23.0,7.0,11.0,14.0,4.0,152.0,78.0,60.0,33.0,23.0,6.0,12.0
2014-540,Wimbledon,Grass,128,G,O,20140623,37,H432,,,Lleyton Hewitt,R,178.0,AUS,33.325,48.0,950.0,P701,,,Michal Przysiezny,R,185.0,POL,30.349,120.0,512.0,6-2 6-7(14) 6-1 6-4,5,R128,182.0,8.0,4.0,121.0,67.0,50.0,29.0,19.0,2.0,5.0,15.0,5.0,146.0,86.0,55.0,22.0,18.0,11.0,19.0
2014-540,Wimbledon,Grass,128,G,O,20140623,38,ME82,,,Adrian Mannarino,L,180.0,FRA,25.982,81.0,664.0,R750,,,Pere Riba,R,183.0,ESP,26.209,82.0,662.0,6-2 6-3 6-4,5,R128,102.0,10.0,2.0,80.0,57.0,43.0,14.0,13.0,3.0,3.0,14.0,3.0,97.0,63.0,39.0,16.0,14.0,13.0,18.0
2014-540,Wimbledon,Grass,128,G,O,20140623,39,R419,23.0,,Tommy Robredo,R,180.0,ESP,32.145,22.0,1630.0,L797,,,Lukas Lacko,R,188.0,SVK,26.637,88.0,629.0,7-6(5) 1-6 6-2 6-4,5,R128,132.0,12.0,1.0,107.0,73.0,57.0,18.0,19.0,2.0,6.0,6.0,3.0,142.0,100.0,63.0,23.0,18.0,15.0,19.0
2014-540,Wimbledon,Grass,128,G,O,20140623,40,G710,30.0,,Marcel Granollers,R,191.0,ESP,28.197,30.0,1250.0,M873,,,Nicolas Mahut,R,191.0,FRA,32.419,54.0,860.0,6-4 7-6(6) 6-7(7) 6-4,5,R128,194.0,19.0,1.0,158.0,103.0,71.0,34.0,22.0,9.0,11.0,10.0,6.0,145.0,88.0,64.0,31.0,22.0,7.0,11.0
2014-540,Wimbledon,Grass,128,G,O,20140623,41,G725,,,Santiago Giraldo,R,188.0,COL,26.571,35.0,1118.0,G676,,,Daniel Gimeno-Traver,R,183.0,ESP,28.876,96.0,587.0,6-1 7-5 6-0,5,R128,89.0,3.0,1.0,71.0,48.0,40.0,10.0,12.0,3.0,4.0,4.0,3.0,81.0,50.0,29.0,10.0,12.0,5.0,12.0
2014-540,Wimbledon,Grass,128,G,O,20140623,42,MA30,,Q,Gilles Muller,L,193.0,LUX,31.124,103.0,555.0,B747,,,Julien Benneteau,R,185.0,FRA,32.507,46.0,970.0,6-4 7-6(6) 7-6(5),5,R128,136.0,28.0,5.0,97.0,64.0,62.0,18.0,17.0,1.0,1.0,17.0,7.0,114.0,76.0,61.0,20.0,17.0,5.0,6.0
2014-540,Wimbledon,Grass,128,G,O,20140623,43,F324,4.0,,Roger Federer,R,185.0,SUI,32.873,4.0,4945.0,L503,,,Paolo Lorenzi,R,183.0,ITA,32.52,83.0,653.0,6-1 6-1 6-3,5,R128,93.0,9.0,1.0,69.0,48.0,37.0,15.0,12.0,5.0,5.0,4.0,3.0,98.0,49.0,30.0,17.0,11.0,17.0,23.0
2014-540,Wimbledon,Grass,128,G,O,20140623,44,R975,8.0,,Milos Raonic,R,196.0,CAN,23.488,9.0,3245.0,E690,,,Matthew Ebden,R,188.0,AUS,26.574,85.0,632.0,6-2 6-4 6-4,5,R128,95.0,30.0,1.0,76.0,54.0,46.0,11.0,14.0,1.0,1.0,2.0,2.0,83.0,57.0,35.0,14.0,14.0,3.0,7.0
2014-540,Wimbledon,Grass,128,G,O,20140623,45,Y061,17.0,,Mikhail Youzhny,R,183.0,RUS,31.995,16.0,1790.0,W503,,WC,James Ward,R,188.0,GBR,27.368,154.0,371.0,6-2 6-2 6-1,5,R128,105.0,2.0,1.0,73.0,46.0,34.0,18.0,12.0,3.0,3.0,4.0,1.0,79.0,51.0,25.0,12.0,11.0,8.0,14.0
2014-540,Wimbledon,Grass,128,G,O,20140623,46,SM25,,,Jack Sock,R,191.0,USA,21.744,77.0,698.0,H996,,Q,Pierre-Hugues Herbert,R,188.0,FRA,23.266,130.0,447.0,6-7(5) 6-2 7-6(5) 6-4,5,R128,171.0,13.0,2.0,126.0,82.0,64.0,32.0,21.0,1.0,1.0,18.0,6.0,161.0,102.0,78.0,28.0,21.0,8.0,11.0
2014-540,Wimbledon,Grass,128,G,O,20140623,47,K540,,,Lukasz Kubot,R,191.0,POL,32.104,72.0,713.0,SL28,,,Jan-Lennard Struff,R,193.0,GER,24.162,66.0,766.0,7-6(6) 6-4 6-4,5,R128,148.0,25.0,6.0,118.0,72.0,55.0,27.0,16.0,7.0,7.0,14.0,2.0,99.0,63.0,49.0,18.0,16.0,5.0,7.0
2014-540,Wimbledon,Grass,128,G,O,20140623,48,L987,,,Dusan Lajovic,R,183.0,SRB,23.981,84.0,650.0,G476,28.0,,Guillermo Garcia-Lopez,R,185.0,ESP,31.053,34.0,1163.0,7-6(5) 6-2 3-6 3-6 6-3,5,R128,184.0,12.0,3.0,170.0,123.0,85.0,23.0,23.0,13.0,16.0,9.0,5.0,146.0,88.0,68.0,29.0,24.0,9.0,13.0
2014-540,Wimbledon,Grass,128,G,O,20140623,49,K435,22.0,,Philipp Kohlschreiber,R,178.0,GER,30.686,28.0,1440.0,SF36,,,Igor Sijsling,R,191.0,NED,26.847,59.0,818.0,6-4 6-4 6-2,5,R128,76.0,9.0,0.0,79.0,60.0,45.0,14.0,14.0,2.0,2.0,5.0,3.0,79.0,48.0,35.0,13.0,14.0,5.0,9.0
2014-540,Wimbledon,Grass,128,G,O,20140623,50,BA98,,LL,Simone Bolelli,R,183.0,ITA,28.706,132.0,445.0,I230,,Q,Tatsuma Ito,R,180.0,JPN,26.097,129.0,448.0,7-5 7-6(3) 3-6 7-6(5),5,R128,179.0,20.0,2.0,127.0,77.0,63.0,30.0,22.0,5.0,7.0,11.0,2.0,155.0,100.0,64.0,38.0,23.0,10.0,12.0
2014-540,Wimbledon,Grass,128,G,O,20140623,51,KB09,,Q,Denis Kudla,R,180.0,USA,21.848,136.0,428.0,K771,,Q,Marsel Ilhan,R,191.0,TUR,27.034,151.0,384.0,7-6(3) 6-4 4-6 7-5,5,R128,168.0,11.0,5.0,140.0,80.0,56.0,32.0,22.0,9.0,14.0,10.0,1.0,150.0,86.0,57.0,31.0,22.0,5.0,11.0
2014-540,Wimbledon,Grass,128,G,O,20140623,52,N552,10.0,,Kei Nishikori,R,178.0,JPN,24.482,12.0,2690.0,D750,,,Kenny De Schepper,L,203.0,FRA,27.069,73.0,711.0,6-4 7-6(5) 7-5,5,R128,109.0,8.0,1.0,93.0,62.0,51.0,22.0,17.0,0.0,0.0,20.0,8.0,91.0,61.0,50.0,16.0,17.0,2.0,4.0
2014-540,Wimbledon,Grass,128,G,O,20140623,53,G628,13.0,,Richard Gasquet,R,183.0,FRA,28.014,14.0,2415.0,D994,,Q,James Duckworth,R,183.0,AUS,22.42,161.0,346.0,6-7(3) 6-3 3-6 6-0 6-1,5,R128,164.0,22.0,5.0,123.0,86.0,73.0,19.0,22.0,6.0,7.0,12.0,2.0,145.0,93.0,55.0,29.0,21.0,11.0,17.0
2014-540,Wimbledon,Grass,128,G,O,20140623,54,KE17,,WC,Nick Kyrgios,R,193.0,AUS,19.157,144.0,400.0,R612,,,Stephane Robert,R,185.0,FRA,34.1,78.0,687.0,7-6(2) 7-6(1) 6-7(6) 6-2,5,R128,144.0,29.0,4.0,150.0,107.0,83.0,20.0,22.0,9.0,12.0,9.0,20.0,174.0,94.0,63.0,39.0,22.0,12.0,17.0
2014-540,Wimbledon,Grass,128,G,O,20140623,55,V708,,WC,Jiri Vesely,L,198.0,CZE,20.953,68.0,741.0,E224,,,Victor Estrella Burgos,R,170.0,DOM,33.889,91.0,600.0,5-1 RET,5,R128,22.0,3.0,0.0,14.0,7.0,7.0,5.0,3.0,0.0,0.0,0.0,1.0,26.0,19.0,10.0,2.0,3.0,4.0,6.0
2014-540,Wimbledon,Grass,128,G,O,20140623,56,W373,,Q,Jimmy Wang,R,180.0,TPE,29.369,147.0,397.0,G892,,,Alejandro Gonzalez,R,191.0,COL,25.372,76.0,705.0,6-3 6-3 6-2,5,R128,94.0,7.0,3.0,72.0,44.0,38.0,16.0,13.0,0.0,0.0,10.0,2.0,84.0,55.0,37.0,11.0,13.0,5.0,10.0
2014-540,Wimbledon,Grass,128,G,O,20140623,57,MC65,24.0,,Gael Monfils,R,193.0,FRA,27.808,21.0,1635.0,J267,,LL,Malek Jaziri,R,185.0,TUN,30.423,121.0,510.0,7-6(5) 7-5 6-4,5,R128,110.0,17.0,2.0,101.0,74.0,55.0,15.0,17.0,3.0,5.0,3.0,6.0,115.0,62.0,46.0,26.0,17.0,13.0,17.0
2014-540,Wimbledon,Grass,128,G,O,20140623,58,D499,,LL,Frank Dancevic,R,185.0,CAN,29.739,107.0,544.0,K336,29.0,,Ivo Karlovic,R,211.0,CRO,35.316,32.0,1181.0,6-4 7-6(5) 7-6(4),5,R128,113.0,6.0,0.0,98.0,66.0,56.0,23.0,17.0,0.0,0.0,32.0,3.0,105.0,86.0,68.0,8.0,17.0,5.0,6.0
2014-540,Wimbledon,Grass,128,G,O,20140623,59,K926,,,Mikhail Kukushkin,R,183.0,KAZ,26.491,63.0,787.0,SC56,,,Dudi Sela,R,175.0,ISR,29.218,101.0,561.0,6-4 6-4 6-4,5,R128,108.0,6.0,2.0,102.0,61.0,46.0,21.0,15.0,10.0,11.0,1.0,4.0,88.0,54.0,34.0,19.0,15.0,4.0,8.0
2014-540,Wimbledon,Grass,128,G,O,20140623,60,R685,,,Lukas Rosol,R,193.0,CZE,28.914,52.0,865.0,PD31,,,Benoit Paire,R,196.0,FRA,25.125,71.0,715.0,6-3 3-6 7-6(5) 6-4,5,R128,119.0,7.0,4.0,132.0,87.0,65.0,27.0,20.0,3.0,4.0,19.0,2.0,115.0,65.0,55.0,25.0,20.0,3.0,5.0
2014-540,Wimbledon,Grass,128,G,O,20140623,61,N409,2.0,,Rafael Nadal,L,185.0,ESP,28.055,1.0,12500.0,K966,,,Martin Klizan,L,191.0,SVK,24.95,51.0,865.0,4-6 6-3 6-3 6-3,5,R128,175.0,6.0,3.0,121.0,87.0,63.0,14.0,19.0,10.0,13.0,11.0,4.0,113.0,69.0,43.0,22.0,18.0,9.0,15.0
2014-540,Wimbledon,Grass,128,G,O,20140623,62,Q927,,,Sam Querrey,R,198.0,USA,26.71,67.0,755.0,KA98,,,Bradley Klahn,L,183.0,USA,23.841,75.0,707.0,6-7(5) 6-4 6-1 7-5,5,R128,143.0,25.0,6.0,130.0,81.0,70.0,26.0,21.0,8.0,9.0,10.0,8.0,138.0,92.0,61.0,23.0,20.0,5.0,10.0
2014-540,Wimbledon,Grass,128,G,O,20140623,63,T786,14.0,,Jo-Wilfried Tsonga,R,188.0,FRA,29.183,17.0,1775.0,M762,,,Jurgen Melzer,L,183.0,AUT,33.087,49.0,940.0,6-1 3-6 3-6 6-2 6-4,5,R128,179.0,20.0,6.0,127.0,79.0,59.0,28.0,22.0,4.0,7.0,7.0,4.0,160.0,120.0,75.0,19.0,21.0,11.0,16.0
2014-540,Wimbledon,Grass,128,G,O,20140623,64,G858,12.0,,Ernests Gulbis,R,191.0,LAT,25.812,10.0,2725.0,Z254,,,Jurgen Zopp,R,191.0,EST,26.234,272.0,174.0,7-6(7) 7-5 7-6(10),5,R128,151.0,22.0,8.0,113.0,70.0,64.0,19.0,18.0,0.0,1.0,7.0,5.0,127.0,78.0,56.0,29.0,18.0,0.0,2.0
2014-540,Wimbledon,Grass,128,G,O,20140623,65,D643,1.0,,Novak Djokovic,R,188.0,SRB,27.088,2.0,12330.0,S694,,,Radek Stepanek,R,185.0,CZE,35.57,38.0,1085.0,6-4 6-3 6-7(5) 7-6(5),5,R64,197.0,18.0,2.0,148.0,102.0,81.0,24.0,22.0,5.0,5.0,9.0,2.0,142.0,91.0,68.0,25.0,21.0,5.0,7.0
2014-540,Wimbledon,Grass,128,G,O,20140623,66,SD32,,,Gilles Simon,R,183.0,FRA,29.487,44.0,1005.0,H756,,,Robin Haase,R,191.0,NED,27.214,53.0,865.0,7-6(1) 6-4 6-4,5,R64,122.0,7.0,1.0,85.0,55.0,47.0,21.0,16.0,0.0,0.0,18.0,1.0,121.0,74.0,52.0,23.0,16.0,9.0,11.0
2014-540,Wimbledon,Grass,128,G,O,20140623,67,W373,,Q,Jimmy Wang,R,180.0,TPE,29.369,147.0,397.0,Y061,17.0,,Mikhail Youzhny,R,183.0,RUS,31.995,16.0,1790.0,7-6(1) 6-2 6-7(5) 6-3,5,R64,183.0,10.0,4.0,150.0,98.0,65.0,29.0,21.0,9.0,13.0,10.0,3.0,131.0,87.0,51.0,24.0,20.0,5.0,12.0
2014-540,Wimbledon,Grass,128,G,O,20140623,68,T786,14.0,,Jo-Wilfried Tsonga,R,188.0,FRA,29.183,17.0,1775.0,Q927,,,Sam Querrey,R,198.0,USA,26.71,67.0,755.0,4-6 7-6(2) 6-7(4) 6-3 14-12,5,R64,229.0,37.0,4.0,205.0,144.0,118.0,36.0,35.0,5.0,6.0,33.0,3.0,206.0,142.0,107.0,40.0,34.0,7.0,9.0
2014-540,Wimbledon,Grass,128,G,O,20140623,69,SC77,,,Sergiy Stakhovsky,R,193.0,UKR,28.46,90.0,610.0,G858,12.0,,Ernests Gulbis,R,191.0,LAT,25.812,10.0,2725.0,6-4 6-3 7-6(5),5,R64,115.0,11.0,0.0,83.0,52.0,43.0,25.0,15.0,1.0,1.0,14.0,9.0,109.0,66.0,52.0,17.0,16.0,7.0,10.0
2014-540,Wimbledon,Grass,128,G,O,20140623,70,CA12,,,Jeremy Chardy,R,188.0,FRA,27.359,42.0,1015.0,ME05,,,Marinko Matosevic,R,193.0,AUS,28.873,58.0,827.0,6-7(5) 7-6(7) 7-6(9) 4-6 7-5,5,R64,255.0,23.0,5.0,174.0,97.0,80.0,39.0,29.0,4.0,10.0,20.0,9.0,215.0,127.0,92.0,41.0,29.0,15.0,21.0
2014-540,Wimbledon,Grass,128,G,O,20140623,71,C977,26.0,,Marin Cilic,R,198.0,CRO,25.733,29.0,1350.0,H804,,,Andreas Haider-Maurer,R,191.0,AUT,27.255,95.0,589.0,3-6 6-1 6-4 6-4,5,R64,132.0,18.0,2.0,102.0,68.0,60.0,15.0,18.0,3.0,4.0,6.0,4.0,122.0,73.0,48.0,23.0,18.0,10.0,14.0
2014-540,Wimbledon,Grass,128,G,O,20140623,72,BA47,6.0,,Tomas Berdych,R,196.0,CZE,28.764,6.0,4680.0,TA46,,,Bernard Tomic,R,196.0,AUS,21.67,86.0,631.0,4-6 7-6(5) 7-6(3) 6-1,5,R64,150.0,25.0,1.0,119.0,74.0,61.0,31.0,21.0,2.0,3.0,11.0,0.0,124.0,101.0,75.0,12.0,20.0,7.0,9.0
2014-540,Wimbledon,Grass,128,G,O,20140623,73,MC10,3.0,,Andy Murray,R,191.0,GBR,27.107,5.0,4680.0,RA51,,,Blaz Rola,L,193.0,SLO,23.715,92.0,596.0,6-1 6-1 6-0,5,R64,84.0,7.0,2.0,63.0,38.0,30.0,15.0,10.0,3.0,3.0,0.0,4.0,63.0,32.0,15.0,9.0,10.0,5.0,13.0
2014-540,Wimbledon,Grass,128,G,O,20140623,74,BD06,27.0,,Roberto Bautista Agut,R,183.0,ESP,26.19,23.0,1580.0,H442,,Q,Jan Hernych,R,188.0,CZE,34.962,285.0,165.0,7-5 4-6 6-2 6-2,5,R64,144.0,7.0,2.0,116.0,96.0,69.0,8.0,19.0,8.0,10.0,6.0,3.0,112.0,72.0,50.0,17.0,19.0,7.0,13.0
2014-540,Wimbledon,Grass,128,G,O,20140623,75,A678,20.0,,Kevin Anderson,R,203.0,RSA,28.099,18.0,1745.0,R613,,,Edouard Roger-Vasselin,R,185.0,FRA,30.568,50.0,885.0,7-6(0) 1-6 6-3 6-4,5,R64,143.0,24.0,2.0,114.0,78.0,61.0,17.0,19.0,6.0,8.0,4.0,5.0,122.0,94.0,66.0,12.0,19.0,5.0,7.0
2014-540,Wimbledon,Grass,128,G,O,20140623,76,F510,16.0,,Fabio Fognini,R,178.0,ITA,27.083,15.0,2155.0,PC68,,Q,Tim Puetz,R,185.0,GER,26.593,251.0,191.0,2-6 6-4 7-6(6) 6-3,5,R64,160.0,5.0,3.0,122.0,70.0,50.0,32.0,20.0,6.0,9.0,19.0,7.0,131.0,81.0,64.0,20.0,19.0,8.0,11.0
2014-540,Wimbledon,Grass,128,G,O,20140623,77,D875,11.0,,Grigor Dimitrov,R,191.0,BUL,23.105,13.0,2595.0,SM09,,Q,Luke Saville,R,188.0,AUS,20.471,236.0,204.0,6-3 6-2 6-4,5,R64,93.0,11.0,3.0,71.0,48.0,43.0,14.0,14.0,1.0,1.0,3.0,3.0,83.0,48.0,31.0,18.0,13.0,7.0,11.0
2014-540,Wimbledon,Grass,128,G,O,20140623,78,D801,21.0,,Alexandr Dolgopolov,R,180.0,UKR,25.624,19.0,1680.0,B896,,,Benjamin Becker,R,178.0,GER,33.018,65.0,783.0,6-7(4) 7-6(0) 6-3 6-4,5,R64,150.0,42.0,1.0,134.0,86.0,70.0,30.0,22.0,4.0,5.0,9.0,7.0,137.0,89.0,64.0,27.0,21.0,4.0,7.0
2014-540,Wimbledon,Grass,128,G,O,20140623,79,MD56,,,Leonardo Mayer,R,191.0,ARG,27.107,64.0,784.0,B837,,WC,Marcos Baghdatis,R,178.0,CYP,29.016,119.0,515.0,7-6(4) 4-6 6-1 6-4,5,R64,164.0,16.0,2.0,112.0,77.0,67.0,19.0,20.0,6.0,7.0,8.0,3.0,125.0,70.0,50.0,31.0,19.0,4.0,7.0
2014-540,Wimbledon,Grass,128,G,O,20140623,80,KB54,,,Andrey Kuznetsov,R,183.0,RUS,23.332,118.0,519.0,F401,7.0,,David Ferrer,R,175.0,ESP,32.225,7.0,4190.0,6-7(5) 6-0 3-6 6-3 6-2,5,R64,192.0,9.0,3.0,136.0,87.0,62.0,27.0,22.0,7.0,11.0,9.0,2.0,167.0,113.0,65.0,26.0,22.0,12.0,21.0
2014-540,Wimbledon,Grass,128,G,O,20140623,81,W367,5.0,,Stan Wawrinka,R,183.0,SUI,29.238,3.0,5420.0,L575,,,Yen-Hsun Lu,R,180.0,TPE,30.858,47.0,958.0,7-6(6) 6-3 3-6 7-5,5,R64,162.0,13.0,2.0,136.0,67.0,53.0,36.0,21.0,4.0,8.0,3.0,3.0,131.0,78.0,50.0,29.0,21.0,5.0,10.0
2014-540,Wimbledon,Grass,128,G,O,20140623,82,I165,,,Denis Istomin,R,185.0,UZB,27.792,45.0,985.0,R782,,,Julian Reister,R,188.0,GER,28.225,110.0,535.0,7-6(7) 6-4 6-4,5,R64,129.0,11.0,1.0,104.0,75.0,53.0,17.0,16.0,2.0,4.0,4.0,5.0,105.0,78.0,56.0,11.0,16.0,5.0,9.0
2014-540,Wimbledon,Grass,128,G,O,20140623,83,L397,19.0,,Feliciano Lopez,L,188.0,ESP,32.756,26.0,1455.0,PC78,,Q,Ante Pavic,R,196.0,CRO,25.295,163.0,345.0,6-4 7-6(4) 7-5,5,R64,114.0,11.0,2.0,87.0,49.0,43.0,30.0,17.0,2.0,2.0,15.0,9.0,101.0,55.0,44.0,24.0,17.0,6.0,8.0
2014-540,Wimbledon,Grass,128,G,O,20140623,84,I186,9.0,,John Isner,R,208.0,USA,29.158,11.0,2690.0,N289,,,Jarkko Nieminen,L,185.0,FIN,32.917,62.0,790.0,7-6(17) 7-6(3) 7-5,5,R64,130.0,32.0,1.0,114.0,81.0,70.0,25.0,18.0,0.0,0.0,13.0,5.0,131.0,97.0,78.0,18.0,18.0,6.0,7.0
2014-540,Wimbledon,Grass,128,G,O,20140623,85,J397,15.0,,Jerzy Janowicz,R,203.0,POL,23.608,25.0,1510.0,H432,,,Lleyton Hewitt,R,178.0,AUS,33.325,48.0,950.0,7-5 6-4 6-7(7) 4-6 6-3,5,R64,227.0,21.0,12.0,180.0,114.0,83.0,34.0,27.0,7.0,10.0,13.0,3.0,168.0,104.0,70.0,35.0,26.0,5.0,10.0
2014-540,Wimbledon,Grass,128,G,O,20140623,86,R419,23.0,,Tommy Robredo,R,180.0,ESP,32.145,22.0,1630.0,ME82,,,Adrian Mannarino,L,180.0,FRA,25.982,81.0,664.0,6-4 6-1 7-6(5),5,R64,118.0,8.0,2.0,96.0,66.0,51.0,13.0,15.0,2.0,5.0,4.0,5.0,95.0,64.0,40.0,12.0,14.0,8.0,14.0
2014-540,Wimbledon,Grass,128,G,O,20140623,87,G725,,,Santiago Giraldo,R,188.0,COL,26.571,35.0,1118.0,G710,30.0,,Marcel Granollers,R,191.0,ESP,28.197,30.0,1250.0,4-6 7-6(2) 1-6 6-1 7-5,5,R64,205.0,3.0,0.0,165.0,106.0,73.0,33.0,24.0,11.0,15.0,15.0,2.0,148.0,102.0,69.0,27.0,24.0,3.0,7.0
2014-540,Wimbledon,Grass,128,G,O,20140623,88,F324,4.0,,Roger Federer,R,185.0,SUI,32.873,4.0,4945.0,MA30,,Q,Gilles Muller,L,193.0,LUX,31.124,103.0,555.0,6-3 7-5 6-3,5,R64,94.0,25.0,1.0,69.0,53.0,48.0,12.0,15.0,0.0,0.0,12.0,5.0,92.0,62.0,46.0,11.0,15.0,2.0,6.0
2014-540,Wimbledon,Grass,128,G,O,20140623,89,R975,8.0,,Milos Raonic,R,196.0,CAN,23.488,9.0,3245.0,SM25,,,Jack Sock,R,191.0,USA,21.744,77.0,698.0,6-3 6-4 6-4,5,R64,103.0,13.0,1.0,75.0,50.0,43.0,19.0,15.0,0.0,0.0,5.0,8.0,97.0,56.0,44.0,17.0,14.0,7.0,10.0
2014-540,Wimbledon,Grass,128,G,O,20140623,90,K540,,,Lukasz Kubot,R,191.0,POL,32.104,72.0,713.0,L987,,,Dusan Lajovic,R,183.0,SRB,23.981,84.0,650.0,6-7(4) 7-6(4) 6-3 7-6(3),5,R64,180.0,22.0,12.0,142.0,70.0,58.0,46.0,23.0,6.0,7.0,15.0,6.0,134.0,80.0,61.0,32.0,22.0,1.0,3.0
2014-540,Wimbledon,Grass,128,G,O,20140623,91,BA98,,LL,Simone Bolelli,R,183.0,ITA,28.706,132.0,445.0,K435,22.0,,Philipp Kohlschreiber,R,178.0,GER,30.686,28.0,1440.0,4-6 6-4 6-3 2-6 7-5,5,R64,182.0,9.0,7.0,157.0,100.0,71.0,31.0,25.0,4.0,9.0,12.0,1.0,132.0,81.0,56.0,31.0,24.0,5.0,10.0
2014-540,Wimbledon,Grass,128,G,O,20140623,92,N552,10.0,,Kei Nishikori,R,178.0,JPN,24.482,12.0,2690.0,KB09,,Q,Denis Kudla,R,180.0,USA,21.848,136.0,428.0,6-3 6-2 6-1,5,R64,88.0,8.0,3.0,72.0,48.0,31.0,18.0,12.0,1.0,2.0,4.0,4.0,84.0,49.0,24.0,14.0,12.0,8.0,15.0
2014-540,Wimbledon,Grass,128,G,O,20140623,93,KE17,,WC,Nick Kyrgios,R,193.0,AUS,19.157,144.0,400.0,G628,13.0,,Richard Gasquet,R,183.0,FRA,28.014,14.0,2415.0,3-6 6-7(4) 6-4 7-5 10-8,5,R64,233.0,21.0,5.0,211.0,142.0,100.0,39.0,30.0,14.0,16.0,27.0,4.0,185.0,123.0,93.0,35.0,31.0,2.0,6.0
2014-540,Wimbledon,Grass,128,G,O,20140623,94,V708,,WC,Jiri Vesely,L,198.0,CZE,20.953,68.0,741.0,MC65,24.0,,Gael Monfils,R,193.0,FRA,27.808,21.0,1635.0,7-6(3) 6-3 6-7(1) 6-7(3) 6-4,5,R64,201.0,12.0,8.0,169.0,116.0,92.0,30.0,28.0,6.0,7.0,23.0,4.0,164.0,118.0,96.0,20.0,27.0,6.0,9.0
2014-540,Wimbledon,Grass,128,G,O,20140623,95,K926,,,Mikhail Kukushkin,R,183.0,KAZ,26.491,63.0,787.0,D499,,LL,Frank Dancevic,R,185.0,CAN,29.739,107.0,544.0,6-3 6-3 6-2,5,R64,89.0,8.0,0.0,72.0,44.0,37.0,18.0,13.0,5.0,5.0,7.0,4.0,89.0,55.0,33.0,16.0,13.0,9.0,14.0
2014-540,Wimbledon,Grass,128,G,O,20140623,96,N409,2.0,,Rafael Nadal,L,185.0,ESP,28.055,1.0,12500.0,R685,,,Lukas Rosol,R,193.0,CZE,28.914,52.0,865.0,4-6 7-6(6) 6-4 6-4,5,R64,164.0,11.0,3.0,123.0,97.0,73.0,16.0,21.0,3.0,5.0,17.0,2.0,123.0,71.0,55.0,28.0,21.0,4.0,7.0
2014-540,Wimbledon,Grass,128,G,O,20140623,97,C977,26.0,,Marin Cilic,R,198.0,CRO,25.733,29.0,1350.0,BA47,6.0,,Tomas Berdych,R,196.0,CZE,28.764,6.0,4680.0,7-6(5) 6-4 7-6(6),5,R32,169.0,20.0,3.0,120.0,79.0,64.0,17.0,17.0,5.0,7.0,6.0,4.0,138.0,88.0,61.0,22.0,17.0,11.0,14.0
2014-540,Wimbledon,Grass,128,G,O,20140623,98,MC10,3.0,,Andy Murray,R,191.0,GBR,27.107,5.0,4680.0,BD06,27.0,,Roberto Bautista Agut,R,183.0,ESP,26.19,23.0,1580.0,6-2 6-3 6-2,5,R32,95.0,11.0,2.0,63.0,40.0,35.0,9.0,12.0,0.0,2.0,1.0,3.0,77.0,54.0,27.0,8.0,13.0,8.0,16.0
2014-540,Wimbledon,Grass,128,G,O,20140623,99,A678,20.0,,Kevin Anderson,R,203.0,RSA,28.099,18.0,1745.0,F510,16.0,,Fabio Fognini,R,178.0,ITA,27.083,15.0,2155.0,4-6 6-4 2-6 6-2 6-1,5,R32,165.0,16.0,6.0,125.0,87.0,70.0,17.0,22.0,4.0,8.0,6.0,11.0,128.0,83.0,59.0,21.0,21.0,9.0,15.0
2014-540,Wimbledon,Grass,128,G,O,20140623,100,D875,11.0,,Grigor Dimitrov,R,191.0,BUL,23.105,13.0,2595.0,D801,21.0,,Alexandr Dolgopolov,R,180.0,UKR,25.624,19.0,1680.0,6-7(3) 6-4 2-6 6-4 6-1,5,R32,175.0,14.0,6.0,139.0,93.0,72.0,24.0,23.0,10.0,12.0,19.0,7.0,153.0,84.0,65.0,33.0,24.0,7.0,12.0
2014-540,Wimbledon,Grass,128,G,O,20140623,101,MD56,,,Leonardo Mayer,R,191.0,ARG,27.107,64.0,784.0,KB54,,,Andrey Kuznetsov,R,183.0,RUS,23.332,118.0,519.0,6-4 7-6(1) 6-3,5,R32,122.0,8.0,6.0,105.0,62.0,51.0,26.0,16.0,9.0,9.0,8.0,1.0,89.0,53.0,38.0,20.0,15.0,1.0,3.0
2014-540,Wimbledon,Grass,128,G,O,20140623,102,W367,5.0,,Stan Wawrinka,R,183.0,SUI,29.238,3.0,5420.0,I165,,,Denis Istomin,R,185.0,UZB,27.792,45.0,985.0,6-3 6-3 6-4,5,R32,87.0,12.0,1.0,72.0,41.0,34.0,23.0,14.0,3.0,3.0,2.0,0.0,78.0,60.0,36.0,12.0,14.0,1.0,5.0
2014-540,Wimbledon,Grass,128,G,O,20140623,103,L397,19.0,,Feliciano Lopez,L,188.0,ESP,32.756,26.0,1455.0,I186,9.0,,John Isner,R,208.0,USA,29.158,11.0,2690.0,6-7(8) 7-6(6) 7-6(3) 7-5,5,R32,170.0,34.0,2.0,143.0,92.0,79.0,36.0,24.0,2.0,2.0,52.0,2.0,155.0,116.0,91.0,22.0,24.0,4.0,5.0
2014-540,Wimbledon,Grass,128,G,O,20140623,104,R419,23.0,,Tommy Robredo,R,180.0,ESP,32.145,22.0,1630.0,J397,15.0,,Jerzy Janowicz,R,203.0,POL,23.608,25.0,1510.0,6-2 6-4 6-7(5) 4-6 6-3,5,R32,184.0,15.0,3.0,143.0,103.0,83.0,22.0,25.0,1.0,3.0,10.0,16.0,165.0,99.0,76.0,28.0,24.0,12.0,17.0
2014-540,Wimbledon,Grass,128,G,O,20140623,105,F324,4.0,,Roger Federer,R,185.0,SUI,32.873,4.0,4945.0,G725,,,Santiago Giraldo,R,188.0,COL,26.571,35.0,1118.0,6-3 6-1 6-3,5,R32,81.0,8.0,1.0,73.0,50.0,42.0,12.0,13.0,2.0,2.0,0.0,4.0,85.0,61.0,37.0,8.0,12.0,4.0,9.0
2014-540,Wimbledon,Grass,128,G,O,20140623,106,R975,8.0,,Milos Raonic,R,196.0,CAN,23.488,9.0,3245.0,K540,,,Lukasz Kubot,R,191.0,POL,32.104,72.0,713.0,7-6(2) 7-6(4) 6-2,5,R32,106.0,30.0,0.0,83.0,56.0,53.0,21.0,16.0,0.0,0.0,15.0,5.0,91.0,60.0,47.0,19.0,16.0,1.0,3.0
2014-540,Wimbledon,Grass,128,G,O,20140623,107,N552,10.0,,Kei Nishikori,R,178.0,JPN,24.482,12.0,2690.0,BA98,,LL,Simone Bolelli,R,183.0,ITA,28.706,132.0,445.0,3-6 6-3 4-6 7-6(4) 6-4,5,R32,193.0,12.0,4.0,147.0,89.0,75.0,30.0,25.0,6.0,8.0,8.0,2.0,146.0,99.0,75.0,30.0,25.0,4.0,6.0
2014-540,Wimbledon,Grass,128,G,O,20140623,108,KE17,,WC,Nick Kyrgios,R,193.0,AUS,19.157,144.0,400.0,V708,,WC,Jiri Vesely,L,198.0,CZE,20.953,68.0,741.0,3-6 6-3 7-5 6-2,5,R32,124.0,26.0,1.0,106.0,77.0,63.0,14.0,19.0,0.0,1.0,8.0,2.0,106.0,75.0,51.0,19.0,19.0,5.0,9.0
2014-540,Wimbledon,Grass,128,G,O,20140623,109,N409,2.0,,Rafael Nadal,L,185.0,ESP,28.055,1.0,12500.0,K926,,,Mikhail Kukushkin,R,183.0,KAZ,26.491,63.0,787.0,6-7(4) 6-1 6-1 6-1,5,R32,154.0,9.0,0.0,93.0,62.0,48.0,24.0,17.0,2.0,2.0,9.0,1.0,135.0,83.0,53.0,18.0,16.0,11.0,18.0
2014-540,Wimbledon,Grass,128,G,O,20140623,110,D643,1.0,,Novak Djokovic,R,188.0,SRB,27.088,2.0,12330.0,SD32,,,Gilles Simon,R,183.0,FRA,29.487,44.0,1005.0,6-4 6-2 6-4,5,R32,132.0,7.0,2.0,80.0,47.0,36.0,15.0,14.0,4.0,7.0,3.0,4.0,103.0,54.0,35.0,19.0,14.0,7.0,14.0
2014-540,Wimbledon,Grass,128,G,O,20140623,111,T786,14.0,,Jo-Wilfried Tsonga,R,188.0,FRA,29.183,17.0,1775.0,W373,,Q,Jimmy Wang,R,180.0,TPE,29.369,147.0,397.0,6-2 6-2 7-5,5,R32,103.0,15.0,2.0,77.0,53.0,46.0,13.0,14.0,4.0,4.0,3.0,2.0,94.0,64.0,32.0,18.0,14.0,7.0,12.0
2014-540,Wimbledon,Grass,128,G,O,20140623,112,CA12,,,Jeremy Chardy,R,188.0,FRA,27.359,42.0,1015.0,SC77,,,Sergiy Stakhovsky,R,193.0,UKR,28.46,90.0,610.0,6-3 6-7(4) 6-3 6-0,5,R32,138.0,9.0,5.0,124.0,72.0,59.0,28.0,19.0,5.0,5.0,16.0,6.0,103.0,67.0,48.0,14.0,17.0,1.0,6.0
2014-540,Wimbledon,Grass,128,G,O,20140623,113,D643,1.0,,Novak Djokovic,R,188.0,SRB,27.088,2.0,12330.0,T786,14.0,,Jo-Wilfried Tsonga,R,188.0,FRA,29.183,17.0,1775.0,6-3 6-4 7-6(5),5,R16,112.0,14.0,0.0,96.0,68.0,55.0,19.0,16.0,2.0,2.0,19.0,2.0,89.0,59.0,46.0,18.0,15.0,7.0,9.0
2014-540,Wimbledon,Grass,128,G,O,20140623,114,C977,26.0,,Marin Cilic,R,198.0,CRO,25.733,29.0,1350.0,CA12,,,Jeremy Chardy,R,188.0,FRA,27.359,42.0,1015.0,7-6(8) 6-4 6-4,5,R16,129.0,33.0,3.0,108.0,69.0,61.0,17.0,16.0,4.0,4.0,17.0,7.0,110.0,72.0,58.0,14.0,16.0,4.0,6.0
2014-540,Wimbledon,Grass,128,G,O,20140623,115,MC10,3.0,,Andy Murray,R,191.0,GBR,27.107,5.0,4680.0,A678,20.0,,Kevin Anderson,R,203.0,RSA,28.099,18.0,1745.0,6-4 6-3 7-6(6),5,R16,152.0,11.0,2.0,93.0,68.0,55.0,11.0,15.0,2.0,3.0,9.0,0.0,125.0,81.0,52.0,22.0,16.0,15.0,19.0
2014-540,Wimbledon,Grass,128,G,O,20140623,116,D875,11.0,,Grigor Dimitrov,R,191.0,BUL,23.105,13.0,2595.0,MD56,,,Leonardo Mayer,R,191.0,ARG,27.107,64.0,784.0,6-4 7-6(6) 6-2,5,R16,129.0,10.0,3.0,97.0,66.0,52.0,19.0,15.0,3.0,3.0,11.0,2.0,98.0,61.0,41.0,19.0,15.0,2.0,5.0
2014-540,Wimbledon,Grass,128,G,O,20140623,117,W367,5.0,,Stan Wawrinka,R,183.0,SUI,29.238,3.0,5420.0,L397,19.0,,Feliciano Lopez,L,188.0,ESP,32.756,26.0,1455.0,7-6(5) 7-6(7) 6-3,5,R16,118.0,31.0,2.0,95.0,63.0,56.0,25.0,17.0,0.0,0.0,11.0,5.0,101.0,63.0,53.0,22.0,16.0,1.0,2.0
2014-540,Wimbledon,Grass,128,G,O,20140623,118,F324,4.0,,Roger Federer,R,185.0,SUI,32.873,4.0,4945.0,R419,23.0,,Tommy Robredo,R,180.0,ESP,32.145,22.0,1630.0,6-1 6-4 6-4,5,R16,94.0,11.0,0.0,75.0,42.0,37.0,24.0,14.0,1.0,1.0,3.0,1.0,87.0,61.0,36.0,13.0,13.0,9.0,13.0
2014-540,Wimbledon,Grass,128,G,O,20140623,119,R975,8.0,,Milos Raonic,R,196.0,CAN,23.488,9.0,3245.0,N552,10.0,,Kei Nishikori,R,178.0,JPN,24.482,12.0,2690.0,4-6 6-1 7-6(4) 6-3,5,R16,147.0,35.0,2.0,114.0,75.0,64.0,23.0,20.0,6.0,7.0,11.0,1.0,113.0,72.0,52.0,23.0,18.0,4.0,7.0
2014-540,Wimbledon,Grass,128,G,O,20140623,120,KE17,,WC,Nick Kyrgios,R,193.0,AUS,19.157,144.0,400.0,N409,2.0,,Rafael Nadal,L,185.0,ESP,28.055,1.0,12500.0,7-6(5) 5-7 7-6(5) 6-3,5,R16,178.0,37.0,4.0,144.0,98.0,81.0,25.0,23.0,2.0,3.0,11.0,3.0,137.0,100.0,77.0,22.0,22.0,3.0,4.0
2014-540,Wimbledon,Grass,128,G,O,20140623,121,D643,1.0,,Novak Djokovic,R,188.0,SRB,27.088,2.0,12330.0,C977,26.0,,Marin Cilic,R,198.0,CRO,25.733,29.0,1350.0,6-1 3-6 6-7(4) 6-2 6-2,5,QF,198.0,10.0,3.0,132.0,92.0,68.0,23.0,22.0,2.0,4.0,10.0,6.0,160.0,89.0,61.0,29.0,22.0,12.0,19.0
2014-540,Wimbledon,Grass,128,G,O,20140623,122,D875,11.0,,Grigor Dimitrov,R,191.0,BUL,23.105,13.0,2595.0,MC10,3.0,,Andy Murray,R,191.0,GBR,27.107,5.0,4680.0,6-1 7-6(4) 6-2,5,QF,121.0,10.0,3.0,91.0,57.0,44.0,20.0,14.0,1.0,2.0,5.0,5.0,82.0,50.0,36.0,10.0,13.0,4.0,9.0
2014-540,Wimbledon,Grass,128,G,O,20140623,123,F324,4.0,,Roger Federer,R,185.0,SUI,32.873,4.0,4945.0,W367,5.0,,Stan Wawrinka,R,183.0,SUI,29.238,3.0,5420.0,3-6 7-6(5) 6-4 6-4,5,QF,153.0,10.0,1.0,119.0,77.0,61.0,29.0,20.0,3.0,4.0,9.0,1.0,124.0,74.0,57.0,31.0,21.0,5.0,7.0
2014-540,Wimbledon,Grass,128,G,O,20140623,124,R975,8.0,,Milos Raonic,R,196.0,CAN,23.488,9.0,3245.0,KE17,,WC,Nick Kyrgios,R,193.0,AUS,19.157,144.0,400.0,6-7(4) 6-2 6-4 7-6(4),5,QF,144.0,39.0,2.0,111.0,78.0,69.0,22.0,21.0,0.0,1.0,15.0,1.0,144.0,103.0,69.0,22.0,21.0,5.0,9.0
2014-540,Wimbledon,Grass,128,G,O,20140623,125,D643,1.0,,Novak Djokovic,R,188.0,SRB,27.088,2.0,12330.0,D875,11.0,,Grigor Dimitrov,R,191.0,BUL,23.105,13.0,2595.0,6-4 3-6 7-6(2) 7-6(7),5,SF,182.0,17.0,2.0,145.0,102.0,74.0,24.0,21.0,8.0,11.0,15.0,8.0,131.0,82.0,67.0,22.0,22.0,3.0,6.0
2014-540,Wimbledon,Grass,128,G,O,20140623,126,F324,4.0,,Roger Federer,R,185.0,SUI,32.873,4.0,4945.0,R975,8.0,,Milos Raonic,R,196.0,CAN,23.488,9.0,3245.0,6-4 6-4 6-4,5,SF,101.0,6.0,1.0,80.0,52.0,42.0,19.0,15.0,1.0,1.0,17.0,4.0,84.0,46.0,37.0,19.0,15.0,4.0,7.0
2014-540,Wimbledon,Grass,128,G,O,20140623,127,D643,1.0,,Novak Djokovic,R,188.0,SRB,27.088,2.0,12330.0,F324,4.0,,Roger Federer,R,185.0,SUI,32.873,4.0,4945.0,6-7(7) 6-4 7-6(4) 5-7 6-4,5,F,236.0,13.0,3.0,174.0,108.0,79.0,43.0,28.0,4.0,7.0,29.0,5.0,192.0,133.0,102.0,26.0,28.0,11.0,15.0
2014-315,Newport,Grass,32,250,O,20140707,1,I186,1.0,,John Isner,R,208.0,USA,29.196,12.0,2735.0,O234,,Q,Wayne Odesnik,L,180.0,USA,28.624,216.0,227.0,6-3 7-6(6),3,R32,80.0,19.0,2.0,67.0,46.0,37.0,14.0,11.0,2.0,2.0,7.0,1.0,59.0,37.0,29.0,14.0,10.0,1.0,2.0
2014-315,Newport,Grass,32,250,O,20140707,2,J267,,,Malek Jaziri,R,185.0,TUN,30.461,117.0,520.0,BE90,,,Ricardas Berankis,R,175.0,LTU,24.044,141.0,424.0,7-5 6-3,3,R32,72.0,3.0,2.0,65.0,28.0,24.0,22.0,11.0,3.0,3.0,2.0,2.0,56.0,35.0,24.0,13.0,10.0,2.0,4.0
2014-315,Newport,Grass,32,250,O,20140707,3,SM09,,Q,Luke Saville,R,188.0,AUS,20.509,184.0,274.0,PB22,,,Peter Polansky,R,183.0,CAN,26.059,133.0,457.0,6-4 6-2,3,R32,65.0,5.0,7.0,57.0,30.0,26.0,14.0,9.0,3.0,4.0,6.0,6.0,60.0,32.0,22.0,10.0,9.0,1.0,5.0
2014-315,Newport,Grass,32,250,O,20140707,4,M873,4.0,,Nicolas Mahut,R,191.0,FRA,32.457,59.0,825.0,A941,,,Facundo Arguello,R,178.0,ARG,21.922,119.0,510.0,7-6(1) 6-4,3,R32,90.0,11.0,6.0,64.0,35.0,28.0,22.0,11.0,0.0,0.0,5.0,3.0,77.0,44.0,33.0,16.0,11.0,2.0,3.0
2014-315,Newport,Grass,32,250,O,20140707,5,ME82,8.0,,Adrian Mannarino,L,180.0,FRA,26.021,92.0,600.0,W373,,,Jimmy Wang,R,180.0,TPE,29.407,138.0,442.0,6-2 6-4,3,R32,63.0,9.0,1.0,54.0,41.0,32.0,8.0,9.0,2.0,2.0,3.0,2.0,59.0,34.0,20.0,15.0,9.0,3.0,6.0
2014-315,Newport,Grass,32,250,O,20140707,6,SC56,,,Dudi Sela,R,175.0,ISR,29.257,98.0,571.0,P701,,,Michal Przysiezny,R,185.0,POL,30.387,134.0,452.0,6-1 7-6(2),3,R32,59.0,7.0,4.0,52.0,33.0,31.0,13.0,10.0,0.0,0.0,4.0,3.0,55.0,35.0,25.0,9.0,9.0,4.0,6.0
2014-315,Newport,Grass,32,250,O,20140707,7,SC77,,,Sergiy Stakhovsky,R,193.0,UKR,28.498,88.0,610.0,D551,,,Farrukh Dustov,R,193.0,UZB,28.126,142.0,421.0,6-3 6-2,3,R32,60.0,10.0,7.0,47.0,28.0,25.0,10.0,8.0,2.0,2.0,4.0,8.0,64.0,36.0,25.0,9.0,9.0,5.0,9.0
2014-315,Newport,Grass,32,250,O,20140707,8,K336,2.0,,Ivo Karlovic,R,211.0,CRO,35.354,31.0,1175.0,G569,,WC,Robby Ginepri,R,183.0,USA,31.748,275.0,169.0,7-6(2) 6-2,3,R32,64.0,17.0,1.0,55.0,38.0,35.0,10.0,10.0,1.0,1.0,2.0,2.0,57.0,34.0,24.0,14.0,10.0,2.0,4.0
2014-315,Newport,Grass,32,250,O,20140707,9,KA00,,Q,Austin Krajicek,L,188.0,USA,24.057,208.0,239.0,SF62,,,Tim Smyczek,R,175.0,USA,26.519,107.0,548.0,7-6(7) 6-1,3,R32,83.0,5.0,2.0,63.0,35.0,29.0,19.0,10.0,0.0,0.0,3.0,4.0,76.0,47.0,35.0,11.0,9.0,3.0,5.0
2014-315,Newport,Grass,32,250,O,20140707,10,R548,,,Rajeev Ram,R,193.0,USA,30.303,157.0,362.0,E690,,,Matthew Ebden,R,188.0,AUS,26.612,78.0,642.0,6-2 7-5,3,R32,73.0,7.0,5.0,65.0,43.0,33.0,11.0,10.0,4.0,5.0,4.0,3.0,56.0,32.0,23.0,9.0,10.0,2.0,6.0
2014-315,Newport,Grass,32,250,O,20140707,11,SM25,7.0,,Jack Sock,R,191.0,USA,21.782,76.0,663.0,K737,,,Alex Kuznetsov,R,183.0,USA,27.417,149.0,394.0,6-4 6-3,3,R32,84.0,4.0,9.0,75.0,37.0,26.0,21.0,10.0,5.0,6.0,6.0,2.0,66.0,27.0,20.0,18.0,9.0,3.0,6.0
2014-315,Newport,Grass,32,250,O,20140707,12,H432,3.0,,Lleyton Hewitt,R,178.0,AUS,33.363,43.0,950.0,H940,,,Ryan Harrison,R,185.0,USA,22.166,144.0,411.0,1-6 7-5 6-4,3,R32,130.0,3.0,10.0,93.0,45.0,30.0,20.0,14.0,5.0,10.0,9.0,6.0,88.0,37.0,29.0,22.0,15.0,4.0,9.0
2014-315,Newport,Grass,32,250,O,20140707,13,PC78,,Q,Ante Pavic,R,196.0,CRO,25.333,145.0,409.0,CA99,,,Marius Copil,R,191.0,ROU,23.721,161.0,341.0,7-6(0) 6-4,3,R32,77.0,8.0,9.0,82.0,46.0,37.0,18.0,11.0,7.0,8.0,7.0,0.0,60.0,41.0,29.0,12.0,11.0,3.0,5.0
2014-315,Newport,Grass,32,250,O,20140707,14,I230,,,Tatsuma Ito,R,180.0,JPN,26.136,129.0,481.0,KC12,,WC,Mitchell Krueger,R,188.0,USA,20.482,398.0,109.0,7-6(7) 6-1,3,R32,74.0,6.0,2.0,59.0,35.0,29.0,12.0,10.0,2.0,4.0,0.0,2.0,54.0,29.0,15.0,16.0,9.0,0.0,4.0
2014-315,Newport,Grass,32,250,O,20140707,15,J386,6.0,,Steve Johnson,R,188.0,USA,24.534,69.0,737.0,TB84,,WC,Clay Thompson,R,198.0,USA,22.174,2159.0,1.0,6-1 6-2,3,R32,47.0,7.0,2.0,38.0,24.0,22.0,10.0,8.0,0.0,0.0,5.0,9.0,43.0,17.0,10.0,10.0,7.0,1.0,5.0
2014-315,Newport,Grass,32,250,O,20140707,16,G940,,,Sam Groth,R,193.0,AUS,26.716,123.0,498.0,Y124,5.0,,Donald Young,L,183.0,USA,24.956,70.0,727.0,7-6(7) 6-2,3,R32,71.0,11.0,6.0,58.0,30.0,28.0,19.0,10.0,0.0,0.0,2.0,6.0,61.0,35.0,25.0,15.0,10.0,0.0,2.0
2014-315,Newport,Grass,32,250,O,20140707,17,I186,1.0,,John Isner,R,208.0,USA,29.196,12.0,2735.0,KA00,,Q,Austin Krajicek,L,188.0,USA,24.057,208.0,239.0,6-3 6-3,3,R16,63.0,11.0,0.0,48.0,28.0,24.0,13.0,9.0,0.0,0.0,7.0,4.0,53.0,35.0,28.0,5.0,9.0,2.0,5.0
2014-315,Newport,Grass,32,250,O,20140707,18,SM25,7.0,,Jack Sock,R,191.0,USA,21.782,76.0,663.0,R548,,,Rajeev Ram,R,193.0,USA,30.303,157.0,362.0,7-5 6-2,3,R16,78.0,12.0,5.0,85.0,55.0,41.0,15.0,10.0,9.0,9.0,5.0,3.0,51.0,29.0,22.0,11.0,10.0,1.0,4.0
2014-315,Newport,Grass,32,250,O,20140707,19,H432,3.0,,Lleyton Hewitt,R,178.0,AUS,33.363,43.0,950.0,PC78,,Q,Ante Pavic,R,196.0,CRO,25.333,145.0,409.0,6-2 6-2,3,R16,66.0,4.0,4.0,56.0,34.0,26.0,13.0,8.0,7.0,7.0,7.0,5.0,52.0,24.0,16.0,11.0,8.0,4.0,8.0
2014-315,Newport,Grass,32,250,O,20140707,20,J386,6.0,,Steve Johnson,R,188.0,USA,24.534,69.0,737.0,I230,,,Tatsuma Ito,R,180.0,JPN,26.136,129.0,481.0,6-3 2-0 RET,3,R16,40.0,8.0,0.0,36.0,25.0,22.0,4.0,6.0,2.0,2.0,6.0,1.0,30.0,20.0,11.0,4.0,5.0,0.0,2.0
2014-315,Newport,Grass,32,250,O,20140707,21,G940,,,Sam Groth,R,193.0,AUS,26.716,123.0,498.0,J267,,,Malek Jaziri,R,185.0,TUN,30.461,117.0,520.0,7-6(7) 7-6(3),3,R16,102.0,24.0,3.0,75.0,47.0,41.0,15.0,12.0,2.0,3.0,3.0,7.0,97.0,36.0,27.0,32.0,12.0,3.0,4.0
2014-315,Newport,Grass,32,250,O,20140707,22,M873,4.0,,Nicolas Mahut,R,191.0,FRA,32.457,59.0,825.0,SM09,,Q,Luke Saville,R,188.0,AUS,20.509,184.0,274.0,6-4 6-2,3,R16,70.0,7.0,2.0,50.0,26.0,18.0,17.0,9.0,2.0,3.0,2.0,3.0,57.0,34.0,22.0,9.0,9.0,3.0,7.0
2014-315,Newport,Grass,32,250,O,20140707,23,SC56,,,Dudi Sela,R,175.0,ISR,29.257,98.0,571.0,ME82,8.0,,Adrian Mannarino,L,180.0,FRA,26.021,92.0,600.0,6-3 6-1,3,R16,50.0,4.0,1.0,42.0,23.0,19.0,11.0,8.0,0.0,1.0,1.0,2.0,43.0,26.0,14.0,4.0,8.0,1.0,6.0
2014-315,Newport,Grass,32,250,O,20140707,24,K336,2.0,,Ivo Karlovic,R,211.0,CRO,35.354,31.0,1175.0,SC77,,,Sergiy Stakhovsky,R,193.0,UKR,28.498,88.0,610.0,7-5 7-6(3),3,R16,80.0,18.0,4.0,63.0,40.0,37.0,11.0,12.0,0.0,1.0,2.0,6.0,72.0,42.0,31.0,16.0,12.0,4.0,6.0
2014-315,Newport,Grass,32,250,O,20140707,25,SM25,7.0,,Jack Sock,R,191.0,USA,21.782,76.0,663.0,I186,1.0,,John Isner,R,208.0,USA,29.196,12.0,2735.0,6-4 7-6(4),3,QF,88.0,3.0,4.0,73.0,42.0,33.0,19.0,11.0,3.0,3.0,6.0,1.0,61.0,42.0,33.0,11.0,11.0,0.0,1.0
2014-315,Newport,Grass,32,250,O,20140707,26,H432,3.0,,Lleyton Hewitt,R,178.0,AUS,33.363,43.0,950.0,J386,6.0,,Steve Johnson,R,188.0,USA,24.534,69.0,737.0,6-4 6-4,3,QF,79.0,2.0,1.0,60.0,37.0,24.0,15.0,10.0,1.0,2.0,2.0,2.0,57.0,32.0,20.0,14.0,10.0,1.0,4.0
2014-315,Newport,Grass,32,250,O,20140707,27,G940,,,Sam Groth,R,193.0,AUS,26.716,123.0,498.0,M873,4.0,,Nicolas Mahut,R,191.0,FRA,32.457,59.0,825.0,6-3 6-4,3,QF,77.0,7.0,4.0,54.0,29.0,24.0,18.0,10.0,1.0,1.0,10.0,4.0,75.0,47.0,31.0,13.0,9.0,7.0,9.0
2014-315,Newport,Grass,32,250,O,20140707,28,K336,2.0,,Ivo Karlovic,R,211.0,CRO,35.354,31.0,1175.0,SC56,,,Dudi Sela,R,175.0,ISR,29.257,98.0,571.0,7-6(3) 7-5,3,QF,93.0,9.0,2.0,68.0,46.0,39.0,15.0,12.0,1.0,1.0,1.0,4.0,85.0,45.0,34.0,22.0,12.0,3.0,4.0
2014-315,Newport,Grass,32,250,O,20140707,29,H432,3.0,,Lleyton Hewitt,R,178.0,AUS,33.363,43.0,950.0,SM25,7.0,,Jack Sock,R,191.0,USA,21.782,76.0,663.0,6-1 6-2,3,SF,60.0,4.0,2.0,42.0,23.0,19.0,14.0,8.0,0.0,0.0,3.0,2.0,52.0,30.0,14.0,11.0,7.0,9.0,13.0
2014-315,Newport,Grass,32,250,O,20140707,30,K336,2.0,,Ivo Karlovic,R,211.0,CRO,35.354,31.0,1175.0,G940,,,Sam Groth,R,193.0,AUS,26.716,123.0,498.0,6-4 6-4,3,SF,66.0,9.0,6.0,55.0,32.0,28.0,13.0,10.0,1.0,1.0,10.0,7.0,51.0,28.0,25.0,10.0,10.0,1.0,3.0
2014-315,Newport,Grass,32,250,O,20140707,31,H432,3.0,,Lleyton Hewitt,R,178.0,AUS,33.363,43.0,950.0,K336,2.0,,Ivo Karlovic,R,211.0,CRO,35.354,31.0,1175.0,6-3 6-7(4) 7-6(3),3,F,150.0,5.0,6.0,96.0,46.0,41.0,29.0,16.0,6.0,8.0,26.0,10.0,127.0,73.0,58.0,18.0,17.0,10.0,14.0
2014-316,Bastad,Clay,28,250,O,20140707,1,H528,,,Victor Hanescu,R,198.0,ROU,32.961,104.0,552.0,A596,,,Pablo Andujar,R,180.0,ESP,28.452,75.0,666.0,6-4 6-4,3,R32,97.0,1.0,2.0,65.0,41.0,26.0,13.0,10.0,2.0,4.0,2.0,2.0,70.0,38.0,22.0,15.0,10.0,6.0,10.0
2014-316,Bastad,Clay,28,250,O,20140707,2,C882,,,Pablo Cuevas,R,180.0,URU,28.512,111.0,541.0,CA12,6.0,,Jeremy Chardy,R,188.0,FRA,27.398,35.0,1105.0,6-2 6-2,3,R32,56.0,5.0,2.0,43.0,25.0,19.0,10.0,8.0,0.0,1.0,1.0,3.0,43.0,21.0,10.0,9.0,8.0,1.0,6.0
2014-316,Bastad,Clay,28,250,O,20140707,3,LA94,,WC,Christian Lindell,R,193.0,SWE,22.628,402.0,108.0,CA33,,Q,Inigo Cervantes,R,180.0,ESP,24.6,363.0,121.0,6-2 6-3,3,R32,88.0,3.0,4.0,53.0,28.0,20.0,10.0,8.0,3.0,6.0,2.0,8.0,63.0,37.0,17.0,9.0,9.0,6.0,13.0
2014-316,Bastad,Clay,28,250,O,20140707,4,O376,,Q,Renzo Olivo,R,178.0,ARG,22.311,282.0,165.0,M850,,,Paul-Henri Mathieu,R,185.0,FRA,32.482,77.0,643.0,5-2 RET,3,R32,27.0,0.0,2.0,15.0,7.0,7.0,5.0,3.0,0.0,0.0,0.0,5.0,24.0,10.0,6.0,6.0,4.0,2.0,4.0
2014-316,Bastad,Clay,28,250,O,20140707,5,A829,,Q,Radu Albot,R,175.0,MDA,24.652,229.0,212.0,D750,,,Kenny De Schepper,L,203.0,FRA,27.107,110.0,541.0,7-6(4) 6-1,3,R32,94.0,3.0,4.0,68.0,44.0,34.0,11.0,10.0,4.0,5.0,5.0,6.0,77.0,50.0,28.0,12.0,9.0,7.0,10.0
2014-316,Bastad,Clay,28,250,O,20140707,6,B884,7.0,,Carlos Berlocq,R,183.0,ARG,31.422,41.0,1010.0,R782,,,Julian Reister,R,188.0,GER,28.263,122.0,500.0,2-6 6-2 6-2,3,R32,120.0,1.0,1.0,82.0,62.0,39.0,12.0,12.0,5.0,7.0,0.0,5.0,82.0,53.0,34.0,13.0,12.0,9.0,13.0
2014-316,Bastad,Clay,28,250,O,20140707,7,L987,,,Dusan Lajovic,R,183.0,SRB,24.019,73.0,685.0,M824,,,Albert Montanes,R,175.0,ESP,33.61,103.0,555.0,6-3 1-6 7-6(4),3,R32,110.0,8.0,3.0,82.0,45.0,35.0,20.0,14.0,0.0,3.0,6.0,2.0,89.0,52.0,36.0,24.0,14.0,6.0,8.0
2014-316,Bastad,Clay,28,250,O,20140707,8,Y218,,WC,Elias Ymer,R,185.0,SWE,18.24,310.0,146.0,K926,,,Mikhail Kukushkin,R,183.0,KAZ,26.53,52.0,877.0,6-3 7-5,3,R32,82.0,7.0,4.0,73.0,38.0,28.0,17.0,11.0,8.0,10.0,0.0,2.0,53.0,26.0,18.0,13.0,10.0,1.0,5.0
2014-316,Bastad,Clay,28,250,O,20140707,9,SH90,5.0,,Joao Sousa,R,185.0,POR,25.27,40.0,1020.0,R750,,,Pere Riba,R,183.0,ESP,26.248,93.0,592.0,0-1 RET,3,R32,11.0,0.0,0.0,0.0,0.0,0.0,0.0,0.0,0.0,0.0,0.0,1.0,12.0,7.0,7.0,0.0,1.0,2.0,2.0
2014-316,Bastad,Clay,28,250,O,20140707,10,CD85,8.0,,Pablo Carreno Busta,R,188.0,ESP,22.987,62.0,799.0,BA65,,,Dustin Brown,R,196.0,JAM,29.577,100.0,563.0,6-3 6-4,3,R32,78.0,5.0,4.0,76.0,46.0,37.0,13.0,10.0,9.0,9.0,4.0,6.0,57.0,30.0,23.0,14.0,9.0,1.0,3.0
2014-316,Bastad,Clay,28,250,O,20140707,11,L503,,,Paolo Lorenzi,R,183.0,ITA,32.559,80.0,634.0,E688,,WC,Markus Eriksson,R,188.0,SWE,24.602,399.0,109.0,6-2 6-1,3,R32,73.0,3.0,3.0,55.0,31.0,22.0,9.0,7.0,10.0,12.0,1.0,4.0,52.0,29.0,11.0,6.0,8.0,2.0,9.0
2014-316,Bastad,Clay,28,250,O,20140707,12,R772,,Q,Albert Ramos-Vinolas,L,188.0,ESP,26.47,89.0,604.0,V708,,,Jiri Vesely,L,198.0,CZE,20.991,67.0,756.0,7-5 6-2,3,R32,90.0,3.0,2.0,54.0,34.0,28.0,11.0,10.0,2.0,3.0,6.0,1.0,72.0,53.0,29.0,9.0,10.0,5.0,9.0
2014-316,Bastad,Clay,28,250,O,20140707,13,F401,1.0,,David Ferrer,R,175.0,ESP,32.263,7.0,3875.0,H528,,,Victor Hanescu,R,198.0,ROU,32.961,104.0,552.0,6-4 6-0,3,R16,61.0,2.0,2.0,43.0,18.0,16.0,17.0,8.0,1.0,1.0,1.0,0.0,43.0,28.0,16.0,6.0,8.0,4.0,8.0
2014-316,Bastad,Clay,28,250,O,20140707,14,B884,7.0,,Carlos Berlocq,R,183.0,ARG,31.422,41.0,1010.0,A829,,Q,Radu Albot,R,175.0,MDA,24.652,229.0,212.0,5-7 6-4 6-2,3,R16,162.0,5.0,4.0,98.0,66.0,46.0,17.0,15.0,6.0,8.0,0.0,2.0,102.0,68.0,42.0,16.0,15.0,7.0,11.0
2014-316,Bastad,Clay,28,250,O,20140707,15,L987,,,Dusan Lajovic,R,183.0,SRB,24.019,73.0,685.0,J397,4.0,,Jerzy Janowicz,R,203.0,POL,23.647,51.0,880.0,6-3 1-1 RET,3,R16,46.0,6.0,2.0,34.0,18.0,16.0,10.0,6.0,0.0,0.0,3.0,7.0,37.0,21.0,16.0,7.0,5.0,4.0,5.0
2014-316,Bastad,Clay,28,250,O,20140707,16,SH90,5.0,,Joao Sousa,R,185.0,POR,25.27,40.0,1020.0,Y218,,WC,Elias Ymer,R,185.0,SWE,18.24,310.0,146.0,6-3 7-5,3,R16,88.0,2.0,2.0,69.0,34.0,29.0,20.0,11.0,5.0,6.0,2.0,2.0,63.0,38.0,28.0,10.0,10.0,3.0,6.0
2014-316,Bastad,Clay,28,250,O,20140707,17,CD85,8.0,,Pablo Carreno Busta,R,188.0,ESP,22.987,62.0,799.0,L503,,,Paolo Lorenzi,R,183.0,ITA,32.559,80.0,634.0,6-2 6-2,3,R16,72.0,3.0,1.0,44.0,23.0,18.0,13.0,8.0,2.0,3.0,2.0,4.0,67.0,26.0,13.0,18.0,8.0,9.0,14.0
2014-316,Bastad,Clay,28,250,O,20140707,18,V306,3.0,,Fernando Verdasco,L,188.0,ESP,30.642,29.0,1205.0,R772,,Q,Albert Ramos-Vinolas,L,188.0,ESP,26.47,89.0,604.0,6-1 7-5,3,R16,89.0,3.0,1.0,61.0,40.0,30.0,12.0,10.0,2.0,3.0,1.0,3.0,68.0,46.0,28.0,7.0,9.0,2.0,6.0
2014-316,Bastad,Clay,28,250,O,20140707,19,C882,,,Pablo Cuevas,R,180.0,URU,28.512,111.0,541.0,LA94,,WC,Christian Lindell,R,193.0,SWE,22.628,402.0,108.0,4-6 6-2 7-6(2),3,R16,135.0,6.0,2.0,91.0,58.0,42.0,18.0,15.0,3.0,6.0,8.0,6.0,98.0,61.0,43.0,13.0,15.0,6.0,10.0
2014-316,Bastad,Clay,28,250,O,20140707,20,O376,,Q,Renzo Olivo,R,178.0,ARG,22.311,282.0,165.0,R419,2.0,,Tommy Robredo,R,180.0,ESP,32.183,18.0,1720.0,7-6(6) 6-3,3,R16,97.0,2.0,3.0,81.0,56.0,38.0,13.0,11.0,6.0,9.0,1.0,4.0,66.0,37.0,24.0,14.0,10.0,1.0,5.0
2014-316,Bastad,Clay,28,250,O,20140707,21,B884,7.0,,Carlos Berlocq,R,183.0,ARG,31.422,41.0,1010.0,F401,1.0,,David Ferrer,R,175.0,ESP,32.263,7.0,3875.0,6-3 6-3,3,QF,85.0,5.0,4.0,59.0,35.0,28.0,11.0,9.0,4.0,6.0,0.0,1.0,62.0,32.0,14.0,17.0,9.0,2.0,7.0
2014-316,Bastad,Clay,28,250,O,20140707,22,SH90,5.0,,Joao Sousa,R,185.0,POR,25.27,40.0,1020.0,L987,,,Dusan Lajovic,R,183.0,SRB,24.019,73.0,685.0,6-4 6-4,3,QF,92.0,3.0,2.0,73.0,42.0,29.0,16.0,10.0,8.0,10.0,3.0,4.0,77.0,46.0,23.0,16.0,10.0,8.0,12.0
2014-316,Bastad,Clay,28,250,O,20140707,23,V306,3.0,,Fernando Verdasco,L,188.0,ESP,30.642,29.0,1205.0,CD85,8.0,,Pablo Carreno Busta,R,188.0,ESP,22.987,62.0,799.0,7-5 6-3,3,QF,88.0,2.0,3.0,67.0,43.0,34.0,14.0,11.0,1.0,1.0,3.0,1.0,53.0,29.0,22.0,13.0,10.0,1.0,3.0
2014-316,Bastad,Clay,28,250,O,20140707,24,C882,,,Pablo Cuevas,R,180.0,URU,28.512,111.0,541.0,O376,,Q,Renzo Olivo,R,178.0,ARG,22.311,282.0,165.0,6-2 6-4,3,QF,83.0,0.0,1.0,69.0,46.0,34.0,12.0,9.0,5.0,5.0,2.0,5.0,53.0,27.0,20.0,11.0,9.0,2.0,5.0
2014-316,Bastad,Clay,28,250,O,20140707,25,SH90,5.0,,Joao Sousa,R,185.0,POR,25.27,40.0,1020.0,B884,7.0,,Carlos Berlocq,R,183.0,ARG,31.422,41.0,1010.0,3-6 6-4 6-4,3,SF,155.0,2.0,4.0,108.0,66.0,44.0,18.0,14.0,7.0,11.0,2.0,9.0,114.0,88.0,55.0,9.0,15.0,13.0,18.0
2014-316,Bastad,Clay,28,250,O,20140707,26,C882,,,Pablo Cuevas,R,180.0,URU,28.512,111.0,541.0,V306,3.0,,Fernando Verdasco,L,188.0,ESP,30.642,29.0,1205.0,7-6(6) 6-3,3,SF,104.0,10.0,4.0,81.0,44.0,37.0,19.0,11.0,5.0,5.0,5.0,4.0,68.0,41.0,29.0,14.0,10.0,6.0,7.0
2014-316,Bastad,Clay,28,250,O,20140707,27,C882,,,Pablo Cuevas,R,180.0,URU,28.512,111.0,541.0,SH90,5.0,,Joao Sousa,R,185.0,POR,25.27,40.0,1020.0,6-2 6-1,3,F,59.0,4.0,0.0,39.0,24.0,19.0,10.0,8.0,0.0,1.0,0.0,2.0,35.0,17.0,8.0,4.0,7.0,2.0,7.0
2014-321,Stuttgart,Clay,28,250,O,20140707,1,G806,,,Andrey Golubev,R,180.0,KAZ,26.96,61.0,802.0,P624,,WC,Philipp Petzschner,R,185.0,GER,30.286,508.0,68.0,6-4 6-1,3,R32,80.0,6.0,4.0,63.0,30.0,23.0,17.0,9.0,3.0,4.0,0.0,5.0,64.0,30.0,20.0,13.0,8.0,7.0,11.0
2014-321,Stuttgart,Clay,28,250,O,20140707,2,D874,8.0,,Federico Delbonis,L,193.0,ARG,23.754,38.0,1084.0,MA21,,,Juan Monaco,R,185.0,ARG,30.272,87.0,620.0,6-4 6-1,3,R32,80.0,3.0,7.0,74.0,41.0,31.0,17.0,9.0,7.0,8.0,1.0,1.0,52.0,36.0,19.0,8.0,8.0,5.0,9.0
2014-321,Stuttgart,Clay,28,250,O,20140707,3,B896,,,Benjamin Becker,R,178.0,GER,33.057,60.0,818.0,PD31,,,Benoit Paire,R,196.0,FRA,25.164,79.0,635.0,3-6 6-2 6-2,3,R32,84.0,11.0,6.0,87.0,49.0,40.0,18.0,12.0,5.0,6.0,11.0,3.0,81.0,40.0,28.0,18.0,13.0,8.0,12.0
2014-321,Stuttgart,Clay,28,250,O,20140707,4,MD56,,,Leonardo Mayer,R,191.0,ARG,27.146,47.0,919.0,B678,,WC,Michael Berrer,L,193.0,GER,34.015,127.0,486.0,2-6 6-3 7-6(5),3,R32,130.0,7.0,7.0,90.0,49.0,39.0,24.0,15.0,1.0,3.0,2.0,3.0,89.0,52.0,39.0,21.0,14.0,4.0,5.0
2014-321,Stuttgart,Clay,28,250,O,20140707,5,D908,,Q,Philipp Davydenko,R,183.0,RUS,21.843,658.0,40.0,RA51,,,Blaz Rola,L,193.0,SLO,23.754,81.0,633.0,6-4 7-6(8),3,R32,100.0,2.0,2.0,82.0,61.0,44.0,9.0,11.0,2.0,3.0,5.0,4.0,82.0,46.0,32.0,17.0,11.0,3.0,5.0
2014-321,Stuttgart,Clay,28,250,O,20140707,6,G725,7.0,,Santiago Giraldo,R,188.0,COL,26.609,34.0,1135.0,DA89,,Q,Mate Delic,R,196.0,CRO,21.188,189.0,267.0,6-4 6-2,3,R32,62.0,2.0,1.0,52.0,35.0,26.0,11.0,9.0,1.0,2.0,2.0,0.0,52.0,31.0,18.0,11.0,9.0,2.0,6.0
2014-321,Stuttgart,Clay,28,250,O,20140707,7,SD69,,LL,Louk Sorensen,R,175.0,IRL,29.495,236.0,206.0,SF36,,,Igor Sijsling,R,191.0,NED,26.886,68.0,738.0,6-4 6-1,3,R32,50.0,9.0,1.0,45.0,31.0,27.0,7.0,9.0,1.0,2.0,2.0,1.0,51.0,30.0,17.0,10.0,8.0,6.0,10.0
2014-321,Stuttgart,Clay,28,250,O,20140707,8,MG54,,Q,Yann Marti,R,170.0,SUI,26.081,232.0,210.0,L949,,LL,Henri Laaksonen,R,185.0,SUI,22.267,259.0,184.0,7-5 6-4,3,R32,92.0,3.0,3.0,73.0,41.0,28.0,14.0,11.0,5.0,8.0,0.0,7.0,63.0,37.0,20.0,12.0,11.0,1.0,6.0
2014-321,Stuttgart,Clay,28,250,O,20140707,9,G476,6.0,,Guillermo Garcia-Lopez,R,185.0,ESP,31.091,32.0,1163.0,CF01,,Q,Marco Cecchinato,R,185.0,ITA,21.766,140.0,433.0,6-4 1-6 7-5,3,R32,122.0,2.0,4.0,88.0,61.0,41.0,13.0,14.0,6.0,10.0,2.0,2.0,97.0,69.0,44.0,13.0,15.0,8.0,12.0
2014-321,Stuttgart,Clay,28,250,O,20140707,10,K435,5.0,,Philipp Kohlschreiber,R,178.0,GER,30.724,26.0,1475.0,SL28,,,Jan-Lennard Struff,R,193.0,GER,24.2,71.0,706.0,6-4 6-3,3,R32,74.0,2.0,1.0,64.0,37.0,24.0,16.0,9.0,4.0,5.0,0.0,4.0,65.0,38.0,24.0,12.0,10.0,5.0,9.0
2014-321,Stuttgart,Clay,28,250,O,20140707,11,R685,,,Lukas Rosol,R,193.0,CZE,28.953,48.0,900.0,Z355,,WC,Alexander Zverev,R,198.0,GER,17.213,285.0,163.0,7-6(7) 7-6(9),3,R32,103.0,5.0,1.0,86.0,54.0,43.0,16.0,12.0,1.0,3.0,6.0,8.0,93.0,54.0,35.0,24.0,12.0,2.0,4.0
2014-321,Stuttgart,Clay,28,250,O,20140707,12,G676,,,Daniel Gimeno-Traver,R,183.0,ESP,28.914,94.0,587.0,G967,,,Peter Gojowczyk,R,188.0,GER,24.977,114.0,530.0,7-5 6-3,3,R32,79.0,6.0,1.0,57.0,26.0,19.0,22.0,11.0,0.0,1.0,4.0,11.0,75.0,41.0,30.0,14.0,10.0,3.0,6.0
2014-321,Stuttgart,Clay,28,250,O,20140707,13,F510,1.0,,Fabio Fognini,R,178.0,ITA,27.121,15.0,2235.0,G806,,,Andrey Golubev,R,180.0,KAZ,26.96,61.0,802.0,6-4 6-4,3,R16,79.0,0.0,4.0,66.0,40.0,30.0,15.0,10.0,2.0,2.0,1.0,0.0,59.0,34.0,23.0,16.0,10.0,1.0,3.0
2014-321,Stuttgart,Clay,28,250,O,20140707,14,G725,7.0,,Santiago Giraldo,R,188.0,COL,26.609,34.0,1135.0,D908,,Q,Philipp Davydenko,R,183.0,RUS,21.843,658.0,40.0,6-1 6-7(5) 6-3,3,R16,116.0,2.0,1.0,88.0,67.0,53.0,12.0,15.0,2.0,4.0,1.0,1.0,101.0,74.0,46.0,11.0,13.0,11.0,16.0
2014-321,Stuttgart,Clay,28,250,O,20140707,15,BD06,3.0,,Roberto Bautista Agut,R,183.0,ESP,26.229,23.0,1625.0,SD69,,LL,Louk Sorensen,R,175.0,IRL,29.495,236.0,206.0,6-3 1-6 6-1,3,R16,96.0,1.0,3.0,61.0,44.0,36.0,8.0,12.0,0.0,2.0,3.0,2.0,77.0,45.0,29.0,16.0,11.0,0.0,3.0
2014-321,Stuttgart,Clay,28,250,O,20140707,16,G476,6.0,,Guillermo Garcia-Lopez,R,185.0,ESP,31.091,32.0,1163.0,MG54,,Q,Yann Marti,R,170.0,SUI,26.081,232.0,210.0,7-6(13) 7-5,3,R16,125.0,9.0,2.0,91.0,58.0,40.0,15.0,12.0,7.0,10.0,3.0,6.0,90.0,49.0,33.0,19.0,12.0,8.0,12.0
2014-321,Stuttgart,Clay,28,250,O,20140707,17,R685,,,Lukas Rosol,R,193.0,CZE,28.953,48.0,900.0,K435,5.0,,Philipp Kohlschreiber,R,178.0,GER,30.724,26.0,1475.0,7-5 7-6(5),3,R16,81.0,7.0,3.0,73.0,45.0,38.0,14.0,12.0,0.0,1.0,4.0,0.0,86.0,49.0,31.0,22.0,12.0,1.0,3.0
2014-321,Stuttgart,Clay,28,250,O,20140707,18,L397,4.0,,Feliciano Lopez,L,188.0,ESP,32.794,24.0,1545.0,G676,,,Daniel Gimeno-Traver,R,183.0,ESP,28.914,94.0,587.0,6-7(3) 6-2 6-3,3,R16,107.0,7.0,1.0,78.0,50.0,36.0,22.0,14.0,0.0,1.0,5.0,2.0,113.0,69.0,45.0,21.0,15.0,9.0,14.0
2014-321,Stuttgart,Clay,28,250,O,20140707,19,D874,8.0,,Federico Delbonis,L,193.0,ARG,23.754,38.0,1084.0,B896,,,Benjamin Becker,R,178.0,GER,33.057,60.0,818.0,6-7(6) 6-4 6-4,3,R16,133.0,3.0,1.0,112.0,71.0,53.0,26.0,16.0,1.0,1.0,6.0,4.0,113.0,64.0,50.0,23.0,16.0,7.0,9.0
2014-321,Stuttgart,Clay,28,250,O,20140707,20,Y061,2.0,,Mikhail Youzhny,R,183.0,RUS,32.033,22.0,1655.0,MD56,,,Leonardo Mayer,R,191.0,ARG,27.146,47.0,919.0,6-1 6-1,3,R16,69.0,0.0,4.0,57.0,37.0,29.0,7.0,7.0,6.0,6.0,0.0,6.0,38.0,22.0,10.0,5.0,7.0,2.0,7.0
2014-321,Stuttgart,Clay,28,250,O,20140707,21,F510,1.0,,Fabio Fognini,R,178.0,ITA,27.121,15.0,2235.0,G725,7.0,,Santiago Giraldo,R,188.0,COL,26.609,34.0,1135.0,6-4 6-3,3,QF,81.0,2.0,3.0,61.0,34.0,25.0,18.0,10.0,1.0,1.0,3.0,0.0,63.0,42.0,31.0,8.0,9.0,4.0,6.0
2014-321,Stuttgart,Clay,28,250,O,20140707,22,BD06,3.0,,Roberto Bautista Agut,R,183.0,ESP,26.229,23.0,1625.0,G476,6.0,,Guillermo Garcia-Lopez,R,185.0,ESP,31.091,32.0,1163.0,3-6 6-4 7-6(1),3,QF,158.0,3.0,4.0,99.0,66.0,42.0,22.0,16.0,1.0,5.0,12.0,7.0,108.0,54.0,41.0,24.0,15.0,8.0,11.0
2014-321,Stuttgart,Clay,28,250,O,20140707,23,R685,,,Lukas Rosol,R,193.0,CZE,28.953,48.0,900.0,L397,4.0,,Feliciano Lopez,L,188.0,ESP,32.794,24.0,1545.0,4-6 6-3 7-6(4),3,QF,115.0,11.0,2.0,109.0,56.0,46.0,27.0,16.0,6.0,8.0,16.0,4.0,84.0,57.0,48.0,12.0,15.0,1.0,3.0
2014-321,Stuttgart,Clay,28,250,O,20140707,24,Y061,2.0,,Mikhail Youzhny,R,183.0,RUS,32.033,22.0,1655.0,D874,8.0,,Federico Delbonis,L,193.0,ARG,23.754,38.0,1084.0,7-6(2) 6-2,3,QF,101.0,4.0,2.0,66.0,44.0,34.0,15.0,10.0,3.0,3.0,2.0,4.0,88.0,52.0,31.0,22.0,10.0,13.0,15.0
2014-321,Stuttgart,Clay,28,250,O,20140707,25,BD06,3.0,,Roberto Bautista Agut,R,183.0,ESP,26.229,23.0,1625.0,F510,1.0,,Fabio Fognini,R,178.0,ITA,27.121,15.0,2235.0,6-3 6-4,3,SF,74.0,2.0,1.0,57.0,39.0,32.0,10.0,10.0,5.0,5.0,4.0,3.0,60.0,36.0,24.0,11.0,9.0,0.0,2.0
2014-321,Stuttgart,Clay,28,250,O,20140707,26,R685,,,Lukas Rosol,R,193.0,CZE,28.953,48.0,900.0,Y061,2.0,,Mikhail Youzhny,R,183.0,RUS,32.033,22.0,1655.0,7-6(3) 6-2,3,SF,89.0,10.0,4.0,72.0,38.0,29.0,17.0,10.0,3.0,5.0,5.0,3.0,62.0,35.0,21.0,12.0,10.0,5.0,9.0
2014-321,Stuttgart,Clay,28,250,O,20140707,27,BD06,3.0,,Roberto Bautista Agut,R,183.0,ESP,26.229,23.0,1625.0,R685,,,Lukas Rosol,R,193.0,CZE,28.953,48.0,900.0,6-3 4-6 6-2,3,F,102.0,2.0,1.0,81.0,57.0,42.0,15.0,14.0,5.0,6.0,13.0,2.0,82.0,38.0,30.0,21.0,13.0,3.0,6.0
2014-414,Hamburg,Clay,48,500,O,20140714,1,K926,,,Mikhail Kukushkin,R,183.0,KAZ,26.549,53.0,862.0,K771,,Q,Marsel Ilhan,R,191.0,TUR,27.091,141.0,414.0,6-2 6-2,3,R64,60.0,0.0,1.0,38.0,22.0,18.0,14.0,8.0,0.0,0.0,4.0,2.0,68.0,36.0,19.0,16.0,8.0,6.0,10.0
2014-414,Hamburg,Clay,48,500,O,20140714,2,K966,,,Martin Klizan,L,191.0,SVK,25.008,57.0,845.0,SF36,,,Igor Sijsling,R,191.0,NED,26.905,72.0,703.0,6-4 3-6 6-0,3,R64,81.0,6.0,5.0,76.0,37.0,31.0,19.0,13.0,4.0,7.0,0.0,1.0,82.0,66.0,35.0,9.0,12.0,6.0,11.0
2014-414,Hamburg,Clay,48,500,O,20140714,3,R685,,,Lukas Rosol,R,193.0,CZE,28.972,42.0,970.0,R782,,WC,Julian Reister,R,188.0,GER,28.282,125.0,488.0,6-4 2-1 RET,3,R64,61.0,3.0,2.0,43.0,24.0,16.0,10.0,6.0,5.0,6.0,0.0,3.0,46.0,33.0,23.0,2.0,7.0,3.0,6.0
2014-414,Hamburg,Clay,48,500,O,20140714,4,G676,,Q,Daniel Gimeno-Traver,R,183.0,ESP,28.934,94.0,597.0,G681,,,Teymuraz Gabashvili,R,185.0,GEO,29.142,65.0,764.0,6-2 6-3,3,R64,80.0,4.0,5.0,55.0,30.0,26.0,12.0,9.0,3.0,4.0,0.0,5.0,75.0,48.0,27.0,12.0,8.0,10.0,14.0
2014-414,Hamburg,Clay,48,500,O,20140714,5,TB69,,,Dominic Thiem,R,185.0,AUT,20.86,55.0,852.0,V708,,,Jiri Vesely,L,198.0,CZE,21.01,68.0,756.0,7-5 6-0,3,R64,83.0,3.0,1.0,49.0,21.0,20.0,15.0,9.0,0.0,1.0,2.0,5.0,74.0,54.0,31.0,5.0,9.0,11.0,16.0
2014-414,Hamburg,Clay,48,500,O,20140714,6,MD56,,,Leonardo Mayer,R,191.0,ARG,27.165,46.0,919.0,G967,,WC,Peter Gojowczyk,R,188.0,GER,24.997,115.0,522.0,6-3 6-2,3,R64,74.0,5.0,3.0,49.0,32.0,26.0,10.0,9.0,1.0,2.0,4.0,3.0,63.0,30.0,21.0,10.0,8.0,10.0,14.0
2014-414,Hamburg,Clay,48,500,O,20140714,7,L987,,,Dusan Lajovic,R,183.0,SRB,24.038,71.0,724.0,D750,,,Kenny De Schepper,L,203.0,FRA,27.127,110.0,541.0,6-3 6-2,3,R64,62.0,1.0,2.0,55.0,34.0,26.0,14.0,9.0,2.0,2.0,7.0,5.0,61.0,33.0,22.0,13.0,8.0,3.0,6.0
2014-414,Hamburg,Clay,48,500,O,20140714,8,KB05,,Q,Filip Krajinovic,R,185.0,SRB,22.376,149.0,397.0,SL28,,,Jan-Lennard Struff,R,193.0,GER,24.219,73.0,703.0,1-6 7-5 6-2,3,R64,107.0,7.0,3.0,75.0,44.0,29.0,13.0,13.0,1.0,6.0,3.0,5.0,81.0,38.0,28.0,18.0,14.0,3.0,9.0
2014-414,Hamburg,Clay,48,500,O,20140714,9,MA21,,,Juan Monaco,R,185.0,ARG,30.292,86.0,620.0,R750,,,Pere Riba,R,183.0,ESP,26.267,97.0,585.0,6-3 6-1,3,R64,53.0,6.0,1.0,49.0,31.0,20.0,11.0,8.0,2.0,4.0,0.0,1.0,50.0,37.0,14.0,5.0,8.0,4.0,10.0
2014-414,Hamburg,Clay,48,500,O,20140714,10,BA65,,,Dustin Brown,R,196.0,JAM,29.596,104.0,563.0,CD85,,,Pablo Carreno Busta,R,188.0,ESP,23.006,59.0,824.0,7-6(5) 6-3,3,R64,81.0,2.0,3.0,64.0,43.0,37.0,14.0,11.0,1.0,1.0,6.0,3.0,73.0,41.0,30.0,19.0,10.0,2.0,3.0
2014-414,Hamburg,Clay,48,500,O,20140714,11,A596,,,Pablo Andujar,R,180.0,ESP,28.471,78.0,666.0,DA89,,Q,Mate Delic,R,196.0,CRO,21.207,182.0,279.0,6-4 6-2,3,R64,79.0,0.0,0.0,58.0,40.0,26.0,12.0,9.0,2.0,3.0,1.0,1.0,55.0,38.0,23.0,7.0,9.0,3.0,7.0
2014-414,Hamburg,Clay,48,500,O,20140714,12,J397,,,Jerzy Janowicz,R,203.0,POL,23.666,48.0,880.0,R772,,Q,Albert Ramos-Vinolas,L,188.0,ESP,26.489,95.0,591.0,6-0 7-5,3,R64,83.0,6.0,3.0,60.0,35.0,29.0,14.0,9.0,4.0,4.0,2.0,2.0,56.0,33.0,20.0,11.0,9.0,3.0,7.0
2014-414,Hamburg,Clay,48,500,O,20140714,13,K839,,WC,Tobias Kamke,R,178.0,GER,28.148,83.0,629.0,N289,,,Jarkko Nieminen,L,185.0,FIN,32.975,58.0,825.0,6-3 4-6 6-2,3,R64,119.0,2.0,1.0,84.0,50.0,33.0,20.0,14.0,1.0,4.0,4.0,5.0,83.0,42.0,28.0,19.0,13.0,9.0,14.0
2014-414,Hamburg,Clay,48,500,O,20140714,14,PD31,,,Benoit Paire,R,196.0,FRA,25.183,89.0,610.0,G806,,,Andrey Golubev,R,180.0,KAZ,26.979,60.0,802.0,1-6 6-1 7-6(4),3,R64,105.0,3.0,5.0,89.0,51.0,38.0,15.0,13.0,4.0,7.0,5.0,1.0,76.0,49.0,35.0,14.0,13.0,4.0,7.0
2014-414,Hamburg,Clay,48,500,O,20140714,15,Z355,,WC,Alexander Zverev,R,198.0,GER,17.232,285.0,163.0,H756,,,Robin Haase,R,191.0,NED,27.272,51.0,865.0,6-0 6-2,3,R64,58.0,3.0,1.0,44.0,25.0,17.0,15.0,7.0,2.0,2.0,1.0,0.0,52.0,34.0,17.0,5.0,7.0,4.0,9.0
2014-414,Hamburg,Clay,48,500,O,20140714,16,E698,,Q,Gastao Elias,R,180.0,POR,23.636,150.0,392.0,M824,,,Albert Montanes,R,175.0,ESP,33.629,106.0,555.0,6-4 6-3,3,R64,75.0,9.0,1.0,61.0,32.0,28.0,16.0,10.0,4.0,4.0,1.0,6.0,61.0,29.0,19.0,16.0,9.0,3.0,5.0
2014-414,Hamburg,Clay,48,500,O,20140714,17,F401,1.0,,David Ferrer,R,175.0,ESP,32.282,7.0,3875.0,K926,,,Mikhail Kukushkin,R,183.0,KAZ,26.549,53.0,862.0,2-6 6-3 6-2,3,R32,117.0,2.0,3.0,80.0,41.0,28.0,24.0,13.0,8.0,11.0,2.0,2.0,90.0,41.0,29.0,19.0,12.0,6.0,10.0
2014-414,Hamburg,Clay,48,500,O,20140714,18,SA93,16.0,,Andreas Seppi,R,191.0,ITA,30.393,44.0,935.0,MA21,,,Juan Monaco,R,185.0,ARG,30.292,86.0,620.0,1-6 6-0 7-6(3),3,R32,119.0,0.0,1.0,71.0,43.0,32.0,11.0,12.0,3.0,7.0,2.0,3.0,94.0,70.0,37.0,13.0,13.0,6.0,11.0
2014-414,Hamburg,Clay,48,500,O,20140714,19,BA65,,,Dustin Brown,R,196.0,JAM,29.596,104.0,563.0,V306,9.0,,Fernando Verdasco,L,188.0,ESP,30.661,33.0,1145.0,4-6 6-2 7-6(8),3,R32,113.0,9.0,6.0,113.0,65.0,46.0,22.0,15.0,7.0,10.0,0.0,5.0,93.0,66.0,46.0,14.0,15.0,4.0,8.0
2014-414,Hamburg,Clay,48,500,O,20140714,20,A596,,,Pablo Andujar,R,180.0,ESP,28.471,78.0,666.0,BD20,,LL,Thomaz Bellucci,L,188.0,BRA,26.538,96.0,589.0,6-4 3-6 6-2,3,R32,118.0,1.0,1.0,65.0,37.0,29.0,16.0,13.0,0.0,2.0,6.0,3.0,92.0,50.0,32.0,22.0,14.0,6.0,10.0
2014-414,Hamburg,Clay,48,500,O,20140714,21,D801,4.0,,Alexandr Dolgopolov,R,180.0,UKR,25.681,21.0,1680.0,J397,,,Jerzy Janowicz,R,203.0,POL,23.666,48.0,880.0,6-4 6-1,3,R32,71.0,6.0,1.0,57.0,27.0,20.0,13.0,9.0,5.0,7.0,1.0,6.0,52.0,32.0,19.0,5.0,8.0,2.0,7.0
2014-414,Hamburg,Clay,48,500,O,20140714,22,K839,,WC,Tobias Kamke,R,178.0,GER,28.148,83.0,629.0,D874,13.0,,Federico Delbonis,L,193.0,ARG,23.773,36.0,1113.0,6-3 6-4,3,R32,85.0,1.0,2.0,76.0,50.0,35.0,14.0,10.0,4.0,4.0,4.0,2.0,50.0,31.0,23.0,10.0,9.0,1.0,3.0
2014-414,Hamburg,Clay,48,500,O,20140714,23,G725,11.0,,Santiago Giraldo,R,188.0,COL,26.628,32.0,1160.0,PD31,,,Benoit Paire,R,196.0,FRA,25.183,89.0,610.0,7-6(6) 6-2,3,R32,83.0,3.0,2.0,69.0,55.0,41.0,7.0,10.0,2.0,3.0,6.0,1.0,80.0,40.0,31.0,16.0,10.0,7.0,10.0
2014-414,Hamburg,Clay,48,500,O,20140714,24,Z355,,WC,Alexander Zverev,R,198.0,GER,17.232,285.0,163.0,Y061,5.0,,Mikhail Youzhny,R,183.0,RUS,32.052,19.0,1735.0,7-5 7-5,3,R32,120.0,0.0,6.0,77.0,36.0,25.0,23.0,12.0,3.0,5.0,1.0,4.0,86.0,46.0,25.0,21.0,12.0,7.0,11.0
2014-414,Hamburg,Clay,48,500,O,20140714,25,K435,7.0,,Philipp Kohlschreiber,R,178.0,GER,30.743,26.0,1370.0,E698,,Q,Gastao Elias,R,180.0,POR,23.636,150.0,392.0,7-5 6-1,3,R32,85.0,3.0,1.0,55.0,31.0,24.0,14.0,10.0,2.0,3.0,2.0,3.0,76.0,42.0,23.0,15.0,9.0,8.0,12.0
2014-414,Hamburg,Clay,48,500,O,20140714,26,SD32,12.0,,Gilles Simon,R,183.0,FRA,29.544,38.0,1085.0,K966,,,Martin Klizan,L,191.0,SVK,25.008,57.0,845.0,W/O,3,R32,,3.0,1.0,55.0,31.0,24.0,14.0,10.0,2.0,3.0,2.0,3.0,76.0,42.0,23.0,15.0,9.0,8.0,12.0
2014-414,Hamburg,Clay,48,500,O,20140714,27,R685,,,Lukas Rosol,R,193.0,CZE,28.972,42.0,970.0,SH90,14.0,,Joao Sousa,R,185.0,POR,25.29,35.0,1122.0,6-2 6-4,3,R32,70.0,3.0,1.0,49.0,21.0,14.0,19.0,9.0,1.0,3.0,1.0,1.0,63.0,40.0,20.0,10.0,9.0,4.0,9.0
2014-414,Hamburg,Clay,48,500,O,20140714,28,R419,3.0,,Tommy Robredo,R,180.0,ESP,32.203,20.0,1720.0,G676,,Q,Daniel Gimeno-Traver,R,183.0,ESP,28.934,94.0,597.0,6-2 7-5,3,R32,85.0,2.0,0.0,55.0,34.0,25.0,11.0,10.0,1.0,3.0,1.0,1.0,68.0,38.0,22.0,12.0,10.0,2.0,7.0
2014-414,Hamburg,Clay,48,500,O,20140714,29,TB69,,,Dominic Thiem,R,185.0,AUT,20.86,55.0,852.0,G710,8.0,,Marcel Granollers,R,191.0,ESP,28.255,28.0,1285.0,2-6 6-3 7-5,3,R32,149.0,1.0,1.0,95.0,54.0,36.0,23.0,15.0,5.0,8.0,9.0,3.0,100.0,60.0,45.0,18.0,14.0,9.0,12.0
2014-414,Hamburg,Clay,48,500,O,20140714,30,MD56,,,Leonardo Mayer,R,191.0,ARG,27.165,46.0,919.0,G476,10.0,,Guillermo Garcia-Lopez,R,185.0,ESP,31.11,31.0,1188.0,7-6(1) 7-6(3),3,R32,128.0,5.0,4.0,82.0,44.0,35.0,21.0,12.0,6.0,8.0,1.0,4.0,94.0,60.0,39.0,16.0,12.0,8.0,10.0
2014-414,Hamburg,Clay,48,500,O,20140714,31,L987,,,Dusan Lajovic,R,183.0,SRB,24.038,71.0,724.0,B884,15.0,,Carlos Berlocq,R,183.0,ARG,31.441,56.0,850.0,6-3 6-4,3,R32,84.0,3.0,3.0,66.0,50.0,38.0,7.0,10.0,2.0,2.0,1.0,0.0,59.0,39.0,26.0,12.0,9.0,6.0,8.0
2014-414,Hamburg,Clay,48,500,O,20140714,32,KB05,,Q,Filip Krajinovic,R,185.0,SRB,22.376,149.0,397.0,F510,2.0,,Fabio Fognini,R,178.0,ITA,27.14,15.0,2135.0,6-4 6-0,3,R32,54.0,4.0,0.0,44.0,26.0,20.0,12.0,8.0,1.0,2.0,3.0,3.0,51.0,32.0,16.0,7.0,8.0,5.0,10.0
2014-414,Hamburg,Clay,48,500,O,20140714,33,F401,1.0,,David Ferrer,R,175.0,ESP,32.282,7.0,3875.0,SA93,16.0,,Andreas Seppi,R,191.0,ITA,30.393,44.0,935.0,6-3 3-6 6-3,3,R16,114.0,9.0,6.0,84.0,49.0,36.0,19.0,14.0,4.0,6.0,2.0,1.0,80.0,56.0,33.0,17.0,13.0,5.0,8.0
2014-414,Hamburg,Clay,48,500,O,20140714,34,A596,,,Pablo Andujar,R,180.0,ESP,28.471,78.0,666.0,BA65,,,Dustin Brown,R,196.0,JAM,29.596,104.0,563.0,6-1 6-2,3,R16,63.0,0.0,2.0,59.0,44.0,30.0,8.0,8.0,3.0,3.0,3.0,2.0,43.0,24.0,13.0,8.0,7.0,2.0,6.0
2014-414,Hamburg,Clay,48,500,O,20140714,35,K839,,WC,Tobias Kamke,R,178.0,GER,28.148,83.0,629.0,D801,4.0,,Alexandr Dolgopolov,R,180.0,UKR,25.681,21.0,1680.0,7-5 2-6 7-5,3,R16,122.0,1.0,3.0,100.0,66.0,41.0,21.0,16.0,8.0,11.0,8.0,1.0,89.0,53.0,42.0,20.0,16.0,2.0,5.0
2014-414,Hamburg,Clay,48,500,O,20140714,36,Z355,,WC,Alexander Zverev,R,198.0,GER,17.232,285.0,163.0,G725,11.0,,Santiago Giraldo,R,188.0,COL,26.628,32.0,1160.0,6-4 7-6(6),3,R16,113.0,7.0,2.0,85.0,52.0,35.0,19.0,11.0,2.0,3.0,6.0,0.0,74.0,51.0,35.0,13.0,11.0,3.0,5.0
2014-414,Hamburg,Clay,48,500,O,20140714,37,K435,7.0,,Philipp Kohlschreiber,R,178.0,GER,30.743,26.0,1370.0,SD32,12.0,,Gilles Simon,R,183.0,FRA,29.544,38.0,1085.0,7-5 6-3,3,R16,90.0,2.0,0.0,58.0,33.0,21.0,15.0,10.0,2.0,5.0,4.0,2.0,82.0,48.0,28.0,12.0,11.0,6.0,12.0
2014-414,Hamburg,Clay,48,500,O,20140714,38,R685,,,Lukas Rosol,R,193.0,CZE,28.972,42.0,970.0,R419,3.0,,Tommy Robredo,R,180.0,ESP,32.203,20.0,1720.0,7-5 7-6(6),3,R16,106.0,7.0,0.0,94.0,60.0,42.0,22.0,12.0,7.0,7.0,4.0,2.0,69.0,41.0,33.0,15.0,12.0,0.0,1.0
2014-414,Hamburg,Clay,48,500,O,20140714,39,MD56,,,Leonardo Mayer,R,191.0,ARG,27.165,46.0,919.0,TB69,,,Dominic Thiem,R,185.0,AUT,20.86,55.0,852.0,6-3 6-2,3,R16,77.0,5.0,4.0,58.0,34.0,27.0,15.0,9.0,4.0,4.0,1.0,2.0,50.0,32.0,21.0,7.0,8.0,4.0,7.0
2014-414,Hamburg,Clay,48,500,O,20140714,40,L987,,,Dusan Lajovic,R,183.0,SRB,24.038,71.0,724.0,KB05,,Q,Filip Krajinovic,R,185.0,SRB,22.376,149.0,397.0,3-1 RET,3,R16,12.0,2.0,0.0,9.0,5.0,5.0,3.0,2.0,0.0,0.0,2.0,0.0,13.0,5.0,4.0,3.0,2.0,2.0,3.0
2014-414,Hamburg,Clay,48,500,O,20140714,41,F401,1.0,,David Ferrer,R,175.0,ESP,32.282,7.0,3875.0,A596,,,Pablo Andujar,R,180.0,ESP,28.471,78.0,666.0,6-0 6-2,3,QF,66.0,1.0,1.0,40.0,28.0,19.0,7.0,7.0,1.0,2.0,0.0,5.0,52.0,33.0,16.0,3.0,7.0,4.0,10.0
2014-414,Hamburg,Clay,48,500,O,20140714,42,Z355,,WC,Alexander Zverev,R,198.0,GER,17.232,285.0,163.0,K839,,WC,Tobias Kamke,R,178.0,GER,28.148,83.0,629.0,0-6 7-5 6-3,3,QF,124.0,6.0,4.0,82.0,44.0,31.0,15.0,13.0,7.0,11.0,0.0,2.0,80.0,44.0,29.0,22.0,14.0,7.0,11.0
2014-414,Hamburg,Clay,48,500,O,20140714,43,K435,7.0,,Philipp Kohlschreiber,R,178.0,GER,30.743,26.0,1370.0,R685,,,Lukas Rosol,R,193.0,CZE,28.972,42.0,970.0,6-4 6-4,3,QF,77.0,2.0,0.0,52.0,31.0,23.0,14.0,10.0,1.0,2.0,5.0,1.0,74.0,42.0,32.0,11.0,10.0,7.0,10.0
2014-414,Hamburg,Clay,48,500,O,20140714,44,MD56,,,Leonardo Mayer,R,191.0,ARG,27.165,46.0,919.0,L987,,,Dusan Lajovic,R,183.0,SRB,24.038,71.0,724.0,6-1 7-5,3,QF,75.0,4.0,0.0,58.0,34.0,29.0,14.0,10.0,1.0,1.0,0.0,1.0,50.0,24.0,18.0,12.0,9.0,2.0,5.0
2014-414,Hamburg,Clay,48,500,O,20140714,45,F401,1.0,,David Ferrer,R,175.0,ESP,32.282,7.0,3875.0,Z355,,WC,Alexander Zverev,R,198.0,GER,17.232,285.0,163.0,6-0 6-1,3,SF,56.0,2.0,3.0,43.0,31.0,26.0,6.0,7.0,2.0,2.0,3.0,3.0,40.0,18.0,9.0,6.0,6.0,3.0,8.0
2014-414,Hamburg,Clay,48,500,O,20140714,46,MD56,,,Leonardo Mayer,R,191.0,ARG,27.165,46.0,919.0,K435,7.0,,Philipp Kohlschreiber,R,178.0,GER,30.743,26.0,1370.0,7-5 6-4,3,SF,89.0,6.0,2.0,60.0,31.0,23.0,17.0,11.0,1.0,3.0,5.0,0.0,61.0,37.0,23.0,13.0,11.0,3.0,7.0
2014-414,Hamburg,Clay,48,500,O,20140714,47,MD56,,,Leonardo Mayer,R,191.0,ARG,27.165,46.0,919.0,F401,1.0,,David Ferrer,R,175.0,ESP,32.282,7.0,3875.0,6-7(3) 6-1 7-6(4),3,F,140.0,10.0,4.0,97.0,61.0,47.0,18.0,16.0,5.0,8.0,1.0,0.0,97.0,62.0,39.0,19.0,15.0,2.0,7.0
2014-6718,Bogota,Hard,28,250,O,20140714,1,G940,,,Sam Groth,R,193.0,AUS,26.735,99.0,581.0,C834,,WC,Juan Sebastian Cabal,R,185.0,COL,28.219,,,6-3 6-7(10) 7-6(4),3,R32,141.0,22.0,6.0,110.0,68.0,56.0,19.0,17.0,2.0,4.0,11.0,8.0,119.0,78.0,54.0,22.0,16.0,5.0,8.0
2014-6718,Bogota,Hard,28,250,O,20140714,2,W503,,Q,James Ward,R,188.0,GBR,27.425,152.0,371.0,E690,7.0,,Matthew Ebden,R,188.0,AUS,26.631,81.0,642.0,6-4 3-0 RET,3,R32,54.0,5.0,2.0,42.0,27.0,22.0,9.0,7.0,3.0,3.0,1.0,4.0,41.0,21.0,14.0,10.0,6.0,3.0,5.0
2014-6718,Bogota,Hard,28,250,O,20140714,3,W373,,,Jimmy Wang,R,180.0,TPE,29.426,133.0,442.0,P701,,,Michal Przysiezny,R,185.0,POL,30.407,144.0,407.0,7-6(4) 4-6 6-3,3,R32,131.0,4.0,5.0,112.0,67.0,45.0,19.0,16.0,6.0,11.0,12.0,5.0,86.0,50.0,36.0,15.0,15.0,3.0,8.0
2014-6718,Bogota,Hard,28,250,O,20140714,4,SC56,,,Dudi Sela,R,175.0,ISR,29.276,102.0,568.0,A941,,,Facundo Arguello,R,178.0,ARG,21.941,121.0,510.0,6-4 6-2,3,R32,60.0,0.0,6.0,48.0,31.0,25.0,7.0,9.0,1.0,3.0,2.0,10.0,60.0,33.0,22.0,7.0,9.0,0.0,5.0
2014-6718,Bogota,Hard,28,250,O,20140714,5,PB22,,,Peter Polansky,R,183.0,CAN,26.078,130.0,457.0,BC76,,Q,Nicolas Barrientos,R,175.0,COL,27.222,329.0,138.0,3-6 6-4 6-3,3,R32,84.0,9.0,4.0,78.0,50.0,37.0,15.0,14.0,4.0,7.0,1.0,1.0,82.0,57.0,34.0,14.0,14.0,1.0,5.0
2014-6718,Bogota,Hard,28,250,O,20140714,6,E224,8.0,,Victor Estrella Burgos,R,170.0,DOM,33.947,92.0,604.0,LB84,,Q,Juan Ignacio Londero,R,180.0,ARG,20.912,193.0,262.0,7-5 6-3,3,R32,81.0,6.0,0.0,67.0,39.0,29.0,15.0,11.0,1.0,3.0,1.0,1.0,57.0,30.0,16.0,16.0,10.0,3.0,7.0
2014-6718,Bogota,Hard,28,250,O,20140714,7,K737,,,Alex Kuznetsov,R,183.0,USA,27.436,155.0,362.0,ME82,,,Adrian Mannarino,L,180.0,FRA,26.04,93.0,600.0,6-4 7-6(3),3,R32,91.0,9.0,3.0,70.0,39.0,33.0,18.0,11.0,1.0,1.0,3.0,2.0,67.0,45.0,32.0,15.0,11.0,1.0,2.0
2014-6718,Bogota,Hard,28,250,O,20140714,8,TA46,,WC,Bernard Tomic,R,196.0,AUS,21.728,124.0,496.0,D551,,,Farrukh Dustov,R,193.0,UZB,28.145,140.0,415.0,6-3 6-3,3,R32,59.0,10.0,0.0,47.0,36.0,31.0,7.0,9.0,0.0,0.0,4.0,1.0,58.0,40.0,29.0,5.0,9.0,1.0,4.0
2014-6718,Bogota,Hard,28,250,O,20140714,9,F444,5.0,,Alejandro Falla,L,185.0,COL,30.664,54.0,853.0,I230,,,Tatsuma Ito,R,180.0,JPN,26.155,126.0,486.0,6-3 6-2,3,R32,59.0,7.0,5.0,58.0,32.0,28.0,11.0,9.0,6.0,7.0,2.0,3.0,42.0,22.0,14.0,8.0,8.0,2.0,6.0
2014-6718,Bogota,Hard,28,250,O,20140714,10,G892,6.0,,Alejandro Gonzalez,R,191.0,COL,25.429,74.0,686.0,D864,,,Evgeny Donskoy,R,185.0,RUS,24.181,111.0,540.0,7-5 3-6 6-4,3,R32,140.0,7.0,4.0,102.0,58.0,45.0,17.0,16.0,5.0,9.0,7.0,1.0,103.0,64.0,37.0,22.0,15.0,3.0,7.0
2014-6718,Bogota,Hard,28,250,O,20140714,11,D776,,,Thiemo de Bakker,R,193.0,NED,25.815,147.0,398.0,KB14,,Q,Kevin King,L,191.0,USA,23.373,344.0,130.0,2-6 7-6(4) 6-3,3,R32,122.0,14.0,6.0,100.0,69.0,51.0,13.0,15.0,2.0,5.0,7.0,8.0,100.0,60.0,44.0,22.0,14.0,7.0,9.0
2014-6718,Bogota,Hard,28,250,O,20140714,12,PC11,,,Guido Pella,L,183.0,ARG,24.159,158.0,353.0,SI36,,WC,Eduardo Struvay,R,,COL,23.573,336.0,135.0,6-3 6-4,3,R32,64.0,2.0,3.0,62.0,35.0,24.0,16.0,10.0,5.0,7.0,1.0,0.0,45.0,34.0,22.0,4.0,9.0,2.0,6.0
2014-6718,Bogota,Hard,28,250,O,20140714,13,G628,1.0,,Richard Gasquet,R,183.0,FRA,28.071,14.0,2370.0,G940,,,Sam Groth,R,193.0,AUS,26.735,99.0,581.0,7-6(3) 7-6(5),3,R16,104.0,12.0,3.0,71.0,50.0,41.0,15.0,12.0,0.0,0.0,20.0,4.0,78.0,44.0,37.0,20.0,12.0,5.0,5.0
2014-6718,Bogota,Hard,28,250,O,20140714,14,E224,8.0,,Victor Estrella Burgos,R,170.0,DOM,33.947,92.0,604.0,PB22,,,Peter Polansky,R,183.0,CAN,26.078,130.0,457.0,6-4 6-1,3,R16,49.0,5.0,1.0,38.0,22.0,21.0,11.0,8.0,0.0,0.0,1.0,4.0,46.0,20.0,13.0,10.0,9.0,2.0,6.0
2014-6718,Bogota,Hard,28,250,O,20140714,15,PD07,3.0,,Vasek Pospisil,R,193.0,CAN,24.057,34.0,1135.0,K737,,,Alex Kuznetsov,R,183.0,USA,27.436,155.0,362.0,7-5 7-5,3,R16,76.0,10.0,4.0,63.0,34.0,31.0,19.0,12.0,3.0,3.0,4.0,5.0,60.0,38.0,30.0,14.0,12.0,2.0,4.0
2014-6718,Bogota,Hard,28,250,O,20140714,16,TA46,,WC,Bernard Tomic,R,196.0,AUS,21.728,124.0,496.0,F444,5.0,,Alejandro Falla,L,185.0,COL,30.664,54.0,853.0,6-1 7-6(2),3,R16,90.0,7.0,2.0,64.0,45.0,36.0,10.0,10.0,1.0,2.0,5.0,5.0,88.0,51.0,33.0,14.0,9.0,7.0,10.0
2014-6718,Bogota,Hard,28,250,O,20140714,17,G892,6.0,,Alejandro Gonzalez,R,191.0,COL,25.429,74.0,686.0,D776,,,Thiemo de Bakker,R,193.0,NED,25.815,147.0,398.0,6-3 6-4,3,R16,65.0,5.0,1.0,58.0,36.0,28.0,15.0,10.0,1.0,1.0,5.0,4.0,53.0,26.0,22.0,11.0,9.0,2.0,4.0
2014-6718,Bogota,Hard,28,250,O,20140714,18,S694,4.0,,Radek Stepanek,R,185.0,CZE,35.628,39.0,1085.0,PC11,,,Guido Pella,L,183.0,ARG,24.159,158.0,353.0,7-6(2) 6-2,3,R16,103.0,6.0,3.0,62.0,35.0,27.0,17.0,10.0,2.0,3.0,4.0,3.0,80.0,43.0,26.0,17.0,10.0,6.0,9.0
2014-6718,Bogota,Hard,28,250,O,20140714,19,W373,,,Jimmy Wang,R,180.0,TPE,29.426,133.0,442.0,W503,,Q,James Ward,R,188.0,GBR,27.425,152.0,371.0,6-3 6-1,3,R16,48.0,2.0,0.0,39.0,26.0,21.0,11.0,8.0,0.0,0.0,4.0,3.0,43.0,25.0,16.0,8.0,8.0,0.0,4.0
2014-6718,Bogota,Hard,28,250,O,20140714,20,K336,2.0,,Ivo Karlovic,R,211.0,CRO,35.373,29.0,1280.0,SC56,,,Dudi Sela,R,175.0,ISR,29.276,102.0,568.0,7-6(8) 7-6(5),3,R16,100.0,16.0,4.0,76.0,50.0,44.0,17.0,12.0,0.0,0.0,3.0,2.0,90.0,55.0,42.0,24.0,12.0,7.0,7.0
2014-6718,Bogota,Hard,28,250,O,20140714,21,E224,8.0,,Victor Estrella Burgos,R,170.0,DOM,33.947,92.0,604.0,G628,1.0,,Richard Gasquet,R,183.0,FRA,28.071,14.0,2370.0,6-3 6-4,3,QF,65.0,2.0,3.0,48.0,22.0,19.0,18.0,9.0,2.0,2.0,5.0,2.0,52.0,25.0,19.0,16.0,10.0,2.0,5.0
2014-6718,Bogota,Hard,28,250,O,20140714,22,TA46,,WC,Bernard Tomic,R,196.0,AUS,21.728,124.0,496.0,PD07,3.0,,Vasek Pospisil,R,193.0,CAN,24.057,34.0,1135.0,6-4 6-4,3,QF,70.0,8.0,2.0,58.0,39.0,32.0,11.0,10.0,1.0,1.0,10.0,5.0,59.0,37.0,26.0,11.0,10.0,2.0,4.0
2014-6718,Bogota,Hard,28,250,O,20140714,23,S694,4.0,,Radek Stepanek,R,185.0,CZE,35.628,39.0,1085.0,G892,6.0,,Alejandro Gonzalez,R,191.0,COL,25.429,74.0,686.0,6-4 6-4,3,QF,80.0,8.0,2.0,60.0,43.0,36.0,8.0,10.0,3.0,3.0,7.0,2.0,62.0,40.0,27.0,11.0,10.0,1.0,3.0
2014-6718,Bogota,Hard,28,250,O,20140714,24,K336,2.0,,Ivo Karlovic,R,211.0,CRO,35.373,29.0,1280.0,W373,,,Jimmy Wang,R,180.0,TPE,29.426,133.0,442.0,6-3 7-6(6),3,QF,84.0,21.0,0.0,54.0,35.0,33.0,12.0,10.0,0.0,0.0,5.0,5.0,79.0,45.0,32.0,18.0,11.0,5.0,7.0
2014-6718,Bogota,Hard,28,250,O,20140714,25,TA46,,WC,Bernard Tomic,R,196.0,AUS,21.728,124.0,496.0,E224,8.0,,Victor Estrella Burgos,R,170.0,DOM,33.947,92.0,604.0,7-6(2) 6-7(5) 7-6(5),3,SF,167.0,21.0,3.0,123.0,76.0,58.0,25.0,18.0,2.0,4.0,8.0,4.0,117.0,77.0,55.0,24.0,18.0,1.0,3.0
2014-6718,Bogota,Hard,28,250,O,20140714,26,K336,2.0,,Ivo Karlovic,R,211.0,CRO,35.373,29.0,1280.0,S694,4.0,,Radek Stepanek,R,185.0,CZE,35.628,39.0,1085.0,6-4 3-6 6-4,3,SF,103.0,22.0,3.0,82.0,59.0,44.0,15.0,14.0,5.0,6.0,7.0,4.0,81.0,50.0,39.0,18.0,15.0,1.0,3.0
2014-6718,Bogota,Hard,28,250,O,20140714,27,TA46,,WC,Bernard Tomic,R,196.0,AUS,21.728,124.0,496.0,K336,2.0,,Ivo Karlovic,R,211.0,CRO,35.373,29.0,1280.0,7-6(5) 3-6 7-6(4),3,F,133.0,11.0,2.0,101.0,69.0,55.0,20.0,16.0,4.0,5.0,39.0,7.0,114.0,74.0,65.0,19.0,17.0,5.0,5.0
2014-314,Gstaad,Clay,28,250,O,20140721,1,D750,,,Kenny De Schepper,L,203.0,FRA,27.146,110.0,541.0,V254,,,Filippo Volandri,R,183.0,ITA,32.873,119.0,513.0,6-3 7-6(3),3,R32,75.0,7.0,6.0,65.0,36.0,29.0,19.0,11.0,0.0,0.0,1.0,1.0,74.0,54.0,37.0,11.0,10.0,4.0,5.0
2014-314,Gstaad,Clay,28,250,O,20140721,2,A596,,,Pablo Andujar,R,180.0,ESP,28.49,71.0,736.0,SD32,6.0,,Gilles Simon,R,183.0,FRA,29.563,36.0,1110.0,6-2 3-2 RET,3,R32,63.0,4.0,1.0,44.0,30.0,16.0,9.0,6.0,4.0,6.0,0.0,2.0,48.0,25.0,11.0,9.0,7.0,3.0,8.0
2014-314,Gstaad,Clay,28,250,O,20140721,3,RA51,,,Blaz Rola,L,193.0,SLO,23.792,80.0,669.0,D815,,Q,Fabiano De Paula,R,178.0,BRA,25.643,458.0,86.0,6-4 6-4,3,R32,70.0,2.0,2.0,48.0,32.0,24.0,11.0,10.0,1.0,3.0,3.0,2.0,68.0,51.0,28.0,8.0,10.0,4.0,8.0
2014-314,Gstaad,Clay,28,250,O,20140721,4,MG54,,WC,Yann Marti,R,170.0,SUI,26.119,212.0,232.0,G676,,,Daniel Gimeno-Traver,R,183.0,ESP,28.953,89.0,615.0,5-7 7-6(7) 7-6(5),3,R32,179.0,2.0,5.0,157.0,102.0,57.0,33.0,18.0,23.0,29.0,8.0,4.0,117.0,56.0,43.0,28.0,18.0,4.0,9.0
2014-314,Gstaad,Clay,28,250,O,20140721,5,L949,,WC,Henri Laaksonen,R,185.0,SUI,22.305,319.0,143.0,MJ89,,Q,Gianni Mina,R,188.0,FRA,22.445,399.0,107.0,7-6(5) 7-6(3),3,R32,125.0,1.0,10.0,95.0,65.0,45.0,11.0,12.0,6.0,9.0,1.0,2.0,86.0,53.0,32.0,17.0,12.0,3.0,6.0
2014-314,Gstaad,Clay,28,250,O,20140721,6,H756,7.0,,Robin Haase,R,191.0,NED,27.291,51.0,865.0,N503,,,Aleksandr Nedovyesov,R,188.0,KAZ,27.428,99.0,573.0,6-4 6-7(3) 6-3,3,R32,111.0,3.0,5.0,96.0,53.0,41.0,29.0,16.0,3.0,4.0,7.0,0.0,85.0,62.0,44.0,16.0,15.0,3.0,6.0
2014-314,Gstaad,Clay,28,250,O,20140721,7,MA21,,,Juan Monaco,R,185.0,ARG,30.311,105.0,550.0,H528,,,Victor Hanescu,R,198.0,ROU,32.999,129.0,482.0,6-4 7-5,3,R32,84.0,0.0,2.0,63.0,41.0,28.0,14.0,11.0,2.0,4.0,2.0,1.0,73.0,50.0,35.0,6.0,11.0,5.0,9.0
2014-314,Gstaad,Clay,28,250,O,20140721,8,BD20,,,Thomaz Bellucci,L,188.0,BRA,26.557,93.0,593.0,MI43,,Q,Gerald Melzer,L,188.0,AUT,24.022,148.0,398.0,6-3 6-4,3,R32,74.0,4.0,2.0,60.0,36.0,31.0,13.0,10.0,3.0,3.0,2.0,2.0,48.0,29.0,20.0,12.0,9.0,1.0,3.0
2014-314,Gstaad,Clay,28,250,O,20140721,9,D874,5.0,,Federico Delbonis,L,193.0,ARG,23.792,56.0,819.0,BA65,,,Dustin Brown,R,196.0,JAM,29.615,90.0,596.0,6-3 6-3,3,R32,54.0,5.0,3.0,46.0,32.0,28.0,5.0,9.0,0.0,1.0,3.0,4.0,56.0,34.0,23.0,6.0,9.0,1.0,5.0
2014-314,Gstaad,Clay,28,250,O,20140721,10,T840,,WC,Viktor Troicki,R,193.0,SRB,28.441,847.0,20.0,TB69,8.0,,Dominic Thiem,R,185.0,AUT,20.879,47.0,887.0,7-6(4) 6-4,3,R32,95.0,8.0,1.0,73.0,34.0,25.0,21.0,11.0,5.0,8.0,6.0,3.0,79.0,41.0,29.0,16.0,11.0,6.0,10.0
2014-314,Gstaad,Clay,28,250,O,20140721,11,G806,,,Andrey Golubev,R,180.0,KAZ,26.998,59.0,802.0,CA33,,Q,Inigo Cervantes,R,180.0,ESP,24.638,330.0,139.0,3-6 6-3 7-6(4),3,R32,123.0,3.0,2.0,112.0,75.0,52.0,20.0,15.0,10.0,12.0,8.0,6.0,90.0,47.0,36.0,25.0,15.0,6.0,8.0
2014-314,Gstaad,Clay,28,250,O,20140721,12,SL28,,,Jan-Lennard Struff,R,193.0,GER,24.238,78.0,695.0,H804,,,Andreas Haider-Maurer,R,191.0,AUT,27.332,109.0,541.0,6-2 1-0 RET,3,R32,42.0,0.0,0.0,21.0,14.0,12.0,6.0,4.0,0.0,0.0,2.0,4.0,51.0,28.0,16.0,7.0,5.0,4.0,7.0
2014-314,Gstaad,Clay,28,250,O,20140721,13,Y061,1.0,,Mikhail Youzhny,R,183.0,RUS,32.071,19.0,1735.0,D750,,,Kenny De Schepper,L,203.0,FRA,27.146,110.0,541.0,6-3 6-4,3,R16,70.0,1.0,4.0,56.0,36.0,29.0,13.0,10.0,0.0,0.0,7.0,6.0,62.0,39.0,30.0,7.0,9.0,5.0,7.0
2014-314,Gstaad,Clay,28,250,O,20140721,14,H756,7.0,,Robin Haase,R,191.0,NED,27.291,51.0,865.0,L949,,WC,Henri Laaksonen,R,185.0,SUI,22.305,319.0,143.0,6-4 1-6 7-5,3,R16,138.0,1.0,4.0,101.0,60.0,33.0,22.0,14.0,4.0,9.0,3.0,9.0,103.0,72.0,48.0,10.0,15.0,10.0,15.0
2014-314,Gstaad,Clay,28,250,O,20140721,15,MA21,,,Juan Monaco,R,185.0,ARG,30.311,105.0,550.0,G476,3.0,,Guillermo Garcia-Lopez,R,185.0,ESP,31.129,32.0,1163.0,6-2 2-6 6-4,3,R16,127.0,4.0,1.0,102.0,73.0,46.0,13.0,13.0,8.0,12.0,2.0,8.0,90.0,39.0,25.0,23.0,13.0,6.0,11.0
2014-314,Gstaad,Clay,28,250,O,20140721,16,BD20,,,Thomaz Bellucci,L,188.0,BRA,26.557,93.0,593.0,D874,5.0,,Federico Delbonis,L,193.0,ARG,23.792,56.0,819.0,6-4 6-4,3,R16,84.0,2.0,4.0,62.0,28.0,23.0,21.0,10.0,3.0,3.0,1.0,4.0,68.0,45.0,27.0,14.0,10.0,2.0,4.0
2014-314,Gstaad,Clay,28,250,O,20140721,17,T840,,WC,Viktor Troicki,R,193.0,SRB,28.441,847.0,20.0,G806,,,Andrey Golubev,R,180.0,KAZ,26.998,59.0,802.0,6-3 6-4,3,R16,67.0,7.0,2.0,64.0,40.0,30.0,13.0,10.0,6.0,7.0,2.0,3.0,52.0,33.0,21.0,7.0,9.0,5.0,8.0
2014-314,Gstaad,Clay,28,250,O,20140721,18,V306,4.0,,Fernando Verdasco,L,188.0,ESP,30.68,38.0,1100.0,SL28,,,Jan-Lennard Struff,R,193.0,GER,24.238,78.0,695.0,3-6 6-3 7-6(3),3,R16,130.0,7.0,2.0,87.0,45.0,36.0,29.0,15.0,3.0,4.0,10.0,1.0,109.0,58.0,46.0,28.0,15.0,8.0,9.0
2014-314,Gstaad,Clay,28,250,O,20140721,19,A596,,,Pablo Andujar,R,180.0,ESP,28.49,71.0,736.0,RA51,,,Blaz Rola,L,193.0,SLO,23.792,80.0,669.0,6-3 6-3,3,R16,76.0,1.0,4.0,61.0,37.0,29.0,13.0,9.0,3.0,3.0,2.0,1.0,54.0,30.0,15.0,15.0,9.0,4.0,7.0
2014-314,Gstaad,Clay,28,250,O,20140721,20,G710,2.0,,Marcel Granollers,R,191.0,ESP,28.274,28.0,1285.0,MG54,,WC,Yann Marti,R,170.0,SUI,26.119,212.0,232.0,6-1 6-4,3,R16,74.0,7.0,2.0,54.0,31.0,23.0,12.0,9.0,0.0,2.0,0.0,3.0,53.0,21.0,11.0,13.0,8.0,3.0,8.0
2014-314,Gstaad,Clay,28,250,O,20140721,21,H756,7.0,,Robin Haase,R,191.0,NED,27.291,51.0,865.0,Y061,1.0,,Mikhail Youzhny,R,183.0,RUS,32.071,19.0,1735.0,3-6 6-1 6-4,3,QF,117.0,7.0,4.0,95.0,48.0,35.0,22.0,13.0,6.0,9.0,1.0,3.0,98.0,61.0,33.0,20.0,13.0,6.0,11.0
2014-314,Gstaad,Clay,28,250,O,20140721,22,MA21,,,Juan Monaco,R,185.0,ARG,30.311,105.0,550.0,BD20,,,Thomaz Bellucci,L,188.0,BRA,26.557,93.0,593.0,7-6(1) 6-1,3,QF,91.0,1.0,0.0,61.0,42.0,32.0,11.0,9.0,1.0,2.0,5.0,5.0,69.0,33.0,25.0,13.0,10.0,4.0,8.0
2014-314,Gstaad,Clay,28,250,O,20140721,23,V306,4.0,,Fernando Verdasco,L,188.0,ESP,30.68,38.0,1100.0,T840,,WC,Viktor Troicki,R,193.0,SRB,28.441,847.0,20.0,6-4 6-7(7) 6-1,3,QF,125.0,1.0,4.0,92.0,52.0,37.0,27.0,15.0,3.0,4.0,8.0,2.0,108.0,61.0,46.0,18.0,14.0,8.0,12.0
2014-314,Gstaad,Clay,28,250,O,20140721,24,A596,,,Pablo Andujar,R,180.0,ESP,28.49,71.0,736.0,G710,2.0,,Marcel Granollers,R,191.0,ESP,28.274,28.0,1285.0,7-5 6-3,3,QF,76.0,0.0,0.0,53.0,41.0,30.0,10.0,11.0,0.0,2.0,1.0,2.0,52.0,21.0,12.0,16.0,10.0,3.0,7.0
2014-314,Gstaad,Clay,28,250,O,20140721,25,MA21,,,Juan Monaco,R,185.0,ARG,30.311,105.0,550.0,H756,7.0,,Robin Haase,R,191.0,NED,27.291,51.0,865.0,6-3 7-6(4),3,SF,104.0,0.0,1.0,68.0,55.0,36.0,7.0,10.0,3.0,5.0,2.0,2.0,89.0,55.0,33.0,17.0,11.0,6.0,10.0
2014-314,Gstaad,Clay,28,250,O,20140721,26,A596,,,Pablo Andujar,R,180.0,ESP,28.49,71.0,736.0,V306,4.0,,Fernando Verdasco,L,188.0,ESP,30.68,38.0,1100.0,6-3 6-7(2) 6-1,3,SF,135.0,0.0,2.0,98.0,67.0,43.0,15.0,13.0,8.0,10.0,7.0,7.0,102.0,64.0,38.0,14.0,15.0,5.0,12.0
2014-314,Gstaad,Clay,28,250,O,20140721,27,A596,,,Pablo Andujar,R,180.0,ESP,28.49,71.0,736.0,MA21,,,Juan Monaco,R,185.0,ARG,30.311,105.0,550.0,6-3 7-5,3,F,92.0,1.0,2.0,72.0,42.0,29.0,17.0,11.0,3.0,5.0,1.0,2.0,60.0,40.0,24.0,11.0,10.0,2.0,6.0
2014-439,Umag,Clay,28,250,O,20140721,1,M824,,,Albert Montanes,R,175.0,ESP,33.648,113.0,535.0,Z355,,,Alexander Zverev,R,198.0,GER,17.251,161.0,343.0,6-4 6-4,3,R32,86.0,1.0,5.0,63.0,37.0,29.0,11.0,10.0,5.0,7.0,7.0,4.0,57.0,34.0,21.0,10.0,10.0,2.0,6.0
2014-439,Umag,Clay,28,250,O,20140721,2,B884,8.0,,Carlos Berlocq,R,183.0,ARG,31.461,55.0,825.0,MF35,,Q,Andrej Martin,R,183.0,SVK,24.832,189.0,276.0,7-6(4) 6-3,3,R32,97.0,0.0,0.0,83.0,50.0,33.0,18.0,11.0,5.0,7.0,1.0,2.0,64.0,41.0,25.0,12.0,10.0,3.0,6.0
2014-439,Umag,Clay,28,250,O,20140721,3,CD85,,,Pablo Carreno Busta,R,188.0,ESP,23.025,57.0,815.0,L503,,,Paolo Lorenzi,R,183.0,ITA,32.597,83.0,644.0,4-6 6-1 7-5,3,R32,135.0,1.0,0.0,81.0,48.0,33.0,21.0,15.0,6.0,10.0,4.0,4.0,88.0,42.0,33.0,15.0,14.0,7.0,13.0
2014-439,Umag,Clay,28,250,O,20140721,4,R772,,,Albert Ramos-Vinolas,L,188.0,ESP,26.508,95.0,588.0,PD31,,,Benoit Paire,R,196.0,FRA,25.202,96.0,585.0,7-5 6-3,3,R32,97.0,2.0,0.0,82.0,55.0,36.0,14.0,11.0,4.0,6.0,7.0,6.0,63.0,34.0,24.0,10.0,10.0,3.0,7.0
2014-439,Umag,Clay,28,250,O,20140721,5,Z184,,Q,Horacio Zeballos,L,188.0,ARG,29.232,117.0,515.0,PC78,,WC,Ante Pavic,R,196.0,CRO,25.372,140.0,429.0,6-4 6-7(2) 6-1,3,R32,108.0,2.0,0.0,80.0,50.0,37.0,25.0,15.0,0.0,0.0,18.0,5.0,83.0,56.0,45.0,9.0,14.0,4.0,7.0
2014-439,Umag,Clay,28,250,O,20140721,6,CG80,,WC,Borna Coric,R,188.0,CRO,17.681,230.0,214.0,R613,7.0,,Edouard Roger-Vasselin,R,185.0,FRA,30.645,46.0,920.0,6-2 6-4,3,R32,98.0,8.0,1.0,65.0,48.0,34.0,10.0,9.0,5.0,5.0,4.0,0.0,78.0,50.0,30.0,13.0,9.0,8.0,11.0
2014-439,Umag,Clay,28,250,O,20140721,7,G681,,,Teymuraz Gabashvili,R,185.0,GEO,29.161,68.0,755.0,L987,,,Dusan Lajovic,R,183.0,SRB,24.057,58.0,808.0,6-4 6-3,3,R32,83.0,2.0,0.0,55.0,38.0,28.0,12.0,9.0,4.0,4.0,1.0,1.0,62.0,38.0,22.0,14.0,10.0,4.0,7.0
2014-439,Umag,Clay,28,250,O,20140721,8,C882,,Q,Pablo Cuevas,R,180.0,URU,28.55,60.0,791.0,DA89,,WC,Mate Delic,R,196.0,CRO,21.227,181.0,288.0,4-6 6-4 6-4,3,R32,124.0,8.0,6.0,82.0,54.0,39.0,11.0,15.0,1.0,5.0,7.0,1.0,105.0,61.0,43.0,18.0,15.0,10.0,15.0
2014-439,Umag,Clay,28,250,O,20140721,9,SA93,6.0,,Andreas Seppi,R,191.0,ITA,30.412,45.0,935.0,CF01,,Q,Marco Cecchinato,R,185.0,ITA,21.804,136.0,439.0,6-2 6-7(2) 6-1,3,R32,114.0,6.0,3.0,90.0,46.0,35.0,28.0,14.0,1.0,1.0,4.0,3.0,82.0,39.0,27.0,22.0,13.0,2.0,6.0
2014-439,Umag,Clay,28,250,O,20140721,10,R685,5.0,,Lukas Rosol,R,193.0,CZE,28.991,43.0,970.0,SM37,,,Diego Schwartzman,R,170.0,ARG,21.927,100.0,569.0,6-3 3-6 7-6(2),3,R32,123.0,9.0,1.0,96.0,53.0,41.0,19.0,15.0,2.0,6.0,1.0,0.0,112.0,69.0,39.0,24.0,15.0,3.0,7.0
2014-439,Umag,Clay,28,250,O,20140721,11,R750,,,Pere Riba,R,183.0,ESP,26.286,97.0,585.0,V708,,,Jiri Vesely,L,198.0,CZE,21.029,67.0,756.0,6-7(7) 6-3 6-3,3,R32,126.0,10.0,1.0,98.0,52.0,34.0,29.0,15.0,5.0,8.0,3.0,6.0,87.0,54.0,34.0,17.0,15.0,2.0,8.0
2014-439,Umag,Clay,28,250,O,20140721,12,SF36,,,Igor Sijsling,R,191.0,NED,26.924,76.0,703.0,R782,,,Julian Reister,R,188.0,GER,28.301,125.0,488.0,7-6(2) 6-7(3) 6-2,3,R32,122.0,7.0,4.0,95.0,53.0,40.0,24.0,16.0,2.0,5.0,1.0,4.0,104.0,88.0,52.0,8.0,16.0,6.0,11.0
2014-439,Umag,Clay,28,250,O,20140721,13,F510,1.0,,Fabio Fognini,R,178.0,ITA,27.159,20.0,1725.0,M824,,,Albert Montanes,R,175.0,ESP,33.648,113.0,535.0,7-6(2) 6-0,3,R16,70.0,7.0,2.0,53.0,28.0,24.0,16.0,9.0,0.0,1.0,2.0,5.0,55.0,32.0,17.0,10.0,9.0,1.0,5.0
2014-439,Umag,Clay,28,250,O,20140721,14,CG80,,WC,Borna Coric,R,188.0,CRO,17.681,230.0,214.0,Z184,,Q,Horacio Zeballos,L,188.0,ARG,29.232,117.0,515.0,7-6(4) 6-3,3,R16,101.0,9.0,1.0,73.0,41.0,32.0,22.0,11.0,3.0,3.0,3.0,2.0,67.0,45.0,34.0,11.0,10.0,4.0,5.0
2014-439,Umag,Clay,28,250,O,20140721,15,G681,,,Teymuraz Gabashvili,R,185.0,GEO,29.161,68.0,755.0,SH90,4.0,,Joao Sousa,R,185.0,POR,25.309,35.0,1122.0,3-6 6-4 6-2,3,R16,118.0,5.0,2.0,79.0,54.0,35.0,13.0,13.0,6.0,10.0,5.0,2.0,82.0,54.0,31.0,12.0,14.0,2.0,8.0
2014-439,Umag,Clay,28,250,O,20140721,16,C882,,Q,Pablo Cuevas,R,180.0,URU,28.55,60.0,791.0,SA93,6.0,,Andreas Seppi,R,191.0,ITA,30.412,45.0,935.0,6-3 6-1,3,R16,63.0,2.0,0.0,48.0,29.0,23.0,12.0,8.0,3.0,3.0,0.0,3.0,46.0,30.0,16.0,7.0,8.0,4.0,8.0
2014-439,Umag,Clay,28,250,O,20140721,17,R685,5.0,,Lukas Rosol,R,193.0,CZE,28.991,43.0,970.0,R750,,,Pere Riba,R,183.0,ESP,26.286,97.0,585.0,7-6(4) 6-1,3,R16,74.0,9.0,2.0,64.0,36.0,33.0,12.0,10.0,2.0,3.0,2.0,1.0,56.0,32.0,20.0,11.0,9.0,1.0,4.0
2014-439,Umag,Clay,28,250,O,20140721,18,C977,3.0,,Marin Cilic,R,198.0,CRO,25.81,22.0,1665.0,SF36,,,Igor Sijsling,R,191.0,NED,26.924,76.0,703.0,7-5 6-3,3,R16,68.0,11.0,1.0,51.0,28.0,26.0,16.0,11.0,0.0,1.0,2.0,2.0,60.0,35.0,24.0,12.0,10.0,1.0,4.0
2014-439,Umag,Clay,28,250,O,20140721,19,CD85,,,Pablo Carreno Busta,R,188.0,ESP,23.025,57.0,815.0,B884,8.0,,Carlos Berlocq,R,183.0,ARG,31.461,55.0,825.0,W/O,3,R16,,11.0,1.0,51.0,28.0,26.0,16.0,11.0,0.0,1.0,2.0,2.0,60.0,35.0,24.0,12.0,10.0,1.0,4.0
2014-439,Umag,Clay,28,250,O,20140721,20,R419,2.0,,Tommy Robredo,R,180.0,ESP,32.222,18.0,1745.0,R772,,,Albert Ramos-Vinolas,L,188.0,ESP,26.508,95.0,588.0,6-4 6-4,3,R16,95.0,2.0,2.0,50.0,31.0,28.0,12.0,10.0,0.0,0.0,0.0,0.0,77.0,56.0,34.0,11.0,10.0,9.0,11.0
2014-439,Umag,Clay,28,250,O,20140721,21,F510,1.0,,Fabio Fognini,R,178.0,ITA,27.159,20.0,1725.0,CG80,,WC,Borna Coric,R,188.0,CRO,17.681,230.0,214.0,5-7 7-6(4) 6-3,3,QF,162.0,2.0,6.0,98.0,49.0,38.0,23.0,16.0,4.0,9.0,3.0,6.0,110.0,70.0,46.0,22.0,17.0,7.0,13.0
2014-439,Umag,Clay,28,250,O,20140721,22,C882,,Q,Pablo Cuevas,R,180.0,URU,28.55,60.0,791.0,G681,,,Teymuraz Gabashvili,R,185.0,GEO,29.161,68.0,755.0,6-3 4-6 6-2,3,QF,128.0,12.0,4.0,89.0,55.0,38.0,18.0,14.0,4.0,7.0,1.0,1.0,92.0,56.0,34.0,17.0,13.0,8.0,13.0
2014-439,Umag,Clay,28,250,O,20140721,23,C977,3.0,,Marin Cilic,R,198.0,CRO,25.81,22.0,1665.0,R685,5.0,,Lukas Rosol,R,193.0,CZE,28.991,43.0,970.0,6-0 6-2,3,QF,62.0,10.0,1.0,40.0,23.0,18.0,12.0,7.0,1.0,1.0,2.0,3.0,62.0,36.0,15.0,13.0,7.0,9.0,14.0
2014-439,Umag,Clay,28,250,O,20140721,24,R419,2.0,,Tommy Robredo,R,180.0,ESP,32.222,18.0,1745.0,CD85,,,Pablo Carreno Busta,R,188.0,ESP,23.025,57.0,815.0,6-1 6-4,3,QF,78.0,1.0,3.0,55.0,28.0,19.0,15.0,8.0,4.0,6.0,0.0,1.0,63.0,39.0,20.0,7.0,9.0,5.0,11.0
2014-439,Umag,Clay,28,250,O,20140721,25,C882,,Q,Pablo Cuevas,R,180.0,URU,28.55,60.0,791.0,F510,1.0,,Fabio Fognini,R,178.0,ITA,27.159,20.0,1725.0,6-3 6-4,3,SF,64.0,3.0,1.0,54.0,36.0,24.0,12.0,10.0,0.0,2.0,0.0,5.0,49.0,32.0,21.0,3.0,9.0,3.0,7.0
2014-439,Umag,Clay,28,250,O,20140721,26,R419,2.0,,Tommy Robredo,R,180.0,ESP,32.222,18.0,1745.0,C977,3.0,,Marin Cilic,R,198.0,CRO,25.81,22.0,1665.0,7-6(10) 6-3,3,SF,104.0,2.0,2.0,72.0,38.0,32.0,18.0,11.0,2.0,3.0,5.0,4.0,68.0,36.0,28.0,13.0,10.0,2.0,4.0
2014-439,Umag,Clay,28,250,O,20140721,27,C882,,Q,Pablo Cuevas,R,180.0,URU,28.55,60.0,791.0,R419,2.0,,Tommy Robredo,R,180.0,ESP,32.222,18.0,1745.0,6-3 6-4,3,F,90.0,2.0,1.0,63.0,49.0,33.0,8.0,10.0,4.0,5.0,3.0,1.0,65.0,44.0,29.0,8.0,9.0,6.0,9.0
2014-6116,Atlanta,Hard,28,250,O,20140721,1,G569,,WC,Robby Ginepri,R,183.0,USA,31.786,281.0,169.0,SC77,,,Sergiy Stakhovsky,R,193.0,UKR,28.537,79.0,672.0,7-6(3) 3-6 6-0,3,R32,101.0,5.0,4.0,86.0,55.0,40.0,16.0,13.0,8.0,11.0,11.0,11.0,94.0,59.0,43.0,8.0,14.0,3.0,8.0
2014-6116,Atlanta,Hard,28,250,O,20140721,2,L575,7.0,,Yen-Hsun Lu,R,180.0,TPE,30.935,42.0,993.0,K737,,LL,Alex Kuznetsov,R,183.0,USA,27.455,171.0,302.0,6-4 6-4,3,R32,82.0,4.0,6.0,63.0,35.0,28.0,14.0,10.0,6.0,7.0,3.0,5.0,59.0,39.0,27.0,7.0,10.0,5.0,8.0
2014-6116,Atlanta,Hard,28,250,O,20140721,3,B896,,,Benjamin Becker,R,178.0,GER,33.095,66.0,758.0,E690,,,Matthew Ebden,R,188.0,AUS,26.65,86.0,628.0,6-4 6-2,3,R32,65.0,4.0,4.0,44.0,25.0,22.0,11.0,9.0,1.0,2.0,4.0,13.0,69.0,36.0,28.0,7.0,9.0,9.0,13.0
2014-6116,Atlanta,Hard,28,250,O,20140721,4,D776,,LL,Thiemo de Bakker,R,193.0,NED,25.834,142.0,418.0,D916,,Q,Steven Diez,R,175.0,CAN,23.346,265.0,181.0,6-1 6-2,3,R32,65.0,10.0,1.0,44.0,23.0,19.0,12.0,7.0,1.0,1.0,1.0,7.0,54.0,26.0,15.0,9.0,8.0,6.0,11.0
2014-6116,Atlanta,Hard,28,250,O,20140721,5,SF62,,,Tim Smyczek,R,175.0,USA,26.557,112.0,538.0,H940,,WC,Ryan Harrison,R,185.0,USA,22.204,145.0,411.0,6-0 6-2,3,R32,53.0,3.0,1.0,44.0,36.0,27.0,5.0,7.0,2.0,2.0,7.0,4.0,44.0,25.0,11.0,6.0,7.0,5.0,10.0
2014-6116,Atlanta,Hard,28,250,O,20140721,6,ME05,8.0,,Marinko Matosevic,R,193.0,AUS,28.95,52.0,862.0,E224,,,Victor Estrella Burgos,R,170.0,DOM,33.966,82.0,662.0,6-0 6-2,3,R32,43.0,6.0,1.0,39.0,21.0,16.0,13.0,7.0,0.0,0.0,1.0,4.0,40.0,26.0,11.0,4.0,7.0,3.0,8.0
2014-6116,Atlanta,Hard,28,250,O,20140721,7,SM25,,,Jack Sock,R,191.0,USA,21.821,72.0,733.0,G892,,,Alejandro Gonzalez,R,191.0,COL,25.448,75.0,723.0,6-2 6-4,3,R32,66.0,9.0,1.0,51.0,28.0,25.0,15.0,9.0,1.0,1.0,2.0,2.0,51.0,29.0,18.0,12.0,9.0,3.0,6.0
2014-6116,Atlanta,Hard,28,250,O,20140721,8,L797,,,Lukas Lacko,R,188.0,SVK,26.713,91.0,594.0,PE00,,WC,Nathan Pasha,R,191.0,USA,22.015,1187.0,6.0,6-2 7-5,3,R32,70.0,6.0,2.0,52.0,25.0,21.0,17.0,10.0,0.0,1.0,6.0,10.0,60.0,29.0,21.0,10.0,10.0,0.0,4.0
2014-6116,Atlanta,Hard,28,250,O,20140721,9,I165,6.0,,Denis Istomin,R,185.0,UZB,27.869,41.0,1020.0,R548,,LL,Rajeev Ram,R,193.0,USA,30.341,157.0,362.0,6-1 6-4,3,R32,69.0,8.0,0.0,49.0,29.0,23.0,14.0,9.0,0.0,0.0,2.0,3.0,58.0,33.0,21.0,11.0,8.0,2.0,5.0
2014-6116,Atlanta,Hard,28,250,O,20140721,10,Q927,9.0,,Sam Querrey,R,198.0,USA,26.787,61.0,790.0,J386,,,Steve Johnson,R,188.0,USA,24.572,64.0,766.0,7-6(3) 7-5,3,R32,92.0,20.0,2.0,68.0,42.0,37.0,16.0,12.0,1.0,1.0,8.0,3.0,81.0,45.0,30.0,21.0,12.0,1.0,2.0
2014-6116,Atlanta,Hard,28,250,O,20140721,11,SC56,,,Dudi Sela,R,175.0,ISR,29.295,94.0,588.0,Y124,,,Donald Young,L,183.0,USA,24.994,73.0,727.0,6-3 6-0,3,R32,61.0,0.0,5.0,54.0,40.0,29.0,6.0,7.0,3.0,3.0,0.0,1.0,47.0,27.0,15.0,6.0,8.0,3.0,8.0
2014-6116,Atlanta,Hard,28,250,O,20140721,12,ME89,,Q,Illya Marchenko,R,185.0,UKR,26.867,182.0,288.0,SJ55,,Q,John-Patrick Smith,L,188.0,AUS,25.487,178.0,292.0,6-4 6-4,3,R32,88.0,7.0,4.0,68.0,39.0,33.0,12.0,10.0,2.0,3.0,3.0,3.0,57.0,33.0,22.0,12.0,10.0,2.0,5.0
2014-6116,Atlanta,Hard,28,250,O,20140721,13,I186,1.0,,John Isner,R,208.0,USA,29.235,12.0,2690.0,G569,,WC,Robby Ginepri,R,183.0,USA,31.786,281.0,169.0,4-6 7-6(5) 7-5,3,R16,147.0,30.0,3.0,109.0,71.0,53.0,23.0,17.0,5.0,6.0,8.0,3.0,116.0,72.0,56.0,23.0,17.0,9.0,10.0
2014-6116,Atlanta,Hard,28,250,O,20140721,14,ME05,8.0,,Marinko Matosevic,R,193.0,AUS,28.95,52.0,862.0,SF62,,,Tim Smyczek,R,175.0,USA,26.557,112.0,538.0,6-4 7-5,3,R16,96.0,6.0,5.0,71.0,48.0,33.0,10.0,11.0,3.0,6.0,2.0,2.0,78.0,47.0,26.0,14.0,11.0,2.0,7.0
2014-6116,Atlanta,Hard,28,250,O,20140721,15,SM25,,,Jack Sock,R,191.0,USA,21.821,72.0,733.0,V576,,Q,Michael Venus,R,191.0,NZL,26.762,349.0,127.0,6-4 6-2,3,R16,67.0,2.0,5.0,55.0,29.0,27.0,12.0,9.0,2.0,2.0,10.0,3.0,49.0,27.0,19.0,9.0,9.0,2.0,5.0
2014-6116,Atlanta,Hard,28,250,O,20140721,16,L797,,,Lukas Lacko,R,188.0,SVK,26.713,91.0,594.0,I165,6.0,,Denis Istomin,R,185.0,UZB,27.869,41.0,1020.0,5-7 6-1 6-4,3,R16,114.0,5.0,6.0,108.0,58.0,41.0,23.0,15.0,8.0,12.0,4.0,6.0,75.0,44.0,33.0,9.0,14.0,1.0,7.0
2014-6116,Atlanta,Hard,28,250,O,20140721,17,SC56,,,Dudi Sela,R,175.0,ISR,29.295,94.0,588.0,Q927,9.0,,Sam Querrey,R,198.0,USA,26.787,61.0,790.0,6-2 6-4,3,R16,62.0,0.0,3.0,46.0,23.0,18.0,15.0,9.0,1.0,2.0,8.0,5.0,55.0,29.0,25.0,6.0,9.0,5.0,9.0
2014-6116,Atlanta,Hard,28,250,O,20140721,18,PD07,4.0,,Vasek Pospisil,R,193.0,CAN,24.077,39.0,1090.0,ME89,,Q,Illya Marchenko,R,185.0,UKR,26.867,182.0,288.0,7-5 6-3,3,R16,94.0,10.0,3.0,69.0,34.0,29.0,21.0,11.0,1.0,1.0,8.0,4.0,63.0,40.0,30.0,9.0,10.0,2.0,4.0
2014-6116,Atlanta,Hard,28,250,O,20140721,19,B896,,,Benjamin Becker,R,178.0,GER,33.095,66.0,758.0,L575,7.0,,Yen-Hsun Lu,R,180.0,TPE,30.935,42.0,993.0,6-4 6-3,3,R16,79.0,6.0,2.0,59.0,30.0,26.0,15.0,9.0,2.0,2.0,2.0,6.0,72.0,44.0,28.0,14.0,10.0,4.0,7.0
2014-6116,Atlanta,Hard,28,250,O,20140721,20,D776,,LL,Thiemo de Bakker,R,193.0,NED,25.834,142.0,418.0,A678,2.0,,Kevin Anderson,R,203.0,RSA,28.175,17.0,1755.0,6-4 7-5,3,R16,109.0,4.0,3.0,71.0,35.0,28.0,18.0,11.0,3.0,4.0,9.0,5.0,85.0,47.0,31.0,17.0,11.0,10.0,13.0
2014-6116,Atlanta,Hard,28,250,O,20140721,21,I186,1.0,,John Isner,R,208.0,USA,29.235,12.0,2690.0,ME05,8.0,,Marinko Matosevic,R,193.0,AUS,28.95,52.0,862.0,7-6(8) 6-4,3,QF,101.0,17.0,2.0,80.0,39.0,33.0,23.0,11.0,2.0,3.0,7.0,6.0,73.0,47.0,37.0,11.0,11.0,3.0,5.0
2014-6116,Atlanta,Hard,28,250,O,20140721,22,SM25,,,Jack Sock,R,191.0,USA,21.821,72.0,733.0,L797,,,Lukas Lacko,R,188.0,SVK,26.713,91.0,594.0,7-6(6) 6-2,3,QF,81.0,6.0,3.0,65.0,39.0,27.0,16.0,10.0,2.0,4.0,5.0,2.0,62.0,36.0,24.0,9.0,10.0,0.0,4.0
2014-6116,Atlanta,Hard,28,250,O,20140721,23,SC56,,,Dudi Sela,R,175.0,ISR,29.295,94.0,588.0,PD07,4.0,,Vasek Pospisil,R,193.0,CAN,24.077,39.0,1090.0,7-5 1-6 6-2,3,QF,103.0,0.0,2.0,70.0,36.0,24.0,16.0,13.0,2.0,6.0,6.0,5.0,72.0,43.0,29.0,12.0,14.0,1.0,6.0
2014-6116,Atlanta,Hard,28,250,O,20140721,24,B896,,,Benjamin Becker,R,178.0,GER,33.095,66.0,758.0,D776,,LL,Thiemo de Bakker,R,193.0,NED,25.834,142.0,418.0,6-4 6-2,3,QF,65.0,6.0,0.0,51.0,27.0,18.0,20.0,9.0,1.0,1.0,10.0,1.0,56.0,32.0,23.0,10.0,9.0,4.0,7.0
2014-6116,Atlanta,Hard,28,250,O,20140721,25,I186,1.0,,John Isner,R,208.0,USA,29.235,12.0,2690.0,SM25,,,Jack Sock,R,191.0,USA,21.821,72.0,733.0,7-5 6-4,3,SF,98.0,8.0,4.0,64.0,34.0,32.0,15.0,11.0,2.0,2.0,9.0,5.0,87.0,46.0,31.0,24.0,11.0,6.0,8.0
2014-6116,Atlanta,Hard,28,250,O,20140721,26,SC56,,,Dudi Sela,R,175.0,ISR,29.295,94.0,588.0,B896,,,Benjamin Becker,R,178.0,GER,33.095,66.0,758.0,6-3 3-6 6-3,3,SF,111.0,3.0,4.0,85.0,48.0,35.0,20.0,14.0,5.0,7.0,7.0,3.0,81.0,47.0,35.0,14.0,13.0,7.0,10.0
2014-6116,Atlanta,Hard,28,250,O,20140721,27,I186,1.0,,John Isner,R,208.0,USA,29.235,12.0,2690.0,SC56,,,Dudi Sela,R,175.0,ISR,29.295,94.0,588.0,6-3 6-4,3,F,71.0,15.0,2.0,58.0,33.0,28.0,14.0,10.0,1.0,1.0,2.0,4.0,51.0,33.0,26.0,7.0,9.0,0.0,2.0
2014-319,Kitzbuhel,Clay,28,250,O,20140727,1,GB88,,WC,David Goffin,R,180.0,BEL,23.636,78.0,693.0,D750,,,Kenny De Schepper,L,203.0,FRA,27.162,102.0,561.0,6-2 6-4,3,R32,64.0,5.0,2.0,48.0,29.0,25.0,12.0,9.0,3.0,3.0,10.0,5.0,61.0,36.0,25.0,8.0,9.0,2.0,5.0
2014-319,Kitzbuhel,Clay,28,250,O,20140727,2,TB69,5.0,,Dominic Thiem,R,185.0,AUT,20.895,50.0,882.0,SG64,,Q,Joao Souza,R,193.0,BRA,26.166,110.0,533.0,7-6(4) 3-6 7-5,3,R32,161.0,5.0,9.0,116.0,64.0,40.0,25.0,16.0,7.0,12.0,3.0,2.0,94.0,57.0,40.0,21.0,17.0,6.0,11.0
2014-319,Kitzbuhel,Clay,28,250,O,20140727,3,V708,,,Jiri Vesely,L,198.0,CZE,21.046,70.0,756.0,SL28,,,Jan-Lennard Struff,R,193.0,GER,24.255,76.0,703.0,6-4 6-4,3,R32,78.0,9.0,3.0,52.0,28.0,26.0,16.0,10.0,1.0,1.0,0.0,3.0,69.0,39.0,26.0,15.0,10.0,4.0,6.0
2014-319,Kitzbuhel,Clay,28,250,O,20140727,4,SM37,,,Diego Schwartzman,R,170.0,ARG,21.944,100.0,569.0,Z355,,WC,Alexander Zverev,R,198.0,GER,17.268,159.0,343.0,6-1 6-0,3,R32,57.0,1.0,1.0,40.0,25.0,15.0,10.0,6.0,3.0,4.0,2.0,3.0,47.0,21.0,4.0,12.0,7.0,5.0,12.0
2014-319,Kitzbuhel,Clay,28,250,O,20140727,5,A596,,,Pablo Andujar,R,180.0,ESP,28.507,44.0,961.0,M762,,,Jurgen Melzer,L,183.0,AUT,33.18,67.0,770.0,6-3 6-4,3,R32,80.0,1.0,1.0,59.0,36.0,30.0,15.0,10.0,3.0,3.0,1.0,3.0,57.0,34.0,25.0,10.0,9.0,2.0,4.0
2014-319,Kitzbuhel,Clay,28,250,O,20140727,6,L503,,,Paolo Lorenzi,R,183.0,ITA,32.613,83.0,644.0,H756,6.0,,Robin Haase,R,191.0,NED,27.307,61.0,805.0,6-2 6-3,3,R32,70.0,4.0,1.0,53.0,33.0,26.0,12.0,8.0,2.0,2.0,0.0,0.0,53.0,32.0,18.0,10.0,9.0,3.0,7.0
2014-319,Kitzbuhel,Clay,28,250,O,20140727,7,H804,,,Andreas Haider-Maurer,R,191.0,AUT,27.348,113.0,527.0,MI43,,WC,Gerald Melzer,L,188.0,AUT,24.038,147.0,404.0,6-2 7-6(1),3,R32,112.0,7.0,5.0,79.0,40.0,29.0,17.0,10.0,8.0,11.0,3.0,6.0,88.0,52.0,29.0,13.0,10.0,7.0,12.0
2014-319,Kitzbuhel,Clay,28,250,O,20140727,8,R772,,Q,Albert Ramos-Vinolas,L,188.0,ESP,26.524,97.0,591.0,GB61,,Q,Viktor Galovic,R,193.0,CRO,23.852,732.0,31.0,6-7(5) 7-5 6-2,3,R32,150.0,2.0,6.0,98.0,60.0,42.0,21.0,16.0,2.0,5.0,7.0,4.0,102.0,62.0,37.0,19.0,16.0,0.0,6.0
2014-319,Kitzbuhel,Clay,28,250,O,20140727,9,G585,,Q,Maximo Gonzalez,R,173.0,ARG,31.02,104.0,553.0,CD85,8.0,,Pablo Carreno Busta,R,188.0,ESP,23.042,55.0,831.0,6-3 4-6 7-5,3,R32,150.0,6.0,1.0,99.0,61.0,36.0,20.0,16.0,9.0,14.0,2.0,3.0,96.0,51.0,32.0,21.0,15.0,8.0,14.0
2014-319,Kitzbuhel,Clay,28,250,O,20140727,10,N289,7.0,,Jarkko Nieminen,L,185.0,FIN,33.01,52.0,853.0,G681,,,Teymuraz Gabashvili,R,185.0,GEO,29.177,66.0,780.0,6-4 6-4,3,R32,81.0,1.0,2.0,61.0,44.0,32.0,7.0,10.0,3.0,5.0,5.0,5.0,66.0,39.0,28.0,8.0,10.0,3.0,7.0
2014-319,Kitzbuhel,Clay,28,250,O,20140727,11,MA21,,,Juan Monaco,R,185.0,ARG,30.327,81.0,655.0,G806,,,Andrey Golubev,R,180.0,KAZ,27.014,65.0,782.0,0-6 6-2 6-1,3,R32,92.0,0.0,0.0,71.0,45.0,26.0,15.0,11.0,6.0,9.0,3.0,5.0,73.0,45.0,27.0,12.0,10.0,5.0,9.0
2014-319,Kitzbuhel,Clay,28,250,O,20140727,12,R750,,,Pere Riba,R,183.0,ESP,26.303,103.0,557.0,BA65,,,Dustin Brown,R,196.0,JAM,29.632,95.0,596.0,7-6(6) 7-5,3,R32,84.0,6.0,3.0,76.0,38.0,29.0,25.0,12.0,2.0,3.0,14.0,6.0,71.0,43.0,36.0,11.0,12.0,3.0,5.0
2014-319,Kitzbuhel,Clay,28,250,O,20140727,13,GB88,,WC,David Goffin,R,180.0,BEL,23.636,78.0,693.0,K435,1.0,,Philipp Kohlschreiber,R,178.0,GER,30.779,24.0,1505.0,6-3 7-5,3,R16,84.0,3.0,7.0,74.0,30.0,24.0,23.0,11.0,6.0,7.0,7.0,1.0,58.0,31.0,24.0,10.0,10.0,0.0,3.0
2014-319,Kitzbuhel,Clay,28,250,O,20140727,14,L503,,,Paolo Lorenzi,R,183.0,ITA,32.613,83.0,644.0,A596,,,Pablo Andujar,R,180.0,ESP,28.507,44.0,961.0,6-2 6-0,3,R16,67.0,1.0,1.0,49.0,23.0,18.0,15.0,7.0,5.0,5.0,0.0,2.0,50.0,27.0,11.0,11.0,7.0,3.0,8.0
2014-319,Kitzbuhel,Clay,28,250,O,20140727,15,R685,3.0,,Lukas Rosol,R,193.0,CZE,29.008,43.0,970.0,H804,,,Andreas Haider-Maurer,R,191.0,AUT,27.348,113.0,527.0,6-3 7-6(4),3,R16,98.0,9.0,4.0,75.0,40.0,30.0,20.0,10.0,4.0,5.0,1.0,3.0,96.0,51.0,34.0,20.0,11.0,8.0,11.0
2014-319,Kitzbuhel,Clay,28,250,O,20140727,16,G585,,Q,Maximo Gonzalez,R,173.0,ARG,31.02,104.0,553.0,R772,,Q,Albert Ramos-Vinolas,L,188.0,ESP,26.524,97.0,591.0,6-4 6-4,3,R16,98.0,1.0,0.0,59.0,41.0,26.0,10.0,10.0,4.0,7.0,0.0,1.0,64.0,44.0,25.0,6.0,10.0,4.0,9.0
2014-319,Kitzbuhel,Clay,28,250,O,20140727,17,MA21,,,Juan Monaco,R,185.0,ARG,30.327,81.0,655.0,N289,7.0,,Jarkko Nieminen,L,185.0,FIN,33.01,52.0,853.0,6-3 6-4,3,R16,69.0,4.0,1.0,46.0,36.0,25.0,7.0,9.0,0.0,2.0,1.0,3.0,60.0,32.0,20.0,11.0,10.0,2.0,7.0
2014-319,Kitzbuhel,Clay,28,250,O,20140727,18,SA93,4.0,,Andreas Seppi,R,191.0,ITA,30.428,48.0,890.0,R750,,,Pere Riba,R,183.0,ESP,26.303,103.0,557.0,W/O,3,R16,,4.0,1.0,46.0,36.0,25.0,7.0,9.0,0.0,2.0,1.0,3.0,60.0,32.0,20.0,11.0,10.0,2.0,7.0
2014-319,Kitzbuhel,Clay,28,250,O,20140727,19,TB69,5.0,,Dominic Thiem,R,185.0,AUT,20.895,50.0,882.0,V708,,,Jiri Vesely,L,198.0,CZE,21.046,70.0,756.0,6-3 7-6(3),3,R16,95.0,2.0,2.0,73.0,40.0,30.0,16.0,11.0,3.0,5.0,4.0,4.0,65.0,39.0,24.0,12.0,10.0,5.0,8.0
2014-319,Kitzbuhel,Clay,28,250,O,20140727,20,G710,2.0,,Marcel Granollers,R,191.0,ESP,28.29,28.0,1285.0,SM37,,,Diego Schwartzman,R,170.0,ARG,21.944,100.0,569.0,6-3 6-4,3,R16,80.0,3.0,1.0,58.0,35.0,21.0,12.0,10.0,1.0,4.0,0.0,2.0,52.0,33.0,16.0,7.0,9.0,0.0,5.0
2014-319,Kitzbuhel,Clay,28,250,O,20140727,21,GB88,,WC,David Goffin,R,180.0,BEL,23.636,78.0,693.0,L503,,,Paolo Lorenzi,R,183.0,ITA,32.613,83.0,644.0,6-2 6-1,3,QF,67.0,4.0,1.0,47.0,23.0,17.0,14.0,8.0,1.0,2.0,1.0,3.0,47.0,36.0,17.0,3.0,7.0,0.0,5.0
2014-319,Kitzbuhel,Clay,28,250,O,20140727,22,G585,,Q,Maximo Gonzalez,R,173.0,ARG,31.02,104.0,553.0,R685,3.0,,Lukas Rosol,R,193.0,CZE,29.008,43.0,970.0,6-3 4-6 6-3,3,QF,100.0,1.0,2.0,84.0,54.0,42.0,14.0,14.0,5.0,7.0,7.0,2.0,77.0,38.0,29.0,17.0,14.0,0.0,4.0
2014-319,Kitzbuhel,Clay,28,250,O,20140727,23,MA21,,,Juan Monaco,R,185.0,ARG,30.327,81.0,655.0,SA93,4.0,,Andreas Seppi,R,191.0,ITA,30.428,48.0,890.0,6-2 3-6 6-3,3,QF,108.0,1.0,2.0,76.0,47.0,30.0,22.0,13.0,2.0,4.0,2.0,4.0,85.0,41.0,30.0,19.0,13.0,4.0,8.0
2014-319,Kitzbuhel,Clay,28,250,O,20140727,24,TB69,5.0,,Dominic Thiem,R,185.0,AUT,20.895,50.0,882.0,G710,2.0,,Marcel Granollers,R,191.0,ESP,28.29,28.0,1285.0,6-4 7-5,3,QF,107.0,3.0,1.0,59.0,30.0,23.0,16.0,11.0,0.0,3.0,2.0,6.0,72.0,38.0,25.0,11.0,11.0,3.0,8.0
2014-319,Kitzbuhel,Clay,28,250,O,20140727,25,GB88,,WC,David Goffin,R,180.0,BEL,23.636,78.0,693.0,G585,,Q,Maximo Gonzalez,R,173.0,ARG,31.02,104.0,553.0,5-7 6-4 6-3,3,SF,143.0,8.0,1.0,91.0,48.0,36.0,19.0,15.0,3.0,7.0,2.0,5.0,117.0,72.0,43.0,22.0,16.0,13.0,19.0
2014-319,Kitzbuhel,Clay,28,250,O,20140727,26,TB69,5.0,,Dominic Thiem,R,185.0,AUT,20.895,50.0,882.0,MA21,,,Juan Monaco,R,185.0,ARG,30.327,81.0,655.0,6-3 6-1,3,SF,59.0,6.0,0.0,42.0,28.0,23.0,7.0,8.0,0.0,1.0,0.0,1.0,49.0,31.0,14.0,8.0,8.0,2.0,7.0
2014-319,Kitzbuhel,Clay,28,250,O,20140727,27,GB88,,WC,David Goffin,R,180.0,BEL,23.636,78.0,693.0,TB69,5.0,,Dominic Thiem,R,185.0,AUT,20.895,50.0,882.0,4-6 6-1 6-3,3,F,119.0,1.0,0.0,83.0,52.0,37.0,19.0,13.0,5.0,6.0,6.0,4.0,87.0,45.0,31.0,20.0,13.0,8.0,12.0
2014-418,Washington,Hard,48,500,O,20140728,1,G569,,Q,Robby Ginepri,R,183.0,USA,31.806,266.0,183.0,F444,,,Alejandro Falla,L,185.0,COL,30.702,74.0,723.0,6-4 6-2,3,R64,72.0,2.0,0.0,51.0,35.0,27.0,11.0,9.0,4.0,4.0,8.0,6.0,73.0,39.0,25.0,15.0,9.0,5.0,8.0
2014-418,Washington,Hard,48,500,O,20140728,2,J267,,,Malek Jaziri,R,185.0,TUN,30.519,114.0,526.0,SC77,,,Sergiy Stakhovsky,R,193.0,UKR,28.556,79.0,672.0,7-6(2) 6-4,3,R64,89.0,1.0,1.0,76.0,33.0,29.0,26.0,11.0,4.0,4.0,7.0,9.0,84.0,41.0,36.0,16.0,11.0,6.0,7.0
2014-418,Washington,Hard,48,500,O,20140728,3,TA46,,,Bernard Tomic,R,196.0,AUS,21.766,72.0,746.0,G892,,,Alejandro Gonzalez,R,191.0,COL,25.467,85.0,641.0,6-3 6-2,3,R64,58.0,10.0,3.0,49.0,36.0,31.0,7.0,9.0,2.0,2.0,1.0,2.0,46.0,19.0,14.0,10.0,8.0,1.0,4.0
2014-418,Washington,Hard,48,500,O,20140728,4,Y124,,,Donald Young,L,183.0,USA,25.013,73.0,727.0,SE73,,Q,Yuichi Sugita,R,175.0,JPN,25.856,131.0,459.0,6-4 4-6 6-4,3,R64,122.0,2.0,4.0,84.0,48.0,32.0,23.0,15.0,4.0,7.0,8.0,3.0,99.0,47.0,30.0,27.0,15.0,8.0,12.0
2014-418,Washington,Hard,48,500,O,20140728,5,J386,,,Steve Johnson,R,188.0,USA,24.591,68.0,766.0,D994,,WC,James Duckworth,R,183.0,AUS,22.516,155.0,358.0,6-3 7-6(4),3,R64,75.0,23.0,4.0,84.0,48.0,40.0,19.0,11.0,5.0,5.0,8.0,0.0,62.0,40.0,32.0,11.0,10.0,4.0,5.0
2014-418,Washington,Hard,48,500,O,20140728,6,PD31,,,Benoit Paire,R,196.0,FRA,25.221,98.0,585.0,D499,,,Frank Dancevic,R,185.0,CAN,29.834,123.0,492.0,6-4 6-0,3,R64,39.0,10.0,4.0,39.0,23.0,21.0,11.0,8.0,0.0,0.0,0.0,2.0,45.0,23.0,13.0,9.0,8.0,1.0,5.0
2014-418,Washington,Hard,48,500,O,20140728,7,ME05,,,Marinko Matosevic,R,193.0,AUS,28.969,49.0,887.0,ME89,,Q,Illya Marchenko,R,185.0,UKR,26.886,170.0,305.0,6-4 7-5,3,R64,94.0,2.0,4.0,68.0,38.0,27.0,15.0,11.0,3.0,5.0,4.0,6.0,77.0,49.0,29.0,12.0,11.0,4.0,8.0
2014-418,Washington,Hard,48,500,O,20140728,8,SM25,,,Jack Sock,R,191.0,USA,21.84,60.0,807.0,B678,,,Michael Berrer,L,193.0,GER,34.073,124.0,489.0,7-6(2) 6-4,3,R64,75.0,4.0,6.0,63.0,33.0,32.0,17.0,11.0,0.0,0.0,3.0,3.0,73.0,47.0,34.0,14.0,11.0,3.0,4.0
2014-418,Washington,Hard,48,500,O,20140728,9,R548,,Q,Rajeev Ram,R,193.0,USA,30.36,152.0,368.0,DC58,,Q,Jared Donaldson,R,188.0,USA,17.799,326.0,137.0,6-7(1) 6-4 7-5,3,R64,127.0,6.0,4.0,90.0,53.0,42.0,29.0,17.0,2.0,2.0,12.0,2.0,93.0,48.0,37.0,32.0,17.0,0.0,2.0
2014-418,Washington,Hard,48,500,O,20140728,10,B896,,,Benjamin Becker,R,178.0,GER,33.114,56.0,828.0,K834,,,Blaz Kavcic,R,188.0,SLO,27.398,82.0,651.0,6-3 7-6(7),3,R64,82.0,6.0,5.0,71.0,43.0,36.0,11.0,11.0,1.0,3.0,8.0,2.0,65.0,42.0,29.0,11.0,10.0,3.0,6.0
2014-418,Washington,Hard,48,500,O,20140728,11,E224,,,Victor Estrella Burgos,R,170.0,DOM,33.985,87.0,635.0,K839,,,Tobias Kamke,R,178.0,GER,28.186,77.0,699.0,6-2 4-6 7-6(4),3,R64,140.0,6.0,4.0,95.0,51.0,39.0,22.0,15.0,3.0,7.0,2.0,7.0,128.0,79.0,49.0,21.0,15.0,8.0,13.0
2014-418,Washington,Hard,48,500,O,20140728,12,Q927,,,Sam Querrey,R,198.0,USA,26.806,63.0,790.0,R368,,,Michael Russell,R,173.0,USA,36.241,143.0,416.0,6-4 6-3,3,R64,71.0,17.0,2.0,50.0,30.0,28.0,11.0,10.0,1.0,2.0,3.0,1.0,74.0,51.0,32.0,9.0,9.0,8.0,11.0
2014-418,Washington,Hard,48,500,O,20140728,13,L797,,,Lukas Lacko,R,188.0,SVK,26.732,91.0,619.0,PF65,,WC,Filip Peliwo,R,180.0,POL,20.49,270.0,179.0,7-5 6-3,3,R64,71.0,2.0,2.0,58.0,34.0,24.0,16.0,11.0,3.0,5.0,5.0,4.0,61.0,36.0,26.0,9.0,10.0,6.0,10.0
2014-418,Washington,Hard,48,500,O,20140728,14,SF62,,,Tim Smyczek,R,175.0,USA,26.576,108.0,546.0,K737,,Q,Alex Kuznetsov,R,183.0,USA,27.474,168.0,308.0,6-3 6-0,3,R64,57.0,3.0,2.0,47.0,30.0,25.0,9.0,8.0,1.0,1.0,3.0,1.0,43.0,29.0,18.0,2.0,7.0,1.0,5.0
2014-418,Washington,Hard,48,500,O,20140728,15,SC56,,,Dudi Sela,R,175.0,ISR,29.314,88.0,628.0,G940,,LL,Sam Groth,R,193.0,AUS,26.773,96.0,594.0,7-6(3) 3-6 6-4,3,R64,121.0,0.0,4.0,113.0,74.0,47.0,20.0,16.0,12.0,16.0,16.0,5.0,85.0,51.0,42.0,15.0,15.0,3.0,6.0
2014-418,Washington,Hard,48,500,O,20140728,16,D864,,,Evgeny Donskoy,R,185.0,RUS,24.219,111.0,528.0,TD51,,WC,Frances Tiafoe,R,188.0,USA,16.517,1139.0,7.0,6-4 6-4,3,R64,78.0,5.0,2.0,56.0,36.0,31.0,9.0,10.0,2.0,3.0,2.0,6.0,71.0,39.0,29.0,13.0,10.0,9.0,12.0
2014-418,Washington,Hard,48,500,O,20140728,17,BA47,1.0,,Tomas Berdych,R,196.0,CZE,28.86,5.0,4410.0,G569,,Q,Robby Ginepri,R,183.0,USA,31.806,266.0,183.0,6-1 6-4,3,R32,69.0,4.0,5.0,52.0,25.0,21.0,16.0,9.0,1.0,2.0,2.0,4.0,53.0,32.0,21.0,5.0,8.0,1.0,5.0
2014-418,Washington,Hard,48,500,O,20140728,18,PD07,13.0,,Vasek Pospisil,R,193.0,CAN,24.096,36.0,1115.0,R548,,Q,Rajeev Ram,R,193.0,USA,30.36,152.0,368.0,6-0 7-6(8),3,R32,98.0,3.0,2.0,65.0,41.0,32.0,17.0,9.0,5.0,5.0,3.0,2.0,88.0,55.0,34.0,18.0,9.0,9.0,12.0
2014-418,Washington,Hard,48,500,O,20140728,19,G725,10.0,,Santiago Giraldo,R,188.0,COL,26.667,34.0,1135.0,B896,,,Benjamin Becker,R,178.0,GER,33.114,56.0,828.0,6-2 7-6(3),3,R32,99.0,3.0,0.0,79.0,49.0,33.0,17.0,10.0,7.0,9.0,7.0,1.0,74.0,42.0,27.0,13.0,10.0,3.0,7.0
2014-418,Washington,Hard,48,500,O,20140728,20,E224,,,Victor Estrella Burgos,R,170.0,DOM,33.985,87.0,635.0,L397,8.0,,Feliciano Lopez,L,188.0,ESP,32.851,25.0,1500.0,7-6(5) 6-4,3,R32,79.0,4.0,2.0,66.0,52.0,45.0,7.0,11.0,1.0,1.0,12.0,2.0,68.0,39.0,30.0,19.0,11.0,2.0,3.0
2014-418,Washington,Hard,48,500,O,20140728,21,N552,4.0,,Kei Nishikori,R,178.0,JPN,24.578,11.0,2780.0,Q927,,,Sam Querrey,R,198.0,USA,26.806,63.0,790.0,6-4 5-7 6-4,3,R32,112.0,9.0,1.0,85.0,47.0,40.0,25.0,16.0,1.0,2.0,12.0,3.0,87.0,56.0,46.0,17.0,16.0,3.0,5.0
2014-418,Washington,Hard,48,500,O,20140728,22,L797,,,Lukas Lacko,R,188.0,SVK,26.732,91.0,619.0,L575,16.0,,Yen-Hsun Lu,R,180.0,TPE,30.954,42.0,993.0,6-1 6-4,3,R32,52.0,3.0,0.0,43.0,28.0,26.0,10.0,9.0,0.0,0.0,4.0,3.0,44.0,29.0,18.0,5.0,8.0,1.0,4.0
2014-418,Washington,Hard,48,500,O,20140728,23,SF62,,,Tim Smyczek,R,175.0,USA,26.576,108.0,546.0,CA12,12.0,,Jeremy Chardy,R,188.0,FRA,27.455,38.0,1105.0,7-6(5) 3-6 6-4,3,R32,124.0,5.0,6.0,107.0,60.0,43.0,23.0,15.0,3.0,6.0,9.0,6.0,105.0,60.0,43.0,22.0,16.0,5.0,8.0
2014-418,Washington,Hard,48,500,O,20140728,24,G628,6.0,,Richard Gasquet,R,183.0,FRA,28.11,14.0,2370.0,SC56,,,Dudi Sela,R,175.0,ISR,29.314,88.0,628.0,6-3 6-2,3,R32,71.0,3.0,2.0,52.0,27.0,21.0,17.0,9.0,4.0,5.0,0.0,3.0,61.0,34.0,19.0,13.0,8.0,6.0,10.0
2014-418,Washington,Hard,48,500,O,20140728,25,A678,7.0,,Kevin Anderson,R,203.0,RSA,28.194,21.0,1605.0,D864,,,Evgeny Donskoy,R,185.0,RUS,24.219,111.0,528.0,6-3 6-4,3,R32,80.0,5.0,2.0,57.0,33.0,27.0,15.0,10.0,1.0,1.0,3.0,1.0,54.0,31.0,23.0,13.0,9.0,2.0,4.0
2014-418,Washington,Hard,48,500,O,20140728,26,J267,,,Malek Jaziri,R,185.0,TUN,30.519,114.0,526.0,S694,11.0,,Radek Stepanek,R,185.0,CZE,35.666,35.0,1130.0,2-6 7-6(3) 6-1,3,R32,120.0,6.0,2.0,102.0,50.0,32.0,30.0,14.0,7.0,10.0,4.0,4.0,81.0,46.0,29.0,22.0,13.0,4.0,7.0
2014-418,Washington,Hard,48,500,O,20140728,27,I165,15.0,,Denis Istomin,R,185.0,UZB,27.888,41.0,1040.0,TA46,,,Bernard Tomic,R,196.0,AUS,21.766,72.0,746.0,6-4 7-6(6),3,R32,89.0,4.0,2.0,71.0,49.0,34.0,12.0,11.0,5.0,7.0,11.0,0.0,77.0,47.0,31.0,14.0,11.0,5.0,8.0
2014-418,Washington,Hard,48,500,O,20140728,28,Y124,,,Donald Young,L,183.0,USA,25.013,73.0,727.0,B747,17.0,,Julien Benneteau,R,185.0,FRA,32.602,46.0,935.0,6-4 6-3,3,R32,97.0,1.0,2.0,77.0,49.0,33.0,12.0,10.0,10.0,12.0,6.0,7.0,65.0,28.0,21.0,13.0,9.0,8.0,12.0
2014-418,Washington,Hard,48,500,O,20140728,29,J386,,,Steve Johnson,R,188.0,USA,24.591,68.0,766.0,I186,5.0,,John Isner,R,208.0,USA,29.254,12.0,2690.0,6-7(5) 6-3 7-6(6),3,R32,127.0,11.0,2.0,99.0,55.0,49.0,30.0,17.0,0.0,0.0,29.0,3.0,103.0,66.0,59.0,16.0,16.0,1.0,2.0
2014-418,Washington,Hard,48,500,O,20140728,30,K336,9.0,,Ivo Karlovic,R,211.0,CRO,35.411,31.0,1180.0,PD31,,,Benoit Paire,R,196.0,FRA,25.221,98.0,585.0,7-6(5) 6-7(11) 7-6(2),3,R32,145.0,24.0,8.0,112.0,72.0,65.0,23.0,18.0,1.0,2.0,12.0,12.0,137.0,76.0,59.0,34.0,18.0,3.0,4.0
2014-418,Washington,Hard,48,500,O,20140728,31,H432,14.0,,Lleyton Hewitt,R,178.0,AUS,33.421,45.0,960.0,ME05,,,Marinko Matosevic,R,193.0,AUS,28.969,49.0,887.0,6-4 6-3,3,R32,82.0,2.0,7.0,56.0,31.0,23.0,11.0,9.0,5.0,7.0,4.0,1.0,55.0,31.0,17.0,12.0,10.0,3.0,8.0
2014-418,Washington,Hard,48,500,O,20140728,32,R975,2.0,,Milos Raonic,R,196.0,CAN,23.584,7.0,3920.0,SM25,,,Jack Sock,R,191.0,USA,21.84,60.0,807.0,7-6(3) 7-6(3),3,R32,103.0,16.0,2.0,71.0,44.0,36.0,19.0,12.0,2.0,3.0,8.0,2.0,86.0,60.0,44.0,11.0,12.0,4.0,5.0
2014-418,Washington,Hard,48,500,O,20140728,33,PD07,13.0,,Vasek Pospisil,R,193.0,CAN,24.096,36.0,1115.0,BA47,1.0,,Tomas Berdych,R,196.0,CZE,28.86,5.0,4410.0,6-2 6-4,3,R16,82.0,6.0,2.0,54.0,28.0,23.0,14.0,9.0,3.0,4.0,4.0,5.0,59.0,33.0,22.0,10.0,9.0,6.0,10.0
2014-418,Washington,Hard,48,500,O,20140728,34,G725,10.0,,Santiago Giraldo,R,188.0,COL,26.667,34.0,1135.0,E224,,,Victor Estrella Burgos,R,170.0,DOM,33.985,87.0,635.0,6-2 6-0,3,R16,56.0,3.0,0.0,40.0,26.0,21.0,9.0,7.0,1.0,1.0,2.0,0.0,51.0,28.0,15.0,7.0,7.0,6.0,11.0
2014-418,Washington,Hard,48,500,O,20140728,35,N552,4.0,,Kei Nishikori,R,178.0,JPN,24.578,11.0,2780.0,L797,,,Lukas Lacko,R,188.0,SVK,26.732,91.0,619.0,6-2 2-6 6-3,3,R16,89.0,8.0,6.0,74.0,39.0,32.0,14.0,12.0,3.0,6.0,1.0,8.0,79.0,39.0,25.0,17.0,13.0,2.0,7.0
2014-418,Washington,Hard,48,500,O,20140728,36,G628,6.0,,Richard Gasquet,R,183.0,FRA,28.11,14.0,2370.0,SF62,,,Tim Smyczek,R,175.0,USA,26.576,108.0,546.0,6-3 6-2,3,R16,61.0,5.0,0.0,47.0,22.0,19.0,18.0,9.0,0.0,0.0,4.0,1.0,45.0,25.0,17.0,10.0,8.0,0.0,3.0
2014-418,Washington,Hard,48,500,O,20140728,37,A678,7.0,,Kevin Anderson,R,203.0,RSA,28.194,21.0,1605.0,J267,,,Malek Jaziri,R,185.0,TUN,30.519,114.0,526.0,6-3 6-4,3,R16,63.0,14.0,3.0,51.0,37.0,34.0,8.0,10.0,1.0,1.0,1.0,2.0,51.0,23.0,16.0,17.0,9.0,1.0,3.0
2014-418,Washington,Hard,48,500,O,20140728,38,Y124,,,Donald Young,L,183.0,USA,25.013,73.0,727.0,I165,15.0,,Denis Istomin,R,185.0,UZB,27.888,41.0,1040.0,6-3 3-6 6-3,3,R16,100.0,5.0,1.0,85.0,52.0,41.0,19.0,14.0,4.0,5.0,11.0,3.0,89.0,63.0,44.0,13.0,13.0,8.0,10.0
2014-418,Washington,Hard,48,500,O,20140728,39,J386,,,Steve Johnson,R,188.0,USA,24.591,68.0,766.0,K336,9.0,,Ivo Karlovic,R,211.0,CRO,35.411,31.0,1180.0,3-6 7-6(4) 7-6(7),3,R16,120.0,7.0,1.0,97.0,60.0,50.0,24.0,17.0,1.0,3.0,27.0,3.0,91.0,57.0,51.0,23.0,16.0,0.0,0.0
2014-418,Washington,Hard,48,500,O,20140728,40,R975,2.0,,Milos Raonic,R,196.0,CAN,23.584,7.0,3920.0,H432,14.0,,Lleyton Hewitt,R,178.0,AUS,33.421,45.0,960.0,7-6(1) 7-6(3),3,R16,110.0,27.0,9.0,87.0,54.0,48.0,15.0,12.0,4.0,4.0,9.0,4.0,77.0,39.0,33.0,20.0,12.0,1.0,1.0
2014-418,Washington,Hard,48,500,O,20140728,41,PD07,13.0,,Vasek Pospisil,R,193.0,CAN,24.096,36.0,1115.0,G725,10.0,,Santiago Giraldo,R,188.0,COL,26.667,34.0,1135.0,6-7(4) 6-3 6-4,3,QF,152.0,10.0,6.0,103.0,58.0,47.0,23.0,15.0,4.0,4.0,3.0,1.0,110.0,74.0,47.0,24.0,16.0,9.0,12.0
2014-418,Washington,Hard,48,500,O,20140728,42,G628,6.0,,Richard Gasquet,R,183.0,FRA,28.11,14.0,2370.0,N552,4.0,,Kei Nishikori,R,178.0,JPN,24.578,11.0,2780.0,6-1 6-4,3,QF,59.0,9.0,1.0,52.0,30.0,25.0,14.0,9.0,1.0,1.0,2.0,2.0,40.0,25.0,16.0,8.0,8.0,0.0,3.0
2014-418,Washington,Hard,48,500,O,20140728,43,Y124,,,Donald Young,L,183.0,USA,25.013,73.0,727.0,A678,7.0,,Kevin Anderson,R,203.0,RSA,28.194,21.0,1605.0,3-6 7-6(3) 6-2,3,QF,124.0,5.0,3.0,106.0,73.0,56.0,15.0,15.0,3.0,5.0,11.0,4.0,86.0,61.0,48.0,11.0,14.0,5.0,7.0
2014-418,Washington,Hard,48,500,O,20140728,44,R975,2.0,,Milos Raonic,R,196.0,CAN,23.584,7.0,3920.0,J386,,,Steve Johnson,R,188.0,USA,24.591,68.0,766.0,7-6(2) 6-2,3,QF,80.0,16.0,2.0,63.0,37.0,32.0,17.0,10.0,0.0,0.0,13.0,2.0,58.0,42.0,33.0,6.0,10.0,0.0,2.0
2014-418,Washington,Hard,48,500,O,20140728,45,PD07,13.0,,Vasek Pospisil,R,193.0,CAN,24.096,36.0,1115.0,G628,6.0,,Richard Gasquet,R,183.0,FRA,28.11,14.0,2370.0,6-7(5) 6-3 7-5,3,SF,149.0,10.0,3.0,108.0,57.0,42.0,32.0,17.0,1.0,2.0,5.0,3.0,98.0,66.0,47.0,19.0,16.0,6.0,9.0
2014-418,Washington,Hard,48,500,O,20140728,46,R975,2.0,,Milos Raonic,R,196.0,CAN,23.584,7.0,3920.0,Y124,,,Donald Young,L,183.0,USA,25.013,73.0,727.0,6-4 7-5,3,SF,75.0,15.0,3.0,56.0,36.0,33.0,11.0,11.0,0.0,0.0,3.0,2.0,57.0,38.0,29.0,9.0,11.0,1.0,3.0
2014-418,Washington,Hard,48,500,O,20140728,47,R975,2.0,,Milos Raonic,R,196.0,CAN,23.584,7.0,3920.0,PD07,13.0,,Vasek Pospisil,R,193.0,CAN,24.096,36.0,1115.0,6-1 6-4,3,F,68.0,9.0,3.0,41.0,28.0,26.0,7.0,8.0,1.0,1.0,5.0,2.0,55.0,34.0,24.0,6.0,9.0,2.0,6.0
2014-421,Canada Masters,Hard,56,M,O,20140804,1,MC65,,,Gael Monfils,R,193.0,FRA,27.923,22.0,1545.0,S694,,,Radek Stepanek,R,185.0,CZE,35.685,34.0,1130.0,6-3 7-5,3,R64,92.0,5.0,2.0,69.0,36.0,26.0,16.0,11.0,3.0,5.0,5.0,7.0,81.0,43.0,32.0,12.0,10.0,5.0,9.0
2014-421,Canada Masters,Hard,56,M,O,20140804,2,R419,17.0,,Tommy Robredo,R,180.0,ESP,32.26,20.0,1645.0,K435,,,Philipp Kohlschreiber,R,178.0,GER,30.801,24.0,1505.0,6-3 7-6(3),3,R64,90.0,4.0,3.0,78.0,49.0,40.0,15.0,11.0,3.0,3.0,4.0,3.0,72.0,35.0,26.0,22.0,10.0,4.0,5.0
2014-421,Canada Masters,Hard,56,M,O,20140804,3,SD32,,,Gilles Simon,R,183.0,FRA,29.602,35.0,1110.0,TB69,,,Dominic Thiem,R,185.0,AUT,20.917,44.0,987.0,3-6 6-4 6-0,3,R64,100.0,9.0,1.0,82.0,43.0,33.0,16.0,13.0,3.0,7.0,0.0,0.0,63.0,36.0,22.0,10.0,12.0,0.0,6.0
2014-421,Canada Masters,Hard,56,M,O,20140804,4,Y124,,,Donald Young,L,183.0,USA,25.032,50.0,899.0,D499,,WC,Frank Dancevic,R,185.0,CAN,29.854,128.0,474.0,5-7 6-0 6-3,3,R64,100.0,3.0,3.0,84.0,47.0,34.0,22.0,14.0,2.0,4.0,7.0,2.0,84.0,50.0,34.0,13.0,13.0,4.0,9.0
2014-421,Canada Masters,Hard,56,M,O,20140804,5,SM25,,WC,Jack Sock,R,191.0,USA,21.859,60.0,807.0,M762,,,Jurgen Melzer,L,183.0,AUT,33.202,67.0,770.0,6-1 6-3,3,R64,56.0,6.0,1.0,49.0,31.0,26.0,9.0,8.0,3.0,3.0,3.0,0.0,44.0,32.0,17.0,5.0,8.0,2.0,6.0
2014-421,Canada Masters,Hard,56,M,O,20140804,6,B747,,,Julien Benneteau,R,185.0,FRA,32.621,47.0,935.0,H432,,,Lleyton Hewitt,R,178.0,AUS,33.44,42.0,1005.0,6-1 6-2,3,R64,77.0,3.0,2.0,45.0,32.0,26.0,7.0,8.0,1.0,1.0,2.0,8.0,63.0,34.0,20.0,11.0,7.0,12.0,16.0
2014-421,Canada Masters,Hard,56,M,O,20140804,7,G858,11.0,,Ernests Gulbis,R,191.0,LAT,25.927,12.0,2680.0,SH90,,,Joao Sousa,R,185.0,POR,25.347,40.0,1062.0,6-3 6-4,3,R64,74.0,16.0,2.0,55.0,37.0,31.0,12.0,10.0,0.0,0.0,0.0,5.0,61.0,29.0,22.0,15.0,9.0,6.0,8.0
2014-421,Canada Masters,Hard,56,M,O,20140804,8,L397,,,Feliciano Lopez,L,188.0,ESP,32.871,25.0,1500.0,BD06,14.0,,Roberto Bautista Agut,R,183.0,ESP,26.305,16.0,1785.0,7-6(7) 6-3,3,R64,88.0,13.0,0.0,72.0,42.0,31.0,20.0,11.0,7.0,8.0,2.0,3.0,66.0,44.0,31.0,11.0,10.0,4.0,6.0
2014-421,Canada Masters,Hard,56,M,O,20140804,9,SF62,,Q,Tim Smyczek,R,175.0,USA,26.595,104.0,561.0,K839,,Q,Tobias Kamke,R,178.0,GER,28.205,78.0,689.0,6-3 6-2,3,R64,104.0,4.0,3.0,55.0,28.0,24.0,16.0,9.0,2.0,2.0,0.0,5.0,61.0,42.0,26.0,7.0,8.0,3.0,6.0
2014-421,Canada Masters,Hard,56,M,O,20140804,10,L575,,,Yen-Hsun Lu,R,180.0,TPE,30.973,43.0,993.0,G710,,,Marcel Granollers,R,191.0,ESP,28.312,37.0,1080.0,7-6(6) 7-5,3,R64,109.0,0.0,4.0,77.0,39.0,30.0,17.0,12.0,3.0,7.0,4.0,6.0,71.0,28.0,24.0,17.0,12.0,0.0,5.0
2014-421,Canada Masters,Hard,56,M,O,20140804,11,R368,,Q,Michael Russell,R,173.0,USA,36.26,143.0,416.0,M873,,,Nicolas Mahut,R,191.0,FRA,32.534,91.0,620.0,6-3 6-3,3,R64,76.0,1.0,2.0,58.0,42.0,32.0,9.0,9.0,3.0,3.0,4.0,3.0,57.0,24.0,17.0,16.0,9.0,2.0,5.0
2014-421,Canada Masters,Hard,56,M,O,20140804,12,CA12,,,Jeremy Chardy,R,188.0,FRA,27.474,36.0,1105.0,D874,,,Federico Delbonis,L,193.0,ARG,23.83,65.0,781.0,6-3 5-7 6-4,3,R64,118.0,10.0,5.0,90.0,49.0,40.0,24.0,16.0,6.0,7.0,7.0,5.0,87.0,48.0,35.0,25.0,15.0,4.0,6.0
2014-421,Canada Masters,Hard,56,M,O,20140804,13,SA93,,,Andreas Seppi,R,191.0,ITA,30.45,51.0,890.0,SP24,,Q,Brayden Schnur,R,193.0,CAN,19.086,612.0,48.0,6-3 6-3,3,R64,72.0,4.0,1.0,51.0,33.0,26.0,10.0,9.0,1.0,2.0,4.0,6.0,60.0,29.0,19.0,12.0,9.0,0.0,4.0
2014-421,Canada Masters,Hard,56,M,O,20140804,14,D646,,,Ivan Dodig,R,183.0,CRO,29.585,62.0,800.0,I186,10.0,,John Isner,R,208.0,USA,29.273,14.0,2435.0,6-4 6-7(4) 6-3,3,R64,112.0,9.0,4.0,88.0,60.0,52.0,17.0,16.0,0.0,0.0,13.0,6.0,92.0,57.0,48.0,15.0,15.0,7.0,9.0
2014-421,Canada Masters,Hard,56,M,O,20140804,15,C977,15.0,,Marin Cilic,R,198.0,CRO,25.848,18.0,1665.0,I165,,,Denis Istomin,R,185.0,UZB,27.907,39.0,1065.0,6-2 4-6 7-5,3,R64,112.0,9.0,4.0,88.0,60.0,52.0,17.0,16.0,0.0,0.0,13.0,6.0,92.0,57.0,48.0,15.0,15.0,7.0,9.0
2014-421,Canada Masters,Hard,56,M,O,20140804,16,J267,,LL,Malek Jaziri,R,185.0,TUN,30.538,103.0,563.0,G476,,,Guillermo Garcia-Lopez,R,185.0,ESP,31.168,33.0,1133.0,6-4 7-6(6),3,R64,116.0,2.0,2.0,85.0,43.0,30.0,23.0,11.0,6.0,7.0,0.0,1.0,76.0,47.0,33.0,15.0,11.0,5.0,7.0
2014-421,Canada Masters,Hard,56,M,O,20140804,17,PB22,,WC,Peter Polansky,R,183.0,CAN,26.136,129.0,469.0,J397,,,Jerzy Janowicz,R,203.0,POL,23.723,52.0,855.0,7-6(5) 6-4,3,R64,95.0,4.0,3.0,70.0,42.0,32.0,16.0,11.0,1.0,2.0,6.0,10.0,68.0,37.0,32.0,12.0,11.0,1.0,3.0
2014-421,Canada Masters,Hard,56,M,O,20140804,18,T786,13.0,,Jo-Wilfried Tsonga,R,188.0,FRA,29.298,15.0,1910.0,R613,,,Edouard Roger-Vasselin,R,185.0,FRA,30.683,49.0,920.0,7-6(3) 6-1,3,R64,76.0,10.0,1.0,62.0,34.0,32.0,18.0,10.0,3.0,3.0,4.0,2.0,57.0,33.0,26.0,11.0,9.0,3.0,5.0
2014-421,Canada Masters,Hard,56,M,O,20140804,19,G628,12.0,,Richard Gasquet,R,183.0,FRA,28.129,13.0,2460.0,PD07,,,Vasek Pospisil,R,193.0,CAN,24.115,27.0,1315.0,7-5 7-5,3,R64,109.0,4.0,2.0,73.0,37.0,27.0,23.0,12.0,2.0,3.0,13.0,1.0,73.0,42.0,31.0,13.0,12.0,0.0,3.0
2014-421,Canada Masters,Hard,56,M,O,20140804,20,K336,,,Ivo Karlovic,R,211.0,CRO,35.431,31.0,1205.0,TA46,,Q,Bernard Tomic,R,196.0,AUS,21.785,74.0,721.0,3-6 7-6(5) 7-6(6),3,R64,114.0,30.0,2.0,92.0,60.0,55.0,19.0,16.0,2.0,3.0,13.0,0.0,106.0,62.0,51.0,29.0,17.0,0.0,0.0
2014-421,Canada Masters,Hard,56,M,O,20140804,21,KE17,,WC,Nick Kyrgios,R,193.0,AUS,19.272,70.0,760.0,G725,,,Santiago Giraldo,R,188.0,COL,26.686,30.0,1205.0,7-6(3) 7-5,3,R64,95.0,11.0,4.0,68.0,38.0,32.0,18.0,12.0,1.0,2.0,2.0,2.0,77.0,52.0,35.0,14.0,12.0,6.0,8.0
2014-421,Canada Masters,Hard,56,M,O,20140804,22,PD31,,Q,Benoit Paire,R,196.0,FRA,25.24,97.0,585.0,F444,,,Alejandro Falla,L,185.0,COL,30.721,73.0,723.0,6-7(3) 6-4 6-2,3,R64,117.0,13.0,5.0,81.0,47.0,39.0,17.0,15.0,4.0,7.0,2.0,11.0,113.0,56.0,38.0,25.0,15.0,12.0,18.0
2014-421,Canada Masters,Hard,56,M,O,20140804,23,A678,,,Kevin Anderson,R,203.0,RSA,28.214,21.0,1605.0,KD46,,Q,Thanasi Kokkinakis,R,193.0,AUS,18.316,199.0,244.0,4-6 6-2 6-3,3,R64,126.0,13.0,1.0,88.0,62.0,43.0,18.0,14.0,4.0,5.0,3.0,5.0,78.0,48.0,33.0,15.0,13.0,3.0,6.0
2014-421,Canada Masters,Hard,56,M,O,20140804,24,F510,16.0,,Fabio Fognini,R,178.0,ITA,27.198,19.0,1665.0,Y061,,,Mikhail Youzhny,R,183.0,RUS,32.11,23.0,1530.0,6-4 6-3,3,R64,81.0,3.0,8.0,67.0,29.0,22.0,20.0,9.0,3.0,4.0,1.0,4.0,61.0,38.0,19.0,14.0,10.0,1.0,5.0
2014-421,Canada Masters,Hard,56,M,O,20140804,25,D643,1.0,,Novak Djokovic,R,188.0,SRB,27.203,1.0,13130.0,MC65,,,Gael Monfils,R,193.0,FRA,27.923,22.0,1545.0,6-2 6-7(4) 7-6(2),3,R32,161.0,5.0,4.0,105.0,68.0,55.0,19.0,16.0,6.0,7.0,8.0,8.0,131.0,74.0,54.0,26.0,16.0,7.0,10.0
2014-421,Canada Masters,Hard,56,M,O,20140804,26,T786,13.0,,Jo-Wilfried Tsonga,R,188.0,FRA,29.298,15.0,1910.0,CA12,,,Jeremy Chardy,R,188.0,FRA,27.474,36.0,1105.0,7-6(6) 6-4,3,R32,97.0,23.0,2.0,83.0,52.0,40.0,19.0,11.0,4.0,4.0,4.0,7.0,69.0,32.0,30.0,19.0,11.0,0.0,1.0
2014-421,Canada Masters,Hard,56,M,O,20140804,27,G628,12.0,,Richard Gasquet,R,183.0,FRA,28.129,13.0,2460.0,K336,,,Ivo Karlovic,R,211.0,CRO,35.431,31.0,1205.0,5-7 7-6(5) 6-3,3,R32,116.0,3.0,2.0,92.0,61.0,48.0,22.0,16.0,0.0,1.0,27.0,5.0,96.0,63.0,53.0,18.0,17.0,3.0,5.0
2014-421,Canada Masters,Hard,56,M,O,20140804,28,MC10,8.0,,Andy Murray,R,191.0,GBR,27.222,9.0,3060.0,KE17,,WC,Nick Kyrgios,R,193.0,AUS,19.272,70.0,760.0,6-2 6-2,3,R32,55.0,7.0,2.0,38.0,25.0,24.0,8.0,8.0,0.0,0.0,1.0,1.0,44.0,26.0,16.0,7.0,8.0,1.0,5.0
2014-421,Canada Masters,Hard,56,M,O,20140804,29,W367,3.0,,Stan Wawrinka,R,183.0,SUI,29.352,4.0,5770.0,PD31,,Q,Benoit Paire,R,196.0,FRA,25.24,97.0,585.0,4-6 6-3 7-6(2),3,R32,125.0,12.0,6.0,105.0,57.0,44.0,25.0,16.0,5.0,7.0,7.0,3.0,94.0,51.0,41.0,22.0,15.0,4.0,6.0
2014-421,Canada Masters,Hard,56,M,O,20140804,30,A678,,,Kevin Anderson,R,203.0,RSA,28.214,21.0,1605.0,F510,16.0,,Fabio Fognini,R,178.0,ITA,27.198,19.0,1665.0,7-5 6-2,3,R32,68.0,12.0,2.0,54.0,37.0,29.0,9.0,10.0,2.0,3.0,1.0,7.0,55.0,37.0,27.0,4.0,10.0,2.0,6.0
2014-421,Canada Masters,Hard,56,M,O,20140804,31,R419,17.0,,Tommy Robredo,R,180.0,ESP,32.26,20.0,1645.0,SD32,,,Gilles Simon,R,183.0,FRA,29.602,35.0,1110.0,7-5 6-4,3,R32,86.0,2.0,0.0,58.0,38.0,32.0,13.0,11.0,1.0,1.0,2.0,2.0,67.0,35.0,28.0,16.0,11.0,6.0,8.0
2014-421,Canada Masters,Hard,56,M,O,20140804,32,D875,7.0,,Grigor Dimitrov,R,191.0,BUL,23.22,8.0,3270.0,Y124,,,Donald Young,L,183.0,USA,25.032,50.0,899.0,4-6 6-2 6-3,3,R32,100.0,1.0,7.0,86.0,45.0,36.0,20.0,14.0,5.0,7.0,0.0,3.0,70.0,39.0,28.0,17.0,13.0,0.0,4.0
2014-421,Canada Masters,Hard,56,M,O,20140804,33,R975,6.0,,Milos Raonic,R,196.0,CAN,23.603,6.0,4375.0,SM25,,WC,Jack Sock,R,191.0,USA,21.859,60.0,807.0,4-6 7-6(2) 7-6(4),3,R32,144.0,15.0,2.0,110.0,73.0,58.0,24.0,17.0,5.0,6.0,3.0,4.0,103.0,69.0,56.0,20.0,17.0,4.0,4.0
2014-421,Canada Masters,Hard,56,M,O,20140804,34,B747,,,Julien Benneteau,R,185.0,FRA,32.621,47.0,935.0,G858,11.0,,Ernests Gulbis,R,191.0,LAT,25.927,12.0,2680.0,7-6(4) 6-3,3,R32,94.0,6.0,4.0,71.0,43.0,37.0,18.0,11.0,5.0,5.0,8.0,1.0,63.0,36.0,25.0,18.0,10.0,3.0,4.0
2014-421,Canada Masters,Hard,56,M,O,20140804,35,L397,,,Feliciano Lopez,L,188.0,ESP,32.871,25.0,1500.0,SF62,,Q,Tim Smyczek,R,175.0,USA,26.595,104.0,561.0,7-5 6-4,3,R32,81.0,12.0,1.0,69.0,44.0,33.0,19.0,11.0,6.0,6.0,2.0,1.0,60.0,36.0,27.0,14.0,11.0,2.0,4.0
2014-421,Canada Masters,Hard,56,M,O,20140804,36,BA47,4.0,,Tomas Berdych,R,196.0,CZE,28.879,5.0,4410.0,L575,,,Yen-Hsun Lu,R,180.0,TPE,30.973,43.0,993.0,6-7(4) 6-4 6-4,3,R32,138.0,14.0,8.0,104.0,61.0,46.0,24.0,16.0,2.0,3.0,6.0,4.0,111.0,63.0,40.0,29.0,16.0,4.0,7.0
2014-421,Canada Masters,Hard,56,M,O,20140804,37,F401,5.0,,David Ferrer,R,175.0,ESP,32.339,7.0,4085.0,R368,,Q,Michael Russell,R,173.0,USA,36.26,143.0,416.0,6-4 2-6 6-1,3,R32,108.0,4.0,4.0,87.0,42.0,30.0,23.0,12.0,9.0,11.0,0.0,1.0,81.0,59.0,37.0,10.0,13.0,3.0,7.0
2014-421,Canada Masters,Hard,56,M,O,20140804,38,D646,,,Ivan Dodig,R,183.0,CRO,29.585,62.0,800.0,SA93,,,Andreas Seppi,R,191.0,ITA,30.45,51.0,890.0,6-4 3-6 7-6(5),3,R32,153.0,12.0,7.0,111.0,67.0,46.0,20.0,15.0,7.0,10.0,5.0,8.0,109.0,51.0,36.0,32.0,16.0,5.0,8.0
2014-421,Canada Masters,Hard,56,M,O,20140804,39,C977,15.0,,Marin Cilic,R,198.0,CRO,25.848,18.0,1665.0,J267,,LL,Malek Jaziri,R,185.0,TUN,30.538,103.0,563.0,4-6 6-0 7-6(4),3,R32,121.0,8.0,3.0,88.0,46.0,38.0,20.0,14.0,2.0,5.0,2.0,6.0,98.0,53.0,35.0,20.0,14.0,3.0,8.0
2014-421,Canada Masters,Hard,56,M,O,20140804,40,F324,2.0,,Roger Federer,R,185.0,SUI,32.988,3.0,6070.0,PB22,,WC,Peter Polansky,R,183.0,CAN,26.136,129.0,469.0,6-2 6-0,3,R32,52.0,5.0,3.0,43.0,29.0,24.0,5.0,7.0,1.0,2.0,0.0,2.0,49.0,25.0,9.0,10.0,7.0,0.0,6.0
2014-421,Canada Masters,Hard,56,M,O,20140804,41,T786,13.0,,Jo-Wilfried Tsonga,R,188.0,FRA,29.298,15.0,1910.0,D643,1.0,,Novak Djokovic,R,188.0,SRB,27.203,1.0,13130.0,6-2 6-2,3,R16,64.0,8.0,2.0,49.0,26.0,21.0,13.0,8.0,1.0,1.0,2.0,1.0,49.0,30.0,17.0,9.0,8.0,0.0,4.0
2014-421,Canada Masters,Hard,56,M,O,20140804,42,MC10,8.0,,Andy Murray,R,191.0,GBR,27.222,9.0,3060.0,G628,12.0,,Richard Gasquet,R,183.0,FRA,28.129,13.0,2460.0,W/O,3,R16,,8.0,2.0,49.0,26.0,21.0,13.0,8.0,1.0,1.0,2.0,1.0,49.0,30.0,17.0,9.0,8.0,0.0,4.0
2014-421,Canada Masters,Hard,56,M,O,20140804,43,A678,,,Kevin Anderson,R,203.0,RSA,28.214,21.0,1605.0,W367,3.0,,Stan Wawrinka,R,183.0,SUI,29.352,4.0,5770.0,7-6(8) 7-5,3,R16,105.0,11.0,0.0,73.0,50.0,42.0,13.0,12.0,1.0,2.0,1.0,3.0,74.0,32.0,25.0,26.0,12.0,3.0,5.0
2014-421,Canada Masters,Hard,56,M,O,20140804,44,D875,7.0,,Grigor Dimitrov,R,191.0,BUL,23.22,8.0,3270.0,R419,17.0,,Tommy Robredo,R,180.0,ESP,32.26,20.0,1645.0,7-5 5-7 6-4,3,R16,124.0,6.0,4.0,87.0,46.0,37.0,24.0,17.0,0.0,2.0,4.0,1.0,102.0,80.0,56.0,13.0,17.0,5.0,8.0
2014-421,Canada Masters,Hard,56,M,O,20140804,45,R975,6.0,,Milos Raonic,R,196.0,CAN,23.603,6.0,4375.0,B747,,,Julien Benneteau,R,185.0,FRA,32.621,47.0,935.0,6-3 4-6 6-4,3,R16,107.0,15.0,3.0,77.0,52.0,44.0,12.0,15.0,0.0,2.0,8.0,1.0,81.0,50.0,38.0,15.0,14.0,6.0,9.0
2014-421,Canada Masters,Hard,56,M,O,20140804,46,L397,,,Feliciano Lopez,L,188.0,ESP,32.871,25.0,1500.0,BA47,4.0,,Tomas Berdych,R,196.0,CZE,28.879,5.0,4410.0,3-6 6-3 6-4,3,R16,116.0,11.0,6.0,85.0,54.0,43.0,14.0,14.0,5.0,6.0,11.0,4.0,86.0,46.0,38.0,19.0,14.0,2.0,4.0
2014-421,Canada Masters,Hard,56,M,O,20140804,47,F401,5.0,,David Ferrer,R,175.0,ESP,32.339,7.0,4085.0,D646,,,Ivan Dodig,R,183.0,CRO,29.585,62.0,800.0,1-6 6-3 6-3,3,R16,115.0,6.0,4.0,89.0,51.0,37.0,18.0,12.0,12.0,14.0,6.0,7.0,85.0,45.0,34.0,20.0,13.0,4.0,7.0
2014-421,Canada Masters,Hard,56,M,O,20140804,48,F324,2.0,,Roger Federer,R,185.0,SUI,32.988,3.0,6070.0,C977,15.0,,Marin Cilic,R,198.0,CRO,25.848,18.0,1665.0,7-6(5) 6-7(3) 6-4,3,R16,159.0,11.0,4.0,106.0,67.0,55.0,23.0,17.0,2.0,2.0,12.0,1.0,145.0,83.0,60.0,36.0,17.0,9.0,10.0
2014-421,Canada Masters,Hard,56,M,O,20140804,49,T786,13.0,,Jo-Wilfried Tsonga,R,188.0,FRA,29.298,15.0,1910.0,MC10,8.0,,Andy Murray,R,191.0,GBR,27.222,9.0,3060.0,7-6(5) 4-6 6-4,3,QF,139.0,18.0,4.0,91.0,59.0,49.0,13.0,16.0,1.0,4.0,7.0,3.0,93.0,60.0,44.0,20.0,16.0,6.0,9.0
2014-421,Canada Masters,Hard,56,M,O,20140804,50,D875,7.0,,Grigor Dimitrov,R,191.0,BUL,23.22,8.0,3270.0,A678,,,Kevin Anderson,R,203.0,RSA,28.214,21.0,1605.0,5-7 7-5 7-6(6),3,QF,179.0,10.0,3.0,113.0,64.0,50.0,22.0,18.0,2.0,5.0,15.0,5.0,128.0,79.0,57.0,21.0,18.0,6.0,9.0
2014-421,Canada Masters,Hard,56,M,O,20140804,51,L397,,,Feliciano Lopez,L,188.0,ESP,32.871,25.0,1500.0,R975,6.0,,Milos Raonic,R,196.0,CAN,23.603,6.0,4375.0,6-4 6-7(5) 6-3,3,QF,117.0,9.0,4.0,104.0,65.0,56.0,21.0,16.0,9.0,9.0,18.0,1.0,79.0,55.0,44.0,14.0,15.0,2.0,4.0
2014-421,Canada Masters,Hard,56,M,O,20140804,52,F324,2.0,,Roger Federer,R,185.0,SUI,32.988,3.0,6070.0,F401,5.0,,David Ferrer,R,175.0,ESP,32.339,7.0,4085.0,6-3 4-6 6-3,3,QF,114.0,7.0,3.0,87.0,50.0,40.0,15.0,14.0,3.0,6.0,0.0,3.0,92.0,56.0,32.0,18.0,14.0,4.0,9.0
2014-421,Canada Masters,Hard,56,M,O,20140804,53,T786,13.0,,Jo-Wilfried Tsonga,R,188.0,FRA,29.298,15.0,1910.0,D875,7.0,,Grigor Dimitrov,R,191.0,BUL,23.22,8.0,3270.0,6-4 6-3,3,SF,84.0,7.0,4.0,53.0,26.0,23.0,17.0,9.0,4.0,4.0,5.0,2.0,70.0,39.0,25.0,13.0,10.0,7.0,10.0
2014-421,Canada Masters,Hard,56,M,O,20140804,54,F324,2.0,,Roger Federer,R,185.0,SUI,32.988,3.0,6070.0,L397,,,Feliciano Lopez,L,188.0,ESP,32.871,25.0,1500.0,6-3 6-4,3,SF,82.0,13.0,1.0,53.0,29.0,25.0,16.0,10.0,0.0,0.0,8.0,9.0,77.0,29.0,24.0,21.0,9.0,9.0,11.0
2014-421,Canada Masters,Hard,56,M,O,20140804,55,T786,13.0,,Jo-Wilfried Tsonga,R,188.0,FRA,29.298,15.0,1910.0,F324,2.0,,Roger Federer,R,185.0,SUI,32.988,3.0,6070.0,7-5 7-6(3),3,F,108.0,11.0,2.0,70.0,35.0,33.0,22.0,12.0,0.0,0.0,7.0,4.0,100.0,64.0,45.0,18.0,12.0,6.0,7.0
2014-422,Cincinnati Masters,Hard,56,M,O,20140810,1,SD32,,,Gilles Simon,R,183.0,FRA,29.618,31.0,1145.0,TA46,,Q,Bernard Tomic,R,196.0,AUS,21.802,70.0,746.0,6-3 6-2,3,R64,61.0,10.0,1.0,53.0,32.0,26.0,14.0,9.0,0.0,0.0,7.0,1.0,51.0,28.0,18.0,10.0,8.0,3.0,6.0
2014-422,Cincinnati Masters,Hard,56,M,O,20140810,2,B747,,,Julien Benneteau,R,185.0,FRA,32.638,41.0,1015.0,RA51,,LL,Blaz Rola,L,193.0,SLO,23.847,91.0,624.0,6-7(7) 6-3 7-6(7),3,R64,159.0,11.0,6.0,122.0,77.0,51.0,27.0,17.0,5.0,8.0,8.0,2.0,123.0,71.0,48.0,27.0,16.0,5.0,9.0
2014-422,Cincinnati Masters,Hard,56,M,O,20140810,3,W503,,Q,James Ward,R,188.0,GBR,27.499,148.0,383.0,G476,,,Guillermo Garcia-Lopez,R,185.0,ESP,31.184,32.0,1143.0,6-2 3-6 6-1,3,R64,101.0,8.0,1.0,66.0,30.0,23.0,25.0,12.0,1.0,2.0,1.0,7.0,89.0,62.0,39.0,11.0,12.0,9.0,13.0
2014-422,Cincinnati Masters,Hard,56,M,O,20140810,4,J397,,,Jerzy Janowicz,R,203.0,POL,23.74,65.0,775.0,G681,,Q,Teymuraz Gabashvili,R,185.0,GEO,29.216,64.0,780.0,6-4 6-4,3,R64,75.0,5.0,9.0,57.0,31.0,27.0,16.0,10.0,0.0,0.0,4.0,1.0,60.0,38.0,28.0,11.0,10.0,3.0,5.0
2014-422,Cincinnati Masters,Hard,56,M,O,20140810,5,G569,,WC,Robby Ginepri,R,183.0,USA,31.841,232.0,213.0,TB69,,,Dominic Thiem,R,185.0,AUT,20.934,44.0,987.0,6-3 5-7 7-5,3,R64,123.0,6.0,1.0,93.0,57.0,44.0,18.0,16.0,2.0,5.0,8.0,3.0,100.0,62.0,41.0,20.0,17.0,4.0,9.0
2014-422,Cincinnati Masters,Hard,56,M,O,20140810,6,J386,,WC,Steve Johnson,R,188.0,USA,24.627,55.0,839.0,PD31,,Q,Benoit Paire,R,196.0,FRA,25.257,103.0,565.0,6-4 6-1,3,R64,66.0,1.0,0.0,53.0,36.0,30.0,9.0,9.0,2.0,2.0,7.0,6.0,63.0,31.0,19.0,16.0,8.0,6.0,9.0
2014-422,Cincinnati Masters,Hard,56,M,O,20140810,7,G858,9.0,,Ernests Gulbis,R,191.0,LAT,25.944,13.0,2545.0,D646,,,Ivan Dodig,R,183.0,CRO,29.602,54.0,845.0,7-6(8) 7-6(4),3,R64,122.0,8.0,1.0,87.0,50.0,40.0,19.0,12.0,3.0,5.0,7.0,3.0,85.0,52.0,33.0,18.0,12.0,4.0,6.0
2014-422,Cincinnati Masters,Hard,56,M,O,20140810,8,F510,15.0,,Fabio Fognini,R,178.0,ITA,27.214,21.0,1665.0,R613,,,Edouard Roger-Vasselin,R,185.0,FRA,30.7,49.0,910.0,6-4 4-6 7-6(5),3,R64,158.0,3.0,5.0,100.0,56.0,39.0,17.0,16.0,6.0,12.0,6.0,3.0,123.0,76.0,47.0,21.0,16.0,9.0,15.0
2014-422,Cincinnati Masters,Hard,56,M,O,20140810,9,H432,,,Lleyton Hewitt,R,178.0,AUS,33.457,42.0,1015.0,M762,,,Jurgen Melzer,L,183.0,AUT,33.218,67.0,770.0,3-6 6-4 6-4,3,R64,127.0,11.0,8.0,96.0,52.0,39.0,19.0,15.0,8.0,12.0,10.0,7.0,82.0,49.0,33.0,16.0,14.0,2.0,6.0
2014-422,Cincinnati Masters,Hard,56,M,O,20140810,10,L575,,,Yen-Hsun Lu,R,180.0,TPE,30.99,43.0,1003.0,I165,,,Denis Istomin,R,185.0,UZB,27.923,45.0,985.0,6-3 6-4,3,R64,55.0,7.0,2.0,48.0,30.0,28.0,14.0,10.0,1.0,1.0,2.0,2.0,51.0,38.0,29.0,3.0,9.0,1.0,3.0
2014-422,Cincinnati Masters,Hard,56,M,O,20140810,11,SH90,,,Joao Sousa,R,185.0,POR,25.363,37.0,1052.0,BE93,,Q,Chase Buchanan,R,193.0,USA,23.184,172.0,302.0,5-7 7-6(3) 7-6(5),3,R64,155.0,15.0,2.0,114.0,58.0,42.0,30.0,18.0,6.0,11.0,8.0,5.0,117.0,77.0,54.0,19.0,18.0,3.0,7.0
2014-422,Cincinnati Masters,Hard,56,M,O,20140810,12,Q927,,WC,Sam Querrey,R,198.0,USA,26.842,61.0,785.0,F444,,,Alejandro Falla,L,185.0,COL,30.738,73.0,721.0,6-3 6-1,3,R64,47.0,8.0,1.0,41.0,28.0,25.0,8.0,8.0,1.0,1.0,3.0,6.0,50.0,23.0,13.0,12.0,8.0,0.0,4.0
2014-422,Cincinnati Masters,Hard,56,M,O,20140810,13,ME05,,Q,Marinko Matosevic,R,193.0,AUS,29.005,89.0,632.0,M873,,,Nicolas Mahut,R,191.0,FRA,32.55,96.0,610.0,6-4 7-6(4),3,R64,117.0,5.0,3.0,83.0,52.0,39.0,18.0,11.0,6.0,6.0,6.0,5.0,84.0,42.0,30.0,24.0,11.0,10.0,11.0
2014-422,Cincinnati Masters,Hard,56,M,O,20140810,14,I186,11.0,,John Isner,R,208.0,USA,29.29,14.0,2435.0,A678,,,Kevin Anderson,R,203.0,RSA,28.23,17.0,1775.0,6-3 6-4,3,R64,65.0,15.0,3.0,55.0,34.0,30.0,12.0,10.0,3.0,3.0,8.0,4.0,55.0,40.0,28.0,7.0,9.0,4.0,6.0
2014-422,Cincinnati Masters,Hard,56,M,O,20140810,15,BD06,13.0,,Roberto Bautista Agut,R,183.0,ESP,26.322,18.0,1775.0,K966,,,Martin Klizan,L,191.0,SVK,25.081,66.0,775.0,6-2 4-6 7-5,3,R64,125.0,3.0,5.0,89.0,57.0,40.0,15.0,15.0,2.0,6.0,4.0,8.0,96.0,44.0,28.0,22.0,15.0,6.0,12.0
2014-422,Cincinnati Masters,Hard,56,M,O,20140810,16,MC65,,,Gael Monfils,R,193.0,FRA,27.94,23.0,1590.0,D874,,,Federico Delbonis,L,193.0,ARG,23.847,63.0,781.0,6-3 3-6 6-3,3,R64,91.0,5.0,4.0,80.0,63.0,47.0,10.0,14.0,5.0,6.0,1.0,4.0,72.0,41.0,32.0,17.0,13.0,2.0,4.0
2014-422,Cincinnati Masters,Hard,56,M,O,20140810,17,PD07,,,Vasek Pospisil,R,193.0,CAN,24.131,46.0,965.0,S694,,,Radek Stepanek,R,185.0,CZE,35.702,35.0,1095.0,5-7 6-1 7-6(4),3,R64,139.0,16.0,5.0,113.0,74.0,57.0,18.0,16.0,6.0,8.0,5.0,4.0,93.0,56.0,37.0,23.0,15.0,0.0,3.0
2014-422,Cincinnati Masters,Hard,56,M,O,20140810,18,R419,16.0,,Tommy Robredo,R,180.0,ESP,32.277,20.0,1735.0,SM25,,WC,Jack Sock,R,191.0,USA,21.875,56.0,836.0,7-6(5) 6-3,3,R64,98.0,5.0,0.0,57.0,40.0,31.0,11.0,10.0,0.0,1.0,3.0,3.0,88.0,51.0,34.0,18.0,11.0,6.0,9.0
2014-422,Cincinnati Masters,Hard,56,M,O,20140810,19,Y061,,,Mikhail Youzhny,R,183.0,RUS,32.126,25.0,1495.0,T786,12.0,,Jo-Wilfried Tsonga,R,188.0,FRA,29.314,10.0,2910.0,6-1 6-4,3,R64,68.0,4.0,1.0,52.0,29.0,23.0,12.0,9.0,0.0,1.0,3.0,0.0,48.0,25.0,16.0,7.0,8.0,1.0,5.0
2014-422,Cincinnati Masters,Hard,56,M,O,20140810,20,SA93,,,Andreas Seppi,R,191.0,ITA,30.467,52.0,890.0,G725,,,Santiago Giraldo,R,188.0,COL,26.702,30.0,1195.0,4-6 6-2 7-5,3,R64,125.0,8.0,5.0,93.0,51.0,37.0,19.0,15.0,5.0,9.0,5.0,4.0,87.0,52.0,32.0,16.0,15.0,8.0,14.0
2014-422,Cincinnati Masters,Hard,56,M,O,20140810,21,K435,,,Philipp Kohlschreiber,R,178.0,GER,30.817,24.0,1505.0,CA12,,,Jeremy Chardy,R,188.0,FRA,27.491,33.0,1140.0,6-3 4-6 6-4,3,R64,116.0,11.0,1.0,88.0,48.0,38.0,25.0,15.0,3.0,4.0,7.0,9.0,94.0,46.0,33.0,25.0,14.0,6.0,8.0
2014-422,Cincinnati Masters,Hard,56,M,O,20140810,22,B896,,Q,Benjamin Becker,R,178.0,GER,33.15,57.0,813.0,K336,,,Ivo Karlovic,R,211.0,CRO,35.447,28.0,1230.0,7-6(5) 6-4,3,R64,81.0,4.0,3.0,72.0,51.0,41.0,12.0,11.0,2.0,2.0,17.0,2.0,64.0,43.0,39.0,11.0,11.0,1.0,2.0
2014-422,Cincinnati Masters,Hard,56,M,O,20140810,23,V306,,,Fernando Verdasco,L,188.0,ESP,30.735,34.0,1100.0,G710,,,Marcel Granollers,R,191.0,ESP,28.329,39.0,1045.0,5-7 6-3 7-6(5),3,R64,170.0,8.0,16.0,129.0,65.0,51.0,26.0,17.0,5.0,9.0,1.0,3.0,105.0,56.0,36.0,27.0,16.0,4.0,8.0
2014-422,Cincinnati Masters,Hard,56,M,O,20140810,24,C977,14.0,,Marin Cilic,R,198.0,CRO,25.864,19.0,1755.0,L397,,,Feliciano Lopez,L,188.0,ESP,32.887,16.0,1850.0,6-3 6-4,3,R64,67.0,6.0,5.0,55.0,33.0,28.0,14.0,10.0,3.0,3.0,7.0,1.0,49.0,31.0,20.0,11.0,9.0,2.0,4.0
2014-422,Cincinnati Masters,Hard,56,M,O,20140810,25,D643,1.0,,Novak Djokovic,R,188.0,SRB,27.22,1.0,12860.0,SD32,,,Gilles Simon,R,183.0,FRA,29.618,31.0,1145.0,6-3 4-6 6-4,3,R32,130.0,7.0,3.0,85.0,60.0,44.0,11.0,15.0,2.0,5.0,5.0,2.0,89.0,48.0,33.0,23.0,14.0,6.0,10.0
2014-422,Cincinnati Masters,Hard,56,M,O,20140810,26,R419,16.0,,Tommy Robredo,R,180.0,ESP,32.277,20.0,1735.0,Q927,,WC,Sam Querrey,R,198.0,USA,26.842,61.0,785.0,6-2 6-4,3,R32,60.0,3.0,3.0,50.0,38.0,31.0,4.0,9.0,0.0,1.0,3.0,2.0,51.0,25.0,17.0,11.0,9.0,0.0,4.0
2014-422,Cincinnati Masters,Hard,56,M,O,20140810,27,Y061,,,Mikhail Youzhny,R,183.0,RUS,32.126,25.0,1495.0,SA93,,,Andreas Seppi,R,191.0,ITA,30.467,52.0,890.0,6-3 6-4,3,R32,79.0,3.0,1.0,53.0,37.0,26.0,10.0,10.0,3.0,5.0,4.0,3.0,60.0,32.0,20.0,13.0,9.0,6.0,10.0
2014-422,Cincinnati Masters,Hard,56,M,O,20140810,28,F401,6.0,,David Ferrer,R,175.0,ESP,32.356,6.0,4255.0,K435,,,Philipp Kohlschreiber,R,178.0,GER,30.817,24.0,1505.0,6-7(4) 7-6(4) 7-6(4),3,R32,162.0,7.0,5.0,118.0,75.0,53.0,27.0,18.0,5.0,7.0,18.0,2.0,138.0,85.0,60.0,25.0,18.0,7.0,9.0
2014-422,Cincinnati Masters,Hard,56,M,O,20140810,29,W367,3.0,,Stan Wawrinka,R,183.0,SUI,29.369,4.0,5850.0,B896,,Q,Benjamin Becker,R,178.0,GER,33.15,57.0,813.0,6-3 7-6(5),3,R32,83.0,8.0,2.0,75.0,45.0,37.0,15.0,11.0,2.0,3.0,7.0,0.0,78.0,58.0,37.0,12.0,10.0,6.0,8.0
2014-422,Cincinnati Masters,Hard,56,M,O,20140810,30,C977,14.0,,Marin Cilic,R,198.0,CRO,25.864,19.0,1755.0,V306,,,Fernando Verdasco,L,188.0,ESP,30.735,34.0,1100.0,7-6(6) 7-6(5),3,R32,120.0,9.0,1.0,86.0,56.0,46.0,18.0,12.0,4.0,4.0,11.0,7.0,95.0,61.0,47.0,16.0,12.0,4.0,4.0
2014-422,Cincinnati Masters,Hard,56,M,O,20140810,31,B747,,,Julien Benneteau,R,185.0,FRA,32.638,41.0,1015.0,W503,,Q,James Ward,R,188.0,GBR,27.499,148.0,383.0,6-2 6-2,3,R32,64.0,1.0,1.0,47.0,32.0,24.0,11.0,8.0,2.0,2.0,1.0,1.0,43.0,30.0,15.0,7.0,8.0,3.0,7.0
2014-422,Cincinnati Masters,Hard,56,M,O,20140810,32,J397,,,Jerzy Janowicz,R,203.0,POL,23.74,65.0,775.0,D875,7.0,,Grigor Dimitrov,R,191.0,BUL,23.236,8.0,3620.0,6-4 3-6 6-3,3,R32,108.0,12.0,7.0,71.0,42.0,33.0,16.0,14.0,0.0,2.0,7.0,5.0,79.0,40.0,32.0,17.0,14.0,4.0,7.0
2014-422,Cincinnati Masters,Hard,56,M,O,20140810,33,R975,5.0,,Milos Raonic,R,196.0,CAN,23.619,7.0,3955.0,G569,,WC,Robby Ginepri,R,183.0,USA,31.841,232.0,213.0,6-2 6-2,3,R32,54.0,11.0,3.0,40.0,20.0,19.0,13.0,8.0,0.0,0.0,2.0,2.0,41.0,26.0,13.0,8.0,8.0,4.0,8.0
2014-422,Cincinnati Masters,Hard,56,M,O,20140810,34,J386,,WC,Steve Johnson,R,188.0,USA,24.627,55.0,839.0,G858,9.0,,Ernests Gulbis,R,191.0,LAT,25.944,13.0,2545.0,6-4 6-4,3,R32,77.0,4.0,0.0,59.0,34.0,29.0,12.0,10.0,2.0,3.0,11.0,3.0,65.0,37.0,24.0,14.0,10.0,9.0,12.0
2014-422,Cincinnati Masters,Hard,56,M,O,20140810,35,F510,15.0,,Fabio Fognini,R,178.0,ITA,27.214,21.0,1665.0,H432,,,Lleyton Hewitt,R,178.0,AUS,33.457,42.0,1015.0,6-1 6-4,3,R32,74.0,2.0,6.0,49.0,26.0,19.0,9.0,8.0,3.0,6.0,2.0,9.0,57.0,21.0,11.0,12.0,9.0,5.0,12.0
2014-422,Cincinnati Masters,Hard,56,M,O,20140810,36,L575,,,Yen-Hsun Lu,R,180.0,TPE,30.99,43.0,1003.0,BA47,4.0,,Tomas Berdych,R,196.0,CZE,28.895,5.0,4410.0,3-6 6-3 6-4,3,R32,105.0,9.0,2.0,82.0,51.0,37.0,19.0,14.0,4.0,5.0,6.0,4.0,76.0,41.0,32.0,20.0,14.0,2.0,4.0
2014-422,Cincinnati Masters,Hard,56,M,O,20140810,37,MC10,8.0,,Andy Murray,R,191.0,GBR,27.239,9.0,3150.0,SH90,,,Joao Sousa,R,185.0,POR,25.363,37.0,1052.0,6-3 6-3,3,R32,72.0,4.0,2.0,63.0,40.0,32.0,11.0,9.0,2.0,2.0,2.0,3.0,57.0,28.0,20.0,13.0,9.0,1.0,4.0
2014-422,Cincinnati Masters,Hard,56,M,O,20140810,38,I186,11.0,,John Isner,R,208.0,USA,29.29,14.0,2435.0,ME05,,Q,Marinko Matosevic,R,193.0,AUS,29.005,89.0,632.0,6-3 7-6(1),3,R32,73.0,16.0,0.0,60.0,41.0,35.0,13.0,11.0,0.0,0.0,1.0,4.0,66.0,45.0,31.0,12.0,10.0,4.0,5.0
2014-422,Cincinnati Masters,Hard,56,M,O,20140810,39,MC65,,,Gael Monfils,R,193.0,FRA,27.94,23.0,1590.0,BD06,13.0,,Roberto Bautista Agut,R,183.0,ESP,26.322,18.0,1775.0,6-4 6-1,3,R32,59.0,4.0,1.0,45.0,26.0,21.0,13.0,8.0,1.0,1.0,1.0,1.0,54.0,38.0,19.0,8.0,9.0,3.0,7.0
2014-422,Cincinnati Masters,Hard,56,M,O,20140810,40,F324,2.0,,Roger Federer,R,185.0,SUI,33.005,3.0,6670.0,PD07,,,Vasek Pospisil,R,193.0,CAN,24.131,46.0,965.0,7-6(4) 5-7 6-2,3,R32,122.0,6.0,0.0,88.0,61.0,46.0,22.0,16.0,1.0,2.0,8.0,9.0,99.0,57.0,45.0,20.0,16.0,4.0,6.0
2014-422,Cincinnati Masters,Hard,56,M,O,20140810,41,R419,16.0,,Tommy Robredo,R,180.0,ESP,32.277,20.0,1735.0,D643,1.0,,Novak Djokovic,R,188.0,SRB,27.22,1.0,12860.0,7-6(6) 7-5,3,R16,105.0,5.0,1.0,69.0,45.0,34.0,17.0,12.0,0.0,1.0,10.0,3.0,78.0,51.0,36.0,12.0,12.0,4.0,6.0
2014-422,Cincinnati Masters,Hard,56,M,O,20140810,42,F401,6.0,,David Ferrer,R,175.0,ESP,32.356,6.0,4255.0,Y061,,,Mikhail Youzhny,R,183.0,RUS,32.126,25.0,1495.0,7-5 6-0,3,R16,82.0,2.0,5.0,61.0,38.0,27.0,14.0,9.0,4.0,5.0,1.0,0.0,62.0,32.0,18.0,13.0,9.0,5.0,10.0
2014-422,Cincinnati Masters,Hard,56,M,O,20140810,43,W367,3.0,,Stan Wawrinka,R,183.0,SUI,29.369,4.0,5850.0,C977,14.0,,Marin Cilic,R,198.0,CRO,25.864,19.0,1755.0,3-6 6-0 6-1,3,R16,83.0,7.0,5.0,67.0,31.0,26.0,20.0,11.0,3.0,4.0,2.0,1.0,62.0,40.0,29.0,6.0,11.0,3.0,8.0
2014-422,Cincinnati Masters,Hard,56,M,O,20140810,44,B747,,,Julien Benneteau,R,185.0,FRA,32.638,41.0,1015.0,J397,,,Jerzy Janowicz,R,203.0,POL,23.74,65.0,775.0,7-5 6-1,3,R16,74.0,5.0,0.0,66.0,51.0,40.0,6.0,10.0,3.0,3.0,9.0,4.0,48.0,27.0,19.0,11.0,9.0,1.0,4.0
2014-422,Cincinnati Masters,Hard,56,M,O,20140810,45,R975,5.0,,Milos Raonic,R,196.0,CAN,23.619,7.0,3955.0,J386,,WC,Steve Johnson,R,188.0,USA,24.627,55.0,839.0,6-7(7) 6-3 7-6(4),3,R16,134.0,30.0,8.0,98.0,60.0,56.0,20.0,17.0,1.0,2.0,4.0,4.0,119.0,75.0,55.0,22.0,16.0,6.0,8.0
2014-422,Cincinnati Masters,Hard,56,M,O,20140810,46,F510,15.0,,Fabio Fognini,R,178.0,ITA,27.214,21.0,1665.0,L575,,,Yen-Hsun Lu,R,180.0,TPE,30.99,43.0,1003.0,3-6 6-3 6-3,3,R16,105.0,6.0,4.0,90.0,43.0,36.0,23.0,13.0,9.0,10.0,7.0,1.0,82.0,56.0,42.0,10.0,14.0,5.0,8.0
2014-422,Cincinnati Masters,Hard,56,M,O,20140810,47,MC10,8.0,,Andy Murray,R,191.0,GBR,27.239,9.0,3150.0,I186,11.0,,John Isner,R,208.0,USA,29.29,14.0,2435.0,6-7(3) 6-4 7-6(2),3,R16,143.0,14.0,4.0,103.0,62.0,57.0,22.0,17.0,3.0,3.0,21.0,2.0,100.0,63.0,52.0,23.0,17.0,4.0,5.0
2014-422,Cincinnati Masters,Hard,56,M,O,20140810,48,F324,2.0,,Roger Federer,R,185.0,SUI,33.005,3.0,6670.0,MC65,,,Gael Monfils,R,193.0,FRA,27.94,23.0,1590.0,6-4 4-6 6-3,3,R16,109.0,4.0,5.0,87.0,52.0,37.0,18.0,15.0,3.0,6.0,7.0,8.0,91.0,45.0,29.0,22.0,14.0,5.0,9.0
2014-422,Cincinnati Masters,Hard,56,M,O,20140810,49,F401,6.0,,David Ferrer,R,175.0,ESP,32.356,6.0,4255.0,R419,16.0,,Tommy Robredo,R,180.0,ESP,32.277,20.0,1735.0,6-4 3-6 6-3,3,QF,126.0,5.0,5.0,91.0,54.0,40.0,16.0,14.0,4.0,7.0,4.0,2.0,109.0,72.0,45.0,18.0,14.0,7.0,11.0
2014-422,Cincinnati Masters,Hard,56,M,O,20140810,50,B747,,,Julien Benneteau,R,185.0,FRA,32.638,41.0,1015.0,W367,3.0,,Stan Wawrinka,R,183.0,SUI,29.369,4.0,5850.0,1-6 6-1 6-2,3,QF,81.0,9.0,4.0,60.0,41.0,34.0,7.0,11.0,1.0,3.0,8.0,0.0,69.0,36.0,25.0,15.0,11.0,5.0,9.0
2014-422,Cincinnati Masters,Hard,56,M,O,20140810,51,R975,5.0,,Milos Raonic,R,196.0,CAN,23.619,7.0,3955.0,F510,15.0,,Fabio Fognini,R,178.0,ITA,27.214,21.0,1665.0,6-1 6-0,3,QF,57.0,7.0,3.0,45.0,23.0,19.0,12.0,6.0,7.0,7.0,2.0,4.0,40.0,17.0,7.0,7.0,7.0,0.0,6.0
2014-422,Cincinnati Masters,Hard,56,M,O,20140810,52,F324,2.0,,Roger Federer,R,185.0,SUI,33.005,3.0,6670.0,MC10,8.0,,Andy Murray,R,191.0,GBR,27.239,9.0,3150.0,6-3 7-5,3,QF,93.0,3.0,3.0,63.0,38.0,27.0,13.0,10.0,4.0,6.0,6.0,2.0,73.0,35.0,21.0,17.0,11.0,8.0,13.0
2014-422,Cincinnati Masters,Hard,56,M,O,20140810,53,F401,6.0,,David Ferrer,R,175.0,ESP,32.356,6.0,4255.0,B747,,,Julien Benneteau,R,185.0,FRA,32.638,41.0,1015.0,6-3 6-2,3,SF,72.0,3.0,0.0,46.0,32.0,24.0,10.0,8.0,1.0,1.0,3.0,5.0,66.0,44.0,28.0,7.0,9.0,6.0,10.0
2014-422,Cincinnati Masters,Hard,56,M,O,20140810,54,F324,2.0,,Roger Federer,R,185.0,SUI,33.005,3.0,6670.0,R975,5.0,,Milos Raonic,R,196.0,CAN,23.619,7.0,3955.0,6-2 6-3,3,SF,69.0,2.0,0.0,52.0,33.0,29.0,10.0,9.0,1.0,1.0,6.0,3.0,57.0,25.0,17.0,16.0,8.0,2.0,5.0
2014-422,Cincinnati Masters,Hard,56,M,O,20140810,55,F324,2.0,,Roger Federer,R,185.0,SUI,33.005,3.0,6670.0,F401,6.0,,David Ferrer,R,175.0,ESP,32.356,6.0,4255.0,6-3 1-6 6-2,3,F,102.0,6.0,2.0,74.0,47.0,36.0,13.0,12.0,9.0,11.0,3.0,3.0,88.0,54.0,38.0,14.0,12.0,11.0,14.0
2014-6242,Winston-Salem,Hard,48,250,O,20140817,1,KA98,,,Bradley Klahn,L,183.0,USA,23.992,117.0,515.0,RC96,,WC,Noah Rubin,R,175.0,USA,18.486,584.0,52.0,6-2 0-6 7-6(5),3,R64,132.0,7.0,10.0,120.0,62.0,44.0,21.0,13.0,14.0,19.0,1.0,3.0,84.0,56.0,37.0,14.0,13.0,3.0,7.0
2014-6242,Winston-Salem,Hard,48,250,O,20140817,2,N503,,,Aleksandr Nedovyesov,R,188.0,KAZ,27.502,108.0,550.0,GC88,,Q,Marcos Giron,R,180.0,USA,21.065,433.0,92.0,6-4 6-4,3,R64,98.0,4.0,2.0,70.0,45.0,33.0,13.0,10.0,6.0,7.0,1.0,9.0,80.0,51.0,33.0,11.0,10.0,6.0,9.0
2014-6242,Winston-Salem,Hard,48,250,O,20140817,3,B896,,,Benjamin Becker,R,178.0,GER,33.169,58.0,813.0,CD85,,,Pablo Carreno Busta,R,188.0,ESP,23.099,75.0,691.0,6-2 2-6 6-1,3,R64,85.0,9.0,4.0,69.0,37.0,32.0,13.0,12.0,5.0,7.0,2.0,3.0,73.0,45.0,28.0,13.0,11.0,4.0,8.0
2014-6242,Winston-Salem,Hard,48,250,O,20140817,4,GB88,,Q,David Goffin,R,180.0,BEL,23.693,62.0,793.0,M762,,,Jurgen Melzer,L,183.0,AUT,33.238,68.0,770.0,6-3 6-4,3,R64,80.0,8.0,2.0,68.0,39.0,29.0,19.0,10.0,6.0,6.0,2.0,1.0,52.0,27.0,19.0,16.0,9.0,1.0,3.0
2014-6242,Winston-Salem,Hard,48,250,O,20140817,5,BA65,,,Dustin Brown,R,196.0,JAM,29.689,98.0,591.0,G892,,,Alejandro Gonzalez,R,191.0,COL,25.522,101.0,577.0,6-3 6-2,3,R64,49.0,10.0,1.0,50.0,31.0,28.0,8.0,9.0,2.0,3.0,1.0,4.0,51.0,28.0,18.0,9.0,8.0,6.0,10.0
2014-6242,Winston-Salem,Hard,48,250,O,20140817,6,D499,,,Frank Dancevic,R,185.0,CAN,29.889,138.0,429.0,BD20,,,Thomaz Bellucci,L,188.0,BRA,26.631,92.0,618.0,7-5 3-6 6-2,3,R64,126.0,8.0,5.0,96.0,55.0,43.0,14.0,15.0,6.0,10.0,7.0,4.0,77.0,36.0,26.0,20.0,14.0,2.0,7.0
2014-6242,Winston-Salem,Hard,48,250,O,20140817,7,Q927,,,Sam Querrey,R,198.0,USA,26.861,56.0,820.0,R750,,,Pere Riba,R,183.0,ESP,26.36,116.0,527.0,7-6(5) 6-4,3,R64,79.0,16.0,1.0,63.0,36.0,28.0,21.0,11.0,1.0,1.0,9.0,3.0,77.0,38.0,27.0,23.0,11.0,2.0,3.0
2014-6242,Winston-Salem,Hard,48,250,O,20140817,8,ME82,,,Adrian Mannarino,L,180.0,FRA,26.133,90.0,622.0,D923,,Q,Damir Dzumhur,R,175.0,BIH,22.242,120.0,507.0,6-2 6-2,3,R64,62.0,2.0,1.0,42.0,29.0,20.0,8.0,8.0,0.0,2.0,1.0,4.0,42.0,26.0,9.0,6.0,8.0,0.0,6.0
2014-6242,Winston-Salem,Hard,48,250,O,20140817,9,H756,,,Robin Haase,R,191.0,NED,27.365,70.0,735.0,PD31,,,Benoit Paire,R,196.0,FRA,25.276,99.0,590.0,6-4 2-6 6-2,3,R64,92.0,2.0,3.0,78.0,50.0,32.0,20.0,13.0,4.0,6.0,3.0,4.0,82.0,35.0,25.0,25.0,13.0,5.0,8.0
2014-6242,Winston-Salem,Hard,48,250,O,20140817,10,SF36,,,Igor Sijsling,R,191.0,NED,26.998,73.0,713.0,G806,,,Andrey Golubev,R,180.0,KAZ,27.072,64.0,782.0,7-6(5) 6-3,3,R64,94.0,8.0,3.0,63.0,36.0,25.0,16.0,11.0,1.0,4.0,2.0,9.0,87.0,39.0,26.0,21.0,10.0,7.0,11.0
2014-6242,Winston-Salem,Hard,48,250,O,20140817,11,H940,,WC,Ryan Harrison,R,185.0,USA,22.278,184.0,279.0,SL28,,,Jan-Lennard Struff,R,193.0,GER,24.312,78.0,680.0,6-4 6-2,3,R64,84.0,6.0,3.0,69.0,38.0,30.0,16.0,9.0,4.0,4.0,4.0,1.0,60.0,36.0,22.0,13.0,9.0,1.0,4.0
2014-6242,Winston-Salem,Hard,48,250,O,20140817,12,M873,,,Nicolas Mahut,R,191.0,FRA,32.569,104.0,575.0,K834,,,Blaz Kavcic,R,188.0,SLO,27.452,93.0,618.0,6-3 6-2,3,R64,73.0,5.0,4.0,48.0,27.0,21.0,11.0,8.0,1.0,2.0,2.0,7.0,73.0,46.0,26.0,10.0,9.0,3.0,8.0
2014-6242,Winston-Salem,Hard,48,250,O,20140817,13,D874,,,Federico Delbonis,L,193.0,ARG,23.866,66.0,775.0,K966,,,Martin Klizan,L,191.0,SVK,25.101,65.0,775.0,7-6(5) 6-4,3,R64,95.0,9.0,3.0,70.0,41.0,31.0,16.0,11.0,3.0,5.0,6.0,9.0,73.0,38.0,29.0,14.0,11.0,3.0,6.0
2014-6242,Winston-Salem,Hard,48,250,O,20140817,14,RA51,,,Blaz Rola,L,193.0,SLO,23.866,88.0,638.0,O234,,Q,Wayne Odesnik,L,180.0,USA,28.736,180.0,288.0,7-6(4) 6-3,3,R64,102.0,4.0,3.0,64.0,42.0,34.0,11.0,10.0,3.0,4.0,5.0,3.0,76.0,43.0,25.0,22.0,11.0,8.0,11.0
2014-6242,Winston-Salem,Hard,48,250,O,20140817,15,M850,,,Paul-Henri Mathieu,R,185.0,FRA,32.594,82.0,649.0,G569,,WC,Robby Ginepri,R,183.0,USA,31.86,204.0,242.0,6-3 7-5,3,R64,76.0,9.0,4.0,59.0,32.0,27.0,16.0,11.0,1.0,2.0,4.0,3.0,60.0,38.0,22.0,12.0,10.0,1.0,4.0
2014-6242,Winston-Salem,Hard,48,250,O,20140817,16,J397,,,Jerzy Janowicz,R,203.0,POL,23.759,52.0,855.0,B884,,,Carlos Berlocq,R,183.0,ARG,31.535,63.0,785.0,6-1 6-4,3,R64,90.0,7.0,3.0,59.0,31.0,27.0,16.0,9.0,5.0,5.0,6.0,4.0,67.0,40.0,29.0,8.0,8.0,8.0,11.0
2014-6242,Winston-Salem,Hard,48,250,O,20140817,17,I186,1.0,,John Isner,R,208.0,USA,29.309,15.0,1925.0,KA98,,,Bradley Klahn,L,183.0,USA,23.992,117.0,515.0,7-6(5) 6-2,3,R32,69.0,13.0,2.0,64.0,44.0,37.0,11.0,10.0,2.0,2.0,7.0,3.0,56.0,32.0,25.0,13.0,10.0,1.0,3.0
2014-6242,Winston-Salem,Hard,48,250,O,20140817,18,K926,13.0,,Mikhail Kukushkin,R,183.0,KAZ,26.642,50.0,897.0,H756,,,Robin Haase,R,191.0,NED,27.365,70.0,735.0,5-7 7-6(2) 6-4,3,R32,132.0,9.0,0.0,98.0,51.0,44.0,27.0,17.0,2.0,4.0,8.0,2.0,103.0,55.0,44.0,24.0,17.0,6.0,8.0
2014-6242,Winston-Salem,Hard,48,250,O,20140817,19,A596,10.0,,Pablo Andujar,R,180.0,ESP,28.564,47.0,926.0,SF36,,,Igor Sijsling,R,191.0,NED,26.998,73.0,713.0,6-4 6-3,3,R32,80.0,0.0,3.0,62.0,41.0,29.0,11.0,9.0,6.0,7.0,4.0,5.0,65.0,31.0,23.0,13.0,10.0,5.0,9.0
2014-6242,Winston-Salem,Hard,48,250,O,20140817,20,R685,7.0,,Lukas Rosol,R,193.0,CZE,29.065,33.0,1120.0,H940,,WC,Ryan Harrison,R,185.0,USA,22.278,184.0,279.0,3-6 2-1 RET,3,R32,44.0,7.0,1.0,34.0,24.0,16.0,2.0,6.0,3.0,5.0,3.0,5.0,42.0,23.0,18.0,7.0,6.0,1.0,2.0
2014-6242,Winston-Salem,Hard,48,250,O,20140817,21,M873,,,Nicolas Mahut,R,191.0,FRA,32.569,104.0,575.0,R419,3.0,,Tommy Robredo,R,180.0,ESP,32.296,18.0,1825.0,6-1 7-6(0),3,R32,81.0,6.0,4.0,57.0,36.0,29.0,11.0,9.0,3.0,4.0,2.0,2.0,71.0,54.0,33.0,3.0,10.0,4.0,8.0
2014-6242,Winston-Salem,Hard,48,250,O,20140817,22,SA93,14.0,,Andreas Seppi,R,191.0,ITA,30.486,48.0,925.0,D874,,,Federico Delbonis,L,193.0,ARG,23.866,66.0,775.0,7-5 6-7(4) 6-2,3,R32,147.0,8.0,3.0,111.0,61.0,43.0,27.0,16.0,9.0,12.0,4.0,7.0,112.0,59.0,38.0,25.0,16.0,9.0,15.0
2014-6242,Winston-Salem,Hard,48,250,O,20140817,23,L575,9.0,,Yen-Hsun Lu,R,180.0,TPE,31.009,38.0,1073.0,RA51,,,Blaz Rola,L,193.0,SLO,23.866,88.0,638.0,6-4 7-5,3,R32,87.0,7.0,1.0,54.0,29.0,26.0,19.0,11.0,1.0,1.0,10.0,7.0,75.0,44.0,34.0,15.0,11.0,6.0,8.0
2014-6242,Winston-Salem,Hard,48,250,O,20140817,24,G710,8.0,,Marcel Granollers,R,191.0,ESP,28.348,42.0,1010.0,M850,,,Paul-Henri Mathieu,R,185.0,FRA,32.594,82.0,649.0,6-3 6-3,3,R32,72.0,14.0,5.0,56.0,34.0,28.0,10.0,9.0,6.0,7.0,0.0,4.0,56.0,21.0,12.0,18.0,9.0,3.0,7.0
2014-6242,Winston-Salem,Hard,48,250,O,20140817,25,J397,,,Jerzy Janowicz,R,203.0,POL,23.759,52.0,855.0,SH90,6.0,,Joao Sousa,R,185.0,POR,25.383,37.0,1077.0,6-1 3-6 7-6(5),3,R32,123.0,7.0,10.0,92.0,47.0,37.0,24.0,14.0,4.0,7.0,0.0,5.0,87.0,53.0,37.0,17.0,14.0,3.0,7.0
2014-6242,Winston-Salem,Hard,48,250,O,20140817,26,R613,12.0,,Edouard Roger-Vasselin,R,185.0,FRA,30.719,51.0,885.0,N503,,,Aleksandr Nedovyesov,R,188.0,KAZ,27.502,108.0,550.0,7-6(9) 6-7(5) 6-4,3,R32,163.0,6.0,4.0,120.0,76.0,55.0,25.0,17.0,6.0,8.0,15.0,1.0,123.0,83.0,58.0,20.0,17.0,8.0,11.0
2014-6242,Winston-Salem,Hard,48,250,O,20140817,27,N289,15.0,,Jarkko Nieminen,L,185.0,FIN,33.068,54.0,838.0,B896,,,Benjamin Becker,R,178.0,GER,33.169,58.0,813.0,7-5 6-4,3,R32,79.0,2.0,5.0,62.0,30.0,22.0,19.0,11.0,0.0,2.0,3.0,7.0,77.0,33.0,26.0,17.0,11.0,7.0,11.0
2014-6242,Winston-Salem,Hard,48,250,O,20140817,28,GB88,,Q,David Goffin,R,180.0,BEL,23.693,62.0,793.0,MD56,4.0,,Leonardo Mayer,R,191.0,ARG,27.258,26.0,1354.0,6-3 6-1,3,R32,59.0,5.0,1.0,40.0,22.0,21.0,11.0,8.0,0.0,0.0,3.0,5.0,57.0,30.0,15.0,13.0,8.0,3.0,7.0
2014-6242,Winston-Salem,Hard,48,250,O,20140817,29,G476,5.0,,Guillermo Garcia-Lopez,R,185.0,ESP,31.203,32.0,1143.0,BA65,,,Dustin Brown,R,196.0,JAM,29.689,98.0,591.0,6-7(5) 6-2 6-2,3,R32,103.0,4.0,5.0,90.0,49.0,38.0,25.0,14.0,4.0,4.0,11.0,8.0,88.0,47.0,33.0,19.0,14.0,7.0,11.0
2014-6242,Winston-Salem,Hard,48,250,O,20140817,30,Y124,11.0,,Donald Young,L,183.0,USA,25.068,46.0,934.0,D499,,,Frank Dancevic,R,185.0,CAN,29.889,138.0,429.0,6-1 6-3,3,R32,47.0,1.0,1.0,39.0,26.0,18.0,11.0,8.0,1.0,2.0,4.0,13.0,59.0,32.0,17.0,10.0,8.0,4.0,9.0
2014-6242,Winston-Salem,Hard,48,250,O,20140817,31,Q927,,,Sam Querrey,R,198.0,USA,26.861,56.0,820.0,J386,16.0,,Steve Johnson,R,188.0,USA,24.646,49.0,909.0,6-4 6-3,3,R32,65.0,19.0,4.0,62.0,37.0,28.0,15.0,10.0,3.0,4.0,6.0,2.0,60.0,35.0,27.0,7.0,9.0,1.0,4.0
2014-6242,Winston-Salem,Hard,48,250,O,20140817,32,A678,2.0,,Kevin Anderson,R,203.0,RSA,28.249,20.0,1775.0,ME82,,,Adrian Mannarino,L,180.0,FRA,26.133,90.0,622.0,6-3 2-6 6-4,3,R32,114.0,17.0,1.0,88.0,60.0,43.0,16.0,14.0,6.0,8.0,3.0,2.0,63.0,36.0,25.0,21.0,13.0,0.0,2.0
2014-6242,Winston-Salem,Hard,48,250,O,20140817,33,I186,1.0,,John Isner,R,208.0,USA,29.309,15.0,1925.0,K926,13.0,,Mikhail Kukushkin,R,183.0,KAZ,26.642,50.0,897.0,6-1 7-6(3),3,R16,69.0,17.0,1.0,54.0,36.0,31.0,14.0,10.0,0.0,0.0,1.0,3.0,58.0,44.0,30.0,5.0,9.0,4.0,6.0
2014-6242,Winston-Salem,Hard,48,250,O,20140817,34,R685,7.0,,Lukas Rosol,R,193.0,CZE,29.065,33.0,1120.0,A596,10.0,,Pablo Andujar,R,180.0,ESP,28.564,47.0,926.0,1-6 6-2 6-2,3,R16,82.0,4.0,2.0,78.0,41.0,29.0,18.0,12.0,4.0,7.0,0.0,4.0,54.0,30.0,20.0,13.0,11.0,2.0,6.0
2014-6242,Winston-Salem,Hard,48,250,O,20140817,35,SA93,14.0,,Andreas Seppi,R,191.0,ITA,30.486,48.0,925.0,M873,,,Nicolas Mahut,R,191.0,FRA,32.569,104.0,575.0,6-4 7-6(7),3,R16,98.0,7.0,5.0,71.0,41.0,35.0,16.0,11.0,3.0,4.0,5.0,2.0,69.0,37.0,27.0,19.0,11.0,1.0,3.0
2014-6242,Winston-Salem,Hard,48,250,O,20140817,36,L575,9.0,,Yen-Hsun Lu,R,180.0,TPE,31.009,38.0,1073.0,G710,8.0,,Marcel Granollers,R,191.0,ESP,28.348,42.0,1010.0,6-1 6-2,3,R16,65.0,1.0,3.0,41.0,19.0,17.0,15.0,8.0,0.0,0.0,3.0,3.0,58.0,39.0,22.0,8.0,7.0,5.0,9.0
2014-6242,Winston-Salem,Hard,48,250,O,20140817,37,J397,,,Jerzy Janowicz,R,203.0,POL,23.759,52.0,855.0,R613,12.0,,Edouard Roger-Vasselin,R,185.0,FRA,30.719,51.0,885.0,4-6 6-3 6-4,3,R16,129.0,5.0,9.0,97.0,52.0,37.0,25.0,15.0,2.0,4.0,8.0,3.0,80.0,50.0,37.0,16.0,14.0,1.0,4.0
2014-6242,Winston-Salem,Hard,48,250,O,20140817,38,GB88,,Q,David Goffin,R,180.0,BEL,23.693,62.0,793.0,N289,15.0,,Jarkko Nieminen,L,185.0,FIN,33.068,54.0,838.0,6-4 4-6 6-4,3,R16,104.0,6.0,7.0,81.0,46.0,36.0,19.0,15.0,0.0,2.0,6.0,2.0,83.0,47.0,37.0,16.0,15.0,0.0,3.0
2014-6242,Winston-Salem,Hard,48,250,O,20140817,39,G476,5.0,,Guillermo Garcia-Lopez,R,185.0,ESP,31.203,32.0,1143.0,Y124,11.0,,Donald Young,L,183.0,USA,25.068,46.0,934.0,6-7(4) 6-3 7-6(6),3,R16,167.0,10.0,4.0,129.0,63.0,47.0,39.0,17.0,7.0,9.0,2.0,2.0,103.0,58.0,38.0,30.0,16.0,3.0,6.0
2014-6242,Winston-Salem,Hard,48,250,O,20140817,40,Q927,,,Sam Querrey,R,198.0,USA,26.861,56.0,820.0,A678,2.0,,Kevin Anderson,R,203.0,RSA,28.249,20.0,1775.0,7-6(4) 6-4,3,R16,90.0,9.0,0.0,67.0,46.0,40.0,11.0,11.0,2.0,2.0,10.0,2.0,76.0,43.0,33.0,19.0,11.0,4.0,5.0
2014-6242,Winston-Salem,Hard,48,250,O,20140817,41,R685,7.0,,Lukas Rosol,R,193.0,CZE,29.065,33.0,1120.0,I186,1.0,,John Isner,R,208.0,USA,29.309,15.0,1925.0,W/O,3,QF,,9.0,0.0,67.0,46.0,40.0,11.0,11.0,2.0,2.0,10.0,2.0,76.0,43.0,33.0,19.0,11.0,4.0,5.0
2014-6242,Winston-Salem,Hard,48,250,O,20140817,42,L575,9.0,,Yen-Hsun Lu,R,180.0,TPE,31.009,38.0,1073.0,SA93,14.0,,Andreas Seppi,R,191.0,ITA,30.486,48.0,925.0,6-4 6-4,3,QF,82.0,7.0,2.0,70.0,39.0,31.0,18.0,10.0,5.0,5.0,4.0,1.0,64.0,33.0,27.0,15.0,10.0,3.0,5.0
2014-6242,Winston-Salem,Hard,48,250,O,20140817,43,J397,,,Jerzy Janowicz,R,203.0,POL,23.759,52.0,855.0,GB88,,Q,David Goffin,R,180.0,BEL,23.693,62.0,793.0,6-4 6-2,3,QF,78.0,6.0,0.0,57.0,31.0,22.0,15.0,9.0,0.0,1.0,1.0,1.0,50.0,29.0,19.0,8.0,9.0,3.0,7.0
2014-6242,Winston-Salem,Hard,48,250,O,20140817,44,Q927,,,Sam Querrey,R,198.0,USA,26.861,56.0,820.0,G476,5.0,,Guillermo Garcia-Lopez,R,185.0,ESP,31.203,32.0,1143.0,6-7(3) 6-2 6-4,3,QF,121.0,22.0,5.0,86.0,54.0,46.0,18.0,15.0,3.0,3.0,6.0,6.0,93.0,50.0,35.0,25.0,15.0,2.0,5.0
2014-6242,Winston-Salem,Hard,48,250,O,20140817,45,R685,7.0,,Lukas Rosol,R,193.0,CZE,29.065,33.0,1120.0,L575,9.0,,Yen-Hsun Lu,R,180.0,TPE,31.009,38.0,1073.0,7-5 4-6 6-4,3,SF,124.0,8.0,4.0,105.0,58.0,38.0,27.0,16.0,6.0,9.0,11.0,4.0,97.0,49.0,38.0,23.0,16.0,7.0,11.0
2014-6242,Winston-Salem,Hard,48,250,O,20140817,46,J397,,,Jerzy Janowicz,R,203.0,POL,23.759,52.0,855.0,Q927,,,Sam Querrey,R,198.0,USA,26.861,56.0,820.0,4-6 7-5 6-4,3,SF,138.0,7.0,6.0,103.0,67.0,52.0,14.0,16.0,16.0,20.0,18.0,6.0,104.0,55.0,39.0,23.0,16.0,9.0,14.0
2014-6242,Winston-Salem,Hard,48,250,O,20140817,47,R685,7.0,,Lukas Rosol,R,193.0,CZE,29.065,33.0,1120.0,J397,,,Jerzy Janowicz,R,203.0,POL,23.759,52.0,855.0,3-6 7-6(3) 7-5,3,F,131.0,13.0,4.0,117.0,69.0,51.0,25.0,16.0,8.0,10.0,11.0,3.0,89.0,58.0,48.0,19.0,17.0,3.0,5.0
2014-560,US Open,Hard,128,G,O,20140825,1,D643,1.0,,Novak Djokovic,R,188.0,SRB,27.261,1.0,12770.0,SM37,,,Diego Schwartzman,R,170.0,ARG,22.023,79.0,656.0,6-1 6-2 6-4,5,R128,97.0,7.0,3.0,76.0,47.0,36.0,18.0,13.0,4.0,6.0,1.0,3.0,70.0,35.0,21.0,12.0,12.0,5.0,12.0
2014-560,US Open,Hard,128,G,O,20140825,2,N503,,,Aleksandr Nedovyesov,R,188.0,KAZ,27.524,107.0,554.0,MG47,,Q,James McGee,R,183.0,IRL,27.209,194.0,255.0,4-6 6-2 6-1 7-6(3),5,R128,164.0,16.0,3.0,124.0,83.0,61.0,21.0,19.0,2.0,4.0,4.0,9.0,139.0,77.0,51.0,28.0,18.0,11.0,16.0
2014-560,US Open,Hard,128,G,O,20140825,3,CD85,,,Pablo Carreno Busta,R,188.0,ESP,23.121,74.0,691.0,BA86,,Q,Andreas Beck,L,191.0,GER,28.55,115.0,528.0,6-3 4-6 6-2 7-6(0),5,R128,157.0,9.0,6.0,114.0,69.0,49.0,25.0,20.0,2.0,7.0,3.0,9.0,127.0,63.0,36.0,32.0,19.0,8.0,15.0
2014-560,US Open,Hard,128,G,O,20140825,4,PD31,,,Benoit Paire,R,196.0,FRA,25.298,98.0,590.0,B747,24.0,,Julien Benneteau,R,185.0,FRA,32.679,28.0,1285.0,7-6(4) 5-7 6-4 4-6 6-4,5,R128,244.0,14.0,15.0,168.0,86.0,64.0,29.0,27.0,11.0,20.0,6.0,9.0,205.0,133.0,88.0,27.0,27.0,21.0,30.0
2014-560,US Open,Hard,128,G,O,20140825,5,V306,31.0,,Fernando Verdasco,L,188.0,ESP,30.776,37.0,1100.0,RA51,,,Blaz Rola,L,193.0,SLO,23.888,87.0,638.0,6-3 3-6 7-5 1-6 6-4,5,R128,197.0,9.0,11.0,141.0,95.0,63.0,22.0,23.0,11.0,18.0,5.0,6.0,162.0,103.0,67.0,28.0,24.0,10.0,17.0
2014-560,US Open,Hard,128,G,O,20140825,6,KB54,,,Andrey Kuznetsov,R,183.0,RUS,23.504,96.0,592.0,KA98,,,Bradley Klahn,L,183.0,USA,24.014,117.0,525.0,6-4 4-6 6-3 7-5,5,R128,154.0,5.0,1.0,130.0,80.0,52.0,29.0,20.0,8.0,13.0,8.0,6.0,132.0,79.0,47.0,27.0,21.0,10.0,18.0
2014-560,US Open,Hard,128,G,O,20140825,7,BC65,,Q,Matthias Bachinger,R,188.0,GER,27.398,235.0,208.0,S694,,,Radek Stepanek,R,185.0,CZE,35.743,39.0,1060.0,6-3 6-2 6-2,5,R128,90.0,7.0,2.0,68.0,44.0,36.0,16.0,13.0,0.0,0.0,0.0,4.0,75.0,36.0,24.0,19.0,12.0,4.0,9.0
2014-560,US Open,Hard,128,G,O,20140825,8,MC10,8.0,,Andy Murray,R,191.0,GBR,27.28,9.0,3150.0,H756,,,Robin Haase,R,191.0,NED,27.387,70.0,725.0,6-3 7-6(6) 1-6 7-5,5,R128,188.0,8.0,9.0,157.0,96.0,58.0,31.0,21.0,12.0,19.0,16.0,6.0,134.0,81.0,55.0,23.0,19.0,7.0,13.0
2014-560,US Open,Hard,128,G,O,20140825,9,W367,3.0,,Stan Wawrinka,R,183.0,SUI,29.41,4.0,5985.0,V708,,,Jiri Vesely,L,198.0,CZE,21.125,75.0,686.0,6-2 7-6(6) 7-6(3),5,R128,135.0,9.0,7.0,100.0,47.0,38.0,31.0,16.0,2.0,4.0,5.0,6.0,109.0,69.0,46.0,22.0,16.0,8.0,12.0
2014-560,US Open,Hard,128,G,O,20140825,10,BD20,,,Thomaz Bellucci,L,188.0,BRA,26.653,91.0,618.0,M873,,,Nicolas Mahut,R,191.0,FRA,32.591,103.0,575.0,7-6(4) 6-4 6-1,5,R128,122.0,11.0,6.0,94.0,54.0,44.0,24.0,15.0,7.0,7.0,6.0,4.0,93.0,52.0,39.0,18.0,14.0,7.0,10.0
2014-560,US Open,Hard,128,G,O,20140825,11,K834,,,Blaz Kavcic,R,188.0,SLO,27.474,92.0,618.0,Y124,,,Donald Young,L,183.0,USA,25.09,47.0,937.0,7-5 6-4 6-4,5,R128,133.0,7.0,3.0,100.0,73.0,56.0,10.0,16.0,6.0,9.0,4.0,5.0,101.0,60.0,41.0,17.0,16.0,13.0,19.0
2014-560,US Open,Hard,128,G,O,20140825,12,M850,,,Paul-Henri Mathieu,R,185.0,FRA,32.616,81.0,649.0,MA30,,,Gilles Muller,L,193.0,LUX,31.296,68.0,753.0,6-7(7) 7-5 7-6(6) 6-7(5) 6-1,5,R128,258.0,19.0,8.0,186.0,106.0,81.0,49.0,28.0,12.0,14.0,38.0,11.0,182.0,102.0,82.0,38.0,27.0,5.0,10.0
2014-560,US Open,Hard,128,G,O,20140825,13,CA12,30.0,,Jeremy Chardy,R,188.0,FRA,27.532,36.0,1105.0,F444,,,Alejandro Falla,L,185.0,COL,30.779,71.0,716.0,6-7(5) 6-2 7-5 6-4,5,R128,178.0,10.0,10.0,149.0,83.0,57.0,33.0,21.0,5.0,10.0,11.0,18.0,146.0,70.0,47.0,33.0,21.0,11.0,20.0
2014-560,US Open,Hard,128,G,O,20140825,14,KE17,,,Nick Kyrgios,R,193.0,AUS,19.329,60.0,805.0,Y061,21.0,,Mikhail Youzhny,R,183.0,RUS,32.167,23.0,1540.0,7-5 7-6(4) 2-6 7-6(1),5,R128,183.0,26.0,8.0,150.0,102.0,73.0,24.0,22.0,4.0,8.0,6.0,8.0,160.0,114.0,78.0,23.0,21.0,11.0,14.0
2014-560,US Open,Hard,128,G,O,20140825,15,SA93,,,Andreas Seppi,R,191.0,ITA,30.508,49.0,925.0,SC77,,,Sergiy Stakhovsky,R,193.0,UKR,28.632,93.0,612.0,6-3 6-1 6-4,5,R128,115.0,3.0,5.0,101.0,66.0,47.0,17.0,13.0,16.0,17.0,6.0,5.0,95.0,60.0,36.0,13.0,13.0,2.0,8.0
2014-560,US Open,Hard,128,G,O,20140825,16,BA98,,,Simone Bolelli,R,183.0,ITA,28.879,85.0,642.0,PD07,,,Vasek Pospisil,R,193.0,CAN,24.172,46.0,965.0,2-6 6-4 6-2 3-6 6-3,5,R128,173.0,8.0,5.0,111.0,67.0,57.0,25.0,22.0,1.0,4.0,12.0,6.0,137.0,76.0,54.0,31.0,22.0,4.0,8.0
2014-560,US Open,Hard,128,G,O,20140825,17,R419,16.0,,Tommy Robredo,R,180.0,ESP,32.318,18.0,1825.0,R613,,,Edouard Roger-Vasselin,R,185.0,FRA,30.741,52.0,885.0,6-4 6-3 6-4,5,R128,128.0,3.0,3.0,105.0,78.0,53.0,15.0,15.0,9.0,10.0,3.0,4.0,91.0,56.0,37.0,18.0,14.0,7.0,11.0
2014-560,US Open,Hard,128,G,O,20140825,18,N552,10.0,,Kei Nishikori,R,178.0,JPN,24.654,11.0,2680.0,O234,,WC,Wayne Odesnik,L,180.0,USA,28.758,176.0,293.0,6-2 6-4 6-2,5,R128,125.0,7.0,7.0,89.0,44.0,34.0,25.0,13.0,8.0,9.0,4.0,4.0,94.0,47.0,25.0,24.0,13.0,10.0,16.0
2014-560,US Open,Hard,128,G,O,20140825,19,A596,,,Pablo Andujar,R,180.0,ESP,28.586,48.0,926.0,SM25,,,Jack Sock,R,191.0,USA,21.916,55.0,836.0,6-4 3-6 6-1 RET,5,R128,101.0,3.0,4.0,65.0,43.0,38.0,11.0,13.0,1.0,2.0,10.0,5.0,78.0,41.0,29.0,19.0,13.0,2.0,5.0
2014-560,US Open,Hard,128,G,O,20140825,20,E690,,,Matthew Ebden,R,188.0,AUS,26.746,94.0,608.0,K839,,,Tobias Kamke,R,178.0,GER,28.263,73.0,708.0,6-4 6-3 7-6(2),5,R128,153.0,10.0,9.0,123.0,66.0,53.0,19.0,16.0,13.0,16.0,0.0,2.0,94.0,60.0,37.0,16.0,15.0,9.0,14.0
2014-560,US Open,Hard,128,G,O,20140825,21,MD56,23.0,,Leonardo Mayer,R,191.0,ARG,27.28,26.0,1354.0,M824,,,Albert Montanes,R,175.0,ESP,33.744,114.0,528.0,6-2 3-0 RET,5,R128,39.0,8.0,1.0,28.0,19.0,17.0,7.0,6.0,0.0,0.0,0.0,2.0,33.0,20.0,12.0,5.0,5.0,2.0,5.0
2014-560,US Open,Hard,128,G,O,20140825,22,CG80,,Q,Borna Coric,R,188.0,CRO,17.777,204.0,240.0,R685,29.0,,Lukas Rosol,R,193.0,CZE,29.087,27.0,1290.0,6-4 6-1 6-2,5,R128,111.0,20.0,3.0,83.0,53.0,42.0,16.0,13.0,5.0,5.0,8.0,3.0,96.0,57.0,35.0,17.0,12.0,14.0,19.0
2014-560,US Open,Hard,128,G,O,20140825,23,Q927,,,Sam Querrey,R,198.0,USA,26.883,57.0,820.0,G585,,,Maximo Gonzalez,R,173.0,ARG,31.099,82.0,649.0,6-2 4-6 6-4 4-6 6-3,5,R128,173.0,30.0,5.0,140.0,82.0,67.0,30.0,24.0,8.0,11.0,2.0,6.0,138.0,79.0,54.0,34.0,23.0,5.0,10.0
2014-560,US Open,Hard,128,G,O,20140825,24,E224,,,Victor Estrella Burgos,R,170.0,DOM,34.062,80.0,653.0,SF36,,,Igor Sijsling,R,191.0,NED,27.02,72.0,713.0,2-6 6-4 6-3 6-2,5,R128,114.0,5.0,4.0,95.0,57.0,42.0,21.0,18.0,2.0,6.0,6.0,9.0,98.0,55.0,40.0,17.0,17.0,5.0,11.0
2014-560,US Open,Hard,128,G,O,20140825,25,G967,,Q,Peter Gojowczyk,R,188.0,GER,25.112,124.0,483.0,B896,,,Benjamin Becker,R,178.0,GER,33.191,59.0,813.0,6-2 6-4 6-2,5,R128,86.0,18.0,1.0,69.0,44.0,36.0,16.0,13.0,3.0,4.0,6.0,2.0,80.0,43.0,23.0,19.0,13.0,6.0,12.0
2014-560,US Open,Hard,128,G,O,20140825,26,R975,5.0,,Milos Raonic,R,196.0,CAN,23.661,6.0,4225.0,DA81,,Q,Taro Daniel,R,191.0,JPN,21.574,186.0,274.0,6-3 6-2 7-6(1),5,R128,115.0,19.0,4.0,83.0,55.0,49.0,17.0,15.0,7.0,8.0,1.0,5.0,92.0,62.0,41.0,13.0,14.0,5.0,9.0
2014-560,US Open,Hard,128,G,O,20140825,27,BA47,6.0,,Tomas Berdych,R,196.0,CZE,28.936,7.0,4060.0,H432,,,Lleyton Hewitt,R,178.0,AUS,33.498,41.0,1050.0,6-3 6-4 6-3,5,R128,138.0,10.0,0.0,94.0,55.0,39.0,22.0,14.0,5.0,7.0,2.0,9.0,98.0,48.0,28.0,23.0,14.0,13.0,19.0
2014-560,US Open,Hard,128,G,O,20140825,28,K966,,,Martin Klizan,L,191.0,SVK,25.123,65.0,775.0,D632,,Q,Steve Darcis,R,175.0,BEL,30.45,364.0,119.0,3-6 2-6 7-6(5) 7-5 6-4,5,R128,217.0,12.0,7.0,161.0,86.0,62.0,38.0,25.0,7.0,13.0,9.0,6.0,168.0,103.0,69.0,38.0,26.0,11.0,16.0
2014-560,US Open,Hard,128,G,O,20140825,29,K596,,Q,Alexander Kudryavtsev,R,183.0,RUS,28.83,146.0,393.0,D864,,,Evgeny Donskoy,R,185.0,RUS,24.296,118.0,513.0,2-6 7-6(6) 3-6 6-3 6-4,5,R128,166.0,12.0,6.0,146.0,78.0,59.0,38.0,24.0,3.0,6.0,11.0,4.0,153.0,88.0,69.0,36.0,24.0,8.0,10.0
2014-560,US Open,Hard,128,G,O,20140825,30,G681,,,Teymuraz Gabashvili,R,185.0,GEO,29.257,62.0,795.0,G725,27.0,,Santiago Giraldo,R,188.0,COL,26.743,32.0,1180.0,6-3 1-6 7-6(6) 6-3,5,R128,179.0,11.0,7.0,130.0,63.0,46.0,32.0,18.0,8.0,13.0,6.0,5.0,110.0,71.0,50.0,14.0,19.0,4.0,10.0
2014-560,US Open,Hard,128,G,O,20140825,31,L397,19.0,,Feliciano Lopez,L,188.0,ESP,32.928,21.0,1770.0,D646,,,Ivan Dodig,R,183.0,CRO,29.643,53.0,850.0,1-6 7-5 2-6 6-4 1-1 RET,5,R128,169.0,14.0,5.0,124.0,67.0,54.0,22.0,20.0,10.0,15.0,10.0,7.0,110.0,65.0,50.0,25.0,20.0,3.0,6.0
2014-560,US Open,Hard,128,G,O,20140825,32,I230,,Q,Tatsuma Ito,R,180.0,JPN,26.27,126.0,478.0,J386,,,Steve Johnson,R,188.0,USA,24.668,51.0,904.0,6-2 3-6 5-7 4-1 RET,5,R128,148.0,7.0,9.0,124.0,82.0,59.0,17.0,16.0,12.0,15.0,15.0,5.0,92.0,49.0,43.0,20.0,15.0,5.0,7.0
2014-560,US Open,Hard,128,G,O,20140825,33,TB69,,,Dominic Thiem,R,185.0,AUT,20.975,45.0,985.0,L797,,,Lukas Lacko,R,188.0,SVK,26.809,84.0,644.0,6-3 6-3 6-2,5,R128,86.0,6.0,1.0,68.0,34.0,29.0,25.0,13.0,3.0,3.0,2.0,3.0,78.0,43.0,30.0,15.0,13.0,7.0,12.0
2014-560,US Open,Hard,128,G,O,20140825,34,G476,28.0,,Guillermo Garcia-Lopez,R,185.0,ESP,31.225,33.0,1168.0,L575,,,Yen-Hsun Lu,R,180.0,TPE,31.031,34.0,1118.0,6-4 6-2 6-2,5,R128,113.0,10.0,5.0,82.0,42.0,34.0,22.0,13.0,2.0,3.0,3.0,7.0,87.0,48.0,31.0,14.0,13.0,5.0,11.0
2014-560,US Open,Hard,128,G,O,20140825,35,G858,11.0,,Ernests Gulbis,R,191.0,LAT,25.985,12.0,2580.0,D750,,,Kenny De Schepper,L,203.0,FRA,27.242,105.0,561.0,6-1 6-4 6-2,5,R128,94.0,10.0,6.0,69.0,44.0,38.0,14.0,13.0,1.0,2.0,2.0,10.0,75.0,45.0,26.0,11.0,12.0,5.0,11.0
2014-560,US Open,Hard,128,G,O,20140825,36,C977,14.0,,Marin Cilic,R,198.0,CRO,25.906,16.0,1845.0,B837,,,Marcos Baghdatis,R,178.0,CYP,29.188,86.0,640.0,6-3 3-1 RET,5,R128,52.0,3.0,1.0,34.0,23.0,20.0,9.0,7.0,0.0,0.0,1.0,4.0,37.0,17.0,15.0,7.0,7.0,0.0,2.0
2014-560,US Open,Hard,128,G,O,20140825,37,ME89,,Q,Illya Marchenko,R,185.0,UKR,26.962,163.0,315.0,C582,,Q,Marco Chiudinelli,R,185.0,SUI,32.956,167.0,303.0,7-6(3) 4-6 7-6(13) 7-6(4),5,R128,259.0,12.0,9.0,147.0,97.0,68.0,32.0,23.0,4.0,10.0,11.0,3.0,179.0,112.0,78.0,31.0,23.0,10.0,15.0
2014-560,US Open,Hard,128,G,O,20140825,38,J397,,,Jerzy Janowicz,R,203.0,POL,23.781,43.0,995.0,L987,,,Dusan Lajovic,R,183.0,SRB,24.153,61.0,800.0,6-3 7-5 5-7 7-5,5,R128,179.0,20.0,8.0,123.0,78.0,57.0,27.0,23.0,2.0,6.0,7.0,4.0,165.0,106.0,65.0,31.0,22.0,9.0,15.0
2014-560,US Open,Hard,128,G,O,20140825,39,A678,18.0,,Kevin Anderson,R,203.0,RSA,28.271,20.0,1795.0,C882,,,Pablo Cuevas,R,180.0,URU,28.646,40.0,1059.0,6-3 6-7(3) 4-6 6-2 7-6(1),5,R128,242.0,29.0,5.0,172.0,121.0,91.0,25.0,26.0,14.0,17.0,10.0,9.0,158.0,86.0,68.0,35.0,25.0,9.0,14.0
2014-560,US Open,Hard,128,G,O,20140825,40,SD32,26.0,,Gilles Simon,R,183.0,FRA,29.659,31.0,1180.0,A829,,Q,Radu Albot,R,175.0,MDA,24.786,201.0,241.0,6-3 6-4 6-2,5,R128,129.0,12.0,1.0,98.0,52.0,39.0,28.0,14.0,7.0,7.0,3.0,3.0,83.0,54.0,36.0,10.0,13.0,4.0,8.0
2014-560,US Open,Hard,128,G,O,20140825,41,D874,,,Federico Delbonis,L,193.0,ARG,23.888,66.0,775.0,RC96,,WC,Noah Rubin,R,175.0,USA,18.508,585.0,52.0,6-4 6-3 6-0,5,R128,99.0,12.0,1.0,66.0,41.0,31.0,15.0,12.0,2.0,4.0,0.0,1.0,80.0,41.0,21.0,17.0,13.0,7.0,15.0
2014-560,US Open,Hard,128,G,O,20140825,42,TA46,,WC,Bernard Tomic,R,196.0,AUS,21.843,67.0,771.0,BA65,,,Dustin Brown,R,196.0,JAM,29.711,97.0,591.0,7-6(2) 6-4 7-6(3),5,R128,114.0,21.0,1.0,116.0,76.0,64.0,22.0,17.0,3.0,3.0,11.0,3.0,118.0,75.0,51.0,26.0,17.0,8.0,9.0
2014-560,US Open,Hard,128,G,O,20140825,43,F401,4.0,,David Ferrer,R,175.0,ESP,32.397,5.0,4765.0,D923,,,Damir Dzumhur,R,175.0,BIH,22.264,119.0,512.0,6-1 6-2 2-6 6-2,5,R128,134.0,5.0,4.0,102.0,59.0,41.0,20.0,15.0,6.0,9.0,0.0,4.0,94.0,62.0,34.0,12.0,16.0,4.0,12.0
2014-560,US Open,Hard,128,G,O,20140825,44,D875,7.0,,Grigor Dimitrov,R,191.0,BUL,23.277,8.0,3540.0,H940,,WC,Ryan Harrison,R,185.0,USA,22.3,184.0,282.0,6-2 7-6(4) 6-2,5,R128,124.0,8.0,0.0,78.0,42.0,35.0,24.0,14.0,1.0,2.0,3.0,6.0,104.0,59.0,36.0,21.0,14.0,8.0,13.0
2014-560,US Open,Hard,128,G,O,20140825,45,K435,22.0,,Philipp Kohlschreiber,R,178.0,GER,30.858,25.0,1505.0,BF23,,Q,Facundo Bagnis,L,183.0,ARG,24.49,109.0,536.0,6-2 7-6(3) 6-3,5,R128,98.0,16.0,7.0,81.0,40.0,36.0,26.0,15.0,1.0,2.0,5.0,9.0,87.0,44.0,33.0,19.0,14.0,2.0,6.0
2014-560,US Open,Hard,128,G,O,20140825,46,SC56,,,Dudi Sela,R,175.0,ISR,29.391,83.0,648.0,B884,,,Carlos Berlocq,R,183.0,ARG,31.556,63.0,785.0,1-6 6-3 6-2 7-5,5,R128,163.0,5.0,1.0,109.0,68.0,46.0,27.0,18.0,4.0,7.0,12.0,5.0,123.0,67.0,44.0,28.0,18.0,7.0,12.0
2014-560,US Open,Hard,128,G,O,20140825,47,GB88,,,David Goffin,R,180.0,BEL,23.715,56.0,828.0,D752,,Q,Niels Desein,R,191.0,BEL,27.211,238.0,206.0,6-1 6-3 6-3,5,R128,91.0,9.0,2.0,62.0,39.0,33.0,16.0,13.0,1.0,2.0,5.0,4.0,84.0,53.0,33.0,10.0,12.0,6.0,12.0
2014-560,US Open,Hard,128,G,O,20140825,48,SH90,32.0,,Joao Sousa,R,185.0,POR,25.405,38.0,1077.0,D499,,,Frank Dancevic,R,185.0,CAN,29.911,135.0,439.0,7-6(6) 3-6 6-2 4-6 7-6(2),5,R128,212.0,9.0,7.0,181.0,101.0,72.0,43.0,25.0,10.0,14.0,13.0,2.0,166.0,90.0,62.0,44.0,26.0,4.0,8.0
2014-560,US Open,Hard,128,G,O,20140825,49,MC65,20.0,,Gael Monfils,R,193.0,FRA,27.981,24.0,1530.0,DC58,,WC,Jared Donaldson,R,188.0,USA,17.875,303.0,147.0,6-4 6-2 6-4,5,R128,121.0,8.0,6.0,91.0,49.0,38.0,23.0,14.0,5.0,6.0,4.0,3.0,103.0,60.0,35.0,20.0,14.0,7.0,12.0
2014-560,US Open,Hard,128,G,O,20140825,50,G892,,,Alejandro Gonzalez,R,191.0,COL,25.544,100.0,577.0,T315,,,Dmitry Tursunov,R,185.0,RUS,31.702,58.0,815.0,6-4 6-4 7-5,5,R128,122.0,12.0,2.0,83.0,50.0,44.0,20.0,16.0,1.0,2.0,6.0,5.0,116.0,68.0,41.0,26.0,16.0,6.0,10.0
2014-560,US Open,Hard,128,G,O,20140825,51,L503,,,Paolo Lorenzi,R,183.0,ITA,32.693,78.0,674.0,N732,,Q,Yoshihito Nishioka,L,170.0,JPN,18.91,245.0,200.0,6-1 6-2 2-1 RET,5,R128,86.0,4.0,0.0,45.0,22.0,19.0,17.0,9.0,0.0,0.0,1.0,5.0,66.0,36.0,21.0,10.0,9.0,5.0,10.0
2014-560,US Open,Hard,128,G,O,20140825,52,G628,12.0,,Richard Gasquet,R,183.0,FRA,28.186,14.0,2360.0,I165,,,Denis Istomin,R,185.0,UZB,27.964,44.0,985.0,7-5 7-6(5) 6-4,5,R128,157.0,9.0,2.0,99.0,61.0,49.0,22.0,17.0,1.0,3.0,18.0,1.0,108.0,72.0,54.0,16.0,17.0,8.0,12.0
2014-560,US Open,Hard,128,G,O,20140825,53,F510,15.0,,Fabio Fognini,R,178.0,ITA,27.255,17.0,1835.0,G806,,,Andrey Golubev,R,180.0,KAZ,27.094,64.0,782.0,6-4 6-4 6-2,5,R128,115.0,6.0,2.0,88.0,49.0,39.0,23.0,14.0,7.0,8.0,3.0,6.0,95.0,51.0,36.0,18.0,14.0,9.0,14.0
2014-560,US Open,Hard,128,G,O,20140825,54,ME82,,,Adrian Mannarino,L,180.0,FRA,26.155,89.0,622.0,R750,,,Pere Riba,R,183.0,ESP,26.382,116.0,527.0,3-6 7-5 6-3 6-2,5,R128,172.0,11.0,5.0,112.0,71.0,51.0,19.0,19.0,2.0,6.0,12.0,10.0,130.0,67.0,42.0,29.0,19.0,14.0,21.0
2014-560,US Open,Hard,128,G,O,20140825,55,SF62,,WC,Tim Smyczek,R,175.0,USA,26.653,90.0,621.0,KB05,,Q,Filip Krajinovic,R,185.0,SRB,22.491,108.0,541.0,4-6 6-3 6-2 7-6(5),5,R128,149.0,18.0,2.0,122.0,67.0,51.0,38.0,20.0,2.0,3.0,8.0,2.0,117.0,75.0,57.0,22.0,19.0,4.0,7.0
2014-560,US Open,Hard,128,G,O,20140825,56,L428,,WC,Michael Llodra,L,191.0,FRA,34.27,192.0,256.0,G676,,,Daniel Gimeno-Traver,R,183.0,ESP,29.049,101.0,577.0,6-4 6-3 7-5,5,R128,108.0,5.0,0.0,93.0,71.0,50.0,12.0,16.0,3.0,5.0,6.0,3.0,87.0,47.0,31.0,19.0,15.0,4.0,9.0
2014-560,US Open,Hard,128,G,O,20140825,57,BD06,17.0,,Roberto Bautista Agut,R,183.0,ESP,26.363,19.0,1800.0,H804,,,Andreas Haider-Maurer,R,191.0,AUT,27.428,110.0,534.0,5-7 7-6(1) 1-6 7-5 6-1,5,R128,232.0,10.0,3.0,151.0,95.0,65.0,34.0,25.0,8.0,13.0,16.0,13.0,180.0,94.0,60.0,47.0,25.0,10.0,15.0
2014-560,US Open,Hard,128,G,O,20140825,58,K336,25.0,,Ivo Karlovic,R,211.0,CRO,35.488,30.0,1220.0,N289,,,Jarkko Nieminen,L,185.0,FIN,33.09,54.0,838.0,6-4 6-4 3-6 6-4,5,R128,131.0,24.0,4.0,102.0,62.0,55.0,24.0,19.0,3.0,4.0,10.0,6.0,114.0,66.0,55.0,23.0,20.0,5.0,8.0
2014-560,US Open,Hard,128,G,O,20140825,59,G710,,,Marcel Granollers,R,191.0,ESP,28.37,42.0,1010.0,M762,,,Jurgen Melzer,L,183.0,AUT,33.259,111.0,530.0,7-6(1) 6-3 6-2,5,R128,134.0,6.0,7.0,96.0,57.0,45.0,20.0,15.0,6.0,8.0,2.0,0.0,89.0,59.0,34.0,15.0,14.0,5.0,10.0
2014-560,US Open,Hard,128,G,O,20140825,60,G940,,,Sam Groth,R,193.0,AUS,26.85,104.0,571.0,R772,,,Albert Ramos-Vinolas,L,188.0,ESP,26.604,95.0,603.0,6-3 7-6(5) 6-3,5,R128,122.0,12.0,6.0,90.0,52.0,46.0,24.0,16.0,0.0,0.0,3.0,3.0,85.0,51.0,37.0,21.0,14.0,2.0,4.0
2014-560,US Open,Hard,128,G,O,20140825,61,F324,2.0,,Roger Federer,R,185.0,SUI,33.046,3.0,7490.0,ME05,,,Marinko Matosevic,R,193.0,AUS,29.046,76.0,682.0,6-3 6-4 7-6(4),5,R128,127.0,10.0,1.0,87.0,60.0,53.0,15.0,16.0,2.0,3.0,4.0,4.0,120.0,71.0,44.0,26.0,15.0,11.0,14.0
2014-560,US Open,Hard,128,G,O,20140825,62,SL28,,,Jan-Lennard Struff,R,193.0,GER,24.334,77.0,680.0,K926,,,Mikhail Kukushkin,R,183.0,KAZ,26.664,50.0,917.0,2-6 3-6 6-3 6-3 7-5,5,R128,193.0,14.0,6.0,164.0,96.0,74.0,29.0,24.0,14.0,19.0,13.0,4.0,137.0,84.0,66.0,23.0,23.0,5.0,10.0
2014-560,US Open,Hard,128,G,O,20140825,63,I186,13.0,,John Isner,R,208.0,USA,29.331,15.0,1925.0,GC88,,WC,Marcos Giron,R,180.0,USA,21.087,419.0,97.0,7-6(5) 6-2 7-6(2),5,R128,120.0,26.0,0.0,85.0,59.0,51.0,22.0,16.0,0.0,0.0,6.0,9.0,123.0,88.0,65.0,12.0,16.0,12.0,14.0
2014-560,US Open,Hard,128,G,O,20140825,64,T786,9.0,,Jo-Wilfried Tsonga,R,188.0,FRA,29.355,10.0,2920.0,MA21,,,Juan Monaco,R,185.0,ARG,30.407,99.0,580.0,6-3 4-6 7-6(2) 6-1,5,R128,165.0,21.0,5.0,131.0,72.0,54.0,34.0,20.0,11.0,13.0,6.0,5.0,116.0,84.0,54.0,18.0,18.0,4.0,8.0
2014-560,US Open,Hard,128,G,O,20140825,65,D643,1.0,,Novak Djokovic,R,188.0,SRB,27.261,1.0,12770.0,M850,,,Paul-Henri Mathieu,R,185.0,FRA,32.616,81.0,649.0,6-1 6-3 6-0,5,R64,88.0,13.0,0.0,57.0,43.0,38.0,8.0,11.0,1.0,1.0,2.0,9.0,77.0,39.0,23.0,12.0,11.0,5.0,12.0
2014-560,US Open,Hard,128,G,O,20140825,66,Q927,,,Sam Querrey,R,198.0,USA,26.883,57.0,820.0,G476,28.0,,Guillermo Garcia-Lopez,R,185.0,ESP,31.225,33.0,1168.0,6-3 6-4 6-4,5,R64,105.0,16.0,1.0,81.0,48.0,42.0,22.0,15.0,2.0,2.0,1.0,7.0,89.0,49.0,37.0,19.0,14.0,4.0,7.0
2014-560,US Open,Hard,128,G,O,20140825,67,K435,22.0,,Philipp Kohlschreiber,R,178.0,GER,30.858,25.0,1505.0,L428,,WC,Michael Llodra,L,191.0,FRA,34.27,192.0,256.0,6-2 RET,5,R64,30.0,4.0,1.0,24.0,14.0,11.0,6.0,4.0,0.0,0.0,0.0,0.0,25.0,17.0,8.0,5.0,5.0,0.0,2.0
2014-560,US Open,Hard,128,G,O,20140825,68,I186,13.0,,John Isner,R,208.0,USA,29.331,15.0,1925.0,SL28,,,Jan-Lennard Struff,R,193.0,GER,24.334,77.0,680.0,7-6(5) 6-4 6-2,5,R64,116.0,29.0,1.0,84.0,61.0,53.0,15.0,15.0,1.0,1.0,3.0,6.0,94.0,62.0,48.0,14.0,15.0,3.0,6.0
2014-560,US Open,Hard,128,G,O,20140825,69,T786,9.0,,Jo-Wilfried Tsonga,R,188.0,FRA,29.355,10.0,2920.0,N503,,,Aleksandr Nedovyesov,R,188.0,KAZ,27.524,107.0,554.0,6-3 6-4 6-4,5,R64,107.0,13.0,4.0,89.0,54.0,46.0,18.0,15.0,7.0,8.0,2.0,2.0,76.0,45.0,30.0,18.0,14.0,4.0,8.0
2014-560,US Open,Hard,128,G,O,20140825,70,CD85,,,Pablo Carreno Busta,R,188.0,ESP,23.121,74.0,691.0,PD31,,,Benoit Paire,R,196.0,FRA,25.298,98.0,590.0,6-1 6-4 3-6 6-3,5,R64,146.0,5.0,0.0,109.0,76.0,55.0,17.0,18.0,6.0,9.0,16.0,6.0,135.0,74.0,49.0,24.0,17.0,11.0,17.0
2014-560,US Open,Hard,128,G,O,20140825,71,KB54,,,Andrey Kuznetsov,R,183.0,RUS,23.504,96.0,592.0,V306,31.0,,Fernando Verdasco,L,188.0,ESP,30.776,37.0,1100.0,6-3 4-6 4-6 7-5 6-3,5,R64,192.0,9.0,9.0,161.0,100.0,76.0,31.0,25.0,8.0,10.0,7.0,8.0,150.0,105.0,82.0,17.0,25.0,5.0,9.0
2014-560,US Open,Hard,128,G,O,20140825,72,MC10,8.0,,Andy Murray,R,191.0,GBR,27.28,9.0,3150.0,BC65,,Q,Matthias Bachinger,R,188.0,GER,27.398,235.0,208.0,6-3 6-3 6-4,5,R64,106.0,6.0,1.0,73.0,48.0,40.0,17.0,14.0,3.0,3.0,6.0,3.0,91.0,60.0,38.0,15.0,14.0,8.0,12.0
2014-560,US Open,Hard,128,G,O,20140825,73,W367,3.0,,Stan Wawrinka,R,183.0,SUI,29.41,4.0,5985.0,BD20,,,Thomaz Bellucci,L,188.0,BRA,26.653,91.0,618.0,6-3 6-4 3-6 7-6(1),5,R64,156.0,16.0,1.0,106.0,74.0,63.0,16.0,20.0,0.0,3.0,9.0,5.0,137.0,85.0,62.0,22.0,20.0,10.0,14.0
2014-560,US Open,Hard,128,G,O,20140825,74,K834,,,Blaz Kavcic,R,188.0,SLO,27.474,92.0,618.0,CA12,30.0,,Jeremy Chardy,R,188.0,FRA,27.532,36.0,1105.0,6-2 7-6(6) 6-3,5,R64,142.0,8.0,6.0,104.0,67.0,51.0,18.0,15.0,8.0,10.0,14.0,8.0,106.0,62.0,44.0,16.0,14.0,10.0,15.0
2014-560,US Open,Hard,128,G,O,20140825,75,KE17,,,Nick Kyrgios,R,193.0,AUS,19.329,60.0,805.0,SA93,,,Andreas Seppi,R,191.0,ITA,30.508,49.0,925.0,6-4 7-6(2) 6-4,5,R64,116.0,22.0,3.0,91.0,58.0,49.0,25.0,16.0,5.0,5.0,10.0,4.0,95.0,47.0,35.0,29.0,16.0,2.0,4.0
2014-560,US Open,Hard,128,G,O,20140825,76,R419,16.0,,Tommy Robredo,R,180.0,ESP,32.318,18.0,1825.0,BA98,,,Simone Bolelli,R,183.0,ITA,28.879,85.0,642.0,5-7 6-7(5) 6-4 6-3 6-2,5,R64,217.0,8.0,2.0,163.0,114.0,91.0,27.0,26.0,7.0,8.0,11.0,2.0,149.0,94.0,67.0,37.0,25.0,7.0,11.0
2014-560,US Open,Hard,128,G,O,20140825,77,N552,10.0,,Kei Nishikori,R,178.0,JPN,24.654,11.0,2680.0,A596,,,Pablo Andujar,R,180.0,ESP,28.586,48.0,926.0,6-4 6-1 RET,5,R64,63.0,4.0,0.0,47.0,29.0,22.0,14.0,9.0,0.0,0.0,2.0,2.0,48.0,34.0,23.0,4.0,8.0,1.0,4.0
2014-560,US Open,Hard,128,G,O,20140825,78,MD56,23.0,,Leonardo Mayer,R,191.0,ARG,27.28,26.0,1354.0,E690,,,Matthew Ebden,R,188.0,AUS,26.746,94.0,608.0,6-1 6-3 6-4,5,R64,104.0,9.0,4.0,79.0,44.0,33.0,22.0,13.0,4.0,5.0,3.0,7.0,80.0,45.0,26.0,14.0,13.0,3.0,9.0
2014-560,US Open,Hard,128,G,O,20140825,79,E224,,,Victor Estrella Burgos,R,170.0,DOM,34.062,80.0,653.0,CG80,,Q,Borna Coric,R,188.0,CRO,17.777,204.0,240.0,7-6(2) 4-6 6-4 6-2,5,R64,191.0,8.0,4.0,127.0,79.0,60.0,25.0,20.0,1.0,4.0,8.0,4.0,135.0,70.0,48.0,32.0,20.0,7.0,12.0
2014-560,US Open,Hard,128,G,O,20140825,80,R975,5.0,,Milos Raonic,R,196.0,CAN,23.661,6.0,4225.0,G967,,Q,Peter Gojowczyk,R,188.0,GER,25.112,124.0,483.0,7-6(4) 5-7 6-4 7-6(3),5,R64,186.0,26.0,3.0,134.0,80.0,65.0,31.0,23.0,2.0,5.0,7.0,5.0,151.0,87.0,67.0,33.0,23.0,7.0,10.0
2014-560,US Open,Hard,128,G,O,20140825,81,BA47,6.0,,Tomas Berdych,R,196.0,CZE,28.936,7.0,4060.0,K966,,,Martin Klizan,L,191.0,SVK,25.123,65.0,775.0,6-3 4-6 6-2 3-6 6-3,5,R64,225.0,10.0,4.0,150.0,86.0,64.0,38.0,23.0,12.0,14.0,13.0,9.0,153.0,83.0,60.0,34.0,22.0,8.0,12.0
2014-560,US Open,Hard,128,G,O,20140825,82,G681,,,Teymuraz Gabashvili,R,185.0,GEO,29.257,62.0,795.0,K596,,Q,Alexander Kudryavtsev,R,183.0,RUS,28.83,146.0,393.0,6-1 6-4 7-6(4),5,R64,120.0,7.0,4.0,120.0,69.0,47.0,32.0,15.0,8.0,9.0,15.0,1.0,83.0,42.0,32.0,21.0,14.0,5.0,9.0
2014-560,US Open,Hard,128,G,O,20140825,83,L397,19.0,,Feliciano Lopez,L,188.0,ESP,32.928,21.0,1770.0,I230,,Q,Tatsuma Ito,R,180.0,JPN,26.27,126.0,478.0,6-4 3-6 6-4 7-6(4),5,R64,171.0,19.0,9.0,135.0,82.0,64.0,28.0,21.0,5.0,7.0,7.0,6.0,142.0,77.0,51.0,40.0,20.0,8.0,10.0
2014-560,US Open,Hard,128,G,O,20140825,84,TB69,,,Dominic Thiem,R,185.0,AUT,20.975,45.0,985.0,G858,11.0,,Ernests Gulbis,R,191.0,LAT,25.985,12.0,2580.0,4-6 3-6 6-4 6-3 6-3,5,R64,225.0,5.0,7.0,142.0,81.0,55.0,37.0,23.0,4.0,7.0,20.0,10.0,157.0,86.0,65.0,35.0,24.0,13.0,18.0
2014-560,US Open,Hard,128,G,O,20140825,85,C977,14.0,,Marin Cilic,R,198.0,CRO,25.906,16.0,1845.0,ME89,,Q,Illya Marchenko,R,185.0,UKR,26.962,163.0,315.0,7-6(2) 6-2 6-4,5,R64,167.0,10.0,10.0,113.0,59.0,49.0,28.0,15.0,5.0,5.0,6.0,5.0,107.0,57.0,36.0,28.0,15.0,7.0,10.0
2014-560,US Open,Hard,128,G,O,20140825,86,A678,18.0,,Kevin Anderson,R,203.0,RSA,28.271,20.0,1795.0,J397,,,Jerzy Janowicz,R,203.0,POL,23.781,43.0,995.0,6-7(6) 6-2 6-1 6-3,5,R64,147.0,15.0,3.0,96.0,64.0,48.0,23.0,18.0,0.0,2.0,2.0,11.0,130.0,78.0,46.0,22.0,18.0,9.0,17.0
2014-560,US Open,Hard,128,G,O,20140825,87,SD32,26.0,,Gilles Simon,R,183.0,FRA,29.659,31.0,1180.0,D874,,,Federico Delbonis,L,193.0,ARG,23.888,66.0,775.0,6-4 3-6 7-5 6-1,5,R64,171.0,4.0,8.0,119.0,57.0,43.0,31.0,19.0,7.0,11.0,4.0,2.0,123.0,82.0,49.0,19.0,19.0,8.0,15.0
2014-560,US Open,Hard,128,G,O,20140825,88,F401,4.0,,David Ferrer,R,175.0,ESP,32.397,5.0,4765.0,TA46,,WC,Bernard Tomic,R,196.0,AUS,21.843,67.0,771.0,W/O,5,R64,,4.0,8.0,119.0,57.0,43.0,31.0,19.0,7.0,11.0,4.0,2.0,123.0,82.0,49.0,19.0,19.0,8.0,15.0
2014-560,US Open,Hard,128,G,O,20140825,89,D875,7.0,,Grigor Dimitrov,R,191.0,BUL,23.277,8.0,3540.0,SC56,,,Dudi Sela,R,175.0,ISR,29.391,83.0,648.0,6-1 6-2 6-2,5,R64,89.0,7.0,3.0,67.0,42.0,30.0,18.0,12.0,5.0,6.0,0.0,3.0,65.0,36.0,19.0,11.0,11.0,10.0,17.0
2014-560,US Open,Hard,128,G,O,20140825,90,GB88,,,David Goffin,R,180.0,BEL,23.715,56.0,828.0,SH90,32.0,,Joao Sousa,R,185.0,POR,25.405,38.0,1077.0,6-4 6-2 6-0,5,R64,104.0,9.0,2.0,79.0,53.0,38.0,11.0,12.0,7.0,10.0,4.0,2.0,82.0,44.0,26.0,8.0,12.0,6.0,15.0
2014-560,US Open,Hard,128,G,O,20140825,91,MC65,20.0,,Gael Monfils,R,193.0,FRA,27.981,24.0,1530.0,G892,,,Alejandro Gonzalez,R,191.0,COL,25.544,100.0,577.0,7-5 6-3 6-2,5,R64,127.0,8.0,10.0,96.0,47.0,35.0,26.0,14.0,6.0,8.0,2.0,4.0,98.0,57.0,32.0,18.0,15.0,10.0,17.0
2014-560,US Open,Hard,128,G,O,20140825,92,G628,12.0,,Richard Gasquet,R,183.0,FRA,28.186,14.0,2360.0,L503,,,Paolo Lorenzi,R,183.0,ITA,32.693,78.0,674.0,7-6(4) 6-3 6-3,5,R64,138.0,14.0,2.0,88.0,59.0,46.0,18.0,15.0,1.0,2.0,11.0,5.0,106.0,56.0,40.0,21.0,15.0,14.0,18.0
2014-560,US Open,Hard,128,G,O,20140825,93,ME82,,,Adrian Mannarino,L,180.0,FRA,26.155,89.0,622.0,F510,15.0,,Fabio Fognini,R,178.0,ITA,27.255,17.0,1835.0,6-3 6-4 6-1,5,R64,117.0,12.0,7.0,86.0,47.0,34.0,20.0,13.0,5.0,8.0,2.0,10.0,111.0,54.0,33.0,20.0,13.0,14.0,22.0
2014-560,US Open,Hard,128,G,O,20140825,94,BD06,17.0,,Roberto Bautista Agut,R,183.0,ESP,26.363,19.0,1800.0,SF62,,WC,Tim Smyczek,R,175.0,USA,26.653,90.0,621.0,6-3 6-2 6-1,5,R64,97.0,7.0,2.0,68.0,48.0,40.0,11.0,12.0,3.0,3.0,4.0,5.0,84.0,49.0,28.0,16.0,12.0,6.0,12.0
2014-560,US Open,Hard,128,G,O,20140825,95,G710,,,Marcel Granollers,R,191.0,ESP,28.37,42.0,1010.0,K336,25.0,,Ivo Karlovic,R,211.0,CRO,35.488,30.0,1220.0,7-6(6) 6-7(3) 7-6(5) 3-6 6-4,5,R64,231.0,7.0,5.0,173.0,110.0,91.0,37.0,28.0,5.0,7.0,31.0,7.0,178.0,112.0,87.0,39.0,27.0,7.0,8.0
2014-560,US Open,Hard,128,G,O,20140825,96,F324,2.0,,Roger Federer,R,185.0,SUI,33.046,3.0,7490.0,G940,,,Sam Groth,R,193.0,AUS,26.85,104.0,571.0,6-4 6-4 6-4,5,R64,108.0,9.0,4.0,79.0,49.0,41.0,15.0,15.0,0.0,2.0,9.0,8.0,109.0,69.0,41.0,20.0,15.0,6.0,11.0
2014-560,US Open,Hard,128,G,O,20140825,97,MC10,8.0,,Andy Murray,R,191.0,GBR,27.28,9.0,3150.0,KB54,,,Andrey Kuznetsov,R,183.0,RUS,23.504,96.0,592.0,6-1 7-5 4-6 6-2,5,R32,155.0,4.0,5.0,118.0,66.0,46.0,28.0,19.0,6.0,10.0,3.0,3.0,121.0,71.0,44.0,18.0,18.0,8.0,16.0
2014-560,US Open,Hard,128,G,O,20140825,98,W367,3.0,,Stan Wawrinka,R,183.0,SUI,29.41,4.0,5985.0,K834,,,Blaz Kavcic,R,188.0,SLO,27.474,92.0,618.0,W/O,5,R32,,4.0,5.0,118.0,66.0,46.0,28.0,19.0,6.0,10.0,3.0,3.0,121.0,71.0,44.0,18.0,18.0,8.0,16.0
2014-560,US Open,Hard,128,G,O,20140825,99,R419,16.0,,Tommy Robredo,R,180.0,ESP,32.318,18.0,1825.0,KE17,,,Nick Kyrgios,R,193.0,AUS,19.329,60.0,805.0,3-6 6-3 7-6(4) 6-3,5,R32,148.0,4.0,3.0,117.0,86.0,66.0,16.0,20.0,6.0,9.0,19.0,3.0,115.0,74.0,60.0,13.0,19.0,2.0,6.0
2014-560,US Open,Hard,128,G,O,20140825,100,N552,10.0,,Kei Nishikori,R,178.0,JPN,24.654,11.0,2680.0,MD56,23.0,,Leonardo Mayer,R,191.0,ARG,27.28,26.0,1354.0,6-4 6-2 6-3,5,R32,112.0,4.0,2.0,86.0,42.0,29.0,30.0,13.0,9.0,10.0,9.0,5.0,82.0,49.0,34.0,11.0,14.0,5.0,11.0
2014-560,US Open,Hard,128,G,O,20140825,101,R975,5.0,,Milos Raonic,R,196.0,CAN,23.661,6.0,4225.0,E224,,,Victor Estrella Burgos,R,170.0,DOM,34.062,80.0,653.0,7-6(5) 7-6(5) 7-6(3),5,R32,163.0,22.0,6.0,106.0,60.0,53.0,26.0,18.0,2.0,5.0,7.0,5.0,138.0,89.0,55.0,28.0,18.0,8.0,11.0
2014-560,US Open,Hard,128,G,O,20140825,102,BA47,6.0,,Tomas Berdych,R,196.0,CZE,28.936,7.0,4060.0,G681,,,Teymuraz Gabashvili,R,185.0,GEO,29.257,62.0,795.0,6-3 6-2 6-4,5,R32,108.0,14.0,5.0,82.0,46.0,38.0,21.0,14.0,2.0,2.0,4.0,10.0,80.0,50.0,35.0,13.0,13.0,3.0,7.0
2014-560,US Open,Hard,128,G,O,20140825,103,TB69,,,Dominic Thiem,R,185.0,AUT,20.975,45.0,985.0,L397,19.0,,Feliciano Lopez,L,188.0,ESP,32.928,21.0,1770.0,6-4 6-2 6-3,5,R32,109.0,6.0,6.0,87.0,51.0,40.0,17.0,14.0,6.0,8.0,5.0,1.0,80.0,48.0,28.0,16.0,13.0,6.0,12.0
2014-560,US Open,Hard,128,G,O,20140825,104,C977,14.0,,Marin Cilic,R,198.0,CRO,25.906,16.0,1845.0,A678,18.0,,Kevin Anderson,R,203.0,RSA,28.271,20.0,1795.0,6-3 3-6 6-3 6-4,5,R32,180.0,13.0,8.0,108.0,61.0,50.0,21.0,19.0,3.0,7.0,12.0,7.0,139.0,86.0,56.0,22.0,18.0,14.0,20.0
2014-560,US Open,Hard,128,G,O,20140825,105,SD32,26.0,,Gilles Simon,R,183.0,FRA,29.659,31.0,1180.0,F401,4.0,,David Ferrer,R,175.0,ESP,32.397,5.0,4765.0,6-3 3-6 6-1 6-3,5,R32,168.0,9.0,1.0,123.0,61.0,40.0,35.0,17.0,8.0,11.0,4.0,4.0,106.0,61.0,40.0,17.0,17.0,2.0,9.0
2014-560,US Open,Hard,128,G,O,20140825,106,D875,7.0,,Grigor Dimitrov,R,191.0,BUL,23.277,8.0,3540.0,GB88,,,David Goffin,R,180.0,BEL,23.715,56.0,828.0,0-6 6-3 6-4 6-1,5,R32,141.0,7.0,10.0,103.0,47.0,40.0,22.0,16.0,11.0,16.0,4.0,6.0,102.0,55.0,35.0,19.0,16.0,4.0,11.0
2014-560,US Open,Hard,128,G,O,20140825,107,MC65,20.0,,Gael Monfils,R,193.0,FRA,27.981,24.0,1530.0,G628,12.0,,Richard Gasquet,R,183.0,FRA,28.186,14.0,2360.0,6-4 6-2 6-2,5,R32,115.0,11.0,5.0,65.0,38.0,32.0,16.0,13.0,0.0,1.0,0.0,0.0,91.0,54.0,31.0,14.0,13.0,3.0,9.0
2014-560,US Open,Hard,128,G,O,20140825,108,BD06,17.0,,Roberto Bautista Agut,R,183.0,ESP,26.363,19.0,1800.0,ME82,,,Adrian Mannarino,L,180.0,FRA,26.155,89.0,622.0,7-5 6-2 6-3,5,R32,127.0,1.0,2.0,94.0,53.0,39.0,22.0,15.0,1.0,3.0,9.0,3.0,87.0,58.0,33.0,16.0,14.0,3.0,9.0
2014-560,US Open,Hard,128,G,O,20140825,109,F324,2.0,,Roger Federer,R,185.0,SUI,33.046,3.0,7490.0,G710,,,Marcel Granollers,R,191.0,ESP,28.37,42.0,1010.0,4-6 6-1 6-1 6-1,5,R32,118.0,12.0,0.0,93.0,58.0,41.0,20.0,15.0,6.0,8.0,5.0,3.0,99.0,56.0,30.0,18.0,16.0,11.0,20.0
2014-560,US Open,Hard,128,G,O,20140825,110,D643,1.0,,Novak Djokovic,R,188.0,SRB,27.261,1.0,12770.0,Q927,,,Sam Querrey,R,198.0,USA,26.883,57.0,820.0,6-3 6-2 6-2,5,R32,85.0,5.0,1.0,74.0,51.0,38.0,11.0,13.0,2.0,4.0,7.0,3.0,72.0,46.0,26.0,6.0,12.0,5.0,12.0
2014-560,US Open,Hard,128,G,O,20140825,111,K435,22.0,,Philipp Kohlschreiber,R,178.0,GER,30.858,25.0,1505.0,I186,13.0,,John Isner,R,208.0,USA,29.331,15.0,1925.0,7-6(4) 4-6 7-6(2) 7-6(4),5,R32,189.0,13.0,5.0,157.0,98.0,77.0,36.0,23.0,11.0,12.0,44.0,4.0,141.0,95.0,77.0,30.0,23.0,5.0,5.0
2014-560,US Open,Hard,128,G,O,20140825,112,T786,9.0,,Jo-Wilfried Tsonga,R,188.0,FRA,29.355,10.0,2920.0,CD85,,,Pablo Carreno Busta,R,188.0,ESP,23.121,74.0,691.0,6-4 6-4 6-4,5,R32,114.0,14.0,2.0,84.0,54.0,44.0,19.0,15.0,6.0,6.0,3.0,1.0,98.0,67.0,47.0,17.0,15.0,8.0,11.0
2014-560,US Open,Hard,128,G,O,20140825,113,D643,1.0,,Novak Djokovic,R,188.0,SRB,27.261,1.0,12770.0,K435,22.0,,Philipp Kohlschreiber,R,178.0,GER,30.858,25.0,1505.0,6-1 7-5 6-4,5,R16,123.0,6.0,0.0,85.0,55.0,42.0,21.0,15.0,2.0,2.0,6.0,3.0,85.0,44.0,32.0,19.0,14.0,5.0,9.0
2014-560,US Open,Hard,128,G,O,20140825,114,MC10,8.0,,Andy Murray,R,191.0,GBR,27.28,9.0,3150.0,T786,9.0,,Jo-Wilfried Tsonga,R,188.0,FRA,29.355,10.0,2920.0,7-5 7-5 6-4,5,R16,155.0,11.0,3.0,99.0,49.0,41.0,29.0,17.0,3.0,5.0,5.0,6.0,113.0,67.0,43.0,24.0,17.0,8.0,13.0
2014-560,US Open,Hard,128,G,O,20140825,115,W367,3.0,,Stan Wawrinka,R,183.0,SUI,29.41,4.0,5985.0,R419,16.0,,Tommy Robredo,R,180.0,ESP,32.318,18.0,1825.0,7-5 4-6 7-6(7) 6-2,5,R16,181.0,18.0,6.0,133.0,73.0,58.0,35.0,21.0,6.0,8.0,4.0,2.0,120.0,77.0,53.0,26.0,21.0,2.0,6.0
2014-560,US Open,Hard,128,G,O,20140825,116,N552,10.0,,Kei Nishikori,R,178.0,JPN,24.654,11.0,2680.0,R975,5.0,,Milos Raonic,R,196.0,CAN,23.661,6.0,4225.0,4-6 7-6(4) 6-7(6) 7-5 6-4,5,R16,259.0,8.0,7.0,164.0,92.0,68.0,48.0,28.0,5.0,9.0,35.0,10.0,192.0,106.0,87.0,40.0,28.0,14.0,19.0
2014-560,US Open,Hard,128,G,O,20140825,117,BA47,6.0,,Tomas Berdych,R,196.0,CZE,28.936,7.0,4060.0,TB69,,,Dominic Thiem,R,185.0,AUT,20.975,45.0,985.0,6-1 6-2 6-4,5,R16,98.0,9.0,3.0,81.0,46.0,39.0,20.0,13.0,7.0,7.0,4.0,4.0,71.0,39.0,30.0,10.0,12.0,4.0,9.0
2014-560,US Open,Hard,128,G,O,20140825,118,C977,14.0,,Marin Cilic,R,198.0,CRO,25.906,16.0,1845.0,SD32,26.0,,Gilles Simon,R,183.0,FRA,29.659,31.0,1180.0,5-7 7-6(3) 6-4 3-6 6-3,5,R16,253.0,22.0,4.0,157.0,84.0,67.0,42.0,26.0,7.0,10.0,17.0,3.0,180.0,102.0,72.0,42.0,26.0,10.0,13.0
2014-560,US Open,Hard,128,G,O,20140825,119,MC65,20.0,,Gael Monfils,R,193.0,FRA,27.981,24.0,1530.0,D875,7.0,,Grigor Dimitrov,R,191.0,BUL,23.277,8.0,3540.0,7-5 7-6(6) 7-5,5,R16,144.0,14.0,6.0,111.0,73.0,57.0,22.0,18.0,6.0,7.0,11.0,4.0,103.0,59.0,43.0,26.0,18.0,1.0,4.0
2014-560,US Open,Hard,128,G,O,20140825,120,F324,2.0,,Roger Federer,R,185.0,SUI,33.046,3.0,7490.0,BD06,17.0,,Roberto Bautista Agut,R,183.0,ESP,26.363,19.0,1800.0,6-4 6-3 6-2,5,R16,116.0,8.0,5.0,87.0,51.0,39.0,19.0,13.0,6.0,7.0,2.0,4.0,102.0,65.0,38.0,15.0,14.0,7.0,13.0
2014-560,US Open,Hard,128,G,O,20140825,121,D643,1.0,,Novak Djokovic,R,188.0,SRB,27.261,1.0,12770.0,MC10,8.0,,Andy Murray,R,191.0,GBR,27.28,9.0,3150.0,7-6(1) 6-7(1) 6-2 6-4,5,QF,212.0,8.0,3.0,152.0,96.0,64.0,29.0,21.0,12.0,16.0,9.0,4.0,133.0,75.0,48.0,28.0,21.0,3.0,10.0
2014-560,US Open,Hard,128,G,O,20140825,122,N552,10.0,,Kei Nishikori,R,178.0,JPN,24.654,11.0,2680.0,W367,3.0,,Stan Wawrinka,R,183.0,SUI,29.41,4.0,5985.0,3-6 7-5 7-6(7) 6-7(5) 6-4,5,QF,255.0,3.0,6.0,184.0,108.0,82.0,41.0,27.0,8.0,10.0,18.0,8.0,174.0,97.0,81.0,39.0,28.0,7.0,10.0
2014-560,US Open,Hard,128,G,O,20140825,123,C977,14.0,,Marin Cilic,R,198.0,CRO,25.906,16.0,1845.0,BA47,6.0,,Tomas Berdych,R,196.0,CZE,28.936,7.0,4060.0,6-2 6-4 7-6(4),5,QF,132.0,19.0,5.0,90.0,57.0,48.0,15.0,15.0,2.0,4.0,4.0,5.0,92.0,46.0,33.0,19.0,15.0,3.0,8.0
2014-560,US Open,Hard,128,G,O,20140825,124,F324,2.0,,Roger Federer,R,185.0,SUI,33.046,3.0,7490.0,MC65,20.0,,Gael Monfils,R,193.0,FRA,27.981,24.0,1530.0,4-6 3-6 6-4 7-5 6-2,5,QF,200.0,5.0,2.0,151.0,86.0,65.0,37.0,25.0,10.0,15.0,6.0,9.0,157.0,99.0,65.0,29.0,24.0,7.0,13.0
2014-560,US Open,Hard,128,G,O,20140825,125,N552,10.0,,Kei Nishikori,R,178.0,JPN,24.654,11.0,2680.0,D643,1.0,,Novak Djokovic,R,188.0,SRB,27.261,1.0,12770.0,6-4 1-6 7-6(4) 6-3,5,SF,172.0,5.0,4.0,125.0,73.0,49.0,26.0,18.0,9.0,13.0,15.0,4.0,112.0,66.0,53.0,17.0,20.0,2.0,7.0
2014-560,US Open,Hard,128,G,O,20140825,126,C977,14.0,,Marin Cilic,R,198.0,CRO,25.906,16.0,1845.0,F324,2.0,,Roger Federer,R,185.0,SUI,33.046,3.0,7490.0,6-3 6-4 6-4,5,SF,105.0,13.0,1.0,81.0,45.0,39.0,20.0,15.0,1.0,2.0,12.0,1.0,84.0,52.0,36.0,16.0,14.0,4.0,8.0
2014-560,US Open,Hard,128,G,O,20140825,127,C977,14.0,,Marin Cilic,R,198.0,CRO,25.906,16.0,1845.0,N552,10.0,,Kei Nishikori,R,178.0,JPN,24.654,11.0,2680.0,6-3 6-3 6-3,5,F,114.0,18.0,3.0,86.0,45.0,36.0,25.0,14.0,8.0,9.0,2.0,1.0,75.0,39.0,22.0,21.0,13.0,6.0,11.0
2014-D013,Davis Cup WG SF: FRA vs CZE,Clay,4,D,,20140912,1,G628,,,Richard Gasquet,R,183.0,FRA,28.235,21.0,1730.0,BA47,,,Tomas Berdych,R,196.0,CZE,28.986,6.0,4240.0,6-3 6-2 6-3,5,RR,,,,,,,,,,,,,,,,,,,
2014-D013,Davis Cup WG SF: FRA vs CZE,Clay,4,D,,20140912,2,T786,,,Jo-Wilfried Tsonga,R,188.0,FRA,29.405,12.0,3100.0,R685,,,Lukas Rosol,R,193.0,CZE,29.136,27.0,1290.0,6-2 6-2 6-3,5,RR,,,,,,,,,,,,,,,,,,,
2014-D013,Davis Cup WG SF: FRA vs CZE,Clay,4,D,,20140912,3,V708,,,Jiri Vesely,L,198.0,CZE,21.175,77.0,686.0,B747,,,Julien Benneteau,R,185.0,FRA,32.728,29.0,1205.0,6-4 6-3,3,RR,,,,,,,,,,,,,,,,,,,
2014-D013,Davis Cup WG SF: FRA vs CZE,Clay,4,D,,20140912,4,MC65,,,Gael Monfils,R,193.0,FRA,28.03,18.0,1845.0,R685,,,Lukas Rosol,R,193.0,CZE,29.136,27.0,1290.0,5-7 6-4 7-5,3,RR,,,,,,,,,,,,,,,,,,,
2014-D014,Davis Cup WG SF: SUI vs ITA,Hard,4,D,,20140912,1,F324,,,Roger Federer,R,185.0,SUI,33.095,3.0,8030.0,BA98,,,Simone Bolelli,R,183.0,ITA,28.928,76.0,687.0,7-6(5) 6-4 6-4,5,RR,,,,,,,,,,,,,,,,,,,
2014-D014,Davis Cup WG SF: SUI vs ITA,Hard,4,D,,20140912,2,W367,,,Stan Wawrinka,R,183.0,SUI,29.459,4.0,5625.0,F510,,,Fabio Fognini,R,178.0,ITA,27.305,17.0,1870.0,6-2 6-3 6-2,5,RR,,,,,,,,,,,,,,,,,,,
2014-D014,Davis Cup WG SF: SUI vs ITA,Hard,4,D,,20140912,3,F324,,,Roger Federer,R,185.0,SUI,33.095,3.0,8030.0,F510,,,Fabio Fognini,R,178.0,ITA,27.305,17.0,1870.0,6-2 6-3 7-6(4),5,RR,,,,,,,,,,,,,,,,,,,
2014-D014,Davis Cup WG SF: SUI vs ITA,Hard,4,D,,20140912,4,SA93,,,Andreas Seppi,R,191.0,ITA,30.557,48.0,880.0,L523,,,Michael Lammer,R,185.0,SUI,32.468,497.0,71.0,6-4 1-6 6-4,3,RR,,,,,,,,,,,,,,,,,,,
2014-D016,Davis Cup WG PO: IND vs SRB,Hard,4,D,,20140912,1,L987,,,Dusan Lajovic,R,183.0,SRB,24.203,61.0,775.0,BF55,,,Yuki Bhambri,R,185.0,IND,22.19,153.0,361.0,6-3 6-2 7-5,5,RR,,,,,,,,,,,,,,,,,,,
2014-D016,Davis Cup WG PO: IND vs SRB,Hard,4,D,,20140912,2,KB05,,,Filip Krajinovic,R,185.0,SRB,22.541,107.0,561.0,D616,,,Somdev Devvarman,R,180.0,IND,29.577,144.0,391.0,6-1 4-6 6-3 6-2,5,RR,,,,,,,,,,,,,,,,,,,
2014-D016,Davis Cup WG PO: IND vs SRB,Hard,4,D,,20140912,3,D616,,,Somdev Devvarman,R,180.0,IND,29.577,144.0,391.0,L987,,,Dusan Lajovic,R,183.0,SRB,24.203,61.0,775.0,1-6 6-4 4-6 6-3 6-2,5,RR,,,,,,,,,,,,,,,,,,,
2014-D016,Davis Cup WG PO: IND vs SRB,Hard,4,D,,20140912,4,KB05,,,Filip Krajinovic,R,185.0,SRB,22.541,107.0,561.0,BF55,,,Yuki Bhambri,R,185.0,IND,22.19,153.0,361.0,6-3 6-4 6-4,5,RR,,,,,,,,,,,,,,,,,,,
2014-D017,Davis Cup WG PO: BRA vs ESP,Clay,4,D,,20140912,1,BD06,,,Roberto Bautista Agut,R,183.0,ESP,26.412,15.0,1935.0,SC73,,,Rogerio Dutra Silva,R,178.0,BRA,30.601,201.0,250.0,6-0 6-1 6-3,5,RR,,,,,,,,,,,,,,,,,,,
2014-D017,Davis Cup WG PO: BRA vs ESP,Clay,4,D,,20140912,2,BD20,,,Thomaz Bellucci,L,188.0,BRA,26.702,83.0,653.0,A596,,,Pablo Andujar,R,180.0,ESP,28.635,44.0,926.0,3-6 6-7(6) 6-4 7-5 6-3,5,RR,,,,,,,,,,,,,,,,,,,
2014-D017,Davis Cup WG PO: BRA vs ESP,Clay,4,D,,20140912,3,BD20,,,Thomaz Bellucci,L,188.0,BRA,26.702,83.0,653.0,BD06,,,Roberto Bautista Agut,R,183.0,ESP,26.412,15.0,1935.0,6-4 3-6 6-3 6-2,5,RR,,,,,,,,,,,,,,,,,,,
2014-D018,Davis Cup WG PO: ISR vs ARG,Hard,4,D,,20140912,1,MD56,,,Leonardo Mayer,R,191.0,ARG,27.329,25.0,1399.0,BI21,,,Bar Tzuf Botzer,R,185.0,ISR,20.531,776.0,26.0,6-4 3-6 6-2 6-1,5,RR,,,,,,,,,,,,,,,,,,,
2014-D018,Davis Cup WG PO: ISR vs ARG,Hard,4,D,,20140912,2,SC56,,,Dudi Sela,R,175.0,ISR,29.44,84.0,648.0,B884,,,Carlos Berlocq,R,183.0,ARG,31.606,67.0,750.0,6-3 6-7(5) 6-2 6-2,5,RR,,,,,,,,,,,,,,,,,,,
2014-D018,Davis Cup WG PO: ISR vs ARG,Hard,4,D,,20140912,3,MD56,,,Leonardo Mayer,R,191.0,ARG,27.329,25.0,1399.0,SC56,,,Dudi Sela,R,175.0,ISR,29.44,84.0,648.0,6-2 6-1 6-4,5,RR,,,,,,,,,,,,,,,,,,,
2014-D018,Davis Cup WG PO: ISR vs ARG,Hard,4,D,,20140912,4,B884,,,Carlos Berlocq,R,183.0,ARG,31.606,67.0,750.0,BI21,,,Bar Tzuf Botzer,R,185.0,ISR,20.531,776.0,26.0,6-2 6-3 6-0,5,RR,,,,,,,,,,,,,,,,,,,
2014-D019,Davis Cup WG PO: CAN vs COL,Hard,4,D,,20140912,1,PD07,,,Vasek Pospisil,R,193.0,CAN,24.222,43.0,965.0,G725,,,Santiago Giraldo,R,188.0,COL,26.793,33.0,1180.0,6-3 7-6(2) 6-3,5,RR,,,,,,,,,,,,,,,,,,,
2014-D019,Davis Cup WG PO: CAN vs COL,Hard,4,D,,20140912,2,R975,,,Milos Raonic,R,196.0,CAN,23.71,7.0,4225.0,G892,,,Alejandro Gonzalez,R,191.0,COL,25.593,90.0,623.0,6-3 6-3 6-2,5,RR,,,,,,,,,,,,,,,,,,,
2014-D019,Davis Cup WG PO: CAN vs COL,Hard,4,D,,20140912,3,R975,,,Milos Raonic,R,196.0,CAN,23.71,7.0,4225.0,G725,,,Santiago Giraldo,R,188.0,COL,26.793,33.0,1180.0,6-1 7-6(2) 7-5,5,RR,,,,,,,,,,,,,,,,,,,
2014-D019,Davis Cup WG PO: CAN vs COL,Hard,4,D,,20140912,4,G892,,,Alejandro Gonzalez,R,191.0,COL,25.593,90.0,623.0,D499,,,Frank Dancevic,R,185.0,CAN,29.96,147.0,379.0,4-6 7-5 6-2,3,RR,,,,,,,,,,,,,,,,,,,
2014-D020,Davis Cup WG PO: USA vs SVK,Hard,4,D,,20140912,1,I186,,,John Isner,R,208.0,USA,29.38,16.0,1925.0,GB93,,,Norbert Gombos,R,193.0,SVK,24.082,126.0,453.0,7-6(5) 6-4 6-2,5,RR,,,,,,,,,,,,,,,,,,,
2014-D020,Davis Cup WG PO: USA vs SVK,Hard,4,D,,20140912,2,Q927,,,Sam Querrey,R,198.0,USA,26.932,51.0,865.0,K966,,,Martin Klizan,L,191.0,SVK,25.172,57.0,810.0,7-6(6) 6-3 6-3,5,RR,,,,,,,,,,,,,,,,,,,
2014-D020,Davis Cup WG PO: USA vs SVK,Hard,4,D,,20140912,3,I186,,,John Isner,R,208.0,USA,29.38,16.0,1925.0,L797,,,Lukas Lacko,R,188.0,SVK,26.858,86.0,644.0,6-3 6-0,3,RR,,,,,,,,,,,,,,,,,,,
2014-D020,Davis Cup WG PO: USA vs SVK,Hard,4,D,,20140912,4,Q927,,,Sam Querrey,R,198.0,USA,26.932,51.0,865.0,GB93,,,Norbert Gombos,R,193.0,SVK,24.082,126.0,453.0,6-4 4-6 6-4,3,RR,,,,,,,,,,,,,,,,,,,
2014-D021,Davis Cup WG PO: AUS vs UZB,Grass,4,D,,20140912,1,KE17,,,Nick Kyrgios,R,193.0,AUS,19.379,53.0,860.0,I165,,,Denis Istomin,R,185.0,UZB,28.014,55.0,815.0,6-4 7-5 6-4,5,RR,,,,,,,,,,,,,,,,,,,
2014-D021,Davis Cup WG PO: AUS vs UZB,Grass,4,D,,20140912,2,H432,,,Lleyton Hewitt,R,178.0,AUS,33.547,49.0,880.0,D551,,,Farrukh Dustov,R,193.0,UZB,28.309,133.0,443.0,6-4 6-4 6-2,5,RR,,,,,,,,,,,,,,,,,,,
2014-D021,Davis Cup WG PO: AUS vs UZB,Grass,4,D,,20140912,3,G940,,,Sam Groth,R,193.0,AUS,26.899,97.0,609.0,I286,,,Temur Ismailov,,,UZB,19.661,527.0,65.0,6-3 6-2,3,RR,,,,,,,,,,,,,,,,,,,
2014-D021,Davis Cup WG PO: AUS vs UZB,Grass,4,D,,20140912,4,KE17,,,Nick Kyrgios,R,193.0,AUS,19.379,53.0,860.0,F786,,,Sanjar Fayziev,R,188.0,UZB,20.123,736.0,29.0,6-1 6-1,3,RR,,,,,,,,,,,,,,,,,,,
2014-D022,Davis Cup WG PO: NED vs CRO,Clay,4,D,,20140912,1,DA89,,,Mate Delic,R,196.0,CRO,21.372,154.0,359.0,SF36,,,Igor Sijsling,R,191.0,NED,27.069,72.0,713.0,4-6 6-4 7-5 6-2,5,RR,,,,,,,,,,,,,,,,,,,
2014-D022,Davis Cup WG PO: NED vs CRO,Clay,4,D,,20140912,2,H756,,,Robin Haase,R,191.0,NED,27.436,70.0,725.0,CG80,,,Borna Coric,R,188.0,CRO,17.826,176.0,292.0,7-6(4) 6-1 6-4,5,RR,,,,,,,,,,,,,,,,,,,
2014-D022,Davis Cup WG PO: NED vs CRO,Clay,4,D,,20140912,3,H756,,,Robin Haase,R,191.0,NED,27.436,70.0,725.0,DA89,,,Mate Delic,R,196.0,CRO,21.372,154.0,359.0,3-6 4-6 6-4 6-1 6-4,5,RR,,,,,,,,,,,,,,,,,,,
2014-D022,Davis Cup WG PO: NED vs CRO,Clay,4,D,,20140912,4,C977,,,Marin Cilic,R,198.0,CRO,25.955,9.0,3845.0,D776,,,Thiemo de Bakker,R,193.0,NED,25.979,145.0,388.0,6-7(4) 6-4 6-2 7-5,5,RR,,,,,,,,,,,,,,,,,,,
2014-D023,Davis Cup WG PO: UKR vs BEL,Hard,4,D,,20140912,1,SC77,,,Sergiy Stakhovsky,R,193.0,UKR,28.682,92.0,621.0,D632,,,Steve Darcis,R,175.0,BEL,30.5,362.0,121.0,6-7(5) 6-4 6-2 6-2,5,RR,,,,,,,,,,,,,,,,,,,
2014-D023,Davis Cup WG PO: UKR vs BEL,Hard,4,D,,20140912,2,GB88,,,David Goffin,R,180.0,BEL,23.765,46.0,908.0,ME89,,,Illya Marchenko,R,185.0,UKR,27.012,148.0,377.0,7-6(1) 6-3 6-1,5,RR,,,,,,,,,,,,,,,,,,,
2014-D023,Davis Cup WG PO: UKR vs BEL,Hard,4,D,,20140912,3,GB88,,,David Goffin,R,180.0,BEL,23.765,46.0,908.0,SC77,,,Sergiy Stakhovsky,R,193.0,UKR,28.682,92.0,621.0,6-3 6-1 6-2,5,RR,,,,,,,,,,,,,,,,,,,
2014-D023,Davis Cup WG PO: UKR vs BEL,Hard,4,D,,20140912,4,ME89,,,Illya Marchenko,R,185.0,UKR,27.012,148.0,377.0,D632,,,Steve Darcis,R,175.0,BEL,30.5,362.0,121.0,7-6(2) 6-4,3,RR,,,,,,,,,,,,,,,,,,,
2014-D038,Davis Cup G2 R3: BAR vs MEX,Hard,4,D,,20140912,1,H917,,,Tigre Hank,L,188.0,MEX,22.951,470.0,82.0,L653,,,Haydn Lewis,,,BAR,,,,7-5 6-4 6-3,5,RR,,,,,,,,,,,,,,,,,,,
2014-D038,Davis Cup G2 R3: BAR vs MEX,Hard,4,D,,20140912,2,KC86,,,Darian King,R,188.0,BAR,22.379,319.0,139.0,R736,,,Miguel Reyes-Varela,R,175.0,MEX,27.228,,,6-4 6-4 6-2,5,RR,,,,,,,,,,,,,,,,,,,
2014-D038,Davis Cup G2 R3: BAR vs MEX,Hard,4,D,,20140912,3,KC86,,,Darian King,R,188.0,BAR,22.379,319.0,139.0,H917,,,Tigre Hank,L,188.0,MEX,22.951,470.0,82.0,6-2 6-2 7-5,5,RR,,,,,,,,,,,,,,,,,,,
2014-D038,Davis Cup G2 R3: BAR vs MEX,Hard,4,D,,20140912,4,L653,,,Haydn Lewis,,,BAR,,,,GC87,,,Lucas Gomez,L,178.0,MEX,19.088,830.0,21.0,2-6 6-3 6-1 6-3,5,RR,,,,,,,,,,,,,,,,,,,
2014-D041,Davis Cup G1 PO: TPE vs KOR,Hard,4,D,,20140912,1,L918,,,Yong-Kyu Lim,R,185.0,KOR,23.236,396.0,106.0,HA89,,,Jui-Chen Hung,R,,TPE,24.534,756.0,28.0,6-2 6-2 6-0,5,RR,,,,,,,,,,,,,,,,,,,
2014-D041,Davis Cup G1 PO: TPE vs KOR,Hard,4,D,,20140912,2,CH27,,,Hyeon Chung,R,188.0,KOR,18.316,180.0,285.0,W679,,,Chieh-Fu Wang,,,TPE,21.002,806.0,23.0,6-4 7-5 6-2,5,RR,,,,,,,,,,,,,,,,,,,
2014-D041,Davis Cup G1 PO: TPE vs KOR,Hard,4,D,,20140912,3,CH27,,,Hyeon Chung,R,188.0,KOR,18.316,180.0,285.0,C813,,,Ti Chen,R,178.0,TPE,30.943,244.0,200.0,6-0 3-6 6-7(3) 6-3 3-0 RET,5,RR,,,,,,,,,,,,,,,,,,,
2014-D042,Davis Cup G1 PO: VEN vs URU,Hard,4,D,,20140912,1,C882,,,Pablo Cuevas,R,180.0,URU,28.695,39.0,1059.0,BG61,,,Jesus Bandres,,,VEN,23.617,931.0,15.0,6-3 6-2 6-1,5,RR,,,,,,,,,,,,,,,,,,,
2014-D042,Davis Cup G1 PO: VEN vs URU,Hard,4,D,,20140912,2,CC98,,,Martin Cuevas,R,191.0,URU,22.661,374.0,116.0,RB00,,,Ricardo Rodriguez - Pace,,,VEN,21.374,355.0,124.0,7-5 6-2 6-3,5,RR,,,,,,,,,,,,,,,,,,,
2014-D042,Davis Cup G1 PO: VEN vs URU,Hard,4,D,,20140912,3,RB00,,,Ricardo Rodriguez - Pace,,,VEN,21.374,355.0,124.0,BD52,,,Ariel Behar,R,180.0,URU,24.832,920.0,15.0,2-1 RET,5,RR,,,,,,,,,,,,,,,,,,,
2014-D042,Davis Cup G1 PO: VEN vs URU,Hard,4,D,,20140912,4,SO28,,,Rodrigo Senattore,,,URU,20.621,1026.0,11.0,BG61,,,Jesus Bandres,,,VEN,23.617,931.0,15.0,4-6 7-5 6-3,3,RR,,,,,,,,,,,,,,,,,,,
2014-D049,Davis Cup G2 R3: THA vs PAK,Hard,4,D,,20140912,1,I326,,,Pruchya Isaro,R,175.0,THA,18.908,,,Q019,,,Aisam-Ul-Haq Qureshi,R,183.0,PAK,34.489,,,3-6 6-3 6-3 6-2,5,RR,,,,,,,,,,,,,,,,,,,
2014-D049,Davis Cup G2 R3: THA vs PAK,Hard,4,D,,20140912,2,U043,,,Danai Udomchoke,R,173.0,THA,33.087,293.0,157.0,I308,,,Samir Iftikhar,,,PAK,22.472,,,6-0 6-4 6-1,5,RR,,,,,,,,,,,,,,,,,,,
2014-D049,Davis Cup G2 R3: THA vs PAK,Hard,4,D,,20140912,3,U043,,,Danai Udomchoke,R,173.0,THA,33.087,293.0,157.0,AC35,,,Muhammad Abid,,,PAK,20.277,,,6-0 6-1,3,RR,,,,,,,,,,,,,,,,,,,
2014-D049,Davis Cup G2 R3: THA vs PAK,Hard,4,D,,20140912,4,I308,,,Samir Iftikhar,,,PAK,22.472,,,I326,,,Pruchya Isaro,R,175.0,THA,18.908,,,4-6 6-3 1-1 RET,5,RR,,,,,,,,,,,,,,,,,,,
2014-D059,Davis Cup G1 PO: ROU vs SWE,Clay,4,D,,20140912,1,LA94,,,Christian Lindell,R,193.0,SWE,22.812,256.0,188.0,U061,,,Adrian Ungur,R,178.0,ROU,29.637,134.0,439.0,7-5 7-6(2) 6-4,5,RR,,,,,,,,,,,,,,,,,,,
2014-D059,Davis Cup G1 PO: ROU vs SWE,Clay,4,D,,20140912,2,CA99,,,Marius Copil,R,191.0,ROU,23.904,174.0,296.0,Y218,,,Elias Ymer,R,185.0,SWE,18.423,242.0,201.0,6-2 6-3 6-2,5,RR,,,,,,,,,,,,,,,,,,,
2014-D059,Davis Cup G1 PO: ROU vs SWE,Clay,4,D,,20140912,3,U061,,,Adrian Ungur,R,178.0,ROU,29.637,134.0,439.0,Y218,,,Elias Ymer,R,185.0,SWE,18.423,242.0,201.0,3-6 6-4 7-6(4) 6-3,5,RR,,,,,,,,,,,,,,,,,,,
2014-D060,Davis Cup G1 PO: LAT vs AUT,Hard,4,D,,20140912,1,F580,,,Martin Fischer,R,180.0,AUT,28.145,210.0,231.0,J259,,,Andis Juska,R,,LAT,29.309,710.0,32.0,6-3 6-3 6-2,5,RR,,,,,,,,,,,,,,,,,,,
2014-D060,Davis Cup G1 PO: LAT vs AUT,Hard,4,D,,20140912,2,M762,,,Jurgen Melzer,L,183.0,AUT,33.309,109.0,530.0,PG10,,,Janis Podzus,L,193.0,LAT,20.205,795.0,24.0,6-3 6-1 6-4,5,RR,,,,,,,,,,,,,,,,,,,
2014-D060,Davis Cup G1 PO: LAT vs AUT,Hard,4,D,,20140912,3,M762,,,Jurgen Melzer,L,183.0,AUT,33.309,109.0,530.0,LB50,,,Mikelis Libietis,R,193.0,LAT,22.177,1190.0,6.0,6-2 6-2 6-4,5,RR,,,,,,,,,,,,,,,,,,,
2014-D060,Davis Cup G1 PO: LAT vs AUT,Hard,4,D,,20140912,4,F580,,,Martin Fischer,R,180.0,AUT,28.145,210.0,231.0,PG10,,,Janis Podzus,L,193.0,LAT,20.205,795.0,24.0,7-6(6) 6-4,3,RR,,,,,,,,,,,,,,,,,,,
2014-D061,Davis Cup G1 PO: RUS vs POR,Hard,4,D,,20140912,1,KB54,,,Andrey Kuznetsov,R,183.0,RUS,23.554,81.0,672.0,E698,,,Gastao Elias,R,180.0,POR,23.8,139.0,419.0,6-2 6-4 6-4,5,RR,,,,,,,,,,,,,,,,,,,
2014-D061,Davis Cup G1 PO: RUS vs POR,Hard,4,D,,20140912,2,D864,,,Evgeny Donskoy,R,185.0,RUS,24.345,135.0,433.0,SH90,,,Joao Sousa,R,185.0,POR,25.454,40.0,1032.0,7-6(7) 6-4 3-6 6-1,5,RR,,,,,,,,,,,,,,,,,,,
2014-D061,Davis Cup G1 PO: RUS vs POR,Hard,4,D,,20140912,3,MA49,,,Rui Machado,R,178.0,POR,30.423,280.0,162.0,K776,,,Konstantin Kravchuk,R,191.0,RUS,29.55,217.0,224.0,6-7(4) 6-4 6-1,3,RR,,,,,,,,,,,,,,,,,,,
2014-D061,Davis Cup G1 PO: RUS vs POR,Hard,4,D,,20140912,4,RE44,,,Andrey Rublev,R,188.0,RUS,16.895,495.0,72.0,SN54,,,Frederico Ferreira Silva,L,178.0,POR,19.488,332.0,134.0,6-4 6-4,3,RR,,,,,,,,,,,,,,,,,,,
2014-D074,Davis Cup G2 R3: BIH vs LTU,Hard,4,D,,20140912,1,BE90,,,Ricardas Berankis,R,175.0,LTU,24.227,124.0,481.0,BE67,,,Mirza Basic,R,188.0,BIH,23.17,304.0,151.0,5-7 3-6 6-4 6-4 6-4,5,RR,,,,,,,,,,,,,,,,,,,
2014-D074,Davis Cup G2 R3: BIH vs LTU,Hard,4,D,,20140912,2,D923,,,Damir Dzumhur,R,175.0,BIH,22.313,113.0,524.0,GA71,,,Laurynas Grigelis,R,183.0,LTU,23.08,236.0,206.0,6-7(5) 6-1 6-1 1-0 RET,5,RR,,,,,,,,,,,,,,,,,,,
2014-D074,Davis Cup G2 R3: BIH vs LTU,Hard,4,D,,20140912,3,BE90,,,Ricardas Berankis,R,175.0,LTU,24.227,124.0,481.0,D923,,,Damir Dzumhur,R,175.0,BIH,22.313,113.0,524.0,6-4 6-4 6-4,5,RR,,,,,,,,,,,,,,,,,,,
2014-D074,Davis Cup G2 R3: BIH vs LTU,Hard,4,D,,20140912,4,F840,,,Nerman Fatic,R,191.0,BIH,19.885,808.0,23.0,ML78,,,Lukas Mugevicius,R,188.0,LTU,19.765,818.0,22.0,6-7(6) 6-3 6-4,3,RR,,,,,,,,,,,,,,,,,,,
2014-D075,Davis Cup G2 R3: DEN vs MDA,,4,D,,20140912,1,A829,,,Radu Albot,R,175.0,MDA,24.835,187.0,275.0,PB29,,,Martin Pedersen,,,DEN,27.244,758.0,27.0,7-5 6-3 6-2,5,RR,,,,,,,,,,,,,,,,,,,
2014-D075,Davis Cup G2 R3: DEN vs MDA,,4,D,,20140912,2,N390,,,Frederik Nielsen,R,188.0,DEN,31.044,658.0,39.0,DA02,,,Maxim Dubarenco,,,MDA,21.218,387.0,111.0,6-2 6-2 6-3,5,RR,,,,,,,,,,,,,,,,,,,
2014-D075,Davis Cup G2 R3: DEN vs MDA,,4,D,,20140912,3,A829,,,Radu Albot,R,175.0,MDA,24.835,187.0,275.0,N390,,,Frederik Nielsen,R,188.0,DEN,31.044,658.0,39.0,7-5 6-3 6-3,5,RR,,,,,,,,,,,,,,,,,,,
2014-D075,Davis Cup G2 R3: DEN vs MDA,,4,D,,20140912,4,PB29,,,Martin Pedersen,,,DEN,27.244,758.0,27.0,DA02,,,Maxim Dubarenco,,,MDA,21.218,387.0,111.0,3-6 7-6(1) 6-4 3-6 7-5,5,RR,,,,,,,,,,,,,,,,,,,
2014-341,Metz,Hard,28,250,I,20140915,1,MA30,,,Gilles Muller,L,193.0,LUX,31.354,66.0,763.0,R613,,,Edouard Roger-Vasselin,R,185.0,FRA,30.798,54.0,850.0,6-1 7-6(6),3,R32,74.0,18.0,2.0,63.0,48.0,39.0,9.0,10.0,4.0,4.0,6.0,5.0,60.0,40.0,27.0,11.0,9.0,6.0,8.0
2014-341,Metz,Hard,28,250,I,20140915,2,J397,7.0,,Jerzy Janowicz,R,203.0,POL,23.838,40.0,1030.0,ME82,,,Adrian Mannarino,L,180.0,FRA,26.212,76.0,700.0,2-6 7-6(5) 6-4,3,R32,122.0,11.0,3.0,89.0,60.0,49.0,12.0,15.0,2.0,4.0,14.0,0.0,95.0,63.0,47.0,20.0,15.0,5.0,6.0
2014-341,Metz,Hard,28,250,I,20140915,3,N289,,,Jarkko Nieminen,L,185.0,FIN,33.147,57.0,803.0,SC77,,,Sergiy Stakhovsky,R,193.0,UKR,28.69,90.0,621.0,6-1 6-4,3,R32,64.0,3.0,0.0,58.0,35.0,25.0,16.0,9.0,4.0,4.0,1.0,1.0,50.0,33.0,22.0,7.0,8.0,3.0,6.0
2014-341,Metz,Hard,28,250,I,20140915,4,P701,,Q,Michal Przysiezny,R,185.0,POL,30.579,136.0,427.0,H996,,Q,Pierre-Hugues Herbert,R,188.0,FRA,23.496,127.0,449.0,6-4 3-6 7-6(4),3,R32,138.0,6.0,5.0,102.0,64.0,48.0,20.0,16.0,2.0,4.0,16.0,2.0,101.0,56.0,45.0,24.0,15.0,3.0,4.0
2014-341,Metz,Hard,28,250,I,20140915,5,K839,,,Tobias Kamke,R,178.0,GER,28.32,97.0,600.0,D750,,Q,Kenny De Schepper,L,203.0,FRA,27.299,104.0,568.0,6-3 7-6(5),3,R32,101.0,4.0,1.0,74.0,47.0,35.0,13.0,11.0,2.0,4.0,4.0,7.0,69.0,42.0,32.0,9.0,10.0,3.0,6.0
2014-341,Metz,Hard,28,250,I,20140915,6,GB88,8.0,,David Goffin,R,180.0,BEL,23.773,45.0,923.0,S963,,Q,Florent Serra,R,180.0,FRA,33.544,450.0,88.0,6-2 6-2,3,R32,58.0,7.0,2.0,48.0,25.0,20.0,15.0,8.0,0.0,0.0,2.0,0.0,46.0,29.0,16.0,7.0,8.0,3.0,7.0
2014-341,Metz,Hard,28,250,I,20140915,7,L503,,,Paolo Lorenzi,R,183.0,ITA,32.75,79.0,684.0,LC12,,WC,Laurent Lokoli,R,188.0,FRA,19.91,367.0,120.0,6-2 6-4,3,R32,75.0,2.0,2.0,53.0,38.0,32.0,7.0,9.0,2.0,2.0,2.0,1.0,54.0,30.0,20.0,10.0,9.0,2.0,5.0
2014-341,Metz,Hard,28,250,I,20140915,8,SL28,,,Jan-Lennard Struff,R,193.0,GER,24.392,61.0,773.0,L987,,,Dusan Lajovic,R,183.0,SRB,24.211,59.0,780.0,6-7(6) 6-3 6-3,3,R32,120.0,14.0,1.0,96.0,57.0,42.0,25.0,15.0,3.0,4.0,6.0,0.0,112.0,72.0,49.0,18.0,15.0,7.0,11.0
2014-341,Metz,Hard,28,250,I,20140915,9,CA12,5.0,,Jeremy Chardy,R,188.0,FRA,27.589,35.0,1105.0,M873,,WC,Nicolas Mahut,R,191.0,FRA,32.649,93.0,610.0,7-6(5) 7-5,3,R32,99.0,8.0,1.0,64.0,37.0,33.0,17.0,12.0,0.0,1.0,4.0,3.0,72.0,44.0,32.0,16.0,12.0,1.0,3.0
2014-341,Metz,Hard,28,250,I,20140915,10,SH90,6.0,,Joao Sousa,R,185.0,POR,25.462,39.0,1032.0,D646,,,Ivan Dodig,R,183.0,CRO,29.7,64.0,770.0,6-2 6-2,3,R32,63.0,4.0,0.0,46.0,31.0,23.0,11.0,8.0,4.0,4.0,2.0,4.0,48.0,18.0,13.0,12.0,8.0,1.0,5.0
2014-341,Metz,Hard,28,250,I,20140915,11,SF36,,,Igor Sijsling,R,191.0,NED,27.077,74.0,713.0,SA93,,,Andreas Seppi,R,191.0,ITA,30.565,48.0,880.0,6-0 4-1 RET,3,R32,40.0,4.0,1.0,25.0,10.0,10.0,10.0,5.0,0.0,0.0,3.0,3.0,49.0,28.0,13.0,5.0,6.0,5.0,10.0
2014-341,Metz,Hard,28,250,I,20140915,12,M850,,WC,Paul-Henri Mathieu,R,185.0,FRA,32.674,91.0,620.0,B896,,,Benjamin Becker,R,178.0,GER,33.248,60.0,778.0,7-6(2) 7-6(3),3,R32,116.0,8.0,3.0,96.0,53.0,47.0,22.0,12.0,8.0,8.0,7.0,2.0,84.0,48.0,36.0,23.0,12.0,7.0,7.0
2014-341,Metz,Hard,28,250,I,20140915,13,T786,1.0,,Jo-Wilfried Tsonga,R,188.0,FRA,29.413,11.0,3170.0,MA30,,,Gilles Muller,L,193.0,LUX,31.354,66.0,763.0,7-6(7) 6-4,3,R16,100.0,10.0,3.0,73.0,50.0,43.0,14.0,11.0,5.0,5.0,15.0,2.0,73.0,44.0,37.0,15.0,11.0,4.0,5.0
2014-341,Metz,Hard,28,250,I,20140915,14,GB88,8.0,,David Goffin,R,180.0,BEL,23.773,45.0,923.0,K839,,,Tobias Kamke,R,178.0,GER,28.32,97.0,600.0,6-1 6-3,3,R16,66.0,6.0,0.0,48.0,31.0,27.0,8.0,8.0,2.0,2.0,0.0,3.0,50.0,26.0,16.0,9.0,8.0,1.0,5.0
2014-341,Metz,Hard,28,250,I,20140915,15,K435,3.0,,Philipp Kohlschreiber,R,178.0,GER,30.916,24.0,1505.0,L503,,,Paolo Lorenzi,R,183.0,ITA,32.75,79.0,684.0,6-3 7-5,3,R16,86.0,12.0,5.0,74.0,36.0,27.0,20.0,11.0,3.0,4.0,5.0,0.0,58.0,34.0,24.0,12.0,10.0,5.0,8.0
2014-341,Metz,Hard,28,250,I,20140915,16,SL28,,,Jan-Lennard Struff,R,193.0,GER,24.392,61.0,773.0,CA12,5.0,,Jeremy Chardy,R,188.0,FRA,27.589,35.0,1105.0,6-7(5) 6-3 6-4,3,R16,117.0,9.0,0.0,92.0,63.0,50.0,19.0,16.0,0.0,0.0,12.0,3.0,93.0,52.0,42.0,23.0,15.0,5.0,7.0
2014-341,Metz,Hard,28,250,I,20140915,17,SH90,6.0,,Joao Sousa,R,185.0,POR,25.462,39.0,1032.0,SF36,,,Igor Sijsling,R,191.0,NED,27.077,74.0,713.0,6-3 3-6 7-6(3),3,R16,128.0,6.0,1.0,123.0,79.0,58.0,20.0,15.0,14.0,16.0,12.0,3.0,98.0,53.0,39.0,24.0,15.0,1.0,3.0
2014-341,Metz,Hard,28,250,I,20140915,18,M850,,WC,Paul-Henri Mathieu,R,185.0,FRA,32.674,91.0,620.0,R685,4.0,,Lukas Rosol,R,193.0,CZE,29.144,27.0,1290.0,6-3 6-4,3,R16,84.0,8.0,1.0,59.0,34.0,28.0,17.0,10.0,4.0,4.0,9.0,1.0,74.0,42.0,31.0,14.0,9.0,10.0,12.0
2014-341,Metz,Hard,28,250,I,20140915,19,J397,7.0,,Jerzy Janowicz,R,203.0,POL,23.838,40.0,1030.0,N289,,,Jarkko Nieminen,L,185.0,FIN,33.147,57.0,803.0,6-4 6-4,3,R16,70.0,9.0,2.0,64.0,45.0,35.0,11.0,10.0,3.0,3.0,6.0,0.0,49.0,32.0,20.0,13.0,10.0,0.0,2.0
2014-341,Metz,Hard,28,250,I,20140915,20,MC65,2.0,,Gael Monfils,R,193.0,FRA,28.038,18.0,1845.0,P701,,Q,Michal Przysiezny,R,185.0,POL,30.579,136.0,427.0,7-5 6-1,3,R16,73.0,5.0,4.0,49.0,27.0,24.0,10.0,9.0,2.0,3.0,3.0,4.0,69.0,45.0,27.0,7.0,10.0,4.0,9.0
2014-341,Metz,Hard,28,250,I,20140915,21,GB88,8.0,,David Goffin,R,180.0,BEL,23.773,45.0,923.0,T786,1.0,,Jo-Wilfried Tsonga,R,188.0,FRA,29.413,11.0,3170.0,1-6 7-6(5) 7-5,3,QF,129.0,7.0,1.0,82.0,43.0,30.0,27.0,15.0,1.0,4.0,17.0,5.0,103.0,62.0,49.0,23.0,16.0,6.0,8.0
2014-341,Metz,Hard,28,250,I,20140915,22,SL28,,,Jan-Lennard Struff,R,193.0,GER,24.392,61.0,773.0,K435,3.0,,Philipp Kohlschreiber,R,178.0,GER,30.916,24.0,1505.0,5-0 RET,3,QF,21.0,1.0,0.0,11.0,5.0,4.0,4.0,2.0,0.0,0.0,0.0,3.0,15.0,4.0,1.0,2.0,3.0,0.0,3.0
2014-341,Metz,Hard,28,250,I,20140915,23,SH90,6.0,,Joao Sousa,R,185.0,POR,25.462,39.0,1032.0,M850,,WC,Paul-Henri Mathieu,R,185.0,FRA,32.674,91.0,620.0,3-6 6-3 7-6(4),3,QF,126.0,4.0,0.0,89.0,60.0,43.0,19.0,15.0,6.0,9.0,9.0,3.0,98.0,61.0,43.0,19.0,15.0,7.0,10.0
2014-341,Metz,Hard,28,250,I,20140915,24,MC65,2.0,,Gael Monfils,R,193.0,FRA,28.038,18.0,1845.0,J397,7.0,,Jerzy Janowicz,R,203.0,POL,23.838,40.0,1030.0,6-3 6-4,3,QF,64.0,12.0,5.0,53.0,35.0,33.0,8.0,10.0,0.0,0.0,1.0,3.0,53.0,33.0,23.0,10.0,9.0,4.0,6.0
2014-341,Metz,Hard,28,250,I,20140915,25,GB88,8.0,,David Goffin,R,180.0,BEL,23.773,45.0,923.0,SL28,,,Jan-Lennard Struff,R,193.0,GER,24.392,61.0,773.0,7-6(4) 6-3,3,SF,93.0,14.0,3.0,79.0,49.0,42.0,12.0,11.0,5.0,6.0,12.0,2.0,69.0,43.0,32.0,11.0,10.0,2.0,4.0
2014-341,Metz,Hard,28,250,I,20140915,26,SH90,6.0,,Joao Sousa,R,185.0,POR,25.462,39.0,1032.0,MC65,2.0,,Gael Monfils,R,193.0,FRA,28.038,18.0,1845.0,7-6(6) 6-2,3,SF,88.0,3.0,1.0,77.0,58.0,41.0,9.0,10.0,8.0,9.0,13.0,2.0,63.0,34.0,26.0,13.0,10.0,2.0,5.0
2014-341,Metz,Hard,28,250,I,20140915,27,GB88,8.0,,David Goffin,R,180.0,BEL,23.773,45.0,923.0,SH90,6.0,,Joao Sousa,R,185.0,POR,25.462,39.0,1032.0,6-4 6-3,3,F,74.0,10.0,2.0,51.0,33.0,27.0,12.0,9.0,4.0,4.0,2.0,0.0,60.0,37.0,23.0,13.0,10.0,6.0,9.0
2014-6003,Kuala Lumpur,Hard,28,250,I,20140922,1,R548,,,Rajeev Ram,R,193.0,USA,30.513,150.0,363.0,J553,,WC,Omar Jasika,L,183.0,AUS,17.347,787.0,24.0,4-6 7-5 6-3,3,R32,106.0,12.0,2.0,80.0,46.0,35.0,19.0,15.0,3.0,6.0,3.0,3.0,91.0,60.0,37.0,15.0,16.0,3.0,8.0
2014-6003,Kuala Lumpur,Hard,28,250,I,20140922,2,B896,,,Benjamin Becker,R,178.0,GER,33.268,66.0,753.0,SH90,6.0,,Joao Sousa,R,185.0,POR,25.481,36.0,1092.0,7-6(1) 6-2,3,R32,77.0,5.0,1.0,56.0,30.0,26.0,13.0,10.0,1.0,3.0,2.0,2.0,63.0,39.0,24.0,10.0,10.0,2.0,6.0
2014-6003,Kuala Lumpur,Hard,28,250,I,20140922,3,H996,,,Pierre-Hugues Herbert,R,188.0,FRA,23.515,126.0,449.0,TA46,,,Bernard Tomic,R,196.0,AUS,21.919,65.0,766.0,6-4 3-6 7-6(7),3,R32,111.0,9.0,2.0,92.0,38.0,26.0,34.0,15.0,3.0,6.0,13.0,4.0,104.0,70.0,49.0,19.0,16.0,3.0,6.0
2014-6003,Kuala Lumpur,Hard,28,250,I,20140922,4,P624,,Q,Philipp Petzschner,R,185.0,GER,30.497,524.0,66.0,W503,,Q,James Ward,R,188.0,GBR,27.617,117.0,474.0,6-4 3-6 7-6(5),3,R32,126.0,4.0,4.0,91.0,55.0,44.0,21.0,15.0,4.0,6.0,7.0,2.0,96.0,60.0,45.0,21.0,16.0,4.0,6.0
2014-6003,Kuala Lumpur,Hard,28,250,I,20140922,5,SC47,,,Go Soeda,R,178.0,JPN,30.045,109.0,553.0,T885,,Q,Kento Takeuchi,L,,JPN,26.76,441.0,92.0,6-2 6-1,3,R32,61.0,0.0,1.0,42.0,22.0,17.0,10.0,8.0,1.0,3.0,0.0,2.0,43.0,18.0,7.0,8.0,7.0,2.0,8.0
2014-6003,Kuala Lumpur,Hard,28,250,I,20140922,6,ME05,,,Marinko Matosevic,R,193.0,AUS,29.123,78.0,682.0,KE17,8.0,,Nick Kyrgios,R,193.0,AUS,19.406,51.0,865.0,7-6(4) 7-6(3),3,R32,93.0,7.0,4.0,75.0,46.0,36.0,18.0,12.0,0.0,1.0,11.0,4.0,86.0,50.0,41.0,16.0,12.0,6.0,7.0
2014-6003,Kuala Lumpur,Hard,28,250,I,20140922,7,N289,,,Jarkko Nieminen,L,185.0,FIN,33.166,57.0,803.0,O305,,Q,Philipp Oswald,R,201.0,AUT,28.663,1059.0,9.0,6-1 6-2,3,R32,49.0,1.0,0.0,40.0,27.0,24.0,9.0,8.0,3.0,3.0,3.0,4.0,38.0,20.0,11.0,8.0,7.0,1.0,5.0
2014-6003,Kuala Lumpur,Hard,28,250,I,20140922,8,P701,,,Michal Przysiezny,R,185.0,POL,30.598,148.0,369.0,J267,,,Malek Jaziri,R,185.0,TUN,30.672,80.0,657.0,4-6 6-4 6-2,3,R32,106.0,19.0,4.0,79.0,53.0,46.0,13.0,14.0,4.0,5.0,9.0,3.0,94.0,43.0,30.0,28.0,14.0,8.0,11.0
2014-6003,Kuala Lumpur,Hard,28,250,I,20140922,9,A596,7.0,,Pablo Andujar,R,180.0,ESP,28.663,45.0,921.0,BC36,,,Gregoire Burquier,L,,FRA,30.207,205.0,248.0,6-2 6-4,3,R32,74.0,4.0,0.0,48.0,30.0,20.0,11.0,9.0,0.0,2.0,6.0,2.0,65.0,49.0,27.0,5.0,9.0,9.0,14.0
2014-6003,Kuala Lumpur,Hard,28,250,I,20140922,10,C882,5.0,,Pablo Cuevas,R,180.0,URU,28.723,37.0,1059.0,M762,,,Jurgen Melzer,L,183.0,AUT,33.336,112.0,530.0,6-4 7-6(1),3,R32,101.0,8.0,3.0,73.0,39.0,31.0,19.0,11.0,4.0,5.0,1.0,1.0,74.0,54.0,38.0,7.0,11.0,6.0,8.0
2014-6003,Kuala Lumpur,Hard,28,250,I,20140922,11,D646,,,Ivan Dodig,R,183.0,CRO,29.719,64.0,770.0,MI01,,,Hiroki Moriya,R,168.0,JPN,23.934,160.0,337.0,7-6(6) 6-1,3,R32,85.0,5.0,2.0,54.0,30.0,22.0,14.0,9.0,1.0,3.0,1.0,3.0,64.0,40.0,21.0,11.0,10.0,0.0,5.0
2014-6003,Kuala Lumpur,Hard,28,250,I,20140922,12,KB05,,WC,Filip Krajinovic,R,185.0,SRB,22.568,103.0,568.0,DA81,,WC,Taro Daniel,R,191.0,JPN,21.651,156.0,346.0,6-2 6-4,3,R32,66.0,10.0,0.0,47.0,29.0,25.0,12.0,9.0,2.0,2.0,2.0,0.0,46.0,26.0,14.0,14.0,9.0,2.0,5.0
2014-6003,Kuala Lumpur,Hard,28,250,I,20140922,13,N552,1.0,,Kei Nishikori,R,178.0,JPN,24.731,8.0,3865.0,R548,,,Rajeev Ram,R,193.0,USA,30.513,150.0,363.0,6-2 6-3,3,R16,65.0,3.0,1.0,47.0,26.0,23.0,11.0,8.0,2.0,2.0,6.0,0.0,67.0,44.0,26.0,9.0,9.0,6.0,10.0
2014-6003,Kuala Lumpur,Hard,28,250,I,20140922,14,ME05,,,Marinko Matosevic,R,193.0,AUS,29.123,78.0,682.0,SC47,,,Go Soeda,R,178.0,JPN,30.045,109.0,553.0,7-6(5) 6-4,3,R16,120.0,6.0,5.0,101.0,51.0,34.0,22.0,11.0,12.0,16.0,2.0,3.0,82.0,53.0,28.0,13.0,11.0,8.0,13.0
2014-6003,Kuala Lumpur,Hard,28,250,I,20140922,15,N289,,,Jarkko Nieminen,L,185.0,FIN,33.166,57.0,803.0,MD56,3.0,,Leonardo Mayer,R,191.0,ARG,27.357,25.0,1414.0,7-6(5) 6-4,3,R16,100.0,0.0,0.0,71.0,47.0,34.0,18.0,11.0,0.0,0.0,6.0,4.0,76.0,40.0,31.0,21.0,11.0,3.0,4.0
2014-6003,Kuala Lumpur,Hard,28,250,I,20140922,16,A596,7.0,,Pablo Andujar,R,180.0,ESP,28.663,45.0,921.0,P701,,,Michal Przysiezny,R,185.0,POL,30.598,148.0,369.0,6-4 6-7(6) 6-3,3,R16,149.0,5.0,1.0,110.0,74.0,51.0,19.0,16.0,2.0,5.0,6.0,3.0,103.0,59.0,40.0,23.0,15.0,4.0,9.0
2014-6003,Kuala Lumpur,Hard,28,250,I,20140922,17,C882,5.0,,Pablo Cuevas,R,180.0,URU,28.723,37.0,1059.0,D646,,,Ivan Dodig,R,183.0,CRO,29.719,64.0,770.0,3-6 7-5 7-5,3,R16,165.0,8.0,6.0,117.0,58.0,37.0,26.0,16.0,8.0,14.0,9.0,5.0,104.0,61.0,44.0,14.0,17.0,7.0,14.0
2014-6003,Kuala Lumpur,Hard,28,250,I,20140922,18,B747,4.0,,Julien Benneteau,R,185.0,FRA,32.756,28.0,1205.0,KB05,,WC,Filip Krajinovic,R,185.0,SRB,22.568,103.0,568.0,6-4 6-3,3,R16,89.0,4.0,1.0,65.0,41.0,33.0,12.0,9.0,5.0,5.0,5.0,1.0,82.0,44.0,28.0,18.0,10.0,9.0,12.0
2014-6003,Kuala Lumpur,Hard,28,250,I,20140922,19,B896,,,Benjamin Becker,R,178.0,GER,33.268,66.0,753.0,H996,,,Pierre-Hugues Herbert,R,188.0,FRA,23.515,126.0,449.0,6-4 7-6(4),3,R16,84.0,4.0,3.0,71.0,45.0,35.0,18.0,11.0,2.0,2.0,11.0,3.0,65.0,35.0,30.0,18.0,11.0,3.0,4.0
2014-6003,Kuala Lumpur,Hard,28,250,I,20140922,20,G858,2.0,,Ernests Gulbis,R,191.0,LAT,26.062,13.0,2455.0,P624,,Q,Philipp Petzschner,R,185.0,GER,30.497,524.0,66.0,6-3 6-7(3) 6-1,3,R16,124.0,15.0,8.0,97.0,58.0,47.0,19.0,15.0,3.0,4.0,4.0,3.0,87.0,50.0,40.0,12.0,13.0,5.0,9.0
2014-6003,Kuala Lumpur,Hard,28,250,I,20140922,21,N552,1.0,,Kei Nishikori,R,178.0,JPN,24.731,8.0,3865.0,ME05,,,Marinko Matosevic,R,193.0,AUS,29.123,78.0,682.0,6-3 6-0,3,QF,64.0,8.0,1.0,41.0,25.0,21.0,10.0,7.0,1.0,1.0,2.0,3.0,65.0,33.0,20.0,9.0,8.0,10.0,15.0
2014-6003,Kuala Lumpur,Hard,28,250,I,20140922,22,N289,,,Jarkko Nieminen,L,185.0,FIN,33.166,57.0,803.0,A596,7.0,,Pablo Andujar,R,180.0,ESP,28.663,45.0,921.0,6-3 6-4,3,QF,74.0,2.0,1.0,55.0,32.0,23.0,13.0,10.0,2.0,4.0,3.0,4.0,57.0,34.0,21.0,9.0,9.0,5.0,9.0
2014-6003,Kuala Lumpur,Hard,28,250,I,20140922,23,B747,4.0,,Julien Benneteau,R,185.0,FRA,32.756,28.0,1205.0,C882,5.0,,Pablo Cuevas,R,180.0,URU,28.723,37.0,1059.0,6-3 6-7(3) 6-4,3,QF,139.0,10.0,6.0,112.0,65.0,48.0,22.0,16.0,4.0,6.0,8.0,5.0,96.0,60.0,45.0,16.0,15.0,0.0,4.0
2014-6003,Kuala Lumpur,Hard,28,250,I,20140922,24,G858,2.0,,Ernests Gulbis,R,191.0,LAT,26.062,13.0,2455.0,B896,,,Benjamin Becker,R,178.0,GER,33.268,66.0,753.0,6-3 7-5,3,QF,78.0,12.0,2.0,67.0,40.0,33.0,17.0,11.0,3.0,3.0,1.0,3.0,49.0,28.0,23.0,12.0,10.0,0.0,2.0
2014-6003,Kuala Lumpur,Hard,28,250,I,20140922,25,N552,1.0,,Kei Nishikori,R,178.0,JPN,24.731,8.0,3865.0,N289,,,Jarkko Nieminen,L,185.0,FIN,33.166,57.0,803.0,6-3 4-6 6-2,3,SF,97.0,8.0,3.0,72.0,41.0,28.0,18.0,13.0,1.0,4.0,2.0,4.0,90.0,56.0,38.0,13.0,14.0,7.0,13.0
2014-6003,Kuala Lumpur,Hard,28,250,I,20140922,26,B747,4.0,,Julien Benneteau,R,185.0,FRA,32.756,28.0,1205.0,G858,2.0,,Ernests Gulbis,R,191.0,LAT,26.062,13.0,2455.0,6-4 6-4,3,SF,80.0,4.0,1.0,55.0,33.0,27.0,14.0,10.0,0.0,0.0,11.0,1.0,53.0,38.0,26.0,10.0,10.0,1.0,3.0
2014-6003,Kuala Lumpur,Hard,28,250,I,20140922,27,N552,1.0,,Kei Nishikori,R,178.0,JPN,24.731,8.0,3865.0,B747,4.0,,Julien Benneteau,R,185.0,FRA,32.756,28.0,1205.0,7-6(4) 6-4,3,F,108.0,2.0,3.0,69.0,44.0,35.0,15.0,11.0,2.0,3.0,9.0,1.0,90.0,59.0,38.0,15.0,11.0,9.0,11.0
2014-6967,Shenzhen,Hard,28,250,O,20140922,1,T840,,Q,Viktor Troicki,R,193.0,SRB,28.613,174.0,304.0,K966,,Q,Martin Klizan,L,191.0,SVK,25.199,56.0,810.0,5-7 6-1 3-0 RET,3,R32,109.0,10.0,3.0,74.0,44.0,32.0,18.0,11.0,6.0,7.0,4.0,1.0,72.0,35.0,26.0,16.0,11.0,3.0,7.0
2014-6967,Shenzhen,Hard,28,250,O,20140922,2,BE90,,,Ricardas Berankis,R,175.0,LTU,24.255,120.0,464.0,SD32,5.0,,Gilles Simon,R,183.0,FRA,29.736,34.0,1130.0,6-4 6-2,3,R32,79.0,1.0,4.0,53.0,26.0,19.0,17.0,9.0,1.0,2.0,2.0,1.0,53.0,26.0,13.0,16.0,9.0,3.0,7.0
2014-6967,Shenzhen,Hard,28,250,O,20140922,3,L797,,,Lukas Lacko,R,188.0,SVK,26.886,85.0,644.0,D864,,,Evgeny Donskoy,R,185.0,RUS,24.372,132.0,421.0,6-1 7-6(4),3,R32,84.0,4.0,1.0,54.0,32.0,26.0,15.0,9.0,0.0,0.0,7.0,5.0,72.0,33.0,22.0,20.0,10.0,6.0,9.0
2014-6967,Shenzhen,Hard,28,250,O,20140922,4,D616,,,Somdev Devvarman,R,180.0,IND,29.604,141.0,401.0,G820,,WC,Xin Gao,R,180.0,CHN,20.364,944.0,14.0,6-3 4-6 6-4,3,R32,128.0,7.0,5.0,90.0,51.0,37.0,19.0,15.0,3.0,6.0,6.0,5.0,87.0,43.0,30.0,23.0,14.0,4.0,8.0
2014-6967,Shenzhen,Hard,28,250,O,20140922,5,KD46,,Q,Thanasi Kokkinakis,R,193.0,AUS,18.45,184.0,283.0,GC89,,WC,Egor Gerasimov,R,196.0,BLR,21.862,237.0,204.0,7-6(3) 6-1,3,R32,73.0,5.0,2.0,55.0,27.0,24.0,22.0,10.0,2.0,2.0,7.0,4.0,63.0,34.0,28.0,10.0,9.0,2.0,4.0
2014-6967,Shenzhen,Hard,28,250,O,20140922,6,G725,6.0,,Santiago Giraldo,R,188.0,COL,26.82,30.0,1180.0,O427,,Q,Bowen Ouyang,L,185.0,CHN,22.344,1098.0,9.0,3-6 6-3 6-4,3,R32,117.0,10.0,2.0,80.0,56.0,41.0,13.0,14.0,6.0,8.0,8.0,5.0,95.0,52.0,37.0,21.0,14.0,7.0,10.0
2014-6967,Shenzhen,Hard,28,250,O,20140922,7,G940,,,Sam Groth,R,193.0,AUS,26.927,95.0,604.0,D994,,,James Duckworth,R,183.0,AUS,22.669,146.0,376.0,6-3 6-7(5) 6-3,3,R32,111.0,16.0,1.0,92.0,57.0,46.0,22.0,16.0,0.0,1.0,8.0,3.0,93.0,51.0,40.0,21.0,14.0,7.0,10.0
2014-6967,Shenzhen,Hard,28,250,O,20140922,8,BA98,,,Simone Bolelli,R,183.0,ITA,28.956,76.0,687.0,E690,,,Matthew Ebden,R,188.0,AUS,26.823,98.0,579.0,6-4 6-2,3,R32,63.0,7.0,2.0,44.0,26.0,23.0,13.0,9.0,0.0,0.0,8.0,4.0,49.0,22.0,16.0,12.0,9.0,0.0,3.0
2014-6967,Shenzhen,Hard,28,250,O,20140922,9,SA93,8.0,,Andreas Seppi,R,191.0,ITA,30.585,48.0,880.0,G585,,,Maximo Gonzalez,R,173.0,ARG,31.176,104.0,566.0,7-6(3) 6-2,3,R32,86.0,7.0,3.0,69.0,28.0,24.0,26.0,10.0,4.0,4.0,4.0,2.0,61.0,37.0,26.0,14.0,10.0,2.0,4.0
2014-6967,Shenzhen,Hard,28,250,O,20140922,10,PD07,7.0,,Vasek Pospisil,R,193.0,CAN,24.249,44.0,965.0,G681,,,Teymuraz Gabashvili,R,185.0,GEO,29.333,55.0,837.0,6-3 6-4,3,R32,84.0,8.0,1.0,60.0,38.0,30.0,13.0,10.0,4.0,4.0,4.0,7.0,70.0,38.0,30.0,12.0,9.0,8.0,10.0
2014-6967,Shenzhen,Hard,28,250,O,20140922,11,MA21,,,Juan Monaco,R,185.0,ARG,30.483,97.0,580.0,D874,,,Federico Delbonis,L,193.0,ARG,23.964,58.0,800.0,6-3 7-5,3,R32,90.0,3.0,1.0,69.0,37.0,31.0,16.0,11.0,3.0,3.0,1.0,3.0,60.0,30.0,22.0,15.0,10.0,7.0,9.0
2014-6967,Shenzhen,Hard,28,250,O,20140922,12,MA30,,,Gilles Muller,L,193.0,LUX,31.373,60.0,783.0,C582,,,Marco Chiudinelli,R,185.0,SUI,33.032,163.0,331.0,6-4 3-6 6-4,3,R32,130.0,22.0,2.0,73.0,46.0,41.0,13.0,14.0,0.0,1.0,5.0,2.0,91.0,59.0,42.0,19.0,15.0,3.0,5.0
2014-6967,Shenzhen,Hard,28,250,O,20140922,13,T840,,Q,Viktor Troicki,R,193.0,SRB,28.613,174.0,304.0,F401,1.0,,David Ferrer,R,175.0,ESP,32.474,5.0,4495.0,6-3 6-4,3,R16,66.0,13.0,2.0,59.0,33.0,30.0,14.0,10.0,2.0,2.0,0.0,2.0,51.0,32.0,22.0,10.0,9.0,3.0,5.0
2014-6967,Shenzhen,Hard,28,250,O,20140922,14,G725,6.0,,Santiago Giraldo,R,188.0,COL,26.82,30.0,1180.0,KD46,,Q,Thanasi Kokkinakis,R,193.0,AUS,18.45,184.0,283.0,6-4 6-3,3,R16,82.0,4.0,0.0,48.0,33.0,28.0,9.0,9.0,0.0,0.0,11.0,3.0,68.0,37.0,28.0,11.0,10.0,2.0,5.0
2014-6967,Shenzhen,Hard,28,250,O,20140922,15,R419,4.0,,Tommy Robredo,R,180.0,ESP,32.394,22.0,1645.0,G940,,,Sam Groth,R,193.0,AUS,26.927,95.0,604.0,1-6 7-5 6-3,3,R16,97.0,3.0,2.0,78.0,45.0,32.0,21.0,14.0,2.0,4.0,11.0,4.0,81.0,55.0,45.0,11.0,14.0,8.0,10.0
2014-6967,Shenzhen,Hard,28,250,O,20140922,16,SA93,8.0,,Andreas Seppi,R,191.0,ITA,30.585,48.0,880.0,BA98,,,Simone Bolelli,R,183.0,ITA,28.956,76.0,687.0,6-4 6-3,3,R16,68.0,8.0,0.0,50.0,31.0,27.0,11.0,9.0,2.0,2.0,3.0,1.0,51.0,35.0,23.0,9.0,10.0,2.0,5.0
2014-6967,Shenzhen,Hard,28,250,O,20140922,17,MA21,,,Juan Monaco,R,185.0,ARG,30.483,97.0,580.0,PD07,7.0,,Vasek Pospisil,R,193.0,CAN,24.249,44.0,965.0,7-5 2-6 6-3,3,R16,119.0,0.0,3.0,96.0,62.0,42.0,22.0,15.0,6.0,8.0,11.0,5.0,78.0,44.0,34.0,21.0,14.0,5.0,7.0
2014-6967,Shenzhen,Hard,28,250,O,20140922,18,G628,3.0,,Richard Gasquet,R,183.0,FRA,28.263,21.0,1745.0,MA30,,,Gilles Muller,L,193.0,LUX,31.373,60.0,783.0,6-3 6-2,3,R16,77.0,5.0,2.0,59.0,38.0,30.0,13.0,9.0,6.0,6.0,6.0,5.0,55.0,25.0,15.0,15.0,8.0,2.0,5.0
2014-6967,Shenzhen,Hard,28,250,O,20140922,19,L797,,,Lukas Lacko,R,188.0,SVK,26.886,85.0,644.0,BE90,,,Ricardas Berankis,R,175.0,LTU,24.255,120.0,464.0,6-4 7-6(1),3,R16,99.0,4.0,3.0,80.0,45.0,31.0,22.0,11.0,4.0,5.0,3.0,2.0,72.0,32.0,26.0,20.0,11.0,2.0,4.0
2014-6967,Shenzhen,Hard,28,250,O,20140922,20,MC10,2.0,,Andy Murray,R,191.0,GBR,27.357,11.0,3135.0,D616,,,Somdev Devvarman,R,180.0,IND,29.604,141.0,401.0,6-3 6-3,3,R16,82.0,4.0,2.0,52.0,29.0,24.0,12.0,9.0,4.0,5.0,2.0,3.0,61.0,39.0,20.0,12.0,9.0,3.0,7.0
2014-6967,Shenzhen,Hard,28,250,O,20140922,21,G725,6.0,,Santiago Giraldo,R,188.0,COL,26.82,30.0,1180.0,T840,,Q,Viktor Troicki,R,193.0,SRB,28.613,174.0,304.0,7-6(6) 6-3,3,QF,91.0,1.0,2.0,81.0,52.0,38.0,13.0,11.0,3.0,4.0,9.0,2.0,60.0,34.0,26.0,14.0,10.0,0.0,2.0
2014-6967,Shenzhen,Hard,28,250,O,20140922,22,R419,4.0,,Tommy Robredo,R,180.0,ESP,32.394,22.0,1645.0,SA93,8.0,,Andreas Seppi,R,191.0,ITA,30.585,48.0,880.0,6-4 6-7(5) 6-3,3,QF,156.0,19.0,3.0,104.0,58.0,48.0,26.0,16.0,1.0,1.0,11.0,4.0,102.0,59.0,46.0,23.0,15.0,4.0,6.0
2014-6967,Shenzhen,Hard,28,250,O,20140922,23,MA21,,,Juan Monaco,R,185.0,ARG,30.483,97.0,580.0,G628,3.0,,Richard Gasquet,R,183.0,FRA,28.263,21.0,1745.0,7-6(7) 6-4,3,QF,103.0,4.0,2.0,77.0,51.0,33.0,13.0,11.0,1.0,4.0,5.0,2.0,71.0,41.0,26.0,13.0,11.0,4.0,8.0
2014-6967,Shenzhen,Hard,28,250,O,20140922,24,MC10,2.0,,Andy Murray,R,191.0,GBR,27.357,11.0,3135.0,L797,,,Lukas Lacko,R,188.0,SVK,26.886,85.0,644.0,6-3 7-5,3,QF,80.0,9.0,2.0,67.0,38.0,32.0,18.0,11.0,4.0,4.0,3.0,1.0,56.0,34.0,26.0,9.0,10.0,2.0,4.0
2014-6967,Shenzhen,Hard,28,250,O,20140922,25,R419,4.0,,Tommy Robredo,R,180.0,ESP,32.394,22.0,1645.0,G725,6.0,,Santiago Giraldo,R,188.0,COL,26.82,30.0,1180.0,6-1 6-4,3,SF,70.0,10.0,3.0,57.0,33.0,28.0,11.0,9.0,3.0,4.0,2.0,2.0,54.0,37.0,22.0,6.0,8.0,3.0,7.0
2014-6967,Shenzhen,Hard,28,250,O,20140922,26,MC10,2.0,,Andy Murray,R,191.0,GBR,27.357,11.0,3135.0,MA21,,,Juan Monaco,R,185.0,ARG,30.483,97.0,580.0,2-6 6-3 6-0,3,SF,102.0,10.0,2.0,73.0,42.0,26.0,15.0,12.0,4.0,8.0,4.0,3.0,71.0,50.0,25.0,9.0,11.0,3.0,9.0
2014-6967,Shenzhen,Hard,28,250,O,20140922,27,MC10,2.0,,Andy Murray,R,191.0,GBR,27.357,11.0,3135.0,R419,4.0,,Tommy Robredo,R,180.0,ESP,32.394,22.0,1645.0,5-7 7-6(9) 6-1,3,F,150.0,10.0,5.0,93.0,55.0,40.0,20.0,15.0,4.0,7.0,4.0,7.0,106.0,64.0,44.0,17.0,16.0,3.0,8.0
2014-329,Tokyo,Hard,32,500,O,20140929,1,I230,,WC,Tatsuma Ito,R,180.0,JPN,26.366,103.0,572.0,W367,1.0,,Stan Wawrinka,R,183.0,SUI,29.506,4.0,5600.0,7-5 6-2,3,R32,80.0,3.0,2.0,65.0,40.0,29.0,13.0,10.0,2.0,3.0,5.0,1.0,57.0,32.0,23.0,8.0,10.0,0.0,4.0
2014-329,Tokyo,Hard,32,500,O,20140929,2,I165,,,Denis Istomin,R,185.0,UZB,28.06,60.0,790.0,DA81,,WC,Taro Daniel,R,191.0,JPN,21.67,157.0,346.0,7-6(2) 6-7(5) 7-5,3,R32,173.0,6.0,2.0,125.0,84.0,62.0,22.0,18.0,8.0,11.0,3.0,6.0,120.0,76.0,51.0,23.0,18.0,6.0,10.0
2014-329,Tokyo,Hard,32,500,O,20140929,3,M762,,,Jurgen Melzer,L,183.0,AUT,33.355,124.0,440.0,R613,,,Edouard Roger-Vasselin,R,185.0,FRA,30.836,54.0,850.0,7-5 4-1 RET,3,R32,69.0,7.0,0.0,48.0,31.0,25.0,12.0,9.0,1.0,1.0,0.0,0.0,45.0,30.0,22.0,8.0,8.0,3.0,5.0
2014-329,Tokyo,Hard,32,500,O,20140929,4,R975,3.0,,Milos Raonic,R,196.0,CAN,23.756,8.0,3965.0,TA46,,,Bernard Tomic,R,196.0,AUS,21.938,67.0,746.0,7-6(3) 6-3,3,R32,76.0,22.0,0.0,60.0,47.0,42.0,8.0,11.0,2.0,2.0,4.0,2.0,66.0,42.0,28.0,16.0,10.0,2.0,3.0
2014-329,Tokyo,Hard,32,500,O,20140929,5,SD32,,,Gilles Simon,R,183.0,FRA,29.755,37.0,1052.0,BD06,6.0,,Roberto Bautista Agut,R,183.0,ESP,26.459,17.0,1910.0,4-6 7-6(7) 2-1 RET,3,R32,148.0,4.0,5.0,99.0,55.0,35.0,18.0,13.0,7.0,12.0,3.0,0.0,74.0,38.0,21.0,19.0,12.0,2.0,6.0
2014-329,Tokyo,Hard,32,500,O,20140929,6,MA30,,,Gilles Muller,L,193.0,LUX,31.392,58.0,803.0,D874,,,Federico Delbonis,L,193.0,ARG,23.984,63.0,775.0,6-3 6-4,3,R32,68.0,11.0,4.0,53.0,34.0,27.0,10.0,10.0,0.0,1.0,2.0,4.0,49.0,34.0,20.0,8.0,9.0,2.0,5.0
2014-329,Tokyo,Hard,32,500,O,20140929,7,J386,,,Steve Johnson,R,188.0,USA,24.764,46.0,904.0,MI01,,Q,Hiroki Moriya,R,168.0,JPN,23.953,161.0,337.0,7-6(4) 6-2,3,R32,101.0,12.0,2.0,71.0,42.0,35.0,12.0,10.0,2.0,4.0,4.0,0.0,84.0,52.0,33.0,14.0,10.0,9.0,13.0
2014-329,Tokyo,Hard,32,500,O,20140929,8,G710,,,Marcel Granollers,R,191.0,ESP,28.465,44.0,920.0,F401,2.0,,David Ferrer,R,175.0,ESP,32.493,5.0,4495.0,4-6 6-4 6-4,3,R32,128.0,5.0,0.0,97.0,61.0,42.0,20.0,15.0,4.0,7.0,1.0,4.0,86.0,57.0,40.0,13.0,15.0,5.0,9.0
2014-329,Tokyo,Hard,32,500,O,20140929,9,B896,,,Benjamin Becker,R,178.0,GER,33.287,62.0,778.0,N289,,,Jarkko Nieminen,L,185.0,FIN,33.185,50.0,873.0,7-5 4-1 RET,3,R32,80.0,2.0,2.0,58.0,36.0,23.0,14.0,8.0,9.0,10.0,2.0,2.0,53.0,27.0,15.0,12.0,9.0,4.0,8.0
2014-329,Tokyo,Hard,32,500,O,20140929,10,G806,,,Andrey Golubev,R,180.0,KAZ,27.19,65.0,763.0,H996,,Q,Pierre-Hugues Herbert,R,188.0,FRA,23.535,131.0,424.0,6-4 6-4,3,R32,85.0,2.0,4.0,71.0,44.0,32.0,18.0,10.0,8.0,8.0,7.0,4.0,61.0,26.0,25.0,15.0,10.0,1.0,3.0
2014-329,Tokyo,Hard,32,500,O,20140929,11,SM25,,,Jack Sock,R,191.0,USA,22.012,70.0,727.0,D801,8.0,,Alexandr Dolgopolov,R,180.0,UKR,25.892,23.0,1535.0,6-4 6-1,3,R32,54.0,4.0,2.0,37.0,22.0,19.0,10.0,8.0,0.0,1.0,4.0,4.0,53.0,36.0,21.0,3.0,9.0,0.0,5.0
2014-329,Tokyo,Hard,32,500,O,20140929,12,N552,4.0,,Kei Nishikori,R,178.0,JPN,24.75,7.0,4025.0,D646,,,Ivan Dodig,R,183.0,CRO,29.739,61.0,780.0,6-3 6-4,3,R32,84.0,2.0,1.0,63.0,51.0,37.0,4.0,10.0,0.0,1.0,6.0,3.0,56.0,33.0,25.0,7.0,9.0,4.0,7.0
2014-329,Tokyo,Hard,32,500,O,20140929,13,Y124,,,Donald Young,L,183.0,USA,25.185,57.0,814.0,SC47,,WC,Go Soeda,R,178.0,JPN,30.064,109.0,541.0,6-4 6-2,3,R32,72.0,6.0,4.0,65.0,39.0,29.0,15.0,9.0,3.0,3.0,1.0,3.0,56.0,35.0,25.0,8.0,9.0,4.0,7.0
2014-329,Tokyo,Hard,32,500,O,20140929,14,CA12,,,Jeremy Chardy,R,188.0,FRA,27.628,34.0,1105.0,R548,,Q,Rajeev Ram,R,193.0,USA,30.533,147.0,371.0,7-5 5-7 6-4,3,R32,142.0,11.0,8.0,104.0,66.0,47.0,17.0,17.0,5.0,9.0,11.0,6.0,124.0,81.0,54.0,17.0,17.0,10.0,15.0
2014-329,Tokyo,Hard,32,500,O,20140929,15,A678,7.0,,Kevin Anderson,R,203.0,RSA,28.367,19.0,1840.0,TB69,,,Dominic Thiem,R,185.0,AUT,21.07,40.0,1024.0,7-6(5) 6-4,3,R32,106.0,11.0,1.0,79.0,51.0,35.0,15.0,11.0,1.0,4.0,4.0,1.0,71.0,40.0,29.0,12.0,11.0,3.0,7.0
2014-329,Tokyo,Hard,32,500,O,20140929,16,P701,,Q,Michal Przysiezny,R,185.0,POL,30.617,142.0,389.0,T786,5.0,,Jo-Wilfried Tsonga,R,188.0,FRA,29.451,12.0,3065.0,4-6 7-5 7-6(9),3,R32,142.0,14.0,2.0,102.0,65.0,50.0,23.0,17.0,2.0,4.0,12.0,1.0,100.0,64.0,52.0,21.0,17.0,0.0,2.0
2014-329,Tokyo,Hard,32,500,O,20140929,17,B896,,,Benjamin Becker,R,178.0,GER,33.287,62.0,778.0,I230,,WC,Tatsuma Ito,R,180.0,JPN,26.366,103.0,572.0,6-3 6-3,3,R16,71.0,1.0,1.0,60.0,41.0,29.0,10.0,9.0,2.0,3.0,5.0,4.0,48.0,32.0,20.0,7.0,9.0,2.0,6.0
2014-329,Tokyo,Hard,32,500,O,20140929,18,SM25,,,Jack Sock,R,191.0,USA,22.012,70.0,727.0,G806,,,Andrey Golubev,R,180.0,KAZ,27.19,65.0,763.0,6-3 1-6 7-5,3,R16,109.0,3.0,2.0,76.0,54.0,37.0,12.0,14.0,0.0,3.0,7.0,3.0,86.0,56.0,39.0,17.0,14.0,3.0,6.0
2014-329,Tokyo,Hard,32,500,O,20140929,19,N552,4.0,,Kei Nishikori,R,178.0,JPN,24.75,7.0,4025.0,Y124,,,Donald Young,L,183.0,USA,25.185,57.0,814.0,6-4 7-6(4),3,R16,87.0,3.0,1.0,75.0,46.0,37.0,17.0,11.0,1.0,1.0,10.0,2.0,65.0,43.0,34.0,12.0,11.0,1.0,2.0
2014-329,Tokyo,Hard,32,500,O,20140929,20,CA12,,,Jeremy Chardy,R,188.0,FRA,27.628,34.0,1105.0,A678,7.0,,Kevin Anderson,R,203.0,RSA,28.367,19.0,1840.0,6-4 6-4,3,R16,83.0,4.0,3.0,58.0,48.0,38.0,5.0,10.0,2.0,2.0,7.0,0.0,70.0,48.0,33.0,10.0,10.0,4.0,6.0
2014-329,Tokyo,Hard,32,500,O,20140929,21,I165,,,Denis Istomin,R,185.0,UZB,28.06,60.0,790.0,P701,,Q,Michal Przysiezny,R,185.0,POL,30.617,142.0,389.0,6-4 7-6(5),3,R16,104.0,10.0,0.0,83.0,53.0,36.0,18.0,11.0,5.0,6.0,6.0,3.0,77.0,48.0,30.0,16.0,11.0,4.0,6.0
2014-329,Tokyo,Hard,32,500,O,20140929,22,R975,3.0,,Milos Raonic,R,196.0,CAN,23.756,8.0,3965.0,M762,,,Jurgen Melzer,L,183.0,AUT,33.355,124.0,440.0,6-4 6-3,3,R16,74.0,11.0,0.0,52.0,34.0,26.0,12.0,10.0,0.0,1.0,2.0,2.0,52.0,34.0,22.0,9.0,9.0,1.0,4.0
2014-329,Tokyo,Hard,32,500,O,20140929,23,SD32,,,Gilles Simon,R,183.0,FRA,29.755,37.0,1052.0,MA30,,,Gilles Muller,L,193.0,LUX,31.392,58.0,803.0,4-6 7-6(1) 6-3,3,R16,141.0,6.0,2.0,100.0,63.0,51.0,14.0,15.0,4.0,7.0,15.0,2.0,109.0,75.0,48.0,15.0,16.0,9.0,13.0
2014-329,Tokyo,Hard,32,500,O,20140929,24,J386,,,Steve Johnson,R,188.0,USA,24.764,46.0,904.0,G710,,,Marcel Granollers,R,191.0,ESP,28.465,44.0,920.0,4-6 6-3 6-4,3,R16,113.0,10.0,1.0,86.0,55.0,47.0,15.0,15.0,3.0,4.0,5.0,0.0,77.0,53.0,42.0,13.0,14.0,4.0,6.0
2014-329,Tokyo,Hard,32,500,O,20140929,25,B896,,,Benjamin Becker,R,178.0,GER,33.287,62.0,778.0,SM25,,,Jack Sock,R,191.0,USA,22.012,70.0,727.0,4-6 6-1 6-4,3,QF,97.0,13.0,1.0,93.0,66.0,50.0,13.0,14.0,8.0,9.0,6.0,3.0,67.0,49.0,38.0,7.0,13.0,0.0,3.0
2014-329,Tokyo,Hard,32,500,O,20140929,26,N552,4.0,,Kei Nishikori,R,178.0,JPN,24.75,7.0,4025.0,CA12,,,Jeremy Chardy,R,188.0,FRA,27.628,34.0,1105.0,6-4 6-2,3,QF,86.0,6.0,2.0,61.0,36.0,29.0,11.0,9.0,4.0,5.0,7.0,2.0,73.0,51.0,31.0,8.0,9.0,8.0,12.0
2014-329,Tokyo,Hard,32,500,O,20140929,27,R975,3.0,,Milos Raonic,R,196.0,CAN,23.756,8.0,3965.0,I165,,,Denis Istomin,R,185.0,UZB,28.06,60.0,790.0,7-6(8) 6-3,3,QF,80.0,15.0,6.0,62.0,39.0,38.0,14.0,11.0,0.0,0.0,1.0,3.0,59.0,37.0,32.0,12.0,10.0,0.0,1.0
2014-329,Tokyo,Hard,32,500,O,20140929,28,SD32,,,Gilles Simon,R,183.0,FRA,29.755,37.0,1052.0,J386,,,Steve Johnson,R,188.0,USA,24.764,46.0,904.0,7-6(4) 6-1,3,QF,90.0,7.0,1.0,64.0,45.0,33.0,12.0,10.0,3.0,4.0,4.0,4.0,71.0,38.0,23.0,14.0,9.0,6.0,9.0
2014-329,Tokyo,Hard,32,500,O,20140929,29,N552,4.0,,Kei Nishikori,R,178.0,JPN,24.75,7.0,4025.0,B896,,,Benjamin Becker,R,178.0,GER,33.287,62.0,778.0,4-6 6-0 7-6(2),3,SF,107.0,8.0,1.0,85.0,65.0,47.0,12.0,14.0,2.0,4.0,6.0,1.0,83.0,54.0,33.0,16.0,14.0,3.0,7.0
2014-329,Tokyo,Hard,32,500,O,20140929,30,R975,3.0,,Milos Raonic,R,196.0,CAN,23.756,8.0,3965.0,SD32,,,Gilles Simon,R,183.0,FRA,29.755,37.0,1052.0,6-1 6-4,3,SF,71.0,11.0,1.0,48.0,31.0,25.0,12.0,9.0,0.0,0.0,3.0,3.0,50.0,25.0,14.0,15.0,8.0,1.0,4.0
2014-329,Tokyo,Hard,32,500,O,20140929,31,N552,4.0,,Kei Nishikori,R,178.0,JPN,24.75,7.0,4025.0,R975,3.0,,Milos Raonic,R,196.0,CAN,23.756,8.0,3965.0,7-6(5) 4-6 6-4,3,F,133.0,1.0,4.0,104.0,70.0,54.0,20.0,16.0,4.0,5.0,22.0,1.0,89.0,63.0,51.0,15.0,16.0,4.0,5.0
2014-747,Beijing,Hard,32,500,O,20140929,1,D643,1.0,,Novak Djokovic,R,188.0,SRB,27.357,1.0,12150.0,G476,,,Guillermo Garcia-Lopez,R,185.0,ESP,31.321,38.0,1040.0,6-2 6-1,3,R32,64.0,1.0,1.0,49.0,34.0,20.0,10.0,8.0,4.0,6.0,0.0,3.0,45.0,18.0,8.0,7.0,7.0,0.0,6.0
2014-747,Beijing,Hard,32,500,O,20140929,2,R419,,,Tommy Robredo,R,180.0,ESP,32.413,21.0,1750.0,SA93,,,Andreas Seppi,R,191.0,ITA,30.604,48.0,880.0,3-6 7-6(4) 6-2,3,R32,152.0,10.0,3.0,129.0,79.0,48.0,26.0,14.0,19.0,23.0,1.0,8.0,115.0,67.0,45.0,18.0,15.0,11.0,16.0
2014-747,Beijing,Hard,32,500,O,20140929,3,T840,,WC,Viktor Troicki,R,193.0,SRB,28.632,152.0,361.0,Y061,,,Mikhail Youzhny,R,183.0,RUS,32.263,33.0,1135.0,6-3 6-4,3,R32,76.0,4.0,1.0,59.0,31.0,24.0,13.0,9.0,1.0,3.0,0.0,4.0,60.0,33.0,22.0,8.0,10.0,4.0,9.0
2014-747,Beijing,Hard,32,500,O,20140929,4,BA47,3.0,,Tomas Berdych,R,196.0,CZE,29.032,6.0,4115.0,L397,,WC,Feliciano Lopez,L,188.0,ESP,33.024,20.0,1770.0,6-1 6-2,3,R32,63.0,5.0,3.0,43.0,21.0,19.0,14.0,8.0,0.0,0.0,4.0,6.0,59.0,31.0,20.0,9.0,7.0,10.0,14.0
2014-747,Beijing,Hard,32,500,O,20140929,5,G858,7.0,,Ernests Gulbis,R,191.0,LAT,26.081,13.0,2455.0,F510,,,Fabio Fognini,R,178.0,ITA,27.351,18.0,1870.0,6-3 6-4,3,R32,79.0,7.0,3.0,51.0,29.0,26.0,15.0,10.0,0.0,0.0,0.0,6.0,67.0,36.0,26.0,14.0,9.0,7.0,9.0
2014-747,Beijing,Hard,32,500,O,20140929,6,K966,,Q,Martin Klizan,L,191.0,SVK,25.218,56.0,822.0,MD56,,,Leonardo Mayer,R,191.0,ARG,27.376,25.0,1339.0,7-6(2) 6-7(3) 6-4,3,R32,147.0,2.0,5.0,107.0,68.0,52.0,17.0,17.0,1.0,3.0,10.0,6.0,109.0,66.0,54.0,16.0,17.0,4.0,7.0
2014-747,Beijing,Hard,32,500,O,20140929,7,G967,,Q,Peter Gojowczyk,R,188.0,GER,25.207,122.0,458.0,K336,,,Ivo Karlovic,R,211.0,CRO,35.584,30.0,1195.0,6-4 2-6 7-5,3,R32,112.0,10.0,5.0,93.0,49.0,38.0,21.0,15.0,2.0,5.0,17.0,4.0,82.0,46.0,36.0,19.0,15.0,6.0,9.0
2014-747,Beijing,Hard,32,500,O,20140929,8,N409,2.0,,Rafael Nadal,L,185.0,ESP,28.323,2.0,8665.0,G628,,,Richard Gasquet,R,183.0,FRA,28.282,22.0,1745.0,6-4 6-0,3,R32,79.0,4.0,1.0,55.0,38.0,28.0,10.0,8.0,3.0,3.0,1.0,1.0,54.0,31.0,19.0,8.0,8.0,3.0,7.0
2014-747,Beijing,Hard,32,500,O,20140929,9,PD07,,,Vasek Pospisil,R,193.0,CAN,24.268,41.0,965.0,R685,,,Lukas Rosol,R,193.0,CZE,29.183,26.0,1290.0,6-4 6-3,3,R32,72.0,10.0,3.0,63.0,34.0,24.0,15.0,10.0,4.0,6.0,1.0,2.0,51.0,33.0,20.0,7.0,9.0,3.0,7.0
2014-747,Beijing,Hard,32,500,O,20140929,10,A596,,,Pablo Andujar,R,180.0,ESP,28.682,43.0,946.0,B747,,,Julien Benneteau,R,185.0,FRA,32.775,29.0,1205.0,6-4 6-1,3,R32,63.0,0.0,3.0,47.0,28.0,20.0,12.0,9.0,0.0,1.0,2.0,3.0,54.0,28.0,15.0,11.0,8.0,3.0,7.0
2014-747,Beijing,Hard,32,500,O,20140929,11,D875,5.0,,Grigor Dimitrov,R,191.0,BUL,23.373,10.0,3710.0,V306,,,Fernando Verdasco,L,188.0,ESP,30.872,32.0,1135.0,6-1 3-6 6-3,3,R32,95.0,11.0,2.0,84.0,53.0,39.0,18.0,13.0,7.0,8.0,3.0,4.0,72.0,51.0,35.0,11.0,12.0,8.0,11.0
2014-747,Beijing,Hard,32,500,O,20140929,12,C977,4.0,,Marin Cilic,R,198.0,CRO,26.001,9.0,3845.0,BE69,,WC,Yan Bai,R,185.0,CHN,25.358,464.0,82.0,6-3 6-4,3,R32,81.0,7.0,3.0,67.0,38.0,29.0,18.0,10.0,4.0,4.0,3.0,5.0,57.0,28.0,20.0,15.0,9.0,8.0,10.0
2014-747,Beijing,Hard,32,500,O,20140929,13,SH90,,,Joao Sousa,R,185.0,POR,25.5,52.0,862.0,G681,,Q,Teymuraz Gabashvili,R,185.0,GEO,29.352,55.0,837.0,1-6 7-6(4) 6-4,3,R32,125.0,3.0,5.0,95.0,56.0,38.0,21.0,14.0,6.0,9.0,1.0,3.0,91.0,51.0,37.0,22.0,15.0,3.0,5.0
2014-747,Beijing,Hard,32,500,O,20140929,14,C882,,,Pablo Cuevas,R,180.0,URU,28.742,35.0,1084.0,K926,,Q,Mikhail Kukushkin,R,183.0,KAZ,26.76,89.0,632.0,7-6(3) 3-6 6-4,3,R32,142.0,6.0,4.0,85.0,46.0,36.0,20.0,15.0,2.0,6.0,3.0,1.0,112.0,63.0,41.0,26.0,16.0,9.0,13.0
2014-747,Beijing,Hard,32,500,O,20140929,15,MC10,6.0,,Andy Murray,R,191.0,GBR,27.376,11.0,3365.0,J397,,,Jerzy Janowicz,R,203.0,POL,23.877,36.0,1055.0,6-7(9) 6-4 6-2,3,R32,148.0,7.0,4.0,108.0,58.0,42.0,25.0,15.0,2.0,5.0,5.0,9.0,98.0,61.0,40.0,15.0,15.0,5.0,11.0
2014-747,Beijing,Hard,32,500,O,20140929,16,I186,8.0,,John Isner,R,208.0,USA,29.426,15.0,1925.0,G725,,,Santiago Giraldo,R,188.0,COL,26.839,28.0,1225.0,6-1 6-3,3,R32,61.0,14.0,2.0,50.0,34.0,27.0,10.0,8.0,5.0,5.0,0.0,1.0,56.0,37.0,21.0,9.0,8.0,5.0,9.0
2014-747,Beijing,Hard,32,500,O,20140929,17,D643,1.0,,Novak Djokovic,R,188.0,SRB,27.357,1.0,12150.0,PD07,,,Vasek Pospisil,R,193.0,CAN,24.268,41.0,965.0,6-3 7-5,3,R16,86.0,5.0,0.0,50.0,34.0,28.0,11.0,10.0,0.0,1.0,14.0,6.0,76.0,46.0,32.0,10.0,11.0,5.0,9.0
2014-747,Beijing,Hard,32,500,O,20140929,18,D875,5.0,,Grigor Dimitrov,R,191.0,BUL,23.373,10.0,3710.0,A596,,,Pablo Andujar,R,180.0,ESP,28.682,43.0,946.0,6-4 6-4,3,R16,84.0,4.0,5.0,66.0,35.0,26.0,11.0,10.0,6.0,9.0,0.0,4.0,57.0,29.0,17.0,14.0,10.0,3.0,8.0
2014-747,Beijing,Hard,32,500,O,20140929,19,C977,4.0,,Marin Cilic,R,198.0,CRO,26.001,9.0,3845.0,SH90,,,Joao Sousa,R,185.0,POR,25.5,52.0,862.0,6-3 6-3,3,R16,72.0,2.0,0.0,47.0,28.0,24.0,13.0,9.0,2.0,2.0,1.0,5.0,56.0,21.0,15.0,17.0,9.0,5.0,8.0
2014-747,Beijing,Hard,32,500,O,20140929,20,MC10,6.0,,Andy Murray,R,191.0,GBR,27.376,11.0,3365.0,C882,,,Pablo Cuevas,R,180.0,URU,28.742,35.0,1084.0,6-2 6-2,3,R16,80.0,3.0,1.0,51.0,30.0,22.0,10.0,8.0,3.0,4.0,1.0,0.0,56.0,36.0,18.0,8.0,8.0,5.0,10.0
2014-747,Beijing,Hard,32,500,O,20140929,21,I186,8.0,,John Isner,R,208.0,USA,29.426,15.0,1925.0,R419,,,Tommy Robredo,R,180.0,ESP,32.413,21.0,1750.0,3-6 7-5 7-6(4),3,R16,132.0,16.0,5.0,109.0,72.0,53.0,16.0,17.0,1.0,4.0,12.0,2.0,101.0,67.0,50.0,17.0,16.0,1.0,3.0
2014-747,Beijing,Hard,32,500,O,20140929,22,BA47,3.0,,Tomas Berdych,R,196.0,CZE,29.032,6.0,4115.0,T840,,WC,Viktor Troicki,R,193.0,SRB,28.632,152.0,361.0,6-3 6-4,3,R16,87.0,4.0,4.0,71.0,23.0,17.0,30.0,10.0,3.0,4.0,6.0,2.0,51.0,23.0,18.0,12.0,9.0,0.0,3.0
2014-747,Beijing,Hard,32,500,O,20140929,23,K966,,Q,Martin Klizan,L,191.0,SVK,25.218,56.0,822.0,G858,7.0,,Ernests Gulbis,R,191.0,LAT,26.081,13.0,2455.0,6-2 3-0 RET,3,R16,55.0,5.0,0.0,33.0,24.0,18.0,6.0,5.0,3.0,3.0,3.0,2.0,42.0,22.0,15.0,4.0,6.0,3.0,7.0
2014-747,Beijing,Hard,32,500,O,20140929,24,N409,2.0,,Rafael Nadal,L,185.0,ESP,28.323,2.0,8665.0,G967,,Q,Peter Gojowczyk,R,188.0,GER,25.207,122.0,458.0,6-3 6-4,3,R16,105.0,6.0,2.0,61.0,40.0,34.0,11.0,10.0,3.0,3.0,8.0,4.0,89.0,43.0,30.0,21.0,9.0,9.0,11.0
2014-747,Beijing,Hard,32,500,O,20140929,25,D643,1.0,,Novak Djokovic,R,188.0,SRB,27.357,1.0,12150.0,D875,5.0,,Grigor Dimitrov,R,191.0,BUL,23.373,10.0,3710.0,6-2 6-4,3,QF,90.0,2.0,3.0,63.0,39.0,31.0,8.0,9.0,6.0,8.0,2.0,3.0,60.0,34.0,19.0,10.0,9.0,3.0,8.0
2014-747,Beijing,Hard,32,500,O,20140929,26,MC10,6.0,,Andy Murray,R,191.0,GBR,27.376,11.0,3365.0,C977,4.0,,Marin Cilic,R,198.0,CRO,26.001,9.0,3845.0,6-1 6-4,3,QF,98.0,5.0,1.0,62.0,38.0,27.0,14.0,8.0,5.0,5.0,1.0,2.0,68.0,31.0,18.0,18.0,9.0,7.0,11.0
2014-747,Beijing,Hard,32,500,O,20140929,27,BA47,3.0,,Tomas Berdych,R,196.0,CZE,29.032,6.0,4115.0,I186,8.0,,John Isner,R,208.0,USA,29.426,15.0,1925.0,6-1 6-4,3,QF,74.0,5.0,2.0,56.0,29.0,21.0,20.0,9.0,3.0,3.0,9.0,1.0,55.0,34.0,21.0,9.0,8.0,5.0,8.0
2014-747,Beijing,Hard,32,500,O,20140929,28,K966,,Q,Martin Klizan,L,191.0,SVK,25.218,56.0,822.0,N409,2.0,,Rafael Nadal,L,185.0,ESP,28.323,2.0,8665.0,6-7(7) 6-4 6-3,3,QF,157.0,5.0,0.0,95.0,63.0,47.0,18.0,16.0,4.0,7.0,2.0,3.0,101.0,63.0,46.0,12.0,15.0,9.0,14.0
2014-747,Beijing,Hard,32,500,O,20140929,29,D643,1.0,,Novak Djokovic,R,188.0,SRB,27.357,1.0,12150.0,MC10,6.0,,Andy Murray,R,191.0,GBR,27.376,11.0,3365.0,6-3 6-4,3,SF,97.0,4.0,0.0,62.0,35.0,24.0,20.0,10.0,4.0,5.0,4.0,2.0,58.0,34.0,24.0,8.0,9.0,3.0,6.0
2014-747,Beijing,Hard,32,500,O,20140929,30,BA47,3.0,,Tomas Berdych,R,196.0,CZE,29.032,6.0,4115.0,K966,,Q,Martin Klizan,L,191.0,SVK,25.218,56.0,822.0,6-4 6-1,3,SF,81.0,8.0,3.0,50.0,30.0,26.0,12.0,9.0,1.0,1.0,3.0,3.0,62.0,41.0,23.0,10.0,8.0,6.0,9.0
2014-747,Beijing,Hard,32,500,O,20140929,31,D643,1.0,,Novak Djokovic,R,188.0,SRB,27.357,1.0,12150.0,BA47,3.0,,Tomas Berdych,R,196.0,CZE,29.032,6.0,4115.0,6-0 6-2,3,F,67.0,4.0,1.0,45.0,32.0,22.0,8.0,7.0,1.0,2.0,1.0,3.0,42.0,24.0,11.0,4.0,7.0,2.0,8.0
2014-5014,Shanghai Masters,Hard,56,M,O,20141005,1,TB69,,,Dominic Thiem,R,185.0,AUT,21.087,39.0,1024.0,R685,,,Lukas Rosol,R,193.0,CZE,29.199,26.0,1290.0,6-4 7-6(3),3,R64,78.0,3.0,2.0,68.0,43.0,37.0,14.0,11.0,2.0,2.0,4.0,2.0,60.0,45.0,34.0,10.0,11.0,0.0,1.0
2014-5014,Shanghai Masters,Hard,56,M,O,20141005,2,D875,10.0,,Grigor Dimitrov,R,191.0,BUL,23.389,10.0,3710.0,I165,,,Denis Istomin,R,185.0,UZB,28.077,51.0,860.0,6-3 6-3,3,R64,65.0,6.0,4.0,48.0,29.0,25.0,10.0,9.0,2.0,3.0,1.0,2.0,48.0,33.0,19.0,5.0,9.0,0.0,4.0
2014-5014,Shanghai Masters,Hard,56,M,O,20141005,3,B747,,,Julien Benneteau,R,185.0,FRA,32.791,30.0,1205.0,Z272,,WC,Ze Zhang,R,188.0,CHN,24.255,190.0,274.0,5-7 6-3 6-3,3,R64,136.0,10.0,2.0,102.0,68.0,45.0,17.0,15.0,6.0,9.0,3.0,2.0,96.0,67.0,40.0,14.0,15.0,8.0,13.0
2014-5014,Shanghai Masters,Hard,56,M,O,20141005,4,SM25,,,Jack Sock,R,191.0,USA,22.029,60.0,801.0,TA46,,Q,Bernard Tomic,R,196.0,AUS,21.955,77.0,701.0,7-6(4) 6-7(4) 6-4,3,R64,148.0,4.0,5.0,120.0,69.0,49.0,34.0,17.0,3.0,4.0,15.0,0.0,100.0,68.0,56.0,17.0,17.0,3.0,5.0
2014-5014,Shanghai Masters,Hard,56,M,O,20141005,5,G628,,,Richard Gasquet,R,183.0,FRA,28.298,22.0,1655.0,CA12,,,Jeremy Chardy,R,188.0,FRA,27.644,32.0,1150.0,7-6(7) 6-2,3,R64,89.0,6.0,1.0,65.0,40.0,29.0,18.0,10.0,0.0,1.0,8.0,3.0,67.0,37.0,28.0,13.0,10.0,3.0,6.0
2014-5014,Shanghai Masters,Hard,56,M,O,20141005,6,L575,,,Yen-Hsun Lu,R,180.0,TPE,31.143,45.0,949.0,G710,,,Marcel Granollers,R,191.0,ESP,28.482,47.0,920.0,6-3 6-7(5) 6-2,3,R64,121.0,5.0,4.0,91.0,63.0,47.0,20.0,15.0,3.0,3.0,17.0,3.0,85.0,64.0,51.0,7.0,14.0,3.0,6.0
2014-5014,Shanghai Masters,Hard,56,M,O,20141005,7,K336,,,Ivo Karlovic,R,211.0,CRO,35.6,31.0,1195.0,C977,9.0,,Marin Cilic,R,198.0,CRO,26.018,9.0,3935.0,7-5 2-6 7-6(2),3,R64,136.0,20.0,2.0,90.0,55.0,47.0,18.0,16.0,2.0,4.0,9.0,2.0,104.0,71.0,55.0,17.0,16.0,3.0,4.0
2014-5014,Shanghai Masters,Hard,56,M,O,20141005,8,W614,,WC,Chuhan Wang,R,188.0,CHN,22.612,553.0,60.0,F510,15.0,,Fabio Fognini,R,178.0,ITA,27.368,17.0,1870.0,7-6(5) 6-4,3,R64,85.0,6.0,4.0,76.0,41.0,32.0,19.0,11.0,4.0,5.0,11.0,5.0,59.0,37.0,30.0,11.0,11.0,1.0,3.0
2014-5014,Shanghai Masters,Hard,56,M,O,20141005,9,J267,,Q,Malek Jaziri,R,185.0,TUN,30.708,87.0,638.0,Y124,,,Donald Young,L,183.0,USA,25.202,67.0,759.0,7-5 6-4,3,R64,89.0,6.0,2.0,66.0,33.0,26.0,18.0,11.0,0.0,1.0,5.0,5.0,74.0,52.0,36.0,6.0,11.0,8.0,11.0
2014-5014,Shanghai Masters,Hard,56,M,O,20141005,10,SD32,,,Gilles Simon,R,183.0,FRA,29.771,29.0,1220.0,G476,,,Guillermo Garcia-Lopez,R,185.0,ESP,31.337,38.0,1040.0,3-6 6-0 6-1,3,R64,109.0,9.0,0.0,78.0,41.0,30.0,22.0,11.0,6.0,7.0,1.0,0.0,71.0,45.0,25.0,14.0,11.0,4.0,9.0
2014-5014,Shanghai Masters,Hard,56,M,O,20141005,11,MA21,,WC,Juan Monaco,R,185.0,ARG,30.519,82.0,660.0,SH90,,,Joao Sousa,R,185.0,POR,25.517,49.0,887.0,6-2 7-6(4),3,R64,95.0,4.0,3.0,72.0,48.0,29.0,13.0,10.0,3.0,6.0,1.0,4.0,66.0,38.0,22.0,10.0,10.0,3.0,8.0
2014-5014,Shanghai Masters,Hard,56,M,O,20141005,12,K926,,,Mikhail Kukushkin,R,183.0,KAZ,26.776,85.0,642.0,R419,,,Tommy Robredo,R,180.0,ESP,32.43,20.0,1750.0,3-6 6-3 7-6(4),3,R64,128.0,5.0,2.0,83.0,50.0,39.0,20.0,15.0,1.0,4.0,7.0,0.0,93.0,53.0,37.0,21.0,15.0,3.0,6.0
2014-5014,Shanghai Masters,Hard,56,M,O,20141005,13,D646,,,Ivan Dodig,R,183.0,CRO,29.755,92.0,610.0,C882,,,Pablo Cuevas,R,180.0,URU,28.758,36.0,1129.0,7-5 6-2,3,R64,84.0,9.0,6.0,72.0,37.0,29.0,18.0,10.0,8.0,9.0,6.0,4.0,67.0,41.0,24.0,13.0,10.0,5.0,9.0
2014-5014,Shanghai Masters,Hard,56,M,O,20141005,14,Y061,,,Mikhail Youzhny,R,183.0,RUS,32.279,35.0,1135.0,G858,12.0,,Ernests Gulbis,R,191.0,LAT,26.097,13.0,2455.0,6-4 6-1,3,R64,66.0,8.0,2.0,46.0,33.0,29.0,7.0,9.0,0.0,0.0,3.0,1.0,49.0,26.0,16.0,10.0,8.0,1.0,4.0
2014-5014,Shanghai Masters,Hard,56,M,O,20141005,15,I186,13.0,,John Isner,R,208.0,USA,29.443,14.0,1925.0,A596,,,Pablo Andujar,R,180.0,ESP,28.698,43.0,971.0,7-6(5) 1-6 6-3,3,R64,121.0,22.0,0.0,88.0,59.0,42.0,21.0,14.0,6.0,8.0,3.0,3.0,91.0,59.0,44.0,19.0,14.0,1.0,2.0
2014-5014,Shanghai Masters,Hard,56,M,O,20141005,16,J386,,,Steve Johnson,R,188.0,USA,24.78,42.0,974.0,G806,,Q,Andrey Golubev,R,180.0,KAZ,27.206,61.0,788.0,6-3 1-6 6-3,3,R64,85.0,6.0,2.0,74.0,44.0,35.0,16.0,13.0,0.0,2.0,10.0,2.0,63.0,35.0,24.0,18.0,12.0,1.0,3.0
2014-5014,Shanghai Masters,Hard,56,M,O,20141005,17,L397,,,Feliciano Lopez,L,188.0,ESP,33.04,21.0,1745.0,KD46,,Q,Thanasi Kokkinakis,R,193.0,AUS,18.486,173.0,302.0,6-7(12) 6-3 6-4,3,R64,128.0,19.0,4.0,103.0,64.0,54.0,22.0,16.0,4.0,4.0,16.0,2.0,98.0,59.0,48.0,20.0,15.0,4.0,6.0
2014-5014,Shanghai Masters,Hard,56,M,O,20141005,18,A678,16.0,,Kevin Anderson,R,203.0,RSA,28.383,16.0,1875.0,W503,,Q,James Ward,R,188.0,GBR,27.652,119.0,481.0,3-6 6-3 6-2,3,R64,104.0,7.0,1.0,74.0,57.0,42.0,8.0,13.0,4.0,6.0,4.0,3.0,75.0,50.0,35.0,11.0,13.0,3.0,7.0
2014-5014,Shanghai Masters,Hard,56,M,O,20141005,19,MC10,11.0,,Andy Murray,R,191.0,GBR,27.392,11.0,3545.0,G681,,Q,Teymuraz Gabashvili,R,185.0,GEO,29.369,55.0,837.0,6-1 7-5,3,R64,85.0,6.0,3.0,44.0,26.0,19.0,11.0,9.0,0.0,2.0,2.0,4.0,73.0,43.0,23.0,12.0,10.0,9.0,15.0
2014-5014,Shanghai Masters,Hard,56,M,O,20141005,20,J397,,,Jerzy Janowicz,R,203.0,POL,23.893,37.0,1055.0,R613,,,Edouard Roger-Vasselin,R,185.0,FRA,30.853,58.0,805.0,3-6 7-5 7-6(6),3,R64,138.0,11.0,2.0,102.0,62.0,38.0,20.0,16.0,4.0,9.0,2.0,2.0,101.0,76.0,56.0,5.0,17.0,6.0,11.0
2014-5014,Shanghai Masters,Hard,56,M,O,20141005,21,K966,,,Martin Klizan,L,191.0,SVK,25.235,40.0,1022.0,G940,,Q,Sam Groth,R,193.0,AUS,26.962,94.0,606.0,7-6(1) 6-3,3,R64,69.0,7.0,1.0,62.0,46.0,38.0,11.0,11.0,0.0,0.0,12.0,0.0,55.0,38.0,31.0,8.0,10.0,1.0,2.0
2014-5014,Shanghai Masters,Hard,56,M,O,20141005,22,MD56,,,Leonardo Mayer,R,191.0,ARG,27.392,25.0,1339.0,W571,,WC,Di Wu,R,173.0,CHN,23.058,230.0,209.0,6-4 6-1,3,R64,65.0,6.0,1.0,47.0,34.0,33.0,2.0,8.0,4.0,4.0,1.0,2.0,56.0,31.0,17.0,13.0,9.0,1.0,5.0
2014-5014,Shanghai Masters,Hard,56,M,O,20141005,23,PD07,,,Vasek Pospisil,R,193.0,CAN,24.285,44.0,965.0,G725,,,Santiago Giraldo,R,188.0,COL,26.856,28.0,1225.0,6-2 6-7(5) 6-1,3,R64,116.0,18.0,1.0,70.0,44.0,36.0,16.0,13.0,0.0,1.0,3.0,1.0,98.0,69.0,45.0,10.0,14.0,4.0,10.0
2014-5014,Shanghai Masters,Hard,56,M,O,20141005,24,BD06,14.0,,Roberto Bautista Agut,R,183.0,ESP,26.475,18.0,1865.0,D801,,,Alexandr Dolgopolov,R,180.0,UKR,25.908,24.0,1490.0,6-4 6-4,3,R64,89.0,4.0,0.0,69.0,58.0,40.0,5.0,10.0,8.0,9.0,9.0,0.0,73.0,41.0,29.0,14.0,10.0,9.0,12.0
2014-5014,Shanghai Masters,Hard,56,M,O,20141005,25,D643,1.0,,Novak Djokovic,R,188.0,SRB,27.373,1.0,12150.0,TB69,,,Dominic Thiem,R,185.0,AUT,21.087,39.0,1024.0,6-3 6-4,3,R32,88.0,7.0,1.0,55.0,43.0,35.0,7.0,10.0,2.0,2.0,5.0,3.0,73.0,40.0,28.0,14.0,9.0,6.0,8.0
2014-5014,Shanghai Masters,Hard,56,M,O,20141005,26,K926,,,Mikhail Kukushkin,R,183.0,KAZ,26.776,85.0,642.0,A678,16.0,,Kevin Anderson,R,203.0,RSA,28.383,16.0,1875.0,6-4 6-2,3,R32,69.0,3.0,1.0,47.0,32.0,29.0,9.0,9.0,2.0,2.0,5.0,1.0,49.0,36.0,26.0,4.0,9.0,3.0,6.0
2014-5014,Shanghai Masters,Hard,56,M,O,20141005,27,MC10,11.0,,Andy Murray,R,191.0,GBR,27.392,11.0,3545.0,J397,,,Jerzy Janowicz,R,203.0,POL,23.893,37.0,1055.0,7-5 6-2,3,R32,89.0,10.0,0.0,57.0,39.0,32.0,12.0,10.0,2.0,2.0,4.0,6.0,70.0,48.0,33.0,7.0,10.0,5.0,8.0
2014-5014,Shanghai Masters,Hard,56,M,O,20141005,28,F401,5.0,,David Ferrer,R,175.0,ESP,32.509,5.0,4495.0,K966,,,Martin Klizan,L,191.0,SVK,25.235,40.0,1022.0,4-6 7-6(4) 6-4,3,R32,148.0,9.0,4.0,100.0,75.0,53.0,13.0,16.0,5.0,8.0,6.0,1.0,118.0,79.0,49.0,20.0,16.0,2.0,5.0
2014-5014,Shanghai Masters,Hard,56,M,O,20141005,29,F324,3.0,,Roger Federer,R,185.0,SUI,33.158,3.0,8170.0,MD56,,,Leonardo Mayer,R,191.0,ARG,27.392,25.0,1339.0,7-5 3-6 7-6(7),3,R32,162.0,10.0,2.0,130.0,92.0,63.0,19.0,17.0,9.0,12.0,3.0,1.0,117.0,75.0,49.0,25.0,16.0,6.0,8.0
2014-5014,Shanghai Masters,Hard,56,M,O,20141005,30,BD06,14.0,,Roberto Bautista Agut,R,183.0,ESP,26.475,18.0,1865.0,PD07,,,Vasek Pospisil,R,193.0,CAN,24.285,44.0,965.0,7-6(1) 3-6 6-4,3,R32,133.0,2.0,4.0,112.0,75.0,52.0,20.0,16.0,6.0,8.0,15.0,3.0,90.0,60.0,45.0,17.0,15.0,2.0,3.0
2014-5014,Shanghai Masters,Hard,56,M,O,20141005,31,B747,,,Julien Benneteau,R,185.0,FRA,32.791,30.0,1205.0,D875,10.0,,Grigor Dimitrov,R,191.0,BUL,23.389,10.0,3710.0,7-5 6-3,3,R32,81.0,6.0,0.0,51.0,36.0,25.0,13.0,10.0,0.0,1.0,9.0,5.0,80.0,50.0,34.0,10.0,11.0,7.0,11.0
2014-5014,Shanghai Masters,Hard,56,M,O,20141005,32,SM25,,,Jack Sock,R,191.0,USA,22.029,60.0,801.0,N552,7.0,,Kei Nishikori,R,178.0,JPN,24.767,6.0,4435.0,7-6(5) 6-4,3,R32,84.0,13.0,1.0,61.0,44.0,36.0,13.0,11.0,0.0,0.0,5.0,2.0,69.0,41.0,28.0,20.0,11.0,0.0,1.0
2014-5014,Shanghai Masters,Hard,56,M,O,20141005,33,BA47,6.0,,Tomas Berdych,R,196.0,CZE,29.049,7.0,4235.0,G628,,,Richard Gasquet,R,183.0,FRA,28.298,22.0,1655.0,6-3 6-1,3,R32,52.0,10.0,0.0,37.0,25.0,24.0,8.0,8.0,0.0,0.0,1.0,2.0,42.0,32.0,18.0,4.0,8.0,1.0,5.0
2014-5014,Shanghai Masters,Hard,56,M,O,20141005,34,K336,,,Ivo Karlovic,R,211.0,CRO,35.6,31.0,1195.0,L575,,,Yen-Hsun Lu,R,180.0,TPE,31.143,45.0,949.0,7-6(6) 6-3,3,R32,77.0,24.0,0.0,59.0,41.0,37.0,13.0,11.0,0.0,0.0,6.0,0.0,65.0,51.0,39.0,6.0,10.0,0.0,1.0
2014-5014,Shanghai Masters,Hard,56,M,O,20141005,35,J267,,Q,Malek Jaziri,R,185.0,TUN,30.708,87.0,638.0,W614,,WC,Chuhan Wang,R,188.0,CHN,22.612,553.0,60.0,6-0 6-4,3,R32,70.0,7.0,2.0,58.0,30.0,25.0,13.0,8.0,4.0,5.0,1.0,4.0,50.0,31.0,15.0,6.0,8.0,2.0,7.0
2014-5014,Shanghai Masters,Hard,56,M,O,20141005,36,SD32,,,Gilles Simon,R,183.0,FRA,29.771,29.0,1220.0,W367,4.0,,Stan Wawrinka,R,183.0,SUI,29.522,4.0,5555.0,5-7 7-5 6-4,3,R32,150.0,7.0,1.0,116.0,63.0,43.0,29.0,17.0,2.0,5.0,12.0,3.0,95.0,58.0,46.0,16.0,17.0,7.0,11.0
2014-5014,Shanghai Masters,Hard,56,M,O,20141005,37,MA21,,WC,Juan Monaco,R,185.0,ARG,30.519,82.0,660.0,R975,8.0,,Milos Raonic,R,196.0,CAN,23.773,8.0,3965.0,5-2 RET,3,R32,24.0,0.0,0.0,18.0,14.0,12.0,4.0,4.0,0.0,0.0,4.0,2.0,22.0,15.0,10.0,2.0,3.0,1.0,2.0
2014-5014,Shanghai Masters,Hard,56,M,O,20141005,38,Y061,,,Mikhail Youzhny,R,183.0,RUS,32.279,35.0,1135.0,D646,,,Ivan Dodig,R,183.0,CRO,29.755,92.0,610.0,7-6(7) 6-7(4) 6-3,3,R32,169.0,10.0,3.0,136.0,86.0,60.0,29.0,17.0,7.0,7.0,26.0,5.0,106.0,70.0,58.0,16.0,16.0,1.0,2.0
2014-5014,Shanghai Masters,Hard,56,M,O,20141005,39,I186,13.0,,John Isner,R,208.0,USA,29.443,14.0,1925.0,J386,,,Steve Johnson,R,188.0,USA,24.78,42.0,974.0,7-6(6) 7-6(7),3,R32,100.0,24.0,0.0,79.0,63.0,51.0,9.0,12.0,0.0,0.0,9.0,1.0,92.0,63.0,46.0,18.0,12.0,5.0,5.0
2014-5014,Shanghai Masters,Hard,56,M,O,20141005,40,L397,,,Feliciano Lopez,L,188.0,ESP,33.04,21.0,1745.0,N409,2.0,,Rafael Nadal,L,185.0,ESP,28.339,2.0,8455.0,6-3 7-6(6),3,R32,104.0,15.0,3.0,79.0,45.0,34.0,20.0,11.0,4.0,5.0,5.0,1.0,68.0,46.0,29.0,13.0,10.0,2.0,4.0
2014-5014,Shanghai Masters,Hard,56,M,O,20141005,41,D643,1.0,,Novak Djokovic,R,188.0,SRB,27.373,1.0,12150.0,K926,,,Mikhail Kukushkin,R,183.0,KAZ,26.776,85.0,642.0,6-3 4-6 6-4,3,R16,126.0,13.0,2.0,95.0,65.0,49.0,14.0,15.0,3.0,5.0,9.0,0.0,84.0,60.0,40.0,14.0,14.0,5.0,8.0
2014-5014,Shanghai Masters,Hard,56,M,O,20141005,42,F401,5.0,,David Ferrer,R,175.0,ESP,32.509,5.0,4495.0,MC10,11.0,,Andy Murray,R,191.0,GBR,27.392,11.0,3545.0,2-6 6-1 6-2,3,R16,115.0,0.0,0.0,80.0,51.0,37.0,12.0,12.0,4.0,6.0,8.0,0.0,70.0,47.0,35.0,6.0,11.0,3.0,7.0
2014-5014,Shanghai Masters,Hard,56,M,O,20141005,43,F324,3.0,,Roger Federer,R,185.0,SUI,33.158,3.0,8170.0,BD06,14.0,,Roberto Bautista Agut,R,183.0,ESP,26.475,18.0,1865.0,6-4 6-2,3,R16,73.0,8.0,0.0,53.0,37.0,32.0,8.0,9.0,1.0,1.0,0.0,0.0,60.0,38.0,25.0,9.0,9.0,6.0,9.0
2014-5014,Shanghai Masters,Hard,56,M,O,20141005,44,B747,,,Julien Benneteau,R,185.0,FRA,32.791,30.0,1205.0,SM25,,,Jack Sock,R,191.0,USA,22.029,60.0,801.0,6-3 6-4,3,R16,71.0,5.0,1.0,62.0,50.0,40.0,5.0,10.0,3.0,3.0,1.0,3.0,49.0,31.0,23.0,9.0,9.0,2.0,4.0
2014-5014,Shanghai Masters,Hard,56,M,O,20141005,45,BA47,6.0,,Tomas Berdych,R,196.0,CZE,29.049,7.0,4235.0,K336,,,Ivo Karlovic,R,211.0,CRO,35.6,31.0,1195.0,6-3 6-4,3,R16,65.0,10.0,0.0,46.0,29.0,26.0,14.0,10.0,0.0,0.0,19.0,1.0,52.0,34.0,26.0,6.0,9.0,4.0,6.0
2014-5014,Shanghai Masters,Hard,56,M,O,20141005,46,SD32,,,Gilles Simon,R,183.0,FRA,29.771,29.0,1220.0,J267,,Q,Malek Jaziri,R,185.0,TUN,30.708,87.0,638.0,6-2 6-3,3,R16,73.0,2.0,1.0,56.0,37.0,28.0,12.0,9.0,3.0,3.0,2.0,1.0,54.0,31.0,19.0,10.0,8.0,5.0,8.0
2014-5014,Shanghai Masters,Hard,56,M,O,20141005,47,Y061,,,Mikhail Youzhny,R,183.0,RUS,32.279,35.0,1135.0,MA21,,WC,Juan Monaco,R,185.0,ARG,30.519,82.0,660.0,5-7 6-3 6-2,3,R16,130.0,5.0,1.0,87.0,56.0,41.0,16.0,15.0,6.0,9.0,5.0,2.0,84.0,53.0,33.0,14.0,14.0,6.0,11.0
2014-5014,Shanghai Masters,Hard,56,M,O,20141005,48,L397,,,Feliciano Lopez,L,188.0,ESP,33.04,21.0,1745.0,I186,13.0,,John Isner,R,208.0,USA,29.443,14.0,1925.0,6-3 6-4,3,R16,60.0,8.0,1.0,51.0,34.0,30.0,11.0,10.0,1.0,1.0,14.0,3.0,57.0,37.0,25.0,10.0,9.0,2.0,4.0
2014-5014,Shanghai Masters,Hard,56,M,O,20141005,49,D643,1.0,,Novak Djokovic,R,188.0,SRB,27.373,1.0,12150.0,F401,5.0,,David Ferrer,R,175.0,ESP,32.509,5.0,4495.0,6-4 6-2,3,QF,95.0,4.0,0.0,53.0,38.0,32.0,9.0,9.0,2.0,2.0,2.0,1.0,74.0,42.0,31.0,10.0,9.0,4.0,7.0
2014-5014,Shanghai Masters,Hard,56,M,O,20141005,50,F324,3.0,,Roger Federer,R,185.0,SUI,33.158,3.0,8170.0,B747,,,Julien Benneteau,R,185.0,FRA,32.791,30.0,1205.0,7-6(4) 6-0,3,QF,70.0,11.0,0.0,48.0,37.0,34.0,4.0,9.0,0.0,0.0,5.0,1.0,64.0,48.0,25.0,8.0,9.0,1.0,4.0
2014-5014,Shanghai Masters,Hard,56,M,O,20141005,51,SD32,,,Gilles Simon,R,183.0,FRA,29.771,29.0,1220.0,BA47,6.0,,Tomas Berdych,R,196.0,CZE,29.049,7.0,4235.0,7-6(4) 4-6 6-0,3,QF,148.0,8.0,1.0,97.0,64.0,51.0,15.0,14.0,3.0,5.0,18.0,4.0,111.0,63.0,50.0,15.0,14.0,8.0,12.0
2014-5014,Shanghai Masters,Hard,56,M,O,20141005,52,L397,,,Feliciano Lopez,L,188.0,ESP,33.04,21.0,1745.0,Y061,,,Mikhail Youzhny,R,183.0,RUS,32.279,35.0,1135.0,5-7 6-4 6-4,3,QF,123.0,12.0,5.0,87.0,46.0,40.0,20.0,16.0,6.0,10.0,4.0,0.0,97.0,67.0,41.0,16.0,16.0,3.0,8.0
2014-5014,Shanghai Masters,Hard,56,M,O,20141005,53,F324,3.0,,Roger Federer,R,185.0,SUI,33.158,3.0,8170.0,D643,1.0,,Novak Djokovic,R,188.0,SRB,27.373,1.0,12150.0,6-4 6-4,3,SF,96.0,8.0,1.0,72.0,51.0,35.0,13.0,10.0,1.0,1.0,5.0,0.0,77.0,53.0,32.0,13.0,10.0,8.0,10.0
2014-5014,Shanghai Masters,Hard,56,M,O,20141005,54,SD32,,,Gilles Simon,R,183.0,FRA,29.771,29.0,1220.0,L397,,,Feliciano Lopez,L,188.0,ESP,33.04,21.0,1745.0,6-2 7-6(1),3,SF,80.0,5.0,0.0,51.0,34.0,32.0,12.0,10.0,0.0,0.0,7.0,2.0,75.0,47.0,35.0,8.0,10.0,2.0,4.0
2014-5014,Shanghai Masters,Hard,56,M,O,20141005,55,F324,3.0,,Roger Federer,R,185.0,SUI,33.158,3.0,8170.0,SD32,,,Gilles Simon,R,183.0,FRA,29.771,29.0,1220.0,7-6(6) 7-6(2),3,F,113.0,4.0,0.0,71.0,50.0,39.0,15.0,12.0,2.0,3.0,3.0,1.0,90.0,46.0,28.0,28.0,12.0,6.0,7.0
2014-337,Vienna,Hard,28,500,I,20141013,1,K839,,,Tobias Kamke,R,178.0,GER,28.397,93.0,590.0,BA98,,,Simone Bolelli,R,183.0,ITA,29.013,77.0,717.0,3-6 6-3 6-4,3,R32,135.0,4.0,3.0,92.0,46.0,31.0,27.0,14.0,3.0,6.0,4.0,8.0,106.0,58.0,39.0,22.0,14.0,7.0,11.0
2014-337,Vienna,Hard,28,500,I,20141013,2,SL28,,,Jan-Lennard Struff,R,193.0,GER,24.468,52.0,851.0,G476,7.0,,Guillermo Garcia-Lopez,R,185.0,ESP,31.359,39.0,1050.0,6-3 6-4,3,R32,69.0,9.0,3.0,58.0,36.0,31.0,12.0,10.0,3.0,3.0,3.0,2.0,49.0,23.0,15.0,16.0,9.0,2.0,4.0
2014-337,Vienna,Hard,28,500,I,20141013,3,SC77,,,Sergiy Stakhovsky,R,193.0,UKR,28.767,62.0,781.0,MF36,,Q,Miloslav Mecir,R,196.0,SVK,26.73,187.0,276.0,6-2 4-6 6-3,3,R32,96.0,7.0,1.0,82.0,46.0,37.0,21.0,14.0,3.0,4.0,6.0,6.0,83.0,51.0,38.0,14.0,13.0,3.0,6.0
2014-337,Vienna,Hard,28,500,I,20141013,4,PD07,,,Vasek Pospisil,R,193.0,CAN,24.307,44.0,965.0,BC72,,Q,Daniel Brands,R,196.0,GER,27.242,207.0,236.0,6-3 6-7(3) 7-6(2),3,R32,141.0,27.0,10.0,124.0,68.0,56.0,27.0,17.0,6.0,8.0,1.0,3.0,103.0,73.0,55.0,13.0,16.0,3.0,6.0
2014-337,Vienna,Hard,28,500,I,20141013,5,M762,,,Jurgen Melzer,L,183.0,AUT,33.394,123.0,440.0,GB93,,LL,Norbert Gombos,R,193.0,SVK,24.167,138.0,392.0,3-6 6-4 6-3,3,R32,125.0,4.0,6.0,95.0,59.0,40.0,17.0,14.0,10.0,13.0,7.0,9.0,84.0,53.0,37.0,13.0,14.0,6.0,10.0
2014-337,Vienna,Hard,28,500,I,20141013,6,K336,6.0,,Ivo Karlovic,R,211.0,CRO,35.622,30.0,1265.0,D874,,,Federico Delbonis,L,193.0,ARG,24.022,63.0,775.0,6-7(1) 7-6(9) 7-6(2),3,R32,146.0,29.0,7.0,106.0,77.0,68.0,18.0,18.0,0.0,0.0,13.0,6.0,112.0,63.0,56.0,32.0,18.0,0.0,0.0
2014-337,Vienna,Hard,28,500,I,20141013,7,B884,,,Carlos Berlocq,R,183.0,ARG,31.691,80.0,700.0,MI43,,WC,Gerald Melzer,L,188.0,AUT,24.252,156.0,341.0,6-3 7-6(2),3,R32,97.0,5.0,2.0,65.0,36.0,24.0,18.0,10.0,2.0,5.0,1.0,3.0,70.0,40.0,25.0,11.0,11.0,3.0,8.0
2014-337,Vienna,Hard,28,500,I,20141013,8,B896,,,Benjamin Becker,R,178.0,GER,33.325,45.0,938.0,H528,,Q,Victor Hanescu,R,198.0,ROU,33.229,134.0,403.0,4-6 6-1 6-3,3,R32,98.0,8.0,3.0,65.0,39.0,32.0,16.0,13.0,1.0,3.0,9.0,3.0,85.0,59.0,35.0,11.0,13.0,5.0,10.0
2014-337,Vienna,Hard,28,500,I,20141013,9,H756,,,Robin Haase,R,191.0,NED,27.521,72.0,740.0,TB69,8.0,,Dominic Thiem,R,185.0,AUT,21.109,38.0,1059.0,6-3 3-6 6-3,3,R32,91.0,11.0,0.0,72.0,45.0,35.0,16.0,14.0,2.0,4.0,7.0,3.0,68.0,30.0,27.0,19.0,13.0,2.0,5.0
2014-337,Vienna,Hard,28,500,I,20141013,10,R685,5.0,,Lukas Rosol,R,193.0,CZE,29.221,31.0,1255.0,L797,,,Lukas Lacko,R,188.0,SVK,26.943,83.0,666.0,6-2 6-4,3,R32,61.0,5.0,0.0,54.0,25.0,20.0,19.0,9.0,0.0,0.0,6.0,2.0,51.0,28.0,19.0,10.0,9.0,1.0,4.0
2014-337,Vienna,Hard,28,500,I,20141013,11,T840,,Q,Viktor Troicki,R,193.0,SRB,28.671,127.0,422.0,E224,,,Victor Estrella Burgos,R,170.0,DOM,34.196,65.0,767.0,6-0 6-3,3,R32,55.0,14.0,1.0,37.0,25.0,22.0,10.0,8.0,0.0,0.0,1.0,2.0,54.0,29.0,17.0,10.0,7.0,6.0,10.0
2014-337,Vienna,Hard,28,500,I,20141013,12,BD20,,,Thomaz Bellucci,L,188.0,BRA,26.787,68.0,753.0,M850,,,Paul-Henri Mathieu,R,185.0,FRA,32.75,84.0,665.0,6-1 6-4,3,R32,76.0,12.0,2.0,49.0,28.0,22.0,14.0,8.0,2.0,2.0,1.0,5.0,66.0,28.0,17.0,18.0,9.0,5.0,9.0
2014-337,Vienna,Hard,28,500,I,20141013,13,F401,1.0,,David Ferrer,R,175.0,ESP,32.531,5.0,4585.0,K839,,,Tobias Kamke,R,178.0,GER,28.397,93.0,590.0,7-5 6-1,3,R16,89.0,1.0,4.0,68.0,39.0,31.0,14.0,10.0,2.0,2.0,1.0,2.0,57.0,29.0,18.0,14.0,9.0,6.0,9.0
2014-337,Vienna,Hard,28,500,I,20141013,14,K336,6.0,,Ivo Karlovic,R,211.0,CRO,35.622,30.0,1265.0,M762,,,Jurgen Melzer,L,183.0,AUT,33.394,123.0,440.0,6-4 7-6(1),3,R16,99.0,21.0,1.0,71.0,51.0,42.0,13.0,11.0,3.0,3.0,3.0,4.0,77.0,56.0,37.0,11.0,11.0,4.0,5.0
2014-337,Vienna,Hard,28,500,I,20141013,15,K435,4.0,,Philipp Kohlschreiber,R,178.0,GER,30.992,23.0,1460.0,B884,,,Carlos Berlocq,R,183.0,ARG,31.691,80.0,700.0,3-6 6-1 6-4,3,R16,105.0,8.0,5.0,77.0,43.0,39.0,17.0,13.0,3.0,4.0,2.0,3.0,72.0,43.0,33.0,15.0,13.0,4.0,7.0
2014-337,Vienna,Hard,28,500,I,20141013,16,B896,,,Benjamin Becker,R,178.0,GER,33.325,45.0,938.0,H756,,,Robin Haase,R,191.0,NED,27.521,72.0,740.0,6-3 6-3,3,R16,59.0,5.0,1.0,45.0,25.0,23.0,13.0,9.0,0.0,0.0,4.0,6.0,53.0,35.0,25.0,4.0,9.0,4.0,7.0
2014-337,Vienna,Hard,28,500,I,20141013,17,T840,,Q,Viktor Troicki,R,193.0,SRB,28.671,127.0,422.0,R685,5.0,,Lukas Rosol,R,193.0,CZE,29.221,31.0,1255.0,6-3 6-2,3,R16,55.0,12.0,0.0,48.0,27.0,24.0,13.0,9.0,2.0,2.0,3.0,6.0,50.0,28.0,21.0,9.0,8.0,3.0,6.0
2014-337,Vienna,Hard,28,500,I,20141013,18,BD20,,,Thomaz Bellucci,L,188.0,BRA,26.787,68.0,753.0,L397,3.0,,Feliciano Lopez,L,188.0,ESP,33.062,14.0,2060.0,6-7(9) 6-1 6-4,3,R16,122.0,11.0,2.0,95.0,55.0,43.0,23.0,15.0,3.0,5.0,9.0,5.0,97.0,51.0,34.0,21.0,14.0,5.0,10.0
2014-337,Vienna,Hard,28,500,I,20141013,19,SL28,,,Jan-Lennard Struff,R,193.0,GER,24.468,52.0,851.0,SC77,,,Sergiy Stakhovsky,R,193.0,UKR,28.767,62.0,781.0,7-6(6) 2-6 7-6(3),3,R16,145.0,12.0,3.0,105.0,48.0,35.0,32.0,16.0,4.0,8.0,4.0,6.0,120.0,72.0,51.0,24.0,16.0,7.0,9.0
2014-337,Vienna,Hard,28,500,I,20141013,20,MC10,2.0,,Andy Murray,R,191.0,GBR,27.414,11.0,3635.0,PD07,,,Vasek Pospisil,R,193.0,CAN,24.307,44.0,965.0,6-4 6-4,3,R16,99.0,1.0,3.0,66.0,32.0,25.0,19.0,10.0,5.0,6.0,3.0,8.0,74.0,38.0,28.0,15.0,10.0,3.0,6.0
2014-337,Vienna,Hard,28,500,I,20141013,21,F401,1.0,,David Ferrer,R,175.0,ESP,32.531,5.0,4585.0,K336,6.0,,Ivo Karlovic,R,211.0,CRO,35.622,30.0,1265.0,7-6(5) 6-4,3,QF,85.0,5.0,2.0,62.0,37.0,32.0,17.0,11.0,0.0,0.0,17.0,5.0,69.0,49.0,40.0,9.0,11.0,2.0,3.0
2014-337,Vienna,Hard,28,500,I,20141013,22,K435,4.0,,Philipp Kohlschreiber,R,178.0,GER,30.992,23.0,1460.0,B896,,,Benjamin Becker,R,178.0,GER,33.325,45.0,938.0,6-4 7-6(3),3,QF,85.0,11.0,1.0,74.0,41.0,30.0,20.0,11.0,9.0,11.0,3.0,3.0,62.0,37.0,29.0,13.0,11.0,1.0,4.0
2014-337,Vienna,Hard,28,500,I,20141013,23,T840,,Q,Viktor Troicki,R,193.0,SRB,28.671,127.0,422.0,BD20,,,Thomaz Bellucci,L,188.0,BRA,26.787,68.0,753.0,7-6(4) 6-7(2) 6-2,3,QF,148.0,13.0,6.0,97.0,50.0,43.0,21.0,16.0,4.0,7.0,9.0,5.0,119.0,66.0,44.0,24.0,16.0,4.0,9.0
2014-337,Vienna,Hard,28,500,I,20141013,24,MC10,2.0,,Andy Murray,R,191.0,GBR,27.414,11.0,3635.0,SL28,,,Jan-Lennard Struff,R,193.0,GER,24.468,52.0,851.0,6-2 7-5,3,QF,86.0,10.0,1.0,52.0,30.0,26.0,13.0,10.0,0.0,1.0,6.0,2.0,66.0,34.0,25.0,11.0,10.0,4.0,8.0
2014-337,Vienna,Hard,28,500,I,20141013,25,F401,1.0,,David Ferrer,R,175.0,ESP,32.531,5.0,4585.0,K435,4.0,,Philipp Kohlschreiber,R,178.0,GER,30.992,23.0,1460.0,6-3 2-6 7-6(3),3,SF,147.0,3.0,6.0,95.0,49.0,34.0,29.0,15.0,8.0,11.0,4.0,6.0,114.0,60.0,42.0,24.0,14.0,6.0,8.0
2014-337,Vienna,Hard,28,500,I,20141013,26,MC10,2.0,,Andy Murray,R,191.0,GBR,27.414,11.0,3635.0,T840,,Q,Viktor Troicki,R,193.0,SRB,28.671,127.0,422.0,6-4 6-3,3,SF,83.0,2.0,4.0,50.0,30.0,25.0,10.0,9.0,0.0,1.0,5.0,4.0,75.0,37.0,26.0,14.0,10.0,7.0,11.0
2014-337,Vienna,Hard,28,500,I,20141013,27,MC10,2.0,,Andy Murray,R,191.0,GBR,27.414,11.0,3635.0,F401,1.0,,David Ferrer,R,175.0,ESP,32.531,5.0,4585.0,5-7 6-2 7-5,3,F,161.0,9.0,2.0,106.0,67.0,47.0,16.0,16.0,13.0,18.0,1.0,7.0,108.0,54.0,35.0,22.0,16.0,5.0,12.0
2014-429,Stockholm,Hard,28,250,I,20141013,1,BA65,,Q,Dustin Brown,R,196.0,JAM,29.845,92.0,608.0,LA94,,WC,Christian Lindell,R,193.0,SWE,22.897,223.0,215.0,6-4 7-6(3),3,R32,80.0,10.0,6.0,83.0,58.0,42.0,11.0,11.0,4.0,6.0,8.0,6.0,65.0,42.0,33.0,7.0,11.0,3.0,6.0
2014-429,Stockholm,Hard,28,250,I,20141013,2,CA12,6.0,,Jeremy Chardy,R,188.0,FRA,27.666,34.0,1115.0,Y218,,WC,Elias Ymer,R,185.0,SWE,18.508,238.0,203.0,6-3 6-4,3,R32,69.0,6.0,3.0,64.0,41.0,31.0,12.0,10.0,5.0,6.0,2.0,2.0,44.0,25.0,17.0,10.0,9.0,0.0,3.0
2014-429,Stockholm,Hard,28,250,I,20141013,3,SM25,,,Jack Sock,R,191.0,USA,22.051,51.0,871.0,G806,,,Andrey Golubev,R,180.0,KAZ,27.228,58.0,803.0,6-1 4-6 6-0,3,R32,103.0,11.0,3.0,64.0,38.0,32.0,14.0,11.0,2.0,3.0,5.0,6.0,96.0,60.0,33.0,16.0,12.0,11.0,17.0
2014-429,Stockholm,Hard,28,250,I,20141013,4,G681,,,Teymuraz Gabashvili,R,185.0,GEO,29.391,59.0,797.0,F444,,,Alejandro Falla,L,185.0,COL,30.913,81.0,691.0,6-2 6-4,3,R32,70.0,3.0,4.0,61.0,32.0,25.0,8.0,9.0,5.0,8.0,1.0,1.0,53.0,28.0,17.0,5.0,9.0,3.0,9.0
2014-429,Stockholm,Hard,28,250,I,20141013,5,H996,,Q,Pierre-Hugues Herbert,R,188.0,FRA,23.573,124.0,438.0,CD85,,,Pablo Carreno Busta,R,188.0,ESP,23.255,64.0,771.0,7-6(3) 6-4,3,R32,74.0,12.0,2.0,59.0,36.0,29.0,18.0,11.0,0.0,0.0,4.0,3.0,66.0,42.0,34.0,12.0,11.0,3.0,4.0
2014-429,Stockholm,Hard,28,250,I,20141013,6,CA99,,Q,Marius Copil,R,191.0,ROU,23.989,181.0,281.0,SH90,8.0,,Joao Sousa,R,185.0,POR,25.539,50.0,877.0,7-6(4) 4-6 6-4,3,R32,146.0,18.0,3.0,105.0,61.0,47.0,30.0,16.0,10.0,11.0,3.0,3.0,114.0,70.0,52.0,25.0,16.0,7.0,8.0
2014-429,Stockholm,Hard,28,250,I,20141013,7,ME82,,,Adrian Mannarino,L,180.0,FRA,26.289,79.0,700.0,B837,,,Marcos Baghdatis,R,178.0,CYP,29.322,102.0,547.0,2-6 6-2 6-4,3,R32,123.0,6.0,0.0,94.0,57.0,38.0,21.0,13.0,12.0,14.0,11.0,3.0,88.0,47.0,32.0,20.0,13.0,8.0,11.0
2014-429,Stockholm,Hard,28,250,I,20141013,8,BC65,,Q,Matthias Bachinger,R,188.0,GER,27.532,203.0,239.0,SF36,,,Igor Sijsling,R,191.0,NED,27.154,87.0,638.0,2-6 7-6(3) 6-4,3,R32,96.0,5.0,2.0,93.0,70.0,53.0,10.0,15.0,5.0,7.0,5.0,3.0,100.0,64.0,45.0,19.0,15.0,5.0,6.0
2014-429,Stockholm,Hard,28,250,I,20141013,9,MD56,5.0,,Leonardo Mayer,R,191.0,ARG,27.414,25.0,1384.0,Y124,,,Donald Young,L,183.0,USA,25.224,69.0,751.0,6-4 6-4,3,R32,76.0,6.0,2.0,49.0,30.0,27.0,13.0,10.0,0.0,0.0,2.0,4.0,86.0,57.0,35.0,14.0,10.0,8.0,10.0
2014-429,Stockholm,Hard,28,250,I,20141013,10,V306,7.0,,Fernando Verdasco,L,188.0,ESP,30.91,36.0,1090.0,ME05,,,Marinko Matosevic,R,193.0,AUS,29.18,82.0,682.0,6-3 3-6 6-3,3,R32,107.0,8.0,4.0,90.0,55.0,47.0,15.0,14.0,8.0,9.0,4.0,2.0,79.0,44.0,30.0,22.0,13.0,4.0,6.0
2014-429,Stockholm,Hard,28,250,I,20141013,11,N289,,,Jarkko Nieminen,L,185.0,FIN,33.224,57.0,813.0,R772,,,Albert Ramos-Vinolas,L,188.0,ESP,26.738,67.0,761.0,6-4 6-4,3,R32,93.0,5.0,4.0,73.0,53.0,39.0,8.0,10.0,2.0,3.0,2.0,1.0,65.0,38.0,23.0,14.0,10.0,8.0,11.0
2014-429,Stockholm,Hard,28,250,I,20141013,12,TA46,,,Bernard Tomic,R,196.0,AUS,21.977,76.0,726.0,R931,,WC,Patrik Rosenholm,R,178.0,SWE,26.606,371.0,117.0,7-6(1) 5-7 6-4,3,R32,116.0,19.0,2.0,104.0,68.0,51.0,21.0,17.0,1.0,3.0,13.0,1.0,95.0,59.0,46.0,21.0,17.0,3.0,5.0
2014-429,Stockholm,Hard,28,250,I,20141013,13,BA47,1.0,,Tomas Berdych,R,196.0,CZE,29.07,7.0,4325.0,BA65,,Q,Dustin Brown,R,196.0,JAM,29.845,92.0,608.0,7-5 6-3,3,R16,84.0,7.0,2.0,60.0,32.0,30.0,17.0,11.0,3.0,3.0,5.0,4.0,69.0,45.0,35.0,9.0,10.0,6.0,8.0
2014-429,Stockholm,Hard,28,250,I,20141013,14,CA99,,Q,Marius Copil,R,191.0,ROU,23.989,181.0,281.0,H996,,Q,Pierre-Hugues Herbert,R,188.0,FRA,23.573,124.0,438.0,6-4 6-3,3,R16,71.0,6.0,0.0,48.0,31.0,26.0,11.0,9.0,0.0,0.0,7.0,7.0,74.0,43.0,29.0,14.0,10.0,6.0,9.0
2014-429,Stockholm,Hard,28,250,I,20141013,15,ME82,,,Adrian Mannarino,L,180.0,FRA,26.289,79.0,700.0,D801,4.0,,Alexandr Dolgopolov,R,180.0,UKR,25.93,24.0,1455.0,6-4 6-7(2) 7-6(4),3,R16,160.0,7.0,3.0,117.0,75.0,56.0,24.0,17.0,10.0,12.0,11.0,3.0,126.0,58.0,47.0,34.0,17.0,6.0,9.0
2014-429,Stockholm,Hard,28,250,I,20141013,16,BC65,,Q,Matthias Bachinger,R,188.0,GER,27.532,203.0,239.0,MD56,5.0,,Leonardo Mayer,R,191.0,ARG,27.414,25.0,1384.0,7-6(3) 6-7(4) 6-3,3,R16,122.0,15.0,3.0,107.0,73.0,53.0,25.0,17.0,2.0,3.0,7.0,2.0,95.0,62.0,47.0,20.0,16.0,5.0,7.0
2014-429,Stockholm,Hard,28,250,I,20141013,17,V306,7.0,,Fernando Verdasco,L,188.0,ESP,30.91,36.0,1090.0,N289,,,Jarkko Nieminen,L,185.0,FIN,33.224,57.0,813.0,6-3 6-4,3,R16,89.0,4.0,2.0,72.0,46.0,32.0,13.0,10.0,3.0,5.0,1.0,1.0,70.0,38.0,23.0,14.0,9.0,9.0,13.0
2014-429,Stockholm,Hard,28,250,I,20141013,18,TA46,,,Bernard Tomic,R,196.0,AUS,21.977,76.0,726.0,A678,3.0,,Kevin Anderson,R,203.0,RSA,28.405,17.0,1875.0,7-6(4) 6-4,3,R16,85.0,7.0,0.0,71.0,47.0,36.0,15.0,11.0,3.0,3.0,15.0,1.0,55.0,40.0,32.0,11.0,11.0,0.0,1.0
2014-429,Stockholm,Hard,28,250,I,20141013,19,SM25,,,Jack Sock,R,191.0,USA,22.051,51.0,871.0,CA12,6.0,,Jeremy Chardy,R,188.0,FRA,27.666,34.0,1115.0,7-6(3) 6-3,3,R16,79.0,14.0,3.0,72.0,43.0,37.0,14.0,11.0,2.0,2.0,13.0,1.0,53.0,36.0,30.0,9.0,10.0,0.0,1.0
2014-429,Stockholm,Hard,28,250,I,20141013,20,D875,2.0,,Grigor Dimitrov,R,191.0,BUL,23.411,10.0,3745.0,G681,,,Teymuraz Gabashvili,R,185.0,GEO,29.391,59.0,797.0,7-5 7-6(4),3,R16,114.0,8.0,4.0,89.0,52.0,34.0,18.0,12.0,4.0,7.0,3.0,2.0,77.0,51.0,30.0,13.0,12.0,1.0,5.0
2014-429,Stockholm,Hard,28,250,I,20141013,21,BA47,1.0,,Tomas Berdych,R,196.0,CZE,29.07,7.0,4325.0,CA99,,Q,Marius Copil,R,191.0,ROU,23.989,181.0,281.0,6-2 6-2,3,QF,67.0,8.0,4.0,47.0,24.0,22.0,14.0,8.0,3.0,3.0,10.0,3.0,62.0,39.0,24.0,8.0,8.0,5.0,9.0
2014-429,Stockholm,Hard,28,250,I,20141013,22,BC65,,Q,Matthias Bachinger,R,188.0,GER,27.532,203.0,239.0,ME82,,,Adrian Mannarino,L,180.0,FRA,26.289,79.0,700.0,4-6 6-1 6-4,3,QF,102.0,13.0,0.0,68.0,38.0,35.0,14.0,14.0,1.0,3.0,4.0,4.0,87.0,58.0,37.0,12.0,13.0,3.0,7.0
2014-429,Stockholm,Hard,28,250,I,20141013,23,TA46,,,Bernard Tomic,R,196.0,AUS,21.977,76.0,726.0,V306,7.0,,Fernando Verdasco,L,188.0,ESP,30.91,36.0,1090.0,0-6 6-4 7-6(6),3,QF,120.0,7.0,2.0,90.0,58.0,40.0,15.0,14.0,4.0,9.0,10.0,4.0,97.0,66.0,46.0,15.0,14.0,3.0,6.0
2014-429,Stockholm,Hard,28,250,I,20141013,24,D875,2.0,,Grigor Dimitrov,R,191.0,BUL,23.411,10.0,3745.0,SM25,,,Jack Sock,R,191.0,USA,22.051,51.0,871.0,5-7 6-4 6-3,3,QF,119.0,5.0,2.0,92.0,65.0,51.0,17.0,16.0,6.0,7.0,9.0,2.0,95.0,63.0,42.0,19.0,15.0,6.0,8.0
2014-429,Stockholm,Hard,28,250,I,20141013,25,BA47,1.0,,Tomas Berdych,R,196.0,CZE,29.07,7.0,4325.0,BC65,,Q,Matthias Bachinger,R,188.0,GER,27.532,203.0,239.0,7-6(7) 6-4,3,SF,86.0,9.0,1.0,66.0,44.0,34.0,12.0,11.0,2.0,4.0,8.0,2.0,68.0,42.0,31.0,11.0,11.0,1.0,4.0
2014-429,Stockholm,Hard,28,250,I,20141013,26,D875,2.0,,Grigor Dimitrov,R,191.0,BUL,23.411,10.0,3745.0,TA46,,,Bernard Tomic,R,196.0,AUS,21.977,76.0,726.0,6-3 7-5,3,SF,79.0,7.0,3.0,68.0,42.0,33.0,13.0,11.0,3.0,4.0,4.0,1.0,63.0,40.0,27.0,10.0,10.0,1.0,4.0
2014-429,Stockholm,Hard,28,250,I,20141013,27,BA47,1.0,,Tomas Berdych,R,196.0,CZE,29.07,7.0,4325.0,D875,2.0,,Grigor Dimitrov,R,191.0,BUL,23.411,10.0,3745.0,5-7 6-4 6-4,3,F,141.0,13.0,1.0,93.0,53.0,40.0,24.0,16.0,4.0,6.0,8.0,3.0,103.0,72.0,46.0,19.0,16.0,5.0,8.0
2014-438,Moscow,Hard,28,250,I,20141013,1,BE90,,Q,Ricardas Berankis,R,175.0,LTU,24.312,116.0,488.0,KC56,,Q,Aslan Karatsev,R,185.0,RUS,21.106,221.0,218.0,6-3 6-4,3,R32,84.0,2.0,1.0,70.0,43.0,29.0,15.0,10.0,4.0,5.0,2.0,3.0,59.0,40.0,24.0,10.0,9.0,5.0,8.0
2014-438,Moscow,Hard,28,250,I,20141013,2,R419,6.0,,Tommy Robredo,R,180.0,ESP,32.452,21.0,1715.0,KD70,,Q,Pedja Krstin,R,183.0,SRB,20.11,263.0,181.0,7-6(6) 6-4,3,R32,87.0,7.0,0.0,61.0,40.0,30.0,14.0,11.0,1.0,3.0,2.0,4.0,67.0,44.0,26.0,13.0,11.0,1.0,4.0
2014-438,Moscow,Hard,28,250,I,20141013,3,KB05,,,Filip Krajinovic,R,185.0,SRB,22.626,96.0,574.0,J267,,,Malek Jaziri,R,185.0,TUN,30.73,75.0,728.0,6-4 6-2,3,R32,68.0,4.0,0.0,49.0,30.0,23.0,13.0,9.0,1.0,2.0,5.0,1.0,79.0,39.0,26.0,14.0,9.0,11.0,15.0
2014-438,Moscow,Hard,28,250,I,20141013,4,D864,,WC,Evgeny Donskoy,R,185.0,RUS,24.43,128.0,421.0,SC56,,,Dudi Sela,R,175.0,ISR,29.525,106.0,532.0,6-4 6-0,3,R32,63.0,8.0,2.0,46.0,26.0,23.0,12.0,8.0,3.0,3.0,1.0,5.0,61.0,34.0,20.0,11.0,8.0,6.0,10.0
2014-438,Moscow,Hard,28,250,I,20141013,5,G940,,,Sam Groth,R,193.0,AUS,26.984,88.0,634.0,RE44,,WC,Andrey Rublev,R,188.0,RUS,16.98,495.0,72.0,7-6(4) 7-5,3,R32,92.0,20.0,2.0,74.0,41.0,37.0,18.0,12.0,1.0,1.0,4.0,0.0,71.0,45.0,35.0,15.0,12.0,3.0,4.0
2014-438,Moscow,Hard,28,250,I,20141013,6,BD06,5.0,,Roberto Bautista Agut,R,183.0,ESP,26.497,16.0,1935.0,KB54,,,Andrey Kuznetsov,R,183.0,RUS,23.639,85.0,651.0,6-3 6-4,3,R32,79.0,3.0,1.0,65.0,38.0,25.0,15.0,10.0,1.0,3.0,1.0,2.0,61.0,33.0,20.0,11.0,9.0,7.0,11.0
2014-438,Moscow,Hard,28,250,I,20141013,7,G676,,,Daniel Gimeno-Traver,R,183.0,ESP,29.183,112.0,502.0,V708,,,Jiri Vesely,L,198.0,CZE,21.259,71.0,743.0,7-5 6-3,3,R32,82.0,7.0,1.0,55.0,32.0,29.0,13.0,11.0,3.0,4.0,2.0,2.0,76.0,55.0,38.0,6.0,10.0,9.0,12.0
2014-438,Moscow,Hard,28,250,I,20141013,8,D646,,,Ivan Dodig,R,183.0,CRO,29.777,86.0,645.0,R750,,,Pere Riba,R,183.0,ESP,26.516,115.0,496.0,6-4 6-2,3,R32,53.0,12.0,3.0,52.0,34.0,28.0,6.0,9.0,2.0,3.0,1.0,1.0,47.0,29.0,17.0,10.0,9.0,2.0,6.0
2014-438,Moscow,Hard,28,250,I,20141013,9,SA93,8.0,,Andreas Seppi,R,191.0,ITA,30.642,49.0,880.0,L987,,,Dusan Lajovic,R,183.0,SRB,24.287,66.0,764.0,7-5 6-4,3,R32,84.0,9.0,1.0,70.0,45.0,34.0,17.0,11.0,2.0,2.0,5.0,0.0,68.0,41.0,30.0,14.0,11.0,5.0,7.0
2014-438,Moscow,Hard,28,250,I,20141013,10,Y061,7.0,,Mikhail Youzhny,R,183.0,RUS,32.301,27.0,1305.0,BI53,,Q,Victor Baluda,,,RUS,22.034,466.0,80.0,6-3 6-4,3,R32,89.0,2.0,1.0,55.0,26.0,21.0,19.0,10.0,0.0,1.0,4.0,2.0,70.0,44.0,26.0,14.0,9.0,5.0,8.0
2014-438,Moscow,Hard,28,250,I,20141013,11,MA21,,,Juan Monaco,R,185.0,ARG,30.541,70.0,750.0,L503,,,Paolo Lorenzi,R,183.0,ITA,32.827,73.0,734.0,6-3 5-7 6-3,3,R32,146.0,3.0,3.0,94.0,65.0,42.0,15.0,15.0,6.0,10.0,4.0,2.0,100.0,62.0,37.0,18.0,15.0,6.0,12.0
2014-438,Moscow,Hard,28,250,I,20141013,12,K926,,,Mikhail Kukushkin,R,183.0,KAZ,26.798,74.0,732.0,KE29,,WC,Karen Khachanov,R,198.0,RUS,18.396,282.0,169.0,6-7(3) 6-0 6-2,3,R32,124.0,6.0,1.0,89.0,56.0,41.0,16.0,13.0,2.0,3.0,4.0,3.0,90.0,56.0,32.0,14.0,13.0,9.0,15.0
2014-438,Moscow,Hard,28,250,I,20141013,13,BE90,,Q,Ricardas Berankis,R,175.0,LTU,24.312,116.0,488.0,R975,1.0,,Milos Raonic,R,196.0,CAN,23.795,9.0,3885.0,6-3 4-6 6-3,3,R16,113.0,7.0,3.0,83.0,59.0,42.0,12.0,14.0,3.0,5.0,15.0,3.0,85.0,50.0,38.0,14.0,14.0,3.0,7.0
2014-438,Moscow,Hard,28,250,I,20141013,14,BD06,5.0,,Roberto Bautista Agut,R,183.0,ESP,26.497,16.0,1935.0,G940,,,Sam Groth,R,193.0,AUS,26.984,88.0,634.0,7-6(5) 7-6(4),3,R16,84.0,7.0,0.0,71.0,45.0,39.0,21.0,12.0,0.0,0.0,19.0,1.0,72.0,51.0,40.0,16.0,12.0,2.0,2.0
2014-438,Moscow,Hard,28,250,I,20141013,15,G858,3.0,,Ernests Gulbis,R,191.0,LAT,26.119,13.0,2465.0,G676,,,Daniel Gimeno-Traver,R,183.0,ESP,29.183,112.0,502.0,6-3 7-6(3),3,R16,89.0,6.0,1.0,74.0,47.0,33.0,15.0,11.0,1.0,3.0,1.0,3.0,70.0,43.0,25.0,15.0,10.0,4.0,7.0
2014-438,Moscow,Hard,28,250,I,20141013,16,SA93,8.0,,Andreas Seppi,R,191.0,ITA,30.642,49.0,880.0,D646,,,Ivan Dodig,R,183.0,CRO,29.777,86.0,645.0,7-5 7-6(3),3,R16,111.0,4.0,7.0,101.0,60.0,43.0,18.0,12.0,10.0,12.0,13.0,1.0,77.0,47.0,36.0,11.0,12.0,1.0,4.0
2014-438,Moscow,Hard,28,250,I,20141013,17,Y061,7.0,,Mikhail Youzhny,R,183.0,RUS,32.301,27.0,1305.0,MA21,,,Juan Monaco,R,185.0,ARG,30.541,70.0,750.0,6-3 7-6(6),3,R16,102.0,3.0,1.0,80.0,45.0,31.0,20.0,11.0,4.0,6.0,1.0,1.0,65.0,49.0,29.0,10.0,10.0,3.0,6.0
2014-438,Moscow,Hard,28,250,I,20141013,18,K926,,,Mikhail Kukushkin,R,183.0,KAZ,26.798,74.0,732.0,F510,4.0,,Fabio Fognini,R,178.0,ITA,27.389,19.0,1790.0,6-4 6-2,3,R16,76.0,3.0,1.0,59.0,34.0,24.0,12.0,9.0,2.0,4.0,4.0,8.0,65.0,34.0,20.0,10.0,9.0,6.0,11.0
2014-438,Moscow,Hard,28,250,I,20141013,19,R419,6.0,,Tommy Robredo,R,180.0,ESP,32.452,21.0,1715.0,KB05,,,Filip Krajinovic,R,185.0,SRB,22.626,96.0,574.0,6-3 6-4,3,R16,60.0,10.0,1.0,52.0,37.0,35.0,7.0,10.0,2.0,2.0,2.0,1.0,50.0,30.0,21.0,12.0,9.0,5.0,7.0
2014-438,Moscow,Hard,28,250,I,20141013,20,C977,2.0,,Marin Cilic,R,198.0,CRO,26.04,8.0,3945.0,D864,,WC,Evgeny Donskoy,R,185.0,RUS,24.43,128.0,421.0,6-3 3-6 6-3,3,R16,113.0,8.0,3.0,88.0,51.0,39.0,18.0,14.0,3.0,5.0,5.0,1.0,69.0,40.0,31.0,14.0,13.0,2.0,5.0
2014-438,Moscow,Hard,28,250,I,20141013,21,BD06,5.0,,Roberto Bautista Agut,R,183.0,ESP,26.497,16.0,1935.0,BE90,,Q,Ricardas Berankis,R,175.0,LTU,24.312,116.0,488.0,7-5 6-3,3,QF,97.0,9.0,4.0,89.0,59.0,42.0,14.0,11.0,12.0,13.0,0.0,2.0,61.0,37.0,23.0,10.0,10.0,3.0,6.0
2014-438,Moscow,Hard,28,250,I,20141013,22,G858,3.0,,Ernests Gulbis,R,191.0,LAT,26.119,13.0,2465.0,SA93,8.0,,Andreas Seppi,R,191.0,ITA,30.642,49.0,880.0,7-6(6) 4-6 7-6(3),3,QF,148.0,17.0,5.0,112.0,64.0,55.0,19.0,17.0,3.0,5.0,7.0,6.0,108.0,64.0,50.0,26.0,17.0,1.0,2.0
2014-438,Moscow,Hard,28,250,I,20141013,23,K926,,,Mikhail Kukushkin,R,183.0,KAZ,26.798,74.0,732.0,Y061,7.0,,Mikhail Youzhny,R,183.0,RUS,32.301,27.0,1305.0,1-6 7-6(5) 6-0,3,QF,132.0,4.0,1.0,82.0,54.0,40.0,13.0,12.0,1.0,4.0,5.0,1.0,93.0,60.0,41.0,14.0,13.0,4.0,8.0
2014-438,Moscow,Hard,28,250,I,20141013,24,C977,2.0,,Marin Cilic,R,198.0,CRO,26.04,8.0,3945.0,R419,6.0,,Tommy Robredo,R,180.0,ESP,32.452,21.0,1715.0,6-3 6-3,3,QF,77.0,10.0,1.0,65.0,39.0,32.0,10.0,9.0,6.0,7.0,1.0,1.0,54.0,34.0,21.0,8.0,9.0,5.0,9.0
2014-438,Moscow,Hard,28,250,I,20141013,25,BD06,5.0,,Roberto Bautista Agut,R,183.0,ESP,26.497,16.0,1935.0,G858,3.0,,Ernests Gulbis,R,191.0,LAT,26.119,13.0,2465.0,6-4 6-4,3,SF,83.0,4.0,4.0,57.0,33.0,27.0,16.0,10.0,1.0,1.0,7.0,0.0,67.0,39.0,29.0,13.0,10.0,6.0,8.0
2014-438,Moscow,Hard,28,250,I,20141013,26,C977,2.0,,Marin Cilic,R,198.0,CRO,26.04,8.0,3945.0,K926,,,Mikhail Kukushkin,R,183.0,KAZ,26.798,74.0,732.0,4-6 6-3 6-2,3,SF,133.0,10.0,1.0,98.0,53.0,40.0,22.0,14.0,6.0,8.0,1.0,1.0,96.0,59.0,33.0,22.0,13.0,9.0,13.0
2014-438,Moscow,Hard,28,250,I,20141013,27,C977,2.0,,Marin Cilic,R,198.0,CRO,26.04,8.0,3945.0,BD06,5.0,,Roberto Bautista Agut,R,183.0,ESP,26.497,16.0,1935.0,6-4 6-4,3,F,84.0,10.0,1.0,71.0,47.0,32.0,16.0,10.0,6.0,6.0,2.0,1.0,59.0,40.0,28.0,11.0,10.0,2.0,4.0
2014-328,Basel,Hard,32,500,I,20141020,1,F324,1.0,,Roger Federer,R,185.0,SUI,33.199,2.0,9080.0,MA30,,,Gilles Muller,L,193.0,LUX,31.45,51.0,847.0,6-2 6-1,3,R32,46.0,9.0,2.0,36.0,21.0,20.0,12.0,8.0,0.0,0.0,3.0,2.0,38.0,20.0,11.0,8.0,7.0,1.0,5.0
2014-328,Basel,Hard,32,500,I,20141020,2,D646,,,Ivan Dodig,R,183.0,CRO,29.796,85.0,655.0,C582,,WC,Marco Chiudinelli,R,185.0,SUI,33.109,178.0,289.0,6-4 6-7(7) 6-4,3,R32,172.0,17.0,3.0,115.0,55.0,43.0,28.0,16.0,9.0,12.0,2.0,4.0,120.0,61.0,41.0,28.0,16.0,9.0,14.0
2014-328,Basel,Hard,32,500,I,20141020,3,Y124,,,Donald Young,L,183.0,USA,25.243,69.0,751.0,B884,,,Carlos Berlocq,R,183.0,ARG,31.71,78.0,700.0,7-6(5) 6-4,3,R32,105.0,4.0,3.0,64.0,29.0,26.0,17.0,11.0,0.0,2.0,2.0,5.0,88.0,46.0,28.0,23.0,11.0,8.0,11.0
2014-328,Basel,Hard,32,500,I,20141020,4,R975,4.0,,Milos Raonic,R,196.0,CAN,23.814,9.0,3840.0,J386,,,Steve Johnson,R,188.0,USA,24.821,41.0,999.0,7-6(4) 6-4,3,R32,90.0,12.0,1.0,74.0,36.0,29.0,26.0,11.0,5.0,5.0,5.0,1.0,66.0,35.0,26.0,21.0,11.0,1.0,2.0
2014-328,Basel,Hard,32,500,I,20141020,5,CG80,,WC,Borna Coric,R,188.0,CRO,17.93,124.0,447.0,G858,6.0,,Ernests Gulbis,R,191.0,LAT,26.138,13.0,2465.0,7-6(2) 6-3,3,R32,94.0,6.0,2.0,69.0,34.0,25.0,22.0,11.0,4.0,6.0,9.0,4.0,72.0,42.0,26.0,13.0,10.0,11.0,14.0
2014-328,Basel,Hard,32,500,I,20141020,6,G806,,,Andrey Golubev,R,180.0,KAZ,27.247,66.0,766.0,G681,,,Teymuraz Gabashvili,R,185.0,GEO,29.41,62.0,772.0,6-3 6-3,3,R32,62.0,1.0,0.0,42.0,21.0,20.0,16.0,9.0,0.0,0.0,2.0,0.0,54.0,38.0,23.0,8.0,9.0,2.0,5.0
2014-328,Basel,Hard,32,500,I,20141020,7,H996,,Q,Pierre-Hugues Herbert,R,188.0,FRA,23.592,120.0,462.0,R613,,,Edouard Roger-Vasselin,R,185.0,FRA,30.894,64.0,770.0,6-3 6-7(5) 7-6(3),3,R32,139.0,26.0,3.0,115.0,59.0,52.0,32.0,17.0,4.0,4.0,3.0,2.0,110.0,74.0,55.0,19.0,16.0,2.0,3.0
2014-328,Basel,Hard,32,500,I,20141020,8,N409,2.0,,Rafael Nadal,L,185.0,ESP,28.381,3.0,8105.0,BA98,,Q,Simone Bolelli,R,183.0,ITA,29.032,75.0,717.0,6-2 6-2,3,R32,72.0,3.0,0.0,52.0,36.0,29.0,8.0,8.0,0.0,0.0,0.0,0.0,46.0,30.0,16.0,6.0,8.0,3.0,7.0
2014-328,Basel,Hard,32,500,I,20141020,9,I165,,,Denis Istomin,R,185.0,UZB,28.118,55.0,825.0,J397,,,Jerzy Janowicz,R,203.0,POL,23.934,36.0,1075.0,6-1 6-1,3,R32,55.0,14.0,2.0,41.0,26.0,22.0,8.0,7.0,2.0,2.0,2.0,7.0,59.0,30.0,17.0,10.0,7.0,6.0,11.0
2014-328,Basel,Hard,32,500,I,20141020,10,PD07,,,Vasek Pospisil,R,193.0,CAN,24.326,44.0,965.0,N289,,,Jarkko Nieminen,L,185.0,FIN,33.243,57.0,813.0,6-3 6-7(4) 6-4,3,R32,118.0,29.0,3.0,104.0,62.0,55.0,23.0,16.0,3.0,3.0,2.0,4.0,96.0,65.0,55.0,12.0,15.0,6.0,8.0
2014-328,Basel,Hard,32,500,I,20141020,11,D875,5.0,,Grigor Dimitrov,R,191.0,BUL,23.431,11.0,3645.0,Z355,,WC,Alexander Zverev,R,198.0,GER,17.5,135.0,398.0,2-6 6-4 6-2,3,R32,105.0,7.0,5.0,80.0,43.0,31.0,20.0,13.0,11.0,14.0,4.0,3.0,76.0,49.0,32.0,14.0,13.0,1.0,5.0
2014-328,Basel,Hard,32,500,I,20141020,12,K926,,,Mikhail Kukushkin,R,183.0,KAZ,26.817,84.0,660.0,W367,3.0,,Stan Wawrinka,R,183.0,SUI,29.563,4.0,5385.0,6-4 6-7(1) 6-3,3,R32,133.0,2.0,1.0,90.0,50.0,39.0,23.0,16.0,4.0,6.0,3.0,4.0,97.0,48.0,38.0,26.0,15.0,6.0,10.0
2014-328,Basel,Hard,32,500,I,20141020,13,B896,,,Benjamin Becker,R,178.0,GER,33.344,45.0,963.0,E698,,Q,Gastao Elias,R,180.0,POR,23.904,138.0,392.0,6-3 6-2,3,R32,62.0,3.0,4.0,48.0,32.0,27.0,8.0,8.0,2.0,2.0,13.0,3.0,57.0,23.0,19.0,12.0,9.0,3.0,7.0
2014-328,Basel,Hard,32,500,I,20141020,14,D750,,Q,Kenny De Schepper,L,203.0,FRA,27.395,119.0,474.0,D874,,,Federico Delbonis,L,193.0,ARG,24.041,61.0,775.0,7-6(3) 7-5,3,R32,115.0,15.0,5.0,85.0,53.0,41.0,15.0,12.0,3.0,4.0,4.0,2.0,81.0,40.0,27.0,22.0,12.0,7.0,9.0
2014-328,Basel,Hard,32,500,I,20141020,15,K336,8.0,,Ivo Karlovic,R,211.0,CRO,35.641,31.0,1220.0,R685,,,Lukas Rosol,R,193.0,CZE,29.24,30.0,1245.0,7-6(4) 6-3,3,R32,67.0,23.0,1.0,55.0,44.0,42.0,7.0,11.0,0.0,0.0,7.0,7.0,61.0,32.0,27.0,16.0,10.0,3.0,4.0
2014-328,Basel,Hard,32,500,I,20141020,16,GB88,7.0,,David Goffin,R,180.0,BEL,23.869,28.0,1278.0,TB69,,,Dominic Thiem,R,185.0,AUT,21.128,39.0,1024.0,7-6(4) 6-3,3,R32,76.0,15.0,2.0,66.0,35.0,32.0,17.0,11.0,0.0,1.0,1.0,3.0,60.0,42.0,27.0,11.0,10.0,1.0,3.0
2014-328,Basel,Hard,32,500,I,20141020,17,F324,1.0,,Roger Federer,R,185.0,SUI,33.199,2.0,9080.0,I165,,,Denis Istomin,R,185.0,UZB,28.118,55.0,825.0,3-6 6-3 6-4,3,R16,108.0,6.0,0.0,71.0,44.0,40.0,17.0,14.0,3.0,4.0,11.0,4.0,98.0,56.0,42.0,21.0,14.0,10.0,12.0
2014-328,Basel,Hard,32,500,I,20141020,18,D875,5.0,,Grigor Dimitrov,R,191.0,BUL,23.431,11.0,3645.0,PD07,,,Vasek Pospisil,R,193.0,CAN,24.326,44.0,965.0,6-2 6-2,3,R16,64.0,3.0,3.0,48.0,29.0,25.0,9.0,8.0,0.0,0.0,4.0,4.0,53.0,25.0,19.0,10.0,8.0,7.0,11.0
2014-328,Basel,Hard,32,500,I,20141020,19,B896,,,Benjamin Becker,R,178.0,GER,33.344,45.0,963.0,K926,,,Mikhail Kukushkin,R,183.0,KAZ,26.817,84.0,660.0,6-7(3) 7-6(4) 4-0 RET,3,R16,128.0,15.0,3.0,83.0,54.0,42.0,13.0,14.0,2.0,5.0,9.0,1.0,94.0,55.0,34.0,21.0,14.0,5.0,10.0
2014-328,Basel,Hard,32,500,I,20141020,20,K336,8.0,,Ivo Karlovic,R,211.0,CRO,35.641,31.0,1220.0,D750,,Q,Kenny De Schepper,L,203.0,FRA,27.395,119.0,474.0,6-7(6) 6-4 6-3,3,R16,117.0,18.0,4.0,84.0,50.0,48.0,21.0,16.0,1.0,1.0,8.0,2.0,92.0,57.0,43.0,22.0,15.0,4.0,6.0
2014-328,Basel,Hard,32,500,I,20141020,21,GB88,7.0,,David Goffin,R,180.0,BEL,23.869,28.0,1278.0,D646,,,Ivan Dodig,R,183.0,CRO,29.796,85.0,655.0,7-6(0) 6-4,3,R16,92.0,5.0,5.0,68.0,37.0,27.0,16.0,11.0,4.0,7.0,5.0,4.0,78.0,37.0,28.0,15.0,11.0,8.0,12.0
2014-328,Basel,Hard,32,500,I,20141020,22,R975,4.0,,Milos Raonic,R,196.0,CAN,23.814,9.0,3840.0,Y124,,,Donald Young,L,183.0,USA,25.243,69.0,751.0,6-4 6-7(5) 7-6(2),3,R16,139.0,22.0,7.0,114.0,68.0,57.0,23.0,17.0,2.0,2.0,8.0,2.0,109.0,58.0,48.0,27.0,17.0,2.0,3.0
2014-328,Basel,Hard,32,500,I,20141020,23,CG80,,WC,Borna Coric,R,188.0,CRO,17.93,124.0,447.0,G806,,,Andrey Golubev,R,180.0,KAZ,27.247,66.0,766.0,6-4 6-4,3,R16,84.0,2.0,1.0,55.0,25.0,23.0,17.0,10.0,0.0,1.0,4.0,1.0,60.0,33.0,24.0,12.0,10.0,1.0,4.0
2014-328,Basel,Hard,32,500,I,20141020,24,N409,2.0,,Rafael Nadal,L,185.0,ESP,28.381,3.0,8105.0,H996,,Q,Pierre-Hugues Herbert,R,188.0,FRA,23.592,120.0,462.0,6-1 6-1,3,R16,57.0,0.0,1.0,41.0,29.0,21.0,9.0,7.0,2.0,2.0,2.0,11.0,37.0,10.0,6.0,8.0,7.0,1.0,6.0
2014-328,Basel,Hard,32,500,I,20141020,25,F324,1.0,,Roger Federer,R,185.0,SUI,33.199,2.0,9080.0,D875,5.0,,Grigor Dimitrov,R,191.0,BUL,23.431,11.0,3645.0,7-6(4) 6-2,3,QF,90.0,10.0,1.0,65.0,37.0,31.0,18.0,10.0,4.0,4.0,7.0,1.0,74.0,45.0,32.0,13.0,10.0,4.0,6.0
2014-328,Basel,Hard,32,500,I,20141020,26,K336,8.0,,Ivo Karlovic,R,211.0,CRO,35.641,31.0,1220.0,B896,,,Benjamin Becker,R,178.0,GER,33.344,45.0,963.0,6-4 6-4,3,QF,76.0,19.0,5.0,62.0,46.0,40.0,4.0,10.0,4.0,5.0,4.0,3.0,64.0,43.0,28.0,11.0,10.0,3.0,6.0
2014-328,Basel,Hard,32,500,I,20141020,27,GB88,7.0,,David Goffin,R,180.0,BEL,23.869,28.0,1278.0,R975,4.0,,Milos Raonic,R,196.0,CAN,23.814,9.0,3840.0,6-7(3) 6-3 6-4,3,QF,135.0,12.0,6.0,104.0,48.0,44.0,28.0,16.0,6.0,7.0,21.0,8.0,110.0,54.0,45.0,25.0,15.0,6.0,9.0
2014-328,Basel,Hard,32,500,I,20141020,28,CG80,,WC,Borna Coric,R,188.0,CRO,17.93,124.0,447.0,N409,2.0,,Rafael Nadal,L,185.0,ESP,28.381,3.0,8105.0,6-2 7-6(4),3,QF,101.0,6.0,2.0,74.0,36.0,29.0,20.0,10.0,3.0,4.0,1.0,0.0,60.0,44.0,30.0,7.0,10.0,2.0,5.0
2014-328,Basel,Hard,32,500,I,20141020,29,F324,1.0,,Roger Federer,R,185.0,SUI,33.199,2.0,9080.0,K336,8.0,,Ivo Karlovic,R,211.0,CRO,35.641,31.0,1220.0,7-6(8) 3-6 6-3,3,SF,102.0,7.0,3.0,86.0,55.0,47.0,22.0,15.0,1.0,2.0,33.0,2.0,85.0,63.0,53.0,12.0,15.0,3.0,4.0
2014-328,Basel,Hard,32,500,I,20141020,30,GB88,7.0,,David Goffin,R,180.0,BEL,23.869,28.0,1278.0,CG80,,WC,Borna Coric,R,188.0,CRO,17.93,124.0,447.0,6-4 3-6 6-3,3,SF,126.0,10.0,6.0,84.0,39.0,32.0,26.0,14.0,2.0,3.0,10.0,7.0,96.0,56.0,42.0,20.0,14.0,5.0,7.0
2014-328,Basel,Hard,32,500,I,20141020,31,F324,1.0,,Roger Federer,R,185.0,SUI,33.199,2.0,9080.0,GB88,7.0,,David Goffin,R,180.0,BEL,23.869,28.0,1278.0,6-2 6-2,3,F,52.0,5.0,1.0,37.0,22.0,18.0,14.0,8.0,0.0,0.0,6.0,4.0,47.0,23.0,18.0,6.0,8.0,2.0,6.0
2014-573,Valencia,Hard,32,250,I,20141020,1,F401,1.0,,David Ferrer,R,175.0,ESP,32.55,5.0,4585.0,SA93,,,Andreas Seppi,R,191.0,ITA,30.661,53.0,835.0,6-3 7-5,3,R32,94.0,1.0,2.0,58.0,36.0,27.0,13.0,11.0,1.0,3.0,3.0,1.0,71.0,37.0,22.0,15.0,10.0,5.0,9.0
2014-573,Valencia,Hard,32,250,I,20141020,2,CA12,,,Jeremy Chardy,R,188.0,FRA,27.685,34.0,1115.0,J267,,Q,Malek Jaziri,R,185.0,TUN,30.749,74.0,728.0,6-2 6-1,3,R32,47.0,6.0,2.0,35.0,19.0,18.0,10.0,7.0,0.0,0.0,2.0,1.0,49.0,23.0,15.0,5.0,8.0,1.0,6.0
2014-573,Valencia,Hard,32,250,I,20141020,3,CD85,,WC,Pablo Carreno Busta,R,188.0,ESP,23.274,63.0,771.0,G710,,,Marcel Granollers,R,191.0,ESP,28.523,48.0,885.0,6-2 3-1 RET,3,R32,60.0,0.0,0.0,33.0,20.0,16.0,9.0,6.0,1.0,1.0,2.0,1.0,40.0,13.0,9.0,11.0,6.0,3.0,6.0
2014-573,Valencia,Hard,32,250,I,20141020,4,L397,4.0,,Feliciano Lopez,L,188.0,ESP,33.081,15.0,2060.0,GB93,,Q,Norbert Gombos,R,193.0,SVK,24.186,136.0,398.0,6-4 6-4,3,R32,66.0,8.0,2.0,48.0,25.0,22.0,14.0,10.0,0.0,1.0,6.0,5.0,62.0,39.0,27.0,10.0,10.0,5.0,8.0
2014-573,Valencia,Hard,32,250,I,20141020,5,R419,,,Tommy Robredo,R,180.0,ESP,32.471,21.0,1715.0,I186,5.0,,John Isner,R,208.0,USA,29.484,16.0,1970.0,7-6(3) 6-3,3,R32,80.0,6.0,1.0,65.0,47.0,43.0,9.0,11.0,5.0,5.0,10.0,1.0,68.0,45.0,34.0,12.0,10.0,5.0,6.0
2014-573,Valencia,Hard,32,250,I,20141020,6,L575,,,Yen-Hsun Lu,R,180.0,TPE,31.184,42.0,978.0,G476,,,Guillermo Garcia-Lopez,R,185.0,ESP,31.379,38.0,1030.0,6-2 6-3,3,R32,72.0,4.0,4.0,47.0,32.0,25.0,9.0,8.0,0.0,0.0,3.0,2.0,59.0,29.0,18.0,12.0,9.0,6.0,10.0
2014-573,Valencia,Hard,32,250,I,20141020,7,L987,,,Dusan Lajovic,R,183.0,SRB,24.307,67.0,764.0,SH90,,,Joao Sousa,R,185.0,POR,25.558,49.0,877.0,6-3 7-6(8),3,R32,94.0,5.0,2.0,63.0,40.0,29.0,15.0,10.0,3.0,4.0,4.0,0.0,79.0,51.0,34.0,14.0,11.0,6.0,9.0
2014-573,Valencia,Hard,32,250,I,20141020,8,A596,,,Pablo Andujar,R,180.0,ESP,28.739,46.0,936.0,BA47,2.0,,Tomas Berdych,R,196.0,CZE,29.09,6.0,4485.0,6-3 6-2,3,R32,71.0,1.0,0.0,43.0,26.0,20.0,14.0,8.0,3.0,3.0,5.0,4.0,47.0,23.0,16.0,8.0,9.0,1.0,5.0
2014-573,Valencia,Hard,32,250,I,20141020,9,V306,,,Fernando Verdasco,L,188.0,ESP,30.93,35.0,1090.0,MD56,,,Leonardo Mayer,R,191.0,ARG,27.433,25.0,1404.0,6-4 3-6 6-3,3,R32,116.0,7.0,1.0,90.0,62.0,47.0,13.0,14.0,4.0,5.0,9.0,4.0,86.0,57.0,45.0,14.0,14.0,4.0,6.0
2014-573,Valencia,Hard,32,250,I,20141020,10,BD20,,Q,Thomaz Bellucci,L,188.0,BRA,26.806,58.0,794.0,Y061,,,Mikhail Youzhny,R,183.0,RUS,32.32,27.0,1350.0,7-5 6-3,3,R32,77.0,8.0,3.0,56.0,34.0,29.0,12.0,10.0,0.0,0.0,5.0,3.0,68.0,42.0,27.0,14.0,11.0,4.0,7.0
2014-573,Valencia,Hard,32,250,I,20141020,11,BD06,6.0,,Roberto Bautista Agut,R,183.0,ESP,26.516,14.0,2065.0,G725,,,Santiago Giraldo,R,188.0,COL,26.897,32.0,1200.0,6-4 6-4,3,R32,70.0,1.0,2.0,48.0,37.0,32.0,8.0,10.0,0.0,0.0,1.0,1.0,59.0,40.0,23.0,13.0,10.0,0.0,2.0
2014-573,Valencia,Hard,32,250,I,20141020,12,MC10,3.0,,Andy Murray,R,191.0,GBR,27.433,10.0,3795.0,M762,,,Jurgen Melzer,L,183.0,AUT,33.413,121.0,460.0,6-3 6-3,3,R32,80.0,10.0,3.0,52.0,32.0,26.0,6.0,9.0,5.0,8.0,0.0,2.0,59.0,39.0,19.0,7.0,9.0,5.0,11.0
2014-573,Valencia,Hard,32,250,I,20141020,13,F510,,,Fabio Fognini,R,178.0,ITA,27.409,19.0,1790.0,R772,,Q,Albert Ramos-Vinolas,L,188.0,ESP,26.757,68.0,761.0,6-4 6-2,3,R32,68.0,3.0,1.0,43.0,27.0,23.0,13.0,9.0,0.0,0.0,2.0,6.0,67.0,41.0,26.0,12.0,9.0,6.0,9.0
2014-573,Valencia,Hard,32,250,I,20141020,14,K966,,,Martin Klizan,L,191.0,SVK,25.276,37.0,1067.0,KE64,,WC,Stefan Kozlov,R,183.0,USA,16.715,441.0,87.0,6-3 6-3,3,R32,82.0,1.0,3.0,62.0,36.0,27.0,13.0,9.0,5.0,6.0,2.0,4.0,55.0,31.0,19.0,12.0,9.0,7.0,11.0
2014-573,Valencia,Hard,32,250,I,20141020,15,A678,7.0,,Kevin Anderson,R,203.0,RSA,28.424,17.0,1875.0,K435,,,Philipp Kohlschreiber,R,178.0,GER,31.012,23.0,1460.0,6-3 6-4,3,R32,83.0,12.0,2.0,65.0,53.0,38.0,8.0,10.0,8.0,8.0,4.0,2.0,64.0,32.0,21.0,17.0,9.0,5.0,7.0
2014-573,Valencia,Hard,32,250,I,20141020,16,D801,,,Alexandr Dolgopolov,R,180.0,UKR,25.949,24.0,1455.0,SD32,8.0,,Gilles Simon,R,183.0,FRA,29.812,18.0,1810.0,6-0 6-3,3,R32,66.0,10.0,2.0,55.0,29.0,23.0,12.0,8.0,4.0,5.0,2.0,3.0,55.0,29.0,15.0,9.0,7.0,9.0,14.0
2014-573,Valencia,Hard,32,250,I,20141020,17,F401,1.0,,David Ferrer,R,175.0,ESP,32.55,5.0,4585.0,V306,,,Fernando Verdasco,L,188.0,ESP,30.93,35.0,1090.0,6-3 6-2,3,R16,68.0,1.0,0.0,51.0,34.0,26.0,12.0,9.0,0.0,0.0,5.0,5.0,50.0,32.0,23.0,6.0,8.0,6.0,9.0
2014-573,Valencia,Hard,32,250,I,20141020,18,BD20,,Q,Thomaz Bellucci,L,188.0,BRA,26.806,58.0,794.0,BD06,6.0,,Roberto Bautista Agut,R,183.0,ESP,26.516,14.0,2065.0,W/O,3,R16,,1.0,0.0,51.0,34.0,26.0,12.0,9.0,0.0,0.0,5.0,5.0,50.0,32.0,23.0,6.0,8.0,6.0,9.0
2014-573,Valencia,Hard,32,250,I,20141020,19,MC10,3.0,,Andy Murray,R,191.0,GBR,27.433,10.0,3795.0,F510,,,Fabio Fognini,R,178.0,ITA,27.409,19.0,1790.0,6-2 6-4,3,R16,72.0,4.0,1.0,44.0,25.0,23.0,13.0,9.0,0.0,0.0,2.0,5.0,69.0,39.0,25.0,12.0,9.0,7.0,10.0
2014-573,Valencia,Hard,32,250,I,20141020,20,A678,7.0,,Kevin Anderson,R,203.0,RSA,28.424,17.0,1875.0,K966,,,Martin Klizan,L,191.0,SVK,25.276,37.0,1067.0,W/O,3,R16,,7.0,1.0,90.0,62.0,47.0,13.0,14.0,4.0,5.0,9.0,4.0,86.0,57.0,45.0,14.0,14.0,4.0,6.0
2014-573,Valencia,Hard,32,250,I,20141020,21,CA12,,,Jeremy Chardy,R,188.0,FRA,27.685,34.0,1115.0,D801,,,Alexandr Dolgopolov,R,180.0,UKR,25.949,24.0,1455.0,3-6 7-6(4) 7-5,3,R16,123.0,8.0,9.0,98.0,57.0,48.0,16.0,16.0,8.0,12.0,10.0,8.0,100.0,51.0,38.0,25.0,17.0,3.0,7.0
2014-573,Valencia,Hard,32,250,I,20141020,22,CD85,,WC,Pablo Carreno Busta,R,188.0,ESP,23.274,63.0,771.0,L397,4.0,,Feliciano Lopez,L,188.0,ESP,33.081,15.0,2060.0,6-4 6-4,3,R16,65.0,1.0,0.0,48.0,31.0,24.0,12.0,10.0,0.0,1.0,4.0,4.0,54.0,24.0,19.0,15.0,10.0,1.0,4.0
2014-573,Valencia,Hard,32,250,I,20141020,23,R419,,,Tommy Robredo,R,180.0,ESP,32.471,21.0,1715.0,L575,,,Yen-Hsun Lu,R,180.0,TPE,31.184,42.0,978.0,6-2 6-4,3,R16,77.0,3.0,3.0,47.0,30.0,25.0,11.0,9.0,1.0,2.0,3.0,2.0,65.0,35.0,21.0,13.0,9.0,8.0,12.0
2014-573,Valencia,Hard,32,250,I,20141020,24,A596,,,Pablo Andujar,R,180.0,ESP,28.739,46.0,936.0,L987,,,Dusan Lajovic,R,183.0,SRB,24.307,67.0,764.0,6-3 6-2,3,R16,70.0,1.0,0.0,48.0,23.0,17.0,17.0,9.0,0.0,1.0,1.0,0.0,48.0,32.0,17.0,8.0,8.0,2.0,6.0
2014-573,Valencia,Hard,32,250,I,20141020,25,F401,1.0,,David Ferrer,R,175.0,ESP,32.55,5.0,4585.0,BD20,,Q,Thomaz Bellucci,L,188.0,BRA,26.806,58.0,794.0,6-1 6-2,3,QF,67.0,1.0,1.0,47.0,30.0,24.0,11.0,8.0,3.0,3.0,1.0,1.0,55.0,28.0,15.0,11.0,7.0,4.0,8.0
2014-573,Valencia,Hard,32,250,I,20141020,26,MC10,3.0,,Andy Murray,R,191.0,GBR,27.433,10.0,3795.0,A678,7.0,,Kevin Anderson,R,203.0,RSA,28.424,17.0,1875.0,6-7(3) 6-4 6-4,3,QF,164.0,8.0,7.0,93.0,45.0,36.0,23.0,16.0,3.0,6.0,9.0,2.0,120.0,80.0,53.0,15.0,16.0,7.0,12.0
2014-573,Valencia,Hard,32,250,I,20141020,27,CA12,,,Jeremy Chardy,R,188.0,FRA,27.685,34.0,1115.0,CD85,,WC,Pablo Carreno Busta,R,188.0,ESP,23.274,63.0,771.0,6-1 6-2,3,QF,51.0,7.0,1.0,48.0,27.0,25.0,11.0,8.0,3.0,3.0,1.0,1.0,35.0,20.0,13.0,4.0,7.0,1.0,5.0
2014-573,Valencia,Hard,32,250,I,20141020,28,R419,,,Tommy Robredo,R,180.0,ESP,32.471,21.0,1715.0,A596,,,Pablo Andujar,R,180.0,ESP,28.739,46.0,936.0,7-6(4) 6-4,3,QF,113.0,5.0,3.0,68.0,36.0,29.0,16.0,11.0,2.0,4.0,0.0,3.0,91.0,58.0,33.0,19.0,11.0,5.0,8.0
2014-573,Valencia,Hard,32,250,I,20141020,29,MC10,3.0,,Andy Murray,R,191.0,GBR,27.433,10.0,3795.0,F401,1.0,,David Ferrer,R,175.0,ESP,32.55,5.0,4585.0,6-4 7-5,3,SF,119.0,4.0,2.0,71.0,45.0,34.0,12.0,11.0,5.0,7.0,1.0,6.0,72.0,40.0,28.0,13.0,11.0,6.0,10.0
2014-573,Valencia,Hard,32,250,I,20141020,30,R419,,,Tommy Robredo,R,180.0,ESP,32.471,21.0,1715.0,CA12,,,Jeremy Chardy,R,188.0,FRA,27.685,34.0,1115.0,7-6(7) 7-6(2),3,SF,121.0,6.0,6.0,97.0,48.0,34.0,26.0,12.0,4.0,6.0,5.0,4.0,81.0,49.0,35.0,16.0,12.0,1.0,3.0
2014-573,Valencia,Hard,32,250,I,20141020,31,MC10,3.0,,Andy Murray,R,191.0,GBR,27.433,10.0,3795.0,R419,,,Tommy Robredo,R,180.0,ESP,32.471,21.0,1715.0,3-6 7-6(7) 7-6(8),3,F,200.0,6.0,5.0,108.0,74.0,54.0,17.0,17.0,0.0,4.0,8.0,4.0,135.0,87.0,64.0,20.0,16.0,11.0,13.0
2014-352,Paris Masters,Hard,48,M,I,20141027,1,K435,,,Philipp Kohlschreiber,R,178.0,GER,31.031,24.0,1460.0,R613,,WC,Edouard Roger-Vasselin,R,185.0,FRA,30.913,90.0,610.0,6-3 6-1,3,R64,62.0,8.0,0.0,48.0,28.0,24.0,11.0,8.0,3.0,3.0,5.0,4.0,48.0,26.0,19.0,5.0,8.0,2.0,6.0
2014-352,Paris Masters,Hard,48,M,I,20141027,2,Q927,,Q,Sam Querrey,R,198.0,USA,27.055,38.0,1020.0,J397,,,Jerzy Janowicz,R,203.0,POL,23.953,42.0,995.0,6-7(5) 6-2 6-4,3,R64,117.0,17.0,4.0,101.0,55.0,46.0,23.0,15.0,3.0,3.0,11.0,6.0,97.0,64.0,52.0,10.0,15.0,6.0,9.0
2014-352,Paris Masters,Hard,48,M,I,20141027,3,G725,,,Santiago Giraldo,R,188.0,COL,26.916,31.0,1200.0,Y061,,,Mikhail Youzhny,R,183.0,RUS,32.339,47.0,850.0,6-2 6-4,3,R64,63.0,1.0,0.0,44.0,28.0,21.0,9.0,9.0,1.0,3.0,1.0,4.0,54.0,31.0,19.0,7.0,9.0,3.0,8.0
2014-352,Paris Masters,Hard,48,M,I,20141027,4,TB69,,,Dominic Thiem,R,185.0,AUT,21.147,37.0,1024.0,D801,,,Alexandr Dolgopolov,R,180.0,UKR,25.969,25.0,1455.0,6-2 4-6 6-0,3,R64,86.0,1.0,3.0,67.0,46.0,33.0,12.0,12.0,4.0,6.0,4.0,4.0,75.0,31.0,18.0,19.0,12.0,4.0,10.0
2014-352,Paris Masters,Hard,48,M,I,20141027,5,SM25,,Q,Jack Sock,R,191.0,USA,22.089,44.0,896.0,A596,,,Pablo Andujar,R,180.0,ESP,28.758,40.0,1001.0,6-1 6-1,3,R64,68.0,1.0,2.0,47.0,20.0,18.0,13.0,7.0,4.0,5.0,0.0,7.0,59.0,34.0,18.0,6.0,7.0,2.0,8.0
2014-352,Paris Masters,Hard,48,M,I,20141027,6,G628,,,Richard Gasquet,R,183.0,FRA,28.359,23.0,1485.0,I165,,Q,Denis Istomin,R,185.0,UZB,28.137,55.0,825.0,6-7(4) 6-2 4-0 RET,3,R64,122.0,13.0,2.0,79.0,50.0,42.0,16.0,12.0,2.0,2.0,12.0,2.0,83.0,51.0,34.0,18.0,12.0,4.0,8.0
2014-352,Paris Masters,Hard,48,M,I,20141027,7,PF39,,Q,Lucas Pouille,R,185.0,FRA,20.674,176.0,290.0,K336,,,Ivo Karlovic,R,211.0,CRO,35.661,27.0,1355.0,6-1 6-4,3,R64,68.0,9.0,1.0,53.0,29.0,22.0,17.0,9.0,3.0,3.0,5.0,3.0,54.0,33.0,18.0,11.0,8.0,1.0,4.0
2014-352,Paris Masters,Hard,48,M,I,20141027,8,CA12,,,Jeremy Chardy,R,188.0,FRA,27.704,30.0,1205.0,D750,,Q,Kenny De Schepper,L,203.0,FRA,27.414,105.0,532.0,7-6(5) 7-6(4),3,R64,123.0,8.0,5.0,94.0,59.0,46.0,17.0,12.0,6.0,6.0,15.0,4.0,82.0,52.0,42.0,13.0,12.0,2.0,2.0
2014-352,Paris Masters,Hard,48,M,I,20141027,9,MC65,,,Gael Monfils,R,193.0,FRA,28.153,21.0,1735.0,SH90,,,Joao Sousa,R,185.0,POR,25.577,52.0,832.0,6-1 6-4,3,R64,76.0,9.0,1.0,68.0,44.0,35.0,10.0,9.0,5.0,5.0,2.0,5.0,66.0,41.0,26.0,10.0,8.0,6.0,9.0
2014-352,Paris Masters,Hard,48,M,I,20141027,10,C882,,,Pablo Cuevas,R,180.0,URU,28.819,34.0,1049.0,MD56,,,Leonardo Mayer,R,191.0,ARG,27.452,26.0,1404.0,7-6(3) 1-0 RET,3,R64,61.0,5.0,1.0,37.0,24.0,20.0,9.0,6.0,2.0,2.0,4.0,1.0,49.0,25.0,18.0,13.0,7.0,4.0,5.0
2014-352,Paris Masters,Hard,48,M,I,20141027,11,B747,,,Julien Benneteau,R,185.0,FRA,32.851,28.0,1330.0,L575,,,Yen-Hsun Lu,R,180.0,TPE,31.203,39.0,1003.0,6-3 6-4,3,R64,67.0,7.0,2.0,58.0,33.0,27.0,15.0,10.0,0.0,0.0,7.0,3.0,47.0,31.0,25.0,8.0,9.0,0.0,2.0
2014-352,Paris Masters,Hard,48,M,I,20141027,12,GB88,,,David Goffin,R,180.0,BEL,23.888,22.0,1566.0,R685,,,Lukas Rosol,R,193.0,CZE,29.259,29.0,1245.0,6-4 6-3,3,R64,66.0,9.0,2.0,62.0,33.0,26.0,18.0,10.0,2.0,2.0,3.0,3.0,49.0,25.0,22.0,9.0,9.0,1.0,3.0
2014-352,Paris Masters,Hard,48,M,I,20141027,13,V306,,,Fernando Verdasco,L,188.0,ESP,30.949,33.0,1090.0,Y124,,Q,Donald Young,L,183.0,USA,25.262,61.0,779.0,4-6 6-1 6-3,3,R64,100.0,9.0,3.0,77.0,45.0,36.0,18.0,13.0,2.0,3.0,1.0,10.0,89.0,50.0,31.0,19.0,13.0,4.0,8.0
2014-352,Paris Masters,Hard,48,M,I,20141027,14,M762,,,Jurgen Melzer,L,183.0,AUT,33.432,122.0,460.0,G476,,,Guillermo Garcia-Lopez,R,185.0,ESP,31.398,36.0,1030.0,6-4 6-1,3,R64,65.0,3.0,0.0,42.0,34.0,24.0,5.0,8.0,0.0,1.0,2.0,5.0,55.0,26.0,14.0,14.0,9.0,3.0,8.0
2014-352,Paris Masters,Hard,48,M,I,20141027,15,R419,,,Tommy Robredo,R,180.0,ESP,32.49,17.0,1970.0,PD07,,,Vasek Pospisil,R,193.0,CAN,24.345,54.0,830.0,6-3 4-6 7-6(5),3,R64,130.0,1.0,4.0,117.0,80.0,53.0,22.0,15.0,5.0,7.0,13.0,4.0,82.0,45.0,39.0,23.0,16.0,0.0,3.0
2014-352,Paris Masters,Hard,48,M,I,20141027,16,ME82,,WC,Adrian Mannarino,L,180.0,FRA,26.327,73.0,729.0,H996,,WC,Pierre-Hugues Herbert,R,188.0,FRA,23.611,109.0,519.0,7-6(3) 6-3,3,R64,90.0,4.0,1.0,70.0,46.0,30.0,17.0,11.0,1.0,3.0,9.0,4.0,69.0,34.0,24.0,18.0,10.0,6.0,9.0
2014-352,Paris Masters,Hard,48,M,I,20141027,17,D643,1.0,,Novak Djokovic,R,188.0,SRB,27.433,1.0,11510.0,K435,,,Philipp Kohlschreiber,R,178.0,GER,31.031,24.0,1460.0,6-3 6-4,3,R32,85.0,3.0,1.0,62.0,38.0,28.0,13.0,10.0,0.0,1.0,2.0,0.0,58.0,27.0,18.0,15.0,9.0,4.0,7.0
2014-352,Paris Masters,Hard,48,M,I,20141027,18,MC65,,,Gael Monfils,R,193.0,FRA,28.153,21.0,1735.0,I186,13.0,,John Isner,R,208.0,USA,29.503,16.0,1970.0,6-4 7-6(4),3,R32,93.0,11.0,2.0,68.0,47.0,38.0,14.0,11.0,0.0,0.0,9.0,1.0,85.0,63.0,47.0,8.0,11.0,8.0,9.0
2014-352,Paris Masters,Hard,48,M,I,20141027,19,D875,9.0,,Grigor Dimitrov,R,191.0,BUL,23.45,11.0,3645.0,C882,,,Pablo Cuevas,R,180.0,URU,28.819,34.0,1049.0,6-0 6-3,3,R32,62.0,6.0,1.0,55.0,31.0,25.0,13.0,8.0,2.0,2.0,4.0,1.0,47.0,24.0,13.0,10.0,7.0,2.0,6.0
2014-352,Paris Masters,Hard,48,M,I,20141027,20,MC10,8.0,,Andy Murray,R,191.0,GBR,27.452,8.0,4295.0,B747,,,Julien Benneteau,R,185.0,FRA,32.851,28.0,1330.0,6-3 6-4,3,R32,72.0,5.0,0.0,52.0,25.0,21.0,18.0,10.0,3.0,4.0,2.0,3.0,49.0,36.0,25.0,4.0,9.0,0.0,3.0
2014-352,Paris Masters,Hard,48,M,I,20141027,21,F401,4.0,,David Ferrer,R,175.0,ESP,32.569,6.0,4465.0,GB88,,,David Goffin,R,180.0,BEL,23.888,22.0,1566.0,6-3 2-6 6-3,3,R32,106.0,0.0,4.0,72.0,48.0,35.0,12.0,13.0,3.0,6.0,5.0,5.0,82.0,41.0,27.0,21.0,13.0,6.0,10.0
2014-352,Paris Masters,Hard,48,M,I,20141027,22,V306,,,Fernando Verdasco,L,188.0,ESP,30.949,33.0,1090.0,SD32,15.0,,Gilles Simon,R,183.0,FRA,29.832,19.0,1810.0,6-3 3-6 6-4,3,R32,113.0,3.0,3.0,72.0,40.0,30.0,17.0,14.0,1.0,4.0,4.0,2.0,94.0,55.0,38.0,19.0,14.0,5.0,9.0
2014-352,Paris Masters,Hard,48,M,I,20141027,23,T786,10.0,,Jo-Wilfried Tsonga,R,188.0,FRA,29.528,12.0,2660.0,M762,,,Jurgen Melzer,L,183.0,AUT,33.432,122.0,460.0,6-2 4-6 6-2,3,R32,101.0,10.0,3.0,71.0,44.0,37.0,9.0,13.0,2.0,5.0,6.0,2.0,69.0,37.0,24.0,14.0,13.0,2.0,8.0
2014-352,Paris Masters,Hard,48,M,I,20141027,24,N552,6.0,,Kei Nishikori,R,178.0,JPN,24.827,7.0,4355.0,R419,,,Tommy Robredo,R,180.0,ESP,32.49,17.0,1970.0,6-7(4) 6-2 6-3,3,R32,117.0,4.0,6.0,91.0,53.0,46.0,22.0,15.0,2.0,2.0,3.0,2.0,83.0,50.0,35.0,19.0,14.0,3.0,6.0
2014-352,Paris Masters,Hard,48,M,I,20141027,25,BA47,5.0,,Tomas Berdych,R,196.0,CZE,29.109,5.0,4485.0,ME82,,WC,Adrian Mannarino,L,180.0,FRA,26.327,73.0,729.0,6-4 6-7(3) 6-2,3,R32,142.0,7.0,1.0,90.0,51.0,37.0,24.0,15.0,3.0,5.0,8.0,5.0,108.0,56.0,39.0,28.0,15.0,6.0,11.0
2014-352,Paris Masters,Hard,48,M,I,20141027,26,L397,12.0,,Feliciano Lopez,L,188.0,ESP,33.101,14.0,2085.0,Q927,,Q,Sam Querrey,R,198.0,USA,27.055,38.0,1020.0,6-4 6-4,3,R32,66.0,10.0,1.0,52.0,28.0,22.0,15.0,10.0,0.0,1.0,13.0,0.0,69.0,43.0,26.0,14.0,10.0,6.0,9.0
2014-352,Paris Masters,Hard,48,M,I,20141027,27,A678,14.0,,Kevin Anderson,R,203.0,RSA,28.444,18.0,1945.0,G725,,,Santiago Giraldo,R,188.0,COL,26.916,31.0,1200.0,6-4 7-6(8),3,R32,115.0,12.0,3.0,89.0,64.0,50.0,10.0,11.0,5.0,6.0,2.0,1.0,86.0,66.0,42.0,13.0,11.0,4.0,6.0
2014-352,Paris Masters,Hard,48,M,I,20141027,28,W367,3.0,,Stan Wawrinka,R,183.0,SUI,29.582,4.0,5385.0,TB69,,,Dominic Thiem,R,185.0,AUT,21.147,37.0,1024.0,6-4 7-6(6),3,R32,97.0,2.0,2.0,73.0,45.0,38.0,12.0,11.0,2.0,3.0,3.0,1.0,83.0,59.0,43.0,8.0,11.0,5.0,7.0
2014-352,Paris Masters,Hard,48,M,I,20141027,29,R975,7.0,,Milos Raonic,R,196.0,CAN,23.833,10.0,3930.0,SM25,,Q,Jack Sock,R,191.0,USA,22.089,44.0,896.0,6-3 5-7 7-6(4),3,R32,122.0,19.0,3.0,99.0,61.0,51.0,23.0,17.0,1.0,2.0,17.0,3.0,94.0,57.0,49.0,21.0,16.0,3.0,4.0
2014-352,Paris Masters,Hard,48,M,I,20141027,30,BD06,11.0,,Roberto Bautista Agut,R,183.0,ESP,26.535,15.0,2065.0,G628,,,Richard Gasquet,R,183.0,FRA,28.359,23.0,1485.0,6-4 6-2,3,R32,72.0,5.0,2.0,57.0,41.0,33.0,8.0,9.0,1.0,1.0,5.0,1.0,51.0,33.0,21.0,10.0,9.0,2.0,5.0
2014-352,Paris Masters,Hard,48,M,I,20141027,31,PF39,,Q,Lucas Pouille,R,185.0,FRA,20.674,176.0,290.0,F510,16.0,,Fabio Fognini,R,178.0,ITA,27.428,20.0,1790.0,7-6(5) 7-6(7),3,R32,102.0,3.0,3.0,82.0,43.0,32.0,20.0,12.0,2.0,5.0,5.0,5.0,82.0,48.0,35.0,15.0,12.0,3.0,6.0
2014-352,Paris Masters,Hard,48,M,I,20141027,32,F324,2.0,,Roger Federer,R,185.0,SUI,33.218,2.0,9280.0,CA12,,,Jeremy Chardy,R,188.0,FRA,27.704,30.0,1205.0,7-6(5) 6-7(5) 6-4,3,R32,152.0,10.0,3.0,123.0,72.0,55.0,27.0,17.0,7.0,9.0,7.0,8.0,119.0,72.0,54.0,23.0,17.0,9.0,12.0
2014-352,Paris Masters,Hard,48,M,I,20141027,33,D643,1.0,,Novak Djokovic,R,188.0,SRB,27.433,1.0,11510.0,MC65,,,Gael Monfils,R,193.0,FRA,28.153,21.0,1735.0,6-3 7-6(2),3,R16,92.0,1.0,5.0,70.0,39.0,32.0,16.0,11.0,2.0,3.0,12.0,4.0,60.0,38.0,27.0,10.0,10.0,4.0,6.0
2014-352,Paris Masters,Hard,48,M,I,20141027,34,MC10,8.0,,Andy Murray,R,191.0,GBR,27.452,8.0,4295.0,D875,9.0,,Grigor Dimitrov,R,191.0,BUL,23.45,11.0,3645.0,6-3 6-3,3,R16,70.0,7.0,2.0,44.0,29.0,27.0,9.0,9.0,0.0,0.0,0.0,2.0,53.0,33.0,21.0,10.0,9.0,1.0,4.0
2014-352,Paris Masters,Hard,48,M,I,20141027,35,F401,4.0,,David Ferrer,R,175.0,ESP,32.569,6.0,4465.0,V306,,,Fernando Verdasco,L,188.0,ESP,30.949,33.0,1090.0,6-1 6-2,3,R16,55.0,0.0,0.0,42.0,28.0,21.0,9.0,8.0,0.0,1.0,1.0,5.0,39.0,22.0,10.0,4.0,7.0,2.0,7.0
2014-352,Paris Masters,Hard,48,M,I,20141027,36,N552,6.0,,Kei Nishikori,R,178.0,JPN,24.827,7.0,4355.0,T786,10.0,,Jo-Wilfried Tsonga,R,188.0,FRA,29.528,12.0,2660.0,6-1 4-6 6-4,3,R16,129.0,1.0,3.0,87.0,47.0,33.0,24.0,13.0,5.0,6.0,10.0,5.0,101.0,51.0,38.0,21.0,14.0,8.0,12.0
2014-352,Paris Masters,Hard,48,M,I,20141027,37,BA47,5.0,,Tomas Berdych,R,196.0,CZE,29.109,5.0,4485.0,L397,12.0,,Feliciano Lopez,L,188.0,ESP,33.101,14.0,2085.0,7-5 6-3,3,R16,94.0,8.0,2.0,77.0,45.0,32.0,16.0,11.0,6.0,8.0,5.0,3.0,59.0,30.0,22.0,10.0,10.0,2.0,6.0
2014-352,Paris Masters,Hard,48,M,I,20141027,38,A678,14.0,,Kevin Anderson,R,203.0,RSA,28.444,18.0,1945.0,W367,3.0,,Stan Wawrinka,R,183.0,SUI,29.582,4.0,5385.0,6-7(2) 7-5 7-6(3),3,R16,170.0,18.0,3.0,125.0,84.0,63.0,23.0,18.0,4.0,5.0,8.0,3.0,114.0,59.0,48.0,31.0,18.0,6.0,8.0
2014-352,Paris Masters,Hard,48,M,I,20141027,39,R975,7.0,,Milos Raonic,R,196.0,CAN,23.833,10.0,3930.0,BD06,11.0,,Roberto Bautista Agut,R,183.0,ESP,26.535,15.0,2065.0,7-5 7-6(7),3,R16,104.0,23.0,2.0,84.0,48.0,38.0,17.0,12.0,2.0,4.0,1.0,5.0,80.0,57.0,37.0,14.0,12.0,3.0,6.0
2014-352,Paris Masters,Hard,48,M,I,20141027,40,F324,2.0,,Roger Federer,R,185.0,SUI,33.218,2.0,9280.0,PF39,,Q,Lucas Pouille,R,185.0,FRA,20.674,176.0,290.0,6-4 6-4,3,R16,75.0,4.0,1.0,54.0,29.0,27.0,15.0,10.0,0.0,0.0,7.0,3.0,77.0,47.0,37.0,10.0,10.0,8.0,10.0
2014-352,Paris Masters,Hard,48,M,I,20141027,41,D643,1.0,,Novak Djokovic,R,188.0,SRB,27.433,1.0,11510.0,MC10,8.0,,Andy Murray,R,191.0,GBR,27.452,8.0,4295.0,7-5 6-2,3,QF,101.0,1.0,1.0,55.0,35.0,28.0,12.0,10.0,1.0,2.0,5.0,3.0,67.0,34.0,23.0,14.0,10.0,9.0,13.0
2014-352,Paris Masters,Hard,48,M,I,20141027,42,N552,6.0,,Kei Nishikori,R,178.0,JPN,24.827,7.0,4355.0,F401,4.0,,David Ferrer,R,175.0,ESP,32.569,6.0,4465.0,3-6 7-6(5) 6-4,3,QF,164.0,3.0,3.0,105.0,63.0,43.0,13.0,15.0,3.0,9.0,1.0,4.0,116.0,59.0,40.0,24.0,16.0,10.0,16.0
2014-352,Paris Masters,Hard,48,M,I,20141027,43,BA47,5.0,,Tomas Berdych,R,196.0,CZE,29.109,5.0,4485.0,A678,14.0,,Kevin Anderson,R,203.0,RSA,28.444,18.0,1945.0,6-7(4) 6-4 6-4,3,QF,154.0,16.0,7.0,103.0,54.0,48.0,22.0,16.0,0.0,2.0,12.0,2.0,101.0,69.0,52.0,13.0,16.0,5.0,9.0
2014-352,Paris Masters,Hard,48,M,I,20141027,44,R975,7.0,,Milos Raonic,R,196.0,CAN,23.833,10.0,3930.0,F324,2.0,,Roger Federer,R,185.0,SUI,33.218,2.0,9280.0,7-6(5) 7-5,3,QF,93.0,21.0,1.0,70.0,47.0,40.0,15.0,12.0,1.0,1.0,8.0,1.0,69.0,43.0,38.0,14.0,12.0,1.0,2.0
2014-352,Paris Masters,Hard,48,M,I,20141027,45,D643,1.0,,Novak Djokovic,R,188.0,SRB,27.433,1.0,11510.0,N552,6.0,,Kei Nishikori,R,178.0,JPN,24.827,7.0,4355.0,6-2 6-3,3,SF,62.0,8.0,0.0,48.0,36.0,29.0,6.0,9.0,3.0,4.0,1.0,4.0,48.0,32.0,21.0,2.0,8.0,3.0,7.0
2014-352,Paris Masters,Hard,48,M,I,20141027,46,R975,7.0,,Milos Raonic,R,196.0,CAN,23.833,10.0,3930.0,BA47,5.0,,Tomas Berdych,R,196.0,CZE,29.109,5.0,4485.0,6-3 3-6 7-5,3,SF,129.0,12.0,3.0,90.0,51.0,46.0,17.0,15.0,3.0,4.0,7.0,4.0,88.0,51.0,37.0,21.0,15.0,1.0,3.0
2014-352,Paris Masters,Hard,48,M,I,20141027,47,D643,1.0,,Novak Djokovic,R,188.0,SRB,27.433,1.0,11510.0,R975,7.0,,Milos Raonic,R,196.0,CAN,23.833,10.0,3930.0,6-2 6-3,3,F,83.0,4.0,0.0,56.0,42.0,34.0,7.0,9.0,4.0,4.0,9.0,2.0,56.0,37.0,24.0,7.0,8.0,6.0,9.0
2014-605,Tour Finals,Hard,8,F,I,20141109,1,D643,1.0,,Novak Djokovic,R,188.0,SRB,27.469,1.0,10010.0,W367,3.0,,Stan Wawrinka,R,183.0,SUI,29.618,4.0,4895.0,6-3 6-0,3,RR,65.0,3.0,0.0,48.0,34.0,26.0,7.0,8.0,2.0,3.0,2.0,3.0,45.0,22.0,10.0,6.0,7.0,4.0,9.0
2014-605,Tour Finals,Hard,8,F,I,20141109,2,N552,4.0,,Kei Nishikori,R,178.0,JPN,24.862,5.0,4625.0,F401,9.0,,David Ferrer,R,175.0,ESP,32.605,10.0,4045.0,4-6 6-4 6-1,3,RR,117.0,5.0,6.0,84.0,49.0,39.0,15.0,13.0,7.0,9.0,2.0,3.0,88.0,48.0,30.0,20.0,14.0,4.0,9.0
2014-605,Tour Finals,Hard,8,F,I,20141109,3,F324,2.0,,Roger Federer,R,185.0,SUI,33.254,2.0,8700.0,R975,8.0,,Milos Raonic,R,196.0,CAN,23.869,8.0,4440.0,6-1 7-6(0),3,RR,89.0,5.0,2.0,75.0,42.0,32.0,20.0,10.0,4.0,4.0,10.0,2.0,60.0,28.0,22.0,15.0,9.0,4.0,6.0
2014-605,Tour Finals,Hard,8,F,I,20141109,4,MC10,5.0,,Andy Murray,R,191.0,GBR,27.488,6.0,4475.0,R975,8.0,,Milos Raonic,R,196.0,CAN,23.869,8.0,4440.0,6-3 7-5,3,RR,92.0,4.0,2.0,66.0,36.0,28.0,16.0,11.0,0.0,1.0,4.0,2.0,62.0,33.0,23.0,14.0,10.0,2.0,5.0
2014-605,Tour Finals,Hard,8,F,I,20141109,5,D643,1.0,,Novak Djokovic,R,188.0,SRB,27.469,1.0,10010.0,BA47,6.0,,Tomas Berdych,R,196.0,CZE,29.144,7.0,4465.0,6-2 6-2,3,RR,69.0,3.0,1.0,41.0,24.0,20.0,12.0,8.0,0.0,0.0,2.0,2.0,52.0,22.0,16.0,9.0,8.0,2.0,6.0
2014-605,Tour Finals,Hard,8,F,I,20141109,6,D643,1.0,,Novak Djokovic,R,188.0,SRB,27.469,1.0,10010.0,C977,8.0,,Marin Cilic,R,198.0,CRO,26.114,9.0,4150.0,6-1 6-1,3,RR,57.0,4.0,1.0,37.0,23.0,18.0,8.0,7.0,0.0,1.0,1.0,2.0,46.0,25.0,13.0,5.0,7.0,3.0,9.0
2014-605,Tour Finals,Hard,8,F,I,20141109,7,W367,3.0,,Stan Wawrinka,R,183.0,SUI,29.618,4.0,4895.0,BA47,6.0,,Tomas Berdych,R,196.0,CZE,29.144,7.0,4465.0,6-1 6-1,3,RR,58.0,5.0,0.0,33.0,22.0,21.0,7.0,7.0,0.0,0.0,3.0,3.0,55.0,31.0,19.0,5.0,7.0,4.0,9.0
2014-605,Tour Finals,Hard,8,F,I,20141109,8,W367,3.0,,Stan Wawrinka,R,183.0,SUI,29.618,4.0,4895.0,C977,8.0,,Marin Cilic,R,198.0,CRO,26.114,9.0,4150.0,6-3 4-6 6-3,3,RR,106.0,7.0,4.0,78.0,38.0,28.0,25.0,14.0,1.0,3.0,7.0,4.0,86.0,54.0,42.0,10.0,14.0,4.0,8.0
2014-605,Tour Finals,Hard,8,F,I,20141109,9,BA47,6.0,,Tomas Berdych,R,196.0,CZE,29.144,7.0,4465.0,C977,8.0,,Marin Cilic,R,198.0,CRO,26.114,9.0,4150.0,6-3 6-1,3,RR,75.0,5.0,1.0,51.0,28.0,20.0,16.0,8.0,6.0,6.0,3.0,0.0,55.0,28.0,17.0,11.0,8.0,7.0,11.0
2014-605,Tour Finals,Hard,8,F,I,20141109,10,F324,2.0,,Roger Federer,R,185.0,SUI,33.254,2.0,8700.0,N552,4.0,,Kei Nishikori,R,178.0,JPN,24.862,5.0,4625.0,6-3 6-2,3,RR,69.0,7.0,1.0,59.0,34.0,27.0,14.0,9.0,3.0,3.0,1.0,5.0,52.0,28.0,19.0,11.0,8.0,4.0,7.0
2014-605,Tour Finals,Hard,8,F,I,20141109,11,F324,2.0,,Roger Federer,R,185.0,SUI,33.254,2.0,8700.0,MC10,5.0,,Andy Murray,R,191.0,GBR,27.488,6.0,4475.0,6-0 6-1,3,RR,56.0,0.0,1.0,36.0,14.0,14.0,14.0,7.0,0.0,0.0,3.0,4.0,42.0,19.0,7.0,9.0,6.0,1.0,6.0
2014-605,Tour Finals,Hard,8,F,I,20141109,12,N552,4.0,,Kei Nishikori,R,178.0,JPN,24.862,5.0,4625.0,MC10,5.0,,Andy Murray,R,191.0,GBR,27.488,6.0,4475.0,6-4 6-4,3,RR,95.0,1.0,8.0,67.0,31.0,22.0,18.0,10.0,4.0,6.0,7.0,3.0,62.0,36.0,27.0,7.0,10.0,4.0,8.0
2014-605,Tour Finals,Hard,8,F,I,20141109,13,F324,2.0,,Roger Federer,R,185.0,SUI,33.254,2.0,8700.0,W367,3.0,,Stan Wawrinka,R,183.0,SUI,29.618,4.0,4895.0,4-6 7-5 7-6(6),3,SF,168.0,4.0,0.0,108.0,57.0,41.0,29.0,17.0,3.0,6.0,10.0,4.0,123.0,47.0,38.0,36.0,17.0,6.0,9.0
2014-605,Tour Finals,Hard,8,F,I,20141109,14,D643,1.0,,Novak Djokovic,R,188.0,SRB,27.469,1.0,10010.0,N552,4.0,,Kei Nishikori,R,178.0,JPN,24.862,5.0,4625.0,6-1 3-6 6-0,3,SF,88.0,3.0,2.0,58.0,34.0,28.0,13.0,11.0,2.0,4.0,3.0,6.0,67.0,38.0,29.0,5.0,11.0,3.0,9.0
2014-605,Tour Finals,Hard,8,F,I,20141109,15,D643,1.0,,Novak Djokovic,R,188.0,SRB,27.469,1.0,10010.0,F324,2.0,,Roger Federer,R,185.0,SUI,33.254,2.0,8700.0,W/O,3,F,,3.0,2.0,58.0,34.0,28.0,13.0,11.0,2.0,4.0,3.0,6.0,67.0,38.0,29.0,5.0,11.0,3.0,9.0
2014-D015,Davis Cup WG F: FRA vs SUI,Clay,4,D,I,20141121,1,W367,,,Stan Wawrinka,R,183.0,SUI,29.651,4.0,5295.0,T786,,,Jo-Wilfried Tsonga,R,188.0,FRA,29.596,12.0,2740.0,6-1 3-6 6-3 6-2,5,RR,,,,,,,,,,,,,,,,,,,
2014-D015,Davis Cup WG F: FRA vs SUI,Clay,4,D,I,20141121,2,MC65,,,Gael Monfils,R,193.0,FRA,28.222,19.0,1825.0,F324,,,Roger Federer,R,185.0,SUI,33.287,2.0,9700.0,6-1 6-4 6-3,5,RR,,,,,,,,,,,,,,,,,,,
2014-D015,Davis Cup WG F: FRA vs SUI,Clay,4,D,I,20141121,3,F324,,,Roger Federer,R,185.0,SUI,33.287,2.0,9700.0,G628,,,Richard Gasquet,R,183.0,FRA,28.427,26.0,1350.0,6-4 6-2 6-2,5,RR,,,,,,,,,,,,,,,,,,,
