tourney_id,tourney_name,surface,draw_size,tourney_level,indoor,tourney_date,match_num,winner_id,winner_seed,winner_entry,winner_name,winner_hand,winner_ht,winner_ioc,winner_age,winner_rank,winner_rank_points,loser_id,loser_seed,loser_entry,loser_name,loser_hand,loser_ht,loser_ioc,loser_age,loser_rank,loser_rank_points,score,best_of,round,minutes,w_ace,w_df,w_svpt,w_1stIn,w_1stWon,w_2ndWon,w_SvGms,w_bpSaved,w_bpFaced,l_ace,l_df,l_svpt,l_1stIn,l_1stWon,l_2ndWon,l_SvGms,l_bpSaved,l_bpFaced
2011-339,Brisbane,Hard,32,250,O,20110102,1,SA49,1.0,,Robin Soderling,R,193.0,SWE,26.385,5.0,5580.0,H940,,Q,Ryan Harrison,R,185.0,USA,18.656,173.0,309.0,6-2 6-4,3,R32,66.0,8.0,3.0,52.0,32.0,26.0,13.0,9.0,1.0,1.0,4.0,1.0,50.0,27.0,16.0,12.0,9.0,1.0,4.0
2011-339,Brisbane,Hard,32,250,O,20110102,2,B678,,,Michael Berrer,L,193.0,GER,30.505,58.0,835.0,SC56,,,Dudi Sela,R,175.0,ISR,25.747,75.0,643.0,1-6 7-6(3) 6-2,3,R32,152.0,9.0,3.0,99.0,54.0,34.0,28.0,13.0,8.0,10.0,16.0,4.0,103.0,59.0,42.0,20.0,14.0,3.0,5.0
2011-339,Brisbane,Hard,32,250,O,20110102,3,E690,,Q,Matthew Ebden,R,188.0,AUS,23.102,196.0,263.0,MH30,,WC,John Millman,R,183.0,AUS,21.552,204.0,243.0,4-6 6-2 6-4,3,R32,104.0,12.0,1.0,85.0,63.0,46.0,9.0,14.0,1.0,3.0,4.0,3.0,76.0,58.0,42.0,6.0,14.0,4.0,8.0
2011-339,Brisbane,Hard,32,250,O,20110102,4,I165,8.0,,Denis Istomin,R,185.0,UZB,24.32,40.0,1031.0,D776,,,Thiemo de Bakker,R,193.0,NED,22.286,43.0,975.0,7-6(5) 6-4,3,R32,93.0,6.0,1.0,63.0,43.0,33.0,16.0,11.0,2.0,2.0,10.0,1.0,72.0,43.0,31.0,17.0,11.0,2.0,3.0
2011-339,Brisbane,Hard,32,250,O,20110102,5,F339,4.0,,Mardy Fish,R,188.0,USA,29.065,16.0,1991.0,ME82,,Q,Adrian Mannarino,L,180.0,FRA,22.511,83.0,600.0,6-1 6-4,3,R32,79.0,11.0,0.0,51.0,28.0,23.0,16.0,9.0,1.0,1.0,1.0,6.0,68.0,37.0,24.0,11.0,8.0,3.0,6.0
2011-339,Brisbane,Hard,32,250,O,20110102,6,S694,,,Radek Stepanek,R,185.0,CZE,32.099,62.0,795.0,K839,,,Tobias Kamke,R,178.0,GER,24.619,67.0,724.0,5-7 6-1 6-4,3,R32,124.0,7.0,3.0,80.0,47.0,37.0,16.0,15.0,2.0,5.0,4.0,7.0,87.0,50.0,33.0,19.0,14.0,5.0,10.0
2011-339,Brisbane,Hard,32,250,O,20110102,7,BE90,,Q,Ricardas Berankis,R,175.0,LTU,20.534,87.0,587.0,C487,,,Arnaud Clement,R,173.0,FRA,33.043,78.0,627.0,6-4 6-3,3,R32,86.0,8.0,2.0,55.0,30.0,24.0,13.0,9.0,1.0,2.0,6.0,3.0,64.0,37.0,26.0,11.0,10.0,5.0,9.0
2011-339,Brisbane,Hard,32,250,O,20110102,8,MB02,7.0,,Florian Mayer,R,191.0,GER,27.244,37.0,1128.0,TA46,,WC,Bernard Tomic,R,196.0,AUS,18.198,208.0,239.0,6-2 6-2,3,R32,55.0,12.0,0.0,35.0,25.0,23.0,9.0,8.0,0.0,0.0,5.0,0.0,58.0,34.0,22.0,6.0,8.0,1.0,5.0
2011-339,Brisbane,Hard,32,250,O,20110102,9,L397,6.0,,Feliciano Lopez,L,188.0,ESP,29.284,32.0,1300.0,P624,,,Philipp Petzschner,R,185.0,GER,26.776,57.0,839.0,6-4 7-6(11),3,R32,100.0,11.0,7.0,77.0,39.0,33.0,21.0,11.0,4.0,5.0,9.0,5.0,68.0,30.0,25.0,22.0,11.0,0.0,2.0
2011-339,Brisbane,Hard,32,250,O,20110102,10,A678,,,Kevin Anderson,R,203.0,RSA,24.627,61.0,813.0,L515,,LL,Peter Luczak,R,183.0,AUS,31.34,137.0,400.0,6-4 6-4,3,R32,72.0,18.0,0.0,44.0,33.0,31.0,9.0,10.0,0.0,0.0,4.0,2.0,58.0,41.0,28.0,10.0,10.0,1.0,3.0
2011-339,Brisbane,Hard,32,250,O,20110102,11,G725,,,Santiago Giraldo,R,188.0,COL,23.099,64.0,785.0,SD32,,,Gilles Simon,R,183.0,FRA,26.015,41.0,1005.0,6-2 6-3,3,R32,86.0,2.0,0.0,74.0,57.0,37.0,9.0,8.0,5.0,5.0,5.0,2.0,53.0,30.0,22.0,8.0,9.0,1.0,5.0
2011-339,Brisbane,Hard,32,250,O,20110102,12,B896,,,Benjamin Becker,R,178.0,GER,29.547,53.0,877.0,V306,3.0,,Fernando Verdasco,L,188.0,ESP,27.132,9.0,3240.0,6-1 6-7(2) 6-3,3,R32,133.0,6.0,4.0,99.0,53.0,42.0,23.0,15.0,6.0,7.0,10.0,5.0,78.0,47.0,34.0,14.0,13.0,1.0,5.0
2011-339,Brisbane,Hard,32,250,O,20110102,13,B837,5.0,,Marcos Baghdatis,R,178.0,CYP,25.544,20.0,1785.0,S963,,,Florent Serra,R,180.0,FRA,29.843,69.0,715.0,3-6 7-5 6-4,3,R32,142.0,13.0,2.0,91.0,46.0,35.0,22.0,15.0,3.0,6.0,7.0,2.0,103.0,62.0,44.0,19.0,16.0,4.0,8.0
2011-339,Brisbane,Hard,32,250,O,20110102,14,K540,,,Lukasz Kubot,R,191.0,POL,28.632,70.0,695.0,BC72,,,Daniel Brands,R,196.0,GER,23.463,104.0,541.0,6-2 6-2,3,R32,70.0,7.0,1.0,51.0,31.0,24.0,13.0,8.0,6.0,6.0,6.0,4.0,45.0,29.0,16.0,7.0,8.0,1.0,5.0
2011-339,Brisbane,Hard,32,250,O,20110102,15,D801,,,Alexandr Dolgopolov,R,180.0,UKR,22.152,48.0,940.0,A511,,,Igor Andreev,R,185.0,RUS,27.472,79.0,622.0,6-4 6-2,3,R32,67.0,7.0,3.0,55.0,29.0,26.0,14.0,9.0,1.0,1.0,2.0,1.0,55.0,34.0,22.0,9.0,9.0,5.0,8.0
2011-339,Brisbane,Hard,32,250,O,20110102,16,R485,2.0,,Andy Roddick,R,188.0,USA,28.342,8.0,3665.0,ME05,,WC,Marinko Matosevic,R,193.0,AUS,25.402,138.0,398.0,6-3 6-2,3,R32,73.0,5.0,1.0,47.0,29.0,23.0,13.0,9.0,3.0,4.0,2.0,0.0,48.0,22.0,12.0,12.0,8.0,2.0,6.0
2011-339,Brisbane,Hard,32,250,O,20110102,17,SA49,1.0,,Robin Soderling,R,193.0,SWE,26.385,5.0,5580.0,B678,,,Michael Berrer,L,193.0,GER,30.505,58.0,835.0,6-3 7-6(7),3,R16,96.0,9.0,1.0,74.0,51.0,40.0,13.0,11.0,2.0,2.0,8.0,1.0,68.0,43.0,32.0,14.0,10.0,2.0,3.0
2011-339,Brisbane,Hard,32,250,O,20110102,18,E690,,Q,Matthew Ebden,R,188.0,AUS,23.102,196.0,263.0,I165,8.0,,Denis Istomin,R,185.0,UZB,24.32,40.0,1031.0,6-4 6-4,3,R16,73.0,5.0,1.0,62.0,45.0,32.0,7.0,10.0,0.0,2.0,1.0,7.0,56.0,30.0,18.0,14.0,10.0,1.0,5.0
2011-339,Brisbane,Hard,32,250,O,20110102,19,S694,,,Radek Stepanek,R,185.0,CZE,32.099,62.0,795.0,F339,4.0,,Mardy Fish,R,188.0,USA,29.065,16.0,1991.0,6-3 6-1,3,R16,78.0,3.0,2.0,45.0,32.0,28.0,6.0,8.0,3.0,3.0,9.0,2.0,60.0,40.0,23.0,6.0,8.0,6.0,10.0
2011-339,Brisbane,Hard,32,250,O,20110102,20,MB02,7.0,,Florian Mayer,R,191.0,GER,27.244,37.0,1128.0,BE90,,Q,Ricardas Berankis,R,175.0,LTU,20.534,87.0,587.0,6-4 4-6 6-4,3,R16,131.0,4.0,1.0,83.0,52.0,33.0,15.0,15.0,3.0,9.0,6.0,6.0,109.0,56.0,38.0,20.0,15.0,15.0,22.0
2011-339,Brisbane,Hard,32,250,O,20110102,21,A678,,,Kevin Anderson,R,203.0,RSA,24.627,61.0,813.0,L397,6.0,,Feliciano Lopez,L,188.0,ESP,29.284,32.0,1300.0,6-3 6-1,3,R16,56.0,15.0,1.0,38.0,27.0,24.0,8.0,8.0,0.0,0.0,6.0,0.0,53.0,38.0,22.0,6.0,8.0,5.0,9.0
2011-339,Brisbane,Hard,32,250,O,20110102,22,G725,,,Santiago Giraldo,R,188.0,COL,23.099,64.0,785.0,B896,,,Benjamin Becker,R,178.0,GER,29.547,53.0,877.0,6-3 6-4,3,R16,78.0,2.0,0.0,73.0,52.0,36.0,13.0,10.0,6.0,6.0,7.0,0.0,43.0,26.0,21.0,10.0,9.0,0.0,2.0
2011-339,Brisbane,Hard,32,250,O,20110102,23,B837,5.0,,Marcos Baghdatis,R,178.0,CYP,25.544,20.0,1785.0,K540,,,Lukasz Kubot,R,191.0,POL,28.632,70.0,695.0,6-2 6-2,3,R16,65.0,5.0,1.0,47.0,26.0,19.0,12.0,8.0,3.0,4.0,0.0,4.0,49.0,26.0,13.0,8.0,8.0,4.0,9.0
2011-339,Brisbane,Hard,32,250,O,20110102,24,R485,2.0,,Andy Roddick,R,188.0,USA,28.342,8.0,3665.0,D801,,,Alexandr Dolgopolov,R,180.0,UKR,22.152,48.0,940.0,6-4 6-1,3,R16,57.0,15.0,1.0,42.0,30.0,26.0,8.0,9.0,2.0,3.0,7.0,3.0,56.0,33.0,21.0,9.0,8.0,7.0,11.0
2011-339,Brisbane,Hard,32,250,O,20110102,25,SA49,1.0,,Robin Soderling,R,193.0,SWE,26.385,5.0,5580.0,E690,,Q,Matthew Ebden,R,188.0,AUS,23.102,196.0,263.0,6-3 6-2,3,QF,72.0,9.0,3.0,55.0,39.0,30.0,7.0,9.0,0.0,0.0,5.0,3.0,60.0,39.0,25.0,9.0,8.0,3.0,6.0
2011-339,Brisbane,Hard,32,250,O,20110102,26,S694,,,Radek Stepanek,R,185.0,CZE,32.099,62.0,795.0,MB02,7.0,,Florian Mayer,R,191.0,GER,27.244,37.0,1128.0,6-3 6-3,3,QF,83.0,3.0,0.0,50.0,24.0,20.0,16.0,9.0,1.0,2.0,1.0,2.0,71.0,43.0,27.0,11.0,9.0,9.0,13.0
2011-339,Brisbane,Hard,32,250,O,20110102,27,A678,,,Kevin Anderson,R,203.0,RSA,24.627,61.0,813.0,G725,,,Santiago Giraldo,R,188.0,COL,23.099,64.0,785.0,2-6 6-3 6-4,3,QF,114.0,12.0,3.0,82.0,54.0,41.0,10.0,14.0,6.0,10.0,3.0,1.0,70.0,46.0,34.0,11.0,13.0,3.0,7.0
2011-339,Brisbane,Hard,32,250,O,20110102,28,R485,2.0,,Andy Roddick,R,188.0,USA,28.342,8.0,3665.0,B837,5.0,,Marcos Baghdatis,R,178.0,CYP,25.544,20.0,1785.0,6-2 6-3,3,QF,74.0,7.0,0.0,48.0,31.0,24.0,10.0,9.0,3.0,4.0,3.0,0.0,49.0,19.0,15.0,10.0,8.0,4.0,8.0
2011-339,Brisbane,Hard,32,250,O,20110102,29,SA49,1.0,,Robin Soderling,R,193.0,SWE,26.385,5.0,5580.0,S694,,,Radek Stepanek,R,185.0,CZE,32.099,62.0,795.0,6-3 7-5,3,SF,82.0,7.0,1.0,55.0,36.0,31.0,12.0,11.0,0.0,1.0,9.0,3.0,64.0,39.0,27.0,9.0,10.0,2.0,5.0
2011-339,Brisbane,Hard,32,250,O,20110102,30,R485,2.0,,Andy Roddick,R,188.0,USA,28.342,8.0,3665.0,A678,,,Kevin Anderson,R,203.0,RSA,24.627,61.0,813.0,6-2 4-6 6-2,3,SF,113.0,15.0,1.0,70.0,47.0,41.0,9.0,13.0,0.0,1.0,13.0,4.0,82.0,53.0,33.0,16.0,13.0,5.0,9.0
2011-339,Brisbane,Hard,32,250,O,20110102,31,SA49,1.0,,Robin Soderling,R,193.0,SWE,26.385,5.0,5580.0,R485,2.0,,Andy Roddick,R,188.0,USA,28.342,8.0,3665.0,6-3 7-5,3,F,95.0,16.0,2.0,54.0,39.0,35.0,9.0,11.0,0.0,0.0,12.0,1.0,67.0,44.0,33.0,9.0,10.0,8.0,10.0
2011-451,Doha,Hard,32,250,O,20110103,1,N409,1.0,,Rafael Nadal,L,185.0,ESP,24.586,1.0,12450.0,B804,,,Karol Beck,R,180.0,SVK,28.753,103.0,549.0,6-3 6-0,3,R32,70.0,1.0,2.0,47.0,33.0,26.0,7.0,8.0,4.0,5.0,4.0,4.0,53.0,30.0,16.0,6.0,7.0,9.0,14.0
2011-451,Doha,Hard,32,250,O,20110103,2,L797,,,Lukas Lacko,R,188.0,SVK,23.168,89.0,578.0,R750,,,Pere Riba,R,183.0,ESP,22.741,72.0,672.0,5-7 7-6(7) 7-6(4),3,R32,157.0,12.0,4.0,123.0,69.0,54.0,32.0,18.0,5.0,7.0,19.0,7.0,134.0,73.0,58.0,31.0,18.0,4.0,5.0
2011-451,Doha,Hard,32,250,O,20110103,3,V564,,Q,Antonio Veic,R,180.0,CRO,22.875,191.0,277.0,SG01,,WC,Sherif Sabry,,,EGY,24.348,586.0,39.0,3-6 7-5 6-0,3,R32,125.0,1.0,2.0,81.0,54.0,38.0,11.0,13.0,5.0,9.0,1.0,1.0,90.0,47.0,28.0,21.0,14.0,5.0,12.0
2011-451,Doha,Hard,32,250,O,20110103,4,G858,5.0,,Ernests Gulbis,R,191.0,LAT,22.344,24.0,1505.0,H528,,,Victor Hanescu,R,198.0,ROU,29.454,51.0,915.0,6-3 7-6(6),3,R32,91.0,11.0,2.0,63.0,41.0,31.0,13.0,11.0,0.0,2.0,6.0,0.0,67.0,51.0,33.0,8.0,10.0,1.0,4.0
2011-451,Doha,Hard,32,250,O,20110103,5,D402,4.0,,Nikolay Davydenko,R,178.0,RUS,29.588,22.0,1655.0,F510,,,Fabio Fognini,R,178.0,ITA,23.614,55.0,855.0,6-1 6-4,3,R32,64.0,6.0,1.0,46.0,29.0,24.0,12.0,9.0,0.0,0.0,2.0,1.0,47.0,31.0,18.0,8.0,8.0,2.0,5.0
2011-451,Doha,Hard,32,250,O,20110103,6,N289,,,Jarkko Nieminen,L,185.0,FIN,29.448,39.0,1062.0,P701,,,Michal Przysiezny,R,185.0,POL,26.88,86.0,590.0,6-2 3-6 6-3,3,R32,123.0,7.0,2.0,63.0,37.0,31.0,18.0,13.0,1.0,2.0,7.0,1.0,110.0,72.0,47.0,15.0,13.0,11.0,14.0
2011-451,Doha,Hard,32,250,O,20110103,7,K336,,,Ivo Karlovic,R,211.0,CRO,31.847,73.0,670.0,R685,,Q,Lukas Rosol,R,193.0,CZE,25.446,164.0,328.0,7-6(5) 7-6(7),3,R32,113.0,23.0,1.0,90.0,65.0,54.0,11.0,12.0,7.0,7.0,10.0,2.0,91.0,51.0,40.0,25.0,12.0,5.0,5.0
2011-451,Doha,Hard,32,250,O,20110103,8,K435,8.0,,Philipp Kohlschreiber,R,178.0,GER,27.217,34.0,1215.0,SA93,,,Andreas Seppi,R,191.0,ITA,26.867,52.0,900.0,6-2 6-4,3,R32,78.0,3.0,2.0,55.0,33.0,24.0,16.0,9.0,2.0,2.0,4.0,2.0,57.0,32.0,20.0,15.0,9.0,2.0,5.0
2011-451,Doha,Hard,32,250,O,20110103,9,G476,7.0,,Guillermo Garcia-Lopez,R,185.0,ESP,27.584,33.0,1275.0,K926,,,Mikhail Kukushkin,R,183.0,KAZ,23.023,59.0,819.0,6-1 7-6(1),3,R32,90.0,0.0,3.0,73.0,37.0,25.0,20.0,10.0,4.0,6.0,3.0,1.0,56.0,34.0,19.0,9.0,9.0,0.0,4.0
2011-451,Doha,Hard,32,250,O,20110103,10,ME89,,,Illya Marchenko,R,185.0,UKR,23.321,81.0,613.0,Z168,,,Mischa Zverev,L,191.0,GER,23.368,82.0,611.0,7-6(4) 6-4,3,R32,113.0,1.0,5.0,83.0,49.0,34.0,18.0,11.0,4.0,6.0,3.0,1.0,77.0,49.0,28.0,16.0,11.0,8.0,11.0
2011-451,Doha,Hard,32,250,O,20110103,11,BC11,,WC,Sergei Bubka,R,188.0,UKR,23.896,320.0,137.0,G676,,,Daniel Gimeno-Traver,R,183.0,ESP,25.407,56.0,844.0,6-0 6-3,3,R32,54.0,10.0,0.0,43.0,32.0,26.0,7.0,8.0,0.0,0.0,1.0,1.0,45.0,27.0,17.0,5.0,7.0,2.0,6.0
2011-451,Doha,Hard,32,250,O,20110103,12,T786,3.0,,Jo-Wilfried Tsonga,R,188.0,FRA,25.714,13.0,2345.0,R383,,,Ruben Ramirez Hidalgo,R,183.0,ESP,32.991,77.0,638.0,6-2 6-0,3,R32,59.0,10.0,1.0,36.0,25.0,23.0,5.0,7.0,0.0,0.0,2.0,1.0,45.0,27.0,13.0,7.0,7.0,4.0,9.0
2011-451,Doha,Hard,32,250,O,20110103,13,T840,6.0,,Viktor Troicki,R,193.0,SRB,24.895,28.0,1430.0,SC77,,,Sergiy Stakhovsky,R,193.0,UKR,24.991,46.0,945.0,6-4 7-5,3,R32,78.0,5.0,0.0,54.0,34.0,27.0,17.0,11.0,0.0,0.0,1.0,0.0,58.0,41.0,27.0,12.0,11.0,1.0,3.0
2011-451,Doha,Hard,32,250,O,20110103,14,G681,,,Teymuraz Gabashvili,R,185.0,GEO,25.615,80.0,615.0,S636,,,Rainer Schuettler,R,180.0,GER,34.691,84.0,597.0,6-4 7-6(2),3,R32,115.0,3.0,1.0,81.0,45.0,32.0,21.0,11.0,4.0,5.0,6.0,0.0,74.0,50.0,31.0,13.0,11.0,7.0,9.0
2011-451,Doha,Hard,32,250,O,20110103,15,C582,,Q,Marco Chiudinelli,R,185.0,SUI,29.314,117.0,485.0,E655,,WC,Reda El Amrani,R,185.0,MAR,22.626,217.0,227.0,3-6 7-6(3) 6-3,3,R32,133.0,5.0,1.0,101.0,69.0,49.0,22.0,16.0,6.0,8.0,14.0,5.0,92.0,54.0,40.0,20.0,14.0,10.0,11.0
2011-451,Doha,Hard,32,250,O,20110103,16,F324,2.0,,Roger Federer,R,185.0,SUI,29.405,2.0,9145.0,SJ63,,Q,Thomas Schoorel,L,203.0,NED,21.739,168.0,319.0,7-6(3) 6-3,3,R32,79.0,13.0,0.0,70.0,46.0,37.0,16.0,11.0,6.0,6.0,4.0,2.0,66.0,43.0,30.0,12.0,10.0,1.0,2.0
2011-451,Doha,Hard,32,250,O,20110103,17,N409,1.0,,Rafael Nadal,L,185.0,ESP,24.586,1.0,12450.0,L797,,,Lukas Lacko,R,188.0,SVK,23.168,89.0,578.0,7-6(3) 0-6 6-3,3,R16,138.0,9.0,4.0,93.0,60.0,38.0,13.0,13.0,9.0,14.0,8.0,3.0,91.0,56.0,36.0,16.0,14.0,5.0,9.0
2011-451,Doha,Hard,32,250,O,20110103,18,G858,5.0,,Ernests Gulbis,R,191.0,LAT,22.344,24.0,1505.0,V564,,Q,Antonio Veic,R,180.0,CRO,22.875,191.0,277.0,6-3 6-1,3,R16,49.0,10.0,1.0,38.0,31.0,28.0,5.0,8.0,0.0,0.0,4.0,3.0,51.0,30.0,19.0,7.0,8.0,5.0,9.0
2011-451,Doha,Hard,32,250,O,20110103,19,D402,4.0,,Nikolay Davydenko,R,178.0,RUS,29.588,22.0,1655.0,N289,,,Jarkko Nieminen,L,185.0,FIN,29.448,39.0,1062.0,6-4 7-5,3,R16,95.0,4.0,5.0,76.0,45.0,33.0,13.0,11.0,5.0,7.0,4.0,2.0,63.0,37.0,25.0,9.0,11.0,4.0,8.0
2011-451,Doha,Hard,32,250,O,20110103,20,K336,,,Ivo Karlovic,R,211.0,CRO,31.847,73.0,670.0,K435,8.0,,Philipp Kohlschreiber,R,178.0,GER,27.217,34.0,1215.0,7-6(5) 6-7(4) 7-6(2),3,R16,169.0,28.0,2.0,128.0,85.0,68.0,26.0,18.0,3.0,3.0,15.0,2.0,113.0,78.0,63.0,22.0,18.0,0.0,0.0
2011-451,Doha,Hard,32,250,O,20110103,21,G476,7.0,,Guillermo Garcia-Lopez,R,185.0,ESP,27.584,33.0,1275.0,ME89,,,Illya Marchenko,R,185.0,UKR,23.321,81.0,613.0,6-1 6-4,3,R16,83.0,4.0,2.0,54.0,37.0,31.0,8.0,9.0,1.0,1.0,5.0,4.0,51.0,26.0,17.0,11.0,8.0,1.0,4.0
2011-451,Doha,Hard,32,250,O,20110103,22,T786,3.0,,Jo-Wilfried Tsonga,R,188.0,FRA,25.714,13.0,2345.0,BC11,,WC,Sergei Bubka,R,188.0,UKR,23.896,320.0,137.0,6-2 6-4,3,R16,75.0,10.0,2.0,48.0,35.0,31.0,6.0,9.0,1.0,1.0,7.0,2.0,70.0,46.0,31.0,8.0,9.0,5.0,8.0
2011-451,Doha,Hard,32,250,O,20110103,23,T840,6.0,,Viktor Troicki,R,193.0,SRB,24.895,28.0,1430.0,G681,,,Teymuraz Gabashvili,R,185.0,GEO,25.615,80.0,615.0,6-3 6-1,3,R16,50.0,17.0,0.0,40.0,31.0,29.0,3.0,8.0,0.0,0.0,2.0,1.0,38.0,23.0,13.0,6.0,8.0,1.0,5.0
2011-451,Doha,Hard,32,250,O,20110103,24,F324,2.0,,Roger Federer,R,185.0,SUI,29.405,2.0,9145.0,C582,,Q,Marco Chiudinelli,R,185.0,SUI,29.314,117.0,485.0,7-6(5) 7-5,3,R16,108.0,7.0,1.0,67.0,43.0,33.0,17.0,12.0,0.0,1.0,1.0,2.0,84.0,52.0,36.0,14.0,12.0,3.0,5.0
2011-451,Doha,Hard,32,250,O,20110103,25,N409,1.0,,Rafael Nadal,L,185.0,ESP,24.586,1.0,12450.0,G858,5.0,,Ernests Gulbis,R,191.0,LAT,22.344,24.0,1505.0,7-6(3) 6-3,3,QF,111.0,4.0,1.0,61.0,37.0,29.0,16.0,10.0,5.0,6.0,12.0,2.0,79.0,53.0,36.0,10.0,11.0,3.0,6.0
2011-451,Doha,Hard,32,250,O,20110103,26,D402,4.0,,Nikolay Davydenko,R,178.0,RUS,29.588,22.0,1655.0,K336,,,Ivo Karlovic,R,211.0,CRO,31.847,73.0,670.0,6-3 7-5,3,QF,76.0,2.0,2.0,64.0,52.0,40.0,6.0,11.0,2.0,2.0,14.0,3.0,53.0,38.0,29.0,6.0,10.0,1.0,3.0
2011-451,Doha,Hard,32,250,O,20110103,27,T786,3.0,,Jo-Wilfried Tsonga,R,188.0,FRA,25.714,13.0,2345.0,G476,7.0,,Guillermo Garcia-Lopez,R,185.0,ESP,27.584,33.0,1275.0,7-6(4) 7-6(9),3,QF,111.0,11.0,1.0,88.0,58.0,49.0,14.0,12.0,4.0,6.0,2.0,6.0,74.0,51.0,39.0,14.0,12.0,0.0,2.0
2011-451,Doha,Hard,32,250,O,20110103,28,F324,2.0,,Roger Federer,R,185.0,SUI,29.405,2.0,9145.0,T840,6.0,,Viktor Troicki,R,193.0,SRB,24.895,28.0,1430.0,6-2 6-2,3,QF,65.0,0.0,0.0,43.0,30.0,24.0,8.0,8.0,0.0,0.0,5.0,3.0,64.0,38.0,21.0,11.0,8.0,12.0,16.0
2011-451,Doha,Hard,32,250,O,20110103,29,D402,4.0,,Nikolay Davydenko,R,178.0,RUS,29.588,22.0,1655.0,N409,1.0,,Rafael Nadal,L,185.0,ESP,24.586,1.0,12450.0,6-3 6-2,3,SF,85.0,5.0,2.0,56.0,37.0,26.0,9.0,9.0,7.0,9.0,1.0,1.0,58.0,39.0,19.0,8.0,8.0,5.0,10.0
2011-451,Doha,Hard,32,250,O,20110103,30,F324,2.0,,Roger Federer,R,185.0,SUI,29.405,2.0,9145.0,T786,3.0,,Jo-Wilfried Tsonga,R,188.0,FRA,25.714,13.0,2345.0,6-3 7-6(2),3,SF,85.0,3.0,0.0,60.0,40.0,33.0,16.0,11.0,0.0,0.0,3.0,1.0,68.0,46.0,29.0,14.0,10.0,2.0,3.0
2011-451,Doha,Hard,32,250,O,20110103,31,F324,2.0,,Roger Federer,R,185.0,SUI,29.405,2.0,9145.0,D402,4.0,,Nikolay Davydenko,R,178.0,RUS,29.588,22.0,1655.0,6-3 6-4,3,F,80.0,5.0,1.0,51.0,34.0,27.0,13.0,10.0,0.0,0.0,5.0,2.0,61.0,35.0,28.0,8.0,9.0,6.0,8.0
2011-891,Chennai,Hard,32,250,O,20110103,1,BA47,1.0,,Tomas Berdych,R,196.0,CZE,25.295,6.0,3955.0,G717,,,Fred Gil,R,173.0,POR,25.78,101.0,551.0,6-0 6-1,3,R32,45.0,4.0,1.0,32.0,22.0,20.0,8.0,7.0,0.0,0.0,0.0,1.0,33.0,25.0,10.0,0.0,6.0,1.0,6.0
2011-891,Chennai,Hard,32,250,O,20110103,2,D646,,,Ivan Dodig,R,183.0,CRO,26.001,88.0,586.0,D339,,,Marcos Daniel,R,180.0,BRA,32.501,96.0,564.0,6-2 6-2,3,R32,70.0,1.0,1.0,44.0,26.0,21.0,12.0,8.0,0.0,0.0,0.0,3.0,48.0,24.0,15.0,9.0,8.0,1.0,5.0
2011-891,Chennai,Hard,32,250,O,20110103,3,K448,,,Robert Kendrick,R,191.0,USA,31.135,115.0,486.0,G512,,,Denis Gremelmayr,L,183.0,GER,29.383,121.0,469.0,7-6(1) 6-4,3,R32,78.0,12.0,6.0,72.0,50.0,38.0,12.0,11.0,1.0,2.0,5.0,0.0,69.0,46.0,29.0,14.0,11.0,4.0,6.0
2011-891,Chennai,Hard,32,250,O,20110103,4,K834,,,Blaz Kavcic,R,188.0,SLO,23.833,112.0,516.0,CA12,5.0,,Jeremy Chardy,R,188.0,FRA,23.89,45.0,960.0,6-3 6-2,3,R32,70.0,1.0,0.0,45.0,34.0,20.0,9.0,8.0,2.0,4.0,3.0,2.0,53.0,30.0,14.0,9.0,9.0,2.0,8.0
2011-891,Chennai,Hard,32,250,O,20110103,5,W367,3.0,,Stan Wawrinka,R,183.0,SUI,25.769,21.0,1755.0,B757,,WC,Rohan Bopanna,R,193.0,IND,30.834,626.0,32.0,6-4 6-4,3,R32,67.0,8.0,5.0,56.0,35.0,28.0,13.0,10.0,2.0,2.0,7.0,3.0,60.0,32.0,24.0,13.0,10.0,3.0,5.0
2011-891,Chennai,Hard,32,250,O,20110103,6,GB88,,Q,David Goffin,R,180.0,BEL,20.074,228.0,210.0,D616,,,Somdev Devvarman,R,180.0,IND,25.886,108.0,526.0,6-2 6-4,3,R32,86.0,2.0,1.0,60.0,39.0,27.0,15.0,9.0,3.0,3.0,2.0,1.0,54.0,34.0,21.0,10.0,9.0,2.0,5.0
2011-891,Chennai,Hard,32,250,O,20110103,7,SE73,,Q,Yuichi Sugita,R,175.0,JPN,22.292,180.0,295.0,BA65,,,Dustin Brown,R,196.0,JAM,26.07,92.0,573.0,6-4 2-6 6-2,3,R32,89.0,2.0,2.0,71.0,48.0,36.0,10.0,13.0,1.0,4.0,13.0,3.0,81.0,35.0,23.0,25.0,13.0,6.0,10.0
2011-891,Chennai,Hard,32,250,O,20110103,8,H756,8.0,,Robin Haase,R,191.0,NED,23.745,65.0,778.0,D499,,,Frank Dancevic,R,185.0,CAN,26.27,269.0,172.0,6-7(6) 6-4 6-4,3,R32,145.0,7.0,3.0,109.0,68.0,47.0,26.0,16.0,6.0,8.0,14.0,2.0,120.0,70.0,47.0,26.0,16.0,6.0,10.0
2011-891,Chennai,Hard,32,250,O,20110103,9,M680,7.0,,Xavier Malisse,R,185.0,BEL,30.459,60.0,816.0,K771,,,Marsel Ilhan,R,191.0,TUR,23.565,90.0,574.0,6-3 6-1,3,R32,71.0,4.0,0.0,38.0,19.0,15.0,12.0,8.0,0.0,2.0,2.0,4.0,61.0,34.0,18.0,9.0,8.0,8.0,14.0
2011-891,Chennai,Hard,32,250,O,20110103,10,R612,,,Stephane Robert,R,185.0,FRA,30.631,122.0,460.0,H804,,,Andreas Haider-Maurer,R,191.0,AUT,23.786,119.0,476.0,6-4 6-4,3,R32,71.0,0.0,0.0,54.0,26.0,20.0,20.0,10.0,3.0,4.0,2.0,7.0,54.0,20.0,16.0,17.0,10.0,1.0,4.0
2011-891,Chennai,Hard,32,250,O,20110103,11,P436,,,Bjorn Phau,R,175.0,GER,31.25,102.0,551.0,BA98,,,Simone Bolelli,R,183.0,ITA,25.238,107.0,532.0,6-2 6-2,3,R32,74.0,2.0,1.0,42.0,24.0,21.0,10.0,8.0,1.0,2.0,1.0,0.0,57.0,40.0,21.0,6.0,8.0,4.0,9.0
2011-891,Chennai,Hard,32,250,O,20110103,12,G628,4.0,,Richard Gasquet,R,183.0,FRA,24.545,30.0,1385.0,R613,,Q,Edouard Roger-Vasselin,R,185.0,FRA,27.099,124.0,456.0,6-1 6-3,3,R32,73.0,1.0,0.0,47.0,33.0,27.0,7.0,8.0,0.0,0.0,3.0,3.0,58.0,34.0,19.0,10.0,8.0,4.0,8.0
2011-891,Chennai,Hard,32,250,O,20110103,13,T742,6.0,,Janko Tipsarevic,R,180.0,SRB,26.533,49.0,935.0,SE66,,,Eduardo Schwank,R,183.0,ARG,24.698,74.0,655.0,6-3 6-4,3,R32,80.0,9.0,2.0,53.0,29.0,27.0,14.0,10.0,3.0,3.0,0.0,2.0,54.0,34.0,23.0,11.0,9.0,2.0,4.0
2011-891,Chennai,Hard,32,250,O,20110103,14,K596,,Q,Alexander Kudryavtsev,R,183.0,RUS,25.188,159.0,336.0,BF55,,WC,Yuki Bhambri,R,185.0,IND,18.5,505.0,60.0,6-2 6-1,3,R32,50.0,4.0,1.0,36.0,17.0,16.0,10.0,7.0,0.0,1.0,2.0,3.0,43.0,24.0,11.0,7.0,8.0,4.0,10.0
2011-891,Chennai,Hard,32,250,O,20110103,15,F444,,,Alejandro Falla,L,185.0,COL,27.138,105.0,540.0,MA49,,,Rui Machado,R,178.0,POR,26.732,93.0,573.0,7-5 6-3,3,R32,100.0,3.0,3.0,64.0,38.0,25.0,15.0,10.0,4.0,6.0,1.0,4.0,70.0,41.0,26.0,11.0,11.0,2.0,7.0
2011-891,Chennai,Hard,32,250,O,20110103,16,N552,,,Kei Nishikori,R,178.0,JPN,21.013,98.0,554.0,C977,2.0,,Marin Cilic,R,198.0,CRO,22.264,14.0,2300.0,4-6 7-6(0) 6-2,3,R32,154.0,1.0,2.0,106.0,66.0,51.0,22.0,15.0,10.0,11.0,5.0,4.0,92.0,49.0,37.0,23.0,15.0,3.0,5.0
2011-891,Chennai,Hard,32,250,O,20110103,17,BA47,1.0,,Tomas Berdych,R,196.0,CZE,25.295,6.0,3955.0,D646,,,Ivan Dodig,R,183.0,CRO,26.001,88.0,586.0,6-2 6-4,3,R16,87.0,1.0,1.0,49.0,31.0,23.0,11.0,9.0,1.0,2.0,6.0,4.0,57.0,30.0,17.0,12.0,9.0,3.0,7.0
2011-891,Chennai,Hard,32,250,O,20110103,18,K834,,,Blaz Kavcic,R,188.0,SLO,23.833,112.0,516.0,K448,,,Robert Kendrick,R,191.0,USA,31.135,115.0,486.0,6-2 6-2,3,R16,57.0,4.0,2.0,43.0,31.0,27.0,6.0,8.0,0.0,0.0,4.0,1.0,44.0,23.0,12.0,10.0,8.0,1.0,5.0
2011-891,Chennai,Hard,32,250,O,20110103,19,W367,3.0,,Stan Wawrinka,R,183.0,SUI,25.769,21.0,1755.0,GB88,,Q,David Goffin,R,180.0,BEL,20.074,228.0,210.0,7-6(3) 7-6(3),3,R16,116.0,7.0,2.0,86.0,50.0,35.0,21.0,12.0,4.0,6.0,5.0,3.0,91.0,64.0,41.0,15.0,12.0,5.0,7.0
2011-891,Chennai,Hard,32,250,O,20110103,20,H756,8.0,,Robin Haase,R,191.0,NED,23.745,65.0,778.0,SE73,,Q,Yuichi Sugita,R,175.0,JPN,22.292,180.0,295.0,4-6 6-3 6-4,3,R16,114.0,10.0,2.0,91.0,56.0,38.0,20.0,15.0,5.0,8.0,2.0,2.0,82.0,47.0,35.0,14.0,14.0,2.0,6.0
2011-891,Chennai,Hard,32,250,O,20110103,21,M680,7.0,,Xavier Malisse,R,185.0,BEL,30.459,60.0,816.0,R612,,,Stephane Robert,R,185.0,FRA,30.631,122.0,460.0,6-2 6-2,3,R16,58.0,3.0,1.0,43.0,26.0,24.0,10.0,8.0,0.0,0.0,0.0,3.0,45.0,25.0,18.0,6.0,8.0,1.0,5.0
2011-891,Chennai,Hard,32,250,O,20110103,22,P436,,,Bjorn Phau,R,175.0,GER,31.25,102.0,551.0,G628,4.0,,Richard Gasquet,R,183.0,FRA,24.545,30.0,1385.0,1-6 7-6(5) 7-6(4),3,R16,151.0,4.0,3.0,104.0,63.0,41.0,19.0,15.0,8.0,14.0,8.0,6.0,111.0,71.0,51.0,15.0,16.0,2.0,6.0
2011-891,Chennai,Hard,32,250,O,20110103,23,T742,6.0,,Janko Tipsarevic,R,180.0,SRB,26.533,49.0,935.0,K596,,Q,Alexander Kudryavtsev,R,183.0,RUS,25.188,159.0,336.0,6-2 7-6(3),3,R16,82.0,7.0,0.0,56.0,31.0,27.0,19.0,10.0,0.0,0.0,5.0,0.0,73.0,47.0,33.0,11.0,10.0,3.0,5.0
2011-891,Chennai,Hard,32,250,O,20110103,24,N552,,,Kei Nishikori,R,178.0,JPN,21.013,98.0,554.0,F444,,,Alejandro Falla,L,185.0,COL,27.138,105.0,540.0,4-6 6-3 6-2,3,R16,129.0,4.0,5.0,82.0,53.0,34.0,17.0,14.0,4.0,8.0,1.0,5.0,100.0,68.0,38.0,14.0,13.0,14.0,20.0
2011-891,Chennai,Hard,32,250,O,20110103,25,BA47,1.0,,Tomas Berdych,R,196.0,CZE,25.295,6.0,3955.0,K834,,,Blaz Kavcic,R,188.0,SLO,23.833,112.0,516.0,6-3 6-3,3,QF,85.0,3.0,1.0,59.0,41.0,28.0,6.0,9.0,4.0,6.0,2.0,9.0,56.0,34.0,22.0,5.0,9.0,4.0,9.0
2011-891,Chennai,Hard,32,250,O,20110103,26,W367,3.0,,Stan Wawrinka,R,183.0,SUI,25.769,21.0,1755.0,H756,8.0,,Robin Haase,R,191.0,NED,23.745,65.0,778.0,3-6 6-3 6-3,3,QF,115.0,7.0,1.0,82.0,56.0,40.0,14.0,14.0,4.0,6.0,4.0,2.0,95.0,59.0,38.0,18.0,13.0,11.0,14.0
2011-891,Chennai,Hard,32,250,O,20110103,27,M680,7.0,,Xavier Malisse,R,185.0,BEL,30.459,60.0,816.0,P436,,,Bjorn Phau,R,175.0,GER,31.25,102.0,551.0,6-0 6-2,3,QF,72.0,5.0,0.0,53.0,33.0,25.0,12.0,7.0,7.0,7.0,0.0,4.0,50.0,32.0,17.0,4.0,7.0,1.0,6.0
2011-891,Chennai,Hard,32,250,O,20110103,28,T742,6.0,,Janko Tipsarevic,R,180.0,SRB,26.533,49.0,935.0,N552,,,Kei Nishikori,R,178.0,JPN,21.013,98.0,554.0,6-4 6-4,3,QF,103.0,5.0,0.0,63.0,45.0,29.0,15.0,10.0,4.0,5.0,1.0,1.0,68.0,45.0,26.0,14.0,10.0,3.0,6.0
2011-891,Chennai,Hard,32,250,O,20110103,29,W367,3.0,,Stan Wawrinka,R,183.0,SUI,25.769,21.0,1755.0,BA47,1.0,,Tomas Berdych,R,196.0,CZE,25.295,6.0,3955.0,6-4 6-1,3,SF,76.0,7.0,1.0,50.0,33.0,22.0,12.0,8.0,1.0,1.0,4.0,2.0,51.0,34.0,22.0,7.0,9.0,1.0,5.0
2011-891,Chennai,Hard,32,250,O,20110103,30,M680,7.0,,Xavier Malisse,R,185.0,BEL,30.459,60.0,816.0,T742,6.0,,Janko Tipsarevic,R,180.0,SRB,26.533,49.0,935.0,3-6 6-3 6-2,3,SF,98.0,8.0,0.0,63.0,42.0,36.0,11.0,13.0,0.0,2.0,11.0,1.0,77.0,49.0,39.0,9.0,13.0,4.0,8.0
2011-891,Chennai,Hard,32,250,O,20110103,31,W367,3.0,,Stan Wawrinka,R,183.0,SUI,25.769,21.0,1755.0,M680,7.0,,Xavier Malisse,R,185.0,BEL,30.459,60.0,816.0,7-5 4-6 6-1,3,F,134.0,5.0,0.0,90.0,54.0,40.0,22.0,15.0,3.0,5.0,1.0,2.0,83.0,44.0,32.0,21.0,14.0,4.0,8.0
2011-301,Auckland,Hard,28,250,O,20110110,1,K839,,,Tobias Kamke,R,178.0,GER,24.641,67.0,724.0,R750,,Q,Pere Riba,R,183.0,ESP,22.76,71.0,672.0,6-3 6-4,3,R32,66.0,3.0,3.0,60.0,33.0,25.0,15.0,10.0,4.0,6.0,2.0,0.0,45.0,21.0,13.0,11.0,9.0,2.0,6.0
2011-301,Auckland,Hard,28,250,O,20110110,2,G710,,,Marcel Granollers,R,191.0,ESP,24.747,42.0,993.0,R483,,Q,Bobby Reynolds,R,183.0,USA,28.485,164.0,333.0,6-4 6-3,3,R32,102.0,3.0,2.0,59.0,32.0,24.0,17.0,10.0,1.0,2.0,6.0,3.0,77.0,46.0,31.0,11.0,9.0,10.0,13.0
2011-301,Auckland,Hard,28,250,O,20110110,3,K435,8.0,,Philipp Kohlschreiber,R,178.0,GER,27.236,34.0,1215.0,B884,,,Carlos Berlocq,R,183.0,ARG,27.934,66.0,725.0,2-6 6-3 6-1,3,R32,102.0,6.0,5.0,75.0,40.0,26.0,20.0,12.0,6.0,8.0,5.0,1.0,67.0,42.0,24.0,16.0,12.0,6.0,10.0
2011-301,Auckland,Hard,28,250,O,20110110,4,G725,,,Santiago Giraldo,R,188.0,COL,23.121,64.0,785.0,G676,,,Daniel Gimeno-Traver,R,183.0,ESP,25.426,58.0,844.0,6-2 6-4,3,R32,77.0,2.0,0.0,65.0,45.0,32.0,12.0,9.0,5.0,5.0,2.0,6.0,50.0,20.0,14.0,14.0,9.0,0.0,3.0
2011-301,Auckland,Hard,28,250,O,20110110,5,R419,,,Tommy Robredo,R,180.0,ESP,28.695,51.0,915.0,V576,,WC,Michael Venus,R,191.0,NZL,23.236,330.0,131.0,6-7(6) 6-3 6-0,3,R32,96.0,11.0,0.0,77.0,56.0,41.0,18.0,14.0,0.0,1.0,7.0,8.0,80.0,45.0,35.0,11.0,13.0,3.0,8.0
2011-301,Auckland,Hard,28,250,O,20110110,6,BD20,7.0,,Thomaz Bellucci,L,188.0,BRA,23.031,31.0,1355.0,R368,,Q,Michael Russell,R,173.0,USA,32.695,103.0,547.0,6-4 6-7(4) 7-5,3,R32,168.0,9.0,4.0,102.0,61.0,47.0,19.0,17.0,4.0,7.0,3.0,5.0,118.0,83.0,57.0,16.0,17.0,7.0,12.0
2011-301,Auckland,Hard,28,250,O,20110110,7,N301,6.0,,David Nalbandian,R,180.0,ARG,29.024,27.0,1480.0,F510,,,Fabio Fognini,R,178.0,ITA,23.633,57.0,855.0,7-6(3) 6-4,3,R32,110.0,3.0,2.0,70.0,46.0,34.0,14.0,11.0,2.0,3.0,4.0,4.0,103.0,58.0,38.0,22.0,11.0,12.0,14.0
2011-301,Auckland,Hard,28,250,O,20110110,8,P624,,,Philipp Petzschner,R,185.0,GER,26.798,59.0,839.0,D776,,,Thiemo de Bakker,R,193.0,NED,22.308,46.0,950.0,6-1 6-7(5) 7-6(3),3,R32,136.0,17.0,4.0,114.0,63.0,49.0,30.0,16.0,2.0,2.0,7.0,0.0,97.0,52.0,38.0,28.0,15.0,2.0,4.0
2011-301,Auckland,Hard,28,250,O,20110110,9,H756,,,Robin Haase,R,191.0,NED,23.765,62.0,803.0,C882,,,Pablo Cuevas,R,180.0,URU,25.024,63.0,790.0,3-6 7-6(3) 7-6(3),3,R32,141.0,7.0,1.0,108.0,67.0,53.0,18.0,17.0,2.0,5.0,5.0,1.0,119.0,74.0,50.0,23.0,16.0,3.0,4.0
2011-301,Auckland,Hard,28,250,O,20110110,10,ME82,,Q,Adrian Mannarino,L,180.0,FRA,22.533,80.0,612.0,MA21,5.0,,Juan Monaco,R,185.0,ARG,26.784,26.0,1480.0,6-4 6-3,3,R32,77.0,4.0,0.0,49.0,31.0,21.0,11.0,10.0,2.0,5.0,1.0,1.0,57.0,39.0,19.0,8.0,9.0,6.0,11.0
2011-301,Auckland,Hard,28,250,O,20110110,11,C487,,WC,Arnaud Clement,R,173.0,FRA,33.065,75.0,627.0,M680,,,Xavier Malisse,R,185.0,BEL,30.478,45.0,956.0,4-6 6-2 7-5,3,R32,150.0,7.0,2.0,89.0,50.0,34.0,23.0,15.0,0.0,3.0,5.0,2.0,108.0,63.0,43.0,18.0,15.0,9.0,14.0
2011-301,Auckland,Hard,28,250,O,20110110,12,H528,,,Victor Hanescu,R,198.0,ROU,29.473,52.0,915.0,A678,,,Kevin Anderson,R,203.0,RSA,24.649,56.0,868.0,7-6(7) 6-7(3) 6-4,3,R32,161.0,6.0,0.0,113.0,82.0,54.0,19.0,17.0,5.0,7.0,10.0,7.0,116.0,75.0,54.0,22.0,17.0,7.0,10.0
2011-301,Auckland,Hard,28,250,O,20110110,13,F401,1.0,,David Ferrer,R,175.0,ESP,28.775,7.0,3735.0,K839,,,Tobias Kamke,R,178.0,GER,24.641,67.0,724.0,3-6 7-6(1) 6-4,3,R16,150.0,7.0,1.0,103.0,72.0,49.0,19.0,15.0,1.0,2.0,1.0,5.0,119.0,72.0,50.0,25.0,16.0,5.0,6.0
2011-301,Auckland,Hard,28,250,O,20110110,14,K435,8.0,,Philipp Kohlschreiber,R,178.0,GER,27.236,34.0,1215.0,G710,,,Marcel Granollers,R,191.0,ESP,24.747,42.0,993.0,6-4 3-6 6-2,3,R16,114.0,10.0,3.0,69.0,43.0,35.0,12.0,13.0,1.0,3.0,2.0,1.0,83.0,47.0,31.0,18.0,14.0,4.0,8.0
2011-301,Auckland,Hard,28,250,O,20110110,15,G725,,,Santiago Giraldo,R,188.0,COL,23.121,64.0,785.0,M824,4.0,,Albert Montanes,R,175.0,ESP,30.122,25.0,1495.0,6-3 4-6 6-4,3,R16,116.0,6.0,3.0,96.0,66.0,45.0,19.0,15.0,4.0,6.0,6.0,2.0,81.0,53.0,41.0,12.0,14.0,4.0,7.0
2011-301,Auckland,Hard,28,250,O,20110110,16,BD20,7.0,,Thomaz Bellucci,L,188.0,BRA,23.031,31.0,1355.0,R419,,,Tommy Robredo,R,180.0,ESP,28.695,51.0,915.0,6-4 3-6 6-1,3,R16,108.0,6.0,1.0,73.0,48.0,40.0,11.0,13.0,3.0,4.0,5.0,3.0,85.0,60.0,40.0,11.0,13.0,5.0,8.0
2011-301,Auckland,Hard,28,250,O,20110110,17,N301,6.0,,David Nalbandian,R,180.0,ARG,29.024,27.0,1480.0,P624,,,Philipp Petzschner,R,185.0,GER,26.798,59.0,839.0,6-3 6-2,3,R16,63.0,3.0,3.0,56.0,30.0,24.0,16.0,9.0,4.0,4.0,3.0,2.0,46.0,23.0,19.0,8.0,8.0,3.0,6.0
2011-301,Auckland,Hard,28,250,O,20110110,18,I186,3.0,,John Isner,R,208.0,USA,25.708,20.0,1850.0,H756,,,Robin Haase,R,191.0,NED,23.765,62.0,803.0,3-6 7-6(4) 7-5,3,R16,133.0,22.0,2.0,124.0,82.0,61.0,19.0,17.0,8.0,10.0,8.0,2.0,87.0,54.0,44.0,22.0,16.0,0.0,1.0
2011-301,Auckland,Hard,28,250,O,20110110,19,ME82,,Q,Adrian Mannarino,L,180.0,FRA,22.533,80.0,612.0,C487,,WC,Arnaud Clement,R,173.0,FRA,33.065,75.0,627.0,7-5 6-4,3,R16,111.0,4.0,1.0,59.0,36.0,27.0,15.0,11.0,1.0,3.0,5.0,2.0,81.0,48.0,35.0,10.0,11.0,6.0,10.0
2011-301,Auckland,Hard,28,250,O,20110110,20,A479,2.0,,Nicolas Almagro,R,183.0,ESP,25.388,14.0,2160.0,H528,,,Victor Hanescu,R,198.0,ROU,29.473,52.0,915.0,6-4 7-6(3),3,R16,98.0,5.0,2.0,76.0,39.0,29.0,22.0,11.0,5.0,6.0,6.0,1.0,73.0,52.0,37.0,8.0,11.0,1.0,3.0
2011-301,Auckland,Hard,28,250,O,20110110,21,F401,1.0,,David Ferrer,R,175.0,ESP,28.775,7.0,3735.0,K435,8.0,,Philipp Kohlschreiber,R,178.0,GER,27.236,34.0,1215.0,6-3 6-7(4) 6-3,3,QF,163.0,5.0,2.0,123.0,83.0,59.0,21.0,16.0,11.0,12.0,4.0,4.0,117.0,61.0,39.0,28.0,14.0,12.0,15.0
2011-301,Auckland,Hard,28,250,O,20110110,22,G725,,,Santiago Giraldo,R,188.0,COL,23.121,64.0,785.0,BD20,7.0,,Thomaz Bellucci,L,188.0,BRA,23.031,31.0,1355.0,6-2 6-4,3,QF,78.0,5.0,0.0,56.0,37.0,26.0,11.0,9.0,1.0,2.0,3.0,2.0,49.0,32.0,18.0,8.0,9.0,2.0,6.0
2011-301,Auckland,Hard,28,250,O,20110110,23,N301,6.0,,David Nalbandian,R,180.0,ARG,29.024,27.0,1480.0,I186,3.0,,John Isner,R,208.0,USA,25.708,20.0,1850.0,6-4 7-6(3),3,QF,85.0,4.0,2.0,65.0,34.0,28.0,22.0,11.0,3.0,3.0,8.0,3.0,68.0,53.0,39.0,8.0,11.0,0.0,1.0
2011-301,Auckland,Hard,28,250,O,20110110,24,A479,2.0,,Nicolas Almagro,R,183.0,ESP,25.388,14.0,2160.0,ME82,,Q,Adrian Mannarino,L,180.0,FRA,22.533,80.0,612.0,7-6(3) 6-7(1) 6-2,3,QF,124.0,11.0,3.0,87.0,44.0,38.0,30.0,16.0,0.0,1.0,3.0,5.0,100.0,62.0,52.0,15.0,16.0,6.0,9.0
2011-301,Auckland,Hard,28,250,O,20110110,25,F401,1.0,,David Ferrer,R,175.0,ESP,28.775,7.0,3735.0,G725,,,Santiago Giraldo,R,188.0,COL,23.121,64.0,785.0,6-3 7-5,3,SF,74.0,4.0,0.0,58.0,40.0,32.0,12.0,11.0,1.0,2.0,2.0,0.0,52.0,36.0,28.0,6.0,10.0,2.0,5.0
2011-301,Auckland,Hard,28,250,O,20110110,26,N301,6.0,,David Nalbandian,R,180.0,ARG,29.024,27.0,1480.0,A479,2.0,,Nicolas Almagro,R,183.0,ESP,25.388,14.0,2160.0,6-4 6-2,3,SF,86.0,1.0,3.0,65.0,40.0,27.0,16.0,9.0,4.0,4.0,8.0,4.0,66.0,35.0,23.0,13.0,9.0,3.0,6.0
2011-301,Auckland,Hard,28,250,O,20110110,27,F401,1.0,,David Ferrer,R,175.0,ESP,28.775,7.0,3735.0,N301,6.0,,David Nalbandian,R,180.0,ARG,29.024,27.0,1480.0,6-3 6-2,3,F,69.0,2.0,1.0,56.0,41.0,30.0,10.0,9.0,3.0,3.0,2.0,0.0,49.0,29.0,15.0,12.0,8.0,2.0,5.0
2011-338,Sydney,Hard,28,250,O,20110110,1,D801,,,Alexandr Dolgopolov,R,180.0,UKR,22.174,49.0,928.0,TA46,,Q,Bernard Tomic,R,196.0,AUS,18.22,209.0,239.0,6-7(3) 6-1 6-2,3,R32,85.0,22.0,1.0,83.0,45.0,36.0,28.0,14.0,5.0,5.0,4.0,5.0,81.0,55.0,38.0,11.0,13.0,1.0,5.0
2011-338,Sydney,Hard,28,250,O,20110110,2,G717,,Q,Fred Gil,R,173.0,POR,25.799,102.0,551.0,N289,,,Jarkko Nieminen,L,185.0,FIN,29.467,39.0,1062.0,6-2 RET,3,R32,32.0,1.0,0.0,26.0,19.0,14.0,4.0,4.0,4.0,4.0,0.0,0.0,20.0,12.0,6.0,5.0,4.0,0.0,2.0
2011-338,Sydney,Hard,28,250,O,20110110,3,SD32,,,Gilles Simon,R,183.0,FRA,26.037,41.0,1005.0,L575,8.0,,Yen-Hsun Lu,R,180.0,TPE,27.409,35.0,1141.0,6-0 6-3,3,R32,57.0,4.0,0.0,38.0,26.0,23.0,9.0,8.0,0.0,0.0,0.0,1.0,47.0,28.0,16.0,7.0,7.0,4.0,8.0
2011-338,Sydney,Hard,28,250,O,20110110,4,A511,,Q,Igor Andreev,R,185.0,RUS,27.493,79.0,622.0,CA12,,,Jeremy Chardy,R,188.0,FRA,23.91,44.0,960.0,6-2 6-4,3,R32,72.0,4.0,4.0,56.0,33.0,28.0,11.0,9.0,4.0,5.0,3.0,6.0,55.0,26.0,18.0,12.0,9.0,4.0,8.0
2011-338,Sydney,Hard,28,250,O,20110110,5,SC77,,,Sergiy Stakhovsky,R,193.0,UKR,25.01,50.0,925.0,B896,,,Benjamin Becker,R,178.0,GER,29.569,55.0,870.0,7-6(3) 7-6(6),3,R32,105.0,8.0,1.0,80.0,52.0,38.0,17.0,12.0,4.0,6.0,6.0,4.0,94.0,60.0,39.0,19.0,12.0,6.0,8.0
2011-338,Sydney,Hard,28,250,O,20110110,6,G476,7.0,,Guillermo Garcia-Lopez,R,185.0,ESP,27.603,33.0,1300.0,G621,,Q,Chris Guccione,L,201.0,AUS,25.448,376.0,108.0,7-6(5) 7-5,3,R32,110.0,8.0,5.0,86.0,55.0,40.0,18.0,12.0,4.0,4.0,13.0,3.0,103.0,69.0,51.0,13.0,12.0,13.0,14.0
2011-338,Sydney,Hard,28,250,O,20110110,7,G628,5.0,,Richard Gasquet,R,183.0,FRA,24.564,29.0,1385.0,E690,,WC,Matthew Ebden,R,188.0,AUS,23.124,185.0,288.0,6-4 6-3,3,R32,71.0,11.0,1.0,58.0,41.0,33.0,10.0,10.0,2.0,2.0,3.0,0.0,56.0,27.0,17.0,16.0,9.0,5.0,7.0
2011-338,Sydney,Hard,28,250,O,20110110,8,SA93,,,Andreas Seppi,R,191.0,ITA,26.886,53.0,900.0,I165,,,Denis Istomin,R,185.0,UZB,24.342,40.0,1031.0,6-1 6-0,3,R32,51.0,4.0,1.0,45.0,27.0,19.0,12.0,7.0,1.0,1.0,2.0,1.0,44.0,32.0,14.0,4.0,6.0,4.0,9.0
2011-338,Sydney,Hard,28,250,O,20110110,9,C514,,,Juan Ignacio Chela,R,191.0,ARG,31.365,38.0,1070.0,S694,,,Radek Stepanek,R,185.0,CZE,32.12,65.0,735.0,4-6 6-0 6-3,3,R32,119.0,5.0,1.0,88.0,57.0,39.0,18.0,13.0,7.0,9.0,3.0,2.0,71.0,39.0,25.0,14.0,12.0,3.0,8.0
2011-338,Sydney,Hard,28,250,O,20110110,10,D683,,WC,Juan Martin del Potro,R,198.0,ARG,22.297,259.0,180.0,L397,6.0,,Feliciano Lopez,L,188.0,ESP,29.306,32.0,1310.0,6-7(5) 7-6(9) 7-6(3),3,R32,200.0,21.0,7.0,148.0,85.0,68.0,33.0,18.0,7.0,8.0,20.0,3.0,124.0,66.0,50.0,33.0,18.0,2.0,3.0
2011-338,Sydney,Hard,28,250,O,20110110,11,MB02,,,Florian Mayer,R,191.0,GER,27.266,37.0,1073.0,W503,,WC,James Ward,R,188.0,GBR,23.918,207.0,241.0,7-5 6-0,3,R32,70.0,0.0,0.0,49.0,33.0,25.0,9.0,9.0,2.0,3.0,3.0,5.0,66.0,39.0,21.0,11.0,9.0,3.0,8.0
2011-338,Sydney,Hard,28,250,O,20110110,12,S843,,,Potito Starace,R,188.0,ITA,29.492,47.0,945.0,B747,,,Julien Benneteau,R,185.0,FRA,29.057,43.0,965.0,6-7(6) 6-3 6-4,3,R32,140.0,3.0,2.0,98.0,68.0,40.0,20.0,16.0,2.0,6.0,4.0,4.0,95.0,50.0,33.0,18.0,15.0,2.0,8.0
2011-338,Sydney,Hard,28,250,O,20110110,13,D801,,,Alexandr Dolgopolov,R,180.0,UKR,22.174,49.0,928.0,Q927,1.0,,Sam Querrey,R,198.0,USA,23.261,18.0,1860.0,6-4 6-3,3,R16,62.0,7.0,2.0,50.0,26.0,21.0,14.0,9.0,1.0,2.0,4.0,5.0,70.0,42.0,26.0,11.0,10.0,6.0,10.0
2011-338,Sydney,Hard,28,250,O,20110110,14,SD32,,,Gilles Simon,R,183.0,FRA,26.037,41.0,1005.0,G717,,Q,Fred Gil,R,173.0,POR,25.799,102.0,551.0,6-1 6-3,3,R16,66.0,4.0,2.0,42.0,23.0,15.0,13.0,8.0,0.0,2.0,0.0,1.0,56.0,28.0,15.0,8.0,8.0,4.0,10.0
2011-338,Sydney,Hard,28,250,O,20110110,15,G858,3.0,,Ernests Gulbis,R,191.0,LAT,22.363,24.0,1505.0,A511,,Q,Igor Andreev,R,185.0,RUS,27.493,79.0,622.0,2-6 6-4 6-3,3,R16,140.0,17.0,5.0,79.0,45.0,37.0,18.0,14.0,1.0,3.0,6.0,5.0,101.0,60.0,42.0,20.0,13.0,10.0,12.0
2011-338,Sydney,Hard,28,250,O,20110110,16,SC77,,,Sergiy Stakhovsky,R,193.0,UKR,25.01,50.0,925.0,G476,7.0,,Guillermo Garcia-Lopez,R,185.0,ESP,27.603,33.0,1300.0,6-3 6-4,3,R16,65.0,8.0,0.0,48.0,35.0,31.0,9.0,10.0,0.0,0.0,2.0,4.0,58.0,30.0,22.0,13.0,9.0,3.0,5.0
2011-338,Sydney,Hard,28,250,O,20110110,17,G628,5.0,,Richard Gasquet,R,183.0,FRA,24.564,29.0,1385.0,SA93,,,Andreas Seppi,R,191.0,ITA,26.886,53.0,900.0,3-6 7-5 6-4,3,R16,125.0,10.0,3.0,90.0,62.0,45.0,16.0,16.0,1.0,3.0,8.0,3.0,103.0,59.0,45.0,21.0,15.0,8.0,10.0
2011-338,Sydney,Hard,28,250,O,20110110,18,T840,4.0,,Viktor Troicki,R,193.0,SRB,24.914,30.0,1385.0,C514,,,Juan Ignacio Chela,R,191.0,ARG,31.365,38.0,1070.0,6-2 6-3,3,R16,84.0,8.0,0.0,45.0,29.0,24.0,11.0,8.0,3.0,3.0,1.0,3.0,82.0,45.0,25.0,17.0,9.0,7.0,11.0
2011-338,Sydney,Hard,28,250,O,20110110,19,MB02,,,Florian Mayer,R,191.0,GER,27.266,37.0,1073.0,D683,,WC,Juan Martin del Potro,R,198.0,ARG,22.297,259.0,180.0,6-2 7-5,3,R16,74.0,10.0,2.0,49.0,35.0,29.0,11.0,10.0,0.0,0.0,4.0,3.0,58.0,26.0,19.0,16.0,10.0,1.0,4.0
2011-338,Sydney,Hard,28,250,O,20110110,20,S843,,,Potito Starace,R,188.0,ITA,29.492,47.0,945.0,K540,,LL,Lukasz Kubot,R,191.0,POL,28.654,72.0,670.0,7-6(5) 2-6 6-3,3,R16,132.0,7.0,1.0,102.0,74.0,48.0,15.0,15.0,7.0,11.0,10.0,7.0,83.0,49.0,37.0,16.0,14.0,4.0,7.0
2011-338,Sydney,Hard,28,250,O,20110110,21,SD32,,,Gilles Simon,R,183.0,FRA,26.037,41.0,1005.0,D801,,,Alexandr Dolgopolov,R,180.0,UKR,22.174,49.0,928.0,6-4 6-3,3,QF,76.0,3.0,2.0,58.0,33.0,27.0,16.0,10.0,2.0,2.0,4.0,1.0,58.0,32.0,22.0,13.0,9.0,3.0,5.0
2011-338,Sydney,Hard,28,250,O,20110110,22,G858,3.0,,Ernests Gulbis,R,191.0,LAT,22.363,24.0,1505.0,SC77,,,Sergiy Stakhovsky,R,193.0,UKR,25.01,50.0,925.0,6-4 6-4,3,QF,93.0,3.0,4.0,74.0,45.0,32.0,16.0,10.0,5.0,6.0,5.0,1.0,61.0,37.0,22.0,15.0,10.0,4.0,7.0
2011-338,Sydney,Hard,28,250,O,20110110,23,T840,4.0,,Viktor Troicki,R,193.0,SRB,24.914,30.0,1385.0,G628,5.0,,Richard Gasquet,R,183.0,FRA,24.564,29.0,1385.0,6-4 6-4,3,QF,77.0,8.0,1.0,62.0,33.0,26.0,15.0,10.0,3.0,4.0,3.0,1.0,56.0,37.0,24.0,10.0,10.0,2.0,5.0
2011-338,Sydney,Hard,28,250,O,20110110,24,MB02,,,Florian Mayer,R,191.0,GER,27.266,37.0,1073.0,S843,,,Potito Starace,R,188.0,ITA,29.492,47.0,945.0,6-4 6-1,3,QF,65.0,3.0,0.0,47.0,30.0,23.0,9.0,9.0,2.0,4.0,0.0,1.0,56.0,33.0,17.0,8.0,8.0,1.0,6.0
2011-338,Sydney,Hard,28,250,O,20110110,25,SD32,,,Gilles Simon,R,183.0,FRA,26.037,41.0,1005.0,G858,3.0,,Ernests Gulbis,R,191.0,LAT,22.363,24.0,1505.0,7-6(1) 6-0,3,SF,73.0,2.0,4.0,58.0,31.0,24.0,16.0,9.0,1.0,2.0,3.0,4.0,48.0,28.0,17.0,5.0,9.0,0.0,4.0
2011-338,Sydney,Hard,28,250,O,20110110,26,T840,4.0,,Viktor Troicki,R,193.0,SRB,24.914,30.0,1385.0,MB02,,,Florian Mayer,R,191.0,GER,27.266,37.0,1073.0,6-4 7-6(4),3,SF,84.0,13.0,4.0,69.0,36.0,32.0,12.0,11.0,2.0,5.0,2.0,1.0,73.0,51.0,27.0,15.0,11.0,4.0,8.0
2011-338,Sydney,Hard,28,250,O,20110110,27,SD32,,,Gilles Simon,R,183.0,FRA,26.037,41.0,1005.0,T840,4.0,,Viktor Troicki,R,193.0,SRB,24.914,30.0,1385.0,7-5 7-6(4),3,F,119.0,3.0,2.0,86.0,46.0,25.0,22.0,12.0,3.0,7.0,5.0,3.0,82.0,42.0,30.0,13.0,12.0,8.0,13.0
2011-580,Australian Open,Hard,128,G,O,20110117,1,N409,1.0,,Rafael Nadal,L,185.0,ESP,24.624,1.0,12390.0,D339,,,Marcos Daniel,R,180.0,BRA,32.539,93.0,564.0,6-0 5-0 RET,5,R128,47.0,4.0,3.0,35.0,19.0,16.0,9.0,5.0,4.0,4.0,0.0,0.0,26.0,17.0,2.0,0.0,6.0,0.0,6.0
2011-580,Australian Open,Hard,128,G,O,20110117,2,SG87,,Q,Ryan Sweeting,R,196.0,USA,23.513,116.0,486.0,G676,,,Daniel Gimeno-Traver,R,183.0,ESP,25.446,60.0,844.0,6-4 6-4 6-1,5,R128,111.0,3.0,6.0,113.0,84.0,59.0,12.0,13.0,11.0,12.0,10.0,2.0,77.0,47.0,31.0,12.0,14.0,1.0,7.0
2011-580,Australian Open,Hard,128,G,O,20110117,3,TA46,,WC,Bernard Tomic,R,196.0,AUS,18.24,199.0,251.0,CA12,,,Jeremy Chardy,R,188.0,FRA,23.929,44.0,960.0,6-3 6-2 7-6(5),5,R128,110.0,2.0,3.0,92.0,62.0,44.0,22.0,15.0,2.0,2.0,12.0,7.0,92.0,56.0,41.0,14.0,14.0,3.0,6.0
2011-580,Australian Open,Hard,128,G,O,20110117,4,L397,31.0,,Feliciano Lopez,L,188.0,ESP,29.325,31.0,1310.0,F444,,,Alejandro Falla,L,185.0,COL,27.176,103.0,540.0,6-3 7-6(6) 6-3,5,R128,134.0,17.0,6.0,102.0,61.0,46.0,21.0,16.0,7.0,10.0,6.0,3.0,95.0,59.0,38.0,16.0,14.0,7.0,12.0
2011-580,Australian Open,Hard,128,G,O,20110117,5,I186,20.0,,John Isner,R,208.0,USA,25.728,20.0,1645.0,S963,,,Florent Serra,R,180.0,FRA,29.884,69.0,711.0,6-3 7-6(8) 6-3,5,R128,110.0,27.0,4.0,106.0,77.0,62.0,14.0,16.0,3.0,4.0,4.0,5.0,92.0,58.0,43.0,17.0,14.0,2.0,5.0
2011-580,Australian Open,Hard,128,G,O,20110117,6,S694,,,Radek Stepanek,R,185.0,CZE,32.14,66.0,735.0,G512,,Q,Denis Gremelmayr,L,183.0,GER,29.421,120.0,469.0,6-3 6-2 6-3,5,R128,84.0,7.0,1.0,65.0,37.0,30.0,20.0,13.0,2.0,3.0,5.0,1.0,88.0,46.0,27.0,20.0,13.0,4.0,10.0
2011-580,Australian Open,Hard,128,G,O,20110117,7,G725,,,Santiago Giraldo,R,188.0,COL,23.14,59.0,850.0,MA49,,,Rui Machado,R,178.0,POR,26.771,90.0,573.0,6-4 6-3 5-7 6-1,5,R128,149.0,7.0,2.0,100.0,61.0,40.0,24.0,19.0,4.0,9.0,9.0,5.0,125.0,76.0,43.0,20.0,19.0,4.0,13.0
2011-580,Australian Open,Hard,128,G,O,20110117,8,C977,15.0,,Marin Cilic,R,198.0,CRO,22.303,15.0,2140.0,Y124,,Q,Donald Young,L,183.0,USA,21.487,129.0,435.0,6-3 6-2 6-1,5,R128,91.0,8.0,0.0,67.0,42.0,34.0,16.0,12.0,1.0,1.0,1.0,3.0,75.0,47.0,28.0,11.0,12.0,5.0,11.0
2011-580,Australian Open,Hard,128,G,O,20110117,9,Y061,10.0,,Mikhail Youzhny,R,183.0,RUS,28.564,10.0,2920.0,K771,,,Marsel Ilhan,R,191.0,TUR,23.603,87.0,574.0,6-2 6-3 7-6(5),5,R128,131.0,3.0,0.0,89.0,59.0,50.0,20.0,15.0,5.0,5.0,10.0,5.0,96.0,61.0,45.0,17.0,14.0,5.0,8.0
2011-580,Australian Open,Hard,128,G,O,20110117,10,K834,,Q,Blaz Kavcic,R,188.0,SLO,23.871,98.0,552.0,A678,,,Kevin Anderson,R,203.0,RSA,24.668,56.0,868.0,2-6 6-4 7-6(4) 7-6(5),5,R128,201.0,4.0,2.0,142.0,93.0,69.0,21.0,21.0,6.0,11.0,23.0,2.0,131.0,84.0,64.0,23.0,21.0,5.0,9.0
2011-580,Australian Open,Hard,128,G,O,20110117,11,R975,,Q,Milos Raonic,R,196.0,CAN,20.057,152.0,351.0,P436,,,Bjorn Phau,R,175.0,GER,31.288,85.0,581.0,7-6(3) 6-3 7-6(8),5,R128,127.0,27.0,6.0,104.0,68.0,57.0,23.0,17.0,0.0,0.0,5.0,3.0,107.0,58.0,44.0,28.0,16.0,1.0,2.0
2011-580,Australian Open,Hard,128,G,O,20110117,12,L428,22.0,,Michael Llodra,L,191.0,FRA,30.667,24.0,1575.0,C514,,,Juan Ignacio Chela,R,191.0,ARG,31.384,39.0,1070.0,6-3 3-6 6-2 6-4,5,R128,143.0,9.0,5.0,109.0,67.0,50.0,21.0,18.0,7.0,10.0,3.0,5.0,112.0,67.0,43.0,19.0,18.0,5.0,11.0
2011-580,Australian Open,Hard,128,G,O,20110117,13,N301,27.0,,David Nalbandian,R,180.0,ARG,29.043,21.0,1610.0,H432,,,Lleyton Hewitt,R,178.0,AUS,29.895,54.0,870.0,3-6 6-4 3-6 7-6(1) 9-7,5,R128,288.0,7.0,6.0,210.0,136.0,88.0,37.0,28.0,23.0,29.0,10.0,5.0,176.0,103.0,73.0,35.0,28.0,6.0,12.0
2011-580,Australian Open,Hard,128,G,O,20110117,14,BE90,,,Ricardas Berankis,R,175.0,LTU,20.575,95.0,560.0,ME05,,WC,Marinko Matosevic,R,193.0,AUS,25.443,138.0,380.0,6-4 6-2 7-5,5,R128,113.0,7.0,1.0,86.0,50.0,37.0,20.0,15.0,1.0,4.0,4.0,4.0,95.0,54.0,31.0,20.0,15.0,8.0,15.0
2011-580,Australian Open,Hard,128,G,O,20110117,15,R368,,,Michael Russell,R,173.0,USA,32.715,100.0,547.0,E690,,WC,Matthew Ebden,R,188.0,AUS,23.143,185.0,288.0,6-3 6-2 5-7 7-6(9),5,R128,203.0,4.0,3.0,147.0,104.0,69.0,19.0,21.0,5.0,11.0,13.0,2.0,133.0,83.0,55.0,20.0,20.0,5.0,13.0
2011-580,Australian Open,Hard,128,G,O,20110117,16,F401,7.0,,David Ferrer,R,175.0,ESP,28.794,7.0,3895.0,N289,,,Jarkko Nieminen,L,185.0,FIN,29.487,40.0,1062.0,6-4 6-3 1-6 6-2,5,R128,119.0,4.0,2.0,89.0,62.0,49.0,15.0,17.0,0.0,3.0,6.0,0.0,105.0,60.0,41.0,20.0,17.0,6.0,11.0
2011-580,Australian Open,Hard,128,G,O,20110117,17,SA49,4.0,,Robin Soderling,R,193.0,SWE,26.426,4.0,5785.0,S843,,,Potito Starace,R,188.0,ITA,29.511,48.0,945.0,6-4 6-2 6-2,5,R128,94.0,12.0,0.0,68.0,40.0,35.0,18.0,13.0,0.0,0.0,4.0,2.0,80.0,47.0,34.0,10.0,13.0,3.0,8.0
2011-580,Australian Open,Hard,128,G,O,20110117,18,MA30,,Q,Gilles Muller,L,193.0,LUX,27.693,122.0,466.0,S944,,Q,Simon Stadler,L,183.0,GER,27.496,288.0,155.0,6-3 7-6(5) 6-4,5,R128,134.0,11.0,1.0,108.0,74.0,56.0,19.0,16.0,6.0,8.0,3.0,1.0,91.0,62.0,40.0,17.0,15.0,4.0,8.0
2011-580,Australian Open,Hard,128,G,O,20110117,19,H442,,Q,Jan Hernych,R,188.0,CZE,31.532,241.0,196.0,I165,,,Denis Istomin,R,185.0,UZB,24.361,41.0,1031.0,6-3 6-4 3-6 6-2,5,R128,153.0,4.0,1.0,116.0,76.0,50.0,26.0,18.0,11.0,13.0,2.0,3.0,118.0,81.0,50.0,19.0,18.0,10.0,15.0
2011-580,Australian Open,Hard,128,G,O,20110117,20,BD20,30.0,,Thomaz Bellucci,L,188.0,BRA,23.05,30.0,1355.0,M708,,,Ricardo Mello,L,175.0,BRA,30.073,77.0,627.0,7-5 7-5 4-6 3-6 6-3,5,R128,237.0,15.0,9.0,175.0,95.0,73.0,32.0,26.0,16.0,22.0,4.0,4.0,165.0,97.0,58.0,38.0,26.0,10.0,17.0
2011-580,Australian Open,Hard,128,G,O,20110117,21,B896,,,Benjamin Becker,R,178.0,GER,29.588,55.0,870.0,G858,24.0,,Ernests Gulbis,R,191.0,LAT,22.382,23.0,1575.0,7-6(5) 6-2 6-4,5,R128,118.0,12.0,2.0,93.0,56.0,47.0,20.0,15.0,4.0,5.0,12.0,6.0,92.0,65.0,49.0,9.0,15.0,2.0,6.0
2011-580,Australian Open,Hard,128,G,O,20110117,22,D801,,,Alexandr Dolgopolov,R,180.0,UKR,22.193,46.0,953.0,K926,,,Mikhail Kukushkin,R,183.0,KAZ,23.061,63.0,815.0,6-3 6-2 6-4,5,R128,100.0,16.0,3.0,75.0,35.0,31.0,23.0,14.0,0.0,2.0,1.0,5.0,79.0,47.0,28.0,11.0,13.0,8.0,14.0
2011-580,Australian Open,Hard,128,G,O,20110117,23,SA93,,,Andreas Seppi,R,191.0,ITA,26.905,51.0,900.0,C487,,,Arnaud Clement,R,173.0,FRA,33.084,113.0,497.0,3-6 2-6 7-5 6-3 6-2,5,R128,219.0,12.0,5.0,142.0,81.0,60.0,29.0,23.0,3.0,8.0,5.0,8.0,169.0,96.0,62.0,38.0,23.0,16.0,22.0
2011-580,Australian Open,Hard,128,G,O,20110117,24,T786,13.0,,Jo-Wilfried Tsonga,R,188.0,FRA,25.752,13.0,2345.0,P624,,,Philipp Petzschner,R,185.0,GER,26.817,57.0,859.0,4-6 2-6 6-2 6-3 6-4,5,R128,195.0,11.0,5.0,166.0,109.0,75.0,25.0,23.0,13.0,18.0,14.0,7.0,129.0,72.0,52.0,24.0,22.0,7.0,13.0
2011-580,Australian Open,Hard,128,G,O,20110117,25,M762,11.0,,Jurgen Melzer,L,183.0,AUT,29.656,11.0,2785.0,ME31,,Q,Vincent Millot,L,173.0,FRA,24.964,160.0,334.0,6-2 6-4 6-2,5,R128,108.0,4.0,1.0,81.0,48.0,36.0,20.0,13.0,2.0,3.0,5.0,3.0,94.0,60.0,29.0,19.0,13.0,10.0,16.0
2011-580,Australian Open,Hard,128,G,O,20110117,26,R750,,,Pere Riba,R,183.0,ESP,22.779,71.0,672.0,BD59,,WC,Carsten Ball,L,198.0,AUS,23.578,158.0,344.0,1-6 7-6(5) 6-2 2-6 6-4,5,R128,172.0,10.0,6.0,132.0,72.0,44.0,38.0,22.0,3.0,8.0,23.0,11.0,134.0,92.0,70.0,19.0,23.0,5.0,9.0
2011-580,Australian Open,Hard,128,G,O,20110117,27,D683,,,Juan Martin del Potro,R,198.0,ARG,22.316,236.0,200.0,SC56,,,Dudi Sela,R,175.0,ISR,25.788,92.0,568.0,7-6(13) 6-4 6-4,5,R128,159.0,19.0,3.0,112.0,71.0,54.0,20.0,16.0,3.0,5.0,4.0,1.0,96.0,52.0,37.0,25.0,16.0,2.0,6.0
2011-580,Australian Open,Hard,128,G,O,20110117,28,B837,21.0,,Marcos Baghdatis,R,178.0,CYP,25.585,22.0,1580.0,Z189,,Q,Grega Zemlja,R,183.0,SLO,24.301,141.0,376.0,3-6 7-5 6-1 4-6 6-2,5,R128,203.0,15.0,3.0,137.0,72.0,54.0,35.0,23.0,9.0,13.0,9.0,5.0,162.0,87.0,57.0,37.0,23.0,15.0,22.0
2011-580,Australian Open,Hard,128,G,O,20110117,29,G476,32.0,,Guillermo Garcia-Lopez,R,185.0,ESP,27.622,32.0,1300.0,B678,,,Michael Berrer,L,193.0,GER,30.546,61.0,835.0,6-4 6-4 3-6 6-3,5,R128,152.0,8.0,5.0,118.0,77.0,55.0,19.0,19.0,10.0,14.0,16.0,4.0,124.0,86.0,53.0,16.0,19.0,5.0,12.0
2011-580,Australian Open,Hard,128,G,O,20110117,30,SE66,,,Eduardo Schwank,R,183.0,ARG,24.736,86.0,580.0,MD56,,,Leonardo Mayer,R,191.0,ARG,23.677,107.0,515.0,6-2 6-0 6-4,5,R128,102.0,6.0,0.0,60.0,36.0,29.0,19.0,12.0,0.0,0.0,2.0,5.0,85.0,55.0,31.0,12.0,12.0,7.0,13.0
2011-580,Australian Open,Hard,128,G,O,20110117,31,ME89,,,Illya Marchenko,R,185.0,UKR,23.359,79.0,624.0,R383,,,Ruben Ramirez Hidalgo,R,183.0,ESP,33.029,76.0,638.0,6-3 6-4 6-1,5,R128,133.0,9.0,8.0,88.0,49.0,35.0,18.0,13.0,11.0,14.0,1.0,5.0,84.0,35.0,21.0,17.0,13.0,4.0,12.0
2011-580,Australian Open,Hard,128,G,O,20110117,32,MC10,5.0,,Andy Murray,R,191.0,GBR,23.677,5.0,5760.0,B804,,,Karol Beck,R,180.0,SVK,28.791,101.0,543.0,6-3 6-1 4-2 RET,5,R128,102.0,2.0,3.0,66.0,38.0,33.0,14.0,11.0,3.0,3.0,5.0,5.0,83.0,50.0,32.0,12.0,11.0,4.0,9.0
2011-580,Australian Open,Hard,128,G,O,20110117,33,BA47,6.0,,Tomas Berdych,R,196.0,CZE,25.333,6.0,3955.0,C968,,Q,Marco Crugnola,R,188.0,ITA,27.652,237.0,200.0,6-4 6-0 6-2,5,R128,99.0,2.0,1.0,65.0,41.0,36.0,10.0,12.0,0.0,1.0,0.0,9.0,81.0,50.0,29.0,10.0,12.0,4.0,11.0
2011-580,Australian Open,Hard,128,G,O,20110117,34,K435,,,Philipp Kohlschreiber,R,178.0,GER,27.255,35.0,1195.0,K839,,,Tobias Kamke,R,178.0,GER,24.66,65.0,736.0,1-6 4-6 7-6(6) 6-4 6-4,5,R128,231.0,7.0,2.0,166.0,110.0,68.0,30.0,24.0,9.0,15.0,6.0,7.0,170.0,99.0,70.0,38.0,25.0,13.0,18.0
2011-580,Australian Open,Hard,128,G,O,20110117,35,ME82,,,Adrian Mannarino,L,180.0,FRA,22.552,74.0,669.0,H940,,WC,Ryan Harrison,R,185.0,USA,18.697,172.0,313.0,6-4 6-3 6-4,5,R128,106.0,4.0,3.0,79.0,47.0,39.0,17.0,14.0,3.0,4.0,9.0,2.0,93.0,60.0,36.0,18.0,15.0,5.0,10.0
2011-580,Australian Open,Hard,128,G,O,20110117,36,G628,28.0,,Richard Gasquet,R,183.0,FRA,24.583,33.0,1280.0,D499,,Q,Frank Dancevic,R,185.0,CAN,26.308,267.0,172.0,6-3 6-4 6-4,5,R128,121.0,5.0,2.0,80.0,50.0,36.0,19.0,15.0,1.0,4.0,2.0,0.0,96.0,61.0,35.0,17.0,14.0,8.0,14.0
2011-580,Australian Open,Hard,128,G,O,20110117,37,MB02,,,Florian Mayer,R,191.0,GER,27.285,36.0,1143.0,D402,23.0,,Nikolay Davydenko,R,178.0,RUS,29.626,25.0,1555.0,6-3 4-6 7-6(4) 6-4,5,R128,185.0,3.0,2.0,137.0,92.0,63.0,28.0,20.0,10.0,13.0,4.0,6.0,149.0,95.0,69.0,23.0,21.0,9.0,14.0
2011-580,Australian Open,Hard,128,G,O,20110117,38,N552,,,Kei Nishikori,R,178.0,JPN,21.051,82.0,599.0,F510,,,Fabio Fognini,R,178.0,ITA,23.652,58.0,855.0,6-1 6-4 6-7(4) 6-4,5,R128,188.0,6.0,3.0,129.0,89.0,61.0,20.0,19.0,11.0,14.0,3.0,5.0,134.0,80.0,52.0,22.0,20.0,7.0,15.0
2011-580,Australian Open,Hard,128,G,O,20110117,39,T742,,,Janko Tipsarevic,R,180.0,SRB,26.571,49.0,935.0,Z168,,,Mischa Zverev,L,191.0,GER,23.406,80.0,611.0,6-3 6-1 6-4,5,R128,132.0,13.0,4.0,88.0,51.0,43.0,17.0,13.0,3.0,3.0,7.0,6.0,101.0,66.0,42.0,12.0,13.0,11.0,16.0
2011-580,Australian Open,Hard,128,G,O,20110117,40,V306,9.0,,Fernando Verdasco,L,188.0,ESP,27.173,9.0,3240.0,S636,,,Rainer Schuettler,R,180.0,GER,34.73,83.0,597.0,6-1 6-3 6-2,5,R128,104.0,8.0,1.0,68.0,41.0,35.0,16.0,12.0,1.0,1.0,5.0,5.0,89.0,48.0,31.0,15.0,12.0,8.0,14.0
2011-580,Australian Open,Hard,128,G,O,20110117,41,A479,14.0,,Nicolas Almagro,R,183.0,ESP,25.407,14.0,2160.0,R612,,Q,Stephane Robert,R,185.0,FRA,30.669,124.0,460.0,6-4 6-3 6-7(4) 7-5,5,R128,157.0,22.0,4.0,141.0,84.0,67.0,31.0,22.0,6.0,8.0,7.0,5.0,132.0,80.0,58.0,25.0,21.0,5.0,10.0
2011-580,Australian Open,Hard,128,G,O,20110117,42,A511,,,Igor Andreev,R,185.0,RUS,27.513,75.0,644.0,V254,,,Filippo Volandri,R,183.0,ITA,29.366,88.0,574.0,6-3 7-6(3) 6-3,5,R128,153.0,6.0,4.0,107.0,62.0,45.0,17.0,16.0,8.0,14.0,0.0,8.0,110.0,62.0,36.0,17.0,14.0,10.0,18.0
2011-580,Australian Open,Hard,128,G,O,20110117,43,PD31,,WC,Benoit Paire,R,196.0,FRA,21.695,145.0,366.0,C723,,Q,Flavio Cipolla,R,173.0,ITA,27.244,248.0,190.0,6-1 7-5 6-1,5,R128,102.0,8.0,3.0,81.0,45.0,38.0,19.0,13.0,1.0,1.0,2.0,4.0,95.0,63.0,38.0,13.0,13.0,10.0,16.0
2011-580,Australian Open,Hard,128,G,O,20110117,44,L360,17.0,,Ivan Ljubicic,R,193.0,CRO,31.833,16.0,1965.0,L515,,WC,Peter Luczak,R,183.0,AUS,31.381,148.0,361.0,6-3 6-3 7-6(2),5,R128,152.0,19.0,1.0,92.0,58.0,50.0,21.0,15.0,5.0,5.0,8.0,2.0,117.0,70.0,50.0,20.0,15.0,9.0,12.0
2011-580,Australian Open,Hard,128,G,O,20110117,45,T840,29.0,,Viktor Troicki,R,193.0,SRB,24.934,27.0,1490.0,T315,,,Dmitry Tursunov,R,185.0,RUS,28.099,197.0,263.0,6-2 3-6 6-2 6-0,5,R128,142.0,10.0,1.0,93.0,54.0,39.0,23.0,15.0,4.0,6.0,8.0,4.0,111.0,65.0,37.0,20.0,16.0,10.0,18.0
2011-580,Australian Open,Hard,128,G,O,20110117,46,M873,,Q,Nicolas Mahut,R,191.0,FRA,28.988,132.0,424.0,D556,,,Brian Dabul,L,170.0,ARG,26.897,109.0,510.0,6-3 6-4 6-4,5,R128,111.0,7.0,3.0,92.0,57.0,48.0,16.0,15.0,3.0,4.0,1.0,0.0,76.0,45.0,26.0,22.0,14.0,4.0,8.0
2011-580,Australian Open,Hard,128,G,O,20110117,47,D646,,,Ivan Dodig,R,183.0,CRO,26.04,81.0,606.0,K336,,,Ivo Karlovic,R,211.0,CRO,31.885,73.0,670.0,6-4 3-6 6-7(5) 6-4 6-4,5,R128,177.0,10.0,7.0,132.0,85.0,71.0,33.0,25.0,2.0,3.0,48.0,6.0,152.0,106.0,85.0,25.0,26.0,5.0,8.0
2011-580,Australian Open,Hard,128,G,O,20110117,48,D643,3.0,,Novak Djokovic,R,188.0,SRB,23.658,3.0,6240.0,G710,,,Marcel Granollers,R,191.0,ESP,24.767,42.0,993.0,6-1 6-3 6-1,5,R128,91.0,7.0,1.0,66.0,45.0,34.0,14.0,12.0,1.0,2.0,3.0,3.0,65.0,31.0,21.0,8.0,11.0,5.0,12.0
2011-580,Australian Open,Hard,128,G,O,20110117,49,R485,8.0,,Andy Roddick,R,188.0,USA,28.383,8.0,3565.0,H571,,,Jan Hajek,R,180.0,CZE,27.447,96.0,560.0,6-1 6-2 6-2,5,R128,100.0,18.0,2.0,74.0,50.0,40.0,13.0,12.0,5.0,5.0,2.0,3.0,74.0,43.0,25.0,11.0,11.0,7.0,13.0
2011-580,Australian Open,Hard,128,G,O,20110117,50,K403,,,Igor Kunitsyn,R,180.0,RUS,29.298,99.0,551.0,P701,,,Michal Przysiezny,R,185.0,POL,26.919,84.0,596.0,6-7(1) 6-4 6-4 7-6(6),5,R128,203.0,8.0,1.0,135.0,80.0,53.0,31.0,22.0,3.0,8.0,16.0,7.0,159.0,93.0,61.0,28.0,22.0,9.0,16.0
2011-580,Australian Open,Hard,128,G,O,20110117,51,H756,,,Robin Haase,R,191.0,NED,23.784,62.0,823.0,B884,,,Carlos Berlocq,R,183.0,ARG,27.953,67.0,725.0,6-4 6-3 7-6(5),5,R128,148.0,4.0,5.0,105.0,60.0,44.0,27.0,15.0,4.0,6.0,4.0,3.0,99.0,49.0,35.0,23.0,16.0,3.0,8.0
2011-580,Australian Open,Hard,128,G,O,20110117,52,MA21,26.0,,Juan Monaco,R,185.0,ARG,26.804,28.0,1480.0,G511,,LL,Simon Greul,R,185.0,GER,29.763,131.0,424.0,7-6(5) 7-6(4) 6-2,5,R128,179.0,5.0,1.0,105.0,76.0,51.0,14.0,16.0,5.0,10.0,4.0,7.0,128.0,75.0,43.0,22.0,16.0,14.0,21.0
2011-580,Australian Open,Hard,128,G,O,20110117,53,W367,19.0,,Stan Wawrinka,R,183.0,SUI,25.807,19.0,1855.0,G681,,,Teymuraz Gabashvili,R,185.0,GEO,25.654,78.0,626.0,7-6(3) 6-4 6-4,5,R128,147.0,11.0,5.0,111.0,60.0,48.0,27.0,16.0,1.0,2.0,4.0,4.0,107.0,58.0,39.0,27.0,16.0,7.0,10.0
2011-580,Australian Open,Hard,128,G,O,20110117,54,D875,,Q,Grigor Dimitrov,R,191.0,BUL,19.674,105.0,518.0,G806,,,Andrey Golubev,R,180.0,KAZ,23.491,38.0,1135.0,6-1 6-4 6-2,5,R128,93.0,2.0,2.0,70.0,40.0,31.0,23.0,13.0,3.0,3.0,2.0,2.0,87.0,52.0,30.0,15.0,12.0,8.0,13.0
2011-580,Australian Open,Hard,128,G,O,20110117,55,G717,,,Fred Gil,R,173.0,POR,25.818,91.0,571.0,C882,,,Pablo Cuevas,R,180.0,URU,25.043,64.0,790.0,6-4 6-7(7) 4-6 6-3 9-7,5,R128,264.0,4.0,3.0,192.0,120.0,81.0,37.0,29.0,12.0,18.0,20.0,7.0,190.0,106.0,70.0,40.0,28.0,8.0,16.0
2011-580,Australian Open,Hard,128,G,O,20110117,56,MC65,12.0,,Gael Monfils,R,193.0,FRA,24.378,12.0,2560.0,D776,,,Thiemo de Bakker,R,193.0,NED,22.327,47.0,950.0,6-7(5) 2-6 7-5 6-2 6-1,5,R128,218.0,13.0,4.0,131.0,84.0,64.0,23.0,23.0,4.0,9.0,14.0,5.0,191.0,123.0,79.0,25.0,24.0,19.0,28.0
2011-580,Australian Open,Hard,128,G,O,20110117,57,F339,16.0,,Mardy Fish,R,188.0,USA,29.106,17.0,1921.0,H528,,,Victor Hanescu,R,198.0,ROU,29.492,50.0,925.0,2-6 4-6 6-3 7-5 6-3,5,R128,212.0,12.0,3.0,138.0,79.0,60.0,30.0,24.0,7.0,12.0,10.0,1.0,146.0,109.0,74.0,19.0,24.0,7.0,13.0
2011-580,Australian Open,Hard,128,G,O,20110117,58,R419,,,Tommy Robredo,R,180.0,ESP,28.715,52.0,890.0,D616,,WC,Somdev Devvarman,R,180.0,IND,25.925,108.0,514.0,7-6(4) 6-3 6-4,5,R128,157.0,9.0,0.0,104.0,64.0,47.0,24.0,16.0,6.0,8.0,6.0,2.0,107.0,71.0,49.0,15.0,15.0,8.0,12.0
2011-580,Australian Open,Hard,128,G,O,20110117,59,SC77,,,Sergiy Stakhovsky,R,193.0,UKR,25.029,43.0,970.0,BC72,,,Daniel Brands,R,196.0,GER,23.504,102.0,541.0,6-2 6-3 6-4,5,R128,91.0,7.0,1.0,77.0,52.0,40.0,13.0,14.0,0.0,2.0,5.0,3.0,74.0,48.0,34.0,5.0,13.0,4.0,10.0
2011-580,Australian Open,Hard,128,G,O,20110117,60,K540,,,Lukasz Kubot,R,191.0,POL,28.674,72.0,670.0,Q927,18.0,,Sam Querrey,R,198.0,USA,23.28,18.0,1860.0,5-7 6-2 3-6 6-1 8-6,5,R128,200.0,7.0,8.0,161.0,110.0,83.0,21.0,25.0,8.0,12.0,19.0,4.0,172.0,115.0,72.0,29.0,25.0,6.0,13.0
2011-580,Australian Open,Hard,128,G,O,20110117,61,M824,25.0,,Albert Montanes,R,175.0,ESP,30.141,26.0,1495.0,BA65,,,Dustin Brown,R,196.0,JAM,26.108,89.0,573.0,6-4 6-2 3-6 2-6 7-5,5,R128,158.0,1.0,3.0,134.0,78.0,53.0,39.0,23.0,9.0,12.0,29.0,7.0,172.0,118.0,90.0,17.0,24.0,9.0,13.0
2011-580,Australian Open,Hard,128,G,O,20110117,62,M680,,,Xavier Malisse,R,185.0,BEL,30.497,45.0,956.0,A596,,,Pablo Andujar,R,180.0,ESP,24.983,70.0,683.0,6-1 6-2 7-6(3),5,R128,121.0,1.0,3.0,84.0,49.0,33.0,23.0,14.0,1.0,3.0,1.0,0.0,77.0,51.0,27.0,14.0,13.0,3.0,9.0
2011-580,Australian Open,Hard,128,G,O,20110117,63,SD32,,,Gilles Simon,R,183.0,FRA,26.056,34.0,1210.0,L575,,,Yen-Hsun Lu,R,180.0,TPE,27.428,37.0,1141.0,6-7(3) 6-2 6-4 6-2,5,R128,217.0,6.0,2.0,123.0,59.0,45.0,38.0,19.0,5.0,6.0,3.0,4.0,126.0,75.0,48.0,25.0,19.0,5.0,11.0
2011-580,Australian Open,Hard,128,G,O,20110117,64,F324,2.0,,Roger Federer,R,185.0,SUI,29.443,2.0,9245.0,L797,,,Lukas Lacko,R,188.0,SVK,23.206,97.0,553.0,6-1 6-1 6-3,5,R128,84.0,8.0,1.0,59.0,38.0,33.0,14.0,12.0,0.0,1.0,3.0,1.0,83.0,56.0,33.0,6.0,11.0,7.0,14.0
2011-580,Australian Open,Hard,128,G,O,20110117,65,N409,1.0,,Rafael Nadal,L,185.0,ESP,24.624,1.0,12390.0,SG87,,Q,Ryan Sweeting,R,196.0,USA,23.513,116.0,486.0,6-2 6-1 6-1,5,R64,102.0,7.0,4.0,64.0,41.0,34.0,12.0,11.0,1.0,2.0,2.0,5.0,78.0,58.0,26.0,8.0,11.0,7.0,15.0
2011-580,Australian Open,Hard,128,G,O,20110117,66,TA46,,WC,Bernard Tomic,R,196.0,AUS,18.24,199.0,251.0,L397,31.0,,Feliciano Lopez,L,188.0,ESP,29.325,31.0,1310.0,7-6(4) 7-6(3) 6-3,5,R64,129.0,10.0,3.0,103.0,65.0,53.0,21.0,17.0,6.0,8.0,20.0,1.0,91.0,55.0,39.0,22.0,16.0,2.0,5.0
2011-580,Australian Open,Hard,128,G,O,20110117,67,I186,20.0,,John Isner,R,208.0,USA,25.728,20.0,1645.0,S694,,,Radek Stepanek,R,185.0,CZE,32.14,66.0,735.0,4-6 6-4 6-2 6-1,5,R64,129.0,20.0,5.0,99.0,75.0,59.0,15.0,18.0,7.0,8.0,3.0,3.0,88.0,52.0,38.0,19.0,17.0,2.0,7.0
2011-580,Australian Open,Hard,128,G,O,20110117,68,C977,15.0,,Marin Cilic,R,198.0,CRO,22.303,15.0,2140.0,G725,,,Santiago Giraldo,R,188.0,COL,23.14,59.0,850.0,6-3 7-6(1) 6-1,5,R64,120.0,13.0,7.0,103.0,48.0,40.0,33.0,15.0,11.0,12.0,2.0,2.0,71.0,48.0,31.0,12.0,13.0,1.0,5.0
2011-580,Australian Open,Hard,128,G,O,20110117,69,Y061,10.0,,Mikhail Youzhny,R,183.0,RUS,28.564,10.0,2920.0,K834,,Q,Blaz Kavcic,R,188.0,SLO,23.871,98.0,552.0,6-3 6-1 5-7 4-6 6-1,5,R64,219.0,14.0,4.0,146.0,84.0,62.0,34.0,23.0,10.0,13.0,6.0,8.0,143.0,88.0,57.0,26.0,22.0,3.0,10.0
2011-580,Australian Open,Hard,128,G,O,20110117,70,R975,,Q,Milos Raonic,R,196.0,CAN,20.057,152.0,351.0,L428,22.0,,Michael Llodra,L,191.0,FRA,30.667,24.0,1575.0,7-6(3) 6-3 7-6(4),5,R64,138.0,21.0,1.0,95.0,62.0,55.0,22.0,17.0,1.0,2.0,10.0,2.0,108.0,66.0,51.0,21.0,16.0,4.0,6.0
2011-580,Australian Open,Hard,128,G,O,20110117,71,BE90,,,Ricardas Berankis,R,175.0,LTU,20.575,95.0,560.0,N301,27.0,,David Nalbandian,R,180.0,ARG,29.043,21.0,1610.0,6-1 6-0 2-0 RET,5,R64,59.0,8.0,1.0,43.0,25.0,21.0,13.0,8.0,1.0,1.0,0.0,3.0,46.0,29.0,13.0,4.0,8.0,6.0,12.0
2011-580,Australian Open,Hard,128,G,O,20110117,72,F401,7.0,,David Ferrer,R,175.0,ESP,28.794,7.0,3895.0,R368,,,Michael Russell,R,173.0,USA,32.715,100.0,547.0,6-0 6-1 7-5,5,R64,109.0,8.0,3.0,63.0,39.0,32.0,17.0,12.0,0.0,0.0,4.0,4.0,82.0,47.0,31.0,10.0,13.0,7.0,14.0
2011-580,Australian Open,Hard,128,G,O,20110117,73,SA49,4.0,,Robin Soderling,R,193.0,SWE,26.426,4.0,5785.0,MA30,,Q,Gilles Muller,L,193.0,LUX,27.693,122.0,466.0,6-3 7-6(1) 6-1,5,R64,105.0,6.0,5.0,78.0,45.0,42.0,22.0,15.0,0.0,0.0,7.0,1.0,75.0,45.0,35.0,12.0,13.0,1.0,4.0
2011-580,Australian Open,Hard,128,G,O,20110117,74,H442,,Q,Jan Hernych,R,188.0,CZE,31.532,241.0,196.0,BD20,30.0,,Thomaz Bellucci,L,188.0,BRA,23.05,30.0,1355.0,6-2 6-7(11) 6-4 6-7(3) 8-6,5,R64,276.0,12.0,6.0,203.0,143.0,98.0,26.0,28.0,13.0,17.0,25.0,5.0,196.0,123.0,84.0,29.0,28.0,7.0,15.0
2011-580,Australian Open,Hard,128,G,O,20110117,75,D801,,,Alexandr Dolgopolov,R,180.0,UKR,22.193,46.0,953.0,B896,,,Benjamin Becker,R,178.0,GER,29.588,55.0,870.0,6-3 6-0 3-6 7-6(3),5,R64,137.0,18.0,2.0,93.0,50.0,43.0,31.0,18.0,0.0,1.0,9.0,3.0,115.0,63.0,44.0,25.0,18.0,5.0,9.0
2011-580,Australian Open,Hard,128,G,O,20110117,76,T786,13.0,,Jo-Wilfried Tsonga,R,188.0,FRA,25.752,13.0,2345.0,SA93,,,Andreas Seppi,R,191.0,ITA,26.905,51.0,900.0,6-3 7-6(1) 7-6(5),5,R64,150.0,20.0,4.0,121.0,78.0,62.0,19.0,17.0,6.0,8.0,8.0,3.0,96.0,55.0,42.0,20.0,16.0,3.0,6.0
2011-580,Australian Open,Hard,128,G,O,20110117,77,M762,11.0,,Jurgen Melzer,L,183.0,AUT,29.656,11.0,2785.0,R750,,,Pere Riba,R,183.0,ESP,22.779,71.0,672.0,6-2 6-4 6-2,5,R64,103.0,9.0,2.0,73.0,49.0,38.0,12.0,13.0,0.0,1.0,5.0,6.0,83.0,42.0,27.0,16.0,13.0,4.0,10.0
2011-580,Australian Open,Hard,128,G,O,20110117,78,B837,21.0,,Marcos Baghdatis,R,178.0,CYP,25.585,22.0,1580.0,D683,,,Juan Martin del Potro,R,198.0,ARG,22.316,236.0,200.0,6-1 6-3 4-6 6-3,5,R64,162.0,15.0,5.0,103.0,51.0,45.0,25.0,18.0,3.0,5.0,9.0,3.0,109.0,76.0,46.0,17.0,17.0,6.0,12.0
2011-580,Australian Open,Hard,128,G,O,20110117,79,G476,32.0,,Guillermo Garcia-Lopez,R,185.0,ESP,27.622,32.0,1300.0,SE66,,,Eduardo Schwank,R,183.0,ARG,24.736,86.0,580.0,6-4 7-6(8) 6-1,5,R64,127.0,4.0,4.0,85.0,46.0,40.0,24.0,15.0,1.0,2.0,2.0,8.0,112.0,72.0,48.0,17.0,14.0,5.0,9.0
2011-580,Australian Open,Hard,128,G,O,20110117,80,MC10,5.0,,Andy Murray,R,191.0,GBR,23.677,5.0,5760.0,ME89,,,Illya Marchenko,R,185.0,UKR,23.359,79.0,624.0,6-1 6-3 6-3,5,R64,117.0,16.0,0.0,82.0,52.0,41.0,13.0,13.0,3.0,4.0,5.0,4.0,71.0,38.0,21.0,13.0,12.0,2.0,8.0
2011-580,Australian Open,Hard,128,G,O,20110117,81,BA47,6.0,,Tomas Berdych,R,196.0,CZE,25.333,6.0,3955.0,K435,,,Philipp Kohlschreiber,R,178.0,GER,27.255,35.0,1195.0,4-6 6-2 6-3 6-4,5,R64,183.0,10.0,6.0,121.0,70.0,59.0,25.0,19.0,2.0,3.0,13.0,5.0,120.0,74.0,54.0,17.0,18.0,5.0,9.0
2011-580,Australian Open,Hard,128,G,O,20110117,82,G628,28.0,,Richard Gasquet,R,183.0,FRA,24.583,33.0,1280.0,ME82,,,Adrian Mannarino,L,180.0,FRA,22.552,74.0,669.0,6-3 7-6(4) 6-4,5,R64,132.0,12.0,3.0,95.0,65.0,50.0,18.0,16.0,2.0,4.0,5.0,3.0,107.0,64.0,39.0,21.0,15.0,7.0,11.0
2011-580,Australian Open,Hard,128,G,O,20110117,83,N552,,,Kei Nishikori,R,178.0,JPN,21.051,82.0,599.0,MB02,,,Florian Mayer,R,191.0,GER,27.285,36.0,1143.0,6-4 6-3 0-6 6-3,5,R64,144.0,2.0,5.0,116.0,66.0,43.0,28.0,17.0,6.0,10.0,7.0,5.0,118.0,76.0,52.0,16.0,17.0,7.0,12.0
2011-580,Australian Open,Hard,128,G,O,20110117,84,V306,9.0,,Fernando Verdasco,L,188.0,ESP,27.173,9.0,3240.0,T742,,,Janko Tipsarevic,R,180.0,SRB,26.571,49.0,935.0,2-6 4-6 6-4 7-6(0) 6-0,5,R64,232.0,23.0,7.0,151.0,97.0,75.0,21.0,23.0,15.0,20.0,17.0,6.0,154.0,85.0,57.0,32.0,23.0,7.0,12.0
2011-580,Australian Open,Hard,128,G,O,20110117,85,A479,14.0,,Nicolas Almagro,R,183.0,ESP,25.407,14.0,2160.0,A511,,,Igor Andreev,R,185.0,RUS,27.513,75.0,644.0,7-5 2-6 4-6 7-6(10) 7-5,5,R64,234.0,10.0,5.0,163.0,87.0,68.0,40.0,27.0,6.0,12.0,21.0,5.0,175.0,116.0,86.0,28.0,27.0,8.0,13.0
2011-580,Australian Open,Hard,128,G,O,20110117,86,L360,17.0,,Ivan Ljubicic,R,193.0,CRO,31.833,16.0,1965.0,PD31,,WC,Benoit Paire,R,196.0,FRA,21.695,145.0,366.0,6-3 6-7(2) 6-4 7-6(5),5,R64,185.0,8.0,1.0,128.0,79.0,53.0,30.0,21.0,0.0,3.0,13.0,5.0,145.0,76.0,55.0,32.0,22.0,10.0,16.0
2011-580,Australian Open,Hard,128,G,O,20110117,87,T840,29.0,,Viktor Troicki,R,193.0,SRB,24.934,27.0,1490.0,M873,,Q,Nicolas Mahut,R,191.0,FRA,28.988,132.0,424.0,6-4 6-2 1-6 6-3,5,R64,162.0,12.0,4.0,118.0,63.0,51.0,18.0,17.0,10.0,15.0,7.0,4.0,116.0,78.0,49.0,14.0,17.0,10.0,17.0
2011-580,Australian Open,Hard,128,G,O,20110117,88,D643,3.0,,Novak Djokovic,R,188.0,SRB,23.658,3.0,6240.0,D646,,,Ivan Dodig,R,183.0,CRO,26.04,81.0,606.0,7-5 6-7(8) 6-0 6-2,5,R64,201.0,9.0,3.0,121.0,78.0,59.0,27.0,19.0,4.0,5.0,8.0,6.0,146.0,84.0,56.0,30.0,19.0,13.0,20.0
2011-580,Australian Open,Hard,128,G,O,20110117,89,R485,8.0,,Andy Roddick,R,188.0,USA,28.383,8.0,3565.0,K403,,,Igor Kunitsyn,R,180.0,RUS,29.298,99.0,551.0,7-6(7) 6-2 6-3,5,R64,124.0,17.0,5.0,82.0,55.0,47.0,20.0,15.0,3.0,3.0,4.0,0.0,91.0,59.0,40.0,19.0,14.0,4.0,7.0
2011-580,Australian Open,Hard,128,G,O,20110117,90,H756,,,Robin Haase,R,191.0,NED,23.784,62.0,823.0,MA21,26.0,,Juan Monaco,R,185.0,ARG,26.804,28.0,1480.0,6-4 6-4 3-6 6-2,5,R64,184.0,9.0,3.0,148.0,99.0,64.0,23.0,19.0,12.0,17.0,2.0,2.0,121.0,84.0,49.0,17.0,18.0,8.0,16.0
2011-580,Australian Open,Hard,128,G,O,20110117,91,W367,19.0,,Stan Wawrinka,R,183.0,SUI,25.807,19.0,1855.0,D875,,Q,Grigor Dimitrov,R,191.0,BUL,19.674,105.0,518.0,7-5 6-3 6-3,5,R64,101.0,8.0,0.0,80.0,43.0,33.0,24.0,15.0,5.0,7.0,2.0,6.0,82.0,43.0,31.0,17.0,15.0,4.0,10.0
2011-580,Australian Open,Hard,128,G,O,20110117,92,MC65,12.0,,Gael Monfils,R,193.0,FRA,24.378,12.0,2560.0,G717,,,Fred Gil,R,173.0,POR,25.818,91.0,571.0,6-4 6-3 1-6 6-2,5,R64,149.0,8.0,5.0,104.0,70.0,49.0,17.0,17.0,3.0,7.0,0.0,0.0,127.0,91.0,50.0,20.0,17.0,5.0,11.0
2011-580,Australian Open,Hard,128,G,O,20110117,93,R419,,,Tommy Robredo,R,180.0,ESP,28.715,52.0,890.0,F339,16.0,,Mardy Fish,R,188.0,USA,29.106,17.0,1921.0,1-6 6-3 6-3 6-3,5,R64,153.0,1.0,2.0,105.0,76.0,55.0,14.0,17.0,5.0,8.0,12.0,5.0,117.0,69.0,48.0,19.0,17.0,9.0,14.0
2011-580,Australian Open,Hard,128,G,O,20110117,94,SC77,,,Sergiy Stakhovsky,R,193.0,UKR,25.029,43.0,970.0,K540,,,Lukasz Kubot,R,191.0,POL,28.674,72.0,670.0,6-3 6-4 6-4,5,R64,127.0,9.0,5.0,85.0,57.0,38.0,12.0,15.0,3.0,8.0,5.0,8.0,92.0,60.0,34.0,10.0,14.0,6.0,14.0
2011-580,Australian Open,Hard,128,G,O,20110117,95,M680,,,Xavier Malisse,R,185.0,BEL,30.497,45.0,956.0,M824,25.0,,Albert Montanes,R,175.0,ESP,30.141,26.0,1495.0,6-4 6-0 6-1,5,R64,99.0,7.0,0.0,64.0,33.0,25.0,19.0,11.0,2.0,4.0,5.0,3.0,84.0,45.0,22.0,13.0,12.0,9.0,17.0
2011-580,Australian Open,Hard,128,G,O,20110117,96,F324,2.0,,Roger Federer,R,185.0,SUI,29.443,2.0,9245.0,SD32,,,Gilles Simon,R,183.0,FRA,26.056,34.0,1210.0,6-2 6-3 4-6 4-6 6-3,5,R64,193.0,11.0,1.0,126.0,77.0,61.0,21.0,23.0,4.0,9.0,8.0,5.0,155.0,88.0,49.0,37.0,23.0,10.0,18.0
2011-580,Australian Open,Hard,128,G,O,20110117,97,N409,1.0,,Rafael Nadal,L,185.0,ESP,24.624,1.0,12390.0,TA46,,WC,Bernard Tomic,R,196.0,AUS,18.24,199.0,251.0,6-2 7-5 6-3,5,R32,150.0,4.0,4.0,97.0,56.0,38.0,22.0,14.0,6.0,8.0,11.0,3.0,103.0,70.0,42.0,13.0,15.0,12.0,19.0
2011-580,Australian Open,Hard,128,G,O,20110117,98,C977,15.0,,Marin Cilic,R,198.0,CRO,22.303,15.0,2140.0,I186,20.0,,John Isner,R,208.0,USA,25.728,20.0,1645.0,4-6 6-2 6-7(5) 7-6(2) 9-7,5,R32,273.0,22.0,8.0,186.0,106.0,81.0,54.0,29.0,10.0,11.0,26.0,5.0,185.0,128.0,97.0,31.0,29.0,6.0,9.0
2011-580,Australian Open,Hard,128,G,O,20110117,99,R975,,Q,Milos Raonic,R,196.0,CAN,20.057,152.0,351.0,Y061,10.0,,Mikhail Youzhny,R,183.0,RUS,28.564,10.0,2920.0,6-4 7-5 4-6 6-4,5,R32,166.0,28.0,2.0,113.0,77.0,55.0,22.0,21.0,1.0,5.0,3.0,1.0,117.0,71.0,45.0,26.0,21.0,2.0,8.0
2011-580,Australian Open,Hard,128,G,O,20110117,100,F401,7.0,,David Ferrer,R,175.0,ESP,28.794,7.0,3895.0,BE90,,,Ricardas Berankis,R,175.0,LTU,20.575,95.0,560.0,6-2 6-2 6-1,5,R32,91.0,5.0,1.0,57.0,33.0,29.0,14.0,11.0,0.0,1.0,1.0,5.0,91.0,52.0,26.0,13.0,12.0,11.0,19.0
2011-580,Australian Open,Hard,128,G,O,20110117,101,SA49,4.0,,Robin Soderling,R,193.0,SWE,26.426,4.0,5785.0,H442,,Q,Jan Hernych,R,188.0,CZE,31.532,241.0,196.0,6-3 6-1 6-4,5,R32,118.0,10.0,3.0,75.0,45.0,38.0,16.0,13.0,2.0,3.0,0.0,1.0,92.0,60.0,32.0,14.0,13.0,6.0,12.0
2011-580,Australian Open,Hard,128,G,O,20110117,102,D801,,,Alexandr Dolgopolov,R,180.0,UKR,22.193,46.0,953.0,T786,13.0,,Jo-Wilfried Tsonga,R,188.0,FRA,25.752,13.0,2345.0,3-6 6-3 3-6 6-1 6-1,5,R32,139.0,9.0,3.0,107.0,57.0,45.0,25.0,20.0,5.0,10.0,6.0,8.0,116.0,70.0,50.0,15.0,21.0,6.0,15.0
2011-580,Australian Open,Hard,128,G,O,20110117,103,M762,11.0,,Jurgen Melzer,L,183.0,AUT,29.656,11.0,2785.0,B837,21.0,,Marcos Baghdatis,R,178.0,CYP,25.585,22.0,1580.0,6-7(5) 6-2 6-1 4-3 RET,5,R32,141.0,6.0,5.0,112.0,76.0,55.0,20.0,17.0,6.0,8.0,4.0,0.0,97.0,60.0,38.0,19.0,17.0,6.0,13.0
2011-580,Australian Open,Hard,128,G,O,20110117,104,MC10,5.0,,Andy Murray,R,191.0,GBR,23.677,5.0,5760.0,G476,32.0,,Guillermo Garcia-Lopez,R,185.0,ESP,27.622,32.0,1300.0,6-1 6-1 6-2,5,R32,82.0,10.0,1.0,58.0,37.0,29.0,12.0,11.0,1.0,2.0,3.0,5.0,69.0,45.0,26.0,5.0,11.0,3.0,11.0
2011-580,Australian Open,Hard,128,G,O,20110117,105,BA47,6.0,,Tomas Berdych,R,196.0,CZE,25.333,6.0,3955.0,G628,28.0,,Richard Gasquet,R,183.0,FRA,24.583,33.0,1280.0,6-2 7-6(3) 6-2,5,R32,124.0,9.0,1.0,80.0,57.0,44.0,15.0,14.0,3.0,4.0,10.0,5.0,101.0,55.0,39.0,18.0,14.0,5.0,10.0
2011-580,Australian Open,Hard,128,G,O,20110117,106,V306,9.0,,Fernando Verdasco,L,188.0,ESP,27.173,9.0,3240.0,N552,,,Kei Nishikori,R,178.0,JPN,21.051,82.0,599.0,6-2 6-4 6-3,5,R32,120.0,3.0,2.0,81.0,59.0,43.0,13.0,13.0,3.0,4.0,1.0,3.0,83.0,57.0,36.0,9.0,14.0,4.0,10.0
2011-580,Australian Open,Hard,128,G,O,20110117,107,A479,14.0,,Nicolas Almagro,R,183.0,ESP,25.407,14.0,2160.0,L360,17.0,,Ivan Ljubicic,R,193.0,CRO,31.833,16.0,1965.0,6-4 7-6(8) 6-3,5,R32,126.0,11.0,2.0,88.0,55.0,46.0,24.0,16.0,2.0,2.0,11.0,2.0,87.0,48.0,40.0,21.0,15.0,1.0,3.0
2011-580,Australian Open,Hard,128,G,O,20110117,108,D643,3.0,,Novak Djokovic,R,188.0,SRB,23.658,3.0,6240.0,T840,29.0,,Viktor Troicki,R,193.0,SRB,24.934,27.0,1490.0,6-2 RET,5,R32,40.0,1.0,0.0,22.0,17.0,10.0,4.0,4.0,0.0,1.0,2.0,1.0,38.0,23.0,15.0,2.0,4.0,3.0,6.0
2011-580,Australian Open,Hard,128,G,O,20110117,109,R485,8.0,,Andy Roddick,R,188.0,USA,28.383,8.0,3565.0,H756,,,Robin Haase,R,191.0,NED,23.784,62.0,823.0,2-6 7-6(2) 6-2 6-2,5,R32,146.0,32.0,3.0,107.0,74.0,58.0,18.0,18.0,3.0,6.0,10.0,5.0,115.0,71.0,49.0,19.0,18.0,4.0,9.0
2011-580,Australian Open,Hard,128,G,O,20110117,110,W367,19.0,,Stan Wawrinka,R,183.0,SUI,25.807,19.0,1855.0,MC65,12.0,,Gael Monfils,R,193.0,FRA,24.378,12.0,2560.0,7-6(4) 6-2 6-3,5,R32,155.0,11.0,2.0,95.0,60.0,45.0,19.0,14.0,4.0,6.0,3.0,7.0,120.0,69.0,42.0,22.0,15.0,15.0,21.0
2011-580,Australian Open,Hard,128,G,O,20110117,111,R419,,,Tommy Robredo,R,180.0,ESP,28.715,52.0,890.0,SC77,,,Sergiy Stakhovsky,R,193.0,UKR,25.029,43.0,970.0,5-7 6-2 6-4 6-2,5,R32,184.0,3.0,4.0,136.0,85.0,55.0,29.0,19.0,15.0,19.0,2.0,4.0,123.0,82.0,51.0,16.0,19.0,6.0,14.0
2011-580,Australian Open,Hard,128,G,O,20110117,112,F324,2.0,,Roger Federer,R,185.0,SUI,29.443,2.0,9245.0,M680,,,Xavier Malisse,R,185.0,BEL,30.497,45.0,956.0,6-3 6-3 6-1,5,R32,105.0,6.0,1.0,83.0,50.0,35.0,17.0,13.0,1.0,3.0,4.0,2.0,85.0,51.0,27.0,12.0,12.0,10.0,17.0
2011-580,Australian Open,Hard,128,G,O,20110117,113,N409,1.0,,Rafael Nadal,L,185.0,ESP,24.624,1.0,12390.0,C977,15.0,,Marin Cilic,R,198.0,CRO,22.303,15.0,2140.0,6-2 6-4 6-3,5,R16,151.0,3.0,3.0,85.0,62.0,49.0,11.0,13.0,2.0,2.0,8.0,4.0,100.0,55.0,42.0,15.0,14.0,9.0,14.0
2011-580,Australian Open,Hard,128,G,O,20110117,114,F401,7.0,,David Ferrer,R,175.0,ESP,28.794,7.0,3895.0,R975,,Q,Milos Raonic,R,196.0,CAN,20.057,152.0,351.0,4-6 6-2 6-3 6-4,5,R16,156.0,3.0,1.0,113.0,80.0,62.0,18.0,19.0,7.0,9.0,15.0,2.0,127.0,77.0,50.0,26.0,18.0,9.0,14.0
2011-580,Australian Open,Hard,128,G,O,20110117,115,D801,,,Alexandr Dolgopolov,R,180.0,UKR,22.193,46.0,953.0,SA49,4.0,,Robin Soderling,R,193.0,SWE,26.426,4.0,5785.0,1-6 6-3 6-1 4-6 6-2,5,R16,156.0,11.0,2.0,105.0,55.0,43.0,22.0,20.0,3.0,9.0,6.0,6.0,138.0,86.0,51.0,20.0,21.0,8.0,17.0
2011-580,Australian Open,Hard,128,G,O,20110117,116,MC10,5.0,,Andy Murray,R,191.0,GBR,23.677,5.0,5760.0,M762,11.0,,Jurgen Melzer,L,183.0,AUT,29.656,11.0,2785.0,6-3 6-1 6-1,5,R16,104.0,13.0,3.0,70.0,40.0,33.0,17.0,12.0,7.0,8.0,1.0,1.0,72.0,47.0,24.0,8.0,11.0,7.0,14.0
2011-580,Australian Open,Hard,128,G,O,20110117,117,BA47,6.0,,Tomas Berdych,R,196.0,CZE,25.333,6.0,3955.0,V306,9.0,,Fernando Verdasco,L,188.0,ESP,27.173,9.0,3240.0,6-4 6-2 6-3,5,R16,118.0,11.0,1.0,66.0,43.0,38.0,17.0,14.0,0.0,1.0,10.0,4.0,79.0,45.0,31.0,15.0,13.0,8.0,13.0
2011-580,Australian Open,Hard,128,G,O,20110117,118,D643,3.0,,Novak Djokovic,R,188.0,SRB,23.658,3.0,6240.0,A479,14.0,,Nicolas Almagro,R,183.0,ESP,25.407,14.0,2160.0,6-3 6-4 6-0,5,R16,104.0,12.0,4.0,75.0,56.0,48.0,9.0,13.0,3.0,3.0,5.0,2.0,78.0,46.0,28.0,14.0,12.0,8.0,13.0
2011-580,Australian Open,Hard,128,G,O,20110117,119,W367,19.0,,Stan Wawrinka,R,183.0,SUI,25.807,19.0,1855.0,R485,8.0,,Andy Roddick,R,188.0,USA,28.383,8.0,3565.0,6-3 6-4 6-4,5,R16,142.0,24.0,2.0,79.0,39.0,36.0,26.0,15.0,3.0,3.0,9.0,4.0,112.0,70.0,50.0,18.0,14.0,10.0,13.0
2011-580,Australian Open,Hard,128,G,O,20110117,120,F324,2.0,,Roger Federer,R,185.0,SUI,29.443,2.0,9245.0,R419,,,Tommy Robredo,R,180.0,ESP,28.715,52.0,890.0,6-3 3-6 6-3 6-2,5,R16,145.0,11.0,1.0,105.0,73.0,58.0,19.0,18.0,1.0,2.0,7.0,1.0,109.0,68.0,49.0,20.0,17.0,6.0,10.0
2011-580,Australian Open,Hard,128,G,O,20110117,121,F401,7.0,,David Ferrer,R,175.0,ESP,28.794,7.0,3895.0,N409,1.0,,Rafael Nadal,L,185.0,ESP,24.624,1.0,12390.0,6-4 6-2 6-3,5,QF,153.0,8.0,2.0,73.0,50.0,36.0,13.0,14.0,6.0,8.0,2.0,1.0,104.0,69.0,38.0,13.0,13.0,8.0,15.0
2011-580,Australian Open,Hard,128,G,O,20110117,122,MC10,5.0,,Andy Murray,R,191.0,GBR,23.677,5.0,5760.0,D801,,,Alexandr Dolgopolov,R,180.0,UKR,22.193,46.0,953.0,7-5 6-3 6-7(3) 6-3,5,QF,186.0,9.0,5.0,118.0,69.0,52.0,30.0,22.0,1.0,5.0,16.0,5.0,158.0,92.0,65.0,23.0,20.0,11.0,18.0
2011-580,Australian Open,Hard,128,G,O,20110117,123,D643,3.0,,Novak Djokovic,R,188.0,SRB,23.658,3.0,6240.0,BA47,6.0,,Tomas Berdych,R,196.0,CZE,25.333,6.0,3955.0,6-1 7-6(5) 6-1,5,QF,152.0,10.0,1.0,91.0,62.0,51.0,12.0,14.0,1.0,2.0,6.0,5.0,96.0,52.0,37.0,15.0,12.0,5.0,10.0
2011-580,Australian Open,Hard,128,G,O,20110117,124,F324,2.0,,Roger Federer,R,185.0,SUI,29.443,2.0,9245.0,W367,19.0,,Stan Wawrinka,R,183.0,SUI,25.807,19.0,1855.0,6-1 6-3 6-3,5,QF,107.0,5.0,0.0,75.0,58.0,42.0,13.0,13.0,1.0,1.0,1.0,0.0,81.0,47.0,27.0,19.0,12.0,2.0,6.0
2011-580,Australian Open,Hard,128,G,O,20110117,125,MC10,5.0,,Andy Murray,R,191.0,GBR,23.677,5.0,5760.0,F401,7.0,,David Ferrer,R,175.0,ESP,28.794,7.0,3895.0,4-6 7-6(2) 6-1 7-6(2),5,SF,226.0,9.0,3.0,151.0,91.0,68.0,22.0,21.0,13.0,18.0,5.0,2.0,142.0,94.0,57.0,23.0,20.0,5.0,11.0
2011-580,Australian Open,Hard,128,G,O,20110117,126,D643,3.0,,Novak Djokovic,R,188.0,SRB,23.658,3.0,6240.0,F324,2.0,,Roger Federer,R,185.0,SUI,29.443,2.0,9245.0,7-6(3) 7-5 6-4,5,SF,180.0,6.0,5.0,125.0,86.0,63.0,16.0,17.0,7.0,10.0,5.0,0.0,105.0,62.0,45.0,20.0,17.0,9.0,14.0
2011-580,Australian Open,Hard,128,G,O,20110117,127,D643,3.0,,Novak Djokovic,R,188.0,SRB,23.658,3.0,6240.0,MC10,5.0,,Andy Murray,R,191.0,GBR,23.677,5.0,5760.0,6-4 6-2 6-3,5,F,159.0,5.0,0.0,75.0,48.0,35.0,15.0,14.0,1.0,4.0,6.0,4.0,109.0,59.0,37.0,16.0,13.0,11.0,18.0
2011-5012,Johannesburg,Hard,32,250,O,20110131,1,D499,,,Frank Dancevic,R,185.0,CAN,26.346,234.0,207.0,L397,1.0,,Feliciano Lopez,L,188.0,ESP,29.363,33.0,1265.0,6-7(5) 6-2 7-6(8),3,R32,129.0,22.0,4.0,115.0,72.0,56.0,26.0,16.0,10.0,10.0,28.0,2.0,97.0,62.0,51.0,20.0,16.0,2.0,4.0
2011-5012,Johannesburg,Hard,32,250,O,20110131,2,W421,,WC,Fritz Wolmarans,R,,RSA,24.903,261.0,177.0,SF36,,,Igor Sijsling,R,191.0,NED,23.455,133.0,428.0,4-6 6-3 6-4,3,R32,93.0,25.0,5.0,76.0,57.0,49.0,10.0,15.0,1.0,2.0,3.0,5.0,80.0,50.0,39.0,15.0,14.0,0.0,2.0
2011-5012,Johannesburg,Hard,32,250,O,20110131,3,G512,,,Denis Gremelmayr,L,183.0,GER,29.459,112.0,501.0,SK41,,Q,Nicolaas Scholtz,R,,RSA,19.986,662.0,27.0,6-4 7-5,3,R32,82.0,7.0,5.0,58.0,33.0,33.0,14.0,11.0,2.0,2.0,9.0,1.0,65.0,37.0,30.0,14.0,11.0,3.0,5.0
2011-5012,Johannesburg,Hard,32,250,O,20110131,4,ME82,6.0,,Adrian Mannarino,L,180.0,FRA,22.59,67.0,714.0,S809,,,Yuri Schukin,R,185.0,KAZ,31.6,127.0,448.0,7-6(4) 7-6(6),3,R32,134.0,8.0,3.0,77.0,40.0,33.0,25.0,12.0,2.0,4.0,4.0,5.0,106.0,54.0,39.0,28.0,12.0,9.0,11.0
2011-5012,Johannesburg,Hard,32,250,O,20110131,5,A678,4.0,,Kevin Anderson,R,203.0,RSA,24.706,59.0,834.0,B752,,,Stephane Bohli,R,185.0,SUI,27.521,139.0,393.0,4-6 6-4 6-2,3,R32,125.0,14.0,8.0,84.0,48.0,42.0,18.0,14.0,6.0,7.0,4.0,7.0,81.0,41.0,29.0,23.0,14.0,2.0,5.0
2011-5012,Johannesburg,Hard,32,250,O,20110131,6,SC56,,,Dudi Sela,R,175.0,ISR,25.826,90.0,568.0,R613,,,Edouard Roger-Vasselin,R,185.0,FRA,27.176,124.0,459.0,1-6 7-5 6-4,3,R32,118.0,0.0,6.0,91.0,52.0,39.0,20.0,14.0,6.0,8.0,4.0,5.0,89.0,49.0,37.0,21.0,15.0,1.0,3.0
2011-5012,Johannesburg,Hard,32,250,O,20110131,7,B804,,,Karol Beck,R,180.0,SVK,28.83,100.0,533.0,D556,,,Brian Dabul,L,170.0,ARG,26.935,106.0,520.0,7-5 7-6(4),3,R32,102.0,5.0,4.0,81.0,48.0,35.0,19.0,12.0,2.0,3.0,2.0,1.0,67.0,38.0,27.0,20.0,12.0,1.0,3.0
2011-5012,Johannesburg,Hard,32,250,O,20110131,8,SC47,,,Go Soeda,R,178.0,JPN,26.404,117.0,495.0,S636,7.0,,Rainer Schuettler,R,180.0,GER,34.768,93.0,562.0,3-6 6-4 6-4,3,R32,137.0,7.0,5.0,99.0,40.0,30.0,34.0,14.0,4.0,6.0,5.0,4.0,95.0,59.0,40.0,21.0,15.0,8.0,11.0
2011-5012,Johannesburg,Hard,32,250,O,20110131,9,P701,8.0,,Michal Przysiezny,R,185.0,POL,26.957,81.0,600.0,F580,,,Martin Fischer,R,180.0,AUT,24.531,136.0,394.0,6-1 6-2,3,R32,54.0,6.0,3.0,39.0,15.0,13.0,17.0,8.0,0.0,1.0,2.0,5.0,44.0,28.0,15.0,3.0,7.0,5.0,10.0
2011-5012,Johannesburg,Hard,32,250,O,20110131,10,D424,,WC,Rik De Voest,R,180.0,RSA,30.656,183.0,293.0,G372,,Q,Stefano Galvani,R,175.0,ITA,33.662,321.0,143.0,6-3 5-7 7-6(6),3,R32,160.0,5.0,1.0,114.0,59.0,45.0,30.0,17.0,6.0,9.0,1.0,6.0,115.0,64.0,41.0,31.0,16.0,6.0,9.0
2011-5012,Johannesburg,Hard,32,250,O,20110131,11,D616,,,Somdev Devvarman,R,180.0,IND,25.963,110.0,507.0,K609,,Q,Raven Klaasen,R,178.0,RSA,28.293,307.0,148.0,6-4 6-3,3,R32,83.0,1.0,0.0,50.0,37.0,27.0,12.0,9.0,1.0,1.0,2.0,2.0,68.0,45.0,29.0,11.0,10.0,6.0,9.0
2011-5012,Johannesburg,Hard,32,250,O,20110131,12,H704,,,Jesse Huta Galung,R,,NED,25.32,120.0,493.0,T742,3.0,,Janko Tipsarevic,R,180.0,SRB,26.609,51.0,935.0,6-7(4) 6-4 7-6(4),3,R32,163.0,17.0,2.0,132.0,79.0,63.0,20.0,17.0,7.0,10.0,11.0,2.0,98.0,51.0,41.0,26.0,17.0,1.0,5.0
2011-5012,Johannesburg,Hard,32,250,O,20110131,13,BA65,,,Dustin Brown,R,196.0,JAM,26.146,89.0,572.0,S963,5.0,,Florent Serra,R,180.0,FRA,29.922,75.0,631.0,6-4 6-4,3,R32,55.0,15.0,5.0,51.0,33.0,27.0,11.0,10.0,1.0,2.0,4.0,2.0,64.0,43.0,29.0,8.0,10.0,8.0,11.0
2011-5012,Johannesburg,Hard,32,250,O,20110131,14,V379,,WC,Izak Van der Merwe,R,196.0,RSA,27.014,170.0,316.0,R612,,,Stephane Robert,R,185.0,FRA,30.708,123.0,465.0,6-3 6-2,3,R32,66.0,5.0,7.0,56.0,30.0,24.0,16.0,9.0,1.0,1.0,1.0,6.0,51.0,21.0,16.0,10.0,8.0,2.0,5.0
2011-5012,Johannesburg,Hard,32,250,O,20110131,15,G511,,,Simon Greul,R,185.0,GER,29.802,130.0,440.0,A410,,LL,Thiago Alves,R,178.0,BRA,28.695,178.0,303.0,6-2 7-5,3,R32,78.0,9.0,4.0,53.0,28.0,22.0,18.0,10.0,0.0,1.0,2.0,7.0,75.0,42.0,28.0,13.0,10.0,8.0,12.0
2011-5012,Johannesburg,Hard,32,250,O,20110131,16,R975,,Q,Milos Raonic,R,196.0,CAN,20.096,94.0,556.0,L575,2.0,,Yen-Hsun Lu,R,180.0,TPE,27.466,37.0,1141.0,6-3 6-3,3,R32,76.0,14.0,1.0,42.0,27.0,24.0,12.0,9.0,0.0,0.0,1.0,5.0,62.0,28.0,21.0,15.0,9.0,0.0,3.0
2011-5012,Johannesburg,Hard,32,250,O,20110131,17,D499,,,Frank Dancevic,R,185.0,CAN,26.346,234.0,207.0,W421,,WC,Fritz Wolmarans,R,,RSA,24.903,261.0,177.0,7-6(4) 6-3,3,R16,96.0,6.0,5.0,75.0,44.0,35.0,14.0,11.0,1.0,2.0,9.0,3.0,64.0,42.0,28.0,13.0,10.0,5.0,7.0
2011-5012,Johannesburg,Hard,32,250,O,20110131,18,ME82,6.0,,Adrian Mannarino,L,180.0,FRA,22.59,67.0,714.0,G512,,,Denis Gremelmayr,L,183.0,GER,29.459,112.0,501.0,6-7(2) 6-4 6-4,3,R16,128.0,3.0,4.0,93.0,52.0,37.0,24.0,16.0,2.0,4.0,4.0,4.0,97.0,54.0,39.0,20.0,16.0,5.0,9.0
2011-5012,Johannesburg,Hard,32,250,O,20110131,19,A678,4.0,,Kevin Anderson,R,203.0,RSA,24.706,59.0,834.0,SC56,,,Dudi Sela,R,175.0,ISR,25.826,90.0,568.0,6-2 6-4,3,R16,69.0,13.0,2.0,49.0,35.0,27.0,8.0,9.0,0.0,1.0,1.0,5.0,51.0,31.0,21.0,4.0,9.0,1.0,5.0
2011-5012,Johannesburg,Hard,32,250,O,20110131,20,B804,,,Karol Beck,R,180.0,SVK,28.83,100.0,533.0,SC47,,,Go Soeda,R,178.0,JPN,26.404,117.0,495.0,3-6 7-5 6-0,3,R16,127.0,7.0,7.0,85.0,45.0,34.0,21.0,13.0,3.0,5.0,3.0,5.0,90.0,46.0,25.0,24.0,14.0,5.0,10.0
2011-5012,Johannesburg,Hard,32,250,O,20110131,21,D424,,WC,Rik De Voest,R,180.0,RSA,30.656,183.0,293.0,P701,8.0,,Michal Przysiezny,R,185.0,POL,26.957,81.0,600.0,6-3 6-4,3,R16,82.0,4.0,0.0,67.0,36.0,28.0,17.0,10.0,7.0,8.0,2.0,2.0,53.0,25.0,17.0,14.0,9.0,3.0,6.0
2011-5012,Johannesburg,Hard,32,250,O,20110131,22,D616,,,Somdev Devvarman,R,180.0,IND,25.963,110.0,507.0,H704,,,Jesse Huta Galung,R,,NED,25.32,120.0,493.0,6-3 6-4,3,R16,89.0,3.0,0.0,72.0,50.0,31.0,16.0,10.0,5.0,6.0,4.0,2.0,67.0,31.0,22.0,16.0,9.0,3.0,6.0
2011-5012,Johannesburg,Hard,32,250,O,20110131,23,V379,,WC,Izak Van der Merwe,R,196.0,RSA,27.014,170.0,316.0,BA65,,,Dustin Brown,R,196.0,JAM,26.146,89.0,572.0,4-6 7-5 6-3,3,R16,119.0,4.0,14.0,107.0,55.0,40.0,23.0,16.0,9.0,13.0,9.0,5.0,90.0,49.0,33.0,22.0,15.0,8.0,13.0
2011-5012,Johannesburg,Hard,32,250,O,20110131,24,G511,,,Simon Greul,R,185.0,GER,29.802,130.0,440.0,R975,,Q,Milos Raonic,R,196.0,CAN,20.096,94.0,556.0,7-6(5) 6-4,3,R16,106.0,7.0,5.0,83.0,48.0,38.0,20.0,11.0,7.0,7.0,11.0,2.0,75.0,41.0,30.0,22.0,11.0,5.0,6.0
2011-5012,Johannesburg,Hard,32,250,O,20110131,25,ME82,6.0,,Adrian Mannarino,L,180.0,FRA,22.59,67.0,714.0,D499,,,Frank Dancevic,R,185.0,CAN,26.346,234.0,207.0,6-3 6-2,3,QF,54.0,2.0,2.0,52.0,33.0,26.0,13.0,9.0,1.0,1.0,3.0,4.0,40.0,22.0,15.0,7.0,8.0,0.0,3.0
2011-5012,Johannesburg,Hard,32,250,O,20110131,26,A678,4.0,,Kevin Anderson,R,203.0,RSA,24.706,59.0,834.0,B804,,,Karol Beck,R,180.0,SVK,28.83,100.0,533.0,6-3 6-1,3,QF,59.0,7.0,1.0,45.0,28.0,22.0,13.0,8.0,2.0,2.0,7.0,3.0,43.0,20.0,13.0,9.0,8.0,0.0,4.0
2011-5012,Johannesburg,Hard,32,250,O,20110131,27,D616,,,Somdev Devvarman,R,180.0,IND,25.963,110.0,507.0,D424,,WC,Rik De Voest,R,180.0,RSA,30.656,183.0,293.0,3-6 7-6(5) 6-1,3,QF,145.0,3.0,4.0,91.0,51.0,31.0,24.0,13.0,4.0,8.0,5.0,3.0,112.0,61.0,43.0,18.0,15.0,7.0,13.0
2011-5012,Johannesburg,Hard,32,250,O,20110131,28,V379,,WC,Izak Van der Merwe,R,196.0,RSA,27.014,170.0,316.0,G511,,,Simon Greul,R,185.0,GER,29.802,130.0,440.0,7-6(5) 6-2,3,QF,101.0,11.0,4.0,72.0,43.0,32.0,15.0,10.0,2.0,3.0,2.0,7.0,67.0,34.0,22.0,18.0,10.0,5.0,8.0
2011-5012,Johannesburg,Hard,32,250,O,20110131,29,A678,4.0,,Kevin Anderson,R,203.0,RSA,24.706,59.0,834.0,ME82,6.0,,Adrian Mannarino,L,180.0,FRA,22.59,67.0,714.0,6-7(3) 6-0 6-4,3,SF,124.0,19.0,4.0,73.0,47.0,40.0,15.0,14.0,1.0,2.0,3.0,2.0,90.0,50.0,32.0,19.0,14.0,3.0,8.0
2011-5012,Johannesburg,Hard,32,250,O,20110131,30,D616,,,Somdev Devvarman,R,180.0,IND,25.963,110.0,507.0,V379,,WC,Izak Van der Merwe,R,196.0,RSA,27.014,170.0,316.0,6-2 6-4,3,SF,87.0,2.0,0.0,48.0,31.0,24.0,13.0,9.0,2.0,2.0,5.0,5.0,68.0,32.0,23.0,16.0,9.0,6.0,9.0
2011-5012,Johannesburg,Hard,32,250,O,20110131,31,A678,4.0,,Kevin Anderson,R,203.0,RSA,24.706,59.0,834.0,D616,,,Somdev Devvarman,R,180.0,IND,25.963,110.0,507.0,4-6 6-3 6-2,3,F,139.0,11.0,3.0,95.0,60.0,46.0,16.0,14.0,7.0,9.0,7.0,1.0,83.0,52.0,35.0,12.0,13.0,6.0,10.0
2011-8996,Santiago,Clay,32,250,O,20110131,1,N301,1.0,,David Nalbandian,R,180.0,ARG,29.081,19.0,1655.0,B884,,,Carlos Berlocq,R,183.0,ARG,27.992,65.0,719.0,6-2 2-6 6-2,3,R32,117.0,2.0,10.0,95.0,48.0,34.0,22.0,12.0,8.0,11.0,4.0,1.0,67.0,40.0,27.0,12.0,12.0,3.0,8.0
2011-8996,Santiago,Clay,32,250,O,20110131,2,Z184,,,Horacio Zeballos,L,188.0,ARG,25.763,108.0,517.0,H693,,Q,Ricardo Hocevar,R,180.0,BRA,25.73,248.0,195.0,7-6(2) 6-4,3,R32,108.0,7.0,1.0,72.0,44.0,33.0,17.0,11.0,4.0,5.0,6.0,2.0,78.0,47.0,36.0,13.0,11.0,1.0,3.0
2011-8996,Santiago,Clay,32,250,O,20110131,3,A596,,,Pablo Andujar,R,180.0,ESP,25.021,71.0,687.0,L515,,,Peter Luczak,R,183.0,AUS,31.42,155.0,351.0,6-4 6-4,3,R32,93.0,1.0,5.0,54.0,34.0,23.0,13.0,10.0,2.0,4.0,5.0,5.0,60.0,32.0,22.0,11.0,10.0,1.0,5.0
2011-8996,Santiago,Clay,32,250,O,20110131,4,S843,5.0,,Potito Starace,R,188.0,ITA,29.55,49.0,945.0,C634,,WC,Paul Capdeville,R,191.0,CHI,27.833,163.0,335.0,3-6 6-3 6-4,3,R32,130.0,5.0,2.0,89.0,63.0,39.0,14.0,14.0,8.0,11.0,4.0,5.0,90.0,48.0,32.0,21.0,14.0,6.0,10.0
2011-8996,Santiago,Clay,32,250,O,20110131,5,C514,4.0,,Juan Ignacio Chela,R,191.0,ARG,31.422,39.0,1070.0,A457,,Q,Jorge Aguilar,R,178.0,CHI,26.062,226.0,216.0,6-3 7-5,3,R32,130.0,2.0,4.0,107.0,63.0,41.0,22.0,11.0,12.0,14.0,1.0,2.0,63.0,31.0,23.0,11.0,10.0,3.0,7.0
2011-8996,Santiago,Clay,32,250,O,20110131,6,Z198,,Q,Caio Zampieri,R,183.0,BRA,24.682,316.0,145.0,M655,,WC,Nicolas Massu,R,183.0,CHI,31.31,210.0,237.0,7-6(7) 7-5,3,R32,158.0,5.0,2.0,83.0,50.0,36.0,16.0,12.0,5.0,7.0,1.0,1.0,94.0,60.0,36.0,17.0,12.0,6.0,9.0
2011-8996,Santiago,Clay,32,250,O,20110131,7,A511,,,Igor Andreev,R,185.0,RUS,27.551,72.0,679.0,SE66,,,Eduardo Schwank,R,183.0,ARG,24.775,96.0,545.0,6-3 7-6(4),3,R32,102.0,5.0,1.0,70.0,47.0,35.0,17.0,11.0,0.0,0.0,3.0,3.0,68.0,49.0,35.0,10.0,10.0,3.0,4.0
2011-8996,Santiago,Clay,32,250,O,20110131,8,G725,8.0,,Santiago Giraldo,R,188.0,COL,23.179,57.0,846.0,BF23,,Q,Facundo Bagnis,L,183.0,ARG,20.925,253.0,189.0,2-6 6-3 6-2,3,R32,99.0,2.0,3.0,74.0,40.0,29.0,19.0,13.0,2.0,5.0,3.0,11.0,66.0,31.0,23.0,15.0,12.0,2.0,6.0
2011-8996,Santiago,Clay,32,250,O,20110131,9,F510,7.0,,Fabio Fognini,R,178.0,ITA,23.691,56.0,855.0,K540,,,Lukasz Kubot,R,191.0,POL,28.712,99.0,535.0,7-6(6) 6-2,3,R32,106.0,2.0,5.0,64.0,42.0,35.0,10.0,10.0,2.0,3.0,2.0,6.0,70.0,36.0,27.0,14.0,10.0,4.0,7.0
2011-8996,Santiago,Clay,32,250,O,20110131,10,R772,,,Albert Ramos-Vinolas,L,188.0,ESP,23.039,125.0,458.0,MD56,,,Leonardo Mayer,R,191.0,ARG,23.715,109.0,515.0,6-4 6-4,3,R32,86.0,0.0,1.0,56.0,30.0,25.0,17.0,10.0,3.0,3.0,1.0,5.0,60.0,36.0,26.0,14.0,10.0,6.0,8.0
2011-8996,Santiago,Clay,32,250,O,20110131,11,MA49,,,Rui Machado,R,178.0,POR,26.809,87.0,575.0,RB58,,WC,Felipe Rios,R,,CHI,18.91,1285.0,2.0,6-2 6-0,3,R32,58.0,2.0,5.0,42.0,21.0,17.0,12.0,7.0,0.0,0.0,0.0,6.0,44.0,29.0,15.0,3.0,7.0,0.0,5.0
2011-8996,Santiago,Clay,32,250,O,20110131,12,BD20,3.0,,Thomaz Bellucci,L,188.0,BRA,23.088,31.0,1355.0,V254,,,Filippo Volandri,R,183.0,ITA,29.405,86.0,576.0,6-2 6-2,3,R32,62.0,2.0,3.0,45.0,22.0,15.0,15.0,8.0,2.0,3.0,1.0,2.0,49.0,27.0,15.0,7.0,8.0,0.0,5.0
2011-8996,Santiago,Clay,32,250,O,20110131,13,R419,6.0,,Tommy Robredo,R,180.0,ESP,28.753,40.0,1060.0,G717,,,Fred Gil,R,173.0,POR,25.856,80.0,606.0,2-6 6-3 6-4,3,R32,112.0,5.0,4.0,73.0,49.0,32.0,14.0,14.0,5.0,9.0,5.0,3.0,81.0,45.0,31.0,18.0,13.0,4.0,8.0
2011-8996,Santiago,Clay,32,250,O,20110131,14,M708,,,Ricardo Mello,L,175.0,BRA,30.111,77.0,622.0,R383,,,Ruben Ramirez Hidalgo,R,183.0,ESP,33.068,74.0,640.0,6-4 6-7(5) 7-6(6),3,R32,172.0,3.0,6.0,122.0,69.0,49.0,23.0,17.0,1.0,5.0,9.0,9.0,111.0,63.0,45.0,21.0,17.0,3.0,8.0
2011-8996,Santiago,Clay,32,250,O,20110131,15,SG64,,,Joao Souza,R,193.0,BRA,22.68,111.0,506.0,C882,,,Pablo Cuevas,R,180.0,URU,25.081,62.0,790.0,6-4 7-5,3,R32,109.0,5.0,1.0,77.0,45.0,30.0,13.0,11.0,1.0,4.0,5.0,0.0,81.0,45.0,26.0,17.0,11.0,5.0,10.0
2011-8996,Santiago,Clay,32,250,O,20110131,16,G585,,,Maximo Gonzalez,R,173.0,ARG,27.535,140.0,389.0,MA21,2.0,,Juan Monaco,R,185.0,ARG,26.842,27.0,1435.0,6-4 3-6 6-4,3,R32,164.0,1.0,4.0,105.0,57.0,33.0,25.0,15.0,7.0,12.0,6.0,6.0,98.0,65.0,43.0,12.0,14.0,5.0,10.0
2011-8996,Santiago,Clay,32,250,O,20110131,17,Z184,,,Horacio Zeballos,L,188.0,ARG,25.763,108.0,517.0,N301,1.0,,David Nalbandian,R,180.0,ARG,29.081,19.0,1655.0,6-2 7-5,3,R16,80.0,8.0,3.0,65.0,37.0,29.0,11.0,10.0,5.0,7.0,0.0,4.0,57.0,34.0,18.0,13.0,10.0,4.0,9.0
2011-8996,Santiago,Clay,32,250,O,20110131,18,S843,5.0,,Potito Starace,R,188.0,ITA,29.55,49.0,945.0,A596,,,Pablo Andujar,R,180.0,ESP,25.021,71.0,687.0,6-4 6-1,3,R16,87.0,3.0,2.0,65.0,43.0,33.0,11.0,9.0,5.0,5.0,2.0,5.0,46.0,24.0,18.0,10.0,8.0,1.0,4.0
2011-8996,Santiago,Clay,32,250,O,20110131,19,C514,4.0,,Juan Ignacio Chela,R,191.0,ARG,31.422,39.0,1070.0,Z198,,Q,Caio Zampieri,R,183.0,BRA,24.682,316.0,145.0,6-2 6-3,3,R16,84.0,0.0,6.0,56.0,30.0,23.0,11.0,8.0,4.0,6.0,0.0,4.0,58.0,31.0,17.0,7.0,9.0,6.0,12.0
2011-8996,Santiago,Clay,32,250,O,20110131,20,G725,8.0,,Santiago Giraldo,R,188.0,COL,23.179,57.0,846.0,A511,,,Igor Andreev,R,185.0,RUS,27.551,72.0,679.0,7-6(7) 4-6 6-2,3,R16,149.0,0.0,1.0,103.0,61.0,42.0,26.0,15.0,2.0,4.0,8.0,9.0,99.0,49.0,37.0,25.0,15.0,7.0,10.0
2011-8996,Santiago,Clay,32,250,O,20110131,21,F510,7.0,,Fabio Fognini,R,178.0,ITA,23.691,56.0,855.0,R772,,,Albert Ramos-Vinolas,L,188.0,ESP,23.039,125.0,458.0,3-6 7-5 6-4,3,R16,176.0,4.0,5.0,106.0,68.0,48.0,13.0,15.0,11.0,15.0,5.0,7.0,115.0,63.0,45.0,20.0,16.0,10.0,15.0
2011-8996,Santiago,Clay,32,250,O,20110131,22,BD20,3.0,,Thomaz Bellucci,L,188.0,BRA,23.088,31.0,1355.0,MA49,,,Rui Machado,R,178.0,POR,26.809,87.0,575.0,7-5 1-6 6-1,3,R16,114.0,3.0,2.0,75.0,40.0,30.0,20.0,13.0,4.0,6.0,1.0,2.0,82.0,58.0,38.0,13.0,13.0,5.0,8.0
2011-8996,Santiago,Clay,32,250,O,20110131,23,R419,6.0,,Tommy Robredo,R,180.0,ESP,28.753,40.0,1060.0,M708,,,Ricardo Mello,L,175.0,BRA,30.111,77.0,622.0,6-0 7-6(7),3,R16,85.0,2.0,3.0,58.0,31.0,26.0,14.0,9.0,4.0,5.0,0.0,4.0,62.0,29.0,21.0,14.0,9.0,4.0,8.0
2011-8996,Santiago,Clay,32,250,O,20110131,24,G585,,,Maximo Gonzalez,R,173.0,ARG,27.535,140.0,389.0,SG64,,,Joao Souza,R,193.0,BRA,22.68,111.0,506.0,4-6 6-3 6-1,3,R16,127.0,2.0,2.0,78.0,52.0,36.0,18.0,13.0,2.0,3.0,8.0,6.0,82.0,43.0,33.0,16.0,13.0,6.0,10.0
2011-8996,Santiago,Clay,32,250,O,20110131,25,S843,5.0,,Potito Starace,R,188.0,ITA,29.55,49.0,945.0,Z184,,,Horacio Zeballos,L,188.0,ARG,25.763,108.0,517.0,6-7(9) 6-3 7-6(2),3,QF,163.0,3.0,0.0,115.0,85.0,64.0,20.0,17.0,6.0,6.0,11.0,4.0,113.0,73.0,54.0,19.0,16.0,5.0,6.0
2011-8996,Santiago,Clay,32,250,O,20110131,26,G725,8.0,,Santiago Giraldo,R,188.0,COL,23.179,57.0,846.0,C514,4.0,,Juan Ignacio Chela,R,191.0,ARG,31.422,39.0,1070.0,6-4 6-3,3,QF,86.0,6.0,0.0,66.0,38.0,26.0,16.0,9.0,4.0,5.0,1.0,3.0,60.0,37.0,23.0,12.0,10.0,6.0,10.0
2011-8996,Santiago,Clay,32,250,O,20110131,27,F510,7.0,,Fabio Fognini,R,178.0,ITA,23.691,56.0,855.0,BD20,3.0,,Thomaz Bellucci,L,188.0,BRA,23.088,31.0,1355.0,1-6 6-2 7-6(0),3,QF,140.0,3.0,8.0,106.0,65.0,40.0,19.0,14.0,7.0,13.0,7.0,2.0,82.0,47.0,34.0,12.0,13.0,2.0,7.0
2011-8996,Santiago,Clay,32,250,O,20110131,28,R419,6.0,,Tommy Robredo,R,180.0,ESP,28.753,40.0,1060.0,G585,,,Maximo Gonzalez,R,173.0,ARG,27.535,140.0,389.0,6-3 6-1,3,QF,68.0,5.0,1.0,49.0,31.0,26.0,12.0,8.0,3.0,3.0,1.0,1.0,53.0,41.0,21.0,5.0,8.0,3.0,7.0
2011-8996,Santiago,Clay,32,250,O,20110131,29,G725,8.0,,Santiago Giraldo,R,188.0,COL,23.179,57.0,846.0,S843,5.0,,Potito Starace,R,188.0,ITA,29.55,49.0,945.0,4-6 7-6(2) 6-1,3,SF,125.0,3.0,1.0,84.0,52.0,40.0,19.0,14.0,2.0,3.0,2.0,2.0,101.0,65.0,38.0,22.0,15.0,5.0,8.0
2011-8996,Santiago,Clay,32,250,O,20110131,30,R419,6.0,,Tommy Robredo,R,180.0,ESP,28.753,40.0,1060.0,F510,7.0,,Fabio Fognini,R,178.0,ITA,23.691,56.0,855.0,4-6 6-2 6-3,3,SF,128.0,3.0,9.0,93.0,54.0,36.0,20.0,14.0,10.0,14.0,0.0,6.0,97.0,59.0,42.0,9.0,13.0,9.0,15.0
2011-8996,Santiago,Clay,32,250,O,20110131,31,R419,6.0,,Tommy Robredo,R,180.0,ESP,28.753,40.0,1060.0,G725,8.0,,Santiago Giraldo,R,188.0,COL,23.179,57.0,846.0,6-2 2-6 7-6(5),3,F,137.0,3.0,9.0,97.0,52.0,37.0,20.0,14.0,5.0,9.0,5.0,2.0,90.0,43.0,32.0,22.0,14.0,3.0,7.0
2011-2276,Zagreb,Hard,28,250,I,20110131,1,K403,,,Igor Kunitsyn,R,180.0,RUS,29.336,95.0,551.0,P605,,,Jaroslav Pospisil,R,175.0,CZE,29.974,134.0,411.0,6-3 6-2,3,R32,76.0,3.0,1.0,42.0,26.0,19.0,7.0,8.0,3.0,6.0,2.0,11.0,62.0,29.0,16.0,8.0,9.0,7.0,14.0
2011-2276,Zagreb,Hard,28,250,I,20110131,2,S694,,,Radek Stepanek,R,185.0,CZE,32.178,63.0,770.0,K310,,Q,Stefan Koubek,L,175.0,AUT,34.078,173.0,312.0,6-3 6-2,3,R32,58.0,1.0,1.0,43.0,24.0,15.0,15.0,8.0,0.0,1.0,0.0,2.0,50.0,37.0,19.0,4.0,9.0,1.0,6.0
2011-2276,Zagreb,Hard,28,250,I,20110131,3,MB02,5.0,,Florian Mayer,R,191.0,GER,27.324,38.0,1098.0,SF76,,WC,Franko Skugor,R,196.0,CRO,23.365,181.0,297.0,3-6 6-3 7-6(6),3,R32,141.0,5.0,3.0,99.0,62.0,42.0,20.0,15.0,5.0,8.0,6.0,1.0,117.0,75.0,53.0,19.0,15.0,12.0,15.0
2011-2276,Zagreb,Hard,28,250,I,20110131,4,C487,,,Arnaud Clement,R,173.0,FRA,33.123,116.0,497.0,K926,,,Mikhail Kukushkin,R,183.0,KAZ,23.099,61.0,805.0,6-4 6-3,3,R32,102.0,5.0,3.0,63.0,35.0,25.0,16.0,9.0,4.0,5.0,2.0,1.0,68.0,39.0,26.0,12.0,10.0,5.0,9.0
2011-2276,Zagreb,Hard,28,250,I,20110131,5,K834,,Q,Blaz Kavcic,R,188.0,SLO,23.91,83.0,587.0,Z168,,,Mischa Zverev,L,191.0,GER,23.444,78.0,611.0,6-2 7-5,3,R32,76.0,6.0,2.0,55.0,34.0,24.0,13.0,10.0,0.0,1.0,1.0,5.0,53.0,32.0,20.0,8.0,10.0,3.0,7.0
2011-2276,Zagreb,Hard,28,250,I,20110131,6,B678,8.0,,Michael Berrer,L,193.0,GER,30.585,66.0,715.0,MF09,,WC,Nikola Mektic,R,183.0,CRO,22.103,290.0,157.0,7-5 6-1,3,R32,73.0,8.0,2.0,56.0,36.0,27.0,14.0,10.0,0.0,0.0,5.0,0.0,54.0,33.0,22.0,11.0,9.0,1.0,4.0
2011-2276,Zagreb,Hard,28,250,I,20110131,7,P624,7.0,,Philipp Petzschner,R,185.0,GER,26.856,55.0,859.0,H571,,,Jan Hajek,R,180.0,CZE,27.485,104.0,525.0,6-3 6-3,3,R32,72.0,8.0,3.0,55.0,23.0,19.0,20.0,9.0,1.0,1.0,3.0,2.0,66.0,43.0,24.0,15.0,9.0,8.0,11.0
2011-2276,Zagreb,Hard,28,250,I,20110131,8,B842,,Q,Alex Bogomolov Jr.,R,178.0,RUS,27.775,165.0,330.0,V564,,WC,Antonio Veic,R,180.0,CRO,22.951,204.0,247.0,2-6 7-6(4) 7-6(2),3,R32,169.0,1.0,4.0,117.0,84.0,49.0,18.0,16.0,7.0,13.0,12.0,6.0,110.0,64.0,48.0,17.0,16.0,10.0,14.0
2011-2276,Zagreb,Hard,28,250,I,20110131,9,L797,,,Lukas Lacko,R,188.0,SVK,23.244,107.0,518.0,K771,,,Marsel Ilhan,R,191.0,TUR,23.641,105.0,523.0,4-6 6-4 7-5,3,R32,126.0,10.0,8.0,99.0,57.0,44.0,24.0,16.0,5.0,7.0,8.0,5.0,101.0,67.0,49.0,16.0,16.0,3.0,6.0
2011-2276,Zagreb,Hard,28,250,I,20110131,10,D646,,,Ivan Dodig,R,183.0,CRO,26.078,84.0,581.0,G710,6.0,,Marcel Granollers,R,191.0,ESP,24.805,46.0,958.0,6-3 6-2,3,R32,66.0,10.0,3.0,47.0,26.0,22.0,13.0,9.0,2.0,3.0,0.0,2.0,44.0,25.0,15.0,7.0,8.0,1.0,5.0
2011-2276,Zagreb,Hard,28,250,I,20110131,11,ME89,,,Illya Marchenko,R,185.0,UKR,23.398,82.0,599.0,L987,,Q,Dusan Lajovic,R,183.0,SRB,20.589,403.0,98.0,7-5 6-2,3,R32,78.0,5.0,2.0,51.0,31.0,21.0,12.0,10.0,1.0,3.0,3.0,2.0,68.0,45.0,24.0,7.0,10.0,6.0,11.0
2011-2276,Zagreb,Hard,28,250,I,20110131,12,BC72,,,Daniel Brands,R,196.0,GER,23.543,79.0,606.0,K336,,,Ivo Karlovic,R,211.0,CRO,31.923,113.0,500.0,7-5 6-7(3) 7-6(1),3,R32,120.0,16.0,2.0,98.0,74.0,64.0,16.0,18.0,1.0,1.0,32.0,5.0,101.0,73.0,59.0,18.0,18.0,1.0,2.0
2011-2276,Zagreb,Hard,28,250,I,20110131,13,C977,1.0,,Marin Cilic,R,198.0,CRO,22.341,20.0,1600.0,K403,,,Igor Kunitsyn,R,180.0,RUS,29.336,95.0,551.0,7-6(3) 6-2,3,R16,98.0,10.0,1.0,61.0,32.0,25.0,18.0,10.0,1.0,2.0,5.0,2.0,78.0,44.0,28.0,15.0,10.0,5.0,8.0
2011-2276,Zagreb,Hard,28,250,I,20110131,14,MB02,5.0,,Florian Mayer,R,191.0,GER,27.324,38.0,1098.0,S694,,,Radek Stepanek,R,185.0,CZE,32.178,63.0,770.0,7-6(3) 6-3,3,R16,103.0,3.0,2.0,82.0,55.0,40.0,17.0,10.0,5.0,5.0,2.0,5.0,77.0,48.0,34.0,14.0,11.0,4.0,6.0
2011-2276,Zagreb,Hard,28,250,I,20110131,15,G628,4.0,,Richard Gasquet,R,183.0,FRA,24.621,30.0,1360.0,C487,,,Arnaud Clement,R,173.0,FRA,33.123,116.0,497.0,W/O,3,R16,,3.0,2.0,82.0,55.0,40.0,17.0,10.0,5.0,5.0,2.0,5.0,77.0,48.0,34.0,14.0,11.0,4.0,6.0
2011-2276,Zagreb,Hard,28,250,I,20110131,16,B678,8.0,,Michael Berrer,L,193.0,GER,30.585,66.0,715.0,K834,,Q,Blaz Kavcic,R,188.0,SLO,23.91,83.0,587.0,6-4 6-1,3,R16,71.0,6.0,1.0,41.0,31.0,22.0,7.0,8.0,1.0,2.0,5.0,2.0,68.0,43.0,23.0,12.0,9.0,8.0,13.0
2011-2276,Zagreb,Hard,28,250,I,20110131,17,B842,,Q,Alex Bogomolov Jr.,R,178.0,RUS,27.775,165.0,330.0,P624,7.0,,Philipp Petzschner,R,185.0,GER,26.856,55.0,859.0,6-1 6-2,3,R16,53.0,1.0,3.0,47.0,34.0,28.0,7.0,8.0,1.0,1.0,7.0,3.0,44.0,23.0,12.0,8.0,7.0,4.0,8.0
2011-2276,Zagreb,Hard,28,250,I,20110131,18,G476,3.0,,Guillermo Garcia-Lopez,R,185.0,ESP,27.661,29.0,1380.0,L797,,,Lukas Lacko,R,188.0,SVK,23.244,107.0,518.0,6-1 2-6 6-2,3,R16,87.0,6.0,6.0,71.0,36.0,27.0,17.0,12.0,5.0,9.0,3.0,1.0,69.0,39.0,22.0,11.0,11.0,2.0,8.0
2011-2276,Zagreb,Hard,28,250,I,20110131,19,D646,,,Ivan Dodig,R,183.0,CRO,26.078,84.0,581.0,ME89,,,Illya Marchenko,R,185.0,UKR,23.398,82.0,599.0,6-2 6-3,3,R16,80.0,3.0,0.0,52.0,34.0,27.0,9.0,9.0,2.0,3.0,0.0,4.0,50.0,28.0,21.0,7.0,8.0,3.0,7.0
2011-2276,Zagreb,Hard,28,250,I,20110131,20,L360,2.0,,Ivan Ljubicic,R,193.0,CRO,31.871,15.0,1965.0,BC72,,,Daniel Brands,R,196.0,GER,23.543,79.0,606.0,6-2 6-3,3,R16,68.0,7.0,2.0,51.0,26.0,22.0,17.0,9.0,0.0,0.0,4.0,1.0,59.0,36.0,21.0,11.0,8.0,2.0,5.0
2011-2276,Zagreb,Hard,28,250,I,20110131,21,MB02,5.0,,Florian Mayer,R,191.0,GER,27.324,38.0,1098.0,C977,1.0,,Marin Cilic,R,198.0,CRO,22.341,20.0,1600.0,6-3 6-4,3,QF,81.0,3.0,1.0,64.0,43.0,29.0,13.0,10.0,4.0,5.0,5.0,4.0,51.0,31.0,22.0,8.0,9.0,1.0,4.0
2011-2276,Zagreb,Hard,28,250,I,20110131,22,B678,8.0,,Michael Berrer,L,193.0,GER,30.585,66.0,715.0,G628,4.0,,Richard Gasquet,R,183.0,FRA,24.621,30.0,1360.0,5-2 RET,3,QF,34.0,1.0,1.0,22.0,13.0,11.0,5.0,3.0,2.0,2.0,3.0,0.0,34.0,23.0,13.0,4.0,4.0,4.0,6.0
2011-2276,Zagreb,Hard,28,250,I,20110131,23,G476,3.0,,Guillermo Garcia-Lopez,R,185.0,ESP,27.661,29.0,1380.0,B842,,Q,Alex Bogomolov Jr.,R,178.0,RUS,27.775,165.0,330.0,6-2 7-6(6),3,QF,99.0,12.0,3.0,79.0,47.0,36.0,15.0,10.0,9.0,11.0,2.0,2.0,68.0,54.0,34.0,5.0,10.0,2.0,6.0
2011-2276,Zagreb,Hard,28,250,I,20110131,24,D646,,,Ivan Dodig,R,183.0,CRO,26.078,84.0,581.0,L360,2.0,,Ivan Ljubicic,R,193.0,CRO,31.871,15.0,1965.0,6-4 6-4,3,QF,110.0,8.0,1.0,74.0,44.0,37.0,14.0,10.0,4.0,4.0,4.0,1.0,73.0,42.0,29.0,14.0,10.0,7.0,9.0
2011-2276,Zagreb,Hard,28,250,I,20110131,25,B678,8.0,,Michael Berrer,L,193.0,GER,30.585,66.0,715.0,MB02,5.0,,Florian Mayer,R,191.0,GER,27.324,38.0,1098.0,6-1 6-4,3,SF,59.0,7.0,1.0,47.0,32.0,28.0,10.0,9.0,1.0,1.0,1.0,1.0,60.0,42.0,22.0,9.0,8.0,5.0,8.0
2011-2276,Zagreb,Hard,28,250,I,20110131,26,D646,,,Ivan Dodig,R,183.0,CRO,26.078,84.0,581.0,G476,3.0,,Guillermo Garcia-Lopez,R,185.0,ESP,27.661,29.0,1380.0,4-6 7-6(5) 6-4,3,SF,172.0,10.0,4.0,106.0,63.0,52.0,17.0,16.0,7.0,10.0,7.0,5.0,106.0,59.0,42.0,26.0,16.0,7.0,10.0
2011-2276,Zagreb,Hard,28,250,I,20110131,27,D646,,,Ivan Dodig,R,183.0,CRO,26.078,84.0,581.0,B678,8.0,,Michael Berrer,L,193.0,GER,30.585,66.0,715.0,6-3 6-4,3,F,98.0,16.0,7.0,83.0,55.0,45.0,8.0,10.0,7.0,7.0,2.0,1.0,55.0,40.0,29.0,6.0,9.0,1.0,3.0
2011-407,Rotterdam,Hard,32,500,I,20110207,1,SA49,1.0,,Robin Soderling,R,193.0,SWE,26.483,4.0,5955.0,H756,,WC,Robin Haase,R,191.0,NED,23.841,55.0,903.0,6-3 6-2,3,R32,53.0,8.0,0.0,42.0,29.0,26.0,10.0,9.0,0.0,0.0,11.0,1.0,48.0,31.0,20.0,8.0,8.0,7.0,10.0
2011-407,Rotterdam,Hard,32,500,I,20110207,2,K435,,,Philipp Kohlschreiber,R,178.0,GER,27.313,36.0,1150.0,L575,,,Yen-Hsun Lu,R,180.0,TPE,27.485,38.0,1104.0,6-4 7-6(5),3,R32,88.0,6.0,1.0,60.0,45.0,36.0,11.0,11.0,0.0,1.0,2.0,1.0,64.0,43.0,31.0,12.0,11.0,1.0,3.0
2011-407,Rotterdam,Hard,32,500,I,20110207,3,D776,,,Thiemo de Bakker,R,193.0,NED,22.385,50.0,950.0,P624,,LL,Philipp Petzschner,R,185.0,GER,26.875,64.0,789.0,6-4 0-6 6-1,3,R32,88.0,5.0,1.0,75.0,36.0,24.0,23.0,12.0,2.0,5.0,8.0,3.0,67.0,38.0,30.0,13.0,11.0,4.0,7.0
2011-407,Rotterdam,Hard,32,500,I,20110207,4,Y061,6.0,,Mikhail Youzhny,R,183.0,RUS,28.621,10.0,2920.0,G710,,,Marcel Granollers,R,191.0,ESP,24.824,53.0,933.0,6-2 7-6(6),3,R32,95.0,2.0,5.0,64.0,37.0,29.0,12.0,10.0,0.0,2.0,2.0,3.0,68.0,35.0,21.0,18.0,10.0,5.0,9.0
2011-407,Rotterdam,Hard,32,500,I,20110207,5,N289,,,Jarkko Nieminen,L,185.0,FIN,29.544,43.0,1027.0,F401,3.0,,David Ferrer,R,175.0,ESP,28.851,6.0,4570.0,6-3 6-4,3,R32,75.0,1.0,2.0,66.0,38.0,30.0,11.0,10.0,4.0,6.0,7.0,5.0,56.0,39.0,23.0,7.0,9.0,6.0,10.0
2011-407,Rotterdam,Hard,32,500,I,20110207,6,T840,,,Viktor Troicki,R,193.0,SRB,24.991,24.0,1535.0,SJ63,,WC,Thomas Schoorel,L,203.0,NED,21.834,157.0,346.0,6-2 7-6(1),3,R32,78.0,13.0,2.0,58.0,35.0,33.0,13.0,10.0,2.0,2.0,5.0,2.0,72.0,47.0,32.0,11.0,10.0,5.0,7.0
2011-407,Rotterdam,Hard,32,500,I,20110207,7,C977,,,Marin Cilic,R,198.0,CRO,22.36,28.0,1395.0,Z168,,Q,Mischa Zverev,L,191.0,GER,23.463,81.0,611.0,6-2 6-4,3,R32,63.0,5.0,1.0,47.0,34.0,30.0,8.0,9.0,0.0,0.0,0.0,1.0,54.0,33.0,19.0,13.0,9.0,5.0,8.0
2011-407,Rotterdam,Hard,32,500,I,20110207,8,M762,5.0,,Jurgen Melzer,L,183.0,AUT,29.714,11.0,2910.0,H704,,WC,Jesse Huta Galung,R,,NED,25.339,112.0,498.0,6-4 6-4,3,R32,78.0,6.0,1.0,61.0,39.0,24.0,15.0,10.0,0.0,1.0,11.0,4.0,55.0,30.0,21.0,13.0,10.0,3.0,6.0
2011-407,Rotterdam,Hard,32,500,I,20110207,9,T786,8.0,,Jo-Wilfried Tsonga,R,188.0,FRA,25.81,18.0,1715.0,D875,,Q,Grigor Dimitrov,R,191.0,BUL,19.732,86.0,578.0,6-4 6-4,3,R32,75.0,11.0,2.0,57.0,36.0,30.0,14.0,10.0,0.0,0.0,4.0,6.0,64.0,35.0,28.0,13.0,10.0,4.0,6.0
2011-407,Rotterdam,Hard,32,500,I,20110207,10,L428,,,Michael Llodra,L,191.0,FRA,30.724,22.0,1575.0,D402,,,Nikolay Davydenko,R,178.0,RUS,29.684,34.0,1205.0,6-3 7-6(4),3,R32,94.0,12.0,2.0,71.0,50.0,41.0,10.0,11.0,2.0,2.0,1.0,1.0,69.0,47.0,32.0,12.0,10.0,5.0,6.0
2011-407,Rotterdam,Hard,32,500,I,20110207,11,T315,,Q,Dmitry Tursunov,R,185.0,RUS,28.156,151.0,363.0,G806,,,Andrey Golubev,R,180.0,KAZ,23.548,41.0,1055.0,6-4 7-5,3,R32,87.0,6.0,3.0,64.0,41.0,35.0,12.0,11.0,4.0,4.0,8.0,2.0,67.0,34.0,27.0,15.0,11.0,1.0,3.0
2011-407,Rotterdam,Hard,32,500,I,20110207,12,BA47,4.0,,Tomas Berdych,R,196.0,CZE,25.391,7.0,4270.0,G476,,,Guillermo Garcia-Lopez,R,185.0,ESP,27.68,26.0,1425.0,6-1 6-2,3,R32,55.0,3.0,0.0,38.0,25.0,23.0,9.0,8.0,0.0,0.0,3.0,3.0,48.0,25.0,14.0,8.0,7.0,1.0,5.0
2011-407,Rotterdam,Hard,32,500,I,20110207,13,L360,7.0,,Ivan Ljubicic,R,193.0,CRO,31.89,15.0,1965.0,SC77,,,Sergiy Stakhovsky,R,193.0,UKR,25.087,42.0,1050.0,7-6(3) 6-3,3,R32,103.0,5.0,2.0,72.0,38.0,30.0,21.0,11.0,0.0,1.0,5.0,1.0,81.0,54.0,36.0,14.0,10.0,5.0,7.0
2011-407,Rotterdam,Hard,32,500,I,20110207,14,PD31,,Q,Benoit Paire,R,196.0,FRA,21.752,136.0,399.0,SD32,,,Gilles Simon,R,183.0,FRA,26.114,33.0,1255.0,6-2 2-6 6-3,3,R32,98.0,5.0,1.0,100.0,51.0,37.0,19.0,13.0,10.0,14.0,2.0,1.0,68.0,40.0,27.0,10.0,12.0,2.0,7.0
2011-407,Rotterdam,Hard,32,500,I,20110207,15,L397,,,Feliciano Lopez,L,188.0,ESP,29.383,44.0,1025.0,MB02,,,Florian Mayer,R,191.0,GER,27.343,35.0,1168.0,6-3 6-4,3,R32,61.0,12.0,3.0,52.0,35.0,31.0,10.0,10.0,3.0,3.0,1.0,1.0,53.0,31.0,20.0,13.0,9.0,2.0,4.0
2011-407,Rotterdam,Hard,32,500,I,20110207,16,B837,,,Marcos Baghdatis,R,178.0,CYP,25.643,20.0,1580.0,MC10,2.0,,Andy Murray,R,191.0,GBR,23.734,5.0,5760.0,6-4 6-1,3,R32,61.0,9.0,0.0,54.0,29.0,24.0,11.0,9.0,6.0,8.0,5.0,2.0,44.0,26.0,15.0,5.0,8.0,3.0,8.0
2011-407,Rotterdam,Hard,32,500,I,20110207,17,SA49,1.0,,Robin Soderling,R,193.0,SWE,26.483,4.0,5955.0,K435,,,Philipp Kohlschreiber,R,178.0,GER,27.313,36.0,1150.0,6-3 5-7 7-6(7),3,R16,142.0,16.0,2.0,96.0,63.0,49.0,21.0,17.0,1.0,4.0,12.0,3.0,113.0,66.0,47.0,23.0,16.0,5.0,8.0
2011-407,Rotterdam,Hard,32,500,I,20110207,18,Y061,6.0,,Mikhail Youzhny,R,183.0,RUS,28.621,10.0,2920.0,D776,,,Thiemo de Bakker,R,193.0,NED,22.385,50.0,950.0,6-4 6-4,3,R16,75.0,5.0,3.0,51.0,27.0,21.0,17.0,10.0,2.0,3.0,5.0,2.0,55.0,29.0,20.0,15.0,10.0,1.0,4.0
2011-407,Rotterdam,Hard,32,500,I,20110207,19,T840,,,Viktor Troicki,R,193.0,SRB,24.991,24.0,1535.0,N289,,,Jarkko Nieminen,L,185.0,FIN,29.544,43.0,1027.0,7-6(4) 7-5,3,R16,88.0,6.0,0.0,73.0,40.0,34.0,19.0,12.0,1.0,2.0,3.0,0.0,72.0,49.0,30.0,16.0,12.0,0.0,2.0
2011-407,Rotterdam,Hard,32,500,I,20110207,20,C977,,,Marin Cilic,R,198.0,CRO,22.36,28.0,1395.0,M762,5.0,,Jurgen Melzer,L,183.0,AUT,29.714,11.0,2910.0,6-2 6-4,3,R16,72.0,2.0,2.0,52.0,27.0,22.0,16.0,9.0,1.0,1.0,5.0,3.0,52.0,27.0,20.0,9.0,9.0,0.0,3.0
2011-407,Rotterdam,Hard,32,500,I,20110207,21,T786,8.0,,Jo-Wilfried Tsonga,R,188.0,FRA,25.81,18.0,1715.0,L428,,,Michael Llodra,L,191.0,FRA,30.724,22.0,1575.0,4-6 6-4 6-4,3,R16,129.0,16.0,5.0,98.0,58.0,47.0,20.0,15.0,3.0,4.0,12.0,1.0,100.0,54.0,41.0,24.0,15.0,6.0,8.0
2011-407,Rotterdam,Hard,32,500,I,20110207,22,BA47,4.0,,Tomas Berdych,R,196.0,CZE,25.391,7.0,4270.0,T315,,Q,Dmitry Tursunov,R,185.0,RUS,28.156,151.0,363.0,6-4 4-6 7-5,3,R16,125.0,16.0,2.0,72.0,50.0,45.0,15.0,16.0,0.0,1.0,13.0,5.0,98.0,63.0,47.0,18.0,16.0,5.0,7.0
2011-407,Rotterdam,Hard,32,500,I,20110207,23,L360,7.0,,Ivan Ljubicic,R,193.0,CRO,31.89,15.0,1965.0,PD31,,Q,Benoit Paire,R,196.0,FRA,21.752,136.0,399.0,6-0 6-4,3,R16,64.0,5.0,1.0,49.0,33.0,25.0,8.0,8.0,1.0,2.0,4.0,2.0,49.0,24.0,15.0,9.0,8.0,1.0,6.0
2011-407,Rotterdam,Hard,32,500,I,20110207,24,B837,,,Marcos Baghdatis,R,178.0,CYP,25.643,20.0,1580.0,L397,,,Feliciano Lopez,L,188.0,ESP,29.383,44.0,1025.0,7-6(3) 6-3,3,R16,80.0,10.0,1.0,66.0,37.0,34.0,16.0,11.0,0.0,0.0,12.0,1.0,55.0,33.0,29.0,12.0,10.0,1.0,2.0
2011-407,Rotterdam,Hard,32,500,I,20110207,25,SA49,1.0,,Robin Soderling,R,193.0,SWE,26.483,4.0,5955.0,Y061,6.0,,Mikhail Youzhny,R,183.0,RUS,28.621,10.0,2920.0,6-4 7-6(5),3,QF,114.0,13.0,5.0,87.0,50.0,39.0,18.0,11.0,5.0,5.0,7.0,2.0,73.0,42.0,31.0,17.0,11.0,5.0,6.0
2011-407,Rotterdam,Hard,32,500,I,20110207,26,T840,,,Viktor Troicki,R,193.0,SRB,24.991,24.0,1535.0,C977,,,Marin Cilic,R,198.0,CRO,22.36,28.0,1395.0,7-5 6-3,3,QF,88.0,11.0,0.0,76.0,54.0,37.0,14.0,11.0,9.0,10.0,2.0,1.0,58.0,28.0,18.0,18.0,10.0,3.0,6.0
2011-407,Rotterdam,Hard,32,500,I,20110207,27,T786,8.0,,Jo-Wilfried Tsonga,R,188.0,FRA,25.81,18.0,1715.0,BA47,4.0,,Tomas Berdych,R,196.0,CZE,25.391,7.0,4270.0,W/O,3,QF,,11.0,0.0,76.0,54.0,37.0,14.0,11.0,9.0,10.0,2.0,1.0,58.0,28.0,18.0,18.0,10.0,3.0,6.0
2011-407,Rotterdam,Hard,32,500,I,20110207,28,L360,7.0,,Ivan Ljubicic,R,193.0,CRO,31.89,15.0,1965.0,B837,,,Marcos Baghdatis,R,178.0,CYP,25.643,20.0,1580.0,6-4 6-7(6) 7-6(4),3,QF,145.0,18.0,0.0,107.0,66.0,56.0,20.0,17.0,1.0,3.0,12.0,3.0,92.0,53.0,40.0,27.0,17.0,2.0,5.0
2011-407,Rotterdam,Hard,32,500,I,20110207,29,SA49,1.0,,Robin Soderling,R,193.0,SWE,26.483,4.0,5955.0,T840,,,Viktor Troicki,R,193.0,SRB,24.991,24.0,1535.0,7-5 6-4,3,SF,74.0,13.0,1.0,55.0,38.0,32.0,9.0,11.0,1.0,2.0,11.0,0.0,69.0,47.0,29.0,12.0,11.0,5.0,8.0
2011-407,Rotterdam,Hard,32,500,I,20110207,30,T786,8.0,,Jo-Wilfried Tsonga,R,188.0,FRA,25.81,18.0,1715.0,L360,7.0,,Ivan Ljubicic,R,193.0,CRO,31.89,15.0,1965.0,6-4 7-6(6),3,SF,97.0,13.0,1.0,65.0,49.0,42.0,8.0,11.0,1.0,2.0,7.0,1.0,70.0,36.0,27.0,20.0,11.0,0.0,2.0
2011-407,Rotterdam,Hard,32,500,I,20110207,31,SA49,1.0,,Robin Soderling,R,193.0,SWE,26.483,4.0,5955.0,T786,8.0,,Jo-Wilfried Tsonga,R,188.0,FRA,25.81,18.0,1715.0,6-3 3-6 6-3,3,F,83.0,12.0,3.0,72.0,51.0,41.0,11.0,14.0,2.0,4.0,20.0,0.0,65.0,42.0,32.0,13.0,13.0,0.0,3.0
2011-424,San Jose,Hard,32,250,I,20110207,1,V306,1.0,,Fernando Verdasco,L,188.0,ESP,27.231,9.0,3240.0,R548,,WC,Rajeev Ram,R,193.0,USA,26.891,207.0,244.0,6-3 6-2,3,R32,61.0,8.0,1.0,43.0,25.0,22.0,14.0,9.0,0.0,0.0,5.0,2.0,58.0,38.0,25.0,7.0,8.0,5.0,8.0
2011-424,San Jose,Hard,32,250,I,20110207,2,K336,,,Ivo Karlovic,R,211.0,CRO,31.943,122.0,455.0,SG87,,,Ryan Sweeting,R,196.0,USA,23.57,119.0,468.0,6-4 6-4,3,R32,70.0,19.0,1.0,58.0,42.0,36.0,7.0,10.0,1.0,1.0,1.0,2.0,54.0,34.0,27.0,10.0,10.0,2.0,4.0
2011-424,San Jose,Hard,32,250,I,20110207,3,R368,,,Michael Russell,R,173.0,USA,32.772,102.0,531.0,K737,,Q,Alex Kuznetsov,R,183.0,USA,24.005,206.0,245.0,6-4 6-2,3,R32,89.0,1.0,3.0,51.0,29.0,22.0,10.0,9.0,3.0,5.0,3.0,2.0,65.0,35.0,18.0,12.0,9.0,6.0,11.0
2011-424,San Jose,Hard,32,250,I,20110207,4,I165,5.0,,Denis Istomin,R,185.0,UZB,24.419,49.0,951.0,BD00,,Q,Roman Borvanov,R,183.0,MDA,28.857,357.0,119.0,6-3 7-5,3,R32,77.0,7.0,1.0,56.0,42.0,34.0,9.0,10.0,2.0,2.0,7.0,5.0,65.0,40.0,30.0,9.0,11.0,4.0,7.0
2011-424,San Jose,Hard,32,250,I,20110207,5,L797,,,Lukas Lacko,R,188.0,SVK,23.264,113.0,493.0,Q927,3.0,,Sam Querrey,R,198.0,USA,23.337,17.0,1860.0,7-6(6) 6-3,3,R32,77.0,10.0,2.0,75.0,43.0,33.0,17.0,11.0,1.0,2.0,12.0,2.0,58.0,33.0,26.0,12.0,10.0,1.0,3.0
2011-424,San Jose,Hard,32,250,I,20110207,6,D683,,,Juan Martin del Potro,R,198.0,ARG,22.374,484.0,65.0,G681,,,Teymuraz Gabashvili,R,185.0,GEO,25.711,76.0,626.0,6-3 6-2,3,R32,78.0,9.0,1.0,49.0,28.0,25.0,13.0,9.0,1.0,1.0,9.0,3.0,58.0,30.0,18.0,14.0,8.0,6.0,9.0
2011-424,San Jose,Hard,32,250,I,20110207,7,D556,,,Brian Dabul,L,170.0,ARG,26.954,106.0,520.0,F444,,,Alejandro Falla,L,185.0,COL,27.233,120.0,466.0,6-4 6-3,3,R32,88.0,1.0,1.0,53.0,24.0,19.0,14.0,10.0,0.0,2.0,1.0,1.0,64.0,30.0,19.0,17.0,9.0,5.0,9.0
2011-424,San Jose,Hard,32,250,I,20110207,8,H432,7.0,,Lleyton Hewitt,R,178.0,AUS,29.952,70.0,700.0,P436,,,Bjorn Phau,R,175.0,GER,31.346,93.0,571.0,6-3 6-3,3,R32,71.0,1.0,3.0,52.0,30.0,21.0,10.0,9.0,0.0,2.0,2.0,4.0,55.0,32.0,19.0,7.0,9.0,4.0,9.0
2011-424,San Jose,Hard,32,250,I,20110207,9,BE90,,,Ricardas Berankis,R,175.0,LTU,20.632,74.0,650.0,B896,6.0,,Benjamin Becker,R,178.0,GER,29.645,57.0,870.0,6-3 7-6(2),3,R32,98.0,7.0,3.0,72.0,41.0,36.0,17.0,10.0,7.0,7.0,6.0,2.0,80.0,45.0,33.0,16.0,11.0,1.0,3.0
2011-424,San Jose,Hard,32,250,I,20110207,10,Y124,,,Donald Young,L,183.0,USA,21.544,146.0,378.0,BA65,,,Dustin Brown,R,196.0,JAM,26.166,99.0,547.0,7-6(2) 6-4,3,R32,75.0,4.0,5.0,69.0,43.0,33.0,17.0,11.0,4.0,5.0,5.0,1.0,74.0,41.0,29.0,16.0,11.0,2.0,4.0
2011-424,San Jose,Hard,32,250,I,20110207,11,B676,,,James Blake,R,185.0,USA,31.113,170.0,315.0,L799,,Q,Jesse Levine,L,175.0,CAN,23.316,293.0,157.0,7-5 6-1,3,R32,74.0,3.0,2.0,55.0,30.0,25.0,14.0,10.0,0.0,1.0,1.0,2.0,72.0,52.0,26.0,10.0,9.0,7.0,11.0
2011-424,San Jose,Hard,32,250,I,20110207,12,R975,,,Milos Raonic,R,196.0,CAN,20.115,84.0,587.0,M680,4.0,,Xavier Malisse,R,185.0,BEL,30.554,45.0,1011.0,6-3 6-4,3,R32,78.0,20.0,3.0,61.0,36.0,30.0,14.0,10.0,1.0,1.0,3.0,1.0,61.0,40.0,26.0,12.0,9.0,5.0,7.0
2011-424,San Jose,Hard,32,250,I,20110207,13,N552,8.0,,Kei Nishikori,R,178.0,JPN,21.109,72.0,689.0,H571,,,Jan Hajek,R,180.0,CZE,27.504,104.0,525.0,6-1 7-6(6),3,R32,79.0,5.0,1.0,61.0,40.0,33.0,10.0,10.0,2.0,4.0,3.0,2.0,60.0,36.0,23.0,9.0,9.0,3.0,7.0
2011-424,San Jose,Hard,32,250,I,20110207,14,SF62,,WC,Tim Smyczek,R,175.0,USA,23.107,172.0,315.0,F525,,Q,Robert Farah,R,193.0,COL,24.049,184.0,287.0,7-5 3-6 6-3,3,R32,126.0,4.0,2.0,84.0,47.0,34.0,23.0,15.0,2.0,4.0,6.0,2.0,90.0,57.0,39.0,17.0,15.0,4.0,7.0
2011-424,San Jose,Hard,32,250,I,20110207,15,K448,,,Robert Kendrick,R,191.0,USA,31.231,115.0,483.0,K403,,,Igor Kunitsyn,R,180.0,RUS,29.355,97.0,561.0,7-5 3-6 6-4,3,R32,137.0,9.0,4.0,102.0,60.0,41.0,23.0,16.0,5.0,8.0,3.0,4.0,114.0,62.0,44.0,27.0,15.0,10.0,13.0
2011-424,San Jose,Hard,32,250,I,20110207,16,MC65,2.0,,Gael Monfils,R,193.0,FRA,24.435,12.0,2560.0,KA98,,WC,Bradley Klahn,L,183.0,USA,20.468,792.0,15.0,6-3 6-2,3,R32,62.0,10.0,4.0,49.0,27.0,25.0,13.0,9.0,1.0,1.0,1.0,4.0,50.0,29.0,18.0,9.0,8.0,2.0,5.0
2011-424,San Jose,Hard,32,250,I,20110207,17,V306,1.0,,Fernando Verdasco,L,188.0,ESP,27.231,9.0,3240.0,K336,,,Ivo Karlovic,R,211.0,CRO,31.943,122.0,455.0,7-5 7-5,3,R16,91.0,3.0,1.0,59.0,40.0,32.0,16.0,12.0,0.0,0.0,14.0,1.0,69.0,49.0,36.0,11.0,12.0,0.0,2.0
2011-424,San Jose,Hard,32,250,I,20110207,18,I165,5.0,,Denis Istomin,R,185.0,UZB,24.419,49.0,951.0,R368,,,Michael Russell,R,173.0,USA,32.772,102.0,531.0,7-6(7) 7-6(4),3,R16,126.0,9.0,1.0,78.0,45.0,37.0,21.0,12.0,3.0,5.0,4.0,4.0,98.0,63.0,46.0,17.0,12.0,5.0,7.0
2011-424,San Jose,Hard,32,250,I,20110207,19,D683,,,Juan Martin del Potro,R,198.0,ARG,22.374,484.0,65.0,L797,,,Lukas Lacko,R,188.0,SVK,23.264,113.0,493.0,6-1 7-6(1),3,R16,100.0,9.0,4.0,67.0,35.0,31.0,17.0,10.0,4.0,5.0,3.0,1.0,61.0,32.0,19.0,13.0,9.0,5.0,8.0
2011-424,San Jose,Hard,32,250,I,20110207,20,H432,7.0,,Lleyton Hewitt,R,178.0,AUS,29.952,70.0,700.0,D556,,,Brian Dabul,L,170.0,ARG,26.954,106.0,520.0,3-6 7-5 6-3,3,R16,131.0,11.0,2.0,93.0,56.0,40.0,22.0,15.0,6.0,8.0,1.0,2.0,88.0,57.0,44.0,15.0,15.0,3.0,6.0
2011-424,San Jose,Hard,32,250,I,20110207,21,BE90,,,Ricardas Berankis,R,175.0,LTU,20.632,74.0,650.0,Y124,,,Donald Young,L,183.0,USA,21.544,146.0,378.0,6-4 5-7 7-5,3,R16,143.0,8.0,3.0,100.0,49.0,38.0,30.0,17.0,5.0,8.0,5.0,6.0,131.0,73.0,51.0,26.0,17.0,12.0,16.0
2011-424,San Jose,Hard,32,250,I,20110207,22,R975,,,Milos Raonic,R,196.0,CAN,20.115,84.0,587.0,B676,,,James Blake,R,185.0,USA,31.113,170.0,315.0,6-2 7-6(4),3,R16,70.0,13.0,2.0,54.0,35.0,32.0,12.0,10.0,2.0,3.0,8.0,0.0,60.0,39.0,28.0,7.0,10.0,1.0,4.0
2011-424,San Jose,Hard,32,250,I,20110207,23,SF62,,WC,Tim Smyczek,R,175.0,USA,23.107,172.0,315.0,N552,8.0,,Kei Nishikori,R,178.0,JPN,21.109,72.0,689.0,6-4 3-6 6-1,3,R16,112.0,1.0,1.0,81.0,51.0,35.0,15.0,13.0,6.0,9.0,4.0,4.0,83.0,57.0,29.0,15.0,13.0,4.0,9.0
2011-424,San Jose,Hard,32,250,I,20110207,24,MC65,2.0,,Gael Monfils,R,193.0,FRA,24.435,12.0,2560.0,K448,,,Robert Kendrick,R,191.0,USA,31.231,115.0,483.0,6-2 5-7 6-4,3,R16,106.0,15.0,6.0,83.0,50.0,41.0,16.0,15.0,4.0,6.0,4.0,2.0,96.0,59.0,41.0,18.0,15.0,4.0,8.0
2011-424,San Jose,Hard,32,250,I,20110207,25,V306,1.0,,Fernando Verdasco,L,188.0,ESP,27.231,9.0,3240.0,I165,5.0,,Denis Istomin,R,185.0,UZB,24.419,49.0,951.0,6-4 6-4,3,QF,85.0,7.0,2.0,59.0,44.0,34.0,9.0,10.0,2.0,2.0,3.0,0.0,53.0,33.0,20.0,16.0,10.0,1.0,3.0
2011-424,San Jose,Hard,32,250,I,20110207,26,D683,,,Juan Martin del Potro,R,198.0,ARG,22.374,484.0,65.0,H432,7.0,,Lleyton Hewitt,R,178.0,AUS,29.952,70.0,700.0,6-2 6-3,3,QF,76.0,7.0,1.0,46.0,32.0,26.0,8.0,8.0,3.0,3.0,3.0,5.0,74.0,44.0,28.0,9.0,9.0,7.0,11.0
2011-424,San Jose,Hard,32,250,I,20110207,27,R975,,,Milos Raonic,R,196.0,CAN,20.115,84.0,587.0,BE90,,,Ricardas Berankis,R,175.0,LTU,20.632,74.0,650.0,6-4 7-6(2),3,QF,84.0,12.0,1.0,61.0,40.0,35.0,14.0,11.0,1.0,1.0,7.0,7.0,72.0,40.0,33.0,15.0,11.0,2.0,3.0
2011-424,San Jose,Hard,32,250,I,20110207,28,MC65,2.0,,Gael Monfils,R,193.0,FRA,24.435,12.0,2560.0,SF62,,WC,Tim Smyczek,R,175.0,USA,23.107,172.0,315.0,6-4 7-6(6),3,QF,105.0,5.0,3.0,84.0,50.0,40.0,17.0,11.0,6.0,6.0,2.0,2.0,86.0,53.0,35.0,21.0,11.0,7.0,8.0
2011-424,San Jose,Hard,32,250,I,20110207,29,V306,1.0,,Fernando Verdasco,L,188.0,ESP,27.231,9.0,3240.0,D683,,,Juan Martin del Potro,R,198.0,ARG,22.374,484.0,65.0,6-4 6-4,3,SF,97.0,5.0,1.0,56.0,34.0,28.0,14.0,10.0,0.0,1.0,8.0,0.0,60.0,40.0,25.0,13.0,10.0,3.0,6.0
2011-424,San Jose,Hard,32,250,I,20110207,30,R975,,,Milos Raonic,R,196.0,CAN,20.115,84.0,587.0,MC65,2.0,,Gael Monfils,R,193.0,FRA,24.435,12.0,2560.0,W/O,3,SF,,5.0,1.0,56.0,34.0,28.0,14.0,10.0,0.0,1.0,8.0,0.0,60.0,40.0,25.0,13.0,10.0,3.0,6.0
2011-424,San Jose,Hard,32,250,I,20110207,31,R975,,,Milos Raonic,R,196.0,CAN,20.115,84.0,587.0,V306,1.0,,Fernando Verdasco,L,188.0,ESP,27.231,9.0,3240.0,7-6(6) 7-6(5),3,F,112.0,13.0,3.0,81.0,56.0,49.0,12.0,12.0,1.0,1.0,9.0,1.0,68.0,49.0,41.0,16.0,12.0,0.0,0.0
2011-533,Costa do Sauipe,Clay,28,250,O,20110207,1,SG64,,WC,Joao Souza,R,193.0,BRA,22.7,131.0,424.0,CC32,,WC,Guilherme Clezar,R,180.0,BRA,18.103,719.0,21.0,6-3 6-2,3,R32,71.0,5.0,1.0,48.0,33.0,25.0,13.0,9.0,1.0,1.0,3.0,1.0,54.0,41.0,23.0,6.0,8.0,2.0,5.0
2011-533,Costa do Sauipe,Clay,28,250,O,20110207,2,MA49,,,Rui Machado,R,178.0,POR,26.828,85.0,585.0,BF23,,Q,Facundo Bagnis,L,183.0,ARG,20.945,238.0,201.0,6-4 6-2,3,R32,102.0,2.0,1.0,70.0,53.0,38.0,8.0,9.0,7.0,7.0,1.0,3.0,65.0,32.0,20.0,17.0,9.0,5.0,8.0
2011-533,Costa do Sauipe,Clay,28,250,O,20110207,3,V254,,,Filippo Volandri,R,183.0,ITA,29.424,88.0,576.0,H528,8.0,,Victor Hanescu,R,198.0,ROU,29.55,56.0,890.0,7-5 6-1,3,R32,88.0,0.0,2.0,72.0,55.0,38.0,8.0,10.0,2.0,3.0,0.0,1.0,53.0,37.0,21.0,6.0,9.0,1.0,5.0
2011-533,Costa do Sauipe,Clay,28,250,O,20110207,4,B884,,,Carlos Berlocq,R,183.0,ARG,28.011,66.0,719.0,G602,,Q,Andre Ghem,R,193.0,BRA,28.695,403.0,98.0,6-4 6-3,3,R32,89.0,2.0,2.0,50.0,27.0,23.0,14.0,9.0,1.0,1.0,3.0,1.0,58.0,32.0,23.0,12.0,10.0,2.0,5.0
2011-533,Costa do Sauipe,Clay,28,250,O,20110207,5,K540,,,Lukasz Kubot,R,191.0,POL,28.731,103.0,525.0,SE66,,,Eduardo Schwank,R,183.0,ARG,24.794,111.0,500.0,6-7(5) 7-5 7-6(2),3,R32,189.0,6.0,5.0,118.0,66.0,52.0,25.0,18.0,4.0,7.0,4.0,2.0,119.0,76.0,48.0,28.0,18.0,7.0,11.0
2011-533,Costa do Sauipe,Clay,28,250,O,20110207,6,C514,5.0,,Juan Ignacio Chela,R,191.0,ARG,31.441,39.0,1095.0,SC73,,Q,Rogerio Dutra Silva,R,178.0,BRA,27.006,160.0,337.0,6-7(4) 7-6(4) 6-3,3,R32,177.0,2.0,1.0,100.0,75.0,56.0,14.0,16.0,1.0,2.0,6.0,1.0,117.0,75.0,55.0,19.0,17.0,5.0,8.0
2011-533,Costa do Sauipe,Clay,28,250,O,20110207,7,S843,7.0,,Potito Starace,R,188.0,ITA,29.569,46.0,990.0,C882,,,Pablo Cuevas,R,180.0,URU,25.101,63.0,790.0,6-4 5-7 6-4,3,R32,129.0,3.0,1.0,85.0,70.0,51.0,6.0,16.0,1.0,5.0,4.0,3.0,109.0,67.0,47.0,17.0,16.0,7.0,12.0
2011-533,Costa do Sauipe,Clay,28,250,O,20110207,8,MD56,,Q,Leonardo Mayer,R,191.0,ARG,23.734,109.0,515.0,A511,,,Igor Andreev,R,185.0,RUS,27.57,73.0,679.0,4-6 6-4 7-6(2),3,R32,154.0,4.0,5.0,96.0,55.0,42.0,23.0,16.0,6.0,8.0,5.0,2.0,104.0,54.0,44.0,24.0,16.0,5.0,7.0
2011-533,Costa do Sauipe,Clay,28,250,O,20110207,9,R383,,,Ruben Ramirez Hidalgo,R,183.0,ESP,33.087,79.0,616.0,R960,,WC,Fernando Romboli,R,180.0,BRA,22.092,244.0,198.0,6-4 6-2,3,R32,78.0,2.0,2.0,52.0,30.0,24.0,12.0,9.0,0.0,1.0,1.0,3.0,53.0,29.0,17.0,11.0,9.0,2.0,6.0
2011-533,Costa do Sauipe,Clay,28,250,O,20110207,10,R419,6.0,,Tommy Robredo,R,180.0,ESP,28.772,31.0,1290.0,F510,,,Fabio Fognini,R,178.0,ITA,23.71,54.0,925.0,6-3 6-7(4) 6-3,3,R32,151.0,9.0,1.0,91.0,57.0,43.0,23.0,16.0,3.0,5.0,2.0,2.0,103.0,58.0,37.0,25.0,14.0,9.0,13.0
2011-533,Costa do Sauipe,Clay,28,250,O,20110207,11,A596,,,Pablo Andujar,R,180.0,ESP,25.04,69.0,701.0,G676,,,Daniel Gimeno-Traver,R,183.0,ESP,25.503,58.0,844.0,6-3 6-1,3,R32,78.0,0.0,0.0,50.0,37.0,25.0,9.0,8.0,1.0,1.0,1.0,6.0,65.0,38.0,21.0,13.0,8.0,4.0,8.0
2011-533,Costa do Sauipe,Clay,28,250,O,20110207,12,M708,,,Ricardo Mello,L,175.0,BRA,30.13,78.0,622.0,G725,,,Santiago Giraldo,R,188.0,COL,23.198,47.0,971.0,6-4 6-3,3,R32,73.0,2.0,0.0,62.0,37.0,29.0,14.0,10.0,5.0,6.0,5.0,1.0,49.0,30.0,21.0,9.0,9.0,4.0,7.0
2011-533,Costa do Sauipe,Clay,28,250,O,20110207,13,A479,1.0,,Nicolas Almagro,R,183.0,ESP,25.465,13.0,2160.0,SG64,,WC,Joao Souza,R,193.0,BRA,22.7,131.0,424.0,6-2 6-2,3,R16,71.0,7.0,1.0,51.0,21.0,18.0,17.0,8.0,1.0,1.0,3.0,1.0,48.0,28.0,18.0,7.0,8.0,4.0,8.0
2011-533,Costa do Sauipe,Clay,28,250,O,20110207,14,MA49,,,Rui Machado,R,178.0,POR,26.828,85.0,585.0,V254,,,Filippo Volandri,R,183.0,ITA,29.424,88.0,576.0,6-2 6-1,3,R16,72.0,0.0,1.0,38.0,32.0,24.0,4.0,7.0,0.0,0.0,0.0,1.0,55.0,32.0,19.0,7.0,8.0,8.0,13.0
2011-533,Costa do Sauipe,Clay,28,250,O,20110207,15,BD20,3.0,,Thomaz Bellucci,L,188.0,BRA,23.107,37.0,1150.0,B884,,,Carlos Berlocq,R,183.0,ARG,28.011,66.0,719.0,6-4 7-5,3,R16,104.0,6.0,3.0,60.0,36.0,31.0,10.0,11.0,2.0,4.0,2.0,1.0,66.0,41.0,25.0,12.0,11.0,4.0,8.0
2011-533,Costa do Sauipe,Clay,28,250,O,20110207,16,C514,5.0,,Juan Ignacio Chela,R,191.0,ARG,31.441,39.0,1095.0,K540,,,Lukasz Kubot,R,191.0,POL,28.731,103.0,525.0,3-6 7-5 6-3,3,R16,164.0,1.0,1.0,98.0,61.0,39.0,17.0,15.0,7.0,12.0,4.0,6.0,104.0,69.0,44.0,13.0,15.0,6.0,12.0
2011-533,Costa do Sauipe,Clay,28,250,O,20110207,17,S843,7.0,,Potito Starace,R,188.0,ITA,29.569,46.0,990.0,MD56,,Q,Leonardo Mayer,R,191.0,ARG,23.734,109.0,515.0,6-4 7-6(9),3,R16,109.0,2.0,0.0,79.0,61.0,43.0,11.0,11.0,1.0,1.0,3.0,1.0,74.0,55.0,41.0,9.0,11.0,2.0,3.0
2011-533,Costa do Sauipe,Clay,28,250,O,20110207,18,D801,4.0,,Alexandr Dolgopolov,R,180.0,UKR,22.251,32.0,1273.0,R383,,,Ruben Ramirez Hidalgo,R,183.0,ESP,33.087,79.0,616.0,7-5 6-4,3,R16,97.0,14.0,1.0,66.0,39.0,31.0,17.0,11.0,2.0,2.0,5.0,1.0,70.0,40.0,30.0,14.0,11.0,4.0,6.0
2011-533,Costa do Sauipe,Clay,28,250,O,20110207,19,A596,,,Pablo Andujar,R,180.0,ESP,25.04,69.0,701.0,R419,6.0,,Tommy Robredo,R,180.0,ESP,28.772,31.0,1290.0,6-4 5-7 6-2,3,R16,152.0,1.0,2.0,109.0,77.0,47.0,19.0,15.0,8.0,11.0,4.0,2.0,82.0,48.0,32.0,20.0,15.0,3.0,8.0
2011-533,Costa do Sauipe,Clay,28,250,O,20110207,20,M708,,,Ricardo Mello,L,175.0,BRA,30.13,78.0,622.0,M824,2.0,,Albert Montanes,R,175.0,ESP,30.198,25.0,1450.0,6-3 6-3,3,R16,66.0,2.0,0.0,43.0,27.0,24.0,12.0,9.0,0.0,0.0,1.0,4.0,59.0,33.0,24.0,11.0,9.0,3.0,6.0
2011-533,Costa do Sauipe,Clay,28,250,O,20110207,21,A479,1.0,,Nicolas Almagro,R,183.0,ESP,25.465,13.0,2160.0,MA49,,,Rui Machado,R,178.0,POR,26.828,85.0,585.0,6-2 6-4,3,QF,86.0,12.0,9.0,72.0,34.0,27.0,16.0,9.0,6.0,8.0,1.0,1.0,49.0,38.0,21.0,2.0,9.0,4.0,9.0
2011-533,Costa do Sauipe,Clay,28,250,O,20110207,22,C514,5.0,,Juan Ignacio Chela,R,191.0,ARG,31.441,39.0,1095.0,BD20,3.0,,Thomaz Bellucci,L,188.0,BRA,23.107,37.0,1150.0,6-1 6-2,3,QF,81.0,0.0,1.0,53.0,34.0,24.0,12.0,8.0,3.0,3.0,4.0,3.0,40.0,24.0,13.0,7.0,7.0,4.0,8.0
2011-533,Costa do Sauipe,Clay,28,250,O,20110207,23,D801,4.0,,Alexandr Dolgopolov,R,180.0,UKR,22.251,32.0,1273.0,S843,7.0,,Potito Starace,R,188.0,ITA,29.569,46.0,990.0,6-3 6-4,3,QF,74.0,10.0,3.0,63.0,30.0,24.0,17.0,10.0,6.0,7.0,3.0,1.0,53.0,41.0,24.0,6.0,9.0,0.0,3.0
2011-533,Costa do Sauipe,Clay,28,250,O,20110207,24,M708,,,Ricardo Mello,L,175.0,BRA,30.13,78.0,622.0,A596,,,Pablo Andujar,R,180.0,ESP,25.04,69.0,701.0,6-1 6-0,3,QF,59.0,4.0,0.0,43.0,29.0,21.0,10.0,7.0,1.0,1.0,1.0,4.0,33.0,18.0,7.0,3.0,6.0,0.0,5.0
2011-533,Costa do Sauipe,Clay,28,250,O,20110207,25,A479,1.0,,Nicolas Almagro,R,183.0,ESP,25.465,13.0,2160.0,C514,5.0,,Juan Ignacio Chela,R,191.0,ARG,31.441,39.0,1095.0,1-6 6-2 6-4,3,SF,99.0,4.0,0.0,69.0,45.0,33.0,14.0,12.0,2.0,4.0,4.0,0.0,69.0,48.0,31.0,13.0,13.0,5.0,8.0
2011-533,Costa do Sauipe,Clay,28,250,O,20110207,26,D801,4.0,,Alexandr Dolgopolov,R,180.0,UKR,22.251,32.0,1273.0,M708,,,Ricardo Mello,L,175.0,BRA,30.13,78.0,622.0,6-2 6-1,3,SF,59.0,4.0,2.0,46.0,28.0,23.0,10.0,7.0,3.0,3.0,0.0,1.0,47.0,26.0,14.0,7.0,8.0,4.0,9.0
2011-533,Costa do Sauipe,Clay,28,250,O,20110207,27,A479,1.0,,Nicolas Almagro,R,183.0,ESP,25.465,13.0,2160.0,D801,4.0,,Alexandr Dolgopolov,R,180.0,UKR,22.251,32.0,1273.0,6-3 7-6(3),3,F,89.0,3.0,1.0,71.0,39.0,30.0,20.0,11.0,0.0,0.0,5.0,1.0,56.0,31.0,24.0,17.0,10.0,4.0,5.0
2011-402,Memphis,Hard,32,500,I,20110214,1,R485,1.0,,Andy Roddick,R,188.0,USA,28.46,8.0,3325.0,BE90,,,Ricardas Berankis,R,175.0,LTU,20.652,74.0,638.0,4-6 6-2 6-3,3,R32,92.0,23.0,4.0,76.0,44.0,38.0,16.0,14.0,1.0,2.0,5.0,5.0,74.0,28.0,21.0,27.0,13.0,3.0,6.0
2011-402,Memphis,Hard,32,500,I,20110214,2,T742,,,Janko Tipsarevic,R,180.0,SRB,26.648,51.0,935.0,SG87,,Q,Ryan Sweeting,R,196.0,USA,23.589,118.0,468.0,6-0 7-6(7),3,R32,77.0,6.0,2.0,60.0,27.0,23.0,20.0,9.0,3.0,4.0,2.0,4.0,59.0,34.0,20.0,11.0,9.0,4.0,8.0
2011-402,Memphis,Hard,32,500,I,20110214,3,ME82,,,Adrian Mannarino,L,180.0,FRA,22.628,61.0,798.0,H571,,Q,Jan Hajek,R,180.0,CZE,27.524,101.0,525.0,6-2 6-2,3,R32,60.0,4.0,2.0,47.0,27.0,21.0,12.0,8.0,3.0,4.0,4.0,1.0,44.0,26.0,15.0,6.0,8.0,2.0,7.0
2011-402,Memphis,Hard,32,500,I,20110214,4,H432,,,Lleyton Hewitt,R,178.0,AUS,29.971,70.0,700.0,L575,7.0,,Yen-Hsun Lu,R,180.0,TPE,27.504,37.0,1104.0,6-4 7-6(3),3,R32,88.0,5.0,3.0,66.0,37.0,29.0,17.0,11.0,0.0,1.0,5.0,6.0,66.0,40.0,26.0,16.0,11.0,3.0,5.0
2011-402,Memphis,Hard,32,500,I,20110214,5,S963,,,Florent Serra,R,180.0,FRA,29.96,75.0,631.0,M680,9.0,,Xavier Malisse,R,185.0,BEL,30.574,45.0,1001.0,6-2 1-0 RET,3,R32,41.0,4.0,1.0,23.0,17.0,12.0,3.0,4.0,0.0,1.0,3.0,0.0,37.0,20.0,10.0,6.0,5.0,5.0,9.0
2011-402,Memphis,Hard,32,500,I,20110214,6,R368,,Q,Michael Russell,R,173.0,USA,32.791,107.0,506.0,K336,,,Ivo Karlovic,R,211.0,CRO,31.962,115.0,475.0,6-1 7-6(1),3,R32,65.0,5.0,2.0,47.0,31.0,29.0,11.0,9.0,0.0,0.0,8.0,2.0,64.0,40.0,28.0,10.0,10.0,5.0,8.0
2011-402,Memphis,Hard,32,500,I,20110214,7,D646,,,Ivan Dodig,R,183.0,CRO,26.116,62.0,794.0,S636,,,Rainer Schuettler,R,180.0,GER,34.806,95.0,562.0,3-6 6-3 6-4,3,R32,130.0,10.0,7.0,88.0,45.0,34.0,22.0,14.0,6.0,8.0,5.0,0.0,84.0,46.0,34.0,19.0,14.0,4.0,7.0
2011-402,Memphis,Hard,32,500,I,20110214,8,D683,,WC,Juan Martin del Potro,R,198.0,ARG,22.393,298.0,155.0,I186,6.0,,John Isner,R,208.0,USA,25.804,24.0,1510.0,6-4 6-3,3,R32,74.0,8.0,1.0,52.0,33.0,27.0,11.0,9.0,3.0,3.0,12.0,4.0,62.0,33.0,23.0,13.0,10.0,1.0,4.0
2011-402,Memphis,Hard,32,500,I,20110214,9,Q927,5.0,,Sam Querrey,R,198.0,USA,23.357,18.0,1860.0,I165,,,Denis Istomin,R,185.0,UZB,24.438,53.0,906.0,6-7(5) 7-6(5) 6-4,3,R32,142.0,19.0,5.0,109.0,58.0,51.0,28.0,17.0,3.0,3.0,10.0,3.0,120.0,87.0,66.0,18.0,17.0,1.0,2.0
2011-402,Memphis,Hard,32,500,I,20110214,10,D556,,,Brian Dabul,L,170.0,ARG,26.973,99.0,534.0,P701,,,Michal Przysiezny,R,185.0,POL,26.995,102.0,523.0,7-5 6-4,3,R32,90.0,2.0,1.0,65.0,44.0,36.0,12.0,11.0,1.0,1.0,3.0,1.0,65.0,40.0,28.0,16.0,11.0,3.0,5.0
2011-402,Memphis,Hard,32,500,I,20110214,11,L797,,,Lukas Lacko,R,188.0,SVK,23.283,109.0,504.0,SC56,,,Dudi Sela,R,175.0,ISR,25.864,91.0,568.0,6-7(4) 7-5 6-3,3,R32,138.0,5.0,2.0,123.0,64.0,44.0,35.0,17.0,9.0,12.0,3.0,3.0,101.0,67.0,47.0,16.0,16.0,6.0,11.0
2011-402,Memphis,Hard,32,500,I,20110214,12,F339,4.0,,Mardy Fish,R,188.0,USA,29.183,17.0,1956.0,G681,,,Teymuraz Gabashvili,R,185.0,GEO,25.73,77.0,626.0,6-1 7-5,3,R32,87.0,9.0,3.0,61.0,37.0,31.0,10.0,10.0,1.0,2.0,2.0,3.0,59.0,32.0,20.0,12.0,9.0,2.0,6.0
2011-402,Memphis,Hard,32,500,I,20110214,13,K448,,Q,Robert Kendrick,R,191.0,USA,31.25,110.0,503.0,A678,8.0,,Kevin Anderson,R,203.0,RSA,24.745,40.0,1064.0,5-7 6-3 7-6(4),3,R32,154.0,13.0,3.0,107.0,63.0,50.0,25.0,17.0,5.0,7.0,20.0,3.0,131.0,87.0,63.0,19.0,16.0,16.0,18.0
2011-402,Memphis,Hard,32,500,I,20110214,14,B676,,WC,James Blake,R,185.0,USA,31.132,164.0,335.0,M708,,,Ricardo Mello,L,175.0,BRA,30.149,80.0,622.0,6-4 6-3,3,R32,66.0,3.0,3.0,60.0,31.0,22.0,17.0,9.0,4.0,5.0,0.0,3.0,62.0,39.0,24.0,10.0,10.0,2.0,6.0
2011-402,Memphis,Hard,32,500,I,20110214,15,S694,,,Radek Stepanek,R,185.0,CZE,32.216,65.0,770.0,B896,,,Benjamin Becker,R,178.0,GER,29.665,57.0,870.0,6-4 6-2,3,R32,86.0,5.0,1.0,67.0,34.0,26.0,18.0,9.0,6.0,7.0,5.0,2.0,65.0,34.0,26.0,9.0,9.0,5.0,9.0
2011-402,Memphis,Hard,32,500,I,20110214,16,R975,,WC,Milos Raonic,R,196.0,CAN,20.134,59.0,837.0,V306,2.0,,Fernando Verdasco,L,188.0,ESP,27.25,9.0,3140.0,6-4 3-6 7-6(5),3,R32,122.0,16.0,4.0,85.0,59.0,49.0,14.0,15.0,1.0,2.0,12.0,4.0,107.0,70.0,53.0,21.0,16.0,9.0,10.0
2011-402,Memphis,Hard,32,500,I,20110214,17,R485,1.0,,Andy Roddick,R,188.0,USA,28.46,8.0,3325.0,T742,,,Janko Tipsarevic,R,180.0,SRB,26.648,51.0,935.0,6-1 7-6(8),3,R16,91.0,14.0,4.0,61.0,39.0,31.0,12.0,10.0,0.0,1.0,5.0,3.0,66.0,35.0,24.0,15.0,9.0,3.0,6.0
2011-402,Memphis,Hard,32,500,I,20110214,18,H432,,,Lleyton Hewitt,R,178.0,AUS,29.971,70.0,700.0,ME82,,,Adrian Mannarino,L,180.0,FRA,22.628,61.0,798.0,6-7(9) 7-5 6-0,3,R16,158.0,12.0,3.0,107.0,62.0,44.0,25.0,15.0,8.0,11.0,9.0,4.0,119.0,58.0,39.0,25.0,15.0,10.0,17.0
2011-402,Memphis,Hard,32,500,I,20110214,19,R368,,Q,Michael Russell,R,173.0,USA,32.791,107.0,506.0,S963,,,Florent Serra,R,180.0,FRA,29.96,75.0,631.0,6-4 6-4,3,R16,59.0,11.0,1.0,46.0,31.0,29.0,11.0,10.0,0.0,0.0,4.0,3.0,56.0,34.0,26.0,11.0,10.0,5.0,7.0
2011-402,Memphis,Hard,32,500,I,20110214,20,D683,,WC,Juan Martin del Potro,R,198.0,ARG,22.393,298.0,155.0,D646,,,Ivan Dodig,R,183.0,CRO,26.116,62.0,794.0,6-4 6-4,3,R16,85.0,4.0,2.0,56.0,33.0,28.0,13.0,10.0,1.0,1.0,6.0,0.0,53.0,24.0,18.0,17.0,10.0,2.0,4.0
2011-402,Memphis,Hard,32,500,I,20110214,21,Q927,5.0,,Sam Querrey,R,198.0,USA,23.357,18.0,1860.0,D556,,,Brian Dabul,L,170.0,ARG,26.973,99.0,534.0,6-3 7-6(3),3,R16,80.0,8.0,6.0,64.0,35.0,31.0,15.0,11.0,2.0,3.0,5.0,2.0,62.0,45.0,29.0,10.0,10.0,2.0,4.0
2011-402,Memphis,Hard,32,500,I,20110214,22,F339,4.0,,Mardy Fish,R,188.0,USA,29.183,17.0,1956.0,L797,,,Lukas Lacko,R,188.0,SVK,23.283,109.0,504.0,6-7(5) 6-4 7-6(3),3,R16,160.0,11.0,6.0,107.0,60.0,45.0,29.0,17.0,2.0,4.0,5.0,4.0,122.0,68.0,48.0,28.0,17.0,11.0,14.0
2011-402,Memphis,Hard,32,500,I,20110214,23,K448,,Q,Robert Kendrick,R,191.0,USA,31.25,110.0,503.0,B676,,WC,James Blake,R,185.0,USA,31.132,164.0,335.0,7-6(5) 6-3,3,R16,69.0,8.0,4.0,73.0,38.0,29.0,18.0,10.0,1.0,2.0,7.0,2.0,63.0,45.0,32.0,8.0,11.0,3.0,6.0
2011-402,Memphis,Hard,32,500,I,20110214,24,R975,,WC,Milos Raonic,R,196.0,CAN,20.134,59.0,837.0,S694,,,Radek Stepanek,R,185.0,CZE,32.216,65.0,770.0,6-4 6-7(10) 7-6(1),3,R16,152.0,38.0,4.0,116.0,78.0,64.0,20.0,17.0,2.0,3.0,8.0,3.0,119.0,77.0,57.0,21.0,17.0,6.0,8.0
2011-402,Memphis,Hard,32,500,I,20110214,25,R485,1.0,,Andy Roddick,R,188.0,USA,28.46,8.0,3325.0,H432,,,Lleyton Hewitt,R,178.0,AUS,29.971,70.0,700.0,4-6 6-3 6-4,3,QF,133.0,21.0,6.0,98.0,58.0,46.0,20.0,15.0,3.0,4.0,11.0,6.0,106.0,53.0,40.0,25.0,14.0,9.0,11.0
2011-402,Memphis,Hard,32,500,I,20110214,26,D683,,WC,Juan Martin del Potro,R,198.0,ARG,22.393,298.0,155.0,R368,,Q,Michael Russell,R,173.0,USA,32.791,107.0,506.0,6-4 6-2,3,QF,88.0,7.0,0.0,53.0,30.0,25.0,14.0,9.0,0.0,0.0,2.0,5.0,57.0,33.0,23.0,9.0,9.0,2.0,5.0
2011-402,Memphis,Hard,32,500,I,20110214,27,F339,4.0,,Mardy Fish,R,188.0,USA,29.183,17.0,1956.0,Q927,5.0,,Sam Querrey,R,198.0,USA,23.357,18.0,1860.0,6-3 6-4,3,QF,79.0,8.0,0.0,61.0,37.0,25.0,17.0,10.0,3.0,4.0,4.0,4.0,60.0,33.0,25.0,9.0,9.0,2.0,5.0
2011-402,Memphis,Hard,32,500,I,20110214,28,R975,,WC,Milos Raonic,R,196.0,CAN,20.134,59.0,837.0,K448,,Q,Robert Kendrick,R,191.0,USA,31.25,110.0,503.0,6-4 3-6 6-3,3,QF,113.0,20.0,4.0,94.0,62.0,48.0,14.0,14.0,8.0,9.0,4.0,1.0,78.0,43.0,36.0,18.0,14.0,3.0,5.0
2011-402,Memphis,Hard,32,500,I,20110214,29,R485,1.0,,Andy Roddick,R,188.0,USA,28.46,8.0,3325.0,D683,,WC,Juan Martin del Potro,R,198.0,ARG,22.393,298.0,155.0,6-3 6-4,3,SF,95.0,13.0,1.0,56.0,35.0,30.0,10.0,10.0,1.0,2.0,8.0,0.0,69.0,36.0,22.0,18.0,9.0,7.0,10.0
2011-402,Memphis,Hard,32,500,I,20110214,30,R975,,WC,Milos Raonic,R,196.0,CAN,20.134,59.0,837.0,F339,4.0,,Mardy Fish,R,188.0,USA,29.183,17.0,1956.0,6-4 4-6 6-3,3,SF,119.0,23.0,3.0,84.0,55.0,47.0,12.0,14.0,5.0,6.0,3.0,2.0,81.0,43.0,33.0,22.0,15.0,2.0,5.0
2011-402,Memphis,Hard,32,500,I,20110214,31,R485,1.0,,Andy Roddick,R,188.0,USA,28.46,8.0,3325.0,R975,,WC,Milos Raonic,R,196.0,CAN,20.134,59.0,837.0,7-6(7) 6-7(11) 7-5,3,F,157.0,20.0,4.0,113.0,67.0,54.0,31.0,18.0,6.0,8.0,32.0,3.0,123.0,74.0,61.0,26.0,18.0,7.0,10.0
2011-496,Marseille,Hard,28,250,I,20110214,1,M873,,WC,Nicolas Mahut,R,191.0,FRA,29.065,89.0,574.0,K861,,Q,Andrey Kumantsov,,,RUS,24.531,365.0,119.0,6-2 6-0,3,R32,50.0,7.0,2.0,36.0,17.0,16.0,13.0,7.0,3.0,3.0,2.0,2.0,43.0,27.0,15.0,3.0,7.0,3.0,8.0
2011-496,Marseille,Hard,28,250,I,20110214,2,K839,,,Tobias Kamke,R,178.0,GER,24.736,69.0,701.0,SJ63,,Q,Thomas Schoorel,L,203.0,NED,21.854,168.0,331.0,6-0 6-2,3,R32,62.0,2.0,0.0,42.0,29.0,21.0,10.0,7.0,2.0,2.0,2.0,2.0,53.0,34.0,20.0,5.0,7.0,9.0,14.0
2011-496,Marseille,Hard,28,250,I,20110214,3,L428,8.0,,Michael Llodra,L,191.0,FRA,30.743,23.0,1575.0,B747,,,Julien Benneteau,R,185.0,FRA,29.153,66.0,750.0,6-4 4-6 6-3,3,R32,100.0,10.0,7.0,80.0,52.0,45.0,14.0,15.0,2.0,3.0,3.0,0.0,72.0,53.0,39.0,14.0,14.0,1.0,3.0
2011-496,Marseille,Hard,28,250,I,20110214,4,SA93,,,Andreas Seppi,R,191.0,ITA,26.982,47.0,980.0,H756,,,Robin Haase,R,191.0,NED,23.86,54.0,903.0,5-7 6-4 7-6(2),3,R32,150.0,3.0,2.0,113.0,68.0,46.0,29.0,17.0,4.0,6.0,19.0,2.0,110.0,59.0,46.0,24.0,17.0,4.0,6.0
2011-496,Marseille,Hard,28,250,I,20110214,5,T315,,,Dmitry Tursunov,R,185.0,RUS,28.175,129.0,428.0,D875,,WC,Grigor Dimitrov,R,191.0,BUL,19.751,84.0,598.0,6-7(6) 7-5 7-6(4),3,R32,160.0,12.0,8.0,123.0,69.0,57.0,30.0,18.0,4.0,4.0,17.0,3.0,105.0,59.0,52.0,27.0,18.0,1.0,2.0
2011-496,Marseille,Hard,28,250,I,20110214,6,L360,5.0,,Ivan Ljubicic,R,193.0,CRO,31.91,14.0,2145.0,G806,,,Andrey Golubev,R,180.0,KAZ,23.567,42.0,1055.0,6-2 6-4,3,R32,66.0,6.0,1.0,48.0,30.0,26.0,11.0,9.0,1.0,1.0,1.0,4.0,51.0,28.0,17.0,12.0,9.0,3.0,6.0
2011-496,Marseille,Hard,28,250,I,20110214,7,T786,6.0,,Jo-Wilfried Tsonga,R,188.0,FRA,25.829,16.0,1975.0,PD31,,WC,Benoit Paire,R,196.0,FRA,21.771,120.0,464.0,6-1 6-2,3,R32,56.0,10.0,4.0,53.0,33.0,30.0,7.0,8.0,4.0,4.0,0.0,2.0,44.0,26.0,14.0,9.0,7.0,1.0,5.0
2011-496,Marseille,Hard,28,250,I,20110214,8,SC77,,,Sergiy Stakhovsky,R,193.0,UKR,25.106,43.0,1050.0,ME89,,,Illya Marchenko,R,185.0,UKR,23.436,88.0,574.0,6-4 6-3,3,R32,78.0,4.0,0.0,53.0,30.0,22.0,15.0,10.0,1.0,3.0,3.0,4.0,48.0,26.0,16.0,8.0,9.0,0.0,4.0
2011-496,Marseille,Hard,28,250,I,20110214,9,SD32,,,Gilles Simon,R,183.0,FRA,26.133,33.0,1255.0,D402,,,Nikolay Davydenko,R,178.0,RUS,29.703,39.0,1070.0,7-6(6) 6-4,3,R32,99.0,4.0,2.0,69.0,41.0,31.0,14.0,11.0,0.0,3.0,2.0,3.0,70.0,34.0,23.0,14.0,11.0,2.0,6.0
2011-496,Marseille,Hard,28,250,I,20110214,10,P624,,,Philipp Petzschner,R,185.0,GER,26.894,60.0,799.0,G858,7.0,,Ernests Gulbis,R,191.0,LAT,22.459,22.0,1575.0,7-6(2) 6-1,3,R32,75.0,11.0,3.0,60.0,29.0,28.0,17.0,10.0,3.0,3.0,11.0,4.0,66.0,48.0,33.0,8.0,9.0,9.0,11.0
2011-496,Marseille,Hard,28,250,I,20110214,11,C977,,,Marin Cilic,R,198.0,CRO,22.379,28.0,1395.0,B752,,Q,Stephane Bohli,R,185.0,SUI,27.559,148.0,373.0,6-7(6) 6-3 6-2,3,R32,121.0,16.0,2.0,81.0,46.0,42.0,24.0,15.0,0.0,0.0,7.0,1.0,87.0,52.0,38.0,19.0,14.0,4.0,7.0
2011-496,Marseille,Hard,28,250,I,20110214,12,R613,,Q,Edouard Roger-Vasselin,R,185.0,FRA,27.214,122.0,457.0,C487,,,Arnaud Clement,R,173.0,FRA,33.161,104.0,517.0,6-3 6-2,3,R32,80.0,4.0,1.0,49.0,30.0,25.0,12.0,9.0,0.0,0.0,10.0,2.0,54.0,26.0,21.0,10.0,8.0,3.0,6.0
2011-496,Marseille,Hard,28,250,I,20110214,13,SA49,1.0,,Robin Soderling,R,193.0,SWE,26.502,4.0,5955.0,M873,,WC,Nicolas Mahut,R,191.0,FRA,29.065,89.0,574.0,7-6(8) 7-6(5),3,R16,101.0,12.0,4.0,80.0,52.0,43.0,15.0,12.0,2.0,3.0,10.0,1.0,77.0,54.0,42.0,14.0,12.0,1.0,2.0
2011-496,Marseille,Hard,28,250,I,20110214,14,L428,8.0,,Michael Llodra,L,191.0,FRA,30.743,23.0,1575.0,K839,,,Tobias Kamke,R,178.0,GER,24.736,69.0,701.0,6-3 6-4,3,R16,70.0,12.0,3.0,58.0,32.0,27.0,16.0,10.0,2.0,2.0,1.0,2.0,55.0,34.0,22.0,12.0,9.0,3.0,5.0
2011-496,Marseille,Hard,28,250,I,20110214,15,M762,4.0,,Jurgen Melzer,L,183.0,AUT,29.733,10.0,2865.0,SA93,,,Andreas Seppi,R,191.0,ITA,26.982,47.0,980.0,7-5 6-3,3,R16,86.0,11.0,1.0,67.0,41.0,29.0,15.0,10.0,6.0,7.0,2.0,0.0,64.0,37.0,19.0,18.0,11.0,8.0,12.0
2011-496,Marseille,Hard,28,250,I,20110214,16,T315,,,Dmitry Tursunov,R,185.0,RUS,28.175,129.0,428.0,L360,5.0,,Ivan Ljubicic,R,193.0,CRO,31.91,14.0,2145.0,7-6(4) 6-3,3,R16,79.0,6.0,1.0,64.0,45.0,36.0,13.0,11.0,0.0,0.0,15.0,2.0,59.0,41.0,33.0,6.0,10.0,0.0,1.0
2011-496,Marseille,Hard,28,250,I,20110214,17,T786,6.0,,Jo-Wilfried Tsonga,R,188.0,FRA,25.829,16.0,1975.0,SC77,,,Sergiy Stakhovsky,R,193.0,UKR,25.106,43.0,1050.0,5-7 6-4 6-2,3,R16,109.0,11.0,1.0,81.0,50.0,44.0,16.0,15.0,0.0,1.0,11.0,0.0,93.0,60.0,43.0,14.0,15.0,1.0,4.0
2011-496,Marseille,Hard,28,250,I,20110214,18,Y061,3.0,,Mikhail Youzhny,R,183.0,RUS,28.641,11.0,2710.0,SD32,,,Gilles Simon,R,183.0,FRA,26.133,33.0,1255.0,3-6 6-3 6-3,3,R16,113.0,5.0,2.0,68.0,43.0,30.0,14.0,13.0,2.0,5.0,12.0,3.0,90.0,42.0,36.0,17.0,14.0,6.0,11.0
2011-496,Marseille,Hard,28,250,I,20110214,19,C977,,,Marin Cilic,R,198.0,CRO,22.379,28.0,1395.0,P624,,,Philipp Petzschner,R,185.0,GER,26.894,60.0,799.0,7-6(3) 6-3,3,R16,102.0,6.0,1.0,73.0,33.0,23.0,26.0,11.0,3.0,4.0,1.0,3.0,76.0,37.0,27.0,19.0,10.0,4.0,6.0
2011-496,Marseille,Hard,28,250,I,20110214,20,BA47,2.0,,Tomas Berdych,R,196.0,CZE,25.41,7.0,4320.0,R613,,Q,Edouard Roger-Vasselin,R,185.0,FRA,27.214,122.0,457.0,6-3 6-4,3,R16,74.0,11.0,3.0,55.0,38.0,34.0,8.0,10.0,0.0,0.0,2.0,0.0,52.0,36.0,22.0,11.0,9.0,6.0,8.0
2011-496,Marseille,Hard,28,250,I,20110214,21,SA49,1.0,,Robin Soderling,R,193.0,SWE,26.502,4.0,5955.0,L428,8.0,,Michael Llodra,L,191.0,FRA,30.743,23.0,1575.0,6-1 6-4,3,QF,63.0,13.0,3.0,63.0,45.0,34.0,10.0,9.0,5.0,5.0,4.0,3.0,51.0,36.0,20.0,8.0,8.0,3.0,6.0
2011-496,Marseille,Hard,28,250,I,20110214,22,T315,,,Dmitry Tursunov,R,185.0,RUS,28.175,129.0,428.0,M762,4.0,,Jurgen Melzer,L,183.0,AUT,29.733,10.0,2865.0,6-4 2-6 6-1,3,QF,102.0,3.0,2.0,82.0,51.0,35.0,15.0,13.0,4.0,7.0,10.0,5.0,74.0,32.0,25.0,19.0,12.0,3.0,7.0
2011-496,Marseille,Hard,28,250,I,20110214,23,Y061,3.0,,Mikhail Youzhny,R,183.0,RUS,28.641,11.0,2710.0,T786,6.0,,Jo-Wilfried Tsonga,R,188.0,FRA,25.829,16.0,1975.0,6-4 2-6 6-4,3,QF,119.0,2.0,1.0,81.0,51.0,35.0,18.0,14.0,1.0,3.0,17.0,3.0,87.0,52.0,43.0,17.0,14.0,9.0,11.0
2011-496,Marseille,Hard,28,250,I,20110214,24,C977,,,Marin Cilic,R,198.0,CRO,22.379,28.0,1395.0,BA47,2.0,,Tomas Berdych,R,196.0,CZE,25.41,7.0,4320.0,6-3 6-4,3,QF,82.0,4.0,2.0,49.0,28.0,24.0,14.0,9.0,1.0,1.0,8.0,1.0,59.0,39.0,27.0,10.0,10.0,3.0,6.0
2011-496,Marseille,Hard,28,250,I,20110214,25,SA49,1.0,,Robin Soderling,R,193.0,SWE,26.502,4.0,5955.0,T315,,,Dmitry Tursunov,R,185.0,RUS,28.175,129.0,428.0,7-5 6-1,3,SF,75.0,11.0,2.0,53.0,30.0,26.0,16.0,10.0,0.0,0.0,5.0,6.0,56.0,28.0,20.0,11.0,9.0,3.0,6.0
2011-496,Marseille,Hard,28,250,I,20110214,26,C977,,,Marin Cilic,R,198.0,CRO,22.379,28.0,1395.0,Y061,3.0,,Mikhail Youzhny,R,183.0,RUS,28.641,11.0,2710.0,6-2 1-6 7-5,3,SF,127.0,12.0,3.0,90.0,48.0,34.0,20.0,13.0,6.0,9.0,12.0,1.0,84.0,54.0,42.0,10.0,14.0,5.0,9.0
2011-496,Marseille,Hard,28,250,I,20110214,27,SA49,1.0,,Robin Soderling,R,193.0,SWE,26.502,4.0,5955.0,C977,,,Marin Cilic,R,198.0,CRO,22.379,28.0,1395.0,6-7(8) 6-3 6-3,3,F,126.0,12.0,1.0,94.0,66.0,50.0,16.0,15.0,2.0,4.0,16.0,5.0,103.0,59.0,46.0,15.0,15.0,3.0,8.0
2011-506,Buenos Aires,Clay,32,250,O,20110214,1,A479,1.0,,Nicolas Almagro,R,183.0,ESP,25.484,13.0,2320.0,G817,,Q,Pablo Galdon,R,,ARG,25.213,305.0,153.0,6-1 6-2,3,R32,57.0,7.0,1.0,47.0,26.0,19.0,15.0,8.0,3.0,3.0,1.0,0.0,40.0,24.0,13.0,8.0,7.0,1.0,5.0
2011-506,Buenos Aires,Clay,32,250,O,20110214,2,MD56,,,Leonardo Mayer,R,191.0,ARG,23.754,100.0,527.0,D874,,WC,Federico Delbonis,L,193.0,ARG,20.361,146.0,381.0,7-6(1) 7-5,3,R32,106.0,3.0,0.0,66.0,45.0,33.0,14.0,12.0,0.0,2.0,3.0,1.0,78.0,47.0,32.0,14.0,12.0,2.0,5.0
2011-506,Buenos Aires,Clay,32,250,O,20110214,3,C882,,,Pablo Cuevas,R,180.0,URU,25.12,64.0,780.0,K540,,,Lukasz Kubot,R,191.0,POL,28.75,135.0,395.0,5-7 7-5 6-3,3,R32,141.0,5.0,0.0,104.0,62.0,43.0,23.0,17.0,6.0,10.0,3.0,4.0,86.0,53.0,34.0,19.0,16.0,0.0,5.0
2011-506,Buenos Aires,Clay,32,250,O,20110214,4,A389,,WC,Jose Acasuso,R,191.0,ARG,28.32,256.0,184.0,D801,7.0,,Alexandr Dolgopolov,R,180.0,UKR,22.27,29.0,1388.0,6-2 6-4,3,R32,75.0,2.0,0.0,52.0,29.0,19.0,20.0,9.0,2.0,2.0,5.0,0.0,59.0,36.0,21.0,14.0,9.0,3.0,6.0
2011-506,Buenos Aires,Clay,32,250,O,20110214,5,N301,3.0,,David Nalbandian,R,180.0,ARG,29.12,20.0,1655.0,S843,,,Potito Starace,R,188.0,ITA,29.588,46.0,990.0,6-4 6-4,3,R32,76.0,1.0,1.0,56.0,37.0,27.0,12.0,10.0,2.0,3.0,3.0,2.0,64.0,52.0,32.0,6.0,10.0,2.0,5.0
2011-506,Buenos Aires,Clay,32,250,O,20110214,6,B764,,Q,Juan Pablo Brzezicki,R,178.0,ARG,28.843,196.0,275.0,V254,,,Filippo Volandri,R,183.0,ITA,29.443,87.0,584.0,6-1 6-3,3,R32,73.0,0.0,0.0,49.0,37.0,24.0,7.0,8.0,2.0,4.0,0.0,2.0,57.0,44.0,18.0,6.0,8.0,3.0,9.0
2011-506,Buenos Aires,Clay,32,250,O,20110214,7,R772,,Q,Albert Ramos-Vinolas,L,188.0,ESP,23.077,116.0,470.0,SG64,,,Joao Souza,R,193.0,BRA,22.719,126.0,444.0,6-4 6-0,3,R32,75.0,0.0,1.0,43.0,30.0,27.0,6.0,8.0,1.0,1.0,3.0,3.0,52.0,30.0,16.0,10.0,8.0,2.0,6.0
2011-506,Buenos Aires,Clay,32,250,O,20110214,8,R419,6.0,,Tommy Robredo,R,180.0,ESP,28.791,32.0,1265.0,G585,,WC,Maximo Gonzalez,R,173.0,ARG,27.573,127.0,434.0,7-5 6-2,3,R32,94.0,1.0,2.0,66.0,48.0,38.0,8.0,10.0,3.0,3.0,0.0,1.0,66.0,48.0,33.0,6.0,10.0,3.0,6.0
2011-506,Buenos Aires,Clay,32,250,O,20110214,9,C514,8.0,,Juan Ignacio Chela,R,191.0,ARG,31.461,35.0,1165.0,MA49,,,Rui Machado,R,178.0,POR,26.847,85.0,598.0,4-6 6-2 6-2,3,R32,120.0,1.0,0.0,80.0,53.0,31.0,20.0,13.0,2.0,4.0,2.0,1.0,88.0,69.0,41.0,8.0,13.0,5.0,10.0
2011-506,Buenos Aires,Clay,32,250,O,20110214,10,Z184,,,Horacio Zeballos,L,188.0,ARG,25.802,97.0,552.0,A596,,,Pablo Andujar,R,180.0,ESP,25.06,67.0,740.0,7-6(3) 6-2,3,R32,103.0,3.0,0.0,71.0,44.0,31.0,17.0,10.0,5.0,6.0,0.0,3.0,64.0,37.0,22.0,16.0,10.0,4.0,7.0
2011-506,Buenos Aires,Clay,32,250,O,20110214,11,F510,,,Fabio Fognini,R,178.0,ITA,23.729,55.0,900.0,G717,,,Fred Gil,R,173.0,POR,25.895,86.0,595.0,1-6 6-2 6-2,3,R32,109.0,2.0,5.0,72.0,42.0,27.0,18.0,11.0,5.0,7.0,2.0,2.0,89.0,62.0,37.0,14.0,12.0,8.0,12.0
2011-506,Buenos Aires,Clay,32,250,O,20110214,12,M824,4.0,,Albert Montanes,R,175.0,ESP,30.218,25.0,1450.0,R383,,,Ruben Ramirez Hidalgo,R,183.0,ESP,33.106,76.0,628.0,6-1 7-6(0),3,R32,105.0,4.0,1.0,57.0,33.0,24.0,16.0,10.0,2.0,4.0,0.0,6.0,82.0,49.0,28.0,14.0,9.0,14.0,18.0
2011-506,Buenos Aires,Clay,32,250,O,20110214,13,MA21,5.0,,Juan Monaco,R,185.0,ARG,26.88,30.0,1375.0,N309,,Q,Ivan Navarro,R,183.0,ESP,29.322,195.0,277.0,6-2 7-6(2),3,R32,93.0,4.0,1.0,55.0,37.0,33.0,13.0,10.0,4.0,4.0,7.0,2.0,68.0,47.0,29.0,10.0,10.0,3.0,5.0
2011-506,Buenos Aires,Clay,32,250,O,20110214,14,SE66,,,Eduardo Schwank,R,183.0,ARG,24.813,111.0,500.0,A511,,,Igor Andreev,R,185.0,RUS,27.589,82.0,609.0,6-4 7-6(5),3,R32,92.0,4.0,4.0,64.0,41.0,32.0,14.0,11.0,0.0,1.0,3.0,2.0,67.0,37.0,30.0,16.0,11.0,5.0,7.0
2011-506,Buenos Aires,Clay,32,250,O,20110214,15,H528,,,Victor Hanescu,R,198.0,ROU,29.569,56.0,880.0,G676,,,Daniel Gimeno-Traver,R,183.0,ESP,25.522,58.0,844.0,6-3 7-6(2),3,R32,96.0,1.0,2.0,72.0,43.0,31.0,15.0,11.0,1.0,3.0,4.0,1.0,70.0,40.0,27.0,12.0,10.0,4.0,7.0
2011-506,Buenos Aires,Clay,32,250,O,20110214,16,W367,2.0,,Stan Wawrinka,R,183.0,SUI,25.884,15.0,2125.0,B884,,,Carlos Berlocq,R,183.0,ARG,28.03,73.0,682.0,6-4 3-6 6-3,3,R32,142.0,2.0,6.0,94.0,54.0,33.0,19.0,14.0,8.0,13.0,2.0,1.0,83.0,56.0,32.0,14.0,14.0,5.0,11.0
2011-506,Buenos Aires,Clay,32,250,O,20110214,17,A479,1.0,,Nicolas Almagro,R,183.0,ESP,25.484,13.0,2320.0,MD56,,,Leonardo Mayer,R,191.0,ARG,23.754,100.0,527.0,6-7(3) 6-1 6-3,3,R16,134.0,9.0,2.0,86.0,48.0,41.0,22.0,14.0,3.0,4.0,2.0,2.0,91.0,50.0,35.0,19.0,14.0,3.0,8.0
2011-506,Buenos Aires,Clay,32,250,O,20110214,18,A389,,WC,Jose Acasuso,R,191.0,ARG,28.32,256.0,184.0,C882,,,Pablo Cuevas,R,180.0,URU,25.12,64.0,780.0,6-7(2) 7-5 6-1,3,R16,162.0,4.0,0.0,108.0,70.0,50.0,19.0,16.0,7.0,9.0,3.0,1.0,98.0,57.0,39.0,21.0,15.0,7.0,12.0
2011-506,Buenos Aires,Clay,32,250,O,20110214,19,N301,3.0,,David Nalbandian,R,180.0,ARG,29.12,20.0,1655.0,B764,,Q,Juan Pablo Brzezicki,R,178.0,ARG,28.843,196.0,275.0,6-1 6-2,3,R16,69.0,0.0,2.0,39.0,31.0,20.0,4.0,7.0,1.0,3.0,0.0,1.0,66.0,49.0,16.0,7.0,8.0,7.0,14.0
2011-506,Buenos Aires,Clay,32,250,O,20110214,20,R419,6.0,,Tommy Robredo,R,180.0,ESP,28.791,32.0,1265.0,R772,,Q,Albert Ramos-Vinolas,L,188.0,ESP,23.077,116.0,470.0,6-3 7-5,3,R16,107.0,1.0,3.0,58.0,37.0,29.0,11.0,11.0,1.0,3.0,2.0,3.0,71.0,44.0,26.0,14.0,10.0,6.0,10.0
2011-506,Buenos Aires,Clay,32,250,O,20110214,21,C514,8.0,,Juan Ignacio Chela,R,191.0,ARG,31.461,35.0,1165.0,Z184,,,Horacio Zeballos,L,188.0,ARG,25.802,97.0,552.0,7-5 6-2,3,R16,86.0,1.0,1.0,54.0,34.0,26.0,15.0,10.0,3.0,3.0,3.0,0.0,63.0,45.0,32.0,6.0,10.0,3.0,6.0
2011-506,Buenos Aires,Clay,32,250,O,20110214,22,M824,4.0,,Albert Montanes,R,175.0,ESP,30.218,25.0,1450.0,F510,,,Fabio Fognini,R,178.0,ITA,23.729,55.0,900.0,6-2 4-6 6-4,3,R16,143.0,3.0,3.0,97.0,70.0,44.0,17.0,14.0,7.0,9.0,6.0,4.0,91.0,59.0,38.0,16.0,14.0,5.0,9.0
2011-506,Buenos Aires,Clay,32,250,O,20110214,23,MA21,5.0,,Juan Monaco,R,185.0,ARG,26.88,30.0,1375.0,SE66,,,Eduardo Schwank,R,183.0,ARG,24.813,111.0,500.0,7-6(5) 6-2,3,R16,113.0,2.0,3.0,64.0,47.0,31.0,8.0,10.0,3.0,6.0,2.0,0.0,81.0,50.0,26.0,17.0,10.0,8.0,13.0
2011-506,Buenos Aires,Clay,32,250,O,20110214,24,W367,2.0,,Stan Wawrinka,R,183.0,SUI,25.884,15.0,2125.0,H528,,,Victor Hanescu,R,198.0,ROU,29.569,56.0,880.0,6-7(2) 6-1 7-6(4),3,R16,169.0,5.0,1.0,101.0,64.0,48.0,22.0,16.0,1.0,2.0,7.0,2.0,109.0,76.0,57.0,11.0,15.0,4.0,7.0
2011-506,Buenos Aires,Clay,32,250,O,20110214,25,A479,1.0,,Nicolas Almagro,R,183.0,ESP,25.484,13.0,2320.0,A389,,WC,Jose Acasuso,R,191.0,ARG,28.32,256.0,184.0,7-5 6-3,3,QF,86.0,3.0,2.0,64.0,34.0,24.0,19.0,11.0,3.0,5.0,1.0,2.0,56.0,26.0,19.0,12.0,10.0,4.0,8.0
2011-506,Buenos Aires,Clay,32,250,O,20110214,26,R419,6.0,,Tommy Robredo,R,180.0,ESP,28.791,32.0,1265.0,N301,3.0,,David Nalbandian,R,180.0,ARG,29.12,20.0,1655.0,6-4 6-4,3,QF,89.0,6.0,2.0,72.0,51.0,36.0,10.0,10.0,1.0,2.0,1.0,1.0,54.0,34.0,20.0,13.0,10.0,5.0,8.0
2011-506,Buenos Aires,Clay,32,250,O,20110214,27,C514,8.0,,Juan Ignacio Chela,R,191.0,ARG,31.461,35.0,1165.0,M824,4.0,,Albert Montanes,R,175.0,ESP,30.218,25.0,1450.0,6-4 3-6 6-3,3,QF,145.0,3.0,1.0,93.0,59.0,30.0,20.0,14.0,3.0,9.0,0.0,3.0,98.0,52.0,27.0,22.0,14.0,7.0,14.0
2011-506,Buenos Aires,Clay,32,250,O,20110214,28,W367,2.0,,Stan Wawrinka,R,183.0,SUI,25.884,15.0,2125.0,MA21,5.0,,Juan Monaco,R,185.0,ARG,26.88,30.0,1375.0,7-5 6-3,3,QF,125.0,5.0,4.0,91.0,56.0,36.0,18.0,11.0,11.0,13.0,1.0,1.0,75.0,49.0,25.0,14.0,10.0,3.0,7.0
2011-506,Buenos Aires,Clay,32,250,O,20110214,29,A479,1.0,,Nicolas Almagro,R,183.0,ESP,25.484,13.0,2320.0,R419,6.0,,Tommy Robredo,R,180.0,ESP,28.791,32.0,1265.0,7-5 6-1,3,SF,84.0,5.0,0.0,46.0,33.0,30.0,10.0,10.0,0.0,0.0,3.0,0.0,65.0,39.0,24.0,13.0,9.0,5.0,8.0
2011-506,Buenos Aires,Clay,32,250,O,20110214,30,C514,8.0,,Juan Ignacio Chela,R,191.0,ARG,31.461,35.0,1165.0,W367,2.0,,Stan Wawrinka,R,183.0,SUI,25.884,15.0,2125.0,6-2 6-2,3,SF,57.0,2.0,0.0,42.0,28.0,24.0,8.0,8.0,0.0,0.0,2.0,0.0,42.0,26.0,14.0,5.0,8.0,0.0,4.0
2011-506,Buenos Aires,Clay,32,250,O,20110214,31,A479,1.0,,Nicolas Almagro,R,183.0,ESP,25.484,13.0,2320.0,C514,8.0,,Juan Ignacio Chela,R,191.0,ARG,31.461,35.0,1165.0,6-3 3-6 6-4,3,F,125.0,1.0,1.0,86.0,54.0,39.0,13.0,14.0,7.0,11.0,2.0,2.0,93.0,61.0,36.0,18.0,14.0,7.0,12.0
2011-495,Dubai,Hard,32,500,O,20110221,1,F324,1.0,,Roger Federer,R,185.0,SUI,29.539,2.0,7965.0,D616,,WC,Somdev Devvarman,R,180.0,IND,26.021,79.0,612.0,6-3 6-3,3,R32,76.0,4.0,4.0,54.0,36.0,30.0,10.0,9.0,2.0,2.0,2.0,3.0,69.0,38.0,24.0,14.0,9.0,4.0,7.0
2011-495,Dubai,Hard,32,500,O,20110221,2,G710,,,Marcel Granollers,R,191.0,ESP,24.862,53.0,933.0,T315,,,Dmitry Tursunov,R,185.0,RUS,28.194,105.0,518.0,6-1 6-3,3,R32,72.0,4.0,1.0,44.0,29.0,23.0,10.0,8.0,0.0,0.0,5.0,2.0,57.0,36.0,21.0,9.0,8.0,9.0,13.0
2011-495,Dubai,Hard,32,500,O,20110221,3,SC77,,,Sergiy Stakhovsky,R,193.0,UKR,25.125,43.0,1050.0,A499,,WC,Omar Alawadhi,R,,UAE,29.098,,,6-4 6-2,3,R32,55.0,3.0,4.0,56.0,38.0,27.0,9.0,9.0,0.0,2.0,0.0,6.0,77.0,42.0,22.0,14.0,9.0,6.0,11.0
2011-495,Dubai,Hard,32,500,O,20110221,4,G858,8.0,,Ernests Gulbis,R,191.0,LAT,22.478,24.0,1415.0,B678,,WC,Michael Berrer,L,193.0,GER,30.642,70.0,690.0,6-3 6-4,3,R32,94.0,10.0,7.0,77.0,48.0,35.0,14.0,10.0,3.0,3.0,4.0,3.0,64.0,39.0,29.0,9.0,9.0,5.0,7.0
2011-495,Dubai,Hard,32,500,O,20110221,5,SD32,,,Gilles Simon,R,183.0,FRA,26.152,33.0,1255.0,Y061,4.0,,Mikhail Youzhny,R,183.0,RUS,28.66,11.0,2710.0,6-3 7-5,3,R32,92.0,8.0,4.0,68.0,30.0,24.0,22.0,11.0,0.0,1.0,0.0,2.0,58.0,34.0,24.0,12.0,10.0,5.0,8.0
2011-495,Dubai,Hard,32,500,O,20110221,6,R685,,Q,Lukas Rosol,R,193.0,CZE,25.58,155.0,359.0,B804,,Q,Karol Beck,R,180.0,SVK,28.887,152.0,363.0,7-6(2) 6-3,3,R32,89.0,14.0,1.0,64.0,33.0,29.0,20.0,11.0,1.0,1.0,4.0,5.0,72.0,36.0,27.0,18.0,10.0,2.0,3.0
2011-495,Dubai,Hard,32,500,O,20110221,7,G628,,,Richard Gasquet,R,183.0,FRA,24.679,28.0,1360.0,D875,,Q,Grigor Dimitrov,R,191.0,BUL,19.77,81.0,598.0,6-2 6-4,3,R32,64.0,9.0,1.0,49.0,37.0,31.0,8.0,9.0,3.0,3.0,3.0,6.0,56.0,29.0,21.0,11.0,9.0,4.0,7.0
2011-495,Dubai,Hard,32,500,O,20110221,8,BC11,,Q,Sergei Bubka,R,188.0,UKR,24.03,342.0,132.0,L360,5.0,,Ivan Ljubicic,R,193.0,CRO,31.929,14.0,2145.0,6-1 0-1 RET,3,R32,41.0,1.0,2.0,25.0,10.0,9.0,9.0,4.0,0.0,0.0,3.0,0.0,32.0,15.0,10.0,7.0,4.0,2.0,4.0
2011-495,Dubai,Hard,32,500,O,20110221,9,K435,,,Philipp Kohlschreiber,R,178.0,GER,27.351,35.0,1180.0,T840,6.0,,Viktor Troicki,R,193.0,SRB,25.029,18.0,1670.0,6-1 7-6(2),3,R32,83.0,4.0,2.0,64.0,35.0,25.0,19.0,10.0,2.0,3.0,5.0,4.0,63.0,28.0,20.0,17.0,9.0,4.0,7.0
2011-495,Dubai,Hard,32,500,O,20110221,10,P624,,,Philipp Petzschner,R,185.0,GER,26.913,73.0,639.0,SA93,,,Andreas Seppi,R,191.0,ITA,27.001,47.0,980.0,3-6 7-6(2) 6-2,3,R32,106.0,14.0,7.0,93.0,46.0,36.0,24.0,14.0,6.0,9.0,8.0,2.0,85.0,43.0,34.0,20.0,15.0,4.0,8.0
2011-495,Dubai,Hard,32,500,O,20110221,11,D402,,,Nikolay Davydenko,R,178.0,RUS,29.722,39.0,1070.0,G476,,,Guillermo Garcia-Lopez,R,185.0,ESP,27.718,23.0,1425.0,6-2 6-0,3,R32,57.0,1.0,1.0,51.0,39.0,25.0,7.0,7.0,4.0,5.0,0.0,5.0,37.0,19.0,7.0,4.0,7.0,2.0,8.0
2011-495,Dubai,Hard,32,500,O,20110221,12,BA47,3.0,,Tomas Berdych,R,196.0,CZE,25.429,7.0,4270.0,CA12,,,Jeremy Chardy,R,188.0,FRA,24.025,51.0,935.0,6-2 6-3,3,R32,66.0,4.0,2.0,39.0,20.0,15.0,15.0,8.0,1.0,2.0,5.0,2.0,55.0,28.0,13.0,12.0,9.0,3.0,8.0
2011-495,Dubai,Hard,32,500,O,20110221,13,G806,,,Andrey Golubev,R,180.0,KAZ,23.587,44.0,1050.0,B837,7.0,,Marcos Baghdatis,R,178.0,CYP,25.681,20.0,1625.0,4-0 RET,3,R32,25.0,1.0,0.0,9.0,3.0,3.0,5.0,2.0,0.0,0.0,3.0,5.0,30.0,14.0,10.0,3.0,2.0,9.0,11.0
2011-495,Dubai,Hard,32,500,O,20110221,14,MB02,,,Florian Mayer,R,191.0,GER,27.381,38.0,1098.0,N289,,,Jarkko Nieminen,L,185.0,FIN,29.582,45.0,1027.0,6-4 6-2,3,R32,65.0,6.0,0.0,58.0,35.0,25.0,12.0,9.0,5.0,7.0,0.0,3.0,57.0,32.0,19.0,8.0,9.0,5.0,10.0
2011-495,Dubai,Hard,32,500,O,20110221,15,L397,,,Feliciano Lopez,L,188.0,ESP,29.421,41.0,1060.0,L575,,,Yen-Hsun Lu,R,180.0,TPE,27.524,42.0,1059.0,5-0 RET,3,R32,21.0,3.0,0.0,10.0,5.0,4.0,4.0,2.0,0.0,0.0,0.0,2.0,26.0,22.0,9.0,1.0,3.0,3.0,6.0
2011-495,Dubai,Hard,32,500,O,20110221,16,D643,2.0,,Novak Djokovic,R,188.0,SRB,23.754,3.0,7880.0,L428,,,Michael Llodra,L,191.0,FRA,30.762,27.0,1370.0,6-3 6-3,3,R32,64.0,4.0,1.0,51.0,33.0,26.0,13.0,9.0,3.0,3.0,1.0,0.0,52.0,34.0,20.0,10.0,9.0,1.0,4.0
2011-495,Dubai,Hard,32,500,O,20110221,17,F324,1.0,,Roger Federer,R,185.0,SUI,29.539,2.0,7965.0,G710,,,Marcel Granollers,R,191.0,ESP,24.862,53.0,933.0,6-3 6-4,3,R16,70.0,4.0,3.0,61.0,35.0,28.0,15.0,10.0,2.0,2.0,3.0,2.0,53.0,33.0,21.0,14.0,9.0,6.0,8.0
2011-495,Dubai,Hard,32,500,O,20110221,18,SC77,,,Sergiy Stakhovsky,R,193.0,UKR,25.125,43.0,1050.0,G858,8.0,,Ernests Gulbis,R,191.0,LAT,22.478,24.0,1415.0,6-3 5-7 6-1,3,R16,117.0,11.0,1.0,75.0,47.0,40.0,14.0,14.0,3.0,5.0,7.0,9.0,100.0,60.0,40.0,16.0,14.0,9.0,14.0
2011-495,Dubai,Hard,32,500,O,20110221,19,SD32,,,Gilles Simon,R,183.0,FRA,26.152,33.0,1255.0,R685,,Q,Lukas Rosol,R,193.0,CZE,25.58,155.0,359.0,6-2 6-3,3,R16,54.0,6.0,1.0,47.0,23.0,18.0,13.0,9.0,0.0,2.0,2.0,5.0,45.0,27.0,16.0,3.0,8.0,2.0,7.0
2011-495,Dubai,Hard,32,500,O,20110221,20,G628,,,Richard Gasquet,R,183.0,FRA,24.679,28.0,1360.0,BC11,,Q,Sergei Bubka,R,188.0,UKR,24.03,342.0,132.0,6-2 7-5,3,R16,79.0,6.0,3.0,59.0,31.0,24.0,16.0,10.0,2.0,3.0,6.0,3.0,55.0,24.0,19.0,12.0,10.0,2.0,6.0
2011-495,Dubai,Hard,32,500,O,20110221,21,P624,,,Philipp Petzschner,R,185.0,GER,26.913,73.0,639.0,K435,,,Philipp Kohlschreiber,R,178.0,GER,27.351,35.0,1180.0,6-0 4-6 6-2,3,R16,95.0,4.0,1.0,68.0,34.0,27.0,22.0,12.0,1.0,2.0,6.0,4.0,74.0,36.0,24.0,15.0,12.0,8.0,13.0
2011-495,Dubai,Hard,32,500,O,20110221,22,BA47,3.0,,Tomas Berdych,R,196.0,CZE,25.429,7.0,4270.0,D402,,,Nikolay Davydenko,R,178.0,RUS,29.722,39.0,1070.0,6-3 7-6(5),3,R16,104.0,3.0,2.0,74.0,41.0,31.0,16.0,11.0,6.0,8.0,1.0,2.0,54.0,39.0,28.0,6.0,10.0,2.0,5.0
2011-495,Dubai,Hard,32,500,O,20110221,23,MB02,,,Florian Mayer,R,191.0,GER,27.381,38.0,1098.0,G806,,,Andrey Golubev,R,180.0,KAZ,23.587,44.0,1050.0,6-3 6-4,3,R16,75.0,1.0,2.0,61.0,34.0,26.0,14.0,10.0,3.0,4.0,3.0,2.0,57.0,30.0,19.0,13.0,9.0,4.0,7.0
2011-495,Dubai,Hard,32,500,O,20110221,24,D643,2.0,,Novak Djokovic,R,188.0,SRB,23.754,3.0,7880.0,L397,,,Feliciano Lopez,L,188.0,ESP,29.421,41.0,1060.0,6-3 2-6 6-4,3,R16,109.0,6.0,2.0,73.0,48.0,34.0,15.0,14.0,1.0,4.0,7.0,6.0,74.0,36.0,29.0,19.0,13.0,3.0,6.0
2011-495,Dubai,Hard,32,500,O,20110221,25,F324,1.0,,Roger Federer,R,185.0,SUI,29.539,2.0,7965.0,SC77,,,Sergiy Stakhovsky,R,193.0,UKR,25.125,43.0,1050.0,6-3 6-4,3,QF,73.0,6.0,2.0,67.0,42.0,30.0,14.0,10.0,8.0,9.0,3.0,1.0,57.0,30.0,21.0,13.0,9.0,6.0,9.0
2011-495,Dubai,Hard,32,500,O,20110221,26,G628,,,Richard Gasquet,R,183.0,FRA,24.679,28.0,1360.0,SD32,,,Gilles Simon,R,183.0,FRA,26.152,33.0,1255.0,5-7 6-2 6-4,3,QF,124.0,4.0,1.0,92.0,51.0,36.0,24.0,15.0,3.0,5.0,4.0,4.0,85.0,50.0,35.0,15.0,15.0,3.0,7.0
2011-495,Dubai,Hard,32,500,O,20110221,27,BA47,3.0,,Tomas Berdych,R,196.0,CZE,25.429,7.0,4270.0,P624,,,Philipp Petzschner,R,185.0,GER,26.913,73.0,639.0,7-5 6-4,3,QF,107.0,6.0,1.0,77.0,43.0,30.0,16.0,11.0,6.0,8.0,11.0,1.0,65.0,31.0,19.0,18.0,11.0,6.0,10.0
2011-495,Dubai,Hard,32,500,O,20110221,28,D643,2.0,,Novak Djokovic,R,188.0,SRB,23.754,3.0,7880.0,MB02,,,Florian Mayer,R,191.0,GER,27.381,38.0,1098.0,7-5 6-1,3,QF,76.0,6.0,2.0,62.0,42.0,36.0,8.0,10.0,4.0,5.0,3.0,4.0,57.0,30.0,18.0,11.0,9.0,3.0,7.0
2011-495,Dubai,Hard,32,500,O,20110221,29,F324,1.0,,Roger Federer,R,185.0,SUI,29.539,2.0,7965.0,G628,,,Richard Gasquet,R,183.0,FRA,24.679,28.0,1360.0,6-2 7-5,3,SF,74.0,6.0,1.0,57.0,38.0,30.0,9.0,10.0,1.0,2.0,7.0,4.0,67.0,45.0,24.0,12.0,10.0,4.0,8.0
2011-495,Dubai,Hard,32,500,O,20110221,30,D643,2.0,,Novak Djokovic,R,188.0,SRB,23.754,3.0,7880.0,BA47,3.0,,Tomas Berdych,R,196.0,CZE,25.429,7.0,4270.0,6-7(5) 6-2 4-2 RET,3,SF,142.0,10.0,2.0,84.0,53.0,40.0,20.0,13.0,4.0,4.0,9.0,1.0,86.0,42.0,34.0,18.0,13.0,2.0,5.0
2011-495,Dubai,Hard,32,500,O,20110221,31,D643,2.0,,Novak Djokovic,R,188.0,SRB,23.754,3.0,7880.0,F324,1.0,,Roger Federer,R,185.0,SUI,29.539,2.0,7965.0,6-3 6-3,3,F,72.0,5.0,0.0,49.0,33.0,27.0,9.0,9.0,1.0,2.0,5.0,1.0,58.0,35.0,22.0,9.0,9.0,6.0,10.0
2011-499,Delray Beach,Hard,32,250,O,20110221,1,SC56,,,Dudi Sela,R,175.0,ISR,25.884,91.0,568.0,ME05,,Q,Marinko Matosevic,R,193.0,AUS,25.539,135.0,395.0,3-6 6-1 6-2,3,R32,95.0,2.0,4.0,74.0,41.0,28.0,20.0,12.0,7.0,9.0,2.0,2.0,66.0,38.0,21.0,15.0,12.0,3.0,8.0
2011-499,Delray Beach,Hard,32,250,O,20110221,2,D646,,,Ivan Dodig,R,183.0,CRO,26.136,60.0,839.0,K403,,LL,Igor Kunitsyn,R,180.0,RUS,29.394,96.0,561.0,6-4 2-6 6-3,3,R32,133.0,18.0,6.0,109.0,58.0,40.0,23.0,14.0,7.0,10.0,6.0,0.0,68.0,35.0,27.0,17.0,13.0,2.0,5.0
2011-499,Delray Beach,Hard,32,250,O,20110221,3,K834,,Q,Blaz Kavcic,R,188.0,SLO,23.967,87.0,579.0,F525,,LL,Robert Farah,R,193.0,COL,24.088,185.0,299.0,6-1 6-4,3,R32,80.0,1.0,1.0,44.0,30.0,22.0,9.0,8.0,0.0,1.0,8.0,3.0,54.0,32.0,18.0,8.0,9.0,4.0,9.0
2011-499,Delray Beach,Hard,32,250,O,20110221,4,T742,6.0,,Janko Tipsarevic,R,180.0,SRB,26.667,52.0,935.0,K336,,,Ivo Karlovic,R,211.0,CRO,31.981,141.0,385.0,7-6(14) 7-6(1),3,R32,115.0,12.0,1.0,80.0,56.0,50.0,12.0,12.0,1.0,2.0,18.0,1.0,87.0,58.0,44.0,15.0,12.0,2.0,3.0
2011-499,Delray Beach,Hard,32,250,O,20110221,5,Q927,3.0,,Sam Querrey,R,198.0,USA,23.376,22.0,1450.0,BA65,,,Dustin Brown,R,196.0,JAM,26.204,103.0,524.0,6-3 5-7 6-3,3,R32,88.0,4.0,7.0,87.0,64.0,46.0,11.0,15.0,4.0,7.0,10.0,2.0,83.0,56.0,41.0,10.0,15.0,2.0,7.0
2011-499,Delray Beach,Hard,32,250,O,20110221,6,SG87,,Q,Ryan Sweeting,R,196.0,USA,23.608,118.0,468.0,A511,,,Igor Andreev,R,185.0,RUS,27.608,88.0,574.0,6-2 6-3,3,R32,64.0,2.0,1.0,52.0,37.0,26.0,10.0,9.0,1.0,2.0,4.0,4.0,50.0,32.0,21.0,5.0,8.0,2.0,6.0
2011-499,Delray Beach,Hard,32,250,O,20110221,7,N552,,,Kei Nishikori,R,178.0,JPN,21.147,66.0,719.0,D556,,,Brian Dabul,L,170.0,ARG,26.992,89.0,572.0,6-2 7-6(5),3,R32,99.0,5.0,2.0,68.0,38.0,30.0,13.0,10.0,2.0,4.0,1.0,2.0,65.0,35.0,24.0,11.0,10.0,2.0,6.0
2011-499,Delray Beach,Hard,32,250,O,20110221,8,B676,,WC,James Blake,R,185.0,USA,31.151,144.0,380.0,B896,7.0,,Benjamin Becker,R,178.0,GER,29.684,58.0,870.0,7-5 6-4,3,R32,76.0,7.0,1.0,75.0,39.0,32.0,18.0,11.0,2.0,3.0,6.0,1.0,60.0,24.0,20.0,17.0,11.0,2.0,5.0
2011-499,Delray Beach,Hard,32,250,O,20110221,9,A678,5.0,,Kevin Anderson,R,203.0,RSA,24.764,40.0,1064.0,Y124,,LL,Donald Young,L,183.0,USA,21.582,138.0,388.0,6-7(5) 7-6(4) 6-2,3,R32,151.0,22.0,2.0,122.0,89.0,69.0,16.0,16.0,10.0,10.0,6.0,8.0,100.0,54.0,41.0,29.0,16.0,2.0,4.0
2011-499,Delray Beach,Hard,32,250,O,20110221,10,S963,,,Florent Serra,R,180.0,FRA,29.979,72.0,656.0,H940,,WC,Ryan Harrison,R,185.0,USA,18.793,150.0,366.0,3-6 6-3 7-5,3,R32,116.0,5.0,0.0,91.0,66.0,49.0,15.0,15.0,4.0,5.0,11.0,6.0,102.0,58.0,44.0,20.0,15.0,9.0,11.0
2011-499,Delray Beach,Hard,32,250,O,20110221,11,D683,,,Juan Martin del Potro,R,198.0,ARG,22.412,166.0,335.0,BE90,,,Ricardas Berankis,R,175.0,LTU,20.671,74.0,638.0,6-4 6-1,3,R32,77.0,2.0,2.0,62.0,34.0,27.0,13.0,9.0,7.0,8.0,1.0,3.0,47.0,26.0,19.0,6.0,8.0,1.0,5.0
2011-499,Delray Beach,Hard,32,250,O,20110221,12,G681,,,Teymuraz Gabashvili,R,185.0,GEO,25.749,76.0,626.0,I186,4.0,,John Isner,R,208.0,USA,25.823,32.0,1255.0,6-4 5-7 7-6(13),3,R32,151.0,7.0,5.0,97.0,60.0,50.0,25.0,17.0,0.0,2.0,21.0,4.0,110.0,85.0,68.0,10.0,17.0,3.0,5.0
2011-499,Delray Beach,Hard,32,250,O,20110221,13,ME82,8.0,,Adrian Mannarino,L,180.0,FRA,22.648,61.0,836.0,MD56,,,Leonardo Mayer,R,191.0,ARG,23.773,109.0,502.0,1-6 7-6(3) 6-4,3,R32,134.0,5.0,5.0,95.0,60.0,41.0,17.0,15.0,1.0,5.0,4.0,4.0,89.0,46.0,35.0,24.0,14.0,5.0,7.0
2011-499,Delray Beach,Hard,32,250,O,20110221,14,F444,,Q,Alejandro Falla,L,185.0,COL,27.272,119.0,466.0,H571,,LL,Jan Hajek,R,180.0,CZE,27.543,102.0,525.0,6-1 2-0 RET,3,R32,27.0,0.0,0.0,23.0,15.0,11.0,6.0,4.0,0.0,0.0,0.0,2.0,28.0,17.0,5.0,5.0,5.0,2.0,6.0
2011-499,Delray Beach,Hard,32,250,O,20110221,15,M708,,,Ricardo Mello,L,175.0,BRA,30.168,78.0,622.0,S636,,,Rainer Schuettler,R,180.0,GER,34.825,95.0,562.0,2-6 6-2 6-3,3,R32,91.0,2.0,0.0,67.0,39.0,28.0,17.0,12.0,1.0,3.0,6.0,2.0,75.0,45.0,33.0,13.0,13.0,4.0,8.0
2011-499,Delray Beach,Hard,32,250,O,20110221,16,F339,2.0,,Mardy Fish,R,188.0,USA,29.202,16.0,2121.0,P436,,,Bjorn Phau,R,175.0,GER,31.384,92.0,566.0,5-0 RET,3,R32,20.0,2.0,0.0,14.0,10.0,8.0,4.0,3.0,0.0,0.0,2.0,0.0,12.0,8.0,2.0,2.0,2.0,0.0,2.0
2011-499,Delray Beach,Hard,32,250,O,20110221,17,D646,,,Ivan Dodig,R,183.0,CRO,26.136,60.0,839.0,SC56,,,Dudi Sela,R,175.0,ISR,25.884,91.0,568.0,2-6 6-3 6-2,3,R16,118.0,8.0,3.0,79.0,52.0,34.0,16.0,13.0,2.0,4.0,3.0,2.0,85.0,45.0,29.0,22.0,12.0,6.0,9.0
2011-499,Delray Beach,Hard,32,250,O,20110221,18,T742,6.0,,Janko Tipsarevic,R,180.0,SRB,26.667,52.0,935.0,K834,,Q,Blaz Kavcic,R,188.0,SLO,23.967,87.0,579.0,6-2 6-7(8) 6-3,3,R16,163.0,15.0,4.0,105.0,60.0,45.0,27.0,15.0,13.0,15.0,5.0,3.0,110.0,69.0,45.0,20.0,14.0,10.0,15.0
2011-499,Delray Beach,Hard,32,250,O,20110221,19,SG87,,Q,Ryan Sweeting,R,196.0,USA,23.608,118.0,468.0,Q927,3.0,,Sam Querrey,R,198.0,USA,23.376,22.0,1450.0,7-6(5) 6-4,3,R16,85.0,7.0,3.0,71.0,47.0,35.0,14.0,11.0,5.0,6.0,5.0,4.0,82.0,49.0,32.0,18.0,11.0,6.0,8.0
2011-499,Delray Beach,Hard,32,250,O,20110221,20,N552,,,Kei Nishikori,R,178.0,JPN,21.147,66.0,719.0,B676,,WC,James Blake,R,185.0,USA,31.151,144.0,380.0,6-3 6-4,3,R16,64.0,3.0,1.0,57.0,37.0,30.0,13.0,10.0,2.0,2.0,5.0,4.0,50.0,30.0,23.0,9.0,9.0,0.0,2.0
2011-499,Delray Beach,Hard,32,250,O,20110221,21,A678,5.0,,Kevin Anderson,R,203.0,RSA,24.764,40.0,1064.0,S963,,,Florent Serra,R,180.0,FRA,29.979,72.0,656.0,6-1 6-4,3,R16,55.0,6.0,2.0,45.0,33.0,29.0,8.0,9.0,1.0,1.0,1.0,2.0,44.0,17.0,13.0,11.0,8.0,1.0,4.0
2011-499,Delray Beach,Hard,32,250,O,20110221,22,D683,,,Juan Martin del Potro,R,198.0,ARG,22.412,166.0,335.0,G681,,,Teymuraz Gabashvili,R,185.0,GEO,25.749,76.0,626.0,6-1 6-1,3,R16,70.0,4.0,0.0,35.0,24.0,22.0,6.0,7.0,0.0,0.0,2.0,1.0,42.0,14.0,5.0,12.0,7.0,3.0,8.0
2011-499,Delray Beach,Hard,32,250,O,20110221,23,F444,,Q,Alejandro Falla,L,185.0,COL,27.272,119.0,466.0,ME82,8.0,,Adrian Mannarino,L,180.0,FRA,22.648,61.0,836.0,6-3 6-2,3,R16,78.0,4.0,3.0,45.0,22.0,15.0,16.0,8.0,1.0,2.0,5.0,2.0,75.0,47.0,25.0,10.0,9.0,8.0,13.0
2011-499,Delray Beach,Hard,32,250,O,20110221,24,F339,2.0,,Mardy Fish,R,188.0,USA,29.202,16.0,2121.0,M708,,,Ricardo Mello,L,175.0,BRA,30.168,78.0,622.0,6-2 6-1,3,R16,55.0,8.0,2.0,36.0,24.0,20.0,8.0,7.0,0.0,0.0,1.0,5.0,45.0,20.0,10.0,10.0,8.0,3.0,8.0
2011-499,Delray Beach,Hard,32,250,O,20110221,25,T742,6.0,,Janko Tipsarevic,R,180.0,SRB,26.667,52.0,935.0,D646,,,Ivan Dodig,R,183.0,CRO,26.136,60.0,839.0,7-6(0) 6-1,3,QF,79.0,4.0,0.0,59.0,38.0,32.0,15.0,10.0,3.0,3.0,8.0,4.0,53.0,36.0,27.0,6.0,9.0,0.0,2.0
2011-499,Delray Beach,Hard,32,250,O,20110221,26,N552,,,Kei Nishikori,R,178.0,JPN,21.147,66.0,719.0,SG87,,Q,Ryan Sweeting,R,196.0,USA,23.608,118.0,468.0,6-7(5) 6-2 6-4,3,QF,131.0,5.0,3.0,92.0,60.0,47.0,18.0,15.0,3.0,3.0,8.0,3.0,101.0,58.0,41.0,22.0,15.0,4.0,7.0
2011-499,Delray Beach,Hard,32,250,O,20110221,27,D683,,,Juan Martin del Potro,R,198.0,ARG,22.412,166.0,335.0,A678,5.0,,Kevin Anderson,R,203.0,RSA,24.764,40.0,1064.0,6-4 6-4,3,QF,83.0,6.0,0.0,54.0,34.0,27.0,14.0,10.0,0.0,0.0,4.0,1.0,53.0,33.0,28.0,9.0,10.0,0.0,2.0
2011-499,Delray Beach,Hard,32,250,O,20110221,28,F339,2.0,,Mardy Fish,R,188.0,USA,29.202,16.0,2121.0,F444,,Q,Alejandro Falla,L,185.0,COL,27.272,119.0,466.0,6-1 6-4,3,QF,86.0,6.0,2.0,63.0,35.0,27.0,17.0,9.0,3.0,3.0,1.0,4.0,60.0,36.0,21.0,12.0,8.0,8.0,11.0
2011-499,Delray Beach,Hard,32,250,O,20110221,29,T742,6.0,,Janko Tipsarevic,R,180.0,SRB,26.667,52.0,935.0,N552,,,Kei Nishikori,R,178.0,JPN,21.147,66.0,719.0,6-4 6-4,3,SF,86.0,5.0,0.0,52.0,29.0,25.0,16.0,10.0,1.0,1.0,1.0,6.0,63.0,43.0,34.0,5.0,10.0,0.0,2.0
2011-499,Delray Beach,Hard,32,250,O,20110221,30,D683,,,Juan Martin del Potro,R,198.0,ARG,22.412,166.0,335.0,F339,2.0,,Mardy Fish,R,188.0,USA,29.202,16.0,2121.0,6-1 7-5,3,SF,96.0,1.0,1.0,56.0,34.0,26.0,10.0,10.0,2.0,4.0,2.0,1.0,56.0,32.0,19.0,8.0,9.0,2.0,7.0
2011-499,Delray Beach,Hard,32,250,O,20110221,31,D683,,,Juan Martin del Potro,R,198.0,ARG,22.412,166.0,335.0,T742,6.0,,Janko Tipsarevic,R,180.0,SRB,26.667,52.0,935.0,6-4 6-4,3,F,114.0,5.0,2.0,75.0,45.0,29.0,19.0,10.0,10.0,11.0,8.0,3.0,63.0,31.0,24.0,15.0,10.0,2.0,5.0
2011-807,Acapulco,Clay,32,500,O,20110221,1,F401,1.0,,David Ferrer,R,175.0,ESP,28.89,6.0,4510.0,U061,,Q,Adrian Ungur,R,178.0,ROU,26.081,195.0,279.0,6-1 6-3,3,R32,62.0,0.0,1.0,49.0,32.0,23.0,9.0,8.0,3.0,4.0,0.0,1.0,46.0,27.0,12.0,9.0,8.0,3.0,8.0
2011-807,Acapulco,Clay,32,500,O,20110221,2,G551,,WC,Santiago Gonzalez,R,191.0,MEX,27.992,261.0,176.0,G714,,WC,Daniel Garza,R,,MEX,25.873,439.0,80.0,6-2 7-6(5),3,R32,94.0,8.0,4.0,69.0,40.0,32.0,13.0,10.0,0.0,1.0,1.0,2.0,75.0,50.0,32.0,11.0,10.0,7.0,10.0
2011-807,Acapulco,Clay,32,500,O,20110221,3,C882,,,Pablo Cuevas,R,180.0,URU,25.139,64.0,780.0,S843,,,Potito Starace,R,188.0,ITA,29.607,46.0,990.0,6-4 6-4,3,R32,81.0,2.0,1.0,52.0,27.0,21.0,17.0,10.0,3.0,4.0,1.0,5.0,74.0,50.0,29.0,12.0,10.0,7.0,10.0
2011-807,Acapulco,Clay,32,500,O,20110221,4,MA21,7.0,,Juan Monaco,R,185.0,ARG,26.899,30.0,1330.0,Z184,,LL,Horacio Zeballos,L,188.0,ARG,25.821,101.0,527.0,7-5 7-6(3),3,R32,139.0,7.0,1.0,75.0,40.0,30.0,20.0,12.0,3.0,6.0,6.0,3.0,101.0,53.0,36.0,19.0,12.0,11.0,15.0
2011-807,Acapulco,Clay,32,500,O,20110221,5,W367,4.0,,Stan Wawrinka,R,183.0,SUI,25.903,15.0,2125.0,A596,,,Pablo Andujar,R,180.0,ESP,25.079,67.0,714.0,7-6(5) 3-6 6-0,3,R32,123.0,3.0,3.0,98.0,58.0,38.0,22.0,13.0,9.0,13.0,2.0,4.0,82.0,57.0,37.0,11.0,14.0,5.0,11.0
2011-807,Acapulco,Clay,32,500,O,20110221,6,F510,,,Fabio Fognini,R,178.0,ITA,23.748,56.0,900.0,G585,,Q,Maximo Gonzalez,R,173.0,ARG,27.592,126.0,434.0,6-3 6-4,3,R32,92.0,1.0,4.0,80.0,42.0,25.0,20.0,10.0,7.0,10.0,0.0,1.0,50.0,35.0,17.0,8.0,9.0,2.0,7.0
2011-807,Acapulco,Clay,32,500,O,20110221,7,B884,,,Carlos Berlocq,R,183.0,ARG,28.049,71.0,682.0,M915,,LL,Daniel Munoz de la Nava,L,175.0,ESP,29.062,146.0,372.0,6-3 5-7 6-1,3,R32,157.0,2.0,1.0,91.0,49.0,29.0,24.0,14.0,5.0,9.0,5.0,5.0,89.0,47.0,25.0,20.0,14.0,5.0,12.0
2011-807,Acapulco,Clay,32,500,O,20110221,8,D801,6.0,,Alexandr Dolgopolov,R,180.0,UKR,22.289,26.0,1375.0,C634,,Q,Paul Capdeville,R,191.0,CHI,27.89,171.0,321.0,7-5 6-2,3,R32,82.0,10.0,5.0,57.0,27.0,21.0,14.0,10.0,0.0,2.0,2.0,2.0,67.0,45.0,27.0,7.0,10.0,5.0,10.0
2011-807,Acapulco,Clay,32,500,O,20110221,9,M824,5.0,,Albert Montanes,R,175.0,ESP,30.237,25.0,1405.0,G676,,,Daniel Gimeno-Traver,R,183.0,ESP,25.541,59.0,844.0,6-2 6-1,3,R32,69.0,2.0,3.0,50.0,26.0,22.0,11.0,8.0,4.0,5.0,2.0,7.0,49.0,20.0,11.0,9.0,7.0,5.0,10.0
2011-807,Acapulco,Clay,32,500,O,20110221,10,G725,,,Santiago Giraldo,R,188.0,COL,23.236,48.0,971.0,R772,,Q,Albert Ramos-Vinolas,L,188.0,ESP,23.097,111.0,493.0,4-6 7-5 7-5,3,R32,158.0,3.0,1.0,103.0,68.0,48.0,14.0,17.0,7.0,11.0,3.0,2.0,111.0,65.0,41.0,24.0,17.0,4.0,9.0
2011-807,Acapulco,Clay,32,500,O,20110221,11,V254,,,Filippo Volandri,R,183.0,ITA,29.462,86.0,580.0,G717,,LL,Fred Gil,R,173.0,POR,25.914,85.0,583.0,6-1 3-6 6-4,3,R32,132.0,0.0,3.0,93.0,64.0,34.0,15.0,13.0,11.0,16.0,1.0,3.0,78.0,45.0,27.0,11.0,13.0,5.0,12.0
2011-807,Acapulco,Clay,32,500,O,20110221,12,A479,3.0,,Nicolas Almagro,R,183.0,ESP,25.503,13.0,2320.0,H528,,,Victor Hanescu,R,198.0,ROU,29.588,57.0,880.0,6-3 6-2,3,R32,81.0,5.0,0.0,66.0,36.0,26.0,16.0,9.0,1.0,2.0,2.0,1.0,51.0,34.0,18.0,7.0,8.0,2.0,6.0
2011-807,Acapulco,Clay,32,500,O,20110221,13,SE66,,,Eduardo Schwank,R,183.0,ARG,24.832,104.0,520.0,C514,8.0,,Juan Ignacio Chela,R,191.0,ARG,31.48,31.0,1270.0,3-6 6-5 RET,3,R32,80.0,4.0,4.0,64.0,37.0,24.0,13.0,10.0,2.0,5.0,1.0,2.0,51.0,35.0,26.0,9.0,10.0,0.0,2.0
2011-807,Acapulco,Clay,32,500,O,20110221,14,K540,,,Lukasz Kubot,R,191.0,POL,28.769,134.0,395.0,R383,,,Ruben Ramirez Hidalgo,R,183.0,ESP,33.125,75.0,628.0,7-5 6-0,3,R32,103.0,4.0,4.0,44.0,24.0,21.0,10.0,9.0,0.0,2.0,2.0,9.0,82.0,45.0,26.0,11.0,9.0,9.0,15.0
2011-807,Acapulco,Clay,32,500,O,20110221,15,N309,,LL,Ivan Navarro,R,183.0,ESP,29.342,191.0,283.0,SI82,,WC,Manuel Sanchez,R,,MEX,20.129,547.0,47.0,6-1 3-6 6-1,3,R32,111.0,4.0,2.0,65.0,44.0,35.0,12.0,12.0,2.0,3.0,6.0,4.0,60.0,27.0,16.0,19.0,11.0,4.0,8.0
2011-807,Acapulco,Clay,32,500,O,20110221,16,BD20,,,Thomaz Bellucci,L,188.0,BRA,23.146,36.0,1150.0,V306,2.0,,Fernando Verdasco,L,188.0,ESP,27.269,9.0,3140.0,6-2 4-6 6-3,3,R32,127.0,6.0,5.0,84.0,60.0,48.0,11.0,14.0,7.0,8.0,7.0,5.0,80.0,55.0,35.0,13.0,13.0,1.0,4.0
2011-807,Acapulco,Clay,32,500,O,20110221,17,F401,1.0,,David Ferrer,R,175.0,ESP,28.89,6.0,4510.0,G551,,WC,Santiago Gonzalez,R,191.0,MEX,27.992,261.0,176.0,6-2 6-2,3,R16,52.0,2.0,0.0,41.0,25.0,19.0,13.0,8.0,0.0,0.0,3.0,2.0,45.0,30.0,21.0,4.0,8.0,6.0,10.0
2011-807,Acapulco,Clay,32,500,O,20110221,18,MA21,7.0,,Juan Monaco,R,185.0,ARG,26.899,30.0,1330.0,C882,,,Pablo Cuevas,R,180.0,URU,25.139,64.0,780.0,6-3 6-4,3,R16,106.0,3.0,2.0,76.0,45.0,34.0,13.0,10.0,5.0,6.0,0.0,1.0,54.0,33.0,17.0,14.0,9.0,1.0,4.0
2011-807,Acapulco,Clay,32,500,O,20110221,19,W367,4.0,,Stan Wawrinka,R,183.0,SUI,25.903,15.0,2125.0,F510,,,Fabio Fognini,R,178.0,ITA,23.748,56.0,900.0,5-7 6-3 7-5,3,R16,169.0,2.0,3.0,107.0,71.0,41.0,22.0,16.0,5.0,10.0,4.0,3.0,122.0,74.0,42.0,21.0,17.0,7.0,14.0
2011-807,Acapulco,Clay,32,500,O,20110221,20,D801,6.0,,Alexandr Dolgopolov,R,180.0,UKR,22.289,26.0,1375.0,B884,,,Carlos Berlocq,R,183.0,ARG,28.049,71.0,682.0,6-4 6-1,3,R16,72.0,4.0,0.0,41.0,21.0,18.0,15.0,8.0,0.0,0.0,4.0,5.0,60.0,36.0,21.0,8.0,9.0,2.0,6.0
2011-807,Acapulco,Clay,32,500,O,20110221,21,G725,,,Santiago Giraldo,R,188.0,COL,23.236,48.0,971.0,M824,5.0,,Albert Montanes,R,175.0,ESP,30.237,25.0,1405.0,6-3 6-4,3,R16,78.0,5.0,0.0,60.0,33.0,28.0,17.0,10.0,6.0,6.0,1.0,1.0,53.0,32.0,22.0,11.0,9.0,1.0,3.0
2011-807,Acapulco,Clay,32,500,O,20110221,22,A479,3.0,,Nicolas Almagro,R,183.0,ESP,25.503,13.0,2320.0,V254,,,Filippo Volandri,R,183.0,ITA,29.462,86.0,580.0,6-2 6-2,3,R16,71.0,4.0,0.0,56.0,29.0,24.0,11.0,8.0,2.0,3.0,0.0,6.0,53.0,36.0,17.0,8.0,8.0,2.0,7.0
2011-807,Acapulco,Clay,32,500,O,20110221,23,K540,,,Lukasz Kubot,R,191.0,POL,28.769,134.0,395.0,SE66,,,Eduardo Schwank,R,183.0,ARG,24.832,104.0,520.0,6-7(8) 6-4 6-4,3,R16,179.0,4.0,9.0,101.0,61.0,43.0,24.0,16.0,3.0,6.0,2.0,2.0,113.0,72.0,42.0,26.0,16.0,8.0,13.0
2011-807,Acapulco,Clay,32,500,O,20110221,24,BD20,,,Thomaz Bellucci,L,188.0,BRA,23.146,36.0,1150.0,N309,,LL,Ivan Navarro,R,183.0,ESP,29.342,191.0,283.0,1-6 6-4 6-3,3,R16,140.0,4.0,1.0,81.0,50.0,35.0,19.0,13.0,1.0,3.0,3.0,5.0,91.0,44.0,31.0,26.0,13.0,4.0,6.0
2011-807,Acapulco,Clay,32,500,O,20110221,25,F401,1.0,,David Ferrer,R,175.0,ESP,28.89,6.0,4510.0,MA21,7.0,,Juan Monaco,R,185.0,ARG,26.899,30.0,1330.0,2-6 7-5 6-2,3,QF,164.0,1.0,6.0,100.0,63.0,39.0,18.0,14.0,10.0,14.0,1.0,1.0,92.0,50.0,31.0,21.0,14.0,2.0,7.0
2011-807,Acapulco,Clay,32,500,O,20110221,26,D801,6.0,,Alexandr Dolgopolov,R,180.0,UKR,22.289,26.0,1375.0,W367,4.0,,Stan Wawrinka,R,183.0,SUI,25.903,15.0,2125.0,6-4 7-6(6),3,QF,115.0,11.0,3.0,95.0,52.0,37.0,21.0,11.0,9.0,11.0,4.0,0.0,77.0,50.0,27.0,19.0,11.0,6.0,9.0
2011-807,Acapulco,Clay,32,500,O,20110221,27,A479,3.0,,Nicolas Almagro,R,183.0,ESP,25.503,13.0,2320.0,G725,,,Santiago Giraldo,R,188.0,COL,23.236,48.0,971.0,7-6(0) 5-7 6-4,3,QF,146.0,7.0,3.0,100.0,57.0,42.0,20.0,17.0,2.0,7.0,4.0,1.0,113.0,71.0,44.0,20.0,17.0,5.0,10.0
2011-807,Acapulco,Clay,32,500,O,20110221,28,BD20,,,Thomaz Bellucci,L,188.0,BRA,23.146,36.0,1150.0,K540,,,Lukasz Kubot,R,191.0,POL,28.769,134.0,395.0,6-7(5) 6-3 6-4,3,QF,189.0,5.0,3.0,100.0,61.0,44.0,15.0,15.0,3.0,7.0,2.0,9.0,126.0,75.0,47.0,20.0,16.0,12.0,19.0
2011-807,Acapulco,Clay,32,500,O,20110221,29,F401,1.0,,David Ferrer,R,175.0,ESP,28.89,6.0,4510.0,D801,6.0,,Alexandr Dolgopolov,R,180.0,UKR,22.289,26.0,1375.0,5-7 6-1 6-1,3,SF,114.0,3.0,5.0,71.0,40.0,33.0,17.0,13.0,7.0,9.0,7.0,7.0,104.0,48.0,34.0,19.0,13.0,11.0,17.0
2011-807,Acapulco,Clay,32,500,O,20110221,30,A479,3.0,,Nicolas Almagro,R,183.0,ESP,25.503,13.0,2320.0,BD20,,,Thomaz Bellucci,L,188.0,BRA,23.146,36.0,1150.0,7-6(4) 6-4,3,SF,104.0,9.0,1.0,75.0,43.0,32.0,20.0,11.0,3.0,3.0,5.0,3.0,65.0,38.0,31.0,15.0,11.0,1.0,2.0
2011-807,Acapulco,Clay,32,500,O,20110221,31,F401,1.0,,David Ferrer,R,175.0,ESP,28.89,6.0,4510.0,A479,3.0,,Nicolas Almagro,R,183.0,ESP,25.503,13.0,2320.0,7-6(4) 6-7(2) 6-2,3,F,162.0,6.0,2.0,113.0,64.0,45.0,25.0,16.0,9.0,13.0,4.0,4.0,105.0,53.0,36.0,22.0,16.0,1.0,7.0
2011-D001,Davis Cup G2 R1: GBR vs TUN,Hard,4,D,,20110304,1,J267,,,Malek Jaziri,R,185.0,TUN,27.118,325.0,139.0,BA53,,,Jamie Baker,R,183.0,GBR,24.578,406.0,97.0,4-6 6-3 7-5 6-2,5,RR,,,,,,,,,,,,,,,,,,,
2011-D001,Davis Cup G2 R1: GBR vs TUN,Hard,4,D,,20110304,2,W503,,,James Ward,R,188.0,GBR,24.063,214.0,242.0,GA52,,,Sami Ghorbel,,,TUN,19.094,,,6-0 6-2 6-0,5,RR,,,,,,,,,,,,,,,,,,,
2011-D001,Davis Cup G2 R1: GBR vs TUN,Hard,4,D,,20110304,3,W503,,,James Ward,R,188.0,GBR,24.063,214.0,242.0,J267,,,Malek Jaziri,R,185.0,TUN,27.118,325.0,139.0,3-6 6-3 3-6 6-3 8-6,5,RR,,,,,,,,,,,,,,,,,,,
2011-D001,Davis Cup G2 R1: GBR vs TUN,Hard,4,D,,20110304,4,BA53,,,Jamie Baker,R,183.0,GBR,24.578,406.0,97.0,HA14,,,Slim Hamza,R,,TUN,18.732,1602.0,1.0,6-1 6-4,3,RR,,,,,,,,,,,,,,,,,,,
2011-D002,Davis Cup G2 R1: IRL vs LUX,Hard,4,D,,20110304,1,N349,,,Conor Niland,R,185.0,IRL,29.454,133.0,414.0,V746,,,Mike Vermeer,,,LUX,18.316,1015.0,6.0,6-1 6-0 6-2,5,RR,,,,,,,,,,,,,,,,,,,
2011-D002,Davis Cup G2 R1: IRL vs LUX,Hard,4,D,,20110304,2,MA30,,,Gilles Muller,L,193.0,LUX,27.819,90.0,564.0,K961,,,Barry King,R,,IRL,26.111,967.0,8.0,4-6 6-1 6-3 6-3,5,RR,,,,,,,,,,,,,,,,,,,
2011-D002,Davis Cup G2 R1: IRL vs LUX,Hard,4,D,,20110304,3,MA30,,,Gilles Muller,L,193.0,LUX,27.819,90.0,564.0,N349,,,Conor Niland,R,185.0,IRL,29.454,133.0,414.0,6-4 6-4 6-4,5,RR,,,,,,,,,,,,,,,,,,,
2011-D002,Davis Cup G2 R1: IRL vs LUX,Hard,4,D,,20110304,4,MG47,,,James McGee,R,183.0,IRL,23.732,662.0,27.0,V746,,,Mike Vermeer,,,LUX,18.316,1015.0,6.0,6-1 6-2,3,RR,,,,,,,,,,,,,,,,,,,
2011-D003,Davis Cup G2 R1: BLR vs BUL,Hard,4,D,,20110304,1,I236,,,Uladzimir Ignatik,R,183.0,BLR,20.638,199.0,262.0,E168,,,Todor Enev,R,,BUL,29.065,780.0,16.0,6-2 3-6 6-7(4) 6-2 6-2,5,RR,,,,,,,,,,,,,,,,,,,
2011-D003,Davis Cup G2 R1: BLR vs BUL,Hard,4,D,,20110304,2,K918,,,Dimitar Kutrovsky,R,175.0,BUL,23.518,555.0,45.0,BD82,,,Sergey Betov,R,185.0,,23.384,407.0,96.0,7-5 6-4 2-6 7-6(2),5,RR,,,,,,,,,,,,,,,,,,,
2011-D003,Davis Cup G2 R1: BLR vs BUL,Hard,4,D,,20110304,3,I236,,,Uladzimir Ignatik,R,183.0,BLR,20.638,199.0,262.0,K918,,,Dimitar Kutrovsky,R,175.0,BUL,23.518,555.0,45.0,3-6 6-2 6-1 6-4,5,RR,,,,,,,,,,,,,,,,,,,
2011-D003,Davis Cup G2 R1: BLR vs BUL,Hard,4,D,,20110304,4,BD83,,,Aliaksandr Bury,R,203.0,BLR,23.469,,,KC33,,,Dimitar Kuzmanov,R,183.0,BUL,17.599,1061.0,5.0,6-2 6-3,3,RR,,,,,,,,,,,,,,,,,,,
2011-D004,Davis Cup G2 R1: CYP vs HUN,Hard,4,D,,20110304,1,K803,,,Adam Kellner,,,HUN,24.589,333.0,134.0,C995,,,Rares Cuzdriorean,,,ROU,24.591,,,6-4 6-4 6-3,5,RR,,,,,,,,,,,,,,,,,,,
2011-D004,Davis Cup G2 R1: CYP vs HUN,Hard,4,D,,20110304,2,BD80,,,Attila Balazs,R,180.0,HUN,22.431,198.0,264.0,TB00,,,Philippos Tsangaridis,,,CYP,18.669,,,6-1 6-2 6-2,5,RR,,,,,,,,,,,,,,,,,,,
2011-D004,Davis Cup G2 R1: CYP vs HUN,Hard,4,D,,20110304,3,BD80,,,Attila Balazs,R,180.0,HUN,22.431,198.0,264.0,KD02,,,Sergis Kyratzis,L,,CYP,15.811,,,6-4 7-6(6),3,RR,,,,,,,,,,,,,,,,,,,
2011-D004,Davis Cup G2 R1: CYP vs HUN,Hard,4,D,,20110304,4,F724,,,Marton Fucsovics,R,188.0,HUN,19.066,917.0,9.0,TB00,,,Philippos Tsangaridis,,,CYP,18.669,,,6-4 6-3,3,RR,,,,,,,,,,,,,,,,,,,
2011-D005,Davis Cup G2 R1: MAR vs BIH,Clay,4,D,,20110304,1,E655,,,Reda El Amrani,R,185.0,MAR,22.79,201.0,261.0,D438,,,Amer Delic,R,196.0,BIH,28.676,446.0,76.0,6-2 7-6(4) 6-4,5,RR,,,,,,,,,,,,,,,,,,,
2011-D005,Davis Cup G2 R1: MAR vs BIH,Clay,4,D,,20110304,2,SF41,,,Aldin Setkic,R,191.0,BIH,23.201,343.0,130.0,W238,,,Talal Ouahabi,R,,MAR,33.15,1126.0,4.0,6-4 2-6 5-7 6-3 6-4,5,RR,,,,,,,,,,,,,,,,,,,
2011-D005,Davis Cup G2 R1: MAR vs BIH,Clay,4,D,,20110304,3,E655,,,Reda El Amrani,R,185.0,MAR,22.79,201.0,261.0,SF41,,,Aldin Setkic,R,191.0,BIH,23.201,343.0,130.0,2-6 6-2 6-0 6-1,5,RR,,,,,,,,,,,,,,,,,,,
2011-D005,Davis Cup G2 R1: MAR vs BIH,Clay,4,D,,20110304,4,D438,,,Amer Delic,R,196.0,BIH,28.676,446.0,76.0,W238,,,Talal Ouahabi,R,,MAR,33.15,1126.0,4.0,6-1 6-3 4-6 6-1,5,RR,,,,,,,,,,,,,,,,,,,
2011-D006,Davis Cup G2 R1: EST vs LTU,Hard,4,D,,20110304,1,BE90,,,Ricardas Berankis,R,175.0,LTU,20.701,73.0,638.0,PB33,,,Jaak Poldma,,,EST,22.798,,,7-6(3) 6-2 6-3,5,RR,,,,,,,,,,,,,,,,,,,
2011-D006,Davis Cup G2 R1: EST vs LTU,Hard,4,D,,20110304,2,Z254,,,Jurgen Zopp,R,191.0,EST,22.93,194.0,276.0,GA71,,,Laurynas Grigelis,R,183.0,LTU,19.554,382.0,109.0,4-5 RET,5,RR,,,,,,,,,,,,,,,,,,,
2011-D006,Davis Cup G2 R1: EST vs LTU,Hard,4,D,,20110304,3,BE90,,,Ricardas Berankis,R,175.0,LTU,20.701,73.0,638.0,Z254,,,Jurgen Zopp,R,191.0,EST,22.93,194.0,276.0,1-6 4-6 6-4 6-3 11-9,5,RR,,,,,,,,,,,,,,,,,,,
2011-D006,Davis Cup G2 R1: EST vs LTU,Hard,4,D,,20110304,4,PB33,,,Jaak Poldma,,,EST,22.798,,,SK08,,,Dovydas Sakinis,,,LTU,18.669,1091.0,5.0,6-1 6-4 1-6 6-1,5,RR,,,,,,,,,,,,,,,,,,,
2011-D007,Davis Cup G2 R1: DEN vs MON,Carpet,4,D,,20110304,1,L386,,,Jean-Rene Lisnard,R,173.0,MON,31.439,859.0,11.0,PB29,,,Martin Pedersen,,,DEN,23.718,,,7-6(3) 4-6 6-4 2-6 6-2,5,RR,,,,,,,,,,,,,,,,,,,
2011-D007,Davis Cup G2 R1: DEN vs MON,Carpet,4,D,,20110304,2,N390,,,Frederik Nielsen,R,188.0,DEN,27.518,243.0,204.0,O195,,,Thomas Oger,,,MON,30.949,1013.0,6.0,7-5 6-2 7-5,5,RR,,,,,,,,,,,,,,,,,,,
2011-D007,Davis Cup G2 R1: DEN vs MON,Carpet,4,D,,20110304,3,N390,,,Frederik Nielsen,R,188.0,DEN,27.518,243.0,204.0,L386,,,Jean-Rene Lisnard,R,173.0,MON,31.439,859.0,11.0,6-3 6-2 6-4,5,RR,,,,,,,,,,,,,,,,,,,
2011-D007,Davis Cup G2 R1: DEN vs MON,Carpet,4,D,,20110304,4,B946,,,Benjamin Balleret,R,183.0,MON,28.131,453.0,74.0,W569,,,Soren Wedege,,,DEN,21.487,,,6-2 7-6(5),3,RR,,,,,,,,,,,,,,,,,,,
2011-D008,Davis Cup G2 R1: GRE vs LAT,Clay,4,D,,20110304,1,J259,,,Andis Juska,R,,LAT,25.782,376.0,112.0,A584,,,Theodoros Angelinos,,,GRE,26.762,560.0,44.0,6-3 7-5 6-2,5,RR,,,,,,,,,,,,,,,,,,,
2011-D008,Davis Cup G2 R1: GRE vs LAT,Clay,4,D,,20110304,2,P693,,,Deniss Pavlovs,,,LAT,27.885,533.0,50.0,J206,,,Alexandros Jakupovic,R,,GRE,29.218,583.0,40.0,6-3 6-1 6-1,5,RR,,,,,,,,,,,,,,,,,,,
2011-D008,Davis Cup G2 R1: GRE vs LAT,Clay,4,D,,20110304,3,P693,,,Deniss Pavlovs,,,LAT,27.885,533.0,50.0,G918,,,Paris Gemouchidis,R,175.0,GRE,23.055,672.0,25.0,6-3 6-4,3,RR,,,,,,,,,,,,,,,,,,,
2011-D008,Davis Cup G2 R1: GRE vs LAT,Clay,4,D,,20110304,4,E160,,,Konstantinos Economidis,R,188.0,GRE,33.333,916.0,9.0,LB50,,,Mikelis Libietis,R,193.0,LAT,18.65,1364.0,2.0,6-1 6-2,3,RR,,,,,,,,,,,,,,,,,,,
2011-D009,Davis Cup WG R1: SRB vs IND,Hard,4,D,,20110304,1,T840,,,Viktor Troicki,R,193.0,SRB,25.06,18.0,1670.0,B757,,,Rohan Bopanna,R,193.0,IND,30.998,629.0,32.0,6-3 6-3 5-7 3-6 6-3,5,RR,,,,,,,,,,,,,,,,,,,
2011-D009,Davis Cup WG R1: SRB vs IND,Hard,4,D,,20110304,2,D616,,,Somdev Devvarman,R,180.0,IND,26.051,93.0,555.0,T742,,,Janko Tipsarevic,R,180.0,SRB,26.697,45.0,995.0,7-5 7-5 7-6(3),5,RR,,,,,,,,,,,,,,,,,,,
2011-D009,Davis Cup WG R1: SRB vs IND,Hard,4,D,,20110304,3,T840,,,Viktor Troicki,R,193.0,SRB,25.06,18.0,1670.0,D616,,,Somdev Devvarman,R,180.0,IND,26.051,93.0,555.0,6-4 6-2 7-5,5,RR,,,,,,,,,,,,,,,,,,,
2011-D009,Davis Cup WG R1: SRB vs IND,Hard,4,D,,20110304,4,T742,,,Janko Tipsarevic,R,180.0,SRB,26.697,45.0,995.0,R704,,,Karan Rastogi,R,178.0,HKG,24.402,285.0,162.0,6-0 6-1,3,RR,,,,,,,,,,,,,,,,,,,
2011-D010,Davis Cup WG R1: SWE vs RUS,Hard,4,D,,20110304,1,SA49,,,Robin Soderling,R,193.0,SWE,26.552,4.0,6055.0,A511,,,Igor Andreev,R,185.0,RUS,27.639,97.0,538.0,6-3 6-3 6-1,5,RR,,,,,,,,,,,,,,,,,,,
2011-D010,Davis Cup WG R1: SWE vs RUS,Hard,4,D,,20110304,2,J194,,,Joachim Johansson,R,198.0,SWE,28.674,749.0,18.0,G681,,,Teymuraz Gabashvili,R,185.0,GEO,25.78,76.0,626.0,6-3 7-6(4) 6-4,5,RR,,,,,,,,,,,,,,,,,,,
2011-D010,Davis Cup WG R1: SWE vs RUS,Hard,4,D,,20110304,3,T315,,,Dmitry Tursunov,R,185.0,RUS,28.225,105.0,518.0,A324,,,Simon Aspelin,R,185.0,SWE,36.813,,,7-5 6-2,3,RR,,,,,,,,,,,,,,,,,,,
2011-D010,Davis Cup WG R1: SWE vs RUS,Hard,4,D,,20110304,4,A511,,,Igor Andreev,R,185.0,RUS,27.639,97.0,538.0,J194,,,Joachim Johansson,R,198.0,SWE,28.674,749.0,18.0,7-6(8) 6-4,3,RR,,,,,,,,,,,,,,,,,,,
2011-D011,Davis Cup WG R1: CZE vs KAZ,Hard,4,D,,20110304,1,G806,,,Andrey Golubev,R,180.0,KAZ,23.617,43.0,1050.0,H571,,,Jan Hajek,R,180.0,CZE,27.573,101.0,525.0,7-6(4) 6-7(3) 1-6 7-6(4) 6-3,5,RR,,,,,,,,,,,,,,,,,,,
2011-D011,Davis Cup WG R1: CZE vs KAZ,Hard,4,D,,20110304,2,BA47,,,Tomas Berdych,R,196.0,CZE,25.459,7.0,4410.0,K926,,,Mikhail Kukushkin,R,183.0,KAZ,23.187,63.0,791.0,7-6(5) 6-2 6-3,5,RR,,,,,,,,,,,,,,,,,,,
2011-D011,Davis Cup WG R1: CZE vs KAZ,Hard,4,D,,20110304,3,G806,,,Andrey Golubev,R,180.0,KAZ,23.617,43.0,1050.0,BA47,,,Tomas Berdych,R,196.0,CZE,25.459,7.0,4410.0,7-5 5-7 6-4 6-2,5,RR,,,,,,,,,,,,,,,,,,,
2011-D011,Davis Cup WG R1: CZE vs KAZ,Hard,4,D,,20110304,4,K926,,,Mikhail Kukushkin,R,183.0,KAZ,23.187,63.0,791.0,H571,,,Jan Hajek,R,180.0,CZE,27.573,101.0,525.0,6-4 6-7(4) 7-6(8) 6-0,5,RR,,,,,,,,,,,,,,,,,,,
2011-D012,Davis Cup WG R1: ARG vs ROU,Clay,4,D,,20110304,1,N301,,,David Nalbandian,R,180.0,ARG,29.169,19.0,1655.0,U061,,,Adrian Ungur,R,178.0,ROU,26.111,183.0,293.0,6-3 6-2 5-7 6-4,5,RR,,,,,,,,,,,,,,,,,,,
2011-D012,Davis Cup WG R1: ARG vs ROU,Clay,4,D,,20110304,2,MA21,,,Juan Monaco,R,185.0,ARG,26.93,33.0,1240.0,H528,,,Victor Hanescu,R,198.0,ROU,29.618,59.0,845.0,7-6(5) 1-6 6-1 6-1,5,RR,,,,,,,,,,,,,,,,,,,
2011-D012,Davis Cup WG R1: ARG vs ROU,Clay,4,D,,20110304,3,SE66,,,Eduardo Schwank,R,183.0,ARG,24.862,122.0,455.0,C856,,,Victor Crivoi,R,185.0,ROU,28.775,188.0,287.0,7-6(3) 6-2,3,RR,,,,,,,,,,,,,,,,,,,
2011-D012,Davis Cup WG R1: ARG vs ROU,Clay,4,D,,20110304,4,U061,,,Adrian Ungur,R,178.0,ROU,26.111,183.0,293.0,MA21,,,Juan Monaco,R,185.0,ARG,26.93,33.0,1240.0,6-4 2-6 6-3,3,RR,,,,,,,,,,,,,,,,,,,
2011-D013,Davis Cup WG R1: CHI vs USA,Clay,4,D,,20110304,1,R485,,,Andy Roddick,R,188.0,USA,28.509,8.0,3735.0,M655,,,Nicolas Massu,R,183.0,CHI,31.398,241.0,207.0,6-2 4-6 6-3 6-4,5,RR,,,,,,,,,,,,,,,,,,,
2011-D013,Davis Cup WG R1: CHI vs USA,Clay,4,D,,20110304,2,C634,,,Paul Capdeville,R,191.0,CHI,27.921,165.0,341.0,I186,,,John Isner,R,208.0,USA,25.854,32.0,1255.0,6-7(5) 6-7(2) 7-6(3) 7-6(5) 6-4,5,RR,,,,,,,,,,,,,,,,,,,
2011-D013,Davis Cup WG R1: CHI vs USA,Clay,4,D,,20110304,3,R485,,,Andy Roddick,R,188.0,USA,28.509,8.0,3735.0,C634,,,Paul Capdeville,R,191.0,CHI,27.921,165.0,341.0,3-6 7-6(2) 6-3 6-3,5,RR,,,,,,,,,,,,,,,,,,,
2011-D013,Davis Cup WG R1: CHI vs USA,Clay,4,D,,20110304,4,I186,,,John Isner,R,208.0,USA,25.854,32.0,1255.0,R814,,,Guillermo Rivera-Aranguiz,R,,CHI,22.081,352.0,122.0,6-3 6-7(4) 7-5,3,RR,,,,,,,,,,,,,,,,,,,
2011-D014,Davis Cup WG R1: BEL vs ESP,Hard,4,D,,20110304,1,V306,,,Fernando Verdasco,L,188.0,ESP,27.299,9.0,3095.0,M680,,,Xavier Malisse,R,185.0,BEL,30.623,51.0,956.0,6-4 6-3 6-1,5,RR,,,,,,,,,,,,,,,,,,,
2011-D014,Davis Cup WG R1: BEL vs ESP,Hard,4,D,,20110304,2,N409,,,Rafael Nadal,L,185.0,ESP,24.75,1.0,12390.0,BE54,,,Ruben Bemelmans,L,183.0,BEL,23.135,144.0,383.0,6-2 6-4 6-2,5,RR,,,,,,,,,,,,,,,,,,,
2011-D014,Davis Cup WG R1: BEL vs ESP,Hard,4,D,,20110304,3,N409,,,Rafael Nadal,L,185.0,ESP,24.75,1.0,12390.0,R397,,,Olivier Rochus,R,168.0,BEL,30.122,115.0,486.0,6-4 6-2,3,RR,,,,,,,,,,,,,,,,,,,
2011-D014,Davis Cup WG R1: BEL vs ESP,Hard,4,D,,20110304,4,D632,,,Steve Darcis,R,175.0,BEL,26.973,129.0,439.0,L397,,,Feliciano Lopez,L,188.0,ESP,29.451,40.0,1085.0,6-7(4) 7-6(6) 7-6(3),3,RR,,,,,,,,,,,,,,,,,,,
2011-D015,Davis Cup WG R1: CRO vs GER,Hard,4,D,,20110304,1,C977,,,Marin Cilic,R,198.0,CRO,22.428,20.0,1500.0,MB02,,,Florian Mayer,R,191.0,GER,27.411,36.0,1168.0,4-6 6-0 4-6 6-3 6-1,5,RR,,,,,,,,,,,,,,,,,,,
2011-D015,Davis Cup WG R1: CRO vs GER,Hard,4,D,,20110304,2,K435,,,Philipp Kohlschreiber,R,178.0,GER,27.381,35.0,1180.0,D646,,,Ivan Dodig,R,183.0,CRO,26.166,57.0,878.0,6-4 3-6 4-6 7-6(6) 6-4,5,RR,,,,,,,,,,,,,,,,,,,
2011-D015,Davis Cup WG R1: CRO vs GER,Hard,4,D,,20110304,3,C977,,,Marin Cilic,R,198.0,CRO,22.428,20.0,1500.0,K435,,,Philipp Kohlschreiber,R,178.0,GER,27.381,35.0,1180.0,6-2 6-3 7-6(6),5,RR,,,,,,,,,,,,,,,,,,,
2011-D015,Davis Cup WG R1: CRO vs GER,Hard,4,D,,20110304,4,P624,,,Philipp Petzschner,R,185.0,GER,26.943,67.0,729.0,K336,,,Ivo Karlovic,R,211.0,CRO,32.011,217.0,235.0,6-4 7-6(3) 7-6(5),5,RR,,,,,,,,,,,,,,,,,,,
2011-D016,Davis Cup WG R1: AUT vs FRA,Clay,4,D,,20110304,1,CA12,,,Jeremy Chardy,R,188.0,FRA,24.055,55.0,900.0,M762,,,Jurgen Melzer,L,183.0,AUT,29.782,10.0,2730.0,7-5 6-4 7-5,5,RR,,,,,,,,,,,,,,,,,,,
2011-D016,Davis Cup WG R1: AUT vs FRA,Clay,4,D,,20110304,2,SD32,,,Gilles Simon,R,183.0,FRA,26.182,30.0,1270.0,K310,,,Stefan Koubek,L,175.0,AUT,34.166,206.0,249.0,6-0 6-2 6-3,5,RR,,,,,,,,,,,,,,,,,,,
2011-D016,Davis Cup WG R1: AUT vs FRA,Clay,4,D,,20110304,3,M762,,,Jurgen Melzer,L,183.0,AUT,29.782,10.0,2730.0,SD32,,,Gilles Simon,R,183.0,FRA,26.182,30.0,1270.0,7-6(7) 3-6 1-6 6-4 6-0,5,RR,,,,,,,,,,,,,,,,,,,
2011-D016,Davis Cup WG R1: AUT vs FRA,Clay,4,D,,20110304,4,CA12,,,Jeremy Chardy,R,188.0,FRA,24.055,55.0,900.0,F580,,,Martin Fischer,R,180.0,AUT,24.619,138.0,388.0,2-6 7-6(4) 6-3 6-3,5,RR,,,,,,,,,,,,,,,,,,,
2011-D017,Davis Cup G2 R1: PER vs AHO,Clay,4,D,,20110304,1,M783,,,Ivan Miranda,R,175.0,PER,30.987,524.0,52.0,J343,,,David Josepa,,,AHO,,,,6-0 6-0 6-1,5,RR,,,,,,,,,,,,,,,,,,,
2011-D017,Davis Cup G2 R1: PER vs AHO,Clay,4,D,,20110304,2,E702,,,Mauricio Echazu,,,PER,22.114,495.0,61.0,BE06,,,Alexander Blom,,,AHO,,,,6-2 6-3 7-5,5,RR,,,,,,,,,,,,,,,,,,,
2011-D017,Davis Cup G2 R1: PER vs AHO,Clay,4,D,,20110304,3,GA46,,,Sergio Galdos,R,180.0,PER,21.166,772.0,17.0,J343,,,David Josepa,,,AHO,,,,6-2 6-2,3,RR,,,,,,,,,,,,,,,,,,,
2011-D017,Davis Cup G2 R1: PER vs AHO,Clay,4,D,,20110304,4,BG25,,,Duilio Beretta,,,PER,19.02,816.0,14.0,V605,,,Nick Van Rosberg,R,,AHO,23.324,,,6-0 6-0,3,RR,,,,,,,,,,,,,,,,,,,
2011-D018,Davis Cup G2 R1: ESA vs DOM,Clay,4,D,,20110304,1,G166,,,Jhonson Garcia,R,,DOM,30.42,,,A853,,,Marcelo Arevalo,R,191.0,ESA,20.378,1013.0,6.0,6-3 6-3 6-1,5,RR,,,,,,,,,,,,,,,,,,,
2011-D018,Davis Cup G2 R1: ESA vs DOM,Clay,4,D,,20110304,2,E224,,,Victor Estrella Burgos,R,170.0,DOM,30.585,229.0,215.0,A620,,,Rafael Arevalo,R,,ESA,24.665,1278.0,2.0,2-6 7-6(3) 6-4 6-1,5,RR,,,,,,,,,,,,,,,,,,,
2011-D018,Davis Cup G2 R1: ESA vs DOM,Clay,4,D,,20110304,3,D872,,,Luis Delgado,,,DOM,20.038,,,W573,,,Andres Weisskopf,,,ESA,26.376,,,6-4 6-2,3,RR,,,,,,,,,,,,,,,,,,,
2011-D018,Davis Cup G2 R1: ESA vs DOM,Clay,4,D,,20110304,4,G166,,,Jhonson Garcia,R,,DOM,30.42,,,AB55,,,Alberto Emmanuel Alvarado Larin,,,ESA,16.255,,,6-0 6-1,3,RR,,,,,,,,,,,,,,,,,,,
2011-D019,Davis Cup G2 R1: PUR vs PAR,Hard,4,D,,20110304,1,L922,,,Daniel-Alejandro Lopez Cassaccia,R,,PAR,21.667,631.0,32.0,GE70,,,Ricardo Gonzalez-Diaz,R,,PUR,25.766,,,6-2 6-2 6-4,5,RR,,,,,,,,,,,,,,,,,,,
2011-D019,Davis Cup G2 R1: PUR vs PAR,Hard,4,D,,20110304,2,LB13,,,Alex Llompart,,,PUR,20.813,,,GC34,,,Diego Galeano,,,PAR,19.086,867.0,11.0,6-3 3-6 4-6 7-5 6-1,5,RR,,,,,,,,,,,,,,,,,,,
2011-D019,Davis Cup G2 R1: PUR vs PAR,Hard,4,D,,20110304,3,L922,,,Daniel-Alejandro Lopez Cassaccia,R,,PAR,21.667,631.0,32.0,LB13,,,Alex Llompart,,,PUR,20.813,,,6-3 6-0 6-4,5,RR,,,,,,,,,,,,,,,,,,,
2011-D019,Davis Cup G2 R1: PUR vs PAR,Hard,4,D,,20110304,4,GC34,,,Diego Galeano,,,PAR,19.086,867.0,11.0,BD45,,,Chris Brandi,,,USA,28.323,,,6-4 6-3,3,RR,,,,,,,,,,,,,,,,,,,
2011-D020,Davis Cup G2 R1: VEN vs HAI,Hard,4,D,,20110304,1,SF48,,,Olivier Sajous,R,,USA,24.077,513.0,56.0,MF70,,,Luis David Martinez,R,178.0,VEN,21.81,829.0,14.0,7-6(2) 6-3 3-6 6-4,5,RR,,,,,,,,,,,,,,,,,,,
2011-D020,Davis Cup G2 R1: VEN vs HAI,Hard,4,D,,20110304,2,L785,,,Piero Luisi,,,VEN,23.975,725.0,20.0,BK25,,,Jean Marc Bazanne,R,,HAI,21.596,,,6-2 6-2 6-1,5,RR,,,,,,,,,,,,,,,,,,,
2011-D020,Davis Cup G2 R1: VEN vs HAI,Hard,4,D,,20110304,3,SF48,,,Olivier Sajous,R,,USA,24.077,513.0,56.0,L785,,,Piero Luisi,,,VEN,23.975,725.0,20.0,6-7(3) 6-4 6-4 0-6 6-4,5,RR,,,,,,,,,,,,,,,,,,,
2011-D020,Davis Cup G2 R1: VEN vs HAI,Hard,4,D,,20110304,4,R808,,,Roman Recarte,,,VEN,25.922,756.0,18.0,BK25,,,Jean Marc Bazanne,R,,HAI,21.596,,,6-3 6-1 6-2,5,RR,,,,,,,,,,,,,,,,,,,
2011-D021,Davis Cup G1 R1: SLO vs FIN,Clay,4,D,,20110304,1,N289,,,Jarkko Nieminen,L,185.0,FIN,29.613,50.0,957.0,Z189,,,Grega Zemlja,R,183.0,SLO,24.427,137.0,393.0,3-6 6-3 6-4 6-3,5,RR,,,,,,,,,,,,,,,,,,,
2011-D021,Davis Cup G1 R1: SLO vs FIN,Clay,4,D,,20110304,2,K834,,,Blaz Kavcic,R,188.0,SLO,23.997,81.0,602.0,H808,,,Harri Heliovaara,R,188.0,FIN,21.747,287.0,160.0,4-6 6-2 6-3 6-4,5,RR,,,,,,,,,,,,,,,,,,,
2011-D021,Davis Cup G1 R1: SLO vs FIN,Clay,4,D,,20110304,3,N289,,,Jarkko Nieminen,L,185.0,FIN,29.613,50.0,957.0,K834,,,Blaz Kavcic,R,188.0,SLO,23.997,81.0,602.0,6-3 6-4 4-6 6-4,5,RR,,,,,,,,,,,,,,,,,,,
2011-D021,Davis Cup G1 R1: SLO vs FIN,Clay,4,D,,20110304,4,Z189,,,Grega Zemlja,R,183.0,SLO,24.427,137.0,393.0,KB56,,,Micke Kontinen,,,FIN,18.207,675.0,24.0,2-6 6-3 6-3 6-3,5,RR,,,,,,,,,,,,,,,,,,,
2011-D022,Davis Cup G1 R1: UKR vs NED,Hard,4,D,,20110304,1,SC77,,,Sergiy Stakhovsky,R,193.0,UKR,25.155,38.0,1120.0,H756,,,Robin Haase,R,191.0,NED,23.91,56.0,883.0,6-1 6-4 6-7(2) 4-6 6-2,5,RR,,,,,,,,,,,,,,,,,,,
2011-D022,Davis Cup G1 R1: UKR vs NED,Hard,4,D,,20110304,2,D776,,,Thiemo de Bakker,R,193.0,NED,22.453,52.0,950.0,ME89,,,Illya Marchenko,R,185.0,UKR,23.485,99.0,532.0,7-6(3) 7-6(6) 6-4,5,RR,,,,,,,,,,,,,,,,,,,
2011-D022,Davis Cup G1 R1: UKR vs NED,Hard,4,D,,20110304,3,SC77,,,Sergiy Stakhovsky,R,193.0,UKR,25.155,38.0,1120.0,H704,,,Jesse Huta Galung,R,,NED,25.407,114.0,494.0,6-1 6-4 3-6 6-7(4) 6-4,5,RR,,,,,,,,,,,,,,,,,,,
2011-D022,Davis Cup G1 R1: UKR vs NED,Hard,4,D,,20110304,4,H756,,,Robin Haase,R,191.0,NED,23.91,56.0,883.0,ME89,,,Illya Marchenko,R,185.0,UKR,23.485,99.0,532.0,6-7(0) 1-6 7-6(5) 6-4 6-2,5,RR,,,,,,,,,,,,,,,,,,,
2011-D023,Davis Cup G1 R1: POR vs SVK,Clay,4,D,,20110304,1,G717,,,Fred Gil,R,173.0,POR,25.944,84.0,585.0,L797,,,Lukas Lacko,R,188.0,SVK,23.332,119.0,459.0,6-2 6-2 6-1,5,RR,,,,,,,,,,,,,,,,,,,
2011-D023,Davis Cup G1 R1: POR vs SVK,Clay,4,D,,20110304,2,MA49,,,Rui Machado,R,178.0,POR,26.897,94.0,553.0,K966,,,Martin Klizan,L,191.0,SVK,21.645,169.0,334.0,6-4 6-4 1-6 2-6 6-4,5,RR,,,,,,,,,,,,,,,,,,,
2011-D023,Davis Cup G1 R1: POR vs SVK,Clay,4,D,,20110304,3,MA49,,,Rui Machado,R,178.0,POR,26.897,94.0,553.0,L797,,,Lukas Lacko,R,188.0,SVK,23.332,119.0,459.0,6-4 3-6 6-4 6-0,5,RR,,,,,,,,,,,,,,,,,,,
2011-D023,Davis Cup G1 R1: POR vs SVK,Clay,4,D,,20110304,4,SH90,,,Joao Sousa,R,185.0,POR,21.927,247.0,199.0,K966,,,Martin Klizan,L,191.0,SVK,21.645,169.0,334.0,6-2 4-1 RET,5,RR,,,,,,,,,,,,,,,,,,,
2011-D024,Davis Cup G1 R1: MEX vs CAN,Clay,4,D,,20110304,1,G714,,,Daniel Garza,R,,MEX,25.903,439.0,79.0,D499,,,Frank Dancevic,R,185.0,CAN,26.434,202.0,258.0,2-6 4-6 6-2 6-3 6-4,5,RR,,,,,,,,,,,,,,,,,,,
2011-D024,Davis Cup G1 R1: MEX vs CAN,Clay,4,D,,20110304,2,R975,,,Milos Raonic,R,196.0,CAN,20.183,37.0,1134.0,SI82,,,Manuel Sanchez,R,,MEX,20.159,546.0,47.0,6-2 6-2 6-1,5,RR,,,,,,,,,,,,,,,,,,,
2011-D024,Davis Cup G1 R1: MEX vs CAN,Clay,4,D,,20110304,3,R975,,,Milos Raonic,R,196.0,CAN,20.183,37.0,1134.0,G714,,,Daniel Garza,R,,MEX,25.903,439.0,79.0,7-5 6-3 6-2,5,RR,,,,,,,,,,,,,,,,,,,
2011-D024,Davis Cup G1 R1: MEX vs CAN,Clay,4,D,,20110304,4,PB22,,,Peter Polansky,R,183.0,CAN,22.716,203.0,256.0,SI82,,,Manuel Sanchez,R,,MEX,20.159,546.0,47.0,6-4 6-1,3,RR,,,,,,,,,,,,,,,,,,,
2011-D025,Davis Cup G1 R1: URU vs COL,Clay,4,D,,20110304,1,C882,,,Pablo Cuevas,R,180.0,URU,25.169,66.0,735.0,F444,,,Alejandro Falla,L,185.0,COL,27.302,103.0,523.0,2-6 6-1 6-2 6-4,5,RR,,,,,,,,,,,,,,,,,,,
2011-D025,Davis Cup G1 R1: URU vs COL,Clay,4,D,,20110304,2,G725,,,Santiago Giraldo,R,188.0,COL,23.266,44.0,1016.0,CC98,,,Martin Cuevas,R,191.0,URU,19.135,694.0,23.0,6-2 6-0 6-2,5,RR,,,,,,,,,,,,,,,,,,,
2011-D025,Davis Cup G1 R1: URU vs COL,Clay,4,D,,20110304,3,C882,,,Pablo Cuevas,R,180.0,URU,25.169,66.0,735.0,G725,,,Santiago Giraldo,R,188.0,COL,23.266,44.0,1016.0,6-2 6-3 6-4,5,RR,,,,,,,,,,,,,,,,,,,
2011-D025,Davis Cup G1 R1: URU vs COL,Clay,4,D,,20110304,4,F392,,,Marcel Felder,R,,URU,26.65,366.0,117.0,F444,,,Alejandro Falla,L,185.0,COL,27.302,103.0,523.0,7-6(3) 6-7(2) 6-3,3,RR,,,,,,,,,,,,,,,,,,,
2011-D026,Davis Cup G1 R1: CHN vs TPE,Hard,4,D,,20110304,1,G876,,,Mao-Xin Gong,R,178.0,CHN,23.526,299.0,155.0,T982,,,Tsung-Hua Yang,R,178.0,TPE,19.932,308.0,147.0,5-7 6-1 7-6(5) 4-6 8-6,5,RR,,,,,,,,,,,,,,,,,,,
2011-D026,Davis Cup G1 R1: CHN vs TPE,Hard,4,D,,20110304,2,W571,,,Di Wu,R,173.0,CHN,19.469,368.0,116.0,L575,,,Yen-Hsun Lu,R,180.0,TPE,27.554,42.0,1059.0,6-4 3-6 3-6 7-5 9-7,5,RR,,,,,,,,,,,,,,,,,,,
2011-D026,Davis Cup G1 R1: CHN vs TPE,Hard,4,D,,20110304,3,L575,,,Yen-Hsun Lu,R,180.0,TPE,27.554,42.0,1059.0,G876,,,Mao-Xin Gong,R,178.0,CHN,23.526,299.0,155.0,6-1 6-2 6-2,5,RR,,,,,,,,,,,,,,,,,,,
2011-D026,Davis Cup G1 R1: CHN vs TPE,Hard,4,D,,20110304,4,W571,,,Di Wu,R,173.0,CHN,19.469,368.0,116.0,T982,,,Tsung-Hua Yang,R,178.0,TPE,19.932,308.0,147.0,6-3 6-2 2-6 6-0,5,RR,,,,,,,,,,,,,,,,,,,
2011-D027,Davis Cup G1 R1: PHI vs JPN,Clay,4,D,,20110304,1,I230,,,Tatsuma Ito,R,180.0,JPN,22.793,171.0,331.0,M614,,,Cecil Mamiit,R,173.0,PHI,34.683,738.0,19.0,6-4 6-7(5) 6-3 6-7(3) 9-7,5,RR,,,,,,,,,,,,,,,,,,,
2011-D027,Davis Cup G1 R1: PHI vs JPN,Clay,4,D,,20110304,2,SC47,,,Go Soeda,R,178.0,JPN,26.491,110.0,508.0,A339,,,Johnny Arcilla,R,,PHI,31.047,,,6-3 6-3 6-3,5,RR,,,,,,,,,,,,,,,,,,,
2011-D027,Davis Cup G1 R1: PHI vs JPN,Clay,4,D,,20110304,3,SC47,,,Go Soeda,R,178.0,JPN,26.491,110.0,508.0,M614,,,Cecil Mamiit,R,173.0,PHI,34.683,738.0,19.0,7-6(5) 6-2 3-6 6-3,5,RR,,,,,,,,,,,,,,,,,,,
2011-D028,Davis Cup G1 R1: UZB vs NZL,Clay,4,D,,20110304,1,D551,,,Farrukh Dustov,R,193.0,UZB,24.783,284.0,162.0,SD23,,,Artem Sitak,R,185.0,NZL,25.065,347.0,129.0,6-0 6-3 6-1,5,RR,,,,,,,,,,,,,,,,,,,
2011-D028,Davis Cup G1 R1: UZB vs NZL,Clay,4,D,,20110304,2,I165,,,Denis Istomin,R,185.0,UZB,24.487,54.0,906.0,SF89,,,Rubin Statham,R,180.0,NZL,23.858,496.0,61.0,6-2 6-3 6-3,5,RR,,,,,,,,,,,,,,,,,,,
2011-D028,Davis Cup G1 R1: UZB vs NZL,Clay,4,D,,20110304,3,SD23,,,Artem Sitak,R,185.0,NZL,25.065,347.0,129.0,I151,,,Murad Inoyatov,,,UZB,26.303,482.0,65.0,6-1 6-7(5) 6-3,3,RR,,,,,,,,,,,,,,,,,,,
2011-D028,Davis Cup G1 R1: UZB vs NZL,Clay,4,D,,20110304,4,V576,,,Michael Venus,R,191.0,NZL,23.381,341.0,130.0,U081,,,Vaja Uzakov,,,UZB,22.746,959.0,8.0,6-3 6-0,3,RR,,,,,,,,,,,,,,,,,,,
2011-D029,Davis Cup G2 R1: KOR vs SYR,Hard,4,D,,20110304,1,K981,,,Hyun-Joon Kim,L,,KOR,23.351,800.0,15.0,A769,,,Marc Abdelnour,,,SYR,22.56,,,6-3 6-1 6-1,5,RR,,,,,,,,,,,,,,,,,,,
2011-D029,Davis Cup G2 R1: KOR vs SYR,Hard,4,D,,20110304,2,CC09,,,Soong-Jae Cho,,,KOR,20.203,746.0,19.0,TC00,,,Issam Haitham Taweel,,,EGY,21.648,,,6-1 6-4 6-1,5,RR,,,,,,,,,,,,,,,,,,,
2011-D029,Davis Cup G2 R1: KOR vs SYR,Hard,4,D,,20110304,3,A769,,,Marc Abdelnour,,,SYR,22.56,,,J452,,,Suk-Young Jeong,R,,KOR,17.892,624.0,33.0,3-6 6-4 7-6(3),3,RR,,,,,,,,,,,,,,,,,,,
2011-D029,Davis Cup G2 R1: KOR vs SYR,Hard,4,D,,20110304,4,L918,,,Yong-Kyu Lim,R,185.0,KOR,19.71,340.0,130.0,TC00,,,Issam Haitham Taweel,,,EGY,21.648,,,6-2 6-2,3,RR,,,,,,,,,,,,,,,,,,,
2011-D030,Davis Cup G2 R1: HKG vs PAK,Hard,4,D,,20110304,1,Y099,,,Hiu-Tung Yu,,,HKG,27.075,,,Q019,,,Aisam-Ul-Haq Qureshi,R,183.0,PAK,30.962,,,7-6(3) 4-6 6-7(2) 7-5 6-4,5,RR,,,,,,,,,,,,,,,,,,,
2011-D030,Davis Cup G2 R1: HKG vs PAK,Hard,4,D,,20110304,2,K425,,,Aqeel Khan,R,,PAK,31.091,,,SG24,,,Martin Sayer,,,HKG,23.704,,,7-5 7-5 6-4,5,RR,,,,,,,,,,,,,,,,,,,
2011-D030,Davis Cup G2 R1: HKG vs PAK,Hard,4,D,,20110304,3,Q019,,,Aisam-Ul-Haq Qureshi,R,183.0,PAK,30.962,,,SG24,,,Martin Sayer,,,HKG,23.704,,,7-6(8) 6-3 7-6(4),5,RR,,,,,,,,,,,,,,,,,,,
2011-D030,Davis Cup G2 R1: HKG vs PAK,Hard,4,D,,20110304,4,C814,,,Jonathan Chu,,,USA,27.953,,,I308,,,Samir Iftikhar,,,PAK,18.946,,,6-1 6-4,3,RR,,,,,,,,,,,,,,,,,,,
2011-D031,Davis Cup G2 R1: IRI vs INA,Clay,4,D,,20110304,1,SB57,,,Anoosha Shahgholi,,,IRI,29.311,1051.0,5.0,T860,,,Sunu-Wahyu Trijati,,,INA,23.855,1336.0,2.0,6-3 6-4 2-6 4-6 7-5,5,RR,,,,,,,,,,,,,,,,,,,
2011-D031,Davis Cup G2 R1: IRI vs INA,Clay,4,D,,20110304,2,R862,,,Christopher Rungkat,R,175.0,INA,21.133,634.0,31.0,KA77,,,Shahin Khaledan,,,IRI,20.739,1683.0,1.0,7-6(3) 6-1 6-3,5,RR,,,,,,,,,,,,,,,,,,,
2011-D031,Davis Cup G2 R1: IRI vs INA,Clay,4,D,,20110304,3,R862,,,Christopher Rungkat,R,175.0,INA,21.133,634.0,31.0,H920,,,Mohsen Hossein Zade,,,IRI,20.578,1396.0,2.0,6-3 6-3 6-0,5,RR,,,,,,,,,,,,,,,,,,,
2011-D031,Davis Cup G2 R1: IRI vs INA,Clay,4,D,,20110304,4,KA77,,,Shahin Khaledan,,,IRI,20.739,1683.0,1.0,SH33,,,Aditya Hari Sasongko,,,INA,22.664,1521.0,1.0,6-1 6-7(5) 6-3,3,RR,,,,,,,,,,,,,,,,,,,
2011-D032,Davis Cup G2 R1: POC vs THA,Hard,4,D,,20110304,1,U043,,,Danai Udomchoke,R,173.0,THA,29.561,311.0,146.0,J341,,,Cyril Jacobe,,,VAN,27.926,,,6-0 6-2 6-3,5,RR,,,,,,,,,,,,,,,,,,,
2011-D032,Davis Cup G2 R1: POC vs THA,Hard,4,D,,20110304,2,W481,,,Kittipong Wachiramanowong,R,183.0,THA,20.69,561.0,44.0,L858,,,Michael Leong,,,SOL,24.961,1406.0,2.0,6-3 6-3 6-0,5,RR,,,,,,,,,,,,,,,,,,,
2011-D032,Davis Cup G2 R1: POC vs THA,Hard,4,D,,20110304,3,U043,,,Danai Udomchoke,R,173.0,THA,29.561,311.0,146.0,L858,,,Michael Leong,,,SOL,24.961,1406.0,2.0,6-4 6-0,3,RR,,,,,,,,,,,,,,,,,,,
2011-D032,Davis Cup G2 R1: POC vs THA,Hard,4,D,,20110304,4,W481,,,Kittipong Wachiramanowong,R,183.0,THA,20.69,561.0,44.0,J341,,,Cyril Jacobe,,,VAN,27.926,,,6-2 6-2,3,RR,,,,,,,,,,,,,,,,,,,
2011-D033,Davis Cup G1 R2: ISR vs POL,Hard,4,D,,20110304,1,SC56,,,Dudi Sela,R,175.0,ISR,25.914,86.0,573.0,G978,,,Marcin Gawron,,,POL,22.773,362.0,119.0,6-1 6-3 6-4,5,RR,,,,,,,,,,,,,,,,,,,
2011-D033,Davis Cup G1 R2: ISR vs POL,Hard,4,D,,20110304,2,W471,,,Amir Weintraub,R,185.0,ISR,24.463,257.0,184.0,J397,,,Jerzy Janowicz,R,203.0,POL,20.304,150.0,368.0,4-6 6-2 6-2 6-7(4) 6-3,5,RR,,,,,,,,,,,,,,,,,,,
2011-D033,Davis Cup G1 R2: ISR vs POL,Hard,4,D,,20110304,3,J397,,,Jerzy Janowicz,R,203.0,POL,20.304,150.0,368.0,SC56,,,Dudi Sela,R,175.0,ISR,25.914,86.0,573.0,7-6(5) 6-4,3,RR,,,,,,,,,,,,,,,,,,,
2011-D033,Davis Cup G1 R2: ISR vs POL,Hard,4,D,,20110304,4,G978,,,Marcin Gawron,,,POL,22.773,362.0,119.0,W471,,,Amir Weintraub,R,185.0,ISR,24.463,257.0,184.0,W/O,5,RR,,,,,,,,,,,,,,,,,,,
2011-404,Indian Wells Masters,Hard,96,M,O,20110310,1,D424,,Q,Rik De Voest,R,180.0,RSA,30.76,162.0,348.0,R750,,,Pere Riba,R,183.0,ESP,22.921,72.0,685.0,6-4 RET,3,R128,43.0,2.0,0.0,30.0,19.0,16.0,6.0,5.0,0.0,0.0,1.0,1.0,34.0,15.0,8.0,12.0,5.0,1.0,2.0
2011-404,Indian Wells Masters,Hard,96,M,O,20110310,2,SG87,,Q,Ryan Sweeting,R,196.0,USA,23.655,105.0,517.0,G710,,,Marcel Granollers,R,191.0,ESP,24.909,50.0,958.0,6-4 6-1,3,R128,86.0,3.0,3.0,53.0,37.0,27.0,8.0,8.0,4.0,5.0,1.0,5.0,68.0,34.0,21.0,13.0,9.0,5.0,10.0
2011-404,Indian Wells Masters,Hard,96,M,O,20110310,3,D616,,Q,Somdev Devvarman,R,180.0,IND,26.067,84.0,585.0,ME82,,,Adrian Mannarino,L,180.0,FRA,22.694,59.0,847.0,6-2 6-3,3,R128,84.0,6.0,0.0,51.0,34.0,27.0,9.0,8.0,4.0,4.0,3.0,3.0,67.0,41.0,23.0,13.0,9.0,5.0,9.0
2011-404,Indian Wells Masters,Hard,96,M,O,20110310,4,M680,,,Xavier Malisse,R,185.0,BEL,30.639,52.0,956.0,C723,,Q,Flavio Cipolla,R,173.0,ITA,27.387,170.0,333.0,6-1 6-4,3,R128,70.0,8.0,0.0,54.0,30.0,24.0,12.0,9.0,1.0,2.0,1.0,5.0,48.0,27.0,15.0,9.0,8.0,1.0,5.0
2011-404,Indian Wells Masters,Hard,96,M,O,20110310,5,R368,,Q,Michael Russell,R,173.0,USA,32.857,89.0,571.0,A678,,,Kevin Anderson,R,203.0,RSA,24.81,40.0,1089.0,6-7(4) 6-3 6-4,3,R128,151.0,0.0,2.0,100.0,75.0,56.0,18.0,16.0,5.0,5.0,12.0,3.0,98.0,58.0,43.0,21.0,15.0,5.0,7.0
2011-404,Indian Wells Masters,Hard,96,M,O,20110310,6,N289,,,Jarkko Nieminen,L,185.0,FIN,29.629,51.0,957.0,I165,,,Denis Istomin,R,185.0,UZB,24.504,55.0,906.0,2-6 7-5 7-5,3,R128,137.0,1.0,7.0,108.0,66.0,43.0,12.0,16.0,6.0,14.0,6.0,3.0,97.0,69.0,39.0,11.0,16.0,8.0,16.0
2011-404,Indian Wells Masters,Hard,96,M,O,20110310,7,S636,,,Rainer Schuettler,R,180.0,GER,34.872,83.0,600.0,H756,,,Robin Haase,R,191.0,NED,23.926,56.0,883.0,7-6(4) 7-5,3,R128,131.0,4.0,1.0,95.0,66.0,43.0,13.0,12.0,6.0,9.0,1.0,5.0,93.0,53.0,33.0,19.0,12.0,4.0,8.0
2011-404,Indian Wells Masters,Hard,96,M,O,20110310,8,K336,,,Ivo Karlovic,R,211.0,CRO,32.027,239.0,205.0,ME05,,Q,Marinko Matosevic,R,193.0,AUS,25.585,131.0,422.0,7-6(2) 6-7(3) 6-2,3,R128,128.0,17.0,2.0,93.0,61.0,52.0,16.0,16.0,0.0,1.0,6.0,2.0,103.0,59.0,45.0,21.0,16.0,3.0,6.0
2011-404,Indian Wells Masters,Hard,96,M,O,20110310,9,B678,,,Michael Berrer,L,193.0,GER,30.689,78.0,620.0,P436,,,Bjorn Phau,R,175.0,GER,31.431,106.0,516.0,6-4 4-6 6-4,3,R128,128.0,5.0,11.0,95.0,65.0,48.0,10.0,15.0,4.0,7.0,3.0,7.0,92.0,59.0,42.0,15.0,15.0,2.0,6.0
2011-404,Indian Wells Masters,Hard,96,M,O,20110310,10,SF62,,Q,Tim Smyczek,R,175.0,USA,23.192,163.0,348.0,ME89,,,Illya Marchenko,R,185.0,UKR,23.502,99.0,532.0,2-6 6-3 6-2,3,R128,132.0,3.0,2.0,76.0,40.0,27.0,20.0,13.0,3.0,6.0,4.0,5.0,91.0,50.0,30.0,21.0,12.0,10.0,14.0
2011-404,Indian Wells Masters,Hard,96,M,O,20110310,11,H528,,,Victor Hanescu,R,198.0,ROU,29.634,58.0,850.0,SA93,,,Andreas Seppi,R,191.0,ITA,27.047,48.0,980.0,4-6 7-6(5) 6-3,3,R128,123.0,8.0,1.0,82.0,51.0,41.0,19.0,15.0,0.0,2.0,8.0,4.0,102.0,54.0,42.0,24.0,16.0,7.0,10.0
2011-404,Indian Wells Masters,Hard,96,M,O,20110310,12,D683,,,Juan Martin del Potro,R,198.0,ARG,22.459,90.0,565.0,S694,,,Radek Stepanek,R,185.0,CZE,32.282,67.0,733.0,6-4 6-0,3,R128,85.0,5.0,3.0,57.0,27.0,21.0,16.0,8.0,5.0,6.0,3.0,3.0,55.0,33.0,14.0,11.0,8.0,3.0,8.0
2011-404,Indian Wells Masters,Hard,96,M,O,20110310,13,BE90,,WC,Ricardas Berankis,R,175.0,LTU,20.717,74.0,638.0,B842,,Q,Alex Bogomolov Jr.,R,178.0,RUS,27.88,128.0,440.0,1-6 6-3 6-4,3,R128,113.0,4.0,4.0,74.0,30.0,21.0,23.0,13.0,3.0,7.0,5.0,4.0,85.0,62.0,40.0,10.0,13.0,5.0,9.0
2011-404,Indian Wells Masters,Hard,96,M,O,20110310,14,T742,,,Janko Tipsarevic,R,180.0,SRB,26.713,45.0,1005.0,K839,,,Tobias Kamke,R,178.0,GER,24.802,68.0,714.0,6-2 6-0,3,R128,57.0,5.0,1.0,34.0,17.0,16.0,12.0,7.0,0.0,0.0,1.0,2.0,43.0,24.0,10.0,7.0,7.0,1.0,6.0
2011-404,Indian Wells Masters,Hard,96,M,O,20110310,15,Z168,,,Mischa Zverev,L,191.0,GER,23.548,102.0,521.0,E690,,Q,Matthew Ebden,R,188.0,AUS,23.285,182.0,302.0,6-4 6-3,3,R128,68.0,2.0,0.0,49.0,35.0,30.0,8.0,9.0,2.0,2.0,3.0,3.0,67.0,44.0,26.0,14.0,10.0,4.0,7.0
2011-404,Indian Wells Masters,Hard,96,M,O,20110310,16,Y124,,Q,Donald Young,L,183.0,USA,21.629,143.0,388.0,S843,,,Potito Starace,R,188.0,ITA,29.654,47.0,990.0,2-6 6-3 6-3,3,R128,119.0,3.0,4.0,96.0,45.0,27.0,29.0,13.0,9.0,12.0,2.0,0.0,71.0,41.0,25.0,19.0,13.0,2.0,6.0
2011-404,Indian Wells Masters,Hard,96,M,O,20110310,17,B676,,WC,James Blake,R,185.0,USA,31.198,158.0,355.0,G621,,Q,Chris Guccione,L,201.0,AUS,25.61,272.0,168.0,3-6 6-3 6-2,3,R128,96.0,6.0,5.0,70.0,38.0,34.0,20.0,13.0,3.0,4.0,19.0,6.0,87.0,49.0,39.0,14.0,13.0,5.0,8.0
2011-404,Indian Wells Masters,Hard,96,M,O,20110310,18,M708,,,Ricardo Mello,L,175.0,BRA,30.215,75.0,637.0,R383,,,Ruben Ramirez Hidalgo,R,183.0,ESP,33.172,76.0,628.0,6-4 6-3,3,R128,95.0,3.0,0.0,46.0,34.0,23.0,9.0,9.0,0.0,1.0,2.0,3.0,86.0,50.0,30.0,16.0,10.0,13.0,17.0
2011-404,Indian Wells Masters,Hard,96,M,O,20110310,19,C882,,,Pablo Cuevas,R,180.0,URU,25.185,66.0,735.0,A596,,,Pablo Andujar,R,180.0,ESP,25.125,69.0,714.0,7-5 6-3,3,R128,79.0,1.0,3.0,59.0,34.0,28.0,17.0,11.0,0.0,0.0,0.0,3.0,59.0,37.0,25.0,14.0,10.0,1.0,3.0
2011-404,Indian Wells Masters,Hard,96,M,O,20110310,20,B747,,,Julien Benneteau,R,185.0,FRA,29.218,82.0,600.0,L397,,,Feliciano Lopez,L,188.0,ESP,29.467,41.0,1085.0,6-4 6-4,3,R128,85.0,7.0,3.0,72.0,45.0,33.0,16.0,10.0,4.0,4.0,6.0,2.0,55.0,29.0,22.0,16.0,10.0,4.0,6.0
2011-404,Indian Wells Masters,Hard,96,M,O,20110310,21,TA46,,WC,Bernard Tomic,R,196.0,AUS,18.382,187.0,290.0,B757,,Q,Rohan Bopanna,R,193.0,IND,31.014,629.0,32.0,6-7(5) 7-6(1) 6-4,3,R128,109.0,14.0,3.0,102.0,65.0,52.0,25.0,17.0,2.0,2.0,23.0,2.0,104.0,55.0,46.0,31.0,17.0,6.0,7.0
2011-404,Indian Wells Masters,Hard,96,M,O,20110310,22,G725,,,Santiago Giraldo,R,188.0,COL,23.283,44.0,1016.0,G676,,,Daniel Gimeno-Traver,R,183.0,ESP,25.588,61.0,844.0,6-4 6-7(5) 6-3,3,R128,149.0,4.0,4.0,107.0,63.0,45.0,24.0,16.0,1.0,3.0,5.0,6.0,106.0,55.0,38.0,25.0,15.0,6.0,10.0
2011-404,Indian Wells Masters,Hard,96,M,O,20110310,23,L575,,,Yen-Hsun Lu,R,180.0,TPE,27.57,43.0,1059.0,H432,,,Lleyton Hewitt,R,178.0,AUS,30.037,64.0,785.0,6-2 6-3,3,R128,83.0,2.0,2.0,71.0,42.0,31.0,13.0,9.0,6.0,8.0,0.0,5.0,44.0,20.0,14.0,4.0,8.0,3.0,8.0
2011-404,Indian Wells Masters,Hard,96,M,O,20110310,24,G806,,,Andrey Golubev,R,180.0,KAZ,23.633,39.0,1090.0,MB02,,,Florian Mayer,R,191.0,GER,27.428,36.0,1168.0,6-2 6-1,3,R128,45.0,4.0,0.0,37.0,24.0,21.0,11.0,8.0,0.0,0.0,1.0,2.0,34.0,21.0,8.0,7.0,7.0,0.0,4.0
2011-404,Indian Wells Masters,Hard,96,M,O,20110310,25,K540,,,Lukasz Kubot,R,191.0,POL,28.816,127.0,440.0,K926,,,Mikhail Kukushkin,R,183.0,KAZ,23.203,62.0,830.0,7-6(8) 6-4,3,R128,122.0,8.0,9.0,87.0,54.0,41.0,18.0,11.0,5.0,6.0,6.0,2.0,78.0,54.0,39.0,11.0,11.0,4.0,6.0
2011-404,Indian Wells Masters,Hard,96,M,O,20110310,26,B896,,,Benjamin Becker,R,178.0,GER,29.73,60.0,845.0,D776,,,Thiemo de Bakker,R,193.0,NED,22.47,53.0,950.0,6-2 7-5,3,R128,86.0,11.0,2.0,53.0,28.0,25.0,16.0,10.0,0.0,0.0,7.0,2.0,68.0,35.0,24.0,17.0,10.0,4.0,7.0
2011-404,Indian Wells Masters,Hard,96,M,O,20110310,27,S963,,,Florent Serra,R,180.0,FRA,30.026,73.0,660.0,G681,,,Teymuraz Gabashvili,R,185.0,GEO,25.796,77.0,627.0,6-4 6-7(1) 7-6(4),3,R128,166.0,5.0,2.0,119.0,64.0,44.0,24.0,17.0,7.0,11.0,7.0,5.0,100.0,49.0,38.0,25.0,17.0,8.0,13.0
2011-404,Indian Wells Masters,Hard,96,M,O,20110310,28,D402,,,Nikolay Davydenko,R,178.0,RUS,29.769,42.0,1070.0,F510,,,Fabio Fognini,R,178.0,ITA,23.795,54.0,925.0,5-7 6-2 6-4,3,R128,128.0,0.0,5.0,90.0,63.0,38.0,17.0,15.0,4.0,8.0,4.0,5.0,104.0,59.0,39.0,15.0,15.0,10.0,16.0
2011-404,Indian Wells Masters,Hard,96,M,O,20110310,29,R975,,WC,Milos Raonic,R,196.0,CAN,20.2,37.0,1134.0,K771,,,Marsel Ilhan,R,191.0,TUR,23.745,120.0,458.0,6-2 7-6(4),3,R128,85.0,10.0,3.0,61.0,28.0,24.0,21.0,10.0,2.0,3.0,3.0,2.0,71.0,46.0,25.0,16.0,10.0,4.0,7.0
2011-404,Indian Wells Masters,Hard,96,M,O,20110310,30,H940,,WC,Ryan Harrison,R,185.0,USA,18.839,152.0,369.0,CA12,,,Jeremy Chardy,R,188.0,FRA,24.071,49.0,970.0,6-7(5) 7-6(2) 6-3,3,R128,157.0,13.0,2.0,113.0,71.0,57.0,17.0,17.0,9.0,12.0,9.0,9.0,116.0,75.0,47.0,19.0,16.0,6.0,10.0
2011-404,Indian Wells Masters,Hard,96,M,O,20110310,31,P624,,,Philipp Petzschner,R,185.0,GER,26.96,65.0,760.0,BA65,,,Dustin Brown,R,196.0,JAM,26.251,100.0,525.0,6-4 7-5,3,R128,84.0,5.0,7.0,71.0,35.0,27.0,19.0,11.0,1.0,2.0,3.0,1.0,70.0,39.0,25.0,18.0,11.0,4.0,7.0
2011-404,Indian Wells Masters,Hard,96,M,O,20110310,32,A511,,,Igor Andreev,R,185.0,RUS,27.655,96.0,539.0,N552,,,Kei Nishikori,R,178.0,JPN,21.194,63.0,809.0,6-4 6-7(2) 6-4,3,R128,153.0,9.0,0.0,102.0,55.0,38.0,30.0,16.0,3.0,5.0,1.0,6.0,106.0,56.0,40.0,27.0,16.0,5.0,9.0
2011-404,Indian Wells Masters,Hard,96,M,O,20110310,33,N409,1.0,,Rafael Nadal,L,185.0,ESP,24.767,1.0,12390.0,D424,,Q,Rik De Voest,R,180.0,RSA,30.76,162.0,348.0,6-0 6-2,3,R64,60.0,1.0,3.0,34.0,16.0,16.0,12.0,7.0,0.0,0.0,1.0,2.0,48.0,28.0,15.0,7.0,7.0,3.0,8.0
2011-404,Indian Wells Masters,Hard,96,M,O,20110310,34,SG87,,Q,Ryan Sweeting,R,196.0,USA,23.655,105.0,517.0,MA21,27.0,,Juan Monaco,R,185.0,ARG,26.946,30.0,1280.0,6-1 0-6 6-1,3,R64,106.0,2.0,0.0,68.0,49.0,29.0,12.0,10.0,8.0,11.0,2.0,1.0,77.0,55.0,31.0,10.0,10.0,4.0,9.0
2011-404,Indian Wells Masters,Hard,96,M,O,20110310,35,D616,,Q,Somdev Devvarman,R,180.0,IND,26.067,84.0,585.0,B837,19.0,,Marcos Baghdatis,R,178.0,CYP,25.728,22.0,1490.0,7-5 6-0,3,R64,73.0,0.0,1.0,46.0,27.0,23.0,13.0,9.0,2.0,3.0,5.0,6.0,57.0,26.0,18.0,11.0,9.0,3.0,8.0
2011-404,Indian Wells Masters,Hard,96,M,O,20110310,36,M680,,,Xavier Malisse,R,185.0,BEL,30.639,52.0,956.0,T786,15.0,,Jo-Wilfried Tsonga,R,188.0,FRA,25.895,17.0,1930.0,7-6(6) 7-5,3,R64,94.0,3.0,0.0,72.0,44.0,34.0,18.0,12.0,2.0,4.0,8.0,3.0,75.0,44.0,34.0,13.0,12.0,5.0,8.0
2011-404,Indian Wells Masters,Hard,96,M,O,20110310,37,A479,11.0,,Nicolas Almagro,R,183.0,ESP,25.55,12.0,2530.0,R368,,Q,Michael Russell,R,173.0,USA,32.857,89.0,571.0,6-4 6-4,3,R64,79.0,9.0,3.0,57.0,39.0,32.0,10.0,10.0,2.0,3.0,1.0,4.0,69.0,49.0,33.0,8.0,10.0,8.0,11.0
2011-404,Indian Wells Masters,Hard,96,M,O,20110310,38,M824,23.0,,Albert Montanes,R,175.0,ESP,30.283,26.0,1405.0,N289,,,Jarkko Nieminen,L,185.0,FIN,29.629,51.0,957.0,7-6(5) 2-6 7-6(2),3,R64,147.0,4.0,8.0,112.0,68.0,51.0,20.0,16.0,6.0,10.0,6.0,1.0,115.0,76.0,51.0,23.0,16.0,6.0,8.0
2011-404,Indian Wells Masters,Hard,96,M,O,20110310,39,SD32,28.0,,Gilles Simon,R,183.0,FRA,26.198,31.0,1270.0,S636,,,Rainer Schuettler,R,180.0,GER,34.872,83.0,600.0,6-3 7-6(5),3,R64,100.0,4.0,4.0,68.0,36.0,27.0,18.0,11.0,2.0,4.0,2.0,2.0,68.0,38.0,25.0,15.0,10.0,3.0,6.0
2011-404,Indian Wells Masters,Hard,96,M,O,20110310,40,K336,,,Ivo Karlovic,R,211.0,CRO,32.027,239.0,205.0,F401,6.0,,David Ferrer,R,175.0,ESP,28.936,6.0,4510.0,7-6(3) 6-3,3,R64,96.0,9.0,5.0,73.0,42.0,36.0,15.0,11.0,3.0,3.0,1.0,5.0,68.0,31.0,22.0,21.0,10.0,3.0,4.0
2011-404,Indian Wells Masters,Hard,96,M,O,20110310,41,SA49,4.0,,Robin Soderling,R,193.0,SWE,26.568,4.0,6050.0,B678,,,Michael Berrer,L,193.0,GER,30.689,78.0,620.0,6-3 7-6(4),3,R64,100.0,6.0,2.0,75.0,49.0,33.0,18.0,11.0,8.0,10.0,9.0,3.0,70.0,41.0,30.0,11.0,10.0,4.0,7.0
2011-404,Indian Wells Masters,Hard,96,M,O,20110310,42,K435,32.0,,Philipp Kohlschreiber,R,178.0,GER,27.398,35.0,1180.0,SF62,,Q,Tim Smyczek,R,175.0,USA,23.192,163.0,348.0,2-6 6-2 7-6(6),3,R64,132.0,2.0,4.0,95.0,56.0,40.0,19.0,14.0,9.0,12.0,4.0,4.0,98.0,61.0,37.0,24.0,14.0,6.0,9.0
2011-404,Indian Wells Masters,Hard,96,M,O,20110310,43,D801,20.0,,Alexandr Dolgopolov,R,180.0,UKR,22.335,23.0,1475.0,H528,,,Victor Hanescu,R,198.0,ROU,29.634,58.0,850.0,6-4 6-4,3,R64,73.0,7.0,2.0,58.0,30.0,23.0,19.0,10.0,2.0,3.0,2.0,3.0,64.0,49.0,32.0,6.0,10.0,2.0,5.0
2011-404,Indian Wells Masters,Hard,96,M,O,20110310,44,D683,,,Juan Martin del Potro,R,198.0,ARG,22.459,90.0,565.0,L360,14.0,,Ivan Ljubicic,R,193.0,CRO,31.975,16.0,2055.0,5-7 6-4 6-2,3,R64,158.0,8.0,2.0,87.0,47.0,38.0,25.0,15.0,4.0,5.0,8.0,3.0,99.0,46.0,35.0,26.0,15.0,4.0,7.0
2011-404,Indian Wells Masters,Hard,96,M,O,20110310,45,V306,9.0,,Fernando Verdasco,L,188.0,ESP,27.316,9.0,3095.0,BE90,,WC,Ricardas Berankis,R,175.0,LTU,20.717,74.0,638.0,7-5 2-0 RET,3,R64,72.0,2.0,3.0,49.0,32.0,24.0,7.0,7.0,2.0,3.0,2.0,3.0,60.0,30.0,22.0,9.0,7.0,5.0,8.0
2011-404,Indian Wells Masters,Hard,96,M,O,20110310,46,Q927,21.0,,Sam Querrey,R,198.0,USA,23.422,24.0,1440.0,T742,,,Janko Tipsarevic,R,180.0,SRB,26.713,45.0,1005.0,6-4 6-4,3,R64,82.0,11.0,1.0,59.0,40.0,34.0,9.0,10.0,2.0,2.0,2.0,4.0,68.0,41.0,30.0,12.0,10.0,6.0,8.0
2011-404,Indian Wells Masters,Hard,96,M,O,20110310,47,R419,25.0,,Tommy Robredo,R,180.0,ESP,28.857,28.0,1290.0,Z168,,,Mischa Zverev,L,191.0,GER,23.548,102.0,521.0,6-3 3-6 7-5,3,R64,138.0,8.0,6.0,83.0,43.0,28.0,25.0,15.0,2.0,6.0,4.0,1.0,119.0,79.0,50.0,15.0,15.0,15.0,20.0
2011-404,Indian Wells Masters,Hard,96,M,O,20110310,48,Y124,,Q,Donald Young,L,183.0,USA,21.629,143.0,388.0,MC10,5.0,,Andy Murray,R,191.0,GBR,23.819,5.0,5715.0,7-6(4) 6-3,3,R64,94.0,1.0,7.0,59.0,31.0,26.0,13.0,10.0,1.0,3.0,8.0,4.0,77.0,38.0,31.0,11.0,11.0,1.0,5.0
2011-404,Indian Wells Masters,Hard,96,M,O,20110310,49,R485,8.0,,Andy Roddick,R,188.0,USA,28.526,8.0,3770.0,B676,,WC,James Blake,R,185.0,USA,31.198,158.0,355.0,6-3 7-5,3,R64,90.0,13.0,0.0,57.0,32.0,30.0,14.0,11.0,4.0,5.0,4.0,5.0,86.0,44.0,23.0,24.0,10.0,12.0,15.0
2011-404,Indian Wells Masters,Hard,96,M,O,20110310,50,I186,30.0,,John Isner,R,208.0,USA,25.87,33.0,1255.0,M708,,,Ricardo Mello,L,175.0,BRA,30.215,75.0,637.0,6-3 7-6(2),3,R64,79.0,12.0,2.0,60.0,43.0,35.0,14.0,11.0,0.0,0.0,1.0,0.0,65.0,46.0,28.0,14.0,10.0,3.0,4.0
2011-404,Indian Wells Masters,Hard,96,M,O,20110310,51,G628,18.0,,Richard Gasquet,R,183.0,FRA,24.726,21.0,1495.0,C882,,,Pablo Cuevas,R,180.0,URU,25.185,66.0,735.0,7-5 6-3,3,R64,75.0,8.0,0.0,58.0,40.0,35.0,10.0,11.0,1.0,1.0,5.0,0.0,49.0,36.0,26.0,7.0,10.0,1.0,3.0
2011-404,Indian Wells Masters,Hard,96,M,O,20110310,52,M762,10.0,,Jurgen Melzer,L,183.0,AUT,29.799,10.0,2740.0,B747,,,Julien Benneteau,R,185.0,FRA,29.218,82.0,600.0,1-6 6-1 6-4,3,R64,100.0,6.0,2.0,70.0,43.0,25.0,18.0,12.0,4.0,7.0,3.0,7.0,73.0,45.0,31.0,11.0,12.0,3.0,7.0
2011-404,Indian Wells Masters,Hard,96,M,O,20110310,53,T840,16.0,,Viktor Troicki,R,193.0,SRB,25.076,18.0,1710.0,TA46,,WC,Bernard Tomic,R,196.0,AUS,18.382,187.0,290.0,6-4 6-4,3,R64,94.0,10.0,3.0,72.0,33.0,28.0,17.0,10.0,5.0,6.0,3.0,4.0,75.0,37.0,24.0,18.0,10.0,5.0,8.0
2011-404,Indian Wells Masters,Hard,96,M,O,20110310,54,L428,24.0,,Michael Llodra,L,191.0,FRA,30.809,27.0,1370.0,G725,,,Santiago Giraldo,R,188.0,COL,23.283,44.0,1016.0,7-6(6) 6-4,3,R64,89.0,11.0,2.0,63.0,39.0,30.0,17.0,11.0,2.0,3.0,2.0,0.0,76.0,53.0,34.0,15.0,11.0,5.0,7.0
2011-404,Indian Wells Masters,Hard,96,M,O,20110310,55,G858,31.0,,Ernests Gulbis,R,191.0,LAT,22.524,34.0,1210.0,L575,,,Yen-Hsun Lu,R,180.0,TPE,27.57,43.0,1059.0,6-7(1) 7-6(7) 6-1,3,R64,130.0,19.0,3.0,103.0,58.0,49.0,20.0,16.0,1.0,3.0,2.0,5.0,96.0,60.0,43.0,17.0,15.0,1.0,5.0
2011-404,Indian Wells Masters,Hard,96,M,O,20110310,56,D643,3.0,,Novak Djokovic,R,188.0,SRB,23.8,3.0,7800.0,G806,,,Andrey Golubev,R,180.0,KAZ,23.633,39.0,1090.0,6-0 6-4,3,R64,60.0,0.0,2.0,36.0,23.0,18.0,11.0,8.0,0.0,1.0,3.0,2.0,43.0,22.0,12.0,8.0,8.0,1.0,6.0
2011-404,Indian Wells Masters,Hard,96,M,O,20110310,57,BA47,7.0,,Tomas Berdych,R,196.0,CZE,25.476,7.0,4410.0,K540,,,Lukasz Kubot,R,191.0,POL,28.816,127.0,440.0,6-4 6-1,3,R64,74.0,8.0,2.0,42.0,24.0,22.0,11.0,9.0,0.0,1.0,7.0,7.0,58.0,38.0,24.0,6.0,8.0,3.0,7.0
2011-404,Indian Wells Masters,Hard,96,M,O,20110310,58,BD20,26.0,,Thomaz Bellucci,L,188.0,BRA,23.192,29.0,1285.0,B896,,,Benjamin Becker,R,178.0,GER,29.73,60.0,845.0,6-3 7-6(5),3,R64,89.0,6.0,1.0,69.0,47.0,39.0,12.0,11.0,2.0,2.0,6.0,6.0,61.0,34.0,28.0,16.0,10.0,1.0,2.0
2011-404,Indian Wells Masters,Hard,96,M,O,20110310,59,C977,17.0,,Marin Cilic,R,198.0,CRO,22.445,20.0,1540.0,S963,,,Florent Serra,R,180.0,FRA,30.026,73.0,660.0,6-1 6-3,3,R64,55.0,11.0,1.0,43.0,26.0,24.0,10.0,8.0,2.0,2.0,3.0,3.0,48.0,32.0,19.0,6.0,8.0,3.0,7.0
2011-404,Indian Wells Masters,Hard,96,M,O,20110310,60,W367,12.0,,Stan Wawrinka,R,183.0,SUI,25.949,14.0,2175.0,D402,,,Nikolay Davydenko,R,178.0,RUS,29.769,42.0,1070.0,3-6 7-6(5) 6-4,3,R64,161.0,3.0,4.0,103.0,63.0,43.0,18.0,15.0,7.0,12.0,0.0,5.0,104.0,81.0,51.0,9.0,16.0,5.0,10.0
2011-404,Indian Wells Masters,Hard,96,M,O,20110310,61,R975,,WC,Milos Raonic,R,196.0,CAN,20.2,37.0,1134.0,F339,13.0,,Mardy Fish,R,188.0,USA,29.248,15.0,2121.0,7-5 6-4,3,R64,121.0,10.0,3.0,90.0,52.0,37.0,22.0,11.0,8.0,8.0,6.0,0.0,67.0,34.0,29.0,14.0,11.0,0.0,2.0
2011-404,Indian Wells Masters,Hard,96,M,O,20110310,62,H940,,WC,Ryan Harrison,R,185.0,USA,18.839,152.0,369.0,G476,22.0,,Guillermo Garcia-Lopez,R,185.0,ESP,27.765,25.0,1425.0,6-3 7-6(4),3,R64,105.0,7.0,4.0,86.0,47.0,32.0,16.0,11.0,7.0,11.0,0.0,4.0,66.0,39.0,25.0,9.0,10.0,2.0,7.0
2011-404,Indian Wells Masters,Hard,96,M,O,20110310,63,C514,29.0,,Juan Ignacio Chela,R,191.0,ARG,31.526,32.0,1270.0,P624,,,Philipp Petzschner,R,185.0,GER,26.96,65.0,760.0,4-6 7-5 6-2,3,R64,144.0,3.0,0.0,79.0,59.0,44.0,11.0,15.0,3.0,6.0,12.0,5.0,117.0,60.0,43.0,21.0,15.0,9.0,14.0
2011-404,Indian Wells Masters,Hard,96,M,O,20110310,64,F324,2.0,,Roger Federer,R,185.0,SUI,29.585,2.0,7965.0,A511,,,Igor Andreev,R,185.0,RUS,27.655,96.0,539.0,7-5 7-6(4),3,R64,95.0,4.0,4.0,69.0,37.0,34.0,17.0,12.0,0.0,1.0,2.0,0.0,74.0,43.0,33.0,15.0,12.0,3.0,5.0
2011-404,Indian Wells Masters,Hard,96,M,O,20110310,65,N409,1.0,,Rafael Nadal,L,185.0,ESP,24.767,1.0,12390.0,SG87,,Q,Ryan Sweeting,R,196.0,USA,23.655,105.0,517.0,6-3 6-1,3,R32,69.0,3.0,0.0,37.0,21.0,20.0,12.0,8.0,0.0,0.0,3.0,4.0,57.0,31.0,19.0,10.0,8.0,3.0,7.0
2011-404,Indian Wells Masters,Hard,96,M,O,20110310,66,D616,,Q,Somdev Devvarman,R,180.0,IND,26.067,84.0,585.0,M680,,,Xavier Malisse,R,185.0,BEL,30.639,52.0,956.0,6-1 3-6 7-6(5),3,R32,121.0,5.0,0.0,84.0,49.0,37.0,22.0,14.0,1.0,2.0,6.0,2.0,87.0,44.0,32.0,27.0,14.0,2.0,4.0
2011-404,Indian Wells Masters,Hard,96,M,O,20110310,67,M824,23.0,,Albert Montanes,R,175.0,ESP,30.283,26.0,1405.0,A479,11.0,,Nicolas Almagro,R,183.0,ESP,25.55,12.0,2530.0,4-6 6-2 6-4,3,R32,112.0,3.0,4.0,97.0,59.0,47.0,16.0,14.0,8.0,9.0,12.0,9.0,86.0,42.0,36.0,17.0,14.0,2.0,5.0
2011-404,Indian Wells Masters,Hard,96,M,O,20110310,68,K336,,,Ivo Karlovic,R,211.0,CRO,32.027,239.0,205.0,SD32,28.0,,Gilles Simon,R,183.0,FRA,26.198,31.0,1270.0,6-3 6-3,3,R32,63.0,11.0,2.0,50.0,32.0,30.0,9.0,9.0,2.0,2.0,2.0,2.0,45.0,26.0,16.0,12.0,9.0,1.0,4.0
2011-404,Indian Wells Masters,Hard,96,M,O,20110310,69,K435,32.0,,Philipp Kohlschreiber,R,178.0,GER,27.398,35.0,1180.0,SA49,4.0,,Robin Soderling,R,193.0,SWE,26.568,4.0,6050.0,7-6(8) 6-4,3,R32,98.0,14.0,3.0,69.0,35.0,27.0,20.0,11.0,1.0,3.0,6.0,4.0,77.0,55.0,37.0,9.0,11.0,5.0,8.0
2011-404,Indian Wells Masters,Hard,96,M,O,20110310,70,D683,,,Juan Martin del Potro,R,198.0,ARG,22.459,90.0,565.0,D801,20.0,,Alexandr Dolgopolov,R,180.0,UKR,22.335,23.0,1475.0,7-6(3) 6-3,3,R32,98.0,5.0,2.0,66.0,31.0,24.0,16.0,10.0,1.0,3.0,8.0,7.0,80.0,41.0,30.0,14.0,11.0,2.0,6.0
2011-404,Indian Wells Masters,Hard,96,M,O,20110310,71,Q927,21.0,,Sam Querrey,R,198.0,USA,23.422,24.0,1440.0,V306,9.0,,Fernando Verdasco,L,188.0,ESP,27.316,9.0,3095.0,7-5 6-4,3,R32,95.0,8.0,3.0,75.0,48.0,39.0,13.0,11.0,8.0,8.0,7.0,3.0,64.0,46.0,32.0,8.0,11.0,3.0,5.0
2011-404,Indian Wells Masters,Hard,96,M,O,20110310,72,R419,25.0,,Tommy Robredo,R,180.0,ESP,28.857,28.0,1290.0,Y124,,Q,Donald Young,L,183.0,USA,21.629,143.0,388.0,6-0 6-4,3,R32,69.0,2.0,1.0,42.0,28.0,23.0,7.0,8.0,1.0,2.0,1.0,7.0,57.0,36.0,19.0,8.0,8.0,6.0,11.0
2011-404,Indian Wells Masters,Hard,96,M,O,20110310,73,R485,8.0,,Andy Roddick,R,188.0,USA,28.526,8.0,3770.0,I186,30.0,,John Isner,R,208.0,USA,25.87,33.0,1255.0,7-5 6-2,3,R32,68.0,9.0,0.0,47.0,32.0,26.0,14.0,10.0,0.0,0.0,15.0,2.0,54.0,38.0,29.0,5.0,10.0,0.0,3.0
2011-404,Indian Wells Masters,Hard,96,M,O,20110310,74,G628,18.0,,Richard Gasquet,R,183.0,FRA,24.726,21.0,1495.0,M762,10.0,,Jurgen Melzer,L,183.0,AUT,29.799,10.0,2740.0,6-1 6-3,3,R32,62.0,7.0,1.0,47.0,30.0,25.0,10.0,8.0,3.0,3.0,2.0,4.0,52.0,28.0,18.0,7.0,8.0,1.0,5.0
2011-404,Indian Wells Masters,Hard,96,M,O,20110310,75,T840,16.0,,Viktor Troicki,R,193.0,SRB,25.076,18.0,1710.0,L428,24.0,,Michael Llodra,L,191.0,FRA,30.809,27.0,1370.0,6-3 6-3,3,R32,66.0,5.0,0.0,53.0,34.0,26.0,13.0,9.0,2.0,2.0,4.0,1.0,54.0,34.0,23.0,9.0,9.0,6.0,9.0
2011-404,Indian Wells Masters,Hard,96,M,O,20110310,76,D643,3.0,,Novak Djokovic,R,188.0,SRB,23.8,3.0,7800.0,G858,31.0,,Ernests Gulbis,R,191.0,LAT,22.524,34.0,1210.0,6-0 6-1,3,R32,54.0,4.0,0.0,44.0,25.0,18.0,13.0,7.0,5.0,5.0,0.0,5.0,36.0,20.0,9.0,3.0,6.0,1.0,6.0
2011-404,Indian Wells Masters,Hard,96,M,O,20110310,77,BA47,7.0,,Tomas Berdych,R,196.0,CZE,25.476,7.0,4410.0,BD20,26.0,,Thomaz Bellucci,L,188.0,BRA,23.192,29.0,1285.0,6-3 6-2,3,R32,75.0,2.0,1.0,48.0,28.0,25.0,13.0,9.0,2.0,2.0,3.0,2.0,50.0,35.0,21.0,6.0,8.0,5.0,8.0
2011-404,Indian Wells Masters,Hard,96,M,O,20110310,78,W367,12.0,,Stan Wawrinka,R,183.0,SUI,25.949,14.0,2175.0,C977,17.0,,Marin Cilic,R,198.0,CRO,22.445,20.0,1540.0,7-5 6-3,3,R32,99.0,3.0,1.0,58.0,38.0,28.0,15.0,11.0,1.0,2.0,2.0,0.0,68.0,31.0,19.0,21.0,10.0,7.0,10.0
2011-404,Indian Wells Masters,Hard,96,M,O,20110310,79,H940,,WC,Ryan Harrison,R,185.0,USA,18.839,152.0,369.0,R975,,WC,Milos Raonic,R,196.0,CAN,20.2,37.0,1134.0,7-6(1) 4-6 6-4,3,R32,149.0,11.0,1.0,105.0,63.0,48.0,23.0,16.0,8.0,10.0,17.0,0.0,98.0,66.0,46.0,20.0,16.0,5.0,7.0
2011-404,Indian Wells Masters,Hard,96,M,O,20110310,80,F324,2.0,,Roger Federer,R,185.0,SUI,29.585,2.0,7965.0,C514,29.0,,Juan Ignacio Chela,R,191.0,ARG,31.526,32.0,1270.0,6-0 6-2,3,R32,58.0,2.0,0.0,42.0,25.0,20.0,10.0,7.0,1.0,1.0,0.0,6.0,49.0,27.0,15.0,6.0,7.0,4.0,9.0
2011-404,Indian Wells Masters,Hard,96,M,O,20110310,81,N409,1.0,,Rafael Nadal,L,185.0,ESP,24.767,1.0,12390.0,D616,,Q,Somdev Devvarman,R,180.0,IND,26.067,84.0,585.0,7-5 6-4,3,R16,115.0,0.0,2.0,68.0,40.0,28.0,18.0,11.0,2.0,3.0,4.0,4.0,72.0,54.0,34.0,5.0,11.0,6.0,9.0
2011-404,Indian Wells Masters,Hard,96,M,O,20110310,82,K336,,,Ivo Karlovic,R,211.0,CRO,32.027,239.0,205.0,M824,23.0,,Albert Montanes,R,175.0,ESP,30.283,26.0,1405.0,7-6(7) 6-2,3,R16,93.0,16.0,3.0,67.0,44.0,38.0,11.0,10.0,3.0,3.0,3.0,4.0,74.0,48.0,34.0,13.0,10.0,6.0,8.0
2011-404,Indian Wells Masters,Hard,96,M,O,20110310,83,D683,,,Juan Martin del Potro,R,198.0,ARG,22.459,90.0,565.0,K435,32.0,,Philipp Kohlschreiber,R,178.0,GER,27.398,35.0,1180.0,7-6(3) 7-6(7),3,R16,142.0,13.0,2.0,88.0,48.0,40.0,21.0,12.0,2.0,4.0,11.0,5.0,95.0,50.0,33.0,26.0,12.0,6.0,8.0
2011-404,Indian Wells Masters,Hard,96,M,O,20110310,84,R419,25.0,,Tommy Robredo,R,180.0,ESP,28.857,28.0,1290.0,Q927,21.0,,Sam Querrey,R,198.0,USA,23.422,24.0,1440.0,6-1 6-3,3,R16,83.0,1.0,1.0,53.0,38.0,26.0,11.0,8.0,3.0,3.0,3.0,6.0,57.0,29.0,19.0,11.0,8.0,8.0,12.0
2011-404,Indian Wells Masters,Hard,96,M,O,20110310,85,G628,18.0,,Richard Gasquet,R,183.0,FRA,24.726,21.0,1495.0,R485,8.0,,Andy Roddick,R,188.0,USA,28.526,8.0,3770.0,6-3 7-6(5),3,R16,106.0,8.0,2.0,69.0,44.0,34.0,15.0,11.0,4.0,5.0,7.0,1.0,77.0,49.0,33.0,15.0,10.0,5.0,7.0
2011-404,Indian Wells Masters,Hard,96,M,O,20110310,86,D643,3.0,,Novak Djokovic,R,188.0,SRB,23.8,3.0,7800.0,T840,16.0,,Viktor Troicki,R,193.0,SRB,25.076,18.0,1710.0,6-0 6-1,3,R16,66.0,1.0,4.0,60.0,40.0,29.0,10.0,7.0,4.0,4.0,3.0,5.0,43.0,26.0,12.0,4.0,6.0,4.0,9.0
2011-404,Indian Wells Masters,Hard,96,M,O,20110310,87,W367,12.0,,Stan Wawrinka,R,183.0,SUI,25.949,14.0,2175.0,BA47,7.0,,Tomas Berdych,R,196.0,CZE,25.476,7.0,4410.0,3-6 6-4 6-4,3,R16,158.0,8.0,3.0,94.0,51.0,39.0,19.0,15.0,5.0,9.0,0.0,0.0,92.0,42.0,27.0,24.0,14.0,6.0,10.0
2011-404,Indian Wells Masters,Hard,96,M,O,20110310,88,F324,2.0,,Roger Federer,R,185.0,SUI,29.585,2.0,7965.0,H940,,WC,Ryan Harrison,R,185.0,USA,18.839,152.0,369.0,7-6(4) 6-3,3,R16,85.0,10.0,3.0,68.0,42.0,33.0,14.0,11.0,6.0,8.0,4.0,3.0,65.0,36.0,25.0,12.0,10.0,4.0,7.0
2011-404,Indian Wells Masters,Hard,96,M,O,20110310,89,N409,1.0,,Rafael Nadal,L,185.0,ESP,24.767,1.0,12390.0,K336,,,Ivo Karlovic,R,211.0,CRO,32.027,239.0,205.0,5-7 6-1 7-6(7),3,QF,144.0,6.0,2.0,81.0,49.0,38.0,27.0,16.0,0.0,1.0,23.0,4.0,102.0,62.0,46.0,20.0,15.0,6.0,8.0
2011-404,Indian Wells Masters,Hard,96,M,O,20110310,90,D683,,,Juan Martin del Potro,R,198.0,ARG,22.459,90.0,565.0,R419,25.0,,Tommy Robredo,R,180.0,ESP,28.857,28.0,1290.0,W/O,3,QF,,6.0,2.0,81.0,49.0,38.0,27.0,16.0,0.0,1.0,23.0,4.0,102.0,62.0,46.0,20.0,15.0,6.0,8.0
2011-404,Indian Wells Masters,Hard,96,M,O,20110310,91,D643,3.0,,Novak Djokovic,R,188.0,SRB,23.8,3.0,7800.0,G628,18.0,,Richard Gasquet,R,183.0,FRA,24.726,21.0,1495.0,6-2 6-4,3,QF,95.0,2.0,1.0,54.0,31.0,26.0,9.0,9.0,1.0,3.0,2.0,2.0,72.0,49.0,26.0,9.0,9.0,7.0,12.0
2011-404,Indian Wells Masters,Hard,96,M,O,20110310,92,F324,2.0,,Roger Federer,R,185.0,SUI,29.585,2.0,7965.0,W367,12.0,,Stan Wawrinka,R,183.0,SUI,25.949,14.0,2175.0,6-3 6-4,3,QF,64.0,2.0,2.0,52.0,29.0,26.0,15.0,10.0,2.0,2.0,0.0,1.0,50.0,32.0,25.0,8.0,9.0,1.0,3.0
2011-404,Indian Wells Masters,Hard,96,M,O,20110310,93,N409,1.0,,Rafael Nadal,L,185.0,ESP,24.767,1.0,12390.0,D683,,,Juan Martin del Potro,R,198.0,ARG,22.459,90.0,565.0,6-4 6-4,3,SF,112.0,4.0,2.0,55.0,31.0,25.0,14.0,10.0,2.0,3.0,3.0,2.0,63.0,43.0,26.0,10.0,10.0,1.0,4.0
2011-404,Indian Wells Masters,Hard,96,M,O,20110310,94,D643,3.0,,Novak Djokovic,R,188.0,SRB,23.8,3.0,7800.0,F324,2.0,,Roger Federer,R,185.0,SUI,29.585,2.0,7965.0,6-3 3-6 6-2,3,SF,127.0,3.0,4.0,85.0,57.0,36.0,15.0,13.0,6.0,9.0,1.0,2.0,85.0,48.0,33.0,15.0,13.0,5.0,10.0
2011-404,Indian Wells Masters,Hard,96,M,O,20110310,95,D643,3.0,,Novak Djokovic,R,188.0,SRB,23.8,3.0,7800.0,N409,1.0,,Rafael Nadal,L,185.0,ESP,24.767,1.0,12390.0,4-6 6-3 6-2,3,F,146.0,4.0,4.0,89.0,55.0,41.0,18.0,14.0,6.0,9.0,2.0,0.0,69.0,29.0,20.0,23.0,13.0,3.0,8.0
2011-403,Miami Masters,Hard,96,M,O,20110323,1,N552,,,Kei Nishikori,R,178.0,JPN,21.229,62.0,812.0,CA12,,,Jeremy Chardy,R,188.0,FRA,24.107,49.0,955.0,7-6(5) 6-2,3,R128,95.0,3.0,1.0,68.0,53.0,37.0,12.0,10.0,2.0,2.0,11.0,11.0,84.0,42.0,38.0,14.0,10.0,5.0,7.0
2011-403,Miami Masters,Hard,96,M,O,20110323,2,L397,,,Feliciano Lopez,L,188.0,ESP,29.503,41.0,1050.0,BE90,,,Ricardas Berankis,R,175.0,LTU,20.753,75.0,663.0,4-6 7-6(5) 6-3,3,R128,146.0,19.0,8.0,100.0,47.0,44.0,24.0,15.0,6.0,8.0,9.0,5.0,116.0,58.0,39.0,33.0,16.0,6.0,9.0
2011-403,Miami Masters,Hard,96,M,O,20110323,3,SA93,,,Andreas Seppi,R,191.0,ITA,27.083,48.0,965.0,Z168,,,Mischa Zverev,L,191.0,GER,23.584,103.0,526.0,6-2 6-7(9) 6-1,3,R128,117.0,6.0,2.0,89.0,56.0,41.0,19.0,14.0,0.0,1.0,2.0,0.0,92.0,64.0,40.0,12.0,13.0,4.0,9.0
2011-403,Miami Masters,Hard,96,M,O,20110323,4,G681,,,Teymuraz Gabashvili,R,185.0,GEO,25.832,77.0,635.0,BC72,,,Daniel Brands,R,196.0,GER,23.682,83.0,596.0,6-2 7-6(5),3,R128,106.0,4.0,7.0,63.0,37.0,29.0,12.0,10.0,3.0,5.0,5.0,10.0,89.0,57.0,35.0,10.0,10.0,6.0,10.0
2011-403,Miami Masters,Hard,96,M,O,20110323,5,G717,,,Fred Gil,R,173.0,POR,25.996,84.0,595.0,C634,,Q,Paul Capdeville,R,191.0,CHI,27.973,146.0,390.0,6-1 3-6 7-6(6),3,R128,144.0,4.0,3.0,105.0,64.0,43.0,20.0,14.0,5.0,9.0,6.0,6.0,96.0,65.0,43.0,11.0,14.0,3.0,8.0
2011-403,Miami Masters,Hard,96,M,O,20110323,6,MB02,,,Florian Mayer,R,191.0,GER,27.463,39.0,1063.0,K336,,WC,Ivo Karlovic,R,211.0,CRO,32.063,153.0,375.0,6-4 7-6(6),3,R128,75.0,2.0,1.0,57.0,32.0,29.0,20.0,11.0,0.0,0.0,10.0,0.0,67.0,44.0,35.0,13.0,11.0,1.0,2.0
2011-403,Miami Masters,Hard,96,M,O,20110323,7,B884,,,Carlos Berlocq,R,183.0,ARG,28.131,72.0,689.0,SM25,,WC,Jack Sock,R,191.0,USA,18.491,595.0,38.0,7-5 7-6(6),3,R128,141.0,4.0,5.0,89.0,48.0,34.0,19.0,12.0,10.0,13.0,4.0,4.0,80.0,39.0,20.0,25.0,12.0,3.0,7.0
2011-403,Miami Masters,Hard,96,M,O,20110323,8,R383,,,Ruben Ramirez Hidalgo,R,183.0,ESP,33.207,94.0,548.0,ME82,,,Adrian Mannarino,L,180.0,FRA,22.73,60.0,847.0,7-6(3) 6-7(3) 6-2,3,R128,161.0,3.0,5.0,115.0,49.0,37.0,33.0,16.0,6.0,9.0,2.0,7.0,104.0,62.0,46.0,15.0,16.0,3.0,8.0
2011-403,Miami Masters,Hard,96,M,O,20110323,9,S694,,,Radek Stepanek,R,185.0,CZE,32.318,68.0,733.0,F510,,,Fabio Fognini,R,178.0,ITA,23.83,53.0,910.0,6-3 7-6(5),3,R128,87.0,1.0,1.0,68.0,41.0,28.0,17.0,11.0,1.0,3.0,2.0,9.0,65.0,35.0,26.0,11.0,10.0,1.0,4.0
2011-403,Miami Masters,Hard,96,M,O,20110323,10,SC77,,,Sergiy Stakhovsky,R,193.0,UKR,25.207,36.0,1095.0,D875,,Q,Grigor Dimitrov,R,191.0,BUL,19.852,70.0,705.0,6-2 6-4,3,R128,68.0,4.0,2.0,52.0,29.0,21.0,14.0,9.0,2.0,3.0,1.0,2.0,62.0,32.0,19.0,14.0,9.0,5.0,9.0
2011-403,Miami Masters,Hard,96,M,O,20110323,11,R397,,Q,Olivier Rochus,R,168.0,BEL,30.174,89.0,576.0,K834,,,Blaz Kavcic,R,188.0,SLO,24.049,85.0,592.0,3-6 6-4 7-5,3,R128,190.0,2.0,8.0,117.0,57.0,36.0,29.0,16.0,8.0,14.0,10.0,8.0,116.0,67.0,42.0,20.0,15.0,10.0,16.0
2011-403,Miami Masters,Hard,96,M,O,20110323,12,L575,,,Yen-Hsun Lu,R,180.0,TPE,27.606,43.0,1043.0,R750,,,Pere Riba,R,183.0,ESP,22.957,74.0,678.0,6-3 6-2,3,R128,61.0,3.0,1.0,42.0,23.0,20.0,11.0,8.0,4.0,5.0,4.0,7.0,52.0,23.0,12.0,13.0,9.0,3.0,8.0
2011-403,Miami Masters,Hard,96,M,O,20110323,13,P624,,,Philipp Petzschner,R,185.0,GER,26.995,66.0,760.0,S963,,,Florent Serra,R,180.0,FRA,30.062,76.0,660.0,6-1 7-5,3,R128,70.0,6.0,1.0,49.0,18.0,13.0,15.0,9.0,2.0,5.0,2.0,1.0,58.0,30.0,14.0,11.0,10.0,5.0,12.0
2011-403,Miami Masters,Hard,96,M,O,20110323,14,T742,,,Janko Tipsarevic,R,180.0,SRB,26.749,44.0,1020.0,H756,,,Robin Haase,R,191.0,NED,23.962,63.0,803.0,6-4 7-6(5),3,R128,103.0,4.0,1.0,68.0,38.0,31.0,16.0,11.0,1.0,2.0,10.0,5.0,88.0,52.0,35.0,17.0,11.0,7.0,9.0
2011-403,Miami Masters,Hard,96,M,O,20110323,15,S636,,Q,Rainer Schuettler,R,180.0,GER,34.908,87.0,584.0,H940,,WC,Ryan Harrison,R,185.0,USA,18.875,130.0,434.0,7-5 6-2,3,R128,86.0,3.0,3.0,64.0,43.0,29.0,13.0,10.0,3.0,4.0,2.0,5.0,58.0,31.0,19.0,14.0,10.0,2.0,6.0
2011-403,Miami Masters,Hard,96,M,O,20110323,16,C882,,,Pablo Cuevas,R,180.0,URU,25.221,67.0,735.0,B678,,,Michael Berrer,L,193.0,GER,30.724,78.0,630.0,6-4 7-6(2),3,R128,97.0,5.0,2.0,61.0,40.0,35.0,11.0,11.0,1.0,2.0,4.0,4.0,78.0,51.0,38.0,9.0,11.0,7.0,9.0
2011-403,Miami Masters,Hard,96,M,O,20110323,17,K403,,Q,Igor Kunitsyn,R,180.0,RUS,29.476,92.0,566.0,K448,,Q,Robert Kendrick,R,191.0,USA,31.351,82.0,598.0,5-4 RET,3,R128,30.0,2.0,0.0,27.0,17.0,12.0,7.0,4.0,2.0,2.0,8.0,2.0,25.0,14.0,14.0,3.0,5.0,0.0,1.0
2011-403,Miami Masters,Hard,96,M,O,20110323,18,D616,,,Somdev Devvarman,R,180.0,IND,26.103,73.0,683.0,S843,,,Potito Starace,R,188.0,ITA,29.689,47.0,990.0,6-2 6-4,3,R128,70.0,1.0,0.0,47.0,30.0,23.0,11.0,9.0,3.0,4.0,0.0,3.0,59.0,36.0,22.0,9.0,9.0,1.0,5.0
2011-403,Miami Masters,Hard,96,M,O,20110323,19,M680,,,Xavier Malisse,R,185.0,BEL,30.675,45.0,1001.0,SG87,,Q,Ryan Sweeting,R,196.0,USA,23.691,91.0,566.0,7-6(3) 6-4,3,R128,90.0,9.0,1.0,74.0,50.0,38.0,13.0,11.0,4.0,6.0,5.0,5.0,75.0,44.0,33.0,12.0,11.0,4.0,7.0
2011-403,Miami Masters,Hard,96,M,O,20110323,20,G710,,,Marcel Granollers,R,191.0,ESP,24.945,55.0,888.0,B896,,,Benjamin Becker,R,178.0,GER,29.766,58.0,855.0,6-4 6-7(4) 6-4,3,R128,157.0,5.0,3.0,115.0,73.0,47.0,25.0,16.0,3.0,5.0,8.0,4.0,97.0,43.0,30.0,32.0,16.0,6.0,10.0
2011-403,Miami Masters,Hard,96,M,O,20110323,21,B747,,,Julien Benneteau,R,185.0,FRA,29.254,81.0,615.0,G676,,,Daniel Gimeno-Traver,R,183.0,ESP,25.624,61.0,844.0,6-4 6-3,3,R128,78.0,2.0,3.0,68.0,41.0,31.0,11.0,10.0,6.0,8.0,5.0,3.0,52.0,29.0,22.0,6.0,9.0,2.0,6.0
2011-403,Miami Masters,Hard,96,M,O,20110323,22,L503,,Q,Paolo Lorenzi,R,183.0,ITA,29.268,154.0,375.0,L360,,,Ivan Ljubicic,R,193.0,CRO,32.011,38.0,1065.0,7-6(7) 6-1,3,R128,104.0,0.0,4.0,62.0,44.0,33.0,8.0,10.0,3.0,5.0,4.0,3.0,72.0,35.0,21.0,18.0,9.0,6.0,10.0
2011-403,Miami Masters,Hard,96,M,O,20110323,23,D683,,,Juan Martin del Potro,R,198.0,ARG,22.494,51.0,925.0,M708,,,Ricardo Mello,L,175.0,BRA,30.251,79.0,621.0,6-4 6-4,3,R128,82.0,3.0,1.0,50.0,35.0,28.0,6.0,10.0,0.0,2.0,1.0,1.0,58.0,32.0,20.0,12.0,10.0,1.0,5.0
2011-403,Miami Masters,Hard,96,M,O,20110323,24,D646,,,Ivan Dodig,R,183.0,CRO,26.218,57.0,859.0,G806,,,Andrey Golubev,R,180.0,KAZ,23.669,37.0,1095.0,6-7(7) 6-4 6-0,3,R128,134.0,8.0,3.0,94.0,54.0,37.0,26.0,14.0,2.0,4.0,0.0,4.0,85.0,47.0,32.0,16.0,14.0,2.0,8.0
2011-403,Miami Masters,Hard,96,M,O,20110323,25,B842,,Q,Alex Bogomolov Jr.,R,178.0,RUS,27.915,118.0,460.0,H528,,,Victor Hanescu,R,198.0,ROU,29.67,59.0,850.0,6-3 4-6 7-5,3,R128,142.0,2.0,6.0,111.0,73.0,52.0,14.0,15.0,8.0,12.0,5.0,4.0,95.0,56.0,37.0,15.0,16.0,6.0,12.0
2011-403,Miami Masters,Hard,96,M,O,20110323,26,A511,,,Igor Andreev,R,185.0,RUS,27.691,93.0,554.0,G725,,,Santiago Giraldo,R,188.0,COL,23.318,46.0,996.0,6-1 2-6 6-1,3,R128,91.0,3.0,4.0,70.0,40.0,31.0,13.0,11.0,3.0,5.0,4.0,4.0,76.0,43.0,27.0,14.0,11.0,5.0,10.0
2011-403,Miami Masters,Hard,96,M,O,20110323,27,A678,,,Kevin Anderson,R,203.0,RSA,24.846,40.0,1058.0,D402,,,Nikolay Davydenko,R,178.0,RUS,29.804,42.0,1050.0,6-4 6-3,3,R128,78.0,5.0,2.0,46.0,32.0,27.0,10.0,9.0,0.0,0.0,4.0,2.0,56.0,39.0,25.0,7.0,10.0,0.0,3.0
2011-403,Miami Masters,Hard,96,M,O,20110323,28,A596,,,Pablo Andujar,R,180.0,ESP,25.161,69.0,712.0,TA46,,WC,Bernard Tomic,R,196.0,AUS,18.418,180.0,315.0,6-4 3-6 7-5,3,R128,149.0,0.0,7.0,98.0,48.0,29.0,26.0,15.0,5.0,10.0,4.0,3.0,96.0,58.0,39.0,18.0,16.0,3.0,9.0
2011-403,Miami Masters,Hard,96,M,O,20110323,29,K771,,Q,Marsel Ilhan,R,191.0,TUR,23.781,114.0,488.0,K839,,,Tobias Kamke,R,178.0,GER,24.838,71.0,695.0,6-2 6-1,3,R128,54.0,4.0,1.0,40.0,24.0,20.0,9.0,7.0,1.0,1.0,1.0,2.0,55.0,29.0,17.0,8.0,8.0,6.0,11.0
2011-403,Miami Masters,Hard,96,M,O,20110323,30,K926,,,Mikhail Kukushkin,R,183.0,KAZ,23.239,65.0,795.0,N289,,,Jarkko Nieminen,L,185.0,FIN,29.665,56.0,877.0,3-6 6-3 6-2,3,R128,114.0,6.0,2.0,95.0,45.0,31.0,27.0,13.0,11.0,13.0,5.0,4.0,75.0,45.0,31.0,15.0,13.0,3.0,7.0
2011-403,Miami Masters,Hard,96,M,O,20110323,31,B676,,WC,James Blake,R,185.0,USA,31.233,173.0,335.0,R368,,Q,Michael Russell,R,173.0,USA,32.893,90.0,567.0,3-6 7-6(7) 7-6(3),3,R128,140.0,5.0,8.0,113.0,57.0,40.0,28.0,17.0,2.0,7.0,4.0,2.0,99.0,66.0,43.0,22.0,16.0,2.0,5.0
2011-403,Miami Masters,Hard,96,M,O,20110323,32,I165,,,Denis Istomin,R,185.0,UZB,24.539,54.0,896.0,Y124,,Q,Donald Young,L,183.0,USA,21.665,128.0,441.0,6-4 6-3,3,R128,67.0,6.0,3.0,59.0,40.0,31.0,11.0,10.0,3.0,4.0,1.0,3.0,49.0,26.0,18.0,12.0,9.0,3.0,6.0
2011-403,Miami Masters,Hard,96,M,O,20110323,33,N409,1.0,,Rafael Nadal,L,185.0,ESP,24.802,1.0,12630.0,N552,,,Kei Nishikori,R,178.0,JPN,21.229,62.0,812.0,6-4 6-4,3,R64,109.0,2.0,2.0,63.0,37.0,28.0,18.0,10.0,4.0,4.0,2.0,2.0,61.0,38.0,29.0,10.0,10.0,4.0,6.0
2011-403,Miami Masters,Hard,96,M,O,20110323,34,L397,,,Feliciano Lopez,L,188.0,ESP,29.503,41.0,1050.0,C514,26.0,,Juan Ignacio Chela,R,191.0,ARG,31.562,28.0,1305.0,7-6(3) 3-6 6-4,3,R64,127.0,18.0,11.0,94.0,45.0,37.0,24.0,16.0,2.0,5.0,2.0,7.0,99.0,59.0,42.0,22.0,15.0,7.0,9.0
2011-403,Miami Masters,Hard,96,M,O,20110323,35,D801,21.0,,Alexandr Dolgopolov,R,180.0,UKR,22.371,23.0,1445.0,SA93,,,Andreas Seppi,R,191.0,ITA,27.083,48.0,965.0,6-1 5-3 RET,3,R64,58.0,8.0,3.0,44.0,24.0,21.0,11.0,8.0,0.0,1.0,0.0,5.0,48.0,18.0,9.0,14.0,7.0,5.0,9.0
2011-403,Miami Masters,Hard,96,M,O,20110323,36,T786,15.0,,Jo-Wilfried Tsonga,R,188.0,FRA,25.93,16.0,1850.0,G681,,,Teymuraz Gabashvili,R,185.0,GEO,25.832,77.0,635.0,6-3 6-7(3) 6-3,3,R64,129.0,15.0,1.0,97.0,56.0,46.0,17.0,16.0,6.0,9.0,4.0,6.0,84.0,52.0,36.0,12.0,14.0,1.0,6.0
2011-403,Miami Masters,Hard,96,M,O,20110323,37,A479,11.0,,Nicolas Almagro,R,183.0,ESP,25.585,12.0,2485.0,G717,,,Fred Gil,R,173.0,POR,25.996,84.0,595.0,6-4 3-6 6-2,3,R64,113.0,11.0,6.0,78.0,35.0,28.0,25.0,13.0,4.0,5.0,8.0,2.0,82.0,56.0,38.0,16.0,14.0,6.0,9.0
2011-403,Miami Masters,Hard,96,M,O,20110323,38,MB02,,,Florian Mayer,R,191.0,GER,27.463,39.0,1063.0,M824,20.0,,Albert Montanes,R,175.0,ESP,30.319,22.0,1450.0,6-4 3-1 RET,3,R64,50.0,3.0,0.0,33.0,19.0,16.0,13.0,7.0,0.0,0.0,0.0,2.0,43.0,29.0,17.0,9.0,7.0,0.0,2.0
2011-403,Miami Masters,Hard,96,M,O,20110323,39,B884,,,Carlos Berlocq,R,183.0,ARG,28.131,72.0,689.0,G858,28.0,,Ernests Gulbis,R,191.0,LAT,22.56,31.0,1230.0,6-1 2-6 6-4,3,R64,110.0,5.0,6.0,74.0,42.0,33.0,13.0,13.0,2.0,5.0,9.0,4.0,79.0,44.0,31.0,14.0,12.0,3.0,7.0
2011-403,Miami Masters,Hard,96,M,O,20110323,40,BA47,7.0,,Tomas Berdych,R,196.0,CZE,25.511,7.0,4320.0,R383,,,Ruben Ramirez Hidalgo,R,183.0,ESP,33.207,94.0,548.0,6-1 6-7(4) 6-0,3,R64,132.0,8.0,0.0,68.0,34.0,28.0,20.0,12.0,6.0,8.0,1.0,9.0,100.0,51.0,30.0,18.0,13.0,8.0,16.0
2011-403,Miami Masters,Hard,96,M,O,20110323,41,F324,3.0,,Roger Federer,R,185.0,SUI,29.621,3.0,8280.0,S694,,,Radek Stepanek,R,185.0,CZE,32.318,68.0,733.0,6-3 6-3,3,R64,62.0,7.0,1.0,47.0,33.0,27.0,10.0,9.0,1.0,1.0,4.0,3.0,44.0,28.0,21.0,4.0,9.0,0.0,3.0
2011-403,Miami Masters,Hard,96,M,O,20110323,42,MA21,32.0,,Juan Monaco,R,185.0,ARG,26.982,35.0,1110.0,SC77,,,Sergiy Stakhovsky,R,193.0,UKR,25.207,36.0,1095.0,6-4 6-7(2) 6-4,3,R64,153.0,4.0,2.0,99.0,74.0,46.0,17.0,16.0,3.0,6.0,5.0,3.0,113.0,72.0,49.0,15.0,16.0,13.0,18.0
2011-403,Miami Masters,Hard,96,M,O,20110323,43,R397,,Q,Olivier Rochus,R,168.0,BEL,30.174,89.0,576.0,B837,22.0,,Marcos Baghdatis,R,178.0,CYP,25.763,24.0,1410.0,6-2 4-6 6-4,3,R64,131.0,2.0,2.0,81.0,54.0,34.0,11.0,14.0,3.0,8.0,9.0,7.0,90.0,38.0,28.0,18.0,14.0,5.0,12.0
2011-403,Miami Masters,Hard,96,M,O,20110323,44,Y061,13.0,,Mikhail Youzhny,R,183.0,RUS,28.742,14.0,2340.0,L575,,,Yen-Hsun Lu,R,180.0,TPE,27.606,43.0,1043.0,6-1 6-0,3,R64,54.0,2.0,1.0,37.0,20.0,17.0,12.0,7.0,2.0,2.0,1.0,5.0,40.0,19.0,9.0,6.0,6.0,8.0,13.0
2011-403,Miami Masters,Hard,96,M,O,20110323,45,P624,,,Philipp Petzschner,R,185.0,GER,26.995,66.0,760.0,M762,10.0,,Jurgen Melzer,L,183.0,AUT,29.834,10.0,2695.0,6-3 6-4,3,R64,86.0,3.0,3.0,67.0,32.0,23.0,21.0,10.0,5.0,6.0,5.0,3.0,63.0,40.0,26.0,10.0,9.0,7.0,10.0
2011-403,Miami Masters,Hard,96,M,O,20110323,46,T742,,,Janko Tipsarevic,R,180.0,SRB,26.749,44.0,1020.0,C977,18.0,,Marin Cilic,R,198.0,CRO,22.48,20.0,1575.0,6-3 7-6(4),3,R64,104.0,5.0,5.0,66.0,38.0,31.0,14.0,11.0,4.0,6.0,5.0,4.0,72.0,38.0,27.0,14.0,10.0,3.0,6.0
2011-403,Miami Masters,Hard,96,M,O,20110323,47,SD32,25.0,,Gilles Simon,R,183.0,FRA,26.234,27.0,1305.0,S636,,Q,Rainer Schuettler,R,180.0,GER,34.908,87.0,584.0,6-4 6-3,3,R64,77.0,6.0,2.0,61.0,31.0,23.0,16.0,10.0,2.0,4.0,0.0,3.0,59.0,36.0,18.0,12.0,9.0,2.0,6.0
2011-403,Miami Masters,Hard,96,M,O,20110323,48,C882,,,Pablo Cuevas,R,180.0,URU,25.221,67.0,735.0,R485,8.0,,Andy Roddick,R,188.0,USA,28.561,8.0,3260.0,6-4 7-6(4),3,R64,117.0,15.0,1.0,73.0,44.0,35.0,19.0,11.0,4.0,4.0,9.0,6.0,89.0,49.0,35.0,22.0,11.0,6.0,7.0
2011-403,Miami Masters,Hard,96,M,O,20110323,49,F401,6.0,,David Ferrer,R,175.0,ESP,28.972,6.0,4510.0,K403,,Q,Igor Kunitsyn,R,180.0,RUS,29.476,92.0,566.0,6-2 6-1,3,R64,80.0,3.0,2.0,41.0,24.0,17.0,10.0,7.0,1.0,2.0,0.0,5.0,71.0,32.0,16.0,15.0,8.0,9.0,15.0
2011-403,Miami Masters,Hard,96,M,O,20110323,50,D616,,,Somdev Devvarman,R,180.0,IND,26.103,73.0,683.0,R975,31.0,,Milos Raonic,R,196.0,CAN,20.235,34.0,1173.0,7-6(5) 7-5,3,R64,121.0,6.0,2.0,91.0,50.0,39.0,19.0,12.0,5.0,8.0,12.0,7.0,79.0,40.0,29.0,15.0,12.0,1.0,5.0
2011-403,Miami Masters,Hard,96,M,O,20110323,51,L428,23.0,,Michael Llodra,L,191.0,FRA,30.845,25.0,1405.0,M680,,,Xavier Malisse,R,185.0,BEL,30.675,45.0,1001.0,6-2 6-3,3,R64,67.0,7.0,1.0,56.0,33.0,25.0,13.0,9.0,2.0,3.0,1.0,5.0,49.0,26.0,18.0,6.0,8.0,6.0,10.0
2011-403,Miami Masters,Hard,96,M,O,20110323,52,G710,,,Marcel Granollers,R,191.0,ESP,24.945,55.0,888.0,W367,12.0,,Stan Wawrinka,R,183.0,SUI,25.985,13.0,2355.0,6-0 6-7(4) 6-3,3,R64,135.0,5.0,1.0,96.0,66.0,55.0,13.0,14.0,6.0,6.0,3.0,3.0,92.0,54.0,39.0,15.0,13.0,3.0,7.0
2011-403,Miami Masters,Hard,96,M,O,20110323,53,F339,14.0,,Mardy Fish,R,188.0,USA,29.284,15.0,2106.0,B747,,,Julien Benneteau,R,185.0,FRA,29.254,81.0,615.0,6-4 6-3,3,R64,80.0,8.0,1.0,56.0,34.0,28.0,15.0,10.0,2.0,2.0,2.0,1.0,47.0,33.0,20.0,10.0,9.0,3.0,5.0
2011-403,Miami Masters,Hard,96,M,O,20110323,54,G628,17.0,,Richard Gasquet,R,183.0,FRA,24.761,18.0,1665.0,L503,,Q,Paolo Lorenzi,R,183.0,ITA,29.268,154.0,375.0,6-2 6-3,3,R64,70.0,8.0,1.0,54.0,39.0,32.0,7.0,9.0,1.0,1.0,2.0,3.0,46.0,28.0,18.0,7.0,8.0,4.0,7.0
2011-403,Miami Masters,Hard,96,M,O,20110323,55,D683,,,Juan Martin del Potro,R,198.0,ARG,22.494,51.0,925.0,K435,29.0,,Philipp Kohlschreiber,R,178.0,GER,27.433,32.0,1225.0,6-7(3) 6-4 7-5,3,R64,183.0,10.0,7.0,109.0,58.0,40.0,28.0,17.0,6.0,10.0,8.0,6.0,105.0,66.0,46.0,17.0,17.0,5.0,11.0
2011-403,Miami Masters,Hard,96,M,O,20110323,56,SA49,4.0,,Robin Soderling,R,193.0,SWE,26.604,4.0,5735.0,D646,,,Ivan Dodig,R,183.0,CRO,26.218,57.0,859.0,3-6 6-2 6-4,3,R64,119.0,3.0,2.0,85.0,50.0,32.0,18.0,14.0,3.0,7.0,9.0,5.0,80.0,37.0,25.0,21.0,13.0,6.0,11.0
2011-403,Miami Masters,Hard,96,M,O,20110323,57,B842,,Q,Alex Bogomolov Jr.,R,178.0,RUS,27.915,118.0,460.0,MC10,5.0,,Andy Murray,R,191.0,GBR,23.855,5.0,5545.0,6-1 7-5,3,R64,95.0,0.0,0.0,50.0,31.0,17.0,12.0,9.0,2.0,5.0,3.0,3.0,62.0,32.0,17.0,10.0,10.0,4.0,11.0
2011-403,Miami Masters,Hard,96,M,O,20110323,58,I186,30.0,,John Isner,R,208.0,USA,25.906,33.0,1210.0,A511,,,Igor Andreev,R,185.0,RUS,27.691,93.0,554.0,6-4 5-7 7-6(2),3,R64,138.0,13.0,6.0,108.0,74.0,54.0,17.0,17.0,3.0,6.0,6.0,5.0,103.0,58.0,43.0,23.0,17.0,3.0,6.0
2011-403,Miami Masters,Hard,96,M,O,20110323,59,A678,,,Kevin Anderson,R,203.0,RSA,24.846,40.0,1058.0,G476,24.0,,Guillermo Garcia-Lopez,R,185.0,ESP,27.8,26.0,1345.0,6-3 5-7 6-4,3,R64,142.0,18.0,1.0,102.0,78.0,58.0,11.0,16.0,4.0,6.0,5.0,5.0,85.0,43.0,36.0,21.0,15.0,4.0,7.0
2011-403,Miami Masters,Hard,96,M,O,20110323,60,A596,,,Pablo Andujar,R,180.0,ESP,25.161,69.0,712.0,V306,9.0,,Fernando Verdasco,L,188.0,ESP,27.351,9.0,3095.0,3-6 7-6(3) 6-4,3,R64,154.0,4.0,2.0,118.0,79.0,55.0,21.0,15.0,5.0,6.0,11.0,9.0,97.0,64.0,56.0,11.0,16.0,2.0,3.0
2011-403,Miami Masters,Hard,96,M,O,20110323,61,T840,16.0,,Viktor Troicki,R,193.0,SRB,25.112,17.0,1710.0,K771,,Q,Marsel Ilhan,R,191.0,TUR,23.781,114.0,488.0,6-3 6-3,3,R64,64.0,4.0,0.0,51.0,33.0,26.0,11.0,9.0,2.0,3.0,0.0,0.0,48.0,33.0,19.0,6.0,9.0,1.0,5.0
2011-403,Miami Masters,Hard,96,M,O,20110323,62,Q927,19.0,,Sam Querrey,R,198.0,USA,23.458,21.0,1485.0,K926,,,Mikhail Kukushkin,R,183.0,KAZ,23.239,65.0,795.0,6-3 6-2,3,R64,72.0,13.0,0.0,59.0,34.0,30.0,12.0,9.0,2.0,2.0,3.0,5.0,57.0,30.0,17.0,14.0,8.0,7.0,10.0
2011-403,Miami Masters,Hard,96,M,O,20110323,63,B676,,WC,James Blake,R,185.0,USA,31.233,173.0,335.0,BD20,27.0,,Thomaz Bellucci,L,188.0,BRA,23.228,30.0,1285.0,2-6 6-4 7-6(6),3,R64,120.0,3.0,4.0,96.0,59.0,46.0,19.0,15.0,3.0,5.0,14.0,3.0,91.0,49.0,42.0,27.0,15.0,1.0,2.0
2011-403,Miami Masters,Hard,96,M,O,20110323,64,D643,2.0,,Novak Djokovic,R,188.0,SRB,23.836,2.0,8710.0,I165,,,Denis Istomin,R,185.0,UZB,24.539,54.0,896.0,6-0 6-1,3,R64,49.0,0.0,2.0,41.0,26.0,19.0,10.0,7.0,2.0,2.0,1.0,1.0,29.0,18.0,4.0,4.0,6.0,1.0,6.0
2011-403,Miami Masters,Hard,96,M,O,20110323,65,N409,1.0,,Rafael Nadal,L,185.0,ESP,24.802,1.0,12630.0,L397,,,Feliciano Lopez,L,188.0,ESP,29.503,41.0,1050.0,6-3 6-3,3,R32,78.0,2.0,1.0,45.0,30.0,27.0,9.0,9.0,0.0,0.0,7.0,1.0,51.0,24.0,19.0,11.0,9.0,3.0,6.0
2011-403,Miami Masters,Hard,96,M,O,20110323,66,D801,21.0,,Alexandr Dolgopolov,R,180.0,UKR,22.371,23.0,1445.0,T786,15.0,,Jo-Wilfried Tsonga,R,188.0,FRA,25.93,16.0,1850.0,6-7(2) 6-4 7-5,3,R32,152.0,4.0,5.0,118.0,53.0,44.0,33.0,17.0,8.0,10.0,13.0,2.0,108.0,66.0,51.0,21.0,17.0,3.0,7.0
2011-403,Miami Masters,Hard,96,M,O,20110323,67,MB02,,,Florian Mayer,R,191.0,GER,27.463,39.0,1063.0,A479,11.0,,Nicolas Almagro,R,183.0,ESP,25.585,12.0,2485.0,6-1 3-6 6-1,3,R32,94.0,7.0,1.0,65.0,37.0,30.0,18.0,12.0,3.0,4.0,8.0,2.0,75.0,40.0,27.0,16.0,11.0,4.0,8.0
2011-403,Miami Masters,Hard,96,M,O,20110323,68,BA47,7.0,,Tomas Berdych,R,196.0,CZE,25.511,7.0,4320.0,B884,,,Carlos Berlocq,R,183.0,ARG,28.131,72.0,689.0,7-6(8) 7-5,3,R32,135.0,7.0,5.0,80.0,44.0,35.0,17.0,12.0,5.0,8.0,8.0,6.0,96.0,65.0,44.0,12.0,12.0,4.0,8.0
2011-403,Miami Masters,Hard,96,M,O,20110323,69,F324,3.0,,Roger Federer,R,185.0,SUI,29.621,3.0,8280.0,MA21,32.0,,Juan Monaco,R,185.0,ARG,26.982,35.0,1110.0,7-6(4) 6-4,3,R32,104.0,3.0,2.0,64.0,32.0,27.0,19.0,11.0,1.0,2.0,2.0,2.0,81.0,51.0,36.0,14.0,11.0,7.0,9.0
2011-403,Miami Masters,Hard,96,M,O,20110323,70,R397,,Q,Olivier Rochus,R,168.0,BEL,30.174,89.0,576.0,Y061,13.0,,Mikhail Youzhny,R,183.0,RUS,28.742,14.0,2340.0,1-6 6-3 6-3,3,R32,126.0,4.0,2.0,83.0,53.0,35.0,14.0,12.0,9.0,12.0,6.0,2.0,84.0,45.0,29.0,20.0,13.0,6.0,10.0
2011-403,Miami Masters,Hard,96,M,O,20110323,71,T742,,,Janko Tipsarevic,R,180.0,SRB,26.749,44.0,1020.0,P624,,,Philipp Petzschner,R,185.0,GER,26.995,66.0,760.0,6-3 6-3,3,R32,74.0,3.0,2.0,43.0,25.0,23.0,11.0,9.0,1.0,2.0,8.0,1.0,62.0,36.0,25.0,10.0,9.0,3.0,7.0
2011-403,Miami Masters,Hard,96,M,O,20110323,72,SD32,25.0,,Gilles Simon,R,183.0,FRA,26.234,27.0,1305.0,C882,,,Pablo Cuevas,R,180.0,URU,25.221,67.0,735.0,4-6 6-1 6-2,3,R32,121.0,4.0,2.0,77.0,46.0,37.0,18.0,13.0,4.0,5.0,2.0,5.0,79.0,46.0,30.0,13.0,12.0,5.0,9.0
2011-403,Miami Masters,Hard,96,M,O,20110323,73,F401,6.0,,David Ferrer,R,175.0,ESP,28.972,6.0,4510.0,D616,,,Somdev Devvarman,R,180.0,IND,26.103,73.0,683.0,6-4 6-2,3,R32,102.0,2.0,3.0,59.0,33.0,19.0,15.0,9.0,2.0,5.0,2.0,1.0,68.0,31.0,16.0,14.0,9.0,8.0,14.0
2011-403,Miami Masters,Hard,96,M,O,20110323,74,G710,,,Marcel Granollers,R,191.0,ESP,24.945,55.0,888.0,L428,23.0,,Michael Llodra,L,191.0,FRA,30.845,25.0,1405.0,7-5 3-6 7-5,3,R32,155.0,6.0,2.0,102.0,59.0,42.0,21.0,16.0,6.0,10.0,3.0,6.0,122.0,78.0,50.0,20.0,17.0,15.0,20.0
2011-403,Miami Masters,Hard,96,M,O,20110323,75,F339,14.0,,Mardy Fish,R,188.0,USA,29.284,15.0,2106.0,G628,17.0,,Richard Gasquet,R,183.0,FRA,24.761,18.0,1665.0,6-4 6-3,3,R32,92.0,8.0,4.0,57.0,21.0,18.0,23.0,10.0,2.0,3.0,2.0,1.0,54.0,28.0,18.0,13.0,9.0,2.0,5.0
2011-403,Miami Masters,Hard,96,M,O,20110323,76,D683,,,Juan Martin del Potro,R,198.0,ARG,22.494,51.0,925.0,SA49,4.0,,Robin Soderling,R,193.0,SWE,26.604,4.0,5735.0,6-3 6-2,3,R32,77.0,12.0,1.0,45.0,25.0,22.0,14.0,9.0,0.0,0.0,5.0,0.0,55.0,38.0,21.0,10.0,8.0,8.0,11.0
2011-403,Miami Masters,Hard,96,M,O,20110323,77,I186,30.0,,John Isner,R,208.0,USA,25.906,33.0,1210.0,B842,,Q,Alex Bogomolov Jr.,R,178.0,RUS,27.915,118.0,460.0,6-2 7-6(4),3,R32,82.0,11.0,2.0,53.0,35.0,31.0,13.0,10.0,0.0,0.0,0.0,2.0,68.0,43.0,29.0,13.0,10.0,2.0,4.0
2011-403,Miami Masters,Hard,96,M,O,20110323,78,A678,,,Kevin Anderson,R,203.0,RSA,24.846,40.0,1058.0,A596,,,Pablo Andujar,R,180.0,ESP,25.161,69.0,712.0,6-2 6-3,3,R32,75.0,8.0,0.0,44.0,31.0,29.0,8.0,9.0,0.0,0.0,0.0,2.0,49.0,23.0,16.0,11.0,8.0,3.0,6.0
2011-403,Miami Masters,Hard,96,M,O,20110323,79,T840,16.0,,Viktor Troicki,R,193.0,SRB,25.112,17.0,1710.0,Q927,19.0,,Sam Querrey,R,198.0,USA,23.458,21.0,1485.0,7-6(5) 3-6 7-5,3,R32,155.0,7.0,4.0,118.0,72.0,50.0,26.0,16.0,6.0,9.0,17.0,2.0,111.0,64.0,45.0,28.0,17.0,6.0,9.0
2011-403,Miami Masters,Hard,96,M,O,20110323,80,D643,2.0,,Novak Djokovic,R,188.0,SRB,23.836,2.0,8710.0,B676,,WC,James Blake,R,185.0,USA,31.233,173.0,335.0,6-2 6-0,3,R32,53.0,5.0,1.0,37.0,27.0,24.0,5.0,7.0,0.0,0.0,2.0,4.0,48.0,24.0,14.0,7.0,7.0,3.0,8.0
2011-403,Miami Masters,Hard,96,M,O,20110323,81,N409,1.0,,Rafael Nadal,L,185.0,ESP,24.802,1.0,12630.0,D801,21.0,,Alexandr Dolgopolov,R,180.0,UKR,22.371,23.0,1445.0,6-1 6-2,3,R16,60.0,3.0,0.0,42.0,29.0,25.0,7.0,8.0,0.0,0.0,4.0,4.0,43.0,21.0,13.0,6.0,7.0,3.0,7.0
2011-403,Miami Masters,Hard,96,M,O,20110323,82,BA47,7.0,,Tomas Berdych,R,196.0,CZE,25.511,7.0,4320.0,MB02,,,Florian Mayer,R,191.0,GER,27.463,39.0,1063.0,6-3 2-6 7-6(4),3,R16,144.0,9.0,8.0,101.0,53.0,43.0,24.0,15.0,2.0,4.0,8.0,3.0,87.0,51.0,43.0,19.0,14.0,1.0,2.0
2011-403,Miami Masters,Hard,96,M,O,20110323,83,F324,3.0,,Roger Federer,R,185.0,SUI,29.621,3.0,8280.0,R397,,Q,Olivier Rochus,R,168.0,BEL,30.174,89.0,576.0,6-3 6-1,3,R16,53.0,6.0,1.0,37.0,25.0,22.0,10.0,8.0,0.0,0.0,1.0,3.0,56.0,32.0,21.0,8.0,8.0,7.0,11.0
2011-403,Miami Masters,Hard,96,M,O,20110323,84,SD32,25.0,,Gilles Simon,R,183.0,FRA,26.234,27.0,1305.0,T742,,,Janko Tipsarevic,R,180.0,SRB,26.749,44.0,1020.0,4-6 7-6(3) 6-2,3,R16,153.0,2.0,6.0,90.0,54.0,41.0,16.0,15.0,1.0,4.0,2.0,2.0,100.0,54.0,39.0,23.0,15.0,3.0,7.0
2011-403,Miami Masters,Hard,96,M,O,20110323,85,F401,6.0,,David Ferrer,R,175.0,ESP,28.972,6.0,4510.0,G710,,,Marcel Granollers,R,191.0,ESP,24.945,55.0,888.0,6-1 6-2,3,R16,61.0,3.0,1.0,40.0,28.0,24.0,9.0,8.0,2.0,2.0,3.0,1.0,40.0,20.0,11.0,8.0,7.0,2.0,6.0
2011-403,Miami Masters,Hard,96,M,O,20110323,86,F339,14.0,,Mardy Fish,R,188.0,USA,29.284,15.0,2106.0,D683,,,Juan Martin del Potro,R,198.0,ARG,22.494,51.0,925.0,7-5 7-6(5),3,R16,145.0,10.0,3.0,85.0,51.0,43.0,15.0,12.0,5.0,6.0,6.0,3.0,85.0,53.0,36.0,18.0,12.0,6.0,8.0
2011-403,Miami Masters,Hard,96,M,O,20110323,87,A678,,,Kevin Anderson,R,203.0,RSA,24.846,40.0,1058.0,I186,30.0,,John Isner,R,208.0,USA,25.906,33.0,1210.0,6-3 7-6(4),3,R16,102.0,6.0,2.0,62.0,42.0,37.0,13.0,11.0,3.0,3.0,12.0,0.0,61.0,37.0,29.0,13.0,10.0,0.0,1.0
2011-403,Miami Masters,Hard,96,M,O,20110323,88,D643,2.0,,Novak Djokovic,R,188.0,SRB,23.836,2.0,8710.0,T840,16.0,,Viktor Troicki,R,193.0,SRB,25.112,17.0,1710.0,6-3 6-2,3,R16,84.0,3.0,2.0,67.0,42.0,30.0,15.0,9.0,2.0,2.0,3.0,2.0,49.0,29.0,15.0,12.0,8.0,3.0,6.0
2011-403,Miami Masters,Hard,96,M,O,20110323,89,N409,1.0,,Rafael Nadal,L,185.0,ESP,24.802,1.0,12630.0,BA47,7.0,,Tomas Berdych,R,196.0,CZE,25.511,7.0,4320.0,6-2 3-6 6-3,3,QF,137.0,8.0,2.0,81.0,55.0,38.0,17.0,13.0,6.0,7.0,11.0,0.0,75.0,40.0,30.0,18.0,13.0,4.0,7.0
2011-403,Miami Masters,Hard,96,M,O,20110323,90,F324,3.0,,Roger Federer,R,185.0,SUI,29.621,3.0,8280.0,SD32,25.0,,Gilles Simon,R,183.0,FRA,26.234,27.0,1305.0,3-0 RET,3,QF,11.0,0.0,0.0,5.0,3.0,2.0,2.0,1.0,0.0,0.0,0.0,0.0,9.0,6.0,1.0,0.0,2.0,0.0,2.0
2011-403,Miami Masters,Hard,96,M,O,20110323,91,F339,14.0,,Mardy Fish,R,188.0,USA,29.284,15.0,2106.0,F401,6.0,,David Ferrer,R,175.0,ESP,28.972,6.0,4510.0,7-5 6-2,3,QF,82.0,4.0,2.0,51.0,33.0,30.0,11.0,10.0,2.0,2.0,3.0,5.0,61.0,39.0,25.0,12.0,10.0,1.0,4.0
2011-403,Miami Masters,Hard,96,M,O,20110323,92,D643,2.0,,Novak Djokovic,R,188.0,SRB,23.836,2.0,8710.0,A678,,,Kevin Anderson,R,203.0,RSA,24.846,40.0,1058.0,6-4 6-2,3,QF,108.0,6.0,2.0,64.0,42.0,34.0,10.0,9.0,5.0,5.0,4.0,2.0,62.0,40.0,24.0,10.0,9.0,1.0,4.0
2011-403,Miami Masters,Hard,96,M,O,20110323,93,N409,1.0,,Rafael Nadal,L,185.0,ESP,24.802,1.0,12630.0,F324,3.0,,Roger Federer,R,185.0,SUI,29.621,3.0,8280.0,6-3 6-2,3,SF,79.0,0.0,0.0,45.0,34.0,28.0,7.0,8.0,2.0,2.0,6.0,1.0,58.0,35.0,20.0,11.0,9.0,1.0,5.0
2011-403,Miami Masters,Hard,96,M,O,20110323,94,D643,2.0,,Novak Djokovic,R,188.0,SRB,23.836,2.0,8710.0,F339,14.0,,Mardy Fish,R,188.0,USA,29.284,15.0,2106.0,6-3 6-1,3,SF,86.0,4.0,0.0,56.0,39.0,29.0,8.0,8.0,4.0,4.0,4.0,1.0,48.0,26.0,16.0,10.0,8.0,3.0,7.0
2011-403,Miami Masters,Hard,96,M,O,20110323,95,D643,2.0,,Novak Djokovic,R,188.0,SRB,23.836,2.0,8710.0,N409,1.0,,Rafael Nadal,L,185.0,ESP,24.802,1.0,12630.0,4-6 6-3 7-6(4),3,F,202.0,3.0,0.0,95.0,54.0,36.0,29.0,16.0,2.0,4.0,5.0,6.0,110.0,66.0,46.0,20.0,15.0,7.0,9.0
2011-360,Casablanca,Clay,28,250,O,20110404,1,V254,,,Filippo Volandri,R,183.0,ITA,29.577,75.0,657.0,B747,,,Julien Benneteau,R,185.0,FRA,29.287,78.0,630.0,7-5 6-3,3,R32,99.0,0.0,1.0,67.0,47.0,34.0,9.0,11.0,4.0,6.0,3.0,3.0,70.0,49.0,29.0,8.0,10.0,5.0,9.0
2011-360,Casablanca,Clay,28,250,O,20110404,2,K834,,,Blaz Kavcic,R,188.0,SLO,24.082,90.0,587.0,E655,,WC,Reda El Amrani,R,185.0,MAR,22.875,204.0,261.0,3-4 RET,3,R32,32.0,0.0,3.0,26.0,20.0,12.0,2.0,4.0,1.0,3.0,1.0,0.0,16.0,10.0,6.0,3.0,3.0,0.0,1.0
2011-360,Casablanca,Clay,28,250,O,20110404,3,F510,7.0,,Fabio Fognini,R,178.0,ITA,23.863,52.0,910.0,G922,,Q,Gerard Granollers,R,183.0,ESP,22.174,331.0,141.0,6-2 4-6 6-3,3,R32,136.0,5.0,10.0,100.0,48.0,31.0,25.0,14.0,8.0,13.0,0.0,3.0,89.0,59.0,29.0,15.0,13.0,8.0,15.0
2011-360,Casablanca,Clay,28,250,O,20110404,4,R750,,,Pere Riba,R,183.0,ESP,22.99,84.0,608.0,H704,,,Jesse Huta Galung,R,,NED,25.492,115.0,495.0,6-3 6-3,3,R32,64.0,2.0,1.0,48.0,30.0,23.0,13.0,9.0,0.0,0.0,7.0,3.0,50.0,31.0,23.0,7.0,9.0,0.0,3.0
2011-360,Casablanca,Clay,28,250,O,20110404,5,A596,,,Pablo Andujar,R,180.0,ESP,25.194,69.0,751.0,S963,,,Florent Serra,R,180.0,FRA,30.094,79.0,625.0,6-1 3-6 6-2,3,R32,90.0,3.0,1.0,66.0,40.0,28.0,17.0,12.0,1.0,3.0,0.0,0.0,65.0,37.0,26.0,11.0,12.0,3.0,8.0
2011-360,Casablanca,Clay,28,250,O,20110404,6,CA12,6.0,,Jeremy Chardy,R,188.0,FRA,24.14,51.0,920.0,P436,,,Bjorn Phau,R,175.0,GER,31.499,112.0,500.0,6-2 7-5,3,R32,99.0,6.0,4.0,76.0,43.0,30.0,17.0,10.0,3.0,4.0,1.0,5.0,73.0,40.0,29.0,12.0,10.0,10.0,14.0
2011-360,Casablanca,Clay,28,250,O,20110404,7,S843,5.0,,Potito Starace,R,188.0,ITA,29.722,47.0,990.0,BC72,,,Daniel Brands,R,196.0,GER,23.715,85.0,606.0,7-5 6-2,3,R32,76.0,1.0,0.0,53.0,43.0,35.0,8.0,10.0,1.0,1.0,8.0,2.0,63.0,39.0,27.0,12.0,10.0,4.0,7.0
2011-360,Casablanca,Clay,28,250,O,20110404,8,R383,,,Ruben Ramirez Hidalgo,R,183.0,ESP,33.24,103.0,525.0,MA49,,,Rui Machado,R,178.0,POR,26.982,99.0,538.0,7-5 6-1,3,R32,93.0,2.0,0.0,57.0,31.0,20.0,19.0,10.0,1.0,2.0,0.0,4.0,49.0,19.0,12.0,15.0,9.0,4.0,8.0
2011-360,Casablanca,Clay,28,250,O,20110404,9,G717,,,Fred Gil,R,173.0,POR,26.029,83.0,611.0,BA98,,,Simone Bolelli,R,183.0,ITA,25.487,114.0,499.0,6-3 6-1,3,R32,71.0,2.0,0.0,42.0,23.0,19.0,13.0,8.0,0.0,0.0,1.0,1.0,57.0,39.0,21.0,8.0,8.0,4.0,8.0
2011-360,Casablanca,Clay,28,250,O,20110404,10,H528,8.0,,Victor Hanescu,R,198.0,ROU,29.703,58.0,850.0,G676,,,Daniel Gimeno-Traver,R,183.0,ESP,25.656,60.0,829.0,4-6 6-4 6-4,3,R32,150.0,0.0,6.0,111.0,58.0,41.0,25.0,15.0,13.0,17.0,5.0,5.0,99.0,53.0,36.0,19.0,15.0,5.0,10.0
2011-360,Casablanca,Clay,28,250,O,20110404,11,B678,,,Michael Berrer,L,193.0,GER,30.757,81.0,615.0,D469,,Q,Nicolas Devilder,L,173.0,FRA,31.025,377.0,106.0,6-3 6-3,3,R32,84.0,4.0,2.0,52.0,26.0,18.0,13.0,9.0,5.0,8.0,2.0,0.0,58.0,33.0,16.0,9.0,9.0,5.0,11.0
2011-360,Casablanca,Clay,28,250,O,20110404,12,KB54,,Q,Andrey Kuznetsov,R,183.0,RUS,20.112,244.0,199.0,G935,,Q,Sergio Gutierrez-Ferrol,R,,ESP,22.081,320.0,150.0,6-1 7-6(5),3,R32,77.0,3.0,0.0,57.0,36.0,22.0,14.0,9.0,2.0,4.0,7.0,4.0,61.0,26.0,21.0,10.0,10.0,2.0,7.0
2011-360,Casablanca,Clay,28,250,O,20110404,13,M824,1.0,,Albert Montanes,R,175.0,ESP,30.352,24.0,1450.0,V254,,,Filippo Volandri,R,183.0,ITA,29.577,75.0,657.0,6-1 6-4,3,R16,78.0,8.0,0.0,51.0,25.0,21.0,10.0,9.0,4.0,7.0,0.0,3.0,62.0,36.0,15.0,12.0,8.0,6.0,12.0
2011-360,Casablanca,Clay,28,250,O,20110404,14,F510,7.0,,Fabio Fognini,R,178.0,ITA,23.863,52.0,910.0,K834,,,Blaz Kavcic,R,188.0,SLO,24.082,90.0,587.0,1-6 7-5 7-5,3,R16,154.0,3.0,8.0,106.0,62.0,30.0,21.0,15.0,14.0,22.0,2.0,7.0,96.0,54.0,31.0,16.0,16.0,7.0,15.0
2011-360,Casablanca,Clay,28,250,O,20110404,15,R750,,,Pere Riba,R,183.0,ESP,22.99,84.0,608.0,G806,4.0,,Andrey Golubev,R,180.0,KAZ,23.702,40.0,1070.0,0-6 6-1 7-5,3,R16,96.0,3.0,4.0,70.0,32.0,22.0,21.0,13.0,7.0,12.0,1.0,3.0,67.0,37.0,24.0,15.0,12.0,3.0,8.0
2011-360,Casablanca,Clay,28,250,O,20110404,16,A596,,,Pablo Andujar,R,180.0,ESP,25.194,69.0,751.0,CA12,6.0,,Jeremy Chardy,R,188.0,FRA,24.14,51.0,920.0,7-6(6) 6-1,3,R16,90.0,1.0,0.0,61.0,43.0,32.0,10.0,10.0,0.0,2.0,4.0,2.0,56.0,32.0,20.0,14.0,9.0,7.0,11.0
2011-360,Casablanca,Clay,28,250,O,20110404,17,S843,5.0,,Potito Starace,R,188.0,ITA,29.722,47.0,990.0,R383,,,Ruben Ramirez Hidalgo,R,183.0,ESP,33.24,103.0,525.0,6-4 6-3,3,R16,91.0,0.0,2.0,48.0,31.0,23.0,12.0,9.0,2.0,3.0,1.0,5.0,70.0,36.0,24.0,14.0,10.0,4.0,8.0
2011-360,Casablanca,Clay,28,250,O,20110404,18,SD32,3.0,,Gilles Simon,R,183.0,FRA,26.267,23.0,1475.0,G717,,,Fred Gil,R,173.0,POR,26.029,83.0,611.0,6-3 6-4,3,R16,84.0,4.0,3.0,62.0,34.0,28.0,15.0,10.0,1.0,1.0,2.0,1.0,52.0,31.0,23.0,10.0,9.0,0.0,2.0
2011-360,Casablanca,Clay,28,250,O,20110404,19,H528,8.0,,Victor Hanescu,R,198.0,ROU,29.703,58.0,850.0,B678,,,Michael Berrer,L,193.0,GER,30.757,81.0,615.0,6-4 7-6(4),3,R16,101.0,6.0,3.0,66.0,40.0,31.0,16.0,11.0,3.0,4.0,3.0,6.0,73.0,38.0,30.0,18.0,11.0,4.0,6.0
2011-360,Casablanca,Clay,28,250,O,20110404,20,KB54,,Q,Andrey Kuznetsov,R,183.0,RUS,20.112,244.0,199.0,B837,2.0,,Marcos Baghdatis,R,178.0,CYP,25.796,26.0,1375.0,6-4 4-6 6-4,3,R16,124.0,1.0,3.0,90.0,44.0,29.0,28.0,15.0,5.0,9.0,6.0,9.0,101.0,35.0,26.0,33.0,15.0,7.0,12.0
2011-360,Casablanca,Clay,28,250,O,20110404,21,M824,1.0,,Albert Montanes,R,175.0,ESP,30.352,24.0,1450.0,F510,7.0,,Fabio Fognini,R,178.0,ITA,23.863,52.0,910.0,7-6(1) 6-1,3,QF,101.0,3.0,5.0,70.0,31.0,24.0,22.0,10.0,0.0,1.0,2.0,7.0,65.0,34.0,26.0,9.0,9.0,1.0,4.0
2011-360,Casablanca,Clay,28,250,O,20110404,22,A596,,,Pablo Andujar,R,180.0,ESP,25.194,69.0,751.0,R750,,,Pere Riba,R,183.0,ESP,22.99,84.0,608.0,6-2 6-2,3,QF,74.0,3.0,1.0,44.0,35.0,29.0,2.0,8.0,0.0,1.0,3.0,3.0,59.0,26.0,18.0,9.0,8.0,7.0,12.0
2011-360,Casablanca,Clay,28,250,O,20110404,23,S843,5.0,,Potito Starace,R,188.0,ITA,29.722,47.0,990.0,SD32,3.0,,Gilles Simon,R,183.0,FRA,26.267,23.0,1475.0,6-4 3-6 6-4,3,QF,140.0,2.0,3.0,96.0,62.0,41.0,16.0,14.0,7.0,11.0,3.0,4.0,95.0,53.0,35.0,19.0,15.0,8.0,13.0
2011-360,Casablanca,Clay,28,250,O,20110404,24,H528,8.0,,Victor Hanescu,R,198.0,ROU,29.703,58.0,850.0,KB54,,Q,Andrey Kuznetsov,R,183.0,RUS,20.112,244.0,199.0,6-7(1) 7-5 6-2,3,QF,133.0,5.0,2.0,101.0,66.0,46.0,19.0,16.0,5.0,8.0,2.0,2.0,96.0,46.0,32.0,24.0,16.0,5.0,11.0
2011-360,Casablanca,Clay,28,250,O,20110404,25,A596,,,Pablo Andujar,R,180.0,ESP,25.194,69.0,751.0,M824,1.0,,Albert Montanes,R,175.0,ESP,30.352,24.0,1450.0,6-4 6-4,3,SF,114.0,2.0,2.0,84.0,65.0,38.0,8.0,10.0,13.0,16.0,4.0,5.0,67.0,41.0,25.0,8.0,10.0,8.0,13.0
2011-360,Casablanca,Clay,28,250,O,20110404,26,S843,5.0,,Potito Starace,R,188.0,ITA,29.722,47.0,990.0,H528,8.0,,Victor Hanescu,R,198.0,ROU,29.703,58.0,850.0,6-1 6-7(3) 7-6(2),3,SF,150.0,2.0,0.0,104.0,78.0,52.0,14.0,16.0,1.0,4.0,2.0,3.0,93.0,63.0,39.0,20.0,15.0,5.0,10.0
2011-360,Casablanca,Clay,28,250,O,20110404,27,A596,,,Pablo Andujar,R,180.0,ESP,25.194,69.0,751.0,S843,5.0,,Potito Starace,R,188.0,ITA,29.722,47.0,990.0,6-1 6-2,3,F,75.0,0.0,2.0,54.0,31.0,25.0,12.0,8.0,2.0,2.0,2.0,0.0,47.0,33.0,17.0,7.0,7.0,4.0,8.0
2011-717,Houston,Clay,28,250,O,20110404,1,R772,,,Albert Ramos-Vinolas,L,188.0,ESP,23.211,113.0,500.0,D556,,,Brian Dabul,L,170.0,ARG,27.107,104.0,518.0,6-4 7-5,3,R32,96.0,5.0,1.0,74.0,45.0,31.0,17.0,11.0,5.0,6.0,2.0,3.0,68.0,53.0,37.0,5.0,11.0,4.0,7.0
2011-717,Houston,Clay,28,250,O,20110404,2,A511,,,Igor Andreev,R,185.0,RUS,27.723,97.0,554.0,R368,,,Michael Russell,R,173.0,USA,32.925,92.0,568.0,6-2 6-3,3,R32,73.0,3.0,1.0,55.0,37.0,26.0,12.0,9.0,2.0,3.0,2.0,6.0,52.0,24.0,16.0,11.0,8.0,4.0,8.0
2011-717,Houston,Clay,28,250,O,20110404,3,N552,6.0,,Kei Nishikori,R,178.0,JPN,21.262,61.0,827.0,SF76,,Q,Franko Skugor,R,196.0,CRO,23.537,149.0,385.0,6-3 6-2,3,R32,75.0,2.0,1.0,61.0,38.0,27.0,15.0,9.0,2.0,2.0,1.0,2.0,50.0,30.0,21.0,6.0,8.0,3.0,6.0
2011-717,Houston,Clay,28,250,O,20110404,4,D616,,,Somdev Devvarman,R,180.0,IND,26.136,71.0,720.0,K448,,,Robert Kendrick,R,191.0,USA,31.384,80.0,624.0,6-2 6-1,3,R32,62.0,1.0,1.0,48.0,32.0,22.0,10.0,8.0,3.0,4.0,1.0,4.0,57.0,30.0,15.0,9.0,7.0,9.0,14.0
2011-717,Houston,Clay,28,250,O,20110404,5,B676,,WC,James Blake,R,185.0,USA,31.266,163.0,355.0,B884,,,Carlos Berlocq,R,183.0,ARG,28.164,72.0,714.0,6-7(3) 6-3 6-4,3,R32,158.0,5.0,3.0,139.0,66.0,46.0,37.0,16.0,18.0,20.0,1.0,3.0,92.0,68.0,43.0,12.0,15.0,6.0,10.0
2011-717,Houston,Clay,28,250,O,20110404,6,C882,7.0,,Pablo Cuevas,R,180.0,URU,25.254,66.0,770.0,M708,,,Ricardo Mello,L,175.0,BRA,30.283,86.0,605.0,6-2 6-0,3,R32,53.0,3.0,1.0,34.0,17.0,16.0,12.0,7.0,0.0,0.0,0.0,1.0,43.0,24.0,10.0,7.0,7.0,4.0,9.0
2011-717,Houston,Clay,28,250,O,20110404,7,K336,,Q,Ivo Karlovic,R,211.0,CRO,32.096,174.0,330.0,B896,5.0,,Benjamin Becker,R,178.0,GER,29.799,65.0,775.0,7-6(5) 6-4,3,R32,90.0,8.0,0.0,59.0,34.0,32.0,19.0,11.0,0.0,0.0,6.0,3.0,71.0,39.0,34.0,17.0,11.0,3.0,4.0
2011-717,Houston,Clay,28,250,O,20110404,8,K403,,,Igor Kunitsyn,R,180.0,RUS,29.509,89.0,592.0,Z168,,,Mischa Zverev,L,191.0,GER,23.617,100.0,536.0,7-6(1) 6-2,3,R32,122.0,1.0,3.0,69.0,34.0,21.0,19.0,10.0,6.0,10.0,0.0,2.0,78.0,46.0,19.0,16.0,10.0,8.0,14.0
2011-717,Houston,Clay,28,250,O,20110404,9,Z184,,,Horacio Zeballos,L,188.0,ARG,25.936,94.0,563.0,H940,,WC,Ryan Harrison,R,185.0,USA,18.908,130.0,434.0,6-4 6-3,3,R32,96.0,2.0,1.0,68.0,38.0,29.0,12.0,9.0,4.0,5.0,5.0,3.0,67.0,31.0,18.0,18.0,10.0,3.0,7.0
2011-717,Houston,Clay,28,250,O,20110404,10,D875,8.0,,Grigor Dimitrov,R,191.0,BUL,19.885,70.0,727.0,S636,,,Rainer Schuettler,R,180.0,GER,34.94,87.0,599.0,6-0 6-2,3,R32,64.0,2.0,1.0,43.0,25.0,21.0,7.0,7.0,4.0,5.0,0.0,7.0,54.0,23.0,12.0,11.0,7.0,7.0,13.0
2011-717,Houston,Clay,28,250,O,20110404,11,G681,,,Teymuraz Gabashvili,R,185.0,GEO,25.864,77.0,631.0,C634,,Q,Paul Capdeville,R,191.0,CHI,28.005,138.0,410.0,6-4 7-6(4),3,R32,110.0,2.0,3.0,66.0,43.0,28.0,14.0,11.0,0.0,3.0,4.0,1.0,86.0,49.0,30.0,18.0,11.0,5.0,9.0
2011-717,Houston,Clay,28,250,O,20110404,12,SG87,,WC,Ryan Sweeting,R,196.0,USA,23.723,93.0,566.0,SF62,,Q,Tim Smyczek,R,175.0,USA,23.261,176.0,323.0,6-2 6-2,3,R32,70.0,3.0,0.0,48.0,32.0,23.0,11.0,8.0,3.0,4.0,0.0,5.0,47.0,28.0,15.0,5.0,8.0,3.0,8.0
2011-717,Houston,Clay,28,250,O,20110404,13,F339,1.0,,Mardy Fish,R,188.0,USA,29.317,11.0,2376.0,R772,,,Albert Ramos-Vinolas,L,188.0,ESP,23.211,113.0,500.0,6-3 6-4,3,R16,93.0,3.0,2.0,63.0,36.0,27.0,16.0,10.0,8.0,9.0,3.0,4.0,52.0,23.0,18.0,12.0,9.0,3.0,6.0
2011-717,Houston,Clay,28,250,O,20110404,14,N552,6.0,,Kei Nishikori,R,178.0,JPN,21.262,61.0,827.0,A511,,,Igor Andreev,R,185.0,RUS,27.723,97.0,554.0,6-3 6-3,3,R16,76.0,3.0,1.0,56.0,38.0,28.0,12.0,9.0,1.0,1.0,2.0,4.0,53.0,34.0,25.0,7.0,9.0,4.0,7.0
2011-717,Houston,Clay,28,250,O,20110404,15,G476,3.0,,Guillermo Garcia-Lopez,R,185.0,ESP,27.833,27.0,1330.0,D616,,,Somdev Devvarman,R,180.0,IND,26.136,71.0,720.0,6-4 6-1,3,R16,88.0,0.0,5.0,50.0,19.0,13.0,18.0,9.0,0.0,2.0,1.0,1.0,58.0,29.0,16.0,11.0,8.0,4.0,9.0
2011-717,Houston,Clay,28,250,O,20110404,16,C882,7.0,,Pablo Cuevas,R,180.0,URU,25.254,66.0,770.0,B676,,WC,James Blake,R,185.0,USA,31.266,163.0,355.0,7-5 6-1,3,R16,70.0,8.0,1.0,49.0,35.0,31.0,10.0,10.0,2.0,2.0,2.0,4.0,67.0,38.0,28.0,10.0,9.0,5.0,8.0
2011-717,Houston,Clay,28,250,O,20110404,17,K336,,Q,Ivo Karlovic,R,211.0,CRO,32.096,174.0,330.0,K403,,,Igor Kunitsyn,R,180.0,RUS,29.509,89.0,592.0,6-4 6-1,3,R16,66.0,12.0,3.0,48.0,31.0,26.0,8.0,9.0,1.0,2.0,1.0,1.0,53.0,35.0,20.0,9.0,8.0,5.0,9.0
2011-717,Houston,Clay,28,250,O,20110404,18,I186,4.0,,John Isner,R,208.0,USA,25.938,29.0,1255.0,Z184,,,Horacio Zeballos,L,188.0,ARG,25.936,94.0,563.0,7-5 6-3,3,R16,71.0,14.0,2.0,52.0,33.0,28.0,14.0,10.0,0.0,0.0,2.0,0.0,61.0,34.0,21.0,17.0,11.0,1.0,4.0
2011-717,Houston,Clay,28,250,O,20110404,19,G681,,,Teymuraz Gabashvili,R,185.0,GEO,25.864,77.0,631.0,D875,8.0,,Grigor Dimitrov,R,191.0,BUL,19.885,70.0,727.0,7-6(4) 6-3,3,R16,138.0,0.0,10.0,85.0,46.0,30.0,18.0,11.0,8.0,12.0,4.0,7.0,83.0,36.0,23.0,20.0,10.0,6.0,11.0
2011-717,Houston,Clay,28,250,O,20110404,20,SG87,,WC,Ryan Sweeting,R,196.0,USA,23.723,93.0,566.0,Q927,2.0,,Sam Querrey,R,198.0,USA,23.491,20.0,1520.0,3-6 7-6(5) 6-3,3,R16,135.0,1.0,5.0,141.0,108.0,60.0,16.0,16.0,18.0,24.0,13.0,7.0,99.0,59.0,40.0,16.0,14.0,5.0,10.0
2011-717,Houston,Clay,28,250,O,20110404,21,N552,6.0,,Kei Nishikori,R,178.0,JPN,21.262,61.0,827.0,F339,1.0,,Mardy Fish,R,188.0,USA,29.317,11.0,2376.0,6-3 6-2,3,QF,71.0,1.0,5.0,46.0,23.0,22.0,14.0,9.0,0.0,0.0,1.0,2.0,42.0,28.0,17.0,7.0,8.0,2.0,5.0
2011-717,Houston,Clay,28,250,O,20110404,22,C882,7.0,,Pablo Cuevas,R,180.0,URU,25.254,66.0,770.0,G476,3.0,,Guillermo Garcia-Lopez,R,185.0,ESP,27.833,27.0,1330.0,1-6 7-6(4) 6-3,3,QF,147.0,5.0,4.0,78.0,37.0,23.0,21.0,13.0,1.0,7.0,1.0,5.0,102.0,65.0,39.0,15.0,15.0,4.0,10.0
2011-717,Houston,Clay,28,250,O,20110404,23,K336,,Q,Ivo Karlovic,R,211.0,CRO,32.096,174.0,330.0,I186,4.0,,John Isner,R,208.0,USA,25.938,29.0,1255.0,7-6(2) 6-7(2) 7-6(9),3,QF,196.0,24.0,5.0,135.0,87.0,70.0,24.0,18.0,10.0,11.0,23.0,3.0,116.0,67.0,56.0,32.0,18.0,0.0,1.0
2011-717,Houston,Clay,28,250,O,20110404,24,SG87,,WC,Ryan Sweeting,R,196.0,USA,23.723,93.0,566.0,G681,,,Teymuraz Gabashvili,R,185.0,GEO,25.864,77.0,631.0,3-6 6-3 6-1,3,QF,100.0,5.0,4.0,66.0,39.0,28.0,17.0,12.0,3.0,5.0,1.0,5.0,71.0,34.0,25.0,16.0,13.0,2.0,7.0
2011-717,Houston,Clay,28,250,O,20110404,25,N552,6.0,,Kei Nishikori,R,178.0,JPN,21.262,61.0,827.0,C882,7.0,,Pablo Cuevas,R,180.0,URU,25.254,66.0,770.0,6-3 7-5,3,SF,104.0,2.0,3.0,71.0,34.0,24.0,18.0,11.0,6.0,9.0,2.0,1.0,58.0,33.0,18.0,11.0,10.0,4.0,9.0
2011-717,Houston,Clay,28,250,O,20110404,26,SG87,,WC,Ryan Sweeting,R,196.0,USA,23.723,93.0,566.0,K336,,Q,Ivo Karlovic,R,211.0,CRO,32.096,174.0,330.0,7-6(3) 6-3,3,SF,99.0,2.0,4.0,68.0,48.0,42.0,10.0,11.0,4.0,4.0,12.0,4.0,81.0,44.0,34.0,17.0,10.0,3.0,4.0
2011-717,Houston,Clay,28,250,O,20110404,27,SG87,,WC,Ryan Sweeting,R,196.0,USA,23.723,93.0,566.0,N552,6.0,,Kei Nishikori,R,178.0,JPN,21.262,61.0,827.0,6-4 7-6(3),3,F,120.0,5.0,6.0,92.0,54.0,37.0,20.0,11.0,4.0,5.0,1.0,0.0,68.0,39.0,30.0,14.0,11.0,3.0,5.0
2011-410,Monte Carlo Masters,Clay,56,M,O,20110410,1,N289,,,Jarkko Nieminen,L,185.0,FIN,29.714,59.0,855.0,B747,,Q,Julien Benneteau,R,185.0,FRA,29.303,79.0,630.0,4-6 6-3 7-6(3),3,R64,144.0,5.0,3.0,97.0,74.0,51.0,11.0,16.0,5.0,9.0,5.0,1.0,107.0,77.0,48.0,14.0,15.0,7.0,11.0
2011-410,Monte Carlo Masters,Clay,56,M,O,20110410,2,G476,,,Guillermo Garcia-Lopez,R,185.0,ESP,27.849,27.0,1330.0,ME31,,Q,Vincent Millot,L,173.0,FRA,25.191,159.0,365.0,6-2 6-4,3,R64,78.0,0.0,2.0,57.0,37.0,24.0,12.0,9.0,5.0,7.0,1.0,3.0,53.0,25.0,13.0,12.0,9.0,6.0,11.0
2011-410,Monte Carlo Masters,Clay,56,M,O,20110410,3,G628,13.0,,Richard Gasquet,R,183.0,FRA,24.81,18.0,1700.0,I165,,,Denis Istomin,R,185.0,UZB,24.589,55.0,895.0,5-7 6-3 6-4,3,R64,161.0,2.0,5.0,94.0,45.0,30.0,31.0,16.0,2.0,5.0,2.0,4.0,107.0,68.0,40.0,22.0,15.0,11.0,15.0
2011-410,Monte Carlo Masters,Clay,56,M,O,20110410,4,T786,12.0,,Jo-Wilfried Tsonga,R,188.0,FRA,25.979,17.0,1715.0,MA21,,,Juan Monaco,R,185.0,ARG,27.031,36.0,1110.0,4-6 6-3 6-2,3,R64,151.0,6.0,3.0,95.0,62.0,37.0,14.0,13.0,3.0,8.0,1.0,3.0,92.0,56.0,32.0,13.0,14.0,7.0,15.0
2011-410,Monte Carlo Masters,Clay,56,M,O,20110410,5,L360,,,Ivan Ljubicic,R,193.0,CRO,32.06,40.0,1065.0,CA12,,,Jeremy Chardy,R,188.0,FRA,24.156,54.0,920.0,6-1 6-2,3,R64,64.0,5.0,3.0,54.0,35.0,27.0,9.0,8.0,3.0,3.0,2.0,5.0,41.0,23.0,13.0,5.0,7.0,3.0,7.0
2011-410,Monte Carlo Masters,Clay,56,M,O,20110410,6,R397,,Q,Olivier Rochus,R,168.0,BEL,30.223,78.0,637.0,C514,,,Juan Ignacio Chela,R,191.0,ARG,31.611,42.0,1060.0,6-4 5-7 7-5,3,R64,185.0,3.0,4.0,110.0,69.0,37.0,22.0,17.0,8.0,15.0,4.0,2.0,119.0,73.0,40.0,22.0,17.0,9.0,17.0
2011-410,Monte Carlo Masters,Clay,56,M,O,20110410,7,S694,,WC,Radek Stepanek,R,185.0,CZE,32.367,70.0,758.0,B837,,,Marcos Baghdatis,R,178.0,CYP,25.812,26.0,1375.0,3-6 6-1 7-6(7),3,R64,154.0,3.0,3.0,95.0,56.0,40.0,21.0,14.0,5.0,7.0,4.0,5.0,110.0,41.0,27.0,35.0,14.0,5.0,8.0
2011-410,Monte Carlo Masters,Clay,56,M,O,20110410,8,M824,,,Albert Montanes,R,175.0,ESP,30.368,23.0,1495.0,M680,,,Xavier Malisse,R,185.0,BEL,30.724,51.0,955.0,6-4 6-2,3,R64,82.0,0.0,1.0,51.0,35.0,23.0,12.0,9.0,4.0,5.0,1.0,2.0,67.0,33.0,19.0,17.0,9.0,4.0,8.0
2011-410,Monte Carlo Masters,Clay,56,M,O,20110410,9,SD32,16.0,,Gilles Simon,R,183.0,FRA,26.283,24.0,1475.0,BD20,,,Thomaz Bellucci,L,188.0,BRA,23.277,31.0,1205.0,6-3 6-2,3,R64,94.0,1.0,2.0,79.0,48.0,32.0,17.0,9.0,6.0,7.0,2.0,2.0,40.0,19.0,12.0,8.0,8.0,1.0,5.0
2011-410,Monte Carlo Masters,Clay,56,M,O,20110410,10,MB02,,,Florian Mayer,R,191.0,GER,27.513,35.0,1128.0,Y061,10.0,,Mikhail Youzhny,R,183.0,RUS,28.791,14.0,2205.0,6-3 2-6 6-3,3,R64,124.0,4.0,6.0,88.0,43.0,27.0,21.0,13.0,5.0,11.0,1.0,4.0,83.0,43.0,23.0,18.0,13.0,6.0,13.0
2011-410,Monte Carlo Masters,Clay,56,M,O,20110410,11,G717,,Q,Fred Gil,R,173.0,POR,26.045,82.0,621.0,SC77,,,Sergiy Stakhovsky,R,193.0,UKR,25.257,38.0,1075.0,6-1 6-3,3,R64,68.0,1.0,1.0,50.0,36.0,25.0,7.0,8.0,3.0,4.0,1.0,3.0,49.0,33.0,17.0,4.0,8.0,5.0,10.0
2011-410,Monte Carlo Masters,Clay,56,M,O,20110410,12,G676,,,Daniel Gimeno-Traver,R,183.0,ESP,25.673,61.0,829.0,G725,,,Santiago Giraldo,R,188.0,COL,23.368,49.0,965.0,7-6(4) 7-5,3,R64,124.0,3.0,5.0,78.0,42.0,25.0,19.0,12.0,5.0,10.0,3.0,4.0,95.0,57.0,35.0,14.0,12.0,8.0,14.0
2011-410,Monte Carlo Masters,Clay,56,M,O,20110410,13,R419,,,Tommy Robredo,R,180.0,ESP,28.942,29.0,1245.0,D646,,,Ivan Dodig,R,183.0,CRO,26.267,57.0,876.0,6-4 6-2,3,R64,77.0,1.0,0.0,56.0,39.0,29.0,10.0,9.0,2.0,2.0,1.0,3.0,49.0,23.0,16.0,14.0,9.0,2.0,5.0
2011-410,Monte Carlo Masters,Clay,56,M,O,20110410,14,F510,,,Fabio Fognini,R,178.0,ITA,23.88,53.0,935.0,A678,,,Kevin Anderson,R,203.0,RSA,24.895,33.0,1185.0,3-6 6-2 6-2,3,R64,114.0,1.0,3.0,60.0,29.0,18.0,21.0,12.0,0.0,3.0,6.0,1.0,78.0,53.0,33.0,7.0,13.0,5.0,11.0
2011-410,Monte Carlo Masters,Clay,56,M,O,20110410,15,T840,11.0,,Viktor Troicki,R,193.0,SRB,25.161,16.0,1790.0,L386,,WC,Jean-Rene Lisnard,R,173.0,MON,31.54,694.0,23.0,7-6(4) 6-1,3,R64,121.0,3.0,2.0,78.0,45.0,31.0,18.0,10.0,4.0,6.0,0.0,2.0,76.0,38.0,22.0,17.0,9.0,4.0,8.0
2011-410,Monte Carlo Masters,Clay,56,M,O,20110410,16,G858,,,Ernests Gulbis,R,191.0,LAT,22.609,30.0,1220.0,D801,14.0,,Alexandr Dolgopolov,R,180.0,UKR,22.42,21.0,1500.0,6-1 6-4,3,R64,70.0,9.0,3.0,50.0,26.0,19.0,17.0,9.0,1.0,2.0,1.0,4.0,59.0,25.0,17.0,12.0,8.0,4.0,8.0
2011-410,Monte Carlo Masters,Clay,56,M,O,20110410,17,R975,,,Milos Raonic,R,196.0,CAN,20.285,34.0,1173.0,L428,,,Michael Llodra,L,191.0,FRA,30.894,25.0,1425.0,6-3 0-6 6-0,3,R64,79.0,5.0,2.0,67.0,44.0,36.0,5.0,10.0,6.0,9.0,4.0,5.0,61.0,32.0,22.0,10.0,11.0,2.0,7.0
2011-410,Monte Carlo Masters,Clay,56,M,O,20110410,18,L397,,,Feliciano Lopez,L,188.0,ESP,29.552,43.0,1050.0,T742,,,Janko Tipsarevic,R,180.0,SRB,26.798,37.0,1100.0,4-6 6-3 7-6(4),3,R64,145.0,18.0,2.0,104.0,60.0,49.0,24.0,16.0,3.0,5.0,7.0,4.0,96.0,52.0,38.0,26.0,15.0,3.0,5.0
2011-410,Monte Carlo Masters,Clay,56,M,O,20110410,19,H756,,,Robin Haase,R,191.0,NED,24.011,63.0,813.0,D402,,,Nikolay Davydenko,R,178.0,RUS,29.854,41.0,1060.0,7-5 4-6 6-4,3,R64,165.0,5.0,1.0,120.0,72.0,48.0,20.0,16.0,12.0,17.0,0.0,4.0,114.0,79.0,43.0,18.0,16.0,13.0,19.0
2011-410,Monte Carlo Masters,Clay,56,M,O,20110410,20,G585,,Q,Maximo Gonzalez,R,173.0,ARG,27.723,93.0,563.0,H528,,,Victor Hanescu,R,198.0,ROU,29.719,66.0,790.0,3-6 7-5 6-1,3,R64,141.0,0.0,2.0,99.0,68.0,40.0,16.0,14.0,7.0,11.0,6.0,1.0,109.0,70.0,40.0,17.0,14.0,12.0,18.0
2011-410,Monte Carlo Masters,Clay,56,M,O,20110410,21,A479,9.0,,Nicolas Almagro,R,183.0,ESP,25.634,12.0,2350.0,G710,,,Marcel Granollers,R,191.0,ESP,24.994,50.0,958.0,6-3 6-3,3,R64,87.0,3.0,5.0,63.0,41.0,34.0,7.0,9.0,2.0,3.0,0.0,1.0,54.0,30.0,21.0,8.0,9.0,1.0,5.0
2011-410,Monte Carlo Masters,Clay,56,M,O,20110410,22,C977,15.0,,Marin Cilic,R,198.0,CRO,22.53,22.0,1495.0,V254,,Q,Filippo Volandri,R,183.0,ITA,29.593,76.0,668.0,6-2 6-1,3,R64,65.0,3.0,1.0,34.0,21.0,19.0,9.0,7.0,0.0,0.0,0.0,2.0,52.0,33.0,15.0,11.0,8.0,4.0,9.0
2011-410,Monte Carlo Masters,Clay,56,M,O,20110410,23,R750,,Q,Pere Riba,R,183.0,ESP,23.006,80.0,624.0,S843,,,Potito Starace,R,188.0,ITA,29.739,44.0,1050.0,4-6 6-3 6-3,3,R64,131.0,2.0,5.0,90.0,49.0,32.0,23.0,14.0,7.0,10.0,1.0,3.0,100.0,76.0,43.0,11.0,14.0,12.0,17.0
2011-410,Monte Carlo Masters,Clay,56,M,O,20110410,24,K435,,,Philipp Kohlschreiber,R,178.0,GER,27.483,32.0,1190.0,G806,,,Andrey Golubev,R,180.0,KAZ,23.718,39.0,1066.0,5-7 7-6(6) 6-4,3,R64,150.0,2.0,6.0,120.0,68.0,44.0,31.0,17.0,9.0,13.0,1.0,3.0,106.0,66.0,44.0,20.0,17.0,4.0,8.0
2011-410,Monte Carlo Masters,Clay,56,M,O,20110410,25,N409,1.0,,Rafael Nadal,L,185.0,ESP,24.851,1.0,12870.0,N289,,,Jarkko Nieminen,L,185.0,FIN,29.714,59.0,855.0,6-2 6-2,3,R32,69.0,0.0,1.0,40.0,26.0,22.0,10.0,8.0,0.0,0.0,0.0,3.0,48.0,28.0,16.0,8.0,8.0,5.0,9.0
2011-410,Monte Carlo Masters,Clay,56,M,O,20110410,26,G628,13.0,,Richard Gasquet,R,183.0,FRA,24.81,18.0,1700.0,G476,,,Guillermo Garcia-Lopez,R,185.0,ESP,27.849,27.0,1330.0,6-2 6-1,3,R32,83.0,2.0,4.0,51.0,31.0,24.0,10.0,8.0,4.0,5.0,0.0,3.0,51.0,35.0,16.0,6.0,7.0,8.0,13.0
2011-410,Monte Carlo Masters,Clay,56,M,O,20110410,27,L360,,,Ivan Ljubicic,R,193.0,CRO,32.06,40.0,1065.0,T786,12.0,,Jo-Wilfried Tsonga,R,188.0,FRA,25.979,17.0,1715.0,7-6(2) 6-4,3,R32,130.0,5.0,3.0,91.0,54.0,39.0,18.0,11.0,3.0,5.0,4.0,0.0,73.0,44.0,31.0,14.0,11.0,3.0,6.0
2011-410,Monte Carlo Masters,Clay,56,M,O,20110410,28,BA47,5.0,,Tomas Berdych,R,196.0,CZE,25.561,7.0,3900.0,R397,,Q,Olivier Rochus,R,168.0,BEL,30.223,78.0,637.0,6-2 6-3,3,R32,107.0,8.0,1.0,76.0,42.0,31.0,17.0,9.0,6.0,7.0,1.0,1.0,58.0,35.0,22.0,6.0,8.0,7.0,11.0
2011-410,Monte Carlo Masters,Clay,56,M,O,20110410,29,MC10,3.0,,Andy Murray,R,191.0,GBR,23.904,4.0,5545.0,S694,,WC,Radek Stepanek,R,185.0,CZE,32.367,70.0,758.0,6-1 6-4,3,R32,92.0,7.0,1.0,47.0,28.0,22.0,11.0,8.0,4.0,5.0,2.0,0.0,69.0,44.0,25.0,9.0,9.0,3.0,8.0
2011-410,Monte Carlo Masters,Clay,56,M,O,20110410,30,SD32,16.0,,Gilles Simon,R,183.0,FRA,26.283,24.0,1475.0,M824,,,Albert Montanes,R,175.0,ESP,30.368,23.0,1495.0,6-3 6-4,3,R32,93.0,1.0,0.0,66.0,33.0,21.0,19.0,10.0,7.0,9.0,2.0,3.0,69.0,38.0,21.0,15.0,9.0,4.0,8.0
2011-410,Monte Carlo Masters,Clay,56,M,O,20110410,31,G717,,Q,Fred Gil,R,173.0,POR,26.045,82.0,621.0,MB02,,,Florian Mayer,R,191.0,GER,27.513,35.0,1128.0,7-5 6-1,3,R32,83.0,2.0,0.0,58.0,38.0,23.0,13.0,9.0,4.0,6.0,1.0,4.0,61.0,29.0,19.0,9.0,10.0,2.0,8.0
2011-410,Monte Carlo Masters,Clay,56,M,O,20110410,32,MC65,8.0,,Gael Monfils,R,193.0,FRA,24.605,10.0,2600.0,G676,,,Daniel Gimeno-Traver,R,183.0,ESP,25.673,61.0,829.0,7-5 6-2,3,R32,93.0,1.0,3.0,55.0,39.0,28.0,8.0,10.0,5.0,7.0,4.0,3.0,73.0,38.0,21.0,18.0,10.0,9.0,14.0
2011-410,Monte Carlo Masters,Clay,56,M,O,20110410,33,R419,,,Tommy Robredo,R,180.0,ESP,28.942,29.0,1245.0,V306,6.0,,Fernando Verdasco,L,188.0,ESP,27.4,8.0,2925.0,6-4 6-3,3,R32,91.0,2.0,1.0,60.0,40.0,29.0,12.0,10.0,5.0,7.0,3.0,6.0,53.0,28.0,18.0,11.0,9.0,1.0,5.0
2011-410,Monte Carlo Masters,Clay,56,M,O,20110410,34,T840,11.0,,Viktor Troicki,R,193.0,SRB,25.161,16.0,1790.0,F510,,,Fabio Fognini,R,178.0,ITA,23.88,53.0,935.0,6-3 4-6 6-4,3,R32,129.0,2.0,0.0,89.0,53.0,30.0,16.0,14.0,5.0,12.0,0.0,2.0,90.0,58.0,31.0,12.0,15.0,6.0,15.0
2011-410,Monte Carlo Masters,Clay,56,M,O,20110410,35,R975,,,Milos Raonic,R,196.0,CAN,20.285,34.0,1173.0,G858,,,Ernests Gulbis,R,191.0,LAT,22.609,30.0,1220.0,6-4 7-5,3,R32,91.0,7.0,1.0,62.0,38.0,29.0,12.0,11.0,1.0,3.0,4.0,4.0,59.0,34.0,23.0,13.0,11.0,0.0,4.0
2011-410,Monte Carlo Masters,Clay,56,M,O,20110410,36,F401,4.0,,David Ferrer,R,175.0,ESP,29.021,6.0,4600.0,L397,,,Feliciano Lopez,L,188.0,ESP,29.552,43.0,1050.0,6-2 6-0,3,R32,56.0,5.0,1.0,36.0,24.0,21.0,8.0,7.0,1.0,1.0,2.0,6.0,50.0,32.0,16.0,6.0,7.0,5.0,10.0
2011-410,Monte Carlo Masters,Clay,56,M,O,20110410,37,M762,7.0,,Jurgen Melzer,L,183.0,AUT,29.884,9.0,2660.0,H756,,,Robin Haase,R,191.0,NED,24.011,63.0,813.0,3-6 6-1 6-2,3,R32,91.0,5.0,0.0,60.0,46.0,33.0,7.0,12.0,3.0,6.0,5.0,2.0,65.0,39.0,24.0,11.0,12.0,6.0,12.0
2011-410,Monte Carlo Masters,Clay,56,M,O,20110410,38,A479,9.0,,Nicolas Almagro,R,183.0,ESP,25.634,12.0,2350.0,G585,,Q,Maximo Gonzalez,R,173.0,ARG,27.723,93.0,563.0,6-7(6) 7-5 7-6(10),3,R32,180.0,10.0,5.0,115.0,63.0,45.0,27.0,18.0,6.0,10.0,3.0,1.0,129.0,88.0,56.0,20.0,18.0,10.0,15.0
2011-410,Monte Carlo Masters,Clay,56,M,O,20110410,39,C977,15.0,,Marin Cilic,R,198.0,CRO,22.53,22.0,1495.0,R750,,Q,Pere Riba,R,183.0,ESP,23.006,80.0,624.0,5-2 RET,3,R32,36.0,4.0,0.0,14.0,10.0,9.0,3.0,3.0,0.0,0.0,0.0,0.0,32.0,19.0,9.0,7.0,4.0,6.0,8.0
2011-410,Monte Carlo Masters,Clay,56,M,O,20110410,40,F324,2.0,,Roger Federer,R,185.0,SUI,29.67,3.0,8550.0,K435,,,Philipp Kohlschreiber,R,178.0,GER,27.483,32.0,1190.0,6-2 6-1,3,R32,50.0,5.0,2.0,46.0,33.0,29.0,6.0,8.0,1.0,1.0,3.0,2.0,41.0,29.0,15.0,5.0,7.0,3.0,7.0
2011-410,Monte Carlo Masters,Clay,56,M,O,20110410,41,N409,1.0,,Rafael Nadal,L,185.0,ESP,24.851,1.0,12870.0,G628,13.0,,Richard Gasquet,R,183.0,FRA,24.81,18.0,1700.0,6-2 6-4,3,R16,94.0,3.0,2.0,50.0,33.0,25.0,11.0,9.0,0.0,1.0,1.0,0.0,63.0,32.0,18.0,15.0,9.0,5.0,9.0
2011-410,Monte Carlo Masters,Clay,56,M,O,20110410,42,L360,,,Ivan Ljubicic,R,193.0,CRO,32.06,40.0,1065.0,BA47,5.0,,Tomas Berdych,R,196.0,CZE,25.561,7.0,3900.0,6-4 6-2,3,R16,81.0,5.0,1.0,54.0,32.0,27.0,12.0,9.0,1.0,1.0,1.0,0.0,45.0,26.0,19.0,10.0,9.0,1.0,4.0
2011-410,Monte Carlo Masters,Clay,56,M,O,20110410,43,MC10,3.0,,Andy Murray,R,191.0,GBR,23.904,4.0,5545.0,SD32,16.0,,Gilles Simon,R,183.0,FRA,26.283,24.0,1475.0,6-3 6-3,3,R16,95.0,0.0,1.0,49.0,27.0,19.0,10.0,9.0,2.0,5.0,2.0,2.0,69.0,33.0,15.0,16.0,9.0,4.0,10.0
2011-410,Monte Carlo Masters,Clay,56,M,O,20110410,44,G717,,Q,Fred Gil,R,173.0,POR,26.045,82.0,621.0,MC65,8.0,,Gael Monfils,R,193.0,FRA,24.605,10.0,2600.0,7-6(6) 6-2,3,R16,121.0,1.0,1.0,78.0,49.0,36.0,17.0,10.0,3.0,3.0,2.0,4.0,69.0,45.0,28.0,10.0,10.0,3.0,5.0
2011-410,Monte Carlo Masters,Clay,56,M,O,20110410,45,T840,11.0,,Viktor Troicki,R,193.0,SRB,25.161,16.0,1790.0,R419,,,Tommy Robredo,R,180.0,ESP,28.942,29.0,1245.0,3-6 2-1 RET,3,R16,67.0,2.0,1.0,40.0,29.0,18.0,4.0,6.0,4.0,6.0,1.0,0.0,43.0,28.0,18.0,9.0,6.0,4.0,5.0
2011-410,Monte Carlo Masters,Clay,56,M,O,20110410,46,F401,4.0,,David Ferrer,R,175.0,ESP,29.021,6.0,4600.0,R975,,,Milos Raonic,R,196.0,CAN,20.285,34.0,1173.0,6-1 6-3,3,R16,77.0,0.0,1.0,45.0,24.0,16.0,13.0,8.0,1.0,2.0,1.0,2.0,55.0,26.0,15.0,11.0,8.0,5.0,10.0
2011-410,Monte Carlo Masters,Clay,56,M,O,20110410,47,M762,7.0,,Jurgen Melzer,L,183.0,AUT,29.884,9.0,2660.0,A479,9.0,,Nicolas Almagro,R,183.0,ESP,25.634,12.0,2350.0,6-1 6-4,3,R16,91.0,2.0,1.0,48.0,32.0,25.0,8.0,8.0,2.0,3.0,1.0,3.0,51.0,25.0,15.0,8.0,9.0,2.0,7.0
2011-410,Monte Carlo Masters,Clay,56,M,O,20110410,48,F324,2.0,,Roger Federer,R,185.0,SUI,29.67,3.0,8550.0,C977,15.0,,Marin Cilic,R,198.0,CRO,22.53,22.0,1495.0,6-4 6-3,3,R16,72.0,0.0,0.0,54.0,38.0,30.0,12.0,10.0,1.0,1.0,3.0,2.0,52.0,26.0,19.0,15.0,9.0,2.0,4.0
2011-410,Monte Carlo Masters,Clay,56,M,O,20110410,49,N409,1.0,,Rafael Nadal,L,185.0,ESP,24.851,1.0,12870.0,L360,,,Ivan Ljubicic,R,193.0,CRO,32.06,40.0,1065.0,6-1 6-3,3,QF,80.0,0.0,1.0,46.0,32.0,24.0,8.0,8.0,5.0,6.0,3.0,0.0,47.0,32.0,13.0,7.0,8.0,2.0,7.0
2011-410,Monte Carlo Masters,Clay,56,M,O,20110410,50,MC10,3.0,,Andy Murray,R,191.0,GBR,23.904,4.0,5545.0,G717,,Q,Fred Gil,R,173.0,POR,26.045,82.0,621.0,6-2 6-1,3,QF,72.0,6.0,1.0,44.0,22.0,19.0,13.0,7.0,3.0,3.0,3.0,0.0,48.0,33.0,16.0,5.0,8.0,2.0,7.0
2011-410,Monte Carlo Masters,Clay,56,M,O,20110410,51,F401,4.0,,David Ferrer,R,175.0,ESP,29.021,6.0,4600.0,T840,11.0,,Viktor Troicki,R,193.0,SRB,25.161,16.0,1790.0,6-3 6-3,3,QF,84.0,1.0,5.0,47.0,27.0,19.0,10.0,9.0,0.0,3.0,1.0,5.0,61.0,31.0,15.0,9.0,9.0,3.0,9.0
2011-410,Monte Carlo Masters,Clay,56,M,O,20110410,52,M762,7.0,,Jurgen Melzer,L,183.0,AUT,29.884,9.0,2660.0,F324,2.0,,Roger Federer,R,185.0,SUI,29.67,3.0,8550.0,6-4 6-4,3,QF,104.0,2.0,2.0,74.0,37.0,25.0,25.0,10.0,7.0,7.0,2.0,0.0,66.0,44.0,29.0,11.0,10.0,3.0,5.0
2011-410,Monte Carlo Masters,Clay,56,M,O,20110410,53,N409,1.0,,Rafael Nadal,L,185.0,ESP,24.851,1.0,12870.0,MC10,3.0,,Andy Murray,R,191.0,GBR,23.904,4.0,5545.0,6-4 2-6 6-1,3,SF,179.0,3.0,2.0,82.0,56.0,33.0,11.0,13.0,6.0,12.0,2.0,1.0,105.0,57.0,31.0,18.0,12.0,12.0,19.0
2011-410,Monte Carlo Masters,Clay,56,M,O,20110410,54,F401,4.0,,David Ferrer,R,175.0,ESP,29.021,6.0,4600.0,M762,7.0,,Jurgen Melzer,L,183.0,AUT,29.884,9.0,2660.0,6-3 6-2,3,SF,79.0,2.0,4.0,69.0,41.0,32.0,11.0,9.0,8.0,9.0,2.0,4.0,41.0,20.0,12.0,8.0,8.0,0.0,4.0
2011-410,Monte Carlo Masters,Clay,56,M,O,20110410,55,N409,1.0,,Rafael Nadal,L,185.0,ESP,24.851,1.0,12870.0,F401,4.0,,David Ferrer,R,175.0,ESP,29.021,6.0,4600.0,6-4 7-5,3,F,137.0,0.0,3.0,83.0,51.0,33.0,18.0,11.0,5.0,7.0,0.0,2.0,70.0,36.0,25.0,15.0,11.0,7.0,11.0
2011-425,Barcelona,Clay,56,500,O,20110418,1,G676,,,Daniel Gimeno-Traver,R,183.0,ESP,25.695,60.0,839.0,S843,,,Potito Starace,R,188.0,ITA,29.76,43.0,1050.0,4-6 6-1 2-0 RET,3,R64,72.0,6.0,0.0,57.0,30.0,25.0,15.0,10.0,2.0,3.0,1.0,1.0,48.0,42.0,24.0,4.0,9.0,3.0,6.0
2011-425,Barcelona,Clay,56,500,O,20110418,2,R772,,WC,Albert Ramos-Vinolas,L,188.0,ESP,23.25,107.0,518.0,R383,,,Ruben Ramirez Hidalgo,R,183.0,ESP,33.279,97.0,536.0,4-6 7-6(5) 7-5,3,R64,192.0,5.0,3.0,102.0,61.0,43.0,18.0,17.0,7.0,13.0,1.0,0.0,127.0,80.0,49.0,20.0,17.0,12.0,18.0
2011-425,Barcelona,Clay,56,500,O,20110418,3,G725,,,Santiago Giraldo,R,188.0,COL,23.389,54.0,900.0,BD20,13.0,,Thomaz Bellucci,L,188.0,BRA,23.299,32.0,1205.0,7-5 6-3,3,R64,106.0,3.0,1.0,91.0,58.0,39.0,12.0,11.0,7.0,10.0,2.0,1.0,59.0,34.0,21.0,10.0,10.0,3.0,8.0
2011-425,Barcelona,Clay,56,500,O,20110418,4,G628,9.0,,Richard Gasquet,R,183.0,FRA,24.832,17.0,1745.0,C514,,,Juan Ignacio Chela,R,191.0,ARG,31.633,40.0,1060.0,2-6 7-6(2) 6-4,3,R64,153.0,1.0,6.0,106.0,67.0,45.0,17.0,15.0,6.0,11.0,3.0,1.0,104.0,77.0,48.0,13.0,15.0,5.0,9.0
2011-425,Barcelona,Clay,56,500,O,20110418,5,K834,,,Blaz Kavcic,R,188.0,SLO,24.12,87.0,587.0,K839,,,Tobias Kamke,R,178.0,GER,24.909,79.0,663.0,6-2 6-3,3,R64,84.0,3.0,1.0,53.0,42.0,30.0,6.0,8.0,3.0,4.0,1.0,0.0,60.0,40.0,20.0,9.0,9.0,1.0,6.0
2011-425,Barcelona,Clay,56,500,O,20110418,6,H756,,,Robin Haase,R,191.0,NED,24.033,59.0,843.0,C723,,Q,Flavio Cipolla,R,173.0,ITA,27.493,161.0,368.0,6-4 6-3,3,R64,90.0,2.0,2.0,66.0,38.0,23.0,17.0,10.0,8.0,10.0,1.0,1.0,63.0,42.0,22.0,9.0,9.0,4.0,8.0
2011-425,Barcelona,Clay,56,500,O,20110418,7,D646,,,Ivan Dodig,R,183.0,CRO,26.289,56.0,879.0,ME31,,Q,Vincent Millot,L,173.0,FRA,25.213,150.0,400.0,6-2 6-3,3,R64,85.0,2.0,0.0,64.0,38.0,23.0,15.0,9.0,5.0,7.0,1.0,1.0,54.0,35.0,14.0,10.0,8.0,4.0,9.0
2011-425,Barcelona,Clay,56,500,O,20110418,8,G511,,Q,Simon Greul,R,185.0,GER,30.012,125.0,443.0,K448,,,Robert Kendrick,R,191.0,USA,31.422,84.0,609.0,6-4 6-4,3,R64,73.0,1.0,2.0,63.0,36.0,29.0,14.0,10.0,2.0,3.0,2.0,1.0,56.0,36.0,25.0,8.0,10.0,0.0,3.0
2011-425,Barcelona,Clay,56,500,O,20110418,9,R975,15.0,,Milos Raonic,R,196.0,CAN,20.307,28.0,1256.0,S694,,,Radek Stepanek,R,185.0,CZE,32.389,68.0,758.0,6-4 6-2,3,R64,73.0,7.0,1.0,49.0,28.0,25.0,11.0,9.0,0.0,0.0,2.0,2.0,56.0,35.0,23.0,10.0,9.0,4.0,7.0
2011-425,Barcelona,Clay,56,500,O,20110418,10,G476,12.0,,Guillermo Garcia-Lopez,R,185.0,ESP,27.871,26.0,1330.0,I165,,,Denis Istomin,R,185.0,UZB,24.611,55.0,895.0,7-6(6) 6-3,3,R64,94.0,1.0,5.0,63.0,42.0,29.0,8.0,11.0,3.0,7.0,1.0,1.0,64.0,48.0,27.0,4.0,10.0,3.0,8.0
2011-425,Barcelona,Clay,56,500,O,20110418,11,L397,,,Feliciano Lopez,L,188.0,ESP,29.574,42.0,1050.0,K926,,,Mikhail Kukushkin,R,183.0,KAZ,23.31,65.0,800.0,6-2 6-7(7) 6-4,3,R64,148.0,16.0,2.0,90.0,51.0,43.0,20.0,15.0,4.0,6.0,5.0,2.0,121.0,68.0,44.0,26.0,15.0,14.0,19.0
2011-425,Barcelona,Clay,56,500,O,20110418,12,N552,,,Kei Nishikori,R,178.0,JPN,21.3,48.0,962.0,R750,,,Pere Riba,R,183.0,ESP,23.028,76.0,676.0,6-2 RET,3,R64,37.0,0.0,1.0,23.0,13.0,9.0,7.0,4.0,2.0,3.0,0.0,1.0,26.0,13.0,6.0,4.0,4.0,1.0,4.0
2011-425,Barcelona,Clay,56,500,O,20110418,13,G710,,,Marcel Granollers,R,191.0,ESP,25.016,52.0,943.0,BC72,,,Daniel Brands,R,196.0,GER,23.754,102.0,526.0,7-5 6-7(5) 6-1,3,R64,168.0,2.0,4.0,114.0,76.0,54.0,18.0,16.0,7.0,10.0,1.0,3.0,114.0,88.0,51.0,12.0,15.0,6.0,12.0
2011-425,Barcelona,Clay,56,500,O,20110418,14,PD31,,Q,Benoit Paire,R,196.0,FRA,21.944,121.0,465.0,CD85,,WC,Pablo Carreno Busta,R,188.0,ESP,19.767,314.0,153.0,6-7(7) 6-3 6-2,3,R64,129.0,5.0,4.0,106.0,49.0,38.0,28.0,14.0,3.0,6.0,2.0,3.0,100.0,60.0,38.0,17.0,15.0,4.0,11.0
2011-425,Barcelona,Clay,56,500,O,20110418,15,M824,11.0,,Albert Montanes,R,175.0,ESP,30.39,27.0,1315.0,G681,,,Teymuraz Gabashvili,R,185.0,GEO,25.903,80.0,660.0,6-2 6-2,3,R64,107.0,4.0,2.0,72.0,45.0,32.0,13.0,8.0,9.0,10.0,0.0,2.0,66.0,44.0,22.0,10.0,8.0,6.0,11.0
2011-425,Barcelona,Clay,56,500,O,20110418,16,A678,14.0,,Kevin Anderson,R,203.0,RSA,24.917,35.0,1115.0,C882,,,Pablo Cuevas,R,180.0,URU,25.292,62.0,825.0,7-5 3-6 6-4,3,R64,140.0,6.0,2.0,91.0,68.0,51.0,13.0,16.0,6.0,8.0,5.0,1.0,103.0,68.0,47.0,19.0,15.0,8.0,10.0
2011-425,Barcelona,Clay,56,500,O,20110418,17,H528,,,Victor Hanescu,R,198.0,ROU,29.741,66.0,790.0,G806,,,Andrey Golubev,R,180.0,KAZ,23.74,44.0,1041.0,6-3 6-2,3,R64,85.0,0.0,1.0,53.0,38.0,29.0,6.0,9.0,0.0,1.0,4.0,3.0,57.0,29.0,17.0,13.0,8.0,6.0,10.0
2011-425,Barcelona,Clay,56,500,O,20110418,18,B884,,,Carlos Berlocq,R,183.0,ARG,28.203,72.0,714.0,N289,,Q,Jarkko Nieminen,L,185.0,FIN,29.736,57.0,855.0,6-4 4-6 6-2,3,R64,144.0,3.0,4.0,100.0,66.0,43.0,17.0,14.0,11.0,15.0,2.0,3.0,103.0,66.0,44.0,11.0,14.0,11.0,17.0
2011-425,Barcelona,Clay,56,500,O,20110418,19,A596,,,Pablo Andujar,R,180.0,ESP,25.232,51.0,953.0,G922,,WC,Gerard Granollers,R,183.0,ESP,22.212,326.0,143.0,6-0 6-1,3,R64,58.0,5.0,2.0,44.0,28.0,25.0,7.0,7.0,0.0,0.0,1.0,1.0,41.0,30.0,13.0,3.0,6.0,3.0,8.0
2011-425,Barcelona,Clay,56,500,O,20110418,20,R613,,Q,Edouard Roger-Vasselin,R,185.0,FRA,27.387,144.0,411.0,KB54,,WC,Andrey Kuznetsov,R,183.0,RUS,20.151,209.0,256.0,6-2 6-4,3,R64,77.0,1.0,0.0,47.0,31.0,22.0,11.0,9.0,1.0,2.0,0.0,2.0,68.0,34.0,20.0,16.0,9.0,4.0,8.0
2011-425,Barcelona,Clay,56,500,O,20110418,21,D402,,,Nikolay Davydenko,R,178.0,RUS,29.875,39.0,1060.0,D801,10.0,,Alexandr Dolgopolov,R,180.0,UKR,22.442,20.0,1500.0,6-4 7-6(6),3,R64,100.0,2.0,5.0,85.0,65.0,43.0,9.0,11.0,7.0,9.0,4.0,2.0,82.0,46.0,32.0,15.0,11.0,0.0,3.0
2011-425,Barcelona,Clay,56,500,O,20110418,22,MA21,16.0,,Juan Monaco,R,185.0,ARG,27.053,37.0,1075.0,D875,,,Grigor Dimitrov,R,191.0,BUL,19.923,70.0,742.0,6-4 6-1,3,R64,78.0,1.0,1.0,56.0,40.0,26.0,9.0,8.0,7.0,8.0,0.0,2.0,47.0,28.0,17.0,6.0,9.0,0.0,5.0
2011-425,Barcelona,Clay,56,500,O,20110418,23,V339,,Q,Simone Vagnozzi,R,,ITA,27.885,186.0,306.0,F510,,,Fabio Fognini,R,178.0,ITA,23.901,49.0,960.0,2-6 4-2 RET,3,R64,62.0,0.0,2.0,41.0,26.0,19.0,3.0,7.0,3.0,7.0,3.0,0.0,50.0,30.0,18.0,7.0,7.0,3.0,6.0
2011-425,Barcelona,Clay,56,500,O,20110418,24,F316,,,Juan Carlos Ferrero,R,183.0,ESP,31.179,77.0,675.0,M680,,,Xavier Malisse,R,185.0,BEL,30.746,47.0,965.0,6-4 6-2,3,R64,81.0,2.0,0.0,66.0,51.0,33.0,9.0,9.0,3.0,4.0,1.0,2.0,58.0,32.0,22.0,11.0,9.0,5.0,9.0
2011-425,Barcelona,Clay,56,500,O,20110418,25,N409,1.0,,Rafael Nadal,L,185.0,ESP,24.873,1.0,12870.0,G676,,,Daniel Gimeno-Traver,R,183.0,ESP,25.695,60.0,839.0,6-1 6-1,3,R32,66.0,2.0,0.0,39.0,24.0,20.0,9.0,7.0,0.0,0.0,4.0,1.0,43.0,25.0,16.0,2.0,7.0,4.0,9.0
2011-425,Barcelona,Clay,56,500,O,20110418,26,G725,,,Santiago Giraldo,R,188.0,COL,23.389,54.0,900.0,R772,,WC,Albert Ramos-Vinolas,L,188.0,ESP,23.25,107.0,518.0,6-3 4-6 6-3,3,R32,142.0,9.0,3.0,111.0,71.0,47.0,18.0,14.0,7.0,10.0,3.0,2.0,91.0,72.0,40.0,11.0,14.0,5.0,10.0
2011-425,Barcelona,Clay,56,500,O,20110418,27,G628,9.0,,Richard Gasquet,R,183.0,FRA,24.832,17.0,1745.0,K834,,,Blaz Kavcic,R,188.0,SLO,24.12,87.0,587.0,6-3 4-6 6-2,3,R32,118.0,1.0,0.0,73.0,50.0,38.0,15.0,14.0,4.0,7.0,4.0,2.0,89.0,69.0,38.0,13.0,13.0,5.0,10.0
2011-425,Barcelona,Clay,56,500,O,20110418,28,MC65,7.0,,Gael Monfils,R,193.0,FRA,24.627,9.0,2600.0,H756,,,Robin Haase,R,191.0,NED,24.033,59.0,843.0,3-6 7-6(3) 6-2,3,R32,124.0,4.0,4.0,91.0,53.0,30.0,21.0,15.0,4.0,9.0,3.0,0.0,94.0,77.0,43.0,9.0,14.0,9.0,14.0
2011-425,Barcelona,Clay,56,500,O,20110418,29,D646,,,Ivan Dodig,R,183.0,CRO,26.289,56.0,879.0,SA49,3.0,,Robin Soderling,R,193.0,SWE,26.675,5.0,5420.0,6-2 6-4,3,R32,83.0,9.0,1.0,63.0,39.0,27.0,12.0,9.0,7.0,9.0,0.0,4.0,50.0,30.0,15.0,10.0,9.0,2.0,7.0
2011-425,Barcelona,Clay,56,500,O,20110418,30,R975,15.0,,Milos Raonic,R,196.0,CAN,20.307,28.0,1256.0,G511,,Q,Simon Greul,R,185.0,GER,30.012,125.0,443.0,6-3 4-6 7-6(5),3,R32,140.0,10.0,2.0,91.0,59.0,49.0,12.0,15.0,7.0,9.0,6.0,2.0,111.0,79.0,51.0,19.0,16.0,8.0,11.0
2011-425,Barcelona,Clay,56,500,O,20110418,31,L397,,,Feliciano Lopez,L,188.0,ESP,29.574,42.0,1050.0,G476,12.0,,Guillermo Garcia-Lopez,R,185.0,ESP,27.871,26.0,1330.0,6-7(2) 6-3 6-4,3,R32,125.0,13.0,3.0,94.0,55.0,39.0,25.0,16.0,2.0,3.0,4.0,1.0,84.0,54.0,40.0,19.0,15.0,1.0,4.0
2011-425,Barcelona,Clay,56,500,O,20110418,32,N552,,,Kei Nishikori,R,178.0,JPN,21.3,48.0,962.0,MA49,,LL,Rui Machado,R,178.0,POR,27.02,95.0,538.0,6-1 6-4,3,R32,180.0,1.0,2.0,49.0,33.0,28.0,9.0,9.0,2.0,2.0,0.0,1.0,56.0,37.0,24.0,7.0,8.0,1.0,4.0
2011-425,Barcelona,Clay,56,500,O,20110418,33,M762,6.0,,Jurgen Melzer,L,183.0,AUT,29.906,8.0,2975.0,G710,,,Marcel Granollers,R,191.0,ESP,25.016,52.0,943.0,6-1 6-3,3,R32,83.0,2.0,3.0,59.0,37.0,25.0,11.0,8.0,2.0,3.0,2.0,4.0,51.0,29.0,13.0,8.0,8.0,4.0,9.0
2011-425,Barcelona,Clay,56,500,O,20110418,34,M824,11.0,,Albert Montanes,R,175.0,ESP,30.39,27.0,1315.0,PD31,,Q,Benoit Paire,R,196.0,FRA,21.944,121.0,465.0,6-7(3) 6-1 6-4,3,R32,122.0,1.0,3.0,105.0,80.0,54.0,13.0,15.0,7.0,9.0,5.0,3.0,95.0,57.0,35.0,19.0,14.0,6.0,11.0
2011-425,Barcelona,Clay,56,500,O,20110418,35,H528,,,Victor Hanescu,R,198.0,ROU,29.741,66.0,790.0,A678,14.0,,Kevin Anderson,R,203.0,RSA,24.917,35.0,1115.0,6-4 6-4,3,R32,90.0,4.0,0.0,47.0,35.0,31.0,9.0,10.0,0.0,0.0,6.0,2.0,82.0,57.0,37.0,12.0,10.0,10.0,12.0
2011-425,Barcelona,Clay,56,500,O,20110418,36,F401,4.0,,David Ferrer,R,175.0,ESP,29.043,6.0,4840.0,B884,,,Carlos Berlocq,R,183.0,ARG,28.203,72.0,714.0,6-2 6-2,3,R32,91.0,1.0,1.0,58.0,38.0,26.0,14.0,8.0,4.0,4.0,1.0,5.0,65.0,37.0,25.0,8.0,8.0,3.0,7.0
2011-425,Barcelona,Clay,56,500,O,20110418,37,A479,8.0,,Nicolas Almagro,R,183.0,ESP,25.656,11.0,2395.0,A596,,,Pablo Andujar,R,180.0,ESP,25.232,51.0,953.0,7-5 7-6(1),3,R32,117.0,8.0,2.0,78.0,36.0,26.0,25.0,12.0,5.0,8.0,0.0,2.0,79.0,45.0,28.0,17.0,12.0,3.0,7.0
2011-425,Barcelona,Clay,56,500,O,20110418,38,D402,,,Nikolay Davydenko,R,178.0,RUS,29.875,39.0,1060.0,R613,,Q,Edouard Roger-Vasselin,R,185.0,FRA,27.387,144.0,411.0,6-2 7-6(11),3,R32,108.0,0.0,1.0,77.0,60.0,37.0,9.0,10.0,6.0,9.0,2.0,1.0,82.0,55.0,27.0,13.0,10.0,7.0,12.0
2011-425,Barcelona,Clay,56,500,O,20110418,39,V339,,Q,Simone Vagnozzi,R,,ITA,27.885,186.0,306.0,MA21,16.0,,Juan Monaco,R,185.0,ARG,27.053,37.0,1075.0,6-3 6-2,3,R32,83.0,0.0,1.0,47.0,30.0,18.0,14.0,8.0,4.0,5.0,0.0,3.0,67.0,53.0,30.0,4.0,9.0,6.0,11.0
2011-425,Barcelona,Clay,56,500,O,20110418,40,F316,,,Juan Carlos Ferrero,R,183.0,ESP,31.179,77.0,675.0,Z168,,LL,Mischa Zverev,L,191.0,GER,23.655,105.0,520.0,6-4 7-5,3,R32,100.0,3.0,1.0,72.0,53.0,35.0,11.0,11.0,2.0,4.0,0.0,0.0,62.0,39.0,22.0,13.0,11.0,4.0,8.0
2011-425,Barcelona,Clay,56,500,O,20110418,41,N409,1.0,,Rafael Nadal,L,185.0,ESP,24.873,1.0,12870.0,G725,,,Santiago Giraldo,R,188.0,COL,23.389,54.0,900.0,6-3 6-1,3,R16,83.0,1.0,2.0,53.0,34.0,24.0,10.0,8.0,2.0,3.0,2.0,2.0,54.0,33.0,16.0,9.0,8.0,6.0,11.0
2011-425,Barcelona,Clay,56,500,O,20110418,42,MC65,7.0,,Gael Monfils,R,193.0,FRA,24.627,9.0,2600.0,G628,9.0,,Richard Gasquet,R,183.0,FRA,24.832,17.0,1745.0,6-4 7-6(7),3,R16,97.0,0.0,3.0,78.0,68.0,44.0,5.0,11.0,3.0,5.0,1.0,2.0,76.0,56.0,36.0,10.0,11.0,4.0,7.0
2011-425,Barcelona,Clay,56,500,O,20110418,43,D646,,,Ivan Dodig,R,183.0,CRO,26.289,56.0,879.0,R975,15.0,,Milos Raonic,R,196.0,CAN,20.307,28.0,1256.0,7-6(0) 4-6 6-3,3,R16,150.0,9.0,3.0,114.0,82.0,57.0,15.0,16.0,8.0,11.0,5.0,0.0,102.0,69.0,50.0,12.0,15.0,5.0,8.0
2011-425,Barcelona,Clay,56,500,O,20110418,44,L397,,,Feliciano Lopez,L,188.0,ESP,29.574,42.0,1050.0,N552,,,Kei Nishikori,R,178.0,JPN,21.3,48.0,962.0,6-4 7-6(5),3,R16,106.0,4.0,2.0,80.0,44.0,32.0,21.0,11.0,3.0,4.0,0.0,2.0,75.0,52.0,31.0,18.0,11.0,6.0,8.0
2011-425,Barcelona,Clay,56,500,O,20110418,45,M762,6.0,,Jurgen Melzer,L,183.0,AUT,29.906,8.0,2975.0,M824,11.0,,Albert Montanes,R,175.0,ESP,30.39,27.0,1315.0,6-7(2) 6-3 6-2,3,R16,124.0,7.0,2.0,111.0,77.0,52.0,17.0,15.0,13.0,15.0,6.0,2.0,85.0,54.0,33.0,19.0,14.0,4.0,9.0
2011-425,Barcelona,Clay,56,500,O,20110418,46,F401,4.0,,David Ferrer,R,175.0,ESP,29.043,6.0,4840.0,H528,,,Victor Hanescu,R,198.0,ROU,29.741,66.0,790.0,6-3 6-2,3,R16,65.0,1.0,0.0,45.0,26.0,26.0,10.0,9.0,0.0,0.0,0.0,0.0,49.0,35.0,20.0,9.0,8.0,3.0,6.0
2011-425,Barcelona,Clay,56,500,O,20110418,47,A479,8.0,,Nicolas Almagro,R,183.0,ESP,25.656,11.0,2395.0,D402,,,Nikolay Davydenko,R,178.0,RUS,29.875,39.0,1060.0,7-6(2) 6-3,3,R16,98.0,6.0,1.0,77.0,48.0,29.0,21.0,11.0,4.0,6.0,1.0,1.0,64.0,43.0,26.0,10.0,10.0,3.0,6.0
2011-425,Barcelona,Clay,56,500,O,20110418,48,F316,,,Juan Carlos Ferrero,R,183.0,ESP,31.179,77.0,675.0,V339,,Q,Simone Vagnozzi,R,,ITA,27.885,186.0,306.0,7-6(3) 4-6 6-4,3,R16,163.0,1.0,0.0,114.0,83.0,46.0,16.0,16.0,13.0,20.0,0.0,1.0,109.0,84.0,42.0,16.0,16.0,7.0,14.0
2011-425,Barcelona,Clay,56,500,O,20110418,49,N409,1.0,,Rafael Nadal,L,185.0,ESP,24.873,1.0,12870.0,MC65,7.0,,Gael Monfils,R,193.0,FRA,24.627,9.0,2600.0,6-2 6-2,3,QF,75.0,1.0,1.0,40.0,23.0,18.0,14.0,8.0,0.0,0.0,0.0,0.0,62.0,52.0,29.0,3.0,8.0,5.0,9.0
2011-425,Barcelona,Clay,56,500,O,20110418,50,D646,,,Ivan Dodig,R,183.0,CRO,26.289,56.0,879.0,L397,,,Feliciano Lopez,L,188.0,ESP,29.574,42.0,1050.0,6-4 2-6 6-4,3,QF,116.0,6.0,0.0,74.0,49.0,36.0,16.0,14.0,1.0,3.0,11.0,0.0,91.0,57.0,39.0,20.0,14.0,7.0,9.0
2011-425,Barcelona,Clay,56,500,O,20110418,51,F401,4.0,,David Ferrer,R,175.0,ESP,29.043,6.0,4840.0,M762,6.0,,Jurgen Melzer,L,183.0,AUT,29.906,8.0,2975.0,6-3 6-3,3,QF,87.0,0.0,3.0,61.0,40.0,32.0,8.0,9.0,4.0,5.0,1.0,2.0,58.0,36.0,21.0,9.0,9.0,5.0,9.0
2011-425,Barcelona,Clay,56,500,O,20110418,52,A479,8.0,,Nicolas Almagro,R,183.0,ESP,25.656,11.0,2395.0,F316,,,Juan Carlos Ferrero,R,183.0,ESP,31.179,77.0,675.0,6-3 6-3,3,QF,65.0,6.0,1.0,47.0,22.0,17.0,14.0,9.0,3.0,5.0,2.0,1.0,62.0,42.0,21.0,9.0,9.0,11.0,16.0
2011-425,Barcelona,Clay,56,500,O,20110418,53,N409,1.0,,Rafael Nadal,L,185.0,ESP,24.873,1.0,12870.0,D646,,,Ivan Dodig,R,183.0,CRO,26.289,56.0,879.0,6-3 6-2,3,SF,88.0,1.0,0.0,49.0,35.0,24.0,7.0,8.0,2.0,4.0,2.0,2.0,48.0,23.0,12.0,7.0,9.0,2.0,8.0
2011-425,Barcelona,Clay,56,500,O,20110418,54,F401,4.0,,David Ferrer,R,175.0,ESP,29.043,6.0,4840.0,A479,8.0,,Nicolas Almagro,R,183.0,ESP,25.656,11.0,2395.0,6-3 6-4,3,SF,97.0,3.0,1.0,65.0,43.0,31.0,11.0,10.0,3.0,4.0,5.0,1.0,69.0,36.0,23.0,15.0,9.0,9.0,12.0
2011-425,Barcelona,Clay,56,500,O,20110418,55,N409,1.0,,Rafael Nadal,L,185.0,ESP,24.873,1.0,12870.0,F401,4.0,,David Ferrer,R,175.0,ESP,29.043,6.0,4840.0,6-2 6-4,3,F,109.0,0.0,1.0,61.0,41.0,23.0,10.0,9.0,5.0,8.0,2.0,1.0,69.0,48.0,24.0,6.0,9.0,10.0,16.0
2011-308,Munich,Clay,32,250,O,20110424,1,Y061,1.0,,Mikhail Youzhny,R,183.0,RUS,28.83,13.0,2205.0,BC65,,WC,Matthias Bachinger,R,188.0,GER,24.06,96.0,530.0,7-5 6-2,3,R32,98.0,3.0,1.0,66.0,42.0,28.0,17.0,10.0,6.0,7.0,2.0,2.0,63.0,37.0,20.0,15.0,10.0,2.0,6.0
2011-308,Munich,Clay,32,250,O,20110424,2,P624,,,Philipp Petzschner,R,185.0,GER,27.083,76.0,670.0,D646,,,Ivan Dodig,R,183.0,CRO,26.305,44.0,1049.0,6-1 6-4,3,R32,69.0,3.0,2.0,49.0,22.0,18.0,17.0,9.0,1.0,2.0,0.0,0.0,45.0,30.0,17.0,6.0,8.0,1.0,5.0
2011-308,Munich,Clay,32,250,O,20110424,3,S843,,,Potito Starace,R,188.0,ITA,29.777,43.0,1050.0,H571,,,Jan Hajek,R,180.0,CZE,27.713,98.0,527.0,3-6 6-4 6-0,3,R32,103.0,4.0,1.0,81.0,58.0,38.0,11.0,12.0,7.0,10.0,2.0,3.0,89.0,55.0,36.0,9.0,13.0,9.0,15.0
2011-308,Munich,Clay,32,250,O,20110424,4,SC77,6.0,,Sergiy Stakhovsky,R,193.0,UKR,25.295,39.0,1075.0,I165,,,Denis Istomin,R,185.0,UZB,24.627,56.0,895.0,5-1 RET,3,R32,22.0,2.0,0.0,13.0,8.0,8.0,4.0,3.0,0.0,0.0,1.0,0.0,21.0,14.0,6.0,3.0,3.0,1.0,3.0
2011-308,Munich,Clay,32,250,O,20110424,5,B837,4.0,,Marcos Baghdatis,R,178.0,CYP,25.851,25.0,1340.0,B747,,,Julien Benneteau,R,185.0,FRA,29.342,83.0,620.0,7-6(2) 6-3,3,R32,101.0,12.0,0.0,59.0,34.0,27.0,16.0,10.0,1.0,2.0,4.0,3.0,84.0,56.0,35.0,14.0,11.0,6.0,9.0
2011-308,Munich,Clay,32,250,O,20110424,6,D875,,,Grigor Dimitrov,R,191.0,BUL,19.94,69.0,742.0,BA86,,WC,Andreas Beck,L,191.0,GER,25.213,110.0,498.0,6-1 6-4,3,R32,64.0,7.0,1.0,45.0,32.0,27.0,9.0,9.0,0.0,0.0,1.0,0.0,47.0,30.0,18.0,8.0,8.0,5.0,8.0
2011-308,Munich,Clay,32,250,O,20110424,7,G681,,,Teymuraz Gabashvili,R,185.0,GEO,25.919,79.0,660.0,S636,,,Rainer Schuettler,R,180.0,GER,34.995,92.0,549.0,3-6 6-4 6-3,3,R32,123.0,0.0,2.0,92.0,68.0,44.0,15.0,14.0,9.0,11.0,4.0,1.0,88.0,66.0,43.0,12.0,14.0,9.0,12.0
2011-308,Munich,Clay,32,250,O,20110424,8,MB02,5.0,,Florian Mayer,R,191.0,GER,27.551,35.0,1125.0,D632,,Q,Steve Darcis,R,175.0,BEL,27.113,136.0,426.0,6-1 6-2,3,R32,60.0,1.0,0.0,44.0,24.0,18.0,9.0,7.0,2.0,4.0,0.0,0.0,50.0,34.0,11.0,4.0,8.0,3.0,10.0
2011-308,Munich,Clay,32,250,O,20110424,9,D402,7.0,,Nikolay Davydenko,R,178.0,RUS,29.892,40.0,1060.0,KB54,,Q,Andrey Kuznetsov,R,183.0,RUS,20.167,205.0,256.0,6-1 7-6(4),3,R32,89.0,4.0,1.0,67.0,45.0,34.0,13.0,10.0,4.0,5.0,1.0,1.0,73.0,46.0,29.0,11.0,9.0,5.0,8.0
2011-308,Munich,Clay,32,250,O,20110424,10,R782,,Q,Julian Reister,R,188.0,GER,25.06,94.0,539.0,BC72,,,Daniel Brands,R,196.0,GER,23.77,106.0,511.0,7-6(1) 6-1,3,R32,87.0,4.0,0.0,56.0,48.0,38.0,4.0,9.0,1.0,1.0,8.0,1.0,85.0,61.0,37.0,10.0,10.0,7.0,10.0
2011-308,Munich,Clay,32,250,O,20110424,11,Z184,,,Horacio Zeballos,L,188.0,ARG,25.99,113.0,493.0,K448,,,Robert Kendrick,R,191.0,USA,31.439,84.0,602.0,6-4 6-4,3,R32,73.0,13.0,2.0,50.0,40.0,35.0,7.0,10.0,0.0,0.0,4.0,1.0,74.0,44.0,30.0,14.0,10.0,8.0,10.0
2011-308,Munich,Clay,32,250,O,20110424,12,C977,3.0,,Marin Cilic,R,198.0,CRO,22.568,21.0,1495.0,BA98,,,Simone Bolelli,R,183.0,ITA,25.541,122.0,464.0,7-5 7-6(4),3,R32,123.0,11.0,4.0,90.0,50.0,39.0,21.0,12.0,8.0,9.0,0.0,0.0,75.0,57.0,39.0,10.0,12.0,1.0,3.0
2011-308,Munich,Clay,32,250,O,20110424,13,K435,8.0,,Philipp Kohlschreiber,R,178.0,GER,27.521,42.0,1055.0,F525,,Q,Robert Farah,R,193.0,COL,24.257,179.0,321.0,6-3 6-1,3,R32,68.0,3.0,0.0,41.0,24.0,18.0,11.0,8.0,3.0,5.0,3.0,2.0,51.0,34.0,16.0,6.0,8.0,5.0,11.0
2011-308,Munich,Clay,32,250,O,20110424,14,G512,,LL,Denis Gremelmayr,L,183.0,GER,29.687,105.0,513.0,H756,,,Robin Haase,R,191.0,NED,24.049,57.0,863.0,6-4 4-6 6-4,3,R32,125.0,3.0,3.0,97.0,61.0,35.0,19.0,15.0,5.0,10.0,6.0,2.0,99.0,63.0,37.0,17.0,15.0,5.0,11.0
2011-308,Munich,Clay,32,250,O,20110424,15,S694,,,Radek Stepanek,R,185.0,CZE,32.405,67.0,758.0,G806,,,Andrey Golubev,R,180.0,KAZ,23.756,45.0,1041.0,6-1 4-6 6-3,3,R32,107.0,4.0,3.0,82.0,60.0,37.0,12.0,13.0,3.0,6.0,5.0,6.0,82.0,51.0,32.0,11.0,13.0,3.0,9.0
2011-308,Munich,Clay,32,250,O,20110424,16,BA65,,WC,Dustin Brown,R,196.0,JAM,26.374,123.0,458.0,W367,2.0,,Stan Wawrinka,R,183.0,SUI,26.073,14.0,2090.0,6-7(6) 6-4 7-5,3,R32,134.0,10.0,2.0,108.0,60.0,48.0,27.0,17.0,4.0,6.0,4.0,1.0,114.0,78.0,58.0,16.0,17.0,2.0,6.0
2011-308,Munich,Clay,32,250,O,20110424,17,P624,,,Philipp Petzschner,R,185.0,GER,27.083,76.0,670.0,Y061,1.0,,Mikhail Youzhny,R,183.0,RUS,28.83,13.0,2205.0,7-6(5) 3-6 6-2,3,R16,136.0,3.0,2.0,79.0,54.0,44.0,12.0,14.0,0.0,2.0,0.0,1.0,89.0,59.0,39.0,18.0,15.0,0.0,3.0
2011-308,Munich,Clay,32,250,O,20110424,18,S843,,,Potito Starace,R,188.0,ITA,29.777,43.0,1050.0,SC77,6.0,,Sergiy Stakhovsky,R,193.0,UKR,25.295,39.0,1075.0,6-4 6-2,3,R16,73.0,2.0,1.0,51.0,44.0,33.0,6.0,9.0,3.0,3.0,2.0,2.0,59.0,35.0,24.0,10.0,9.0,7.0,10.0
2011-308,Munich,Clay,32,250,O,20110424,19,D875,,,Grigor Dimitrov,R,191.0,BUL,19.94,69.0,742.0,B837,4.0,,Marcos Baghdatis,R,178.0,CYP,25.851,25.0,1340.0,3-6 7-6(6) 6-2,3,R16,131.0,8.0,1.0,93.0,59.0,42.0,22.0,14.0,3.0,4.0,8.0,2.0,84.0,39.0,32.0,27.0,15.0,0.0,2.0
2011-308,Munich,Clay,32,250,O,20110424,20,MB02,5.0,,Florian Mayer,R,191.0,GER,27.551,35.0,1125.0,G681,,,Teymuraz Gabashvili,R,185.0,GEO,25.919,79.0,660.0,6-4 7-6(1),3,R16,110.0,2.0,3.0,84.0,47.0,35.0,21.0,11.0,4.0,5.0,2.0,2.0,79.0,57.0,35.0,12.0,11.0,3.0,5.0
2011-308,Munich,Clay,32,250,O,20110424,21,D402,7.0,,Nikolay Davydenko,R,178.0,RUS,29.892,40.0,1060.0,R782,,Q,Julian Reister,R,188.0,GER,25.06,94.0,539.0,3-6 7-6(5) 6-1,3,R16,147.0,1.0,3.0,115.0,94.0,60.0,9.0,15.0,11.0,15.0,2.0,1.0,94.0,63.0,40.0,14.0,13.0,5.0,9.0
2011-308,Munich,Clay,32,250,O,20110424,22,C977,3.0,,Marin Cilic,R,198.0,CRO,22.568,21.0,1495.0,Z184,,,Horacio Zeballos,L,188.0,ARG,25.99,113.0,493.0,6-3 7-6(7),3,R16,111.0,8.0,0.0,64.0,36.0,29.0,17.0,10.0,0.0,1.0,5.0,4.0,93.0,62.0,43.0,12.0,11.0,4.0,7.0
2011-308,Munich,Clay,32,250,O,20110424,23,K435,8.0,,Philipp Kohlschreiber,R,178.0,GER,27.521,42.0,1055.0,G512,,LL,Denis Gremelmayr,L,183.0,GER,29.687,105.0,513.0,6-3 6-3,3,R16,69.0,2.0,1.0,58.0,39.0,32.0,9.0,9.0,4.0,4.0,8.0,0.0,51.0,31.0,22.0,10.0,9.0,3.0,6.0
2011-308,Munich,Clay,32,250,O,20110424,24,S694,,,Radek Stepanek,R,185.0,CZE,32.405,67.0,758.0,BA65,,WC,Dustin Brown,R,196.0,JAM,26.374,123.0,458.0,7-6(6) 6-7(5) 6-3,3,R16,170.0,1.0,6.0,130.0,81.0,50.0,27.0,17.0,9.0,13.0,16.0,4.0,137.0,83.0,55.0,24.0,16.0,14.0,19.0
2011-308,Munich,Clay,32,250,O,20110424,25,P624,,,Philipp Petzschner,R,185.0,GER,27.083,76.0,670.0,S843,,,Potito Starace,R,188.0,ITA,29.777,43.0,1050.0,7-6(3) 7-6(6),3,QF,107.0,7.0,1.0,76.0,54.0,45.0,14.0,12.0,2.0,2.0,1.0,1.0,89.0,70.0,50.0,9.0,12.0,2.0,2.0
2011-308,Munich,Clay,32,250,O,20110424,26,MB02,5.0,,Florian Mayer,R,191.0,GER,27.551,35.0,1125.0,D875,,,Grigor Dimitrov,R,191.0,BUL,19.94,69.0,742.0,7-6(4) 3-6 6-4,3,QF,143.0,3.0,3.0,118.0,76.0,50.0,24.0,16.0,9.0,12.0,8.0,4.0,92.0,61.0,45.0,19.0,15.0,4.0,6.0
2011-308,Munich,Clay,32,250,O,20110424,27,D402,7.0,,Nikolay Davydenko,R,178.0,RUS,29.892,40.0,1060.0,C977,3.0,,Marin Cilic,R,198.0,CRO,22.568,21.0,1495.0,7-5 6-3,3,QF,109.0,3.0,2.0,77.0,54.0,38.0,12.0,11.0,6.0,7.0,6.0,3.0,66.0,36.0,25.0,14.0,10.0,4.0,7.0
2011-308,Munich,Clay,32,250,O,20110424,28,S694,,,Radek Stepanek,R,185.0,CZE,32.405,67.0,758.0,K435,8.0,,Philipp Kohlschreiber,R,178.0,GER,27.521,42.0,1055.0,6-4 6-0,3,QF,74.0,3.0,2.0,55.0,26.0,18.0,17.0,8.0,4.0,5.0,3.0,0.0,49.0,34.0,20.0,4.0,8.0,2.0,7.0
2011-308,Munich,Clay,32,250,O,20110424,29,MB02,5.0,,Florian Mayer,R,191.0,GER,27.551,35.0,1125.0,P624,,,Philipp Petzschner,R,185.0,GER,27.083,76.0,670.0,6-3 6-4,3,SF,73.0,6.0,1.0,58.0,38.0,30.0,10.0,10.0,5.0,6.0,2.0,0.0,60.0,41.0,27.0,9.0,9.0,5.0,8.0
2011-308,Munich,Clay,32,250,O,20110424,30,D402,7.0,,Nikolay Davydenko,R,178.0,RUS,29.892,40.0,1060.0,S694,,,Radek Stepanek,R,185.0,CZE,32.405,67.0,758.0,6-3 4-0 RET,3,SF,72.0,2.0,0.0,45.0,34.0,25.0,7.0,7.0,2.0,2.0,1.0,1.0,54.0,30.0,18.0,8.0,6.0,8.0,11.0
2011-308,Munich,Clay,32,250,O,20110424,31,D402,7.0,,Nikolay Davydenko,R,178.0,RUS,29.892,40.0,1060.0,MB02,5.0,,Florian Mayer,R,191.0,GER,27.551,35.0,1125.0,6-3 3-6 6-1,3,F,109.0,7.0,2.0,89.0,63.0,45.0,14.0,13.0,5.0,6.0,4.0,1.0,85.0,51.0,34.0,16.0,12.0,5.0,8.0
2011-468,Estoril,Clay,28,250,O,20110425,1,CA12,,,Jeremy Chardy,R,188.0,FRA,24.197,53.0,920.0,ME82,,,Adrian Mannarino,L,180.0,FRA,22.82,59.0,845.0,6-4 6-3,3,R32,91.0,8.0,4.0,63.0,34.0,26.0,11.0,9.0,5.0,7.0,1.0,3.0,76.0,47.0,27.0,11.0,10.0,12.0,17.0
2011-468,Estoril,Clay,28,250,O,20110425,2,F444,,,Alejandro Falla,L,185.0,COL,27.444,135.0,427.0,A596,,,Pablo Andujar,R,180.0,ESP,25.251,48.0,967.0,4-6 6-1 4-4 RET,3,R32,122.0,2.0,0.0,65.0,39.0,27.0,22.0,13.0,2.0,4.0,2.0,3.0,78.0,46.0,29.0,15.0,12.0,5.0,8.0
2011-468,Estoril,Clay,28,250,O,20110425,3,D683,8.0,,Juan Martin del Potro,R,198.0,ARG,22.585,46.0,1015.0,S483,,Q,Pedro Sousa,R,180.0,POR,22.91,488.0,65.0,6-2 3-6 6-3,3,R32,112.0,4.0,2.0,74.0,47.0,34.0,14.0,13.0,1.0,3.0,6.0,1.0,81.0,51.0,35.0,10.0,13.0,3.0,7.0
2011-468,Estoril,Clay,28,250,O,20110425,4,C882,,,Pablo Cuevas,R,180.0,URU,25.311,61.0,825.0,R750,,,Pere Riba,R,183.0,ESP,23.047,75.0,676.0,6-2 6-4,3,R32,68.0,4.0,1.0,44.0,29.0,27.0,9.0,9.0,0.0,0.0,2.0,5.0,69.0,38.0,26.0,12.0,9.0,4.0,7.0
2011-468,Estoril,Clay,28,250,O,20110425,5,R613,,Q,Edouard Roger-Vasselin,R,185.0,FRA,27.406,129.0,433.0,D339,,,Marcos Daniel,R,180.0,BRA,32.808,147.0,407.0,6-3 6-1,3,R32,82.0,3.0,2.0,48.0,31.0,22.0,9.0,8.0,2.0,4.0,0.0,0.0,62.0,46.0,20.0,5.0,8.0,4.0,10.0
2011-468,Estoril,Clay,28,250,O,20110425,6,BD20,6.0,,Thomaz Bellucci,L,188.0,BRA,23.318,31.0,1160.0,N390,,Q,Frederik Nielsen,R,188.0,DEN,27.661,213.0,242.0,7-5 6-1,3,R32,77.0,4.0,0.0,51.0,28.0,20.0,16.0,9.0,1.0,2.0,0.0,1.0,70.0,49.0,26.0,10.0,10.0,8.0,13.0
2011-468,Estoril,Clay,28,250,O,20110425,7,R975,5.0,,Milos Raonic,R,196.0,CAN,20.326,27.0,1274.0,A511,,,Igor Andreev,R,185.0,RUS,27.781,97.0,529.0,6-4 6-4,3,R32,85.0,4.0,5.0,71.0,44.0,33.0,15.0,10.0,8.0,8.0,4.0,3.0,56.0,40.0,29.0,6.0,10.0,1.0,3.0
2011-468,Estoril,Clay,28,250,O,20110425,8,SH90,,WC,Joao Sousa,R,185.0,POR,22.07,254.0,192.0,E698,,WC,Gastao Elias,R,180.0,POR,20.416,270.0,176.0,7-6(6) 3-6 5-2 RET,3,R32,153.0,5.0,0.0,92.0,60.0,39.0,15.0,14.0,3.0,7.0,4.0,5.0,91.0,53.0,40.0,15.0,14.0,4.0,8.0
2011-468,Estoril,Clay,28,250,O,20110425,9,B884,,,Carlos Berlocq,R,183.0,ARG,28.222,72.0,714.0,G676,,,Daniel Gimeno-Traver,R,183.0,ESP,25.714,60.0,829.0,6-4 6-3,3,R32,76.0,0.0,0.0,51.0,40.0,29.0,10.0,10.0,1.0,2.0,1.0,2.0,53.0,27.0,21.0,11.0,9.0,3.0,6.0
2011-468,Estoril,Clay,28,250,O,20110425,10,A678,7.0,,Kevin Anderson,R,203.0,RSA,24.936,34.0,1125.0,D776,,,Thiemo de Bakker,R,193.0,NED,22.595,81.0,640.0,5-7 6-3 6-2,3,R32,146.0,2.0,0.0,81.0,58.0,39.0,16.0,15.0,4.0,7.0,4.0,1.0,91.0,58.0,35.0,17.0,14.0,5.0,10.0
2011-468,Estoril,Clay,28,250,O,20110425,11,H528,,,Victor Hanescu,R,198.0,ROU,29.76,63.0,815.0,MA49,,,Rui Machado,R,178.0,POR,27.039,102.0,517.0,6-3 6-3,3,R32,82.0,4.0,1.0,63.0,48.0,36.0,7.0,9.0,1.0,1.0,3.0,1.0,52.0,34.0,23.0,8.0,9.0,4.0,7.0
2011-468,Estoril,Clay,28,250,O,20110425,12,G717,,,Fred Gil,R,173.0,POR,26.086,62.0,816.0,C723,,Q,Flavio Cipolla,R,173.0,ITA,27.513,159.0,370.0,6-3 6-2,3,R32,87.0,1.0,4.0,62.0,38.0,28.0,10.0,9.0,1.0,3.0,1.0,3.0,52.0,42.0,21.0,2.0,8.0,3.0,8.0
2011-468,Estoril,Clay,28,250,O,20110425,13,SA49,1.0,,Robin Soderling,R,193.0,SWE,26.694,5.0,5175.0,CA12,,,Jeremy Chardy,R,188.0,FRA,24.197,53.0,920.0,6-1 6-7(4) 6-1,3,R16,118.0,5.0,2.0,84.0,49.0,34.0,20.0,14.0,2.0,5.0,6.0,5.0,90.0,49.0,31.0,12.0,12.0,9.0,16.0
2011-468,Estoril,Clay,28,250,O,20110425,14,D683,8.0,,Juan Martin del Potro,R,198.0,ARG,22.585,46.0,1015.0,F444,,,Alejandro Falla,L,185.0,COL,27.444,135.0,427.0,6-2 6-1,3,R16,71.0,3.0,0.0,38.0,23.0,20.0,12.0,8.0,0.0,0.0,2.0,3.0,57.0,36.0,19.0,9.0,7.0,3.0,7.0
2011-468,Estoril,Clay,28,250,O,20110425,15,C882,,,Pablo Cuevas,R,180.0,URU,25.311,61.0,825.0,T786,3.0,,Jo-Wilfried Tsonga,R,188.0,FRA,26.021,18.0,1625.0,6-2 7-6(0),3,R16,78.0,3.0,1.0,52.0,34.0,29.0,13.0,10.0,0.0,1.0,3.0,2.0,60.0,39.0,25.0,9.0,10.0,4.0,7.0
2011-468,Estoril,Clay,28,250,O,20110425,16,BD20,6.0,,Thomaz Bellucci,L,188.0,BRA,23.318,31.0,1160.0,R613,,Q,Edouard Roger-Vasselin,R,185.0,FRA,27.406,129.0,433.0,6-3 5-7 7-5,3,R16,178.0,6.0,3.0,113.0,71.0,49.0,21.0,17.0,6.0,9.0,5.0,1.0,106.0,78.0,50.0,14.0,16.0,9.0,13.0
2011-468,Estoril,Clay,28,250,O,20110425,17,R975,5.0,,Milos Raonic,R,196.0,CAN,20.326,27.0,1274.0,SH90,,WC,Joao Sousa,R,185.0,POR,22.07,254.0,192.0,6-3 6-3,3,R16,71.0,6.0,2.0,44.0,29.0,20.0,11.0,9.0,1.0,3.0,1.0,2.0,56.0,31.0,18.0,9.0,9.0,1.0,6.0
2011-468,Estoril,Clay,28,250,O,20110425,18,SD32,4.0,,Gilles Simon,R,183.0,FRA,26.324,22.0,1475.0,B884,,,Carlos Berlocq,R,183.0,ARG,28.222,72.0,714.0,6-2 6-1,3,R16,84.0,1.0,3.0,58.0,40.0,30.0,10.0,8.0,5.0,5.0,1.0,1.0,51.0,31.0,17.0,7.0,7.0,6.0,10.0
2011-468,Estoril,Clay,28,250,O,20110425,19,A678,7.0,,Kevin Anderson,R,203.0,RSA,24.936,34.0,1125.0,H528,,,Victor Hanescu,R,198.0,ROU,29.76,63.0,815.0,6-4 6-2,3,R16,84.0,4.0,0.0,53.0,33.0,26.0,11.0,9.0,0.0,0.0,0.0,0.0,58.0,43.0,28.0,8.0,9.0,2.0,5.0
2011-468,Estoril,Clay,28,250,O,20110425,20,V306,2.0,,Fernando Verdasco,L,188.0,ESP,27.441,15.0,1910.0,G717,,,Fred Gil,R,173.0,POR,26.086,62.0,816.0,6-1 7-6(5),3,R16,103.0,2.0,7.0,63.0,41.0,30.0,10.0,10.0,3.0,5.0,1.0,3.0,67.0,44.0,23.0,12.0,9.0,4.0,8.0
2011-468,Estoril,Clay,28,250,O,20110425,21,D683,8.0,,Juan Martin del Potro,R,198.0,ARG,22.585,46.0,1015.0,SA49,1.0,,Robin Soderling,R,193.0,SWE,26.694,5.0,5175.0,6-4 7-5,3,QF,117.0,6.0,4.0,81.0,49.0,36.0,16.0,11.0,5.0,6.0,3.0,3.0,60.0,41.0,28.0,10.0,11.0,2.0,5.0
2011-468,Estoril,Clay,28,250,O,20110425,22,C882,,,Pablo Cuevas,R,180.0,URU,25.311,61.0,825.0,BD20,6.0,,Thomaz Bellucci,L,188.0,BRA,23.318,31.0,1160.0,6-4 6-2,3,QF,80.0,5.0,1.0,52.0,29.0,24.0,14.0,9.0,2.0,2.0,1.0,0.0,49.0,30.0,20.0,8.0,9.0,2.0,5.0
2011-468,Estoril,Clay,28,250,O,20110425,23,R975,5.0,,Milos Raonic,R,196.0,CAN,20.326,27.0,1274.0,SD32,4.0,,Gilles Simon,R,183.0,FRA,26.324,22.0,1475.0,7-6(4) 4-6 6-3,3,QF,151.0,7.0,1.0,109.0,70.0,49.0,16.0,16.0,3.0,8.0,2.0,2.0,92.0,52.0,33.0,22.0,15.0,6.0,11.0
2011-468,Estoril,Clay,28,250,O,20110425,24,V306,2.0,,Fernando Verdasco,L,188.0,ESP,27.441,15.0,1910.0,A678,7.0,,Kevin Anderson,R,203.0,RSA,24.936,34.0,1125.0,6-7(2) 6-2 6-3,3,QF,156.0,3.0,1.0,99.0,83.0,60.0,7.0,15.0,4.0,5.0,5.0,0.0,92.0,65.0,41.0,15.0,14.0,5.0,9.0
2011-468,Estoril,Clay,28,250,O,20110425,25,D683,8.0,,Juan Martin del Potro,R,198.0,ARG,22.585,46.0,1015.0,C882,,,Pablo Cuevas,R,180.0,URU,25.311,61.0,825.0,6-2 7-6(6),3,SF,109.0,4.0,0.0,60.0,37.0,31.0,14.0,10.0,0.0,0.0,3.0,0.0,75.0,41.0,28.0,19.0,10.0,11.0,13.0
2011-468,Estoril,Clay,28,250,O,20110425,26,V306,2.0,,Fernando Verdasco,L,188.0,ESP,27.441,15.0,1910.0,R975,5.0,,Milos Raonic,R,196.0,CAN,20.326,27.0,1274.0,6-4 RET,3,SF,42.0,0.0,0.0,26.0,22.0,18.0,2.0,5.0,0.0,0.0,6.0,2.0,31.0,19.0,14.0,6.0,5.0,1.0,2.0
2011-468,Estoril,Clay,28,250,O,20110425,27,D683,8.0,,Juan Martin del Potro,R,198.0,ARG,22.585,46.0,1015.0,V306,2.0,,Fernando Verdasco,L,188.0,ESP,27.441,15.0,1910.0,6-2 6-2,3,F,76.0,2.0,2.0,48.0,35.0,26.0,7.0,8.0,2.0,3.0,2.0,3.0,46.0,31.0,15.0,5.0,8.0,1.0,6.0
2011-5053,Belgrade,Clay,28,250,O,20110425,1,U061,,Q,Adrian Ungur,R,178.0,ROU,26.253,175.0,331.0,R383,,,Ruben Ramirez Hidalgo,R,183.0,ESP,33.298,103.0,516.0,6-7(2) 6-3 6-4,3,R32,168.0,5.0,3.0,106.0,73.0,47.0,21.0,16.0,4.0,7.0,3.0,5.0,112.0,78.0,51.0,12.0,15.0,4.0,9.0
2011-5053,Belgrade,Clay,28,250,O,20110425,2,K834,,,Blaz Kavcic,R,188.0,SLO,24.14,85.0,599.0,K839,,,Tobias Kamke,R,178.0,GER,24.928,78.0,663.0,7-6(0) 6-1,3,R32,108.0,3.0,5.0,76.0,49.0,36.0,13.0,10.0,5.0,7.0,1.0,3.0,78.0,47.0,25.0,14.0,9.0,8.0,12.0
2011-5053,Belgrade,Clay,28,250,O,20110425,3,M708,,,Ricardo Mello,L,175.0,BRA,30.341,90.0,560.0,I186,5.0,,John Isner,R,208.0,USA,25.996,29.0,1255.0,6-4 7-6(4),3,R32,75.0,2.0,2.0,63.0,47.0,40.0,10.0,11.0,4.0,5.0,18.0,5.0,75.0,55.0,37.0,10.0,11.0,3.0,5.0
2011-5053,Belgrade,Clay,28,250,O,20110425,4,D616,,,Somdev Devvarman,R,180.0,IND,26.193,71.0,714.0,K926,,,Mikhail Kukushkin,R,183.0,KAZ,23.329,65.0,800.0,1-6 6-4 6-2,3,R32,134.0,2.0,2.0,94.0,57.0,33.0,18.0,12.0,8.0,13.0,0.0,3.0,90.0,44.0,26.0,20.0,13.0,8.0,14.0
2011-5053,Belgrade,Clay,28,250,O,20110425,5,Z168,,,Mischa Zverev,L,191.0,GER,23.674,99.0,524.0,SC56,,,Dudi Sela,R,175.0,ISR,26.056,111.0,496.0,7-6(4) 3-6 6-3,3,R32,165.0,0.0,2.0,135.0,90.0,52.0,22.0,15.0,14.0,19.0,2.0,2.0,104.0,56.0,37.0,24.0,15.0,4.0,9.0
2011-5053,Belgrade,Clay,28,250,O,20110425,6,T742,7.0,,Janko Tipsarevic,R,180.0,SRB,26.839,36.0,1100.0,N552,,,Kei Nishikori,R,178.0,JPN,21.32,47.0,992.0,2-6 6-2 7-6(0),3,R32,138.0,6.0,3.0,93.0,52.0,35.0,24.0,14.0,5.0,8.0,1.0,6.0,92.0,54.0,39.0,16.0,14.0,7.0,10.0
2011-5053,Belgrade,Clay,28,250,O,20110425,7,L397,,,Feliciano Lopez,L,188.0,ESP,29.593,37.0,1095.0,MA21,8.0,,Juan Monaco,R,185.0,ARG,27.072,38.0,1085.0,6-4 7-5,3,R32,99.0,4.0,1.0,66.0,36.0,26.0,19.0,11.0,0.0,1.0,2.0,4.0,58.0,34.0,24.0,12.0,11.0,1.0,4.0
2011-5053,Belgrade,Clay,28,250,O,20110425,8,G415,,WC,Fernando Gonzalez,R,183.0,CHI,30.738,516.0,55.0,K966,,Q,Martin Klizan,L,191.0,SVK,21.788,156.0,377.0,6-2 6-4,3,R32,76.0,4.0,2.0,57.0,26.0,19.0,15.0,9.0,6.0,9.0,2.0,6.0,55.0,32.0,16.0,8.0,9.0,5.0,11.0
2011-5053,Belgrade,Clay,28,250,O,20110425,9,B678,,,Michael Berrer,L,193.0,GER,30.815,93.0,545.0,P467,,Q,Alexander Peya,R,183.0,AUT,30.825,311.0,153.0,4-6 6-3 6-4,3,R32,146.0,1.0,5.0,90.0,59.0,43.0,15.0,14.0,7.0,10.0,1.0,6.0,120.0,92.0,58.0,11.0,15.0,10.0,15.0
2011-5053,Belgrade,Clay,28,250,O,20110425,10,ME89,,,Illya Marchenko,R,185.0,UKR,23.628,108.0,501.0,G858,6.0,,Ernests Gulbis,R,191.0,LAT,22.65,33.0,1150.0,6-2 6-4,3,R32,76.0,2.0,3.0,55.0,34.0,26.0,12.0,9.0,3.0,4.0,1.0,4.0,49.0,25.0,16.0,10.0,9.0,1.0,5.0
2011-5053,Belgrade,Clay,28,250,O,20110425,11,V254,,,Filippo Volandri,R,183.0,ITA,29.634,80.0,656.0,L987,,WC,Dusan Lajovic,R,183.0,SRB,20.819,279.0,170.0,6-1 6-4,3,R32,93.0,1.0,5.0,85.0,61.0,33.0,12.0,8.0,15.0,18.0,1.0,4.0,54.0,25.0,13.0,8.0,9.0,4.0,11.0
2011-5053,Belgrade,Clay,28,250,O,20110425,12,G710,,,Marcel Granollers,R,191.0,ESP,25.035,52.0,943.0,SF76,,Q,Franko Skugor,R,196.0,CRO,23.595,155.0,379.0,7-5 6-1,3,R32,90.0,1.0,3.0,60.0,45.0,29.0,8.0,9.0,3.0,5.0,1.0,3.0,65.0,32.0,11.0,16.0,10.0,6.0,12.0
2011-5053,Belgrade,Clay,28,250,O,20110425,13,D643,1.0,,Novak Djokovic,R,188.0,SRB,23.926,2.0,9640.0,U061,,Q,Adrian Ungur,R,178.0,ROU,26.253,175.0,331.0,6-2 6-3,3,R16,68.0,1.0,1.0,56.0,33.0,23.0,12.0,9.0,4.0,6.0,0.0,4.0,42.0,20.0,11.0,7.0,8.0,1.0,6.0
2011-5053,Belgrade,Clay,28,250,O,20110425,14,K834,,,Blaz Kavcic,R,188.0,SLO,24.14,85.0,599.0,M708,,,Ricardo Mello,L,175.0,BRA,30.341,90.0,560.0,7-5 6-3,3,R16,115.0,1.0,4.0,87.0,56.0,41.0,9.0,11.0,5.0,8.0,2.0,1.0,70.0,47.0,25.0,7.0,10.0,6.0,11.0
2011-5053,Belgrade,Clay,28,250,O,20110425,15,D616,,,Somdev Devvarman,R,180.0,IND,26.193,71.0,714.0,G476,3.0,,Guillermo Garcia-Lopez,R,185.0,ESP,27.89,26.0,1330.0,7-6(6) 2-6 7-6(8),3,R16,194.0,4.0,1.0,126.0,83.0,55.0,18.0,16.0,10.0,16.0,4.0,6.0,110.0,58.0,39.0,30.0,16.0,1.0,5.0
2011-5053,Belgrade,Clay,28,250,O,20110425,16,T742,7.0,,Janko Tipsarevic,R,180.0,SRB,26.839,36.0,1100.0,Z168,,,Mischa Zverev,L,191.0,GER,23.674,99.0,524.0,6-2 6-0,3,R16,53.0,0.0,1.0,39.0,22.0,17.0,12.0,7.0,0.0,0.0,1.0,0.0,38.0,28.0,12.0,3.0,7.0,4.0,9.0
2011-5053,Belgrade,Clay,28,250,O,20110425,17,L397,,,Feliciano Lopez,L,188.0,ESP,29.593,37.0,1095.0,G415,,WC,Fernando Gonzalez,R,183.0,CHI,30.738,516.0,55.0,6-4 7-6(4),3,R16,91.0,6.0,4.0,77.0,46.0,41.0,13.0,11.0,5.0,6.0,3.0,3.0,68.0,36.0,29.0,20.0,11.0,3.0,5.0
2011-5053,Belgrade,Clay,28,250,O,20110425,18,M824,4.0,,Albert Montanes,R,175.0,ESP,30.409,28.0,1270.0,B678,,,Michael Berrer,L,193.0,GER,30.815,93.0,545.0,3-6 6-2 6-2,3,R16,90.0,6.0,0.0,71.0,41.0,29.0,22.0,12.0,2.0,3.0,1.0,2.0,79.0,57.0,36.0,10.0,13.0,2.0,6.0
2011-5053,Belgrade,Clay,28,250,O,20110425,19,V254,,,Filippo Volandri,R,183.0,ITA,29.634,80.0,656.0,ME89,,,Illya Marchenko,R,185.0,UKR,23.628,108.0,501.0,6-3 1-6 6-3,3,R16,138.0,0.0,2.0,76.0,44.0,21.0,18.0,12.0,7.0,13.0,2.0,5.0,103.0,55.0,30.0,20.0,13.0,8.0,15.0
2011-5053,Belgrade,Clay,28,250,O,20110425,20,G710,,,Marcel Granollers,R,191.0,ESP,25.035,52.0,943.0,T840,2.0,,Viktor Troicki,R,193.0,SRB,25.202,16.0,1815.0,6-2 6-3,3,R16,99.0,0.0,1.0,59.0,41.0,24.0,5.0,8.0,6.0,10.0,0.0,1.0,65.0,36.0,15.0,10.0,9.0,5.0,13.0
2011-5053,Belgrade,Clay,28,250,O,20110425,21,D643,1.0,,Novak Djokovic,R,188.0,SRB,23.926,2.0,9640.0,K834,,,Blaz Kavcic,R,188.0,SLO,24.14,85.0,599.0,6-3 6-2,3,QF,86.0,2.0,3.0,59.0,36.0,26.0,12.0,9.0,1.0,2.0,0.0,5.0,47.0,24.0,11.0,13.0,8.0,1.0,5.0
2011-5053,Belgrade,Clay,28,250,O,20110425,22,T742,7.0,,Janko Tipsarevic,R,180.0,SRB,26.839,36.0,1100.0,D616,,,Somdev Devvarman,R,180.0,IND,26.193,71.0,714.0,6-3 3-6 6-4,3,QF,159.0,5.0,4.0,82.0,37.0,27.0,25.0,14.0,4.0,7.0,2.0,1.0,96.0,51.0,30.0,24.0,14.0,2.0,6.0
2011-5053,Belgrade,Clay,28,250,O,20110425,23,L397,,,Feliciano Lopez,L,188.0,ESP,29.593,37.0,1095.0,M824,4.0,,Albert Montanes,R,175.0,ESP,30.409,28.0,1270.0,6-4 6-4,3,QF,95.0,10.0,3.0,66.0,43.0,32.0,15.0,10.0,5.0,5.0,4.0,2.0,84.0,47.0,33.0,17.0,10.0,7.0,9.0
2011-5053,Belgrade,Clay,28,250,O,20110425,24,V254,,,Filippo Volandri,R,183.0,ITA,29.634,80.0,656.0,G710,,,Marcel Granollers,R,191.0,ESP,25.035,52.0,943.0,6-2 6-4,3,QF,83.0,0.0,1.0,66.0,53.0,34.0,10.0,9.0,4.0,4.0,0.0,1.0,52.0,30.0,18.0,12.0,9.0,2.0,5.0
2011-5053,Belgrade,Clay,28,250,O,20110425,25,D643,1.0,,Novak Djokovic,R,188.0,SRB,23.926,2.0,9640.0,T742,7.0,,Janko Tipsarevic,R,180.0,SRB,26.839,36.0,1100.0,W/O,3,SF,,0.0,1.0,66.0,53.0,34.0,10.0,9.0,4.0,4.0,0.0,1.0,52.0,30.0,18.0,12.0,9.0,2.0,5.0
2011-5053,Belgrade,Clay,28,250,O,20110425,26,L397,,,Feliciano Lopez,L,188.0,ESP,29.593,37.0,1095.0,V254,,,Filippo Volandri,R,183.0,ITA,29.634,80.0,656.0,7-6(3) 6-2,3,SF,96.0,5.0,4.0,75.0,45.0,35.0,12.0,10.0,9.0,11.0,1.0,4.0,61.0,38.0,24.0,10.0,10.0,0.0,4.0
2011-5053,Belgrade,Clay,28,250,O,20110425,27,D643,1.0,,Novak Djokovic,R,188.0,SRB,23.926,2.0,9640.0,L397,,,Feliciano Lopez,L,188.0,ESP,29.593,37.0,1095.0,7-6(4) 6-2,3,F,116.0,4.0,6.0,78.0,46.0,37.0,16.0,10.0,7.0,7.0,6.0,2.0,67.0,42.0,29.0,13.0,10.0,2.0,4.0
2011-1536,Madrid Masters,Clay,56,M,O,20110501,1,B837,,,Marcos Baghdatis,R,178.0,CYP,25.87,24.0,1375.0,F444,,Q,Alejandro Falla,L,185.0,COL,27.461,123.0,447.0,6-3 3-6 7-6(5),3,R64,155.0,11.0,3.0,99.0,49.0,38.0,26.0,15.0,3.0,5.0,9.0,0.0,114.0,74.0,47.0,25.0,15.0,11.0,13.0
2011-1536,Madrid Masters,Clay,56,M,O,20110501,2,C977,,,Marin Cilic,R,198.0,CRO,22.587,19.0,1530.0,S843,,,Potito Starace,R,188.0,ITA,29.796,41.0,1050.0,7-6(5) 6-4,3,R64,94.0,11.0,1.0,73.0,41.0,31.0,17.0,11.0,4.0,6.0,0.0,0.0,77.0,56.0,34.0,10.0,11.0,3.0,6.0
2011-1536,Madrid Masters,Clay,56,M,O,20110501,3,D683,,,Juan Martin del Potro,R,198.0,ARG,22.601,32.0,1265.0,Y061,13.0,,Mikhail Youzhny,R,183.0,RUS,28.849,13.0,2285.0,6-1 3-6 6-3,3,R64,127.0,8.0,3.0,79.0,57.0,42.0,13.0,13.0,4.0,5.0,5.0,1.0,74.0,43.0,28.0,16.0,12.0,7.0,10.0
2011-1536,Madrid Masters,Clay,56,M,O,20110501,4,C723,,Q,Flavio Cipolla,R,173.0,ITA,27.529,160.0,374.0,R485,12.0,,Andy Roddick,R,188.0,USA,28.668,12.0,2290.0,6-4 6-7(7) 6-3,3,R64,183.0,3.0,3.0,114.0,78.0,51.0,23.0,16.0,8.0,10.0,5.0,2.0,113.0,77.0,49.0,20.0,15.0,6.0,10.0
2011-1536,Madrid Masters,Clay,56,M,O,20110501,5,L428,,,Michael Llodra,L,191.0,FRA,30.951,27.0,1320.0,Q927,,,Sam Querrey,R,198.0,USA,23.565,18.0,1585.0,6-2 6-3,3,R64,63.0,2.0,6.0,56.0,37.0,28.0,10.0,9.0,3.0,4.0,3.0,0.0,51.0,33.0,19.0,7.0,8.0,4.0,8.0
2011-1536,Madrid Masters,Clay,56,M,O,20110501,6,G676,,Q,Daniel Gimeno-Traver,R,183.0,ESP,25.73,61.0,829.0,G628,,,Richard Gasquet,R,183.0,FRA,24.868,16.0,1745.0,3-6 6-4 6-3,3,R64,135.0,3.0,1.0,88.0,57.0,40.0,13.0,14.0,8.0,12.0,3.0,4.0,110.0,74.0,45.0,15.0,14.0,7.0,12.0
2011-1536,Madrid Masters,Clay,56,M,O,20110501,7,L397,,,Feliciano Lopez,L,188.0,ESP,29.61,39.0,1065.0,R975,,,Milos Raonic,R,196.0,CAN,20.342,25.0,1357.0,4-6 7-6(2) 6-4,3,R64,124.0,12.0,0.0,97.0,63.0,51.0,19.0,16.0,1.0,2.0,23.0,1.0,91.0,65.0,53.0,13.0,16.0,2.0,3.0
2011-1536,Madrid Masters,Clay,56,M,O,20110501,8,M680,,,Xavier Malisse,R,185.0,BEL,30.782,49.0,965.0,H528,,Q,Victor Hanescu,R,198.0,ROU,29.777,71.0,745.0,3-6 6-4 7-5,3,R64,128.0,12.0,0.0,103.0,67.0,49.0,20.0,15.0,5.0,6.0,7.0,2.0,108.0,85.0,55.0,15.0,16.0,4.0,6.0
2011-1536,Madrid Masters,Clay,56,M,O,20110501,9,L575,,,Yen-Hsun Lu,R,180.0,TPE,27.713,55.0,888.0,V306,15.0,,Fernando Verdasco,L,188.0,ESP,27.458,17.0,1700.0,7-6(7) 7-5,3,R64,124.0,4.0,4.0,86.0,60.0,44.0,12.0,12.0,5.0,6.0,3.0,4.0,81.0,64.0,46.0,8.0,12.0,3.0,5.0
2011-1536,Madrid Masters,Clay,56,M,O,20110501,10,T786,,,Jo-Wilfried Tsonga,R,188.0,FRA,26.037,22.0,1445.0,A479,10.0,,Nicolas Almagro,R,183.0,ESP,25.692,9.0,2735.0,6-1 6-3,3,R64,67.0,8.0,3.0,46.0,30.0,26.0,9.0,8.0,2.0,2.0,1.0,0.0,46.0,32.0,17.0,7.0,8.0,3.0,7.0
2011-1536,Madrid Masters,Clay,56,M,O,20110501,11,R750,,Q,Pere Riba,R,183.0,ESP,23.064,76.0,676.0,N552,,WC,Kei Nishikori,R,178.0,JPN,21.336,46.0,992.0,6-2 6-4,3,R64,79.0,7.0,4.0,55.0,35.0,25.0,7.0,9.0,5.0,8.0,0.0,4.0,54.0,34.0,15.0,8.0,9.0,5.0,11.0
2011-1536,Madrid Masters,Clay,56,M,O,20110501,12,G725,,,Santiago Giraldo,R,188.0,COL,23.425,60.0,830.0,D801,,,Alexandr Dolgopolov,R,180.0,UKR,22.478,21.0,1500.0,6-1 7-5,3,R64,67.0,2.0,0.0,65.0,45.0,33.0,10.0,10.0,5.0,6.0,2.0,4.0,53.0,23.0,16.0,14.0,9.0,4.0,8.0
2011-1536,Madrid Masters,Clay,56,M,O,20110501,13,G710,,WC,Marcel Granollers,R,191.0,ESP,25.051,50.0,953.0,D402,,,Nikolay Davydenko,R,178.0,RUS,29.911,28.0,1310.0,7-5 6-2,3,R64,95.0,1.0,0.0,55.0,37.0,28.0,12.0,10.0,0.0,0.0,1.0,3.0,66.0,50.0,32.0,7.0,10.0,5.0,8.0
2011-1536,Madrid Masters,Clay,56,M,O,20110501,14,MA21,,,Juan Monaco,R,185.0,ARG,27.088,43.0,1040.0,G806,,,Andrey Golubev,R,180.0,KAZ,23.775,44.0,1034.0,2-6 6-2 6-2,3,R64,98.0,0.0,0.0,55.0,40.0,27.0,10.0,12.0,0.0,3.0,6.0,1.0,77.0,41.0,25.0,14.0,12.0,5.0,10.0
2011-1536,Madrid Masters,Clay,56,M,O,20110501,15,MC65,9.0,,Gael Monfils,R,193.0,FRA,24.663,10.0,2690.0,K336,,,Ivo Karlovic,R,211.0,CRO,32.17,133.0,432.0,6-3 7-6(6),3,R64,82.0,3.0,3.0,61.0,50.0,40.0,5.0,10.0,0.0,0.0,6.0,2.0,72.0,46.0,34.0,12.0,11.0,4.0,6.0
2011-1536,Madrid Masters,Clay,56,M,O,20110501,16,MB02,,,Florian Mayer,R,191.0,GER,27.57,30.0,1275.0,T840,16.0,,Viktor Troicki,R,193.0,SRB,25.218,15.0,1815.0,4-6 7-5 6-4,3,R64,143.0,1.0,5.0,104.0,67.0,49.0,12.0,16.0,8.0,12.0,5.0,1.0,97.0,54.0,35.0,22.0,16.0,10.0,15.0
2011-1536,Madrid Masters,Clay,56,M,O,20110501,17,BD20,,,Thomaz Bellucci,L,188.0,BRA,23.335,36.0,1115.0,A596,,WC,Pablo Andujar,R,180.0,ESP,25.268,48.0,967.0,6-4 6-2,3,R64,91.0,4.0,1.0,56.0,35.0,24.0,13.0,9.0,2.0,3.0,1.0,4.0,69.0,40.0,22.0,15.0,9.0,8.0,12.0
2011-1536,Madrid Masters,Clay,56,M,O,20110501,18,SD32,,,Gilles Simon,R,183.0,FRA,26.341,20.0,1520.0,L360,,,Ivan Ljubicic,R,193.0,CRO,32.118,37.0,1110.0,7-5 7-6(8),3,R64,116.0,5.0,1.0,71.0,40.0,32.0,23.0,12.0,0.0,0.0,8.0,3.0,90.0,50.0,38.0,20.0,12.0,3.0,4.0
2011-1536,Madrid Masters,Clay,56,M,O,20110501,19,ME82,,Q,Adrian Mannarino,L,180.0,FRA,22.836,59.0,845.0,C514,,,Juan Ignacio Chela,R,191.0,ARG,31.669,42.0,1045.0,4-6 6-4 6-4,3,R64,144.0,13.0,1.0,102.0,64.0,42.0,16.0,15.0,5.0,10.0,4.0,2.0,115.0,79.0,48.0,13.0,15.0,5.0,11.0
2011-1536,Madrid Masters,Clay,56,M,O,20110501,20,SC77,,,Sergiy Stakhovsky,R,193.0,UKR,25.314,38.0,1075.0,M824,,,Albert Montanes,R,175.0,ESP,30.426,26.0,1350.0,7-6(6) 3-6 7-6(5),3,R64,144.0,7.0,1.0,113.0,69.0,50.0,24.0,16.0,2.0,4.0,2.0,4.0,109.0,67.0,53.0,22.0,17.0,2.0,3.0
2011-1536,Madrid Masters,Clay,56,M,O,20110501,21,I186,,,John Isner,R,208.0,USA,26.012,33.0,1255.0,F339,11.0,,Mardy Fish,R,188.0,USA,29.391,11.0,2401.0,7-6(5) 4-6 7-6(3),3,R64,174.0,13.0,1.0,111.0,78.0,56.0,23.0,17.0,3.0,4.0,6.0,2.0,123.0,91.0,67.0,19.0,17.0,6.0,6.0
2011-1536,Madrid Masters,Clay,56,M,O,20110501,22,G476,,,Guillermo Garcia-Lopez,R,185.0,ESP,27.907,29.0,1285.0,W367,14.0,,Stan Wawrinka,R,183.0,SUI,26.092,14.0,2000.0,6-4 5-7 6-4,3,R64,165.0,3.0,2.0,111.0,57.0,42.0,29.0,16.0,5.0,7.0,5.0,2.0,105.0,69.0,50.0,14.0,16.0,5.0,8.0
2011-1536,Madrid Masters,Clay,56,M,O,20110501,23,D776,,Q,Thiemo de Bakker,R,193.0,NED,22.612,83.0,630.0,F316,,WC,Juan Carlos Ferrero,R,183.0,ESP,31.214,73.0,710.0,2-6 7-5 6-4,3,R64,123.0,10.0,3.0,85.0,47.0,37.0,22.0,15.0,4.0,6.0,5.0,0.0,90.0,66.0,46.0,16.0,15.0,5.0,7.0
2011-1536,Madrid Masters,Clay,56,M,O,20110501,24,A678,,,Kevin Anderson,R,203.0,RSA,24.953,35.0,1150.0,R397,,LL,Olivier Rochus,R,168.0,BEL,30.281,74.0,697.0,6-2 6-4,3,R64,73.0,12.0,4.0,54.0,34.0,28.0,9.0,9.0,3.0,4.0,0.0,0.0,44.0,25.0,13.0,9.0,9.0,0.0,4.0
2011-1536,Madrid Masters,Clay,56,M,O,20110501,25,N409,1.0,,Rafael Nadal,L,185.0,ESP,24.909,1.0,11915.0,B837,,,Marcos Baghdatis,R,178.0,CYP,25.87,24.0,1375.0,6-1 6-3,3,R32,82.0,1.0,0.0,41.0,23.0,19.0,14.0,8.0,0.0,0.0,3.0,1.0,54.0,26.0,19.0,9.0,8.0,1.0,5.0
2011-1536,Madrid Masters,Clay,56,M,O,20110501,26,D683,,,Juan Martin del Potro,R,198.0,ARG,22.601,32.0,1265.0,C977,,,Marin Cilic,R,198.0,CRO,22.587,19.0,1530.0,6-3 6-0,3,R32,64.0,2.0,1.0,35.0,23.0,21.0,7.0,7.0,0.0,0.0,2.0,2.0,44.0,23.0,13.0,6.0,8.0,1.0,6.0
2011-1536,Madrid Masters,Clay,56,M,O,20110501,27,L428,,,Michael Llodra,L,191.0,FRA,30.951,27.0,1320.0,C723,,Q,Flavio Cipolla,R,173.0,ITA,27.529,160.0,374.0,6-4 6-2,3,R32,77.0,3.0,0.0,49.0,32.0,24.0,11.0,9.0,0.0,1.0,0.0,2.0,59.0,34.0,21.0,11.0,9.0,5.0,9.0
2011-1536,Madrid Masters,Clay,56,M,O,20110501,28,G676,,Q,Daniel Gimeno-Traver,R,183.0,ESP,25.73,61.0,829.0,M762,8.0,,Jurgen Melzer,L,183.0,AUT,29.941,8.0,3055.0,7-6(8) 6-3,3,R32,95.0,5.0,1.0,62.0,41.0,25.0,10.0,10.0,3.0,7.0,4.0,2.0,80.0,57.0,32.0,7.0,11.0,4.0,10.0
2011-1536,Madrid Masters,Clay,56,M,O,20110501,29,F324,3.0,,Roger Federer,R,185.0,SUI,29.728,3.0,8690.0,L397,,,Feliciano Lopez,L,188.0,ESP,29.61,39.0,1065.0,7-6(13) 6-7(1) 7-6(7),3,R32,176.0,25.0,3.0,136.0,93.0,75.0,28.0,18.0,4.0,5.0,23.0,1.0,130.0,89.0,73.0,23.0,18.0,5.0,6.0
2011-1536,Madrid Masters,Clay,56,M,O,20110501,30,M680,,,Xavier Malisse,R,185.0,BEL,30.782,49.0,965.0,L575,,,Yen-Hsun Lu,R,180.0,TPE,27.713,55.0,888.0,6-2 6-2,3,R32,57.0,7.0,1.0,40.0,28.0,23.0,9.0,8.0,0.0,0.0,1.0,0.0,46.0,29.0,19.0,6.0,8.0,2.0,6.0
2011-1536,Madrid Masters,Clay,56,M,O,20110501,31,T786,,,Jo-Wilfried Tsonga,R,188.0,FRA,26.037,22.0,1445.0,R750,,Q,Pere Riba,R,183.0,ESP,23.064,76.0,676.0,6-4 6-2,3,R32,200.0,6.0,2.0,49.0,36.0,28.0,7.0,9.0,2.0,3.0,2.0,1.0,57.0,31.0,17.0,13.0,9.0,4.0,8.0
2011-1536,Madrid Masters,Clay,56,M,O,20110501,32,SA49,5.0,,Robin Soderling,R,193.0,SWE,26.71,5.0,5235.0,G725,,,Santiago Giraldo,R,188.0,COL,23.425,60.0,830.0,6-3 6-3,3,R32,80.0,9.0,2.0,52.0,30.0,25.0,10.0,9.0,2.0,3.0,3.0,1.0,74.0,40.0,27.0,12.0,9.0,6.0,10.0
2011-1536,Madrid Masters,Clay,56,M,O,20110501,33,BA47,7.0,,Tomas Berdych,R,196.0,CZE,25.618,7.0,3900.0,G710,,WC,Marcel Granollers,R,191.0,ESP,25.051,50.0,953.0,6-4 6-0,3,R32,76.0,1.0,0.0,41.0,27.0,19.0,9.0,8.0,2.0,4.0,0.0,0.0,54.0,40.0,15.0,8.0,8.0,3.0,9.0
2011-1536,Madrid Masters,Clay,56,M,O,20110501,34,MA21,,,Juan Monaco,R,185.0,ARG,27.088,43.0,1040.0,MC65,9.0,,Gael Monfils,R,193.0,FRA,24.663,10.0,2690.0,6-2 3-0 RET,3,R32,64.0,0.0,0.0,31.0,24.0,16.0,6.0,5.0,3.0,3.0,2.0,3.0,51.0,34.0,18.0,5.0,6.0,4.0,8.0
2011-1536,Madrid Masters,Clay,56,M,O,20110501,35,BD20,,,Thomaz Bellucci,L,188.0,BRA,23.335,36.0,1115.0,MB02,,,Florian Mayer,R,191.0,GER,27.57,30.0,1275.0,6-7(5) 6-3 3-0 RET,3,R32,102.0,11.0,1.0,69.0,49.0,36.0,13.0,12.0,0.0,2.0,2.0,2.0,83.0,58.0,31.0,12.0,12.0,6.0,11.0
2011-1536,Madrid Masters,Clay,56,M,O,20110501,36,MC10,4.0,,Andy Murray,R,191.0,GBR,23.962,4.0,5815.0,SD32,,,Gilles Simon,R,183.0,FRA,26.341,20.0,1520.0,6-4 3-6 6-0,3,R32,143.0,8.0,3.0,95.0,59.0,39.0,18.0,12.0,8.0,10.0,4.0,2.0,88.0,46.0,28.0,20.0,13.0,10.0,15.0
2011-1536,Madrid Masters,Clay,56,M,O,20110501,37,F401,6.0,,David Ferrer,R,175.0,ESP,29.079,6.0,4330.0,ME82,,Q,Adrian Mannarino,L,180.0,FRA,22.836,59.0,845.0,7-5 0-6 6-0,3,R32,115.0,4.0,5.0,100.0,62.0,41.0,15.0,12.0,8.0,12.0,0.0,0.0,66.0,32.0,18.0,19.0,12.0,0.0,5.0
2011-1536,Madrid Masters,Clay,56,M,O,20110501,38,SC77,,,Sergiy Stakhovsky,R,193.0,UKR,25.314,38.0,1075.0,I186,,,John Isner,R,208.0,USA,26.012,33.0,1255.0,7-5 4-6 7-6(3),3,R32,136.0,5.0,1.0,103.0,70.0,53.0,21.0,17.0,3.0,4.0,7.0,2.0,103.0,69.0,49.0,21.0,17.0,1.0,2.0
2011-1536,Madrid Masters,Clay,56,M,O,20110501,39,G476,,,Guillermo Garcia-Lopez,R,185.0,ESP,27.907,29.0,1285.0,D776,,Q,Thiemo de Bakker,R,193.0,NED,22.612,83.0,630.0,6-2 6-3,3,R32,73.0,1.0,1.0,50.0,21.0,20.0,18.0,9.0,1.0,1.0,1.0,1.0,50.0,25.0,15.0,14.0,8.0,3.0,6.0
2011-1536,Madrid Masters,Clay,56,M,O,20110501,40,D643,2.0,,Novak Djokovic,R,188.0,SRB,23.943,2.0,9710.0,A678,,,Kevin Anderson,R,203.0,RSA,24.953,35.0,1150.0,6-3 6-4,3,R32,101.0,2.0,2.0,55.0,39.0,32.0,9.0,10.0,2.0,2.0,7.0,0.0,64.0,39.0,28.0,11.0,9.0,4.0,6.0
2011-1536,Madrid Masters,Clay,56,M,O,20110501,41,N409,1.0,,Rafael Nadal,L,185.0,ESP,24.909,1.0,11915.0,D683,,,Juan Martin del Potro,R,198.0,ARG,22.601,32.0,1265.0,W/O,3,R16,,2.0,2.0,55.0,39.0,32.0,9.0,10.0,2.0,2.0,7.0,0.0,64.0,39.0,28.0,11.0,9.0,4.0,6.0
2011-1536,Madrid Masters,Clay,56,M,O,20110501,42,L428,,,Michael Llodra,L,191.0,FRA,30.951,27.0,1320.0,G676,,Q,Daniel Gimeno-Traver,R,183.0,ESP,25.73,61.0,829.0,1-6 6-4 7-6(4),3,R16,138.0,7.0,2.0,120.0,80.0,57.0,17.0,15.0,13.0,16.0,5.0,0.0,87.0,58.0,41.0,21.0,14.0,2.0,3.0
2011-1536,Madrid Masters,Clay,56,M,O,20110501,43,F324,3.0,,Roger Federer,R,185.0,SUI,29.728,3.0,8690.0,M680,,,Xavier Malisse,R,185.0,BEL,30.782,49.0,965.0,6-4 6-3,3,R16,71.0,5.0,0.0,52.0,32.0,24.0,14.0,10.0,1.0,2.0,6.0,1.0,55.0,28.0,21.0,11.0,9.0,3.0,6.0
2011-1536,Madrid Masters,Clay,56,M,O,20110501,44,SA49,5.0,,Robin Soderling,R,193.0,SWE,26.71,5.0,5235.0,T786,,,Jo-Wilfried Tsonga,R,188.0,FRA,26.037,22.0,1445.0,7-6(8) 7-5,3,R16,133.0,5.0,2.0,77.0,49.0,40.0,17.0,12.0,3.0,3.0,13.0,0.0,96.0,63.0,49.0,15.0,12.0,5.0,6.0
2011-1536,Madrid Masters,Clay,56,M,O,20110501,45,BA47,7.0,,Tomas Berdych,R,196.0,CZE,25.618,7.0,3900.0,MA21,,,Juan Monaco,R,185.0,ARG,27.088,43.0,1040.0,7-5 6-3,3,R16,109.0,4.0,2.0,70.0,38.0,31.0,15.0,11.0,4.0,5.0,0.0,0.0,59.0,36.0,24.0,12.0,10.0,3.0,6.0
2011-1536,Madrid Masters,Clay,56,M,O,20110501,46,BD20,,,Thomaz Bellucci,L,188.0,BRA,23.335,36.0,1115.0,MC10,4.0,,Andy Murray,R,191.0,GBR,23.962,4.0,5815.0,6-4 6-2,3,R16,91.0,4.0,1.0,57.0,36.0,29.0,11.0,9.0,3.0,3.0,1.0,2.0,56.0,34.0,21.0,11.0,9.0,0.0,3.0
2011-1536,Madrid Masters,Clay,56,M,O,20110501,47,F401,6.0,,David Ferrer,R,175.0,ESP,29.079,6.0,4330.0,SC77,,,Sergiy Stakhovsky,R,193.0,UKR,25.314,38.0,1075.0,6-3 7-6(3),3,R16,89.0,2.0,2.0,56.0,39.0,34.0,13.0,11.0,3.0,4.0,5.0,0.0,65.0,41.0,29.0,13.0,10.0,5.0,7.0
2011-1536,Madrid Masters,Clay,56,M,O,20110501,48,D643,2.0,,Novak Djokovic,R,188.0,SRB,23.943,2.0,9710.0,G476,,,Guillermo Garcia-Lopez,R,185.0,ESP,27.907,29.0,1285.0,6-1 6-2,3,R16,51.0,5.0,1.0,34.0,21.0,21.0,11.0,8.0,0.0,0.0,3.0,2.0,37.0,24.0,16.0,3.0,7.0,3.0,7.0
2011-1536,Madrid Masters,Clay,56,M,O,20110501,49,N409,1.0,,Rafael Nadal,L,185.0,ESP,24.909,1.0,11915.0,L428,,,Michael Llodra,L,191.0,FRA,30.951,27.0,1320.0,6-2 6-2,3,QF,75.0,1.0,0.0,41.0,30.0,25.0,8.0,8.0,0.0,0.0,4.0,1.0,72.0,44.0,28.0,8.0,8.0,8.0,12.0
2011-1536,Madrid Masters,Clay,56,M,O,20110501,50,F324,3.0,,Roger Federer,R,185.0,SUI,29.728,3.0,8690.0,SA49,5.0,,Robin Soderling,R,193.0,SWE,26.71,5.0,5235.0,7-6(2) 6-4,3,QF,103.0,8.0,2.0,73.0,44.0,34.0,19.0,11.0,2.0,2.0,8.0,5.0,77.0,41.0,32.0,18.0,11.0,5.0,6.0
2011-1536,Madrid Masters,Clay,56,M,O,20110501,51,BD20,,,Thomaz Bellucci,L,188.0,BRA,23.335,36.0,1115.0,BA47,7.0,,Tomas Berdych,R,196.0,CZE,25.618,7.0,3900.0,7-6(2) 6-3,3,QF,94.0,5.0,1.0,60.0,39.0,33.0,16.0,11.0,0.0,0.0,2.0,1.0,61.0,37.0,27.0,15.0,10.0,0.0,1.0
2011-1536,Madrid Masters,Clay,56,M,O,20110501,52,D643,2.0,,Novak Djokovic,R,188.0,SRB,23.943,2.0,9710.0,F401,6.0,,David Ferrer,R,175.0,ESP,29.079,6.0,4330.0,6-4 4-6 6-3,3,QF,148.0,6.0,1.0,85.0,56.0,43.0,12.0,14.0,3.0,6.0,1.0,2.0,93.0,58.0,36.0,15.0,15.0,6.0,11.0
2011-1536,Madrid Masters,Clay,56,M,O,20110501,53,N409,1.0,,Rafael Nadal,L,185.0,ESP,24.909,1.0,11915.0,F324,3.0,,Roger Federer,R,185.0,SUI,29.728,3.0,8690.0,5-7 6-1 6-3,3,SF,156.0,1.0,0.0,101.0,82.0,55.0,10.0,14.0,9.0,11.0,0.0,1.0,103.0,63.0,41.0,16.0,14.0,7.0,12.0
2011-1536,Madrid Masters,Clay,56,M,O,20110501,54,D643,2.0,,Novak Djokovic,R,188.0,SRB,23.943,2.0,9710.0,BD20,,,Thomaz Bellucci,L,188.0,BRA,23.335,36.0,1115.0,4-6 6-4 6-1,3,SF,130.0,6.0,1.0,80.0,51.0,35.0,18.0,14.0,1.0,3.0,5.0,1.0,75.0,48.0,30.0,16.0,13.0,4.0,8.0
2011-1536,Madrid Masters,Clay,56,M,O,20110501,55,D643,2.0,,Novak Djokovic,R,188.0,SRB,23.943,2.0,9710.0,N409,1.0,,Rafael Nadal,L,185.0,ESP,24.909,1.0,11915.0,7-5 6-4,3,F,138.0,3.0,1.0,58.0,33.0,23.0,13.0,11.0,3.0,6.0,3.0,0.0,75.0,52.0,29.0,9.0,11.0,7.0,12.0
2011-416,Rome Masters,Clay,56,M,O,20110508,1,L503,,Q,Paolo Lorenzi,R,183.0,ITA,29.394,148.0,392.0,BD20,,,Thomaz Bellucci,L,188.0,BRA,23.354,22.0,1430.0,7-6(5) 6-3,3,R64,108.0,2.0,2.0,66.0,45.0,31.0,12.0,11.0,3.0,5.0,2.0,2.0,72.0,48.0,31.0,11.0,10.0,6.0,9.0
2011-416,Rome Masters,Clay,56,M,O,20110508,2,L397,,,Feliciano Lopez,L,188.0,ESP,29.629,40.0,1065.0,L428,,,Michael Llodra,L,191.0,FRA,30.971,21.0,1455.0,7-6(2) 6-1,3,R64,86.0,4.0,0.0,61.0,31.0,26.0,22.0,10.0,2.0,2.0,4.0,1.0,53.0,32.0,22.0,13.0,9.0,2.0,4.0
2011-416,Rome Masters,Clay,56,M,O,20110508,3,K435,,,Philipp Kohlschreiber,R,178.0,GER,27.559,45.0,1010.0,Y061,13.0,,Mikhail Youzhny,R,183.0,RUS,28.868,13.0,2045.0,6-4 6-2,3,R64,94.0,3.0,4.0,70.0,47.0,34.0,12.0,9.0,7.0,7.0,3.0,3.0,52.0,37.0,27.0,6.0,9.0,0.0,3.0
2011-416,Rome Masters,Clay,56,M,O,20110508,4,F339,11.0,,Mardy Fish,R,188.0,USA,29.41,11.0,2366.0,G725,,,Santiago Giraldo,R,188.0,COL,23.444,60.0,850.0,4-6 6-2 6-2,3,R64,145.0,4.0,2.0,67.0,48.0,34.0,10.0,13.0,2.0,5.0,2.0,2.0,109.0,75.0,43.0,14.0,13.0,7.0,13.0
2011-416,Rome Masters,Clay,56,M,O,20110508,5,L360,,,Ivan Ljubicic,R,193.0,CRO,32.137,39.0,1075.0,C723,,WC,Flavio Cipolla,R,173.0,ITA,27.548,134.0,432.0,6-2 6-3,3,R64,73.0,4.0,0.0,46.0,29.0,24.0,14.0,9.0,2.0,2.0,0.0,1.0,41.0,24.0,14.0,9.0,8.0,0.0,3.0
2011-416,Rome Masters,Clay,56,M,O,20110508,6,C977,,,Marin Cilic,R,198.0,CRO,22.606,23.0,1425.0,K336,,,Ivo Karlovic,R,211.0,CRO,32.189,138.0,422.0,6-4 1-0 RET,3,R64,62.0,3.0,3.0,24.0,17.0,15.0,2.0,5.0,0.0,1.0,5.0,3.0,49.0,35.0,20.0,4.0,6.0,7.0,10.0
2011-416,Rome Masters,Clay,56,M,O,20110508,7,T786,,,Jo-Wilfried Tsonga,R,188.0,FRA,26.056,18.0,1535.0,B837,,,Marcos Baghdatis,R,178.0,CYP,25.889,27.0,1330.0,6-3 6-2,3,R64,75.0,6.0,1.0,41.0,24.0,20.0,13.0,8.0,0.0,0.0,1.0,2.0,55.0,32.0,18.0,10.0,9.0,7.0,11.0
2011-416,Rome Masters,Clay,56,M,O,20110508,8,A511,,Q,Igor Andreev,R,185.0,RUS,27.817,106.0,499.0,R750,,Q,Pere Riba,R,183.0,ESP,23.083,71.0,714.0,6-4 7-5,3,R64,99.0,1.0,1.0,60.0,45.0,27.0,10.0,11.0,2.0,5.0,0.0,1.0,65.0,39.0,20.0,14.0,11.0,6.0,11.0
2011-416,Rome Masters,Clay,56,M,O,20110508,9,G628,16.0,,Richard Gasquet,R,183.0,FRA,24.887,16.0,1710.0,M824,,,Albert Montanes,R,175.0,ESP,30.445,38.0,1110.0,6-2 6-3,3,R64,73.0,7.0,1.0,57.0,38.0,29.0,9.0,9.0,1.0,2.0,3.0,2.0,44.0,23.0,15.0,9.0,8.0,3.0,7.0
2011-416,Rome Masters,Clay,56,M,O,20110508,10,N289,,LL,Jarkko Nieminen,L,185.0,FIN,29.791,59.0,855.0,ME82,,LL,Adrian Mannarino,L,180.0,FRA,22.856,54.0,903.0,7-5 2-6 6-3,3,R64,127.0,3.0,1.0,96.0,71.0,42.0,20.0,15.0,5.0,7.0,4.0,0.0,92.0,59.0,39.0,19.0,14.0,2.0,4.0
2011-416,Rome Masters,Clay,56,M,O,20110508,11,SC77,,,Sergiy Stakhovsky,R,193.0,UKR,25.333,36.0,1145.0,H528,,Q,Victor Hanescu,R,198.0,ROU,29.796,65.0,770.0,6-3 1-6 7-6(6),3,R64,127.0,6.0,0.0,99.0,69.0,49.0,14.0,14.0,4.0,7.0,5.0,2.0,73.0,56.0,48.0,7.0,14.0,1.0,3.0
2011-416,Rome Masters,Clay,56,M,O,20110508,12,MA21,,,Juan Monaco,R,185.0,ARG,27.107,37.0,1130.0,SA93,,,Andreas Seppi,R,191.0,ITA,27.209,50.0,930.0,6-1 4-6 6-2,3,R64,134.0,5.0,1.0,66.0,40.0,34.0,12.0,12.0,1.0,2.0,3.0,0.0,96.0,52.0,31.0,20.0,13.0,6.0,11.0
2011-416,Rome Masters,Clay,56,M,O,20110508,13,MB02,,,Florian Mayer,R,191.0,GER,27.589,28.0,1300.0,G806,,,Andrey Golubev,R,180.0,KAZ,23.795,43.0,1035.0,6-4 6-3,3,R64,79.0,2.0,0.0,53.0,37.0,25.0,10.0,9.0,1.0,2.0,1.0,5.0,70.0,42.0,25.0,12.0,10.0,3.0,7.0
2011-416,Rome Masters,Clay,56,M,O,20110508,14,C514,,,Juan Ignacio Chela,R,191.0,ARG,31.688,42.0,1035.0,I186,,,John Isner,R,208.0,USA,26.031,35.0,1150.0,6-4 6-1,3,R64,72.0,2.0,2.0,49.0,38.0,31.0,6.0,8.0,2.0,2.0,2.0,1.0,56.0,38.0,24.0,5.0,9.0,1.0,5.0
2011-416,Rome Masters,Clay,56,M,O,20110508,15,SD32,,,Gilles Simon,R,183.0,FRA,26.36,19.0,1520.0,R485,12.0,,Andy Roddick,R,188.0,USA,28.687,12.0,2280.0,6-3 6-3,3,R64,82.0,4.0,2.0,51.0,29.0,23.0,12.0,9.0,0.0,1.0,1.0,0.0,57.0,39.0,22.0,8.0,9.0,4.0,8.0
2011-416,Rome Masters,Clay,56,M,O,20110508,16,T840,15.0,,Viktor Troicki,R,193.0,SRB,25.238,15.0,1780.0,D402,,,Nikolay Davydenko,R,178.0,RUS,29.93,30.0,1275.0,6-4 7-5,3,R64,100.0,6.0,0.0,73.0,50.0,37.0,13.0,11.0,4.0,4.0,1.0,1.0,67.0,49.0,33.0,10.0,11.0,4.0,6.0
2011-416,Rome Masters,Clay,56,M,O,20110508,17,S843,,,Potito Starace,R,188.0,ITA,29.815,44.0,1015.0,D801,,,Alexandr Dolgopolov,R,180.0,UKR,22.497,20.0,1465.0,6-3 6-3,3,R64,62.0,1.0,0.0,52.0,44.0,32.0,5.0,9.0,0.0,0.0,2.0,1.0,52.0,30.0,18.0,11.0,9.0,1.0,4.0
2011-416,Rome Masters,Clay,56,M,O,20110508,18,M680,,,Xavier Malisse,R,185.0,BEL,30.801,41.0,1045.0,G476,,,Guillermo Garcia-Lopez,R,185.0,ESP,27.926,29.0,1285.0,7-5 6-2,3,R64,97.0,4.0,2.0,55.0,32.0,29.0,11.0,10.0,2.0,3.0,1.0,6.0,71.0,40.0,28.0,10.0,10.0,6.0,10.0
2011-416,Rome Masters,Clay,56,M,O,20110508,19,V306,,,Fernando Verdasco,L,188.0,ESP,27.477,17.0,1665.0,R975,,,Milos Raonic,R,196.0,CAN,20.361,26.0,1340.0,6-4 6-4,3,R64,99.0,1.0,2.0,60.0,46.0,38.0,6.0,10.0,2.0,2.0,5.0,1.0,76.0,42.0,29.0,16.0,10.0,8.0,10.0
2011-416,Rome Masters,Clay,56,M,O,20110508,20,Q927,,,Sam Querrey,R,198.0,USA,23.584,25.0,1345.0,A678,,,Kevin Anderson,R,203.0,RSA,24.972,34.0,1175.0,7-6(1) 1-0 RET,3,R64,81.0,5.0,6.0,56.0,27.0,24.0,15.0,7.0,7.0,7.0,3.0,2.0,41.0,18.0,14.0,14.0,6.0,3.0,3.0
2011-416,Rome Masters,Clay,56,M,O,20110508,21,A479,9.0,,Nicolas Almagro,R,183.0,ESP,25.711,10.0,2495.0,BA98,,WC,Simone Bolelli,R,183.0,ITA,25.58,107.0,499.0,6-0 7-5,3,R64,75.0,4.0,0.0,49.0,33.0,26.0,10.0,9.0,0.0,1.0,1.0,0.0,52.0,39.0,21.0,7.0,9.0,2.0,7.0
2011-416,Rome Masters,Clay,56,M,O,20110508,22,W367,14.0,,Stan Wawrinka,R,183.0,SUI,26.111,14.0,1920.0,F510,,WC,Fabio Fognini,R,178.0,ITA,23.956,48.0,970.0,6-7(5) 6-2 6-4,3,R64,141.0,9.0,0.0,92.0,63.0,50.0,16.0,15.0,4.0,5.0,1.0,4.0,104.0,65.0,43.0,20.0,15.0,1.0,5.0
2011-416,Rome Masters,Clay,56,M,O,20110508,23,V254,,WC,Filippo Volandri,R,183.0,ITA,29.67,79.0,656.0,D776,,,Thiemo de Bakker,R,193.0,NED,22.631,74.0,700.0,6-1 6-2,3,R64,64.0,0.0,0.0,49.0,39.0,26.0,8.0,8.0,2.0,2.0,1.0,2.0,46.0,24.0,15.0,6.0,7.0,5.0,9.0
2011-416,Rome Masters,Clay,56,M,O,20110508,24,K540,,Q,Lukasz Kubot,R,191.0,POL,28.977,141.0,418.0,C882,,Q,Pablo Cuevas,R,180.0,URU,25.347,57.0,895.0,7-6(1) 2-6 6-2,3,R64,163.0,4.0,7.0,94.0,53.0,41.0,20.0,14.0,6.0,8.0,9.0,2.0,122.0,82.0,52.0,19.0,14.0,13.0,15.0
2011-416,Rome Masters,Clay,56,M,O,20110508,25,N409,1.0,,Rafael Nadal,L,185.0,ESP,24.928,1.0,12470.0,L503,,Q,Paolo Lorenzi,R,183.0,ITA,29.394,148.0,392.0,6-7(5) 6-4 6-0,3,R32,157.0,2.0,3.0,80.0,57.0,43.0,11.0,14.0,1.0,3.0,4.0,1.0,99.0,66.0,43.0,13.0,14.0,7.0,13.0
2011-416,Rome Masters,Clay,56,M,O,20110508,26,L397,,,Feliciano Lopez,L,188.0,ESP,29.629,40.0,1065.0,K435,,,Philipp Kohlschreiber,R,178.0,GER,27.559,45.0,1010.0,6-4 3-6 6-3,3,R32,146.0,12.0,2.0,84.0,52.0,40.0,16.0,14.0,2.0,4.0,7.0,3.0,101.0,60.0,40.0,22.0,14.0,10.0,13.0
2011-416,Rome Masters,Clay,56,M,O,20110508,27,F339,11.0,,Mardy Fish,R,188.0,USA,29.41,11.0,2366.0,L360,,,Ivan Ljubicic,R,193.0,CRO,32.137,39.0,1075.0,7-6(2) 5-7 6-2,3,R32,179.0,10.0,1.0,99.0,58.0,46.0,22.0,16.0,5.0,8.0,13.0,1.0,104.0,58.0,40.0,25.0,16.0,6.0,10.0
2011-416,Rome Masters,Clay,56,M,O,20110508,28,C977,,,Marin Cilic,R,198.0,CRO,22.606,23.0,1425.0,B884,,LL,Carlos Berlocq,R,183.0,ARG,28.257,72.0,714.0,6-4 6-3,3,R32,84.0,0.0,0.0,51.0,25.0,17.0,17.0,9.0,4.0,6.0,2.0,2.0,50.0,32.0,19.0,6.0,10.0,3.0,8.0
2011-416,Rome Masters,Clay,56,M,O,20110508,29,F324,3.0,,Roger Federer,R,185.0,SUI,29.747,3.0,8900.0,T786,,,Jo-Wilfried Tsonga,R,188.0,FRA,26.056,18.0,1535.0,6-4 6-2,3,R32,83.0,2.0,0.0,66.0,43.0,32.0,13.0,9.0,7.0,7.0,3.0,0.0,53.0,28.0,17.0,14.0,9.0,4.0,7.0
2011-416,Rome Masters,Clay,56,M,O,20110508,30,G628,16.0,,Richard Gasquet,R,183.0,FRA,24.887,16.0,1710.0,A511,,Q,Igor Andreev,R,185.0,RUS,27.817,106.0,499.0,6-1 6-2,3,R32,61.0,4.0,1.0,44.0,25.0,18.0,13.0,8.0,2.0,3.0,0.0,1.0,33.0,20.0,8.0,3.0,7.0,2.0,7.0
2011-416,Rome Masters,Clay,56,M,O,20110508,31,N289,,LL,Jarkko Nieminen,L,185.0,FIN,29.791,59.0,855.0,SC77,,,Sergiy Stakhovsky,R,193.0,UKR,25.333,36.0,1145.0,6-7(3) 6-3 6-4,3,R32,149.0,2.0,2.0,111.0,68.0,47.0,19.0,16.0,6.0,9.0,4.0,0.0,96.0,61.0,37.0,22.0,15.0,5.0,10.0
2011-416,Rome Masters,Clay,56,M,O,20110508,32,BA47,7.0,,Tomas Berdych,R,196.0,CZE,25.637,7.0,4035.0,MA21,,,Juan Monaco,R,185.0,ARG,27.107,37.0,1130.0,6-2 6-2,3,R32,90.0,2.0,0.0,50.0,27.0,19.0,14.0,8.0,4.0,5.0,1.0,1.0,44.0,27.0,12.0,8.0,8.0,1.0,6.0
2011-416,Rome Masters,Clay,56,M,O,20110508,33,MB02,,,Florian Mayer,R,191.0,GER,27.589,28.0,1300.0,M762,8.0,,Jurgen Melzer,L,183.0,AUT,29.96,8.0,3020.0,6-4 RET,3,R32,42.0,4.0,0.0,26.0,16.0,13.0,7.0,5.0,0.0,0.0,2.0,1.0,31.0,22.0,14.0,6.0,5.0,0.0,1.0
2011-416,Rome Masters,Clay,56,M,O,20110508,34,C514,,,Juan Ignacio Chela,R,191.0,ARG,31.688,42.0,1035.0,SD32,,,Gilles Simon,R,183.0,FRA,26.36,19.0,1520.0,6-4 6-2,3,R32,92.0,0.0,3.0,53.0,38.0,28.0,7.0,9.0,1.0,2.0,3.0,2.0,59.0,29.0,14.0,14.0,9.0,4.0,8.0
2011-416,Rome Masters,Clay,56,M,O,20110508,35,S843,,,Potito Starace,R,188.0,ITA,29.815,44.0,1015.0,T840,15.0,,Viktor Troicki,R,193.0,SRB,25.238,15.0,1780.0,6-4 6-4,3,R32,106.0,0.0,0.0,72.0,59.0,36.0,7.0,10.0,8.0,10.0,3.0,1.0,74.0,43.0,29.0,12.0,10.0,4.0,8.0
2011-416,Rome Masters,Clay,56,M,O,20110508,36,MC10,4.0,,Andy Murray,R,191.0,GBR,23.981,4.0,5905.0,M680,,,Xavier Malisse,R,185.0,BEL,30.801,41.0,1045.0,6-2 2-6 6-3,3,R32,119.0,9.0,2.0,92.0,47.0,33.0,18.0,13.0,8.0,13.0,3.0,1.0,80.0,54.0,30.0,10.0,12.0,3.0,9.0
2011-416,Rome Masters,Clay,56,M,O,20110508,37,SA49,5.0,,Robin Soderling,R,193.0,SWE,26.73,5.0,5265.0,V306,,,Fernando Verdasco,L,188.0,ESP,27.477,17.0,1665.0,2-6 7-5 6-4,3,R32,163.0,3.0,2.0,102.0,66.0,42.0,13.0,15.0,6.0,12.0,3.0,6.0,104.0,68.0,44.0,13.0,15.0,7.0,13.0
2011-416,Rome Masters,Clay,56,M,O,20110508,38,A479,9.0,,Nicolas Almagro,R,183.0,ESP,25.711,10.0,2495.0,Q927,,,Sam Querrey,R,198.0,USA,23.584,25.0,1345.0,6-3 7-6(4),3,R32,109.0,4.0,2.0,78.0,50.0,35.0,12.0,11.0,6.0,9.0,5.0,2.0,73.0,44.0,31.0,12.0,10.0,2.0,6.0
2011-416,Rome Masters,Clay,56,M,O,20110508,39,W367,14.0,,Stan Wawrinka,R,183.0,SUI,26.111,14.0,1920.0,V254,,WC,Filippo Volandri,R,183.0,ITA,29.67,79.0,656.0,6-1 3-6 6-2,3,R32,114.0,4.0,5.0,91.0,66.0,39.0,10.0,12.0,8.0,12.0,0.0,4.0,69.0,46.0,26.0,9.0,12.0,5.0,12.0
2011-416,Rome Masters,Clay,56,M,O,20110508,40,D643,2.0,,Novak Djokovic,R,188.0,SRB,23.962,2.0,10665.0,K540,,Q,Lukasz Kubot,R,191.0,POL,28.977,141.0,418.0,6-0 6-3,3,R32,67.0,0.0,0.0,43.0,30.0,23.0,10.0,8.0,0.0,0.0,1.0,3.0,50.0,33.0,19.0,4.0,7.0,1.0,5.0
2011-416,Rome Masters,Clay,56,M,O,20110508,41,N409,1.0,,Rafael Nadal,L,185.0,ESP,24.928,1.0,12470.0,L397,,,Feliciano Lopez,L,188.0,ESP,29.629,40.0,1065.0,6-4 6-2,3,R16,76.0,3.0,0.0,41.0,36.0,29.0,5.0,9.0,1.0,2.0,3.0,0.0,57.0,38.0,21.0,10.0,9.0,2.0,6.0
2011-416,Rome Masters,Clay,56,M,O,20110508,42,C977,,,Marin Cilic,R,198.0,CRO,22.606,23.0,1425.0,F339,11.0,,Mardy Fish,R,188.0,USA,29.41,11.0,2366.0,7-6(6) 6-3,3,R16,114.0,6.0,4.0,80.0,37.0,27.0,30.0,11.0,1.0,1.0,10.0,0.0,63.0,43.0,32.0,14.0,10.0,0.0,1.0
2011-416,Rome Masters,Clay,56,M,O,20110508,43,G628,16.0,,Richard Gasquet,R,183.0,FRA,24.887,16.0,1710.0,F324,3.0,,Roger Federer,R,185.0,SUI,29.747,3.0,8900.0,4-6 7-6(2) 7-6(4),3,R16,140.0,6.0,2.0,106.0,79.0,52.0,20.0,17.0,3.0,6.0,8.0,2.0,93.0,59.0,49.0,19.0,17.0,1.0,3.0
2011-416,Rome Masters,Clay,56,M,O,20110508,44,BA47,7.0,,Tomas Berdych,R,196.0,CZE,25.637,7.0,4035.0,N289,,LL,Jarkko Nieminen,L,185.0,FIN,29.791,59.0,855.0,6-2 6-7(4) 6-2,3,R16,162.0,6.0,3.0,91.0,43.0,33.0,30.0,14.0,3.0,4.0,2.0,4.0,118.0,67.0,41.0,23.0,14.0,9.0,14.0
2011-416,Rome Masters,Clay,56,M,O,20110508,45,MB02,,,Florian Mayer,R,191.0,GER,27.589,28.0,1300.0,C514,,,Juan Ignacio Chela,R,191.0,ARG,31.688,42.0,1035.0,7-5 6-4,3,R16,111.0,2.0,2.0,82.0,56.0,39.0,12.0,11.0,9.0,11.0,3.0,3.0,74.0,50.0,31.0,10.0,11.0,7.0,11.0
2011-416,Rome Masters,Clay,56,M,O,20110508,46,MC10,4.0,,Andy Murray,R,191.0,GBR,23.981,4.0,5905.0,S843,,,Potito Starace,R,188.0,ITA,29.815,44.0,1015.0,6-2 6-3,3,R16,67.0,3.0,1.0,45.0,32.0,26.0,8.0,9.0,0.0,1.0,0.0,1.0,49.0,41.0,24.0,1.0,8.0,5.0,9.0
2011-416,Rome Masters,Clay,56,M,O,20110508,47,SA49,5.0,,Robin Soderling,R,193.0,SWE,26.73,5.0,5265.0,A479,9.0,,Nicolas Almagro,R,183.0,ESP,25.711,10.0,2495.0,6-3 3-6 6-4,3,R16,126.0,3.0,2.0,83.0,53.0,39.0,18.0,14.0,4.0,6.0,10.0,0.0,82.0,40.0,26.0,27.0,14.0,2.0,5.0
2011-416,Rome Masters,Clay,56,M,O,20110508,48,D643,2.0,,Novak Djokovic,R,188.0,SRB,23.962,2.0,10665.0,W367,14.0,,Stan Wawrinka,R,183.0,SUI,26.111,14.0,1920.0,6-4 6-1,3,R16,94.0,2.0,0.0,61.0,37.0,27.0,15.0,9.0,6.0,6.0,4.0,0.0,56.0,44.0,26.0,5.0,8.0,6.0,9.0
2011-416,Rome Masters,Clay,56,M,O,20110508,49,N409,1.0,,Rafael Nadal,L,185.0,ESP,24.928,1.0,12470.0,C977,,,Marin Cilic,R,198.0,CRO,22.606,23.0,1425.0,6-1 6-3,3,QF,86.0,2.0,0.0,45.0,31.0,25.0,9.0,8.0,0.0,0.0,3.0,0.0,53.0,31.0,18.0,8.0,8.0,3.0,7.0
2011-416,Rome Masters,Clay,56,M,O,20110508,50,G628,16.0,,Richard Gasquet,R,183.0,FRA,24.887,16.0,1710.0,BA47,7.0,,Tomas Berdych,R,196.0,CZE,25.637,7.0,4035.0,4-6 6-2 6-4,3,QF,138.0,8.0,0.0,90.0,64.0,45.0,14.0,14.0,5.0,7.0,3.0,1.0,81.0,53.0,36.0,14.0,14.0,3.0,7.0
2011-416,Rome Masters,Clay,56,M,O,20110508,51,MC10,4.0,,Andy Murray,R,191.0,GBR,23.981,4.0,5905.0,MB02,,,Florian Mayer,R,191.0,GER,27.589,28.0,1300.0,1-6 6-1 6-1,3,QF,96.0,1.0,1.0,66.0,36.0,22.0,16.0,11.0,3.0,7.0,0.0,1.0,62.0,43.0,22.0,5.0,10.0,7.0,13.0
2011-416,Rome Masters,Clay,56,M,O,20110508,52,D643,2.0,,Novak Djokovic,R,188.0,SRB,23.962,2.0,10665.0,SA49,5.0,,Robin Soderling,R,193.0,SWE,26.73,5.0,5265.0,6-3 6-0,3,QF,77.0,4.0,1.0,50.0,31.0,20.0,13.0,8.0,3.0,4.0,2.0,1.0,46.0,30.0,16.0,3.0,7.0,4.0,9.0
2011-416,Rome Masters,Clay,56,M,O,20110508,53,N409,1.0,,Rafael Nadal,L,185.0,ESP,24.928,1.0,12470.0,G628,16.0,,Richard Gasquet,R,183.0,FRA,24.887,16.0,1710.0,7-5 6-1,3,SF,94.0,4.0,0.0,54.0,40.0,31.0,8.0,9.0,4.0,4.0,1.0,1.0,56.0,32.0,19.0,11.0,10.0,1.0,5.0
2011-416,Rome Masters,Clay,56,M,O,20110508,54,D643,2.0,,Novak Djokovic,R,188.0,SRB,23.962,2.0,10665.0,MC10,4.0,,Andy Murray,R,191.0,GBR,23.981,4.0,5905.0,6-1 3-6 7-6(2),3,SF,182.0,4.0,2.0,96.0,66.0,44.0,14.0,14.0,5.0,10.0,6.0,4.0,98.0,62.0,40.0,13.0,14.0,7.0,13.0
2011-416,Rome Masters,Clay,56,M,O,20110508,55,D643,2.0,,Novak Djokovic,R,188.0,SRB,23.962,2.0,10665.0,N409,1.0,,Rafael Nadal,L,185.0,ESP,24.928,1.0,12470.0,6-4 6-4,3,F,133.0,0.0,1.0,61.0,46.0,31.0,7.0,10.0,1.0,3.0,2.0,1.0,69.0,49.0,33.0,5.0,10.0,7.0,11.0
2011-6120,Nice,Clay,28,250,O,20110515,1,SA93,,,Andreas Seppi,R,191.0,ITA,27.228,51.0,930.0,R613,,WC,Edouard Roger-Vasselin,R,185.0,FRA,27.461,137.0,428.0,3-6 6-3 6-2,3,R32,112.0,7.0,2.0,76.0,49.0,37.0,16.0,13.0,3.0,4.0,9.0,4.0,96.0,51.0,37.0,19.0,13.0,6.0,9.0
2011-6120,Nice,Clay,28,250,O,20110515,2,R750,,Q,Pere Riba,R,183.0,ESP,23.102,65.0,749.0,RA17,,Q,Guillaume Rufin,R,188.0,FRA,20.969,255.0,194.0,6-2 6-2,3,R32,70.0,5.0,1.0,39.0,22.0,17.0,8.0,8.0,1.0,3.0,0.0,4.0,52.0,23.0,12.0,9.0,8.0,1.0,7.0
2011-6120,Nice,Clay,28,250,O,20110515,3,D801,5.0,,Alexandr Dolgopolov,R,180.0,UKR,22.516,23.0,1405.0,V254,,,Filippo Volandri,R,183.0,ITA,29.689,74.0,685.0,7-5 6-3,3,R32,81.0,3.0,4.0,69.0,30.0,22.0,23.0,11.0,7.0,9.0,0.0,0.0,66.0,50.0,28.0,7.0,10.0,8.0,12.0
2011-6120,Nice,Clay,28,250,O,20110515,4,H528,,,Victor Hanescu,R,198.0,ROU,29.815,69.0,715.0,PD31,,Q,Benoit Paire,R,196.0,FRA,22.018,106.0,504.0,6-0 6-1,3,R32,55.0,2.0,1.0,48.0,28.0,17.0,16.0,7.0,6.0,6.0,1.0,5.0,43.0,16.0,8.0,9.0,6.0,4.0,9.0
2011-6120,Nice,Clay,28,250,O,20110515,5,H756,,LL,Robin Haase,R,191.0,NED,24.107,59.0,863.0,L575,,,Yen-Hsun Lu,R,180.0,TPE,27.751,56.0,900.0,6-3 6-4,3,R32,84.0,5.0,2.0,54.0,32.0,25.0,11.0,10.0,2.0,4.0,1.0,3.0,70.0,41.0,24.0,13.0,9.0,8.0,12.0
2011-6120,Nice,Clay,28,250,O,20110515,6,SC77,7.0,,Sergiy Stakhovsky,R,193.0,UKR,25.352,34.0,1170.0,G681,,,Teymuraz Gabashvili,R,185.0,GEO,25.977,81.0,631.0,7-6(5) 6-3,3,R32,108.0,6.0,3.0,70.0,45.0,34.0,12.0,10.0,3.0,4.0,1.0,7.0,87.0,61.0,37.0,11.0,11.0,5.0,8.0
2011-6120,Nice,Clay,28,250,O,20110515,7,B747,,WC,Julien Benneteau,R,185.0,FRA,29.399,83.0,623.0,B837,6.0,,Marcos Baghdatis,R,178.0,CYP,25.908,29.0,1295.0,7-6(3) 6-2,3,R32,95.0,1.0,3.0,71.0,49.0,35.0,12.0,10.0,2.0,3.0,3.0,1.0,62.0,30.0,21.0,14.0,10.0,1.0,4.0
2011-6120,Nice,Clay,28,250,O,20110515,8,A596,,,Pablo Andujar,R,180.0,ESP,25.306,49.0,946.0,D875,,,Grigor Dimitrov,R,191.0,BUL,19.997,63.0,781.0,5-0 RET,3,R32,19.0,2.0,0.0,11.0,5.0,4.0,4.0,2.0,0.0,0.0,0.0,0.0,18.0,10.0,4.0,1.0,3.0,1.0,4.0
2011-6120,Nice,Clay,28,250,O,20110515,9,B884,,,Carlos Berlocq,R,183.0,ARG,28.277,68.0,720.0,H804,,Q,Andreas Haider-Maurer,R,191.0,AUT,24.148,90.0,577.0,5-7 6-3 6-0,3,R32,125.0,3.0,0.0,70.0,41.0,28.0,21.0,13.0,4.0,6.0,3.0,4.0,86.0,42.0,26.0,22.0,14.0,4.0,10.0
2011-6120,Nice,Clay,28,250,O,20110515,10,G858,,WC,Ernests Gulbis,R,191.0,LAT,22.705,85.0,610.0,F510,8.0,,Fabio Fognini,R,178.0,ITA,23.975,48.0,960.0,3-6 6-3 6-3,3,R32,118.0,5.0,4.0,88.0,45.0,36.0,20.0,13.0,9.0,11.0,6.0,4.0,78.0,51.0,37.0,11.0,14.0,5.0,9.0
2011-6120,Nice,Clay,28,250,O,20110515,11,I165,,,Denis Istomin,R,185.0,UZB,24.684,58.0,875.0,R397,,,Olivier Rochus,R,168.0,BEL,30.319,73.0,703.0,6-2 7-6(5),3,R32,100.0,10.0,4.0,72.0,43.0,32.0,13.0,10.0,3.0,5.0,0.0,3.0,71.0,39.0,23.0,15.0,10.0,4.0,8.0
2011-6120,Nice,Clay,28,250,O,20110515,12,ME82,,,Adrian Mannarino,L,180.0,FRA,22.875,53.0,913.0,D616,,,Somdev Devvarman,R,180.0,IND,26.248,66.0,749.0,6-3 7-6(7),3,R32,116.0,2.0,1.0,92.0,45.0,29.0,28.0,11.0,5.0,7.0,2.0,1.0,66.0,36.0,25.0,16.0,10.0,4.0,7.0
2011-6120,Nice,Clay,28,250,O,20110515,13,F401,1.0,,David Ferrer,R,175.0,ESP,29.117,7.0,4060.0,SA93,,,Andreas Seppi,R,191.0,ITA,27.228,51.0,930.0,6-3 6-2,3,R16,71.0,6.0,2.0,45.0,23.0,22.0,14.0,9.0,0.0,0.0,2.0,2.0,55.0,26.0,21.0,10.0,8.0,6.0,9.0
2011-6120,Nice,Clay,28,250,O,20110515,14,D801,5.0,,Alexandr Dolgopolov,R,180.0,UKR,22.516,23.0,1405.0,R750,,Q,Pere Riba,R,183.0,ESP,23.102,65.0,749.0,7-6(5) 7-6(5),3,R16,105.0,8.0,1.0,84.0,43.0,35.0,21.0,12.0,1.0,3.0,5.0,2.0,82.0,43.0,31.0,23.0,12.0,3.0,5.0
2011-6120,Nice,Clay,28,250,O,20110515,15,H528,,,Victor Hanescu,R,198.0,ROU,29.815,69.0,715.0,R368,,LL,Michael Russell,R,173.0,USA,33.038,91.0,573.0,7-5 6-2,3,R16,76.0,4.0,2.0,53.0,40.0,35.0,5.0,10.0,0.0,1.0,1.0,4.0,56.0,36.0,22.0,8.0,10.0,2.0,6.0
2011-6120,Nice,Clay,28,250,O,20110515,16,H756,,LL,Robin Haase,R,191.0,NED,24.107,59.0,863.0,SC77,7.0,,Sergiy Stakhovsky,R,193.0,UKR,25.352,34.0,1170.0,6-2 6-4,3,R16,83.0,4.0,1.0,49.0,28.0,21.0,7.0,9.0,3.0,6.0,4.0,2.0,58.0,37.0,18.0,8.0,9.0,4.0,10.0
2011-6120,Nice,Clay,28,250,O,20110515,17,A596,,,Pablo Andujar,R,180.0,ESP,25.306,49.0,946.0,B747,,WC,Julien Benneteau,R,185.0,FRA,29.399,83.0,623.0,6-3 6-4,3,R16,90.0,3.0,1.0,69.0,42.0,31.0,16.0,10.0,3.0,3.0,4.0,3.0,49.0,32.0,21.0,11.0,9.0,2.0,4.0
2011-6120,Nice,Clay,28,250,O,20110515,18,A479,3.0,,Nicolas Almagro,R,183.0,ESP,25.73,12.0,2225.0,B884,,,Carlos Berlocq,R,183.0,ARG,28.277,68.0,720.0,6-7(5) 6-4 6-3,3,R16,143.0,5.0,6.0,92.0,53.0,41.0,17.0,15.0,4.0,6.0,2.0,5.0,96.0,52.0,37.0,19.0,16.0,3.0,8.0
2011-6120,Nice,Clay,28,250,O,20110515,19,G858,,WC,Ernests Gulbis,R,191.0,LAT,22.705,85.0,610.0,I165,,,Denis Istomin,R,185.0,UZB,24.684,58.0,875.0,6-3 4-6 6-3,3,R16,125.0,3.0,2.0,85.0,47.0,36.0,24.0,14.0,2.0,3.0,9.0,3.0,94.0,61.0,43.0,14.0,14.0,5.0,8.0
2011-6120,Nice,Clay,28,250,O,20110515,20,BA47,2.0,,Tomas Berdych,R,196.0,CZE,25.656,6.0,4215.0,ME82,,,Adrian Mannarino,L,180.0,FRA,22.875,53.0,913.0,6-1 6-4,3,R16,64.0,3.0,2.0,49.0,35.0,28.0,10.0,9.0,1.0,1.0,2.0,2.0,47.0,29.0,18.0,8.0,8.0,2.0,5.0
2011-6120,Nice,Clay,28,250,O,20110515,21,D801,5.0,,Alexandr Dolgopolov,R,180.0,UKR,22.516,23.0,1405.0,F401,1.0,,David Ferrer,R,175.0,ESP,29.117,7.0,4060.0,6-4 1-6 7-5,3,QF,112.0,6.0,3.0,88.0,46.0,30.0,25.0,14.0,3.0,7.0,2.0,3.0,83.0,52.0,34.0,20.0,15.0,5.0,9.0
2011-6120,Nice,Clay,28,250,O,20110515,22,H528,,,Victor Hanescu,R,198.0,ROU,29.815,69.0,715.0,H756,,LL,Robin Haase,R,191.0,NED,24.107,59.0,863.0,6-2 2-0 RET,3,QF,56.0,2.0,0.0,29.0,21.0,18.0,3.0,5.0,0.0,0.0,3.0,2.0,49.0,33.0,18.0,5.0,5.0,6.0,9.0
2011-6120,Nice,Clay,28,250,O,20110515,23,A479,3.0,,Nicolas Almagro,R,183.0,ESP,25.73,12.0,2225.0,A596,,,Pablo Andujar,R,180.0,ESP,25.306,49.0,946.0,6-1 6-4,3,QF,82.0,6.0,3.0,59.0,30.0,23.0,14.0,8.0,6.0,7.0,1.0,1.0,63.0,39.0,20.0,10.0,9.0,3.0,8.0
2011-6120,Nice,Clay,28,250,O,20110515,24,BA47,2.0,,Tomas Berdych,R,196.0,CZE,25.656,6.0,4215.0,G858,,WC,Ernests Gulbis,R,191.0,LAT,22.705,85.0,610.0,6-1 6-4,3,QF,84.0,5.0,0.0,45.0,27.0,21.0,13.0,9.0,0.0,1.0,2.0,1.0,67.0,41.0,27.0,7.0,8.0,10.0,14.0
2011-6120,Nice,Clay,28,250,O,20110515,25,H528,,,Victor Hanescu,R,198.0,ROU,29.815,69.0,715.0,D801,5.0,,Alexandr Dolgopolov,R,180.0,UKR,22.516,23.0,1405.0,6-3 6-3,3,SF,73.0,0.0,2.0,60.0,42.0,32.0,8.0,9.0,3.0,4.0,3.0,0.0,57.0,34.0,24.0,5.0,9.0,4.0,8.0
2011-6120,Nice,Clay,28,250,O,20110515,26,A479,3.0,,Nicolas Almagro,R,183.0,ESP,25.73,12.0,2225.0,BA47,2.0,,Tomas Berdych,R,196.0,CZE,25.656,6.0,4215.0,6-4 6-4,3,SF,88.0,6.0,1.0,55.0,27.0,24.0,15.0,10.0,2.0,3.0,5.0,1.0,60.0,38.0,23.0,13.0,10.0,0.0,3.0
2011-6120,Nice,Clay,28,250,O,20110515,27,A479,3.0,,Nicolas Almagro,R,183.0,ESP,25.73,12.0,2225.0,H528,,,Victor Hanescu,R,198.0,ROU,29.815,69.0,715.0,6-7(5) 6-3 6-3,3,F,139.0,10.0,4.0,88.0,42.0,31.0,23.0,15.0,4.0,8.0,2.0,1.0,106.0,72.0,42.0,15.0,15.0,9.0,16.0
2011-615,World Team Championship,Clay,32,A,O,20110515,1,Y061,,,Mikhail Youzhny,R,183.0,RUS,28.887,13.0,2010.0,G710,,,Marcel Granollers,R,191.0,ESP,25.09,47.0,988.0,6-3 6-4,3,RR,139.0,10.0,4.0,88.0,42.0,31.0,23.0,15.0,4.0,8.0,2.0,1.0,106.0,72.0,42.0,15.0,15.0,9.0,16.0
2011-615,World Team Championship,Clay,32,A,O,20110515,2,MA21,,,Juan Monaco,R,185.0,ARG,27.127,38.0,1085.0,G806,,,Andrey Golubev,R,180.0,KAZ,23.814,45.0,1025.0,6-4 6-0,3,RR,139.0,10.0,4.0,88.0,42.0,31.0,23.0,15.0,4.0,8.0,2.0,1.0,106.0,72.0,42.0,15.0,15.0,9.0,16.0
2011-615,World Team Championship,Clay,32,A,O,20110515,3,K435,,,Philipp Kohlschreiber,R,178.0,GER,27.578,44.0,1045.0,T742,,,Janko Tipsarevic,R,180.0,SRB,26.894,32.0,1225.0,6-4 7-6(5),3,RR,139.0,10.0,4.0,88.0,42.0,31.0,23.0,15.0,4.0,8.0,2.0,1.0,106.0,72.0,42.0,15.0,15.0,9.0,16.0
2011-615,World Team Championship,Clay,32,A,O,20110515,4,C514,,,Juan Ignacio Chela,R,191.0,ARG,31.707,43.0,1055.0,K926,,,Mikhail Kukushkin,R,183.0,KAZ,23.384,61.0,800.0,6-1 6-2,3,RR,139.0,10.0,4.0,88.0,42.0,31.0,23.0,15.0,4.0,8.0,2.0,1.0,106.0,72.0,42.0,15.0,15.0,9.0,16.0
2011-615,World Team Championship,Clay,32,A,O,20110515,5,SA49,,,Robin Soderling,R,193.0,SWE,26.749,5.0,5435.0,Q927,,,Sam Querrey,R,198.0,USA,23.603,26.0,1380.0,5-7 7-5 7-6(3),3,RR,139.0,10.0,4.0,88.0,42.0,31.0,23.0,15.0,4.0,8.0,2.0,1.0,106.0,72.0,42.0,15.0,15.0,9.0,16.0
2011-615,World Team Championship,Clay,32,A,O,20110515,6,MB02,,,Florian Mayer,R,191.0,GER,27.608,21.0,1435.0,T840,,,Viktor Troicki,R,193.0,SRB,25.257,16.0,1815.0,6-2 6-2,3,RR,139.0,10.0,4.0,88.0,42.0,31.0,23.0,15.0,4.0,8.0,2.0,1.0,106.0,72.0,42.0,15.0,15.0,9.0,16.0
2011-615,World Team Championship,Clay,32,A,O,20110515,7,I186,,,John Isner,R,208.0,USA,26.051,39.0,1070.0,LA94,,,Christian Lindell,R,193.0,SWE,19.483,322.0,143.0,6-4 6-1,3,RR,139.0,10.0,4.0,88.0,42.0,31.0,23.0,15.0,4.0,8.0,2.0,1.0,106.0,72.0,42.0,15.0,15.0,9.0,16.0
2011-615,World Team Championship,Clay,32,A,O,20110515,8,A511,,,Igor Andreev,R,185.0,RUS,27.836,92.0,559.0,G676,,,Daniel Gimeno-Traver,R,183.0,ESP,25.769,54.0,909.0,7-5 4-6 7-6(6),3,RR,139.0,10.0,4.0,88.0,42.0,31.0,23.0,15.0,4.0,8.0,2.0,1.0,106.0,72.0,42.0,15.0,15.0,9.0,16.0
2011-615,World Team Championship,Clay,32,A,O,20110515,9,MB02,,,Florian Mayer,R,191.0,GER,27.608,21.0,1435.0,G710,,,Marcel Granollers,R,191.0,ESP,25.09,47.0,988.0,4-6 6-4 6-2,3,RR,139.0,10.0,4.0,88.0,42.0,31.0,23.0,15.0,4.0,8.0,2.0,1.0,106.0,72.0,42.0,15.0,15.0,9.0,16.0
2011-615,World Team Championship,Clay,32,A,O,20110515,10,L987,,,Dusan Lajovic,R,183.0,SRB,20.873,294.0,159.0,A511,,,Igor Andreev,R,185.0,RUS,27.836,92.0,559.0,1-6 7-6(6) 6-4,3,RR,139.0,10.0,4.0,88.0,42.0,31.0,23.0,15.0,4.0,8.0,2.0,1.0,106.0,72.0,42.0,15.0,15.0,9.0,16.0
2011-615,World Team Championship,Clay,32,A,O,20110515,11,F339,,,Mardy Fish,R,188.0,USA,29.429,10.0,2395.0,G806,,,Andrey Golubev,R,180.0,KAZ,23.814,45.0,1025.0,6-4 6-2,3,RR,139.0,10.0,4.0,88.0,42.0,31.0,23.0,15.0,4.0,8.0,2.0,1.0,106.0,72.0,42.0,15.0,15.0,9.0,16.0
2011-615,World Team Championship,Clay,32,A,O,20110515,12,C514,,,Juan Ignacio Chela,R,191.0,ARG,31.707,43.0,1055.0,LA94,,,Christian Lindell,R,193.0,SWE,19.483,322.0,143.0,6-1 6-1,3,RR,139.0,10.0,4.0,88.0,42.0,31.0,23.0,15.0,4.0,8.0,2.0,1.0,106.0,72.0,42.0,15.0,15.0,9.0,16.0
2011-615,World Team Championship,Clay,32,A,O,20110515,13,T840,,,Viktor Troicki,R,193.0,SRB,25.257,16.0,1815.0,Y061,,,Mikhail Youzhny,R,183.0,RUS,28.887,13.0,2010.0,6-3 6-1,3,RR,139.0,10.0,4.0,88.0,42.0,31.0,23.0,15.0,4.0,8.0,2.0,1.0,106.0,72.0,42.0,15.0,15.0,9.0,16.0
2011-615,World Team Championship,Clay,32,A,O,20110515,14,SA49,,,Robin Soderling,R,193.0,SWE,26.749,5.0,5435.0,G585,,,Maximo Gonzalez,R,173.0,ARG,27.819,80.0,633.0,6-1 6-4,3,RR,139.0,10.0,4.0,88.0,42.0,31.0,23.0,15.0,4.0,8.0,2.0,1.0,106.0,72.0,42.0,15.0,15.0,9.0,16.0
2011-615,World Team Championship,Clay,32,A,O,20110515,15,K926,,,Mikhail Kukushkin,R,183.0,KAZ,23.384,61.0,800.0,Q927,,,Sam Querrey,R,198.0,USA,23.603,26.0,1380.0,3-6 7-5 7-5,3,RR,139.0,10.0,4.0,88.0,42.0,31.0,23.0,15.0,4.0,8.0,2.0,1.0,106.0,72.0,42.0,15.0,15.0,9.0,16.0
2011-615,World Team Championship,Clay,32,A,O,20110515,16,G676,,,Daniel Gimeno-Traver,R,183.0,ESP,25.769,54.0,909.0,K435,,,Philipp Kohlschreiber,R,178.0,GER,27.578,44.0,1045.0,6-4 2-6 6-3,3,RR,139.0,10.0,4.0,88.0,42.0,31.0,23.0,15.0,4.0,8.0,2.0,1.0,106.0,72.0,42.0,15.0,15.0,9.0,16.0
2011-615,World Team Championship,Clay,32,A,O,20110515,17,T840,,,Viktor Troicki,R,193.0,SRB,25.257,16.0,1815.0,G710,,,Marcel Granollers,R,191.0,ESP,25.09,47.0,988.0,6-4 6-4,3,RR,139.0,10.0,4.0,88.0,42.0,31.0,23.0,15.0,4.0,8.0,2.0,1.0,106.0,72.0,42.0,15.0,15.0,9.0,16.0
2011-615,World Team Championship,Clay,32,A,O,20110515,18,P624,,,Philipp Petzschner,R,185.0,GER,27.14,82.0,625.0,A511,,,Igor Andreev,R,185.0,RUS,27.836,92.0,559.0,6-2 6-4,3,RR,139.0,10.0,4.0,88.0,42.0,31.0,23.0,15.0,4.0,8.0,2.0,1.0,106.0,72.0,42.0,15.0,15.0,9.0,16.0
2011-615,World Team Championship,Clay,32,A,O,20110515,19,MA21,,,Juan Monaco,R,185.0,ARG,27.127,38.0,1085.0,F339,,,Mardy Fish,R,188.0,USA,29.429,10.0,2395.0,7-6(4) 7-5,3,RR,139.0,10.0,4.0,88.0,42.0,31.0,23.0,15.0,4.0,8.0,2.0,1.0,106.0,72.0,42.0,15.0,15.0,9.0,16.0
2011-615,World Team Championship,Clay,32,A,O,20110515,20,K926,,,Mikhail Kukushkin,R,183.0,KAZ,23.384,61.0,800.0,LA94,,,Christian Lindell,R,193.0,SWE,19.483,322.0,143.0,6-0 6-1,3,RR,139.0,10.0,4.0,88.0,42.0,31.0,23.0,15.0,4.0,8.0,2.0,1.0,106.0,72.0,42.0,15.0,15.0,9.0,16.0
2011-615,World Team Championship,Clay,32,A,O,20110515,21,T742,,,Janko Tipsarevic,R,180.0,SRB,26.894,32.0,1225.0,G676,,,Daniel Gimeno-Traver,R,183.0,ESP,25.769,54.0,909.0,7-6(5) 6-1,3,RR,139.0,10.0,4.0,88.0,42.0,31.0,23.0,15.0,4.0,8.0,2.0,1.0,106.0,72.0,42.0,15.0,15.0,9.0,16.0
2011-615,World Team Championship,Clay,32,A,O,20110515,22,SA49,,,Robin Soderling,R,193.0,SWE,26.749,5.0,5435.0,G806,,,Andrey Golubev,R,180.0,KAZ,23.814,45.0,1025.0,6-7(4) 7-6(7) 6-3,3,RR,139.0,10.0,4.0,88.0,42.0,31.0,23.0,15.0,4.0,8.0,2.0,1.0,106.0,72.0,42.0,15.0,15.0,9.0,16.0
2011-615,World Team Championship,Clay,32,A,O,20110515,23,K435,,,Philipp Kohlschreiber,R,178.0,GER,27.578,44.0,1045.0,Y061,,,Mikhail Youzhny,R,183.0,RUS,28.887,13.0,2010.0,2-6 6-3 6-2,3,RR,139.0,10.0,4.0,88.0,42.0,31.0,23.0,15.0,4.0,8.0,2.0,1.0,106.0,72.0,42.0,15.0,15.0,9.0,16.0
2011-615,World Team Championship,Clay,32,A,O,20110515,24,C514,,,Juan Ignacio Chela,R,191.0,ARG,31.707,43.0,1055.0,I186,,,John Isner,R,208.0,USA,26.051,39.0,1070.0,6-1 7-6(1),3,RR,139.0,10.0,4.0,88.0,42.0,31.0,23.0,15.0,4.0,8.0,2.0,1.0,106.0,72.0,42.0,15.0,15.0,9.0,16.0
2011-615,World Team Championship,Clay,32,A,O,20110515,25,MB02,,,Florian Mayer,R,191.0,GER,27.608,21.0,1435.0,MA21,,,Juan Monaco,R,185.0,ARG,27.127,38.0,1085.0,7-6(4) 6-0,3,F,139.0,10.0,4.0,88.0,42.0,31.0,23.0,15.0,4.0,8.0,2.0,1.0,106.0,72.0,42.0,15.0,15.0,9.0,16.0
2011-615,World Team Championship,Clay,32,A,O,20110515,26,C514,,,Juan Ignacio Chela,R,191.0,ARG,31.707,43.0,1055.0,K435,,,Philipp Kohlschreiber,R,178.0,GER,27.578,44.0,1045.0,6-4 7-6(4),3,F,139.0,10.0,4.0,88.0,42.0,31.0,23.0,15.0,4.0,8.0,2.0,1.0,106.0,72.0,42.0,15.0,15.0,9.0,16.0
2011-520,Roland Garros,Clay,128,G,O,20110522,1,N409,1.0,,Rafael Nadal,L,185.0,ESP,24.966,1.0,12070.0,I186,,,John Isner,R,208.0,USA,26.07,39.0,1070.0,6-4 6-7(2) 6-7(2) 6-2 6-4,5,R128,241.0,8.0,1.0,134.0,97.0,79.0,26.0,26.0,0.0,1.0,13.0,3.0,165.0,112.0,76.0,31.0,26.0,10.0,15.0
2011-520,Roland Garros,Clay,128,G,O,20110522,2,A596,,,Pablo Andujar,R,180.0,ESP,25.325,48.0,985.0,G725,,,Santiago Giraldo,R,188.0,COL,23.483,63.0,790.0,7-6(5) 6-3 6-3,5,R128,156.0,6.0,0.0,117.0,76.0,50.0,22.0,15.0,13.0,15.0,1.0,1.0,100.0,62.0,42.0,15.0,15.0,9.0,14.0
2011-520,Roland Garros,Clay,128,G,O,20110522,3,V564,,Q,Antonio Veic,R,180.0,CRO,23.255,227.0,217.0,C882,,,Pablo Cuevas,R,180.0,URU,25.385,52.0,920.0,4-6 6-3 6-2 3-1 RET,5,R128,117.0,11.0,3.0,89.0,58.0,45.0,19.0,16.0,6.0,8.0,10.0,2.0,89.0,47.0,28.0,21.0,15.0,1.0,6.0
2011-520,Roland Garros,Clay,128,G,O,20110522,4,D402,28.0,,Nikolay Davydenko,R,178.0,RUS,29.969,30.0,1285.0,G512,,Q,Denis Gremelmayr,L,183.0,GER,29.763,131.0,433.0,7-6(2) 6-1 6-3,5,R128,129.0,4.0,3.0,101.0,70.0,49.0,20.0,14.0,9.0,10.0,0.0,0.0,84.0,48.0,28.0,20.0,14.0,7.0,12.0
2011-520,Roland Garros,Clay,128,G,O,20110522,5,Q927,24.0,,Sam Querrey,R,198.0,USA,23.622,28.0,1325.0,K435,,,Philipp Kohlschreiber,R,178.0,GER,27.598,42.0,1035.0,3-6 6-1 6-2 6-4,5,R128,125.0,12.0,5.0,102.0,53.0,38.0,33.0,17.0,4.0,5.0,7.0,4.0,104.0,59.0,43.0,21.0,17.0,8.0,13.0
2011-520,Roland Garros,Clay,128,G,O,20110522,6,L360,,,Ivan Ljubicic,R,193.0,CRO,32.175,37.0,1120.0,D616,,,Somdev Devvarman,R,180.0,IND,26.267,66.0,749.0,6-4 6-3 6-4,5,R128,122.0,10.0,0.0,84.0,51.0,39.0,23.0,15.0,3.0,4.0,4.0,1.0,93.0,59.0,40.0,16.0,14.0,5.0,9.0
2011-520,Roland Garros,Clay,128,G,O,20110522,7,M680,,,Xavier Malisse,R,185.0,BEL,30.839,40.0,1070.0,T315,,,Dmitry Tursunov,R,185.0,RUS,28.441,74.0,678.0,7-5 3-6 6-3 3-6 6-1,5,R128,180.0,15.0,2.0,142.0,85.0,64.0,26.0,23.0,6.0,10.0,11.0,5.0,145.0,93.0,59.0,28.0,23.0,7.0,13.0
2011-520,Roland Garros,Clay,128,G,O,20110522,8,V306,16.0,,Fernando Verdasco,L,188.0,ESP,27.515,20.0,1515.0,MA21,,,Juan Monaco,R,185.0,ARG,27.146,43.0,1025.0,6-2 7-5 4-6 6-4,5,R128,207.0,7.0,9.0,140.0,86.0,65.0,24.0,20.0,8.0,11.0,0.0,2.0,126.0,75.0,41.0,31.0,20.0,6.0,12.0
2011-520,Roland Garros,Clay,128,G,O,20110522,9,F339,10.0,,Mardy Fish,R,188.0,USA,29.448,10.0,2395.0,M708,,,Ricardo Mello,L,175.0,BRA,30.415,89.0,580.0,6-2 6-7(11) 6-2 6-4,5,R128,185.0,12.0,2.0,113.0,64.0,50.0,26.0,19.0,0.0,2.0,3.0,4.0,143.0,81.0,52.0,28.0,19.0,18.0,25.0
2011-520,Roland Garros,Clay,128,G,O,20110522,10,H756,,,Robin Haase,R,191.0,NED,24.126,54.0,914.0,G676,,,Daniel Gimeno-Traver,R,183.0,ESP,25.788,55.0,909.0,6-2 7-6(3) 6-3,5,R128,115.0,7.0,1.0,95.0,64.0,51.0,17.0,15.0,5.0,6.0,3.0,3.0,101.0,60.0,39.0,22.0,14.0,9.0,13.0
2011-520,Roland Garros,Clay,128,G,O,20110522,11,CA12,,,Jeremy Chardy,R,188.0,FRA,24.271,61.0,845.0,D875,,,Grigor Dimitrov,R,191.0,BUL,20.016,64.0,781.0,6-2 6-4 6-4,5,R128,95.0,4.0,4.0,75.0,43.0,36.0,19.0,14.0,1.0,2.0,4.0,6.0,73.0,42.0,28.0,16.0,14.0,2.0,7.0
2011-520,Roland Garros,Clay,128,G,O,20110522,12,SD32,18.0,,Gilles Simon,R,183.0,FRA,26.398,18.0,1565.0,R368,,,Michael Russell,R,173.0,USA,33.057,93.0,573.0,6-3 4-6 6-1 6-0,5,R128,138.0,4.0,3.0,95.0,47.0,35.0,29.0,16.0,2.0,4.0,1.0,6.0,101.0,79.0,41.0,7.0,16.0,7.0,15.0
2011-520,Roland Garros,Clay,128,G,O,20110522,13,B837,27.0,,Marcos Baghdatis,R,178.0,CYP,25.927,29.0,1295.0,G717,,,Fred Gil,R,173.0,POR,26.16,78.0,656.0,7-6(4) 6-2 6-2,5,R128,144.0,8.0,1.0,102.0,60.0,47.0,23.0,14.0,9.0,10.0,1.0,3.0,113.0,65.0,43.0,19.0,14.0,10.0,15.0
2011-520,Roland Garros,Clay,128,G,O,20110522,14,MD56,,Q,Leonardo Mayer,R,191.0,ARG,24.019,217.0,225.0,BA65,,,Dustin Brown,R,196.0,JAM,26.45,106.0,490.0,3-6 7-6(5) 6-2 6-2,5,R128,154.0,6.0,3.0,115.0,75.0,52.0,27.0,18.0,4.0,6.0,5.0,4.0,126.0,64.0,48.0,29.0,19.0,5.0,10.0
2011-520,Roland Garros,Clay,128,G,O,20110522,15,R772,,Q,Albert Ramos-Vinolas,L,188.0,ESP,23.343,117.0,470.0,MI08,,Q,Javier Marti,R,,ESP,19.359,268.0,184.0,6-3 6-7(5) 4-6 6-1 6-3,5,R128,267.0,9.0,7.0,187.0,113.0,67.0,38.0,24.0,20.0,28.0,3.0,11.0,178.0,132.0,74.0,15.0,23.0,19.0,31.0
2011-520,Roland Garros,Clay,128,G,O,20110522,16,SA49,5.0,,Robin Soderling,R,193.0,SWE,26.768,5.0,5435.0,H940,,LL,Ryan Harrison,R,185.0,USA,19.039,119.0,463.0,6-1 6-7(5) 6-3 7-5,5,R128,168.0,11.0,5.0,116.0,72.0,58.0,26.0,21.0,3.0,5.0,14.0,4.0,125.0,63.0,41.0,33.0,19.0,10.0,16.0
2011-520,Roland Garros,Clay,128,G,O,20110522,17,MC10,4.0,,Andy Murray,R,191.0,GBR,24.019,4.0,6085.0,P487,,Q,Eric Prodon,R,180.0,FRA,29.9,124.0,458.0,6-4 6-1 6-3,5,R128,104.0,12.0,2.0,77.0,45.0,39.0,14.0,13.0,3.0,5.0,0.0,3.0,80.0,47.0,23.0,16.0,13.0,4.0,11.0
2011-520,Roland Garros,Clay,128,G,O,20110522,18,BA98,,LL,Simone Bolelli,R,183.0,ITA,25.618,126.0,451.0,D499,,Q,Frank Dancevic,R,185.0,CAN,26.65,174.0,313.0,6-1 6-3 6-7(5) 6-2,5,R128,147.0,7.0,0.0,102.0,77.0,61.0,19.0,18.0,4.0,4.0,10.0,1.0,128.0,77.0,46.0,29.0,18.0,7.0,13.0
2011-520,Roland Garros,Clay,128,G,O,20110522,19,C487,,WC,Arnaud Clement,R,173.0,FRA,33.426,158.0,359.0,V254,,,Filippo Volandri,R,183.0,ITA,29.708,73.0,685.0,6-3 1-6 7-6(9) 6-4,5,R128,201.0,6.0,4.0,126.0,64.0,50.0,27.0,19.0,3.0,8.0,3.0,3.0,134.0,97.0,65.0,17.0,19.0,6.0,11.0
2011-520,Roland Garros,Clay,128,G,O,20110522,20,B678,,,Michael Berrer,L,193.0,GER,30.888,95.0,555.0,R975,26.0,,Milos Raonic,R,196.0,CAN,20.4,27.0,1342.0,6-4 4-6 6-3 6-4,5,R128,150.0,5.0,2.0,119.0,74.0,53.0,29.0,20.0,6.0,8.0,7.0,4.0,101.0,57.0,40.0,27.0,19.0,1.0,5.0
2011-520,Roland Garros,Clay,128,G,O,20110522,21,D801,21.0,,Alexandr Dolgopolov,R,180.0,UKR,22.535,22.0,1450.0,S636,,,Rainer Schuettler,R,180.0,GER,35.072,98.0,549.0,6-3 6-3 6-1,5,R128,90.0,14.0,3.0,68.0,42.0,35.0,13.0,12.0,0.0,1.0,3.0,7.0,98.0,57.0,36.0,12.0,13.0,12.0,19.0
2011-520,Roland Garros,Clay,128,G,O,20110522,22,H804,,,Andreas Haider-Maurer,R,191.0,AUT,24.167,88.0,582.0,SG87,,,Ryan Sweeting,R,196.0,USA,23.855,70.0,715.0,6-1 6-7(5) 6-2 6-0,5,R128,148.0,10.0,7.0,122.0,69.0,56.0,29.0,17.0,5.0,5.0,3.0,8.0,108.0,69.0,43.0,17.0,16.0,8.0,15.0
2011-520,Roland Garros,Clay,128,G,O,20110522,23,K839,,,Tobias Kamke,R,178.0,GER,25.002,76.0,663.0,R397,,,Olivier Rochus,R,168.0,BEL,30.338,77.0,658.0,6-7(5) 6-3 6-3 6-2,5,R128,171.0,14.0,2.0,131.0,69.0,47.0,33.0,19.0,6.0,9.0,5.0,4.0,123.0,79.0,52.0,16.0,19.0,10.0,18.0
2011-520,Roland Garros,Clay,128,G,O,20110522,24,T840,15.0,,Viktor Troicki,R,193.0,SRB,25.276,15.0,1840.0,R782,,,Julian Reister,R,188.0,GER,25.136,94.0,555.0,6-4 6-3 6-3,5,R128,114.0,20.0,1.0,86.0,53.0,46.0,15.0,14.0,6.0,7.0,1.0,0.0,88.0,58.0,35.0,15.0,14.0,5.0,10.0
2011-520,Roland Garros,Clay,128,G,O,20110522,25,K540,,Q,Lukasz Kubot,R,191.0,POL,29.016,122.0,458.0,A479,11.0,,Nicolas Almagro,R,183.0,ESP,25.749,12.0,2225.0,3-6 2-6 7-6(3) 7-6(5) 6-4,5,R128,230.0,5.0,10.0,175.0,105.0,65.0,36.0,26.0,10.0,19.0,18.0,6.0,154.0,87.0,67.0,33.0,25.0,7.0,13.0
2011-520,Roland Garros,Clay,128,G,O,20110522,26,B884,,,Carlos Berlocq,R,183.0,ARG,28.296,69.0,720.0,TA46,,WC,Bernard Tomic,R,196.0,AUS,18.582,180.0,300.0,7-5 6-4 6-2,5,R128,127.0,4.0,2.0,79.0,52.0,40.0,14.0,15.0,0.0,3.0,1.0,5.0,107.0,69.0,43.0,14.0,15.0,11.0,18.0
2011-520,Roland Garros,Clay,128,G,O,20110522,27,F444,,Q,Alejandro Falla,L,185.0,COL,27.518,120.0,462.0,S843,,,Potito Starace,R,188.0,ITA,29.854,46.0,1015.0,7-6(2) 6-1 6-1,5,R128,116.0,1.0,3.0,82.0,53.0,43.0,18.0,13.0,7.0,7.0,3.0,2.0,92.0,65.0,39.0,12.0,13.0,3.0,8.0
2011-520,Roland Garros,Clay,128,G,O,20110522,28,MB02,20.0,,Florian Mayer,R,191.0,GER,27.628,19.0,1555.0,K403,,,Igor Kunitsyn,R,180.0,RUS,29.64,75.0,666.0,6-3 4-6 6-4 6-3,5,R128,177.0,6.0,1.0,129.0,72.0,52.0,24.0,19.0,7.0,12.0,2.0,0.0,129.0,76.0,46.0,25.0,19.0,7.0,15.0
2011-520,Roland Garros,Clay,128,G,O,20110522,29,A678,32.0,,Kevin Anderson,R,203.0,RSA,25.01,35.0,1150.0,M873,,,Nicolas Mahut,R,191.0,FRA,29.331,90.0,579.0,6-4 6-4 6-7(6) 6-3,5,R128,186.0,22.0,3.0,123.0,80.0,64.0,25.0,21.0,5.0,7.0,9.0,6.0,154.0,111.0,74.0,21.0,20.0,12.0,17.0
2011-520,Roland Garros,Clay,128,G,O,20110522,30,C514,,,Juan Ignacio Chela,R,191.0,ARG,31.726,34.0,1160.0,SF62,,WC,Tim Smyczek,R,175.0,USA,23.392,169.0,327.0,7-6(5) 6-1 6-1,5,R128,104.0,1.0,2.0,78.0,63.0,45.0,7.0,13.0,2.0,5.0,0.0,1.0,85.0,57.0,24.0,14.0,13.0,5.0,13.0
2011-520,Roland Garros,Clay,128,G,O,20110522,31,R685,,Q,Lukas Rosol,R,193.0,CZE,25.826,111.0,476.0,R613,,WC,Edouard Roger-Vasselin,R,185.0,FRA,27.48,133.0,428.0,3-6 6-2 6-4 3-6 7-5,5,R128,186.0,13.0,10.0,171.0,102.0,77.0,28.0,24.0,10.0,14.0,8.0,2.0,139.0,89.0,64.0,23.0,24.0,3.0,8.0
2011-520,Roland Garros,Clay,128,G,O,20110522,32,M762,8.0,,Jurgen Melzer,L,183.0,AUT,29.999,8.0,2850.0,BA86,,LL,Andreas Beck,L,191.0,GER,25.29,139.0,419.0,6-3 6-4 6-2,5,R128,118.0,6.0,2.0,84.0,48.0,35.0,23.0,14.0,7.0,8.0,2.0,3.0,85.0,55.0,34.0,13.0,13.0,6.0,11.0
2011-520,Roland Garros,Clay,128,G,O,20110522,33,F401,7.0,,David Ferrer,R,175.0,ESP,29.136,7.0,4060.0,N289,,,Jarkko Nieminen,L,185.0,FIN,29.829,50.0,936.0,6-3 6-3 6-1,5,R128,85.0,4.0,0.0,61.0,42.0,37.0,15.0,13.0,0.0,0.0,3.0,2.0,72.0,46.0,27.0,13.0,12.0,5.0,10.0
2011-520,Roland Garros,Clay,128,G,O,20110522,34,B747,,,Julien Benneteau,R,185.0,FRA,29.418,81.0,643.0,MA49,,,Rui Machado,R,178.0,POR,27.113,110.0,479.0,4-6 6-1 6-2 6-0,5,R128,149.0,7.0,3.0,101.0,63.0,44.0,21.0,16.0,4.0,6.0,0.0,6.0,103.0,61.0,31.0,20.0,15.0,6.0,14.0
2011-520,Roland Garros,Clay,128,G,O,20110522,35,N552,,,Kei Nishikori,R,178.0,JPN,21.394,59.0,857.0,L575,,,Yen-Hsun Lu,R,180.0,TPE,27.77,56.0,900.0,6-1 6-3 6-4,5,R128,145.0,1.0,5.0,106.0,71.0,46.0,16.0,13.0,12.0,15.0,0.0,6.0,115.0,72.0,39.0,15.0,13.0,21.0,29.0
2011-520,Roland Garros,Clay,128,G,O,20110522,36,SC77,31.0,,Sergiy Stakhovsky,R,193.0,UKR,25.372,36.0,1145.0,G753,,Q,David Guez,R,185.0,FRA,28.452,156.0,367.0,6-7(7) 6-3 6-3 6-3,5,R128,173.0,13.0,1.0,125.0,76.0,57.0,23.0,20.0,6.0,10.0,0.0,2.0,122.0,68.0,42.0,26.0,19.0,10.0,18.0
2011-520,Roland Garros,Clay,128,G,O,20110522,37,D632,,Q,Steve Darcis,R,175.0,BEL,27.19,135.0,426.0,L428,22.0,,Michael Llodra,L,191.0,FRA,31.009,24.0,1400.0,6-7(5) 6-3 6-3 6-3,5,R128,146.0,6.0,3.0,119.0,71.0,57.0,30.0,20.0,3.0,4.0,11.0,6.0,117.0,75.0,56.0,20.0,19.0,7.0,12.0
2011-520,Roland Garros,Clay,128,G,O,20110522,38,P624,,,Philipp Petzschner,R,185.0,GER,27.159,80.0,650.0,Z168,,,Mischa Zverev,L,191.0,GER,23.748,97.0,549.0,7-6(3) 6-0 6-4,5,R128,103.0,12.0,1.0,89.0,59.0,46.0,20.0,14.0,3.0,3.0,1.0,3.0,95.0,58.0,35.0,19.0,14.0,4.0,8.0
2011-520,Roland Garros,Clay,128,G,O,20110522,39,RA17,,WC,Guillaume Rufin,R,188.0,FRA,20.988,253.0,196.0,ME82,,,Adrian Mannarino,L,180.0,FRA,22.894,53.0,917.0,6-2 6-3 6-2,5,R128,91.0,11.0,2.0,67.0,40.0,33.0,18.0,13.0,1.0,2.0,2.0,1.0,72.0,47.0,28.0,10.0,12.0,4.0,10.0
2011-520,Roland Garros,Clay,128,G,O,20110522,40,MC65,9.0,,Gael Monfils,R,193.0,FRA,24.72,9.0,2465.0,P436,,Q,Bjorn Phau,R,175.0,GER,31.63,145.0,410.0,4-6 6-3 7-5 6-0,5,R128,137.0,5.0,1.0,96.0,52.0,42.0,29.0,19.0,2.0,4.0,3.0,5.0,112.0,60.0,37.0,26.0,18.0,7.0,13.0
2011-520,Roland Garros,Clay,128,G,O,20110522,41,W367,14.0,,Stan Wawrinka,R,183.0,SUI,26.149,14.0,1920.0,G695,,Q,Augustin Gensse,R,180.0,FRA,27.781,179.0,302.0,4-6 6-3 6-4 6-2,5,R128,147.0,6.0,4.0,120.0,76.0,55.0,27.0,19.0,7.0,9.0,0.0,2.0,108.0,81.0,54.0,9.0,18.0,5.0,10.0
2011-520,Roland Garros,Clay,128,G,O,20110522,42,SJ63,,Q,Thomas Schoorel,L,203.0,NED,22.119,108.0,485.0,G585,,,Maximo Gonzalez,R,173.0,ARG,27.838,84.0,633.0,7-6(5) 6-3 6-3,5,R128,143.0,9.0,2.0,92.0,61.0,45.0,22.0,15.0,2.0,2.0,2.0,0.0,103.0,81.0,49.0,15.0,15.0,7.0,10.0
2011-520,Roland Garros,Clay,128,G,O,20110522,43,A511,,,Igor Andreev,R,185.0,RUS,27.855,92.0,575.0,S963,,,Florent Serra,R,180.0,FRA,30.226,118.0,469.0,6-4 6-1 6-3,5,R128,92.0,6.0,0.0,63.0,39.0,33.0,14.0,13.0,2.0,4.0,3.0,1.0,92.0,51.0,32.0,13.0,13.0,4.0,11.0
2011-520,Roland Garros,Clay,128,G,O,20110522,44,T786,17.0,,Jo-Wilfried Tsonga,R,188.0,FRA,26.094,17.0,1570.0,H571,,,Jan Hajek,R,180.0,CZE,27.789,136.0,425.0,6-3 6-2 6-2,5,R128,118.0,8.0,1.0,82.0,48.0,35.0,22.0,13.0,2.0,2.0,3.0,1.0,72.0,46.0,28.0,12.0,12.0,3.0,8.0
2011-520,Roland Garros,Clay,128,G,O,20110522,45,T742,29.0,,Janko Tipsarevic,R,180.0,SRB,26.913,32.0,1225.0,D556,,,Brian Dabul,L,170.0,ARG,27.239,147.0,403.0,7-6(1) 6-1 6-0,5,R128,125.0,9.0,2.0,85.0,44.0,35.0,21.0,13.0,1.0,3.0,2.0,9.0,80.0,45.0,24.0,12.0,12.0,5.0,12.0
2011-520,Roland Garros,Clay,128,G,O,20110522,46,R750,,,Pere Riba,R,183.0,ESP,23.121,65.0,761.0,D646,,,Ivan Dodig,R,183.0,CRO,26.382,45.0,1016.0,6-3 3-6 7-6(6) 6-4,5,R128,201.0,10.0,5.0,133.0,70.0,53.0,36.0,20.0,7.0,9.0,7.0,4.0,134.0,81.0,60.0,27.0,20.0,9.0,12.0
2011-520,Roland Garros,Clay,128,G,O,20110522,47,T999,,WC,Maxime Teixeira,R,188.0,FRA,22.338,181.0,300.0,ME31,,WC,Vincent Millot,L,173.0,FRA,25.306,152.0,378.0,6-2 5-7 6-7(4) 6-4 6-1,5,R128,232.0,5.0,1.0,182.0,138.0,84.0,21.0,25.0,12.0,19.0,2.0,6.0,172.0,93.0,60.0,29.0,24.0,8.0,19.0
2011-520,Roland Garros,Clay,128,G,O,20110522,48,F324,3.0,,Roger Federer,R,185.0,SUI,29.785,3.0,8390.0,L397,,,Feliciano Lopez,L,188.0,ESP,29.667,41.0,1065.0,6-3 6-4 7-6(3),5,R128,119.0,12.0,0.0,89.0,56.0,48.0,20.0,16.0,0.0,0.0,7.0,3.0,99.0,63.0,41.0,22.0,15.0,7.0,9.0
2011-520,Roland Garros,Clay,128,G,O,20110522,49,R612,,Q,Stephane Robert,R,185.0,FRA,31.012,140.0,419.0,BA47,6.0,,Tomas Berdych,R,196.0,CZE,25.676,6.0,4200.0,3-6 3-6 6-2 6-2 9-7,5,R128,203.0,12.0,6.0,153.0,82.0,63.0,31.0,25.0,7.0,12.0,16.0,3.0,155.0,93.0,72.0,23.0,25.0,13.0,20.0
2011-520,Roland Garros,Clay,128,G,O,20110522,50,F510,,,Fabio Fognini,R,178.0,ITA,23.995,49.0,960.0,I165,,,Denis Istomin,R,185.0,UZB,24.704,58.0,875.0,6-4 6-2 6-2,5,R128,103.0,1.0,7.0,83.0,45.0,35.0,18.0,13.0,6.0,8.0,1.0,3.0,79.0,45.0,26.0,14.0,13.0,3.0,10.0
2011-520,Roland Garros,Clay,128,G,O,20110522,51,K771,,LL,Marsel Ilhan,R,191.0,TUR,23.945,123.0,458.0,H355,,,Tommy Haas,R,188.0,GER,33.133,730.0,20.0,6-4 4-6 7-6(1) 6-4,5,R128,177.0,25.0,1.0,116.0,79.0,65.0,17.0,21.0,4.0,8.0,15.0,7.0,137.0,82.0,55.0,28.0,21.0,10.0,15.0
2011-520,Roland Garros,Clay,128,G,O,20110522,52,G476,30.0,,Guillermo Garcia-Lopez,R,185.0,ESP,27.964,33.0,1205.0,K448,,,Robert Kendrick,R,191.0,USA,31.515,87.0,594.0,6-1 7-5 4-6 6-3,5,R128,148.0,4.0,6.0,109.0,54.0,37.0,38.0,19.0,6.0,8.0,10.0,4.0,119.0,70.0,47.0,22.0,19.0,5.0,11.0
2011-520,Roland Garros,Clay,128,G,O,20110522,53,R383,,,Ruben Ramirez Hidalgo,R,183.0,ESP,33.372,100.0,517.0,C977,19.0,,Marin Cilic,R,198.0,CRO,22.645,21.0,1515.0,7-6(5) 6-4 6-4,5,R128,173.0,1.0,3.0,109.0,61.0,44.0,24.0,16.0,3.0,6.0,9.0,1.0,112.0,62.0,44.0,19.0,16.0,6.0,11.0
2011-520,Roland Garros,Clay,128,G,O,20110522,54,M824,,,Albert Montanes,R,175.0,ESP,30.483,38.0,1110.0,G436,,LL,Marc Gicquel,R,188.0,FRA,34.144,127.0,449.0,6-4 6-4 6-2,5,R128,105.0,10.0,2.0,89.0,47.0,37.0,24.0,14.0,2.0,3.0,1.0,3.0,78.0,38.0,24.0,21.0,14.0,3.0,8.0
2011-520,Roland Garros,Clay,128,G,O,20110522,55,K926,,,Mikhail Kukushkin,R,183.0,KAZ,23.403,62.0,842.0,BC72,,,Daniel Brands,R,196.0,GER,23.847,130.0,436.0,6-2 6-4 6-4,5,R128,116.0,4.0,0.0,82.0,59.0,44.0,17.0,14.0,6.0,6.0,4.0,3.0,88.0,58.0,40.0,14.0,14.0,5.0,9.0
2011-520,Roland Garros,Clay,128,G,O,20110522,56,Y061,12.0,,Mikhail Youzhny,R,183.0,RUS,28.906,13.0,2010.0,SC47,,,Go Soeda,R,178.0,JPN,26.708,116.0,472.0,7-5 6-2 6-4,5,R128,142.0,2.0,4.0,100.0,60.0,41.0,23.0,15.0,7.0,9.0,1.0,5.0,95.0,57.0,36.0,14.0,15.0,5.0,11.0
2011-520,Roland Garros,Clay,128,G,O,20110522,57,G628,13.0,,Richard Gasquet,R,183.0,FRA,24.925,16.0,1755.0,S694,,,Radek Stepanek,R,185.0,CZE,32.482,57.0,893.0,7-5 6-3 6-0,5,R128,123.0,6.0,2.0,98.0,64.0,49.0,18.0,14.0,5.0,5.0,3.0,2.0,78.0,49.0,32.0,11.0,13.0,3.0,8.0
2011-520,Roland Garros,Clay,128,G,O,20110522,58,G710,,,Marcel Granollers,R,191.0,ESP,25.109,47.0,988.0,B842,,LL,Alex Bogomolov Jr.,R,178.0,RUS,28.079,86.0,615.0,6-3 3-6 7-6(6) 6-2,5,R128,178.0,4.0,1.0,121.0,77.0,62.0,25.0,19.0,6.0,7.0,1.0,2.0,119.0,91.0,61.0,20.0,19.0,7.0,10.0
2011-520,Roland Garros,Clay,128,G,O,20110522,59,SA93,,,Andreas Seppi,R,191.0,ITA,27.247,51.0,930.0,G681,,,Teymuraz Gabashvili,R,185.0,GEO,25.996,85.0,631.0,6-3 7-5 7-5,5,R128,133.0,8.0,1.0,96.0,67.0,54.0,15.0,17.0,1.0,2.0,4.0,5.0,111.0,69.0,46.0,20.0,16.0,9.0,13.0
2011-520,Roland Garros,Clay,128,G,O,20110522,60,BD20,23.0,,Thomaz Bellucci,L,188.0,BRA,23.392,25.0,1395.0,G806,,,Andrey Golubev,R,180.0,KAZ,23.833,44.0,1025.0,6-4 6-4 6-7(4) 7-6(5),5,R128,199.0,7.0,2.0,129.0,78.0,63.0,33.0,22.0,3.0,5.0,10.0,7.0,151.0,98.0,73.0,26.0,22.0,7.0,11.0
2011-520,Roland Garros,Clay,128,G,O,20110522,61,D683,25.0,,Juan Martin del Potro,R,198.0,ARG,22.658,26.0,1355.0,K336,,,Ivo Karlovic,R,211.0,CRO,32.227,148.0,387.0,6-7(7) 6-3 7-5 6-4,5,R128,193.0,11.0,4.0,128.0,85.0,70.0,29.0,22.0,5.0,5.0,22.0,4.0,147.0,99.0,79.0,20.0,21.0,13.0,16.0
2011-520,Roland Garros,Clay,128,G,O,20110522,62,K834,,,Blaz Kavcic,R,188.0,SLO,24.214,82.0,636.0,G858,,,Ernests Gulbis,R,191.0,LAT,22.724,83.0,635.0,6-1 6-4 6-2,5,R128,116.0,9.0,6.0,78.0,50.0,37.0,15.0,13.0,4.0,6.0,6.0,9.0,93.0,51.0,32.0,12.0,12.0,4.0,11.0
2011-520,Roland Garros,Clay,128,G,O,20110522,63,H528,,,Victor Hanescu,R,198.0,ROU,29.834,60.0,850.0,PD31,,WC,Benoit Paire,R,196.0,FRA,22.037,101.0,510.0,7-5 4-6 6-1 7-6(4),5,R128,163.0,2.0,6.0,145.0,93.0,59.0,30.0,21.0,8.0,13.0,5.0,7.0,131.0,65.0,47.0,24.0,20.0,9.0,16.0
2011-520,Roland Garros,Clay,128,G,O,20110522,64,D643,2.0,,Novak Djokovic,R,188.0,SRB,24.0,2.0,11665.0,D776,,,Thiemo de Bakker,R,193.0,NED,22.669,71.0,710.0,6-2 6-1 6-3,5,R128,92.0,0.0,2.0,59.0,47.0,39.0,10.0,12.0,1.0,1.0,5.0,3.0,80.0,52.0,32.0,10.0,12.0,10.0,16.0
2011-520,Roland Garros,Clay,128,G,O,20110522,65,N409,1.0,,Rafael Nadal,L,185.0,ESP,24.966,1.0,12070.0,A596,,,Pablo Andujar,R,180.0,ESP,25.325,48.0,985.0,7-5 6-3 7-6(4),5,R64,198.0,6.0,4.0,126.0,86.0,57.0,18.0,17.0,11.0,16.0,1.0,2.0,110.0,72.0,43.0,13.0,16.0,4.0,11.0
2011-520,Roland Garros,Clay,128,G,O,20110522,66,V564,,Q,Antonio Veic,R,180.0,CRO,23.255,227.0,217.0,D402,28.0,,Nikolay Davydenko,R,178.0,RUS,29.969,30.0,1285.0,3-6 6-2 7-5 3-6 6-1,5,R64,199.0,5.0,3.0,140.0,76.0,48.0,32.0,22.0,12.0,19.0,2.0,5.0,143.0,110.0,62.0,16.0,23.0,6.0,16.0
2011-520,Roland Garros,Clay,128,G,O,20110522,67,L360,,,Ivan Ljubicic,R,193.0,CRO,32.175,37.0,1120.0,Q927,24.0,,Sam Querrey,R,198.0,USA,23.622,28.0,1325.0,7-6(2) 6-4 6-4,5,R64,125.0,11.0,0.0,94.0,50.0,45.0,25.0,16.0,1.0,1.0,8.0,2.0,90.0,47.0,31.0,31.0,16.0,1.0,3.0
2011-520,Roland Garros,Clay,128,G,O,20110522,68,V306,16.0,,Fernando Verdasco,L,188.0,ESP,27.515,20.0,1515.0,M680,,,Xavier Malisse,R,185.0,BEL,30.839,40.0,1070.0,4-6 6-3 7-6(5) 6-1,5,R64,159.0,7.0,1.0,138.0,104.0,65.0,24.0,20.0,8.0,11.0,4.0,2.0,121.0,77.0,53.0,20.0,18.0,6.0,11.0
2011-520,Roland Garros,Clay,128,G,O,20110522,69,F339,10.0,,Mardy Fish,R,188.0,USA,29.448,10.0,2395.0,H756,,,Robin Haase,R,191.0,NED,24.126,54.0,914.0,7-6(1) 6-2 6-1,5,R64,132.0,2.0,2.0,81.0,42.0,34.0,26.0,13.0,1.0,1.0,3.0,1.0,113.0,70.0,41.0,21.0,14.0,12.0,17.0
2011-520,Roland Garros,Clay,128,G,O,20110522,70,SD32,18.0,,Gilles Simon,R,183.0,FRA,26.398,18.0,1565.0,CA12,,,Jeremy Chardy,R,188.0,FRA,24.271,61.0,845.0,4-6 6-4 6-1 6-4,5,R64,158.0,3.0,5.0,128.0,79.0,53.0,25.0,19.0,9.0,13.0,3.0,5.0,104.0,60.0,38.0,21.0,18.0,4.0,11.0
2011-520,Roland Garros,Clay,128,G,O,20110522,71,MD56,,Q,Leonardo Mayer,R,191.0,ARG,24.019,217.0,225.0,B837,27.0,,Marcos Baghdatis,R,178.0,CYP,25.927,29.0,1295.0,7-5 6-4 7-6(6),5,R64,152.0,1.0,4.0,89.0,44.0,35.0,34.0,17.0,0.0,1.0,6.0,1.0,116.0,68.0,45.0,28.0,17.0,3.0,6.0
2011-520,Roland Garros,Clay,128,G,O,20110522,72,SA49,5.0,,Robin Soderling,R,193.0,SWE,26.768,5.0,5435.0,R772,,Q,Albert Ramos-Vinolas,L,188.0,ESP,23.343,117.0,470.0,6-3 6-4 6-4,5,R64,116.0,7.0,7.0,82.0,48.0,40.0,20.0,15.0,0.0,1.0,8.0,2.0,89.0,57.0,38.0,17.0,14.0,3.0,7.0
2011-520,Roland Garros,Clay,128,G,O,20110522,73,MC10,4.0,,Andy Murray,R,191.0,GBR,24.019,4.0,6085.0,BA98,,LL,Simone Bolelli,R,183.0,ITA,25.618,126.0,451.0,7-6(3) 6-4 7-5,5,R64,171.0,10.0,7.0,109.0,72.0,50.0,18.0,17.0,9.0,13.0,2.0,1.0,103.0,68.0,38.0,18.0,17.0,8.0,14.0
2011-520,Roland Garros,Clay,128,G,O,20110522,74,B678,,,Michael Berrer,L,193.0,GER,30.888,95.0,555.0,C487,,WC,Arnaud Clement,R,173.0,FRA,33.426,158.0,359.0,7-6(6) 3-6 7-5 6-4,5,R64,216.0,9.0,4.0,149.0,98.0,68.0,25.0,22.0,13.0,18.0,4.0,2.0,137.0,89.0,59.0,24.0,21.0,4.0,9.0
2011-520,Roland Garros,Clay,128,G,O,20110522,75,D801,21.0,,Alexandr Dolgopolov,R,180.0,UKR,22.535,22.0,1450.0,H804,,,Andreas Haider-Maurer,R,191.0,AUT,24.167,88.0,582.0,6-2 6-4 6-2,5,R64,96.0,6.0,2.0,82.0,47.0,36.0,22.0,13.0,6.0,6.0,4.0,7.0,79.0,37.0,27.0,17.0,13.0,3.0,8.0
2011-520,Roland Garros,Clay,128,G,O,20110522,76,T840,15.0,,Viktor Troicki,R,193.0,SRB,25.276,15.0,1840.0,K839,,,Tobias Kamke,R,178.0,GER,25.002,76.0,663.0,6-2 6-2 7-6(4),5,R64,127.0,12.0,4.0,91.0,57.0,43.0,15.0,14.0,2.0,5.0,1.0,6.0,104.0,57.0,30.0,22.0,14.0,12.0,19.0
2011-520,Roland Garros,Clay,128,G,O,20110522,77,K540,,Q,Lukasz Kubot,R,191.0,POL,29.016,122.0,458.0,B884,,,Carlos Berlocq,R,183.0,ARG,28.296,69.0,720.0,6-3 7-6(4) 6-3,5,R64,169.0,5.0,7.0,108.0,71.0,54.0,18.0,16.0,6.0,9.0,2.0,5.0,95.0,63.0,39.0,15.0,14.0,1.0,6.0
2011-520,Roland Garros,Clay,128,G,O,20110522,78,F444,,Q,Alejandro Falla,L,185.0,COL,27.518,120.0,462.0,MB02,20.0,,Florian Mayer,R,191.0,GER,27.628,19.0,1555.0,4-6 7-6(4) 6-1 6-2,5,R64,178.0,4.0,3.0,129.0,81.0,57.0,24.0,19.0,8.0,11.0,6.0,3.0,142.0,80.0,52.0,26.0,18.0,8.0,14.0
2011-520,Roland Garros,Clay,128,G,O,20110522,79,C514,,,Juan Ignacio Chela,R,191.0,ARG,31.726,34.0,1160.0,A678,32.0,,Kevin Anderson,R,203.0,RSA,25.01,35.0,1150.0,3-6 6-3 6-4 4-6 6-2,5,R64,201.0,3.0,1.0,147.0,133.0,90.0,8.0,23.0,13.0,16.0,12.0,3.0,150.0,104.0,66.0,27.0,23.0,11.0,16.0
2011-520,Roland Garros,Clay,128,G,O,20110522,80,R685,,Q,Lukas Rosol,R,193.0,CZE,25.826,111.0,476.0,M762,8.0,,Jurgen Melzer,L,183.0,AUT,29.999,8.0,2850.0,6-7(4) 6-4 4-6 7-6(3) 6-4,5,R64,239.0,14.0,6.0,214.0,124.0,89.0,42.0,27.0,8.0,13.0,8.0,7.0,184.0,116.0,81.0,34.0,27.0,13.0,19.0
2011-520,Roland Garros,Clay,128,G,O,20110522,81,F401,7.0,,David Ferrer,R,175.0,ESP,29.136,7.0,4060.0,B747,,,Julien Benneteau,R,185.0,FRA,29.418,81.0,643.0,6-3 6-4 6-2,5,R64,119.0,3.0,0.0,73.0,44.0,40.0,19.0,14.0,1.0,1.0,4.0,2.0,102.0,71.0,46.0,12.0,13.0,12.0,16.0
2011-520,Roland Garros,Clay,128,G,O,20110522,82,SC77,31.0,,Sergiy Stakhovsky,R,193.0,UKR,25.372,36.0,1145.0,N552,,,Kei Nishikori,R,178.0,JPN,21.394,59.0,857.0,6-1 3-6 6-3 7-6(3),5,R64,168.0,9.0,2.0,114.0,69.0,50.0,27.0,19.0,2.0,5.0,1.0,7.0,130.0,83.0,50.0,24.0,18.0,7.0,12.0
2011-520,Roland Garros,Clay,128,G,O,20110522,83,D632,,Q,Steve Darcis,R,175.0,BEL,27.19,135.0,426.0,P624,,,Philipp Petzschner,R,185.0,GER,27.159,80.0,650.0,7-5 6-4 6-4,5,R64,116.0,4.0,2.0,91.0,51.0,37.0,28.0,16.0,4.0,5.0,7.0,2.0,93.0,55.0,41.0,17.0,16.0,6.0,10.0
2011-520,Roland Garros,Clay,128,G,O,20110522,84,MC65,9.0,,Gael Monfils,R,193.0,FRA,24.72,9.0,2465.0,RA17,,WC,Guillaume Rufin,R,188.0,FRA,20.988,253.0,196.0,6-3 1-6 6-1 6-3,5,R64,158.0,2.0,3.0,102.0,53.0,37.0,31.0,16.0,6.0,8.0,7.0,11.0,131.0,60.0,42.0,30.0,16.0,15.0,20.0
2011-520,Roland Garros,Clay,128,G,O,20110522,85,W367,14.0,,Stan Wawrinka,R,183.0,SUI,26.149,14.0,1920.0,SJ63,,Q,Thomas Schoorel,L,203.0,NED,22.119,108.0,485.0,6-3 6-2 6-4,5,R64,98.0,10.0,3.0,88.0,51.0,39.0,23.0,14.0,3.0,3.0,4.0,1.0,80.0,53.0,35.0,12.0,13.0,5.0,9.0
2011-520,Roland Garros,Clay,128,G,O,20110522,86,T786,17.0,,Jo-Wilfried Tsonga,R,188.0,FRA,26.094,17.0,1570.0,A511,,,Igor Andreev,R,185.0,RUS,27.855,92.0,575.0,6-3 7-6(4) 6-3,5,R64,156.0,12.0,4.0,105.0,61.0,52.0,24.0,16.0,3.0,4.0,2.0,1.0,97.0,56.0,38.0,25.0,14.0,4.0,7.0
2011-520,Roland Garros,Clay,128,G,O,20110522,87,T742,29.0,,Janko Tipsarevic,R,180.0,SRB,26.913,32.0,1225.0,R750,,,Pere Riba,R,183.0,ESP,23.121,65.0,761.0,6-1 6-3 6-0,5,R64,82.0,6.0,1.0,58.0,36.0,30.0,13.0,11.0,1.0,2.0,4.0,3.0,63.0,31.0,15.0,12.0,11.0,4.0,12.0
2011-520,Roland Garros,Clay,128,G,O,20110522,88,F324,3.0,,Roger Federer,R,185.0,SUI,29.785,3.0,8390.0,T999,,WC,Maxime Teixeira,R,188.0,FRA,22.338,181.0,300.0,6-3 6-0 6-2,5,R64,84.0,7.0,0.0,63.0,44.0,36.0,12.0,12.0,0.0,1.0,0.0,3.0,73.0,39.0,20.0,14.0,11.0,6.0,13.0
2011-520,Roland Garros,Clay,128,G,O,20110522,89,F510,,,Fabio Fognini,R,178.0,ITA,23.995,49.0,960.0,R612,,Q,Stephane Robert,R,185.0,FRA,31.012,140.0,419.0,6-2 6-1 6-0,5,R64,69.0,2.0,1.0,54.0,41.0,36.0,8.0,11.0,0.0,0.0,0.0,5.0,66.0,27.0,15.0,13.0,10.0,9.0,16.0
2011-520,Roland Garros,Clay,128,G,O,20110522,90,G476,30.0,,Guillermo Garcia-Lopez,R,185.0,ESP,27.964,33.0,1205.0,K771,,LL,Marsel Ilhan,R,191.0,TUR,23.945,123.0,458.0,6-4 1-6 6-2 4-6 13-11,5,R64,238.0,13.0,17.0,171.0,95.0,77.0,38.0,29.0,10.0,14.0,24.0,3.0,176.0,103.0,83.0,34.0,30.0,9.0,14.0
2011-520,Roland Garros,Clay,128,G,O,20110522,91,M824,,,Albert Montanes,R,175.0,ESP,30.483,38.0,1110.0,R383,,,Ruben Ramirez Hidalgo,R,183.0,ESP,33.372,100.0,517.0,6-7(5) 6-4 6-1 6-2,5,R64,190.0,13.0,8.0,113.0,61.0,49.0,28.0,19.0,6.0,9.0,8.0,8.0,141.0,85.0,55.0,19.0,18.0,11.0,19.0
2011-520,Roland Garros,Clay,128,G,O,20110522,92,Y061,12.0,,Mikhail Youzhny,R,183.0,RUS,28.906,13.0,2010.0,K926,,,Mikhail Kukushkin,R,183.0,KAZ,23.403,62.0,842.0,6-3 7-5 6-4,5,R64,165.0,4.0,3.0,93.0,55.0,45.0,20.0,16.0,6.0,7.0,5.0,1.0,107.0,54.0,32.0,30.0,15.0,9.0,13.0
2011-520,Roland Garros,Clay,128,G,O,20110522,93,G628,13.0,,Richard Gasquet,R,183.0,FRA,24.925,16.0,1755.0,G710,,,Marcel Granollers,R,191.0,ESP,25.109,47.0,988.0,4-6 6-3 6-2 6-4,5,R64,179.0,4.0,2.0,106.0,62.0,47.0,28.0,19.0,3.0,5.0,3.0,2.0,127.0,86.0,53.0,21.0,18.0,10.0,15.0
2011-520,Roland Garros,Clay,128,G,O,20110522,94,BD20,23.0,,Thomaz Bellucci,L,188.0,BRA,23.392,25.0,1395.0,SA93,,,Andreas Seppi,R,191.0,ITA,27.247,51.0,930.0,6-1 6-2 6-4,5,R64,90.0,10.0,2.0,67.0,40.0,35.0,19.0,13.0,2.0,2.0,3.0,4.0,71.0,37.0,23.0,14.0,12.0,0.0,5.0
2011-520,Roland Garros,Clay,128,G,O,20110522,95,D683,25.0,,Juan Martin del Potro,R,198.0,ARG,22.658,26.0,1355.0,K834,,,Blaz Kavcic,R,188.0,SLO,24.214,82.0,636.0,6-3 6-2 6-4,5,R64,132.0,3.0,5.0,84.0,50.0,38.0,14.0,14.0,4.0,7.0,5.0,4.0,80.0,48.0,30.0,10.0,13.0,5.0,12.0
2011-520,Roland Garros,Clay,128,G,O,20110522,96,D643,2.0,,Novak Djokovic,R,188.0,SRB,24.0,2.0,11665.0,H528,,,Victor Hanescu,R,198.0,ROU,29.834,60.0,850.0,6-4 6-1 2-3 RET,5,R64,89.0,2.0,0.0,54.0,40.0,35.0,11.0,11.0,0.0,0.0,3.0,0.0,74.0,46.0,29.0,15.0,11.0,5.0,8.0
2011-520,Roland Garros,Clay,128,G,O,20110522,97,N409,1.0,,Rafael Nadal,L,185.0,ESP,24.966,1.0,12070.0,V564,,Q,Antonio Veic,R,180.0,CRO,23.255,227.0,217.0,6-1 6-3 6-0,5,R32,101.0,1.0,0.0,66.0,48.0,30.0,14.0,11.0,3.0,5.0,0.0,1.0,56.0,33.0,11.0,5.0,11.0,1.0,10.0
2011-520,Roland Garros,Clay,128,G,O,20110522,98,L360,,,Ivan Ljubicic,R,193.0,CRO,32.175,37.0,1120.0,V306,16.0,,Fernando Verdasco,L,188.0,ESP,27.515,20.0,1515.0,6-3 7-6(6) 6-4,5,R32,134.0,11.0,2.0,95.0,63.0,55.0,14.0,16.0,0.0,2.0,3.0,4.0,95.0,69.0,41.0,17.0,15.0,3.0,7.0
2011-520,Roland Garros,Clay,128,G,O,20110522,99,SD32,18.0,,Gilles Simon,R,183.0,FRA,26.398,18.0,1565.0,F339,10.0,,Mardy Fish,R,188.0,USA,29.448,10.0,2395.0,6-3 6-4 6-2,5,R32,120.0,2.0,1.0,86.0,48.0,36.0,21.0,14.0,5.0,6.0,3.0,2.0,73.0,40.0,26.0,16.0,13.0,4.0,9.0
2011-520,Roland Garros,Clay,128,G,O,20110522,100,SA49,5.0,,Robin Soderling,R,193.0,SWE,26.768,5.0,5435.0,MD56,,Q,Leonardo Mayer,R,191.0,ARG,24.019,217.0,225.0,6-1 6-4 6-3,5,R32,109.0,6.0,0.0,81.0,50.0,36.0,17.0,13.0,1.0,3.0,6.0,1.0,81.0,57.0,31.0,10.0,13.0,4.0,11.0
2011-520,Roland Garros,Clay,128,G,O,20110522,101,MC10,4.0,,Andy Murray,R,191.0,GBR,24.019,4.0,6085.0,B678,,,Michael Berrer,L,193.0,GER,30.888,95.0,555.0,6-2 6-3 6-2,5,R32,127.0,7.0,0.0,79.0,53.0,41.0,11.0,13.0,1.0,2.0,1.0,5.0,91.0,57.0,32.0,15.0,12.0,14.0,20.0
2011-520,Roland Garros,Clay,128,G,O,20110522,102,T840,15.0,,Viktor Troicki,R,193.0,SRB,25.276,15.0,1840.0,D801,21.0,,Alexandr Dolgopolov,R,180.0,UKR,22.535,22.0,1450.0,6-4 3-6 6-3 6-4,5,R32,166.0,12.0,2.0,107.0,65.0,50.0,24.0,19.0,4.0,7.0,12.0,3.0,148.0,82.0,55.0,33.0,19.0,13.0,18.0
2011-520,Roland Garros,Clay,128,G,O,20110522,103,F444,,Q,Alejandro Falla,L,185.0,COL,27.518,120.0,462.0,K540,,Q,Lukasz Kubot,R,191.0,POL,29.016,122.0,458.0,6-7(4) 6-4 7-5 6-4,5,R32,227.0,5.0,1.0,131.0,79.0,53.0,31.0,22.0,3.0,7.0,8.0,7.0,162.0,104.0,71.0,23.0,22.0,11.0,18.0
2011-520,Roland Garros,Clay,128,G,O,20110522,104,C514,,,Juan Ignacio Chela,R,191.0,ARG,31.726,34.0,1160.0,R685,,Q,Lukas Rosol,R,193.0,CZE,25.826,111.0,476.0,6-2 6-4 3-6 7-6(5),5,R32,155.0,5.0,1.0,120.0,88.0,55.0,19.0,19.0,9.0,14.0,11.0,2.0,134.0,78.0,48.0,28.0,20.0,10.0,17.0
2011-520,Roland Garros,Clay,128,G,O,20110522,105,F401,7.0,,David Ferrer,R,175.0,ESP,29.136,7.0,4060.0,SC77,31.0,,Sergiy Stakhovsky,R,193.0,UKR,25.372,36.0,1145.0,6-1 6-1 6-3,5,R32,96.0,2.0,0.0,67.0,45.0,36.0,15.0,12.0,2.0,2.0,2.0,3.0,72.0,40.0,25.0,10.0,11.0,1.0,7.0
2011-520,Roland Garros,Clay,128,G,O,20110522,106,MC65,9.0,,Gael Monfils,R,193.0,FRA,24.72,9.0,2465.0,D632,,Q,Steve Darcis,R,175.0,BEL,27.19,135.0,426.0,6-3 6-4 7-5,5,R32,122.0,7.0,2.0,106.0,68.0,49.0,20.0,16.0,7.0,9.0,1.0,1.0,89.0,58.0,38.0,12.0,15.0,4.0,9.0
2011-520,Roland Garros,Clay,128,G,O,20110522,107,W367,14.0,,Stan Wawrinka,R,183.0,SUI,26.149,14.0,1920.0,T786,17.0,,Jo-Wilfried Tsonga,R,188.0,FRA,26.094,17.0,1570.0,4-6 6-7(3) 7-6(5) 6-2 6-3,5,R32,243.0,7.0,2.0,177.0,113.0,79.0,37.0,26.0,8.0,12.0,10.0,0.0,149.0,106.0,77.0,22.0,25.0,5.0,11.0
2011-520,Roland Garros,Clay,128,G,O,20110522,108,F324,3.0,,Roger Federer,R,185.0,SUI,29.785,3.0,8390.0,T742,29.0,,Janko Tipsarevic,R,180.0,SRB,26.913,32.0,1225.0,6-1 6-4 6-3,5,R32,90.0,10.0,2.0,76.0,51.0,43.0,14.0,13.0,1.0,1.0,1.0,1.0,71.0,36.0,28.0,13.0,13.0,1.0,6.0
2011-520,Roland Garros,Clay,128,G,O,20110522,109,F510,,,Fabio Fognini,R,178.0,ITA,23.995,49.0,960.0,G476,30.0,,Guillermo Garcia-Lopez,R,185.0,ESP,27.964,33.0,1205.0,4-6 6-3 6-3 6-1,5,R32,144.0,11.0,7.0,103.0,62.0,47.0,20.0,18.0,2.0,6.0,3.0,5.0,109.0,69.0,38.0,20.0,17.0,6.0,14.0
2011-520,Roland Garros,Clay,128,G,O,20110522,110,M824,,,Albert Montanes,R,175.0,ESP,30.483,38.0,1110.0,Y061,12.0,,Mikhail Youzhny,R,183.0,RUS,28.906,13.0,2010.0,6-1 7-6(0) 6-1,5,R32,138.0,5.0,3.0,99.0,51.0,34.0,30.0,14.0,9.0,11.0,2.0,6.0,79.0,45.0,25.0,13.0,12.0,1.0,7.0
2011-520,Roland Garros,Clay,128,G,O,20110522,111,G628,13.0,,Richard Gasquet,R,183.0,FRA,24.925,16.0,1755.0,BD20,23.0,,Thomaz Bellucci,L,188.0,BRA,23.392,25.0,1395.0,6-2 6-3 3-6 6-3,5,R32,164.0,10.0,1.0,107.0,70.0,50.0,21.0,18.0,2.0,5.0,3.0,3.0,112.0,66.0,41.0,20.0,17.0,10.0,16.0
2011-520,Roland Garros,Clay,128,G,O,20110522,112,D643,2.0,,Novak Djokovic,R,188.0,SRB,24.0,2.0,11665.0,D683,25.0,,Juan Martin del Potro,R,198.0,ARG,22.658,26.0,1355.0,6-3 3-6 6-3 6-2,5,R32,176.0,6.0,2.0,96.0,57.0,44.0,25.0,18.0,3.0,5.0,5.0,3.0,113.0,66.0,43.0,21.0,17.0,7.0,12.0
2011-520,Roland Garros,Clay,128,G,O,20110522,113,N409,1.0,,Rafael Nadal,L,185.0,ESP,24.966,1.0,12070.0,L360,,,Ivan Ljubicic,R,193.0,CRO,32.175,37.0,1120.0,7-5 6-3 6-3,5,R16,146.0,2.0,1.0,72.0,49.0,40.0,15.0,15.0,2.0,4.0,9.0,2.0,109.0,56.0,40.0,18.0,15.0,14.0,20.0
2011-520,Roland Garros,Clay,128,G,O,20110522,114,SA49,5.0,,Robin Soderling,R,193.0,SWE,26.768,5.0,5435.0,SD32,18.0,,Gilles Simon,R,183.0,FRA,26.398,18.0,1565.0,6-2 6-3 7-6(5),5,R16,136.0,4.0,5.0,99.0,54.0,41.0,25.0,14.0,6.0,7.0,6.0,4.0,90.0,53.0,36.0,18.0,15.0,3.0,8.0
2011-520,Roland Garros,Clay,128,G,O,20110522,115,MC10,4.0,,Andy Murray,R,191.0,GBR,24.019,4.0,6085.0,T840,15.0,,Viktor Troicki,R,193.0,SRB,25.276,15.0,1840.0,4-6 4-6 6-3 6-2 7-5,5,R16,236.0,12.0,1.0,150.0,85.0,65.0,27.0,25.0,6.0,13.0,4.0,3.0,174.0,111.0,67.0,28.0,24.0,14.0,23.0
2011-520,Roland Garros,Clay,128,G,O,20110522,116,C514,,,Juan Ignacio Chela,R,191.0,ARG,31.726,34.0,1160.0,F444,,Q,Alejandro Falla,L,185.0,COL,27.518,120.0,462.0,4-6 6-2 1-6 7-6(5) 6-2,5,R16,235.0,2.0,4.0,161.0,100.0,65.0,24.0,22.0,11.0,20.0,7.0,1.0,152.0,89.0,47.0,33.0,23.0,9.0,19.0
2011-520,Roland Garros,Clay,128,G,O,20110522,117,MC65,9.0,,Gael Monfils,R,193.0,FRA,24.72,9.0,2465.0,F401,7.0,,David Ferrer,R,175.0,ESP,29.136,7.0,4060.0,6-4 2-6 7-5 1-6 8-6,5,R16,247.0,11.0,5.0,147.0,86.0,62.0,27.0,25.0,2.0,10.0,5.0,5.0,182.0,107.0,74.0,32.0,26.0,15.0,22.0
2011-520,Roland Garros,Clay,128,G,O,20110522,118,F324,3.0,,Roger Federer,R,185.0,SUI,29.785,3.0,8390.0,W367,14.0,,Stan Wawrinka,R,183.0,SUI,26.149,14.0,1920.0,6-3 6-2 7-5,5,R16,106.0,8.0,2.0,77.0,49.0,40.0,18.0,15.0,1.0,2.0,5.0,1.0,83.0,59.0,38.0,11.0,14.0,1.0,6.0
2011-520,Roland Garros,Clay,128,G,O,20110522,119,F510,,,Fabio Fognini,R,178.0,ITA,23.995,49.0,960.0,M824,,,Albert Montanes,R,175.0,ESP,30.483,38.0,1110.0,4-6 6-4 3-6 6-3 11-9,5,R16,262.0,7.0,9.0,201.0,112.0,79.0,48.0,29.0,14.0,19.0,7.0,7.0,176.0,90.0,63.0,51.0,29.0,10.0,16.0
2011-520,Roland Garros,Clay,128,G,O,20110522,120,D643,2.0,,Novak Djokovic,R,188.0,SRB,24.0,2.0,11665.0,G628,13.0,,Richard Gasquet,R,183.0,FRA,24.925,16.0,1755.0,6-4 6-4 6-2,5,R16,107.0,8.0,0.0,70.0,49.0,44.0,14.0,14.0,3.0,3.0,6.0,2.0,86.0,53.0,35.0,15.0,14.0,4.0,8.0
2011-520,Roland Garros,Clay,128,G,O,20110522,121,N409,1.0,,Rafael Nadal,L,185.0,ESP,24.966,1.0,12070.0,SA49,5.0,,Robin Soderling,R,193.0,SWE,26.768,5.0,5435.0,6-4 6-1 7-6(3),5,QF,155.0,4.0,0.0,90.0,69.0,44.0,15.0,14.0,4.0,6.0,5.0,3.0,94.0,54.0,37.0,14.0,15.0,5.0,11.0
2011-520,Roland Garros,Clay,128,G,O,20110522,122,MC10,4.0,,Andy Murray,R,191.0,GBR,24.019,4.0,6085.0,C514,,,Juan Ignacio Chela,R,191.0,ARG,31.726,34.0,1160.0,7-6(2) 7-5 6-2,5,QF,173.0,9.0,4.0,118.0,61.0,41.0,29.0,16.0,12.0,17.0,2.0,5.0,115.0,73.0,40.0,16.0,16.0,8.0,16.0
2011-520,Roland Garros,Clay,128,G,O,20110522,123,F324,3.0,,Roger Federer,R,185.0,SUI,29.785,3.0,8390.0,MC65,9.0,,Gael Monfils,R,193.0,FRA,24.72,9.0,2465.0,6-4 6-3 7-6(3),5,QF,154.0,4.0,3.0,88.0,47.0,36.0,25.0,16.0,1.0,4.0,4.0,11.0,133.0,87.0,54.0,19.0,15.0,11.0,16.0
2011-520,Roland Garros,Clay,128,G,O,20110522,124,D643,2.0,,Novak Djokovic,R,188.0,SRB,24.0,2.0,11665.0,F510,,,Fabio Fognini,R,178.0,ITA,23.995,49.0,960.0,W/O,5,QF,,4.0,3.0,88.0,47.0,36.0,25.0,16.0,1.0,4.0,4.0,11.0,133.0,87.0,54.0,19.0,15.0,11.0,16.0
2011-520,Roland Garros,Clay,128,G,O,20110522,125,N409,1.0,,Rafael Nadal,L,185.0,ESP,24.966,1.0,12070.0,MC10,4.0,,Andy Murray,R,191.0,GBR,24.019,4.0,6085.0,6-4 7-5 6-4,5,SF,197.0,2.0,3.0,119.0,87.0,60.0,14.0,16.0,15.0,18.0,5.0,4.0,104.0,67.0,44.0,13.0,16.0,7.0,13.0
2011-520,Roland Garros,Clay,128,G,O,20110522,126,F324,3.0,,Roger Federer,R,185.0,SUI,29.785,3.0,8390.0,D643,2.0,,Novak Djokovic,R,188.0,SRB,24.0,2.0,11665.0,7-6(5) 6-3 3-6 7-6(5),5,SF,219.0,18.0,2.0,141.0,91.0,70.0,25.0,21.0,9.0,13.0,7.0,2.0,168.0,112.0,67.0,34.0,21.0,21.0,25.0
2011-520,Roland Garros,Clay,128,G,O,20110522,127,N409,1.0,,Rafael Nadal,L,185.0,ESP,24.966,1.0,12070.0,F324,3.0,,Roger Federer,R,185.0,SUI,29.785,3.0,8390.0,7-5 7-6(3) 5-7 6-1,5,F,220.0,4.0,3.0,147.0,106.0,69.0,21.0,22.0,10.0,15.0,11.0,1.0,126.0,80.0,55.0,18.0,21.0,8.0,15.0
2011-311,Queen's Club,Grass,56,250,O,20110606,1,E690,,Q,Matthew Ebden,R,188.0,AUS,23.526,168.0,341.0,D616,,,Somdev Devvarman,R,180.0,IND,26.308,67.0,724.0,7-5 6-3,3,R64,97.0,4.0,1.0,77.0,58.0,43.0,9.0,11.0,10.0,11.0,2.0,0.0,57.0,42.0,25.0,8.0,10.0,2.0,5.0
2011-311,Queen's Club,Grass,56,250,O,20110606,2,S694,,,Radek Stepanek,R,185.0,CZE,32.523,57.0,873.0,SC47,,,Go Soeda,R,178.0,JPN,26.749,130.0,434.0,6-1 6-3,3,R64,66.0,4.0,3.0,43.0,30.0,25.0,8.0,8.0,2.0,2.0,1.0,2.0,55.0,20.0,14.0,13.0,8.0,4.0,8.0
2011-311,Queen's Club,Grass,56,250,O,20110606,3,L360,16.0,,Ivan Ljubicic,R,193.0,CRO,32.216,37.0,1210.0,SG87,,,Ryan Sweeting,R,196.0,USA,23.896,66.0,726.0,7-6(6) 6-2,3,R64,74.0,11.0,1.0,58.0,37.0,28.0,14.0,10.0,0.0,1.0,4.0,5.0,66.0,42.0,27.0,11.0,10.0,2.0,5.0
2011-311,Queen's Club,Grass,56,250,O,20110606,4,L428,10.0,,Michael Llodra,L,191.0,FRA,31.05,25.0,1400.0,P605,,,Jaroslav Pospisil,R,175.0,CZE,30.319,123.0,457.0,6-3 6-2,3,R64,62.0,5.0,2.0,56.0,40.0,30.0,10.0,9.0,2.0,2.0,0.0,2.0,46.0,25.0,21.0,5.0,8.0,1.0,4.0
2011-311,Queen's Club,Grass,56,250,O,20110606,5,B747,,,Julien Benneteau,R,185.0,FRA,29.459,74.0,643.0,BC72,,,Daniel Brands,R,196.0,GER,23.888,133.0,428.0,6-7(6) 6-1 6-4,3,R64,110.0,15.0,2.0,87.0,66.0,52.0,12.0,15.0,1.0,2.0,11.0,4.0,96.0,66.0,43.0,13.0,14.0,4.0,8.0
2011-311,Queen's Club,Grass,56,250,O,20110606,6,B678,,,Michael Berrer,L,193.0,GER,30.93,79.0,635.0,H940,,WC,Ryan Harrison,R,185.0,USA,19.08,122.0,458.0,7-6(7) 2-6 7-5,3,R64,142.0,3.0,4.0,116.0,83.0,63.0,14.0,16.0,6.0,8.0,7.0,4.0,109.0,66.0,50.0,25.0,16.0,6.0,7.0
2011-311,Queen's Club,Grass,56,250,O,20110606,7,W503,,WC,James Ward,R,188.0,GBR,24.32,216.0,234.0,CB14,,WC,Daniel Cox,R,170.0,GBR,20.687,273.0,178.0,6-3 6-1,3,R64,61.0,8.0,1.0,41.0,26.0,21.0,12.0,8.0,0.0,0.0,2.0,4.0,59.0,33.0,18.0,12.0,8.0,3.0,7.0
2011-311,Queen's Club,Grass,56,250,O,20110606,8,S636,,,Rainer Schuettler,R,180.0,GER,35.113,101.0,549.0,R483,,Q,Bobby Reynolds,R,183.0,USA,28.887,141.0,409.0,6-1 6-1,3,R64,65.0,2.0,3.0,53.0,35.0,28.0,7.0,7.0,6.0,6.0,0.0,1.0,52.0,32.0,19.0,5.0,7.0,6.0,11.0
2011-311,Queen's Club,Grass,56,250,O,20110606,9,Q927,13.0,,Sam Querrey,R,198.0,USA,23.663,26.0,1360.0,N552,,,Kei Nishikori,R,178.0,JPN,21.435,60.0,857.0,6-3 6-4,3,R64,76.0,10.0,0.0,62.0,41.0,35.0,11.0,10.0,7.0,7.0,4.0,3.0,64.0,44.0,27.0,12.0,9.0,3.0,5.0
2011-311,Queen's Club,Grass,56,250,O,20110606,10,D683,12.0,,Juan Martin del Potro,R,198.0,ARG,22.7,22.0,1445.0,I165,,,Denis Istomin,R,185.0,UZB,24.745,61.0,840.0,6-4 6-2,3,R64,82.0,5.0,1.0,47.0,33.0,27.0,9.0,9.0,0.0,1.0,6.0,2.0,68.0,50.0,26.0,9.0,9.0,5.0,9.0
2011-311,Queen's Club,Grass,56,250,O,20110606,11,K403,,,Igor Kunitsyn,R,180.0,RUS,29.681,72.0,666.0,B842,,,Alex Bogomolov Jr.,R,178.0,RUS,28.12,81.0,625.0,6-4 6-6 RET,3,R64,100.0,7.0,0.0,69.0,38.0,27.0,22.0,11.0,5.0,6.0,3.0,0.0,82.0,66.0,38.0,10.0,11.0,9.0,11.0
2011-311,Queen's Club,Grass,56,250,O,20110606,12,ME82,,,Adrian Mannarino,L,180.0,FRA,22.935,54.0,898.0,G858,,,Ernests Gulbis,R,191.0,LAT,22.765,78.0,635.0,6-3 6-3,3,R64,61.0,3.0,1.0,48.0,25.0,22.0,16.0,9.0,1.0,1.0,5.0,2.0,59.0,39.0,27.0,6.0,9.0,4.0,7.0
2011-311,Queen's Club,Grass,56,250,O,20110606,13,M873,,,Nicolas Mahut,R,191.0,FRA,29.372,103.0,544.0,GC38,,WC,Oliver Golding,R,188.0,GBR,17.684,982.0,8.0,6-3 6-4,3,R64,70.0,9.0,1.0,57.0,41.0,34.0,11.0,10.0,3.0,3.0,5.0,5.0,61.0,35.0,27.0,11.0,9.0,3.0,5.0
2011-311,Queen's Club,Grass,56,250,O,20110606,14,BA57,,Q,Ilija Bozoljac,R,193.0,SRB,25.843,200.0,263.0,K926,,,Mikhail Kukushkin,R,183.0,KAZ,23.444,58.0,870.0,6-4 6-4,3,R64,70.0,10.0,2.0,56.0,37.0,32.0,10.0,10.0,0.0,0.0,1.0,0.0,64.0,39.0,26.0,14.0,10.0,2.0,4.0
2011-311,Queen's Club,Grass,56,250,O,20110606,15,N301,9.0,,David Nalbandian,R,180.0,ARG,29.426,24.0,1425.0,ME89,,,Illya Marchenko,R,185.0,UKR,23.743,108.0,497.0,6-3 6-4,3,R64,83.0,4.0,2.0,59.0,31.0,26.0,17.0,10.0,2.0,2.0,5.0,1.0,58.0,28.0,19.0,15.0,9.0,6.0,8.0
2011-311,Queen's Club,Grass,56,250,O,20110606,16,A678,15.0,,Kevin Anderson,R,203.0,RSA,25.051,39.0,1185.0,K336,,,Ivo Karlovic,R,211.0,CRO,32.268,144.0,397.0,6-4 7-6(2),3,R64,91.0,11.0,1.0,64.0,44.0,36.0,14.0,11.0,1.0,1.0,18.0,5.0,73.0,49.0,41.0,9.0,11.0,1.0,2.0
2011-311,Queen's Club,Grass,56,250,O,20110606,17,Y124,,,Donald Young,L,183.0,USA,21.87,124.0,456.0,H804,,,Andreas Haider-Maurer,R,191.0,AUT,24.208,85.0,619.0,6-4 6-7(5) 6-2,3,R64,114.0,7.0,2.0,99.0,71.0,50.0,16.0,15.0,6.0,8.0,5.0,4.0,97.0,57.0,39.0,18.0,15.0,2.0,7.0
2011-311,Queen's Club,Grass,56,250,O,20110606,18,L397,,,Feliciano Lopez,L,188.0,ESP,29.708,41.0,1065.0,T315,,,Dmitry Tursunov,R,185.0,RUS,28.482,70.0,689.0,7-6(4) 6-3,3,R64,91.0,18.0,2.0,75.0,53.0,42.0,11.0,11.0,4.0,5.0,8.0,1.0,62.0,42.0,29.0,11.0,10.0,3.0,5.0
2011-311,Queen's Club,Grass,56,250,O,20110606,19,C487,,Q,Arnaud Clement,R,173.0,FRA,33.467,146.0,394.0,PD31,,,Benoit Paire,R,196.0,FRA,22.078,116.0,475.0,7-5 6-3,3,R64,82.0,4.0,1.0,59.0,42.0,35.0,8.0,10.0,1.0,2.0,10.0,4.0,74.0,44.0,30.0,11.0,11.0,3.0,7.0
2011-311,Queen's Club,Grass,56,250,O,20110606,20,K771,,,Marsel Ilhan,R,191.0,TUR,23.986,112.0,488.0,H571,,,Jan Hajek,R,180.0,CZE,27.83,179.0,310.0,6-4 6-4,3,R64,83.0,12.0,1.0,71.0,52.0,38.0,9.0,10.0,2.0,2.0,2.0,2.0,80.0,56.0,34.0,14.0,10.0,4.0,6.0
2011-311,Queen's Club,Grass,56,250,O,20110606,21,BD20,11.0,,Thomaz Bellucci,L,188.0,BRA,23.433,30.0,1305.0,D875,,,Grigor Dimitrov,R,191.0,BUL,20.057,64.0,783.0,3-6 7-6(8) 6-2,3,R64,114.0,4.0,0.0,91.0,62.0,46.0,16.0,14.0,3.0,4.0,12.0,2.0,103.0,75.0,56.0,11.0,15.0,5.0,7.0
2011-311,Queen's Club,Grass,56,250,O,20110606,22,T742,14.0,,Janko Tipsarevic,R,180.0,SRB,26.954,31.0,1305.0,K834,,,Blaz Kavcic,R,188.0,SLO,24.255,76.0,642.0,6-4 6-4,3,R64,86.0,2.0,1.0,56.0,30.0,23.0,18.0,10.0,0.0,1.0,8.0,4.0,70.0,43.0,28.0,13.0,10.0,11.0,14.0
2011-311,Queen's Club,Grass,56,250,O,20110606,23,R368,,,Michael Russell,R,173.0,USA,33.098,91.0,573.0,G512,,,Denis Gremelmayr,L,183.0,GER,29.804,113.0,485.0,6-3 7-5,3,R64,77.0,6.0,4.0,63.0,42.0,28.0,11.0,11.0,2.0,5.0,3.0,2.0,66.0,36.0,19.0,13.0,10.0,6.0,11.0
2011-311,Queen's Club,Grass,56,250,O,20110606,24,M680,,,Xavier Malisse,R,185.0,BEL,30.88,40.0,1070.0,BC65,,,Matthias Bachinger,R,188.0,GER,24.178,92.0,573.0,6-4 6-4,3,R64,65.0,8.0,1.0,55.0,34.0,29.0,12.0,10.0,2.0,3.0,3.0,2.0,54.0,34.0,23.0,10.0,10.0,2.0,5.0
2011-311,Queen's Club,Grass,56,250,O,20110606,25,N409,1.0,,Rafael Nadal,L,185.0,ESP,25.008,1.0,12070.0,E690,,Q,Matthew Ebden,R,188.0,AUS,23.526,168.0,341.0,6-4 6-4,3,R32,75.0,6.0,2.0,58.0,36.0,29.0,13.0,10.0,1.0,1.0,7.0,2.0,55.0,32.0,26.0,10.0,10.0,1.0,3.0
2011-311,Queen's Club,Grass,56,250,O,20110606,26,S694,,,Radek Stepanek,R,185.0,CZE,32.523,57.0,873.0,L360,16.0,,Ivan Ljubicic,R,193.0,CRO,32.216,37.0,1210.0,0-6 7-5 6-4,3,R32,109.0,3.0,5.0,96.0,66.0,45.0,13.0,14.0,6.0,10.0,15.0,0.0,73.0,50.0,42.0,9.0,14.0,5.0,8.0
2011-311,Queen's Club,Grass,56,250,O,20110606,27,L428,10.0,,Michael Llodra,L,191.0,FRA,31.05,25.0,1400.0,B747,,,Julien Benneteau,R,185.0,FRA,29.459,74.0,643.0,6-4 7-5,3,R32,95.0,7.0,2.0,63.0,33.0,28.0,20.0,11.0,4.0,4.0,8.0,5.0,83.0,63.0,44.0,6.0,11.0,3.0,5.0
2011-311,Queen's Club,Grass,56,250,O,20110606,28,T786,5.0,,Jo-Wilfried Tsonga,R,188.0,FRA,26.136,19.0,1480.0,B678,,,Michael Berrer,L,193.0,GER,30.93,79.0,635.0,6-0 6-1,3,R32,47.0,6.0,3.0,43.0,26.0,21.0,10.0,7.0,2.0,2.0,1.0,4.0,32.0,17.0,6.0,6.0,6.0,2.0,7.0
2011-311,Queen's Club,Grass,56,250,O,20110606,29,W503,,WC,James Ward,R,188.0,GBR,24.32,216.0,234.0,W367,4.0,,Stan Wawrinka,R,183.0,SUI,26.19,14.0,1920.0,7-6(3) 6-3,3,R32,77.0,8.0,2.0,71.0,42.0,34.0,20.0,11.0,3.0,3.0,6.0,2.0,71.0,44.0,32.0,15.0,10.0,5.0,6.0
2011-311,Queen's Club,Grass,56,250,O,20110606,30,Q927,13.0,,Sam Querrey,R,198.0,USA,23.663,26.0,1360.0,S636,,,Rainer Schuettler,R,180.0,GER,35.113,101.0,549.0,7-6(6) 5-7 6-3,3,R32,139.0,15.0,1.0,106.0,65.0,53.0,23.0,17.0,2.0,4.0,7.0,6.0,139.0,97.0,68.0,18.0,16.0,14.0,16.0
2011-311,Queen's Club,Grass,56,250,O,20110606,31,D683,12.0,,Juan Martin del Potro,R,198.0,ARG,22.7,22.0,1445.0,K403,,,Igor Kunitsyn,R,180.0,RUS,29.681,72.0,666.0,6-4 6-4,3,R32,68.0,9.0,2.0,52.0,38.0,33.0,8.0,10.0,2.0,2.0,2.0,1.0,54.0,33.0,23.0,13.0,10.0,1.0,3.0
2011-311,Queen's Club,Grass,56,250,O,20110606,32,ME82,,,Adrian Mannarino,L,180.0,FRA,22.935,54.0,898.0,SD32,6.0,,Gilles Simon,R,183.0,FRA,26.439,16.0,1745.0,6-7(4) 6-4 3-0 RET,3,R32,127.0,0.0,1.0,89.0,55.0,36.0,12.0,13.0,4.0,9.0,3.0,3.0,96.0,50.0,31.0,16.0,12.0,11.0,18.0
2011-311,Queen's Club,Grass,56,250,O,20110606,33,V306,7.0,,Fernando Verdasco,L,188.0,ESP,27.556,23.0,1425.0,M873,,,Nicolas Mahut,R,191.0,FRA,29.372,103.0,544.0,6-2 6-3,3,R32,63.0,6.0,3.0,56.0,37.0,27.0,11.0,9.0,4.0,5.0,1.0,3.0,52.0,31.0,17.0,8.0,8.0,3.0,7.0
2011-311,Queen's Club,Grass,56,250,O,20110606,34,N301,9.0,,David Nalbandian,R,180.0,ARG,29.426,24.0,1425.0,BA57,,Q,Ilija Bozoljac,R,193.0,SRB,25.843,200.0,263.0,6-4 6-4,3,R32,72.0,6.0,2.0,58.0,37.0,28.0,12.0,10.0,2.0,3.0,6.0,6.0,67.0,32.0,22.0,15.0,10.0,6.0,9.0
2011-311,Queen's Club,Grass,56,250,O,20110606,35,A678,15.0,,Kevin Anderson,R,203.0,RSA,25.051,39.0,1185.0,Y124,,,Donald Young,L,183.0,USA,21.87,124.0,456.0,6-2 6-4,3,R32,72.0,9.0,2.0,62.0,44.0,35.0,7.0,9.0,2.0,2.0,4.0,3.0,60.0,41.0,26.0,9.0,9.0,4.0,7.0
2011-311,Queen's Club,Grass,56,250,O,20110606,36,R485,3.0,,Andy Roddick,R,188.0,USA,28.767,10.0,2200.0,L397,,,Feliciano Lopez,L,188.0,ESP,29.708,41.0,1065.0,7-6(2) 6-7(5) 6-4,3,R32,133.0,15.0,4.0,98.0,73.0,62.0,13.0,17.0,3.0,4.0,35.0,10.0,114.0,78.0,62.0,13.0,17.0,4.0,6.0
2011-311,Queen's Club,Grass,56,250,O,20110606,37,C977,8.0,,Marin Cilic,R,198.0,CRO,22.686,27.0,1345.0,C487,,Q,Arnaud Clement,R,173.0,FRA,33.467,146.0,394.0,6-4 6-4,3,R32,90.0,11.0,3.0,62.0,35.0,27.0,14.0,10.0,3.0,5.0,2.0,2.0,63.0,35.0,25.0,10.0,10.0,4.0,8.0
2011-311,Queen's Club,Grass,56,250,O,20110606,38,BD20,11.0,,Thomaz Bellucci,L,188.0,BRA,23.433,30.0,1305.0,K771,,,Marsel Ilhan,R,191.0,TUR,23.986,112.0,488.0,6-2 6-7(3) 7-6(5),3,R32,144.0,9.0,3.0,119.0,80.0,49.0,25.0,16.0,5.0,8.0,10.0,6.0,115.0,67.0,47.0,20.0,16.0,7.0,12.0
2011-311,Queen's Club,Grass,56,250,O,20110606,39,T742,14.0,,Janko Tipsarevic,R,180.0,SRB,26.954,31.0,1305.0,R368,,,Michael Russell,R,173.0,USA,33.098,91.0,573.0,7-6(3) 7-6(5),3,R32,116.0,6.0,3.0,82.0,52.0,43.0,14.0,12.0,2.0,3.0,3.0,3.0,84.0,57.0,44.0,13.0,12.0,4.0,5.0
2011-311,Queen's Club,Grass,56,250,O,20110606,40,MC10,2.0,,Andy Murray,R,191.0,GBR,24.06,4.0,6625.0,M680,,,Xavier Malisse,R,185.0,BEL,30.88,40.0,1070.0,6-3 5-7 6-3,3,R32,108.0,12.0,1.0,89.0,55.0,38.0,25.0,15.0,5.0,6.0,10.0,2.0,88.0,65.0,45.0,11.0,15.0,4.0,7.0
2011-311,Queen's Club,Grass,56,250,O,20110606,41,N409,1.0,,Rafael Nadal,L,185.0,ESP,25.008,1.0,12070.0,S694,,,Radek Stepanek,R,185.0,CZE,32.523,57.0,873.0,6-3 5-7 6-1,3,R16,144.0,7.0,4.0,102.0,65.0,40.0,21.0,14.0,13.0,16.0,1.0,2.0,91.0,60.0,38.0,10.0,14.0,9.0,15.0
2011-311,Queen's Club,Grass,56,250,O,20110606,42,T786,5.0,,Jo-Wilfried Tsonga,R,188.0,FRA,26.136,19.0,1480.0,L428,10.0,,Michael Llodra,L,191.0,FRA,31.05,25.0,1400.0,4-3 RET,3,R16,23.0,2.0,1.0,23.0,19.0,16.0,1.0,4.0,0.0,0.0,0.0,0.0,15.0,11.0,10.0,3.0,3.0,0.0,0.0
2011-311,Queen's Club,Grass,56,250,O,20110606,43,W503,,WC,James Ward,R,188.0,GBR,24.32,216.0,234.0,Q927,13.0,,Sam Querrey,R,198.0,USA,23.663,26.0,1360.0,3-6 6-3 6-4,3,R16,95.0,13.0,4.0,86.0,53.0,43.0,18.0,14.0,3.0,4.0,4.0,1.0,80.0,60.0,41.0,14.0,14.0,1.0,3.0
2011-311,Queen's Club,Grass,56,250,O,20110606,44,ME82,,,Adrian Mannarino,L,180.0,FRA,22.935,54.0,898.0,D683,12.0,,Juan Martin del Potro,R,198.0,ARG,22.7,22.0,1445.0,7-6(3) 7-6(7),3,R16,121.0,5.0,1.0,98.0,68.0,42.0,21.0,12.0,8.0,10.0,16.0,2.0,77.0,52.0,40.0,11.0,12.0,0.0,2.0
2011-311,Queen's Club,Grass,56,250,O,20110606,45,V306,7.0,,Fernando Verdasco,L,188.0,ESP,27.556,23.0,1425.0,N301,9.0,,David Nalbandian,R,180.0,ARG,29.426,24.0,1425.0,7-5 6-1,3,R16,74.0,9.0,3.0,59.0,39.0,31.0,14.0,10.0,4.0,4.0,2.0,2.0,58.0,32.0,21.0,13.0,9.0,4.0,7.0
2011-311,Queen's Club,Grass,56,250,O,20110606,46,R485,3.0,,Andy Roddick,R,188.0,USA,28.767,10.0,2200.0,A678,15.0,,Kevin Anderson,R,203.0,RSA,25.051,39.0,1185.0,6-4 6-4,3,R16,79.0,8.0,2.0,62.0,45.0,35.0,9.0,10.0,3.0,3.0,13.0,0.0,54.0,39.0,28.0,9.0,10.0,1.0,3.0
2011-311,Queen's Club,Grass,56,250,O,20110606,47,C977,8.0,,Marin Cilic,R,198.0,CRO,22.686,27.0,1345.0,BD20,11.0,,Thomaz Bellucci,L,188.0,BRA,23.433,30.0,1305.0,7-6(3) 0-6 6-3,3,R16,114.0,3.0,5.0,85.0,55.0,42.0,14.0,14.0,5.0,9.0,9.0,0.0,86.0,59.0,43.0,13.0,13.0,1.0,3.0
2011-311,Queen's Club,Grass,56,250,O,20110606,48,MC10,2.0,,Andy Murray,R,191.0,GBR,24.06,4.0,6625.0,T742,14.0,,Janko Tipsarevic,R,180.0,SRB,26.954,31.0,1305.0,6-4 7-6(3),3,R16,126.0,11.0,1.0,65.0,45.0,33.0,12.0,11.0,1.0,3.0,3.0,1.0,71.0,44.0,25.0,17.0,11.0,3.0,6.0
2011-311,Queen's Club,Grass,56,250,O,20110606,49,T786,5.0,,Jo-Wilfried Tsonga,R,188.0,FRA,26.136,19.0,1480.0,N409,1.0,,Rafael Nadal,L,185.0,ESP,25.008,1.0,12070.0,6-7(3) 6-4 6-1,3,QF,122.0,25.0,4.0,82.0,51.0,44.0,16.0,14.0,4.0,5.0,6.0,2.0,92.0,66.0,38.0,18.0,15.0,6.0,11.0
2011-311,Queen's Club,Grass,56,250,O,20110606,50,W503,,WC,James Ward,R,188.0,GBR,24.32,216.0,234.0,ME82,,,Adrian Mannarino,L,180.0,FRA,22.935,54.0,898.0,6-2 6-7(14) 6-4,3,QF,128.0,7.0,5.0,99.0,65.0,50.0,14.0,15.0,2.0,4.0,2.0,1.0,102.0,70.0,47.0,14.0,15.0,6.0,11.0
2011-311,Queen's Club,Grass,56,250,O,20110606,51,R485,3.0,,Andy Roddick,R,188.0,USA,28.767,10.0,2200.0,V306,7.0,,Fernando Verdasco,L,188.0,ESP,27.556,23.0,1425.0,6-2 6-2,3,QF,65.0,3.0,2.0,50.0,33.0,24.0,11.0,8.0,0.0,0.0,5.0,3.0,52.0,30.0,18.0,9.0,8.0,7.0,11.0
2011-311,Queen's Club,Grass,56,250,O,20110606,52,MC10,2.0,,Andy Murray,R,191.0,GBR,24.06,4.0,6625.0,C977,8.0,,Marin Cilic,R,198.0,CRO,22.686,27.0,1345.0,W/O,3,QF,,3.0,2.0,50.0,33.0,24.0,11.0,8.0,0.0,0.0,5.0,3.0,52.0,30.0,18.0,9.0,8.0,7.0,11.0
2011-311,Queen's Club,Grass,56,250,O,20110606,53,T786,5.0,,Jo-Wilfried Tsonga,R,188.0,FRA,26.136,19.0,1480.0,W503,,WC,James Ward,R,188.0,GBR,24.32,216.0,234.0,6-3 7-6(7),3,SF,82.0,14.0,6.0,65.0,45.0,41.0,9.0,11.0,2.0,3.0,7.0,0.0,73.0,46.0,34.0,14.0,10.0,4.0,6.0
2011-311,Queen's Club,Grass,56,250,O,20110606,54,MC10,2.0,,Andy Murray,R,191.0,GBR,24.06,4.0,6625.0,R485,3.0,,Andy Roddick,R,188.0,USA,28.767,10.0,2200.0,6-3 6-1,3,SF,59.0,13.0,0.0,41.0,22.0,18.0,14.0,8.0,0.0,0.0,3.0,1.0,46.0,38.0,20.0,4.0,8.0,2.0,6.0
2011-311,Queen's Club,Grass,56,250,O,20110606,55,MC10,2.0,,Andy Murray,R,191.0,GBR,24.06,4.0,6625.0,T786,5.0,,Jo-Wilfried Tsonga,R,188.0,FRA,26.136,19.0,1480.0,3-6 7-6(2) 6-4,3,F,146.0,11.0,3.0,85.0,54.0,45.0,17.0,15.0,2.0,3.0,10.0,1.0,113.0,69.0,52.0,22.0,16.0,9.0,10.0
2011-500,Halle,Grass,32,250,O,20110606,1,H432,,,Lleyton Hewitt,R,178.0,AUS,30.278,73.0,645.0,MD56,,LL,Leonardo Mayer,R,191.0,ARG,24.06,206.0,256.0,6-2 6-3,3,R32,69.0,6.0,2.0,53.0,32.0,25.0,14.0,9.0,3.0,3.0,2.0,1.0,51.0,30.0,18.0,11.0,8.0,1.0,4.0
2011-500,Halle,Grass,32,250,O,20110606,2,SA93,,,Andreas Seppi,R,191.0,ITA,27.288,51.0,935.0,H355,,WC,Tommy Haas,R,188.0,GER,33.175,896.0,10.0,6-2 6-7(6) 6-3,3,R32,126.0,5.0,2.0,103.0,65.0,47.0,21.0,15.0,7.0,9.0,4.0,6.0,89.0,60.0,40.0,13.0,14.0,7.0,12.0
2011-500,Halle,Grass,32,250,O,20110606,3,K435,,,Philipp Kohlschreiber,R,178.0,GER,27.639,49.0,955.0,SK94,,Q,Cedrik-Marcel Stebe,L,180.0,GER,20.657,210.0,246.0,6-4 3-6 6-1,3,R32,129.0,5.0,4.0,76.0,47.0,36.0,15.0,13.0,3.0,5.0,4.0,3.0,92.0,56.0,39.0,13.0,13.0,8.0,12.0
2011-500,Halle,Grass,32,250,O,20110606,4,D801,7.0,,Alexandr Dolgopolov,R,180.0,UKR,22.576,21.0,1450.0,H756,,,Robin Haase,R,191.0,NED,24.167,59.0,859.0,6-7(4) 6-4 6-4,3,R32,111.0,9.0,4.0,80.0,49.0,41.0,17.0,16.0,0.0,3.0,12.0,4.0,103.0,64.0,46.0,17.0,16.0,3.0,8.0
2011-500,Halle,Grass,32,250,O,20110606,5,MC65,3.0,,Gael Monfils,R,193.0,FRA,24.761,8.0,2780.0,S963,,Q,Florent Serra,R,180.0,FRA,30.267,129.0,434.0,6-4 6-3,3,R32,57.0,14.0,2.0,48.0,29.0,26.0,12.0,9.0,0.0,0.0,2.0,0.0,63.0,45.0,32.0,7.0,10.0,4.0,7.0
2011-500,Halle,Grass,32,250,O,20110606,6,D646,,,Ivan Dodig,R,183.0,CRO,26.423,43.0,1018.0,R750,,,Pere Riba,R,183.0,ESP,23.162,65.0,761.0,7-6(4) 7-6(6),3,R32,106.0,13.0,2.0,78.0,57.0,44.0,13.0,12.0,1.0,1.0,13.0,6.0,108.0,65.0,50.0,19.0,12.0,7.0,7.0
2011-500,Halle,Grass,32,250,O,20110606,7,L575,,,Yen-Hsun Lu,R,180.0,TPE,27.811,53.0,900.0,N289,,,Jarkko Nieminen,L,185.0,FIN,29.87,50.0,936.0,7-6(2) 6-3,3,R32,91.0,4.0,2.0,75.0,55.0,40.0,14.0,11.0,0.0,0.0,6.0,1.0,63.0,37.0,27.0,14.0,10.0,2.0,3.0
2011-500,Halle,Grass,32,250,O,20110606,8,MB02,6.0,,Florian Mayer,R,191.0,GER,27.669,18.0,1600.0,BA65,,WC,Dustin Brown,R,196.0,JAM,26.491,111.0,490.0,7-6(6) 2-6 6-3,3,R32,80.0,7.0,1.0,79.0,58.0,47.0,13.0,15.0,1.0,3.0,20.0,6.0,85.0,55.0,49.0,10.0,14.0,1.0,2.0
2011-500,Halle,Grass,32,250,O,20110606,9,R975,8.0,,Milos Raonic,R,196.0,CAN,20.441,28.0,1334.0,A596,,,Pablo Andujar,R,180.0,ESP,25.366,48.0,960.0,6-3 6-1,3,R32,66.0,12.0,2.0,42.0,25.0,22.0,11.0,8.0,0.0,0.0,2.0,2.0,61.0,33.0,20.0,12.0,8.0,3.0,7.0
2011-500,Halle,Grass,32,250,O,20110606,10,K839,,,Tobias Kamke,R,178.0,GER,25.043,88.0,598.0,R782,,,Julian Reister,R,188.0,GER,25.177,136.0,417.0,4-3 RET,3,R32,30.0,2.0,3.0,22.0,10.0,6.0,6.0,3.0,1.0,2.0,0.0,3.0,26.0,15.0,9.0,4.0,4.0,2.0,4.0
2011-500,Halle,Grass,32,250,O,20110606,11,G676,,,Daniel Gimeno-Traver,R,183.0,ESP,25.829,56.0,874.0,G806,,,Andrey Golubev,R,180.0,KAZ,23.874,44.0,1000.0,1-6 7-6(5) 6-2,3,R32,113.0,10.0,3.0,72.0,44.0,35.0,17.0,13.0,2.0,4.0,1.0,3.0,88.0,46.0,30.0,26.0,14.0,5.0,7.0
2011-500,Halle,Grass,32,250,O,20110606,12,P624,,,Philipp Petzschner,R,185.0,GER,27.201,71.0,685.0,M836,,LL,Dominik Meffert,R,196.0,GER,30.157,204.0,260.0,6-2 7-6(5),3,R32,79.0,7.0,0.0,61.0,36.0,28.0,15.0,10.0,2.0,4.0,7.0,4.0,66.0,45.0,29.0,10.0,10.0,5.0,9.0
2011-500,Halle,Grass,32,250,O,20110606,13,T840,5.0,,Viktor Troicki,R,193.0,SRB,25.317,12.0,1930.0,Z168,,WC,Mischa Zverev,L,191.0,GER,23.789,100.0,549.0,6-2 6-3,3,R32,52.0,4.0,3.0,54.0,36.0,28.0,12.0,9.0,3.0,3.0,1.0,0.0,43.0,31.0,18.0,8.0,8.0,0.0,3.0
2011-500,Halle,Grass,32,250,O,20110606,14,A511,,,Igor Andreev,R,185.0,RUS,27.896,83.0,620.0,S843,,,Potito Starace,R,188.0,ITA,29.895,47.0,980.0,6-4 6-4,3,R32,69.0,8.0,0.0,50.0,34.0,27.0,13.0,10.0,0.0,0.0,6.0,1.0,71.0,51.0,33.0,10.0,10.0,5.0,7.0
2011-500,Halle,Grass,32,250,O,20110606,15,H442,,Q,Jan Hernych,R,188.0,CZE,31.915,218.0,227.0,SC77,,,Sergiy Stakhovsky,R,193.0,UKR,25.413,36.0,1225.0,6-3 6-7(5) 7-6(8),3,R32,161.0,3.0,3.0,126.0,88.0,63.0,20.0,16.0,19.0,20.0,13.0,4.0,137.0,92.0,65.0,20.0,17.0,7.0,10.0
2011-500,Halle,Grass,32,250,O,20110606,16,BA47,2.0,,Tomas Berdych,R,196.0,CZE,25.717,7.0,3490.0,BE54,,Q,Ruben Bemelmans,L,183.0,BEL,23.392,169.0,340.0,5-7 7-6(8) 6-4,3,R32,136.0,10.0,2.0,97.0,57.0,48.0,26.0,17.0,1.0,2.0,5.0,2.0,119.0,78.0,57.0,24.0,17.0,8.0,9.0
2011-500,Halle,Grass,32,250,O,20110606,17,H432,,,Lleyton Hewitt,R,178.0,AUS,30.278,73.0,645.0,SA93,,,Andreas Seppi,R,191.0,ITA,27.288,51.0,935.0,6-4 6-4,3,R16,81.0,3.0,2.0,56.0,32.0,27.0,12.0,10.0,1.0,2.0,9.0,0.0,60.0,36.0,27.0,9.0,10.0,1.0,4.0
2011-500,Halle,Grass,32,250,O,20110606,18,K435,,,Philipp Kohlschreiber,R,178.0,GER,27.639,49.0,955.0,D801,7.0,,Alexandr Dolgopolov,R,180.0,UKR,22.576,21.0,1450.0,6-3 7-6(5),3,R16,77.0,5.0,1.0,63.0,35.0,30.0,18.0,11.0,0.0,0.0,9.0,3.0,63.0,35.0,24.0,18.0,10.0,3.0,4.0
2011-500,Halle,Grass,32,250,O,20110606,19,MC65,3.0,,Gael Monfils,R,193.0,FRA,24.761,8.0,2780.0,D646,,,Ivan Dodig,R,183.0,CRO,26.423,43.0,1018.0,6-2 6-3,3,R16,52.0,2.0,2.0,40.0,25.0,21.0,9.0,8.0,1.0,2.0,1.0,1.0,52.0,32.0,18.0,8.0,9.0,0.0,5.0
2011-500,Halle,Grass,32,250,O,20110606,20,MB02,6.0,,Florian Mayer,R,191.0,GER,27.669,18.0,1600.0,L575,,,Yen-Hsun Lu,R,180.0,TPE,27.811,53.0,900.0,7-6(4) 3-6 6-4,3,R16,135.0,13.0,3.0,114.0,70.0,51.0,22.0,15.0,8.0,9.0,4.0,4.0,100.0,70.0,54.0,14.0,16.0,5.0,6.0
2011-500,Halle,Grass,32,250,O,20110606,21,R975,8.0,,Milos Raonic,R,196.0,CAN,20.441,28.0,1334.0,K839,,,Tobias Kamke,R,178.0,GER,25.043,88.0,598.0,7-6(2) 6-3,3,R16,72.0,14.0,0.0,56.0,42.0,38.0,11.0,11.0,1.0,1.0,3.0,1.0,55.0,31.0,24.0,16.0,10.0,0.0,1.0
2011-500,Halle,Grass,32,250,O,20110606,22,P624,,,Philipp Petzschner,R,185.0,GER,27.201,71.0,685.0,G676,,,Daniel Gimeno-Traver,R,183.0,ESP,25.829,56.0,874.0,6-2 6-4,3,R16,72.0,7.0,0.0,52.0,32.0,24.0,13.0,9.0,2.0,3.0,4.0,2.0,63.0,44.0,26.0,7.0,9.0,3.0,7.0
2011-500,Halle,Grass,32,250,O,20110606,23,T840,5.0,,Viktor Troicki,R,193.0,SRB,25.317,12.0,1930.0,A511,,,Igor Andreev,R,185.0,RUS,27.896,83.0,620.0,6-3 6-1,3,R16,53.0,5.0,4.0,42.0,24.0,19.0,10.0,8.0,1.0,2.0,1.0,4.0,46.0,27.0,13.0,7.0,8.0,1.0,6.0
2011-500,Halle,Grass,32,250,O,20110606,24,BA47,2.0,,Tomas Berdych,R,196.0,CZE,25.717,7.0,3490.0,H442,,Q,Jan Hernych,R,188.0,CZE,31.915,218.0,227.0,6-3 7-6(7),3,R16,107.0,11.0,1.0,87.0,54.0,40.0,17.0,11.0,6.0,7.0,6.0,0.0,88.0,64.0,39.0,13.0,10.0,8.0,10.0
2011-500,Halle,Grass,32,250,O,20110606,25,K435,,,Philipp Kohlschreiber,R,178.0,GER,27.639,49.0,955.0,H432,,,Lleyton Hewitt,R,178.0,AUS,30.278,73.0,645.0,7-6(4) 6-3,3,QF,91.0,14.0,1.0,66.0,43.0,33.0,15.0,11.0,0.0,0.0,9.0,2.0,68.0,39.0,26.0,18.0,10.0,5.0,6.0
2011-500,Halle,Grass,32,250,O,20110606,26,MC65,3.0,,Gael Monfils,R,193.0,FRA,24.761,8.0,2780.0,MB02,6.0,,Florian Mayer,R,191.0,GER,27.669,18.0,1600.0,6-4 6-4,3,QF,65.0,5.0,0.0,57.0,38.0,29.0,12.0,10.0,2.0,3.0,2.0,2.0,51.0,34.0,23.0,9.0,10.0,1.0,4.0
2011-500,Halle,Grass,32,250,O,20110606,27,P624,,,Philipp Petzschner,R,185.0,GER,27.201,71.0,685.0,R975,8.0,,Milos Raonic,R,196.0,CAN,20.441,28.0,1334.0,6-3 6-7(6) 6-3,3,QF,114.0,8.0,3.0,99.0,60.0,49.0,24.0,16.0,3.0,3.0,8.0,4.0,94.0,61.0,46.0,17.0,14.0,5.0,7.0
2011-500,Halle,Grass,32,250,O,20110606,28,BA47,2.0,,Tomas Berdych,R,196.0,CZE,25.717,7.0,3490.0,T840,5.0,,Viktor Troicki,R,193.0,SRB,25.317,12.0,1930.0,7-6(3) 6-1,3,QF,81.0,13.0,2.0,70.0,45.0,33.0,16.0,10.0,3.0,3.0,11.0,2.0,61.0,41.0,27.0,9.0,9.0,3.0,5.0
2011-500,Halle,Grass,32,250,O,20110606,29,K435,,,Philipp Kohlschreiber,R,178.0,GER,27.639,49.0,955.0,MC65,3.0,,Gael Monfils,R,193.0,FRA,24.761,8.0,2780.0,6-3 6-3,3,SF,78.0,1.0,2.0,52.0,27.0,24.0,13.0,9.0,0.0,0.0,0.0,6.0,64.0,39.0,22.0,14.0,9.0,5.0,8.0
2011-500,Halle,Grass,32,250,O,20110606,30,P624,,,Philipp Petzschner,R,185.0,GER,27.201,71.0,685.0,BA47,2.0,,Tomas Berdych,R,196.0,CZE,25.717,7.0,3490.0,7-6(7) 2-6 6-3,3,SF,139.0,15.0,5.0,121.0,71.0,49.0,23.0,15.0,8.0,12.0,11.0,3.0,84.0,50.0,37.0,18.0,14.0,0.0,3.0
2011-500,Halle,Grass,32,250,O,20110606,31,K435,,,Philipp Kohlschreiber,R,178.0,GER,27.639,49.0,955.0,P624,,,Philipp Petzschner,R,185.0,GER,27.201,71.0,685.0,7-6(5) 2-0 RET,3,F,62.0,9.0,1.0,41.0,31.0,26.0,6.0,7.0,0.0,0.0,6.0,3.0,56.0,34.0,24.0,10.0,7.0,1.0,2.0
2011-440,'s-Hertogenbosch,Grass,32,250,O,20110612,1,B678,,,Michael Berrer,L,193.0,GER,30.946,75.0,635.0,A479,1.0,,Nicolas Almagro,R,183.0,ESP,25.807,15.0,1875.0,3-6 7-6(5) 6-4,3,R32,98.0,7.0,2.0,88.0,56.0,45.0,23.0,15.0,2.0,3.0,15.0,4.0,87.0,48.0,41.0,27.0,16.0,3.0,4.0
2011-440,'s-Hertogenbosch,Grass,32,250,O,20110612,2,G725,,,Santiago Giraldo,R,188.0,COL,23.54,63.0,790.0,R368,,,Michael Russell,R,173.0,USA,33.114,91.0,573.0,7-6(4) 6-3,3,R32,91.0,0.0,1.0,67.0,44.0,33.0,14.0,11.0,1.0,2.0,5.0,1.0,70.0,45.0,31.0,11.0,10.0,2.0,4.0
2011-440,'s-Hertogenbosch,Grass,32,250,O,20110612,3,T315,,,Dmitry Tursunov,R,185.0,RUS,28.498,70.0,684.0,K448,,,Robert Kendrick,R,191.0,USA,31.573,95.0,556.0,6-2 7-6(3),3,R32,70.0,6.0,3.0,57.0,35.0,30.0,11.0,10.0,0.0,1.0,7.0,3.0,59.0,34.0,21.0,14.0,10.0,3.0,6.0
2011-440,'s-Hertogenbosch,Grass,32,250,O,20110612,4,M873,,,Nicolas Mahut,R,191.0,FRA,29.388,99.0,539.0,ME82,6.0,,Adrian Mannarino,L,180.0,FRA,22.951,53.0,923.0,7-6(2) 6-3,3,R32,81.0,6.0,3.0,61.0,39.0,26.0,12.0,10.0,0.0,2.0,1.0,5.0,65.0,39.0,26.0,11.0,11.0,1.0,5.0
2011-440,'s-Hertogenbosch,Grass,32,250,O,20110612,5,M680,3.0,,Xavier Malisse,R,185.0,BEL,30.897,41.0,1035.0,F444,,Q,Alejandro Falla,L,185.0,COL,27.576,86.0,610.0,6-3 6-1,3,R32,56.0,3.0,0.0,42.0,28.0,19.0,9.0,8.0,0.0,1.0,0.0,2.0,47.0,25.0,13.0,8.0,8.0,6.0,11.0
2011-440,'s-Hertogenbosch,Grass,32,250,O,20110612,6,H704,,WC,Jesse Huta Galung,R,,NED,25.681,116.0,474.0,R782,,,Julian Reister,R,188.0,GER,25.194,135.0,417.0,6-2 3-6 7-5,3,R32,126.0,4.0,4.0,90.0,48.0,35.0,23.0,14.0,5.0,7.0,4.0,2.0,97.0,68.0,47.0,12.0,15.0,3.0,7.0
2011-440,'s-Hertogenbosch,Grass,32,250,O,20110612,7,V254,,,Filippo Volandri,R,183.0,ITA,29.766,84.0,615.0,M708,,,Ricardo Mello,L,175.0,BRA,30.472,90.0,574.0,6-4 7-6(5),3,R32,93.0,4.0,3.0,68.0,49.0,34.0,11.0,11.0,2.0,4.0,4.0,2.0,95.0,59.0,33.0,21.0,11.0,6.0,9.0
2011-440,'s-Hertogenbosch,Grass,32,250,O,20110612,8,B842,,,Alex Bogomolov Jr.,R,178.0,RUS,28.137,80.0,624.0,CA12,7.0,,Jeremy Chardy,R,188.0,FRA,24.329,52.0,930.0,3-6 6-4 7-6(7),3,R32,145.0,3.0,3.0,115.0,90.0,60.0,10.0,16.0,6.0,9.0,9.0,4.0,117.0,62.0,40.0,32.0,15.0,9.0,11.0
2011-440,'s-Hertogenbosch,Grass,32,250,O,20110612,9,MI08,,WC,Javier Marti,R,,ESP,19.417,234.0,210.0,G676,8.0,,Daniel Gimeno-Traver,R,183.0,ESP,25.845,56.0,874.0,6-3 7-6(4),3,R32,89.0,0.0,1.0,70.0,49.0,38.0,12.0,11.0,2.0,3.0,8.0,2.0,70.0,40.0,31.0,13.0,10.0,3.0,5.0
2011-440,'s-Hertogenbosch,Grass,32,250,O,20110612,10,G681,,,Teymuraz Gabashvili,R,185.0,GEO,26.053,142.0,405.0,K776,,Q,Konstantin Kravchuk,R,191.0,RUS,26.297,156.0,362.0,6-4 1-6 6-4,3,R32,121.0,1.0,3.0,73.0,48.0,35.0,11.0,13.0,1.0,4.0,9.0,4.0,90.0,56.0,40.0,17.0,14.0,6.0,9.0
2011-440,'s-Hertogenbosch,Grass,32,250,O,20110612,11,H804,,,Andreas Haider-Maurer,R,191.0,AUT,24.225,83.0,619.0,K834,,,Blaz Kavcic,R,188.0,SLO,24.271,72.0,642.0,6-4 6-7(3) 6-4,3,R32,126.0,9.0,4.0,88.0,52.0,48.0,20.0,16.0,0.0,0.0,6.0,7.0,99.0,61.0,47.0,22.0,16.0,4.0,6.0
2011-440,'s-Hertogenbosch,Grass,32,250,O,20110612,12,D646,4.0,,Ivan Dodig,R,183.0,CRO,26.439,42.0,1029.0,H528,,,Victor Hanescu,R,198.0,ROU,29.892,62.0,805.0,6-4 7-5,3,R32,98.0,10.0,1.0,85.0,62.0,44.0,13.0,11.0,7.0,7.0,2.0,2.0,66.0,40.0,30.0,14.0,11.0,3.0,5.0
2011-440,'s-Hertogenbosch,Grass,32,250,O,20110612,13,N289,5.0,,Jarkko Nieminen,L,185.0,FIN,29.886,50.0,936.0,G585,,,Maximo Gonzalez,R,173.0,ARG,27.896,76.0,634.0,7-5 6-1,3,R32,70.0,1.0,0.0,55.0,44.0,28.0,8.0,10.0,2.0,4.0,2.0,3.0,58.0,44.0,21.0,5.0,9.0,3.0,8.0
2011-440,'s-Hertogenbosch,Grass,32,250,O,20110612,14,G512,,,Denis Gremelmayr,L,183.0,GER,29.821,110.0,485.0,W394,,Q,Ludovic Walter,,,FRA,28.435,287.0,165.0,6-3 7-6(5),3,R32,72.0,8.0,1.0,63.0,39.0,34.0,16.0,11.0,2.0,2.0,11.0,2.0,54.0,37.0,33.0,10.0,10.0,0.0,1.0
2011-440,'s-Hertogenbosch,Grass,32,250,O,20110612,15,H756,,,Robin Haase,R,191.0,NED,24.183,58.0,859.0,Z168,,,Mischa Zverev,L,191.0,GER,23.806,103.0,508.0,6-3 6-4,3,R32,67.0,7.0,2.0,57.0,32.0,26.0,14.0,10.0,2.0,3.0,1.0,3.0,64.0,38.0,26.0,12.0,9.0,7.0,10.0
2011-440,'s-Hertogenbosch,Grass,32,250,O,20110612,16,B837,2.0,,Marcos Baghdatis,R,178.0,CYP,25.985,31.0,1250.0,C487,,Q,Arnaud Clement,R,173.0,FRA,33.484,138.0,409.0,7-6(4) 6-3,3,R32,95.0,7.0,1.0,73.0,43.0,36.0,12.0,11.0,4.0,6.0,3.0,4.0,67.0,35.0,28.0,13.0,10.0,5.0,8.0
2011-440,'s-Hertogenbosch,Grass,32,250,O,20110612,17,G725,,,Santiago Giraldo,R,188.0,COL,23.54,63.0,790.0,B678,,,Michael Berrer,L,193.0,GER,30.946,75.0,635.0,7-6(6) 6-3,3,R16,103.0,1.0,0.0,79.0,60.0,41.0,11.0,11.0,6.0,8.0,2.0,2.0,72.0,40.0,28.0,15.0,10.0,7.0,10.0
2011-440,'s-Hertogenbosch,Grass,32,250,O,20110612,18,T315,,,Dmitry Tursunov,R,185.0,RUS,28.498,70.0,684.0,M873,,,Nicolas Mahut,R,191.0,FRA,29.388,99.0,539.0,7-6(2) 3-6 6-3,3,R16,149.0,11.0,2.0,102.0,59.0,43.0,24.0,15.0,7.0,9.0,12.0,1.0,107.0,63.0,45.0,22.0,15.0,7.0,9.0
2011-440,'s-Hertogenbosch,Grass,32,250,O,20110612,19,M680,3.0,,Xavier Malisse,R,185.0,BEL,30.897,41.0,1035.0,H704,,WC,Jesse Huta Galung,R,,NED,25.681,116.0,474.0,7-6(2) 6-4,3,R16,97.0,7.0,1.0,72.0,41.0,33.0,16.0,11.0,7.0,8.0,11.0,5.0,80.0,42.0,32.0,16.0,11.0,5.0,7.0
2011-440,'s-Hertogenbosch,Grass,32,250,O,20110612,20,B842,,,Alex Bogomolov Jr.,R,178.0,RUS,28.137,80.0,624.0,V254,,,Filippo Volandri,R,183.0,ITA,29.766,84.0,615.0,7-6(2) 6-2,3,R16,84.0,2.0,2.0,59.0,39.0,29.0,14.0,10.0,3.0,4.0,1.0,8.0,74.0,48.0,32.0,11.0,10.0,7.0,10.0
2011-440,'s-Hertogenbosch,Grass,32,250,O,20110612,21,G681,,,Teymuraz Gabashvili,R,185.0,GEO,26.053,142.0,405.0,MI08,,WC,Javier Marti,R,,ESP,19.417,234.0,210.0,7-6(6) 6-3,3,R16,102.0,1.0,1.0,62.0,39.0,29.0,12.0,11.0,0.0,3.0,4.0,3.0,78.0,45.0,26.0,17.0,10.0,6.0,10.0
2011-440,'s-Hertogenbosch,Grass,32,250,O,20110612,22,D646,4.0,,Ivan Dodig,R,183.0,CRO,26.439,42.0,1029.0,H804,,,Andreas Haider-Maurer,R,191.0,AUT,24.225,83.0,619.0,6-4 6-3,3,R16,84.0,5.0,2.0,56.0,36.0,26.0,11.0,9.0,2.0,3.0,4.0,3.0,64.0,39.0,24.0,9.0,10.0,2.0,6.0
2011-440,'s-Hertogenbosch,Grass,32,250,O,20110612,23,G512,,,Denis Gremelmayr,L,183.0,GER,29.821,110.0,485.0,N289,5.0,,Jarkko Nieminen,L,185.0,FIN,29.886,50.0,936.0,7-6(3) 2-6 7-6(5),3,R16,140.0,7.0,5.0,129.0,70.0,47.0,28.0,16.0,5.0,11.0,8.0,0.0,107.0,74.0,47.0,18.0,16.0,2.0,6.0
2011-440,'s-Hertogenbosch,Grass,32,250,O,20110612,24,B837,2.0,,Marcos Baghdatis,R,178.0,CYP,25.985,31.0,1250.0,H756,,,Robin Haase,R,191.0,NED,24.183,58.0,859.0,7-5 6-4,3,R16,80.0,5.0,4.0,67.0,38.0,33.0,15.0,11.0,3.0,3.0,10.0,3.0,66.0,43.0,33.0,11.0,11.0,0.0,2.0
2011-440,'s-Hertogenbosch,Grass,32,250,O,20110612,25,T315,,,Dmitry Tursunov,R,185.0,RUS,28.498,70.0,684.0,G725,,,Santiago Giraldo,R,188.0,COL,23.54,63.0,790.0,6-3 4-6 6-4,3,QF,118.0,9.0,2.0,91.0,61.0,47.0,13.0,15.0,2.0,5.0,5.0,1.0,86.0,68.0,46.0,8.0,14.0,3.0,7.0
2011-440,'s-Hertogenbosch,Grass,32,250,O,20110612,26,M680,3.0,,Xavier Malisse,R,185.0,BEL,30.897,41.0,1035.0,B842,,,Alex Bogomolov Jr.,R,178.0,RUS,28.137,80.0,624.0,6-2 6-4,3,QF,83.0,5.0,3.0,65.0,34.0,28.0,12.0,9.0,10.0,12.0,0.0,3.0,56.0,35.0,18.0,8.0,9.0,1.0,6.0
2011-440,'s-Hertogenbosch,Grass,32,250,O,20110612,27,D646,4.0,,Ivan Dodig,R,183.0,CRO,26.439,42.0,1029.0,G681,,,Teymuraz Gabashvili,R,185.0,GEO,26.053,142.0,405.0,2-6 6-1 6-2,3,QF,118.0,16.0,3.0,79.0,51.0,39.0,12.0,12.0,5.0,7.0,1.0,1.0,87.0,51.0,31.0,18.0,11.0,5.0,9.0
2011-440,'s-Hertogenbosch,Grass,32,250,O,20110612,28,B837,2.0,,Marcos Baghdatis,R,178.0,CYP,25.985,31.0,1250.0,G512,,,Denis Gremelmayr,L,183.0,GER,29.821,110.0,485.0,6-1 6-0,3,QF,47.0,4.0,2.0,35.0,21.0,19.0,7.0,6.0,2.0,2.0,4.0,0.0,45.0,33.0,14.0,2.0,7.0,8.0,14.0
2011-440,'s-Hertogenbosch,Grass,32,250,O,20110612,29,T315,,,Dmitry Tursunov,R,185.0,RUS,28.498,70.0,684.0,M680,3.0,,Xavier Malisse,R,185.0,BEL,30.897,41.0,1035.0,6-3 7-6(1),3,SF,104.0,2.0,8.0,63.0,37.0,25.0,9.0,10.0,0.0,3.0,5.0,2.0,74.0,41.0,30.0,17.0,11.0,3.0,5.0
2011-440,'s-Hertogenbosch,Grass,32,250,O,20110612,30,D646,4.0,,Ivan Dodig,R,183.0,CRO,26.439,42.0,1029.0,B837,2.0,,Marcos Baghdatis,R,178.0,CYP,25.985,31.0,1250.0,7-6(4) 6-1,3,SF,89.0,4.0,2.0,67.0,43.0,30.0,15.0,9.0,2.0,3.0,1.0,4.0,62.0,40.0,26.0,10.0,10.0,0.0,4.0
2011-440,'s-Hertogenbosch,Grass,32,250,O,20110612,31,T315,,,Dmitry Tursunov,R,185.0,RUS,28.498,70.0,684.0,D646,4.0,,Ivan Dodig,R,183.0,CRO,26.439,42.0,1029.0,6-3 6-2,3,F,76.0,2.0,3.0,60.0,41.0,31.0,10.0,9.0,3.0,3.0,7.0,1.0,51.0,33.0,20.0,8.0,8.0,4.0,7.0
2011-741,Eastbourne,Grass,32,250,O,20110612,1,T786,1.0,,Jo-Wilfried Tsonga,R,188.0,FRA,26.152,19.0,1585.0,I165,,,Denis Istomin,R,185.0,UZB,24.761,61.0,840.0,6-2 7-5,3,R32,91.0,8.0,0.0,61.0,38.0,28.0,13.0,10.0,5.0,6.0,7.0,3.0,75.0,52.0,36.0,6.0,10.0,14.0,18.0
2011-741,Eastbourne,Grass,32,250,O,20110612,2,S694,,,Radek Stepanek,R,185.0,CZE,32.539,57.0,873.0,F454,,WC,Colin Fleming,R,188.0,GBR,26.828,722.0,21.0,6-3 6-4,3,R32,85.0,3.0,2.0,63.0,44.0,26.0,12.0,9.0,5.0,7.0,3.0,0.0,65.0,43.0,28.0,6.0,10.0,6.0,11.0
2011-741,Eastbourne,Grass,32,250,O,20110612,3,N552,,,Kei Nishikori,R,178.0,JPN,21.451,59.0,857.0,K777,,Q,Evgeny Kirillov,R,,RUS,23.912,378.0,106.0,7-5 6-1,3,R32,59.0,5.0,1.0,58.0,34.0,25.0,18.0,10.0,4.0,4.0,4.0,0.0,50.0,29.0,19.0,11.0,9.0,2.0,5.0
2011-741,Eastbourne,Grass,32,250,O,20110612,4,S636,,Q,Rainer Schuettler,R,180.0,GER,35.129,118.0,469.0,SC77,5.0,,Sergiy Stakhovsky,R,193.0,UKR,25.429,35.0,1225.0,6-3 6-2,3,R32,58.0,1.0,0.0,54.0,36.0,29.0,11.0,9.0,1.0,1.0,2.0,0.0,41.0,25.0,18.0,6.0,8.0,3.0,6.0
2011-741,Eastbourne,Grass,32,250,O,20110612,5,T742,3.0,,Janko Tipsarevic,R,180.0,SRB,26.971,30.0,1305.0,W503,,,James Ward,R,188.0,GBR,24.337,176.0,324.0,6-3 4-6 6-2,3,R32,111.0,4.0,1.0,85.0,49.0,36.0,24.0,14.0,5.0,6.0,10.0,6.0,89.0,57.0,39.0,14.0,13.0,7.0,10.0
2011-741,Eastbourne,Grass,32,250,O,20110612,6,K926,,,Mikhail Kukushkin,R,183.0,KAZ,23.461,60.0,847.0,L575,,,Yen-Hsun Lu,R,180.0,TPE,27.828,54.0,920.0,6-3 6-3,3,R32,74.0,0.0,0.0,45.0,26.0,18.0,11.0,9.0,1.0,3.0,2.0,2.0,69.0,49.0,25.0,8.0,9.0,8.0,13.0
2011-741,Eastbourne,Grass,32,250,O,20110612,7,D875,,,Grigor Dimitrov,R,191.0,BUL,20.074,64.0,781.0,E687,,WC,Daniel Evans,R,175.0,GBR,21.054,305.0,149.0,2-6 7-6(5) 6-4,3,R32,100.0,11.0,6.0,103.0,68.0,53.0,15.0,15.0,6.0,9.0,4.0,6.0,85.0,56.0,44.0,18.0,15.0,2.0,4.0
2011-741,Eastbourne,Grass,32,250,O,20110612,8,A678,6.0,,Kevin Anderson,R,203.0,RSA,25.068,38.0,1185.0,SE83,,Q,Alexander Slabinsky,R,185.0,GBR,25.268,558.0,47.0,7-5 6-3,3,R32,75.0,16.0,1.0,50.0,34.0,31.0,13.0,11.0,0.0,0.0,7.0,3.0,65.0,37.0,32.0,10.0,10.0,4.0,6.0
2011-741,Eastbourne,Grass,32,250,O,20110612,9,K403,,,Igor Kunitsyn,R,180.0,RUS,29.697,71.0,666.0,A596,7.0,,Pablo Andujar,R,180.0,ESP,25.383,49.0,960.0,7-5 6-1,3,R32,78.0,3.0,0.0,56.0,43.0,30.0,9.0,10.0,2.0,3.0,0.0,1.0,60.0,33.0,20.0,11.0,9.0,6.0,10.0
2011-741,Eastbourne,Grass,32,250,O,20110612,10,ME89,,LL,Illya Marchenko,R,185.0,UKR,23.759,106.0,497.0,G717,,,Fred Gil,R,173.0,POR,26.218,73.0,641.0,6-1 6-3,3,R32,59.0,6.0,1.0,47.0,30.0,21.0,14.0,8.0,3.0,3.0,1.0,0.0,46.0,30.0,15.0,9.0,8.0,2.0,6.0
2011-741,Eastbourne,Grass,32,250,O,20110612,11,B747,,,Julien Benneteau,R,185.0,FRA,29.476,77.0,633.0,SG87,,,Ryan Sweeting,R,196.0,USA,23.912,67.0,726.0,6-2 7-6(4),3,R32,81.0,4.0,2.0,60.0,41.0,29.0,12.0,10.0,1.0,2.0,4.0,5.0,68.0,38.0,26.0,13.0,10.0,7.0,10.0
2011-741,Eastbourne,Grass,32,250,O,20110612,12,D616,,,Somdev Devvarman,R,180.0,IND,26.324,68.0,724.0,G476,4.0,,Guillermo Garcia-Lopez,R,185.0,ESP,28.022,32.0,1250.0,6-3 6-4,3,R32,89.0,7.0,1.0,76.0,43.0,31.0,17.0,10.0,9.0,10.0,3.0,2.0,54.0,29.0,20.0,11.0,9.0,0.0,3.0
2011-741,Eastbourne,Grass,32,250,O,20110612,13,Y124,,Q,Donald Young,L,183.0,USA,21.886,123.0,460.0,CB14,,WC,Daniel Cox,R,170.0,GBR,20.704,272.0,176.0,6-1 7-5,3,R32,71.0,6.0,3.0,64.0,48.0,36.0,9.0,10.0,3.0,3.0,3.0,8.0,65.0,40.0,26.0,11.0,9.0,5.0,8.0
2011-741,Eastbourne,Grass,32,250,O,20110612,14,SA93,,,Andreas Seppi,R,191.0,ITA,27.305,51.0,935.0,K839,,,Tobias Kamke,R,178.0,GER,25.06,87.0,603.0,3-6 6-1 6-4,3,R32,85.0,0.0,1.0,72.0,50.0,37.0,15.0,13.0,2.0,3.0,1.0,4.0,69.0,42.0,35.0,10.0,13.0,3.0,6.0
2011-741,Eastbourne,Grass,32,250,O,20110612,15,R397,,,Olivier Rochus,R,168.0,BEL,30.396,89.0,598.0,H432,,,Lleyton Hewitt,R,178.0,AUS,30.294,130.0,440.0,6-2 3-0 RET,3,R32,48.0,2.0,1.0,26.0,16.0,12.0,8.0,5.0,0.0,0.0,3.0,2.0,45.0,24.0,13.0,7.0,6.0,7.0,11.0
2011-741,Eastbourne,Grass,32,250,O,20110612,16,B884,,,Carlos Berlocq,R,183.0,ARG,28.353,69.0,717.0,D801,2.0,,Alexandr Dolgopolov,R,180.0,UKR,22.593,21.0,1450.0,7-5 6-2,3,R32,72.0,6.0,1.0,64.0,41.0,29.0,13.0,10.0,2.0,4.0,5.0,2.0,63.0,35.0,23.0,10.0,10.0,5.0,10.0
2011-741,Eastbourne,Grass,32,250,O,20110612,17,S694,,,Radek Stepanek,R,185.0,CZE,32.539,57.0,873.0,T786,1.0,,Jo-Wilfried Tsonga,R,188.0,FRA,26.152,19.0,1585.0,6-2 6-3,3,R16,60.0,3.0,1.0,46.0,35.0,28.0,5.0,8.0,0.0,0.0,4.0,0.0,58.0,37.0,20.0,12.0,9.0,2.0,6.0
2011-741,Eastbourne,Grass,32,250,O,20110612,18,N552,,,Kei Nishikori,R,178.0,JPN,21.451,59.0,857.0,S636,,Q,Rainer Schuettler,R,180.0,GER,35.129,118.0,469.0,6-4 4-6 6-2,3,R16,106.0,3.0,2.0,80.0,51.0,35.0,19.0,14.0,0.0,2.0,3.0,3.0,84.0,56.0,35.0,13.0,14.0,5.0,9.0
2011-741,Eastbourne,Grass,32,250,O,20110612,19,T742,3.0,,Janko Tipsarevic,R,180.0,SRB,26.971,30.0,1305.0,K926,,,Mikhail Kukushkin,R,183.0,KAZ,23.461,60.0,847.0,6-3 7-6(2),3,R16,107.0,6.0,3.0,62.0,28.0,24.0,25.0,11.0,4.0,4.0,4.0,1.0,78.0,45.0,28.0,20.0,10.0,7.0,8.0
2011-741,Eastbourne,Grass,32,250,O,20110612,20,D875,,,Grigor Dimitrov,R,191.0,BUL,20.074,64.0,781.0,A678,6.0,,Kevin Anderson,R,203.0,RSA,25.068,38.0,1185.0,6-3 6-2,3,R16,61.0,8.0,5.0,49.0,27.0,23.0,14.0,9.0,0.0,0.0,8.0,1.0,50.0,36.0,21.0,8.0,8.0,4.0,7.0
2011-741,Eastbourne,Grass,32,250,O,20110612,21,K403,,,Igor Kunitsyn,R,180.0,RUS,29.697,71.0,666.0,ME89,,LL,Illya Marchenko,R,185.0,UKR,23.759,106.0,497.0,6-3 1-6 6-2,3,R16,92.0,3.0,2.0,68.0,42.0,29.0,12.0,12.0,6.0,10.0,7.0,4.0,61.0,36.0,26.0,11.0,12.0,0.0,5.0
2011-741,Eastbourne,Grass,32,250,O,20110612,22,B747,,,Julien Benneteau,R,185.0,FRA,29.476,77.0,633.0,D616,,,Somdev Devvarman,R,180.0,IND,26.324,68.0,724.0,7-6(1) 6-7(6) 6-3,3,R16,154.0,3.0,2.0,95.0,70.0,49.0,18.0,16.0,5.0,7.0,7.0,2.0,118.0,71.0,49.0,22.0,17.0,6.0,10.0
2011-741,Eastbourne,Grass,32,250,O,20110612,23,SA93,,,Andreas Seppi,R,191.0,ITA,27.305,51.0,935.0,Y124,,Q,Donald Young,L,183.0,USA,21.886,123.0,460.0,7-6(1) 6-3,3,R16,72.0,8.0,1.0,71.0,49.0,38.0,13.0,11.0,3.0,4.0,4.0,2.0,51.0,42.0,31.0,4.0,10.0,0.0,2.0
2011-741,Eastbourne,Grass,32,250,O,20110612,24,R397,,,Olivier Rochus,R,168.0,BEL,30.396,89.0,598.0,B884,,,Carlos Berlocq,R,183.0,ARG,28.353,69.0,717.0,3-6 7-6(5) 7-6(3),3,R16,186.0,1.0,3.0,105.0,77.0,55.0,18.0,16.0,5.0,8.0,27.0,3.0,115.0,76.0,61.0,18.0,17.0,4.0,6.0
2011-741,Eastbourne,Grass,32,250,O,20110612,25,N552,,,Kei Nishikori,R,178.0,JPN,21.451,59.0,857.0,S694,,,Radek Stepanek,R,185.0,CZE,32.539,57.0,873.0,6-2 6-3,3,QF,86.0,2.0,4.0,69.0,41.0,26.0,14.0,9.0,9.0,11.0,0.0,4.0,58.0,35.0,19.0,8.0,8.0,5.0,10.0
2011-741,Eastbourne,Grass,32,250,O,20110612,26,T742,3.0,,Janko Tipsarevic,R,180.0,SRB,26.971,30.0,1305.0,D875,,,Grigor Dimitrov,R,191.0,BUL,20.074,64.0,781.0,6-3 7-6(2),3,QF,88.0,3.0,1.0,69.0,44.0,28.0,14.0,10.0,6.0,9.0,4.0,8.0,70.0,41.0,26.0,10.0,11.0,1.0,6.0
2011-741,Eastbourne,Grass,32,250,O,20110612,27,K403,,,Igor Kunitsyn,R,180.0,RUS,29.697,71.0,666.0,B747,,,Julien Benneteau,R,185.0,FRA,29.476,77.0,633.0,6-3 6-2,3,QF,75.0,4.0,2.0,56.0,34.0,26.0,14.0,9.0,2.0,2.0,2.0,3.0,49.0,25.0,16.0,12.0,8.0,2.0,5.0
2011-741,Eastbourne,Grass,32,250,O,20110612,28,SA93,,,Andreas Seppi,R,191.0,ITA,27.305,51.0,935.0,R397,,,Olivier Rochus,R,168.0,BEL,30.396,89.0,598.0,6-2 6-7(5) 6-3,3,QF,116.0,10.0,2.0,91.0,53.0,43.0,23.0,15.0,2.0,2.0,2.0,1.0,86.0,51.0,34.0,19.0,14.0,2.0,5.0
2011-741,Eastbourne,Grass,32,250,O,20110612,29,T742,3.0,,Janko Tipsarevic,R,180.0,SRB,26.971,30.0,1305.0,N552,,,Kei Nishikori,R,178.0,JPN,21.451,59.0,857.0,6-2 6-4,3,SF,78.0,3.0,0.0,50.0,31.0,26.0,12.0,9.0,1.0,1.0,4.0,3.0,57.0,39.0,25.0,9.0,9.0,3.0,6.0
2011-741,Eastbourne,Grass,32,250,O,20110612,30,SA93,,,Andreas Seppi,R,191.0,ITA,27.305,51.0,935.0,K403,,,Igor Kunitsyn,R,180.0,RUS,29.697,71.0,666.0,6-4 2-6 6-4,3,SF,126.0,8.0,6.0,96.0,59.0,42.0,15.0,14.0,9.0,13.0,8.0,2.0,98.0,71.0,41.0,15.0,14.0,8.0,12.0
2011-741,Eastbourne,Grass,32,250,O,20110612,31,SA93,,,Andreas Seppi,R,191.0,ITA,27.305,51.0,935.0,T742,3.0,,Janko Tipsarevic,R,180.0,SRB,26.971,30.0,1305.0,7-6(5) 3-6 5-3 RET,3,F,155.0,4.0,1.0,91.0,58.0,43.0,13.0,14.0,2.0,7.0,6.0,3.0,109.0,71.0,44.0,19.0,15.0,5.0,10.0
2011-540,Wimbledon,Grass,128,G,O,20110620,1,N409,1.0,,Rafael Nadal,L,185.0,ESP,25.046,1.0,12070.0,R368,,,Michael Russell,R,173.0,USA,33.136,90.0,573.0,6-4 6-2 6-2,5,R128,118.0,4.0,2.0,70.0,47.0,36.0,13.0,13.0,1.0,3.0,2.0,2.0,82.0,56.0,28.0,13.0,13.0,3.0,10.0
2011-540,Wimbledon,Grass,128,G,O,20110620,2,SG87,,,Ryan Sweeting,R,196.0,USA,23.934,69.0,726.0,A596,,,Pablo Andujar,R,180.0,ESP,25.405,50.0,960.0,3-6 4-6 6-1 7-6(1) 6-1,5,R128,224.0,3.0,8.0,142.0,81.0,56.0,31.0,23.0,10.0,16.0,1.0,8.0,169.0,101.0,62.0,29.0,22.0,10.0,18.0
2011-540,Wimbledon,Grass,128,G,O,20110620,3,MA30,,WC,Gilles Muller,L,193.0,LUX,28.115,92.0,566.0,H355,,,Tommy Haas,R,188.0,GER,33.213,895.0,10.0,7-6(5) 7-6(3) 3-6 6-3,5,R128,162.0,37.0,2.0,131.0,100.0,78.0,19.0,21.0,5.0,7.0,16.0,3.0,135.0,94.0,66.0,31.0,21.0,5.0,7.0
2011-540,Wimbledon,Grass,128,G,O,20110620,4,R975,31.0,,Milos Raonic,R,196.0,CAN,20.479,25.0,1354.0,G436,,LL,Marc Gicquel,R,188.0,FRA,34.223,119.0,463.0,6-3 7-6(3) 6-3,5,R128,96.0,25.0,0.0,87.0,57.0,49.0,21.0,16.0,1.0,1.0,5.0,2.0,86.0,55.0,39.0,18.0,14.0,1.0,3.0
2011-540,Wimbledon,Grass,128,G,O,20110620,5,D683,24.0,,Juan Martin del Potro,R,198.0,ARG,22.738,21.0,1445.0,C723,,Q,Flavio Cipolla,R,173.0,ITA,27.666,112.0,483.0,6-1 6-4 6-3,5,R128,99.0,14.0,1.0,67.0,46.0,41.0,10.0,13.0,2.0,3.0,1.0,5.0,75.0,49.0,29.0,10.0,13.0,3.0,9.0
2011-540,Wimbledon,Grass,128,G,O,20110620,6,R397,,,Olivier Rochus,R,168.0,BEL,30.418,73.0,643.0,D750,,Q,Kenny De Schepper,L,203.0,FRA,24.06,234.0,212.0,6-7(6) 3-6 6-3 6-1 6-4,5,R128,189.0,4.0,7.0,153.0,87.0,65.0,38.0,24.0,4.0,6.0,35.0,14.0,147.0,91.0,77.0,19.0,23.0,9.0,14.0
2011-540,Wimbledon,Grass,128,G,O,20110620,7,SC56,,WC,Dudi Sela,R,175.0,ISR,26.209,84.0,603.0,G717,,,Fred Gil,R,173.0,POR,26.24,91.0,571.0,6-4 6-1 6-4,5,R128,112.0,4.0,3.0,86.0,54.0,46.0,14.0,14.0,2.0,3.0,0.0,0.0,93.0,63.0,39.0,13.0,13.0,7.0,12.0
2011-540,Wimbledon,Grass,128,G,O,20110620,8,SD32,15.0,,Gilles Simon,R,183.0,FRA,26.478,16.0,1745.0,R613,,Q,Edouard Roger-Vasselin,R,185.0,FRA,27.559,145.0,393.0,4-6 6-4 6-3 7-6(3),5,R128,179.0,7.0,1.0,135.0,72.0,54.0,36.0,21.0,7.0,10.0,2.0,4.0,141.0,95.0,65.0,19.0,20.0,13.0,17.0
2011-540,Wimbledon,Grass,128,G,O,20110620,9,F339,10.0,,Mardy Fish,R,188.0,USA,29.528,9.0,2335.0,G710,,,Marcel Granollers,R,191.0,ESP,25.188,48.0,977.0,7-6(3) 7-6(5) 6-4,5,R128,142.0,26.0,1.0,95.0,69.0,58.0,18.0,17.0,0.0,0.0,2.0,1.0,124.0,74.0,59.0,22.0,17.0,2.0,3.0
2011-540,Wimbledon,Grass,128,G,O,20110620,10,I165,,,Denis Istomin,R,185.0,UZB,24.783,65.0,770.0,K435,,,Philipp Kohlschreiber,R,178.0,GER,27.677,39.0,1160.0,4-6 6-3 6-3 6-3,5,R128,145.0,18.0,3.0,107.0,70.0,61.0,18.0,19.0,3.0,4.0,7.0,4.0,121.0,71.0,50.0,26.0,18.0,3.0,7.0
2011-540,Wimbledon,Grass,128,G,O,20110620,11,H756,,,Robin Haase,R,191.0,NED,24.205,58.0,879.0,R750,,,Pere Riba,R,183.0,ESP,23.201,71.0,701.0,6-4 6-4 6-4,5,R128,90.0,25.0,1.0,86.0,63.0,52.0,12.0,15.0,4.0,5.0,9.0,9.0,101.0,65.0,49.0,10.0,15.0,5.0,9.0
2011-540,Wimbledon,Grass,128,G,O,20110620,12,V306,21.0,,Fernando Verdasco,L,188.0,ESP,27.595,22.0,1425.0,S694,,,Radek Stepanek,R,185.0,CZE,32.561,60.0,873.0,2-6 4-6 6-3 7-6(6) 9-7,5,R128,236.0,12.0,8.0,190.0,125.0,95.0,27.0,28.0,12.0,17.0,6.0,4.0,159.0,111.0,87.0,23.0,27.0,1.0,5.0
2011-540,Wimbledon,Grass,128,G,O,20110620,13,C514,25.0,,Juan Ignacio Chela,R,191.0,ARG,31.806,20.0,1475.0,ME05,,Q,Marinko Matosevic,R,193.0,AUS,25.864,150.0,375.0,6-4 6-4 6-7(6) 6-2,5,R128,163.0,3.0,2.0,121.0,66.0,45.0,34.0,20.0,6.0,11.0,7.0,3.0,147.0,97.0,59.0,19.0,20.0,10.0,19.0
2011-540,Wimbledon,Grass,128,G,O,20110620,14,B842,,,Alex Bogomolov Jr.,R,178.0,RUS,28.159,72.0,661.0,Y124,,,Donald Young,L,183.0,USA,21.908,111.0,485.0,7-5 4-6 6-3 6-1,5,R128,170.0,7.0,5.0,117.0,93.0,66.0,12.0,19.0,6.0,9.0,10.0,8.0,142.0,86.0,54.0,23.0,19.0,11.0,18.0
2011-540,Wimbledon,Grass,128,G,O,20110620,15,B747,,,Julien Benneteau,R,185.0,FRA,29.498,77.0,633.0,BE54,,Q,Ruben Bemelmans,L,183.0,BEL,23.431,163.0,346.0,6-4 6-2 3-6 4-6 6-1,5,R128,160.0,22.0,4.0,124.0,88.0,72.0,18.0,22.0,4.0,6.0,7.0,5.0,136.0,85.0,64.0,25.0,22.0,8.0,13.0
2011-540,Wimbledon,Grass,128,G,O,20110620,16,BA47,6.0,,Tomas Berdych,R,196.0,CZE,25.755,7.0,3490.0,V254,,,Filippo Volandri,R,183.0,ITA,29.788,81.0,618.0,6-2 6-2 6-1,5,R128,94.0,12.0,1.0,62.0,33.0,29.0,19.0,12.0,0.0,0.0,1.0,8.0,84.0,47.0,27.0,15.0,11.0,8.0,14.0
2011-540,Wimbledon,Grass,128,G,O,20110620,17,MC10,4.0,,Andy Murray,R,191.0,GBR,24.099,4.0,6855.0,G676,,,Daniel Gimeno-Traver,R,183.0,ESP,25.867,59.0,874.0,4-6 6-3 6-0 6-0,5,R128,128.0,13.0,1.0,84.0,59.0,53.0,12.0,16.0,2.0,3.0,2.0,2.0,101.0,54.0,30.0,21.0,15.0,8.0,15.0
2011-540,Wimbledon,Grass,128,G,O,20110620,18,K839,,,Tobias Kamke,R,178.0,GER,25.081,83.0,603.0,K834,,,Blaz Kavcic,R,188.0,SLO,24.293,74.0,642.0,6-3 7-6(4) 5-7 6-1,5,R128,172.0,5.0,7.0,153.0,93.0,67.0,26.0,21.0,8.0,13.0,2.0,12.0,118.0,66.0,43.0,21.0,19.0,5.0,12.0
2011-540,Wimbledon,Grass,128,G,O,20110620,19,SC77,,,Sergiy Stakhovsky,R,193.0,UKR,25.451,46.0,995.0,CB14,,WC,Daniel Cox,R,170.0,GBR,20.726,273.0,176.0,6-2 6-4 6-4,5,R128,95.0,6.0,2.0,74.0,45.0,36.0,21.0,14.0,0.0,0.0,2.0,3.0,81.0,49.0,30.0,20.0,14.0,10.0,14.0
2011-540,Wimbledon,Grass,128,G,O,20110620,20,L360,,,Ivan Ljubicic,R,193.0,CRO,32.255,33.0,1210.0,C977,27.0,,Marin Cilic,R,198.0,CRO,22.724,26.0,1345.0,7-6(2) 3-6 6-3 6-4,5,R128,165.0,21.0,2.0,122.0,69.0,56.0,28.0,20.0,9.0,12.0,9.0,3.0,109.0,61.0,45.0,28.0,20.0,2.0,6.0
2011-540,Wimbledon,Grass,128,G,O,20110620,21,G628,17.0,,Richard Gasquet,R,183.0,FRA,25.005,13.0,1925.0,G725,,,Santiago Giraldo,R,188.0,COL,23.562,64.0,790.0,7-5 6-3 7-6(3),5,R128,123.0,13.0,3.0,108.0,73.0,48.0,19.0,17.0,8.0,12.0,9.0,1.0,100.0,72.0,41.0,14.0,16.0,6.0,12.0
2011-540,Wimbledon,Grass,128,G,O,20110620,22,K403,,,Igor Kunitsyn,R,180.0,RUS,29.719,66.0,746.0,SF36,,Q,Igor Sijsling,R,191.0,NED,23.838,188.0,288.0,6-3 6-4 6-2,5,R128,98.0,4.0,1.0,88.0,55.0,47.0,15.0,14.0,3.0,3.0,16.0,3.0,75.0,47.0,37.0,9.0,13.0,5.0,9.0
2011-540,Wimbledon,Grass,128,G,O,20110620,23,BA98,,LL,Simone Bolelli,R,183.0,ITA,25.697,116.0,470.0,F580,,Q,Martin Fischer,R,180.0,AUT,24.914,151.0,372.0,7-5 6-4 6-4,5,R128,138.0,7.0,2.0,97.0,63.0,47.0,19.0,16.0,7.0,9.0,2.0,1.0,103.0,72.0,43.0,15.0,16.0,3.0,8.0
2011-540,Wimbledon,Grass,128,G,O,20110620,24,W367,14.0,,Stan Wawrinka,R,183.0,SUI,26.229,14.0,1900.0,S843,,,Potito Starace,R,188.0,ITA,29.933,49.0,960.0,6-3 6-4 6-4,5,R128,102.0,11.0,1.0,78.0,47.0,40.0,21.0,15.0,0.0,0.0,1.0,2.0,106.0,73.0,47.0,14.0,14.0,13.0,16.0
2011-540,Wimbledon,Grass,128,G,O,20110620,25,MC65,9.0,,Gael Monfils,R,193.0,FRA,24.799,8.0,2780.0,BC65,,,Matthias Bachinger,R,188.0,GER,24.216,98.0,551.0,6-4 7-6(3) 6-3,5,R128,110.0,14.0,5.0,99.0,71.0,55.0,12.0,16.0,3.0,6.0,5.0,4.0,98.0,65.0,42.0,14.0,15.0,6.0,11.0
2011-540,Wimbledon,Grass,128,G,O,20110620,26,Z189,,LL,Grega Zemlja,R,183.0,SLO,24.723,157.0,361.0,L797,,Q,Lukas Lacko,R,188.0,SVK,23.628,148.0,382.0,6-4 3-6 7-6(8) 6-4,5,R128,158.0,10.0,1.0,124.0,91.0,64.0,22.0,20.0,1.0,3.0,2.0,4.0,157.0,97.0,61.0,37.0,21.0,8.0,11.0
2011-540,Wimbledon,Grass,128,G,O,20110620,27,K540,,Q,Lukasz Kubot,R,191.0,POL,29.095,93.0,563.0,C487,,WC,Arnaud Clement,R,173.0,FRA,33.506,143.0,401.0,6-4 6-2 3-6 5-7 6-4,5,R128,209.0,6.0,2.0,130.0,87.0,66.0,25.0,24.0,6.0,10.0,12.0,2.0,147.0,81.0,58.0,36.0,25.0,4.0,10.0
2011-540,Wimbledon,Grass,128,G,O,20110620,28,K336,,,Ivo Karlovic,R,211.0,CRO,32.307,144.0,397.0,T742,23.0,,Janko Tipsarevic,R,180.0,SRB,26.992,29.0,1305.0,7-5 3-1 RET,5,R128,59.0,14.0,1.0,43.0,27.0,25.0,9.0,8.0,0.0,0.0,1.0,0.0,51.0,31.0,20.0,10.0,8.0,2.0,4.0
2011-540,Wimbledon,Grass,128,G,O,20110620,29,S636,,,Rainer Schuettler,R,180.0,GER,35.151,113.0,481.0,BD20,30.0,,Thomaz Bellucci,L,188.0,BRA,23.472,28.0,1305.0,7-6(3) 6-4 6-2,5,R128,131.0,2.0,1.0,95.0,62.0,44.0,21.0,15.0,4.0,6.0,9.0,1.0,106.0,63.0,40.0,19.0,15.0,5.0,10.0
2011-540,Wimbledon,Grass,128,G,O,20110620,30,L397,,,Feliciano Lopez,L,188.0,ESP,29.747,44.0,1020.0,B678,,,Michael Berrer,L,193.0,GER,30.968,76.0,635.0,6-4 7-5 6-3,5,R128,108.0,16.0,2.0,75.0,44.0,39.0,23.0,15.0,0.0,0.0,7.0,3.0,100.0,65.0,48.0,14.0,16.0,5.0,9.0
2011-540,Wimbledon,Grass,128,G,O,20110620,31,H528,,,Victor Hanescu,R,198.0,ROU,29.914,63.0,805.0,P605,,,Jaroslav Pospisil,R,175.0,CZE,30.357,133.0,425.0,6-4 6-3 6-2,5,R128,106.0,18.0,0.0,71.0,49.0,42.0,8.0,13.0,2.0,4.0,4.0,8.0,80.0,42.0,28.0,14.0,14.0,4.0,11.0
2011-540,Wimbledon,Grass,128,G,O,20110620,32,R485,8.0,,Andy Roddick,R,188.0,USA,28.805,10.0,2200.0,BA86,,Q,Andreas Beck,L,191.0,GER,25.369,156.0,363.0,6-4 7-6(6) 6-3,5,R128,135.0,30.0,1.0,90.0,65.0,55.0,11.0,15.0,1.0,1.0,2.0,1.0,110.0,74.0,46.0,20.0,16.0,4.0,7.0
2011-540,Wimbledon,Grass,128,G,O,20110620,33,F401,7.0,,David Ferrer,R,175.0,ESP,29.216,6.0,4150.0,PD31,,,Benoit Paire,R,196.0,FRA,22.116,115.0,475.0,6-4 6-4 6-4,5,R128,115.0,3.0,4.0,86.0,53.0,44.0,16.0,15.0,4.0,6.0,6.0,7.0,101.0,53.0,38.0,17.0,15.0,3.0,8.0
2011-540,Wimbledon,Grass,128,G,O,20110620,34,H940,,LL,Ryan Harrison,R,185.0,USA,19.118,122.0,458.0,D646,,,Ivan Dodig,R,183.0,CRO,26.461,37.0,1169.0,7-6(5) 6-0 7-5,5,R128,134.0,7.0,4.0,86.0,57.0,47.0,17.0,15.0,3.0,4.0,8.0,4.0,105.0,66.0,46.0,15.0,15.0,4.0,9.0
2011-540,Wimbledon,Grass,128,G,O,20110620,35,B804,,Q,Karol Beck,R,180.0,SVK,29.213,125.0,447.0,B884,,,Carlos Berlocq,R,183.0,ARG,28.375,70.0,717.0,4-6 7-6(6) 4-6 6-2 6-4,5,R128,243.0,14.0,6.0,170.0,101.0,79.0,35.0,25.0,11.0,15.0,12.0,3.0,164.0,109.0,78.0,26.0,25.0,9.0,14.0
2011-540,Wimbledon,Grass,128,G,O,20110620,36,G476,26.0,,Guillermo Garcia-Lopez,R,185.0,ESP,28.044,41.0,1120.0,G806,,,Andrey Golubev,R,180.0,KAZ,23.912,45.0,1000.0,6-3 6-3 RET,5,R128,71.0,3.0,2.0,50.0,35.0,25.0,6.0,9.0,0.0,2.0,1.0,0.0,54.0,34.0,21.0,5.0,9.0,3.0,8.0
2011-540,Wimbledon,Grass,128,G,O,20110620,37,G415,,,Fernando Gonzalez,R,183.0,CHI,30.891,478.0,65.0,D801,22.0,,Alexandr Dolgopolov,R,180.0,UKR,22.615,24.0,1405.0,6-3 6-7(6) 7-6(3) 6-4,5,R128,138.0,25.0,1.0,126.0,82.0,66.0,30.0,22.0,2.0,3.0,18.0,7.0,136.0,81.0,67.0,24.0,21.0,5.0,8.0
2011-540,Wimbledon,Grass,128,G,O,20110620,38,D424,,Q,Rik De Voest,R,180.0,RSA,31.039,147.0,385.0,R383,,,Ruben Ramirez Hidalgo,R,183.0,ESP,33.451,121.0,459.0,6-2 6-3 6-2,5,R128,127.0,10.0,0.0,106.0,69.0,48.0,23.0,13.0,9.0,9.0,4.0,7.0,101.0,53.0,27.0,25.0,12.0,11.0,16.0
2011-540,Wimbledon,Grass,128,G,O,20110620,39,D875,,,Grigor Dimitrov,R,191.0,BUL,20.096,62.0,818.0,SK94,,Q,Cedrik-Marcel Stebe,L,180.0,GER,20.695,208.0,255.0,7-5 7-5 7-6(5),5,R128,160.0,3.0,3.0,121.0,87.0,59.0,20.0,18.0,6.0,9.0,3.0,3.0,117.0,79.0,51.0,18.0,18.0,5.0,10.0
2011-540,Wimbledon,Grass,128,G,O,20110620,40,T786,12.0,,Jo-Wilfried Tsonga,R,188.0,FRA,26.174,19.0,1585.0,SC47,,LL,Go Soeda,R,178.0,JPN,26.787,131.0,434.0,6-3 7-6(4) 6-2,5,R128,132.0,18.0,5.0,99.0,63.0,50.0,19.0,15.0,12.0,13.0,4.0,6.0,110.0,59.0,41.0,22.0,14.0,6.0,10.0
2011-540,Wimbledon,Grass,128,G,O,20110620,41,A479,16.0,,Nicolas Almagro,R,183.0,ESP,25.829,15.0,1875.0,N289,,,Jarkko Nieminen,L,185.0,FIN,29.908,51.0,936.0,6-7(5) 6-3 6-4 6-4,5,R128,143.0,18.0,1.0,119.0,75.0,60.0,28.0,21.0,2.0,3.0,7.0,7.0,124.0,83.0,59.0,25.0,20.0,6.0,10.0
2011-540,Wimbledon,Grass,128,G,O,20110620,42,I186,,,John Isner,R,208.0,USA,26.149,47.0,990.0,M873,,,Nicolas Mahut,R,191.0,FRA,29.41,94.0,559.0,7-6(4) 6-2 7-6(6),5,R128,123.0,8.0,2.0,97.0,66.0,52.0,20.0,16.0,1.0,2.0,8.0,6.0,104.0,68.0,48.0,21.0,16.0,2.0,5.0
2011-540,Wimbledon,Grass,128,G,O,20110620,43,D616,,,Somdev Devvarman,R,180.0,IND,26.346,68.0,734.0,G512,,,Denis Gremelmayr,L,183.0,GER,29.843,101.0,524.0,6-4 4-2 RET,5,R128,65.0,9.0,0.0,54.0,34.0,25.0,13.0,8.0,4.0,4.0,2.0,1.0,53.0,33.0,20.0,13.0,8.0,6.0,8.0
2011-540,Wimbledon,Grass,128,G,O,20110620,44,Y061,18.0,,Mikhail Youzhny,R,183.0,RUS,28.986,17.0,1740.0,MA21,,,Juan Monaco,R,185.0,ARG,27.225,43.0,1025.0,4-6 6-2 6-2 4-6 6-4,5,R128,193.0,4.0,2.0,135.0,88.0,63.0,26.0,23.0,2.0,6.0,6.0,2.0,136.0,103.0,61.0,21.0,23.0,9.0,16.0
2011-540,Wimbledon,Grass,128,G,O,20110620,45,N301,28.0,,David Nalbandian,R,180.0,ARG,29.465,23.0,1425.0,R782,,,Julian Reister,R,188.0,GER,25.216,135.0,417.0,7-5 6-2 6-3,5,R128,106.0,9.0,3.0,81.0,55.0,42.0,17.0,15.0,2.0,4.0,7.0,8.0,103.0,66.0,43.0,12.0,14.0,4.0,10.0
2011-540,Wimbledon,Grass,128,G,O,20110620,46,H804,,,Andreas Haider-Maurer,R,191.0,AUT,24.246,78.0,631.0,S963,,,Florent Serra,R,180.0,FRA,30.305,126.0,446.0,7-6(5) 6-3 6-3,5,R128,111.0,39.0,7.0,107.0,72.0,64.0,13.0,15.0,3.0,3.0,8.0,7.0,99.0,60.0,43.0,20.0,15.0,5.0,8.0
2011-540,Wimbledon,Grass,128,G,O,20110620,47,ME82,,,Adrian Mannarino,L,180.0,FRA,22.973,55.0,923.0,N349,,Q,Conor Niland,R,185.0,IRL,29.749,181.0,298.0,4-6 6-4 7-6(7) 4-6 6-4,5,R128,240.0,4.0,5.0,184.0,116.0,77.0,35.0,26.0,12.0,19.0,10.0,8.0,184.0,122.0,79.0,31.0,26.0,13.0,20.0
2011-540,Wimbledon,Grass,128,G,O,20110620,48,F324,3.0,,Roger Federer,R,185.0,SUI,29.864,3.0,9230.0,K926,,,Mikhail Kukushkin,R,183.0,KAZ,23.483,61.0,852.0,7-6(2) 6-4 6-2,5,R128,102.0,12.0,1.0,80.0,57.0,51.0,17.0,15.0,3.0,3.0,4.0,1.0,93.0,61.0,41.0,18.0,15.0,4.0,7.0
2011-540,Wimbledon,Grass,128,G,O,20110620,49,SA49,5.0,,Robin Soderling,R,193.0,SWE,26.847,5.0,4595.0,P624,,,Philipp Petzschner,R,185.0,GER,27.239,67.0,745.0,6-4 6-4 2-6 7-6(5),5,R128,194.0,8.0,6.0,169.0,97.0,69.0,31.0,20.0,16.0,21.0,6.0,3.0,128.0,85.0,61.0,20.0,20.0,6.0,11.0
2011-540,Wimbledon,Grass,128,G,O,20110620,50,H432,,,Lleyton Hewitt,R,178.0,AUS,30.316,130.0,440.0,N552,,,Kei Nishikori,R,178.0,JPN,21.473,52.0,935.0,6-1 7-6(4) 6-7(7) 6-3,5,R128,187.0,5.0,7.0,140.0,88.0,64.0,28.0,20.0,5.0,7.0,2.0,6.0,132.0,76.0,50.0,29.0,20.0,4.0,10.0
2011-540,Wimbledon,Grass,128,G,O,20110620,51,A511,,,Igor Andreev,R,185.0,RUS,27.934,79.0,630.0,G681,,,Teymuraz Gabashvili,R,185.0,GEO,26.075,129.0,441.0,6-4 7-6(5) 6-7(4) 4-6 6-3,5,R128,218.0,19.0,6.0,167.0,110.0,88.0,29.0,27.0,5.0,8.0,10.0,5.0,163.0,103.0,75.0,36.0,26.0,10.0,14.0
2011-540,Wimbledon,Grass,128,G,O,20110620,52,TA46,,Q,Bernard Tomic,R,196.0,AUS,18.661,158.0,357.0,D402,29.0,,Nikolay Davydenko,R,178.0,RUS,30.048,27.0,1330.0,7-5 6-3 7-5,5,R128,112.0,6.0,1.0,92.0,73.0,57.0,13.0,17.0,2.0,3.0,4.0,6.0,107.0,72.0,47.0,16.0,16.0,11.0,15.0
2011-540,Wimbledon,Grass,128,G,O,20110620,53,MB02,20.0,,Florian Mayer,R,191.0,GER,27.707,18.0,1600.0,E687,,WC,Daniel Evans,R,175.0,GBR,21.076,301.0,149.0,7-6(5) 7-6(1) 3-6 6-4,5,R128,173.0,12.0,2.0,128.0,92.0,66.0,19.0,21.0,2.0,7.0,11.0,14.0,149.0,92.0,64.0,26.0,22.0,9.0,14.0
2011-540,Wimbledon,Grass,128,G,O,20110620,54,M680,,,Xavier Malisse,R,185.0,BEL,30.919,42.0,1035.0,Z168,,,Mischa Zverev,L,191.0,GER,23.828,103.0,508.0,6-2 6-3 6-2,5,R128,87.0,7.0,3.0,82.0,56.0,42.0,14.0,13.0,5.0,6.0,5.0,1.0,76.0,54.0,27.0,11.0,12.0,4.0,10.0
2011-540,Wimbledon,Grass,128,G,O,20110620,55,T315,,,Dmitry Tursunov,R,185.0,RUS,28.52,53.0,934.0,G858,,,Ernests Gulbis,R,191.0,LAT,22.804,75.0,635.0,6-3 3-6 7-6(12) 7-6(1),5,R128,167.0,10.0,6.0,137.0,87.0,65.0,35.0,21.0,7.0,9.0,24.0,5.0,138.0,105.0,81.0,17.0,21.0,5.0,7.0
2011-540,Wimbledon,Grass,128,G,O,20110620,56,M762,11.0,,Jurgen Melzer,L,183.0,AUT,30.078,11.0,2175.0,F444,,WC,Alejandro Falla,L,185.0,COL,27.598,88.0,577.0,3-6 7-6(5) 6-2 6-2,5,R128,159.0,8.0,3.0,137.0,88.0,65.0,26.0,18.0,4.0,5.0,5.0,2.0,128.0,89.0,61.0,22.0,19.0,13.0,17.0
2011-540,Wimbledon,Grass,128,G,O,20110620,57,T840,13.0,,Viktor Troicki,R,193.0,SRB,25.355,12.0,1930.0,G585,,,Maximo Gonzalez,R,173.0,ARG,27.918,86.0,586.0,3-6 6-0 7-6(3) 6-3,5,R128,133.0,28.0,7.0,120.0,78.0,58.0,24.0,19.0,6.0,8.0,0.0,4.0,102.0,68.0,47.0,16.0,17.0,5.0,9.0
2011-540,Wimbledon,Grass,128,G,O,20110620,58,L575,,,Yen-Hsun Lu,R,180.0,TPE,27.849,57.0,900.0,R419,,,Tommy Robredo,R,180.0,ESP,29.136,31.0,1235.0,6-4 6-4 6-1,5,R128,97.0,6.0,2.0,70.0,44.0,36.0,17.0,13.0,1.0,1.0,2.0,2.0,77.0,44.0,28.0,18.0,14.0,1.0,6.0
2011-540,Wimbledon,Grass,128,G,O,20110620,59,M708,,,Ricardo Mello,L,175.0,BRA,30.494,89.0,574.0,D499,,Q,Frank Dancevic,R,185.0,CAN,26.73,164.0,343.0,3-6 3-6 6-4 7-6(6) 6-2,5,R128,168.0,2.0,4.0,156.0,103.0,67.0,33.0,24.0,8.0,13.0,23.0,7.0,145.0,86.0,62.0,34.0,24.0,7.0,12.0
2011-540,Wimbledon,Grass,128,G,O,20110620,60,L428,19.0,,Michael Llodra,L,191.0,FRA,31.088,35.0,1195.0,W503,,WC,James Ward,R,188.0,GBR,24.359,192.0,279.0,6-3 7-6(4) 6-3,5,R128,117.0,10.0,4.0,105.0,77.0,64.0,12.0,16.0,5.0,5.0,6.0,10.0,98.0,50.0,41.0,21.0,14.0,3.0,5.0
2011-540,Wimbledon,Grass,128,G,O,20110620,61,B837,32.0,,Marcos Baghdatis,R,178.0,CYP,26.007,30.0,1295.0,B676,,,James Blake,R,185.0,USA,31.477,102.0,509.0,6-4 6-2 6-7(5) 4-6 6-4,5,R128,168.0,17.0,3.0,143.0,90.0,69.0,31.0,25.0,3.0,6.0,6.0,5.0,170.0,117.0,80.0,24.0,25.0,5.0,11.0
2011-540,Wimbledon,Grass,128,G,O,20110620,62,SA93,,,Andreas Seppi,R,191.0,ITA,27.326,38.0,1165.0,M824,,,Albert Montanes,R,175.0,ESP,30.563,34.0,1200.0,6-4 6-4 7-5,5,R128,107.0,12.0,3.0,98.0,65.0,49.0,18.0,16.0,4.0,6.0,9.0,7.0,104.0,59.0,43.0,20.0,16.0,4.0,9.0
2011-540,Wimbledon,Grass,128,G,O,20110620,63,A678,,,Kevin Anderson,R,203.0,RSA,25.09,36.0,1185.0,ME89,,,Illya Marchenko,R,185.0,UKR,23.781,114.0,478.0,6-7(5) 7-6(7) 6-4 4-6 6-1,5,R128,232.0,18.0,4.0,150.0,111.0,85.0,26.0,26.0,6.0,8.0,6.0,7.0,167.0,100.0,74.0,36.0,25.0,6.0,10.0
2011-540,Wimbledon,Grass,128,G,O,20110620,64,D643,2.0,,Novak Djokovic,R,188.0,SRB,24.079,2.0,12005.0,CA12,,,Jeremy Chardy,R,188.0,FRA,24.35,54.0,930.0,6-4 6-1 6-1,5,R128,80.0,9.0,1.0,61.0,45.0,38.0,12.0,12.0,1.0,1.0,9.0,2.0,75.0,44.0,30.0,8.0,12.0,4.0,10.0
2011-540,Wimbledon,Grass,128,G,O,20110620,65,N409,1.0,,Rafael Nadal,L,185.0,ESP,25.046,1.0,12070.0,SG87,,,Ryan Sweeting,R,196.0,USA,23.934,69.0,726.0,6-3 6-2 6-4,5,R64,127.0,9.0,0.0,77.0,54.0,42.0,15.0,14.0,1.0,2.0,4.0,10.0,102.0,61.0,40.0,15.0,13.0,9.0,14.0
2011-540,Wimbledon,Grass,128,G,O,20110620,66,MA30,,WC,Gilles Muller,L,193.0,LUX,28.115,92.0,566.0,R975,31.0,,Milos Raonic,R,196.0,CAN,20.479,25.0,1354.0,2-3 RET,5,R64,24.0,5.0,0.0,15.0,13.0,10.0,0.0,3.0,2.0,3.0,5.0,0.0,14.0,11.0,6.0,3.0,2.0,1.0,1.0
2011-540,Wimbledon,Grass,128,G,O,20110620,67,D683,24.0,,Juan Martin del Potro,R,198.0,ARG,22.738,21.0,1445.0,R397,,,Olivier Rochus,R,168.0,BEL,30.418,73.0,643.0,6-7(7) 6-1 6-0 6-4,5,R64,158.0,30.0,3.0,96.0,67.0,60.0,20.0,18.0,2.0,2.0,1.0,7.0,137.0,81.0,53.0,23.0,17.0,10.0,16.0
2011-540,Wimbledon,Grass,128,G,O,20110620,68,SD32,15.0,,Gilles Simon,R,183.0,FRA,26.478,16.0,1745.0,SC56,,WC,Dudi Sela,R,175.0,ISR,26.209,84.0,603.0,7-6(3) 6-4 7-5,5,R64,124.0,3.0,1.0,98.0,54.0,44.0,22.0,17.0,3.0,6.0,3.0,0.0,111.0,76.0,47.0,19.0,17.0,9.0,14.0
2011-540,Wimbledon,Grass,128,G,O,20110620,69,F339,10.0,,Mardy Fish,R,188.0,USA,29.528,9.0,2335.0,I165,,,Denis Istomin,R,185.0,UZB,24.783,65.0,770.0,7-6(6) 6-4 6-4,5,R64,136.0,13.0,2.0,100.0,61.0,50.0,23.0,16.0,4.0,5.0,13.0,3.0,106.0,76.0,56.0,12.0,16.0,3.0,6.0
2011-540,Wimbledon,Grass,128,G,O,20110620,70,H756,,,Robin Haase,R,191.0,NED,24.205,58.0,879.0,V306,21.0,,Fernando Verdasco,L,188.0,ESP,27.595,22.0,1425.0,6-3 6-4 4-6 6-2,5,R64,152.0,12.0,3.0,115.0,67.0,53.0,24.0,19.0,4.0,6.0,12.0,11.0,149.0,93.0,61.0,23.0,18.0,16.0,21.0
2011-540,Wimbledon,Grass,128,G,O,20110620,71,B842,,,Alex Bogomolov Jr.,R,178.0,RUS,28.159,72.0,661.0,C514,25.0,,Juan Ignacio Chela,R,191.0,ARG,31.806,20.0,1475.0,6-0 6-3 6-4,5,R64,92.0,5.0,3.0,74.0,55.0,43.0,11.0,13.0,1.0,1.0,2.0,3.0,90.0,68.0,38.0,9.0,12.0,9.0,14.0
2011-540,Wimbledon,Grass,128,G,O,20110620,72,BA47,6.0,,Tomas Berdych,R,196.0,CZE,25.755,7.0,3490.0,B747,,,Julien Benneteau,R,185.0,FRA,29.498,77.0,633.0,6-1 6-4 6-2,5,R64,97.0,10.0,1.0,65.0,38.0,34.0,16.0,13.0,0.0,1.0,7.0,4.0,74.0,52.0,32.0,4.0,12.0,2.0,8.0
2011-540,Wimbledon,Grass,128,G,O,20110620,73,MC10,4.0,,Andy Murray,R,191.0,GBR,24.099,4.0,6855.0,K839,,,Tobias Kamke,R,178.0,GER,25.081,83.0,603.0,6-3 6-3 7-5,5,R64,117.0,6.0,3.0,84.0,45.0,38.0,24.0,15.0,1.0,1.0,0.0,5.0,86.0,49.0,34.0,20.0,15.0,4.0,8.0
2011-540,Wimbledon,Grass,128,G,O,20110620,74,L360,,,Ivan Ljubicic,R,193.0,CRO,32.255,33.0,1210.0,SC77,,,Sergiy Stakhovsky,R,193.0,UKR,25.451,46.0,995.0,6-4 6-4 6-2,5,R64,114.0,10.0,1.0,83.0,54.0,42.0,14.0,14.0,5.0,6.0,7.0,1.0,86.0,61.0,40.0,10.0,14.0,4.0,9.0
2011-540,Wimbledon,Grass,128,G,O,20110620,75,G628,17.0,,Richard Gasquet,R,183.0,FRA,25.005,13.0,1925.0,K403,,,Igor Kunitsyn,R,180.0,RUS,29.719,66.0,746.0,6-1 6-4 6-4,5,R64,98.0,10.0,1.0,78.0,48.0,38.0,17.0,14.0,0.0,2.0,4.0,1.0,76.0,44.0,28.0,13.0,13.0,2.0,8.0
2011-540,Wimbledon,Grass,128,G,O,20110620,76,BA98,,LL,Simone Bolelli,R,183.0,ITA,25.697,116.0,470.0,W367,14.0,,Stan Wawrinka,R,183.0,SUI,26.229,14.0,1900.0,7-6(5) 6-3 7-6(4),5,R64,153.0,4.0,0.0,129.0,86.0,58.0,24.0,17.0,12.0,15.0,13.0,2.0,97.0,58.0,46.0,18.0,16.0,4.0,8.0
2011-540,Wimbledon,Grass,128,G,O,20110620,77,MC65,9.0,,Gael Monfils,R,193.0,FRA,24.799,8.0,2780.0,Z189,,LL,Grega Zemlja,R,183.0,SLO,24.723,157.0,361.0,4-6 6-3 6-3 7-6(7),5,R64,134.0,15.0,2.0,121.0,84.0,63.0,22.0,20.0,6.0,9.0,4.0,1.0,125.0,88.0,61.0,19.0,20.0,5.0,10.0
2011-540,Wimbledon,Grass,128,G,O,20110620,78,K540,,Q,Lukasz Kubot,R,191.0,POL,29.095,93.0,563.0,K336,,,Ivo Karlovic,R,211.0,CRO,32.307,144.0,397.0,7-6(2) 6-3 6-3,5,R64,123.0,5.0,3.0,94.0,65.0,55.0,18.0,15.0,4.0,4.0,19.0,2.0,86.0,62.0,46.0,11.0,15.0,5.0,8.0
2011-540,Wimbledon,Grass,128,G,O,20110620,79,L397,,,Feliciano Lopez,L,188.0,ESP,29.747,44.0,1020.0,S636,,,Rainer Schuettler,R,180.0,GER,35.151,113.0,481.0,7-6(3) 6-7(3) 6-2 6-2,5,R64,172.0,28.0,6.0,123.0,80.0,68.0,23.0,20.0,7.0,8.0,8.0,6.0,155.0,86.0,58.0,34.0,20.0,9.0,14.0
2011-540,Wimbledon,Grass,128,G,O,20110620,80,R485,8.0,,Andy Roddick,R,188.0,USA,28.805,10.0,2200.0,H528,,,Victor Hanescu,R,198.0,ROU,29.914,63.0,805.0,6-4 6-3 6-4,5,R64,112.0,15.0,0.0,66.0,43.0,40.0,17.0,14.0,1.0,1.0,8.0,2.0,95.0,65.0,43.0,15.0,15.0,6.0,10.0
2011-540,Wimbledon,Grass,128,G,O,20110620,81,F401,7.0,,David Ferrer,R,175.0,ESP,29.216,6.0,4150.0,H940,,LL,Ryan Harrison,R,185.0,USA,19.118,122.0,458.0,6-7(6) 6-1 4-6 6-3 6-2,5,R64,210.0,7.0,3.0,126.0,89.0,71.0,18.0,23.0,0.0,3.0,10.0,8.0,166.0,99.0,67.0,28.0,23.0,17.0,25.0
2011-540,Wimbledon,Grass,128,G,O,20110620,82,B804,,Q,Karol Beck,R,180.0,SVK,29.213,125.0,447.0,G476,26.0,,Guillermo Garcia-Lopez,R,185.0,ESP,28.044,41.0,1120.0,7-6(5) 6-4 3-6 6-4,5,R64,183.0,9.0,7.0,129.0,80.0,59.0,25.0,20.0,8.0,12.0,1.0,2.0,125.0,80.0,56.0,23.0,21.0,3.0,8.0
2011-540,Wimbledon,Grass,128,G,O,20110620,83,G415,,,Fernando Gonzalez,R,183.0,CHI,30.891,478.0,65.0,D424,,Q,Rik De Voest,R,180.0,RSA,31.039,147.0,385.0,6-4 6-4 6-4,5,R64,105.0,6.0,1.0,80.0,44.0,35.0,25.0,15.0,3.0,4.0,7.0,2.0,102.0,70.0,44.0,16.0,15.0,4.0,8.0
2011-540,Wimbledon,Grass,128,G,O,20110620,84,T786,12.0,,Jo-Wilfried Tsonga,R,188.0,FRA,26.174,19.0,1585.0,D875,,,Grigor Dimitrov,R,191.0,BUL,20.096,62.0,818.0,6-7(4) 6-4 6-4 7-6(8),5,R64,213.0,19.0,8.0,166.0,103.0,75.0,32.0,22.0,14.0,16.0,3.0,5.0,170.0,118.0,78.0,25.0,22.0,8.0,12.0
2011-540,Wimbledon,Grass,128,G,O,20110620,85,A479,16.0,,Nicolas Almagro,R,183.0,ESP,25.829,15.0,1875.0,I186,,,John Isner,R,208.0,USA,26.149,47.0,990.0,7-6(3) 7-6(5) 6-7(5) 6-3,5,R64,159.0,25.0,2.0,140.0,90.0,80.0,30.0,23.0,0.0,0.0,28.0,2.0,142.0,103.0,86.0,19.0,22.0,3.0,4.0
2011-540,Wimbledon,Grass,128,G,O,20110620,86,Y061,18.0,,Mikhail Youzhny,R,183.0,RUS,28.986,17.0,1740.0,D616,,,Somdev Devvarman,R,180.0,IND,26.346,68.0,734.0,6-2 6-4 6-4,5,R64,117.0,4.0,1.0,90.0,60.0,46.0,17.0,14.0,6.0,6.0,3.0,0.0,85.0,59.0,39.0,10.0,14.0,4.0,8.0
2011-540,Wimbledon,Grass,128,G,O,20110620,87,N301,28.0,,David Nalbandian,R,180.0,ARG,29.465,23.0,1425.0,H804,,,Andreas Haider-Maurer,R,191.0,AUT,24.246,78.0,631.0,6-3 3-6 6-4 6-4,5,R64,157.0,7.0,9.0,116.0,62.0,47.0,32.0,19.0,6.0,8.0,13.0,7.0,129.0,72.0,55.0,26.0,19.0,14.0,18.0
2011-540,Wimbledon,Grass,128,G,O,20110620,88,F324,3.0,,Roger Federer,R,185.0,SUI,29.864,3.0,9230.0,ME82,,,Adrian Mannarino,L,180.0,FRA,22.973,55.0,923.0,6-2 6-3 6-2,5,R64,88.0,11.0,0.0,64.0,41.0,35.0,18.0,13.0,3.0,3.0,0.0,1.0,75.0,44.0,24.0,15.0,12.0,5.0,10.0
2011-540,Wimbledon,Grass,128,G,O,20110620,89,SA49,5.0,,Robin Soderling,R,193.0,SWE,26.847,5.0,4595.0,H432,,,Lleyton Hewitt,R,178.0,AUS,30.316,130.0,440.0,6-7(5) 3-6 7-5 6-4 6-4,5,R64,234.0,28.0,5.0,154.0,101.0,82.0,24.0,26.0,5.0,7.0,15.0,1.0,166.0,85.0,62.0,50.0,27.0,2.0,6.0
2011-540,Wimbledon,Grass,128,G,O,20110620,90,TA46,,Q,Bernard Tomic,R,196.0,AUS,18.661,158.0,357.0,A511,,,Igor Andreev,R,185.0,RUS,27.934,79.0,630.0,4-6 5-7 6-3 6-4 6-1,5,R64,164.0,10.0,1.0,146.0,106.0,74.0,23.0,24.0,7.0,10.0,11.0,8.0,141.0,80.0,56.0,30.0,24.0,2.0,8.0
2011-540,Wimbledon,Grass,128,G,O,20110620,91,M680,,,Xavier Malisse,R,185.0,BEL,30.919,42.0,1035.0,MB02,20.0,,Florian Mayer,R,191.0,GER,27.707,18.0,1600.0,1-6 6-3 6-2 6-2,5,R64,95.0,7.0,0.0,88.0,49.0,40.0,20.0,16.0,3.0,5.0,8.0,5.0,89.0,49.0,38.0,16.0,16.0,2.0,7.0
2011-540,Wimbledon,Grass,128,G,O,20110620,92,M762,11.0,,Jurgen Melzer,L,183.0,AUT,30.078,11.0,2175.0,T315,,,Dmitry Tursunov,R,185.0,RUS,28.52,53.0,934.0,6-3 2-6 7-6(5) 7-6(1),5,R64,188.0,9.0,3.0,140.0,85.0,58.0,30.0,20.0,6.0,11.0,12.0,9.0,152.0,99.0,66.0,23.0,21.0,9.0,14.0
2011-540,Wimbledon,Grass,128,G,O,20110620,93,L575,,,Yen-Hsun Lu,R,180.0,TPE,27.849,57.0,900.0,T840,13.0,,Viktor Troicki,R,193.0,SRB,25.355,12.0,1930.0,7-6(5) 6-4 6-4,5,R64,134.0,3.0,3.0,96.0,63.0,49.0,19.0,16.0,5.0,6.0,17.0,8.0,107.0,56.0,47.0,21.0,16.0,3.0,6.0
2011-540,Wimbledon,Grass,128,G,O,20110620,94,L428,19.0,,Michael Llodra,L,191.0,FRA,31.088,35.0,1195.0,M708,,,Ricardo Mello,L,175.0,BRA,30.494,89.0,574.0,6-2 4-6 6-2 6-3,5,R64,133.0,23.0,1.0,103.0,69.0,57.0,20.0,18.0,3.0,4.0,4.0,2.0,132.0,91.0,56.0,17.0,17.0,10.0,15.0
2011-540,Wimbledon,Grass,128,G,O,20110620,95,B837,32.0,,Marcos Baghdatis,R,178.0,CYP,26.007,30.0,1295.0,SA93,,,Andreas Seppi,R,191.0,ITA,27.326,38.0,1165.0,6-4 7-6(4) 7-5,5,R64,147.0,14.0,3.0,114.0,57.0,46.0,31.0,17.0,7.0,10.0,9.0,2.0,109.0,70.0,48.0,20.0,17.0,6.0,11.0
2011-540,Wimbledon,Grass,128,G,O,20110620,96,D643,2.0,,Novak Djokovic,R,188.0,SRB,24.079,2.0,12005.0,A678,,,Kevin Anderson,R,203.0,RSA,25.09,36.0,1185.0,6-3 6-4 6-2,5,R64,114.0,7.0,4.0,87.0,64.0,48.0,12.0,14.0,5.0,6.0,8.0,3.0,72.0,50.0,30.0,9.0,13.0,4.0,9.0
2011-540,Wimbledon,Grass,128,G,O,20110620,97,N409,1.0,,Rafael Nadal,L,185.0,ESP,25.046,1.0,12070.0,MA30,,WC,Gilles Muller,L,193.0,LUX,28.115,92.0,566.0,7-6(6) 7-6(5) 6-0,5,R32,144.0,7.0,1.0,93.0,66.0,55.0,18.0,15.0,2.0,2.0,17.0,6.0,96.0,70.0,57.0,11.0,15.0,3.0,6.0
2011-540,Wimbledon,Grass,128,G,O,20110620,98,D683,24.0,,Juan Martin del Potro,R,198.0,ARG,22.738,21.0,1445.0,SD32,15.0,,Gilles Simon,R,183.0,FRA,26.478,16.0,1745.0,7-6(8) 7-6(5) 7-5,5,R32,166.0,12.0,0.0,112.0,72.0,58.0,25.0,18.0,5.0,6.0,11.0,0.0,127.0,87.0,60.0,21.0,18.0,5.0,7.0
2011-540,Wimbledon,Grass,128,G,O,20110620,99,F339,10.0,,Mardy Fish,R,188.0,USA,29.528,9.0,2335.0,H756,,,Robin Haase,R,191.0,NED,24.205,58.0,879.0,6-3 6-7(5) 6-2 1-1 RET,5,R32,154.0,11.0,3.0,99.0,58.0,48.0,25.0,16.0,3.0,3.0,10.0,7.0,155.0,107.0,66.0,23.0,15.0,17.0,20.0
2011-540,Wimbledon,Grass,128,G,O,20110620,100,BA47,6.0,,Tomas Berdych,R,196.0,CZE,25.755,7.0,3490.0,B842,,,Alex Bogomolov Jr.,R,178.0,RUS,28.159,72.0,661.0,6-2 6-4 6-3,5,R32,103.0,16.0,1.0,69.0,36.0,32.0,23.0,13.0,0.0,0.0,2.0,4.0,84.0,59.0,37.0,10.0,14.0,4.0,9.0
2011-540,Wimbledon,Grass,128,G,O,20110620,101,MC10,4.0,,Andy Murray,R,191.0,GBR,24.099,4.0,6855.0,L360,,,Ivan Ljubicic,R,193.0,CRO,32.255,33.0,1210.0,6-4 4-6 6-1 7-6(4),5,R32,176.0,15.0,7.0,120.0,73.0,57.0,21.0,20.0,3.0,6.0,9.0,4.0,122.0,83.0,58.0,15.0,19.0,7.0,12.0
2011-540,Wimbledon,Grass,128,G,O,20110620,102,G628,17.0,,Richard Gasquet,R,183.0,FRA,25.005,13.0,1925.0,BA98,,LL,Simone Bolelli,R,183.0,ITA,25.697,116.0,470.0,6-3 6-2 6-4,5,R32,105.0,12.0,1.0,84.0,60.0,46.0,14.0,14.0,3.0,4.0,0.0,0.0,78.0,47.0,26.0,17.0,13.0,4.0,9.0
2011-540,Wimbledon,Grass,128,G,O,20110620,103,K540,,Q,Lukasz Kubot,R,191.0,POL,29.095,93.0,563.0,MC65,9.0,,Gael Monfils,R,193.0,FRA,24.799,8.0,2780.0,6-3 3-6 6-3 6-3,5,R32,136.0,4.0,6.0,123.0,73.0,48.0,27.0,18.0,6.0,9.0,17.0,6.0,101.0,64.0,50.0,13.0,18.0,3.0,9.0
2011-540,Wimbledon,Grass,128,G,O,20110620,104,L397,,,Feliciano Lopez,L,188.0,ESP,29.747,44.0,1020.0,R485,8.0,,Andy Roddick,R,188.0,USA,28.805,10.0,2200.0,7-6(2) 7-6(2) 6-4,5,R32,138.0,28.0,3.0,106.0,70.0,57.0,20.0,17.0,3.0,4.0,23.0,6.0,109.0,69.0,54.0,20.0,17.0,4.0,6.0
2011-540,Wimbledon,Grass,128,G,O,20110620,105,F401,7.0,,David Ferrer,R,175.0,ESP,29.216,6.0,4150.0,B804,,Q,Karol Beck,R,180.0,SVK,29.213,125.0,447.0,6-4 6-3 6-3,5,R32,123.0,3.0,1.0,86.0,60.0,43.0,17.0,14.0,5.0,6.0,4.0,3.0,98.0,53.0,35.0,19.0,14.0,6.0,11.0
2011-540,Wimbledon,Grass,128,G,O,20110620,106,T786,12.0,,Jo-Wilfried Tsonga,R,188.0,FRA,26.174,19.0,1585.0,G415,,,Fernando Gonzalez,R,183.0,CHI,30.891,478.0,65.0,6-3 6-4 6-3,5,R32,84.0,29.0,3.0,72.0,56.0,50.0,9.0,14.0,3.0,3.0,3.0,0.0,76.0,46.0,35.0,14.0,14.0,4.0,8.0
2011-540,Wimbledon,Grass,128,G,O,20110620,107,Y061,18.0,,Mikhail Youzhny,R,183.0,RUS,28.986,17.0,1740.0,A479,16.0,,Nicolas Almagro,R,183.0,ESP,25.829,15.0,1875.0,4-6 6-3 7-6(3) 6-3,5,R32,163.0,18.0,3.0,128.0,92.0,78.0,18.0,21.0,10.0,11.0,8.0,4.0,122.0,68.0,55.0,26.0,19.0,5.0,7.0
2011-540,Wimbledon,Grass,128,G,O,20110620,108,F324,3.0,,Roger Federer,R,185.0,SUI,29.864,3.0,9230.0,N301,28.0,,David Nalbandian,R,180.0,ARG,29.465,23.0,1425.0,6-4 6-2 6-4,5,R32,106.0,14.0,0.0,89.0,63.0,49.0,14.0,14.0,2.0,3.0,5.0,3.0,85.0,52.0,34.0,16.0,14.0,2.0,7.0
2011-540,Wimbledon,Grass,128,G,O,20110620,109,TA46,,Q,Bernard Tomic,R,196.0,AUS,18.661,158.0,357.0,SA49,5.0,,Robin Soderling,R,193.0,SWE,26.847,5.0,4595.0,6-1 6-4 7-5,5,R32,112.0,13.0,1.0,100.0,69.0,53.0,18.0,15.0,5.0,5.0,10.0,0.0,78.0,48.0,36.0,11.0,14.0,3.0,7.0
2011-540,Wimbledon,Grass,128,G,O,20110620,110,M680,,,Xavier Malisse,R,185.0,BEL,30.919,42.0,1035.0,M762,11.0,,Jurgen Melzer,L,183.0,AUT,30.078,11.0,2175.0,7-6(5) 6-3 6-0,5,R32,96.0,19.0,0.0,78.0,51.0,42.0,14.0,13.0,5.0,6.0,7.0,1.0,87.0,57.0,35.0,13.0,14.0,1.0,7.0
2011-540,Wimbledon,Grass,128,G,O,20110620,111,L428,19.0,,Michael Llodra,L,191.0,FRA,31.088,35.0,1195.0,L575,,,Yen-Hsun Lu,R,180.0,TPE,27.849,57.0,900.0,6-3 6-3 6-1,5,R32,103.0,19.0,3.0,74.0,52.0,43.0,12.0,13.0,3.0,3.0,3.0,4.0,86.0,51.0,32.0,13.0,12.0,7.0,12.0
2011-540,Wimbledon,Grass,128,G,O,20110620,112,D643,2.0,,Novak Djokovic,R,188.0,SRB,24.079,2.0,12005.0,B837,32.0,,Marcos Baghdatis,R,178.0,CYP,26.007,30.0,1295.0,6-4 4-6 6-3 6-4,5,R32,195.0,10.0,4.0,122.0,80.0,60.0,24.0,20.0,4.0,5.0,14.0,4.0,132.0,70.0,51.0,33.0,19.0,8.0,11.0
2011-540,Wimbledon,Grass,128,G,O,20110620,113,N409,1.0,,Rafael Nadal,L,185.0,ESP,25.046,1.0,12070.0,D683,24.0,,Juan Martin del Potro,R,198.0,ARG,22.738,21.0,1445.0,7-6(6) 3-6 7-6(4) 6-4,5,R16,232.0,13.0,1.0,129.0,94.0,74.0,19.0,21.0,2.0,3.0,11.0,4.0,142.0,100.0,76.0,21.0,22.0,4.0,5.0
2011-540,Wimbledon,Grass,128,G,O,20110620,114,F339,10.0,,Mardy Fish,R,188.0,USA,29.528,9.0,2335.0,BA47,6.0,,Tomas Berdych,R,196.0,CZE,25.755,7.0,3490.0,7-6(5) 6-4 6-4,5,R16,142.0,23.0,2.0,93.0,58.0,53.0,18.0,16.0,2.0,2.0,7.0,3.0,110.0,62.0,46.0,27.0,16.0,5.0,7.0
2011-540,Wimbledon,Grass,128,G,O,20110620,115,MC10,4.0,,Andy Murray,R,191.0,GBR,24.099,4.0,6855.0,G628,17.0,,Richard Gasquet,R,183.0,FRA,25.005,13.0,1925.0,7-6(3) 6-3 6-2,5,R16,124.0,14.0,2.0,93.0,56.0,45.0,22.0,15.0,2.0,2.0,2.0,2.0,84.0,62.0,43.0,11.0,14.0,2.0,5.0
2011-540,Wimbledon,Grass,128,G,O,20110620,116,L397,,,Feliciano Lopez,L,188.0,ESP,29.747,44.0,1020.0,K540,,Q,Lukasz Kubot,R,191.0,POL,29.095,93.0,563.0,3-6 6-7(5) 7-6(7) 7-5 7-5,5,R16,258.0,28.0,6.0,177.0,94.0,75.0,41.0,28.0,5.0,8.0,27.0,8.0,184.0,127.0,95.0,24.0,29.0,6.0,10.0
2011-540,Wimbledon,Grass,128,G,O,20110620,117,T786,12.0,,Jo-Wilfried Tsonga,R,188.0,FRA,26.174,19.0,1585.0,F401,7.0,,David Ferrer,R,175.0,ESP,29.216,6.0,4150.0,6-3 6-4 7-6(1),5,R16,123.0,12.0,2.0,82.0,54.0,50.0,15.0,15.0,2.0,2.0,7.0,5.0,101.0,61.0,42.0,24.0,16.0,6.0,9.0
2011-540,Wimbledon,Grass,128,G,O,20110620,118,F324,3.0,,Roger Federer,R,185.0,SUI,29.864,3.0,9230.0,Y061,18.0,,Mikhail Youzhny,R,183.0,RUS,28.986,17.0,1740.0,6-7(5) 6-3 6-3 6-3,5,R16,182.0,14.0,1.0,114.0,71.0,60.0,22.0,19.0,6.0,7.0,6.0,6.0,140.0,89.0,58.0,22.0,20.0,8.0,14.0
2011-540,Wimbledon,Grass,128,G,O,20110620,119,TA46,,Q,Bernard Tomic,R,196.0,AUS,18.661,158.0,357.0,M680,,,Xavier Malisse,R,185.0,BEL,30.919,42.0,1035.0,6-1 7-5 6-4,5,R16,81.0,10.0,0.0,83.0,61.0,44.0,20.0,15.0,2.0,2.0,13.0,6.0,81.0,47.0,34.0,16.0,14.0,7.0,11.0
2011-540,Wimbledon,Grass,128,G,O,20110620,120,D643,2.0,,Novak Djokovic,R,188.0,SRB,24.079,2.0,12005.0,L428,19.0,,Michael Llodra,L,191.0,FRA,31.088,35.0,1195.0,6-3 6-3 6-3,5,R16,101.0,9.0,1.0,72.0,50.0,42.0,16.0,14.0,0.0,0.0,8.0,7.0,82.0,44.0,32.0,16.0,13.0,7.0,11.0
2011-540,Wimbledon,Grass,128,G,O,20110620,121,N409,1.0,,Rafael Nadal,L,185.0,ESP,25.046,1.0,12070.0,F339,10.0,,Mardy Fish,R,188.0,USA,29.528,9.0,2335.0,6-3 6-3 5-7 6-4,5,QF,173.0,5.0,1.0,105.0,71.0,55.0,20.0,20.0,4.0,7.0,12.0,0.0,123.0,65.0,49.0,23.0,20.0,6.0,12.0
2011-540,Wimbledon,Grass,128,G,O,20110620,122,MC10,4.0,,Andy Murray,R,191.0,GBR,24.099,4.0,6855.0,L397,,,Feliciano Lopez,L,188.0,ESP,29.747,44.0,1020.0,6-3 6-4 6-4,5,QF,121.0,13.0,3.0,84.0,47.0,40.0,24.0,15.0,2.0,2.0,7.0,5.0,98.0,63.0,48.0,11.0,14.0,7.0,10.0
2011-540,Wimbledon,Grass,128,G,O,20110620,123,T786,12.0,,Jo-Wilfried Tsonga,R,188.0,FRA,26.174,19.0,1585.0,F324,3.0,,Roger Federer,R,185.0,SUI,29.864,3.0,9230.0,3-6 6-7(3) 6-4 6-4 6-4,5,QF,188.0,18.0,4.0,145.0,102.0,74.0,29.0,25.0,0.0,1.0,17.0,1.0,137.0,103.0,80.0,24.0,26.0,6.0,9.0
2011-540,Wimbledon,Grass,128,G,O,20110620,124,D643,2.0,,Novak Djokovic,R,188.0,SRB,24.079,2.0,12005.0,TA46,,Q,Bernard Tomic,R,196.0,AUS,18.661,158.0,357.0,6-2 3-6 6-3 7-5,5,QF,161.0,14.0,4.0,109.0,69.0,54.0,18.0,19.0,2.0,5.0,7.0,2.0,144.0,94.0,59.0,24.0,19.0,9.0,15.0
2011-540,Wimbledon,Grass,128,G,O,20110620,125,N409,1.0,,Rafael Nadal,L,185.0,ESP,25.046,1.0,12070.0,MC10,4.0,,Andy Murray,R,191.0,GBR,24.099,4.0,6855.0,5-7 6-2 6-2 6-4,5,SF,179.0,6.0,1.0,103.0,70.0,57.0,19.0,19.0,3.0,4.0,15.0,5.0,113.0,66.0,48.0,23.0,19.0,3.0,8.0
2011-540,Wimbledon,Grass,128,G,O,20110620,126,D643,2.0,,Novak Djokovic,R,188.0,SRB,24.079,2.0,12005.0,T786,12.0,,Jo-Wilfried Tsonga,R,188.0,FRA,26.174,19.0,1585.0,7-6(4) 6-2 6-7(9) 6-3,5,SF,187.0,5.0,1.0,120.0,79.0,61.0,28.0,21.0,2.0,5.0,12.0,5.0,133.0,90.0,61.0,20.0,20.0,6.0,12.0
2011-540,Wimbledon,Grass,128,G,O,20110620,127,D643,2.0,,Novak Djokovic,R,188.0,SRB,24.079,2.0,12005.0,N409,1.0,,Rafael Nadal,L,185.0,ESP,25.046,1.0,12070.0,6-4 6-1 1-6 6-3,5,F,148.0,7.0,1.0,95.0,69.0,50.0,14.0,17.0,3.0,6.0,5.0,1.0,82.0,64.0,43.0,8.0,16.0,1.0,6.0
2011-315,Newport,Grass,32,250,O,20110704,1,I186,1.0,,John Isner,R,208.0,USA,26.188,46.0,990.0,B804,,,Karol Beck,R,180.0,SVK,29.251,102.0,517.0,6-3 6-2,3,R32,64.0,10.0,2.0,51.0,33.0,26.0,13.0,9.0,2.0,2.0,2.0,10.0,51.0,21.0,13.0,14.0,8.0,3.0,6.0
2011-315,Newport,Grass,32,250,O,20110704,2,C487,,,Arnaud Clement,R,173.0,FRA,33.544,169.0,311.0,H940,,,Ryan Harrison,R,185.0,USA,19.157,101.0,519.0,6-4 6-1,3,R32,75.0,1.0,0.0,58.0,32.0,23.0,16.0,9.0,0.0,0.0,6.0,6.0,51.0,27.0,17.0,11.0,8.0,5.0,8.0
2011-315,Newport,Grass,32,250,O,20110704,3,BE54,,,Ruben Bemelmans,L,183.0,BEL,23.469,147.0,376.0,G512,,,Denis Gremelmayr,L,183.0,GER,29.881,97.0,528.0,6-4 6-2,3,R32,66.0,2.0,6.0,61.0,28.0,22.0,17.0,9.0,5.0,6.0,2.0,3.0,61.0,33.0,19.0,13.0,9.0,7.0,11.0
2011-315,Newport,Grass,32,250,O,20110704,4,B842,5.0,,Alex Bogomolov Jr.,R,178.0,RUS,28.197,66.0,743.0,Z168,,,Mischa Zverev,L,191.0,GER,23.866,103.0,514.0,4-6 6-3 6-1,3,R32,94.0,1.0,3.0,81.0,51.0,35.0,16.0,13.0,5.0,7.0,2.0,1.0,74.0,40.0,27.0,12.0,13.0,3.0,8.0
2011-315,Newport,Grass,32,250,O,20110704,5,W373,,Q,Jimmy Wang,R,180.0,TPE,26.398,491.0,63.0,K403,3.0,,Igor Kunitsyn,R,180.0,RUS,29.758,62.0,781.0,4-6 7-5 6-2,3,R32,151.0,4.0,2.0,95.0,55.0,39.0,18.0,15.0,4.0,9.0,4.0,5.0,97.0,51.0,29.0,20.0,15.0,5.0,12.0
2011-315,Newport,Grass,32,250,O,20110704,6,R613,,,Edouard Roger-Vasselin,R,185.0,FRA,27.598,136.0,418.0,B977,,Q,Richard Bloomfield,R,185.0,GBR,28.186,332.0,127.0,6-4 6-0,3,R32,72.0,3.0,2.0,38.0,21.0,19.0,10.0,8.0,0.0,1.0,7.0,10.0,60.0,21.0,14.0,15.0,8.0,6.0,11.0
2011-315,Newport,Grass,32,250,O,20110704,7,Y124,,,Donald Young,L,183.0,USA,21.947,113.0,488.0,C634,,,Paul Capdeville,R,191.0,CHI,28.255,109.0,494.0,6-2 6-1,3,R32,52.0,3.0,2.0,39.0,25.0,21.0,8.0,8.0,0.0,1.0,0.0,5.0,66.0,38.0,18.0,11.0,7.0,6.0,11.0
2011-315,Newport,Grass,32,250,O,20110704,8,K839,8.0,,Tobias Kamke,R,178.0,GER,25.12,96.0,533.0,B929,,Q,Alex Bogdanovic,L,183.0,GBR,27.116,403.0,92.0,7-6(3) 6-3,3,R32,97.0,5.0,6.0,86.0,44.0,29.0,22.0,11.0,11.0,14.0,2.0,4.0,65.0,35.0,22.0,12.0,10.0,0.0,4.0
2011-315,Newport,Grass,32,250,O,20110704,9,R397,6.0,,Olivier Rochus,R,168.0,BEL,30.456,74.0,678.0,J361,,,Greg Jones,R,193.0,AUS,22.42,219.0,231.0,6-4 3-6 6-3,3,R32,100.0,7.0,4.0,80.0,49.0,38.0,21.0,14.0,0.0,1.0,15.0,1.0,71.0,43.0,36.0,16.0,14.0,2.0,4.0
2011-315,Newport,Grass,32,250,O,20110704,10,M873,,,Nicolas Mahut,R,191.0,FRA,29.448,95.0,534.0,D479,,,Sebastian Decoud,L,180.0,ARG,29.791,215.0,234.0,6-1 6-0,3,R32,52.0,8.0,2.0,34.0,20.0,18.0,11.0,7.0,1.0,1.0,1.0,2.0,52.0,29.0,11.0,10.0,6.0,6.0,11.0
2011-315,Newport,Grass,32,250,O,20110704,11,BC65,,,Matthias Bachinger,R,188.0,GER,24.255,92.0,554.0,BA65,,,Dustin Brown,R,196.0,JAM,26.568,114.0,485.0,7-6(7) 6-7(5) 6-1,3,R32,111.0,11.0,3.0,97.0,51.0,45.0,30.0,16.0,2.0,2.0,12.0,8.0,98.0,50.0,38.0,29.0,15.0,2.0,4.0
2011-315,Newport,Grass,32,250,O,20110704,12,E690,,,Matthew Ebden,R,188.0,AUS,23.603,157.0,348.0,SG87,4.0,,Ryan Sweeting,R,196.0,USA,23.973,65.0,745.0,6-4 6-2,3,R32,73.0,8.0,3.0,57.0,36.0,28.0,8.0,9.0,4.0,6.0,1.0,8.0,70.0,38.0,22.0,13.0,9.0,6.0,11.0
2011-315,Newport,Grass,32,250,O,20110704,13,H355,,WC,Tommy Haas,R,188.0,GER,33.251,728.0,20.0,B678,7.0,,Michael Berrer,L,193.0,GER,31.006,83.0,635.0,7-6(9) 6-4,3,R32,93.0,8.0,3.0,77.0,48.0,36.0,14.0,11.0,4.0,5.0,3.0,5.0,69.0,39.0,29.0,17.0,11.0,4.0,6.0
2011-315,Newport,Grass,32,250,O,20110704,14,Y070,,Q,Michael Yani,R,185.0,USA,30.505,361.0,113.0,SC56,,,Dudi Sela,R,175.0,ISR,26.248,82.0,638.0,7-6(5) 6-3,3,R32,97.0,4.0,6.0,80.0,42.0,30.0,19.0,10.0,3.0,5.0,2.0,7.0,78.0,39.0,26.0,15.0,11.0,3.0,7.0
2011-315,Newport,Grass,32,250,O,20110704,15,KB09,,WC,Denis Kudla,R,180.0,USA,18.877,394.0,99.0,K336,,,Ivo Karlovic,R,211.0,CRO,32.345,127.0,442.0,7-6(4) 4-6 6-4,3,R32,130.0,11.0,5.0,113.0,55.0,38.0,38.0,16.0,4.0,6.0,24.0,7.0,90.0,57.0,45.0,22.0,16.0,1.0,3.0
2011-315,Newport,Grass,32,250,O,20110704,16,D875,2.0,,Grigor Dimitrov,R,191.0,BUL,20.134,60.0,831.0,D556,,,Brian Dabul,L,170.0,ARG,27.357,164.0,332.0,6-2 6-4,3,R32,63.0,8.0,2.0,52.0,26.0,23.0,15.0,9.0,3.0,3.0,2.0,2.0,51.0,38.0,23.0,8.0,9.0,3.0,6.0
2011-315,Newport,Grass,32,250,O,20110704,17,I186,1.0,,John Isner,R,208.0,USA,26.188,46.0,990.0,C487,,,Arnaud Clement,R,173.0,FRA,33.544,169.0,311.0,7-6(6) 6-4,3,R16,111.0,11.0,4.0,65.0,45.0,36.0,12.0,11.0,0.0,1.0,2.0,9.0,94.0,47.0,33.0,24.0,11.0,10.0,12.0
2011-315,Newport,Grass,32,250,O,20110704,18,B842,5.0,,Alex Bogomolov Jr.,R,178.0,RUS,28.197,66.0,743.0,BE54,,,Ruben Bemelmans,L,183.0,BEL,23.469,147.0,376.0,2-6 6-0 6-1,3,R16,73.0,0.0,1.0,71.0,54.0,33.0,11.0,11.0,5.0,7.0,4.0,5.0,61.0,37.0,25.0,9.0,10.0,3.0,8.0
2011-315,Newport,Grass,32,250,O,20110704,19,R613,,,Edouard Roger-Vasselin,R,185.0,FRA,27.598,136.0,418.0,W373,,Q,Jimmy Wang,R,180.0,TPE,26.398,491.0,63.0,7-5 6-4,3,R16,90.0,1.0,4.0,59.0,39.0,25.0,11.0,11.0,2.0,5.0,0.0,2.0,76.0,43.0,25.0,14.0,11.0,9.0,14.0
2011-315,Newport,Grass,32,250,O,20110704,20,K839,8.0,,Tobias Kamke,R,178.0,GER,25.12,96.0,533.0,Y124,,,Donald Young,L,183.0,USA,21.947,113.0,488.0,7-6(3) 6-4,3,R16,98.0,2.0,7.0,76.0,35.0,21.0,25.0,11.0,3.0,6.0,0.0,4.0,85.0,46.0,29.0,17.0,11.0,8.0,12.0
2011-315,Newport,Grass,32,250,O,20110704,21,R397,6.0,,Olivier Rochus,R,168.0,BEL,30.456,74.0,678.0,M873,,,Nicolas Mahut,R,191.0,FRA,29.448,95.0,534.0,6-4 7-6(3),3,R16,118.0,0.0,4.0,100.0,56.0,37.0,25.0,11.0,16.0,18.0,7.0,6.0,67.0,37.0,26.0,13.0,11.0,1.0,4.0
2011-315,Newport,Grass,32,250,O,20110704,22,E690,,,Matthew Ebden,R,188.0,AUS,23.603,157.0,348.0,BC65,,,Matthias Bachinger,R,188.0,GER,24.255,92.0,554.0,2-6 6-4 6-4,3,R16,110.0,8.0,8.0,83.0,46.0,32.0,18.0,14.0,5.0,9.0,5.0,2.0,87.0,48.0,34.0,16.0,14.0,3.0,7.0
2011-315,Newport,Grass,32,250,O,20110704,23,Y070,,Q,Michael Yani,R,185.0,USA,30.505,361.0,113.0,H355,,WC,Tommy Haas,R,188.0,GER,33.251,728.0,20.0,5-2 RET,3,R16,34.0,0.0,1.0,17.0,8.0,4.0,5.0,3.0,0.0,1.0,1.0,4.0,31.0,14.0,6.0,7.0,4.0,4.0,7.0
2011-315,Newport,Grass,32,250,O,20110704,24,KB09,,WC,Denis Kudla,R,180.0,USA,18.877,394.0,99.0,D875,2.0,,Grigor Dimitrov,R,191.0,BUL,20.134,60.0,831.0,6-1 6-4,3,R16,62.0,4.0,1.0,64.0,31.0,23.0,19.0,9.0,6.0,7.0,2.0,2.0,45.0,30.0,17.0,7.0,8.0,2.0,6.0
2011-315,Newport,Grass,32,250,O,20110704,25,I186,1.0,,John Isner,R,208.0,USA,26.188,46.0,990.0,B842,5.0,,Alex Bogomolov Jr.,R,178.0,RUS,28.197,66.0,743.0,7-6(5) 6-4,3,QF,94.0,21.0,1.0,67.0,51.0,40.0,9.0,11.0,0.0,0.0,0.0,5.0,82.0,54.0,37.0,15.0,11.0,2.0,3.0
2011-315,Newport,Grass,32,250,O,20110704,26,K839,8.0,,Tobias Kamke,R,178.0,GER,25.12,96.0,533.0,R613,,,Edouard Roger-Vasselin,R,185.0,FRA,27.598,136.0,418.0,3-6 6-1 6-3,3,QF,99.0,1.0,5.0,73.0,41.0,30.0,17.0,12.0,3.0,4.0,3.0,2.0,84.0,51.0,36.0,15.0,13.0,9.0,13.0
2011-315,Newport,Grass,32,250,O,20110704,27,R397,6.0,,Olivier Rochus,R,168.0,BEL,30.456,74.0,678.0,E690,,,Matthew Ebden,R,188.0,AUS,23.603,157.0,348.0,7-6(5) 6-3,3,QF,87.0,2.0,1.0,70.0,33.0,28.0,23.0,11.0,2.0,2.0,5.0,4.0,62.0,39.0,28.0,14.0,10.0,0.0,1.0
2011-315,Newport,Grass,32,250,O,20110704,28,Y070,,Q,Michael Yani,R,185.0,USA,30.505,361.0,113.0,KB09,,WC,Denis Kudla,R,180.0,USA,18.877,394.0,99.0,6-3 6-7(5) 7-5,3,QF,131.0,7.0,5.0,112.0,64.0,37.0,23.0,16.0,3.0,8.0,3.0,8.0,109.0,56.0,31.0,25.0,17.0,5.0,13.0
2011-315,Newport,Grass,32,250,O,20110704,29,I186,1.0,,John Isner,R,208.0,USA,26.188,46.0,990.0,K839,8.0,,Tobias Kamke,R,178.0,GER,25.12,96.0,533.0,7-5 7-6(4),3,SF,98.0,12.0,3.0,65.0,49.0,42.0,11.0,12.0,1.0,1.0,4.0,8.0,90.0,41.0,32.0,26.0,12.0,5.0,6.0
2011-315,Newport,Grass,32,250,O,20110704,30,R397,6.0,,Olivier Rochus,R,168.0,BEL,30.456,74.0,678.0,Y070,,Q,Michael Yani,R,185.0,USA,30.505,361.0,113.0,6-2 6-4,3,SF,73.0,3.0,1.0,48.0,32.0,27.0,10.0,9.0,0.0,0.0,8.0,2.0,64.0,43.0,29.0,9.0,9.0,3.0,6.0
2011-315,Newport,Grass,32,250,O,20110704,31,I186,1.0,,John Isner,R,208.0,USA,26.188,46.0,990.0,R397,6.0,,Olivier Rochus,R,168.0,BEL,30.456,74.0,678.0,6-3 7-6(6),3,F,103.0,22.0,1.0,64.0,42.0,38.0,14.0,11.0,1.0,1.0,1.0,1.0,84.0,47.0,31.0,21.0,10.0,9.0,10.0
2011-D039,Davis Cup WG QF: ARG vs KAZ,Clay,4,D,,20110707,1,MA21,,,Juan Monaco,R,185.0,ARG,27.272,43.0,1035.0,G806,,,Andrey Golubev,R,180.0,KAZ,23.959,45.0,1000.0,6-3 6-0 6-4,5,RR,,,,,,,,,,,,,,,,,,,
2011-D039,Davis Cup WG QF: ARG vs KAZ,Clay,4,D,,20110707,2,D683,,,Juan Martin del Potro,R,198.0,ARG,22.784,19.0,1625.0,K926,,,Mikhail Kukushkin,R,183.0,KAZ,23.529,67.0,737.0,6-2 6-1 6-2,5,RR,,,,,,,,,,,,,,,,,,,
2011-D039,Davis Cup WG QF: ARG vs KAZ,Clay,4,D,,20110707,3,C514,,,Juan Ignacio Chela,R,191.0,ARG,31.852,22.0,1510.0,K760,,,Evgeny Korolev,R,185.0,KAZ,23.392,246.0,196.0,2-6 6-2 6-0,3,RR,,,,,,,,,,,,,,,,,,,
2011-D039,Davis Cup WG QF: ARG vs KAZ,Clay,4,D,,20110707,4,MA21,,,Juan Monaco,R,185.0,ARG,27.272,43.0,1035.0,K926,,,Mikhail Kukushkin,R,183.0,KAZ,23.529,67.0,737.0,6-4 6-1,3,RR,,,,,,,,,,,,,,,,,,,
2011-D034,Davis Cup G1 R2: ITA vs SLO,Clay,4,D,,20110708,1,F510,,,Fabio Fognini,R,178.0,ITA,24.123,38.0,1140.0,Z189,,,Grega Zemlja,R,183.0,SLO,24.772,139.0,408.0,1-6 6-4 6-4 6-4,5,RR,,,,,,,,,,,,,,,,,,,
2011-D034,Davis Cup G1 R2: ITA vs SLO,Clay,4,D,,20110708,2,S843,,,Potito Starace,R,188.0,ITA,29.982,52.0,940.0,K834,,,Blaz Kavcic,R,188.0,SLO,24.342,80.0,642.0,3-6 6-3 6-2 6-4,5,RR,,,,,,,,,,,,,,,,,,,
2011-D034,Davis Cup G1 R2: ITA vs SLO,Clay,4,D,,20110708,3,F510,,,Fabio Fognini,R,178.0,ITA,24.123,38.0,1140.0,BH09,,,Aljaz Bedene,R,183.0,SLO,21.971,273.0,172.0,6-2 2-2 RET,5,RR,,,,,,,,,,,,,,,,,,,
2011-D034,Davis Cup G1 R2: ITA vs SLO,Clay,4,D,,20110708,4,BA98,,,Simone Bolelli,R,183.0,ITA,25.747,121.0,466.0,Z189,,,Grega Zemlja,R,183.0,SLO,24.772,139.0,408.0,7-5 6-3,3,RR,,,,,,,,,,,,,,,,,,,
2011-D035,Davis Cup G1 R2: RSA vs NED,Hard,4,D,,20110708,1,H756,,,Robin Haase,R,191.0,NED,24.255,53.0,924.0,D424,,,Rik De Voest,R,180.0,RSA,31.088,129.0,434.0,6-7(5) 6-3 6-0 6-4,5,RR,,,,,,,,,,,,,,,,,,,
2011-D035,Davis Cup G1 R2: RSA vs NED,Hard,4,D,,20110708,2,A678,,,Kevin Anderson,R,203.0,RSA,25.139,35.0,1220.0,SJ63,,,Thomas Schoorel,L,203.0,NED,22.248,94.0,549.0,6-7(5) 6-4 7-6(4) 6-1,5,RR,,,,,,,,,,,,,,,,,,,
2011-D035,Davis Cup G1 R2: RSA vs NED,Hard,4,D,,20110708,3,A678,,,Kevin Anderson,R,203.0,RSA,25.139,35.0,1220.0,H756,,,Robin Haase,R,191.0,NED,24.255,53.0,924.0,6-3 3-6 6-2 6-2,5,RR,,,,,,,,,,,,,,,,,,,
2011-D036,Davis Cup G1 R2: SUI vs POR,Hard,4,D,,20110708,1,W367,,,Stan Wawrinka,R,183.0,SUI,26.278,15.0,1935.0,G717,,,Fred Gil,R,173.0,POR,26.289,90.0,576.0,7-5 6-3 6-4,5,RR,,,,,,,,,,,,,,,,,,,
2011-D036,Davis Cup G1 R2: SUI vs POR,Hard,4,D,,20110708,2,F324,,,Roger Federer,R,185.0,SUI,29.914,3.0,9230.0,MA49,,,Rui Machado,R,178.0,POR,27.242,93.0,553.0,5-7 6-3 6-4 6-2,5,RR,,,,,,,,,,,,,,,,,,,
2011-D036,Davis Cup G1 R2: SUI vs POR,Hard,4,D,,20110708,3,C582,,,Marco Chiudinelli,R,185.0,SUI,29.823,206.0,248.0,SH90,,,Joao Sousa,R,185.0,POR,22.272,198.0,264.0,6-3 6-4,3,RR,,,,,,,,,,,,,,,,,,,
2011-D036,Davis Cup G1 R2: SUI vs POR,Hard,4,D,,20110708,4,W367,,,Stan Wawrinka,R,183.0,SUI,26.278,15.0,1935.0,T771,,,Leonardo Tavares,R,,POR,27.379,311.0,141.0,7-6(1) 6-0,3,RR,,,,,,,,,,,,,,,,,,,
2011-D038,Davis Cup WG QF: SWE vs SRB,Hard,4,D,,20110708,1,T840,,,Viktor Troicki,R,193.0,SRB,25.405,16.0,1930.0,R632,,,Michael Ryderstedt,L,188.0,SWE,26.65,297.0,151.0,6-3 6-1 6-7(6) 7-5,5,RR,,,,,,,,,,,,,,,,,,,
2011-D038,Davis Cup WG QF: SWE vs SRB,Hard,4,D,,20110708,2,T742,,,Janko Tipsarevic,R,180.0,SRB,27.042,29.0,1305.0,E639,,,Ervin Eleskovic,R,,SWE,24.167,355.0,115.0,6-2 1-0 RET,5,RR,,,,,,,,,,,,,,,,,,,
2011-D038,Davis Cup WG QF: SWE vs SRB,Hard,4,D,,20110708,3,T742,,,Janko Tipsarevic,R,180.0,SRB,27.042,29.0,1305.0,R632,,,Michael Ryderstedt,L,188.0,SWE,26.65,297.0,151.0,6-2 7-5 6-3,5,RR,,,,,,,,,,,,,,,,,,,
2011-D038,Davis Cup WG QF: SWE vs SRB,Hard,4,D,,20110708,4,T840,,,Viktor Troicki,R,193.0,SRB,25.405,16.0,1930.0,L335,,,Robert Lindstedt,R,191.0,SWE,34.303,,,3-6 6-4 RET,5,RR,,,,,,,,,,,,,,,,,,,
2011-D040,Davis Cup WG QF: USA vs ESP,Hard,4,D,,20110708,1,L397,,,Feliciano Lopez,L,188.0,ESP,29.796,31.0,1290.0,F339,,,Mardy Fish,R,188.0,USA,29.577,8.0,2650.0,6-4 3-6 6-3 6-7(2) 8-6,5,RR,,,,,,,,,,,,,,,,,,,
2011-D040,Davis Cup WG QF: USA vs ESP,Hard,4,D,,20110708,2,F401,,,David Ferrer,R,175.0,ESP,29.265,6.0,4150.0,R485,,,Andy Roddick,R,188.0,USA,28.854,10.0,2110.0,7-6(9) 7-5 6-3,5,RR,,,,,,,,,,,,,,,,,,,
2011-D040,Davis Cup WG QF: USA vs ESP,Hard,4,D,,20110708,3,F401,,,David Ferrer,R,175.0,ESP,29.265,6.0,4150.0,F339,,,Mardy Fish,R,188.0,USA,29.577,8.0,2650.0,7-5 7-6(3) 5-7 7-6(5),5,RR,,,,,,,,,,,,,,,,,,,
2011-D041,Davis Cup WG QF: GER vs FRA,Clay,4,D,,20110708,1,G628,,,Richard Gasquet,R,183.0,FRA,25.054,11.0,2105.0,MB02,,,Florian Mayer,R,191.0,GER,27.756,20.0,1555.0,4-6 4-6 7-5 6-3 6-3,5,RR,,,,,,,,,,,,,,,,,,,
2011-D041,Davis Cup WG QF: GER vs FRA,Clay,4,D,,20110708,2,MC65,,,Gael Monfils,R,193.0,FRA,24.849,7.0,2780.0,K435,,,Philipp Kohlschreiber,R,178.0,GER,27.726,42.0,1080.0,7-6(3) 7-6(5) 6-4,5,RR,,,,,,,,,,,,,,,,,,,
2011-D041,Davis Cup WG QF: GER vs FRA,Clay,4,D,,20110708,3,P624,,,Philipp Petzschner,R,185.0,GER,27.288,77.0,665.0,L428,,,Michael Llodra,L,191.0,FRA,31.138,28.0,1330.0,6-3 6-4,3,RR,,,,,,,,,,,,,,,,,,,
2011-D041,Davis Cup WG QF: GER vs FRA,Clay,4,D,,20110708,4,T786,,,Jo-Wilfried Tsonga,R,188.0,FRA,26.223,14.0,1945.0,K435,,,Philipp Kohlschreiber,R,178.0,GER,27.726,42.0,1080.0,7-6(3) 7-6(5),3,RR,,,,,,,,,,,,,,,,,,,
2011-D053,Davis Cup G1 R2: ECU vs CAN,Clay,4,D,,20110708,1,E701,,,Ivan Endara,R,,ECU,23.343,497.0,62.0,PD07,,,Vasek Pospisil,R,193.0,CAN,21.04,191.0,273.0,6-3 6-4 6-7(6) 6-3,5,RR,,,,,,,,,,,,,,,,,,,
2011-D053,Davis Cup G1 R2: ECU vs CAN,Clay,4,D,,20110708,2,C775,,,Julio Cesar Campozano,R,,ECU,25.432,384.0,105.0,BC68,,,Philip Bester,R,188.0,CAN,22.752,229.0,214.0,7-6(4) 6-7(4) 7-5 6-2,5,RR,,,,,,,,,,,,,,,,,,,
2011-D053,Davis Cup G1 R2: ECU vs CAN,Clay,4,D,,20110708,3,PD07,,,Vasek Pospisil,R,193.0,CAN,21.04,191.0,273.0,C775,,,Julio Cesar Campozano,R,,ECU,25.432,384.0,105.0,6-3 6-4 7-5,5,RR,,,,,,,,,,,,,,,,,,,
2011-D053,Davis Cup G1 R2: ECU vs CAN,Clay,4,D,,20110708,4,BC68,,,Philip Bester,R,188.0,CAN,22.752,229.0,214.0,E701,,,Ivan Endara,R,,ECU,23.343,497.0,62.0,6-2 7-6(3) 6-4,5,RR,,,,,,,,,,,,,,,,,,,
2011-D054,Davis Cup G1 R2: URU vs BRA,Clay,4,D,,20110708,1,SC73,,,Rogerio Dutra Silva,R,178.0,BRA,27.42,135.0,419.0,F392,,,Marcel Felder,R,,URU,26.995,367.0,111.0,6-2 6-2 6-3,5,RR,,,,,,,,,,,,,,,,,,,
2011-D054,Davis Cup G1 R2: URU vs BRA,Clay,4,D,,20110708,2,BD20,,,Thomaz Bellucci,L,188.0,BRA,23.521,34.0,1225.0,CC98,,,Martin Cuevas,R,191.0,URU,19.48,634.0,32.0,6-1 6-4 7-5,5,RR,,,,,,,,,,,,,,,,,,,
2011-D054,Davis Cup G1 R2: URU vs BRA,Clay,4,D,,20110708,3,S938,,,Bruno Soares,R,180.0,BRA,29.358,,,BD52,,,Ariel Behar,R,180.0,URU,21.651,1003.0,7.0,6-2 6-2,3,RR,,,,,,,,,,,,,,,,,,,
2011-D054,Davis Cup G1 R2: URU vs BRA,Clay,4,D,,20110708,4,SC73,,,Rogerio Dutra Silva,R,178.0,BRA,27.42,135.0,419.0,CC98,,,Martin Cuevas,R,191.0,URU,19.48,634.0,32.0,6-3 7-6(4),3,RR,,,,,,,,,,,,,,,,,,,
2011-D055,Davis Cup G1 R2: CHN vs AUS,Hard,4,D,,20110708,1,W571,,,Di Wu,R,173.0,CHN,19.814,404.0,92.0,ME05,,,Marinko Matosevic,R,193.0,AUS,25.914,141.0,402.0,4-6 6-3 3-6 6-4 6-4,5,RR,,,,,,,,,,,,,,,,,,,
2011-D055,Davis Cup G1 R2: CHN vs AUS,Hard,4,D,,20110708,2,TA46,,,Bernard Tomic,R,196.0,AUS,18.71,71.0,707.0,Z272,,,Ze Zhang,R,188.0,CHN,21.01,382.0,105.0,6-3 5-7 6-4 6-4,5,RR,,,,,,,,,,,,,,,,,,,
2011-D055,Davis Cup G1 R2: CHN vs AUS,Hard,4,D,,20110708,3,H432,,,Lleyton Hewitt,R,178.0,AUS,30.366,173.0,305.0,Z272,,,Ze Zhang,R,188.0,CHN,21.01,382.0,105.0,6-2 6-2 4-6 7-6(2),5,RR,,,,,,,,,,,,,,,,,,,
2011-D056,Davis Cup G1 R2: JPN vs UZB,Hard,4,D,,20110708,1,I165,,,Denis Istomin,R,185.0,UZB,24.832,68.0,725.0,I230,,,Tatsuma Ito,R,180.0,JPN,23.138,111.0,491.0,6-4 6-4 6-4,5,RR,,,,,,,,,,,,,,,,,,,
2011-D056,Davis Cup G1 R2: JPN vs UZB,Hard,4,D,,20110708,2,N552,,,Kei Nishikori,R,178.0,JPN,21.522,50.0,945.0,D551,,,Farrukh Dustov,R,193.0,UZB,25.128,294.0,154.0,6-7 6-3 6-1 RET,5,RR,,,,,,,,,,,,,,,,,,,
2011-D056,Davis Cup G1 R2: JPN vs UZB,Hard,4,D,,20110708,3,N552,,,Kei Nishikori,R,178.0,JPN,21.522,50.0,945.0,I165,,,Denis Istomin,R,185.0,UZB,24.832,68.0,725.0,6-7(5) 7-5 6-4 6-3,5,RR,,,,,,,,,,,,,,,,,,,
2011-D056,Davis Cup G1 R2: JPN vs UZB,Hard,4,D,,20110708,4,SC47,,,Go Soeda,R,178.0,JPN,26.836,131.0,433.0,I164,,,Sarvar Ikramov,R,180.0,UZB,26.489,952.0,8.0,7-5 6-0,3,RR,,,,,,,,,,,,,,,,,,,
2011-D057,Davis Cup G1 PO: NZL vs PHI,Hard,4,D,,20110708,1,SF89,,,Rubin Statham,R,180.0,NZL,24.203,556.0,46.0,G810,,,Ruben Gonzales,R,,PHI,25.821,830.0,14.0,6-4 6-4 6-4,5,RR,,,,,,,,,,,,,,,,,,,
2011-D057,Davis Cup G1 PO: NZL vs PHI,Hard,4,D,,20110708,2,V576,,,Michael Venus,R,191.0,NZL,23.726,305.0,145.0,M614,,,Cecil Mamiit,R,173.0,PHI,35.028,1025.0,6.0,6-7(6) 7-6(4) 6-3 4-6 6-3,5,RR,,,,,,,,,,,,,,,,,,,
2011-D057,Davis Cup G1 PO: NZL vs PHI,Hard,4,D,,20110708,3,D763,,,Marcus Daniell,R,188.0,NZL,21.659,998.0,7.0,PG17,,,Jeson Patrombon,R,,PHI,18.281,1381.0,2.0,4-6 6-3 6-3,3,RR,,,,,,,,,,,,,,,,,,,
2011-D057,Davis Cup G1 PO: NZL vs PHI,Hard,4,D,,20110708,4,SD23,,,Artem Sitak,R,185.0,NZL,25.41,380.0,106.0,M614,,,Cecil Mamiit,R,173.0,PHI,35.028,1025.0,6.0,6-4 7-5,3,RR,,,,,,,,,,,,,,,,,,,
2011-D061,Davis Cup G2 R2: PER vs DOM,Clay,4,D,,20110708,1,BG25,,,Duilio Beretta,,,PER,19.365,446.0,76.0,G166,,,Jhonson Garcia,R,,DOM,30.765,,,6-3 6-4 7-5,5,RR,,,,,,,,,,,,,,,,,,,
2011-D061,Davis Cup G2 R2: PER vs DOM,Clay,4,D,,20110708,2,E224,,,Victor Estrella Burgos,R,170.0,DOM,30.93,210.0,239.0,M783,,,Ivan Miranda,R,175.0,PER,31.332,674.0,26.0,6-4 7-5 1-6 6-4,5,RR,,,,,,,,,,,,,,,,,,,
2011-D061,Davis Cup G2 R2: PER vs DOM,Clay,4,D,,20110708,3,BG25,,,Duilio Beretta,,,PER,19.365,446.0,76.0,E224,,,Victor Estrella Burgos,R,170.0,DOM,30.93,210.0,239.0,7-5 6-3 6-7(4) 6-4,5,RR,,,,,,,,,,,,,,,,,,,
2011-D062,Davis Cup G2 R2: PAR vs VEN,Clay,4,D,,20110708,1,GC34,,,Diego Galeano,,,PAR,19.431,677.0,26.0,R808,,,Roman Recarte,,,VEN,26.267,600.0,37.0,6-4 7-6(3) 6-3,5,RR,,,,,,,,,,,,,,,,,,,
2011-D062,Davis Cup G2 R2: PAR vs VEN,Clay,4,D,,20110708,2,SK06,,,David Souto,L,191.0,VEN,19.283,408.0,91.0,L922,,,Daniel-Alejandro Lopez Cassaccia,R,,PAR,22.012,764.0,18.0,7-6(4) 7-5 6-4,5,RR,,,,,,,,,,,,,,,,,,,
2011-D062,Davis Cup G2 R2: PAR vs VEN,Clay,4,D,,20110708,3,GC34,,,Diego Galeano,,,PAR,19.431,677.0,26.0,SK06,,,David Souto,L,191.0,VEN,19.283,408.0,91.0,4-6 6-3 6-4 6-4,5,RR,,,,,,,,,,,,,,,,,,,
2011-D063,Davis Cup G2 PO: ESA vs AHO,Clay,4,D,,20110708,1,BE06,,,Alexander Blom,,,AHO,,,,A620,,,Rafael Arevalo,R,,ESA,25.01,1311.0,2.0,4-6 6-1 6-2 7-5,5,RR,,,,,,,,,,,,,,,,,,,
2011-D063,Davis Cup G2 PO: ESA vs AHO,Clay,4,D,,20110708,2,A853,,,Marcelo Arevalo,R,191.0,ESA,20.723,837.0,13.0,V473,,,Martijn Van Haasteren,R,,AHO,30.817,,,6-1 5-7 6-2 7-6(4),5,RR,,,,,,,,,,,,,,,,,,,
2011-D063,Davis Cup G2 PO: ESA vs AHO,Clay,4,D,,20110708,3,BE06,,,Alexander Blom,,,AHO,,,,A853,,,Marcelo Arevalo,R,191.0,ESA,20.723,837.0,13.0,6-4 6-4 3-6 3-6 6-3,5,RR,,,,,,,,,,,,,,,,,,,
2011-D063,Davis Cup G2 PO: ESA vs AHO,Clay,4,D,,20110708,4,A620,,,Rafael Arevalo,R,,ESA,25.01,1311.0,2.0,V473,,,Martijn Van Haasteren,R,,AHO,30.817,,,6-4 6-2 6-1,5,RR,,,,,,,,,,,,,,,,,,,
2011-D064,Davis Cup G2 PO: PUR vs HAI,Hard,4,D,,20110708,1,BD45,,,Chris Brandi,,,USA,28.668,,,AB25,,,Gonzales Austin,L,180.0,USA,18.669,,,6-3 6-4 6-1,5,RR,,,,,,,,,,,,,,,,,,,
2011-D064,Davis Cup G2 PO: PUR vs HAI,Hard,4,D,,20110708,2,F850,,,Gabriel Flores Ruiz,,,PUR,19.384,,,SF48,,,Olivier Sajous,R,,USA,24.422,516.0,57.0,6-4 4-6 6-1 6-4,5,RR,,,,,,,,,,,,,,,,,,,
2011-D064,Davis Cup G2 PO: PUR vs HAI,Hard,4,D,,20110708,3,BD45,,,Chris Brandi,,,USA,28.668,,,108769,,,Johann Coles,,,HAI,,,,6-4 6-3,3,RR,,,,,,,,,,,,,,,,,,,
2011-D064,Davis Cup G2 PO: PUR vs HAI,Hard,4,D,,20110708,4,AB25,,,Gonzales Austin,L,180.0,USA,18.669,,,F850,,,Gabriel Flores Ruiz,,,PUR,19.384,,,7-6(6) 7-6(5),3,RR,,,,,,,,,,,,,,,,,,,
2011-D065,Davis Cup G2 R2: KOR vs PAK,Hard,4,D,,20110708,1,I145,,,Kyu Tae Im,R,185.0,KOR,30.5,477.0,66.0,K425,,,Aqeel Khan,R,,PAK,31.436,,,6-2 6-4 6-2,5,RR,,,,,,,,,,,,,,,,,,,
2011-D065,Davis Cup G2 R2: KOR vs PAK,Hard,4,D,,20110708,2,L918,,,Yong-Kyu Lim,R,185.0,KOR,20.055,420.0,86.0,Q019,,,Aisam-Ul-Haq Qureshi,R,183.0,PAK,31.307,,,6-2 5-7 6-4 3-6 6-3,5,RR,,,,,,,,,,,,,,,,,,,
2011-D065,Davis Cup G2 R2: KOR vs PAK,Hard,4,D,,20110708,3,K417,,,Young-Jun Kim,R,,KOR,31.37,454.0,73.0,KA41,,,Yasir Khan,,,PAK,22.215,,,6-0 6-0,3,RR,,,,,,,,,,,,,,,,,,,
2011-D066,Davis Cup G2 R2: THA vs INA,Hard,4,D,,20110708,1,R862,,,Christopher Rungkat,R,175.0,INA,21.478,478.0,66.0,W481,,,Kittipong Wachiramanowong,R,183.0,THA,21.035,534.0,53.0,6-2 7-6(3) 6-0,5,RR,,,,,,,,,,,,,,,,,,,
2011-D066,Davis Cup G2 R2: THA vs INA,Hard,4,D,,20110708,2,U043,,,Danai Udomchoke,R,173.0,THA,29.906,216.0,234.0,SH34,,,Elbert Sie,R,,INA,23.836,1189.0,4.0,6-1 6-1 6-0,5,RR,,,,,,,,,,,,,,,,,,,
2011-D066,Davis Cup G2 R2: THA vs INA,Hard,4,D,,20110708,3,U043,,,Danai Udomchoke,R,173.0,THA,29.906,216.0,234.0,R862,,,Christopher Rungkat,R,175.0,INA,21.478,478.0,66.0,6-4 6-2 6-1,5,RR,,,,,,,,,,,,,,,,,,,
2011-D066,Davis Cup G2 R2: THA vs INA,Hard,4,D,,20110708,4,W481,,,Kittipong Wachiramanowong,R,183.0,THA,21.035,534.0,53.0,SH34,,,Elbert Sie,R,,INA,23.836,1189.0,4.0,6-7(4) 7-5 RET,5,RR,,,,,,,,,,,,,,,,,,,
2011-D067,Davis Cup G2 PO: HKG vs SYR,Hard,4,D,,20110708,1,SP27,,,Nicholas Sayer,,,HKG,19.209,,,TC00,,,Issam Haitham Taweel,,,EGY,21.993,,,6-4 3-6 5-7 6-1 6-3,5,RR,,,,,,,,,,,,,,,,,,,
2011-D067,Davis Cup G2 PO: HKG vs SYR,Hard,4,D,,20110708,2,Y099,,,Hiu-Tung Yu,,,HKG,27.42,,,A769,,,Marc Abdelnour,,,SYR,22.905,,,6-2 6-4 6-3,5,RR,,,,,,,,,,,,,,,,,,,
2011-D067,Davis Cup G2 PO: HKG vs SYR,Hard,4,D,,20110708,3,AA55,,,Bruno Abdel Nour,,,SYR,20.159,1135.0,4.0,SP27,,,Nicholas Sayer,,,HKG,19.209,,,6-2 6-0,3,RR,,,,,,,,,,,,,,,,,,,
2011-D067,Davis Cup G2 PO: HKG vs SYR,Hard,4,D,,20110708,4,V231,,,Coenie Van Wyk,R,,RSA,33.851,,,R673,,,Romain Radwan,,,FRA,,,,6-1 6-4,3,RR,,,,,,,,,,,,,,,,,,,
2011-D068,Davis Cup G2 PO: POC vs IRI,Hard,4,D,,20110708,1,N523,,,West Nott,,,MHL,29.081,,,KA77,,,Shahin Khaledan,,,IRI,21.084,1089.0,5.0,6-1 6-4 6-2,5,RR,,,,,,,,,,,,,,,,,,,
2011-D068,Davis Cup G2 PO: POC vs IRI,Hard,4,D,,20110708,2,L858,,,Michael Leong,,,SOL,25.306,1728.0,1.0,K773,,,Rouzbeh Kamran,,,IRI,27.844,1793.0,1.0,1-6 6-3 6-4 6-4,5,RR,,,,,,,,,,,,,,,,,,,
2011-D068,Davis Cup G2 PO: POC vs IRI,Hard,4,D,,20110708,3,KA77,,,Shahin Khaledan,,,IRI,21.084,1089.0,5.0,J341,,,Cyril Jacobe,,,VAN,28.271,,,6-4 6-4,3,RR,,,,,,,,,,,,,,,,,,,
2011-D068,Davis Cup G2 PO: POC vs IRI,Hard,4,D,,20110708,4,N523,,,West Nott,,,MHL,29.081,,,K773,,,Rouzbeh Kamran,,,IRI,27.844,1793.0,1.0,6-3 6-4,3,RR,,,,,,,,,,,,,,,,,,,
2011-D069,Davis Cup G2 R2: GBR vs LUX,Hard,4,D,,20110708,1,MA30,,,Gilles Muller,L,193.0,LUX,28.164,81.0,640.0,W503,,,James Ward,R,188.0,GBR,24.408,187.0,279.0,6-3 7-6(4) 6-1,5,RR,,,,,,,,,,,,,,,,,,,
2011-D069,Davis Cup G2 R2: GBR vs LUX,Hard,4,D,,20110708,2,MC10,,,Andy Murray,R,191.0,GBR,24.148,4.0,6855.0,BA22,,,Laurent Bram,,,LUX,,,,6-0 6-0 6-0,5,RR,,,,,,,,,,,,,,,,,,,
2011-D069,Davis Cup G2 R2: GBR vs LUX,Hard,4,D,,20110708,3,MC10,,,Andy Murray,R,191.0,GBR,24.148,4.0,6855.0,MA30,,,Gilles Muller,L,193.0,LUX,28.164,81.0,640.0,6-4 6-3 6-1,5,RR,,,,,,,,,,,,,,,,,,,
2011-D069,Davis Cup G2 R2: GBR vs LUX,Hard,4,D,,20110708,4,W503,,,James Ward,R,188.0,GBR,24.408,187.0,279.0,V746,,,Mike Vermeer,,,LUX,18.661,971.0,8.0,6-1 6-3,3,RR,,,,,,,,,,,,,,,,,,,
2011-D070,Davis Cup G2 R2: HUN vs BLR,Clay,4,D,,20110708,1,I236,,,Uladzimir Ignatik,R,183.0,BLR,20.983,153.0,356.0,K803,,,Adam Kellner,,,HUN,24.934,249.0,194.0,7-6(5) 6-4 5-7 1-6 7-5,5,RR,,,,,,,,,,,,,,,,,,,
2011-D070,Davis Cup G2 R2: HUN vs BLR,Clay,4,D,,20110708,2,BD80,,,Attila Balazs,R,180.0,HUN,22.776,224.0,224.0,BD82,,,Sergey Betov,R,185.0,,23.729,364.0,111.0,6-2 6-1 7-5,5,RR,,,,,,,,,,,,,,,,,,,
2011-D070,Davis Cup G2 R2: HUN vs BLR,Clay,4,D,,20110708,3,BD80,,,Attila Balazs,R,180.0,HUN,22.776,224.0,224.0,I236,,,Uladzimir Ignatik,R,183.0,BLR,20.983,153.0,356.0,7-6(5) 6-3 7-6(7),5,RR,,,,,,,,,,,,,,,,,,,
2011-D070,Davis Cup G2 R2: HUN vs BLR,Clay,4,D,,20110708,4,K803,,,Adam Kellner,,,HUN,24.934,249.0,194.0,BD82,,,Sergey Betov,R,185.0,,23.729,364.0,111.0,6-2 6-0 6-2,5,RR,,,,,,,,,,,,,,,,,,,
2011-D071,Davis Cup G2 R2: BIH vs EST,Hard,4,D,,20110708,1,Z254,,,Jurgen Zopp,R,191.0,EST,23.274,186.0,281.0,SF41,,,Aldin Setkic,R,191.0,BIH,23.546,329.0,131.0,1-6 7-5 6-3 5-7 6-2,5,RR,,,,,,,,,,,,,,,,,,,
2011-D071,Davis Cup G2 R2: BIH vs EST,Hard,4,D,,20110708,2,D438,,,Amer Delic,R,196.0,BIH,29.021,238.0,203.0,PB33,,,Jaak Poldma,,,EST,23.143,,,6-4 6-1 7-5,5,RR,,,,,,,,,,,,,,,,,,,
2011-D071,Davis Cup G2 R2: BIH vs EST,Hard,4,D,,20110708,3,D438,,,Amer Delic,R,196.0,BIH,29.021,238.0,203.0,Z254,,,Jurgen Zopp,R,191.0,EST,23.274,186.0,281.0,7-6(12) 6-3 7-5,5,RR,,,,,,,,,,,,,,,,,,,
2011-D071,Davis Cup G2 R2: BIH vs EST,Hard,4,D,,20110708,4,I067,,,Vladimir Ivanov,R,,EST,24.244,1124.0,5.0,BE68,,,Tomislav Brkic,R,185.0,BIH,21.331,557.0,46.0,7-5 3-6 6-3,3,RR,,,,,,,,,,,,,,,,,,,
2011-D072,Davis Cup G2 R2: DEN vs LAT,Clay,4,D,,20110708,1,J259,,,Andis Juska,R,,LAT,26.127,400.0,94.0,PB29,,,Martin Pedersen,,,DEN,24.063,,,6-2 7-6(3) 2-6 6-2,5,RR,,,,,,,,,,,,,,,,,,,
2011-D072,Davis Cup G2 R2: DEN vs LAT,Clay,4,D,,20110708,2,N390,,,Frederik Nielsen,R,188.0,DEN,27.863,196.0,267.0,PG04,,,Martins Podzus,R,188.0,LAT,17.024,,,0-6 1-6 7-5 6-3 6-0,5,RR,,,,,,,,,,,,,,,,,,,
2011-D072,Davis Cup G2 R2: DEN vs LAT,Clay,4,D,,20110708,3,J259,,,Andis Juska,R,,LAT,26.127,400.0,94.0,N390,,,Frederik Nielsen,R,188.0,DEN,27.863,196.0,267.0,6-1 4-6 6-2 6-2,5,RR,,,,,,,,,,,,,,,,,,,
2011-D072,Davis Cup G2 R2: DEN vs LAT,Clay,4,D,,20110708,4,PB29,,,Martin Pedersen,,,DEN,24.063,,,PG04,,,Martins Podzus,R,188.0,LAT,17.024,,,6-2 6-4 6-1,5,RR,,,,,,,,,,,,,,,,,,,
2011-D073,Davis Cup G2 PO: IRL vs TUN,Hard,4,D,,20110708,1,N349,,,Conor Niland,R,185.0,IRL,29.799,171.0,308.0,G909,,,Anis Ghorbel,,,TUN,22.204,,,6-4 6-2 6-1,5,RR,,,,,,,,,,,,,,,,,,,
2011-D073,Davis Cup G2 PO: IRL vs TUN,Hard,4,D,,20110708,2,J267,,,Malek Jaziri,R,185.0,TUN,27.463,291.0,158.0,K961,,,Barry King,R,,IRL,26.456,1013.0,7.0,6-1 6-1 7-5,5,RR,,,,,,,,,,,,,,,,,,,
2011-D073,Davis Cup G2 PO: IRL vs TUN,Hard,4,D,,20110708,3,N349,,,Conor Niland,R,185.0,IRL,29.799,171.0,308.0,J267,,,Malek Jaziri,R,185.0,TUN,27.463,291.0,158.0,7-5 7-5 6-1,5,RR,,,,,,,,,,,,,,,,,,,
2011-D073,Davis Cup G2 PO: IRL vs TUN,Hard,4,D,,20110708,4,K961,,,Barry King,R,,IRL,26.456,1013.0,7.0,G909,,,Anis Ghorbel,,,TUN,22.204,,,7-6(7) 6-2 6-1,5,RR,,,,,,,,,,,,,,,,,,,
2011-D074,Davis Cup G2 PO: BUL vs CYP,Carpet,4,D,,20110708,1,B837,,,Marcos Baghdatis,R,178.0,CYP,26.056,24.0,1375.0,MH41,,,Tzvetan Mihov,,,BUL,20.383,1318.0,2.0,6-1 6-4 6-1,5,RR,,,,,,,,,,,,,,,,,,,
2011-D074,Davis Cup G2 PO: BUL vs CYP,Carpet,4,D,,20110708,2,K918,,,Dimitar Kutrovsky,R,175.0,BUL,23.863,578.0,42.0,TB00,,,Philippos Tsangaridis,,,CYP,19.014,,,6-0 6-2 6-2,5,RR,,,,,,,,,,,,,,,,,,,
2011-D074,Davis Cup G2 PO: BUL vs CYP,Carpet,4,D,,20110708,3,B837,,,Marcos Baghdatis,R,178.0,CYP,26.056,24.0,1375.0,K918,,,Dimitar Kutrovsky,R,175.0,BUL,23.863,578.0,42.0,6-3 3-6 7-6(3) 7-5,5,RR,,,,,,,,,,,,,,,,,,,
2011-D074,Davis Cup G2 PO: BUL vs CYP,Carpet,4,D,,20110708,4,KC33,,,Dimitar Kuzmanov,R,183.0,BUL,17.944,938.0,9.0,K800,,,Christofer Koutrouzas,,,CYP,23.598,,,6-2 6-1,3,RR,,,,,,,,,,,,,,,,,,,
2011-D075,Davis Cup G2 PO: LTU vs MAR,Clay,4,D,,20110708,1,E655,,,Reda El Amrani,R,185.0,MAR,23.135,356.0,114.0,ML78,,,Lukas Mugevicius,R,188.0,LTU,16.583,,,7-5 6-1 6-1,5,RR,,,,,,,,,,,,,,,,,,,
2011-D075,Davis Cup G2 PO: LTU vs MAR,Clay,4,D,,20110708,2,I201,,,Yassine Idmbarek,,,MAR,24.583,785.0,16.0,SK08,,,Dovydas Sakinis,,,LTU,19.014,1112.0,5.0,2-6 6-2 6-3 2-0 RET,5,RR,,,,,,,,,,,,,,,,,,,
2011-D075,Davis Cup G2 PO: LTU vs MAR,Clay,4,D,,20110708,3,KB07,,,Hicham Khaddari,,,MAR,19.885,925.0,10.0,TC88,,,Julius Tverijonas,R,188.0,LTU,17.065,,,6-4 6-3,3,RR,,,,,,,,,,,,,,,,,,,
2011-D075,Davis Cup G2 PO: LTU vs MAR,Clay,4,D,,20110708,4,I201,,,Yassine Idmbarek,,,MAR,24.583,785.0,16.0,GE29,,,Julius Gotovskis,R,,LTU,18.472,,,1-6 6-4 6-2,3,RR,,,,,,,,,,,,,,,,,,,
2011-D076,Davis Cup G2 PO: GRE vs MON,Clay,4,D,,20110708,1,L386,,,Jean-Rene Lisnard,R,173.0,MON,31.784,588.0,40.0,J206,,,Alexandros Jakupovic,R,,GRE,29.563,590.0,40.0,6-2 3-6 7-5 6-4,5,RR,,,,,,,,,,,,,,,,,,,
2011-D076,Davis Cup G2 PO: GRE vs MON,Clay,4,D,,20110708,2,B946,,,Benjamin Balleret,R,183.0,MON,28.476,481.0,65.0,A584,,,Theodoros Angelinos,,,GRE,27.107,636.0,31.0,3-6 7-6(5) 6-4 6-4,5,RR,,,,,,,,,,,,,,,,,,,
2011-D076,Davis Cup G2 PO: GRE vs MON,Clay,4,D,,20110708,3,E160,,,Konstantinos Economidis,R,188.0,GRE,33.678,919.0,9.0,B946,,,Benjamin Balleret,R,183.0,MON,28.476,481.0,65.0,6-3 7-6(4),3,RR,,,,,,,,,,,,,,,,,,,
2011-D076,Davis Cup G2 PO: GRE vs MON,Clay,4,D,,20110708,4,A584,,,Theodoros Angelinos,,,GRE,27.107,636.0,31.0,L386,,,Jean-Rene Lisnard,R,173.0,MON,31.784,588.0,40.0,7-6(3) 6-1,3,RR,,,,,,,,,,,,,,,,,,,
2011-316,Bastad,Clay,28,250,O,20110711,1,J214,,Q,Diego Junqueira,L,178.0,ARG,30.533,101.0,513.0,A511,,,Igor Andreev,R,185.0,RUS,27.992,75.0,665.0,7-6(3) 3-6 6-4,3,R32,141.0,0.0,1.0,90.0,70.0,48.0,10.0,16.0,6.0,10.0,4.0,4.0,95.0,59.0,43.0,17.0,15.0,8.0,11.0
2011-316,Bastad,Clay,28,250,O,20110711,2,D729,,Q,Jonathan Dasnieres de Veigy,L,175.0,FRA,24.512,275.0,171.0,V250,,WC,Andreas Vinciguerra,L,180.0,SWE,30.387,727.0,20.0,6-1 1-6 6-3,3,R32,101.0,3.0,7.0,69.0,46.0,34.0,9.0,12.0,2.0,5.0,1.0,2.0,82.0,61.0,39.0,7.0,11.0,6.0,10.0
2011-316,Bastad,Clay,28,250,O,20110711,3,S843,8.0,,Potito Starace,R,188.0,ITA,29.99,51.0,940.0,R782,,,Julian Reister,R,188.0,GER,25.273,156.0,347.0,7-6(6) 6-3,3,R32,88.0,0.0,0.0,67.0,51.0,34.0,12.0,11.0,2.0,4.0,5.0,4.0,61.0,37.0,24.0,14.0,10.0,4.0,7.0
2011-316,Bastad,Clay,28,250,O,20110711,4,G681,,,Teymuraz Gabashvili,R,185.0,GEO,26.133,138.0,407.0,Y070,,,Michael Yani,R,185.0,USA,30.524,234.0,215.0,6-3 3-6 6-3,3,R32,129.0,3.0,5.0,93.0,52.0,36.0,24.0,14.0,0.0,1.0,7.0,1.0,90.0,60.0,41.0,14.0,13.0,9.0,11.0
2011-316,Bastad,Clay,28,250,O,20110711,5,K834,,,Blaz Kavcic,R,188.0,SLO,24.35,79.0,642.0,B747,,,Julien Benneteau,R,185.0,FRA,29.555,106.0,498.0,6-4 4-6 7-5,3,R32,174.0,4.0,2.0,110.0,80.0,47.0,13.0,16.0,8.0,14.0,5.0,4.0,103.0,69.0,45.0,8.0,16.0,3.0,10.0
2011-316,Bastad,Clay,28,250,O,20110711,6,MA21,6.0,,Juan Monaco,R,185.0,ARG,27.283,43.0,1100.0,B884,,,Carlos Berlocq,R,183.0,ARG,28.433,77.0,647.0,6-7(5) 7-6(7) 6-2,3,R32,212.0,0.0,3.0,145.0,97.0,63.0,27.0,16.0,16.0,18.0,3.0,2.0,116.0,72.0,48.0,22.0,16.0,4.0,8.0
2011-316,Bastad,Clay,28,250,O,20110711,7,R383,,,Ruben Ramirez Hidalgo,R,183.0,ESP,33.509,142.0,390.0,G806,7.0,,Andrey Golubev,R,180.0,KAZ,23.97,46.0,1000.0,6-7(4) 6-1 6-2,3,R32,131.0,1.0,3.0,95.0,50.0,30.0,25.0,13.0,7.0,10.0,2.0,7.0,88.0,48.0,30.0,12.0,14.0,1.0,9.0
2011-316,Bastad,Clay,28,250,O,20110711,8,R632,,WC,Michael Ryderstedt,L,188.0,SWE,26.658,311.0,143.0,G585,,,Maximo Gonzalez,R,173.0,ARG,27.975,90.0,586.0,6-4 2-6 6-2,3,R32,125.0,6.0,0.0,77.0,53.0,36.0,15.0,13.0,1.0,3.0,4.0,3.0,90.0,55.0,35.0,19.0,13.0,4.0,7.0
2011-316,Bastad,Clay,28,250,O,20110711,9,O327,,Q,Guillermo Olaso,R,175.0,ESP,23.294,182.0,293.0,V564,,Q,Antonio Veic,R,180.0,CRO,23.392,196.0,269.0,6-4 6-1,3,R32,76.0,2.0,4.0,61.0,35.0,26.0,12.0,8.0,5.0,6.0,2.0,4.0,55.0,35.0,19.0,9.0,9.0,5.0,10.0
2011-316,Bastad,Clay,28,250,O,20110711,10,V254,,,Filippo Volandri,R,183.0,ITA,29.845,87.0,608.0,R419,5.0,,Tommy Robredo,R,180.0,ESP,29.194,33.0,1235.0,7-5 5-5 RET,3,R32,110.0,0.0,2.0,64.0,48.0,29.0,9.0,11.0,1.0,5.0,1.0,1.0,80.0,45.0,25.0,18.0,11.0,6.0,11.0
2011-316,Bastad,Clay,28,250,O,20110711,11,H804,,,Andreas Haider-Maurer,R,191.0,AUT,24.304,74.0,666.0,K926,,,Mikhail Kukushkin,R,183.0,KAZ,23.54,67.0,737.0,7-5 6-2,3,R32,86.0,11.0,3.0,74.0,42.0,30.0,12.0,10.0,5.0,8.0,0.0,1.0,48.0,28.0,14.0,8.0,10.0,2.0,8.0
2011-316,Bastad,Clay,28,250,O,20110711,12,R750,,,Pere Riba,R,183.0,ESP,23.258,71.0,710.0,LA94,,WC,Christian Lindell,R,193.0,SWE,19.639,288.0,161.0,6-4 6-2,3,R32,89.0,3.0,1.0,54.0,30.0,23.0,13.0,9.0,2.0,4.0,1.0,1.0,57.0,35.0,16.0,11.0,9.0,2.0,7.0
2011-316,Bastad,Clay,28,250,O,20110711,13,SA49,1.0,,Robin Soderling,R,193.0,SWE,26.905,5.0,4325.0,J214,,Q,Diego Junqueira,L,178.0,ARG,30.533,101.0,513.0,6-0 6-1,3,R16,47.0,3.0,1.0,35.0,25.0,19.0,7.0,7.0,0.0,1.0,1.0,1.0,32.0,22.0,5.0,2.0,6.0,1.0,7.0
2011-316,Bastad,Clay,28,250,O,20110711,14,S843,8.0,,Potito Starace,R,188.0,ITA,29.99,51.0,940.0,D729,,Q,Jonathan Dasnieres de Veigy,L,175.0,FRA,24.512,275.0,171.0,6-0 6-7(5) 6-2,3,R16,134.0,0.0,1.0,87.0,68.0,46.0,10.0,13.0,5.0,7.0,3.0,3.0,100.0,71.0,43.0,8.0,13.0,9.0,16.0
2011-316,Bastad,Clay,28,250,O,20110711,15,BA47,3.0,,Tomas Berdych,R,196.0,CZE,25.812,8.0,2470.0,G681,,,Teymuraz Gabashvili,R,185.0,GEO,26.133,138.0,407.0,6-2 6-2,3,R16,86.0,9.0,2.0,54.0,34.0,24.0,13.0,8.0,1.0,1.0,0.0,1.0,56.0,25.0,16.0,13.0,8.0,2.0,6.0
2011-316,Bastad,Clay,28,250,O,20110711,16,K834,,,Blaz Kavcic,R,188.0,SLO,24.35,79.0,642.0,MA21,6.0,,Juan Monaco,R,185.0,ARG,27.283,43.0,1100.0,W/O,3,R16,,9.0,2.0,54.0,34.0,24.0,13.0,8.0,1.0,1.0,0.0,1.0,56.0,25.0,16.0,13.0,8.0,2.0,6.0
2011-316,Bastad,Clay,28,250,O,20110711,17,R632,,WC,Michael Ryderstedt,L,188.0,SWE,26.658,311.0,143.0,R383,,,Ruben Ramirez Hidalgo,R,183.0,ESP,33.509,142.0,390.0,6-4 6-2,3,R16,91.0,6.0,4.0,64.0,44.0,33.0,8.0,9.0,6.0,7.0,0.0,0.0,55.0,35.0,19.0,12.0,9.0,2.0,6.0
2011-316,Bastad,Clay,28,250,O,20110711,18,A479,4.0,,Nicolas Almagro,R,183.0,ESP,25.886,14.0,1955.0,O327,,Q,Guillermo Olaso,R,175.0,ESP,23.294,182.0,293.0,6-2 6-3,3,R16,56.0,3.0,5.0,55.0,30.0,25.0,12.0,8.0,2.0,2.0,3.0,2.0,52.0,29.0,17.0,12.0,9.0,2.0,6.0
2011-316,Bastad,Clay,28,250,O,20110711,19,H804,,,Andreas Haider-Maurer,R,191.0,AUT,24.304,74.0,666.0,V254,,,Filippo Volandri,R,183.0,ITA,29.845,87.0,608.0,6-3 7-6(7),3,R16,95.0,5.0,5.0,78.0,44.0,38.0,12.0,11.0,3.0,5.0,0.0,1.0,65.0,48.0,30.0,8.0,10.0,1.0,4.0
2011-316,Bastad,Clay,28,250,O,20110711,20,F401,2.0,,David Ferrer,R,175.0,ESP,29.273,6.0,4150.0,R750,,,Pere Riba,R,183.0,ESP,23.258,71.0,710.0,6-2 7-6(4),3,R16,125.0,1.0,3.0,72.0,34.0,27.0,24.0,10.0,4.0,4.0,3.0,4.0,91.0,49.0,36.0,16.0,10.0,6.0,8.0
2011-316,Bastad,Clay,28,250,O,20110711,21,SA49,1.0,,Robin Soderling,R,193.0,SWE,26.905,5.0,4325.0,S843,8.0,,Potito Starace,R,188.0,ITA,29.99,51.0,940.0,6-3 6-4,3,QF,72.0,6.0,3.0,50.0,25.0,22.0,18.0,10.0,0.0,0.0,4.0,1.0,61.0,40.0,25.0,10.0,9.0,2.0,4.0
2011-316,Bastad,Clay,28,250,O,20110711,22,BA47,3.0,,Tomas Berdych,R,196.0,CZE,25.812,8.0,2470.0,K834,,,Blaz Kavcic,R,188.0,SLO,24.35,79.0,642.0,6-1 6-4,3,QF,79.0,2.0,3.0,54.0,31.0,23.0,14.0,9.0,0.0,0.0,1.0,1.0,49.0,31.0,17.0,11.0,8.0,3.0,6.0
2011-316,Bastad,Clay,28,250,O,20110711,23,A479,4.0,,Nicolas Almagro,R,183.0,ESP,25.886,14.0,1955.0,R632,,WC,Michael Ryderstedt,L,188.0,SWE,26.658,311.0,143.0,6-4 7-6(4),3,QF,83.0,11.0,5.0,67.0,38.0,28.0,16.0,11.0,1.0,4.0,3.0,3.0,72.0,43.0,30.0,14.0,11.0,5.0,9.0
2011-316,Bastad,Clay,28,250,O,20110711,24,F401,2.0,,David Ferrer,R,175.0,ESP,29.273,6.0,4150.0,H804,,,Andreas Haider-Maurer,R,191.0,AUT,24.304,74.0,666.0,6-1 6-1,3,QF,56.0,2.0,0.0,37.0,19.0,13.0,16.0,7.0,2.0,2.0,2.0,0.0,40.0,20.0,9.0,7.0,7.0,4.0,9.0
2011-316,Bastad,Clay,28,250,O,20110711,25,SA49,1.0,,Robin Soderling,R,193.0,SWE,26.905,5.0,4325.0,BA47,3.0,,Tomas Berdych,R,196.0,CZE,25.812,8.0,2470.0,6-1 6-0,3,SF,71.0,3.0,0.0,47.0,29.0,20.0,11.0,7.0,4.0,4.0,2.0,2.0,56.0,32.0,14.0,10.0,6.0,6.0,11.0
2011-316,Bastad,Clay,28,250,O,20110711,26,F401,2.0,,David Ferrer,R,175.0,ESP,29.273,6.0,4150.0,A479,4.0,,Nicolas Almagro,R,183.0,ESP,25.886,14.0,1955.0,6-1 6-3,3,SF,64.0,5.0,2.0,51.0,34.0,24.0,9.0,8.0,2.0,3.0,3.0,1.0,46.0,25.0,10.0,9.0,8.0,1.0,6.0
2011-316,Bastad,Clay,28,250,O,20110711,27,SA49,1.0,,Robin Soderling,R,193.0,SWE,26.905,5.0,4325.0,F401,2.0,,David Ferrer,R,175.0,ESP,29.273,6.0,4150.0,6-2 6-2,3,F,67.0,4.0,3.0,41.0,21.0,18.0,11.0,8.0,0.0,1.0,3.0,2.0,59.0,32.0,16.0,11.0,8.0,6.0,11.0
2011-321,Stuttgart,Clay,32,250,O,20110711,1,H528,,,Victor Hanescu,R,198.0,ROU,29.971,64.0,760.0,MC65,1.0,,Gael Monfils,R,193.0,FRA,24.857,7.0,2755.0,2-6 7-6(7) 6-4,3,R32,137.0,2.0,2.0,99.0,57.0,36.0,24.0,15.0,1.0,5.0,13.0,8.0,102.0,59.0,43.0,21.0,15.0,4.0,7.0
2011-321,Stuttgart,Clay,32,250,O,20110711,2,CA22,,Q,Pavol Cervenak,R,191.0,SVK,24.027,287.0,162.0,Z168,,,Mischa Zverev,L,191.0,GER,23.885,104.0,503.0,6-4 4-6 6-2,3,R32,121.0,4.0,4.0,85.0,46.0,34.0,19.0,14.0,4.0,7.0,1.0,2.0,74.0,41.0,26.0,17.0,14.0,1.0,6.0
2011-321,Stuttgart,Clay,32,250,O,20110711,3,SC77,,,Sergiy Stakhovsky,R,193.0,UKR,25.509,45.0,1030.0,P605,,,Jaroslav Pospisil,R,175.0,CZE,30.415,131.0,431.0,4-6 6-2 7-6(5),3,R32,160.0,8.0,0.0,93.0,49.0,39.0,29.0,15.0,5.0,6.0,2.0,9.0,122.0,63.0,44.0,32.0,15.0,13.0,15.0
2011-321,Stuttgart,Clay,32,250,O,20110711,4,D874,,Q,Federico Delbonis,L,193.0,ARG,20.764,240.0,211.0,MB02,5.0,,Florian Mayer,R,191.0,GER,27.765,20.0,1555.0,6-2 6-3,3,R32,70.0,2.0,5.0,54.0,27.0,24.0,15.0,9.0,5.0,5.0,2.0,7.0,64.0,31.0,19.0,15.0,8.0,3.0,6.0
2011-321,Stuttgart,Clay,32,250,O,20110711,5,Y061,3.0,,Mikhail Youzhny,R,183.0,RUS,29.043,17.0,1810.0,P624,,,Philipp Petzschner,R,185.0,GER,27.296,76.0,665.0,6-3 6-3,3,R32,71.0,4.0,3.0,52.0,33.0,27.0,10.0,9.0,1.0,2.0,4.0,2.0,56.0,33.0,18.0,12.0,9.0,3.0,7.0
2011-321,Stuttgart,Clay,32,250,O,20110711,6,F316,,,Juan Carlos Ferrero,R,183.0,ESP,31.409,85.0,610.0,K624,,LL,Bastian Knittel,L,180.0,GER,27.923,184.0,286.0,6-2 6-4,3,R32,82.0,3.0,4.0,54.0,26.0,19.0,17.0,9.0,5.0,7.0,3.0,10.0,71.0,40.0,23.0,10.0,9.0,6.0,11.0
2011-321,Stuttgart,Clay,32,250,O,20110711,7,PD31,,,Benoit Paire,R,196.0,FRA,22.174,126.0,446.0,D864,,Q,Evgeny Donskoy,R,185.0,RUS,21.172,154.0,355.0,6-7(3) 6-4 6-2,3,R32,127.0,8.0,5.0,118.0,60.0,45.0,29.0,15.0,12.0,14.0,3.0,5.0,100.0,48.0,38.0,22.0,15.0,3.0,8.0
2011-321,Stuttgart,Clay,32,250,O,20110711,8,G710,,,Marcel Granollers,R,191.0,ESP,25.246,52.0,939.0,SA93,7.0,,Andreas Seppi,R,191.0,ITA,27.384,37.0,1165.0,6-3 3-6 6-1,3,R32,195.0,3.0,5.0,82.0,50.0,33.0,17.0,13.0,6.0,9.0,2.0,4.0,86.0,41.0,26.0,21.0,12.0,4.0,9.0
2011-321,Stuttgart,Clay,32,250,O,20110711,9,SK94,,WC,Cedrik-Marcel Stebe,L,180.0,GER,20.753,197.0,268.0,D402,6.0,,Nikolay Davydenko,R,178.0,RUS,30.105,29.0,1295.0,3-6 6-1 6-4,3,R32,123.0,2.0,5.0,86.0,47.0,29.0,17.0,13.0,6.0,11.0,1.0,6.0,82.0,59.0,34.0,8.0,13.0,8.0,15.0
2011-321,Stuttgart,Clay,32,250,O,20110711,10,F510,,,Fabio Fognini,R,178.0,ITA,24.131,39.0,1140.0,KB43,,WC,Robin Kern,R,188.0,GER,17.769,1143.0,4.0,6-4 6-1,3,R32,64.0,1.0,5.0,50.0,19.0,16.0,16.0,8.0,3.0,4.0,3.0,5.0,67.0,32.0,21.0,13.0,9.0,7.0,12.0
2011-321,Stuttgart,Clay,32,250,O,20110711,11,A596,,,Pablo Andujar,R,180.0,ESP,25.462,55.0,915.0,C856,,Q,Victor Crivoi,R,185.0,ROU,29.128,195.0,270.0,6-2 6-1,3,R32,72.0,1.0,3.0,50.0,33.0,19.0,9.0,7.0,6.0,8.0,0.0,1.0,45.0,29.0,13.0,3.0,8.0,1.0,8.0
2011-321,Stuttgart,Clay,32,250,O,20110711,12,M824,,,Albert Montanes,R,175.0,ESP,30.62,41.0,1120.0,SD32,4.0,,Gilles Simon,R,183.0,FRA,26.535,18.0,1745.0,4-6 7-6(5) 6-2,3,R32,119.0,4.0,10.0,93.0,48.0,33.0,23.0,15.0,8.0,13.0,5.0,4.0,89.0,51.0,32.0,20.0,15.0,3.0,9.0
2011-321,Stuttgart,Clay,32,250,O,20110711,13,G476,8.0,,Guillermo Garcia-Lopez,R,185.0,ESP,28.101,38.0,1155.0,S694,,,Radek Stepanek,R,185.0,CZE,32.619,57.0,883.0,6-1 6-3,3,R32,76.0,3.0,4.0,54.0,29.0,22.0,13.0,8.0,4.0,4.0,3.0,7.0,55.0,30.0,20.0,8.0,8.0,4.0,8.0
2011-321,Stuttgart,Clay,32,250,O,20110711,14,K540,,WC,Lukasz Kubot,R,191.0,POL,29.153,69.0,723.0,G676,,,Daniel Gimeno-Traver,R,183.0,ESP,25.925,60.0,815.0,7-6(2) 3-6 6-2,3,R32,122.0,4.0,7.0,88.0,53.0,43.0,18.0,14.0,5.0,7.0,13.0,3.0,77.0,44.0,34.0,18.0,15.0,0.0,3.0
2011-321,Stuttgart,Clay,32,250,O,20110711,15,CA12,,,Jeremy Chardy,R,188.0,FRA,24.408,58.0,850.0,K839,,,Tobias Kamke,R,178.0,GER,25.139,88.0,606.0,7-6(1) 6-1,3,R32,77.0,8.0,3.0,73.0,38.0,31.0,18.0,10.0,2.0,3.0,2.0,5.0,56.0,30.0,18.0,13.0,9.0,3.0,6.0
2011-321,Stuttgart,Clay,32,250,O,20110711,16,G725,,,Santiago Giraldo,R,188.0,COL,23.619,61.0,790.0,M762,2.0,,Jurgen Melzer,L,183.0,AUT,30.136,12.0,2085.0,6-4 7-5,3,R32,89.0,7.0,0.0,59.0,34.0,27.0,14.0,11.0,3.0,5.0,6.0,4.0,64.0,34.0,24.0,13.0,11.0,6.0,10.0
2011-321,Stuttgart,Clay,32,250,O,20110711,17,CA22,,Q,Pavol Cervenak,R,191.0,SVK,24.027,287.0,162.0,H528,,,Victor Hanescu,R,198.0,ROU,29.971,64.0,760.0,6-3 7-6(6),3,R16,88.0,4.0,4.0,73.0,45.0,33.0,15.0,11.0,4.0,6.0,2.0,2.0,61.0,39.0,24.0,11.0,10.0,1.0,4.0
2011-321,Stuttgart,Clay,32,250,O,20110711,18,D874,,Q,Federico Delbonis,L,193.0,ARG,20.764,240.0,211.0,SC77,,,Sergiy Stakhovsky,R,193.0,UKR,25.509,45.0,1030.0,6-4 6-3,3,R16,77.0,3.0,3.0,63.0,39.0,26.0,13.0,9.0,4.0,6.0,1.0,1.0,58.0,40.0,26.0,5.0,10.0,5.0,10.0
2011-321,Stuttgart,Clay,32,250,O,20110711,19,F316,,,Juan Carlos Ferrero,R,183.0,ESP,31.409,85.0,610.0,Y061,3.0,,Mikhail Youzhny,R,183.0,RUS,29.043,17.0,1810.0,6-7(6) 6-2 6-2,3,R16,136.0,5.0,0.0,94.0,58.0,42.0,22.0,14.0,3.0,5.0,5.0,6.0,101.0,53.0,31.0,26.0,14.0,5.0,11.0
2011-321,Stuttgart,Clay,32,250,O,20110711,20,G710,,,Marcel Granollers,R,191.0,ESP,25.246,52.0,939.0,PD31,,,Benoit Paire,R,196.0,FRA,22.174,126.0,446.0,6-4 7-5,3,R16,104.0,0.0,1.0,73.0,55.0,36.0,9.0,11.0,5.0,7.0,1.0,1.0,74.0,35.0,26.0,17.0,11.0,5.0,9.0
2011-321,Stuttgart,Clay,32,250,O,20110711,21,SK94,,WC,Cedrik-Marcel Stebe,L,180.0,GER,20.753,197.0,268.0,F510,,,Fabio Fognini,R,178.0,ITA,24.131,39.0,1140.0,7-6(5) 6-4,3,R16,147.0,1.0,6.0,102.0,50.0,24.0,28.0,11.0,11.0,16.0,2.0,3.0,96.0,55.0,32.0,16.0,11.0,6.0,12.0
2011-321,Stuttgart,Clay,32,250,O,20110711,22,A596,,,Pablo Andujar,R,180.0,ESP,25.462,55.0,915.0,M824,,,Albert Montanes,R,175.0,ESP,30.62,41.0,1120.0,2-6 6-4 6-3,3,R16,129.0,3.0,4.0,85.0,42.0,29.0,20.0,13.0,6.0,10.0,4.0,8.0,98.0,51.0,38.0,16.0,14.0,8.0,13.0
2011-321,Stuttgart,Clay,32,250,O,20110711,23,K540,,WC,Lukasz Kubot,R,191.0,POL,29.153,69.0,723.0,G476,8.0,,Guillermo Garcia-Lopez,R,185.0,ESP,28.101,38.0,1155.0,4-6 6-4 6-3,3,R16,145.0,2.0,6.0,88.0,57.0,41.0,17.0,15.0,2.0,5.0,5.0,5.0,79.0,41.0,25.0,23.0,14.0,2.0,6.0
2011-321,Stuttgart,Clay,32,250,O,20110711,24,G725,,,Santiago Giraldo,R,188.0,COL,23.619,61.0,790.0,CA12,,,Jeremy Chardy,R,188.0,FRA,24.408,58.0,850.0,1-6 7-5 6-4,3,R16,121.0,4.0,2.0,96.0,57.0,38.0,21.0,15.0,7.0,11.0,1.0,9.0,90.0,47.0,35.0,21.0,14.0,3.0,6.0
2011-321,Stuttgart,Clay,32,250,O,20110711,25,D874,,Q,Federico Delbonis,L,193.0,ARG,20.764,240.0,211.0,CA22,,Q,Pavol Cervenak,R,191.0,SVK,24.027,287.0,162.0,6-1 6-2,3,QF,71.0,2.0,1.0,50.0,25.0,17.0,18.0,8.0,1.0,1.0,1.0,4.0,49.0,27.0,17.0,7.0,7.0,9.0,13.0
2011-321,Stuttgart,Clay,32,250,O,20110711,26,F316,,,Juan Carlos Ferrero,R,183.0,ESP,31.409,85.0,610.0,G710,,,Marcel Granollers,R,191.0,ESP,25.246,52.0,939.0,6-4 6-3,3,QF,88.0,1.0,3.0,60.0,34.0,20.0,15.0,10.0,5.0,8.0,2.0,2.0,53.0,38.0,19.0,4.0,9.0,5.0,10.0
2011-321,Stuttgart,Clay,32,250,O,20110711,27,A596,,,Pablo Andujar,R,180.0,ESP,25.462,55.0,915.0,SK94,,WC,Cedrik-Marcel Stebe,L,180.0,GER,20.753,197.0,268.0,6-2 6-1,3,QF,67.0,0.0,2.0,44.0,29.0,21.0,8.0,7.0,2.0,3.0,1.0,4.0,41.0,16.0,8.0,7.0,8.0,0.0,6.0
2011-321,Stuttgart,Clay,32,250,O,20110711,28,K540,,WC,Lukasz Kubot,R,191.0,POL,29.153,69.0,723.0,G725,,,Santiago Giraldo,R,188.0,COL,23.619,61.0,790.0,7-5 5-7 6-3,3,QF,148.0,4.0,4.0,104.0,62.0,39.0,25.0,16.0,6.0,9.0,5.0,0.0,105.0,70.0,46.0,18.0,17.0,5.0,10.0
2011-321,Stuttgart,Clay,32,250,O,20110711,29,F316,,,Juan Carlos Ferrero,R,183.0,ESP,31.409,85.0,610.0,D874,,Q,Federico Delbonis,L,193.0,ARG,20.764,240.0,211.0,3-6 6-4 6-4,3,SF,125.0,1.0,1.0,96.0,55.0,33.0,27.0,14.0,9.0,11.0,3.0,3.0,81.0,44.0,31.0,22.0,15.0,3.0,6.0
2011-321,Stuttgart,Clay,32,250,O,20110711,30,A596,,,Pablo Andujar,R,180.0,ESP,25.462,55.0,915.0,K540,,WC,Lukasz Kubot,R,191.0,POL,29.153,69.0,723.0,6-4 3-6 6-4,3,SF,144.0,3.0,5.0,88.0,50.0,33.0,20.0,14.0,7.0,11.0,4.0,9.0,96.0,56.0,38.0,17.0,15.0,4.0,9.0
2011-321,Stuttgart,Clay,32,250,O,20110711,31,F316,,,Juan Carlos Ferrero,R,183.0,ESP,31.409,85.0,610.0,A596,,,Pablo Andujar,R,180.0,ESP,25.462,55.0,915.0,6-4 6-0,3,F,79.0,3.0,0.0,45.0,25.0,19.0,11.0,8.0,0.0,1.0,1.0,7.0,59.0,31.0,17.0,10.0,8.0,5.0,10.0
2011-414,Hamburg,Clay,48,500,O,20110718,1,R772,,Q,Albert Ramos-Vinolas,L,188.0,ESP,23.499,83.0,638.0,ME82,,,Adrian Mannarino,L,180.0,FRA,23.05,51.0,948.0,6-2 6-4,3,R64,69.0,4.0,1.0,50.0,32.0,27.0,9.0,9.0,2.0,3.0,2.0,2.0,48.0,26.0,18.0,9.0,9.0,2.0,6.0
2011-414,Hamburg,Clay,48,500,O,20110718,2,S694,,,Radek Stepanek,R,185.0,CZE,32.638,57.0,883.0,BA86,,WC,Andreas Beck,L,191.0,GER,25.446,132.0,420.0,7-5 7-6(2),3,R64,115.0,8.0,2.0,93.0,65.0,47.0,17.0,12.0,4.0,4.0,3.0,0.0,76.0,48.0,32.0,19.0,12.0,0.0,1.0
2011-414,Hamburg,Clay,48,500,O,20110718,3,N289,,,Jarkko Nieminen,L,185.0,FIN,29.985,55.0,901.0,G725,,,Santiago Giraldo,R,188.0,COL,23.639,62.0,790.0,6-4 6-3,3,R64,73.0,2.0,2.0,53.0,38.0,29.0,9.0,10.0,2.0,3.0,5.0,1.0,63.0,38.0,23.0,12.0,9.0,1.0,4.0
2011-414,Hamburg,Clay,48,500,O,20110718,4,SC77,,,Sergiy Stakhovsky,R,193.0,UKR,25.528,45.0,1030.0,G585,,,Maximo Gonzalez,R,173.0,ARG,27.995,92.0,586.0,6-2 6-3,3,R64,64.0,1.0,0.0,51.0,32.0,21.0,15.0,9.0,2.0,3.0,0.0,1.0,44.0,29.0,16.0,7.0,8.0,1.0,5.0
2011-414,Hamburg,Clay,48,500,O,20110718,5,B884,,,Carlos Berlocq,R,183.0,ARG,28.452,80.0,647.0,H756,,,Robin Haase,R,191.0,NED,24.282,54.0,924.0,6-2 6-2,3,R64,85.0,3.0,1.0,51.0,30.0,22.0,10.0,8.0,1.0,3.0,2.0,0.0,58.0,26.0,15.0,9.0,8.0,5.0,11.0
2011-414,Hamburg,Clay,48,500,O,20110718,6,R782,,WC,Julian Reister,R,188.0,GER,25.292,155.0,347.0,I165,,,Denis Istomin,R,185.0,UZB,24.86,70.0,725.0,6-3 6-4,3,R64,74.0,0.0,3.0,55.0,30.0,21.0,17.0,10.0,1.0,2.0,4.0,1.0,57.0,37.0,22.0,10.0,9.0,2.0,5.0
2011-414,Hamburg,Clay,48,500,O,20110718,7,K624,,Q,Bastian Knittel,L,180.0,GER,27.943,187.0,280.0,D646,,,Ivan Dodig,R,183.0,CRO,26.538,41.0,1102.0,6-4 6-3,3,R64,83.0,0.0,4.0,57.0,35.0,26.0,10.0,10.0,4.0,6.0,2.0,2.0,49.0,26.0,17.0,7.0,9.0,1.0,5.0
2011-414,Hamburg,Clay,48,500,O,20110718,8,K839,,WC,Tobias Kamke,R,178.0,GER,25.158,90.0,606.0,R750,,,Pere Riba,R,183.0,ESP,23.277,72.0,710.0,6-1 6-1,3,R64,75.0,0.0,2.0,50.0,35.0,26.0,8.0,7.0,1.0,1.0,1.0,4.0,58.0,29.0,16.0,9.0,7.0,10.0,15.0
2011-414,Hamburg,Clay,48,500,O,20110718,9,K771,,Q,Marsel Ilhan,R,191.0,TUR,24.101,117.0,483.0,P624,,,Philipp Petzschner,R,185.0,GER,27.316,78.0,665.0,6-2 4-6 7-6(5),3,R64,137.0,8.0,1.0,110.0,72.0,46.0,22.0,15.0,9.0,12.0,5.0,5.0,92.0,51.0,37.0,20.0,15.0,1.0,5.0
2011-414,Hamburg,Clay,48,500,O,20110718,10,MA21,,,Juan Monaco,R,185.0,ARG,27.302,42.0,1100.0,BA98,,Q,Simone Bolelli,R,183.0,ITA,25.774,119.0,476.0,6-3 7-5,3,R64,102.0,1.0,0.0,60.0,43.0,32.0,9.0,11.0,0.0,2.0,3.0,1.0,65.0,41.0,25.0,10.0,10.0,5.0,9.0
2011-414,Hamburg,Clay,48,500,O,20110718,11,K435,,,Philipp Kohlschreiber,R,178.0,GER,27.754,43.0,1080.0,G806,,,Andrey Golubev,R,180.0,KAZ,23.989,46.0,980.0,7-5 6-3,3,R64,97.0,3.0,4.0,63.0,32.0,24.0,19.0,10.0,3.0,4.0,3.0,1.0,72.0,36.0,24.0,18.0,11.0,6.0,10.0
2011-414,Hamburg,Clay,48,500,O,20110718,12,R685,,LL,Lukas Rosol,R,193.0,CZE,25.982,71.0,714.0,S843,,,Potito Starace,R,188.0,ITA,30.01,53.0,940.0,7-6(5) 6-1,3,R64,71.0,4.0,1.0,60.0,37.0,30.0,10.0,9.0,3.0,4.0,4.0,1.0,76.0,60.0,35.0,7.0,10.0,5.0,9.0
2011-414,Hamburg,Clay,48,500,O,20110718,13,A596,,,Pablo Andujar,R,180.0,ESP,25.481,44.0,1033.0,B747,,,Julien Benneteau,R,185.0,FRA,29.574,109.0,498.0,6-2 6-2,3,R64,80.0,2.0,1.0,53.0,34.0,24.0,12.0,8.0,2.0,2.0,2.0,4.0,56.0,40.0,24.0,4.0,8.0,4.0,8.0
2011-414,Hamburg,Clay,48,500,O,20110718,14,SK94,,WC,Cedrik-Marcel Stebe,L,180.0,GER,20.772,168.0,313.0,F316,,,Juan Carlos Ferrero,R,183.0,ESP,31.428,64.0,770.0,6-3 6-2,3,R64,76.0,3.0,1.0,53.0,31.0,22.0,14.0,9.0,4.0,5.0,2.0,1.0,56.0,37.0,20.0,7.0,8.0,4.0,8.0
2011-414,Hamburg,Clay,48,500,O,20110718,15,C856,,Q,Victor Crivoi,R,185.0,ROU,29.147,194.0,270.0,O327,,Q,Guillermo Olaso,R,175.0,ESP,23.313,167.0,319.0,6-4 6-3,3,R64,77.0,12.0,0.0,51.0,37.0,31.0,6.0,9.0,0.0,0.0,3.0,5.0,70.0,41.0,31.0,8.0,10.0,4.0,7.0
2011-414,Hamburg,Clay,48,500,O,20110718,16,G676,,,Daniel Gimeno-Traver,R,183.0,ESP,25.944,69.0,725.0,G710,,,Marcel Granollers,R,191.0,ESP,25.265,47.0,978.0,6-3 RET,3,R64,34.0,1.0,0.0,25.0,13.0,11.0,9.0,5.0,0.0,0.0,0.0,0.0,28.0,25.0,16.0,2.0,4.0,3.0,4.0
2011-414,Hamburg,Clay,48,500,O,20110718,17,MC65,1.0,,Gael Monfils,R,193.0,FRA,24.876,7.0,2695.0,R772,,Q,Albert Ramos-Vinolas,L,188.0,ESP,23.499,83.0,638.0,6-4 6-2,3,R32,73.0,5.0,1.0,55.0,32.0,27.0,14.0,9.0,5.0,5.0,2.0,2.0,58.0,36.0,22.0,10.0,9.0,2.0,5.0
2011-414,Hamburg,Clay,48,500,O,20110718,18,S694,,,Radek Stepanek,R,185.0,CZE,32.638,57.0,883.0,SA93,13.0,,Andreas Seppi,R,191.0,ITA,27.403,39.0,1140.0,6-1 7-5,3,R32,88.0,2.0,4.0,63.0,36.0,24.0,16.0,10.0,3.0,5.0,5.0,1.0,60.0,37.0,16.0,11.0,9.0,0.0,5.0
2011-414,Hamburg,Clay,48,500,O,20110718,19,N289,,,Jarkko Nieminen,L,185.0,FIN,29.985,55.0,901.0,D801,10.0,,Alexandr Dolgopolov,R,180.0,UKR,22.691,27.0,1370.0,6-3 1-6 6-4,3,R32,86.0,3.0,1.0,69.0,41.0,25.0,16.0,13.0,1.0,5.0,12.0,3.0,81.0,45.0,31.0,15.0,13.0,3.0,7.0
2011-414,Hamburg,Clay,48,500,O,20110718,20,SD32,5.0,,Gilles Simon,R,183.0,FRA,26.554,18.0,1745.0,SC77,,,Sergiy Stakhovsky,R,193.0,UKR,25.528,45.0,1030.0,6-2 6-1,3,R32,63.0,0.0,1.0,36.0,20.0,14.0,8.0,7.0,0.0,2.0,0.0,1.0,64.0,43.0,18.0,8.0,8.0,4.0,11.0
2011-414,Hamburg,Clay,48,500,O,20110718,21,Y061,4.0,,Mikhail Youzhny,R,183.0,RUS,29.062,17.0,1810.0,B884,,,Carlos Berlocq,R,183.0,ARG,28.452,80.0,647.0,7-5 7-6(7),3,R32,139.0,6.0,1.0,74.0,40.0,32.0,20.0,12.0,1.0,2.0,5.0,6.0,86.0,52.0,38.0,13.0,12.0,7.0,9.0
2011-414,Hamburg,Clay,48,500,O,20110718,22,R782,,WC,Julian Reister,R,188.0,GER,25.292,155.0,347.0,G476,14.0,,Guillermo Garcia-Lopez,R,185.0,ESP,28.12,37.0,1155.0,7-6(5) 6-2,3,R32,107.0,2.0,2.0,76.0,51.0,37.0,12.0,10.0,8.0,10.0,3.0,6.0,68.0,40.0,27.0,9.0,10.0,3.0,7.0
2011-414,Hamburg,Clay,48,500,O,20110718,23,C977,12.0,,Marin Cilic,R,198.0,CRO,22.801,32.0,1280.0,K624,,Q,Bastian Knittel,L,180.0,GER,27.943,187.0,280.0,6-3 6-7(4) 6-4,3,R32,180.0,16.0,5.0,122.0,69.0,54.0,26.0,16.0,10.0,12.0,3.0,6.0,119.0,77.0,52.0,16.0,15.0,10.0,14.0
2011-414,Hamburg,Clay,48,500,O,20110718,24,K839,,WC,Tobias Kamke,R,178.0,GER,25.158,90.0,606.0,C514,7.0,,Juan Ignacio Chela,R,191.0,ARG,31.882,21.0,1510.0,6-1 6-4,3,R32,91.0,0.0,2.0,54.0,36.0,27.0,10.0,9.0,2.0,3.0,0.0,1.0,71.0,48.0,26.0,10.0,8.0,8.0,12.0
2011-414,Hamburg,Clay,48,500,O,20110718,25,MB02,6.0,,Florian Mayer,R,191.0,GER,27.784,20.0,1555.0,K771,,Q,Marsel Ilhan,R,191.0,TUR,24.101,117.0,483.0,6-4 7-6(5),3,R32,88.0,8.0,1.0,59.0,29.0,21.0,16.0,11.0,0.0,3.0,2.0,1.0,81.0,56.0,38.0,6.0,11.0,5.0,9.0
2011-414,Hamburg,Clay,48,500,O,20110718,26,MA21,,,Juan Monaco,R,185.0,ARG,27.302,42.0,1100.0,T742,9.0,,Janko Tipsarevic,R,180.0,SRB,27.069,23.0,1435.0,6-2 6-4,3,R32,95.0,4.0,1.0,51.0,36.0,29.0,10.0,9.0,4.0,4.0,6.0,4.0,74.0,46.0,30.0,12.0,9.0,9.0,12.0
2011-414,Hamburg,Clay,48,500,O,20110718,27,K435,,,Philipp Kohlschreiber,R,178.0,GER,27.754,43.0,1080.0,M824,16.0,,Albert Montanes,R,175.0,ESP,30.639,49.0,960.0,6-1 3-2 RET,3,R32,46.0,5.0,1.0,31.0,17.0,13.0,11.0,6.0,0.0,0.0,0.0,2.0,44.0,33.0,21.0,2.0,6.0,8.0,11.0
2011-414,Hamburg,Clay,48,500,O,20110718,28,A479,3.0,,Nicolas Almagro,R,183.0,ESP,25.906,14.0,1955.0,R685,,LL,Lukas Rosol,R,193.0,CZE,25.982,71.0,714.0,6-4 6-4,3,R32,67.0,7.0,2.0,60.0,29.0,23.0,17.0,10.0,3.0,4.0,10.0,1.0,54.0,36.0,27.0,7.0,10.0,1.0,4.0
2011-414,Hamburg,Clay,48,500,O,20110718,29,V306,8.0,,Fernando Verdasco,L,188.0,ESP,27.671,22.0,1460.0,A596,,,Pablo Andujar,R,180.0,ESP,25.481,44.0,1033.0,6-2 6-3,3,R32,86.0,1.0,2.0,56.0,45.0,23.0,6.0,9.0,3.0,7.0,1.0,1.0,62.0,40.0,18.0,7.0,8.0,8.0,15.0
2011-414,Hamburg,Clay,48,500,O,20110718,30,SK94,,WC,Cedrik-Marcel Stebe,L,180.0,GER,20.772,168.0,313.0,D402,11.0,,Nikolay Davydenko,R,178.0,RUS,30.125,29.0,1295.0,6-3 7-6(5),3,R32,112.0,5.0,0.0,82.0,49.0,32.0,14.0,10.0,6.0,9.0,0.0,3.0,71.0,52.0,28.0,7.0,11.0,3.0,8.0
2011-414,Hamburg,Clay,48,500,O,20110718,31,F510,15.0,,Fabio Fognini,R,178.0,ITA,24.151,38.0,1140.0,C856,,Q,Victor Crivoi,R,185.0,ROU,29.147,194.0,270.0,6-1 7-5,3,R32,81.0,6.0,2.0,56.0,43.0,30.0,6.0,9.0,4.0,6.0,3.0,2.0,65.0,38.0,21.0,8.0,10.0,3.0,9.0
2011-414,Hamburg,Clay,48,500,O,20110718,32,M762,2.0,,Jurgen Melzer,L,183.0,AUT,30.155,12.0,2085.0,G676,,,Daniel Gimeno-Traver,R,183.0,ESP,25.944,69.0,725.0,6-3 5-7 6-1,3,R32,110.0,3.0,1.0,83.0,57.0,38.0,14.0,14.0,5.0,8.0,1.0,3.0,77.0,40.0,22.0,21.0,14.0,0.0,6.0
2011-414,Hamburg,Clay,48,500,O,20110718,33,MC65,1.0,,Gael Monfils,R,193.0,FRA,24.876,7.0,2695.0,S694,,,Radek Stepanek,R,185.0,CZE,32.638,57.0,883.0,6-4 6-4,3,R16,83.0,10.0,3.0,66.0,36.0,27.0,16.0,10.0,5.0,6.0,2.0,1.0,62.0,38.0,26.0,11.0,10.0,5.0,8.0
2011-414,Hamburg,Clay,48,500,O,20110718,34,SD32,5.0,,Gilles Simon,R,183.0,FRA,26.554,18.0,1745.0,N289,,,Jarkko Nieminen,L,185.0,FIN,29.985,55.0,901.0,7-6(4) 3-6 6-4,3,R16,140.0,6.0,1.0,97.0,62.0,42.0,14.0,16.0,10.0,16.0,1.0,3.0,103.0,61.0,39.0,20.0,15.0,4.0,9.0
2011-414,Hamburg,Clay,48,500,O,20110718,35,Y061,4.0,,Mikhail Youzhny,R,183.0,RUS,29.062,17.0,1810.0,R782,,WC,Julian Reister,R,188.0,GER,25.292,155.0,347.0,6-3 6-3,3,R16,85.0,1.0,0.0,49.0,31.0,27.0,12.0,9.0,0.0,0.0,7.0,2.0,71.0,49.0,30.0,9.0,9.0,4.0,7.0
2011-414,Hamburg,Clay,48,500,O,20110718,36,C977,12.0,,Marin Cilic,R,198.0,CRO,22.801,32.0,1280.0,K839,,WC,Tobias Kamke,R,178.0,GER,25.158,90.0,606.0,3-6 6-3 6-2,3,R16,124.0,7.0,3.0,85.0,48.0,35.0,19.0,13.0,2.0,4.0,2.0,0.0,78.0,49.0,27.0,19.0,13.0,1.0,5.0
2011-414,Hamburg,Clay,48,500,O,20110718,37,MB02,6.0,,Florian Mayer,R,191.0,GER,27.784,20.0,1555.0,MA21,,,Juan Monaco,R,185.0,ARG,27.302,42.0,1100.0,7-5 7-5,3,R16,108.0,1.0,2.0,79.0,52.0,33.0,14.0,12.0,4.0,7.0,1.0,1.0,75.0,53.0,29.0,10.0,12.0,5.0,10.0
2011-414,Hamburg,Clay,48,500,O,20110718,38,A479,3.0,,Nicolas Almagro,R,183.0,ESP,25.906,14.0,1955.0,K435,,,Philipp Kohlschreiber,R,178.0,GER,27.754,43.0,1080.0,6-3 7-5,3,R16,85.0,7.0,1.0,54.0,34.0,28.0,13.0,11.0,0.0,1.0,6.0,1.0,67.0,30.0,22.0,17.0,10.0,8.0,11.0
2011-414,Hamburg,Clay,48,500,O,20110718,39,V306,8.0,,Fernando Verdasco,L,188.0,ESP,27.671,22.0,1460.0,SK94,,WC,Cedrik-Marcel Stebe,L,180.0,GER,20.772,168.0,313.0,7-5 6-2,3,R16,93.0,2.0,2.0,57.0,50.0,35.0,2.0,10.0,1.0,3.0,4.0,5.0,63.0,38.0,24.0,9.0,10.0,2.0,7.0
2011-414,Hamburg,Clay,48,500,O,20110718,40,M762,2.0,,Jurgen Melzer,L,183.0,AUT,30.155,12.0,2085.0,F510,15.0,,Fabio Fognini,R,178.0,ITA,24.151,38.0,1140.0,6-2 6-3,3,R16,71.0,0.0,0.0,49.0,35.0,25.0,8.0,8.0,0.0,0.0,0.0,4.0,55.0,33.0,22.0,6.0,9.0,2.0,6.0
2011-414,Hamburg,Clay,48,500,O,20110718,41,SD32,5.0,,Gilles Simon,R,183.0,FRA,26.554,18.0,1745.0,MC65,1.0,,Gael Monfils,R,193.0,FRA,24.876,7.0,2695.0,6-4 3-6 6-0,3,QF,125.0,2.0,0.0,87.0,55.0,38.0,15.0,12.0,4.0,6.0,2.0,3.0,82.0,53.0,32.0,12.0,13.0,2.0,7.0
2011-414,Hamburg,Clay,48,500,O,20110718,42,Y061,4.0,,Mikhail Youzhny,R,183.0,RUS,29.062,17.0,1810.0,C977,12.0,,Marin Cilic,R,198.0,CRO,22.801,32.0,1280.0,4-6 6-3 7-6(6),3,QF,181.0,2.0,2.0,120.0,79.0,51.0,21.0,16.0,2.0,5.0,7.0,3.0,100.0,61.0,43.0,17.0,15.0,6.0,9.0
2011-414,Hamburg,Clay,48,500,O,20110718,43,A479,3.0,,Nicolas Almagro,R,183.0,ESP,25.906,14.0,1955.0,MB02,6.0,,Florian Mayer,R,191.0,GER,27.784,20.0,1555.0,7-6(5) 7-6(3),3,QF,108.0,13.0,1.0,86.0,61.0,41.0,16.0,12.0,0.0,1.0,5.0,4.0,95.0,64.0,48.0,13.0,12.0,5.0,6.0
2011-414,Hamburg,Clay,48,500,O,20110718,44,V306,8.0,,Fernando Verdasco,L,188.0,ESP,27.671,22.0,1460.0,M762,2.0,,Jurgen Melzer,L,183.0,AUT,30.155,12.0,2085.0,6-3 2-6 6-4,3,QF,129.0,1.0,1.0,91.0,78.0,43.0,9.0,14.0,8.0,12.0,3.0,4.0,89.0,66.0,42.0,11.0,13.0,4.0,8.0
2011-414,Hamburg,Clay,48,500,O,20110718,45,SD32,5.0,,Gilles Simon,R,183.0,FRA,26.554,18.0,1745.0,Y061,4.0,,Mikhail Youzhny,R,183.0,RUS,29.062,17.0,1810.0,3-6 6-3 6-1,3,SF,124.0,6.0,2.0,82.0,50.0,35.0,14.0,12.0,10.0,13.0,1.0,0.0,74.0,51.0,31.0,7.0,13.0,0.0,6.0
2011-414,Hamburg,Clay,48,500,O,20110718,46,A479,3.0,,Nicolas Almagro,R,183.0,ESP,25.906,14.0,1955.0,V306,8.0,,Fernando Verdasco,L,188.0,ESP,27.671,22.0,1460.0,6-4 6-1,3,SF,84.0,7.0,0.0,50.0,35.0,29.0,9.0,9.0,1.0,1.0,0.0,1.0,68.0,46.0,25.0,11.0,8.0,2.0,5.0
2011-414,Hamburg,Clay,48,500,O,20110718,47,SD32,5.0,,Gilles Simon,R,183.0,FRA,26.554,18.0,1745.0,A479,3.0,,Nicolas Almagro,R,183.0,ESP,25.906,14.0,1955.0,6-4 4-6 6-4,3,F,158.0,6.0,1.0,124.0,73.0,50.0,23.0,15.0,15.0,18.0,9.0,1.0,105.0,61.0,42.0,21.0,15.0,11.0,15.0
2011-6116,Atlanta,Hard,28,250,O,20110718,1,M873,,,Nicolas Mahut,R,191.0,FRA,29.487,97.0,545.0,BE90,,,Ricardas Berankis,R,175.0,LTU,21.073,115.0,484.0,7-6(5) 6-2,3,R32,93.0,6.0,5.0,68.0,28.0,22.0,21.0,10.0,4.0,6.0,5.0,5.0,74.0,33.0,22.0,17.0,10.0,3.0,7.0
2011-6116,Atlanta,Hard,28,250,O,20110718,2,I230,,,Tatsuma Ito,R,180.0,JPN,23.165,106.0,508.0,B678,,,Michael Berrer,L,193.0,GER,31.044,84.0,635.0,7-6(6) 6-4,3,R32,98.0,4.0,3.0,80.0,49.0,42.0,14.0,11.0,1.0,1.0,10.0,4.0,72.0,40.0,32.0,18.0,11.0,1.0,2.0
2011-6116,Atlanta,Hard,28,250,O,20110718,3,D616,8.0,,Somdev Devvarman,R,180.0,IND,26.423,68.0,736.0,SG87,,,Ryan Sweeting,R,196.0,USA,24.011,66.0,745.0,6-4 3-6 6-4,3,R32,144.0,5.0,7.0,101.0,59.0,44.0,15.0,14.0,6.0,11.0,3.0,12.0,101.0,60.0,39.0,18.0,15.0,6.0,12.0
2011-6116,Atlanta,Hard,28,250,O,20110718,4,H940,,,Ryan Harrison,R,185.0,USA,19.195,120.0,474.0,SE73,,Q,Yuichi Sugita,R,175.0,JPN,22.828,171.0,311.0,6-1 7-6(5),3,R32,97.0,4.0,3.0,64.0,39.0,34.0,12.0,10.0,1.0,1.0,1.0,3.0,76.0,43.0,28.0,16.0,9.0,11.0,13.0
2011-6116,Atlanta,Hard,28,250,O,20110718,5,H432,,,Lleyton Hewitt,R,178.0,AUS,30.393,174.0,305.0,SD01,,Q,Phillip Simmonds,R,,USA,25.166,428.0,83.0,6-4 6-4,3,R32,94.0,5.0,3.0,52.0,28.0,25.0,14.0,10.0,1.0,2.0,7.0,6.0,67.0,37.0,26.0,13.0,10.0,2.0,5.0
2011-6116,Atlanta,Hard,28,250,O,20110718,6,R548,,Q,Rajeev Ram,R,193.0,USA,27.332,272.0,176.0,D875,5.0,,Grigor Dimitrov,R,191.0,BUL,20.172,59.0,833.0,6-4 6-4,3,R32,74.0,5.0,1.0,49.0,35.0,32.0,8.0,10.0,0.0,0.0,5.0,3.0,67.0,38.0,24.0,18.0,10.0,4.0,6.0
2011-6116,Atlanta,Hard,28,250,O,20110718,7,ME05,,Q,Marinko Matosevic,R,193.0,AUS,25.941,169.0,312.0,K403,6.0,,Igor Kunitsyn,R,180.0,RUS,29.796,61.0,804.0,6-7(3) 6-2 7-5,3,R32,170.0,10.0,5.0,98.0,58.0,46.0,19.0,16.0,2.0,5.0,4.0,4.0,111.0,60.0,43.0,23.0,16.0,6.0,12.0
2011-6116,Atlanta,Hard,28,250,O,20110718,8,L575,,,Yen-Hsun Lu,R,180.0,TPE,27.926,85.0,630.0,BC65,,,Matthias Bachinger,R,188.0,GER,24.293,87.0,613.0,7-5 7-6(4),3,R32,106.0,0.0,7.0,65.0,34.0,28.0,18.0,12.0,1.0,4.0,10.0,7.0,90.0,46.0,34.0,19.0,12.0,5.0,9.0
2011-6116,Atlanta,Hard,28,250,O,20110718,9,B676,,,James Blake,R,185.0,USA,31.554,91.0,589.0,G858,,,Ernests Gulbis,R,191.0,LAT,22.88,81.0,645.0,5-7 7-6(5) 6-2,3,R32,159.0,8.0,7.0,132.0,65.0,50.0,30.0,16.0,17.0,20.0,17.0,5.0,101.0,61.0,46.0,16.0,16.0,5.0,9.0
2011-6116,Atlanta,Hard,28,250,O,20110718,10,MA30,,,Gilles Muller,L,193.0,LUX,28.192,82.0,640.0,B842,7.0,,Alex Bogomolov Jr.,R,178.0,RUS,28.235,63.0,780.0,6-3 7-6(6),3,R32,95.0,17.0,4.0,62.0,30.0,25.0,20.0,11.0,0.0,1.0,6.0,3.0,82.0,54.0,30.0,17.0,10.0,4.0,6.0
2011-6116,Atlanta,Hard,28,250,O,20110718,11,G569,,WC,Robby Ginepri,R,183.0,USA,28.778,369.0,110.0,H355,,WC,Tommy Haas,R,188.0,GER,33.29,585.0,40.0,6-4 7-5,3,R32,105.0,9.0,2.0,82.0,57.0,37.0,12.0,11.0,6.0,8.0,5.0,5.0,77.0,44.0,30.0,13.0,11.0,10.0,14.0
2011-6116,Atlanta,Hard,28,250,O,20110718,12,R368,,,Michael Russell,R,173.0,USA,33.213,102.0,524.0,Y124,,WC,Donald Young,L,183.0,USA,21.985,123.0,453.0,6-0 6-3,3,R32,92.0,2.0,2.0,48.0,35.0,26.0,7.0,8.0,0.0,1.0,0.0,2.0,47.0,25.0,14.0,6.0,7.0,2.0,7.0
2011-6116,Atlanta,Hard,28,250,O,20110718,13,F339,1.0,,Mardy Fish,R,188.0,USA,29.604,9.0,2435.0,M873,,,Nicolas Mahut,R,191.0,FRA,29.487,97.0,545.0,6-3 6-3,3,R16,83.0,6.0,2.0,53.0,39.0,30.0,8.0,9.0,4.0,5.0,1.0,6.0,60.0,31.0,18.0,10.0,9.0,8.0,12.0
2011-6116,Atlanta,Hard,28,250,O,20110718,14,D616,8.0,,Somdev Devvarman,R,180.0,IND,26.423,68.0,736.0,I230,,,Tatsuma Ito,R,180.0,JPN,23.165,106.0,508.0,6-1 6-3,3,R16,61.0,4.0,0.0,35.0,21.0,21.0,11.0,8.0,0.0,0.0,1.0,4.0,47.0,20.0,11.0,12.0,8.0,4.0,8.0
2011-6116,Atlanta,Hard,28,250,O,20110718,15,H940,,,Ryan Harrison,R,185.0,USA,19.195,120.0,474.0,M680,4.0,,Xavier Malisse,R,185.0,BEL,30.995,40.0,1125.0,6-7(3) 6-4 6-4,3,R16,139.0,7.0,7.0,96.0,54.0,45.0,21.0,16.0,2.0,4.0,6.0,3.0,102.0,51.0,38.0,28.0,16.0,4.0,8.0
2011-6116,Atlanta,Hard,28,250,O,20110718,16,R548,,Q,Rajeev Ram,R,193.0,USA,27.332,272.0,176.0,H432,,,Lleyton Hewitt,R,178.0,AUS,30.393,174.0,305.0,7-5 2-6 6-2,3,R16,118.0,8.0,4.0,78.0,47.0,36.0,11.0,14.0,3.0,7.0,7.0,9.0,84.0,46.0,34.0,17.0,14.0,5.0,10.0
2011-6116,Atlanta,Hard,28,250,O,20110718,17,L575,,,Yen-Hsun Lu,R,180.0,TPE,27.926,85.0,630.0,ME05,,Q,Marinko Matosevic,R,193.0,AUS,25.941,169.0,312.0,3-6 6-1 6-2,3,R16,128.0,4.0,7.0,84.0,41.0,25.0,25.0,12.0,8.0,11.0,4.0,5.0,78.0,45.0,27.0,12.0,12.0,2.0,8.0
2011-6116,Atlanta,Hard,28,250,O,20110718,18,I186,3.0,,John Isner,R,208.0,USA,26.226,35.0,1195.0,B676,,,James Blake,R,185.0,USA,31.554,91.0,589.0,7-6(8) 6-7(3) 7-5,3,R16,170.0,30.0,7.0,131.0,87.0,70.0,22.0,18.0,7.0,8.0,7.0,6.0,114.0,64.0,54.0,26.0,18.0,1.0,3.0
2011-6116,Atlanta,Hard,28,250,O,20110718,19,MA30,,,Gilles Muller,L,193.0,LUX,28.192,82.0,640.0,G569,,WC,Robby Ginepri,R,183.0,USA,28.778,369.0,110.0,7-6(6) 2-6 6-2,3,R16,116.0,15.0,3.0,91.0,48.0,38.0,25.0,14.0,5.0,7.0,8.0,1.0,82.0,43.0,31.0,26.0,14.0,0.0,2.0
2011-6116,Atlanta,Hard,28,250,O,20110718,20,A678,2.0,,Kevin Anderson,R,203.0,RSA,25.166,34.0,1220.0,R368,,,Michael Russell,R,173.0,USA,33.213,102.0,524.0,6-1 7-5,3,R16,85.0,10.0,0.0,50.0,34.0,26.0,12.0,10.0,0.0,1.0,2.0,7.0,56.0,33.0,23.0,6.0,9.0,4.0,8.0
2011-6116,Atlanta,Hard,28,250,O,20110718,21,F339,1.0,,Mardy Fish,R,188.0,USA,29.604,9.0,2435.0,D616,8.0,,Somdev Devvarman,R,180.0,IND,26.423,68.0,736.0,6-4 6-3,3,QF,93.0,4.0,0.0,51.0,37.0,30.0,5.0,10.0,2.0,4.0,0.0,2.0,72.0,45.0,24.0,13.0,9.0,8.0,12.0
2011-6116,Atlanta,Hard,28,250,O,20110718,22,H940,,,Ryan Harrison,R,185.0,USA,19.195,120.0,474.0,R548,,Q,Rajeev Ram,R,193.0,USA,27.332,272.0,176.0,4-6 6-1 7-6(5),3,QF,137.0,10.0,3.0,95.0,57.0,41.0,23.0,15.0,4.0,6.0,3.0,2.0,88.0,47.0,30.0,25.0,14.0,2.0,5.0
2011-6116,Atlanta,Hard,28,250,O,20110718,23,I186,3.0,,John Isner,R,208.0,USA,26.226,35.0,1195.0,L575,,,Yen-Hsun Lu,R,180.0,TPE,27.926,85.0,630.0,6-1 6-2,3,QF,56.0,8.0,1.0,42.0,33.0,29.0,4.0,8.0,1.0,1.0,2.0,5.0,39.0,24.0,13.0,5.0,7.0,2.0,6.0
2011-6116,Atlanta,Hard,28,250,O,20110718,24,MA30,,,Gilles Muller,L,193.0,LUX,28.192,82.0,640.0,A678,2.0,,Kevin Anderson,R,203.0,RSA,25.166,34.0,1220.0,7-6(3) 7-6(3),3,QF,127.0,14.0,4.0,88.0,57.0,45.0,15.0,12.0,6.0,7.0,12.0,4.0,75.0,47.0,39.0,13.0,12.0,3.0,4.0
2011-6116,Atlanta,Hard,28,250,O,20110718,25,F339,1.0,,Mardy Fish,R,188.0,USA,29.604,9.0,2435.0,H940,,,Ryan Harrison,R,185.0,USA,19.195,120.0,474.0,6-2 6-4,3,SF,79.0,2.0,1.0,50.0,24.0,18.0,19.0,9.0,1.0,1.0,3.0,2.0,54.0,28.0,17.0,13.0,9.0,3.0,6.0
2011-6116,Atlanta,Hard,28,250,O,20110718,26,I186,3.0,,John Isner,R,208.0,USA,26.226,35.0,1195.0,MA30,,,Gilles Muller,L,193.0,LUX,28.192,82.0,640.0,7-5 6-7(3) 6-1,3,SF,148.0,28.0,0.0,92.0,66.0,51.0,20.0,16.0,2.0,2.0,16.0,4.0,104.0,62.0,46.0,22.0,15.0,5.0,8.0
2011-6116,Atlanta,Hard,28,250,O,20110718,27,F339,1.0,,Mardy Fish,R,188.0,USA,29.604,9.0,2435.0,I186,3.0,,John Isner,R,208.0,USA,26.226,35.0,1195.0,3-6 7-6(6) 6-2,3,F,136.0,13.0,1.0,74.0,45.0,39.0,19.0,14.0,3.0,5.0,15.0,6.0,94.0,65.0,46.0,13.0,15.0,3.0,6.0
2011-314,Gstaad,Clay,28,250,O,20110725,1,N289,,,Jarkko Nieminen,L,185.0,FIN,30.004,53.0,901.0,H528,,,Victor Hanescu,R,198.0,ROU,30.01,63.0,760.0,7-5 6-2,3,R32,73.0,2.0,2.0,60.0,35.0,25.0,15.0,10.0,0.0,1.0,7.0,2.0,65.0,43.0,29.0,6.0,10.0,7.0,11.0
2011-314,Gstaad,Clay,28,250,O,20110725,2,G676,,,Daniel Gimeno-Traver,R,183.0,ESP,25.963,67.0,725.0,D632,,,Steve Darcis,R,175.0,BEL,27.365,95.0,561.0,6-4 5-7 7-5,3,R32,148.0,10.0,4.0,110.0,69.0,49.0,22.0,17.0,9.0,12.0,4.0,5.0,116.0,61.0,38.0,30.0,17.0,12.0,16.0
2011-314,Gstaad,Clay,28,250,O,20110725,3,L397,5.0,,Feliciano Lopez,L,188.0,ESP,29.843,24.0,1390.0,L523,,WC,Michael Lammer,R,185.0,SUI,29.333,365.0,113.0,6-4 6-7(4) 6-3,3,R32,143.0,18.0,6.0,98.0,51.0,40.0,26.0,16.0,5.0,6.0,1.0,3.0,96.0,61.0,40.0,19.0,15.0,3.0,6.0
2011-314,Gstaad,Clay,28,250,O,20110725,4,G717,,,Fred Gil,R,173.0,POR,26.335,93.0,566.0,SG64,,Q,Joao Souza,R,193.0,BRA,23.159,112.0,496.0,4-6 6-3 6-4,3,R32,139.0,4.0,5.0,85.0,53.0,35.0,14.0,15.0,4.0,8.0,18.0,4.0,108.0,69.0,45.0,16.0,14.0,7.0,12.0
2011-314,Gstaad,Clay,28,250,O,20110725,5,B747,,,Julien Benneteau,R,185.0,FRA,29.593,111.0,498.0,R685,,,Lukas Rosol,R,193.0,CZE,26.001,66.0,728.0,6-2 6-7(6) 6-3,3,R32,123.0,9.0,3.0,104.0,62.0,51.0,20.0,15.0,8.0,8.0,7.0,7.0,106.0,62.0,44.0,21.0,14.0,5.0,8.0
2011-314,Gstaad,Clay,28,250,O,20110725,6,BC65,,,Matthias Bachinger,R,188.0,GER,24.312,89.0,613.0,A596,7.0,,Pablo Andujar,R,180.0,ESP,25.5,47.0,953.0,6-1 6-4,3,R32,67.0,9.0,2.0,61.0,36.0,31.0,13.0,9.0,2.0,2.0,0.0,3.0,43.0,22.0,12.0,12.0,8.0,1.0,4.0
2011-314,Gstaad,Clay,28,250,O,20110725,7,G725,,,Santiago Giraldo,R,188.0,COL,23.658,61.0,790.0,G476,6.0,,Guillermo Garcia-Lopez,R,185.0,ESP,28.14,37.0,1155.0,5-7 6-2 6-1,3,R32,99.0,3.0,1.0,75.0,51.0,38.0,14.0,14.0,0.0,2.0,7.0,2.0,68.0,48.0,34.0,7.0,13.0,3.0,8.0
2011-314,Gstaad,Clay,28,250,O,20110725,8,H804,,,Andreas Haider-Maurer,R,191.0,AUT,24.342,70.0,703.0,MG54,,Q,Yann Marti,R,170.0,SUI,23.129,638.0,31.0,6-1 6-4,3,R32,63.0,6.0,1.0,50.0,35.0,29.0,9.0,9.0,4.0,4.0,3.0,4.0,55.0,31.0,23.0,9.0,8.0,4.0,7.0
2011-314,Gstaad,Clay,28,250,O,20110725,9,I165,,,Denis Istomin,R,185.0,UZB,24.879,80.0,655.0,F580,,Q,Martin Fischer,R,180.0,AUT,25.01,198.0,264.0,6-3 3-6 6-4,3,R32,124.0,5.0,4.0,100.0,58.0,39.0,19.0,14.0,12.0,16.0,3.0,1.0,90.0,54.0,29.0,21.0,14.0,6.0,11.0
2011-314,Gstaad,Clay,28,250,O,20110725,10,G710,8.0,,Marcel Granollers,R,191.0,ESP,25.284,45.0,978.0,B752,,WC,Stephane Bohli,R,185.0,SUI,28.0,193.0,279.0,6-1 6-0,3,R32,60.0,3.0,0.0,35.0,21.0,17.0,7.0,6.0,1.0,2.0,1.0,3.0,50.0,27.0,16.0,1.0,7.0,2.0,9.0
2011-314,Gstaad,Clay,28,250,O,20110725,11,A511,,,Igor Andreev,R,185.0,RUS,28.03,78.0,675.0,Z168,,,Mischa Zverev,L,191.0,GER,23.923,114.0,483.0,6-3 6-2,3,R32,70.0,3.0,2.0,59.0,30.0,23.0,18.0,9.0,0.0,0.0,3.0,2.0,55.0,35.0,20.0,10.0,8.0,6.0,9.0
2011-314,Gstaad,Clay,28,250,O,20110725,12,L515,,Q,Peter Luczak,R,183.0,AUS,31.899,248.0,194.0,SG88,,WC,Alexander Sadecky,L,193.0,SUI,24.052,401.0,93.0,3-6 6-3 7-6(4),3,R32,135.0,1.0,5.0,102.0,61.0,42.0,22.0,15.0,3.0,7.0,14.0,7.0,95.0,61.0,46.0,12.0,15.0,4.0,8.0
2011-314,Gstaad,Clay,28,250,O,20110725,13,A479,1.0,,Nicolas Almagro,R,183.0,ESP,25.925,10.0,2165.0,N289,,,Jarkko Nieminen,L,185.0,FIN,30.004,53.0,901.0,7-6(3) 6-3,3,R16,61.0,12.0,3.0,61.0,34.0,30.0,20.0,11.0,1.0,1.0,4.0,2.0,61.0,39.0,31.0,10.0,10.0,2.0,3.0
2011-314,Gstaad,Clay,28,250,O,20110725,14,L397,5.0,,Feliciano Lopez,L,188.0,ESP,29.843,24.0,1390.0,G676,,,Daniel Gimeno-Traver,R,183.0,ESP,25.963,67.0,725.0,6-3 6-4,3,R16,73.0,7.0,3.0,62.0,41.0,32.0,9.0,10.0,1.0,2.0,4.0,2.0,67.0,47.0,32.0,7.0,9.0,8.0,11.0
2011-314,Gstaad,Clay,28,250,O,20110725,15,V306,4.0,,Fernando Verdasco,L,188.0,ESP,27.691,20.0,1600.0,G717,,,Fred Gil,R,173.0,POR,26.335,93.0,566.0,6-3 6-2,3,R16,77.0,4.0,2.0,57.0,41.0,28.0,10.0,8.0,5.0,5.0,4.0,2.0,72.0,49.0,28.0,10.0,9.0,10.0,14.0
2011-314,Gstaad,Clay,28,250,O,20110725,16,B747,,,Julien Benneteau,R,185.0,FRA,29.593,111.0,498.0,BC65,,,Matthias Bachinger,R,188.0,GER,24.312,89.0,613.0,6-4 6-4,3,R16,82.0,2.0,3.0,62.0,36.0,28.0,14.0,10.0,7.0,8.0,9.0,4.0,70.0,42.0,27.0,15.0,10.0,8.0,11.0
2011-314,Gstaad,Clay,28,250,O,20110725,17,H804,,,Andreas Haider-Maurer,R,191.0,AUT,24.342,70.0,703.0,G725,,,Santiago Giraldo,R,188.0,COL,23.658,61.0,790.0,3-6 6-2 6-4,3,R16,111.0,7.0,6.0,88.0,55.0,39.0,18.0,14.0,4.0,6.0,6.0,2.0,85.0,60.0,36.0,15.0,13.0,3.0,6.0
2011-314,Gstaad,Clay,28,250,O,20110725,18,Y061,3.0,,Mikhail Youzhny,R,183.0,RUS,29.081,14.0,1990.0,I165,,,Denis Istomin,R,185.0,UZB,24.879,80.0,655.0,6-3 6-2,3,R16,74.0,0.0,3.0,50.0,29.0,20.0,14.0,9.0,2.0,3.0,5.0,2.0,58.0,31.0,15.0,13.0,8.0,9.0,13.0
2011-314,Gstaad,Clay,28,250,O,20110725,19,G710,8.0,,Marcel Granollers,R,191.0,ESP,25.284,45.0,978.0,A511,,,Igor Andreev,R,185.0,RUS,28.03,78.0,675.0,6-1 6-3,3,R16,78.0,3.0,3.0,55.0,32.0,27.0,11.0,8.0,3.0,3.0,2.0,2.0,44.0,22.0,12.0,9.0,8.0,0.0,4.0
2011-314,Gstaad,Clay,28,250,O,20110725,20,W367,2.0,,Stan Wawrinka,R,183.0,SUI,26.324,17.0,1935.0,L515,,Q,Peter Luczak,R,183.0,AUS,31.899,248.0,194.0,6-3 7-5,3,R16,83.0,9.0,4.0,58.0,27.0,22.0,21.0,11.0,1.0,2.0,1.0,0.0,61.0,40.0,28.0,6.0,10.0,4.0,7.0
2011-314,Gstaad,Clay,28,250,O,20110725,21,A479,1.0,,Nicolas Almagro,R,183.0,ESP,25.925,10.0,2165.0,L397,5.0,,Feliciano Lopez,L,188.0,ESP,29.843,24.0,1390.0,6-4 7-5,3,QF,72.0,8.0,2.0,61.0,37.0,34.0,15.0,11.0,3.0,3.0,4.0,2.0,60.0,34.0,24.0,15.0,11.0,1.0,3.0
2011-314,Gstaad,Clay,28,250,O,20110725,22,V306,4.0,,Fernando Verdasco,L,188.0,ESP,27.691,20.0,1600.0,B747,,,Julien Benneteau,R,185.0,FRA,29.593,111.0,498.0,6-4 5-7 6-1,3,QF,132.0,8.0,4.0,89.0,68.0,47.0,12.0,14.0,6.0,8.0,5.0,9.0,95.0,51.0,35.0,19.0,15.0,4.0,9.0
2011-314,Gstaad,Clay,28,250,O,20110725,23,Y061,3.0,,Mikhail Youzhny,R,183.0,RUS,29.081,14.0,1990.0,H804,,,Andreas Haider-Maurer,R,191.0,AUT,24.342,70.0,703.0,6-4 5-7 6-4,3,QF,140.0,2.0,2.0,96.0,65.0,45.0,17.0,16.0,2.0,5.0,3.0,4.0,92.0,53.0,39.0,21.0,16.0,5.0,9.0
2011-314,Gstaad,Clay,28,250,O,20110725,24,G710,8.0,,Marcel Granollers,R,191.0,ESP,25.284,45.0,978.0,W367,2.0,,Stan Wawrinka,R,183.0,SUI,26.324,17.0,1935.0,6-3 6-2,3,QF,70.0,1.0,1.0,39.0,27.0,22.0,6.0,8.0,0.0,1.0,2.0,0.0,54.0,33.0,19.0,8.0,9.0,2.0,7.0
2011-314,Gstaad,Clay,28,250,O,20110725,25,V306,4.0,,Fernando Verdasco,L,188.0,ESP,27.691,20.0,1600.0,A479,1.0,,Nicolas Almagro,R,183.0,ESP,25.925,10.0,2165.0,6-7(2) 7-6(2) 6-3,3,SF,130.0,13.0,8.0,112.0,69.0,50.0,25.0,16.0,4.0,5.0,10.0,6.0,106.0,64.0,54.0,18.0,17.0,3.0,6.0
2011-314,Gstaad,Clay,28,250,O,20110725,26,G710,8.0,,Marcel Granollers,R,191.0,ESP,25.284,45.0,978.0,Y061,3.0,,Mikhail Youzhny,R,183.0,RUS,29.081,14.0,1990.0,6-3 3-6 6-2,3,SF,126.0,5.0,0.0,77.0,50.0,34.0,15.0,13.0,4.0,8.0,1.0,1.0,90.0,73.0,38.0,8.0,13.0,9.0,15.0
2011-314,Gstaad,Clay,28,250,O,20110725,27,G710,8.0,,Marcel Granollers,R,191.0,ESP,25.284,45.0,978.0,V306,4.0,,Fernando Verdasco,L,188.0,ESP,27.691,20.0,1600.0,6-4 3-6 6-3,3,F,144.0,5.0,3.0,82.0,50.0,42.0,17.0,14.0,4.0,5.0,2.0,3.0,92.0,61.0,41.0,18.0,14.0,6.0,8.0
2011-423,Los Angeles,Hard,28,250,O,20110725,1,MA30,,,Gilles Muller,L,193.0,LUX,28.211,71.0,698.0,J386,,WC,Steve Johnson,R,188.0,USA,21.582,565.0,43.0,2-6 6-3 6-4,3,R32,117.0,16.0,5.0,90.0,54.0,39.0,19.0,14.0,5.0,7.0,8.0,6.0,78.0,46.0,37.0,16.0,13.0,5.0,7.0
2011-423,Los Angeles,Hard,28,250,O,20110725,2,SG87,,,Ryan Sweeting,R,196.0,USA,24.03,65.0,733.0,D616,,,Somdev Devvarman,R,180.0,IND,26.442,62.0,771.0,6-4 7-6(6),3,R32,112.0,0.0,9.0,80.0,44.0,25.0,16.0,11.0,4.0,9.0,1.0,1.0,64.0,40.0,20.0,13.0,11.0,1.0,7.0
2011-423,Los Angeles,Hard,28,250,O,20110725,3,K403,8.0,,Igor Kunitsyn,R,180.0,RUS,29.815,60.0,804.0,G415,,,Fernando Gonzalez,R,183.0,CHI,30.987,297.0,155.0,6-4 6-3,3,R32,92.0,4.0,3.0,63.0,29.0,23.0,20.0,9.0,5.0,5.0,8.0,5.0,87.0,49.0,36.0,14.0,10.0,10.0,13.0
2011-423,Los Angeles,Hard,28,250,O,20110725,4,L575,,,Yen-Hsun Lu,R,180.0,TPE,27.945,76.0,675.0,G569,,WC,Robby Ginepri,R,183.0,USA,28.797,370.0,110.0,6-4 7-5,3,R32,97.0,4.0,3.0,69.0,45.0,31.0,17.0,11.0,5.0,6.0,3.0,1.0,75.0,43.0,27.0,17.0,11.0,9.0,12.0
2011-423,Los Angeles,Hard,28,250,O,20110725,5,H940,,,Ryan Harrison,R,185.0,USA,19.214,94.0,564.0,BE90,,,Ricardas Berankis,R,175.0,LTU,21.092,118.0,477.0,6-7(4) 7-5 6-3,3,R32,133.0,9.0,4.0,89.0,57.0,47.0,17.0,16.0,0.0,2.0,6.0,6.0,110.0,58.0,40.0,26.0,17.0,4.0,9.0
2011-423,Los Angeles,Hard,28,250,O,20110725,6,R368,,,Michael Russell,R,173.0,USA,33.232,110.0,499.0,T315,6.0,,Dmitry Tursunov,R,185.0,RUS,28.616,46.0,969.0,6-7(5) 6-0 6-2,3,R32,112.0,5.0,3.0,80.0,57.0,44.0,12.0,13.0,2.0,4.0,0.0,2.0,95.0,64.0,31.0,16.0,13.0,12.0,19.0
2011-423,Los Angeles,Hard,28,250,O,20110725,7,D875,7.0,,Grigor Dimitrov,R,191.0,BUL,20.192,57.0,833.0,H355,,WC,Tommy Haas,R,188.0,GER,33.309,579.0,40.0,6-3 6-2,3,R32,66.0,4.0,7.0,52.0,23.0,19.0,9.0,8.0,3.0,6.0,2.0,5.0,56.0,28.0,14.0,9.0,9.0,4.0,11.0
2011-423,Los Angeles,Hard,28,250,O,20110725,8,B842,,,Alex Bogomolov Jr.,R,178.0,RUS,28.255,64.0,759.0,J361,,Q,Greg Jones,R,193.0,AUS,22.478,222.0,231.0,4-6 6-1 6-1,3,R32,97.0,5.0,2.0,69.0,46.0,36.0,10.0,12.0,5.0,7.0,5.0,6.0,86.0,53.0,33.0,10.0,12.0,8.0,14.0
2011-423,Los Angeles,Hard,28,250,O,20110725,9,F444,,,Alejandro Falla,L,185.0,COL,27.693,92.0,577.0,GA71,,Q,Laurynas Grigelis,R,183.0,LTU,19.945,243.0,200.0,6-2 6-4,3,R32,67.0,1.0,2.0,55.0,24.0,19.0,21.0,9.0,1.0,1.0,0.0,4.0,55.0,31.0,19.0,11.0,9.0,3.0,6.0
2011-423,Los Angeles,Hard,28,250,O,20110725,10,G858,,,Ernests Gulbis,R,191.0,LAT,22.899,84.0,645.0,M680,5.0,,Xavier Malisse,R,185.0,BEL,31.014,41.0,1090.0,2-6 6-3 7-6(5),3,R32,120.0,13.0,5.0,94.0,58.0,45.0,19.0,15.0,3.0,5.0,6.0,4.0,88.0,50.0,41.0,19.0,14.0,4.0,5.0
2011-423,Los Angeles,Hard,28,250,O,20110725,11,KC11,,Q,Daniel Kosakowski,R,185.0,USA,19.422,482.0,66.0,SF62,,Q,Tim Smyczek,R,175.0,USA,23.567,211.0,249.0,2-6 6-1 6-3,3,R32,124.0,5.0,3.0,92.0,49.0,34.0,19.0,12.0,7.0,10.0,1.0,3.0,70.0,41.0,25.0,15.0,12.0,4.0,9.0
2011-423,Los Angeles,Hard,28,250,O,20110725,12,B676,,,James Blake,R,185.0,USA,31.573,90.0,609.0,B678,,,Michael Berrer,L,193.0,GER,31.064,86.0,635.0,6-2 6-3,3,R32,62.0,1.0,2.0,59.0,37.0,28.0,11.0,9.0,5.0,6.0,1.0,1.0,42.0,32.0,15.0,5.0,8.0,0.0,4.0
2011-423,Los Angeles,Hard,28,250,O,20110725,13,F339,1.0,,Mardy Fish,R,188.0,USA,29.624,9.0,2435.0,MA30,,,Gilles Muller,L,193.0,LUX,28.211,71.0,698.0,7-6(1) 6-1,3,R16,79.0,6.0,1.0,64.0,42.0,34.0,12.0,10.0,3.0,4.0,6.0,4.0,56.0,27.0,18.0,12.0,9.0,1.0,4.0
2011-423,Los Angeles,Hard,28,250,O,20110725,14,K403,8.0,,Igor Kunitsyn,R,180.0,RUS,29.815,60.0,804.0,SG87,,,Ryan Sweeting,R,196.0,USA,24.03,65.0,733.0,7-6(4) 7-6(6),3,R16,122.0,4.0,2.0,82.0,39.0,25.0,23.0,12.0,1.0,5.0,2.0,8.0,88.0,46.0,33.0,17.0,12.0,5.0,9.0
2011-423,Los Angeles,Hard,28,250,O,20110725,15,L575,,,Yen-Hsun Lu,R,180.0,TPE,27.945,76.0,675.0,B837,3.0,,Marcos Baghdatis,R,178.0,CYP,26.103,25.0,1375.0,6-3 6-4,3,R16,74.0,3.0,3.0,56.0,31.0,26.0,15.0,10.0,0.0,0.0,7.0,2.0,45.0,23.0,18.0,12.0,9.0,1.0,3.0
2011-423,Los Angeles,Hard,28,250,O,20110725,16,H940,,,Ryan Harrison,R,185.0,USA,19.214,94.0,564.0,R368,,,Michael Russell,R,173.0,USA,33.232,110.0,499.0,6-3 6-4,3,R16,82.0,7.0,1.0,52.0,33.0,27.0,11.0,10.0,1.0,2.0,1.0,2.0,61.0,36.0,23.0,11.0,9.0,6.0,9.0
2011-423,Los Angeles,Hard,28,250,O,20110725,17,B842,,,Alex Bogomolov Jr.,R,178.0,RUS,28.255,64.0,759.0,D875,7.0,,Grigor Dimitrov,R,191.0,BUL,20.192,57.0,833.0,6-4 6-3,3,R16,82.0,0.0,4.0,58.0,41.0,27.0,9.0,10.0,2.0,4.0,3.0,3.0,60.0,35.0,20.0,12.0,9.0,3.0,7.0
2011-423,Los Angeles,Hard,28,250,O,20110725,18,BD20,4.0,,Thomaz Bellucci,L,188.0,BRA,23.567,34.0,1180.0,F444,,,Alejandro Falla,L,185.0,COL,27.693,92.0,577.0,6-0 6-1,3,R16,53.0,1.0,3.0,37.0,24.0,19.0,7.0,6.0,2.0,2.0,0.0,4.0,55.0,35.0,18.0,3.0,7.0,10.0,16.0
2011-423,Los Angeles,Hard,28,250,O,20110725,19,G858,,,Ernests Gulbis,R,191.0,LAT,22.899,84.0,645.0,KC11,,Q,Daniel Kosakowski,R,185.0,USA,19.422,482.0,66.0,6-2 6-4,3,R16,78.0,8.0,1.0,53.0,32.0,28.0,12.0,9.0,2.0,2.0,3.0,3.0,55.0,29.0,17.0,14.0,9.0,2.0,5.0
2011-423,Los Angeles,Hard,28,250,O,20110725,20,D683,2.0,,Juan Martin del Potro,R,198.0,ARG,22.834,19.0,1665.0,B676,,,James Blake,R,185.0,USA,31.573,90.0,609.0,6-4 7-6(3),3,R16,103.0,6.0,5.0,72.0,40.0,34.0,15.0,11.0,1.0,2.0,4.0,2.0,80.0,44.0,33.0,13.0,11.0,4.0,6.0
2011-423,Los Angeles,Hard,28,250,O,20110725,21,F339,1.0,,Mardy Fish,R,188.0,USA,29.624,9.0,2435.0,K403,8.0,,Igor Kunitsyn,R,180.0,RUS,29.815,60.0,804.0,6-2 6-4,3,QF,74.0,6.0,1.0,49.0,29.0,22.0,11.0,9.0,2.0,4.0,1.0,1.0,53.0,27.0,14.0,11.0,9.0,1.0,6.0
2011-423,Los Angeles,Hard,28,250,O,20110725,22,H940,,,Ryan Harrison,R,185.0,USA,19.214,94.0,564.0,L575,,,Yen-Hsun Lu,R,180.0,TPE,27.945,76.0,675.0,3-6 6-3 6-4,3,QF,144.0,8.0,4.0,114.0,71.0,47.0,22.0,14.0,10.0,12.0,2.0,6.0,78.0,45.0,30.0,20.0,14.0,2.0,5.0
2011-423,Los Angeles,Hard,28,250,O,20110725,23,B842,,,Alex Bogomolov Jr.,R,178.0,RUS,28.255,64.0,759.0,BD20,4.0,,Thomaz Bellucci,L,188.0,BRA,23.567,34.0,1180.0,1-6 6-4 6-1,3,QF,122.0,3.0,2.0,81.0,56.0,34.0,12.0,12.0,6.0,10.0,6.0,4.0,82.0,47.0,32.0,12.0,12.0,7.0,12.0
2011-423,Los Angeles,Hard,28,250,O,20110725,24,G858,,,Ernests Gulbis,R,191.0,LAT,22.899,84.0,645.0,D683,2.0,,Juan Martin del Potro,R,198.0,ARG,22.834,19.0,1665.0,6-2 6-4,3,QF,97.0,8.0,1.0,54.0,32.0,24.0,13.0,9.0,2.0,3.0,2.0,3.0,60.0,34.0,18.0,12.0,9.0,2.0,6.0
2011-423,Los Angeles,Hard,28,250,O,20110725,25,F339,1.0,,Mardy Fish,R,188.0,USA,29.624,9.0,2435.0,H940,,,Ryan Harrison,R,185.0,USA,19.214,94.0,564.0,6-0 4-6 7-6(3),3,SF,131.0,7.0,2.0,81.0,41.0,31.0,26.0,14.0,1.0,3.0,6.0,8.0,85.0,49.0,31.0,18.0,14.0,2.0,6.0
2011-423,Los Angeles,Hard,28,250,O,20110725,26,G858,,,Ernests Gulbis,R,191.0,LAT,22.899,84.0,645.0,B842,,,Alex Bogomolov Jr.,R,178.0,RUS,28.255,64.0,759.0,6-2 7-6(4),3,SF,112.0,11.0,0.0,64.0,35.0,29.0,17.0,10.0,0.0,0.0,3.0,0.0,81.0,63.0,39.0,8.0,10.0,7.0,9.0
2011-423,Los Angeles,Hard,28,250,O,20110725,27,G858,,,Ernests Gulbis,R,191.0,LAT,22.899,84.0,645.0,F339,1.0,,Mardy Fish,R,188.0,USA,29.624,9.0,2435.0,5-7 6-4 6-4,3,F,163.0,10.0,7.0,103.0,60.0,43.0,24.0,16.0,3.0,5.0,14.0,1.0,93.0,56.0,38.0,24.0,16.0,3.0,6.0
2011-439,Umag,Clay,28,250,O,20110725,1,S843,,,Potito Starace,R,188.0,ITA,30.029,54.0,895.0,D776,,,Thiemo de Bakker,R,193.0,NED,22.845,99.0,538.0,6-7(5) 6-2 6-1,3,R32,117.0,7.0,2.0,84.0,61.0,44.0,16.0,14.0,3.0,4.0,3.0,7.0,87.0,35.0,25.0,22.0,13.0,4.0,9.0
2011-439,Umag,Clay,28,250,O,20110725,2,R397,,,Olivier Rochus,R,168.0,BEL,30.513,74.0,678.0,SC77,,,Sergiy Stakhovsky,R,193.0,UKR,25.547,43.0,1030.0,6-4 6-4,3,R32,105.0,2.0,2.0,71.0,45.0,31.0,17.0,10.0,5.0,5.0,5.0,3.0,75.0,44.0,31.0,14.0,10.0,5.0,7.0
2011-439,Umag,Clay,28,250,O,20110725,3,F510,6.0,,Fabio Fognini,R,178.0,ITA,24.17,38.0,1140.0,MA49,,,Rui Machado,R,178.0,POR,27.288,85.0,643.0,6-4 6-3,3,R32,87.0,3.0,1.0,55.0,28.0,18.0,12.0,9.0,1.0,4.0,0.0,5.0,74.0,48.0,24.0,12.0,10.0,5.0,11.0
2011-439,Umag,Clay,28,250,O,20110725,4,H756,,,Robin Haase,R,191.0,NED,24.301,52.0,906.0,V339,,Q,Simone Vagnozzi,R,,ITA,28.153,192.0,281.0,3-6 6-3 6-1,3,R32,122.0,5.0,3.0,100.0,61.0,40.0,14.0,12.0,13.0,18.0,0.0,2.0,79.0,59.0,30.0,8.0,13.0,1.0,9.0
2011-439,Umag,Clay,28,250,O,20110725,5,J214,,,Diego Junqueira,L,178.0,ARG,30.571,101.0,534.0,V564,,WC,Antonio Veic,R,180.0,CRO,23.431,196.0,272.0,6-4 7-5,3,R32,113.0,0.0,1.0,79.0,58.0,33.0,10.0,11.0,7.0,11.0,2.0,7.0,68.0,30.0,21.0,12.0,11.0,0.0,6.0
2011-439,Umag,Clay,28,250,O,20110725,6,SA93,7.0,,Andreas Seppi,R,191.0,ITA,27.422,44.0,980.0,L987,,Q,Dusan Lajovic,R,183.0,SRB,21.068,265.0,176.0,6-4 6-2,3,R32,84.0,2.0,1.0,57.0,35.0,27.0,10.0,9.0,1.0,2.0,2.0,3.0,78.0,49.0,27.0,13.0,9.0,8.0,12.0
2011-439,Umag,Clay,28,250,O,20110725,7,R419,5.0,,Tommy Robredo,R,180.0,ESP,29.232,36.0,1165.0,R383,,Q,Ruben Ramirez Hidalgo,R,183.0,ESP,33.547,138.0,400.0,6-3 6-2,3,R32,79.0,4.0,4.0,60.0,32.0,27.0,15.0,9.0,0.0,0.0,1.0,7.0,51.0,28.0,20.0,7.0,8.0,6.0,9.0
2011-439,Umag,Clay,28,250,O,20110725,8,B884,,,Carlos Berlocq,R,183.0,ARG,28.471,83.0,647.0,K834,,,Blaz Kavcic,R,188.0,SLO,24.389,75.0,677.0,6-4 6-7(7) 6-4,3,R32,221.0,4.0,8.0,103.0,56.0,41.0,25.0,16.0,8.0,11.0,2.0,8.0,126.0,68.0,42.0,29.0,16.0,11.0,16.0
2011-439,Umag,Clay,28,250,O,20110725,9,F316,,,Juan Carlos Ferrero,R,183.0,ESP,31.447,73.0,680.0,G585,,,Maximo Gonzalez,R,173.0,ARG,28.014,97.0,541.0,3-6 6-3 1-1 RET,3,R32,87.0,6.0,0.0,48.0,30.0,21.0,13.0,10.0,0.0,2.0,2.0,4.0,73.0,43.0,30.0,13.0,10.0,6.0,8.0
2011-439,Umag,Clay,28,250,O,20110725,10,R772,,,Albert Ramos-Vinolas,L,188.0,ESP,23.518,82.0,653.0,D646,8.0,,Ivan Dodig,R,183.0,CRO,26.557,40.0,1102.0,6-4 3-6 6-2,3,R32,156.0,1.0,2.0,81.0,43.0,31.0,19.0,13.0,4.0,7.0,6.0,6.0,98.0,51.0,40.0,15.0,14.0,8.0,13.0
2011-439,Umag,Clay,28,250,O,20110725,11,N437,,Q,Gianluca Naso,R,193.0,ITA,24.548,260.0,182.0,DA89,,WC,Mate Delic,R,196.0,CRO,18.237,,,6-4 6-2,3,R32,76.0,4.0,4.0,52.0,22.0,22.0,16.0,9.0,4.0,4.0,3.0,0.0,68.0,41.0,25.0,12.0,9.0,5.0,8.0
2011-439,Umag,Clay,28,250,O,20110725,12,V254,,,Filippo Volandri,R,183.0,ITA,29.884,72.0,690.0,PF00,,WC,Mate Pavic,L,191.0,CRO,18.056,1050.0,6.0,6-4 6-0,3,R32,69.0,0.0,0.0,45.0,30.0,21.0,9.0,8.0,2.0,3.0,0.0,2.0,55.0,28.0,15.0,9.0,8.0,2.0,7.0
2011-439,Umag,Clay,28,250,O,20110725,13,S843,,,Potito Starace,R,188.0,ITA,30.029,54.0,895.0,C514,1.0,,Juan Ignacio Chela,R,191.0,ARG,31.901,21.0,1510.0,6-4 4-6 7-5,3,R16,148.0,5.0,3.0,110.0,72.0,48.0,18.0,16.0,5.0,9.0,1.0,7.0,104.0,63.0,41.0,19.0,16.0,5.0,10.0
2011-439,Umag,Clay,28,250,O,20110725,14,F510,6.0,,Fabio Fognini,R,178.0,ITA,24.17,38.0,1140.0,R397,,,Olivier Rochus,R,168.0,BEL,30.513,74.0,678.0,6-4 6-1,3,R16,76.0,1.0,4.0,58.0,34.0,24.0,10.0,8.0,6.0,8.0,0.0,0.0,60.0,33.0,15.0,12.0,9.0,5.0,11.0
2011-439,Umag,Clay,28,250,O,20110725,15,C977,4.0,,Marin Cilic,R,198.0,CRO,22.82,31.0,1290.0,H756,,,Robin Haase,R,191.0,NED,24.301,52.0,906.0,4-6 6-4 6-3,3,R16,142.0,9.0,2.0,92.0,36.0,31.0,29.0,14.0,7.0,9.0,5.0,3.0,102.0,58.0,40.0,20.0,15.0,6.0,10.0
2011-439,Umag,Clay,28,250,O,20110725,16,SA93,7.0,,Andreas Seppi,R,191.0,ITA,27.422,44.0,980.0,J214,,,Diego Junqueira,L,178.0,ARG,30.571,101.0,534.0,7-5 6-1,3,R16,89.0,3.0,4.0,72.0,37.0,30.0,17.0,10.0,5.0,6.0,0.0,1.0,65.0,45.0,23.0,12.0,9.0,9.0,13.0
2011-439,Umag,Clay,28,250,O,20110725,17,B884,,,Carlos Berlocq,R,183.0,ARG,28.471,83.0,647.0,R419,5.0,,Tommy Robredo,R,180.0,ESP,29.232,36.0,1165.0,W/O,3,R16,,3.0,4.0,72.0,37.0,30.0,17.0,10.0,5.0,6.0,0.0,1.0,65.0,45.0,23.0,12.0,9.0,9.0,13.0
2011-439,Umag,Clay,28,250,O,20110725,18,F316,,,Juan Carlos Ferrero,R,183.0,ESP,31.447,73.0,680.0,L360,3.0,,Ivan Ljubicic,R,193.0,CRO,32.35,32.0,1290.0,1-6 6-3 6-4,3,R16,115.0,0.0,2.0,75.0,49.0,31.0,15.0,13.0,5.0,9.0,7.0,2.0,75.0,27.0,18.0,26.0,13.0,6.0,10.0
2011-439,Umag,Clay,28,250,O,20110725,19,R772,,,Albert Ramos-Vinolas,L,188.0,ESP,23.518,82.0,653.0,N437,,Q,Gianluca Naso,R,193.0,ITA,24.548,260.0,182.0,6-1 6-3,3,R16,73.0,4.0,2.0,46.0,29.0,22.0,12.0,8.0,4.0,4.0,2.0,1.0,53.0,27.0,21.0,8.0,8.0,8.0,12.0
2011-439,Umag,Clay,28,250,O,20110725,20,D801,2.0,,Alexandr Dolgopolov,R,180.0,UKR,22.71,26.0,1370.0,V254,,,Filippo Volandri,R,183.0,ITA,29.884,72.0,690.0,6-1 6-2,3,R16,55.0,5.0,2.0,50.0,16.0,13.0,22.0,8.0,5.0,5.0,0.0,3.0,37.0,18.0,12.0,6.0,7.0,2.0,6.0
2011-439,Umag,Clay,28,250,O,20110725,21,F510,6.0,,Fabio Fognini,R,178.0,ITA,24.17,38.0,1140.0,S843,,,Potito Starace,R,188.0,ITA,30.029,54.0,895.0,3-6 6-3 6-1,3,QF,106.0,4.0,3.0,84.0,49.0,35.0,18.0,12.0,4.0,6.0,1.0,2.0,77.0,51.0,34.0,12.0,13.0,4.0,9.0
2011-439,Umag,Clay,28,250,O,20110725,22,C977,4.0,,Marin Cilic,R,198.0,CRO,22.82,31.0,1290.0,SA93,7.0,,Andreas Seppi,R,191.0,ITA,27.422,44.0,980.0,6-1 6-3,3,QF,72.0,1.0,1.0,46.0,29.0,24.0,10.0,8.0,1.0,1.0,1.0,1.0,53.0,34.0,17.0,9.0,8.0,5.0,9.0
2011-439,Umag,Clay,28,250,O,20110725,23,F316,,,Juan Carlos Ferrero,R,183.0,ESP,31.447,73.0,680.0,B884,,,Carlos Berlocq,R,183.0,ARG,28.471,83.0,647.0,6-1 7-6(5),3,QF,84.0,0.0,1.0,53.0,38.0,21.0,6.0,9.0,2.0,6.0,0.0,2.0,58.0,38.0,17.0,4.0,10.0,4.0,11.0
2011-439,Umag,Clay,28,250,O,20110725,24,D801,2.0,,Alexandr Dolgopolov,R,180.0,UKR,22.71,26.0,1370.0,R772,,,Albert Ramos-Vinolas,L,188.0,ESP,23.518,82.0,653.0,6-3 7-5,3,QF,85.0,5.0,0.0,70.0,28.0,20.0,28.0,11.0,1.0,2.0,2.0,3.0,61.0,43.0,27.0,9.0,10.0,2.0,5.0
2011-439,Umag,Clay,28,250,O,20110725,25,C977,4.0,,Marin Cilic,R,198.0,CRO,22.82,31.0,1290.0,F510,6.0,,Fabio Fognini,R,178.0,ITA,24.17,38.0,1140.0,6-2 6-2,3,SF,74.0,2.0,2.0,50.0,29.0,22.0,11.0,8.0,2.0,3.0,0.0,8.0,57.0,29.0,15.0,10.0,8.0,3.0,8.0
2011-439,Umag,Clay,28,250,O,20110725,26,D801,2.0,,Alexandr Dolgopolov,R,180.0,UKR,22.71,26.0,1370.0,F316,,,Juan Carlos Ferrero,R,183.0,ESP,31.447,73.0,680.0,6-4 6-4,3,SF,86.0,9.0,3.0,67.0,28.0,24.0,19.0,10.0,1.0,2.0,0.0,1.0,65.0,42.0,22.0,16.0,10.0,7.0,10.0
2011-439,Umag,Clay,28,250,O,20110725,27,D801,2.0,,Alexandr Dolgopolov,R,180.0,UKR,22.71,26.0,1370.0,C977,4.0,,Marin Cilic,R,198.0,CRO,22.82,31.0,1290.0,6-4 3-6 6-3,3,F,134.0,6.0,1.0,74.0,32.0,28.0,24.0,14.0,2.0,4.0,4.0,5.0,106.0,52.0,35.0,27.0,14.0,9.0,12.0
2011-319,Kitzbuhel,Clay,28,250,O,20110731,1,G676,,,Daniel Gimeno-Traver,R,183.0,ESP,25.979,80.0,655.0,TB69,,WC,Dominic Thiem,R,185.0,AUT,17.906,918.0,10.0,6-4 6-2,3,R32,66.0,2.0,2.0,43.0,24.0,22.0,11.0,9.0,0.0,1.0,2.0,5.0,53.0,19.0,15.0,12.0,9.0,3.0,7.0
2011-319,Kitzbuhel,Clay,28,250,O,20110731,2,V564,,Q,Antonio Veic,R,180.0,CRO,23.447,196.0,272.0,H804,,,Andreas Haider-Maurer,R,191.0,AUT,24.359,70.0,716.0,6-7(3) 6-4 6-2,3,R32,143.0,5.0,1.0,89.0,51.0,34.0,23.0,15.0,5.0,9.0,7.0,8.0,104.0,57.0,36.0,21.0,15.0,8.0,15.0
2011-319,Kitzbuhel,Clay,28,250,O,20110731,3,G710,7.0,,Marcel Granollers,R,191.0,ESP,25.3,33.0,1218.0,V254,,,Filippo Volandri,R,183.0,ITA,29.9,73.0,690.0,6-4 6-2,3,R32,87.0,3.0,1.0,53.0,28.0,25.0,12.0,9.0,1.0,2.0,0.0,1.0,54.0,33.0,17.0,12.0,9.0,1.0,5.0
2011-319,Kitzbuhel,Clay,28,250,O,20110731,4,G725,,,Santiago Giraldo,R,188.0,COL,23.674,62.0,790.0,BC72,,Q,Daniel Brands,R,196.0,GER,24.038,181.0,296.0,6-3 6-3,3,R32,69.0,4.0,0.0,62.0,40.0,33.0,12.0,9.0,6.0,6.0,1.0,3.0,54.0,36.0,26.0,7.0,9.0,3.0,6.0
2011-319,Kitzbuhel,Clay,28,250,O,20110731,5,M824,,,Albert Montanes,R,175.0,ESP,30.675,50.0,915.0,MI08,,WC,Javier Marti,R,,ESP,19.551,232.0,223.0,6-3 6-2,3,R32,70.0,1.0,4.0,49.0,34.0,27.0,6.0,9.0,2.0,4.0,2.0,4.0,55.0,32.0,14.0,11.0,8.0,2.0,7.0
2011-319,Kitzbuhel,Clay,28,250,O,20110731,6,K435,5.0,,Philipp Kohlschreiber,R,178.0,GER,27.789,43.0,1080.0,M099,,WC,Thomas Muster,L,180.0,AUT,43.828,1008.0,7.0,6-3 6-0,3,R32,66.0,8.0,4.0,52.0,32.0,23.0,11.0,7.0,3.0,4.0,1.0,2.0,57.0,29.0,15.0,8.0,8.0,7.0,13.0
2011-319,Kitzbuhel,Clay,28,250,O,20110731,7,A596,8.0,,Pablo Andujar,R,180.0,ESP,25.517,46.0,953.0,R685,,,Lukas Rosol,R,193.0,CZE,26.018,69.0,716.0,3-6 6-3 6-3,3,R32,122.0,6.0,6.0,96.0,59.0,39.0,19.0,13.0,9.0,12.0,9.0,4.0,90.0,54.0,36.0,16.0,14.0,7.0,12.0
2011-319,Kitzbuhel,Clay,28,250,O,20110731,8,R772,,,Albert Ramos-Vinolas,L,188.0,ESP,23.535,74.0,683.0,A511,,,Igor Andreev,R,185.0,RUS,28.047,83.0,650.0,6-0 6-7(2) 6-4,3,R32,146.0,6.0,8.0,101.0,59.0,44.0,18.0,14.0,9.0,11.0,1.0,4.0,91.0,52.0,32.0,17.0,14.0,7.0,13.0
2011-319,Kitzbuhel,Clay,28,250,O,20110731,9,SG64,,Q,Joao Souza,R,193.0,BRA,23.176,110.0,500.0,J397,,Q,Jerzy Janowicz,R,203.0,POL,20.712,142.0,389.0,6-3 4-6 7-6(3),3,R32,142.0,8.0,5.0,87.0,57.0,46.0,19.0,15.0,1.0,2.0,8.0,8.0,106.0,72.0,55.0,16.0,16.0,9.0,11.0
2011-319,Kitzbuhel,Clay,28,250,O,20110731,10,SA93,6.0,,Andreas Seppi,R,191.0,ITA,27.439,48.0,935.0,I165,,,Denis Istomin,R,185.0,UZB,24.895,81.0,655.0,6-2 6-2,3,R32,61.0,2.0,2.0,48.0,25.0,21.0,14.0,8.0,2.0,2.0,1.0,4.0,53.0,33.0,19.0,7.0,8.0,7.0,11.0
2011-319,Kitzbuhel,Clay,28,250,O,20110731,11,R750,,,Pere Riba,R,183.0,ESP,23.313,77.0,675.0,H528,,,Victor Hanescu,R,198.0,ROU,30.026,64.0,760.0,7-6(3) 6-4,3,R32,100.0,9.0,4.0,75.0,46.0,34.0,14.0,11.0,6.0,8.0,2.0,3.0,68.0,43.0,28.0,14.0,11.0,5.0,8.0
2011-319,Kitzbuhel,Clay,28,250,O,20110731,12,H756,,,Robin Haase,R,191.0,NED,24.318,53.0,886.0,S843,,,Potito Starace,R,188.0,ITA,30.045,63.0,790.0,6-3 2-0 RET,3,R32,43.0,6.0,1.0,31.0,17.0,15.0,9.0,6.0,0.0,0.0,1.0,0.0,29.0,21.0,13.0,3.0,5.0,1.0,3.0
2011-319,Kitzbuhel,Clay,28,250,O,20110731,13,C514,1.0,,Juan Ignacio Chela,R,191.0,ARG,31.918,23.0,1440.0,G676,,,Daniel Gimeno-Traver,R,183.0,ESP,25.979,80.0,655.0,6-4 3-6 6-3,3,R16,135.0,2.0,5.0,84.0,49.0,33.0,19.0,14.0,4.0,7.0,8.0,1.0,91.0,44.0,31.0,21.0,14.0,5.0,9.0
2011-319,Kitzbuhel,Clay,28,250,O,20110731,14,G710,7.0,,Marcel Granollers,R,191.0,ESP,25.3,33.0,1218.0,V564,,Q,Antonio Veic,R,180.0,CRO,23.447,196.0,272.0,6-0 3-6 6-4,3,R16,125.0,3.0,1.0,65.0,37.0,24.0,17.0,12.0,0.0,3.0,3.0,1.0,78.0,45.0,26.0,14.0,13.0,5.0,11.0
2011-319,Kitzbuhel,Clay,28,250,O,20110731,15,G725,,,Santiago Giraldo,R,188.0,COL,23.674,62.0,790.0,F510,4.0,,Fabio Fognini,R,178.0,ITA,24.186,34.0,1210.0,6-3 6-4,3,R16,85.0,3.0,1.0,58.0,37.0,23.0,10.0,10.0,1.0,4.0,3.0,3.0,72.0,40.0,23.0,11.0,9.0,4.0,9.0
2011-319,Kitzbuhel,Clay,28,250,O,20110731,16,M824,,,Albert Montanes,R,175.0,ESP,30.675,50.0,915.0,K435,5.0,,Philipp Kohlschreiber,R,178.0,GER,27.789,43.0,1080.0,6-4 7-5,3,R16,81.0,8.0,6.0,65.0,45.0,35.0,5.0,11.0,3.0,5.0,3.0,3.0,61.0,28.0,19.0,16.0,11.0,2.0,6.0
2011-319,Kitzbuhel,Clay,28,250,O,20110731,17,A596,8.0,,Pablo Andujar,R,180.0,ESP,25.517,46.0,953.0,R772,,,Albert Ramos-Vinolas,L,188.0,ESP,23.535,74.0,683.0,6-2 6-1,3,R16,79.0,0.0,2.0,48.0,31.0,20.0,12.0,8.0,2.0,3.0,4.0,0.0,53.0,27.0,15.0,9.0,7.0,4.0,9.0
2011-319,Kitzbuhel,Clay,28,250,O,20110731,18,SG64,,Q,Joao Souza,R,193.0,BRA,23.176,110.0,500.0,J214,,LL,Diego Junqueira,L,178.0,ARG,30.587,97.0,545.0,6-2 6-2,3,R16,85.0,4.0,2.0,44.0,30.0,23.0,10.0,8.0,1.0,1.0,2.0,2.0,49.0,30.0,19.0,7.0,8.0,2.0,6.0
2011-319,Kitzbuhel,Clay,28,250,O,20110731,19,SA93,6.0,,Andreas Seppi,R,191.0,ITA,27.439,48.0,935.0,R750,,,Pere Riba,R,183.0,ESP,23.313,77.0,675.0,7-5 6-4,3,R16,91.0,5.0,5.0,69.0,39.0,27.0,13.0,11.0,2.0,5.0,2.0,3.0,61.0,28.0,19.0,13.0,11.0,3.0,8.0
2011-319,Kitzbuhel,Clay,28,250,O,20110731,20,H756,,,Robin Haase,R,191.0,NED,24.318,53.0,886.0,L397,2.0,,Feliciano Lopez,L,188.0,ESP,29.859,28.0,1345.0,1-6 6-4 6-3,3,R16,114.0,5.0,3.0,73.0,34.0,21.0,26.0,13.0,0.0,3.0,9.0,3.0,71.0,45.0,35.0,14.0,13.0,3.0,6.0
2011-319,Kitzbuhel,Clay,28,250,O,20110731,21,C514,1.0,,Juan Ignacio Chela,R,191.0,ARG,31.918,23.0,1440.0,G710,7.0,,Marcel Granollers,R,191.0,ESP,25.3,33.0,1218.0,6-3 6-4,3,QF,96.0,0.0,1.0,50.0,35.0,28.0,8.0,9.0,1.0,2.0,3.0,2.0,69.0,46.0,30.0,8.0,10.0,6.0,10.0
2011-319,Kitzbuhel,Clay,28,250,O,20110731,22,M824,,,Albert Montanes,R,175.0,ESP,30.675,50.0,915.0,G725,,,Santiago Giraldo,R,188.0,COL,23.674,62.0,790.0,6-1 7-6(0),3,QF,80.0,6.0,3.0,65.0,40.0,31.0,12.0,10.0,1.0,3.0,7.0,0.0,58.0,35.0,24.0,6.0,9.0,7.0,11.0
2011-319,Kitzbuhel,Clay,28,250,O,20110731,23,SG64,,Q,Joao Souza,R,193.0,BRA,23.176,110.0,500.0,A596,8.0,,Pablo Andujar,R,180.0,ESP,25.517,46.0,953.0,6-3 6-4,3,QF,83.0,8.0,5.0,55.0,31.0,27.0,11.0,10.0,0.0,2.0,1.0,0.0,52.0,25.0,17.0,11.0,9.0,3.0,7.0
2011-319,Kitzbuhel,Clay,28,250,O,20110731,24,H756,,,Robin Haase,R,191.0,NED,24.318,53.0,886.0,SA93,6.0,,Andreas Seppi,R,191.0,ITA,27.439,48.0,935.0,6-4 6-2,3,QF,93.0,6.0,1.0,78.0,42.0,27.0,15.0,9.0,3.0,7.0,2.0,6.0,57.0,27.0,14.0,8.0,9.0,4.0,11.0
2011-319,Kitzbuhel,Clay,28,250,O,20110731,25,M824,,,Albert Montanes,R,175.0,ESP,30.675,50.0,915.0,C514,1.0,,Juan Ignacio Chela,R,191.0,ARG,31.918,23.0,1440.0,6-2 7-5,3,SF,92.0,1.0,4.0,56.0,34.0,27.0,9.0,10.0,2.0,5.0,1.0,2.0,75.0,58.0,28.0,8.0,10.0,8.0,14.0
2011-319,Kitzbuhel,Clay,28,250,O,20110731,26,H756,,,Robin Haase,R,191.0,NED,24.318,53.0,886.0,SG64,,Q,Joao Souza,R,193.0,BRA,23.176,110.0,500.0,6-1 6-7(3) 6-4,3,SF,130.0,14.0,0.0,74.0,40.0,34.0,23.0,14.0,1.0,2.0,7.0,3.0,99.0,59.0,41.0,18.0,15.0,5.0,10.0
2011-319,Kitzbuhel,Clay,28,250,O,20110731,27,H756,,,Robin Haase,R,191.0,NED,24.318,53.0,886.0,M824,,,Albert Montanes,R,175.0,ESP,30.675,50.0,915.0,6-4 4-6 6-1,3,F,121.0,4.0,4.0,93.0,43.0,30.0,26.0,14.0,7.0,10.0,3.0,3.0,73.0,34.0,24.0,18.0,13.0,5.0,10.0
2011-418,Washington,Hard,48,500,O,20110731,1,SG87,,,Ryan Sweeting,R,196.0,USA,24.047,66.0,733.0,B842,,,Alex Bogomolov Jr.,R,178.0,RUS,28.271,56.0,841.0,6-2 6-4,3,R64,81.0,7.0,2.0,57.0,35.0,24.0,12.0,9.0,1.0,3.0,4.0,3.0,57.0,29.0,18.0,9.0,9.0,2.0,7.0
2011-418,Washington,Hard,48,500,O,20110731,2,C723,,,Flavio Cipolla,R,173.0,ITA,27.778,103.0,521.0,K771,,,Marsel Ilhan,R,191.0,TUR,24.137,107.0,509.0,7-5 6-0,3,R64,89.0,0.0,2.0,54.0,35.0,22.0,12.0,9.0,2.0,4.0,0.0,2.0,58.0,27.0,14.0,13.0,9.0,3.0,9.0
2011-418,Washington,Hard,48,500,O,20110731,3,D875,,,Grigor Dimitrov,R,191.0,BUL,20.208,57.0,833.0,SF62,,Q,Tim Smyczek,R,175.0,USA,23.584,227.0,229.0,4-6 7-6(3) 7-6(3),3,R64,159.0,12.0,7.0,111.0,70.0,49.0,24.0,17.0,3.0,6.0,2.0,1.0,140.0,109.0,69.0,15.0,17.0,13.0,15.0
2011-418,Washington,Hard,48,500,O,20110731,4,B678,,,Michael Berrer,L,193.0,GER,31.08,85.0,635.0,L503,,,Paolo Lorenzi,R,183.0,ITA,29.624,141.0,390.0,7-5 6-1,3,R64,78.0,3.0,2.0,54.0,38.0,28.0,7.0,10.0,2.0,4.0,1.0,4.0,59.0,35.0,20.0,8.0,9.0,2.0,7.0
2011-418,Washington,Hard,48,500,O,20110731,5,H940,,WC,Ryan Harrison,R,185.0,USA,19.231,82.0,654.0,Z168,,,Mischa Zverev,L,191.0,GER,23.94,115.0,474.0,6-4 1-6 6-1,3,R64,94.0,2.0,10.0,76.0,41.0,28.0,19.0,12.0,1.0,4.0,3.0,3.0,86.0,57.0,39.0,10.0,12.0,8.0,12.0
2011-418,Washington,Hard,48,500,O,20110731,6,G621,,Q,Chris Guccione,L,201.0,AUS,26.001,224.0,233.0,F444,,,Alejandro Falla,L,185.0,COL,27.71,96.0,552.0,7-6(3) 6-3,3,R64,70.0,11.0,1.0,56.0,36.0,35.0,12.0,10.0,3.0,3.0,4.0,5.0,67.0,38.0,30.0,14.0,11.0,0.0,2.0
2011-418,Washington,Hard,48,500,O,20110731,7,K839,,,Tobias Kamke,R,178.0,GER,25.194,94.0,561.0,KB09,,WC,Denis Kudla,R,180.0,USA,18.951,326.0,136.0,6-4 6-2,3,R64,70.0,4.0,0.0,47.0,29.0,25.0,10.0,9.0,2.0,3.0,2.0,4.0,65.0,33.0,20.0,14.0,9.0,3.0,7.0
2011-418,Washington,Hard,48,500,O,20110731,8,B676,,,James Blake,R,185.0,USA,31.589,90.0,584.0,I230,,,Tatsuma Ito,R,180.0,JPN,23.201,102.0,522.0,6-3 6-3,3,R64,57.0,3.0,1.0,55.0,34.0,25.0,14.0,9.0,5.0,6.0,1.0,3.0,56.0,29.0,15.0,13.0,9.0,1.0,5.0
2011-418,Washington,Hard,48,500,O,20110731,9,D616,,,Somdev Devvarman,R,180.0,IND,26.459,65.0,749.0,G512,,,Denis Gremelmayr,L,183.0,GER,29.955,160.0,332.0,6-2 6-3,3,R64,59.0,7.0,3.0,48.0,28.0,26.0,9.0,9.0,2.0,3.0,1.0,3.0,43.0,15.0,8.0,12.0,8.0,0.0,4.0
2011-418,Washington,Hard,48,500,O,20110731,10,H355,,,Tommy Haas,R,188.0,GER,33.325,576.0,40.0,D438,,LL,Amer Delic,R,196.0,BIH,29.084,242.0,203.0,6-2 6-3,3,R64,63.0,6.0,3.0,48.0,26.0,24.0,13.0,9.0,1.0,1.0,8.0,1.0,57.0,32.0,20.0,12.0,8.0,3.0,6.0
2011-418,Washington,Hard,48,500,O,20110731,11,R368,,,Michael Russell,R,173.0,USA,33.248,109.0,504.0,K336,,,Ivo Karlovic,R,211.0,CRO,32.419,126.0,442.0,6-4 7-6(4),3,R64,94.0,3.0,5.0,76.0,39.0,32.0,23.0,11.0,1.0,1.0,10.0,3.0,61.0,42.0,36.0,11.0,11.0,2.0,3.0
2011-418,Washington,Hard,48,500,O,20110731,12,Y124,,,Donald Young,L,183.0,USA,22.021,128.0,440.0,SD23,,Q,Artem Sitak,R,185.0,NZL,25.473,387.0,100.0,6-0 6-3,3,R64,64.0,3.0,1.0,35.0,24.0,23.0,9.0,8.0,0.0,0.0,2.0,2.0,60.0,24.0,12.0,15.0,7.0,7.0,11.0
2011-418,Washington,Hard,48,500,O,20110731,13,ME05,,Q,Marinko Matosevic,R,193.0,AUS,25.977,152.0,344.0,BE90,,,Ricardas Berankis,R,175.0,LTU,21.109,114.0,477.0,7-6(3) 3-6 6-1,3,R64,115.0,3.0,6.0,78.0,42.0,35.0,16.0,14.0,2.0,5.0,16.0,9.0,107.0,46.0,31.0,28.0,14.0,8.0,12.0
2011-418,Washington,Hard,48,500,O,20110731,14,E690,,Q,Matthew Ebden,R,188.0,AUS,23.677,140.0,398.0,R548,,Q,Rajeev Ram,R,193.0,USA,27.368,236.0,213.0,6-1 3-2 RET,3,R64,48.0,2.0,2.0,31.0,19.0,17.0,6.0,6.0,0.0,1.0,0.0,1.0,50.0,30.0,16.0,7.0,6.0,2.0,6.0
2011-418,Washington,Hard,48,500,O,20110731,15,K403,,,Igor Kunitsyn,R,180.0,RUS,29.832,58.0,831.0,MA30,,,Gilles Muller,L,193.0,LUX,28.227,68.0,718.0,6-4 3-6 7-6(5),3,R64,114.0,10.0,2.0,84.0,49.0,42.0,21.0,15.0,1.0,2.0,18.0,2.0,91.0,54.0,42.0,24.0,16.0,0.0,1.0
2011-418,Washington,Hard,48,500,O,20110731,16,S694,,,Radek Stepanek,R,185.0,CZE,32.674,54.0,883.0,P624,,,Philipp Petzschner,R,185.0,GER,27.351,79.0,665.0,6-7(2) 6-4 6-0,3,R64,132.0,5.0,5.0,78.0,48.0,41.0,19.0,14.0,1.0,1.0,10.0,7.0,108.0,42.0,34.0,30.0,14.0,7.0,11.0
2011-418,Washington,Hard,48,500,O,20110731,17,MC65,1.0,,Gael Monfils,R,193.0,FRA,24.912,7.0,2695.0,SG87,,,Ryan Sweeting,R,196.0,USA,24.047,66.0,733.0,6-3 7-6(3),3,R32,85.0,17.0,3.0,66.0,47.0,39.0,8.0,11.0,1.0,2.0,2.0,4.0,75.0,41.0,25.0,20.0,10.0,3.0,5.0
2011-418,Washington,Hard,48,500,O,20110731,18,T315,15.0,,Dmitry Tursunov,R,185.0,RUS,28.632,45.0,969.0,C723,,,Flavio Cipolla,R,173.0,ITA,27.778,103.0,521.0,6-1 6-4,3,R32,77.0,3.0,5.0,49.0,26.0,22.0,13.0,9.0,1.0,2.0,0.0,2.0,53.0,21.0,12.0,15.0,8.0,6.0,10.0
2011-418,Washington,Hard,48,500,O,20110731,19,D875,,,Grigor Dimitrov,R,191.0,BUL,20.208,57.0,833.0,L428,10.0,,Michael Llodra,L,191.0,FRA,31.201,31.0,1290.0,4-3 RET,3,R32,31.0,2.0,1.0,26.0,12.0,6.0,10.0,3.0,3.0,3.0,1.0,2.0,21.0,11.0,6.0,7.0,4.0,0.0,1.0
2011-418,Washington,Hard,48,500,O,20110731,20,T742,6.0,,Janko Tipsarevic,R,180.0,SRB,27.105,25.0,1390.0,B678,,,Michael Berrer,L,193.0,GER,31.08,85.0,635.0,6-3 6-4,3,R32,83.0,6.0,3.0,53.0,32.0,25.0,15.0,10.0,0.0,0.0,7.0,1.0,73.0,45.0,30.0,12.0,9.0,8.0,10.0
2011-418,Washington,Hard,48,500,O,20110731,21,T840,3.0,,Viktor Troicki,R,193.0,SRB,25.467,15.0,1970.0,H940,,WC,Ryan Harrison,R,185.0,USA,19.231,82.0,654.0,7-5 6-2,3,R32,77.0,13.0,3.0,66.0,34.0,26.0,19.0,10.0,3.0,4.0,0.0,3.0,51.0,29.0,17.0,11.0,10.0,2.0,6.0
2011-418,Washington,Hard,48,500,O,20110731,22,A678,13.0,,Kevin Anderson,R,203.0,RSA,25.202,37.0,1175.0,G621,,Q,Chris Guccione,L,201.0,AUS,26.001,224.0,233.0,3-6 6-2 7-6(0),3,R32,124.0,13.0,1.0,93.0,61.0,47.0,18.0,15.0,0.0,2.0,9.0,4.0,95.0,51.0,37.0,22.0,14.0,6.0,8.0
2011-418,Washington,Hard,48,500,O,20110731,23,I186,11.0,,John Isner,R,208.0,USA,26.261,35.0,1195.0,K839,,,Tobias Kamke,R,178.0,GER,25.194,94.0,561.0,6-1 6-3,3,R32,66.0,6.0,1.0,45.0,29.0,26.0,8.0,8.0,3.0,3.0,0.0,3.0,56.0,32.0,18.0,10.0,8.0,10.0,14.0
2011-418,Washington,Hard,48,500,O,20110731,24,B676,,,James Blake,R,185.0,USA,31.589,90.0,584.0,N301,8.0,,David Nalbandian,R,180.0,ARG,29.577,27.0,1365.0,6-2 6-4,3,R32,73.0,7.0,3.0,62.0,39.0,31.0,12.0,9.0,3.0,3.0,1.0,3.0,63.0,31.0,23.0,12.0,9.0,4.0,7.0
2011-418,Washington,Hard,48,500,O,20110731,25,B837,7.0,,Marcos Baghdatis,R,178.0,CYP,26.119,26.0,1375.0,D616,,,Somdev Devvarman,R,180.0,IND,26.459,65.0,749.0,6-2 0-6 7-5,3,R32,123.0,6.0,6.0,87.0,41.0,29.0,23.0,13.0,7.0,11.0,1.0,1.0,93.0,49.0,32.0,21.0,13.0,9.0,13.0
2011-418,Washington,Hard,48,500,O,20110731,26,BD20,12.0,,Thomaz Bellucci,L,188.0,BRA,23.584,36.0,1180.0,H355,,,Tommy Haas,R,188.0,GER,33.325,576.0,40.0,7-6(3) 3-6 6-3,3,R32,147.0,9.0,8.0,116.0,73.0,52.0,12.0,15.0,10.0,16.0,4.0,7.0,99.0,58.0,36.0,20.0,15.0,5.0,11.0
2011-418,Washington,Hard,48,500,O,20110731,27,R368,,,Michael Russell,R,173.0,USA,33.248,109.0,504.0,M680,14.0,,Xavier Malisse,R,185.0,BEL,31.031,42.0,1090.0,7-6(4) 2-3 RET,3,R32,73.0,5.0,3.0,49.0,31.0,24.0,8.0,8.0,0.0,2.0,4.0,2.0,63.0,28.0,20.0,20.0,9.0,4.0,6.0
2011-418,Washington,Hard,48,500,O,20110731,28,Y124,,,Donald Young,L,183.0,USA,22.021,128.0,440.0,M762,4.0,,Jurgen Melzer,L,183.0,AUT,30.19,18.0,1875.0,6-7(6) 6-4 3-1 RET,3,R32,117.0,8.0,6.0,85.0,57.0,39.0,16.0,13.0,4.0,6.0,1.0,5.0,91.0,50.0,31.0,21.0,13.0,6.0,10.0
2011-418,Washington,Hard,48,500,O,20110731,29,V306,5.0,,Fernando Verdasco,L,188.0,ESP,27.707,19.0,1705.0,ME05,,Q,Marinko Matosevic,R,193.0,AUS,25.977,152.0,344.0,6-4 6-4,3,R32,88.0,3.0,6.0,54.0,36.0,28.0,11.0,10.0,3.0,4.0,2.0,1.0,79.0,47.0,28.0,16.0,10.0,3.0,6.0
2011-418,Washington,Hard,48,500,O,20110731,30,D402,9.0,,Nikolay Davydenko,R,178.0,RUS,30.16,30.0,1295.0,E690,,Q,Matthew Ebden,R,188.0,AUS,23.677,140.0,398.0,6-3 7-5,3,R32,90.0,3.0,6.0,65.0,46.0,36.0,11.0,11.0,3.0,4.0,4.0,4.0,66.0,38.0,24.0,15.0,10.0,2.0,5.0
2011-418,Washington,Hard,48,500,O,20110731,31,N289,16.0,,Jarkko Nieminen,L,185.0,FIN,30.021,51.0,901.0,K403,,,Igor Kunitsyn,R,180.0,RUS,29.832,58.0,831.0,7-5 6-4,3,R32,91.0,4.0,3.0,64.0,40.0,27.0,14.0,11.0,2.0,4.0,4.0,4.0,70.0,35.0,18.0,18.0,11.0,2.0,6.0
2011-418,Washington,Hard,48,500,O,20110731,32,S694,,,Radek Stepanek,R,185.0,CZE,32.674,54.0,883.0,O234,,LL,Wayne Odesnik,L,180.0,USA,25.689,161.0,332.0,6-1 6-1,3,R32,57.0,1.0,1.0,35.0,24.0,22.0,6.0,7.0,0.0,0.0,2.0,2.0,40.0,28.0,14.0,2.0,7.0,2.0,7.0
2011-418,Washington,Hard,48,500,O,20110731,33,MC65,1.0,,Gael Monfils,R,193.0,FRA,24.912,7.0,2695.0,T315,15.0,,Dmitry Tursunov,R,185.0,RUS,28.632,45.0,969.0,6-2 7-6(9),3,R16,100.0,8.0,1.0,66.0,40.0,32.0,17.0,10.0,3.0,4.0,3.0,4.0,74.0,45.0,32.0,12.0,10.0,4.0,7.0
2011-418,Washington,Hard,48,500,O,20110731,34,T742,6.0,,Janko Tipsarevic,R,180.0,SRB,27.105,25.0,1390.0,D875,,,Grigor Dimitrov,R,191.0,BUL,20.208,57.0,833.0,6-4 6-2,3,R16,75.0,2.0,0.0,46.0,23.0,20.0,15.0,9.0,1.0,2.0,1.0,4.0,60.0,31.0,18.0,14.0,9.0,3.0,7.0
2011-418,Washington,Hard,48,500,O,20110731,35,T840,3.0,,Viktor Troicki,R,193.0,SRB,25.467,15.0,1970.0,A678,13.0,,Kevin Anderson,R,203.0,RSA,25.202,37.0,1175.0,6-3 6-3,3,R16,68.0,5.0,3.0,51.0,29.0,25.0,11.0,9.0,3.0,4.0,4.0,0.0,53.0,35.0,21.0,8.0,9.0,2.0,6.0
2011-418,Washington,Hard,48,500,O,20110731,36,I186,11.0,,John Isner,R,208.0,USA,26.261,35.0,1195.0,B676,,,James Blake,R,185.0,USA,31.589,90.0,584.0,7-6(0) 1-6 7-6(4),3,R16,133.0,13.0,7.0,110.0,71.0,47.0,23.0,15.0,5.0,8.0,11.0,7.0,105.0,57.0,46.0,26.0,16.0,4.0,5.0
2011-418,Washington,Hard,48,500,O,20110731,37,B837,7.0,,Marcos Baghdatis,R,178.0,CYP,26.119,26.0,1375.0,BD20,12.0,,Thomaz Bellucci,L,188.0,BRA,23.584,36.0,1180.0,3-6 6-3 6-2,3,R16,99.0,15.0,2.0,70.0,40.0,33.0,18.0,13.0,2.0,4.0,4.0,6.0,81.0,50.0,34.0,11.0,13.0,4.0,8.0
2011-418,Washington,Hard,48,500,O,20110731,38,Y124,,,Donald Young,L,183.0,USA,22.021,128.0,440.0,R368,,,Michael Russell,R,173.0,USA,33.248,109.0,504.0,6-3 6-3,3,R16,81.0,2.0,2.0,50.0,30.0,21.0,13.0,9.0,3.0,4.0,1.0,3.0,57.0,32.0,20.0,9.0,9.0,1.0,5.0
2011-418,Washington,Hard,48,500,O,20110731,39,V306,5.0,,Fernando Verdasco,L,188.0,ESP,27.707,19.0,1705.0,D402,9.0,,Nikolay Davydenko,R,178.0,RUS,30.16,30.0,1295.0,6-4 7-5,3,R16,93.0,4.0,3.0,73.0,44.0,32.0,15.0,11.0,7.0,8.0,0.0,5.0,63.0,39.0,28.0,10.0,11.0,1.0,4.0
2011-418,Washington,Hard,48,500,O,20110731,40,S694,,,Radek Stepanek,R,185.0,CZE,32.674,54.0,883.0,N289,16.0,,Jarkko Nieminen,L,185.0,FIN,30.021,51.0,901.0,6-4 3-6 6-2,3,R16,127.0,9.0,2.0,85.0,59.0,40.0,13.0,13.0,9.0,12.0,3.0,6.0,97.0,55.0,35.0,20.0,14.0,9.0,14.0
2011-418,Washington,Hard,48,500,O,20110731,41,MC65,1.0,,Gael Monfils,R,193.0,FRA,24.912,7.0,2695.0,T742,6.0,,Janko Tipsarevic,R,180.0,SRB,27.105,25.0,1390.0,6-4 6-4,3,QF,94.0,4.0,6.0,62.0,35.0,31.0,12.0,10.0,1.0,2.0,0.0,3.0,77.0,39.0,23.0,18.0,10.0,3.0,6.0
2011-418,Washington,Hard,48,500,O,20110731,42,I186,11.0,,John Isner,R,208.0,USA,26.261,35.0,1195.0,T840,3.0,,Viktor Troicki,R,193.0,SRB,25.467,15.0,1970.0,7-6(5) 3-6 6-1,3,QF,106.0,10.0,2.0,80.0,63.0,51.0,8.0,14.0,1.0,3.0,10.0,4.0,82.0,42.0,33.0,24.0,14.0,2.0,5.0
2011-418,Washington,Hard,48,500,O,20110731,43,Y124,,,Donald Young,L,183.0,USA,22.021,128.0,440.0,B837,7.0,,Marcos Baghdatis,R,178.0,CYP,26.119,26.0,1375.0,6-3 7-6(4),3,QF,87.0,2.0,3.0,69.0,45.0,34.0,9.0,11.0,3.0,5.0,4.0,1.0,56.0,21.0,17.0,17.0,10.0,0.0,3.0
2011-418,Washington,Hard,48,500,O,20110731,44,S694,,,Radek Stepanek,R,185.0,CZE,32.674,54.0,883.0,V306,5.0,,Fernando Verdasco,L,188.0,ESP,27.707,19.0,1705.0,6-4 6-4,3,QF,111.0,1.0,4.0,72.0,35.0,24.0,21.0,10.0,7.0,8.0,8.0,5.0,75.0,52.0,33.0,8.0,10.0,7.0,10.0
2011-418,Washington,Hard,48,500,O,20110731,45,MC65,1.0,,Gael Monfils,R,193.0,FRA,24.912,7.0,2695.0,I186,11.0,,John Isner,R,208.0,USA,26.261,35.0,1195.0,6-4 3-6 7-6(6),3,SF,147.0,12.0,3.0,96.0,61.0,46.0,23.0,15.0,1.0,2.0,19.0,0.0,111.0,74.0,55.0,22.0,16.0,5.0,6.0
2011-418,Washington,Hard,48,500,O,20110731,46,S694,,,Radek Stepanek,R,185.0,CZE,32.674,54.0,883.0,Y124,,,Donald Young,L,183.0,USA,22.021,128.0,440.0,6-3 6-3,3,SF,79.0,3.0,0.0,55.0,29.0,23.0,18.0,9.0,2.0,2.0,1.0,0.0,48.0,31.0,20.0,8.0,9.0,1.0,4.0
2011-418,Washington,Hard,48,500,O,20110731,47,S694,,,Radek Stepanek,R,185.0,CZE,32.674,54.0,883.0,MC65,1.0,,Gael Monfils,R,193.0,FRA,24.912,7.0,2695.0,6-4 6-4,3,F,93.0,2.0,2.0,56.0,21.0,19.0,22.0,10.0,0.0,0.0,8.0,4.0,52.0,34.0,26.0,10.0,10.0,0.0,2.0
2011-421,Canada Masters,Hard,56,M,O,20110808,1,D402,,,Nikolay Davydenko,R,178.0,RUS,30.182,30.0,1295.0,C723,,Q,Flavio Cipolla,R,173.0,ITA,27.8,113.0,501.0,6-3 6-3,3,R64,94.0,2.0,5.0,66.0,47.0,30.0,9.0,9.0,3.0,5.0,0.0,3.0,60.0,38.0,19.0,9.0,9.0,2.0,7.0
2011-421,Canada Masters,Hard,56,M,O,20110808,2,C977,,,Marin Cilic,R,198.0,CRO,22.858,29.0,1295.0,SA93,,,Andreas Seppi,R,191.0,ITA,27.461,52.0,880.0,7-5 6-4,3,R64,92.0,8.0,4.0,60.0,32.0,27.0,15.0,11.0,0.0,2.0,3.0,7.0,81.0,40.0,25.0,19.0,11.0,6.0,10.0
2011-421,Canada Masters,Hard,56,M,O,20110808,3,D683,16.0,,Juan Martin del Potro,R,198.0,ARG,22.872,19.0,1710.0,N289,,,Jarkko Nieminen,L,185.0,FIN,30.042,50.0,901.0,6-4 6-0,3,R64,69.0,13.0,3.0,49.0,33.0,26.0,10.0,8.0,3.0,3.0,3.0,2.0,49.0,22.0,12.0,11.0,8.0,3.0,7.0
2011-421,Canada Masters,Hard,56,M,O,20110808,4,T840,12.0,,Viktor Troicki,R,193.0,SRB,25.489,15.0,1970.0,Y070,,Q,Michael Yani,R,185.0,USA,30.601,221.0,230.0,2-6 6-3 6-1,3,R64,84.0,11.0,2.0,72.0,40.0,34.0,15.0,12.0,2.0,4.0,4.0,4.0,71.0,45.0,27.0,13.0,12.0,4.0,8.0
2011-421,Canada Masters,Hard,56,M,O,20110808,5,I186,,,John Isner,R,208.0,USA,26.283,28.0,1330.0,B837,,,Marcos Baghdatis,R,178.0,CYP,26.141,40.0,1120.0,6-3 6-4,3,R64,73.0,8.0,0.0,53.0,38.0,32.0,9.0,10.0,0.0,0.0,4.0,1.0,49.0,24.0,18.0,14.0,9.0,1.0,3.0
2011-421,Canada Masters,Hard,56,M,O,20110808,6,B842,,Q,Alex Bogomolov Jr.,R,178.0,RUS,28.293,57.0,841.0,ME82,,,Adrian Mannarino,L,180.0,FRA,23.107,54.0,875.0,6-2 7-6(4),3,R64,81.0,8.0,1.0,54.0,40.0,36.0,9.0,10.0,1.0,1.0,3.0,3.0,72.0,44.0,32.0,12.0,10.0,2.0,4.0
2011-421,Canada Masters,Hard,56,M,O,20110808,7,PD07,,WC,Vasek Pospisil,R,193.0,CAN,21.125,155.0,344.0,C514,,,Juan Ignacio Chela,R,191.0,ARG,31.94,22.0,1510.0,4-6 6-3 6-4,3,R64,143.0,7.0,5.0,99.0,49.0,38.0,24.0,15.0,5.0,7.0,0.0,5.0,82.0,42.0,32.0,21.0,14.0,2.0,5.0
2011-421,Canada Masters,Hard,56,M,O,20110808,8,TA46,,WC,Bernard Tomic,R,196.0,AUS,18.795,68.0,707.0,L575,,LL,Yen-Hsun Lu,R,180.0,TPE,27.984,66.0,728.0,7-6(5) 6-3,3,R64,103.0,7.0,2.0,92.0,55.0,42.0,14.0,11.0,8.0,10.0,5.0,4.0,72.0,39.0,25.0,16.0,10.0,1.0,4.0
2011-421,Canada Masters,Hard,56,M,O,20110808,9,T786,13.0,,Jo-Wilfried Tsonga,R,188.0,FRA,26.308,16.0,1945.0,F510,,,Fabio Fognini,R,178.0,ITA,24.208,34.0,1210.0,6-4 7-6(0),3,R64,95.0,5.0,3.0,57.0,29.0,21.0,19.0,11.0,1.0,3.0,3.0,5.0,75.0,40.0,26.0,16.0,11.0,6.0,9.0
2011-421,Canada Masters,Hard,56,M,O,20110808,10,G628,10.0,,Richard Gasquet,R,183.0,FRA,25.139,13.0,2000.0,MB02,,,Florian Mayer,R,191.0,GER,27.841,23.0,1465.0,6-3 6-2,3,R64,70.0,6.0,2.0,62.0,33.0,27.0,15.0,9.0,5.0,5.0,2.0,2.0,43.0,19.0,12.0,11.0,8.0,3.0,6.0
2011-421,Canada Masters,Hard,56,M,O,20110808,11,BD20,,,Thomaz Bellucci,L,188.0,BRA,23.606,36.0,1180.0,G806,,,Andrey Golubev,R,180.0,KAZ,24.047,99.0,535.0,7-5 7-6(6),3,R64,107.0,11.0,2.0,75.0,47.0,38.0,14.0,12.0,5.0,7.0,3.0,7.0,89.0,52.0,34.0,18.0,12.0,5.0,8.0
2011-421,Canada Masters,Hard,56,M,O,20110808,12,SC77,,,Sergiy Stakhovsky,R,193.0,UKR,25.585,43.0,1030.0,K435,,,Philipp Kohlschreiber,R,178.0,GER,27.811,42.0,1080.0,6-2 7-5,3,R64,99.0,15.0,5.0,74.0,43.0,37.0,12.0,10.0,6.0,6.0,6.0,4.0,82.0,39.0,25.0,21.0,10.0,7.0,10.0
2011-421,Canada Masters,Hard,56,M,O,20110808,13,L397,,,Feliciano Lopez,L,188.0,ESP,29.881,25.0,1345.0,S694,,,Radek Stepanek,R,185.0,CZE,32.695,27.0,1338.0,6-4 4-6 6-4,3,R64,131.0,7.0,4.0,94.0,52.0,42.0,19.0,15.0,9.0,11.0,2.0,3.0,80.0,43.0,31.0,23.0,15.0,1.0,4.0
2011-421,Canada Masters,Hard,56,M,O,20110808,14,G858,,WC,Ernests Gulbis,R,191.0,LAT,22.938,55.0,850.0,F316,,,Juan Carlos Ferrero,R,183.0,ESP,31.485,104.0,520.0,3-6 6-1 7-5,3,R64,134.0,13.0,5.0,89.0,56.0,44.0,18.0,14.0,4.0,5.0,2.0,3.0,94.0,57.0,37.0,21.0,14.0,2.0,5.0
2011-421,Canada Masters,Hard,56,M,O,20110808,15,L428,,,Michael Llodra,L,191.0,FRA,31.222,31.0,1290.0,Y061,11.0,,Mikhail Youzhny,R,183.0,RUS,29.12,14.0,1990.0,3-6 6-3 7-6(4),3,R64,128.0,10.0,2.0,94.0,60.0,45.0,22.0,15.0,3.0,5.0,8.0,5.0,101.0,61.0,45.0,23.0,15.0,5.0,7.0
2011-421,Canada Masters,Hard,56,M,O,20110808,16,W367,14.0,,Stan Wawrinka,R,183.0,SUI,26.363,17.0,1935.0,N301,,,David Nalbandian,R,180.0,ARG,29.599,51.0,885.0,6-1 6-4,3,R64,69.0,8.0,3.0,45.0,21.0,17.0,16.0,9.0,1.0,2.0,1.0,5.0,53.0,23.0,16.0,11.0,8.0,4.0,8.0
2011-421,Canada Masters,Hard,56,M,O,20110808,17,R368,,Q,Michael Russell,R,173.0,USA,33.27,100.0,533.0,M824,,,Albert Montanes,R,175.0,ESP,30.697,47.0,975.0,7-5 6-2,3,R64,79.0,3.0,4.0,57.0,36.0,27.0,10.0,10.0,0.0,2.0,1.0,4.0,64.0,32.0,19.0,12.0,10.0,7.0,12.0
2011-421,Canada Masters,Hard,56,M,O,20110808,18,A678,,,Kevin Anderson,R,203.0,RSA,25.224,35.0,1200.0,A596,,,Pablo Andujar,R,180.0,ESP,25.539,46.0,990.0,6-4 6-4,3,R64,92.0,11.0,3.0,58.0,36.0,24.0,15.0,10.0,4.0,5.0,0.0,4.0,62.0,35.0,26.0,10.0,10.0,2.0,5.0
2011-421,Canada Masters,Hard,56,M,O,20110808,19,D801,,,Alexandr Dolgopolov,R,180.0,UKR,22.749,21.0,1575.0,C918,,WC,Erik Chvojka,L,185.0,CAN,24.783,290.0,163.0,6-3 5-7 6-4,3,R64,133.0,12.0,4.0,86.0,43.0,36.0,25.0,16.0,1.0,3.0,7.0,7.0,116.0,75.0,57.0,12.0,15.0,14.0,17.0
2011-421,Canada Masters,Hard,56,M,O,20110808,20,K336,,,Ivo Karlovic,R,211.0,CRO,32.441,125.0,442.0,MA21,,,Juan Monaco,R,185.0,ARG,27.359,39.0,1125.0,6-7(2) 6-3 7-6(5),3,R64,154.0,15.0,2.0,101.0,68.0,55.0,20.0,17.0,0.0,1.0,2.0,2.0,112.0,80.0,60.0,18.0,16.0,7.0,9.0
2011-421,Canada Masters,Hard,56,M,O,20110808,21,P624,,Q,Philipp Petzschner,R,185.0,GER,27.373,80.0,665.0,SD32,9.0,,Gilles Simon,R,183.0,FRA,26.612,11.0,2155.0,7-5 6-2,3,R64,90.0,5.0,2.0,58.0,33.0,27.0,13.0,10.0,7.0,8.0,2.0,5.0,70.0,32.0,21.0,17.0,10.0,5.0,9.0
2011-421,Canada Masters,Hard,56,M,O,20110808,22,V306,15.0,,Fernando Verdasco,L,188.0,ESP,27.729,20.0,1705.0,K839,,Q,Tobias Kamke,R,178.0,GER,25.216,95.0,565.0,5-7 6-3 6-3,3,R64,126.0,3.0,5.0,92.0,64.0,47.0,16.0,15.0,5.0,6.0,2.0,5.0,98.0,59.0,43.0,18.0,15.0,6.0,9.0
2011-421,Canada Masters,Hard,56,M,O,20110808,23,T742,,,Janko Tipsarevic,R,180.0,SRB,27.127,24.0,1390.0,F444,,Q,Alejandro Falla,L,185.0,COL,27.732,109.0,507.0,7-5 6-1,3,R64,78.0,5.0,3.0,58.0,29.0,24.0,18.0,10.0,0.0,0.0,1.0,5.0,65.0,28.0,20.0,17.0,9.0,7.0,10.0
2011-421,Canada Masters,Hard,56,M,O,20110808,24,D646,,,Ivan Dodig,R,183.0,CRO,26.595,41.0,1091.0,CA12,,,Jeremy Chardy,R,188.0,FRA,24.485,61.0,790.0,6-3 6-4,3,R64,82.0,11.0,4.0,56.0,32.0,27.0,15.0,10.0,0.0,0.0,9.0,4.0,56.0,29.0,23.0,11.0,9.0,1.0,3.0
2011-421,Canada Masters,Hard,56,M,O,20110808,25,D643,1.0,,Novak Djokovic,R,188.0,SRB,24.214,1.0,12860.0,D402,,,Nikolay Davydenko,R,178.0,RUS,30.182,30.0,1295.0,7-5 6-1,3,R32,96.0,2.0,3.0,60.0,38.0,20.0,12.0,10.0,4.0,8.0,1.0,4.0,67.0,51.0,24.0,4.0,9.0,7.0,14.0
2011-421,Canada Masters,Hard,56,M,O,20110808,26,C977,,,Marin Cilic,R,198.0,CRO,22.858,29.0,1295.0,D683,16.0,,Juan Martin del Potro,R,198.0,ARG,22.872,19.0,1710.0,6-3 6-4,3,R32,84.0,4.0,4.0,51.0,28.0,26.0,15.0,10.0,0.0,0.0,5.0,0.0,48.0,28.0,21.0,11.0,9.0,0.0,2.0
2011-421,Canada Masters,Hard,56,M,O,20110808,27,T840,12.0,,Viktor Troicki,R,193.0,SRB,25.489,15.0,1970.0,I186,,,John Isner,R,208.0,USA,26.283,28.0,1330.0,6-4 3-6 6-2,3,R32,107.0,9.0,3.0,79.0,46.0,36.0,18.0,13.0,8.0,10.0,4.0,4.0,83.0,57.0,36.0,12.0,14.0,1.0,5.0
2011-421,Canada Masters,Hard,56,M,O,20110808,28,MC65,5.0,,Gael Monfils,R,193.0,FRA,24.934,7.0,2905.0,B842,,Q,Alex Bogomolov Jr.,R,178.0,RUS,28.293,57.0,841.0,6-2 7-6(5),3,R32,96.0,6.0,2.0,65.0,30.0,28.0,19.0,10.0,0.0,0.0,5.0,3.0,65.0,35.0,26.0,17.0,10.0,3.0,5.0
2011-421,Canada Masters,Hard,56,M,O,20110808,29,F324,3.0,,Roger Federer,R,185.0,SUI,29.999,3.0,9710.0,PD07,,WC,Vasek Pospisil,R,193.0,CAN,21.125,155.0,344.0,7-5 6-3,3,R32,78.0,4.0,0.0,52.0,30.0,25.0,19.0,11.0,0.0,0.0,8.0,4.0,64.0,35.0,24.0,15.0,10.0,0.0,2.0
2011-421,Canada Masters,Hard,56,M,O,20110808,30,T786,13.0,,Jo-Wilfried Tsonga,R,188.0,FRA,26.308,16.0,1945.0,TA46,,WC,Bernard Tomic,R,196.0,AUS,18.795,68.0,707.0,6-3 7-6(1),3,R32,78.0,15.0,4.0,60.0,33.0,30.0,17.0,11.0,1.0,2.0,0.0,1.0,71.0,48.0,33.0,10.0,10.0,5.0,7.0
2011-421,Canada Masters,Hard,56,M,O,20110808,31,G628,10.0,,Richard Gasquet,R,183.0,FRA,25.139,13.0,2000.0,BD20,,,Thomaz Bellucci,L,188.0,BRA,23.606,36.0,1180.0,6-1 6-4,3,R32,79.0,4.0,2.0,52.0,27.0,22.0,16.0,9.0,3.0,3.0,1.0,1.0,61.0,36.0,23.0,10.0,8.0,4.0,7.0
2011-421,Canada Masters,Hard,56,M,O,20110808,32,A479,8.0,,Nicolas Almagro,R,183.0,ESP,25.963,10.0,2165.0,SC77,,,Sergiy Stakhovsky,R,193.0,UKR,25.585,43.0,1030.0,6-2 7-6(5),3,R32,86.0,7.0,0.0,57.0,36.0,30.0,15.0,10.0,2.0,3.0,5.0,5.0,78.0,39.0,26.0,18.0,10.0,7.0,10.0
2011-421,Canada Masters,Hard,56,M,O,20110808,33,F339,6.0,,Mardy Fish,R,188.0,USA,29.662,8.0,2505.0,L397,,,Feliciano Lopez,L,188.0,ESP,29.881,25.0,1345.0,6-2 6-3,3,R32,67.0,9.0,1.0,54.0,32.0,27.0,13.0,9.0,2.0,2.0,4.0,2.0,51.0,28.0,17.0,12.0,8.0,7.0,10.0
2011-421,Canada Masters,Hard,56,M,O,20110808,34,G858,,WC,Ernests Gulbis,R,191.0,LAT,22.938,55.0,850.0,L428,,,Michael Llodra,L,191.0,FRA,31.222,31.0,1290.0,6-4 1-0 RET,3,R32,51.0,2.0,1.0,24.0,14.0,13.0,7.0,5.0,0.0,0.0,3.0,5.0,57.0,36.0,24.0,7.0,6.0,9.0,11.0
2011-421,Canada Masters,Hard,56,M,O,20110808,35,W367,14.0,,Stan Wawrinka,R,183.0,SUI,26.363,17.0,1935.0,R368,,Q,Michael Russell,R,173.0,USA,33.27,100.0,533.0,6-3 6-2,3,R32,72.0,4.0,3.0,61.0,32.0,26.0,17.0,9.0,2.0,2.0,1.0,9.0,48.0,20.0,15.0,10.0,8.0,3.0,6.0
2011-421,Canada Masters,Hard,56,M,O,20110808,36,A678,,,Kevin Anderson,R,203.0,RSA,25.224,35.0,1200.0,MC10,4.0,,Andy Murray,R,191.0,GBR,24.233,4.0,6705.0,6-3 6-1,3,R32,70.0,5.0,2.0,46.0,30.0,26.0,9.0,8.0,2.0,2.0,3.0,5.0,46.0,22.0,15.0,8.0,8.0,1.0,5.0
2011-421,Canada Masters,Hard,56,M,O,20110808,37,BA47,7.0,,Tomas Berdych,R,196.0,CZE,25.889,9.0,2420.0,D801,,,Alexandr Dolgopolov,R,180.0,UKR,22.749,21.0,1575.0,4-6 6-2 6-3,3,R32,103.0,9.0,6.0,84.0,51.0,39.0,15.0,14.0,4.0,6.0,11.0,4.0,75.0,34.0,25.0,22.0,13.0,2.0,6.0
2011-421,Canada Masters,Hard,56,M,O,20110808,38,K336,,,Ivo Karlovic,R,211.0,CRO,32.441,125.0,442.0,P624,,Q,Philipp Petzschner,R,185.0,GER,27.373,80.0,665.0,6-7(0) 7-6(2) 7-6(6),3,R32,175.0,17.0,2.0,114.0,71.0,60.0,24.0,18.0,4.0,5.0,9.0,7.0,131.0,62.0,47.0,42.0,18.0,1.0,2.0
2011-421,Canada Masters,Hard,56,M,O,20110808,39,T742,,,Janko Tipsarevic,R,180.0,SRB,27.127,24.0,1390.0,V306,15.0,,Fernando Verdasco,L,188.0,ESP,27.729,20.0,1705.0,6-4 6-7(5) 6-3,3,R32,178.0,4.0,12.0,120.0,67.0,48.0,20.0,16.0,1.0,5.0,4.0,15.0,124.0,82.0,53.0,13.0,15.0,16.0,22.0
2011-421,Canada Masters,Hard,56,M,O,20110808,40,D646,,,Ivan Dodig,R,183.0,CRO,26.595,41.0,1091.0,N409,2.0,,Rafael Nadal,L,185.0,ESP,25.18,2.0,11770.0,1-6 7-6(5) 7-6(5),3,R32,189.0,19.0,3.0,116.0,67.0,46.0,23.0,15.0,6.0,11.0,7.0,2.0,107.0,56.0,42.0,28.0,16.0,1.0,4.0
2011-421,Canada Masters,Hard,56,M,O,20110808,41,D643,1.0,,Novak Djokovic,R,188.0,SRB,24.214,1.0,12860.0,C977,,,Marin Cilic,R,198.0,CRO,22.858,29.0,1295.0,7-5 6-2,3,R16,95.0,1.0,1.0,66.0,48.0,37.0,9.0,10.0,3.0,3.0,6.0,4.0,57.0,34.0,21.0,14.0,10.0,4.0,7.0
2011-421,Canada Masters,Hard,56,M,O,20110808,42,MC65,5.0,,Gael Monfils,R,193.0,FRA,24.934,7.0,2905.0,T840,12.0,,Viktor Troicki,R,193.0,SRB,25.489,15.0,1970.0,3-6 7-6(0) 7-6(5),3,R16,156.0,3.0,2.0,122.0,73.0,49.0,31.0,17.0,8.0,12.0,3.0,4.0,95.0,58.0,49.0,17.0,16.0,2.0,4.0
2011-421,Canada Masters,Hard,56,M,O,20110808,43,T786,13.0,,Jo-Wilfried Tsonga,R,188.0,FRA,26.308,16.0,1945.0,F324,3.0,,Roger Federer,R,185.0,SUI,29.999,3.0,9710.0,7-6(3) 4-6 6-1,3,R16,134.0,7.0,2.0,91.0,52.0,40.0,25.0,15.0,3.0,4.0,10.0,2.0,93.0,58.0,43.0,16.0,14.0,7.0,9.0
2011-421,Canada Masters,Hard,56,M,O,20110808,44,A479,8.0,,Nicolas Almagro,R,183.0,ESP,25.963,10.0,2165.0,G628,10.0,,Richard Gasquet,R,183.0,FRA,25.139,13.0,2000.0,7-6(5) 6-3,3,R16,106.0,6.0,2.0,83.0,42.0,27.0,23.0,11.0,11.0,13.0,5.0,6.0,70.0,40.0,27.0,12.0,10.0,3.0,6.0
2011-421,Canada Masters,Hard,56,M,O,20110808,45,F339,6.0,,Mardy Fish,R,188.0,USA,29.662,8.0,2505.0,G858,,WC,Ernests Gulbis,R,191.0,LAT,22.938,55.0,850.0,4-6 6-3 6-4,3,R16,142.0,5.0,3.0,96.0,53.0,41.0,22.0,15.0,3.0,5.0,12.0,4.0,91.0,56.0,40.0,17.0,14.0,9.0,12.0
2011-421,Canada Masters,Hard,56,M,O,20110808,46,W367,14.0,,Stan Wawrinka,R,183.0,SUI,26.363,17.0,1935.0,A678,,,Kevin Anderson,R,203.0,RSA,25.224,35.0,1200.0,6-4 4-6 6-4,3,R16,144.0,3.0,4.0,82.0,50.0,42.0,17.0,15.0,1.0,2.0,6.0,4.0,96.0,54.0,42.0,21.0,15.0,6.0,8.0
2011-421,Canada Masters,Hard,56,M,O,20110808,47,BA47,7.0,,Tomas Berdych,R,196.0,CZE,25.889,9.0,2420.0,K336,,,Ivo Karlovic,R,211.0,CRO,32.441,125.0,442.0,6-3 7-6(2),3,R16,103.0,10.0,1.0,79.0,46.0,38.0,16.0,11.0,4.0,4.0,12.0,4.0,67.0,49.0,38.0,4.0,10.0,4.0,5.0
2011-421,Canada Masters,Hard,56,M,O,20110808,48,T742,,,Janko Tipsarevic,R,180.0,SRB,27.127,24.0,1390.0,D646,,,Ivan Dodig,R,183.0,CRO,26.595,41.0,1091.0,6-1 6-4,3,R16,70.0,4.0,2.0,47.0,26.0,25.0,11.0,9.0,0.0,0.0,7.0,2.0,50.0,29.0,20.0,8.0,8.0,5.0,8.0
2011-421,Canada Masters,Hard,56,M,O,20110808,49,D643,1.0,,Novak Djokovic,R,188.0,SRB,24.214,1.0,12860.0,MC65,5.0,,Gael Monfils,R,193.0,FRA,24.934,7.0,2905.0,6-2 6-1,3,QF,74.0,1.0,0.0,56.0,41.0,28.0,10.0,8.0,3.0,3.0,3.0,3.0,39.0,19.0,13.0,5.0,7.0,5.0,9.0
2011-421,Canada Masters,Hard,56,M,O,20110808,50,T786,13.0,,Jo-Wilfried Tsonga,R,188.0,FRA,26.308,16.0,1945.0,A479,8.0,,Nicolas Almagro,R,183.0,ESP,25.963,10.0,2165.0,6-4 6-4,3,QF,88.0,10.0,1.0,60.0,33.0,25.0,17.0,10.0,3.0,3.0,6.0,2.0,53.0,35.0,25.0,9.0,10.0,1.0,3.0
2011-421,Canada Masters,Hard,56,M,O,20110808,51,F339,6.0,,Mardy Fish,R,188.0,USA,29.662,8.0,2505.0,W367,14.0,,Stan Wawrinka,R,183.0,SUI,26.363,17.0,1935.0,6-3 6-7(8) 6-0,3,QF,141.0,6.0,2.0,93.0,51.0,36.0,18.0,13.0,10.0,15.0,1.0,1.0,86.0,44.0,22.0,14.0,14.0,3.0,13.0
2011-421,Canada Masters,Hard,56,M,O,20110808,52,T742,,,Janko Tipsarevic,R,180.0,SRB,27.127,24.0,1390.0,BA47,7.0,,Tomas Berdych,R,196.0,CZE,25.889,9.0,2420.0,6-4 6-4,3,QF,88.0,10.0,3.0,66.0,38.0,31.0,16.0,10.0,4.0,4.0,5.0,2.0,54.0,30.0,23.0,14.0,10.0,1.0,3.0
2011-421,Canada Masters,Hard,56,M,O,20110808,53,D643,1.0,,Novak Djokovic,R,188.0,SRB,24.214,1.0,12860.0,T786,13.0,,Jo-Wilfried Tsonga,R,188.0,FRA,26.308,16.0,1945.0,6-4 3-0 RET,3,SF,59.0,1.0,0.0,39.0,28.0,22.0,8.0,7.0,0.0,0.0,4.0,2.0,39.0,26.0,17.0,5.0,6.0,3.0,5.0
2011-421,Canada Masters,Hard,56,M,O,20110808,54,F339,6.0,,Mardy Fish,R,188.0,USA,29.662,8.0,2505.0,T742,,,Janko Tipsarevic,R,180.0,SRB,27.127,24.0,1390.0,6-3 6-4,3,SF,76.0,6.0,1.0,55.0,34.0,29.0,9.0,10.0,0.0,1.0,2.0,3.0,48.0,29.0,18.0,11.0,9.0,1.0,4.0
2011-421,Canada Masters,Hard,56,M,O,20110808,55,D643,1.0,,Novak Djokovic,R,188.0,SRB,24.214,1.0,12860.0,F339,6.0,,Mardy Fish,R,188.0,USA,29.662,8.0,2505.0,6-2 3-6 6-4,3,F,144.0,4.0,2.0,96.0,61.0,43.0,18.0,14.0,8.0,10.0,8.0,3.0,83.0,43.0,31.0,19.0,13.0,5.0,8.0
2011-422,Cincinnati Masters,Hard,56,M,O,20110814,1,H940,,WC,Ryan Harrison,R,185.0,USA,19.269,78.0,667.0,C514,,,Juan Ignacio Chela,R,191.0,ARG,31.956,23.0,1475.0,6-3 6-3,3,R64,72.0,2.0,1.0,47.0,23.0,18.0,11.0,9.0,1.0,4.0,0.0,3.0,52.0,27.0,15.0,7.0,9.0,3.0,9.0
2011-422,Cincinnati Masters,Hard,56,M,O,20110814,2,S694,,Q,Radek Stepanek,R,185.0,CZE,32.712,29.0,1338.0,I186,,,John Isner,R,208.0,USA,26.3,27.0,1375.0,7-5 5-7 7-6(4),3,R64,166.0,7.0,10.0,119.0,73.0,56.0,27.0,18.0,3.0,4.0,21.0,3.0,107.0,82.0,66.0,11.0,18.0,3.0,4.0
2011-422,Cincinnati Masters,Hard,56,M,O,20110814,3,G806,,,Andrey Golubev,R,180.0,KAZ,24.063,101.0,535.0,W367,16.0,,Stan Wawrinka,R,183.0,SUI,26.379,14.0,2070.0,3-6 6-4 6-1,3,R64,105.0,8.0,6.0,83.0,47.0,35.0,18.0,13.0,6.0,8.0,2.0,3.0,72.0,50.0,34.0,11.0,13.0,1.0,5.0
2011-422,Cincinnati Masters,Hard,56,M,O,20110814,4,K435,,,Philipp Kohlschreiber,R,178.0,GER,27.828,47.0,910.0,R485,11.0,,Andy Roddick,R,188.0,USA,28.956,15.0,2030.0,6-7(5) 7-5 6-1,3,R64,135.0,12.0,1.0,103.0,62.0,48.0,25.0,16.0,10.0,11.0,17.0,6.0,83.0,54.0,41.0,16.0,15.0,4.0,8.0
2011-422,Cincinnati Masters,Hard,56,M,O,20110814,5,L397,,,Feliciano Lopez,L,188.0,ESP,29.897,25.0,1380.0,F316,,,Juan Carlos Ferrero,R,183.0,ESP,31.502,106.0,530.0,4-6 6-3 6-4,3,R64,115.0,19.0,3.0,82.0,52.0,43.0,16.0,15.0,2.0,3.0,1.0,3.0,85.0,52.0,33.0,24.0,14.0,6.0,8.0
2011-422,Cincinnati Masters,Hard,56,M,O,20110814,6,D646,,,Ivan Dodig,R,183.0,CRO,26.612,36.0,1172.0,G858,,Q,Ernests Gulbis,R,191.0,LAT,22.954,48.0,895.0,6-3 7-6(3),3,R64,100.0,3.0,1.0,65.0,32.0,22.0,26.0,11.0,3.0,4.0,3.0,2.0,60.0,30.0,23.0,15.0,10.0,2.0,4.0
2011-422,Cincinnati Masters,Hard,56,M,O,20110814,7,D683,,,Juan Martin del Potro,R,198.0,ARG,22.888,19.0,1755.0,SA93,,,Andreas Seppi,R,191.0,ITA,27.477,53.0,870.0,4-1 RET,3,R64,27.0,2.0,0.0,9.0,7.0,6.0,2.0,2.0,0.0,0.0,0.0,2.0,21.0,13.0,8.0,1.0,3.0,3.0,5.0
2011-422,Cincinnati Masters,Hard,56,M,O,20110814,8,B676,,WC,James Blake,R,185.0,USA,31.628,84.0,629.0,B837,,,Marcos Baghdatis,R,178.0,CYP,26.157,40.0,1120.0,3-6 6-3 6-2,3,R64,108.0,3.0,1.0,92.0,50.0,33.0,23.0,13.0,7.0,9.0,6.0,5.0,85.0,45.0,33.0,17.0,13.0,7.0,11.0
2011-422,Cincinnati Masters,Hard,56,M,O,20110814,9,F510,,,Fabio Fognini,R,178.0,ITA,24.225,38.0,1150.0,T840,14.0,,Viktor Troicki,R,193.0,SRB,25.506,16.0,2015.0,6-4 6-1,3,R64,80.0,1.0,1.0,58.0,34.0,25.0,12.0,9.0,3.0,4.0,3.0,3.0,64.0,33.0,19.0,13.0,8.0,5.0,9.0
2011-422,Cincinnati Masters,Hard,56,M,O,20110814,10,A479,9.0,,Nicolas Almagro,R,183.0,ESP,25.979,11.0,2300.0,M824,,,Albert Montanes,R,175.0,ESP,30.713,45.0,985.0,7-6(5) 6-4,3,R64,76.0,8.0,3.0,60.0,26.0,26.0,23.0,11.0,0.0,0.0,3.0,4.0,70.0,40.0,32.0,16.0,11.0,3.0,4.0
2011-422,Cincinnati Masters,Hard,56,M,O,20110814,11,K336,,,Ivo Karlovic,R,211.0,CRO,32.457,104.0,532.0,MB02,,,Florian Mayer,R,191.0,GER,27.858,24.0,1430.0,6-1 6-3,3,R64,57.0,19.0,0.0,38.0,30.0,28.0,4.0,8.0,0.0,0.0,1.0,4.0,63.0,36.0,20.0,12.0,8.0,7.0,11.0
2011-422,Cincinnati Masters,Hard,56,M,O,20110814,12,MA21,,,Juan Monaco,R,185.0,ARG,27.376,39.0,1135.0,H355,,,Tommy Haas,R,188.0,GER,33.363,503.0,60.0,6-7(5) 6-4 6-3,3,R64,132.0,3.0,2.0,96.0,65.0,45.0,22.0,15.0,1.0,1.0,6.0,3.0,97.0,67.0,51.0,16.0,16.0,3.0,6.0
2011-422,Cincinnati Masters,Hard,56,M,O,20110814,13,D875,,WC,Grigor Dimitrov,R,191.0,BUL,20.246,56.0,843.0,K771,,Q,Marsel Ilhan,R,191.0,TUR,24.175,109.0,516.0,6-3 7-5,3,R64,72.0,7.0,2.0,54.0,35.0,32.0,12.0,11.0,0.0,0.0,1.0,1.0,58.0,32.0,22.0,15.0,10.0,2.0,4.0
2011-422,Cincinnati Masters,Hard,56,M,O,20110814,14,T742,,,Janko Tipsarevic,R,180.0,SRB,27.143,20.0,1740.0,R613,,Q,Edouard Roger-Vasselin,R,185.0,FRA,27.71,113.0,498.0,6-0 3-6 7-6(5),3,R64,149.0,9.0,4.0,89.0,44.0,38.0,24.0,13.0,7.0,8.0,7.0,4.0,110.0,73.0,53.0,14.0,14.0,5.0,8.0
2011-422,Cincinnati Masters,Hard,56,M,O,20110814,15,SD32,10.0,,Gilles Simon,R,183.0,FRA,26.628,12.0,2155.0,M762,,,Jurgen Melzer,L,183.0,AUT,30.229,18.0,1865.0,6-7(3) 6-3 7-5,3,R64,140.0,10.0,4.0,88.0,39.0,31.0,33.0,16.0,0.0,1.0,7.0,3.0,108.0,65.0,49.0,22.0,17.0,7.0,11.0
2011-422,Cincinnati Masters,Hard,56,M,O,20110814,16,T786,15.0,,Jo-Wilfried Tsonga,R,188.0,FRA,26.324,10.0,2305.0,C977,,,Marin Cilic,R,198.0,CRO,22.875,26.0,1375.0,6-3 6-4,3,R64,78.0,9.0,1.0,46.0,28.0,27.0,13.0,10.0,0.0,0.0,3.0,6.0,63.0,23.0,18.0,21.0,9.0,3.0,5.0
2011-422,Cincinnati Masters,Hard,56,M,O,20110814,17,B842,,Q,Alex Bogomolov Jr.,R,178.0,RUS,28.309,50.0,879.0,G569,,WC,Robby Ginepri,R,183.0,USA,28.851,305.0,150.0,6-4 6-3,3,R64,94.0,4.0,3.0,75.0,45.0,31.0,16.0,10.0,10.0,11.0,3.0,2.0,50.0,25.0,18.0,10.0,9.0,0.0,3.0
2011-422,Cincinnati Masters,Hard,56,M,O,20110814,18,N301,,,David Nalbandian,R,180.0,ARG,29.615,66.0,715.0,N552,,Q,Kei Nishikori,R,178.0,JPN,21.624,52.0,872.0,6-4 6-4,3,R64,96.0,1.0,7.0,59.0,30.0,24.0,15.0,10.0,2.0,3.0,1.0,4.0,79.0,42.0,27.0,17.0,10.0,8.0,11.0
2011-422,Cincinnati Masters,Hard,56,M,O,20110814,19,D402,,,Nikolay Davydenko,R,178.0,RUS,30.198,31.0,1250.0,SC77,,,Sergiy Stakhovsky,R,193.0,UKR,25.602,42.0,1030.0,6-2 7-6(5),3,R64,119.0,0.0,2.0,64.0,45.0,33.0,12.0,10.0,4.0,5.0,4.0,1.0,64.0,36.0,24.0,12.0,10.0,0.0,3.0
2011-422,Cincinnati Masters,Hard,56,M,O,20110814,20,A678,,,Kevin Anderson,R,203.0,RSA,25.24,35.0,1175.0,M680,,,Xavier Malisse,R,185.0,BEL,31.069,54.0,865.0,6-3 7-6(6),3,R64,84.0,13.0,1.0,63.0,50.0,43.0,8.0,11.0,1.0,1.0,5.0,2.0,71.0,32.0,27.0,21.0,10.0,4.0,5.0
2011-422,Cincinnati Masters,Hard,56,M,O,20110814,21,G628,12.0,,Richard Gasquet,R,183.0,FRA,25.155,13.0,2080.0,D801,,,Alexandr Dolgopolov,R,180.0,UKR,22.765,22.0,1530.0,6-1 7-6(4),3,R64,71.0,6.0,3.0,66.0,41.0,34.0,16.0,10.0,1.0,1.0,6.0,2.0,54.0,32.0,23.0,11.0,9.0,3.0,5.0
2011-422,Cincinnati Masters,Hard,56,M,O,20110814,22,L428,,,Michael Llodra,L,191.0,FRA,31.239,32.0,1245.0,Y061,13.0,,Mikhail Youzhny,R,183.0,RUS,29.136,17.0,1955.0,7-5 3-6 7-6(4),3,R64,131.0,19.0,5.0,106.0,72.0,57.0,14.0,16.0,9.0,12.0,6.0,0.0,96.0,71.0,44.0,18.0,17.0,2.0,5.0
2011-422,Cincinnati Masters,Hard,56,M,O,20110814,23,V306,,,Fernando Verdasco,L,188.0,ESP,27.745,21.0,1705.0,BD20,,,Thomaz Bellucci,L,188.0,BRA,23.622,34.0,1215.0,6-3 7-6(4),3,R64,107.0,4.0,4.0,75.0,50.0,36.0,16.0,11.0,6.0,7.0,7.0,0.0,77.0,52.0,33.0,15.0,10.0,7.0,9.0
2011-422,Cincinnati Masters,Hard,56,M,O,20110814,24,B747,,Q,Julien Benneteau,R,185.0,FRA,29.648,112.0,498.0,G476,,,Guillermo Garcia-Lopez,R,185.0,ESP,28.194,37.0,1155.0,6-3 1-0 RET,3,R64,36.0,4.0,2.0,22.0,12.0,12.0,8.0,5.0,0.0,0.0,3.0,9.0,36.0,16.0,11.0,9.0,5.0,2.0,4.0
2011-422,Cincinnati Masters,Hard,56,M,O,20110814,25,D643,1.0,,Novak Djokovic,R,188.0,SRB,24.23,1.0,13500.0,H940,,WC,Ryan Harrison,R,185.0,USA,19.269,78.0,667.0,6-2 6-3,3,R32,77.0,3.0,1.0,52.0,33.0,24.0,10.0,9.0,1.0,3.0,6.0,1.0,53.0,26.0,13.0,11.0,8.0,7.0,12.0
2011-422,Cincinnati Masters,Hard,56,M,O,20110814,26,S694,,Q,Radek Stepanek,R,185.0,CZE,32.712,29.0,1338.0,G806,,,Andrey Golubev,R,180.0,KAZ,24.063,101.0,535.0,6-3 7-6(2),3,R32,97.0,0.0,3.0,68.0,42.0,32.0,15.0,11.0,0.0,1.0,5.0,2.0,65.0,38.0,28.0,11.0,10.0,2.0,4.0
2011-422,Cincinnati Masters,Hard,56,M,O,20110814,27,K435,,,Philipp Kohlschreiber,R,178.0,GER,27.828,47.0,910.0,L397,,,Feliciano Lopez,L,188.0,ESP,29.897,25.0,1380.0,6-1 6-4,3,R32,67.0,5.0,3.0,44.0,24.0,21.0,15.0,9.0,0.0,0.0,11.0,4.0,46.0,23.0,17.0,9.0,8.0,1.0,4.0
2011-422,Cincinnati Masters,Hard,56,M,O,20110814,28,MC65,6.0,,Gael Monfils,R,193.0,FRA,24.95,8.0,2995.0,D646,,,Ivan Dodig,R,183.0,CRO,26.612,36.0,1172.0,4-6 6-3 4-0 RET,3,R32,119.0,3.0,1.0,85.0,59.0,39.0,14.0,11.0,9.0,10.0,1.0,4.0,72.0,41.0,26.0,17.0,12.0,4.0,8.0
2011-422,Cincinnati Masters,Hard,56,M,O,20110814,29,F324,3.0,,Roger Federer,R,185.0,SUI,30.015,3.0,9200.0,D683,,,Juan Martin del Potro,R,198.0,ARG,22.888,19.0,1755.0,6-3 7-5,3,R32,92.0,12.0,1.0,61.0,46.0,38.0,7.0,11.0,1.0,1.0,7.0,2.0,77.0,44.0,31.0,14.0,10.0,6.0,8.0
2011-422,Cincinnati Masters,Hard,56,M,O,20110814,30,B676,,WC,James Blake,R,185.0,USA,31.628,84.0,629.0,F510,,,Fabio Fognini,R,178.0,ITA,24.225,38.0,1150.0,6-4 6-2,3,R32,59.0,7.0,2.0,51.0,37.0,30.0,9.0,9.0,1.0,1.0,3.0,4.0,57.0,30.0,21.0,10.0,9.0,2.0,5.0
2011-422,Cincinnati Masters,Hard,56,M,O,20110814,31,A479,9.0,,Nicolas Almagro,R,183.0,ESP,25.979,11.0,2300.0,K336,,,Ivo Karlovic,R,211.0,CRO,32.457,104.0,532.0,6-3 5-7 7-6(2),3,R32,119.0,16.0,5.0,87.0,52.0,45.0,23.0,16.0,0.0,1.0,21.0,4.0,104.0,69.0,55.0,13.0,17.0,6.0,8.0
2011-422,Cincinnati Masters,Hard,56,M,O,20110814,32,BA47,8.0,,Tomas Berdych,R,196.0,CZE,25.906,9.0,2420.0,MA21,,,Juan Monaco,R,185.0,ARG,27.376,39.0,1135.0,7-6(2) 6-0,3,R32,96.0,9.0,2.0,63.0,35.0,29.0,14.0,9.0,3.0,4.0,2.0,2.0,66.0,45.0,23.0,10.0,9.0,7.0,11.0
2011-422,Cincinnati Masters,Hard,56,M,O,20110814,33,F401,5.0,,David Ferrer,R,175.0,ESP,29.366,6.0,4200.0,D875,,WC,Grigor Dimitrov,R,191.0,BUL,20.246,56.0,843.0,4-6 6-1 7-5,3,R32,143.0,4.0,8.0,104.0,57.0,42.0,22.0,14.0,5.0,7.0,5.0,6.0,99.0,57.0,40.0,18.0,15.0,9.0,14.0
2011-422,Cincinnati Masters,Hard,56,M,O,20110814,34,SD32,10.0,,Gilles Simon,R,183.0,FRA,26.628,12.0,2155.0,T742,,,Janko Tipsarevic,R,180.0,SRB,27.143,20.0,1740.0,6-7(3) 6-2 6-3,3,R32,177.0,6.0,3.0,91.0,44.0,35.0,23.0,14.0,3.0,5.0,4.0,5.0,112.0,58.0,42.0,20.0,15.0,6.0,12.0
2011-422,Cincinnati Masters,Hard,56,M,O,20110814,35,B842,,Q,Alex Bogomolov Jr.,R,178.0,RUS,28.309,50.0,879.0,T786,15.0,,Jo-Wilfried Tsonga,R,188.0,FRA,26.324,10.0,2305.0,6-3 6-4,3,R32,72.0,1.0,2.0,54.0,35.0,28.0,14.0,10.0,0.0,0.0,5.0,3.0,56.0,34.0,26.0,9.0,9.0,4.0,6.0
2011-422,Cincinnati Masters,Hard,56,M,O,20110814,36,MC10,4.0,,Andy Murray,R,191.0,GBR,24.249,4.0,5715.0,N301,,,David Nalbandian,R,180.0,ARG,29.615,66.0,715.0,6-4 6-1,3,R32,77.0,5.0,2.0,47.0,24.0,17.0,11.0,9.0,1.0,4.0,0.0,5.0,59.0,33.0,15.0,9.0,8.0,10.0,16.0
2011-422,Cincinnati Masters,Hard,56,M,O,20110814,37,F339,7.0,,Mardy Fish,R,188.0,USA,29.678,7.0,3060.0,D402,,,Nikolay Davydenko,R,178.0,RUS,30.198,31.0,1250.0,6-0 6-2,3,R32,62.0,9.0,2.0,42.0,23.0,21.0,10.0,7.0,1.0,1.0,0.0,3.0,46.0,33.0,15.0,4.0,7.0,2.0,7.0
2011-422,Cincinnati Masters,Hard,56,M,O,20110814,38,G628,12.0,,Richard Gasquet,R,183.0,FRA,25.155,13.0,2080.0,A678,,,Kevin Anderson,R,203.0,RSA,25.24,35.0,1175.0,7-6(4) 6-4,3,R32,100.0,5.0,1.0,65.0,46.0,35.0,11.0,11.0,1.0,2.0,12.0,1.0,79.0,50.0,35.0,14.0,11.0,2.0,4.0
2011-422,Cincinnati Masters,Hard,56,M,O,20110814,39,V306,,,Fernando Verdasco,L,188.0,ESP,27.745,21.0,1705.0,L428,,,Michael Llodra,L,191.0,FRA,31.239,32.0,1245.0,6-4 6-4,3,R32,80.0,1.0,3.0,64.0,47.0,31.0,13.0,10.0,3.0,4.0,2.0,4.0,63.0,44.0,28.0,9.0,10.0,3.0,6.0
2011-422,Cincinnati Masters,Hard,56,M,O,20110814,40,N409,2.0,,Rafael Nadal,L,185.0,ESP,25.196,2.0,11420.0,B747,,Q,Julien Benneteau,R,185.0,FRA,29.648,112.0,498.0,6-4 7-5,3,R32,93.0,9.0,1.0,55.0,34.0,29.0,13.0,11.0,1.0,2.0,1.0,3.0,61.0,29.0,21.0,17.0,11.0,0.0,3.0
2011-422,Cincinnati Masters,Hard,56,M,O,20110814,41,D643,1.0,,Novak Djokovic,R,188.0,SRB,24.23,1.0,13500.0,S694,,Q,Radek Stepanek,R,185.0,CZE,32.712,29.0,1338.0,6-3 6-3,3,R16,82.0,3.0,1.0,51.0,24.0,17.0,14.0,9.0,1.0,4.0,3.0,1.0,54.0,35.0,13.0,10.0,9.0,6.0,12.0
2011-422,Cincinnati Masters,Hard,56,M,O,20110814,42,MC65,6.0,,Gael Monfils,R,193.0,FRA,24.95,8.0,2995.0,K435,,,Philipp Kohlschreiber,R,178.0,GER,27.828,47.0,910.0,6-2 6-2,3,R16,65.0,6.0,1.0,47.0,32.0,27.0,7.0,8.0,0.0,0.0,2.0,2.0,52.0,26.0,16.0,11.0,8.0,2.0,6.0
2011-422,Cincinnati Masters,Hard,56,M,O,20110814,43,F324,3.0,,Roger Federer,R,185.0,SUI,30.015,3.0,9200.0,B676,,WC,James Blake,R,185.0,USA,31.628,84.0,629.0,6-4 6-1,3,R16,55.0,4.0,1.0,41.0,22.0,18.0,12.0,8.0,0.0,1.0,4.0,5.0,59.0,37.0,22.0,8.0,9.0,9.0,14.0
2011-422,Cincinnati Masters,Hard,56,M,O,20110814,44,BA47,8.0,,Tomas Berdych,R,196.0,CZE,25.906,9.0,2420.0,A479,9.0,,Nicolas Almagro,R,183.0,ESP,25.979,11.0,2300.0,6-2 6-2,3,R16,65.0,11.0,2.0,48.0,23.0,22.0,14.0,8.0,1.0,1.0,4.0,4.0,46.0,19.0,15.0,9.0,8.0,1.0,5.0
2011-422,Cincinnati Masters,Hard,56,M,O,20110814,45,SD32,10.0,,Gilles Simon,R,183.0,FRA,26.628,12.0,2155.0,F401,5.0,,David Ferrer,R,175.0,ESP,29.366,6.0,4200.0,6-4 6-7(3) 6-4,3,R16,188.0,7.0,2.0,103.0,66.0,47.0,19.0,16.0,5.0,7.0,5.0,3.0,123.0,70.0,48.0,25.0,16.0,10.0,14.0
2011-422,Cincinnati Masters,Hard,56,M,O,20110814,46,MC10,4.0,,Andy Murray,R,191.0,GBR,24.249,4.0,5715.0,B842,,Q,Alex Bogomolov Jr.,R,178.0,RUS,28.309,50.0,879.0,6-2 7-5,3,R16,102.0,11.0,6.0,59.0,33.0,26.0,11.0,10.0,3.0,5.0,0.0,6.0,75.0,47.0,24.0,13.0,10.0,6.0,11.0
2011-422,Cincinnati Masters,Hard,56,M,O,20110814,47,F339,7.0,,Mardy Fish,R,188.0,USA,29.678,7.0,3060.0,G628,12.0,,Richard Gasquet,R,183.0,FRA,25.155,13.0,2080.0,7-5 7-5,3,R16,103.0,8.0,2.0,70.0,44.0,35.0,15.0,12.0,1.0,1.0,3.0,2.0,66.0,45.0,34.0,11.0,12.0,0.0,2.0
2011-422,Cincinnati Masters,Hard,56,M,O,20110814,48,N409,2.0,,Rafael Nadal,L,185.0,ESP,25.196,2.0,11420.0,V306,,,Fernando Verdasco,L,188.0,ESP,27.745,21.0,1705.0,7-6(5) 6-7(4) 7-6(9),3,R16,218.0,5.0,2.0,123.0,87.0,58.0,18.0,18.0,6.0,10.0,8.0,7.0,128.0,101.0,68.0,13.0,18.0,2.0,6.0
2011-422,Cincinnati Masters,Hard,56,M,O,20110814,49,D643,1.0,,Novak Djokovic,R,188.0,SRB,24.23,1.0,13500.0,MC65,6.0,,Gael Monfils,R,193.0,FRA,24.95,8.0,2995.0,3-6 6-4 6-3,3,QF,153.0,2.0,4.0,93.0,58.0,41.0,17.0,14.0,2.0,5.0,12.0,7.0,105.0,60.0,44.0,16.0,14.0,9.0,13.0
2011-422,Cincinnati Masters,Hard,56,M,O,20110814,50,BA47,8.0,,Tomas Berdych,R,196.0,CZE,25.906,9.0,2420.0,F324,3.0,,Roger Federer,R,185.0,SUI,30.015,3.0,9200.0,6-2 7-6(3),3,QF,92.0,10.0,1.0,57.0,36.0,31.0,12.0,10.0,0.0,0.0,11.0,2.0,81.0,53.0,40.0,7.0,10.0,5.0,7.0
2011-422,Cincinnati Masters,Hard,56,M,O,20110814,51,MC10,4.0,,Andy Murray,R,191.0,GBR,24.249,4.0,5715.0,SD32,10.0,,Gilles Simon,R,183.0,FRA,26.628,12.0,2155.0,6-3 6-3,3,QF,96.0,8.0,2.0,64.0,41.0,31.0,10.0,9.0,3.0,4.0,2.0,3.0,62.0,29.0,17.0,15.0,9.0,7.0,11.0
2011-422,Cincinnati Masters,Hard,56,M,O,20110814,52,F339,7.0,,Mardy Fish,R,188.0,USA,29.678,7.0,3060.0,N409,2.0,,Rafael Nadal,L,185.0,ESP,25.196,2.0,11420.0,6-3 6-4,3,QF,100.0,12.0,2.0,62.0,33.0,27.0,18.0,10.0,4.0,4.0,1.0,2.0,63.0,47.0,30.0,7.0,9.0,2.0,4.0
2011-422,Cincinnati Masters,Hard,56,M,O,20110814,53,D643,1.0,,Novak Djokovic,R,188.0,SRB,24.23,1.0,13500.0,BA47,8.0,,Tomas Berdych,R,196.0,CZE,25.906,9.0,2420.0,7-5 RET,3,SF,53.0,4.0,3.0,30.0,20.0,16.0,5.0,6.0,1.0,2.0,4.0,2.0,42.0,26.0,17.0,6.0,6.0,2.0,4.0
2011-422,Cincinnati Masters,Hard,56,M,O,20110814,54,MC10,4.0,,Andy Murray,R,191.0,GBR,24.249,4.0,5715.0,F339,7.0,,Mardy Fish,R,188.0,USA,29.678,7.0,3060.0,6-3 7-6(8),3,SF,139.0,5.0,4.0,78.0,40.0,30.0,18.0,11.0,6.0,9.0,7.0,2.0,88.0,46.0,29.0,19.0,10.0,11.0,15.0
2011-422,Cincinnati Masters,Hard,56,M,O,20110814,55,MC10,4.0,,Andy Murray,R,191.0,GBR,24.249,4.0,5715.0,D643,1.0,,Novak Djokovic,R,188.0,SRB,24.23,1.0,13500.0,6-4 3-0 RET,3,F,72.0,1.0,0.0,34.0,19.0,16.0,8.0,6.0,1.0,2.0,0.0,1.0,50.0,33.0,18.0,5.0,7.0,2.0,6.0
2011-6242,Winston-Salem,Hard,48,250,O,20110821,1,R613,,LL,Edouard Roger-Vasselin,R,185.0,FRA,27.729,107.0,521.0,R685,,,Lukas Rosol,R,193.0,CZE,26.075,65.0,718.0,7-6(5) 2-6 7-6(4),3,R64,129.0,6.0,3.0,101.0,68.0,46.0,17.0,16.0,1.0,6.0,12.0,5.0,109.0,59.0,45.0,22.0,16.0,3.0,6.0
2011-6242,Winston-Salem,Hard,48,250,O,20110821,2,K834,,,Blaz Kavcic,R,188.0,SLO,24.463,81.0,640.0,H432,,WC,Lleyton Hewitt,R,178.0,AUS,30.486,188.0,280.0,6-4 7-6(3),3,R64,100.0,6.0,4.0,77.0,51.0,34.0,11.0,11.0,4.0,7.0,7.0,5.0,77.0,47.0,32.0,11.0,11.0,4.0,8.0
2011-6242,Winston-Salem,Hard,48,250,O,20110821,3,N552,,Q,Kei Nishikori,R,178.0,JPN,21.643,48.0,900.0,MA30,,,Gilles Muller,L,193.0,LUX,28.285,69.0,710.0,1-6 6-4 7-6(5),3,R64,133.0,8.0,3.0,95.0,61.0,43.0,16.0,14.0,5.0,8.0,26.0,3.0,85.0,45.0,40.0,21.0,15.0,2.0,4.0
2011-6242,Winston-Salem,Hard,48,250,O,20110821,4,K839,,,Tobias Kamke,R,178.0,GER,25.251,92.0,580.0,F444,,,Alejandro Falla,L,185.0,COL,27.767,117.0,462.0,6-1 6-0,3,R64,59.0,5.0,2.0,49.0,24.0,16.0,16.0,6.0,2.0,2.0,1.0,5.0,43.0,17.0,10.0,6.0,7.0,3.0,9.0
2011-6242,Winston-Salem,Hard,48,250,O,20110821,5,SC56,,,Dudi Sela,R,175.0,ISR,26.379,94.0,570.0,V254,,,Filippo Volandri,R,183.0,ITA,29.958,86.0,617.0,6-3 6-2,3,R64,68.0,9.0,1.0,49.0,28.0,21.0,12.0,8.0,3.0,4.0,0.0,5.0,63.0,30.0,16.0,14.0,9.0,7.0,12.0
2011-6242,Winston-Salem,Hard,48,250,O,20110821,6,I165,,,Denis Istomin,R,185.0,UZB,24.953,68.0,710.0,BC65,,,Matthias Bachinger,R,188.0,GER,24.386,87.0,613.0,7-6(1) 6-1,3,R64,68.0,8.0,2.0,60.0,31.0,23.0,22.0,10.0,0.0,1.0,3.0,5.0,57.0,30.0,19.0,13.0,9.0,1.0,4.0
2011-6242,Winston-Salem,Hard,48,250,O,20110821,7,D632,,,Steve Darcis,R,175.0,BEL,27.439,102.0,540.0,G717,,,Fred Gil,R,173.0,POR,26.409,104.0,534.0,3-6 6-3 6-4,3,R64,119.0,3.0,4.0,85.0,47.0,36.0,20.0,14.0,0.0,1.0,1.0,1.0,86.0,61.0,43.0,14.0,14.0,4.0,6.0
2011-6242,Winston-Salem,Hard,48,250,O,20110821,8,SG87,,,Ryan Sweeting,R,196.0,USA,24.104,71.0,698.0,R397,,,Olivier Rochus,R,168.0,BEL,30.587,78.0,669.0,6-3 7-5,3,R64,96.0,7.0,3.0,75.0,41.0,26.0,21.0,11.0,4.0,6.0,1.0,5.0,64.0,32.0,22.0,12.0,10.0,6.0,10.0
2011-6242,Winston-Salem,Hard,48,250,O,20110821,9,H940,,WC,Ryan Harrison,R,185.0,USA,19.288,67.0,712.0,H528,,,Victor Hanescu,R,198.0,ROU,30.084,72.0,695.0,1-6 6-3 6-4,3,R64,93.0,5.0,14.0,83.0,33.0,27.0,23.0,13.0,1.0,4.0,4.0,3.0,63.0,39.0,32.0,11.0,13.0,0.0,3.0
2011-6242,Winston-Salem,Hard,48,250,O,20110821,10,B676,,,James Blake,R,185.0,USA,31.647,63.0,719.0,K926,,,Mikhail Kukushkin,R,183.0,KAZ,23.652,61.0,766.0,7-5 6-1,3,R64,75.0,7.0,2.0,67.0,38.0,29.0,13.0,10.0,2.0,4.0,1.0,4.0,55.0,26.0,15.0,11.0,9.0,5.0,10.0
2011-6242,Winston-Salem,Hard,48,250,O,20110821,11,Y124,,WC,Donald Young,L,183.0,USA,22.078,85.0,620.0,B678,,,Michael Berrer,L,193.0,GER,31.138,84.0,620.0,6-3 6-4,3,R64,68.0,4.0,3.0,55.0,30.0,22.0,18.0,10.0,2.0,3.0,2.0,5.0,52.0,33.0,23.0,8.0,9.0,1.0,4.0
2011-6242,Winston-Salem,Hard,48,250,O,20110821,12,B884,,,Carlos Berlocq,R,183.0,ARG,28.545,75.0,672.0,H804,,,Andreas Haider-Maurer,R,191.0,AUT,24.416,74.0,684.0,7-5 4-1 RET,3,R64,95.0,1.0,2.0,48.0,26.0,20.0,13.0,8.0,5.0,6.0,2.0,8.0,78.0,35.0,25.0,17.0,9.0,11.0,15.0
2011-6242,Winston-Salem,Hard,48,250,O,20110821,13,R368,,Q,Michael Russell,R,173.0,USA,33.306,95.0,568.0,ME82,,,Adrian Mannarino,L,180.0,FRA,23.143,59.0,775.0,6-4 6-7(3) 6-2,3,R64,138.0,4.0,15.0,112.0,68.0,48.0,20.0,15.0,6.0,9.0,4.0,9.0,82.0,38.0,26.0,20.0,15.0,2.0,8.0
2011-6242,Winston-Salem,Hard,48,250,O,20110821,14,G806,,,Andrey Golubev,R,180.0,KAZ,24.082,97.0,560.0,G585,,,Maximo Gonzalez,R,173.0,ARG,28.088,105.0,532.0,6-2 4-6 6-4,3,R64,117.0,7.0,3.0,75.0,45.0,31.0,15.0,14.0,2.0,6.0,1.0,3.0,118.0,72.0,44.0,17.0,14.0,13.0,19.0
2011-6242,Winston-Salem,Hard,48,250,O,20110821,15,B747,,Q,Julien Benneteau,R,185.0,FRA,29.667,113.0,478.0,M708,,Q,Ricardo Mello,L,175.0,BRA,30.664,114.0,478.0,6-1 6-3,3,R64,50.0,4.0,0.0,40.0,25.0,22.0,10.0,8.0,0.0,0.0,3.0,2.0,39.0,24.0,11.0,8.0,8.0,0.0,4.0
2011-6242,Winston-Salem,Hard,48,250,O,20110821,16,A511,,,Igor Andreev,R,185.0,RUS,28.104,79.0,656.0,TA46,,,Bernard Tomic,R,196.0,AUS,18.831,62.0,752.0,6-7(5) 6-3 6-4,3,R64,126.0,12.0,3.0,112.0,64.0,52.0,28.0,16.0,9.0,9.0,10.0,1.0,90.0,59.0,45.0,18.0,15.0,3.0,5.0
2011-6242,Winston-Salem,Hard,48,250,O,20110821,17,R485,1.0,,Andy Roddick,R,188.0,USA,28.975,21.0,1680.0,R613,,LL,Edouard Roger-Vasselin,R,185.0,FRA,27.729,107.0,521.0,6-2 6-4,3,R32,73.0,11.0,1.0,50.0,33.0,27.0,12.0,9.0,0.0,0.0,5.0,1.0,53.0,34.0,19.0,12.0,9.0,4.0,7.0
2011-6242,Winston-Salem,Hard,48,250,O,20110821,18,G725,15.0,,Santiago Giraldo,R,188.0,COL,23.732,56.0,835.0,K834,,,Blaz Kavcic,R,188.0,SLO,24.463,81.0,640.0,6-2 6-3,3,R32,62.0,3.0,2.0,44.0,29.0,25.0,8.0,8.0,0.0,0.0,4.0,4.0,58.0,32.0,22.0,10.0,9.0,3.0,7.0
2011-6242,Winston-Salem,Hard,48,250,O,20110821,19,N552,,Q,Kei Nishikori,R,178.0,JPN,21.643,48.0,900.0,A596,12.0,,Pablo Andujar,R,180.0,ESP,25.574,46.0,980.0,7-6(3) 6-2,3,R32,110.0,2.0,1.0,65.0,43.0,33.0,13.0,10.0,1.0,2.0,0.0,7.0,75.0,36.0,25.0,17.0,10.0,11.0,14.0
2011-6242,Winston-Salem,Hard,48,250,O,20110821,20,MA21,7.0,,Juan Monaco,R,185.0,ARG,27.395,36.0,1170.0,K839,,,Tobias Kamke,R,178.0,GER,25.251,92.0,580.0,7-5 6-0,3,R32,83.0,4.0,2.0,50.0,37.0,24.0,6.0,9.0,0.0,2.0,0.0,2.0,68.0,41.0,19.0,12.0,9.0,7.0,13.0
2011-6242,Winston-Salem,Hard,48,250,O,20110821,21,I186,4.0,,John Isner,R,208.0,USA,26.319,28.0,1340.0,SC56,,,Dudi Sela,R,175.0,ISR,26.379,94.0,570.0,7-6(3) 6-2,3,R32,77.0,17.0,2.0,66.0,45.0,37.0,12.0,10.0,4.0,4.0,1.0,7.0,64.0,33.0,22.0,19.0,10.0,4.0,6.0
2011-6242,Winston-Salem,Hard,48,250,O,20110821,22,N289,13.0,,Jarkko Nieminen,L,185.0,FIN,30.078,50.0,876.0,I165,,,Denis Istomin,R,185.0,UZB,24.953,68.0,710.0,3-6 6-4 6-4,3,R32,109.0,4.0,1.0,99.0,65.0,45.0,16.0,15.0,5.0,8.0,6.0,3.0,79.0,49.0,33.0,19.0,14.0,5.0,8.0
2011-6242,Winston-Salem,Hard,48,250,O,20110821,23,D632,,,Steve Darcis,R,175.0,BEL,27.439,102.0,540.0,T315,11.0,,Dmitry Tursunov,R,185.0,RUS,28.69,44.0,994.0,3-6 6-1 6-3,3,R32,102.0,8.0,9.0,84.0,45.0,32.0,22.0,12.0,8.0,10.0,7.0,3.0,85.0,48.0,32.0,16.0,13.0,8.0,13.0
2011-6242,Winston-Salem,Hard,48,250,O,20110821,24,B837,8.0,,Marcos Baghdatis,R,178.0,CYP,26.177,60.0,770.0,SG87,,,Ryan Sweeting,R,196.0,USA,24.104,71.0,698.0,7-5 6-1,3,R32,77.0,7.0,4.0,56.0,21.0,17.0,22.0,9.0,4.0,5.0,2.0,6.0,53.0,32.0,21.0,6.0,10.0,0.0,5.0
2011-6242,Winston-Salem,Hard,48,250,O,20110821,25,D686,,LL,Pierre-Ludovic Duclos,R,188.0,CAN,25.615,323.0,136.0,H940,,WC,Ryan Harrison,R,185.0,USA,19.288,67.0,712.0,7-5 7-5,3,R32,94.0,1.0,0.0,66.0,45.0,30.0,16.0,12.0,4.0,6.0,2.0,8.0,85.0,42.0,27.0,21.0,12.0,8.0,12.0
2011-6242,Winston-Salem,Hard,48,250,O,20110821,26,H756,10.0,,Robin Haase,R,191.0,NED,24.375,42.0,1026.0,B676,,,James Blake,R,185.0,USA,31.647,63.0,719.0,6-4 6-1,3,R32,62.0,6.0,3.0,51.0,23.0,16.0,19.0,8.0,9.0,10.0,6.0,6.0,62.0,32.0,23.0,9.0,9.0,3.0,8.0
2011-6242,Winston-Salem,Hard,48,250,O,20110821,27,D875,14.0,,Grigor Dimitrov,R,191.0,BUL,20.266,52.0,861.0,Y124,,WC,Donald Young,L,183.0,USA,22.078,85.0,620.0,6-4 2-6 7-6(2),3,R32,124.0,11.0,7.0,90.0,56.0,35.0,18.0,15.0,1.0,6.0,3.0,6.0,101.0,65.0,46.0,14.0,15.0,8.0,12.0
2011-6242,Winston-Salem,Hard,48,250,O,20110821,28,D801,3.0,,Alexandr Dolgopolov,R,180.0,UKR,22.784,22.0,1530.0,B884,,,Carlos Berlocq,R,183.0,ARG,28.545,75.0,672.0,6-4 6-4,3,R32,85.0,8.0,3.0,65.0,30.0,22.0,22.0,10.0,2.0,3.0,2.0,1.0,57.0,34.0,23.0,12.0,10.0,4.0,7.0
2011-6242,Winston-Salem,Hard,48,250,O,20110821,29,D402,5.0,,Nikolay Davydenko,R,178.0,RUS,30.218,39.0,1115.0,R368,,Q,Michael Russell,R,173.0,USA,33.306,95.0,568.0,6-2 6-2,3,R32,75.0,0.0,4.0,62.0,44.0,28.0,9.0,8.0,5.0,6.0,2.0,5.0,54.0,33.0,18.0,7.0,8.0,5.0,10.0
2011-6242,Winston-Salem,Hard,48,250,O,20110821,30,SC77,9.0,,Sergiy Stakhovsky,R,193.0,UKR,25.621,41.0,1030.0,G806,,,Andrey Golubev,R,180.0,KAZ,24.082,97.0,560.0,6-1 2-6 6-4,3,R32,90.0,10.0,2.0,71.0,39.0,27.0,18.0,13.0,3.0,7.0,1.0,4.0,72.0,41.0,25.0,15.0,12.0,3.0,8.0
2011-6242,Winston-Salem,Hard,48,250,O,20110821,31,B747,,Q,Julien Benneteau,R,185.0,FRA,29.667,113.0,478.0,K403,16.0,,Igor Kunitsyn,R,180.0,RUS,29.889,58.0,799.0,6-3 6-1,3,R32,72.0,3.0,7.0,49.0,25.0,19.0,14.0,8.0,1.0,2.0,1.0,1.0,49.0,24.0,14.0,8.0,8.0,3.0,8.0
2011-6242,Winston-Salem,Hard,48,250,O,20110821,32,A511,,,Igor Andreev,R,185.0,RUS,28.104,79.0,656.0,M762,2.0,,Jurgen Melzer,L,183.0,AUT,30.248,17.0,1830.0,7-5 6-3,3,R32,95.0,8.0,1.0,68.0,39.0,30.0,18.0,11.0,3.0,4.0,6.0,1.0,74.0,55.0,31.0,11.0,10.0,2.0,5.0
2011-6242,Winston-Salem,Hard,48,250,O,20110821,33,R485,1.0,,Andy Roddick,R,188.0,USA,28.975,21.0,1680.0,G725,15.0,,Santiago Giraldo,R,188.0,COL,23.732,56.0,835.0,6-1 6-3,3,R16,67.0,5.0,0.0,40.0,24.0,19.0,13.0,8.0,0.0,0.0,1.0,1.0,53.0,25.0,17.0,10.0,8.0,2.0,6.0
2011-6242,Winston-Salem,Hard,48,250,O,20110821,34,MA21,7.0,,Juan Monaco,R,185.0,ARG,27.395,36.0,1170.0,N552,,Q,Kei Nishikori,R,178.0,JPN,21.643,48.0,900.0,6-0 6-3,3,R16,71.0,1.0,3.0,53.0,27.0,20.0,14.0,7.0,8.0,9.0,0.0,0.0,49.0,28.0,13.0,7.0,8.0,4.0,10.0
2011-6242,Winston-Salem,Hard,48,250,O,20110821,35,I186,4.0,,John Isner,R,208.0,USA,26.319,28.0,1340.0,N289,13.0,,Jarkko Nieminen,L,185.0,FIN,30.078,50.0,876.0,7-6(4) 6-2,3,R16,64.0,10.0,2.0,51.0,35.0,30.0,14.0,10.0,0.0,0.0,6.0,1.0,58.0,33.0,25.0,14.0,10.0,2.0,4.0
2011-6242,Winston-Salem,Hard,48,250,O,20110821,36,B837,8.0,,Marcos Baghdatis,R,178.0,CYP,26.177,60.0,770.0,D632,,,Steve Darcis,R,175.0,BEL,27.439,102.0,540.0,7-5 6-0,3,R16,74.0,9.0,5.0,55.0,24.0,21.0,16.0,9.0,1.0,2.0,2.0,7.0,59.0,24.0,17.0,11.0,9.0,6.0,11.0
2011-6242,Winston-Salem,Hard,48,250,O,20110821,37,H756,10.0,,Robin Haase,R,191.0,NED,24.375,42.0,1026.0,D686,,LL,Pierre-Ludovic Duclos,R,188.0,CAN,25.615,323.0,136.0,6-4 7-5,3,R16,114.0,3.0,2.0,74.0,33.0,22.0,23.0,11.0,7.0,9.0,5.0,9.0,80.0,42.0,28.0,16.0,11.0,7.0,11.0
2011-6242,Winston-Salem,Hard,48,250,O,20110821,38,D801,3.0,,Alexandr Dolgopolov,R,180.0,UKR,22.784,22.0,1530.0,D875,14.0,,Grigor Dimitrov,R,191.0,BUL,20.266,52.0,861.0,6-4 1-6 7-6(7),3,R16,133.0,9.0,6.0,93.0,38.0,32.0,28.0,14.0,5.0,8.0,10.0,5.0,105.0,59.0,43.0,26.0,15.0,7.0,9.0
2011-6242,Winston-Salem,Hard,48,250,O,20110821,39,SC77,9.0,,Sergiy Stakhovsky,R,193.0,UKR,25.621,41.0,1030.0,D402,5.0,,Nikolay Davydenko,R,178.0,RUS,30.218,39.0,1115.0,6-4 6-4,3,R16,78.0,6.0,3.0,56.0,32.0,26.0,13.0,10.0,2.0,3.0,2.0,4.0,64.0,47.0,28.0,9.0,10.0,4.0,7.0
2011-6242,Winston-Salem,Hard,48,250,O,20110821,40,B747,,Q,Julien Benneteau,R,185.0,FRA,29.667,113.0,478.0,A511,,,Igor Andreev,R,185.0,RUS,28.104,79.0,656.0,2-6 6-1 7-6(5),3,R16,154.0,6.0,4.0,102.0,62.0,41.0,22.0,14.0,4.0,7.0,8.0,7.0,100.0,51.0,36.0,20.0,13.0,5.0,8.0
2011-6242,Winston-Salem,Hard,48,250,O,20110821,41,R485,1.0,,Andy Roddick,R,188.0,USA,28.975,21.0,1680.0,MA21,7.0,,Juan Monaco,R,185.0,ARG,27.395,36.0,1170.0,6-1 6-4,3,QF,67.0,9.0,1.0,45.0,32.0,26.0,10.0,9.0,0.0,0.0,1.0,5.0,55.0,32.0,17.0,14.0,8.0,2.0,5.0
2011-6242,Winston-Salem,Hard,48,250,O,20110821,42,I186,4.0,,John Isner,R,208.0,USA,26.319,28.0,1340.0,B837,8.0,,Marcos Baghdatis,R,178.0,CYP,26.177,60.0,770.0,1-6 6-3 6-4,3,QF,111.0,12.0,4.0,78.0,50.0,37.0,12.0,13.0,0.0,3.0,6.0,5.0,69.0,26.0,21.0,26.0,13.0,6.0,9.0
2011-6242,Winston-Salem,Hard,48,250,O,20110821,43,H756,10.0,,Robin Haase,R,191.0,NED,24.375,42.0,1026.0,D801,3.0,,Alexandr Dolgopolov,R,180.0,UKR,22.784,22.0,1530.0,6-4 6-4,3,QF,60.0,3.0,5.0,56.0,29.0,20.0,18.0,10.0,1.0,2.0,15.0,6.0,59.0,35.0,26.0,9.0,10.0,5.0,8.0
2011-6242,Winston-Salem,Hard,48,250,O,20110821,44,B747,,Q,Julien Benneteau,R,185.0,FRA,29.667,113.0,478.0,SC77,9.0,,Sergiy Stakhovsky,R,193.0,UKR,25.621,41.0,1030.0,3-6 7-6(9) 6-2,3,QF,141.0,10.0,5.0,93.0,57.0,42.0,21.0,14.0,3.0,5.0,12.0,9.0,113.0,57.0,45.0,26.0,15.0,11.0,14.0
2011-6242,Winston-Salem,Hard,48,250,O,20110821,45,I186,4.0,,John Isner,R,208.0,USA,26.319,28.0,1340.0,R485,1.0,,Andy Roddick,R,188.0,USA,28.975,21.0,1680.0,7-6(7) 6-4,3,SF,95.0,8.0,1.0,69.0,41.0,35.0,17.0,11.0,1.0,2.0,10.0,2.0,67.0,47.0,42.0,6.0,11.0,1.0,3.0
2011-6242,Winston-Salem,Hard,48,250,O,20110821,46,B747,,Q,Julien Benneteau,R,185.0,FRA,29.667,113.0,478.0,H756,10.0,,Robin Haase,R,191.0,NED,24.375,42.0,1026.0,3-6 7-6(7) 7-6(6),3,SF,152.0,11.0,10.0,117.0,68.0,49.0,23.0,16.0,2.0,6.0,10.0,5.0,106.0,65.0,49.0,21.0,17.0,5.0,8.0
2011-6242,Winston-Salem,Hard,48,250,O,20110821,47,I186,4.0,,John Isner,R,208.0,USA,26.319,28.0,1340.0,B747,,Q,Julien Benneteau,R,185.0,FRA,29.667,113.0,478.0,4-6 6-3 6-4,3,F,121.0,19.0,5.0,85.0,61.0,51.0,10.0,15.0,2.0,3.0,6.0,1.0,78.0,47.0,36.0,20.0,14.0,4.0,6.0
2011-560,US Open,Hard,128,G,O,20110829,1,D643,1.0,,Novak Djokovic,R,188.0,SRB,24.271,1.0,13920.0,N349,,Q,Conor Niland,R,185.0,IRL,29.941,197.0,260.0,6-0 5-1 RET,5,R128,44.0,3.0,1.0,30.0,22.0,19.0,5.0,6.0,0.0,0.0,1.0,2.0,30.0,15.0,6.0,2.0,6.0,1.0,6.0
2011-560,US Open,Hard,128,G,O,20110829,2,B884,,,Carlos Berlocq,R,183.0,ARG,28.567,74.0,672.0,R750,,,Pere Riba,R,183.0,ESP,23.392,70.0,703.0,7-5 6-0 6-1,5,R128,114.0,8.0,7.0,77.0,48.0,41.0,12.0,12.0,2.0,3.0,2.0,6.0,85.0,41.0,22.0,15.0,13.0,7.0,15.0
2011-560,US Open,Hard,128,G,O,20110829,3,S843,,,Potito Starace,R,188.0,ITA,30.125,52.0,855.0,B678,,,Michael Berrer,L,193.0,GER,31.159,83.0,620.0,6-4 4-6 6-3 6-2,5,R128,159.0,6.0,4.0,119.0,82.0,60.0,21.0,18.0,11.0,12.0,9.0,5.0,130.0,78.0,55.0,24.0,19.0,14.0,19.0
2011-560,US Open,Hard,128,G,O,20110829,4,D402,,,Nikolay Davydenko,R,178.0,RUS,30.24,39.0,1115.0,D646,32.0,,Ivan Dodig,R,183.0,CRO,26.653,33.0,1207.0,6-7(6) 6-3 6-0 2-6 6-2,5,R128,242.0,2.0,7.0,163.0,126.0,87.0,16.0,22.0,12.0,16.0,9.0,8.0,148.0,80.0,50.0,31.0,21.0,8.0,15.0
2011-560,US Open,Hard,128,G,O,20110829,5,D801,22.0,,Alexandr Dolgopolov,R,180.0,UKR,22.806,23.0,1530.0,G717,,,Fred Gil,R,173.0,POR,26.431,106.0,534.0,6-4 6-2 7-5,5,R128,118.0,10.0,7.0,102.0,41.0,32.0,34.0,15.0,7.0,9.0,1.0,7.0,94.0,58.0,35.0,16.0,15.0,4.0,10.0
2011-560,US Open,Hard,128,G,O,20110829,6,C723,,,Flavio Cipolla,R,173.0,ITA,27.858,108.0,527.0,N552,,,Kei Nishikori,R,178.0,JPN,21.665,46.0,915.0,6-4 6-2 RET,5,R128,75.0,2.0,3.0,50.0,30.0,24.0,11.0,9.0,1.0,2.0,3.0,5.0,51.0,31.0,20.0,7.0,9.0,3.0,7.0
2011-560,US Open,Hard,128,G,O,20110829,7,K336,,,Ivo Karlovic,R,211.0,CRO,32.498,94.0,577.0,G415,,,Fernando Gonzalez,R,183.0,CHI,31.083,296.0,155.0,6-4 6-4 7-6(3),5,R128,116.0,23.0,3.0,90.0,60.0,52.0,19.0,16.0,1.0,1.0,3.0,3.0,98.0,51.0,37.0,29.0,16.0,4.0,6.0
2011-560,US Open,Hard,128,G,O,20110829,8,G628,13.0,,Richard Gasquet,R,183.0,FRA,25.196,13.0,2080.0,SC77,,,Sergiy Stakhovsky,R,193.0,UKR,25.643,55.0,825.0,6-4 6-4 6-0,5,R128,113.0,8.0,1.0,79.0,51.0,39.0,16.0,13.0,4.0,5.0,3.0,5.0,81.0,51.0,29.0,14.0,13.0,7.0,13.0
2011-560,US Open,Hard,128,G,O,20110829,9,BA47,9.0,,Tomas Berdych,R,196.0,CZE,25.947,9.0,2690.0,J338,,Q,Romain Jouan,R,183.0,FRA,26.119,230.0,215.0,6-2 7-6(4) 6-1,5,R128,116.0,7.0,5.0,81.0,48.0,41.0,20.0,14.0,2.0,3.0,0.0,3.0,81.0,36.0,21.0,23.0,13.0,4.0,9.0
2011-560,US Open,Hard,128,G,O,20110829,10,F510,,,Fabio Fognini,R,178.0,ITA,24.266,38.0,1150.0,Z184,,,Horacio Zeballos,L,188.0,ARG,26.338,112.0,502.0,5-7 6-4 7-6(5) 6-4,5,R128,189.0,11.0,7.0,139.0,80.0,61.0,33.0,22.0,3.0,7.0,6.0,12.0,138.0,74.0,58.0,30.0,22.0,5.0,10.0
2011-560,US Open,Hard,128,G,O,20110829,11,P624,,,Philipp Petzschner,R,185.0,GER,27.431,67.0,715.0,R772,,,Albert Ramos-Vinolas,L,188.0,ESP,23.614,71.0,687.0,7-5 6-7(2) 6-3 6-7(5) 6-3,5,R128,264.0,12.0,7.0,194.0,109.0,82.0,42.0,26.0,6.0,7.0,10.0,7.0,179.0,112.0,82.0,34.0,28.0,10.0,16.0
2011-560,US Open,Hard,128,G,O,20110829,12,T742,20.0,,Janko Tipsarevic,R,180.0,SRB,27.184,20.0,1740.0,G695,,Q,Augustin Gensse,R,180.0,FRA,28.052,155.0,341.0,6-2 7-5 6-0,5,R128,118.0,5.0,4.0,77.0,35.0,32.0,26.0,13.0,4.0,4.0,4.0,3.0,96.0,67.0,38.0,12.0,13.0,8.0,14.0
2011-560,US Open,Hard,128,G,O,20110829,13,G710,31.0,,Marcel Granollers,R,191.0,ESP,25.38,32.0,1243.0,M680,,,Xavier Malisse,R,185.0,BEL,31.11,50.0,875.0,6-4 6-4 6-4,5,R128,121.0,2.0,3.0,81.0,46.0,37.0,17.0,15.0,2.0,5.0,7.0,1.0,93.0,56.0,37.0,14.0,15.0,4.0,10.0
2011-560,US Open,Hard,128,G,O,20110829,14,K926,,,Mikhail Kukushkin,R,183.0,KAZ,23.674,61.0,751.0,M824,,,Albert Montanes,R,175.0,ESP,30.754,42.0,995.0,7-5 6-2 3-6 7-6(5),5,R128,181.0,9.0,3.0,130.0,69.0,53.0,33.0,21.0,6.0,9.0,3.0,7.0,127.0,69.0,52.0,29.0,20.0,6.0,10.0
2011-560,US Open,Hard,128,G,O,20110829,15,F316,,,Juan Carlos Ferrero,R,183.0,ESP,31.543,105.0,540.0,A596,,,Pablo Andujar,R,180.0,ESP,25.596,45.0,952.0,1-6 7-5 5-7 6-1 6-3,5,R128,212.0,10.0,6.0,163.0,96.0,57.0,36.0,23.0,17.0,23.0,5.0,5.0,162.0,95.0,61.0,32.0,24.0,8.0,16.0
2011-560,US Open,Hard,128,G,O,20110829,16,MC65,7.0,,Gael Monfils,R,193.0,FRA,24.991,7.0,3165.0,D875,,,Grigor Dimitrov,R,191.0,BUL,20.287,57.0,801.0,7-6(4) 6-3 6-4,5,R128,159.0,2.0,3.0,111.0,64.0,43.0,27.0,16.0,7.0,10.0,3.0,5.0,117.0,68.0,43.0,22.0,15.0,8.0,13.0
2011-560,US Open,Hard,128,G,O,20110829,17,F324,3.0,,Roger Federer,R,185.0,SUI,30.056,3.0,8380.0,G725,,,Santiago Giraldo,R,188.0,COL,23.754,54.0,835.0,6-4 6-3 6-2,5,R128,106.0,5.0,3.0,83.0,51.0,36.0,15.0,14.0,0.0,3.0,2.0,2.0,98.0,52.0,32.0,15.0,13.0,11.0,18.0
2011-560,US Open,Hard,128,G,O,20110829,18,SC56,,,Dudi Sela,R,175.0,ISR,26.401,93.0,580.0,BD20,,,Thomaz Bellucci,L,188.0,BRA,23.663,35.0,1180.0,4-6 2-6 6-4 6-3 6-0,5,R128,207.0,9.0,10.0,136.0,64.0,46.0,36.0,22.0,6.0,12.0,9.0,6.0,134.0,75.0,50.0,27.0,21.0,7.0,13.0
2011-560,US Open,Hard,128,G,O,20110829,19,TA46,,,Bernard Tomic,R,196.0,AUS,18.853,60.0,752.0,Y070,,Q,Michael Yani,R,185.0,USA,30.658,206.0,249.0,6-3 6-4 6-4,5,R128,110.0,9.0,3.0,105.0,63.0,49.0,19.0,15.0,4.0,5.0,4.0,1.0,81.0,47.0,33.0,17.0,14.0,3.0,7.0
2011-560,US Open,Hard,128,G,O,20110829,20,C977,27.0,,Marin Cilic,R,198.0,CRO,22.916,28.0,1375.0,H940,,WC,Ryan Harrison,R,185.0,USA,19.31,66.0,715.0,6-2 7-5 7-6(6),5,R128,146.0,2.0,4.0,95.0,43.0,29.0,33.0,16.0,3.0,7.0,1.0,7.0,96.0,41.0,21.0,29.0,16.0,2.0,9.0
2011-560,US Open,Hard,128,G,O,20110829,21,S694,23.0,,Radek Stepanek,R,185.0,CZE,32.753,25.0,1440.0,K435,,,Philipp Kohlschreiber,R,178.0,GER,27.869,47.0,910.0,6-4 6-1 6-3,5,R128,120.0,3.0,5.0,85.0,46.0,37.0,22.0,13.0,2.0,2.0,6.0,3.0,81.0,40.0,28.0,19.0,13.0,4.0,9.0
2011-560,US Open,Hard,128,G,O,20110829,22,MA21,,,Juan Monaco,R,185.0,ARG,27.417,36.0,1170.0,SA93,,,Andreas Seppi,R,191.0,ITA,27.518,51.0,860.0,7-6(1) 6-2 6-2,5,R128,118.0,3.0,3.0,89.0,53.0,37.0,16.0,14.0,4.0,8.0,6.0,6.0,85.0,51.0,29.0,8.0,14.0,3.0,11.0
2011-560,US Open,Hard,128,G,O,20110829,23,H355,,,Tommy Haas,R,188.0,GER,33.405,475.0,70.0,D729,,Q,Jonathan Dasnieres de Veigy,L,175.0,FRA,24.646,247.0,194.0,6-3 6-4 6-7(5) 6-1,5,R128,170.0,18.0,9.0,125.0,81.0,59.0,25.0,20.0,8.0,10.0,5.0,2.0,119.0,78.0,54.0,12.0,18.0,4.0,10.0
2011-560,US Open,Hard,128,G,O,20110829,24,F444,,,Alejandro Falla,L,185.0,COL,27.789,119.0,462.0,T840,15.0,,Viktor Troicki,R,193.0,SRB,25.547,16.0,1935.0,3-6 6-3 4-6 7-5 7-5,5,R128,220.0,3.0,3.0,158.0,81.0,59.0,44.0,26.0,8.0,13.0,13.0,5.0,172.0,108.0,82.0,23.0,26.0,16.0,22.0
2011-560,US Open,Hard,128,G,O,20110829,25,T786,11.0,,Jo-Wilfried Tsonga,R,188.0,FRA,26.366,11.0,2350.0,L575,,,Yen-Hsun Lu,R,180.0,TPE,28.041,82.0,629.0,6-4 6-4 6-4,5,R128,129.0,6.0,5.0,89.0,53.0,40.0,23.0,15.0,3.0,4.0,6.0,3.0,80.0,45.0,32.0,19.0,15.0,5.0,9.0
2011-560,US Open,Hard,128,G,O,20110829,26,BC11,,Q,Sergei Bubka,R,188.0,UKR,24.548,207.0,247.0,H804,,,Andreas Haider-Maurer,R,191.0,AUT,24.438,73.0,684.0,6-3 6-2 3-6 6-4,5,R128,134.0,25.0,2.0,97.0,67.0,56.0,17.0,18.0,2.0,3.0,14.0,10.0,118.0,63.0,47.0,28.0,18.0,5.0,9.0
2011-560,US Open,Hard,128,G,O,20110829,27,K771,,Q,Marsel Ilhan,R,191.0,TUR,24.216,101.0,545.0,D499,,Q,Frank Dancevic,R,185.0,CAN,26.921,179.0,300.0,6-3 6-2 1-0 RET,5,R128,76.0,7.0,2.0,56.0,31.0,27.0,13.0,10.0,2.0,2.0,4.0,2.0,49.0,25.0,17.0,10.0,9.0,3.0,7.0
2011-560,US Open,Hard,128,G,O,20110829,28,V306,19.0,,Fernando Verdasco,L,188.0,ESP,27.786,19.0,1785.0,N289,,,Jarkko Nieminen,L,185.0,FIN,30.1,49.0,876.0,3-6 6-4 6-1 6-4,5,R128,156.0,8.0,1.0,112.0,74.0,59.0,16.0,18.0,4.0,7.0,2.0,6.0,118.0,65.0,45.0,23.0,18.0,10.0,16.0
2011-560,US Open,Hard,128,G,O,20110829,29,L428,29.0,,Michael Llodra,L,191.0,FRA,31.28,30.0,1280.0,H528,,,Victor Hanescu,R,198.0,ROU,30.105,72.0,685.0,6-2 4-6 4-6 6-3 6-2,5,R128,169.0,11.0,8.0,126.0,75.0,59.0,27.0,23.0,1.0,4.0,2.0,5.0,121.0,53.0,41.0,37.0,22.0,7.0,13.0
2011-560,US Open,Hard,128,G,O,20110829,30,A678,,,Kevin Anderson,R,203.0,RSA,25.281,34.0,1200.0,SC47,,Q,Go Soeda,R,178.0,JPN,26.979,123.0,453.0,6-1 6-3 6-0,5,R128,98.0,9.0,1.0,59.0,40.0,33.0,16.0,11.0,0.0,0.0,0.0,3.0,84.0,49.0,27.0,13.0,11.0,6.0,13.0
2011-560,US Open,Hard,128,G,O,20110829,31,J267,,Q,Malek Jaziri,R,185.0,TUN,27.606,181.0,297.0,D776,,,Thiemo de Bakker,R,193.0,NED,22.94,159.0,338.0,4-6 6-1 6-4 6-2,5,R128,163.0,9.0,4.0,100.0,57.0,47.0,23.0,18.0,5.0,7.0,12.0,8.0,129.0,68.0,52.0,22.0,17.0,11.0,17.0
2011-560,US Open,Hard,128,G,O,20110829,32,F339,8.0,,Mardy Fish,R,188.0,USA,29.719,8.0,2820.0,K839,,,Tobias Kamke,R,178.0,GER,25.273,92.0,580.0,6-2 6-2 6-1,5,R128,103.0,4.0,4.0,73.0,43.0,37.0,15.0,12.0,5.0,6.0,0.0,7.0,75.0,41.0,21.0,15.0,11.0,1.0,8.0
2011-560,US Open,Hard,128,G,O,20110829,33,SC73,,LL,Rogerio Dutra Silva,R,178.0,BRA,27.562,114.0,482.0,SD69,,Q,Louk Sorensen,R,175.0,IRL,26.639,618.0,34.0,6-0 3-6 6-4 1-0 RET,5,R128,135.0,1.0,1.0,85.0,43.0,33.0,24.0,13.0,4.0,5.0,6.0,1.0,85.0,55.0,35.0,17.0,14.0,7.0,11.0
2011-560,US Open,Hard,128,G,O,20110829,34,B842,,,Alex Bogomolov Jr.,R,178.0,RUS,28.35,44.0,985.0,J386,,WC,Steve Johnson,R,188.0,USA,21.678,525.0,55.0,4-6 4-6 6-3 7-6(3) 6-3,5,R128,220.0,8.0,8.0,157.0,106.0,77.0,32.0,26.0,7.0,11.0,23.0,7.0,176.0,110.0,80.0,30.0,24.0,10.0,14.0
2011-560,US Open,Hard,128,G,O,20110829,35,G569,,WC,Robby Ginepri,R,183.0,USA,28.893,363.0,115.0,SG64,,Q,Joao Souza,R,193.0,BRA,23.255,90.0,587.0,6-3 6-4 6-7(5) 6-1,5,R128,177.0,8.0,3.0,141.0,85.0,52.0,36.0,20.0,12.0,14.0,10.0,5.0,114.0,72.0,48.0,17.0,18.0,4.0,10.0
2011-560,US Open,Hard,128,G,O,20110829,36,I186,28.0,,John Isner,R,208.0,USA,26.341,22.0,1545.0,B837,,,Marcos Baghdatis,R,178.0,CYP,26.198,59.0,770.0,7-6(2) 7-6(11) 2-6 6-4,5,R128,192.0,14.0,3.0,138.0,100.0,76.0,22.0,21.0,3.0,5.0,11.0,5.0,138.0,65.0,55.0,42.0,21.0,4.0,5.0
2011-560,US Open,Hard,128,G,O,20110829,37,D683,18.0,,Juan Martin del Potro,R,198.0,ARG,22.93,18.0,1800.0,V254,,,Filippo Volandri,R,183.0,ITA,29.979,85.0,617.0,6-3 6-1 6-1,5,R128,88.0,18.0,3.0,56.0,38.0,34.0,11.0,11.0,0.0,0.0,0.0,5.0,77.0,39.0,23.0,14.0,12.0,7.0,14.0
2011-560,US Open,Hard,128,G,O,20110829,38,J214,,,Diego Junqueira,L,178.0,ARG,30.667,104.0,542.0,B804,,,Karol Beck,R,180.0,SVK,29.405,75.0,672.0,6-2 RET,5,R128,32.0,0.0,2.0,21.0,12.0,10.0,6.0,4.0,0.0,0.0,0.0,5.0,32.0,20.0,11.0,4.0,4.0,1.0,3.0
2011-560,US Open,Hard,128,G,O,20110829,39,G476,,,Guillermo Garcia-Lopez,R,185.0,ESP,28.235,37.0,1165.0,G676,,,Daniel Gimeno-Traver,R,183.0,ESP,26.059,89.0,594.0,6-3 1-6 7-6(1) 4-6 7-6(4),5,R128,237.0,8.0,13.0,167.0,76.0,57.0,42.0,25.0,15.0,23.0,8.0,10.0,174.0,93.0,65.0,39.0,25.0,17.0,23.0
2011-560,US Open,Hard,128,G,O,20110829,40,SD32,12.0,,Gilles Simon,R,183.0,FRA,26.669,12.0,2325.0,M708,,,Ricardo Mello,L,175.0,BRA,30.686,113.0,483.0,3-6 6-3 6-4 3-6 6-4,5,R128,212.0,9.0,8.0,155.0,82.0,64.0,36.0,23.0,4.0,6.0,2.0,4.0,168.0,103.0,69.0,38.0,24.0,12.0,15.0
2011-560,US Open,Hard,128,G,O,20110829,41,W367,14.0,,Stan Wawrinka,R,183.0,SUI,26.42,14.0,2035.0,G585,,,Maximo Gonzalez,R,173.0,ARG,28.11,109.0,522.0,3-6 6-4 6-1 6-3,5,R128,148.0,10.0,5.0,98.0,53.0,42.0,26.0,18.0,3.0,6.0,4.0,3.0,116.0,69.0,35.0,28.0,17.0,10.0,16.0
2011-560,US Open,Hard,128,G,O,20110829,42,Y124,,WC,Donald Young,L,183.0,USA,22.1,84.0,620.0,L797,,LL,Lukas Lacko,R,188.0,SVK,23.819,162.0,324.0,6-4 6-2 6-4,5,R128,133.0,0.0,1.0,76.0,51.0,37.0,18.0,14.0,3.0,5.0,7.0,7.0,121.0,70.0,40.0,23.0,14.0,11.0,17.0
2011-560,US Open,Hard,128,G,O,20110829,43,D632,,,Steve Darcis,R,175.0,BEL,27.461,102.0,542.0,T315,,,Dmitry Tursunov,R,185.0,RUS,28.712,43.0,994.0,6-7(4) 4-6 7-5 6-1 7-6(0),5,R128,231.0,20.0,13.0,169.0,92.0,71.0,38.0,27.0,5.0,11.0,7.0,12.0,171.0,91.0,60.0,39.0,26.0,10.0,18.0
2011-560,US Open,Hard,128,G,O,20110829,44,C514,24.0,,Juan Ignacio Chela,R,191.0,ARG,31.997,24.0,1440.0,ME05,,WC,Marinko Matosevic,R,193.0,AUS,26.056,148.0,365.0,3-1 RET,5,R128,27.0,0.0,2.0,20.0,13.0,8.0,4.0,2.0,3.0,3.0,0.0,1.0,11.0,7.0,3.0,2.0,2.0,0.0,1.0
2011-560,US Open,Hard,128,G,O,20110829,45,L397,25.0,,Feliciano Lopez,L,188.0,ESP,29.938,26.0,1415.0,I230,,,Tatsuma Ito,R,180.0,JPN,23.28,127.0,440.0,6-2 6-4 6-4,5,R128,118.0,18.0,3.0,87.0,49.0,40.0,23.0,14.0,5.0,5.0,3.0,6.0,94.0,52.0,34.0,20.0,14.0,3.0,7.0
2011-560,US Open,Hard,128,G,O,20110829,46,PD07,,Q,Vasek Pospisil,R,193.0,CAN,21.183,143.0,382.0,R685,,,Lukas Rosol,R,193.0,CZE,26.097,65.0,718.0,6-1 6-2 6-1,5,R128,82.0,13.0,6.0,77.0,43.0,35.0,18.0,11.0,6.0,6.0,3.0,7.0,68.0,33.0,20.0,10.0,11.0,6.0,13.0
2011-560,US Open,Hard,128,G,O,20110829,47,H756,,,Robin Haase,R,191.0,NED,24.397,41.0,1016.0,MA49,,,Rui Machado,R,178.0,POR,27.384,79.0,653.0,6-0 6-4 6-4,5,R128,92.0,7.0,2.0,68.0,44.0,36.0,15.0,13.0,0.0,1.0,1.0,3.0,80.0,41.0,24.0,17.0,13.0,3.0,9.0
2011-560,US Open,Hard,128,G,O,20110829,48,MC10,4.0,,Andy Murray,R,191.0,GBR,24.29,4.0,6535.0,D616,,,Somdev Devvarman,R,180.0,IND,26.538,64.0,718.0,7-6(5) 6-2 6-3,5,R128,147.0,8.0,3.0,89.0,54.0,42.0,17.0,14.0,5.0,8.0,1.0,4.0,115.0,77.0,42.0,17.0,15.0,7.0,14.0
2011-560,US Open,Hard,128,G,O,20110829,49,F401,5.0,,David Ferrer,R,175.0,ESP,29.407,5.0,4200.0,A511,,,Igor Andreev,R,185.0,RUS,28.126,78.0,666.0,2-6 6-3 6-0 6-4,5,R128,145.0,4.0,6.0,103.0,59.0,46.0,23.0,17.0,2.0,4.0,3.0,3.0,99.0,56.0,38.0,20.0,16.0,1.0,6.0
2011-560,US Open,Hard,128,G,O,20110829,50,B676,,,James Blake,R,185.0,USA,31.669,63.0,719.0,H704,,Q,Jesse Huta Galung,R,,NED,25.895,160.0,337.0,6-4 6-2 4-6 6-4,5,R128,141.0,12.0,8.0,109.0,65.0,52.0,20.0,19.0,6.0,10.0,7.0,6.0,115.0,52.0,35.0,28.0,19.0,6.0,13.0
2011-560,US Open,Hard,128,G,O,20110829,51,L386,,Q,Jean-Rene Lisnard,R,173.0,MON,31.926,542.0,50.0,R397,,,Olivier Rochus,R,168.0,BEL,30.609,77.0,669.0,7-6(5) 6-2 6-4,5,R128,171.0,7.0,4.0,123.0,70.0,45.0,24.0,15.0,10.0,15.0,5.0,6.0,117.0,71.0,44.0,17.0,15.0,9.0,17.0
2011-560,US Open,Hard,128,G,O,20110829,52,MB02,26.0,,Florian Mayer,R,191.0,GER,27.899,27.0,1405.0,ME82,,,Adrian Mannarino,L,180.0,FRA,23.165,58.0,775.0,6-2 6-0 6-1,5,R128,76.0,3.0,1.0,54.0,32.0,29.0,13.0,10.0,2.0,2.0,1.0,6.0,69.0,30.0,15.0,14.0,11.0,6.0,14.0
2011-560,US Open,Hard,128,G,O,20110829,53,R485,21.0,,Andy Roddick,R,188.0,USA,28.997,21.0,1680.0,R368,,,Michael Russell,R,173.0,USA,33.328,96.0,568.0,6-2 6-4 4-6 7-5,5,R128,177.0,14.0,4.0,118.0,81.0,56.0,22.0,20.0,3.0,6.0,0.0,8.0,113.0,68.0,42.0,24.0,20.0,4.0,10.0
2011-560,US Open,Hard,128,G,O,20110829,54,SM25,,WC,Jack Sock,R,191.0,USA,18.927,555.0,47.0,G436,,,Marc Gicquel,R,188.0,FRA,34.415,97.0,562.0,6-4 6-3 1-6 6-4,5,R128,147.0,13.0,6.0,107.0,61.0,47.0,24.0,18.0,3.0,6.0,7.0,8.0,111.0,54.0,44.0,27.0,18.0,4.0,8.0
2011-560,US Open,Hard,128,G,O,20110829,55,I165,,,Denis Istomin,R,185.0,UZB,24.975,95.0,570.0,SG87,,,Ryan Sweeting,R,196.0,USA,24.126,69.0,708.0,3-6 7-5 6-4 7-6(4),5,R128,167.0,9.0,0.0,137.0,78.0,53.0,32.0,22.0,5.0,11.0,3.0,10.0,140.0,77.0,53.0,29.0,21.0,12.0,18.0
2011-560,US Open,Hard,128,G,O,20110829,56,B747,,WC,Julien Benneteau,R,185.0,FRA,29.689,81.0,633.0,A479,10.0,,Nicolas Almagro,R,183.0,ESP,26.021,10.0,2380.0,6-2 6-4 6-3,5,R128,124.0,5.0,3.0,100.0,61.0,44.0,19.0,13.0,12.0,13.0,12.0,2.0,82.0,41.0,28.0,18.0,14.0,4.0,10.0
2011-560,US Open,Hard,128,G,O,20110829,57,G858,,,Ernests Gulbis,R,191.0,LAT,22.995,53.0,840.0,Y061,16.0,,Mikhail Youzhny,R,183.0,RUS,29.177,15.0,1955.0,6-2 6-4 6-4,5,R128,140.0,14.0,5.0,99.0,62.0,48.0,18.0,14.0,10.0,10.0,4.0,3.0,86.0,44.0,31.0,19.0,14.0,3.0,7.0
2011-560,US Open,Hard,128,G,O,20110829,58,MA30,,,Gilles Muller,L,193.0,LUX,28.307,68.0,710.0,R613,,,Edouard Roger-Vasselin,R,185.0,FRA,27.751,110.0,522.0,7-6(5) 6-4 6-4,5,R128,154.0,23.0,8.0,110.0,57.0,50.0,24.0,16.0,6.0,8.0,4.0,4.0,112.0,61.0,39.0,28.0,16.0,7.0,11.0
2011-560,US Open,Hard,128,G,O,20110829,59,K403,,,Igor Kunitsyn,R,180.0,RUS,29.911,62.0,729.0,BC65,,,Matthias Bachinger,R,188.0,GER,24.408,86.0,613.0,2-6 1-6 6-1 6-4 6-4,5,R128,205.0,8.0,4.0,149.0,88.0,54.0,31.0,21.0,6.0,12.0,12.0,5.0,151.0,81.0,57.0,29.0,21.0,7.0,13.0
2011-560,US Open,Hard,128,G,O,20110829,60,M762,17.0,,Jurgen Melzer,L,183.0,AUT,30.27,17.0,1830.0,P487,,,Eric Prodon,R,180.0,FRA,30.171,88.0,602.0,6-2 7-6(4) 6-2,5,R128,114.0,13.0,2.0,91.0,60.0,46.0,12.0,14.0,2.0,5.0,4.0,10.0,97.0,45.0,28.0,19.0,14.0,9.0,15.0
2011-560,US Open,Hard,128,G,O,20110829,61,L360,30.0,,Ivan Ljubicic,R,193.0,CRO,32.446,31.0,1280.0,K834,,,Blaz Kavcic,R,188.0,SLO,24.485,80.0,640.0,7-6(5) 3-6 6-1 7-5,5,R128,175.0,23.0,2.0,120.0,63.0,55.0,34.0,20.0,5.0,6.0,4.0,11.0,137.0,82.0,63.0,25.0,20.0,8.0,11.0
2011-560,US Open,Hard,128,G,O,20110829,62,N301,,,David Nalbandian,R,180.0,ARG,29.656,76.0,670.0,R483,,WC,Bobby Reynolds,R,183.0,USA,29.117,118.0,467.0,4-6 6-3 6-4 6-3,5,R128,180.0,10.0,8.0,130.0,65.0,48.0,39.0,19.0,10.0,11.0,11.0,8.0,135.0,78.0,52.0,29.0,19.0,9.0,13.0
2011-560,US Open,Hard,128,G,O,20110829,63,M873,,,Nicolas Mahut,R,191.0,FRA,29.602,99.0,557.0,F525,,Q,Robert Farah,R,193.0,COL,24.605,277.0,168.0,3-6 6-7(4) 6-2 6-4 6-0,5,R128,190.0,14.0,9.0,137.0,80.0,60.0,32.0,22.0,8.0,11.0,5.0,8.0,147.0,72.0,48.0,38.0,23.0,12.0,20.0
2011-560,US Open,Hard,128,G,O,20110829,64,N409,2.0,,Rafael Nadal,L,185.0,ESP,25.238,2.0,11420.0,G806,,,Andrey Golubev,R,180.0,KAZ,24.104,98.0,560.0,6-3 7-6(1) 7-5,5,R128,169.0,6.0,4.0,94.0,60.0,40.0,16.0,17.0,4.0,10.0,7.0,7.0,122.0,62.0,35.0,24.0,16.0,14.0,22.0
2011-560,US Open,Hard,128,G,O,20110829,65,D643,1.0,,Novak Djokovic,R,188.0,SRB,24.271,1.0,13920.0,B884,,,Carlos Berlocq,R,183.0,ARG,28.567,74.0,672.0,6-0 6-0 6-2,5,R64,90.0,5.0,0.0,56.0,37.0,25.0,12.0,10.0,2.0,4.0,2.0,6.0,67.0,44.0,17.0,5.0,10.0,10.0,20.0
2011-560,US Open,Hard,128,G,O,20110829,66,D402,,,Nikolay Davydenko,R,178.0,RUS,30.24,39.0,1115.0,S843,,,Potito Starace,R,188.0,ITA,30.125,52.0,855.0,6-2 6-4 7-5,5,R64,126.0,0.0,5.0,88.0,65.0,46.0,13.0,15.0,5.0,8.0,5.0,4.0,110.0,63.0,37.0,20.0,15.0,13.0,20.0
2011-560,US Open,Hard,128,G,O,20110829,67,D801,22.0,,Alexandr Dolgopolov,R,180.0,UKR,22.806,23.0,1530.0,C723,,,Flavio Cipolla,R,173.0,ITA,27.858,108.0,527.0,6-0 7-5 2-6 5-7 6-4,5,R64,200.0,13.0,11.0,158.0,68.0,52.0,39.0,24.0,7.0,15.0,0.0,12.0,152.0,89.0,46.0,33.0,24.0,6.0,16.0
2011-560,US Open,Hard,128,G,O,20110829,68,K336,,,Ivo Karlovic,R,211.0,CRO,32.498,94.0,577.0,G628,13.0,,Richard Gasquet,R,183.0,FRA,25.196,13.0,2080.0,6-4 6-2 2-6 7-6(4),5,R64,157.0,29.0,1.0,118.0,84.0,65.0,15.0,19.0,4.0,7.0,8.0,4.0,113.0,63.0,49.0,26.0,19.0,2.0,6.0
2011-560,US Open,Hard,128,G,O,20110829,69,BA47,9.0,,Tomas Berdych,R,196.0,CZE,25.947,9.0,2690.0,F510,,,Fabio Fognini,R,178.0,ITA,24.266,38.0,1150.0,7-5 6-0 6-0,5,R64,103.0,10.0,0.0,71.0,37.0,34.0,18.0,12.0,2.0,2.0,5.0,5.0,78.0,42.0,23.0,16.0,12.0,4.0,11.0
2011-560,US Open,Hard,128,G,O,20110829,70,T742,20.0,,Janko Tipsarevic,R,180.0,SRB,27.184,20.0,1740.0,P624,,,Philipp Petzschner,R,185.0,GER,27.431,67.0,715.0,6-0 6-3 3-6 6-3,5,R64,133.0,12.0,5.0,99.0,57.0,41.0,29.0,17.0,4.0,5.0,10.0,5.0,88.0,41.0,34.0,23.0,16.0,5.0,10.0
2011-560,US Open,Hard,128,G,O,20110829,71,G710,31.0,,Marcel Granollers,R,191.0,ESP,25.38,32.0,1243.0,K926,,,Mikhail Kukushkin,R,183.0,KAZ,23.674,61.0,751.0,7-5 6-3 6-4,5,R64,140.0,6.0,7.0,92.0,55.0,41.0,17.0,16.0,1.0,4.0,2.0,5.0,92.0,44.0,29.0,22.0,15.0,7.0,13.0
2011-560,US Open,Hard,128,G,O,20110829,72,F316,,,Juan Carlos Ferrero,R,183.0,ESP,31.543,105.0,540.0,MC65,7.0,,Gael Monfils,R,193.0,FRA,24.991,7.0,3165.0,7-6(5) 5-7 6-7(5) 6-4 6-4,5,R64,288.0,1.0,8.0,181.0,100.0,68.0,48.0,28.0,6.0,9.0,20.0,10.0,188.0,108.0,77.0,42.0,28.0,11.0,16.0
2011-560,US Open,Hard,128,G,O,20110829,73,F324,3.0,,Roger Federer,R,185.0,SUI,30.056,3.0,8380.0,SC56,,,Dudi Sela,R,175.0,ISR,26.401,93.0,580.0,6-3 6-2 6-2,5,R64,77.0,6.0,1.0,60.0,43.0,38.0,14.0,13.0,0.0,0.0,0.0,1.0,71.0,43.0,25.0,15.0,12.0,6.0,11.0
2011-560,US Open,Hard,128,G,O,20110829,74,C977,27.0,,Marin Cilic,R,198.0,CRO,22.916,28.0,1375.0,TA46,,,Bernard Tomic,R,196.0,AUS,18.853,60.0,752.0,6-1 6-0 6-2,5,R64,80.0,8.0,1.0,54.0,29.0,21.0,21.0,10.0,5.0,5.0,5.0,4.0,75.0,42.0,22.0,9.0,11.0,4.0,12.0
2011-560,US Open,Hard,128,G,O,20110829,75,MA21,,,Juan Monaco,R,185.0,ARG,27.417,36.0,1170.0,S694,23.0,,Radek Stepanek,R,185.0,CZE,32.753,25.0,1440.0,6-4 6-1 2-0 RET,5,R64,103.0,0.0,1.0,54.0,40.0,27.0,9.0,9.0,3.0,4.0,3.0,4.0,78.0,43.0,27.0,11.0,10.0,6.0,12.0
2011-560,US Open,Hard,128,G,O,20110829,76,H355,,,Tommy Haas,R,188.0,GER,33.405,475.0,70.0,F444,,,Alejandro Falla,L,185.0,COL,27.789,119.0,462.0,7-6(5) 6-1 7-5,5,R64,136.0,5.0,6.0,96.0,55.0,43.0,22.0,15.0,3.0,5.0,9.0,3.0,111.0,55.0,35.0,27.0,16.0,5.0,11.0
2011-560,US Open,Hard,128,G,O,20110829,77,T786,11.0,,Jo-Wilfried Tsonga,R,188.0,FRA,26.366,11.0,2350.0,BC11,,Q,Sergei Bubka,R,188.0,UKR,24.548,207.0,247.0,6-3 7-5 6-2,5,R64,105.0,5.0,4.0,90.0,48.0,38.0,23.0,15.0,1.0,2.0,4.0,1.0,75.0,42.0,32.0,12.0,14.0,2.0,7.0
2011-560,US Open,Hard,128,G,O,20110829,78,V306,19.0,,Fernando Verdasco,L,188.0,ESP,27.786,19.0,1785.0,K771,,Q,Marsel Ilhan,R,191.0,TUR,24.216,101.0,545.0,6-4 6-3 6-1,5,R64,99.0,10.0,3.0,63.0,38.0,33.0,17.0,13.0,0.0,1.0,3.0,3.0,87.0,54.0,34.0,13.0,13.0,4.0,10.0
2011-560,US Open,Hard,128,G,O,20110829,79,A678,,,Kevin Anderson,R,203.0,RSA,25.281,34.0,1200.0,L428,29.0,,Michael Llodra,L,191.0,FRA,31.28,30.0,1280.0,6-1 6-2 6-2,5,R64,93.0,14.0,1.0,63.0,53.0,42.0,8.0,12.0,1.0,1.0,2.0,6.0,82.0,39.0,23.0,16.0,11.0,7.0,13.0
2011-560,US Open,Hard,128,G,O,20110829,80,F339,8.0,,Mardy Fish,R,188.0,USA,29.719,8.0,2820.0,J267,,Q,Malek Jaziri,R,185.0,TUN,27.606,181.0,297.0,6-2 6-2 6-4,5,R64,113.0,7.0,3.0,84.0,44.0,33.0,26.0,13.0,2.0,2.0,4.0,7.0,95.0,50.0,30.0,21.0,13.0,11.0,16.0
2011-560,US Open,Hard,128,G,O,20110829,81,B842,,,Alex Bogomolov Jr.,R,178.0,RUS,28.35,44.0,985.0,SC73,,LL,Rogerio Dutra Silva,R,178.0,BRA,27.562,114.0,482.0,6-4 6-3 7-5,5,R64,158.0,0.0,3.0,107.0,83.0,57.0,11.0,16.0,5.0,7.0,3.0,1.0,101.0,46.0,29.0,28.0,15.0,7.0,12.0
2011-560,US Open,Hard,128,G,O,20110829,82,I186,28.0,,John Isner,R,208.0,USA,26.341,22.0,1545.0,G569,,WC,Robby Ginepri,R,183.0,USA,28.893,363.0,115.0,6-4 6-3 6-4,5,R64,108.0,20.0,0.0,85.0,58.0,50.0,16.0,15.0,2.0,2.0,4.0,4.0,76.0,43.0,29.0,21.0,14.0,1.0,4.0
2011-560,US Open,Hard,128,G,O,20110829,83,D683,18.0,,Juan Martin del Potro,R,198.0,ARG,22.93,18.0,1800.0,J214,,,Diego Junqueira,L,178.0,ARG,30.667,104.0,542.0,6-2 6-1 7-5,5,R64,131.0,9.0,2.0,80.0,55.0,40.0,15.0,14.0,2.0,4.0,0.0,1.0,92.0,73.0,32.0,12.0,13.0,7.0,14.0
2011-560,US Open,Hard,128,G,O,20110829,84,SD32,12.0,,Gilles Simon,R,183.0,FRA,26.669,12.0,2325.0,G476,,,Guillermo Garcia-Lopez,R,185.0,ESP,28.235,37.0,1165.0,6-4 6-7(4) 7-5 6-3,5,R64,219.0,11.0,3.0,134.0,75.0,57.0,31.0,21.0,4.0,6.0,2.0,9.0,142.0,78.0,52.0,30.0,22.0,6.0,13.0
2011-560,US Open,Hard,128,G,O,20110829,85,Y124,,WC,Donald Young,L,183.0,USA,22.1,84.0,620.0,W367,14.0,,Stan Wawrinka,R,183.0,SUI,26.42,14.0,2035.0,7-6(7) 3-6 2-6 6-3 7-6(1),5,R64,260.0,0.0,9.0,170.0,102.0,63.0,34.0,25.0,10.0,20.0,8.0,7.0,181.0,108.0,71.0,31.0,25.0,7.0,15.0
2011-560,US Open,Hard,128,G,O,20110829,86,C514,24.0,,Juan Ignacio Chela,R,191.0,ARG,31.997,24.0,1440.0,D632,,,Steve Darcis,R,175.0,BEL,27.461,102.0,542.0,6-2 6-4 6-4,5,R64,115.0,3.0,0.0,76.0,40.0,32.0,24.0,14.0,2.0,3.0,4.0,3.0,95.0,48.0,34.0,21.0,14.0,7.0,12.0
2011-560,US Open,Hard,128,G,O,20110829,87,L397,25.0,,Feliciano Lopez,L,188.0,ESP,29.938,26.0,1415.0,PD07,,Q,Vasek Pospisil,R,193.0,CAN,21.183,143.0,382.0,5-7 6-4 7-6(3) 7-6(5),5,R64,202.0,21.0,7.0,146.0,84.0,71.0,32.0,23.0,4.0,7.0,19.0,8.0,158.0,84.0,61.0,44.0,23.0,8.0,11.0
2011-560,US Open,Hard,128,G,O,20110829,88,MC10,4.0,,Andy Murray,R,191.0,GBR,24.29,4.0,6535.0,H756,,,Robin Haase,R,191.0,NED,24.397,41.0,1016.0,6-7(5) 2-6 6-2 6-0 6-4,5,R64,203.0,21.0,8.0,145.0,80.0,62.0,26.0,22.0,14.0,20.0,6.0,7.0,148.0,88.0,54.0,25.0,22.0,6.0,16.0
2011-560,US Open,Hard,128,G,O,20110829,89,F401,5.0,,David Ferrer,R,175.0,ESP,29.407,5.0,4200.0,B676,,,James Blake,R,185.0,USA,31.669,63.0,719.0,6-4 6-3 6-4,5,R64,114.0,0.0,1.0,91.0,60.0,41.0,19.0,15.0,7.0,9.0,1.0,5.0,89.0,51.0,37.0,16.0,14.0,7.0,13.0
2011-560,US Open,Hard,128,G,O,20110829,90,MB02,26.0,,Florian Mayer,R,191.0,GER,27.899,27.0,1405.0,L386,,Q,Jean-Rene Lisnard,R,173.0,MON,31.926,542.0,50.0,6-2 7-5 6-2,5,R64,111.0,6.0,5.0,81.0,42.0,34.0,21.0,14.0,5.0,7.0,3.0,5.0,87.0,37.0,26.0,18.0,14.0,8.0,15.0
2011-560,US Open,Hard,128,G,O,20110829,91,R485,21.0,,Andy Roddick,R,188.0,USA,28.997,21.0,1680.0,SM25,,WC,Jack Sock,R,191.0,USA,18.927,555.0,47.0,6-3 6-3 6-4,5,R64,120.0,11.0,1.0,84.0,60.0,44.0,16.0,14.0,6.0,7.0,9.0,2.0,79.0,46.0,31.0,13.0,14.0,0.0,5.0
2011-560,US Open,Hard,128,G,O,20110829,92,B747,,WC,Julien Benneteau,R,185.0,FRA,29.689,81.0,633.0,I165,,,Denis Istomin,R,185.0,UZB,24.975,95.0,570.0,6-4 6-4 6-4,5,R64,136.0,3.0,8.0,99.0,61.0,43.0,17.0,15.0,3.0,6.0,7.0,2.0,94.0,53.0,36.0,18.0,15.0,5.0,11.0
2011-560,US Open,Hard,128,G,O,20110829,93,MA30,,,Gilles Muller,L,193.0,LUX,28.307,68.0,710.0,G858,,,Ernests Gulbis,R,191.0,LAT,22.995,53.0,840.0,3-6 7-6(4) 6-4 7-6(5),5,R64,228.0,19.0,10.0,158.0,84.0,69.0,35.0,22.0,10.0,14.0,19.0,14.0,140.0,84.0,69.0,25.0,21.0,5.0,8.0
2011-560,US Open,Hard,128,G,O,20110829,94,K403,,,Igor Kunitsyn,R,180.0,RUS,29.911,62.0,729.0,M762,17.0,,Jurgen Melzer,L,183.0,AUT,30.27,17.0,1830.0,3-6 6-3 1-6 6-2 7-6(5),5,R64,207.0,6.0,4.0,167.0,94.0,59.0,32.0,23.0,13.0,21.0,8.0,9.0,135.0,66.0,48.0,31.0,22.0,5.0,12.0
2011-560,US Open,Hard,128,G,O,20110829,95,N301,,,David Nalbandian,R,180.0,ARG,29.656,76.0,670.0,L360,30.0,,Ivan Ljubicic,R,193.0,CRO,32.446,31.0,1280.0,6-4 1-6 6-3 6-2,5,R64,144.0,5.0,6.0,93.0,55.0,37.0,23.0,17.0,2.0,6.0,15.0,8.0,115.0,51.0,42.0,22.0,17.0,10.0,16.0
2011-560,US Open,Hard,128,G,O,20110829,96,N409,2.0,,Rafael Nadal,L,185.0,ESP,25.238,2.0,11420.0,M873,,,Nicolas Mahut,R,191.0,FRA,29.602,99.0,557.0,6-2 6-2 RET,5,R64,81.0,3.0,1.0,49.0,34.0,28.0,8.0,8.0,4.0,4.0,2.0,5.0,65.0,36.0,21.0,11.0,9.0,2.0,6.0
2011-560,US Open,Hard,128,G,O,20110829,97,D643,1.0,,Novak Djokovic,R,188.0,SRB,24.271,1.0,13920.0,D402,,,Nikolay Davydenko,R,178.0,RUS,30.24,39.0,1115.0,6-3 6-4 6-2,5,R32,127.0,4.0,0.0,80.0,49.0,37.0,20.0,14.0,1.0,2.0,1.0,2.0,81.0,59.0,33.0,10.0,13.0,7.0,12.0
2011-560,US Open,Hard,128,G,O,20110829,98,D801,22.0,,Alexandr Dolgopolov,R,180.0,UKR,22.806,23.0,1530.0,K336,,,Ivo Karlovic,R,211.0,CRO,32.498,94.0,577.0,6-7(4) 6-2 6-4 6-4,5,R32,161.0,22.0,1.0,110.0,58.0,48.0,30.0,20.0,3.0,5.0,23.0,4.0,129.0,80.0,62.0,19.0,20.0,8.0,14.0
2011-560,US Open,Hard,128,G,O,20110829,99,T742,20.0,,Janko Tipsarevic,R,180.0,SRB,27.184,20.0,1740.0,BA47,9.0,,Tomas Berdych,R,196.0,CZE,25.947,9.0,2690.0,6-4 5-0 RET,5,R32,70.0,4.0,1.0,45.0,25.0,17.0,13.0,7.0,0.0,0.0,0.0,3.0,45.0,23.0,13.0,9.0,8.0,0.0,4.0
2011-560,US Open,Hard,128,G,O,20110829,100,F316,,,Juan Carlos Ferrero,R,183.0,ESP,31.543,105.0,540.0,G710,31.0,,Marcel Granollers,R,191.0,ESP,25.38,32.0,1243.0,6-1 4-3 RET,5,R32,51.0,3.0,1.0,41.0,31.0,25.0,5.0,7.0,1.0,1.0,1.0,1.0,39.0,26.0,16.0,5.0,7.0,1.0,4.0
2011-560,US Open,Hard,128,G,O,20110829,101,F324,3.0,,Roger Federer,R,185.0,SUI,30.056,3.0,8380.0,C977,27.0,,Marin Cilic,R,198.0,CRO,22.916,28.0,1375.0,6-3 4-6 6-4 6-2,5,R32,160.0,6.0,3.0,108.0,63.0,47.0,28.0,19.0,7.0,9.0,12.0,5.0,119.0,57.0,39.0,32.0,18.0,8.0,14.0
2011-560,US Open,Hard,128,G,O,20110829,102,MA21,,,Juan Monaco,R,185.0,ARG,27.417,36.0,1170.0,H355,,,Tommy Haas,R,188.0,GER,33.405,475.0,70.0,6-7(3) 6-3 6-2 6-3,5,R32,189.0,6.0,4.0,125.0,84.0,61.0,24.0,19.0,2.0,4.0,7.0,6.0,139.0,80.0,57.0,22.0,19.0,10.0,17.0
2011-560,US Open,Hard,128,G,O,20110829,103,T786,11.0,,Jo-Wilfried Tsonga,R,188.0,FRA,26.366,11.0,2350.0,V306,19.0,,Fernando Verdasco,L,188.0,ESP,27.786,19.0,1785.0,6-3 7-5 6-4,5,R32,126.0,11.0,2.0,91.0,54.0,44.0,19.0,16.0,2.0,4.0,4.0,3.0,81.0,65.0,44.0,4.0,15.0,3.0,8.0
2011-560,US Open,Hard,128,G,O,20110829,104,F339,8.0,,Mardy Fish,R,188.0,USA,29.719,8.0,2820.0,A678,,,Kevin Anderson,R,203.0,RSA,25.281,34.0,1200.0,6-4 7-6(4) 7-6(3),5,R32,200.0,12.0,2.0,127.0,69.0,48.0,35.0,17.0,7.0,9.0,6.0,4.0,121.0,75.0,45.0,28.0,17.0,10.0,13.0
2011-560,US Open,Hard,128,G,O,20110829,105,I186,28.0,,John Isner,R,208.0,USA,26.341,22.0,1545.0,B842,,,Alex Bogomolov Jr.,R,178.0,RUS,28.35,44.0,985.0,7-6(9) 6-4 6-4,5,R32,153.0,19.0,3.0,101.0,72.0,61.0,17.0,16.0,8.0,8.0,3.0,6.0,114.0,76.0,56.0,20.0,16.0,6.0,8.0
2011-560,US Open,Hard,128,G,O,20110829,106,SD32,12.0,,Gilles Simon,R,183.0,FRA,26.669,12.0,2325.0,D683,18.0,,Juan Martin del Potro,R,198.0,ARG,22.93,18.0,1800.0,4-6 7-6(5) 6-2 7-6(3),5,R32,237.0,11.0,4.0,151.0,90.0,70.0,31.0,21.0,12.0,14.0,3.0,5.0,152.0,89.0,64.0,32.0,21.0,9.0,12.0
2011-560,US Open,Hard,128,G,O,20110829,107,Y124,,WC,Donald Young,L,183.0,USA,22.1,84.0,620.0,C514,24.0,,Juan Ignacio Chela,R,191.0,ARG,31.997,24.0,1440.0,7-5 6-4 6-3,5,R32,135.0,4.0,3.0,89.0,63.0,47.0,16.0,16.0,5.0,7.0,1.0,1.0,107.0,64.0,38.0,22.0,15.0,5.0,10.0
2011-560,US Open,Hard,128,G,O,20110829,108,MC10,4.0,,Andy Murray,R,191.0,GBR,24.29,4.0,6535.0,L397,25.0,,Feliciano Lopez,L,188.0,ESP,29.938,26.0,1415.0,6-1 6-4 6-2,5,R32,114.0,3.0,0.0,74.0,55.0,41.0,15.0,13.0,2.0,2.0,5.0,8.0,81.0,36.0,24.0,18.0,12.0,8.0,13.0
2011-560,US Open,Hard,128,G,O,20110829,109,F401,5.0,,David Ferrer,R,175.0,ESP,29.407,5.0,4200.0,MB02,26.0,,Florian Mayer,R,191.0,GER,27.899,27.0,1405.0,6-1 6-2 7-6(2),5,R32,107.0,5.0,4.0,93.0,52.0,40.0,24.0,14.0,3.0,4.0,6.0,3.0,76.0,44.0,31.0,13.0,13.0,3.0,8.0
2011-560,US Open,Hard,128,G,O,20110829,110,R485,21.0,,Andy Roddick,R,188.0,USA,28.997,21.0,1680.0,B747,,WC,Julien Benneteau,R,185.0,FRA,29.689,81.0,633.0,6-1 6-4 7-6(5),5,R32,128.0,21.0,0.0,91.0,60.0,49.0,21.0,15.0,3.0,3.0,17.0,4.0,97.0,60.0,44.0,18.0,14.0,9.0,12.0
2011-560,US Open,Hard,128,G,O,20110829,111,MA30,,,Gilles Muller,L,193.0,LUX,28.307,68.0,710.0,K403,,,Igor Kunitsyn,R,180.0,RUS,29.911,62.0,729.0,6-1 6-4 6-4,5,R32,115.0,22.0,4.0,86.0,45.0,39.0,24.0,14.0,4.0,4.0,2.0,4.0,81.0,38.0,28.0,20.0,13.0,5.0,9.0
2011-560,US Open,Hard,128,G,O,20110829,112,N409,2.0,,Rafael Nadal,L,185.0,ESP,25.238,2.0,11420.0,N301,,,David Nalbandian,R,180.0,ARG,29.656,76.0,670.0,7-6(5) 6-1 7-5,5,R32,159.0,2.0,4.0,102.0,79.0,55.0,10.0,15.0,5.0,8.0,6.0,7.0,91.0,48.0,30.0,17.0,16.0,4.0,10.0
2011-560,US Open,Hard,128,G,O,20110829,113,D643,1.0,,Novak Djokovic,R,188.0,SRB,24.271,1.0,13920.0,D801,22.0,,Alexandr Dolgopolov,R,180.0,UKR,22.806,23.0,1530.0,7-6(14) 6-4 6-2,5,R16,146.0,2.0,3.0,105.0,69.0,52.0,19.0,15.0,4.0,6.0,5.0,5.0,94.0,41.0,32.0,22.0,15.0,2.0,7.0
2011-560,US Open,Hard,128,G,O,20110829,114,T742,20.0,,Janko Tipsarevic,R,180.0,SRB,27.184,20.0,1740.0,F316,,,Juan Carlos Ferrero,R,183.0,ESP,31.543,105.0,540.0,7-5 6-7(3) 7-5 6-2,5,R16,223.0,20.0,3.0,128.0,81.0,61.0,35.0,22.0,2.0,2.0,8.0,8.0,152.0,86.0,63.0,33.0,22.0,6.0,10.0
2011-560,US Open,Hard,128,G,O,20110829,115,F324,3.0,,Roger Federer,R,185.0,SUI,30.056,3.0,8380.0,MA21,,,Juan Monaco,R,185.0,ARG,27.417,36.0,1170.0,6-1 6-2 6-0,5,R16,82.0,14.0,1.0,59.0,39.0,33.0,13.0,11.0,0.0,0.0,1.0,2.0,68.0,45.0,18.0,11.0,10.0,7.0,14.0
2011-560,US Open,Hard,128,G,O,20110829,116,T786,11.0,,Jo-Wilfried Tsonga,R,188.0,FRA,26.366,11.0,2350.0,F339,8.0,,Mardy Fish,R,188.0,USA,29.719,8.0,2820.0,6-4 6-7(5) 3-6 6-4 6-2,5,R16,225.0,12.0,3.0,164.0,95.0,70.0,41.0,25.0,6.0,8.0,3.0,4.0,138.0,85.0,62.0,31.0,24.0,2.0,6.0
2011-560,US Open,Hard,128,G,O,20110829,117,I186,28.0,,John Isner,R,208.0,USA,26.341,22.0,1545.0,SD32,12.0,,Gilles Simon,R,183.0,FRA,26.669,12.0,2325.0,7-6(2) 3-6 7-6(2) 7-6(4),5,R16,219.0,26.0,5.0,158.0,100.0,67.0,34.0,22.0,7.0,12.0,6.0,1.0,148.0,102.0,74.0,24.0,23.0,5.0,9.0
2011-560,US Open,Hard,128,G,O,20110829,118,MC10,4.0,,Andy Murray,R,191.0,GBR,24.29,4.0,6535.0,Y124,,WC,Donald Young,L,183.0,USA,22.1,84.0,620.0,6-2 6-3 6-3,5,R16,118.0,5.0,3.0,74.0,35.0,24.0,22.0,13.0,2.0,5.0,2.0,5.0,78.0,46.0,22.0,12.0,13.0,3.0,11.0
2011-560,US Open,Hard,128,G,O,20110829,119,R485,21.0,,Andy Roddick,R,188.0,USA,28.997,21.0,1680.0,F401,5.0,,David Ferrer,R,175.0,ESP,29.407,5.0,4200.0,6-3 6-4 3-6 6-3,5,R16,160.0,19.0,2.0,112.0,77.0,55.0,24.0,19.0,7.0,9.0,12.0,4.0,104.0,58.0,41.0,26.0,18.0,3.0,7.0
2011-560,US Open,Hard,128,G,O,20110829,120,N409,2.0,,Rafael Nadal,L,185.0,ESP,25.238,2.0,11420.0,MA30,,,Gilles Muller,L,193.0,LUX,28.307,68.0,710.0,7-6(1) 6-1 6-2,5,R16,128.0,5.0,4.0,74.0,54.0,44.0,11.0,14.0,0.0,2.0,11.0,1.0,92.0,50.0,33.0,14.0,13.0,6.0,12.0
2011-560,US Open,Hard,128,G,O,20110829,121,D643,1.0,,Novak Djokovic,R,188.0,SRB,24.271,1.0,13920.0,T742,20.0,,Janko Tipsarevic,R,180.0,SRB,27.184,20.0,1740.0,7-6(2) 6-7(3) 6-0 3-0 RET,5,QF,207.0,8.0,2.0,126.0,82.0,53.0,22.0,17.0,9.0,13.0,10.0,5.0,108.0,71.0,46.0,8.0,17.0,5.0,13.0
2011-560,US Open,Hard,128,G,O,20110829,122,F324,3.0,,Roger Federer,R,185.0,SUI,30.056,3.0,8380.0,T786,11.0,,Jo-Wilfried Tsonga,R,188.0,FRA,26.366,11.0,2350.0,6-4 6-3 6-3,5,QF,113.0,5.0,2.0,86.0,61.0,47.0,11.0,14.0,1.0,3.0,5.0,2.0,85.0,45.0,31.0,16.0,14.0,7.0,13.0
2011-560,US Open,Hard,128,G,O,20110829,123,MC10,4.0,,Andy Murray,R,191.0,GBR,24.29,4.0,6535.0,I186,28.0,,John Isner,R,208.0,USA,26.341,22.0,1545.0,7-5 6-4 3-6 7-6(2),5,QF,204.0,14.0,2.0,128.0,87.0,68.0,26.0,21.0,5.0,6.0,17.0,5.0,135.0,91.0,67.0,22.0,22.0,3.0,5.0
2011-560,US Open,Hard,128,G,O,20110829,124,N409,2.0,,Rafael Nadal,L,185.0,ESP,25.238,2.0,11420.0,R485,21.0,,Andy Roddick,R,188.0,USA,28.997,21.0,1680.0,6-2 6-1 6-3,5,QF,113.0,6.0,1.0,67.0,46.0,38.0,12.0,12.0,4.0,4.0,9.0,3.0,68.0,40.0,25.0,9.0,12.0,1.0,7.0
2011-560,US Open,Hard,128,G,O,20110829,125,D643,1.0,,Novak Djokovic,R,188.0,SRB,24.271,1.0,13920.0,F324,3.0,,Roger Federer,R,185.0,SUI,30.056,3.0,8380.0,6-7(7) 4-6 6-3 6-2 7-5,5,SF,231.0,8.0,6.0,140.0,82.0,68.0,32.0,26.0,2.0,5.0,11.0,4.0,164.0,101.0,68.0,35.0,25.0,6.0,12.0
2011-560,US Open,Hard,128,G,O,20110829,126,N409,2.0,,Rafael Nadal,L,185.0,ESP,25.238,2.0,11420.0,MC10,4.0,,Andy Murray,R,191.0,GBR,24.29,4.0,6535.0,6-4 6-2 3-6 6-2,5,SF,204.0,3.0,1.0,111.0,75.0,54.0,20.0,17.0,8.0,10.0,8.0,2.0,121.0,65.0,43.0,26.0,18.0,12.0,18.0
2011-560,US Open,Hard,128,G,O,20110829,127,D643,1.0,,Novak Djokovic,R,188.0,SRB,24.271,1.0,13920.0,N409,2.0,,Rafael Nadal,L,185.0,ESP,25.238,2.0,11420.0,6-2 6-4 6-7(3) 6-1,5,F,250.0,7.0,1.0,127.0,84.0,55.0,19.0,19.0,8.0,14.0,2.0,3.0,141.0,96.0,50.0,19.0,18.0,15.0,27.0
2011-D037,Davis Cup G1 PO: ECU vs MEX,Clay,4,D,,20110916,1,C775,,,Julio Cesar Campozano,R,,ECU,25.624,339.0,128.0,G510,,,Miguel Gallardo-Valles,R,,MEX,30.439,420.0,91.0,6-2 4-6 6-3 6-2,5,RR,,,,,,,,,,,,,,,,,,,
2011-D037,Davis Cup G1 PO: ECU vs MEX,Clay,4,D,,20110916,2,E701,,,Ivan Endara,R,,ECU,23.535,458.0,78.0,G714,,,Daniel Garza,R,,MEX,26.439,356.0,121.0,6-7(4) 7-6(0) 6-4 2-6 6-4,5,RR,,,,,,,,,,,,,,,,,,,
2011-D037,Davis Cup G1 PO: ECU vs MEX,Clay,4,D,,20110916,3,C775,,,Julio Cesar Campozano,R,,ECU,25.624,339.0,128.0,G714,,,Daniel Garza,R,,MEX,26.439,356.0,121.0,6-0 6-3 6-1,5,RR,,,,,,,,,,,,,,,,,,,
2011-D037,Davis Cup G1 PO: ECU vs MEX,Clay,4,D,,20110916,4,G510,,,Miguel Gallardo-Valles,R,,MEX,30.439,420.0,91.0,V628,,,Juan-Sebastian Vivanco,,,ECU,21.424,,,6-3 6-3,3,RR,,,,,,,,,,,,,,,,,,,
2011-D042,Davis Cup WG SF: SRB vs ARG,Hard,4,D,,20110916,1,N301,,,David Nalbandian,R,180.0,ARG,29.706,74.0,670.0,T840,,,Viktor Troicki,R,193.0,SRB,25.596,16.0,1935.0,6-4 4-6 6-2 6-3,5,RR,,,,,,,,,,,,,,,,,,,
2011-D042,Davis Cup WG SF: SRB vs ARG,Hard,4,D,,20110916,2,D683,,,Juan Martin del Potro,R,198.0,ARG,22.979,17.0,1890.0,T742,,,Janko Tipsarevic,R,180.0,SRB,27.233,13.0,2010.0,7-5 6-3 6-4,5,RR,,,,,,,,,,,,,,,,,,,
2011-D042,Davis Cup WG SF: SRB vs ARG,Hard,4,D,,20110916,3,D683,,,Juan Martin del Potro,R,198.0,ARG,22.979,17.0,1890.0,D643,,,Novak Djokovic,R,188.0,SRB,24.32,1.0,14720.0,7-6(5) 3-0 RET,5,RR,,,,,,,,,,,,,,,,,,,
2011-D042,Davis Cup WG SF: SRB vs ARG,Hard,4,D,,20110916,4,T742,,,Janko Tipsarevic,R,180.0,SRB,27.233,13.0,2010.0,MA21,,,Juan Monaco,R,185.0,ARG,27.466,27.0,1340.0,6-2 RET,5,RR,,,,,,,,,,,,,,,,,,,
2011-D043,Davis Cup WG SF: ESP vs FRA,Clay,4,D,,20110916,1,N409,,,Rafael Nadal,L,185.0,ESP,25.287,2.0,10620.0,G628,,,Richard Gasquet,R,183.0,FRA,25.246,15.0,1945.0,6-3 6-0 6-1,5,RR,,,,,,,,,,,,,,,,,,,
2011-D043,Davis Cup WG SF: ESP vs FRA,Clay,4,D,,20110916,2,F401,,,David Ferrer,R,175.0,ESP,29.457,5.0,4200.0,SD32,,,Gilles Simon,R,183.0,FRA,26.719,11.0,2415.0,6-1 6-4 6-1,5,RR,,,,,,,,,,,,,,,,,,,
2011-D043,Davis Cup WG SF: ESP vs FRA,Clay,4,D,,20110916,3,N409,,,Rafael Nadal,L,185.0,ESP,25.287,2.0,10620.0,T786,,,Jo-Wilfried Tsonga,R,188.0,FRA,26.415,10.0,2710.0,6-0 6-2 6-4,5,RR,,,,,,,,,,,,,,,,,,,
2011-D043,Davis Cup WG SF: ESP vs FRA,Clay,4,D,,20110916,4,V306,,,Fernando Verdasco,L,188.0,ESP,27.836,22.0,1515.0,G628,,,Richard Gasquet,R,183.0,FRA,25.246,15.0,1945.0,6-2 6-1,3,RR,,,,,,,,,,,,,,,,,,,
2011-D045,Davis Cup WG PO: ROU vs CZE,Clay,4,D,,20110916,1,S694,,,Radek Stepanek,R,185.0,CZE,32.802,25.0,1475.0,U061,,,Adrian Ungur,R,178.0,ROU,26.648,129.0,426.0,6-3 6-2 6-0,5,RR,,,,,,,,,,,,,,,,,,,
2011-D045,Davis Cup WG PO: ROU vs CZE,Clay,4,D,,20110916,2,BA47,,,Tomas Berdych,R,196.0,CZE,25.996,9.0,2770.0,C856,,,Victor Crivoi,R,185.0,ROU,29.311,209.0,251.0,6-3 6-3 7-6(4),5,RR,,,,,,,,,,,,,,,,,,,
2011-D045,Davis Cup WG PO: ROU vs CZE,Clay,4,D,,20110916,3,R685,,,Lukas Rosol,R,193.0,CZE,26.146,69.0,693.0,CA99,,,Marius Copil,R,191.0,ROU,20.914,231.0,211.0,6-4 7-6(2),3,RR,,,,,,,,,,,,,,,,,,,
2011-D045,Davis Cup WG PO: ROU vs CZE,Clay,4,D,,20110916,4,H571,,,Jan Hajek,R,180.0,CZE,28.11,150.0,370.0,C856,,,Victor Crivoi,R,185.0,ROU,29.311,209.0,251.0,6-1 6-4,3,RR,,,,,,,,,,,,,,,,,,,
2011-D046,Davis Cup WG PO: RUS vs BRA,Hard,4,D,,20110916,1,Y061,,,Mikhail Youzhny,R,183.0,RUS,29.227,32.0,1245.0,M708,,,Ricardo Mello,L,175.0,BRA,30.735,120.0,448.0,6-0 6-2 6-1,5,RR,,,,,,,,,,,,,,,,,,,
2011-D046,Davis Cup WG PO: RUS vs BRA,Hard,4,D,,20110916,2,BD20,,,Thomaz Bellucci,L,188.0,BRA,23.713,38.0,1145.0,A511,,,Igor Andreev,R,185.0,RUS,28.175,81.0,631.0,6-4 6-3 6-3,5,RR,,,,,,,,,,,,,,,,,,,
2011-D046,Davis Cup WG PO: RUS vs BRA,Hard,4,D,,20110916,3,Y061,,,Mikhail Youzhny,R,183.0,RUS,29.227,32.0,1245.0,BD20,,,Thomaz Bellucci,L,188.0,BRA,23.713,38.0,1145.0,2-6 6-3 5-7 6-4 14-12,5,RR,,,,,,,,,,,,,,,,,,,
2011-D046,Davis Cup WG PO: RUS vs BRA,Hard,4,D,,20110916,4,T315,,,Dmitry Tursunov,R,185.0,RUS,28.761,41.0,994.0,M708,,,Ricardo Mello,L,175.0,BRA,30.735,120.0,448.0,6-1 7-6(5) 2-6 6-3,5,RR,,,,,,,,,,,,,,,,,,,
2011-D047,Davis Cup WG PO: ISR vs CAN,Hard,4,D,,20110916,1,PD07,,,Vasek Pospisil,R,193.0,CAN,21.232,124.0,434.0,SC56,,,Dudi Sela,R,175.0,ISR,26.45,96.0,580.0,7-6(4) 6-7(6) 6-1 6-7(2) 6-3,5,RR,,,,,,,,,,,,,,,,,,,
2011-D047,Davis Cup WG PO: ISR vs CAN,Hard,4,D,,20110916,2,W471,,,Amir Weintraub,R,185.0,ISR,24.999,182.0,289.0,R975,,,Milos Raonic,R,196.0,CAN,20.72,31.0,1277.0,5-7 7-5 6-3 6-1,5,RR,,,,,,,,,,,,,,,,,,,
2011-D047,Davis Cup WG PO: ISR vs CAN,Hard,4,D,,20110916,3,SC56,,,Dudi Sela,R,175.0,ISR,26.45,96.0,580.0,PB22,,,Peter Polansky,R,183.0,CAN,23.253,573.0,44.0,6-3 6-3 6-3,5,RR,,,,,,,,,,,,,,,,,,,
2011-D047,Davis Cup WG PO: ISR vs CAN,Hard,4,D,,20110916,4,PD07,,,Vasek Pospisil,R,193.0,CAN,21.232,124.0,434.0,W471,,,Amir Weintraub,R,185.0,ISR,24.999,182.0,289.0,6-2 7-6(3) 6-4,5,RR,,,,,,,,,,,,,,,,,,,
2011-D048,Davis Cup WG PO: RSA vs CRO,Hard,4,D,,20110916,1,A678,,,Kevin Anderson,R,203.0,RSA,25.331,34.0,1200.0,D646,,,Ivan Dodig,R,183.0,CRO,26.702,37.0,1147.0,6-3 6-4 3-6 7-6(5),5,RR,,,,,,,,,,,,,,,,,,,
2011-D048,Davis Cup WG PO: RSA vs CRO,Hard,4,D,,20110916,2,C977,,,Marin Cilic,R,198.0,CRO,22.965,26.0,1420.0,V379,,,Izak Van der Merwe,R,196.0,RSA,27.639,128.0,428.0,6-0 6-0 RET,5,RR,,,,,,,,,,,,,,,,,,,
2011-D048,Davis Cup WG PO: RSA vs CRO,Hard,4,D,,20110916,3,C977,,,Marin Cilic,R,198.0,CRO,22.965,26.0,1420.0,D424,,,Rik De Voest,R,180.0,RSA,31.28,133.0,419.0,6-4 6-2 6-4,5,RR,,,,,,,,,,,,,,,,,,,
2011-D048,Davis Cup WG PO: RSA vs CRO,Hard,4,D,,20110916,4,MF09,,,Nikola Mektic,R,183.0,CRO,22.727,289.0,161.0,K609,,,Raven Klaasen,R,178.0,RSA,28.917,247.0,195.0,7-6(2) 6-1,3,RR,,,,,,,,,,,,,,,,,,,
2011-D049,Davis Cup WG PO: CHI vs ITA,Hard,4,D,,20110916,1,S843,,,Potito Starace,R,188.0,ITA,30.174,50.0,870.0,C634,,,Paul Capdeville,R,191.0,CHI,28.457,101.0,563.0,6-3 6-3 2-6 7-6(5),5,RR,,,,,,,,,,,,,,,,,,,
2011-D049,Davis Cup WG PO: CHI vs ITA,Hard,4,D,,20110916,2,F510,,,Fabio Fognini,R,178.0,ITA,24.315,39.0,1120.0,G415,,,Fernando Gonzalez,R,183.0,CHI,31.132,297.0,155.0,6-2 4-6 2-1 RET,5,RR,,,,,,,,,,,,,,,,,,,
2011-D049,Davis Cup WG PO: CHI vs ITA,Hard,4,D,,20110916,3,C634,,,Paul Capdeville,R,191.0,CHI,28.457,101.0,563.0,BA98,,,Simone Bolelli,R,183.0,ITA,25.938,139.0,404.0,7-6(3) 6-2,3,RR,,,,,,,,,,,,,,,,,,,
2011-D049,Davis Cup WG PO: CHI vs ITA,Hard,4,D,,20110916,4,B570,,,Daniele Bracciali,R,178.0,ITA,33.681,923.0,9.0,M655,,,Nicolas Massu,R,183.0,CHI,31.934,446.0,83.0,4-3 RET,5,RR,,,,,,,,,,,,,,,,,,,
2011-D050,Davis Cup WG PO: JPN vs IND,Hard,4,D,,20110916,1,SE73,,,Yuichi Sugita,R,175.0,JPN,22.992,175.0,299.0,D616,,,Somdev Devvarman,R,180.0,IND,26.587,65.0,718.0,6-3 6-4 7-5,5,RR,,,,,,,,,,,,,,,,,,,
2011-D050,Davis Cup WG PO: JPN vs IND,Hard,4,D,,20110916,2,N552,,,Kei Nishikori,R,178.0,JPN,21.714,55.0,810.0,B757,,,Rohan Bopanna,R,193.0,IND,31.535,559.0,46.0,6-3 6-2 6-2,5,RR,,,,,,,,,,,,,,,,,,,
2011-D050,Davis Cup WG PO: JPN vs IND,Hard,4,D,,20110916,3,N552,,,Kei Nishikori,R,178.0,JPN,21.714,55.0,810.0,V505,,,Vishnu Vardhan,R,188.0,IND,24.14,456.0,78.0,7-5 6-3 6-3,5,RR,,,,,,,,,,,,,,,,,,,
2011-D050,Davis Cup WG PO: JPN vs IND,Hard,4,D,,20110916,4,SC47,,,Go Soeda,R,178.0,JPN,27.028,116.0,488.0,B757,,,Rohan Bopanna,R,193.0,IND,31.535,559.0,46.0,4-5 RET,5,RR,,,,,,,,,,,,,,,,,,,
2011-D051,Davis Cup WG PO: BEL vs AUT,Hard,4,D,,20110916,1,H804,,,Andreas Haider-Maurer,R,191.0,AUT,24.487,77.0,651.0,M680,,,Xavier Malisse,R,185.0,BEL,31.159,46.0,875.0,6-4 6-4 7-5,5,RR,,,,,,,,,,,,,,,,,,,
2011-D051,Davis Cup WG PO: BEL vs AUT,Hard,4,D,,20110916,2,D632,,,Steve Darcis,R,175.0,BEL,27.51,93.0,587.0,M762,,,Jurgen Melzer,L,183.0,AUT,30.319,21.0,1695.0,7-6(3) 6-7(4) 6-4 6-3,5,RR,,,,,,,,,,,,,,,,,,,
2011-D051,Davis Cup WG PO: BEL vs AUT,Hard,4,D,,20110916,3,M762,,,Jurgen Melzer,L,183.0,AUT,30.319,21.0,1695.0,R397,,,Olivier Rochus,R,168.0,BEL,30.658,75.0,669.0,6-4 6-4 6-3,5,RR,,,,,,,,,,,,,,,,,,,
2011-D051,Davis Cup WG PO: BEL vs AUT,Hard,4,D,,20110916,4,P467,,,Alexander Peya,R,183.0,AUT,31.22,466.0,75.0,BE54,,,Ruben Bemelmans,L,183.0,BEL,23.671,148.0,373.0,6-4 6-3,3,RR,,,,,,,,,,,,,,,,,,,
2011-D052,Davis Cup WG PO: AUS vs SUI,Grass,4,D,,20110916,1,TA46,,,Bernard Tomic,R,196.0,AUS,18.902,59.0,789.0,W367,,,Stan Wawrinka,R,183.0,SUI,26.47,19.0,1720.0,4-6 6-4 6-3 6-3,5,RR,,,,,,,,,,,,,,,,,,,
2011-D052,Davis Cup WG PO: AUS vs SUI,Grass,4,D,,20110916,2,F324,,,Roger Federer,R,185.0,SUI,30.105,3.0,8380.0,H432,,,Lleyton Hewitt,R,178.0,AUS,30.557,199.0,270.0,5-7 7-6(5) 6-2 6-3,5,RR,,,,,,,,,,,,,,,,,,,
2011-D052,Davis Cup WG PO: AUS vs SUI,Grass,4,D,,20110916,3,F324,,,Roger Federer,R,185.0,SUI,30.105,3.0,8380.0,TA46,,,Bernard Tomic,R,196.0,AUS,18.902,59.0,789.0,6-2 7-5 3-6 6-3,5,RR,,,,,,,,,,,,,,,,,,,
2011-D052,Davis Cup WG PO: AUS vs SUI,Grass,4,D,,20110916,4,W367,,,Stan Wawrinka,R,183.0,SUI,26.47,19.0,1720.0,H432,,,Lleyton Hewitt,R,178.0,AUS,30.557,199.0,270.0,4-6 6-4 6-7(7) 6-4 6-3,5,RR,,,,,,,,,,,,,,,,,,,
2011-D058,Davis Cup G1 PO: PHI vs TPE,Clay,4,D,,20110916,1,C813,,,Ti Chen,R,178.0,TPE,27.953,293.0,160.0,M614,,,Cecil Mamiit,R,173.0,PHI,35.22,1025.0,6.0,6-7(2) 6-2 7-6(6) 6-3,5,RR,,,,,,,,,,,,,,,,,,,
2011-D058,Davis Cup G1 PO: PHI vs TPE,Clay,4,D,,20110916,2,H788,,,Treat Huey,L,178.0,PHI,26.051,901.0,10.0,W373,,,Jimmy Wang,R,180.0,TPE,26.601,389.0,103.0,6-4 6-4 6-3,5,RR,,,,,,,,,,,,,,,,,,,
2011-D058,Davis Cup G1 PO: PHI vs TPE,Clay,4,D,,20110916,3,C813,,,Ti Chen,R,178.0,TPE,27.953,293.0,160.0,H788,,,Treat Huey,L,178.0,PHI,26.051,901.0,10.0,6-3 7-6(2) 6-2,5,RR,,,,,,,,,,,,,,,,,,,
2011-D058,Davis Cup G1 PO: PHI vs TPE,Clay,4,D,,20110916,4,PG17,,,Jeson Patrombon,R,,PHI,18.472,1052.0,6.0,W373,,,Jimmy Wang,R,180.0,TPE,26.601,389.0,103.0,1-6 6-4 6-3,3,RR,,,,,,,,,,,,,,,,,,,
2011-D059,Davis Cup G1 PO: FIN vs POL,Hard,4,D,,20110916,1,KA80,,,Henri Kontinen,R,191.0,FIN,21.243,281.0,167.0,J397,,,Jerzy Janowicz,R,203.0,POL,20.841,176.0,299.0,6-4 6-3 6-7(10) 6-3,5,RR,,,,,,,,,,,,,,,,,,,
2011-D059,Davis Cup G1 PO: FIN vs POL,Hard,4,D,,20110916,2,N289,,,Jarkko Nieminen,L,185.0,FIN,30.149,45.0,876.0,PB13,,,Grzegorz Panfil,L,183.0,POL,23.707,457.0,78.0,6-4 6-4 6-4,5,RR,,,,,,,,,,,,,,,,,,,
2011-D059,Davis Cup G1 PO: FIN vs POL,Hard,4,D,,20110916,3,J397,,,Jerzy Janowicz,R,203.0,POL,20.841,176.0,299.0,H808,,,Harri Heliovaara,R,188.0,FIN,22.283,252.0,192.0,6-3 6-4,3,RR,,,,,,,,,,,,,,,,,,,
2011-D059,Davis Cup G1 PO: FIN vs POL,Hard,4,D,,20110916,4,PB13,,,Grzegorz Panfil,L,183.0,POL,23.707,457.0,78.0,KB56,,,Micke Kontinen,,,FIN,18.743,710.0,23.0,7-6(1) 6-4,3,RR,,,,,,,,,,,,,,,,,,,
2011-D060,Davis Cup G1 PO: SVK vs UKR,Clay,4,D,,20110916,1,K966,,,Martin Klizan,L,191.0,SVK,22.182,86.0,617.0,ME89,,,Illya Marchenko,R,185.0,UKR,24.022,153.0,360.0,6-7(4) 6-3 6-1 6-3,5,RR,,,,,,,,,,,,,,,,,,,
2011-D060,Davis Cup G1 PO: SVK vs UKR,Clay,4,D,,20110916,2,SC77,,,Sergiy Stakhovsky,R,193.0,UKR,25.692,63.0,745.0,CA22,,,Pavol Cervenak,R,191.0,SVK,24.211,253.0,191.0,7-5 6-2 6-1,5,RR,,,,,,,,,,,,,,,,,,,
2011-D060,Davis Cup G1 PO: SVK vs UKR,Clay,4,D,,20110916,3,K966,,,Martin Klizan,L,191.0,SVK,22.182,86.0,617.0,SC77,,,Sergiy Stakhovsky,R,193.0,UKR,25.692,63.0,745.0,6-4 3-6 7-6(6) 6-2,5,RR,,,,,,,,,,,,,,,,,,,
2011-D060,Davis Cup G1 PO: SVK vs UKR,Clay,4,D,,20110916,4,CA22,,,Pavol Cervenak,R,191.0,SVK,24.211,253.0,191.0,SH77,,,Artem Smirnov,L,188.0,UKR,23.619,294.0,158.0,6-4 6-4,3,RR,,,,,,,,,,,,,,,,,,,
2011-D078,Davis Cup G2 R3: GBR vs HUN,Hard,4,D,,20110916,1,W503,,,James Ward,R,188.0,GBR,24.6,149.0,371.0,BD80,,,Attila Balazs,R,180.0,HUN,22.968,262.0,179.0,6-4 6-4 4-6 6-4,5,RR,,,,,,,,,,,,,,,,,,,
2011-D078,Davis Cup G2 R3: GBR vs HUN,Hard,4,D,,20110916,2,MC10,,,Andy Murray,R,191.0,GBR,24.339,4.0,7165.0,K642,,,Sebo Kiss,L,,HUN,27.989,,,6-0 6-2 7-6(3),5,RR,,,,,,,,,,,,,,,,,,,
2011-D078,Davis Cup G2 R3: GBR vs HUN,Hard,4,D,,20110916,3,MC10,,,Andy Murray,R,191.0,GBR,24.339,4.0,7165.0,BA01,,,Gyorgy Balazs,,,HUN,26.146,1232.0,3.0,7-6(3) 6-3,3,RR,,,,,,,,,,,,,,,,,,,
2011-D078,Davis Cup G2 R3: GBR vs HUN,Hard,4,D,,20110916,4,F454,,,Colin Fleming,R,188.0,GBR,27.091,721.0,21.0,K642,,,Sebo Kiss,L,,HUN,27.989,,,6-4 6-3,3,RR,,,,,,,,,,,,,,,,,,,
2011-D079,Davis Cup G2 R3: DEN vs BIH,Hard,4,D,,20110916,1,N390,,,Frederik Nielsen,R,188.0,DEN,28.055,191.0,277.0,SF41,,,Aldin Setkic,R,191.0,BIH,23.737,453.0,78.0,6-4 6-2 6-3,5,RR,,,,,,,,,,,,,,,,,,,
2011-D079,Davis Cup G2 R3: DEN vs BIH,Hard,4,D,,20110916,2,D438,,,Amer Delic,R,196.0,BIH,29.213,226.0,223.0,PB29,,,Martin Pedersen,,,DEN,24.255,,,6-1 6-7(5) 7-6(1) 4-6 6-4,5,RR,,,,,,,,,,,,,,,,,,,
2011-D079,Davis Cup G2 R3: DEN vs BIH,Hard,4,D,,20110916,3,D438,,,Amer Delic,R,196.0,BIH,29.213,226.0,223.0,N390,,,Frederik Nielsen,R,188.0,DEN,28.055,191.0,277.0,7-6(5) 7-5 6-3,5,RR,,,,,,,,,,,,,,,,,,,
2011-D079,Davis Cup G2 R3: DEN vs BIH,Hard,4,D,,20110916,4,PB29,,,Martin Pedersen,,,DEN,24.255,,,D923,,,Damir Dzumhur,R,175.0,BIH,19.324,460.0,77.0,3-6 6-1 6-4 6-1,5,RR,,,,,,,,,,,,,,,,,,,
2011-D080,Davis Cup G2 R3: KOR vs THA,Hard,4,D,,20110916,1,L918,,,Yong-Kyu Lim,R,185.0,KOR,20.246,296.0,157.0,SG66,,,Peerakiat Siriluethaiwattana,,,THA,22.084,816.0,15.0,6-3 6-3 6-2,5,RR,,,,,,,,,,,,,,,,,,,
2011-D080,Davis Cup G2 R3: KOR vs THA,Hard,4,D,,20110916,2,K417,,,Young-Jun Kim,R,,KOR,31.562,474.0,71.0,W481,,,Kittipong Wachiramanowong,R,183.0,THA,21.227,511.0,61.0,6-2 6-3 7-5,5,RR,,,,,,,,,,,,,,,,,,,
2011-D080,Davis Cup G2 R3: KOR vs THA,Hard,4,D,,20110916,3,W481,,,Kittipong Wachiramanowong,R,183.0,THA,21.227,511.0,61.0,CF07,,,Hong Chung,L,170.0,KOR,18.335,1428.0,2.0,6-4 5-6 RET,5,RR,,,,,,,,,,,,,,,,,,,
2011-D081,Davis Cup G2 R3: PAR vs PER,Clay,4,D,,20110916,1,E702,,,Mauricio Echazu,,,PER,22.65,468.0,74.0,L922,,,Daniel-Alejandro Lopez Cassaccia,R,,PAR,22.204,674.0,28.0,7-6(1) 7-5 6-3,5,RR,,,,,,,,,,,,,,,,,,,
2011-D081,Davis Cup G2 R3: PAR vs PER,Clay,4,D,,20110916,2,GC34,,,Diego Galeano,,,PAR,19.622,681.0,27.0,BG25,,,Duilio Beretta,,,PER,19.556,393.0,102.0,1-6 6-4 6-4 6-4,5,RR,,,,,,,,,,,,,,,,,,,
2011-D081,Davis Cup G2 R3: PAR vs PER,Clay,4,D,,20110916,3,BG25,,,Duilio Beretta,,,PER,19.556,393.0,102.0,L922,,,Daniel-Alejandro Lopez Cassaccia,R,,PAR,22.204,674.0,28.0,6-0 7-6(6) 6-3,5,RR,,,,,,,,,,,,,,,,,,,
2011-341,Metz,Hard,28,250,I,20110919,1,R851,,Q,Mathieu Rodrigues,R,180.0,FRA,25.864,275.0,173.0,K926,,,Mikhail Kukushkin,R,183.0,KAZ,23.732,56.0,799.0,6-2 3-6 6-4,3,R32,141.0,1.0,4.0,95.0,48.0,33.0,22.0,14.0,6.0,10.0,4.0,3.0,90.0,47.0,30.0,22.0,13.0,9.0,14.0
2011-341,Metz,Hard,28,250,I,20110919,2,M873,,,Nicolas Mahut,R,191.0,FRA,29.659,92.0,605.0,J214,,,Diego Junqueira,L,178.0,ARG,30.724,96.0,581.0,6-3 6-2,3,R32,61.0,7.0,2.0,42.0,27.0,25.0,11.0,9.0,0.0,0.0,1.0,0.0,48.0,34.0,21.0,6.0,8.0,3.0,6.0
2011-341,Metz,Hard,28,250,I,20110919,3,C487,,WC,Arnaud Clement,R,173.0,FRA,33.755,172.0,306.0,L428,5.0,,Michael Llodra,L,191.0,FRA,31.337,34.0,1165.0,6-3 6-4,3,R32,80.0,3.0,1.0,62.0,29.0,20.0,22.0,10.0,3.0,4.0,7.0,3.0,56.0,41.0,28.0,6.0,9.0,3.0,6.0
2011-341,Metz,Hard,28,250,I,20110919,4,B837,,,Marcos Baghdatis,R,178.0,CYP,26.256,60.0,770.0,BC65,,,Matthias Bachinger,R,188.0,GER,24.465,91.0,608.0,7-5 6-2,3,R32,76.0,3.0,0.0,55.0,32.0,28.0,14.0,10.0,1.0,1.0,5.0,2.0,61.0,38.0,26.0,10.0,10.0,4.0,7.0
2011-341,Metz,Hard,28,250,I,20110919,5,K403,,,Igor Kunitsyn,R,180.0,RUS,29.969,58.0,786.0,D750,,WC,Kenny De Schepper,L,203.0,FRA,24.309,136.0,410.0,7-5 5-7 6-4,3,R32,143.0,1.0,0.0,98.0,64.0,47.0,19.0,17.0,0.0,2.0,15.0,7.0,118.0,67.0,49.0,22.0,17.0,11.0,14.0
2011-341,Metz,Hard,28,250,I,20110919,6,M680,6.0,,Xavier Malisse,R,185.0,BEL,31.168,47.0,875.0,B678,,,Michael Berrer,L,193.0,GER,31.217,88.0,620.0,6-4 3-6 6-4,3,R32,102.0,12.0,1.0,80.0,46.0,36.0,22.0,14.0,1.0,2.0,8.0,3.0,83.0,49.0,39.0,20.0,15.0,5.0,7.0
2011-341,Metz,Hard,28,250,I,20110919,7,K435,7.0,,Philipp Kohlschreiber,R,178.0,GER,27.926,45.0,890.0,D729,,Q,Jonathan Dasnieres de Veigy,L,175.0,FRA,24.704,227.0,218.0,6-4 7-6(4),3,R32,86.0,10.0,5.0,79.0,45.0,35.0,21.0,11.0,5.0,5.0,3.0,0.0,53.0,38.0,34.0,9.0,11.0,0.0,1.0
2011-341,Metz,Hard,28,250,I,20110919,8,SF36,,Q,Igor Sijsling,R,191.0,NED,24.088,148.0,376.0,D875,,,Grigor Dimitrov,R,191.0,BUL,20.345,64.0,731.0,6-2 6-2,3,R32,54.0,10.0,2.0,42.0,24.0,22.0,11.0,8.0,2.0,2.0,1.0,2.0,46.0,35.0,20.0,4.0,8.0,2.0,6.0
2011-341,Metz,Hard,28,250,I,20110919,9,R588,,Q,Nicolas Renavand,,,FRA,29.235,364.0,116.0,K839,,,Tobias Kamke,R,178.0,GER,25.331,98.0,575.0,7-5 6-4,3,R32,89.0,8.0,2.0,70.0,49.0,32.0,10.0,11.0,7.0,10.0,4.0,6.0,78.0,35.0,21.0,19.0,11.0,2.0,7.0
2011-341,Metz,Hard,28,250,I,20110919,10,MA30,8.0,,Gilles Muller,L,193.0,LUX,28.364,49.0,873.0,P624,,,Philipp Petzschner,R,185.0,GER,27.488,66.0,715.0,7-6(2) 7-6(5),3,R32,105.0,8.0,2.0,93.0,54.0,46.0,16.0,12.0,5.0,6.0,5.0,0.0,67.0,46.0,36.0,15.0,12.0,0.0,1.0
2011-341,Metz,Hard,28,250,I,20110919,11,PD31,,WC,Benoit Paire,R,196.0,FRA,22.366,112.0,514.0,G806,,,Andrey Golubev,R,180.0,KAZ,24.162,103.0,555.0,7-5 6-2,3,R32,70.0,8.0,2.0,50.0,26.0,22.0,16.0,10.0,0.0,1.0,2.0,1.0,70.0,46.0,24.0,12.0,10.0,6.0,10.0
2011-341,Metz,Hard,28,250,I,20110919,12,R397,,,Olivier Rochus,R,168.0,BEL,30.667,80.0,654.0,R612,,,Stephane Robert,R,185.0,FRA,31.34,109.0,533.0,6-1 6-3,3,R32,72.0,0.0,0.0,58.0,37.0,29.0,10.0,8.0,5.0,5.0,0.0,0.0,47.0,18.0,12.0,12.0,8.0,1.0,5.0
2011-341,Metz,Hard,28,250,I,20110919,13,T786,1.0,,Jo-Wilfried Tsonga,R,188.0,FRA,26.423,10.0,2710.0,R851,,Q,Mathieu Rodrigues,R,180.0,FRA,25.864,275.0,173.0,6-3 6-4,3,R16,76.0,10.0,1.0,54.0,35.0,30.0,8.0,10.0,0.0,1.0,4.0,2.0,70.0,37.0,25.0,14.0,9.0,9.0,12.0
2011-341,Metz,Hard,28,250,I,20110919,14,M873,,,Nicolas Mahut,R,191.0,FRA,29.659,92.0,605.0,C487,,WC,Arnaud Clement,R,173.0,FRA,33.755,172.0,306.0,3-6 7-5 6-3,3,R16,153.0,15.0,3.0,89.0,59.0,45.0,14.0,15.0,3.0,5.0,11.0,5.0,114.0,68.0,49.0,19.0,15.0,9.0,12.0
2011-341,Metz,Hard,28,250,I,20110919,15,D801,3.0,,Alexandr Dolgopolov,R,180.0,UKR,22.864,20.0,1700.0,B837,,,Marcos Baghdatis,R,178.0,CYP,26.256,60.0,770.0,6-7(5) 7-5 6-3,3,R16,141.0,10.0,6.0,116.0,61.0,48.0,30.0,17.0,6.0,7.0,4.0,2.0,92.0,48.0,35.0,27.0,16.0,3.0,6.0
2011-341,Metz,Hard,28,250,I,20110919,16,M680,6.0,,Xavier Malisse,R,185.0,BEL,31.168,47.0,875.0,K403,,,Igor Kunitsyn,R,180.0,RUS,29.969,58.0,786.0,6-4 6-2,3,R16,77.0,5.0,1.0,48.0,24.0,20.0,9.0,9.0,3.0,5.0,3.0,2.0,62.0,38.0,21.0,9.0,9.0,3.0,8.0
2011-341,Metz,Hard,28,250,I,20110919,17,SF36,,Q,Igor Sijsling,R,191.0,NED,24.088,148.0,376.0,K435,7.0,,Philipp Kohlschreiber,R,178.0,GER,27.926,45.0,890.0,6-4 7-5,3,R16,79.0,10.0,3.0,63.0,39.0,35.0,12.0,11.0,1.0,1.0,7.0,2.0,63.0,31.0,23.0,19.0,11.0,5.0,7.0
2011-341,Metz,Hard,28,250,I,20110919,18,L360,4.0,,Ivan Ljubicic,R,193.0,CRO,32.504,29.0,1315.0,R588,,Q,Nicolas Renavand,,,FRA,29.235,364.0,116.0,7-5 7-5,3,R16,79.0,13.0,0.0,57.0,33.0,29.0,19.0,12.0,0.0,0.0,4.0,0.0,66.0,42.0,31.0,12.0,12.0,0.0,2.0
2011-341,Metz,Hard,28,250,I,20110919,19,MA30,8.0,,Gilles Muller,L,193.0,LUX,28.364,49.0,873.0,PD31,,WC,Benoit Paire,R,196.0,FRA,22.366,112.0,514.0,7-6(5) 6-4,3,R16,92.0,12.0,2.0,68.0,42.0,37.0,13.0,11.0,0.0,0.0,7.0,3.0,64.0,30.0,22.0,21.0,11.0,0.0,1.0
2011-341,Metz,Hard,28,250,I,20110919,20,G628,2.0,,Richard Gasquet,R,183.0,FRA,25.254,15.0,1945.0,R397,,,Olivier Rochus,R,168.0,BEL,30.667,80.0,654.0,6-2 6-1,3,R16,65.0,10.0,3.0,49.0,31.0,28.0,8.0,8.0,1.0,1.0,0.0,1.0,47.0,27.0,11.0,12.0,7.0,2.0,6.0
2011-341,Metz,Hard,28,250,I,20110919,21,T786,1.0,,Jo-Wilfried Tsonga,R,188.0,FRA,26.423,10.0,2710.0,M873,,,Nicolas Mahut,R,191.0,FRA,29.659,92.0,605.0,4-6 6-3 7-5,3,QF,123.0,20.0,3.0,84.0,54.0,45.0,19.0,16.0,3.0,4.0,7.0,3.0,89.0,57.0,40.0,17.0,15.0,1.0,3.0
2011-341,Metz,Hard,28,250,I,20110919,22,D801,3.0,,Alexandr Dolgopolov,R,180.0,UKR,22.864,20.0,1700.0,M680,6.0,,Xavier Malisse,R,185.0,BEL,31.168,47.0,875.0,6-3 1-0 RET,3,QF,36.0,7.0,0.0,27.0,15.0,14.0,7.0,5.0,0.0,0.0,0.0,0.0,25.0,10.0,5.0,9.0,5.0,2.0,4.0
2011-341,Metz,Hard,28,250,I,20110919,23,L360,4.0,,Ivan Ljubicic,R,193.0,CRO,32.504,29.0,1315.0,SF36,,Q,Igor Sijsling,R,191.0,NED,24.088,148.0,376.0,6-4 6-3,3,QF,74.0,13.0,0.0,59.0,34.0,26.0,17.0,10.0,1.0,1.0,6.0,3.0,52.0,26.0,20.0,14.0,9.0,5.0,7.0
2011-341,Metz,Hard,28,250,I,20110919,24,MA30,8.0,,Gilles Muller,L,193.0,LUX,28.364,49.0,873.0,G628,2.0,,Richard Gasquet,R,183.0,FRA,25.254,15.0,1945.0,6-3 6-4,3,QF,71.0,11.0,2.0,59.0,34.0,28.0,17.0,10.0,6.0,6.0,4.0,0.0,47.0,36.0,29.0,3.0,9.0,2.0,4.0
2011-341,Metz,Hard,28,250,I,20110919,25,T786,1.0,,Jo-Wilfried Tsonga,R,188.0,FRA,26.423,10.0,2710.0,D801,3.0,,Alexandr Dolgopolov,R,180.0,UKR,22.864,20.0,1700.0,6-4 6-4,3,SF,77.0,6.0,0.0,52.0,31.0,27.0,12.0,10.0,0.0,1.0,2.0,0.0,59.0,31.0,23.0,12.0,10.0,0.0,3.0
2011-341,Metz,Hard,28,250,I,20110919,26,L360,4.0,,Ivan Ljubicic,R,193.0,CRO,32.504,29.0,1315.0,MA30,8.0,,Gilles Muller,L,193.0,LUX,28.364,49.0,873.0,7-6(3) 7-6(5),3,SF,111.0,26.0,2.0,81.0,51.0,45.0,16.0,12.0,1.0,1.0,18.0,2.0,73.0,47.0,42.0,13.0,12.0,0.0,0.0
2011-341,Metz,Hard,28,250,I,20110919,27,T786,1.0,,Jo-Wilfried Tsonga,R,188.0,FRA,26.423,10.0,2710.0,L360,4.0,,Ivan Ljubicic,R,193.0,CRO,32.504,29.0,1315.0,6-3 6-7(4) 6-3,3,F,156.0,14.0,4.0,80.0,43.0,37.0,17.0,14.0,2.0,4.0,12.0,5.0,110.0,55.0,38.0,26.0,16.0,7.0,13.0
2011-773,Bucharest,Clay,28,250,O,20110919,1,S963,,Q,Florent Serra,R,180.0,FRA,30.554,146.0,383.0,N437,,Q,Gianluca Naso,R,193.0,ITA,24.701,259.0,187.0,6-2 6-4,3,R32,70.0,2.0,1.0,52.0,38.0,31.0,9.0,9.0,1.0,1.0,7.0,2.0,53.0,36.0,24.0,7.0,9.0,0.0,3.0
2011-773,Bucharest,Clay,28,250,O,20110919,2,A511,,,Igor Andreev,R,185.0,RUS,28.183,99.0,566.0,T911,,Q,Peter Torebko,R,185.0,GER,23.606,313.0,142.0,5-7 6-4 7-5,3,R32,153.0,1.0,5.0,102.0,69.0,48.0,14.0,17.0,3.0,7.0,12.0,4.0,100.0,56.0,38.0,22.0,17.0,4.0,9.0
2011-773,Bucharest,Clay,28,250,O,20110919,3,SA93,7.0,,Andreas Seppi,R,191.0,ITA,27.576,51.0,840.0,P487,,,Eric Prodon,R,180.0,FRA,30.229,93.0,599.0,6-1 4-6 6-1,3,R32,102.0,3.0,1.0,86.0,55.0,34.0,19.0,12.0,10.0,12.0,3.0,4.0,80.0,48.0,29.0,11.0,12.0,7.0,13.0
2011-773,Bucharest,Clay,28,250,O,20110919,4,CA99,,WC,Marius Copil,R,191.0,ROU,20.923,232.0,211.0,C856,,WC,Victor Crivoi,R,185.0,ROU,29.32,210.0,251.0,6-3 6-3,3,R32,76.0,7.0,1.0,52.0,30.0,25.0,12.0,9.0,0.0,0.0,1.0,1.0,58.0,44.0,27.0,5.0,9.0,8.0,11.0
2011-773,Bucharest,Clay,28,250,O,20110919,5,G717,,,Fred Gil,R,173.0,POR,26.489,100.0,566.0,CA12,,,Jeremy Chardy,R,188.0,FRA,24.6,106.0,538.0,2-6 6-4 6-3,3,R32,135.0,5.0,4.0,86.0,65.0,45.0,11.0,14.0,1.0,3.0,5.0,7.0,96.0,63.0,46.0,15.0,13.0,8.0,10.0
2011-773,Bucharest,Clay,28,250,O,20110919,6,G983,,Q,Alessandro Giannessi,L,185.0,ITA,21.306,183.0,288.0,M824,8.0,,Albert Montanes,R,175.0,ESP,30.812,53.0,825.0,7-5 6-4,3,R32,108.0,2.0,2.0,73.0,48.0,31.0,12.0,11.0,7.0,10.0,2.0,5.0,72.0,38.0,21.0,17.0,11.0,4.0,9.0
2011-773,Bucharest,Clay,28,250,O,20110919,7,SG64,,,Joao Souza,R,193.0,BRA,23.313,84.0,631.0,R419,5.0,,Tommy Robredo,R,180.0,ESP,29.385,44.0,930.0,6-4 7-6(5),3,R32,123.0,5.0,2.0,81.0,52.0,40.0,13.0,11.0,5.0,7.0,5.0,2.0,71.0,45.0,30.0,15.0,11.0,5.0,8.0
2011-773,Bucharest,Clay,28,250,O,20110919,8,U061,,WC,Adrian Ungur,R,178.0,ROU,26.656,131.0,421.0,R685,,,Lukas Rosol,R,193.0,CZE,26.155,74.0,676.0,6-4 6-1,3,R32,66.0,3.0,4.0,51.0,34.0,26.0,10.0,8.0,3.0,3.0,2.0,4.0,66.0,34.0,19.0,16.0,9.0,9.0,13.0
2011-773,Bucharest,Clay,28,250,O,20110919,9,V254,,,Filippo Volandri,R,183.0,ITA,30.037,86.0,626.0,MA49,,,Rui Machado,R,178.0,POR,27.441,61.0,752.0,6-3 6-3,3,R32,86.0,0.0,4.0,53.0,36.0,28.0,8.0,9.0,3.0,5.0,0.0,3.0,61.0,41.0,20.0,9.0,9.0,5.0,10.0
2011-773,Bucharest,Clay,28,250,O,20110919,10,R750,,,Pere Riba,R,183.0,ESP,23.45,72.0,681.0,S843,6.0,,Potito Starace,R,188.0,ITA,30.182,50.0,870.0,6-1 3-2 RET,3,R32,59.0,3.0,0.0,50.0,33.0,26.0,7.0,6.0,2.0,2.0,1.0,2.0,34.0,22.0,13.0,3.0,6.0,2.0,5.0
2011-773,Bucharest,Clay,28,250,O,20110919,11,R772,,,Albert Ramos-Vinolas,L,188.0,ESP,23.671,87.0,624.0,H528,,,Victor Hanescu,R,198.0,ROU,30.163,83.0,645.0,6-4 6-3,3,R32,79.0,3.0,1.0,50.0,30.0,24.0,12.0,9.0,4.0,5.0,1.0,0.0,56.0,39.0,22.0,9.0,10.0,2.0,6.0
2011-773,Bucharest,Clay,28,250,O,20110919,12,B884,,,Carlos Berlocq,R,183.0,ARG,28.624,71.0,698.0,H804,,,Andreas Haider-Maurer,R,191.0,AUT,24.496,81.0,651.0,6-2 6-1,3,R32,78.0,2.0,0.0,32.0,19.0,16.0,12.0,7.0,0.0,0.0,0.0,3.0,60.0,29.0,12.0,14.0,8.0,7.0,12.0
2011-773,Bucharest,Clay,28,250,O,20110919,13,C514,1.0,,Juan Ignacio Chela,R,191.0,ARG,32.055,23.0,1485.0,S963,,Q,Florent Serra,R,180.0,FRA,30.554,146.0,383.0,6-1 6-0,3,R16,62.0,2.0,1.0,38.0,30.0,24.0,3.0,6.0,5.0,5.0,1.0,0.0,54.0,32.0,12.0,9.0,7.0,5.0,11.0
2011-773,Bucharest,Clay,28,250,O,20110919,14,SA93,7.0,,Andreas Seppi,R,191.0,ITA,27.576,51.0,840.0,A511,,,Igor Andreev,R,185.0,RUS,28.183,99.0,566.0,6-2 3-6 6-1,3,R16,106.0,4.0,0.0,80.0,49.0,35.0,21.0,12.0,9.0,10.0,3.0,3.0,76.0,48.0,28.0,15.0,12.0,2.0,6.0
2011-773,Bucharest,Clay,28,250,O,20110919,15,A596,4.0,,Pablo Andujar,R,180.0,ESP,25.654,43.0,942.0,CA99,,WC,Marius Copil,R,191.0,ROU,20.923,232.0,211.0,6-2 6-3,3,R16,76.0,1.0,0.0,48.0,34.0,22.0,11.0,8.0,3.0,4.0,5.0,4.0,49.0,32.0,17.0,4.0,9.0,2.0,7.0
2011-773,Bucharest,Clay,28,250,O,20110919,16,G983,,Q,Alessandro Giannessi,L,185.0,ITA,21.306,183.0,288.0,G717,,,Fred Gil,R,173.0,POR,26.489,100.0,566.0,7-6(2) 0-6 6-3,3,R16,145.0,0.0,6.0,107.0,71.0,48.0,14.0,14.0,8.0,13.0,6.0,0.0,71.0,43.0,30.0,15.0,13.0,1.0,4.0
2011-773,Bucharest,Clay,28,250,O,20110919,17,SG64,,,Joao Souza,R,193.0,BRA,23.313,84.0,631.0,U061,,WC,Adrian Ungur,R,178.0,ROU,26.656,131.0,421.0,4-6 7-6(6) 6-1,3,R16,165.0,13.0,3.0,98.0,64.0,43.0,19.0,15.0,6.0,9.0,3.0,3.0,125.0,80.0,46.0,24.0,14.0,12.0,16.0
2011-773,Bucharest,Clay,28,250,O,20110919,18,V254,,,Filippo Volandri,R,183.0,ITA,30.037,86.0,626.0,G710,3.0,,Marcel Granollers,R,191.0,ESP,25.437,31.0,1260.0,6-1 6-3,3,R16,76.0,0.0,2.0,49.0,37.0,24.0,8.0,8.0,3.0,4.0,2.0,0.0,51.0,31.0,16.0,8.0,8.0,3.0,8.0
2011-773,Bucharest,Clay,28,250,O,20110919,19,R772,,,Albert Ramos-Vinolas,L,188.0,ESP,23.671,87.0,624.0,R750,,,Pere Riba,R,183.0,ESP,23.45,72.0,681.0,2-6 6-4 7-5,3,R16,175.0,7.0,6.0,100.0,66.0,48.0,15.0,15.0,9.0,12.0,3.0,2.0,101.0,55.0,40.0,21.0,15.0,7.0,10.0
2011-773,Bucharest,Clay,28,250,O,20110919,20,MB02,2.0,,Florian Mayer,R,191.0,GER,27.956,24.0,1485.0,B884,,,Carlos Berlocq,R,183.0,ARG,28.624,71.0,698.0,6-2 0-6 6-4,3,R16,112.0,1.0,1.0,70.0,44.0,27.0,12.0,12.0,4.0,9.0,4.0,1.0,78.0,53.0,34.0,9.0,12.0,7.0,12.0
2011-773,Bucharest,Clay,28,250,O,20110919,21,C514,1.0,,Juan Ignacio Chela,R,191.0,ARG,32.055,23.0,1485.0,SA93,7.0,,Andreas Seppi,R,191.0,ITA,27.576,51.0,840.0,7-5 6-3,3,QF,113.0,5.0,2.0,78.0,50.0,26.0,17.0,11.0,6.0,10.0,2.0,2.0,70.0,40.0,22.0,9.0,10.0,5.0,11.0
2011-773,Bucharest,Clay,28,250,O,20110919,22,A596,4.0,,Pablo Andujar,R,180.0,ESP,25.654,43.0,942.0,G983,,Q,Alessandro Giannessi,L,185.0,ITA,21.306,183.0,288.0,6-3 6-4,3,QF,96.0,3.0,2.0,73.0,58.0,42.0,5.0,10.0,9.0,10.0,1.0,4.0,50.0,31.0,21.0,7.0,9.0,0.0,3.0
2011-773,Bucharest,Clay,28,250,O,20110919,23,V254,,,Filippo Volandri,R,183.0,ITA,30.037,86.0,626.0,SG64,,,Joao Souza,R,193.0,BRA,23.313,84.0,631.0,6-2 6-0,3,QF,61.0,1.0,0.0,45.0,36.0,22.0,4.0,7.0,2.0,4.0,0.0,1.0,36.0,26.0,6.0,2.0,7.0,4.0,11.0
2011-773,Bucharest,Clay,28,250,O,20110919,24,MB02,2.0,,Florian Mayer,R,191.0,GER,27.956,24.0,1485.0,R772,,,Albert Ramos-Vinolas,L,188.0,ESP,23.671,87.0,624.0,6-1 6-2,3,QF,67.0,3.0,3.0,49.0,34.0,27.0,8.0,8.0,2.0,2.0,0.0,1.0,46.0,24.0,11.0,10.0,7.0,6.0,10.0
2011-773,Bucharest,Clay,28,250,O,20110919,25,A596,4.0,,Pablo Andujar,R,180.0,ESP,25.654,43.0,942.0,C514,1.0,,Juan Ignacio Chela,R,191.0,ARG,32.055,23.0,1485.0,6-4 7-5,3,SF,112.0,3.0,1.0,66.0,50.0,34.0,7.0,11.0,7.0,10.0,0.0,1.0,75.0,62.0,31.0,6.0,11.0,7.0,12.0
2011-773,Bucharest,Clay,28,250,O,20110919,26,MB02,2.0,,Florian Mayer,R,191.0,GER,27.956,24.0,1485.0,V254,,,Filippo Volandri,R,183.0,ITA,30.037,86.0,626.0,7-6(3) 6-2,3,SF,98.0,7.0,0.0,70.0,38.0,28.0,16.0,10.0,7.0,9.0,0.0,2.0,67.0,50.0,28.0,6.0,10.0,6.0,10.0
2011-773,Bucharest,Clay,28,250,O,20110919,27,MB02,2.0,,Florian Mayer,R,191.0,GER,27.956,24.0,1485.0,A596,4.0,,Pablo Andujar,R,180.0,ESP,25.654,43.0,942.0,6-3 6-1,3,F,71.0,0.0,1.0,48.0,27.0,20.0,11.0,8.0,2.0,3.0,1.0,2.0,51.0,37.0,20.0,4.0,8.0,2.0,7.0
2011-1720,Bangkok,Hard,28,250,I,20110926,1,B678,,,Michael Berrer,L,193.0,GER,31.236,88.0,610.0,C582,,Q,Marco Chiudinelli,R,185.0,SUI,30.042,250.0,195.0,7-6(4) 6-3,3,R32,93.0,7.0,1.0,70.0,48.0,36.0,12.0,11.0,7.0,8.0,3.0,2.0,62.0,43.0,29.0,10.0,10.0,0.0,2.0
2011-1720,Bangkok,Hard,28,250,I,20110926,2,BA98,,Q,Simone Bolelli,R,183.0,ITA,25.966,138.0,404.0,G858,,,Ernests Gulbis,R,191.0,LAT,23.072,47.0,875.0,7-6(5) 7-6(5),3,R32,116.0,10.0,0.0,73.0,52.0,40.0,13.0,12.0,1.0,3.0,19.0,4.0,88.0,62.0,45.0,11.0,12.0,3.0,5.0
2011-1720,Bangkok,Hard,28,250,I,20110926,3,D875,,,Grigor Dimitrov,R,191.0,BUL,20.364,76.0,671.0,D646,5.0,,Ivan Dodig,R,183.0,CRO,26.73,37.0,1147.0,6-2 7-5,3,R32,92.0,4.0,2.0,59.0,41.0,32.0,11.0,10.0,3.0,4.0,3.0,1.0,61.0,36.0,22.0,12.0,10.0,5.0,9.0
2011-1720,Bangkok,Hard,28,250,I,20110926,4,L575,,,Yen-Hsun Lu,R,180.0,TPE,28.118,68.0,711.0,SG64,,,Joao Souza,R,193.0,BRA,23.332,102.0,576.0,6-2 7-5,3,R32,80.0,8.0,2.0,60.0,36.0,27.0,18.0,10.0,3.0,3.0,11.0,1.0,60.0,47.0,28.0,5.0,10.0,2.0,5.0
2011-1720,Bangkok,Hard,28,250,I,20110926,5,BC65,,,Matthias Bachinger,R,188.0,GER,24.485,98.0,581.0,J361,,Q,Greg Jones,R,193.0,AUS,22.65,208.0,252.0,7-5 6-4,3,R32,96.0,9.0,1.0,53.0,43.0,39.0,5.0,11.0,0.0,0.0,9.0,0.0,92.0,59.0,39.0,17.0,11.0,12.0,14.0
2011-1720,Bangkok,Hard,28,250,I,20110926,6,U043,,WC,Danai Udomchoke,R,173.0,THA,30.125,217.0,240.0,F510,6.0,,Fabio Fognini,R,178.0,ITA,24.342,39.0,1120.0,6-4 3-6 6-2,3,R32,118.0,4.0,3.0,74.0,44.0,31.0,17.0,13.0,3.0,6.0,4.0,7.0,88.0,54.0,34.0,16.0,14.0,3.0,8.0
2011-1720,Bangkok,Hard,28,250,I,20110926,7,K839,,,Tobias Kamke,R,178.0,GER,25.35,103.0,571.0,A596,8.0,,Pablo Andujar,R,180.0,ESP,25.673,44.0,930.0,6-0 6-1,3,R32,56.0,0.0,1.0,42.0,25.0,19.0,10.0,7.0,0.0,0.0,0.0,3.0,39.0,25.0,11.0,5.0,6.0,2.0,7.0
2011-1720,Bangkok,Hard,28,250,I,20110926,8,SC47,,Q,Go Soeda,R,178.0,JPN,27.055,126.0,430.0,B804,,,Karol Beck,R,180.0,SVK,29.481,73.0,675.0,3-6 7-6(0) 7-6(4),3,R32,176.0,1.0,5.0,121.0,72.0,51.0,21.0,16.0,7.0,10.0,11.0,4.0,113.0,65.0,46.0,25.0,17.0,5.0,7.0
2011-1720,Bangkok,Hard,28,250,I,20110926,9,Y124,,,Donald Young,L,183.0,USA,22.177,55.0,800.0,A511,,,Igor Andreev,R,185.0,RUS,28.203,100.0,576.0,7-6(6) 2-1 RET,3,R32,83.0,0.0,1.0,62.0,45.0,29.0,7.0,7.0,2.0,4.0,3.0,2.0,62.0,39.0,20.0,13.0,8.0,4.0,7.0
2011-1720,Bangkok,Hard,28,250,I,20110926,10,H756,7.0,,Robin Haase,R,191.0,NED,24.474,42.0,981.0,W481,,WC,Kittipong Wachiramanowong,R,183.0,THA,21.254,523.0,60.0,6-3 7-6(1),3,R32,84.0,9.0,2.0,61.0,35.0,29.0,12.0,10.0,1.0,3.0,3.0,0.0,72.0,48.0,28.0,12.0,11.0,7.0,11.0
2011-1720,Bangkok,Hard,28,250,I,20110926,11,N289,,,Jarkko Nieminen,L,185.0,FIN,30.177,50.0,851.0,TB69,,WC,Dominic Thiem,R,185.0,AUT,18.062,1848.0,1.0,6-1 4-6 7-5,3,R32,118.0,5.0,3.0,93.0,62.0,41.0,19.0,15.0,1.0,4.0,3.0,2.0,85.0,42.0,28.0,19.0,14.0,2.0,7.0
2011-1720,Bangkok,Hard,28,250,I,20110926,12,G725,,,Santiago Giraldo,R,188.0,COL,23.83,52.0,835.0,SC56,,,Dudi Sela,R,175.0,ISR,26.478,95.0,585.0,6-2 6-3,3,R32,72.0,7.0,0.0,49.0,31.0,21.0,14.0,9.0,2.0,3.0,0.0,2.0,56.0,39.0,21.0,7.0,8.0,3.0,7.0
2011-1720,Bangkok,Hard,28,250,I,20110926,13,MC10,1.0,,Andy Murray,R,191.0,GBR,24.367,4.0,7165.0,B678,,,Michael Berrer,L,193.0,GER,31.236,88.0,610.0,6-4 6-2,3,R16,71.0,3.0,0.0,53.0,35.0,26.0,14.0,9.0,2.0,2.0,3.0,1.0,47.0,36.0,26.0,3.0,9.0,4.0,7.0
2011-1720,Bangkok,Hard,28,250,I,20110926,14,D875,,,Grigor Dimitrov,R,191.0,BUL,20.364,76.0,671.0,BA98,,Q,Simone Bolelli,R,183.0,ITA,25.966,138.0,404.0,7-6(8) 6-1,3,R16,99.0,11.0,3.0,54.0,33.0,29.0,11.0,9.0,0.0,0.0,1.0,0.0,79.0,62.0,34.0,8.0,10.0,4.0,7.0
2011-1720,Bangkok,Hard,28,250,I,20110926,15,SD32,3.0,,Gilles Simon,R,183.0,FRA,26.746,12.0,2210.0,L575,,,Yen-Hsun Lu,R,180.0,TPE,28.118,68.0,711.0,6-7(4) 7-5 6-4,3,R16,174.0,12.0,1.0,116.0,68.0,47.0,26.0,17.0,1.0,3.0,11.0,5.0,116.0,72.0,55.0,18.0,17.0,5.0,9.0
2011-1720,Bangkok,Hard,28,250,I,20110926,16,BC65,,,Matthias Bachinger,R,188.0,GER,24.485,98.0,581.0,U043,,WC,Danai Udomchoke,R,173.0,THA,30.125,217.0,240.0,7-6(5) 6-3,3,R16,101.0,8.0,1.0,66.0,42.0,30.0,11.0,10.0,3.0,6.0,0.0,3.0,85.0,59.0,34.0,9.0,11.0,6.0,11.0
2011-1720,Bangkok,Hard,28,250,I,20110926,17,SC47,,Q,Go Soeda,R,178.0,JPN,27.055,126.0,430.0,K839,,,Tobias Kamke,R,178.0,GER,25.35,103.0,571.0,6-2 7-6(7),3,R16,92.0,3.0,1.0,66.0,34.0,23.0,20.0,10.0,2.0,4.0,1.0,2.0,62.0,38.0,23.0,11.0,10.0,2.0,6.0
2011-1720,Bangkok,Hard,28,250,I,20110926,18,Y124,,,Donald Young,L,183.0,USA,22.177,55.0,800.0,G476,4.0,,Guillermo Garcia-Lopez,R,185.0,ESP,28.312,35.0,1165.0,6-1 6-7(0) 7-5,3,R16,159.0,2.0,2.0,100.0,63.0,42.0,24.0,16.0,4.0,6.0,9.0,0.0,108.0,64.0,37.0,25.0,15.0,7.0,12.0
2011-1720,Bangkok,Hard,28,250,I,20110926,19,N289,,,Jarkko Nieminen,L,185.0,FIN,30.177,50.0,851.0,H756,7.0,,Robin Haase,R,191.0,NED,24.474,42.0,981.0,7-6(5) 7-6(4),3,R16,97.0,3.0,1.0,80.0,59.0,40.0,11.0,12.0,0.0,3.0,11.0,4.0,77.0,49.0,38.0,11.0,12.0,1.0,4.0
2011-1720,Bangkok,Hard,28,250,I,20110926,20,MC65,2.0,,Gael Monfils,R,193.0,FRA,25.068,9.0,2780.0,G725,,,Santiago Giraldo,R,188.0,COL,23.83,52.0,835.0,6-4 4-6 6-1,3,R16,119.0,11.0,5.0,86.0,52.0,39.0,20.0,13.0,5.0,6.0,2.0,3.0,98.0,59.0,35.0,22.0,14.0,5.0,9.0
2011-1720,Bangkok,Hard,28,250,I,20110926,21,MC10,1.0,,Andy Murray,R,191.0,GBR,24.367,4.0,7165.0,D875,,,Grigor Dimitrov,R,191.0,BUL,20.364,76.0,671.0,6-4 6-4,3,QF,89.0,2.0,0.0,59.0,31.0,23.0,20.0,10.0,3.0,3.0,4.0,3.0,58.0,36.0,26.0,11.0,10.0,1.0,3.0
2011-1720,Bangkok,Hard,28,250,I,20110926,22,SD32,3.0,,Gilles Simon,R,183.0,FRA,26.746,12.0,2210.0,BC65,,,Matthias Bachinger,R,188.0,GER,24.485,98.0,581.0,3-6 6-3 6-2,3,QF,96.0,2.0,4.0,92.0,60.0,45.0,15.0,13.0,6.0,7.0,12.0,5.0,77.0,48.0,37.0,12.0,13.0,3.0,6.0
2011-1720,Bangkok,Hard,28,250,I,20110926,23,Y124,,,Donald Young,L,183.0,USA,22.177,55.0,800.0,SC47,,Q,Go Soeda,R,178.0,JPN,27.055,126.0,430.0,6-1 6-2,3,QF,56.0,4.0,0.0,40.0,35.0,28.0,4.0,8.0,0.0,0.0,5.0,1.0,43.0,22.0,9.0,10.0,7.0,4.0,8.0
2011-1720,Bangkok,Hard,28,250,I,20110926,24,MC65,2.0,,Gael Monfils,R,193.0,FRA,25.068,9.0,2780.0,N289,,,Jarkko Nieminen,L,185.0,FIN,30.177,50.0,851.0,7-5 7-6(4),3,QF,97.0,8.0,3.0,73.0,60.0,44.0,4.0,12.0,0.0,2.0,2.0,0.0,83.0,53.0,34.0,16.0,12.0,4.0,7.0
2011-1720,Bangkok,Hard,28,250,I,20110926,25,MC10,1.0,,Andy Murray,R,191.0,GBR,24.367,4.0,7165.0,SD32,3.0,,Gilles Simon,R,183.0,FRA,26.746,12.0,2210.0,6-2 3-6 6-2,3,SF,113.0,7.0,0.0,64.0,42.0,32.0,11.0,12.0,0.0,2.0,5.0,1.0,79.0,49.0,28.0,17.0,13.0,5.0,10.0
2011-1720,Bangkok,Hard,28,250,I,20110926,26,Y124,,,Donald Young,L,183.0,USA,22.177,55.0,800.0,MC65,2.0,,Gael Monfils,R,193.0,FRA,25.068,9.0,2780.0,4-6 7-6(5) 7-6(5),3,SF,167.0,0.0,3.0,110.0,80.0,48.0,16.0,17.0,5.0,10.0,13.0,8.0,127.0,76.0,46.0,29.0,17.0,6.0,10.0
2011-1720,Bangkok,Hard,28,250,I,20110926,27,MC10,1.0,,Andy Murray,R,191.0,GBR,24.367,4.0,7165.0,Y124,,,Donald Young,L,183.0,USA,22.177,55.0,800.0,6-2 6-0,3,F,48.0,5.0,0.0,37.0,28.0,23.0,6.0,7.0,0.0,0.0,0.0,1.0,34.0,25.0,8.0,4.0,7.0,0.0,5.0
2011-6003,Kuala Lumpur,Hard,28,250,I,20110926,1,R772,,,Albert Ramos-Vinolas,L,188.0,ESP,23.691,80.0,653.0,K926,,,Mikhail Kukushkin,R,183.0,KAZ,23.751,56.0,799.0,4-6 6-3 4-2 RET,3,R32,130.0,4.0,4.0,81.0,46.0,33.0,21.0,13.0,4.0,6.0,4.0,2.0,87.0,53.0,35.0,16.0,12.0,5.0,8.0
2011-6003,Kuala Lumpur,Hard,28,250,I,20110926,2,P624,,,Philipp Petzschner,R,185.0,GER,27.507,66.0,715.0,Z168,,,Mischa Zverev,L,191.0,GER,24.096,170.0,307.0,7-5 6-3,3,R32,73.0,4.0,3.0,54.0,29.0,21.0,16.0,10.0,3.0,5.0,2.0,3.0,77.0,49.0,28.0,10.0,11.0,3.0,8.0
2011-6003,Kuala Lumpur,Hard,28,250,I,20110926,3,N552,8.0,,Kei Nishikori,R,178.0,JPN,21.741,54.0,810.0,G681,,Q,Teymuraz Gabashvili,R,185.0,GEO,26.344,127.0,430.0,3-6 6-4 6-1,3,R32,132.0,2.0,1.0,86.0,50.0,33.0,18.0,13.0,7.0,11.0,4.0,6.0,82.0,48.0,29.0,14.0,13.0,7.0,13.0
2011-6003,Kuala Lumpur,Hard,28,250,I,20110926,4,C723,,,Flavio Cipolla,R,173.0,ITA,27.934,96.0,583.0,TA46,,,Bernard Tomic,R,196.0,AUS,18.93,59.0,785.0,6-2 6-2,3,R32,73.0,0.0,3.0,54.0,41.0,29.0,7.0,8.0,5.0,6.0,3.0,3.0,47.0,30.0,17.0,5.0,8.0,3.0,8.0
2011-6003,Kuala Lumpur,Hard,28,250,I,20110926,5,K540,,,Lukasz Kubot,R,191.0,POL,29.363,57.0,792.0,R685,,,Lukas Rosol,R,193.0,CZE,26.174,78.0,666.0,6-3 6-3,3,R32,78.0,4.0,6.0,53.0,31.0,26.0,11.0,9.0,4.0,5.0,3.0,4.0,63.0,33.0,21.0,14.0,9.0,4.0,8.0
2011-6003,Kuala Lumpur,Hard,28,250,I,20110926,6,D402,5.0,,Nikolay Davydenko,R,178.0,RUS,30.316,36.0,1160.0,H940,,,Ryan Harrison,R,185.0,USA,19.387,82.0,645.0,6-3 6-2,3,R32,89.0,1.0,5.0,63.0,38.0,20.0,13.0,8.0,9.0,12.0,2.0,3.0,59.0,37.0,14.0,10.0,9.0,4.0,11.0
2011-6003,Kuala Lumpur,Hard,28,250,I,20110926,7,B837,,WC,Marcos Baghdatis,R,178.0,CYP,26.275,60.0,770.0,B842,6.0,,Alex Bogomolov Jr.,R,178.0,RUS,28.427,40.0,1060.0,7-6(3) 6-4,3,R32,105.0,6.0,3.0,69.0,35.0,26.0,24.0,11.0,2.0,2.0,2.0,1.0,65.0,49.0,34.0,10.0,11.0,2.0,3.0
2011-6003,Kuala Lumpur,Hard,28,250,I,20110926,8,D616,,,Somdev Devvarman,R,180.0,IND,26.615,89.0,608.0,L702,,Q,Mikhail Ledovskikh,R,188.0,RUS,25.133,309.0,149.0,7-6(5) 6-4,3,R32,100.0,5.0,1.0,60.0,36.0,30.0,16.0,11.0,0.0,1.0,8.0,3.0,81.0,47.0,36.0,14.0,11.0,4.0,6.0
2011-6003,Kuala Lumpur,Hard,28,250,I,20110926,9,D424,,Q,Rik De Voest,R,180.0,RSA,31.307,129.0,423.0,SG87,,,Ryan Sweeting,R,196.0,USA,24.203,65.0,718.0,4-6 6-3 6-3,3,R32,133.0,1.0,2.0,102.0,69.0,49.0,14.0,14.0,8.0,11.0,5.0,11.0,85.0,47.0,35.0,14.0,14.0,3.0,8.0
2011-6003,Kuala Lumpur,Hard,28,250,I,20110926,10,T315,7.0,,Dmitry Tursunov,R,185.0,RUS,28.789,41.0,989.0,C634,,,Paul Capdeville,R,191.0,CHI,28.485,104.0,563.0,6-2 2-6 6-1,3,R32,134.0,7.0,4.0,96.0,57.0,37.0,20.0,12.0,4.0,6.0,8.0,5.0,88.0,58.0,36.0,12.0,11.0,10.0,14.0
2011-6003,Kuala Lumpur,Hard,28,250,I,20110926,11,GB88,,WC,David Goffin,R,180.0,BEL,20.802,276.0,176.0,E690,,WC,Matthew Ebden,R,188.0,AUS,23.833,135.0,408.0,6-4 7-6(4),3,R32,96.0,2.0,2.0,71.0,36.0,28.0,20.0,11.0,3.0,4.0,8.0,1.0,63.0,42.0,33.0,9.0,11.0,1.0,3.0
2011-6003,Kuala Lumpur,Hard,28,250,I,20110926,12,I165,,,Denis Istomin,R,185.0,UZB,25.051,61.0,765.0,ME05,,Q,Marinko Matosevic,R,193.0,AUS,26.133,154.0,357.0,6-3 6-2,3,R32,74.0,4.0,1.0,60.0,38.0,32.0,10.0,9.0,1.0,1.0,6.0,4.0,63.0,43.0,29.0,5.0,8.0,7.0,10.0
2011-6003,Kuala Lumpur,Hard,28,250,I,20110926,13,A479,1.0,,Nicolas Almagro,R,183.0,ESP,26.097,11.0,2300.0,R772,,,Albert Ramos-Vinolas,L,188.0,ESP,23.691,80.0,653.0,7-6(2) 7-6(4),3,R16,103.0,5.0,4.0,87.0,42.0,35.0,23.0,12.0,1.0,3.0,5.0,2.0,86.0,52.0,33.0,21.0,12.0,1.0,3.0
2011-6003,Kuala Lumpur,Hard,28,250,I,20110926,14,N552,8.0,,Kei Nishikori,R,178.0,JPN,21.741,54.0,810.0,P624,,,Philipp Petzschner,R,185.0,GER,27.507,66.0,715.0,6-3 4-6 7-5,3,R16,139.0,6.0,5.0,108.0,68.0,44.0,20.0,16.0,3.0,7.0,5.0,1.0,89.0,48.0,37.0,14.0,15.0,1.0,6.0
2011-6003,Kuala Lumpur,Hard,28,250,I,20110926,15,T742,3.0,,Janko Tipsarevic,R,180.0,SRB,27.261,17.0,1870.0,C723,,,Flavio Cipolla,R,173.0,ITA,27.934,96.0,583.0,6-2 6-4,3,R16,94.0,5.0,1.0,45.0,25.0,22.0,11.0,9.0,1.0,2.0,0.0,0.0,73.0,59.0,32.0,6.0,9.0,13.0,17.0
2011-6003,Kuala Lumpur,Hard,28,250,I,20110926,16,D402,5.0,,Nikolay Davydenko,R,178.0,RUS,30.316,36.0,1160.0,K540,,,Lukasz Kubot,R,191.0,POL,29.363,57.0,792.0,6-3 7-6(2),3,R16,96.0,2.0,4.0,65.0,46.0,32.0,9.0,11.0,0.0,3.0,5.0,6.0,70.0,44.0,28.0,8.0,10.0,2.0,6.0
2011-6003,Kuala Lumpur,Hard,28,250,I,20110926,17,B837,,WC,Marcos Baghdatis,R,178.0,CYP,26.275,60.0,770.0,D616,,,Somdev Devvarman,R,180.0,IND,26.615,89.0,608.0,7-5 6-4,3,R16,105.0,6.0,3.0,79.0,43.0,33.0,15.0,11.0,10.0,12.0,3.0,1.0,74.0,49.0,28.0,13.0,11.0,2.0,6.0
2011-6003,Kuala Lumpur,Hard,28,250,I,20110926,18,M762,4.0,,Jurgen Melzer,L,183.0,AUT,30.346,21.0,1690.0,D424,,Q,Rik De Voest,R,180.0,RSA,31.307,129.0,423.0,6-0 6-4,3,R16,64.0,4.0,0.0,49.0,37.0,32.0,5.0,8.0,1.0,1.0,2.0,1.0,52.0,35.0,22.0,7.0,8.0,4.0,8.0
2011-6003,Kuala Lumpur,Hard,28,250,I,20110926,19,T315,7.0,,Dmitry Tursunov,R,185.0,RUS,28.789,41.0,989.0,GB88,,WC,David Goffin,R,180.0,BEL,20.802,276.0,176.0,6-3 6-3,3,R16,84.0,8.0,4.0,73.0,44.0,32.0,16.0,9.0,10.0,10.0,6.0,4.0,54.0,31.0,24.0,8.0,9.0,3.0,6.0
2011-6003,Kuala Lumpur,Hard,28,250,I,20110926,20,T840,2.0,,Viktor Troicki,R,193.0,SRB,25.624,15.0,1935.0,I165,,,Denis Istomin,R,185.0,UZB,25.051,61.0,765.0,6-1 6-4,3,R16,78.0,4.0,1.0,54.0,28.0,22.0,16.0,8.0,3.0,3.0,2.0,0.0,67.0,45.0,26.0,10.0,9.0,7.0,11.0
2011-6003,Kuala Lumpur,Hard,28,250,I,20110926,21,N552,8.0,,Kei Nishikori,R,178.0,JPN,21.741,54.0,810.0,A479,1.0,,Nicolas Almagro,R,183.0,ESP,26.097,11.0,2300.0,6-7(5) 6-4 6-4,3,QF,135.0,5.0,4.0,109.0,66.0,45.0,25.0,16.0,3.0,5.0,2.0,5.0,97.0,53.0,38.0,24.0,16.0,2.0,6.0
2011-6003,Kuala Lumpur,Hard,28,250,I,20110926,22,T742,3.0,,Janko Tipsarevic,R,180.0,SRB,27.261,17.0,1870.0,D402,5.0,,Nikolay Davydenko,R,178.0,RUS,30.316,36.0,1160.0,3-1 RET,3,QF,22.0,1.0,1.0,8.0,4.0,3.0,1.0,2.0,0.0,1.0,0.0,0.0,11.0,10.0,3.0,0.0,2.0,1.0,3.0
2011-6003,Kuala Lumpur,Hard,28,250,I,20110926,23,B837,,WC,Marcos Baghdatis,R,178.0,CYP,26.275,60.0,770.0,M762,4.0,,Jurgen Melzer,L,183.0,AUT,30.346,21.0,1690.0,6-3 7-6(3),3,QF,89.0,13.0,2.0,67.0,40.0,34.0,17.0,11.0,4.0,4.0,4.0,1.0,63.0,38.0,25.0,17.0,10.0,5.0,6.0
2011-6003,Kuala Lumpur,Hard,28,250,I,20110926,24,T840,2.0,,Viktor Troicki,R,193.0,SRB,25.624,15.0,1935.0,T315,7.0,,Dmitry Tursunov,R,185.0,RUS,28.789,41.0,989.0,6-4 6-4,3,QF,77.0,8.0,3.0,57.0,33.0,26.0,9.0,10.0,1.0,4.0,3.0,1.0,51.0,34.0,18.0,7.0,10.0,2.0,7.0
2011-6003,Kuala Lumpur,Hard,28,250,I,20110926,25,T742,3.0,,Janko Tipsarevic,R,180.0,SRB,27.261,17.0,1870.0,N552,8.0,,Kei Nishikori,R,178.0,JPN,21.741,54.0,810.0,6-4 6-3,3,SF,110.0,4.0,2.0,60.0,40.0,33.0,10.0,9.0,6.0,6.0,3.0,1.0,59.0,33.0,23.0,14.0,10.0,1.0,4.0
2011-6003,Kuala Lumpur,Hard,28,250,I,20110926,26,B837,,WC,Marcos Baghdatis,R,178.0,CYP,26.275,60.0,770.0,T840,2.0,,Viktor Troicki,R,193.0,SRB,25.624,15.0,1935.0,6-3 6-1,3,SF,84.0,3.0,0.0,61.0,29.0,18.0,17.0,8.0,5.0,7.0,1.0,2.0,48.0,23.0,13.0,4.0,8.0,1.0,7.0
2011-6003,Kuala Lumpur,Hard,28,250,I,20110926,27,T742,3.0,,Janko Tipsarevic,R,180.0,SRB,27.261,17.0,1870.0,B837,,WC,Marcos Baghdatis,R,178.0,CYP,26.275,60.0,770.0,6-4 7-5,3,F,126.0,9.0,0.0,79.0,40.0,27.0,21.0,11.0,8.0,11.0,9.0,2.0,75.0,35.0,25.0,15.0,11.0,6.0,11.0
2011-329,Tokyo,Hard,32,500,O,20111003,1,N409,1.0,,Rafael Nadal,L,185.0,ESP,25.333,2.0,10575.0,SC47,,WC,Go Soeda,R,178.0,JPN,27.075,118.0,487.0,6-3 6-2,3,R32,91.0,3.0,0.0,52.0,44.0,30.0,5.0,8.0,3.0,3.0,0.0,0.0,60.0,34.0,15.0,16.0,9.0,4.0,8.0
2011-329,Tokyo,Hard,32,500,O,20111003,2,R975,,,Milos Raonic,R,196.0,CAN,20.767,30.0,1252.0,SE73,,WC,Yuichi Sugita,R,175.0,JPN,23.039,175.0,298.0,6-7(4) 6-3 7-6(1),3,R32,132.0,16.0,2.0,102.0,78.0,63.0,10.0,17.0,1.0,2.0,3.0,3.0,95.0,68.0,52.0,12.0,16.0,3.0,5.0
2011-329,Tokyo,Hard,32,500,O,20111003,3,G725,,,Santiago Giraldo,R,188.0,COL,23.849,53.0,835.0,H756,,,Robin Haase,R,191.0,NED,24.493,41.0,1001.0,6-3 7-6(5),3,R32,84.0,4.0,1.0,78.0,54.0,44.0,14.0,11.0,4.0,4.0,8.0,1.0,62.0,40.0,32.0,11.0,10.0,0.0,1.0
2011-329,Tokyo,Hard,32,500,O,20111003,4,T315,,,Dmitry Tursunov,R,185.0,RUS,28.808,40.0,1028.0,T742,6.0,,Janko Tipsarevic,R,180.0,SRB,27.28,13.0,2075.0,7-6(6) 6-7(3) 7-5,3,R32,181.0,14.0,5.0,124.0,76.0,50.0,26.0,18.0,5.0,9.0,13.0,4.0,108.0,72.0,50.0,19.0,18.0,1.0,6.0
2011-329,Tokyo,Hard,32,500,O,20111003,5,F339,4.0,,Mardy Fish,R,188.0,USA,29.815,8.0,2820.0,H940,,Q,Ryan Harrison,R,185.0,USA,19.406,80.0,645.0,6-4 3-6 7-5,3,R32,164.0,2.0,2.0,108.0,70.0,46.0,21.0,16.0,11.0,15.0,7.0,4.0,99.0,59.0,37.0,20.0,15.0,7.0,11.0
2011-329,Tokyo,Hard,32,500,O,20111003,6,G858,,,Ernests Gulbis,R,191.0,LAT,23.091,49.0,875.0,K540,,,Lukasz Kubot,R,191.0,POL,29.383,56.0,812.0,6-3 3-6 7-5,3,R32,150.0,16.0,3.0,90.0,56.0,46.0,19.0,15.0,3.0,4.0,2.0,2.0,105.0,65.0,49.0,17.0,15.0,7.0,9.0
2011-329,Tokyo,Hard,32,500,O,20111003,7,I230,,WC,Tatsuma Ito,R,180.0,JPN,23.376,130.0,426.0,SC56,,Q,Dudi Sela,R,175.0,ISR,26.497,102.0,565.0,6-4 3-6 6-3,3,R32,132.0,2.0,1.0,78.0,52.0,33.0,15.0,14.0,3.0,7.0,3.0,1.0,99.0,62.0,36.0,20.0,14.0,10.0,15.0
2011-329,Tokyo,Hard,32,500,O,20111003,8,TA46,,,Bernard Tomic,R,196.0,AUS,18.949,58.0,785.0,T840,5.0,,Viktor Troicki,R,193.0,SRB,25.643,16.0,1980.0,7-6(6) 7-6(1),3,R32,103.0,2.0,2.0,75.0,53.0,41.0,15.0,12.0,4.0,5.0,7.0,2.0,83.0,49.0,40.0,15.0,12.0,5.0,6.0
2011-329,Tokyo,Hard,32,500,O,20111003,9,S694,7.0,,Radek Stepanek,R,185.0,CZE,32.849,24.0,1455.0,D616,,,Somdev Devvarman,R,180.0,IND,26.634,85.0,628.0,6-4 6-3,3,R32,92.0,2.0,1.0,56.0,36.0,25.0,13.0,10.0,5.0,7.0,1.0,0.0,60.0,42.0,22.0,11.0,9.0,4.0,8.0
2011-329,Tokyo,Hard,32,500,O,20111003,10,C582,,Q,Marco Chiudinelli,R,185.0,SUI,30.062,237.0,207.0,G476,,,Guillermo Garcia-Lopez,R,185.0,ESP,28.331,44.0,935.0,6-1 4-6 6-4,3,R32,148.0,6.0,1.0,100.0,74.0,47.0,11.0,14.0,7.0,10.0,3.0,4.0,80.0,35.0,21.0,24.0,13.0,3.0,8.0
2011-329,Tokyo,Hard,32,500,O,20111003,11,E690,,Q,Matthew Ebden,R,188.0,AUS,23.852,137.0,408.0,A596,,,Pablo Andujar,R,180.0,ESP,25.692,45.0,930.0,6-7(4) 6-4 6-4,3,R32,147.0,8.0,4.0,107.0,72.0,53.0,19.0,16.0,7.0,8.0,0.0,5.0,104.0,65.0,49.0,18.0,16.0,5.0,8.0
2011-329,Tokyo,Hard,32,500,O,20111003,12,F401,3.0,,David Ferrer,R,175.0,ESP,29.503,5.0,4200.0,N552,,,Kei Nishikori,R,178.0,JPN,21.76,47.0,885.0,6-4 6-3,3,R32,89.0,1.0,2.0,67.0,43.0,32.0,10.0,10.0,5.0,7.0,4.0,2.0,59.0,39.0,23.0,9.0,9.0,6.0,10.0
2011-329,Tokyo,Hard,32,500,O,20111003,13,D646,,,Ivan Dodig,R,183.0,CRO,26.749,35.0,1147.0,MA21,8.0,,Juan Monaco,R,185.0,ARG,27.513,27.0,1340.0,6-2 2-6 7-6(1),3,R32,163.0,8.0,3.0,99.0,52.0,40.0,22.0,14.0,6.0,9.0,0.0,3.0,88.0,55.0,34.0,21.0,14.0,3.0,6.0
2011-329,Tokyo,Hard,32,500,O,20111003,14,N301,,,David Nalbandian,R,180.0,ARG,29.752,64.0,735.0,R685,,,Lukas Rosol,R,193.0,CZE,26.193,77.0,666.0,6-1 6-1,3,R32,49.0,5.0,1.0,34.0,20.0,17.0,11.0,7.0,0.0,0.0,5.0,2.0,53.0,32.0,17.0,7.0,7.0,12.0,17.0
2011-329,Tokyo,Hard,32,500,O,20111003,15,B842,,,Alex Bogomolov Jr.,R,178.0,RUS,28.446,38.0,1060.0,N289,,,Jarkko Nieminen,L,185.0,FIN,30.196,62.0,746.0,6-4 6-4,3,R32,93.0,3.0,1.0,53.0,44.0,31.0,6.0,10.0,2.0,3.0,2.0,1.0,78.0,55.0,31.0,14.0,10.0,7.0,10.0
2011-329,Tokyo,Hard,32,500,O,20111003,16,MC10,2.0,,Andy Murray,R,191.0,GBR,24.386,4.0,7415.0,B837,,,Marcos Baghdatis,R,178.0,CYP,26.294,54.0,830.0,7-6(4) 2-6 6-4,3,R32,153.0,8.0,1.0,93.0,51.0,38.0,21.0,15.0,4.0,8.0,6.0,3.0,117.0,69.0,47.0,21.0,15.0,6.0,9.0
2011-329,Tokyo,Hard,32,500,O,20111003,17,N409,1.0,,Rafael Nadal,L,185.0,ESP,25.333,2.0,10575.0,R975,,,Milos Raonic,R,196.0,CAN,20.767,30.0,1252.0,7-5 6-3,3,R16,91.0,2.0,1.0,56.0,43.0,33.0,12.0,11.0,0.0,0.0,8.0,1.0,50.0,28.0,24.0,11.0,10.0,0.0,2.0
2011-329,Tokyo,Hard,32,500,O,20111003,18,G725,,,Santiago Giraldo,R,188.0,COL,23.849,53.0,835.0,T315,,,Dmitry Tursunov,R,185.0,RUS,28.808,40.0,1028.0,6-4 7-6(4),3,R16,118.0,6.0,1.0,71.0,46.0,32.0,17.0,11.0,1.0,2.0,9.0,4.0,73.0,52.0,34.0,13.0,11.0,5.0,7.0
2011-329,Tokyo,Hard,32,500,O,20111003,19,F339,4.0,,Mardy Fish,R,188.0,USA,29.815,8.0,2820.0,G858,,,Ernests Gulbis,R,191.0,LAT,23.091,49.0,875.0,6-2 6-4,3,R16,77.0,4.0,0.0,51.0,29.0,25.0,13.0,9.0,3.0,3.0,7.0,3.0,57.0,37.0,26.0,7.0,9.0,3.0,6.0
2011-329,Tokyo,Hard,32,500,O,20111003,20,TA46,,,Bernard Tomic,R,196.0,AUS,18.949,58.0,785.0,I230,,WC,Tatsuma Ito,R,180.0,JPN,23.376,130.0,426.0,6-7(4) 6-1 7-5,3,R16,144.0,15.0,1.0,99.0,72.0,52.0,13.0,15.0,7.0,9.0,10.0,5.0,114.0,61.0,38.0,25.0,16.0,13.0,19.0
2011-329,Tokyo,Hard,32,500,O,20111003,21,S694,7.0,,Radek Stepanek,R,185.0,CZE,32.849,24.0,1455.0,C582,,Q,Marco Chiudinelli,R,185.0,SUI,30.062,237.0,207.0,7-5 6-7(5) 6-1,3,R16,148.0,10.0,3.0,105.0,78.0,59.0,11.0,16.0,7.0,9.0,3.0,3.0,102.0,64.0,42.0,16.0,15.0,7.0,12.0
2011-329,Tokyo,Hard,32,500,O,20111003,22,F401,3.0,,David Ferrer,R,175.0,ESP,29.503,5.0,4200.0,E690,,Q,Matthew Ebden,R,188.0,AUS,23.852,137.0,408.0,4-6 6-2 6-2,3,R16,116.0,6.0,4.0,72.0,44.0,28.0,16.0,13.0,2.0,5.0,4.0,3.0,85.0,47.0,30.0,14.0,13.0,2.0,8.0
2011-329,Tokyo,Hard,32,500,O,20111003,23,N301,,,David Nalbandian,R,180.0,ARG,29.752,64.0,735.0,D646,,,Ivan Dodig,R,183.0,CRO,26.749,35.0,1147.0,7-6(2) 6-2,3,R16,115.0,2.0,3.0,70.0,34.0,24.0,19.0,10.0,3.0,6.0,14.0,4.0,82.0,47.0,29.0,11.0,10.0,7.0,12.0
2011-329,Tokyo,Hard,32,500,O,20111003,24,MC10,2.0,,Andy Murray,R,191.0,GBR,24.386,4.0,7415.0,B842,,,Alex Bogomolov Jr.,R,178.0,RUS,28.446,38.0,1060.0,6-1 6-2,3,R16,58.0,11.0,0.0,35.0,22.0,21.0,7.0,7.0,0.0,0.0,0.0,2.0,47.0,33.0,16.0,4.0,8.0,3.0,8.0
2011-329,Tokyo,Hard,32,500,O,20111003,25,N409,1.0,,Rafael Nadal,L,185.0,ESP,25.333,2.0,10575.0,G725,,,Santiago Giraldo,R,188.0,COL,23.849,53.0,835.0,7-6(6) 6-3,3,QF,123.0,5.0,0.0,70.0,48.0,37.0,15.0,11.0,3.0,4.0,2.0,0.0,66.0,41.0,24.0,17.0,10.0,2.0,4.0
2011-329,Tokyo,Hard,32,500,O,20111003,26,F339,4.0,,Mardy Fish,R,188.0,USA,29.815,8.0,2820.0,TA46,,,Bernard Tomic,R,196.0,AUS,18.949,58.0,785.0,6-7(5) 6-4 6-1,3,QF,131.0,10.0,2.0,85.0,51.0,41.0,14.0,14.0,3.0,5.0,7.0,5.0,103.0,65.0,44.0,12.0,15.0,3.0,9.0
2011-329,Tokyo,Hard,32,500,O,20111003,27,F401,3.0,,David Ferrer,R,175.0,ESP,29.503,5.0,4200.0,S694,7.0,,Radek Stepanek,R,185.0,CZE,32.849,24.0,1455.0,6-2 7-6(3),3,QF,104.0,3.0,3.0,82.0,49.0,34.0,20.0,10.0,5.0,6.0,3.0,1.0,64.0,44.0,27.0,10.0,10.0,3.0,6.0
2011-329,Tokyo,Hard,32,500,O,20111003,28,MC10,2.0,,Andy Murray,R,191.0,GBR,24.386,4.0,7415.0,N301,,,David Nalbandian,R,180.0,ARG,29.752,64.0,735.0,6-4 7-5,3,QF,99.0,9.0,3.0,60.0,33.0,28.0,14.0,11.0,1.0,3.0,3.0,2.0,71.0,48.0,33.0,6.0,11.0,4.0,8.0
2011-329,Tokyo,Hard,32,500,O,20111003,29,N409,1.0,,Rafael Nadal,L,185.0,ESP,25.333,2.0,10575.0,F339,4.0,,Mardy Fish,R,188.0,USA,29.815,8.0,2820.0,7-5 6-1,3,SF,96.0,2.0,1.0,48.0,28.0,20.0,17.0,9.0,0.0,0.0,5.0,0.0,63.0,37.0,24.0,13.0,10.0,2.0,6.0
2011-329,Tokyo,Hard,32,500,O,20111003,30,MC10,2.0,,Andy Murray,R,191.0,GBR,24.386,4.0,7415.0,F401,3.0,,David Ferrer,R,175.0,ESP,29.503,5.0,4200.0,6-2 6-3,3,SF,81.0,4.0,0.0,48.0,25.0,21.0,14.0,8.0,1.0,1.0,2.0,3.0,57.0,36.0,17.0,11.0,9.0,2.0,6.0
2011-329,Tokyo,Hard,32,500,O,20111003,31,MC10,2.0,,Andy Murray,R,191.0,GBR,24.386,4.0,7415.0,N409,1.0,,Rafael Nadal,L,185.0,ESP,25.333,2.0,10575.0,3-6 6-2 6-0,3,F,136.0,6.0,1.0,64.0,39.0,31.0,16.0,11.0,5.0,6.0,3.0,0.0,77.0,53.0,23.0,17.0,12.0,4.0,9.0
2011-747,Beijing,Hard,32,500,O,20111003,1,T786,1.0,,Jo-Wilfried Tsonga,R,188.0,FRA,26.461,7.0,2870.0,D875,,,Grigor Dimitrov,R,191.0,BUL,20.383,70.0,696.0,7-6(5) 7-5,3,R32,108.0,9.0,3.0,79.0,50.0,38.0,19.0,12.0,2.0,3.0,7.0,0.0,64.0,43.0,32.0,16.0,12.0,2.0,4.0
2011-747,Beijing,Hard,32,500,O,20111003,2,Z272,,WC,Ze Zhang,R,188.0,CHN,21.248,389.0,105.0,L733,,WC,Zhe Li,R,183.0,CHN,25.035,348.0,124.0,6-1 6-3,3,R32,74.0,3.0,4.0,46.0,27.0,24.0,10.0,8.0,2.0,2.0,2.0,3.0,57.0,43.0,26.0,4.0,8.0,5.0,9.0
2011-747,Beijing,Hard,32,500,O,20111003,3,F316,,,Juan Carlos Ferrero,R,183.0,ESP,31.639,84.0,630.0,BD20,,,Thomaz Bellucci,L,188.0,BRA,23.759,36.0,1145.0,6-1 7-6(4),3,R32,84.0,2.0,3.0,62.0,34.0,34.0,14.0,10.0,4.0,4.0,6.0,1.0,63.0,39.0,29.0,10.0,9.0,2.0,4.0
2011-747,Beijing,Hard,32,500,O,20111003,4,G710,,,Marcel Granollers,R,191.0,ESP,25.476,32.0,1180.0,SD32,5.0,,Gilles Simon,R,183.0,FRA,26.765,12.0,2255.0,6-3 6-1,3,R32,69.0,1.0,0.0,44.0,29.0,21.0,10.0,8.0,2.0,3.0,1.0,7.0,47.0,19.0,12.0,9.0,8.0,0.0,5.0
2011-747,Beijing,Hard,32,500,O,20111003,5,BA47,3.0,,Tomas Berdych,R,196.0,CZE,26.042,10.0,2775.0,M762,,,Jurgen Melzer,L,183.0,AUT,30.366,21.0,1690.0,7-5 7-5,3,R32,97.0,5.0,2.0,68.0,36.0,28.0,24.0,12.0,3.0,3.0,4.0,3.0,68.0,46.0,33.0,11.0,12.0,1.0,3.0
2011-747,Beijing,Hard,32,500,O,20111003,6,K435,,Q,Philipp Kohlschreiber,R,178.0,GER,27.964,52.0,845.0,R419,,,Tommy Robredo,R,180.0,ESP,29.424,46.0,905.0,6-3 7-6(0),3,R32,93.0,1.0,3.0,68.0,38.0,30.0,17.0,10.0,3.0,4.0,5.0,4.0,65.0,35.0,26.0,10.0,11.0,0.0,3.0
2011-747,Beijing,Hard,32,500,O,20111003,7,V306,,,Fernando Verdasco,L,188.0,ESP,27.882,23.0,1515.0,L428,,,Michael Llodra,L,191.0,FRA,31.376,33.0,1165.0,6-2 6-4,3,R32,72.0,3.0,1.0,42.0,36.0,33.0,3.0,9.0,0.0,0.0,4.0,4.0,65.0,34.0,28.0,9.0,9.0,7.0,10.0
2011-747,Beijing,Hard,32,500,O,20111003,8,C723,,Q,Flavio Cipolla,R,173.0,ITA,27.953,95.0,588.0,D801,8.0,,Alexandr Dolgopolov,R,180.0,UKR,22.902,19.0,1745.0,6-1 1-6 6-0,3,R32,95.0,1.0,3.0,72.0,42.0,28.0,17.0,10.0,5.0,7.0,3.0,7.0,68.0,30.0,20.0,16.0,10.0,7.0,12.0
2011-747,Beijing,Hard,32,500,O,20111003,9,L360,,,Ivan Ljubicic,R,193.0,CRO,32.542,26.0,1375.0,G681,,LL,Teymuraz Gabashvili,R,185.0,GEO,26.363,128.0,432.0,7-5 7-5,3,R32,98.0,14.0,3.0,56.0,37.0,30.0,10.0,12.0,0.0,3.0,0.0,0.0,0.0,0.0,0.0,0.0,0.0,0.0,0.0
2011-747,Beijing,Hard,32,500,O,20111003,10,MB02,,,Florian Mayer,R,191.0,GER,27.995,22.0,1645.0,R772,,Q,Albert Ramos-Vinolas,L,188.0,ESP,23.71,78.0,656.0,6-2 6-4,3,R32,72.0,1.0,3.0,54.0,33.0,27.0,12.0,9.0,4.0,4.0,2.0,3.0,65.0,39.0,25.0,11.0,9.0,7.0,10.0
2011-747,Beijing,Hard,32,500,O,20111003,11,L397,,,Feliciano Lopez,L,188.0,ESP,30.034,28.0,1325.0,K771,,Q,Marsel Ilhan,R,191.0,TUR,24.312,114.0,510.0,6-2 7-6(6),3,R32,99.0,10.0,3.0,65.0,37.0,33.0,18.0,10.0,3.0,3.0,11.0,4.0,77.0,42.0,30.0,21.0,10.0,3.0,5.0
2011-747,Beijing,Hard,32,500,O,20111003,12,Y061,,,Mikhail Youzhny,R,183.0,RUS,29.273,37.0,1090.0,A479,4.0,,Nicolas Almagro,R,183.0,ESP,26.116,11.0,2300.0,6-3 6-2,3,R32,69.0,3.0,3.0,49.0,25.0,20.0,12.0,8.0,4.0,5.0,7.0,2.0,57.0,26.0,21.0,7.0,9.0,5.0,10.0
2011-747,Beijing,Hard,32,500,O,20111003,13,A678,,,Kevin Anderson,R,203.0,RSA,25.377,31.0,1200.0,R485,6.0,,Andy Roddick,R,188.0,USA,29.092,15.0,1995.0,6-4 7-5,3,R32,102.0,8.0,1.0,62.0,39.0,32.0,11.0,11.0,4.0,6.0,5.0,1.0,64.0,46.0,30.0,7.0,11.0,6.0,10.0
2011-747,Beijing,Hard,32,500,O,20111003,14,M824,,,Albert Montanes,R,175.0,ESP,30.85,55.0,825.0,C634,,LL,Paul Capdeville,R,191.0,CHI,28.504,103.0,563.0,6-3 6-3,3,R32,53.0,12.0,1.0,47.0,25.0,24.0,13.0,9.0,1.0,1.0,0.0,0.0,0.0,0.0,0.0,0.0,0.0,0.0,0.0
2011-747,Beijing,Hard,32,500,O,20111003,15,C977,,,Marin Cilic,R,198.0,CRO,23.012,25.0,1435.0,W571,,WC,Di Wu,R,173.0,CHN,20.052,425.0,88.0,6-2 6-0,3,R32,55.0,3.0,3.0,33.0,17.0,15.0,9.0,7.0,0.0,1.0,0.0,1.0,44.0,28.0,11.0,5.0,7.0,3.0,9.0
2011-747,Beijing,Hard,32,500,O,20111003,16,F510,,,Fabio Fognini,R,178.0,ITA,24.361,39.0,1050.0,Z189,,LL,Grega Zemlja,R,183.0,SLO,25.01,117.0,490.0,6-4 6-1,3,R32,68.0,4.0,3.0,50.0,33.0,25.0,10.0,8.0,1.0,1.0,1.0,5.0,60.0,36.0,21.0,11.0,9.0,5.0,9.0
2011-747,Beijing,Hard,32,500,O,20111003,17,T786,1.0,,Jo-Wilfried Tsonga,R,188.0,FRA,26.461,7.0,2870.0,Z272,,WC,Ze Zhang,R,188.0,CHN,21.248,389.0,105.0,6-3 6-4,3,R16,76.0,8.0,1.0,57.0,34.0,28.0,13.0,10.0,3.0,4.0,4.0,5.0,60.0,37.0,24.0,9.0,9.0,4.0,7.0
2011-747,Beijing,Hard,32,500,O,20111003,18,F316,,,Juan Carlos Ferrero,R,183.0,ESP,31.639,84.0,630.0,G710,,,Marcel Granollers,R,191.0,ESP,25.476,32.0,1180.0,6-4 6-4,3,R16,98.0,5.0,4.0,62.0,33.0,27.0,18.0,10.0,3.0,3.0,6.0,2.0,61.0,34.0,26.0,13.0,10.0,2.0,4.0
2011-747,Beijing,Hard,32,500,O,20111003,19,BA47,3.0,,Tomas Berdych,R,196.0,CZE,26.042,10.0,2775.0,K435,,Q,Philipp Kohlschreiber,R,178.0,GER,27.964,52.0,845.0,6-2 6-0,3,R16,63.0,4.0,3.0,38.0,17.0,14.0,13.0,7.0,1.0,2.0,3.0,2.0,54.0,26.0,14.0,7.0,7.0,7.0,13.0
2011-747,Beijing,Hard,32,500,O,20111003,20,V306,,,Fernando Verdasco,L,188.0,ESP,27.882,23.0,1515.0,C723,,Q,Flavio Cipolla,R,173.0,ITA,27.953,95.0,588.0,2-6 6-1 6-2,3,R16,104.0,2.0,2.0,65.0,52.0,36.0,6.0,12.0,2.0,5.0,0.0,2.0,70.0,51.0,28.0,9.0,11.0,3.0,8.0
2011-747,Beijing,Hard,32,500,O,20111003,21,L360,,,Ivan Ljubicic,R,193.0,CRO,32.542,26.0,1375.0,MB02,,,Florian Mayer,R,191.0,GER,27.995,22.0,1645.0,6-0 2-6 6-3,3,R16,113.0,13.0,1.0,64.0,30.0,28.0,17.0,12.0,2.0,4.0,6.0,2.0,67.0,35.0,24.0,15.0,11.0,4.0,8.0
2011-747,Beijing,Hard,32,500,O,20111003,22,Y061,,,Mikhail Youzhny,R,183.0,RUS,29.273,37.0,1090.0,L397,,,Feliciano Lopez,L,188.0,ESP,30.034,28.0,1325.0,6-7(5) 6-2 7-5,3,R16,144.0,4.0,8.0,105.0,59.0,43.0,22.0,16.0,7.0,10.0,20.0,10.0,100.0,55.0,41.0,20.0,16.0,4.0,10.0
2011-747,Beijing,Hard,32,500,O,20111003,23,A678,,,Kevin Anderson,R,203.0,RSA,25.377,31.0,1200.0,M824,,,Albert Montanes,R,175.0,ESP,30.85,55.0,825.0,7-6(3) 7-6(4),3,R16,129.0,13.0,5.0,89.0,57.0,45.0,11.0,12.0,3.0,6.0,3.0,10.0,89.0,46.0,30.0,21.0,12.0,5.0,8.0
2011-747,Beijing,Hard,32,500,O,20111003,24,C977,,,Marin Cilic,R,198.0,CRO,23.012,25.0,1435.0,F510,,,Fabio Fognini,R,178.0,ITA,24.361,39.0,1050.0,6-2 6-7(1) 6-3,3,R16,114.0,8.0,3.0,70.0,38.0,31.0,16.0,14.0,0.0,3.0,0.0,9.0,101.0,59.0,36.0,16.0,15.0,6.0,13.0
2011-747,Beijing,Hard,32,500,O,20111003,25,T786,1.0,,Jo-Wilfried Tsonga,R,188.0,FRA,26.461,7.0,2870.0,F316,,,Juan Carlos Ferrero,R,183.0,ESP,31.639,84.0,630.0,6-3 6-4,3,QF,71.0,10.0,3.0,58.0,36.0,32.0,11.0,10.0,0.0,0.0,0.0,1.0,45.0,33.0,23.0,7.0,9.0,0.0,2.0
2011-747,Beijing,Hard,32,500,O,20111003,26,BA47,3.0,,Tomas Berdych,R,196.0,CZE,26.042,10.0,2775.0,V306,,,Fernando Verdasco,L,188.0,ESP,27.882,23.0,1515.0,6-1 6-0,3,QF,66.0,1.0,1.0,41.0,25.0,17.0,11.0,7.0,0.0,1.0,0.0,5.0,45.0,27.0,11.0,4.0,6.0,2.0,8.0
2011-747,Beijing,Hard,32,500,O,20111003,27,L360,,,Ivan Ljubicic,R,193.0,CRO,32.542,26.0,1375.0,Y061,,,Mikhail Youzhny,R,183.0,RUS,29.273,37.0,1090.0,7-6(4) 6-7(4) 6-2,3,QF,172.0,17.0,4.0,103.0,55.0,45.0,23.0,16.0,4.0,7.0,1.0,9.0,129.0,70.0,43.0,30.0,16.0,15.0,20.0
2011-747,Beijing,Hard,32,500,O,20111003,28,C977,,,Marin Cilic,R,198.0,CRO,23.012,25.0,1435.0,A678,,,Kevin Anderson,R,203.0,RSA,25.377,31.0,1200.0,7-6(4) 4-6 6-1,3,QF,144.0,6.0,4.0,93.0,51.0,38.0,21.0,15.0,3.0,6.0,7.0,5.0,100.0,63.0,46.0,13.0,14.0,6.0,10.0
2011-747,Beijing,Hard,32,500,O,20111003,29,BA47,3.0,,Tomas Berdych,R,196.0,CZE,26.042,10.0,2775.0,T786,1.0,,Jo-Wilfried Tsonga,R,188.0,FRA,26.461,7.0,2870.0,6-4 4-6 6-1,3,SF,127.0,8.0,4.0,77.0,48.0,42.0,14.0,14.0,0.0,1.0,10.0,2.0,86.0,52.0,38.0,14.0,13.0,6.0,9.0
2011-747,Beijing,Hard,32,500,O,20111003,30,C977,,,Marin Cilic,R,198.0,CRO,23.012,25.0,1435.0,L360,,,Ivan Ljubicic,R,193.0,CRO,32.542,26.0,1375.0,6-4 6-3,3,SF,98.0,13.0,1.0,61.0,34.0,28.0,14.0,9.0,7.0,7.0,9.0,2.0,66.0,34.0,24.0,14.0,10.0,6.0,9.0
2011-747,Beijing,Hard,32,500,O,20111003,31,BA47,3.0,,Tomas Berdych,R,196.0,CZE,26.042,10.0,2775.0,C977,,,Marin Cilic,R,198.0,CRO,23.012,25.0,1435.0,3-6 6-4 6-1,3,F,121.0,7.0,1.0,84.0,52.0,37.0,18.0,13.0,3.0,5.0,7.0,1.0,71.0,37.0,21.0,23.0,13.0,1.0,5.0
2011-5014,Shanghai Masters,Hard,56,M,O,20111009,1,G476,,,Guillermo Garcia-Lopez,R,185.0,ESP,28.348,53.0,865.0,D616,,,Somdev Devvarman,R,180.0,IND,26.65,84.0,628.0,6-4 6-3,3,R64,87.0,2.0,4.0,66.0,26.0,20.0,22.0,10.0,6.0,7.0,2.0,1.0,53.0,24.0,20.0,11.0,9.0,2.0,5.0
2011-5014,Shanghai Masters,Hard,56,M,O,20111009,2,N301,,WC,David Nalbandian,R,180.0,ARG,29.769,57.0,805.0,G858,,,Ernests Gulbis,R,191.0,LAT,23.107,51.0,875.0,7-5 6-4,3,R64,92.0,6.0,3.0,67.0,36.0,30.0,17.0,11.0,2.0,3.0,10.0,9.0,69.0,38.0,31.0,11.0,11.0,9.0,12.0
2011-5014,Shanghai Masters,Hard,56,M,O,20111009,3,MB02,15.0,,Florian Mayer,R,191.0,GER,28.011,23.0,1645.0,F510,,,Fabio Fognini,R,178.0,ITA,24.378,39.0,1075.0,6-0 6-2,3,R64,48.0,4.0,0.0,35.0,19.0,18.0,11.0,7.0,0.0,0.0,1.0,3.0,41.0,26.0,12.0,4.0,7.0,1.0,6.0
2011-5014,Shanghai Masters,Hard,56,M,O,20111009,4,L397,,,Feliciano Lopez,L,188.0,ESP,30.051,28.0,1325.0,T742,9.0,,Janko Tipsarevic,R,180.0,SRB,27.296,13.0,2075.0,7-6(2) 7-6(3),3,R64,123.0,12.0,3.0,78.0,37.0,30.0,24.0,12.0,2.0,4.0,7.0,4.0,84.0,48.0,29.0,23.0,12.0,4.0,6.0
2011-5014,Shanghai Masters,Hard,56,M,O,20111009,5,B842,,,Alex Bogomolov Jr.,R,178.0,RUS,28.463,38.0,1076.0,G710,,,Marcel Granollers,R,191.0,ESP,25.492,36.0,1141.0,6-2 6-3,3,R64,82.0,1.0,0.0,55.0,39.0,25.0,13.0,8.0,6.0,6.0,1.0,5.0,57.0,31.0,20.0,10.0,9.0,2.0,6.0
2011-5014,Shanghai Masters,Hard,56,M,O,20111009,6,S694,,,Radek Stepanek,R,185.0,CZE,32.865,26.0,1365.0,Z272,,WC,Ze Zhang,R,188.0,CHN,21.265,307.0,150.0,6-3 6-3,3,R64,69.0,5.0,1.0,56.0,38.0,28.0,12.0,9.0,2.0,3.0,3.0,4.0,53.0,35.0,22.0,6.0,9.0,4.0,8.0
2011-5014,Shanghai Masters,Hard,56,M,O,20111009,7,R975,,,Milos Raonic,R,196.0,CAN,20.783,31.0,1232.0,L428,,,Michael Llodra,L,191.0,FRA,31.392,33.0,1165.0,6-7(2) 6-2 7-6(5),3,R64,138.0,11.0,1.0,108.0,71.0,52.0,22.0,16.0,7.0,8.0,3.0,8.0,117.0,73.0,53.0,23.0,16.0,11.0,14.0
2011-5014,Shanghai Masters,Hard,56,M,O,20111009,8,F316,,,Juan Carlos Ferrero,R,183.0,ESP,31.655,69.0,720.0,Y061,,,Mikhail Youzhny,R,183.0,RUS,29.29,34.0,1165.0,7-6(4) 6-4,3,R64,112.0,4.0,0.0,65.0,38.0,30.0,21.0,11.0,3.0,3.0,6.0,5.0,102.0,61.0,45.0,19.0,11.0,13.0,14.0
2011-5014,Shanghai Masters,Hard,56,M,O,20111009,9,V306,16.0,,Fernando Verdasco,L,188.0,ESP,27.899,24.0,1560.0,L733,,WC,Zhe Li,R,183.0,CHN,25.051,358.0,116.0,6-2 6-2,3,R64,75.0,6.0,0.0,53.0,35.0,27.0,9.0,8.0,1.0,1.0,5.0,2.0,50.0,29.0,20.0,6.0,8.0,2.0,6.0
2011-5014,Shanghai Masters,Hard,56,M,O,20111009,10,R485,10.0,,Andy Roddick,R,188.0,USA,29.109,15.0,1985.0,L575,,Q,Yen-Hsun Lu,R,180.0,TPE,28.153,74.0,686.0,6-2 3-6 6-2,3,R64,112.0,10.0,2.0,71.0,41.0,32.0,18.0,12.0,4.0,5.0,7.0,7.0,87.0,49.0,35.0,16.0,13.0,7.0,11.0
2011-5014,Shanghai Masters,Hard,56,M,O,20111009,11,D875,,,Grigor Dimitrov,R,191.0,BUL,20.4,72.0,696.0,K771,,Q,Marsel Ilhan,R,191.0,TUR,24.329,109.0,520.0,2-6 6-1 6-4,3,R64,104.0,11.0,7.0,84.0,46.0,36.0,16.0,13.0,6.0,9.0,1.0,5.0,92.0,51.0,32.0,20.0,12.0,8.0,12.0
2011-5014,Shanghai Masters,Hard,56,M,O,20111009,12,R419,,,Tommy Robredo,R,180.0,ESP,29.44,46.0,885.0,B752,,Q,Stephane Bohli,R,185.0,SUI,28.208,247.0,197.0,7-6(3) 7-6(4),3,R64,122.0,4.0,4.0,88.0,60.0,40.0,17.0,12.0,6.0,8.0,3.0,1.0,83.0,48.0,37.0,16.0,12.0,5.0,7.0
2011-5014,Shanghai Masters,Hard,56,M,O,20111009,13,TA46,,,Bernard Tomic,R,196.0,AUS,18.965,49.0,875.0,A678,,,Kevin Anderson,R,203.0,RSA,25.394,30.0,1245.0,7-6(5) 6-7(4) 6-3,3,R64,157.0,7.0,1.0,110.0,74.0,57.0,25.0,17.0,2.0,2.0,25.0,3.0,133.0,83.0,68.0,20.0,16.0,11.0,12.0
2011-5014,Shanghai Masters,Hard,56,M,O,20111009,14,R772,,Q,Albert Ramos-Vinolas,L,188.0,ESP,23.726,77.0,659.0,C977,,,Marin Cilic,R,198.0,CRO,23.028,22.0,1645.0,6-3 6-4,3,R64,86.0,3.0,0.0,61.0,31.0,24.0,17.0,10.0,1.0,2.0,5.0,3.0,57.0,30.0,22.0,12.0,9.0,3.0,6.0
2011-5014,Shanghai Masters,Hard,56,M,O,20111009,15,D801,12.0,,Alexandr Dolgopolov,R,180.0,UKR,22.919,18.0,1745.0,K540,,,Lukasz Kubot,R,191.0,POL,29.399,58.0,792.0,6-4 7-6(6),3,R64,100.0,8.0,2.0,65.0,22.0,14.0,28.0,11.0,0.0,2.0,5.0,2.0,78.0,46.0,31.0,15.0,11.0,7.0,10.0
2011-5014,Shanghai Masters,Hard,56,M,O,20111009,16,M762,14.0,,Jurgen Melzer,L,183.0,AUT,30.382,20.0,1690.0,L360,,,Ivan Ljubicic,R,193.0,CRO,32.559,25.0,1375.0,6-4 6-2,3,R64,76.0,4.0,1.0,47.0,27.0,23.0,13.0,9.0,2.0,3.0,5.0,4.0,60.0,31.0,18.0,14.0,9.0,4.0,8.0
2011-5014,Shanghai Masters,Hard,56,M,O,20111009,17,G725,,,Santiago Giraldo,R,188.0,COL,23.866,48.0,880.0,D646,,,Ivan Dodig,R,183.0,CRO,26.765,32.0,1172.0,1-6 6-3 6-4,3,R64,120.0,3.0,0.0,85.0,44.0,32.0,23.0,13.0,2.0,4.0,8.0,7.0,76.0,42.0,36.0,16.0,13.0,3.0,5.0
2011-5014,Shanghai Masters,Hard,56,M,O,20111009,18,N552,,,Kei Nishikori,R,178.0,JPN,21.777,47.0,885.0,H756,,,Robin Haase,R,191.0,NED,24.509,40.0,1001.0,0-6 7-5 7-6(5),3,R64,133.0,4.0,7.0,99.0,55.0,36.0,20.0,15.0,5.0,11.0,8.0,7.0,99.0,48.0,35.0,24.0,15.0,4.0,8.0
2011-5014,Shanghai Masters,Hard,56,M,O,20111009,19,M824,,,Albert Montanes,R,175.0,ESP,30.867,56.0,825.0,K926,,,Mikhail Kukushkin,R,183.0,KAZ,23.786,63.0,754.0,6-2 5-7 7-6(5),3,R64,132.0,3.0,9.0,113.0,69.0,52.0,18.0,16.0,9.0,13.0,12.0,7.0,102.0,48.0,36.0,25.0,16.0,4.0,9.0
2011-5014,Shanghai Masters,Hard,56,M,O,20111009,20,E690,,Q,Matthew Ebden,R,188.0,AUS,23.869,124.0,465.0,A596,,,Pablo Andujar,R,180.0,ESP,25.708,45.0,930.0,6-4 6-4,3,R64,71.0,4.0,2.0,50.0,23.0,19.0,21.0,10.0,0.0,0.0,4.0,1.0,62.0,43.0,28.0,13.0,10.0,3.0,5.0
2011-5014,Shanghai Masters,Hard,56,M,O,20111009,21,H940,,Q,Ryan Harrison,R,185.0,USA,19.422,79.0,655.0,T840,11.0,,Viktor Troicki,R,193.0,SRB,25.659,16.0,1980.0,6-3 6-3,3,R64,82.0,1.0,3.0,64.0,38.0,26.0,11.0,9.0,4.0,6.0,5.0,3.0,59.0,34.0,21.0,8.0,9.0,4.0,9.0
2011-5014,Shanghai Masters,Hard,56,M,O,20111009,22,W367,13.0,,Stan Wawrinka,R,183.0,SUI,26.533,19.0,1720.0,MA21,,,Juan Monaco,R,185.0,ARG,27.529,27.0,1340.0,3-6 6-3 6-3,3,R64,127.0,6.0,6.0,89.0,49.0,32.0,18.0,14.0,4.0,9.0,1.0,4.0,75.0,34.0,22.0,17.0,13.0,5.0,11.0
2011-5014,Shanghai Masters,Hard,56,M,O,20111009,23,Y124,,Q,Donald Young,L,183.0,USA,22.212,44.0,943.0,G876,,WC,Mao-Xin Gong,R,178.0,CHN,24.126,398.0,98.0,6-1 6-4,3,R64,74.0,2.0,1.0,54.0,35.0,25.0,15.0,9.0,6.0,6.0,0.0,1.0,52.0,32.0,17.0,10.0,8.0,2.0,5.0
2011-5014,Shanghai Masters,Hard,56,M,O,20111009,24,T315,,,Dmitry Tursunov,R,185.0,RUS,28.824,41.0,983.0,BD20,,,Thomaz Bellucci,L,188.0,BRA,23.775,35.0,1145.0,6-7(5) 6-4 7-5,3,R64,166.0,10.0,4.0,111.0,60.0,42.0,28.0,17.0,4.0,7.0,9.0,6.0,110.0,66.0,45.0,21.0,17.0,6.0,11.0
2011-5014,Shanghai Masters,Hard,56,M,O,20111009,25,N409,1.0,,Rafael Nadal,L,185.0,ESP,25.35,2.0,10375.0,G476,,,Guillermo Garcia-Lopez,R,185.0,ESP,28.348,53.0,865.0,6-3 6-2,3,R32,105.0,1.0,1.0,44.0,29.0,23.0,10.0,9.0,0.0,1.0,3.0,8.0,77.0,44.0,26.0,12.0,8.0,11.0,15.0
2011-5014,Shanghai Masters,Hard,56,M,O,20111009,26,MB02,15.0,,Florian Mayer,R,191.0,GER,28.011,23.0,1645.0,N301,,WC,David Nalbandian,R,180.0,ARG,29.769,57.0,805.0,6-3 6-4,3,R32,74.0,5.0,2.0,50.0,29.0,24.0,10.0,9.0,1.0,2.0,4.0,5.0,62.0,34.0,25.0,8.0,10.0,3.0,7.0
2011-5014,Shanghai Masters,Hard,56,M,O,20111009,27,L397,,,Feliciano Lopez,L,188.0,ESP,30.051,28.0,1325.0,B842,,,Alex Bogomolov Jr.,R,178.0,RUS,28.463,38.0,1076.0,7-6(4) 3-6 6-3,3,R32,152.0,8.0,14.0,120.0,65.0,49.0,25.0,15.0,14.0,16.0,4.0,0.0,108.0,78.0,55.0,14.0,15.0,6.0,8.0
2011-5014,Shanghai Masters,Hard,56,M,O,20111009,28,BA47,6.0,,Tomas Berdych,R,196.0,CZE,26.059,7.0,3230.0,S694,,,Radek Stepanek,R,185.0,CZE,32.865,26.0,1365.0,6-4 6-3,3,R32,78.0,6.0,1.0,48.0,30.0,27.0,11.0,10.0,2.0,3.0,2.0,2.0,58.0,34.0,24.0,10.0,9.0,3.0,6.0
2011-5014,Shanghai Masters,Hard,56,M,O,20111009,29,F401,3.0,,David Ferrer,R,175.0,ESP,29.52,5.0,4200.0,R975,,,Milos Raonic,R,196.0,CAN,20.783,31.0,1232.0,7-5 7-6(7),3,R32,104.0,5.0,1.0,76.0,48.0,35.0,17.0,12.0,2.0,4.0,11.0,0.0,77.0,49.0,38.0,11.0,12.0,1.0,4.0
2011-5014,Shanghai Masters,Hard,56,M,O,20111009,30,F316,,,Juan Carlos Ferrero,R,183.0,ESP,31.655,69.0,720.0,V306,16.0,,Fernando Verdasco,L,188.0,ESP,27.899,24.0,1560.0,4-6 6-3 6-2,3,R32,127.0,3.0,2.0,97.0,68.0,44.0,15.0,13.0,8.0,11.0,6.0,6.0,74.0,49.0,31.0,11.0,14.0,1.0,7.0
2011-5014,Shanghai Masters,Hard,56,M,O,20111009,31,R485,10.0,,Andy Roddick,R,188.0,USA,29.109,15.0,1985.0,D875,,,Grigor Dimitrov,R,191.0,BUL,20.4,72.0,696.0,7-6(3) 7-5,3,R32,122.0,7.0,2.0,73.0,46.0,35.0,13.0,12.0,3.0,6.0,6.0,7.0,87.0,53.0,35.0,13.0,12.0,3.0,7.0
2011-5014,Shanghai Masters,Hard,56,M,O,20111009,32,A479,7.0,,Nicolas Almagro,R,183.0,ESP,26.133,11.0,2300.0,R419,,,Tommy Robredo,R,180.0,ESP,29.44,46.0,885.0,7-5 6-3,3,R32,81.0,4.0,2.0,69.0,39.0,31.0,19.0,11.0,3.0,3.0,1.0,2.0,59.0,34.0,26.0,11.0,10.0,6.0,8.0
2011-5014,Shanghai Masters,Hard,56,M,O,20111009,33,TA46,,,Bernard Tomic,R,196.0,AUS,18.965,49.0,875.0,F339,5.0,,Mardy Fish,R,188.0,USA,29.832,9.0,2955.0,4-6 6-1 6-4,3,R32,118.0,3.0,2.0,78.0,49.0,37.0,19.0,14.0,0.0,1.0,9.0,2.0,91.0,51.0,34.0,20.0,13.0,5.0,8.0
2011-5014,Shanghai Masters,Hard,56,M,O,20111009,34,D801,12.0,,Alexandr Dolgopolov,R,180.0,UKR,22.919,18.0,1745.0,R772,,Q,Albert Ramos-Vinolas,L,188.0,ESP,23.726,77.0,659.0,5-7 6-3 6-2,3,R32,107.0,8.0,1.0,79.0,39.0,31.0,25.0,14.0,2.0,3.0,4.0,8.0,95.0,60.0,43.0,14.0,15.0,6.0,10.0
2011-5014,Shanghai Masters,Hard,56,M,O,20111009,35,G725,,,Santiago Giraldo,R,188.0,COL,23.866,48.0,880.0,M762,14.0,,Jurgen Melzer,L,183.0,AUT,30.382,20.0,1690.0,4-6 6-4 7-6(5),3,R32,144.0,5.0,3.0,116.0,78.0,53.0,22.0,16.0,7.0,9.0,3.0,2.0,98.0,64.0,49.0,17.0,16.0,0.0,2.0
2011-5014,Shanghai Masters,Hard,56,M,O,20111009,36,N552,,,Kei Nishikori,R,178.0,JPN,21.777,47.0,885.0,T786,4.0,,Jo-Wilfried Tsonga,R,188.0,FRA,26.478,8.0,3050.0,6-7(1) 6-4 6-4,3,R32,148.0,4.0,2.0,97.0,58.0,40.0,22.0,16.0,1.0,3.0,11.0,5.0,96.0,50.0,37.0,24.0,16.0,5.0,9.0
2011-5014,Shanghai Masters,Hard,56,M,O,20111009,37,SD32,8.0,,Gilles Simon,R,183.0,FRA,26.782,12.0,2255.0,M824,,,Albert Montanes,R,175.0,ESP,30.867,56.0,825.0,6-1 6-1,3,R32,57.0,8.0,1.0,51.0,28.0,22.0,12.0,7.0,6.0,6.0,0.0,4.0,40.0,21.0,8.0,8.0,7.0,3.0,8.0
2011-5014,Shanghai Masters,Hard,56,M,O,20111009,38,E690,,Q,Matthew Ebden,R,188.0,AUS,23.869,124.0,465.0,H940,,Q,Ryan Harrison,R,185.0,USA,19.422,79.0,655.0,6-4 6-2,3,R32,72.0,5.0,2.0,66.0,43.0,32.0,10.0,9.0,5.0,6.0,5.0,2.0,50.0,28.0,15.0,12.0,9.0,2.0,6.0
2011-5014,Shanghai Masters,Hard,56,M,O,20111009,39,W367,13.0,,Stan Wawrinka,R,183.0,SUI,26.533,19.0,1720.0,Y124,,Q,Donald Young,L,183.0,USA,22.212,44.0,943.0,6-7(5) 7-6(2) 6-2,3,R32,145.0,9.0,6.0,102.0,64.0,48.0,22.0,16.0,6.0,8.0,2.0,2.0,113.0,71.0,39.0,29.0,16.0,6.0,10.0
2011-5014,Shanghai Masters,Hard,56,M,O,20111009,40,MC10,2.0,,Andy Murray,R,191.0,GBR,24.402,4.0,7825.0,T315,,,Dmitry Tursunov,R,185.0,RUS,28.824,41.0,983.0,W/O,3,R32,,9.0,6.0,102.0,64.0,48.0,22.0,16.0,6.0,8.0,2.0,2.0,113.0,71.0,39.0,29.0,16.0,6.0,10.0
2011-5014,Shanghai Masters,Hard,56,M,O,20111009,41,MB02,15.0,,Florian Mayer,R,191.0,GER,28.011,23.0,1645.0,N409,1.0,,Rafael Nadal,L,185.0,ESP,25.35,2.0,10375.0,7-6(5) 6-3,3,R16,108.0,5.0,1.0,64.0,37.0,33.0,15.0,10.0,0.0,0.0,2.0,0.0,72.0,53.0,37.0,11.0,11.0,2.0,4.0
2011-5014,Shanghai Masters,Hard,56,M,O,20111009,42,L397,,,Feliciano Lopez,L,188.0,ESP,30.051,28.0,1325.0,BA47,6.0,,Tomas Berdych,R,196.0,CZE,26.059,7.0,3230.0,6-4 6-4,3,R16,81.0,7.0,0.0,52.0,32.0,26.0,15.0,10.0,0.0,0.0,7.0,1.0,59.0,39.0,29.0,10.0,10.0,1.0,3.0
2011-5014,Shanghai Masters,Hard,56,M,O,20111009,43,F401,3.0,,David Ferrer,R,175.0,ESP,29.52,5.0,4200.0,F316,,,Juan Carlos Ferrero,R,183.0,ESP,31.655,69.0,720.0,1-6 7-5 6-2,3,R16,120.0,11.0,5.0,84.0,40.0,29.0,25.0,14.0,6.0,9.0,2.0,0.0,74.0,43.0,27.0,19.0,13.0,4.0,7.0
2011-5014,Shanghai Masters,Hard,56,M,O,20111009,44,R485,10.0,,Andy Roddick,R,188.0,USA,29.109,15.0,1985.0,A479,7.0,,Nicolas Almagro,R,183.0,ESP,26.133,11.0,2300.0,6-3 6-4,3,R16,72.0,11.0,0.0,48.0,35.0,32.0,8.0,10.0,0.0,0.0,4.0,2.0,50.0,32.0,23.0,9.0,9.0,0.0,2.0
2011-5014,Shanghai Masters,Hard,56,M,O,20111009,45,D801,12.0,,Alexandr Dolgopolov,R,180.0,UKR,22.919,18.0,1745.0,TA46,,,Bernard Tomic,R,196.0,AUS,18.965,49.0,875.0,5-7 6-1 6-0,3,R16,79.0,11.0,2.0,69.0,32.0,26.0,18.0,12.0,5.0,8.0,3.0,6.0,76.0,46.0,27.0,8.0,13.0,4.0,12.0
2011-5014,Shanghai Masters,Hard,56,M,O,20111009,46,N552,,,Kei Nishikori,R,178.0,JPN,21.777,47.0,885.0,G725,,,Santiago Giraldo,R,188.0,COL,23.866,48.0,880.0,7-6(6) 4-6 6-3,3,R16,158.0,4.0,4.0,111.0,60.0,43.0,26.0,16.0,9.0,12.0,3.0,5.0,106.0,55.0,41.0,26.0,15.0,9.0,12.0
2011-5014,Shanghai Masters,Hard,56,M,O,20111009,47,E690,,Q,Matthew Ebden,R,188.0,AUS,23.869,124.0,465.0,SD32,8.0,,Gilles Simon,R,183.0,FRA,26.782,12.0,2255.0,6-2 2-6 7-6(8),3,R16,128.0,7.0,3.0,99.0,58.0,42.0,21.0,14.0,6.0,9.0,14.0,4.0,97.0,52.0,37.0,24.0,14.0,6.0,9.0
2011-5014,Shanghai Masters,Hard,56,M,O,20111009,48,MC10,2.0,,Andy Murray,R,191.0,GBR,24.402,4.0,7825.0,W367,13.0,,Stan Wawrinka,R,183.0,SUI,26.533,19.0,1720.0,6-4 3-6 6-3,3,R16,132.0,4.0,3.0,86.0,55.0,40.0,13.0,14.0,4.0,7.0,5.0,2.0,78.0,44.0,30.0,17.0,14.0,1.0,5.0
2011-5014,Shanghai Masters,Hard,56,M,O,20111009,49,L397,,,Feliciano Lopez,L,188.0,ESP,30.051,28.0,1325.0,MB02,15.0,,Florian Mayer,R,191.0,GER,28.011,23.0,1645.0,6-2 6-4,3,QF,69.0,10.0,2.0,49.0,24.0,19.0,19.0,9.0,1.0,1.0,2.0,3.0,59.0,36.0,21.0,12.0,9.0,3.0,6.0
2011-5014,Shanghai Masters,Hard,56,M,O,20111009,50,F401,3.0,,David Ferrer,R,175.0,ESP,29.52,5.0,4200.0,R485,10.0,,Andy Roddick,R,188.0,USA,29.109,15.0,1985.0,6-7(5) 6-2 7-6(2),3,QF,154.0,11.0,5.0,114.0,69.0,56.0,26.0,16.0,5.0,5.0,11.0,2.0,105.0,63.0,49.0,21.0,16.0,2.0,4.0
2011-5014,Shanghai Masters,Hard,56,M,O,20111009,51,N552,,,Kei Nishikori,R,178.0,JPN,21.777,47.0,885.0,D801,12.0,,Alexandr Dolgopolov,R,180.0,UKR,22.919,18.0,1745.0,6-4 6-3,3,QF,87.0,1.0,0.0,52.0,29.0,22.0,13.0,9.0,6.0,7.0,9.0,3.0,77.0,36.0,24.0,15.0,10.0,5.0,9.0
2011-5014,Shanghai Masters,Hard,56,M,O,20111009,52,MC10,2.0,,Andy Murray,R,191.0,GBR,24.402,4.0,7825.0,E690,,Q,Matthew Ebden,R,188.0,AUS,23.869,124.0,465.0,6-3 6-2,3,QF,85.0,7.0,2.0,44.0,26.0,20.0,14.0,8.0,1.0,1.0,0.0,5.0,71.0,37.0,26.0,10.0,9.0,7.0,11.0
2011-5014,Shanghai Masters,Hard,56,M,O,20111009,53,F401,3.0,,David Ferrer,R,175.0,ESP,29.52,5.0,4200.0,L397,,,Feliciano Lopez,L,188.0,ESP,30.051,28.0,1325.0,6-7(5) 6-3 6-3,3,SF,131.0,11.0,6.0,89.0,54.0,44.0,24.0,15.0,2.0,2.0,12.0,5.0,101.0,57.0,40.0,24.0,15.0,2.0,5.0
2011-5014,Shanghai Masters,Hard,56,M,O,20111009,54,MC10,2.0,,Andy Murray,R,191.0,GBR,24.402,4.0,7825.0,N552,,,Kei Nishikori,R,178.0,JPN,21.777,47.0,885.0,6-3 6-0,3,SF,57.0,7.0,1.0,35.0,23.0,22.0,7.0,7.0,0.0,0.0,0.0,3.0,47.0,29.0,17.0,4.0,8.0,4.0,9.0
2011-5014,Shanghai Masters,Hard,56,M,O,20111009,55,MC10,2.0,,Andy Murray,R,191.0,GBR,24.402,4.0,7825.0,F401,3.0,,David Ferrer,R,175.0,ESP,29.52,5.0,4200.0,7-5 6-4,3,F,106.0,7.0,4.0,59.0,37.0,32.0,9.0,11.0,2.0,4.0,1.0,4.0,80.0,35.0,24.0,20.0,11.0,5.0,9.0
2011-429,Stockholm,Hard,28,250,I,20111017,1,TA46,,WC,Bernard Tomic,R,196.0,AUS,18.987,44.0,965.0,Z254,,Q,Jurgen Zopp,R,191.0,EST,23.551,145.0,385.0,7-6(5) 4-6 6-0,3,R32,108.0,8.0,0.0,101.0,77.0,58.0,10.0,14.0,6.0,8.0,6.0,4.0,89.0,49.0,32.0,23.0,14.0,5.0,9.0
2011-429,Stockholm,Hard,28,250,I,20111017,2,H355,,WC,Tommy Haas,R,188.0,GER,33.539,290.0,160.0,D616,,,Somdev Devvarman,R,180.0,IND,26.672,84.0,628.0,7-6(4) 6-4,3,R32,86.0,7.0,2.0,62.0,34.0,30.0,17.0,11.0,3.0,4.0,5.0,1.0,69.0,42.0,30.0,15.0,11.0,5.0,7.0
2011-429,Stockholm,Hard,28,250,I,20111017,3,A678,5.0,,Kevin Anderson,R,203.0,RSA,25.415,31.0,1220.0,G476,,,Guillermo Garcia-Lopez,R,185.0,ESP,28.37,68.0,730.0,7-6(1) 7-6(4),3,R32,128.0,9.0,3.0,80.0,57.0,42.0,11.0,12.0,3.0,6.0,4.0,7.0,106.0,61.0,37.0,23.0,12.0,10.0,13.0
2011-429,Stockholm,Hard,28,250,I,20111017,4,D875,,,Grigor Dimitrov,R,191.0,BUL,20.422,70.0,721.0,SG87,,,Ryan Sweeting,R,196.0,USA,24.26,66.0,738.0,6-3 6-1,3,R32,73.0,6.0,2.0,53.0,31.0,25.0,11.0,8.0,1.0,1.0,2.0,1.0,61.0,44.0,24.0,6.0,8.0,8.0,12.0
2011-429,Stockholm,Hard,28,250,I,20111017,5,P624,,,Philipp Petzschner,R,185.0,GER,27.565,64.0,751.0,K540,,,Lukasz Kubot,R,191.0,POL,29.421,61.0,767.0,6-2 7-5,3,R32,78.0,2.0,3.0,62.0,35.0,28.0,17.0,10.0,3.0,3.0,3.0,3.0,57.0,38.0,25.0,10.0,10.0,2.0,5.0
2011-429,Stockholm,Hard,28,250,I,20111017,6,R975,6.0,,Milos Raonic,R,196.0,CAN,20.805,29.0,1245.0,B837,,,Marcos Baghdatis,R,178.0,CYP,26.333,47.0,910.0,7-6(5) 6-7(4) 6-4,3,R32,143.0,22.0,4.0,115.0,84.0,69.0,15.0,17.0,1.0,1.0,6.0,4.0,105.0,58.0,52.0,28.0,17.0,4.0,5.0
2011-429,Stockholm,Hard,28,250,I,20111017,7,K839,,Q,Tobias Kamke,R,178.0,GER,25.407,109.0,520.0,R419,8.0,,Tommy Robredo,R,180.0,ESP,29.462,48.0,905.0,6-2 6-3,3,R32,63.0,2.0,4.0,52.0,28.0,24.0,11.0,9.0,2.0,3.0,1.0,1.0,45.0,25.0,13.0,10.0,8.0,3.0,7.0
2011-429,Stockholm,Hard,28,250,I,20111017,8,R758,,Q,Sebastian Rieschick,R,,GER,25.667,253.0,191.0,R632,,WC,Michael Ryderstedt,L,188.0,SWE,26.927,276.0,176.0,6-4 3-6 6-3,3,R32,99.0,12.0,1.0,74.0,51.0,40.0,14.0,14.0,3.0,4.0,13.0,5.0,88.0,59.0,42.0,17.0,14.0,4.0,6.0
2011-429,Stockholm,Hard,28,250,I,20111017,9,N289,,,Jarkko Nieminen,L,185.0,FIN,30.234,73.0,701.0,CA99,,Q,Marius Copil,R,191.0,ROU,20.999,219.0,231.0,6-3 7-6(4),3,R32,89.0,0.0,0.0,76.0,41.0,32.0,22.0,11.0,3.0,3.0,10.0,0.0,54.0,27.0,22.0,18.0,10.0,1.0,2.0
2011-429,Stockholm,Hard,28,250,I,20111017,10,D646,7.0,,Ivan Dodig,R,183.0,CRO,26.787,32.0,1167.0,ME82,,,Adrian Mannarino,L,180.0,FRA,23.299,87.0,606.0,7-6(5) 7-6(6),3,R32,129.0,19.0,4.0,86.0,58.0,46.0,14.0,12.0,3.0,4.0,1.0,1.0,120.0,79.0,51.0,21.0,12.0,7.0,8.0
2011-429,Stockholm,Hard,28,250,I,20111017,11,N301,,,David Nalbandian,R,180.0,ARG,29.791,58.0,850.0,M680,,,Xavier Malisse,R,185.0,BEL,31.244,51.0,875.0,4-6 7-6(6) 7-6(3),3,R32,161.0,8.0,7.0,119.0,67.0,48.0,27.0,17.0,2.0,6.0,16.0,3.0,124.0,76.0,55.0,21.0,17.0,7.0,10.0
2011-429,Stockholm,Hard,28,250,I,20111017,12,B676,,,James Blake,R,185.0,USA,31.803,69.0,724.0,R397,,,Olivier Rochus,R,168.0,BEL,30.743,72.0,704.0,7-6(6) 6-3,3,R32,85.0,17.0,2.0,79.0,47.0,40.0,13.0,11.0,3.0,4.0,2.0,1.0,70.0,46.0,35.0,10.0,10.0,8.0,10.0
2011-429,Stockholm,Hard,28,250,I,20111017,13,MC65,1.0,,Gael Monfils,R,193.0,FRA,25.125,10.0,2525.0,TA46,,WC,Bernard Tomic,R,196.0,AUS,18.987,44.0,965.0,6-4 6-7(4) 6-4,3,R16,111.0,18.0,3.0,102.0,74.0,53.0,17.0,16.0,8.0,9.0,4.0,1.0,109.0,80.0,54.0,15.0,16.0,7.0,10.0
2011-429,Stockholm,Hard,28,250,I,20111017,14,A678,5.0,,Kevin Anderson,R,203.0,RSA,25.415,31.0,1220.0,H355,,WC,Tommy Haas,R,188.0,GER,33.539,290.0,160.0,6-7(3) 6-4 6-4,3,R16,121.0,20.0,0.0,90.0,73.0,59.0,9.0,16.0,0.0,0.0,14.0,1.0,83.0,56.0,40.0,20.0,16.0,0.0,2.0
2011-429,Stockholm,Hard,28,250,I,20111017,15,D875,,,Grigor Dimitrov,R,191.0,BUL,20.422,70.0,721.0,C514,4.0,,Juan Ignacio Chela,R,191.0,ARG,32.131,28.0,1280.0,6-2 5-7 6-1,3,R16,109.0,5.0,1.0,79.0,54.0,38.0,13.0,14.0,1.0,4.0,0.0,2.0,70.0,40.0,26.0,10.0,13.0,4.0,10.0
2011-429,Stockholm,Hard,28,250,I,20111017,16,R975,6.0,,Milos Raonic,R,196.0,CAN,20.805,29.0,1245.0,P624,,,Philipp Petzschner,R,185.0,GER,27.565,64.0,751.0,6-3 6-3,3,R16,73.0,7.0,0.0,46.0,32.0,28.0,8.0,9.0,0.0,0.0,4.0,2.0,69.0,30.0,20.0,19.0,9.0,4.0,7.0
2011-429,Stockholm,Hard,28,250,I,20111017,17,K839,,Q,Tobias Kamke,R,178.0,GER,25.407,109.0,520.0,R758,,Q,Sebastian Rieschick,R,,GER,25.667,253.0,191.0,6-3 6-1,3,R16,58.0,3.0,3.0,46.0,27.0,22.0,11.0,8.0,0.0,0.0,3.0,3.0,52.0,31.0,17.0,11.0,8.0,2.0,6.0
2011-429,Stockholm,Hard,28,250,I,20111017,18,N289,,,Jarkko Nieminen,L,185.0,FIN,30.234,73.0,701.0,W367,3.0,,Stan Wawrinka,R,183.0,SUI,26.554,19.0,1765.0,6-3 6-4,3,R16,71.0,1.0,2.0,57.0,36.0,25.0,14.0,10.0,1.0,2.0,6.0,2.0,48.0,36.0,24.0,6.0,9.0,2.0,5.0
2011-429,Stockholm,Hard,28,250,I,20111017,19,N301,,,David Nalbandian,R,180.0,ARG,29.791,58.0,850.0,D646,7.0,,Ivan Dodig,R,183.0,CRO,26.787,32.0,1167.0,6-1 6-1,3,R16,59.0,2.0,0.0,37.0,24.0,21.0,8.0,7.0,1.0,1.0,2.0,0.0,49.0,24.0,10.0,11.0,7.0,5.0,10.0
2011-429,Stockholm,Hard,28,250,I,20111017,20,B676,,,James Blake,R,185.0,USA,31.803,69.0,724.0,D683,2.0,,Juan Martin del Potro,R,198.0,ARG,23.064,15.0,2030.0,6-4 6-4,3,R16,87.0,3.0,1.0,56.0,34.0,28.0,13.0,10.0,0.0,0.0,4.0,0.0,64.0,39.0,25.0,14.0,10.0,2.0,4.0
2011-429,Stockholm,Hard,28,250,I,20111017,21,MC65,1.0,,Gael Monfils,R,193.0,FRA,25.125,10.0,2525.0,A678,5.0,,Kevin Anderson,R,203.0,RSA,25.415,31.0,1220.0,7-5 7-5,3,QF,92.0,6.0,0.0,78.0,55.0,32.0,16.0,12.0,5.0,8.0,5.0,1.0,70.0,49.0,32.0,5.0,12.0,1.0,6.0
2011-429,Stockholm,Hard,28,250,I,20111017,22,R975,6.0,,Milos Raonic,R,196.0,CAN,20.805,29.0,1245.0,D875,,,Grigor Dimitrov,R,191.0,BUL,20.422,70.0,721.0,7-5 6-4,3,QF,78.0,14.0,1.0,54.0,39.0,33.0,11.0,11.0,0.0,0.0,3.0,1.0,64.0,35.0,24.0,17.0,11.0,2.0,4.0
2011-429,Stockholm,Hard,28,250,I,20111017,23,N289,,,Jarkko Nieminen,L,185.0,FIN,30.234,73.0,701.0,K839,,Q,Tobias Kamke,R,178.0,GER,25.407,109.0,520.0,3-6 7-5 6-1,3,QF,122.0,2.0,5.0,95.0,68.0,42.0,15.0,14.0,7.0,11.0,2.0,2.0,80.0,45.0,25.0,15.0,14.0,2.0,8.0
2011-429,Stockholm,Hard,28,250,I,20111017,24,B676,,,James Blake,R,185.0,USA,31.803,69.0,724.0,N301,,,David Nalbandian,R,180.0,ARG,29.791,58.0,850.0,W/O,3,QF,,2.0,5.0,95.0,68.0,42.0,15.0,14.0,7.0,11.0,2.0,2.0,80.0,45.0,25.0,15.0,14.0,2.0,8.0
2011-429,Stockholm,Hard,28,250,I,20111017,25,MC65,1.0,,Gael Monfils,R,193.0,FRA,25.125,10.0,2525.0,R975,6.0,,Milos Raonic,R,196.0,CAN,20.805,29.0,1245.0,6-7(6) 6-4 6-3,3,SF,130.0,4.0,3.0,103.0,69.0,51.0,20.0,16.0,2.0,3.0,9.0,2.0,97.0,64.0,48.0,15.0,15.0,6.0,9.0
2011-429,Stockholm,Hard,28,250,I,20111017,26,N289,,,Jarkko Nieminen,L,185.0,FIN,30.234,73.0,701.0,B676,,,James Blake,R,185.0,USA,31.803,69.0,724.0,7-6(5) 5-7 6-2,3,SF,124.0,5.0,1.0,86.0,66.0,44.0,14.0,16.0,4.0,8.0,6.0,7.0,135.0,76.0,57.0,19.0,16.0,9.0,14.0
2011-429,Stockholm,Hard,28,250,I,20111017,27,MC65,1.0,,Gael Monfils,R,193.0,FRA,25.125,10.0,2525.0,N289,,,Jarkko Nieminen,L,185.0,FIN,30.234,73.0,701.0,7-5 3-6 6-2,3,F,112.0,13.0,1.0,75.0,54.0,38.0,9.0,14.0,3.0,7.0,1.0,4.0,96.0,61.0,35.0,18.0,15.0,11.0,17.0
2011-438,Moscow,Hard,28,250,I,20111017,1,K403,,,Igor Kunitsyn,R,180.0,RUS,30.045,60.0,788.0,KB54,,WC,Andrey Kuznetsov,R,183.0,RUS,20.649,236.0,209.0,7-5 4-6 6-3,3,R32,137.0,4.0,1.0,118.0,68.0,49.0,24.0,16.0,9.0,12.0,8.0,2.0,85.0,52.0,36.0,17.0,15.0,1.0,5.0
2011-438,Moscow,Hard,28,250,I,20111017,2,B747,,,Julien Benneteau,R,185.0,FRA,29.823,57.0,853.0,D864,,WC,Evgeny Donskoy,R,185.0,RUS,21.44,137.0,398.0,6-4 6-3,3,R32,69.0,5.0,0.0,45.0,29.0,23.0,13.0,9.0,0.0,0.0,5.0,0.0,61.0,45.0,30.0,7.0,10.0,1.0,4.0
2011-438,Moscow,Hard,28,250,I,20111017,3,T315,6.0,,Dmitry Tursunov,R,185.0,RUS,28.846,40.0,1028.0,R772,,,Albert Ramos-Vinolas,L,188.0,ESP,23.748,71.0,709.0,7-6(5) 6-4,3,R32,91.0,4.0,5.0,64.0,36.0,31.0,15.0,11.0,3.0,5.0,9.0,2.0,73.0,48.0,35.0,11.0,11.0,6.0,9.0
2011-438,Moscow,Hard,28,250,I,20111017,4,G681,,WC,Teymuraz Gabashvili,R,185.0,GEO,26.401,126.0,436.0,B804,,,Karol Beck,R,180.0,SVK,29.539,103.0,547.0,6-2 6-4,3,R32,93.0,2.0,1.0,69.0,47.0,27.0,15.0,9.0,8.0,9.0,3.0,3.0,60.0,26.0,19.0,14.0,9.0,3.0,7.0
2011-438,Moscow,Hard,28,250,I,20111017,5,B678,,Q,Michael Berrer,L,193.0,GER,31.294,98.0,565.0,SC77,,,Sergiy Stakhovsky,R,193.0,UKR,25.777,63.0,755.0,6-2 6-4,3,R32,74.0,5.0,1.0,54.0,34.0,26.0,14.0,9.0,4.0,4.0,2.0,1.0,60.0,42.0,27.0,8.0,9.0,6.0,9.0
2011-438,Moscow,Hard,28,250,I,20111017,6,SA93,8.0,,Andreas Seppi,R,191.0,ITA,27.652,53.0,875.0,A511,,,Igor Andreev,R,185.0,RUS,28.26,115.0,484.0,2-6 6-3 7-6(4),3,R32,125.0,6.0,1.0,92.0,57.0,44.0,18.0,15.0,6.0,9.0,7.0,2.0,91.0,52.0,39.0,21.0,14.0,3.0,5.0
2011-438,Moscow,Hard,28,250,I,20111017,7,MA30,7.0,,Gilles Muller,L,193.0,LUX,28.441,50.0,888.0,K776,,Q,Konstantin Kravchuk,R,191.0,RUS,26.645,165.0,306.0,7-6(5) 6-4,3,R32,90.0,19.0,1.0,69.0,47.0,39.0,14.0,11.0,3.0,3.0,11.0,2.0,62.0,39.0,31.0,15.0,11.0,0.0,1.0
2011-438,Moscow,Hard,28,250,I,20111017,8,K435,,,Philipp Kohlschreiber,R,178.0,GER,28.003,49.0,900.0,B884,,,Carlos Berlocq,R,183.0,ARG,28.701,67.0,738.0,7-5 6-3,3,R32,91.0,2.0,1.0,61.0,37.0,27.0,16.0,10.0,3.0,4.0,5.0,2.0,65.0,45.0,30.0,7.0,11.0,2.0,6.0
2011-438,Moscow,Hard,28,250,I,20111017,9,CA12,,Q,Jeremy Chardy,R,188.0,FRA,24.676,133.0,413.0,S843,,,Potito Starace,R,188.0,ITA,30.259,54.0,870.0,6-3 6-7(5) 7-6(2),3,R32,125.0,23.0,3.0,105.0,61.0,55.0,26.0,17.0,3.0,3.0,9.0,3.0,104.0,69.0,56.0,18.0,16.0,3.0,4.0
2011-438,Moscow,Hard,28,250,I,20111017,10,B842,5.0,,Alex Bogomolov Jr.,R,178.0,RUS,28.485,37.0,1105.0,L987,,Q,Dusan Lajovic,R,183.0,SRB,21.298,239.0,207.0,3-6 6-3 6-4,3,R32,118.0,4.0,4.0,93.0,69.0,48.0,11.0,14.0,6.0,9.0,6.0,1.0,87.0,60.0,40.0,11.0,14.0,6.0,10.0
2011-438,Moscow,Hard,28,250,I,20111017,11,K926,,,Mikhail Kukushkin,R,183.0,KAZ,23.808,65.0,748.0,R685,,,Lukas Rosol,R,193.0,CZE,26.231,79.0,656.0,7-6(5) 7-5,3,R32,107.0,7.0,1.0,81.0,53.0,34.0,18.0,12.0,2.0,4.0,7.0,3.0,94.0,59.0,36.0,18.0,12.0,3.0,6.0
2011-438,Moscow,Hard,28,250,I,20111017,12,R750,,,Pere Riba,R,183.0,ESP,23.526,78.0,672.0,H804,,,Andreas Haider-Maurer,R,191.0,AUT,24.572,93.0,585.0,6-2 6-7(1) 6-3,3,R32,131.0,7.0,3.0,103.0,55.0,42.0,29.0,15.0,4.0,4.0,16.0,2.0,96.0,60.0,43.0,16.0,14.0,9.0,12.0
2011-438,Moscow,Hard,28,250,I,20111017,13,T742,1.0,,Janko Tipsarevic,R,180.0,SRB,27.318,14.0,2040.0,K403,,,Igor Kunitsyn,R,180.0,RUS,30.045,60.0,788.0,6-7(5) 6-1 6-0,3,R16,115.0,8.0,1.0,81.0,44.0,37.0,18.0,13.0,1.0,2.0,5.0,1.0,81.0,42.0,27.0,18.0,12.0,3.0,9.0
2011-438,Moscow,Hard,28,250,I,20111017,14,T315,6.0,,Dmitry Tursunov,R,185.0,RUS,28.846,40.0,1028.0,B747,,,Julien Benneteau,R,185.0,FRA,29.823,57.0,853.0,6-3 7-6(1),3,R16,100.0,7.0,2.0,76.0,46.0,40.0,13.0,11.0,8.0,9.0,8.0,1.0,60.0,42.0,29.0,8.0,10.0,3.0,5.0
2011-438,Moscow,Hard,28,250,I,20111017,15,D402,4.0,,Nikolay Davydenko,R,178.0,RUS,30.374,38.0,1105.0,G681,,WC,Teymuraz Gabashvili,R,185.0,GEO,26.401,126.0,436.0,7-5 6-2,3,R16,91.0,3.0,2.0,56.0,36.0,25.0,10.0,10.0,3.0,5.0,3.0,2.0,63.0,36.0,22.0,9.0,10.0,2.0,7.0
2011-438,Moscow,Hard,28,250,I,20111017,16,B678,,Q,Michael Berrer,L,193.0,GER,31.294,98.0,565.0,SA93,8.0,,Andreas Seppi,R,191.0,ITA,27.652,53.0,875.0,4-6 6-3 6-2,3,R16,96.0,6.0,3.0,85.0,60.0,43.0,15.0,14.0,5.0,6.0,4.0,4.0,73.0,48.0,34.0,12.0,13.0,1.0,4.0
2011-438,Moscow,Hard,28,250,I,20111017,17,K435,,,Philipp Kohlschreiber,R,178.0,GER,28.003,49.0,900.0,MA30,7.0,,Gilles Muller,L,193.0,LUX,28.441,50.0,888.0,7-6(4) 6-3,3,R16,81.0,12.0,1.0,61.0,45.0,39.0,12.0,11.0,2.0,2.0,9.0,2.0,65.0,41.0,32.0,14.0,10.0,4.0,5.0
2011-438,Moscow,Hard,28,250,I,20111017,18,CA12,,Q,Jeremy Chardy,R,188.0,FRA,24.676,133.0,413.0,D801,3.0,,Alexandr Dolgopolov,R,180.0,UKR,22.94,17.0,1880.0,6-3 7-6(6),3,R16,85.0,7.0,3.0,66.0,45.0,39.0,10.0,11.0,1.0,2.0,13.0,2.0,75.0,37.0,28.0,19.0,10.0,5.0,7.0
2011-438,Moscow,Hard,28,250,I,20111017,19,B842,5.0,,Alex Bogomolov Jr.,R,178.0,RUS,28.485,37.0,1105.0,K926,,,Mikhail Kukushkin,R,183.0,KAZ,23.808,65.0,748.0,6-4 3-6 6-4,3,R16,137.0,1.0,1.0,101.0,77.0,55.0,9.0,15.0,12.0,14.0,4.0,2.0,94.0,51.0,37.0,23.0,14.0,3.0,5.0
2011-438,Moscow,Hard,28,250,I,20111017,20,T840,2.0,,Viktor Troicki,R,193.0,SRB,25.681,16.0,1920.0,R750,,,Pere Riba,R,183.0,ESP,23.526,78.0,672.0,6-4 6-4,3,R16,83.0,11.0,3.0,61.0,40.0,35.0,9.0,10.0,2.0,2.0,2.0,4.0,70.0,37.0,26.0,15.0,10.0,2.0,4.0
2011-438,Moscow,Hard,28,250,I,20111017,21,T742,1.0,,Janko Tipsarevic,R,180.0,SRB,27.318,14.0,2040.0,T315,6.0,,Dmitry Tursunov,R,185.0,RUS,28.846,40.0,1028.0,6-4 6-2,3,QF,76.0,7.0,1.0,47.0,29.0,26.0,13.0,9.0,3.0,3.0,3.0,3.0,60.0,42.0,26.0,7.0,9.0,8.0,11.0
2011-438,Moscow,Hard,28,250,I,20111017,22,D402,4.0,,Nikolay Davydenko,R,178.0,RUS,30.374,38.0,1105.0,B678,,Q,Michael Berrer,L,193.0,GER,31.294,98.0,565.0,6-3 6-2,3,QF,81.0,1.0,5.0,69.0,49.0,34.0,10.0,9.0,4.0,5.0,3.0,1.0,51.0,34.0,22.0,4.0,8.0,1.0,5.0
2011-438,Moscow,Hard,28,250,I,20111017,23,CA12,,Q,Jeremy Chardy,R,188.0,FRA,24.676,133.0,413.0,K435,,,Philipp Kohlschreiber,R,178.0,GER,28.003,49.0,900.0,6-4 6-3,3,QF,86.0,11.0,5.0,81.0,48.0,37.0,15.0,10.0,10.0,10.0,3.0,3.0,50.0,20.0,16.0,16.0,9.0,2.0,4.0
2011-438,Moscow,Hard,28,250,I,20111017,24,T840,2.0,,Viktor Troicki,R,193.0,SRB,25.681,16.0,1920.0,B842,5.0,,Alex Bogomolov Jr.,R,178.0,RUS,28.485,37.0,1105.0,7-6(6) 6-7(1) 7-6(1),3,QF,218.0,23.0,5.0,137.0,83.0,60.0,26.0,18.0,6.0,10.0,2.0,2.0,151.0,117.0,72.0,17.0,18.0,14.0,18.0
2011-438,Moscow,Hard,28,250,I,20111017,25,T742,1.0,,Janko Tipsarevic,R,180.0,SRB,27.318,14.0,2040.0,D402,4.0,,Nikolay Davydenko,R,178.0,RUS,30.374,38.0,1105.0,6-2 7-5,3,SF,99.0,6.0,0.0,69.0,40.0,29.0,16.0,10.0,6.0,7.0,0.0,4.0,60.0,38.0,26.0,6.0,10.0,1.0,5.0
2011-438,Moscow,Hard,28,250,I,20111017,26,T840,2.0,,Viktor Troicki,R,193.0,SRB,25.681,16.0,1920.0,CA12,,Q,Jeremy Chardy,R,188.0,FRA,24.676,133.0,413.0,6-4 6-4,3,SF,71.0,12.0,1.0,55.0,44.0,36.0,6.0,10.0,1.0,1.0,4.0,3.0,60.0,35.0,29.0,12.0,10.0,3.0,5.0
2011-438,Moscow,Hard,28,250,I,20111017,27,T742,1.0,,Janko Tipsarevic,R,180.0,SRB,27.318,14.0,2040.0,T840,2.0,,Viktor Troicki,R,193.0,SRB,25.681,16.0,1920.0,6-4 6-2,3,F,88.0,3.0,1.0,47.0,21.0,19.0,15.0,9.0,0.0,1.0,9.0,1.0,73.0,47.0,32.0,6.0,9.0,8.0,12.0
2011-337,Vienna,Hard,28,250,I,20111024,1,N289,,,Jarkko Nieminen,L,185.0,FIN,30.253,62.0,761.0,H756,,,Robin Haase,R,191.0,NED,24.55,40.0,991.0,7-6(3) 6-4,3,R32,85.0,2.0,2.0,73.0,55.0,41.0,11.0,11.0,1.0,1.0,12.0,1.0,64.0,42.0,34.0,10.0,11.0,1.0,2.0
2011-337,Vienna,Hard,28,250,I,20111024,2,M680,,,Xavier Malisse,R,185.0,BEL,31.264,50.0,875.0,R772,,,Albert Ramos-Vinolas,L,188.0,ESP,23.767,69.0,709.0,6-1 6-4,3,R32,63.0,5.0,2.0,47.0,25.0,23.0,13.0,9.0,0.0,0.0,1.0,2.0,49.0,27.0,16.0,12.0,8.0,5.0,8.0
2011-337,Vienna,Hard,28,250,I,20111024,3,F510,8.0,,Fabio Fognini,R,178.0,ITA,24.419,44.0,975.0,R419,,,Tommy Robredo,R,180.0,ESP,29.481,47.0,905.0,7-6(7) 5-7 2-1 RET,3,R32,129.0,3.0,3.0,91.0,63.0,48.0,16.0,14.0,2.0,3.0,5.0,1.0,85.0,49.0,35.0,24.0,13.0,1.0,1.0
2011-337,Vienna,Hard,28,250,I,20111024,4,BC72,,Q,Daniel Brands,R,196.0,GER,24.271,182.0,272.0,F580,,WC,Martin Fischer,R,180.0,AUT,25.259,213.0,235.0,6-7(3) 6-2 7-6(6),3,R32,144.0,14.0,2.0,115.0,82.0,59.0,20.0,16.0,8.0,9.0,3.0,0.0,103.0,75.0,53.0,15.0,16.0,6.0,9.0
2011-337,Vienna,Hard,28,250,I,20111024,5,TB69,,WC,Dominic Thiem,R,185.0,AUT,18.138,1890.0,1.0,M099,,WC,Thomas Muster,L,180.0,AUT,44.06,1078.0,6.0,6-2 6-3,3,R32,64.0,5.0,3.0,51.0,30.0,24.0,8.0,8.0,2.0,3.0,5.0,4.0,57.0,40.0,24.0,5.0,9.0,1.0,6.0
2011-337,Vienna,Hard,28,250,I,20111024,6,D632,,Q,Steve Darcis,R,175.0,BEL,27.614,95.0,568.0,D402,7.0,,Nikolay Davydenko,R,178.0,RUS,30.393,38.0,1105.0,3-6 6-0 7-6(2),3,R32,126.0,7.0,0.0,88.0,59.0,41.0,10.0,13.0,6.0,11.0,0.0,2.0,86.0,67.0,32.0,10.0,14.0,5.0,12.0
2011-337,Vienna,Hard,28,250,I,20111024,7,A678,6.0,,Kevin Anderson,R,203.0,RSA,25.435,32.0,1190.0,H804,,,Andreas Haider-Maurer,R,191.0,AUT,24.591,92.0,585.0,6-4 6-4,3,R32,94.0,10.0,0.0,58.0,35.0,29.0,15.0,10.0,5.0,5.0,8.0,3.0,78.0,52.0,36.0,10.0,10.0,7.0,9.0
2011-337,Vienna,Hard,28,250,I,20111024,8,B837,,,Marcos Baghdatis,R,178.0,CYP,26.352,59.0,805.0,SG87,,,Ryan Sweeting,R,196.0,USA,24.279,73.0,690.0,6-4 6-2,3,R32,72.0,10.0,2.0,55.0,29.0,23.0,14.0,9.0,3.0,4.0,3.0,2.0,53.0,34.0,20.0,9.0,9.0,2.0,6.0
2011-337,Vienna,Hard,28,250,I,20111024,9,G476,,,Guillermo Garcia-Lopez,R,185.0,ESP,28.389,68.0,730.0,B676,,,James Blake,R,185.0,USA,31.822,60.0,769.0,6-2 5-7 6-4,3,R32,105.0,10.0,6.0,89.0,50.0,39.0,19.0,15.0,3.0,6.0,7.0,4.0,85.0,52.0,34.0,18.0,15.0,10.0,15.0
2011-337,Vienna,Hard,28,250,I,20111024,10,H355,,Q,Tommy Haas,R,188.0,GER,33.558,273.0,180.0,C514,5.0,,Juan Ignacio Chela,R,191.0,ARG,32.151,29.0,1280.0,6-7(3) 6-3 7-6(5),3,R32,152.0,10.0,1.0,100.0,67.0,50.0,20.0,16.0,1.0,2.0,5.0,4.0,117.0,69.0,49.0,26.0,17.0,3.0,6.0
2011-337,Vienna,Hard,28,250,I,20111024,11,BH09,,Q,Aljaz Bedene,R,183.0,SLO,22.267,204.0,246.0,K336,,,Ivo Karlovic,R,211.0,CRO,32.652,54.0,867.0,7-6(4) RET,3,R32,64.0,6.0,1.0,45.0,31.0,26.0,7.0,6.0,0.0,0.0,9.0,1.0,37.0,23.0,18.0,9.0,6.0,0.0,0.0
2011-337,Vienna,Hard,28,250,I,20111024,12,P624,,,Philipp Petzschner,R,185.0,GER,27.584,63.0,761.0,A596,,,Pablo Andujar,R,180.0,ESP,25.749,46.0,920.0,6-2 6-2,3,R32,61.0,5.0,1.0,40.0,21.0,15.0,14.0,8.0,2.0,3.0,0.0,1.0,51.0,23.0,13.0,11.0,8.0,4.0,9.0
2011-337,Vienna,Hard,28,250,I,20111024,13,T786,1.0,,Jo-Wilfried Tsonga,R,188.0,FRA,26.519,9.0,2880.0,N289,,,Jarkko Nieminen,L,185.0,FIN,30.253,62.0,761.0,3-6 6-1 3-1 RET,3,R16,65.0,14.0,1.0,52.0,38.0,28.0,9.0,10.0,0.0,1.0,1.0,1.0,60.0,35.0,22.0,12.0,10.0,1.0,4.0
2011-337,Vienna,Hard,28,250,I,20111024,14,M680,,,Xavier Malisse,R,185.0,BEL,31.264,50.0,875.0,F510,8.0,,Fabio Fognini,R,178.0,ITA,24.419,44.0,975.0,6-7(3) 6-3 6-3,3,R16,120.0,9.0,3.0,83.0,48.0,43.0,17.0,15.0,0.0,1.0,5.0,5.0,108.0,59.0,38.0,25.0,15.0,6.0,10.0
2011-337,Vienna,Hard,28,250,I,20111024,15,BC72,,Q,Daniel Brands,R,196.0,GER,24.271,182.0,272.0,S694,4.0,,Radek Stepanek,R,185.0,CZE,32.906,26.0,1400.0,6-4 7-6(4),3,R16,80.0,7.0,1.0,67.0,53.0,42.0,11.0,11.0,1.0,1.0,4.0,3.0,59.0,35.0,28.0,18.0,11.0,1.0,2.0
2011-337,Vienna,Hard,28,250,I,20111024,16,D632,,Q,Steve Darcis,R,175.0,BEL,27.614,95.0,568.0,TB69,,WC,Dominic Thiem,R,185.0,AUT,18.138,1890.0,1.0,6-2 6-2,3,R16,65.0,4.0,1.0,43.0,31.0,24.0,8.0,8.0,0.0,0.0,6.0,1.0,54.0,26.0,20.0,9.0,8.0,5.0,9.0
2011-337,Vienna,Hard,28,250,I,20111024,17,A678,6.0,,Kevin Anderson,R,203.0,RSA,25.435,32.0,1190.0,B837,,,Marcos Baghdatis,R,178.0,CYP,26.352,59.0,805.0,6-2 7-6(5),3,R16,91.0,12.0,4.0,67.0,42.0,29.0,12.0,10.0,2.0,5.0,5.0,1.0,66.0,36.0,23.0,12.0,10.0,5.0,10.0
2011-337,Vienna,Hard,28,250,I,20111024,18,M762,3.0,,Jurgen Melzer,L,183.0,AUT,30.423,25.0,1555.0,G476,,,Guillermo Garcia-Lopez,R,185.0,ESP,28.389,68.0,730.0,7-5 6-1,3,R16,83.0,7.0,1.0,73.0,48.0,32.0,17.0,10.0,5.0,5.0,2.0,6.0,51.0,24.0,15.0,14.0,9.0,1.0,4.0
2011-337,Vienna,Hard,28,250,I,20111024,19,H355,,Q,Tommy Haas,R,188.0,GER,33.558,273.0,180.0,BH09,,Q,Aljaz Bedene,R,183.0,SLO,22.267,204.0,246.0,4-6 6-4 6-1,3,R16,103.0,10.0,3.0,78.0,49.0,39.0,16.0,14.0,4.0,6.0,12.0,4.0,68.0,35.0,28.0,16.0,13.0,3.0,7.0
2011-337,Vienna,Hard,28,250,I,20111024,20,D683,2.0,,Juan Martin del Potro,R,198.0,ARG,23.083,15.0,2030.0,P624,,,Philipp Petzschner,R,185.0,GER,27.584,63.0,761.0,6-3 6-4,3,R16,87.0,6.0,3.0,64.0,39.0,29.0,16.0,10.0,4.0,4.0,8.0,4.0,54.0,31.0,23.0,9.0,9.0,2.0,4.0
2011-337,Vienna,Hard,28,250,I,20111024,21,T786,1.0,,Jo-Wilfried Tsonga,R,188.0,FRA,26.519,9.0,2880.0,M680,,,Xavier Malisse,R,185.0,BEL,31.264,50.0,875.0,4-6 7-6(4) 6-4,3,QF,120.0,20.0,3.0,108.0,64.0,53.0,25.0,16.0,5.0,6.0,10.0,4.0,95.0,56.0,48.0,22.0,16.0,2.0,3.0
2011-337,Vienna,Hard,28,250,I,20111024,22,BC72,,Q,Daniel Brands,R,196.0,GER,24.271,182.0,272.0,D632,,Q,Steve Darcis,R,175.0,BEL,27.614,95.0,568.0,6-3 6-4,3,QF,72.0,11.0,3.0,58.0,38.0,31.0,11.0,10.0,0.0,1.0,5.0,1.0,58.0,39.0,25.0,9.0,9.0,3.0,6.0
2011-337,Vienna,Hard,28,250,I,20111024,23,A678,6.0,,Kevin Anderson,R,203.0,RSA,25.435,32.0,1190.0,M762,3.0,,Jurgen Melzer,L,183.0,AUT,30.423,25.0,1555.0,6-3 6-3,3,QF,63.0,11.0,2.0,44.0,29.0,26.0,10.0,9.0,0.0,0.0,4.0,2.0,48.0,31.0,22.0,8.0,9.0,1.0,4.0
2011-337,Vienna,Hard,28,250,I,20111024,24,D683,2.0,,Juan Martin del Potro,R,198.0,ARG,23.083,15.0,2030.0,H355,,Q,Tommy Haas,R,188.0,GER,33.558,273.0,180.0,6-2 6-4,3,QF,80.0,10.0,0.0,43.0,33.0,29.0,7.0,9.0,0.0,0.0,6.0,3.0,59.0,33.0,22.0,11.0,9.0,5.0,8.0
2011-337,Vienna,Hard,28,250,I,20111024,25,T786,1.0,,Jo-Wilfried Tsonga,R,188.0,FRA,26.519,9.0,2880.0,BC72,,Q,Daniel Brands,R,196.0,GER,24.271,182.0,272.0,6-2 7-6(4),3,SF,84.0,13.0,1.0,59.0,40.0,34.0,12.0,10.0,0.0,0.0,4.0,3.0,71.0,52.0,36.0,8.0,10.0,7.0,9.0
2011-337,Vienna,Hard,28,250,I,20111024,26,D683,2.0,,Juan Martin del Potro,R,198.0,ARG,23.083,15.0,2030.0,A678,6.0,,Kevin Anderson,R,203.0,RSA,25.435,32.0,1190.0,6-4 3-6 6-4,3,SF,133.0,18.0,0.0,83.0,56.0,42.0,15.0,14.0,2.0,4.0,17.0,3.0,77.0,55.0,40.0,11.0,15.0,1.0,4.0
2011-337,Vienna,Hard,28,250,I,20111024,27,T786,1.0,,Jo-Wilfried Tsonga,R,188.0,FRA,26.519,9.0,2880.0,D683,2.0,,Juan Martin del Potro,R,198.0,ARG,23.083,15.0,2030.0,6-7(5) 6-3 6-4,3,F,148.0,25.0,5.0,96.0,55.0,45.0,24.0,16.0,3.0,4.0,7.0,2.0,103.0,66.0,46.0,19.0,15.0,4.0,7.0
2011-568,St. Petersburg,Hard,32,250,I,20111024,1,ME82,,,Adrian Mannarino,L,180.0,FRA,23.318,86.0,606.0,SD32,1.0,,Gilles Simon,R,183.0,FRA,26.823,12.0,2335.0,2-6 6-4 6-4,3,R32,131.0,1.0,1.0,94.0,58.0,35.0,19.0,14.0,9.0,13.0,3.0,3.0,90.0,53.0,29.0,21.0,14.0,2.0,6.0
2011-568,St. Petersburg,Hard,32,250,I,20111024,2,R685,,,Lukas Rosol,R,193.0,CZE,26.251,78.0,656.0,G858,,WC,Ernests Gulbis,R,191.0,LAT,23.149,51.0,875.0,6-3 6-4,3,R32,85.0,4.0,4.0,63.0,32.0,22.0,22.0,10.0,1.0,1.0,3.0,8.0,64.0,37.0,24.0,14.0,9.0,6.0,8.0
2011-568,St. Petersburg,Hard,32,250,I,20111024,3,B747,,,Julien Benneteau,R,185.0,FRA,29.843,55.0,863.0,R750,,,Pere Riba,R,183.0,ESP,23.546,76.0,672.0,6-2 6-1,3,R32,56.0,5.0,4.0,43.0,31.0,28.0,6.0,8.0,3.0,3.0,1.0,5.0,42.0,18.0,10.0,10.0,7.0,5.0,9.0
2011-568,St. Petersburg,Hard,32,250,I,20111024,4,Y061,5.0,,Mikhail Youzhny,R,183.0,RUS,29.331,33.0,1165.0,SC77,,,Sergiy Stakhovsky,R,193.0,UKR,25.796,64.0,755.0,6-3 7-6(7),3,R32,97.0,1.0,3.0,74.0,41.0,26.0,22.0,11.0,0.0,2.0,7.0,2.0,59.0,31.0,21.0,13.0,10.0,1.0,4.0
2011-568,St. Petersburg,Hard,32,250,I,20111024,5,C977,4.0,,Marin Cilic,R,198.0,CRO,23.069,22.0,1645.0,BC11,,Q,Sergei Bubka,R,188.0,UKR,24.701,154.0,344.0,6-4 7-6(1),3,R32,111.0,6.0,1.0,78.0,39.0,29.0,24.0,11.0,5.0,6.0,4.0,2.0,80.0,52.0,37.0,11.0,11.0,6.0,8.0
2011-568,St. Petersburg,Hard,32,250,I,20111024,6,D616,,,Somdev Devvarman,R,180.0,IND,26.691,84.0,618.0,B804,,,Karol Beck,R,180.0,SVK,29.558,102.0,547.0,6-2 6-3,3,R32,68.0,2.0,2.0,48.0,29.0,24.0,8.0,8.0,1.0,2.0,3.0,4.0,54.0,26.0,18.0,8.0,9.0,1.0,6.0
2011-568,St. Petersburg,Hard,32,250,I,20111024,7,SA93,,,Andreas Seppi,R,191.0,ITA,27.671,52.0,875.0,PD07,,Q,Vasek Pospisil,R,193.0,CAN,21.336,133.0,407.0,7-5 7-6(4),3,R32,121.0,3.0,1.0,88.0,50.0,37.0,21.0,12.0,5.0,7.0,5.0,3.0,85.0,39.0,28.0,21.0,12.0,2.0,5.0
2011-568,St. Petersburg,Hard,32,250,I,20111024,8,A511,,,Igor Andreev,R,185.0,RUS,28.279,117.0,484.0,G710,6.0,,Marcel Granollers,R,191.0,ESP,25.533,34.0,1145.0,3-6 6-4 7-6(4),3,R32,170.0,2.0,5.0,118.0,69.0,49.0,24.0,16.0,11.0,15.0,9.0,2.0,98.0,63.0,46.0,16.0,15.0,4.0,7.0
2011-568,St. Petersburg,Hard,32,250,I,20111024,9,B842,7.0,,Alex Bogomolov Jr.,R,178.0,RUS,28.504,36.0,1125.0,K403,,,Igor Kunitsyn,R,180.0,RUS,30.064,65.0,751.0,6-3 6-1,3,R32,66.0,4.0,0.0,45.0,36.0,26.0,7.0,8.0,1.0,1.0,6.0,0.0,60.0,45.0,26.0,4.0,8.0,4.0,8.0
2011-568,St. Petersburg,Hard,32,250,I,20111024,10,K435,,,Philipp Kohlschreiber,R,178.0,GER,28.022,48.0,900.0,B884,,,Carlos Berlocq,R,183.0,ARG,28.72,67.0,738.0,6-7(4) 6-3 6-1,3,R32,135.0,2.0,2.0,98.0,57.0,41.0,23.0,14.0,9.0,11.0,2.0,2.0,79.0,45.0,26.0,21.0,14.0,1.0,7.0
2011-568,St. Petersburg,Hard,32,250,I,20111024,11,L987,,Q,Dusan Lajovic,R,183.0,SRB,21.317,228.0,219.0,CA12,,,Jeremy Chardy,R,188.0,FRA,24.695,110.0,515.0,6-4 6-4,3,R32,73.0,0.0,0.0,53.0,34.0,26.0,15.0,10.0,0.0,0.0,4.0,0.0,66.0,43.0,32.0,10.0,10.0,3.0,5.0
2011-568,St. Petersburg,Hard,32,250,I,20111024,12,SC56,,WC,Dudi Sela,R,175.0,ISR,26.554,97.0,560.0,D801,3.0,,Alexandr Dolgopolov,R,180.0,UKR,22.96,16.0,1880.0,6-2 6-2,3,R32,60.0,0.0,2.0,49.0,27.0,20.0,15.0,8.0,2.0,2.0,3.0,2.0,50.0,21.0,15.0,13.0,8.0,2.0,6.0
2011-568,St. Petersburg,Hard,32,250,I,20111024,13,T315,8.0,,Dmitry Tursunov,R,185.0,RUS,28.865,39.0,1063.0,G681,,Q,Teymuraz Gabashvili,R,185.0,GEO,26.42,127.0,441.0,7-5 6-3,3,R32,89.0,6.0,3.0,55.0,28.0,25.0,13.0,10.0,4.0,6.0,2.0,3.0,69.0,46.0,24.0,12.0,11.0,4.0,9.0
2011-568,St. Petersburg,Hard,32,250,I,20111024,14,S843,,,Potito Starace,R,188.0,ITA,30.278,53.0,870.0,N561,,WC,Ivan Nedelko,R,185.0,RUS,25.451,392.0,100.0,6-0 6-1,3,R32,45.0,3.0,0.0,43.0,26.0,22.0,10.0,7.0,5.0,5.0,1.0,1.0,27.0,10.0,3.0,4.0,6.0,0.0,5.0
2011-568,St. Petersburg,Hard,32,250,I,20111024,15,B678,,,Michael Berrer,L,193.0,GER,31.313,85.0,612.0,K926,,,Mikhail Kukushkin,R,183.0,KAZ,23.828,66.0,748.0,6-1 4-6 6-4,3,R32,139.0,3.0,3.0,88.0,58.0,38.0,13.0,13.0,5.0,9.0,4.0,8.0,104.0,54.0,33.0,19.0,14.0,9.0,16.0
2011-568,St. Petersburg,Hard,32,250,I,20111024,16,T742,2.0,,Janko Tipsarevic,R,180.0,SRB,27.337,13.0,2245.0,R397,,,Olivier Rochus,R,168.0,BEL,30.762,70.0,704.0,6-2 7-5,3,R32,95.0,10.0,3.0,72.0,32.0,22.0,22.0,10.0,5.0,7.0,0.0,6.0,54.0,27.0,18.0,10.0,10.0,0.0,5.0
2011-568,St. Petersburg,Hard,32,250,I,20111024,17,ME82,,,Adrian Mannarino,L,180.0,FRA,23.318,86.0,606.0,R685,,,Lukas Rosol,R,193.0,CZE,26.251,78.0,656.0,6-2 7-6(5),3,R16,91.0,4.0,3.0,66.0,40.0,27.0,19.0,10.0,2.0,3.0,5.0,3.0,81.0,45.0,31.0,15.0,10.0,5.0,8.0
2011-568,St. Petersburg,Hard,32,250,I,20111024,18,Y061,5.0,,Mikhail Youzhny,R,183.0,RUS,29.331,33.0,1165.0,B747,,,Julien Benneteau,R,185.0,FRA,29.843,55.0,863.0,6-4 3-6 6-2,3,R16,127.0,3.0,5.0,88.0,46.0,28.0,24.0,14.0,6.0,10.0,6.0,2.0,75.0,48.0,29.0,12.0,13.0,3.0,8.0
2011-568,St. Petersburg,Hard,32,250,I,20111024,19,C977,4.0,,Marin Cilic,R,198.0,CRO,23.069,22.0,1645.0,D616,,,Somdev Devvarman,R,180.0,IND,26.691,84.0,618.0,5-7 6-1 6-3,3,R16,136.0,13.0,1.0,89.0,53.0,41.0,17.0,14.0,1.0,3.0,2.0,2.0,96.0,66.0,39.0,16.0,14.0,7.0,12.0
2011-568,St. Petersburg,Hard,32,250,I,20111024,20,SA93,,,Andreas Seppi,R,191.0,ITA,27.671,52.0,875.0,A511,,,Igor Andreev,R,185.0,RUS,28.279,117.0,484.0,3-6 6-2 6-4,3,R16,120.0,3.0,2.0,80.0,38.0,28.0,25.0,13.0,4.0,6.0,2.0,4.0,82.0,44.0,28.0,19.0,14.0,2.0,6.0
2011-568,St. Petersburg,Hard,32,250,I,20111024,21,B842,7.0,,Alex Bogomolov Jr.,R,178.0,RUS,28.504,36.0,1125.0,K435,,,Philipp Kohlschreiber,R,178.0,GER,28.022,48.0,900.0,6-4 3-6 7-5,3,R16,150.0,0.0,3.0,101.0,78.0,50.0,8.0,15.0,3.0,7.0,8.0,4.0,107.0,59.0,36.0,24.0,16.0,7.0,12.0
2011-568,St. Petersburg,Hard,32,250,I,20111024,22,L987,,Q,Dusan Lajovic,R,183.0,SRB,21.317,228.0,219.0,SC56,,WC,Dudi Sela,R,175.0,ISR,26.554,97.0,560.0,2-6 6-2 6-1,3,R16,98.0,2.0,1.0,62.0,45.0,30.0,8.0,11.0,3.0,6.0,1.0,4.0,88.0,55.0,29.0,13.0,12.0,7.0,13.0
2011-568,St. Petersburg,Hard,32,250,I,20111024,23,S843,,,Potito Starace,R,188.0,ITA,30.278,53.0,870.0,T315,8.0,,Dmitry Tursunov,R,185.0,RUS,28.865,39.0,1063.0,6-2 6-4,3,R16,78.0,4.0,1.0,54.0,41.0,31.0,9.0,9.0,1.0,1.0,5.0,5.0,58.0,29.0,20.0,14.0,9.0,5.0,8.0
2011-568,St. Petersburg,Hard,32,250,I,20111024,24,T742,2.0,,Janko Tipsarevic,R,180.0,SRB,27.337,13.0,2245.0,B678,,,Michael Berrer,L,193.0,GER,31.313,85.0,612.0,6-3 2-0 RET,3,R16,54.0,0.0,2.0,29.0,17.0,13.0,8.0,6.0,0.0,1.0,1.0,2.0,36.0,24.0,12.0,4.0,5.0,3.0,6.0
2011-568,St. Petersburg,Hard,32,250,I,20111024,25,Y061,5.0,,Mikhail Youzhny,R,183.0,RUS,29.331,33.0,1165.0,ME82,,,Adrian Mannarino,L,180.0,FRA,23.318,86.0,606.0,6-2 6-3,3,QF,79.0,3.0,1.0,55.0,35.0,27.0,11.0,9.0,2.0,3.0,3.0,0.0,56.0,42.0,23.0,5.0,8.0,5.0,9.0
2011-568,St. Petersburg,Hard,32,250,I,20111024,26,C977,4.0,,Marin Cilic,R,198.0,CRO,23.069,22.0,1645.0,SA93,,,Andreas Seppi,R,191.0,ITA,27.671,52.0,875.0,4-6 7-6(8) 6-4,3,QF,148.0,13.0,2.0,98.0,61.0,51.0,21.0,16.0,1.0,2.0,5.0,4.0,107.0,62.0,49.0,26.0,16.0,3.0,4.0
2011-568,St. Petersburg,Hard,32,250,I,20111024,27,B842,7.0,,Alex Bogomolov Jr.,R,178.0,RUS,28.504,36.0,1125.0,L987,,Q,Dusan Lajovic,R,183.0,SRB,21.317,228.0,219.0,6-2 6-1,3,QF,85.0,0.0,0.0,45.0,36.0,26.0,6.0,7.0,3.0,3.0,2.0,4.0,84.0,54.0,29.0,11.0,8.0,10.0,15.0
2011-568,St. Petersburg,Hard,32,250,I,20111024,28,T742,2.0,,Janko Tipsarevic,R,180.0,SRB,27.337,13.0,2245.0,S843,,,Potito Starace,R,188.0,ITA,30.278,53.0,870.0,6-7(6) 6-2 6-1,3,QF,146.0,12.0,2.0,81.0,42.0,35.0,28.0,14.0,2.0,2.0,2.0,4.0,103.0,59.0,34.0,23.0,13.0,5.0,9.0
2011-568,St. Petersburg,Hard,32,250,I,20111024,29,C977,4.0,,Marin Cilic,R,198.0,CRO,23.069,22.0,1645.0,Y061,5.0,,Mikhail Youzhny,R,183.0,RUS,29.331,33.0,1165.0,6-3 6-4,3,SF,83.0,5.0,1.0,55.0,30.0,24.0,13.0,10.0,3.0,5.0,1.0,2.0,63.0,43.0,27.0,6.0,9.0,2.0,6.0
2011-568,St. Petersburg,Hard,32,250,I,20111024,30,T742,2.0,,Janko Tipsarevic,R,180.0,SRB,27.337,13.0,2245.0,B842,7.0,,Alex Bogomolov Jr.,R,178.0,RUS,28.504,36.0,1125.0,6-2 6-1,3,SF,77.0,6.0,1.0,41.0,24.0,17.0,13.0,8.0,2.0,3.0,1.0,3.0,51.0,34.0,22.0,1.0,7.0,4.0,9.0
2011-568,St. Petersburg,Hard,32,250,I,20111024,31,C977,4.0,,Marin Cilic,R,198.0,CRO,23.069,22.0,1645.0,T742,2.0,,Janko Tipsarevic,R,180.0,SRB,27.337,13.0,2245.0,6-3 3-6 6-2,3,F,138.0,3.0,2.0,85.0,49.0,34.0,22.0,13.0,4.0,5.0,4.0,2.0,77.0,47.0,35.0,14.0,13.0,5.0,8.0
2011-D077,Davis Cup G1 PO: MEX vs COL,Clay,4,D,,20111028,1,G725,,,Santiago Giraldo,R,188.0,COL,23.918,45.0,925.0,G551,,,Santiago Gonzalez,R,191.0,MEX,28.674,533.0,53.0,6-4 7-6(5) 6-2,5,RR,,,,,,,,,,,,,,,,,,,
2011-D077,Davis Cup G1 PO: MEX vs COL,Clay,4,D,,20111028,2,F444,,,Alejandro Falla,L,185.0,COL,27.953,83.0,622.0,R835,,,Cesar Ramirez,R,,MEX,21.755,471.0,73.0,1-6 6-1 6-1 6-3,5,RR,,,,,,,,,,,,,,,,,,,
2011-D077,Davis Cup G1 PO: MEX vs COL,Clay,4,D,,20111028,3,F525,,,Robert Farah,R,193.0,COL,24.769,229.0,217.0,D689,,,Luis Diaz-Barriga,,,MEX,25.552,489.0,68.0,6-2 6-3,3,RR,,,,,,,,,,,,,,,,,,,
2011-D077,Davis Cup G1 PO: MEX vs COL,Clay,4,D,,20111028,4,C834,,,Juan Sebastian Cabal,R,185.0,COL,25.509,207.0,240.0,N632,,,Marco Aurelio Nunez,L,,MEX,18.437,,,6-1 6-2,3,RR,,,,,,,,,,,,,,,,,,,
2011-328,Basel,Hard,32,500,I,20111031,1,D643,1.0,,Novak Djokovic,R,188.0,SRB,24.444,1.0,13860.0,M680,,,Xavier Malisse,R,185.0,BEL,31.283,47.0,910.0,6-2 4-6 7-5,3,R32,133.0,8.0,7.0,84.0,47.0,38.0,21.0,15.0,6.0,8.0,7.0,3.0,94.0,45.0,32.0,27.0,15.0,6.0,10.0
2011-328,Basel,Hard,32,500,I,20111031,2,K540,,Q,Lukasz Kubot,R,191.0,POL,29.459,64.0,747.0,K839,,Q,Tobias Kamke,R,178.0,GER,25.446,96.0,553.0,5-7 7-5 6-2,3,R32,178.0,7.0,7.0,134.0,81.0,49.0,27.0,16.0,21.0,26.0,1.0,3.0,95.0,56.0,32.0,17.0,16.0,2.0,9.0
2011-328,Basel,Hard,32,500,I,20111031,3,L523,,Q,Michael Lammer,R,185.0,SUI,29.602,327.0,133.0,Y061,,,Mikhail Youzhny,R,183.0,RUS,29.35,37.0,1105.0,6-4 6-3,3,R32,59.0,6.0,2.0,46.0,30.0,24.0,9.0,9.0,1.0,2.0,1.0,3.0,55.0,33.0,20.0,11.0,10.0,1.0,5.0
2011-328,Basel,Hard,32,500,I,20111031,4,B837,,,Marcos Baghdatis,R,178.0,CYP,26.371,59.0,805.0,T840,8.0,,Viktor Troicki,R,193.0,SRB,25.719,17.0,1820.0,4-6 7-6(8) 6-2,3,R32,163.0,6.0,2.0,115.0,60.0,43.0,28.0,15.0,7.0,11.0,4.0,4.0,105.0,41.0,31.0,31.0,15.0,2.0,7.0
2011-328,Basel,Hard,32,500,I,20111031,5,N552,,WC,Kei Nishikori,R,178.0,JPN,21.837,32.0,1225.0,BA47,4.0,,Tomas Berdych,R,196.0,CZE,26.119,7.0,3230.0,3-6 6-3 6-2,3,R32,124.0,1.0,3.0,68.0,40.0,33.0,18.0,13.0,0.0,1.0,4.0,5.0,93.0,48.0,37.0,19.0,13.0,7.0,10.0
2011-328,Basel,Hard,32,500,I,20111031,6,SA93,,,Andreas Seppi,R,191.0,ITA,27.691,50.0,900.0,MA30,,,Gilles Muller,L,193.0,LUX,28.479,51.0,898.0,7-6(4) 6-7(5) 6-2,3,R32,143.0,13.0,2.0,105.0,52.0,43.0,31.0,16.0,2.0,3.0,23.0,2.0,110.0,62.0,49.0,23.0,16.0,7.0,10.0
2011-328,Basel,Hard,32,500,I,20111031,7,K926,,LL,Mikhail Kukushkin,R,183.0,KAZ,23.847,113.0,498.0,Y124,,WC,Donald Young,L,183.0,USA,22.272,43.0,984.0,6-4 6-2,3,R32,87.0,1.0,2.0,69.0,38.0,26.0,14.0,9.0,9.0,12.0,2.0,1.0,56.0,35.0,20.0,5.0,9.0,3.0,9.0
2011-328,Basel,Hard,32,500,I,20111031,8,B676,,Q,James Blake,R,185.0,USA,31.841,60.0,769.0,F339,5.0,,Mardy Fish,R,188.0,USA,29.892,9.0,2965.0,0-1 RET,3,R32,12.0,0.0,0.0,1.0,1.0,1.0,0.0,0.0,0.0,0.0,0.0,1.0,8.0,1.0,1.0,4.0,1.0,0.0,0.0
2011-328,Basel,Hard,32,500,I,20111031,9,R485,7.0,,Andy Roddick,R,188.0,USA,29.169,15.0,2120.0,H355,,,Tommy Haas,R,188.0,GER,33.577,212.0,237.0,6-3 6-4,3,R32,71.0,12.0,1.0,52.0,35.0,30.0,11.0,10.0,0.0,0.0,4.0,4.0,53.0,30.0,21.0,11.0,9.0,3.0,5.0
2011-328,Basel,Hard,32,500,I,20111031,10,S694,,,Radek Stepanek,R,185.0,CZE,32.925,25.0,1400.0,G725,,,Santiago Giraldo,R,188.0,COL,23.926,45.0,925.0,6-1 6-3,3,R32,62.0,4.0,1.0,51.0,28.0,21.0,16.0,8.0,2.0,2.0,2.0,1.0,49.0,31.0,18.0,7.0,8.0,3.0,7.0
2011-328,Basel,Hard,32,500,I,20111031,11,N289,,,Jarkko Nieminen,L,185.0,FIN,30.272,66.0,736.0,BD20,,,Thomaz Bellucci,L,188.0,BRA,23.836,38.0,1095.0,6-7(5) 6-4 6-3,3,R32,127.0,9.0,3.0,100.0,70.0,51.0,17.0,15.0,6.0,7.0,7.0,7.0,106.0,65.0,45.0,20.0,16.0,3.0,7.0
2011-328,Basel,Hard,32,500,I,20111031,12,F324,3.0,,Roger Federer,R,185.0,SUI,30.229,4.0,7530.0,S843,,,Potito Starace,R,188.0,ITA,30.297,54.0,870.0,7-6(3) 6-4,3,R32,79.0,4.0,5.0,65.0,43.0,38.0,12.0,11.0,1.0,1.0,7.0,2.0,65.0,40.0,32.0,13.0,11.0,2.0,3.0
2011-328,Basel,Hard,32,500,I,20111031,13,MB02,,,Florian Mayer,R,191.0,GER,28.071,22.0,1675.0,T742,6.0,,Janko Tipsarevic,R,180.0,SRB,27.357,13.0,2305.0,5-1 RET,3,R32,30.0,0.0,1.0,15.0,5.0,5.0,7.0,3.0,0.0,0.0,2.0,1.0,29.0,13.0,7.0,6.0,3.0,1.0,3.0
2011-328,Basel,Hard,32,500,I,20111031,14,L360,,,Ivan Ljubicic,R,193.0,CRO,32.619,31.0,1235.0,L428,,,Michael Llodra,L,191.0,FRA,31.452,29.0,1245.0,7-5 6-4,3,R32,81.0,9.0,0.0,64.0,31.0,26.0,20.0,11.0,1.0,1.0,6.0,4.0,57.0,34.0,28.0,11.0,11.0,1.0,3.0
2011-328,Basel,Hard,32,500,I,20111031,15,W367,,,Stan Wawrinka,R,183.0,SUI,26.593,19.0,1765.0,D646,,,Ivan Dodig,R,183.0,CRO,26.825,35.0,1130.0,6-4 6-4,3,R32,87.0,6.0,1.0,55.0,32.0,26.0,16.0,10.0,1.0,1.0,6.0,3.0,56.0,25.0,16.0,20.0,10.0,2.0,4.0
2011-328,Basel,Hard,32,500,I,20111031,16,H756,,,Robin Haase,R,191.0,NED,24.569,40.0,991.0,C582,,LL,Marco Chiudinelli,R,185.0,SUI,30.138,205.0,247.0,6-2 7-6(7),3,R32,88.0,12.0,6.0,66.0,35.0,30.0,16.0,10.0,1.0,2.0,1.0,2.0,63.0,37.0,22.0,14.0,10.0,2.0,5.0
2011-328,Basel,Hard,32,500,I,20111031,17,D643,1.0,,Novak Djokovic,R,188.0,SRB,24.444,1.0,13860.0,K540,,Q,Lukasz Kubot,R,191.0,POL,29.459,64.0,747.0,6-1 6-2,3,R16,55.0,8.0,2.0,43.0,27.0,22.0,11.0,8.0,0.0,0.0,0.0,4.0,43.0,23.0,15.0,6.0,7.0,3.0,7.0
2011-328,Basel,Hard,32,500,I,20111031,18,B837,,,Marcos Baghdatis,R,178.0,CYP,26.371,59.0,805.0,L523,,Q,Michael Lammer,R,185.0,SUI,29.602,327.0,133.0,7-6(2) 6-7(2) 6-3,3,R16,160.0,9.0,7.0,118.0,55.0,44.0,40.0,17.0,4.0,4.0,1.0,1.0,96.0,50.0,40.0,31.0,16.0,4.0,5.0
2011-328,Basel,Hard,32,500,I,20111031,19,N552,,WC,Kei Nishikori,R,178.0,JPN,21.837,32.0,1225.0,SA93,,,Andreas Seppi,R,191.0,ITA,27.691,50.0,900.0,6-3 7-6(4),3,R16,106.0,2.0,2.0,80.0,40.0,29.0,22.0,11.0,2.0,4.0,5.0,1.0,56.0,32.0,21.0,13.0,10.0,2.0,5.0
2011-328,Basel,Hard,32,500,I,20111031,20,K926,,LL,Mikhail Kukushkin,R,183.0,KAZ,23.847,113.0,498.0,B676,,Q,James Blake,R,185.0,USA,31.841,60.0,769.0,6-3 6-4,3,R16,77.0,6.0,0.0,53.0,33.0,26.0,12.0,10.0,0.0,1.0,3.0,3.0,69.0,38.0,26.0,11.0,9.0,7.0,10.0
2011-328,Basel,Hard,32,500,I,20111031,21,R485,7.0,,Andy Roddick,R,188.0,USA,29.169,15.0,2120.0,S694,,,Radek Stepanek,R,185.0,CZE,32.925,25.0,1400.0,2-6 6-3 6-3,3,R16,104.0,10.0,3.0,69.0,46.0,33.0,14.0,13.0,5.0,8.0,8.0,8.0,74.0,37.0,30.0,14.0,13.0,1.0,5.0
2011-328,Basel,Hard,32,500,I,20111031,22,F324,3.0,,Roger Federer,R,185.0,SUI,30.229,4.0,7530.0,N289,,,Jarkko Nieminen,L,185.0,FIN,30.272,66.0,736.0,6-1 4-6 6-3,3,R16,95.0,10.0,4.0,78.0,42.0,37.0,15.0,13.0,3.0,5.0,2.0,6.0,82.0,45.0,31.0,15.0,13.0,2.0,7.0
2011-328,Basel,Hard,32,500,I,20111031,23,MB02,,,Florian Mayer,R,191.0,GER,28.071,22.0,1675.0,L360,,,Ivan Ljubicic,R,193.0,CRO,32.619,31.0,1235.0,6-3 6-1,3,R16,59.0,4.0,3.0,49.0,30.0,25.0,8.0,8.0,3.0,4.0,5.0,2.0,49.0,28.0,17.0,5.0,8.0,0.0,5.0
2011-328,Basel,Hard,32,500,I,20111031,24,W367,,,Stan Wawrinka,R,183.0,SUI,26.593,19.0,1765.0,H756,,,Robin Haase,R,191.0,NED,24.569,40.0,991.0,4-6 6-1 6-2,3,R16,128.0,8.0,1.0,75.0,42.0,34.0,19.0,13.0,1.0,2.0,1.0,4.0,110.0,60.0,33.0,25.0,12.0,13.0,17.0
2011-328,Basel,Hard,32,500,I,20111031,25,D643,1.0,,Novak Djokovic,R,188.0,SRB,24.444,1.0,13860.0,B837,,,Marcos Baghdatis,R,178.0,CYP,26.371,59.0,805.0,2-6 6-2 6-3,3,QF,99.0,4.0,2.0,75.0,50.0,35.0,16.0,13.0,1.0,3.0,12.0,7.0,71.0,40.0,29.0,15.0,12.0,0.0,3.0
2011-328,Basel,Hard,32,500,I,20111031,26,N552,,WC,Kei Nishikori,R,178.0,JPN,21.837,32.0,1225.0,K926,,LL,Mikhail Kukushkin,R,183.0,KAZ,23.847,113.0,498.0,6-4 5-7 6-4,3,QF,159.0,2.0,3.0,98.0,48.0,32.0,24.0,16.0,4.0,10.0,4.0,1.0,106.0,50.0,27.0,29.0,16.0,9.0,16.0
2011-328,Basel,Hard,32,500,I,20111031,27,F324,3.0,,Roger Federer,R,185.0,SUI,30.229,4.0,7530.0,R485,7.0,,Andy Roddick,R,188.0,USA,29.169,15.0,2120.0,6-3 6-2,3,QF,64.0,5.0,1.0,47.0,25.0,21.0,16.0,9.0,0.0,0.0,3.0,1.0,42.0,15.0,11.0,13.0,8.0,1.0,4.0
2011-328,Basel,Hard,32,500,I,20111031,28,W367,,,Stan Wawrinka,R,183.0,SUI,26.593,19.0,1765.0,MB02,,,Florian Mayer,R,191.0,GER,28.071,22.0,1675.0,6-2 6-2,3,QF,64.0,7.0,3.0,41.0,16.0,15.0,17.0,8.0,0.0,0.0,0.0,2.0,53.0,17.0,8.0,18.0,8.0,5.0,9.0
2011-328,Basel,Hard,32,500,I,20111031,29,N552,,WC,Kei Nishikori,R,178.0,JPN,21.837,32.0,1225.0,D643,1.0,,Novak Djokovic,R,188.0,SRB,24.444,1.0,13860.0,2-6 7-6(4) 6-0,3,SF,136.0,4.0,2.0,82.0,38.0,28.0,22.0,13.0,3.0,7.0,6.0,4.0,91.0,61.0,41.0,10.0,13.0,2.0,7.0
2011-328,Basel,Hard,32,500,I,20111031,30,F324,3.0,,Roger Federer,R,185.0,SUI,30.229,4.0,7530.0,W367,,,Stan Wawrinka,R,183.0,SUI,26.593,19.0,1765.0,7-6(5) 6-2,3,SF,88.0,3.0,3.0,62.0,37.0,28.0,13.0,10.0,0.0,1.0,3.0,0.0,67.0,41.0,28.0,9.0,10.0,2.0,5.0
2011-328,Basel,Hard,32,500,I,20111031,31,F324,3.0,,Roger Federer,R,185.0,SUI,30.229,4.0,7530.0,N552,,WC,Kei Nishikori,R,178.0,JPN,21.837,32.0,1225.0,6-1 6-3,3,F,72.0,5.0,0.0,39.0,25.0,22.0,11.0,8.0,1.0,1.0,0.0,4.0,65.0,30.0,16.0,18.0,8.0,9.0,13.0
2011-573,Valencia,Hard,32,500,I,20111031,1,F401,1.0,,David Ferrer,R,175.0,ESP,29.58,5.0,4710.0,V306,,,Fernando Verdasco,L,188.0,ESP,27.959,24.0,1595.0,6-3 6-2,3,R32,83.0,1.0,1.0,60.0,34.0,25.0,16.0,9.0,1.0,1.0,1.0,5.0,57.0,38.0,21.0,9.0,8.0,5.0,8.0
2011-573,Valencia,Hard,32,500,I,20111031,2,PD07,,Q,Vasek Pospisil,R,193.0,CAN,21.355,133.0,416.0,I186,,,John Isner,R,208.0,USA,26.513,23.0,1635.0,6-3 3-6 7-6(9),3,R32,133.0,6.0,3.0,93.0,61.0,51.0,19.0,15.0,1.0,2.0,19.0,6.0,94.0,70.0,60.0,10.0,15.0,2.0,3.0
2011-573,Valencia,Hard,32,500,I,20111031,3,M873,,Q,Nicolas Mahut,R,191.0,FRA,29.774,103.0,536.0,G476,,,Guillermo Garcia-Lopez,R,185.0,ESP,28.408,67.0,730.0,7-6(5) 6-2,3,R32,99.0,5.0,3.0,72.0,46.0,38.0,12.0,10.0,1.0,1.0,4.0,1.0,62.0,34.0,25.0,16.0,10.0,4.0,6.0
2011-573,Valencia,Hard,32,500,I,20111031,4,D402,,,Nikolay Davydenko,R,178.0,RUS,30.412,36.0,1105.0,SD32,5.0,,Gilles Simon,R,183.0,FRA,26.842,12.0,2335.0,6-4 4-6 6-3,3,R32,135.0,2.0,5.0,88.0,67.0,52.0,6.0,14.0,5.0,7.0,3.0,2.0,96.0,58.0,36.0,20.0,15.0,7.0,11.0
2011-573,Valencia,Hard,32,500,I,20111031,5,MA21,,WC,Juan Monaco,R,185.0,ARG,27.589,41.0,990.0,A479,4.0,,Nicolas Almagro,R,183.0,ESP,26.193,11.0,2380.0,6-4 3-6 6-4,3,R32,144.0,2.0,5.0,90.0,56.0,39.0,20.0,14.0,9.0,11.0,7.0,3.0,93.0,48.0,30.0,29.0,15.0,9.0,12.0
2011-573,Valencia,Hard,32,500,I,20111031,6,F510,,,Fabio Fognini,R,178.0,ITA,24.438,44.0,975.0,G676,,WC,Daniel Gimeno-Traver,R,183.0,ESP,26.231,94.0,572.0,6-4 6-3,3,R32,71.0,1.0,3.0,57.0,35.0,27.0,9.0,10.0,0.0,2.0,3.0,4.0,54.0,22.0,15.0,14.0,9.0,1.0,5.0
2011-573,Valencia,Hard,32,500,I,20111031,7,F316,,,Juan Carlos Ferrero,R,183.0,ESP,31.715,58.0,810.0,K403,,Q,Igor Kunitsyn,R,180.0,RUS,30.084,63.0,751.0,6-4 7-6(2),3,R32,98.0,6.0,0.0,70.0,44.0,36.0,13.0,11.0,6.0,7.0,5.0,2.0,75.0,45.0,32.0,11.0,11.0,7.0,9.0
2011-573,Valencia,Hard,32,500,I,20111031,8,B842,,,Alex Bogomolov Jr.,R,178.0,RUS,28.523,33.0,1170.0,L397,8.0,,Feliciano Lopez,L,188.0,ESP,30.111,21.0,1675.0,4-6 6-4 7-6(2),3,R32,138.0,5.0,5.0,103.0,81.0,55.0,11.0,16.0,8.0,11.0,15.0,4.0,103.0,53.0,41.0,23.0,16.0,5.0,8.0
2011-573,Valencia,Hard,32,500,I,20111031,9,G710,,,Marcel Granollers,R,191.0,ESP,25.552,34.0,1145.0,D801,7.0,,Alexandr Dolgopolov,R,180.0,UKR,22.979,16.0,1880.0,6-3 6-4,3,R32,70.0,1.0,3.0,54.0,36.0,30.0,11.0,10.0,0.0,0.0,5.0,6.0,61.0,28.0,21.0,16.0,9.0,3.0,5.0
2011-573,Valencia,Hard,32,500,I,20111031,10,C977,,,Marin Cilic,R,198.0,CRO,23.088,20.0,1745.0,R975,,,Milos Raonic,R,196.0,CAN,20.843,27.0,1290.0,6-4 6-4,3,R32,92.0,6.0,2.0,67.0,29.0,23.0,24.0,10.0,2.0,2.0,8.0,4.0,63.0,39.0,32.0,9.0,10.0,5.0,7.0
2011-573,Valencia,Hard,32,500,I,20111031,11,A596,,,Pablo Andujar,R,180.0,ESP,25.769,46.0,920.0,C514,,,Juan Ignacio Chela,R,191.0,ARG,32.17,28.0,1280.0,6-0 7-6(7),3,R32,85.0,2.0,2.0,55.0,34.0,27.0,14.0,9.0,0.0,1.0,3.0,3.0,64.0,36.0,25.0,11.0,9.0,1.0,5.0
2011-573,Valencia,Hard,32,500,I,20111031,12,MC65,3.0,,Gael Monfils,R,193.0,FRA,25.164,10.0,2525.0,M824,,,Albert Montanes,R,175.0,ESP,30.927,56.0,860.0,6-3 6-1,3,R32,61.0,13.0,2.0,42.0,33.0,28.0,5.0,8.0,1.0,1.0,1.0,4.0,62.0,37.0,23.0,8.0,8.0,4.0,8.0
2011-573,Valencia,Hard,32,500,I,20111031,13,D683,6.0,,Juan Martin del Potro,R,198.0,ARG,23.102,14.0,2135.0,T315,,,Dmitry Tursunov,R,185.0,RUS,28.884,39.0,993.0,6-4 6-1,3,R32,76.0,10.0,0.0,48.0,30.0,21.0,14.0,8.0,1.0,1.0,3.0,3.0,54.0,23.0,15.0,13.0,9.0,4.0,8.0
2011-573,Valencia,Hard,32,500,I,20111031,14,A678,,,Kevin Anderson,R,203.0,RSA,25.454,30.0,1235.0,K966,,Q,Martin Klizan,L,191.0,SVK,22.305,92.0,578.0,6-1 6-4,3,R32,63.0,9.0,2.0,50.0,37.0,26.0,9.0,9.0,3.0,4.0,1.0,5.0,46.0,29.0,16.0,6.0,8.0,0.0,4.0
2011-573,Valencia,Hard,32,500,I,20111031,15,Q927,,,Sam Querrey,R,198.0,USA,24.066,116.0,489.0,G858,,,Ernests Gulbis,R,191.0,LAT,23.168,52.0,875.0,6-3 6-4,3,R32,72.0,10.0,2.0,56.0,34.0,31.0,10.0,10.0,0.0,0.0,4.0,3.0,63.0,40.0,27.0,13.0,9.0,6.0,8.0
2011-573,Valencia,Hard,32,500,I,20111031,16,T786,2.0,,Jo-Wilfried Tsonga,R,188.0,FRA,26.538,8.0,3040.0,MI08,,WC,Javier Marti,R,,ESP,19.803,182.0,274.0,4-6 7-5 6-2,3,R32,137.0,10.0,3.0,94.0,57.0,46.0,18.0,15.0,4.0,6.0,5.0,6.0,88.0,45.0,30.0,25.0,15.0,3.0,7.0
2011-573,Valencia,Hard,32,500,I,20111031,17,F401,1.0,,David Ferrer,R,175.0,ESP,29.58,5.0,4710.0,PD07,,Q,Vasek Pospisil,R,193.0,CAN,21.355,133.0,416.0,6-3 6-3,3,R16,91.0,2.0,1.0,64.0,45.0,28.0,13.0,9.0,5.0,6.0,2.0,2.0,60.0,34.0,19.0,11.0,9.0,2.0,6.0
2011-573,Valencia,Hard,32,500,I,20111031,18,D402,,,Nikolay Davydenko,R,178.0,RUS,30.412,36.0,1105.0,M873,,Q,Nicolas Mahut,R,191.0,FRA,29.774,103.0,536.0,W/O,3,R16,,2.0,1.0,64.0,45.0,28.0,13.0,9.0,5.0,6.0,2.0,2.0,60.0,34.0,19.0,11.0,9.0,2.0,6.0
2011-573,Valencia,Hard,32,500,I,20111031,19,MA21,,WC,Juan Monaco,R,185.0,ARG,27.589,41.0,990.0,F510,,,Fabio Fognini,R,178.0,ITA,24.438,44.0,975.0,6-3 6-1,3,R16,67.0,1.0,1.0,45.0,24.0,19.0,11.0,8.0,2.0,3.0,1.0,5.0,58.0,37.0,15.0,13.0,8.0,3.0,8.0
2011-573,Valencia,Hard,32,500,I,20111031,20,F316,,,Juan Carlos Ferrero,R,183.0,ESP,31.715,58.0,810.0,B842,,,Alex Bogomolov Jr.,R,178.0,RUS,28.523,33.0,1170.0,7-6(3) 4-6 6-2,3,R16,171.0,5.0,4.0,105.0,67.0,39.0,22.0,15.0,8.0,14.0,2.0,3.0,108.0,74.0,43.0,13.0,15.0,10.0,17.0
2011-573,Valencia,Hard,32,500,I,20111031,21,G710,,,Marcel Granollers,R,191.0,ESP,25.552,34.0,1145.0,C977,,,Marin Cilic,R,198.0,CRO,23.088,20.0,1745.0,3-6 6-3 7-5,3,R16,134.0,10.0,0.0,96.0,63.0,43.0,21.0,15.0,4.0,6.0,10.0,2.0,84.0,48.0,39.0,19.0,15.0,2.0,5.0
2011-573,Valencia,Hard,32,500,I,20111031,22,MC65,3.0,,Gael Monfils,R,193.0,FRA,25.164,10.0,2525.0,A596,,,Pablo Andujar,R,180.0,ESP,25.769,46.0,920.0,6-2 7-6(5),3,R16,101.0,10.0,1.0,73.0,47.0,36.0,12.0,10.0,3.0,4.0,1.0,4.0,87.0,55.0,33.0,16.0,10.0,9.0,12.0
2011-573,Valencia,Hard,32,500,I,20111031,23,D683,6.0,,Juan Martin del Potro,R,198.0,ARG,23.102,14.0,2135.0,A678,,,Kevin Anderson,R,203.0,RSA,25.454,30.0,1235.0,6-4 6-4,3,R16,91.0,4.0,2.0,51.0,29.0,23.0,14.0,10.0,0.0,1.0,4.0,2.0,58.0,32.0,20.0,16.0,10.0,3.0,6.0
2011-573,Valencia,Hard,32,500,I,20111031,24,Q927,,,Sam Querrey,R,198.0,USA,24.066,116.0,489.0,T786,2.0,,Jo-Wilfried Tsonga,R,188.0,FRA,26.538,8.0,3040.0,7-6(5) 6-2,3,R16,77.0,7.0,3.0,67.0,31.0,24.0,25.0,10.0,2.0,2.0,7.0,3.0,62.0,35.0,27.0,14.0,10.0,2.0,4.0
2011-573,Valencia,Hard,32,500,I,20111031,25,F401,1.0,,David Ferrer,R,175.0,ESP,29.58,5.0,4710.0,D402,,,Nikolay Davydenko,R,178.0,RUS,30.412,36.0,1105.0,6-3 6-4,3,QF,82.0,4.0,1.0,55.0,36.0,29.0,11.0,10.0,2.0,3.0,1.0,5.0,62.0,37.0,23.0,12.0,9.0,2.0,5.0
2011-573,Valencia,Hard,32,500,I,20111031,26,MA21,,WC,Juan Monaco,R,185.0,ARG,27.589,41.0,990.0,F316,,,Juan Carlos Ferrero,R,183.0,ESP,31.715,58.0,810.0,6-3 6-3,3,QF,96.0,3.0,3.0,62.0,44.0,32.0,10.0,9.0,2.0,2.0,1.0,0.0,53.0,33.0,22.0,10.0,9.0,2.0,5.0
2011-573,Valencia,Hard,32,500,I,20111031,27,G710,,,Marcel Granollers,R,191.0,ESP,25.552,34.0,1145.0,MC65,3.0,,Gael Monfils,R,193.0,FRA,25.164,10.0,2525.0,7-6(12) 3-6 6-4,3,QF,146.0,4.0,1.0,91.0,55.0,39.0,21.0,15.0,2.0,6.0,10.0,8.0,107.0,64.0,49.0,20.0,16.0,3.0,7.0
2011-573,Valencia,Hard,32,500,I,20111031,28,D683,6.0,,Juan Martin del Potro,R,198.0,ARG,23.102,14.0,2135.0,Q927,,,Sam Querrey,R,198.0,USA,24.066,116.0,489.0,6-2 7-5,3,QF,78.0,7.0,2.0,48.0,31.0,27.0,13.0,10.0,0.0,0.0,4.0,1.0,66.0,43.0,26.0,12.0,10.0,4.0,7.0
2011-573,Valencia,Hard,32,500,I,20111031,29,MA21,,WC,Juan Monaco,R,185.0,ARG,27.589,41.0,990.0,F401,1.0,,David Ferrer,R,175.0,ESP,29.58,5.0,4710.0,7-5 1-6 6-3,3,SF,136.0,1.0,1.0,101.0,71.0,46.0,11.0,14.0,7.0,12.0,2.0,6.0,73.0,32.0,24.0,21.0,14.0,2.0,7.0
2011-573,Valencia,Hard,32,500,I,20111031,30,G710,,,Marcel Granollers,R,191.0,ESP,25.552,34.0,1145.0,D683,6.0,,Juan Martin del Potro,R,198.0,ARG,23.102,14.0,2135.0,6-4 7-6(4),3,SF,113.0,4.0,0.0,66.0,36.0,29.0,20.0,11.0,2.0,3.0,3.0,2.0,73.0,42.0,28.0,19.0,11.0,4.0,6.0
2011-573,Valencia,Hard,32,500,I,20111031,31,G710,,,Marcel Granollers,R,191.0,ESP,25.552,34.0,1145.0,MA21,,WC,Juan Monaco,R,185.0,ARG,27.589,41.0,990.0,6-2 4-6 7-6(3),3,F,180.0,7.0,1.0,97.0,60.0,43.0,20.0,15.0,6.0,9.0,1.0,1.0,98.0,74.0,48.0,9.0,15.0,6.0,10.0
2011-352,Paris Masters,Hard,48,M,I,20111107,1,D643,1.0,,Novak Djokovic,R,188.0,SRB,24.463,1.0,13785.0,D646,,,Ivan Dodig,R,183.0,CRO,26.845,39.0,1035.0,6-4 6-3,3,R32,91.0,3.0,2.0,53.0,29.0,26.0,15.0,10.0,0.0,0.0,6.0,4.0,61.0,30.0,22.0,14.0,9.0,3.0,5.0
2011-352,Paris Masters,Hard,48,M,I,20111107,2,D643,1.0,,Novak Djokovic,R,188.0,SRB,24.463,1.0,13785.0,T840,15.0,,Viktor Troicki,R,193.0,SRB,25.739,19.0,1730.0,4-6 6-3 6-1,3,R16,116.0,3.0,4.0,95.0,62.0,41.0,15.0,13.0,11.0,14.0,7.0,3.0,78.0,41.0,28.0,12.0,13.0,5.0,11.0
2011-352,Paris Masters,Hard,48,M,I,20111107,3,T786,6.0,,Jo-Wilfried Tsonga,R,188.0,FRA,26.557,8.0,2935.0,D643,1.0,,Novak Djokovic,R,188.0,SRB,24.463,1.0,13785.0,W/O,3,QF,,3.0,4.0,95.0,62.0,41.0,15.0,13.0,11.0,14.0,7.0,3.0,78.0,41.0,28.0,12.0,13.0,5.0,11.0
2011-352,Paris Masters,Hard,48,M,I,20111107,4,D646,,,Ivan Dodig,R,183.0,CRO,26.845,39.0,1035.0,F510,,,Fabio Fognini,R,178.0,ITA,24.457,42.0,975.0,4-6 6-1 6-3,3,R64,121.0,9.0,5.0,87.0,41.0,31.0,22.0,13.0,5.0,8.0,3.0,5.0,87.0,47.0,30.0,18.0,13.0,7.0,13.0
2011-352,Paris Masters,Hard,48,M,I,20111107,5,SC77,,Q,Sergiy Stakhovsky,R,193.0,UKR,25.834,63.0,755.0,N552,,,Kei Nishikori,R,178.0,JPN,21.856,24.0,1500.0,6-4 6-3,3,R64,92.0,5.0,2.0,75.0,49.0,36.0,10.0,10.0,12.0,14.0,4.0,1.0,67.0,38.0,22.0,12.0,9.0,5.0,9.0
2011-352,Paris Masters,Hard,48,M,I,20111107,6,T840,15.0,,Viktor Troicki,R,193.0,SRB,25.739,19.0,1730.0,SC77,,Q,Sergiy Stakhovsky,R,193.0,UKR,25.834,63.0,755.0,6-4 6-4,3,R32,87.0,5.0,2.0,61.0,31.0,23.0,15.0,10.0,2.0,4.0,1.0,4.0,65.0,33.0,20.0,16.0,10.0,5.0,9.0
2011-352,Paris Masters,Hard,48,M,I,20111107,7,SA93,,Q,Andreas Seppi,R,191.0,ITA,27.71,46.0,925.0,A479,9.0,,Nicolas Almagro,R,183.0,ESP,26.212,11.0,2380.0,6-3 7-5,3,R32,82.0,7.0,1.0,67.0,42.0,30.0,14.0,11.0,1.0,3.0,7.0,1.0,65.0,36.0,25.0,11.0,10.0,4.0,8.0
2011-352,Paris Masters,Hard,48,M,I,20111107,8,SA93,,Q,Andreas Seppi,R,191.0,ITA,27.71,46.0,925.0,D402,,,Nikolay Davydenko,R,178.0,RUS,30.431,36.0,1150.0,7-6(2) 7-5,3,R64,107.0,4.0,2.0,82.0,45.0,35.0,20.0,12.0,5.0,7.0,5.0,6.0,79.0,48.0,33.0,15.0,12.0,3.0,6.0
2011-352,Paris Masters,Hard,48,M,I,20111107,9,T786,6.0,,Jo-Wilfried Tsonga,R,188.0,FRA,26.557,8.0,2935.0,SA93,,Q,Andreas Seppi,R,191.0,ITA,27.71,46.0,925.0,6-3 6-4,3,R16,76.0,13.0,1.0,63.0,39.0,34.0,10.0,10.0,2.0,2.0,2.0,2.0,47.0,31.0,20.0,11.0,9.0,1.0,3.0
2011-352,Paris Masters,Hard,48,M,I,20111107,10,G476,,,Guillermo Garcia-Lopez,R,185.0,ESP,28.427,64.0,730.0,G725,,Q,Santiago Giraldo,R,188.0,COL,23.945,45.0,925.0,6-4 1-6 6-4,3,R64,134.0,4.0,7.0,77.0,39.0,25.0,20.0,13.0,3.0,7.0,4.0,3.0,114.0,78.0,49.0,16.0,14.0,8.0,12.0
2011-352,Paris Masters,Hard,48,M,I,20111107,11,T786,6.0,,Jo-Wilfried Tsonga,R,188.0,FRA,26.557,8.0,2935.0,G476,,,Guillermo Garcia-Lopez,R,185.0,ESP,28.427,64.0,730.0,6-3 6-4,3,R32,100.0,9.0,0.0,76.0,42.0,30.0,18.0,10.0,5.0,6.0,0.0,3.0,50.0,30.0,22.0,7.0,9.0,1.0,4.0
2011-352,Paris Masters,Hard,48,M,I,20111107,12,T786,6.0,,Jo-Wilfried Tsonga,R,188.0,FRA,26.557,8.0,2935.0,I186,,,John Isner,R,208.0,USA,26.533,25.0,1450.0,3-6 7-6(1) 7-6(3),3,SF,178.0,12.0,5.0,120.0,68.0,57.0,29.0,16.0,8.0,9.0,10.0,3.0,117.0,80.0,61.0,19.0,17.0,7.0,7.0
2011-352,Paris Masters,Hard,48,M,I,20111107,13,F324,3.0,,Roger Federer,R,185.0,SUI,30.248,4.0,7530.0,T786,6.0,,Jo-Wilfried Tsonga,R,188.0,FRA,26.557,8.0,2935.0,6-1 7-6(3),3,F,86.0,4.0,1.0,70.0,43.0,38.0,14.0,10.0,4.0,4.0,7.0,2.0,61.0,37.0,28.0,12.0,9.0,3.0,5.0
2011-352,Paris Masters,Hard,48,M,I,20111107,14,F401,4.0,,David Ferrer,R,175.0,ESP,29.599,5.0,4390.0,M873,,Q,Nicolas Mahut,R,191.0,FRA,29.793,95.0,583.0,6-4 6-4,3,R32,87.0,2.0,3.0,59.0,27.0,19.0,22.0,10.0,2.0,2.0,1.0,3.0,62.0,30.0,25.0,14.0,10.0,3.0,5.0
2011-352,Paris Masters,Hard,48,M,I,20111107,15,F401,4.0,,David Ferrer,R,175.0,ESP,29.599,5.0,4390.0,D801,14.0,,Alexandr Dolgopolov,R,180.0,UKR,22.998,17.0,1880.0,6-3 6-2,3,R16,74.0,2.0,2.0,46.0,32.0,24.0,7.0,8.0,2.0,3.0,1.0,4.0,70.0,30.0,19.0,13.0,9.0,8.0,13.0
2011-352,Paris Masters,Hard,48,M,I,20111107,16,I186,,,John Isner,R,208.0,USA,26.533,25.0,1450.0,F401,4.0,,David Ferrer,R,175.0,ESP,29.599,5.0,4390.0,6-3 3-6 6-3,3,QF,107.0,12.0,4.0,87.0,62.0,45.0,14.0,14.0,4.0,5.0,3.0,3.0,70.0,43.0,31.0,17.0,13.0,1.0,3.0
2011-352,Paris Masters,Hard,48,M,I,20111107,17,M873,,Q,Nicolas Mahut,R,191.0,FRA,29.793,95.0,583.0,F316,,,Juan Carlos Ferrero,R,183.0,ESP,31.734,51.0,900.0,6-2 6-3,3,R64,73.0,11.0,4.0,62.0,32.0,24.0,14.0,9.0,4.0,6.0,2.0,1.0,50.0,30.0,17.0,8.0,8.0,4.0,9.0
2011-352,Paris Masters,Hard,48,M,I,20111107,18,K435,,Q,Philipp Kohlschreiber,R,178.0,GER,28.06,50.0,900.0,Y061,,,Mikhail Youzhny,R,183.0,RUS,29.369,37.0,1105.0,6-4 6-2,3,R64,76.0,8.0,5.0,53.0,24.0,19.0,16.0,9.0,5.0,7.0,2.0,6.0,72.0,35.0,23.0,13.0,9.0,7.0,12.0
2011-352,Paris Masters,Hard,48,M,I,20111107,19,D801,14.0,,Alexandr Dolgopolov,R,180.0,UKR,22.998,17.0,1880.0,K435,,Q,Philipp Kohlschreiber,R,178.0,GER,28.06,50.0,900.0,6-3 7-6(6),3,R32,86.0,11.0,2.0,73.0,34.0,27.0,24.0,11.0,2.0,3.0,6.0,4.0,78.0,43.0,31.0,15.0,10.0,8.0,10.0
2011-352,Paris Masters,Hard,48,M,I,20111107,20,I186,,,John Isner,R,208.0,USA,26.533,25.0,1450.0,K403,,LL,Igor Kunitsyn,R,180.0,RUS,30.103,68.0,706.0,6-4 6-4,3,R32,70.0,7.0,0.0,58.0,40.0,30.0,10.0,10.0,2.0,3.0,2.0,0.0,51.0,25.0,18.0,14.0,10.0,2.0,5.0
2011-352,Paris Masters,Hard,48,M,I,20111107,21,I186,,,John Isner,R,208.0,USA,26.533,25.0,1450.0,W367,,,Stan Wawrinka,R,183.0,SUI,26.612,16.0,1900.0,6-7(3) 7-5 7-6(5),3,R64,176.0,20.0,4.0,111.0,80.0,62.0,18.0,18.0,3.0,4.0,12.0,3.0,133.0,84.0,58.0,29.0,18.0,8.0,10.0
2011-352,Paris Masters,Hard,48,M,I,20111107,22,I186,,,John Isner,R,208.0,USA,26.533,25.0,1450.0,L397,,,Feliciano Lopez,L,188.0,ESP,30.13,21.0,1675.0,6-4 6-2,3,R16,72.0,11.0,1.0,60.0,42.0,33.0,9.0,9.0,1.0,1.0,3.0,5.0,53.0,23.0,19.0,12.0,9.0,1.0,4.0
2011-352,Paris Masters,Hard,48,M,I,20111107,23,L397,,,Feliciano Lopez,L,188.0,ESP,30.13,21.0,1675.0,L428,,,Michael Llodra,L,191.0,FRA,31.472,32.0,1265.0,7-6(7) 6-3,3,R64,98.0,7.0,4.0,77.0,44.0,29.0,20.0,11.0,3.0,5.0,5.0,3.0,76.0,39.0,27.0,18.0,10.0,9.0,12.0
2011-352,Paris Masters,Hard,48,M,I,20111107,24,L397,,,Feliciano Lopez,L,188.0,ESP,30.13,21.0,1675.0,MC65,8.0,,Gael Monfils,R,193.0,FRA,25.183,10.0,2525.0,6-3 6-4,3,R32,81.0,5.0,4.0,63.0,29.0,23.0,22.0,10.0,5.0,5.0,12.0,3.0,55.0,31.0,21.0,14.0,9.0,1.0,3.0
2011-352,Paris Masters,Hard,48,M,I,20111107,25,F339,7.0,,Mardy Fish,R,188.0,USA,29.911,9.0,2875.0,MB02,,,Florian Mayer,R,191.0,GER,28.09,22.0,1675.0,6-1 6-2,3,R32,56.0,7.0,0.0,41.0,25.0,23.0,10.0,8.0,0.0,0.0,1.0,3.0,46.0,25.0,14.0,7.0,7.0,4.0,8.0
2011-352,Paris Masters,Hard,48,M,I,20111107,26,MA21,,,Juan Monaco,R,185.0,ARG,27.608,34.0,1200.0,F339,7.0,,Mardy Fish,R,188.0,USA,29.911,9.0,2875.0,1-6 7-6(6) 1-2 RET,3,R16,102.0,0.0,1.0,60.0,39.0,28.0,12.0,10.0,1.0,4.0,5.0,0.0,69.0,39.0,29.0,21.0,12.0,1.0,2.0
2011-352,Paris Masters,Hard,48,M,I,20111107,27,MB02,,,Florian Mayer,R,191.0,GER,28.09,22.0,1675.0,S694,,,Radek Stepanek,R,185.0,CZE,32.945,26.0,1355.0,7-5 6-3,3,R64,81.0,1.0,2.0,61.0,34.0,26.0,13.0,10.0,1.0,3.0,3.0,4.0,70.0,41.0,27.0,10.0,11.0,4.0,9.0
2011-352,Paris Masters,Hard,48,M,I,20111107,28,MA21,,,Juan Monaco,R,185.0,ARG,27.608,34.0,1200.0,Y124,,Q,Donald Young,L,183.0,USA,22.292,43.0,975.0,6-4 6-2,3,R64,79.0,2.0,0.0,58.0,40.0,29.0,12.0,9.0,4.0,4.0,3.0,3.0,61.0,36.0,23.0,11.0,9.0,4.0,7.0
2011-352,Paris Masters,Hard,48,M,I,20111107,29,MA21,,,Juan Monaco,R,185.0,ARG,27.608,34.0,1200.0,SD32,10.0,,Gilles Simon,R,183.0,FRA,26.861,14.0,2200.0,6-4 6-0,3,R32,73.0,0.0,1.0,41.0,27.0,25.0,7.0,8.0,0.0,0.0,2.0,1.0,52.0,25.0,15.0,11.0,8.0,5.0,9.0
2011-352,Paris Masters,Hard,48,M,I,20111107,30,F324,3.0,,Roger Federer,R,185.0,SUI,30.248,4.0,7530.0,MA21,,,Juan Monaco,R,185.0,ARG,27.608,34.0,1200.0,6-3 7-5,3,QF,85.0,7.0,0.0,70.0,43.0,35.0,12.0,11.0,1.0,2.0,4.0,2.0,61.0,38.0,26.0,11.0,10.0,3.0,6.0
2011-352,Paris Masters,Hard,48,M,I,20111107,31,G628,16.0,,Richard Gasquet,R,183.0,FRA,25.388,20.0,1720.0,A678,,,Kevin Anderson,R,203.0,RSA,25.473,33.0,1235.0,6-4 7-6(4),3,R32,112.0,3.0,6.0,78.0,38.0,31.0,23.0,11.0,2.0,3.0,13.0,1.0,70.0,44.0,31.0,16.0,11.0,1.0,3.0
2011-352,Paris Masters,Hard,48,M,I,20111107,32,F324,3.0,,Roger Federer,R,185.0,SUI,30.248,4.0,7530.0,G628,16.0,,Richard Gasquet,R,183.0,FRA,25.388,20.0,1720.0,6-2 6-4,3,R16,66.0,3.0,1.0,44.0,33.0,27.0,8.0,9.0,2.0,3.0,2.0,3.0,55.0,33.0,22.0,7.0,9.0,2.0,6.0
2011-352,Paris Masters,Hard,48,M,I,20111107,33,A678,,,Kevin Anderson,R,203.0,RSA,25.473,33.0,1235.0,MA30,,,Gilles Muller,L,193.0,LUX,28.498,53.0,883.0,6-3 4-6 6-4,3,R64,111.0,13.0,0.0,71.0,47.0,40.0,17.0,15.0,1.0,2.0,8.0,3.0,86.0,47.0,38.0,20.0,14.0,4.0,6.0
2011-352,Paris Masters,Hard,48,M,I,20111107,34,ME82,,WC,Adrian Mannarino,L,180.0,FRA,23.357,85.0,619.0,T315,,,Dmitry Tursunov,R,185.0,RUS,28.903,40.0,993.0,6-2 6-2,3,R64,67.0,7.0,2.0,48.0,31.0,28.0,7.0,8.0,2.0,2.0,4.0,5.0,51.0,32.0,16.0,9.0,8.0,1.0,5.0
2011-352,Paris Masters,Hard,48,M,I,20111107,35,F324,3.0,,Roger Federer,R,185.0,SUI,30.248,4.0,7530.0,ME82,,WC,Adrian Mannarino,L,180.0,FRA,23.357,85.0,619.0,6-2 6-3,3,R32,56.0,4.0,0.0,40.0,26.0,23.0,13.0,9.0,0.0,0.0,1.0,3.0,43.0,22.0,15.0,10.0,8.0,2.0,5.0
2011-352,Paris Masters,Hard,48,M,I,20111107,36,F324,3.0,,Roger Federer,R,185.0,SUI,30.248,4.0,7530.0,BA47,5.0,,Tomas Berdych,R,196.0,CZE,26.138,7.0,3230.0,6-4 6-3,3,SF,80.0,5.0,3.0,46.0,32.0,29.0,7.0,9.0,0.0,0.0,10.0,6.0,67.0,37.0,28.0,10.0,10.0,3.0,6.0
2011-352,Paris Masters,Hard,48,M,I,20111107,37,BA47,5.0,,Tomas Berdych,R,196.0,CZE,26.138,7.0,3230.0,V306,,,Fernando Verdasco,L,188.0,ESP,27.978,23.0,1595.0,6-3 7-5,3,R32,105.0,3.0,1.0,72.0,37.0,28.0,16.0,11.0,3.0,6.0,2.0,4.0,63.0,38.0,24.0,9.0,10.0,5.0,10.0
2011-352,Paris Masters,Hard,48,M,I,20111107,38,BA47,5.0,,Tomas Berdych,R,196.0,CZE,26.138,7.0,3230.0,T742,11.0,,Janko Tipsarevic,R,180.0,SRB,27.376,13.0,2305.0,7-5 6-4,3,R16,102.0,8.0,4.0,75.0,48.0,35.0,10.0,11.0,4.0,7.0,4.0,4.0,68.0,32.0,21.0,16.0,11.0,4.0,9.0
2011-352,Paris Masters,Hard,48,M,I,20111107,39,BA47,5.0,,Tomas Berdych,R,196.0,CZE,26.138,7.0,3230.0,MC10,2.0,,Andy Murray,R,191.0,GBR,24.482,3.0,7780.0,4-6 7-6(5) 6-4,3,QF,193.0,6.0,2.0,118.0,67.0,51.0,25.0,16.0,15.0,17.0,6.0,4.0,123.0,62.0,48.0,29.0,16.0,12.0,14.0
2011-352,Paris Masters,Hard,48,M,I,20111107,40,V306,,,Fernando Verdasco,L,188.0,ESP,27.978,23.0,1595.0,C977,,,Marin Cilic,R,198.0,CRO,23.107,18.0,1745.0,3-6 6-2 6-3,3,R64,113.0,6.0,6.0,82.0,53.0,38.0,18.0,13.0,2.0,3.0,5.0,5.0,76.0,36.0,29.0,18.0,13.0,2.0,5.0
2011-352,Paris Masters,Hard,48,M,I,20111107,41,B842,,,Alex Bogomolov Jr.,R,178.0,RUS,28.542,35.0,1170.0,BD20,,,Thomaz Bellucci,L,188.0,BRA,23.855,38.0,1095.0,4-6 7-6(4) 6-2,3,R64,133.0,4.0,6.0,88.0,44.0,37.0,23.0,15.0,2.0,4.0,7.0,7.0,103.0,48.0,36.0,28.0,15.0,7.0,10.0
2011-352,Paris Masters,Hard,48,M,I,20111107,42,T742,11.0,,Janko Tipsarevic,R,180.0,SRB,27.376,13.0,2305.0,B842,,,Alex Bogomolov Jr.,R,178.0,RUS,28.542,35.0,1170.0,6-1 6-0,3,R32,51.0,8.0,1.0,39.0,22.0,19.0,9.0,6.0,2.0,2.0,2.0,5.0,44.0,20.0,9.0,6.0,7.0,3.0,9.0
2011-352,Paris Masters,Hard,48,M,I,20111107,43,R485,13.0,,Andy Roddick,R,188.0,USA,29.188,15.0,2030.0,B747,,WC,Julien Benneteau,R,185.0,FRA,29.881,54.0,873.0,6-4 6-4,3,R32,83.0,9.0,1.0,60.0,39.0,25.0,13.0,10.0,1.0,3.0,7.0,3.0,63.0,36.0,26.0,8.0,10.0,4.0,8.0
2011-352,Paris Masters,Hard,48,M,I,20111107,44,MC10,2.0,,Andy Murray,R,191.0,GBR,24.482,3.0,7780.0,R485,13.0,,Andy Roddick,R,188.0,USA,29.188,15.0,2030.0,6-2 6-2,3,R16,62.0,7.0,2.0,42.0,24.0,20.0,12.0,8.0,0.0,0.0,1.0,0.0,41.0,25.0,14.0,6.0,8.0,2.0,6.0
2011-352,Paris Masters,Hard,48,M,I,20111107,45,B747,,WC,Julien Benneteau,R,185.0,FRA,29.881,54.0,873.0,R975,,,Milos Raonic,R,196.0,CAN,20.862,29.0,1290.0,6-7(5) 7-6(5) 6-4,3,R64,146.0,11.0,1.0,113.0,76.0,61.0,20.0,17.0,1.0,1.0,22.0,3.0,103.0,70.0,61.0,17.0,17.0,2.0,3.0
2011-352,Paris Masters,Hard,48,M,I,20111107,46,CA12,,WC,Jeremy Chardy,R,188.0,FRA,24.734,110.0,515.0,G710,,,Marcel Granollers,R,191.0,ESP,25.572,28.0,1335.0,6-3 RET,3,R64,28.0,7.0,1.0,24.0,15.0,15.0,5.0,5.0,0.0,0.0,1.0,3.0,22.0,13.0,9.0,5.0,4.0,0.0,1.0
2011-352,Paris Masters,Hard,48,M,I,20111107,47,MC10,2.0,,Andy Murray,R,191.0,GBR,24.482,3.0,7780.0,CA12,,WC,Jeremy Chardy,R,188.0,FRA,24.734,110.0,515.0,6-2 6-4,3,R32,79.0,3.0,0.0,50.0,28.0,21.0,17.0,9.0,0.0,0.0,2.0,2.0,64.0,38.0,26.0,9.0,9.0,3.0,6.0
2011-605,Tour Finals,Hard,8,F,I,20111120,1,N409,,,Rafael Nadal,L,185.0,ESP,25.465,2.0,9375.0,F339,,,Mardy Fish,R,188.0,USA,29.947,8.0,2965.0,6-2 3-6 7-6(3),3,RR,175.0,1.0,5.0,102.0,65.0,45.0,20.0,14.0,8.0,11.0,7.0,1.0,94.0,56.0,38.0,19.0,15.0,5.0,9.0
2011-605,Tour Finals,Hard,8,F,I,20111120,2,F324,,,Roger Federer,R,185.0,SUI,30.283,4.0,6670.0,N409,,,Rafael Nadal,L,185.0,ESP,25.465,2.0,9375.0,6-3 6-0,3,RR,61.0,6.0,1.0,40.0,27.0,23.0,9.0,8.0,0.0,0.0,1.0,0.0,41.0,30.0,14.0,5.0,7.0,2.0,6.0
2011-605,Tour Finals,Hard,8,F,I,20111120,3,T786,,,Jo-Wilfried Tsonga,R,188.0,FRA,26.593,6.0,3535.0,N409,,,Rafael Nadal,L,185.0,ESP,25.465,2.0,9375.0,7-6(2) 4-6 6-3,3,RR,162.0,11.0,6.0,93.0,51.0,43.0,20.0,15.0,5.0,7.0,2.0,1.0,97.0,63.0,44.0,16.0,16.0,3.0,6.0
2011-605,Tour Finals,Hard,8,F,I,20111120,4,T786,,,Jo-Wilfried Tsonga,R,188.0,FRA,26.593,6.0,3535.0,F339,,,Mardy Fish,R,188.0,USA,29.947,8.0,2965.0,7-6(4) 6-1,3,RR,90.0,7.0,1.0,57.0,32.0,23.0,15.0,10.0,1.0,4.0,3.0,1.0,56.0,34.0,21.0,9.0,9.0,6.0,11.0
2011-605,Tour Finals,Hard,8,F,I,20111120,5,F324,,,Roger Federer,R,185.0,SUI,30.283,4.0,6670.0,F339,,,Mardy Fish,R,188.0,USA,29.947,8.0,2965.0,6-1 3-6 6-3,3,RR,108.0,7.0,0.0,83.0,49.0,36.0,19.0,13.0,7.0,9.0,10.0,1.0,83.0,47.0,32.0,16.0,12.0,6.0,10.0
2011-605,Tour Finals,Hard,8,F,I,20111120,6,F324,,,Roger Federer,R,185.0,SUI,30.283,4.0,6670.0,T786,,,Jo-Wilfried Tsonga,R,188.0,FRA,26.593,6.0,3535.0,6-2 2-6 6-4,3,RR,89.0,3.0,1.0,73.0,48.0,37.0,15.0,13.0,0.0,2.0,6.0,3.0,61.0,33.0,25.0,17.0,13.0,2.0,5.0
2011-605,Tour Finals,Hard,8,F,I,20111120,7,D643,,,Novak Djokovic,R,188.0,SRB,24.498,1.0,13475.0,BA47,,,Tomas Berdych,R,196.0,CZE,26.174,7.0,3300.0,3-6 6-3 7-6(3),3,RR,159.0,4.0,3.0,94.0,61.0,43.0,17.0,15.0,4.0,7.0,6.0,4.0,97.0,45.0,34.0,25.0,15.0,5.0,8.0
2011-605,Tour Finals,Hard,8,F,I,20111120,8,F401,,,David Ferrer,R,175.0,ESP,29.634,5.0,4480.0,D643,,,Novak Djokovic,R,188.0,SRB,24.498,1.0,13475.0,6-3 6-1,3,RR,75.0,4.0,1.0,45.0,25.0,23.0,11.0,8.0,1.0,1.0,2.0,3.0,59.0,32.0,21.0,9.0,8.0,3.0,7.0
2011-605,Tour Finals,Hard,8,F,I,20111120,9,T742,,ALT,Janko Tipsarevic,R,180.0,SRB,27.411,9.0,2395.0,D643,,,Novak Djokovic,R,188.0,SRB,24.498,1.0,13475.0,3-6 6-3 6-3,3,RR,128.0,4.0,4.0,94.0,52.0,35.0,23.0,13.0,2.0,4.0,8.0,2.0,74.0,48.0,36.0,12.0,14.0,3.0,7.0
2011-605,Tour Finals,Hard,8,F,I,20111120,10,F401,,,David Ferrer,R,175.0,ESP,29.634,5.0,4480.0,MC10,,,Andy Murray,R,191.0,GBR,24.517,3.0,7380.0,6-4 7-5,3,RR,121.0,5.0,4.0,71.0,40.0,25.0,18.0,11.0,4.0,7.0,4.0,2.0,81.0,36.0,21.0,20.0,11.0,5.0,10.0
2011-605,Tour Finals,Hard,8,F,I,20111120,11,BA47,,,Tomas Berdych,R,196.0,CZE,26.174,7.0,3300.0,F401,,,David Ferrer,R,175.0,ESP,29.634,5.0,4480.0,3-6 7-5 6-1,3,RR,128.0,7.0,2.0,78.0,35.0,29.0,21.0,14.0,1.0,4.0,1.0,6.0,82.0,36.0,22.0,26.0,14.0,3.0,8.0
2011-605,Tour Finals,Hard,8,F,I,20111120,12,BA47,,,Tomas Berdych,R,196.0,CZE,26.174,7.0,3300.0,T742,,,Janko Tipsarevic,R,180.0,SRB,27.411,9.0,2395.0,2-6 6-3 7-6(6),3,RR,147.0,9.0,0.0,97.0,45.0,34.0,30.0,15.0,2.0,4.0,8.0,2.0,76.0,37.0,32.0,27.0,14.0,4.0,5.0
2011-605,Tour Finals,Hard,8,F,I,20111120,13,T786,,,Jo-Wilfried Tsonga,R,188.0,FRA,26.593,6.0,3535.0,BA47,,,Tomas Berdych,R,196.0,CZE,26.174,7.0,3300.0,6-3 7-5,3,SF,94.0,7.0,3.0,58.0,30.0,27.0,16.0,11.0,3.0,4.0,2.0,5.0,66.0,35.0,29.0,9.0,10.0,4.0,7.0
2011-605,Tour Finals,Hard,8,F,I,20111120,14,F324,,,Roger Federer,R,185.0,SUI,30.283,4.0,6670.0,F401,,,David Ferrer,R,175.0,ESP,29.634,5.0,4480.0,7-5 6-3,3,SF,86.0,6.0,0.0,59.0,37.0,32.0,13.0,10.0,0.0,0.0,1.0,5.0,70.0,39.0,25.0,18.0,11.0,5.0,8.0
2011-605,Tour Finals,Hard,8,F,I,20111120,15,F324,,,Roger Federer,R,185.0,SUI,30.283,4.0,6670.0,T786,,,Jo-Wilfried Tsonga,R,188.0,FRA,26.593,6.0,3535.0,6-3 6-7(6) 6-3,3,F,139.0,11.0,2.0,98.0,54.0,43.0,26.0,16.0,2.0,3.0,11.0,5.0,98.0,49.0,36.0,26.0,14.0,6.0,9.0
2011-D044,Davis Cup WG F: ESP vs ARG,Clay,4,D,O,20111202,1,N409,,,Rafael Nadal,L,185.0,ESP,25.498,2.0,9575.0,MA21,,,Juan Monaco,R,185.0,ARG,27.677,26.0,1335.0,6-1 6-1 6-2,5,RR,,,,,,,,,,,,,,,,,,,
2011-D044,Davis Cup WG F: ESP vs ARG,Clay,4,D,O,20111202,2,F401,,,David Ferrer,R,175.0,ESP,29.667,5.0,4880.0,D683,,,Juan Martin del Potro,R,198.0,ARG,23.19,11.0,2315.0,6-2 6-7(2) 3-6 6-4 6-3,5,RR,,,,,,,,,,,,,,,,,,,
2011-D044,Davis Cup WG F: ESP vs ARG,Clay,4,D,O,20111202,3,N409,,,Rafael Nadal,L,185.0,ESP,25.498,2.0,9575.0,D683,,,Juan Martin del Potro,R,198.0,ARG,23.19,11.0,2315.0,1-6 6-4 6-1 7-6(0),5,RR,,,,,,,,,,,,,,,,,,,
