tourney_id,tourney_name,surface,draw_size,tourney_level,indoor,tourney_date,match_num,winner_id,winner_seed,winner_entry,winner_name,winner_hand,winner_ht,winner_ioc,winner_age,winner_rank,winner_rank_points,loser_id,loser_seed,loser_entry,loser_name,loser_hand,loser_ht,loser_ioc,loser_age,loser_rank,loser_rank_points,score,best_of,round,minutes,w_ace,w_df,w_svpt,w_1stIn,w_1stWon,w_2ndWon,w_SvGms,w_bpSaved,w_bpFaced,l_ace,l_df,l_svpt,l_1stIn,l_1stWon,l_2ndWon,l_SvGms,l_bpSaved,l_bpFaced
2026-9900,United Cup,Hard,18,A,O,20260102,1,B0BI,,,Sebastian Baez,R,170.0,ARG,25.002,45.0,1145.0,MU94,,,Jaume Munar,R,183.0,ESP,28.652,33.0,1385.0,6-4 6-4,3,RR,103.0,0.0,2.0,71.0,46.0,27.0,15.0,10.0,4.0,6.0,7.0,0.0,52.0,39.0,25.0,6.0,10.0,2.0,6.0
2026-9900,United Cup,Hard,18,A,O,20260102,2,TE51,,,Stefanos Tsitsipas,R,193.0,GRE,27.381,36.0,1380.0,M0HU,,,Shintaro Mochizuki,R,175.0,JPN,22.576,99.0,647.0,6-3 6-4,3,RR,82.0,8.0,2.0,61.0,42.0,28.0,11.0,10.0,1.0,2.0,1.0,3.0,57.0,30.0,22.0,11.0,9.0,5.0,8.0
2026-9900,United Cup,Hard,18,A,O,20260103,3,Z371,,,Zhizhen Zhang,R,193.0,CHN,29.202,410.0,115.0,BU13,,,Zizou Bergs,R,185.0,BEL,26.574,42.0,1208.0,6-7(2) 7-6(3) 7-5,3,RR,173.0,12.0,0.0,108.0,71.0,59.0,21.0,18.0,0.0,0.0,18.0,5.0,126.0,75.0,58.0,29.0,18.0,9.0,10.0
2026-9900,United Cup,Hard,18,A,O,20260103,4,W367,,,Stan Wawrinka,R,183.0,SUI,40.756,157.0,397.0,RC91,,,Arthur Rinderknech,R,196.0,FRA,30.437,29.0,1527.0,5-7 7-6(5) 7-6(5),3,RR,198.0,6.0,2.0,120.0,68.0,53.0,31.0,18.0,2.0,4.0,17.0,5.0,111.0,61.0,50.0,32.0,18.0,6.0,7.0
2026-9900,United Cup,Hard,18,A,O,20260103,5,B0BI,,,Sebastian Baez,R,170.0,ARG,25.002,45.0,1145.0,FB98,,,Taylor Fritz,R,196.0,USA,28.17,6.0,4085.0,4-6 7-5 6-4,3,RR,153.0,4.0,0.0,107.0,80.0,51.0,16.0,16.0,8.0,11.0,23.0,2.0,102.0,56.0,43.0,21.0,16.0,4.0,8.0
2026-9900,United Cup,Hard,18,A,O,20260103,6,RH16,,,Casper Ruud,R,183.0,NOR,27.02,12.0,2825.0,DH58,,,Alex de Minaur,R,183.0,AUS,26.864,7.0,4080.0,6-3 6-3,3,RR,93.0,6.0,3.0,66.0,47.0,37.0,8.0,9.0,5.0,5.0,2.0,8.0,66.0,36.0,23.0,14.0,9.0,7.0,10.0
2026-9900,United Cup,Hard,18,A,O,20260104,7,HD68,,,Billy Harris,R,193.0,GBR,30.927,128.0,482.0,M0HU,,,Shintaro Mochizuki,R,175.0,JPN,22.576,99.0,647.0,7-6(4) 6-3,3,RR,110.0,4.0,3.0,70.0,41.0,30.0,16.0,11.0,4.0,6.0,4.0,6.0,68.0,27.0,21.0,18.0,10.0,1.0,4.0
2026-9900,United Cup,Hard,18,A,O,20260104,8,Z355,,,Alexander Zverev,R,198.0,GER,28.693,3.0,5110.0,GJ37,,,Tallon Griekspoor,R,188.0,NED,29.492,26.0,1565.0,7-5 6-0,3,RR,69.0,15.0,0.0,48.0,36.0,32.0,6.0,9.0,2.0,2.0,3.0,3.0,43.0,30.0,19.0,3.0,9.0,0.0,4.0
2026-9900,United Cup,Hard,18,A,O,20260104,9,AG37,,,Felix Auger-Aliassime,R,193.0,CAN,25.407,5.0,4190.0,Z371,,,Zhizhen Zhang,R,193.0,CHN,29.218,410.0,115.0,6-4 6-4,3,RR,87.0,6.0,0.0,55.0,37.0,32.0,10.0,10.0,1.0,1.0,2.0,2.0,55.0,34.0,23.0,12.0,10.0,0.0,2.0
2026-339,Brisbane,Hard,32,250,O,20260104,1,TD51,,,Frances Tiafoe,R,188.0,USA,27.956,30.0,1500.0,V832,,,Aleksandar Vukic,R,188.0,AUS,29.747,84.0,708.0,6-2 6-2,3,R32,60.0,3.0,0.0,39.0,28.0,23.0,9.0,8.0,0.0,0.0,3.0,3.0,46.0,26.0,15.0,7.0,8.0,2.0,6.0
2026-339,Brisbane,Hard,32,250,O,20260104,2,T0HA,8.0,,Learner Tien,L,180.0,USA,20.09,28.0,1540.0,U182,,,Camilo Ugo Carabelli,R,185.0,ARG,26.552,49.0,1028.0,7-6(4) 6-3,3,R32,91.0,1.0,2.0,61.0,36.0,29.0,17.0,11.0,0.0,1.0,2.0,2.0,66.0,38.0,29.0,13.0,10.0,5.0,7.0
2026-9900,United Cup,Hard,18,A,O,20260104,10,C0E9,,,Flavio Cobolli,R,183.0,ITA,23.666,22.0,2000.0,W367,,,Stan Wawrinka,R,183.0,SUI,40.772,157.0,397.0,6-4 6-7(2) 7-6(4),3,RR,175.0,8.0,1.0,101.0,55.0,41.0,33.0,17.0,0.0,0.0,8.0,3.0,104.0,61.0,49.0,27.0,17.0,3.0,4.0
2026-336,Hong Kong,Hard,28,250,O,20260105,1,BT72,8.0,,Nuno Borges,R,185.0,POR,28.876,45.0,1120.0,D923,,,Damir Dzumhur,R,175.0,BIH,33.629,65.0,837.0,6-4 6-3,3,R32,75.0,5.0,1.0,51.0,40.0,27.0,4.0,9.0,3.0,5.0,1.0,5.0,69.0,41.0,24.0,11.0,10.0,3.0,8.0
2026-336,Hong Kong,Hard,28,250,O,20260105,2,C977,,,Marin Cilic,R,198.0,CRO,37.27,70.0,765.0,ME82,,,Adrian Mannarino,L,180.0,FRA,37.52,68.0,817.0,6-3 6-2,3,R32,84.0,9.0,3.0,56.0,27.0,24.0,15.0,9.0,1.0,1.0,0.0,0.0,49.0,36.0,22.0,5.0,8.0,3.0,6.0
2026-339,Brisbane,Hard,32,250,O,20260105,3,HB64,,,Quentin Halys,R,191.0,FRA,29.194,91.0,669.0,P09Z,,,Alexei Popyrin,R,196.0,AUS,26.42,50.0,1000.0,5-7 6-3 6-4,3,R32,114.0,15.0,2.0,79.0,58.0,52.0,9.0,16.0,1.0,2.0,13.0,2.0,84.0,54.0,41.0,16.0,15.0,3.0,5.0
2026-339,Brisbane,Hard,32,250,O,20260105,4,L0BV,3.0,,Jiri Lehecka,R,185.0,CZE,24.159,19.0,2075.0,M0FH,,,Tomas Machac,R,183.0,CZE,25.229,35.0,1360.0,6-4 6-7(5) 6-2,3,R32,144.0,8.0,0.0,88.0,63.0,50.0,16.0,15.0,2.0,2.0,8.0,5.0,109.0,71.0,50.0,17.0,15.0,2.0,5.0
2026-339,Brisbane,Hard,32,250,O,20260105,5,K0AH,,,Sebastian Korda,R,196.0,USA,25.503,46.0,1090.0,VA25,,,Valentin Vacherot,R,193.0,MON,27.138,31.0,1469.0,7-6(1) 6-3,3,R32,87.0,10.0,5.0,67.0,46.0,37.0,12.0,11.0,3.0,4.0,9.0,2.0,69.0,46.0,30.0,13.0,10.0,7.0,9.0
2026-339,Brisbane,Hard,32,250,O,20260105,6,MQ75,,,Kamil Majchrzak,R,183.0,POL,29.979,59.0,861.0,AE14,,,Daniel Altmaier,R,188.0,GER,27.316,44.0,1123.0,7-6(4) 6-0,3,R32,82.0,7.0,1.0,53.0,37.0,33.0,6.0,9.0,0.0,1.0,7.0,5.0,59.0,37.0,24.0,7.0,9.0,5.0,9.0
2026-339,Brisbane,Hard,32,250,O,20260105,7,M0QI,,,Alex Michelsen,R,193.0,USA,21.363,37.0,1300.0,D994,,,James Duckworth,R,183.0,AUS,33.958,86.0,694.0,6-7(4) 7-6(2) 6-3,3,R32,146.0,19.0,2.0,109.0,76.0,60.0,19.0,17.0,6.0,6.0,10.0,7.0,99.0,55.0,45.0,25.0,16.0,2.0,3.0
2026-339,Brisbane,Hard,32,250,O,20260105,8,O522,,,Reilly Opelka,R,211.0,USA,28.356,60.0,861.0,S0IA,,,Dane Sweeny,R,170.0,AUS,24.895,183.0,315.0,6-3 7-5,3,R32,82.0,21.0,2.0,55.0,45.0,36.0,8.0,11.0,0.0,0.0,2.0,4.0,68.0,41.0,33.0,10.0,10.0,6.0,8.0
2026-9900,United Cup,Hard,18,A,O,20260105,11,FB98,,,Taylor Fritz,R,196.0,USA,28.189,6.0,4085.0,MU94,,,Jaume Munar,R,183.0,ESP,28.671,33.0,1385.0,7-6(4) 3-6 7-6(6),3,RR,193.0,16.0,7.0,112.0,75.0,60.0,18.0,16.0,5.0,6.0,14.0,5.0,122.0,72.0,62.0,24.0,17.0,2.0,2.0
2026-9900,United Cup,Hard,18,A,O,20260105,12,HB71,,,Hubert Hurkacz,R,196.0,POL,28.898,83.0,710.0,Z355,,,Alexander Zverev,R,198.0,GER,28.712,3.0,5110.0,6-3 6-4,3,RR,82.0,21.0,0.0,63.0,41.0,35.0,9.0,10.0,1.0,1.0,7.0,0.0,46.0,40.0,25.0,6.0,9.0,1.0,3.0
2026-9900,United Cup,Hard,18,A,O,20260105,13,M0NI,,,Jakub Mensik,R,196.0,CZE,20.345,18.0,2130.0,RH16,,,Casper Ruud,R,183.0,NOR,27.039,12.0,2825.0,7-5 7-6(6),3,RR,128.0,16.0,3.0,83.0,51.0,40.0,13.0,12.0,5.0,7.0,1.0,1.0,79.0,45.0,25.0,22.0,12.0,3.0,6.0
2026-339,Brisbane,Hard,32,250,O,20260105,9,MM58,1.0,,Daniil Medvedev,R,198.0,RUS,29.9,13.0,2710.0,F724,,,Marton Fucsovics,R,188.0,HUN,33.908,54.0,949.0,6-2 6-3,3,R32,69.0,4.0,2.0,42.0,28.0,22.0,6.0,8.0,2.0,4.0,0.0,2.0,57.0,35.0,19.0,7.0,9.0,4.0,10.0
2026-336,Hong Kong,Hard,28,250,O,20260105,3,WB32,,,Yibing Wu,R,183.0,CHN,26.229,179.0,322.0,M0CI,,,Fabian Marozsan,R,193.0,HUN,26.245,53.0,975.0,6-4 6-2,3,R32,74.0,2.0,0.0,63.0,40.0,31.0,10.0,9.0,3.0,3.0,2.0,1.0,49.0,30.0,21.0,8.0,9.0,2.0,5.0
2026-9900,United Cup,Hard,18,A,O,20260105,14,TE51,,,Stefanos Tsitsipas,R,193.0,GRE,27.4,36.0,1380.0,HD68,,,Billy Harris,R,193.0,GBR,30.946,128.0,482.0,4-6 6-1 7-6(4),3,RR,136.0,5.0,2.0,84.0,54.0,46.0,18.0,15.0,1.0,2.0,4.0,3.0,83.0,51.0,40.0,17.0,14.0,4.0,6.0
2026-9900,United Cup,Hard,18,A,O,20260106,15,BU13,,,Zizou Bergs,R,185.0,BEL,26.595,42.0,1208.0,AG37,,,Felix Auger-Aliassime,R,193.0,CAN,25.413,5.0,4190.0,6-4 6-2,3,RR,88.0,4.0,0.0,50.0,30.0,22.0,16.0,9.0,5.0,5.0,8.0,5.0,62.0,38.0,28.0,6.0,9.0,7.0,10.0
2026-339,Brisbane,Hard,32,250,O,20260106,10,N0AE,,,Brandon Nakashima,R,188.0,USA,24.427,33.0,1380.0,DH50,2,,Alejandro Davidovich Fokina,R,180.0,ESP,26.59,14.0,2585.0,7-6(4) 6-4,3,R32,100.0,15.0,2.0,69.0,39.0,33.0,18.0,11.0,2.0,3.0,6.0,1.0,72.0,45.0,31.0,15.0,11.0,5.0,7.0
2026-339,Brisbane,Hard,32,250,O,20260106,11,C0JP,,,Raphael Collignon,R,191.0,BEL,23.981,84.0,704.0,SU55,5,,Denis Shapovalov,L,185.0,CAN,26.73,23.0,1665.0,6-4 6-2,3,R32,76.0,2.0,0.0,48.0,35.0,29.0,8.0,9.0,0.0,0.0,3.0,3.0,65.0,35.0,20.0,16.0,9.0,9.0,12.0
2026-336,Hong Kong,Hard,28,250,O,20260106,4,MP01,,,Michael Mmoh,R,188.0,USA,27.989,285.0,184.0,TE30,,,Alejandro Tabilo,L,188.0,CHI,28.597,81.0,717.0,7-5 6-4,3,R32,111.0,13.0,3.0,76.0,49.0,39.0,13.0,11.0,6.0,6.0,6.0,1.0,65.0,39.0,28.0,15.0,11.0,4.0,6.0
2026-336,Hong Kong,Hard,28,250,O,20260106,5,SU87,5.0,,Lorenzo Sonego,R,191.0,ITA,30.658,39.0,1240.0,S0UV,,,Rei Sakamoto,R,193.0,JPN,19.537,200.0,292.0,6-2 7-6(4),3,R32,105.0,4.0,0.0,63.0,39.0,30.0,15.0,10.0,1.0,2.0,1.0,2.0,78.0,43.0,25.0,20.0,10.0,3.0,6.0
2026-336,Hong Kong,Hard,28,250,O,20260106,6,D0F6,6.0,,Gabriel Diallo,R,203.0,CAN,24.285,40.0,1215.0,D0C1,,,Jesper de Jong,R,180.0,NED,25.602,71.0,763.0,6-4 7-6(7),3,R32,105.0,9.0,2.0,73.0,47.0,39.0,16.0,11.0,0.0,0.0,8.0,4.0,69.0,42.0,34.0,16.0,11.0,0.0,1.0
2026-336,Hong Kong,Hard,28,250,O,20260106,7,MP20,7.0,,Alexandre Muller,R,183.0,FRA,28.928,52.0,980.0,KI95,,,Miomir Kecmanovic,R,183.0,SRB,26.352,51.0,1000.0,7-5 6-4,3,R32,77.0,9.0,2.0,59.0,43.0,33.0,8.0,11.0,3.0,5.0,7.0,0.0,62.0,43.0,30.0,7.0,11.0,0.0,4.0
2026-336,Hong Kong,Hard,28,250,O,20260106,8,EA24,,,Tomas Martin Etcheverry,R,196.0,ARG,26.472,57.0,895.0,R0EB,,,Valentin Royer,R,188.0,FRA,24.608,56.0,924.0,6-4 7-5,3,R32,104.0,8.0,0.0,56.0,33.0,26.0,16.0,11.0,1.0,2.0,9.0,1.0,72.0,49.0,29.0,15.0,11.0,9.0,12.0
2026-336,Hong Kong,Hard,28,250,O,20260106,9,W0BH,,,Coleman Wong,R,191.0,HKG,21.585,150.0,406.0,N0BS,,,Mariano Navone,R,178.0,ARG,24.857,72.0,760.0,6-3 7-5,3,R32,101.0,4.0,2.0,72.0,37.0,27.0,18.0,10.0,6.0,8.0,3.0,3.0,74.0,47.0,31.0,8.0,11.0,6.0,11.0
2026-339,Brisbane,Hard,32,250,O,20260106,12,D875,,,Grigor Dimitrov,R,191.0,BUL,34.645,47.0,1080.0,CD85,,,Pablo Carreno Busta,R,188.0,ESP,34.489,92.0,656.0,6-3 6-2,3,R32,67.0,7.0,1.0,49.0,30.0,26.0,12.0,9.0,1.0,1.0,4.0,1.0,45.0,32.0,21.0,6.0,8.0,1.0,4.0
2026-339,Brisbane,Hard,32,250,O,20260106,13,M0GZ,,,Giovanni Mpetshi Perricard,R,203.0,FRA,22.5,67.0,825.0,PL56,4,,Tommy Paul,R,185.0,USA,28.641,20.0,2050.0,7-6(2) 3-6 7-6(6),3,R32,131.0,24.0,4.0,110.0,80.0,60.0,19.0,16.0,2.0,3.0,6.0,1.0,96.0,63.0,50.0,27.0,17.0,1.0,1.0
2026-339,Brisbane,Hard,32,250,O,20260106,14,N771,7.0,,Cameron Norrie,L,188.0,GBR,30.374,28.0,1523.0,HH26,,,Ugo Humbert,L,188.0,FRA,27.532,36.0,1355.0,1-6 7-6(6) 7-5,3,R32,155.0,10.0,4.0,104.0,65.0,43.0,18.0,16.0,2.0,7.0,13.0,4.0,101.0,55.0,39.0,23.0,15.0,7.0,10.0
2026-339,Brisbane,Hard,32,250,O,20260106,15,H0BH,,,Rinky Hijikata,R,178.0,AUS,24.868,111.0,546.0,W09E,,,Adam Walton,R,183.0,AUS,26.724,77.0,732.0,6-3 6-2,3,R32,72.0,7.0,0.0,54.0,33.0,22.0,13.0,9.0,1.0,2.0,4.0,1.0,48.0,32.0,18.0,8.0,8.0,4.0,8.0
2026-339,Brisbane,Hard,32,250,O,20260106,16,K0AZ,,,Aleksandar Kovacevic,R,183.0,USA,27.357,58.0,877.0,KE17,,,Nick Kyrgios,R,193.0,AUS,30.697,670.0,50.0,6-3 6-4,3,R32,66.0,10.0,3.0,47.0,26.0,25.0,15.0,10.0,0.0,0.0,5.0,0.0,46.0,29.0,23.0,10.0,9.0,0.0,2.0
2026-9900,United Cup,Hard,18,A,O,20260106,16,RC91,,,Arthur Rinderknech,R,196.0,FRA,30.459,29.0,1527.0,C0E9,,,Flavio Cobolli,R,183.0,ITA,23.671,22.0,2000.0,6-7(4) 7-6(5) 7-5,3,RR,201.0,13.0,3.0,123.0,65.0,49.0,29.0,18.0,7.0,11.0,5.0,5.0,123.0,58.0,40.0,35.0,18.0,8.0,13.0
2026-9900,United Cup,Hard,18,A,O,20260106,17,DH58,,,Alex de Minaur,R,183.0,AUS,26.886,7.0,4080.0,M0NI,,,Jakub Mensik,R,196.0,CZE,20.348,18.0,2130.0,6-4 6-1,3,RR,91.0,4.0,0.0,62.0,38.0,26.0,14.0,8.0,4.0,4.0,3.0,3.0,58.0,34.0,23.0,8.0,9.0,2.0,6.0
2026-336,Hong Kong,Hard,28,250,O,20260106,10,S0RE,,,Juncheng Shang,L,180.0,CHN,20.925,406.0,115.0,C0DF,,,Francisco Comesana,R,178.0,ARG,25.251,66.0,829.0,6-4 6-4,3,R32,77.0,6.0,0.0,58.0,39.0,30.0,12.0,10.0,1.0,1.0,7.0,2.0,52.0,37.0,27.0,10.0,10.0,3.0,5.0
2026-336,Hong Kong,Hard,28,250,O,20260106,11,GC88,,,Marcos Giron,R,180.0,USA,32.454,64.0,845.0,DB63,,,Laslo Djere,R,188.0,SRB,30.598,95.0,652.0,6-2 6-0,3,R32,59.0,1.0,3.0,42.0,27.0,21.0,8.0,7.0,0.0,0.0,4.0,2.0,50.0,32.0,16.0,6.0,7.0,2.0,7.0
2026-336,Hong Kong,Hard,28,250,O,20260106,12,V812,,,Botic van de Zandschulp,R,191.0,NED,30.259,75.0,746.0,SL28,,,Jan-Lennard Struff,R,193.0,GER,35.702,82.0,711.0,6-3 1-6 6-1,3,R32,94.0,4.0,5.0,72.0,43.0,29.0,14.0,12.0,5.0,8.0,3.0,4.0,72.0,45.0,27.0,14.0,11.0,4.0,8.0
2026-339,Brisbane,Hard,32,250,O,20260107,17,MM58,1.0,,Daniil Medvedev,R,198.0,RUS,29.906,13.0,2710.0,TD51,,,Frances Tiafoe,R,188.0,USA,27.964,30.0,1500.0,6-3 6-2,3,R16,60.0,9.0,4.0,48.0,34.0,31.0,6.0,9.0,0.0,0.0,2.0,0.0,42.0,25.0,20.0,6.0,8.0,3.0,6.0
2026-339,Brisbane,Hard,32,250,O,20260107,18,K0AH,,,Sebastian Korda,R,196.0,USA,25.509,46.0,1090.0,L0BV,3,,Jiri Lehecka,R,185.0,CZE,24.164,19.0,2075.0,6-3 1-2 RET,3,R16,46.0,6.0,1.0,28.0,16.0,16.0,8.0,6.0,0.0,0.0,6.0,0.0,41.0,27.0,21.0,5.0,6.0,3.0,4.0
2026-339,Brisbane,Hard,32,250,O,20260107,19,M0QI,,,Alex Michelsen,R,193.0,USA,21.369,37.0,1300.0,T0HA,8,,Learner Tien,L,180.0,USA,20.099,28.0,1540.0,6-4 6-2,3,R16,75.0,4.0,1.0,53.0,34.0,28.0,10.0,9.0,1.0,1.0,8.0,8.0,60.0,34.0,22.0,13.0,9.0,6.0,9.0
2026-9900,United Cup,Hard,18,A,O,20260107,18,TE51,,,Stefanos Tsitsipas,R,193.0,GRE,27.406,36.0,1380.0,FB98,,,Taylor Fritz,R,196.0,USA,28.194,6.0,4085.0,6-4 7-5,3,QF,81.0,5.0,2.0,63.0,44.0,35.0,11.0,11.0,2.0,2.0,6.0,0.0,53.0,32.0,26.0,13.0,11.0,1.0,3.0
2026-9900,United Cup,Hard,18,A,O,20260107,19,HB71,,,Hubert Hurkacz,R,196.0,POL,28.903,83.0,710.0,GJ37,,,Tallon Griekspoor,R,188.0,NED,29.517,26.0,1565.0,6-3 7-6(4),3,RR,82.0,21.0,0.0,55.0,41.0,37.0,11.0,11.0,0.0,0.0,4.0,0.0,59.0,39.0,26.0,13.0,10.0,0.0,1.0
2026-336,Hong Kong,Hard,28,250,O,20260107,13,M0EJ,1.0,,Lorenzo Musetti,R,185.0,ITA,23.849,7.0,3990.0,EA24,,,Tomas Martin Etcheverry,R,196.0,ARG,26.475,57.0,895.0,6-7(3) 6-2 6-4,3,R16,161.0,8.0,3.0,96.0,69.0,46.0,17.0,15.0,1.0,3.0,10.0,0.0,94.0,67.0,45.0,12.0,15.0,3.0,8.0
2026-336,Hong Kong,Hard,28,250,O,20260107,14,BT72,8.0,,Nuno Borges,R,185.0,POR,28.882,45.0,1120.0,C977,,,Marin Cilic,R,198.0,CRO,37.276,70.0,765.0,7-5 6-3,3,R16,81.0,5.0,1.0,61.0,37.0,32.0,12.0,11.0,1.0,2.0,9.0,5.0,52.0,32.0,22.0,10.0,10.0,1.0,4.0
2026-336,Hong Kong,Hard,28,250,O,20260107,15,W0BH,,,Coleman Wong,R,191.0,HKG,21.588,150.0,406.0,D0F6,6,,Gabriel Diallo,R,203.0,CAN,24.287,40.0,1215.0,1-6 7-5 7-5,3,R16,149.0,10.0,3.0,107.0,63.0,42.0,21.0,15.0,11.0,15.0,9.0,3.0,108.0,75.0,50.0,15.0,16.0,7.0,11.0
2026-336,Hong Kong,Hard,28,250,O,20260107,16,RE44,3.0,,Andrey Rublev,R,188.0,RUS,28.216,16.0,2510.0,WB32,,,Yibing Wu,R,183.0,CHN,26.234,179.0,322.0,3-6 6-2 6-1,3,R16,97.0,10.0,2.0,77.0,51.0,38.0,12.0,12.0,3.0,5.0,5.0,1.0,72.0,42.0,28.0,11.0,12.0,2.0,7.0
2026-339,Brisbane,Hard,32,250,O,20260107,20,MQ75,,,Kamil Majchrzak,R,183.0,POL,29.985,59.0,861.0,O522,,,Reilly Opelka,R,211.0,USA,28.361,60.0,861.0,6-7(2) 7-6(7) 7-6(8),3,R16,149.0,13.0,2.0,108.0,76.0,66.0,22.0,18.0,0.0,0.0,44.0,4.0,122.0,99.0,78.0,14.0,18.0,3.0,3.0
2026-9900,United Cup,Hard,18,A,O,20260107,20,B0BI,,,Sebastian Baez,R,170.0,ARG,25.027,45.0,1145.0,W367,,,Stan Wawrinka,R,183.0,SUI,40.78,157.0,397.0,7-5 6-4,3,QF,98.0,3.0,1.0,73.0,57.0,41.0,9.0,11.0,5.0,5.0,11.0,2.0,66.0,36.0,29.0,14.0,11.0,2.0,4.0
2026-339,Brisbane,Hard,32,250,O,20260108,21,K0AZ,,,Aleksandar Kovacevic,R,183.0,USA,27.362,58.0,877.0,N771,7,,Cameron Norrie,L,188.0,GBR,30.379,28.0,1523.0,7-6(4) 4-6 6-4,3,R16,148.0,21.0,4.0,112.0,62.0,46.0,30.0,16.0,3.0,4.0,11.0,4.0,93.0,59.0,51.0,16.0,16.0,1.0,2.0
2026-339,Brisbane,Hard,32,250,O,20260108,22,N0AE,,,Brandon Nakashima,R,188.0,USA,24.433,33.0,1380.0,HB64,,,Quentin Halys,R,191.0,FRA,29.202,91.0,669.0,6-2 6-4,3,R16,76.0,12.0,0.0,60.0,44.0,32.0,9.0,9.0,2.0,2.0,6.0,4.0,56.0,35.0,24.0,9.0,9.0,6.0,9.0
2026-339,Brisbane,Hard,32,250,O,20260108,23,M0GZ,,,Giovanni Mpetshi Perricard,R,203.0,FRA,22.505,67.0,825.0,H0BH,,,Rinky Hijikata,R,178.0,AUS,24.873,111.0,546.0,4-6 7-6(5) 7-6(4),3,R16,133.0,29.0,2.0,102.0,75.0,61.0,18.0,17.0,2.0,3.0,5.0,2.0,111.0,80.0,61.0,21.0,17.0,4.0,4.0
2026-336,Hong Kong,Hard,28,250,O,20260108,17,GC88,,,Marcos Giron,R,180.0,USA,32.46,64.0,845.0,MP20,7,,Alexandre Muller,R,183.0,FRA,28.934,52.0,980.0,6-4 7-6(4),3,R16,96.0,3.0,1.0,68.0,47.0,32.0,12.0,11.0,1.0,4.0,3.0,2.0,76.0,47.0,28.0,12.0,11.0,5.0,9.0
2026-336,Hong Kong,Hard,28,250,O,20260108,18,S0RE,,,Juncheng Shang,L,180.0,CHN,20.931,406.0,115.0,SU87,5,,Lorenzo Sonego,R,191.0,ITA,30.664,39.0,1240.0,6-3 6-4,3,R16,82.0,7.0,3.0,70.0,49.0,38.0,11.0,10.0,5.0,5.0,5.0,2.0,44.0,33.0,24.0,7.0,9.0,1.0,3.0
2026-9900,United Cup,Hard,18,A,O,20260108,21,BU13,7.0,,Zizou Bergs,R,185.0,BEL,26.601,42.0,1208.0,M0NI,11,,Jakub Mensik,R,196.0,CZE,20.353,18.0,2130.0,6-2 7-6(4),3,QF,100.0,7.0,2.0,79.0,43.0,31.0,20.0,10.0,3.0,5.0,6.0,5.0,59.0,33.0,22.0,13.0,10.0,3.0,7.0
2026-336,Hong Kong,Hard,28,250,O,20260108,19,BK92,2.0,,Alexander Bublik,R,196.0,KAZ,28.561,11.0,2845.0,V812,,,Botic van de Zandschulp,R,191.0,NED,30.264,75.0,746.0,6-3 6-3,3,R16,70.0,12.0,4.0,53.0,38.0,33.0,5.0,9.0,2.0,2.0,8.0,6.0,57.0,30.0,23.0,9.0,9.0,1.0,4.0
2026-336,Hong Kong,Hard,28,250,O,20260108,20,MP01,,,Michael Mmoh,R,188.0,USA,27.995,285.0,184.0,KE29,4,,Karen Khachanov,R,198.0,RUS,29.634,17.0,2320.0,7-6(2) 7-6(4),3,R16,122.0,11.0,2.0,86.0,59.0,47.0,15.0,12.0,4.0,5.0,12.0,1.0,77.0,51.0,42.0,12.0,12.0,2.0,3.0
2026-339,Brisbane,Hard,32,250,O,20260108,24,C0JP,,,Raphael Collignon,R,191.0,BEL,23.986,84.0,704.0,D875,,,Grigor Dimitrov,R,191.0,BUL,34.65,47.0,1080.0,7-6(1) 6-3,3,R16,108.0,10.0,2.0,66.0,44.0,36.0,14.0,11.0,3.0,3.0,11.0,2.0,81.0,40.0,31.0,17.0,10.0,6.0,7.0
2026-339,Brisbane,Hard,32,250,O,20260109,25,K0AZ,,,Aleksandar Kovacevic,R,183.0,USA,27.365,58.0,877.0,M0GZ,,,Giovanni Mpetshi Perricard,R,203.0,FRA,22.508,67.0,825.0,7-6(3) 4-6 6-3,3,QF,107.0,13.0,3.0,81.0,52.0,45.0,21.0,16.0,0.0,1.0,24.0,1.0,87.0,61.0,50.0,15.0,15.0,4.0,5.0
2026-336,Hong Kong,Hard,28,250,O,20260109,21,M0EJ,1.0,,Lorenzo Musetti,R,185.0,ITA,23.855,7.0,3990.0,W0BH,,,Coleman Wong,R,191.0,HKG,21.593,150.0,406.0,6-4 6-4,3,QF,75.0,2.0,2.0,52.0,31.0,21.0,17.0,10.0,0.0,1.0,6.0,2.0,57.0,43.0,31.0,4.0,10.0,3.0,6.0
2026-339,Brisbane,Hard,32,250,O,20260109,26,N0AE,,,Brandon Nakashima,R,188.0,USA,24.435,33.0,1380.0,C0JP,,,Raphael Collignon,R,191.0,BEL,23.989,84.0,704.0,6-3 6-3,3,QF,82.0,7.0,0.0,63.0,49.0,39.0,6.0,9.0,6.0,6.0,3.0,1.0,50.0,29.0,21.0,10.0,9.0,2.0,5.0
2026-336,Hong Kong,Hard,28,250,O,20260109,22,RE44,3.0,,Andrey Rublev,R,188.0,RUS,28.222,16.0,2510.0,BT72,8,,Nuno Borges,R,185.0,POR,28.887,45.0,1120.0,6-3 6-4,3,QF,73.0,7.0,1.0,50.0,38.0,34.0,7.0,10.0,1.0,1.0,2.0,0.0,69.0,47.0,33.0,7.0,9.0,6.0,8.0
2026-339,Brisbane,Hard,32,250,O,20260109,27,M0QI,,,Alex Michelsen,R,193.0,USA,21.374,37.0,1300.0,K0AH,,,Sebastian Korda,R,196.0,USA,25.514,46.0,1090.0,6-3 7-6(7),3,QF,99.0,3.0,3.0,76.0,49.0,34.0,19.0,11.0,1.0,1.0,8.0,1.0,67.0,38.0,31.0,13.0,10.0,1.0,2.0
2026-336,Hong Kong,Hard,28,250,O,20260109,23,GC88,,,Marcos Giron,R,180.0,USA,32.463,64.0,845.0,MP01,,,Michael Mmoh,R,188.0,USA,27.997,285.0,184.0,6-3 1-0 RET,3,QF,49.0,3.0,0.0,40.0,31.0,22.0,4.0,5.0,6.0,7.0,0.0,2.0,29.0,18.0,11.0,3.0,5.0,2.0,5.0
2026-336,Hong Kong,Hard,28,250,O,20260109,24,BK92,2.0,,Alexander Bublik,R,196.0,KAZ,28.564,11.0,2845.0,S0RE,,,Juncheng Shang,L,180.0,CHN,20.934,406.0,115.0,6-1 7-6(2),3,QF,85.0,15.0,2.0,58.0,39.0,34.0,13.0,10.0,1.0,1.0,3.0,3.0,68.0,39.0,24.0,17.0,9.0,2.0,4.0
2026-339,Brisbane,Hard,32,250,O,20260109,28,MM58,1.0,,Daniil Medvedev,R,198.0,RUS,29.911,13.0,2710.0,MQ75,,,Kamil Majchrzak,R,183.0,POL,29.99,59.0,861.0,6-7(4) 6-3 6-2,3,QF,132.0,16.0,4.0,93.0,61.0,48.0,14.0,15.0,5.0,6.0,4.0,0.0,90.0,54.0,34.0,18.0,14.0,5.0,9.0
2026-9900,United Cup,Hard,18,A,O,20260109,22,DH58,4.0,,Alex de Minaur,R,183.0,AUS,26.894,7.0,4080.0,HB71,9,,Hubert Hurkacz,R,196.0,POL,28.909,83.0,710.0,6-4 4-6 6-4,3,QF,138.0,6.0,1.0,104.0,57.0,47.0,25.0,15.0,10.0,11.0,19.0,0.0,85.0,63.0,47.0,12.0,15.0,2.0,4.0
2026-339,Brisbane,Hard,32,250,O,20260110,29,N0AE,,,Brandon Nakashima,R,188.0,USA,24.438,33.0,1380.0,K0AZ,,,Aleksandar Kovacevic,R,183.0,USA,27.368,58.0,877.0,7-6(4) 6-4,3,SF,104.0,15.0,1.0,73.0,51.0,38.0,12.0,11.0,2.0,2.0,14.0,4.0,77.0,49.0,38.0,12.0,11.0,2.0,3.0
2026-9900,United Cup,Hard,18,A,O,20260110,23,BU13,,,Zizou Bergs,R,185.0,BEL,26.606,42.0,1208.0,W367,,,Stan Wawrinka,R,183.0,SUI,40.789,157.0,397.0,6-3 6-7(4) 6-3,3,SF,150.0,7.0,4.0,100.0,59.0,42.0,29.0,16.0,2.0,2.0,8.0,1.0,104.0,59.0,40.0,26.0,14.0,4.0,6.0
2026-336,Hong Kong,Hard,28,250,O,20260110,25,M0EJ,1.0,,Lorenzo Musetti,R,185.0,ITA,23.858,7.0,3990.0,RE44,3,,Andrey Rublev,R,188.0,RUS,28.225,16.0,2510.0,6-7(3) 7-5 6-4,3,SF,163.0,5.0,2.0,117.0,86.0,65.0,14.0,17.0,7.0,8.0,7.0,0.0,105.0,68.0,50.0,19.0,17.0,7.0,10.0
2026-339,Brisbane,Hard,32,250,O,20260110,30,MM58,1.0,,Daniil Medvedev,R,198.0,RUS,29.914,13.0,2710.0,M0QI,,,Alex Michelsen,R,193.0,USA,21.377,37.0,1300.0,6-4 6-2,3,SF,102.0,9.0,7.0,75.0,46.0,32.0,14.0,9.0,7.0,8.0,4.0,1.0,65.0,42.0,22.0,12.0,9.0,4.0,8.0
2026-9900,United Cup,Hard,18,A,O,20260110,24,HB71,,,Hubert Hurkacz,R,196.0,POL,28.912,83.0,710.0,FB98,,,Taylor Fritz,R,196.0,USA,28.203,6.0,4085.0,7-6(1) 7-6(2),3,SF,94.0,16.0,3.0,76.0,59.0,50.0,7.0,12.0,2.0,2.0,12.0,0.0,73.0,47.0,37.0,13.0,12.0,1.0,1.0
2026-336,Hong Kong,Hard,28,250,O,20260110,26,BK92,2.0,,Alexander Bublik,R,196.0,KAZ,28.567,11.0,2845.0,GC88,,,Marcos Giron,R,180.0,USA,32.465,64.0,845.0,3-6 6-4 6-2,3,SF,101.0,9.0,4.0,82.0,54.0,42.0,14.0,14.0,6.0,8.0,5.0,1.0,82.0,55.0,36.0,14.0,13.0,0.0,3.0
2026-336,Hong Kong,Hard,28,250,O,20260111,27,BK92,2.0,,Alexander Bublik,R,196.0,KAZ,28.569,11.0,2845.0,M0EJ,1,,Lorenzo Musetti,R,185.0,ITA,23.86,7.0,3990.0,7-6(2) 6-3,3,F,98.0,10.0,4.0,67.0,51.0,40.0,7.0,10.0,2.0,3.0,5.0,1.0,73.0,46.0,29.0,15.0,11.0,4.0,7.0
2026-339,Brisbane,Hard,32,250,O,20260111,31,MM58,1.0,,Daniil Medvedev,R,198.0,RUS,29.916,13.0,2710.0,N0AE,,,Brandon Nakashima,R,188.0,USA,24.441,33.0,1380.0,6-2 7-6(1),3,F,95.0,10.0,4.0,73.0,51.0,36.0,13.0,10.0,3.0,4.0,3.0,0.0,53.0,33.0,26.0,8.0,10.0,2.0,5.0
2026-9900,United Cup,Hard,18,A,O,20260111,25,HB71,,,Hubert Hurkacz,R,196.0,POL,28.914,83.0,710.0,W367,,,Stan Wawrinka,R,183.0,SUI,40.791,157.0,397.0,6-3 3-6 6-3,3,F,114.0,18.0,0.0,90.0,63.0,52.0,9.0,14.0,8.0,9.0,10.0,1.0,78.0,49.0,38.0,15.0,13.0,5.0,7.0
2026-301,Auckland,Hard,32,250,O,20260112,1,N771,5.0,,Cameron Norrie,L,188.0,GBR,30.39,28.0,1538.0,G09O,,,Hugo Gaston,L,173.0,FRA,25.295,94.0,653.0,6-3 6-4,3,R32,80.0,3.0,2.0,48.0,33.0,29.0,8.0,9.0,0.0,0.0,4.0,6.0,75.0,44.0,29.0,15.0,10.0,5.0,8.0
2026-301,Auckland,Hard,32,250,O,20260112,2,B0CD,,,Jenson Brooksby,R,193.0,USA,25.213,48.0,1017.0,W0ED,,,James Watt,R,206.0,NZL,25.593,642.0,,6-4 6-3,3,R32,86.0,2.0,3.0,66.0,48.0,34.0,10.0,9.0,3.0,3.0,4.0,3.0,68.0,51.0,33.0,7.0,10.0,10.0,13.0
2026-301,Auckland,Hard,32,250,O,20260112,3,C0DF,,,Francisco Comesana,R,178.0,ARG,25.268,68.0,829.0,R0EB,,,Valentin Royer,R,188.0,FRA,24.624,57.0,924.0,6-4 6-4,3,R32,80.0,10.0,1.0,51.0,37.0,32.0,8.0,10.0,0.0,0.0,4.0,4.0,63.0,44.0,35.0,5.0,10.0,1.0,3.0
2026-301,Auckland,Hard,32,250,O,20260112,4,S0JA,,,Eliot Spizzirri,R,185.0,USA,24.055,89.0,672.0,ME82,,,Adrian Mannarino,L,180.0,FRA,37.539,69.0,810.0,6-4 6-3,3,R32,80.0,5.0,0.0,44.0,28.0,25.0,12.0,9.0,0.0,0.0,4.0,3.0,63.0,27.0,19.0,16.0,10.0,2.0,5.0
2026-8998,Adelaide,Hard,28,250,O,20260112,1,O522,,,Reilly Opelka,R,211.0,USA,28.375,62.0,873.0,P09Z,,,Alexei Popyrin,R,196.0,AUS,26.439,50.0,1000.0,6-3 7-6(6),3,R32,83.0,22.0,4.0,64.0,50.0,44.0,8.0,11.0,1.0,1.0,10.0,0.0,57.0,39.0,35.0,9.0,10.0,1.0,2.0
2026-301,Auckland,Hard,32,250,O,20260112,5,B0BI,7.0,,Sebastian Baez,R,170.0,ARG,25.04,39.0,1250.0,N0AM,,,Emilio Nava,R,185.0,USA,24.112,88.0,677.0,4-6 7-5 6-3,3,R32,143.0,3.0,1.0,111.0,91.0,57.0,15.0,15.0,5.0,6.0,10.0,1.0,96.0,60.0,43.0,20.0,16.0,6.0,9.0
2026-8998,Adelaide,Hard,28,250,O,20260112,2,VA25,5.0,,Valentin Vacherot,R,193.0,MON,27.157,32.0,1469.0,KI95,,,Miomir Kecmanovic,R,183.0,SRB,26.368,59.0,910.0,7-6(5) 6-4,3,R32,96.0,12.0,3.0,85.0,64.0,44.0,9.0,11.0,6.0,8.0,4.0,3.0,67.0,46.0,32.0,11.0,11.0,1.0,4.0
2026-8998,Adelaide,Hard,28,250,O,20260112,3,MU94,,,Jaume Munar,R,183.0,ESP,28.69,38.0,1295.0,AE14,,,Daniel Altmaier,R,188.0,GER,27.335,44.0,1123.0,6-3 6-0,3,R32,64.0,3.0,2.0,32.0,20.0,17.0,8.0,7.0,0.0,1.0,3.0,2.0,52.0,29.0,13.0,9.0,8.0,2.0,8.0
2026-8998,Adelaide,Hard,28,250,O,20260112,4,KD46,,,Thanasi Kokkinakis,R,193.0,AUS,29.758,670.0,,K0AH,,,Sebastian Korda,R,196.0,USA,25.522,51.0,975.0,3-6 6-3 7-6(3),3,R32,146.0,15.0,1.0,100.0,61.0,43.0,24.0,15.0,6.0,9.0,8.0,3.0,90.0,45.0,33.0,27.0,15.0,2.0,5.0
2026-8998,Adelaide,Hard,28,250,O,20260112,5,HH26,,,Ugo Humbert,L,188.0,FRA,27.548,36.0,1355.0,A0GC,,,Terence Atmane,L,193.0,FRA,24.008,64.0,862.0,6-3 7-6(3),3,R32,92.0,5.0,2.0,67.0,40.0,34.0,18.0,11.0,3.0,3.0,7.0,3.0,67.0,36.0,26.0,19.0,10.0,5.0,6.0
2026-301,Auckland,Hard,32,250,O,20260113,6,M0CI,,,Fabian Marozsan,R,193.0,HUN,26.267,52.0,975.0,MC65,,,Gael Monfils,R,193.0,FRA,39.368,110.0,550.0,5-7 6-3 6-4,3,R32,120.0,6.0,2.0,96.0,57.0,41.0,25.0,16.0,2.0,4.0,10.0,6.0,93.0,56.0,40.0,18.0,15.0,5.0,8.0
2026-301,Auckland,Hard,32,250,O,20260113,7,M0QI,6.0,,Alex Michelsen,R,193.0,USA,21.385,37.0,1350.0,N0BS,,,Mariano Navone,R,178.0,ARG,24.876,74.0,760.0,2-6 6-2 7-5,3,R32,145.0,2.0,0.0,85.0,54.0,37.0,14.0,14.0,2.0,6.0,4.0,3.0,108.0,65.0,39.0,22.0,14.0,10.0,15.0
2026-301,Auckland,Hard,32,250,O,20260113,8,GC88,,,Marcos Giron,R,180.0,USA,32.474,60.0,895.0,MP20,,,Alexandre Muller,R,183.0,FRA,28.947,50.0,980.0,6-2 6-2,3,R32,73.0,1.0,0.0,59.0,38.0,30.0,12.0,8.0,6.0,6.0,3.0,3.0,45.0,28.0,18.0,6.0,8.0,1.0,5.0
2026-301,Auckland,Hard,32,250,O,20260113,9,M0JF,,,Hamad Medjedovic,R,188.0,SRB,22.491,96.0,643.0,K0AZ,,,Aleksandar Kovacevic,R,183.0,USA,27.376,54.0,964.0,6-4 3-6 7-6(2),3,R32,117.0,12.0,3.0,85.0,60.0,50.0,14.0,15.0,2.0,3.0,15.0,1.0,89.0,60.0,52.0,13.0,16.0,1.0,2.0
2026-301,Auckland,Hard,32,250,O,20260113,10,M0GZ,,,Giovanni Mpetshi Perricard,R,203.0,FRA,22.519,63.0,865.0,BD06,,,Roberto Bautista Agut,R,183.0,ESP,37.749,90.0,670.0,6-3 7-6(2),3,R32,96.0,22.0,4.0,75.0,54.0,41.0,9.0,11.0,6.0,7.0,2.0,2.0,71.0,54.0,35.0,10.0,10.0,6.0,8.0
2026-301,Auckland,Hard,32,250,O,20260113,11,TE30,,,Alejandro Tabilo,L,188.0,CHI,28.616,81.0,722.0,U182,,,Camilo Ugo Carabelli,R,185.0,ARG,26.576,47.0,1028.0,6-4 6-2,3,R32,62.0,9.0,0.0,41.0,31.0,29.0,7.0,9.0,0.0,0.0,4.0,3.0,48.0,29.0,21.0,6.0,9.0,0.0,3.0
2026-8998,Adelaide,Hard,28,250,O,20260113,6,M0FH,8.0,,Tomas Machac,R,183.0,CZE,25.251,35.0,1360.0,D994,,,James Duckworth,R,183.0,AUS,33.979,86.0,694.0,6-3 6-3,3,R32,71.0,11.0,0.0,50.0,33.0,29.0,10.0,9.0,2.0,2.0,7.0,0.0,54.0,30.0,20.0,14.0,9.0,2.0,5.0
2026-8998,Adelaide,Hard,28,250,O,20260113,7,HB64,,,Quentin Halys,R,191.0,FRA,29.216,85.0,697.0,F0BY,,,Jacob Fearnley,R,183.0,GBR,24.498,77.0,752.0,6-3 6-4,3,R32,78.0,11.0,1.0,57.0,34.0,25.0,13.0,10.0,3.0,5.0,2.0,7.0,59.0,38.0,27.0,6.0,9.0,5.0,9.0
2026-8998,Adelaide,Hard,28,250,O,20260113,8,H0BH,,,Rinky Hijikata,R,178.0,AUS,24.887,115.0,527.0,S0N0,,,Tristan Schoolkate,R,183.0,AUS,24.879,97.0,641.0,6-4 6-4,3,R32,79.0,4.0,1.0,52.0,33.0,26.0,13.0,10.0,3.0,4.0,8.0,5.0,59.0,30.0,22.0,14.0,10.0,3.0,6.0
2026-8998,Adelaide,Hard,28,250,O,20260113,9,S0H2,,,Alexander Shevchenko,R,188.0,KAZ,25.123,104.0,597.0,D923,,,Damir Dzumhur,R,175.0,BIH,33.651,66.0,837.0,4-6 6-4 7-5,3,R32,147.0,7.0,5.0,102.0,61.0,41.0,20.0,16.0,4.0,9.0,1.0,1.0,100.0,61.0,40.0,15.0,16.0,4.0,10.0
2026-301,Auckland,Hard,32,250,O,20260113,12,BT72,8.0,,Nuno Borges,R,185.0,POR,28.898,46.0,1070.0,EA24,,,Tomas Martin Etcheverry,R,196.0,ARG,26.491,61.0,895.0,7-5 3-6 7-6(2),3,R32,149.0,8.0,2.0,108.0,80.0,63.0,13.0,16.0,2.0,3.0,6.0,2.0,91.0,51.0,42.0,28.0,17.0,0.0,1.0
2026-8998,Adelaide,Hard,28,250,O,20260113,10,V832,,,Aleksandar Vukic,R,188.0,AUS,29.771,87.0,693.0,TE51,7,,Stefanos Tsitsipas,R,193.0,GRE,27.422,33.0,1455.0,7-6(3) 7-6(5),3,R32,113.0,6.0,0.0,94.0,57.0,38.0,26.0,12.0,4.0,4.0,13.0,0.0,77.0,50.0,44.0,13.0,12.0,4.0,4.0
2026-8998,Adelaide,Hard,28,250,O,20260113,11,F724,,,Marton Fucsovics,R,188.0,HUN,33.93,55.0,949.0,Q02L,,,Ethan Quinn,R,191.0,USA,21.84,78.0,733.0,6-4 6-4,3,R32,95.0,5.0,2.0,73.0,45.0,32.0,15.0,10.0,6.0,7.0,5.0,3.0,60.0,32.0,23.0,12.0,10.0,1.0,4.0
2026-8998,Adelaide,Hard,28,250,O,20260113,12,VA08,,,Andrea Vavassori,R,193.0,ITA,30.694,336.0,147.0,D0F6,,,Gabriel Diallo,R,203.0,CAN,24.304,41.0,1215.0,6-3 7-6(4),3,R32,109.0,5.0,3.0,70.0,42.0,36.0,13.0,11.0,0.0,1.0,5.0,3.0,66.0,42.0,32.0,11.0,10.0,1.0,3.0
2026-301,Auckland,Hard,32,250,O,20260114,13,M0NI,3.0,,Jakub Mensik,R,196.0,CZE,20.37,18.0,2125.0,M0JF,,,Hamad Medjedovic,R,188.0,SRB,22.494,96.0,643.0,6-1 3-6 6-3,3,R16,134.0,22.0,4.0,97.0,55.0,45.0,17.0,13.0,11.0,13.0,9.0,7.0,91.0,55.0,34.0,15.0,12.0,6.0,10.0
2026-301,Auckland,Hard,32,250,O,20260114,14,S0S1,1.0,,Ben Shelton,L,193.0,USA,23.266,8.0,3960.0,C0DF,,,Francisco Comesana,R,178.0,ARG,25.273,68.0,829.0,7-5 6-4,3,R16,102.0,12.0,3.0,73.0,55.0,43.0,10.0,11.0,6.0,6.0,1.0,1.0,66.0,48.0,33.0,10.0,11.0,2.0,4.0
2026-301,Auckland,Hard,32,250,O,20260114,15,M0CI,,,Fabian Marozsan,R,193.0,HUN,26.27,52.0,975.0,RH16,2,,Casper Ruud,R,183.0,NOR,27.064,13.0,2795.0,6-4 6-4,3,R16,81.0,4.0,0.0,58.0,41.0,34.0,9.0,10.0,1.0,1.0,6.0,0.0,63.0,43.0,33.0,8.0,10.0,7.0,9.0
2026-301,Auckland,Hard,32,250,O,20260114,16,D0FJ,4.0,,Luciano Darderi,R,183.0,ITA,23.915,24.0,1579.0,TE30,,,Alejandro Tabilo,L,188.0,CHI,28.619,81.0,722.0,1-6 7-5 6-3,3,R16,108.0,9.0,3.0,77.0,46.0,34.0,16.0,14.0,5.0,8.0,11.0,3.0,76.0,48.0,38.0,12.0,14.0,2.0,5.0
2026-301,Auckland,Hard,32,250,O,20260114,17,M0GZ,,,Giovanni Mpetshi Perricard,R,203.0,FRA,22.522,63.0,865.0,N771,5,,Cameron Norrie,L,188.0,GBR,30.396,28.0,1538.0,4-6 6-3 7-6(4),3,R16,122.0,25.0,3.0,102.0,73.0,57.0,15.0,16.0,3.0,4.0,3.0,2.0,81.0,55.0,43.0,19.0,15.0,3.0,4.0
2026-301,Auckland,Hard,32,250,O,20260114,18,GC88,,,Marcos Giron,R,180.0,USA,32.476,60.0,895.0,M0QI,6,,Alex Michelsen,R,193.0,USA,21.388,37.0,1350.0,6-4 6-4,3,R16,87.0,4.0,0.0,51.0,39.0,30.0,7.0,10.0,0.0,1.0,4.0,3.0,74.0,49.0,33.0,10.0,10.0,5.0,8.0
2026-301,Auckland,Hard,32,250,O,20260114,19,B0BI,7.0,,Sebastian Baez,R,170.0,ARG,25.046,39.0,1250.0,B0CD,,,Jenson Brooksby,R,193.0,USA,25.218,48.0,1017.0,7-5 6-0,3,R16,87.0,1.0,3.0,68.0,55.0,33.0,7.0,9.0,7.0,9.0,0.0,5.0,53.0,35.0,16.0,6.0,9.0,0.0,6.0
2026-301,Auckland,Hard,32,250,O,20260114,20,S0JA,,,Eliot Spizzirri,R,185.0,USA,24.06,89.0,672.0,BT72,8,,Nuno Borges,R,185.0,POR,28.901,46.0,1070.0,7-6(6) 6-4,3,R16,98.0,7.0,0.0,66.0,49.0,40.0,9.0,11.0,1.0,2.0,4.0,0.0,76.0,55.0,40.0,11.0,11.0,4.0,6.0
2026-8998,Adelaide,Hard,28,250,O,20260114,13,DH50,1.0,,Alejandro Davidovich Fokina,R,180.0,ESP,26.612,15.0,2585.0,H0BH,,,Rinky Hijikata,R,178.0,AUS,24.89,115.0,527.0,6-3 6-2,3,R16,83.0,0.0,2.0,43.0,25.0,19.0,8.0,8.0,3.0,5.0,1.0,3.0,62.0,34.0,19.0,9.0,9.0,5.0,11.0
2026-8998,Adelaide,Hard,28,250,O,20260114,14,PL56,2.0,,Tommy Paul,R,185.0,USA,28.663,21.0,2000.0,O522,,,Reilly Opelka,R,211.0,USA,28.381,62.0,873.0,6-4 6-4,3,R16,71.0,6.0,2.0,54.0,31.0,26.0,16.0,10.0,0.0,0.0,15.0,1.0,55.0,36.0,28.0,9.0,10.0,3.0,5.0
2026-8998,Adelaide,Hard,28,250,O,20260114,15,MU94,,,Jaume Munar,R,183.0,ESP,28.695,38.0,1295.0,C0AU,3,,Francisco Cerundolo,R,185.0,ARG,27.422,20.0,2035.0,3-6 7-5 6-4,3,R16,148.0,14.0,3.0,89.0,61.0,45.0,15.0,16.0,4.0,7.0,2.0,3.0,99.0,59.0,41.0,23.0,15.0,9.0,12.0
2026-8998,Adelaide,Hard,28,250,O,20260114,16,HH26,,,Ugo Humbert,L,188.0,FRA,27.554,36.0,1355.0,GJ37,4,,Tallon Griekspoor,R,188.0,NED,29.536,25.0,1565.0,6-4 6-1,3,R16,78.0,3.0,2.0,52.0,30.0,24.0,13.0,9.0,4.0,5.0,2.0,4.0,56.0,42.0,22.0,6.0,8.0,4.0,8.0
2026-8998,Adelaide,Hard,28,250,O,20260114,17,VA25,5.0,,Valentin Vacherot,R,193.0,MON,27.162,32.0,1469.0,KD46,,,Thanasi Kokkinakis,R,193.0,AUS,29.763,670.0,,W/O,3,R16,,,,,,,,,,,,,,,,,,,
2026-8998,Adelaide,Hard,28,250,O,20260114,18,M0FH,8.0,,Tomas Machac,R,183.0,CZE,25.254,35.0,1360.0,HB64,,,Quentin Halys,R,191.0,FRA,29.218,85.0,697.0,6-4 6-2,3,R16,74.0,6.0,2.0,59.0,40.0,29.0,9.0,9.0,1.0,2.0,4.0,1.0,56.0,33.0,22.0,9.0,9.0,2.0,6.0
2026-8998,Adelaide,Hard,28,250,O,20260114,19,S0H2,,,Alexander Shevchenko,R,188.0,KAZ,25.125,104.0,597.0,F724,,,Marton Fucsovics,R,188.0,HUN,33.933,55.0,949.0,6-3 7-6(6),3,R16,100.0,9.0,0.0,63.0,45.0,39.0,11.0,11.0,3.0,3.0,7.0,0.0,74.0,46.0,34.0,15.0,10.0,9.0,10.0
2026-8998,Adelaide,Hard,28,250,O,20260114,20,V832,,,Aleksandar Vukic,R,188.0,AUS,29.774,87.0,693.0,VA08,,,Andrea Vavassori,R,193.0,ITA,30.697,336.0,147.0,6-2 7-6(5),3,R16,105.0,7.0,0.0,63.0,36.0,30.0,15.0,10.0,1.0,2.0,8.0,6.0,78.0,51.0,37.0,8.0,10.0,8.0,11.0
2026-301,Auckland,Hard,32,250,O,20260115,21,GC88,,,Marcos Giron,R,180.0,USA,32.479,60.0,895.0,D0FJ,4,,Luciano Darderi,R,183.0,ITA,23.918,24.0,1579.0,1-6 7-5 6-4,3,QF,155.0,8.0,4.0,88.0,56.0,37.0,13.0,14.0,6.0,11.0,12.0,1.0,93.0,47.0,36.0,20.0,15.0,5.0,10.0
2026-8998,Adelaide,Hard,28,250,O,20260115,21,M0FH,8.0,,Tomas Machac,R,183.0,CZE,25.257,35.0,1360.0,MU94,,,Jaume Munar,R,183.0,ESP,28.698,38.0,1295.0,6-4 6-4,3,QF,90.0,2.0,0.0,61.0,37.0,28.0,16.0,10.0,4.0,4.0,4.0,0.0,59.0,41.0,28.0,10.0,10.0,4.0,6.0
2026-8998,Adelaide,Hard,28,250,O,20260115,22,PL56,2.0,,Tommy Paul,R,185.0,USA,28.665,21.0,2000.0,V832,,,Aleksandar Vukic,R,188.0,AUS,29.777,87.0,693.0,6-3 6-2,3,QF,62.0,9.0,0.0,48.0,26.0,20.0,15.0,9.0,0.0,1.0,1.0,2.0,51.0,28.0,17.0,7.0,8.0,3.0,7.0
2026-8998,Adelaide,Hard,28,250,O,20260115,23,HH26,,,Ugo Humbert,L,188.0,FRA,27.556,36.0,1355.0,S0H2,,,Alexander Shevchenko,R,188.0,KAZ,25.128,104.0,597.0,6-0 6-3,3,QF,57.0,7.0,1.0,44.0,33.0,28.0,7.0,8.0,3.0,3.0,1.0,4.0,41.0,28.0,15.0,3.0,7.0,3.0,7.0
2026-8998,Adelaide,Hard,28,250,O,20260115,24,DH50,1.0,,Alejandro Davidovich Fokina,R,180.0,ESP,26.615,15.0,2585.0,VA25,5,,Valentin Vacherot,R,193.0,MON,27.165,32.0,1469.0,7-6(4) 6-2,3,QF,92.0,3.0,1.0,62.0,46.0,35.0,11.0,10.0,0.0,1.0,15.0,4.0,65.0,49.0,32.0,8.0,10.0,2.0,5.0
2026-301,Auckland,Hard,32,250,O,20260116,24,B0BI,7.0,,Sebastian Baez,R,170.0,ARG,25.051,39.0,1250.0,S0S1,1,,Ben Shelton,L,193.0,USA,23.272,8.0,3960.0,7-5 6-3,3,QF,98.0,0.0,1.0,61.0,49.0,33.0,6.0,10.0,3.0,5.0,6.0,1.0,73.0,53.0,29.0,8.0,11.0,6.0,11.0
2026-301,Auckland,Hard,32,250,O,20260116,25,M0NI,3.0,,Jakub Mensik,R,196.0,CZE,20.375,18.0,2125.0,M0GZ,,,Giovanni Mpetshi Perricard,R,203.0,FRA,22.527,63.0,865.0,6-4 6-2,3,QF,65.0,8.0,3.0,43.0,27.0,23.0,9.0,9.0,0.0,1.0,5.0,2.0,51.0,33.0,19.0,7.0,9.0,5.0,9.0
2026-301,Auckland,Hard,32,250,O,20260116,26,M0CI,,,Fabian Marozsan,R,193.0,HUN,26.275,52.0,975.0,S0JA,,,Eliot Spizzirri,R,185.0,USA,24.066,89.0,672.0,6-4 2-6 6-2,3,QF,104.0,9.0,2.0,73.0,52.0,35.0,8.0,13.0,2.0,6.0,5.0,1.0,66.0,34.0,26.0,15.0,13.0,2.0,7.0
2026-301,Auckland,Hard,32,250,O,20260116,22,M0NI,3.0,,Jakub Mensik,R,196.0,CZE,20.375,18.0,2125.0,M0CI,,,Fabian Marozsan,R,193.0,HUN,26.275,52.0,975.0,7-6(9) 4-6 6-1,3,SF,127.0,16.0,5.0,98.0,58.0,43.0,21.0,15.0,5.0,8.0,3.0,2.0,96.0,64.0,45.0,15.0,14.0,3.0,7.0
2026-301,Auckland,Hard,32,250,O,20260116,23,B0BI,7.0,,Sebastian Baez,R,170.0,ARG,25.051,39.0,1250.0,GC88,,,Marcos Giron,R,180.0,USA,32.482,60.0,895.0,6-1 6-4,3,SF,87.0,5.0,1.0,52.0,43.0,30.0,7.0,9.0,1.0,2.0,3.0,4.0,80.0,47.0,29.0,11.0,8.0,11.0,15.0
2026-8998,Adelaide,Hard,28,250,O,20260116,25,M0FH,8.0,,Tomas Machac,R,183.0,CZE,25.259,35.0,1360.0,PL56,2,,Tommy Paul,R,185.0,USA,28.668,21.0,2000.0,2-6 6-3 6-3,3,SF,111.0,8.0,2.0,84.0,51.0,40.0,14.0,13.0,2.0,4.0,3.0,0.0,82.0,49.0,31.0,18.0,13.0,5.0,8.0
2026-8998,Adelaide,Hard,28,250,O,20260116,26,HH26,,,Ugo Humbert,L,188.0,FRA,27.559,36.0,1355.0,DH50,1,,Alejandro Davidovich Fokina,R,180.0,ESP,26.617,15.0,2585.0,6-3 5-7 7-6(4),3,SF,152.0,10.0,2.0,101.0,68.0,53.0,18.0,17.0,0.0,1.0,5.0,2.0,103.0,73.0,51.0,18.0,16.0,2.0,3.0
2026-301,Auckland,Hard,32,250,O,20260117,27,M0NI,3.0,,Jakub Mensik,R,196.0,CZE,20.378,18.0,2125.0,B0BI,7,,Sebastian Baez,R,170.0,ARG,25.054,39.0,1250.0,6-3 7-6(7),3,F,82.0,18.0,3.0,67.0,41.0,39.0,9.0,11.0,1.0,2.0,2.0,3.0,65.0,52.0,35.0,6.0,10.0,3.0,5.0
2026-8998,Adelaide,Hard,28,250,O,20260117,27,M0FH,8.0,,Tomas Machac,R,183.0,CZE,25.262,35.0,1360.0,HH26,,,Ugo Humbert,L,188.0,FRA,27.562,36.0,1355.0,6-4 6-7(2) 6-2,3,F,143.0,5.0,1.0,98.0,67.0,49.0,18.0,15.0,3.0,4.0,8.0,3.0,97.0,60.0,45.0,15.0,15.0,8.0,12.0
2026-580,Australian Open,Hard,128,G,O,20260118,1,F0DM,,,Arthur Fery,R,175.0,GBR,23.521,186.0,316.0,C0E9,20,,Flavio Cobolli,R,183.0,ITA,23.704,22.0,1955.0,7-6(1) 6-4 6-1,5,R128,134.0,6.0,0.0,85.0,60.0,42.0,13.0,0.0,3.0,6.0,7.0,8.0,83.0,48.0,30.0,12.0,0.0,4.0,10.0
2026-580,Australian Open,Hard,128,G,O,20260118,2,MW02,32.0,,Corentin Moutet,L,180.0,FRA,26.752,37.0,1383.0,S0N0,,,Tristan Schoolkate,R,183.0,AUS,24.893,98.0,641.0,6-4 7-6(1) 6-3,5,R128,157.0,6.0,4.0,104.0,61.0,45.0,25.0,0.0,6.0,8.0,8.0,4.0,95.0,56.0,38.0,16.0,0.0,4.0,8.0
2026-580,Australian Open,Hard,128,G,O,20260118,3,EA24,,,Tomas Martin Etcheverry,R,196.0,ARG,26.505,62.0,895.0,KI95,,,Miomir Kecmanovic,R,183.0,SRB,26.385,60.0,910.0,6-2 3-6 4-6 6-3 6-4,5,R128,237.0,20.0,5.0,120.0,76.0,66.0,26.0,0.0,4.0,6.0,8.0,4.0,164.0,104.0,73.0,29.0,0.0,13.0,17.0
2026-580,Australian Open,Hard,128,G,O,20260118,4,C0AU,18.0,,Francisco Cerundolo,R,185.0,ARG,27.433,21.0,2035.0,Z371,,,Zhizhen Zhang,R,193.0,CHN,29.257,368.0,130.0,6-3 7-6(0) 6-3,5,R128,128.0,7.0,2.0,86.0,56.0,45.0,19.0,0.0,0.0,2.0,8.0,1.0,99.0,66.0,42.0,14.0,0.0,6.0,10.0
2026-580,Australian Open,Hard,128,G,O,20260118,5,Z355,3.0,,Alexander Zverev,R,198.0,GER,28.747,3.0,5105.0,D0F6,,,Gabriel Diallo,R,203.0,CAN,24.318,41.0,1215.0,6-7(1) 6-1 6-4 6-2,5,R128,165.0,15.0,1.0,98.0,73.0,61.0,14.0,0.0,1.0,2.0,10.0,5.0,112.0,81.0,57.0,12.0,0.0,2.0,8.0
2026-580,Australian Open,Hard,128,G,O,20260118,6,C0DF,,,Francisco Comesana,R,178.0,ARG,25.284,68.0,829.0,K0A3,,,Patrick Kypson,R,188.0,USA,26.226,116.0,527.0,6-2 6-3 3-6 6-3,5,R128,168.0,20.0,5.0,103.0,98.0,72.0,0.0,0.0,1.0,2.0,12.0,7.0,118.0,111.0,68.0,0.0,0.0,6.0,10.0
2026-580,Australian Open,Hard,128,G,O,20260118,7,D923,,,Damir Dzumhur,R,175.0,BIH,33.665,66.0,837.0,D0DP,,,Liam Draxl,R,185.0,CAN,24.12,145.0,429.0,7-5 6-0 6-4,5,R128,133.0,6.0,3.0,91.0,76.0,52.0,9.0,0.0,6.0,8.0,5.0,4.0,98.0,70.0,41.0,9.0,0.0,5.0,12.0
2026-580,Australian Open,Hard,128,G,O,20260118,8,N0AM,,,Emilio Nava,R,185.0,USA,24.129,89.0,683.0,J0AZ,,,Kyrian Jacquet,R,175.0,FRA,24.69,128.0,477.0,6-2 7-5 6-7(5) 4-6 7-6(6),5,R128,215.0,27.0,6.0,159.0,110.0,87.0,28.0,0.0,5.0,8.0,19.0,6.0,179.0,103.0,79.0,40.0,0.0,6.0,11.0
2026-580,Australian Open,Hard,128,G,O,20260118,9,TD51,29.0,,Frances Tiafoe,R,188.0,USA,27.995,34.0,1500.0,KB95,,,Jason Kubler,R,178.0,AUS,32.668,194.0,305.0,7-6(4) 6-3 6-2,5,R128,136.0,23.0,5.0,108.0,64.0,50.0,22.0,0.0,5.0,6.0,9.0,3.0,81.0,59.0,41.0,10.0,0.0,2.0,6.0
2026-580,Australian Open,Hard,128,G,O,20260118,10,F0F2,,,Jaime Faria,R,188.0,POR,22.453,151.0,413.0,B0PG,,,Alexander Blockx,R,193.0,BEL,20.78,96.0,653.0,6-3 3-6 6-3 6-4,5,R128,145.0,5.0,2.0,114.0,64.0,46.0,30.0,0.0,3.0,5.0,8.0,2.0,100.0,56.0,44.0,23.0,0.0,4.0,8.0
2026-580,Australian Open,Hard,128,G,O,20260118,11,F724,,,Marton Fucsovics,R,188.0,HUN,33.944,54.0,967.0,U182,,,Camilo Ugo Carabelli,R,185.0,ARG,26.59,49.0,1028.0,7-6(5) 6-1 6-2,5,R128,146.0,1.0,5.0,92.0,54.0,37.0,20.0,0.0,2.0,5.0,1.0,4.0,95.0,61.0,31.0,15.0,0.0,5.0,12.0
2026-580,Australian Open,Hard,128,G,O,20260118,12,Z0BZ,,,Michael Zheng,R,188.0,USA,21.977,174.0,337.0,K0AH,,,Sebastian Korda,R,196.0,USA,25.539,53.0,975.0,6-4 6-4 3-6 6-7(0) 6-3,5,R128,224.0,4.0,0.0,174.0,115.0,79.0,34.0,0.0,6.0,7.0,22.0,5.0,142.0,89.0,71.0,31.0,0.0,4.0,8.0
2026-580,Australian Open,Hard,128,G,O,20260118,13,BK92,10.0,,Alexander Bublik,R,196.0,KAZ,28.589,10.0,3065.0,B0CD,,,Jenson Brooksby,R,193.0,USA,25.229,48.0,1042.0,6-4 6-4 6-4,5,R128,127.0,13.0,4.0,94.0,69.0,51.0,12.0,0.0,7.0,8.0,4.0,1.0,97.0,61.0,38.0,20.0,0.0,7.0,11.0
2026-580,Australian Open,Hard,128,G,O,20260118,14,H997,,,Yannick Hanfmann,R,193.0,GER,34.182,102.0,611.0,S0K7,,,Zachary Svajda,R,175.0,USA,23.138,143.0,431.0,7-5 4-6 6-4 7-6(3),5,R128,172.0,19.0,2.0,125.0,75.0,58.0,29.0,0.0,4.0,8.0,11.0,8.0,143.0,102.0,69.0,18.0,0.0,4.0,9.0
2026-580,Australian Open,Hard,128,G,O,20260118,15,N771,26.0,,Cameron Norrie,L,188.0,GBR,30.407,27.0,1553.0,BM95,,,Benjamin Bonzi,R,183.0,FRA,29.61,106.0,566.0,6-0 6-7(2) 4-6 6-3 6-4,5,R128,223.0,16.0,3.0,170.0,111.0,73.0,37.0,0.0,16.0,18.0,9.0,4.0,136.0,86.0,55.0,32.0,0.0,7.0,13.0
2026-580,Australian Open,Hard,128,G,O,20260118,16,A0E2,1.0,,Carlos Alcaraz,R,183.0,ESP,22.705,1.0,12050.0,W09E,,,Adam Walton,R,183.0,AUS,26.755,79.0,727.0,6-3 7-6(2) 6-2,5,R128,126.0,8.0,1.0,83.0,56.0,43.0,18.0,15.0,0.0,1.0,4.0,4.0,87.0,62.0,39.0,11.0,13.0,5.0,8.0
2026-580,Australian Open,Hard,128,G,O,20260119,17,HB64,,,Quentin Halys,R,191.0,FRA,29.232,83.0,725.0,TE30,,,Alejandro Tabilo,L,188.0,CHI,28.632,79.0,737.0,6-2 6-2 7-6(2),5,R128,116.0,12.0,1.0,79.0,44.0,37.0,25.0,0.0,1.0,1.0,7.0,1.0,91.0,55.0,31.0,20.0,0.0,3.0,7.0
2026-580,Australian Open,Hard,128,G,O,20260119,18,BT72,,,Nuno Borges,R,185.0,POR,28.914,46.0,1070.0,AG37,7,,Felix Auger-Aliassime,R,193.0,CAN,25.448,8.0,3990.0,3-6 6-4 6-4 RET,5,R128,136.0,6.0,1.0,84.0,55.0,40.0,17.0,0.0,2.0,5.0,8.0,1.0,79.0,50.0,33.0,19.0,0.0,3.0,6.0
2026-580,Australian Open,Hard,128,G,O,20260119,19,MM58,11.0,,Daniil Medvedev,R,198.0,RUS,29.938,12.0,2910.0,D0C1,,,Jesper de Jong,R,180.0,NED,25.637,73.0,763.0,7-5 6-2 7-6(2),5,R128,175.0,9.0,5.0,111.0,77.0,58.0,11.0,0.0,6.0,10.0,3.0,1.0,117.0,60.0,39.0,22.0,0.0,6.0,13.0
2026-580,Australian Open,Hard,128,G,O,20260119,20,PL56,19.0,,Tommy Paul,R,185.0,USA,28.676,20.0,2050.0,K0AZ,,,Aleksandar Kovacevic,R,183.0,USA,27.392,56.0,964.0,6-4 6-3 6-3,5,R128,94.0,20.0,0.0,67.0,44.0,40.0,16.0,0.0,0.0,0.0,10.0,5.0,77.0,47.0,34.0,13.0,0.0,2.0,6.0
2026-580,Australian Open,Hard,128,G,O,20260119,21,M0JF,,,Hamad Medjedovic,R,188.0,SRB,22.508,90.0,681.0,N0BS,,,Mariano Navone,R,178.0,ARG,24.893,74.0,760.0,6-2 6-7(3) 6-4 6-2,5,R128,184.0,15.0,5.0,124.0,89.0,62.0,22.0,0.0,6.0,7.0,5.0,5.0,131.0,98.0,55.0,19.0,0.0,11.0,17.0
2026-580,Australian Open,Hard,128,G,O,20260119,22,O522,,,Reilly Opelka,R,211.0,USA,28.394,63.0,873.0,B0U4,,,Nicolai Budkov Kjaer,R,191.0,NOR,19.384,135.0,446.0,6-4 6-3 6-4,5,R128,93.0,23.0,4.0,71.0,54.0,51.0,10.0,0.0,2.0,2.0,3.0,3.0,80.0,57.0,39.0,11.0,0.0,1.0,4.0
2026-580,Australian Open,Hard,128,G,O,20260119,23,S0H2,,,Alexander Shevchenko,R,188.0,KAZ,25.139,97.0,650.0,Y218,,,Elias Ymer,R,185.0,SWE,29.777,175.0,337.0,3-6 7-5 6-4 6-1,5,R128,197.0,9.0,5.0,147.0,142.0,90.0,0.0,0.0,9.0,11.0,1.0,4.0,123.0,119.0,72.0,0.0,0.0,6.0,11.0
2026-580,Australian Open,Hard,128,G,O,20260119,24,DH58,6.0,,Alex de Minaur,R,183.0,AUS,26.921,6.0,4080.0,MK66,,,Mackenzie McDonald,R,178.0,USA,30.762,113.0,546.0,6-2 6-2 6-3,5,R128,109.0,9.0,4.0,66.0,34.0,29.0,21.0,0.0,1.0,1.0,7.0,2.0,91.0,55.0,32.0,16.0,0.0,5.0,11.0
2026-580,Australian Open,Hard,128,G,O,20260119,25,RE44,13.0,,Andrey Rublev,R,188.0,RUS,28.249,15.0,2600.0,A0FC,,,Matteo Arnaldi,R,185.0,ITA,24.906,65.0,858.0,6-4 6-2 6-3,5,R128,114.0,8.0,2.0,80.0,55.0,40.0,18.0,0.0,6.0,6.0,4.0,4.0,77.0,42.0,27.0,20.0,0.0,6.0,11.0
2026-580,Australian Open,Hard,128,G,O,20260119,26,DH50,14.0,,Alejandro Davidovich Fokina,R,180.0,ESP,26.626,14.0,2635.0,M0JZ,,,Filip Misolic,R,180.0,AUT,24.449,84.0,725.0,6-2 6-3 6-3,5,R128,103.0,10.0,3.0,84.0,56.0,42.0,17.0,0.0,4.0,4.0,6.0,3.0,83.0,45.0,30.0,14.0,0.0,6.0,11.0
2026-580,Australian Open,Hard,128,G,O,20260119,27,M0CI,,,Fabian Marozsan,R,193.0,HUN,26.283,47.0,1065.0,RC91,24,,Arthur Rinderknech,R,196.0,FRA,30.494,28.0,1551.0,6-3 6-4 6-7(2) 6-4,5,R128,179.0,9.0,2.0,114.0,83.0,66.0,20.0,0.0,0.0,0.0,18.0,2.0,139.0,90.0,58.0,32.0,0.0,8.0,11.0
2026-580,Australian Open,Hard,128,G,O,20260119,28,T0HA,25.0,,Learner Tien,L,180.0,USA,20.131,29.0,1540.0,GC88,,,Marcos Giron,R,180.0,USA,32.49,51.0,985.0,7-6(2) 4-6 3-6 7-6(3) 6-2,5,R128,223.0,21.0,10.0,165.0,103.0,70.0,33.0,0.0,12.0,18.0,14.0,3.0,176.0,114.0,74.0,29.0,0.0,7.0,13.0
2026-580,Australian Open,Hard,128,G,O,20260119,29,C977,,,Marin Cilic,R,198.0,CRO,37.309,70.0,790.0,AE14,,,Daniel Altmaier,R,188.0,GER,27.354,44.0,1123.0,6-0 6-0 7-6(3),5,R128,121.0,20.0,3.0,72.0,53.0,44.0,11.0,0.0,1.0,1.0,8.0,4.0,81.0,60.0,35.0,7.0,0.0,6.0,12.0
2026-580,Australian Open,Hard,128,G,O,20260119,30,S0RE,,,Juncheng Shang,L,180.0,CHN,20.961,318.0,165.0,BD06,,,Roberto Bautista Agut,R,183.0,ESP,37.766,91.0,670.0,6-4 6-7(2) 6-4 6-0,5,R128,176.0,11.0,6.0,113.0,76.0,62.0,19.0,0.0,3.0,4.0,11.0,1.0,107.0,76.0,48.0,18.0,0.0,5.0,11.0
2026-580,Australian Open,Hard,128,G,O,20260119,31,TC61,,,Jordan Thompson,R,183.0,AUS,31.751,111.0,548.0,C0C8,,,Juan Manuel Cerundolo,L,183.0,ARG,24.178,87.0,700.0,6-7(3) 7-5 6-1 6-1,5,R128,197.0,10.0,1.0,115.0,67.0,51.0,34.0,0.0,5.0,5.0,5.0,6.0,125.0,60.0,40.0,35.0,0.0,4.0,10.0
2026-580,Australian Open,Hard,128,G,O,20260119,32,T0A1,,,Thiago Agustin Tirante,R,185.0,ARG,24.778,103.0,605.0,V832,,,Aleksandar Vukic,R,188.0,AUS,29.788,78.0,746.0,7-5 6-2 6-2,5,R128,111.0,20.0,2.0,71.0,44.0,36.0,21.0,0.0,0.0,0.0,8.0,2.0,87.0,49.0,32.0,16.0,0.0,3.0,8.0
2026-580,Australian Open,Hard,128,G,O,20260119,33,SU55,21.0,,Denis Shapovalov,L,185.0,CAN,26.765,23.0,1650.0,Y09V,,,Yunchaokete Bu,R,185.0,CHN,24.0,120.0,499.0,6-3 7-6(3) 6-1,5,R128,137.0,19.0,0.0,83.0,56.0,49.0,20.0,0.0,1.0,1.0,1.0,1.0,96.0,59.0,37.0,21.0,0.0,5.0,8.0
2026-580,Australian Open,Hard,128,G,O,20260119,34,V812,,,Botic van de Zandschulp,R,191.0,NED,30.294,75.0,759.0,N0AE,27,,Brandon Nakashima,R,188.0,USA,24.463,30.0,1535.0,6-3 4-6 7-6(1) 7-6(3),5,R128,210.0,15.0,7.0,143.0,120.0,91.0,8.0,0.0,5.0,6.0,10.0,3.0,126.0,105.0,73.0,15.0,0.0,1.0,3.0
2026-580,Australian Open,Hard,128,G,O,20260119,35,H0BH,,,Rinky Hijikata,R,178.0,AUS,24.903,114.0,542.0,ME82,,,Adrian Mannarino,L,180.0,FRA,37.558,69.0,810.0,6-3 6-3 6-1,5,R128,119.0,4.0,3.0,92.0,87.0,59.0,1.0,0.0,6.0,7.0,7.0,3.0,76.0,70.0,37.0,0.0,0.0,5.0,11.0
2026-580,Australian Open,Hard,128,G,O,20260119,36,M0IF,,,Francesco Maestrelli,R,196.0,ITA,23.08,141.0,436.0,A0GC,,,Terence Atmane,L,193.0,FRA,24.027,64.0,862.0,6-4 3-6 6-7(4) 6-1 6-1,5,R128,208.0,28.0,8.0,134.0,80.0,65.0,31.0,0.0,2.0,3.0,14.0,4.0,145.0,81.0,61.0,33.0,0.0,10.0,16.0
2026-580,Australian Open,Hard,128,G,O,20260119,37,MQ75,,,Kamil Majchrzak,R,183.0,POL,30.018,59.0,918.0,F0BY,,,Jacob Fearnley,R,183.0,GBR,24.515,77.0,752.0,7-6(2) 7-5 3-6 7-6(3),5,R128,208.0,5.0,1.0,155.0,102.0,63.0,35.0,0.0,9.0,14.0,12.0,10.0,143.0,97.0,63.0,25.0,0.0,4.0,8.0
2026-580,Australian Open,Hard,128,G,O,20260119,38,W367,,,Stan Wawrinka,R,183.0,SUI,40.813,139.0,437.0,DB63,,,Laslo Djere,R,188.0,SRB,30.634,92.0,659.0,5-7 6-3 6-4 7-6(4),5,R128,203.0,14.0,2.0,116.0,79.0,66.0,21.0,0.0,2.0,4.0,9.0,5.0,150.0,98.0,71.0,23.0,0.0,15.0,18.0
2026-580,Australian Open,Hard,128,G,O,20260119,39,D643,4.0,,Novak Djokovic,R,188.0,SRB,38.664,4.0,4780.0,MO44,,,Pedro Martinez,R,185.0,ESP,28.734,71.0,768.0,6-3 6-2 6-2,5,R128,120.0,14.0,0.0,57.0,44.0,41.0,11.0,0.0,0.0,0.0,2.0,6.0,98.0,70.0,42.0,10.0,0.0,7.0,12.0
2026-580,Australian Open,Hard,128,G,O,20260119,40,RH16,12.0,,Casper Ruud,R,183.0,NOR,27.077,13.0,2795.0,B0GG,,,Mattia Bellucci,L,175.0,ITA,24.635,76.0,758.0,6-1 6-2 6-4,5,R128,102.0,10.0,2.0,76.0,53.0,41.0,15.0,0.0,1.0,1.0,8.0,3.0,73.0,50.0,32.0,8.0,0.0,9.0,14.0
2026-580,Australian Open,Hard,128,G,O,20260119,41,G0IX,,,Arthur Gea,R,180.0,FRA,21.046,198.0,300.0,L0BV,17,,Jiri Lehecka,R,185.0,CZE,24.197,19.0,2090.0,7-5 7-6(1) 7-5,5,R128,165.0,7.0,4.0,108.0,73.0,52.0,21.0,0.0,3.0,6.0,8.0,1.0,118.0,74.0,51.0,19.0,0.0,10.0,15.0
2026-580,Australian Open,Hard,128,G,O,20260119,42,VA25,30.0,,Valentin Vacherot,R,193.0,MON,27.176,31.0,1519.0,D0DT,,,Martin Damm,L,203.0,USA,22.305,177.0,333.0,6-4 6-4 6-4,5,R128,117.0,18.0,2.0,92.0,62.0,52.0,16.0,0.0,5.0,5.0,16.0,4.0,84.0,55.0,41.0,13.0,0.0,0.0,3.0
2026-580,Australian Open,Hard,128,G,O,20260119,43,MU94,,,Jaume Munar,R,183.0,ESP,28.709,39.0,1335.0,S0GD,,,Dalibor Svrcina,R,178.0,CZE,23.299,95.0,655.0,3-6 6-2 6-7(5) 7-5 6-3,5,R128,270.0,18.0,6.0,163.0,108.0,79.0,27.0,0.0,5.0,10.0,6.0,10.0,164.0,101.0,67.0,31.0,0.0,11.0,18.0
2026-580,Australian Open,Hard,128,G,O,20260119,44,MP20,,,Alexandre Muller,R,183.0,FRA,28.964,52.0,980.0,P09Z,,,Alexei Popyrin,R,196.0,AUS,26.459,50.0,1000.0,2-6 6-3 3-6 7-6(5) 7-6(4),5,R128,236.0,5.0,4.0,154.0,111.0,78.0,23.0,0.0,5.0,10.0,40.0,0.0,155.0,100.0,75.0,33.0,0.0,7.0,10.0
2026-580,Australian Open,Hard,128,G,O,20260120,45,M0EJ,5.0,,Lorenzo Musetti,R,185.0,ITA,23.885,5.0,4105.0,C0JP,,,Raphael Collignon,R,191.0,BEL,24.019,72.0,767.0,4-6 7-6(3) 7-5 3-2 RET,5,R128,187.0,10.0,3.0,120.0,81.0,55.0,24.0,0.0,11.0,15.0,11.0,6.0,129.0,70.0,49.0,28.0,0.0,5.0,10.0
2026-580,Australian Open,Hard,128,G,O,20260120,46,S0S1,8.0,,Ben Shelton,L,193.0,USA,23.283,7.0,4000.0,HH26,,,Ugo Humbert,L,188.0,FRA,27.57,33.0,1510.0,6-3 7-6(2) 7-6(5),5,R128,160.0,15.0,2.0,103.0,72.0,56.0,20.0,0.0,1.0,3.0,5.0,6.0,107.0,64.0,47.0,21.0,0.0,7.0,10.0
2026-580,Australian Open,Hard,128,G,O,20260120,47,KE29,15.0,,Karen Khachanov,R,198.0,RUS,29.667,18.0,2320.0,M0QI,,,Alex Michelsen,R,193.0,USA,21.405,38.0,1350.0,4-6 6-4 6-3 5-7 6-3,5,R128,237.0,24.0,4.0,176.0,112.0,86.0,31.0,0.0,11.0,13.0,16.0,4.0,142.0,94.0,72.0,25.0,0.0,11.0,15.0
2026-580,Australian Open,Hard,128,G,O,20260120,48,M0NI,16.0,,Jakub Mensik,R,196.0,CZE,20.386,17.0,2345.0,CD85,,,Pablo Carreno Busta,R,188.0,ESP,34.527,94.0,656.0,7-5 4-6 2-6 7-6(1) 6-3,5,R128,253.0,27.0,19.0,185.0,105.0,79.0,31.0,0.0,12.0,18.0,1.0,6.0,161.0,109.0,75.0,23.0,0.0,6.0,12.0
2026-580,Australian Open,Hard,128,G,O,20260120,49,D0FJ,22.0,,Luciano Darderi,R,183.0,ITA,23.932,25.0,1599.0,GD64,,,Cristian Garin,R,185.0,CHI,29.643,82.0,726.0,7-6(5) 7-5 7-6(3),5,R128,176.0,15.0,2.0,101.0,63.0,50.0,25.0,0.0,2.0,4.0,12.0,6.0,132.0,78.0,54.0,27.0,0.0,8.0,11.0
2026-580,Australian Open,Hard,128,G,O,20260120,50,Q02L,,,Ethan Quinn,R,191.0,USA,21.859,80.0,733.0,GJ37,23,,Tallon Griekspoor,R,188.0,NED,29.552,26.0,1565.0,6-2 6-3 6-2,5,R128,98.0,5.0,2.0,59.0,39.0,29.0,16.0,0.0,0.0,2.0,6.0,8.0,80.0,51.0,28.0,12.0,0.0,8.0,15.0
2026-580,Australian Open,Hard,128,G,O,20260120,51,S0JA,,,Eliot Spizzirri,R,185.0,USA,24.077,85.0,725.0,F0FV,28,,Joao Fonseca,R,188.0,BRA,19.417,32.0,1510.0,6-4 2-6 6-1 6-2,5,R128,161.0,14.0,2.0,97.0,65.0,53.0,16.0,0.0,7.0,9.0,10.0,5.0,102.0,63.0,42.0,19.0,0.0,8.0,13.0
2026-580,Australian Open,Hard,128,G,O,20260120,52,B0BI,,,Sebastian Baez,R,170.0,ARG,25.062,36.0,1390.0,M0GZ,,,Giovanni Mpetshi Perricard,R,203.0,FRA,22.538,61.0,905.0,6-4 6-4 3-6 5-7 6-3,5,R128,195.0,10.0,2.0,154.0,120.0,87.0,18.0,0.0,10.0,13.0,30.0,5.0,150.0,107.0,78.0,23.0,0.0,6.0,10.0
2026-580,Australian Open,Hard,128,G,O,20260120,53,B0NN,,,Nishesh Basavareddy,R,180.0,USA,20.72,242.0,230.0,O483,,,Christopher O'Connell,R,183.0,AUS,31.633,118.0,521.0,4-6 7-6(7) 6-7(3) 6-2 6-3,5,R128,251.0,17.0,5.0,148.0,85.0,64.0,40.0,0.0,1.0,4.0,25.0,3.0,176.0,108.0,80.0,31.0,0.0,8.0,13.0
2026-580,Australian Open,Hard,128,G,O,20260120,54,SU87,,,Lorenzo Sonego,R,191.0,ITA,30.697,40.0,1240.0,TE16,,,Carlos Taberner,R,183.0,ESP,28.452,99.0,630.0,6-4 6-0 6-3,5,R128,106.0,13.0,2.0,62.0,46.0,37.0,8.0,0.0,0.0,1.0,1.0,11.0,77.0,51.0,28.0,9.0,0.0,5.0,12.0
2026-580,Australian Open,Hard,128,G,O,20260120,55,WB32,,,Yibing Wu,R,183.0,CHN,26.27,168.0,347.0,N0BG,,,Luca Nardi,R,185.0,ITA,22.459,108.0,561.0,7-5 4-6 6-4 6-2,5,R128,177.0,7.0,3.0,132.0,75.0,52.0,32.0,0.0,15.0,19.0,7.0,6.0,117.0,66.0,42.0,27.0,0.0,6.0,13.0
2026-580,Australian Open,Hard,128,G,O,20260120,56,S0IA,,,Dane Sweeny,R,170.0,AUS,24.936,182.0,325.0,MC65,,,Gael Monfils,R,193.0,FRA,39.387,110.0,550.0,6-7(3) 7-5 6-4 7-5,5,R128,231.0,2.0,3.0,148.0,104.0,74.0,25.0,0.0,9.0,11.0,14.0,6.0,164.0,112.0,79.0,24.0,0.0,14.0,19.0
2026-580,Australian Open,Hard,128,G,O,20260120,57,J0DZ,,,Rafael Jodar,R,191.0,ESP,19.343,150.0,418.0,S0UV,,,Rei Sakamoto,R,193.0,JPN,19.576,203.0,292.0,7-6(6) 6-1 5-7 4-6 6-3,5,R128,234.0,4.0,1.0,160.0,99.0,70.0,39.0,0.0,6.0,9.0,6.0,4.0,173.0,112.0,76.0,34.0,0.0,10.0,15.0
2026-580,Australian Open,Hard,128,G,O,20260120,58,S0AG,2.0,,Jannik Sinner,R,191.0,ITA,24.43,2.0,11500.0,G09O,,,Hugo Gaston,L,173.0,FRA,25.317,93.0,656.0,6-2 6-1 RET,5,R128,71.0,6.0,0.0,45.0,29.0,25.0,8.0,0.0,3.0,3.0,0.0,0.0,47.0,23.0,14.0,8.0,0.0,3.0,7.0
2026-580,Australian Open,Hard,128,G,O,20260120,59,FB98,9.0,,Taylor Fritz,R,196.0,USA,28.23,9.0,3840.0,R0EB,,,Valentin Royer,R,188.0,FRA,24.646,58.0,924.0,7-6(5) 5-7 6-1 6-3,5,R128,182.0,24.0,3.0,110.0,76.0,62.0,18.0,0.0,4.0,7.0,19.0,6.0,150.0,89.0,62.0,25.0,0.0,15.0,21.0
2026-580,Australian Open,Hard,128,G,O,20260120,60,HB71,,,Hubert Hurkacz,R,196.0,POL,28.939,55.0,965.0,BU13,,,Zizou Bergs,R,185.0,BEL,26.634,43.0,1170.0,6-7(6) 7-6(6) 6-3 6-3,5,R128,204.0,18.0,2.0,140.0,110.0,87.0,15.0,0.0,6.0,6.0,15.0,6.0,147.0,106.0,75.0,23.0,0.0,8.0,11.0
2026-580,Australian Open,Hard,128,G,O,20260120,61,KI82,,,Vit Kopriva,R,178.0,CZE,28.6,101.0,626.0,SL28,,,Jan-Lennard Struff,R,193.0,GER,35.74,86.0,706.0,4-6 6-2 2-6 6-3 6-1,5,R128,190.0,19.0,5.0,169.0,110.0,78.0,24.0,0.0,16.0,20.0,16.0,10.0,121.0,78.0,51.0,18.0,0.0,5.0,12.0
2026-580,Australian Open,Hard,128,G,O,20260120,62,M0FH,,,Tomas Machac,R,183.0,CZE,25.27,24.0,1610.0,D875,,,Grigor Dimitrov,R,191.0,BUL,34.683,45.0,1105.0,6-4 6-4 6-3,5,R128,107.0,21.0,1.0,82.0,58.0,45.0,15.0,0.0,4.0,4.0,11.0,4.0,97.0,78.0,48.0,8.0,0.0,6.0,10.0
2026-580,Australian Open,Hard,128,G,O,20260120,63,TE51,31.0,,Stefanos Tsitsipas,R,193.0,GRE,27.441,35.0,1455.0,M0HU,,,Shintaro Mochizuki,R,175.0,JPN,22.637,112.0,547.0,4-6 6-3 6-2 6-2,5,R128,180.0,16.0,6.0,105.0,72.0,57.0,16.0,0.0,7.0,8.0,3.0,6.0,136.0,79.0,50.0,26.0,0.0,15.0,20.0
2026-580,Australian Open,Hard,128,G,O,20260120,64,D994,,,James Duckworth,R,183.0,AUS,33.999,88.0,694.0,P0HW,,,Dino Prizmic,R,188.0,CRO,20.46,127.0,481.0,7-6(4) 3-6 1-6 7-5 6-3,5,R128,262.0,16.0,5.0,179.0,119.0,80.0,30.0,0.0,14.0,20.0,9.0,12.0,174.0,108.0,76.0,35.0,0.0,14.0,18.0
2026-580,Australian Open,Hard,128,G,O,20260121,65,C0AU,18.0,,Francisco Cerundolo,R,185.0,ARG,27.441,21.0,2035.0,D923,,,Damir Dzumhur,R,175.0,BIH,33.673,66.0,837.0,6-3 6-2 6-1,5,R64,98.0,10.0,1.0,66.0,36.0,29.0,20.0,0.0,2.0,3.0,3.0,1.0,78.0,50.0,29.0,12.0,0.0,5.0,12.0
2026-580,Australian Open,Hard,128,G,O,20260121,66,PL56,19.0,,Tommy Paul,R,185.0,USA,28.682,20.0,2050.0,T0A1,,,Thiago Agustin Tirante,R,185.0,ARG,24.783,103.0,605.0,6-3 6-4 6-2,5,R64,124.0,4.0,1.0,82.0,47.0,37.0,23.0,0.0,4.0,4.0,12.0,3.0,85.0,48.0,36.0,11.0,0.0,6.0,10.0
2026-580,Australian Open,Hard,128,G,O,20260121,67,RE44,13.0,,Andrey Rublev,R,188.0,RUS,28.255,15.0,2600.0,F0F2,,,Jaime Faria,R,188.0,POR,22.461,151.0,413.0,6-4 6-3 4-6 7-5,5,R64,172.0,6.0,3.0,125.0,88.0,67.0,20.0,0.0,10.0,12.0,10.0,5.0,120.0,77.0,53.0,22.0,0.0,4.0,9.0
2026-580,Australian Open,Hard,128,G,O,20260121,68,M0CI,,,Fabian Marozsan,R,193.0,HUN,26.289,47.0,1065.0,MQ75,,,Kamil Majchrzak,R,183.0,POL,30.023,59.0,918.0,6-3 6-4 7-6(5),5,R64,144.0,5.0,2.0,113.0,83.0,52.0,16.0,0.0,8.0,12.0,3.0,4.0,119.0,80.0,45.0,14.0,0.0,8.0,14.0
2026-580,Australian Open,Hard,128,G,O,20260121,69,MM58,11.0,,Daniil Medvedev,R,198.0,RUS,29.944,12.0,2910.0,HB64,,,Quentin Halys,R,191.0,FRA,29.238,83.0,725.0,6-7(9) 6-3 6-4 6-2,5,R64,184.0,13.0,4.0,145.0,98.0,72.0,26.0,0.0,10.0,12.0,6.0,6.0,115.0,75.0,54.0,16.0,0.0,4.0,10.0
2026-580,Australian Open,Hard,128,G,O,20260121,70,EA24,,,Tomas Martin Etcheverry,R,196.0,ARG,26.513,62.0,895.0,F0DM,,,Arthur Fery,R,175.0,GBR,23.529,186.0,316.0,7-6(4) 6-1 6-3,5,R64,165.0,11.0,1.0,102.0,70.0,47.0,23.0,0.0,9.0,10.0,5.0,1.0,92.0,66.0,40.0,14.0,0.0,6.0,11.0
2026-580,Australian Open,Hard,128,G,O,20260121,71,A0E2,1.0,,Carlos Alcaraz,R,183.0,ESP,22.714,1.0,12050.0,H997,,,Yannick Hanfmann,R,193.0,GER,34.19,102.0,611.0,7-6(4) 6-4 6-3,5,R64,166.0,12.0,3.0,111.0,69.0,47.0,26.0,15.0,6.0,7.0,7.0,4.0,100.0,62.0,43.0,17.0,14.0,5.0,9.0
2026-580,Australian Open,Hard,128,G,O,20260121,72,BK92,10.0,,Alexander Bublik,R,196.0,KAZ,28.597,10.0,3065.0,F724,,,Marton Fucsovics,R,188.0,HUN,33.952,54.0,967.0,7-5 6-4 7-5,5,R64,134.0,12.0,4.0,90.0,63.0,48.0,14.0,0.0,0.0,2.0,6.0,6.0,119.0,72.0,44.0,26.0,0.0,8.0,13.0
2026-580,Australian Open,Hard,128,G,O,20260121,73,DH50,14.0,,Alejandro Davidovich Fokina,R,180.0,ESP,26.631,14.0,2635.0,O522,,,Reilly Opelka,R,211.0,USA,28.4,63.0,873.0,6-3 7-6(3) 5-7 4-6 6-4,5,R64,230.0,12.0,1.0,165.0,129.0,98.0,20.0,0.0,9.0,11.0,37.0,12.0,161.0,108.0,81.0,30.0,0.0,9.0,11.0
2026-580,Australian Open,Hard,128,G,O,20260121,74,T0HA,25.0,,Learner Tien,L,180.0,USA,20.137,29.0,1540.0,S0H2,,,Alexander Shevchenko,R,188.0,KAZ,25.144,97.0,650.0,6-2 5-7 6-1 6-0,5,R64,124.0,9.0,2.0,92.0,55.0,45.0,19.0,0.0,2.0,4.0,4.0,1.0,94.0,59.0,31.0,17.0,0.0,4.0,13.0
2026-580,Australian Open,Hard,128,G,O,20260121,75,MW02,32.0,,Corentin Moutet,L,180.0,FRA,26.76,37.0,1383.0,Z0BZ,,,Michael Zheng,R,188.0,USA,21.985,174.0,337.0,3-6 6-1 6-3 2-0 RET,5,R64,121.0,10.0,5.0,76.0,46.0,33.0,16.0,0.0,4.0,7.0,3.0,1.0,84.0,62.0,37.0,6.0,0.0,0.0,7.0
2026-580,Australian Open,Hard,128,G,O,20260121,76,BT72,,,Nuno Borges,R,185.0,POR,28.92,46.0,1070.0,TC61,,,Jordan Thompson,R,183.0,AUS,31.756,111.0,548.0,6-7(9) 6-3 6-2 6-4,5,R64,186.0,10.0,4.0,130.0,89.0,64.0,24.0,0.0,5.0,7.0,12.0,1.0,121.0,70.0,46.0,26.0,0.0,1.0,7.0
2026-580,Australian Open,Hard,128,G,O,20260121,77,Z355,3.0,,Alexander Zverev,R,198.0,GER,28.756,3.0,5105.0,MP20,,,Alexandre Muller,R,183.0,FRA,28.969,52.0,980.0,6-3 4-6 6-3 6-4,5,R64,183.0,18.0,1.0,108.0,74.0,53.0,21.0,0.0,5.0,8.0,4.0,2.0,125.0,86.0,55.0,18.0,0.0,10.0,16.0
2026-580,Australian Open,Hard,128,G,O,20260121,78,DH58,6.0,,Alex de Minaur,R,183.0,AUS,26.927,6.0,4080.0,M0JF,,,Hamad Medjedovic,R,188.0,SRB,22.513,90.0,681.0,6-7(5) 6-2 6-2 6-1,5,R64,184.0,12.0,4.0,110.0,77.0,59.0,20.0,0.0,2.0,3.0,19.0,11.0,137.0,88.0,57.0,19.0,0.0,14.0,21.0
2026-580,Australian Open,Hard,128,G,O,20260121,79,N771,26.0,,Cameron Norrie,L,188.0,GBR,30.415,27.0,1553.0,N0AM,,,Emilio Nava,R,185.0,USA,24.137,89.0,683.0,6-1 7-6(3) 4-6 7-6(5),5,R64,200.0,5.0,2.0,144.0,112.0,79.0,19.0,0.0,7.0,10.0,19.0,5.0,148.0,105.0,69.0,22.0,0.0,15.0,19.0
2026-580,Australian Open,Hard,128,G,O,20260121,80,TD51,29.0,,Frances Tiafoe,R,188.0,USA,28.003,34.0,1500.0,C0DF,,,Francisco Comesana,R,178.0,ARG,25.292,68.0,829.0,6-4 6-3 4-6 6-2,5,R64,185.0,7.0,1.0,108.0,61.0,52.0,25.0,0.0,4.0,5.0,15.0,5.0,124.0,84.0,57.0,17.0,0.0,12.0,17.0
2026-580,Australian Open,Hard,128,G,O,20260122,81,KE29,15.0,,Karen Khachanov,R,198.0,RUS,29.673,18.0,2320.0,B0NN,,,Nishesh Basavareddy,R,180.0,USA,20.726,242.0,230.0,6-1 6-4 6-3,5,R64,118.0,15.0,1.0,70.0,53.0,43.0,12.0,0.0,4.0,4.0,10.0,3.0,93.0,45.0,32.0,17.0,0.0,7.0,12.0
2026-580,Australian Open,Hard,128,G,O,20260122,82,M0NI,16.0,,Jakub Mensik,R,196.0,CZE,20.392,17.0,2345.0,J0DZ,,,Rafael Jodar,R,191.0,ESP,19.348,150.0,418.0,6-2 6-4 6-4,5,R64,120.0,9.0,2.0,90.0,55.0,44.0,15.0,0.0,4.0,6.0,3.0,1.0,85.0,52.0,31.0,16.0,0.0,5.0,11.0
2026-580,Australian Open,Hard,128,G,O,20260122,83,D643,4.0,,Novak Djokovic,R,188.0,SRB,38.672,4.0,4780.0,M0IF,Q,,Francesco Maestrelli,R,196.0,ITA,23.088,141.0,436.0,6-3 6-2 6-2,5,R64,136.0,5.0,4.0,78.0,52.0,45.0,9.0,0.0,4.0,5.0,10.0,4.0,93.0,56.0,30.0,15.0,0.0,10.0,16.0
2026-580,Australian Open,Hard,128,G,O,20260122,84,M0EJ,5.0,,Lorenzo Musetti,R,185.0,ITA,23.89,5.0,4105.0,SU87,,,Lorenzo Sonego,R,191.0,ITA,30.702,40.0,1240.0,6-3 6-3 6-4,5,R64,169.0,2.0,2.0,87.0,58.0,40.0,17.0,0.0,4.0,6.0,5.0,6.0,116.0,77.0,47.0,13.0,0.0,17.0,23.0
2026-580,Australian Open,Hard,128,G,O,20260122,85,S0S1,8.0,,Ben Shelton,L,193.0,USA,23.288,7.0,4000.0,S0IA,,,Dane Sweeny,R,170.0,AUS,24.942,182.0,325.0,6-3 6-2 6-2,5,R64,104.0,19.0,2.0,64.0,44.0,39.0,14.0,0.0,0.0,0.0,0.0,5.0,80.0,58.0,36.0,8.0,0.0,7.0,12.0
2026-580,Australian Open,Hard,128,G,O,20260122,86,D0FJ,22.0,,Luciano Darderi,R,183.0,ITA,23.937,25.0,1599.0,B0BI,,,Sebastian Baez,R,170.0,ARG,25.068,36.0,1390.0,6-3 1-6 6-4 6-3,5,R64,149.0,10.0,1.0,104.0,67.0,41.0,21.0,0.0,5.0,10.0,4.0,3.0,106.0,82.0,49.0,11.0,0.0,8.0,14.0
2026-580,Australian Open,Hard,128,G,O,20260122,87,VA25,30.0,,Valentin Vacherot,R,193.0,MON,27.184,31.0,1519.0,H0BH,,,Rinky Hijikata,R,178.0,AUS,24.912,114.0,542.0,6-1 6-3 4-6 6-2,5,R64,151.0,15.0,4.0,99.0,70.0,56.0,16.0,0.0,4.0,5.0,5.0,5.0,109.0,87.0,55.0,8.0,0.0,5.0,11.0
2026-580,Australian Open,Hard,128,G,O,20260122,88,Q02L,,,Ethan Quinn,R,191.0,USA,21.864,80.0,733.0,HB71,,,Hubert Hurkacz,R,196.0,POL,28.945,55.0,965.0,6-4 7-6(5) 6-1,5,R64,136.0,12.0,2.0,108.0,72.0,56.0,21.0,0.0,8.0,8.0,9.0,1.0,95.0,62.0,40.0,18.0,0.0,4.0,7.0
2026-580,Australian Open,Hard,128,G,O,20260122,89,S0JA,,,Eliot Spizzirri,R,185.0,USA,24.082,85.0,725.0,WB32,,,Yibing Wu,R,183.0,CHN,26.275,168.0,347.0,6-2 6-4 6-7(4) 4-6 6-3,5,R64,225.0,8.0,4.0,170.0,121.0,83.0,26.0,0.0,11.0,14.0,11.0,6.0,164.0,111.0,77.0,22.0,0.0,9.0,15.0
2026-580,Australian Open,Hard,128,G,O,20260122,90,V812,,,Botic van de Zandschulp,R,191.0,NED,30.303,75.0,759.0,S0RE,,,Juncheng Shang,L,180.0,CHN,20.969,318.0,165.0,7-6(6) 6-2 6-3,5,R64,136.0,15.0,6.0,94.0,64.0,56.0,13.0,0.0,1.0,1.0,2.0,3.0,101.0,68.0,46.0,16.0,0.0,9.0,13.0
2026-580,Australian Open,Hard,128,G,O,20260122,91,C977,,,Marin Cilic,R,198.0,CRO,37.317,70.0,790.0,SU55,21,,Denis Shapovalov,L,185.0,CAN,26.773,23.0,1650.0,6-4 6-3 6-2,5,R64,130.0,5.0,5.0,91.0,54.0,43.0,17.0,0.0,4.0,6.0,3.0,7.0,82.0,47.0,29.0,12.0,0.0,6.0,12.0
2026-580,Australian Open,Hard,128,G,O,20260122,92,S0AG,2.0,,Jannik Sinner,R,191.0,ITA,24.435,2.0,11500.0,D994,,,James Duckworth,R,183.0,AUS,34.004,88.0,694.0,6-1 6-4 6-2,5,R64,109.0,18.0,2.0,77.0,53.0,45.0,13.0,0.0,3.0,3.0,9.0,4.0,79.0,50.0,35.0,8.0,0.0,9.0,14.0
2026-580,Australian Open,Hard,128,G,O,20260122,93,M0FH,,,Tomas Machac,R,183.0,CZE,25.276,24.0,1610.0,TE51,31,,Stefanos Tsitsipas,R,193.0,GRE,27.447,35.0,1455.0,6-4 3-6 7-6(5) 7-6(5),5,R64,187.0,6.0,6.0,139.0,97.0,67.0,28.0,0.0,7.0,10.0,24.0,8.0,135.0,83.0,65.0,26.0,0.0,0.0,3.0
2026-580,Australian Open,Hard,128,G,O,20260122,94,W367,,,Stan Wawrinka,R,183.0,SUI,40.821,139.0,437.0,G0IX,,,Arthur Gea,R,180.0,FRA,21.054,198.0,300.0,4-6 6-3 3-6 7-5 7-6(3),5,R64,274.0,11.0,3.0,177.0,139.0,92.0,23.0,0.0,10.0,14.0,13.0,7.0,170.0,121.0,83.0,23.0,0.0,9.0,13.0
2026-580,Australian Open,Hard,128,G,O,20260122,95,FB98,9.0,,Taylor Fritz,R,196.0,USA,28.241,9.0,3840.0,KI82,,,Vit Kopriva,R,178.0,CZE,28.611,101.0,626.0,6-1 6-4 7-6(4),5,R64,119.0,15.0,1.0,88.0,70.0,56.0,11.0,0.0,2.0,3.0,3.0,2.0,86.0,53.0,33.0,19.0,0.0,3.0,7.0
2026-580,Australian Open,Hard,128,G,O,20260122,96,RH16,12.0,,Casper Ruud,R,183.0,NOR,27.086,13.0,2795.0,MU94,,,Jaume Munar,R,183.0,ESP,28.717,39.0,1335.0,6-3 7-5 6-4,5,R64,144.0,5.0,3.0,97.0,56.0,45.0,24.0,0.0,2.0,2.0,5.0,4.0,89.0,42.0,29.0,29.0,0.0,7.0,10.0
2026-580,Australian Open,Hard,128,G,O,20260123,97,T0HA,25.0,,Learner Tien,L,180.0,USA,20.142,29.0,1540.0,BT72,,,Nuno Borges,R,185.0,POR,28.925,46.0,1070.0,7-6(9) 6-4 6-2,5,R32,127.0,8.0,5.0,101.0,72.0,52.0,15.0,0.0,4.0,6.0,8.0,2.0,96.0,80.0,51.0,7.0,0.0,3.0,8.0
2026-580,Australian Open,Hard,128,G,O,20260123,98,MM58,11.0,,Daniil Medvedev,R,198.0,RUS,29.949,12.0,2910.0,M0CI,,,Fabian Marozsan,R,193.0,HUN,26.294,47.0,1065.0,6-7(5) 4-6 7-5 6-0 6-3,5,R32,226.0,19.0,10.0,146.0,94.0,61.0,30.0,0.0,5.0,12.0,0.0,2.0,188.0,134.0,82.0,16.0,0.0,17.0,28.0
2026-580,Australian Open,Hard,128,G,O,20260123,99,PL56,19.0,,Tommy Paul,R,185.0,USA,28.687,20.0,2050.0,DH50,14,,Alejandro Davidovich Fokina,R,180.0,ESP,26.637,14.0,2635.0,6-1 6-1 RET,5,R32,55.0,3.0,0.0,32.0,21.0,19.0,9.0,0.0,0.0,0.0,3.0,4.0,51.0,31.0,15.0,8.0,0.0,3.0,8.0
2026-580,Australian Open,Hard,128,G,O,20260123,100,A0E2,1.0,,Carlos Alcaraz,R,183.0,ESP,22.721,1.0,12050.0,MW02,32,,Corentin Moutet,L,180.0,FRA,26.765,37.0,1383.0,6-2 6-4 6-1,5,R32,127.0,3.0,1.0,72.0,51.0,37.0,11.0,0.0,2.0,4.0,0.0,5.0,93.0,56.0,29.0,15.0,0.0,5.0,13.0
2026-580,Australian Open,Hard,128,G,O,20260123,101,Z355,3.0,,Alexander Zverev,R,198.0,GER,28.761,3.0,5105.0,N771,26,,Cameron Norrie,L,188.0,GBR,30.42,27.0,1553.0,7-5 4-6 6-3 6-1,5,R32,166.0,16.0,1.0,106.0,79.0,61.0,14.0,0.0,3.0,5.0,5.0,2.0,116.0,83.0,53.0,18.0,0.0,8.0,14.0
2026-580,Australian Open,Hard,128,G,O,20260123,102,DH58,6.0,,Alex de Minaur,R,183.0,AUS,26.932,6.0,4080.0,TD51,29,,Frances Tiafoe,R,188.0,USA,28.008,34.0,1500.0,6-3 6-4 7-5,5,R32,163.0,8.0,6.0,97.0,60.0,46.0,20.0,0.0,3.0,5.0,6.0,1.0,101.0,60.0,35.0,22.0,0.0,7.0,12.0
2026-580,Australian Open,Hard,128,G,O,20260123,103,C0AU,18.0,,Francisco Cerundolo,R,185.0,ARG,27.447,21.0,2035.0,RE44,13,,Andrey Rublev,R,188.0,RUS,28.26,15.0,2600.0,6-3 7-6(4) 6-3,5,R32,129.0,8.0,2.0,100.0,66.0,52.0,20.0,0.0,2.0,3.0,5.0,5.0,81.0,50.0,42.0,12.0,0.0,3.0,6.0
2026-580,Australian Open,Hard,128,G,O,20260123,104,BK92,10.0,,Alexander Bublik,R,196.0,KAZ,28.602,10.0,3065.0,EA24,,,Tomas Martin Etcheverry,R,196.0,ARG,26.519,62.0,895.0,7-6(4) 7-6(5) 6-4,5,R32,155.0,21.0,2.0,104.0,67.0,60.0,23.0,0.0,3.0,3.0,10.0,1.0,112.0,75.0,56.0,24.0,0.0,3.0,4.0
2026-580,Australian Open,Hard,128,G,O,20260124,105,D0FJ,22.0,,Luciano Darderi,R,183.0,ITA,23.943,25.0,1599.0,KE29,15,,Karen Khachanov,R,198.0,RUS,29.678,18.0,2320.0,7-6(5) 3-6 6-3 6-4,5,R32,206.0,17.0,4.0,126.0,78.0,59.0,27.0,0.0,2.0,4.0,14.0,4.0,139.0,91.0,64.0,26.0,0.0,5.0,8.0
2026-580,Australian Open,Hard,128,G,O,20260124,106,M0EJ,5.0,,Lorenzo Musetti,R,185.0,ITA,23.896,5.0,4105.0,M0FH,,,Tomas Machac,R,183.0,CZE,25.281,24.0,1610.0,5-7 6-4 6-2 5-7 6-2,5,R32,265.0,10.0,5.0,156.0,118.0,79.0,17.0,0.0,10.0,15.0,3.0,3.0,197.0,153.0,88.0,19.0,0.0,18.0,26.0
2026-580,Australian Open,Hard,128,G,O,20260124,107,S0AG,2.0,,Jannik Sinner,R,191.0,ITA,24.441,2.0,11500.0,S0JA,,,Eliot Spizzirri,R,185.0,USA,24.088,85.0,725.0,4-6 6-3 6-4 6-4,5,R32,222.0,17.0,4.0,131.0,88.0,56.0,19.0,13.0,10.0,16.0,6.0,3.0,108.0,70.0,46.0,17.0,11.0,3.0,11.0
2026-580,Australian Open,Hard,128,G,O,20260124,108,S0S1,8.0,,Ben Shelton,L,193.0,USA,23.294,7.0,4000.0,VA25,30,,Valentin Vacherot,R,193.0,MON,27.19,31.0,1519.0,6-4 6-4 7-6(5),5,R32,138.0,15.0,1.0,96.0,63.0,50.0,22.0,0.0,1.0,1.0,12.0,4.0,91.0,63.0,50.0,13.0,0.0,2.0,4.0
2026-580,Australian Open,Hard,128,G,O,20260124,109,FB98,9.0,,Taylor Fritz,R,196.0,USA,28.241,9.0,3840.0,W367,,,Stan Wawrinka,R,183.0,SUI,40.827,139.0,437.0,7-6(5) 2-6 6-4 6-4,5,R32,165.0,30.0,1.0,120.0,84.0,71.0,18.0,0.0,5.0,7.0,16.0,3.0,114.0,70.0,60.0,24.0,0.0,5.0,7.0
2026-580,Australian Open,Hard,128,G,O,20260124,110,D643,4.0,,Novak Djokovic,R,188.0,SRB,38.678,4.0,4780.0,V812,,,Botic van de Zandschulp,R,191.0,NED,30.308,75.0,759.0,6-3 6-4 7-6(4),5,R32,164.0,11.0,5.0,93.0,61.0,46.0,20.0,14.0,5.0,7.0,15.0,4.0,102.0,62.0,45.0,18.0,11.0,5.0,9.0
2026-580,Australian Open,Hard,128,G,O,20260124,111,M0NI,16.0,,Jakub Mensik,R,196.0,CZE,20.397,17.0,2345.0,Q02L,,,Ethan Quinn,R,191.0,USA,21.87,80.0,733.0,6-2 7-6(5) 7-6(5),5,R32,154.0,11.0,7.0,102.0,54.0,39.0,28.0,0.0,3.0,6.0,9.0,7.0,107.0,57.0,39.0,23.0,0.0,5.0,10.0
2026-580,Australian Open,Hard,128,G,O,20260124,112,RH16,12.0,,Casper Ruud,R,183.0,NOR,27.091,13.0,2795.0,C977,,,Marin Cilic,R,198.0,CRO,37.322,70.0,790.0,6-4 6-4 3-6 7-5,5,R32,185.0,25.0,4.0,123.0,87.0,68.0,15.0,0.0,8.0,10.0,18.0,6.0,123.0,65.0,51.0,31.0,0.0,3.0,7.0
2026-580,Australian Open,Hard,128,G,O,20260125,113,A0E2,1.0,,Carlos Alcaraz,R,183.0,ESP,22.727,1.0,12050.0,PL56,19,,Tommy Paul,R,185.0,USA,28.693,20.0,2050.0,7-6(6) 6-4 7-5,5,R16,158.0,2.0,0.0,89.0,63.0,50.0,19.0,15.0,1.0,2.0,7.0,5.0,106.0,60.0,50.0,23.0,14.0,7.0,9.0
2026-580,Australian Open,Hard,128,G,O,20260125,114,Z355,3.0,,Alexander Zverev,R,198.0,GER,28.767,3.0,5105.0,C0AU,18,,Francisco Cerundolo,R,185.0,ARG,27.452,21.0,2035.0,6-2 6-4 6-4,5,R16,134.0,7.0,2.0,75.0,60.0,48.0,8.0,0.0,1.0,2.0,0.0,0.0,94.0,60.0,39.0,15.0,0.0,3.0,8.0
2026-580,Australian Open,Hard,128,G,O,20260125,115,DH58,6.0,,Alex de Minaur,R,183.0,AUS,26.938,6.0,4080.0,BK92,10,,Alexander Bublik,R,196.0,KAZ,28.608,10.0,3065.0,6-4 6-1 6-1,5,R16,93.0,5.0,1.0,62.0,38.0,31.0,17.0,0.0,0.0,0.0,6.0,4.0,81.0,54.0,28.0,12.0,0.0,5.0,11.0
2026-580,Australian Open,Hard,128,G,O,20260125,116,T0HA,25.0,,Learner Tien,L,180.0,USA,20.148,29.0,1540.0,MM58,11,,Daniil Medvedev,R,198.0,RUS,29.955,12.0,2910.0,6-4 6-0 6-3,5,R16,100.0,5.0,1.0,68.0,45.0,32.0,15.0,0.0,0.0,1.0,6.0,6.0,86.0,59.0,34.0,7.0,0.0,3.0,10.0
2026-580,Australian Open,Hard,128,G,O,20260126,117,M0EJ,5.0,,Lorenzo Musetti,R,185.0,ITA,23.901,5.0,4105.0,FB98,9,,Taylor Fritz,R,196.0,USA,28.246,9.0,3840.0,6-2 7-5 6-4,5,R16,124.0,13.0,2.0,81.0,56.0,47.0,17.0,0.0,2.0,2.0,10.0,1.0,84.0,50.0,32.0,19.0,0.0,5.0,9.0
2026-580,Australian Open,Hard,128,G,O,20260126,118,S0AG,2.0,,Jannik Sinner,R,191.0,ITA,24.446,2.0,11500.0,D0FJ,22,,Luciano Darderi,R,183.0,ITA,23.948,25.0,1599.0,6-1 6-3 7-6(2),5,R16,131.0,19.0,0.0,86.0,63.0,51.0,14.0,0.0,6.0,6.0,11.0,5.0,97.0,56.0,41.0,16.0,0.0,4.0,8.0
2026-580,Australian Open,Hard,128,G,O,20260128,119,D643,4.0,,Novak Djokovic,R,188.0,SRB,38.689,4.0,4780.0,M0NI,16,,Jakub Mensik,R,196.0,CZE,20.397,17.0,2345.0,W/O,5,R16,,,,,,,,,,,,,,,,,,,
2026-580,Australian Open,Hard,128,G,O,20260126,120,S0S1,8.0,,Ben Shelton,L,193.0,USA,23.299,7.0,4000.0,RH16,12,,Casper Ruud,R,183.0,NOR,27.097,13.0,2795.0,3-6 6-4 6-3 6-4,5,R16,156.0,14.0,4.0,96.0,63.0,52.0,24.0,0.0,2.0,3.0,9.0,6.0,125.0,88.0,59.0,22.0,0.0,8.0,11.0
2026-580,Australian Open,Hard,128,G,O,20260127,121,Z355,3.0,,Alexander Zverev,R,198.0,GER,28.772,3.0,5105.0,T0HA,25,,Learner Tien,L,180.0,USA,20.153,29.0,1540.0,6-3 6-7(5) 6-1 7-6(3),5,QF,193.0,24.0,1.0,133.0,98.0,75.0,21.0,0.0,3.0,3.0,11.0,9.0,133.0,92.0,63.0,19.0,0.0,4.0,7.0
2026-580,Australian Open,Hard,128,G,O,20260127,122,A0E2,1.0,,Carlos Alcaraz,R,183.0,ESP,22.732,1.0,12050.0,DH58,6,,Alex de Minaur,R,183.0,AUS,26.943,6.0,4080.0,7-5 6-2 6-1,5,QF,138.0,1.0,0.0,93.0,51.0,30.0,16.0,6.0,9.0,16.0,5.0,3.0,83.0,48.0,37.0,19.0,12.0,5.0,7.0
2026-580,Australian Open,Hard,128,G,O,20260128,123,D643,4.0,,Novak Djokovic,R,188.0,SRB,38.689,4.0,4780.0,M0EJ,5,,Lorenzo Musetti,R,185.0,ITA,23.907,5.0,4105.0,4-6 3-6 3-1 RET,5,QF,128.0,4.0,1.0,83.0,53.0,31.0,12.0,6.0,6.0,11.0,4.0,2.0,60.0,40.0,24.0,12.0,8.0,3.0,6.0
2026-580,Australian Open,Hard,128,G,O,20260128,124,S0AG,2.0,,Jannik Sinner,R,191.0,ITA,24.452,2.0,11500.0,S0S1,8,,Ben Shelton,L,193.0,USA,23.305,7.0,4000.0,6-3 6-4 6-4,5,QF,145.0,5.0,2.0,91.0,55.0,42.0,23.0,0.0,4.0,4.0,8.0,3.0,102.0,78.0,51.0,10.0,0.0,9.0,12.0
2026-580,Australian Open,Hard,128,G,O,20260130,125,A0E2,1.0,,Carlos Alcaraz,R,183.0,ESP,22.741,1.0,12050.0,Z355,3,,Alexander Zverev,R,198.0,GER,28.78,3.0,5105.0,6-4 7-6(5) 6-7(3) 6-7(4) 7-5,5,SF,341.0,12.0,5.0,187.0,121.0,89.0,41.0,27.0,5.0,7.0,17.0,4.0,203.0,146.0,105.0,31.0,25.0,10.0,13.0
2026-580,Australian Open,Hard,128,G,O,20260130,126,D643,4.0,,Novak Djokovic,R,188.0,SRB,38.694,4.0,4780.0,S0AG,2,,Jannik Sinner,R,191.0,ITA,24.457,2.0,11500.0,3-6 6-3 4-6 6-4 6-4,5,SF,252.0,12.0,3.0,158.0,112.0,80.0,23.0,21.0,16.0,18.0,26.0,2.0,133.0,100.0,80.0,17.0,21.0,5.0,8.0
2026-580,Australian Open,Hard,128,G,O,20260201,127,A0E2,1.0,,Carlos Alcaraz,R,183.0,ESP,22.746,1.0,12050.0,D643,4,,Novak Djokovic,R,188.0,SRB,38.7,4.0,4780.0,2-6 6-2 6-3 7-5,5,F,185.0,9.0,2.0,101.0,67.0,52.0,20.0,16.0,4.0,6.0,4.0,2.0,122.0,85.0,57.0,20.0,14.0,12.0,16.0
2026-375,Montpellier,Hard,28,250,I,20260202,1,BD06,,,Roberto Bautista Agut,R,183.0,ESP,37.812,89.0,670.0,O483,,,Christopher O'Connell,R,183.0,AUS,31.677,119.0,511.0,5-7 6-3 7-5,3,R32,168.0,6.0,0.0,101.0,70.0,48.0,18.0,17.0,6.0,9.0,11.0,1.0,110.0,58.0,42.0,26.0,16.0,9.0,13.0
2026-375,Montpellier,Hard,28,250,I,20260202,2,G0IX,,,Arthur Gea,R,180.0,FRA,21.092,168.0,353.0,M0GZ,,,Giovanni Mpetshi Perricard,R,203.0,FRA,22.582,57.0,905.0,6-3 RET,3,R32,39.0,2.0,2.0,23.0,11.0,10.0,10.0,5.0,0.0,0.0,1.0,1.0,20.0,17.0,12.0,1.0,4.0,0.0,1.0
2026-375,Montpellier,Hard,28,250,I,20260202,3,ME82,,,Adrian Mannarino,L,180.0,FRA,37.604,70.0,810.0,MO44,,,Pedro Martinez,R,185.0,ESP,28.78,77.0,728.0,7-6(3) 6-1,3,R32,96.0,14.0,1.0,65.0,44.0,36.0,13.0,10.0,2.0,2.0,1.0,1.0,55.0,32.0,23.0,12.0,9.0,1.0,3.0
2026-375,Montpellier,Hard,28,250,I,20260203,4,HH26,5.0,,Ugo Humbert,L,188.0,FRA,27.614,38.0,1320.0,V812,,,Botic van de Zandschulp,R,191.0,NED,30.341,67.0,849.0,6-3 6-4,3,R32,72.0,9.0,1.0,58.0,42.0,32.0,11.0,10.0,3.0,3.0,9.0,1.0,47.0,29.0,25.0,8.0,9.0,1.0,3.0
2026-375,Montpellier,Hard,28,250,I,20260203,5,F0F1,6.0,,Arthur Fils,R,185.0,FRA,21.651,42.0,1110.0,R0EB,,,Valentin Royer,R,188.0,FRA,24.69,56.0,920.0,7-6(7) 6-7(4) 6-2,3,R32,152.0,14.0,5.0,108.0,66.0,55.0,21.0,16.0,0.0,1.0,14.0,2.0,101.0,68.0,50.0,20.0,16.0,5.0,8.0
2026-375,Montpellier,Hard,28,250,I,20260203,6,D0DT,,,Martin Damm,L,203.0,USA,22.35,160.0,373.0,HB71,7,,Hubert Hurkacz,R,196.0,POL,28.983,52.0,965.0,7-6(5) 6-4,3,R32,92.0,13.0,3.0,71.0,44.0,32.0,19.0,11.0,1.0,1.0,14.0,0.0,72.0,45.0,33.0,16.0,11.0,3.0,4.0
2026-375,Montpellier,Hard,28,250,I,20260203,7,BV16,,,Ugo Blanchet,R,175.0,FRA,27.086,174.0,343.0,VA08,,,Andrea Vavassori,R,193.0,ITA,30.757,282.0,185.0,6-4 6-3,3,R32,79.0,5.0,3.0,63.0,33.0,26.0,16.0,10.0,1.0,2.0,9.0,2.0,58.0,43.0,29.0,4.0,9.0,5.0,8.0
2026-375,Montpellier,Hard,28,250,I,20260203,8,CD85,,,Pablo Carreno Busta,R,188.0,ESP,34.571,100.0,616.0,KI95,,,Miomir Kecmanovic,R,183.0,SRB,26.434,69.0,820.0,4-6 6-3 7-6(4),3,R32,127.0,7.0,2.0,102.0,69.0,50.0,13.0,16.0,3.0,6.0,15.0,4.0,87.0,51.0,45.0,13.0,15.0,4.0,7.0
2026-375,Montpellier,Hard,28,250,I,20260203,9,D0DW,,,Titouan Droguet,R,191.0,FRA,24.643,150.0,403.0,CH12,,,Jan Choinski,R,196.0,GBR,29.656,125.0,498.0,6-2 7-6(2),3,R32,84.0,14.0,2.0,59.0,38.0,33.0,13.0,10.0,2.0,2.0,4.0,3.0,83.0,49.0,31.0,17.0,10.0,7.0,9.0
2026-375,Montpellier,Hard,28,250,I,20260204,10,G0IX,,,Arthur Gea,R,180.0,FRA,21.092,168.0,353.0,M0FH,3,,Tomas Machac,R,183.0,CZE,25.314,28.0,1610.0,6-3 4-5 RET,3,R16,75.0,6.0,1.0,46.0,26.0,24.0,12.0,9.0,0.0,0.0,4.0,1.0,61.0,32.0,24.0,15.0,9.0,4.0,5.0
2026-375,Montpellier,Hard,28,250,I,20260204,11,ME82,,,Adrian Mannarino,L,180.0,FRA,37.604,70.0,810.0,HH26,5,,Ugo Humbert,L,188.0,FRA,27.614,38.0,1320.0,6-7(4) 6-3 7-6(4),3,R16,167.0,7.0,2.0,115.0,75.0,63.0,21.0,17.0,9.0,9.0,23.0,3.0,111.0,73.0,61.0,17.0,16.0,8.0,9.0
2026-375,Montpellier,Hard,28,250,I,20260204,12,D0DT,,,Martin Damm,L,203.0,USA,22.35,160.0,373.0,BD06,,,Roberto Bautista Agut,R,183.0,ESP,37.812,89.0,670.0,6-1 6-3,3,R16,55.0,11.0,2.0,39.0,27.0,22.0,10.0,8.0,0.0,0.0,2.0,0.0,51.0,35.0,18.0,8.0,8.0,3.0,7.0
2026-375,Montpellier,Hard,28,250,I,20260204,13,K0AZ,8.0,,Aleksandar Kovacevic,R,183.0,USA,27.439,83.0,709.0,K0O4,,,Moise Kouame,R,191.0,FRA,16.92,552.0,70.0,6-7(5) 6-2 6-2,3,R32,114.0,13.0,2.0,91.0,50.0,41.0,23.0,14.0,1.0,1.0,10.0,4.0,77.0,47.0,36.0,15.0,14.0,4.0,8.0
2026-375,Montpellier,Hard,28,250,I,20260204,14,N0BG,,,Luca Nardi,R,185.0,ITA,22.502,106.0,571.0,BG23,,,Nikoloz Basilashvili,R,185.0,GEO,33.952,137.0,464.0,6-3 6-3,3,R32,63.0,3.0,0.0,46.0,28.0,22.0,15.0,9.0,1.0,1.0,5.0,3.0,57.0,28.0,21.0,11.0,9.0,6.0,9.0
2026-375,Montpellier,Hard,28,250,I,20260204,15,W367,,,Stan Wawrinka,R,183.0,SUI,40.86,113.0,537.0,M0JF,,,Hamad Medjedovic,R,188.0,SRB,22.554,80.0,717.0,7-6(3) 6-4,3,R32,98.0,5.0,4.0,76.0,29.0,24.0,26.0,11.0,4.0,5.0,10.0,0.0,65.0,37.0,26.0,17.0,11.0,4.0,6.0
2026-375,Montpellier,Hard,28,250,I,20260205,16,AG37,,,Felix Auger-Aliassime,R,193.0,CAN,25.495,8.0,3725.0,W367,,,Stan Wawrinka,R,183.0,SUI,40.86,113.0,537.0,6-4 7-6(3),3,R16,107.0,16.0,2.0,65.0,45.0,37.0,11.0,11.0,3.0,4.0,5.0,4.0,81.0,48.0,35.0,16.0,11.0,8.0,10.0
2026-375,Montpellier,Hard,28,250,I,20260205,17,N0BG,,,Luca Nardi,R,185.0,ITA,22.502,106.0,571.0,C0E9,,,Flavio Cobolli,R,183.0,ITA,23.754,20.0,1955.0,6-2 6-3,3,R16,74.0,7.0,1.0,46.0,27.0,21.0,13.0,8.0,2.0,2.0,3.0,1.0,58.0,29.0,14.0,16.0,9.0,5.0,9.0
2026-375,Montpellier,Hard,28,250,I,20260205,18,GJ37,4.0,,Tallon Griekspoor,R,188.0,NED,29.596,29.0,1565.0,CD85,,,Pablo Carreno Busta,R,188.0,ESP,34.571,100.0,616.0,6-4 6-4,3,R16,66.0,18.0,2.0,46.0,28.0,27.0,13.0,10.0,0.0,0.0,3.0,2.0,62.0,39.0,28.0,11.0,10.0,2.0,4.0
2026-375,Montpellier,Hard,28,250,I,20260205,19,D0DW,,,Titouan Droguet,R,191.0,FRA,24.643,150.0,403.0,K0AZ,8,,Aleksandar Kovacevic,R,183.0,USA,27.439,83.0,709.0,4-6 7-6(5) 6-4,3,R16,114.0,25.0,3.0,91.0,51.0,44.0,26.0,16.0,1.0,2.0,19.0,4.0,90.0,59.0,49.0,19.0,16.0,2.0,3.0
2026-375,Montpellier,Hard,28,250,I,20260205,24,F0F1,6.0,,Arthur Fils,R,185.0,FRA,21.656,42.0,1110.0,BV16,,,Ugo Blanchet,R,175.0,FRA,27.091,174.0,343.0,7-6(4) 7-5,3,R16,95.0,14.0,3.0,67.0,42.0,32.0,16.0,12.0,0.0,2.0,10.0,6.0,81.0,39.0,29.0,21.0,12.0,6.0,9.0
2026-375,Montpellier,Hard,28,250,I,20260207,20,D0DW,,,Titouan Droguet,R,191.0,FRA,24.649,150.0,403.0,GJ37,4,,Tallon Griekspoor,R,188.0,NED,29.602,29.0,1565.0,7-6(5) 7-6(1),3,QF,106.0,21.0,0.0,71.0,46.0,39.0,16.0,12.0,0.0,0.0,8.0,2.0,83.0,60.0,45.0,11.0,12.0,1.0,1.0
2026-375,Montpellier,Hard,28,250,I,20260207,21,AG37,,,Felix Auger-Aliassime,R,193.0,CAN,25.5,8.0,3725.0,F0F1,6,,Arthur Fils,R,185.0,FRA,21.656,42.0,1110.0,6-4 6-2,3,QF,68.0,12.0,0.0,40.0,27.0,25.0,11.0,9.0,0.0,0.0,2.0,1.0,55.0,33.0,18.0,14.0,9.0,2.0,5.0
2026-375,Montpellier,Hard,28,250,I,20260207,22,D0DT,,,Martin Damm,L,203.0,USA,22.35,160.0,373.0,N0BG,,,Luca Nardi,R,185.0,ITA,22.508,106.0,571.0,6-3 7-6(8),3,QF,84.0,16.0,0.0,61.0,39.0,36.0,17.0,11.0,1.0,1.0,5.0,2.0,67.0,44.0,34.0,12.0,10.0,3.0,4.0
2026-375,Montpellier,Hard,28,250,I,20260207,23,ME82,,,Adrian Mannarino,L,180.0,FRA,37.61,70.0,810.0,G0IX,,,Arthur Gea,R,180.0,FRA,21.098,168.0,353.0,5-7 6-4 6-4,3,QF,151.0,3.0,1.0,93.0,65.0,49.0,13.0,16.0,1.0,3.0,12.0,3.0,91.0,54.0,43.0,18.0,16.0,2.0,5.0
2026-375,Montpellier,Hard,28,250,I,20260208,25,AG37,,,Felix Auger-Aliassime,R,193.0,CAN,25.503,8.0,3725.0,D0DW,,,Titouan Droguet,R,191.0,FRA,24.652,150.0,403.0,6-4 6-7(5) 6-1,3,SF,147.0,20.0,0.0,92.0,72.0,58.0,12.0,15.0,3.0,3.0,14.0,3.0,121.0,77.0,54.0,20.0,14.0,7.0,10.0
2026-375,Montpellier,Hard,28,250,I,20260208,26,ME82,,,Adrian Mannarino,L,180.0,FRA,37.613,70.0,810.0,D0DT,,,Martin Damm,L,203.0,USA,22.35,160.0,373.0,1-6 6-3 6-4,3,SF,104.0,11.0,3.0,74.0,46.0,36.0,15.0,13.0,2.0,4.0,23.0,3.0,65.0,45.0,38.0,9.0,13.0,0.0,2.0
2026-375,Montpellier,Hard,28,250,I,20260208,27,AG37,,,Felix Auger-Aliassime,R,193.0,CAN,25.506,8.0,3725.0,ME82,,,Adrian Mannarino,L,180.0,FRA,37.615,70.0,810.0,6-3 7-6(4),3,F,95.0,13.0,1.0,58.0,45.0,39.0,7.0,10.0,0.0,0.0,4.0,1.0,63.0,38.0,28.0,13.0,11.0,1.0,3.0
2026-M-DC-2026-WG1-PO-CHN-POR-01,Davis Cup WG1 PO: CHN vs POR,Hard,4,D,O,20260206,1,R0GO,,,Henrique Rocha,R,180.0,POR,21.837,157.0,379.0,Y09V,,,Yunchaokete Bu,R,185.0,CHN,24.049,139.0,449.0,6-4 6-4,3,RR,86.0,1.0,1.0,57.0,40.0,31.0,12.0,10.0,0.0,0.0,8.0,1.0,58.0,48.0,34.0,3.0,10.0,2.0,4.0
2026-M-DC-2026-WG1-PO-CHN-POR-01,Davis Cup WG1 PO: CHN vs POR,Hard,4,D,O,20260206,2,WB32,,,Yibing Wu,R,183.0,CHN,26.316,144.0,427.0,BT72,,,Nuno Borges,R,185.0,POR,28.964,45.0,1070.0,6-1 7-6(3),3,RR,93.0,3.0,0.0,59.0,26.0,22.0,23.0,10.0,2.0,2.0,6.0,3.0,79.0,48.0,31.0,15.0,9.0,7.0,9.0
2026-M-DC-2026-WG1-PO-CHN-POR-01,Davis Cup WG1 PO: CHN vs POR,Hard,4,D,O,20260206,3,Z371,,,Zhizhen Zhang,R,193.0,CHN,29.331,367.0,130.0,BT72,,,Nuno Borges,R,185.0,POR,28.986,45.0,1070.0,7-5 6-4,3,RR,78.0,12.0,1.0,74.0,46.0,38.0,10.0,11.0,3.0,4.0,6.0,3.0,73.0,41.0,28.0,16.0,11.0,5.0,8.0
2026-M-DC-2026-QLS-M-NOR-GBR-01,Davis Cup QLS R1: NOR vs GBR,Hard,4,D,I,20260205,1,N771,,,Cameron Norrie,L,188.0,GBR,30.48,26.0,1643.0,B0U4,,,Nicolai Budkov Kjaer,R,191.0,NOR,19.455,133.0,476.0,6-4 6-4,3,RR,82.0,6.0,1.0,68.0,50.0,38.0,7.0,9.0,3.0,4.0,6.0,0.0,52.0,39.0,29.0,6.0,7.0,1.0,4.0
2026-M-DC-2026-QLS-M-NOR-GBR-01,Davis Cup QLS R1: NOR vs GBR,Hard,4,D,I,20260205,2,D0CO,,,Jack Draper,L,193.0,GBR,24.148,13.0,2790.0,DC76,,,Viktor Durasovic,R,185.0,NOR,28.909,313.0,164.0,6-2 6-2,3,RR,60.0,8.0,1.0,43.0,26.0,23.0,10.0,8.0,0.0,0.0,2.0,3.0,49.0,32.0,17.0,7.0,4.0,0.0,4.0
2026-M-DC-2026-QLS-M-NOR-GBR-01,Davis Cup QLS R1: NOR vs GBR,Hard,4,D,I,20260206,3,F0BY,,,Jacob Fearnley,R,183.0,GBR,24.586,90.0,668.0,B0U4,,,Nicolai Budkov Kjaer,R,191.0,NOR,19.455,133.0,476.0,3-6 6-3 [10-7],3,RR,83.0,7.0,1.0,60.0,38.0,28.0,11.0,6.0,3.0,5.0,7.0,4.0,56.0,38.0,30.0,7.0,6.0,1.0,3.0
2026-M-DC-2026-QLS-M-CAN-BRA-01,Davis Cup QLS R1: CAN vs BRA,Hard,4,D,I,20260206,1,H0DU,,,Gustavo Heide,R,191.0,BRA,23.962,253.0,215.0,D0F6,,,Gabriel Diallo,R,203.0,CAN,24.392,39.0,1175.0,7-6(4) 3-6 7-6(3),3,RR,162.0,9.0,2.0,88.0,69.0,55.0,13.0,16.0,0.0,0.0,10.0,3.0,113.0,63.0,50.0,29.0,15.0,2.0,4.0
2026-M-DC-2026-QLS-M-CAN-BRA-01,Davis Cup QLS R1: CAN vs BRA,Hard,4,D,I,20260206,2,D0DP,,,Liam Draxl,R,185.0,CAN,24.194,146.0,422.0,R0A7,,,Joao Lucas Reis Da Silva,R,178.0,BRA,25.889,207.0,291.0,6-3 6-3,3,RR,76.0,1.0,4.0,59.0,33.0,28.0,11.0,8.0,4.0,5.0,5.0,1.0,49.0,29.0,20.0,6.0,5.0,2.0,6.0
2026-M-DC-2026-QLS-M-CAN-BRA-01,Davis Cup QLS R1: CAN vs BRA,Hard,4,D,I,20260206,3,D0DP,,,Liam Draxl,R,185.0,CAN,24.194,146.0,422.0,H0DU,,,Gustavo Heide,R,191.0,BRA,23.962,253.0,215.0,6-3 6-4,3,RR,90.0,4.0,2.0,50.0,36.0,27.0,11.0,9.0,3.0,4.0,4.0,2.0,59.0,35.0,25.0,9.0,6.0,3.0,6.0
2026-M-DC-2026-QLS-M-CAN-BRA-01,Davis Cup QLS R1: CAN vs BRA,Hard,4,D,I,20260206,4,D0F6,,,Gabriel Diallo,R,203.0,CAN,24.392,39.0,1175.0,P0DF,,,Matheus Pucinelli de Almeida,R,183.0,BRA,24.877,292.0,180.0,3-6 6-1 7-6(4),3,RR,147.0,6.0,1.0,91.0,79.0,59.0,6.0,13.0,3.0,4.0,2.0,2.0,92.0,81.0,55.0,5.0,12.0,2.0,4.0
2026-M-DC-2026-QLS-M-CHI-SRB-01,Davis Cup QLS R1: CHI vs SRB,Clay,4,D,O,20260206,1,TE30,,,Alejandro Tabilo,L,188.0,CHI,28.704,73.0,774.0,M0UR,,,Ognjen Milic,L,180.0,SRB,18.652,462.0,95.0,6-7(3) 6-2 6-4,3,RR,132.0,7.0,1.0,94.0,63.0,51.0,15.0,14.0,6.0,7.0,9.0,5.0,89.0,46.0,34.0,22.0,11.0,1.0,5.0
2026-M-DC-2026-QLS-M-CHI-SRB-01,Davis Cup QLS R1: CHI vs SRB,Clay,4,D,O,20260206,2,BS86,,,Tomas Barrios Vera,R,191.0,CHI,28.183,112.0,546.0,L987,,,Dusan Lajovic,R,183.0,SRB,35.628,123.0,503.0,7-5 7-6(7),3,RR,127.0,2.0,4.0,82.0,53.0,36.0,18.0,10.0,1.0,3.0,2.0,0.0,71.0,41.0,31.0,15.0,9.0,3.0,6.0
2026-M-DC-2026-QLS-M-CHI-SRB-01,Davis Cup QLS R1: CHI vs SRB,Clay,4,D,O,20260206,3,S0EK,,,Matias Soto,R,170.0,CHI,26.804,323.0,157.0,D0HJ,,,Branko Djuric,R,188.0,SRB,21.01,489.0,87.0,6-7(2) 7-6(4) [10-7],3,RR,143.0,3.0,2.0,91.0,78.0,54.0,7.0,10.0,1.0,3.0,13.0,5.0,89.0,77.0,56.0,3.0,10.0,3.0,5.0
2026-M-DC-2026-WG1-PO-PAR-ROU-01,Davis Cup WG1 PO: PAR vs ROU,Clay,4,D,O,20260206,1,V0DP,,,Adolfo Daniel Vallejo,R,183.0,PAR,21.799,104.0,580.0,G0ME,,,Gabriel Ghetu,R,180.0,ROU,18.272,714.0,45.0,6-1 6-4,3,RR,81.0,3.0,3.0,59.0,49.0,32.0,3.0,9.0,5.0,8.0,2.0,1.0,41.0,32.0,11.0,4.0,8.0,2.0,8.0
2026-M-DC-2026-WG1-PO-PAR-ROU-01,Davis Cup WG1 PO: PAR vs ROU,Clay,4,D,O,20260206,2,T0JZ,,,Radu David Turcanu,L,,ROU,19.918,667.0,51.0,N0FT,,,Alex Santino Nunez Vera,,,PAR,18.504,112.0,546.0,6-1 3-6 7-6(2),3,RR,166.0,7.0,6.0,106.0,85.0,55.0,8.0,14.0,9.0,13.0,3.0,6.0,92.0,72.0,39.0,10.0,14.0,5.0,10.0
2026-M-DC-2026-WG1-PO-PAR-ROU-01,Davis Cup WG1 PO: PAR vs ROU,Clay,4,D,O,20260206,3,V0DP,,,Adolfo Daniel Vallejo,R,183.0,PAR,21.799,104.0,580.0,P0CY,,,Stefan Palosi,R,180.0,ROU,26.048,445.0,104.0,6-1 6-2,3,RR,85.0,4.0,3.0,59.0,43.0,29.0,4.0,7.0,9.0,11.0,1.0,4.0,54.0,36.0,14.0,5.0,8.0,6.0,13.0
2026-M-DC-2026-QLS-M-CRO-DEN-01,Davis Cup QLS R1: CRO vs DEN,Hard,4,D,I,20260206,1,M0K4,,,Elmer Moller,R,183.0,DEN,22.604,120.0,509.0,D0L3,,,Matej Dodig,R,188.0,CRO,20.575,235.0,244.0,6-4 7-6(3),3,RR,91.0,4.0,3.0,62.0,42.0,36.0,13.0,11.0,0.0,0.0,7.0,1.0,66.0,46.0,36.0,9.0,10.0,0.0,1.0
2026-M-DC-2026-QLS-M-CRO-DEN-01,Davis Cup QLS R1: CRO vs DEN,Hard,4,D,I,20260206,2,P0HW,,,Dino Prizmic,R,188.0,CRO,20.528,121.0,507.0,H09N,,,August Holmgren,R,188.0,DEN,27.817,199.0,303.0,5-7 6-0 6-2,3,RR,139.0,7.0,4.0,98.0,67.0,42.0,16.0,10.0,8.0,11.0,2.0,2.0,89.0,55.0,31.0,12.0,6.0,7.0,14.0
2026-M-DC-2026-QLS-M-CRO-DEN-01,Davis Cup QLS R1: CRO vs DEN,Hard,4,D,I,20260206,3,P0HW,,,Dino Prizmic,R,188.0,CRO,20.528,121.0,507.0,M0K4,,,Elmer Moller,R,183.0,DEN,22.604,120.0,509.0,7-6(5) 7-6(2),3,RR,114.0,6.0,1.0,68.0,49.0,36.0,15.0,10.0,0.0,2.0,2.0,8.0,85.0,55.0,38.0,15.0,10.0,8.0,10.0
2026-M-DC-2026-QLS-M-GER-PER-01,Davis Cup QLS R1: GER vs PER,Hard,4,D,I,20260206,1,H997,,,Yannick Hanfmann,R,193.0,GER,34.256,93.0,653.0,B0GR,,,Gonzalo Bueno,R,173.0,PER,21.867,217.0,265.0,6-4 6-4,3,RR,89.0,9.0,2.0,51.0,37.0,33.0,7.0,10.0,0.0,0.0,3.0,2.0,66.0,42.0,30.0,9.0,8.0,4.0,6.0
2026-M-DC-2026-QLS-M-GER-PER-01,Davis Cup QLS R1: GER vs PER,Hard,4,D,I,20260206,2,SL28,,,Jan-Lennard Struff,R,193.0,GER,35.808,84.0,706.0,V836,,,Juan Pablo Varillas,R,185.0,PER,30.36,284.0,184.0,6-4 6-2,3,RR,74.0,6.0,0.0,50.0,24.0,17.0,19.0,8.0,4.0,5.0,3.0,1.0,54.0,30.0,18.0,13.0,5.0,9.0,13.0
2026-M-DC-2026-QLS-M-GER-PER-01,Davis Cup QLS R1: GER vs PER,Hard,4,D,I,20260206,3,E0DD,,,Justin Engel,R,185.0,GER,18.374,196.0,309.0,B0GR,,,Gonzalo Bueno,R,173.0,PER,21.867,217.0,265.0,6-3 6-7(4) [10-6],3,RR,96.0,4.0,4.0,63.0,37.0,31.0,10.0,9.0,2.0,4.0,0.0,4.0,69.0,46.0,26.0,13.0,7.0,3.0,6.0
2026-M-DC-2026-WG1-PO-SLO-TUR-01,Davis Cup WG1 PO: SLO vs TUR,Clay,4,D,I,20260206,1,E0AA,,,Yanki Erel,L,178.0,TUR,25.388,436.0,107.0,A0I1,,,Bor Artnak,R,193.0,SLO,21.697,467.0,94.0,7-6(2) 6-1,3,RR,107.0,4.0,4.0,88.0,46.0,35.0,19.0,,5.0,7.0,1.0,8.0,64.0,35.0,22.0,10.0,,4.0,8.0
2026-M-DC-2026-WG1-PO-SLO-TUR-01,Davis Cup WG1 PO: SLO vs TUR,Clay,4,D,I,20260206,2,A09Q,,,Mert Alkaya,R,178.0,TUR,25.67,376.0,126.0,D0I0,,,Sebastian Dominko,L,203.0,SLO,22.76,1069.0,13.0,7-5 7-6(4),3,RR,107.0,4.0,2.0,88.0,48.0,36.0,25.0,12.0,7.0,8.0,7.0,1.0,76.0,52.0,36.0,15.0,12.0,2.0,4.0
2026-M-DC-2026-WG1-PO-SLO-TUR-01,Davis Cup WG1 PO: SLO vs TUR,Clay,4,D,I,20260206,3,P0FV,,,Filip Jeff Planinsek,R,188.0,SVN,24.63,578.0,65.0,K0P9,,,Kaan Isik Kosaner,,,TUR,16.682,,,6-7(4) 6-1 [10-4],3,RR,136.0,8.0,1.0,56.0,48.0,32.0,4.0,9.0,1.0,3.0,2.0,4.0,77.0,73.0,39.0,1.0,10.0,11.0,16.0
2026-M-DC-2026-WG1-PO-SUI-TUN-01,Davis Cup WG1 PO: SUI vs TUN,Hard,4,D,I,20260206,1,R0FS,,,Leandro Riedi,R,191.0,SUI,24.049,171.0,348.0,T0JO,,,Alaa Trifi,,,TUN,19.082,1171.0,10.0,6-1 6-0,3,RR,56.0,1.0,1.0,47.0,30.0,22.0,11.0,7.0,2.0,2.0,0.0,4.0,49.0,28.0,14.0,8.0,6.0,10.0,15.0
2026-M-DC-2026-WG1-PO-SUI-TUN-01,Davis Cup WG1 PO: SUI vs TUN,Hard,4,D,I,20260206,2,EA13,,,Jerome Kym,R,178.0,TUN,33.095,142.0,434.0,K0EP,,,Moez Echargui,R,198.0,SUI,23.006,192.0,315.0,7-6(2) 6-4,3,RR,111.0,10.0,0.0,70.0,48.0,41.0,10.0,11.0,3.0,3.0,4.0,5.0,79.0,46.0,36.0,13.0,1.0,,
2026-M-DC-2026-WG1-PO-SUI-TUN-01,Davis Cup WG1 PO: SUI vs TUN,Hard,4,D,I,20260206,3,B0LW,,,Mika Brunold,R,191.0,SUI,21.369,453.0,98.0,O09A,,,Aziz Ouakaa,R,185.0,TUN,26.524,621.0,58.0,6-2 6-2,3,RR,52.0,3.0,2.0,52.0,41.0,28.0,7.0,8.0,2.0,3.0,0.0,2.0,46.0,27.0,12.0,9.0,8.0,2.0,7.0
2026-M-DC-2026-WG1-PO-ISR-LTU-01,Davis Cup WG1 PO: ISR vs LTU,Hard,4,D,O,20260206,1,G0FW,,,Vilius Gaubas,R,178.0,LTU,21.128,126.0,495.0,S0V8,,,Ofek Shimanov,R,178.0,ISR,20.619,1210.0,8.0,6-0 6-4,3,RR,70.0,1.0,1.0,42.0,22.0,17.0,11.0,8.0,0.0,1.0,0.0,1.0,56.0,30.0,19.0,7.0,8.0,3.0,8.0
2026-M-DC-2026-WG1-PO-ISR-LTU-01,Davis Cup WG1 PO: ISR vs LTU,Hard,4,D,O,20260206,2,B0MM,,,Edas Butvilas,R,191.0,LTU,21.563,248.0,223.0,V0G2,,,Amit Vales,R,173.0,ISR,20.693,876.0,26.0,7-6(3) 6-0,3,RR,84.0,1.0,0.0,50.0,39.0,30.0,6.0,9.0,1.0,2.0,1.0,1.0,73.0,53.0,29.0,7.0,9.0,3.0,7.0
2026-M-DC-2026-WG1-PO-ISR-LTU-01,Davis Cup WG1 PO: ISR vs LTU,Hard,4,D,O,20260206,3,G0FW,,,Vilius Gaubas,R,178.0,LTU,21.128,126.0,495.0,V0G2,,,Amit Vales,R,173.0,ISR,20.693,876.0,26.0,6-1 3-6 6-2,3,RR,131.0,5.0,1.0,84.0,57.0,38.0,12.0,12.0,5.0,8.0,2.0,4.0,75.0,40.0,27.0,10.0,12.0,5.0,11.0
2026-M-DC-2026-WG1-PO-KAZ-MON-01,Davis Cup WG1 PO: KAZ vs MON,Hard,4,D,O,20260206,1,BK92,,,Alexander Bublik,R,196.0,KAZ,28.663,10.0,3235.0,N670,,,Hugo Nys,R,183.0,MON,34.995,,,6-0 6-3,3,RR,61.0,5.0,1.0,41.0,24.0,20.0,9.0,7.0,0.0,0.0,3.0,3.0,56.0,31.0,16.0,11.0,8.0,7.0,12.0
2026-M-DC-2026-WG1-PO-KAZ-MON-01,Davis Cup WG1 PO: KAZ vs MON,Hard,4,D,O,20260206,2,VA25,,,Valentin Vacherot,R,193.0,MON,27.247,27.0,1611.0,BK92,,,Alexander Shevchenko,R,196.0,KAZ,28.663,10.0,3235.0,6-0 6-3,3,RR,61.0,5.0,5.0,54.0,32.0,26.0,11.0,8.0,6.0,7.0,1.0,1.0,44.0,28.0,14.0,4.0,7.0,0.0,5.0
2026-M-DC-2026-WG1-PO-KAZ-MON-01,Davis Cup WG1 PO: KAZ vs MON,Hard,4,D,O,20260206,3,VA25,,,Valentin Vacherot,R,193.0,MON,27.247,27.0,1611.0,BK92,,,Alexander Bublik,R,196.0,KAZ,28.663,10.0,3235.0,7-6(4) 7-6(7),3,RR,114.0,9.0,3.0,85.0,51.0,40.0,22.0,12.0,4.0,5.0,13.0,7.0,95.0,57.0,45.0,19.0,12.0,5.0,6.0
2026-M-DC-2026-QLS-M-JPN-AUT-01,Davis Cup QLS R1: JPN vs AUT,Hard,4,D,O,20260206,1,R09X,,,Jurij Rodionov,L,191.0,AUT,26.752,170.0,350.0,M0HU,,,Shintaro Mochizuki,R,175.0,JPN,22.705,108.0,551.0,6-4 7-5,3,RR,108.0,7.0,4.0,77.0,38.0,29.0,18.0,9.0,7.0,9.0,3.0,7.0,81.0,25.0,19.0,26.0,7.0,7.0,11.0
2026-M-DC-2026-QLS-M-JPN-AUT-01,Davis Cup QLS R1: JPN vs AUT,Hard,4,D,O,20260206,2,WB08,,,Yosuke Watanuki,R,180.0,JPN,27.844,166.0,356.0,O513,,,Sebastian Ofner,R,191.0,AUT,29.76,135.0,471.0,6-3 6-4,3,RR,73.0,5.0,2.0,51.0,32.0,26.0,12.0,9.0,0.0,1.0,5.0,1.0,62.0,34.0,25.0,10.0,6.0,5.0,8.0
2026-M-DC-2026-QLS-M-JPN-AUT-01,Davis Cup QLS R1: JPN vs AUT,Hard,4,D,O,20260206,3,N0CS,,,Lukas Neumayer,R,183.0,AUT,23.441,223.0,255.0,M0HU,,,Shintaro Mochizuki,R,175.0,JPN,22.705,108.0,551.0,6-3 6-3,3,RR,75.0,3.0,1.0,49.0,30.0,26.0,12.0,9.0,2.0,2.0,3.0,3.0,60.0,41.0,25.0,9.0,6.0,7.0,10.0
2026-M-DC-2026-QLS-M-JPN-AUT-01,Davis Cup QLS R1: JPN vs AUT,Hard,4,D,O,20260206,4,R09X,,,Jurij Rodionov,L,191.0,AUT,26.752,170.0,350.0,N732,,,Yoshihito Nishioka,L,170.0,JPN,30.385,131.0,486.0,5-7 6-1 6-0,3,RR,124.0,10.0,2.0,77.0,42.0,32.0,19.0,11.0,2.0,4.0,0.0,2.0,77.0,43.0,26.0,12.0,6.0,5.0,11.0
2026-M-DC-2026-QLS-M-ECU-AUS-01,Davis Cup QLS R1: ECU vs AUS,Clay,4,D,O,20260206,1,AG08,,,Andres Andrade,R,180.0,ECU,27.17,257.0,211.0,D994,,,James Duckworth,R,183.0,AUS,34.067,86.0,694.0,3-6 6-3 7-5,3,RR,126.0,14.0,6.0,85.0,43.0,36.0,22.0,13.0,6.0,8.0,5.0,1.0,86.0,49.0,36.0,21.0,12.0,2.0,5.0
2026-M-DC-2026-QLS-M-ECU-AUS-01,Davis Cup QLS R1: ECU vs AUS,Clay,4,D,O,20260206,2,G0DH,,,Alvaro Guillen Meza,R,175.0,ECU,23.118,201.0,298.0,H0BH,,,Rinky Hijikata,R,178.0,AUS,24.975,103.0,584.0,6-4 1-6 6-4,3,RR,119.0,7.0,8.0,85.0,46.0,35.0,15.0,10.0,6.0,9.0,3.0,1.0,97.0,57.0,37.0,21.0,11.0,9.0,12.0
2026-M-DC-2026-QLS-M-ECU-AUS-01,Davis Cup QLS R1: ECU vs AUS,Clay,4,D,O,20260206,3,KB95,,,Jason Kubler,R,178.0,AUS,32.742,179.0,339.0,C0S3,,,Emilio Camacho,,,ECU,16.772,,,6-4 6-2,3,,70.0,3.0,3.0,51.0,36.0,30.0,6.0,8.0,1.0,2.0,0.0,2.0,52.0,32.0,21.0,7.0,5.0,5.0,9.0
2026-M-DC-2026-WG1-PO-GRE-MEX-01,Davis Cup WG1 PO: GRE vs MEX,Hard,4,D,O,20260206,1,P0J1,,,Rodrigo Pacheco Mendez,L,191.0,MEX,20.808,222.0,256.0,S0KT,,,Stefanos Sakellaridis,R,198.0,GRE,21.421,275.0,193.0,6-2 4-6 6-3,3,RR,136.0,5.0,5.0,85.0,44.0,30.0,22.0,,5.0,8.0,5.0,6.0,86.0,41.0,23.0,23.0,,9.0,15.0
2026-M-DC-2026-WG1-PO-GRE-MEX-01,Davis Cup WG1 PO: GRE vs MEX,Hard,4,D,O,20260206,2,TE51,,,Stefanos Tsitsipas,R,193.0,GRE,27.51,33.0,1495.0,M0HD,,,Alan Magadan,R,183.0,MEX,24.723,818.0,32.0,6-3 7-6(1),3,RR,90.0,11.0,3.0,70.0,37.0,32.0,18.0,11.0,3.0,4.0,4.0,3.0,62.0,34.0,26.0,14.0,10.0,4.0,6.0
2026-M-DC-2026-WG1-PO-GRE-MEX-01,Davis Cup WG1 PO: GRE vs MEX,Hard,4,D,O,20260206,3,TE51,,,Stefanos Tsitsipas,R,193.0,GRE,27.51,33.0,1495.0,P0J1,,,Rodrigo Pacheco Mendez,L,191.0,MEX,20.808,222.0,256.0,6-1 7-5,3,RR,73.0,3.0,2.0,52.0,27.0,25.0,14.0,10.0,0.0,1.0,2.0,2.0,66.0,46.0,27.0,7.0,9.0,4.0,8.0
2026-M-DC-2026-QLS-M-HUN-USA-01,Davis Cup QLS R1: HUN vs USA,Clay,4,D,I,20260206,1,Q02L,,,Ethan Quinn,R,191.0,USA,21.927,68.0,820.0,M0CI,,,Fabian Marozsan,R,193.0,HUN,26.355,46.0,1065.0,3-6 6-3 7-6(11),3,RR,145.0,8.0,0.0,111.0,73.0,51.0,26.0,14.0,10.0,11.0,5.0,0.0,104.0,75.0,53.0,18.0,14.0,3.0,4.0
2026-M-DC-2026-QLS-M-HUN-USA-01,Davis Cup QLS R1: HUN vs USA,Clay,4,D,I,20260206,2,PL56,,,Tommy Paul,R,185.0,USA,28.747,22.0,1850.0,P09O,,,Zsombor Piros,R,180.0,HUN,26.341,176.0,341.0,7-6(3) 6-3,3,RR,113.0,2.0,3.0,76.0,40.0,25.0,18.0,7.0,2.0,5.0,7.0,1.0,70.0,42.0,34.0,16.0,9.0,4.0,6.0
2026-M-DC-2026-QLS-M-HUN-USA-01,Davis Cup QLS R1: HUN vs USA,Clay,4,D,I,20260206,3,N0AM,,,Emilio Nava,R,185.0,USA,24.203,82.0,710.0,F09U,,,Matyas Fuele,R,180.0,HUN,27.151,781.0,35.0,6-2 6-3,3,RR,68.0,6.0,0.0,50.0,33.0,28.0,8.0,8.0,4.0,5.0,0.0,3.0,58.0,38.0,20.0,9.0,4.0,7.0,11.0
2026-M-DC-2026-QLS-M-BUL-BEL-01,Davis Cup QLS R1: BUL vs BEL,Clay,4,D,I,20260206,1,B0PG,,,Alexander Blockx,R,193.0,BEL,20.854,105.0,579.0,R0IL,,,Iliyan Radulov,R,187.0,BUL,20.679,663.0,51.0,6-7(3) 6-3 6-3,3,RR,126.0,10.0,1.0,69.0,51.0,46.0,11.0,12.0,3.0,5.0,0.0,4.0,91.0,64.0,42.0,13.0,9.0,2.0,8.0
2026-M-DC-2026-QLS-M-BUL-BEL-01,Davis Cup QLS R1: BUL vs BEL,Clay,4,D,I,20260206,2,C0JP,,,Raphael Collignon,R,191.0,BEL,24.088,72.0,777.0,V0GR,,,Alexander Vasilev,L,185.0,BUL,18.757,1025.0,15.0,6-3 6-3,3,RR,96.0,5.0,7.0,58.0,36.0,25.0,14.0,8.0,5.0,6.0,2.0,11.0,71.0,38.0,25.0,10.0,5.0,10.0,14.0
2026-M-DC-2026-QLS-M-BUL-BEL-01,Davis Cup QLS R1: BUL vs BEL,Clay,4,D,I,20260206,3,C0JP,,,Raphael Collignon,R,191.0,BEL,24.088,72.0,777.0,I0BF,,,Ivan Ivanov,R,,BUL,17.292,780.0,35.0,6-2 6-2,3,RR,70.0,3.0,3.0,45.0,25.0,24.0,10.0,8.0,2.0,2.0,0.0,3.0,40.0,27.0,14.0,7.0,4.0,2.0,6.0
2026-M-DC-2026-WG1-PO-LUX-UKR-01,Davis Cup WG1 PO: LUX vs UKR,Hard,4,D,I,20260206,1,KJ00,,,Alex Knaff,R,193.0,LUX,28.219,,,O659,,,Vladyslav Orlov,R,188.0,UKR,30.749,499.0,84.0,7-6(2) 6-2,3,RR,93.0,3.0,0.0,51.0,31.0,26.0,16.0,10.0,0.0,1.0,4.0,7.0,76.0,42.0,29.0,14.0,10.0,3.0,6.0
2026-M-DC-2026-WG1-PO-LUX-UKR-01,Davis Cup WG1 PO: LUX vs UKR,Hard,4,D,I,20260206,2,R0E0,,,Chris Rodesch,R,198.0,LUX,24.578,138.0,456.0,K0DP,,,Oleksii Krutykh,R,185.0,UKR,25.933,569.0,67.0,6-3 6-1,3,RR,68.0,11.0,1.0,46.0,30.0,23.0,11.0,,2.0,2.0,0.0,2.0,56.0,37.0,20.0,8.0,,8.0,12.0
2026-M-DC-2026-WG1-PO-LUX-UKR-01,Davis Cup WG1 PO: LUX vs UKR,Hard,4,D,I,20260206,3,O0BE,,,Oleksandr Ovcharenko,R,185.0,UKR,24.329,498.0,84.0,CN80,,,Raphael Calzi,R,180.0,LUX,28.583,,,6-4 6-4,3,RR,77.0,4.0,8.0,63.0,36.0,31.0,9.0,10.0,2.0,3.0,8.0,2.0,57.0,32.0,23.0,12.0,10.0,6.0,9.0
2026-M-DC-2026-QLS-M-CZE-SWE-01,Davis Cup QLS R1: CZE vs SWE,Hard,4,D,I,20260206,1,S0GD,,,Dalibor Svrcina,R,178.0,CZE,23.37,96.0,643.0,W0BU,,,Olle Wallin,R,191.0,SWE,24.315,408.0,116.0,6-1 6-3,3,RR,73.0,4.0,3.0,52.0,34.0,24.0,12.0,7.0,4.0,5.0,5.0,5.0,53.0,27.0,19.0,4.0,3.0,6.0,11.0
2026-M-DC-2026-QLS-M-CZE-SWE-01,Davis Cup QLS R1: CZE vs SWE,Hard,4,D,I,20260206,2,L0BV,,,Jiri Lehecka,R,185.0,CZE,24.268,21.0,1900.0,MW54,,,Dragos Nicolae Madaras,L,191.0,SWE,28.424,576.0,65.0,6-3 6-4,3,RR,85.0,7.0,3.0,55.0,32.0,29.0,6.0,10.0,0.0,0.0,2.0,1.0,50.0,26.0,17.0,9.0,7.0,0.0,2.0
2026-M-DC-2026-QLS-M-CZE-SWE-01,Davis Cup QLS R1: CZE vs SWE,Hard,4,D,I,20260206,3,W0BU,,,Olle Wallin,R,191.0,SWE,24.315,408.0,116.0,M0SE,,,Maxim Mrva,R,178.0,CZE,18.538,324.0,156.0,6-4 7-6(1),3,RR,83.0,3.0,4.0,73.0,40.0,29.0,16.0,8.0,4.0,7.0,11.0,4.0,73.0,41.0,26.0,15.0,7.0,3.0,7.0
2026-M-DC-2026-QLS-M-IND-NED-01,Davis Cup QLS R1: IND vs NED,Hard,4,D,I,20260206,1,S0DE,,,Dhakshineswar Suresh,R,196.0,IND,25.881,465.0,94.0,D0C1,,,Jesper de Jong,R,180.0,NED,25.708,88.0,673.0,6-4 7-5,3,RR,88.0,9.0,3.0,62.0,34.0,28.0,18.0,11.0,1.0,1.0,7.0,5.0,62.0,36.0,30.0,12.0,9.0,5.0,7.0
2026-M-DC-2026-QLS-M-IND-NED-01,Davis Cup QLS R1: IND vs NED,Hard,4,D,I,20260206,2,D0H9,,,Guy Den Ouden,R,183.0,NED,23.855,162.0,371.0,N897,,,Sumit Nagal,R,178.0,IND,28.498,281.0,186.0,6-0 4-6 6-3,3,RR,147.0,2.0,4.0,89.0,52.0,35.0,23.0,11.0,7.0,9.0,1.0,2.0,87.0,56.0,35.0,13.0,7.0,6.0,11.0
2026-M-DC-2026-QLS-M-IND-NED-01,Davis Cup QLS R1: IND vs NED,Hard,4,D,I,20260206,3,S0DE,,,Dhakshineswar Suresh,R,196.0,IND,25.881,465.0,94.0,D0H9,,,Guy Den Ouden,R,183.0,NED,23.855,162.0,371.0,6-4 7-6(4),3,RR,99.0,15.0,1.0,70.0,48.0,41.0,11.0,11.0,0.0,0.0,5.0,3.0,75.0,51.0,41.0,9.0,10.0,3.0,4.0
2026-M-DC-2026-QLS-M-IND-NED-01,Davis Cup QLS R1: IND vs NED,Hard,4,D,I,20260206,4,D0C1,,,Jesper de Jong,R,180.0,NED,25.708,88.0,673.0,N897,,,Sumit Nagal,R,178.0,IND,28.498,281.0,186.0,5-7 6-1 6-4,3,RR,172.0,10.0,5.0,89.0,46.0,36.0,19.0,11.0,6.0,10.0,1.0,4.0,98.0,64.0,40.0,13.0,8.0,9.0,15.0
2026-M-DC-2026-QLS-M-FRA-SVK-01,Davis Cup QLS R1: FRA vs SVK,Hard,4,D,I,20260206,1,MV14,,,Alex Molcan,L,178.0,SVK,28.205,200.0,302.0,MP20,,,Alexandre Muller,R,183.0,FRA,29.035,49.0,1020.0,6-4 6-4,3,RR,46.0,4.0,0.0,57.0,43.0,31.0,12.0,8.0,2.0,3.0,5.0,1.0,50.0,35.0,23.0,10.0,7.0,0.0,3.0
2026-M-DC-2026-QLS-M-FRA-SVK-01,Davis Cup QLS R1: FRA vs SVK,Hard,4,D,I,20260206,3,RC91,,,Arthur Rinderknech,R,196.0,FRA,30.565,31.0,1542.0,GB93,,,Norbert Gombos,R,193.0,SVK,35.507,300.0,175.0,7-6(1) 7-6(6),3,RR,133.0,6.0,1.0,79.0,54.0,42.0,14.0,10.0,1.0,3.0,2.0,0.0,91.0,58.0,40.0,16.0,10.0,2.0,4.0
2026-M-DC-2026-QLS-M-FRA-SVK-01,Davis Cup QLS R1: FRA vs SVK,Hard,4,D,I,20260206,2,RC91,,,Arthur Rinderknech,R,196.0,FRA,30.565,31.0,1542.0,MV14,,,Alex Molcan,L,178.0,SVK,28.205,200.0,302.0,7-5 7-6(6),3,RR,118.0,16.0,1.0,79.0,62.0,49.0,8.0,11.0,5.0,6.0,5.0,1.0,80.0,64.0,45.0,8.0,10.0,0.0,2.0
2026-M-DC-2026-WG1-PO-MAR-COL-01,Davis Cup WG1 PO: MAR vs COL,Clay,4,D,O,20260206,1,M0AW,,,Nicolas Mejia,R,183.0,COL,26.01,177.0,341.0,B0D6,,,Taha Baadi,R,183.0,MAR,24.575,582.0,65.0,6-3 6-2,3,RR,78.0,1.0,0.0,54.0,36.0,26.0,13.0,9.0,0.0,0.0,0.0,2.0,42.0,22.0,14.0,10.0,8.0,0.0,3.0
2026-M-DC-2026-WG1-PO-MAR-COL-01,Davis Cup WG1 PO: MAR vs COL,Clay,4,D,O,20260206,2,B0PU,,,Reda Bennani,R,178.0,MAR,18.996,556.0,69.0,S0BT,,,Adria Soriano Barrera,R,191.0,COL,26.705,390.0,120.0,7-6(4) 7-5,3,RR,151.0,3.0,1.0,77.0,64.0,48.0,7.0,12.0,2.0,3.0,2.0,4.0,71.0,45.0,34.0,15.0,12.0,2.0,4.0
2026-M-DC-2026-WG1-PO-MAR-COL-01,Davis Cup WG1 PO: MAR vs COL,Clay,4,D,O,20260206,3,M0AW,,,Nicolas Mejia,R,183.0,COL,26.01,177.0,341.0,B0PU,,,Reda Bennani,R,178.0,MAR,18.996,556.0,69.0,6-1 4-6 6-2,3,RR,155.0,4.0,0.0,83.0,55.0,39.0,18.0,,6.0,8.0,2.0,2.0,96.0,71.0,41.0,10.0,,11.0,16.0
2026-M-DC-2026-WG1-PO-EGY-POL-01,Davis Cup WG1 PO: EGY vs POL,Clay,4,D,O,20260206,1,K0HC,,,Maks Kasnikowski,R,180.0,POL,22.612,416.0,113.0,B0LV,,,Michael Bassem Sobhy,R,,EGY,21.774,690.0,48.0,6-1 7-6(7),3,RR,92.0,2.0,0.0,63.0,47.0,33.0,9.0,10.0,3.0,5.0,2.0,2.0,55.0,32.0,21.0,9.0,9.0,0.0,4.0
2026-M-DC-2026-WG1-PO-EGY-POL-01,Davis Cup WG1 PO: EGY vs POL,Clay,4,D,O,20260206,2,F0HN,,,Karol Filar,R,188.0,POL,27.46,624.0,57.0,Z0BL,,,Faris Zakaria,R,183.0,EGY,24.761,,,6-2 6-0,3,RR,69.0,1.0,4.0,45.0,28.0,18.0,8.0,7.0,1.0,3.0,1.0,7.0,44.0,22.0,8.0,5.0,7.0,3.0,10.0
2026-M-DC-2026-WG1-PO-EGY-POL-01,Davis Cup WG1 PO: EGY vs POL,Clay,4,D,O,20260206,3,P0FU,,,Filip Pieczonka,L,196.0,POL,21.851,1066.0,13.0,I0B3,,,Karim Ibrahim,R,188.0,EGY,22.525,1045.0,15.0,7-5 6-2,3,RR,67.0,3.0,4.0,51.0,40.0,34.0,8.0,10.0,3.0,4.0,0.0,3.0,57.0,27.0,13.0,20.0,10.0,5.0,9.0
2026-M-DC-2026-WG1-PO-FIN-HKG-01,Davis Cup WG1 PO: FIN vs HKG,Hard,4,D,O,20260206,1,W0BH,,,Coleman Wong,R,191.0,HKG,21.692,136.0,466.0,V993,,,Eero Vasa,R,185.0,FIN,29.035,476.0,91.0,6-4 6-2,3,RR,59.0,7.0,2.0,48.0,27.0,25.0,13.0,,3.0,3.0,4.0,5.0,51.0,27.0,19.0,12.0,,2.0,5.0
2026-M-DC-2026-WG1-PO-FIN-HKG-01,Davis Cup WG1 PO: FIN vs HKG,Hard,4,D,O,20260206,2,V0AM,,,Otto Virtanen,R,193.0,FIN,24.652,116.0,513.0,C0RT,,,Siu Chi Nicholas Cheng,,,HKG,17.879,262.0,205.0,6-0 6-1,3,RR,42.0,9.0,0.0,33.0,18.0,15.0,10.0,6.0,0.0,0.0,0.0,4.0,37.0,21.0,9.0,3.0,7.0,3.0,9.0
2026-M-DC-2026-WG1-PO-FIN-HKG-01,Davis Cup WG1 PO: FIN vs HKG,Hard,4,D,O,20260206,3,V0AM,,,Otto Virtanen,R,193.0,FIN,24.652,116.0,513.0,W0BH,,,Coleman Wong,R,191.0,HKG,21.692,136.0,466.0,7-5 6-2,3,RR,78.0,11.0,3.0,67.0,40.0,31.0,14.0,,4.0,5.0,9.0,4.0,68.0,41.0,23.0,11.0,,6.0,10.0
2026-M-DC-2026-QLS-M-KOR-ARG-01,Davis Cup QLS R1: KOR vs ARG,Hard,4,D,I,20260206,1,KF17,,,Soonwoo Kwon,R,180.0,KOR,28.203,343.0,142.0,TA29,,,Marco Trungelliti,R,178.0,ARG,36.038,134.0,472.0,7-6(6) 6-2,3,RR,94.0,8.0,1.0,72.0,49.0,39.0,8.0,9.0,2.0,3.0,6.0,3.0,61.0,38.0,26.0,10.0,7.0,0.0,3.0
2026-M-DC-2026-QLS-M-KOR-ARG-01,Davis Cup QLS R1: KOR vs ARG,Hard,4,D,I,20260206,2,T0A1,,,Thiago Agustin Tirante,R,185.0,ARG,24.849,95.0,647.0,CH27,,,Hyeon Chung,R,188.0,KOR,29.741,392.0,120.0,2-6 7-5 7-6(5),3,RR,172.0,12.0,5.0,0.0,94.0,59.0,40.0,22.0,12.0,3.0,7.0,124.0,79.0,59.0,18.0,13.0,4.0,7.0,7.0
2026-M-DC-2026-QLS-M-KOR-ARG-01,Davis Cup QLS R1: KOR vs ARG,Hard,4,D,I,20260206,3,KF17,,,Soonwoo Kwon,R,180.0,KOR,28.203,343.0,142.0,T0A1,,,Thiago Agustin Tirante,R,185.0,ARG,24.849,95.0,647.0,6-4 4-6 6-3,3,RR,126.0,11.0,3.0,80.0,49.0,39.0,15.0,11.0,5.0,8.0,8.0,1.0,91.0,46.0,32.0,22.0,10.0,1.0,6.0
2026-M-DC-2026-QLS-M-KOR-ARG-01,Davis Cup QLS R1: KOR vs ARG,Hard,4,D,I,20260206,4,CH27,,,Hyeon Chung,R,188.0,KOR,29.741,392.0,120.0,TA29,,,Marco Trungelliti,R,178.0,ARG,36.038,134.0,472.0,6-4 6-3,3,RR,89.0,0.0,1.0,53.0,31.0,23.0,15.0,9.0,0.0,1.0,2.0,3.0,59.0,34.0,26.0,9.0,6.0,2.0,5.0
2026-M-DC-2026-WG1-PO-TPE-LBN-01,Davis Cup WG1 PO: TPE vs LBN,Hard,4,D,O,20260206,1,W857,,,Tung-Lin Wu,R,188.0,TPE,27.762,373.0,127.0,HF80,,,Hady Habib,R,188.0,LBN,27.485,341.0,143.0,6-3 6-2,3,RR,64.0,10.0,1.0,45.0,36.0,32.0,5.0,,3.0,3.0,11.0,4.0,68.0,42.0,28.0,9.0,,6.0,9.0
2026-M-DC-2026-WG1-PO-TPE-LBN-01,Davis Cup WG1 PO: TPE vs LBN,Hard,4,D,O,20260206,2,HG94,,,Benjamin Hassan,R,183.0,LBN,31.028,259.0,208.0,H0B5,,,Tsung-Hao Huang,R,173.0,TPE,26.231,490.0,87.0,6-4 6-4,3,RR,146.0,2.0,0.0,62.0,30.0,21.0,18.0,,4.0,6.0,5.0,2.0,80.0,52.0,30.0,13.0,,3.0,7.0
2026-M-DC-2026-WG1-PO-TPE-LBN-01,Davis Cup WG1 PO: TPE vs LBN,Hard,4,D,O,20260206,3,W857,,,Tung-Lin Wu,R,188.0,TPE,27.762,373.0,127.0,HG94,,,Benjamin Hassan,R,183.0,LBN,31.028,259.0,208.0,6-3 6-4,3,RR,59.0,3.0,1.0,46.0,41.0,36.0,4.0,10.0,0.0,0.0,3.0,2.0,52.0,45.0,29.0,2.0,9.0,2.0,4.0
2026-M-DC-2026-WG1-PO-NZL-BIH-01,Davis Cup WG1 PO: NZL vs BIH,Hard,4,D,O,20260206,1,BE67,,,Mirza Basic,R,188.0,BIH,34.595,491.0,86.0,W0ED,,,James Watt,R,206.0,NZL,25.684,650.0,53.0,6-2 7-6(5),3,RR,75.0,3.0,3.0,58.0,22.0,20.0,24.0,,0.0,0.0,11.0,3.0,61.0,42.0,31.0,8.0,,2.0,4.0
2026-M-DC-2026-WG1-PO-NZL-BIH-01,Davis Cup WG1 PO: NZL vs BIH,Hard,4,D,O,20260206,2,N0DB,,,Andrej Nedic,R,185.0,BIH,21.331,285.0,184.0,S0NT,,,Anton Shepp,R,185.0,NZL,23.293,906.0,23.0,6-4 4-6 7-5,3,RR,167.0,3.0,4.0,105.0,69.0,50.0,20.0,,7.0,9.0,12.0,7.0,127.0,77.0,51.0,25.0,,13.0,16.0
2026-M-DC-2026-WG1-PO-NZL-BIH-01,Davis Cup WG1 PO: NZL vs BIH,Hard,4,D,O,20260206,3,S0NT,,,Anton Shepp,R,185.0,NZL,23.293,906.0,23.0,BE67,,,Mirza Basic,R,188.0,BIH,34.595,491.0,86.0,6-2 6-4,3,RR,70.0,10.0,5.0,57.0,32.0,24.0,14.0,,5.0,6.0,4.0,1.0,65.0,46.0,26.0,10.0,,7.0,11.0
2026-M-DC-2026-WG1-PO-NZL-BIH-01,Davis Cup WG1 PO: NZL vs BIH,Hard,4,D,O,20260206,4,W0ED,,,James Watt,R,206.0,NZL,25.684,650.0,53.0,N0DB,,,Andrej Nedic,R,185.0,BIH,21.331,285.0,184.0,6-3 7-6(4),3,RR,105.0,15.0,0.0,74.0,52.0,35.0,11.0,11.0,4.0,7.0,1.0,1.0,75.0,51.0,30.0,11.0,10.0,8.0,12.0
2026-407,Rotterdam,Hard,32,500,I,20260209,1,V812,,,Botic van de Zandschulp,R,191.0,NED,30.352,65.0,849.0,P0AY,,,Luka Pavlovic,R,196.0,FRA,25.864,219.0,262.0,7-6(5) 6-3,3,R32,95.0,6.0,6.0,67.0,40.0,32.0,13.0,11.0,4.0,6.0,8.0,1.0,76.0,37.0,28.0,13.0,10.0,6.0,9.0
2026-407,Rotterdam,Hard,32,500,I,20260209,2,HH26,,,Ugo Humbert,L,188.0,FRA,27.625,36.0,1335.0,MM58,4,,Daniil Medvedev,R,198.0,RUS,29.996,11.0,3060.0,7-6(4) 3-6 6-3,3,R32,142.0,4.0,2.0,98.0,63.0,43.0,24.0,15.0,7.0,8.0,6.0,9.0,102.0,60.0,50.0,18.0,15.0,4.0,5.0
2026-407,Rotterdam,Hard,32,500,I,20260209,3,N771,6.0,,Cameron Norrie,L,188.0,GBR,30.467,26.0,1603.0,BD06,,,Roberto Bautista Agut,R,183.0,ESP,37.823,85.0,685.0,7-6(3) 6-1,3,R32,114.0,9.0,3.0,88.0,49.0,38.0,18.0,10.0,7.0,9.0,2.0,0.0,63.0,41.0,25.0,9.0,9.0,2.0,6.0
2026-407,Rotterdam,Hard,32,500,I,20260209,4,O483,,,Christopher O'Connell,R,183.0,AUS,31.688,119.0,511.0,R0EB,,,Valentin Royer,R,188.0,FRA,24.701,57.0,897.0,6-4 4-6 7-6(4),3,R32,172.0,10.0,3.0,102.0,62.0,47.0,19.0,16.0,4.0,7.0,7.0,3.0,125.0,79.0,54.0,20.0,16.0,8.0,11.0
2026-424,Dallas,Hard,32,500,I,20260209,1,N0AE,,,Brandon Nakashima,R,188.0,USA,24.52,29.0,1535.0,B0GG,,,Mattia Bellucci,L,175.0,ITA,24.693,107.0,553.0,6-3 6-4,3,R32,68.0,11.0,0.0,44.0,36.0,35.0,5.0,10.0,0.0,0.0,6.0,2.0,53.0,34.0,25.0,9.0,9.0,4.0,6.0
2026-506,Buenos Aires,Clay,28,250,O,20260209,1,MO44,,,Pedro Martinez,R,185.0,ESP,28.791,94.0,636.0,M0OH,,,Lautaro Midon,R,180.0,ARG,21.867,229.0,245.0,6-4 6-1,3,R32,95.0,1.0,3.0,54.0,37.0,30.0,5.0,8.0,4.0,5.0,3.0,1.0,66.0,37.0,20.0,13.0,9.0,6.0,11.0
2026-506,Buenos Aires,Clay,28,250,O,20260209,2,DA31,,,Hugo Dellien,R,180.0,BOL,32.652,167.0,355.0,D923,,,Damir Dzumhur,R,175.0,BIH,33.725,62.0,877.0,6-4 6-1,3,R32,74.0,2.0,1.0,51.0,42.0,32.0,6.0,9.0,2.0,2.0,1.0,2.0,49.0,37.0,23.0,5.0,8.0,2.0,5.0
2026-407,Rotterdam,Hard,32,500,I,20260210,5,MU94,,,Jaume Munar,R,183.0,ESP,28.769,37.0,1185.0,B0U4,,,Nicolai Budkov Kjaer,R,191.0,NOR,19.444,132.0,476.0,6-1 6-3,3,R32,71.0,4.0,2.0,44.0,25.0,20.0,14.0,8.0,2.0,2.0,4.0,1.0,46.0,33.0,18.0,6.0,8.0,2.0,6.0
2026-424,Dallas,Hard,32,500,I,20260210,2,K0AH,,,Sebastian Korda,R,196.0,USA,25.602,53.0,960.0,Z0BZ,,,Michael Zheng,R,188.0,USA,22.04,151.0,414.0,6-3 6-4,3,R32,67.0,9.0,1.0,51.0,30.0,29.0,12.0,10.0,1.0,1.0,3.0,1.0,60.0,46.0,30.0,8.0,9.0,6.0,8.0
2026-424,Dallas,Hard,32,500,I,20260210,3,DH50,3.0,,Alejandro Davidovich Fokina,R,180.0,ESP,26.686,14.0,2535.0,S0K7,,,Zachary Svajda,R,175.0,USA,23.201,110.0,551.0,6-4 7-6(1),3,R32,94.0,6.0,0.0,71.0,51.0,37.0,13.0,11.0,3.0,4.0,10.0,0.0,74.0,53.0,43.0,4.0,11.0,3.0,5.0
2026-424,Dallas,Hard,32,500,I,20260210,4,TD51,8.0,,Frances Tiafoe,R,188.0,USA,28.057,30.0,1510.0,A0GC,,,Terence Atmane,L,193.0,FRA,24.088,64.0,849.0,4-6 6-2 6-2,3,R32,108.0,3.0,1.0,77.0,43.0,32.0,19.0,13.0,3.0,5.0,12.0,3.0,74.0,45.0,32.0,10.0,13.0,2.0,7.0
2026-506,Buenos Aires,Clay,28,250,O,20260210,4,EA24,7.0,,Tomas Martin Etcheverry,R,196.0,ARG,26.568,54.0,945.0,PH64,,,Andrea Pellegrino,R,185.0,ITA,28.887,145.0,434.0,6-3 6-4,3,R32,98.0,7.0,1.0,61.0,34.0,29.0,13.0,10.0,1.0,1.0,4.0,2.0,55.0,36.0,26.0,9.0,9.0,3.0,5.0
2026-506,Buenos Aires,Clay,28,250,O,20260210,5,KI82,,,Vit Kopriva,R,178.0,CZE,28.657,95.0,632.0,B0GY,,,Alex Barrena,R,175.0,ARG,23.337,180.0,336.0,6-4 3-6 6-4,3,R32,147.0,4.0,5.0,86.0,57.0,39.0,12.0,14.0,3.0,7.0,4.0,4.0,109.0,68.0,43.0,17.0,15.0,6.0,11.0
2026-407,Rotterdam,Hard,32,500,I,20260210,6,DH58,1.0,,Alex de Minaur,R,183.0,AUS,26.981,8.0,3835.0,F0F1,,,Arthur Fils,R,185.0,FRA,21.665,42.0,1110.0,7-6(3) 6-2,3,R32,92.0,2.0,1.0,57.0,37.0,28.0,16.0,10.0,1.0,2.0,4.0,3.0,70.0,47.0,29.0,11.0,10.0,2.0,5.0
2026-407,Rotterdam,Hard,32,500,I,20260210,7,GJ37,7.0,,Tallon Griekspoor,R,188.0,NED,29.61,27.0,1585.0,M0GZ,,,Giovanni Mpetshi Perricard,R,203.0,FRA,22.595,56.0,905.0,6-4 6-4,3,R32,72.0,10.0,0.0,63.0,39.0,32.0,16.0,10.0,6.0,6.0,7.0,3.0,54.0,38.0,31.0,5.0,10.0,2.0,4.0
2026-407,Rotterdam,Hard,32,500,I,20260210,8,HB64,,,Quentin Halys,R,191.0,FRA,29.292,77.0,725.0,R0KD,,,Mees Rottgering,L,180.0,NED,18.598,614.0,59.0,3-6 6-1 6-1,3,R32,113.0,11.0,3.0,76.0,47.0,38.0,10.0,12.0,5.0,7.0,2.0,3.0,92.0,49.0,24.0,22.0,11.0,8.0,13.0
2026-407,Rotterdam,Hard,32,500,I,20260210,9,SL28,,,Jan-Lennard Struff,R,193.0,GER,35.797,82.0,706.0,GF95,,,Hugo Grenier,R,196.0,FRA,29.886,188.0,323.0,6-0 6-4,3,R32,64.0,3.0,1.0,45.0,23.0,19.0,14.0,8.0,1.0,2.0,1.0,3.0,50.0,25.0,17.0,6.0,8.0,7.0,12.0
2026-424,Dallas,Hard,32,500,I,20260210,5,KI95,,,Miomir Kecmanovic,R,183.0,SRB,26.448,66.0,820.0,SY67,,,Sho Shimabukuro,R,180.0,JPN,28.534,144.0,441.0,6-7(3) 6-3 7-6(3),3,R32,124.0,6.0,1.0,94.0,64.0,49.0,24.0,17.0,1.0,2.0,13.0,1.0,99.0,59.0,49.0,23.0,16.0,1.0,3.0
2026-424,Dallas,Hard,32,500,I,20260210,6,C977,,,Marin Cilic,R,198.0,CRO,37.369,61.0,890.0,T0HA,6,,Learner Tien,L,180.0,USA,20.192,23.0,1710.0,7-5 7-6(4),3,R32,110.0,9.0,3.0,82.0,47.0,41.0,14.0,12.0,2.0,4.0,9.0,6.0,75.0,42.0,32.0,13.0,12.0,1.0,4.0
2026-506,Buenos Aires,Clay,28,250,O,20260210,6,B0FV,,,Roman Andres Burruchaga,R,183.0,ARG,24.049,104.0,568.0,DB63,,,Laslo Djere,R,188.0,SRB,30.694,91.0,651.0,6-2 6-4,3,R32,79.0,2.0,1.0,46.0,31.0,27.0,10.0,9.0,1.0,1.0,3.0,3.0,61.0,37.0,23.0,11.0,9.0,6.0,9.0
2026-506,Buenos Aires,Clay,28,250,O,20260210,7,C0C8,,,Juan Manuel Cerundolo,L,183.0,ARG,24.238,80.0,717.0,AE14,5,,Daniel Altmaier,R,188.0,GER,27.414,51.0,995.0,6-2 6-2,3,R32,87.0,0.0,0.0,51.0,40.0,31.0,5.0,8.0,1.0,1.0,2.0,4.0,54.0,37.0,21.0,6.0,8.0,6.0,10.0
2026-506,Buenos Aires,Clay,28,250,O,20260210,8,BS86,,,Tomas Barrios Vera,R,191.0,CHI,28.17,114.0,546.0,SX91,,,Thiago Seyboth Wild,R,185.0,BRA,25.922,197.0,305.0,4-6 6-5 RET,3,R32,123.0,4.0,1.0,58.0,37.0,24.0,11.0,11.0,3.0,7.0,8.0,3.0,75.0,49.0,29.0,14.0,10.0,7.0,10.0
2026-506,Buenos Aires,Clay,28,250,O,20260210,9,TE30,,,Alejandro Tabilo,L,188.0,CHI,28.693,71.0,774.0,D0CG,,,Facundo Diaz Acosta,L,183.0,ARG,25.155,285.0,182.0,7-6(5) 6-3,3,R32,110.0,2.0,1.0,71.0,49.0,37.0,13.0,11.0,2.0,2.0,6.0,2.0,62.0,41.0,29.0,13.0,10.0,0.0,1.0
2026-407,Rotterdam,Hard,32,500,I,20260211,10,M0JF,,,Hamad Medjedovic,R,188.0,SRB,22.571,79.0,717.0,BU13,,,Zizou Bergs,R,185.0,BEL,26.694,39.0,1170.0,7-6(5) 7-6(5),3,R32,139.0,8.0,6.0,96.0,60.0,41.0,19.0,12.0,7.0,10.0,10.0,4.0,97.0,50.0,31.0,28.0,12.0,5.0,8.0
2026-424,Dallas,Hard,32,500,I,20260211,7,SU55,7.0,,Denis Shapovalov,L,185.0,CAN,26.828,40.0,1160.0,J0DZ,,,Rafael Jodar,R,191.0,ESP,19.403,124.0,498.0,6-1 6-2,3,R32,69.0,7.0,3.0,44.0,22.0,16.0,15.0,7.0,5.0,6.0,1.0,1.0,59.0,36.0,17.0,7.0,8.0,4.0,10.0
2026-424,Dallas,Hard,32,500,I,20260211,8,FB98,1.0,,Taylor Fritz,R,196.0,USA,28.29,7.0,3940.0,GC88,,,Marcos Giron,R,180.0,USA,32.553,59.0,895.0,6-4 5-7 7-6(1),3,R32,146.0,21.0,1.0,99.0,70.0,57.0,14.0,17.0,3.0,5.0,9.0,2.0,113.0,74.0,52.0,21.0,17.0,8.0,10.0
2026-424,Dallas,Hard,32,500,I,20260211,9,S0S1,2.0,,Ben Shelton,L,193.0,USA,23.343,9.0,3560.0,D0F6,,,Gabriel Diallo,R,203.0,CAN,24.383,38.0,1175.0,6-4 6-4,3,R32,97.0,13.0,3.0,59.0,34.0,28.0,16.0,10.0,3.0,3.0,6.0,3.0,56.0,36.0,29.0,7.0,10.0,1.0,3.0
2026-424,Dallas,Hard,32,500,I,20260211,10,P0HT,,,Jack Pinnington Jones,R,180.0,GBR,22.872,181.0,331.0,C0E9,4,,Flavio Cobolli,R,183.0,ITA,23.77,20.0,1955.0,6-2 6-2,3,R32,53.0,11.0,2.0,38.0,28.0,25.0,7.0,8.0,0.0,0.0,4.0,2.0,42.0,22.0,13.0,8.0,8.0,1.0,5.0
2026-424,Dallas,Hard,32,500,I,20260211,11,K0AZ,,,Aleksandar Kovacevic,R,183.0,USA,27.455,78.0,721.0,K0A3,,,Patrick Kypson,R,188.0,USA,26.292,109.0,552.0,6-4 7-6(1),3,R32,84.0,24.0,2.0,57.0,36.0,34.0,14.0,11.0,0.0,0.0,7.0,1.0,70.0,50.0,36.0,12.0,11.0,5.0,6.0
2026-424,Dallas,Hard,32,500,I,20260211,12,M0QI,,,Alex Michelsen,R,193.0,USA,21.465,41.0,1160.0,D875,,,Grigor Dimitrov,R,191.0,BUL,34.743,43.0,1105.0,5-7 6-4 6-4,3,R32,125.0,16.0,4.0,92.0,71.0,54.0,12.0,16.0,4.0,5.0,14.0,5.0,89.0,53.0,44.0,17.0,16.0,1.0,3.0
2026-506,Buenos Aires,Clay,28,250,O,20260211,10,U182,6.0,,Camilo Ugo Carabelli,R,185.0,ARG,26.656,47.0,1028.0,C0DF,,,Francisco Comesana,R,178.0,ARG,25.35,63.0,869.0,6-4 7-6(3),3,R32,125.0,1.0,2.0,82.0,56.0,35.0,14.0,11.0,5.0,7.0,2.0,4.0,65.0,46.0,31.0,8.0,11.0,1.0,4.0
2026-506,Buenos Aires,Clay,28,250,O,20260211,11,BK40,8.0,,Matteo Berrettini,R,196.0,ITA,29.834,58.0,895.0,CE77,,,Federico Coria,R,180.0,ARG,33.927,322.0,156.0,7-5 7-5,3,R32,134.0,4.0,2.0,66.0,46.0,36.0,12.0,12.0,1.0,2.0,1.0,1.0,103.0,68.0,37.0,19.0,12.0,8.0,11.0
2026-506,Buenos Aires,Clay,28,250,O,20260211,12,B0ID,,,Ignacio Buse,R,183.0,PER,21.884,96.0,623.0,P0CT,,,Francesco Passaro,R,180.0,ITA,25.095,159.0,376.0,5-7 7-5 6-4,3,R32,154.0,4.0,2.0,103.0,63.0,48.0,18.0,17.0,3.0,6.0,1.0,3.0,102.0,61.0,40.0,25.0,17.0,6.0,10.0
2026-407,Rotterdam,Hard,32,500,I,20260211,11,W367,,,Stan Wawrinka,R,183.0,SUI,40.876,106.0,562.0,B0T6,,,Thijs Boogaard,R,183.0,NED,17.605,1048.0,17.0,6-3 6-4,3,R32,82.0,9.0,2.0,65.0,31.0,28.0,19.0,10.0,3.0,3.0,1.0,3.0,56.0,35.0,25.0,11.0,9.0,4.0,6.0
2026-407,Rotterdam,Hard,32,500,I,20260211,12,O483,,,Christopher O'Connell,R,183.0,AUS,31.693,119.0,511.0,N771,6,,Cameron Norrie,L,188.0,GBR,30.472,26.0,1603.0,7-6(9) 6-4,3,R16,117.0,12.0,1.0,84.0,49.0,31.0,23.0,11.0,1.0,2.0,6.0,2.0,80.0,52.0,39.0,11.0,11.0,2.0,4.0
2026-407,Rotterdam,Hard,32,500,I,20260211,13,BK92,3.0,,Alexander Bublik,R,196.0,KAZ,28.654,10.0,3235.0,HB71,,,Hubert Hurkacz,R,196.0,POL,28.999,70.0,775.0,6-7(2) 7-6(1) 7-5,3,R32,142.0,13.0,4.0,119.0,74.0,60.0,22.0,18.0,5.0,6.0,25.0,9.0,107.0,56.0,51.0,23.0,18.0,1.0,3.0
2026-407,Rotterdam,Hard,32,500,I,20260211,14,KE29,5.0,,Karen Khachanov,R,198.0,RUS,29.728,18.0,2320.0,D0C1,,,Jesper de Jong,R,180.0,NED,25.7,86.0,673.0,3-6 6-4 7-5,3,R32,143.0,10.0,2.0,87.0,54.0,41.0,20.0,15.0,4.0,6.0,7.0,3.0,103.0,52.0,37.0,27.0,16.0,4.0,7.0
2026-407,Rotterdam,Hard,32,500,I,20260211,15,TE51,,,Stefanos Tsitsipas,R,193.0,GRE,27.502,32.0,1445.0,RC91,8,,Arthur Rinderknech,R,196.0,FRA,30.557,28.0,1542.0,7-5 6-3,3,R32,81.0,2.0,4.0,57.0,36.0,31.0,14.0,11.0,1.0,1.0,4.0,5.0,60.0,37.0,32.0,7.0,10.0,3.0,5.0
2026-506,Buenos Aires,Clay,28,250,O,20260211,13,N0BS,,,Mariano Navone,R,178.0,ARG,24.956,73.0,760.0,N0AM,,,Emilio Nava,R,185.0,USA,24.194,81.0,710.0,6-2 6-1,3,R32,63.0,1.0,1.0,43.0,27.0,23.0,7.0,7.0,2.0,2.0,1.0,2.0,44.0,28.0,14.0,4.0,8.0,1.0,6.0
2026-407,Rotterdam,Hard,32,500,I,20260211,16,D0H9,,,Guy Den Ouden,R,183.0,NED,23.847,169.0,355.0,F724,,,Marton Fucsovics,R,188.0,HUN,34.01,49.0,1009.0,7-6(5) 6-1,3,R32,111.0,2.0,3.0,92.0,53.0,34.0,22.0,10.0,11.0,12.0,2.0,4.0,62.0,35.0,22.0,15.0,9.0,1.0,4.0
2026-407,Rotterdam,Hard,32,500,I,20260212,17,GJ37,7.0,,Tallon Griekspoor,R,188.0,NED,29.615,27.0,1585.0,HB64,,,Quentin Halys,R,191.0,FRA,29.298,77.0,725.0,7-5 7-6(11),3,R16,121.0,16.0,0.0,70.0,50.0,43.0,15.0,12.0,0.0,0.0,20.0,4.0,108.0,73.0,59.0,10.0,12.0,7.0,8.0
2026-407,Rotterdam,Hard,32,500,I,20260212,18,AG37,2.0,,Felix Auger-Aliassime,R,193.0,CAN,25.514,6.0,3950.0,P09Z,,,Alexei Popyrin,R,196.0,AUS,26.524,50.0,1000.0,7-5 6-3,3,R32,92.0,8.0,3.0,61.0,41.0,34.0,11.0,11.0,2.0,2.0,6.0,1.0,57.0,39.0,26.0,11.0,10.0,1.0,3.0
2026-424,Dallas,Hard,32,500,I,20260212,13,K0AH,,,Sebastian Korda,R,196.0,USA,25.607,53.0,960.0,TD51,8,,Frances Tiafoe,R,188.0,USA,28.063,30.0,1510.0,7-5 6-1,3,R16,68.0,8.0,1.0,50.0,34.0,30.0,8.0,10.0,1.0,2.0,8.0,1.0,49.0,32.0,22.0,6.0,9.0,3.0,7.0
2026-424,Dallas,Hard,32,500,I,20260212,14,FB98,1.0,,Taylor Fritz,R,196.0,USA,28.293,7.0,3940.0,N0AE,,,Brandon Nakashima,R,188.0,USA,24.528,29.0,1535.0,6-3 6-4,3,R16,69.0,15.0,3.0,54.0,41.0,34.0,8.0,10.0,3.0,3.0,5.0,0.0,50.0,34.0,22.0,10.0,9.0,0.0,2.0
2026-424,Dallas,Hard,32,500,I,20260212,15,DH50,3.0,,Alejandro Davidovich Fokina,R,180.0,ESP,26.691,14.0,2535.0,M0QI,,,Alex Michelsen,R,193.0,USA,21.467,41.0,1160.0,6-4 6-4,3,R16,78.0,7.0,0.0,68.0,52.0,40.0,7.0,10.0,1.0,1.0,7.0,1.0,59.0,42.0,31.0,7.0,10.0,1.0,3.0
2026-424,Dallas,Hard,32,500,I,20260212,16,PL56,5.0,,Tommy Paul,R,185.0,USA,28.742,24.0,1700.0,B0CD,,,Jenson Brooksby,R,193.0,USA,25.298,45.0,1042.0,4-6 6-4 7-6(4),3,R32,142.0,10.0,1.0,90.0,54.0,46.0,22.0,16.0,1.0,2.0,3.0,1.0,100.0,59.0,45.0,23.0,16.0,3.0,4.0
2026-424,Dallas,Hard,32,500,I,20260212,17,ME82,,,Adrian Mannarino,L,180.0,FRA,37.624,52.0,975.0,W09E,,,Adam Walton,R,183.0,AUS,26.825,93.0,643.0,6-4 6-2,3,R32,84.0,5.0,0.0,56.0,35.0,24.0,12.0,9.0,7.0,9.0,4.0,0.0,53.0,29.0,14.0,12.0,9.0,1.0,6.0
2026-424,Dallas,Hard,32,500,I,20260212,18,Q02L,,,Ethan Quinn,R,191.0,USA,21.922,74.0,758.0,S0VM,,,Trevor Svajda,R,175.0,USA,19.817,363.0,131.0,7-6(3) 7-5,3,R32,106.0,8.0,3.0,72.0,47.0,41.0,9.0,12.0,2.0,3.0,6.0,1.0,78.0,44.0,34.0,15.0,12.0,4.0,6.0
2026-424,Dallas,Hard,32,500,I,20260212,19,S0JA,,,Eliot Spizzirri,R,185.0,USA,24.14,68.0,781.0,D994,,,James Duckworth,R,183.0,AUS,34.062,83.0,691.0,6-2 6-4,3,R32,79.0,8.0,0.0,45.0,32.0,28.0,8.0,9.0,0.0,0.0,5.0,1.0,76.0,49.0,27.0,14.0,9.0,5.0,8.0
2026-506,Buenos Aires,Clay,28,250,O,20260212,14,C0AU,1.0,,Francisco Cerundolo,R,185.0,ARG,27.502,19.0,2135.0,DA31,,,Hugo Dellien,R,180.0,BOL,32.66,167.0,355.0,6-0 7-6(6),3,R16,84.0,4.0,0.0,60.0,39.0,30.0,15.0,9.0,5.0,5.0,2.0,1.0,65.0,46.0,25.0,11.0,9.0,6.0,9.0
2026-506,Buenos Aires,Clay,28,250,O,20260212,15,TE30,,,Alejandro Tabilo,L,188.0,CHI,28.698,71.0,774.0,F0FV,3,,Joao Fonseca,R,188.0,BRA,19.48,33.0,1440.0,6-3 3-6 7-5,3,R16,144.0,5.0,1.0,84.0,52.0,40.0,16.0,15.0,4.0,7.0,5.0,0.0,102.0,61.0,39.0,24.0,15.0,7.0,11.0
2026-506,Buenos Aires,Clay,28,250,O,20260212,16,EA24,7.0,,Tomas Martin Etcheverry,R,196.0,ARG,26.574,54.0,945.0,B0FV,,,Roman Andres Burruchaga,R,183.0,ARG,24.055,104.0,568.0,7-6(5) 6-7(3) 6-4,3,R16,217.0,6.0,3.0,122.0,81.0,55.0,19.0,17.0,6.0,10.0,4.0,5.0,121.0,81.0,53.0,21.0,17.0,8.0,13.0
2026-506,Buenos Aires,Clay,28,250,O,20260212,17,KI82,,,Vit Kopriva,R,178.0,CZE,28.663,95.0,632.0,BK40,8,,Matteo Berrettini,R,196.0,ITA,29.837,58.0,895.0,6-4 6-3,3,R16,94.0,0.0,0.0,56.0,35.0,27.0,14.0,10.0,2.0,2.0,4.0,0.0,69.0,43.0,29.0,13.0,9.0,6.0,8.0
2026-407,Rotterdam,Hard,32,500,I,20260212,19,DH58,1.0,,Alex de Minaur,R,183.0,AUS,26.987,8.0,3835.0,W367,,,Stan Wawrinka,R,183.0,SUI,40.879,106.0,562.0,6-4 6-2,3,R16,69.0,3.0,0.0,43.0,29.0,22.0,10.0,9.0,0.0,1.0,3.0,4.0,57.0,26.0,15.0,15.0,9.0,2.0,6.0
2026-407,Rotterdam,Hard,32,500,I,20260212,20,MU94,,,Jaume Munar,R,183.0,ESP,28.775,37.0,1185.0,KE29,5,,Karen Khachanov,R,198.0,RUS,29.73,18.0,2320.0,7-6(8) 3-6 6-3,3,R16,152.0,4.0,3.0,87.0,49.0,43.0,23.0,15.0,0.0,1.0,7.0,0.0,104.0,66.0,51.0,22.0,15.0,4.0,5.0
2026-407,Rotterdam,Hard,32,500,I,20260212,21,HH26,,,Ugo Humbert,L,188.0,FRA,27.633,36.0,1335.0,D0H9,,,Guy Den Ouden,R,183.0,NED,23.849,169.0,355.0,6-4 6-3,3,R16,80.0,3.0,2.0,56.0,30.0,19.0,18.0,10.0,2.0,4.0,0.0,2.0,53.0,30.0,16.0,12.0,9.0,0.0,4.0
2026-407,Rotterdam,Hard,32,500,I,20260212,22,V812,,,Botic van de Zandschulp,R,191.0,NED,30.36,65.0,849.0,TE51,,,Stefanos Tsitsipas,R,193.0,GRE,27.504,32.0,1445.0,6-4 7-6(4),3,R16,109.0,4.0,4.0,76.0,50.0,39.0,14.0,11.0,5.0,6.0,8.0,4.0,85.0,53.0,35.0,15.0,11.0,3.0,5.0
2026-506,Buenos Aires,Clay,28,250,O,20260212,18,D0FJ,2.0,,Luciano Darderi,R,183.0,ITA,23.995,22.0,1789.0,BS86,,,Tomas Barrios Vera,R,191.0,CHI,28.175,114.0,546.0,6-1 6-3,3,R16,82.0,6.0,4.0,49.0,22.0,21.0,13.0,8.0,3.0,4.0,0.0,1.0,55.0,34.0,16.0,6.0,8.0,4.0,9.0
2026-407,Rotterdam,Hard,32,500,I,20260213,23,BK92,3.0,,Alexander Bublik,R,196.0,KAZ,28.66,10.0,3235.0,SL28,,,Jan-Lennard Struff,R,193.0,GER,35.806,82.0,706.0,7-6(2) 4-6 6-3,3,R16,125.0,13.0,7.0,112.0,54.0,41.0,33.0,16.0,5.0,7.0,9.0,2.0,90.0,57.0,46.0,16.0,15.0,7.0,9.0
2026-407,Rotterdam,Hard,32,500,I,20260213,24,AG37,2.0,,Felix Auger-Aliassime,R,193.0,CAN,25.517,6.0,3950.0,M0JF,,,Hamad Medjedovic,R,188.0,SRB,22.576,79.0,717.0,6-4 6-4,3,R16,90.0,9.0,1.0,56.0,36.0,30.0,11.0,10.0,1.0,1.0,5.0,1.0,66.0,40.0,28.0,14.0,10.0,2.0,4.0
2026-424,Dallas,Hard,32,500,I,20260213,20,S0S1,2.0,,Ben Shelton,L,193.0,USA,23.348,9.0,3560.0,ME82,,,Adrian Mannarino,L,180.0,FRA,37.626,52.0,975.0,7-6(2) 6-7(4) 6-3,3,R16,160.0,23.0,1.0,108.0,77.0,59.0,16.0,17.0,6.0,8.0,12.0,4.0,107.0,63.0,47.0,21.0,16.0,3.0,6.0
2026-424,Dallas,Hard,32,500,I,20260213,21,SU55,7.0,,Denis Shapovalov,L,185.0,CAN,26.834,40.0,1160.0,K0AZ,,,Aleksandar Kovacevic,R,183.0,USA,27.461,78.0,721.0,6-4 6-4,3,R16,66.0,22.0,1.0,48.0,32.0,30.0,10.0,10.0,0.0,0.0,4.0,2.0,56.0,37.0,29.0,7.0,10.0,2.0,4.0
2026-424,Dallas,Hard,32,500,I,20260213,22,C977,,,Marin Cilic,R,198.0,CRO,37.377,61.0,890.0,Q02L,,,Ethan Quinn,R,191.0,USA,21.925,74.0,758.0,7-6(4) 6-3,3,R16,97.0,15.0,5.0,62.0,38.0,38.0,14.0,11.0,0.0,0.0,12.0,1.0,76.0,49.0,38.0,12.0,10.0,4.0,5.0
2026-424,Dallas,Hard,32,500,I,20260213,23,P0HT,,,Jack Pinnington Jones,R,180.0,GBR,22.877,181.0,331.0,S0JA,,,Eliot Spizzirri,R,185.0,USA,24.142,68.0,781.0,7-6(5) 4-6 7-6(4),3,R16,172.0,14.0,8.0,116.0,81.0,66.0,15.0,17.0,4.0,5.0,13.0,0.0,101.0,77.0,60.0,16.0,17.0,0.0,0.0
2026-506,Buenos Aires,Clay,28,250,O,20260213,19,U182,6.0,,Camilo Ugo Carabelli,R,185.0,ARG,26.661,47.0,1028.0,N0BS,,,Mariano Navone,R,178.0,ARG,24.961,73.0,760.0,6-2 7-5,3,R16,122.0,1.0,1.0,65.0,39.0,23.0,17.0,10.0,4.0,6.0,0.0,4.0,74.0,45.0,25.0,12.0,10.0,4.0,9.0
2026-506,Buenos Aires,Clay,28,250,O,20260213,20,B0BI,4.0,,Sebastian Baez,R,170.0,ARG,25.128,34.0,1420.0,B0ID,,,Ignacio Buse,R,183.0,PER,21.889,96.0,623.0,6-4 6-3,3,R16,83.0,1.0,1.0,49.0,31.0,23.0,12.0,9.0,1.0,2.0,2.0,0.0,62.0,41.0,21.0,13.0,10.0,4.0,8.0
2026-506,Buenos Aires,Clay,28,250,O,20260213,21,MO44,,,Pedro Martinez,R,185.0,ESP,28.802,94.0,636.0,C0C8,,,Juan Manuel Cerundolo,L,183.0,ARG,24.246,80.0,717.0,7-6(5) 6-4,3,R16,123.0,0.0,3.0,72.0,53.0,37.0,6.0,11.0,3.0,6.0,3.0,2.0,71.0,53.0,32.0,10.0,11.0,2.0,6.0
2026-407,Rotterdam,Hard,32,500,I,20260213,25,DH58,1.0,,Alex de Minaur,R,183.0,AUS,26.99,8.0,3835.0,V812,,,Botic van de Zandschulp,R,191.0,NED,30.363,65.0,849.0,3-6 7-6(4) 7-5,3,QF,164.0,4.0,3.0,100.0,67.0,50.0,18.0,16.0,5.0,7.0,12.0,8.0,119.0,69.0,52.0,24.0,17.0,3.0,5.0
2026-407,Rotterdam,Hard,32,500,I,20260213,26,HH26,,,Ugo Humbert,L,188.0,FRA,27.636,36.0,1335.0,O483,,,Christopher O'Connell,R,183.0,AUS,31.699,119.0,511.0,6-4 6-1,3,QF,77.0,5.0,2.0,49.0,26.0,25.0,13.0,9.0,0.0,0.0,4.0,1.0,50.0,27.0,16.0,11.0,8.0,4.0,7.0
2026-424,Dallas,Hard,32,500,I,20260213,24,KI95,,,Miomir Kecmanovic,R,183.0,SRB,26.456,66.0,820.0,PL56,5,,Tommy Paul,R,185.0,USA,28.745,24.0,1700.0,5-7 6-4 6-4,3,R16,120.0,6.0,2.0,89.0,64.0,49.0,14.0,16.0,4.0,6.0,14.0,1.0,90.0,58.0,46.0,13.0,16.0,3.0,6.0
2026-506,Buenos Aires,Clay,28,250,O,20260213,22,EA24,7.0,,Tomas Martin Etcheverry,R,196.0,ARG,26.576,54.0,945.0,TE30,,,Alejandro Tabilo,L,188.0,CHI,28.701,71.0,774.0,1-6 6-3 6-4,3,QF,126.0,9.0,0.0,80.0,56.0,39.0,12.0,13.0,2.0,5.0,2.0,3.0,70.0,45.0,29.0,15.0,13.0,0.0,3.0
2026-407,Rotterdam,Hard,32,500,I,20260213,27,AG37,2.0,,Felix Auger-Aliassime,R,193.0,CAN,25.517,6.0,3950.0,GJ37,7,,Tallon Griekspoor,R,188.0,NED,29.618,27.0,1585.0,7-6(2) 6-2,3,QF,104.0,9.0,3.0,63.0,37.0,34.0,14.0,10.0,1.0,1.0,3.0,3.0,68.0,46.0,32.0,9.0,10.0,4.0,6.0
2026-424,Dallas,Hard,32,500,I,20260213,25,FB98,1.0,,Taylor Fritz,R,196.0,USA,28.296,7.0,3940.0,K0AH,,,Sebastian Korda,R,196.0,USA,25.61,53.0,960.0,6-7(2) 6-4 7-6(5),3,QF,149.0,22.0,3.0,116.0,86.0,69.0,12.0,17.0,4.0,4.0,12.0,0.0,103.0,69.0,57.0,19.0,17.0,1.0,2.0
2026-424,Dallas,Hard,32,500,I,20260213,26,C977,,,Marin Cilic,R,198.0,CRO,37.377,61.0,890.0,P0HT,,,Jack Pinnington Jones,R,180.0,GBR,22.877,181.0,331.0,6-1 6-4,3,QF,77.0,16.0,0.0,51.0,33.0,28.0,9.0,9.0,2.0,2.0,3.0,3.0,56.0,32.0,20.0,10.0,8.0,4.0,7.0
2026-506,Buenos Aires,Clay,28,250,O,20260213,23,C0AU,1.0,,Francisco Cerundolo,R,185.0,ARG,27.504,19.0,2135.0,KI82,,,Vit Kopriva,R,178.0,CZE,28.665,95.0,632.0,6-4 6-3,3,QF,97.0,3.0,2.0,62.0,38.0,28.0,10.0,10.0,3.0,6.0,2.0,4.0,67.0,42.0,26.0,6.0,9.0,7.0,12.0
2026-407,Rotterdam,Hard,32,500,I,20260214,28,BK92,3.0,,Alexander Bublik,R,196.0,KAZ,28.663,10.0,3235.0,MU94,,,Jaume Munar,R,183.0,ESP,28.78,37.0,1185.0,6-4 6-7(4) 7-6(3),3,QF,162.0,10.0,7.0,113.0,61.0,50.0,31.0,17.0,10.0,11.0,8.0,1.0,110.0,61.0,48.0,26.0,17.0,4.0,6.0
2026-424,Dallas,Hard,32,500,I,20260214,27,S0S1,2.0,,Ben Shelton,L,193.0,USA,23.351,9.0,3560.0,KI95,,,Miomir Kecmanovic,R,183.0,SRB,26.459,66.0,820.0,5-7 6-3 6-4,3,QF,118.0,14.0,7.0,90.0,64.0,59.0,8.0,16.0,1.0,2.0,7.0,2.0,85.0,51.0,44.0,16.0,15.0,3.0,5.0
2026-424,Dallas,Hard,32,500,I,20260214,28,SU55,7.0,,Denis Shapovalov,L,185.0,CAN,26.836,40.0,1160.0,DH50,3,,Alejandro Davidovich Fokina,R,180.0,ESP,26.697,14.0,2535.0,5-7 6-4 6-3,3,QF,117.0,17.0,2.0,89.0,54.0,41.0,21.0,16.0,2.0,3.0,2.0,3.0,86.0,63.0,48.0,12.0,15.0,5.0,7.0
2026-506,Buenos Aires,Clay,28,250,O,20260214,24,D0FJ,2.0,,Luciano Darderi,R,183.0,ITA,24.0,22.0,1789.0,MO44,,,Pedro Martinez,R,185.0,ESP,28.805,94.0,636.0,7-5 6-1,3,QF,91.0,9.0,3.0,64.0,37.0,34.0,11.0,10.0,4.0,4.0,0.0,3.0,56.0,40.0,26.0,5.0,9.0,1.0,4.0
2026-506,Buenos Aires,Clay,28,250,O,20260214,25,B0BI,4.0,,Sebastian Baez,R,170.0,ARG,25.131,34.0,1420.0,U182,6,,Camilo Ugo Carabelli,R,185.0,ARG,26.664,47.0,1028.0,7-6(5) 6-2,3,QF,119.0,1.0,1.0,67.0,46.0,32.0,15.0,10.0,5.0,7.0,2.0,4.0,94.0,56.0,37.0,14.0,10.0,9.0,13.0
2026-407,Rotterdam,Hard,32,500,I,20260214,29,DH58,1.0,,Alex de Minaur,R,183.0,AUS,26.992,8.0,3835.0,HH26,,,Ugo Humbert,L,188.0,FRA,27.639,36.0,1335.0,6-4 6-3,3,SF,92.0,1.0,2.0,76.0,51.0,34.0,14.0,9.0,10.0,10.0,0.0,2.0,52.0,29.0,20.0,15.0,10.0,1.0,4.0
2026-407,Rotterdam,Hard,32,500,I,20260215,30,AG37,2.0,,Felix Auger-Aliassime,R,193.0,CAN,25.522,6.0,3950.0,BK92,3,,Alexander Bublik,R,196.0,KAZ,28.665,10.0,3235.0,6-1 6-2,3,SF,54.0,7.0,3.0,40.0,28.0,27.0,6.0,8.0,0.0,0.0,4.0,1.0,44.0,30.0,16.0,5.0,7.0,2.0,6.0
2026-424,Dallas,Hard,32,500,I,20260215,29,FB98,1.0,,Taylor Fritz,R,196.0,USA,28.301,7.0,3940.0,C977,,,Marin Cilic,R,198.0,CRO,37.383,61.0,890.0,7-6(5) 7-6(3),3,SF,122.0,22.0,0.0,75.0,56.0,48.0,11.0,12.0,0.0,0.0,16.0,8.0,97.0,54.0,44.0,21.0,12.0,5.0,5.0
2026-424,Dallas,Hard,32,500,I,20260215,30,S0S1,2.0,,Ben Shelton,L,193.0,USA,23.354,9.0,3560.0,SU55,7,,Denis Shapovalov,L,185.0,CAN,26.839,40.0,1160.0,4-6 6-4 7-6(4),3,SF,156.0,8.0,4.0,113.0,81.0,59.0,18.0,16.0,10.0,11.0,4.0,2.0,109.0,68.0,50.0,25.0,16.0,5.0,6.0
2026-506,Buenos Aires,Clay,28,250,O,20260215,26,C0AU,1.0,,Francisco Cerundolo,R,185.0,ARG,27.51,19.0,2135.0,EA24,7,,Tomas Martin Etcheverry,R,196.0,ARG,26.582,54.0,945.0,6-3 7-5,3,SF,111.0,3.0,0.0,67.0,42.0,35.0,14.0,11.0,1.0,1.0,4.0,1.0,64.0,39.0,25.0,14.0,10.0,3.0,5.0
2026-506,Buenos Aires,Clay,28,250,O,20260215,27,D0FJ,2.0,,Luciano Darderi,R,183.0,ITA,24.003,22.0,1789.0,B0BI,4,,Sebastian Baez,R,170.0,ARG,25.133,34.0,1420.0,7-6(2) 6-1,3,SF,78.0,3.0,0.0,51.0,32.0,27.0,15.0,9.0,0.0,0.0,1.0,1.0,65.0,47.0,27.0,11.0,10.0,1.0,4.0
2026-407,Rotterdam,Hard,32,500,I,20260215,31,DH58,1.0,,Alex de Minaur,R,183.0,AUS,26.995,8.0,3835.0,AG37,2,,Felix Auger-Aliassime,R,193.0,CAN,25.522,6.0,3950.0,6-3 6-2,3,F,78.0,1.0,1.0,51.0,34.0,26.0,11.0,9.0,0.0,0.0,2.0,3.0,45.0,22.0,18.0,7.0,8.0,2.0,5.0
2026-424,Dallas,Hard,32,500,I,20260215,31,S0S1,2.0,,Ben Shelton,L,193.0,USA,23.357,9.0,3560.0,FB98,1,,Taylor Fritz,R,196.0,USA,28.304,7.0,3940.0,3-6 6-3 7-5,3,F,111.0,16.0,0.0,89.0,63.0,42.0,17.0,15.0,5.0,7.0,14.0,1.0,73.0,49.0,43.0,10.0,15.0,2.0,5.0
2026-506,Buenos Aires,Clay,28,250,O,20260215,28,C0AU,1.0,,Francisco Cerundolo,R,185.0,ARG,27.513,19.0,2135.0,D0FJ,2,,Luciano Darderi,R,183.0,ITA,24.005,22.0,1789.0,6-4 6-2,3,F,96.0,1.0,4.0,68.0,36.0,22.0,20.0,9.0,6.0,7.0,3.0,3.0,58.0,33.0,24.0,6.0,9.0,6.0,10.0
2026-451,Doha,Hard,32,500,O,20260216,1,R0EB,,,Valentin Royer,R,188.0,FRA,24.72,60.0,897.0,H996,,,Pierre-Hugues Herbert,R,188.0,FRA,34.919,190.0,313.0,6-0 6-3,3,R32,62.0,2.0,1.0,48.0,30.0,24.0,8.0,8.0,1.0,2.0,4.0,4.0,51.0,35.0,19.0,2.0,7.0,1.0,6.0
2026-451,Doha,Hard,32,500,O,20260216,2,P09Z,,,Alexei Popyrin,R,196.0,AUS,26.535,53.0,1000.0,AC39,,,Mubarak Shannan Zayid,R,,QAT,30.845,,,6-0 6-2,3,R32,58.0,5.0,1.0,40.0,27.0,23.0,8.0,7.0,1.0,1.0,0.0,6.0,40.0,21.0,9.0,6.0,7.0,3.0,8.0
2026-451,Doha,Hard,32,500,O,20260216,3,S0AG,2.0,,Jannik Sinner,R,191.0,ITA,24.504,2.0,10300.0,M0FH,,,Tomas Machac,R,183.0,CZE,25.35,31.0,1510.0,6-1 6-4,3,R32,70.0,7.0,0.0,42.0,29.0,25.0,11.0,9.0,0.0,0.0,1.0,4.0,64.0,38.0,25.0,10.0,8.0,8.0,11.0
2026-451,Doha,Hard,32,500,O,20260216,4,M0NI,6.0,,Jakub Mensik,R,196.0,CZE,20.46,16.0,2425.0,CH12,,,Jan Choinski,R,196.0,GBR,29.687,124.0,498.0,6-7(6) 6-2 6-4,3,R32,138.0,10.0,2.0,93.0,61.0,46.0,16.0,15.0,2.0,4.0,3.0,2.0,103.0,70.0,44.0,16.0,15.0,5.0,10.0
2026-451,Doha,Hard,32,500,O,20260216,5,F0F1,,,Arthur Fils,R,185.0,FRA,21.681,40.0,1110.0,MQ75,,,Kamil Majchrzak,R,183.0,POL,30.094,56.0,920.0,6-7(5) 6-3 6-4,3,R32,130.0,5.0,5.0,99.0,65.0,49.0,18.0,16.0,0.0,1.0,7.0,5.0,107.0,70.0,50.0,16.0,15.0,3.0,6.0
2026-451,Doha,Hard,32,500,O,20260216,6,MM58,4.0,,Daniil Medvedev,R,198.0,RUS,30.015,11.0,3010.0,S0RE,,,Juncheng Shang,L,180.0,CHN,21.038,261.0,205.0,6-4 6-2,3,R32,75.0,6.0,1.0,53.0,42.0,33.0,7.0,9.0,1.0,1.0,1.0,2.0,59.0,39.0,25.0,8.0,9.0,5.0,8.0
2026-499,Delray Beach,Hard,28,250,O,20260216,1,M0QI,,,Alex Michelsen,R,193.0,USA,21.478,41.0,1110.0,VA25,6,,Valentin Vacherot,R,193.0,MON,27.253,26.0,1605.0,7-6(4) 6-4,3,R32,88.0,5.0,2.0,58.0,39.0,36.0,13.0,11.0,0.0,0.0,10.0,3.0,65.0,43.0,36.0,11.0,11.0,2.0,3.0
2026-499,Delray Beach,Hard,28,250,O,20260216,2,A0GC,,,Terence Atmane,L,193.0,FRA,24.104,66.0,833.0,K0A3,,,Patrick Kypson,R,188.0,USA,26.305,105.0,565.0,6-3 2-6 6-4,3,R32,103.0,11.0,2.0,74.0,43.0,32.0,20.0,14.0,1.0,3.0,5.0,2.0,72.0,50.0,39.0,11.0,13.0,1.0,3.0
2026-499,Delray Beach,Hard,28,250,O,20260216,3,W0BH,,,Coleman Wong,R,191.0,HKG,21.697,137.0,458.0,BT72,,,Nuno Borges,R,185.0,POR,28.991,45.0,1070.0,7-6(5) 4-6 6-3,3,R32,127.0,14.0,3.0,100.0,68.0,50.0,19.0,16.0,9.0,11.0,8.0,3.0,98.0,66.0,49.0,17.0,15.0,3.0,5.0
2026-6932,Rio de Janeiro,Clay,32,500,O,20260216,1,T0A1,,,Thiago Agustin Tirante,R,185.0,ARG,24.854,92.0,647.0,GD64,,,Cristian Garin,R,185.0,CHI,29.717,89.0,656.0,7-5 6-3,3,R32,113.0,12.0,0.0,69.0,38.0,27.0,17.0,11.0,5.0,7.0,2.0,5.0,65.0,39.0,24.0,12.0,10.0,4.0,8.0
2026-499,Delray Beach,Hard,28,250,O,20260217,4,TD51,8.0,,Frances Tiafoe,R,188.0,USA,28.077,28.0,1550.0,H0BH,,,Rinky Hijikata,R,178.0,AUS,24.983,113.0,546.0,6-4 6-4,3,R32,73.0,6.0,0.0,48.0,34.0,32.0,9.0,10.0,1.0,1.0,5.0,1.0,59.0,34.0,24.0,15.0,10.0,5.0,7.0
2026-499,Delray Beach,Hard,28,250,O,20260217,5,GC88,,,Marcos Giron,R,180.0,USA,32.569,64.0,855.0,SY67,,,Sho Shimabukuro,R,180.0,JPN,28.553,135.0,466.0,6-3 7-5,3,R32,86.0,2.0,2.0,75.0,40.0,28.0,25.0,11.0,9.0,9.0,10.0,2.0,59.0,39.0,30.0,7.0,10.0,3.0,5.0
2026-6932,Rio de Janeiro,Clay,32,500,O,20260217,2,H997,,,Yannick Hanfmann,R,193.0,GER,34.264,90.0,653.0,R0A7,,,Joao Lucas Reis Da Silva,R,178.0,BRA,25.897,207.0,291.0,7-6(3) 6-4,3,R32,117.0,6.0,1.0,69.0,50.0,40.0,8.0,11.0,2.0,4.0,1.0,3.0,79.0,54.0,36.0,9.0,11.0,6.0,9.0
2026-6932,Rio de Janeiro,Clay,32,500,O,20260217,3,L987,,,Dusan Lajovic,R,183.0,SRB,35.636,129.0,485.0,AE14,7,,Daniel Altmaier,R,188.0,GER,27.433,54.0,961.0,6-4 7-6(7),3,R32,121.0,2.0,1.0,73.0,56.0,44.0,7.0,11.0,1.0,2.0,8.0,2.0,89.0,56.0,39.0,13.0,11.0,6.0,8.0
2026-6932,Rio de Janeiro,Clay,32,500,O,20260217,4,B0ID,,,Ignacio Buse,R,183.0,PER,21.9,91.0,648.0,RD48,,,Igor Marcondes,L,185.0,BRA,28.674,348.0,138.0,4-6 7-5 6-4,3,R32,162.0,3.0,1.0,113.0,76.0,55.0,18.0,16.0,12.0,14.0,6.0,2.0,86.0,53.0,40.0,19.0,16.0,3.0,6.0
2026-6932,Rio de Janeiro,Clay,32,500,O,20260217,5,KI82,,,Vit Kopriva,R,178.0,CZE,28.676,87.0,660.0,H0DU,,,Gustavo Heide,R,191.0,BRA,23.97,258.0,207.0,6-2 7-6(5),3,R32,109.0,2.0,1.0,65.0,42.0,30.0,17.0,10.0,7.0,8.0,1.0,1.0,66.0,36.0,23.0,16.0,10.0,2.0,5.0
2026-6932,Rio de Janeiro,Clay,32,500,O,20260217,6,TE30,,,Alejandro Tabilo,L,188.0,CHI,28.712,68.0,808.0,N0AM,,,Emilio Nava,R,185.0,USA,24.211,76.0,710.0,6-3 6-3,3,R32,63.0,3.0,0.0,42.0,35.0,29.0,7.0,9.0,0.0,0.0,6.0,3.0,53.0,38.0,25.0,6.0,9.0,4.0,7.0
2026-451,Doha,Hard,32,500,O,20260217,7,A0E2,1.0,,Carlos Alcaraz,R,183.0,ESP,22.79,1.0,13150.0,RC91,,,Arthur Rinderknech,R,196.0,FRA,30.574,30.0,1530.0,6-4 7-6(5),3,R32,107.0,2.0,1.0,69.0,53.0,45.0,8.0,11.0,2.0,2.0,6.0,1.0,83.0,56.0,42.0,13.0,11.0,5.0,6.0
2026-451,Doha,Hard,32,500,O,20260217,8,KE29,7.0,,Karen Khachanov,R,198.0,RUS,29.744,17.0,2360.0,M0HU,,,Shintaro Mochizuki,R,175.0,JPN,22.713,117.0,525.0,6-1 3-6 6-4,3,R32,115.0,7.0,2.0,74.0,46.0,35.0,12.0,13.0,2.0,5.0,6.0,7.0,96.0,51.0,29.0,22.0,13.0,8.0,13.0
2026-451,Doha,Hard,32,500,O,20260217,9,L0BV,8.0,,Jiri Lehecka,R,185.0,CZE,24.277,22.0,1860.0,B0CD,,,Jenson Brooksby,R,193.0,USA,25.311,47.0,1042.0,6-3 6-3,3,R32,82.0,5.0,3.0,59.0,42.0,32.0,8.0,9.0,4.0,5.0,0.0,3.0,63.0,42.0,24.0,9.0,9.0,3.0,7.0
2026-451,Doha,Hard,32,500,O,20260217,10,BU13,,,Zizou Bergs,R,185.0,BEL,26.71,44.0,1080.0,M0GZ,,,Giovanni Mpetshi Perricard,R,203.0,FRA,22.615,58.0,905.0,6-3 6-7(5) 6-4,3,R32,135.0,17.0,2.0,101.0,61.0,48.0,26.0,16.0,1.0,1.0,7.0,2.0,89.0,64.0,50.0,13.0,15.0,2.0,4.0
2026-451,Doha,Hard,32,500,O,20260217,11,F724,,,Marton Fucsovics,R,188.0,HUN,34.026,61.0,891.0,HF80,,,Hady Habib,R,188.0,LBN,27.493,334.0,143.0,6-3 6-3,3,R32,70.0,1.0,2.0,52.0,39.0,26.0,9.0,9.0,2.0,3.0,1.0,6.0,55.0,29.0,20.0,10.0,9.0,3.0,7.0
2026-451,Doha,Hard,32,500,O,20260217,12,HB64,,,Quentin Halys,R,191.0,FRA,29.311,72.0,762.0,CD85,,,Pablo Carreno Busta,R,188.0,ESP,34.604,123.0,504.0,4-6 7-5 6-3,3,R32,143.0,14.0,2.0,91.0,47.0,40.0,23.0,16.0,5.0,7.0,4.0,0.0,94.0,62.0,40.0,18.0,15.0,1.0,4.0
2026-451,Doha,Hard,32,500,O,20260217,13,M0CI,,,Fabian Marozsan,R,193.0,HUN,26.363,48.0,1040.0,HH26,,,Ugo Humbert,L,188.0,FRA,27.647,36.0,1285.0,6-3 6-1,3,R32,57.0,1.0,1.0,39.0,30.0,26.0,6.0,8.0,0.0,0.0,1.0,2.0,47.0,25.0,14.0,11.0,8.0,3.0,7.0
2026-451,Doha,Hard,32,500,O,20260217,14,TE51,,,Stefanos Tsitsipas,R,193.0,GRE,27.518,33.0,1485.0,EA13,,,Moez Echargui,R,178.0,TUN,33.103,139.0,449.0,6-4 6-4,3,R32,84.0,5.0,0.0,54.0,33.0,27.0,14.0,10.0,0.0,0.0,4.0,1.0,63.0,44.0,31.0,8.0,10.0,5.0,7.0
2026-451,Doha,Hard,32,500,O,20260217,15,Z371,,,Zhizhen Zhang,R,193.0,CHN,29.339,319.0,155.0,CF59,,,Roberto Carballes Baena,R,183.0,ESP,32.906,175.0,350.0,6-4 6-4,3,R32,74.0,10.0,0.0,60.0,40.0,35.0,10.0,10.0,1.0,1.0,7.0,2.0,54.0,37.0,28.0,8.0,10.0,0.0,2.0
2026-451,Doha,Hard,32,500,O,20260218,16,RE44,5.0,,Andrey Rublev,R,188.0,RUS,28.331,14.0,2510.0,D0C1,,,Jesper de Jong,R,180.0,NED,25.72,86.0,665.0,6-4 6-3,3,R32,78.0,4.0,2.0,54.0,34.0,22.0,10.0,9.0,2.0,4.0,5.0,1.0,59.0,36.0,22.0,9.0,10.0,3.0,8.0
2026-499,Delray Beach,Hard,28,250,O,20260218,6,KI95,,,Miomir Kecmanovic,R,183.0,SRB,26.47,83.0,670.0,B0GG,,,Mattia Bellucci,L,175.0,ITA,24.717,109.0,553.0,6-1 6-4,3,R32,62.0,3.0,1.0,42.0,27.0,23.0,13.0,9.0,0.0,0.0,3.0,3.0,49.0,29.0,18.0,8.0,8.0,1.0,4.0
2026-499,Delray Beach,Hard,28,250,O,20260218,7,N0AE,7.0,,Brandon Nakashima,R,188.0,USA,24.545,29.0,1535.0,C977,,,Marin Cilic,R,198.0,CRO,37.391,43.0,1090.0,7-6(4) 7-6(5),3,R32,132.0,13.0,0.0,87.0,56.0,47.0,17.0,12.0,1.0,1.0,8.0,1.0,89.0,58.0,47.0,15.0,12.0,2.0,2.0
2026-499,Delray Beach,Hard,28,250,O,20260218,8,J0DZ,,,Rafael Jodar,R,191.0,ESP,19.422,118.0,523.0,Q02L,,,Ethan Quinn,R,191.0,USA,21.938,70.0,776.0,6-2 6-3,3,R32,78.0,2.0,2.0,51.0,30.0,18.0,13.0,8.0,1.0,3.0,4.0,3.0,64.0,44.0,27.0,4.0,9.0,4.0,10.0
2026-499,Delray Beach,Hard,28,250,O,20260218,9,K0AH,,,Sebastian Korda,R,196.0,USA,25.624,50.0,1020.0,MK66,,,Mackenzie McDonald,R,178.0,USA,30.845,116.0,535.0,6-4 7-5,3,R32,88.0,14.0,0.0,58.0,44.0,38.0,8.0,11.0,2.0,2.0,2.0,3.0,73.0,47.0,30.0,16.0,11.0,1.0,3.0
2026-499,Delray Beach,Hard,28,250,O,20260218,10,S0K7,,,Zachary Svajda,R,175.0,USA,23.222,106.0,563.0,K0AZ,,,Aleksandar Kovacevic,R,183.0,USA,27.474,75.0,746.0,7-6(4) 6-3,3,R32,88.0,17.0,2.0,91.0,54.0,46.0,18.0,11.0,9.0,9.0,14.0,4.0,54.0,31.0,29.0,12.0,10.0,2.0,3.0
2026-499,Delray Beach,Hard,28,250,O,20260218,11,W09E,,,Adam Walton,R,183.0,AUS,26.842,93.0,643.0,D0F6,,,Gabriel Diallo,R,203.0,CAN,24.402,39.0,1175.0,7-6(4) 6-3,3,R32,90.0,5.0,0.0,71.0,54.0,40.0,10.0,11.0,1.0,1.0,4.0,1.0,58.0,44.0,32.0,7.0,10.0,0.0,1.0
2026-6932,Rio de Janeiro,Clay,32,500,O,20260218,7,F0FV,3.0,,Joao Fonseca,R,188.0,BRA,19.496,38.0,1190.0,MJ08,,,Thiago Monteiro,L,183.0,BRA,31.721,208.0,290.0,7-6(1) 6-1,3,R32,94.0,7.0,1.0,60.0,43.0,36.0,10.0,10.0,0.0,0.0,9.0,2.0,61.0,42.0,31.0,5.0,9.0,3.0,5.0
2026-6932,Rio de Janeiro,Clay,32,500,O,20260218,8,C0AU,1.0,,Francisco Cerundolo,R,185.0,ARG,27.518,19.0,2220.0,N0BS,,,Mariano Navone,R,178.0,ARG,24.975,74.0,750.0,6-3 6-4,3,R32,91.0,1.0,2.0,68.0,43.0,31.0,12.0,10.0,10.0,12.0,0.0,2.0,50.0,33.0,22.0,5.0,9.0,1.0,5.0
2026-6932,Rio de Janeiro,Clay,32,500,O,20260218,9,C0C8,,,Juan Manuel Cerundolo,L,183.0,ARG,24.26,78.0,706.0,D0FJ,2,,Luciano Darderi,R,183.0,ITA,24.011,21.0,1904.0,6-1 3-6 6-4,3,R32,137.0,4.0,2.0,90.0,66.0,44.0,13.0,13.0,6.0,8.0,1.0,2.0,76.0,47.0,34.0,11.0,13.0,7.0,11.0
2026-6932,Rio de Janeiro,Clay,32,500,O,20260218,10,B0FV,,,Roman Andres Burruchaga,R,183.0,ARG,24.071,102.0,580.0,U182,5,,Camilo Ugo Carabelli,R,185.0,ARG,26.675,46.0,1068.0,6-3 6-4,3,R32,96.0,5.0,3.0,63.0,44.0,34.0,11.0,10.0,3.0,3.0,2.0,4.0,64.0,32.0,19.0,19.0,9.0,1.0,3.0
2026-6932,Rio de Janeiro,Clay,32,500,O,20260218,11,EA24,8.0,,Tomas Martin Etcheverry,R,196.0,ARG,26.59,51.0,1020.0,C0DF,,,Francisco Comesana,R,178.0,ARG,25.369,63.0,869.0,3-6 6-3 6-4,3,R32,156.0,6.0,2.0,81.0,54.0,39.0,17.0,14.0,3.0,4.0,8.0,4.0,80.0,51.0,41.0,15.0,14.0,3.0,5.0
2026-6932,Rio de Janeiro,Clay,32,500,O,20260218,12,BK40,,,Matteo Berrettini,R,196.0,ITA,29.854,57.0,910.0,BS86,,,Tomas Barrios Vera,R,191.0,CHI,28.192,107.0,563.0,7-6(1) 7-5,3,R32,145.0,6.0,2.0,75.0,48.0,38.0,18.0,12.0,5.0,5.0,3.0,0.0,88.0,68.0,43.0,12.0,12.0,5.0,6.0
2026-6932,Rio de Janeiro,Clay,32,500,O,20260218,13,P0CT,,,Francesco Passaro,R,180.0,ITA,25.114,163.0,376.0,P0HW,,,Dino Prizmic,R,188.0,CRO,20.539,122.0,507.0,6-3 6-4,3,R32,106.0,3.0,0.0,55.0,32.0,25.0,12.0,9.0,3.0,4.0,2.0,3.0,71.0,39.0,24.0,16.0,10.0,9.0,13.0
2026-499,Delray Beach,Hard,28,250,O,20260218,12,PL56,5.0,,Tommy Paul,R,185.0,USA,28.758,24.0,1700.0,MW02,,,Corentin Moutet,L,180.0,FRA,26.836,34.0,1383.0,4-6 6-3 6-4,3,R32,150.0,11.0,2.0,82.0,56.0,45.0,12.0,15.0,2.0,5.0,4.0,6.0,111.0,72.0,44.0,20.0,14.0,17.0,21.0
2026-6932,Rio de Janeiro,Clay,32,500,O,20260218,15,F0F2,,,Jaime Faria,R,188.0,POR,22.538,147.0,425.0,B0BI,4,,Sebastian Baez,R,170.0,ARG,25.142,32.0,1495.0,7-5 6-1,3,R32,95.0,2.0,2.0,54.0,35.0,28.0,8.0,10.0,1.0,3.0,2.0,5.0,68.0,47.0,29.0,3.0,9.0,6.0,11.0
2026-6932,Rio de Janeiro,Clay,32,500,O,20260218,16,D923,,,Damir Dzumhur,R,175.0,BIH,33.749,62.0,877.0,MO44,,,Pedro Martinez,R,185.0,ESP,28.816,101.0,586.0,0-6 7-6(5) 6-4,3,R32,159.0,1.0,0.0,91.0,65.0,37.0,10.0,14.0,6.0,12.0,4.0,4.0,81.0,52.0,34.0,14.0,14.0,1.0,5.0
2026-6932,Rio de Janeiro,Clay,32,500,O,20260218,17,G0FW,,,Vilius Gaubas,R,178.0,LTU,21.139,126.0,490.0,M0WY,,,Luis Guto Miguel,R,180.0,BRA,16.977,1593.0,3.0,6-3 2-6 6-2,3,R32,131.0,0.0,2.0,80.0,61.0,36.0,12.0,13.0,1.0,3.0,1.0,1.0,84.0,59.0,43.0,10.0,12.0,7.0,10.0
2026-451,Doha,Hard,32,500,O,20260218,17,A0E2,1.0,,Carlos Alcaraz,R,183.0,ESP,22.795,1.0,13150.0,R0EB,,,Valentin Royer,R,188.0,FRA,24.728,60.0,897.0,6-2 7-5,3,R16,95.0,4.0,2.0,69.0,56.0,37.0,8.0,10.0,4.0,5.0,2.0,2.0,63.0,35.0,21.0,12.0,10.0,4.0,8.0
2026-451,Doha,Hard,32,500,O,20260218,18,S0AG,2.0,,Jannik Sinner,R,191.0,ITA,24.512,2.0,10300.0,P09Z,,,Alexei Popyrin,R,196.0,AUS,26.543,53.0,1000.0,6-3 7-5,3,R16,84.0,7.0,0.0,58.0,43.0,34.0,11.0,11.0,0.0,0.0,4.0,0.0,51.0,33.0,24.0,12.0,10.0,1.0,3.0
2026-451,Doha,Hard,32,500,O,20260218,19,TE51,,,Stefanos Tsitsipas,R,193.0,GRE,27.524,33.0,1485.0,MM58,4,,Daniil Medvedev,R,198.0,RUS,30.023,11.0,3010.0,6-3 6-4,3,R16,76.0,4.0,1.0,60.0,45.0,36.0,8.0,10.0,0.0,0.0,3.0,4.0,60.0,39.0,27.0,10.0,9.0,5.0,7.0
2026-451,Doha,Hard,32,500,O,20260218,20,RE44,5.0,,Andrey Rublev,R,188.0,RUS,28.334,14.0,2510.0,M0CI,,,Fabian Marozsan,R,193.0,HUN,26.368,48.0,1040.0,6-2 6-4,3,R16,67.0,6.0,0.0,47.0,25.0,22.0,15.0,9.0,0.0,0.0,4.0,4.0,58.0,32.0,17.0,16.0,9.0,2.0,5.0
2026-451,Doha,Hard,32,500,O,20260218,21,M0NI,6.0,,Jakub Mensik,R,196.0,CZE,20.468,16.0,2425.0,Z371,,,Zhizhen Zhang,R,193.0,CHN,29.344,319.0,155.0,6-3 6-2,3,R16,66.0,7.0,1.0,47.0,30.0,24.0,12.0,9.0,0.0,0.0,2.0,3.0,57.0,34.0,21.0,10.0,8.0,9.0,12.0
2026-451,Doha,Hard,32,500,O,20260218,22,KE29,7.0,,Karen Khachanov,R,198.0,RUS,29.749,17.0,2360.0,F724,,,Marton Fucsovics,R,188.0,HUN,34.031,61.0,891.0,6-2 4-6 6-4,3,R16,121.0,7.0,1.0,77.0,55.0,46.0,10.0,14.0,5.0,6.0,6.0,2.0,85.0,53.0,39.0,15.0,14.0,3.0,6.0
2026-451,Doha,Hard,32,500,O,20260218,23,L0BV,8.0,,Jiri Lehecka,R,185.0,CZE,24.282,22.0,1860.0,BU13,,,Zizou Bergs,R,185.0,BEL,26.716,44.0,1080.0,6-2 6-1,3,R16,69.0,9.0,1.0,49.0,28.0,24.0,10.0,8.0,3.0,3.0,2.0,4.0,35.0,20.0,11.0,3.0,7.0,0.0,4.0
2026-451,Doha,Hard,32,500,O,20260218,24,F0F1,,,Arthur Fils,R,185.0,FRA,21.689,40.0,1110.0,HB64,,,Quentin Halys,R,191.0,FRA,29.317,72.0,762.0,6-1 7-6(7),3,R16,89.0,5.0,2.0,62.0,42.0,31.0,14.0,10.0,5.0,6.0,5.0,1.0,70.0,38.0,23.0,17.0,9.0,4.0,7.0
2026-499,Delray Beach,Hard,28,250,O,20260218,13,W0BH,,,Coleman Wong,R,191.0,HKG,21.706,137.0,458.0,N0AE,7,,Brandon Nakashima,R,188.0,USA,24.548,29.0,1535.0,6-4 7-6(4),3,R16,88.0,13.0,0.0,64.0,38.0,32.0,14.0,11.0,2.0,3.0,11.0,0.0,63.0,46.0,33.0,9.0,11.0,2.0,4.0
2026-499,Delray Beach,Hard,28,250,O,20260218,14,C0E9,3.0,,Flavio Cobolli,R,183.0,ITA,23.792,20.0,1955.0,A0GC,,,Terence Atmane,L,193.0,FRA,24.112,66.0,833.0,7-5 6-4,3,R16,101.0,9.0,2.0,67.0,37.0,32.0,15.0,11.0,1.0,2.0,9.0,4.0,72.0,38.0,26.0,16.0,11.0,4.0,7.0
2026-6932,Rio de Janeiro,Clay,32,500,O,20260218,18,T0A1,,,Thiago Agustin Tirante,R,185.0,ARG,24.862,92.0,647.0,C0AU,1,,Francisco Cerundolo,R,185.0,ARG,27.521,19.0,2220.0,6-2 3-1 RET,3,R16,73.0,7.0,0.0,37.0,24.0,19.0,8.0,6.0,1.0,1.0,0.0,2.0,52.0,31.0,14.0,12.0,6.0,6.0,9.0
2026-6932,Rio de Janeiro,Clay,32,500,O,20260218,19,C0C8,,,Juan Manuel Cerundolo,L,183.0,ARG,24.263,78.0,706.0,H997,,,Yannick Hanfmann,R,193.0,GER,34.27,90.0,653.0,6-4 6-7(1) 6-4,3,R16,169.0,9.0,3.0,91.0,64.0,42.0,15.0,16.0,1.0,4.0,6.0,3.0,115.0,72.0,47.0,20.0,16.0,9.0,14.0
2026-6932,Rio de Janeiro,Clay,32,500,O,20260218,20,KI82,,,Vit Kopriva,R,178.0,CZE,28.682,87.0,660.0,B0FV,,,Roman Andres Burruchaga,R,183.0,ARG,24.074,102.0,580.0,6-3 6-1,3,R16,88.0,3.0,2.0,59.0,38.0,26.0,14.0,8.0,6.0,6.0,6.0,2.0,53.0,29.0,19.0,9.0,8.0,4.0,8.0
2026-499,Delray Beach,Hard,28,250,O,20260219,15,RH16,2.0,,Casper Ruud,R,183.0,NOR,27.162,13.0,2625.0,GC88,,,Marcos Giron,R,180.0,USA,32.575,64.0,855.0,4-6 7-6(6) 6-4,3,R16,142.0,20.0,0.0,105.0,75.0,55.0,18.0,16.0,3.0,4.0,9.0,2.0,94.0,63.0,48.0,20.0,16.0,5.0,6.0
2026-499,Delray Beach,Hard,28,250,O,20260219,16,K0AH,,,Sebastian Korda,R,196.0,USA,25.626,50.0,1020.0,M0QI,,,Alex Michelsen,R,193.0,USA,21.487,41.0,1110.0,6-3 7-6(6),3,R16,106.0,10.0,2.0,70.0,44.0,34.0,12.0,10.0,5.0,7.0,7.0,2.0,85.0,66.0,42.0,9.0,11.0,9.0,13.0
2026-6932,Rio de Janeiro,Clay,32,500,O,20260219,21,TE30,,,Alejandro Tabilo,L,188.0,CHI,28.717,68.0,808.0,P0CT,,,Francesco Passaro,R,180.0,ITA,25.117,163.0,376.0,4-6 7-6(0) 6-2,3,R16,141.0,4.0,0.0,78.0,50.0,43.0,15.0,15.0,4.0,6.0,4.0,1.0,96.0,68.0,43.0,15.0,15.0,5.0,8.0
2026-451,Doha,Hard,32,500,O,20260219,25,F0F1,,,Arthur Fils,R,185.0,FRA,21.689,40.0,1110.0,L0BV,8,,Jiri Lehecka,R,185.0,CZE,24.282,22.0,1860.0,6-3 6-3,3,QF,89.0,3.0,0.0,67.0,46.0,32.0,8.0,9.0,4.0,6.0,2.0,2.0,69.0,45.0,23.0,10.0,9.0,5.0,10.0
2026-451,Doha,Hard,32,500,O,20260219,26,RE44,5.0,,Andrey Rublev,R,188.0,RUS,28.334,14.0,2510.0,TE51,,,Stefanos Tsitsipas,R,193.0,GRE,27.524,33.0,1485.0,6-3 7-6(2),3,QF,95.0,5.0,2.0,71.0,43.0,34.0,16.0,10.0,5.0,5.0,8.0,1.0,61.0,39.0,31.0,9.0,11.0,0.0,2.0
2026-451,Doha,Hard,32,500,O,20260219,27,A0E2,1.0,,Carlos Alcaraz,R,183.0,ESP,22.795,1.0,13150.0,KE29,7,,Karen Khachanov,R,198.0,RUS,29.749,17.0,2360.0,6-7(3) 6-4 6-3,3,QF,146.0,8.0,2.0,91.0,64.0,49.0,18.0,15.0,3.0,3.0,4.0,2.0,111.0,78.0,55.0,18.0,16.0,7.0,10.0
2026-451,Doha,Hard,32,500,O,20260219,28,M0NI,6.0,,Jakub Mensik,R,196.0,CZE,20.468,16.0,2425.0,S0AG,2,,Jannik Sinner,R,191.0,ITA,24.512,2.0,10300.0,7-6(3) 2-6 6-3,3,QF,131.0,11.0,4.0,85.0,60.0,49.0,9.0,14.0,5.0,7.0,6.0,1.0,90.0,57.0,41.0,21.0,15.0,2.0,4.0
2026-499,Delray Beach,Hard,28,250,O,20260219,17,T0HA,4.0,,Learner Tien,L,180.0,USA,20.216,23.0,1710.0,KI95,,,Miomir Kecmanovic,R,183.0,SRB,26.472,83.0,670.0,6-4 6-7(4) 7-6(5),3,R16,135.0,20.0,5.0,105.0,65.0,55.0,20.0,17.0,5.0,7.0,12.0,2.0,120.0,76.0,54.0,24.0,17.0,5.0,8.0
2026-6932,Rio de Janeiro,Clay,32,500,O,20260219,22,F0F2,,,Jaime Faria,R,188.0,POR,22.541,147.0,425.0,D923,,,Damir Dzumhur,R,175.0,BIH,33.752,62.0,877.0,7-6(1) 6-4,3,R16,123.0,2.0,2.0,65.0,37.0,31.0,17.0,11.0,1.0,2.0,1.0,2.0,75.0,51.0,34.0,13.0,11.0,9.0,11.0
2026-499,Delray Beach,Hard,28,250,O,20260220,18,FB98,1.0,,Taylor Fritz,R,196.0,USA,28.315,8.0,4220.0,J0DZ,,,Rafael Jodar,R,191.0,ESP,19.428,118.0,523.0,7-6(4) 6-4,3,R16,106.0,15.0,0.0,68.0,49.0,41.0,8.0,11.0,2.0,3.0,3.0,0.0,94.0,67.0,41.0,15.0,11.0,6.0,8.0
2026-499,Delray Beach,Hard,28,250,O,20260220,19,PL56,5.0,,Tommy Paul,R,185.0,USA,28.764,24.0,1700.0,W09E,,,Adam Walton,R,183.0,AUS,26.847,93.0,643.0,7-6(11) 6-3,3,R16,97.0,10.0,2.0,69.0,42.0,34.0,16.0,11.0,0.0,1.0,7.0,0.0,76.0,56.0,33.0,13.0,10.0,6.0,8.0
2026-499,Delray Beach,Hard,28,250,O,20260220,20,TD51,8.0,,Frances Tiafoe,R,188.0,USA,28.085,28.0,1550.0,S0K7,,,Zachary Svajda,R,175.0,USA,23.228,106.0,563.0,6-4 3-6 7-5,3,R16,141.0,5.0,3.0,91.0,57.0,44.0,20.0,15.0,5.0,6.0,14.0,4.0,111.0,69.0,49.0,23.0,16.0,3.0,5.0
2026-6932,Rio de Janeiro,Clay,32,500,O,20260220,23,B0ID,,,Ignacio Buse,R,183.0,PER,21.908,91.0,648.0,F0FV,3,,Joao Fonseca,R,188.0,BRA,19.502,38.0,1190.0,5-7 6-3 6-4,3,R16,146.0,8.0,5.0,96.0,59.0,45.0,21.0,16.0,8.0,9.0,2.0,3.0,90.0,55.0,40.0,20.0,15.0,4.0,6.0
2026-6932,Rio de Janeiro,Clay,32,500,O,20260220,24,EA24,8.0,,Tomas Martin Etcheverry,R,196.0,ARG,26.595,51.0,1020.0,G0FW,,,Vilius Gaubas,R,178.0,LTU,21.144,126.0,490.0,7-6(1) 6-4,3,R16,127.0,7.0,0.0,67.0,47.0,32.0,12.0,11.0,0.0,2.0,1.0,3.0,74.0,60.0,36.0,5.0,11.0,2.0,5.0
2026-6932,Rio de Janeiro,Clay,32,500,O,20260220,25,BK40,,,Matteo Berrettini,R,196.0,ITA,29.859,57.0,910.0,L987,,,Dusan Lajovic,R,183.0,SRB,35.644,129.0,485.0,3-6 6-4 6-2,3,R16,129.0,7.0,3.0,78.0,56.0,44.0,9.0,13.0,4.0,6.0,6.0,0.0,89.0,64.0,41.0,13.0,14.0,4.0,8.0
2026-451,Doha,Hard,32,500,O,20260220,29,A0E2,1.0,,Carlos Alcaraz,R,183.0,ESP,22.798,1.0,13150.0,RE44,5,,Andrey Rublev,R,188.0,RUS,28.337,14.0,2510.0,7-6(3) 6-4,3,SF,122.0,3.0,2.0,96.0,65.0,40.0,15.0,11.0,9.0,13.0,1.0,1.0,78.0,46.0,29.0,13.0,11.0,6.0,11.0
2026-451,Doha,Hard,32,500,O,20260220,30,F0F1,,,Arthur Fils,R,185.0,FRA,21.692,40.0,1110.0,M0NI,6,,Jakub Mensik,R,196.0,CZE,20.471,16.0,2425.0,6-4 7-6(4),3,SF,95.0,5.0,1.0,81.0,54.0,39.0,16.0,11.0,7.0,8.0,8.0,5.0,63.0,37.0,30.0,13.0,11.0,3.0,5.0
2026-499,Delray Beach,Hard,28,250,O,20260220,21,C0E9,3.0,,Flavio Cobolli,R,183.0,ITA,23.795,20.0,1955.0,W0BH,,,Coleman Wong,R,191.0,HKG,21.708,137.0,458.0,7-5 6-7(7) 6-2,3,QF,134.0,11.0,0.0,92.0,49.0,40.0,29.0,16.0,2.0,3.0,15.0,2.0,105.0,62.0,42.0,25.0,16.0,4.0,8.0
2026-6932,Rio de Janeiro,Clay,32,500,O,20260220,26,KI82,,,Vit Kopriva,R,178.0,CZE,28.684,87.0,660.0,C0C8,,,Juan Manuel Cerundolo,L,183.0,ARG,24.266,78.0,706.0,6-4 6-4,3,QF,97.0,6.0,4.0,54.0,37.0,32.0,8.0,10.0,0.0,0.0,3.0,4.0,73.0,48.0,31.0,13.0,10.0,6.0,8.0
2026-499,Delray Beach,Hard,28,250,O,20260221,22,PL56,5.0,,Tommy Paul,R,185.0,USA,28.767,24.0,1700.0,FB98,1,,Taylor Fritz,R,196.0,USA,28.318,8.0,4220.0,6-4 6-3,3,QF,76.0,6.0,0.0,56.0,41.0,34.0,7.0,9.0,3.0,3.0,10.0,3.0,70.0,52.0,34.0,6.0,10.0,8.0,11.0
2026-499,Delray Beach,Hard,28,250,O,20260221,23,K0AH,,,Sebastian Korda,R,196.0,USA,25.632,50.0,1020.0,RH16,2,,Casper Ruud,R,183.0,NOR,27.168,13.0,2625.0,4-6 6-2 6-2,3,QF,126.0,10.0,3.0,81.0,47.0,34.0,20.0,13.0,3.0,4.0,3.0,1.0,92.0,58.0,36.0,16.0,13.0,4.0,8.0
2026-499,Delray Beach,Hard,28,250,O,20260221,24,T0HA,4.0,,Learner Tien,L,180.0,USA,20.222,23.0,1710.0,TD51,8,,Frances Tiafoe,R,188.0,USA,28.088,28.0,1550.0,7-6(5) 3-6 7-5,3,QF,139.0,13.0,3.0,97.0,64.0,44.0,13.0,16.0,7.0,13.0,11.0,1.0,98.0,64.0,42.0,17.0,17.0,1.0,7.0
2026-6932,Rio de Janeiro,Clay,32,500,O,20260221,27,TE30,,,Alejandro Tabilo,L,188.0,CHI,28.723,68.0,808.0,T0A1,,,Thiago Agustin Tirante,R,185.0,ARG,24.868,92.0,647.0,7-6(2) 6-7(6) 6-1,3,QF,172.0,7.0,3.0,97.0,65.0,53.0,17.0,16.0,0.0,2.0,12.0,1.0,106.0,64.0,44.0,21.0,15.0,4.0,8.0
2026-6932,Rio de Janeiro,Clay,32,500,O,20260221,28,EA24,8.0,,Tomas Martin Etcheverry,R,196.0,ARG,26.598,51.0,1020.0,F0F2,,,Jaime Faria,R,188.0,POR,22.546,147.0,425.0,7-6(4) 6-4,3,QF,123.0,9.0,1.0,73.0,50.0,40.0,10.0,11.0,5.0,5.0,9.0,2.0,67.0,42.0,31.0,13.0,11.0,1.0,2.0
2026-6932,Rio de Janeiro,Clay,32,500,O,20260221,29,B0ID,,,Ignacio Buse,R,183.0,PER,21.911,91.0,648.0,BK40,,,Matteo Berrettini,R,196.0,ITA,29.862,57.0,910.0,6-3 2-6 6-3,3,QF,139.0,3.0,1.0,78.0,51.0,37.0,17.0,13.0,4.0,6.0,9.0,2.0,83.0,55.0,40.0,12.0,13.0,4.0,7.0
2026-451,Doha,Hard,32,500,O,20260221,31,A0E2,1.0,,Carlos Alcaraz,R,183.0,ESP,22.801,1.0,13150.0,F0F1,,,Arthur Fils,R,185.0,FRA,21.695,40.0,1110.0,6-2 6-1,3,F,50.0,5.0,1.0,33.0,27.0,24.0,4.0,7.0,0.0,0.0,0.0,0.0,43.0,31.0,14.0,5.0,8.0,2.0,7.0
2026-499,Delray Beach,Hard,28,250,O,20260222,25,K0AH,,,Sebastian Korda,R,196.0,USA,25.634,50.0,1020.0,C0E9,3,,Flavio Cobolli,R,183.0,ITA,23.8,20.0,1955.0,7-6(1) 6-1,3,SF,76.0,12.0,0.0,49.0,32.0,27.0,14.0,9.0,0.0,0.0,5.0,1.0,66.0,38.0,27.0,11.0,10.0,4.0,7.0
2026-499,Delray Beach,Hard,28,250,O,20260222,26,PL56,5.0,,Tommy Paul,R,185.0,USA,28.769,24.0,1700.0,T0HA,4,,Learner Tien,L,180.0,USA,20.225,23.0,1710.0,4-6 6-4 6-3,3,SF,134.0,15.0,2.0,114.0,70.0,50.0,23.0,15.0,7.0,8.0,5.0,2.0,96.0,51.0,40.0,20.0,14.0,3.0,5.0
2026-6932,Rio de Janeiro,Clay,32,500,O,20260222,30,EA24,8.0,,Tomas Martin Etcheverry,R,196.0,ARG,26.601,51.0,1020.0,KI82,,,Vit Kopriva,R,178.0,CZE,28.69,87.0,660.0,4-6 7-6(2) 7-6(4),3,SF,237.0,9.0,2.0,107.0,62.0,52.0,25.0,17.0,0.0,1.0,8.0,3.0,118.0,75.0,59.0,22.0,17.0,4.0,4.0
2026-6932,Rio de Janeiro,Clay,32,500,O,20260222,31,TE30,,,Alejandro Tabilo,L,188.0,CHI,28.726,68.0,808.0,B0ID,,,Ignacio Buse,R,183.0,PER,21.914,91.0,648.0,6-3 6-3,3,SF,72.0,2.0,0.0,44.0,27.0,23.0,11.0,9.0,1.0,2.0,5.0,3.0,53.0,32.0,20.0,8.0,9.0,4.0,8.0
2026-499,Delray Beach,Hard,28,250,O,20260222,27,K0AH,,,Sebastian Korda,R,196.0,USA,25.634,50.0,1020.0,PL56,5,,Tommy Paul,R,185.0,USA,28.769,24.0,1700.0,6-4 6-3,3,F,82.0,9.0,2.0,60.0,40.0,33.0,9.0,10.0,5.0,6.0,5.0,2.0,58.0,39.0,26.0,7.0,9.0,3.0,6.0
2026-6932,Rio de Janeiro,Clay,32,500,O,20260223,32,EA24,8.0,,Tomas Martin Etcheverry,R,196.0,ARG,26.604,51.0,1020.0,TE30,,,Alejandro Tabilo,L,188.0,CHI,28.728,68.0,808.0,3-6 7-6(3) 6-4,3,F,184.0,14.0,4.0,105.0,67.0,48.0,16.0,15.0,6.0,9.0,11.0,0.0,107.0,70.0,49.0,18.0,16.0,6.0,9.0
2026-495,Dubai,Hard,32,500,O,20260223,1,M0GZ,,,Giovanni Mpetshi Perricard,R,203.0,FRA,22.631,58.0,905.0,EA13,,,Moez Echargui,R,178.0,TUN,33.12,139.0,449.0,7-6(3) 6-7(3) 7-6(4),3,R32,155.0,29.0,2.0,112.0,85.0,66.0,17.0,18.0,3.0,4.0,16.0,2.0,111.0,65.0,52.0,30.0,18.0,1.0,2.0
2026-495,Dubai,Hard,32,500,O,20260223,2,W367,,,Stan Wawrinka,R,183.0,SUI,40.909,99.0,599.0,HG94,,,Benjamin Hassan,R,183.0,LBN,31.053,289.0,180.0,7-5 6-3,3,R32,71.0,9.0,2.0,61.0,32.0,28.0,19.0,11.0,3.0,3.0,5.0,2.0,59.0,41.0,29.0,8.0,10.0,1.0,3.0
2026-495,Dubai,Hard,32,500,O,20260223,3,AG37,1.0,,Felix Auger-Aliassime,R,193.0,CAN,25.544,8.0,4080.0,Z371,,,Zhizhen Zhang,R,193.0,CHN,29.355,263.0,205.0,6-3 7-6(4),3,R32,110.0,11.0,3.0,63.0,46.0,36.0,10.0,10.0,4.0,4.0,10.0,1.0,91.0,56.0,40.0,15.0,11.0,9.0,11.0
2026-8996,Santiago,Clay,28,250,O,20260223,1,H997,,,Yannick Hanfmann,R,193.0,GER,34.281,81.0,695.0,L987,,,Dusan Lajovic,R,183.0,SRB,35.652,116.0,541.0,6-0 6-3,3,R32,74.0,5.0,4.0,58.0,34.0,23.0,14.0,8.0,2.0,3.0,0.0,2.0,43.0,26.0,10.0,8.0,7.0,4.0,9.0
2026-495,Dubai,Hard,32,500,O,20260223,4,D0CO,4.0,,Jack Draper,L,193.0,GBR,24.172,15.0,2460.0,HB64,,,Quentin Halys,R,191.0,FRA,29.328,68.0,800.0,7-6(8) 6-3,3,R32,97.0,13.0,1.0,72.0,50.0,43.0,13.0,11.0,3.0,3.0,9.0,1.0,76.0,52.0,38.0,13.0,10.0,4.0,5.0
2026-8996,Santiago,Clay,28,250,O,20260223,2,PH64,,,Andrea Pellegrino,R,185.0,ITA,28.923,137.0,447.0,B0GY,,,Alex Barrena,R,175.0,ARG,23.373,183.0,336.0,6-2 2-6 6-1,3,R32,112.0,3.0,1.0,57.0,33.0,24.0,15.0,11.0,0.0,2.0,5.0,3.0,88.0,38.0,24.0,23.0,12.0,7.0,12.0
2026-807,Acapulco,Hard,32,500,O,20260224,1,J0DZ,,,Rafael Jodar,R,191.0,ESP,19.439,114.0,548.0,N771,7,,Cameron Norrie,L,188.0,GBR,30.508,26.0,1603.0,6-3 6-2,3,R32,55.0,5.0,0.0,44.0,31.0,25.0,11.0,9.0,0.0,0.0,2.0,1.0,40.0,33.0,20.0,3.0,8.0,2.0,5.0
2026-807,Acapulco,Hard,32,500,O,20260224,2,K0A3,,,Patrick Kypson,R,188.0,USA,26.327,103.0,565.0,DH58,2,,Alex de Minaur,R,183.0,AUS,27.019,6.0,4235.0,6-1 6-7(4) 7-6(4),3,R32,159.0,8.0,1.0,99.0,68.0,48.0,22.0,16.0,0.0,1.0,10.0,2.0,95.0,56.0,40.0,21.0,15.0,2.0,5.0
2026-807,Acapulco,Hard,32,500,O,20260224,3,DH50,4.0,,Alejandro Davidovich Fokina,R,180.0,ESP,26.724,14.0,2470.0,AE14,,,Daniel Altmaier,R,188.0,GER,27.452,53.0,961.0,7-5 6-3,3,R32,94.0,1.0,0.0,59.0,45.0,33.0,7.0,10.0,2.0,3.0,8.0,1.0,63.0,37.0,28.0,8.0,11.0,3.0,7.0
2026-807,Acapulco,Hard,32,500,O,20260224,4,VA25,6.0,,Valentin Vacherot,R,193.0,MON,27.274,27.0,1591.0,W0BH,,,Coleman Wong,R,191.0,HKG,21.719,125.0,515.0,4-6 6-3 6-2,3,R32,117.0,13.0,1.0,81.0,54.0,42.0,13.0,14.0,0.0,1.0,7.0,2.0,86.0,56.0,35.0,19.0,13.0,7.0,10.0
2026-807,Acapulco,Hard,32,500,O,20260224,5,KI95,,,Miomir Kecmanovic,R,183.0,SRB,26.486,84.0,685.0,S0N0,,,Tristan Schoolkate,R,183.0,AUS,24.994,108.0,556.0,6-2 6-2,3,R32,63.0,7.0,2.0,49.0,34.0,29.0,7.0,8.0,4.0,4.0,4.0,3.0,52.0,35.0,21.0,5.0,8.0,2.0,6.0
2026-807,Acapulco,Hard,32,500,O,20260224,6,K0AZ,,,Aleksandar Kovacevic,R,183.0,USA,27.491,75.0,746.0,W09E,,,Adam Walton,R,183.0,AUS,26.858,87.0,669.0,7-6(1) 7-6(3),3,R32,118.0,15.0,3.0,83.0,51.0,39.0,19.0,12.0,5.0,6.0,6.0,1.0,86.0,57.0,40.0,15.0,12.0,6.0,7.0
2026-807,Acapulco,Hard,32,500,O,20260224,7,N0AE,,,Brandon Nakashima,R,188.0,USA,24.561,29.0,1535.0,Y218,,,Elias Ymer,R,185.0,SWE,29.875,190.0,328.0,6-3 6-4,3,R32,79.0,5.0,1.0,57.0,36.0,29.0,13.0,10.0,1.0,1.0,7.0,0.0,52.0,38.0,26.0,9.0,9.0,3.0,5.0
2026-8996,Santiago,Clay,28,250,O,20260224,3,P0HW,,,Dino Prizmic,R,188.0,CRO,20.556,120.0,529.0,J551,,,Nicolas Jarry,R,201.0,CHI,30.374,155.0,391.0,6-3 5-7 6-2,3,R32,157.0,7.0,4.0,86.0,47.0,33.0,23.0,15.0,1.0,4.0,4.0,3.0,89.0,61.0,37.0,14.0,14.0,8.0,13.0
2026-8996,Santiago,Clay,28,250,O,20260224,4,C0DF,7.0,,Francisco Comesana,R,178.0,ARG,25.385,82.0,694.0,MO44,,,Pedro Martinez,R,185.0,ESP,28.832,101.0,586.0,6-4 2-6 7-6(4),3,R32,171.0,12.0,7.0,87.0,57.0,39.0,14.0,15.0,0.0,4.0,1.0,4.0,99.0,60.0,43.0,19.0,15.0,5.0,8.0
2026-495,Dubai,Hard,32,500,O,20260224,5,B0CD,,,Jenson Brooksby,R,193.0,USA,25.331,49.0,1042.0,BU13,,,Zizou Bergs,R,185.0,BEL,26.73,46.0,1080.0,6-3 6-4,3,R32,94.0,3.0,3.0,63.0,34.0,29.0,15.0,10.0,1.0,1.0,4.0,4.0,58.0,30.0,22.0,14.0,9.0,3.0,5.0
2026-495,Dubai,Hard,32,500,O,20260224,6,MM58,3.0,,Daniil Medvedev,R,198.0,RUS,30.037,11.0,2960.0,S0RE,,,Juncheng Shang,L,180.0,CHN,21.06,262.0,205.0,6-1 6-3,3,R32,66.0,10.0,3.0,49.0,36.0,29.0,6.0,8.0,3.0,3.0,0.0,0.0,48.0,33.0,17.0,7.0,8.0,1.0,5.0
2026-495,Dubai,Hard,32,500,O,20260224,7,CD85,,,Pablo Carreno Busta,R,188.0,ESP,34.623,124.0,516.0,SU55,,,Denis Shapovalov,L,185.0,CAN,26.864,36.0,1350.0,6-2 6-4,3,R32,77.0,0.0,2.0,65.0,45.0,28.0,12.0,9.0,7.0,9.0,8.0,4.0,54.0,29.0,18.0,9.0,9.0,4.0,9.0
2026-495,Dubai,Hard,32,500,O,20260224,8,BK92,2.0,,Alexander Bublik,R,196.0,KAZ,28.69,10.0,3405.0,SL28,,,Jan-Lennard Struff,R,193.0,GER,35.836,80.0,706.0,6-3 6-4,3,R32,65.0,12.0,2.0,52.0,35.0,29.0,10.0,9.0,3.0,3.0,9.0,2.0,58.0,44.0,30.0,6.0,10.0,0.0,3.0
2026-495,Dubai,Hard,32,500,O,20260224,9,KE29,7.0,,Karen Khachanov,R,198.0,RUS,29.763,16.0,2450.0,S0H2,,,Alexander Shevchenko,R,188.0,KAZ,25.238,92.0,656.0,6-7(5) 6-2 6-3,3,R32,132.0,4.0,3.0,97.0,63.0,49.0,21.0,15.0,5.0,5.0,12.0,3.0,88.0,50.0,35.0,23.0,14.0,4.0,7.0
2026-495,Dubai,Hard,32,500,O,20260224,10,L0BV,8.0,,Jiri Lehecka,R,185.0,CZE,24.296,24.0,1760.0,N0BG,,,Luca Nardi,R,185.0,ITA,22.554,109.0,554.0,4-6 6-4 6-2,3,R32,122.0,5.0,2.0,84.0,51.0,38.0,19.0,14.0,4.0,5.0,4.0,0.0,86.0,60.0,39.0,16.0,14.0,10.0,13.0
2026-495,Dubai,Hard,32,500,O,20260224,11,GJ37,,,Tallon Griekspoor,R,188.0,NED,29.648,25.0,1655.0,V0AM,,,Otto Virtanen,R,193.0,FIN,24.679,131.0,475.0,6-3 6-4,3,R32,74.0,6.0,2.0,59.0,35.0,28.0,16.0,10.0,0.0,0.0,10.0,0.0,50.0,28.0,21.0,9.0,9.0,0.0,2.0
2026-495,Dubai,Hard,32,500,O,20260224,12,HH26,,,Ugo Humbert,L,188.0,FRA,27.666,37.0,1285.0,TE51,,,Stefanos Tsitsipas,R,193.0,GRE,27.537,30.0,1535.0,6-4 7-5,3,R32,85.0,7.0,1.0,64.0,48.0,37.0,11.0,11.0,3.0,3.0,6.0,2.0,56.0,36.0,31.0,9.0,11.0,3.0,5.0
2026-495,Dubai,Hard,32,500,O,20260224,13,RC91,,,Arthur Rinderknech,R,196.0,FRA,30.593,31.0,1530.0,M0CI,,,Fabian Marozsan,R,193.0,HUN,26.382,50.0,1040.0,3-6 6-3 6-4,3,R32,113.0,13.0,0.0,79.0,58.0,45.0,10.0,14.0,0.0,1.0,7.0,2.0,90.0,52.0,38.0,19.0,14.0,5.0,7.0
2026-495,Dubai,Hard,32,500,O,20260224,14,RE44,5.0,,Andrey Rublev,R,188.0,RUS,28.348,18.0,2210.0,R0EB,,,Valentin Royer,R,188.0,FRA,24.742,54.0,935.0,6-3 6-4,3,R32,89.0,9.0,2.0,58.0,36.0,29.0,12.0,9.0,2.0,2.0,5.0,1.0,72.0,45.0,24.0,16.0,10.0,13.0,16.0
2026-495,Dubai,Hard,32,500,O,20260224,15,M0NI,6.0,,Jakub Mensik,R,196.0,CZE,20.482,13.0,2595.0,HB71,,,Hubert Hurkacz,R,196.0,POL,29.035,73.0,775.0,6-4 7-6(7),3,R32,88.0,11.0,3.0,64.0,37.0,36.0,15.0,11.0,0.0,0.0,10.0,2.0,73.0,49.0,39.0,11.0,11.0,2.0,3.0
2026-495,Dubai,Hard,32,500,O,20260224,16,P09Z,,,Alexei Popyrin,R,196.0,AUS,26.557,47.0,1050.0,MQ75,,,Kamil Majchrzak,R,183.0,POL,30.116,56.0,920.0,3-6 6-3 7-5,3,R32,112.0,10.0,0.0,75.0,54.0,42.0,13.0,15.0,0.0,2.0,4.0,2.0,81.0,42.0,34.0,18.0,15.0,2.0,5.0
2026-8996,Santiago,Clay,28,250,O,20260224,5,G0FW,,,Vilius Gaubas,R,178.0,LTU,21.155,107.0,558.0,S0EK,,,Matias Soto,R,170.0,CHI,26.831,316.0,157.0,6-2 6-3,3,R32,95.0,5.0,0.0,58.0,45.0,30.0,9.0,9.0,2.0,3.0,1.0,6.0,65.0,28.0,14.0,18.0,8.0,4.0,8.0
2026-8996,Santiago,Clay,28,250,O,20260224,6,M0K4,,,Elmer Moller,R,183.0,DEN,22.631,127.0,509.0,B0FV,,,Roman Andres Burruchaga,R,183.0,ARG,24.088,96.0,617.0,7-6(4) 0-6 6-4,3,R32,145.0,2.0,13.0,96.0,54.0,27.0,21.0,14.0,7.0,15.0,4.0,5.0,98.0,62.0,38.0,17.0,14.0,5.0,11.0
2026-807,Acapulco,Hard,32,500,O,20260225,8,MC65,,,Gael Monfils,R,193.0,FRA,39.485,170.0,360.0,D923,,,Damir Dzumhur,R,175.0,BIH,33.769,60.0,877.0,6-4 7-6(5),3,R32,112.0,8.0,8.0,70.0,38.0,29.0,14.0,11.0,3.0,6.0,0.0,2.0,82.0,48.0,28.0,14.0,11.0,6.0,10.0
2026-807,Acapulco,Hard,32,500,O,20260225,9,Z355,1.0,,Alexander Zverev,R,198.0,GER,28.851,4.0,4555.0,MW02,,,Corentin Moutet,L,180.0,FRA,26.856,35.0,1383.0,6-2 6-4,3,R32,91.0,7.0,0.0,48.0,38.0,30.0,6.0,9.0,0.0,0.0,2.0,1.0,64.0,43.0,25.0,12.0,9.0,4.0,7.0
2026-807,Acapulco,Hard,32,500,O,20260225,10,WB32,,,Yibing Wu,R,183.0,CHN,26.368,142.0,434.0,RH16,3,,Casper Ruud,R,183.0,NOR,27.179,12.0,2665.0,7-6(2) 7-6(1),3,R32,125.0,6.0,0.0,79.0,49.0,37.0,20.0,12.0,4.0,5.0,12.0,3.0,81.0,55.0,40.0,14.0,12.0,6.0,7.0
2026-807,Acapulco,Hard,32,500,O,20260225,11,C0E9,5.0,,Flavio Cobolli,R,183.0,ITA,23.808,20.0,2030.0,P0J1,,,Rodrigo Pacheco Mendez,L,191.0,MEX,20.838,218.0,270.0,7-6(3) 7-6(3),3,R32,118.0,10.0,6.0,79.0,37.0,32.0,22.0,12.0,2.0,5.0,5.0,1.0,79.0,54.0,36.0,14.0,12.0,6.0,9.0
2026-807,Acapulco,Hard,32,500,O,20260225,12,TD51,8.0,,Frances Tiafoe,R,188.0,USA,28.099,28.0,1590.0,BT72,,,Nuno Borges,R,185.0,POR,29.016,48.0,1045.0,6-4 6-4,3,R32,90.0,4.0,0.0,61.0,40.0,29.0,14.0,10.0,4.0,5.0,12.0,2.0,66.0,40.0,28.0,11.0,10.0,4.0,7.0
2026-807,Acapulco,Hard,32,500,O,20260225,13,A0GC,,,Terence Atmane,L,193.0,FRA,24.129,63.0,858.0,D875,,,Grigor Dimitrov,R,191.0,BUL,34.782,44.0,1105.0,6-3 6-3,3,R32,82.0,5.0,0.0,50.0,35.0,29.0,8.0,9.0,2.0,2.0,4.0,4.0,63.0,40.0,31.0,6.0,9.0,6.0,9.0
2026-807,Acapulco,Hard,32,500,O,20260225,14,B0GG,,,Mattia Bellucci,L,175.0,ITA,24.736,110.0,553.0,H0BH,,,Rinky Hijikata,R,178.0,AUS,25.005,115.0,547.0,7-6(5) 6-3,3,R32,124.0,6.0,2.0,64.0,34.0,24.0,13.0,10.0,3.0,7.0,1.0,5.0,81.0,39.0,28.0,12.0,11.0,4.0,10.0
2026-807,Acapulco,Hard,32,500,O,20260225,15,SY67,,,Sho Shimabukuro,R,180.0,JPN,28.575,130.0,479.0,ME82,,,Adrian Mannarino,L,180.0,FRA,37.659,51.0,1025.0,6-3 6-4,3,R32,78.0,3.0,2.0,57.0,36.0,25.0,15.0,10.0,2.0,3.0,5.0,4.0,55.0,30.0,22.0,11.0,9.0,2.0,5.0
2026-807,Acapulco,Hard,32,500,O,20260225,16,S0GD,,,Dalibor Svrcina,R,178.0,CZE,23.4,123.0,519.0,D994,,,James Duckworth,R,183.0,AUS,34.097,83.0,691.0,6-4 6-1,3,R32,92.0,2.0,3.0,48.0,26.0,21.0,11.0,8.0,1.0,2.0,5.0,10.0,77.0,38.0,23.0,15.0,9.0,5.0,10.0
2026-8996,Santiago,Clay,28,250,O,20260225,7,TE30,8.0,,Alejandro Tabilo,L,188.0,CHI,28.734,42.0,1113.0,BS86,,,Tomas Barrios Vera,R,191.0,CHI,28.211,112.0,551.0,7-5 6-3,3,R32,99.0,7.0,0.0,59.0,45.0,34.0,9.0,11.0,2.0,3.0,2.0,4.0,71.0,42.0,25.0,15.0,10.0,5.0,8.0
2026-8996,Santiago,Clay,28,250,O,20260225,8,N0AM,,,Emilio Nava,R,185.0,USA,24.233,79.0,710.0,BK40,6,,Matteo Berrettini,R,196.0,ITA,29.873,57.0,910.0,6-3 6-4,3,R32,86.0,4.0,4.0,63.0,38.0,32.0,13.0,10.0,3.0,3.0,3.0,2.0,50.0,37.0,27.0,6.0,9.0,2.0,4.0
2026-8996,Santiago,Clay,28,250,O,20260225,9,GD64,,,Cristian Garin,R,185.0,CHI,29.741,93.0,656.0,C0C8,,,Juan Manuel Cerundolo,L,183.0,ARG,24.279,70.0,781.0,3-6 6-3 6-3,3,R32,141.0,2.0,6.0,92.0,53.0,34.0,16.0,14.0,5.0,10.0,2.0,2.0,73.0,48.0,26.0,13.0,13.0,7.0,13.0
2026-8996,Santiago,Clay,28,250,O,20260225,10,N0BS,,,Mariano Navone,R,178.0,ARG,24.994,77.0,725.0,KI82,,,Vit Kopriva,R,178.0,CZE,28.698,65.0,848.0,3-6 6-0 3-1 RET,3,R32,90.0,0.0,4.0,50.0,31.0,20.0,12.0,10.0,1.0,4.0,1.0,7.0,62.0,32.0,20.0,11.0,9.0,6.0,11.0
2026-8996,Santiago,Clay,28,250,O,20260225,11,T0A1,,,Thiago Agustin Tirante,R,185.0,ARG,24.879,76.0,739.0,B0ID,,,Ignacio Buse,R,183.0,PER,21.922,66.0,848.0,2-6 7-6(0) 7-6(2),3,R32,174.0,13.0,6.0,102.0,61.0,44.0,19.0,16.0,2.0,7.0,5.0,6.0,111.0,62.0,44.0,24.0,16.0,8.0,11.0
2026-8996,Santiago,Clay,28,250,O,20260225,12,V0DP,,,Adolfo Daniel Vallejo,R,183.0,PAR,21.829,106.0,561.0,P0CT,,,Francesco Passaro,R,180.0,ITA,25.133,144.0,431.0,6-3 3-3 RET,3,R32,57.0,2.0,1.0,39.0,24.0,18.0,7.0,7.0,3.0,5.0,2.0,3.0,52.0,37.0,19.0,6.0,8.0,5.0,9.0
2026-495,Dubai,Hard,32,500,O,20260225,17,MM58,3.0,,Daniil Medvedev,R,198.0,RUS,30.04,11.0,2960.0,W367,,,Stan Wawrinka,R,183.0,SUI,40.914,99.0,599.0,6-2 6-3,3,R16,73.0,7.0,1.0,43.0,32.0,24.0,3.0,8.0,1.0,3.0,3.0,2.0,67.0,34.0,20.0,10.0,9.0,6.0,12.0
2026-495,Dubai,Hard,32,500,O,20260225,18,M0NI,6.0,,Jakub Mensik,R,196.0,CZE,20.485,13.0,2595.0,P09Z,,,Alexei Popyrin,R,196.0,AUS,26.56,47.0,1050.0,6-3 6-2,3,R16,64.0,7.0,2.0,49.0,29.0,24.0,12.0,9.0,0.0,0.0,4.0,0.0,46.0,28.0,17.0,8.0,8.0,2.0,5.0
2026-495,Dubai,Hard,32,500,O,20260225,19,AG37,1.0,,Felix Auger-Aliassime,R,193.0,CAN,25.55,8.0,4080.0,M0GZ,,,Giovanni Mpetshi Perricard,R,203.0,FRA,22.637,58.0,905.0,6-4 6-4,3,R16,81.0,8.0,3.0,49.0,35.0,29.0,9.0,10.0,2.0,3.0,11.0,1.0,61.0,41.0,28.0,8.0,10.0,2.0,5.0
2026-495,Dubai,Hard,32,500,O,20260225,20,GJ37,,,Tallon Griekspoor,R,188.0,NED,29.651,25.0,1655.0,BK92,2,,Alexander Bublik,R,196.0,KAZ,28.693,10.0,3405.0,6-3 7-6(4),3,R16,81.0,14.0,0.0,61.0,40.0,35.0,15.0,11.0,3.0,3.0,12.0,2.0,64.0,42.0,31.0,12.0,10.0,2.0,3.0
2026-495,Dubai,Hard,32,500,O,20260225,21,B0CD,,,Jenson Brooksby,R,193.0,USA,25.333,49.0,1042.0,KE29,7,,Karen Khachanov,R,198.0,RUS,29.766,16.0,2450.0,7-6(6) 6-4,3,R16,103.0,4.0,1.0,74.0,48.0,36.0,19.0,11.0,0.0,0.0,7.0,1.0,65.0,47.0,37.0,10.0,11.0,0.0,1.0
2026-495,Dubai,Hard,32,500,O,20260225,22,L0BV,8.0,,Jiri Lehecka,R,185.0,CZE,24.298,24.0,1760.0,CD85,,,Pablo Carreno Busta,R,188.0,ESP,34.626,124.0,516.0,7-6(6) 6-4,3,R16,111.0,16.0,2.0,85.0,54.0,40.0,16.0,11.0,8.0,10.0,5.0,0.0,67.0,45.0,27.0,14.0,11.0,2.0,5.0
2026-495,Dubai,Hard,32,500,O,20260225,23,RE44,5.0,,Andrey Rublev,R,188.0,RUS,28.35,18.0,2210.0,HH26,,,Ugo Humbert,L,188.0,FRA,27.669,37.0,1285.0,6-4 6-7(5) 6-3,3,R16,143.0,15.0,7.0,98.0,63.0,55.0,17.0,16.0,4.0,4.0,17.0,4.0,103.0,62.0,48.0,20.0,15.0,7.0,9.0
2026-8996,Santiago,Clay,28,250,O,20260225,13,H997,,,Yannick Hanfmann,R,193.0,GER,34.286,81.0,695.0,U182,4,,Camilo Ugo Carabelli,R,185.0,ARG,26.694,59.0,880.0,6-4 6-3,3,R16,96.0,5.0,1.0,63.0,37.0,26.0,15.0,10.0,0.0,1.0,4.0,7.0,71.0,48.0,31.0,9.0,9.0,4.0,7.0
2026-495,Dubai,Hard,32,500,O,20260226,24,RC91,,,Arthur Rinderknech,R,196.0,FRA,30.598,31.0,1530.0,D0CO,4,,Jack Draper,L,193.0,GBR,24.181,15.0,2460.0,7-5 6-7(4) 6-4,3,R16,146.0,20.0,0.0,108.0,77.0,65.0,13.0,17.0,2.0,2.0,11.0,3.0,99.0,65.0,52.0,22.0,17.0,4.0,6.0
2026-807,Acapulco,Hard,32,500,O,20260226,17,VA25,6.0,,Valentin Vacherot,R,193.0,MON,27.28,27.0,1591.0,MC65,,,Gael Monfils,R,193.0,FRA,39.488,170.0,360.0,6-3 6-3,3,R16,68.0,8.0,1.0,48.0,32.0,29.0,9.0,9.0,0.0,0.0,5.0,3.0,61.0,38.0,26.0,8.0,9.0,10.0,13.0
2026-807,Acapulco,Hard,32,500,O,20260226,18,KI95,,,Miomir Kecmanovic,R,183.0,SRB,26.491,84.0,685.0,Z355,1,,Alexander Zverev,R,198.0,GER,28.854,4.0,4555.0,6-3 6-7(3) 7-6(4),3,R16,155.0,13.0,3.0,104.0,69.0,56.0,22.0,17.0,2.0,3.0,17.0,2.0,93.0,65.0,53.0,15.0,16.0,2.0,4.0
2026-807,Acapulco,Hard,32,500,O,20260226,19,B0GG,,,Mattia Bellucci,L,175.0,ITA,24.739,110.0,553.0,DH50,4,,Alejandro Davidovich Fokina,R,180.0,ESP,26.729,14.0,2470.0,6-3 6-3,3,R16,73.0,10.0,0.0,45.0,33.0,30.0,8.0,9.0,1.0,1.0,2.0,1.0,57.0,40.0,23.0,8.0,9.0,2.0,5.0
2026-807,Acapulco,Hard,32,500,O,20260226,20,C0E9,5.0,,Flavio Cobolli,R,183.0,ITA,23.811,20.0,2030.0,S0GD,,,Dalibor Svrcina,R,178.0,CZE,23.403,123.0,519.0,6-4 6-4,3,R16,109.0,8.0,3.0,71.0,43.0,37.0,11.0,10.0,6.0,6.0,2.0,1.0,74.0,43.0,26.0,21.0,10.0,5.0,7.0
2026-807,Acapulco,Hard,32,500,O,20260226,21,TD51,8.0,,Frances Tiafoe,R,188.0,USA,28.101,28.0,1590.0,K0AZ,,,Aleksandar Kovacevic,R,183.0,USA,27.496,75.0,746.0,6-4 3-6 7-6(7),3,R16,138.0,9.0,0.0,89.0,56.0,42.0,24.0,15.0,1.0,2.0,19.0,3.0,96.0,62.0,47.0,23.0,16.0,3.0,4.0
2026-807,Acapulco,Hard,32,500,O,20260226,22,A0GC,,,Terence Atmane,L,193.0,FRA,24.131,63.0,858.0,J0DZ,,,Rafael Jodar,R,191.0,ESP,19.444,114.0,548.0,6-2 4-6 6-1,3,R16,101.0,6.0,1.0,75.0,49.0,37.0,17.0,13.0,3.0,4.0,3.0,0.0,66.0,44.0,29.0,10.0,12.0,1.0,5.0
2026-807,Acapulco,Hard,32,500,O,20260226,23,N0AE,,,Brandon Nakashima,R,188.0,USA,24.567,29.0,1535.0,K0A3,,,Patrick Kypson,R,188.0,USA,26.333,103.0,565.0,6-4 6-4,3,R16,94.0,11.0,0.0,59.0,39.0,35.0,9.0,10.0,2.0,2.0,3.0,4.0,69.0,43.0,32.0,9.0,10.0,4.0,6.0
2026-807,Acapulco,Hard,32,500,O,20260226,24,WB32,,,Yibing Wu,R,183.0,CHN,26.371,142.0,434.0,SY67,,,Sho Shimabukuro,R,180.0,JPN,28.578,130.0,479.0,6-3 7-6(4),3,R16,88.0,7.0,2.0,68.0,43.0,35.0,17.0,11.0,1.0,1.0,14.0,1.0,59.0,40.0,33.0,10.0,10.0,0.0,1.0
2026-8996,Santiago,Clay,28,250,O,20260226,14,D0FJ,2.0,,Luciano Darderi,R,183.0,ITA,24.033,21.0,1904.0,N0BS,,,Mariano Navone,R,178.0,ARG,24.997,77.0,725.0,6-3 3-6 6-4,3,R16,146.0,2.0,3.0,98.0,51.0,37.0,21.0,14.0,9.0,13.0,1.0,6.0,86.0,54.0,35.0,11.0,14.0,7.0,12.0
2026-8996,Santiago,Clay,28,250,O,20260226,15,PH64,,,Andrea Pellegrino,R,185.0,ITA,28.931,137.0,447.0,C0DF,7,,Francisco Comesana,R,178.0,ARG,25.391,82.0,694.0,7-6(3) 6-7(2) 6-3,3,R16,171.0,3.0,5.0,109.0,54.0,38.0,34.0,16.0,4.0,6.0,9.0,11.0,111.0,64.0,53.0,18.0,17.0,3.0,7.0
2026-8996,Santiago,Clay,28,250,O,20260226,16,G0FW,,,Vilius Gaubas,R,178.0,LTU,21.161,107.0,558.0,P0HW,,,Dino Prizmic,R,188.0,CRO,20.561,120.0,529.0,5-7 7-5 6-3,3,R16,182.0,0.0,6.0,101.0,62.0,45.0,19.0,17.0,2.0,5.0,9.0,5.0,104.0,65.0,47.0,16.0,16.0,9.0,13.0
2026-495,Dubai,Hard,32,500,O,20260226,25,MM58,3.0,,Daniil Medvedev,R,198.0,RUS,30.042,11.0,2960.0,B0CD,,,Jenson Brooksby,R,193.0,USA,25.336,49.0,1042.0,6-2 6-1,3,QF,56.0,7.0,0.0,42.0,35.0,27.0,4.0,7.0,0.0,0.0,0.0,2.0,46.0,36.0,17.0,4.0,8.0,6.0,11.0
2026-495,Dubai,Hard,32,500,O,20260226,26,RE44,5.0,,Andrey Rublev,R,188.0,RUS,28.353,18.0,2210.0,RC91,,,Arthur Rinderknech,R,196.0,FRA,30.598,31.0,1530.0,6-2 6-4,3,QF,75.0,5.0,1.0,51.0,29.0,23.0,12.0,9.0,1.0,2.0,7.0,3.0,60.0,32.0,19.0,11.0,9.0,3.0,7.0
2026-495,Dubai,Hard,32,500,O,20260226,27,AG37,1.0,,Felix Auger-Aliassime,R,193.0,CAN,25.552,8.0,4080.0,L0BV,8,,Jiri Lehecka,R,185.0,CZE,24.301,24.0,1760.0,6-3 7-6(2),3,QF,112.0,16.0,2.0,64.0,42.0,35.0,13.0,10.0,2.0,2.0,7.0,0.0,95.0,63.0,42.0,15.0,11.0,7.0,9.0
2026-8996,Santiago,Clay,28,250,O,20260226,17,N0AM,,,Emilio Nava,R,185.0,USA,24.235,79.0,710.0,V0DP,,,Adolfo Daniel Vallejo,R,183.0,PAR,21.832,106.0,561.0,7-5 6-3,3,R16,89.0,12.0,3.0,66.0,48.0,41.0,7.0,11.0,8.0,9.0,3.0,2.0,67.0,42.0,25.0,13.0,10.0,3.0,6.0
2026-495,Dubai,Hard,32,500,O,20260226,28,GJ37,,,Tallon Griekspoor,R,188.0,NED,29.654,25.0,1655.0,M0NI,6,,Jakub Mensik,R,196.0,CZE,20.487,13.0,2595.0,6-3 3-6 6-2,3,QF,102.0,6.0,3.0,69.0,41.0,34.0,16.0,13.0,0.0,1.0,16.0,1.0,70.0,47.0,32.0,12.0,13.0,0.0,3.0
2026-8996,Santiago,Clay,28,250,O,20260226,18,C0AU,1.0,,Francisco Cerundolo,R,185.0,ARG,27.54,19.0,2170.0,M0K4,,,Elmer Moller,R,183.0,DEN,22.637,127.0,509.0,6-2 6-2,3,R16,70.0,3.0,2.0,47.0,28.0,25.0,9.0,8.0,0.0,0.0,1.0,4.0,46.0,29.0,17.0,7.0,8.0,3.0,7.0
2026-807,Acapulco,Hard,32,500,O,20260227,25,N0AE,,,Brandon Nakashima,R,188.0,USA,24.569,29.0,1535.0,VA25,6,,Valentin Vacherot,R,193.0,MON,27.283,27.0,1591.0,2-6 6-2 6-3,3,QF,107.0,8.0,1.0,70.0,51.0,40.0,9.0,13.0,2.0,4.0,9.0,1.0,77.0,53.0,38.0,12.0,12.0,4.0,7.0
2026-807,Acapulco,Hard,32,500,O,20260227,26,C0E9,5.0,,Flavio Cobolli,R,183.0,ITA,23.814,20.0,2030.0,WB32,,,Yibing Wu,R,183.0,CHN,26.374,142.0,434.0,7-6(4) 6-1,3,QF,95.0,10.0,4.0,74.0,36.0,30.0,20.0,10.0,8.0,8.0,1.0,0.0,55.0,37.0,26.0,9.0,9.0,1.0,3.0
2026-807,Acapulco,Hard,32,500,O,20260227,27,TD51,8.0,,Frances Tiafoe,R,188.0,USA,28.104,28.0,1590.0,B0GG,,,Mattia Bellucci,L,175.0,ITA,24.742,110.0,553.0,6-3 6-4,3,QF,106.0,5.0,3.0,79.0,53.0,34.0,11.0,9.0,8.0,10.0,6.0,3.0,62.0,42.0,22.0,11.0,10.0,3.0,8.0
2026-807,Acapulco,Hard,32,500,O,20260227,28,KI95,,,Miomir Kecmanovic,R,183.0,SRB,26.494,84.0,685.0,A0GC,,,Terence Atmane,L,193.0,FRA,24.134,63.0,858.0,6-3 6-3,3,QF,90.0,5.0,0.0,48.0,29.0,23.0,13.0,9.0,0.0,1.0,6.0,2.0,74.0,45.0,26.0,13.0,9.0,9.0,13.0
2026-8996,Santiago,Clay,28,250,O,20260227,19,TE30,8.0,,Alejandro Tabilo,L,188.0,CHI,28.739,42.0,1113.0,T0A1,,,Thiago Agustin Tirante,R,185.0,ARG,24.884,76.0,739.0,4-6 6-3 6-3,3,R16,127.0,7.0,2.0,73.0,45.0,33.0,19.0,14.0,1.0,3.0,6.0,5.0,94.0,58.0,40.0,16.0,14.0,8.0,12.0
2026-8996,Santiago,Clay,28,250,O,20260227,20,B0BI,3.0,,Sebastian Baez,R,170.0,ARG,25.166,52.0,1005.0,GD64,,,Cristian Garin,R,185.0,CHI,29.747,93.0,656.0,7-6(2) 1-6 7-5,3,R16,153.0,2.0,4.0,115.0,82.0,53.0,17.0,15.0,11.0,15.0,6.0,2.0,97.0,65.0,50.0,12.0,16.0,5.0,8.0
2026-495,Dubai,Hard,32,500,O,20260227,29,GJ37,,,Tallon Griekspoor,R,188.0,NED,29.656,25.0,1655.0,RE44,5,,Andrey Rublev,R,188.0,RUS,28.356,18.0,2210.0,7-5 7-6(6),3,SF,105.0,19.0,2.0,82.0,57.0,42.0,17.0,12.0,6.0,6.0,20.0,2.0,70.0,47.0,40.0,13.0,12.0,0.0,1.0
2026-495,Dubai,Hard,32,500,O,20260227,30,MM58,3.0,,Daniil Medvedev,R,198.0,RUS,30.045,11.0,2960.0,AG37,1,,Felix Auger-Aliassime,R,193.0,CAN,25.555,8.0,4080.0,6-4 6-2,3,SF,83.0,7.0,2.0,43.0,26.0,23.0,13.0,9.0,0.0,0.0,7.0,2.0,64.0,44.0,28.0,8.0,9.0,1.0,4.0
2026-8996,Santiago,Clay,28,250,O,20260227,21,C0AU,1.0,,Francisco Cerundolo,R,185.0,ARG,27.543,19.0,2170.0,N0AM,,,Emilio Nava,R,185.0,USA,24.238,79.0,710.0,6-1 6-1,3,QF,66.0,1.0,1.0,41.0,26.0,21.0,9.0,7.0,2.0,2.0,2.0,2.0,56.0,34.0,17.0,7.0,7.0,8.0,13.0
2026-8996,Santiago,Clay,28,250,O,20260227,22,H997,,,Yannick Hanfmann,R,193.0,GER,34.292,81.0,695.0,G0FW,,,Vilius Gaubas,R,178.0,LTU,21.164,107.0,558.0,3-6 6-2 6-2,3,QF,132.0,5.0,4.0,77.0,46.0,34.0,18.0,12.0,6.0,8.0,4.0,1.0,93.0,70.0,43.0,7.0,13.0,10.0,15.0
2026-8996,Santiago,Clay,28,250,O,20260228,23,D0FJ,2.0,,Luciano Darderi,R,183.0,ITA,24.038,21.0,1904.0,PH64,,,Andrea Pellegrino,R,185.0,ITA,28.936,137.0,447.0,6-3 3-6 6-2,3,QF,121.0,7.0,1.0,69.0,35.0,30.0,17.0,13.0,2.0,4.0,0.0,3.0,94.0,49.0,32.0,20.0,13.0,9.0,13.0
2026-807,Acapulco,Hard,32,500,O,20260228,29,TD51,8.0,,Frances Tiafoe,R,188.0,USA,28.107,28.0,1590.0,N0AE,,,Brandon Nakashima,R,188.0,USA,24.572,29.0,1535.0,3-6 7-6(6) 6-4,3,SF,171.0,7.0,2.0,106.0,62.0,45.0,19.0,15.0,6.0,10.0,16.0,1.0,101.0,68.0,48.0,18.0,16.0,7.0,11.0
2026-807,Acapulco,Hard,32,500,O,20260228,30,C0E9,5.0,,Flavio Cobolli,R,183.0,ITA,23.817,20.0,2030.0,KI95,,,Miomir Kecmanovic,R,183.0,SRB,26.497,84.0,685.0,7-6(5) 3-6 6-4,3,SF,146.0,13.0,3.0,95.0,49.0,36.0,23.0,15.0,4.0,8.0,7.0,2.0,96.0,57.0,42.0,21.0,16.0,4.0,8.0
2026-8996,Santiago,Clay,28,250,O,20260228,24,B0BI,3.0,,Sebastian Baez,R,170.0,ARG,25.169,52.0,1005.0,TE30,8,,Alejandro Tabilo,L,188.0,CHI,28.742,42.0,1113.0,7-6(2) 6-1,3,QF,81.0,1.0,3.0,70.0,53.0,40.0,11.0,10.0,3.0,3.0,6.0,0.0,52.0,33.0,24.0,8.0,9.0,2.0,4.0
2026-495,Dubai,Hard,32,500,O,20260228,31,MM58,3.0,,Daniil Medvedev,R,198.0,RUS,30.048,11.0,2960.0,GJ37,,,Tallon Griekspoor,R,188.0,NED,29.659,25.0,1655.0,W/O,3,F,,,,,,,,,,,,,,,,,,,
2026-8996,Santiago,Clay,28,250,O,20260301,25,H997,,,Yannick Hanfmann,R,193.0,GER,34.297,81.0,695.0,C0AU,1,,Francisco Cerundolo,R,185.0,ARG,27.548,19.0,2170.0,6-3 6-4,3,SF,84.0,0.0,0.0,58.0,34.0,27.0,16.0,10.0,2.0,2.0,5.0,2.0,54.0,39.0,27.0,7.0,9.0,1.0,3.0
2026-8996,Santiago,Clay,28,250,O,20260301,26,D0FJ,2.0,,Luciano Darderi,R,183.0,ITA,24.041,21.0,1904.0,B0BI,3,,Sebastian Baez,R,170.0,ARG,25.172,52.0,1005.0,6-4 6-3,3,SF,89.0,2.0,5.0,68.0,31.0,22.0,18.0,10.0,4.0,6.0,0.0,4.0,51.0,31.0,20.0,9.0,9.0,3.0,7.0
2026-807,Acapulco,Hard,32,500,O,20260301,31,C0E9,5.0,,Flavio Cobolli,R,183.0,ITA,23.819,20.0,2030.0,TD51,8,,Frances Tiafoe,R,188.0,USA,28.11,28.0,1590.0,7-6(4) 6-4,3,F,129.0,10.0,2.0,72.0,53.0,42.0,9.0,11.0,2.0,3.0,6.0,1.0,84.0,48.0,35.0,16.0,11.0,4.0,6.0
2026-8996,Santiago,Clay,28,250,O,20260302,27,D0FJ,2.0,,Luciano Darderi,R,183.0,ITA,24.044,21.0,1904.0,H997,,,Yannick Hanfmann,R,193.0,GER,34.3,81.0,695.0,7-6(6) 7-5,3,F,107.0,6.0,3.0,71.0,49.0,39.0,13.0,12.0,2.0,4.0,10.0,2.0,71.0,45.0,32.0,14.0,12.0,3.0,6.0
2026-404,Indian Wells Masters,Hard,96,M,O,20260304,1,U182,,,Camilo Ugo Carabelli,R,185.0,ARG,26.713,67.0,790.0,D0DT,,,Martin Damm,L,203.0,USA,23.09,129.0,477.0,7-6(5) 6-3,3,R128,110.0,8.0,5.0,83.0,50.0,42.0,17.0,11.0,5.0,5.0,9.0,2.0,70.0,43.0,31.0,16.0,10.0,4.0,5.0
2026-404,Indian Wells Masters,Hard,96,M,O,20260304,2,W09E,,,Adam Walton,R,183.0,AUS,26.88,91.0,650.0,HB64,,,Quentin Halys,R,191.0,FRA,29.352,102.0,600.0,6-3 6-3,3,R128,77.0,12.0,1.0,64.0,42.0,34.0,9.0,9.0,5.0,5.0,7.0,1.0,45.0,25.0,19.0,10.0,9.0,1.0,4.0
2026-404,Indian Wells Masters,Hard,96,M,O,20260304,3,O522,,,Reilly Opelka,R,211.0,USA,28.517,68.0,786.0,Q02L,,,Ethan Quinn,R,191.0,USA,21.979,73.0,761.0,7-5 7-6(3),3,R128,101.0,17.0,6.0,67.0,46.0,39.0,13.0,12.0,4.0,5.0,5.0,3.0,85.0,53.0,38.0,14.0,12.0,5.0,7.0
2026-404,Indian Wells Masters,Hard,96,M,O,20260304,4,BU13,,,Zizou Bergs,R,185.0,BEL,26.754,47.0,1030.0,SL28,,,Jan-Lennard Struff,R,193.0,GER,35.86,80.0,719.0,6-3 6-4,3,R128,73.0,5.0,2.0,53.0,31.0,27.0,14.0,10.0,0.0,0.0,5.0,4.0,64.0,39.0,31.0,10.0,9.0,8.0,10.0
2026-404,Indian Wells Masters,Hard,96,M,O,20260304,5,GC88,,,Marcos Giron,R,180.0,USA,32.613,69.0,780.0,N0BS,,,Mariano Navone,R,178.0,ARG,25.016,79.0,725.0,4-6 7-5 6-3,3,R128,140.0,5.0,2.0,86.0,61.0,44.0,13.0,15.0,3.0,6.0,4.0,5.0,93.0,69.0,49.0,7.0,16.0,6.0,11.0
2026-404,Indian Wells Masters,Hard,96,M,O,20260304,6,KI95,,,Miomir Kecmanovic,R,183.0,SRB,26.511,58.0,875.0,AE14,,,Daniel Altmaier,R,188.0,GER,27.477,55.0,921.0,6-3 1-0 RET,3,R128,61.0,7.0,2.0,32.0,18.0,16.0,8.0,5.0,0.0,0.0,6.0,2.0,51.0,33.0,19.0,8.0,5.0,4.0,6.0
2026-404,Indian Wells Masters,Hard,96,M,O,20260305,7,B0CD,,,Jenson Brooksby,R,193.0,USA,25.355,41.0,1135.0,P09Z,,,Alexei Popyrin,R,196.0,AUS,26.582,45.0,1050.0,6-3 6-4,3,R128,91.0,2.0,1.0,62.0,47.0,34.0,11.0,10.0,2.0,2.0,8.0,0.0,64.0,47.0,30.0,8.0,9.0,3.0,5.0
2026-404,Indian Wells Masters,Hard,96,M,O,20260305,8,D0F6,,,Gabriel Diallo,R,203.0,CAN,24.444,38.0,1175.0,B0GG,,,Mattia Bellucci,L,175.0,ITA,24.758,94.0,640.0,7-6(5) 6-4,3,R128,133.0,10.0,1.0,75.0,50.0,38.0,15.0,11.0,1.0,1.0,8.0,2.0,83.0,53.0,38.0,16.0,11.0,6.0,7.0
2026-404,Indian Wells Masters,Hard,96,M,O,20260305,9,F724,,,Marton Fucsovics,R,188.0,HUN,34.07,56.0,916.0,O483,,,Christopher O'Connell,R,183.0,AUS,31.754,127.0,493.0,7-5 6-3,3,R128,90.0,5.0,0.0,54.0,40.0,33.0,9.0,11.0,0.0,1.0,5.0,1.0,67.0,36.0,24.0,15.0,10.0,1.0,4.0
2026-404,Indian Wells Masters,Hard,96,M,O,20260305,10,S0GD,,,Dalibor Svrcina,R,178.0,CZE,23.422,109.0,569.0,D994,,,James Duckworth,R,183.0,AUS,34.119,83.0,691.0,6-2 6-4,3,R128,91.0,3.0,5.0,67.0,41.0,34.0,11.0,9.0,7.0,7.0,4.0,0.0,64.0,39.0,24.0,13.0,9.0,8.0,11.0
2026-404,Indian Wells Masters,Hard,96,M,O,20260305,11,MC65,,,Gael Monfils,R,193.0,FRA,39.507,148.0,410.0,GK06,,,Alexis Galarneau,R,180.0,CAN,27.009,219.0,265.0,6-3 6-4,3,R128,82.0,6.0,1.0,62.0,44.0,32.0,9.0,10.0,2.0,4.0,1.0,6.0,60.0,35.0,19.0,11.0,9.0,4.0,8.0
2026-404,Indian Wells Masters,Hard,96,M,O,20260305,12,BK40,,,Matteo Berrettini,R,196.0,ITA,29.895,66.0,820.0,ME82,,,Adrian Mannarino,L,180.0,FRA,37.681,48.0,1025.0,4-6 7-5 7-5,3,R128,168.0,14.0,3.0,100.0,69.0,51.0,16.0,17.0,7.0,10.0,6.0,2.0,113.0,73.0,51.0,18.0,17.0,5.0,9.0
2026-404,Indian Wells Masters,Hard,96,M,O,20260305,13,P0HW,,,Dino Prizmic,R,188.0,CRO,20.58,119.0,541.0,S0N0,,,Tristan Schoolkate,R,183.0,AUS,25.018,118.0,547.0,7-6(5) 3-6 7-5,3,R128,150.0,7.0,4.0,93.0,51.0,42.0,27.0,16.0,1.0,2.0,16.0,1.0,96.0,63.0,55.0,18.0,17.0,4.0,5.0
2026-404,Indian Wells Masters,Hard,96,M,O,20260305,14,F0FV,,,Joao Fonseca,R,188.0,BRA,19.537,35.0,1240.0,C0JP,,,Raphael Collignon,R,191.0,BEL,24.14,77.0,733.0,7-6(2) 6-4,3,R128,102.0,3.0,0.0,64.0,46.0,34.0,13.0,11.0,0.0,1.0,5.0,4.0,77.0,50.0,34.0,12.0,11.0,5.0,7.0
2026-404,Indian Wells Masters,Hard,96,M,O,20260305,15,S0K7,,,Zachary Svajda,R,175.0,USA,23.264,99.0,614.0,C977,,,Marin Cilic,R,198.0,CRO,37.432,51.0,990.0,7-6(5) 6-4,3,R128,106.0,5.0,1.0,78.0,47.0,40.0,15.0,11.0,5.0,6.0,17.0,1.0,67.0,43.0,38.0,8.0,11.0,3.0,5.0
2026-404,Indian Wells Masters,Hard,96,M,O,20260305,16,SU55,,,Denis Shapovalov,L,185.0,CAN,26.888,39.0,1160.0,TE51,,,Stefanos Tsitsipas,R,193.0,GRE,27.562,43.0,1085.0,6-2 3-6 6-4,3,R128,106.0,3.0,2.0,67.0,45.0,35.0,12.0,13.0,1.0,3.0,0.0,3.0,84.0,49.0,33.0,16.0,14.0,6.0,10.0
2026-404,Indian Wells Masters,Hard,96,M,O,20260305,17,S0H2,,,Alexander Shevchenko,R,188.0,KAZ,25.262,88.0,659.0,SY67,,,Sho Shimabukuro,R,180.0,JPN,28.597,113.0,554.0,6-4 3-6 6-2,3,R128,130.0,8.0,0.0,91.0,48.0,35.0,24.0,13.0,4.0,5.0,6.0,10.0,91.0,46.0,33.0,23.0,14.0,4.0,7.0
2026-404,Indian Wells Masters,Hard,96,M,O,20260305,18,MQ75,,,Kamil Majchrzak,R,183.0,POL,30.141,57.0,895.0,M0GZ,,,Giovanni Mpetshi Perricard,R,203.0,FRA,22.658,54.0,930.0,6-3 1-6 7-5,3,R128,106.0,6.0,1.0,75.0,52.0,39.0,11.0,14.0,0.0,3.0,11.0,7.0,90.0,63.0,48.0,7.0,14.0,4.0,7.0
2026-404,Indian Wells Masters,Hard,96,M,O,20260305,19,K0AZ,,,Aleksandar Kovacevic,R,183.0,USA,27.518,72.0,771.0,HB71,,,Hubert Hurkacz,R,196.0,POL,29.062,71.0,775.0,7-6(6) 7-6(4),3,R128,111.0,9.0,4.0,82.0,56.0,44.0,15.0,12.0,2.0,3.0,10.0,5.0,85.0,58.0,43.0,13.0,12.0,2.0,3.0
2026-404,Indian Wells Masters,Hard,96,M,O,20260305,20,B0BI,,,Sebastian Baez,R,170.0,ARG,25.185,53.0,940.0,T0AP,,,Chun-Hsin Tseng,R,175.0,TPE,24.575,144.0,414.0,6-3 6-2,3,R128,76.0,0.0,1.0,52.0,40.0,31.0,5.0,8.0,4.0,4.0,0.0,5.0,57.0,40.0,25.0,4.0,9.0,4.0,8.0
2026-404,Indian Wells Masters,Hard,96,M,O,20260305,21,D875,,,Grigor Dimitrov,R,191.0,BUL,34.806,42.0,1105.0,A0GC,,,Terence Atmane,L,193.0,FRA,24.153,52.0,958.0,6-4 5-7 6-4,3,R128,145.0,3.0,2.0,94.0,58.0,43.0,17.0,16.0,2.0,6.0,10.0,8.0,117.0,63.0,46.0,21.0,16.0,11.0,16.0
2026-404,Indian Wells Masters,Hard,96,M,O,20260305,22,F0BY,,,Jacob Fearnley,R,183.0,GBR,24.641,87.0,662.0,D923,,,Damir Dzumhur,R,175.0,BIH,33.793,64.0,840.0,6-3 6-3,3,R128,83.0,6.0,5.0,53.0,33.0,28.0,8.0,9.0,1.0,2.0,1.0,2.0,63.0,43.0,25.0,7.0,9.0,6.0,10.0
2026-404,Indian Wells Masters,Hard,96,M,O,20260306,23,BD06,,,Roberto Bautista Agut,R,183.0,ESP,37.892,93.0,645.0,M0CI,,,Fabian Marozsan,R,193.0,HUN,26.409,46.0,1040.0,6-4 6-7(2) 6-4,3,R128,140.0,4.0,2.0,94.0,60.0,47.0,20.0,16.0,8.0,9.0,7.0,3.0,109.0,68.0,46.0,22.0,16.0,1.0,4.0
2026-404,Indian Wells Masters,Hard,96,M,O,20260306,24,BM95,,,Benjamin Bonzi,R,183.0,FRA,29.739,111.0,564.0,R0EB,,,Valentin Royer,R,188.0,FRA,24.769,60.0,872.0,6-4 6-3,3,R128,76.0,1.0,0.0,48.0,38.0,29.0,5.0,9.0,3.0,4.0,4.0,1.0,60.0,40.0,25.0,9.0,10.0,1.0,5.0
2026-404,Indian Wells Masters,Hard,96,M,O,20260306,25,M0QI,,,Alex Michelsen,R,193.0,USA,21.528,44.0,1085.0,M0N7,,,Daniel Merida,R,188.0,ESP,21.44,139.0,432.0,6-3 6-4,3,R128,69.0,6.0,1.0,55.0,41.0,32.0,9.0,10.0,0.0,1.0,4.0,3.0,56.0,41.0,23.0,9.0,9.0,1.0,4.0
2026-404,Indian Wells Masters,Hard,96,M,O,20260306,26,KI82,,,Vit Kopriva,R,178.0,CZE,28.723,62.0,848.0,Z0BZ,,,Michael Zheng,R,188.0,USA,22.105,145.0,414.0,7-6(1) 7-5,3,R128,129.0,3.0,8.0,83.0,47.0,32.0,16.0,12.0,4.0,8.0,1.0,2.0,99.0,65.0,37.0,12.0,12.0,5.0,10.0
2026-404,Indian Wells Masters,Hard,96,M,O,20260306,27,BT72,,,Nuno Borges,R,185.0,POR,29.04,49.0,1020.0,N0AM,,,Emilio Nava,R,185.0,USA,24.257,75.0,753.0,7-6(9) 7-5,3,R128,110.0,3.0,2.0,79.0,49.0,43.0,18.0,12.0,5.0,5.0,12.0,3.0,94.0,61.0,43.0,18.0,12.0,9.0,10.0
2026-404,Indian Wells Masters,Hard,96,M,O,20260306,28,C0C8,,,Juan Manuel Cerundolo,L,183.0,ARG,24.304,70.0,778.0,V812,,,Botic van de Zandschulp,R,191.0,NED,30.42,59.0,873.0,7-6(3) 6-7(5) 6-3,3,R128,162.0,12.0,1.0,128.0,88.0,61.0,19.0,17.0,4.0,7.0,4.0,9.0,102.0,65.0,47.0,18.0,16.0,1.0,5.0
2026-404,Indian Wells Masters,Hard,96,M,O,20260306,29,H0BH,,,Rinky Hijikata,R,178.0,AUS,25.029,117.0,547.0,M0IF,,,Francesco Maestrelli,R,196.0,ITA,23.206,114.0,553.0,7-6(5) 6-4,3,R128,107.0,5.0,2.0,76.0,44.0,32.0,20.0,11.0,4.0,5.0,7.0,2.0,71.0,52.0,40.0,7.0,11.0,6.0,8.0
2026-404,Indian Wells Masters,Hard,96,M,O,20260306,30,K0AH,,,Sebastian Korda,R,196.0,USA,25.667,37.0,1220.0,C0DF,,,Francisco Comesana,R,178.0,ARG,25.413,82.0,694.0,7-5 6-0,3,R128,78.0,0.0,2.0,49.0,29.0,22.0,7.0,9.0,1.0,4.0,1.0,1.0,58.0,35.0,14.0,8.0,9.0,4.0,11.0
2026-404,Indian Wells Masters,Hard,96,M,O,20260306,31,MK66,,,Mackenzie McDonald,R,178.0,USA,30.888,126.0,498.0,A0FC,,,Matteo Arnaldi,R,185.0,ITA,25.032,85.0,665.0,6-0 6-1,3,R128,62.0,2.0,0.0,51.0,27.0,18.0,16.0,7.0,5.0,5.0,2.0,5.0,34.0,14.0,6.0,7.0,6.0,2.0,7.0
2026-404,Indian Wells Masters,Hard,96,M,O,20260306,32,TE30,,,Alejandro Tabilo,L,188.0,CHI,28.758,40.0,1138.0,J0DZ,,,Rafael Jodar,R,191.0,ESP,19.466,103.0,594.0,6-1 6-2,3,R128,58.0,4.0,0.0,43.0,30.0,26.0,7.0,8.0,0.0,0.0,3.0,3.0,43.0,26.0,14.0,6.0,7.0,1.0,5.0
2026-404,Indian Wells Masters,Hard,96,M,O,20260306,33,T0HA,25.0,,Learner Tien,L,180.0,USA,20.257,27.0,1685.0,W09E,,,Adam Walton,R,183.0,AUS,26.886,91.0,650.0,7-6(3) 7-6(8),3,R64,104.0,9.0,4.0,82.0,46.0,36.0,23.0,12.0,2.0,3.0,11.0,0.0,92.0,67.0,47.0,13.0,12.0,4.0,5.0
2026-404,Indian Wells Masters,Hard,96,M,O,20260306,34,Z355,4.0,,Alexander Zverev,R,198.0,GER,28.876,4.0,4555.0,BK40,,,Matteo Berrettini,R,196.0,ITA,29.897,66.0,820.0,6-3 6-4,3,R64,71.0,4.0,1.0,46.0,35.0,31.0,9.0,10.0,0.0,0.0,5.0,2.0,52.0,38.0,29.0,7.0,9.0,3.0,5.0
2026-404,Indian Wells Masters,Hard,96,M,O,20260307,35,F724,,,Marton Fucsovics,R,188.0,HUN,34.075,56.0,916.0,M0EJ,5,,Lorenzo Musetti,R,185.0,ITA,24.011,5.0,4405.0,7-5 6-1,3,R64,88.0,4.0,2.0,58.0,36.0,29.0,12.0,10.0,1.0,2.0,1.0,2.0,65.0,41.0,27.0,7.0,9.0,7.0,11.0
2026-404,Indian Wells Masters,Hard,96,M,O,20260307,36,C0E9,15.0,,Flavio Cobolli,R,183.0,ITA,23.836,15.0,2480.0,KI95,,,Miomir Kecmanovic,R,183.0,SRB,26.516,58.0,875.0,3-6 6-3 6-4,3,R64,117.0,13.0,8.0,84.0,43.0,33.0,21.0,14.0,2.0,4.0,1.0,2.0,86.0,45.0,33.0,20.0,14.0,9.0,12.0
2026-404,Indian Wells Masters,Hard,96,M,O,20260307,37,AG37,9.0,,Felix Auger-Aliassime,R,193.0,CAN,25.577,9.0,3950.0,MC65,,,Gael Monfils,R,193.0,FRA,39.513,148.0,410.0,6-7(5) 6-3 6-4,3,R64,136.0,14.0,4.0,98.0,64.0,52.0,20.0,16.0,2.0,2.0,12.0,5.0,91.0,65.0,48.0,17.0,15.0,3.0,5.0
2026-404,Indian Wells Masters,Hard,96,M,O,20260307,38,S0S1,8.0,,Ben Shelton,L,193.0,USA,23.409,8.0,4010.0,O522,,,Reilly Opelka,R,211.0,USA,28.523,68.0,786.0,6-7(3) 7-6(4) 6-3,3,R64,132.0,11.0,6.0,98.0,60.0,52.0,26.0,17.0,0.0,0.0,23.0,5.0,103.0,70.0,54.0,20.0,16.0,2.0,3.0
2026-404,Indian Wells Masters,Hard,96,M,O,20260307,39,TD51,21.0,,Frances Tiafoe,R,188.0,USA,28.126,22.0,1870.0,B0CD,,,Jenson Brooksby,R,193.0,USA,25.361,41.0,1135.0,6-4 6-2,3,R64,83.0,6.0,1.0,53.0,30.0,27.0,11.0,9.0,2.0,3.0,6.0,1.0,60.0,36.0,26.0,6.0,9.0,3.0,7.0
2026-404,Indian Wells Masters,Hard,96,M,O,20260307,40,N0AE,28.0,,Brandon Nakashima,R,188.0,USA,24.591,30.0,1535.0,U182,,,Camilo Ugo Carabelli,R,185.0,ARG,26.721,67.0,790.0,6-3 6-4,3,R64,73.0,13.0,0.0,49.0,38.0,33.0,7.0,10.0,0.0,0.0,3.0,1.0,50.0,36.0,26.0,7.0,9.0,5.0,7.0
2026-404,Indian Wells Masters,Hard,96,M,O,20260307,41,F0F1,30.0,,Arthur Fils,R,185.0,FRA,21.733,32.0,1440.0,P0HW,,,Dino Prizmic,R,188.0,CRO,20.586,119.0,541.0,6-2 3-2 RET,3,R64,65.0,1.0,1.0,36.0,21.0,15.0,11.0,6.0,3.0,3.0,0.0,5.0,44.0,21.0,13.0,11.0,7.0,4.0,7.0
2026-404,Indian Wells Masters,Hard,96,M,O,20260307,42,DH50,18.0,,Alejandro Davidovich Fokina,R,180.0,ESP,27.753,19.0,2190.0,S0K7,,,Zachary Svajda,R,175.0,USA,23.269,99.0,614.0,7-6(0) 6-2,3,R64,79.0,8.0,1.0,63.0,42.0,33.0,11.0,10.0,5.0,7.0,10.0,3.0,58.0,37.0,23.0,9.0,10.0,4.0,8.0
2026-404,Indian Wells Masters,Hard,96,M,O,20260307,43,S0AG,2.0,,Jannik Sinner,R,191.0,ITA,24.556,2.0,10400.0,S0GD,,,Dalibor Svrcina,R,178.0,CZE,23.428,109.0,569.0,6-1 6-1,3,R64,64.0,2.0,2.0,38.0,26.0,21.0,9.0,7.0,1.0,1.0,1.0,4.0,56.0,38.0,17.0,9.0,7.0,7.0,12.0
2026-404,Indian Wells Masters,Hard,96,M,O,20260307,44,M0NI,12.0,,Jakub Mensik,R,196.0,CZE,20.512,12.0,2650.0,GC88,,,Marcos Giron,R,180.0,USA,32.619,69.0,780.0,7-5 7-6(4),3,R64,104.0,12.0,3.0,88.0,54.0,41.0,15.0,12.0,9.0,10.0,2.0,2.0,69.0,44.0,32.0,13.0,12.0,1.0,3.0
2026-404,Indian Wells Masters,Hard,96,M,O,20260307,45,PL56,23.0,,Tommy Paul,R,185.0,USA,28.805,24.0,1815.0,BU13,,,Zizou Bergs,R,185.0,BEL,26.76,47.0,1030.0,6-1 6-2,3,R64,68.0,1.0,1.0,39.0,22.0,17.0,13.0,7.0,3.0,3.0,3.0,4.0,57.0,26.0,15.0,11.0,8.0,4.0,9.0
2026-404,Indian Wells Masters,Hard,96,M,O,20260307,46,SU55,,,Denis Shapovalov,L,185.0,CAN,26.894,39.0,1160.0,EA24,29,,Tomas Martin Etcheverry,R,196.0,ARG,26.637,31.0,1445.0,6-3 2-6 7-6(5),3,R64,158.0,14.0,9.0,99.0,64.0,46.0,15.0,15.0,3.0,6.0,4.0,0.0,102.0,65.0,42.0,20.0,14.0,8.0,10.0
2026-404,Indian Wells Masters,Hard,96,M,O,20260308,47,VA25,24.0,,Valentin Vacherot,R,193.0,MON,27.307,26.0,1691.0,BT72,,,Nuno Borges,R,185.0,POR,29.046,49.0,1020.0,7-5 7-5,3,R64,94.0,17.0,4.0,65.0,47.0,37.0,11.0,12.0,2.0,3.0,6.0,3.0,83.0,58.0,40.0,11.0,12.0,8.0,11.0
2026-404,Indian Wells Masters,Hard,96,M,O,20260308,48,RH16,13.0,,Casper Ruud,R,183.0,NOR,27.209,13.0,2625.0,S0H2,,,Alexander Shevchenko,R,188.0,KAZ,25.27,88.0,659.0,6-1 7-6(4),3,R64,86.0,5.0,0.0,62.0,39.0,26.0,20.0,10.0,3.0,3.0,9.0,2.0,56.0,36.0,23.0,11.0,9.0,4.0,6.0
2026-404,Indian Wells Masters,Hard,96,M,O,20260308,49,D0CO,14.0,,Jack Draper,L,193.0,GBR,24.208,14.0,2510.0,BD06,,,Roberto Bautista Agut,R,183.0,ESP,37.897,93.0,645.0,3-6 6-3 6-2,3,R64,105.0,9.0,2.0,70.0,40.0,35.0,17.0,13.0,6.0,7.0,1.0,1.0,73.0,59.0,39.0,6.0,13.0,4.0,7.0
2026-404,Indian Wells Masters,Hard,96,M,O,20260308,50,F0FV,,,Joao Fonseca,R,188.0,BRA,19.546,35.0,1240.0,KE29,16,,Karen Khachanov,R,198.0,RUS,29.796,16.0,2450.0,4-6 7-6(7) 6-4,3,R64,135.0,11.0,3.0,93.0,66.0,53.0,13.0,16.0,4.0,7.0,12.0,3.0,97.0,59.0,44.0,22.0,16.0,1.0,4.0
2026-404,Indian Wells Masters,Hard,96,M,O,20260308,51,C0AU,19.0,,Francisco Cerundolo,R,185.0,ARG,27.567,20.0,2170.0,BM95,,,Benjamin Bonzi,R,183.0,FRA,29.744,111.0,564.0,6-4 5-7 7-6(5),3,R64,149.0,6.0,8.0,115.0,70.0,51.0,21.0,17.0,9.0,13.0,4.0,0.0,109.0,88.0,57.0,8.0,17.0,7.0,11.0
2026-404,Indian Wells Masters,Hard,96,M,O,20260308,52,RC91,26.0,,Arthur Rinderknech,R,196.0,FRA,30.626,28.0,1617.0,C0C8,,,Juan Manuel Cerundolo,L,183.0,ARG,24.309,70.0,778.0,W/O,3,R64,,,,,,,,,,,,,,,,,,,
2026-404,Indian Wells Masters,Hard,96,M,O,20260308,53,K0AZ,,,Aleksandar Kovacevic,R,183.0,USA,27.524,72.0,771.0,MW02,31,,Corentin Moutet,L,180.0,FRA,26.886,33.0,1383.0,6-1 6-4,3,R64,100.0,2.0,0.0,69.0,42.0,30.0,14.0,9.0,3.0,3.0,4.0,5.0,53.0,36.0,25.0,4.0,8.0,3.0,6.0
2026-404,Indian Wells Masters,Hard,96,M,O,20260308,54,D0F6,,,Gabriel Diallo,R,203.0,CAN,24.452,38.0,1175.0,RE44,17,,Andrey Rublev,R,188.0,RUS,28.381,17.0,2400.0,6-7(4) 7-6(1) 6-3,3,R64,172.0,12.0,6.0,120.0,82.0,64.0,13.0,17.0,2.0,5.0,6.0,3.0,106.0,64.0,44.0,24.0,16.0,3.0,7.0
2026-404,Indian Wells Masters,Hard,96,M,O,20260308,55,D643,3.0,,Novak Djokovic,R,188.0,SRB,38.795,3.0,5280.0,MQ75,,,Kamil Majchrzak,R,183.0,POL,30.149,57.0,895.0,4-6 6-1 6-2,3,R64,132.0,5.0,5.0,81.0,54.0,42.0,12.0,13.0,3.0,5.0,3.0,1.0,99.0,62.0,39.0,14.0,12.0,11.0,16.0
2026-404,Indian Wells Masters,Hard,96,M,O,20260308,56,A0E2,1.0,,Carlos Alcaraz,R,183.0,ESP,22.842,1.0,13550.0,D875,,,Grigor Dimitrov,R,191.0,BUL,34.812,42.0,1105.0,6-2 6-3,3,R64,66.0,6.0,2.0,49.0,35.0,27.0,10.0,9.0,1.0,1.0,1.0,5.0,48.0,29.0,22.0,5.0,8.0,1.0,4.0
2026-404,Indian Wells Masters,Hard,96,M,O,20260308,57,B0BI,,,Sebastian Baez,R,170.0,ARG,25.191,53.0,940.0,L0BV,22,,Jiri Lehecka,R,185.0,CZE,24.329,23.0,1850.0,6-4 6-1,3,R64,71.0,0.0,2.0,51.0,36.0,25.0,9.0,8.0,3.0,4.0,2.0,0.0,50.0,34.0,18.0,6.0,9.0,2.0,7.0
2026-404,Indian Wells Masters,Hard,96,M,O,20260308,58,DH58,6.0,,Alex de Minaur,R,183.0,AUS,27.054,6.0,4235.0,K0AH,,,Sebastian Korda,R,196.0,USA,25.673,37.0,1220.0,4-6 6-4 6-4,3,R64,140.0,8.0,4.0,101.0,59.0,37.0,27.0,15.0,5.0,7.0,6.0,3.0,91.0,54.0,39.0,17.0,15.0,4.0,7.0
2026-404,Indian Wells Masters,Hard,96,M,O,20260308,59,FB98,7.0,,Taylor Fritz,R,196.0,USA,28.359,7.0,4220.0,F0BY,,,Jacob Fearnley,R,183.0,GBR,24.646,87.0,662.0,6-3 6-7(8) 6-1,3,R64,133.0,20.0,1.0,95.0,68.0,54.0,15.0,15.0,3.0,4.0,5.0,6.0,99.0,65.0,44.0,15.0,13.0,5.0,9.0
2026-404,Indian Wells Masters,Hard,96,M,O,20260308,60,H0BH,,,Rinky Hijikata,R,178.0,AUS,25.035,117.0,547.0,D0FJ,20,,Luciano Darderi,R,183.0,ITA,24.06,21.0,2104.0,4-6 6-2 6-4,3,R64,128.0,11.0,5.0,77.0,39.0,31.0,23.0,14.0,2.0,4.0,5.0,2.0,94.0,55.0,35.0,21.0,14.0,5.0,9.0
2026-404,Indian Wells Masters,Hard,96,M,O,20260308,61,N771,27.0,,Cameron Norrie,L,188.0,GBR,30.541,29.0,1603.0,MK66,,,Mackenzie McDonald,R,178.0,USA,30.894,126.0,498.0,6-2 6-3,3,R64,81.0,9.0,2.0,57.0,36.0,29.0,11.0,9.0,5.0,6.0,2.0,2.0,61.0,39.0,23.0,7.0,8.0,3.0,7.0
2026-404,Indian Wells Masters,Hard,96,M,O,20260308,62,M0QI,,,Alex Michelsen,R,193.0,USA,21.533,44.0,1085.0,HH26,32,,Ugo Humbert,L,188.0,FRA,27.699,34.0,1285.0,7-5 6-7(5) 7-6(6),3,R64,166.0,6.0,3.0,117.0,76.0,59.0,24.0,18.0,2.0,3.0,12.0,4.0,112.0,77.0,63.0,15.0,18.0,4.0,6.0
2026-404,Indian Wells Masters,Hard,96,M,O,20260308,63,BK92,10.0,,Alexander Bublik,R,196.0,KAZ,28.723,10.0,3405.0,KI82,,,Vit Kopriva,R,178.0,CZE,28.728,62.0,848.0,3-6 7-6(3) 6-2,3,R64,125.0,10.0,1.0,79.0,51.0,39.0,19.0,14.0,2.0,4.0,8.0,8.0,113.0,71.0,43.0,22.0,15.0,8.0,11.0
2026-404,Indian Wells Masters,Hard,96,M,O,20260308,64,MM58,11.0,,Daniil Medvedev,R,198.0,RUS,30.07,11.0,3360.0,TE30,,,Alejandro Tabilo,L,188.0,CHI,28.764,40.0,1138.0,6-4 6-2,3,R64,70.0,6.0,1.0,51.0,43.0,31.0,5.0,9.0,0.0,0.0,3.0,0.0,57.0,38.0,28.0,4.0,9.0,5.0,8.0
2026-404,Indian Wells Masters,Hard,96,M,O,20260308,65,Z355,4.0,,Alexander Zverev,R,198.0,GER,28.882,4.0,4555.0,N0AE,28,,Brandon Nakashima,R,188.0,USA,24.594,30.0,1535.0,7-6(2) 5-7 6-4,3,R32,151.0,15.0,2.0,101.0,77.0,62.0,11.0,17.0,4.0,5.0,17.0,2.0,105.0,77.0,62.0,11.0,17.0,3.0,4.0
2026-404,Indian Wells Masters,Hard,96,M,O,20260308,66,T0HA,25.0,,Learner Tien,L,180.0,USA,20.263,27.0,1685.0,S0S1,8,,Ben Shelton,L,193.0,USA,23.411,8.0,4010.0,7-6(3) 4-6 6-3,3,R32,129.0,15.0,10.0,106.0,71.0,58.0,18.0,16.0,5.0,6.0,8.0,3.0,100.0,63.0,45.0,23.0,15.0,7.0,8.0
2026-404,Indian Wells Masters,Hard,96,M,O,20260309,67,S0AG,2.0,,Jannik Sinner,R,191.0,ITA,24.561,2.0,10400.0,SU55,,,Denis Shapovalov,L,185.0,CAN,26.899,39.0,1160.0,6-3 6-2,3,R32,71.0,6.0,2.0,43.0,33.0,28.0,4.0,9.0,0.0,1.0,2.0,7.0,56.0,34.0,21.0,5.0,8.0,4.0,8.0
2026-404,Indian Wells Masters,Hard,96,M,O,20260309,68,DH50,18.0,,Alejandro Davidovich Fokina,R,180.0,ESP,27.759,19.0,2190.0,M0NI,12,,Jakub Mensik,R,196.0,CZE,20.517,12.0,2650.0,6-2 4-6 6-2,3,R32,125.0,3.0,0.0,74.0,51.0,36.0,14.0,13.0,6.0,8.0,8.0,5.0,78.0,46.0,34.0,10.0,13.0,5.0,10.0
2026-404,Indian Wells Masters,Hard,96,M,O,20260309,69,F0FV,,,Joao Fonseca,R,188.0,BRA,19.548,35.0,1240.0,PL56,23,,Tommy Paul,R,185.0,USA,28.81,24.0,1815.0,6-2 6-3,3,R32,82.0,2.0,0.0,50.0,33.0,24.0,11.0,9.0,0.0,1.0,2.0,2.0,58.0,39.0,23.0,6.0,8.0,6.0,10.0
2026-404,Indian Wells Masters,Hard,96,M,O,20260309,70,AG37,9.0,,Felix Auger-Aliassime,R,193.0,CAN,25.582,9.0,3950.0,D0F6,,,Gabriel Diallo,R,203.0,CAN,24.454,38.0,1175.0,6-7(5) 6-3 6-3,3,R32,147.0,9.0,5.0,96.0,62.0,50.0,19.0,15.0,3.0,4.0,11.0,0.0,90.0,71.0,47.0,10.0,15.0,3.0,7.0
2026-404,Indian Wells Masters,Hard,96,M,O,20260309,71,TD51,21.0,,Frances Tiafoe,R,188.0,USA,28.131,22.0,1870.0,C0E9,15,,Flavio Cobolli,R,183.0,ITA,23.841,15.0,2480.0,6-1 6-2,3,R32,67.0,7.0,1.0,56.0,33.0,27.0,12.0,8.0,5.0,5.0,1.0,0.0,43.0,25.0,13.0,7.0,7.0,5.0,9.0
2026-404,Indian Wells Masters,Hard,96,M,O,20260309,72,F0F1,30.0,,Arthur Fils,R,185.0,FRA,21.739,32.0,1440.0,F724,,,Marton Fucsovics,R,188.0,HUN,34.081,56.0,916.0,6-3 7-5,3,R32,83.0,4.0,0.0,55.0,33.0,27.0,17.0,11.0,0.0,0.0,10.0,4.0,63.0,36.0,31.0,10.0,10.0,6.0,8.0
2026-404,Indian Wells Masters,Hard,96,M,O,20260309,73,D643,3.0,,Novak Djokovic,R,188.0,SRB,38.798,3.0,5280.0,K0AZ,,,Aleksandar Kovacevic,R,183.0,USA,27.526,72.0,771.0,6-4 1-6 6-4,3,R32,122.0,6.0,4.0,70.0,44.0,33.0,16.0,13.0,2.0,4.0,16.0,1.0,96.0,54.0,42.0,20.0,14.0,4.0,6.0
2026-404,Indian Wells Masters,Hard,96,M,O,20260309,74,N771,27.0,,Cameron Norrie,L,188.0,GBR,30.543,29.0,1603.0,DH58,6,,Alex de Minaur,R,183.0,AUS,27.056,6.0,4235.0,6-4 6-4,3,R32,99.0,2.0,0.0,70.0,41.0,31.0,15.0,10.0,6.0,7.0,5.0,4.0,57.0,35.0,23.0,10.0,10.0,1.0,4.0
2026-404,Indian Wells Masters,Hard,96,M,O,20260309,75,H0BH,,,Rinky Hijikata,R,178.0,AUS,25.04,117.0,547.0,BK92,10,,Alexander Bublik,R,196.0,KAZ,28.728,10.0,3405.0,6-7(3) 7-6(3) 6-3,3,R32,155.0,8.0,3.0,115.0,73.0,56.0,24.0,17.0,0.0,0.0,19.0,5.0,121.0,80.0,62.0,18.0,16.0,6.0,7.0
2026-404,Indian Wells Masters,Hard,96,M,O,20260309,76,D0CO,14.0,,Jack Draper,L,193.0,GBR,24.214,14.0,2510.0,C0AU,19,,Francisco Cerundolo,R,185.0,ARG,27.573,20.0,2170.0,6-1 7-5,3,R32,78.0,4.0,4.0,51.0,34.0,27.0,7.0,9.0,2.0,4.0,1.0,3.0,66.0,39.0,21.0,13.0,10.0,8.0,14.0
2026-404,Indian Wells Masters,Hard,96,M,O,20260310,77,M0QI,,,Alex Michelsen,R,193.0,USA,21.539,44.0,1085.0,FB98,7,,Taylor Fritz,R,196.0,USA,28.364,7.0,4220.0,6-4 7-6(6),3,R32,99.0,9.0,1.0,78.0,55.0,40.0,13.0,11.0,7.0,8.0,12.0,0.0,77.0,54.0,39.0,9.0,11.0,7.0,9.0
2026-404,Indian Wells Masters,Hard,96,M,O,20260310,78,RH16,13.0,,Casper Ruud,R,183.0,NOR,27.214,13.0,2625.0,VA25,24,,Valentin Vacherot,R,193.0,MON,27.313,26.0,1691.0,3-6 6-3 6-4,3,R32,120.0,5.0,2.0,82.0,61.0,44.0,13.0,14.0,4.0,5.0,12.0,6.0,82.0,52.0,41.0,14.0,14.0,3.0,5.0
2026-404,Indian Wells Masters,Hard,96,M,O,20260310,79,A0E2,1.0,,Carlos Alcaraz,R,183.0,ESP,22.847,1.0,13550.0,RC91,26,,Arthur Rinderknech,R,196.0,FRA,30.631,28.0,1617.0,6-7(6) 6-3 6-2,3,R32,138.0,3.0,3.0,86.0,65.0,51.0,11.0,15.0,3.0,4.0,11.0,2.0,101.0,73.0,47.0,11.0,14.0,7.0,11.0
2026-404,Indian Wells Masters,Hard,96,M,O,20260310,80,MM58,11.0,,Daniil Medvedev,R,198.0,RUS,30.075,11.0,3360.0,B0BI,,,Sebastian Baez,R,170.0,ARG,25.196,53.0,940.0,6-4 6-0,3,R32,78.0,3.0,1.0,52.0,39.0,30.0,7.0,8.0,4.0,4.0,0.0,0.0,62.0,48.0,26.0,5.0,8.0,9.0,13.0
2026-404,Indian Wells Masters,Hard,96,M,O,20260310,81,F0F1,30.0,,Arthur Fils,R,185.0,FRA,21.741,32.0,1440.0,AG37,9,,Felix Auger-Aliassime,R,193.0,CAN,25.585,9.0,3950.0,6-3 7-6(9),3,R16,111.0,5.0,1.0,70.0,43.0,34.0,17.0,11.0,3.0,4.0,6.0,2.0,72.0,53.0,37.0,10.0,10.0,3.0,5.0
2026-404,Indian Wells Masters,Hard,96,M,O,20260310,82,Z355,4.0,,Alexander Zverev,R,198.0,GER,28.887,4.0,4555.0,TD51,21,,Frances Tiafoe,R,188.0,USA,28.134,22.0,1870.0,6-3 6-4,3,R16,89.0,14.0,1.0,63.0,44.0,34.0,9.0,10.0,2.0,2.0,6.0,3.0,60.0,38.0,24.0,13.0,9.0,1.0,3.0
2026-404,Indian Wells Masters,Hard,96,M,O,20260311,83,T0HA,25.0,,Learner Tien,L,180.0,USA,20.271,27.0,1685.0,DH50,18,,Alejandro Davidovich Fokina,R,180.0,ESP,27.761,19.0,2190.0,4-6 6-1 7-6(4),3,R16,128.0,10.0,4.0,114.0,69.0,50.0,23.0,15.0,4.0,5.0,8.0,4.0,87.0,62.0,41.0,12.0,14.0,0.0,2.0
2026-404,Indian Wells Masters,Hard,96,M,O,20260311,84,S0AG,2.0,,Jannik Sinner,R,191.0,ITA,24.567,2.0,10400.0,F0FV,,,Joao Fonseca,R,188.0,BRA,19.554,35.0,1240.0,7-6(6) 7-6(4),3,R16,121.0,15.0,1.0,75.0,44.0,38.0,16.0,12.0,1.0,2.0,9.0,3.0,81.0,57.0,42.0,14.0,12.0,3.0,4.0
2026-404,Indian Wells Masters,Hard,96,M,O,20260311,85,MM58,11.0,,Daniil Medvedev,R,198.0,RUS,30.078,11.0,3360.0,M0QI,,,Alex Michelsen,R,193.0,USA,21.541,44.0,1085.0,6-2 6-4,3,R16,87.0,9.0,2.0,68.0,53.0,38.0,6.0,9.0,4.0,5.0,1.0,1.0,59.0,39.0,21.0,9.0,9.0,6.0,10.0
2026-404,Indian Wells Masters,Hard,96,M,O,20260311,86,N771,27.0,,Cameron Norrie,L,188.0,GBR,30.549,29.0,1603.0,H0BH,,,Rinky Hijikata,R,178.0,AUS,25.043,117.0,547.0,6-4 6-2,3,R16,76.0,3.0,2.0,53.0,32.0,23.0,15.0,9.0,1.0,1.0,8.0,2.0,49.0,29.0,22.0,8.0,9.0,3.0,6.0
2026-404,Indian Wells Masters,Hard,96,M,O,20260312,87,A0E2,1.0,,Carlos Alcaraz,R,183.0,ESP,22.853,1.0,13550.0,RH16,13,,Casper Ruud,R,183.0,NOR,27.22,13.0,2625.0,6-1 7-6(2),3,R16,90.0,7.0,1.0,48.0,33.0,29.0,10.0,9.0,0.0,0.0,8.0,0.0,79.0,52.0,33.0,10.0,10.0,5.0,8.0
2026-404,Indian Wells Masters,Hard,96,M,O,20260312,88,D0CO,14.0,,Jack Draper,L,193.0,GBR,24.219,14.0,2510.0,D643,3,,Novak Djokovic,R,188.0,SRB,38.806,3.0,5280.0,4-6 6-4 7-6(5),3,R16,155.0,13.0,5.0,103.0,66.0,49.0,16.0,16.0,3.0,6.0,4.0,2.0,94.0,62.0,40.0,21.0,16.0,4.0,7.0
2026-404,Indian Wells Masters,Hard,96,M,O,20260312,89,Z355,4.0,,Alexander Zverev,R,198.0,GER,28.893,4.0,4555.0,F0F1,30,,Arthur Fils,R,185.0,FRA,21.747,32.0,1440.0,6-2 6-3,3,QF,82.0,7.0,1.0,51.0,36.0,27.0,9.0,8.0,3.0,3.0,7.0,4.0,69.0,38.0,21.0,16.0,9.0,6.0,10.0
2026-404,Indian Wells Masters,Hard,96,M,O,20260313,90,S0AG,2.0,,Jannik Sinner,R,191.0,ITA,24.572,2.0,10400.0,T0HA,25,,Learner Tien,L,180.0,USA,20.277,27.0,1685.0,6-1 6-2,3,QF,66.0,10.0,1.0,48.0,30.0,25.0,10.0,8.0,4.0,4.0,4.0,5.0,49.0,29.0,14.0,10.0,7.0,1.0,5.0
2026-404,Indian Wells Masters,Hard,96,M,O,20260313,91,MM58,11.0,,Daniil Medvedev,R,198.0,RUS,30.084,11.0,3360.0,D0CO,14,,Jack Draper,L,193.0,GBR,24.222,14.0,2510.0,6-1 7-5,3,QF,75.0,10.0,1.0,54.0,39.0,33.0,8.0,10.0,1.0,1.0,3.0,1.0,54.0,27.0,17.0,14.0,9.0,2.0,5.0
2026-404,Indian Wells Masters,Hard,96,M,O,20260313,92,A0E2,1.0,,Carlos Alcaraz,R,183.0,ESP,22.856,1.0,13550.0,N771,27,,Cameron Norrie,L,188.0,GBR,30.554,29.0,1603.0,6-3 6-4,3,QF,93.0,2.0,1.0,57.0,43.0,31.0,6.0,10.0,1.0,3.0,3.0,3.0,73.0,44.0,26.0,11.0,9.0,6.0,10.0
2026-404,Indian Wells Masters,Hard,96,M,O,20260315,93,MM58,11.0,,Daniil Medvedev,R,198.0,RUS,30.089,11.0,3360.0,A0E2,1,,Carlos Alcaraz,R,183.0,ESP,22.861,1.0,13550.0,6-3 7-6(3),3,SF,97.0,4.0,0.0,75.0,44.0,28.0,23.0,11.0,4.0,5.0,2.0,2.0,62.0,39.0,27.0,13.0,10.0,0.0,2.0
2026-404,Indian Wells Masters,Hard,96,M,O,20260315,94,S0AG,2.0,,Jannik Sinner,R,191.0,ITA,24.578,2.0,10400.0,Z355,4,,Alexander Zverev,R,198.0,GER,28.901,4.0,4555.0,6-2 6-4,3,SF,83.0,8.0,2.0,51.0,29.0,24.0,14.0,9.0,1.0,1.0,4.0,3.0,53.0,35.0,28.0,5.0,9.0,3.0,6.0
2026-404,Indian Wells Masters,Hard,96,M,O,20260315,95,S0AG,2.0,,Jannik Sinner,R,191.0,ITA,24.58,2.0,10400.0,MM58,11,,Daniil Medvedev,R,198.0,RUS,30.092,11.0,3360.0,7-6(6) 7-6(4),3,F,115.0,10.0,2.0,72.0,47.0,43.0,15.0,12.0,0.0,0.0,7.0,2.0,87.0,48.0,37.0,24.0,12.0,2.0,2.0
2026-403,Miami Masters,Hard,96,M,O,20260319,1,BD06,,,Roberto Bautista Agut,R,183.0,ESP,37.927,89.0,668.0,D994,,,James Duckworth,R,183.0,AUS,34.157,80.0,694.0,7-6(3) 7-6(4),3,R128,126.0,7.0,2.0,97.0,67.0,49.0,14.0,12.0,7.0,9.0,21.0,2.0,76.0,42.0,34.0,17.0,12.0,3.0,5.0
2026-403,Miami Masters,Hard,96,M,O,20260319,2,J0DZ,,,Rafael Jodar,R,191.0,ESP,19.502,109.0,588.0,H997,,,Yannick Hanfmann,R,193.0,GER,34.346,64.0,835.0,6-4 4-6 6-1,3,R128,112.0,8.0,1.0,75.0,44.0,35.0,18.0,14.0,3.0,5.0,4.0,4.0,73.0,41.0,29.0,15.0,13.0,7.0,11.0
2026-403,Miami Masters,Hard,96,M,O,20260319,3,N0BS,,,Mariano Navone,R,178.0,ARG,25.054,61.0,855.0,BG23,,,Nikoloz Basilashvili,R,185.0,GEO,34.067,134.0,463.0,7-6(7) 6-3,3,R128,99.0,7.0,0.0,72.0,53.0,42.0,12.0,11.0,5.0,5.0,7.0,6.0,68.0,30.0,24.0,20.0,10.0,0.0,1.0
2026-403,Miami Masters,Hard,96,M,O,20260319,4,BU13,,,Zizou Bergs,R,185.0,BEL,26.793,45.0,1030.0,B0CD,,,Jenson Brooksby,R,193.0,USA,25.394,42.0,1115.0,7-5 6-2,3,R128,88.0,1.0,3.0,54.0,32.0,25.0,11.0,10.0,1.0,3.0,3.0,3.0,71.0,52.0,31.0,6.0,10.0,4.0,9.0
2026-403,Miami Masters,Hard,96,M,O,20260319,5,K0O4,,WC,Moise Kouame,R,190.0,FRA,17.036,385.0,122.0,S0K7,,,Zachary Svajda,R,175.0,USA,23.302,96.0,644.0,5-7 6-4 6-4,3,R128,137.0,11.0,11.0,112.0,64.0,49.0,23.0,16.0,10.0,12.0,9.0,3.0,91.0,58.0,44.0,17.0,16.0,1.0,4.0
2026-403,Miami Masters,Hard,96,M,O,20260319,6,B0NO,,,Darwin Blanch,L,185.0,USA,18.472,272.0,193.0,SL28,,,Jan-Lennard Struff,R,193.0,GER,35.899,78.0,719.0,6-3 3-6 6-3,3,R128,85.0,9.0,1.0,76.0,50.0,41.0,13.0,14.0,2.0,4.0,10.0,2.0,74.0,53.0,38.0,11.0,13.0,7.0,10.0
2026-403,Miami Masters,Hard,96,M,O,20260319,7,ME82,,,Adrian Mannarino,L,180.0,FRA,37.719,43.0,1060.0,Z371,,,Zhizhen Zhang,R,193.0,CHN,29.421,270.0,195.0,6-3 6-2,3,R128,65.0,8.0,0.0,47.0,29.0,25.0,9.0,8.0,2.0,2.0,3.0,2.0,53.0,32.0,21.0,7.0,9.0,0.0,4.0
2026-403,Miami Masters,Hard,96,M,O,20260319,8,Q02L,,,Ethan Quinn,R,191.0,USA,22.018,56.0,906.0,HB71,,,Hubert Hurkacz,R,196.0,POL,29.098,75.0,735.0,6-2 6-4,3,R128,66.0,4.0,3.0,47.0,27.0,22.0,15.0,9.0,0.0,0.0,5.0,0.0,49.0,30.0,19.0,11.0,9.0,3.0,6.0
2026-403,Miami Masters,Hard,96,M,O,20260319,9,U182,,,Camilo Ugo Carabelli,R,185.0,ARG,26.754,66.0,810.0,M0GZ,,,Giovanni Mpetshi Perricard,R,203.0,FRA,22.697,59.0,890.0,2-6 6-3 7-6(3),3,R128,112.0,6.0,0.0,92.0,51.0,39.0,24.0,15.0,3.0,6.0,24.0,3.0,80.0,60.0,53.0,7.0,14.0,3.0,5.0
2026-403,Miami Masters,Hard,96,M,O,20260319,10,BK40,,,Matteo Berrettini,R,196.0,ITA,29.933,68.0,800.0,MP20,,,Alexandre Muller,R,183.0,FRA,29.125,90.0,665.0,6-4 6-2,3,R128,82.0,9.0,1.0,62.0,45.0,32.0,11.0,9.0,4.0,4.0,5.0,2.0,59.0,43.0,27.0,8.0,9.0,4.0,7.0
2026-403,Miami Masters,Hard,96,M,O,20260319,11,L0IL,,,Martin Landaluce,R,193.0,ESP,20.192,151.0,394.0,GC88,,,Marcos Giron,R,180.0,USA,32.652,70.0,790.0,6-3 7-6(6),3,R128,98.0,10.0,1.0,64.0,44.0,33.0,14.0,11.0,1.0,2.0,3.0,2.0,80.0,48.0,37.0,14.0,10.0,8.0,10.0
2026-403,Miami Masters,Hard,96,M,O,20260319,12,V812,,,Botic van de Zandschulp,R,191.0,NED,30.456,65.0,823.0,SU55,,,Denis Shapovalov,L,185.0,CAN,26.927,38.0,1160.0,7-5 6-3,3,R128,91.0,3.0,5.0,73.0,55.0,42.0,4.0,10.0,5.0,6.0,4.0,2.0,63.0,36.0,21.0,13.0,11.0,2.0,6.0
2026-403,Miami Masters,Hard,96,M,O,20260319,13,C0JP,,,Raphael Collignon,R,191.0,BEL,24.178,72.0,768.0,D875,,,Grigor Dimitrov,R,191.0,BUL,34.842,44.0,1035.0,7-6(3) 4-6 7-6(6),3,R128,151.0,12.0,6.0,102.0,67.0,60.0,14.0,17.0,0.0,2.0,23.0,8.0,117.0,74.0,59.0,22.0,17.0,4.0,5.0
2026-403,Miami Masters,Hard,96,M,O,20260319,14,C977,,,Marin Cilic,R,198.0,CRO,37.47,49.0,1000.0,P09Z,,,Alexei Popyrin,R,196.0,AUS,26.62,47.0,1010.0,6-4 6-4,3,R128,97.0,8.0,3.0,66.0,36.0,30.0,16.0,10.0,6.0,6.0,12.0,2.0,58.0,38.0,28.0,8.0,10.0,1.0,3.0
2026-403,Miami Masters,Hard,96,M,O,20260319,15,D0DT,,,Martin Damm,L,203.0,USA,,133.0,469.0,F0BY,,,Jacob Fearnley,R,183.0,GBR,24.676,83.0,679.0,6-0 RET,3,R128,23.0,3.0,0.0,13.0,10.0,10.0,2.0,3.0,0.0,0.0,0.0,3.0,23.0,11.0,6.0,2.0,3.0,2.0,5.0
2026-403,Miami Masters,Hard,96,M,O,20260319,16,F0FV,,,Joao Fonseca,R,188.0,BRA,19.576,39.0,1135.0,M0CI,,,Fabian Marozsan,R,193.0,HUN,26.445,46.0,1020.0,6-4 3-6 6-2,3,R128,110.0,12.0,1.0,84.0,64.0,48.0,9.0,13.0,2.0,3.0,8.0,4.0,84.0,53.0,39.0,15.0,14.0,5.0,8.0
2026-403,Miami Masters,Hard,96,M,O,20260319,17,O522,,,Reilly Opelka,R,211.0,USA,28.556,67.0,803.0,BT72,,,Nuno Borges,R,185.0,POR,29.076,50.0,995.0,6-7(6) 6-2 7-6(5),3,R128,121.0,27.0,4.0,90.0,65.0,57.0,16.0,16.0,0.0,0.0,2.0,4.0,91.0,54.0,44.0,23.0,16.0,0.0,2.0
2026-403,Miami Masters,Hard,96,M,O,20260319,18,TE51,,,Stefanos Tsitsipas,R,193.0,GRE,27.6,51.0,995.0,F0DM,,,Arthur Fery,R,175.0,GBR,23.685,174.0,342.0,6-1 7-6(4),3,R128,93.0,5.0,1.0,65.0,39.0,30.0,19.0,10.0,3.0,3.0,5.0,0.0,71.0,45.0,29.0,13.0,9.0,4.0,6.0
2026-403,Miami Masters,Hard,96,M,O,20260319,19,D923,,,Damir Dzumhur,R,175.0,BIH,33.832,76.0,723.0,B0ID,,,Ignacio Buse,R,183.0,PER,21.985,63.0,836.0,6-7(6) 7-6(6) 6-1,3,R128,156.0,3.0,2.0,108.0,70.0,54.0,22.0,16.0,2.0,3.0,7.0,4.0,100.0,66.0,47.0,17.0,15.0,5.0,8.0
2026-403,Miami Masters,Hard,96,M,O,20260320,20,M0QI,,,Alex Michelsen,R,193.0,USA,21.566,40.0,1135.0,B0GG,,,Mattia Bellucci,L,175.0,ITA,24.799,77.0,720.0,6-2 6-1,3,R128,65.0,8.0,2.0,52.0,41.0,34.0,2.0,8.0,6.0,6.0,0.0,4.0,41.0,27.0,16.0,3.0,7.0,1.0,5.0
2026-403,Miami Masters,Hard,96,M,O,20260320,21,HB64,,,Quentin Halys,R,191.0,FRA,29.396,111.0,580.0,D0DP,,,Liam Draxl,R,185.0,CAN,24.287,147.0,406.0,6-7(4) 6-1 6-1,3,R128,126.0,13.0,4.0,84.0,54.0,42.0,13.0,13.0,6.0,8.0,4.0,4.0,93.0,64.0,33.0,12.0,13.0,6.0,13.0
2026-403,Miami Masters,Hard,96,M,O,20260320,22,M0FH,,,Tomas Machac,R,183.0,CZE,25.432,48.0,1000.0,N0AM,,,Emilio Nava,R,185.0,USA,24.296,74.0,741.0,2-6 6-4 6-1,3,R128,91.0,5.0,3.0,66.0,43.0,31.0,13.0,12.0,0.0,2.0,4.0,3.0,80.0,52.0,33.0,16.0,13.0,5.0,9.0
2026-403,Miami Masters,Hard,96,M,O,20260320,23,MQ75,,,Kamil Majchrzak,R,183.0,POL,30.182,57.0,905.0,KI95,,,Miomir Kecmanovic,R,183.0,SRB,26.552,58.0,895.0,4-6 6-3 6-1,3,R128,118.0,13.0,2.0,88.0,59.0,42.0,14.0,13.0,4.0,6.0,6.0,3.0,94.0,56.0,31.0,19.0,13.0,8.0,13.0
2026-403,Miami Masters,Hard,96,M,O,20260320,24,TE30,,,Alejandro Tabilo,L,188.0,CHI,28.797,41.0,1118.0,C0DF,,,Francisco Comesana,R,178.0,ARG,25.451,82.0,679.0,6-4 6-2,3,R128,77.0,5.0,0.0,58.0,42.0,31.0,10.0,9.0,2.0,2.0,4.0,4.0,54.0,32.0,23.0,9.0,9.0,2.0,5.0
2026-403,Miami Masters,Hard,96,M,O,20260320,25,A0GC,,,Terence Atmane,L,193.0,FRA,24.192,53.0,968.0,AE14,,,Daniel Altmaier,R,188.0,GER,27.518,55.0,906.0,6-4 6-2,3,R128,67.0,6.0,1.0,56.0,36.0,29.0,11.0,9.0,2.0,2.0,2.0,3.0,46.0,30.0,21.0,8.0,9.0,2.0,5.0
2026-403,Miami Masters,Hard,96,M,O,20260320,26,S0UV,,,Rei Sakamoto,R,193.0,JPN,19.737,164.0,366.0,K0AZ,,,Aleksandar Kovacevic,R,183.0,USA,27.556,92.0,661.0,6-4 3-6 7-6(7),3,R128,179.0,19.0,0.0,78.0,52.0,44.0,17.0,15.0,0.0,1.0,21.0,2.0,88.0,69.0,56.0,9.0,16.0,1.0,2.0
2026-403,Miami Masters,Hard,96,M,O,20260320,27,PL56,22.0,,Tommy Paul,R,185.0,USA,28.841,23.0,1765.0,ME82,,,Adrian Mannarino,L,180.0,FRA,37.722,43.0,1060.0,6-2 2-6 6-4,3,R64,127.0,6.0,2.0,67.0,41.0,31.0,15.0,13.0,0.0,3.0,4.0,2.0,87.0,56.0,34.0,18.0,13.0,3.0,7.0
2026-403,Miami Masters,Hard,96,M,O,20260320,28,Q02L,,,Ethan Quinn,R,191.0,USA,22.021,56.0,906.0,RH16,11,,Casper Ruud,R,183.0,NOR,27.242,12.0,2715.0,6-4 7-6(7),3,R64,111.0,13.0,4.0,79.0,54.0,44.0,13.0,11.0,6.0,6.0,8.0,2.0,78.0,54.0,42.0,12.0,11.0,3.0,4.0
2026-403,Miami Masters,Hard,96,M,O,20260320,29,F724,,,Marton Fucsovics,R,188.0,HUN,34.111,54.0,959.0,O483,,,Christopher O'Connell,R,183.0,AUS,31.795,130.0,493.0,7-6(6) 6-3,3,R128,105.0,11.0,4.0,62.0,43.0,38.0,11.0,11.0,0.0,0.0,4.0,2.0,87.0,58.0,41.0,12.0,10.0,10.0,11.0
2026-403,Miami Masters,Hard,96,M,O,20260320,30,T0A1,,,Thiago Agustin Tirante,R,185.0,ARG,24.942,81.0,691.0,R0EB,,,Valentin Royer,R,188.0,FRA,24.808,69.0,795.0,7-5 6-7(9) 7-6(5),3,R128,204.0,15.0,3.0,117.0,83.0,63.0,19.0,18.0,4.0,6.0,7.0,3.0,144.0,95.0,66.0,26.0,18.0,12.0,15.0
2026-403,Miami Masters,Hard,96,M,O,20260321,31,FB98,6.0,,Taylor Fritz,R,196.0,USA,28.394,7.0,4170.0,V812,,,otic van de Zandschulp,R,191.0,NED,30.461,65.0,823.0,6-3 6-7(2) 6-3,3,R64,122.0,18.0,2.0,90.0,58.0,48.0,19.0,16.0,2.0,2.0,10.0,1.0,95.0,53.0,44.0,18.0,14.0,5.0,7.0
2026-403,Miami Masters,Hard,96,M,O,20260321,32,BK40,,,Matteo Berrettini,R,196.0,ITA,29.938,68.0,800.0,BK92,10,,Alexander Bublik,R,196.0,KAZ,28.758,11.0,3385.0,6-4 6-4,3,R64,88.0,17.0,1.0,72.0,45.0,34.0,15.0,10.0,6.0,6.0,5.0,3.0,64.0,41.0,31.0,11.0,10.0,5.0,7.0
2026-403,Miami Masters,Hard,96,M,O,20260321,33,KE29,14.0,,Karen Khachanov,R,198.0,RUS,29.832,15.0,2410.0,BD06,,,Roberto Bautista Agut,R,183.0,ESP,37.933,89.0,668.0,6-3 6-3,3,R64,73.0,6.0,0.0,52.0,36.0,27.0,11.0,9.0,0.0,0.0,3.0,0.0,48.0,31.0,22.0,7.0,9.0,3.0,6.0
2026-403,Miami Masters,Hard,96,M,O,20260321,34,O522,,,Reilly Opelka,R,211.0,USA,28.561,67.0,803.0,D0CO,25,,Jack Draper,L,193.0,GBR,24.244,26.0,1710.0,7-6(3) 7-6(0),3,R64,92.0,25.0,2.0,73.0,54.0,47.0,11.0,12.0,1.0,1.0,7.0,1.0,68.0,45.0,37.0,14.0,12.0,0.0,0.0
2026-403,Miami Masters,Hard,96,M,O,20260321,35,F0F1,28.0,,Arthur Fils,R,185.0,FRA,21.771,31.0,1440.0,B0NO,,,Darwin Blanch,L,185.0,USA,18.478,272.0,193.0,6-2 6-3,3,R64,65.0,4.0,2.0,48.0,31.0,25.0,13.0,9.0,0.0,0.0,3.0,1.0,63.0,43.0,29.0,6.0,8.0,8.0,11.0
2026-403,Miami Masters,Hard,96,M,O,20260321,37,W09E,,,Adam Walton,R,183.0,AUS,26.927,85.0,674.0,B0BI,,,Sebastian Baez,R,170.0,ARG,25.227,52.0,980.0,6-2 6-2,3,R128,67.0,8.0,1.0,47.0,30.0,23.0,10.0,8.0,1.0,2.0,2.0,2.0,45.0,33.0,14.0,6.0,8.0,5.0,10.0
2026-403,Miami Masters,Hard,96,M,O,20260321,38,A0E2,1.0,,Carlos Alcaraz,R,183.0,ESP,22.877,1.0,13550.0,F0FV,,,Joao Fonseca,R,188.0,BRA,19.581,39.0,1135.0,6-4 6-4,3,R64,95.0,8.0,3.0,63.0,44.0,35.0,10.0,10.0,3.0,3.0,5.0,2.0,67.0,42.0,28.0,12.0,10.0,3.0,5.0
2026-403,Miami Masters,Hard,96,M,O,20260321,39,K0AH,32.0,,Sebastian Korda,R,196.0,USA,25.708,36.0,1200.0,U182,,,Camilo Ugo Carabelli,R,185.0,ARG,26.76,66.0,810.0,6-0 6-3,3,R64,68.0,7.0,1.0,42.0,27.0,23.0,9.0,8.0,0.0,0.0,1.0,2.0,57.0,30.0,17.0,10.0,7.0,6.0,10.0
2026-403,Miami Masters,Hard,96,M,O,20260321,40,C0H0,,,Arthur Cazaux,R,183.0,FRA,23.576,73.0,754.0,BS86,,,Tomas Barrios Vera,R,191.0,CHI,28.277,119.0,551.0,7-5 6-4,3,R128,95.0,14.0,1.0,61.0,36.0,30.0,15.0,11.0,1.0,2.0,4.0,1.0,59.0,45.0,33.0,8.0,11.0,2.0,5.0
2026-403,Miami Masters,Hard,96,M,O,20260321,41,L0IL,,,Martin Landaluce,R,193.0,ESP,20.197,151.0,394.0,D0FJ,17,,Luciano Darderi,R,183.0,ITA,24.096,18.0,2084.0,6-3 6-7(4) 6-4,3,R64,143.0,8.0,4.0,98.0,61.0,48.0,20.0,16.0,3.0,5.0,10.0,2.0,100.0,72.0,54.0,9.0,15.0,4.0,8.0
2026-403,Miami Masters,Hard,96,M,O,20260321,42,TE51,,,Stefanos Tsitsipas,R,193.0,GRE,27.606,51.0,995.0,DH58,5,,Alex de Minaur,R,183.0,AUS,27.088,6.0,4185.0,6-3 7-6(3),3,R64,85.0,5.0,1.0,56.0,40.0,39.0,9.0,11.0,2.0,2.0,2.0,1.0,70.0,43.0,28.0,16.0,10.0,4.0,5.0
2026-403,Miami Masters,Hard,96,M,O,20260321,43,C0JP,,,Raphael Collignon,R,191.0,BEL,24.183,72.0,768.0,C0E9,13,,Flavio Cobolli,R,183.0,ITA,23.874,14.0,2520.0,7-5 6-3,3,R64,94.0,4.0,1.0,61.0,44.0,33.0,9.0,10.0,0.0,1.0,8.0,5.0,79.0,43.0,26.0,17.0,11.0,14.0,18.0
2026-403,Miami Masters,Hard,96,M,O,20260321,44,L0BV,21.0,,Jiri Lehecka,R,185.0,CZE,24.364,22.0,1850.0,K0O4,,WC,Moise Kouame,R,190.0,FRA,17.036,385.0,122.0,6-2 7-5,3,R64,95.0,3.0,0.0,55.0,34.0,28.0,14.0,10.0,3.0,3.0,3.0,7.0,77.0,39.0,22.0,21.0,10.0,7.0,10.0
2026-403,Miami Masters,Hard,96,M,O,20260321,45,VA25,24.0,,Valentin Vacherot,R,193.0,MON,27.343,25.0,1741.0,N0BS,,,Mariano Navone,R,178.0,ARG,25.06,61.0,855.0,6-3 6-4,3,R64,84.0,9.0,2.0,61.0,40.0,34.0,12.0,10.0,5.0,5.0,1.0,2.0,58.0,42.0,31.0,5.0,9.0,1.0,3.0
2026-403,Miami Masters,Hard,96,M,O,20260321,46,D0F6,,,Gabriel Diallo,R,203.0,CAN,24.487,37.0,1185.0,WB32,,,Yibing Wu,R,183.0,CHN,26.434,118.0,559.0,6-2 7-6(3),3,R128,90.0,11.0,5.0,73.0,49.0,41.0,11.0,10.0,7.0,7.0,3.0,0.0,57.0,34.0,26.0,12.0,10.0,0.0,2.0
2026-403,Miami Masters,Hard,96,M,O,20260321,47,S0H2,,,Alexander Shevchenko,R,188.0,KAZ,25.306,84.0,679.0,A0FC,,,Matteo Arnaldi,R,185.0,ITA,25.073,101.0,625.0,7-6(5) 6-7(5) 6-2,3,R128,147.0,8.0,2.0,116.0,79.0,56.0,18.0,16.0,5.0,7.0,8.0,8.0,113.0,72.0,52.0,18.0,16.0,10.0,14.0
2026-403,Miami Masters,Hard,96,M,O,20260321,48,MQ75,,,Kamil Majchrzak,R,183.0,POL,30.185,57.0,905.0,T0HA,20,,Learner Tien,L,180.0,USA,20.298,21.0,1860.0,6-2 4-6 6-2,3,R64,101.0,6.0,0.0,71.0,54.0,40.0,9.0,13.0,3.0,5.0,10.0,6.0,84.0,48.0,32.0,16.0,13.0,8.0,13.0
2026-403,Miami Masters,Hard,96,M,O,20260321,49,J0DZ,,,Rafael Jodar,R,191.0,ESP,19.507,109.0,588.0,V832,,,Aleksandar Vukic,R,188.0,AUS,29.955,93.0,656.0,6-1 6-2,3,R64,55.0,3.0,2.0,47.0,30.0,24.0,11.0,8.0,5.0,5.0,1.0,1.0,39.0,17.0,10.0,10.0,7.0,2.0,6.0
2026-403,Miami Masters,Hard,96,M,O,20260321,50,S0AG,2.0,,Jannik Sinner,R,191.0,ITA,24.594,2.0,11400.0,D923,,,Damir Dzumhur,R,175.0,BIH,33.834,76.0,723.0,6-3 6-3,3,R64,70.0,9.0,2.0,45.0,29.0,26.0,11.0,9.0,1.0,1.0,1.0,2.0,57.0,37.0,23.0,8.0,9.0,6.0,9.0
2026-403,Miami Masters,Hard,96,M,O,20260321,51,HB64,,,Quentin Halys,R,191.0,FRA,29.399,111.0,580.0,,16,,Alejandro Davidovich Fokina,R,180.0,ESP,26.747,17.0,2260.0,7-6(8) 6-4,3,R64,110.0,15.0,1.0,85.0,54.0,40.0,17.0,11.0,2.0,2.0,5.0,2.0,70.0,48.0,36.0,14.0,11.0,3.0,4.0
2026-403,Miami Masters,Hard,96,M,O,20260321,53,EA24,29.0,,Tomas Martin Etcheverry,R,196.0,ARG,26.675,32.0,1430.0,BU13,,,Zizou Bergs,R,185.0,BEL,26.798,45.0,1030.0,7-6(5) 7-6(3),3,R64,157.0,7.0,2.0,85.0,54.0,40.0,20.0,12.0,4.0,5.0,12.0,9.0,97.0,56.0,41.0,20.0,12.0,10.0,11.0
2026-403,Miami Masters,Hard,96,M,O,20260321,54,MM58,9.0,,Daniil Medvedev,R,198.0,RUS,30.105,10.0,3610.0,S0UV,,,Rei Sakamoto,R,193.0,JPN,19.74,164.0,366.0,6-7(10) 6-3 6-1,3,R64,124.0,9.0,4.0,94.0,65.0,53.0,15.0,14.0,6.0,6.0,6.0,2.0,93.0,52.0,35.0,21.0,14.0,5.0,9.0
2026-403,Miami Masters,Hard,96,M,O,20260321,55,AG37,7.0,,Felix Auger-Aliassime,R,193.0,CAN,25.615,8.0,4000.0,F724,,,Marton Fucsovics,R,188.0,HUN,34.114,54.0,959.0,7-6(3) 7-5,3,R64,130.0,6.0,1.0,77.0,54.0,34.0,15.0,12.0,6.0,9.0,4.0,6.0,90.0,52.0,34.0,16.0,12.0,2.0,6.0
2026-403,Miami Masters,Hard,96,M,O,20260321,57,MW02,30.0,,Corentin Moutet,L,180.0,FRA,26.921,33.0,1383.0,M0FH,,,Tomas Machac,R,183.0,CZE,25.435,48.0,1000.0,6-0 1-6 6-4,3,R64,108.0,8.0,2.0,82.0,59.0,40.0,8.0,12.0,3.0,6.0,3.0,0.0,62.0,40.0,23.0,13.0,11.0,0.0,4.0
2026-403,Miami Masters,Hard,96,M,O,20260322,58,M0NI,12.0,,Jakub Mensik,R,196.0,CZE,20.553,13.0,2650.0,W09E,,,Adam Walton,R,183.0,AUS,26.93,85.0,674.0,3-6 6-2 6-4,3,R64,112.0,16.0,4.0,83.0,55.0,45.0,13.0,14.0,7.0,9.0,6.0,0.0,83.0,54.0,31.0,19.0,13.0,4.0,7.0
2026-403,Miami Masters,Hard,96,M,O,20260322,59,TE30,,,Alejandro Tabilo,L,188.0,CHI,28.802,41.0,1118.0,RE44,15,,Andrey Rublev,R,188.0,RUS,28.419,16.0,2400.0,6-7(5) 6-2 6-4,3,R64,126.0,12.0,5.0,92.0,64.0,49.0,16.0,15.0,0.0,0.0,15.0,4.0,96.0,66.0,55.0,10.0,15.0,4.0,7.0
2026-403,Miami Masters,Hard,96,M,O,20260322,60,M0QI,,,Alex Michelsen,R,193.0,USA,21.572,40.0,1135.0,N771,23,,Cameron Norrie,L,188.0,GBR,30.579,24.0,1753.0,7-5 6-7(4) 6-4,3,R64,156.0,9.0,1.0,97.0,61.0,49.0,23.0,17.0,4.0,5.0,9.0,2.0,112.0,66.0,46.0,26.0,17.0,7.0,10.0
2026-403,Miami Masters,Hard,96,M,O,20260322,61,A0GC,,,Terence Atmane,L,193.0,FRA,24.197,53.0,968.0,RC91,26,,Arthur Rinderknech,R,196.0,FRA,30.664,27.0,1657.0,7-6(4) 6-3,3,R64,91.0,8.0,0.0,63.0,40.0,36.0,15.0,11.0,0.0,0.0,8.0,1.0,66.0,44.0,35.0,11.0,10.0,3.0,4.0
2026-403,Miami Masters,Hard,96,M,O,20260322,62,S0H2,,,Alexander Shevchenko,R,188.0,KAZ,25.309,84.0,679.0,S0S1,8,,Ben Shelton,L,193.0,USA,23.45,9.0,3860.0,6-7(3) 7-6(3) 6-3,3,R64,142.0,11.0,2.0,111.0,72.0,57.0,25.0,17.0,5.0,5.0,17.0,2.0,99.0,68.0,55.0,18.0,16.0,1.0,2.0
2026-403,Miami Masters,Hard,96,M,O,20260322,63,C0AU,18.0,,Francisco Cerundolo,R,185.0,ARG,27.606,19.0,2020.0,T0A1,,,Thiago Agustin Tirante,R,185.0,ARG,24.947,81.0,691.0,6-4 6-2,3,R64,84.0,1.0,4.0,52.0,28.0,18.0,15.0,9.0,0.0,2.0,5.0,1.0,54.0,32.0,18.0,9.0,9.0,2.0,7.0
2026-403,Miami Masters,Hard,96,M,O,20260322,64,TD51,19.0,,Frances Tiafoe,R,188.0,USA,28.167,20.0,1920.0,C0H0,,,Arthur Cazaux,R,183.0,FRA,23.578,73.0,754.0,7-6(1) 6-1,3,R64,91.0,5.0,0.0,64.0,44.0,32.0,13.0,10.0,4.0,5.0,7.0,2.0,60.0,39.0,26.0,8.0,9.0,4.0,7.0
2026-403,Miami Masters,Hard,96,M,O,20260322,65,HH26,31.0,,Ugo Humbert,L,188.0,FRA,27.737,34.0,1245.0,D0F6,,,Gabriel Diallo,R,203.0,CAN,24.49,37.0,1185.0,6-1 6-4,3,R64,68.0,3.0,1.0,47.0,29.0,24.0,12.0,9.0,0.0,0.0,4.0,2.0,48.0,34.0,20.0,6.0,8.0,5.0,8.0
2026-403,Miami Masters,Hard,96,M,O,20260322,66,C977,,,Marin Cilic,R,198.0,CRO,37.478,49.0,1000.0,N0AE,27,,Brandon Nakashima,R,188.0,USA,24.632,30.0,1485.0,2-6 6-4 7-6(7),3,R64,144.0,18.0,1.0,93.0,58.0,46.0,18.0,15.0,5.0,7.0,12.0,0.0,96.0,68.0,53.0,13.0,15.0,1.0,2.0
2026-403,Miami Masters,Hard,96,M,O,20260322,67,Z355,3.0,,Alexander Zverev,R,198.0,GER,28.92,4.0,4905.0,D0DT,,,Martin Damm,L,203.0,USA,,133.0,469.0,6-2 6-4,3,R64,69.0,4.0,0.0,39.0,24.0,22.0,14.0,9.0,0.0,0.0,5.0,6.0,60.0,36.0,22.0,12.0,9.0,5.0,8.0
2026-403,Miami Masters,Hard,96,M,O,20260322,68,L0BV,21.0,,Jiri Lehecka,R,185.0,CZE,24.367,22.0,1850.0,Q02L,,,Ethan Quinn,R,191.0,USA,22.026,56.0,906.0,6-3 7-6(6),3,R32,93.0,10.0,0.0,64.0,42.0,34.0,15.0,11.0,0.0,0.0,6.0,2.0,67.0,45.0,31.0,14.0,10.0,7.0,8.0
2026-403,Miami Masters,Hard,96,M,O,20260322,69,K0AH,32.0,,Sebastian Korda,R,196.0,USA,25.711,36.0,1200.0,A0E2,1,,Carlos Alcaraz,R,183.0,ESP,22.88,1.0,13550.0,6-3 5-7 6-4,3,R32,138.0,12.0,0.0,104.0,72.0,50.0,15.0,16.0,3.0,5.0,2.0,2.0,94.0,63.0,45.0,13.0,15.0,2.0,5.0
2026-403,Miami Masters,Hard,96,M,O,20260322,70,FB98,6.0,,Taylor Fritz,R,196.0,USA,28.397,7.0,4170.0,O522,,,Reilly Opelka,R,211.0,USA,28.564,67.0,803.0,6-3 6-4,3,R32,63.0,4.0,0.0,46.0,31.0,29.0,11.0,10.0,0.0,0.0,10.0,0.0,60.0,43.0,30.0,7.0,9.0,6.0,8.0
2026-403,Miami Masters,Hard,96,M,O,20260322,71,EA24,29.0,,Tomas Martin Etcheverry,R,196.0,ARG,26.678,32.0,1430.0,J0DZ,,,Rafael Jodar,R,191.0,ESP,19.51,109.0,588.0,7-5 6-4,3,R32,110.0,3.0,2.0,66.0,50.0,38.0,9.0,11.0,1.0,1.0,8.0,1.0,67.0,42.0,30.0,14.0,11.0,4.0,6.0
2026-403,Miami Masters,Hard,96,M,O,20260323,72,L0IL,,,Martin Landaluce,R,193.0,ESP,20.203,151.0,394.0,KE29,14,,Karen Khachanov,R,198.0,RUS,29.837,15.0,2410.0,6-3 7-6(2),3,R32,93.0,3.0,5.0,61.0,32.0,25.0,17.0,10.0,1.0,3.0,8.0,3.0,64.0,42.0,30.0,8.0,11.0,4.0,8.0
2026-403,Miami Masters,Hard,96,M,O,20260323,73,PL56,22.0,,Tommy Paul,R,185.0,USA,28.849,23.0,1765.0,C0JP,,,Raphael Collignon,R,191.0,BEL,24.189,72.0,768.0,6-2 3-6 7-6(5),3,R32,140.0,5.0,2.0,80.0,49.0,35.0,19.0,14.0,0.0,3.0,8.0,6.0,100.0,68.0,49.0,13.0,15.0,6.0,10.0
2026-403,Miami Masters,Hard,96,M,O,20260323,74,F0F1,28.0,,Arthur Fils,R,185.0,FRA,21.777,31.0,1440.0,TE51,,,Stefanos Tsitsipas,R,193.0,GRE,27.611,51.0,995.0,6-0 6-1,3,R32,55.0,2.0,1.0,31.0,18.0,16.0,9.0,6.0,2.0,2.0,1.0,3.0,46.0,23.0,12.0,6.0,7.0,4.0,10.0
2026-403,Miami Masters,Hard,96,M,O,20260323,75,VA25,24.0,,Valentin Vacherot,R,193.0,MON,27.348,25.0,1741.0,BK40,,,Matteo Berrettini,R,196.0,ITA,29.944,68.0,800.0,7-6(5) 6-4,3,R32,91.0,4.0,2.0,62.0,37.0,32.0,17.0,11.0,1.0,2.0,6.0,2.0,59.0,40.0,33.0,9.0,11.0,0.0,2.0
2026-403,Miami Masters,Hard,96,M,O,20260323,76,HH26,31.0,,Ugo Humbert,L,188.0,FRA,27.74,34.0,1245.0,S0H2,,,Alexander Shevchenko,R,188.0,KAZ,25.311,84.0,679.0,6-4 7-6(2),3,R32,81.0,14.0,0.0,54.0,36.0,35.0,12.0,11.0,0.0,1.0,4.0,2.0,67.0,41.0,29.0,15.0,11.0,2.0,4.0
2026-403,Miami Masters,Hard,96,M,O,20260323,77,A0GC,,,Terence Atmane,L,193.0,FRA,24.2,53.0,968.0,AG37,7,,Felix Auger-Aliassime,R,193.0,CAN,25.621,8.0,4000.0,6-3 1-6 6-3,3,R32,113.0,3.0,2.0,82.0,55.0,41.0,13.0,13.0,4.0,6.0,11.0,4.0,65.0,46.0,33.0,12.0,12.0,1.0,3.0
2026-403,Miami Masters,Hard,96,M,O,20260323,78,C0AU,18.0,,Francisco Cerundolo,R,185.0,ARG,27.608,19.0,2020.0,MM58,9,,Daniil Medvedev,R,198.0,RUS,30.111,10.0,3610.0,6-0 4-6 7-5,3,R32,137.0,1.0,0.0,94.0,64.0,37.0,18.0,14.0,4.0,8.0,4.0,5.0,90.0,56.0,32.0,14.0,14.0,5.0,12.0
2026-403,Miami Masters,Hard,96,M,O,20260323,79,TD51,19.0,,Frances Tiafoe,R,188.0,USA,28.17,20.0,1920.0,M0NI,12,,Jakub Mensik,R,196.0,CZE,20.556,13.0,2650.0,7-6(4) 4-6 7-6(11),3,R32,171.0,6.0,3.0,124.0,75.0,59.0,29.0,17.0,4.0,5.0,22.0,4.0,107.0,78.0,65.0,17.0,17.0,2.0,2.0
2026-403,Miami Masters,Hard,96,M,O,20260324,80,S0AG,2.0,,Jannik Sinner,R,191.0,ITA,24.602,2.0,11400.0,MW02,30,,Corentin Moutet,L,180.0,FRA,26.93,33.0,1383.0,6-1 6-4,3,R32,71.0,7.0,0.0,48.0,38.0,33.0,5.0,9.0,1.0,1.0,1.0,1.0,55.0,45.0,24.0,6.0,8.0,3.0,6.0
2026-403,Miami Masters,Hard,96,M,O,20260324,81,Z355,3.0,,Alexander Zverev,R,198.0,GER,28.925,4.0,4905.0,C977,,,Marin Cilic,R,198.0,CRO,37.484,49.0,1000.0,6-2 5-7 6-4,3,R32,157.0,19.0,2.0,80.0,55.0,49.0,12.0,15.0,2.0,3.0,13.0,3.0,115.0,65.0,48.0,22.0,15.0,10.0,13.0
2026-403,Miami Masters,Hard,96,M,O,20260324,82,HB64,,,Quentin Halys,R,191.0,FRA,29.407,111.0,580.0,MQ75,,,Kamil Majchrzak,R,183.0,POL,30.193,57.0,905.0,7-6(4) 6-1,3,R32,78.0,15.0,0.0,53.0,36.0,32.0,11.0,10.0,1.0,2.0,3.0,2.0,72.0,42.0,29.0,11.0,9.0,5.0,8.0
2026-403,Miami Masters,Hard,96,M,O,20260324,83,M0QI,,,Alex Michelsen,R,193.0,USA,21.577,40.0,1135.0,TE30,,,Alejandro Tabilo,L,188.0,CHI,28.808,41.0,1118.0,3-6 6-3 6-4,3,R32,119.0,12.0,0.0,88.0,52.0,43.0,20.0,14.0,8.0,9.0,7.0,4.0,88.0,52.0,37.0,21.0,14.0,7.0,9.0
2026-403,Miami Masters,Hard,96,M,O,20260324,84,L0IL,,,Martin Landaluce,R,193.0,ESP,20.205,151.0,394.0,K0AH,32,,Sebastian Korda,R,196.0,USA,25.717,36.0,1200.0,2-6 7-6(6) 6-4,3,R16,147.0,4.0,7.0,99.0,66.0,51.0,13.0,15.0,2.0,5.0,11.0,4.0,88.0,52.0,43.0,17.0,15.0,0.0,2.0
2026-403,Miami Masters,Hard,96,M,O,20260324,85,L0BV,21.0,,Jiri Lehecka,R,185.0,CZE,24.372,22.0,1850.0,FB98,6,,Taylor Fritz,R,196.0,USA,28.402,7.0,4170.0,6-4 6-7(4) 6-2,3,R16,145.0,10.0,0.0,102.0,68.0,51.0,20.0,15.0,5.0,5.0,8.0,2.0,98.0,65.0,47.0,20.0,15.0,7.0,10.0
2026-403,Miami Masters,Hard,96,M,O,20260324,86,F0F1,28.0,,Arthur Fils,R,185.0,FRA,21.78,31.0,1440.0,VA25,24,,Valentin Vacherot,R,193.0,MON,27.351,25.0,1741.0,6-4 6-7(4) 6-4,3,R16,133.0,11.0,3.0,94.0,60.0,49.0,23.0,16.0,3.0,3.0,19.0,5.0,99.0,66.0,56.0,15.0,16.0,1.0,3.0
2026-403,Miami Masters,Hard,96,M,O,20260324,87,S0AG,2.0,,Jannik Sinner,R,191.0,ITA,24.602,2.0,11400.0,M0QI,,,Alex Michelsen,R,193.0,USA,21.577,40.0,1135.0,7-5 7-6(4),3,R16,101.0,15.0,0.0,64.0,42.0,38.0,11.0,12.0,1.0,2.0,3.0,2.0,69.0,48.0,37.0,10.0,12.0,5.0,7.0
2026-403,Miami Masters,Hard,96,M,O,20260324,88,PL56,22.0,,Tommy Paul,R,185.0,USA,28.851,23.0,1765.0,EA24,29,,Tomas Martin Etcheverry,R,196.0,ARG,26.683,32.0,1430.0,6-1 6-3,3,R16,74.0,4.0,0.0,45.0,31.0,26.0,10.0,8.0,1.0,1.0,8.0,1.0,49.0,31.0,20.0,7.0,8.0,1.0,5.0
2026-403,Miami Masters,Hard,96,M,O,20260325,89,TD51,19.0,,Frances Tiafoe,R,188.0,USA,28.175,20.0,1920.0,A0GC,,,Terence Atmane,L,193.0,FRA,24.205,53.0,968.0,6-4 1-6 6-4,3,R16,112.0,6.0,1.0,77.0,50.0,38.0,12.0,13.0,6.0,8.0,8.0,3.0,80.0,51.0,39.0,15.0,14.0,4.0,6.0
2026-403,Miami Masters,Hard,96,M,O,20260325,90,C0AU,18.0,,Francisco Cerundolo,R,185.0,ARG,27.614,19.0,2020.0,HH26,31,,Ugo Humbert,L,188.0,FRA,27.745,34.0,1245.0,6-4 6-3,3,R16,76.0,3.0,1.0,51.0,35.0,31.0,7.0,9.0,2.0,2.0,2.0,2.0,56.0,36.0,25.0,9.0,10.0,1.0,4.0
2026-403,Miami Masters,Hard,96,M,O,20260325,91,Z355,3.0,,Alexander Zverev,R,198.0,GER,28.928,4.0,4905.0,HB64,,,Quentin Halys,R,191.0,FRA,29.41,111.0,580.0,7-6(4) 7-6(1),3,R16,104.0,16.0,1.0,76.0,49.0,43.0,14.0,12.0,0.0,0.0,12.0,2.0,86.0,60.0,44.0,14.0,12.0,6.0,6.0
2026-403,Miami Masters,Hard,96,M,O,20260325,92,L0BV,21.0,,Jiri Lehecka,R,185.0,CZE,24.375,22.0,1850.0,L0IL,,,Martin Landaluce,R,193.0,ESP,20.208,151.0,394.0,7-6(1) 7-5,3,QF,122.0,8.0,2.0,73.0,47.0,40.0,15.0,12.0,1.0,1.0,6.0,3.0,91.0,56.0,39.0,20.0,12.0,9.0,10.0
2026-403,Miami Masters,Hard,96,M,O,20260326,93,F0F1,28.0,,Arthur Fils,R,185.0,FRA,21.785,31.0,1440.0,PL56,22,,Tommy Paul,R,185.0,USA,28.857,23.0,1765.0,6-7(3) 7-6(4) 7-6(6),3,QF,167.0,10.0,2.0,119.0,83.0,65.0,25.0,18.0,6.0,6.0,6.0,0.0,110.0,69.0,58.0,28.0,18.0,1.0,1.0
2026-403,Miami Masters,Hard,96,M,O,20260326,94,S0AG,2.0,,Jannik Sinner,R,191.0,ITA,24.608,2.0,11400.0,TD51,19,,Frances Tiafoe,R,188.0,USA,28.178,20.0,1920.0,6-2 6-2,3,QF,71.0,14.0,1.0,43.0,30.0,25.0,9.0,8.0,0.0,0.0,4.0,1.0,53.0,36.0,19.0,7.0,8.0,3.0,7.0
2026-403,Miami Masters,Hard,96,M,O,20260327,95,Z355,3.0,,Alexander Zverev,R,198.0,GER,28.934,4.0,4905.0,C0AU,18,,Francisco Cerundolo,R,185.0,ARG,27.619,19.0,2020.0,6-1 6-2,3,QF,65.0,4.0,1.0,42.0,32.0,27.0,7.0,8.0,0.0,0.0,2.0,0.0,46.0,26.0,17.0,7.0,7.0,3.0,7.0
2026-403,Miami Masters,Hard,96,M,O,20260327,96,L0BV,21.0,,Jiri Lehecka,R,185.0,CZE,24.381,22.0,1850.0,F0F1,28,,Arthur Fils,R,185.0,FRA,21.788,31.0,1440.0,6-2 6-2,3,SF,75.0,6.0,0.0,45.0,33.0,27.0,6.0,8.0,0.0,0.0,4.0,3.0,62.0,41.0,25.0,7.0,8.0,6.0,10.0
2026-403,Miami Masters,Hard,96,M,O,20260328,97,S0AG,2.0,,Jannik Sinner,R,191.0,ITA,24.613,2.0,11400.0,Z355,3,,Alexander Zverev,R,198.0,GER,28.936,4.0,4905.0,6-3 7-6(4),3,SF,113.0,15.0,0.0,77.0,57.0,45.0,10.0,11.0,2.0,2.0,5.0,1.0,63.0,45.0,34.0,12.0,10.0,3.0,4.0
2026-403,Miami Masters,Hard,96,M,O,20260329,98,S0AG,2.0,,Jannik Sinner,R,191.0,ITA,24.619,2.0,11400.0,L0BV,21,,Jiri Lehecka,R,185.0,CZE,24.389,22.0,1850.0,6-4 6-4,3,F,93.0,10.0,1.0,55.0,36.0,33.0,9.0,10.0,3.0,3.0,5.0,0.0,77.0,52.0,37.0,10.0,10.0,9.0,11.0
2026-360,Marrakech,Clay,28,250,O,20260330,1,H997,8.0,,Yannick Hanfmann,R,193.0,GER,34.376,61.0,857.0,D0C1,,,Jesper de Jong,R,180.0,NED,25.829,99.0,625.0,7-6(6) 6-4,3,R32,101.0,7.0,1.0,62.0,43.0,39.0,10.0,11.0,1.0,2.0,11.0,3.0,86.0,63.0,45.0,8.0,11.0,6.0,8.0
2026-360,Marrakech,Clay,28,250,O,20260330,2,B0D6,,,Taha Baadi,R,183.0,MAR,24.695,587.0,64.0,V832,,,Aleksandar Vukic,R,188.0,AUS,29.979,84.0,663.0,6-2 3-6 6-1,3,R32,108.0,3.0,1.0,70.0,48.0,34.0,14.0,12.0,1.0,2.0,4.0,1.0,78.0,38.0,23.0,22.0,12.0,3.0,7.0
2026-360,Marrakech,Clay,28,250,O,20260330,3,B0QQ,,,Karim Bennani,,,MAR,18.571,731.0,41.0,HB64,,,Quentin Halys,R,191.0,FRA,29.424,90.0,650.0,6-4 6-7(5) 6-2,3,R32,137.0,5.0,6.0,102.0,63.0,50.0,22.0,15.0,3.0,3.0,13.0,7.0,91.0,45.0,37.0,25.0,15.0,5.0,8.0
2026-717,Houston,Clay,28,250,O,20260331,1,T0A1,,,Thiago Agustin Tirante,R,185.0,ARG,24.972,83.0,673.0,S0ZE,,,Colton Smith,R,183.0,USA,23.072,164.0,371.0,6-0 6-3,3,R32,71.0,2.0,0.0,39.0,20.0,17.0,15.0,8.0,0.0,0.0,2.0,2.0,49.0,28.0,13.0,12.0,7.0,5.0,9.0
2026-717,Houston,Clay,28,250,O,20260331,2,MK66,,,Mackenzie McDonald,R,178.0,USA,30.957,125.0,501.0,B0CD,8,,Jenson Brooksby,R,193.0,USA,25.426,41.0,1115.0,6-4 6-2,3,R32,79.0,1.0,0.0,60.0,41.0,29.0,13.0,9.0,4.0,4.0,1.0,0.0,61.0,45.0,28.0,6.0,9.0,2.0,5.0
2026-717,Houston,Clay,28,250,O,20260331,3,BI81,,,Alex Bolt,L,183.0,AUS,33.232,165.0,369.0,WB32,,,Yibing Wu,R,183.0,CHN,26.461,118.0,559.0,7-6(6) 6-2,3,R32,88.0,5.0,2.0,69.0,39.0,31.0,18.0,10.0,7.0,8.0,5.0,3.0,57.0,36.0,25.0,11.0,10.0,3.0,6.0
2026-717,Houston,Clay,28,250,O,20260331,5,Z371,,,Zhizhen Zhang,R,193.0,CHN,29.454,263.0,205.0,P0HT,,,Jack Pinnington Jones,R,180.0,GBR,23.003,138.0,456.0,6-1 6-3,3,R32,63.0,5.0,0.0,44.0,23.0,19.0,14.0,8.0,1.0,1.0,3.0,3.0,42.0,30.0,18.0,4.0,8.0,1.0,5.0
2026-717,Houston,Clay,28,250,O,20260331,6,V0DP,,,Adolfo Daniel Vallejo,R,183.0,PAR,21.922,101.0,621.0,S0K7,,,Zachary Svajda,R,175.0,USA,23.335,82.0,674.0,6-1 6-4,3,R32,61.0,6.0,0.0,45.0,33.0,26.0,8.0,9.0,0.0,1.0,1.0,0.0,42.0,20.0,12.0,12.0,8.0,2.0,6.0
2026-360,Marrakech,Clay,28,250,O,20260331,4,MQ75,5.0,,Kamil Majchrzak,R,183.0,POL,30.212,53.0,955.0,C0C8,,,Juan Manuel Cerundolo,L,183.0,ARG,24.372,69.0,776.0,7-6(3) 3-6 6-3,3,R32,154.0,7.0,4.0,92.0,49.0,44.0,21.0,15.0,1.0,2.0,7.0,11.0,114.0,56.0,45.0,27.0,15.0,6.0,7.0
2026-360,Marrakech,Clay,28,250,O,20260331,5,B0GG,,,Mattia Bellucci,L,175.0,ITA,24.83,73.0,740.0,B0PU,,,Reda Bennani,R,178.0,MAR,19.118,555.0,70.0,6-3 3-6 6-4,3,R32,148.0,3.0,4.0,94.0,46.0,33.0,28.0,14.0,5.0,7.0,0.0,3.0,102.0,75.0,47.0,17.0,14.0,13.0,16.0
2026-360,Marrakech,Clay,28,250,O,20260331,6,MP20,,,Alexandre Muller,R,183.0,FRA,29.158,94.0,645.0,C0NB,,,Federico Cina,R,185.0,ITA,19.003,208.0,285.0,6-2 6-3,3,R32,70.0,4.0,2.0,49.0,36.0,25.0,8.0,8.0,3.0,4.0,3.0,7.0,58.0,33.0,23.0,5.0,9.0,1.0,6.0
2026-360,Marrakech,Clay,28,250,O,20260331,7,TA29,,,Marco Trungelliti,R,178.0,ARG,36.162,117.0,561.0,R0GO,,,Henrique Rocha,R,180.0,POR,21.982,133.0,483.0,7-6(5) 6-2,3,R32,96.0,2.0,3.0,65.0,41.0,32.0,9.0,10.0,1.0,2.0,3.0,3.0,63.0,48.0,30.0,6.0,10.0,3.0,6.0
2026-4462,Bucharest,Clay,28,250,O,20260331,1,D923,,,Damir Dzumhur,R,175.0,BIH,33.862,74.0,731.0,J09X,,,Filip Cristian Jianu,R,180.0,ROU,24.531,246.0,219.0,6-3 4-6 7-6(4),3,R32,161.0,0.0,4.0,89.0,61.0,42.0,15.0,15.0,1.0,5.0,0.0,0.0,121.0,80.0,51.0,17.0,16.0,11.0,16.0
2026-4462,Bucharest,Clay,28,250,O,20260331,2,N0BS,7.0,,Mariano Navone,R,178.0,ARG,25.087,60.0,860.0,O483,,,Christopher O'Connell,R,183.0,AUS,31.825,128.0,493.0,6-4 7-6(8),3,R32,120.0,0.0,5.0,83.0,59.0,40.0,8.0,11.0,5.0,8.0,2.0,1.0,65.0,39.0,25.0,10.0,11.0,1.0,5.0
2026-4462,Bucharest,Clay,28,250,O,20260331,3,V812,8.0,,Botic van de Zandschulp,R,191.0,NED,30.489,62.0,841.0,M0IF,,,Francesco Maestrelli,R,196.0,ITA,23.274,114.0,577.0,6-3 6-2,3,R32,70.0,2.0,3.0,55.0,36.0,27.0,10.0,9.0,4.0,5.0,1.0,1.0,41.0,34.0,21.0,1.0,8.0,0.0,4.0
2026-4462,Bucharest,Clay,28,250,O,20260331,4,D0DW,,,Titouan Droguet,R,191.0,FRA,24.791,122.0,528.0,BD06,,,Roberto Bautista Agut,R,183.0,ESP,37.96,80.0,685.0,6-1 1-6 6-1,3,R32,100.0,8.0,2.0,69.0,44.0,31.0,14.0,11.0,2.0,4.0,0.0,3.0,66.0,43.0,24.0,12.0,10.0,4.0,8.0
2026-4462,Bucharest,Clay,28,250,O,20260331,5,M0K4,,,Elmer Moller,R,183.0,DEN,22.727,134.0,478.0,B0C0,,,Adrian Boitan,R,185.0,ROU,26.722,306.0,167.0,6-3 7-5,3,R32,100.0,2.0,2.0,70.0,47.0,35.0,11.0,11.0,4.0,6.0,3.0,7.0,69.0,46.0,30.0,6.0,10.0,10.0,14.0
2026-4462,Bucharest,Clay,28,250,O,20260331,6,P0HW,,,Dino Prizmic,R,188.0,CRO,20.652,112.0,585.0,BG23,,,Nikoloz Basilashvili,R,185.0,GEO,34.1,129.0,493.0,6-4 6-2,3,R32,89.0,7.0,0.0,43.0,28.0,23.0,12.0,9.0,1.0,2.0,6.0,4.0,72.0,33.0,26.0,11.0,9.0,4.0,8.0
2026-4462,Bucharest,Clay,28,250,O,20260331,7,S0KT,,,Stefanos Sakellaridis,R,198.0,GRE,21.544,225.0,252.0,CH12,,,Jan Choinski,R,196.0,GBR,29.804,120.0,534.0,6-3 6-4,3,R32,85.0,9.0,1.0,64.0,43.0,32.0,10.0,10.0,3.0,4.0,1.0,0.0,48.0,28.0,20.0,10.0,9.0,1.0,4.0
2026-4462,Bucharest,Clay,28,250,O,20260331,8,S0H2,,,Alexander Shevchenko,R,188.0,KAZ,25.333,76.0,716.0,T0JZ,,,Radu David Turcanu,L,,ROU,20.041,659.0,52.0,6-2 6-4,3,R32,74.0,2.0,0.0,51.0,33.0,23.0,13.0,9.0,1.0,2.0,2.0,7.0,70.0,33.0,21.0,14.0,9.0,5.0,9.0
2026-360,Marrakech,Clay,28,250,O,20260401,9,B0ID,7.0,,Ignacio Buse,R,183.0,PER,22.018,59.0,864.0,BK40,,,Matteo Berrettini,R,196.0,ITA,29.969,91.0,650.0,7-6(5) 6-7(2) 6-4,3,R32,181.0,5.0,4.0,124.0,76.0,50.0,26.0,17.0,6.0,9.0,7.0,1.0,103.0,67.0,40.0,24.0,17.0,4.0,8.0
2026-360,Marrakech,Clay,28,250,O,20260401,10,J0DZ,,,Rafael Jodar,R,191.0,ESP,19.537,89.0,652.0,L987,,,Dusan Lajovic,R,183.0,SRB,35.754,132.0,486.0,6-3 6-4,3,R32,72.0,7.0,0.0,66.0,49.0,38.0,10.0,10.0,2.0,2.0,3.0,0.0,49.0,37.0,24.0,8.0,9.0,1.0,3.0
2026-360,Marrakech,Clay,28,250,O,20260401,11,U182,,,Camilo Ugo Carabelli,R,185.0,ARG,26.79,67.0,780.0,S0GR,,,Timofey Skatov,R,173.0,KAZ,25.191,202.0,292.0,6-7(2) 6-3 6-4,3,R32,166.0,12.0,2.0,101.0,69.0,54.0,14.0,16.0,2.0,3.0,9.0,1.0,105.0,65.0,43.0,25.0,15.0,5.0,8.0
2026-4462,Bucharest,Clay,28,250,O,20260401,9,AE14,6.0,,Daniel Altmaier,R,188.0,GER,27.551,52.0,960.0,MO44,,,Pedro Martinez,R,185.0,ESP,28.931,113.0,580.0,6-1 6-4,3,R32,96.0,3.0,0.0,51.0,33.0,28.0,12.0,9.0,2.0,2.0,1.0,0.0,55.0,40.0,25.0,5.0,8.0,6.0,9.0
2026-4462,Bucharest,Clay,28,250,O,20260401,10,B0BI,5.0,,Sebastian Baez,R,170.0,ARG,25.257,50.0,980.0,G0FW,,,Vilius Gaubas,R,178.0,LTU,21.254,108.0,603.0,6-3 6-1,3,R32,79.0,2.0,2.0,73.0,51.0,35.0,11.0,8.0,5.0,5.0,0.0,0.0,39.0,28.0,15.0,6.0,8.0,1.0,5.0
2026-4462,Bucharest,Clay,28,250,O,20260401,11,M0N7,,,Daniel Merida,R,188.0,ESP,21.511,136.0,458.0,V0AM,,,Otto Virtanen,R,193.0,FIN,24.778,123.0,512.0,7-6(4) 5-7 7-5,3,R32,171.0,4.0,4.0,129.0,79.0,50.0,23.0,18.0,7.0,13.0,7.0,5.0,133.0,77.0,47.0,27.0,18.0,11.0,17.0
2026-4462,Bucharest,Clay,28,250,O,20260401,12,MV14,,,Alex Molcan,L,178.0,SVK,28.331,189.0,314.0,A0FC,,,Matteo Arnaldi,R,185.0,ITA,25.103,107.0,605.0,6-3 6-1,3,R32,72.0,6.0,1.0,42.0,30.0,24.0,7.0,8.0,2.0,3.0,2.0,2.0,60.0,35.0,20.0,8.0,8.0,3.0,8.0
2026-717,Houston,Clay,28,250,O,20260401,7,N0AE,5.0,,Brandon Nakashima,R,188.0,USA,24.66,33.0,1395.0,D0DT,,,Martin Damm,L,203.0,USA,22.501,126.0,499.0,7-6(0) 6-2,3,R32,91.0,9.0,4.0,60.0,32.0,27.0,14.0,10.0,0.0,2.0,8.0,7.0,65.0,40.0,26.0,8.0,10.0,5.0,9.0
2026-717,Houston,Clay,28,250,O,20260401,9,B0NN,,,Nishesh Basavareddy,R,180.0,USA,20.914,193.0,306.0,D0DP,,,Liam Draxl,R,185.0,CAN,24.32,147.0,430.0,6-3 2-6 6-4,3,R32,146.0,4.0,5.0,93.0,48.0,35.0,23.0,14.0,5.0,8.0,11.0,1.0,79.0,60.0,42.0,7.0,13.0,1.0,4.0
2026-360,Marrakech,Clay,28,250,O,20260401,12,V0DZ,,,Luca Van Assche,R,178.0,FRA,21.889,109.0,601.0,G09O,,,Hugo Gaston,L,173.0,FRA,25.511,116.0,564.0,6-4 7-6(5),3,R32,146.0,1.0,4.0,90.0,67.0,42.0,9.0,11.0,9.0,13.0,3.0,4.0,83.0,37.0,19.0,22.0,11.0,6.0,11.0
2026-717,Houston,Clay,28,250,O,20260401,13,P09Z,,,Alexei Popyrin,R,196.0,AUS,26.656,45.0,1010.0,K0A3,,,Patrick Kypson,R,188.0,USA,26.426,96.0,640.0,4-6 6-4 6-3,3,R32,127.0,17.0,2.0,83.0,49.0,41.0,19.0,15.0,2.0,3.0,0.0,0.0,78.0,51.0,36.0,17.0,14.0,4.0,6.0
2026-360,Marrakech,Clay,28,250,O,20260401,13,H997,8.0,,Yannick Hanfmann,R,193.0,GER,34.382,61.0,857.0,B0QQ,,,Karim Bennani,,,MAR,18.576,731.0,41.0,6-4 6-7(3) 6-2,3,R16,132.0,16.0,2.0,87.0,55.0,43.0,23.0,15.0,1.0,1.0,5.0,3.0,102.0,60.0,42.0,22.0,15.0,5.0,8.0
2026-360,Marrakech,Clay,28,250,O,20260401,14,D0FJ,1.0,,Luciano Darderi,R,183.0,ITA,24.126,19.0,2050.0,B0GG,,,Mattia Bellucci,L,175.0,ITA,24.832,73.0,740.0,6-4 6-2,3,R16,78.0,2.0,1.0,49.0,24.0,19.0,19.0,9.0,0.0,0.0,8.0,4.0,55.0,38.0,30.0,3.0,9.0,6.0,9.0
2026-360,Marrakech,Clay,28,250,O,20260401,15,MW02,3.0,,Corentin Moutet,L,180.0,FRA,26.951,32.0,1403.0,B0D6,,,Taha Baadi,R,183.0,MAR,24.701,587.0,64.0,6-0 6-2,3,R16,64.0,2.0,0.0,42.0,29.0,22.0,8.0,7.0,0.0,0.0,1.0,0.0,42.0,25.0,11.0,8.0,7.0,4.0,9.0
2026-360,Marrakech,Clay,28,250,O,20260401,16,TA29,,,Marco Trungelliti,R,178.0,ARG,36.164,117.0,561.0,MQ75,5,,Kamil Majchrzak,R,183.0,POL,30.215,53.0,955.0,7-6(4) 6-3,3,R16,107.0,4.0,2.0,65.0,40.0,35.0,16.0,11.0,1.0,1.0,9.0,0.0,81.0,53.0,39.0,12.0,10.0,11.0,12.0
2026-360,Marrakech,Clay,28,250,O,20260401,17,KI82,6.0,,Vit Kopriva,R,178.0,CZE,28.794,70.0,763.0,M0JF,,,Hamad Medjedovic,R,188.0,SRB,22.705,81.0,680.0,6-7(4) 7-5 6-2,3,R32,145.0,2.0,6.0,100.0,70.0,45.0,18.0,16.0,2.0,6.0,6.0,5.0,94.0,63.0,43.0,12.0,16.0,8.0,15.0
2026-4462,Bucharest,Clay,28,250,O,20260401,13,MV14,,,Alex Molcan,L,178.0,SVK,28.331,189.0,314.0,D0F6,1,,Gabriel Diallo,R,203.0,CAN,24.517,36.0,1175.0,6-2 6-2,3,R16,87.0,2.0,4.0,55.0,30.0,25.0,10.0,8.0,6.0,7.0,2.0,1.0,57.0,35.0,17.0,10.0,8.0,8.0,13.0
2026-4462,Bucharest,Clay,28,250,O,20260401,14,D923,,,Damir Dzumhur,R,175.0,BIH,33.864,74.0,731.0,BT72,4,,Nuno Borges,R,185.0,POR,29.112,48.0,995.0,7-6(1) 6-4,3,R16,101.0,1.0,0.0,70.0,53.0,29.0,10.0,11.0,1.0,6.0,2.0,1.0,73.0,40.0,22.0,11.0,11.0,4.0,10.0
2026-4462,Bucharest,Clay,28,250,O,20260401,15,N0BS,7.0,,Mariano Navone,R,178.0,ARG,25.09,60.0,860.0,M0K4,,,Elmer Moller,R,183.0,DEN,22.73,134.0,478.0,6-2 6-1,3,R16,78.0,0.0,1.0,42.0,31.0,21.0,7.0,7.0,3.0,4.0,0.0,2.0,52.0,32.0,15.0,5.0,8.0,5.0,11.0
2026-4462,Bucharest,Clay,28,250,O,20260401,16,V812,8.0,,Botic van de Zandschulp,R,191.0,NED,30.491,62.0,841.0,S0H2,,,Alexander Shevchenko,R,188.0,KAZ,25.336,76.0,716.0,7-5 6-1,3,R16,85.0,6.0,5.0,60.0,41.0,29.0,5.0,9.0,2.0,4.0,1.0,0.0,58.0,33.0,16.0,10.0,10.0,3.0,9.0
2026-717,Houston,Clay,28,250,O,20260401,14,EA24,6.0,,Tomas Martin Etcheverry,R,196.0,ARG,26.705,31.0,1500.0,GJ16,,,Federico Agustin Gomez,R,191.0,ARG,29.344,182.0,331.0,1-6 6-1 6-4,3,R32,117.0,2.0,4.0,63.0,38.0,30.0,14.0,12.0,3.0,5.0,2.0,2.0,65.0,47.0,32.0,8.0,12.0,1.0,4.0
2026-717,Houston,Clay,28,250,O,20260401,15,M0QI,7.0,,Alex Michelsen,R,193.0,USA,21.599,35.0,1225.0,W0BH,,,Coleman Wong,R,191.0,HKG,21.818,124.0,503.0,6-4 6-2,3,R32,85.0,2.0,2.0,51.0,30.0,23.0,15.0,9.0,3.0,3.0,5.0,2.0,67.0,38.0,23.0,14.0,9.0,9.0,12.0
2026-717,Houston,Clay,28,250,O,20260401,16,H0BH,,,Rinky Hijikata,R,178.0,AUS,25.101,102.0,619.0,K0AZ,,,Aleksandar Kovacevic,R,183.0,USA,27.589,85.0,661.0,6-4 6-2,3,R32,82.0,7.0,2.0,57.0,37.0,29.0,11.0,9.0,2.0,2.0,3.0,8.0,59.0,26.0,16.0,17.0,9.0,3.0,6.0
2026-717,Houston,Clay,28,250,O,20260401,17,B0FV,,,Roman Andres Burruchaga,R,183.0,ARG,24.186,77.0,703.0,W09E,,,Adam Walton,R,183.0,AUS,26.957,105.0,614.0,6-2 6-3,3,R32,85.0,1.0,0.0,63.0,44.0,33.0,8.0,9.0,5.0,6.0,2.0,0.0,49.0,29.0,12.0,10.0,8.0,4.0,8.0
2026-360,Marrakech,Clay,28,250,O,20260402,18,MP20,,,Alexandre Muller,R,183.0,FRA,29.164,94.0,645.0,KI82,6,,Vit Kopriva,R,178.0,CZE,28.797,70.0,763.0,6-3 7-6(3),3,R16,109.0,4.0,1.0,77.0,50.0,36.0,16.0,11.0,3.0,4.0,6.0,4.0,88.0,62.0,43.0,7.0,10.0,8.0,10.0
2026-717,Houston,Clay,28,250,O,20260402,18,PL56,4.0,,Tommy Paul,R,185.0,USA,28.876,21.0,1915.0,V0DP,,,Adolfo Daniel Vallejo,R,183.0,PAR,21.927,101.0,621.0,3-6 6-4 6-4,3,R16,144.0,3.0,4.0,100.0,57.0,38.0,20.0,15.0,5.0,10.0,4.0,0.0,89.0,64.0,39.0,11.0,14.0,4.0,9.0
2026-717,Houston,Clay,28,250,O,20260402,19,S0S1,1.0,,Ben Shelton,L,193.0,USA,23.48,9.0,3860.0,Z371,,,Zhizhen Zhang,R,193.0,CHN,29.459,263.0,205.0,7-6(5) 7-6(3),3,R16,113.0,21.0,2.0,85.0,61.0,45.0,18.0,12.0,1.0,1.0,12.0,3.0,82.0,48.0,40.0,19.0,12.0,1.0,1.0
2026-717,Houston,Clay,28,250,O,20260402,20,EA24,6.0,,Tomas Martin Etcheverry,R,196.0,ARG,26.708,31.0,1500.0,BI81,,,Alex Bolt,L,183.0,AUS,33.238,165.0,369.0,6-7(5) 6-0 6-3,3,R16,132.0,4.0,1.0,79.0,58.0,45.0,13.0,14.0,2.0,4.0,5.0,3.0,80.0,46.0,29.0,16.0,13.0,6.0,12.0
2026-717,Houston,Clay,28,250,O,20260402,21,T0A1,,,Thiago Agustin Tirante,R,185.0,ARG,24.977,83.0,673.0,MK66,,,Mackenzie McDonald,R,178.0,USA,30.962,125.0,501.0,6-2 6-0,3,R16,67.0,4.0,2.0,46.0,31.0,23.0,10.0,7.0,4.0,4.0,0.0,1.0,51.0,32.0,11.0,10.0,7.0,3.0,8.0
2026-360,Marrakech,Clay,28,250,O,20260403,19,J0DZ,,,Rafael Jodar,R,191.0,ESP,19.543,89.0,652.0,M0FH,4,,Tomas Machac,R,183.0,CZE,25.47,55.0,930.0,6-4 4-6 6-3,3,R16,120.0,6.0,2.0,86.0,55.0,42.0,15.0,15.0,2.0,5.0,4.0,3.0,81.0,39.0,26.0,22.0,14.0,2.0,6.0
2026-360,Marrakech,Clay,28,250,O,20260403,20,U182,,,Camilo Ugo Carabelli,R,185.0,ARG,26.795,67.0,780.0,B0ID,7,,Ignacio Buse,R,183.0,PER,22.023,59.0,864.0,6-3 3-6 7-5,3,R16,149.0,3.0,1.0,90.0,58.0,45.0,18.0,15.0,7.0,8.0,9.0,5.0,97.0,57.0,45.0,19.0,15.0,6.0,8.0
2026-717,Houston,Clay,28,250,O,20260403,22,T0HA,3.0,,Learner Tien,L,180.0,USA,20.334,22.0,1845.0,B0NN,,,Nishesh Basavareddy,R,180.0,USA,20.92,193.0,306.0,6-3 3-6 6-1,3,R16,120.0,7.0,3.0,78.0,48.0,38.0,16.0,13.0,6.0,7.0,4.0,8.0,87.0,43.0,29.0,23.0,12.0,12.0,15.0
2026-717,Houston,Clay,28,250,O,20260403,23,B0FV,,,Roman Andres Burruchaga,R,183.0,ARG,24.192,77.0,703.0,N0AE,5,,Brandon Nakashima,R,188.0,USA,24.665,33.0,1395.0,6-4 2-6 6-4,3,R16,127.0,5.0,1.0,75.0,49.0,35.0,13.0,14.0,4.0,8.0,1.0,0.0,78.0,48.0,34.0,15.0,14.0,1.0,5.0
2026-360,Marrakech,Clay,28,250,O,20260403,21,D0FJ,,,Luciano Darderi,R,183.0,ITA,24.131,19.0,2050.0,H997,,,Yannick Hanfmann,R,193.0,GER,34.387,61.0,857.0,W/O,3,QF,,,,,,,,,,,,,,,,,,,
2026-360,Marrakech,Clay,28,250,O,20260403,22,V0DZ,,,Luca Van Assche,R,178.0,FRA,21.895,109.0,601.0,GJ37,2,,Tallon Griekspoor,R,188.0,NED,29.752,30.0,1585.0,6-4 1-6 6-3,3,R16,124.0,5.0,1.0,68.0,41.0,31.0,17.0,13.0,3.0,5.0,7.0,4.0,94.0,58.0,46.0,13.0,13.0,4.0,6.0
2026-717,Houston,Clay,28,250,O,20260403,24,P09Z,,,Alexei Popyrin,R,196.0,AUS,26.661,45.0,1010.0,M0QI,7,,Alex Michelsen,R,193.0,USA,21.604,35.0,1225.0,6-0 4-6 6-1,3,R16,102.0,9.0,2.0,72.0,43.0,32.0,16.0,12.0,3.0,5.0,1.0,2.0,64.0,39.0,22.0,10.0,11.0,2.0,8.0
2026-717,Houston,Clay,28,250,O,20260403,25,TD51,2.0,,Frances Tiafoe,R,188.0,USA,28.2,18.0,2070.0,H0BH,,,Rinky Hijikata,R,178.0,AUS,25.106,102.0,619.0,6-4 3-6 6-2,3,R16,148.0,12.0,1.0,94.0,56.0,44.0,16.0,13.0,6.0,8.0,1.0,2.0,90.0,57.0,34.0,19.0,14.0,4.0,8.0
2026-360,Marrakech,Clay,28,250,O,20260403,23,U182,,,Camilo Ugo Carabelli,R,185.0,ARG,26.795,67.0,780.0,V0DZ,,,Luca Van Assche,R,178.0,FRA,21.895,109.0,601.0,0-6 6-3 6-2,3,QF,140.0,2.0,2.0,82.0,44.0,28.0,14.0,12.0,7.0,12.0,3.0,5.0,85.0,52.0,31.0,14.0,11.0,4.0,9.0
2026-360,Marrakech,Clay,28,250,O,20260403,24,TA29,,,Marco Trungelliti,R,178.0,ARG,36.17,117.0,561.0,MW02,3,,Corentin Moutet,L,180.0,FRA,26.957,32.0,1403.0,4-6 6-3 6-4,3,QF,155.0,6.0,8.0,112.0,78.0,53.0,16.0,15.0,5.0,7.0,2.0,4.0,79.0,48.0,32.0,21.0,14.0,3.0,6.0
2026-360,Marrakech,Clay,28,250,O,20260403,25,J0DZ,,,Rafael Jodar,R,191.0,ESP,19.543,89.0,652.0,MP20,,,Alexandre Muller,R,183.0,FRA,29.166,94.0,645.0,6-2 2-0 RET,3,QF,38.0,5.0,0.0,26.0,18.0,16.0,5.0,5.0,0.0,0.0,1.0,4.0,32.0,23.0,13.0,2.0,5.0,5.0,8.0
2026-4462,Bucharest,Clay,28,250,O,20260403,17,M0N7,,,Daniel Merida,R,188.0,ESP,21.517,136.0,458.0,D0DW,,,Titouan Droguet,R,191.0,FRA,24.799,122.0,528.0,4-6 7-6(7) 3-1 RET,3,QF,126.0,1.0,0.0,98.0,85.0,56.0,4.0,13.0,9.0,11.0,2.0,2.0,80.0,52.0,36.0,15.0,13.0,3.0,5.0
2026-4462,Bucharest,Clay,28,250,O,20260403,18,N0BS,7.0,,Mariano Navone,R,178.0,ARG,25.095,60.0,860.0,MV14,,,Alex Molcan,L,178.0,SVK,28.337,189.0,314.0,3-6 6-2 6-3,3,QF,138.0,1.0,0.0,79.0,58.0,37.0,10.0,13.0,4.0,8.0,1.0,2.0,82.0,57.0,29.0,13.0,13.0,6.0,12.0
2026-4462,Bucharest,Clay,28,250,O,20260403,19,V812,8.0,,Botic van de Zandschulp,R,191.0,NED,30.497,62.0,841.0,D923,,,Damir Dzumhur,R,175.0,BIH,33.87,74.0,731.0,6-3 6-3,3,QF,87.0,2.0,1.0,64.0,39.0,25.0,18.0,9.0,6.0,7.0,0.0,1.0,59.0,35.0,19.0,10.0,9.0,8.0,12.0
2026-4462,Bucharest,Clay,28,250,O,20260403,20,M0N7,,,Daniel Merida,R,188.0,ESP,21.517,136.0,458.0,ME82,2,,Adrian Mannarino,L,180.0,FRA,37.76,43.0,1082.0,4-6 6-2 6-2,3,R16,113.0,5.0,2.0,90.0,64.0,44.0,11.0,13.0,7.0,10.0,2.0,2.0,65.0,48.0,27.0,5.0,13.0,2.0,8.0
2026-4462,Bucharest,Clay,28,250,O,20260403,21,D0DW,,,Titouan Droguet,R,191.0,FRA,24.799,122.0,528.0,B0BI,5,,Sebastian Baez,R,170.0,ARG,25.262,50.0,980.0,6-4 6-4,3,R16,85.0,3.0,0.0,65.0,38.0,24.0,17.0,10.0,1.0,3.0,1.0,0.0,50.0,39.0,24.0,5.0,10.0,2.0,6.0
2026-4462,Bucharest,Clay,28,250,O,20260403,22,M0CI,3.0,,Fabian Marozsan,R,193.0,HUN,26.486,47.0,1005.0,S0KT,,,Stefanos Sakellaridis,R,198.0,GRE,21.552,225.0,252.0,7-6(3) 7-5,3,R16,107.0,2.0,3.0,78.0,55.0,37.0,12.0,12.0,2.0,5.0,5.0,1.0,71.0,42.0,27.0,14.0,12.0,2.0,6.0
2026-4462,Bucharest,Clay,28,250,O,20260403,23,AE14,6.0,,Daniel Altmaier,R,188.0,GER,27.556,52.0,960.0,P0HW,,,Dino Prizmic,R,188.0,CRO,20.66,112.0,585.0,3-6 7-6(1) 7-6(7),3,R16,198.0,1.0,2.0,110.0,76.0,52.0,18.0,16.0,0.0,3.0,0.0,3.0,114.0,71.0,47.0,27.0,17.0,6.0,8.0
2026-4462,Bucharest,Clay,28,250,O,20260404,24,M0CI,3.0,,Fabian Marozsan,R,193.0,HUN,26.489,47.0,1005.0,AE14,6,,Daniel Altmaier,R,188.0,GER,27.559,52.0,960.0,6-2 7-6(5),3,QF,119.0,2.0,1.0,86.0,59.0,37.0,16.0,10.0,7.0,8.0,1.0,1.0,63.0,44.0,29.0,9.0,10.0,2.0,5.0
2026-717,Houston,Clay,28,250,O,20260404,26,T0A1,,,Thiago Agustin Tirante,R,185.0,ARG,24.983,83.0,673.0,S0S1,1,,Ben Shelton,L,193.0,USA,23.485,9.0,3860.0,6-7(5) 6-3 6-4,3,QF,150.0,8.0,3.0,95.0,59.0,52.0,20.0,16.0,2.0,2.0,8.0,1.0,82.0,56.0,48.0,15.0,15.0,1.0,3.0
2026-717,Houston,Clay,28,250,O,20260404,27,TD51,2.0,,Frances Tiafoe,R,188.0,USA,28.203,18.0,2070.0,P09Z,,,Alexei Popyrin,R,196.0,AUS,26.664,45.0,1010.0,3-6 6-4 7-6(6),3,QF,167.0,3.0,4.0,102.0,58.0,46.0,27.0,15.0,3.0,4.0,17.0,5.0,95.0,51.0,43.0,26.0,16.0,3.0,4.0
2026-717,Houston,Clay,28,250,O,20260404,28,B0FV,,,Roman Andres Burruchaga,R,183.0,ARG,24.194,77.0,703.0,T0HA,3,,Learner Tien,L,180.0,USA,20.337,22.0,1845.0,7-5 6-4,3,QF,94.0,0.0,2.0,65.0,45.0,33.0,12.0,11.0,2.0,3.0,0.0,3.0,67.0,41.0,26.0,13.0,11.0,1.0,4.0
2026-717,Houston,Clay,28,250,O,20260404,29,PL56,4.0,,Tommy Paul,R,185.0,USA,28.882,21.0,1915.0,EA24,6,,Tomas Martin Etcheverry,R,196.0,ARG,26.713,31.0,1500.0,6-4 6-2,3,QF,96.0,2.0,2.0,63.0,41.0,31.0,13.0,9.0,4.0,4.0,3.0,2.0,60.0,38.0,27.0,7.0,9.0,1.0,4.0
2026-360,Marrakech,Clay,28,250,O,20260404,26,J0DZ,,,Rafael Jodar,R,191.0,ESP,19.546,89.0,652.0,U182,,,Camilo Ugo Carabelli,R,185.0,ARG,26.798,67.0,780.0,6-2 6-1,3,SF,63.0,5.0,0.0,53.0,37.0,26.0,11.0,8.0,2.0,2.0,3.0,0.0,44.0,27.0,19.0,3.0,7.0,4.0,8.0
2026-360,Marrakech,Clay,28,250,O,20260404,27,TA29,,,Marco Trungelliti,R,178.0,ARG,36.172,117.0,561.0,D0FJ,1,,Luciano Darderi,R,183.0,ITA,24.134,19.0,2050.0,6-4 7-6(2),3,SF,130.0,5.0,1.0,86.0,54.0,33.0,19.0,11.0,3.0,6.0,2.0,8.0,77.0,40.0,26.0,15.0,11.0,2.0,6.0
2026-4462,Bucharest,Clay,28,250,O,20260404,25,M0N7,,,Daniel Merida,R,188.0,ESP,21.52,136.0,458.0,M0CI,3,,Fabian Marozsan,R,193.0,HUN,26.489,47.0,1005.0,6-7(4) 6-3 6-1,3,SF,128.0,3.0,0.0,120.0,92.0,60.0,17.0,14.0,17.0,18.0,0.0,4.0,84.0,56.0,36.0,17.0,14.0,7.0,12.0
2026-4462,Bucharest,Clay,28,250,O,20260404,26,N0BS,7.0,,Mariano Navone,R,178.0,ARG,25.098,60.0,860.0,V812,8,,Botic van de Zandschulp,R,191.0,NED,30.5,62.0,841.0,5-7 7-6(3) 7-5,3,SF,211.0,0.0,2.0,137.0,112.0,67.0,12.0,18.0,8.0,14.0,0.0,2.0,115.0,76.0,46.0,21.0,18.0,7.0,13.0
2026-717,Houston,Clay,28,250,O,20260405,30,PL56,4.0,,Tommy Paul,R,185.0,USA,28.884,21.0,1915.0,TD51,2,,Frances Tiafoe,R,188.0,USA,28.205,18.0,2070.0,7-5 4-6 7-6(7),3,SF,165.0,14.0,0.0,105.0,73.0,52.0,17.0,17.0,0.0,3.0,4.0,0.0,112.0,68.0,44.0,27.0,17.0,4.0,7.0
2026-717,Houston,Clay,28,250,O,20260405,31,B0FV,,,Roman Andres Burruchaga,R,183.0,ARG,24.197,77.0,703.0,T0A1,,,Thiago Agustin Tirante,R,185.0,ARG,24.986,83.0,673.0,6-1 6-1,3,SF,61.0,0.0,1.0,33.0,21.0,21.0,7.0,7.0,0.0,0.0,2.0,2.0,41.0,23.0,11.0,6.0,7.0,3.0,8.0
2026-360,Marrakech,Clay,28,250,O,20260405,28,J0DZ,,,Rafael Jodar,R,191.0,ESP,19.548,89.0,652.0,TA29,,,Marco Trungelliti,R,178.0,ARG,36.175,117.0,561.0,6-3 6-2,3,F,68.0,5.0,1.0,38.0,21.0,18.0,15.0,8.0,1.0,1.0,2.0,4.0,60.0,37.0,24.0,7.0,9.0,5.0,9.0
2026-717,Houston,Clay,28,250,O,20260405,32,PL56,4.0,,Tommy Paul,R,185.0,USA,28.887,21.0,1915.0,B0FV,,,Roman Andres Burruchaga,R,183.0,ARG,24.2,77.0,703.0,6-1 3-6 7-5,3,F,160.0,6.0,1.0,108.0,71.0,50.0,16.0,14.0,9.0,12.0,1.0,3.0,106.0,78.0,41.0,19.0,14.0,11.0,16.0
2026-4462,Bucharest,Clay,28,250,O,20260405,27,N0BS,7.0,,Mariano Navone,R,178.0,ARG,25.101,60.0,860.0,M0N7,,,Daniel Merida,R,188.0,ESP,21.522,136.0,458.0,6-2 4-6 7-5,3,F,137.0,0.0,2.0,84.0,63.0,40.0,7.0,15.0,2.0,8.0,0.0,2.0,87.0,60.0,31.0,11.0,15.0,6.0,14.0
2026-410,Monte Carlo,Clay,56,M,O,20260405,1,TE30,,,Alejandro Tabilo,L,188.0,CHI,28.841,39.0,1118.0,F724,,,Marton Fucsovics,R,188.0,HUN,34.155,51.0,977.0,6-4 6-3,3,R64,82.0,5.0,3.0,62.0,41.0,32.0,12.0,10.0,2.0,2.0,2.0,2.0,49.0,27.0,20.0,12.0,9.0,1.0,3.0
2026-410,Monte Carlo,Clay,56,M,O,20260405,2,N771,,,Cameron Norrie,L,188.0,GBR,30.617,24.0,1753.0,KI95,,,Miomir Kecmanovic,R,183.0,SRB,26.595,58.0,875.0,6-2 4-6 7-6(0),3,R64,168.0,8.0,4.0,103.0,51.0,35.0,27.0,15.0,9.0,13.0,1.0,2.0,108.0,60.0,36.0,22.0,15.0,10.0,15.0
2026-410,Monte Carlo,Clay,56,M,O,20260405,3,MC65,,,Gael Monfils,R,193.0,FRA,39.592,203.0,290.0,GJ37,,,Tallon Griekspoor,R,188.0,NED,29.758,30.0,1585.0,6-7(7) 6-1 6-4,3,R64,135.0,9.0,7.0,102.0,55.0,42.0,22.0,15.0,9.0,12.0,3.0,11.0,93.0,46.0,29.0,19.0,14.0,6.0,12.0
2026-410,Monte Carlo,Clay,56,M,O,20260405,4,HH26,,,Ugo Humbert,L,188.0,FRA,27.775,34.0,1320.0,K0O4,,,Moise Kouame,R,191.0,FRA,17.081,328.0,151.0,6-3 7-5,3,R64,107.0,2.0,2.0,76.0,40.0,26.0,18.0,11.0,7.0,10.0,1.0,2.0,60.0,39.0,21.0,10.0,10.0,4.0,9.0
2026-410,Monte Carlo,Clay,56,M,O,20260406,5,RE44,13.0,,Andrey Rublev,R,188.0,RUS,28.46,15.0,2400.0,BT72,,,Nuno Borges,R,185.0,POR,29.125,50.0,970.0,6-4 1-6 6-1,3,R64,94.0,4.0,3.0,71.0,43.0,33.0,14.0,12.0,2.0,4.0,5.0,2.0,66.0,41.0,32.0,10.0,12.0,3.0,6.0
2026-410,Monte Carlo,Clay,56,M,O,20260406,6,RC91,,,Arthur Rinderknech,R,196.0,FRA,30.705,27.0,1651.0,KE29,12,,Karen Khachanov,R,198.0,RUS,29.875,14.0,2410.0,7-5 6-2,3,R64,91.0,5.0,0.0,59.0,39.0,31.0,11.0,10.0,1.0,1.0,1.0,1.0,57.0,39.0,26.0,10.0,10.0,3.0,6.0
2026-410,Monte Carlo,Clay,56,M,O,20260406,7,B0PG,,,Alexander Blockx,R,193.0,BEL,20.994,91.0,649.0,SU55,,,Denis Shapovalov,L,185.0,CAN,26.976,38.0,1120.0,6-4 4-6 6-3,3,R64,106.0,2.0,3.0,87.0,58.0,43.0,16.0,15.0,5.0,7.0,2.0,5.0,77.0,40.0,27.0,24.0,14.0,1.0,4.0
2026-410,Monte Carlo,Clay,56,M,O,20260406,8,L0BV,11.0,,Jiri Lehecka,R,185.0,CZE,24.408,13.0,2490.0,N0AM,,,Emilio Nava,R,185.0,USA,24.342,103.0,615.0,7-6(1) 6-7(8) 6-2,3,R64,182.0,8.0,3.0,129.0,85.0,56.0,26.0,16.0,7.0,8.0,6.0,5.0,129.0,85.0,59.0,18.0,16.0,9.0,12.0
2026-410,Monte Carlo,Clay,56,M,O,20260406,9,C0AU,16.0,,Francisco Cerundolo,R,185.0,ARG,27.647,19.0,2020.0,TE51,,,Stefanos Tsitsipas,R,193.0,GRE,27.65,48.0,995.0,7-5 6-4,3,R64,105.0,4.0,4.0,77.0,50.0,29.0,14.0,11.0,3.0,7.0,3.0,1.0,71.0,35.0,20.0,13.0,11.0,6.0,12.0
2026-410,Monte Carlo,Clay,56,M,O,20260406,11,BU13,,,Zizou Bergs,R,185.0,BEL,26.842,47.0,1010.0,ME82,,,Adrian Mannarino,L,180.0,FRA,37.769,46.0,1050.0,6-4 6-3,3,R64,81.0,8.0,5.0,63.0,35.0,25.0,14.0,10.0,1.0,3.0,0.0,1.0,51.0,30.0,16.0,11.0,9.0,2.0,6.0
2026-410,Monte Carlo,Clay,56,M,O,20260406,12,F0FV,,,Joao Fonseca,R,188.0,BRA,19.625,40.0,1115.0,D0F6,,,Gabriel Diallo,R,203.0,CAN,24.531,36.0,1175.0,6-2 6-3,3,R64,85.0,2.0,0.0,54.0,35.0,22.0,12.0,8.0,3.0,4.0,1.0,4.0,60.0,38.0,20.0,9.0,9.0,3.0,8.0
2026-410,Monte Carlo,Clay,56,M,O,20260406,13,GD64,,,Cristian Garin,R,185.0,CHI,29.851,109.0,599.0,A0FC,,,Matteo Arnaldi,R,185.0,ITA,25.117,107.0,605.0,6-2 6-4,3,R64,88.0,0.0,3.0,60.0,37.0,25.0,9.0,9.0,1.0,4.0,2.0,2.0,51.0,27.0,14.0,9.0,9.0,5.0,11.0
2026-410,Monte Carlo,Clay,56,M,O,20260406,14,M0FH,,,Tomas Machac,R,183.0,CZE,25.478,53.0,930.0,AE14,,,Daniel Altmaier,R,188.0,GER,27.565,49.0,994.0,6-4 1-6 6-3,3,R64,138.0,4.0,1.0,71.0,48.0,33.0,12.0,13.0,1.0,4.0,4.0,1.0,100.0,56.0,37.0,22.0,13.0,5.0,8.0
2026-410,Monte Carlo,Clay,56,M,O,20260406,15,C0E9,10.0,,Flavio Cobolli,R,183.0,ITA,23.918,16.0,2320.0,C0DF,,,Francisco Comesana,R,178.0,ARG,25.498,99.0,634.0,7-5 2-6 6-3,3,R64,150.0,2.0,2.0,82.0,45.0,29.0,19.0,14.0,7.0,12.0,3.0,3.0,104.0,60.0,37.0,18.0,15.0,7.0,13.0
2026-410,Monte Carlo,Clay,56,M,O,20260406,16,B0BI,,,Sebastian Baez,R,170.0,ARG,25.27,65.0,840.0,W367,,,Stan Wawrinka,R,183.0,SUI,41.024,104.0,608.0,7-5 7-5,3,R64,107.0,3.0,1.0,74.0,45.0,26.0,17.0,12.0,6.0,10.0,4.0,4.0,86.0,45.0,30.0,14.0,12.0,6.0,12.0
2026-410,Monte Carlo,Clay,56,M,O,20260406,17,VA25,,,Valentin Vacherot,R,193.0,MON,27.387,23.0,1818.0,C0C8,,,Juan Manuel Cerundolo,L,183.0,ARG,24.389,71.0,773.0,5-7 6-2 6-1,3,R64,144.0,7.0,3.0,88.0,55.0,40.0,16.0,14.0,5.0,8.0,2.0,4.0,93.0,49.0,25.0,23.0,13.0,12.0,18.0
2026-410,Monte Carlo,Clay,56,M,O,20260407,18,BK40,,,Matteo Berrettini,R,196.0,ITA,29.985,90.0,650.0,BD06,,,Roberto Bautista Agut,R,183.0,ESP,37.979,85.0,673.0,4-0 RET,3,R64,23.0,1.0,0.0,10.0,9.0,8.0,1.0,2.0,0.0,0.0,0.0,0.0,15.0,10.0,3.0,2.0,2.0,1.0,3.0
2026-410,Monte Carlo,Clay,56,M,O,20260407,19,S0AG,2.0,,Jannik Sinner,R,191.0,ITA,24.641,2.0,12400.0,HH26,,,Ugo Humbert,L,188.0,FRA,27.781,34.0,1320.0,6-3 6-0,3,R32,64.0,6.0,2.0,37.0,23.0,21.0,7.0,7.0,0.0,0.0,1.0,2.0,47.0,20.0,8.0,12.0,8.0,3.0,8.0
2026-410,Monte Carlo,Clay,56,M,O,20260407,20,HB71,,,Hubert Hurkacz,R,196.0,POL,29.15,74.0,745.0,D0FJ,15,,Luciano Darderi,R,183.0,ITA,24.142,21.0,1920.0,7-6(4) 5-7 6-1,3,R64,138.0,11.0,1.0,91.0,52.0,43.0,18.0,15.0,6.0,9.0,6.0,1.0,107.0,65.0,39.0,21.0,16.0,7.0,12.0
2026-410,Monte Carlo,Clay,56,M,O,20260407,21,EA24,,,Tomas Martin Etcheverry,R,196.0,ARG,26.721,30.0,1540.0,D875,,,Grigor Dimitrov,R,191.0,BUL,34.894,93.0,645.0,6-4 2-6 6-3,3,R64,116.0,3.0,0.0,69.0,46.0,36.0,13.0,14.0,0.0,3.0,5.0,0.0,73.0,47.0,30.0,16.0,13.0,0.0,3.0
2026-410,Monte Carlo,Clay,56,M,O,20260407,22,A0E2,1.0,,Carlos Alcaraz,R,183.0,ESP,22.924,1.0,13590.0,B0BI,,,Sebastian Baez,R,170.0,ARG,25.273,65.0,840.0,6-1 6-3,3,R32,69.0,6.0,3.0,45.0,30.0,25.0,6.0,8.0,0.0,1.0,1.0,1.0,62.0,40.0,21.0,7.0,8.0,5.0,10.0
2026-410,Monte Carlo,Clay,56,M,O,20260407,23,A0GC,,,Terence Atmane,L,193.0,FRA,24.241,45.0,1058.0,Q02L,,,Ethan Quinn,R,191.0,USA,22.07,54.0,911.0,6-1 6-4,3,R64,62.0,3.0,2.0,45.0,28.0,25.0,12.0,9.0,0.0,0.0,3.0,0.0,44.0,33.0,23.0,4.0,8.0,1.0,4.0
2026-410,Monte Carlo,Clay,56,M,O,20260407,24,C977,,,Marin Cilic,R,198.0,CRO,37.522,51.0,950.0,S0H2,,,Alexander Shevchenko,R,188.0,KAZ,25.352,77.0,727.0,6-1 6-3,3,R64,87.0,5.0,2.0,68.0,40.0,30.0,11.0,8.0,4.0,5.0,2.0,1.0,49.0,29.0,13.0,8.0,8.0,2.0,7.0
2026-410,Monte Carlo,Clay,56,M,O,20260407,25,M0CI,,,Fabian Marozsan,R,193.0,HUN,26.497,43.0,1095.0,D923,,,Damir Dzumhur,R,175.0,BIH,33.881,81.0,681.0,6-2 6-1,3,R64,65.0,1.0,0.0,45.0,32.0,23.0,10.0,8.0,0.0,0.0,0.0,0.0,51.0,37.0,18.0,6.0,7.0,2.0,6.0
2026-410,Monte Carlo,Clay,56,M,O,20260407,26,DH58,5.0,,Alex de Minaur,R,183.0,AUS,27.135,6.0,4095.0,N771,,,Cameron Norrie,L,188.0,GBR,30.623,24.0,1753.0,7-6(5) 2-6 6-2,3,R32,144.0,4.0,3.0,93.0,40.0,29.0,23.0,14.0,4.0,9.0,1.0,1.0,92.0,55.0,39.0,15.0,14.0,3.0,8.0
2026-410,Monte Carlo,Clay,56,M,O,20260407,27,BK92,8.0,,Alexander Bublik,R,196.0,KAZ,28.805,11.0,3345.0,MC65,,,Gael Monfils,R,193.0,FRA,39.598,203.0,290.0,6-4 6-4,3,R32,76.0,4.0,3.0,53.0,35.0,24.0,13.0,10.0,0.0,1.0,2.0,1.0,64.0,40.0,28.0,10.0,10.0,4.0,7.0
2026-410,Monte Carlo,Clay,56,M,O,20260407,28,RH16,9.0,,Casper Ruud,R,183.0,NOR,27.291,12.0,2625.0,P09Z,,,Alexei Popyrin,R,196.0,AUS,26.672,44.0,1060.0,6-3 6-4,3,R64,93.0,0.0,2.0,67.0,48.0,36.0,10.0,10.0,3.0,3.0,2.0,2.0,55.0,29.0,26.0,7.0,9.0,2.0,4.0
2026-410,Monte Carlo,Clay,56,M,O,20260407,29,MW02,,,Corentin Moutet,L,180.0,FRA,26.968,31.0,1433.0,MP20,,,Alexandre Muller,R,183.0,FRA,29.177,88.0,651.0,6-4 6-1,3,R64,81.0,2.0,1.0,55.0,29.0,21.0,15.0,8.0,4.0,5.0,0.0,1.0,58.0,39.0,23.0,7.0,9.0,6.0,11.0
2026-410,Monte Carlo,Clay,56,M,O,20260408,30,BK40,,,Matteo Berrettini,R,196.0,ITA,29.988,90.0,650.0,MM58,7,,Daniil Medvedev,R,198.0,RUS,30.155,10.0,3610.0,6-0 6-0,3,R32,49.0,0.0,0.0,34.0,22.0,16.0,10.0,6.0,2.0,2.0,1.0,5.0,33.0,12.0,5.0,4.0,6.0,2.0,8.0
2026-410,Monte Carlo,Clay,56,M,O,20260408,31,RH16,9.0,,Casper Ruud,R,183.0,NOR,27.294,12.0,2625.0,MW02,,,Corentin Moutet,L,180.0,FRA,26.971,31.0,1433.0,7-5 6-3,3,R32,104.0,3.0,1.0,75.0,52.0,32.0,14.0,11.0,2.0,5.0,0.0,2.0,53.0,25.0,14.0,12.0,10.0,1.0,6.0
2026-410,Monte Carlo,Clay,56,M,O,20260408,32,Z355,3.0,,Alexander Zverev,R,198.0,GER,28.966,3.0,5205.0,GD64,,,Cristian Garin,R,185.0,CHI,29.856,109.0,599.0,4-6 6-4 7-5,3,R32,170.0,8.0,1.0,108.0,68.0,46.0,21.0,16.0,8.0,12.0,0.0,5.0,97.0,65.0,45.0,13.0,16.0,5.0,10.0
2026-410,Monte Carlo,Clay,56,M,O,20260408,33,L0BV,11.0,,Jiri Lehecka,R,185.0,CZE,24.413,13.0,2490.0,TE30,,,Alejandro Tabilo,L,188.0,CHI,28.849,39.0,1118.0,4-6 7-6(4) 6-3,3,R32,159.0,10.0,2.0,100.0,56.0,43.0,23.0,16.0,1.0,4.0,5.0,3.0,115.0,73.0,51.0,19.0,15.0,9.0,12.0
2026-410,Monte Carlo,Clay,56,M,O,20260408,34,BU13,,,Zizou Bergs,R,185.0,BEL,26.847,47.0,1010.0,RE44,13,,Andrey Rublev,R,188.0,RUS,28.465,15.0,2400.0,6-4 6-1,3,R32,77.0,2.0,3.0,64.0,39.0,27.0,15.0,9.0,7.0,8.0,2.0,2.0,45.0,28.0,15.0,7.0,8.0,5.0,9.0
2026-410,Monte Carlo,Clay,56,M,O,20260408,35,M0FH,,,Tomas Machac,R,183.0,CZE,25.484,53.0,930.0,C0AU,16,,Francisco Cerundolo,R,185.0,ARG,27.652,19.0,2020.0,7-6(2) 6-3,3,R32,108.0,3.0,2.0,88.0,57.0,36.0,15.0,11.0,10.0,13.0,1.0,4.0,69.0,39.0,22.0,15.0,10.0,7.0,11.0
2026-410,Monte Carlo,Clay,56,M,O,20260408,36,F0FV,,,Joao Fonseca,R,188.0,BRA,19.63,40.0,1115.0,RC91,,,Arthur Rinderknech,R,196.0,FRA,30.71,27.0,1651.0,7-5 4-6 6-3,3,R32,152.0,3.0,3.0,104.0,71.0,50.0,19.0,16.0,10.0,12.0,5.0,3.0,92.0,53.0,40.0,22.0,15.0,4.0,7.0
2026-410,Monte Carlo,Clay,56,M,O,20260408,37,VA25,,,Valentin Vacherot,R,193.0,MON,27.392,23.0,1818.0,M0EJ,4,,Lorenzo Musetti,R,185.0,ITA,24.099,5.0,4265.0,7-6(6) 7-5,3,R32,129.0,4.0,1.0,71.0,43.0,34.0,15.0,12.0,3.0,5.0,3.0,2.0,95.0,55.0,34.0,21.0,12.0,6.0,9.0
2026-410,Monte Carlo,Clay,56,M,O,20260408,38,AG37,6.0,,Felix Auger-Aliassime,R,193.0,CAN,25.665,7.0,4000.0,C977,,,Marin Cilic,R,198.0,CRO,37.525,51.0,950.0,7-6(4) 6-3,3,R32,121.0,3.0,1.0,69.0,49.0,34.0,10.0,11.0,2.0,5.0,3.0,3.0,70.0,36.0,24.0,15.0,10.0,3.0,7.0
2026-410,Monte Carlo,Clay,56,M,O,20260408,39,B0PG,,,Alexander Blockx,R,193.0,BEL,20.999,91.0,649.0,C0E9,10,,Flavio Cobolli,R,183.0,ITA,23.923,16.0,2320.0,6-3 6-3,3,R32,85.0,4.0,1.0,60.0,41.0,26.0,15.0,9.0,5.0,5.0,1.0,0.0,52.0,31.0,23.0,8.0,9.0,4.0,7.0
2026-410,Monte Carlo,Clay,56,M,O,20260408,40,EA24,,,Tomas Martin Etcheverry,R,196.0,ARG,26.724,30.0,1540.0,A0GC,,,Terence Atmane,L,193.0,FRA,24.244,45.0,1058.0,3-6 6-3 6-2,3,R32,117.0,2.0,2.0,73.0,45.0,33.0,17.0,13.0,3.0,5.0,4.0,2.0,74.0,41.0,29.0,15.0,13.0,2.0,6.0
2026-410,Monte Carlo,Clay,56,M,O,20260408,41,HB71,,,Hubert Hurkacz,R,196.0,POL,29.153,74.0,745.0,M0CI,,,Fabian Marozsan,R,193.0,HUN,26.5,43.0,1095.0,6-2 6-3,3,R32,71.0,7.0,0.0,47.0,26.0,21.0,15.0,9.0,0.0,0.0,0.0,2.0,60.0,34.0,18.0,14.0,8.0,5.0,8.0
2026-410,Monte Carlo,Clay,56,M,O,20260409,42,F0FV,,,Joao Fonseca,R,188.0,BRA,19.633,40.0,1115.0,BK40,,,Matteo Berrettini,R,196.0,ITA,29.99,90.0,650.0,6-3 6-2,3,R16,73.0,5.0,0.0,44.0,31.0,28.0,6.0,9.0,0.0,1.0,2.0,0.0,51.0,23.0,16.0,10.0,8.0,2.0,6.0
2026-410,Monte Carlo,Clay,56,M,O,20260409,43,S0AG,2.0,,Jannik Sinner,R,191.0,ITA,24.646,2.0,12400.0,M0FH,,,Tomas Machac,R,183.0,CZE,25.487,53.0,930.0,6-1 6-7(3) 6-3,3,R16,121.0,5.0,4.0,75.0,43.0,31.0,19.0,13.0,2.0,4.0,0.0,6.0,89.0,48.0,27.0,20.0,15.0,4.0,11.0
2026-410,Monte Carlo,Clay,56,M,O,20260409,44,Z355,3.0,,Alexander Zverev,R,198.0,GER,28.969,3.0,5205.0,BU13,,,Zizou Bergs,R,185.0,BEL,26.85,47.0,1010.0,6-2 7-5,3,R16,111.0,5.0,1.0,56.0,39.0,25.0,11.0,10.0,1.0,3.0,2.0,7.0,73.0,37.0,23.0,14.0,10.0,4.0,9.0
2026-410,Monte Carlo,Clay,56,M,O,20260409,45,AG37,6.0,,Felix Auger-Aliassime,R,193.0,CAN,25.667,7.0,4000.0,RH16,9,,Casper Ruud,R,183.0,NOR,27.296,12.0,2625.0,7-5 2-2 RET,3,R16,103.0,4.0,1.0,58.0,35.0,25.0,12.0,8.0,2.0,3.0,2.0,1.0,62.0,45.0,26.0,10.0,8.0,4.0,6.0
2026-410,Monte Carlo,Clay,56,M,O,20260409,46,A0E2,1.0,,Carlos Alcaraz,R,183.0,ESP,22.93,1.0,13590.0,EA24,,,Tomas Martin Etcheverry,R,196.0,ARG,26.727,30.0,1540.0,6-1 4-6 6-3,3,R16,143.0,5.0,3.0,89.0,60.0,40.0,16.0,13.0,4.0,6.0,1.0,5.0,92.0,57.0,35.0,15.0,13.0,7.0,12.0
2026-410,Monte Carlo,Clay,56,M,O,20260409,47,BK92,8.0,,Alexander Bublik,R,196.0,KAZ,28.81,11.0,3345.0,L0BV,11,,Jiri Lehecka,R,185.0,CZE,24.416,13.0,2490.0,6-2 7-5,3,R16,75.0,5.0,1.0,51.0,36.0,32.0,8.0,10.0,0.0,0.0,7.0,0.0,65.0,51.0,35.0,4.0,10.0,4.0,7.0
2026-410,Monte Carlo,Clay,56,M,O,20260409,48,VA25,,,Valentin Vacherot,R,193.0,MON,27.395,23.0,1818.0,HB71,,,Hubert Hurkacz,R,196.0,POL,29.155,74.0,745.0,6-7(4) 6-3 6-4,3,R16,173.0,3.0,2.0,120.0,77.0,57.0,19.0,16.0,11.0,13.0,14.0,4.0,96.0,57.0,40.0,20.0,15.0,4.0,8.0
2026-410,Monte Carlo,Clay,56,M,O,20260409,49,DH58,5.0,,Alex de Minaur,R,183.0,AUS,27.14,6.0,4095.0,B0PG,,,Alexander Blockx,R,193.0,BEL,21.002,91.0,649.0,7-5 7-6(4),3,R16,107.0,2.0,0.0,70.0,41.0,32.0,19.0,12.0,2.0,3.0,1.0,1.0,75.0,45.0,36.0,14.0,12.0,1.0,3.0
2026-410,Monte Carlo,Clay,56,M,O,20260410,50,Z355,3.0,,Alexander Zverev,R,198.0,GER,28.972,3.0,5205.0,F0FV,,,Joao Fonseca,R,188.0,BRA,19.636,40.0,1115.0,7-5 6-7(3) 6-3,3,QF,160.0,3.0,2.0,104.0,69.0,50.0,19.0,17.0,1.0,3.0,4.0,2.0,97.0,63.0,43.0,19.0,16.0,3.0,7.0
2026-410,Monte Carlo,Clay,56,M,O,20260410,51,S0AG,2.0,,Jannik Sinner,R,191.0,ITA,24.649,2.0,12400.0,AG37,6,,Felix Auger-Aliassime,R,193.0,CAN,25.67,7.0,4000.0,6-3 6-4,3,QF,92.0,2.0,1.0,57.0,33.0,26.0,17.0,10.0,1.0,1.0,5.0,2.0,56.0,41.0,27.0,7.0,9.0,3.0,5.0
2026-410,Monte Carlo,Clay,56,M,O,20260410,52,A0E2,1.0,,Carlos Alcaraz,R,183.0,ESP,22.932,1.0,13590.0,BK92,8,,Alexander Bublik,R,196.0,KAZ,28.813,11.0,3345.0,6-3 6-0,3,QF,63.0,3.0,2.0,44.0,25.0,17.0,11.0,7.0,1.0,2.0,2.0,1.0,53.0,33.0,13.0,9.0,8.0,4.0,10.0
2026-410,Monte Carlo,Clay,56,M,O,20260410,53,VA25,,,Valentin Vacherot,R,193.0,MON,27.398,23.0,1818.0,DH58,5,,Alex de Minaur,R,183.0,AUS,27.143,6.0,4095.0,6-4 3-6 6-3,3,QF,144.0,6.0,3.0,97.0,56.0,41.0,17.0,14.0,14.0,17.0,3.0,6.0,87.0,42.0,28.0,22.0,14.0,6.0,10.0
2026-410,Monte Carlo,Clay,56,M,O,20260411,54,S0AG,2.0,,Jannik Sinner,R,191.0,ITA,24.652,2.0,12400.0,Z355,3,,Alexander Zverev,R,198.0,GER,28.975,3.0,5205.0,6-1 6-4,3,SF,82.0,1.0,0.0,39.0,23.0,20.0,12.0,8.0,0.0,0.0,0.0,2.0,54.0,32.0,14.0,12.0,9.0,0.0,4.0
2026-410,Monte Carlo,Clay,56,M,O,20260411,55,A0E2,1.0,,Carlos Alcaraz,R,183.0,ESP,22.935,1.0,13590.0,VA25,,,Valentin Vacherot,R,193.0,MON,27.4,23.0,1818.0,6-4 6-4,3,SF,84.0,3.0,3.0,51.0,31.0,25.0,12.0,10.0,0.0,1.0,3.0,1.0,59.0,40.0,28.0,9.0,10.0,1.0,4.0
2026-410,Monte Carlo,Clay,56,M,O,20260412,56,S0AG,2.0,,Jannik Sinner,R,191.0,ITA,24.654,2.0,12400.0,A0E2,1,,Carlos Alcaraz,R,183.0,ESP,22.938,1.0,13590.0,7-6(5) 6-3,3,F,135.0,0.0,2.0,75.0,38.0,25.0,24.0,11.0,3.0,5.0,3.0,5.0,92.0,53.0,31.0,22.0,10.0,8.0,11.0
2026-416,Munich,Clay,32,500,O,20260413,1,S0S1,2.0,,Ben Shelton,L,193.0,USA,23.51,6.0,3900.0,N0AM,,,Emilio Nava,R,185.0,USA,24.361,103.0,615.0,7-6(4) 3-6 6-3,3,R32,126.0,14.0,6.0,84.0,51.0,39.0,22.0,15.0,3.0,5.0,4.0,2.0,94.0,62.0,46.0,17.0,15.0,4.0,6.0
2026-308,Munich,Clay,32,500,O,20260413,2,C0AU,5.0,,Francisco Cerundolo,R,185.0,ARG,27.666,19.0,2020.0,N897,,,Sumit Nagal,R,178.0,IND,28.657,292.0,179.0,6-2 6-2,3,R32,80.0,2.0,2.0,60.0,36.0,27.0,12.0,8.0,8.0,8.0,0.0,1.0,50.0,37.0,21.0,6.0,8.0,6.0,10.0
2026-308,Munich,Clay,32,500,O,20260413,3,RC91,7.0,,Arthur Rinderknech,R,196.0,FRA,30.724,26.0,1676.0,M0QI,,,Alex Michelsen,R,193.0,USA,21.632,36.0,1200.0,6-3 6-3,3,R32,101.0,3.0,2.0,58.0,41.0,32.0,9.0,9.0,0.0,0.0,3.0,7.0,80.0,51.0,32.0,11.0,9.0,9.0,12.0
2026-308,Munich,Clay,32,500,O,20260413,4,D0F6,,,Gabriel Diallo,R,203.0,CAN,24.55,37.0,1175.0,SS25,,,Vitaliy Sachko,R,188.0,UKR,28.747,208.0,282.0,6-1 6-2,3,R32,76.0,4.0,2.0,53.0,38.0,30.0,7.0,8.0,5.0,5.0,2.0,0.0,45.0,20.0,11.0,11.0,7.0,5.0,9.0
2026-308,Munich,Clay,32,500,O,20260413,5,V812,,,Botic van de Zandschulp,R,191.0,NED,30.524,49.0,931.0,HH06,,,Marc-Andrea Huesler,L,196.0,SUI,29.802,340.0,148.0,7-6(7) 6-3,3,R32,110.0,2.0,5.0,71.0,47.0,32.0,12.0,10.0,3.0,5.0,3.0,2.0,77.0,41.0,24.0,17.0,11.0,6.0,10.0
2026-425,Barcelona,Clay,32,500,O,20260413,1,Q02L,,,Ethan Quinn,R,191.0,USA,22.086,50.0,927.0,O522,,,Reilly Opelka,R,211.0,USA,28.624,68.0,803.0,7-5 7-6(7),3,R32,111.0,8.0,1.0,83.0,59.0,50.0,10.0,12.0,0.0,0.0,13.0,6.0,81.0,50.0,40.0,16.0,12.0,7.0,8.0
2026-425,Barcelona,Clay,32,500,O,20260413,2,EA24,,,Tomas Martin Etcheverry,R,196.0,ARG,26.738,29.0,1590.0,D0CO,8,,Jack Draper,L,193.0,GBR,24.307,28.0,1610.0,3-6 6-3 4-1 RET,3,R32,105.0,3.0,4.0,56.0,29.0,21.0,17.0,11.0,1.0,4.0,3.0,6.0,69.0,36.0,24.0,12.0,12.0,1.0,6.0
2026-425,Barcelona,Clay,32,500,O,20260413,3,MW02,,,Corentin Moutet,L,180.0,FRA,26.984,31.0,1433.0,B0ID,,,Ignacio Buse,R,183.0,PER,22.051,60.0,864.0,6-4 6-4,3,R32,100.0,1.0,2.0,57.0,40.0,29.0,6.0,10.0,3.0,6.0,2.0,1.0,66.0,45.0,26.0,7.0,10.0,4.0,9.0
2026-308,Munich,Clay,32,500,O,20260413,6,B0PG,,,Alexander Blockx,R,193.0,BEL,21.013,71.0,772.0,H997,,,Yannick Hanfmann,R,193.0,GER,34.415,51.0,899.0,7-6(2) 6-2,3,R32,88.0,4.0,0.0,61.0,41.0,34.0,14.0,10.0,0.0,0.0,3.0,2.0,64.0,39.0,28.0,10.0,10.0,4.0,6.0
2026-425,Barcelona,Clay,32,500,O,20260413,4,J0DZ,,,Rafael Jodar,R,191.0,ESP,19.57,55.0,886.0,MU94,,,Jaume Munar,R,183.0,ESP,28.939,38.0,1175.0,6-1 6-2,3,R32,70.0,0.0,2.0,44.0,21.0,17.0,15.0,8.0,0.0,0.0,0.0,3.0,56.0,40.0,20.0,6.0,7.0,4.0,8.0
2026-425,Barcelona,Clay,32,500,O,20260413,5,N771,7.0,,Cameron Norrie,L,188.0,GBR,30.639,24.0,1778.0,W367,,,Stan Wawrinka,R,183.0,SUI,41.043,107.0,608.0,6-4 6-7(5) 6-4,3,R32,153.0,2.0,4.0,106.0,75.0,54.0,15.0,16.0,5.0,7.0,4.0,2.0,106.0,60.0,40.0,27.0,16.0,7.0,11.0
2026-425,Barcelona,Clay,32,500,O,20260413,6,BT72,,,Nuno Borges,R,185.0,POR,29.144,52.0,895.0,ME82,,,Adrian Mannarino,L,180.0,FRA,37.788,46.0,1025.0,6-3 6-4,3,R32,82.0,10.0,2.0,70.0,50.0,38.0,10.0,10.0,7.0,7.0,0.0,2.0,68.0,42.0,27.0,12.0,9.0,9.0,11.0
2026-425,Barcelona,Clay,32,500,O,20260413,7,M0JF,,,Hamad Medjedovic,R,188.0,SRB,22.738,88.0,664.0,TA29,,,Marco Trungelliti,R,178.0,ARG,36.197,79.0,732.0,7-5 6-4,3,R32,90.0,10.0,2.0,62.0,43.0,34.0,10.0,11.0,3.0,4.0,2.0,3.0,65.0,35.0,25.0,14.0,11.0,4.0,7.0
2026-308,Munich,Clay,32,500,O,20260414,7,Z355,1.0,,Alexander Zverev,R,198.0,GER,28.983,3.0,5555.0,KI95,,,Miomir Kecmanovic,R,183.0,SRB,26.62,58.0,875.0,6-3 3-6 7-6(2),3,R32,138.0,12.0,3.0,86.0,57.0,43.0,17.0,15.0,1.0,4.0,1.0,2.0,102.0,60.0,41.0,20.0,15.0,5.0,8.0
2026-308,Munich,Clay,32,500,O,20260414,8,MV14,,,Alex Molcan,L,178.0,SVK,28.367,166.0,376.0,BK92,3,,Alexander Bublik,R,196.0,KAZ,28.824,11.0,3445.0,6-4 6-2,3,R32,65.0,6.0,1.0,51.0,31.0,23.0,12.0,9.0,1.0,2.0,6.0,3.0,52.0,35.0,19.0,7.0,9.0,5.0,9.0
2026-308,Munich,Clay,32,500,O,20260414,9,C0E9,4.0,,Flavio Cobolli,R,183.0,ITA,23.94,16.0,2320.0,D0LJ,,,Diego Dedura,L,180.0,2H,18.09,258.0,210.0,6-4 7-5,3,R32,86.0,2.0,5.0,66.0,39.0,30.0,15.0,11.0,0.0,1.0,0.0,3.0,72.0,56.0,37.0,7.0,11.0,6.0,9.0
2026-308,Munich,Clay,32,500,O,20260414,10,D0FJ,6.0,,Luciano Darderi,R,183.0,ITA,24.162,21.0,1920.0,Z371,,,Zhizhen Zhang,R,193.0,CHN,29.492,242.0,230.0,7-6(5) 3-6 6-1,3,R32,127.0,8.0,3.0,89.0,51.0,37.0,23.0,14.0,3.0,6.0,11.0,2.0,94.0,64.0,45.0,11.0,14.0,7.0,11.0
2026-308,Munich,Clay,32,500,O,20260414,11,SU55,,,Denis Shapovalov,L,185.0,CAN,26.998,39.0,1120.0,GJ37,8,,Tallon Griekspoor,R,188.0,NED,29.782,32.0,1430.0,6-4 3-6 6-2,3,R32,122.0,3.0,6.0,82.0,48.0,31.0,21.0,14.0,3.0,6.0,4.0,4.0,85.0,56.0,36.0,13.0,13.0,8.0,12.0
2026-308,Munich,Clay,32,500,O,20260414,12,AE14,,,Daniel Altmaier,R,188.0,GER,27.587,56.0,880.0,C977,,,Marin Cilic,R,198.0,CRO,37.541,48.0,950.0,6-2 6-3,3,R32,69.0,9.0,1.0,49.0,33.0,27.0,12.0,9.0,2.0,2.0,3.0,2.0,49.0,31.0,20.0,8.0,8.0,1.0,4.0
2026-308,Munich,Clay,32,500,O,20260414,13,BU13,,,Zizou Bergs,R,185.0,BEL,26.864,40.0,1110.0,T0FI,,,Marko Topo,R,185.0,GER,22.585,260.0,208.0,6-1 6-4,3,R32,69.0,6.0,4.0,56.0,27.0,16.0,19.0,9.0,2.0,4.0,2.0,4.0,46.0,31.0,17.0,4.0,8.0,3.0,8.0
2026-308,Munich,Clay,32,500,O,20260414,14,F0FV,,,Joao Fonseca,R,188.0,BRA,19.647,35.0,1315.0,TE30,,,Alejandro Tabilo,L,188.0,CHI,28.865,45.0,1068.0,7-6(1) 6-3,3,R32,93.0,3.0,1.0,66.0,43.0,31.0,14.0,10.0,2.0,3.0,4.0,0.0,68.0,40.0,27.0,12.0,11.0,4.0,7.0
2026-308,Munich,Clay,32,500,O,20260414,15,KI82,,,Vit Kopriva,R,178.0,CZE,28.83,77.0,738.0,E0DD,,,Justin Engel,R,185.0,GER,18.535,184.0,323.0,6-3 5-7 6-2,3,R32,130.0,2.0,2.0,96.0,62.0,41.0,15.0,15.0,2.0,6.0,1.0,2.0,85.0,55.0,31.0,15.0,14.0,6.0,12.0
2026-425,Barcelona,Clay,32,500,O,20260414,8,A0E2,1.0,,Carlos Alcaraz,R,183.0,ESP,22.943,2.0,13240.0,V0AM,,,Otto Virtanen,R,193.0,FIN,24.813,130.0,487.0,6-4 6-2,3,R32,85.0,0.0,3.0,67.0,45.0,29.0,12.0,9.0,5.0,6.0,0.0,3.0,55.0,32.0,21.0,7.0,9.0,3.0,7.0
2026-425,Barcelona,Clay,32,500,O,20260414,9,M0EJ,2.0,,Lorenzo Musetti,R,185.0,ITA,24.115,9.0,3625.0,L0IL,,,Martin Landaluce,R,193.0,ESP,20.263,101.0,634.0,7-5 6-2,3,R32,87.0,3.0,4.0,60.0,35.0,29.0,13.0,10.0,2.0,3.0,1.0,4.0,57.0,27.0,19.0,14.0,10.0,3.0,7.0
2026-425,Barcelona,Clay,32,500,O,20260414,10,DH58,3.0,,Alex de Minaur,R,183.0,AUS,27.154,7.0,3895.0,O513,,,Sebastian Ofner,R,191.0,AUT,29.922,86.0,673.0,7-6(7) 6-4,3,R32,105.0,3.0,4.0,81.0,37.0,32.0,24.0,11.0,4.0,4.0,0.0,3.0,74.0,39.0,29.0,18.0,11.0,0.0,1.0
2026-425,Barcelona,Clay,32,500,O,20260414,11,U182,,,Camilo Ugo Carabelli,R,185.0,ARG,26.825,64.0,825.0,KE29,4,,Karen Khachanov,R,198.0,RUS,29.897,14.0,2410.0,6-3 6-4,3,R32,73.0,3.0,0.0,51.0,34.0,28.0,12.0,10.0,0.0,0.0,2.0,2.0,53.0,36.0,24.0,9.0,9.0,2.0,4.0
2026-425,Barcelona,Clay,32,500,O,20260414,12,M0FH,,,Tomas Machac,R,183.0,CZE,25.5,47.0,980.0,B0BI,,,Sebastian Baez,R,170.0,ARG,25.292,57.0,880.0,2-6 6-4 6-1,3,R32,99.0,3.0,3.0,69.0,47.0,32.0,10.0,12.0,1.0,4.0,1.0,1.0,76.0,54.0,31.0,9.0,13.0,4.0,9.0
2026-425,Barcelona,Clay,32,500,O,20260414,13,SU87,,,Lorenzo Sonego,R,191.0,ITA,30.927,66.0,810.0,MO44,,,Pedro Martinez,R,185.0,ESP,28.966,125.0,496.0,6-2 2-6 6-4,3,R32,156.0,5.0,1.0,76.0,48.0,33.0,14.0,13.0,6.0,10.0,0.0,4.0,83.0,55.0,30.0,16.0,13.0,6.0,11.0
2026-425,Barcelona,Clay,32,500,O,20260414,14,F0F1,9.0,,Arthur Fils,R,185.0,FRA,21.837,30.0,1440.0,A0GC,,,Terence Atmane,L,193.0,FRA,24.26,41.0,1108.0,4-6 6-4 7-6(7),3,R32,144.0,2.0,3.0,104.0,67.0,49.0,22.0,16.0,6.0,8.0,12.0,2.0,112.0,79.0,57.0,16.0,16.0,3.0,5.0
2026-425,Barcelona,Clay,32,500,O,20260414,15,RE44,5.0,,Andrey Rublev,R,188.0,RUS,28.482,15.0,2350.0,N0BS,,,Mariano Navone,R,178.0,ARG,25.125,44.0,1085.0,6-4 7-5,3,R32,112.0,1.0,2.0,74.0,42.0,27.0,15.0,11.0,4.0,7.0,1.0,1.0,77.0,62.0,31.0,9.0,11.0,5.0,10.0
2026-425,Barcelona,Clay,32,500,O,20260414,16,N0AE,,,Brandon Nakashima,R,188.0,USA,24.695,33.0,1385.0,C0C8,,,Juan Manuel Cerundolo,L,183.0,ARG,24.411,69.0,803.0,6-3 7-5,3,R32,102.0,6.0,0.0,71.0,45.0,31.0,16.0,11.0,1.0,2.0,6.0,2.0,61.0,30.0,21.0,14.0,10.0,3.0,6.0
2026-308,Munich,Clay,32,500,O,20260415,16,C0E9,4.0,,Flavio Cobolli,R,183.0,ITA,23.943,16.0,2320.0,BU13,,,Zizou Bergs,R,185.0,BEL,26.867,40.0,1110.0,6-2 6-3,3,R16,73.0,4.0,3.0,49.0,26.0,23.0,14.0,9.0,1.0,1.0,1.0,5.0,44.0,25.0,17.0,6.0,8.0,0.0,3.0
2026-308,Munich,Clay,32,500,O,20260415,17,S0S1,2.0,,Ben Shelton,L,193.0,USA,23.515,6.0,3900.0,B0PG,,,Alexander Blockx,R,193.0,BEL,21.018,71.0,772.0,6-4 7-6(8),3,R16,106.0,4.0,2.0,77.0,49.0,37.0,20.0,11.0,3.0,3.0,0.0,0.0,74.0,45.0,35.0,16.0,11.0,1.0,2.0
2026-308,Munich,Clay,32,500,O,20260415,18,F0FV,,,Joao Fonseca,R,188.0,BRA,19.65,35.0,1315.0,RC91,7,,Arthur Rinderknech,R,196.0,FRA,30.73,26.0,1676.0,6-3 6-2,3,R16,81.0,2.0,1.0,61.0,41.0,31.0,10.0,9.0,9.0,9.0,4.0,5.0,56.0,37.0,23.0,7.0,8.0,4.0,7.0
2026-308,Munich,Clay,32,500,O,20260415,19,M0CI,,,Fabian Marozsan,R,193.0,HUN,26.519,42.0,1105.0,TE51,,,Stefanos Tsitsipas,R,193.0,GRE,27.674,67.0,805.0,3-6 7-6(5) 6-4,3,R32,148.0,3.0,2.0,90.0,59.0,46.0,19.0,16.0,3.0,5.0,6.0,4.0,123.0,77.0,54.0,24.0,15.0,14.0,15.0
2026-425,Barcelona,Clay,32,500,O,20260415,17,M0JF,,,Hamad Medjedovic,R,188.0,SRB,22.743,88.0,664.0,DH58,3,,Alex de Minaur,R,183.0,AUS,27.157,7.0,3895.0,6-3 6-4,3,R16,95.0,6.0,1.0,74.0,49.0,36.0,11.0,10.0,8.0,9.0,1.0,5.0,53.0,19.0,13.0,19.0,9.0,5.0,8.0
2026-425,Barcelona,Clay,32,500,O,20260415,18,BT72,,,Nuno Borges,R,185.0,POR,29.15,52.0,895.0,EA24,,,Tomas Martin Etcheverry,R,196.0,ARG,26.743,29.0,1590.0,6-3 7-6(4),3,R16,121.0,5.0,5.0,83.0,46.0,37.0,20.0,11.0,4.0,5.0,0.0,4.0,65.0,36.0,21.0,19.0,10.0,6.0,8.0
2026-308,Munich,Clay,32,500,O,20260415,20,KI82,,,Vit Kopriva,R,178.0,CZE,28.832,77.0,738.0,D0FJ,6,,Luciano Darderi,R,183.0,ITA,24.164,21.0,1920.0,2-6 6-4 6-1,3,R16,120.0,5.0,3.0,88.0,54.0,36.0,18.0,13.0,6.0,10.0,4.0,1.0,78.0,41.0,26.0,17.0,12.0,1.0,6.0
2026-425,Barcelona,Clay,32,500,O,20260415,19,N771,7.0,,Cameron Norrie,L,188.0,GBR,30.645,24.0,1778.0,Q02L,,,Ethan Quinn,R,191.0,USA,22.092,50.0,927.0,6-3 4-6 6-4,3,R16,150.0,4.0,5.0,102.0,63.0,44.0,21.0,15.0,6.0,8.0,7.0,6.0,105.0,62.0,43.0,19.0,14.0,4.0,7.0
2026-425,Barcelona,Clay,32,500,O,20260415,20,J0DZ,,,Rafael Jodar,R,191.0,ESP,19.576,55.0,886.0,U182,,,Camilo Ugo Carabelli,R,185.0,ARG,26.828,64.0,825.0,6-3 6-3,3,R16,89.0,0.0,1.0,60.0,42.0,27.0,12.0,9.0,4.0,5.0,0.0,2.0,69.0,37.0,21.0,14.0,9.0,5.0,9.0
2026-425,Barcelona,Clay,32,500,O,20260415,21,M0FH,,,Tomas Machac,R,183.0,CZE,25.503,47.0,980.0,A0E2,,,Carlos Alcaraz,R,183.0,ESP,22.946,2.0,13240.0,W/O,3,R16,,,,,,,,,,,,,,,,,,,
2026-308,Munich,Clay,32,500,O,20260416,21,Z355,1.0,,Alexander Zverev,R,198.0,GER,28.988,3.0,5555.0,D0F6,,,Gabriel Diallo,R,203.0,CAN,24.559,37.0,1175.0,6-1 6-2,3,R16,73.0,3.0,1.0,40.0,30.0,25.0,5.0,7.0,1.0,1.0,2.0,0.0,53.0,31.0,17.0,7.0,8.0,3.0,8.0
2026-308,Munich,Clay,32,500,O,20260416,22,C0AU,5.0,,Francisco Cerundolo,R,185.0,ARG,27.674,19.0,2020.0,V812,,,Botic van de Zandschulp,R,191.0,NED,30.533,49.0,931.0,6-3 6-0,3,R16,64.0,0.0,2.0,40.0,20.0,14.0,13.0,7.0,3.0,4.0,0.0,4.0,54.0,31.0,15.0,8.0,8.0,5.0,11.0
2026-308,Munich,Clay,32,500,O,20260416,23,MV14,,,Alex Molcan,L,178.0,SVK,28.372,166.0,376.0,AE14,,,Daniel Altmaier,R,188.0,GER,27.592,56.0,880.0,6-4 7-6(10),3,R16,103.0,2.0,0.0,68.0,43.0,36.0,16.0,11.0,0.0,0.0,6.0,5.0,68.0,47.0,37.0,10.0,11.0,0.0,1.0
2026-308,Munich,Clay,32,500,O,20260416,24,SU55,,,Denis Shapovalov,L,185.0,CAN,27.003,39.0,1120.0,M0CI,,,Fabian Marozsan,R,193.0,HUN,26.522,42.0,1105.0,7-6(4) 6-2,3,R16,85.0,4.0,8.0,67.0,38.0,30.0,17.0,10.0,3.0,3.0,3.0,1.0,60.0,44.0,28.0,12.0,10.0,2.0,4.0
2026-425,Barcelona,Clay,32,500,O,20260416,22,M0EJ,2.0,,Lorenzo Musetti,R,185.0,ITA,24.12,9.0,3625.0,MW02,,,Corentin Moutet,L,180.0,FRA,26.992,31.0,1433.0,6-3 6-4,3,R16,101.0,2.0,0.0,64.0,42.0,29.0,14.0,10.0,5.0,6.0,1.0,3.0,59.0,41.0,25.0,9.0,9.0,2.0,5.0
2026-425,Barcelona,Clay,32,500,O,20260416,23,RE44,5.0,,Andrey Rublev,R,188.0,RUS,28.487,15.0,2350.0,SU87,,,Lorenzo Sonego,R,191.0,ITA,30.932,66.0,810.0,6-2 6-3,3,R16,102.0,2.0,5.0,54.0,30.0,21.0,13.0,8.0,4.0,5.0,1.0,2.0,70.0,41.0,21.0,14.0,9.0,6.0,11.0
2026-425,Barcelona,Clay,32,500,O,20260416,24,F0F1,9.0,,Arthur Fils,R,185.0,FRA,21.843,30.0,1440.0,N0AE,,,Brandon Nakashima,R,188.0,USA,24.701,33.0,1385.0,6-2 6-3,3,R16,73.0,2.0,1.0,44.0,28.0,23.0,8.0,8.0,1.0,2.0,2.0,0.0,54.0,34.0,20.0,8.0,9.0,4.0,9.0
2026-308,Munich,Clay,32,500,O,20260417,25,S0S1,2.0,,Ben Shelton,L,193.0,USA,23.521,6.0,3900.0,F0FV,,,Joao Fonseca,R,188.0,BRA,19.655,35.0,1315.0,6-3 3-6 6-3,3,QF,109.0,7.0,2.0,70.0,45.0,38.0,17.0,14.0,0.0,1.0,3.0,0.0,76.0,50.0,35.0,17.0,13.0,5.0,7.0
2026-308,Munich,Clay,32,500,O,20260417,26,Z355,1.0,,Alexander Zverev,R,198.0,GER,28.991,3.0,5555.0,C0AU,5,,Francisco Cerundolo,R,185.0,ARG,27.677,19.0,2020.0,5-7 6-0 6-2,3,QF,135.0,3.0,3.0,72.0,52.0,34.0,13.0,13.0,0.0,3.0,1.0,4.0,93.0,52.0,29.0,18.0,13.0,5.0,12.0
2026-308,Munich,Clay,32,500,O,20260417,27,C0E9,4.0,,Flavio Cobolli,R,183.0,ITA,23.948,16.0,2320.0,KI82,,,Vit Kopriva,R,178.0,CZE,28.838,77.0,738.0,6-3 6-2,3,QF,86.0,1.0,3.0,60.0,31.0,22.0,17.0,9.0,5.0,6.0,1.0,3.0,58.0,35.0,20.0,9.0,8.0,8.0,12.0
2026-425,Barcelona,Clay,32,500,O,20260417,25,F0F1,9.0,,Arthur Fils,R,185.0,FRA,21.845,30.0,1440.0,M0EJ,2,,Lorenzo Musetti,R,185.0,ITA,24.123,9.0,3625.0,6-3 6-4,3,QF,75.0,2.0,0.0,51.0,37.0,29.0,11.0,10.0,0.0,0.0,2.0,2.0,58.0,42.0,31.0,6.0,9.0,3.0,5.0
2026-425,Barcelona,Clay,32,500,O,20260417,26,RE44,5.0,,Andrey Rublev,R,188.0,RUS,28.49,15.0,2350.0,M0FH,,,Tomas Machac,R,183.0,CZE,25.509,47.0,980.0,6-4 6-3,3,QF,85.0,1.0,3.0,60.0,31.0,20.0,14.0,9.0,4.0,7.0,0.0,3.0,66.0,43.0,22.0,9.0,10.0,7.0,13.0
2026-425,Barcelona,Clay,32,500,O,20260417,27,M0JF,,,Hamad Medjedovic,R,188.0,SRB,22.749,88.0,664.0,BT72,,,Nuno Borges,R,185.0,POR,29.155,52.0,895.0,7-6(6) 6-2,3,QF,94.0,7.0,2.0,65.0,39.0,31.0,15.0,10.0,1.0,2.0,4.0,2.0,63.0,41.0,29.0,12.0,10.0,3.0,6.0
2026-308,Munich,Clay,32,500,O,20260417,28,MV14,,,Alex Molcan,L,178.0,SVK,28.375,166.0,376.0,SU55,,,Denis Shapovalov,L,185.0,CAN,27.006,39.0,1120.0,6-4 6-4,3,QF,78.0,2.0,3.0,52.0,28.0,19.0,19.0,10.0,0.0,1.0,4.0,7.0,61.0,32.0,23.0,12.0,10.0,6.0,9.0
2026-425,Barcelona,Clay,32,500,O,20260417,28,J0DZ,,,Rafael Jodar,R,191.0,ESP,19.581,55.0,886.0,N771,7,,Cameron Norrie,L,188.0,GBR,30.65,24.0,1778.0,6-3 6-2,3,QF,69.0,4.0,1.0,48.0,32.0,24.0,8.0,9.0,2.0,4.0,1.0,1.0,53.0,30.0,12.0,12.0,8.0,4.0,9.0
2026-308,Munich,Clay,32,500,O,20260418,29,C0E9,4.0,,Flavio Cobolli,R,183.0,ITA,23.951,16.0,2320.0,Z355,1,,Alexander Zverev,R,198.0,GER,28.994,3.0,5555.0,6-3 6-3,3,SF,69.0,7.0,1.0,49.0,32.0,24.0,10.0,9.0,1.0,2.0,0.0,1.0,45.0,35.0,22.0,3.0,9.0,1.0,5.0
2026-308,Munich,Clay,32,500,O,20260418,30,S0S1,2.0,,Ben Shelton,L,193.0,USA,23.524,6.0,3900.0,MV14,,,Alex Molcan,L,178.0,SVK,28.378,166.0,376.0,6-3 6-4,3,SF,96.0,6.0,2.0,62.0,37.0,27.0,17.0,10.0,1.0,1.0,2.0,2.0,67.0,35.0,26.0,16.0,9.0,6.0,8.0
2026-425,Barcelona,Clay,32,500,O,20260418,29,RE44,5.0,,Andrey Rublev,R,188.0,RUS,28.493,15.0,2350.0,M0JF,,,Hamad Medjedovic,R,188.0,SRB,22.752,88.0,664.0,3-6 6-2 6-2,3,SF,118.0,5.0,2.0,79.0,47.0,33.0,22.0,12.0,5.0,6.0,6.0,3.0,90.0,64.0,40.0,13.0,13.0,5.0,9.0
2026-425,Barcelona,Clay,32,500,O,20260418,30,F0F1,9.0,,Arthur Fils,R,185.0,FRA,21.848,30.0,1440.0,J0DZ,,,Rafael Jodar,R,191.0,ESP,19.584,55.0,886.0,3-6 6-3 6-2,3,SF,112.0,1.0,3.0,82.0,46.0,37.0,19.0,13.0,6.0,7.0,2.0,3.0,82.0,49.0,33.0,18.0,13.0,10.0,13.0
2026-308,Munich,Clay,32,500,O,20260419,31,S0S1,2.0,,Ben Shelton,L,193.0,USA,23.526,6.0,3900.0,C0E9,4,,Flavio Cobolli,R,183.0,ITA,23.953,16.0,2320.0,6-2 7-5,3,F,90.0,4.0,3.0,68.0,40.0,34.0,12.0,10.0,6.0,6.0,2.0,3.0,57.0,33.0,23.0,12.0,10.0,6.0,9.0
2026-425,Barcelona,Clay,32,500,O,20260419,31,F0F1,9.0,,Arthur Fils,R,185.0,FRA,21.851,30.0,1440.0,RE44,5,,Andrey Rublev,R,188.0,RUS,28.496,15.0,2350.0,6-2 7-6(2),3,F,100.0,5.0,3.0,67.0,38.0,26.0,15.0,10.0,5.0,8.0,1.0,2.0,87.0,56.0,33.0,10.0,10.0,14.0,19.0
2026-1536,Madrid Masters,Clay,96,M,O,20260422,1,O513,,,Sebastian Ofner,R,191.0,AUT,29.944,83.0,698.0,BG23,,,Nikoloz Basilashvili,R,185.0,GEO,34.16,120.0,516.0,7-6(5) 7-6(0),3,R128,99.0,18.0,2.0,87.0,50.0,42.0,20.0,12.0,6.0,7.0,8.0,6.0,82.0,41.0,33.0,20.0,12.0,2.0,3.0
2026-1536,Madrid Masters,Clay,96,M,O,20260422,2,B0ID,,,Ignacio Buse,R,183.0,PER,22.075,58.0,864.0,ME82,,,Adrian Mannarino,L,180.0,FRA,37.812,46.0,1025.0,6-4 6-2,3,R128,83.0,7.0,2.0,54.0,36.0,28.0,11.0,9.0,1.0,1.0,4.0,2.0,58.0,43.0,26.0,6.0,9.0,3.0,6.0
2026-1536,Madrid Masters,Clay,96,M,O,20260422,3,C977,,,Marin Cilic,R,198.0,CRO,37.563,51.0,950.0,BU13,,,Zizou Bergs,R,185.0,BEL,26.886,44.0,1060.0,4-6 6-3 6-4,3,R128,127.0,9.0,1.0,80.0,42.0,34.0,25.0,15.0,2.0,3.0,10.0,4.0,81.0,48.0,37.0,19.0,14.0,4.0,6.0
2026-1536,Madrid Masters,Clay,96,M,O,20260422,4,D923,,,Damir Dzumhur,R,175.0,BIH,33.922,84.0,694.0,B0GG,,,Mattia Bellucci,L,175.0,ITA,24.89,78.0,734.0,6-2 6-4,3,R128,77.0,0.0,2.0,49.0,34.0,28.0,7.0,9.0,1.0,2.0,0.0,2.0,52.0,37.0,22.0,8.0,9.0,1.0,5.0
2026-1536,Madrid Masters,Clay,96,M,O,20260422,5,KI82,,,Vit Kopriva,R,178.0,CZE,28.851,66.0,826.0,Z371,,,Zhizhen Zhang,R,193.0,CHN,29.514,245.0,230.0,6-2 6-0,3,R128,56.0,4.0,2.0,36.0,23.0,19.0,9.0,7.0,0.0,0.0,3.0,4.0,56.0,40.0,17.0,8.0,7.0,7.0,12.0
2026-1536,Madrid Masters,Clay,96,M,O,20260422,6,L987,,,Dusan Lajovic,R,183.0,SRB,35.811,138.0,451.0,SU87,,,Lorenzo Sonego,R,191.0,ITA,30.949,62.0,850.0,6-3 7-6(1),3,R128,93.0,0.0,0.0,60.0,41.0,31.0,14.0,11.0,1.0,2.0,4.0,1.0,55.0,36.0,26.0,10.0,10.0,4.0,6.0
2026-1536,Madrid Masters,Clay,96,M,O,20260422,7,N0AM,,,Emilio Nava,R,185.0,USA,24.386,116.0,549.0,B0CD,,,Jenson Brooksby,R,193.0,USA,25.487,61.0,852.0,6-3 7-5,3,R128,98.0,8.0,2.0,63.0,44.0,33.0,8.0,10.0,3.0,4.0,0.0,3.0,69.0,46.0,26.0,13.0,11.0,1.0,5.0
2026-1536,Madrid Masters,Clay,96,M,O,20260422,8,P0HW,,,Dino Prizmic,R,188.0,CRO,20.712,87.0,670.0,BK40,,,Matteo Berrettini,R,196.0,ITA,30.026,92.0,650.0,6-3 6-4,3,R128,99.0,3.0,4.0,62.0,33.0,26.0,18.0,10.0,1.0,1.0,2.0,1.0,66.0,47.0,32.0,7.0,9.0,6.0,8.0
2026-1536,Madrid Masters,Clay,96,M,O,20260422,9,SL28,,,Jan-Lennard Struff,R,193.0,GER,35.992,81.0,709.0,MP20,,,Alexandre Muller,R,183.0,FRA,29.218,95.0,641.0,7-6(3) 6-0,3,R128,76.0,7.0,3.0,59.0,26.0,19.0,18.0,9.0,4.0,6.0,7.0,6.0,67.0,41.0,26.0,6.0,9.0,6.0,11.0
2026-1536,Madrid Masters,Clay,96,M,O,20260422,10,T0A1,,,Thiago Agustin Tirante,R,185.0,ARG,25.032,75.0,765.0,BD06,,,Roberto Bautista Agut,R,183.0,ESP,38.021,93.0,649.0,6-2 6-4,3,R128,77.0,7.0,1.0,44.0,27.0,25.0,11.0,9.0,0.0,0.0,0.0,3.0,51.0,31.0,21.0,9.0,9.0,1.0,4.0
2026-1536,Madrid Masters,Clay,96,M,O,20260422,11,HB71,,,Hubert Hurkacz,R,196.0,POL,29.191,63.0,845.0,F0F2,,,Jaime Faria,R,188.0,POR,22.71,136.0,459.0,6-3 6-3,3,R128,73.0,12.0,0.0,47.0,31.0,27.0,12.0,9.0,3.0,3.0,1.0,1.0,59.0,33.0,17.0,16.0,9.0,3.0,6.0
2026-1536,Madrid Masters,Clay,96,M,O,20260422,12,M0K4,,,Elmer Moller,R,183.0,DEN,22.787,169.0,364.0,C0NB,,,Federico Cina,R,185.0,ITA,19.064,205.0,285.0,6-4 7-6(4),3,R128,117.0,3.0,8.0,75.0,41.0,32.0,17.0,11.0,3.0,5.0,0.0,4.0,94.0,59.0,39.0,15.0,11.0,11.0,14.0
2026-1536,Madrid Masters,Clay,96,M,O,20260422,13,J0DZ,,,Rafael Jodar,R,191.0,ESP,19.595,42.0,1080.0,D0C1,,,Jesper de Jong,R,180.0,NED,25.893,109.0,588.0,2-6 7-5 6-4,3,R128,151.0,5.0,3.0,107.0,62.0,42.0,17.0,15.0,5.0,10.0,6.0,9.0,106.0,59.0,41.0,19.0,15.0,6.0,11.0
2026-1536,Madrid Masters,Clay,96,M,O,20260422,14,BM95,,,Benjamin Bonzi,R,183.0,FRA,29.867,104.0,616.0,D0DW,,,Titouan Droguet,R,191.0,FRA,24.851,113.0,571.0,6-7(4) 7-6(4) 6-4,3,R128,152.0,2.0,2.0,100.0,63.0,53.0,23.0,17.0,1.0,1.0,15.0,3.0,118.0,64.0,48.0,31.0,17.0,8.0,9.0
2026-1536,Madrid Masters,Clay,96,M,O,20260422,15,M0FH,,,Tomas Machac,R,183.0,CZE,25.522,41.0,1080.0,C0DF,,,Francisco Comesana,R,178.0,ARG,25.541,105.0,610.0,3-6 7-6(3) 6-3,3,R128,129.0,9.0,4.0,89.0,57.0,42.0,19.0,14.0,1.0,2.0,14.0,3.0,93.0,59.0,45.0,17.0,16.0,1.0,3.0
2026-1536,Madrid Masters,Clay,96,M,O,20260422,16,TE30,,,Alejandro Tabilo,L,188.0,CHI,28.887,43.0,1068.0,R0EB,,,Valentin Royer,R,188.0,FRA,24.898,72.0,794.0,6-2 6-4,3,R128,76.0,7.0,2.0,50.0,32.0,28.0,11.0,9.0,0.0,0.0,4.0,4.0,68.0,42.0,26.0,11.0,9.0,4.0,7.0
2026-1536,Madrid Masters,Clay,96,M,O,20260423,17,V0DP,,,Adolfo Daniel Vallejo,R,183.0,PAR,21.985,96.0,640.0,D875,,,Grigor Dimitrov,R,191.0,BUL,34.938,137.0,455.0,6-4 6-4,3,R128,94.0,3.0,1.0,70.0,49.0,37.0,10.0,10.0,5.0,6.0,1.0,1.0,55.0,37.0,25.0,9.0,10.0,2.0,5.0
2026-1536,Madrid Masters,Clay,96,M,O,20260423,18,A0GC,,,Terence Atmane,L,193.0,FRA,24.285,47.0,983.0,KI95,,,Miomir Kecmanovic,R,183.0,SRB,26.645,65.0,835.0,6-4 7-5,3,R128,75.0,10.0,1.0,59.0,40.0,35.0,10.0,11.0,0.0,0.0,1.0,3.0,56.0,35.0,31.0,11.0,11.0,1.0,3.0
2026-1536,Madrid Masters,Clay,96,M,O,20260423,19,B0PG,,,Alexander Blockx,R,193.0,BEL,21.04,69.0,814.0,GD64,,,Cristian Garin,R,185.0,CHI,29.897,85.0,679.0,4-6 7-5 7-5,3,R128,139.0,14.0,3.0,99.0,64.0,50.0,21.0,17.0,5.0,6.0,3.0,3.0,96.0,61.0,50.0,18.0,17.0,4.0,6.0
2026-1536,Madrid Masters,Clay,96,M,O,20260423,20,CD85,,,Pablo Carreno Busta,R,188.0,ESP,34.782,94.0,646.0,F724,,,Marton Fucsovics,R,188.0,HUN,34.204,54.0,887.0,4-6 7-6(5) 6-2,3,R128,147.0,3.0,0.0,87.0,59.0,44.0,20.0,15.0,1.0,3.0,9.0,4.0,96.0,57.0,42.0,19.0,15.0,4.0,7.0
2026-1536,Madrid Masters,Clay,96,M,O,20260423,21,D0DT,,,Martin Damm,L,203.0,USA,,126.0,499.0,P09Z,,,Alexei Popyrin,R,196.0,AUS,26.716,56.0,870.0,7-6(7) 6-4,3,R128,107.0,11.0,6.0,79.0,45.0,36.0,23.0,11.0,4.0,4.0,12.0,2.0,73.0,42.0,34.0,19.0,11.0,5.0,6.0
2026-1536,Madrid Masters,Clay,96,M,O,20260423,22,H997,,,Yannick Hanfmann,R,193.0,GER,34.442,60.0,857.0,GC88,,,Marcos Giron,R,180.0,USA,32.747,76.0,750.0,6-4 6-7(3) 7-5,3,R128,143.0,16.0,0.0,94.0,62.0,51.0,22.0,17.0,1.0,1.0,4.0,2.0,113.0,80.0,58.0,22.0,17.0,9.0,11.0
2026-1536,Madrid Masters,Clay,96,M,O,20260423,23,M0CI,,,Fabian Marozsan,R,193.0,HUN,26.541,50.0,955.0,Q02L,,,Ethan Quinn,R,191.0,USA,22.114,48.0,977.0,7-6(5) 7-6(6),3,R128,113.0,8.0,3.0,78.0,45.0,40.0,20.0,12.0,1.0,1.0,11.0,2.0,91.0,55.0,44.0,18.0,12.0,3.0,3.0
2026-1536,Madrid Masters,Clay,96,M,O,20260423,24,MU94,,,Jaume Munar,R,183.0,ESP,28.966,38.0,1135.0,S0H2,,,Alexander Shevchenko,R,188.0,KAZ,25.396,82.0,704.0,6-4 6-1,3,R128,78.0,0.0,2.0,54.0,43.0,31.0,8.0,9.0,2.0,2.0,3.0,2.0,50.0,26.0,18.0,10.0,8.0,2.0,5.0
2026-1536,Madrid Masters,Clay,96,M,O,20260423,25,N0BS,,,Mariano Navone,R,178.0,ARG,25.15,45.0,1055.0,BT72,,,Nuno Borges,R,185.0,POR,29.172,49.0,970.0,6-3 6-4,3,R128,86.0,1.0,3.0,69.0,48.0,29.0,14.0,10.0,1.0,3.0,4.0,1.0,53.0,30.0,19.0,6.0,9.0,5.0,9.0
2026-1536,Madrid Masters,Clay,96,M,O,20260423,26,C0C8,,,Juan Manuel Cerundolo,L,183.0,ARG,24.435,67.0,816.0,AE14,,,Daniel Altmaier,R,188.0,GER,27.611,55.0,880.0,6-4 6-4,3,R128,75.0,4.0,0.0,50.0,31.0,26.0,11.0,10.0,0.0,1.0,6.0,2.0,49.0,30.0,23.0,8.0,10.0,1.0,4.0
2026-1536,Madrid Masters,Clay,96,M,O,20260423,27,G0FW,,,Vilius Gaubas,R,178.0,LTU,21.314,124.0,503.0,B0BI,,,Sebastian Baez,R,170.0,ARG,25.317,64.0,840.0,7-5 6-1,3,R128,89.0,2.0,1.0,61.0,39.0,29.0,13.0,10.0,2.0,2.0,1.0,3.0,64.0,45.0,28.0,8.0,9.0,4.0,7.0
2026-1536,Madrid Masters,Clay,96,M,O,20260423,28,TE51,,,Stefanos Tsitsipas,R,193.0,GRE,27.696,80.0,715.0,K0A3,,,Patrick Kypson,R,188.0,USA,26.486,90.0,653.0,3-6 7-6(6) 7-6(4),3,R128,158.0,14.0,3.0,105.0,69.0,59.0,16.0,16.0,3.0,4.0,11.0,0.0,113.0,71.0,55.0,27.0,17.0,4.0,4.0
2026-1536,Madrid Masters,Clay,96,M,O,20260423,29,U182,,,Camilo Ugo Carabelli,R,185.0,ARG,26.85,57.0,865.0,MC65,,,Gael Monfils,R,193.0,FRA,39.641,200.0,290.0,6-3 6-4,3,R128,78.0,2.0,1.0,63.0,45.0,33.0,13.0,10.0,3.0,3.0,7.0,2.0,63.0,46.0,33.0,5.0,9.0,5.0,7.0
2026-1536,Madrid Masters,Clay,96,M,O,20260423,30,B0U4,,,Nicolai Budkov Kjaer,R,191.0,NOR,19.641,140.0,451.0,O522,,,Reilly Opelka,R,211.0,USA,28.652,70.0,803.0,5-3 RET,3,R128,25.0,3.0,0.0,20.0,15.0,14.0,2.0,4.0,0.0,0.0,1.0,2.0,19.0,9.0,6.0,6.0,4.0,0.0,1.0
2026-1536,Madrid Masters,Clay,96,M,O,20260423,31,M0N7,,,Daniel Merida,R,188.0,ESP,21.572,102.0,632.0,TA29,,,Marco Trungelliti,R,178.0,ARG,36.225,77.0,737.0,6-4 1-6 7-6(6),3,R128,161.0,5.0,3.0,97.0,68.0,43.0,12.0,14.0,3.0,8.0,1.0,2.0,112.0,66.0,45.0,21.0,15.0,9.0,13.0
2026-1536,Madrid Masters,Clay,96,M,O,20260423,32,W09E,,,Adam Walton,R,183.0,AUS,27.017,117.0,547.0,L0IL,,,Martin Landaluce,R,193.0,ESP,20.287,99.0,634.0,6-2 6-3,3,R128,80.0,1.0,0.0,59.0,34.0,23.0,15.0,9.0,4.0,5.0,1.0,4.0,48.0,30.0,17.0,9.0,8.0,1.0,5.0
2026-1536,Madrid Masters,Clay,96,M,O,20260424,33,M0K4,,,Elmer Moller,R,183.0,DEN,22.793,169.0,364.0,D0F6,32,,Gabriel Diallo,R,203.0,CAN,24.58,36.0,1200.0,7-5 3-3 RET,3,R64,92.0,1.0,2.0,61.0,32.0,18.0,16.0,9.0,6.0,9.0,5.0,1.0,55.0,42.0,25.0,5.0,9.0,1.0,5.0
2026-1536,Madrid Masters,Clay,96,M,O,20260424,34,M0EJ,6.0,,Lorenzo Musetti,R,185.0,ITA,24.142,9.0,3715.0,HB71,,,Hubert Hurkacz,R,196.0,POL,29.196,63.0,845.0,6-4 7-6(4),3,R64,110.0,3.0,1.0,93.0,61.0,37.0,19.0,11.0,8.0,9.0,6.0,1.0,64.0,37.0,26.0,16.0,11.0,4.0,6.0
2026-1536,Madrid Masters,Clay,96,M,O,20260424,35,N0AM,,,Emilio Nava,R,185.0,USA,24.392,116.0,549.0,VA25,14,,Valentin Vacherot,R,193.0,MON,27.436,17.0,2168.0,6-7(5) 7-6(1) 6-3,3,R64,179.0,21.0,9.0,145.0,94.0,70.0,19.0,17.0,17.0,19.0,6.0,5.0,109.0,65.0,44.0,25.0,16.0,5.0,8.0
2026-1536,Madrid Masters,Clay,96,M,O,20260424,36,RC91,22.0,,Arthur Rinderknech,R,196.0,FRA,30.754,26.0,1716.0,L987,,,Dusan Lajovic,R,183.0,SRB,35.817,138.0,451.0,6-3 6-2,3,R64,73.0,10.0,1.0,53.0,42.0,33.0,7.0,9.0,3.0,3.0,1.0,2.0,48.0,33.0,20.0,6.0,8.0,3.0,6.0
2026-1536,Madrid Masters,Clay,96,M,O,20260424,37,GJ37,29.0,,Tallon Griekspoor,R,188.0,NED,29.81,33.0,1340.0,D923,,,Damir Dzumhur,R,175.0,BIH,33.927,84.0,694.0,6-3 6-4,3,R64,87.0,4.0,0.0,55.0,36.0,26.0,11.0,10.0,3.0,5.0,1.0,1.0,67.0,46.0,26.0,11.0,9.0,6.0,10.0
2026-1536,Madrid Masters,Clay,96,M,O,20260424,38,M0QI,,,Alex Michelsen,R,193.0,USA,21.662,37.0,1200.0,SL28,,,Jan-Lennard Struff,R,193.0,GER,35.997,81.0,709.0,6-2 6-1,3,R64,57.0,2.0,2.0,40.0,28.0,26.0,6.0,8.0,0.0,0.0,4.0,1.0,56.0,32.0,17.0,11.0,7.0,7.0,11.0
2026-1536,Madrid Masters,Clay,96,M,O,20260424,39,F0FV,27.0,,Joao Fonseca,R,188.0,BRA,19.674,31.0,1415.0,C977,,,Marin Cilic,R,198.0,CRO,37.569,51.0,950.0,W/O,3,R64,,,,,,,,,,,,,,,,,,,
2026-1536,Madrid Masters,Clay,96,M,O,20260424,40,S0AG,1.0,,Jannik Sinner,R,191.0,ITA,24.687,1.0,13350.0,BM95,,,Benjamin Bonzi,R,183.0,FRA,29.873,104.0,616.0,6-7(6) 6-1 6-4,3,R64,140.0,10.0,1.0,82.0,53.0,45.0,20.0,15.0,0.0,0.0,4.0,3.0,95.0,66.0,45.0,15.0,14.0,10.0,13.0
2026-1536,Madrid Masters,Clay,96,M,O,20260424,41,P0HW,,,Dino Prizmic,R,188.0,CRO,20.717,87.0,670.0,S0S1,4,,Ben Shelton,L,193.0,USA,23.54,6.0,4070.0,6-4 6-7(4) 7-6(5),3,R64,182.0,5.0,2.0,109.0,64.0,51.0,26.0,17.0,0.0,0.0,10.0,3.0,117.0,78.0,59.0,22.0,17.0,5.0,6.0
2026-1536,Madrid Masters,Clay,96,M,O,20260424,42,L0BV,11.0,,Jiri Lehecka,R,185.0,CZE,24.457,14.0,2540.0,TE30,,,Alejandro Tabilo,L,188.0,CHI,28.893,43.0,1068.0,3-6 7-6(3) 6-4,3,R64,129.0,16.0,0.0,91.0,60.0,48.0,19.0,15.0,1.0,2.0,7.0,2.0,95.0,60.0,44.0,25.0,16.0,1.0,2.0
2026-1536,Madrid Masters,Clay,96,M,O,20260424,43,F0F1,21.0,,Arthur Fils,R,185.0,FRA,21.864,25.0,1740.0,B0ID,,,Ignacio Buse,R,183.0,PER,22.081,58.0,864.0,6-7(4) 7-6(3) 7-5,3,R64,170.0,2.0,3.0,112.0,80.0,59.0,17.0,18.0,6.0,8.0,5.0,2.0,114.0,84.0,62.0,13.0,18.0,4.0,7.0
2026-1536,Madrid Masters,Clay,96,M,O,20260424,44,EA24,25.0,,Tomas Martin Etcheverry,R,196.0,ARG,26.768,29.0,1590.0,O513,,,Sebastian Ofner,R,191.0,AUT,29.949,83.0,698.0,6-4 6-4,3,R64,78.0,5.0,1.0,51.0,35.0,31.0,10.0,10.0,0.0,0.0,4.0,0.0,60.0,32.0,21.0,17.0,10.0,2.0,4.0
2026-1536,Madrid Masters,Clay,96,M,O,20260424,45,N771,19.0,,Cameron Norrie,L,188.0,GBR,30.669,23.0,1868.0,M0FH,,,Tomas Machac,R,183.0,CZE,25.522,41.0,1080.0,6-2 6-7(6) 7-6(5),3,R64,174.0,7.0,5.0,128.0,84.0,57.0,23.0,16.0,11.0,12.0,4.0,5.0,110.0,64.0,46.0,24.0,16.0,4.0,7.0
2026-1536,Madrid Masters,Clay,96,M,O,20260424,46,J0DZ,,,Rafael Jodar,R,191.0,ESP,19.6,42.0,1080.0,DH58,5,,Alex de Minaur,R,183.0,AUS,27.181,8.0,3845.0,6-3 6-1,3,R64,75.0,3.0,1.0,49.0,25.0,17.0,13.0,8.0,3.0,5.0,1.0,2.0,59.0,36.0,14.0,11.0,8.0,7.0,13.0
2026-1536,Madrid Masters,Clay,96,M,O,20260424,47,KI82,,,Vit Kopriva,R,178.0,CZE,28.857,66.0,826.0,RE44,9,,Andrey Rublev,R,188.0,RUS,28.509,12.0,2630.0,6-3 6-4,3,R64,74.0,4.0,1.0,58.0,42.0,37.0,7.0,10.0,2.0,2.0,5.0,1.0,56.0,42.0,30.0,5.0,9.0,2.0,4.0
2026-1536,Madrid Masters,Clay,96,M,O,20260424,48,T0A1,,,Thiago Agustin Tirante,R,185.0,ARG,25.038,75.0,765.0,PL56,15,,Tommy Paul,R,185.0,USA,28.936,18.0,2065.0,7-5 6-4,3,R64,102.0,5.0,2.0,62.0,40.0,34.0,13.0,11.0,2.0,2.0,2.0,4.0,77.0,52.0,37.0,10.0,11.0,4.0,6.0
2026-1536,Madrid Masters,Clay,96,M,O,20260425,49,C0AU,16.0,,Francisco Cerundolo,R,185.0,ARG,27.699,20.0,1920.0,H997,,,Yannick Hanfmann,R,193.0,GER,34.448,60.0,857.0,6-1 7-5,3,R64,100.0,5.0,1.0,68.0,39.0,28.0,13.0,10.0,7.0,9.0,1.0,3.0,71.0,43.0,24.0,11.0,9.0,4.0,9.0
2026-1536,Madrid Masters,Clay,96,M,O,20260425,50,KE29,13.0,,Karen Khachanov,R,198.0,RUS,29.927,16.0,2220.0,W09E,,,Adam Walton,R,183.0,AUS,27.023,117.0,547.0,6-2 6-3,3,R64,79.0,4.0,2.0,44.0,32.0,25.0,9.0,8.0,3.0,3.0,4.0,2.0,75.0,45.0,27.0,13.0,9.0,6.0,10.0
2026-1536,Madrid Masters,Clay,96,M,O,20260425,51,DH50,20.0,,Alejandro Davidovich Fokina,R,180.0,ESP,26.888,24.0,1820.0,CD85,,,Pablo Carreno Busta,R,188.0,ESP,34.787,94.0,646.0,6-3 6-3,3,R64,67.0,1.0,1.0,46.0,31.0,25.0,8.0,9.0,0.0,1.0,1.0,0.0,46.0,31.0,18.0,8.0,9.0,3.0,7.0
2026-1536,Madrid Masters,Clay,96,M,O,20260425,52,A0GC,,,Terence Atmane,L,193.0,FRA,24.29,47.0,983.0,HH26,30,,Ugo Humbert,L,188.0,FRA,27.83,34.0,1320.0,7-6(3) 7-6(5),3,R64,136.0,7.0,2.0,81.0,49.0,35.0,22.0,12.0,5.0,7.0,9.0,5.0,101.0,53.0,39.0,24.0,12.0,8.0,10.0
2026-1536,Madrid Masters,Clay,96,M,O,20260425,53,AG37,3.0,,Felix Auger-Aliassime,R,193.0,CAN,25.711,5.0,4100.0,G0FW,,,Vilius Gaubas,R,178.0,LTU,21.32,124.0,503.0,6-3 6-4,3,R64,81.0,7.0,0.0,46.0,33.0,30.0,10.0,10.0,0.0,0.0,3.0,1.0,61.0,45.0,30.0,6.0,9.0,4.0,6.0
2026-1536,Madrid Masters,Clay,96,M,O,20260425,54,RH16,12.0,,Casper Ruud,R,183.0,NOR,27.34,15.0,2535.0,MU94,,,Jaume Munar,R,183.0,ESP,28.972,38.0,1135.0,6-0 6-1,3,R64,65.0,3.0,2.0,40.0,24.0,19.0,11.0,7.0,1.0,1.0,0.0,0.0,47.0,27.0,14.0,4.0,6.0,5.0,10.0
2026-1536,Madrid Masters,Clay,96,M,O,20260425,55,D0FJ,18.0,,Luciano Darderi,R,183.0,ITA,24.192,22.0,1870.0,C0C8,,,Juan Manuel Cerundolo,L,183.0,ARG,24.441,67.0,816.0,6-1 6-3,3,R64,78.0,6.0,3.0,52.0,26.0,18.0,16.0,8.0,2.0,3.0,3.0,2.0,46.0,20.0,10.0,12.0,8.0,2.0,7.0
2026-1536,Madrid Masters,Clay,96,M,O,20260425,56,M0NI,23.0,,Jakub Mensik,R,196.0,CZE,20.646,27.0,1700.0,D0DT,,,Martin Damm,L,203.0,USA,,126.0,499.0,6-3 6-4,3,R64,66.0,9.0,2.0,54.0,33.0,29.0,14.0,10.0,2.0,2.0,8.0,5.0,50.0,30.0,25.0,9.0,9.0,3.0,5.0
2026-1536,Madrid Masters,Clay,96,M,O,20260425,57,B0PG,,,Alexander Blockx,R,193.0,BEL,21.046,69.0,814.0,N0AE,28,,Brandon Nakashima,R,188.0,USA,24.726,32.0,1385.0,3-6 6-3 6-4,3,R64,111.0,15.0,1.0,80.0,51.0,38.0,20.0,14.0,4.0,5.0,7.0,0.0,85.0,59.0,45.0,12.0,14.0,1.0,3.0
2026-1536,Madrid Masters,Clay,96,M,O,20260425,58,C0E9,10.0,,Flavio Cobolli,R,183.0,ITA,23.97,13.0,2600.0,U182,,,Camilo Ugo Carabelli,R,185.0,ARG,26.856,57.0,865.0,6-7(7) 6-1 6-4,3,R64,147.0,10.0,3.0,91.0,46.0,36.0,31.0,15.0,2.0,2.0,4.0,4.0,110.0,66.0,47.0,20.0,14.0,8.0,11.0
2026-1536,Madrid Masters,Clay,96,M,O,20260425,59,Z355,2.0,,Alexander Zverev,R,198.0,GER,29.013,3.0,5255.0,N0BS,,,Mariano Navone,R,178.0,ARG,25.155,45.0,1055.0,6-1 3-6 6-3,3,R64,102.0,8.0,3.0,61.0,44.0,34.0,12.0,13.0,0.0,2.0,0.0,4.0,72.0,56.0,34.0,6.0,12.0,4.0,8.0
2026-1536,Madrid Masters,Clay,96,M,O,20260425,60,V0DP,,,Adolfo Daniel Vallejo,R,183.0,PAR,21.99,96.0,640.0,T0HA,17,,Learner Tien,L,180.0,USA,20.394,21.0,1885.0,6-4 6-3,3,R64,79.0,3.0,2.0,67.0,41.0,28.0,14.0,9.0,7.0,8.0,0.0,4.0,58.0,35.0,18.0,14.0,10.0,3.0,7.0
2026-1536,Madrid Masters,Clay,96,M,O,20260426,61,TE51,,,Stefanos Tsitsipas,R,193.0,GRE,27.704,80.0,715.0,BK92,8,,Alexander Bublik,R,196.0,KAZ,28.857,11.0,3445.0,6-2 7-5,3,R64,73.0,10.0,1.0,48.0,35.0,33.0,7.0,10.0,0.0,0.0,2.0,3.0,67.0,40.0,30.0,8.0,10.0,2.0,5.0
2026-1536,Madrid Masters,Clay,96,M,O,20260426,62,MM58,7.0,,Daniil Medvedev,R,198.0,RUS,30.204,10.0,3560.0,M0CI,,,Fabian Marozsan,R,193.0,HUN,26.549,50.0,955.0,6-2 6-7(3) 6-4,3,R64,129.0,3.0,4.0,83.0,63.0,50.0,11.0,15.0,2.0,3.0,3.0,1.0,103.0,76.0,51.0,10.0,15.0,3.0,7.0
2026-1536,Madrid Masters,Clay,96,M,O,20260426,63,M0N7,,,Daniel Merida,R,188.0,ESP,21.58,102.0,632.0,MW02,26,,Corentin Moutet,L,180.0,FRA,27.02,30.0,1433.0,6-3 6-4,3,R64,111.0,2.0,3.0,71.0,50.0,36.0,9.0,10.0,2.0,3.0,1.0,2.0,83.0,62.0,38.0,7.0,9.0,9.0,12.0
2026-1536,Madrid Masters,Clay,96,M,O,20260426,64,B0U4,,,Nicolai Budkov Kjaer,R,191.0,NOR,19.65,140.0,451.0,SU55,31,,Denis Shapovalov,L,185.0,CAN,27.031,35.0,1210.0,6-2 6-1,3,R64,52.0,2.0,1.0,42.0,28.0,25.0,8.0,8.0,0.0,0.0,1.0,4.0,38.0,15.0,9.0,7.0,7.0,2.0,6.0
2026-1536,Madrid Masters,Clay,96,M,O,20260426,65,M0EJ,6.0,,Lorenzo Musetti,R,185.0,ITA,24.148,9.0,3715.0,GJ37,29,,Tallon Griekspoor,R,188.0,NED,29.815,33.0,1340.0,6-4 7-5,3,R32,100.0,5.0,2.0,60.0,41.0,32.0,9.0,11.0,2.0,4.0,4.0,4.0,70.0,38.0,28.0,13.0,11.0,5.0,9.0
2026-1536,Madrid Masters,Clay,96,M,O,20260426,66,L0BV,11.0,,Jiri Lehecka,R,185.0,CZE,24.463,14.0,2540.0,M0QI,,,Alex Michelsen,R,193.0,USA,21.667,37.0,1200.0,6-4 6-2,3,R32,85.0,10.0,0.0,57.0,43.0,33.0,8.0,9.0,0.0,0.0,3.0,3.0,61.0,38.0,24.0,11.0,9.0,3.0,6.0
2026-1536,Madrid Masters,Clay,96,M,O,20260426,67,S0AG,1.0,,Jannik Sinner,R,191.0,ITA,24.693,1.0,13350.0,M0K4,,,Elmer Moller,R,183.0,DEN,22.798,169.0,364.0,6-2 6-3,3,R32,77.0,7.0,1.0,51.0,36.0,26.0,8.0,9.0,0.0,1.0,4.0,3.0,50.0,28.0,19.0,8.0,8.0,5.0,9.0
2026-1536,Madrid Masters,Clay,96,M,O,20260426,68,EA24,25.0,,Tomas Martin Etcheverry,R,196.0,ARG,26.773,29.0,1590.0,P0HW,,,Dino Prizmic,R,188.0,CRO,20.723,87.0,670.0,2-6 6-4 6-3,3,R32,130.0,7.0,5.0,71.0,48.0,42.0,5.0,13.0,1.0,4.0,3.0,2.0,82.0,48.0,33.0,18.0,14.0,7.0,11.0
2026-1536,Madrid Masters,Clay,96,M,O,20260426,69,N771,19.0,,Cameron Norrie,L,188.0,GBR,30.675,23.0,1868.0,T0A1,,,Thiago Agustin Tirante,R,185.0,ARG,25.043,75.0,765.0,7-5 7-6(5),3,R32,108.0,2.0,0.0,72.0,52.0,38.0,14.0,12.0,0.0,0.0,6.0,2.0,69.0,40.0,30.0,20.0,12.0,2.0,3.0
2026-1536,Madrid Masters,Clay,96,M,O,20260426,70,F0F1,21.0,,Arthur Fils,R,185.0,FRA,21.87,25.0,1740.0,N0AM,,,Emilio Nava,R,185.0,USA,24.397,116.0,549.0,7-6(2) 6-3,3,R32,90.0,3.0,3.0,67.0,47.0,38.0,12.0,11.0,1.0,2.0,10.0,0.0,66.0,39.0,27.0,14.0,10.0,4.0,6.0
2026-1536,Madrid Masters,Clay,96,M,O,20260426,71,KI82,,,Vit Kopriva,R,178.0,CZE,28.862,66.0,826.0,RC91,22,,Arthur Rinderknech,R,196.0,FRA,30.76,26.0,1716.0,6-4 3-6 RET,3,R32,93.0,2.0,2.0,63.0,37.0,26.0,14.0,9.0,8.0,9.0,11.0,1.0,59.0,39.0,30.0,12.0,10.0,5.0,6.0
2026-1536,Madrid Masters,Clay,96,M,O,20260427,72,J0DZ,,,Rafael Jodar,R,191.0,ESP,19.608,42.0,1080.0,F0FV,27,,Joao Fonseca,R,188.0,BRA,19.682,31.0,1415.0,7-6(4) 4-6 6-1,3,R32,127.0,4.0,1.0,96.0,57.0,46.0,18.0,15.0,5.0,7.0,3.0,2.0,83.0,55.0,38.0,17.0,14.0,1.0,4.0
2026-1536,Madrid Masters,Clay,96,M,O,20260427,73,RH16,12.0,,Casper Ruud,R,183.0,NOR,27.346,15.0,2535.0,DH50,20,,Alejandro Davidovich Fokina,R,180.0,ESP,26.894,24.0,1820.0,6-3 6-1,3,R32,80.0,3.0,2.0,45.0,28.0,20.0,11.0,8.0,0.0,1.0,1.0,2.0,51.0,34.0,15.0,7.0,8.0,3.0,8.0
2026-1536,Madrid Masters,Clay,96,M,O,20260427,74,MM58,7.0,,Daniil Medvedev,R,198.0,RUS,30.207,10.0,3560.0,B0U4,,,Nicolai Budkov Kjaer,R,191.0,NOR,19.652,140.0,451.0,6-3 6-2,3,R32,69.0,2.0,2.0,45.0,28.0,20.0,8.0,8.0,2.0,4.0,0.0,1.0,53.0,27.0,11.0,12.0,9.0,2.0,8.0
2026-1536,Madrid Masters,Clay,96,M,O,20260427,75,TE51,,,Stefanos Tsitsipas,R,193.0,GRE,27.707,80.0,715.0,M0N7,,,Daniel Merida,R,188.0,ESP,21.582,102.0,632.0,6-4 6-2,3,R32,68.0,3.0,0.0,52.0,30.0,24.0,16.0,9.0,4.0,4.0,0.0,1.0,49.0,32.0,22.0,8.0,9.0,1.0,4.0
2026-1536,Madrid Masters,Clay,96,M,O,20260427,76,C0E9,10.0,,Flavio Cobolli,R,183.0,ITA,23.975,13.0,2600.0,V0DP,,,Adolfo Daniel Vallejo,R,183.0,PAR,21.996,96.0,640.0,6-3 6-2,3,R32,73.0,3.0,3.0,57.0,29.0,25.0,14.0,9.0,1.0,1.0,0.0,1.0,47.0,28.0,15.0,10.0,8.0,1.0,4.0
2026-1536,Madrid Masters,Clay,96,M,O,20260427,77,B0PG,,,Alexander Blockx,R,193.0,BEL,21.051,69.0,814.0,AG37,3,,Felix Auger-Aliassime,R,193.0,CAN,25.717,5.0,4100.0,7-6(3) 6-3,3,R32,93.0,5.0,2.0,66.0,42.0,35.0,15.0,11.0,1.0,1.0,2.0,3.0,64.0,38.0,27.0,14.0,10.0,0.0,1.0
2026-1536,Madrid Masters,Clay,96,M,O,20260427,78,Z355,2.0,,Alexander Zverev,R,198.0,GER,29.018,3.0,5255.0,A0GC,,,Terence Atmane,L,193.0,FRA,24.296,47.0,983.0,6-3 7-6(2),3,R32,97.0,2.0,1.0,54.0,39.0,32.0,9.0,10.0,0.0,1.0,3.0,1.0,76.0,52.0,38.0,8.0,11.0,4.0,7.0
2026-1536,Madrid Masters,Clay,96,M,O,20260427,79,M0NI,23.0,,Jakub Mensik,R,196.0,CZE,20.652,27.0,1700.0,KE29,13,,Karen Khachanov,R,198.0,RUS,29.933,16.0,2220.0,6-4 7-6(11),3,R32,107.0,14.0,2.0,70.0,49.0,40.0,12.0,11.0,0.0,0.0,9.0,1.0,82.0,54.0,41.0,12.0,11.0,3.0,4.0
2026-1536,Madrid Masters,Clay,96,M,O,20260427,80,C0AU,16.0,,Francisco Cerundolo,R,185.0,ARG,27.0,20.0,1920.0,D0FJ,18,,Luciano Darderi,R,183.0,ITA,24.0,22.0,1870.0,6-2 6-3,3,R32,74.0,8.0,0.0,48.0,26.0,20.0,19.0,9.0,0.0,0.0,1.0,0.0,52.0,25.0,17.0,13.0,8.0,4.0,7.0
2026-1536,Madrid Masters,Clay,96,M,O,20260428,81,S0AG,1.0,,Jannik Sinner,R,191.0,ITA,24.698,1.0,13350.0,N771,19,,Cameron Norrie,L,188.0,GBR,30.68,23.0,1868.0,6-2 7-5,3,R16,86.0,8.0,1.0,50.0,31.0,25.0,12.0,10.0,0.0,1.0,5.0,4.0,64.0,41.0,27.0,10.0,10.0,5.0,9.0
2026-1536,Madrid Masters,Clay,96,M,O,20260428,82,F0F1,21.0,,Arthur Fils,R,185.0,FRA,21.875,25.0,1740.0,EA24,25,,Tomas Martin Etcheverry,R,196.0,ARG,26.779,29.0,1590.0,6-3 6-4,3,R16,90.0,2.0,1.0,63.0,39.0,29.0,16.0,10.0,5.0,5.0,2.0,2.0,52.0,28.0,18.0,16.0,9.0,3.0,5.0
2026-1536,Madrid Masters,Clay,96,M,O,20260428,83,RH16,12.0,,Casper Ruud,R,183.0,NOR,27.348,15.0,2535.0,TE51,,,Stefanos Tsitsipas,R,193.0,GRE,27.71,80.0,715.0,6-7(4) 7-6(2) 7-6(3),3,R16,177.0,8.0,2.0,105.0,74.0,61.0,21.0,18.0,4.0,5.0,6.0,4.0,141.0,85.0,62.0,29.0,18.0,11.0,12.0
2026-1536,Madrid Masters,Clay,96,M,O,20260428,84,L0BV,11.0,,Jiri Lehecka,R,185.0,CZE,24.468,14.0,2540.0,M0EJ,6,,Lorenzo Musetti,R,185.0,ITA,24.153,9.0,3715.0,6-3 6-3,3,R16,74.0,1.0,0.0,49.0,34.0,28.0,10.0,9.0,4.0,4.0,2.0,0.0,56.0,43.0,28.0,3.0,9.0,1.0,4.0
2026-1536,Madrid Masters,Clay,96,M,O,20260428,85,J0DZ,,,Rafael Jodar,R,191.0,ESP,19.611,42.0,1080.0,KI82,,,Vit Kopriva,R,178.0,CZE,28.868,66.0,826.0,7-5 6-0,3,R16,78.0,3.0,0.0,50.0,27.0,19.0,19.0,9.0,2.0,2.0,2.0,5.0,58.0,27.0,14.0,16.0,9.0,3.0,7.0
2026-1536,Madrid Masters,Clay,96,M,O,20260428,86,B0PG,,,Alexander Blockx,R,193.0,BEL,21.054,69.0,814.0,C0AU,16,,Francisco Cerundolo,R,185.0,ARG,27.707,20.0,1920.0,7-6(8) 6-2,3,R16,98.0,6.0,2.0,78.0,47.0,38.0,18.0,10.0,8.0,8.0,3.0,2.0,74.0,44.0,35.0,14.0,10.0,4.0,6.0
2026-1536,Madrid Masters,Clay,96,M,O,20260429,87,Z355,2.0,,Alexander Zverev,R,198.0,GER,29.024,3.0,5255.0,M0NI,23,,Jakub Mensik,R,196.0,CZE,20.657,27.0,1700.0,6-4 6-7(4) 6-3,3,R16,138.0,12.0,3.0,92.0,62.0,50.0,17.0,16.0,2.0,3.0,7.0,3.0,82.0,50.0,40.0,16.0,15.0,3.0,6.0
2026-1536,Madrid Masters,Clay,96,M,O,20260429,88,C0E9,10.0,,Flavio Cobolli,R,183.0,ITA,23.981,13.0,2600.0,MM58,7,,Daniil Medvedev,R,198.0,RUS,30.212,10.0,3560.0,6-3 5-7 6-4,3,R16,139.0,5.0,2.0,105.0,61.0,43.0,27.0,16.0,4.0,6.0,8.0,7.0,100.0,60.0,47.0,16.0,15.0,3.0,6.0
2026-1536,Madrid Masters,Clay,96,M,O,20260429,89,S0AG,1.0,,Jannik Sinner,R,191.0,ITA,24.701,1.0,13350.0,J0DZ,,,Rafael Jodar,R,191.0,ESP,19.614,42.0,1080.0,6-2 7-6(0),3,QF,116.0,6.0,2.0,78.0,51.0,37.0,17.0,10.0,7.0,7.0,4.0,1.0,73.0,49.0,30.0,11.0,10.0,7.0,9.0
2026-1536,Madrid Masters,Clay,96,M,O,20260429,90,F0F1,21.0,,Arthur Fils,R,185.0,FRA,21.878,25.0,1740.0,L0BV,11,,Jiri Lehecka,R,185.0,CZE,24.471,14.0,2540.0,6-3 6-4,3,QF,74.0,2.0,2.0,53.0,35.0,30.0,10.0,10.0,0.0,0.0,6.0,0.0,52.0,39.0,25.0,9.0,9.0,0.0,2.0
2026-1536,Madrid Masters,Clay,96,M,O,20260430,91,B0PG,,,Alexander Blockx,R,193.0,BEL,21.06,69.0,814.0,RH16,12,,Casper Ruud,R,183.0,NOR,27.354,15.0,2535.0,6-4 6-4,3,QF,96.0,2.0,3.0,65.0,33.0,28.0,14.0,10.0,2.0,3.0,1.0,1.0,62.0,42.0,25.0,10.0,10.0,4.0,7.0
2026-1536,Madrid Masters,Clay,96,M,O,20260430,92,Z355,2.0,,Alexander Zverev,R,198.0,GER,29.027,3.0,5255.0,C0E9,10,,Flavio Cobolli,R,183.0,ITA,23.984,13.0,2600.0,6-1 6-4,3,QF,90.0,12.0,2.0,52.0,39.0,32.0,6.0,9.0,2.0,2.0,1.0,4.0,62.0,35.0,17.0,16.0,8.0,8.0,11.0
2026-1536,Madrid Masters,Clay,96,M,O,20260501,93,S0AG,1.0,,Jannik Sinner,R,191.0,ITA,24.706,1.0,13350.0,F0F1,21,,Arthur Fils,R,185.0,FRA,21.884,25.0,1740.0,6-2 6-4,3,SF,86.0,4.0,1.0,46.0,24.0,21.0,15.0,9.0,0.0,0.0,3.0,2.0,61.0,30.0,21.0,14.0,9.0,3.0,6.0
2026-1536,Madrid Masters,Clay,96,M,O,20260501,94,Z355,2.0,,Alexander Zverev,R,198.0,GER,29.029,3.0,5255.0,B0PG,,,Alexander Blockx,R,193.0,BEL,21.062,69.0,814.0,6-2 7-5,3,SF,96.0,6.0,2.0,52.0,40.0,34.0,8.0,10.0,0.0,0.0,6.0,2.0,84.0,50.0,36.0,11.0,10.0,11.0,14.0
2026-1536,Madrid Masters,Clay,96,M,O,20260503,95,S0AG,1.0,,Jannik Sinner,R,191.0,ITA,24.712,1.0,13350.0,Z355,2,,Alexander Zverev,R,198.0,GER,29.035,3.0,5255.0,6-1 6-2,3,F,57.0,8.0,1.0,39.0,29.0,27.0,5.0,8.0,0.0,0.0,2.0,1.0,35.0,27.0,14.0,2.0,7.0,0.0,4.0
2026-416,Rome Masters,Clay,96,M,O,20260506,1,V812,,,Botic Van De Zandschulp,R,191.0,NED,30.587,54.0,898.0,MP20,,,Alexandre Muller,R,183.0,FRA,29.257,105.0,601.0,7-5 6-3,3,R128,92.0,2.0,2.0,54.0,30.0,24.0,18.0,10.0,4.0,4.0,1.0,0.0,69.0,46.0,27.0,15.0,11.0,2.0,5.0
2026-416,Rome Masters,Clay,96,M,O,20260506,2,AE14,,,Daniel Altmaier,R,188.0,GER,27.647,64.0,860.0,Z371,,,Zhizhen Zhang,R,193.0,CHN,29.552,239.0,240.0,4-6 7-6(3) 6-4,3,R128,142.0,11.0,2.0,101.0,65.0,47.0,19.0,16.0,3.0,6.0,6.0,2.0,94.0,56.0,44.0,17.0,16.0,3.0,6.0
2026-416,Rome Masters,Clay,96,M,O,20260506,3,B0BI,,,Sebastian Baez,R,170.0,ARG,25.352,65.0,840.0,B0CD,,,Jenson Brooksby,R,193.0,USA,25.525,63.0,862.0,6-3 7-6(8),3,R128,102.0,1.0,0.0,72.0,55.0,37.0,9.0,10.0,3.0,6.0,1.0,1.0,74.0,48.0,27.0,12.0,11.0,4.0,9.0
2026-416,Rome Masters,Clay,96,M,O,20260506,4,D923,,,Damir Dzumhur,R,175.0,BIH,33.96,87.0,674.0,ME82,,,Adrian Mannarino,L,180.0,FRA,37.851,45.0,1035.0,6-4 6-0,3,R128,90.0,1.0,3.0,43.0,28.0,20.0,9.0,8.0,4.0,6.0,0.0,0.0,73.0,41.0,21.0,10.0,8.0,7.0,13.0
2026-416,Rome Masters,Clay,96,M,O,20260506,5,KI82,,,Vit Kopriva,R,178.0,CZE,28.89,55.0,896.0,M0CI,,,Fabian Marozsan,R,193.0,HUN,26.576,49.0,975.0,6-3 6-3,3,R128,78.0,2.0,1.0,51.0,31.0,26.0,10.0,9.0,4.0,6.0,2.0,1.0,57.0,38.0,22.0,7.0,9.0,6.0,11.0
2026-416,Rome Masters,Clay,96,M,O,20260506,6,S0K7,,,Zachary Svajda,R,175.0,USA,23.433,90.0,666.0,TA29,,,Marco Trungelliti,R,178.0,ARG,36.26,78.0,743.0,0-6 6-4 7-6(4),3,R128,132.0,4.0,1.0,93.0,52.0,40.0,19.0,14.0,2.0,5.0,10.0,2.0,98.0,62.0,48.0,16.0,14.0,1.0,2.0
2026-416,Rome Masters,Clay,96,M,O,20260506,7,H997,,,Yannick Hanfmann,R,193.0,GER,34.478,59.0,879.0,HB71,,,Hubert Hurkacz,R,196.0,POL,29.229,53.0,930.0,6-7(3) 7-6(2) 6-2,3,R128,139.0,7.0,0.0,90.0,55.0,44.0,25.0,16.0,0.0,1.0,12.0,4.0,98.0,64.0,48.0,18.0,16.0,6.0,9.0
2026-416,Rome Masters,Clay,96,M,O,20260506,8,TE30,,,Alejandro Tabilo,L,188.0,CHI,28.925,35.0,1248.0,CD85,,,Pablo Carreno Busta,R,188.0,ESP,34.817,91.0,663.0,6-2 6-1,3,R128,72.0,0.0,0.0,41.0,26.0,23.0,9.0,8.0,0.0,0.0,2.0,1.0,56.0,46.0,23.0,5.0,7.0,10.0,14.0
2026-416,Rome Masters,Clay,96,M,O,20260506,9,A0FC,,,Matteo Arnaldi,R,185.0,ITA,25.199,106.0,596.0,MU94,,,Jaume Munar,R,183.0,ESP,29.002,38.0,1155.0,6-3 3-6 6-3,3,R128,153.0,7.0,7.0,93.0,60.0,44.0,17.0,14.0,3.0,4.0,4.0,1.0,87.0,58.0,40.0,18.0,13.0,5.0,7.0
2026-416,Rome Masters,Clay,96,M,O,20260506,10,BT72,,,Nuno Borges,R,185.0,POR,29.207,52.0,950.0,D0C1,,,Jesper de Jong,R,180.0,NED,25.93,102.0,610.0,6-3 6-0,3,R128,61.0,4.0,1.0,38.0,23.0,21.0,8.0,7.0,1.0,1.0,2.0,3.0,53.0,37.0,19.0,5.0,8.0,5.0,10.0
2026-416,Rome Masters,Clay,96,M,O,20260506,11,S0H2,,,Alexander Shevchenko,R,188.0,KAZ,26.162,85.0,698.0,U182,,,Camilo Ugo Carabelli,R,185.0,ARG,26.886,61.0,865.0,6-3 4-6 7-6(5),3,R128,168.0,4.0,6.0,98.0,47.0,35.0,28.0,15.0,3.0,6.0,1.0,4.0,107.0,55.0,37.0,28.0,16.0,7.0,11.0
2026-416,Rome Masters,Clay,96,M,O,20260506,12,SL28,,,Jan-Lennard Struff,R,193.0,GER,36.03,83.0,709.0,C0DF,,,Francisco Comesana,R,178.0,ARG,25.58,114.0,570.0,6-2 6-4,3,R128,81.0,4.0,0.0,57.0,29.0,23.0,18.0,9.0,3.0,3.0,6.0,5.0,64.0,40.0,28.0,9.0,9.0,4.0,7.0
2026-416,Rome Masters,Clay,96,M,O,20260506,13,V832,,,Aleksandar Vukic,R,188.0,AUS,30.081,99.0,626.0,K0A3,,,Patrick Kypson,R,188.0,USA,26.522,89.0,669.0,6-3 5-7 6-0,3,R128,119.0,11.0,2.0,85.0,51.0,39.0,15.0,14.0,4.0,7.0,12.0,5.0,89.0,52.0,35.0,12.0,13.0,6.0,12.0
2026-416,Rome Masters,Clay,96,M,O,20260507,14,GD64,,,Cristian Garin,R,185.0,CHI,29.936,104.0,602.0,C0C8,,,Juan Manuel Cerundolo,L,183.0,ARG,24.474,72.0,776.0,7-6(2) 7-5,3,R128,134.0,2.0,2.0,87.0,51.0,38.0,17.0,12.0,9.0,11.0,4.0,4.0,82.0,56.0,37.0,10.0,12.0,6.0,9.0
2026-416,Rome Masters,Clay,96,M,O,20260507,15,A0GC,,,Terence Atmane,L,193.0,FRA,24.323,51.0,958.0,BU13,,,Zizou Bergs,R,185.0,BEL,26.927,39.0,1140.0,6-3 6-4,3,R128,83.0,6.0,2.0,61.0,43.0,34.0,11.0,10.0,2.0,2.0,6.0,1.0,47.0,32.0,24.0,9.0,9.0,3.0,5.0
2026-416,Rome Masters,Clay,96,M,O,20260507,16,BG23,,,Nikoloz Basilashvili,R,185.0,GEO,34.201,117.0,539.0,M0N7,,,Daniel Merida,R,188.0,ESP,21.61,86.0,696.0,6-4 2-6 6-3,3,R128,122.0,7.0,6.0,88.0,47.0,34.0,17.0,13.0,4.0,8.0,1.0,3.0,105.0,67.0,42.0,14.0,14.0,9.0,14.0
2026-416,Rome Masters,Clay,96,M,O,20260507,17,BD06,,,Roberto Bautista Agut,R,183.0,ESP,38.062,98.0,629.0,M0IF,,,Francesco Maestrelli,R,196.0,ITA,23.376,112.0,575.0,6-3 7-6(2),3,R128,120.0,2.0,0.0,78.0,58.0,44.0,11.0,11.0,3.0,3.0,8.0,0.0,76.0,56.0,38.0,10.0,10.0,7.0,8.0
2026-416,Rome Masters,Clay,96,M,O,20260507,18,B0GG,,,Mattia Bellucci,L,175.0,ITA,24.931,80.0,737.0,B0FV,,,Roman Andres Burruchaga,R,183.0,ARG,24.285,56.0,885.0,6-4 6-4,3,R128,114.0,6.0,3.0,69.0,38.0,29.0,16.0,10.0,7.0,8.0,2.0,5.0,73.0,58.0,34.0,6.0,10.0,4.0,7.0
2026-416,Rome Masters,Clay,96,M,O,20260507,19,B0PG,,,Alexander Blockx,R,193.0,BEL,21.079,36.0,1200.0,C0NB,,,Federico Cina,R,185.0,ITA,19.105,225.0,255.0,4-6 6-1 6-3,3,R128,119.0,12.0,5.0,76.0,47.0,39.0,12.0,13.0,2.0,4.0,4.0,2.0,94.0,52.0,31.0,21.0,13.0,8.0,13.0
2026-416,Rome Masters,Clay,96,M,O,20260507,20,C977,,,Marin Cilic,R,198.0,CRO,37.604,47.0,980.0,GC88,,,Marcos Giron,R,180.0,USA,32.786,77.0,745.0,7-5 6-4,3,R128,106.0,3.0,3.0,60.0,26.0,21.0,21.0,11.0,2.0,3.0,1.0,0.0,69.0,42.0,24.0,18.0,11.0,4.0,7.0
2026-416,Rome Masters,Clay,96,M,O,20260507,21,KI95,,,Miomir Kecmanovic,R,183.0,SRB,26.683,70.0,795.0,S0GD,,,Dalibor Svrcina,R,178.0,CZE,23.595,116.0,547.0,6-2 6-3,3,R128,84.0,0.0,0.0,49.0,28.0,21.0,10.0,9.0,5.0,8.0,0.0,5.0,62.0,44.0,20.0,6.0,8.0,7.0,13.0
2026-416,Rome Masters,Clay,96,M,O,20260507,22,L0CX,,,Pablo Llamas Ruiz,R,188.0,ESP,23.565,139.0,448.0,Q02L,,,Ethan Quinn,R,191.0,USA,22.152,48.0,977.0,6-3 5-7 6-3,3,R128,150.0,1.0,2.0,102.0,62.0,41.0,23.0,15.0,4.0,6.0,7.0,2.0,93.0,62.0,43.0,12.0,15.0,0.0,4.0
2026-416,Rome Masters,Clay,96,M,O,20260507,23,M0FH,,,Tomas Machac,R,183.0,CZE,25.563,41.0,1100.0,TE51,,,Stefanos Tsitsipas,R,193.0,GRE,27.734,75.0,765.0,6-4 7-6(4),3,R128,98.0,3.0,2.0,67.0,46.0,42.0,6.0,11.0,1.0,2.0,8.0,1.0,69.0,42.0,31.0,16.0,11.0,3.0,5.0
2026-416,Rome Masters,Clay,96,M,O,20260507,24,P09Z,,,Alexei Popyrin,R,196.0,AUS,26.754,60.0,870.0,BK40,,,Matteo Berrettini,R,196.0,ITA,30.067,100.0,625.0,6-2 6-3,3,R128,89.0,3.0,0.0,58.0,33.0,26.0,14.0,9.0,1.0,1.0,2.0,3.0,48.0,28.0,18.0,10.0,8.0,5.0,8.0
2026-416,Rome Masters,Clay,96,M,O,20260507,25,M0GZ,,,Giovanni Mpetshi Perricard,R,203.0,FRA,22.831,58.0,880.0,F0BY,,,Jacob Fearnley,R,183.0,GBR,24.81,123.0,523.0,7-6(6) 4-6 6-2,3,R128,155.0,13.0,3.0,118.0,79.0,55.0,18.0,15.0,9.0,12.0,2.0,13.0,99.0,67.0,48.0,12.0,15.0,5.0,9.0
2026-416,Rome Masters,Clay,96,M,O,20260507,26,P0HW,,,Dino Prizmic,R,188.0,CRO,20.753,79.0,740.0,F724,,,Marton Fucsovics,R,188.0,HUN,34.242,57.0,884.0,6-4 6-3,3,R128,109.0,1.0,3.0,67.0,37.0,23.0,18.0,10.0,1.0,3.0,2.0,1.0,60.0,36.0,20.0,11.0,9.0,8.0,12.0
2026-416,Rome Masters,Clay,96,M,O,20260507,27,N0BS,,,Mariano Navone,R,178.0,ARG,25.188,44.0,1046.0,SU55,,,Denis Shapovalov,L,185.0,CAN,27.061,37.0,1170.0,6-4 6-2,3,R128,103.0,1.0,2.0,57.0,43.0,28.0,7.0,9.0,2.0,4.0,1.0,5.0,65.0,34.0,20.0,10.0,9.0,10.0,15.0
2026-416,Rome Masters,Clay,96,M,O,20260507,28,B0ID,,,Ignacio Buse,R,183.0,PER,22.116,62.0,863.0,SU87,,,Lorenzo Sonego,R,191.0,ITA,30.99,66.0,830.0,6-3 6-3,3,R128,101.0,2.0,2.0,60.0,36.0,28.0,13.0,9.0,6.0,7.0,2.0,1.0,56.0,34.0,21.0,9.0,9.0,3.0,7.0
2026-416,Rome Masters,Clay,96,M,O,20260507,29,M0JF,,,Hamad Medjedovic,R,188.0,SRB,22.804,67.0,804.0,R0EB,,,Valentin Royer,R,188.0,FRA,24.939,71.0,788.0,6-4 6-3,3,R128,102.0,1.0,5.0,59.0,39.0,27.0,11.0,9.0,3.0,4.0,4.0,3.0,76.0,42.0,26.0,14.0,10.0,8.0,12.0
2026-416,Rome Masters,Clay,96,M,O,20260507,30,O513,,,Sebastian Ofner,R,191.0,AUT,29.985,82.0,711.0,M0QI,,,Alex Michelsen,R,193.0,USA,21.697,42.0,1090.0,6-3 6-3,3,R128,75.0,4.0,1.0,61.0,32.0,27.0,15.0,9.0,1.0,1.0,1.0,0.0,47.0,30.0,23.0,6.0,9.0,3.0,6.0
2026-416,Rome Masters,Clay,96,M,O,20260507,31,T0A1,,,Thiago Agustin Tirante,R,185.0,ARG,25.073,69.0,801.0,C0NN,,,Gianluca Cadenasso,R,175.0,ITA,21.602,196.0,297.0,6-7(5) 6-4 6-0,3,R128,129.0,8.0,0.0,84.0,47.0,38.0,24.0,14.0,4.0,5.0,8.0,2.0,79.0,58.0,36.0,12.0,14.0,2.0,7.0
2026-416,Rome Masters,Clay,96,M,O,20260507,32,PH64,,,Andrea Pellegrino,R,185.0,ITA,29.123,155.0,393.0,N0BG,,,Luca Nardi,R,185.0,ITA,22.752,151.0,409.0,4-6 6-3 6-3,3,R128,131.0,0.0,2.0,90.0,49.0,35.0,24.0,14.0,2.0,4.0,2.0,1.0,90.0,58.0,37.0,16.0,14.0,7.0,11.0
2026-416,Rome Masters,Clay,96,M,O,20260508,33,A0FC,,,Matteo Arnaldi,R,185.0,ITA,25.205,106.0,596.0,DH58,6,,Alex de Minaur,R,183.0,AUS,27.22,8.0,3755.0,4-6 7-6(5) 6-4,3,R64,176.0,3.0,4.0,97.0,61.0,47.0,20.0,16.0,5.0,7.0,3.0,2.0,107.0,64.0,44.0,24.0,16.0,4.0,6.0
2026-416,Rome Masters,Clay,96,M,O,20260508,34,KE29,13.0,,Karen Khachanov,R,198.0,RUS,29.963,15.0,2220.0,S0H2,,,Alexander Shevchenko,R,188.0,KAZ,26.162,85.0,698.0,6-4 6-4,3,R64,103.0,6.0,1.0,76.0,55.0,37.0,10.0,10.0,12.0,13.0,3.0,1.0,59.0,37.0,21.0,13.0,10.0,1.0,4.0
2026-416,Rome Masters,Clay,96,M,O,20260508,35,J0DZ,32.0,,Rafael Jodar,R,191.0,ESP,19.639,34.0,1273.0,BT72,,,Nuno Borges,R,185.0,POR,29.213,52.0,950.0,7-6(4) 6-4,3,R64,116.0,11.0,4.0,81.0,48.0,37.0,16.0,11.0,7.0,8.0,4.0,2.0,79.0,51.0,33.0,13.0,11.0,5.0,7.0
2026-416,Rome Masters,Clay,96,M,O,20260508,36,T0HA,19.0,,Learner Tien,L,180.0,USA,20.43,21.0,1870.0,D923,,,Damir Dzumhur,R,175.0,BIH,33.966,87.0,674.0,6-2 6-1,3,R64,68.0,1.0,1.0,48.0,33.0,18.0,12.0,7.0,1.0,2.0,1.0,1.0,58.0,38.0,18.0,8.0,8.0,5.0,11.0
2026-416,Rome Masters,Clay,96,M,O,20260508,37,Z355,2.0,,Alexander Zverev,R,198.0,GER,29.049,3.0,5805.0,AE14,,,Daniel Altmaier,R,188.0,GER,27.652,64.0,860.0,7-5 6-3,3,R64,104.0,3.0,0.0,67.0,50.0,35.0,8.0,11.0,6.0,8.0,3.0,0.0,56.0,36.0,22.0,10.0,10.0,1.0,5.0
2026-416,Rome Masters,Clay,96,M,O,20260508,38,L0BV,11.0,,Jiri Lehecka,R,185.0,CZE,24.496,13.0,2715.0,SL28,,,Jan-Lennard Struff,R,193.0,GER,36.036,83.0,709.0,7-6(4) 6-3,3,R64,84.0,7.0,0.0,63.0,39.0,32.0,16.0,11.0,2.0,3.0,4.0,2.0,60.0,43.0,31.0,9.0,10.0,3.0,5.0
2026-416,Rome Masters,Clay,96,M,O,20260508,39,RH16,23.0,,Casper Ruud,R,183.0,NOR,27.376,25.0,1735.0,S0K7,,,Zachary Svajda,R,175.0,USA,23.439,90.0,666.0,6-1 6-3,3,R64,64.0,3.0,0.0,38.0,22.0,18.0,14.0,8.0,0.0,0.0,2.0,3.0,54.0,36.0,20.0,7.0,8.0,3.0,7.0
2026-416,Rome Masters,Clay,96,M,O,20260508,40,C0AU,25.0,,Francisco Cerundolo,R,185.0,ARG,27.734,27.0,1620.0,TE30,,,Alejandro Tabilo,L,188.0,CHI,28.931,35.0,1248.0,6-0 6-2,3,R64,69.0,4.0,2.0,37.0,20.0,14.0,11.0,7.0,0.0,1.0,1.0,2.0,54.0,30.0,14.0,7.0,7.0,7.0,13.0
2026-416,Rome Masters,Clay,96,M,O,20260508,41,V812,,,Botic van de Zandschulp,R,191.0,NED,30.593,54.0,898.0,K0AZ,,,Aleksandar Kovacevic,R,183.0,USA,27.691,95.0,639.0,2-6 6-2 7-6(5),3,R64,127.0,7.0,3.0,88.0,56.0,40.0,17.0,14.0,1.0,3.0,10.0,2.0,82.0,50.0,36.0,20.0,14.0,4.0,6.0
2026-416,Rome Masters,Clay,96,M,O,20260508,42,BK92,9.0,,Alexander Bublik,R,196.0,KAZ,28.89,11.0,3355.0,B0BI,,,Sebastian Baez,R,170.0,ARG,25.358,65.0,840.0,6-1 6-2,3,R64,59.0,4.0,2.0,45.0,32.0,26.0,7.0,8.0,1.0,1.0,1.0,1.0,49.0,37.0,23.0,2.0,7.0,5.0,9.0
2026-416,Rome Masters,Clay,96,M,O,20260508,43,P0HW,,,Dino Prizmic,R,188.0,CRO,20.756,79.0,740.0,D643,3,,Novak Djokovic,R,188.0,SRB,38.962,4.0,4700.0,2-6 6-2 6-4,3,R64,135.0,3.0,2.0,78.0,45.0,31.0,20.0,13.0,2.0,4.0,0.0,1.0,68.0,43.0,30.0,14.0,13.0,3.0,6.0
2026-416,Rome Masters,Clay,96,M,O,20260508,44,PL56,16.0,,Tommy Paul,R,185.0,USA,28.975,18.0,1975.0,V832,,,Aleksandar Vukic,R,188.0,AUS,30.086,99.0,626.0,6-4 6-2,3,R64,80.0,2.0,1.0,46.0,26.0,20.0,13.0,9.0,0.0,1.0,1.0,3.0,65.0,37.0,24.0,11.0,9.0,6.0,10.0
2026-416,Rome Masters,Clay,96,M,O,20260508,45,B0PG,,,Alexander Blockx,R,193.0,BEL,21.081,36.0,1200.0,GJ37,29,,Tallon Griekspoor,R,188.0,NED,29.848,31.0,1360.0,6-7(5) 6-3 6-4,3,R64,140.0,12.0,3.0,100.0,59.0,53.0,22.0,16.0,3.0,3.0,5.0,4.0,96.0,61.0,47.0,16.0,15.0,1.0,3.0
2026-416,Rome Masters,Clay,96,M,O,20260508,46,HH26,31.0,,Ugo Humbert,L,188.0,FRA,27.866,33.0,1280.0,KI82,,,Vit Kopriva,R,178.0,CZE,28.895,55.0,896.0,6-3 6-2,3,R64,75.0,7.0,2.0,64.0,43.0,31.0,12.0,9.0,6.0,6.0,2.0,0.0,40.0,27.0,18.0,5.0,8.0,1.0,4.0
2026-416,Rome Masters,Clay,96,M,O,20260509,47,D0FJ,18.0,,Luciano Darderi,R,183.0,ITA,24.23,20.0,1890.0,H997,,,Yannick Hanfmann,R,193.0,GER,34.486,59.0,879.0,6-4 6-4,3,R64,90.0,6.0,1.0,59.0,31.0,26.0,17.0,10.0,1.0,1.0,3.0,1.0,60.0,41.0,26.0,11.0,10.0,1.0,3.0
2026-416,Rome Masters,Clay,96,M,O,20260509,48,M0EJ,8.0,,Lorenzo Musetti,R,185.0,ITA,24.183,10.0,3415.0,M0GZ,,,Giovanni Mpetshi Perricard,R,203.0,FRA,22.836,58.0,880.0,6-4 6-4,3,R64,88.0,1.0,1.0,61.0,44.0,31.0,11.0,10.0,4.0,5.0,1.0,5.0,65.0,42.0,27.0,11.0,10.0,3.0,6.0
2026-416,Rome Masters,Clay,96,M,O,20260509,49,N0BS,,,Mariano Navone,R,178.0,ARG,25.194,44.0,1046.0,AG37,4,,Felix Auger-Aliassime,R,193.0,CAN,25.749,5.0,4050.0,7-6(4) 7-6(5),3,R64,173.0,1.0,5.0,98.0,74.0,49.0,13.0,12.0,8.0,11.0,7.0,2.0,103.0,72.0,46.0,14.0,12.0,8.0,11.0
2026-416,Rome Masters,Clay,96,M,O,20260509,50,MM58,7.0,,Daniil Medvedev,R,198.0,RUS,30.24,9.0,3460.0,M0FH,,,Tomas Machac,R,183.0,CZE,25.569,41.0,1100.0,W/O,3,R64,,,,,,,,,,,,,,,,,,,
2026-416,Rome Masters,Clay,96,M,O,20260509,51,RE44,12.0,,Andrey Rublev,R,188.0,RUS,28.55,14.0,2590.0,KI95,,,Miomir Kecmanovic,R,183.0,SRB,26.689,70.0,795.0,6-4 6-4,3,R64,74.0,4.0,2.0,50.0,23.0,20.0,17.0,10.0,0.0,1.0,4.0,0.0,53.0,30.0,22.0,14.0,10.0,3.0,6.0
2026-416,Rome Masters,Clay,96,M,O,20260509,52,DH50,21.0,,Alejandro Davidovich Fokina,R,180.0,ESP,26.927,23.0,1820.0,GD64,,,Cristian Garin,R,185.0,CHI,29.941,104.0,602.0,7-6(2) 6-4,3,R64,114.0,3.0,1.0,86.0,54.0,39.0,17.0,11.0,5.0,6.0,3.0,0.0,65.0,46.0,34.0,10.0,11.0,2.0,4.0
2026-416,Rome Masters,Clay,96,M,O,20260509,53,L0IL,,,Martin Landaluce,R,193.0,ESP,20.331,94.0,639.0,C977,,,Marin Cilic,R,198.0,CRO,37.61,47.0,980.0,6-4 6-4,3,R64,127.0,4.0,6.0,78.0,45.0,36.0,16.0,10.0,6.0,6.0,5.0,6.0,70.0,34.0,25.0,17.0,10.0,8.0,10.0
2026-416,Rome Masters,Clay,96,M,O,20260509,54,N0AE,30.0,,Brandon Nakashima,R,188.0,USA,24.764,32.0,1295.0,BD06,,,Roberto Bautista Agut,R,183.0,ESP,38.067,98.0,629.0,6-4 6-0,3,R64,82.0,3.0,2.0,46.0,29.0,22.0,9.0,8.0,2.0,3.0,1.0,3.0,51.0,31.0,13.0,9.0,8.0,2.0,7.0
2026-416,Rome Masters,Clay,96,M,O,20260509,55,T0A1,,,Thiago Agustin Tirante,R,185.0,ARG,25.079,69.0,801.0,N771,17,,Cameron Norrie,L,188.0,GBR,30.71,19.0,1918.0,6-3 7-5,3,R64,86.0,6.0,0.0,57.0,36.0,30.0,15.0,11.0,2.0,2.0,4.0,3.0,57.0,35.0,25.0,12.0,10.0,4.0,6.0
2026-416,Rome Masters,Clay,96,M,O,20260509,56,B0GG,,,Mattia Bellucci,L,175.0,ITA,24.936,80.0,737.0,EA24,24,,Tomas Martin Etcheverry,R,196.0,ARG,26.809,26.0,1660.0,5-7 6-2 6-3,3,R64,154.0,9.0,3.0,80.0,49.0,37.0,15.0,14.0,4.0,6.0,2.0,2.0,94.0,65.0,39.0,17.0,15.0,2.0,7.0
2026-416,Rome Masters,Clay,96,M,O,20260509,57,L0CX,,,Pablo Llamas Ruiz,R,188.0,ESP,23.57,139.0,448.0,MW02,28,,Corentin Moutet,L,180.0,FRA,27.055,30.0,1413.0,6-4 3-6 7-6(4),3,R64,182.0,0.0,0.0,97.0,71.0,44.0,12.0,15.0,6.0,11.0,3.0,2.0,109.0,71.0,44.0,16.0,16.0,7.0,12.0
2026-416,Rome Masters,Clay,96,M,O,20260509,58,C0E9,10.0,,Flavio Cobolli,R,183.0,ITA,24.008,12.0,2750.0,A0GC,,,Terence Atmane,L,193.0,FRA,24.329,51.0,958.0,7-6(1) 6-3,3,R64,106.0,9.0,2.0,77.0,36.0,29.0,25.0,11.0,2.0,2.0,5.0,1.0,69.0,46.0,34.0,11.0,10.0,1.0,2.0
2026-416,Rome Masters,Clay,96,M,O,20260509,59,M0JF,,,Hamad Medjedovic,R,188.0,SRB,22.809,67.0,804.0,F0FV,27,,Joao Fonseca,R,188.0,BRA,19.715,29.0,1435.0,3-6 6-3 7-6(1),3,R64,144.0,7.0,3.0,98.0,65.0,47.0,17.0,15.0,6.0,9.0,7.0,2.0,84.0,49.0,33.0,22.0,15.0,2.0,5.0
2026-416,Rome Masters,Clay,96,M,O,20260509,60,S0AG,1.0,,Jannik Sinner,R,191.0,ITA,24.728,1.0,14350.0,O513,,,Sebastian Ofner,R,191.0,AUT,29.99,82.0,711.0,6-3 6-4,3,R64,100.0,3.0,1.0,54.0,33.0,27.0,15.0,10.0,0.0,0.0,6.0,3.0,67.0,38.0,26.0,15.0,9.0,5.0,7.0
2026-416,Rome Masters,Clay,96,M,O,20260509,61,BG23,,,Nikoloz Basilashvili,R,185.0,GEO,34.207,117.0,539.0,S0S1,5,,Ben Shelton,L,193.0,USA,23.581,6.0,4030.0,6-4 6-7(5) 6-3,3,R64,137.0,2.0,3.0,105.0,62.0,50.0,21.0,16.0,2.0,3.0,12.0,4.0,92.0,58.0,48.0,15.0,15.0,6.0,9.0
2026-416,Rome Masters,Clay,96,M,O,20260509,62,PH64,,,Andrea Pellegrino,R,185.0,ITA,29.128,155.0,393.0,F0F1,15,,Arthur Fils,R,185.0,FRA,21.906,17.0,2130.0,4-0 RET,3,R64,22.0,0.0,0.0,10.0,7.0,5.0,3.0,2.0,0.0,0.0,1.0,2.0,13.0,6.0,2.0,1.0,2.0,1.0,3.0
2026-416,Rome Masters,Clay,96,M,O,20260509,63,TD51,20.0,,Frances Tiafoe,R,188.0,USA,28.298,22.0,1865.0,B0ID,,,Ignacio Buse,R,183.0,PER,22.122,62.0,863.0,6-7(5) 6-3 6-2,3,R64,163.0,2.0,3.0,100.0,57.0,39.0,23.0,15.0,1.0,5.0,10.0,3.0,94.0,50.0,33.0,17.0,14.0,6.0,13.0
2026-416,Rome Masters,Clay,96,M,O,20260510,64,P09Z,,,Alexei Popyrin,R,196.0,AUS,26.762,60.0,870.0,M0NI,26,,Jakub Mensik,R,196.0,CZE,20.687,28.0,1600.0,6-3 2-6 6-4,3,R64,131.0,7.0,4.0,79.0,53.0,40.0,13.0,13.0,5.0,7.0,6.0,3.0,80.0,45.0,32.0,20.0,14.0,3.0,6.0
2026-416,Rome Masters,Clay,96,M,O,20260510,65,RH16,23.0,,Casper Ruud,R,183.0,NOR,27.381,25.0,1735.0,L0BV,11,,Jiri Lehecka,R,185.0,CZE,24.501,13.0,2715.0,6-3 6-4,3,R32,79.0,2.0,3.0,56.0,37.0,30.0,10.0,10.0,1.0,2.0,1.0,2.0,53.0,34.0,21.0,8.0,9.0,5.0,8.0
2026-416,Rome Masters,Clay,96,M,O,20260510,66,Z355,2.0,,Alexander Zverev,R,198.0,GER,29.054,3.0,5805.0,B0PG,,,Alexander Blockx,R,193.0,BEL,21.087,36.0,1200.0,6-1 6-4,3,R32,73.0,1.0,0.0,53.0,41.0,30.0,8.0,9.0,2.0,2.0,1.0,2.0,49.0,27.0,18.0,9.0,8.0,5.0,8.0
2026-416,Rome Masters,Clay,96,M,O,20260510,67,P0HW,,,Dino Prizmic,R,188.0,CRO,20.761,79.0,740.0,HH26,31,,Ugo Humbert,L,188.0,FRA,27.871,33.0,1280.0,6-1 7-5,3,R32,80.0,7.0,2.0,53.0,38.0,32.0,10.0,10.0,0.0,0.0,3.0,3.0,52.0,29.0,23.0,8.0,9.0,1.0,4.0
2026-416,Rome Masters,Clay,96,M,O,20260510,68,KE29,13.0,,Karen Khachanov,R,198.0,RUS,29.969,15.0,2220.0,V812,,,Botic Van De Zandschulp,R,191.0,NED,30.598,54.0,898.0,5-7 6-4 6-4,3,R32,148.0,4.0,2.0,93.0,59.0,44.0,22.0,16.0,6.0,8.0,8.0,8.0,103.0,64.0,53.0,13.0,16.0,5.0,8.0
2026-416,Rome Masters,Clay,96,M,O,20260510,69,M0EJ,8.0,,Lorenzo Musetti,R,185.0,ITA,24.186,10.0,3415.0,C0AU,25,,Francisco Cerundolo,R,185.0,ARG,27.74,27.0,1620.0,7-6(7) 6-4,3,R32,132.0,1.0,2.0,82.0,55.0,36.0,13.0,11.0,7.0,10.0,0.0,5.0,81.0,44.0,26.0,20.0,11.0,3.0,7.0
2026-416,Rome Masters,Clay,96,M,O,20260510,70,J0DZ,32.0,,Rafael Jodar,R,191.0,ESP,19.644,34.0,1273.0,A0FC,,,Matteo Arnaldi,R,185.0,ITA,25.21,106.0,596.0,6-1 4-6 6-3,3,R32,121.0,1.0,5.0,76.0,50.0,31.0,15.0,13.0,1.0,5.0,3.0,3.0,80.0,49.0,27.0,13.0,13.0,3.0,10.0
2026-416,Rome Masters,Clay,96,M,O,20260510,71,T0HA,19.0,,Learner Tien,L,180.0,USA,20.435,21.0,1870.0,BK92,9,,Alexander Bublik,R,196.0,KAZ,28.895,11.0,3355.0,4-6 6-3 7-5,3,R32,127.0,3.0,2.0,94.0,63.0,43.0,20.0,16.0,4.0,6.0,8.0,3.0,104.0,64.0,48.0,17.0,15.0,7.0,10.0
2026-416,Rome Masters,Clay,96,M,O,20260510,72,D0FJ,18.0,,Luciano Darderi,R,183.0,ITA,24.233,20.0,1890.0,PL56,16,,Tommy Paul,R,185.0,USA,28.98,18.0,1975.0,3-6 6-3 6-2,3,R32,143.0,5.0,0.0,80.0,49.0,32.0,21.0,13.0,2.0,4.0,5.0,3.0,93.0,52.0,29.0,23.0,13.0,5.0,9.0
2026-416,Rome Masters,Clay,96,M,O,20260511,73,BG23,,,Nikoloz Basilashvili,R,185.0,GEO,34.212,117.0,539.0,N0AE,30,,Brandon Nakashima,R,188.0,USA,24.769,32.0,1295.0,7-6(5) 6-4,3,R32,100.0,9.0,1.0,64.0,38.0,32.0,14.0,11.0,0.0,1.0,11.0,0.0,75.0,54.0,43.0,6.0,11.0,4.0,6.0
2026-416,Rome Masters,Clay,96,M,O,20260511,74,RE44,12.0,,Andrey Rublev,R,188.0,RUS,28.556,14.0,2590.0,DH50,21,,Alejandro Davidovich Fokina,R,180.0,ESP,26.932,23.0,1820.0,6-4 6-4,3,R32,74.0,1.0,1.0,54.0,39.0,33.0,7.0,10.0,3.0,4.0,0.0,0.0,54.0,46.0,26.0,4.0,10.0,1.0,4.0
2026-416,Rome Masters,Clay,96,M,O,20260511,75,L0IL,,,Martin Landaluce,R,193.0,ESP,20.337,94.0,639.0,B0GG,,,Mattia Bellucci,L,175.0,ITA,24.942,80.0,737.0,6-4 6-3,3,R32,107.0,1.0,1.0,44.0,28.0,24.0,13.0,9.0,2.0,2.0,2.0,4.0,80.0,42.0,27.0,18.0,10.0,5.0,8.0
2026-416,Rome Masters,Clay,96,M,O,20260511,76,PH64,,,Andrea Pellegrino,R,185.0,ITA,29.133,155.0,393.0,TD51,20,,Frances Tiafoe,R,188.0,USA,28.304,22.0,1865.0,7-6(8) 6-1,3,R32,116.0,6.0,4.0,78.0,41.0,30.0,16.0,10.0,3.0,5.0,6.0,3.0,58.0,31.0,18.0,10.0,9.0,4.0,8.0
2026-416,Rome Masters,Clay,96,M,O,20260511,77,S0AG,1.0,,Jannik Sinner,R,191.0,ITA,24.734,1.0,14350.0,P09Z,,,Alexei Popyrin,R,196.0,AUS,26.765,60.0,870.0,6-2 6-0,3,R32,65.0,5.0,1.0,38.0,23.0,18.0,11.0,7.0,1.0,1.0,0.0,3.0,42.0,20.0,11.0,6.0,7.0,3.0,8.0
2026-416,Rome Masters,Clay,96,M,O,20260511,78,MM58,7.0,,Daniil Medvedev,R,198.0,RUS,30.245,9.0,3460.0,L0CX,,,Pablo Llamas Ruiz,R,188.0,ESP,23.576,139.0,448.0,3-6 6-4 6-2,3,R32,128.0,6.0,3.0,84.0,56.0,38.0,15.0,14.0,3.0,6.0,0.0,0.0,89.0,66.0,37.0,14.0,13.0,4.0,8.0
2026-416,Rome Masters,Clay,96,M,O,20260511,79,T0A1,,,Thiago Agustin Tirante,R,185.0,ARG,25.084,69.0,801.0,C0E9,10,,Flavio Cobolli,R,183.0,ITA,24.014,12.0,2750.0,6-3 6-4,3,R32,78.0,3.0,3.0,50.0,25.0,22.0,16.0,10.0,1.0,2.0,3.0,3.0,54.0,26.0,15.0,15.0,9.0,3.0,6.0
2026-416,Rome Masters,Clay,96,M,O,20260511,80,M0JF,,,Hamad Medjedovic,R,188.0,SRB,22.815,67.0,804.0,N0BS,,,Mariano Navone,R,178.0,ARG,25.199,44.0,1046.0,4-6 6-3 6-4,3,R32,182.0,3.0,5.0,120.0,77.0,49.0,23.0,15.0,12.0,14.0,3.0,3.0,100.0,70.0,47.0,14.0,14.0,7.0,10.0
2026-416,Rome Masters,Clay,96,M,O,20260512,81,RH16,23.0,,Casper Ruud,R,183.0,NOR,27.387,25.0,1735.0,M0EJ,8,,Lorenzo Musetti,R,185.0,ITA,24.192,10.0,3415.0,6-3 6-1,3,R16,77.0,1.0,1.0,48.0,34.0,24.0,10.0,8.0,2.0,2.0,2.0,3.0,58.0,41.0,21.0,8.0,8.0,6.0,10.0
2026-416,Rome Masters,Clay,96,M,O,20260512,82,KE29,13.0,,Karen Khachanov,R,198.0,RUS,29.974,15.0,2220.0,P0HW,,,Dino Prizmic,R,188.0,CRO,20.767,79.0,740.0,6-1 7-6(2),3,R16,117.0,7.0,3.0,78.0,46.0,34.0,15.0,9.0,8.0,9.0,1.0,2.0,65.0,38.0,22.0,12.0,10.0,3.0,7.0
2026-416,Rome Masters,Clay,96,M,O,20260512,83,J0DZ,32.0,,Rafael Jodar,R,191.0,ESP,19.65,34.0,1273.0,T0HA,19,,Learner Tien,L,180.0,USA,20.441,21.0,1870.0,6-1 6-4,3,R16,75.0,0.0,0.0,50.0,33.0,23.0,11.0,9.0,0.0,1.0,3.0,4.0,52.0,33.0,17.0,9.0,8.0,4.0,8.0
2026-416,Rome Masters,Clay,96,M,O,20260512,84,S0AG,1.0,,Jannik Sinner,R,191.0,ITA,24.736,1.0,14350.0,PH64,,,Andrea Pellegrino,R,185.0,ITA,29.136,155.0,393.0,6-2 6-3,3,R16,89.0,3.0,0.0,45.0,29.0,23.0,10.0,8.0,1.0,1.0,2.0,1.0,63.0,35.0,16.0,17.0,9.0,4.0,8.0
2026-416,Rome Masters,Clay,96,M,O,20260512,85,D0FJ,18.0,,Luciano Darderi,R,183.0,ITA,24.238,20.0,1890.0,Z355,2,,Alexander Zverev,R,198.0,GER,29.06,3.0,5805.0,1-6 7-6(10) 6-0,3,R16,144.0,4.0,4.0,86.0,45.0,36.0,19.0,12.0,3.0,7.0,4.0,5.0,86.0,62.0,40.0,14.0,13.0,5.0,10.0
2026-416,Rome Masters,Clay,96,M,O,20260512,86,RE44,12.0,,Andrey Rublev,R,188.0,RUS,28.559,14.0,2590.0,BG23,,,Nikoloz Basilashvili,R,185.0,GEO,34.215,117.0,539.0,3-6 7-6(5) 6-2,3,R16,133.0,13.0,2.0,103.0,60.0,46.0,22.0,14.0,11.0,13.0,7.0,10.0,105.0,54.0,43.0,26.0,15.0,4.0,7.0
2026-416,Rome Masters,Clay,96,M,O,20260512,87,L0IL,,,Martin Landaluce,R,193.0,ESP,20.339,94.0,639.0,M0JF,,,Hamad Medjedovic,R,188.0,SRB,22.817,67.0,804.0,7-5 6-4,3,R16,107.0,3.0,4.0,65.0,45.0,34.0,10.0,11.0,2.0,3.0,5.0,2.0,76.0,50.0,34.0,10.0,11.0,5.0,8.0
2026-416,Rome Masters,Clay,96,M,O,20260512,88,MM58,7.0,,Daniil Medvedev,R,198.0,RUS,30.248,9.0,3460.0,T0A1,,,Thiago Agustin Tirante,R,185.0,ARG,25.087,69.0,801.0,6-3 6-2,3,R16,82.0,6.0,3.0,60.0,39.0,30.0,8.0,9.0,5.0,6.0,0.0,3.0,56.0,34.0,22.0,6.0,8.0,6.0,10.0
2026-416,Rome Masters,Clay,96,M,O,20260513,89,RH16,23.0,,Casper Ruud,R,183.0,NOR,27.389,25.0,1735.0,KE29,13,,Karen Khachanov,R,198.0,RUS,29.977,15.0,2220.0,6-1 1-6 6-2,3,QF,100.0,4.0,4.0,61.0,35.0,24.0,13.0,11.0,0.0,3.0,2.0,0.0,67.0,51.0,31.0,5.0,11.0,5.0,10.0
2026-416,Rome Masters,Clay,96,M,O,20260514,90,D0FJ,18.0,,Luciano Darderi,R,183.0,ITA,24.244,20.0,1890.0,J0DZ,32,,Rafael Jodar,R,191.0,ESP,19.655,34.0,1273.0,7-6(5) 5-7 6-0,3,QF,188.0,1.0,6.0,96.0,53.0,34.0,25.0,15.0,4.0,7.0,2.0,1.0,121.0,85.0,47.0,19.0,15.0,13.0,18.0
2026-416,Rome Masters,Clay,96,M,O,20260514,91,S0AG,1.0,,Jannik Sinner,R,191.0,ITA,24.742,1.0,14350.0,RE44,12,,Andrey Rublev,R,188.0,RUS,28.564,14.0,2590.0,6-2 6-4,3,QF,91.0,4.0,2.0,57.0,28.0,21.0,17.0,9.0,2.0,3.0,1.0,0.0,59.0,32.0,16.0,15.0,9.0,1.0,5.0
2026-416,Rome Masters,Clay,96,M,O,20260514,92,MM58,7.0,,Daniil Medvedev,R,198.0,RUS,30.253,9.0,3460.0,L0IL,,,Martin Landaluce,R,193.0,ESP,20.345,94.0,639.0,1-6 6-4 7-5,3,QF,143.0,2.0,3.0,79.0,47.0,34.0,12.0,14.0,2.0,7.0,3.0,8.0,107.0,64.0,38.0,21.0,15.0,10.0,15.0
2026-416,Rome Masters,Clay,96,M,O,20260515,93,RH16,23.0,,Casper Ruud,R,183.0,NOR,27.395,25.0,1735.0,D0FJ,18,,Luciano Darderi,R,183.0,ITA,24.246,20.0,1890.0,6-1 6-1,3,SF,65.0,3.0,1.0,42.0,23.0,17.0,12.0,7.0,1.0,2.0,2.0,1.0,48.0,22.0,13.0,6.0,7.0,3.0,9.0
2026-416,Rome Masters,Clay,96,M,O,20260516,94,S0AG,1.0,,Jannik Sinner,R,191.0,ITA,24.747,1.0,14350.0,MM58,7,,Daniil Medvedev,R,198.0,RUS,30.259,9.0,3460.0,6-2 5-7 6-4,3,SF,157.0,7.0,2.0,92.0,55.0,41.0,22.0,15.0,5.0,7.0,4.0,7.0,104.0,66.0,44.0,15.0,15.0,6.0,10.0
2026-416,Rome Masters,Clay,96,M,O,20260517,95,S0AG,1.0,,Jannik Sinner,R,191.0,ITA,24.75,1.0,14350.0,RH16,23,,Casper Ruud,R,183.0,NOR,27.4,25.0,1735.0,6-4 6-4,3,F,105.0,2.0,0.0,55.0,35.0,29.0,10.0,10.0,1.0,2.0,3.0,2.0,64.0,37.0,24.0,13.0,10.0,2.0,5.0
2026-322,Geneva,Clay,28,250,O,20260518,1,M0QI,,,Alex Michelsen,R,193.0,USA,21.728,41.0,1075.0,B0BI,,,Sebastian Baez,R,170.0,ARG,25.385,62.0,860.0,7-5 6-3,3,R32,80.0,8.0,0.0,60.0,43.0,30.0,9.0,10.0,2.0,3.0,1.0,1.0,68.0,48.0,30.0,9.0,11.0,8.0,12.0
2026-322,Geneva,Clay,28,250,O,20260518,2,N0BS,,,Mariano Navone,R,178.0,ARG,25.218,42.0,1066.0,TA29,,,Marco Trungelliti,R,178.0,ARG,36.293,81.0,731.0,5-7 7-5 6-1,3,R32,175.0,2.0,2.0,90.0,63.0,40.0,17.0,15.0,5.0,9.0,4.0,6.0,140.0,77.0,50.0,24.0,16.0,15.0,22.0
2026-322,Geneva,Clay,28,250,O,20260518,3,RC91,5.0,,Arthur Rinderknech,R,196.0,FRA,30.82,24.0,1711.0,T0A1,,,Thiago Agustin Tirante,R,185.0,ARG,25.103,58.0,887.0,6-4 6-1,3,R32,77.0,7.0,3.0,51.0,34.0,29.0,10.0,9.0,1.0,1.0,6.0,2.0,52.0,34.0,22.0,7.0,8.0,5.0,8.0
2026-322,Geneva,Clay,28,250,O,20260518,4,C0DF,,Q,Francisco Comesana,R,178.0,ARG,25.613,114.0,570.0,R0EB,,,Valentin Royer,R,188.0,FRA,24.969,73.0,773.0,2-6 6-3 6-4,3,R32,145.0,6.0,2.0,76.0,46.0,35.0,13.0,14.0,1.0,4.0,2.0,0.0,86.0,45.0,28.0,26.0,13.0,4.0,7.0
2026-322,Geneva,Clay,28,250,O,20260518,5,TE51,,WC,Stefanos Tsitsipas,R,193.0,GRE,27.765,82.0,725.0,M0GZ,,,Giovanni Mpetshi Perricard,R,201.0,FRA,22.861,80.0,735.0,6-4 7-6(8),3,R32,94.0,5.0,1.0,80.0,62.0,52.0,6.0,11.0,3.0,3.0,6.0,1.0,79.0,63.0,48.0,4.0,11.0,3.0,4.0
2026-322,Geneva,Clay,28,250,O,20260518,6,W367,,WC,Stan Wawrinka,R,183.0,SUI,41.139,119.0,528.0,BV24,,LL,Raul Brancaccio,R,185.0,ITA,29.038,241.0,236.0,6-2 4-6 7-6(5),3,R32,128.0,12.0,4.0,83.0,41.0,35.0,26.0,15.0,2.0,3.0,3.0,3.0,101.0,63.0,47.0,16.0,15.0,2.0,4.0
2026-322,Geneva,Clay,28,250,O,20260518,7,B0MM,,Q,Edas Butvilas,R,191.0,LTU,21.818,253.0,215.0,SU87,,,Lorenzo Sonego,R,191.0,ITA,31.02,69.0,815.0,6-3 6-1,3,R32,76.0,3.0,0.0,55.0,34.0,26.0,12.0,8.0,4.0,4.0,1.0,2.0,48.0,34.0,19.0,6.0,8.0,2.0,6.0
2026-414,Hamburg,Clay,32,500,O,20260518,1,PL56,6.0,,Tommy Paul,R,185.0,USA,29.002,26.0,1625.0,Q02L,,,Ethan Quinn,R,191.0,USA,22.182,49.0,974.0,6-1 6-3,3,R32,70.0,0.0,1.0,51.0,35.0,26.0,8.0,8.0,1.0,2.0,0.0,0.0,49.0,32.0,16.0,5.0,8.0,4.0,9.0
2026-414,Hamburg,Clay,32,500,O,20260518,2,TD51,8.0,,Frances Tiafoe,R,188.0,USA,28.323,21.0,1905.0,D0LJ,,,Diego Dedura,L,180.0,GER,18.182,281.0,187.0,6-4 6-4,3,R32,94.0,2.0,2.0,78.0,45.0,33.0,17.0,10.0,8.0,8.0,1.0,1.0,71.0,44.0,25.0,18.0,10.0,6.0,8.0
2026-414,Hamburg,Clay,32,500,O,20260518,3,DH58,3.0,,Alex de Minaur,R,183.0,AUS,27.247,9.0,3665.0,C0AU,,,Francisco Cerundolo,R,185.0,ARG,27.762,27.0,1570.0,3-6 6-4 6-3,3,R32,129.0,1.0,5.0,89.0,44.0,32.0,21.0,14.0,9.0,14.0,2.0,3.0,86.0,55.0,31.0,16.0,14.0,5.0,11.0
2026-414,Hamburg,Clay,32,500,O,20260518,4,DH50,,,Alejandro Davidovich Fokina,R,183.0,ESP,26.951,23.0,1820.0,MW02,,,Corentin Moutet,L,175.0,FRA,27.08,32.0,1323.0,6-4 6-4,3,R32,108.0,0.0,1.0,92.0,71.0,47.0,12.0,10.0,13.0,13.0,3.0,1.0,55.0,35.0,25.0,13.0,10.0,1.0,3.0
2026-414,Hamburg,Clay,32,500,O,20260518,5,U182,,,Camilo Ugo Carabelli,R,185.0,ARG,26.919,68.0,825.0,MQ75,,,Kamil Majchrzak,R,183.0,POL,30.344,77.0,747.0,1-6 6-2 6-3,3,R32,120.0,4.0,1.0,79.0,50.0,35.0,12.0,12.0,6.0,9.0,5.0,2.0,91.0,57.0,36.0,15.0,12.0,8.0,12.0
2026-414,Hamburg,Clay,32,500,O,20260518,6,EA24,,,Tomas Martin Etcheverry,R,196.0,ARG,26.834,25.0,1630.0,A0GC,,,Terence Atmane,L,193.0,FRA,24.353,51.0,938.0,6-2 7-6(4),3,R32,101.0,3.0,1.0,62.0,32.0,30.0,18.0,10.0,1.0,1.0,2.0,2.0,65.0,40.0,32.0,11.0,10.0,1.0,3.0
2026-414,Hamburg,Clay,32,500,O,20260518,7,H997,,,Yannick Hanfmann,R,193.0,GER,34.511,55.0,899.0,S0VU,,Q,Max Schoenhaus,R,180.0,GER,18.795,452.0,101.0,6-3 6-7(4) 6-4,3,R32,137.0,7.0,3.0,91.0,56.0,46.0,20.0,15.0,5.0,6.0,5.0,3.0,103.0,64.0,45.0,21.0,16.0,2.0,6.0
2026-414,Hamburg,Clay,32,500,O,20260518,8,AE14,,,Daniel Altmaier,R,188.0,GER,27.68,65.0,843.0,H0BH,,Q,Rinky Hijikata,R,178.0,AUS,25.229,96.0,637.0,7-5 6-2,3,R32,102.0,7.0,1.0,52.0,33.0,26.0,12.0,10.0,1.0,2.0,0.0,1.0,76.0,38.0,26.0,14.0,10.0,5.0,9.0
2026-414,Hamburg,Clay,32,500,O,20260518,9,S0S1,2.0,,Ben Shelton,L,193.0,USA,23.606,6.0,4030.0,GC88,,LL,Marcos Giron,R,180.0,USA,32.816,84.0,705.0,6-3 4-6 7-6(3),3,R32,138.0,4.0,2.0,92.0,54.0,45.0,25.0,16.0,2.0,3.0,3.0,3.0,98.0,51.0,37.0,30.0,15.0,0.0,1.0
2026-414,Hamburg,Clay,32,500,O,20260518,10,M0NI,,,Jakub Mensik,R,193.0,CZE,20.709,28.0,1510.0,SL28,,WC,Jan-Lennard Struff,R,193.0,GER,36.063,79.0,739.0,7-6(3) 6-2,3,R32,90.0,6.0,2.0,68.0,41.0,34.0,13.0,10.0,4.0,4.0,5.0,2.0,73.0,34.0,22.0,21.0,10.0,6.0,8.0
2026-322,Geneva,Clay,28,250,O,20260519,8,C0JP,,,Raphael Collignon,R,191.0,BEL,24.345,64.0,854.0,ME82,,,Adrian Mannarino,L,180.0,FRA,37.886,44.0,1037.0,6-3 7-6(5),3,R32,89.0,11.0,2.0,75.0,51.0,39.0,13.0,11.0,6.0,7.0,2.0,2.0,62.0,47.0,32.0,6.0,10.0,1.0,3.0
2026-322,Geneva,Clay,28,250,O,20260519,9,RH16,6.0,,Casper Ruud,R,183.0,NOR,27.406,17.0,2185.0,B0CD,,,Jenson Brooksby,R,193.0,USA,25.561,60.0,872.0,6-3 7-5,3,R32,91.0,3.0,0.0,60.0,47.0,31.0,8.0,11.0,2.0,5.0,1.0,0.0,69.0,53.0,28.0,8.0,10.0,4.0,9.0
2026-322,Geneva,Clay,28,250,O,20260519,10,MU94,8.0,,Jaume Munar,R,183.0,ESP,29.038,39.0,1105.0,B0NN,,,Nishesh Basavareddy,R,180.0,USA,21.046,156.0,396.0,6-0 6-3,3,R32,74.0,1.0,0.0,40.0,24.0,20.0,10.0,7.0,3.0,3.0,1.0,1.0,53.0,29.0,18.0,7.0,8.0,5.0,10.0
2026-322,Geneva,Clay,28,250,O,20260519,11,P09Z,,,Alexei Popyrin,R,196.0,AUS,26.787,61.0,870.0,T09X,,,Clement Tabur,R,173.0,FRA,26.316,165.0,360.0,7-6(2) 6-7(5) 6-4,3,R32,185.0,8.0,4.0,111.0,67.0,51.0,21.0,17.0,1.0,4.0,6.0,5.0,124.0,74.0,52.0,23.0,17.0,6.0,10.0
2026-414,Hamburg,Clay,32,500,O,20260519,11,HH26,,,Ugo Humbert,L,188.0,FRA,27.896,34.0,1280.0,E0DD,,,Justin Engel,R,185.0,GER,18.631,190.0,316.0,6-3 3-6 7-6(2),3,R32,141.0,12.0,6.0,91.0,51.0,43.0,23.0,15.0,3.0,4.0,3.0,4.0,112.0,73.0,51.0,21.0,15.0,7.0,8.0
2026-414,Hamburg,Clay,32,500,O,20260519,12,AG37,1.0,,Felix Auger-Aliassime,R,193.0,CAN,25.777,5.0,4060.0,KI82,,,Vit Kopriva,R,178.0,CZE,28.925,63.0,856.0,7-5 6-1,3,R32,85.0,8.0,1.0,56.0,36.0,29.0,13.0,10.0,3.0,3.0,1.0,2.0,50.0,30.0,21.0,8.0,9.0,1.0,4.0
2026-414,Hamburg,Clay,32,500,O,20260519,13,B0ID,,,Ignacio Buse,R,183.0,PER,22.149,57.0,893.0,C0E9,4.0,,Flavio Cobolli,R,183.0,ITA,24.036,12.0,2790.0,6-2 7-5,3,R32,91.0,1.0,1.0,56.0,35.0,28.0,13.0,10.0,0.0,0.0,0.0,4.0,63.0,33.0,24.0,15.0,10.0,3.0,6.0
2026-414,Hamburg,Clay,32,500,O,20260519,14,KE29,5.0,,Karen Khachanov,R,198.0,RUS,29.993,15.0,2320.0,G09O,,,Hugo Gaston,L,173.0,FRA,25.643,120.0,527.0,3-6 6-3 7-6(4),3,R32,158.0,6.0,1.0,87.0,52.0,40.0,17.0,15.0,3.0,6.0,7.0,2.0,117.0,63.0,43.0,27.0,15.0,9.0,12.0
2026-414,Hamburg,Clay,32,500,O,20260519,15,D0FJ,7.0,,Luciano Darderi,R,183.0,ITA,24.257,16.0,2260.0,B0FV,,,Roman Andres Burruchaga,R,183.0,ARG,24.318,66.0,833.0,6-3 7-6(4),3,R32,109.0,4.0,1.0,76.0,47.0,28.0,17.0,11.0,0.0,3.0,2.0,4.0,75.0,49.0,27.0,13.0,10.0,9.0,13.0
2026-414,Hamburg,Clay,32,500,O,20260519,16,K0AZ,,,Aleksandar Kovacevic,R,183.0,USA,27.721,94.0,649.0,G0IX,,,Arthur Gea,R,180.0,FRA,21.374,140.0,436.0,6-2 7-6(3),3,R32,101.0,6.0,2.0,61.0,37.0,28.0,12.0,10.0,2.0,4.0,2.0,10.0,70.0,35.0,22.0,15.0,10.0,3.0,7.0
2026-322,Geneva,Clay,28,250,O,20260519,12,DB63,,,Laslo Djere,R,188.0,SRB,30.962,238.0,241.0,D994,,,James Duckworth,R,183.0,AUS,34.324,83.0,722.0,6-4 3-6 6-3,3,R32,119.0,6.0,0.0,80.0,53.0,35.0,16.0,14.0,4.0,7.0,8.0,2.0,96.0,58.0,39.0,18.0,14.0,10.0,14.0
2026-414,Hamburg,Clay,32,500,O,20260519,17,AE14,,,Daniel Altmaier,R,188.0,GER,27.682,65.0,843.0,S0S1,2.0,,Ben Shelton,L,193.0,USA,23.608,6.0,4030.0,4-6 7-6(4) 6-4,3,R16,170.0,3.0,2.0,106.0,59.0,42.0,25.0,16.0,5.0,8.0,6.0,1.0,111.0,83.0,50.0,18.0,16.0,8.0,11.0
2026-322,Geneva,Clay,28,250,O,20260520,13,P09Z,,,Alexei Popyrin,R,196.0,AUS,26.79,61.0,870.0,FB98,1.0,,Taylor Fritz,R,196.0,USA,28.559,8.0,3720.0,6-4 6-4,3,R16,83.0,6.0,2.0,55.0,31.0,24.0,18.0,10.0,0.0,0.0,7.0,0.0,63.0,42.0,27.0,12.0,10.0,6.0,8.0
2026-322,Geneva,Clay,28,250,O,20260520,14,N0BS,,,Mariano Navone,R,178.0,ARG,25.224,42.0,1066.0,N771,3.0,,Cameron Norrie,L,188.0,GBR,30.741,22.0,1888.0,6-4 6-4,3,R16,101.0,2.0,2.0,52.0,41.0,28.0,7.0,10.0,2.0,4.0,2.0,2.0,80.0,42.0,27.0,16.0,10.0,7.0,11.0
2026-322,Geneva,Clay,28,250,O,20260520,15,T0HA,4.0,,Learner Tien,L,180.0,USA,20.463,20.0,1940.0,TE51,,,Stefanos Tsitsipas,R,193.0,GRE,27.77,82.0,725.0,7-6(4) 7-6(2),3,R16,109.0,8.0,4.0,82.0,55.0,43.0,14.0,12.0,2.0,4.0,3.0,1.0,89.0,60.0,38.0,16.0,12.0,5.0,7.0
2026-322,Geneva,Clay,28,250,O,20260520,16,RH16,6.0,,Casper Ruud,R,183.0,NOR,27.409,17.0,2185.0,C0JP,,,Raphael Collignon,R,191.0,BEL,24.348,64.0,854.0,7-6(2) 6-2,3,R16,87.0,2.0,3.0,59.0,40.0,31.0,13.0,10.0,2.0,3.0,3.0,3.0,68.0,38.0,25.0,12.0,10.0,4.0,7.0
2026-322,Geneva,Clay,28,250,O,20260520,17,MU94,8.0,,Jaume Munar,R,183.0,ESP,29.04,39.0,1105.0,C0DF,,,Francisco Comesana,R,178.0,ARG,25.618,114.0,570.0,6-4 6-4,3,R16,94.0,2.0,0.0,52.0,35.0,27.0,13.0,10.0,0.0,0.0,2.0,2.0,67.0,42.0,30.0,13.0,10.0,3.0,5.0
2026-414,Hamburg,Clay,32,500,O,20260520,18,HH26,,,Ugo Humbert,L,188.0,FRA,27.899,34.0,1280.0,KE29,5.0,,Karen Khachanov,R,198.0,RUS,29.996,15.0,2320.0,6-3 3-6 7-6(3),3,R16,133.0,7.0,5.0,93.0,52.0,41.0,23.0,15.0,2.0,3.0,4.0,0.0,91.0,62.0,46.0,17.0,15.0,4.0,5.0
2026-414,Hamburg,Clay,32,500,O,20260520,19,K0AZ,,,Aleksandar Kovacevic,R,183.0,USA,27.723,94.0,649.0,AG37,1.0,,Felix Auger-Aliassime,R,193.0,CAN,25.78,5.0,4060.0,4-6 7-5 6-4,3,R16,142.0,2.0,2.0,97.0,59.0,44.0,20.0,16.0,3.0,5.0,9.0,1.0,89.0,63.0,47.0,12.0,16.0,2.0,5.0
2026-414,Hamburg,Clay,32,500,O,20260520,20,B0ID,,,Ignacio Buse,R,183.0,PER,22.152,57.0,893.0,M0NI,,,Jakub Mensik,R,196.0,CZE,20.715,28.0,1510.0,6-0 6-3,3,R16,62.0,4.0,1.0,51.0,31.0,25.0,12.0,8.0,4.0,4.0,2.0,1.0,37.0,22.0,12.0,6.0,7.0,0.0,4.0
2026-414,Hamburg,Clay,32,500,O,20260520,21,PL56,6.0,,Tommy Paul,R,185.0,USA,29.008,26.0,1625.0,EA24,,,Tomas Martin Etcheverry,R,196.0,ARG,26.839,25.0,1630.0,6-7(5) 7-6(5) 7-6(7),3,R16,213.0,4.0,1.0,140.0,91.0,61.0,25.0,18.0,10.0,15.0,2.0,2.0,123.0,93.0,60.0,19.0,18.0,0.0,5.0
2026-322,Geneva,Clay,28,250,O,20260520,18,BK92,2.0,,Alexander Bublik,R,196.0,KAZ,28.923,10.0,3230.0,B0MM,,,Edas Butvilas,R,191.0,LTU,21.823,253.0,215.0,6-4 6-3,3,R16,79.0,4.0,4.0,60.0,42.0,34.0,8.0,10.0,2.0,2.0,4.0,1.0,67.0,39.0,26.0,13.0,9.0,4.0,6.0
2026-322,Geneva,Clay,28,250,O,20260520,19,RC91,5.0,,Arthur Rinderknech,R,196.0,FRA,30.825,24.0,1711.0,DB63,,,Laslo Djere,R,188.0,SRB,30.965,238.0,241.0,4-6 7-6(4) 6-1,3,R16,166.0,19.0,6.0,104.0,57.0,48.0,22.0,14.0,6.0,7.0,5.0,2.0,110.0,72.0,49.0,18.0,15.0,7.0,10.0
2026-322,Geneva,Clay,28,250,O,20260520,20,M0QI,,,Alex Michelsen,R,193.0,USA,21.733,41.0,1075.0,W367,,,Stan Wawrinka,R,183.0,SUI,41.144,119.0,528.0,7-6(1) 7-6(4),3,R16,104.0,5.0,4.0,74.0,41.0,32.0,19.0,12.0,2.0,4.0,9.0,2.0,74.0,40.0,32.0,16.0,12.0,0.0,2.0
2026-414,Hamburg,Clay,32,500,O,20260520,22,U182,,,Camilo Ugo Carabelli,R,185.0,ARG,26.924,68.0,825.0,TD51,8.0,,Frances Tiafoe,R,188.0,USA,28.329,21.0,1905.0,7-6(3) 7-6(4),3,R16,113.0,6.0,2.0,79.0,46.0,37.0,14.0,12.0,3.0,6.0,2.0,1.0,72.0,42.0,29.0,15.0,12.0,5.0,8.0
2026-414,Hamburg,Clay,32,500,O,20260520,23,DH58,3.0,,Alex de Minaur,R,183.0,AUS,27.253,9.0,3665.0,DH50,,,Alejandro Davidovich Fokina,R,180.0,ESP,26.957,23.0,1820.0,6-2 4-6 6-4,3,R16,159.0,1.0,4.0,96.0,48.0,32.0,26.0,14.0,10.0,13.0,0.0,0.0,97.0,71.0,40.0,14.0,14.0,4.0,9.0
2026-414,Hamburg,Clay,32,500,O,20260520,24,D0FJ,7.0,,Luciano Darderi,R,183.0,ITA,24.26,16.0,2260.0,H997,,,Yannick Hanfmann,R,193.0,GER,34.516,55.0,899.0,7-6(7) 7-5,3,R16,113.0,9.0,1.0,69.0,47.0,40.0,14.0,12.0,0.0,1.0,3.0,3.0,73.0,37.0,27.0,22.0,12.0,4.0,6.0
2026-322,Geneva,Clay,28,250,O,20260521,21,RH16,6.0,,Casper Ruud,R,183.0,NOR,27.411,17.0,2185.0,P09Z,,,Alexei Popyrin,R,196.0,AUS,26.793,61.0,870.0,6-4 6-3,3,QF,72.0,2.0,1.0,43.0,28.0,25.0,11.0,9.0,0.0,0.0,5.0,2.0,58.0,40.0,28.0,7.0,10.0,2.0,5.0
2026-322,Geneva,Clay,28,250,O,20260521,22,N0BS,,,Mariano Navone,R,178.0,ARG,25.227,42.0,1066.0,MU94,8.0,,Jaume Munar,R,183.0,ESP,29.043,39.0,1105.0,6-2 6-2,3,QF,96.0,0.0,0.0,55.0,47.0,31.0,1.0,8.0,7.0,9.0,0.0,2.0,56.0,29.0,17.0,6.0,8.0,5.0,11.0
2026-414,Hamburg,Clay,32,500,O,20260521,25,PL56,6.0,,Tommy Paul,R,185.0,USA,29.01,26.0,1625.0,AE14,,,Daniel Altmaier,R,188.0,GER,27.688,65.0,843.0,6-2 7-5,3,QF,98.0,1.0,3.0,60.0,37.0,28.0,9.0,10.0,5.0,8.0,0.0,4.0,63.0,39.0,19.0,10.0,10.0,4.0,10.0
2026-414,Hamburg,Clay,32,500,O,20260521,26,B0ID,,,Ignacio Buse,R,183.0,PER,22.155,57.0,893.0,HH26,,,Ugo Humbert,L,188.0,FRA,27.901,34.0,1280.0,6-3 5-7 6-3,3,QF,166.0,6.0,3.0,97.0,51.0,31.0,20.0,15.0,2.0,8.0,5.0,5.0,113.0,58.0,35.0,22.0,15.0,5.0,13.0
2026-322,Geneva,Clay,28,250,O,20260521,23,BK92,2.0,,Alexander Bublik,R,196.0,KAZ,28.925,10.0,3230.0,RC91,5.0,,Arthur Rinderknech,R,196.0,FRA,30.828,24.0,1711.0,5-7 6-4 6-2,3,QF,115.0,8.0,3.0,90.0,59.0,45.0,18.0,15.0,3.0,4.0,16.0,5.0,79.0,47.0,39.0,16.0,15.0,3.0,6.0
2026-322,Geneva,Clay,28,250,O,20260521,24,T0HA,4.0,,Learner Tien,L,180.0,USA,20.465,20.0,1940.0,M0QI,,,Alex Michelsen,R,193.0,USA,21.736,41.0,1075.0,6-4 3-6 6-1,3,QF,117.0,3.0,7.0,88.0,48.0,34.0,14.0,13.0,6.0,11.0,2.0,4.0,85.0,50.0,24.0,15.0,13.0,0.0,7.0
2026-414,Hamburg,Clay,32,500,O,20260521,27,DH58,3.0,,Alex de Minaur,R,183.0,AUS,27.255,9.0,3665.0,D0FJ,7.0,,Luciano Darderi,R,183.0,ITA,24.263,16.0,2260.0,6-0 6-3,3,QF,94.0,2.0,3.0,76.0,46.0,31.0,15.0,8.0,11.0,12.0,1.0,0.0,61.0,41.0,20.0,8.0,7.0,5.0,10.0
2026-414,Hamburg,Clay,32,500,O,20260521,28,K0AZ,,,Aleksandar Kovacevic,R,183.0,USA,27.726,94.0,649.0,U182,,,Camilo Ugo Carabelli,R,185.0,ARG,26.927,68.0,825.0,6-4 6-7(10) 6-2,3,QF,163.0,9.0,6.0,110.0,69.0,51.0,23.0,15.0,7.0,7.0,4.0,2.0,98.0,62.0,45.0,16.0,15.0,6.0,9.0
2026-322,Geneva,Clay,28,250,O,20260522,25,T0HA,4.0,,Learner Tien,L,180.0,USA,20.468,20.0,1940.0,BK92,2.0,,Alexander Bublik,R,196.0,KAZ,28.928,10.0,3230.0,6-1 4-6 7-6(5),3,SF,96.0,1.0,5.0,79.0,40.0,32.0,23.0,15.0,0.0,3.0,10.0,5.0,89.0,58.0,39.0,13.0,14.0,2.0,6.0
2026-322,Geneva,Clay,28,250,O,20260522,26,N0BS,,,Mariano Navone,R,178.0,ARG,25.229,42.0,1066.0,RH16,6.0,,Casper Ruud,R,183.0,NOR,27.414,17.0,2185.0,7-5 6-2,3,SF,101.0,1.0,1.0,61.0,49.0,33.0,3.0,10.0,4.0,7.0,1.0,3.0,68.0,36.0,19.0,14.0,10.0,2.0,8.0
2026-414,Hamburg,Clay,32,500,O,20260522,29,B0ID,,,Ignacio Buse,R,183.0,PER,22.157,57.0,893.0,K0AZ,,,Aleksandar Kovacevic,R,183.0,USA,27.729,94.0,649.0,6-1 6-4,3,SF,64.0,1.0,1.0,36.0,15.0,14.0,18.0,8.0,0.0,0.0,0.0,2.0,52.0,31.0,21.0,7.0,9.0,1.0,5.0
2026-414,Hamburg,Clay,32,500,O,20260522,30,PL56,6.0,,Tommy Paul,R,185.0,USA,29.013,26.0,1625.0,DH58,3.0,,Alex de Minaur,R,183.0,AUS,27.258,9.0,3665.0,2-6 6-3 6-3,3,SF,137.0,2.0,1.0,81.0,50.0,34.0,17.0,13.0,3.0,6.0,1.0,2.0,95.0,59.0,38.0,16.0,13.0,13.0,17.0
2026-322,Geneva,Clay,28,250,O,20260523,27,T0HA,4.0,,Learner Tien,L,180.0,USA,20.471,20.0,1940.0,N0BS,,,Mariano Navone,R,178.0,ARG,25.232,42.0,1066.0,3-6 6-3 7-5,3,F,149.0,2.0,0.0,99.0,67.0,46.0,15.0,15.0,8.0,12.0,0.0,3.0,99.0,82.0,48.0,9.0,15.0,3.0,8.0
2026-414,Hamburg,Clay,32,500,O,20260523,31,B0ID,,,Ignacio Buse,R,183.0,PER,22.16,57.0,893.0,PL56,6.0,,Tommy Paul,R,185.0,USA,29.016,26.0,1625.0,7-6(6) 4-6 6-3,3,F,183.0,3.0,1.0,125.0,75.0,52.0,23.0,16.0,8.0,13.0,1.0,3.0,108.0,65.0,40.0,24.0,15.0,7.0,12.0
2026-520,Roland Garros,Clay,128,G,O,20260524,1,KE29,13.0,,Karen Khachanov,R,198.0,RUS,30.007,15.0,2320.0,G0IX,,WC,Arthur Gea,R,180.0,FRA,21.388,135.0,460.0,6-3 7-6(3) 6-0,5,R128,159.0,1.0,1.0,95.0,66.0,48.0,16.0,14.0,8.0,10.0,8.0,4.0,90.0,51.0,27.0,18.0,13.0,12.0,18.0
2026-520,Roland Garros,Clay,128,G,O,20260524,2,D994,,,James Duckworth,R,183.0,AUS,34.338,82.0,722.0,D0F6,,,Gabriel Diallo,R,203.0,CAN,24.663,49.0,975.0,6-3 4-1 RET,5,R128,62.0,3.0,1.0,37.0,21.0,19.0,11.0,7.0,0.0,0.0,0.0,1.0,47.0,29.0,14.0,9.0,7.0,2.0,5.0
2026-520,Roland Garros,Clay,128,G,O,20260524,3,KI95,,,Miomir Kecmanovic,R,183.0,SRB,26.73,48.0,980.0,M0CI,,,Fabian Marozsan,R,193.0,HUN,26.626,54.0,935.0,7-6(0) 6-3 6-4,5,R128,148.0,2.0,3.0,95.0,66.0,51.0,15.0,16.0,3.0,5.0,5.0,2.0,117.0,66.0,42.0,23.0,15.0,6.0,10.0
2026-520,Roland Garros,Clay,128,G,O,20260524,4,T0A1,,Q,Thiago Agustin Tirante,R,185.0,ARG,25.12,60.0,887.0,L0CX,,,Pablo Llamas Ruiz,R,188.0,ESP,23.611,122.0,515.0,6-3 7-6(6) 6-7(5) 6-0,5,R128,212.0,20.0,1.0,121.0,65.0,54.0,35.0,20.0,4.0,5.0,2.0,3.0,127.0,99.0,67.0,14.0,19.0,11.0,16.0
2026-520,Roland Garros,Clay,128,G,O,20260524,5,TA29,,,Marco Trungelliti,R,178.0,ARG,36.309,81.0,731.0,J0AZ,,Q,Kyrian Jacquet,R,175.0,FRA,25.035,147.0,411.0,6-4 6-2 6-2,5,R128,106.0,6.0,2.0,70.0,43.0,33.0,17.0,13.0,1.0,2.0,5.0,2.0,87.0,57.0,36.0,8.0,13.0,2.0,8.0
2026-520,Roland Garros,Clay,128,G,O,20260524,6,Z355,2.0,,Alexander Zverev,R,198.0,GER,29.092,3.0,5705.0,BM95,,,Benjamin Bonzi,R,183.0,FRA,29.955,95.0,629.0,6-3 6-4 6-2,5,R128,130.0,5.0,1.0,85.0,57.0,38.0,21.0,14.0,1.0,2.0,5.0,3.0,84.0,54.0,31.0,15.0,13.0,5.0,10.0
2026-520,Roland Garros,Clay,128,G,O,20260524,7,DH50,21.0,,Alejandro Davidovich Fokina,R,180.0,ESP,26.968,23.0,1860.0,D923,,,Damir Dzumhur,R,175.0,BIH,34.01,87.0,694.0,6-7(3) 6-3 2-6 7-5 6-3,5,R128,246.0,4.0,2.0,167.0,117.0,77.0,22.0,25.0,14.0,21.0,3.0,1.0,153.0,103.0,65.0,28.0,25.0,19.0,28.0
2026-520,Roland Garros,Clay,128,G,O,20260524,8,BT72,,,Nuno Borges,R,185.0,POR,29.257,51.0,970.0,EA24,23,,Tomas Martin Etcheverry,R,196.0,ARG,26.85,28.0,1510.0,6-3 6-4 6-2,5,R128,147.0,8.0,3.0,92.0,59.0,42.0,10.0,14.0,8.0,10.0,4.0,5.0,88.0,54.0,29.0,16.0,13.0,6.0,12.0
2026-520,Roland Garros,Clay,128,G,O,20260524,9,M0NI,26.0,,Jakub Mensik,R,196.0,CZE,20.726,27.0,1550.0,D0DW,,Q,Titouan Droguet,R,191.0,FRA,24.939,107.0,578.0,6-3 6-2 6-4,5,R128,128.0,6.0,7.0,100.0,42.0,37.0,25.0,14.0,6.0,8.0,5.0,5.0,76.0,36.0,26.0,16.0,13.0,5.0,11.0
2026-520,Roland Garros,Clay,128,G,O,20260524,10,C0NB,,Q,Federico Cina,R,185.0,ITA,19.151,238.0,242.0,O522,,,Reilly Opelka,R,211.0,USA,28.736,76.0,758.0,3-6 6-4 6-2 6-7(6) 6-4,5,R128,206.0,8.0,1.0,153.0,102.0,73.0,38.0,25.0,10.0,11.0,13.0,9.0,149.0,100.0,73.0,29.0,24.0,8.0,12.0
2026-520,Roland Garros,Clay,128,G,O,20260524,11,M0FH,,,Tomas Machac,R,183.0,CZE,25.61,43.0,1080.0,BU13,,,Zizou Bergs,R,185.0,BEL,26.973,40.0,1150.0,6-4 6-4 6-3,5,R128,149.0,5.0,2.0,88.0,56.0,42.0,18.0,15.0,6.0,8.0,5.0,3.0,93.0,54.0,33.0,20.0,14.0,7.0,12.0
2026-520,Roland Garros,Clay,128,G,O,20260524,12,P0HW,,,Dino Prizmic,R,188.0,CRO,20.799,72.0,785.0,Z0BZ,,Q,Michael Zheng,R,188.0,USA,22.322,146.0,414.0,6-1 6-1 6-3,5,R128,109.0,3.0,3.0,73.0,47.0,35.0,12.0,12.0,4.0,5.0,3.0,2.0,64.0,37.0,18.0,9.0,11.0,3.0,10.0
2026-520,Roland Garros,Clay,128,G,O,20260524,13,F0FV,28.0,,Joao Fonseca,R,188.0,BRA,19.756,30.0,1435.0,P0AY,,Q,Luka Pavlovic,R,196.0,FRA,26.149,241.0,237.0,7-6(6) 6-4 6-2,5,R128,137.0,3.0,0.0,94.0,65.0,47.0,19.0,15.0,6.0,8.0,8.0,6.0,93.0,45.0,32.0,21.0,15.0,4.0,9.0
2026-520,Roland Garros,Clay,128,G,O,20260524,14,B0PG,,,Alexander Blockx,R,193.0,BEL,21.125,37.0,1238.0,W0BH,,,Coleman Wong,R,191.0,HKG,21.963,109.0,574.0,6-3 6-4 6-2,5,R128,104.0,13.0,4.0,73.0,49.0,41.0,16.0,14.0,1.0,1.0,3.0,2.0,94.0,61.0,35.0,16.0,13.0,8.0,12.0
2026-520,Roland Garros,Clay,128,G,O,20260524,15,HB64,,,Quentin Halys,R,191.0,FRA,29.574,90.0,678.0,B0GG,,,Mattia Bellucci,L,175.0,ITA,24.977,73.0,777.0,6-3 7-6(4) 6-3,5,R128,149.0,11.0,5.0,104.0,62.0,49.0,20.0,16.0,4.0,6.0,4.0,8.0,93.0,51.0,37.0,17.0,14.0,4.0,8.0
2026-520,Roland Garros,Clay,128,G,O,20260524,16,B0NN,,WC,Nishesh Basavareddy,R,180.0,USA,21.06,148.0,409.0,FB98,7,,Taylor Fritz,R,196.0,USA,28.569,9.0,3720.0,7-6(5) 7-6(5) 6-7(9) 6-1,5,R128,205.0,4.0,3.0,144.0,91.0,70.0,33.0,22.0,3.0,4.0,21.0,5.0,145.0,100.0,76.0,22.0,21.0,3.0,6.0
2026-520,Roland Garros,Clay,128,G,O,20260524,17,M0JF,,,Hamad Medjedovic,R,188.0,SRB,22.85,58.0,894.0,H997,,,Yannick Hanfmann,R,193.0,GER,34.527,53.0,936.0,6-3 6-4 6-7(1) 6-4,5,R128,182.0,13.0,2.0,118.0,85.0,70.0,17.0,21.0,5.0,6.0,18.0,6.0,131.0,83.0,65.0,19.0,20.0,6.0,10.0
2026-520,Roland Garros,Clay,128,G,O,20260524,18,R0EB,,,Valentin Royer,R,188.0,FRA,24.986,74.0,773.0,DA31,,Q,Hugo Dellien,R,180.0,BOL,32.936,144.0,421.0,6-4 6-2 6-2,5,R128,121.0,6.0,1.0,71.0,47.0,32.0,16.0,13.0,3.0,5.0,1.0,0.0,93.0,70.0,39.0,7.0,13.0,8.0,15.0
2026-520,Roland Garros,Clay,128,G,O,20260524,19,D643,3.0,,Novak Djokovic,R,188.0,SRB,39.006,4.0,4460.0,M0GZ,,,Giovanni Mpetshi Perricard,R,203.0,FRA,22.877,83.0,710.0,5-7 7-5 6-1 6-4,5,R128,173.0,12.0,2.0,107.0,83.0,67.0,16.0,21.0,3.0,5.0,16.0,4.0,127.0,96.0,65.0,14.0,20.0,11.0,16.0
2026-520,Roland Garros,Clay,128,G,O,20260525,20,SU87,,,Lorenzo Sonego,R,191.0,ITA,31.039,70.0,815.0,H996,,Q,Pierre-Hugues Herbert,R,188.0,FRA,35.187,220.0,259.0,7-6(3) 5-7 6-2 1-6 6-4,5,R128,253.0,7.0,5.0,153.0,93.0,67.0,29.0,24.0,11.0,16.0,10.0,7.0,146.0,101.0,75.0,21.0,25.0,7.0,12.0
2026-520,Roland Garros,Clay,128,G,O,20260525,21,DH58,8.0,,Alex de Minaur,R,183.0,AUS,27.266,7.0,3855.0,S0TM,,,Toby Samuel,R,191.0,GBR,23.715,159.0,378.0,6-4 6-4 6-2,5,R128,114.0,5.0,3.0,74.0,44.0,34.0,20.0,14.0,1.0,2.0,6.0,4.0,93.0,56.0,36.0,15.0,14.0,4.0,9.0
2026-520,Roland Garros,Clay,128,G,O,20260525,22,CD85,,,Pablo Carreno Busta,R,188.0,ESP,34.869,89.0,685.0,L0BV,12,,Jiri Lehecka,R,185.0,CZE,24.542,12.0,2665.0,6-3 7-6(3) 6-3,5,R128,120.0,10.0,0.0,71.0,45.0,38.0,21.0,14.0,0.0,0.0,4.0,4.0,105.0,67.0,47.0,13.0,16.0,7.0,11.0
2026-520,Roland Garros,Clay,128,G,O,20260525,23,M0QI,,,Alex Michelsen,R,193.0,USA,21.747,42.0,1115.0,S0H2,,,Alexander Shevchenko,R,188.0,UKR,25.651,88.0,689.0,6-2 6-4 6-2,5,R128,98.0,9.0,2.0,72.0,43.0,33.0,19.0,13.0,4.0,6.0,3.0,4.0,74.0,47.0,25.0,11.0,13.0,4.0,11.0
2026-520,Roland Garros,Clay,128,G,O,20260525,24,TD51,19.0,,Frances Tiafoe,R,188.0,USA,28.342,22.0,1905.0,S0JA,,,Eliot Spizzirri,R,185.0,USA,24.419,91.0,660.0,6-3 6-7(5) 6-4 6-3,5,R128,178.0,12.0,6.0,119.0,62.0,55.0,32.0,21.0,2.0,3.0,13.0,1.0,120.0,84.0,55.0,22.0,19.0,2.0,6.0
2026-520,Roland Garros,Clay,128,G,O,20260525,25,RC91,22.0,,Arthur Rinderknech,R,196.0,FRA,30.839,25.0,1736.0,R09X,,Q,Jurij Rodionov,L,191.0,AUT,27.025,158.0,379.0,7-6(5) 6-2 6-3,5,R128,148.0,9.0,2.0,85.0,54.0,42.0,15.0,14.0,5.0,7.0,5.0,4.0,98.0,53.0,37.0,19.0,15.0,10.0,16.0
2026-520,Roland Garros,Clay,128,G,O,20260525,26,J0DZ,27.0,,Rafael Jodar,R,191.0,ESP,19.685,29.0,1461.0,K0AZ,,,Aleksandar Kovacevic,R,183.0,USA,27.737,67.0,837.0,6-1 6-0 6-4,5,R128,96.0,4.0,2.0,64.0,42.0,34.0,15.0,12.0,1.0,1.0,3.0,5.0,69.0,39.0,22.0,12.0,11.0,6.0,12.0
2026-520,Roland Garros,Clay,128,G,O,20260525,27,N0AE,31.0,,Brandon Nakashima,R,188.0,USA,24.808,35.0,1295.0,BD06,,,Roberto Bautista Agut,R,183.0,ESP,38.111,117.0,542.0,6-2 7-5 6-2,5,R128,129.0,11.0,0.0,75.0,55.0,43.0,14.0,14.0,0.0,0.0,3.0,4.0,84.0,54.0,36.0,14.0,14.0,2.0,7.0
2026-520,Roland Garros,Clay,128,G,O,20260525,28,HH26,32.0,,Ugo Humbert,L,188.0,FRA,27.912,32.0,1370.0,ME82,,,Adrian Mannarino,L,180.0,FRA,37.903,45.0,1037.0,6-3 6-4 6-3,5,R128,122.0,11.0,3.0,72.0,40.0,34.0,20.0,14.0,2.0,3.0,6.0,4.0,91.0,53.0,39.0,15.0,14.0,8.0,13.0
2026-520,Roland Garros,Clay,128,G,O,20260525,29,BK40,,,Matteo Berrettini,R,196.0,ITA,30.116,105.0,585.0,F724,,,Marton Fucsovics,R,188.0,HUN,34.292,65.0,859.0,6-7(2) 7-5 6-1 6-2,5,R128,192.0,14.0,3.0,117.0,72.0,57.0,29.0,20.0,6.0,7.0,4.0,13.0,135.0,78.0,52.0,26.0,19.0,6.0,12.0
2026-520,Roland Garros,Clay,128,G,O,20260525,30,D0C1,,LL,Jesper de Jong,R,180.0,NED,25.982,106.0,580.0,W367,,,Stan Wawrinka,R,183.0,SUI,41.158,113.0,553.0,6-3 3-6 6-3 6-4,5,R128,184.0,10.0,4.0,116.0,72.0,56.0,24.0,19.0,9.0,11.0,10.0,2.0,103.0,51.0,36.0,26.0,18.0,2.0,6.0
2026-520,Roland Garros,Clay,128,G,O,20260525,31,N0BS,,,Mariano Navone,R,178.0,ARG,25.238,38.0,1215.0,B0CD,,,Jenson Brooksby,R,193.0,USA,25.577,63.0,865.0,6-4 6-4 6-4,5,R128,158.0,1.0,0.0,92.0,73.0,52.0,8.0,15.0,3.0,5.0,0.0,2.0,109.0,79.0,48.0,12.0,15.0,11.0,16.0
2026-520,Roland Garros,Clay,128,G,O,20260525,32,U182,,,Camilo Ugo Carabelli,R,185.0,ARG,26.938,59.0,890.0,N0AM,,Q,Emilio Nava,R,185.0,USA,24.476,94.0,631.0,7-6(10) 6-3 6-3,5,R128,162.0,4.0,5.0,111.0,88.0,58.0,15.0,15.0,9.0,11.0,9.0,3.0,124.0,99.0,62.0,7.0,15.0,9.0,14.0
2026-520,Roland Garros,Clay,128,G,O,20260525,33,V0DZ,,,Luca Van Assche,R,178.0,FRA,22.037,100.0,599.0,G0FW,,LL,Vilius Gaubas,R,178.0,LTU,21.402,133.0,464.0,6-4 6-2 2-6 7-5,5,R128,230.0,9.0,4.0,131.0,85.0,54.0,24.0,19.0,15.0,20.0,4.0,0.0,122.0,81.0,49.0,19.0,19.0,12.0,19.0
2026-520,Roland Garros,Clay,128,G,O,20260525,34,S0S1,5.0,,Ben Shelton,L,193.0,USA,23.625,5.0,4070.0,M0N7,,,Daniel Merida,R,188.0,ESP,21.659,86.0,696.0,6-3 6-3 6-4,5,R128,102.0,6.0,8.0,76.0,58.0,50.0,7.0,14.0,1.0,1.0,4.0,6.0,80.0,56.0,42.0,8.0,14.0,4.0,8.0
2026-520,Roland Garros,Clay,128,G,O,20260525,35,C0E9,10.0,,Flavio Cobolli,R,183.0,ITA,24.052,14.0,2340.0,PH64,,Q,Andrea Pellegrino,R,185.0,ITA,29.172,124.0,507.0,6-4 7-6(4) 6-3,5,R128,145.0,9.0,2.0,89.0,71.0,59.0,11.0,16.0,2.0,3.0,2.0,2.0,99.0,68.0,43.0,20.0,15.0,1.0,4.0
2026-520,Roland Garros,Clay,128,G,O,20260525,36,RE44,11.0,,Andrey Rublev,R,188.0,RUS,28.594,13.0,2460.0,B0ID,,,Ignacio Buse,R,183.0,PER,22.166,31.0,1412.0,6-3 6-7(6) 6-3 7-5,5,R128,219.0,6.0,4.0,149.0,100.0,66.0,25.0,22.0,7.0,12.0,3.0,4.0,141.0,87.0,52.0,25.0,20.0,12.0,20.0
2026-520,Roland Garros,Clay,128,G,O,20260525,37,RH16,15.0,,Casper Ruud,R,183.0,NOR,27.422,16.0,2275.0,SX50,,Q,Roman Safiullin,R,185.0,RUS,28.797,141.0,430.0,6-2 7-6(5) 5-7 0-6 6-2,5,R128,232.0,6.0,6.0,141.0,93.0,57.0,30.0,23.0,9.0,15.0,7.0,9.0,160.0,94.0,64.0,33.0,23.0,12.0,18.0
2026-520,Roland Garros,Clay,128,G,O,20260525,38,PL56,24.0,,Tommy Paul,R,185.0,USA,29.021,21.0,1945.0,H0BH,,,Rinky Hijikata,R,178.0,AUS,25.248,98.0,612.0,4-6 6-3 7-5 6-4,5,R128,200.0,13.0,3.0,140.0,82.0,55.0,36.0,21.0,9.0,12.0,6.0,2.0,123.0,79.0,56.0,18.0,20.0,6.0,11.0
2026-520,Roland Garros,Clay,128,G,O,20260525,39,C0AU,25.0,,Francisco Cerundolo,R,185.0,ARG,27.781,26.0,1570.0,V812,,,Botic van de Zandschulp,R,191.0,NED,30.639,55.0,935.0,6-3 6-4 6-7(7) 6-4,5,R128,220.0,5.0,4.0,152.0,95.0,66.0,25.0,20.0,11.0,15.0,7.0,9.0,158.0,95.0,64.0,27.0,21.0,11.0,19.0
2026-520,Roland Garros,Clay,128,G,O,20260525,40,C0JP,,,Raphael Collignon,R,191.0,BEL,24.361,62.0,866.0,V832,,,Aleksandar Vukic,R,188.0,AUS,30.133,96.0,626.0,6-3 6-3 7-6(4),5,R128,135.0,10.0,5.0,94.0,58.0,44.0,17.0,15.0,5.0,8.0,3.0,6.0,105.0,49.0,31.0,25.0,15.0,4.0,10.0
2026-520,Roland Garros,Clay,128,G,O,20260525,41,HB71,,,Hubert Hurkacz,R,196.0,POL,29.281,99.0,600.0,MU94,,,Jaume Munar,R,183.0,ESP,29.054,41.0,1145.0,6-3 6-3 2-6 6-3,5,R128,185.0,16.0,2.0,111.0,68.0,54.0,17.0,18.0,6.0,9.0,6.0,5.0,124.0,78.0,49.0,23.0,17.0,9.0,14.0
2026-520,Roland Garros,Clay,128,G,O,20260525,42,KD46,,PR,Thanasi Kokkinakis,R,193.0,AUS,30.122,855.0,29.0,A0GC,,,Terence Atmane,L,193.0,FRA,24.372,52.0,938.0,6-7(5) 6-2 4-6 6-3 7-5,5,R128,261.0,24.0,4.0,149.0,85.0,74.0,36.0,26.0,4.0,6.0,14.0,4.0,145.0,83.0,58.0,38.0,25.0,11.0,16.0
2026-520,Roland Garros,Clay,128,G,O,20260525,43,WB32,,,Yibing Wu,R,183.0,CHN,26.612,92.0,655.0,GC88,,,Marcos Giron,R,180.0,USA,32.835,84.0,705.0,7-5 6-2 6-4,5,R128,133.0,8.0,2.0,96.0,49.0,34.0,31.0,15.0,5.0,6.0,4.0,2.0,98.0,64.0,40.0,16.0,15.0,5.0,10.0
2026-520,Roland Garros,Clay,128,G,O,20260526,44,G09O,,WC,Hugo Gaston,L,173.0,FRA,25.662,118.0,533.0,MC65,,WC,Gael Monfils,R,193.0,FRA,39.732,218.0,260.0,6-2 6-3 3-6 2-6 6-0,5,R128,202.0,1.0,7.0,138.0,82.0,51.0,18.0,20.0,12.0,17.0,12.0,7.0,141.0,73.0,51.0,19.0,20.0,9.0,17.0
2026-520,Roland Garros,Clay,128,G,O,20260526,45,K0O4,,WC,Moise Kouame,R,191.0,FRA,17.221,318.0,165.0,C977,,,Marin Cilic,R,198.0,CRO,37.656,46.0,1010.0,7-6(4) 6-2 6-1,5,R128,160.0,6.0,6.0,101.0,61.0,43.0,26.0,14.0,7.0,7.0,4.0,5.0,92.0,54.0,32.0,18.0,13.0,3.0,7.0
2026-520,Roland Garros,Clay,128,G,O,20260526,46,TE30,,,Alejandro Tabilo,L,188.0,CHI,28.98,36.0,1278.0,MQ75,,,Kamil Majchrzak,R,183.0,POL,30.366,78.0,747.0,6-1 6-3 6-4,5,R128,113.0,10.0,2.0,66.0,40.0,37.0,16.0,13.0,2.0,2.0,6.0,2.0,94.0,63.0,41.0,10.0,13.0,4.0,9.0
2026-520,Roland Garros,Clay,128,G,O,20260526,47,W09E,,WC,Adam Walton,R,183.0,AUS,27.107,97.0,614.0,MM58,6,,Daniil Medvedev,R,198.0,RUS,30.286,8.0,3760.0,6-2 1-6 6-1 1-6 6-4,5,R128,203.0,3.0,1.0,166.0,114.0,71.0,23.0,19.0,16.0,21.0,9.0,5.0,118.0,75.0,51.0,20.0,20.0,9.0,15.0
2026-520,Roland Garros,Clay,128,G,O,20260526,48,S0K7,,,Zachary Svajda,R,175.0,USA,23.488,85.0,696.0,P09Z,,,Alexei Popyrin,R,196.0,AUS,26.806,61.0,870.0,3-6 6-3 7-6(3) 7-5,5,R128,176.0,17.0,4.0,123.0,83.0,58.0,26.0,21.0,2.0,4.0,14.0,3.0,115.0,72.0,52.0,27.0,21.0,4.0,7.0
2026-520,Roland Garros,Clay,128,G,O,20260526,49,TE51,,,Stefanos Tsitsipas,R,193.0,GRE,27.786,79.0,740.0,MP20,,,Alexandre Muller,R,183.0,FRA,29.311,127.0,494.0,6-2 3-0 RET,5,R128,51.0,1.0,0.0,28.0,19.0,14.0,3.0,5.0,0.0,1.0,2.0,2.0,36.0,20.0,10.0,3.0,6.0,6.0,11.0
2026-520,Roland Garros,Clay,128,G,O,20260526,50,VA25,16.0,,Valentin Vacherot,R,193.0,MON,27.524,19.0,2103.0,F0HO,,Q,Thomas Faurel,R,178.0,FRA,20.342,378.0,131.0,6-3 6-4 3-6 7-6(6),5,R128,170.0,13.0,5.0,122.0,86.0,66.0,25.0,20.0,3.0,4.0,6.0,1.0,124.0,97.0,69.0,18.0,20.0,8.0,10.0
2026-520,Roland Garros,Clay,128,G,O,20260526,51,T0HA,18.0,,Learner Tien,L,180.0,USA,20.479,18.0,2180.0,GD64,,,Cristian Garin,R,185.0,CHI,29.988,114.0,552.0,6-0 2-6 6-0 6-2,5,R128,114.0,12.0,2.0,67.0,45.0,38.0,14.0,14.0,1.0,3.0,3.0,5.0,86.0,51.0,28.0,13.0,14.0,7.0,15.0
2026-520,Roland Garros,Clay,128,G,O,20260526,52,V0DP,,,Adolfo Daniel Vallejo,R,183.0,PAR,22.075,71.0,786.0,N771,20,,Cameron Norrie,L,188.0,GBR,30.757,24.0,1785.0,7-6(7) 2-0 RET,5,R128,81.0,5.0,5.0,48.0,33.0,26.0,7.0,7.0,1.0,1.0,0.0,4.0,58.0,38.0,22.0,11.0,7.0,3.0,4.0
2026-520,Roland Garros,Clay,128,G,O,20260526,53,A0FC,,,Matteo Arnaldi,R,185.0,ITA,25.254,104.0,586.0,GJ37,29,,Tallon Griekspoor,R,188.0,NED,29.897,33.0,1340.0,6-7(9) 6-3 7-6(6) 6-3,5,R128,240.0,7.0,2.0,133.0,89.0,69.0,28.0,20.0,5.0,5.0,9.0,9.0,166.0,91.0,60.0,43.0,22.0,8.0,12.0
2026-520,Roland Garros,Clay,128,G,O,20260526,54,B0FV,,,Roman Andres Burruchaga,R,183.0,ARG,24.337,68.0,833.0,B0BI,,,Sebastian Baez,R,170.0,ARG,25.407,64.0,860.0,2-6 7-5 6-2 2-0 RET,5,R128,182.0,7.0,1.0,114.0,71.0,44.0,18.0,15.0,9.0,15.0,1.0,11.0,118.0,67.0,40.0,19.0,15.0,20.0,28.0
2026-520,Roland Garros,Clay,128,G,O,20260526,55,D0CG,,Q,Facundo Diaz Acosta,L,183.0,ARG,25.443,151.0,407.0,Z371,,PR,Zhizhen Zhang,R,193.0,CHN,29.607,224.0,254.0,6-1 6-4 6-3,5,R128,104.0,6.0,1.0,67.0,46.0,35.0,11.0,13.0,0.0,1.0,6.0,1.0,93.0,61.0,37.0,10.0,13.0,9.0,15.0
2026-520,Roland Garros,Clay,128,G,O,20260526,56,L0IL,,,Martin Landaluce,R,193.0,ESP,20.378,69.0,827.0,P0IY,,Q,Juan Carlos Prado Angelo,R,185.0,BOL,21.221,176.0,338.0,6-3 4-6 6-2 6-7(3) 6-4,5,R128,272.0,6.0,5.0,161.0,103.0,69.0,27.0,25.0,6.0,8.0,1.0,6.0,165.0,95.0,52.0,39.0,24.0,5.0,10.0
2026-520,Roland Garros,Clay,128,G,O,20260526,57,KI82,,,Vit Kopriva,R,178.0,CZE,28.945,66.0,856.0,MW02,30,,Corentin Moutet,L,180.0,FRA,27.102,34.0,1323.0,6-3 5-7 6-4 3-6 6-3,5,R128,264.0,7.0,8.0,161.0,111.0,71.0,22.0,25.0,5.0,9.0,5.0,6.0,150.0,97.0,64.0,21.0,24.0,4.0,8.0
2026-520,Roland Garros,Clay,128,G,O,20260526,58,S0AG,1.0,,Jannik Sinner,R,191.0,ITA,24.775,1.0,14750.0,T09X,,WC,Clement Tabur,R,173.0,FRA,26.335,171.0,348.0,6-1 6-3 6-4,5,R128,131.0,8.0,1.0,76.0,50.0,40.0,18.0,13.0,0.0,0.0,2.0,2.0,89.0,59.0,35.0,13.0,13.0,8.0,13.0
2026-520,Roland Garros,Clay,128,G,O,20260526,59,SL28,,,Jan-Lennard Struff,R,193.0,GER,36.085,80.0,739.0,BK92,9,,Alexander Bublik,R,196.0,KAZ,28.939,10.0,3320.0,7-5 6-7(6) 6-4 7-5,5,R128,193.0,13.0,6.0,147.0,89.0,62.0,31.0,23.0,7.0,11.0,25.0,8.0,150.0,98.0,68.0,22.0,23.0,12.0,19.0
2026-520,Roland Garros,Clay,128,G,O,20260526,60,D0FJ,14.0,,Luciano Darderi,R,183.0,ITA,24.277,17.0,2260.0,O513,,,Sebastian Ofner,R,191.0,AUT,30.037,112.0,558.0,7-6(5) 6-2 6-3,5,R128,143.0,10.0,4.0,117.0,72.0,48.0,24.0,15.0,9.0,11.0,10.0,2.0,81.0,40.0,25.0,23.0,14.0,2.0,7.0
2026-520,Roland Garros,Clay,128,G,O,20260526,61,C0C8,,,Juan Manuel Cerundolo,L,183.0,ARG,24.526,56.0,935.0,F0BY,,,Jacob Fearnley,R,183.0,GBR,24.862,125.0,505.0,6-2 7-6(0) 7-6(7),5,R128,176.0,6.0,4.0,111.0,74.0,54.0,23.0,16.0,6.0,8.0,6.0,9.0,113.0,64.0,40.0,23.0,16.0,7.0,11.0
2026-520,Roland Garros,Clay,128,G,O,20260526,62,C0DF,,,Francisco Comesana,R,178.0,ARG,25.634,102.0,598.0,Q02L,,,Ethan Quinn,R,191.0,USA,22.204,50.0,974.0,6-4 7-6(8) 7-6(4),5,R128,167.0,13.0,3.0,121.0,89.0,65.0,16.0,17.0,3.0,4.0,5.0,3.0,111.0,82.0,59.0,14.0,17.0,6.0,8.0
2026-520,Roland Garros,Clay,128,G,O,20260526,63,F0F2,,Q,Jaime Faria,R,188.0,POR,22.804,115.0,548.0,SU55,,,Denis Shapovalov,L,185.0,CAN,27.113,39.0,1170.0,6-4 7-5 6-4,5,R128,153.0,2.0,4.0,95.0,65.0,47.0,17.0,16.0,5.0,6.0,10.0,8.0,106.0,57.0,40.0,24.0,16.0,4.0,8.0
2026-520,Roland Garros,Clay,128,G,O,20260526,64,AG37,4.0,,Felix Auger-Aliassime,R,193.0,CAN,25.796,6.0,4050.0,AE14,,,Daniel Altmaier,R,188.0,GER,27.702,57.0,930.0,4-6 6-4 4-6 6-1 7-6(7),5,R128,260.0,9.0,6.0,155.0,110.0,80.0,21.0,25.0,8.0,13.0,3.0,7.0,152.0,99.0,64.0,29.0,24.0,6.0,12.0
2026-520,Roland Garros,Clay,128,G,O,20260526,65,DH58,8.0,,Alex de Minaur,R,183.0,AUS,27.269,7.0,3855.0,B0PG,,,Alexander Blockx,R,193.0,BEL,21.131,37.0,1238.0,W/O,5,R64,,,,,,,,,,,,,,,,,,,
2026-520,Roland Garros,Clay,128,G,O,20260527,66,D0C1,,LL,Jesper de Jong,R,180.0,NED,25.988,106.0,580.0,C0NB,,Q,Federico Cina,R,185.0,ITA,19.159,238.0,242.0,6-3 6-1 6-3,5,R64,110.0,11.0,3.0,75.0,50.0,35.0,17.0,13.0,5.0,6.0,3.0,2.0,66.0,41.0,22.0,12.0,12.0,3.0,9.0
2026-520,Roland Garros,Clay,128,G,O,20260527,67,KE29,13.0,,Karen Khachanov,R,198.0,RUS,30.015,15.0,2320.0,TA29,,,Marco Trungelliti,R,178.0,ARG,36.318,81.0,731.0,7-6(5) 5-7 6-1 7-6(4),5,R64,229.0,10.0,0.0,137.0,88.0,63.0,28.0,22.0,7.0,12.0,5.0,8.0,136.0,76.0,47.0,34.0,21.0,6.0,12.0
2026-520,Roland Garros,Clay,128,G,O,20260527,68,T0A1,,,Thiago Agustin Tirante,R,185.0,ARG,25.128,60.0,887.0,DH50,21,,Alejandro Davidovich Fokina,R,180.0,ESP,26.976,23.0,1860.0,4-6 7-6(4) 6-1 6-3,5,R64,177.0,12.0,4.0,111.0,66.0,50.0,26.0,19.0,1.0,4.0,1.0,2.0,111.0,74.0,46.0,21.0,19.0,7.0,13.0
2026-520,Roland Garros,Clay,128,G,O,20260527,69,RE44,11.0,,Andrey Rublev,R,188.0,RUS,28.6,13.0,2460.0,U182,,,Camilo Ugo Carabelli,R,185.0,ARG,26.943,59.0,890.0,6-1 1-6 6-3 7-6(5),5,R64,189.0,5.0,2.0,133.0,87.0,58.0,22.0,18.0,10.0,14.0,9.0,2.0,121.0,89.0,58.0,13.0,17.0,6.0,11.0
2026-520,Roland Garros,Clay,128,G,O,20260527,70,M0NI,26.0,,Jakub Mensik,R,196.0,CZE,20.734,27.0,1550.0,N0BS,,,Mariano Navone,R,178.0,ARG,25.243,38.0,1215.0,6-3 2-6 6-4 1-6 7-6(11),5,R64,281.0,11.0,8.0,166.0,89.0,67.0,35.0,23.0,11.0,16.0,3.0,3.0,161.0,131.0,87.0,15.0,23.0,10.0,13.0
2026-520,Roland Garros,Clay,128,G,O,20260527,71,HB64,,,Quentin Halys,R,191.0,FRA,29.582,90.0,678.0,HH26,32,,Ugo Humbert,L,188.0,FRA,27.918,32.0,1370.0,6-4 7-6(4) 7-6(8),5,R64,181.0,16.0,3.0,116.0,75.0,60.0,21.0,17.0,4.0,6.0,12.0,13.0,118.0,67.0,52.0,25.0,17.0,5.0,8.0
2026-520,Roland Garros,Clay,128,G,O,20260527,72,BT72,,,Nuno Borges,R,185.0,POR,29.265,51.0,970.0,KI95,,,Miomir Kecmanovic,R,183.0,SRB,26.738,48.0,980.0,3-6 6-2 6-1 6-2,5,R64,134.0,13.0,5.0,122.0,72.0,51.0,24.0,16.0,7.0,8.0,3.0,4.0,86.0,48.0,28.0,24.0,16.0,5.0,11.0
2026-520,Roland Garros,Clay,128,G,O,20260527,73,CD85,,,Pablo Carreno Busta,R,188.0,ESP,34.875,89.0,685.0,KD46,,PR,Thanasi Kokkinakis,R,193.0,AUS,30.127,855.0,29.0,7-5 4-6 1-0 RET,5,R64,125.0,3.0,1.0,68.0,44.0,33.0,16.0,12.0,2.0,3.0,8.0,4.0,80.0,50.0,35.0,17.0,11.0,3.0,4.0
2026-520,Roland Garros,Clay,128,G,O,20260527,74,D643,3.0,,Novak Djokovic,R,188.0,SRB,39.014,4.0,4460.0,R0EB,,,Valentin Royer,R,188.0,FRA,24.994,74.0,773.0,6-3 6-2 6-7(7) 6-3,5,R64,227.0,10.0,9.0,134.0,89.0,69.0,21.0,20.0,5.0,7.0,10.0,4.0,110.0,69.0,46.0,21.0,18.0,3.0,9.0
2026-520,Roland Garros,Clay,128,G,O,20260527,75,J0DZ,27.0,,Rafael Jodar,R,191.0,ESP,19.691,29.0,1461.0,D994,,,James Duckworth,R,183.0,AUS,34.346,82.0,722.0,6-1 6-7(5) 6-4 7-5,5,R64,204.0,7.0,6.0,128.0,84.0,66.0,23.0,21.0,1.0,3.0,8.0,7.0,141.0,77.0,54.0,31.0,20.0,15.0,21.0
2026-520,Roland Garros,Clay,128,G,O,20260527,76,F0FV,28.0,,Joao Fonseca,R,188.0,BRA,19.765,30.0,1435.0,P0HW,,,Dino Prizmic,R,188.0,CRO,20.808,72.0,785.0,3-6 4-6 6-3 6-1 6-2,5,R64,210.0,5.0,2.0,130.0,88.0,63.0,27.0,21.0,4.0,6.0,13.0,5.0,125.0,73.0,50.0,25.0,22.0,1.0,7.0
2026-520,Roland Garros,Clay,128,G,O,20260527,77,M0QI,,,Alex Michelsen,R,193.0,USA,21.752,42.0,1115.0,B0NN,,WC,Nishesh Basavareddy,R,180.0,USA,21.068,148.0,409.0,7-6(5) 6-3 3-6 6-3,5,R64,191.0,10.0,6.0,125.0,85.0,59.0,22.0,20.0,5.0,8.0,7.0,7.0,128.0,83.0,60.0,22.0,19.0,10.0,14.0
2026-520,Roland Garros,Clay,128,G,O,20260527,78,Z355,2.0,,Alexander Zverev,R,198.0,GER,29.101,3.0,5705.0,M0FH,,,Tomas Machac,R,183.0,CZE,25.618,43.0,1080.0,6-4 6-2 6-2,5,R64,107.0,19.0,2.0,65.0,45.0,38.0,15.0,13.0,1.0,1.0,1.0,1.0,89.0,67.0,38.0,11.0,13.0,6.0,11.0
2026-520,Roland Garros,Clay,128,G,O,20260527,79,PL56,24.0,,Tommy Paul,R,185.0,USA,29.027,21.0,1945.0,SU87,,,Lorenzo Sonego,R,191.0,ITA,31.044,70.0,815.0,6-3 6-2 6-4,5,R64,130.0,2.0,2.0,88.0,51.0,40.0,18.0,14.0,5.0,6.0,7.0,2.0,77.0,58.0,40.0,4.0,13.0,3.0,8.0
2026-520,Roland Garros,Clay,128,G,O,20260527,80,RH16,15.0,,Casper Ruud,R,183.0,NOR,27.428,16.0,2275.0,M0JF,,,Hamad Medjedovic,R,188.0,SRB,22.858,58.0,894.0,6-3 6-2 6-4,5,R64,122.0,13.0,2.0,90.0,59.0,44.0,21.0,14.0,7.0,7.0,6.0,1.0,92.0,67.0,46.0,9.0,13.0,5.0,9.0
2026-520,Roland Garros,Clay,128,G,O,20260528,81,C0E9,10.0,,Flavio Cobolli,R,183.0,ITA,24.06,14.0,2340.0,WB32,,,Yibing Wu,R,183.0,CHN,26.62,92.0,655.0,6-4 6-4 6-4,5,R64,132.0,7.0,4.0,89.0,58.0,44.0,15.0,15.0,2.0,4.0,4.0,1.0,97.0,55.0,31.0,25.0,15.0,9.0,14.0
2026-520,Roland Garros,Clay,128,G,O,20260528,82,F0F2,,Q,Jaime Faria,R,188.0,POR,22.809,115.0,548.0,SL28,,,Jan-Lennard Struff,R,193.0,GER,36.09,80.0,739.0,7-5 7-6(1) 6-2,5,R64,152.0,6.0,3.0,93.0,50.0,39.0,26.0,16.0,2.0,4.0,9.0,5.0,125.0,58.0,38.0,35.0,16.0,11.0,16.0
2026-520,Roland Garros,Clay,128,G,O,20260528,83,S0K7,,,Zachary Svajda,R,175.0,USA,23.493,85.0,696.0,W09E,,WC,Adam Walton,R,183.0,AUS,27.113,97.0,614.0,6-3 6-4 6-7(4) 6-2,5,R64,168.0,21.0,1.0,124.0,77.0,61.0,26.0,20.0,4.0,5.0,13.0,0.0,139.0,87.0,60.0,22.0,19.0,11.0,16.0
2026-520,Roland Garros,Clay,128,G,O,20260528,84,C0C8,,,Juan Manuel Cerundolo,L,183.0,ARG,24.531,56.0,935.0,S0AG,1,,Jannik Sinner,R,191.0,ITA,24.78,1.0,14750.0,3-6 2-6 7-5 6-1 6-1,5,R64,211.0,14.0,5.0,125.0,78.0,53.0,26.0,21.0,11.0,16.0,5.0,7.0,133.0,81.0,51.0,22.0,22.0,6.0,14.0
2026-520,Roland Garros,Clay,128,G,O,20260528,85,T0HA,18.0,,Learner Tien,L,180.0,USA,20.485,18.0,2180.0,D0CG,,Q,Facundo Diaz Acosta,L,183.0,ARG,25.448,151.0,407.0,7-5 4-6 3-6 7-6(4) 6-3,5,R64,241.0,9.0,9.0,168.0,125.0,79.0,15.0,25.0,11.0,19.0,7.0,6.0,171.0,131.0,78.0,18.0,27.0,6.0,15.0
2026-520,Roland Garros,Clay,128,G,O,20260528,86,AG37,4.0,,Felix Auger-Aliassime,R,193.0,CAN,25.802,6.0,4050.0,B0FV,,,Roman Andres Burruchaga,R,183.0,ARG,24.342,68.0,833.0,4-6 6-0 7-5 6-1,5,R64,186.0,7.0,8.0,114.0,75.0,64.0,14.0,18.0,6.0,8.0,3.0,6.0,105.0,66.0,39.0,18.0,17.0,3.0,10.0
2026-520,Roland Garros,Clay,128,G,O,20260528,87,TD51,19.0,,Frances Tiafoe,R,188.0,USA,28.35,22.0,1905.0,HB71,,,Hubert Hurkacz,R,196.0,POL,29.29,99.0,600.0,6-7(5) 7-6(5) 6-4 6-7(1) 6-4,5,R64,287.0,15.0,2.0,171.0,98.0,81.0,40.0,28.0,5.0,7.0,43.0,6.0,190.0,114.0,94.0,36.0,28.0,7.0,11.0
2026-520,Roland Garros,Clay,128,G,O,20260528,88,C0AU,25.0,,Francisco Cerundolo,R,185.0,ARG,27.789,26.0,1570.0,G09O,,WC,Hugo Gaston,L,173.0,FRA,25.667,118.0,533.0,2-6 6-4 6-2 6-1,5,R64,162.0,4.0,3.0,96.0,69.0,48.0,13.0,16.0,2.0,5.0,4.0,2.0,131.0,97.0,52.0,18.0,17.0,13.0,20.0
2026-520,Roland Garros,Clay,128,G,O,20260528,89,K0O4,,WC,Moise Kouame,R,191.0,FRA,17.227,318.0,165.0,V0DP,,,Adolfo Daniel Vallejo,R,183.0,PAR,22.081,71.0,786.0,6-3 7-5 3-6 2-6 7-6(8),5,R64,299.0,6.0,8.0,177.0,105.0,70.0,36.0,25.0,8.0,15.0,10.0,5.0,170.0,105.0,71.0,33.0,25.0,7.0,13.0
2026-520,Roland Garros,Clay,128,G,O,20260528,90,L0IL,,,Martin Landaluce,R,193.0,ESP,20.383,69.0,827.0,KI82,,,Vit Kopriva,R,178.0,CZE,28.95,66.0,856.0,1-6 2-6 6-4 7-5 6-0,5,R64,227.0,2.0,4.0,152.0,109.0,62.0,21.0,21.0,7.0,14.0,6.0,5.0,125.0,82.0,47.0,21.0,22.0,2.0,10.0
2026-520,Roland Garros,Clay,128,G,O,20260529,91,C0JP,,,Raphael Collignon,R,191.0,BEL,24.372,62.0,866.0,S0S1,5,,Ben Shelton,L,193.0,USA,23.636,5.0,4070.0,6-4 7-5 6-4,5,R64,123.0,6.0,1.0,79.0,49.0,43.0,21.0,16.0,0.0,0.0,10.0,2.0,89.0,58.0,40.0,20.0,16.0,3.0,6.0
2026-520,Roland Garros,Clay,128,G,O,20260529,92,C0DF,,,Francisco Comesana,R,178.0,ARG,25.643,102.0,598.0,D0FJ,14,,Luciano Darderi,R,183.0,ITA,24.285,17.0,2260.0,7-6(5) 4-6 6-4 2-6 6-4,5,R64,254.0,6.0,2.0,138.0,102.0,73.0,23.0,25.0,3.0,7.0,7.0,1.0,150.0,106.0,75.0,27.0,25.0,1.0,4.0
2026-520,Roland Garros,Clay,128,G,O,20260529,93,BK40,,,Matteo Berrettini,R,196.0,ITA,30.127,105.0,585.0,RC91,22,,Arthur Rinderknech,R,196.0,FRA,30.85,25.0,1736.0,6-4 6-4 6-4,5,R64,139.0,7.0,4.0,85.0,53.0,45.0,16.0,15.0,2.0,3.0,7.0,8.0,97.0,55.0,36.0,24.0,15.0,4.0,8.0
2026-520,Roland Garros,Clay,128,G,O,20260529,94,N0AE,31.0,,Brandon Nakashima,R,188.0,USA,24.819,35.0,1295.0,V0DZ,,,Luca Van Assche,R,178.0,FRA,22.048,100.0,599.0,6-7(5) 6-4 5-7 6-1 6-3,5,R64,278.0,12.0,0.0,145.0,91.0,75.0,24.0,25.0,5.0,8.0,7.0,10.0,158.0,84.0,61.0,34.0,25.0,7.0,14.0
2026-520,Roland Garros,Clay,128,G,O,20260529,95,A0FC,,,Matteo Arnaldi,R,185.0,ITA,25.262,104.0,586.0,TE51,,,Stefanos Tsitsipas,R,193.0,GRE,27.795,79.0,740.0,7-6(2) 5-7 6-3 6-2,5,R64,198.0,4.0,1.0,128.0,77.0,59.0,28.0,21.0,4.0,6.0,8.0,4.0,117.0,66.0,47.0,28.0,20.0,8.0,12.0
2026-520,Roland Garros,Clay,128,G,O,20260529,96,TE30,,,Alejandro Tabilo,L,188.0,CHI,28.988,36.0,1278.0,VA25,16,,Valentin Vacherot,R,193.0,MON,27.532,19.0,2103.0,W/O,5,R64,,,,,,,,,,,,,,,,,,,
2026-520,Roland Garros,Clay,128,G,O,20260529,97,RE44,11.0,,Andrey Rublev,R,188.0,RUS,28.605,13.0,2460.0,BT72,,,Nuno Borges,R,185.0,POR,29.27,51.0,970.0,7-5 7-6(2) 7-6(2),5,R32,163.0,12.0,3.0,115.0,72.0,54.0,24.0,18.0,3.0,5.0,6.0,1.0,114.0,79.0,56.0,19.0,18.0,7.0,10.0
2026-520,Roland Garros,Clay,128,G,O,20260529,98,CD85,,,Pablo Carreno Busta,R,188.0,ESP,34.88,89.0,685.0,T0A1,,,Thiago Agustin Tirante,R,185.0,ARG,25.133,60.0,887.0,7-6(0) 7-5 3-6 6-4,5,R32,216.0,10.0,2.0,126.0,89.0,64.0,21.0,22.0,5.0,9.0,9.0,4.0,143.0,101.0,60.0,22.0,21.0,12.0,16.0
2026-520,Roland Garros,Clay,128,G,O,20260529,99,J0DZ,27.0,,Rafael Jodar,R,191.0,ESP,19.696,29.0,1461.0,M0QI,,,Alex Michelsen,R,193.0,USA,21.758,42.0,1115.0,7-6(2) 6-7(5) 4-6 6-3 6-3,5,R32,257.0,13.0,11.0,161.0,114.0,81.0,20.0,26.0,5.0,11.0,7.0,5.0,187.0,129.0,82.0,25.0,26.0,8.0,16.0
2026-520,Roland Garros,Clay,128,G,O,20260529,100,M0NI,26.0,,Jakub Mensik,R,196.0,CZE,20.739,27.0,1550.0,DH58,8,,Alex de Minaur,R,183.0,AUS,27.277,7.0,3855.0,0-6 6-2 6-2 6-3,5,R32,147.0,6.0,5.0,95.0,50.0,33.0,21.0,16.0,2.0,7.0,2.0,4.0,89.0,55.0,29.0,16.0,15.0,7.0,14.0
2026-520,Roland Garros,Clay,128,G,O,20260529,101,D0C1,,LL,Jesper de Jong,R,180.0,NED,25.993,106.0,580.0,KE29,13,,Karen Khachanov,R,198.0,RUS,30.021,15.0,2320.0,7-5 5-7 6-2 6-7(2) 6-2,5,R32,262.0,17.0,9.0,166.0,116.0,92.0,18.0,26.0,10.0,13.0,15.0,2.0,149.0,117.0,76.0,19.0,26.0,5.0,12.0
2026-520,Roland Garros,Clay,128,G,O,20260529,102,F0FV,28.0,,Joao Fonseca,R,188.0,BRA,19.77,30.0,1435.0,D643,3,,Novak Djokovic,R,188.0,SRB,39.02,4.0,4460.0,4-6 4-6 6-3 7-5 7-5,5,R32,297.0,11.0,1.0,170.0,126.0,87.0,19.0,27.0,11.0,16.0,8.0,1.0,161.0,114.0,78.0,25.0,26.0,9.0,15.0
2026-520,Roland Garros,Clay,128,G,O,20260529,103,RH16,15.0,,Casper Ruud,R,183.0,NOR,27.433,16.0,2275.0,PL56,24,,Tommy Paul,R,185.0,USA,29.032,21.0,1945.0,4-6 6-7(4) 6-4 7-6(4) 7-5,5,R32,287.0,17.0,9.0,194.0,125.0,93.0,35.0,28.0,12.0,14.0,14.0,5.0,161.0,95.0,75.0,38.0,28.0,0.0,3.0
2026-520,Roland Garros,Clay,128,G,O,20260530,104,Z355,2.0,,Alexander Zverev,R,198.0,GER,29.109,3.0,5705.0,HB64,,,Quentin Halys,R,191.0,FRA,29.591,90.0,678.0,6-4 6-3 5-7 6-2,5,R32,190.0,6.0,7.0,107.0,75.0,53.0,19.0,19.0,2.0,5.0,7.0,2.0,139.0,99.0,56.0,22.0,20.0,10.0,17.0
2026-520,Roland Garros,Clay,128,G,O,20260530,105,C0E9,10.0,,Flavio Cobolli,R,183.0,ITA,24.066,14.0,2340.0,T0HA,18,,Learner Tien,L,180.0,USA,20.49,18.0,2180.0,6-2 6-2 6-3,5,R32,109.0,7.0,2.0,67.0,38.0,31.0,16.0,12.0,3.0,4.0,3.0,7.0,86.0,47.0,26.0,17.0,13.0,6.0,13.0
2026-520,Roland Garros,Clay,128,G,O,20260530,106,S0K7,,,Zachary Svajda,R,175.0,USA,23.499,85.0,696.0,C0AU,25,,Francisco Cerundolo,R,185.0,ARG,27.795,26.0,1570.0,6-3 6-4 3-6 4-6 6-3,5,R32,185.0,10.0,3.0,149.0,86.0,65.0,30.0,24.0,6.0,11.0,13.0,3.0,125.0,80.0,58.0,22.0,23.0,3.0,9.0
2026-520,Roland Garros,Clay,128,G,O,20260530,107,BK40,,,Matteo Berrettini,R,196.0,ITA,30.13,105.0,585.0,C0DF,,,Francisco Comesana,R,178.0,ARG,25.645,102.0,598.0,7-6(3) 5-7 6-7(4) 6-4 7-6(13),5,R32,316.0,20.0,3.0,191.0,124.0,100.0,37.0,29.0,5.0,8.0,20.0,7.0,198.0,148.0,112.0,24.0,29.0,10.0,13.0
2026-520,Roland Garros,Clay,128,G,O,20260530,108,A0FC,,,Matteo Arnaldi,R,185.0,ITA,25.265,104.0,586.0,C0JP,,,Raphael Collignon,R,191.0,BEL,24.375,62.0,866.0,6-4 6-7(5) 5-7 6-4 7-6(4),5,R32,303.0,14.0,5.0,181.0,112.0,85.0,37.0,28.0,7.0,11.0,17.0,10.0,193.0,130.0,97.0,29.0,28.0,8.0,13.0
2026-520,Roland Garros,Clay,128,G,O,20260530,109,C0C8,,,Juan Manuel Cerundolo,L,183.0,ARG,24.537,56.0,935.0,L0IL,,,Martin Landaluce,R,193.0,ESP,20.389,69.0,827.0,6-4 6-7(7) 7-6(4) 6-7(4) 7-6(8),5,R32,358.0,16.0,4.0,229.0,180.0,121.0,23.0,29.0,13.0,17.0,6.0,8.0,213.0,159.0,108.0,21.0,29.0,9.0,14.0
2026-520,Roland Garros,Clay,128,G,O,20260530,110,TE30,,,Alejandro Tabilo,L,188.0,CHI,28.991,36.0,1278.0,K0O4,,WC,Moise Kouame,R,191.0,FRA,17.232,318.0,165.0,4-6 6-3 6-4 7-6(9),5,R32,223.0,17.0,3.0,129.0,79.0,60.0,27.0,21.0,6.0,10.0,13.0,11.0,154.0,95.0,65.0,27.0,20.0,12.0,17.0
2026-520,Roland Garros,Clay,128,G,O,20260531,111,AG37,4.0,,Felix Auger-Aliassime,R,193.0,CAN,25.81,6.0,4050.0,N0AE,31,,Brandon Nakashima,R,188.0,USA,24.824,35.0,1295.0,5-7 6-1 7-6(4) 7-6(1),5,R32,231.0,15.0,0.0,145.0,107.0,81.0,18.0,22.0,5.0,8.0,8.0,1.0,123.0,87.0,66.0,15.0,21.0,2.0,6.0
2026-520,Roland Garros,Clay,128,G,O,20260531,112,TD51,19.0,,Frances Tiafoe,R,188.0,USA,28.359,22.0,1905.0,F0F2,,Q,Jaime Faria,R,188.0,POR,22.817,115.0,548.0,4-6 6-7(2) 7-6(4) 6-1 6-2,5,R32,245.0,15.0,5.0,159.0,93.0,73.0,29.0,24.0,5.0,9.0,26.0,7.0,156.0,105.0,72.0,24.0,25.0,7.0,15.0
2026-520,Roland Garros,Clay,128,G,O,20260531,113,J0DZ,27.0,,Rafael Jodar,R,191.0,ESP,19.702,29.0,1461.0,CD85,,,Pablo Carreno Busta,R,188.0,ESP,34.886,89.0,685.0,4-6 4-6 6-1 6-2 6-2,5,R16,222.0,3.0,3.0,147.0,100.0,67.0,26.0,22.0,10.0,14.0,3.0,3.0,129.0,91.0,55.0,15.0,21.0,3.0,11.0
2026-520,Roland Garros,Clay,128,G,O,20260531,114,Z355,2.0,,Alexander Zverev,R,198.0,GER,29.112,3.0,5705.0,D0C1,,LL,Jesper de Jong,R,180.0,NED,25.999,106.0,580.0,7-6(3) 6-4 6-1,5,R16,136.0,4.0,2.0,84.0,64.0,51.0,13.0,15.0,1.0,2.0,3.0,4.0,82.0,54.0,35.0,11.0,14.0,3.0,7.0
2026-520,Roland Garros,Clay,128,G,O,20260531,115,M0NI,26.0,,Jakub Mensik,R,196.0,CZE,20.745,27.0,1550.0,RE44,11,,Andrey Rublev,R,188.0,RUS,28.611,13.0,2460.0,6-3 7-6(6) 4-6 2-6 6-3,5,R16,228.0,13.0,9.0,153.0,102.0,77.0,22.0,25.0,10.0,15.0,8.0,4.0,169.0,108.0,76.0,29.0,23.0,14.0,18.0
2026-520,Roland Garros,Clay,128,G,O,20260601,116,F0FV,28.0,,Joao Fonseca,R,188.0,BRA,19.778,30.0,1435.0,RH16,15,,Casper Ruud,R,183.0,NOR,27.441,16.0,2275.0,7-5 7-6(8) 5-7 6-2,5,R16,238.0,2.0,0.0,141.0,107.0,77.0,17.0,22.0,7.0,9.0,7.0,4.0,159.0,120.0,81.0,19.0,22.0,9.0,13.0
2026-520,Roland Garros,Clay,128,G,O,20260601,117,C0E9,10.0,,Flavio Cobolli,R,183.0,ITA,24.071,14.0,2340.0,S0K7,,,Zachary Svajda,R,175.0,USA,23.504,85.0,696.0,6-2 6-3 6-7(3) 7-6(5),5,R16,201.0,8.0,2.0,139.0,74.0,51.0,38.0,20.0,5.0,8.0,8.0,5.0,139.0,81.0,52.0,29.0,21.0,10.0,17.0
2026-520,Roland Garros,Clay,128,G,O,20260601,118,AG37,4.0,,Felix Auger-Aliassime,R,193.0,CAN,25.812,6.0,4050.0,TE30,,,Alejandro Tabilo,L,188.0,CHI,28.997,36.0,1278.0,6-3 7-5 6-1,5,R16,128.0,17.0,2.0,88.0,60.0,48.0,16.0,14.0,3.0,3.0,5.0,2.0,84.0,55.0,32.0,18.0,14.0,1.0,6.0
2026-520,Roland Garros,Clay,128,G,O,20260601,119,BK40,,,Matteo Berrettini,R,196.0,ITA,30.136,105.0,585.0,C0C8,,,Juan Manuel Cerundolo,L,183.0,ARG,24.542,56.0,935.0,6-3 7-6(2) 7-6(6),5,R16,149.0,5.0,1.0,107.0,76.0,64.0,15.0,17.0,1.0,2.0,16.0,4.0,93.0,42.0,24.0,41.0,16.0,3.0,5.0
2026-520,Roland Garros,Clay,128,G,O,20260602,120,A0FC,,,Matteo Arnaldi,R,185.0,ITA,25.273,104.0,586.0,TD51,19,,Frances Tiafoe,R,188.0,USA,28.364,22.0,1905.0,7-6(5) 6-7(5) 3-6 7-6(3) 6-4,5,R16,330.0,18.0,5.0,214.0,139.0,91.0,33.0,27.0,17.0,25.0,8.0,8.0,199.0,110.0,68.0,44.0,28.0,8.0,16.0
2026-520,Roland Garros,Clay,128,G,O,20260602,121,Z355,2.0,,Alexander Zverev,R,198.0,GER,29.117,3.0,5705.0,J0DZ,27,,Rafael Jodar,R,191.0,ESP,19.707,29.0,1461.0,7-6(3) 6-1 6-3,5,QF,148.0,7.0,0.0,90.0,72.0,51.0,11.0,14.0,5.0,6.0,1.0,0.0,102.0,76.0,42.0,15.0,14.0,6.0,11.0
2026-520,Roland Garros,Clay,128,G,O,20260602,122,M0NI,26.0,,Jakub Mensik,R,196.0,CZE,20.75,27.0,1550.0,F0FV,28,,Joao Fonseca,R,188.0,BRA,19.781,30.0,1435.0,6-4 6-3 7-6(3),5,QF,167.0,11.0,4.0,101.0,66.0,55.0,11.0,15.0,3.0,5.0,6.0,4.0,127.0,91.0,56.0,20.0,16.0,16.0,21.0
2026-520,Roland Garros,Clay,128,G,O,20260603,123,C0E9,10.0,,Flavio Cobolli,R,183.0,ITA,24.077,14.0,2340.0,AG37,4,,Felix Auger-Aliassime,R,193.0,CAN,25.818,6.0,4050.0,4-6 6-4 6-4 6-4,5,QF,206.0,8.0,2.0,131.0,81.0,56.0,27.0,20.0,8.0,11.0,7.0,4.0,121.0,89.0,61.0,17.0,20.0,5.0,10.0
2026-520,Roland Garros,Clay,128,G,O,20260603,124,A0FC,,,Matteo Arnaldi,R,185.0,ITA,25.276,104.0,586.0,BK40,,,Matteo Berrettini,R,196.0,ITA,30.141,105.0,585.0,7-5 5-2 RET,5,QF,117.0,1.0,3.0,56.0,36.0,23.0,12.0,10.0,0.0,3.0,4.0,1.0,87.0,57.0,34.0,10.0,9.0,10.0,15.0
2026-520,Roland Garros,Clay,128,G,O,20260605,125,Z355,2.0,,Alexander Zverev,R,198.0,GER,29.125,3.0,5705.0,M0NI,26,,Jakub Mensik,R,196.0,CZE,20.758,27.0,1550.0,7-5 6-2 3-6 6-3,5,SF,181.0,8.0,2.0,104.0,79.0,62.0,15.0,19.0,3.0,4.0,4.0,5.0,122.0,81.0,58.0,18.0,19.0,3.0,7.0
2026-520,Roland Garros,Clay,128,G,O,20260605,126,C0E9,10.0,,Flavio Cobolli,R,183.0,ITA,24.082,14.0,2340.0,A0FC,,,Matteo Arnaldi,R,185.0,ITA,25.281,104.0,586.0,W/O,5,SF,,,,,,,,,,,,,,,,,,,
2026-520,Roland Garros,Clay,128,G,O,20260607,127,Z355,2.0,,Alexander Zverev,R,198.0,GER,29.131,3.0,5705.0,C0E9,10,,Flavio Cobolli,R,183.0,ITA,24.088,14.0,2340.0,6-1 4-6 6-4 6-7(5) 6-1,5,F,259.0,6.0,9.0,143.0,108.0,79.0,15.0,22.0,5.0,8.0,6.0,3.0,155.0,82.0,52.0,35.0,24.0,12.0,21.0
2026-321,Stuttgart,Grass,28,250,O,20260608,1,L0IL,,,Martin Landaluce,R,193.0,ESP,20.413,58.0,919.0,H996,,Q,Pierre-Hugues Herbert,R,188.0,FRA,35.225,232.0,249.0,5-7 6-3 6-4,3,R32,138.0,7.0,6.0,100.0,58.0,43.0,21.0,16.0,3.0,6.0,13.0,12.0,89.0,54.0,44.0,11.0,15.0,2.0,6.0
2026-321,Stuttgart,Grass,28,250,O,20260608,2,B0GG,,,Mattia Bellucci,L,175.0,ITA,25.018,78.0,777.0,DH50,7,,Alejandro Davidovich Fokina,R,180.0,ESP,27.009,22.0,1860.0,6-2 6-7(5) 6-1,3,R32,120.0,13.0,4.0,91.0,53.0,37.0,26.0,14.0,3.0,4.0,8.0,1.0,86.0,59.0,33.0,16.0,13.0,5.0,10.0
2026-440,'s-Hertogenbosch,Grass,28,250,O,20260608,1,BM95,,Q,Benjamin Bonzi,R,183.0,FRA,29.996,99.0,629.0,R0KD,,WC,Mees Rottgering,L,180.0,NED,18.921,464.0,101.0,6-4 6-4,3,R32,81.0,6.0,2.0,57.0,38.0,29.0,8.0,10.0,0.0,2.0,2.0,3.0,58.0,34.0,20.0,11.0,10.0,5.0,9.0
2026-440,'s-Hertogenbosch,Grass,28,250,O,20260608,2,BT72,,,Nuno Borges,R,185.0,POR,29.298,50.0,970.0,A0GC,,,Terence Atmane,L,193.0,FRA,24.411,53.0,948.0,6-4 6-4,3,R32,66.0,2.0,0.0,47.0,32.0,28.0,12.0,10.0,0.0,0.0,13.0,2.0,61.0,37.0,30.0,9.0,10.0,4.0,6.0
2026-321,Stuttgart,Grass,28,250,O,20260608,3,O0A2,,Q,Gauthier Onclin,R,180.0,BEL,25.279,186.0,318.0,M0CI,,,Fabian Marozsan,R,193.0,HUN,26.667,61.0,895.0,7-6(6) 6-3,3,R32,96.0,4.0,2.0,69.0,40.0,33.0,16.0,11.0,4.0,5.0,11.0,1.0,72.0,43.0,36.0,8.0,10.0,2.0,4.0
2026-440,'s-Hertogenbosch,Grass,28,250,O,20260608,3,HH26,5.0,,Ugo Humbert,L,188.0,FRA,27.951,33.0,1370.0,Y218,,Q,Elias Ymer,R,185.0,SWE,30.16,184.0,328.0,6-4 6-3,3,R32,62.0,6.0,5.0,46.0,26.0,25.0,15.0,10.0,0.0,0.0,4.0,0.0,50.0,33.0,24.0,8.0,9.0,0.0,2.0
2026-440,'s-Hertogenbosch,Grass,28,250,O,20260608,4,C977,,,Marin Cilic,R,198.0,CRO,37.692,47.0,994.0,SU55,7,,Denis Shapovalov,L,185.0,CAN,27.149,42.0,1130.0,6-7(5) 6-4 7-5,3,R32,163.0,5.0,3.0,102.0,62.0,47.0,18.0,17.0,2.0,7.0,9.0,8.0,105.0,63.0,38.0,22.0,17.0,3.0,10.0
2026-321,Stuttgart,Grass,28,250,O,20260609,4,H997,,,Yannick Hanfmann,R,193.0,GER,34.571,59.0,906.0,K0AZ,,,Aleksandar Kovacevic,R,183.0,USA,27.778,69.0,837.0,7-6(5) 7-6(4),3,R32,110.0,22.0,4.0,86.0,49.0,44.0,19.0,12.0,4.0,4.0,18.0,4.0,84.0,54.0,44.0,15.0,12.0,4.0,4.0
2026-321,Stuttgart,Grass,28,250,O,20260609,5,GC88,,,Marcos Giron,R,180.0,USA,32.876,88.0,705.0,BD06,,,Roberto Bautista Agut,R,183.0,ESP,38.152,116.0,542.0,7-6(3) 7-5,3,R32,101.0,15.0,0.0,75.0,51.0,41.0,14.0,12.0,3.0,4.0,4.0,1.0,72.0,48.0,33.0,16.0,12.0,4.0,6.0
2026-321,Stuttgart,Grass,28,250,O,20260609,6,SY67,,Q,Sho Shimabukuro,R,180.0,JPN,28.86,104.0,604.0,HB64,,,Quentin Halys,R,191.0,FRA,29.618,92.0,678.0,6-4 6-2,3,R32,56.0,6.0,1.0,44.0,24.0,21.0,12.0,9.0,0.0,1.0,8.0,4.0,56.0,32.0,19.0,11.0,9.0,4.0,8.0
2026-440,'s-Hertogenbosch,Grass,28,250,O,20260609,5,D0DT,,Q,Martin Damm,L,203.0,USA,,114.0,548.0,MU94,,,Jaume Munar,R,183.0,ESP,29.095,44.0,1105.0,6-4 6-4,3,R32,73.0,12.0,1.0,59.0,41.0,33.0,10.0,10.0,1.0,1.0,7.0,1.0,54.0,36.0,32.0,5.0,10.0,1.0,3.0
2026-321,Stuttgart,Grass,28,250,O,20260609,7,TD51,6.0,,Frances Tiafoe,R,188.0,USA,28.383,26.0,1705.0,AE14,,,Daniel Altmaier,R,188.0,GER,27.74,85.0,740.0,7-6(3) 4-6 6-4,3,R32,146.0,6.0,3.0,96.0,63.0,50.0,18.0,16.0,7.0,9.0,15.0,6.0,110.0,67.0,53.0,19.0,16.0,9.0,11.0
2026-321,Stuttgart,Grass,28,250,O,20260609,8,D994,,,James Duckworth,R,183.0,AUS,34.382,79.0,762.0,D0LJ,,WC,Diego Dedura,L,180.0,GER,18.242,262.0,209.0,6-4 6-3,3,R32,73.0,7.0,0.0,55.0,31.0,27.0,15.0,10.0,1.0,1.0,0.0,2.0,61.0,42.0,28.0,9.0,9.0,7.0,9.0
2026-321,Stuttgart,Grass,28,250,O,20260609,9,H0BH,,,Rinky Hijikata,R,178.0,AUS,25.29,106.0,593.0,G0IB,,WC,Tom Gentzsch,R,191.0,GER,22.76,229.0,254.0,6-7(7) 7-6(2) 6-3,3,R32,140.0,5.0,5.0,112.0,66.0,53.0,29.0,17.0,4.0,5.0,25.0,1.0,108.0,78.0,65.0,8.0,16.0,5.0,7.0
2026-321,Stuttgart,Grass,28,250,O,20260609,10,SL28,,,Jan-Lennard Struff,R,193.0,GER,36.123,77.0,779.0,GK06,,Q,Alexis Galarneau,R,180.0,CAN,27.272,187.0,316.0,6-2 6-7(5) 6-3,3,R32,126.0,12.0,5.0,94.0,51.0,41.0,28.0,15.0,2.0,2.0,12.0,4.0,85.0,48.0,36.0,19.0,14.0,2.0,5.0
2026-321,Stuttgart,Grass,28,250,O,20260609,11,M0GZ,,,Giovanni Mpetshi Perricard,R,203.0,FRA,22.921,93.0,670.0,SX50,,LL,Roman Safiullin,R,185.0,RUS,28.838,135.0,460.0,7-5 6-7(4) 7-6(4),3,R32,140.0,28.0,4.0,108.0,75.0,61.0,18.0,18.0,0.0,1.0,12.0,4.0,113.0,79.0,61.0,18.0,18.0,3.0,5.0
2026-440,'s-Hertogenbosch,Grass,28,250,O,20260609,6,Z371,,,Zhizhen Zhang,R,193.0,CHN,29.645,214.0,269.0,B0CD,,,Jenson Brooksby,R,193.0,USA,25.618,73.0,825.0,7-6(4) 5-7 6-1,3,R32,137.0,14.0,2.0,110.0,71.0,56.0,16.0,16.0,6.0,9.0,5.0,2.0,92.0,61.0,39.0,15.0,15.0,2.0,6.0
2026-440,'s-Hertogenbosch,Grass,28,250,O,20260609,7,ME82,,,Adrian Mannarino,L,180.0,FRA,37.944,46.0,1031.0,D0F6,,,Gabriel Diallo,R,203.0,CAN,24.706,54.0,935.0,6-4 3-6 7-5,3,R32,150.0,4.0,4.0,89.0,48.0,32.0,24.0,15.0,5.0,9.0,7.0,2.0,100.0,73.0,46.0,11.0,16.0,8.0,13.0
2026-321,Stuttgart,Grass,28,250,O,20260610,12,B0GG,,,Mattia Bellucci,L,175.0,ITA,25.024,78.0,777.0,H997,,,Yannick Hanfmann,R,193.0,GER,34.574,59.0,906.0,7-5 6-7(4) 6-2,3,R16,149.0,13.0,6.0,102.0,67.0,50.0,22.0,16.0,6.0,6.0,12.0,1.0,98.0,60.0,46.0,20.0,16.0,6.0,9.0
2026-321,Stuttgart,Grass,28,250,O,20260610,13,M0GZ,,,Giovanni Mpetshi Perricard,R,203.0,FRA,22.924,93.0,670.0,O0A2,,Q,Gauthier Onclin,R,180.0,BEL,25.284,186.0,318.0,7-6(1) 6-2,3,R16,78.0,21.0,2.0,65.0,52.0,39.0,6.0,10.0,1.0,2.0,0.0,5.0,63.0,38.0,26.0,9.0,10.0,6.0,9.0
2026-321,Stuttgart,Grass,28,250,O,20260610,14,KE17,,WC,Nick Kyrgios,R,193.0,AUS,31.121,1092.0,10.0,MW02,8,,Corentin Moutet,L,180.0,FRA,27.143,36.0,1283.0,6-3 6-4,3,R32,68.0,8.0,1.0,57.0,48.0,40.0,3.0,10.0,0.0,0.0,5.0,2.0,50.0,28.0,23.0,10.0,9.0,1.0,3.0
2026-440,'s-Hertogenbosch,Grass,28,250,O,20260610,8,M0OQ,,Q,James McCabe,R,188.0,AUS,22.932,233.0,248.0,BU13,8,,Zizou Bergs,R,185.0,BEL,27.02,40.0,1150.0,6-7(2) 6-2 7-6(4),3,R32,161.0,4.0,2.0,117.0,80.0,60.0,16.0,16.0,7.0,8.0,11.0,3.0,93.0,56.0,46.0,17.0,16.0,2.0,5.0
2026-440,'s-Hertogenbosch,Grass,28,250,O,20260610,9,B0T6,,WC,Thijs Boogaard,R,183.0,,17.93,779.0,37.0,WB32,,,Yibing Wu,R,183.0,CHN,26.656,101.0,626.0,6-3 2-6 6-4,3,R32,115.0,11.0,5.0,87.0,54.0,42.0,17.0,14.0,6.0,8.0,5.0,3.0,79.0,46.0,40.0,13.0,13.0,4.0,6.0
2026-440,'s-Hertogenbosch,Grass,28,250,O,20260610,10,MQ75,,,Kamil Majchrzak,R,183.0,POL,30.407,76.0,782.0,V0AM,,WC,Otto Virtanen,R,193.0,FIN,24.969,158.0,393.0,6-7(7) 6-4 7-6(4),3,R32,143.0,9.0,2.0,117.0,78.0,60.0,21.0,17.0,3.0,5.0,14.0,3.0,113.0,74.0,52.0,19.0,17.0,2.0,5.0
2026-440,'s-Hertogenbosch,Grass,28,250,O,20260610,11,F724,,,Marton Fucsovics,R,188.0,HUN,34.335,75.0,819.0,HB71,,,Hubert Hurkacz,R,196.0,POL,29.325,96.0,640.0,3-6 7-6(5) 7-6(4),3,R32,127.0,6.0,1.0,100.0,62.0,50.0,27.0,16.0,3.0,4.0,15.0,3.0,120.0,77.0,60.0,26.0,17.0,7.0,7.0
2026-440,'s-Hertogenbosch,Grass,28,250,O,20260610,12,GJ37,6.0,,Tallon Griekspoor,R,188.0,NED,29.938,41.0,1150.0,V812,,,Botic van de Zandschulp,R,191.0,NED,30.683,55.0,935.0,6-2 6-7(2) 6-4,3,R32,134.0,8.0,3.0,104.0,69.0,46.0,20.0,15.0,4.0,6.0,12.0,4.0,100.0,67.0,42.0,14.0,15.0,5.0,10.0
2026-321,Stuttgart,Grass,28,250,O,20260610,15,BK92,3.0,,Alexander Bublik,R,196.0,KAZ,28.98,11.0,2930.0,SL28,,,Jan-Lennard Struff,R,193.0,GER,36.126,77.0,779.0,7-6(3) 3-6 6-2,3,R16,103.0,22.0,2.0,76.0,48.0,45.0,15.0,14.0,2.0,3.0,17.0,5.0,99.0,54.0,44.0,22.0,15.0,5.0,7.0
2026-440,'s-Hertogenbosch,Grass,28,250,O,20260610,13,DH58,2.0,,Alex de Minaur,R,183.0,AUS,27.31,6.0,3905.0,D0DT,,Q,Martin Damm,L,203.0,USA,,114.0,548.0,7-6(8) 7-5,3,R16,111.0,7.0,1.0,74.0,41.0,30.0,22.0,12.0,1.0,3.0,6.0,4.0,89.0,61.0,40.0,13.0,12.0,11.0,14.0
2026-321,Stuttgart,Grass,28,250,O,20260611,16,L0BV,4.0,,Jiri Lehecka,R,185.0,CZE,24.589,12.0,2575.0,D994,,,James Duckworth,R,183.0,AUS,34.387,79.0,762.0,6-7(8) 6-4 7-6(3),3,R16,146.0,16.0,2.0,105.0,67.0,56.0,27.0,17.0,2.0,2.0,11.0,5.0,114.0,70.0,52.0,29.0,17.0,1.0,2.0
2026-321,Stuttgart,Grass,28,250,O,20260611,17,TD51,6.0,,Frances Tiafoe,R,188.0,USA,28.389,26.0,1705.0,H0BH,,,Rinky Hijikata,R,178.0,AUS,25.295,106.0,593.0,6-4 6-4,3,R16,79.0,4.0,0.0,60.0,38.0,25.0,15.0,10.0,1.0,3.0,5.0,4.0,59.0,35.0,22.0,13.0,10.0,3.0,7.0
2026-440,'s-Hertogenbosch,Grass,28,250,O,20260611,14,ME82,,,Adrian Mannarino,L,180.0,FRA,37.949,46.0,1031.0,RC91,4,,Arthur Rinderknech,R,196.0,FRA,30.886,24.0,1776.0,7-6(5) 3-6 6-3,3,R16,160.0,6.0,5.0,105.0,72.0,54.0,16.0,15.0,7.0,9.0,15.0,1.0,98.0,59.0,47.0,21.0,15.0,6.0,8.0
2026-440,'s-Hertogenbosch,Grass,28,250,O,20260611,15,BM95,,Q,Benjamin Bonzi,R,183.0,FRA,30.004,99.0,629.0,HH26,5,,Ugo Humbert,L,188.0,FRA,27.959,33.0,1370.0,6-4 3-6 6-3,3,R16,115.0,6.0,1.0,84.0,55.0,44.0,13.0,14.0,2.0,3.0,7.0,5.0,82.0,50.0,40.0,16.0,14.0,4.0,6.0
2026-440,'s-Hertogenbosch,Grass,28,250,O,20260611,16,Z371,,PR,Zhizhen Zhang,R,193.0,CHN,29.651,214.0,269.0,GJ37,6,,Tallon Griekspoor,R,188.0,NED,29.941,41.0,1150.0,7-6(5) 6-4,3,R16,91.0,11.0,0.0,68.0,48.0,37.0,15.0,11.0,2.0,2.0,2.0,3.0,73.0,51.0,38.0,12.0,11.0,2.0,3.0
2026-440,'s-Hertogenbosch,Grass,28,250,O,20260611,17,MQ75,,,Kamil Majchrzak,R,183.0,POL,30.409,76.0,782.0,M0OQ,,Q,James McCabe,R,188.0,AUS,22.935,233.0,248.0,6-0 6-3,3,R16,54.0,4.0,0.0,43.0,27.0,22.0,12.0,8.0,1.0,1.0,3.0,1.0,42.0,25.0,13.0,7.0,7.0,3.0,7.0
2026-321,Stuttgart,Grass,28,250,O,20260611,18,SY67,,Q,Sho Shimabukuro,R,180.0,JPN,28.865,104.0,604.0,KE17,,WC,Nick Kyrgios,R,193.0,AUS,31.124,1092.0,10.0,4-6 7-6(5) 6-4,3,R16,112.0,13.0,5.0,96.0,55.0,48.0,22.0,16.0,0.0,1.0,22.0,2.0,94.0,71.0,56.0,11.0,16.0,0.0,1.0
2026-440,'s-Hertogenbosch,Grass,28,250,O,20260611,18,AG37,1.0,,Felix Auger-Aliassime,R,193.0,CAN,25.84,4.0,4440.0,F724,,,Marton Fucsovics,R,188.0,HUN,34.338,75.0,819.0,6-3 6-4,3,R16,73.0,6.0,3.0,60.0,40.0,30.0,12.0,10.0,0.0,0.0,1.0,8.0,56.0,36.0,26.0,8.0,9.0,2.0,4.0
2026-321,Stuttgart,Grass,28,250,O,20260612,19,FB98,2.0,,Taylor Fritz,R,196.0,USA,28.621,9.0,3720.0,L0IL,,,Martin Landaluce,R,193.0,ESP,20.424,58.0,919.0,6-7(4) 7-5 7-6(3),3,R16,151.0,25.0,5.0,118.0,82.0,67.0,18.0,18.0,4.0,5.0,14.0,7.0,116.0,74.0,59.0,21.0,18.0,4.0,6.0
2026-321,Stuttgart,Grass,28,250,O,20260612,20,BK92,3.0,,Alexander Bublik,R,196.0,KAZ,28.986,11.0,2930.0,M0GZ,,,Giovanni Mpetshi Perricard,R,203.0,FRA,22.93,93.0,670.0,7-6(5) 7-6(3),3,QF,88.0,11.0,3.0,76.0,57.0,49.0,13.0,12.0,0.0,0.0,19.0,0.0,77.0,54.0,41.0,16.0,12.0,0.0,0.0
2026-321,Stuttgart,Grass,28,250,O,20260612,21,S0S1,1.0,,Ben Shelton,L,193.0,USA,23.674,5.0,3920.0,GC88,,,Marcos Giron,R,180.0,USA,32.884,88.0,705.0,6-7(4) 6-4 7-6(5),3,R16,158.0,14.0,2.0,112.0,77.0,55.0,25.0,17.0,5.0,6.0,11.0,2.0,104.0,65.0,51.0,22.0,17.0,1.0,3.0
2026-440,'s-Hertogenbosch,Grass,28,250,O,20260612,19,MQ75,,,Kamil Majchrzak,R,183.0,POL,30.412,76.0,782.0,AG37,1,,Felix Auger-Aliassime,R,193.0,CAN,25.843,4.0,4440.0,6-4 6-3,3,QF,69.0,2.0,0.0,47.0,32.0,26.0,14.0,10.0,0.0,0.0,6.0,2.0,51.0,32.0,25.0,9.0,9.0,1.0,3.0
2026-440,'s-Hertogenbosch,Grass,28,250,O,20260612,20,DH58,2.0,,Alex de Minaur,R,183.0,AUS,27.316,6.0,3905.0,BM95,,Q,Benjamin Bonzi,R,183.0,FRA,30.007,99.0,629.0,6-2 6-4,3,QF,68.0,4.0,2.0,52.0,34.0,25.0,12.0,9.0,1.0,1.0,2.0,2.0,54.0,33.0,23.0,8.0,9.0,4.0,7.0
2026-440,'s-Hertogenbosch,Grass,28,250,O,20260612,21,ME82,,,Adrian Mannarino,L,180.0,FRA,37.952,46.0,1031.0,Z371,,PR,Zhizhen Zhang,R,193.0,CHN,29.654,214.0,269.0,7-6(4) 6-3,3,QF,104.0,12.0,0.0,69.0,47.0,42.0,9.0,11.0,2.0,2.0,5.0,1.0,62.0,44.0,33.0,8.0,10.0,1.0,2.0
2026-440,'s-Hertogenbosch,Grass,28,250,O,20260612,22,MM58,3.0,,Daniil Medvedev,R,198.0,RUS,30.333,8.0,3760.0,B0T6,,WC,Thijs Boogaard,R,183.0,,17.936,779.0,37.0,6-3 4-6 7-6(6),3,R16,153.0,15.0,5.0,92.0,58.0,47.0,17.0,15.0,3.0,5.0,4.0,3.0,126.0,84.0,55.0,21.0,16.0,9.0,12.0
2026-440,'s-Hertogenbosch,Grass,28,250,O,20260612,23,C977,,,Marin Cilic,R,198.0,CRO,37.703,47.0,994.0,BT72,,,Nuno Borges,R,185.0,POR,29.309,50.0,970.0,3-6 7-6(5) 6-3,3,R16,138.0,17.0,7.0,108.0,65.0,50.0,20.0,16.0,5.0,8.0,13.0,2.0,83.0,54.0,42.0,13.0,14.0,0.0,2.0
2026-321,Stuttgart,Grass,28,250,O,20260612,22,FB98,2.0,,Taylor Fritz,R,196.0,USA,28.621,9.0,3720.0,B0GG,,,Mattia Bellucci,L,175.0,ITA,25.029,78.0,777.0,5-7 7-5 7-5,3,QF,146.0,11.0,1.0,101.0,72.0,60.0,15.0,18.0,2.0,3.0,9.0,5.0,115.0,73.0,54.0,22.0,18.0,7.0,9.0
2026-321,Stuttgart,Grass,28,250,O,20260612,23,L0BV,4.0,,Jiri Lehecka,R,185.0,CZE,24.591,12.0,2575.0,TD51,6,,Frances Tiafoe,R,188.0,USA,28.392,26.0,1705.0,6-4 7-6(4),3,QF,85.0,12.0,0.0,65.0,38.0,34.0,18.0,11.0,3.0,3.0,4.0,2.0,68.0,47.0,34.0,13.0,11.0,4.0,5.0
2026-321,Stuttgart,Grass,28,250,O,20260613,24,FB98,2.0,,Taylor Fritz,R,196.0,USA,28.624,9.0,3720.0,BK92,3,,Alexander Bublik,R,196.0,KAZ,28.988,11.0,2930.0,6-4 6-4,3,SF,68.0,13.0,4.0,62.0,40.0,31.0,12.0,10.0,2.0,3.0,6.0,5.0,56.0,40.0,28.0,5.0,10.0,0.0,3.0
2026-321,Stuttgart,Grass,28,250,O,20260613,25,S0S1,1.0,,Ben Shelton,L,193.0,USA,23.677,5.0,3920.0,SY67,,Q,Sho Shimabukuro,R,180.0,JPN,28.871,104.0,604.0,4-6 6-3 6-4,3,QF,103.0,10.0,4.0,78.0,56.0,47.0,13.0,15.0,1.0,2.0,10.0,3.0,79.0,51.0,42.0,12.0,14.0,3.0,5.0
2026-440,'s-Hertogenbosch,Grass,28,250,O,20260613,24,DH58,2.0,,Alex de Minaur,R,183.0,AUS,27.318,6.0,3905.0,ME82,,,Adrian Mannarino,L,180.0,FRA,37.955,46.0,1031.0,6-4 6-0,3,SF,80.0,5.0,4.0,51.0,29.0,21.0,10.0,8.0,2.0,4.0,0.0,1.0,59.0,42.0,16.0,8.0,8.0,5.0,11.0
2026-440,'s-Hertogenbosch,Grass,28,250,O,20260613,25,MM58,3.0,,Daniil Medvedev,R,198.0,RUS,30.335,8.0,3760.0,C977,,,Marin Cilic,R,198.0,CRO,37.706,47.0,994.0,6-2 3-6 6-1,3,QF,110.0,4.0,2.0,62.0,42.0,32.0,11.0,12.0,3.0,5.0,5.0,1.0,91.0,60.0,36.0,12.0,12.0,6.0,11.0
2026-321,Stuttgart,Grass,28,250,O,20260613,26,S0S1,1.0,,Ben Shelton,L,193.0,USA,23.677,5.0,3920.0,L0BV,4,,Jiri Lehecka,R,185.0,CZE,24.594,12.0,2575.0,6-7(4) 7-6(14) 7-6(6),3,SF,172.0,21.0,2.0,123.0,90.0,68.0,25.0,18.0,4.0,4.0,17.0,2.0,137.0,89.0,72.0,24.0,18.0,5.0,5.0
2026-440,'s-Hertogenbosch,Grass,28,250,O,20260613,26,MQ75,,,Kamil Majchrzak,R,183.0,POL,30.415,76.0,782.0,MM58,3,,Daniil Medvedev,R,198.0,RUS,30.335,8.0,3760.0,7-6(4) 6-1,3,SF,88.0,1.0,1.0,61.0,41.0,30.0,12.0,9.0,2.0,2.0,8.0,7.0,77.0,45.0,33.0,10.0,10.0,3.0,6.0
2026-321,Stuttgart,Grass,28,250,O,20260614,27,S0S1,1.0,,Ben Shelton,L,193.0,USA,23.68,5.0,3920.0,FB98,2,,Taylor Fritz,R,196.0,USA,28.627,9.0,3720.0,6-4 2-6 6-4,3,F,108.0,9.0,4.0,89.0,62.0,46.0,11.0,14.0,9.0,11.0,14.0,0.0,68.0,44.0,37.0,16.0,14.0,1.0,3.0
2026-440,'s-Hertogenbosch,Grass,28,250,O,20260614,27,MQ75,,,Kamil Majchrzak,R,183.0,POL,30.418,76.0,782.0,DH58,2,,Alex de Minaur,R,183.0,AUS,27.321,6.0,3905.0,6-3 2-6 7-6(5),3,F,145.0,4.0,1.0,106.0,73.0,47.0,14.0,15.0,2.0,6.0,3.0,4.0,100.0,56.0,33.0,29.0,14.0,6.0,9.0
2026-500,Halle,Grass,32,500,O,20260615,1,T0HA,,,Learner Tien,L,180.0,USA,20.534,19.0,2270.0,S0VU,,WC,Max Schoenhaus,R,180.0,GER,18.872,336.0,158.0,6-2 6-4,3,R32,65.0,6.0,2.0,50.0,32.0,25.0,13.0,9.0,2.0,2.0,7.0,5.0,66.0,38.0,25.0,12.0,9.0,7.0,10.0
2026-311,Queen's Club,Grass,32,500,O,20260615,1,PL56,8.0,,Tommy Paul,R,185.0,USA,29.079,28.0,1645.0,S0K7,,LL,Zachary Svajda,R,175.0,USA,23.543,69.0,835.0,7-5 6-3,3,R32,85.0,15.0,3.0,68.0,38.0,33.0,16.0,11.0,5.0,5.0,2.0,3.0,65.0,34.0,27.0,14.0,10.0,1.0,3.0
2026-311,Queen's Club,Grass,32,500,O,20260615,2,SU55,,,Denis Shapovalov,L,185.0,CAN,27.168,41.0,1130.0,P0HT,,WC,Jack Pinnington Jones,R,180.0,GBR,23.211,147.0,409.0,6-4 4-6 7-6(3),3,R32,138.0,8.0,4.0,85.0,55.0,43.0,18.0,16.0,3.0,6.0,3.0,6.0,115.0,79.0,57.0,13.0,16.0,5.0,8.0
2026-311,Queen's Club,Grass,32,500,O,20260615,3,V812,,,Botic van de Zandschulp,R,191.0,NED,30.697,56.0,935.0,W0AH,,Q,Harry Wendelken,R,178.0,GBR,24.49,224.0,258.0,6-4 7-6(5),3,R32,114.0,8.0,4.0,74.0,51.0,42.0,10.0,11.0,6.0,7.0,1.0,3.0,85.0,49.0,32.0,21.0,11.0,7.0,9.0
2026-500,Halle,Grass,32,500,O,20260615,2,TD51,,,Frances Tiafoe,R,188.0,USA,28.4,26.0,1730.0,C0E9,6,,Flavio Cobolli,R,183.0,ITA,24.11,10.0,3540.0,6-2 7-6(4),3,R32,84.0,9.0,0.0,58.0,42.0,34.0,11.0,10.0,0.0,0.0,9.0,1.0,68.0,40.0,30.0,12.0,10.0,3.0,5.0
2026-500,Halle,Grass,32,500,O,20260615,3,AG37,2.0,,Felix Auger-Aliassime,R,193.0,CAN,25.851,4.0,4390.0,BT72,,,Nuno Borges,R,185.0,POR,29.317,54.0,945.0,6-3 3-6 6-3,3,R32,113.0,9.0,2.0,77.0,52.0,44.0,13.0,14.0,1.0,2.0,5.0,0.0,78.0,59.0,41.0,11.0,13.0,1.0,3.0
2026-500,Halle,Grass,32,500,O,20260615,4,AE14,,WC,Daniel Altmaier,R,188.0,GER,27.756,81.0,740.0,BG23,,Q,Nikoloz Basilashvili,R,185.0,GEO,34.308,118.0,529.0,7-5 6-4,3,R32,85.0,13.0,0.0,59.0,42.0,35.0,9.0,11.0,1.0,2.0,7.0,5.0,68.0,39.0,28.0,12.0,11.0,7.0,10.0
2026-500,Halle,Grass,32,500,O,20260615,5,A0GC,,,Terence Atmane,L,193.0,FRA,24.43,53.0,948.0,L0IL,,Q,Martin Landaluce,R,193.0,ESP,20.433,55.0,936.0,6-3 3-6 7-6(2),3,R32,138.0,10.0,2.0,93.0,68.0,52.0,16.0,15.0,5.0,6.0,12.0,1.0,92.0,57.0,45.0,21.0,15.0,5.0,6.0
2026-311,Queen's Club,Grass,32,500,O,20260616,4,ME82,,,Adrian Mannarino,L,180.0,FRA,37.963,44.0,1099.0,M0NI,3,,Jakub Mensik,R,196.0,CZE,20.789,16.0,2300.0,5-7 7-6(3) 7-6(5),3,R32,161.0,5.0,3.0,112.0,68.0,49.0,27.0,18.0,6.0,10.0,19.0,4.0,105.0,70.0,53.0,19.0,18.0,2.0,5.0
2026-311,Queen's Club,Grass,32,500,O,20260616,5,B0ID,,,Ignacio Buse,R,183.0,PER,22.226,35.0,1316.0,GC88,,,Marcos Giron,R,180.0,USA,32.895,86.0,705.0,3-6 7-5 7-6(8),3,R32,154.0,2.0,1.0,108.0,60.0,42.0,32.0,16.0,6.0,8.0,7.0,2.0,112.0,73.0,54.0,22.0,17.0,5.0,7.0
2026-311,Queen's Club,Grass,32,500,O,20260616,6,F0DM,,WC,Arthur Fery,R,175.0,GBR,23.929,140.0,441.0,S0TM,,WC,Toby Samuel,R,191.0,GBR,23.775,144.0,414.0,6-0 6-2,3,R32,61.0,4.0,0.0,40.0,24.0,21.0,10.0,7.0,1.0,1.0,7.0,2.0,60.0,40.0,21.0,6.0,7.0,10.0,15.0
2026-311,Queen's Club,Grass,32,500,O,20260616,7,N0AE,,,Brandon Nakashima,R,188.0,USA,24.868,32.0,1385.0,F724,,,Marton Fucsovics,R,188.0,HUN,34.352,76.0,781.0,6-3 6-3,3,R32,71.0,6.0,2.0,50.0,38.0,34.0,3.0,9.0,0.0,0.0,4.0,4.0,52.0,32.0,23.0,7.0,9.0,3.0,6.0
2026-500,Halle,Grass,32,500,O,20260616,6,B0GG,,Q,Mattia Bellucci,L,175.0,ITA,25.04,74.0,814.0,BK92,7,,Alexander Bublik,R,196.0,KAZ,28.997,11.0,3020.0,7-6(6) 6-1,3,R32,74.0,9.0,3.0,62.0,43.0,32.0,11.0,10.0,1.0,2.0,6.0,1.0,55.0,38.0,23.0,9.0,9.0,0.0,3.0
2026-500,Halle,Grass,32,500,O,20260616,7,HB71,,PR,Hubert Hurkacz,R,196.0,POL,29.342,103.0,615.0,RE44,8,,Andrey Rublev,R,188.0,RUS,28.654,13.0,2460.0,6-3 6-2,3,R32,68.0,11.0,1.0,43.0,29.0,26.0,10.0,9.0,0.0,0.0,5.0,11.0,64.0,27.0,18.0,17.0,8.0,6.0,9.0
2026-500,Halle,Grass,32,500,O,20260616,8,C0JP,,Q,Raphael Collignon,R,191.0,BEL,24.422,51.0,966.0,P09Z,,,Alexei Popyrin,R,196.0,AUS,26.864,90.0,680.0,6-4 6-2,3,R32,65.0,6.0,4.0,53.0,33.0,29.0,9.0,9.0,1.0,1.0,5.0,3.0,43.0,25.0,16.0,12.0,9.0,2.0,5.0
2026-500,Halle,Grass,32,500,O,20260616,9,H997,,,Yannick Hanfmann,R,193.0,GER,34.59,59.0,915.0,F0FV,,,Joao Fonseca,R,188.0,BRA,19.819,25.0,1735.0,6-2 6-2,3,R32,65.0,4.0,2.0,44.0,32.0,28.0,5.0,8.0,0.0,0.0,2.0,0.0,57.0,35.0,16.0,14.0,8.0,5.0,9.0
2026-500,Halle,Grass,32,500,O,20260616,10,Q02L,,,Ethan Quinn,R,191.0,USA,22.261,66.0,854.0,KE29,,,Karen Khachanov,R,198.0,RUS,30.07,18.0,2280.0,1-6 6-4 6-4,3,R32,120.0,6.0,9.0,80.0,48.0,37.0,13.0,14.0,4.0,7.0,8.0,3.0,82.0,47.0,33.0,21.0,13.0,4.0,6.0
2026-500,Halle,Grass,32,500,O,20260616,11,SY67,,SE,Sho Shimabukuro,R,180.0,JPN,28.879,97.0,651.0,GJ37,,,Tallon Griekspoor,R,188.0,NED,29.955,40.0,1165.0,6-4 3-6 6-4,3,R32,128.0,5.0,4.0,76.0,39.0,30.0,23.0,14.0,4.0,6.0,19.0,6.0,115.0,70.0,49.0,19.0,15.0,8.0,11.0
2026-500,Halle,Grass,32,500,O,20260616,12,MM58,4.0,,Daniil Medvedev,R,198.0,RUS,30.344,7.0,3810.0,EA24,,,Tomas Martin Etcheverry,R,196.0,ARG,26.913,30.0,1510.0,6-3 6-4,3,R32,88.0,8.0,2.0,65.0,44.0,32.0,12.0,10.0,7.0,8.0,3.0,1.0,59.0,37.0,23.0,10.0,9.0,4.0,7.0
2026-500,Halle,Grass,32,500,O,20260616,13,Z355,1.0,,Alexander Zverev,R,198.0,GER,29.155,3.0,7190.0,KI82,,,Vit Kopriva,R,178.0,CZE,29.002,64.0,856.0,6-3 4-6 6-2,3,R32,129.0,16.0,1.0,76.0,54.0,44.0,13.0,14.0,1.0,2.0,12.0,4.0,103.0,65.0,44.0,16.0,13.0,11.0,14.0
2026-500,Halle,Grass,32,500,O,20260616,14,M0CI,,,Fabian Marozsan,R,193.0,HUN,26.689,61.0,895.0,KI95,,,Miomir Kecmanovic,R,183.0,SRB,26.793,50.0,980.0,6-3 3-6 6-4,3,R32,120.0,7.0,3.0,95.0,66.0,49.0,16.0,14.0,7.0,8.0,5.0,2.0,93.0,66.0,46.0,15.0,14.0,13.0,15.0
2026-311,Queen's Club,Grass,32,500,O,20260616,8,L0BV,2.0,,Jiri Lehecka,R,185.0,CZE,24.602,12.0,2640.0,MQ75,,,Kamil Majchrzak,R,183.0,POL,30.423,47.0,1032.0,7-5 7-6(4),3,R32,112.0,8.0,2.0,66.0,40.0,34.0,17.0,12.0,0.0,1.0,5.0,1.0,99.0,57.0,37.0,22.0,12.0,6.0,8.0
2026-311,Queen's Club,Grass,32,500,O,20260616,9,DH58,1.0,,Alex de Minaur,R,183.0,AUS,27.326,6.0,4060.0,D0F6,,,Gabriel Diallo,R,203.0,CAN,24.726,84.0,710.0,7-6(8) 6-3,3,R32,122.0,2.0,2.0,68.0,35.0,25.0,22.0,11.0,0.0,2.0,4.0,7.0,99.0,55.0,39.0,16.0,10.0,7.0,10.0
2026-311,Queen's Club,Grass,32,500,O,20260616,10,DH50,4.0,,Alejandro Davidovich Fokina,R,180.0,ESP,27.031,22.0,1860.0,N771,,,Cameron Norrie,L,188.0,GBR,30.815,29.0,1595.0,7-6(6) 6-2,3,R32,90.0,6.0,0.0,66.0,37.0,29.0,13.0,10.0,5.0,7.0,5.0,2.0,61.0,38.0,25.0,9.0,10.0,3.0,7.0
2026-311,Queen's Club,Grass,32,500,O,20260616,11,M0JF,,,Hamad Medjedovic,R,188.0,SRB,22.913,67.0,844.0,RC91,6,,Arthur Rinderknech,R,196.0,FRA,30.899,24.0,1776.0,7-6(5) 7-6(4),3,R32,103.0,3.0,4.0,81.0,54.0,43.0,16.0,12.0,0.0,0.0,16.0,2.0,73.0,44.0,37.0,17.0,12.0,0.0,0.0
2026-311,Queen's Club,Grass,32,500,O,20260616,12,C0AU,7.0,,Francisco Cerundolo,R,185.0,ARG,27.841,27.0,1660.0,K0AZ,,LL,Aleksandar Kovacevic,R,183.0,USA,27.797,68.0,837.0,6-4 6-7(5) 6-2,3,R32,119.0,10.0,4.0,84.0,47.0,39.0,24.0,15.0,1.0,2.0,10.0,3.0,95.0,56.0,46.0,16.0,15.0,5.0,9.0
2026-311,Queen's Club,Grass,32,500,O,20260616,13,B0CD,,,Jenson Brooksby,R,193.0,USA,25.637,73.0,817.0,D0DT,,Q,Martin Damm,L,203.0,USA,,108.0,586.0,6-4 3-6 6-3,3,R32,109.0,8.0,0.0,80.0,57.0,40.0,16.0,14.0,3.0,5.0,8.0,3.0,82.0,55.0,39.0,14.0,14.0,4.0,7.0
2026-311,Queen's Club,Grass,32,500,O,20260616,14,H0BH,,Q,Rinky Hijikata,R,178.0,AUS,25.309,104.0,605.0,TE30,,,Alejandro Tabilo,L,188.0,CHI,29.038,31.0,1428.0,6-2 6-4,3,R32,65.0,8.0,0.0,51.0,35.0,30.0,8.0,9.0,1.0,1.0,3.0,2.0,52.0,29.0,23.0,6.0,9.0,2.0,5.0
2026-311,Queen's Club,Grass,32,500,O,20260616,15,HH26,,,Ugo Humbert,L,188.0,FRA,27.973,33.0,1360.0,C977,,,Marin Cilic,R,198.0,CRO,37.714,46.0,1036.0,7-5 6-3,3,R32,81.0,18.0,3.0,60.0,38.0,34.0,13.0,11.0,3.0,3.0,7.0,1.0,52.0,33.0,25.0,10.0,10.0,2.0,4.0
2026-311,Queen's Club,Grass,32,500,O,20260616,16,MW02,,,Corentin Moutet,L,180.0,FRA,27.159,36.0,1283.0,M0GZ,,Q,Giovanni Mpetshi Perricard,R,203.0,FRA,22.94,87.0,695.0,6-7(5) 6-4 7-6(5),3,R32,170.0,3.0,1.0,108.0,75.0,56.0,25.0,17.0,3.0,3.0,14.0,2.0,106.0,65.0,57.0,21.0,17.0,5.0,6.0
2026-311,Queen's Club,Grass,32,500,O,20260617,17,DH58,1.0,,Alex de Minaur,R,183.0,AUS,27.329,6.0,4060.0,SU55,,,Denis Shapovalov,L,185.0,CAN,27.173,41.0,1130.0,6-4 6-1,3,R16,64.0,0.0,2.0,48.0,31.0,22.0,10.0,8.0,3.0,4.0,7.0,9.0,54.0,32.0,22.0,7.0,9.0,6.0,11.0
2026-311,Queen's Club,Grass,32,500,O,20260617,18,N0AE,,,Brandon Nakashima,R,188.0,USA,24.871,32.0,1385.0,B0ID,,,Ignacio Buse,R,183.0,PER,22.229,35.0,1316.0,6-2 6-2,3,R16,77.0,3.0,0.0,48.0,31.0,22.0,10.0,8.0,1.0,2.0,2.0,1.0,55.0,28.0,17.0,9.0,8.0,5.0,10.0
2026-500,Halle,Grass,32,500,O,20260617,15,TD51,,,Frances Tiafoe,R,188.0,USA,28.405,26.0,1730.0,SY67,,SE,Sho Shimabukuro,R,180.0,JPN,28.882,97.0,651.0,6-4 7-5,3,R16,88.0,4.0,1.0,62.0,35.0,29.0,15.0,11.0,2.0,3.0,4.0,5.0,76.0,42.0,32.0,13.0,11.0,7.0,10.0
2026-500,Halle,Grass,32,500,O,20260617,16,S0S1,3.0,,Ben Shelton,L,193.0,USA,23.688,5.0,4070.0,SU87,,,Lorenzo Sonego,R,191.0,ITA,31.102,65.0,855.0,7-5 6-3,3,R32,79.0,5.0,5.0,57.0,37.0,33.0,9.0,11.0,1.0,2.0,2.0,1.0,53.0,34.0,23.0,11.0,10.0,3.0,6.0
2026-500,Halle,Grass,32,500,O,20260617,17,FB98,5.0,,Taylor Fritz,R,196.0,USA,28.635,9.0,3635.0,BU13,,,Zizou Bergs,R,185.0,BEL,27.039,48.0,1010.0,7-6(4) 5-7 6-4,3,R32,133.0,16.0,3.0,96.0,58.0,46.0,24.0,17.0,4.0,6.0,15.0,7.0,110.0,62.0,47.0,27.0,17.0,3.0,5.0
2026-311,Queen's Club,Grass,32,500,O,20260617,19,C0AU,7.0,,Francisco Cerundolo,R,185.0,ARG,27.844,27.0,1660.0,B0CD,,,Jenson Brooksby,R,193.0,USA,25.64,73.0,817.0,6-0 6-4,3,R16,84.0,2.0,3.0,47.0,29.0,20.0,11.0,8.0,3.0,4.0,3.0,0.0,70.0,46.0,24.0,9.0,8.0,8.0,13.0
2026-311,Queen's Club,Grass,32,500,O,20260617,20,F0DM,,WC,Arthur Fery,R,175.0,GBR,23.932,140.0,441.0,ME82,,,Adrian Mannarino,L,180.0,FRA,37.966,44.0,1099.0,7-6(7) 6-4,3,R16,104.0,4.0,1.0,60.0,40.0,35.0,10.0,11.0,0.0,1.0,3.0,1.0,67.0,41.0,28.0,18.0,11.0,4.0,6.0
2026-500,Halle,Grass,32,500,O,20260617,18,AG37,2.0,,Felix Auger-Aliassime,R,193.0,CAN,25.856,4.0,4390.0,T0HA,,,Learner Tien,L,180.0,USA,20.539,19.0,2270.0,6-7(5) 7-5 7-6(5),3,R16,151.0,22.0,1.0,104.0,73.0,64.0,16.0,18.0,2.0,3.0,5.0,4.0,121.0,75.0,57.0,24.0,18.0,4.0,6.0
2026-500,Halle,Grass,32,500,O,20260617,19,AE14,,WC,Daniel Altmaier,R,188.0,GER,27.762,81.0,740.0,HB71,,PR,Hubert Hurkacz,R,196.0,POL,29.344,103.0,615.0,3-6 6-3 7-5,3,R16,121.0,6.0,4.0,97.0,66.0,52.0,14.0,15.0,6.0,7.0,16.0,5.0,78.0,54.0,45.0,12.0,15.0,5.0,7.0
2026-500,Halle,Grass,32,500,O,20260617,20,MM58,4.0,,Daniil Medvedev,R,198.0,RUS,30.346,7.0,3810.0,A0GC,,,Terence Atmane,L,193.0,FRA,24.435,53.0,948.0,6-4 6-4,3,R16,85.0,3.0,2.0,56.0,31.0,28.0,14.0,10.0,5.0,5.0,4.0,0.0,56.0,39.0,28.0,10.0,10.0,4.0,6.0
2026-500,Halle,Grass,32,500,O,20260618,21,S0S1,3.0,,Ben Shelton,L,193.0,USA,23.691,5.0,4070.0,Q02L,,,Ethan Quinn,R,191.0,USA,22.267,66.0,854.0,6-4 5-7 6-4,3,R16,137.0,16.0,3.0,87.0,63.0,49.0,13.0,16.0,4.0,6.0,8.0,8.0,99.0,64.0,45.0,19.0,16.0,11.0,14.0
2026-500,Halle,Grass,32,500,O,20260618,22,FB98,5.0,,Taylor Fritz,R,196.0,USA,28.638,9.0,3635.0,M0CI,,,Fabian Marozsan,R,193.0,HUN,26.694,61.0,895.0,6-2 6-4,3,R16,66.0,16.0,1.0,46.0,32.0,30.0,6.0,9.0,1.0,2.0,3.0,3.0,63.0,45.0,30.0,4.0,9.0,4.0,8.0
2026-311,Queen's Club,Grass,32,500,O,20260618,21,PL56,8.0,,Tommy Paul,R,185.0,USA,29.087,28.0,1645.0,V812,,,Botic Van De Zandschulp,R,191.0,NED,30.705,56.0,935.0,7-6(5) 6-3,3,R16,101.0,7.0,2.0,60.0,39.0,30.0,10.0,10.0,0.0,2.0,3.0,3.0,89.0,51.0,33.0,17.0,11.0,5.0,9.0
2026-311,Queen's Club,Grass,32,500,O,20260618,22,DH50,4.0,,Alejandro Davidovich Fokina,R,180.0,ESP,27.036,22.0,1860.0,MW02,,,Corentin Moutet,L,180.0,FRA,27.165,36.0,1283.0,6-4 6-3,3,R16,99.0,0.0,2.0,61.0,45.0,31.0,9.0,9.0,5.0,6.0,1.0,0.0,64.0,38.0,20.0,14.0,10.0,5.0,9.0
2026-500,Halle,Grass,32,500,O,20260618,23,Z355,1.0,,Alexander Zverev,R,198.0,GER,29.161,3.0,7190.0,H997,,,Yannick Hanfmann,R,193.0,GER,34.595,59.0,915.0,6-3 7-6(4),3,R16,81.0,9.0,1.0,59.0,44.0,41.0,9.0,11.0,0.0,0.0,10.0,1.0,56.0,39.0,35.0,8.0,10.0,1.0,2.0
2026-500,Halle,Grass,32,500,O,20260618,24,C0JP,,Q,Raphael Collignon,R,191.0,BEL,24.427,51.0,966.0,B0GG,,Q,Mattia Bellucci,L,175.0,ITA,25.046,74.0,814.0,4-6 6-4 6-3,3,R16,115.0,5.0,5.0,86.0,49.0,40.0,21.0,15.0,2.0,3.0,5.0,2.0,81.0,46.0,32.0,22.0,14.0,6.0,8.0
2026-311,Queen's Club,Grass,32,500,O,20260618,23,H0BH,,Q,Rinky Hijikata,R,178.0,AUS,25.314,104.0,605.0,L0BV,2,,Jiri Lehecka,R,185.0,CZE,24.608,12.0,2640.0,4-6 7-5 7-6(7),3,R16,167.0,9.0,1.0,115.0,73.0,50.0,21.0,17.0,5.0,8.0,10.0,1.0,102.0,63.0,49.0,16.0,17.0,3.0,6.0
2026-311,Queen's Club,Grass,32,500,O,20260619,24,N0AE,,,Brandon Nakashima,R,188.0,USA,24.876,32.0,1385.0,DH58,1,,Alex de Minaur,R,183.0,AUS,27.335,6.0,4060.0,7-5 6-3,3,QF,92.0,7.0,0.0,71.0,45.0,33.0,17.0,11.0,2.0,2.0,3.0,1.0,52.0,30.0,23.0,13.0,10.0,0.0,2.0
2026-311,Queen's Club,Grass,32,500,O,20260619,25,HH26,,,Ugo Humbert,L,188.0,FRA,27.981,33.0,1360.0,M0JF,,,Hamad Medjedovic,R,188.0,SRB,22.921,67.0,844.0,2-6 7-6(4) 7-6(5),3,R16,138.0,16.0,5.0,106.0,56.0,49.0,26.0,16.0,7.0,9.0,14.0,1.0,102.0,75.0,64.0,14.0,16.0,1.0,1.0
2026-500,Halle,Grass,32,500,O,20260619,25,Z355,1.0,,Alexander Zverev,R,198.0,GER,29.164,3.0,7190.0,C0JP,,Q,Raphael Collignon,R,191.0,BEL,24.43,51.0,966.0,7-6(10) 7-6(2),3,QF,119.0,14.0,0.0,80.0,61.0,50.0,15.0,12.0,1.0,1.0,14.0,5.0,91.0,66.0,53.0,12.0,12.0,2.0,2.0
2026-500,Halle,Grass,32,500,O,20260619,26,FB98,5.0,,Taylor Fritz,R,196.0,USA,28.641,9.0,3635.0,S0S1,3,,Ben Shelton,L,193.0,USA,23.693,5.0,4070.0,6-7(5) 7-6(8) 7-6(3),3,QF,165.0,24.0,1.0,120.0,93.0,74.0,17.0,18.0,4.0,4.0,15.0,5.0,123.0,81.0,62.0,26.0,18.0,0.0,0.0
2026-311,Queen's Club,Grass,32,500,O,20260619,26,C0AU,7.0,,Francisco Cerundolo,R,185.0,ARG,27.849,27.0,1660.0,F0DM,,,Arthur Fery,R,175.0,GBR,23.937,140.0,441.0,7-6(1) 3-6 6-4,3,QF,157.0,2.0,8.0,117.0,61.0,41.0,26.0,15.0,15.0,20.0,1.0,1.0,100.0,61.0,35.0,22.0,16.0,7.0,12.0
2026-500,Halle,Grass,32,500,O,20260619,27,AE14,,,Daniel Altmaier,R,188.0,GER,27.767,81.0,740.0,MM58,4,,Daniil Medvedev,R,198.0,RUS,30.352,7.0,3810.0,6-4 6-7(6) 6-4,3,QF,165.0,15.0,7.0,125.0,75.0,57.0,22.0,16.0,5.0,6.0,5.0,4.0,95.0,59.0,40.0,23.0,16.0,2.0,5.0
2026-311,Queen's Club,Grass,32,500,O,20260619,27,HH26,,,Ugo Humbert,L,188.0,FRA,27.981,33.0,1360.0,H0BH,,Q,Rinky Hijikata,R,178.0,AUS,25.317,104.0,605.0,6-1 6-2,3,QF,64.0,11.0,1.0,51.0,37.0,28.0,8.0,8.0,3.0,3.0,1.0,1.0,43.0,28.0,16.0,5.0,7.0,5.0,9.0
2026-311,Queen's Club,Grass,32,500,O,20260619,28,PL56,8.0,,Tommy Paul,R,185.0,USA,29.09,28.0,1645.0,DH50,4,,Alejandro Davidovich Fokina,R,180.0,ESP,27.039,22.0,1860.0,6-3 7-6(4),3,QF,87.0,8.0,2.0,70.0,41.0,34.0,16.0,11.0,2.0,2.0,2.0,0.0,56.0,39.0,30.0,10.0,10.0,0.0,1.0
2026-500,Halle,Grass,32,500,O,20260619,28,TD51,,,Frances Tiafoe,R,188.0,USA,28.411,26.0,1730.0,AG37,2,,Felix Auger-Aliassime,R,193.0,CAN,25.862,4.0,4390.0,3-6 6-3 7-6(12),3,QF,152.0,5.0,3.0,109.0,73.0,51.0,22.0,15.0,7.0,9.0,25.0,3.0,101.0,70.0,57.0,12.0,15.0,3.0,5.0
2026-311,Queen's Club,Grass,32,500,O,20260620,29,C0AU,7.0,,Francisco Cerundolo,R,185.0,ARG,27.852,27.0,1660.0,N0AE,,,Brandon Nakashima,R,188.0,USA,24.879,32.0,1385.0,6-7(5) 6-3 6-4,3,SF,161.0,9.0,8.0,115.0,56.0,40.0,26.0,16.0,1.0,5.0,3.0,3.0,99.0,63.0,44.0,13.0,15.0,4.0,10.0
2026-500,Halle,Grass,32,500,O,20260620,29,FB98,5.0,,Taylor Fritz,R,196.0,USA,28.643,9.0,3635.0,Z355,1,,Alexander Zverev,R,198.0,GER,29.166,3.0,7190.0,6-7(4) 6-4 7-5,3,SF,159.0,19.0,2.0,98.0,67.0,57.0,17.0,17.0,1.0,2.0,11.0,2.0,95.0,59.0,49.0,17.0,17.0,3.0,6.0
2026-311,Queen's Club,Grass,32,500,O,20260620,30,PL56,8.0,,Tommy Paul,R,185.0,USA,29.092,28.0,1645.0,HH26,,,Ugo Humbert,L,188.0,FRA,27.984,33.0,1360.0,6-3 6-3,3,SF,77.0,3.0,0.0,53.0,32.0,24.0,11.0,9.0,1.0,2.0,2.0,2.0,56.0,35.0,23.0,9.0,9.0,2.0,6.0
2026-500,Halle,Grass,32,500,O,20260620,30,TD51,,,Frances Tiafoe,R,188.0,USA,28.413,26.0,1730.0,AE14,,WC,Daniel Altmaier,R,188.0,GER,27.77,81.0,740.0,6-1 6-3,3,SF,73.0,3.0,1.0,52.0,34.0,25.0,12.0,8.0,1.0,1.0,5.0,3.0,53.0,31.0,20.0,9.0,8.0,0.0,4.0
2026-500,Halle,Grass,32,500,O,20260621,31,TD51,,,Frances Tiafoe,R,188.0,USA,28.416,26.0,1730.0,FB98,5,,Taylor Fritz,R,196.0,USA,28.646,9.0,3635.0,6-4 6-4,3,F,67.0,8.0,1.0,47.0,35.0,32.0,8.0,10.0,0.0,0.0,12.0,0.0,58.0,44.0,33.0,7.0,10.0,5.0,7.0
2026-311,Queen's Club,Grass,32,500,O,20260621,31,C0AU,7.0,,Francisco Cerundolo,R,185.0,ARG,27.855,27.0,1660.0,PL56,8,,Tommy Paul,R,185.0,USA,29.095,28.0,1645.0,6-7(4) 6-4 6-3,3,F,182.0,1.0,2.0,126.0,75.0,50.0,25.0,16.0,8.0,10.0,5.0,3.0,105.0,57.0,40.0,24.0,15.0,8.0,12.0
2026-8994,Mallorca,Grass,28,250,O,20260622,1,H997,,,Yannick Hanfmann,R,193.0,GER,34.606,59.0,915.0,V0DP,,,Adolfo Daniel Vallejo,R,183.0,PAR,22.149,73.0,828.0,7-6(2) 7-6(2),3,R32,116.0,4.0,5.0,75.0,46.0,34.0,17.0,12.0,1.0,3.0,6.0,2.0,84.0,56.0,43.0,10.0,12.0,5.0,7.0
2026-8994,Mallorca,Grass,28,250,O,20260622,2,SU87,,,Lorenzo Sonego,R,191.0,ITA,31.116,65.0,855.0,N0BS,7,,Mariano Navone,R,178.0,ARG,25.314,38.0,1165.0,7-6(2) 2-6 6-4,3,R32,173.0,6.0,1.0,109.0,65.0,51.0,20.0,15.0,9.0,11.0,3.0,4.0,89.0,63.0,48.0,15.0,15.0,1.0,2.0
2026-8994,Mallorca,Grass,28,250,O,20260622,3,BT72,,,Nuno Borges,R,185.0,POR,29.336,54.0,945.0,ME82,8,,Adrian Mannarino,L,180.0,FRA,37.979,44.0,1099.0,6-2 6-2,3,R32,95.0,4.0,0.0,47.0,41.0,27.0,5.0,8.0,4.0,5.0,1.0,1.0,64.0,36.0,16.0,15.0,8.0,6.0,11.0
2026-741,Eastbourne,Grass,28,250,O,20260622,1,C0C8,8.0,,Juan Manuel Cerundolo,L,183.0,ARG,24.6,45.0,1055.0,C0JP,,,Raphael Collignon,R,191.0,BEL,24.438,43.0,1069.0,6-4 4-6 7-6(5),3,R32,138.0,7.0,5.0,100.0,56.0,47.0,25.0,16.0,1.0,2.0,12.0,8.0,96.0,67.0,54.0,14.0,16.0,4.0,5.0
2026-741,Eastbourne,Grass,28,250,O,20260622,2,D0F6,,,Gabriel Diallo,R,203.0,CAN,24.742,91.0,685.0,A0GC,,,Terence Atmane,L,193.0,FRA,24.449,50.0,982.0,6-7(7) 6-4 7-5,3,R32,177.0,12.0,3.0,108.0,75.0,61.0,17.0,17.0,5.0,6.0,11.0,1.0,107.0,74.0,55.0,14.0,17.0,4.0,7.0
2026-741,Eastbourne,Grass,28,250,O,20260622,3,D0CO,,,Jack Draper,L,193.0,GBR,24.498,160.0,360.0,GC88,,LL,Marcos Giron,R,180.0,USA,32.912,86.0,705.0,6-4 7-6(5),3,R32,85.0,6.0,0.0,59.0,42.0,33.0,12.0,11.0,0.0,1.0,4.0,4.0,72.0,50.0,35.0,12.0,11.0,2.0,4.0
2026-741,Eastbourne,Grass,28,250,O,20260622,4,P0HT,,WC,Jack Pinnington Jones,R,180.0,GBR,23.231,145.0,409.0,TA29,,LL,Marco Trungelliti,R,178.0,ARG,36.389,94.0,670.0,5-7 6-3 7-5,3,R32,169.0,7.0,6.0,126.0,78.0,57.0,16.0,17.0,12.0,16.0,0.0,6.0,110.0,66.0,43.0,20.0,16.0,7.0,12.0
2026-8994,Mallorca,Grass,28,250,O,20260622,4,W09E,,Q,Adam Walton,R,183.0,AUS,27.181,92.0,676.0,KE17,,,Nick Kyrgios,R,193.0,AUS,31.154,900.0,25.0,6-3 6-4,3,R32,73.0,10.0,1.0,55.0,32.0,28.0,15.0,10.0,6.0,6.0,10.0,3.0,68.0,51.0,34.0,7.0,9.0,6.0,8.0
2026-8994,Mallorca,Grass,28,250,O,20260622,5,S0NV,,LL,Abdullah Shelbayh,L,180.0,JOR,22.598,299.0,180.0,MW02,6,,Corentin Moutet,L,180.0,FRA,27.176,36.0,1278.0,7-5 6-4,3,R32,114.0,1.0,3.0,62.0,38.0,25.0,14.0,11.0,0.0,2.0,6.0,3.0,74.0,39.0,28.0,14.0,11.0,8.0,12.0
2026-8994,Mallorca,Grass,28,250,O,20260622,6,KI95,,,Miomir Kecmanovic,R,183.0,SRB,26.809,51.0,980.0,G0IW,,LL,Antoine Ghibaudo,R,191.0,FRA,21.405,303.0,177.0,2-6 6-3 7-6(6),3,R32,139.0,6.0,3.0,91.0,58.0,44.0,18.0,15.0,1.0,3.0,8.0,8.0,105.0,58.0,45.0,22.0,14.0,6.0,7.0
2026-8994,Mallorca,Grass,28,250,O,20260622,7,M0CI,,,Fabian Marozsan,R,193.0,HUN,26.705,62.0,895.0,MV14,,Q,Alex Molcan,L,178.0,SVK,28.556,102.0,626.0,2-6 7-6(10) 7-6(5),3,R32,145.0,9.0,5.0,120.0,80.0,61.0,20.0,16.0,9.0,11.0,8.0,1.0,100.0,78.0,60.0,17.0,16.0,1.0,1.0
2026-8994,Mallorca,Grass,28,250,O,20260622,8,Q02L,,,Ethan Quinn,R,191.0,USA,22.278,63.0,894.0,R0EB,,,Valentin Royer,R,188.0,FRA,25.065,75.0,798.0,6-4 6-3,3,R32,79.0,2.0,3.0,50.0,34.0,28.0,8.0,9.0,0.0,1.0,4.0,2.0,56.0,27.0,23.0,9.0,10.0,5.0,9.0
2026-8994,Mallorca,Grass,28,250,O,20260622,9,SL28,,WC,Jan-Lennard Struff,R,193.0,GER,36.159,77.0,779.0,L0IL,,,Martin Landaluce,R,193.0,ESP,20.452,58.0,926.0,6-3 1-6 7-5,3,R32,115.0,10.0,4.0,88.0,53.0,44.0,14.0,14.0,4.0,6.0,18.0,5.0,82.0,52.0,41.0,14.0,14.0,3.0,5.0
2026-741,Eastbourne,Grass,28,250,O,20260622,5,CH12,,Q,Jan Choinski,R,196.0,GBR,30.031,106.0,601.0,P09Z,,,Alexei Popyrin,R,196.0,AUS,26.88,100.0,630.0,1-6 6-2 6-2,3,R32,98.0,9.0,1.0,72.0,46.0,35.0,10.0,11.0,8.0,10.0,13.0,4.0,69.0,39.0,29.0,11.0,12.0,4.0,8.0
2026-741,Eastbourne,Grass,28,250,O,20260622,6,BU13,,,Zizou Bergs,R,185.0,BEL,27.053,48.0,1010.0,MU94,7,,Jaume Munar,R,183.0,ESP,29.131,44.0,1065.0,6-2 6-4,3,R32,80.0,6.0,2.0,55.0,33.0,27.0,11.0,9.0,1.0,1.0,7.0,2.0,67.0,39.0,26.0,12.0,9.0,3.0,6.0
2026-741,Eastbourne,Grass,28,250,O,20260623,7,H0DC,,Q,Giles Hussey,L,185.0,GBR,29.076,293.0,183.0,A0FC,,Q,Matteo Arnaldi,R,185.0,ITA,25.331,35.0,1336.0,6-4 6-2,3,R32,87.0,1.0,3.0,48.0,32.0,24.0,11.0,9.0,0.0,1.0,4.0,5.0,72.0,32.0,21.0,17.0,9.0,8.0,12.0
2026-741,Eastbourne,Grass,28,250,O,20260623,8,B0CD,,,Jenson Brooksby,R,193.0,USA,25.656,67.0,867.0,V832,,Q,Aleksandar Vukic,R,188.0,AUS,30.212,103.0,614.0,7-5 6-1,3,R32,84.0,2.0,1.0,60.0,40.0,28.0,11.0,10.0,2.0,4.0,3.0,2.0,59.0,31.0,15.0,13.0,9.0,5.0,10.0
2026-741,Eastbourne,Grass,28,250,O,20260623,9,T0A1,,,Thiago Agustin Tirante,R,185.0,ARG,25.202,54.0,944.0,S0EX,,LL,Hamish Stewart,R,193.0,GBR,26.899,305.0,177.0,7-5 6-2,3,R32,75.0,10.0,5.0,58.0,30.0,28.0,14.0,10.0,3.0,3.0,5.0,1.0,55.0,35.0,24.0,11.0,10.0,0.0,3.0
2026-8994,Mallorca,Grass,28,250,O,20260623,10,BT72,,,Nuno Borges,R,185.0,POR,29.339,54.0,945.0,SL28,,,Jan-Lennard Struff,R,193.0,GER,36.162,77.0,779.0,6-4 7-5,3,R16,81.0,9.0,1.0,75.0,56.0,45.0,11.0,11.0,3.0,3.0,6.0,4.0,67.0,36.0,28.0,15.0,11.0,6.0,8.0
2026-8994,Mallorca,Grass,28,250,O,20260623,11,M0CI,,,Fabian Marozsan,R,193.0,HUN,26.708,62.0,895.0,TE30,4,,Alejandro Tabilo,L,188.0,CHI,29.057,33.0,1428.0,6-2 6-3,3,R16,79.0,5.0,0.0,54.0,37.0,24.0,12.0,8.0,8.0,9.0,2.0,4.0,66.0,39.0,23.0,11.0,9.0,1.0,6.0
2026-8994,Mallorca,Grass,28,250,O,20260623,12,D875,,WC,Grigor Dimitrov,R,191.0,BUL,35.105,164.0,357.0,PG94,,Q,Marc Polmans,R,188.0,AUS,29.142,366.0,140.0,6-1 7-6(3),3,R32,86.0,5.0,1.0,53.0,27.0,26.0,18.0,10.0,0.0,0.0,4.0,5.0,65.0,33.0,22.0,16.0,9.0,2.0,4.0
2026-8994,Mallorca,Grass,28,250,O,20260623,13,KI82,,,Vit Kopriva,R,178.0,CZE,29.021,68.0,856.0,D923,,Q,Damir Dzumhur,R,175.0,BIH,34.092,104.0,604.0,6-3 6-4,3,R32,80.0,5.0,2.0,59.0,36.0,31.0,12.0,10.0,4.0,4.0,3.0,0.0,53.0,36.0,23.0,10.0,9.0,1.0,3.0
2026-741,Eastbourne,Grass,28,250,O,20260623,10,AE14,,,Daniel Altmaier,R,188.0,GER,27.778,59.0,924.0,K0AZ,,,Aleksandar Kovacevic,R,183.0,USA,27.817,70.0,837.0,6-4 7-6(4),3,R32,99.0,16.0,0.0,64.0,47.0,38.0,11.0,11.0,0.0,0.0,11.0,2.0,73.0,42.0,32.0,18.0,11.0,3.0,4.0
2026-741,Eastbourne,Grass,28,250,O,20260623,11,F0DM,,WC,Arthur Fery,R,175.0,GBR,23.948,118.0,528.0,B0FV,,,Roman Andres Burruchaga,R,183.0,ARG,24.413,66.0,875.0,6-2 4-6 7-5,3,R32,137.0,6.0,4.0,85.0,49.0,34.0,24.0,15.0,4.0,6.0,2.0,5.0,100.0,73.0,49.0,11.0,15.0,3.0,7.0
2026-8994,Mallorca,Grass,28,250,O,20260623,14,KI95,,,Miomir Kecmanovic,R,183.0,SRB,26.812,51.0,980.0,SU87,,,Lorenzo Sonego,R,191.0,ITA,31.118,65.0,855.0,2-6 7-6(4) 6-4,3,R16,126.0,5.0,2.0,95.0,63.0,43.0,19.0,15.0,5.0,8.0,15.0,1.0,87.0,63.0,46.0,14.0,15.0,5.0,7.0
2026-8994,Mallorca,Grass,28,250,O,20260623,15,B0ID,5.0,,Ignacio Buse,R,183.0,PER,22.245,34.0,1360.0,TE51,,,Stefanos Tsitsipas,R,193.0,GRE,27.863,88.0,700.0,7-6(4) 6-3,3,R32,111.0,5.0,2.0,78.0,51.0,40.0,16.0,11.0,4.0,4.0,10.0,4.0,68.0,39.0,29.0,17.0,10.0,3.0,4.0
2026-741,Eastbourne,Grass,28,250,O,20260623,12,HH26,6.0,,Ugo Humbert,L,188.0,FRA,27.992,30.0,1510.0,B0GG,,,Mattia Bellucci,L,175.0,ITA,25.06,65.0,876.0,7-6(5) 6-7(1) 6-4,3,R32,161.0,8.0,1.0,113.0,62.0,42.0,33.0,17.0,3.0,4.0,11.0,2.0,103.0,65.0,48.0,23.0,17.0,0.0,2.0
2026-8994,Mallorca,Grass,28,250,O,20260623,16,D0FJ,1.0,,Luciano Darderi,R,183.0,ITA,24.353,16.0,2300.0,H997,,,Yannick Hanfmann,R,193.0,GER,34.609,59.0,915.0,7-5 6-3,3,R16,112.0,14.0,4.0,108.0,62.0,45.0,21.0,11.0,12.0,12.0,12.0,3.0,55.0,35.0,27.0,10.0,10.0,3.0,5.0
2026-741,Eastbourne,Grass,28,250,O,20260624,13,C0C8,8.0,,Juan Manuel Cerundolo,L,183.0,ARG,24.605,45.0,1055.0,F0DM,,,Arthur Fery,R,175.0,GBR,23.951,118.0,528.0,6-2 7-6(2),3,R16,89.0,6.0,4.0,71.0,41.0,31.0,17.0,10.0,2.0,3.0,1.0,2.0,58.0,40.0,28.0,8.0,10.0,4.0,7.0
2026-741,Eastbourne,Grass,28,250,O,20260624,14,HB64,,LL,Quentin Halys,R,191.0,FRA,29.659,101.0,626.0,H0DC,,Q,Giles Hussey,L,185.0,GBR,29.079,293.0,183.0,6-1 7-5,3,R16,82.0,5.0,2.0,52.0,22.0,20.0,20.0,10.0,2.0,3.0,2.0,0.0,64.0,47.0,25.0,7.0,9.0,3.0,7.0
2026-741,Eastbourne,Grass,28,250,O,20260624,15,S0TM,,LL,Toby Samuel,R,191.0,GBR,23.797,142.0,414.0,T0A1,,,Thiago Agustin Tirante,R,185.0,ARG,25.205,54.0,944.0,6-1 7-6(7),3,R16,82.0,7.0,0.0,53.0,32.0,28.0,13.0,10.0,0.0,1.0,4.0,5.0,72.0,46.0,30.0,9.0,9.0,4.0,7.0
2026-8994,Mallorca,Grass,28,250,O,20260624,17,KI82,,,Vit Kopriva,R,178.0,CZE,29.024,68.0,856.0,B0ID,5,,Ignacio Buse,R,183.0,PER,22.248,34.0,1360.0,7-5 6-1,3,R16,76.0,1.0,5.0,56.0,35.0,25.0,11.0,9.0,5.0,7.0,4.0,4.0,54.0,33.0,20.0,8.0,10.0,4.0,10.0
2026-8994,Mallorca,Grass,28,250,O,20260624,18,Q02L,,,Ethan Quinn,R,191.0,USA,22.283,63.0,894.0,C0HT,,LL,Murphy Cassone,R,188.0,USA,23.855,291.0,184.0,6-3 6-7(4) 6-3,3,R16,128.0,18.0,4.0,90.0,61.0,54.0,13.0,16.0,1.0,2.0,5.0,1.0,83.0,56.0,43.0,11.0,14.0,0.0,3.0
2026-741,Eastbourne,Grass,28,250,O,20260624,16,HH26,6.0,,Ugo Humbert,L,188.0,FRA,27.995,30.0,1510.0,B0CD,,,Jenson Brooksby,R,193.0,USA,25.659,67.0,867.0,6-3 6-2,3,R16,79.0,8.0,3.0,60.0,35.0,26.0,17.0,9.0,8.0,8.0,1.0,1.0,54.0,42.0,27.0,3.0,8.0,2.0,5.0
2026-741,Eastbourne,Grass,28,250,O,20260624,17,BU13,,,Zizou Bergs,R,185.0,BEL,27.058,48.0,1010.0,AE14,,,Daniel Altmaier,R,188.0,GER,27.781,59.0,924.0,6-3 3-2 RET,3,R16,60.0,3.0,2.0,37.0,24.0,21.0,8.0,7.0,0.0,0.0,3.0,0.0,36.0,24.0,16.0,7.0,7.0,0.0,2.0
2026-8994,Mallorca,Grass,28,250,O,20260624,19,DH50,2.0,,Alejandro Davidovich Fokina,R,180.0,ESP,27.053,25.0,1910.0,W09E,,Q,Adam Walton,R,183.0,AUS,27.187,92.0,676.0,6-4 7-5,3,R16,87.0,6.0,1.0,52.0,28.0,24.0,20.0,11.0,0.0,0.0,4.0,1.0,72.0,45.0,32.0,14.0,11.0,4.0,6.0
2026-741,Eastbourne,Grass,28,250,O,20260624,18,D0F6,,,Gabriel Diallo,R,203.0,CAN,24.747,91.0,685.0,EA24,4,,Tomas Martin Etcheverry,R,196.0,ARG,26.935,32.0,1460.0,6-7(11) 6-3 6-2,3,R16,158.0,14.0,1.0,87.0,65.0,56.0,13.0,15.0,1.0,1.0,10.0,1.0,105.0,82.0,51.0,15.0,14.0,9.0,12.0
2026-741,Eastbourne,Grass,28,250,O,20260624,19,CH12,,Q,Jan Choinski,R,196.0,GBR,30.037,106.0,601.0,G0EU,,LL,Felix Gill,L,175.0,GBR,24.063,220.0,260.0,6-4 6-7(4) 6-2,3,R16,135.0,13.0,1.0,86.0,57.0,46.0,20.0,15.0,1.0,1.0,12.0,1.0,100.0,62.0,43.0,20.0,15.0,3.0,6.0
2026-741,Eastbourne,Grass,28,250,O,20260624,20,D0CO,,,Jack Draper,L,193.0,GBR,24.504,160.0,360.0,P0HT,,WC,Jack Pinnington Jones,R,180.0,GBR,23.236,145.0,409.0,7-5 6-4,3,R16,90.0,6.0,1.0,63.0,48.0,38.0,8.0,11.0,2.0,3.0,6.0,2.0,64.0,41.0,28.0,12.0,11.0,1.0,4.0
2026-8994,Mallorca,Grass,28,250,O,20260624,20,D875,,,Grigor Dimitrov,R,191.0,BUL,35.107,164.0,357.0,S0NV,,,Abdullah Shelbayh,L,180.0,JOR,22.604,299.0,180.0,6-2 6-4,3,R16,95.0,6.0,2.0,59.0,30.0,20.0,20.0,9.0,7.0,8.0,1.0,6.0,70.0,40.0,26.0,10.0,9.0,9.0,13.0
2026-741,Eastbourne,Grass,28,250,O,20260625,21,S0TM,,LL,Toby Samuel,R,191.0,GBR,23.8,142.0,414.0,C0C8,8,,Juan Manuel Cerundolo,L,183.0,ARG,24.608,45.0,1055.0,6-3 6-4,3,QF,82.0,3.0,0.0,73.0,48.0,38.0,9.0,10.0,7.0,7.0,4.0,4.0,61.0,40.0,29.0,8.0,9.0,2.0,4.0
2026-741,Eastbourne,Grass,28,250,O,20260625,22,BU13,,,Zizou Bergs,R,185.0,BEL,27.061,48.0,1010.0,CH12,,Q,Jan Choinski,R,196.0,GBR,30.04,106.0,601.0,6-3 6-3,3,QF,76.0,11.0,3.0,50.0,35.0,28.0,8.0,9.0,0.0,1.0,2.0,5.0,68.0,43.0,25.0,10.0,9.0,8.0,12.0
2026-741,Eastbourne,Grass,28,250,O,20260625,23,D0CO,,,Jack Draper,L,193.0,GBR,24.507,160.0,360.0,D0F6,,,Gabriel Diallo,R,203.0,CAN,24.75,91.0,685.0,6-1 6-4,3,QF,69.0,2.0,2.0,44.0,31.0,26.0,8.0,9.0,0.0,1.0,10.0,0.0,57.0,44.0,26.0,3.0,8.0,5.0,9.0
2026-8994,Mallorca,Grass,28,250,O,20260625,21,M0CI,,,Fabian Marozsan,R,193.0,HUN,26.713,62.0,895.0,KI95,,,Miomir Kecmanovic,R,183.0,SRB,26.817,51.0,980.0,6-4 6-3,3,QF,77.0,9.0,1.0,56.0,32.0,29.0,12.0,10.0,3.0,4.0,3.0,1.0,60.0,38.0,26.0,10.0,9.0,7.0,10.0
2026-8994,Mallorca,Grass,28,250,O,20260625,22,BT72,,,Nuno Borges,R,185.0,POR,29.344,54.0,945.0,D0FJ,1,,Luciano Darderi,R,183.0,ITA,24.359,16.0,2300.0,7-6(1) 6-4,3,QF,95.0,10.0,0.0,65.0,47.0,38.0,13.0,11.0,4.0,4.0,4.0,2.0,78.0,49.0,35.0,14.0,11.0,5.0,6.0
2026-8994,Mallorca,Grass,28,250,O,20260625,23,Q02L,,,Ethan Quinn,R,191.0,USA,22.286,63.0,894.0,KI82,,,Vit Kopriva,R,178.0,CZE,29.027,68.0,856.0,5-7 7-5 6-3,3,QF,127.0,15.0,6.0,85.0,55.0,47.0,16.0,17.0,0.0,2.0,10.0,6.0,91.0,52.0,36.0,23.0,16.0,5.0,8.0
2026-741,Eastbourne,Grass,28,250,O,20260625,24,HH26,6.0,,Ugo Humbert,L,188.0,FRA,27.997,30.0,1510.0,HB64,,LL,Quentin Halys,R,191.0,FRA,29.662,101.0,626.0,6-3 6-4,3,QF,77.0,5.0,1.0,51.0,30.0,28.0,13.0,10.0,1.0,1.0,6.0,5.0,61.0,30.0,22.0,16.0,9.0,3.0,5.0
2026-8994,Mallorca,Grass,28,250,O,20260625,24,DH50,2.0,,Alejandro Davidovich Fokina,R,180.0,ESP,27.055,25.0,1910.0,D875,,,Grigor Dimitrov,R,191.0,BUL,35.11,164.0,357.0,6-3 6-3,3,QF,74.0,6.0,2.0,50.0,30.0,23.0,14.0,9.0,5.0,6.0,6.0,7.0,60.0,38.0,24.0,7.0,9.0,4.0,8.0
2026-8994,Mallorca,Grass,28,250,O,20260626,25,Q02L,,,Ethan Quinn,R,191.0,USA,22.289,63.0,894.0,BT72,,,Nuno Borges,R,185.0,POR,29.347,54.0,945.0,6-1 6-2,3,SF,56.0,4.0,3.0,42.0,27.0,22.0,10.0,8.0,0.0,0.0,2.0,1.0,40.0,22.0,15.0,4.0,7.0,2.0,6.0
2026-741,Eastbourne,Grass,28,250,O,20260626,25,BU13,,,Zizou Bergs,R,185.0,BEL,27.064,48.0,1010.0,S0TM,,,Toby Samuel,R,191.0,GBR,23.803,142.0,414.0,4-6 7-6(5) 6-2,3,SF,126.0,11.0,8.0,95.0,60.0,45.0,13.0,15.0,6.0,10.0,4.0,5.0,90.0,58.0,37.0,19.0,15.0,3.0,8.0
2026-741,Eastbourne,Grass,28,250,O,20260626,26,HH26,6.0,,Ugo Humbert,L,188.0,FRA,28.0,30.0,1510.0,D0CO,,,Jack Draper,L,193.0,GBR,24.509,160.0,360.0,7-5 6-3,3,SF,101.0,5.0,3.0,78.0,52.0,42.0,11.0,11.0,4.0,4.0,2.0,0.0,64.0,47.0,31.0,10.0,10.0,3.0,5.0
2026-8994,Mallorca,Grass,28,250,O,20260626,26,DH50,2.0,,Alejandro Davidovich Fokina,R,180.0,ESP,27.058,25.0,1910.0,M0CI,,,Fabian Marozsan,R,193.0,HUN,26.716,62.0,895.0,5-7 6-2 6-4,3,SF,120.0,7.0,2.0,80.0,57.0,43.0,18.0,15.0,6.0,7.0,4.0,1.0,92.0,65.0,47.0,13.0,15.0,4.0,7.0
2026-8994,Mallorca,Grass,28,250,O,20260627,27,DH50,2.0,,Alejandro Davidovich Fokina,R,180.0,ESP,27.061,25.0,1910.0,Q02L,,,Ethan Quinn,R,191.0,USA,22.292,63.0,894.0,7-6(4) 6-3,3,F,103.0,6.0,2.0,70.0,49.0,37.0,11.0,11.0,3.0,4.0,7.0,7.0,69.0,35.0,27.0,15.0,10.0,3.0,5.0
2026-741,Eastbourne,Grass,28,250,O,20260628,27,BU13,,,Zizou Bergs,R,185.0,BEL,27.069,48.0,1010.0,HH26,6,,Ugo Humbert,L,188.0,FRA,28.005,30.0,1510.0,3-6 6-1 6-4,3,F,124.0,0.0,5.0,84.0,57.0,37.0,18.0,13.0,3.0,5.0,4.0,2.0,85.0,53.0,33.0,15.0,13.0,6.0,10.0
2026-540,Wimbledon,Grass,128,G,O,20260629,1,F724,,,Marton Fucsovics,R,188.0,HUN,34.387,76.0,781.0,V0DZ,,,Luca Van Assche,R,178.0,FRA,22.133,80.0,735.0,6-3 4-0 RET,5,R128,58.0,1.0,1.0,38.0,23.0,16.0,7.0,6.0,0.0,1.0,2.0,2.0,42.0,27.0,11.0,6.0,7.0,0.0,5.0
2026-540,Wimbledon,Grass,128,G,O,20260629,2,J0DZ,23.0,,Rafael Jodar,R,191.0,ESP,19.781,26.0,1839.0,G0EU,,WC,Felix Gill,L,175.0,GBR,24.077,220.0,260.0,6-3 6-3 7-5,5,R128,118.0,7.0,2.0,72.0,42.0,35.0,22.0,15.0,1.0,2.0,8.0,2.0,104.0,72.0,44.0,14.0,15.0,6.0,11.0
2026-540,Wimbledon,Grass,128,G,O,20260629,3,B0CD,,,Jenson Brooksby,R,193.0,USA,25.673,81.0,720.0,V832,,,Aleksandar Vukic,R,188.0,AUS,30.229,104.0,614.0,7-6(7) 6-1 6-1,5,R128,116.0,7.0,0.0,67.0,48.0,42.0,16.0,13.0,0.0,0.0,4.0,3.0,91.0,55.0,34.0,18.0,13.0,5.0,10.0
2026-540,Wimbledon,Grass,128,G,O,20260629,4,CD85,,,Pablo Carreno Busta,R,188.0,ESP,34.965,71.0,834.0,SU55,,,Denis Shapovalov,L,185.0,CAN,27.206,41.0,1130.0,6-3 7-6(7) RET,5,R128,114.0,1.0,3.0,97.0,72.0,49.0,15.0,11.0,9.0,9.0,14.0,4.0,72.0,38.0,27.0,21.0,10.0,5.0,6.0
2026-540,Wimbledon,Grass,128,G,O,20260629,5,M0HU,,Q,Shintaro Mochizuki,R,175.0,JPN,23.075,151.0,397.0,B0JE,,Q,Max Basing,R,180.0,GBR,23.74,329.0,162.0,6-3 6-0 6-0,5,R128,104.0,3.0,0.0,66.0,36.0,26.0,17.0,10.0,5.0,6.0,0.0,3.0,85.0,58.0,27.0,7.0,11.0,12.0,21.0
2026-540,Wimbledon,Grass,128,G,O,20260629,6,T0HA,16.0,,Learner Tien,L,180.0,USA,20.572,17.0,2270.0,S0GD,,,Dalibor Svrcina,R,178.0,CZE,23.74,112.0,550.0,6-1 6-4 6-7(4) 6-3,5,R128,179.0,11.0,4.0,164.0,120.0,78.0,17.0,21.0,16.0,20.0,5.0,5.0,124.0,72.0,41.0,25.0,19.0,6.0,14.0
2026-540,Wimbledon,Grass,128,G,O,20260629,7,PL56,21.0,,Tommy Paul,R,185.0,USA,29.117,25.0,1925.0,MP20,,,Alexandre Muller,R,183.0,FRA,29.405,126.0,494.0,6-1 6-2 6-1,5,R128,72.0,12.0,1.0,58.0,40.0,34.0,12.0,11.0,0.0,0.0,1.0,3.0,81.0,67.0,31.0,5.0,11.0,9.0,16.0
2026-540,Wimbledon,Grass,128,G,O,20260629,8,B0ID,31.0,,Ignacio Buse,R,183.0,PER,22.261,34.0,1375.0,N0AM,,,Emilio Nava,R,185.0,USA,24.572,86.0,704.0,7-6(3) 3-6 7-5 6-0,5,R128,166.0,1.0,2.0,115.0,91.0,69.0,12.0,20.0,6.0,9.0,11.0,4.0,126.0,79.0,55.0,20.0,20.0,3.0,9.0
2026-540,Wimbledon,Grass,128,G,O,20260629,9,V812,,,Botic van de Zandschulp,R,191.0,NED,30.735,54.0,969.0,K0AZ,,,Aleksandar Kovacevic,R,183.0,USA,27.833,70.0,837.0,6-3 6-7(2) 6-4 6-0,5,R128,167.0,19.0,5.0,119.0,66.0,53.0,30.0,19.0,7.0,8.0,13.0,7.0,116.0,72.0,55.0,15.0,19.0,6.0,12.0
2026-540,Wimbledon,Grass,128,G,O,20260629,10,D0DT,,,Martin Damm,L,203.0,USA,,106.0,603.0,TA29,,,Marco Trungelliti,R,178.0,ARG,36.408,94.0,670.0,7-6(5) 6-7(5) 7-6(2) 7-6(5),5,R128,219.0,28.0,5.0,171.0,112.0,90.0,29.0,24.0,10.0,11.0,13.0,10.0,167.0,102.0,83.0,31.0,24.0,8.0,9.0
2026-540,Wimbledon,Grass,128,G,O,20260629,11,M0N7,,,Daniel Merida,R,188.0,ESP,21.755,84.0,706.0,U182,,,Camilo Ugo Carabelli,R,185.0,ARG,27.034,59.0,930.0,4-6 3-6 6-2 3-0 RET,5,R128,129.0,13.0,5.0,89.0,65.0,43.0,10.0,15.0,6.0,11.0,3.0,6.0,103.0,53.0,34.0,21.0,15.0,9.0,15.0
2026-540,Wimbledon,Grass,128,G,O,20260629,12,SX50,,Q,Roman Safiullin,R,185.0,RUS,28.893,132.0,458.0,RE44,12.0,,Andrey Rublev,R,188.0,RUS,28.69,13.0,2420.0,6-4 6-7(6) 3-6 6-3 7-6(12),5,R128,237.0,10.0,3.0,154.0,124.0,98.0,16.0,26.0,4.0,6.0,22.0,8.0,192.0,162.0,112.0,14.0,27.0,10.0,13.0
2026-540,Wimbledon,Grass,128,G,O,20260629,13,HB71,,,Hubert Hurkacz,R,196.0,POL,29.377,96.0,665.0,RH16,11.0,,Casper Ruud,R,183.0,NOR,27.518,12.0,2425.0,6-4 6-2 7-6(7),5,R128,121.0,15.0,3.0,92.0,56.0,46.0,19.0,16.0,1.0,2.0,10.0,6.0,101.0,68.0,50.0,11.0,15.0,12.0,16.0
2026-540,Wimbledon,Grass,128,G,O,20260629,14,BT72,,,Nuno Borges,R,185.0,POR,29.355,48.0,1020.0,B0EJ,,Q,Tristan Boyer,R,188.0,USA,25.188,191.0,302.0,6-3 7-5 7-5,5,R128,124.0,9.0,4.0,107.0,65.0,52.0,22.0,17.0,5.0,6.0,9.0,7.0,109.0,72.0,48.0,17.0,16.0,9.0,13.0
2026-540,Wimbledon,Grass,128,G,O,20260629,15,O513,,,Sebastian Ofner,R,191.0,AUT,30.13,110.0,557.0,M0JF,,,Hamad Medjedovic,R,188.0,SRB,22.949,68.0,844.0,1-6 6-2 4-6 6-3 6-4,5,R128,173.0,30.0,4.0,136.0,80.0,59.0,29.0,22.0,6.0,10.0,13.0,12.0,169.0,111.0,75.0,23.0,22.0,16.0,21.0
2026-540,Wimbledon,Grass,128,G,O,20260629,16,F0FV,24.0,,Joao Fonseca,R,188.0,BRA,19.855,27.0,1710.0,BD06,,,Roberto Bautista Agut,R,183.0,ESP,38.207,183.0,318.0,7-6(4) 6-4 6-3,5,R128,146.0,14.0,2.0,113.0,84.0,55.0,20.0,16.0,4.0,5.0,8.0,4.0,100.0,74.0,53.0,9.0,15.0,8.0,11.0
2026-540,Wimbledon,Grass,128,G,O,20260629,17,S0AG,1.0,,Jannik Sinner,R,191.0,ITA,24.868,1.0,13450.0,KI95,,,Miomir Kecmanovic,R,183.0,SRB,26.828,50.0,1020.0,4-6 6-3 6-7(6) 6-2 6-3,5,R128,209.0,31.0,5.0,138.0,91.0,81.0,25.0,25.0,3.0,4.0,1.0,5.0,148.0,101.0,72.0,25.0,23.0,5.0,9.0
2026-540,Wimbledon,Grass,128,G,O,20260629,18,Q02L,,,Ethan Quinn,R,191.0,USA,22.297,47.0,1021.0,D0FJ,14.0,,Luciano Darderi,R,183.0,ITA,24.37,16.0,2300.0,7-6(7) 7-5 6-2,5,R128,137.0,16.0,3.0,100.0,95.0,72.0,1.0,16.0,5.0,6.0,7.0,4.0,124.0,113.0,69.0,5.0,16.0,10.0,14.0
2026-540,Wimbledon,Grass,128,G,O,20260629,19,Z0BZ,,Q,Michael Zheng,R,188.0,USA,22.42,144.0,410.0,N771,26.0,,Cameron Norrie,L,188.0,GBR,30.85,29.0,1595.0,6-7(7) 6-2 6-7(2) 6-3 7-6(4),5,R128,240.0,21.0,4.0,180.0,115.0,89.0,35.0,27.0,5.0,6.0,6.0,10.0,188.0,134.0,90.0,28.0,26.0,9.0,13.0
2026-540,Wimbledon,Grass,128,G,O,20260629,20,TE51,,,Stefanos Tsitsipas,R,193.0,GRE,27.88,87.0,700.0,G09O,,Q,Hugo Gaston,L,173.0,FRA,25.755,118.0,533.0,6-1 6-4 6-2,5,R128,89.0,8.0,1.0,67.0,51.0,41.0,11.0,13.0,0.0,0.0,5.0,2.0,89.0,78.0,47.0,2.0,12.0,10.0,15.0
2026-540,Wimbledon,Grass,128,G,O,20260629,21,MM58,8.0,,Daniil Medvedev,R,198.0,RUS,30.379,9.0,3580.0,C977,,,Marin Cilic,R,198.0,CRO,37.749,62.0,911.0,6-1 6-2 6-4,5,R128,111.0,16.0,5.0,79.0,56.0,40.0,11.0,12.0,3.0,4.0,2.0,4.0,81.0,53.0,31.0,9.0,13.0,1.0,8.0
2026-540,Wimbledon,Grass,128,G,O,20260629,22,RC91,25.0,,Arthur Rinderknech,R,196.0,FRA,30.935,28.0,1683.0,T0GR,,Q,Oliver Tarvet,R,185.0,GBR,22.667,348.0,147.0,7-6(4) 7-6(4) 4-6 7-5,5,R128,245.0,32.0,4.0,147.0,95.0,79.0,30.0,23.0,8.0,9.0,16.0,4.0,140.0,80.0,65.0,35.0,23.0,5.0,6.0
2026-540,Wimbledon,Grass,128,G,O,20260629,23,KF17,,Q,Soonwoo Kwon,R,180.0,KOR,28.572,200.0,280.0,L0IL,,,Martin Landaluce,R,193.0,ESP,20.471,60.0,926.0,6-4 6-3 6-3,5,R128,141.0,9.0,5.0,92.0,37.0,30.0,33.0,15.0,6.0,7.0,7.0,8.0,102.0,64.0,38.0,19.0,13.0,10.0,15.0
2026-540,Wimbledon,Grass,128,G,O,20260629,24,M0CI,,,Fabian Marozsan,R,193.0,HUN,26.724,53.0,970.0,T0A1,,,Thiago Agustin Tirante,R,185.0,ARG,25.218,55.0,961.0,7-5 6-3 6-4,5,R128,131.0,6.0,2.0,103.0,81.0,60.0,13.0,16.0,5.0,5.0,9.0,4.0,110.0,61.0,43.0,23.0,15.0,5.0,8.0
2026-540,Wimbledon,Grass,128,G,O,20260629,25,P0HW,,,Dino Prizmic,R,188.0,CRO,20.898,89.0,691.0,W09E,,,Adam Walton,R,183.0,AUS,27.201,85.0,704.0,4-6 7-6(3) 6-4 6-2,5,R128,188.0,9.0,4.0,139.0,95.0,67.0,24.0,20.0,11.0,13.0,4.0,0.0,113.0,73.0,52.0,24.0,20.0,2.0,6.0
2026-540,Wimbledon,Grass,128,G,O,20260629,26,SL28,,,Jan-Lennard Struff,R,193.0,GER,36.178,74.0,804.0,B0BI,,,Sebastian Baez,R,170.0,ARG,25.5,57.0,935.0,6-1 7-6(4) 4-6 2-6 7-5,5,R128,177.0,20.0,8.0,158.0,100.0,80.0,26.0,25.0,7.0,11.0,4.0,2.0,143.0,110.0,79.0,15.0,24.0,5.0,9.0
2026-540,Wimbledon,Grass,128,G,O,20260629,27,AG37,3.0,,Felix Auger-Aliassime,R,193.0,CAN,25.889,29.0,1680.0,S0H2,,,Alexander Shevchenko,R,188.0,KAZ,25.58,99.0,658.0,6-3 6-1 6-4,5,R128,94.0,15.0,1.0,70.0,57.0,46.0,6.0,13.0,0.0,0.0,2.0,1.0,83.0,59.0,35.0,12.0,13.0,4.0,9.0
2026-540,Wimbledon,Grass,128,G,O,20260629,28,DH50,22.0,,Alejandro Davidovich Fokina,R,180.0,ESP,27.066,23.0,2060.0,C0C8,,,Juan Manuel Cerundolo,L,183.0,ARG,24.619,42.0,1108.0,6-4 6-4 7-6(2),5,R128,141.0,0.0,0.0,97.0,73.0,47.0,16.0,17.0,2.0,5.0,12.0,5.0,110.0,71.0,42.0,16.0,16.0,7.0,12.0
2026-540,Wimbledon,Grass,128,G,O,20260629,29,M0AW,,Q,Nicolas Mejia,R,183.0,COL,26.379,165.0,349.0,V0DP,,,Adolfo Daniel Vallejo,R,183.0,PAR,22.168,72.0,828.0,4-6 6-4 7-5 7-6(2),5,R128,240.0,13.0,3.0,143.0,100.0,69.0,16.0,22.0,10.0,17.0,3.0,10.0,155.0,90.0,51.0,35.0,22.0,9.0,17.0
2026-540,Wimbledon,Grass,128,G,O,20260629,30,D643,7.0,,Novak Djokovic,R,188.0,SRB,39.107,8.0,3760.0,WB32,,,Yibing Wu,R,183.0,CHN,26.71,102.0,634.0,6-4 5-7 6-4 6-4,5,R128,201.0,15.0,0.0,136.0,96.0,72.0,23.0,21.0,10.0,11.0,15.0,1.0,123.0,90.0,61.0,22.0,21.0,3.0,6.0
2026-540,Wimbledon,Grass,128,G,O,20260630,31,ME82,,,Adrian Mannarino,L,180.0,FRA,38.001,40.0,1139.0,D0DW,,,Titouan Droguet,R,191.0,FRA,25.04,116.0,534.0,6-2 6-4 6-1,5,R128,92.0,2.0,1.0,61.0,35.0,32.0,17.0,12.0,0.0,0.0,10.0,0.0,78.0,55.0,33.0,9.0,13.0,4.0,10.0
2026-540,Wimbledon,Grass,128,G,O,20260630,32,MQ75,,,Kamil Majchrzak,R,183.0,POL,30.461,45.0,1032.0,TE30,30.0,,Alejandro Tabilo,L,188.0,CHI,29.076,33.0,1428.0,6-3 7-5 7-5,5,R128,117.0,16.0,1.0,94.0,59.0,49.0,20.0,17.0,3.0,4.0,9.0,3.0,105.0,72.0,48.0,17.0,16.0,10.0,14.0
2026-540,Wimbledon,Grass,128,G,O,20260630,33,H997,,,Yannick Hanfmann,R,193.0,GER,34.628,56.0,949.0,M0GZ,,,Giovanni Mpetshi Perricard,R,203.0,FRA,22.979,83.0,710.0,6-7(6) 7-6(9) 6-2 6-3,5,R128,160.0,15.0,4.0,116.0,81.0,71.0,20.0,21.0,1.0,2.0,27.0,4.0,147.0,125.0,82.0,10.0,22.0,9.0,14.0
2026-540,Wimbledon,Grass,128,G,O,20260630,34,DH58,5.0,,Alex de Minaur,R,183.0,AUS,27.365,6.0,4110.0,B0FV,,,Roman Andres Burruchaga,R,183.0,ARG,24.433,65.0,875.0,7-6(5) 6-1 6-0,5,R128,113.0,1.0,3.0,85.0,57.0,43.0,16.0,13.0,5.0,6.0,5.0,5.0,85.0,58.0,32.0,10.0,12.0,2.0,8.0
2026-540,Wimbledon,Grass,128,G,O,20260630,35,F0F2,,Q,Jaime Faria,R,188.0,POR,22.899,98.0,660.0,SY67,,,Sho Shimabukuro,R,180.0,JPN,28.917,90.0,691.0,7-6(6) 6-3 6-7(2) 6-3,5,R128,169.0,17.0,9.0,137.0,87.0,73.0,28.0,22.0,5.0,6.0,16.0,5.0,140.0,76.0,58.0,38.0,20.0,9.0,12.0
2026-540,Wimbledon,Grass,128,G,O,20260630,36,R0EB,,,Valentin Royer,R,188.0,FRA,25.087,75.0,798.0,W0AH,,WC,Harry Wendelken,R,178.0,GBR,24.531,202.0,280.0,4-6 6-3 6-3 6-3,5,R128,172.0,9.0,5.0,120.0,82.0,59.0,20.0,19.0,6.0,8.0,6.0,4.0,114.0,71.0,48.0,20.0,18.0,5.0,10.0
2026-540,Wimbledon,Grass,128,G,O,20260630,37,S0K7,,,Zachary Svajda,R,175.0,USA,23.584,66.0,855.0,L0CX,,LL,Pablo Llamas Ruiz,R,188.0,ESP,23.713,119.0,525.0,6-1 6-2 6-4,5,R128,95.0,6.0,0.0,66.0,46.0,37.0,16.0,13.0,0.0,0.0,2.0,1.0,88.0,62.0,40.0,9.0,12.0,9.0,14.0
2026-540,Wimbledon,Grass,128,G,O,20260630,38,N0AE,28.0,,Brandon Nakashima,R,188.0,USA,24.906,31.0,1485.0,P0HT,,WC,Jack Pinnington Jones,R,180.0,GBR,23.253,138.0,434.0,6-3 7-6(5) 7-5,5,R128,156.0,7.0,3.0,108.0,74.0,61.0,11.0,17.0,8.0,11.0,8.0,7.0,110.0,74.0,47.0,18.0,16.0,3.0,8.0
2026-540,Wimbledon,Grass,128,G,O,20260630,39,D0C1,,,Jesper de Jong,R,180.0,NED,26.081,73.0,808.0,H0BH,,,Rinky Hijikata,R,178.0,AUS,25.347,82.0,717.0,7-6(4) 3-6 5-7 6-4 6-3,5,R128,260.0,19.0,11.0,177.0,112.0,79.0,32.0,26.0,10.0,14.0,9.0,5.0,175.0,111.0,81.0,32.0,26.0,10.0,14.0
2026-540,Wimbledon,Grass,128,G,O,20260630,40,FB98,6.0,,Taylor Fritz,R,196.0,USA,28.671,7.0,3765.0,L987,,LL,Dusan Lajovic,R,183.0,SRB,36.0,153.0,378.0,6-3 6-4 6-3,5,R128,102.0,14.0,0.0,73.0,48.0,40.0,18.0,14.0,1.0,1.0,3.0,3.0,87.0,60.0,41.0,14.0,14.0,6.0,10.0
2026-540,Wimbledon,Grass,128,G,O,20260630,41,MU94,,,Jaume Munar,R,183.0,ESP,29.153,44.0,1075.0,C0AU,18.0,,Francisco Cerundolo,R,185.0,ARG,27.88,21.0,2110.0,6-1 6-4 6-3,5,R128,105.0,12.0,5.0,78.0,55.0,50.0,9.0,13.0,7.0,7.0,2.0,4.0,81.0,58.0,36.0,9.0,13.0,7.0,12.0
2026-540,Wimbledon,Grass,128,G,O,20260630,42,HB64,,,Quentin Halys,R,191.0,FRA,29.676,95.0,666.0,A0FC,32.0,,Matteo Arnaldi,R,185.0,ITA,25.35,35.0,1349.0,3-6 6-1 7-6(5) 6-3,5,R128,163.0,14.0,5.0,124.0,86.0,68.0,14.0,20.0,5.0,8.0,12.0,4.0,116.0,80.0,56.0,14.0,18.0,7.0,12.0
2026-540,Wimbledon,Grass,128,G,O,20260630,43,D0F6,,,Gabriel Diallo,R,203.0,CAN,24.764,88.0,695.0,BM95,,,Benjamin Bonzi,R,183.0,FRA,30.056,93.0,673.0,1-6 4-6 7-6(5) 6-3 3-1 RET,5,R128,174.0,11.0,4.0,135.0,100.0,68.0,17.0,21.0,10.0,14.0,9.0,0.0,123.0,89.0,65.0,21.0,22.0,5.0,9.0
2026-540,Wimbledon,Grass,128,G,O,20260630,44,F0BY,,WC,Jacob Fearnley,R,183.0,GBR,24.958,159.0,362.0,M0QI,,,Alex Michelsen,R,193.0,USA,21.845,46.0,1025.0,3-6 4-6 6-2 6-3 6-2,5,R128,209.0,9.0,8.0,149.0,91.0,65.0,28.0,22.0,4.0,7.0,12.0,9.0,147.0,98.0,65.0,21.0,22.0,7.0,13.0
2026-540,Wimbledon,Grass,128,G,O,20260630,45,F0DM,,WC,Arthur Fery,R,175.0,GBR,23.967,114.0,547.0,D923,,,Damir Dzumhur,R,175.0,BIH,34.111,105.0,604.0,3-6 6-2 6-2 6-1,5,R128,160.0,6.0,2.0,103.0,62.0,41.0,24.0,16.0,6.0,9.0,0.0,5.0,120.0,80.0,36.0,22.0,16.0,6.0,14.0
2026-540,Wimbledon,Grass,128,G,O,20260630,46,V0AM,,Q,Otto Virtanen,R,193.0,FIN,25.024,140.0,432.0,S0S1,4.0,,Ben Shelton,L,193.0,USA,23.723,5.0,4160.0,6-4 3-6 6-7(8) 6-2 7-6(9),5,R128,261.0,14.0,6.0,174.0,109.0,85.0,34.0,25.0,11.0,12.0,19.0,7.0,186.0,135.0,100.0,26.0,26.0,5.0,8.0
2026-540,Wimbledon,Grass,128,G,O,20260630,47,BK92,10.0,,Alexander Bublik,R,196.0,KAZ,29.035,11.0,2620.0,KD46,,,Thanasi Kokkinakis,R,193.0,AUS,30.22,491.0,90.0,4-6 6-3 6-7(10) 6-3 6-4,5,R128,220.0,28.0,4.0,154.0,104.0,87.0,25.0,26.0,5.0,6.0,27.0,6.0,161.0,111.0,80.0,23.0,24.0,6.0,9.0
2026-540,Wimbledon,Grass,128,G,O,20260630,48,KE29,19.0,,Karen Khachanov,R,198.0,RUS,30.108,22.0,2080.0,HD68,,Q,Billy Harris,R,193.0,GBR,31.428,155.0,375.0,6-3 5-7 6-3 6-3,5,R128,178.0,12.0,4.0,127.0,87.0,60.0,22.0,20.0,7.0,10.0,8.0,2.0,112.0,75.0,47.0,18.0,19.0,4.0,10.0
2026-540,Wimbledon,Grass,128,G,O,20260630,49,BU13,,,Zizou Bergs,R,185.0,BEL,27.075,37.0,1250.0,HH26,27.0,,Ugo Humbert,L,188.0,FRA,28.011,30.0,1575.0,6-2 7-5 4-6 3-6 6-3,5,R128,218.0,13.0,6.0,171.0,115.0,83.0,21.0,24.0,10.0,15.0,7.0,8.0,149.0,110.0,69.0,17.0,24.0,6.0,13.0
2026-540,Wimbledon,Grass,128,G,O,20260630,50,J0AZ,,Q,Kyrian Jacquet,R,175.0,FRA,25.136,139.0,433.0,G0FW,,Q,Vilius Gaubas,R,178.0,LTU,21.5,129.0,474.0,6-3 6-4 7-6(2),5,R128,141.0,8.0,7.0,92.0,44.0,32.0,30.0,16.0,2.0,5.0,6.0,3.0,108.0,66.0,40.0,18.0,15.0,6.0,11.0
2026-540,Wimbledon,Grass,128,G,O,20260630,51,K0A3,,,Patrick Kypson,R,188.0,USA,26.672,113.0,548.0,MK66,,Q,Mackenzie McDonald,R,178.0,USA,31.206,145.0,409.0,3-6 6-1 6-4 6-4,5,R128,141.0,16.0,4.0,101.0,70.0,53.0,16.0,18.0,1.0,3.0,8.0,7.0,129.0,89.0,60.0,16.0,18.0,11.0,16.0
2026-540,Wimbledon,Grass,128,G,O,20260630,52,Z355,2.0,,Alexander Zverev,R,198.0,GER,29.194,3.0,7190.0,B0PG,,,Alexander Blockx,R,193.0,BEL,21.227,36.0,1275.0,6-4 6-7(8) 7-6(5) 7-6(0),5,R128,181.0,21.0,7.0,139.0,115.0,90.0,13.0,23.0,3.0,4.0,16.0,8.0,142.0,107.0,81.0,17.0,23.0,3.0,5.0
2026-540,Wimbledon,Grass,128,G,O,20260630,53,M0NI,15.0,,Jakub Mensik,R,196.0,CZE,20.827,18.0,2255.0,S0TM,,WC,Toby Samuel,R,191.0,GBR,23.814,123.0,515.0,5-7 6-3 6-3 3-6 7-6(7),5,R128,213.0,13.0,5.0,151.0,101.0,74.0,24.0,25.0,5.0,9.0,5.0,5.0,166.0,109.0,72.0,33.0,26.0,9.0,14.0
2026-540,Wimbledon,Grass,128,G,O,20260630,54,F0F1,20.0,,Arthur Fils,R,185.0,FRA,22.048,24.0,1940.0,C0JP,,,Raphael Collignon,R,191.0,BEL,24.46,43.0,1091.0,7-5 6-1 6-3,5,R128,96.0,8.0,2.0,78.0,54.0,44.0,14.0,14.0,5.0,6.0,8.0,4.0,86.0,56.0,35.0,11.0,14.0,7.0,13.0
2026-540,Wimbledon,Grass,128,G,O,20260630,55,SU87,,,Lorenzo Sonego,R,191.0,ITA,31.138,69.0,843.0,EA24,29.0,,Tomas Martin Etcheverry,R,196.0,ARG,26.951,32.0,1460.0,6-4 6-4 6-7(2) 7-6(4),5,R128,217.0,14.0,1.0,131.0,101.0,80.0,17.0,22.0,2.0,3.0,13.0,2.0,134.0,95.0,71.0,24.0,22.0,2.0,5.0
2026-540,Wimbledon,Grass,128,G,O,20260630,56,D994,,,James Duckworth,R,183.0,AUS,34.439,79.0,748.0,GJ37,,,Tallon Griekspoor,R,188.0,NED,29.993,58.0,935.0,6-4 4-6 7-5 6-4,5,R128,152.0,16.0,2.0,114.0,65.0,54.0,30.0,21.0,5.0,7.0,19.0,2.0,110.0,82.0,62.0,15.0,21.0,3.0,7.0
2026-540,Wimbledon,Grass,128,G,O,20260630,57,GC88,,,Marcos Giron,R,180.0,USA,32.934,92.0,680.0,MW02,,,Corentin Moutet,L,180.0,FRA,27.198,39.0,1163.0,4-6 6-4 7-5 6-4,5,R128,200.0,2.0,2.0,129.0,87.0,59.0,21.0,21.0,3.0,7.0,4.0,5.0,126.0,91.0,59.0,15.0,21.0,6.0,12.0
2026-540,Wimbledon,Grass,128,G,O,20260630,58,L0BV,13.0,,Jiri Lehecka,R,185.0,CZE,24.641,14.0,2360.0,P09Z,,,Alexei Popyrin,R,196.0,AUS,26.902,103.0,630.0,6-4 6-2 6-4,5,R128,102.0,7.0,1.0,80.0,50.0,36.0,22.0,14.0,3.0,3.0,5.0,4.0,84.0,57.0,42.0,11.0,14.0,7.0,11.0
2026-540,Wimbledon,Grass,128,G,O,20260630,59,CH12,,,Jan Choinski,R,196.0,GBR,30.053,100.0,657.0,KI82,,,Vit Kopriva,R,178.0,CZE,29.04,64.0,893.0,6-3 7-5 6-2,5,R128,100.0,18.0,1.0,84.0,59.0,53.0,9.0,15.0,4.0,4.0,8.0,4.0,87.0,45.0,34.0,20.0,14.0,3.0,7.0
2026-540,Wimbledon,Grass,128,G,O,20260630,60,D875,,WC,Grigor Dimitrov,R,191.0,BUL,35.124,146.0,407.0,S0IA,,Q,Dane Sweeny,R,170.0,AUS,25.377,127.0,493.0,7-6(4) 6-3 7-5,5,R128,142.0,23.0,6.0,91.0,59.0,50.0,14.0,17.0,2.0,4.0,4.0,5.0,111.0,79.0,51.0,18.0,17.0,6.0,11.0
2026-540,Wimbledon,Grass,128,G,O,20260630,61,BK40,,,Matteo Berrettini,R,196.0,ITA,30.215,51.0,985.0,W367,,WC,Stan Wawrinka,R,183.0,SUI,41.257,109.0,563.0,6-7(7) 7-6(16) 7-6(7) 7-6(5),5,R128,268.0,29.0,4.0,166.0,115.0,99.0,29.0,24.0,1.0,2.0,18.0,7.0,180.0,108.0,88.0,43.0,24.0,5.0,6.0
2026-540,Wimbledon,Grass,128,G,O,20260701,62,B0CD,,,Jenson Brooksby,R,193.0,USA,25.678,81.0,720.0,B0ID,31.0,,Ignacio Buse,R,183.0,PER,22.267,34.0,1375.0,6-2 6-2 6-3,5,R64,96.0,5.0,0.0,69.0,46.0,37.0,12.0,12.0,3.0,4.0,2.0,1.0,71.0,48.0,27.0,10.0,13.0,4.0,11.0
2026-540,Wimbledon,Grass,128,G,O,20260701,63,HB71,,,Hubert Hurkacz,R,196.0,POL,29.383,96.0,665.0,O513,,,Sebastian Ofner,R,191.0,AUT,30.136,110.0,557.0,7-6(8) 6-4 6-4,5,R64,117.0,16.0,4.0,103.0,81.0,65.0,10.0,17.0,6.0,7.0,11.0,2.0,103.0,66.0,50.0,20.0,16.0,2.0,5.0
2026-540,Wimbledon,Grass,128,G,O,20260701,64,PL56,21.0,,Tommy Paul,R,185.0,USA,29.123,25.0,1925.0,KF17,,Q,Soonwoo Kwon,R,180.0,KOR,28.578,200.0,280.0,6-3 7-6(4) 6-2,5,R64,131.0,19.0,1.0,93.0,60.0,47.0,20.0,16.0,0.0,1.0,6.0,5.0,93.0,56.0,40.0,16.0,14.0,4.0,8.0
2026-540,Wimbledon,Grass,128,G,O,20260701,65,MV14,,,Alex Molcan,L,178.0,SVK,28.58,101.0,639.0,AE14,,,Daniel Altmaier,R,188.0,GER,27.8,61.0,924.0,6-4 3-6 7-5 6-2,5,R128,204.0,9.0,5.0,137.0,101.0,70.0,18.0,19.0,15.0,17.0,19.0,10.0,136.0,95.0,65.0,18.0,20.0,8.0,13.0
2026-540,Wimbledon,Grass,128,G,O,20260701,66,F724,,,Marton Fucsovics,R,188.0,HUN,34.393,76.0,781.0,T0HA,16.0,,Learner Tien,L,180.0,USA,20.578,17.0,2270.0,6-7(6) 6-4 7-6(4) 6-3,5,R64,222.0,7.0,8.0,170.0,121.0,79.0,20.0,22.0,14.0,18.0,6.0,10.0,149.0,102.0,60.0,19.0,21.0,9.0,15.0
2026-540,Wimbledon,Grass,128,G,O,20260701,67,DH50,22.0,,Alejandro Davidovich Fokina,R,180.0,ESP,27.072,23.0,2060.0,M0CI,,,Fabian Marozsan,R,193.0,HUN,26.73,53.0,970.0,6-3 6-0 6-3,5,R64,80.0,9.0,1.0,65.0,41.0,34.0,16.0,12.0,1.0,1.0,6.0,4.0,71.0,45.0,23.0,12.0,12.0,3.0,9.0
2026-540,Wimbledon,Grass,128,G,O,20260701,68,C0E9,9.0,,Flavio Cobolli,R,183.0,ITA,24.153,10.0,3460.0,N0BS,,,Mariano Navone,R,178.0,ARG,25.339,38.0,1165.0,1-6 7-6(5) 6-3 7-6(8),5,R128,207.0,12.0,1.0,138.0,109.0,66.0,8.0,19.0,8.0,15.0,4.0,1.0,149.0,126.0,77.0,5.0,21.0,5.0,12.0
2026-540,Wimbledon,Grass,128,G,O,20260701,69,S0AG,1.0,,Jannik Sinner,R,191.0,ITA,24.873,1.0,13450.0,BT72,,,Nuno Borges,R,185.0,POR,29.361,48.0,1020.0,7-6(4) 7-6(2) 6-4,5,R64,151.0,22.0,4.0,101.0,67.0,55.0,19.0,17.0,2.0,4.0,6.0,1.0,119.0,92.0,64.0,12.0,17.0,5.0,8.0
2026-540,Wimbledon,Grass,128,G,O,20260701,70,MM58,8.0,,Daniil Medvedev,R,198.0,RUS,30.385,9.0,3580.0,M0N7,,,Daniel Merida,R,188.0,ESP,21.76,84.0,706.0,3-6 6-3 7-5 6-2,5,R64,134.0,13.0,3.0,114.0,101.0,72.0,4.0,19.0,4.0,6.0,2.0,1.0,118.0,103.0,65.0,5.0,19.0,1.0,6.0
2026-540,Wimbledon,Grass,128,G,O,20260701,71,F0FV,24.0,,Joao Fonseca,R,188.0,BRA,19.86,27.0,1710.0,D0C1,,,Jesper de Jong,R,180.0,NED,26.084,73.0,808.0,6-1 7-5 6-4,5,R64,141.0,12.0,3.0,94.0,66.0,50.0,14.0,15.0,5.0,6.0,8.0,4.0,100.0,61.0,40.0,16.0,14.0,5.0,10.0
2026-540,Wimbledon,Grass,128,G,O,20260701,72,RC91,25.0,,Arthur Rinderknech,R,196.0,FRA,30.94,28.0,1683.0,D0DT,,,Martin Damm,L,203.0,USA,,106.0,603.0,6-4 7-6(1) 6-3,5,R64,122.0,20.0,3.0,91.0,66.0,54.0,18.0,17.0,4.0,4.0,10.0,4.0,99.0,68.0,49.0,16.0,15.0,5.0,7.0
2026-540,Wimbledon,Grass,128,G,O,20260701,73,Z0BZ,,Q,Michael Zheng,R,188.0,USA,22.426,144.0,410.0,M0AW,,Q,Nicolas Mejia,R,183.0,COL,26.385,165.0,349.0,6-7(4) 7-6(8) 6-1 6-4,5,R64,227.0,20.0,3.0,151.0,100.0,78.0,26.0,21.0,12.0,12.0,5.0,2.0,133.0,85.0,55.0,29.0,22.0,4.0,8.0
2026-540,Wimbledon,Grass,128,G,O,20260701,74,TD51,17.0,,Frances Tiafoe,R,188.0,USA,28.444,19.0,2180.0,A0GC,,,Terence Atmane,L,193.0,FRA,24.474,52.0,982.0,7-6(6) 6-1 4-6 6-4,5,R128,148.0,11.0,6.0,120.0,84.0,66.0,20.0,21.0,7.0,10.0,9.0,5.0,112.0,76.0,57.0,15.0,19.0,4.0,9.0
2026-540,Wimbledon,Grass,128,G,O,20260701,75,M0HU,,Q,Shintaro Mochizuki,R,175.0,JPN,23.08,151.0,397.0,Q02L,,,Ethan Quinn,R,191.0,USA,22.303,47.0,1021.0,6-2 7-6(6) 7-5,5,R64,156.0,6.0,3.0,115.0,67.0,55.0,23.0,17.0,10.0,12.0,12.0,7.0,113.0,79.0,50.0,14.0,16.0,6.0,11.0
2026-540,Wimbledon,Grass,128,G,O,20260701,76,SX50,,Q,Roman Safiullin,R,185.0,RUS,28.898,132.0,458.0,V812,,,Botic van de Zandschulp,R,191.0,NED,30.741,54.0,969.0,6-0 4-6 6-3 3-6 7-6(5),5,R64,230.0,8.0,5.0,158.0,126.0,85.0,17.0,24.0,8.0,12.0,12.0,8.0,160.0,115.0,76.0,19.0,23.0,9.0,15.0
2026-540,Wimbledon,Grass,128,G,O,20260701,77,D643,7.0,,Novak Djokovic,R,188.0,SRB,39.11,8.0,3760.0,TE51,,,Stefanos Tsitsipas,R,193.0,GRE,27.885,87.0,700.0,6-3 6-4 6-2,5,R64,98.0,12.0,2.0,70.0,54.0,50.0,8.0,14.0,5.0,5.0,16.0,1.0,71.0,47.0,38.0,5.0,13.0,1.0,5.0
2026-540,Wimbledon,Grass,128,G,O,20260701,78,AG37,3.0,,Felix Auger-Aliassime,R,193.0,CAN,25.895,29.0,1680.0,P0HW,,,Dino Prizmic,R,188.0,CRO,20.903,89.0,691.0,7-6(2) 6-3 7-5,5,R64,167.0,15.0,7.0,103.0,71.0,61.0,14.0,14.0,2.0,2.0,3.0,2.0,94.0,56.0,43.0,22.0,18.0,2.0,4.0
2026-540,Wimbledon,Grass,128,G,O,20260702,79,DH58,5.0,,Alex de Minaur,R,183.0,AUS,27.371,6.0,4110.0,ME82,,,Adrian Mannarino,L,180.0,FRA,38.006,40.0,1139.0,6-3 6-2 6-2,5,R64,78.0,7.0,7.0,99.0,59.0,47.0,14.0,13.0,9.0,11.0,0.0,4.0,64.0,38.0,19.0,11.0,12.0,7.0,14.0
2026-540,Wimbledon,Grass,128,G,O,20260702,80,FB98,6.0,,Taylor Fritz,R,196.0,USA,28.676,7.0,3765.0,K0A3,,,Patrick Kypson,R,188.0,USA,26.678,113.0,548.0,6-2 6-2 7-5,5,R64,97.0,19.0,3.0,73.0,54.0,44.0,10.0,14.0,0.0,1.0,3.0,6.0,115.0,65.0,38.0,23.0,14.0,13.0,19.0
2026-540,Wimbledon,Grass,128,G,O,20260702,81,BU13,,,Zizou Bergs,R,185.0,BEL,27.08,37.0,1250.0,F0F2,,Q,Jaime Faria,R,188.0,POR,22.905,98.0,660.0,7-6(6) 4-6 6-2 6-3,5,R64,172.0,15.0,6.0,122.0,72.0,57.0,20.0,21.0,8.0,12.0,7.0,9.0,130.0,77.0,48.0,28.0,19.0,9.0,15.0
2026-540,Wimbledon,Grass,128,G,O,20260702,82,F0DM,,WC,Arthur Fery,R,175.0,GBR,23.973,114.0,547.0,V0AM,,Q,Otto Virtanen,R,193.0,FIN,25.029,140.0,432.0,5-7 7-6(3) 6-3 6-3,5,R64,187.0,6.0,3.0,123.0,75.0,61.0,28.0,22.0,0.0,1.0,16.0,6.0,133.0,75.0,57.0,30.0,21.0,6.0,9.0
2026-540,Wimbledon,Grass,128,G,O,20260702,83,SU87,,,Lorenzo Sonego,R,191.0,ITA,31.143,69.0,843.0,D0F6,,,Gabriel Diallo,R,203.0,CAN,24.769,88.0,695.0,7-6(4) 4-6 7-6(4) 6-7(6) 6-2,5,R64,272.0,14.0,3.0,163.0,126.0,95.0,25.0,29.0,2.0,5.0,11.0,6.0,182.0,128.0,92.0,31.0,28.0,5.0,9.0
2026-540,Wimbledon,Grass,128,G,O,20260702,84,J0DZ,23.0,,Rafael Jodar,R,191.0,ESP,19.789,26.0,1839.0,CD85,,,Pablo Carreno Busta,R,188.0,ESP,34.973,71.0,834.0,3-6 6-3 1-6 6-3 6-4,5,R64,227.0,6.0,7.0,164.0,129.0,82.0,11.0,22.0,13.0,18.0,9.0,3.0,151.0,116.0,78.0,16.0,22.0,12.0,17.0
2026-540,Wimbledon,Grass,128,G,O,20260702,85,SL28,,,Jan-Lennard Struff,R,193.0,GER,36.186,74.0,804.0,N0AE,28.0,,Brandon Nakashima,R,188.0,USA,24.912,31.0,1485.0,4-6 7-6(6) 7-6(5) 6-7(6) 7-6(7),5,R64,260.0,45.0,10.0,210.0,152.0,121.0,25.0,32.0,10.0,12.0,41.0,2.0,195.0,151.0,115.0,27.0,30.0,5.0,6.0
2026-540,Wimbledon,Grass,128,G,O,20260702,86,Z355,2.0,,Alexander Zverev,R,198.0,GER,29.199,3.0,7190.0,R0EB,,,Valentin Royer,R,188.0,FRA,25.092,75.0,798.0,6-1 6-3 7-6(3),5,R64,124.0,14.0,2.0,77.0,59.0,48.0,10.0,15.0,0.0,1.0,3.0,2.0,96.0,71.0,41.0,13.0,14.0,3.0,8.0
2026-540,Wimbledon,Grass,128,G,O,20260702,87,C0E9,9.0,,Flavio Cobolli,R,183.0,ITA,24.156,10.0,3460.0,D994,,,James Duckworth,R,183.0,AUS,34.445,79.0,748.0,7-6(4) 3-6 7-6(3) 6-1,5,R64,177.0,16.0,4.0,139.0,73.0,58.0,38.0,21.0,5.0,7.0,8.0,5.0,122.0,57.0,46.0,38.0,19.0,4.0,6.0
2026-540,Wimbledon,Grass,128,G,O,20260702,88,KE29,19.0,,Karen Khachanov,R,198.0,RUS,30.114,22.0,2080.0,H997,,,Yannick Hanfmann,R,193.0,GER,34.634,56.0,949.0,6-3 6-4 6-4,5,R64,130.0,8.0,0.0,76.0,62.0,50.0,11.0,15.0,2.0,2.0,8.0,1.0,94.0,59.0,41.0,16.0,14.0,8.0,11.0
2026-540,Wimbledon,Grass,128,G,O,20260702,89,BK40,,,Matteo Berrettini,R,196.0,ITA,30.22,51.0,985.0,F0F1,20.0,,Arthur Fils,R,185.0,FRA,22.053,24.0,1940.0,6-4 7-5 3-6 6-3,5,R64,171.0,16.0,6.0,126.0,88.0,67.0,19.0,20.0,5.0,6.0,11.0,2.0,118.0,88.0,65.0,14.0,20.0,3.0,6.0
2026-540,Wimbledon,Grass,128,G,O,20260702,90,GC88,,,Marcos Giron,R,180.0,USA,32.939,92.0,680.0,HB64,,,Quentin Halys,R,191.0,FRA,29.681,95.0,666.0,7-6(5) 6-3 6-4,5,R64,130.0,8.0,4.0,110.0,90.0,62.0,7.0,16.0,6.0,8.0,9.0,4.0,96.0,77.0,43.0,11.0,15.0,4.0,8.0
2026-540,Wimbledon,Grass,128,G,O,20260702,91,MU94,,,Jaume Munar,R,183.0,ESP,29.158,44.0,1075.0,F0BY,,WC,Jacob Fearnley,R,183.0,GBR,24.964,159.0,362.0,6-4 7-6(3) 6-4,5,R64,171.0,15.0,2.0,107.0,69.0,56.0,16.0,16.0,8.0,10.0,3.0,8.0,117.0,74.0,49.0,20.0,16.0,5.0,9.0
2026-540,Wimbledon,Grass,128,G,O,20260702,92,S0K7,,,Zachary Svajda,R,175.0,USA,23.589,66.0,855.0,MQ75,,,Kamil Majchrzak,R,183.0,POL,30.467,45.0,1032.0,2-6 6-2 6-7(5) 6-4 6-3,5,R64,167.0,11.0,7.0,147.0,99.0,69.0,27.0,23.0,9.0,12.0,14.0,3.0,128.0,106.0,71.0,16.0,24.0,4.0,10.0
2026-540,Wimbledon,Grass,128,G,O,20260702,93,L0BV,13.0,,Jiri Lehecka,R,185.0,CZE,24.647,14.0,2360.0,MV14,,,Alex Molcan,L,178.0,SVK,28.583,101.0,639.0,6-3 6-2 6-4,5,R64,128.0,24.0,2.0,100.0,59.0,47.0,14.0,13.0,7.0,9.0,3.0,3.0,88.0,49.0,28.0,17.0,13.0,2.0,8.0
2026-540,Wimbledon,Grass,128,G,O,20260702,94,BK92,10.0,,Alexander Bublik,R,196.0,KAZ,29.041,11.0,2620.0,J0AZ,,Q,Kyrian Jacquet,R,175.0,FRA,25.142,139.0,433.0,6-3 6-4 7-6(5),5,R64,109.0,15.0,2.0,95.0,61.0,51.0,18.0,16.0,7.0,9.0,8.0,3.0,95.0,45.0,37.0,23.0,15.0,4.0,8.0
2026-540,Wimbledon,Grass,128,G,O,20260702,95,TD51,17.0,,Frances Tiafoe,R,188.0,USA,28.447,19.0,2180.0,CH12,,,Jan Choinski,R,196.0,GBR,30.056,100.0,657.0,4-6 6-2 7-5 6-2,5,R64,181.0,9.0,5.0,139.0,84.0,64.0,28.0,19.0,11.0,12.0,11.0,2.0,119.0,75.0,51.0,20.0,19.0,6.0,11.0
2026-540,Wimbledon,Grass,128,G,O,20260702,96,D875,,WC,Grigor Dimitrov,R,191.0,BUL,35.129,146.0,407.0,M0NI,15.0,,Jakub Mensik,R,196.0,CZE,20.833,18.0,2255.0,7-6(5) 4-6 7-5 6-3,5,R64,206.0,8.0,6.0,131.0,93.0,68.0,20.0,19.0,12.0,14.0,27.0,4.0,128.0,103.0,73.0,14.0,19.0,5.0,6.0
2026-540,Wimbledon,Grass,128,G,O,20260703,97,SX50,,Q,Roman Safiullin,R,185.0,RUS,28.903,132.0,458.0,F0FV,24.0,,Joao Fonseca,R,188.0,BRA,19.866,27.0,1710.0,6-3 6-3 6-3,5,R32,112.0,1.0,0.0,83.0,58.0,45.0,13.0,13.0,5.0,5.0,4.0,1.0,97.0,74.0,45.0,9.0,12.0,11.0,15.0
2026-540,Wimbledon,Grass,128,G,O,20260703,98,M0HU,,Q,Shintaro Mochizuki,R,175.0,JPN,23.085,151.0,397.0,J0DZ,23.0,,Rafael Jodar,R,191.0,ESP,19.792,26.0,1839.0,1-6 7-6(5) 6-4 6-4,5,R32,179.0,1.0,3.0,114.0,54.0,37.0,27.0,17.0,6.0,13.0,12.0,4.0,133.0,80.0,47.0,26.0,19.0,12.0,19.0
2026-540,Wimbledon,Grass,128,G,O,20260703,99,D643,7.0,,Novak Djokovic,R,188.0,SRB,39.115,8.0,3760.0,RC91,25.0,,Arthur Rinderknech,R,196.0,FRA,30.946,28.0,1683.0,7-5 6-4 1-6 7-6(4),5,R32,186.0,12.0,3.0,109.0,78.0,53.0,23.0,20.0,2.0,5.0,20.0,4.0,108.0,68.0,56.0,26.0,21.0,6.0,9.0
2026-540,Wimbledon,Grass,128,G,O,20260703,100,S0AG,1.0,,Jannik Sinner,R,191.0,ITA,24.879,1.0,13450.0,B0CD,,,Jenson Brooksby,R,193.0,USA,25.684,81.0,720.0,6-4 6-3 6-4,5,R32,131.0,13.0,2.0,80.0,54.0,45.0,11.0,14.0,3.0,5.0,3.0,4.0,91.0,61.0,38.0,12.0,15.0,7.0,13.0
2026-540,Wimbledon,Grass,128,G,O,20260703,101,SL28,,,Jan-Lennard Struff,R,193.0,GER,36.189,74.0,804.0,MM58,8.0,,Daniil Medvedev,R,198.0,RUS,30.39,9.0,3580.0,7-6(4) 7-6(5) 7-5,5,R32,174.0,11.0,2.0,135.0,82.0,60.0,21.0,18.0,8.0,12.0,10.0,9.0,116.0,74.0,48.0,23.0,18.0,4.0,9.0
2026-540,Wimbledon,Grass,128,G,O,20260703,102,HB71,,,Hubert Hurkacz,R,196.0,POL,29.388,96.0,665.0,PL56,21.0,,Tommy Paul,R,185.0,USA,29.128,25.0,1925.0,4-6 7-6(5) 7-5 6-2,5,R32,190.0,20.0,1.0,134.0,79.0,64.0,29.0,21.0,4.0,5.0,6.0,6.0,138.0,80.0,57.0,34.0,21.0,4.0,7.0
2026-540,Wimbledon,Grass,128,G,O,20260703,103,DH50,22.0,,Alejandro Davidovich Fokina,R,180.0,ESP,27.077,23.0,2060.0,F724,,,Marton Fucsovics,R,188.0,HUN,34.398,76.0,781.0,7-6(3) 6-2 6-3,5,R32,142.0,7.0,1.0,87.0,65.0,52.0,16.0,15.0,4.0,4.0,7.0,8.0,121.0,64.0,43.0,29.0,14.0,12.0,15.0
2026-540,Wimbledon,Grass,128,G,O,20260703,104,AG37,3.0,,Felix Auger-Aliassime,R,193.0,CAN,25.9,29.0,1680.0,Z0BZ,,Q,Michael Zheng,R,188.0,USA,22.431,144.0,410.0,7-6(1) 6-2 6-1,5,R32,137.0,10.0,3.0,75.0,46.0,42.0,17.0,13.0,2.0,2.0,4.0,1.0,85.0,54.0,31.0,18.0,14.0,5.0,10.0
2026-540,Wimbledon,Grass,128,G,O,20260704,105,DH58,5.0,,Alex de Minaur,R,183.0,AUS,27.376,6.0,4110.0,S0K7,,,Zachary Svajda,R,175.0,USA,23.595,66.0,855.0,6-2 5-7 6-2 6-4,5,R32,161.0,7.0,3.0,116.0,67.0,46.0,29.0,19.0,7.0,11.0,10.0,2.0,121.0,71.0,52.0,15.0,19.0,10.0,18.0
2026-540,Wimbledon,Grass,128,G,O,20260704,106,C0E9,9.0,,Flavio Cobolli,R,183.0,ITA,24.162,10.0,3460.0,KE29,19.0,,Karen Khachanov,R,198.0,RUS,30.119,22.0,2080.0,0-6 7-6(4) 6-7(5) 6-2 6-2,5,R32,238.0,12.0,5.0,166.0,114.0,79.0,24.0,21.0,13.0,16.0,12.0,3.0,145.0,110.0,84.0,14.0,22.0,6.0,9.0
2026-540,Wimbledon,Grass,128,G,O,20260704,107,Z355,2.0,,Alexander Zverev,R,198.0,GER,29.202,3.0,7190.0,GC88,,,Marcos Giron,R,180.0,USA,32.942,92.0,680.0,6-2 7-6(4) 6-4,5,R32,155.0,17.0,3.0,96.0,70.0,54.0,14.0,15.0,3.0,4.0,1.0,2.0,112.0,71.0,55.0,14.0,15.0,16.0,20.0
2026-540,Wimbledon,Grass,128,G,O,20260704,108,L0BV,13.0,,Jiri Lehecka,R,185.0,CZE,24.652,14.0,2360.0,MU94,,,Jaume Munar,R,183.0,ESP,29.164,44.0,1075.0,6-4 6-4 4-6 6-4,5,R32,175.0,14.0,5.0,113.0,88.0,62.0,9.0,17.0,6.0,8.0,5.0,6.0,118.0,74.0,55.0,21.0,17.0,6.0,9.0
2026-540,Wimbledon,Grass,128,G,O,20260704,109,F0DM,,WC,Arthur Fery,R,175.0,GBR,23.978,114.0,547.0,BU13,,,Zizou Bergs,R,185.0,BEL,27.086,37.0,1250.0,2-6 7-5 2-6 7-6(3) 7-6(5),5,R32,266.0,5.0,4.0,190.0,126.0,88.0,23.0,26.0,5.0,13.0,14.0,14.0,169.0,104.0,77.0,27.0,26.0,4.0,9.0
2026-540,Wimbledon,Grass,128,G,O,20260704,110,BK92,10.0,,Alexander Bublik,R,196.0,KAZ,29.046,11.0,2620.0,TD51,17.0,,Frances Tiafoe,R,188.0,USA,28.452,19.0,2180.0,4-6 7-6(5) 7-6(11) 4-6 6-3,5,R32,247.0,48.0,6.0,169.0,116.0,100.0,27.0,27.0,7.0,9.0,12.0,7.0,190.0,113.0,86.0,46.0,26.0,9.0,10.0
2026-540,Wimbledon,Grass,128,G,O,20260704,111,FB98,6.0,,Taylor Fritz,R,196.0,USA,28.682,7.0,3765.0,SU87,,,Lorenzo Sonego,R,191.0,ITA,31.149,69.0,843.0,4-6 6-3 6-4 7-6(5),5,R32,153.0,13.0,1.0,124.0,87.0,69.0,24.0,21.0,4.0,5.0,16.0,2.0,122.0,94.0,70.0,15.0,20.0,2.0,4.0
2026-540,Wimbledon,Grass,128,G,O,20260704,112,D875,,WC,Grigor Dimitrov,R,191.0,BUL,35.135,146.0,407.0,BK40,,,Matteo Berrettini,R,196.0,ITA,30.225,51.0,985.0,6-3 6-4 3-6 5-7 6-3,5,R32,211.0,14.0,4.0,131.0,90.0,66.0,30.0,25.0,0.0,3.0,23.0,3.0,144.0,108.0,83.0,13.0,24.0,7.0,11.0
2026-540,Wimbledon,Grass,128,G,O,20260705,113,D643,7.0,,Novak Djokovic,R,188.0,SRB,39.121,8.0,3760.0,SX50,,Q,Roman Safiullin,R,185.0,RUS,28.909,132.0,458.0,7-6(6) 6-3 3-6 6-2,5,R16,198.0,9.0,3.0,111.0,89.0,61.0,9.0,17.0,10.0,14.0,6.0,2.0,93.0,77.0,51.0,6.0,16.0,4.0,9.0
2026-540,Wimbledon,Grass,128,G,O,20260705,114,AG37,3.0,,Felix Auger-Aliassime,R,193.0,CAN,25.906,29.0,1680.0,DH50,22.0,,Alejandro Davidovich Fokina,R,180.0,ESP,27.083,23.0,2060.0,6-7(4) 7-6(6) 6-3 6-7(2) 6-1,5,R16,272.0,27.0,4.0,176.0,114.0,89.0,34.0,27.0,6.0,7.0,10.0,7.0,172.0,120.0,87.0,28.0,25.0,12.0,16.0
2026-540,Wimbledon,Grass,128,G,O,20260705,115,SL28,,,Jan-Lennard Struff,R,193.0,GER,36.194,74.0,804.0,HB71,,,Hubert Hurkacz,R,196.0,POL,29.394,96.0,665.0,3-6 6-7(5) 7-6(2) 7-5 4-2 RET,5,R16,225.0,24.0,2.0,151.0,91.0,75.0,29.0,25.0,1.0,4.0,34.0,7.0,183.0,121.0,94.0,21.0,26.0,7.0,11.0
2026-540,Wimbledon,Grass,128,G,O,20260705,116,S0AG,1.0,,Jannik Sinner,R,191.0,ITA,24.884,1.0,13450.0,M0HU,,Q,Shintaro Mochizuki,R,175.0,JPN,23.091,151.0,397.0,6-3 7-6(0) 6-3,5,R16,147.0,15.0,3.0,85.0,60.0,49.0,15.0,14.0,2.0,2.0,4.0,3.0,115.0,61.0,45.0,24.0,16.0,8.0,12.0
2026-540,Wimbledon,Grass,128,G,O,20260706,117,C0E9,9.0,,Flavio Cobolli,R,183.0,ITA,24.167,10.0,3460.0,DH58,5.0,,Alex de Minaur,R,183.0,AUS,27.382,6.0,4110.0,7-5 7-6(4) 6-3,5,R16,155.0,3.0,5.0,99.0,55.0,42.0,21.0,17.0,3.0,7.0,5.0,5.0,113.0,57.0,39.0,24.0,16.0,12.0,18.0
2026-540,Wimbledon,Grass,128,G,O,20260706,118,FB98,6.0,,Taylor Fritz,R,196.0,USA,28.687,7.0,3765.0,BK92,10.0,,Alexander Bublik,R,196.0,KAZ,29.052,11.0,2620.0,7-6(1) 6-4 6-4,5,R16,98.0,23.0,1.0,93.0,57.0,51.0,20.0,16.0,2.0,3.0,13.0,5.0,85.0,63.0,49.0,7.0,16.0,1.0,4.0
2026-540,Wimbledon,Grass,128,G,O,20260706,119,F0DM,,WC,Arthur Fery,R,175.0,GBR,23.984,114.0,547.0,D875,,WC,Grigor Dimitrov,R,191.0,BUL,35.14,146.0,407.0,7-5 3-6 4-6 6-4 7-6(7),5,R16,240.0,6.0,0.0,168.0,102.0,70.0,37.0,26.0,5.0,9.0,18.0,6.0,147.0,98.0,80.0,23.0,27.0,5.0,9.0
2026-540,Wimbledon,Grass,128,G,O,20260707,120,S0AG,1.0,,Jannik Sinner,R,191.0,ITA,24.889,1.0,13450.0,SL28,,,Jan-Lennard Struff,R,193.0,GER,36.2,74.0,804.0,7-5 7-6(4) 6-3,5,QF,154.0,16.0,2.0,103.0,68.0,57.0,17.0,16.0,1.0,2.0,12.0,3.0,98.0,50.0,40.0,24.0,15.0,5.0,7.0
2026-540,Wimbledon,Grass,128,G,O,20260707,121,Z355,2.0,,Alexander Zverev,R,198.0,GER,29.21,3.0,7190.0,L0BV,13.0,,Jiri Lehecka,R,185.0,CZE,24.657,14.0,2360.0,6-4 7-5 3-6 6-3,5,R16,200.0,12.0,3.0,118.0,83.0,68.0,20.0,21.0,7.0,8.0,12.0,3.0,126.0,87.0,66.0,25.0,21.0,4.0,6.0
2026-540,Wimbledon,Grass,128,G,O,20260707,122,D643,7.0,,Novak Djokovic,R,188.0,SRB,39.127,8.0,3760.0,AG37,3.0,,Felix Auger-Aliassime,R,193.0,CAN,25.911,29.0,1680.0,7-6(10) 3-6 6-3 6-7(4) 7-6(4),5,QF,315.0,14.0,6.0,175.0,128.0,94.0,30.0,27.0,2.0,4.0,29.0,5.0,199.0,132.0,105.0,29.0,27.0,11.0,13.0
2026-540,Wimbledon,Grass,128,G,O,20260708,123,Z355,2.0,,Alexander Zverev,R,198.0,GER,29.216,3.0,7190.0,FB98,6.0,,Taylor Fritz,R,196.0,USA,28.693,7.0,3765.0,6-4 6-4 6-2,5,QF,118.0,13.0,2.0,73.0,55.0,41.0,14.0,13.0,4.0,4.0,17.0,2.0,87.0,60.0,42.0,12.0,14.0,2.0,6.0
2026-540,Wimbledon,Grass,128,G,O,20260708,124,F0DM,,WC,Arthur Fery,R,175.0,GBR,23.989,114.0,547.0,C0E9,9.0,,Flavio Cobolli,R,183.0,ITA,24.172,10.0,3460.0,6-4 7-6(4) 6-0,5,QF,133.0,8.0,1.0,82.0,57.0,44.0,16.0,14.0,3.0,4.0,6.0,2.0,96.0,71.0,47.0,7.0,14.0,4.0,9.0
2026-540,Wimbledon,Grass,128,G,O,20260710,125,Z355,2.0,,Alexander Zverev,R,198.0,GER,29.221,3.0,7190.0,F0DM,,WC,Arthur Fery,R,175.0,GBR,23.995,114.0,547.0,7-6(0) 6-2 6-4,5,SF,135.0,9.0,2.0,79.0,57.0,44.0,18.0,15.0,0.0,1.0,5.0,4.0,98.0,68.0,40.0,13.0,15.0,4.0,8.0
2026-540,Wimbledon,Grass,128,G,O,20260710,126,S0AG,1.0,,Jannik Sinner,R,191.0,ITA,24.898,1.0,13450.0,D643,7.0,,Novak Djokovic,R,188.0,SRB,39.135,8.0,3760.0,6-4 6-4 6-3,5,SF,127.0,13.0,0.0,72.0,45.0,39.0,16.0,13.0,1.0,1.0,8.0,3.0,97.0,61.0,46.0,13.0,14.0,10.0,13.0
2026-540,Wimbledon,Grass,128,G,O,20260712,127,S0AG,1.0,,Jannik Sinner,R,191.0,ITA,24.903,1.0,13450.0,Z355,2.0,,Alexander Zverev,R,198.0,GER,29.227,3.0,7190.0,6-7(7) 7-6(2) 6-3 6-4,5,F,226.0,15.0,2.0,130.0,86.0,69.0,29.0,21.0,1.0,1.0,17.0,2.0,138.0,111.0,79.0,17.0,21.0,3.0,5.0
